Position,Name,Number of babies
1,Nicola,935
2,Karen,825
3,Fiona,793
4,Susan,763
5,Claire,727
6,Sharon,720
7,Angela,660
8,Gillian,577
9,Julie,576
10,Michelle,531
11,Jacqueline,505
12,Amanda,502
13,Tracy,498
14,Louise,491
15,Jennifer,470
16,Alison,453
17,Sarah,402
18,Donna,398
19,Caroline,396
20,Elaine,390
21,Lynn,376
22,Margaret,375
23,Elizabeth,346
24,Lesley,341
25,Deborah,340
26,Pauline,338
27,Lorraine,336
28,Laura,335
29=,Lisa,334
29=,Tracey,334
31,Carol,319
32,Linda,316
33,Lorna,314
34,Catherine,298
35,Wendy,290
36=,Lynne,284
36=,Yvonne,284
38,Pamela,282
39,Kirsty,281
40,Jane,274
41,Emma,264
42,Joanne,262
43=,Heather,253
43=,Suzanne,253
45,Anne,238
46,Diane,229
47,Helen,219
48,Victoria,215
49,Dawn,210
50=,Mary,200
50=,Samantha,200
52,Marie,190
53,Kerry,187
54,Ann,180
55,Hazel,178
56,Christine,175
57,Gail,169
58,Andrea,158
59,Clare,157
60,Sandra,150
61,Shona,148
62,Kathleen,143
63,Paula,137
64,Shirley,135
65,Denise,128
66,Melanie,126
67,Patricia,123
68=,Audrey,119
68=,Ruth,119
70,Jill,114
71=,Lee,109
71=,Leigh,109
73,Catriona,107
74,Rachel,106
75,Morag,102
76,Kirsten,98
77,Kirsteen,97
78,Katrina,96
79,Joanna,94
80,Lynsey,92
81=,Cheryl,91
81=,Debbie,91
83,Maureen,90
84,Janet,88
85=,Aileen,87
85=,Arlene,87
85=,Zoe,87
88,Lindsay,86
89,Stephanie,84
90,Judith,82
91,Mandy,79
92=,Jillian,78
92=,Mhairi,78
94=,Barbara,75
94=,Carolyn,75
96=,Gayle,74
96=,Maria,74
96=,Valerie,74
99=,Christina,73
99=,Marion,73
101,Frances,72
102,Michele,67
103,Lynda,66
104=,Eileen,65
104=,Janice,65
106=,Kathryn,61
106=,Kim,61
108=,Allison,60
108=,Julia,60
110=,Alexandra,59
110=,Mairi,59
112,Irene,58
113,Rhona,57
114=,Carole,55
114=,Katherine,55
116=,Kelly,54
116=,Nichola,54
118,Anna,53
119=,Jean,52
119=,Lucy,52
119=,Rebecca,52
119=,Sally,52
119=,Teresa,52
124=,Adele,50
124=,Lindsey,50
124=,Natalie,50
124=,Sara,50
128,Lyn,48
129,Ashley,47
130=,Brenda,45
130=,Moira,45
132,Rosemary,44
133=,Dianne,43
133=,Kay,43
135=,Eleanor,42
135=,June,42
137=,Geraldine,40
137=,Marianne,40
139=,Beverley,39
139=,Evelyn,39
141,Leanne,38
142=,Kirstie,37
142=,Theresa,37
144=,Agnes,36
144=,Charlotte,36
144=,Joan,36
144=,Sheila,36
148=,Clair,34
148=,Hilary,34
148=,Jayne,34
148=,Sonia,34
148=,Vivienne,34
153=,Carla,33
153=,Ellen,33
153=,Emily,33
153=,Morven,33
157=,Debra,32
157=,Janette,32
159=,Gaynor,31
159=,Rachael,31
159=,Veronica,31
159=,Vicky,31
163=,Colette,30
163=,Lyndsay,30
163=,Maxine,30
163=,Nicole,30
163=,Sonya,30
163=,Susanne,30
169=,Alice,29
169=,Georgina,29
169=,Sheena,29
172=,Leona,28
172=,Tanya,28
174=,Annette,27
174=,Joyce,27
176=,Ailsa,26
176=,Avril,26
176=,Iona,26
176=,Isobel,26
176=,Josephine,26
176=,Kimberley,26
176=,Sylvia,26
183=,Lara,24
183=,Linzi,24
183=,Siobhan,24
183=,Vanessa,24
187=,Bernadette,23
187=,Natasha,23
189,Monica,22
190=,Esther,21
190=,Hayley,21
190=,Isabella,21
190=,Rose,21
190=,Roslyn,21
190=,Tara,21
196=,Adrienne,20
196=,Carrie,20
196=,Isabel,20
196=,Jan,20
196=,Janine,20
196=,Justine,20
196=,Kirstin,20
196=,Norma,20
196=,Rona,20
196=,Shelley,20
206=,Anne-Marie,19
206=,Cara,19
206=,Eilidh,19
206=,Grace,19
206=,Gwen,19
206=,Isla,19
206=,Vikki,19
213=,Deirdre,18
213=,Elspeth,18
213=,Faye,18
213=,Joy,18
213=,Kara,18
213=,Louisa,18
213=,Naomi,18
213=,Rosalind,18
213=,Vicki,18
222=,Amy,17
222=,Hannah,17
222=,Heidi,17
222=,Leah,17
222=,Lee-Ann,17
222=,Lyndsey,17
222=,Rhonda,17
229=,Anita,16
229=,Annie,16
229=,April,16
229=,Charmaine,16
229=,Dorothy,16
229=,Lynsay,16
229=,Nadine,16
229=,Penny,16
229=,Sharron,16
229=,Stacey,16
239=,Charlene,15
239=,Collette,15
239=,Corinne,15
239=,Kate,15
239=,Katharine,15
239=,Kerri,15
239=,Kerrie,15
239=,Linsey,15
239=,Marjorie,15
239=,Melissa,15
249=,Helena,14
249=,Jeanette,14
249=,Marlene,14
249=,Miranda,14
249=,Roseann,14
254=,Alana,13
254=,Anthea,13
254=,Morna,13
257=,Andrina,12
257=,Carol-Ann,12
257=,Doreen,12
257=,Juliet,12
257=,Lauren,12
257=,Nina,12
257=,Nyree,12
257=,Sarah-Jane,12
257=,Sharlene,12
257=,Simone,12
267=,Beverly,11
267=,Cindy,11
267=,Diana,11
267=,Dionne,11
267=,Jacquelyn,11
267=,Jenny,11
267=,Johanne,11
267=,Margo,11
267=,Marina,11
267=,Nancy,11
267=,Trudy,11
267=,Vivien,11
267=,Wilma,11
280=,Abigail,10
280=,Alexis,10
280=,Alyson,10
280=,Angie,10
280=,Ann-Marie,10
280=,Annmarie,10
280=,Belinda,10
280=,Carolann,10
280=,Carolanne,10
280=,Eva,10
280=,Eve,10
280=,Glenda,10
280=,Johanna,10
280=,Karin,10
280=,Kellie,10
280=,Loraine,10
280=,Lynette,10
280=,Nadia,10
280=,Penelope,10
280=,Roberta,10
280=,Tina,10
301=,Gael,9
301=,Gina,9
301=,Ingrid,9
301=,Lea,9
301=,Marjory,9
301=,Miriam,9
301=,Philippa,9
301=,Senga,9
301=,Shonagh,9
301=,Sophie,9
311=,Catrina,8
311=,Claudine,8
311=,Constance,8
311=,Edith,8
311=,Erica,8
311=,Katriona,8
311=,Keli,8
311=,Keri,8
311=,Kristina,8
311=,Laurie,8
311=,Lucinda,8
311=,Mari,8
311=,Marlyn,8
311=,Olivia,8
311=,Paulene,8
311=,Selina,8
311=,Seonaid,8
311=,Vivian,8
311=,Williamina,8
330=,Alexandria,7
330=,Angeline,7
330=,Antonia,7
330=,Bridget,7
330=,Candice,7
330=,Carolyne,7
330=,Cherie,7
330=,Colleen,7
330=,Connie,7
330=,Daniella,7
330=,Francesca,7
330=,Gwendoline,7
330=,Jessie,7
330=,Jocelyn,7
330=,Judy,7
330=,Karina,7
330=,Kaye,7
330=,Kimberly,7
330=,Lee-Anne,7
330=,Lillian,7
330=,Marian,7
330=,Martha,7
330=,May,7
330=,Roisin,7
330=,Shelagh,7
330=,Sophia,7
330=,Susanna,7
357=,Aimee,6
357=,Amanda-Jane,6
357=,Amber,6
357=,Beth,6
357=,Caren,6
357=,Claudia,6
357=,Corrine,6
357=,Euphemia,6
357=,Jessica,6
357=,Katie,6
357=,Leeanne,6
357=,Leila,6
357=,Lilian,6
357=,Liza,6
357=,Madeleine,6
357=,Marcia,6
357=,Maree,6
357=,Marilyn,6
357=,Marisa,6
357=,Myra,6
357=,Olga,6
357=,Sasha,6
357=,Sharleen,6
357=,Sian,6
357=,Sonja,6
357=,Tammy,6
357=,Tania,6
357=,Teri,6
357=,Tessa,6
357=,Toni,6
357=,Tricia,6
357=,Yasmin,6
389=,Alexa,5
389=,Amelia,5
389=,Andrena,5
389=,Annabel,5
389=,Annemarie,5
389=,Arleen,5
389=,Carmen,5
389=,Cecilia,5
389=,Chloe,5
389=,Corrie,5
389=,Dana,5
389=,Danielle,5
389=,Davina,5
389=,Deanne,5
389=,Elisabeth,5
389=,Elise,5
389=,Estelle,5
389=,Florence,5
389=,Francine,5
389=,Georgia,5
389=,Henrietta,5
389=,Jade,5
389=,Jeanie,5
389=,Jo-Anne,5
389=,Jody,5
389=,Julie-Ann,5
389=,Juliette,5
389=,Kareen,5
389=,Kirstine,5
389=,Kristeen,5
389=,Lana,5
389=,Leigh-Ann,5
389=,Lesley-Ann,5
389=,Leslie,5
389=,Linsay,5
389=,Lois,5
389=,Lucie,5
389=,Lucille,5
389=,Madeline,5
389=,Marnie,5
389=,Nora,5
389=,Noreen,5
389=,Rae,5
389=,Rhoda,5
389=,Robyn,5
389=,Sacha,5
389=,Sandie,5
389=,Sheryl,5
389=,Shiona,5
389=,Sinead,5
389=,Stella,5
389=,Una,5
389=,Vari,5
389=,Violet,5
389=,Zara,5
444=,Ailie,4
444=,Alaine,4
444=,Alanna,4
444=,Allyson,4
444=,Andria,4
444=,Bianca,4
444=,Billie,4
444=,Caireen,4
444=,Carol-Anne,4
444=,Caron,4
444=,Cathleen,4
444=,Christian,4
444=,Coleen,4
444=,Dennise,4
444=,Donalda,4
444=,Evonne,4
444=,Fay,4
444=,Harriet,4
444=,Holly,4
444=,Janie,4
444=,Janis,4
444=,Jenifer,4
444=,Jodi,4
444=,Johann,4
444=,Karan,4
444=,Kari,4
444=,Katy,4
444=,Keira,4
444=,Kristine,4
444=,Layla,4
444=,Leeann,4
444=,Leigh-Anne,4
444=,Leonora,4
444=,Lianne,4
444=,Lindy,4
444=,Lynnette,4
444=,Marissa,4
444=,Marsha,4
444=,Megan,4
444=,Monique,4
444=,Nicolette,4
444=,Norah,4
444=,Phyllis,4
444=,Rhian,4
444=,Rosaleen,4
444=,Rosalyn,4
444=,Rosemarie,4
444=,Rowan,4
444=,Saira,4
444=,Shauna,4
444=,Shazia,4
444=,Stacy,4
444=,Susannah,4
444=,Tamara,4
444=,Terri,4
444=,Terry,4
444=,Therese,4
444=,Trudi,4
444=,Vanda,4
444=,Verity,4
444=,Vickie,4
444=,Wanda,4
444=,Yvette,4
444=,Zoey,4
508=,Adeline,3
508=,Aimi,3
508=,Ainsley,3
508=,Ainslie,3
508=,Alexandrina,3
508=,Anastasia,3
508=,Anna-Marie,3
508=,Annabell,3
508=,Camilla,3
508=,Carina,3
508=,Carly,3
508=,Catherina,3
508=,Cathryn,3
508=,Charis,3
508=,Charlaine,3
508=,Corinna,3
508=,Corrina,3
508=,Cristina,3
508=,Darlene,3
508=,Debora,3
508=,Delia,3
508=,Della,3
508=,Dona,3
508=,Elena,3
508=,Elinor,3
508=,Emma-Jane,3
508=,Eunice,3
508=,Felicity,3
508=,Fionnuala,3
508=,Gabrielle,3
508=,Gloria,3
508=,Greer,3
508=,Ilene,3
508=,Imogen,3
508=,Iris,3
508=,Ishbel,3
508=,Jeannette,3
508=,Jemima,3
508=,Jilly,3
508=,Joann,3
508=,Johan,3
508=,Julie-Anne,3
508=,Karla,3
508=,Karra,3
508=,Karyn,3
508=,Katrine,3
508=,Kelley,3
508=,Kelli,3
508=,Kerry-Anne,3
508=,Kirsta,3
508=,Kirstien,3
508=,Krista,3
508=,Kristen,3
508=,Kristi,3
508=,Kristian,3
508=,Krysia,3
508=,Kyra,3
508=,Leann,3
508=,Leanna,3
508=,Lena,3
508=,Leza,3
508=,Liana,3
508=,Lisa-Marie,3
508=,Lorette,3
508=,Lydia,3
508=,Mairead,3
508=,Martina,3
508=,Muriel,3
508=,Parveen,3
508=,Pauleen,3
508=,Polly,3
508=,Rania,3
508=,Rita,3
508=,Rosanne,3
508=,Samantha-Jane,3
508=,Shane,3
508=,Sharlyn,3
508=,Sheelagh,3
508=,Sheona,3
508=,Sheree,3
508=,Suzanna,3
508=,Suzy,3
508=,Thea,3
508=,Tonya,3
508=,Vera,3
508=,Yuen,3
594=,Alena,2
594=,Alix,2
594=,Allana,2
594=,Allanna,2
594=,Alma,2
594=,Angelina,2
594=,Anji,2
594=,Annamarie,2
594=,Anneli,2
594=,Annelise,2
594=,Antoinette,2
594=,Ava,2
594=,Averil,2
594=,Ayshea,2
594=,Bernice,2
594=,Betsy,2
594=,Betty,2
594=,Briony,2
594=,Bushra,2
594=,Cali,2
594=,Carey,2
594=,Cari,2
594=,Carolan,2
594=,Carolina,2
594=,Carolynn,2
594=,Carrie-Anne,2
594=,Carron,2
594=,Catharine,2
594=,Celeste,2
594=,Celia,2
594=,Celine,2
594=,Ceri,2
594=,Chelsey,2
594=,Cherelle,2
594=,Cherry,2
594=,Cheryll,2
594=,Choi,2
594=,Chrisma,2
594=,Clarissa,2
594=,Clayre,2
594=,Clea,2
594=,Coreen,2
594=,Cornelia,2
594=,Courtney,2
594=,Dagmar,2
594=,Daniela,2
594=,Debbi,2
594=,Desiree,2
594=,Dian,2
594=,Donella,2
594=,Donna-Marie,2
594=,Dorcas,2
594=,Elisabetta,2
594=,Eliza,2
594=,Elma,2
594=,Eloise,2
594=,Elsa,2
594=,Elsie,2
594=,Emer,2
594=,Erika,2
594=,Esme,2
594=,Faith,2
594=,Farhat,2
594=,Fionna,2
594=,Flora,2
594=,Freya,2
594=,Gay,2
594=,Giulia,2
594=,Gwendolyn,2
594=,Haley,2
594=,Hebah,2
594=,Helene,2
594=,Hellen,2
594=,Heloise,2
594=,Hester,2
594=,Ilona,2
594=,Ina,2
594=,Inga,2
594=,Ivonne,2
594=,Jackie,2
594=,Jacqualine,2
594=,Janeen,2
594=,Jaqueline,2
594=,Jasmine,2
594=,Jeanne,2
594=,Jemma,2
594=,Jennie,2
594=,Jo,2
594=,Jo-Ann,2
594=,Jodie,2
594=,John,2
594=,Joni,2
594=,Julianne,2
594=,Karen-Louise,2
594=,Karis,2
594=,Karlyn,2
594=,Karrie,2
594=,Katheryn,2
594=,Kathrine,2
594=,Kelda,2
594=,Kellie-Ann,2
594=,Kirstene,2
594=,Kirsti,2
594=,Kirstina,2
594=,Kirstyn,2
594=,Kwai,2
594=,Kylie,2
594=,Kym,2
594=,Laila,2
594=,Larissa,2
594=,Larraine,2
594=,Lauraine,2
594=,Lea-Anne,2
594=,Leaona,2
594=,Leesa,2
594=,Lenore,2
594=,Leoni,2
594=,Letitia,2
594=,Li,2
594=,Liane,2
594=,Lily,2
594=,Ling,2
594=,Linzie,2
594=,Lissa,2
594=,Lizanne,2
594=,Lorena,2
594=,Loretta,2
594=,Lucia,2
594=,Luisa,2
594=,Luise,2
594=,Lynore,2
594=,Madelaine,2
594=,Maeve,2
594=,Maggie,2
594=,Mai,2
594=,Marcella,2
594=,Margot,2
594=,Marie-Ann,2
594=,Marney,2
594=,Marni,2
594=,Marrianne,2
594=,Maryann,2
594=,Maryanne,2
594=,Maryjane,2
594=,Matilda,2
594=,Maura,2
594=,Maya,2
594=,Meave,2
594=,Mellissa,2
594=,Meredith,2
594=,Mhari,2
594=,Michaela,2
594=,Mona,2
594=,Moyra,2
594=,Mylene,2
594=,Nan,2
594=,Narelle,2
594=,Nathalie,2
594=,Nazia,2
594=,Nicki,2
594=,Nickola,2
594=,Nicolla,2
594=,Nicolle,2
594=,Nikki,2
594=,Nirmal,2
594=,Nisha,2
594=,Nuala,2
594=,Pamella,2
594=,Paul,2
594=,Petra,2
594=,Petrina,2
594=,Rachelle,2
594=,Raelene,2
594=,Rebekah,2
594=,Reena,2
594=,Rena,2
594=,Renee,2
594=,Rhea,2
594=,Robert,2
594=,Robina,2
594=,Romila,2
594=,Rosalin,2
594=,Rosamund,2
594=,Rosanna,2
594=,Roseanne,2
594=,Rosslyn,2
594=,Rosslynn,2
594=,Rowena,2
594=,Rupinder,2
594=,Sadie,2
594=,Saima,2
594=,Salma,2
594=,Samina,2
594=,Selena,2
594=,Serena,2
594=,Shabana,2
594=,Shaheen,2
594=,Shameem,2
594=,Sharan,2
594=,Shareen,2
594=,Sharren,2
594=,Sherry,2
594=,Sorcha,2
594=,Stephannie,2
594=,Stroma,2
594=,Tammie,2
594=,Tasneem,2
594=,Thomasina,2
594=,Tracie,2
594=,Ursula,2
594=,Uzma,2
594=,Wai,2
594=,Winifred,2
594=,Yolanda,2
594=,Yolande,2
594=,Zandra,2
810=,Aalia,1
810=,Abadah,1
810=,Abbey,1
810=,Abida,1
810=,Ada,1
810=,Adalaine,1
810=,Adalbjorg,1
810=,Adel,1
810=,Adelaide,1
810=,Adelle,1
810=,Aditi,1
810=,Adriana,1
810=,Adrianne,1
810=,Afshan,1
810=,Ailaidh,1
810=,Aimie,1
810=,Ainnia,1
810=,Aisha,1
810=,Aisling,1
810=,Alain,1
810=,Alex,1
810=,Alexine,1
810=,Ali,1
810=,Alicia,1
810=,Alienor,1
810=,Aline,1
810=,Alisa,1
810=,Alisha,1
810=,Alissa,1
810=,Alka,1
810=,Allene,1
810=,Almanda,1
810=,Alona,1
810=,Alvina,1
810=,Alvise,1
810=,Alwyn,1
810=,Ama,1
810=,Amand,1
810=,Amanda-Jayne,1
810=,Amat-Ul,1
810=,Amita,1
810=,Ana,1
810=,Anabel,1
810=,Andreana,1
810=,Andreena,1
810=,Andrewina,1
810=,Andriena,1
810=,Andrinna,1
810=,Andromeda,1
810=,Andwina,1
810=,Aneela,1
810=,Aness,1
810=,Angelene,1
810=,Angelia,1
810=,Angelique,1
810=,Angelita,1
810=,Angelle,1
810=,Angharad,1
810=,Anisa,1
810=,Anja,1
810=,Anjim,1
810=,Anna-Katrina,1
810=,Anna-Lise,1
810=,Anna-Louise,1
810=,Anna-Maria,1
810=,Annabella,1
810=,Annalee,1
810=,Annaline,1
810=,Annamaria,1
810=,Annavore,1
810=,Anndreana,1
810=,Anneliese,1
810=,Ansley,1
810=,Anupam,1
810=,Anwar,1
810=,Anya,1
810=,Ara,1
810=,Areena,1
810=,Arianne,1
810=,Arlane,1
810=,Arlenne,1
810=,Arlette,1
810=,Arline,1
810=,Arona,1
810=,Arshaluse,1
810=,Ase-Kristin,1
810=,Aseeia,1
810=,Asfia,1
810=,Asha,1
810=,Ashleigh,1
810=,Ashlene,1
810=,Ashley-Jo,1
810=,Asma,1
810=,Asra,1
810=,Astrid,1
810=,Atinuke,1
810=,Aubren,1
810=,Audra,1
810=,Autumn,1
810=,Ayeshea,1
810=,Ayse,1
810=,Azra,1
810=,Babette,1
810=,Bade,1
810=,Baltit,1
810=,Balwinder,1
810=,Barbara-Anne,1
810=,Barbra,1
810=,Beatrice,1
810=,Benedicte,1
810=,Bernardette,1
810=,Beverlee,1
810=,Bhupinder,1
810=,Bianca-Louise,1
810=,Bibiana,1
810=,Bik,1
810=,Billie-Jo,1
810=,Bilquis,1
810=,Blyth,1
810=,Bobbie,1
810=,Bonetta,1
810=,Bonnie,1
810=,Bozena,1
810=,Brandy,1
810=,Breigh,1
810=,Brian,1
810=,Bridgene,1
810=,Brigid,1
810=,Bronia,1
810=,Brooke,1
810=,Bryony,1
810=,Buffy,1
810=,Cailinn,1
810=,Caira,1
810=,Cairan,1
810=,Cameille,1
810=,Campbell,1
810=,Candy,1
810=,Cara-Louise,1
810=,Cara-Lyn,1
810=,Caralyn,1
810=,Caralynn,1
810=,Carean,1
810=,Carene,1
810=,Carianne,1
810=,Carin,1
810=,Carla-Anne,1
810=,Carlanne,1
810=,Carlene,1
810=,Carli,1
810=,Carlin,1
810=,Carlina,1
810=,Carlyn,1
810=,Carlynn,1
810=,Carn,1
810=,Carri,1
810=,Carrianne,1
810=,Carrie-Ann,1
810=,Carriean,1
810=,Carthagena,1
810=,Caryann,1
810=,Caryll,1
810=,Caryn,1
810=,Carys,1
810=,Casfa,1
810=,Cassandra,1
810=,Caterina,1
810=,Catherin,1
810=,Cathlene,1
810=,Catina,1
810=,Catreona,1
810=,Catrine,1
810=,Catrona,1
810=,Catronia,1
810=,Caulette,1
810=,Cecile,1
810=,Celesbial,1
810=,Chaitali,1
810=,Chanel,1
810=,Chantal,1
810=,Charelle,1
810=,Charissa,1
810=,Charity,1
810=,Charlanne,1
810=,Charline,1
810=,Charmian,1
810=,Charni,1
810=,Chau,1
810=,Cheri,1
810=,Cherise,1
810=,Cherris,1
810=,Cheryline,1
810=,Chevan,1
810=,Chiara,1
810=,Chrisann,1
810=,Chrisanna,1
810=,Chrisanne,1
810=,Chrissie,1
810=,Christan,1
810=,Christeen,1
810=,Christel,1
810=,Christene,1
810=,Christianne,1
810=,Christy,1
810=,Ciona,1
810=,Cirsty,1
810=,Claddia,1
810=,Claire-Marie,1
810=,Clara,1
810=,Clare-Ann,1
810=,Clementine,1
810=,Cleonie,1
810=,Clinton,1
810=,Clionagh,1
810=,Colina,1
810=,Cora,1
810=,Coral,1
810=,Coralie,1
810=,Coralynne,1
810=,Cordeilla,1
810=,Cori,1
810=,Corina,1
810=,Corley,1
810=,Correen,1
810=,Correne,1
810=,Corrinna,1
810=,Cory,1
810=,Cyndie,1
810=,Cynthia,1
810=,Cyrena,1
810=,Daen,1
810=,Daisy,1
810=,Dale,1
810=,Dalia,1
810=,Danielia,1
810=,Daria,1
810=,Darice,1
810=,Darla,1
810=,Darlaine,1
810=,Darleen,1
810=,Daunne,1
810=,David,1
810=,Davidina,1
810=,Dawn-Maree,1
810=,Dawna,1
810=,Dawne,1
810=,Dawnmarie,1
810=,Dawnna,1
810=,Deaonne,1
810=,Debbie-Anne,1
810=,Deborah-Ann,1
810=,Dee,1
810=,Deeba,1
810=,Deidre,1
810=,Deirdrie,1
810=,Delanie,1
810=,Delphine,1
810=,Delyth,1
810=,Dena,1
810=,Denice,1
810=,Denize,1
810=,Denyse,1
810=,Derna,1
810=,Desirae,1
810=,Devinder,1
810=,Deziree,1
810=,Diahann,1
810=,Dietke,1
810=,Dina,1
810=,Dineo,1
810=,Dione,1
810=,Dominica,1
810=,Dominie,1
810=,Donagh,1
810=,Donald,1
810=,Donijka,1
810=,Donna-Louise,1
810=,Doranne,1
810=,Doris,1
810=,Dorna,1
810=,Dulsie,1
810=,Dvanessa,1
810=,Dyanne,1
810=,Easter,1
810=,Ebony,1
810=,Ebru,1
810=,Edain,1
810=,Edele,1
810=,Edwina,1
810=,Eenbar,1
810=,Eila,1
810=,Eilaine,1
810=,Eilanda,1
810=,Ekpeleamaka,1
810=,Elaina,1
810=,Elayne,1
810=,Eleanora,1
810=,Elenore,1
810=,Eleonor,1
810=,Elishia,1
810=,Elissa,1
810=,Elizabeth-Ann,1
810=,Elizabeth-Anne,1
810=,Ella,1
810=,Ellieh,1
810=,Ellison,1
810=,Eloisa,1
810=,Els,1
810=,Elspet,1
810=,Elyse,1
810=,Ema,1
810=,Eman,1
810=,Emilia,1
810=,Emma-Jay,1
810=,Emma-Louise,1
810=,Emmeline,1
810=,Encarnita,1
810=,Erin,1
810=,Ester,1
810=,Etive,1
810=,Eutilia,1
810=,Evette,1
810=,Fadelma,1
810=,Faheem,1
810=,Fahmeeda,1
810=,Faiqa,1
810=,Farah,1
810=,Farat,1
810=,Farhana,1
810=,Fatemah,1
810=,Fehmeeda,1
810=,Felicia,1
810=,Ferdosh,1
810=,Feriah,1
810=,Ferlin,1
810=,Finan,1
810=,Fionn,1
810=,Foye,1
810=,Frances-Anne,1
810=,Francetta,1
810=,Freda,1
810=,Freyja,1
810=,Frosoulla,1
810=,Fyona,1
810=,Gala,1
810=,Gale,1
810=,Garveen,1
810=,Gary,1
810=,Gaye,1
810=,Gaylene,1
810=,Gayner,1
810=,Gaynore,1
810=,Geeta,1
810=,Gemma,1
810=,Genene,1
810=,Genista,1
810=,George,1
810=,Georgette,1
810=,Georgine,1
810=,Geradine,1
810=,Geraldene,1
810=,Gerda,1
810=,Germana,1
810=,Ghzala,1
810=,Gillianesther,1
810=,Gilliann,1
810=,Giselle,1
810=,Giuliana,1
810=,Gladys,1
810=,Glenys,1
810=,Glynis,1
810=,Glynnis,1
810=,Gordina,1
810=,Grainne,1
810=,Gudrun,1
810=,Gullniz,1
810=,Gulseren,1
810=,Gwenne,1
810=,Gwyneth,1
810=,Hailey,1
810=,Hamsa,1
810=,Hania,1
810=,Hanne,1
810=,Harjean,1
810=,Harjinder,1
810=,Harminder,1
810=,Hazel-Ann,1
810=,Heather-Mairi,1
810=,Heathermay,1
810=,Hedda,1
810=,Heidi-Louise,1
810=,Heleanor,1
810=,Helga,1
810=,Hellinska,1
810=,Hilda,1
810=,Hilde,1
810=,Hind,1
810=,Hollie,1
810=,Homa,1
810=,Honey,1
810=,Honor,1
810=,Hsuehmei,1
810=,Ianswythe,1
810=,Idell,1
810=,Ifeoma,1
810=,Ilana,1
810=,Ilham,1
810=,Illona,1
810=,Ilse,1
810=,Imelda,1
810=,Immacolata,1
810=,Imose,1
810=,Inderjit,1
810=,Inge,1
810=,Ingeborg,1
810=,Innes,1
810=,Iram,1
810=,Irena,1
810=,Irenie,1
810=,Isabell,1
810=,Ishabel,1
810=,Islaen,1
810=,Islay,1
810=,Isolde,1
810=,Ivy,1
810=,Jacinta,1
810=,Jackalyn,1
810=,Jackeline,1
810=,Jackson,1
810=,Jacquelynn,1
810=,Jacqui,1
810=,Jagdeep,1
810=,Jagmfet,1
810=,Jaine,1
810=,Jaklyn,1
810=,Jamesina,1
810=,Jan-Marie,1
810=,Jane-Marie,1
810=,Janeane,1
810=,Janeeta,1
810=,Janetta,1
810=,Janey,1
810=,Janferie,1
810=,Janka,1
810=,Jaqualine,1
810=,Jasmina,1
810=,Jaswant,1
810=,Jean-Marie,1
810=,Jeanna,1
810=,Jeannie,1
810=,Jena,1
810=,Jenda,1
810=,Jenefer,1
810=,Jeneth,1
810=,Jenna,1
810=,Jennyfer,1
810=,Jessa,1
810=,Jetta,1
810=,Jhovana,1
810=,Jinny,1
810=,Jinty,1
810=,Joanna-Marie,1
810=,Joannah,1
810=,Joanne-Lee,1
810=,Jocasta,1
810=,Jodhi,1
810=,Joe-Ann,1
810=,Johane,1
810=,Johcelian,1
810=,Johnann,1
810=,Johnanna,1
810=,Jolanda,1
810=,Jolene,1
810=,Jorie,1
810=,Joseph,1
810=,Joy-Ann,1
810=,Jozann,1
810=,Jude,1
810=,Juli,1
810=,Julian,1
810=,Julianna,1
810=,Juniper,1
810=,Ka,1
810=,Kae,1
810=,Kaera,1
810=,Kairo,1
810=,Kama,1
810=,Kamaljit,1
810=,Kandy,1
810=,Karen-Ann,1
810=,Karena,1
810=,Karima,1
810=,Karine,1
810=,Karleen,1
810=,Karlene,1
810=,Karlin,1
810=,Karne,1
810=,Karolyn,1
810=,Karon,1
810=,Karren,1
810=,Karrien,1
810=,Kasha,1
810=,Katarina,1
810=,Katerina,1
810=,Katey,1
810=,Katha,1
810=,Kathlene,1
810=,Kathy,1
810=,Kati,1
810=,Katrien,1
810=,Katrinaa,1
810=,Katryn,1
810=,Katya,1
810=,Kavil,1
810=,Kawal,1
810=,Keeley,1
810=,Keir,1
810=,Kelly-Anne,1
810=,Kemi,1
810=,Kendal,1
810=,Kendra,1
810=,Kenna,1
810=,Kereen,1
810=,Keren,1
810=,Kerena,1
810=,Kerky,1
810=,Kerra,1
810=,Kerray,1
810=,Kerray-Anne,1
810=,Kerri-Ann,1
810=,Kerrie-Ann,1
810=,Kerryann,1
810=,Kerstin,1
810=,Keziah,1
810=,Khadine,1
810=,Kiasty,1
810=,Killian,1
810=,Kimber,1
810=,Kira,1
810=,Kirstein,1
810=,Kirstey,1
810=,Kirstin-Shona,1
810=,Kirsty-Ann,1
810=,Kiva,1
810=,Kjersti,1
810=,Klventh,1
810=,Korena,1
810=,Krischa,1
810=,Kristan,1
810=,Kristy,1
810=,Krysta,1
810=,Kulveer,1
810=,Kyla,1
810=,Kymberley,1
810=,Lada,1
810=,Ladyemma,1
810=,Lalainia,1
810=,Lalita,1
810=,Laraine,1
810=,Larna,1
810=,Lasuru,1
810=,Latifa,1
810=,Laura-Ann,1
810=,Laura-Jane,1
810=,Laura-Jo,1
810=,Laurae,1
810=,Laurena,1
810=,Lauri,1
810=,Laurn,1
810=,Laurna,1
810=,Lavinia,1
810=,Layna,1
810=,Leagh,1
810=,Leanda,1
810=,Leanor,1
810=,Leasa,1
810=,Leeanna,1
810=,Leeon,1
810=,Lefona,1
810=,Leighann,1
810=,Leisha,1
810=,Lela,1
810=,Lene,1
810=,Lenel,1
810=,Leonna,1
810=,Leore,1
810=,Lesa,1
810=,Lesley-Anne,1
810=,Lesleyann,1
810=,Lesleyanne,1
810=,Lewelle,1
810=,Lezza,1
810=,Lian,1
810=,Liann,1
810=,Licia,1
810=,Lidia,1
810=,Lilias,1
810=,Lillias,1
810=,Liming,1
810=,Lina,1
810=,Lindsay-Anne,1
810=,Lindsaye,1
810=,Lindsy,1
810=,Linette,1
810=,Linn,1
810=,Linzey,1
810=,Lisa-Claire,1
810=,Lisette,1
810=,Lola,1
810=,Lorain,1
810=,Lorainne,1
810=,Loramay,1
810=,Loran,1
810=,Lorelle,1
810=,Loren,1
810=,Lori,1
810=,Lori-Ann,1
810=,Lori-Leigh,1
810=,Loriane,1
810=,Lorianne,1
810=,Lorinda,1
810=,Lorna-Anne,1
810=,Lorrell,1
810=,Lotus,1
810=,Louis,1
810=,Louisina,1
810=,Louisse,1
810=,Lousise,1
810=,Luan,1
810=,Lubnina,1
810=,Luciene,1
810=,Lucilla,1
810=,Luna,1
810=,Luthien,1
810=,Lyanne,1
810=,Lyndel,1
810=,Lyndie,1
810=,Lyne,1
810=,Lynelle,1
810=,Lynn-Maree,1
810=,Lynsie,1
810=,Ma,1
810=,Mabel,1
810=,Macarena,1
810=,Machala,1
810=,Madelene,1
810=,Madelyn,1
810=,Madge,1
810=,Madia,1
810=,Maegan,1
810=,Magda,1
810=,Magda-Mor,1
810=,Magdalena,1
810=,Mahri,1
810=,Maibi,1
810=,Maida,1
810=,Maimoona,1
810=,Mairi-Clare,1
810=,Mairi-Joanne,1
810=,Mairianne,1
810=,Malina,1
810=,Malina-Louise,1
810=,Malize,1
810=,Mamtaz,1
810=,Man,1
810=,Manal,1
810=,Manda,1
810=,Manjit,1
810=,Manuela,1
810=,Maomi,1
810=,Mara,1
810=,Marcell,1
810=,Marcillena,1
810=,Marcina,1
810=,Marellen,1
810=,Maretta,1
810=,Margarot,1
810=,Margrethe,1
810=,Marguerite,1
810=,Mari-Ann,1
810=,Mari-Claire,1
810=,Mariah,1
810=,Mariana,1
810=,Marianna,1
810=,Marica,1
810=,Maricia,1
810=,Marie-Anne,1
810=,Marie-Antoinett,1
810=,Marie-Claire,1
810=,Marie-Karen,1
810=,Marie-Louise,1
810=,Mariesha,1
810=,Mariessa,1
810=,Marilynn,1
810=,Marise,1
810=,Marisha,1
810=,Marjie,1
810=,Marla,1
810=,Marleen,1
810=,Marnee,1
810=,Marny,1
810=,Marrianna,1
810=,Marrica,1
810=,Marrissa,1
810=,Marsa,1
810=,Marsali,1
810=,Marshalee,1
810=,Martell,1
810=,Martine-Anne,1
810=,Martyne,1
810=,Marwa,1
810=,Mary-Ann,1
810=,Mary-Anne,1
810=,Mary-Frances,1
810=,Marylee,1
810=,Maryth,1
810=,Maud,1
810=,Maunika,1
810=,Me,1
810=,Meaghan,1
810=,Mei,1
810=,Mel,1
810=,Melainie,1
810=,Melanie-Jane,1
810=,Melina,1
810=,Melinda,1
810=,Melisa,1
810=,Melodie,1
810=,Melody-Anne,1
810=,Melona,1
810=,Melonie,1
810=,Melony,1
810=,Melysa,1
810=,Merle,1
810=,Merren,1
810=,Merrilie,1
810=,Mhairi-Clair,1
810=,Michael,1
810=,Michaelle,1
810=,Mieke,1
810=,Mignonne,1
810=,Mildred,1
810=,Millicent,1
810=,Min,1
810=,Mina,1
810=,Ming,1
810=,Minna,1
810=,Minnie,1
810=,Mira,1
810=,Mirelle,1
810=,Mirissa,1
810=,Mirrisa,1
810=,Misa,1
810=,Moonie,1
810=,Mora,1
810=,Morissa,1
810=,Muala,1
810=,Munaza,1
810=,Murdette,1
810=,Murdina,1
810=,Musarat,1
810=,Mutch,1
810=,Myriam,1
810=,Nabdia,1
810=,Nageen,1
810=,Nahala,1
810=,Nahla,1
810=,Nalane,1
810=,Nanakee,1
810=,Nanditha,1
810=,Nanvula,1
810=,Nanze,1
810=,Narene,1
810=,Nargus,1
810=,Narinder,1
810=,Nasira,1
810=,Nasreen,1
810=,Natalina,1
810=,Naureen,1
810=,Navkiran,1
810=,Naziah,1
810=,Nazma,1
810=,Nazzra,1
810=,Neeltje,1
810=,Neerja,1
810=,Neiliann,1
810=,Nerissa,1
810=,Ngairi,1
810=,Nhairi,1
810=,Nicholina,1
810=,Nicoletta,1
810=,Nikola,1
810=,Nirvana,1
810=,Nita,1
810=,Noel,1
810=,Noeleen,1
810=,Noha,1
810=,Nolwenn,1
810=,Noorjehan,1
810=,Noreena,1
810=,Norianne,1
810=,Norma-Jean,1
810=,Nosheen,1
810=,Nova,1
810=,Noveljit,1
810=,Novzha,1
810=,Nusarut,1
810=,Nuzhat,1
810=,Odette,1
810=,Oenone,1
810=,Oi,1
810=,Oisin,1
810=,Olive,1
810=,Olufunmilayo,1
810=,Olwyn,1
810=,Omaira,1
810=,Omanda,1
810=,On,1
810=,Oonagh,1
810=,Orainne,1
810=,Orla,1
810=,Oyenmwen,1
810=,Pamala,1
810=,Pamela-Ann,1
810=,Paola,1
810=,Parisa,1
810=,Patsy-Ann,1
810=,Paula-Ann,1
810=,Paulla,1
810=,Pendel,1
810=,Perdita,1
810=,Peri,1
810=,Pervein,1
810=,Pesar,1
810=,Peter,1
810=,Petre,1
810=,Philomena,1
810=,Pilar,1
810=,Pippa,1
810=,Pollyanna,1
810=,Prabjote,1
810=,Preetpal,1
810=,Priscilla,1
810=,Pritpal,1
810=,Priya,1
810=,Pui,1
810=,Pui-Wan,1
810=,Puja,1
810=,Pulwander,1
810=,Rabeea,1
810=,Rabhia,1
810=,Rabia,1
810=,Rabiah,1
810=,Radha,1
810=,Raechel,1
810=,Raihat,1
810=,Raina,1
810=,Rajdip,1
810=,Rajwant,1
810=,Rakhi,1
810=,Ramona,1
810=,Raneyah,1
810=,Rani,1
810=,Ranjit,1
810=,Rashelle,1
810=,Raynald,1
810=,Razina,1
810=,Reema,1
810=,Regan,1
810=,Rehana,1
810=,Rekha,1
810=,Remena,1
810=,Renay,1
810=,Rennie,1
810=,Rhiannon,1
810=,Rhianwen,1
810=,Rhowan,1
810=,Risa,1
810=,Rita-Teresa,1
810=,Rna,1
810=,Rochelle,1
810=,Rohini,1
810=,Roistn,1
810=,Roma,1
810=,Rosalie,1
810=,Rosalinde,1
810=,Rosaline,1
810=,Rosalynd,1
810=,Rosalynn,1
810=,Rosceallia,1
810=,Rosehelen,1
810=,Roseleen,1
810=,Roselyn,1
810=,Roselynn,1
810=,Rosheen,1
810=,Rosie,1
810=,Roslin,1
810=,Roslynn,1
810=,Roslynne,1
810=,Rossa,1
810=,Rothnie,1
810=,Roxanne,1
810=,Rozan,1
810=,Rozanne,1
810=,Rubina,1
810=,Rubyina,1
810=,Rusha,1
810=,Saara,1
810=,Sabera,1
810=,Sabina,1
810=,Sabita,1
810=,Sabreena,1
810=,Sabrina,1
810=,Sadia,1
810=,Safia,1
810=,Safiya,1
810=,Sahar,1
810=,Sahira,1
810=,Sahnaz,1
810=,Saibvhonn,1
810=,Saifone,1
810=,Sairah,1
810=,Sajdah,1
810=,Sajida,1
810=,Sajni,1
810=,Salena,1
810=,Sally-Anne,1
810=,Salvina,1
810=,Sameena,1
810=,Samera,1
810=,Samfya,1
810=,Samima,1
810=,Sampa,1
810=,San,1
810=,Sandrine,1
810=,Sangeeta,1
810=,Saphire,1
810=,Saqib,1
810=,Sara-Jane,1
810=,Sara-Louise,1
810=,Sara-Simone,1
810=,Sarah-Louise,1
810=,Sarra,1
810=,Sarwat,1
810=,Saskia,1
810=,Sau,1
810=,Savannah,1
810=,Scho,1
810=,Seana,1
810=,Seleena,1
810=,Semra,1
810=,Sengul,1
810=,Seobhan,1
810=,Seona,1
810=,Seonad,1
810=,Sereena,1
810=,Shaaron,1
810=,Shabnum,1
810=,Shadha,1
810=,Shagofta,1
810=,Shahana,1
810=,Shahbano,1
810=,Shaheena,1
810=,Shaher,1
810=,Shahnaz,1
810=,Shahynaz,1
810=,Shaida,1
810=,Shaidh,1
810=,Shaista,1
810=,Shakeela,1
810=,Shamiem,1
810=,Shamshad,1
810=,Shan,1
810=,Shanaz,1
810=,Shann,1
810=,Shannon,1
810=,Sharareh,1
810=,Sharen,1
810=,Sharmila,1
810=,Sharon-Anne,1
810=,Sharyn,1
810=,Shastha,1
810=,Shawn,1
810=,Shawvinder,1
810=,Shazya,1
810=,Shebegeni,1
810=,Shehla,1
810=,Shelby,1
810=,Shella,1
810=,Shelley-Lynn,1
810=,Shellie,1
810=,Shelly,1
810=,Shemina,1
810=,Shenaz,1
810=,Shendl,1
810=,Sherilyn,1
810=,Sherlee,1
810=,Sherlen,1
810=,Sherlene,1
810=,Sherree,1
810=,Sherree-Anne,1
810=,Sherrie,1
810=,Sheuli,1
810=,Shibion,1
810=,Shibon,1
810=,Shidha,1
810=,Shing,1
810=,Shirella,1
810=,Shirley-Ann,1
810=,Shivonne,1
810=,Shobhana,1
810=,Shoena,1
810=,Shonag,1
810=,Shonaid,1
810=,Shonna,1
810=,Shuk,1
810=,Shuna,1
810=,Sianne,1
810=,Sigrid,1
810=,Silvana,1
810=,Silvia,1
810=,Sime,1
810=,Simina,1
810=,Simonetta,1
810=,Simonne,1
810=,Simran,1
810=,Sindy,1
810=,Sineaid,1
810=,Siobhann,1
810=,Siobhian,1
810=,Siobhion,1
810=,Siona,1
810=,Siubhan,1
810=,Sky,1
810=,Skye,1
810=,Slochna,1
810=,Soha,1
810=,Solveig,1
810=,Solvey,1
810=,Sonal,1
810=,Sonje,1
810=,Sonney,1
810=,Soreena,1
810=,Soryia,1
810=,Stacey-Anne,1
810=,Stephaney,1
810=,Stephen,1
810=,Strathie,1
810=,Sue,1
810=,Suheyla,1
810=,Sujata,1
810=,Sujatha,1
810=,Sukhjit,1
810=,Sukhvinder,1
810=,Sula,1
810=,Sultana,1
810=,Sumana,1
810=,Suna,1
810=,Surinder,1
810=,Surya,1
810=,Suzan,1
810=,Suzannah,1
810=,Suzette,1
810=,Suzi,1
810=,Swabat,1
810=,Sybil,1
810=,Syma,1
810=,Tabatha,1
810=,Tabitha,1
810=,Tala,1
810=,Talula,1
810=,Tamarys,1
810=,Tamazin,1
810=,Tammi,1
810=,Tamsin,1
810=,Tanera,1
810=,Tanja,1
810=,Tanoja,1
810=,Tansy,1
810=,Taranty,1
810=,Tarena,1
810=,Tarya,1
810=,Tasmin,1
810=,Tatum,1
810=,Tehiroona,1
810=,Tehmeena,1
810=,Teinna,1
810=,Tereen,1
810=,Thabile,1
810=,Thanuja,1
810=,Thariea,1
810=,Therasia,1
810=,Theressa,1
810=,Thomazina,1
810=,Thona,1
810=,Tina-Marie,1
810=,Titilayo,1
810=,Toby,1
810=,Tracey-Anne,1
810=,Tracey-Jane,1
810=,Tracy-Ann,1
810=,Trista,1
810=,Tryphena,1
810=,Tullia,1
810=,Tyla,1
810=,Valma,1
810=,Vannessa,1
810=,Vanya,1
810=,Varri,1
810=,Vega,1
810=,Venetia,1
810=,Venus,1
810=,Verona,1
810=,Veronka,1
810=,Vibeke,1
810=,Viki,1
810=,Vinita,1
810=,Virginia,1
810=,Viviene,1
810=,Voianne,1
810=,Wei,1
810=,Wendie,1
810=,Wendy-Anne,1
810=,Wendy-Jane,1
810=,William,1
810=,Wing-Ming,1
810=,Xanthe,1
810=,Xenia,1
810=,Xue,1
810=,Yael,1
810=,Yan,1
810=,Yanina,1
810=,Yee,1
810=,Yenyuk,1
810=,Yesmin,1
810=,Yip,1
810=,York,1
810=,Yuk,1
810=,Yves,1
810=,Zahida,1
810=,Zahidah,1
810=,Zaida,1
810=,Zainabu,1
810=,Zana,1
810=,Zanic,1
810=,Zanthea,1
810=,Zeena,1
810=,Zeenat,1
810=,Zeneide,1
810=,Zenobia,1
810=,Zeus,1
810=,Zillah,1
810=,Zillan,1
810=,Zinnia,1
810=,Zita,1
810=,Zohra,1
810=,Zoie,1
810=,Zona,1
810=,Zorena,1
810=,Zubaida,1
810=,Zynisha,1
