Position,Name,Number of babies
1,Laura,1215
2,Claire,985
3,Nicola,810
4,Jennifer,741
5,Louise,684
6,Sarah,644
7,Lisa,621
8,Michelle,601
9,Emma,580
10,Fiona,456
11,Karen,450
12,Gillian,448
13,Gemma,437
14,Kirsty,435
15,Lynsey,360
16,Victoria,355
17,Donna,352
18,Kelly,341
19,Susan,307
20,Julie,289
21,Angela,280
22,Pamela,268
23,Leanne,267
24,Amanda,259
25,Joanne,253
26,Alison,251
27,Caroline,244
28,Heather,243
29,Jacqueline,234
30,Suzanne,230
31,Stephanie,226
32=,Catherine,205
32=,Elaine,205
34,Natalie,201
35=,Lynne,194
35=,Stacey,194
37,Lindsay,189
38,Lauren,187
39,Cheryl,186
40,Elizabeth,185
41=,Deborah,184
41=,Lesley,184
43=,Kerry,183
43=,Lorna,183
45=,Charlene,178
45=,Sharon,178
47,Lorraine,175
48,Lynn,170
49,Amy,165
50,Tracy,159
51=,Clare,158
51=,Rebecca,158
53,Debbie,153
54,Samantha,148
55=,Kimberley,145
55=,Rachel,145
57,Yvonne,142
58,Helen,140
59,Margaret,139
60,Carol,136
61,Christine,125
62,Diane,120
63,Linda,115
64=,Ashley,114
64=,Dawn,114
64=,Paula,114
67=,Marie,112
67=,Pauline,112
69,Danielle,108
70,Anna,106
71=,Hazel,104
71=,Jill,104
73,Shona,102
74,Catriona,100
75,Jane,96
76=,Kim,94
76=,Mhairi,94
78=,Anne,93
78=,Tracey,93
80=,Hayley,91
80=,Lyndsey,91
80=,Sara,91
83,Melissa,90
84=,Kathryn,89
84=,Lyndsay,89
86=,Lucy,87
86=,Ruth,87
88,Mary,83
89=,Andrea,80
89=,Lindsey,80
91,Denise,78
92,Joanna,77
93,Alana,76
94,Adele,69
95,Kathleen,68
96,Melanie,67
97=,Christina,66
97=,Hannah,66
97=,Kirsten,66
97=,Siobhan,66
101=,Carrie,65
101=,Katherine,65
103,Emily,64
104,Gayle,63
105=,Gail,62
105=,Jillian,62
107,Eilidh,61
108=,Arlene,60
108=,Katie,60
108=,Katrina,60
108=,Kimberly,60
108=,Lee,60
113,Ann,59
114,Zoe,58
115=,Mandy,57
115=,Nicole,57
115=,Vicki,57
118,Carolyn,56
119,Natasha,55
120,Leigh,53
121,Stacy,52
122=,Erin,51
122=,Maria,51
124=,Charlotte,50
124=,Vicky,50
126,Jemma,49
127=,Ashleigh,48
127=,Frances,48
127=,Lianne,48
127=,Linsey,48
131,Wendy,47
132,Rhona,46
133=,Lynda,45
133=,Rachael,45
135,Mairi,44
136=,Jade,43
136=,Judith,43
138=,Alexis,41
138=,Jodie,41
138=,Julia,41
138=,Lynsay,41
142=,Kate,39
142=,Naomi,39
144=,Eleanor,38
144=,Janet,38
144=,Leeanne,38
144=,Patricia,38
148=,Aileen,37
148=,Clair,37
150=,Alexandra,36
150=,Leeann,36
150=,Louisa,36
150=,Marion,36
154,Vikki,35
155=,Cara,34
155=,Carly,34
155=,Dionne,34
155=,Kirstin,34
155=,Leah,34
155=,Shelley,34
161,Nikki,33
162,Isla,32
163=,Allison,31
163=,Jenna,31
163=,Morag,31
163=,Sandra,31
167=,Alice,30
167=,Eileen,30
167=,Lee-Anne,30
167=,Nichola,30
171=,Holly,29
171=,Jaclyn,29
171=,Katy,29
174=,Aimee,27
174=,Evelyn,27
176=,Marianne,26
176=,Rosemary,26
176=,Valerie,26
179=,Audrey,25
179=,Geraldine,25
179=,Lara,25
179=,Linzi,25
179=,Sally,25
184=,Carla,24
184=,Hilary,24
184=,Iona,24
184=,Kay,24
184=,Maureen,24
184=,Susanne,24
184=,Tammy,24
184=,Veronica,24
192=,Barbara,23
192=,Colette,23
192=,Janine,23
192=,Jayne,23
192=,Kara,23
192=,Kerri,23
192=,Kerrie,23
199=,Annette,22
199=,Bernadette,22
199=,Debra,22
199=,Irene,22
199=,Jenny,22
199=,Kirsteen,22
199=,Shirley,22
199=,Stefanie,22
207=,Grace,21
207=,Lyn,21
207=,Nadia,21
207=,Sarah-Jane,21
207=,Sheryl,21
207=,Tanya,21
213=,Ailsa,20
213=,Beverley,20
213=,Carole,20
213=,Chloe,20
213=,Jessica,20
213=,Leona,20
213=,Lynette,20
213=,Sonia,20
213=,Theresa,20
222=,Dee,19
222=,Maxine,19
222=,Nadine,19
222=,Selina,19
222=,Sophie,19
227=,Alyson,18
227=,Johanna,18
227=,Lori,18
227=,Morven,18
231=,Ainsley,17
231=,Dianne,17
231=,Janice,17
231=,Lee-Ann,17
231=,Sheena,17
231=,Sian,17
237=,Alanna,16
237=,Colleen,16
237=,Dana,16
237=,Lana,16
237=,Michele,16
242=,Ann-Marie,15
242=,Avril,15
242=,Diana,15
242=,Jan,15
242=,Jody,15
242=,June,15
242=,Laurie,15
242=,Monica,15
242=,Nina,15
242=,Simone,15
242=,Tina,15
242=,Toni,15
254=,Abigail,14
254=,Ellen,14
254=,Erica,14
254=,Eve,14
254=,Isobel,14
254=,Joan,14
254=,Jolene,14
254=,Katharine,14
254=,Roslyn,14
254=,Sharlene,14
254=,Teresa,14
265=,Anne-Marie,13
265=,Carol-Anne,13
265=,Janette,13
265=,Kirstie,13
265=,Moira,13
270=,Allana,12
270=,Annmarie,12
270=,Candice,12
270=,Crystal,12
270=,Faye,12
270=,Jodi,12
270=,Karin,12
270=,Krystal,12
270=,Lesley-Anne,12
270=,Lois,12
270=,Rosalind,12
281=,Alicia,11
281=,Amber,11
281=,Cassandra,11
281=,Francesca,11
281=,Georgina,11
281=,Jean,11
281=,Josephine,11
281=,Joyce,11
281=,Karyn,11
281=,Liza,11
281=,Sandie,11
281=,Tara,11
293=,Amie,10
293=,Anita,10
293=,Antonia,10
293=,Charmaine,10
293=,Collette,10
293=,Haley,10
293=,Joy,10
293=,Karina,10
293=,Kellie,10
293=,Liane,10
293=,Nancy,10
293=,Philippa,10
293=,Shazia,10
293=,Sheila,10
293=,Sheree,10
293=,Sonya,10
309=,Catrina,9
309=,Corinne,9
309=,Jocelyn,9
309=,Kelly-Anne,9
309=,Kylie,9
309=,Lynnette,9
309=,Mhari,9
309=,Miriam,9
309=,Robyn,9
309=,Rose,9
309=,Sylvia,9
309=,Vanessa,9
309=,Vivien,9
309=,Vivienne,9
323=,Allyson,8
323=,Annemarie,8
323=,April,8
323=,Beth,8
323=,Brooke,8
323=,Carina,8
323=,Carolanne,8
323=,Cherie,8
323=,Harriet,8
323=,Isabel,8
323=,Kari,8
323=,Kaye,8
323=,Kelly-Ann,8
323=,Leigh-Anne,8
323=,Linsay,8
323=,Mari,8
323=,Marina,8
323=,Marissa,8
323=,Rona,8
323=,Rowan,8
343=,Adelle,7
343=,Agnes,7
343=,Alexandria,7
343=,Andrina,7
343=,Annie,7
343=,Carolann,7
343=,Claudia,7
343=,Corrine,7
343=,Daniela,7
343=,Dorothy,7
343=,Esther,7
343=,Felicity,7
343=,Freya,7
343=,Gaynor,7
343=,Jackie,7
343=,Karla,7
343=,Krystle,7
343=,Lindy,7
343=,Ria,7
343=,Roberta,7
343=,Roseanne,7
343=,Roxanne,7
343=,Shonagh,7
343=,Tamara,7
343=,Yvette,7
343=,Zara,7
369=,Ailie,6
369=,Bethan,6
369=,Bridget,6
369=,Bryony,6
369=,Camilla,6
369=,Carlene,6
369=,Carmen,6
369=,Carol-Ann,6
369=,Cassie,6
369=,Coleen,6
369=,Daniella,6
369=,Davina,6
369=,Farzana,6
369=,Gael,6
369=,Gina,6
369=,Isabella,6
369=,Jacklyn,6
369=,Jacqui,6
369=,Johanne,6
369=,Julie-Anne,6
369=,Juliette,6
369=,Keira,6
369=,Kellyann,6
369=,Kerry-Anne,6
369=,Kristen,6
369=,Leann,6
369=,Leigh-Ann,6
369=,Lesley-Ann,6
369=,Megan,6
369=,Morna,6
369=,Nazia,6
369=,Roisin,6
369=,Sasha,6
369=,Shabana,6
369=,Shelly,6
369=,Sinead,6
369=,Teri,6
369=,Terri,6
369=,Tiffany,6
408=,Aisha,5
408=,Alexa,5
408=,Belinda,5
408=,Bianca,5
408=,Carrie-Anne,5
408=,Casey,5
408=,Cheryll,5
408=,Constance,5
408=,Cristina,5
408=,Elisa,5
408=,Erika,5
408=,Eva,5
408=,Evonne,5
408=,Fern,5
408=,Georgia,5
408=,Jacquelyn,5
408=,Jaime,5
408=,Joann,5
408=,Keri,5
408=,Kristina,5
408=,Kristy,5
408=,Laura-Ann,5
408=,Leonie,5
408=,Leslie,5
408=,Lisa-Marie,5
408=,Lucinda,5
408=,Lydia,5
408=,Marlene,5
408=,Nikola,5
408=,Olivia,5
408=,Rhea,5
408=,Rhiannon,5
408=,Rhonda,5
408=,Rosanne,5
408=,Saira,5
408=,Seonaid,5
408=,Serena,5
408=,Sharleen,5
408=,Sophia,5
408=,Stacie,5
408=,Suzann,5
408=,Tammie,5
408=,Tessa,5
408=,Vhairi,5
408=,Wai,5
453=,Alia,4
453=,Amelia,4
453=,Annabel,4
453=,Asha,4
453=,Asma,4
453=,Beatrice,4
453=,Bonnie,4
453=,Brenda,4
453=,Camille,4
453=,Carlyn,4
453=,Caryn,4
453=,Debby,4
453=,Elinor,4
453=,Elspeth,4
453=,Hailey,4
453=,Heidi,4
453=,Helena,4
453=,Ingrid,4
453=,Iram,4
453=,Jamie,4
453=,Janis,4
453=,Jay,4
453=,Jeanette,4
453=,Jemima,4
453=,Jo,4
453=,Jo-Anne,4
453=,Johan,4
453=,Joni,4
453=,Jordana,4
453=,Kerry-Ann,4
453=,Kristin,4
453=,Laura-Jane,4
453=,Leanna,4
453=,Leighann,4
453=,Leila,4
453=,Lucie,4
453=,Mairead,4
453=,Marcella,4
453=,Marcia,4
453=,Maree,4
453=,Marilyn,4
453=,Martina,4
453=,Mary-Anne,4
453=,May,4
453=,Miranda,4
453=,Myra,4
453=,Noor,4
453=,Penelope,4
453=,Rabia,4
453=,Rhoda,4
453=,Sadia,4
453=,Saima,4
453=,Samina,4
453=,Senga,4
453=,Shereen,4
453=,Stella,4
453=,Trudi,4
453=,Una,4
453=,Wilma,4
512=,Abbie,3
512=,Adrienne,3
512=,Afton,3
512=,Ailidh,3
512=,Aimi,3
512=,Ainslie,3
512=,Aislinn,3
512=,Ami,3
512=,Anais,3
512=,Angie,3
512=,Ariane,3
512=,Asia,3
512=,Aynsley,3
512=,Beverly,3
512=,Billie,3
512=,Bushra,3
512=,Carlynn,3
512=,Carolynn,3
512=,Caron,3
512=,Carrie-Ann,3
512=,Celia,3
512=,Celine,3
512=,Chantelle,3
512=,Charlaine,3
512=,Cindy,3
512=,Connie,3
512=,Corrina,3
512=,Courtney,3
512=,Dale,3
512=,Deirdre,3
512=,Edith,3
512=,Elaina,3
512=,Elena,3
512=,Elise,3
512=,Eloise,3
512=,Elsa,3
512=,Emma-Louise,3
512=,Faith,3
512=,Flora,3
512=,Gabriella,3
512=,Gabrielle,3
512=,Genevieve,3
512=,Genna,3
512=,Imogen,3
512=,Jo-Ann,3
512=,Joleen,3
512=,Judy,3
512=,Julianne,3
512=,Juliet,3
512=,Karolyn,3
512=,Karrie,3
512=,Katey,3
512=,Katriona,3
512=,Kelly-Marie,3
512=,Kellyanne,3
512=,Kirstine,3
512=,Kristi,3
512=,Kym,3
512=,Laura-Anne,3
512=,Laurene,3
512=,Leighanne,3
512=,Lena,3
512=,Letitia,3
512=,Lian,3
512=,Lianna,3
512=,Lilian,3
512=,Lillian,3
512=,Lisamarie,3
512=,Lora,3
512=,Lorri,3
512=,Lynzi,3
512=,Madeleine,3
512=,Mariam,3
512=,Marisa,3
512=,Marlyn,3
512=,Martha,3
512=,Martine,3
512=,Mary-Ann,3
512=,Maryanne,3
512=,Mechelle,3
512=,Mellissa,3
512=,Melody,3
512=,Michaela,3
512=,Noreen,3
512=,Norma,3
512=,Penny,3
512=,Priscilla,3
512=,Pui,3
512=,Ray,3
512=,Rebekah,3
512=,Rhianne,3
512=,Rita,3
512=,Romana,3
512=,Rosaleen,3
512=,Rosalyn,3
512=,Rosalynd,3
512=,Rosanna,3
512=,Roseann,3
512=,Rosemarie,3
512=,Rowena,3
512=,Rukhsana,3
512=,Samara,3
512=,Shanna,3
512=,Shannon,3
512=,Sharan,3
512=,Shareen,3
512=,Sharron,3
512=,Susanna,3
512=,Susie,3
512=,Tania,3
512=,Tracie,3
512=,Trudy,3
512=,Uzma,3
512=,Vickie,3
512=,Virginia,3
512=,Yasmin,3
512=,Zahra,3
512=,Zandra,3
630=,Abby,2
630=,Adeline,2
630=,Adriana,2
630=,Adrianne,2
630=,Aimie,2
630=,Aisling,2
630=,Alaine,2
630=,Aleesha,2
630=,Alexandrina,2
630=,Ambreen,2
630=,Aminah,2
630=,Amira,2
630=,Anahita,2
630=,Anastasia,2
630=,Andrena,2
630=,Anna-Marie,2
630=,Annabelle,2
630=,Annalisa,2
630=,Anona,2
630=,Antonette,2
630=,Ashlie,2
630=,Ashliegh,2
630=,Ashly,2
630=,Aysha,2
630=,Barbara-Ann,2
630=,Bethany,2
630=,Briony,2
630=,Caitlin,2
630=,Caren,2
630=,Carey,2
630=,Carin,2
630=,Carolyne,2
630=,Carron,2
630=,Caterina,2
630=,Cathleen,2
630=,Cathryn,2
630=,Chandra,2
630=,Chanel,2
630=,Chantal,2
630=,Charline,2
630=,Charmain,2
630=,Chelsea,2
630=,Cherise,2
630=,Chevonne,2
630=,Christie,2
630=,Christy,2
630=,Ciara,2
630=,Clara,2
630=,Clarie,2
630=,Cora,2
630=,Coral,2
630=,Coralena,2
630=,Cordelia,2
630=,Coreen,2
630=,Corina,2
630=,Corinna,2
630=,Corrin,2
630=,Dannielle,2
630=,Darrelle,2
630=,Dayna,2
630=,Dominique,2
630=,Donna-Marie,2
630=,Doreen,2
630=,Elisabeth,2
630=,Elisabetta,2
630=,Elisha,2
630=,Elissa,2
630=,Elizabeth-Anne,2
630=,Ellis,2
630=,Eman,2
630=,Emma-Claire,2
630=,Emma-Jane,2
630=,Faiza,2
630=,Fallon,2
630=,Farah,2
630=,Fatima,2
630=,Fay,2
630=,Fionna,2
630=,Florence,2
630=,Francine,2
630=,Freda,2
630=,Georgie,2
630=,Gill,2
630=,Giovanna,2
630=,Giulia,2
630=,Gwen,2
630=,Hala,2
630=,Haleema,2
630=,Halina,2
630=,Hina,2
630=,Hollie,2
630=,Humera,2
630=,Isabelle,2
630=,Jacki,2
630=,Jaimie,2
630=,Jayde,2
630=,Jeananne,2
630=,Jem,2
630=,Jessie,2
630=,Joeleen,2
630=,Johann,2
630=,Jordanna,2
630=,Ka,2
630=,Kalsoom,2
630=,Karis,2
630=,Karlene,2
630=,Karlyn,2
630=,Karren,2
630=,Katharina,2
630=,Kathrine,2
630=,Kathy,2
630=,Keely,2
630=,Kelda,2
630=,Kelley,2
630=,Kendal,2
630=,Keren,2
630=,Kerri-Anne,2
630=,Kerryanne,2
630=,Kerstin,2
630=,Kimberlie,2
630=,Kiran,2
630=,Kiri,2
630=,Klara,2
630=,Kristine,2
630=,Kyley,2
630=,Kymm,2
630=,Laine,2
630=,Larah,2
630=,Laraine,2
630=,Larissa,2
630=,Laureen,2
630=,Lauri,2
630=,Layla,2
630=,Lea,2
630=,Lea-Ann,2
630=,Leonne,2
630=,Lesleyann,2
630=,Lesleyanne,2
630=,Liana,2
630=,Liann,2
630=,Lillias,2
630=,Lindsy,2
630=,Lindzi,2
630=,Lisanne,2
630=,Lita,2
630=,Lorelle,2
630=,Loren,2
630=,Lorne,2
630=,Luisa,2
630=,Lynne-Marie,2
630=,Lynsey-Anne,2
630=,Lynsie,2
630=,Lynzie,2
630=,Mae,2
630=,Mandeep,2
630=,Maresa,2
630=,Marian,2
630=,Marie-Anne,2
630=,Marie-Claire,2
630=,Marie-Louise,2
630=,Marika,2
630=,Marjorie,2
630=,Marnie,2
630=,Mary-Jane,2
630=,Maryann,2
630=,Maryellen,2
630=,Merle,2
630=,Mona,2
630=,Monika,2
630=,Morgan,2
630=,Mur,2
630=,My,2
630=,Nabeela,2
630=,Nada,2
630=,Nadiah,2
630=,Nanette,2
630=,Naseem,2
630=,Nia,2
630=,Nicky,2
630=,Nico,2
630=,Nicola-Jane,2
630=,Noleen,2
630=,Nosheen,2
630=,Nyree,2
630=,Parmjit,2
630=,Petra,2
630=,Polly,2
630=,Rae,2
630=,Reena,2
630=,Regan,2
630=,Renata,2
630=,Rizwana,2
630=,Rochelle,2
630=,Roma,2
630=,Rosann,2
630=,Rosie,2
630=,Roslin,2
630=,Rozlyn,2
630=,Sabina,2
630=,Sabrina,2
630=,Sacha,2
630=,Sadie,2
630=,Safia,2
630=,Sajidah,2
630=,Samantha-Jane,2
630=,Samera,2
630=,Samira,2
630=,Sandi,2
630=,Sarah-Louise,2
630=,Sarra,2
630=,Satveer,2
630=,Selena,2
630=,Shaheen,2
630=,Shalini,2
630=,Shannah,2
630=,Sharyn,2
630=,Shauna,2
630=,Sheereen,2
630=,Shelagh,2
630=,Sheona,2
630=,Sheryll,2
630=,Shevonne,2
630=,Shiona,2
630=,Siama,2
630=,Siona,2
630=,Siri,2
630=,Sobia,2
630=,Stevie,2
630=,Susannah,2
630=,Suzan,2
630=,Suzannah,2
630=,Suzi,2
630=,Suzy,2
630=,Suzzanne,2
630=,Tabitha,2
630=,Taryn,2
630=,Tasmin,2
630=,Tegan,2
630=,Thomasina,2
630=,Tressa,2
630=,Trisha,2
630=,Ursula,2
630=,Vari,2
630=,Varrie,2
630=,Verity,2
630=,Vhari,2
630=,Wing,2
630=,Zoey,2
878=,Aabdaa,1
878=,Aamna,1
878=,Aaran,1
878=,Aaren,1
878=,Aarti,1
878=,Abbey,1
878=,Abdah,1
878=,Abigael,1
878=,Adama,1
878=,Adetoun,1
878=,Adina,1
878=,Adrain,1
878=,Afifah,1
878=,Afshan,1
878=,Aiesha,1
878=,Ailene,1
878=,Ailey,1
878=,Aime,1
878=,Aishabai,1
878=,Aisyah,1
878=,Alaina,1
878=,Alanna-Marie,1
878=,Alba,1
878=,Aleasha,1
878=,Aleisha,1
878=,Aleksandra,1
878=,Alexina,1
878=,Alexsandra,1
878=,Ali,1
878=,Alica,1
878=,Alis,1
878=,Alisa,1
878=,Alishia,1
878=,Alix,1
878=,Allanna,1
878=,Alphonsa,1
878=,Alysha,1
878=,Alyshia,1
878=,Alysson,1
878=,Amal,1
878=,Amalie,1
878=,Aman-Deep,1
878=,Amana,1
878=,Amanda-Jane,1
878=,Amandajane,1
878=,Amany,1
878=,Ambereen,1
878=,Ambika,1
878=,Ambrina,1
878=,Amelie,1
878=,Amerjit,1
878=,Amiee,1
878=,Amina,1
878=,Ammie,1
878=,Amy-Nyree,1
878=,Amyra,1
878=,Anabel,1
878=,Ananka,1
878=,Andalieb,1
878=,Andrew,1
878=,Aneesa,1
878=,Anfal,1
878=,Angelene,1
878=,Angelica,1
878=,Angelina,1
878=,Angeline,1
878=,Anh,1
878=,Anique,1
878=,Anjum,1
878=,Ann-Elyse,1
878=,Ann-Louise,1
878=,Annabella,1
878=,Annalee,1
878=,Annamarie,1
878=,Annan,1
878=,Anndrea,1
878=,Anne-Louise,1
878=,Anneeka,1
878=,Anneke,1
878=,Annelie,1
878=,Anneliese,1
878=,Annika,1
878=,Annis,1
878=,Ansam,1
878=,Ansley,1
878=,Anstice,1
878=,Antara,1
878=,Antoinette,1
878=,Anupama,1
878=,Anuradha,1
878=,Anushia,1
878=,Aoibhin,1
878=,Aoife,1
878=,Ardla,1
878=,Areech,1
878=,Ariadne,1
878=,Ariann,1
878=,Arianna,1
878=,Arianne,1
878=,Ariathne,1
878=,Arlaine,1
878=,Arleen,1
878=,Arlena,1
878=,Arma,1
878=,Armelle,1
878=,Arpna,1
878=,Arra,1
878=,Arran,1
878=,Arti,1
878=,Aruinder,1
878=,Arwa,1
878=,Asbir,1
878=,Asheela,1
878=,Ashlea,1
878=,Ashleigh-Jane,1
878=,Ashli,1
878=,Asifa,1
878=,Asiimwe,1
878=,Asmma,1
878=,Assia,1
878=,Assunta,1
878=,Asta,1
878=,Aszhka,1
878=,Atinuke,1
878=,Atiqah,1
878=,Attia,1
878=,Avada,1
878=,Aveen,1
878=,Averil,1
878=,Aya,1
878=,Ayeasha,1
878=,Ayesha,1
878=,Ayeshia,1
878=,Aylene,1
878=,Aysha-Liahona,1
878=,Ayshea,1
878=,Azell,1
878=,Azia,1
878=,Balmeet,1
878=,Bar'a,1
878=,Barbara-Louise,1
878=,Barbra,1
878=,Basmah,1
878=,Bedreya,1
878=,Bemnet,1
878=,Berna,1
878=,Bernice,1
878=,Blaire,1
878=,Bobbi,1
878=,Bobbie,1
878=,Brandy,1
878=,Breda,1
878=,Brenda-Ann,1
878=,Brenna,1
878=,Brie,1
878=,Brieghd,1
878=,Brigid,1
878=,Bronwen,1
878=,Bronwyn,1
878=,Bruce,1
878=,Bryoney,1
878=,Caira,1
878=,Caireen,1
878=,Cairistiona,1
878=,Calley,1
878=,Calli,1
878=,Caragh,1
878=,Caralyn,1
878=,Carean,1
878=,Careen,1
878=,Carene,1
878=,Carey-Ann,1
878=,Cari,1
878=,Carine,1
878=,Cariss,1
878=,Caristiona,1
878=,Carlanne,1
878=,Carloes,1
878=,Carly-Ann,1
878=,Carman,1
878=,Carmela,1
878=,Carole-Ann,1
878=,Carole-Anne,1
878=,Carolien,1
878=,Carolina,1
878=,Carolinne,1
878=,Carolynne,1
878=,Carragh,1
878=,Carrianne,1
878=,Carrieann,1
878=,Carrinna,1
878=,Carryl,1
878=,Carys,1
878=,Casi,1
878=,Catarine,1
878=,Catherine-Anne,1
878=,Cathie,1
878=,Cathrin,1
878=,Catreona,1
878=,Cecile,1
878=,Cecilia,1
878=,Ceirwen,1
878=,Ceit,1
878=,Celeste,1
878=,Celina,1
878=,Ceri,1
878=,Chanice-Elaine,1
878=,Charissa,1
878=,Charisse,1
878=,Charlane,1
878=,Charleen,1
878=,Charles,1
878=,Charmagne,1
878=,Chau,1
878=,Cheiri,1
878=,Cher,1
878=,Cherilee,1
878=,Cherish,1
878=,Cherith,1
878=,Cherlene,1
878=,Cherry,1
878=,Cheryl-Anne,1
878=,Cherylann,1
878=,Cherylee,1
878=,Cheyrl,1
878=,Chia,1
878=,Chiara,1
878=,Chigusa,1
878=,Chimatara,1
878=,Ching,1
878=,Chirsteen,1
878=,Chris,1
878=,Christen,1
878=,Christi,1
878=,Christianne,1
878=,Christineanne,1
878=,Christobel,1
878=,Chrystal,1
878=,Cicely,1
878=,Ciera,1
878=,Cissie,1
878=,Claira,1
878=,Claire-Ann,1
878=,Claire-Frances,1
878=,Claire-Louise,1
878=,Clare-Louise,1
878=,Claudette,1
878=,Claudine,1
878=,Clayre,1
878=,Clementina,1
878=,Clementine,1
878=,Clionagh,1
878=,Colene,1
878=,Correen,1
878=,Corrie,1
878=,Coty,1
878=,Counsey,1
878=,Cressida,1
878=,Dalvinder,1
878=,Danella,1
878=,Dani,1
878=,Daniel,1
878=,Daniele,1
878=,Danila,1
878=,Dara,1
878=,Darleen,1
878=,Darlene,1
878=,Darra,1
878=,Darrell,1
878=,Daska,1
878=,Davinia,1
878=,Dawn-Marie,1
878=,Dayle,1
878=,Deanna,1
878=,Deanna-Irene,1
878=,Deanne,1
878=,Debbi,1
878=,Debbie-Ann,1
878=,Debbie-Lee,1
878=,Debborah,1
878=,Debbra,1
878=,Debora,1
878=,Debrah,1
878=,Dee-Anne,1
878=,Deeann,1
878=,Deeanne,1
878=,Deepika,1
878=,Della,1
878=,Demelza,1
878=,Dena,1
878=,Deonne,1
878=,Deseree,1
878=,Diahann,1
878=,Dianna,1
878=,Dilani,1
878=,Dina,1
878=,Dolina,1
878=,Donata,1
878=,Donella,1
878=,Donette,1
878=,Donna-Jean,1
878=,Donna-Louise,1
878=,Donnamarie,1
878=,Donne,1
878=,Dora,1
878=,Duna,1
878=,Dyan,1
878=,Dyane,1
878=,Eaila,1
878=,Ebtihal,1
878=,Edel,1
878=,Effie,1
878=,Eilea,1
878=,Eilidh-Anne,1
878=,Eilish,1
878=,Eilldh,1
878=,Eirlys,1
878=,Elanor,1
878=,Elayne,1
878=,Elison,1
878=,Eliza,1
878=,Elizabeth-Jane,1
878=,Ella,1
878=,Ellanor,1
878=,Elma,1
878=,Elora,1
878=,Emanuela,1
878=,Emi,1
878=,Emilia,1
878=,Emilianna,1
878=,Emilie,1
878=,Emma-Jayne,1
878=,Emma-Marie,1
878=,Emma-Rose,1
878=,Emmalene,1
878=,Emmaline,1
878=,Emmeline,1
878=,Emmie,1
878=,Emmilene,1
878=,Eneida,1
878=,Eowyn,1
878=,Erinne,1
878=,Ernestine,1
878=,Eryn,1
878=,Esmee,1
878=,Estefania,1
878=,Ester,1
878=,Estheraida,1
878=,Evette,1
878=,Faaiza,1
878=,Faihmidah,1
878=,Faizah,1
878=,Fallyn,1
878=,Fardia,1
878=,Fareeda,1
878=,Farha,1
878=,Farhana,1
878=,Farhat,1
878=,Farhiya,1
878=,Farida,1
878=,Farkhanda,1
878=,Farrah,1
878=,Faseeha,1
878=,Fatin,1
878=,Fayona,1
878=,Felicia,1
878=,Felicity-Jayne,1
878=,Ferhanah,1
878=,Filiz,1
878=,Finola,1
878=,Fiona-Louise,1
878=,Firzana,1
878=,Fowzia,1
878=,Fozia,1
878=,France-Lise,1
878=,Francene,1
878=,Francess,1
878=,Freeha,1
878=,Freija,1
878=,Freja,1
878=,Fronde,1
878=,Furzana,1
878=,Ga-Yee,1
878=,Gabriella-Dawn,1
878=,Gail-Louise,1
878=,Gale,1
878=,Gavina,1
878=,Gayti,1
878=,Geeta,1
878=,Gei,1
878=,Gema-Gayle,1
878=,Gemima,1
878=,Gemma-Louise,1
878=,Geraldeen,1
878=,Gerda,1
878=,Ghazal,1
878=,Gheila,1
878=,Ghislaine,1
878=,Ginny,1
878=,Giordana,1
878=,Glenna,1
878=,Glenys,1
878=,Gloria,1
878=,Grant,1
878=,Greta,1
878=,Guro,1
878=,Gursharon,1
878=,Gwendolyn,1
878=,Gwenno,1
878=,Gwynedd,1
878=,Gwyneth,1
878=,Habiba,1
878=,Hafsa,1
878=,Haifa,1
878=,Hailidh,1
878=,Hajar,1
878=,Hajra,1
878=,Halah,1
878=,Halena,1
878=,Haley-Anne,1
878=,Halita,1
878=,Halpage,1
878=,Hammera,1
878=,Hana,1
878=,Hanan,1
878=,Haneefa,1
878=,Hanna,1
878=,Hanna-Taibha,1
878=,Hanzada,1
878=,Harjinder,1
878=,Harman,1
878=,Harveen,1
878=,Hazaara,1
878=,Hazel-Ann,1
878=,Heathel,1
878=,Hebah,1
878=,Hedeel,1
878=,Hedi,1
878=,Helene,1
878=,Helennor,1
878=,Helinor,1
878=,Hellen,1
878=,Helyn,1
878=,Hester,1
878=,Hibah,1
878=,Hibba-Tul,1
878=,Hind,1
878=,Hoi,1
878=,Holland,1
878=,Honieh,1
878=,Hoor-Al-Ain,1
878=,Huma,1
878=,Huong,1
878=,Ibiyinka,1
878=,Ibukunoluwa,1
878=,Ilana,1
878=,Ilona,1
878=,Ilse,1
878=,Iman,1
878=,In-Ju,1
878=,India,1
878=,Ineke,1
878=,Inez,1
878=,Inga,1
878=,Irem,1
878=,Irena,1
878=,Irralee,1
878=,Isabell,1
878=,Isabellann,1
878=,Iseabal,1
878=,Ishrat,1
878=,Islay,1
878=,Isma,1
878=,Ita,1
878=,Jacelyn,1
878=,Jackalyn,1
878=,Jackelyn,1
878=,Jackilyn,1
878=,Jacky,1
878=,Jaclynn,1
878=,Jaclynne,1
878=,Jacobeth,1
878=,Jacqualine,1
878=,Jacquie,1
878=,Jagpal,1
878=,Jagparit,1
878=,Jana,1
878=,Janaya,1
878=,Jane-Marie,1
878=,Janel,1
878=,Janene,1
878=,Janina,1
878=,Janna,1
878=,Jannette,1
878=,Jannina,1
878=,Jannine,1
878=,Jaqueline,1
878=,Jardine,1
878=,Jasbir,1
878=,Jasmeen,1
878=,Jasminder,1
878=,Jasmine,1
878=,Jaspreet,1
878=,Jass,1
878=,Javeria,1
878=,Jaydene,1
878=,Jaye,1
878=,Jaynie,1
878=,Jeanie,1
878=,Jeannette,1
878=,Jemma-Paulette,1
878=,Jen,1
878=,Jenean,1
878=,Jenifer,1
878=,Jeniffer,1
878=,Jenni,1
878=,Jennie,1
878=,Jenny-Anne,1
878=,Jenny-Siu,1
878=,Jeri,1
878=,Jerri,1
878=,Ji,1
878=,Jia,1
878=,Jigdeep,1
878=,Jilli,1
878=,Jilly,1
878=,Jingmun,1
878=,Jinny,1
878=,Jo-An,1
878=,Joanie,1
878=,Joe,1
878=,Joelene,1
878=,Joella,1
878=,Joelle,1
878=,Jonelle,1
878=,Jordan,1
878=,Josane,1
878=,Josina,1
878=,Judie,1
878=,Julene,1
878=,Juli-Anna,1
878=,Julie-Ann,1
878=,Julieann,1
878=,Jumoke,1
878=,Juno,1
878=,Justine,1
878=,Kaella,1
878=,Kaireen,1
878=,Kairene,1
878=,Kandy,1
878=,Kar-Po,1
878=,Kar-Yee,1
878=,Karan,1
878=,Kareen,1
878=,Kareena,1
878=,Karema,1
878=,Karena,1
878=,Karienne,1
878=,Karli,1
878=,Karlin,1
878=,Karn,1
878=,Karra,1
878=,Karreen,1
878=,Karrina,1
878=,Karrisa,1
878=,Karry,1
878=,Karyl-Anne,1
878=,Kasey,1
878=,Kassandra,1
878=,Kassie,1
878=,Katerina,1
878=,Katerine,1
878=,Kathaleen,1
878=,Kathleene,1
878=,Kathlyn,1
878=,Katie-Ann,1
878=,Katie-Anne,1
878=,Katina,1
878=,Katrian,1
878=,Katriena,1
878=,Katrine,1
878=,Katy-Jo,1
878=,Kausar,1
878=,Kayrin,1
878=,Kazia,1
878=,Kearney,1
878=,Keavy,1
878=,Keeley,1
878=,Keirra,1
878=,Keli,1
878=,Kellymarie,1
878=,Kelsie,1
878=,Kenlyne,1
878=,Keri-Ann,1
878=,Kerianne,1
878=,Kerie,1
878=,Keris,1
878=,Kerlynn,1
878=,Kerria,1
878=,Kerrianne,1
878=,Kerrie-Ann,1
878=,Kerriena,1
878=,Kerrin,1
878=,Kerry-Jayne,1
878=,Kerryll,1
878=,Kesa,1
878=,Kether,1
878=,Kezia,1
878=,Keziah,1
878=,Khadijah,1
878=,Khalda,1
878=,Khansa,1
878=,Khirsty,1
878=,Khushmeena,1
878=,Kiara,1
878=,Kiera,1
878=,Kimberlynn,1
878=,Kingsleigh,1
878=,Kinsey,1
878=,Kiriaki,1
878=,Kirinjeet,1
878=,Kirrin,1
878=,Kirstein,1
878=,Kirstene,1
878=,Kirsty-Louise,1
878=,Kirstyn,1
878=,Kishwar,1
878=,Klayre,1
878=,Koran,1
878=,Krista,1
878=,Kristeen,1
878=,Kristel,1
878=,Kristie,1
878=,Kristiina,1
878=,Krysia,1
878=,Krysta,1
878=,Krystel,1
878=,Krystina,1
878=,Krysty,1
878=,Kuldeep,1
878=,Kyla,1
878=,Kyle,1
878=,Kyleigh,1
878=,Kymberley,1
878=,Kyme,1
878=,Kyra,1
878=,Kyrsten,1
878=,Lacey,1
878=,Laela,1
878=,Laianne,1
878=,Laina,1
878=,Lakbir,1
878=,Lana-Jayne,1
878=,Lane,1
878=,Larraine,1
878=,Latoya,1
878=,Laura-Jayne,1
878=,Laura-Lee,1
878=,Laura-May,1
878=,Lauran,1
878=,Laurel,1
878=,Laurine,1
878=,Laurna,1
878=,Laverne,1
878=,Lavri,1
878=,Lawrenca,1
878=,Lawrie,1
878=,Layna,1
878=,Le-Von,1
878=,Lea-Anne,1
878=,Leanda,1
878=,Leaona,1
878=,Leasa,1
878=,Leeana,1
878=,Leeanna,1
878=,Leeona,1
878=,Leesa,1
878=,Lei-Yuen,1
878=,Leia,1
878=,Leisa,1
878=,Leonah,1
878=,Leonara,1
878=,Leonette,1
878=,Leoni,1
878=,Leonna,1
878=,Leonora,1
878=,Leonora-Maria,1
878=,Lesa,1
878=,Lesli,1
878=,Leyla,1
878=,Lezah,1
878=,Lhara,1
878=,Lia,1
878=,Lila,1
878=,Lily,1
878=,Limara,1
878=,Linda-Marie,1
878=,Lindsay-Ann,1
878=,Lindsey-Anne,1
878=,Lindy-Ann,1
878=,Ling,1
878=,Linsey-Anne,1
878=,Linzie,1
878=,Linzy,1
878=,Lisel,1
878=,Litsa,1
878=,Livia,1
878=,Lizza,1
878=,Llana,1
878=,Lochwinder,1
878=,Lorayne,1
878=,Loreen,1
878=,Lorena,1
878=,Lori-Anne,1
878=,Lorissa,1
878=,Lorraina,1
878=,Lorrayne,1
878=,Lubna,1
878=,Luce,1
878=,Lucia,1
878=,Luciana,1
878=,Lucille,1
878=,Luckbeer,1
878=,Luellen,1
878=,Luisa-Maria,1
878=,Lutfa,1
878=,Luvisa,1
878=,Lyanne,1
878=,Lyianne,1
878=,Lyla,1
878=,Lyn-Marie,1
878=,Lynanne,1
878=,Lyndie,1
878=,Lyndsey-Ann,1
878=,Lyndzay,1
878=,Lyne,1
878=,Lynnanne,1
878=,Lynnsey,1
878=,Lynsaye,1
878=,Lynsey-Ann,1
878=,Lynsy,1
878=,Lynzy,1
878=,Madaleine,1
878=,Madelyne,1
878=,Madhur,1
878=,Magali,1
878=,Magdalene,1
878=,Maha,1
878=,Mahreen,1
878=,Mahri,1
878=,Mahrosh,1
878=,Maia,1
878=,Maighan,1
878=,Mairead-Louise,1
878=,Mairi-Anne,1
878=,Mairi-Claire,1
878=,Mairianne,1
878=,Malaina,1
878=,Malica,1
878=,Malliehe,1
878=,Mamona,1
878=,Man,1
878=,Manaz,1
878=,Mandi,1
878=,Mandylea,1
878=,Manvir,1
878=,Marea,1
878=,Marekha,1
878=,Maressa,1
878=,Maretta,1
878=,Margaret-Ann,1
878=,Margaret-Anne,1
878=,Margaux,1
878=,Margo,1
878=,Margot,1
878=,Margret,1
878=,Maria-Isabel,1
878=,Maria-Theresa,1
878=,Mariah,1
878=,Mariane,1
878=,Mariann,1
878=,Marianna,1
878=,Marica,1
878=,Marie-Ann,1
878=,Marie-Luise,1
878=,Mariea,1
878=,Mariel,1
878=,Mariesa,1
878=,Mariessa,1
878=,Marija,1
878=,Mariko,1
878=,Mariona,1
878=,Marita,1
878=,Marlynne,1
878=,Marna,1
878=,Marni,1
878=,Marrissa,1
878=,Marsailidh,1
878=,Marta,1
878=,Martinette,1
878=,Martyne,1
878=,Mary-Jo,1
878=,Maryam,1
878=,Marylin,1
878=,Masaraf,1
878=,Maud,1
878=,Maura,1
878=,Maura-Ann,1
878=,Maya,1
878=,Meagan,1
878=,Meghan,1
878=,Meghann,1
878=,Mehenaz,1
878=,Mehrunnisa,1
878=,Mei,1
878=,Melaney,1
878=,Melanie-Claire,1
878=,Melea,1
878=,Meleha,1
878=,Melinda,1
878=,Melisa,1
878=,Mellisa,1
878=,Melloney,1
878=,Mellonie,1
878=,Mena,1
878=,Menza,1
878=,Merav,1
878=,Meryem,1
878=,Meta,1
878=,Metsa,1
878=,Mhairi-Clare,1
878=,Mhorag,1
878=,Michael,1
878=,Michaelina,1
878=,Michaella,1
878=,Michala,1
878=,Michel,1
878=,Michela,1
878=,Milissa,1
878=,Mina,1
878=,Mireece,1
878=,Mirjam,1
878=,Mirren,1
878=,Misba,1
878=,Misbah,1
878=,Mitra,1
878=,Miya,1
878=,Mon,1
878=,Monique,1
878=,Montaha,1
878=,Moreen,1
878=,Morena,1
878=,Morina,1
878=,Morounkeji,1
878=,Morvyn,1
878=,Mosa,1
878=,Mousumy,1
878=,Moyra,1
878=,Mubina,1
878=,Muire,1
878=,Mujibun,1
878=,Muryum,1
878=,Myzoon,1
878=,Naa,1
878=,Naaila,1
878=,Naba,1
878=,Nabela,1
878=,Nabila,1
878=,Nadea,1
878=,Naden,1
878=,Nadina,1
878=,Nafeesa,1
878=,Nageena,1
878=,Naheed,1
878=,Naila,1
878=,Naiomi,1
878=,Najah,1
878=,Naoine,1
878=,Nardin,1
878=,Narelle,1
878=,Nargas,1
878=,Nargus,1
878=,Naseem-Riaz,1
878=,Nassma,1
878=,Natalee,1
878=,Natali,1
878=,Nataly,1
878=,Natasa,1
878=,Natascha,1
878=,Natasha-Ann,1
878=,Natazha,1
878=,Natelle,1
878=,Nattalie,1
878=,Naurice,1
878=,Naveera,1
878=,Navjyot,1
878=,Navkiren,1
878=,Nayab,1
878=,Nazenean,1
878=,Nazila,1
878=,Nazmin,1
878=,Needa,1
878=,Neeget,1
878=,Neesha,1
878=,Neetu,1
878=,Nellie,1
878=,Neomi,1
878=,Nerissa,1
878=,Neva,1
878=,Ngoc,1
878=,Nicola-Jean,1
878=,Nicole-Liane,1
878=,Nicolette,1
878=,Nicolle,1
878=,Nida,1
878=,Nidhi,1
878=,Niela,1
878=,Nienke,1
878=,Nimrit,1
878=,Niomi,1
878=,Nisha,1
878=,Nita-Jean,1
878=,Niya,1
878=,Niyati,1
878=,Nko,1
878=,Nooreen,1
878=,Nor,1
878=,Nora,1
878=,Norah,1
878=,Norrelle,1
878=,Norrien,1
878=,Nur,1
878=,Nurbaiti,1
878=,Nurnatasha,1
878=,Nurul,1
878=,Nurzafirah,1
878=,Nussaibah,1
878=,Nuzat,1
878=,Nyallia,1
878=,Nyla,1
878=,Nyshah,1
878=,Nyssa,1
878=,Oby,1
878=,Odette,1
878=,Olga,1
878=,Olubumi,1
878=,Olubunmi,1
878=,Olufunmilayo,1
878=,Oluwa,1
878=,Oluwafunmilayo,1
878=,Olwen,1
878=,Omara,1
878=,Omey,1
878=,Omnia,1
878=,Omotola,1
878=,Oona,1
878=,Opal,1
878=,Ophelia,1
878=,Orma,1
878=,Osha,1
878=,Ourania,1
878=,Padraigin,1
878=,Pagan,1
878=,Paisley,1
878=,Paola,1
878=,Pariya,1
878=,Parminder,1
878=,Pat,1
878=,Patsy,1
878=,Patti,1
878=,Paulene,1
878=,Pekie,1
878=,Peregrine,1
878=,Permbir,1
878=,Permjeet,1
878=,Phillippa,1
878=,Phoebe,1
878=,Phuong,1
878=,Phyllis,1
878=,Pia,1
878=,Poe-Qun,1
878=,Pooja,1
878=,Praveena,1
878=,Preetpal,1
878=,Pria,1
878=,Priya,1
878=,Punam,1
878=,Qudsia,1
878=,Queenie,1
878=,Raabia,1
878=,Rachele,1
878=,Rachelle,1
878=,Rachena,1
878=,Racsana,1
878=,Radha,1
878=,Radhika,1
878=,Rahila,1
878=,Rahma,1
878=,Raindrop,1
878=,Rajinete,1
878=,Rajnee,1
878=,Rajvinder,1
878=,Rajwant,1
878=,Ramassa,1
878=,Rania,1
878=,Rasha,1
878=,Rashidat,1
878=,Rashmi,1
878=,Rawa,1
878=,Rayann,1
878=,Razena,1
878=,Razina,1
878=,Razvana,1
878=,Razwana,1
878=,Reagan,1
878=,Rebeca,1
878=,Rebecca-Jane,1
878=,Rebeccah,1
878=,Reece,1
878=,Regina,1
878=,Rena,1
878=,Revi,1
878=,Rhia,1
878=,Rhian,1
878=,Rhobynn,1
878=,Rhowenna,1
878=,Rhya,1
878=,Rian,1
878=,Rifahat,1
878=,Riffat,1
878=,Rikisha,1
878=,Rikki-Ann,1
878=,Rilleen,1
878=,Rinku,1
878=,Roanna,1
878=,Robertamay,1
878=,Rohan,1
878=,Romila,1
878=,Rone,1
878=,Ronny,1
878=,Ros,1
878=,Rosa,1
878=,Rosalie,1
878=,Rosalynne,1
878=,Rosaria,1
878=,Rose-Ann,1
878=,Rose-Anne,1
878=,Roseanna,1
878=,Rosella,1
878=,Rosheen,1
878=,Roshni,1
878=,Rosina,1
878=,Roslind,1
878=,Roslyn-Diane,1
878=,Roslynn,1
878=,Rowanne,1
878=,Roxana,1
878=,Roya,1
878=,Rozalja,1
878=,Rozanne,1
878=,Ruby,1
878=,Rumana,1
878=,Rupinder,1
878=,Ryanne,1
878=,Saadia,1
878=,Saaima,1
878=,Sabah,1
878=,Sabba,1
878=,Sacha-Chiara,1
878=,Sadea,1
878=,Sader,1
878=,Sadrah,1
878=,Safeena,1
878=,Saffron,1
878=,Safiha,1
878=,Safina,1
878=,Sahdia,1
878=,Saher,1
878=,Sahra,1
878=,Sahri,1
878=,Sain,1
878=,Saiqa,1
878=,Sair,1
878=,Sairah,1
878=,Sairia,1
878=,Saleena,1
878=,Sally-Ann,1
878=,Sally-Anne,1
878=,Salma,1
878=,Saman,1
878=,Samantha-Ann,1
878=,Samantha-Louise,1
878=,Sameera,1
878=,Samerah,1
878=,Samian,1
878=,Sammie-Jo,1
878=,Samyra,1
878=,Sana,1
878=,Sandeep,1
878=,Sandeesh,1
878=,Sandy,1
878=,Sanjana,1
878=,Saoirse,1
878=,Sapna,1
878=,Sapphire,1
878=,Sara-Lynn,1
878=,Sarah-Jayne,1
878=,Sarala,1
878=,Saran,1
878=,Saraswathi,1
878=,Sardia,1
878=,Sarndeep,1
878=,Satvinder,1
878=,Sau,1
878=,Sausan,1
878=,Sbah,1
878=,Seameen,1
878=,See,1
878=,Seema,1
878=,Seeta,1
878=,Sehr,1
878=,Sehra,1
878=,Sei,1
878=,Seira,1
878=,Sejal,1
878=,Seka,1
878=,Sekunda,1
878=,Semone,1
878=,Senia,1
878=,Seonad,1
878=,Seonagh,1
878=,Serina,1
878=,Seylina,1
878=,Shabina,1
878=,Shabnum,1
878=,Shagufta,1
878=,Shahd,1
878=,Shairine,1
878=,Shakeela,1
878=,Shakeera,1
878=,Shalene,1
878=,Shamaela,1
878=,Shamaila,1
878=,Shamane,1
878=,Shamela,1
878=,Shamillah,1
878=,Shamsa,1
878=,Shan,1
878=,Shanelle,1
878=,Shanette,1
878=,Shani,1
878=,Shanita,1
878=,Shanthini,1
878=,Shareise,1
878=,Sharelle,1
878=,Sharene,1
878=,Shari,1
878=,Sharis,1
878=,Sharise,1
878=,Sharisse,1
878=,Sharita,1
878=,Sharlean,1
878=,Sharlene-Anne,1
878=,Sharlyn,1
878=,Sharmaine,1
878=,Shaska,1
878=,Shatha,1
878=,Shayla,1
878=,Shayron,1
878=,Shazeea,1
878=,Shee,1
878=,Sheerin,1
878=,Shehla,1
878=,Shehnaz,1
878=,Sheilann,1
878=,Sheli,1
878=,Shellagh,1
878=,Shelly-Ann,1
878=,Shenagh,1
878=,Shenaz,1
878=,Sheralyn,1
878=,Sherelle,1
878=,Sheri-Lee,1
878=,Sheridan,1
878=,Sherine,1
878=,Sherlene,1
878=,Sherley,1
878=,Sherri,1
878=,Sherrill,1
878=,Sherrylee,1
878=,Shery,1
878=,Shevan,1
878=,Shibblee,1
878=,Shira,1
878=,Shiree,1
878=,Shireen,1
878=,Shirell,1
878=,Shirley-Ann,1
878=,Shirleyann,1
878=,Shivone,1
878=,Shmyala,1
878=,Shonadh,1
878=,Shonna,1
878=,Shu,1
878=,Shuna,1
878=,Sianann,1
878=,Siarah,1
878=,Sidra,1
878=,Sierra,1
878=,Silvana,1
878=,Simmone,1
878=,Simonne,1
878=,Simran,1
878=,Sinamis,1
878=,Sindy,1
878=,Siobhain,1
878=,Siobhon,1
878=,Sionaid,1
878=,Sirinder,1
878=,Siti,1
878=,Siu,1
878=,Smaira,1
878=,So,1
878=,Sobbia,1
878=,Sobiea,1
878=,Sofia,1
878=,Solene,1
878=,Somay,1
878=,Somiah,1
878=,Sonita,1
878=,Sonja,1
878=,Soo,1
878=,Sophina,1
878=,Sora,1
878=,Soraya,1
878=,Soreya,1
878=,Stacey-Anne,1
878=,Staci,1
878=,Stacy-Ann,1
878=,Stana,1
878=,Stasa,1
878=,Steph,1
878=,Stephnie,1
878=,Storm,1
878=,Stveara,1
878=,Sue,1
878=,Suja,1
878=,Sujata,1
878=,Sujina,1
878=,Sukhdeep,1
878=,Sukhjit,1
878=,Sulea,1
878=,Sumaira,1
878=,Suman,1
878=,Sumayyah,1
878=,Sumeira,1
878=,Sumera,1
878=,Sumerah,1
878=,Sundas,1
878=,Sunita,1
878=,Sunna,1
878=,Supneet,1
878=,Surjeet,1
878=,Susanah,1
878=,Suzanna,1
878=,Suzie,1
878=,Sveena,1
878=,Svetlana,1
878=,Syeda,1
878=,Syma,1
878=,Symma,1
878=,Syvona,1
878=,Tabassam,1
878=,Tahira,1
878=,Tahmina,1
878=,Taiwo,1
878=,Taiyewo,1
878=,Talia,1
878=,Tamala,1
878=,Tamanda,1
878=,Tami,1
878=,Tamise,1
878=,Tamlyn,1
878=,Tamlyne,1
878=,Tammy-Louise,1
878=,Tanith,1
878=,Tanja,1
878=,Tansy,1
878=,Tanzeel,1
878=,Tarnia,1
878=,Taslim,1
878=,Tasmia,1
878=,Tauseef,1
878=,Tayba,1
878=,Tayseer,1
878=,Tehaba,1
878=,Temitope,1
878=,Terry,1
878=,Teyba,1
878=,Thaleia,1
878=,Thalia,1
878=,Therese,1
878=,Thesha,1
878=,Thi,1
878=,Thomasine,1
878=,Thora,1
878=,Thzeem,1
878=,Tiana,1
878=,Tibessem,1
878=,Tiffani,1
878=,Tineke,1
878=,Tonia,1
878=,Toyah,1
878=,Tracey-Anne,1
878=,Trayo,1
878=,Trina,1
878=,Triona,1
878=,Tuesday,1
878=,Tusleam,1
878=,Tyaesha,1
878=,Uchenna,1
878=,Udani,1
878=,Ujala,1
878=,Ula,1
878=,Umme,1
878=,Uzmah,1
878=,Vahri,1
878=,Vairi,1
878=,Valarie,1
878=,Vanda,1
878=,Vandana,1
878=,Vani,1
878=,Vanya,1
878=,Veyoma,1
878=,Vharie,1
878=,Vicky-Louise,1
878=,Victoria-Anne,1
878=,Victoria-Jane,1
878=,Vidya,1
878=,Vijay,1
878=,Viki,1
878=,Vikki-Anne,1
878=,Vikki-Leigh,1
878=,Vivianne,1
878=,Vu,1
878=,Wajeeha,1
878=,Wallis,1
878=,Wardah,1
878=,Williamina,1
878=,Winnie,1
878=,Won,1
878=,Wun,1
878=,Xanthe,1
878=,Xenia,1
878=,Yan,1
878=,Yasemin,1
878=,Yasmeen,1
878=,Yasmen,1
878=,Yethnde,1
878=,Yin,1
878=,Yoko,1
878=,Yolanda,1
878=,Yuen,1
878=,Yuk,1
878=,Zainab,1
878=,Zainami,1
878=,Zakya,1
878=,Zamantha,1
878=,Zanib,1
878=,Zareena,1
878=,Zarra,1
878=,Zaynab,1
878=,Zeenat,1
878=,Zeinab,1
878=,Zena,1
878=,Zhera-Lee,1
878=,Zita,1
878=,Zoe-Anne,1
878=,Zohra,1
878=,Zoie-Jane,1
878=,Zowie,1
