Position,Name,Number of babies
1,Laura,1185
2,Claire,917
3,Jennifer,850
4,Nicola,730
5,Lisa,727
6,Sarah,693
7,Louise,623
8,Michelle,594
9,Emma,528
10,Gemma,508
11,Kirsty,486
12,Fiona,470
13,Gillian,462
14,Karen,398
15,Donna,340
16,Lynsey,330
17,Victoria,307
18,Natalie,291
19,Kelly,280
20,Leanne,273
21,Julie,260
22,Susan,257
23,Amanda,249
24,Pamela,247
25,Lauren,246
26,Joanne,245
27,Angela,244
28,Alison,240
29,Jenna,237
30,Stephanie,235
31,Cheryl,234
32=,Catherine,228
32=,Stacey,228
34,Elizabeth,226
35,Caroline,223
36=,Heather,222
36=,Suzanne,222
38,Jacqueline,212
39,Samantha,211
40,Amy,210
41,Deborah,207
42,Lindsay,196
43,Charlene,194
44,Rachel,189
45=,Kerry,180
45=,Lesley,180
47,Sharon,177
48,Lorna,176
49,Clare,172
50,Ashley,170
51,Elaine,158
52,Kimberley,152
53,Lorraine,151
54,Lynne,150
55,Lynn,148
56,Debbie,140
57,Rebecca,136
58,Helen,135
59,Yvonne,133
60=,Diane,126
60=,Joanna,126
60=,Paula,126
63=,Danielle,124
63=,Margaret,124
65,Dawn,119
66,Tracy,116
67,Christine,114
68,Linda,112
69,Tracey,108
70,Catriona,107
71,Ruth,106
72,Siobhan,103
73,Jane,98
74,Pauline,97
75=,Eilidh,96
75=,Hayley,96
75=,Mary,96
78,Hazel,95
79,Anna,94
80,Melissa,93
81=,Alana,92
81=,Katie,92
81=,Shona,92
84=,Carol,90
84=,Jill,90
86=,Katherine,88
86=,Kathleen,88
86=,Kathryn,88
86=,Lyndsay,88
90=,Andrea,87
90=,Lyndsey,87
92,Kim,85
93,Jillian,81
94,Katrina,79
95,Marie,78
96=,Anne,76
96=,Sara,76
98=,Christina,73
98=,Lucy,73
98=,Melanie,73
101,Mhairi,71
102,Hannah,69
103,Stacy,68
104=,Emily,65
104=,Kirsten,65
104=,Lindsey,65
104=,Natasha,65
108,Erin,64
109=,Denise,63
109=,Vicky,63
111,Zoe,61
112,Wendy,60
113=,Carrie,59
113=,Jemma,59
115,Rachael,57
116,Leigh,55
117,Gail,54
118=,Jade,53
118=,Kimberly,53
120=,Arlene,52
120=,Ashleigh,52
120=,Cara,52
120=,Leeanne,52
124=,Gayle,51
124=,Sandra,51
126=,Adele,50
126=,Charlotte,50
126=,Maria,50
126=,Nicole,50
126=,Nikki,50
131=,Ann,49
131=,Mandy,49
133=,Lee,48
133=,Vicki,48
135,Holly,47
136,Carolyn,46
137,Kate,43
138=,Aileen,41
138=,Julia,41
138=,Lianne,41
141=,Jayne,40
141=,Lynsay,40
143,Frances,39
144,Mairi,38
145=,Naomi,37
145=,Patricia,37
145=,Shelley,37
148,Nichola,36
149=,Barbara,35
149=,Nadia,35
151=,Jodie,34
151=,Rhona,34
153=,Colette,33
153=,Vikki,33
155=,Ailsa,32
155=,Allison,32
155=,Katy,32
155=,Kirstin,32
155=,Linsey,32
155=,Megan,32
155=,Sophie,32
162,Aimee,31
163=,Alice,30
163=,Jaclyn,30
163=,Janine,30
163=,Judith,30
167=,Carla,29
167=,Janet,29
167=,Lee-Anne,29
167=,Tanya,29
171=,Ellen,28
171=,Kara,28
171=,Kerri,28
171=,Leah,28
171=,Marion,28
171=,Morag,28
177,Leona,27
178=,Alexandra,26
178=,Clair,26
178=,Leeann,26
178=,Marianne,26
178=,Tammy,26
183=,Debra,25
183=,Lee-Ann,25
185=,Bernadette,24
185=,Eileen,24
185=,Hollie,24
185=,Linzi,24
185=,Terri,24
190=,Alanna,23
190=,Diana,23
190=,Grace,23
190=,Jenny,23
190=,Kay,23
190=,Kirsteen,23
190=,Sarah-Jane,23
190=,Sheryl,23
190=,Zara,23
199=,Alexis,22
199=,Carly,22
199=,Chloe,22
199=,Dionne,22
199=,Kerrie,22
199=,Louisa,22
199=,Nadine,22
199=,Theresa,22
207=,Dianne,21
207=,Georgina,21
207=,Geraldine,21
207=,Sally,21
211=,Alyson,20
211=,Audrey,20
211=,Eleanor,20
211=,Iona,20
211=,Isla,20
211=,Jean,20
211=,Jessica,20
211=,Lynda,20
219=,Jody,19
219=,Kirstie,19
219=,Lori,19
219=,Maureen,19
219=,Valerie,19
224=,Allana,18
224=,Collette,18
224=,Justine,18
224=,Lara,18
224=,Robyn,18
224=,Simone,18
224=,Stefanie,18
231=,Abigail,17
231=,Anne-Marie,17
231=,Colleen,17
231=,Irene,17
231=,Josephine,17
231=,Karyn,17
231=,Lynette,17
231=,Maxine,17
231=,Rosemary,17
231=,Sonia,17
231=,Susannah,17
231=,Teresa,17
231=,Toni,17
244=,Beverley,16
244=,Kylie,16
244=,Laurie,16
244=,Miriam,16
244=,Tara,16
249=,Anita,15
249=,Annmarie,15
249=,Charmaine,15
249=,Joan,15
249=,Johanna,15
249=,Michele,15
249=,Morven,15
256=,Ainsley,14
256=,Alicia,14
256=,Corinne,14
256=,Evelyn,14
256=,Jodi,14
256=,Katharine,14
256=,Mari,14
256=,Shirley,14
256=,Sian,14
265=,Carole,13
265=,Erica,13
265=,Eve,13
265=,Genna,13
265=,June,13
265=,Keri,13
265=,Martine,13
265=,Moira,13
265=,Rowan,13
265=,Stacie,13
275=,Annette,12
275=,Catrina,12
275=,Jacqui,12
275=,Jamie,12
275=,Lesley-Anne,12
275=,Nina,12
275=,Sheena,12
275=,Sophia,12
275=,Teri,12
284=,Beth,11
284=,Dana,11
284=,Faye,11
284=,Janette,11
284=,Janice,11
284=,Joyce,11
284=,Kelly-Ann,11
284=,Lyn,11
284=,Rosalind,11
284=,Roslyn,11
284=,Sandie,11
284=,Sharlene,11
284=,Sheila,11
284=,Tina,11
284=,Veronica,11
284=,Vivienne,11
300=,Antonia,10
300=,Bryony,10
300=,Dee,10
300=,Esther,10
300=,Haley,10
300=,Helena,10
300=,Isabel,10
300=,Jolene,10
300=,Kerry-Ann,10
300=,Krystal,10
300=,Leann,10
300=,Leighanne,10
300=,Linsay,10
300=,Liza,10
300=,Lois,10
300=,Miranda,10
300=,Nazia,10
300=,Penny,10
300=,Selina,10
300=,Sheree,10
300=,Vanessa,10
321=,Amber,9
321=,Annemarie,9
321=,April,9
321=,Avril,9
321=,Carina,9
321=,Crystal,9
321=,Elisabeth,9
321=,Eva,9
321=,Francesca,9
321=,Heidi,9
321=,Ingrid,9
321=,Jackie,9
321=,Jan,9
321=,Johanne,9
321=,Julie-Anne,9
321=,Kellie,9
321=,Lana,9
321=,Olivia,9
321=,Ria,9
321=,Roisin,9
321=,Rona,9
321=,Sinead,9
321=,Susanne,9
321=,Verity,9
345=,Allyson,8
345=,Amie,8
345=,Annie,8
345=,Brenda,8
345=,Candice,8
345=,Carol-Ann,8
345=,Carolann,8
345=,Casey,8
345=,Connie,8
345=,Elise,8
345=,Erika,8
345=,Evonne,8
345=,Gaynor,8
345=,Isabella,8
345=,Isobel,8
345=,Karla,8
345=,Laura-Jane,8
345=,Lesley-Ann,8
345=,Lucinda,8
345=,Roxanne,8
345=,Sabrina,8
345=,Seonaid,8
345=,Sylvia,8
368=,Abby,7
368=,Ailie,7
368=,Angie,7
368=,Carol-Anne,7
368=,Coleen,7
368=,Elspeth,7
368=,Felicity,7
368=,Hilary,7
368=,Karin,7
368=,Keira,7
368=,Kelly-Anne,7
368=,Krystle,7
368=,Leigh-Anne,7
368=,Liane,7
368=,Mariam,7
368=,Marina,7
368=,Mhari,7
368=,Monica,7
368=,Niki,7
368=,Rowena,7
368=,Saira,7
368=,Serena,7
368=,Shannon,7
368=,Shazia,7
368=,Sonya,7
368=,Tegan,7
394=,Aisha,6
394=,Alannah,6
394=,Alexa,6
394=,Bianca,6
394=,Bonnie,6
394=,Brooke,6
394=,Camilla,6
394=,Carmen,6
394=,Cassandra,6
394=,Cherie,6
394=,Donna-Marie,6
394=,Fallon,6
394=,Fern,6
394=,Gabrielle,6
394=,Gina,6
394=,Jay,6
394=,Jo-Anne,6
394=,Johan,6
394=,Julie-Ann,6
394=,Katriona,6
394=,Kerryann,6
394=,Kirstine,6
394=,Kristine,6
394=,Kristy,6
394=,Laura-Ann,6
394=,Lindy,6
394=,Lydia,6
394=,Marissa,6
394=,Mechelle,6
394=,Morna,6
394=,Nicki,6
394=,Philippa,6
394=,Rebekah,6
394=,Roberta,6
394=,Sadia,6
394=,Shabana,6
394=,Sharron,6
394=,Shelly,6
394=,Tammie,6
394=,Tamsin,6
394=,Tania,6
394=,Vickie,6
394=,Wai,6
437=,Agnes,5
437=,Ann-Marie,5
437=,Annabel,5
437=,Belinda,5
437=,Carolanne,5
437=,Caron,5
437=,Carrie-Anne,5
437=,Ceri,5
437=,Christie,5
437=,Hailey,5
437=,Hanna,5
437=,Hazell,5
437=,India,5
437=,Ishbel,5
437=,Jacquelyn,5
437=,Jeanette,5
437=,Jenifer,5
437=,Jo,5
437=,Jocelyn,5
437=,Joy,5
437=,Karina,5
437=,Kaye,5
437=,Kellyanne,5
437=,Krista,5
437=,Leigh-Ann,5
437=,Lillian,5
437=,Lynnette,5
437=,Marian,5
437=,Marlene,5
437=,Rhea,5
437=,Sara-Jane,5
437=,Shauna,5
437=,Sheona,5
437=,Shonagh,5
437=,Susanna,5
437=,Tracie,5
473=,Adelle,4
473=,Alia,4
473=,Alisha,4
473=,Amelia,4
473=,Annika,4
473=,Asia,4
473=,Bobbie,4
473=,Caitlin,4
473=,Caren,4
473=,Carlene,4
473=,Carrie-Ann,4
473=,Charis,4
473=,Cheree,4
473=,Claire-Louise,4
473=,Corrine,4
473=,Daniella,4
473=,Darlene,4
473=,Davina,4
473=,Donnamarie,4
473=,Dorothy,4
473=,Elinor,4
473=,Emma-Jane,4
473=,Emma-Louise,4
473=,Faith,4
473=,Farah,4
473=,Flora,4
473=,Gwen,4
473=,Ilona,4
473=,Imogen,4
473=,Jaime,4
473=,Janey,4
473=,Jemima,4
473=,Joann,4
473=,Joni,4
473=,Jordana,4
473=,Kareen,4
473=,Karly,4
473=,Kerry-Anne,4
473=,Kiran,4
473=,Kristie,4
473=,Kristin,4
473=,Kristina,4
473=,Kym,4
473=,Layla,4
473=,Leighann,4
473=,Liana,4
473=,Lisa-Marie,4
473=,Loren,4
473=,Marisa,4
473=,Martina,4
473=,May,4
473=,Mellissa,4
473=,Morgan,4
473=,Natalia,4
473=,Nathalie,4
473=,Nicolle,4
473=,Nikola,4
473=,Noreen,4
473=,Nosheen,4
473=,Penelope,4
473=,Rachelle,4
473=,Rhian,4
473=,Rochelle,4
473=,Rosaleen,4
473=,Sana,4
473=,Sarah-Louise,4
473=,Senga,4
473=,Shari,4
473=,Stephenie,4
473=,Terrie,4
473=,Tessa,4
473=,Vivien,4
473=,Yasmin,4
473=,Yvette,4
547=,Abbie,3
547=,Adrienne,3
547=,Afton,3
547=,Alanah,3
547=,Alexandria,3
547=,Allanah,3
547=,Amal,3
547=,Ami,3
547=,Anne-Louise,3
547=,Arianne,3
547=,Ayesha,3
547=,Aysha,3
547=,Bethany,3
547=,Briony,3
547=,Camille,3
547=,Carey,3
547=,Caryn,3
547=,Cassie,3
547=,Chantel,3
547=,Chiara,3
547=,Christy,3
547=,Ciara,3
547=,Deanne,3
547=,Debora,3
547=,Dominique,3
547=,Elena,3
547=,Eliza,3
547=,Emma-Jayne,3
547=,Farhana,3
547=,Fozia,3
547=,Francine,3
547=,Greer,3
547=,Harriet,3
547=,Jasmine,3
547=,Jeannette,3
547=,Judy,3
547=,Julieann,3
547=,Karan,3
547=,Kari,3
547=,Karis,3
547=,Katey,3
547=,Kellyann,3
547=,Kirsti,3
547=,Kirstyn,3
547=,Kristen,3
547=,Kyla,3
547=,Lacey,3
547=,Laila,3
547=,Laraine,3
547=,Larissa,3
547=,Laura-Anne,3
547=,Laureen,3
547=,Lea,3
547=,Lea-Anne,3
547=,Leanna,3
547=,Lena,3
547=,Leonie,3
547=,Lilian,3
547=,Linn,3
547=,Loraine,3
547=,Lucia,3
547=,Madeleine,3
547=,Maeve,3
547=,Mandi,3
547=,Marcella,3
547=,Margot,3
547=,Marie-Ann,3
547=,Marie-Clare,3
547=,Marjory,3
547=,Martha,3
547=,Marwa,3
547=,Maryanne,3
547=,Mhorag,3
547=,Michaela,3
547=,Monique,3
547=,Nisha,3
547=,Priya,3
547=,Rabia,3
547=,Rhia,3
547=,Rhoda,3
547=,Rhonda,3
547=,Rita,3
547=,Robin,3
547=,Romana,3
547=,Rosalyn,3
547=,Rosamund,3
547=,Rose,3
547=,Roseanne,3
547=,Rozlyn,3
547=,Saima,3
547=,Sairah,3
547=,Samina,3
547=,Sasha,3
547=,Shama,3
547=,Shamaila,3
547=,Shareen,3
547=,Sharyn,3
547=,Shelagh,3
547=,Shereen,3
547=,Shiona,3
547=,Shirley-Ann,3
547=,Sofia,3
547=,Sophy,3
547=,Stacey-Ann,3
547=,Stella,3
547=,Suzann,3
547=,Tamara,3
547=,Therese,3
547=,Tricia,3
547=,Uzma,3
547=,Vhari,3
547=,Viki,3
547=,Zoey,3
660=,Adel,2
660=,Adeline,2
660=,Adrianna,2
660=,Aillish,2
660=,Aimie,2
660=,Ainslie,2
660=,Aishah,2
660=,Alisa,2
660=,Alix,2
660=,Allanagh,2
660=,Ambreen,2
660=,Amina,2
660=,Amira,2
660=,Amna,2
660=,Andrena,2
660=,Andria,2
660=,Anisa,2
660=,Anjali,2
660=,Anna-Louise,2
660=,Annabelle,2
660=,Anya,2
660=,Aoife,2
660=,Ariane,2
660=,Arran,2
660=,Ashlea,2
660=,Ashliegh,2
660=,Ashly,2
660=,Asma,2
660=,Astrid,2
660=,Aynslie,2
660=,Batool,2
660=,Becky,2
660=,Bethan,2
660=,Billie,2
660=,Blair,2
660=,Bridget,2
660=,Careen,2
660=,Cari,2
660=,Carine,2
660=,Carlyn,2
660=,Carolyne,2
660=,Cathleen,2
660=,Cathrine,2
660=,Cathy,2
660=,Celine,2
660=,Chanel,2
660=,Charise,2
660=,Charleen,2
660=,Charline,2
660=,Cheryl-Ann,2
660=,Cheryll,2
660=,Chevonne,2
660=,Christopher,2
660=,Cindy,2
660=,Claudia,2
660=,Clayre,2
660=,Clementine,2
660=,Constance,2
660=,Coreena,2
660=,Courtney,2
660=,Dalia,2
660=,Daniela,2
660=,Debbi,2
660=,Dee-Anne,2
660=,Deirdre,2
660=,Delia,2
660=,Denice,2
660=,Deonne,2
660=,Dianna,2
660=,Dielle,2
660=,Doreen,2
660=,Dyan,2
660=,Edwina,2
660=,Eilida,2
660=,Eilish,2
660=,Ella,2
660=,Eloise,2
660=,Emily-Jane,2
660=,Erinn,2
660=,Errin,2
660=,Esme,2
660=,Fatima,2
660=,Finola,2
660=,Freya,2
660=,Gael,2
660=,Gayna,2
660=,Gemma-Louise,2
660=,Glenda,2
660=,Harpreet,2
660=,Helaina,2
660=,Humaira,2
660=,Inez,2
660=,Isa,2
660=,Islay,2
660=,Isma,2
660=,Janis,2
660=,Jaspreet,2
660=,Jeannie,2
660=,Jennie,2
660=,Jessie,2
660=,Jo-Ann,2
660=,Jo-Anna,2
660=,Joelle,2
660=,Joleen,2
660=,Julianne,2
660=,Juliette,2
660=,Ka,2
660=,Karleen,2
660=,Karlyn,2
660=,Kassandra,2
660=,Kathy,2
660=,Kenna,2
660=,Kerryanne,2
660=,Kerryn,2
660=,Kira,2
660=,Kymberley,2
660=,Laurna,2
660=,Leesa,2
660=,Leighan,2
660=,Leila,2
660=,Leonne,2
660=,Lesli,2
660=,Leslie,2
660=,Letitia,2
660=,Lia,2
660=,Lian,2
660=,Linzy,2
660=,Lissa,2
660=,Lora,2
660=,Lorna-Ann,2
660=,Lucie,2
660=,Luisa,2
660=,Lyne,2
660=,Madeline,2
660=,Madiha,2
660=,Mandeep,2
660=,Mara,2
660=,Maree,2
660=,Marguerite,2
660=,Mari-Ann,2
660=,Mari-Claire,2
660=,Marie-Claire,2
660=,Mariessa,2
660=,Marilyn,2
660=,Mary-Ann,2
660=,Mary-Anne,2
660=,Marysia,2
660=,Maura,2
660=,Meganne,2
660=,Meghan,2
660=,Melina,2
660=,Mellisa,2
660=,Melody,2
660=,Molly,2
660=,Myra,2
660=,Nafisa,2
660=,Najma,2
660=,Nausheen,2
660=,Nerissa,2
660=,Nichole,2
660=,Nicola-Jane,2
660=,Nicolla,2
660=,Noor,2
660=,Norma,2
660=,Olwen,2
660=,Patrice,2
660=,Phillippa,2
660=,Polly,2
660=,Radha,2
660=,Raksana,2
660=,Rea,2
660=,Rebeca,2
660=,Regan,2
660=,Rhianna,2
660=,Rhianne,2
660=,Rio,2
660=,Rosemarie,2
660=,Ruby,2
660=,Rukhsana,2
660=,Ruqayyah,2
660=,Saiqa,2
660=,Samera,2
660=,Samira,2
660=,Sanah,2
660=,Sandeep,2
660=,Sandi,2
660=,Sanna,2
660=,Sarah-Elizabeth,2
660=,Sarajane,2
660=,Sarra,2
660=,Satveer,2
660=,Selena,2
660=,Seonad,2
660=,Shameem,2
660=,Shamila,2
660=,Shanna,2
660=,Shara,2
660=,Sharifah,2
660=,Sherie,2
660=,Shirene,2
660=,Silvana,2
660=,Sine,2
660=,Sumara,2
660=,Suzannah,2
660=,Tabitha,2
660=,Tasneem,2
660=,Tiffany,2
660=,Tyra,2
660=,Usma,2
660=,Violet,2
660=,Wilma,2
660=,Zainab,2
660=,Zaineb,2
660=,Zeenat,2
660=,Zowie,2
875=,Aaron,1
875=,Aasia,1
875=,Abaigeal,1
875=,Abbey,1
875=,Abbi,1
875=,Abida,1
875=,Abidah,1
875=,Adaline,1
875=,Adebanke,1
875=,Adeela,1
875=,Adelaide,1
875=,Adelyn,1
875=,Adena,1
875=,Adila,1
875=,Adonella,1
875=,Adorna,1
875=,Aemilia,1
875=,Aeyisha,1
875=,Afsha,1
875=,Afshan,1
875=,Agatha,1
875=,Aiasha,1
875=,Aideen,1
875=,Ailidh,1
875=,Ailsa-Louise,1
875=,Aimi,1
875=,Aimmi,1
875=,Aine,1
875=,Aishatu,1
875=,Aishling,1
875=,Aisleen,1
875=,Aissa,1
875=,Ajda,1
875=,Alaina,1
875=,Alaine,1
875=,Alanna-Louise,1
875=,Aleesha,1
875=,Aleida,1
875=,Aleksandra,1
875=,Alena,1
875=,Alexa-May,1
875=,Alexandrina,1
875=,Alexina,1
875=,Ali,1
875=,Aliaa,1
875=,Alicia-Jane,1
875=,Alieea,1
875=,Aliesha,1
875=,Aline,1
875=,Alisanne,1
875=,Alishia,1
875=,Alix-Marie,1
875=,Allahna,1
875=,Allannah,1
875=,Allexs,1
875=,Allisia,1
875=,Almas,1
875=,Alycia,1
875=,Alyshia,1
875=,Alyssa,1
875=,Ama,1
875=,Amalia,1
875=,Amandeep,1
875=,Amandla,1
875=,Amani,1
875=,Amara,1
875=,Amaya,1
875=,Ambika,1
875=,Ambra,1
875=,Ameena,1
875=,Amel,1
875=,Amera,1
875=,Aminah,1
875=,Amita,1
875=,Ammie,1
875=,Amrit-Pal,1
875=,Amuche,1
875=,Amy-Clare,1
875=,Ana,1
875=,Anastasia,1
875=,Andrene,1
875=,Andrew,1
875=,Andrina,1
875=,Aneeka,1
875=,Aneela,1
875=,Aneka,1
875=,Anela,1
875=,Angelica,1
875=,Angelika,1
875=,Angelina,1
875=,Angeline,1
875=,Angharad,1
875=,Anika,1
875=,Aniononye,1
875=,Anisha,1
875=,Anissa,1
875=,Anjhaman,1
875=,Anji,1
875=,Ann-Louise,1
875=,Ann-Michelle,1
875=,Anna-Lise,1
875=,Anna-Patricia,1
875=,Annabell,1
875=,Annalee,1
875=,Annalily,1
875=,Annalisa,1
875=,Annamaria,1
875=,Annamarie,1
875=,Anndrea,1
875=,Anne-Maria,1
875=,Anneka,1
875=,Anneliese,1
875=,Annemaree,1
875=,Annise,1
875=,Annita,1
875=,Annmaree,1
875=,Anoop,1
875=,Anthea,1
875=,Antje,1
875=,Antoinette,1
875=,Antonella,1
875=,Anuli,1
875=,Anusha,1
875=,Ara,1
875=,Arabella,1
875=,Arianna,1
875=,Ariege,1
875=,Arij,1
875=,Arin,1
875=,Arisha,1
875=,Arleen,1
875=,Arlie,1
875=,Arlon,1
875=,Arooj,1
875=,Arwen,1
875=,Aseel,1
875=,Asfa,1
875=,Asha,1
875=,Ashlay,1
875=,Ashlee,1
875=,Ashlene,1
875=,Asiha,1
875=,Asiya,1
875=,Asiyah,1
875=,Asmaa,1
875=,Asna,1
875=,Asnah,1
875=,Asuima,1
875=,Atiyyah,1
875=,Atong,1
875=,Audre,1
875=,Aurelie,1
875=,Ausma,1
875=,Auzma,1
875=,Ava,1
875=,Avani,1
875=,Avanti,1
875=,Aveleen,1
875=,Averil,1
875=,Aviva,1
875=,Ayeasha-Ann,1
875=,Azriani,1
875=,Babka,1
875=,Baishali,1
875=,Baiyan,1
875=,Baljeet,1
875=,Barbara-Ellen,1
875=,Barirah,1
875=,Basanth,1
875=,Beata,1
875=,Bella,1
875=,Berinder,1
875=,Bethune,1
875=,Bilkis,1
875=,Blanche,1
875=,Brandie,1
875=,Breea,1
875=,Brenna,1
875=,Brid,1
875=,Bridgetta,1
875=,Brodie,1
875=,Bronwyn,1
875=,Bryoni,1
875=,Budorr,1
875=,Bushra,1
875=,Cairistiona,1
875=,Caitlyn,1
875=,Calum,1
875=,Cameilia,1
875=,Candida,1
875=,Candie,1
875=,Candy,1
875=,Cara-Lynn,1
875=,Cara-Marie,1
875=,Caragh,1
875=,Caraline,1
875=,Caralynn,1
875=,Carlie,1
875=,Carlien,1
875=,Carlynne,1
875=,Carmel,1
875=,Carmelia,1
875=,Carol-Lynne,1
875=,Caroleann,1
875=,Carolina,1
875=,Caroline-Lesley,1
875=,Carolynn,1
875=,Carolynne,1
875=,Carra,1
875=,Carrieann,1
875=,Cary,1
875=,Cassy,1
875=,Catherine-Ann,1
875=,Cathina,1
875=,Cazandra,1
875=,Cecilia,1
875=,Celeste,1
875=,Celia,1
875=,Chandelle,1
875=,Chanine,1
875=,Channine,1
875=,Chantelle,1
875=,Charah,1
875=,Charelene,1
875=,Charell,1
875=,Charisse,1
875=,Charleane,1
875=,Charlenne,1
875=,Charley,1
875=,Charly,1
875=,Charmain,1
875=,Charmiane,1
875=,Charo,1
875=,Chelsaye,1
875=,Chelsea,1
875=,Chelsie,1
875=,Chentelle,1
875=,Cheralyn,1
875=,Cheri,1
875=,Cherise,1
875=,Cherisse,1
875=,Cherly,1
875=,Cherlyn,1
875=,Cherree,1
875=,Cheryl-Lee,1
875=,Cherylann,1
875=,Cherylanne,1
875=,Chevaune,1
875=,Chevoynne,1
875=,Chimene,1
875=,Chio,1
875=,Chrissie,1
875=,Christelle,1
875=,Christianne,1
875=,Christyn,1
875=,Chvonne,1
875=,Chyvonne,1
875=,Cinzia,1
875=,Cisa,1
875=,Claire-Madelein,1
875=,Clara,1
875=,Clare-Louise,1
875=,Clarinda,1
875=,Claudie,1
875=,Claudina,1
875=,Clelia,1
875=,Cliona,1
875=,Clodagh,1
875=,Coby,1
875=,Coireana,1
875=,Coliene,1
875=,Cora,1
875=,Coralie,1
875=,Cordelia,1
875=,Corey,1
875=,Coriena,1
875=,Corinna,1
875=,Cornelia,1
875=,Corran,1
875=,Corrie,1
875=,Corrina,1
875=,Cortney,1
875=,Cory,1
875=,Corynne,1
875=,Craig,1
875=,Cristie,1
875=,Crystale,1
875=,Cyanara,1
875=,Cyndy,1
875=,Cynthia,1
875=,D'angela,1
875=,Dacia,1
875=,Daina,1
875=,Dale,1
875=,Danea,1
875=,Darren,1
875=,Daryl,1
875=,Dawn-Louise,1
875=,Dayle,1
875=,Debby,1
875=,Debi,1
875=,Debie,1
875=,Deborah-Louise,1
875=,Debra-Lee,1
875=,Debrah,1
875=,Deena,1
875=,Deeon,1
875=,Deepa,1
875=,Demelsa,1
875=,Denna,1
875=,Despi,1
875=,Devashi,1
875=,Devri,1
875=,Dina,1
875=,Dione,1
875=,Djemilah,1
875=,Donalda,1
875=,Donna-Maria,1
875=,Dora,1
875=,Doris,1
875=,Dorrien,1
875=,Dulcie,1
875=,Dyanne,1
875=,Dyzelle,1
875=,Ebba,1
875=,Ebony,1
875=,Edina,1
875=,Effie,1
875=,Eiesha,1
875=,Eillidh,1
875=,Elaina,1
875=,Elana,1
875=,Elanor,1
875=,Eleana,1
875=,Eleanora,1
875=,Elicia,1
875=,Elinore,1
875=,Elisa,1
875=,Elisha,1
875=,Ellena,1
875=,Ellie,1
875=,Elyse,1
875=,Emilie,1
875=,Emmalina,1
875=,Erfaneh,1
875=,Erryn,1
875=,Esra,1
875=,Estelle,1
875=,Euphemia,1
875=,Evalyn,1
875=,Evelyne,1
875=,Evette,1
875=,Evonn,1
875=,Ezra,1
875=,Faatima,1
875=,Faiza,1
875=,Faizah,1
875=,Fanny,1
875=,Faradila,1
875=,Farana,1
875=,Farrah,1
875=,Farzana,1
875=,Fazila,1
875=,Feeza,1
875=,Felicia,1
875=,Ferelith,1
875=,Ferne,1
875=,Filomena,1
875=,Finnula,1
875=,Fiona-Louise,1
875=,Fleur,1
875=,Florence,1
875=,Forida,1
875=,Fowzia,1
875=,Francisca,1
875=,Francoise,1
875=,Frankie,1
875=,Freda,1
875=,Gadah,1
875=,Gaia,1
875=,Gaile,1
875=,Gainer,1
875=,Gavin,1
875=,Gemma-Anne,1
875=,Gemma-Lee-Ann,1
875=,Gemma-Marie,1
875=,Geniene,1
875=,Georgette,1
875=,Georgia,1
875=,Gerardine,1
875=,Ghadah,1
875=,Ghaliah,1
875=,Gi,1
875=,Giannina,1
875=,Gill,1
875=,Gilleon,1
875=,Gilliann,1
875=,Ginette,1
875=,Giuliana,1
875=,Glenys,1
875=,Gloria,1
875=,Glynis,1
875=,Gordon,1
875=,Graham,1
875=,Gretel,1
875=,Guiliana,1
875=,Gurpeet,1
875=,Gwyneth,1
875=,Habibat,1
875=,Hadeel,1
875=,Hafsa,1
875=,Haidee,1
875=,Hailie,1
875=,Hailley,1
875=,Haleena,1
875=,Hamdah,1
875=,Hamidat,1
875=,Hamielia,1
875=,Hana,1
875=,Hania,1
875=,Hanne,1
875=,Hannin,1
875=,Harinder,1
875=,Harpavan,1
875=,Hassana,1
875=,Heather-Frances,1
875=,Helana,1
875=,Helene,1
875=,Hena,1
875=,Hina,1
875=,Hinna,1
875=,Hoi,1
875=,Holiday,1
875=,Holley,1
875=,Homa,1
875=,Homera,1
875=,Hue,1
875=,Huma,1
875=,Humera,1
875=,Hummah,1
875=,Hwaabibi,1
875=,Hwee,1
875=,Ian,1
875=,Ieshah,1
875=,Ifeoluwa,1
875=,Iffath,1
875=,Ilene,1
875=,Iliese,1
875=,Ilysm,1
875=,Imen,1
875=,Imosen,1
875=,Inas,1
875=,Ineeze,1
875=,Inga,1
875=,Inger,1
875=,Iram,1
875=,Iream,1
875=,Irena,1
875=,Iris,1
875=,Isabelle,1
875=,Isobell,1
875=,Issrah,1
875=,Ivy,1
875=,Iyna,1
875=,Jacalyn,1
875=,Jacelyn,1
875=,Jackaleen,1
875=,Jackelyn,1
875=,Jacki,1
875=,Jackleen,1
875=,Jacklyn,1
875=,Jacobina,1
875=,Jacqualyn,1
875=,Jacqueleen,1
875=,Jacquelene,1
875=,Jade-Ann,1
875=,Jadine,1
875=,Jageer,1
875=,Jaimie,1
875=,James,1
875=,Jamie-Lynn,1
875=,Jamiila,1
875=,Janene,1
875=,Janeya,1
875=,Janie,1
875=,Janira,1
875=,Janita,1
875=,Jannine,1
875=,Jaqualyn,1
875=,Jasbir,1
875=,Jasmin,1
875=,Jasmyn,1
875=,Jasveer,1
875=,Jay-Adi,1
875=,Jay-Marie,1
875=,Jayde,1
875=,Jaydean,1
875=,Jaye,1
875=,Jayed,1
875=,Jeanie,1
875=,Jeanine,1
875=,Jeanne,1
875=,Jemmalouise,1
875=,Jen,1
875=,Jenby,1
875=,Jennafer,1
875=,Jenni,1
875=,Jennifer-Ann,1
875=,Jeri,1
875=,Jeroldine,1
875=,Jesamine,1
875=,Jett,1
875=,Jilly,1
875=,Jillyanne,1
875=,Jodene,1
875=,Jodi-Lee,1
875=,Joeanne,1
875=,Joelene,1
875=,Joeline,1
875=,Johann,1
875=,Johnna,1
875=,Jolaine,1
875=,Joscelyn,1
875=,Josephina,1
875=,Joveria,1
875=,Joyan,1
875=,Jucette,1
875=,Judie,1
875=,Jugtinder,1
875=,Juliana,1
875=,Juliann,1
875=,Julianna,1
875=,Julienne,1
875=,Juliet,1
875=,Julietta,1
875=,Justeen,1
875=,Kacie,1
875=,Kadine,1
875=,Kaeren,1
875=,Kailie,1
875=,Kaireen,1
875=,Kairen,1
875=,Kaja,1
875=,Kali,1
875=,Kalsoom,1
875=,Kami,1
875=,Kamvita,1
875=,Kanchan,1
875=,Kandis,1
875=,Kang,1
875=,Kar-Man,1
875=,Kareema,1
875=,Karema,1
875=,Karen-Anne,1
875=,Karen-Louise,1
875=,Karine,1
875=,Karisse,1
875=,Karli,1
875=,Karlianne,1
875=,Karn,1
875=,Karoline,1
875=,Karolyn,1
875=,Karoon,1
875=,Karri,1
875=,Karrina,1
875=,Karron,1
875=,Karynne,1
875=,Karys,1
875=,Kashfa,1
875=,Kassie,1
875=,Katarina,1
875=,Katharen,1
875=,Kathrine,1
875=,Kathryne,1
875=,Kati,1
875=,Katrina-Ann,1
875=,Katrine,1
875=,Katryna,1
875=,Katy-Jane,1
875=,Kauser,1
875=,Kaya,1
875=,Kayla,1
875=,Kayren,1
875=,Keelee,1
875=,Keila,1
875=,Keli,1
875=,Kelle,1
875=,Kelley,1
875=,Kelleymarie,1
875=,Kelli-Ann,1
875=,Kelly-Marie,1
875=,Kellymarie,1
875=,Kelsey,1
875=,Kelsie,1
875=,Kendal,1
875=,Kereen,1
875=,Keren,1
875=,Kerera,1
875=,Keri-Louise,1
875=,Kerianne,1
875=,Kerred,1
875=,Kerren,1
875=,Kerri-Anne,1
875=,Kerrie-Anne,1
875=,Kerry-Lee,1
875=,Ketrine,1
875=,Khadijah,1
875=,Khally,1
875=,Kiera,1
875=,Kieran,1
875=,Kim-Marie,1
875=,Kimberley-Anne,1
875=,Kimberly-Anne,1
875=,Kin,1
875=,Kira-Louise,1
875=,Kiranjit,1
875=,Kirbi,1
875=,Kiren,1
875=,Kiri,1
875=,Kirndeep,1
875=,Kirred,1
875=,Kirsty-Marie,1
875=,Kirstyann,1
875=,Kiyle,1
875=,Klaire,1
875=,Klare,1
875=,Kordel,1
875=,Korinne,1
875=,Kris,1
875=,Krishma,1
875=,Krishna,1
875=,Kristabel,1
875=,Kristi,1
875=,Kristinna,1
875=,Kristyn,1
875=,Kristyna,1
875=,Krystall,1
875=,Krystel,1
875=,Krystell,1
875=,Krystelle,1
875=,Krystie,1
875=,Kulvir,1
875=,Kuther,1
875=,Kyler,1
875=,Kyllie,1
875=,Kyna,1
875=,Kyran,1
875=,Kyreena,1
875=,Kyrsti,1
875=,Kyrsty,1
875=,Lacy,1
875=,Lahaina,1
875=,Lai,1
875=,Lakeisha,1
875=,Lamya,1
875=,Larisha,1
875=,Larraine,1
875=,Laura-Beth,1
875=,Laura-Britt,1
875=,Laurajane,1
875=,Laure,1
875=,Laurel,1
875=,Laurene,1
875=,Laurine,1
875=,Lawra,1
875=,Layna,1
875=,Layne,1
875=,Lea-Ann,1
875=,Leaanne,1
875=,Leahan,1
875=,Lean,1
875=,Leana,1
875=,Leandra,1
875=,Leaona,1
875=,Leazanne,1
875=,Lebuhani,1
875=,Lee-Anna,1
875=,Leean,1
875=,Leeha,1
875=,Leena,1
875=,Leeza,1
875=,Leia,1
875=,Leianne,1
875=,Leica,1
875=,Leighanna,1
875=,Leisa,1
875=,Lelia,1
875=,Leontir,1
875=,Lesa,1
875=,Lesleyann,1
875=,Lesleyanne,1
875=,Lieanne,1
875=,Liesel,1
875=,Lijanne,1
875=,Lila,1
875=,Lillias,1
875=,Lily,1
875=,Lilyann,1
875=,Limara,1
875=,Linden,1
875=,Lindsay-Ann,1
875=,Lindsayanne,1
875=,Lindsie,1
875=,Linmarie,1
875=,Linnelle,1
875=,Linoa,1
875=,Linzie,1
875=,Lisa-Anne,1
875=,Lisa-Beth,1
875=,Lisa-Jane,1
875=,Lisa-Maree,1
875=,Lisa-Ruth,1
875=,Lisabeth,1
875=,Lisalotte,1
875=,Lisamarie,1
875=,Lisamay,1
875=,Liyanage,1
875=,Lizanne,1
875=,Lizet,1
875=,Llana,1
875=,Llaura,1
875=,Loanna,1
875=,Loara,1
875=,Lohri,1
875=,Loise,1
875=,Loran,1
875=,Lorayne,1
875=,Loreen,1
875=,Lorena,1
875=,Lorenza,1
875=,Loretta,1
875=,Lorin,1
875=,Lorne,1
875=,Lorrae,1
875=,Lorrell,1
875=,Lorren,1
875=,Loryn,1
875=,Louanna,1
875=,Louica,1
875=,Luana,1
875=,Luanne,1
875=,Luci,1
875=,Luciana,1
875=,Lucille,1
875=,Lucy-Anne,1
875=,Lupobe,1
875=,Ly,1
875=,Lydia-Jane,1
875=,Lyla,1
875=,Lyndsy-Ann,1
875=,Lyndy,1
875=,Lyndzey,1
875=,Lynnanne,1
875=,Lynnese,1
875=,Lynnet,1
875=,Lynnsey,1
875=,Lynnsy,1
875=,Lynsey-Anne,1
875=,Lynzay,1
875=,Lynzi,1
875=,Lynzie,1
875=,Lysette,1
875=,Maaike,1
875=,Maaria,1
875=,Madeeha,1
875=,Madelaine,1
875=,Madelene,1
875=,Mae,1
875=,Magdalena,1
875=,Magen,1
875=,Mah,1
875=,Maha,1
875=,Mahairi,1
875=,Mahza,1
875=,Maia,1
875=,Maira,1
875=,Mairaid,1
875=,Mairead,1
875=,Mairearad,1
875=,Mairi-Claire,1
875=,Mairi-Clare,1
875=,Mairi-Jane,1
875=,Mairi-Therese,1
875=,Maisarah,1
875=,Maise,1
875=,Maisie,1
875=,Malika,1
875=,Manasi,1
875=,Mandie,1
875=,Mandip,1
875=,Mangaiyarkarasi,1
875=,Manjaspreet,1
875=,Mann,1
875=,Manprit,1
875=,Mansara,1
875=,Maralissia,1
875=,Marcella-Angela,1
875=,Marcelle,1
875=,Marcia,1
875=,Mardou,1
875=,Maren,1
875=,Margaret-Ann,1
875=,Margaret-Anne,1
875=,Margo,1
875=,Marguerita,1
875=,Mari-Anne,1
875=,Mari-Therese,1
875=,Mariangela,1
875=,Mariann,1
875=,Marie-Anne,1
875=,Marie-Beatrice,1
875=,Marie-Laure,1
875=,Marie-Louise,1
875=,Mariea,1
875=,Marieke,1
875=,Mariesa,1
875=,Marigold,1
875=,Marilynn,1
875=,Marisha,1
875=,Marita,1
875=,Marja,1
875=,Marjorie,1
875=,Marjorie-Helene,1
875=,Marrie-Clare,1
875=,Marrion,1
875=,Marrwah,1
875=,Marsali,1
875=,Marshall,1
875=,Marwah,1
875=,Mary-Leigh,1
875=,Mary-Louise,1
875=,Mary-Margaret,1
875=,Maryclare,1
875=,Marylin,1
875=,Marysha,1
875=,Maryum,1
875=,Mathilde,1
875=,Mathuri,1
875=,Matilda,1
875=,Maxime,1
875=,May-Po,1
875=,Maya,1
875=,Mayla,1
875=,Meagan,1
875=,Mechele,1
875=,Medeni,1
875=,Meg,1
875=,Meggan,1
875=,Meghann,1
875=,Mei,1
875=,Melanie-Ann,1
875=,Melannie,1
875=,Melisa,1
875=,Melissa-Ann,1
875=,Melissa-Jayne,1
875=,Merel,1
875=,Merete,1
875=,Merissa,1
875=,Merle,1
875=,Merrell,1
875=,Merrily,1
875=,Mersina,1
875=,Meryam,1
875=,Meryem,1
875=,Mhairi-Anne,1
875=,Mhairi-Clare,1
875=,Mia,1
875=,Miah,1
875=,Micaelle,1
875=,Michala,1
875=,Michella,1
875=,Michelle-Louise,1
875=,Mickela,1
875=,Micki,1
875=,Micole,1
875=,Mikela,1
875=,Miree,1
875=,Miriska,1
875=,Mirrisa,1
875=,Misty,1
875=,Mollie,1
875=,Mona,1
875=,Morbeen,1
875=,Morisia,1
875=,Morvern,1
875=,Morwenna,1
875=,Mouna,1
875=,Moya,1
875=,Moyra,1
875=,Mujood,1
875=,Munazza,1
875=,Murdina,1
875=,Muriam,1
875=,Musarat,1
875=,Myrtle,1
875=,Myshel,1
875=,Nabeela,1
875=,Nada,1
875=,Nadeen,1
875=,Nadene,1
875=,Nadhia,1
875=,Nadiene,1
875=,Nadina,1
875=,Nadine-Anne,1
875=,Nafeesa,1
875=,Nagina,1
875=,Naila,1
875=,Nailah,1
875=,Nakiesha,1
875=,Nalila,1
875=,Namita,1
875=,Nan,1
875=,Nancy,1
875=,Naosheen,1
875=,Narain,1
875=,Narelle,1
875=,Naseeb,1
875=,Nashmya,1
875=,Nasiba,1
875=,Nasra,1
875=,Nasreen,1
875=,Nassreen,1
875=,Natale,1
875=,Natalie-Anne,1
875=,Natalie-Elise,1
875=,Natalie-Marie,1
875=,Nataline,1
875=,Natasha-Anne,1
875=,Natassia,1
875=,Navdeep,1
875=,Nayab,1
875=,Nayla,1
875=,Nazanin-Sadat,1
875=,Nazreen,1
875=,Neala,1
875=,Nemone,1
875=,Neryssa,1
875=,Nesreen,1
875=,Ngaire,1
875=,Niala,1
875=,Niamh,1
875=,Niaza,1
875=,Nichelle,1
875=,Nicky,1
875=,Nideena,1
875=,Nidene,1
875=,Niela,1
875=,Niesia,1
875=,Nike,1
875=,Nikela,1
875=,Niki-Sian,1
875=,Nikole,1
875=,Nkiruka,1
875=,Nnena,1
875=,Nontokozo,1
875=,Nor,1
875=,Nora,1
875=,Noralia,1
875=,Noreea,1
875=,Noureen,1
875=,Nuala,1
875=,Numra,1
875=,Nur,1
875=,Nuraisyah,1
875=,Nurul,1
875=,Nusheen,1
875=,Nyla,1
875=,Nyree,1
875=,Nyssa,1
875=,Odette,1
875=,Oi,1
875=,Oiza,1
875=,Ola,1
875=,Olga,1
875=,Olive,1
875=,Olubukola,1
875=,Olusola,1
875=,Omara,1
875=,Omima,1
875=,Omneya,1
875=,Omobonike,1
875=,Oneesa,1
875=,Oona,1
875=,Oonagh,1
875=,Orla,1
875=,Paige,1
875=,Pamela-Jane,1
875=,Papinder,1
875=,Paramita,1
875=,Parisa,1
875=,Parkash,1
875=,Parveen,1
875=,Patsy,1
875=,Pauleen,1
875=,Paulina,1
875=,Pennyghael,1
875=,Petra,1
875=,Pheigi,1
875=,Phyllis,1
875=,Pier-Elizabeth,1
875=,Pippa,1
875=,Piu,1
875=,Porcia,1
875=,Portia,1
875=,Priscilla,1
875=,Raani,1
875=,Rabeena,1
875=,Rabeka,1
875=,Racheal,1
875=,Rachel-Anne,1
875=,Rachele,1
875=,Rachida,1
875=,Radhika,1
875=,Rae,1
875=,Raechell,1
875=,Rafia,1
875=,Rageena,1
875=,Rahana,1
875=,Raheila,1
875=,Raiya,1
875=,Rajane,1
875=,Rajinder,1
875=,Rajneet,1
875=,Rajvir,1
875=,Rajwant,1
875=,Ramie,1
875=,Ramzana,1
875=,Ranih,1
875=,Ranmeet,1
875=,Raona,1
875=,Raonailt,1
875=,Rasha,1
875=,Rashael,1
875=,Raswana,1
875=,Ratika,1
875=,Raylene,1
875=,Razina,1
875=,Reahanah,1
875=,Rebeka,1
875=,Reena,1
875=,Rehana,1
875=,Rema,1
875=,Renata,1
875=,Rene,1
875=,Renee,1
875=,Rhanna,1
875=,Rheanon,1
875=,Rhiann,1
875=,Rhiannon,1
875=,Rhianon,1
875=,Rhoanne,1
875=,Rianna,1
875=,Rianne,1
875=,Richard,1
875=,Ricki,1
875=,Ricky-Ann,1
875=,Riffhat,1
875=,Rifka,1
875=,Riham,1
875=,Rina,1
875=,Rizwana,1
875=,Robana,1
875=,Robina,1
875=,Rogina,1
875=,Romaana,1
875=,Romara,1
875=,Romy,1
875=,Roni,1
875=,Rosa,1
875=,Rosalie,1
875=,Rosalina,1
875=,Rosanna,1
875=,Rosanne,1
875=,Roschell,1
875=,Rose-Marie,1
875=,Roseann,1
875=,Rosehelen,1
875=,Rosella,1
875=,Roselyn,1
875=,Rosetta,1
875=,Rosheen,1
875=,Rosie,1
875=,Rosina,1
875=,Roslind,1
875=,Rossana,1
875=,Rosslyn,1
875=,Rowen,1
875=,Roxane,1
875=,Roxanna,1
875=,Roz,1
875=,Rozlynne,1
875=,Rubiecca,1
875=,Rubyet,1
875=,Ruksana,1
875=,Rukshana,1
875=,Saana,1
875=,Sabba,1
875=,Sabeen,1
875=,Sabia,1
875=,Sabiha,1
875=,Sabina,1
875=,Sabira,1
875=,Sacha,1
875=,Sachnaam,1
875=,Sadhia,1
875=,Sadhna,1
875=,Sadie,1
875=,Saema,1
875=,Safa,1
875=,Saffron,1
875=,Safia,1
875=,Safina,1
875=,Sahira,1
875=,Sahra,1
875=,Saimah,1
875=,Sairah-Anne,1
875=,Sajda,1
875=,Sakinah,1
875=,Salette,1
875=,Sallmah,1
875=,Salma,1
875=,Sam,1
875=,Samantha-Jane,1
875=,Samantha-Jayne,1
875=,Samara,1
875=,Sameen,1
875=,Sameena,1
875=,Sameera,1
875=,Sameha,1
875=,Samia,1
875=,Sammie,1
875=,Samra,1
875=,Sanam,1
875=,Sandip,1
875=,Sandy,1
875=,Sanne-Willemijn,1
875=,Santhosh,1
875=,Sapphire,1
875=,Sarah-Ann,1
875=,Sarah-Claire,1
875=,Sarah-Jayne,1
875=,Sarah-Lee,1
875=,Sarah-Maree,1
875=,Sarahjane,1
875=,Saralee,1
875=,Saranne,1
875=,Saraya,1
875=,Sarbjit,1
875=,Sarekha,1
875=,Sareta,1
875=,Sariah,1
875=,Sarika,1
875=,Satbinder,1
875=,Satnam,1
875=,Satpal,1
875=,Satvinder,1
875=,Savina,1
875=,Scarlet,1
875=,Scott,1
875=,Se,1
875=,Seaneen,1
875=,See,1
875=,Seetara,1
875=,Selma,1
875=,Semerah,1
875=,Seonagh,1
875=,Seonaigh,1
875=,Sera,1
875=,Serafina,1
875=,Serina,1
875=,Severine,1
875=,Seymone,1
875=,Shabena,1
875=,Shabnam,1
875=,Shaheen,1
875=,Shaheena,1
875=,Shahila,1
875=,Shahmona,1
875=,Shakantla,1
875=,Shamala,1
875=,Shamlay,1
875=,Shamms,1
875=,Shamoona,1
875=,Shamsa,1
875=,Shamyla,1
875=,Shanade,1
875=,Shane,1
875=,Shaniece,1
875=,Shanine,1
875=,Shanna-Dawn,1
875=,Shaonagh-Louise,1
875=,Sharee,1
875=,Shareena,1
875=,Sharell,1
875=,Sharene,1
875=,Sharleen,1
875=,Sharleena,1
875=,Sharmain,1
875=,Sharmaine,1
875=,Shavanna,1
875=,Shavonne,1
875=,Shaynaz,1
875=,Shaziah,1
875=,Shazmin,1
875=,Shealagh,1
875=,Shealene,1
875=,Shebena,1
875=,Sheelagh,1
875=,Sheevaun,1
875=,Shelby,1
875=,Shellie,1
875=,Shemiele,1
875=,Shena,1
875=,Shenela,1
875=,Sheonaid,1
875=,Sheralee,1
875=,Sheridan,1
875=,Sherifa,1
875=,Sherine,1
875=,Sherise,1
875=,Sherleine,1
875=,Sherri,1
875=,Sherrianne,1
875=,Sherrie,1
875=,Sherrill,1
875=,Sheryl-Ann,1
875=,Sheryline,1
875=,Shevonne,1
875=,Shibina,1
875=,Shiela,1
875=,Shineade,1
875=,Shireen,1
875=,Shirine,1
875=,Shirley-Anne,1
875=,Shivonne,1
875=,Shmiela,1
875=,Shonagh-Ann,1
875=,Shonamaree,1
875=,Shonelle,1
875=,Shui,1
875=,Shuk,1
875=,Shumayla,1
875=,Shyraa,1
875=,Siama,1
875=,Siana,1
875=,Siddra,1
875=,Sidra,1
875=,Sidrah,1
875=,Sien-Ying,1
875=,Simeena,1
875=,Sin,1
875=,Sinatra,1
875=,Siobahn,1
875=,Siobbhan,1
875=,Siobhain,1
875=,Siobhann,1
875=,Siobhaun,1
875=,Siobhian,1
875=,Sionadh,1
875=,Sioned,1
875=,Siouxsie,1
875=,Sithra,1
875=,Siuyen,1
875=,Smita,1
875=,Sobhia,1
875=,Sobia,1
875=,Sohnia,1
875=,Solange,1
875=,Solmaz,1
875=,Solomon,1
875=,Somah,1
875=,Sonaina,1
875=,Srilatha,1
875=,Stacey-Louise,1
875=,Stacie-Jane,1
875=,Stacy-Ann,1
875=,Stacy-Lee,1
875=,Stacyann,1
875=,Staice,1
875=,Stella-Marie,1
875=,Stepanie,1
875=,Stephaney,1
875=,Stephanni,1
875=,Stephne,1
875=,Steveley,1
875=,Stevie,1
875=,Stuart,1
875=,Sudaf,1
875=,Sue-Ann,1
875=,Suet,1
875=,Sueway,1
875=,Sukhminder,1
875=,Sukiran,1
875=,Sulamith,1
875=,Sumaiya,1
875=,Sumer,1
875=,Sumera,1
875=,Sunita,1
875=,Sunna,1
875=,Sunni,1
875=,Surekha,1
875=,Susan-Anne,1
875=,Susann,1
875=,Susie,1
875=,Suzanna,1
875=,Suzanne-Louise,1
875=,Suzeen,1
875=,Suzie,1
875=,Suzzanne,1
875=,Syafeeza,1
875=,Syeda,1
875=,Sylvanna,1
875=,Syma,1
875=,Symone,1
875=,Syra,1
875=,Tahira,1
875=,Tahirah,1
875=,Tahra,1
875=,Taiyyibah,1
875=,Taleen,1
875=,Tamarra,1
875=,Tami,1
875=,Tammi,1
875=,Tammi-Ann,1
875=,Tammyann,1
875=,Tannath,1
875=,Tanya-Jane,1
875=,Tarra,1
875=,Tarryn,1
875=,Tasmeen,1
875=,Tasmiah,1
875=,Tasmin,1
875=,Tazmeen,1
875=,Tbussam,1
875=,Teresa-Marie,1
875=,Terri-Anne,1
875=,Terry,1
875=,Thameena,1
875=,Theresa-Marie,1
875=,Theresse,1
875=,Thiara,1
875=,Thiba,1
875=,Thirza,1
875=,Thirza-Margaret,1
875=,Thomasina,1
875=,Tien,1
875=,Ting,1
875=,Tomena,1
875=,Toni-Ann,1
875=,Tonia,1
875=,Torran,1
875=,Tracee,1
875=,Tracey-Ann,1
875=,Traudi,1
875=,Trudie,1
875=,Trudy,1
875=,Tuesday,1
875=,Tulin,1
875=,Tyha,1
875=,Uchechi,1
875=,Umber,1
875=,Urfa,1
875=,Uzama,1
875=,Vairi,1
875=,Valeen,1
875=,Valene,1
875=,Valeri,1
875=,Vallene,1
875=,Vanda,1
875=,Vangie,1
875=,Varie,1
875=,Varri,1
875=,Varrie,1
875=,Vera,1
875=,Veronika,1
875=,Vhairi,1
875=,Vicky-Louise,1
875=,Victoria-Anne,1
875=,Victorria,1
875=,Vienna,1
875=,Vikky,1
875=,Vinaya,1
875=,Virginia,1
875=,Vivianne,1
875=,Waheeda,1
875=,Wahida,1
875=,Walter,1
875=,Wanduska,1
875=,Wee,1
875=,Wei,1
875=,Westaly,1
875=,Williamina,1
875=,Winnie,1
875=,Xanthe,1
875=,Xenia,1
875=,Yashka,1
875=,Yasmina,1
875=,Yasminara,1
875=,Yee,1
875=,Yeun,1
875=,Yildiz,1
875=,Yip,1
875=,Yuen,1
875=,Zabir,1
875=,Zahaa,1
875=,Zahra,1
875=,Zaiba,1
875=,Zaibha,1
875=,Zakiyya,1
875=,Zamurd,1
875=,Zandra,1
875=,Zanib,1
875=,Zarah,1
875=,Zareen,1
875=,Zarine,1
875=,Zarqa,1
875=,Zartashia,1
875=,Zeb-U-Nisa,1
875=,Zena,1
875=,Zhu,1
875=,Zille,1
875=,Zinniroh,1
875=,Zipporah,1
875=,Zohra,1
875=,Zoie,1
875=,Zreen,1
875=,Zynib,1
