Position,Name,Number of babies
1,Laura,1266
2,Claire,956
3,Nicola,826
4,Jennifer,765
5,Michelle,669
6,Sarah,620
7,Lisa,598
8=,Emma,573
8=,Louise,573
10,Kirsty,571
11,Fiona,468
12,Gemma,448
13,Gillian,400
14,Karen,394
15,Samantha,371
16,Amanda,346
17,Ashley,342
18,Lynsey,313
19,Stacey,309
20,Natalie,307
21,Stephanie,301
22,Victoria,296
23,Donna,277
24,Kelly,269
25,Alison,260
26,Cheryl,258
27,Pamela,253
28=,Amy,252
28=,Rachel,252
30,Lauren,249
31=,Charlene,238
31=,Heather,238
31=,Joanne,238
34,Angela,234
35,Julie,233
36,Jenna,229
37,Susan,224
38,Leanne,221
39,Deborah,214
40,Catherine,204
41=,Kimberley,195
41=,Suzanne,195
43=,Jacqueline,190
43=,Kerry,190
45,Elizabeth,173
46,Danielle,164
47,Debbie,162
48,Caroline,161
49,Nicole,149
50,Lesley,148
51,Paula,145
52,Lynne,144
53,Elaine,143
54,Clare,142
55,Sharon,140
56,Lorna,136
57,Lindsay,135
58,Yvonne,133
59,Lorraine,130
60,Dawn,127
61=,Helen,122
61=,Rebecca,122
61=,Siobhan,122
64,Tracy,117
65,Katie,116
66,Margaret,114
67,Catriona,112
68,Christine,109
69=,Joanna,108
69=,Lynn,108
71,Alana,101
72,Hayley,99
73,Hazel,96
74=,Anna,95
74=,Kathryn,95
76=,Hannah,93
76=,Katherine,93
76=,Lyndsey,93
76=,Tracey,93
80=,Diane,92
80=,Natasha,92
82=,Christina,91
82=,Lucy,91
84=,Katrina,89
84=,Rachael,89
86,Zoe,88
87,Pauline,87
88,Carol,86
89=,Kirsten,85
89=,Lyndsay,85
89=,Ruth,85
92,Stacy,83
93,Kim,81
94,Holly,80
95,Ashleigh,79
96=,Sara,78
96=,Shona,78
98,Melissa,77
99=,Jillian,76
99=,Linda,76
101=,Anne,75
101=,Kathleen,75
103,Mary,74
104=,Jill,73
104=,Mhairi,73
106=,Lindsey,72
106=,Marie,72
108,Jemma,71
109,Kayleigh,70
110,Andrea,68
111,Carrie,67
112,Eilidh,66
113=,Charlotte,65
113=,Jane,65
115,Jade,64
116,Erin,63
117,Leigh,62
118,Melanie,61
119=,Linsey,57
119=,Nikki,57
121=,Linzi,56
121=,Mandy,56
123,Cara,55
124=,Denise,54
124=,Kimberly,54
124=,Shelley,54
127,Arlene,53
128,Emily,51
129,Adele,50
130,Aimee,49
131=,Ann,47
131=,Hollie,47
131=,Lynsay,47
131=,Maria,47
135,Frances,46
136=,Mairi,44
136=,Vicky,44
136=,Vikki,44
139=,Kate,43
139=,Lee,43
141=,Eleanor,41
141=,Gail,41
141=,Patricia,41
144,Jodie,40
145=,Clair,39
145=,Vicki,39
147=,Carolyn,38
147=,Nadia,38
147=,Sophie,38
150,Aileen,37
151,Katy,36
152=,Gayle,35
152=,Naomi,35
152=,Wendy,35
155,Nichola,34
156=,Leeanne,33
156=,Marion,33
158=,Ailsa,32
158=,Alexandra,32
158=,Kay,32
158=,Kerri,32
162=,Carla,31
162=,Jamie,31
162=,Julia,31
162=,Rhona,31
162=,Tammy,31
162=,Toni,31
168=,Kerrie,30
168=,Terri,30
170=,Leona,29
170=,Megan,29
172=,Carly,28
172=,Kara,28
174=,Audrey,27
174=,Dionne,27
174=,Jayne,27
174=,Robyn,27
178=,Alexis,26
178=,Colette,26
178=,Janet,26
178=,Janine,26
178=,Judith,26
178=,Sian,26
184=,Allison,25
184=,Alyson,25
184=,Barbara,25
184=,Isla,25
184=,Rosemary,25
184=,Zara,25
190=,Lara,24
190=,Leah,24
190=,Lynda,24
190=,Nadine,24
190=,Sandra,24
195=,Alanna,23
195=,Colleen,23
195=,Geraldine,23
195=,Jaclyn,23
195=,Lee-Anne,23
195=,Lianne,23
195=,Lyn,23
195=,Sally,23
195=,Sarah-Jane,23
204,Morven,22
205=,Iona,21
205=,Katharine,21
205=,Kirstin,21
208=,Allana,20
208=,Anne-Marie,20
208=,Annette,20
208=,Bernadette,20
208=,Laurie,20
208=,Maxine,20
208=,Morag,20
215=,Eileen,19
215=,Georgina,19
215=,Grace,19
215=,Sheryl,19
215=,Tanya,19
215=,Theresa,19
221=,Chloe,18
221=,Debra,18
221=,Jan,18
221=,Jessica,18
221=,Kirsteen,18
221=,Lori,18
221=,Louisa,18
228=,Ailie,17
228=,Amie,17
228=,Dianne,17
228=,Isobel,17
228=,Janice,17
228=,Jenny,17
228=,Karin,17
228=,Keri,17
228=,Leeann,17
228=,Nina,17
228=,Simone,17
228=,Sonia,17
228=,Tara,17
228=,Teri,17
228=,Valerie,17
243=,Beverley,16
243=,Linsay,16
243=,Marianne,16
243=,Stefanie,16
243=,Susanne,16
248=,Jolene,15
248=,Josephine,15
248=,Lana,15
248=,Lee-Ann,15
248=,Maureen,15
248=,Monica,15
248=,Sharlene,15
248=,Sheena,15
256=,Abigail,14
256=,Ainsley,14
256=,Charmaine,14
256=,Dana,14
256=,Irene,14
256=,Rona,14
262=,Alice,13
262=,Annmarie,13
262=,Bryony,13
262=,Collette,13
262=,Faye,13
262=,Jean,13
262=,Karina,13
262=,Kristina,13
262=,Krystal,13
262=,Shonagh,13
262=,Vanessa,13
262=,Veronica,13
274=,Alexandria,12
274=,Alicia,12
274=,Carole,12
274=,Ellen,12
274=,Genna,12
274=,Jody,12
274=,Justine,12
274=,Kellie,12
274=,Kelly-Anne,12
274=,Kirstie,12
274=,Lesley-Anne,12
274=,Lynette,12
274=,Mari,12
274=,Michele,12
274=,Rosalind,12
274=,Roslyn,12
274=,Sophia,12
274=,Tina,12
292=,Aisha,11
292=,Annie,11
292=,Avril,11
292=,Caitlin,11
292=,Camilla,11
292=,Carolanne,11
292=,Cherie,11
292=,Coleen,11
292=,Connie,11
292=,Erica,11
292=,Eve,11
292=,Evelyn,11
292=,Fallon,11
292=,June,11
292=,Karla,11
292=,Kelly-Ann,11
292=,Kylie,11
292=,Lucinda,11
292=,Miranda,11
292=,Moira,11
292=,Rhiannon,11
292=,Sasha,11
292=,Selina,11
292=,Shirley,11
292=,Susannah,11
292=,Vivienne,11
318=,Adelle,10
318=,Amber,10
318=,Amelia,10
318=,Antonia,10
318=,Beth,10
318=,Candice,10
318=,Carolann,10
318=,Cassie,10
318=,Dee,10
318=,Diana,10
318=,Elise,10
318=,Francesca,10
318=,Jay,10
318=,Johanna,10
318=,Keira,10
318=,Kelly-Marie,10
318=,Leighanne,10
318=,Nazia,10
318=,Rose,10
318=,Roxanne,10
318=,Seonaid,10
339=,Alannah,9
339=,Anita,9
339=,Carol-Anne,9
339=,Claudia,9
339=,Crystal,9
339=,Dorothy,9
339=,Elspeth,9
339=,Eva,9
339=,Jo-Anne,9
339=,Jodi,9
339=,Julie-Ann,9
339=,Kerry-Ann,9
339=,Madeleine,9
339=,Mhari,9
339=,Philippa,9
339=,Sonya,9
339=,Teresa,9
339=,Tessa,9
357=,Ann-Marie,8
357=,Anneka,8
357=,Brenda,8
357=,Bridget,8
357=,Haley,8
357=,Jaime,8
357=,Joyce,8
357=,Kellyann,8
357=,Krystle,8
357=,Leigh-Ann,8
357=,Leigh-Anne,8
357=,Lois,8
357=,Marissa,8
357=,Miriam,8
357=,Sabrina,8
357=,Sheila,8
357=,Sheree,8
374=,Allyson,7
374=,April,7
374=,Brooke,7
374=,Carol-Ann,7
374=,Caryn,7
374=,Clara,7
374=,Esther,7
374=,Freya,7
374=,Helena,7
374=,Janette,7
374=,Joy,7
374=,Lesley-Ann,7
374=,Liza,7
374=,Marina,7
374=,Marisa,7
374=,Michaela,7
374=,Morgan,7
374=,Morna,7
374=,Rhian,7
374=,Ria,7
374=,Roberta,7
374=,Roisin,7
374=,Rosalyn,7
374=,Sadia,7
374=,Sandie,7
374=,Sharron,7
374=,Sofia,7
374=,Sylvia,7
402=,Agnes,6
402=,Aimi,6
402=,Alia,6
402=,Carlyn,6
402=,Chantelle,6
402=,Christie,6
402=,Courtney,6
402=,Dominique,6
402=,Emma-Louise,6
402=,Fatima,6
402=,Genevieve,6
402=,Gwen,6
402=,Heidi,6
402=,Hilary,6
402=,Jacquelyn,6
402=,Janis,6
402=,Johann,6
402=,Karyn,6
402=,Kathrine,6
402=,Kristen,6
402=,Kristine,6
402=,Laura-Anne,6
402=,Leighann,6
402=,Leonie,6
402=,Linzie,6
402=,Lora,6
402=,Loren,6
402=,Lydia,6
402=,Olivia,6
402=,Roseann,6
402=,Saima,6
402=,Shannon,6
402=,Shereen,6
402=,Sinead,6
402=,Stacie,6
437=,Alexa,5
437=,Amina,5
437=,Arleen,5
437=,Asma,5
437=,Aynsley,5
437=,Aysha,5
437=,Bianca,5
437=,Billie,5
437=,Bonnie,5
437=,Cally,5
437=,Carina,5
437=,Carmen,5
437=,Casey,5
437=,Corinne,5
437=,Daniela,5
437=,Felicity,5
437=,Fern,5
437=,Holli,5
437=,Isabella,5
437=,Jackie,5
437=,Jacqui,5
437=,Jaimie,5
437=,Janie,5
437=,Jenifer,5
437=,Julianne,5
437=,Julieann,5
437=,Juliet,5
437=,Kerry-Anne,5
437=,Kira,5
437=,Kirstine,5
437=,Leonna,5
437=,Mairead,5
437=,Maree,5
437=,Martina,5
437=,Maryam,5
437=,May,5
437=,Mechelle,5
437=,Mellisa,5
437=,Mellissa,5
437=,Myra,5
437=,Natalia,5
437=,Nathalie,5
437=,Norma,5
437=,Rachelle,5
437=,Sacha,5
437=,Salma,5
437=,Shari,5
437=,Shelly,5
437=,Sheona,5
437=,Yasmin,5
487=,Ainslie,4
487=,Aisling,4
487=,Allanah,4
487=,Ami,4
487=,Amna,4
487=,Andrena,4
487=,Annika,4
487=,Anya,4
487=,Ashlee,4
487=,Briony,4
487=,Carrie-Ann,4
487=,Carrie-Anne,4
487=,Carron,4
487=,Carys,4
487=,Catrina,4
487=,Cindy,4
487=,Corrie,4
487=,Daniella,4
487=,Elena,4
487=,Elisabeth,4
487=,Emma-Jane,4
487=,Erika,4
487=,Estelle,4
487=,Evonne,4
487=,Gaynor,4
487=,Harriet,4
487=,Jacklyn,4
487=,Jeanette,4
487=,Jena,4
487=,Johan,4
487=,Johanne,4
487=,Joni,4
487=,Kari,4
487=,Karine,4
487=,Karis,4
487=,Katriona,4
487=,Kelli,4
487=,Kendal,4
487=,Kendall,4
487=,Kristin,4
487=,Kyra,4
487=,Leann,4
487=,Leila,4
487=,Lia,4
487=,Lillian,4
487=,Lucie,4
487=,Lynzi,4
487=,Marlene,4
487=,Marnie,4
487=,Martha,4
487=,Maryann,4
487=,Nancy,4
487=,Nikita,4
487=,Nikola,4
487=,Nurul,4
487=,Nyree,4
487=,Penny,4
487=,Rochelle,4
487=,Roseanne,4
487=,Rosie,4
487=,Rowan,4
487=,Rowena,4
487=,Sadie,4
487=,Saira,4
487=,Samera,4
487=,Sarah-Louise,4
487=,Satveer,4
487=,Shabana,4
487=,Shazia,4
487=,Sonja,4
487=,Susanna,4
487=,Tamara,4
487=,Tammie,4
487=,Tiffany,4
487=,Vaila,4
487=,Vickie,4
487=,Vivien,4
487=,Wing,4
565=,Abbie,3
565=,Abby,3
565=,Abida,3
565=,Adrienne,3
565=,Afton,3
565=,Ailidh,3
565=,Aine,3
565=,Alisha,3
565=,Alix,3
565=,Andrina,3
565=,Angie,3
565=,Annabel,3
565=,Ashlea,3
565=,Asiya,3
565=,Ayesha,3
565=,Bethany,3
565=,Carine,3
565=,Carleen,3
565=,Cassandra,3
565=,Cathryn,3
565=,Ceri,3
565=,Chelsea,3
565=,Cher,3
565=,Cherise,3
565=,Cherry,3
565=,Chevonne,3
565=,Colene,3
565=,Corrine,3
565=,Debby,3
565=,Debi,3
565=,Debora,3
565=,Donna-Marie,3
565=,Edwina,3
565=,Eliza,3
565=,Farah,3
565=,Fay,3
565=,Gabrielle,3
565=,Gael,3
565=,Hayleigh,3
565=,Helga,3
565=,Ingrid,3
565=,Jasmin,3
565=,Jasmine,3
565=,Jo-Ann,3
565=,Joan,3
565=,Joann,3
565=,Julie-Anne,3
565=,Julieanne,3
565=,Kaleigh,3
565=,Karlyn,3
565=,Kiera,3
565=,Kirstina,3
565=,Kristeen,3
565=,Kym,3
565=,Laila,3
565=,Larissa,3
565=,Laura-Ann,3
565=,Leanna,3
565=,Lena,3
565=,Liane,3
565=,Lianna,3
565=,Lilian,3
565=,Lindy,3
565=,Lisa-Jane,3
565=,Lisamarie,3
565=,Lucia,3
565=,Lynnette,3
565=,Lynnsey,3
565=,Lynzie,3
565=,Margo,3
565=,Mary-Jane,3
565=,Marysia,3
565=,Meghan,3
565=,Melisa,3
565=,Monique,3
565=,Nicki,3
565=,Niki,3
565=,Noelle,3
565=,Noreen,3
565=,Oonagh,3
565=,Rabia,3
565=,Rehana,3
565=,Rhonda,3
565=,Romy,3
565=,Rosa,3
565=,Rosanne,3
565=,Sabina,3
565=,Selena,3
565=,Seona,3
565=,Serena,3
565=,Shauna,3
565=,Siti,3
565=,Stella,3
565=,Stephenie,3
565=,Sunita,3
565=,Tania,3
565=,Tegan,3
565=,Therese,3
565=,Tracie,3
565=,Verity,3
565=,Virginia,3
565=,Yvette,3
565=,Zandra,3
565=,Zohra,3
669=,Aamna,2
669=,Aarti,2
669=,Aasma,2
669=,Adeline,2
669=,Aimie,2
669=,Aiysha,2
669=,Alaa,2
669=,Alaine,2
669=,Alanah,2
669=,Alena,2
669=,Alessia,2
669=,Amiee,2
669=,Amii,2
669=,Amrit,2
669=,Ana,2
669=,Anastasia,2
669=,Andria,2
669=,Aneesha,2
669=,Anette,2
669=,Anika,2
669=,Ann-Louise,2
669=,Anna-Marie,2
669=,Annabelle,2
669=,Annemarie,2
669=,Antoinette,2
669=,Ariane,2
669=,Arwen,2
669=,Ashia,2
669=,Ashliegh,2
669=,Autumn,2
669=,Azra,2
669=,Barbara-Ann,2
669=,Becky,2
669=,Belinda,2
669=,Beverly,2
669=,Blair,2
669=,Bobbi,2
669=,Bobbie,2
669=,Breege,2
669=,Bronagh,2
669=,Bushra,2
669=,Caireen,2
669=,Calley,2
669=,Camille,2
669=,Careen,2
669=,Caren,2
669=,Carey,2
669=,Carin,2
669=,Catrin,2
669=,Cecilia,2
669=,Ceilidh,2
669=,Chantal,2
669=,Charleen,2
669=,Cherrie,2
669=,Cheryl-Lee,2
669=,Cheryle,2
669=,Christa,2
669=,Christel,2
669=,Christy,2
669=,Constance,2
669=,Coralie,2
669=,Corin,2
669=,Corrina,2
669=,Cristina,2
669=,David,2
669=,Debbie-Lea,2
669=,Debbie-Lee,2
669=,Dee-Ann,2
669=,Dona,2
669=,Donnamarie,2
669=,Elaina,2
669=,Eleri,2
669=,Elisha,2
669=,Elizabeth-Anne,2
669=,Ella,2
669=,Elsa,2
669=,Farkhanda,2
669=,Farzana,2
669=,Fionna,2
669=,Flora,2
669=,Florence,2
669=,Georgia,2
669=,Giuliana,2
669=,Gloria,2
669=,Greer,2
669=,Halina,2
669=,Hanan,2
669=,Hanna,2
669=,Hinna,2
669=,Honor,2
669=,Isabel,2
669=,Ishbel,2
669=,Isra,2
669=,Jacqualine,2
669=,Jamie-Lee,2
669=,Jayde,2
669=,Jaymie,2
669=,Jemima,2
669=,Jilly,2
669=,Jocelyn,2
669=,Judy,2
669=,Ka,2
669=,Karena,2
669=,Karleen,2
669=,Karley,2
669=,Karra,2
669=,Karrie,2
669=,Katerina,2
669=,Katey,2
669=,Katya,2
669=,Kaye,2
669=,Kaylee,2
669=,Kayliegh,2
669=,Keighley,2
669=,Kellyanne,2
669=,Keren,2
669=,Kerri-Ann,2
669=,Kerrin,2
669=,Kerryann,2
669=,Kimberlee,2
669=,Kimberley-Anne,2
669=,Kiran,2
669=,Kirstene,2
669=,Kirsty-Ann,2
669=,Kirstyn,2
669=,Kristy,2
669=,Krysty,2
669=,Kyle,2
669=,Kyley,2
669=,Laina,2
669=,Laura-Jane,2
669=,Laurel,2
669=,Layla,2
669=,Lea,2
669=,Lea-Anne,2
669=,Leesa,2
669=,Leia,2
669=,Leisa,2
669=,Leslie-Anne,2
669=,Leylah,2
669=,Liana,2
669=,Limara,2
669=,Linden,2
669=,Lisa-Marie,2
669=,Loraine,2
669=,Maeve,2
669=,Mairi-Louise,2
669=,Margaret-Ann,2
669=,Mariam,2
669=,Marian,2
669=,Marie-Claire,2
669=,Marilyn,2
669=,Marsali,2
669=,Martine,2
669=,Mary-Ann,2
669=,Mary-Anne,2
669=,Maryanne,2
669=,Meagan,2
669=,Melody,2
669=,Mhorven,2
669=,Mirren,2
669=,Molly,2
669=,Munaza,2
669=,Muriel,2
669=,Naila,2
669=,Nathasha,2
669=,Nazma,2
669=,Neelam,2
669=,Nickie,2
669=,Nickola,2
669=,Nicky,2
669=,Nicolle,2
669=,Nora,2
669=,Pamala,2
669=,Paola,2
669=,Petra,2
669=,Phoebe,2
669=,Poppy,2
669=,Raechel,2
669=,Razia,2
669=,Rea,2
669=,Rebekah,2
669=,Regan,2
669=,Rhianydd,2
669=,Rhoda,2
669=,Rizwana,2
669=,Roanna,2
669=,Roma,2
669=,Rosaleen,2
669=,Rosanna,2
669=,Roseanna,2
669=,Rosemarie,2
669=,Rosina,2
669=,Rosslyn,2
669=,Rozanna,2
669=,Ruksana,2
669=,Saba,2
669=,Sadaf,2
669=,Safina,2
669=,Sahar,2
669=,Sairah,2
669=,Samina,2
669=,Sandi,2
669=,Sara-Louise,2
669=,Sarah-Jayne,2
669=,Sarahjane,2
669=,Sarra,2
669=,Savannah,2
669=,Scarlett,2
669=,Senga,2
669=,Shabnam,2
669=,Shama,2
669=,Shan,2
669=,Shanna,2
669=,Sharee,2
669=,Sharleen,2
669=,Sharyn,2
669=,Sheryll,2
669=,Shiree,2
669=,Shireen,2
669=,Shivani,2
669=,Sima,2
669=,Siobhain,2
669=,Siobhann,2
669=,Sobia,2
669=,Stacey-Anne,2
669=,Stefania,2
669=,Tahira,2
669=,Tahnee,2
669=,Tasha,2
669=,Tehseen,2
669=,Thea,2
669=,Tricia,2
669=,Trudi,2
669=,Tuesday,2
669=,Ursula,2
669=,Uzma,2
669=,Vari,2
669=,Varrie,2
669=,Vhari,2
669=,Viki,2
669=,Vivian,2
669=,Wai,2
669=,Williamina,2
669=,Yara,2
669=,Yasmeen,2
669=,Yuen,2
669=,Zenab,2
669=,Zia,2
669=,Zoey,2
919=,A'ala,1
919=,Aaisha,1
919=,Aarany,1
919=,Aaron,1
919=,Abagail,1
919=,Abbe,1
919=,Abbey,1
919=,Abbigail,1
919=,Abigaile,1
919=,Abigayil,1
919=,Adalouise,1
919=,Adam,1
919=,Adellita,1
919=,Adetope,1
919=,Adeyimika,1
919=,Afra,1
919=,Afshan,1
919=,Afsheen,1
919=,Agatha,1
919=,Ahlam,1
919=,Ai,1
919=,Aila,1
919=,Ailis,1
919=,Aillish,1
919=,Aislynn,1
919=,Alan,1
919=,Alana-Marie,1
919=,Aleshia,1
919=,Alexandre,1
919=,Alexandrea,1
919=,Alicen,1
919=,Alicia-Jane,1
919=,Alida,1
919=,Alisa,1
919=,Alishia,1
919=,Alissa,1
919=,Alissa-Marie,1
919=,Alita,1
919=,Aliya,1
919=,Allan,1
919=,Allanagh,1
919=,Allanah-Marie,1
919=,Allanna,1
919=,Alphira,1
919=,Alyah,1
919=,Alyssa,1
919=,Alyth,1
919=,Amabel,1
919=,Aman,1
919=,Amana,1
919=,Amanda-Jane,1
919=,Amanjit,1
919=,Ambreen,1
919=,Amee,1
919=,Ameena,1
919=,Amelie,1
919=,Amena,1
919=,Amera,1
919=,Amerah,1
919=,Amie-Marie,1
919=,Amit,1
919=,Ammara,1
919=,Amritdeep,1
919=,Amy-Beth,1
919=,Amy-Louise,1
919=,Analise,1
919=,Andilip,1
919=,Andrea-Simone,1
919=,Andrene,1
919=,Aneela,1
919=,Angelina,1
919=,Angelique,1
919=,Angharad,1
919=,Anice,1
919=,Anila,1
919=,Anisha,1
919=,Anja,1
919=,Anjela,1
919=,Anna-Louise,1
919=,Annabella,1
919=,Annaka,1
919=,Annaliese,1
919=,Annaliza,1
919=,Annamay,1
919=,Anne-Louise,1
919=,Anneli,1
919=,Annelie,1
919=,Annella,1
919=,Annemieke,1
919=,Annie-Marie,1
919=,Anstice,1
919=,Antonette,1
919=,Antonnia,1
919=,Anwen,1
919=,Arabelle,1
919=,Areej,1
919=,Arfah,1
919=,Ariadne,1
919=,Ariana,1
919=,Arianna,1
919=,Arianne,1
919=,Ariel,1
919=,Arielle,1
919=,Arleine,1
919=,Aroona,1
919=,Arwa,1
919=,Arzo,1
919=,Aseel,1
919=,Asha,1
919=,Ashana,1
919=,Ashifa,1
919=,Ashjan,1
919=,Ashlaigh,1
919=,Ashley-Ann,1
919=,Ashlie,1
919=,Asifa,1
919=,Asmaa,1
919=,Assmaa,1
919=,Asta,1
919=,Astra,1
919=,Astyn,1
919=,Asuka,1
919=,Atholl,1
919=,Atika,1
919=,Aunesah,1
919=,Auntra,1
919=,Auruj,1
919=,Ava,1
919=,Avalon,1
919=,Avita,1
919=,Avrill,1
919=,Avryl,1
919=,Ayeshea,1
919=,Ayisha,1
919=,Ayla,1
919=,Ayleen,1
919=,Ayobambo,1
919=,Aznie,1
919=,Banu,1
919=,Batool,1
919=,Batul,1
919=,Beatriz,1
919=,Beccy,1
919=,Berenice,1
919=,Bernice,1
919=,Bethan,1
919=,Bethany-Ann,1
919=,Betina,1
919=,Bhavika,1
919=,Bik,1
919=,Binita,1
919=,Birte,1
919=,Bitina,1
919=,Bobby,1
919=,Brady,1
919=,Brandi,1
919=,Brandy,1
919=,Bree,1
919=,Brenna,1
919=,Bria,1
919=,Brian,1
919=,Brie,1
919=,Britni,1
919=,Brittaney,1
919=,Brittney,1
919=,Bronia,1
919=,Bronwen,1
919=,Cairin,1
919=,Cairol,1
919=,Caitriana,1
919=,Caleigh,1
919=,Caley,1
919=,Calhey,1
919=,Calhi,1
919=,Callie,1
919=,Candace,1
919=,Cappella,1
919=,Caprice,1
919=,Caragh,1
919=,Caraid,1
919=,Caralisa,1
919=,Careena,1
919=,Carena,1
919=,Cari-Anne,1
919=,Caris,1
919=,Carla-Jayne,1
919=,Carlene,1
919=,Carley,1
919=,Carlie,1
919=,Carlynn,1
919=,Carmella,1
919=,Carol-Lynn,1
919=,Carol-Lynne,1
919=,Carole-Anne,1
919=,Caroleanne,1
919=,Carolin,1
919=,Caroljane,1
919=,Caron,1
919=,Carragh,1
919=,Carriann,1
919=,Carrianne,1
919=,Carrie-Jayne,1
919=,Carrin,1
919=,Caryl,1
919=,Caryss,1
919=,Cassarne,1
919=,Cassi,1
919=,Cassidy,1
919=,Cassiopeia,1
919=,Catharine,1
919=,Catherine-Ann,1
919=,Catherine-Mary,1
919=,Cathleen,1
919=,Cathrin,1
919=,Cathrine,1
919=,Cathy,1
919=,Ceanna,1
919=,Cecile,1
919=,Ceirah,1
919=,Celia,1
919=,Celine,1
919=,Cerise,1
919=,Chadni,1
919=,Chana,1
919=,Chanbeer,1
919=,Chandra,1
919=,Chanel,1
919=,Chani,1
919=,Chanpreet,1
919=,Charene,1
919=,Charina,1
919=,Charis,1
919=,Charlain,1
919=,Charlie,1
919=,Charlie-Marie,1
919=,Charmain,1
919=,Charmane,1
919=,Charris,1
919=,Chee-Lin,1
919=,Chelsey,1
919=,Cher-Laurann,1
919=,Cheri,1
919=,Cherissa,1
919=,Cherisse,1
919=,Cherolyn,1
919=,Cheryl-Ann,1
919=,Cheryl-Leigh,1
919=,Cherylann,1
919=,Cherylanne,1
919=,Cheryll,1
919=,Chetana,1
919=,Cheuk,1
919=,Chi,1
919=,Chiara,1
919=,Ching,1
919=,Chrisanne,1
919=,Christi,1
919=,Christian,1
919=,Christiane,1
919=,Christianne,1
919=,Chryslyn,1
919=,Chrystall,1
919=,Chukwunonyelum,1
919=,Cianne,1
919=,Ciara,1
919=,Ciaran,1
919=,Ciorsdan,1
919=,Clair-Louise,1
919=,Clair-Marie,1
919=,Claire-Louise,1
919=,Clare-Louise,1
919=,Claudine,1
919=,Clementine,1
919=,Cleo,1
919=,Clover,1
919=,Coleena,1
919=,Colette-Marie,1
919=,Coral,1
919=,Coreen,1
919=,Corina,1
919=,Cornelia,1
919=,Correna,1
919=,Correne,1
919=,Cyma,1
919=,Cyndi,1
919=,Cynthia,1
919=,Dahlia,1
919=,Dahni,1
919=,Daisy,1
919=,Dale,1
919=,Dana-Nicole,1
919=,Danah,1
919=,Danella,1
919=,Danelle,1
919=,Danette,1
919=,Danica,1
919=,Daniell,1
919=,Danisha,1
919=,Danna,1
919=,Dannielle,1
919=,Danyell,1
919=,Dara,1
919=,Darlene,1
919=,Daryl,1
919=,Dass,1
919=,Davina,1
919=,Dawn-Marie,1
919=,Dawna,1
919=,Dayle,1
919=,Dayna,1
919=,Deana,1
919=,Deanine,1
919=,Deanne,1
919=,Debbee,1
919=,Debbi,1
919=,Debbianne,1
919=,Debbie-Anne,1
919=,Deborahann,1
919=,Debrah,1
919=,Dee-Anne,1
919=,Deelak,1
919=,Deirdre,1
919=,Deli,1
919=,Della,1
919=,Dena,1
919=,Denee,1
919=,Denice,1
919=,Dereen,1
919=,Dern,1
919=,Derra,1
919=,Dhana,1
919=,Diki,1
919=,Dilys,1
919=,Dinah,1
919=,Dione,1
919=,Doleen,1
919=,Dolina,1
919=,Dora-Lee,1
919=,Doreen-Gayle,1
919=,Dorothea,1
919=,Dyann,1
919=,Dyanne,1
919=,Ebony,1
919=,Edel,1
919=,Edith,1
919=,Efstathia,1
919=,Eghoghon,1
919=,Eilean,1
919=,Eilidh-Jane,1
919=,Eilidih,1
919=,Eilliane,1
919=,Eiran,1
919=,Elana,1
919=,Elanor,1
919=,Eleni,1
919=,Eliane,1
919=,Elin,1
919=,Elisa,1
919=,Elishia,1
919=,Elissa,1
919=,Eliyana,1
919=,Elizabeth-Jane,1
919=,Elizebeth,1
919=,Ella-Jayne,1
919=,Ellanor,1
919=,Elleair,1
919=,Ellis,1
919=,Ellon,1
919=,Elodie,1
919=,Elsie,1
919=,Elyse,1
919=,Ema,1
919=,Eman,1
919=,Emerald,1
919=,Emilie,1
919=,Emilie-Beth,1
919=,Emma-Jay,1
919=,Emmajane,1
919=,Emman,1
919=,Eoina,1
919=,Eram,1
919=,Erinn,1
919=,Erinne,1
919=,Ernestine,1
919=,Erran,1
919=,Errin,1
919=,Erryn,1
919=,Eva-Maria,1
919=,Evangeline,1
919=,Ewa,1
919=,Eyvone,1
919=,Fabiana,1
919=,Fabiene,1
919=,Fadwa,1
919=,Fahriea,1
919=,Fahrunnisa,1
919=,Faith,1
919=,Faiza,1
919=,Faizah,1
919=,Fallyn,1
919=,Fardia,1
919=,Fareeha,1
919=,Farhana,1
919=,Farheen,1
919=,Farihah,1
919=,Farrah,1
919=,Farzanah,1
919=,Fatimah,1
919=,Fatin,1
919=,Fauzia,1
919=,Fearn,1
919=,Ferguson,1
919=,Fiaqua,1
919=,Filza,1
919=,Fiona-Jane,1
919=,Fionnuala,1
919=,Fiore,1
919=,Fiza,1
919=,Fozia,1
919=,Francene,1
919=,Francine,1
919=,Frankie,1
919=,Freda,1
919=,Fredericka,1
919=,Freyja,1
919=,Frieda,1
919=,Furzana,1
919=,Ga,1
919=,Gabriel,1
919=,Gabriella,1
919=,Gak,1
919=,Gale,1
919=,Garly,1
919=,Gary,1
919=,Gayna,1
919=,Geanna,1
919=,Gem,1
919=,Gemma-Ann,1
919=,Genette,1
919=,Genia,1
919=,Georgenna,1
919=,Georgiana,1
919=,Gerlinde,1
919=,Ghadah,1
919=,Ghena,1
919=,Gill,1
919=,Gillianne,1
919=,Gillie,1
919=,Giovanna,1
919=,Gita,1
919=,Giuseppina,1
919=,Glenda,1
919=,Graeme,1
919=,Graham,1
919=,Grainne,1
919=,Greta,1
919=,Gudrun,1
919=,Gulfashan,1
919=,Gulnaz,1
919=,Gurmeet,1
919=,Gurnam,1
919=,Gurpreet,1
919=,Gursinder,1
919=,Gurvinder,1
919=,Gwendoline,1
919=,Gwendolyn,1
919=,Gwyneth,1
919=,Hadia,1
919=,Hafsa,1
919=,Hafsah,1
919=,Haiah,1
919=,Hailey,1
919=,Halley,1
919=,Hameeda,1
919=,Hana,1
919=,Hanaa,1
919=,Hanah,1
919=,Haneen,1
919=,Hanisah,1
919=,Hannabelle,1
919=,Hannah-Marie,1
919=,Harinderjit,1
919=,Harley,1
919=,Harpreet,1
919=,Hasina,1
919=,Haylea,1
919=,Hayli,1
919=,Hayzel,1
919=,Hazell,1
919=,Heam,1
919=,Heather-Lee,1
919=,Heba,1
919=,Heena,1
919=,Helen-Marie,1
919=,Helene,1
919=,Helina,1
919=,Helyn-Ann,1
919=,Hennah,1
919=,Hiba,1
919=,Hilda,1
919=,Hina,1
919=,Hollii,1
919=,Huma,1
919=,Humaira,1
919=,Humma,1
919=,Ilene,1
919=,Ilka,1
919=,Ilona,1
919=,Ilse,1
919=,Iman,1
919=,Imelda,1
919=,Inara,1
919=,Inas,1
919=,Inca,1
919=,Indea,1
919=,Inderpreet,1
919=,India,1
919=,Inga,1
919=,Ioanna,1
919=,Iona-Amy,1
919=,Irim,1
919=,Iris,1
919=,Irum,1
919=,Isabell,1
919=,Isabelle,1
919=,Islay,1
919=,Isma,1
919=,Ismaa,1
919=,Isobell,1
919=,Izis,1
919=,Jacalyn,1
919=,Jacki,1
919=,Jacklene,1
919=,Jaclynne,1
919=,Jacqualene,1
919=,Jaide,1
919=,Jaki,1
919=,Jamay,1
919=,Jamesina,1
919=,Jamey,1
919=,Jamie-Marie,1
919=,Jamielee,1
919=,Jamila,1
919=,Jan-Louise,1
919=,Jana,1
919=,Janet-Louise,1
919=,Janey,1
919=,Janina,1
919=,Janna,1
919=,Jannie,1
919=,Jantira,1
919=,Jaqualine,1
919=,Jaquelene,1
919=,Jaquelyn,1
919=,Jareena,1
919=,Jasbeet,1
919=,Jaskiren,1
919=,Jasmyn,1
919=,Jaspreet,1
919=,Jass,1
919=,Jaswinder,1
919=,Jaye,1
919=,Jayellen,1
919=,Jayme,1
919=,Jaymi,1
919=,Jayvinder,1
919=,Jeanelle,1
919=,Jed,1
919=,Jemina,1
919=,Jemma-Klare,1
919=,Jeni,1
919=,Jeniffer,1
919=,Jenilee,1
919=,Jenna-Leigh,1
919=,Jennagh,1
919=,Jennah,1
919=,Jennefer,1
919=,Jenni-Lee,1
919=,Jennie,1
919=,Jenniffer,1
919=,Jessamine,1
919=,Jessamy,1
919=,Jessie,1
919=,Jessie-May,1
919=,Jett,1
919=,Jillie,1
919=,Jinny,1
919=,Jo,1
919=,Jo-Anna,1
919=,Jocelin,1
919=,Jocelyne,1
919=,Joddi,1
919=,Joe-Ellen,1
919=,Joeanne,1
919=,Joeleen,1
919=,Joleen,1
919=,Joletta,1
919=,Jonella,1
919=,Jordanna,1
919=,Jorjina,1
919=,Josie,1
919=,Jourdana,1
919=,Judie,1
919=,Juille,1
919=,Juli,1
919=,Juliann,1
919=,Julianna,1
919=,Julie-Marie,1
919=,Jura,1
919=,Jwaher,1
919=,Kadie,1
919=,Kahley-Liza,1
919=,Kaighley,1
919=,Kailee,1
919=,Kairen,1
919=,Kairene,1
919=,Kaley,1
919=,Kali,1
919=,Kaliegh,1
919=,Kalli,1
919=,Kamawit,1
919=,Kamel,1
919=,Kamila,1
919=,Kamla,1
919=,Kana,1
919=,Kandice,1
919=,Kandy,1
919=,Kang,1
919=,Kanta,1
919=,Kara-Louise,1
919=,Karalyn,1
919=,Karan,1
919=,Kareen,1
919=,Karianne,1
919=,Karis-Jade,1
919=,Karisma,1
919=,Karissa,1
919=,Karlah,1
919=,Karlene,1
919=,Karliene,1
919=,Karlin,1
919=,Karly,1
919=,Karmen,1
919=,Karn,1
919=,Karnjit,1
919=,Karri,1
919=,Karris,1
919=,Karriz,1
919=,Kasey,1
919=,Kashara,1
919=,Kassi-Lee,1
919=,Katharyn,1
919=,Katheryn,1
919=,Katie-Anne,1
919=,Katie-Helen,1
919=,Katie-Jane,1
919=,Katie-May,1
919=,Katie-Victoria,1
919=,Katreen,1
919=,Katrin,1
919=,Katryna,1
919=,Kausar,1
919=,Kay-Leigh,1
919=,Kayley,1
919=,Kaylie,1
919=,Kayreen,1
919=,Kayrine,1
919=,Kaysie,1
919=,Kazia,1
919=,Keava,1
919=,Keely,1
919=,Keighlea,1
919=,Keir-Ewin,1
919=,Keirsten,1
919=,Keisha,1
919=,Kelechi,1
919=,Keli,1
919=,Keliann,1
919=,Kellianne,1
919=,Kelly-Maria,1
919=,Kellymarie,1
919=,Kennedy,1
919=,Kenora,1
919=,Keo,1
919=,Kera,1
919=,Keri-Ann,1
919=,Keriann,1
919=,Kerina,1
919=,Kerrera,1
919=,Kerrieann,1
919=,Kerry-Louise,1
919=,Kerryanne,1
919=,Kerryjane,1
919=,Kersten,1
919=,Kerstine,1
919=,Keryn,1
919=,Kes,1
919=,Kezia,1
919=,Khadiegah,1
919=,Khairat,1
919=,Khardine,1
919=,Kharri,1
919=,Khawla,1
919=,Khazeemah,1
919=,Kildeep,1
919=,Kiranjit,1
919=,Kiri,1
919=,Kirin,1
919=,Kirn,1
919=,Kirren-Pal,1
919=,Kirrie,1
919=,Kirsty-Anna,1
919=,Kirsty-Anne,1
919=,Kirsty-Jane,1
919=,Kirstyjane,1
919=,Klaire,1
919=,Klara,1
919=,Klaske,1
919=,Korin,1
919=,Korine,1
919=,Krishna,1
919=,Kristie,1
919=,Krystin,1
919=,Krystina,1
919=,Krystyna,1
919=,Kuljit,1
919=,Kulsum,1
919=,Kursty,1
919=,Kyhla,1
919=,Kyla,1
919=,Kylagha,1
919=,Kyleigh,1
919=,Kymberley,1
919=,Kymm,1
919=,Kyrsti,1
919=,Kyrstie,1
919=,Lahra,1
919=,Lai,1
919=,Laihann,1
919=,Lania,1
919=,Lara-Faye,1
919=,Lara-Kim,1
919=,Larayn,1
919=,Larina,1
919=,Larisa,1
919=,Larraine,1
919=,Latina,1
919=,Laura-Jayne,1
919=,Lauralynn,1
919=,Lauran,1
919=,Laurann,1
919=,Laureen,1
919=,Lauri,1
919=,Laurie-Anne,1
919=,Laurin,1
919=,Lavena,1
919=,Lawney,1
919=,Layna,1
919=,Lea-Ann,1
919=,Leaanne,1
919=,Leah-Anne,1
919=,Leahann,1
919=,Leahanne,1
919=,Leahna,1
919=,Lean,1
919=,Lee-Anna,1
919=,Leea,1
919=,Leisa-Jayne,1
919=,Leisha,1
919=,Lene,1
919=,Leoma,1
919=,Leonor,1
919=,Lesleyann,1
919=,Leslie,1
919=,Leticia,1
919=,Letifa,1
919=,Letitia,1
919=,Lexine,1
919=,Leyla,1
919=,Liah,1
919=,Lian,1
919=,Liann,1
919=,Lily,1
919=,Lindsay-Ann,1
919=,Lindsay-Louise,1
919=,Lindzy,1
919=,Linsi,1
919=,Linzay,1
919=,Linzey,1
919=,Linziann,1
919=,Linzy,1
919=,Lisa-Anne,1
919=,Lisa-May,1
919=,Lisamaria,1
919=,Lisbeth,1
919=,Litsa,1
919=,Liusaidh,1
919=,Liz-Anne,1
919=,Liza-Marie,1
919=,Lizamarie,1
919=,Lizann,1
919=,Llaura,1
919=,Lois-Marie,1
919=,Loredana,1
919=,Lorena,1
919=,Loretta,1
919=,Lorette,1
919=,Lori-Anne,1
919=,Lorin,1
919=,Lorrae,1
919=,Lorrain,1
919=,Lorrianne,1
919=,Lorrie,1
919=,Lottie,1
919=,Louisa-Jayne,1
919=,Louvain,1
919=,Lubna,1
919=,Lucanne,1
919=,Luce,1
919=,Luchelle,1
919=,Luciana,1
919=,Lucille,1
919=,Lucy-Anne,1
919=,Lucyanna,1
919=,Luisa,1
919=,Lulu,1
919=,Lutfiah,1
919=,Lyla,1
919=,Lynanne,1
919=,Lyncara,1
919=,Lynda-Jane,1
919=,Lynsey-Anne,1
919=,Lynsie,1
919=,Lysette,1
919=,Madaline,1
919=,Madeha,1
919=,Madelaine,1
919=,Madeleinea,1
919=,Madelon,1
919=,Madhumadhi,1
919=,Madia,1
919=,Magda,1
919=,Maggie,1
919=,Mahala,1
919=,Mahira,1
919=,Mahri,1
919=,Mahri-Ann,1
919=,Maia,1
919=,Maire,1
919=,Mairi-Claire,1
919=,Mairiann,1
919=,Mairianna,1
919=,Majbritt,1
919=,Majella,1
919=,Maleisha,1
919=,Maliha,1
919=,Malissa,1
919=,Mamdeep,1
919=,Man-Ki,1
919=,Man-Yung,1
919=,Mandeep,1
919=,Mandelle,1
919=,Mandi,1
919=,Manjot,1
919=,Mann,1
919=,Manpreet,1
919=,Mara,1
919=,Maral,1
919=,Marbeth,1
919=,Marcia,1
919=,Marea,1
919=,Marena,1
919=,Marette,1
919=,Marevana,1
919=,Margaret-Anne,1
919=,Margaretanne,1
919=,Marghureta,1
919=,Margot,1
919=,Marguerite,1
919=,Mari-Esther,1
919=,Mari-Louise,1
919=,Maria-Jacquelin,1
919=,Maria-Jane,1
919=,Mariah,1
919=,Mariama,1
919=,Mariana,1
919=,Mariann,1
919=,Marianna,1
919=,Maricia,1
919=,Mariclair,1
919=,Marie-Anne,1
919=,Marie-Clare,1
919=,Marie-Louise,1
919=,Marieanne,1
919=,Mariela,1
919=,Mariesa,1
919=,Maris,1
919=,Marisha,1
919=,Maritza,1
919=,Marjana,1
919=,Marjorie,1
919=,Marjory,1
919=,Marleen,1
919=,Marlena,1
919=,Marna,1
919=,Marrisa,1
919=,Marsaili,1
919=,Marta,1
919=,Mary-Anne-Louis,1
919=,Mary-Beth,1
919=,Maryjane,1
919=,Marzia,1
919=,Mashaal,1
919=,Matilda,1
919=,Maya,1
919=,Mccall,1
919=,Mckinley,1
919=,Meche,1
919=,Mediehah,1
919=,Megan-Amy,1
919=,Meggan,1
919=,Mehnaz,1
919=,Mehr,1
919=,Mehreen,1
919=,Mehvish,1
919=,Meike,1
919=,Melaine,1
919=,Melany,1
919=,Melessa,1
919=,Melodie,1
919=,Merilyn,1
919=,Merisa,1
919=,Merrban,1
919=,Meryl,1
919=,Meshel,1
919=,Meshell,1
919=,Mhairi-Ann,1
919=,Mhairi-Rose,1
919=,Mhoira,1
919=,Mhoraig,1
919=,Mi'delle,1
919=,Miake,1
919=,Micall,1
919=,Michelle-Louise,1
919=,Mikaela,1
919=,Mikaila,1
919=,Millissa,1
919=,Mimonah,1
919=,Mina,1
919=,Miquela,1
919=,Miquette,1
919=,Mirranne,1
919=,Misba,1
919=,Misbaa,1
919=,Missy-Laura,1
919=,Missy-Lee,1
919=,Misty,1
919=,Mobeen,1
919=,Moghara,1
919=,Mohina,1
919=,Monika,1
919=,Moniquis,1
919=,Montana,1
919=,Mori,1
919=,Morven-Jayne,1
919=,Morwen,1
919=,Moyra,1
919=,Mun,1
919=,Muna,1
919=,Mundana,1
919=,Munira,1
919=,Murdina,1
919=,Musirad,1
919=,My,1
919=,Mykahla,1
919=,Mykel,1
919=,Nabella,1
919=,Nabia,1
919=,Nabilah,1
919=,Nableea,1
919=,Nadeen,1
919=,Nadene,1
919=,Nadia-Ann,1
919=,Nadiah,1
919=,Nafiesa,1
919=,Nafisa,1
919=,Nafisah,1
919=,Nageena,1
919=,Naiomi,1
919=,Najaf,1
919=,Nakara,1
919=,Namarata,1
919=,Nandini,1
919=,Nantta,1
919=,Nareen,1
919=,Nargus,1
919=,Nasara,1
919=,Naseem,1
919=,Nasim,1
919=,Nasma,1
919=,Natacha,1
919=,Natale,1
919=,Natalina,1
919=,Natalja,1
919=,Natallie,1
919=,Natashia,1
919=,Natasia,1
919=,Natassia,1
919=,Natassja,1
919=,Natasza,1
919=,Natilie,1
919=,Navada,1
919=,Naveed,1
919=,Navjyot,1
919=,Nazish,1
919=,Nazmeen,1
919=,Neave,1
919=,Neelum,1
919=,Neesha,1
919=,Neetu,1
919=,Negin,1
919=,Nehal,1
919=,Neileise,1
919=,Neomie,1
919=,Nerys,1
919=,Nesem,1
919=,Neslihan,1
919=,Nesreen,1
919=,Netu,1
919=,Nevver,1
919=,Ngoc,1
919=,Niaomi,1
919=,Niccola,1
919=,Nichol,1
919=,Nicholette,1
919=,Nicholle,1
919=,Nico,1
919=,Nicol,1
919=,Nicolla,1
919=,Nighean,1
919=,Nike,1
919=,Nikky,1
919=,Nikole,1
919=,Ninna,1
919=,Nisreen,1
919=,Noelene,1
919=,Noha,1
919=,Nolah,1
919=,Nolene,1
919=,Nonde,1
919=,Norasyikin,1
919=,Noreena,1
919=,Nuda,1
919=,Nuha,1
919=,Nureen,1
919=,Nurfaraheeda,1
919=,Obaira,1
919=,Octavia,1
919=,Odette,1
919=,Odochi,1
919=,Okiemude,1
919=,Olukeji,1
919=,Olukemi,1
919=,Olukunbi,1
919=,Olwyn,1
919=,Oneece,1
919=,Onyekachukwu,1
919=,Orianna,1
919=,Oriele,1
919=,Orna,1
919=,Ozma,1
919=,Paavani,1
919=,Pabenda,1
919=,Pagaine,1
919=,Parveen,1
919=,Pascale,1
919=,Pavan,1
919=,Pavandeep,1
919=,Petrina,1
919=,Phebe,1
919=,Philipa,1
919=,Phillippa,1
919=,Philomena,1
919=,Phuong,1
919=,Phyllis,1
919=,Pippa,1
919=,Pooja,1
919=,Porscha,1
919=,Prabjyot,1
919=,Prabsharon,1
919=,Preeti,1
919=,Priscilla,1
919=,Priya,1
919=,Pui,1
919=,Qaneta,1
919=,Rachell,1
919=,Radhia,1
919=,Radhika,1
919=,Rae,1
919=,Raelene,1
919=,Ragan,1
919=,Rahanna,1
919=,Rahat,1
919=,Raheel,1
919=,Rahiet,1
919=,Rahilah,1
919=,Rajbir,1
919=,Rajinder,1
919=,Rajwinder,1
919=,Ramona,1
919=,Raonaid,1
919=,Raquel,1
919=,Rasheeda,1
919=,Ratna,1
919=,Raynor,1
919=,Reanne,1
919=,Rebbecca,1
919=,Rebekka,1
919=,Reesha,1
919=,Rehanna,1
919=,Reinaz,1
919=,Rena,1
919=,Rene,1
919=,Renee,1
919=,Rhainnon,1
919=,Rhalina,1
919=,Rhea,1
919=,Rhianan,1
919=,Rhondda,1
919=,Richa,1
919=,Richard,1
919=,Rikkilee,1
919=,Riley,1
919=,Rita,1
919=,Robabeh,1
919=,Robecca,1
919=,Robina,1
919=,Rochele,1
919=,Roision,1
919=,Rokhsan,1
919=,Romana,1
919=,Romara,1
919=,Romilly,1
919=,Ronelle,1
919=,Roomila,1
919=,Rosa-Lynn,1
919=,Rosa-Maria,1
919=,Rosalie,1
919=,Rosaria,1
919=,Rose-Ann,1
919=,Rose-Marie,1
919=,Roseannah,1
919=,Roseleen,1
919=,Roselyn,1
919=,Roselynn,1
919=,Rosion,1
919=,Ross,1
919=,Roween,1
919=,Roxean,1
919=,Roxsanne,1
919=,Roxzann,1
919=,Rozalynn,1
919=,Rozanne,1
919=,Rozeena,1
919=,Rozlyn,1
919=,Rukhsana,1
919=,Rumana,1
919=,Runa,1
919=,Ryelle,1
919=,Sabah,1
919=,Sadduf,1
919=,Sadef,1
919=,Saeeda,1
919=,Safa,1
919=,Safaira,1
919=,Saffron,1
919=,Safia,1
919=,Safira,1
919=,Safiyyah,1
919=,Sahid,1
919=,Sahra,1
919=,Saibvhonn,1
919=,Saimah,1
919=,Sairene,1
919=,Saisha,1
919=,Sajal,1
919=,Sajida,1
919=,Saleema,1
919=,Salina,1
919=,Samantha-Jane,1
919=,Samara,1
919=,Samarra,1
919=,Samata,1
919=,Samatha,1
919=,Sami,1
919=,Samia,1
919=,Samila,1
919=,Samra,1
919=,Samrina,1
919=,Sana,1
919=,Sanaa,1
919=,Sanchez,1
919=,Sandy,1
919=,Sanna,1
919=,Saoirse,1
919=,Sara-Anne,1
919=,Sara-Jane,1
919=,Sarah-Ann,1
919=,Sarah-Anne,1
919=,Sarah-Lee,1
919=,Sarah-Marie,1
919=,Sarah-May,1
919=,Sarari,1
919=,Sareena,1
919=,Sarh,1
919=,Sari,1
919=,Sarice,1
919=,Sariya,1
919=,Saroash,1
919=,Saskia,1
919=,Satoko,1
919=,Scarlette,1
919=,Scheryl,1
919=,Seaona,1
919=,Seline,1
919=,Semone,1
919=,Seonid,1
919=,Serina,1
919=,Shaaista,1
919=,Shabeena,1
919=,Shabina,1
919=,Shadia,1
919=,Shafia,1
919=,Shafina,1
919=,Shagoofa,1
919=,Shahana,1
919=,Shaheen,1
919=,Shaheena,1
919=,Shahida,1
919=,Shahrzad,1
919=,Shaika,1
919=,Shaima,1
919=,Shaista,1
919=,Shakeela,1
919=,Shakila,1
919=,Shakra,1
919=,Shamekating-Tin,1
919=,Shamina,1
919=,Shana,1
919=,Shanaz,1
919=,Shanice,1
919=,Shanin,1
919=,Shanine,1
919=,Shantla,1
919=,Sharanne,1
919=,Sharla,1
919=,Sharlot,1
919=,Sharmaine,1
919=,Sharmane,1
919=,Sharn,1
919=,Sharrisse,1
919=,Shaunna,1
919=,Shavon,1
919=,Shavonne,1
919=,Shayron,1
919=,Sheeba,1
919=,Sheela,1
919=,Sheelagh,1
919=,Sheenagh,1
919=,Sheina,1
919=,Shel-Leanne,1
919=,Shelagh,1
919=,Shelaine,1
919=,Shelby,1
919=,Shelley-Ann,1
919=,Shelley-Anne,1
919=,Sheonagh,1
919=,Shereena,1
919=,Sherien,1
919=,Sherrie,1
919=,Sherriedaanne,1
919=,Sherry,1
919=,Sheryl-Ann,1
919=,Sheryl-Lea,1
919=,Shevaun,1
919=,Shey,1
919=,Shiona,1
919=,Shirene,1
919=,Shirlee,1
919=,Shirree,1
919=,Shirrise,1
919=,Shivaun,1
919=,Shivon,1
919=,Shoann,1
919=,Shomaila,1
919=,Shonah,1
919=,Shonna,1
919=,Shulah,1
919=,Shuna,1
919=,Siabhon,1
919=,Siama,1
919=,Sibon,1
919=,Sidra,1
919=,Sidrah,1
919=,Sigourney,1
919=,Sigrid,1
919=,Sim,1
919=,Simisola,1
919=,Simmone,1
919=,Simonne,1
919=,Sin,1
919=,Sindy,1
919=,Sine,1
919=,Sineach,1
919=,Sineade,1
919=,Sing,1
919=,Siobahn,1
919=,Siona,1
919=,Sioned,1
919=,Siri,1
919=,Siubhan,1
919=,Sjaan,1
919=,Sjavon-Dee,1
919=,Smiara,1
919=,Sonayra,1
919=,Sondra,1
919=,Soni,1
919=,Sonnya,1
919=,Soraya,1
919=,Sorcha,1
919=,Sorche,1
919=,Stacey-Ann,1
919=,Staci,1
919=,Stefany,1
919=,Stefeni,1
919=,Stephaine,1
919=,Stephanie-Chris,1
919=,Stephnie,1
919=,Stevi,1
919=,Suana,1
919=,Suba,1
919=,Sue,1
919=,Sufiea,1
919=,Sukhbir,1
919=,Sukhpal,1
919=,Sukwant,1
919=,Sumaia,1
919=,Sumaira,1
919=,Suman,1
919=,Sumera,1
919=,Sunehra,1
919=,Susana,1
919=,Susanhah,1
919=,Susie,1
919=,Suzann,1
919=,Suzanna,1
919=,Suzannah,1
919=,Suzette,1
919=,Sybilla,1
919=,Syeda,1
919=,Sylena,1
919=,Syma,1
919=,Symone,1
919=,Syra,1
919=,Syreen,1
919=,Syvaun,1
919=,Sze-Ann,1
919=,Tabatha,1
919=,Taeba,1
919=,Talat,1
919=,Tamar,1
919=,Tammara,1
919=,Tammi,1
919=,Tamsin,1
919=,Tamsyn,1
919=,Tanyia,1
919=,Tanzim,1
919=,Tarandeep,1
919=,Tarra,1
919=,Tasmiah,1
919=,Tasneem,1
919=,Tatania,1
919=,Taylor,1
919=,Tayybah,1
919=,Tayyibah,1
919=,Tazeem,1
919=,Teena,1
919=,Tela,1
919=,Tere,1
919=,Terri-Louise,1
919=,Terrie,1
919=,Terry,1
919=,Terryann,1
919=,Tess,1
919=,Thaseem,1
919=,Thomasena,1
919=,Thomasina,1
919=,Tiam,1
919=,Tiffiny,1
919=,Tika,1
919=,Timothea,1
919=,Tokpe,1
919=,Toni-Marie,1
919=,Tracy-Anne,1
919=,Trena,1
919=,Trina,1
919=,Trisha,1
919=,Trudie,1
919=,Trudy,1
919=,Tsui,1
919=,Tuyen,1
919=,Tyesha,1
919=,Tyra,1
919=,Ulveena,1
919=,Una,1
919=,Usha,1
919=,Vallen,1
919=,Vanda,1
919=,Varri,1
919=,Varsha,1
919=,Veena,1
919=,Veila,1
919=,Velvet,1
919=,Vera-Ann,1
919=,Verona-Anne,1
919=,Vhairi,1
919=,Vharri,1
919=,Vidhi,1
919=,Viktoria,1
919=,Vingenza,1
919=,Voni,1
919=,Walvinder,1
919=,Wan,1
919=,Wei,1
919=,Weziwe,1
919=,Wilma,1
919=,Wilsey,1
919=,Winnie,1
919=,Xanthe,1
919=,Y-Hing,1
919=,Yalini,1
919=,Yasmain,1
919=,Yasmine,1
919=,Yeasmen,1
919=,Yeung,1
919=,Yi,1
919=,Yin,1
919=,Yolanda,1
919=,Yolande,1
919=,Ysolda,1
919=,Yusra,1
919=,Zabeen,1
919=,Zainab,1
919=,Zaineb,1
919=,Zainib,1
919=,Zakka,1
919=,Zamara,1
919=,Zannah,1
919=,Zanne,1
919=,Zara-Adele,1
919=,Zarina,1
919=,Zavier,1
919=,Zee,1
919=,Zehida,1
919=,Zehra,1
919=,Zekra,1
919=,Zeyla,1
919=,Zeynep,1
919=,Zoe-Andra,1
919=,Zowie,1
919=,Zreen,1
