Position,Name,Number of babies
1,Laura,1119
2,Claire,810
3,Nicola,799
4,Jennifer,724
5,Sarah,698
6,Emma,697
7,Kirsty,665
8,Stephanie,588
9,Lisa,565
10,Ashley,545
11,Louise,514
12,Amanda,442
13,Samantha,418
14,Michelle,407
15,Stacey,399
16,Fiona,377
17,Gillian,371
18,Lauren,368
19,Natalie,330
20,Karen,319
21,Gemma,303
22,Amy,291
23,Kelly,285
24,Cheryl,274
25,Rachel,252
26,Kimberley,239
27,Danielle,236
28,Kerry,233
29,Victoria,232
30,Heather,231
31,Donna,225
32,Leanne,223
33,Charlene,212
34,Alison,206
35,Rebecca,201
36,Siobhan,198
37,Deborah,197
38,Joanne,190
39,Angela,185
40,Julie,183
41,Catherine,180
42=,Lynsey,170
42=,Pamela,170
44,Susan,166
45=,Jacqueline,163
45=,Kayleigh,163
47,Jenna,157
48,Nicole,155
49,Hannah,149
50,Suzanne,147
51,Ashleigh,145
52,Debbie,143
53,Natasha,138
54=,Elizabeth,135
54=,Paula,135
56,Lindsay,133
57,Melissa,132
58=,Caroline,126
58=,Katie,126
60=,Lorna,124
60=,Rachael,124
62=,Elaine,122
62=,Hayley,122
62=,Lucy,122
65,Lesley,120
66,Dawn,119
67,Christine,115
68,Sharon,108
69,Alana,106
70,Catriona,105
71=,Christina,98
71=,Clare,98
71=,Sara,98
74=,Eilidh,97
74=,Lynne,97
74=,Nikki,97
77,Jade,96
78,Helen,95
79,Katherine,94
80,Kathryn,91
81,Ruth,88
82,Kim,87
83=,Margaret,85
83=,Mhairi,85
83=,Zoe,85
86,Lynn,84
87=,Lyndsay,83
87=,Megan,83
89,Tracy,81
90=,Joanna,80
90=,Stacy,80
92,Kathleen,79
93=,Charlotte,78
93=,Yvonne,78
95,Kirsten,77
96=,Emily,75
96=,Katrina,75
98,Anna,74
99=,Mary,72
99=,Shona,72
99=,Tracey,72
102=,Andrea,71
102=,Jillian,71
104=,Carly,70
104=,Erin,70
104=,Jemma,70
107=,Diane,69
107=,Linzi,69
109,Jill,68
110=,Holly,67
110=,Vicki,67
112=,Linda,64
112=,Lorraine,64
112=,Vicky,64
112=,Vikki,64
116=,Jane,63
116=,Leigh,63
116=,Lindsey,63
119,Adele,61
120=,Hazel,60
120=,Lyndsey,60
120=,Sophie,60
123,Terri,59
124,Kerri,58
125=,Carrie,55
125=,Melanie,55
127,Kate,53
128,Patricia,52
129=,Carol,51
129=,Shelley,51
131,Mandy,50
132,Anne,49
133=,Kimberly,48
133=,Maria,48
135=,Denise,47
135=,Jodie,47
137,Pauline,46
138=,Colette,43
138=,Leah,43
138=,Marie,43
141=,Rhona,40
141=,Toni,40
143=,Ann,38
143=,Carla,38
143=,Kirstin,38
143=,Nichola,38
147,Jessica,37
148=,Hollie,36
148=,Kerrie,36
148=,Mairi,36
148=,Wendy,36
152=,Aileen,35
152=,Aimee,35
152=,Alexandra,35
152=,Robyn,35
152=,Sandra,35
157=,Ailsa,34
157=,Gail,34
157=,Lianne,34
160=,Kay,33
160=,Linsey,33
160=,Lynsay,33
163=,Cara,32
163=,Jamie,32
163=,Tanya,32
166=,Chloe,31
166=,Gayle,31
166=,Katy,31
166=,Naomi,31
170=,Alice,29
170=,Frances,29
170=,Julia,29
170=,Maxine,29
174=,Arlene,28
174=,Kara,28
174=,Nadine,28
174=,Zara,28
178=,Alanna,27
178=,Dionne,27
178=,Katharine,27
178=,Nadia,27
182=,Jayne,26
182=,Keri,26
182=,Lori,26
182=,Rosemary,26
186=,Carolyn,25
186=,Janine,25
186=,Kirsteen,25
186=,Laurie,25
186=,Sharlene,25
191=,April,24
191=,Clair,24
191=,Michaela,24
194=,Eleanor,23
194=,Justine,23
194=,Kristina,23
194=,Lee,23
194=,Marianne,23
194=,Roxanne,23
200=,Iona,22
200=,Jenny,22
200=,Roisin,22
203=,Georgina,21
203=,Isla,21
203=,Teri,21
206=,Abigail,20
206=,Amber,20
206=,Judith,20
206=,Kylie,20
206=,Sarah-Jane,20
206=,Tammy,20
212=,Allison,19
212=,Kirstie,19
214=,Jaclyn,18
214=,Keighley,18
214=,Leeanne,18
214=,Marion,18
214=,Morag,18
214=,Stacie,18
214=,Susanne,18
221=,Cassie,17
221=,Charmaine,17
221=,Janet,17
221=,Kellie,17
221=,Morven,17
221=,Sheree,17
221=,Sheryl,17
221=,Vanessa,17
229=,Grace,16
229=,Lee-Anne,16
229=,Maureen,16
229=,Monica,16
229=,Sian,16
229=,Stefanie,16
229=,Tara,16
229=,Tina,16
237=,Alicia,15
237=,Alyson,15
237=,Anne-Marie,15
237=,Antonia,15
237=,Avril,15
237=,Dana,15
237=,Haley,15
237=,Jodi,15
237=,Jody,15
237=,Lara,15
237=,Louisa,15
237=,Sally,15
237=,Seonaid,15
237=,Theresa,15
251=,Ainsley,14
251=,Allana,14
251=,Barbara,14
251=,Caitlin,14
251=,Cherie,14
251=,Coleen,14
251=,Colleen,14
251=,Courtney,14
251=,Debra,14
251=,Geraldine,14
251=,Janice,14
251=,Kelly-Ann,14
251=,Leeann,14
251=,Lynette,14
251=,Rosalind,14
251=,Veronica,14
251=,Yasmin,14
268=,Beverley,13
268=,Collette,13
268=,Corinne,13
268=,Faye,13
268=,Harriet,13
268=,Hilary,13
268=,Jan,13
268=,Josephine,13
268=,Leigh-Ann,13
268=,Lesley-Anne,13
268=,Madeleine,13
268=,Sandie,13
268=,Simone,13
281=,Adelle,12
281=,Ami,12
281=,Carole,12
281=,Eileen,12
281=,Irene,12
281=,Kelly-Anne,12
281=,Lee-Ann,12
281=,Lisa-Marie,12
281=,Lyn,12
281=,Lynda,12
281=,Rhiannon,12
281=,Rose,12
281=,Teresa,12
294=,Amie,11
294=,Bernadette,11
294=,Carina,11
294=,Chelsea,11
294=,Fern,11
294=,Jay,11
294=,Karyn,11
294=,Kristy,11
294=,Leighanne,11
294=,Leona,11
294=,Linsay,11
294=,Lois,11
294=,Miriam,11
294=,Rebekah,11
294=,Serena,11
294=,Shannon,11
310=,Ann-Marie,10
310=,Annmarie,10
310=,Audrey,10
310=,Chantelle,10
310=,Dianne,10
310=,Francesca,10
310=,Johanna,10
310=,Lana,10
310=,Nina,10
310=,Penny,10
310=,Philippa,10
310=,Sinead,10
310=,Sonia,10
323=,Abby,9
323=,Alexis,9
323=,Annette,9
323=,Annie,9
323=,Beth,9
323=,Candice,9
323=,Connie,9
323=,Emma-Louise,9
323=,Eve,9
323=,Gaynor,9
323=,Gina,9
323=,Helena,9
323=,Karin,9
323=,Lucinda,9
323=,Mariam,9
323=,Marissa,9
323=,Martine,9
323=,Mellissa,9
323=,Olivia,9
323=,Sheena,9
323=,Shirley,9
323=,Sophia,9
323=,Susannah,9
323=,Valerie,9
323=,Vickie,9
348=,Abbie,8
348=,Bryony,8
348=,Carlene,8
348=,Catrina,8
348=,Dee,8
348=,Dominique,8
348=,Ellen,8
348=,Erica,8
348=,Evelyn,8
348=,Heidi,8
348=,Isabel,8
348=,Isobel,8
348=,Jackie,8
348=,Jaime,8
348=,Jean,8
348=,Jocelyn,8
348=,Joy,8
348=,Karla,8
348=,Kerryann,8
348=,Kirstyn,8
348=,Kyla,8
348=,Leigh-Anne,8
348=,Liza,8
348=,Meghan,8
348=,Morgan,8
348=,Noreen,8
348=,Rochelle,8
348=,Rosie,8
348=,Roslyn,8
348=,Sabrina,8
348=,Sadia,8
348=,Shazia,8
348=,Sylvia,8
348=,Tracie,8
382=,Aisha,7
382=,Bethany,7
382=,Brooke,7
382=,Camilla,7
382=,Carol-Anne,7
382=,Caron,7
382=,Christie,7
382=,Ciara,7
382=,Erika,7
382=,Esther,7
382=,Fay,7
382=,Freya,7
382=,Genna,7
382=,Hayleigh,7
382=,Joni,7
382=,June,7
382=,Kaye,7
382=,Keira,7
382=,Marisa,7
382=,Martha,7
382=,Mhari,7
382=,Michele,7
382=,Miranda,7
382=,Sasha,7
382=,Sheila,7
382=,Yvette,7
408=,Adrienne,6
408=,Alannah,6
408=,Amanda-Jane,6
408=,Annabel,6
408=,Ashlie,6
408=,Bridget,6
408=,Carolanne,6
408=,Caryn,6
408=,Christy,6
408=,Corrina,6
408=,Daniella,6
408=,Dorothy,6
408=,Elisabeth,6
408=,Elise,6
408=,Evonne,6
408=,Farah,6
408=,Jamie-Lee,6
408=,Janette,6
408=,Jasmine,6
408=,Jo,6
408=,Johanne,6
408=,Julie-Anne,6
408=,Karina,6
408=,Kerry-Ann,6
408=,Kerry-Anne,6
408=,Kirsti,6
408=,Kirstine,6
408=,Lacey,6
408=,Lesley-Ann,6
408=,Lydia,6
408=,Lynnette,6
408=,Marnie,6
408=,Mikaela,6
408=,Moira,6
408=,Nikita,6
408=,Rona,6
408=,Rosanna,6
408=,Roseanne,6
408=,Sarah-Louise,6
408=,Selina,6
408=,Shelly,6
408=,Shonagh,6
408=,Tamara,6
408=,Yasmeen,6
452=,Agnes,5
452=,Ailie,5
452=,Aisling,5
452=,Alix,5
452=,Allyson,5
452=,Alyssa,5
452=,Ashlee,5
452=,Ashton,5
452=,Bianca,5
452=,Billie,5
452=,Bonnie,5
452=,Briony,5
452=,Carrie-Anne,5
452=,Carron,5
452=,Cassandra,5
452=,Ceri,5
452=,Cindy,5
452=,Claudia,5
452=,Daisy,5
452=,Gabrielle,5
452=,Genevieve,5
452=,Hanna,5
452=,Isabella,5
452=,Jacquelyn,5
452=,Jayde,5
452=,Jenni,5
452=,Jennie,5
452=,Jilly,5
452=,Joan,5
452=,Jolene,5
452=,Jordan,5
452=,Judy,5
452=,Julie-Ann,5
452=,Karis,5
452=,Katriona,5
452=,Kelley,5
452=,Kelli,5
452=,Kristen,5
452=,Kristie,5
452=,Laura-Jane,5
452=,Leanna,5
452=,Leila,5
452=,Leoni,5
452=,Lindy,5
452=,Mairead,5
452=,Mari,5
452=,Martina,5
452=,Nuala,5
452=,Rowan,5
452=,Shanna,5
452=,Sharron,5
452=,Suzanna,5
452=,Tiffany,5
452=,Vhairi,5
452=,Virginia,5
507=,Aimi,4
507=,Ainslie,4
507=,Alexa,4
507=,Alisha,4
507=,Anita,4
507=,Anna-Marie,4
507=,Annemarie,4
507=,Antoinette,4
507=,Asha,4
507=,Ayesha,4
507=,Bethan,4
507=,Carlie,4
507=,Carlyn,4
507=,Carol-Ann,4
507=,Charis,4
507=,Charlee,4
507=,Charley,4
507=,Cher,4
507=,Constance,4
507=,Corrine,4
507=,Crystal,4
507=,Diana,4
507=,Elspeth,4
507=,Eva,4
507=,Gabriella,4
507=,Gill,4
507=,Imogen,4
507=,Jacklyn,4
507=,Jacqui,4
507=,Jaimie,4
507=,Jasmin,4
507=,Jenifer,4
507=,Johann,4
507=,Kareen,4
507=,Karly,4
507=,Karrie,4
507=,Kellyanne,4
507=,Kendal,4
507=,Kerrie-Ann,4
507=,Kirstina,4
507=,Kristine,4
507=,Krystal,4
507=,Lea,4
507=,Leann,4
507=,Leighann,4
507=,Leonie,4
507=,Liane,4
507=,Lucia,4
507=,Lucille,4
507=,Madeline,4
507=,Maeve,4
507=,Marina,4
507=,Maryanne,4
507=,May,4
507=,Niki,4
507=,Nur,4
507=,Phoebe,4
507=,Rhian,4
507=,Rosalyn,4
507=,Roseann,4
507=,Roseanna,4
507=,Rosemarie,4
507=,Rosslyn,4
507=,Saima,4
507=,Shabana,4
507=,Sharee,4
507=,Shereen,4
507=,Shiona,4
507=,Shiree,4
507=,Siti,4
507=,Sonya,4
507=,Stevie,4
507=,Tessa,4
507=,Verity,4
507=,Zainab,4
582=,Afton,3
582=,Alaina,3
582=,Alexandria,3
582=,Allanah,3
582=,Amelia,3
582=,Amina,3
582=,Amna,3
582=,Aneesa,3
582=,Angelina,3
582=,Anneka,3
582=,Beverly,3
582=,Blair,3
582=,Bliss,3
582=,Bobbie,3
582=,Brenda,3
582=,Brittany,3
582=,Cally,3
582=,Carleen,3
582=,Carley,3
582=,Carmen,3
582=,Carolann,3
582=,Carolyne,3
582=,Carrie-Ann,3
582=,Carys,3
582=,Ceilidh,3
582=,Chantal,3
582=,Chelsey,3
582=,Chevonne,3
582=,Chrissie,3
582=,Christa,3
582=,Claire-Louise,3
582=,Clara,3
582=,Coreen,3
582=,Corinna,3
582=,Corrie,3
582=,Cristina,3
582=,Cyndi,3
582=,Dale,3
582=,Dannielle,3
582=,Donna-Marie,3
582=,Doreen,3
582=,Eliza,3
582=,Emma-Jane,3
582=,Fatima,3
582=,Felicity,3
582=,Fionna,3
582=,Gael,3
582=,Georgia,3
582=,Gwen,3
582=,Hailey,3
582=,Henna,3
582=,Holli,3
582=,Iram,3
582=,Ishbel,3
582=,Jamielee,3
582=,Janelle,3
582=,Jeanette,3
582=,Jemima,3
582=,Jennafer,3
582=,Jeri,3
582=,Jerry,3
582=,Joyce,3
582=,Juliet,3
582=,Juliette,3
582=,Kari,3
582=,Karleen,3
582=,Kathrine,3
582=,Kayley,3
582=,Kelly-Marie,3
582=,Kiera,3
582=,Kieran,3
582=,Kimberleigh,3
582=,Kira,3
582=,Krystle,3
582=,Kyle,3
582=,Laura-Anne,3
582=,Lauran,3
582=,Layla,3
582=,Lesa,3
582=,Letitia,3
582=,Liana,3
582=,Lisa-Anne,3
582=,Lisamarie,3
582=,Loren,3
582=,Lucie,3
582=,Marcella,3
582=,Maree,3
582=,Margaret-Ann,3
582=,Maryam,3
582=,Mechelle,3
582=,Melody,3
582=,Michaella,3
582=,Molly,3
582=,Naila,3
582=,Natalia,3
582=,Nathalie,3
582=,Nazia,3
582=,Nichole,3
582=,Nicki,3
582=,Nicky,3
582=,Nikola,3
582=,Nisha,3
582=,Penelope,3
582=,Raechel,3
582=,Ria,3
582=,Roberta,3
582=,Rosanne,3
582=,Rosina,3
582=,Rowena,3
582=,Roxanna,3
582=,Sabina,3
582=,Sarah-Jayne,3
582=,Selena,3
582=,Shareen,3
582=,Sharleen,3
582=,Shivonne,3
582=,Sonja,3
582=,Stacey-Anne,3
582=,Staci,3
582=,Stephenie,3
582=,Susanna,3
582=,Suzy,3
582=,Syeda,3
582=,Tabitha,3
582=,Tami,3
582=,Tammi,3
582=,Tammie,3
582=,Tamsin,3
582=,Tania,3
582=,Terrie,3
582=,Trudy,3
582=,Tyne,3
582=,Uzma,3
582=,Vaila,3
582=,Vhari,3
582=,Wing,3
582=,Zahra,3
582=,Zoey,3
720=,A'ishah,2
720=,Abbey,2
720=,Adeline,2
720=,Afsha,2
720=,Afshan,2
720=,Aimie,2
720=,Alanah,2
720=,Alexina,2
720=,Alisa,2
720=,Allannah,2
720=,Alysha,2
720=,Amanpreet,2
720=,Amiee,2
720=,Amira,2
720=,Amreen,2
720=,Amy-Jo,2
720=,Andrina,2
720=,Angelica,2
720=,Angeline,2
720=,Ann-Louise,2
720=,Annelise,2
720=,Annika,2
720=,Arabella,2
720=,Arianne,2
720=,Ashlay,2
720=,Ashlea,2
720=,Asia,2
720=,Astra,2
720=,Aynsley,2
720=,Beatrice,2
720=,Belinda,2
720=,Bushra,2
720=,Caitriona,2
720=,Callie,2
720=,Cara-Lee,2
720=,Carrianne,2
720=,Carrieanne,2
720=,Casey,2
720=,Caterina,2
720=,Ceara,2
720=,Celeste,2
720=,Charleen,2
720=,Charlie,2
720=,Charllene,2
720=,Cheree,2
720=,Cheryl-Ann,2
720=,Cheryl-Anne,2
720=,Cheryl-Louise,2
720=,Cheryle,2
720=,Chris,2
720=,Chrystal,2
720=,Daniela,2
720=,Davina,2
720=,Deanne,2
720=,Debbi,2
720=,Dee-Anne,2
720=,Denice,2
720=,Deniece,2
720=,Dinah,2
720=,Domonique,2
720=,Elaina,2
720=,Elana,2
720=,Eleanore,2
720=,Elena,2
720=,Elinor,2
720=,Elissa,2
720=,Eloise,2
720=,Emma-Jayne,2
720=,Esme,2
720=,Estelle,2
720=,Faiqa,2
720=,Fallon,2
720=,Farhana,2
720=,Fariha,2
720=,Farrah,2
720=,Flora,2
720=,Freyja,2
720=,Georgie,2
720=,Gisele,2
720=,Greer,2
720=,Gurpreet,2
720=,Hamera,2
720=,Haylie,2
720=,Henrietta,2
720=,Hiba,2
720=,Hira,2
720=,Honor,2
720=,Huma,2
720=,Humera,2
720=,Ilona,2
720=,Inga,2
720=,Isabelle,2
720=,Ivy,2
720=,Jayme,2
720=,Jerri,2
720=,Jina,2
720=,Joelle,2
720=,Johan,2
720=,Julianna,2
720=,Julianne,2
720=,Julieanne,2
720=,Kai,2
720=,Kaileigh,2
720=,Kaleigh,2
720=,Karan,2
720=,Karine,2
720=,Karli,2
720=,Karlyn,2
720=,Kassie,2
720=,Katia,2
720=,Kaylee,2
720=,Kayliegh,2
720=,Keli,2
720=,Kellyann,2
720=,Kendall,2
720=,Kendra,2
720=,Keren,2
720=,Keri-Ann,2
720=,Kerrianne,2
720=,Kerrie-Marie,2
720=,Kerry-Louise,2
720=,Kerryanne,2
720=,Kerstin,2
720=,Kiri,2
720=,Krista,2
720=,Kristeen,2
720=,Krystina,2
720=,Krystyn,2
720=,Kyleigh,2
720=,Kyley,2
720=,Kym,2
720=,Laila,2
720=,Laura-Ann,2
720=,Laura-Jayne,2
720=,Laureen,2
720=,Lea-Anne,2
720=,Leighanna,2
720=,Leonna,2
720=,Leonnie,2
720=,Leslie,2
720=,Lianna,2
720=,Lillian,2
720=,Linzy,2
720=,Lissa,2
720=,Lora,2
720=,Loraine,2
720=,Lubna,2
720=,Lyndsay-Anne,2
720=,Madison,2
720=,Maisie,2
720=,Mandie,2
720=,Marcelle,2
720=,Margaret-Anne,2
720=,Margo,2
720=,Marian,2
720=,Marie-Claire,2
720=,Marie-Therese,2
720=,Marjorie,2
720=,Marleen,2
720=,Marlene,2
720=,Marley,2
720=,Marsha,2
720=,Maura,2
720=,Maymoona,2
720=,Meera,2
720=,Megann,2
720=,Mehreen,2
720=,Mei,2
720=,Melaine,2
720=,Melisa,2
720=,Meryl,2
720=,Misba,2
720=,Monique,2
720=,Morna,2
720=,Mubeen,2
720=,Nakita,2
720=,Nancy,2
720=,Neha,2
720=,Nida,2
720=,Nikaela,2
720=,Niketa,2
720=,Nikkita,2
720=,Norma,2
720=,Nosheen,2
720=,Ouzma,2
720=,Patrice,2
720=,Priscilla,2
720=,Pui,2
720=,Puja,2
720=,Rabab,2
720=,Racheal,2
720=,Rachelle,2
720=,Rae,2
720=,Raina,2
720=,Rebeka,2
720=,Rhea,2
720=,Rhianna,2
720=,Rhianne,2
720=,Rhonda,2
720=,Robin,2
720=,Roma,2
720=,Romany,2
720=,Rosa,2
720=,Roslin,2
720=,Rowenna,2
720=,Rozlyn,2
720=,Ruby,2
720=,Sacha,2
720=,Saimah,2
720=,Samaira,2
720=,Sandi,2
720=,Sanna,2
720=,Sara-Louise,2
720=,Sarah-Marie,2
720=,Saskia,2
720=,Satnam,2
720=,Sau,2
720=,Savannah,2
720=,Seema,2
720=,Seonag,2
720=,Shaista,2
720=,Sheelagh,2
720=,Sheona,2
720=,Sherrill,2
720=,Sherryl,2
720=,Sindy,2
720=,Siobhon,2
720=,Skylar,2
720=,Stacey-Marie,2
720=,Stefania,2
720=,Stella,2
720=,Stephanie-Ann,2
720=,Stroma,2
720=,Sumaira,2
720=,Susie,2
720=,Sylvie,2
720=,Tanith,2
720=,Taryn,2
720=,Tasha,2
720=,Terry,2
720=,Thea,2
720=,Therese,2
720=,Trudie,2
720=,Vahri,2
720=,Veronique,2
720=,Vivien,2
720=,Wai,2
720=,Whitney,2
720=,Zaria,2
720=,Zarqa,2
970=,Aamna,1
970=,Aayesha,1
970=,Abi,1
970=,Adbah,1
970=,Adel,1
970=,Adela,1
970=,Adele-Louise,1
970=,Adelheid,1
970=,Adella,1
970=,Adiela,1
970=,Adrena,1
970=,Adriane,1
970=,Afeya,1
970=,Afreen,1
970=,Afshah,1
970=,Ahshia,1
970=,Aicha,1
970=,Ailidh,1
970=,Ailis,1
970=,Ailleachd,1
970=,Aine,1
970=,Ainsleah,1
970=,Airam,1
970=,Airlie,1
970=,Aislinn,1
970=,Aisyah,1
970=,Aiya,1
970=,Aiysha,1
970=,Aksah,1
970=,Alaine,1
970=,Alayna,1
970=,Alba,1
970=,Alecia-Ann,1
970=,Aleena,1
970=,Alena,1
970=,Alesha,1
970=,Alessandra,1
970=,Alethea,1
970=,Alexandrea,1
970=,Alexandrina,1
970=,Alexia,1
970=,Alexs,1
970=,Alexzandra,1
970=,Alia,1
970=,Alice-Anne,1
970=,Alicea,1
970=,Alicen,1
970=,Alicks,1
970=,Alieshia,1
970=,Alina,1
970=,Aline,1
970=,Alison-Jayne,1
970=,Aliya,1
970=,Aliyah,1
970=,Allanna,1
970=,Allisa,1
970=,Alma,1
970=,Alnna,1
970=,Alodie,1
970=,Alsalha,1
970=,Alwyn,1
970=,Alzahra,1
970=,Amanda-Jayne,1
970=,Amandip,1
970=,Amanya,1
970=,Amatullah,1
970=,Ambreen,1
970=,Ambrin,1
970=,Amena,1
970=,Ameshia,1
970=,Amirun,1
970=,Amma,1
970=,Amra,1
970=,Amrah,1
970=,Amrinder,1
970=,Amrita,1
970=,Amy-Joanna,1
970=,Amy-Josephine,1
970=,Amy-Leigh,1
970=,Amy-Louise,1
970=,Amye,1
970=,Anais,1
970=,Anastassia,1
970=,Andeep,1
970=,Andleeb,1
970=,Aneeka,1
970=,Anees,1
970=,Angel,1
970=,Angie,1
970=,Anik,1
970=,Anindita,1
970=,Aniqa,1
970=,Anisa,1
970=,Anisah,1
970=,Anisha,1
970=,Anja,1
970=,Anjula,1
970=,Anjuli,1
970=,Ann-Michelle,1
970=,Anna-Louise,1
970=,Annabelle,1
970=,Anndrea,1
970=,Anne-Claire,1
970=,Anne-Louise,1
970=,Anneke,1
970=,Anneliesje,1
970=,Annetta,1
970=,Annissa,1
970=,Annudeep,1
970=,Anouska,1
970=,Anthea,1
970=,Antonette,1
970=,Antonina,1
970=,Anuja,1
970=,Anum,1
970=,Anupe,1
970=,Aoife,1
970=,Apple,1
970=,Apryl,1
970=,Aqhsa,1
970=,Aqsa,1
970=,Arezo,1
970=,Arfana,1
970=,Ari,1
970=,Aria,1
970=,Ariana,1
970=,Ariane,1
970=,Arianna,1
970=,Arlaine,1
970=,Arleen,1
970=,Armin,1
970=,Arooj,1
970=,Arran,1
970=,Arrona,1
970=,Arryn,1
970=,Arthy,1
970=,Arwen,1
970=,Arwinder,1
970=,Arwyn,1
970=,Ashfa,1
970=,Ashia,1
970=,Ashlene,1
970=,Ashligh,1
970=,Ashling,1
970=,Asim,1
970=,Aslaich,1
970=,Asna,1
970=,Astrella,1
970=,Aszera,1
970=,Athanasia,1
970=,Athena,1
970=,Atibun,1
970=,Atiya,1
970=,Attia,1
970=,Attyya,1
970=,Audra,1
970=,Aurelia,1
970=,Aya,1
970=,Ayah,1
970=,Ayeesha,1
970=,Aylie,1
970=,Aylson,1
970=,Aynslie,1
970=,Ayslinn,1
970=,Azadeh,1
970=,Azezat,1
970=,Azhar,1
970=,Azra,1
970=,Azyta,1
970=,Baillie,1
970=,Baldeep,1
970=,Baljit,1
970=,Balwinder,1
970=,Baraa,1
970=,Barbra-Ann,1
970=,Batika,1
970=,Beenish,1
970=,Beverlie,1
970=,Bimbola,1
970=,Bindi,1
970=,Bing-Yea,1
970=,Blaise,1
970=,Bleu,1
970=,Blue,1
970=,Bo,1
970=,Bobi,1
970=,Bolinda,1
970=,Bosede,1
970=,Bree,1
970=,Breige,1
970=,Brid,1
970=,Brighid,1
970=,Brogan,1
970=,Bushrah,1
970=,Byera,1
970=,Caireen,1
970=,Cairistiona,1
970=,Cait,1
970=,Caithlin,1
970=,Calaegh,1
970=,Caledonia,1
970=,Caleigh,1
970=,Calida,1
970=,Calli,1
970=,Camila,1
970=,Camillia,1
970=,Candace,1
970=,Candi,1
970=,Candida,1
970=,Candy,1
970=,Caoimhe,1
970=,Caragh-Rose,1
970=,Caralann,1
970=,Caralyn,1
970=,Careen,1
970=,Caren,1
970=,Carey,1
970=,Cari,1
970=,Carima,1
970=,Carissa,1
970=,Carletta,1
970=,Carli,1
970=,Carly-Frances,1
970=,Carlynn,1
970=,Carmella,1
970=,Carolashley,1
970=,Carole-Louise,1
970=,Caroleanne,1
970=,Carolynne,1
970=,Carra,1
970=,Carraine,1
970=,Carren,1
970=,Carri,1
970=,Carrieann,1
970=,Carris,1
970=,Carrol,1
970=,Cary,1
970=,Caryl,1
970=,Cass,1
970=,Cassi,1
970=,Cassianne,1
970=,Cassie-Louise,1
970=,Cassy,1
970=,Catherine-Ann,1
970=,Cathleen,1
970=,Cathrine,1
970=,Cattriona,1
970=,Cayleigh,1
970=,Cecelia,1
970=,Cecilia,1
970=,Ceira,1
970=,Celidh,1
970=,Celine,1
970=,Celly,1
970=,Cerrie,1
970=,Cerys,1
970=,Ceylan,1
970=,Chaanah,1
970=,Chand,1
970=,Chantel,1
970=,Chantele,1
970=,Chantell,1
970=,Chanttelle,1
970=,Charene,1
970=,Charleene,1
970=,Charleine,1
970=,Charlene-Marie,1
970=,Charles,1
970=,Charli,1
970=,Charlieen,1
970=,Charlotte-Anne,1
970=,Charlotte-Grace,1
970=,Charlotte-Rose,1
970=,Charmaine-Anne,1
970=,Charnjeet,1
970=,Charrie,1
970=,Charyl,1
970=,Charylea,1
970=,Chau,1
970=,Chavaune,1
970=,Chekelle,1
970=,Chelley,1
970=,Chelsae,1
970=,Chelsia,1
970=,Cherice,1
970=,Cherish,1
970=,Cherisse,1
970=,Chermaine,1
970=,Cherry,1
970=,Cherylee,1
970=,Cheuk,1
970=,Cheyanne,1
970=,Chiara,1
970=,Chioma,1
970=,Chisato,1
970=,Chivaune,1
970=,Choe,1
970=,Chole,1
970=,Chrislynne,1
970=,Christabel,1
970=,Christiane,1
970=,Christine-Anne,1
970=,Christopher,1
970=,Chyvonne,1
970=,Ciaran,1
970=,Ciorstaidh,1
970=,Clair-Louise,1
970=,Clayre,1
970=,Clea,1
970=,Clementine,1
970=,Clidna,1
970=,Coire,1
970=,Colaine,1
970=,Colleene,1
970=,Collette-Ann,1
970=,Cora,1
970=,Coranne,1
970=,Coreena,1
970=,Corin,1
970=,Corina,1
970=,Corine,1
970=,Correen,1
970=,Cory,1
970=,Courtnay,1
970=,Courtney-Jane,1
970=,Craig,1
970=,Cristy,1
970=,Cyndy,1
970=,Daldeep,1
970=,Dana-Marie,1
970=,Danaka,1
970=,Dania,1
970=,Danica,1
970=,Danniella,1
970=,Danya,1
970=,Danyel,1
970=,Danyella,1
970=,Darel,1
970=,Darelle,1
970=,Daria,1
970=,Darija,1
970=,Darrel,1
970=,Darryal,1
970=,Darryl,1
970=,Darryl-Ann,1
970=,Daryl,1
970=,Dawn-Louise,1
970=,Dawn-Maree,1
970=,Dawn-Marie,1
970=,Dawna,1
970=,Dawnanne,1
970=,Dayle,1
970=,Dayna,1
970=,Dayna-May,1
970=,Debbie-Ann,1
970=,Debbie-Lee,1
970=,Deberah,1
970=,Debi,1
970=,Debjani,1
970=,Debrah,1
970=,Deby,1
970=,Deeanne,1
970=,Deena,1
970=,Deepika,1
970=,Deigh,1
970=,Deirdre,1
970=,Della,1
970=,Delle,1
970=,Denna,1
970=,Deone,1
970=,Destiny,1
970=,Dhana,1
970=,Dian,1
970=,Dina,1
970=,Dixie,1
970=,Dolly,1
970=,Domenica,1
970=,Domina,1
970=,Dominie,1
970=,Domitille,1
970=,Donella,1
970=,Donia,1
970=,Donnamarie,1
970=,Donnelle,1
970=,Doone,1
970=,Dorcas,1
970=,Durga,1
970=,Dyanne,1
970=,Earram,1
970=,Edel,1
970=,Edith,1
970=,Effie,1
970=,Eilean,1
970=,Eileidh,1
970=,Eilis,1
970=,Elayne,1
970=,Elen,1
970=,Eleri,1
970=,Elham,1
970=,Elina,1
970=,Elinore,1
970=,Elisha,1
970=,Ella,1
970=,Ellanna,1
970=,Ellie,1
970=,Elodie,1
970=,Elvera,1
970=,Elvira,1
970=,Emaly,1
970=,Emilie,1
970=,Emmalouise,1
970=,Enrica,1
970=,Eoina,1
970=,Erina,1
970=,Errin,1
970=,Esma,1
970=,Estabrak,1
970=,Ethel,1
970=,Eunice,1
970=,Evelynn,1
970=,Evelynne,1
970=,Eyvonne,1
970=,Fabia,1
970=,Fabrina,1
970=,Fae,1
970=,Faeqa,1
970=,Faiza,1
970=,Fakhrunnisa,1
970=,Farat,1
970=,Fareeha,1
970=,Farheen,1
970=,Farihah,1
970=,Fatema,1
970=,Fathima,1
970=,Fawn,1
970=,Fearn,1
970=,Feithleog,1
970=,Femi,1
970=,Ferne,1
970=,Fheona,1
970=,Fidaa,1
970=,Finola,1
970=,Fiona-Claire,1
970=,Fionagh,1
970=,Fionnagh,1
970=,Fionnuala,1
970=,Fiza,1
970=,Florence,1
970=,Franca,1
970=,Francene,1
970=,Francieszka,1
970=,Frankie,1
970=,Franziska,1
970=,Fraya,1
970=,Frieda,1
970=,Fung,1
970=,Furzana,1
970=,Fyeza,1
970=,Fyza,1
970=,Gabriela,1
970=,Gai,1
970=,Gar,1
970=,Garrie-Anne,1
970=,Gema,1
970=,Gena,1
970=,Geny,1
970=,Ghalia,1
970=,Ghislaine,1
970=,Ghulam,1
970=,Giacinta,1
970=,Gila,1
970=,Gilla,1
970=,Gilli-Ann,1
970=,Gilli-Anne,1
970=,Gillian-Anne,1
970=,Gilly,1
970=,Giovanna,1
970=,Giulia,1
970=,Giverny,1
970=,Gulzar,1
970=,Gurjeet,1
970=,Gurkirin,1
970=,Gursharan,1
970=,Gursharn,1
970=,Gwendoline,1
970=,Hafeeza,1
970=,Hafsa,1
970=,Hai,1
970=,Haileigh,1
970=,Hajir,1
970=,Halema,1
970=,Halima,1
970=,Halla,1
970=,Hamira,1
970=,Hana,1
970=,Hanan,1
970=,Hanifah,1
970=,Hanna-Liza,1
970=,Harmony,1
970=,Harpreet,1
970=,Haylay,1
970=,Hayliegh,1
970=,Hazrati,1
970=,Heanney,1
970=,Heena,1
970=,Heidi-Lee,1
970=,Heleena,1
970=,Helga,1
970=,Heloise,1
970=,Hesther,1
970=,Hi,1
970=,Hia,1
970=,Hibatu,1
970=,Hilsea,1
970=,Hina,1
970=,Hind,1
970=,Hiraa,1
970=,Hirah,1
970=,Hiu,1
970=,Hoda,1
970=,Holea,1
970=,Holley,1
970=,Hollie-Beth,1
970=,Hollijane,1
970=,Hollyanne,1
970=,Honeyeh,1
970=,Hope,1
970=,Huda,1
970=,Humda,1
970=,Hykoush,1
970=,Ichel,1
970=,Iffat,1
970=,Ilana,1
970=,Ilse,1
970=,Ilsva,1
970=,Ily,1
970=,Ilysa,1
970=,Ima,1
970=,Imugen,1
970=,Ina,1
970=,India,1
970=,Indyia,1
970=,Inez,1
970=,Inga-Beth,1
970=,Inge,1
970=,Ingrid,1
970=,Inoshi,1
970=,Iqra,1
970=,Irem,1
970=,Irvena,1
970=,Isabell,1
970=,Isaura,1
970=,Isha,1
970=,Ishtar,1
970=,Isla-Jane,1
970=,Isma,1
970=,Israh,1
970=,Jacalyn,1
970=,Jacci,1
970=,Jace,1
970=,Jackelyn,1
970=,Jaclyn-Ann,1
970=,Jaclynn,1
970=,Jacquelene,1
970=,Jade-Marie,1
970=,Jaden,1
970=,Jael,1
970=,Jai,1
970=,Jaime-Jean,1
970=,Jakki,1
970=,Jamey,1
970=,Jamie-Ann,1
970=,Jamie-Leigh,1
970=,Jana,1
970=,Janebeh,1
970=,Janeen,1
970=,Janene,1
970=,Janetta,1
970=,Janey,1
970=,Janie,1
970=,Janilee,1
970=,Janis,1
970=,Janna,1
970=,Janne,1
970=,Jannelle,1
970=,Jaqueline,1
970=,Jaqui,1
970=,Jarmila,1
970=,Jasdeep,1
970=,Jason,1
970=,Jaspreet,1
970=,Jasveer,1
970=,Jaswinder,1
970=,Jauhara,1
970=,Jay-Anne,1
970=,Jayna,1
970=,Jeaneen,1
970=,Jeanna,1
970=,Jeanne,1
970=,Jeannette,1
970=,Jeannie,1
970=,Jena,1
970=,Jenene,1
970=,Jeni,1
970=,Jeniffer,1
970=,Jenika,1
970=,Jenna-Lee,1
970=,Jennefer,1
970=,Jenner,1
970=,Jennifer-Anne,1
970=,Jenniffer,1
970=,Jenny-Lee,1
970=,Jerrica,1
970=,Jerrie,1
970=,Jess,1
970=,Jett,1
970=,Jezz,1
970=,Jillie,1
970=,Jo-Ann,1
970=,Jo-Anna,1
970=,Jo-Anne,1
970=,Joclyn,1
970=,Jodean,1
970=,Jodeigh,1
970=,Jodi-Louise,1
970=,Johannah,1
970=,John,1
970=,Johnanne,1
970=,Johnna,1
970=,Joleyne,1
970=,Jonean,1
970=,Joolz,1
970=,Jordana,1
970=,Jordanna,1
970=,Jordanne,1
970=,Josiane,1
970=,Josie,1
970=,Joslyn,1
970=,Juliann,1
970=,June-Frances,1
970=,Justina,1
970=,Kaajal,1
970=,Kachise,1
970=,Kacy,1
970=,Kadesha,1
970=,Kahrene,1
970=,Kailey,1
970=,Kaillie,1
970=,Kaitlin,1
970=,Kalah,1
970=,Kalpana,1
970=,Kamljit,1
970=,Kandy,1
970=,Kaori,1
970=,Kar,1
970=,Karagh,1
970=,Kareena,1
970=,Karena,1
970=,Karianne,1
970=,Karima,1
970=,Karise,1
970=,Karlynn,1
970=,Karmpreet,1
970=,Karon,1
970=,Karra,1
970=,Karrina,1
970=,Kasmira-Zarina,1
970=,Kassandra,1
970=,Katarzyna,1
970=,Katelyn,1
970=,Katerina,1
970=,Katey,1
970=,Kathleen-Anne,1
970=,Katie-Ann,1
970=,Katrin,1
970=,Katrine,1
970=,Katya,1
970=,Kayelle,1
970=,Kayla,1
970=,Kayle,1
970=,Kaylie,1
970=,Kaysha,1
970=,Kaysia,1
970=,Keara,1
970=,Keely,1
970=,Keighleah,1
970=,Keirah,1
970=,Kelda,1
970=,Kellie-Marie,1
970=,Kelsey,1
970=,Kendell,1
970=,Kenna,1
970=,Kenndal,1
970=,Kere,1
970=,Kerene,1
970=,Keri-Louise,1
970=,Keri-Marie,1
970=,Kerie,1
970=,Kerilee,1
970=,Kerri-Ann,1
970=,Kerri-Anne,1
970=,Kerri-Lee,1
970=,Kerri-Louise,1
970=,Kerrie-Louise,1
970=,Kerry-Marie,1
970=,Kersty,1
970=,Keryn,1
970=,Keshia,1
970=,Keylea-Anne,1
970=,Keyleigh,1
970=,Kezia,1
970=,Khadijah,1
970=,Khara,1
970=,Khaya,1
970=,Khloe,1
970=,Khyla,1
970=,Khylie,1
970=,Kieghley,1
970=,Kieliegh,1
970=,Kierah,1
970=,Kierra,1
970=,Kimberlee,1
970=,Kimberley-Anne,1
970=,Kimberlie,1
970=,Kinza,1
970=,Kiranjit,1
970=,Kirin,1
970=,Kirsty-Lee,1
970=,Kirza,1
970=,Kitrina,1
970=,Kiya,1
970=,Knisha,1
970=,Komal,1
970=,Komil,1
970=,Korina,1
970=,Kouther,1
970=,Kris,1
970=,Kriss,1
970=,Kristan,1
970=,Kristi,1
970=,Kristi-Ann,1
970=,Kristin,1
970=,Kristina-Anne,1
970=,Kristy-Marie,1
970=,Krysha,1
970=,Krysta,1
970=,Krystel,1
970=,Krystell,1
970=,Krystie,1
970=,Krystin,1
970=,Krystine,1
970=,Krysty,1
970=,Kubra,1
970=,Kulsum,1
970=,Kyleighann,1
970=,Kylieann,1
970=,Kyllie,1
970=,Kymberley,1
970=,Kyrie,1
970=,Kyrsty,1
970=,Lai,1
970=,Lanice,1
970=,Lara-Jo,1
970=,Larisha,1
970=,Larissa,1
970=,Latieshia,1
970=,Laure,1
970=,Laure-Anne,1
970=,Laurel,1
970=,Laurell,1
970=,Laurenne,1
970=,Lauri,1
970=,Lauri-Ann,1
970=,Laurie-Ann,1
970=,Laurielee,1
970=,Laurna,1
970=,Laurren,1
970=,Laverne,1
970=,Lawrie,1
970=,Layne,1
970=,Lea-Ann,1
970=,Leaanne,1
970=,Leaha,1
970=,Leahanne,1
970=,Lecia,1
970=,Leeanna,1
970=,Leesa,1
970=,Leia,1
970=,Leigha,1
970=,Leila-Ann,1
970=,Leila-Marie,1
970=,Leini,1
970=,Leisa,1
970=,Leish-Ann,1
970=,Leisha,1
970=,Leix,1
970=,Lela,1
970=,Lelah,1
970=,Lena,1
970=,Lenie,1
970=,Leonne,1
970=,Lesleigh,1
970=,Lesleyanne,1
970=,Levi,1
970=,Lexi,1
970=,Leyona,1
970=,Li,1
970=,Lian,1
970=,Liann,1
970=,Lidia,1
970=,Lieanne,1
970=,Liesl,1
970=,Lilandrea,1
970=,Lilian,1
970=,Liliana,1
970=,Lillimay,1
970=,Lily,1
970=,Limara,1
970=,Linden,1
970=,Lindsay-Ann,1
970=,Lindsay-Anne,1
970=,Lindsay-Ashley,1
970=,Lindzi,1
970=,Linsdey,1
970=,Linsey-Ann,1
970=,Linsi,1
970=,Linzi-Anne,1
970=,Linzi-Jo,1
970=,Linzie,1
970=,Lisa-Ann,1
970=,Lisa-Jayne,1
970=,Livia,1
970=,Logan,1
970=,Loree,1
970=,Lorena,1
970=,Lorene,1
970=,Loretta,1
970=,Lorin,1
970=,Lorinda,1
970=,Lorne,1
970=,Lorri,1
970=,Louretta,1
970=,Loviena,1
970=,Lovina,1
970=,Lowena,1
970=,Luath,1
970=,Luisa,1
970=,Luka,1
970=,Luvleen,1
970=,Lyndie,1
970=,Lyndsy,1
970=,Lynedene,1
970=,Lynn-Marie,1
970=,Lynnda,1
970=,Lynnsay,1
970=,Lynsey-Ann,1
970=,Lynsey-Anne,1
970=,Lynzi,1
970=,Lynzie,1
970=,Lyzina,1
970=,Mabel,1
970=,Madelyn,1
970=,Magdalene,1
970=,Maggie,1
970=,Mai,1
970=,Mairianna,1
970=,Makaila,1
970=,Malissa,1
970=,Manal,1
970=,Manasi,1
970=,Mandeep,1
970=,Mandi,1
970=,Mandy-Louise,1
970=,Mann,1
970=,Manpreet,1
970=,Maranda,1
970=,Maranna,1
970=,Marcela,1
970=,Marcia,1
970=,Mareena,1
970=,Marelle,1
970=,Maren,1
970=,Maressa,1
970=,Mareta,1
970=,Margaret-Rose,1
970=,Margarita,1
970=,Margaux,1
970=,Margherita,1
970=,Marguerita,1
970=,Maria-Angela,1
970=,Mariaann,1
970=,Mariana,1
970=,Mariann,1
970=,Marie-Ann,1
970=,Mariea,1
970=,Marietta,1
970=,Marium,1
970=,Mariya,1
970=,Marjory,1
970=,Marlena,1
970=,Marlitta,1
970=,Marni,1
970=,Martiena,1
970=,Martin,1
970=,Martinne,1
970=,Marwa,1
970=,Mary-Ann,1
970=,Mary-Anne,1
970=,Mary-Clare,1
970=,Mary-Leeann,1
970=,Maryann,1
970=,Maryjane,1
970=,Marysia,1
970=,Mashael,1
970=,Matilda,1
970=,Maudy,1
970=,Maxinne,1
970=,Maya,1
970=,Meaghan,1
970=,Mechell,1
970=,Mediha,1
970=,Meena,1
970=,Megen,1
970=,Meggan,1
970=,Megha,1
970=,Meghann,1
970=,Mehmoona,1
970=,Mehnaz,1
970=,Mehsa,1
970=,Mehvish,1
970=,Mehwash,1
970=,Mehwish,1
970=,Mellany,1
970=,Mellisa,1
970=,Melodi,1
970=,Memona,1
970=,Menal,1
970=,Mercede,1
970=,Merelle,1
970=,Merlin,1
970=,Mhairi-Anne,1
970=,Mhairi-Louise,1
970=,Mhairian,1
970=,Mhari-Ann,1
970=,Mhari-Claire,1
970=,Mharie,1
970=,Mharisha,1
970=,Mhiari,1
970=,Mhorag,1
970=,Mhoraig,1
970=,Mia,1
970=,Micaela,1
970=,Micah,1
970=,Michala,1
970=,Micheala,1
970=,Mikayla,1
970=,Mikela,1
970=,Mikyla,1
970=,Milissa,1
970=,Millena,1
970=,Mimi,1
970=,Mimra,1
970=,Mindy,1
970=,Miranna,1
970=,Miriem,1
970=,Mirren,1
970=,Mkwaya,1
970=,Moj,1
970=,Montana,1
970=,Mora,1
970=,Moray,1
970=,Morvern,1
970=,Morvyn,1
970=,Morziena,1
970=,Moshina,1
970=,Moya,1
970=,Muma,1
970=,Munpreet,1
970=,Myfanwy,1
970=,Myka,1
970=,Mykaela,1
970=,Myra,1
970=,Myria,1
970=,Myriam,1
970=,Naavila,1
970=,Nabeeha,1
970=,Nabeela,1
970=,Nabiha,1
970=,Nabila,1
970=,Nada,1
970=,Nadeen,1
970=,Nadene,1
970=,Nadya,1
970=,Nadyne,1
970=,Nafiesa,1
970=,Nafisat,1
970=,Naheed,1
970=,Nahla,1
970=,Nailah,1
970=,Nancy-Jean,1
970=,Nanette,1
970=,Narbin,1
970=,Narindar,1
970=,Narinder,1
970=,Nasreen,1
970=,Natalea,1
970=,Nataleigh,1
970=,Natali,1
970=,Natalina,1
970=,Natalya,1
970=,Natascha,1
970=,Nathania,1
970=,Nausheen,1
970=,Nazaha,1
970=,Nazleem,1
970=,Nazneen,1
970=,Nealey,1
970=,Necole,1
970=,Neera,1
970=,Neeta,1
970=,Nena,1
970=,Nene,1
970=,Nerisa,1
970=,Netasha,1
970=,Niama,1
970=,Niamh,1
970=,Nicaela,1
970=,Nicholle,1
970=,Nico,1
970=,Nicqui,1
970=,Nidah,1
970=,Nidine,1
970=,Nieve,1
970=,Nikieta,1
970=,Nikitta,1
970=,Nikka,1
970=,Nikkol,1
970=,Nimma,1
970=,Ninja,1
970=,Nisa,1
970=,Noele,1
970=,Nola,1
970=,Noor,1
970=,Nor,1
970=,Nora,1
970=,Noran,1
970=,Nurhanisah,1
970=,Nurhanna,1
970=,Nurhidayah,1
970=,Nurul,1
970=,Nusibah,1
970=,Nyla,1
970=,Nyree,1
970=,Oi,1
970=,Omosefe,1
970=,Ona,1
970=,Orla,1
970=,Oyme,1
970=,Paisley,1
970=,Palma,1
970=,Paloma,1
970=,Palvisha,1
970=,Pamela-Anne,1
970=,Pamela-Dawn,1
970=,Parisa,1
970=,Parissa,1
970=,Parmdeep,1
970=,Paulla,1
970=,Peigi,1
970=,Perri,1
970=,Perveen,1
970=,Peta,1
970=,Phillippa,1
970=,Philomena,1
970=,Phyllis,1
970=,Polly,1
970=,Pooja,1
970=,Poonam,1
970=,Poppy,1
970=,Posy,1
970=,Prabjoat,1
970=,Pravina,1
970=,Preetkamel,1
970=,Pretoria,1
970=,Priya,1
970=,Qaanita,1
970=,Qurratu,1
970=,Raabia,1
970=,Rabia,1
970=,Rabiah,1
970=,Rachal,1
970=,Rachell,1
970=,Raegan,1
970=,Raigan,1
970=,Rajvinder,1
970=,Ramza,1
970=,Randa,1
970=,Raquia,1
970=,Raseann,1
970=,Rashi,1
970=,Ratia,1
970=,Raven,1
970=,Ravia,1
970=,Reagan,1
970=,Rebbecka,1
970=,Rebekah-Anne,1
970=,Rebekka,1
970=,Red,1
970=,Reem,1
970=,Regan,1
970=,Regina,1
970=,Rena,1
970=,Reo,1
970=,Rettika,1
970=,Reva,1
970=,Reyhaneh,1
970=,Rhanna,1
970=,Rhia,1
970=,Rhiann,1
970=,Rhiannah,1
970=,Rhionna,1
970=,Rhoda,1
970=,Rhoslyn,1
970=,Richard,1
970=,Rickeera,1
970=,Riley,1
970=,Ritu,1
970=,Robina,1
970=,Robyn-Leigh,1
970=,Robyne,1
970=,Rochene,1
970=,Roisien,1
970=,Roist,1
970=,Romana,1
970=,Romona,1
970=,Romy,1
970=,Rosaleen,1
970=,Rosalynd,1
970=,Rosalynn,1
970=,Rosalynne,1
970=,Rosamund,1
970=,Rosann,1
970=,Rosaria,1
970=,Rosaura,1
970=,Roselyn,1
970=,Rosiene,1
970=,Rosita,1
970=,Roslyne,1
970=,Roslynn,1
970=,Rossana,1
970=,Rosslynne,1
970=,Rowann,1
970=,Rowanna,1
970=,Rowmeena,1
970=,Roxan,1
970=,Roxsanne,1
970=,Roxzannah,1
970=,Rozanne,1
970=,Rozina,1
970=,Rozlynn,1
970=,Rudi-Ann,1
970=,Ruhina,1
970=,Rukshana,1
970=,Rutendo,1
970=,Ruwa,1
970=,Ryhana,1
970=,Saadia,1
970=,Saaiqa,1
970=,Saara,1
970=,Saba,1
970=,Sabeaha,1
970=,Sabihah,1
970=,Sadaf,1
970=,Saddia,1
970=,Sadea,1
970=,Sadiyah,1
970=,Saeeda,1
970=,Safa,1
970=,Safisha,1
970=,Safiyyah,1
970=,Safwa,1
970=,Saher,1
970=,Sahzea,1
970=,Saira,1
970=,Sairah,1
970=,Sajda,1
970=,Sakina,1
970=,Sallara,1
970=,Sally-Anne,1
970=,Salma,1
970=,Sam,1
970=,Samantha-Ann,1
970=,Samantha-Jane,1
970=,Samantha-Jayne,1
970=,Samantha-Jo,1
970=,Samaya,1
970=,Sameeha,1
970=,Sameeka,1
970=,Samiha,1
970=,Samina,1
970=,Samirah,1
970=,Samiya,1
970=,Sammy-Jo,1
970=,Sanaa,1
970=,Sandeep,1
970=,Sanita,1
970=,Santok,1
970=,Saorsa,1
970=,Saphina,1
970=,Sara-Jane,1
970=,Sara-Jayne,1
970=,Sarah-Ann,1
970=,Sarah-Anne,1
970=,Sarahjane,1
970=,Sarahlyn,1
970=,Saraid,1
970=,Saranna,1
970=,Sariena,1
970=,Sarina,1
970=,Sarojini,1
970=,Sarona,1
970=,Sarra,1
970=,Sascha,1
970=,Saskia-Frances,1
970=,Satveera,1
970=,Savanah,1
970=,Savanna,1
970=,Saverra,1
970=,Sayda,1
970=,Sayejda,1
970=,Scarlett,1
970=,Scharllene,1
970=,Schehinez,1
970=,Se-Hre,1
970=,Seainin,1
970=,Seana,1
970=,Seanna,1
970=,Sedonya,1
970=,See,1
970=,Sehar,1
970=,Selma,1
970=,Seonaidh,1
970=,Sethell,1
970=,Shabana-Bibi,1
970=,Shadee,1
970=,Shaena,1
970=,Shafiah,1
970=,Shahana,1
970=,Shaheena,1
970=,Shahzia,1
970=,Shalane,1
970=,Shalina,1
970=,Shamaiela,1
970=,Shamara,1
970=,Shameena,1
970=,Shamila,1
970=,Shamiso,1
970=,Shamsee,1
970=,Shanaa,1
970=,Shanade,1
970=,Shaneen,1
970=,Shani-Lee,1
970=,Shanin,1
970=,Shantel,1
970=,Shantelle,1
970=,Shareace,1
970=,Sharelle,1
970=,Sharen,1
970=,Sharifa,1
970=,Sharinne,1
970=,Sharita,1
970=,Sharlee,1
970=,Sharmain,1
970=,Sharmane,1
970=,Sharyl,1
970=,Sharyn,1
970=,Shau,1
970=,Shauna,1
970=,Shavonne,1
970=,Shayma,1
970=,Shaynie,1
970=,Shazlin,1
970=,Sheilah,1
970=,Shelby,1
970=,Shelley-Ann,1
970=,Shelley-Anne,1
970=,Shellylouise,1
970=,Shemila,1
970=,Sheonagh,1
970=,Sherelle,1
970=,Sherenvir,1
970=,Sheridan,1
970=,Sherie,1
970=,Sherre,1
970=,Sherree,1
970=,Sherrell,1
970=,Sherrie,1
970=,Sherrin,1
970=,Sheryll,1
970=,Shimona,1
970=,Shiovonne,1
970=,Shiranne,1
970=,Shireen,1
970=,Shireena,1
970=,Shirley-Anne,1
970=,Shivani,1
970=,Shminder,1
970=,Shobha,1
970=,Shobini,1
970=,Sholina,1
970=,Shonah,1
970=,Shonaid,1
970=,Shonaugh,1
970=,Shovonne,1
970=,Shubana,1
970=,Shubnam,1
970=,Shumaila,1
970=,Shuna,1
970=,Shuria,1
970=,Shushanah,1
970=,Shvonne,1
970=,Shyrell,1
970=,Si-Qi,1
970=,Siada,1
970=,Siann,1
970=,Siaqa,1
970=,Sibina,1
970=,Siham,1
970=,Silvia,1
970=,Sin,1
970=,Sin-Yen,1
970=,Sine,1
970=,Sinnitta,1
970=,Siobhain,1
970=,Siobhan-Kirsty,1
970=,Siobhian,1
970=,Sionne,1
970=,Sira,1
970=,Sirrvet,1
970=,Siyra,1
970=,Skye,1
970=,Snaa,1
970=,Sofeen,1
970=,Sofi,1
970=,Sofia,1
970=,Soibhan,1
970=,Soniya,1
970=,Sophina,1
970=,Soraya,1
970=,Stacey-Jane,1
970=,Stacey-Leigh,1
970=,Staceylee,1
970=,Stacie-Louise,1
970=,Stacy-Ann,1
970=,Stacy-Marie,1
970=,Stascia,1
970=,Stefani,1
970=,Stefenie,1
970=,Stefeny,1
970=,Steffi,1
970=,Stephani,1
970=,Stephanie-Laura,1
970=,Stephannie,1
970=,Stepheanie,1
970=,Stephnie,1
970=,Stevanna,1
970=,Storm,1
970=,Stuart,1
970=,Subrena,1
970=,Subrina,1
970=,Suffora,1
970=,Suha,1
970=,Sukhwant,1
970=,Sultana,1
970=,Sumayyah,1
970=,Sumia,1
970=,Summar,1
970=,Summer,1
970=,Sunah,1
970=,Sundeep,1
970=,Sunia,1
970=,Sunita,1
970=,Surawat,1
970=,Susann,1
970=,Suzi,1
970=,Suzie,1
970=,Sybil,1
970=,Sylvanna,1
970=,Symantha,1
970=,Symonne,1
970=,T'tina,1
970=,Taaniya,1
970=,Tabatha,1
970=,Taegan,1
970=,Tahera,1
970=,Tahmena,1
970=,Tahrah,1
970=,Tahsina,1
970=,Talisa,1
970=,Tallulah,1
970=,Tamuno-Boma,1
970=,Tania-Marie,1
970=,Tansa,1
970=,Tanzilah,1
970=,Tara-Louise,1
970=,Taraneh,1
970=,Tarasorcha,1
970=,Tarryn,1
970=,Tasneem,1
970=,Tasnova,1
970=,Taylor-Anne,1
970=,Tazmin,1
970=,Teena,1
970=,Teerij,1
970=,Tejpreet,1
970=,Tennille,1
970=,Teona,1
970=,Terese,1
970=,Teri-Jane,1
970=,Terianne,1
970=,Terie,1
970=,Terij,1
970=,Terri-May,1
970=,Terrie-Ann,1
970=,Terrina,1
970=,Terryl,1
970=,Terryll,1
970=,Tertia,1
970=,Terye,1
970=,Tess,1
970=,Thalia,1
970=,Thara,1
970=,Tharanjeet,1
970=,Thelma,1
970=,Theresa-Ann,1
970=,Thespina,1
970=,Thomasina,1
970=,Thomson,1
970=,Thora,1
970=,Tia,1
970=,Tib,1
970=,Tierney,1
970=,Toni-Joanne,1
970=,Toni-Lee,1
970=,Toni-Marie,1
970=,Tonya,1
970=,Traci,1
970=,Tricia,1
970=,Triona,1
970=,Tristan,1
970=,Truda,1
970=,Trudi,1
970=,Truly,1
970=,Tusha,1
970=,Tyrrell,1
970=,Tyson,1
970=,Umairah,1
970=,Umara,1
970=,Unnsa,1
970=,Ursula,1
970=,Urszula,1
970=,Usma,1
970=,Vairi,1
970=,Valborg,1
970=,Valeen,1
970=,Valery,1
970=,Vallanah,1
970=,Vannessa,1
970=,Vicci,1
970=,Vicki-Leanne,1
970=,Vicki-Lee,1
970=,Vickii,1
970=,Vida,1
970=,Vidette,1
970=,Vijayalakshmi,1
970=,Viki,1
970=,Vikkie,1
970=,Vikky,1
970=,Violet,1
970=,Vivian,1
970=,Vivienne,1
970=,Wan,1
970=,Wayane,1
970=,Wendy-Jane,1
970=,Widad,1
970=,Williamina,1
970=,Wilma,1
970=,Winifred,1
970=,Yanessah,1
970=,Yanie,1
970=,Yaqeen,1
970=,Yasmein,1
970=,Yasmina,1
970=,Yasmine,1
970=,Yassemen,1
970=,Yehudis,1
970=,Yin,1
970=,Yori,1
970=,Yousreya,1
970=,Ysatis,1
970=,Yuie,1
970=,Yvanne,1
970=,Zaheem,1
970=,Zaib,1
970=,Zaibunnisa,1
970=,Zaima,1
970=,Zanib,1
970=,Zarah,1
970=,Zarina-Danielle,1
970=,Zazil,1
970=,Zeenat,1
970=,Zena,1
970=,Zennat,1
970=,Zinab,1
970=,Zinah,1
970=,Zowie,1
