Position,Name,Number of babies
1,Laura,1095
2,Emma,830
3,Claire,775
4,Nicola,686
5,Sarah,680
6,Kirsty,677
7,Jennifer,663
8,Stephanie,580
9,Lisa,534
10,Lauren,513
11,Ashley,494
12,Louise,460
13,Stacey,414
14,Natalie,413
15,Samantha,351
16,Fiona,346
17,Amanda,343
18=,Danielle,334
18=,Kelly,334
20,Michelle,305
21,Rachel,295
22,Gillian,292
23,Amy,284
24,Gemma,278
25,Charlene,274
26,Kimberley,260
27,Rebecca,249
28,Karen,241
29,Cheryl,238
30,Leanne,234
31,Donna,226
32,Heather,225
33,Kayleigh,224
34,Siobhan,222
35,Victoria,217
36=,Ashleigh,216
36=,Jade,216
38,Kerry,211
39,Alison,190
40,Lynsey,187
41=,Joanne,181
41=,Nicole,181
43,Hannah,177
44,Julie,164
45,Deborah,161
46,Elizabeth,160
47,Natasha,158
48,Catherine,157
49,Rachael,151
50,Jacqueline,149
51,Susan,147
52,Pamela,146
53=,Debbie,139
53=,Katie,139
55,Jenna,138
56,Lindsay,133
57,Suzanne,130
58,Caroline,129
59=,Lucy,123
59=,Megan,123
61,Hayley,119
62,Lesley,118
63,Catriona,115
64,Clare,108
65,Christine,107
66=,Angela,105
66=,Paula,105
68,Kylie,104
69,Melissa,101
70=,Dawn,100
70=,Zoe,100
72,Kathryn,98
73=,Joanna,96
73=,Lorna,96
75,Ruth,92
76,Eilidh,91
77=,Christina,90
77=,Katherine,90
79,Nikki,89
80=,Helen,88
80=,Linzi,88
82,Alana,87
83=,Elaine,86
83=,Holly,86
83=,Sharon,86
86,Kirsten,85
87,Sara,83
88=,Charlotte,81
88=,Hazel,81
90=,Jane,80
90=,Kimberly,80
92=,Anna,76
92=,Mhairi,76
92=,Yvonne,76
95,Carly,75
96=,Diane,73
96=,Lynne,73
96=,Tracey,73
99=,Erin,72
99=,Lynn,72
101=,Kathleen,71
101=,Lorraine,71
101=,Margaret,71
104,Sophie,70
105,Melanie,68
106=,Emily,67
106=,Shona,67
108,Kim,66
109,Toni,65
110=,Cara,64
110=,Katrina,64
110=,Lyndsay,64
110=,Terri,64
114,Carrie,63
115=,Jodie,62
115=,Stacy,62
117=,Jillian,61
117=,Vicki,61
119,Linda,60
120=,Adele,59
120=,Lyndsey,59
120=,Tracy,59
123=,Leigh,58
123=,Vikki,58
125,Mary,55
126,Vicky,54
127,Kerri,53
128,Anne,52
129=,Chloe,51
129=,Leah,51
131=,Carla,50
131=,Carol,50
131=,Jill,50
131=,Maxine,50
135=,Jemma,49
135=,Jessica,49
135=,Shelley,49
138=,Andrea,48
138=,Lindsey,48
140=,Alexandra,46
140=,Naomi,46
142=,Aimee,45
142=,Maria,45
142=,Marie,45
145,Katy,44
146,Nichola,43
147=,Alice,42
147=,Keri,42
149=,Denise,41
149=,Nadia,41
151,Nadine,40
152=,Mairi,38
152=,Robyn,38
154=,Hollie,37
154=,Kate,37
154=,Rhona,37
157=,Lianne,34
157=,Sian,34
159=,Kerrie,33
159=,Mandy,33
159=,Tanya,33
162,Kirstie,31
163=,Iona,30
163=,Kara,30
163=,Lori,30
163=,Michaela,30
167=,Justine,29
167=,Lynsay,29
167=,Sinead,29
170=,Arlene,28
170=,Clair,28
170=,Gail,28
170=,Julia,28
170=,Patricia,28
170=,Pauline,28
170=,Tammy,28
177=,Colette,27
177=,Kirstin,27
179=,Aileen,26
179=,Ailsa,26
179=,Carolyn,26
179=,Colleen,26
179=,Dionne,26
179=,Jamie,26
185=,Gayle,25
185=,Janine,25
185=,Judith,25
185=,Roisin,25
189=,Abigail,24
189=,Frances,24
189=,Georgina,24
189=,Kay,24
189=,Stefanie,24
194=,Lana,23
194=,Marianne,23
194=,Zara,23
197=,Alanna,22
197=,Allison,22
197=,Janet,22
197=,Jayne,22
197=,Leeanne,22
197=,Roxanne,22
203=,Ann,21
203=,Eleanor,21
203=,Francesca,21
203=,Jenny,21
203=,Rosemary,21
203=,Wendy,21
209=,Amie,20
209=,Connie,20
209=,Grace,20
209=,Lara,20
209=,Laurie,20
209=,Leeann,20
209=,Linsey,20
209=,Lynda,20
209=,Sheryl,20
209=,Teri,20
219=,Dana,19
219=,Isla,19
219=,Kirsteen,19
219=,Marion,19
219=,Meghan,19
219=,Olivia,19
219=,Sharlene,19
219=,Tiffany,19
219=,Valerie,19
228=,April,18
228=,Caitlin,18
228=,Debra,18
228=,Lee,18
228=,Morven,18
228=,Shannon,18
228=,Tara,18
228=,Vanessa,18
236=,Collette,17
236=,Faye,17
236=,Kaylee,17
236=,Sandra,17
236=,Simone,17
236=,Sonia,17
236=,Sophia,17
236=,Theresa,17
244=,Ainsley,16
244=,Charmaine,16
244=,Chelsea,16
244=,Louisa,16
244=,Sheree,16
249=,Leona,15
249=,Lesley-Anne,15
249=,Sarah-Jane,15
252=,Alicia,14
252=,Ashton,14
252=,Eve,14
252=,Geraldine,14
252=,Harriet,14
252=,Jaclyn,14
252=,Jean,14
252=,Karla,14
252=,Kristina,14
252=,Lee-Anne,14
252=,Monica,14
263=,Barbara,13
263=,Karin,13
265=,Alyson,12
265=,Bernadette,12
265=,Beth,12
265=,Janice,12
265=,Jay,12
265=,Jodi,12
265=,Kellie,12
265=,Morgan,12
265=,Rebekah,12
265=,Sally,12
275=,Abby,11
275=,Alannah,11
275=,Annie,11
275=,Audrey,11
275=,Carole,11
275=,Cassandra,11
275=,Christie,11
275=,Corinne,11
275=,Dayna,11
275=,Ellen,11
275=,Felicity,11
275=,Kellyann,11
275=,Lois,11
275=,Lynette,11
275=,Morag,11
275=,Rhiannon,11
275=,Sandie,11
275=,Shereen,11
275=,Stacie,11
294=,Aisha,10
294=,Alexis,10
294=,Bianca,10
294=,Carmen,10
294=,Cassie,10
294=,Elise,10
294=,Evelyn,10
294=,Fay,10
294=,Freya,10
294=,Genna,10
294=,Johanna,10
294=,Josephine,10
294=,Katharine,10
294=,Kristen,10
294=,Leigh-Ann,10
294=,Leila,10
294=,Lisa-Marie,10
294=,Madeleine,10
294=,Michele,10
294=,Shelly,10
294=,Shirley,10
315=,Abbie,9
315=,Antonia,9
315=,Avril,9
315=,Carolann,9
315=,Chantelle,9
315=,Dominique,9
315=,Eileen,9
315=,Eva,9
315=,Flora,9
315=,Georgia,9
315=,Jilly,9
315=,Keighley,9
315=,Lee-Ann,9
315=,Leighann,9
315=,Leonie,9
315=,Liza,9
315=,Rose,9
315=,Sabrina,9
315=,Susanne,9
315=,Teresa,9
315=,Yasmin,9
336=,Ailie,8
336=,Alix,8
336=,Amber,8
336=,Anne-Marie,8
336=,Carina,8
336=,Catrina,8
336=,Elspeth,8
336=,Erica,8
336=,Farah,8
336=,Gaynor,8
336=,Hayleigh,8
336=,Hilary,8
336=,Jody,8
336=,Julianne,8
336=,Kari,8
336=,Karina,8
336=,Karyn,8
336=,Kelly-Ann,8
336=,Kerry-Anne,8
336=,Kristin,8
336=,Nikola,8
336=,Rosalind,8
336=,Roslyn,8
336=,Seonaid,8
336=,Sheila,8
336=,Tina,8
362=,Alexandria,7
362=,Ann-Marie,7
362=,Annabel,7
362=,Annette,7
362=,Bethany,7
362=,Carolanne,7
362=,Coral,7
362=,Corrine,7
362=,Courtney,7
362=,Diana,7
362=,Dianne,7
362=,Emma-Louise,7
362=,Heidi,7
362=,Helena,7
362=,Isabella,7
362=,Jacqui,7
362=,Jamie-Lee,7
362=,Jessie,7
362=,Joan,7
362=,Jolene,7
362=,June,7
362=,Kayley,7
362=,Kaylie,7
362=,Kelly-Anne,7
362=,Laura-Anne,7
362=,Mairead,7
362=,Mikaela,7
362=,Miriam,7
362=,Natalia,7
362=,Rosanna,7
362=,Rosie,7
362=,Sarah-Louise,7
362=,Sheena,7
362=,Sylvia,7
362=,Tamara,7
397=,Adelle,6
397=,Agnes,6
397=,Alex,6
397=,Allana,6
397=,Ami,6
397=,Amna,6
397=,Beverley,6
397=,Brittany,6
397=,Brooke,6
397=,Bryony,6
397=,Camille,6
397=,Candice,6
397=,Carrie-Ann,6
397=,Daniela,6
397=,Emma-Jane,6
397=,Erika,6
397=,Hailey,6
397=,Haley,6
397=,Irene,6
397=,Isobel,6
397=,Jackie,6
397=,Jan,6
397=,Jayde,6
397=,Jo,6
397=,Joy,6
397=,Keira,6
397=,Lauran,6
397=,Leigh-Anne,6
397=,Linsay,6
397=,Lisamarie,6
397=,Lucinda,6
397=,Lyn,6
397=,Lynzi,6
397=,Maree,6
397=,Marisa,6
397=,Marissa,6
397=,Martha,6
397=,Maureen,6
397=,Moira,6
397=,Nathalie,6
397=,Nina,6
397=,Penny,6
397=,Rochelle,6
397=,Sasha,6
397=,Sharleen,6
397=,Stevie,6
397=,Susannah,6
397=,Terrie,6
397=,Veronica,6
397=,Vivien,6
447=,Ailidh,5
447=,Allyson,5
447=,Ashlea,5
447=,Belinda,5
447=,Bobbie,5
447=,Bonnie,5
447=,Brenda,5
447=,Carlene,5
447=,Carrie-Anne,5
447=,Carron,5
447=,Charleen,5
447=,Chevonne,5
447=,Ciara,5
447=,Coleen,5
447=,Corrie,5
447=,Daisy,5
447=,Elisabeth,5
447=,Eloise,5
447=,Esther,5
447=,Gabrielle,5
447=,India,5
447=,Isabel,5
447=,Jacklyn,5
447=,Jaimie,5
447=,Jasmine,5
447=,Johan,5
447=,Johanne,5
447=,Jordan,5
447=,Kaileigh,5
447=,Karis,5
447=,Kellyanne,5
447=,Kendal,5
447=,Keren,5
447=,Kerry-Ann,5
447=,Kirstyn,5
447=,Kristine,5
447=,Larissa,5
447=,Lena,5
447=,Mari,5
447=,Marian,5
447=,Marina,5
447=,Maryam,5
447=,Mechelle,5
447=,Mhari,5
447=,Morna,5
447=,Nazia,5
447=,Nichole,5
447=,Philippa,5
447=,Phillipa,5
447=,Rhea,5
447=,Rona,5
447=,Rosaleen,5
447=,Rosalyn,5
447=,Sacha,5
447=,Sadia,5
447=,Salma,5
447=,Sana,5
447=,Shari,5
447=,Shauna,5
447=,Sofia,5
447=,Sonya,5
447=,Taylor,5
447=,Tessa,5
447=,Vickie,5
511=,Aisling,4
511=,Alanah,4
511=,Alia,4
511=,Amelia,4
511=,Anita,4
511=,Anneka,4
511=,Brogan,4
511=,Carol-Ann,4
511=,Caron,4
511=,Caryn,4
511=,Carys,4
511=,Casey,4
511=,Cher,4
511=,Cherie,4
511=,Christy,4
511=,Cindy,4
511=,Claudia,4
511=,Constance,4
511=,Danya,4
511=,Daryl,4
511=,Donya,4
511=,Dorothy,4
511=,Eden,4
511=,Emilie,4
511=,Fern,4
511=,Gill,4
511=,Gina,4
511=,Hanna,4
511=,Jacquelyn,4
511=,Jaime,4
511=,Judy,4
511=,Julie-Anne,4
511=,Kaleigh,4
511=,Karleen,4
511=,Karly,4
511=,Kelsey,4
511=,Kerryann,4
511=,Kerryanne,4
511=,Kirsti,4
511=,Kristy,4
511=,Kymberley,4
511=,Laura-Ann,4
511=,Laureen,4
511=,Lea,4
511=,Leighanne,4
511=,Leonna,4
511=,Lesley-Ann,4
511=,Lynzie,4
511=,Mariam,4
511=,Maryann,4
511=,Meggan,4
511=,Nicky,4
511=,Nikita,4
511=,Racheal,4
511=,Raegan,4
511=,Rhianne,4
511=,Roseann,4
511=,Roseanne,4
511=,Rowan,4
511=,Rowena,4
511=,Sandi,4
511=,Shabana,4
511=,Shani,4
511=,Sheona,4
511=,Shiree,4
511=,Yvette,4
577=,Abbey,3
577=,Adrienne,3
577=,Aimie,3
577=,Ainslie,3
577=,Aminah,3
577=,Annemarie,3
577=,Annmarie,3
577=,Anya,3
577=,Arianne,3
577=,Ashlee,3
577=,Asia,3
577=,Astrid,3
577=,Ayesha,3
577=,Ayla,3
577=,Aynsley,3
577=,Aysha,3
577=,Beverly,3
577=,Billie,3
577=,Blair,3
577=,Bobbi,3
577=,Carey,3
577=,Carlyn,3
577=,Carmel,3
577=,Cassy,3
577=,Ceri,3
577=,Charline,3
577=,Cheree,3
577=,Cherelle,3
577=,Cherrelle,3
577=,Clara,3
577=,Corina,3
577=,Cristina,3
577=,Crystal,3
577=,Deanna,3
577=,Debi,3
577=,Dee,3
577=,Donna-Marie,3
577=,Ebony,3
577=,Elaina,3
577=,Elena,3
577=,Elisha,3
577=,Evonne,3
577=,Faith,3
577=,Fozia,3
577=,Georgie,3
577=,Gwen,3
577=,Hana,3
577=,Humera,3
577=,Imogen,3
577=,Ishbel,3
577=,Islay,3
577=,Jaye,3
577=,Jeanette,3
577=,Jena,3
577=,Jenifer,3
577=,Jenniffer,3
577=,Jo-Anne,3
577=,Jocelyn,3
577=,John,3
577=,Joleen,3
577=,Joni,3
577=,Joyce,3
577=,Ka,3
577=,Kady,3
577=,Kaley,3
577=,Karlyn,3
577=,Kathrine,3
577=,Kati,3
577=,Kaye,3
577=,Kayreen,3
577=,Kelli,3
577=,Kendall,3
577=,Kerrianne,3
577=,Kimberleigh,3
577=,Kira,3
577=,Krista,3
577=,Krystal,3
577=,Krystina,3
577=,Krystle,3
577=,Kym,3
577=,Kyrstie,3
577=,Letitia,3
577=,Liane,3
577=,Lilian,3
577=,Lily,3
577=,Linzie,3
577=,Lorena,3
577=,Lorne,3
577=,Luisa,3
577=,Lyndi,3
577=,Madison,3
577=,Malissa,3
577=,Mandie,3
577=,Marie-Claire,3
577=,Marilyn,3
577=,Marnie,3
577=,May,3
577=,Mehreen,3
577=,Mellissa,3
577=,Meryl,3
577=,Monique,3
577=,Natallie,3
577=,Niamh,3
577=,Penelope,3
577=,Poppy,3
577=,Priya,3
577=,Rabia,3
577=,Regan,3
577=,Rosanne,3
577=,Ruby,3
577=,Saima,3
577=,Saira,3
577=,Samara,3
577=,Sanna,3
577=,Sara-Louise,3
577=,Sarah-Anne,3
577=,Sarah-Jayne,3
577=,Sarra,3
577=,Savannah,3
577=,Selina,3
577=,Serena,3
577=,Sharron,3
577=,Shazia,3
577=,Shiona,3
577=,Shireen,3
577=,Shonagh,3
577=,Simran,3
577=,Sinaed,3
577=,Staci,3
577=,Stella,3
577=,Stephnie,3
577=,Stevi,3
577=,Susanna,3
577=,Suzanna,3
577=,Syeda,3
577=,Tami,3
577=,Terri-Ann,3
577=,Terry,3
577=,Verity,3
577=,Vhairi,3
577=,Vivienne,3
577=,Zoey,3
719=,Abbi,2
719=,Aelish,2
719=,Aimi,2
719=,Aishah,2
719=,Aishling,2
719=,Alaina,2
719=,Aliesha,2
719=,Alisa,2
719=,Alisha,2
719=,Aliya,2
719=,Aliyah,2
719=,Amanda-Jane,2
719=,Amina,2
719=,Amirah,2
719=,Angeline,2
719=,Angharad,2
719=,Anisa,2
719=,Anjali,2
719=,Anna-Marie,2
719=,Annabelle,2
719=,Aqsa,2
719=,Ariane,2
719=,Arline,2
719=,Ashley-Anne,2
719=,Ashlie,2
719=,Ashly,2
719=,Becky,2
719=,Bethan,2
719=,Billie-Jean,2
719=,Bridget,2
719=,Bridie,2
719=,Briege,2
719=,Brodie,2
719=,Calley,2
719=,Callie,2
719=,Candy,2
719=,Caraline,2
719=,Carin,2
719=,Carlanne,2
719=,Carli,2
719=,Carol-Anne,2
719=,Carolynne,2
719=,Caterina,2
719=,Cathy,2
719=,Ceilidh,2
719=,Celia,2
719=,Celine,2
719=,Chanelle,2
719=,Chantel,2
719=,Charandeep,2
719=,Charis,2
719=,Charisse,2
719=,Charlaine,2
719=,Chelsey,2
719=,Cherrie,2
719=,Cheryl-Louise,2
719=,Chiara,2
719=,Chrissie,2
719=,Christiane,2
719=,Chrystal,2
719=,Cindi,2
719=,Ciorstaidh,2
719=,Claire-Louise,2
719=,Conni,2
719=,Cora,2
719=,Corinna,2
719=,Corrina,2
719=,Corrinne,2
719=,Courteney,2
719=,Craig,2
719=,Daina,2
719=,Danica,2
719=,Daniella,2
719=,Danika,2
719=,Danyelle,2
719=,David,2
719=,Davina,2
719=,Daynah,2
719=,Debbi,2
719=,Debby,2
719=,Donnamarie,2
719=,Ealasaid,2
719=,Elinor,2
719=,Elisa,2
719=,Elouise,2
719=,Elyse,2
719=,Fai,2
719=,Faizah,2
719=,Farheen,2
719=,Farihah,2
719=,Farrah,2
719=,Fatima,2
719=,Francine,2
719=,Gabriella,2
719=,Gael,2
719=,Genevieve,2
719=,Giovanna,2
719=,Giulia,2
719=,Glenda,2
719=,Greer,2
719=,Holley,2
719=,Honor,2
719=,Hope,2
719=,Ilona,2
719=,Ingrid,2
719=,Isabelle,2
719=,Ishrat,2
719=,Jaimi,2
719=,Janene,2
719=,Janie,2
719=,Jaqueline,2
719=,Jeannie,2
719=,Jenni,2
719=,Jeri,2
719=,Jerry,2
719=,Jo-Ann,2
719=,Joelle,2
719=,Juliana,2
719=,Julie-Ann,2
719=,Julieann,2
719=,Kairen,2
719=,Karalyn,2
719=,Karine,2
719=,Kasey,2
719=,Kasha,2
719=,Kassie,2
719=,Katriona,2
719=,Kayla,2
719=,Kayliegh,2
719=,Kelly-Louise,2
719=,Kerin,2
719=,Kerri-Ann,2
719=,Kerri-Anne,2
719=,Kerriann,2
719=,Khairunnisa,2
719=,Kiren,2
719=,Kirin,2
719=,Kirstien,2
719=,Kirsty-Anne,2
719=,Kristal,2
719=,Kristeen,2
719=,Kristi,2
719=,Kristie,2
719=,Kyla,2
719=,Kylie-Anne,2
719=,Kymberly,2
719=,Kyra,2
719=,Lacey,2
719=,Lai,2
719=,Laken,2
719=,Laurene,2
719=,Lauri,2
719=,Layla,2
719=,Leann,2
719=,Leanna,2
719=,Leica,2
719=,Leigha,2
719=,Leighan,2
719=,Leisha,2
719=,Leoni,2
719=,Leonne,2
719=,Leonnie,2
719=,Leslie,2
719=,Levi,2
719=,Liana,2
719=,Liann,2
719=,Lianna,2
719=,Lillian,2
719=,Lindy,2
719=,Linn,2
719=,Lizanne,2
719=,Lora,2
719=,Loraine,2
719=,Lorelei,2
719=,Lorelle,2
719=,Loren,2
719=,Louren,2
719=,Lucia,2
719=,Lucie,2
719=,Lydia,2
719=,Lymara,2
719=,Lynnette,2
719=,Lyssa,2
719=,Madiha,2
719=,Mallory,2
719=,Marcia,2
719=,Margaret-Ann,2
719=,Margo,2
719=,Mariann,2
719=,Marianna,2
719=,Marlene,2
719=,Marney,2
719=,Martine,2
719=,Maryanne,2
719=,Melisa,2
719=,Mercedes,2
719=,Meredith,2
719=,Merissa,2
719=,Mica,2
719=,Mollie,2
719=,Monika,2
719=,Moyra,2
719=,Nabeela,2
719=,Nadeen,2
719=,Naila,2
719=,Nancy,2
719=,Narelle,2
719=,Neelam,2
719=,Neelum,2
719=,Nia,2
719=,Nicki,2
719=,Niki,2
719=,Nikole,2
719=,Nora,2
719=,Norah,2
719=,Noreen,2
719=,Nosheen,2
719=,Nyree,2
719=,Paisley,2
719=,Parmjeet,2
719=,Peri,2
719=,Perri,2
719=,Petra,2
719=,Phyllis,2
719=,Rabiah,2
719=,Rachele,2
719=,Rachelle,2
719=,Rajvinder,2
719=,Rea,2
719=,Reem,2
719=,Rhian,2
719=,Robbie,2
719=,Roberta,2
719=,Romana,2
719=,Rosalie,2
719=,Rosemarie,2
719=,Rosslyn,2
719=,Sabah,2
719=,Sabina,2
719=,Safiyyah,2
719=,Sairah,2
719=,Sammie,2
719=,Sammy,2
719=,Sanaa,2
719=,Santana,2
719=,Sarah-Ann,2
719=,Sarina,2
719=,Sarrah,2
719=,Sascha,2
719=,Scott,2
719=,Senga,2
719=,Shaneese,2
719=,Sharelle,2
719=,Sharin,2
719=,Sharyn,2
719=,Sheelagh,2
719=,Shellie,2
719=,Sherie,2
719=,Sherrie,2
719=,Shirelle,2
719=,Siana,2
719=,Simmone,2
719=,Sobia,2
719=,Stacey-Ann,2
719=,Staceyann,2
719=,Steffanie,2
719=,Stephenie,2
719=,Sura,2
719=,Suzan,2
719=,Suzann,2
719=,Tabitha,2
719=,Talia,2
719=,Tammie,2
719=,Tasha,2
719=,Terri-Louise,2
719=,Vaila,2
719=,Wai,2
719=,Whitney,2
719=,Wing,2
719=,Yasmeen,2
719=,Yazmin,2
719=,Zahraa,2
719=,Zainab,2
719=,Zehra,2
719=,Zenib,2
719=,Zowie,2
1005=,A'ishah,1
1005=,Aadila,1
1005=,Aala,1
1005=,Aalaa,1
1005=,Aamna,1
1005=,Aavril,1
1005=,Abaigeal,1
1005=,Abbe,1
1005=,Abbiegail,1
1005=,Abby-Clare,1
1005=,Abbygaile,1
1005=,Abeer,1
1005=,Abeerah,1
1005=,Abera,1
1005=,Abigale,1
1005=,Abirah,1
1005=,Abrar,1
1005=,Adati,1
1005=,Adela,1
1005=,Adelaide,1
1005=,Adelaine,1
1005=,Aden,1
1005=,Adiel,1
1005=,Adilah,1
1005=,Adriana,1
1005=,Aelrid,1
1005=,Aenea,1
1005=,Afia,1
1005=,Afolaranmi,1
1005=,Afton,1
1005=,Agnieszka,1
1005=,Aidan,1
1005=,Aieesha,1
1005=,Aiesha,1
1005=,Aikida,1
1005=,Ailbhe,1
1005=,Aileidh,1
1005=,Aileigh,1
1005=,Ailish,1
1005=,Aine,1
1005=,Ainslay,1
1005=,Ainsleigh,1
1005=,Aish,1
1005=,Aislinn,1
1005=,Aiva,1
1005=,Aiyana,1
1005=,Aja,1
1005=,Alam,1
1005=,Alanagh,1
1005=,Alanha,1
1005=,Alayna,1
1005=,Alayne,1
1005=,Aldis,1
1005=,Aleema,1
1005=,Aleena,1
1005=,Aleia,1
1005=,Aleisha,1
1005=,Alesha,1
1005=,Aleshia,1
1005=,Alessia,1
1005=,Alethiea,1
1005=,Alev,1
1005=,Alex-Anne,1
1005=,Alexandrea,1
1005=,Alexia,1
1005=,Alexine,1
1005=,Alhnisa,1
1005=,Alicja,1
1005=,Alischa,1
1005=,Alissa,1
1005=,Allana-Lee,1
1005=,Allanah,1
1005=,Allice,1
1005=,Althea,1
1005=,Alysanne,1
1005=,Alyssa,1
1005=,Ama,1
1005=,Amalina,1
1005=,Amanda-Marie,1
1005=,Amani,1
1005=,Amarjot,1
1005=,Ameera,1
1005=,Ameira,1
1005=,Amethyst,1
1005=,Ami-Jain,1
1005=,Amii,1
1005=,Ammara,1
1005=,Ammel,1
1005=,Ammna,1
1005=,Amreen,1
1005=,Amrita,1
1005=,Amundeep,1
1005=,Amy-Louise,1
1005=,Ana,1
1005=,Anamika,1
1005=,Anastassia,1
1005=,Andrea-Maria,1
1005=,Andrena,1
1005=,Andrew,1
1005=,Andrina,1
1005=,Aneela,1
1005=,Aneesa,1
1005=,Anela,1
1005=,Angel,1
1005=,Angela-Mary,1
1005=,Angelia,1
1005=,Angelica,1
1005=,Angelina,1
1005=,Angie,1
1005=,Angus,1
1005=,Ania,1
1005=,Anice,1
1005=,Anila,1
1005=,Anisah,1
1005=,Anja,1
1005=,Anjula,1
1005=,Anna-May,1
1005=,Anna-Nicole,1
1005=,Annalisa,1
1005=,Annalise,1
1005=,Annallie,1
1005=,Anne-Lise,1
1005=,Anne-Louise,1
1005=,Annelee,1
1005=,Annelie,1
1005=,Annika,1
1005=,Annlouise,1
1005=,Annum,1
1005=,Annwen,1
1005=,Antoinette,1
1005=,Anuiska,1
1005=,Anuka,1
1005=,Anushka,1
1005=,Anuska,1
1005=,Anwaar,1
1005=,Aoife,1
1005=,Aqilah,1
1005=,Araina,1
1005=,Araminta,1
1005=,Areege,1
1005=,Ariana,1
1005=,Arran,1
1005=,Arrianne,1
1005=,Arsheya,1
1005=,Asaura,1
1005=,Ascharah,1
1005=,Asha,1
1005=,Ashantee,1
1005=,Ashleen,1
1005=,Ashleigh-Ann,1
1005=,Ashley-Ann,1
1005=,Ashley-Jordan,1
1005=,Ashleyanne,1
1005=,Ashli,1
1005=,Ashliegh,1
1005=,Ashlyn,1
1005=,Asiah,1
1005=,Asma,1
1005=,Asmaa,1
1005=,Asmah,1
1005=,Asmia,1
1005=,Assia,1
1005=,Assiah,1
1005=,Assuntina,1
1005=,Aston,1
1005=,Astra,1
1005=,Asya,1
1005=,Atika,1
1005=,Atiya,1
1005=,Attia,1
1005=,Aubrey,1
1005=,Autumn-Faith,1
1005=,Ayako,1
1005=,Ayanna,1
1005=,Ayda,1
1005=,Aylie,1
1005=,Ayshia,1
1005=,Ayuni,1
1005=,Azar,1
1005=,Baljit,1
1005=,Barbara-Ann,1
1005=,Bashira,1
1005=,Basira,1
1005=,Batul,1
1005=,Bayanne,1
1005=,Beathag,1
1005=,Beatrice,1
1005=,Ben,1
1005=,Benedicte,1
1005=,Bernice,1
1005=,Bertha,1
1005=,Beste,1
1005=,Betina,1
1005=,Bevin,1
1005=,Blaine,1
1005=,Blaire,1
1005=,Blanche,1
1005=,Blane,1
1005=,Blue-Jean,1
1005=,Blythe,1
1005=,Bobbi-Jean,1
1005=,Bobielea,1
1005=,Breagha,1
1005=,Bridget-Ellen,1
1005=,Britta,1
1005=,Brittny,1
1005=,Bronach,1
1005=,Bronagh,1
1005=,Bronwen,1
1005=,Bushra,1
1005=,Bushrah,1
1005=,Busmah,1
1005=,Buthynah,1
1005=,Cady,1
1005=,Cahra,1
1005=,Caileag,1
1005=,Caira,1
1005=,Cairine,1
1005=,Cairistiona,1
1005=,Cairo,1
1005=,Cait,1
1005=,Caithlin,1
1005=,Caitriana,1
1005=,Caleen,1
1005=,Calena,1
1005=,Caley,1
1005=,Caley-Ann,1
1005=,Cally,1
1005=,Camilla,1
1005=,Candace,1
1005=,Candis,1
1005=,Caoibhe,1
1005=,Caoimhe,1
1005=,Cara-Louise,1
1005=,Caralynne,1
1005=,Careen,1
1005=,Careene,1
1005=,Carena,1
1005=,Carene,1
1005=,Cari,1
1005=,Carie-Ann,1
1005=,Carine,1
1005=,Cariss,1
1005=,Carlan,1
1005=,Carleen,1
1005=,Carley,1
1005=,Carlina,1
1005=,Carlyanne,1
1005=,Carlyne,1
1005=,Carmela,1
1005=,Carmelle,1
1005=,Carola,1
1005=,Carole-Anne,1
1005=,Carolina,1
1005=,Carra,1
1005=,Carri,1
1005=,Carron-Jade,1
1005=,Casandra,1
1005=,Cassi,1
1005=,Cassidy,1
1005=,Catalina,1
1005=,Catharina,1
1005=,Catharine,1
1005=,Catherine-Mary,1
1005=,Cathie,1
1005=,Cathreen-Mary,1
1005=,Cathryn,1
1005=,Catrin,1
1005=,Cecilia,1
1005=,Cecily,1
1005=,Ceiridh,1
1005=,Celeste,1
1005=,Ceri-Anne,1
1005=,Cerise,1
1005=,Cerri,1
1005=,Chamala,1
1005=,Chandra,1
1005=,Chanel,1
1005=,Chaney,1
1005=,Channon,1
1005=,Channyn,1
1005=,Chantal,1
1005=,Chantel-Marie,1
1005=,Chara,1
1005=,Charabeth,1
1005=,Charee,1
1005=,Charell,1
1005=,Charlanne,1
1005=,Charley,1
1005=,Charlie,1
1005=,Charlotte-Jane,1
1005=,Charmian,1
1005=,Chastina,1
1005=,Chaya,1
1005=,Chekufeh,1
1005=,Chelsai-Jade,1
1005=,Chenara,1
1005=,Cheral,1
1005=,Cheredith,1
1005=,Cheri,1
1005=,Cherise,1
1005=,Cherisse,1
1005=,Cherlene,1
1005=,Cherry,1
1005=,Cheryl-Ann,1
1005=,Cherylann,1
1005=,Cherylanne,1
1005=,Cheryle,1
1005=,Cherylee,1
1005=,Cherysh,1
1005=,Chi-Sam,1
1005=,Chia,1
1005=,Chih,1
1005=,Chine,1
1005=,Chinele,1
1005=,Chirelle,1
1005=,Chirsty,1
1005=,Chloe-Ann,1
1005=,Choi,1
1005=,Christa,1
1005=,Christianne,1
1005=,Christina-Jayne,1
1005=,Christina-Rose,1
1005=,Christine-Louis,1
1005=,Christopher,1
1005=,Christy-Lee,1
1005=,Chyrel,1
1005=,Chyvonne,1
1005=,Ciaran,1
1005=,Ciarra,1
1005=,Ciji,1
1005=,Clairmarie,1
1005=,Clantelle,1
1005=,Claudine,1
1005=,Clayre,1
1005=,Cleo,1
1005=,Clover,1
1005=,Clyne,1
1005=,Colene,1
1005=,Conny,1
1005=,Coralle,1
1005=,Corey,1
1005=,Corin,1
1005=,Corla,1
1005=,Correen,1
1005=,Corryn,1
1005=,Crista,1
1005=,Cristie,1
1005=,Cyndi,1
1005=,Dainna,1
1005=,Dale,1
1005=,Dalia,1
1005=,Daliah,1
1005=,Danah,1
1005=,Danella,1
1005=,Dania,1
1005=,Daniel,1
1005=,Danielle-Marie,1
1005=,Danille,1
1005=,Danna,1
1005=,Dannielle,1
1005=,Dannika,1
1005=,Danvsia,1
1005=,Darleen,1
1005=,Darlene,1
1005=,Darnell,1
1005=,Darryl,1
1005=,Darshana,1
1005=,Daun,1
1005=,Davinna,1
1005=,Dawn-Michelle,1
1005=,Dawna,1
1005=,Dayang,1
1005=,Daynar,1
1005=,Daynor,1
1005=,Deanha,1
1005=,Debora,1
1005=,Deborah-Lee,1
1005=,Debra-Ann,1
1005=,Debrah,1
1005=,Deeanne,1
1005=,Deena,1
1005=,Deirdre,1
1005=,Delawari,1
1005=,Delia,1
1005=,Demelza,1
1005=,Denice,1
1005=,Deniz,1
1005=,Denni,1
1005=,Dennise,1
1005=,Deyna,1
1005=,Dhani,1
1005=,Diamond,1
1005=,Dion,1
1005=,Diorre,1
1005=,Divya,1
1005=,Dolanna,1
1005=,Dolene,1
1005=,Dolina,1
1005=,Donna-Lee,1
1005=,Donna-Louise,1
1005=,Dora,1
1005=,Doreen,1
1005=,Dorenda,1
1005=,Dorotha,1
1005=,Dyann,1
1005=,E-Ling,1
1005=,Ebonny,1
1005=,Edele,1
1005=,Edette,1
1005=,Edindra,1
1005=,Edith,1
1005=,Edwina,1
1005=,Eiblin,1
1005=,Eilann,1
1005=,Eirian,1
1005=,Eisha,1
1005=,Ekvinder,1
1005=,Elayne,1
1005=,Eleri,1
1005=,Elevtheria,1
1005=,Elham,1
1005=,Eliane,1
1005=,Elianne,1
1005=,Eliece,1
1005=,Elinda,1
1005=,Elisabetta,1
1005=,Elissa,1
1005=,Eliza,1
1005=,Ella,1
1005=,Ellana,1
1005=,Ellie,1
1005=,Ellis,1
1005=,Ellishia,1
1005=,Elmarie,1
1005=,Elsbeth,1
1005=,Elsie,1
1005=,Elysia,1
1005=,Emily-May,1
1005=,Emmalene,1
1005=,Emtethall,1
1005=,Enrica,1
1005=,Eran,1
1005=,Ericka,1
1005=,Erim,1
1005=,Erinn,1
1005=,Erinn-Lee,1
1005=,Erinna,1
1005=,Erram,1
1005=,Eryl,1
1005=,Eryll,1
1005=,Eshwari,1
1005=,Esme,1
1005=,Esmeralda,1
1005=,Esra,1
1005=,Estee,1
1005=,Euna,1
1005=,Eunice,1
1005=,Euphemia,1
1005=,Eveline,1
1005=,Faayza,1
1005=,Faine,1
1005=,Faiza,1
1005=,Farahna,1
1005=,Farhani,1
1005=,Farida,1
1005=,Farine,1
1005=,Fatemah,1
1005=,Fazeela,1
1005=,Fenella,1
1005=,Feonaidh,1
1005=,Fieza,1
1005=,Filipa,1
1005=,Fiona-Jane,1
1005=,Fionna,1
1005=,Fionnuala,1
1005=,Fleur,1
1005=,Fouzia,1
1005=,Francene,1
1005=,Frances-Ann,1
1005=,Francis,1
1005=,Frankie,1
1005=,Freda,1
1005=,Frieda,1
1005=,Gabrielle-Anne,1
1005=,Gale,1
1005=,Gaudensia,1
1005=,Gemma-Louise,1
1005=,George,1
1005=,Georgette,1
1005=,Gerrah,1
1005=,Ghazal,1
1005=,Gi,1
1005=,Gilda,1
1005=,Gilian,1
1005=,Gillean,1
1005=,Gilleon,1
1005=,Gilli,1
1005=,Gineen,1
1005=,Ginni,1
1005=,Giorgia,1
1005=,Giselle,1
1005=,Grainne,1
1005=,Greta,1
1005=,Gulraiz,1
1005=,Gurjit,1
1005=,Gurkivtan,1
1005=,Gurpreet,1
1005=,Gursharn,1
1005=,Gurvinder,1
1005=,Gwyneth,1
1005=,Hadeal,1
1005=,Hadiyah,1
1005=,Hajira,1
1005=,Haleigh,1
1005=,Hanaa,1
1005=,Hania,1
1005=,Hanieh,1
1005=,Hanis,1
1005=,Hannah-Jane,1
1005=,Hardeep,1
1005=,Harpreet,1
1005=,Harri,1
1005=,Harveer,1
1005=,Hayan,1
1005=,Haylee,1
1005=,Haylie,1
1005=,Hazel-Ann,1
1005=,Hazell,1
1005=,Hazelle,1
1005=,Heba,1
1005=,Hebat-Allah,1
1005=,Hedeel,1
1005=,Helaina,1
1005=,Helen-Kate,1
1005=,Helene,1
1005=,Helle,1
1005=,Hellen,1
1005=,Hellena,1
1005=,Henah,1
1005=,Henritta,1
1005=,Hinna,1
1005=,Hinnah,1
1005=,Hirra,1
1005=,Hirrah,1
1005=,Hok,1
1005=,Holli,1
1005=,Hollie-Anne,1
1005=,Hollie-Louise,1
1005=,Holly-Ander,1
1005=,Hue,1
1005=,Hulya,1
1005=,Hyun,1
1005=,Iaisha,1
1005=,Ijeoma,1
1005=,Imane,1
1005=,Inez,1
1005=,Iownie,1
1005=,Irim,1
1005=,Isha,1
1005=,Islam,1
1005=,Isma,1
1005=,Ismaa,1
1005=,Ismay,1
1005=,Isra,1
1005=,Ivana,1
1005=,Ivy,1
1005=,Izara,1
1005=,Ja-Leen,1
1005=,Jacelyn,1
1005=,Jacinta,1
1005=,Jackaline,1
1005=,Jackie-Louise,1
1005=,Jacqualyn,1
1005=,Jacquelene,1
1005=,Jacquelyn-Jane,1
1005=,Jae,1
1005=,Jaidaa,1
1005=,Jaime-Lee,1
1005=,Jakki,1
1005=,Jamee,1
1005=,James,1
1005=,Jamesina,1
1005=,Jami,1
1005=,Jami-Lee,1
1005=,Jami-Leigh,1
1005=,Jamie-Leigh,1
1005=,Jamielee,1
1005=,Jamila,1
1005=,Janelle,1
1005=,Janey,1
1005=,Janine-Louise,1
1005=,Janis,1
1005=,Janitha,1
1005=,Jannah,1
1005=,Jaqueleen,1
1005=,Jasbir,1
1005=,Jasdeep,1
1005=,Jasmaine,1
1005=,Jasmin,1
1005=,Jasneet,1
1005=,Javairia,1
1005=,Javaria,1
1005=,Jaycey,1
1005=,Jeana,1
1005=,Jeanine,1
1005=,Jee-Yon,1
1005=,Jemima,1
1005=,Jeni,1
1005=,Jennafer,1
1005=,Jenni-May,1
1005=,Jennie,1
1005=,Jennilee,1
1005=,Jeraldine,1
1005=,Jerri,1
1005=,Jerricah,1
1005=,Jilli,1
1005=,Jilliann,1
1005=,Jillie,1
1005=,Jinty,1
1005=,Jo-Karis,1
1005=,Joann,1
1005=,Joanne-Lee,1
1005=,Joannie,1
1005=,Joclynne,1
1005=,Jodene,1
1005=,Joe-Ann,1
1005=,Joe-Lee,1
1005=,Joey,1
1005=,Johann,1
1005=,Johdi,1
1005=,Jolinda,1
1005=,Jonna,1
1005=,Jordon,1
1005=,Joss,1
1005=,Josslyn,1
1005=,Joy-Marie,1
1005=,Judi,1
1005=,Julianna,1
1005=,Julie-Marie,1
1005=,Julieanne,1
1005=,Julienne,1
1005=,Juliet,1
1005=,Juliette,1
1005=,Justina,1
1005=,Juveria,1
1005=,Kaela,1
1005=,Kaeleigh,1
1005=,Kaeleigh-Anne,1
1005=,Kaeryn,1
1005=,Kahina,1
1005=,Kaia,1
1005=,Kaily-Ann,1
1005=,Kaira,1
1005=,Kairo,1
1005=,Kaisha,1
1005=,Kaja,1
1005=,Kala,1
1005=,Kandy,1
1005=,Kanzy,1
1005=,Kar,1
1005=,Kareen,1
1005=,Karena,1
1005=,Karina-Marie,1
1005=,Karisse,1
1005=,Karlene,1
1005=,Karley,1
1005=,Karli,1
1005=,Karmen,1
1005=,Karrie,1
1005=,Karry,1
1005=,Karsar,1
1005=,Karynn,1
1005=,Kaseem,1
1005=,Kashat,1
1005=,Kasia,1
1005=,Kassi,1
1005=,Kasthuri,1
1005=,Katarzyna,1
1005=,Katelin,1
1005=,Katerina,1
1005=,Katey,1
1005=,Kathaleen,1
1005=,Katharina,1
1005=,Kathy,1
1005=,Katie-Anne,1
1005=,Katinka,1
1005=,Katrine,1
1005=,Katrisse,1
1005=,Katryn,1
1005=,Katyanne,1
1005=,Kaur,1
1005=,Kawthar,1
1005=,Kaylea,1
1005=,Kayleigh-Ann,1
1005=,Kayleigh-Anne,1
1005=,Kayren,1
1005=,Keara,1
1005=,Keather,1
1005=,Keerti,1
1005=,Keiley,1
1005=,Keilidh,1
1005=,Keirene,1
1005=,Kelda,1
1005=,Kelley,1
1005=,Kelliann,1
1005=,Kellie-Ann,1
1005=,Kelly-Lee,1
1005=,Kelly-Marie,1
1005=,Kellymarie,1
1005=,Kelsie,1
1005=,Keri-Ann,1
1005=,Keri-Anne,1
1005=,Kerina,1
1005=,Kerith,1
1005=,Kerr,1
1005=,Kerreen,1
1005=,Kerri-Louise,1
1005=,Kerrie-Ann,1
1005=,Kerrileah,1
1005=,Kerrin,1
1005=,Kerrylee,1
1005=,Kerstin,1
1005=,Keshia,1
1005=,Keyleigh,1
1005=,Keziah,1
1005=,Khadigia,1
1005=,Kharis,1
1005=,Kharlene,1
1005=,Khasha,1
1005=,Khawlah,1
1005=,Khylie,1
1005=,Kiara,1
1005=,Kieley,1
1005=,Kiely,1
1005=,Kiera,1
1005=,Kiki,1
1005=,Kiloran,1
1005=,Kimberley-Louis,1
1005=,Kimi,1
1005=,Kinza,1
1005=,Kiran,1
1005=,Kirby,1
1005=,Kiri,1
1005=,Kirnjit,1
1005=,Kirran,1
1005=,Kirren,1
1005=,Kirrie,1
1005=,Kirstey,1
1005=,Kirstina,1
1005=,Kirstine,1
1005=,Kirsty-Ann,1
1005=,Kirsty-Lee,1
1005=,Kirsty-Leigh,1
1005=,Kirsty-Marie,1
1005=,Kismet,1
1005=,Kit,1
1005=,Klair,1
1005=,Klara,1
1005=,Kleopatra,1
1005=,Kris,1
1005=,Krishma,1
1005=,Kriss,1
1005=,Krissi,1
1005=,Krysia,1
1005=,Krystie,1
1005=,Krystin,1
1005=,Krysty,1
1005=,Krystyana,1
1005=,Kumary,1
1005=,Kyle,1
1005=,Kyleen,1
1005=,Kyleigh,1
1005=,Kylie-Ann,1
1005=,Kyly,1
1005=,Kymberely,1
1005=,Kyme,1
1005=,Kymm,1
1005=,Kyran,1
1005=,Kyshiea,1
1005=,Lamees,1
1005=,Lani,1
1005=,Lanna,1
1005=,Lannair,1
1005=,Lapreet,1
1005=,Larabinda,1
1005=,Latasha,1
1005=,Laura-Jane,1
1005=,Laura-Jayne,1
1005=,Laura-Marie,1
1005=,Laurann,1
1005=,Laurella,1
1005=,Lauren-Aimee,1
1005=,Laurena,1
1005=,Laurie-Ann,1
1005=,Laurina,1
1005=,Laurissa,1
1005=,Lauryn,1
1005=,Lawana,1
1005=,Lawren,1
1005=,Lawrie,1
1005=,Layna,1
1005=,Lea-Anne,1
1005=,Leah-Anne,1
1005=,Leahann,1
1005=,Leeanna,1
1005=,Leelah,1
1005=,Leena,1
1005=,Leeona,1
1005=,Leigh-Amanda,1
1005=,Leighah,1
1005=,Leighona,1
1005=,Leighsa,1
1005=,Leonha,1
1005=,Leslay,1
1005=,Lesleyanne,1
1005=,Lessa,1
1005=,Leta,1
1005=,Leyann,1
1005=,Leyleh,1
1005=,Leza,1
1005=,Lezelle,1
1005=,Lhiara,1
1005=,Lia,1
1005=,Lian,1
1005=,Libby,1
1005=,Liesel,1
1005=,Liesha,1
1005=,Liezel,1
1005=,Lin-Marie,1
1005=,Lindamarie,1
1005=,Linday,1
1005=,Linden,1
1005=,Lindi,1
1005=,Lindsay-Ann,1
1005=,Lindsay-May,1
1005=,Linnhe,1
1005=,Linsi,1
1005=,Linzi-Claire,1
1005=,Liona,1
1005=,Lisa-Ann,1
1005=,Lisa-Anne,1
1005=,Lisaanne,1
1005=,Lisamay,1
1005=,Lisatina,1
1005=,Lisette,1
1005=,Lison,1
1005=,Lissa,1
1005=,Loaine,1
1005=,Lobna,1
1005=,Loran,1
1005=,Lorea,1
1005=,Loretta,1
1005=,Lorin,1
1005=,Louanna,1
1005=,Lowri,1
1005=,Luciana,1
1005=,Lucianna,1
1005=,Lucianne,1
1005=,Lucienne,1
1005=,Lucilla,1
1005=,Lucille,1
1005=,Lucyann,1
1005=,Ludmila,1
1005=,Lyanne,1
1005=,Lyndsay-May,1
1005=,Lyndsie,1
1005=,Lynnet,1
1005=,Lynsay-Anne,1
1005=,Lynse-Ann,1
1005=,Lynsi,1
1005=,Lysan,1
1005=,Lyzette,1
1005=,Madeline,1
1005=,Madelynne,1
1005=,Madihah,1
1005=,Madina,1
1005=,Mae,1
1005=,Maeghan,1
1005=,Maggie,1
1005=,Maham,1
1005=,Mahfuza,1
1005=,Mahri,1
1005=,Mairianne,1
1005=,Mairiclare,1
1005=,Makaisha,1
1005=,Makela,1
1005=,Malana,1
1005=,Maleeha,1
1005=,Malihah,1
1005=,Malisa,1
1005=,Man,1
1005=,Mandeep,1
1005=,Mandi,1
1005=,Manpreet,1
1005=,Mansha,1
1005=,Manveer,1
1005=,Marai,1
1005=,Marcy,1
1005=,Mardi,1
1005=,Mareena,1
1005=,Marelle,1
1005=,Maressa,1
1005=,Margaret-Anne,1
1005=,Margaretann,1
1005=,Margaretanne,1
1005=,Mari-Claire,1
1005=,Mari-Louise,1
1005=,Mariaa,1
1005=,Marica,1
1005=,Maricia,1
1005=,Mariclare,1
1005=,Marie-Ann,1
1005=,Marie-Anne,1
1005=,Marie-Clare,1
1005=,Marie-Elise,1
1005=,Marie-Frances,1
1005=,Marie-Louise,1
1005=,Marieclair,1
1005=,Marielle,1
1005=,Mariesa,1
1005=,Maris,1
1005=,Marisol,1
1005=,Marita,1
1005=,Marjory,1
1005=,Marlowe,1
1005=,Marrisha,1
1005=,Marrwa,1
1005=,Marsha,1
1005=,Marshall,1
1005=,Marta,1
1005=,Martina,1
1005=,Marwa,1
1005=,Mary-Anne,1
1005=,Mary-Ellen,1
1005=,Mary-Jane,1
1005=,Mary-Louise,1
1005=,Maryka,1
1005=,Maryon,1
1005=,Massarah,1
1005=,Matthew,1
1005=,Maxene,1
1005=,Maxime,1
1005=,Maxinne,1
1005=,Maxzene,1
1005=,Mckayla,1
1005=,Mdhia,1
1005=,Meagan,1
1005=,Meagen,1
1005=,Meaghan,1
1005=,Meena,1
1005=,Meenakshi,1
1005=,Meg,1
1005=,Megaen,1
1005=,Megha,1
1005=,Meghann,1
1005=,Megumi,1
1005=,Megyn,1
1005=,Meharine,1
1005=,Mei,1
1005=,Meighan,1
1005=,Meleia,1
1005=,Melissa-Anne,1
1005=,Mellaine,1
1005=,Mellisa,1
1005=,Merisa,1
1005=,Merlin,1
1005=,Mey,1
1005=,Mhairi-Anne,1
1005=,Mhairi-Claire,1
1005=,Mhairi-Clare,1
1005=,Mharhi,1
1005=,Mhariann,1
1005=,Mhoireen,1
1005=,Mi,1
1005=,Mia,1
1005=,Michael,1
1005=,Michaella,1
1005=,Michala,1
1005=,Micheala,1
1005=,Michela,1
1005=,Michelie,1
1005=,Michezle,1
1005=,Mikailla,1
1005=,Mikala,1
1005=,Mikayla,1
1005=,Mikhaela,1
1005=,Mikhaila,1
1005=,Mira,1
1005=,Miranda,1
1005=,Mircale,1
1005=,Miree,1
1005=,Mirella,1
1005=,Mirissa,1
1005=,Misbah,1
1005=,Mischa,1
1005=,Misha,1
1005=,Misty,1
1005=,Miyah,1
1005=,Mohammed,1
1005=,Molly,1
1005=,Momina,1
1005=,Momtaj,1
1005=,Mon,1
1005=,Monira,1
1005=,Monisha,1
1005=,Montague,1
1005=,Mora,1
1005=,Morina,1
1005=,Morveen,1
1005=,Morvern,1
1005=,Mukta,1
1005=,Muna,1
1005=,Munirah,1
1005=,Muniza,1
1005=,Mureen,1
1005=,Musonda,1
1005=,Mykaela,1
1005=,Myleen,1
1005=,Myoung-Sun,1
1005=,Myraid,1
1005=,Myriam,1
1005=,Naaila,1
1005=,Naanaz,1
1005=,Naba,1
1005=,Nabilah,1
1005=,Nadele,1
1005=,Nadia-Chelsay,1
1005=,Nadiah,1
1005=,Nadiya,1
1005=,Nadya,1
1005=,Naeema,1
1005=,Nafeesa,1
1005=,Nafeeza,1
1005=,Nafiessa,1
1005=,Nafisa,1
1005=,Nafisah,1
1005=,Nahdean,1
1005=,Nahlah,1
1005=,Naidia,1
1005=,Naiomi,1
1005=,Najette,1
1005=,Nakita,1
1005=,Nalane,1
1005=,Namrata,1
1005=,Nan,1
1005=,Nanar,1
1005=,Nandhita,1
1005=,Naomi-Louise,1
1005=,Nasira,1
1005=,Nasreen,1
1005=,Natalaigh,1
1005=,Natalie-Louise,1
1005=,Natascha,1
1005=,Natasha-Ka'ling,1
1005=,Natashia,1
1005=,Natasia,1
1005=,Nathalia,1
1005=,Natishe,1
1005=,Nattelle,1
1005=,Nazan,1
1005=,Nazish,1
1005=,Naziyah,1
1005=,Nazma,1
1005=,Necol,1
1005=,Neda,1
1005=,Neelim,1
1005=,Neely,1
1005=,Neena,1
1005=,Neheed,1
1005=,Neillian,1
1005=,Nesreen,1
1005=,Nevillie,1
1005=,Nia-Chantal,1
1005=,Niaesha,1
1005=,Nickaela,1
1005=,Nickayla,1
1005=,Nicola-Jane,1
1005=,Nicola-Michelle,1
1005=,Nicolee,1
1005=,Nicolette,1
1005=,Nicolla,1
1005=,Nicolle,1
1005=,Nicoya,1
1005=,Nida,1
1005=,Nienke,1
1005=,Nieve,1
1005=,Nikaila,1
1005=,Nikayla,1
1005=,Nikiela,1
1005=,Nikii,1
1005=,Nikkallah,1
1005=,Nikki-Jhinise,1
1005=,Nikki-Louise,1
1005=,Nikkii,1
1005=,Nikkita,1
1005=,Nikolle,1
1005=,Nilma,1
1005=,Nimisha,1
1005=,Nimraah,1
1005=,Nimran,1
1005=,Niomae,1
1005=,Niomi,1
1005=,Nisha,1
1005=,Nonkuthalo,1
1005=,Noor,1
1005=,Norma,1
1005=,Nuala,1
1005=,Nur,1
1005=,Nyaila,1
1005=,Nycola,1
1005=,Nydine,1
1005=,Nykaela,1
1005=,Nyla,1
1005=,Nyrie,1
1005=,Odile,1
1005=,Oiu,1
1005=,Ola,1
1005=,Oluwakemi,1
1005=,Olwen,1
1005=,Omayrah,1
1005=,Ommeshanay,1
1005=,Onalee,1
1005=,Orna,1
1005=,Ou,1
1005=,Ozmah,1
1005=,Paige,1
1005=,Pamala,1
1005=,Paola,1
1005=,Parisa,1
1005=,Pariss,1
1005=,Parveen,1
1005=,Pavan,1
1005=,Pavneet,1
1005=,Pavra,1
1005=,Pearl,1
1005=,Peigi,1
1005=,Perrie,1
1005=,Pery,1
1005=,Phakama,1
1005=,Pheona,1
1005=,Philomena,1
1005=,Piffanie,1
1005=,Piroska,1
1005=,Poi,1
1005=,Polly,1
1005=,Pollyanne,1
1005=,Pramjit,1
1005=,Preeti,1
1005=,Priyanjalee,1
1005=,Prue,1
1005=,Pryanka,1
1005=,Pui,1
1005=,Puja,1
1005=,Purmjeet,1
1005=,Purmjit,1
1005=,Queenie,1
1005=,Rabiya,1
1005=,Rachelanne,1
1005=,Rae,1
1005=,Raechel,1
1005=,Raeesa,1
1005=,Rafiat,1
1005=,Raha,1
1005=,Raheel,1
1005=,Raia,1
1005=,Raihana,1
1005=,Raisah,1
1005=,Rajni,1
1005=,Rajwant,1
1005=,Rajwinder,1
1005=,Ramela,1
1005=,Raminder,1
1005=,Ramona,1
1005=,Rani,1
1005=,Raonaid,1
1005=,Rashele,1
1005=,Rashelle,1
1005=,Rasul,1
1005=,Ratna,1
1005=,Ravinder,1
1005=,Ray,1
1005=,Rayfen,1
1005=,Razan,1
1005=,Reah,1
1005=,Rebbecca,1
1005=,Rebecca-Louise,1
1005=,Rebekka,1
1005=,Reema,1
1005=,Reena,1
1005=,Rehana,1
1005=,Rehnuma,1
1005=,Reighann,1
1005=,Reina,1
1005=,Rena,1
1005=,Rhada,1
1005=,Rhanna,1
1005=,Rhianna,1
1005=,Rhiannan-Helen,1
1005=,Rhiashannon,1
1005=,Rhiona,1
1005=,Rhoda,1
1005=,Ria,1
1005=,Rianne,1
1005=,Ricki,1
1005=,Rita,1
1005=,Roasheen,1
1005=,Robin,1
1005=,Robina,1
1005=,Robyiu,1
1005=,Robynn,1
1005=,Robynne,1
1005=,Rodina,1
1005=,Rogan,1
1005=,Rohini,1
1005=,Roisine,1
1005=,Roman,1
1005=,Romany,1
1005=,Romina,1
1005=,Romy,1
1005=,Roomeesa,1
1005=,Rosalin,1
1005=,Rosanagh,1
1005=,Roseanna,1
1005=,Rosella,1
1005=,Roselyn,1
1005=,Rosetta,1
1005=,Rosheen,1
1005=,Roshini,1
1005=,Roshna,1
1005=,Roshni,1
1005=,Rosina,1
1005=,Roslind,1
1005=,Roslynd,1
1005=,Ross,1
1005=,Rossi,1
1005=,Rowanne,1
1005=,Roxann,1
1005=,Roxanna,1
1005=,Roxanne-Maria,1
1005=,Roxburghe,1
1005=,Roxzahn,1
1005=,Roya,1
1005=,Rozanne,1
1005=,Rozlyn,1
1005=,Ruadh,1
1005=,Rucsanna,1
1005=,Ruebia,1
1005=,Ruksana,1
1005=,Rumena,1
1005=,Ruth-Anne,1
1005=,Ryan,1
1005=,Saary,1
1005=,Sabia,1
1005=,Sabika,1
1005=,Sabine,1
1005=,Sable,1
1005=,Sachiyo,1
1005=,Sadaf,1
1005=,Saeideh,1
1005=,Saffeya,1
1005=,Saffron,1
1005=,Safina,1
1005=,Saiema,1
1005=,Sakhya,1
1005=,Sakina,1
1005=,Sallie,1
1005=,Salwa,1
1005=,Sam,1
1005=,Samanja,1
1005=,Samantha-Ann,1
1005=,Samantha-Jo,1
1005=,Samantha-Lee,1
1005=,Samar,1
1005=,Samarra,1
1005=,Samatha,1
1005=,Sameena,1
1005=,Sameira,1
1005=,Samera,1
1005=,Samia,1
1005=,Samihah,1
1005=,Samira,1
1005=,Samma,1
1005=,Sammara,1
1005=,Sammia,1
1005=,Sammyjoe,1
1005=,Sanah,1
1005=,Saniya,1
1005=,Sannah,1
1005=,Santina,1
1005=,Sanya,1
1005=,Sara-Jane,1
1005=,Sarah-Amelia,1
1005=,Sarah-May,1
1005=,Sarahjane,1
1005=,Saraid,1
1005=,Sarekha,1
1005=,Sarh,1
1005=,Sathname,1
1005=,Scarlett,1
1005=,Sebrina,1
1005=,Sehaer-Shahid,1
1005=,Seharish,1
1005=,Seinead,1
1005=,Selena,1
1005=,Seona,1
1005=,Seonaide,1
1005=,Seonid,1
1005=,Sera,1
1005=,Sereen,1
1005=,Serina,1
1005=,Serra,1
1005=,Shabina,1
1005=,Shabnam,1
1005=,Shahada,1
1005=,Shaharona,1
1005=,Shaheena,1
1005=,Shahrouz,1
1005=,Shaina,1
1005=,Shalane,1
1005=,Shamaila,1
1005=,Shamala,1
1005=,Shamielah,1
1005=,Shana,1
1005=,Shanae,1
1005=,Shaneen,1
1005=,Shanine,1
1005=,Shannara,1
1005=,Shannel,1
1005=,Shantel,1
1005=,Shanza,1
1005=,Shara,1
1005=,Sharan,1
1005=,Sharee,1
1005=,Shareen,1
1005=,Sharmaine,1
1005=,Sharmeen,1
1005=,Sharn,1
1005=,Sharri,1
1005=,Sharrie,1
1005=,Shayla,1
1005=,Shazma,1
1005=,Sheena-Anne,1
1005=,Shehnaz,1
1005=,Shelana,1
1005=,Sheldon,1
1005=,Shelley-Anne,1
1005=,Shelley-Marie,1
1005=,Shelli,1
1005=,Shema,1
1005=,Sheng,1
1005=,Sherlene,1
1005=,Sherri,1
1005=,Sherril,1
1005=,Sherrylee,1
1005=,Sheryl-Louise,1
1005=,Sheryn,1
1005=,Shevonne,1
1005=,Shian,1
1005=,Shibhon,1
1005=,Shilaine,1
1005=,Shirea,1
1005=,Shirlee,1
1005=,Shirn,1
1005=,Shirras,1
1005=,Shivaun,1
1005=,Shivonne,1
1005=,Shona-May,1
1005=,Shonah,1
1005=,Shook,1
1005=,Shyla,1
1005=,Shymai,1
1005=,Sian-Day,1
1005=,Sianne,1
1005=,Siara,1
1005=,Sidhean,1
1005=,Sidney,1
1005=,Sidra,1
1005=,Sidrah,1
1005=,Sigrun,1
1005=,Simona,1
1005=,Simonne,1
1005=,Simrit,1
1005=,Sina,1
1005=,Sinita,1
1005=,Siobbhan,1
1005=,Siobham,1
1005=,Siobhann,1
1005=,Siobhen,1
1005=,Siobhian,1
1005=,Siobhon,1
1005=,Sirin,1
1005=,Siritta,1
1005=,Siu,1
1005=,Siusan,1
1005=,Sky,1
1005=,Skye,1
1005=,Skylar,1
1005=,Smerah,1
1005=,Soay,1
1005=,Sobian,1
1005=,Sofie,1
1005=,Solveig,1
1005=,Solvejg,1
1005=,Somayah,1
1005=,Sondas,1
1005=,Soneila,1
1005=,Sonja,1
1005=,Sopheela,1
1005=,Sophie-Louise,1
1005=,Stacey-Joe,1
1005=,Stacey-Louise,1
1005=,Starlight,1
1005=,Stefaine,1
1005=,Steffenie,1
1005=,Steffi,1
1005=,Steffie,1
1005=,Steffoni,1
1005=,Stephani,1
1005=,Stephanie-Jade,1
1005=,Stephanie-Louis,1
1005=,Stephannie,1
1005=,Stephen,1
1005=,Stephenni,1
1005=,Stephennie,1
1005=,Steven,1
1005=,Stevie-Jo,1
1005=,Stevie-Lea,1
1005=,Stroma,1
1005=,Stuart,1
1005=,Suanne,1
1005=,Sudesh,1
1005=,Sue,1
1005=,Sukdave,1
1005=,Sukhveer,1
1005=,Sukhvir,1
1005=,Sukweer,1
1005=,Sultana,1
1005=,Suman,1
1005=,Sumara,1
1005=,Sumeyyah,1
1005=,Sumrah,1
1005=,Suna,1
1005=,Sunah,1
1005=,Sunam,1
1005=,Sunia,1
1005=,Sunita,1
1005=,Surinder,1
1005=,Suriya,1
1005=,Susana,1
1005=,Susann,1
1005=,Susannah-Jane,1
1005=,Susie,1
1005=,Sussie,1
1005=,Suvi,1
1005=,Suzannah,1
1005=,Suzi,1
1005=,Suzie,1
1005=,Suzy,1
1005=,Sylvana,1
1005=,Syma,1
1005=,Syra,1
1005=,Syrah,1
1005=,Tabbitha,1
1005=,Tahira,1
1005=,Tahmina,1
1005=,Tahseen,1
1005=,Talitha,1
1005=,Talseem,1
1005=,Tamar,1
1005=,Tamarha,1
1005=,Tamela,1
1005=,Tamla,1
1005=,Tammarah,1
1005=,Tammi,1
1005=,Tamsyn,1
1005=,Tamzin,1
1005=,Tamzyn,1
1005=,Tania,1
1005=,Tanice,1
1005=,Taniko,1
1005=,Tanis,1
1005=,Tanzeelah,1
1005=,Tao,1
1005=,Tara-Louise,1
1005=,Taranjeet,1
1005=,Tarnjit,1
1005=,Tarra,1
1005=,Tarryn,1
1005=,Taryn,1
1005=,Tassie,1
1005=,Tatiana,1
1005=,Tay,1
1005=,Tayba,1
1005=,Tayler,1
1005=,Tazahara,1
1005=,Teena,1
1005=,Tegan,1
1005=,Telea,1
1005=,Tengku,1
1005=,Tenika,1
1005=,Terese,1
1005=,Terri-Jan,1
1005=,Tess,1
1005=,Thabat,1
1005=,Theodora,1
1005=,Therese,1
1005=,Tiffaney,1
1005=,Tila,1
1005=,Tomma,1
1005=,Tommy,1
1005=,Toni-Ann,1
1005=,Toni-Anne,1
1005=,Toni-Louise,1
1005=,Toni-Marie,1
1005=,Toniann,1
1005=,Tonianne,1
1005=,Traighana,1
1005=,Tricia,1
1005=,Trudy,1
1005=,Tuesday,1
1005=,Tyesha,1
1005=,Tyffany,1
1005=,Tyler,1
1005=,Umamah,1
1005=,Ursulla,1
1005=,Uzoamaka,1
1005=,Vahri,1
1005=,Valentina,1
1005=,Valerie-Claire,1
1005=,Valli,1
1005=,Vanda,1
1005=,Vanna,1
1005=,Vannessa,1
1005=,Vharri,1
1005=,Vibhuti,1
1005=,Vien,1
1005=,Vijaya,1
1005=,Vikki-Louise,1
1005=,Vinashini,1
1005=,Virginia,1
1005=,Vivian,1
1005=,Wai-Man,1
1005=,Wai-Yan,1
1005=,Wai-Yee,1
1005=,Wajeeha,1
1005=,Wesun,1
1005=,Williamina,1
1005=,Yannie,1
1005=,Yasemeen,1
1005=,Yhasmin,1
1005=,Yimen,1
1005=,Yiu,1
1005=,Yok,1
1005=,Yuen,1
1005=,Yuk,1
1005=,Zafira,1
1005=,Zahira,1
1005=,Zahra,1
1005=,Zahrah,1
1005=,Zakia,1
1005=,Zakiyah,1
1005=,Zalaekha,1
1005=,Zandora,1
1005=,Zandra,1
1005=,Zara-Anne,1
1005=,Zarah,1
1005=,Zarrah,1
1005=,Zaylie,1
1005=,Zaynab,1
1005=,Zeenah,1
1005=,Zeita,1
1005=,Zenab,1
1005=,Zhara,1
1005=,Zoeanne,1
1005=,Zofia,1
1005=,Zosha,1
1005=,Zulehuma,1
1005=,Zyrah,1
