Position,Name,Number of babies
1,Emma,1033
2,Laura,780
3,Stephanie,735
4,Sarah,678
5,Lauren,600
6,Rebecca,591
7,Kirsty,586
8,Rachel,542
9,Claire,525
10,Nicole,522
11,Jennifer,507
12,Amy,501
13,Danielle,494
14,Samantha,473
15,Nicola,450
16=,Lisa,406
16=,Louise,406
18,Gemma,387
19,Natalie,365
20,Stacey,326
21,Jade,319
22,Ashley,311
23,Megan,306
24,Hannah,289
25,Ashleigh,266
26,Amanda,259
27,Rachael,254
28,Fiona,252
29,Heather,232
30,Victoria,227
31,Natasha,221
32,Kayleigh,214
33,Melissa,210
34,Michelle,207
35,Kerry,202
36,Katie,194
37,Gillian,193
38,Kimberley,185
39,Chloe,183
40,Siobhan,172
41,Kelly,171
42,Hayley,164
43=,Caitlin,163
43=,Cheryl,163
45=,Sophie,158
45=,Zoe,158
47,Leanne,153
48,Robyn,152
49,Eilidh,142
50,Holly,141
51,Chelsea,139
52,Erin,138
53=,Elizabeth,137
53=,Emily,137
55,Karen,136
56,Jodie,135
57,Joanne,129
58,Catherine,127
59,Kirsten,121
60,Jenna,118
61,Catriona,117
62,Lucy,115
63,Lynsey,113
64,Jessica,111
65=,Alison,110
65=,Clare,110
67,Charlotte,105
68,Anna,100
69,Kathryn,98
70=,Paula,90
70=,Ruth,90
72,Deborah,89
73=,Aimee,88
73=,Mhairi,88
75,Julie,87
76,Christina,85
77,Jacqueline,84
78=,Donna,82
78=,Jemma,82
80=,Alexandra,81
80=,Suzanne,81
82=,Alana,80
82=,Lindsay,80
84,Nikki,78
85,Caroline,77
86,Joanna,76
87=,Dawn,75
87=,Pamela,75
89=,Katherine,74
89=,Kirstie,74
91=,Helen,73
91=,Leigh,73
93=,Kerri,72
93=,Lorna,72
95,Shona,71
96=,Hazel,70
96=,Shannon,70
98,Naomi,69
99,Sara,67
100,Cara,66
101,Toni,65
102=,Linzi,64
102=,Susan,64
104,Kimberly,63
105,Debbie,61
106,Lesley,60
107,Adele,59
108=,Christine,57
108=,Nicolle,57
110=,Carly,56
110=,Sinead,56
112,Katrina,55
113,Michaela,54
114=,Amber,53
114=,Terri,53
116,Elaine,52
117=,Charlene,51
117=,Kathleen,51
117=,Stacy,51
120=,Hollie,50
120=,Lynne,50
120=,Shelley,50
123=,Jane,49
123=,Kate,49
123=,Margaret,49
126=,Mairi,48
126=,Rebekah,48
128=,Andrea,47
128=,Jillian,47
128=,Lyndsay,47
128=,Nadine,47
132,Kim,46
133=,Alice,45
133=,Angela,45
133=,Carla,45
136,Iona,44
137=,Ailsa,43
137=,Jill,43
137=,Mary,43
137=,Maxine,43
141=,Lorraine,42
141=,Lyndsey,42
141=,Lynn,42
144=,Carrie,41
144=,Maria,41
146,Courtney,40
147,Rhona,39
148=,Abigail,38
148=,Kara,38
148=,Katy,38
151=,Abby,37
151=,Ainsley,37
151=,Jordan,37
154=,Bethany,36
154=,Julia,36
154=,Olivia,36
154=,Paige,36
154=,Roisin,36
159=,Eleanor,35
159=,Melanie,35
159=,Sharon,35
159=,Vicky,35
163=,Kirstin,34
163=,Nadia,34
163=,Yvonne,34
166=,Carol,33
166=,Tammy,33
168=,Demi,32
168=,Diane,32
168=,Dionne,32
168=,Jamie,32
168=,Kelsey,32
168=,Leah,32
168=,Mandy,32
168=,Meghan,32
176,Colette,31
177=,Amie,30
177=,Lindsey,30
177=,Sally,30
177=,Tanya,30
177=,Vicki,30
177=,Zara,30
183=,Frances,29
183=,Marie,29
185=,Isla,28
185=,Justine,28
187=,Denise,27
187=,Jasmine,27
187=,Kerrie,27
187=,Vikki,27
191=,April,26
191=,Chelsey,26
191=,Francesca,26
191=,Lori,26
191=,Rosemary,26
196=,Brogan,25
196=,Ellis,25
196=,Lara,25
196=,Simone,25
196=,Tracy,25
201=,Abbie,24
201=,Beth,24
201=,Dannielle,24
201=,Jenny,24
201=,Louisa,24
206=,Anne,23
206=,Cassandra,23
206=,Chantelle,23
206=,Gayle,23
206=,Jodi,23
206=,Patricia,23
206=,Rosie,23
206=,Tracey,23
206=,Vanessa,23
215=,Grace,22
215=,Josephine,22
215=,Nichola,22
215=,Sian,22
215=,Stefanie,22
220=,Allana,21
220=,Colleen,21
220=,Eve,21
220=,Sophia,21
220=,Yasmin,21
225=,Annie,20
225=,Ciara,20
225=,Gail,20
225=,Kristina,20
225=,Sarah-Jane,20
230=,Clair,19
230=,Laurie,19
230=,Morag,19
230=,Rhiannon,19
230=,Stacie,19
230=,Teri,19
236=,Alix,18
236=,Bryony,18
236=,Carolyn,18
236=,Ellen,18
236=,Georgina,18
236=,Linda,18
236=,Morgan,18
236=,Sheryl,18
244=,Alannah,17
244=,Alyson,17
244=,Collette,17
244=,Emma-Louise,17
244=,Faye,17
244=,Hayleigh,17
244=,Morven,17
244=,Sonia,17
244=,Tara,17
253=,Aileen,16
253=,Alanna,16
253=,Christie,16
253=,Jayne,16
253=,Keri,16
253=,Pauline,16
259=,Briony,15
259=,Cherie,15
259=,Connie,15
259=,Harriet,15
259=,Johanna,15
259=,Judith,15
259=,Kellie,15
259=,Kirsteen,15
259=,Leeann,15
259=,Leona,15
259=,Lynsay,15
259=,Monica,15
259=,Rose,15
259=,Sarah-Louise,15
259=,Shaunna,15
259=,Staci,15
275=,Alanah,14
275=,Alicia,14
275=,Ann,14
275=,Arlene,14
275=,Karina,14
275=,Karis,14
275=,Lee,14
275=,Shauna,14
275=,Sheree,14
284=,Alisha,13
284=,Coral,13
284=,Debra,13
284=,Erica,13
284=,Georgia,13
284=,Hope,13
284=,Leeanne,13
284=,Linsey,13
284=,Molly,13
284=,Rochelle,13
294=,Allison,12
294=,Antonia,12
294=,Candice,12
294=,Cassie,12
294=,Corrie,12
294=,Daniella,12
294=,Haley,12
294=,Jasmin,12
294=,Karyn,12
294=,Lois,12
294=,Marianne,12
294=,Nina,12
294=,Philippa,12
294=,Roxanne,12
308=,Aisha,11
308=,Camilla,11
308=,Dana,11
308=,Dianne,11
308=,Flora,11
308=,Gabriella,11
308=,Imogen,11
308=,Leigh-Ann,11
308=,Leigh-Anne,11
308=,Marion,11
308=,Miriam,11
308=,Sandra,11
308=,Tiffany,11
308=,Wendy,11
322=,Amelia,10
322=,Ami,10
322=,Bethan,10
322=,Charmaine,10
322=,Esther,10
322=,Katharine,10
322=,Kerryann,10
322=,Martha,10
322=,Rona,10
322=,Rosanna,10
322=,Sasha,10
322=,Shauni,10
322=,Shereen,10
335=,Ailie,9
335=,Ainslie,9
335=,Alexis,9
335=,Ann-Marie,9
335=,Ayesha,9
335=,Becky,9
335=,Brittany,9
335=,Chanelle,9
335=,Corinne,9
335=,Fern,9
335=,Gabrielle,9
335=,Janine,9
335=,Jay,9
335=,Jody,9
335=,Keira,9
335=,Leonie,9
335=,Linsay,9
335=,Loren,9
335=,Nikita,9
335=,Roseanne,9
335=,Roslyn,9
335=,Tamara,9
335=,Tammi,9
335=,Valerie,9
359=,Anne-Marie,8
359=,Annmarie,8
359=,Bianca,8
359=,Caitlyn,8
359=,Cally,8
359=,Christy,8
359=,Daryl,8
359=,Geraldine,8
359=,Jaclyn,8
359=,Jayde,8
359=,Kaitlin,8
359=,Kay,8
359=,Lana,8
359=,Lee-Anne,8
359=,Leila,8
359=,Lianne,8
359=,Madeleine,8
359=,Michele,8
359=,Seonaid,8
359=,Stephenie,8
379=,Adelle,7
379=,Allyson,7
379=,Amina,7
379=,Annabel,7
379=,Audrey,7
379=,Bernadette,7
379=,Blair,7
379=,Bronwyn,7
379=,Brooke,7
379=,Carolann,7
379=,Carolanne,7
379=,Eva,7
379=,Evelyn,7
379=,Gina,7
379=,Hilary,7
379=,Jackie,7
379=,Jaimie,7
379=,Jamie-Lee,7
379=,Janet,7
379=,Juliet,7
379=,Kaleigh,7
379=,Karly,7
379=,Katriona,7
379=,Keighley,7
379=,Kelly-Marie,7
379=,Kerry-Ann,7
379=,Leighanne,7
379=,Lily,7
379=,Lisa-Marie,7
379=,Liza,7
379=,Lucinda,7
379=,Marissa,7
379=,Mikaela,7
379=,Penny,7
379=,Rosalind,7
379=,Rowan,7
379=,Sadia,7
379=,Sana,7
379=,Shelby,7
379=,Skye,7
379=,Stevie,7
379=,Tamsin,7
379=,Teresa,7
422=,Abbey,6
422=,Abbi,6
422=,Aimie,6
422=,Alexandria,6
422=,Caron,6
422=,Catrina,6
422=,Dayna,6
422=,Diana,6
422=,Ella,6
422=,Elspeth,6
422=,Freya,6
422=,Hailey,6
422=,Harley,6
422=,Helena,6
422=,Jean,6
422=,Jolene,6
422=,Kelsie,6
422=,Kiran,6
422=,Lucia,6
422=,Paris,6
422=,Phoebe,6
422=,Rosalyn,6
422=,Sammy,6
422=,Selina,6
422=,Shannen,6
422=,Sharlene,6
422=,Shirley,6
422=,Stephannie,6
422=,Susannah,6
422=,Susanne,6
422=,Theresa,6
422=,Veronica,6
454=,Ainsleigh,5
454=,Amna,5
454=,Annemarie,5
454=,Barbara,5
454=,Beverley,5
454=,Billie,5
454=,Carmen,5
454=,Carol-Ann,5
454=,Caryn,5
454=,Casey,5
454=,Ceri,5
454=,Charis,5
454=,Charley,5
454=,Clara,5
454=,Corinna,5
454=,Crystal,5
454=,Daniela,5
454=,Danika,5
454=,Deanna,5
454=,Dee,5
454=,Devon,5
454=,Eileen,5
454=,Eilish,5
454=,Ellie,5
454=,Eloise,5
454=,Emma-Jane,5
454=,Faith,5
454=,Florence,5
454=,Gaynor,5
454=,Gwen,5
454=,Isabella,5
454=,Jamie-Leigh,5
454=,Jamielee,5
454=,Janice,5
454=,Joni,5
454=,Joy,5
454=,Kaitlyn,5
454=,Karla,5
454=,Kaye,5
454=,Kirstine,5
454=,Kristen,5
454=,Kristi,5
454=,Kristie,5
454=,Kylie,5
454=,Kym,5
454=,Lacey,5
454=,Larissa,5
454=,Layla,5
454=,Lee-Ann,5
454=,Leigha,5
454=,Leighann,5
454=,Leoni,5
454=,Leonna,5
454=,Lora,5
454=,Luisa,5
454=,Lyn,5
454=,Lynette,5
454=,Lynzi,5
454=,Mari,5
454=,Mariam,5
454=,Marina,5
454=,Marnie,5
454=,Meggan,5
454=,Mellisa,5
454=,Mhari,5
454=,Monique,5
454=,Nathalie,5
454=,Nisha,5
454=,Polly,5
454=,Rabia,5
454=,Rhea,5
454=,Rhianna,5
454=,Roberta,5
454=,Sadie,5
454=,Sandie,5
454=,Serena,5
454=,Shareen,5
454=,Shonagh,5
454=,Steffany,5
454=,Steffi,5
454=,Susanna,5
454=,Tabitha,5
454=,Tania,5
454=,Tegan,5
454=,Tina,5
454=,Vivian,5
454=,Vivienne,5
454=,Zoey,5
542=,Agnes,4
542=,Aimi,4
542=,Aisling,4
542=,Alex,4
542=,Alexa,4
542=,Alisa,4
542=,Allanah,4
542=,Allannah,4
542=,Alyssa,4
542=,Amira,4
542=,Ammie,4
542=,Anam,4
542=,Anisa,4
542=,Arran,4
542=,Caris,4
542=,Carrie-Ann,4
542=,Carron,4
542=,Cathryn,4
542=,Chelsie,4
542=,Claudine,4
542=,Coleen,4
542=,Corrina,4
542=,Corrine,4
542=,Danni,4
542=,Danya,4
542=,Darcy,4
542=,Darlene,4
542=,Debbi,4
542=,Dominique,4
542=,Elinor,4
542=,Elisabeth,4
542=,Elisha,4
542=,Erika,4
542=,Esme,4
542=,Farah,4
542=,Fatima,4
542=,Genna,4
542=,Henna,4
542=,Holli,4
542=,India,4
542=,Iqra,4
542=,Irene,4
542=,Jaime,4
542=,Janey,4
542=,Jenni,4
542=,Jocelyn,4
542=,Jordyn,4
542=,Kali,4
542=,Kayley,4
542=,Keren,4
542=,Kerri-Ann,4
542=,Kerry-Anne,4
542=,Kiera,4
542=,Kirsti,4
542=,Kristy,4
542=,Laura-Jane,4
542=,Lauryn,4
542=,Leann,4
542=,Levi,4
542=,Lucie,4
542=,Lynda,4
542=,Madeline,4
542=,Mairi-Claire,4
542=,Marisa,4
542=,Mary-Jane,4
542=,Nadeen,4
542=,Natalia,4
542=,Niamh,4
542=,Niomi,4
542=,Penelope,4
542=,Rae,4
542=,Rhian,4
542=,Rhianne,4
542=,Ria,4
542=,Riona,4
542=,Sabrina,4
542=,Sacha,4
542=,Saima,4
542=,Saskia,4
542=,Seona,4
542=,Shaunie,4
542=,Sheena,4
542=,Shelly,4
542=,Steffanie,4
542=,Suzanna,4
542=,Sylvia,4
542=,Viki,4
542=,Virginia,4
542=,Vivien,4
542=,Wing,4
542=,Yvette,4
542=,Zainab,4
634=,Adrienne,3
634=,Aidan,3
634=,Ailis,3
634=,Aiysha,3
634=,Alesha,3
634=,Amberley,3
634=,Ambreen,3
634=,Angelina,3
634=,Annabelle,3
634=,Arleen,3
634=,Asha,3
634=,Ashlee,3
634=,Ashliegh,3
634=,Aston,3
634=,Avril,3
634=,Aynsley,3
634=,Beverly,3
634=,Brodie,3
634=,Bronagh,3
634=,Bushra,3
634=,Caley,3
634=,Callie,3
634=,Camille,3
634=,Carina,3
634=,Carley,3
634=,Carys,3
634=,Cathrine,3
634=,Chanel,3
634=,Charlie,3
634=,Cher,3
634=,Cherise,3
634=,Cheryll,3
634=,Cheyenne,3
634=,Chrystal,3
634=,Constance,3
634=,Courtnay,3
634=,Cristina,3
634=,Daisy,3
634=,Dale,3
634=,Danica,3
634=,Darryl,3
634=,Deanne,3
634=,Deena,3
634=,Dora,3
634=,Eirinn,3
634=,Elisa,3
634=,Elise,3
634=,Eryn,3
634=,Evonne,3
634=,Fay,3
634=,Felicity,3
634=,Gael,3
634=,Genevieve,3
634=,Hanna,3
634=,Inga,3
634=,Ingrid,3
634=,Iram,3
634=,Isabel,3
634=,Isobel,3
634=,Jacquelyn,3
634=,Jacqui,3
634=,Jaimi,3
634=,Jakki,3
634=,Janette,3
634=,Janna,3
634=,Jena,3
634=,Jennafer,3
634=,Jennie,3
634=,Jessie,3
634=,Jilly,3
634=,Jo-Anne,3
634=,Jordanne,3
634=,Jordin,3
634=,Joyce,3
634=,Judy,3
634=,Julie-Ann,3
634=,Julie-Anne,3
634=,June,3
634=,Kaley,3
634=,Karena,3
634=,Kari,3
634=,Karin,3
634=,Karine,3
634=,Karli,3
634=,Katelyn,3
634=,Kayliegh,3
634=,Kayren,3
634=,Kelly-Anne,3
634=,Kellyann,3
634=,Kellyanne,3
634=,Kelsy,3
634=,Kendal,3
634=,Kirsty-Ann,3
634=,Kirstyn,3
634=,Laura-Ann,3
634=,Laureen,3
634=,Lea,3
634=,Lesley-Ann,3
634=,Leyla,3
634=,Leza,3
634=,Linzie,3
634=,Lisa-Anne,3
634=,Lissa,3
634=,Lorne,3
634=,Lydia,3
634=,Madelaine,3
634=,Madison,3
634=,Mairead,3
634=,Mallory,3
634=,Marcella,3
634=,Maree,3
634=,Mariel,3
634=,Marni,3
634=,Martina,3
634=,Martine,3
634=,Maureen,3
634=,Mica,3
634=,Miranda,3
634=,Morgen,3
634=,Nakita,3
634=,Narelle,3
634=,Nazia,3
634=,Nichole,3
634=,Nicki,3
634=,Nikole,3
634=,Oonagh,3
634=,Phillipa,3
634=,Rachelle,3
634=,Rea,3
634=,Regan,3
634=,Rio,3
634=,Roseanna,3
634=,Rosemarie,3
634=,Rowena,3
634=,Ruby,3
634=,Sahar,3
634=,Saira,3
634=,Salma,3
634=,Sam,3
634=,Sanah,3
634=,Sandi,3
634=,Sara-Jane,3
634=,Sarah-Jayne,3
634=,Sarahlouise,3
634=,Sascha,3
634=,Scarlett,3
634=,Sehar,3
634=,Seonagh,3
634=,Shari,3
634=,Sharleen,3
634=,Sheila,3
634=,Shellie,3
634=,Sheona,3
634=,Sheridan,3
634=,Sherie,3
634=,Sidrah,3
634=,Siobhon,3
634=,Sky,3
634=,Sofia,3
634=,Sorcha,3
634=,Stacey-Louise,3
634=,Steffani,3
634=,Stella,3
634=,Suzannah,3
634=,Syeda,3
634=,Tasha,3
634=,Taylor,3
634=,Terry,3
634=,Thea,3
634=,Vari,3
634=,Vhairi,3
634=,Yasmine,3
634=,Zunera,3
807=,Abbigail,2
807=,Afton,2
807=,Aishah,2
807=,Aleasha,2
807=,Aleisha,2
807=,Alexandrea,2
807=,Ali,2
807=,Alia,2
807=,Alissa,2
807=,Alysha,2
807=,Amber-Leigh,2
807=,Amera,2
807=,Ami-Louise,2
807=,Amy-Louise,2
807=,Andi,2
807=,Aneeqa,2
807=,Angeline,2
807=,Anisah,2
807=,Annalise,2
807=,Annamarie,2
807=,Anneliese,2
807=,Anthea,2
807=,Anum,2
807=,Arianna,2
807=,Ashlene,2
807=,Ashlie,2
807=,Ashly,2
807=,Autumn,2
807=,Ayleigh,2
807=,Belinda,2
807=,Bella,2
807=,Billie-Jo,2
807=,Blaire,2
807=,Bobbi,2
807=,Bonnie,2
807=,Brianna,2
807=,Bronte,2
807=,Cailin,2
807=,Cairistiona,2
807=,Candace,2
807=,Caoimhe,2
807=,Caren,2
807=,Carey,2
807=,Carol-Anne,2
807=,Carole,2
807=,Carrie-Anne,2
807=,Cassy,2
807=,Cathleen,2
807=,Cecilia,2
807=,Chamaine,2
807=,Chelcie,2
807=,Chellsey,2
807=,Chelsea-Ann,2
807=,Chelsi,2
807=,Chelsy,2
807=,Cherith,2
807=,Chermaine,2
807=,Chiara,2
807=,Christa,2
807=,Christiana,2
807=,Christianne,2
807=,Cindy,2
807=,Cody,2
807=,Colene,2
807=,Coreen,2
807=,Corran,2
807=,Corrinne,2
807=,Cynthia,2
807=,Dannii,2
807=,Danyelle,2
807=,Darcey,2
807=,Davina,2
807=,Debbie-Anne,2
807=,Debby,2
807=,Deniece,2
807=,Disa,2
807=,Doreen,2
807=,Dorothy,2
807=,Ekaterini,2
807=,Eliza,2
807=,Elsa,2
807=,Elyse,2
807=,Elysia,2
807=,Emmalouise,2
807=,Erinn,2
807=,Errin,2
807=,Faizah,2
807=,Farren,2
807=,Fionn,2
807=,Fionna,2
807=,Frankie,2
807=,Freda,2
807=,Gemma-Louise,2
807=,Gena,2
807=,Georgie,2
807=,Gill,2
807=,Glenda,2
807=,Gloria,2
807=,Gurmeet,2
807=,Gurpreet,2
807=,Harpreet,2
807=,Hazell,2
807=,Heidi,2
807=,Henrietta,2
807=,Honor,2
807=,Ifrah,2
807=,Ilona,2
807=,Isha,2
807=,Jace,2
807=,Jai,2
807=,Jamie-Anne,2
807=,Jan,2
807=,Janie,2
807=,Jaye,2
807=,Jaynie,2
807=,Jazmine,2
807=,Jazzmin,2
807=,Jeanette,2
807=,Jenifer,2
807=,Jo,2
807=,Joann,2
807=,Jordana,2
807=,Jordann,2
807=,Josie,2
807=,Julianna,2
807=,Julianne,2
807=,Julieanne,2
807=,Juliette,2
807=,Kai,2
807=,Kairen,2
807=,Kari-Anne,2
807=,Katie-Jo,2
807=,Katie-Louise,2
807=,Katrine,2
807=,Kayla,2
807=,Kaylee,2
807=,Kayleigh-Anne,2
807=,Kaylie,2
807=,Kellie-Marie,2
807=,Kendra,2
807=,Kerri-Anne,2
807=,Kerrin,2
807=,Kerstin,2
807=,Keziah,2
807=,Khadija,2
807=,Kharis,2
807=,Kiren,2
807=,Kirsty-Louise,2
807=,Kizzy,2
807=,Krista,2
807=,Kristeen,2
807=,Krystal,2
807=,Kyle,2
807=,Laila,2
807=,Laura-Anne,2
807=,Lauri,2
807=,Laurin,2
807=,Lea-Ann,2
807=,Lea-Anne,2
807=,Leanna,2
807=,Leisa,2
807=,Lena,2
807=,Leonora,2
807=,Lesley-Anne,2
807=,Leslie,2
807=,Letitia,2
807=,Lettice,2
807=,Liana,2
807=,Lilian,2
807=,Lisamarie,2
807=,Lorianne,2
807=,Lorin,2
807=,Lynnette,2
807=,Magan,2
807=,Malak,2
807=,Mandi,2
807=,Marian,2
807=,Marie-Claire,2
807=,Marilyn,2
807=,Marlene,2
807=,Marta,2
807=,Marwa,2
807=,Maryam,2
807=,Maxene,2
807=,Maya,2
807=,Meagan,2
807=,Melisa,2
807=,Mellissa,2
807=,Melody,2
807=,Meredith,2
807=,Merryn,2
807=,Mia,2
807=,Micha,2
807=,Michaella,2
807=,Moira,2
807=,Morna,2
807=,Moya,2
807=,Munpreet,2
807=,Myriam,2
807=,Nancy,2
807=,Natallie,2
807=,Necole,2
807=,Nicholle,2
807=,Nickie,2
807=,Nickola,2
807=,Nikhita,2
807=,Nikkita,2
807=,Nikola,2
807=,Noreen,2
807=,Nyree,2
807=,Omera,2
807=,Orla,2
807=,Phillippa,2
807=,Pooja,2
807=,Rakhee,2
807=,Raquel,2
807=,Reanna,2
807=,Rebecka,2
807=,Rebeka,2
807=,Rebekka,2
807=,Rena,2
807=,Rhanna,2
807=,Rhia,2
807=,Rhiann,2
807=,Rhonda,2
807=,Riah,2
807=,Riana,2
807=,Rianna,2
807=,Rianne,2
807=,Robin,2
807=,Rohana,2
807=,Roma,2
807=,Romaine,2
807=,Rosein,2
807=,Roya,2
807=,Saffron,2
807=,Saimah,2
807=,Samantha-Jane,2
807=,Samina,2
807=,Samira,2
807=,Sara-Louise,2
807=,Sarah-Ann,2
807=,Savannah,2
807=,Seanna,2
807=,Sehrish,2
807=,Seonaidh,2
807=,Shama,2
807=,Shan,2
807=,Shanel,2
807=,Shanna,2
807=,Shannan,2
807=,Shantell,2
807=,Sharelle,2
807=,Sharene,2
807=,Sharondeep,2
807=,Shaunice,2
807=,Shawnee,2
807=,Shazia,2
807=,Shelbie,2
807=,Shellby,2
807=,Sher,2
807=,Sherridan,2
807=,Sherrie,2
807=,Shinead,2
807=,Shiree,2
807=,Shireen,2
807=,Siama,2
807=,Sianna,2
807=,Siannon,2
807=,Sion,2
807=,Sobia,2
807=,Sonam,2
807=,Sonya,2
807=,Sophy,2
807=,Soraya,2
807=,Stefania,2
807=,Stephany,2
807=,Stevi,2
807=,Sunita,2
807=,Suzy,2
807=,Sylvie,2
807=,Tami,2
807=,Tammie,2
807=,Tazmin,2
807=,Terri-Anne,2
807=,Terrie,2
807=,Trisha,2
807=,Una,2
807=,Valentina,2
807=,Verity,2
807=,Vhari,2
807=,Whitney,2
807=,Yasemin,2
1100=,Aamna,1
1100=,Aaron,1
1100=,Aasiyah,1
1100=,Abaigeal,1
1100=,Abbeygail,1
1100=,Abbeygale,1
1100=,Abbroo,1
1100=,Abeer,1
1100=,Abneet,1
1100=,Adara,1
1100=,Addolorata,1
1100=,Ade'le,1
1100=,Adeinne,1
1100=,Adeline,1
1100=,Adrian,1
1100=,Adriana,1
1100=,Adrianne,1
1100=,Adriene,1
1100=,Aeisha,1
1100=,Aemelia,1
1100=,Aerica,1
1100=,Aerin,1
1100=,Affia,1
1100=,Afia,1
1100=,Afifah,1
1100=,Afiyah,1
1100=,Afra,1
1100=,Afreka,1
1100=,Afribeanne,1
1100=,Afsha,1
1100=,Afshan,1
1100=,Ahlam,1
1100=,Ahsen,1
1100=,Ai,1
1100=,Aida,1
1100=,Aikwinder,1
1100=,Aile,1
1100=,Aileeshia,1
1100=,Aili,1
1100=,Ailidh,1
1100=,Ailish,1
1100=,Aiman,1
1100=,Aimee-Leigh,1
1100=,Aimee-Louise,1
1100=,Aimy,1
1100=,Ainslii,1
1100=,Aislinn,1
1100=,Aja,1
1100=,Akashdeep,1
1100=,Ala,1
1100=,Alaa,1
1100=,Alahna,1
1100=,Alanda,1
1100=,Alanood,1
1100=,Alanwar,1
1100=,Alba,1
1100=,Albany,1
1100=,Alease,1
1100=,Alecia,1
1100=,Aleece,1
1100=,Aleema,1
1100=,Aleigh,1
1100=,Alesia,1
1100=,Alessa,1
1100=,Alessandra,1
1100=,Aleta,1
1100=,Alethea,1
1100=,Alexandri,1
1100=,Aliah,1
1100=,Aliesha,1
1100=,Aline,1
1100=,Aliya,1
1100=,Aliyah,1
1100=,Aliysa,1
1100=,Alizae,1
1100=,Alla,1
1100=,Allahna,1
1100=,Alleashia,1
1100=,Alleyna,1
1100=,Allie,1
1100=,Allisha,1
1100=,Allysha,1
1100=,Alona,1
1100=,Alpha,1
1100=,Althea,1
1100=,Alychea,1
1100=,Alyesha,1
1100=,Alyia,1
1100=,Alysan,1
1100=,Alyth,1
1100=,Alyxs,1
1100=,Amal,1
1100=,Amalia,1
1100=,Amalie,1
1100=,Amanda-Jane,1
1100=,Amanda-Marie,1
1100=,Amanpreet,1
1100=,Amareen,1
1100=,Amber-Louise,1
1100=,Amber-Rose,1
1100=,Amberle,1
1100=,Ambre,1
1100=,Amee,1
1100=,Ameliah,1
1100=,Amethyst,1
1100=,Amiee,1
1100=,Amilree,1
1100=,Aminah,1
1100=,Amnah,1
1100=,Amorette,1
1100=,Amrit,1
1100=,Amsaa,1
1100=,Amy-Claire,1
1100=,Amy-Jane,1
1100=,Amye,1
1100=,Amyee,1
1100=,Ana,1
1100=,Anahita,1
1100=,Anaide,1
1100=,Anais,1
1100=,Andee,1
1100=,Andree,1
1100=,Andrew,1
1100=,Andria,1
1100=,Andrina,1
1100=,Aneeka,1
1100=,Aneela,1
1100=,Angel,1
1100=,Angelia,1
1100=,Angelica,1
1100=,Anika,1
1100=,Anila,1
1100=,Aniqah,1
1100=,Anise,1
1100=,Anita,1
1100=,Anja,1
1100=,Ann-Frances,1
1100=,Ann-Louise,1
1100=,Anna-Louise,1
1100=,Annabell,1
1100=,Annale,1
1100=,Annalies,1
1100=,Annam,1
1100=,Anneka,1
1100=,Annelies,1
1100=,Annelise,1
1100=,Annette,1
1100=,Anni,1
1100=,Anniesa,1
1100=,Anslie,1
1100=,Anssa,1
1100=,Antoinette,1
1100=,Antonella,1
1100=,Antonina,1
1100=,Anuja,1
1100=,Anushay,1
1100=,Anushka,1
1100=,Anuwara,1
1100=,Anwen,1
1100=,Anwi,1
1100=,Anya,1
1100=,Aoife,1
1100=,Aoiffe,1
1100=,Aqsa,1
1100=,Ara,1
1100=,Arabella,1
1100=,Araminta,1
1100=,Ariana,1
1100=,Arianne,1
1100=,Arianwen,1
1100=,Arijah,1
1100=,Arika,1
1100=,Arishdeep,1
1100=,Aroog,1
1100=,Arron,1
1100=,Arryn,1
1100=,Aseel,1
1100=,Ash,1
1100=,Ashia,1
1100=,Ashlay,1
1100=,Ashleen,1
1100=,Ashleigh-Louise,1
1100=,Ashleighanne,1
1100=,Ashleighe,1
1100=,Ashley-Louise,1
1100=,Ashley-May,1
1100=,Ashleyann,1
1100=,Ashleyanne,1
1100=,Ashli,1
1100=,Ashlyne,1
1100=,Ashton,1
1100=,Ashtyn,1
1100=,Asma,1
1100=,Asten,1
1100=,Astera,1
1100=,Astra,1
1100=,Astyn,1
1100=,Ateeqa,1
1100=,Athena,1
1100=,Atikah,1
1100=,Atiqa,1
1100=,Atka,1
1100=,Atthia,1
1100=,Attya,1
1100=,Aulayna,1
1100=,Aurelia,1
1100=,Ava,1
1100=,Aveen,1
1100=,Ayah,1
1100=,Aydon,1
1100=,Ayeshia,1
1100=,Ayisha,1
1100=,Ayla,1
1100=,Aylie,1
1100=,Ayliean,1
1100=,Aynsleigh,1
1100=,Aynslie,1
1100=,Aysla,1
1100=,Ayslynne,1
1100=,Ayumi,1
1100=,Azella,1
1100=,Azmat,1
1100=,Azura,1
1100=,Badia,1
1100=,Balpreet,1
1100=,Basma,1
1100=,Belle,1
1100=,Beni,1
1100=,Berenice,1
1100=,Bernita,1
1100=,Bernnice,1
1100=,Bethannie,1
1100=,Bethanny,1
1100=,Billi-Jo,1
1100=,Billie-Jean,1
1100=,Billinda,1
1100=,Blair-Sarah,1
1100=,Blaise,1
1100=,Blayre,1
1100=,Bobbie-Lee,1
1100=,Bobby,1
1100=,Bobi,1
1100=,Bonneville,1
1100=,Botheyna,1
1100=,Botsang,1
1100=,Brandy,1
1100=,Branwen,1
1100=,Bravika,1
1100=,Bree,1
1100=,Breighe,1
1100=,Brenda,1
1100=,Brenna,1
1100=,Bria,1
1100=,Brianne,1
1100=,Brionay,1
1100=,Brionny,1
1100=,Briony-Jade,1
1100=,Britney,1
1100=,Brittanni,1
1100=,Brittney,1
1100=,Broghan,1
1100=,Bronwen,1
1100=,Brooklyn,1
1100=,Brougan,1
1100=,Brynie,1
1100=,Bryoni,1
1100=,Bryonie,1
1100=,Bwenish,1
1100=,Caerla,1
1100=,Cairan,1
1100=,Cairistine,1
1100=,Cairstiona,1
1100=,Caitlan,1
1100=,Caitlind,1
1100=,Caitlinn,1
1100=,Caitriona,1
1100=,Calay,1
1100=,Cali,1
1100=,Calise,1
1100=,Calley,1
1100=,Callie-Jae,1
1100=,Caly,1
1100=,Cammila,1
1100=,Camrie,1
1100=,Canan,1
1100=,Candida,1
1100=,Cara-Dawn,1
1100=,Carafilia,1
1100=,Carajaun,1
1100=,Caraleigh,1
1100=,Cardell,1
1100=,Careen,1
1100=,Cari,1
1100=,Carianne,1
1100=,Cariss,1
1100=,Carlanna,1
1100=,Carleen,1
1100=,Carleigh,1
1100=,Carlene,1
1100=,Carli,1
1100=,Carlin,1
1100=,Carline,1
1100=,Carly-Marie,1
1100=,Carlyn,1
1100=,Carmel,1
1100=,Carmella,1
1100=,Carole-Ann,1
1100=,Carole-Anne,1
1100=,Carolina,1
1100=,Carolyne,1
1100=,Carolynne,1
1100=,Carra,1
1100=,Carriann,1
1100=,Carrianne,1
1100=,Carrieleigh,1
1100=,Carrin,1
1100=,Carris,1
1100=,Cassey,1
1100=,Cassia,1
1100=,Cassie-Louise,1
1100=,Caterina,1
1100=,Cathy,1
1100=,Catreena,1
1100=,Catrhona-Morag,1
1100=,Cavell,1
1100=,Caylea,1
1100=,Cayley,1
1100=,Ceana,1
1100=,Ceilidh,1
1100=,Cein,1
1100=,Ceiran,1
1100=,Ceire,1
1100=,Ceit,1
1100=,Celeste,1
1100=,Ceris,1
1100=,Cerran,1
1100=,Cerys,1
1100=,Chamely,1
1100=,Chandnie,1
1100=,Chaneice,1
1100=,Chanice,1
1100=,Channel,1
1100=,Channing,1
1100=,Chantal,1
1100=,Chantel,1
1100=,Charel,1
1100=,Charelle,1
1100=,Charise,1
1100=,Charissa,1
1100=,Charlee,1
1100=,Charleena,1
1100=,Charleene,1
1100=,Charleigh,1
1100=,Charlena,1
1100=,Charlette,1
1100=,Charli,1
1100=,Charli-Anne,1
1100=,Charliann,1
1100=,Charlie-Anne,1
1100=,Charlie-Leigh,1
1100=,Charlotta,1
1100=,Charlotte-Rose,1
1100=,Charly,1
1100=,Charmain,1
1100=,Charmane,1
1100=,Charmayne,1
1100=,Chauntell,1
1100=,Chavaun,1
1100=,Chavaune,1
1100=,Chavon,1
1100=,Chavonne,1
1100=,Chellsie,1
1100=,Chelsay,1
1100=,Chelsea-Anne,1
1100=,Chelsee,1
1100=,Chelsei,1
1100=,Cheney,1
1100=,Chennise,1
1100=,Chereen,1
1100=,Cherell,1
1100=,Cherenne,1
1100=,Cheri,1
1100=,Cherine,1
1100=,Cherisse,1
1100=,Cherlyn,1
1100=,Cherrel,1
1100=,Cherrell,1
1100=,Cheryl-Ann,1
1100=,Cheryl-Jane,1
1100=,Chevonne,1
1100=,Chi,1
1100=,China,1
1100=,Chipasha,1
1100=,Chirelle,1
1100=,Chivonne,1
1100=,Chizzarra,1
1100=,Chloe-Dee,1
1100=,Chloe-Rose,1
1100=,Choi,1
1100=,Chor,1
1100=,Chrisselle,1
1100=,Chrissie,1
1100=,Christaidh,1
1100=,Christeen,1
1100=,Christel,1
1100=,Christie-Jo,1
1100=,Christopher,1
1100=,Christy-Selica,1
1100=,Chunnan,1
1100=,Chyvonne,1
1100=,Ciaran,1
1100=,Cicily,1
1100=,Cindie,1
1100=,Cinzia,1
1100=,Cirsty,1
1100=,Clair-Louise,1
1100=,Claira,1
1100=,Claire-Anne,1
1100=,Claire-Louise,1
1100=,Clare-Louise,1
1100=,Claresa,1
1100=,Clarissa,1
1100=,Clarisse,1
1100=,Claudia,1
1100=,Clayre,1
1100=,Clementine,1
1100=,Cleo,1
1100=,Clio,1
1100=,Cliona,1
1100=,Clodagh,1
1100=,Clowance,1
1100=,Coleyne,1
1100=,Collaine,1
1100=,Collene,1
1100=,Conner,1
1100=,Connory,1
1100=,Conor,1
1100=,Cora,1
1100=,Corey,1
1100=,Cori,1
1100=,Corrae,1
1100=,Corrin,1
1100=,Corrinna,1
1100=,Corry,1
1100=,Cory,1
1100=,Craig,1
1100=,Cree,1
1100=,Cristal,1
1100=,Cristiona,1
1100=,Cryzia,1
1100=,Cuan,1
1100=,Culzean,1
1100=,Cursty,1
1100=,Cyndelle,1
1100=,Cynele,1
1100=,D'arcy,1
1100=,Dahni,1
1100=,Daina,1
1100=,Daisie,1
1100=,Daisy-Kay,1
1100=,Damaris,1
1100=,Danae,1
1100=,Danee,1
1100=,Danella,1
1100=,Danelle,1
1100=,Daniel,1
1100=,Daniele,1
1100=,Danielle-Lynn,1
1100=,Danielle-Marie,1
1100=,Danielle-Theras,1
1100=,Danna,1
1100=,Danni-Tiree,1
1100=,Dannia,1
1100=,Dannica,1
1100=,Danniel,1
1100=,Danniella,1
1100=,Danyell,1
1100=,Danyeze,1
1100=,Daoine,1
1100=,Dara,1
1100=,Darcie,1
1100=,Darelle,1
1100=,Dariane,1
1100=,Darrell,1
1100=,Darrelle,1
1100=,Darria,1
1100=,Darryle,1
1100=,Dawna,1
1100=,Dayle,1
1100=,Daynor,1
1100=,Daytona,1
1100=,Deana,1
1100=,Debbie-Jo,1
1100=,Debra-Louise,1
1100=,Deeonne,1
1100=,Deionne,1
1100=,Deirdre,1
1100=,Delijah,1
1100=,Demetra,1
1100=,Demi-Jade,1
1100=,Demi-Leigh,1
1100=,Demi-Louise,1
1100=,Demmi,1
1100=,Demmie,1
1100=,Denele,1
1100=,Deni,1
1100=,Denice,1
1100=,Dennie,1
1100=,Denyse,1
1100=,Deone,1
1100=,Deonna,1
1100=,Deryn,1
1100=,Destinee,1
1100=,Devin,1
1100=,Dharia,1
1100=,Diahan,1
1100=,Dilara,1
1100=,Dion,1
1100=,Dione,1
1100=,Divia,1
1100=,Djennah,1
1100=,Dodie,1
1100=,Dolina,1
1100=,Donach,1
1100=,Donna-Lee,1
1100=,Donna-Marie,1
1100=,Donnella,1
1100=,Drishti,1
1100=,Dyann,1
1100=,Dzi,1
1100=,Ebonnie,1
1100=,Ebony,1
1100=,Edden,1
1100=,Eden,1
1100=,Edith,1
1100=,Edyn,1
1100=,Efua,1
1100=,Eilean,1
1100=,Eileidh,1
1100=,Eilidgh,1
1100=,Eilidh-Mairead,1
1100=,Eilioh,1
1100=,Eilis,1
1100=,Eilise,1
1100=,Eillie,1
1100=,Eireann,1
1100=,Eiren,1
1100=,Eirian,1
1100=,Eisha-Tul-Raazi,1
1100=,Eithne,1
1100=,Ekram,1
1100=,Elaina,1
1100=,Elainya,1
1100=,Elana,1
1100=,Elanna,1
1100=,Eleeza,1
1100=,Elena-Jane,1
1100=,Elin,1
1100=,Elizabethann,1
1100=,Elkie,1
1100=,Ellana,1
1100=,Ellen-Marie,1
1100=,Ellyn,1
1100=,Ellysia-Grace,1
1100=,Ema-Jayne,1
1100=,Emanuela,1
1100=,Emelye,1
1100=,Emilie-Louise,1
1100=,Emily-Jane,1
1100=,Emily-Kate,1
1100=,Emma-Jan,1
1100=,Emma-Lee,1
1100=,Emma-Leigh,1
1100=,Emma-Rose,1
1100=,Emmajane,1
1100=,Emmanuelle,1
1100=,Emmi,1
1100=,Emmy,1
1100=,Ena,1
1100=,Eniola,1
1100=,Enja,1
1100=,Enuri,1
1100=,Eran,1
1100=,Ericka,1
1100=,Erin-Bethany,1
1100=,Erin-Jane,1
1100=,Erin-Louise,1
1100=,Erina,1
1100=,Esmay,1
1100=,Eunice,1
1100=,Evan,1
1100=,Evangeline,1
1100=,Fadiva,1
1100=,Fahria,1
1100=,Fallon,1
1100=,Farena,1
1100=,Farhat-Naz,1
1100=,Fariya,1
1100=,Farrah,1
1100=,Farzana,1
1100=,Fatema,1
1100=,Fatimah,1
1100=,Fatin,1
1100=,Fatma,1
1100=,Faune,1
1100=,Fauzia,1
1100=,Fawn,1
1100=,Fely,1
1100=,Fenella,1
1100=,Fenna,1
1100=,Feona,1
1100=,Feonagh,1
1100=,Ferial,1
1100=,Fernanda,1
1100=,Fhionna,1
1100=,Fionnuala,1
1100=,Francene,1
1100=,Frances-Jane,1
1100=,Franchesca,1
1100=,Francine,1
1100=,Frederike,1
1100=,Freida,1
1100=,Freyja,1
1100=,Frieda,1
1100=,Frith,1
1100=,Fulvia,1
1100=,Furah,1
1100=,Fyrarie,1
1100=,Gaenor,1
1100=,Gainyah,1
1100=,Gaitlin,1
1100=,Gar,1
1100=,Gary,1
1100=,Gemma-Lee,1
1100=,Genny,1
1100=,Geofrey,1
1100=,Georga,1
1100=,Geovan,1
1100=,Ghislaine,1
1100=,Gianna,1
1100=,Ginette,1
1100=,Ginnie,1
1100=,Giovanna,1
1100=,Gisela,1
1100=,Glenn,1
1100=,Golda,1
1100=,Grahyl,1
1100=,Graizella,1
1100=,Greer,1
1100=,Gulsah,1
1100=,Gurnam,1
1100=,Gwyneth,1
1100=,Hadeel,1
1100=,Hafsa,1
1100=,Haidee,1
1100=,Haira,1
1100=,Hajar,1
1100=,Hajer,1
1100=,Hajra,1
1100=,Hala,1
1100=,Halima,1
1100=,Halimah,1
1100=,Halley,1
1100=,Hameara,1
1100=,Han-Yin,1
1100=,Hana,1
1100=,Hanah,1
1100=,Hanan,1
1100=,Haneen,1
1100=,Hannah-Leigh,1
1100=,Hannah-Louise,1
1100=,Hannan,1
1100=,Hanne,1
1100=,Harika,1
1100=,Harsharn,1
1100=,Harula,1
1100=,Harvinder,1
1100=,Hasina,1
1100=,Hasna,1
1100=,Haya,1
1100=,Hayley-James,1
1100=,Hayli,1
1100=,Haylie,1
1100=,Heather-Ann,1
1100=,Heather-Iona,1
1100=,Hee-Syn,1
1100=,Heidy,1
1100=,Helen-Anne,1
1100=,Helen-Louise,1
1100=,Helga,1
1100=,Heloise,1
1100=,Hema,1
1100=,Hia,1
1100=,Hiliory,1
1100=,Hina,1
1100=,Hinaa,1
1100=,Hinna,1
1100=,Hira,1
1100=,Hiu,1
1100=,Hoi,1
1100=,Hollianne,1
1100=,Hollie-Louise,1
1100=,Holly-Ann,1
1100=,Holly-Anne,1
1100=,Hollyann,1
1100=,Hooria,1
1100=,Hui,1
1100=,Humah,1
1100=,Humayra,1
1100=,Humera,1
1100=,Humma,1
1100=,Husnara,1
1100=,Hynde,1
1100=,Ieshia,1
1100=,Iffrah,1
1100=,Ilaria,1
1100=,Ilene,1
1100=,Illana,1
1100=,Iman,1
1100=,Indiana,1
1100=,Indigo,1
1100=,Ingham,1
1100=,Ingibjorg,1
1100=,Innes,1
1100=,Iqrah,1
1100=,Iqranelam,1
1100=,Irem,1
1100=,Irenie,1
1100=,Irina,1
1100=,Irram,1
1100=,Irum,1
1100=,Isabelle,1
1100=,Iseabal,1
1100=,Iselin,1
1100=,Islay,1
1100=,Isma,1
1100=,Isobella,1
1100=,Israa,1
1100=,Israh,1
1100=,Ivee,1
1100=,Ivonne,1
1100=,Ivory,1
1100=,Jaade,1
1100=,Jackiline,1
1100=,Jacklyn,1
1100=,Jacklynn,1
1100=,Jacqualine,1
1100=,Jacquie,1
1100=,Jacquiline,1
1100=,Jade-Kareen,1
1100=,Jadiene,1
1100=,Jaeger,1
1100=,Jahnna,1
1100=,Jaide-Lynn,1
1100=,Jaine,1
1100=,Jaki,1
1100=,Jamesina,1
1100=,Jamie-Ann,1
1100=,Jan-Michelle,1
1100=,Janelle,1
1100=,Janinne,1
1100=,Jannah,1
1100=,Jannine,1
1100=,Jansyn,1
1100=,Janzia,1
1100=,Jardin,1
1100=,Jardine,1
1100=,Jas,1
1100=,Jasbir,1
1100=,Jaweiria,1
1100=,Jaya,1
1100=,Jayd,1
1100=,Jayden,1
1100=,Jayme,1
1100=,Jaymi,1
1100=,Jaymie,1
1100=,Jaymie-Anne,1
1100=,Jayna,1
1100=,Jazmin,1
1100=,Jean-Claire,1
1100=,Jeanean,1
1100=,Jeanie,1
1100=,Jeanine,1
1100=,Jeanna,1
1100=,Jeannie,1
1100=,Jeda,1
1100=,Jem,1
1100=,Jemima,1
1100=,Jemimah,1
1100=,Jenah,1
1100=,Jenee,1
1100=,Jenel,1
1100=,Jenna-Louise,1
1100=,Jenna-Marie,1
1100=,Jennah,1
1100=,Jeri,1
1100=,Jermaine,1
1100=,Jerri,1
1100=,Jerri-Jo,1
1100=,Jerry,1
1100=,Jesica,1
1100=,Jessica-Anne,1
1100=,Jett,1
1100=,Jhenath,1
1100=,Jihan,1
1100=,Jilli,1
1100=,Jillianne,1
1100=,Jillyan,1
1100=,Jo-Ann,1
1100=,Joanne-Elizabet,1
1100=,Jocelene,1
1100=,Jocellyn,1
1100=,Jodi-Louise,1
1100=,Jodie-Ann,1
1100=,Jodieanne,1
1100=,Joeann,1
1100=,Joelle,1
1100=,Johan,1
1100=,Johann,1
1100=,Johanne,1
1100=,John,1
1100=,Jonathan,1
1100=,Jordane,1
1100=,Jorden,1
1100=,Jordon,1
1100=,Jordynn,1
1100=,Jorrie,1
1100=,Joshua,1
1100=,Josslyn,1
1100=,Jourdan,1
1100=,Jovan-Veer,1
1100=,Joye,1
1100=,Judi,1
1100=,Juliana,1
1100=,Justeen,1
1100=,Justene,1
1100=,Ka,1
1100=,Kacey,1
1100=,Kacie,1
1100=,Kadee,1
1100=,Kae,1
1100=,Kaela,1
1100=,Kailey,1
1100=,Kaisha,1
1100=,Kaleigh-Jade,1
1100=,Kalena,1
1100=,Kalli-Anne,1
1100=,Kallie,1
1100=,Kally,1
1100=,Kamaljit,1
1100=,Kami,1
1100=,Kara-Ann,1
1100=,Karamveer,1
1100=,Kareen,1
1100=,Kareena,1
1100=,Kareene,1
1100=,Karen-Anne,1
1100=,Karien,1
1100=,Karissa,1
1100=,Karlene,1
1100=,Karlie,1
1100=,Karlyn,1
1100=,Karmen,1
1100=,Karoline,1
1100=,Karrie,1
1100=,Karris,1
1100=,Karyl,1
1100=,Kasey,1
1100=,Kasha,1
1100=,Kasharine,1
1100=,Kasi,1
1100=,Kasia,1
1100=,Kassie,1
1100=,Kasyan,1
1100=,Katarina,1
1100=,Kathanna,1
1100=,Katherina,1
1100=,Kathi,1
1100=,Kathleen-Anne,1
1100=,Kathlene,1
1100=,Kathrin,1
1100=,Kathryn-Anne,1
1100=,Kathy,1
1100=,Katie-Ann,1
1100=,Katie-Jane,1
1100=,Katielyn,1
1100=,Katrianne,1
1100=,Katricia,1
1100=,Katya,1
1100=,Kauma,1
1100=,Kaya,1
1100=,Kayah,1
1100=,Kaylea,1
1100=,Kayleah,1
1100=,Kayleen,1
1100=,Kayleh,1
1100=,Kayleigh-Ann,1
1100=,Kayleish,1
1100=,Kaylin,1
1100=,Kayran,1
1100=,Kayrene,1
1100=,Kayrn,1
1100=,Kaysha,1
1100=,Kaysie,1
1100=,Keara,1
1100=,Keaton,1
1100=,Keilidh,1
1100=,Keirra,1
1100=,Keli,1
1100=,Kelleigh,1
1100=,Kelley,1
1100=,Kellianne,1
1100=,Kellie-Ann,1
1100=,Kellie-Jane,1
1100=,Kellsy,1
1100=,Kelly-Ann,1
1100=,Kellymarie,1
1100=,Kelsay,1
1100=,Kelsea,1
1100=,Kensa,1
1100=,Kera,1
1100=,Kerensa,1
1100=,Keri-Ellen,1
1100=,Keri-Louise,1
1100=,Kerianne,1
1100=,Keriss,1
1100=,Kerri-Lauren,1
1100=,Kerri-Lee,1
1100=,Kerri-Lynn,1
1100=,Kerrianne,1
1100=,Kerrie-Louise,1
1100=,Kerrylouise,1
1100=,Kerryn,1
1100=,Kerrys,1
1100=,Keryl,1
1100=,Keshia,1
1100=,Keshia-Jayne,1
1100=,Kevin,1
1100=,Kezia,1
1100=,Khadeeja,1
1100=,Khali,1
1100=,Khashiya,1
1100=,Khayria,1
1100=,Khia,1
1100=,Kia,1
1100=,Kianna,1
1100=,Kiaya,1
1100=,Kierah,1
1100=,Kieran,1
1100=,Kierra,1
1100=,Kim-Louise,1
1100=,Kimberlee,1
1100=,Kimberleigh,1
1100=,Kimberrey,1
1100=,Kira,1
1100=,Kirandeep,1
1100=,Kiri,1
1100=,Kirndeep,1
1100=,Kirren,1
1100=,Kirstie-Louise,1
1100=,Kirstie-Marie,1
1100=,Kirsty-Anne,1
1100=,Kirsty-Lee,1
1100=,Kirstyann,1
1100=,Kirstyanne,1
1100=,Kirstylee,1
1100=,Kismit,1
1100=,Kitrina,1
1100=,Kitty,1
1100=,Kizmet,1
1100=,Kizzie,1
1100=,Kolsuma,1
1100=,Kora,1
1100=,Koral,1
1100=,Koren,1
1100=,Krissy,1
1100=,Kristianne,1
1100=,Kristin,1
1100=,Kristine,1
1100=,Krystel,1
1100=,Krystie,1
1100=,Kulsum,1
1100=,Kye,1
1100=,Kymberlie,1
1100=,Kymberly,1
1100=,Kymi,1
1100=,Kyomi,1
1100=,Kyra,1
1100=,Kyrshia,1
1100=,Kyrsten,1
1100=,L'ann,1
1100=,Labiba,1
1100=,Lacie,1
1100=,Lama,1
1100=,Lamia,1
1100=,Landana,1
1100=,Lanya,1
1100=,Lara-Jade,1
1100=,Laraib,1
1100=,Laura-Rose,1
1100=,Lauraanne,1
1100=,Lauran,1
1100=,Laurel,1
1100=,Lauren-Jane,1
1100=,Laurena,1
1100=,Laurenne,1
1100=,Laurey,1
1100=,Laurie-Ann,1
1100=,Laurien,1
1100=,Lauris,1
1100=,Lavender,1
1100=,Lavinia,1
1100=,Lawren,1
1100=,Layiah,1
1100=,Leah-Anne,1
1100=,Lechelle,1
1100=,Lecia,1
1100=,Leea,1
1100=,Leeanna,1
1100=,Leesa,1
1100=,Leeza,1
1100=,Leigh-Shyvonne,1
1100=,Leighsa,1
1100=,Leilah,1
1100=,Lenka,1
1100=,Lennox,1
1100=,Leone,1
1100=,Leonia,1
1100=,Leonnie,1
1100=,Leonore,1
1100=,Lesa,1
1100=,Letaya,1
1100=,Lewis,1
1100=,Leyana,1
1100=,Leyanne,1
1100=,Leytasha,1
1100=,Li-Qi,1
1100=,Lia,1
1100=,Lian,1
1100=,Libby,1
1100=,Liberty,1
1100=,Lidia,1
1100=,Lieba,1
1100=,Lila,1
1100=,Lillian,1
1100=,Lilly,1
1100=,Lina,1
1100=,Linden,1
1100=,Lindi,1
1100=,Lindis,1
1100=,Linn,1
1100=,Linnette,1
1100=,Linzey,1
1100=,Linzy,1
1100=,Lisa-Marion,1
1100=,Lisa-Marrie,1
1100=,Liska,1
1100=,Liusa,1
1100=,Liusaidh,1
1100=,Liza-Marie,1
1100=,Logan,1
1100=,Loise,1
1100=,Loraine,1
1100=,Lorina,1
1100=,Lorrae,1
1100=,Lorri-Ann,1
1100=,Lorrin,1
1100=,Loryn,1
1100=,Lotta,1
1100=,Lottie,1
1100=,Loueis,1
1100=,Louisajayne,1
1100=,Louise-Marie,1
1100=,Lowis,1
1100=,Luanne,1
1100=,Lubna,1
1100=,Lucette,1
1100=,Luci,1
1100=,Luciana,1
1100=,Lucienne,1
1100=,Lucille,1
1100=,Luckwinder,1
1100=,Lucretia,1
1100=,Lucynda,1
1100=,Luisza,1
1100=,Luluah,1
1100=,Luscha,1
1100=,Lyndie,1
1100=,Lyndzy,1
1100=,Lynelle,1
1100=,Lynmarie,1
1100=,Lynnsey,1
1100=,Lynore,1
1100=,Lynsi,1
1100=,Lynsy,1
1100=,Lynzay,1
1100=,Lynzie,1
1100=,Lynzy,1
1100=,Lysette,1
1100=,Lyteila,1
1100=,Maariyah,1
1100=,Madaleine,1
1100=,Madalene,1
1100=,Maddia,1
1100=,Madeeha,1
1100=,Madiha,1
1100=,Madihah,1
1100=,Maedhbh,1
1100=,Maegan,1
1100=,Maeve,1
1100=,Maggie,1
1100=,Maha,1
1100=,Mahdiah,1
1100=,Maheen,1
1100=,Mahreen,1
1100=,Mahrukh,1
1100=,Mahtab,1
1100=,Maigen,1
1100=,Maimonah,1
1100=,Maimoona,1
1100=,Mair,1
1100=,Maire,1
1100=,Mairhead,1
1100=,Mairi-Clare,1
1100=,Mairin,1
1100=,Mairina,1
1100=,Majda,1
1100=,Makaila,1
1100=,Malie,1
1100=,Malissa,1
1100=,Man,1
1100=,Manal,1
1100=,Mandie,1
1100=,Maninder,1
1100=,Manjit,1
1100=,Manpreet,1
1100=,Manuela,1
1100=,Mara,1
1100=,Marbeth,1
1100=,Margaret-Ann,1
1100=,Margo,1
1100=,Mari-Ann,1
1100=,Mariann,1
1100=,Marianna,1
1100=,Marie-Ann,1
1100=,Marie-Cecile,1
1100=,Marieanne,1
1100=,Mariette,1
1100=,Marihah,1
1100=,Marisha,1
1100=,Marishka,1
1100=,Marley,1
1100=,Marna,1
1100=,Marriam,1
1100=,Marsaili,1
1100=,Marteen,1
1100=,Martessa,1
1100=,Marwah,1
1100=,Mary-Anne,1
1100=,Mary-Beth,1
1100=,Marya,1
1100=,Maryann,1
1100=,Maryjean,1
1100=,Marysia,1
1100=,Maryum,1
1100=,Maud,1
1100=,Maura,1
1100=,Maurica,1
1100=,Mavra,1
1100=,May,1
1100=,Maylei,1
1100=,Mayra,1
1100=,Maysim,1
1100=,Maythanee,1
1100=,Meaghan,1
1100=,Mechelle,1
1100=,Mee-Seon,1
1100=,Meegin,1
1100=,Megahn,1
1100=,Megan-Anne,1
1100=,Megean,1
1100=,Megen,1
1100=,Meghan-Rhos,1
1100=,Meghann,1
1100=,Mehek,1
1100=,Meherunnissa,1
1100=,Mehgan,1
1100=,Mehreen,1
1100=,Mei,1
1100=,Meighan,1
1100=,Meike,1
1100=,Melise,1
1100=,Mercedes,1
1100=,Mercy,1
1100=,Meriel,1
1100=,Mhairi-Ann,1
1100=,Mhairi-Anne,1
1100=,Mhairi-Claire,1
1100=,Mhairi-Elaine,1
1100=,Mhari-Ann,1
1100=,Mhegan,1
1100=,Mhorag,1
1100=,Miar,1
1100=,Micheala,1
1100=,Mikaela-Rose,1
1100=,Mike'la,1
1100=,Mikhaila,1
1100=,Millicent,1
1100=,Mireilla,1
1100=,Mireille,1
1100=,Mirelle,1
1100=,Mirisha,1
1100=,Mirka,1
1100=,Mirrin,1
1100=,Mischa,1
1100=,Mishale,1
1100=,Mishka,1
1100=,Mobeena,1
1100=,Mohsena,1
1100=,Momo,1
1100=,Moneka,1
1100=,Monika,1
1100=,Montana,1
1100=,Moon,1
1100=,Morena,1
1100=,Morrighan,1
1100=,Moynagh,1
1100=,Mukhlisa,1
1100=,Muneerah,1
1100=,Munibah,1
1100=,Murihah,1
1100=,Murul,1
1100=,Mylene,1
1100=,Mylissa,1
1100=,Myra,1
1100=,Myrah,1
1100=,Myriah,1
1100=,Naaila,1
1100=,Nabehiah,1
1100=,Nabiha,1
1100=,Nabilla,1
1100=,Nadiahali,1
1100=,Nadiene,1
1100=,Nadmi,1
1100=,Nafeesa,1
1100=,Nafisa,1
1100=,Nagina,1
1100=,Nahdia,1
1100=,Nahima,1
1100=,Naila,1
1100=,Nailah,1
1100=,Naiomi,1
1100=,Namdip,1
1100=,Naoimh,1
1100=,Narissa,1
1100=,Narmeen,1
1100=,Nasrin,1
1100=,Nastassja,1
1100=,Natacha,1
1100=,Natala,1
1100=,Natalee,1
1100=,Natascha,1
1100=,Natasha-Louise,1
1100=,Natassia,1
1100=,Nathania,1
1100=,Navdip,1
1100=,Navida,1
1100=,Nazirah,1
1100=,Neave,1
1100=,Neda,1
1100=,Neelam,1
1100=,Neidin,1
1100=,Neikol,1
1100=,Neilian,1
1100=,Neysha,1
1100=,Nia,1
1100=,Niala,1
1100=,Niamph,1
1100=,Niccole,1
1100=,Nichaela,1
1100=,Nickeeta,1
1100=,Nickeighla,1
1100=,Nicky,1
1100=,Nico,1
1100=,Nicoe,1
1100=,Nicolette,1
1100=,Nicoll,1
1100=,Nidah,1
1100=,Nieshba,1
1100=,Niketta,1
1100=,Niki,1
1100=,Nikitta,1
1100=,Niloo,1
1100=,Nimrit,1
1100=,Niomhi,1
1100=,Nisa,1
1100=,Nisba,1
1100=,Nisreen,1
1100=,Nissa,1
1100=,Nitika,1
1100=,Nobia,1
1100=,Noirin,1
1100=,Nola,1
1100=,Noor-E-Afshan,1
1100=,Noor-E-Sabbah,1
1100=,Nora,1
1100=,Norah,1
1100=,Nova,1
1100=,Nozomi,1
1100=,Nuala,1
1100=,Nur,1
1100=,Nura,1
1100=,Nyla,1
1100=,Obehioye,1
1100=,Odette,1
1100=,Oi,1
1100=,Ola,1
1100=,Olaa,1
1100=,Olga,1
1100=,Oluwafunke,1
1100=,Onar,1
1100=,Onya,1
1100=,Orchideh,1
1100=,Oriane,1
1100=,Orly,1
1100=,Ottalie,1
1100=,Oula,1
1100=,Ovinda,1
1100=,Page,1
1100=,Paige-Hollie,1
1100=,Paisley,1
1100=,Pallavi,1
1100=,Pamala,1
1100=,Paola,1
1100=,Pardeep,1
1100=,Parisa,1
1100=,Parris,1
1100=,Parrisa,1
1100=,Pascale,1
1100=,Pascalle,1
1100=,Patricia-Ann,1
1100=,Patrina,1
1100=,Patrycja,1
1100=,Paula-Michelle,1
1100=,Pavanpreet,1
1100=,Peggy,1
1100=,Peigi,1
1100=,Pemma,1
1100=,Pennie,1
1100=,Pepe-Marie,1
1100=,Perveen,1
1100=,Phern,1
1100=,Philipa,1
1100=,Piera,1
1100=,Pierina,1
1100=,Po,1
1100=,Poppy,1
1100=,Poppy-Lee,1
1100=,Prabjoyt,1
1100=,Priya,1
1100=,Qian,1
1100=,Qiu,1
1100=,Rabbia,1
1100=,Rabeaha,1
1100=,Rabu,1
1100=,Rachana,1
1100=,Racquel,1
1100=,Raegan,1
1100=,Raema,1
1100=,Ragen,1
1100=,Raghda,1
1100=,Rainer,1
1100=,Raisah,1
1100=,Raj-Kiran,1
1100=,Raja-Thilakam,1
1100=,Rajinder,1
1100=,Rajnish,1
1100=,Rajwant,1
1100=,Ramanjit,1
1100=,Ramona,1
1100=,Rana,1
1100=,Ranah,1
1100=,Raquell,1
1100=,Rashah,1
1100=,Rauni,1
1100=,Ravina,1
1100=,Ravneet,1
1100=,Rayanne,1
1100=,Rayhanah,1
1100=,Raynor,1
1100=,Reagan,1
1100=,Reagen,1
1100=,Reannan,1
1100=,Reanne,1
1100=,Rebbeca,1
1100=,Rebekha,1
1100=,Rebekkah,1
1100=,Rechelle,1
1100=,Redd,1
1100=,Reem,1
1100=,Refilwe,1
1100=,Rehanna,1
1100=,Reighanne,1
1100=,Reisha,1
1100=,Renatta,1
1100=,Renenet,1
1100=,Reonora,1
1100=,Rheanne,1
1100=,Rheece,1
1100=,Rhoda,1
1100=,Rhona-May,1
1100=,Rhonwyn,1
1100=,Rhudi,1
1100=,Rhyanna,1
1100=,Rhyannon,1
1100=,Riada,1
1100=,Riley,1
1100=,Rishika,1
1100=,Rita,1
1100=,Riyannah,1
1100=,Roanna,1
1100=,Robbyn,1
1100=,Robieann,1
1100=,Robyn-Lee,1
1100=,Robyne,1
1100=,Robynn,1
1100=,Robynne,1
1100=,Roccinne,1
1100=,Rodelle,1
1100=,Rogan,1
1100=,Rohanna,1
1100=,Rohanne,1
1100=,Roishe,1
1100=,Romana,1
1100=,Romilly,1
1100=,Romola,1
1100=,Romy,1
1100=,Ronja,1
1100=,Rosa,1
1100=,Rosalynd,1
1100=,Rosalynn,1
1100=,Rosamund,1
1100=,Rosanne,1
1100=,Rosasharon,1
1100=,Roseann,1
1100=,Roseienne,1
1100=,Rosey,1
1100=,Rosheen,1
1100=,Rosine,1
1100=,Roslynn,1
1100=,Ross,1
1100=,Rosy,1
1100=,Roxana,1
1100=,Roxann,1
1100=,Roxanna,1
1100=,Roxeanne,1
1100=,Roxi,1
1100=,Roxine,1
1100=,Royan,1
1100=,Rozalynne,1
1100=,Rozanna,1
1100=,Rozanne,1
1100=,Rozemarijn,1
1100=,Rozlyn,1
1100=,Rozlynn,1
1100=,Ruba,1
1100=,Rubina,1
1100=,Rudi,1
1100=,Ruhiyah,1
1100=,Rukhsana,1
1100=,Rumpa,1
1100=,Rumy,1
1100=,Rupinder,1
1100=,Ruqayyah,1
1100=,Rwan,1
1100=,Saadiya,1
1100=,Saaemah,1
1100=,Saba,1
1100=,Sabaa,1
1100=,Sabbah,1
1100=,Sabiah,1
1100=,Safiyah,1
1100=,Sagan,1
1100=,Saher,1
1100=,Sahira,1
1100=,Sahrish,1
1100=,Saimen,1
1100=,Saiqa,1
1100=,Sairaghlouise,1
1100=,Sakina,1
1100=,Salimah,1
1100=,Sally-Anne,1
1100=,Sama,1
1100=,Samah,1
1100=,Saman,1
1100=,Samantha-Jo,1
1100=,Samantha-Louise,1
1100=,Sameen,1
1100=,Sameera,1
1100=,Samera,1
1100=,Samihah,1
1100=,Samija,1
1100=,Samiyah,1
1100=,Samiyya,1
1100=,Sammantha,1
1100=,Sammi,1
1100=,Sammie,1
1100=,Sammy-Jo,1
1100=,Sammyjo,1
1100=,Sanaa,1
1100=,Sanam,1
1100=,Sandylee,1
1100=,Sanha,1
1100=,Sanna,1
1100=,Saphena,1
1100=,Sapphire,1
1100=,Sara-Jan,1
1100=,Sara-Terese,1
1100=,Sarah-Anne,1
1100=,Sarah-Jade,1
1100=,Sarah-Rose,1
1100=,Sarahjane,1
1100=,Sarajane,1
1100=,Sarina,1
1100=,Sarra,1
1100=,Sarraa,1
1100=,Sarupe,1
1100=,Sashkia,1
1100=,Satin,1
1100=,Savanna,1
1100=,Savita,1
1100=,Sayra,1
1100=,Sayrah,1
1100=,Scarlet,1
1100=,Sean'a,1
1100=,Seana,1
1100=,Selena,1
1100=,Senga,1
1100=,Seonade,1
1100=,Seonead,1
1100=,Seori,1
1100=,Seranne,1
1100=,Serkalem,1
1100=,Setuat,1
1100=,Seymone,1
1100=,Shabenna,1
1100=,Shadi,1
1100=,Shadia,1
1100=,Shafaq,1
1100=,Shahana,1
1100=,Shahd,1
1100=,Shahla,1
1100=,Shahnaz,1
1100=,Shailee,1
1100=,Shaima,1
1100=,Shaimaa,1
1100=,Shala,1
1100=,Shamha,1
1100=,Shamin,1
1100=,Shamsa,1
1100=,Shamshad,1
1100=,Shandell,1
1100=,Shaneen,1
1100=,Shanelle,1
1100=,Shaney,1
1100=,Shani,1
1100=,Shanice,1
1100=,Shaniece,1
1100=,Shanneh,1
1100=,Shannyn,1
1100=,Shara,1
1100=,Sharee,1
1100=,Shareyse,1
1100=,Sharmaine,1
1100=,Sharman,1
1100=,Sharna,1
1100=,Sharona,1
1100=,Shaswati,1
1100=,Shau,1
1100=,Shaun,1
1100=,Shauna-Lee,1
1100=,Shaunagh,1
1100=,Shauneen,1
1100=,Shaunessy,1
1100=,Shaunii,1
1100=,Shaunnah,1
1100=,Shaunni,1
1100=,Shaunnie,1
1100=,Shauny,1
1100=,Shawn,1
1100=,Shawny,1
1100=,Shayna,1
1100=,Shaza,1
1100=,Sheetal,1
1100=,Shellen,1
1100=,Shelley-Anne,1
1100=,Shelli,1
1100=,Shelly-Lee,1
1100=,Sheneela,1
1100=,Sheoban,1
1100=,Sheree-Anne,1
1100=,Sherice,1
1100=,Sherree,1
1100=,Sherri,1
1100=,Sherril,1
1100=,Sheryle,1
1100=,Sherylin,1
1100=,Shevaun,1
1100=,Shevon,1
1100=,Shevonne,1
1100=,Sheyvonne,1
1100=,Shiann,1
1100=,Shifra,1
1100=,Shifroh,1
1100=,Shing-Yi,1
1100=,Shiobhan,1
1100=,Shiona,1
1100=,Shira,1
1100=,Shirean,1
1100=,Shirelle,1
1100=,Shivonne,1
1100=,Shoana,1
1100=,Shonaid,1
1100=,Shondie,1
1100=,Shonna,1
1100=,Shonni,1
1100=,Shu,1
1100=,Shvonne,1
1100=,Shyvanna-Lee,1
1100=,Shyvonne,1
1100=,Sia,1
1100=,Siahnon,1
1100=,Sianne,1
1100=,Sidra,1
1100=,Sieann,1
1100=,Sigourney,1
1100=,Sigrid,1
1100=,Silje,1
1100=,Silk,1
1100=,Silvia,1
1100=,Simmone,1
1100=,Simon,1
1100=,Simran,1
1100=,Sin,1
1100=,Sinade,1
1100=,Sindy,1
1100=,Sine,1
1100=,Siobahn,1
1100=,Siobain,1
1100=,Siobhann,1
1100=,Siona,1
1100=,Sioned,1
1100=,Sitheag,1
1100=,Siwar,1
1100=,Smaira,1
1100=,Sobya,1
1100=,Sofeen,1
1100=,Sofie,1
1100=,Sofya,1
1100=,Sohaib,1
1100=,Soibhan,1
1100=,Sommer,1
1100=,Sonah,1
1100=,Sonnie,1
1100=,Sophie-Louise,1
1100=,Souhila,1
1100=,Stacey-Anne,1
1100=,Stacey-Lee,1
1100=,Staceyann,1
1100=,Staci-Lee,1
1100=,Stacia,1
1100=,Stacyanne,1
1100=,Star,1
1100=,Starrie,1
1100=,Steevi,1
1100=,Stefani,1
1100=,Stephanay,1
1100=,Stephanie-Jo,1
1100=,Stephi,1
1100=,Stephnie,1
1100=,Stern,1
1100=,Steven,1
1100=,Stoney,1
1100=,Storm,1
1100=,Stroma,1
1100=,Struan,1
1100=,Sub,1
1100=,Suckvinder,1
1100=,Sueanna,1
1100=,Suenita,1
1100=,Sui,1
1100=,Suilven,1
1100=,Suk,1
1100=,Sukhdev,1
1100=,Sukhvir,1
1100=,Sukinder,1
1100=,Sultana,1
1100=,Sumaiya,1
1100=,Sumarah,1
1100=,Sumaya,1
1100=,Sumayah,1
1100=,Sumera,1
1100=,Sumiyya,1
1100=,Sunia,1
1100=,Suraiya,1
1100=,Susie,1
1100=,Suzann,1
1100=,Suzelle,1
1100=,Suzette,1
1100=,Suzi,1
1100=,Sylvanie,1
1100=,Symone,1
1100=,Syrah,1
1100=,Taarna,1
1100=,Taegan,1
1100=,Tahnee,1
1100=,Taiba,1
1100=,Taibah,1
1100=,Taima,1
1100=,Talor,1
1100=,Tamala,1
1100=,Tamar,1
1100=,Tamaryne,1
1100=,Tamasin,1
1100=,Tamika,1
1100=,Tammi-Lee,1
1100=,Tamsyn,1
1100=,Tamzyn,1
1100=,Tanita,1
1100=,Tanith,1
1100=,Tanja,1
1100=,Tansy,1
1100=,Tanveer,1
1100=,Tapashree,1
1100=,Tarrah,1
1100=,Taslima,1
1100=,Tasmin,1
1100=,Tasniam,1
1100=,Tasnim,1
1100=,Tatania,1
1100=,Tay,1
1100=,Taylor-Jane,1
1100=,Teagan,1
1100=,Teniola,1
1100=,Tereen,1
1100=,Teressa,1
1100=,Terren,1
1100=,Terri-Ann,1
1100=,Terri-Leigh,1
1100=,Teryll,1
1100=,Tess,1
1100=,Tessa,1
1100=,Tessa-Jane,1
1100=,Teyana,1
1100=,Thaniya,1
1100=,Thomasena,1
1100=,Thomasina,1
1100=,Thyrza,1
1100=,Tiana,1
1100=,Tiayyibha,1
1100=,Tiffani-Rose,1
1100=,Tilley,1
1100=,Tilly,1
1100=,Tineke,1
1100=,Toni-Elaine,1
1100=,Toni-Louise,1
1100=,Toni-Marie,1
1100=,Toniann,1
1100=,Tonilee,1
1100=,Tonimarie,1
1100=,Tonnina,1
1100=,Tonnya,1
1100=,Tracie-Louise,1
1100=,Triona,1
1100=,Trixi,1
1100=,Trudie,1
1100=,Trudy,1
1100=,Tuesday,1
1100=,Tyiesha,1
1100=,Tyla,1
1100=,Tyler,1
1100=,Tyne,1
1100=,Umayzaki,1
1100=,Ummae,1
1100=,Urooj,1
1100=,Ursulla,1
1100=,Urszula,1
1100=,Urum,1
1100=,Uzma,1
1100=,Vahri,1
1100=,Vaila,1
1100=,Vassiliki,1
1100=,Vianna,1
1100=,Vicki-Louise,1
1100=,Victoria-Lynn,1
1100=,Vienna,1
1100=,Vikki-Ann,1
1100=,Viola,1
1100=,Violette,1
1100=,Vittoria,1
1100=,Wendy-Louise,1
1100=,Winifred,1
1100=,Xana,1
1100=,Xanthe,1
1100=,Ximena,1
1100=,Xue,1
1100=,Yardlie,1
1100=,Yasamin,1
1100=,Yaslynne,1
1100=,Yasra,1
1100=,Yazman,1
1100=,Yit,1
1100=,Yolanda,1
1100=,Ysamin,1
1100=,Yumna,1
1100=,Yusra,1
1100=,Yvanna,1
1100=,Yve,1
1100=,Zahrah,1
1100=,Zaibunnisa,1
1100=,Zainub,1
1100=,Zandia,1
1100=,Zandra,1
1100=,Zarah,1
1100=,Zaranne,1
1100=,Zarminah,1
1100=,Zaynib,1
1100=,Zeenat,1
1100=,Zenab,1
1100=,Zianab,1
1100=,Zirka,1
1100=,Zobia,1
1100=,Zoe-Louise,1
1100=,Zoha,1
1100=,Zohrah,1
1100=,Zsara,1
1100=,Zubeda,1
1100=,Zulekhah,1
