Position,Name,Number of babies
1,Emma,819
2,Laura,762
3,Rebecca,664
4,Sarah,654
5,Lauren,642
6,Nicole,598
7,Stephanie,586
8,Amy,573
9,Jennifer,533
10,Rachel,502
11,Kirsty,476
12,Danielle,470
13,Gemma,468
14,Samantha,462
15,Claire,443
16,Jade,390
17,Nicola,387
18,Louise,380
19,Hannah,358
20,Lisa,354
21,Natalie,352
22,Megan,346
23,Ashley,304
24,Ashleigh,255
25,Heather,253
26,Fiona,248
27,Rachael,246
28,Chloe,245
29,Stacey,243
30,Kayleigh,230
31,Amanda,221
32=,Caitlin,208
32=,Natasha,208
34,Hayley,200
35,Sophie,190
36,Melissa,188
37,Katie,187
38,Gillian,185
39,Victoria,178
40,Erin,172
41=,Eilidh,170
41=,Michelle,170
43,Kerry,168
44,Kimberley,165
45,Zoe,163
46,Robyn,152
47,Chelsea,151
48,Emily,146
49,Kelly,145
50,Catherine,136
51,Jodie,135
52,Siobhan,134
53=,Christina,131
53=,Lucy,131
55,Elizabeth,128
56,Karen,126
57,Cheryl,125
58,Shannon,124
59,Catriona,123
60=,Holly,118
60=,Joanne,118
60=,Kirsten,118
63=,Alison,116
63=,Naomi,116
65,Jemma,114
66=,Jenna,111
66=,Julie,111
66=,Katherine,111
69,Charlotte,105
70,Leanne,104
71,Jessica,101
72,Aimee,98
73=,Caroline,97
73=,Kathryn,97
75,Kathleen,95
76,Anna,93
77,Lynsey,87
78=,Clare,80
78=,Demi,80
80,Paula,79
81,Mhairi,77
82,Jordan,76
83,Jacqueline,74
84,Alexandra,73
85=,Alice,72
85=,Lorna,72
85=,Ruth,72
88=,Alana,70
88=,Nicolle,70
90,Lindsay,69
91,Suzanne,68
92,Rebekah,67
93=,Carly,66
93=,Kirstie,66
93=,Shona,66
96=,Hazel,65
96=,Hollie,65
98=,Amber,64
98=,Joanna,64
100,Cara,63
101,Susan,60
102,Sara,59
103=,Leigh,58
103=,Mairi,58
103=,Toni,58
106,Maria,57
107=,Deborah,56
107=,Nikki,56
109,Helen,55
110=,Katrina,54
110=,Kerri,54
112=,Linzi,53
112=,Yasmin,53
114=,Iona,52
114=,Kimberly,52
116,Ailsa,51
117=,Abigail,49
117=,Ainsley,49
117=,Christine,49
117=,Dawn,49
117=,Jane,49
117=,Pamela,49
123=,Courtney,48
123=,Donna,48
125=,Adele,47
125=,Debbie,47
125=,Michaela,47
128,Kate,46
129=,Julia,45
129=,Kelsey,45
129=,Kirstin,45
132=,Margaret,44
132=,Mary,44
134=,Andrea,43
134=,Chantelle,43
136=,Bethany,42
136=,Jamie,42
136=,Jillian,42
136=,Kim,42
136=,Lyndsay,42
136=,Shauni,42
142=,Grace,41
142=,Nadine,41
142=,Paige,41
145=,Jill,40
145=,Melanie,40
147=,Angela,39
147=,Beth,39
147=,Charlene,39
147=,Stacy,39
151=,Lindsey,38
151=,Olivia,38
153,Alanna,37
154=,Chelsey,36
154=,Ellen,36
154=,Leah,36
154=,Lesley,36
158,Sinead,34
159=,April,33
159=,Carrie,33
159=,Katy,33
159=,Lyndsey,33
159=,Lynn,33
159=,Meghan,33
159=,Roisin,33
166=,Kara,32
166=,Rhona,32
166=,Shelley,32
169=,Denise,31
169=,Jasmine,31
171=,Colleen,30
171=,Elaine,30
171=,Linda,30
171=,Maxine,30
171=,Rosie,30
171=,Yvonne,30
177=,Carla,29
177=,Georgia,29
177=,Isla,29
177=,Lori,29
177=,Lorraine,29
177=,Nadia,29
183=,Leona,28
183=,Simone,28
185=,Abby,27
185=,Diane,27
185=,Rosemary,27
185=,Shanice,27
185=,Zara,27
190=,Abbie,26
190=,Alannah,26
190=,Allana,26
190=,Colette,26
190=,Dionne,26
190=,Eleanor,26
196=,Briony,25
196=,Eilish,25
196=,Kristina,25
196=,Lois,25
196=,Morgan,25
196=,Sharon,25
196=,Vikki,25
203=,Bryony,24
203=,Harriet,24
203=,Justine,24
203=,Sarah-Jane,24
203=,Sian,24
203=,Terri,24
203=,Vicki,24
210=,Annie,23
210=,Christie,23
210=,Eve,23
210=,Frances,23
210=,Marianne,23
210=,Morven,23
210=,Tammy,23
210=,Vicky,23
218=,Billie,22
218=,Lynne,22
218=,Rhiannon,22
218=,Tanya,22
218=,Vanessa,22
223=,Aileen,21
223=,Becky,21
223=,Francesca,21
223=,Kerrie,21
223=,Marie,21
223=,Sally,21
223=,Shelby,21
230=,Anne,20
230=,Brogan,20
230=,Carol,20
230=,Ellis,20
230=,Jodi,20
235=,Carmen,19
235=,Dana,19
235=,Georgina,19
235=,Taylor,19
235=,Teri,19
235=,Tracy,19
241=,Alicia,18
241=,Antonia,18
241=,Christy,18
241=,Gail,18
241=,Gayle,18
241=,Judith,18
241=,Mandy,18
241=,Stefanie,18
249=,Amie,17
249=,Collette,17
249=,Connie,17
249=,Dannielle,17
249=,Jamie-Lee,17
249=,Kirsteen,17
249=,Lara,17
249=,Molly,17
257=,Brooke,16
257=,Imogen,16
257=,Keri,16
257=,Lee,16
257=,Lianne,16
257=,Rowan,16
257=,Shauna,16
257=,Sophia,16
257=,Stevie,16
257=,Tara,16
267=,Anita,15
267=,Arlene,15
267=,Cassie,15
267=,Ciara,15
267=,Corrie,15
267=,Katharine,15
267=,Sheree,15
274=,Aisha,14
274=,Alanah,14
274=,Alexandria,14
274=,Ami,14
274=,Carolyn,14
274=,Charmaine,14
274=,Corinne,14
274=,Jasmin,14
274=,Jayne,14
274=,Leeanne,14
274=,Patricia,14
274=,Shaunie,14
274=,Shereen,14
274=,Sonia,14
288=,Abbey,13
288=,Ailie,13
288=,Allison,13
288=,Caitlyn,13
288=,Chelsie,13
288=,Jay,13
288=,Lana,13
288=,Laurie,13
288=,Mhari,13
288=,Monica,13
288=,Nikita,13
288=,Shannen,13
300=,Alex,12
300=,Alisha,12
300=,Alix,12
300=,Alyson,12
300=,Freya,12
300=,Helena,12
300=,Johanna,12
300=,Lucinda,12
300=,Lydia,12
300=,Nichola,12
300=,Staci,12
300=,Tessa,12
300=,Tiffany,12
300=,Tracey,12
314=,Charley,11
314=,Clair,11
314=,Dominique,11
314=,Faye,11
314=,Hope,11
314=,Jean,11
314=,Karina,11
314=,Karis,11
314=,Kayley,11
314=,Kellie,11
314=,Linsey,11
314=,Marnie,11
314=,Roxanne,11
314=,Sarah-Louise,11
314=,Tamsin,11
329=,Ailidh,10
329=,Bobbie,10
329=,Camilla,10
329=,Cassandra,10
329=,Catrina,10
329=,Coral,10
329=,Daryl,10
329=,Debra,10
329=,Emma-Louise,10
329=,Haley,10
329=,Jocelyn,10
329=,Karla,10
329=,Kay,10
329=,Leonie,10
329=,Louisa,10
329=,Lynsay,10
329=,Mairead,10
329=,Miriam,10
329=,Morag,10
329=,Rochelle,10
329=,Rose,10
329=,Seonaid,10
329=,Shelly,10
329=,Stacie,10
329=,Tamara,10
354=,Adelle,9
354=,Ann,9
354=,Chanelle,9
354=,Constance,9
354=,Elisha,9
354=,Eva,9
354=,Janet,9
354=,Janine,9
354=,Jayde,9
354=,Jenny,9
354=,Kaitlin,9
354=,Keira,9
354=,Kendal,9
354=,Kristie,9
354=,Lisa-Marie,9
354=,Madeleine,9
354=,Maryam,9
354=,Mia,9
354=,Nichole,9
354=,Philippa,9
354=,Rosanna,9
354=,Roseanne,9
354=,Shari,9
354=,Stephenie,9
354=,Wendy,9
379=,Annabel,8
379=,Ashton,8
379=,Barbara,8
379=,Bianca,8
379=,Candice,8
379=,Casey,8
379=,Charis,8
379=,Charlie,8
379=,Chiara,8
379=,Daisy,8
379=,Elisabeth,8
379=,Fern,8
379=,Flora,8
379=,Gaynor,8
379=,Hayleigh,8
379=,Hilary,8
379=,Isabella,8
379=,Jody,8
379=,Kelsie,8
379=,Nina,8
379=,Pauline,8
379=,Phoebe,8
379=,Roslyn,8
379=,Sabrina,8
379=,Sandra,8
379=,Seona,8
379=,Serena,8
379=,Sheryl,8
379=,Theresa,8
408=,Ailish,7
408=,Aisling,7
408=,Allanah,7
408=,Allyson,7
408=,Alyssa,7
408=,Anam,7
408=,Belinda,7
408=,Bernadette,7
408=,Claudia,7
408=,Daniella,7
408=,Devon,7
408=,Ebony,7
408=,Evelyn,7
408=,Fay,7
408=,Gabrielle,7
408=,Geraldine,7
408=,Gina,7
408=,Harley,7
408=,India,7
408=,Isabel,7
408=,Jazmin,7
408=,Jordanne,7
408=,Josephine,7
408=,Katriona,7
408=,Kayla,7
408=,Kelly-Anne,7
408=,Larissa,7
408=,Leigh-Anne,7
408=,Leighann,7
408=,Marion,7
408=,Rhian,7
408=,Rona,7
408=,Rosalind,7
408=,Sammy-Jo,7
408=,Sasha,7
408=,Shanna,7
408=,Susannah,7
408=,Teresa,7
408=,Vivienne,7
447=,Amelia,6
447=,Annabelle,6
447=,Anne-Marie,6
447=,Ayesha,6
447=,Aynsley,6
447=,Bonnie,6
447=,Bronwyn,6
447=,Cally,6
447=,Caron,6
447=,Caryn,6
447=,Coleen,6
447=,Elise,6
447=,Ellie,6
447=,Esther,6
447=,Felicity,6
447=,Gabriella,6
447=,Hanna,6
447=,Jaclyn,6
447=,Jaspreet,6
447=,Jessie,6
447=,Jolene,6
447=,Kaleigh,6
447=,Kerry-Ann,6
447=,Kristi,6
447=,Kyra,6
447=,Leighanne,6
447=,Lesley-Ann,6
447=,Marisa,6
447=,Maureen,6
447=,Nazia,6
447=,Niamh,6
447=,Niomi,6
447=,Sandie,6
447=,Selina,6
447=,Sharlene,6
447=,Shaunna,6
447=,Sheona,6
447=,Shonagh,6
447=,Sorcha,6
486=,Abbi,5
486=,Alexis,5
486=,Amina,5
486=,Amy-Louise,5
486=,Ann-Marie,5
486=,Anya,5
486=,Autumn,5
486=,Aysha,5
486=,Calley,5
486=,Carina,5
486=,Cherie,5
486=,Chevonne,5
486=,Cristina,5
486=,Denice,5
486=,Dianne,5
486=,Eileen,5
486=,Eloise,5
486=,Elsa,5
486=,Elspeth,5
486=,Fatima,5
486=,Henna,5
486=,Jacqui,5
486=,Jan,5
486=,Janice,5
486=,Joan,5
486=,Josie,5
486=,Joy,5
486=,Kaya,5
486=,Kaye,5
486=,Kerryanne,5
486=,Kiera,5
486=,Kira,5
486=,Kiran,5
486=,Leeann,5
486=,Lesley-Anne,5
486=,Luisa,5
486=,Lynda,5
486=,Madison,5
486=,Mariam,5
486=,Marissa,5
486=,Martina,5
486=,Moira,5
486=,Nancy,5
486=,Noreen,5
486=,Nyomi,5
486=,Paisley,5
486=,Poppy,5
486=,Rabia,5
486=,Rebekka,5
486=,Rhea,5
486=,Ria,5
486=,Rowena,5
486=,Sadia,5
486=,Sammi,5
486=,Sammy,5
486=,Saskia,5
486=,Shannan,5
486=,Sheila,5
486=,Sheri,5
486=,Tabitha,5
486=,Vivien,5
486=,Zainab,5
548=,Aimie,4
548=,Aine,4
548=,Ainslie,4
548=,Aislinn,4
548=,Alexa,4
548=,Alyx,4
548=,Amiee,4
548=,Annmarie,4
548=,Aoife,4
548=,Beverley,4
548=,Brittany,4
548=,Caley,4
548=,Callie,4
548=,Camille,4
548=,Carole,4
548=,Carrie-Ann,4
548=,Ceilidh,4
548=,Chantal,4
548=,Charelle,4
548=,Cloe,4
548=,Corrine,4
548=,Crystal,4
548=,Danni,4
548=,Dayna,4
548=,Deanna,4
548=,Elena,4
548=,Elinor,4
548=,Enya,4
548=,Faith,4
548=,Farrah,4
548=,Genna,4
548=,Georgie,4
548=,Greta,4
548=,Hailey,4
548=,Hira,4
548=,Isabelle,4
548=,Ishbel,4
548=,Janette,4
548=,Janie,4
548=,Jenifer,4
548=,Jess,4
548=,Jilly,4
548=,Jordyn,4
548=,Juliet,4
548=,Kaitlyn,4
548=,Kari,4
548=,Karin,4
548=,Karli,4
548=,Karly,4
548=,Karyn,4
548=,Kasha,4
548=,Katelyn,4
548=,Kathrine,4
548=,Kaylee,4
548=,Kerry-Anne,4
548=,Kristen,4
548=,Kristy,4
548=,Kylie,4
548=,Kym,4
548=,Laura-Jane,4
548=,Lee-Ann,4
548=,Lee-Anne,4
548=,Levi,4
548=,Lily,4
548=,Loren,4
548=,Lucia,4
548=,Mari,4
548=,Marina,4
548=,Martha,4
548=,Martine,4
548=,Monique,4
548=,Penny,4
548=,Rae,4
548=,Rhianna,4
548=,Robin,4
548=,Ruby,4
548=,Sabah,4
548=,Sammie,4
548=,Shaunagh,4
548=,Shaunnie,4
548=,Sherree,4
548=,Sylvia,4
548=,Symone,4
548=,Tammi,4
548=,Tania,4
548=,Tegan,4
548=,Tina,4
548=,Tuesday,4
548=,Valerie,4
548=,Verity,4
548=,Veronica,4
548=,Whitney,4
548=,Yasmine,4
641=,Adriana,3
641=,Adrianne,3
641=,Adrienne,3
641=,Aimee-Louise,3
641=,Allanna,3
641=,Aneesa,3
641=,Angelica,3
641=,Angharad,3
641=,Anisah,3
641=,Annelie,3
641=,Annelise,3
641=,Annette,3
641=,Ashlea,3
641=,Ashlie,3
641=,Asma,3
641=,Audrey,3
641=,Avril,3
641=,Beckie,3
641=,Bethan,3
641=,Blythe,3
641=,Brenda,3
641=,Bridget,3
641=,Brodie,3
641=,Broghan,3
641=,Callan,3
641=,Carlyn,3
641=,Carolann,3
641=,Carolanne,3
641=,Carrie-Anne,3
641=,Carron,3
641=,Carys,3
641=,Cathrine,3
641=,Ceara,3
641=,Chanice,3
641=,Charly,3
641=,Chereen,3
641=,Corey,3
641=,Corinna,3
641=,Corrina,3
641=,Dara,3
641=,Darlene,3
641=,Dee,3
641=,Diana,3
641=,Eliza,3
641=,Ellyn,3
641=,Elyse,3
641=,Emilia,3
641=,Erika,3
641=,Esme,3
641=,Euphemia,3
641=,Faiza,3
641=,Farah,3
641=,Ferne,3
641=,Gemma-Louise,3
641=,Haleigh,3
641=,Heidi,3
641=,Henrietta,3
641=,Ikra,3
641=,Isobel,3
641=,Jackie,3
641=,Jaimie,3
641=,Jakki,3
641=,Jami,3
641=,Jamie-Leigh,3
641=,Jasmyn,3
641=,Joann,3
641=,Johanne,3
641=,Joni,3
641=,Joyce,3
641=,Juliette,3
641=,Kaley,3
641=,Kareen,3
641=,Katrine,3
641=,Kelly-Ann,3
641=,Kelly-Marie,3
641=,Kellyann,3
641=,Kellyanne,3
641=,Kirsti,3
641=,Kirstine,3
641=,Kirstyn,3
641=,Kristine,3
641=,Krystal,3
641=,Laura-Anne,3
641=,Lea,3
641=,Leila,3
641=,Leonnie,3
641=,Linsay,3
641=,Linzie,3
641=,Lisamarie,3
641=,Liza,3
641=,Lora,3
641=,Lucie,3
641=,Lyn,3
641=,Lynzi,3
641=,Madeline,3
641=,Maisie,3
641=,Maree,3
641=,Margaret-Anne,3
641=,Marium,3
641=,Maryann,3
641=,Mehvish,3
641=,Mellissa,3
641=,Mhairi-Anne,3
641=,Mica,3
641=,Miranda,3
641=,Mollie,3
641=,Morna,3
641=,Morvern,3
641=,Nadene,3
641=,Natallie,3
641=,Natassia,3
641=,Nikole,3
641=,Nyree,3
641=,Orla,3
641=,Priya,3
641=,Racheal,3
641=,Rachelle,3
641=,Raina,3
641=,Rebecka,3
641=,Renee,3
641=,Rheanna,3
641=,Rhia,3
641=,Roma,3
641=,Romana,3
641=,Romany,3
641=,Rosa,3
641=,Rosalie,3
641=,Sacha,3
641=,Sadie,3
641=,Saima,3
641=,Sam,3
641=,Sanah,3
641=,Sandi,3
641=,Sean,3
641=,Shareen,3
641=,Shauney,3
641=,Shawny,3
641=,Sheena,3
641=,Shelbie,3
641=,Sherene,3
641=,Sheridan,3
641=,Shirley,3
641=,Shirley-Anne,3
641=,Sonya,3
641=,Sophie-Louise,3
641=,Steffi,3
641=,Stephannie,3
641=,Susanna,3
641=,Susanne,3
641=,Suzanna,3
641=,Suzi,3
641=,Tasha,3
641=,Tayler,3
641=,Tess,3
641=,Vari,3
641=,Vhairi,3
641=,Zahra,3
641=,Zoey,3
799=,Afton,2
799=,Agnes,2
799=,Aiden,2
799=,Aime,2
799=,Aimi,2
799=,Ainsleigh,2
799=,Aishah,2
799=,Aisleen,2
799=,Alaa,2
799=,Alayne,2
799=,Aleesha,2
799=,Aleisha,2
799=,Alisa,2
799=,Alishia,2
799=,Allie,2
799=,Alyshia,2
799=,Ameena,2
799=,Amie-Jane,2
799=,Amii,2
799=,Aminah,2
799=,Amna,2
799=,Ana,2
799=,Anah,2
799=,Anastasia,2
799=,Andi,2
799=,Angelina,2
799=,Annah,2
799=,Anneli,2
799=,Ariana,2
799=,Arran,2
799=,Ashlay,2
799=,Ashlyn,2
799=,Assia,2
799=,Aston,2
799=,Astrid,2
799=,Athena,2
799=,Augusta,2
799=,Ava,2
799=,Ayeisha,2
799=,Ayla,2
799=,Aynsleigh,2
799=,Aynslie,2
799=,Becki,2
799=,Bekki,2
799=,Blair,2
799=,Cait,2
799=,Caithlyn,2
799=,Caledonia,2
799=,Carey,2
799=,Carissa,2
799=,Carleen,2
799=,Carley,2
799=,Carmel,2
799=,Carol-Ann,2
799=,Casandra,2
799=,Cassy,2
799=,Catelyn,2
799=,Caterina,2
799=,Cayleigh,2
799=,Ceitidh,2
799=,Celia,2
799=,Ceri,2
799=,Chantell,2
799=,Charise,2
799=,Charmain,2
799=,Cherelle,2
799=,Cherise,2
799=,Cherylann,2
799=,Chloe-Ann,2
799=,Chris,2
799=,Christabel,2
799=,Christen,2
799=,Cindy,2
799=,Claire-Louise,2
799=,Clara,2
799=,Clarissa,2
799=,Clayre,2
799=,Codi,2
799=,Cody,2
799=,Cory,2
799=,Craig,2
799=,Cree,2
799=,Dale,2
799=,Danica,2
799=,Danika,2
799=,Danna,2
799=,Danya,2
799=,Darcy,2
799=,Deanne,2
799=,Demi-Lee,2
799=,Deniece,2
799=,Devyn,2
799=,Dion,2
799=,Dione,2
799=,Donna-Marie,2
799=,Dorothy,2
799=,Eden,2
799=,Edith,2
799=,Eireann,2
799=,Elisa,2
799=,Elle,2
799=,Ellice,2
799=,Elysha,2
799=,Emilie,2
799=,Emmajane,2
799=,Erica,2
799=,Errin,2
799=,Evangeline,2
799=,Farrel,2
799=,Fawn,2
799=,Florence,2
799=,Gabriela,2
799=,Gael,2
799=,Gema,2
799=,Genevieve,2
799=,Giuliana,2
799=,Gurpreet,2
799=,Hafsah,2
799=,Hai,2
799=,Halima,2
799=,Hana,2
799=,Haylea,2
799=,Hinna,2
799=,Huma,2
799=,Iffat,2
799=,Iman,2
799=,Indie,2
799=,Ingrid,2
799=,Innes,2
799=,Iqra,2
799=,Irene,2
799=,Islay,2
799=,Jacqualine,2
799=,Jaime,2
799=,Janelle,2
799=,Janis,2
799=,Janna,2
799=,Jaye,2
799=,Jemima,2
799=,Jeni,2
799=,Jo,2
799=,Jordain,2
799=,Jordana,2
799=,Jordane,2
799=,Jorden,2
799=,Jordin,2
799=,Julie-Anne,2
799=,Kalie,2
799=,Karlyn,2
799=,Kasey,2
799=,Kasia,2
799=,Katerina,2
799=,Katya,2
799=,Kayli,2
799=,Kaylie,2
799=,Kaysha,2
799=,Keely,2
799=,Kelli,2
799=,Kelsea,2
799=,Kendall,2
799=,Kendell,2
799=,Keren,2
799=,Kerri-Anne,2
799=,Kerrin,2
799=,Kerry-Leigh,2
799=,Kerryann,2
799=,Kia,2
799=,Kiara,2
799=,Kieran,2
799=,Kimberley-Ann,2
799=,Kitty,2
799=,Koren,2
799=,Korinne,2
799=,Krista,2
799=,Krystyna,2
799=,Lacey,2
799=,Laila,2
799=,Laura-Ann,2
799=,Laura-Louise,2
799=,Laurel,2
799=,Laurin,2
799=,Leaha,2
799=,Leann,2
799=,Leanna,2
799=,Leia,2
799=,Leigh-Ann,2
799=,Leyla,2
799=,Lia,2
799=,Liann,2
799=,Libby,2
799=,Linden,2
799=,Lisbeth,2
799=,Lizanne,2
799=,Lorien,2
799=,Lorin,2
799=,Lucille,2
799=,Lynette,2
799=,Lynzie,2
799=,Lyssa,2
799=,Maeve,2
799=,Maggie,2
799=,Maire,2
799=,Malisa,2
799=,Mallory,2
799=,Margaret-Ann,2
799=,Mariah,2
799=,Mariann,2
799=,Marita,2
799=,Marwa,2
799=,Matilda,2
799=,Maya,2
799=,Meg,2
799=,Mehreen,2
799=,Meigan,2
799=,Melisa,2
799=,Mercedes,2
799=,Meredith,2
799=,Michele,2
799=,Mikaela,2
799=,Mischa,2
799=,Morgyn,2
799=,Nada,2
799=,Naina,2
799=,Nathalie,2
799=,Navada,2
799=,Necolle,2
799=,Nia,2
799=,Nicki,2
799=,Nicky,2
799=,Nicol,2
799=,Nicola-Jane,2
799=,Niki,2
799=,Nikkita,2
799=,Nikola,2
799=,Niomie,2
799=,Nur,2
799=,Nurul,2
799=,Oonagh,2
799=,Paloma,2
799=,Patsy,2
799=,Pippa,2
799=,Polly,2
799=,Priscilla,2
799=,Rachele,2
799=,Reagan,2
799=,Rebeccah,2
799=,Rhiann,2
799=,Rhianne,2
799=,Rio,2
799=,Robynn,2
799=,Robynne,2
799=,Rosanagh,2
799=,Rosina,2
799=,Rosslyn,2
799=,Rudi,2
799=,Saffron,2
799=,Sairah,2
799=,Saman,2
799=,Samantha-Anne,2
799=,Samantha-Jane,2
799=,Sana,2
799=,Saoirse,2
799=,Sarah-Anne,2
799=,Sarah-Jayne,2
799=,Sascha,2
799=,Satveer,2
799=,Savannah,2
799=,Sehrish,2
799=,Senga,2
799=,Seonag,2
799=,Shabnam,2
799=,Shaina,2
799=,Sharyn,2
799=,Shaune,2
799=,Shauny,2
799=,Shavonne,2
799=,Shawnee,2
799=,Shazia,2
799=,Shellie,2
799=,Sherrie,2
799=,Shiree,2
799=,Shivani,2
799=,Simonne,2
799=,Siti,2
799=,Skye,2
799=,Soibhan,2
799=,Stella,2
799=,Stephany,2
799=,Steven,2
799=,Stevi,2
799=,Sumayyah,2
799=,Susie,2
799=,Suzannah,2
799=,Suzy,2
799=,Syeda,2
799=,Tami,2
799=,Tanja,2
799=,Tasmin,2
799=,Taylore,2
799=,Terri-Louise,2
799=,Tiana,2
799=,Tonya,2
799=,Valentina,2
799=,Vickie,2
799=,Violet,2
799=,Virginia,2
799=,Vivian,2
799=,Wallis,2
799=,Wilma,2
799=,Yvette,2
799=,Zena,2
799=,Zenab,2
1111=,Aaisha,1
1111=,Aalana,1
1111=,Aaron,1
1111=,Abbeigh,1
1111=,Abbigail,1
1111=,Abbyda,1
1111=,Abigal,1
1111=,Adehlie,1
1111=,Adel,1
1111=,Adellah,1
1111=,Aden,1
1111=,Aditi,1
1111=,Adjana,1
1111=,Adreesa,1
1111=,Adrianna,1
1111=,Adriienne,1
1111=,Aeilidh,1
1111=,Affric,1
1111=,Afreen,1
1111=,Ahlee,1
1111=,Aidan,1
1111=,Aileas,1
1111=,Aileigh,1
1111=,Ailis,1
1111=,Ailisa,1
1111=,Aillie,1
1111=,Ailts,1
1111=,Aimee-Nicole,1
1111=,Aimie-Louise,1
1111=,Aimy,1
1111=,Ainslidh,1
1111=,Ainsliegh,1
1111=,Aishling,1
1111=,Ajufa,1
1111=,Aksa,1
1111=,Alan,1
1111=,Alba,1
1111=,Aleasha,1
1111=,Aleighsha,1
1111=,Aleise,1
1111=,Aleix,1
1111=,Alesha,1
1111=,Aleshia,1
1111=,Alessia,1
1111=,Alette,1
1111=,Alexander,1
1111=,Alexandera,1
1111=,Alexandrea,1
1111=,Alexiss,1
1111=,Alexzandra,1
1111=,Alexzina,1
1111=,Ali,1
1111=,Alia,1
1111=,Alica,1
1111=,Alie,1
1111=,Aliesha,1
1111=,Alishya,1
1111=,Alissa,1
1111=,Alistair,1
1111=,Alixandra,1
1111=,Aliya,1
1111=,Allannah,1
1111=,Allea,1
1111=,Allesha,1
1111=,Allisa,1
1111=,Allix,1
1111=,Ally,1
1111=,Almaz,1
1111=,Alya,1
1111=,Alycia,1
1111=,Alysha,1
1111=,Alysia,1
1111=,Alyssia,1
1111=,Aman,1
1111=,Amana,1
1111=,Amanda-Jane,1
1111=,Amarah,1
1111=,Amarpreet,1
1111=,Amazon,1
1111=,Amber-Corinne,1
1111=,Amber-Louise,1
1111=,Amber-Rose,1
1111=,Ambeur,1
1111=,Ambre,1
1111=,Ambreen,1
1111=,Ambriene,1
1111=,Amee,1
1111=,Ameera,1
1111=,Amerah,1
1111=,Amie-Lee,1
1111=,Amira,1
1111=,Ammara,1
1111=,Ammi,1
1111=,Amrit,1
1111=,Amrita,1
1111=,Amy-Lee,1
1111=,Amyeo,1
1111=,Amylouise,1
1111=,Ana-Luisa,1
1111=,Ana-Maria,1
1111=,Anahita,1
1111=,Analysse,1
1111=,Anbar,1
1111=,Andrena,1
1111=,Andrew,1
1111=,Andrina,1
1111=,Andrine,1
1111=,Aneeka,1
1111=,Aneesah,1
1111=,Anessa,1
1111=,Angelene,1
1111=,Angelika,1
1111=,Aniela,1
1111=,Aniqah,1
1111=,Anisa,1
1111=,Anisha,1
1111=,Aniysha,1
1111=,Anjuli,1
1111=,Anna-Lisa,1
1111=,Annabell,1
1111=,Annahita,1
1111=,Annalea,1
1111=,Annaliese,1
1111=,Annalisa,1
1111=,Annam,1
1111=,Anneliese,1
1111=,Annemarie,1
1111=,Annice,1
1111=,Annie-Theresa,1
1111=,Annina,1
1111=,Annlouise,1
1111=,Anny,1
1111=,Anouk,1
1111=,Anovska,1
1111=,Ansleigh,1
1111=,Anum,1
1111=,April-Louise,1
1111=,Aqsa,1
1111=,Aradhna,1
1111=,Ardelle,1
1111=,Areeba,1
1111=,Arfa,1
1111=,Arfah,1
1111=,Ari,1
1111=,Arianne,1
1111=,Arielle,1
1111=,Arifa,1
1111=,Arisha,1
1111=,Aristea,1
1111=,Arizona,1
1111=,Arlena,1
1111=,Arnina,1
1111=,Aroomza,1
1111=,Aroosa,1
1111=,Arrianne,1
1111=,Arrowa,1
1111=,Arshia,1
1111=,Arwa,1
1111=,Arwen,1
1111=,Asal,1
1111=,Asees,1
1111=,Ash-Leigh,1
1111=,Asha,1
1111=,Ashara,1
1111=,Ashea,1
1111=,Ashia,1
1111=,Ashle,1
1111=,Ashleigh-Ann,1
1111=,Ashleigh-Louise,1
1111=,Ashley-Ann,1
1111=,Ashley-Jane,1
1111=,Ashley-Louise,1
1111=,Ashley-Marie,1
1111=,Ashliegh,1
1111=,Ashvini,1
1111=,Asia,1
1111=,Asmah,1
1111=,Asyah,1
1111=,Atlanta,1
1111=,Aurelie,1
1111=,Aurndeep,1
1111=,Aurora,1
1111=,Austen,1
1111=,Austine,1
1111=,Avalon,1
1111=,Averil,1
1111=,Avneet,1
1111=,Awais,1
1111=,Axel,1
1111=,Aya,1
1111=,Ayeesha,1
1111=,Aylish,1
1111=,Aysa,1
1111=,Ayshea,1
1111=,Azaria,1
1111=,Banafsag,1
1111=,Beatrice,1
1111=,Bebhinn,1
1111=,Becci,1
1111=,Becky-Laine,1
1111=,Becky-Rae,1
1111=,Beki,1
1111=,Bendzir,1
1111=,Benna,1
1111=,Betheney,1
1111=,Bethwyn,1
1111=,Betsy,1
1111=,Bettine,1
1111=,Beverly,1
1111=,Bevhan,1
1111=,Billie-Jayne,1
1111=,Billie-Jo,1
1111=,Billyjoe,1
1111=,Blaine,1
1111=,Blaise,1
1111=,Blake,1
1111=,Blue,1
1111=,Bobbi,1
1111=,Bobbi-Joann,1
1111=,Bobbie-Jayne,1
1111=,Bobby,1
1111=,Bobby-Jo,1
1111=,Bonita,1
1111=,Bracken,1
1111=,Brett,1
1111=,Bride,1
1111=,Bridghit,1
1111=,Brieghe,1
1111=,Brighde,1
1111=,Brigid,1
1111=,Brinsley,1
1111=,Broaghan,1
1111=,Brody,1
1111=,Bronac,1
1111=,Bronte,1
1111=,Bronya,1
1111=,Brook,1
1111=,Brooke-Hayley,1
1111=,Brooklyn,1
1111=,Brougan,1
1111=,Bryce,1
1111=,Bryonie,1
1111=,Bryonnie,1
1111=,Bushra,1
1111=,Busra,1
1111=,Caelsa,1
1111=,Cai,1
1111=,Caia,1
1111=,Caieta,1
1111=,Caighley,1
1111=,Caillie,1
1111=,Caira-Louise,1
1111=,Caireen,1
1111=,Cairin,1
1111=,Cairine,1
1111=,Cairney,1
1111=,Cairo,1
1111=,Caitlan,1
1111=,Caitlin-Rose,1
1111=,Caitlind,1
1111=,Caitlynd,1
1111=,Caitlynn,1
1111=,Caitrin,1
1111=,Cal,1
1111=,Calais,1
1111=,Caleigh,1
1111=,Cali,1
1111=,Callaidh,1
1111=,Calli,1
1111=,Camila,1
1111=,Cammie,1
1111=,Candace,1
1111=,Candeice,1
1111=,Candiece,1
1111=,Cara-Jane,1
1111=,Carah,1
1111=,Careen,1
1111=,Carena,1
1111=,Cari,1
1111=,Carla-Jean,1
1111=,Carla-Marie,1
1111=,Carlena,1
1111=,Carlene,1
1111=,Carli,1
1111=,Carlien,1
1111=,Carly-Ann,1
1111=,Carly-Anne,1
1111=,Carlynne,1
1111=,Carma,1
1111=,Carmela,1
1111=,Carol-Anne,1
1111=,Carole-Ann,1
1111=,Carole-Anne,1
1111=,Carolina,1
1111=,Carolyne,1
1111=,Carolynne,1
1111=,Carragh,1
1111=,Carre,1
1111=,Carrena,1
1111=,Carri-Anne,1
1111=,Carrieann,1
1111=,Carris,1
1111=,Carylann,1
1111=,Cassie-Leigh,1
1111=,Catherine-Ann,1
1111=,Cathleen,1
1111=,Cathlin,1
1111=,Cathryn,1
1111=,Catrin,1
1111=,Catrine,1
1111=,Catrion,1
1111=,Cayce,1
1111=,Cayce-Jade,1
1111=,Ceana,1
1111=,Cecelia,1
1111=,Cecilia,1
1111=,Ceit,1
1111=,Ceitlin,1
1111=,Celeste,1
1111=,Celine,1
1111=,Chadelle,1
1111=,Chahat,1
1111=,Chainey-Lee,1
1111=,Chamaine,1
1111=,Chanel,1
1111=,Channelle,1
1111=,Channon,1
1111=,Chantel,1
1111=,Chareece,1
1111=,Charine,1
1111=,Charisse,1
1111=,Charity,1
1111=,Charleigh,1
1111=,Charli,1
1111=,Charli-Louise,1
1111=,Charlie-Ann,1
1111=,Charlotte-Amy,1
1111=,Charlotte-Louis,1
1111=,Charmian,1
1111=,Chaunice,1
1111=,Chauntelle,1
1111=,Chavon,1
1111=,Chavonne,1
1111=,Chayne,1
1111=,Chelcie,1
1111=,Chellsey,1
1111=,Chelsay,1
1111=,Chelsea-Lee,1
1111=,Chelsey-Lee,1
1111=,Chelsy,1
1111=,Cheney,1
1111=,Chenice,1
1111=,Chenise,1
1111=,Chennice,1
1111=,Cher,1
1111=,Cheralynn,1
1111=,Cherene,1
1111=,Cherhys,1
1111=,Cheri,1
1111=,Cheriese,1
1111=,Cherilyn,1
1111=,Cherisse,1
1111=,Cherlea,1
1111=,Cherrise,1
1111=,Cherryl,1
1111=,Cheryle,1
1111=,Cherysse,1
1111=,Cheska,1
1111=,Chevon,1
1111=,Cheyenne,1
1111=,Chiaka,1
1111=,Chiera,1
1111=,Chinasa,1
1111=,Chirsty,1
1111=,Chloe-Danielle,1
1111=,Chloe-Julia,1
1111=,Chloe-Louise,1
1111=,Chrissie,1
1111=,Christianne,1
1111=,Christie-Lee,1
1111=,Christopher,1
1111=,Chyvonne,1
1111=,Ciaron,1
1111=,Cicely,1
1111=,Ciorstaidh,1
1111=,Ciorstan,1
1111=,Ciya,1
1111=,Clairanne,1
1111=,Claire-Amy,1
1111=,Clara-Jane,1
1111=,Clare-Louise,1
1111=,Clarice,1
1111=,Clayer,1
1111=,Cloey,1
1111=,Colene,1
1111=,Colin,1
1111=,Collice,1
1111=,Connaire,1
1111=,Connie-Louise,1
1111=,Conta,1
1111=,Cora,1
1111=,Corale,1
1111=,Coralee,1
1111=,Corall,1
1111=,Cordelia,1
1111=,Cori,1
1111=,Corina,1
1111=,Corri,1
1111=,Corrin,1
1111=,Courteney,1
1111=,Courtni,1
1111=,Courtnie,1
1111=,Cydney,1
1111=,Cylest,1
1111=,Dace-Anna,1
1111=,Dahryl,1
1111=,Dalia,1
1111=,Dalvinder,1
1111=,Dana-Louise,1
1111=,Danee,1
1111=,Danella,1
1111=,Daniejela,1
1111=,Daniela,1
1111=,Danise,1
1111=,Danniell,1
1111=,Dannii,1
1111=,Danyele,1
1111=,Darah,1
1111=,Darcey,1
1111=,Darianne,1
1111=,Darra,1
1111=,Darragh,1
1111=,Darrah,1
1111=,Darren,1
1111=,Darryl,1
1111=,Daryll,1
1111=,Davina,1
1111=,Dawn-Marie,1
1111=,Dawn-Rose,1
1111=,Dayle,1
1111=,Daynah,1
1111=,Deana,1
1111=,Debbi,1
1111=,Debi,1
1111=,Debielee,1
1111=,Deborah-Ann,1
1111=,Dee-Anne,1
1111=,Deenika,1
1111=,Deeraj,1
1111=,Deesa,1
1111=,Deeza,1
1111=,Deirdrie,1
1111=,Delanie,1
1111=,Delhi,1
1111=,Demi-Lea,1
1111=,Demi-Louise,1
1111=,Demii,1
1111=,Demitra,1
1111=,Demy,1
1111=,Dena,1
1111=,Denham,1
1111=,Denize,1
1111=,Denna,1
1111=,Denni,1
1111=,Denya,1
1111=,Deonne,1
1111=,Deri,1
1111=,Derlyn,1
1111=,Derri,1
1111=,Derrie,1
1111=,Derryn,1
1111=,Dervla,1
1111=,Desiree,1
1111=,Devin,1
1111=,Devon-Islay,1
1111=,Devone,1
1111=,Devora,1
1111=,Dewry,1
1111=,Dhanika,1
1111=,Dhirej,1
1111=,Dian,1
1111=,Diko,1
1111=,Dior,1
1111=,Divya,1
1111=,Djamila,1
1111=,Dominque,1
1111=,Donana,1
1111=,Donnamarie,1
1111=,Donya,1
1111=,Dorie,1
1111=,Dounia,1
1111=,Dreita,1
1111=,Drugh,1
1111=,Dulcie,1
1111=,Dyan,1
1111=,Eadie,1
1111=,Ealasaid,1
1111=,Ebenmosi,1
1111=,Edana,1
1111=,Eddi,1
1111=,Eddilouise,1
1111=,Edele,1
1111=,Effie,1
1111=,Eibhlin,1
1111=,Eidann,1
1111=,Eila,1
1111=,Eildh,1
1111=,Eilean,1
1111=,Eilioh,1
1111=,Eilis,1
1111=,Eilise,1
1111=,Eily,1
1111=,Eirian,1
1111=,Eirinn,1
1111=,Elan,1
1111=,Elayna,1
1111=,Eleanore,1
1111=,Eleena,1
1111=,Eleisha,1
1111=,Elidh,1
1111=,Elif,1
1111=,Elish,1
1111=,Elisheva,1
1111=,Elissa,1
1111=,Ella,1
1111=,Ella-Jane,1
1111=,Ellie-May,1
1111=,Elly,1
1111=,Eloisa,1
1111=,Elouisa,1
1111=,Elouise,1
1111=,Elsie,1
1111=,Elyssa,1
1111=,Ema,1
1111=,Ember,1
1111=,Emel,1
1111=,Emer,1
1111=,Emerald,1
1111=,Emilirose,1
1111=,Emily-Alexandra,1
1111=,Emily-Jane,1
1111=,Emma-Jayne,1
1111=,Emma-Leigh,1
1111=,Emmajean,1
1111=,Emme,1
1111=,Emmie,1
1111=,Emmy,1
1111=,Emna,1
1111=,Ena,1
1111=,Engi,1
1111=,Erran,1
1111=,Errynn,1
1111=,Eryn,1
1111=,Erynn,1
1111=,Esmie,1
1111=,Ettanya,1
1111=,Eugenie,1
1111=,Evann,1
1111=,Evanthia,1
1111=,Evette,1
1111=,Evie,1
1111=,Faaiza,1
1111=,Fabia,1
1111=,Fabliha,1
1111=,Faieza,1
1111=,Fallon,1
1111=,Falon,1
1111=,Falyne,1
1111=,Fardos,1
1111=,Fareedah,1
1111=,Farhana,1
1111=,Farhanah,1
1111=,Fariya,1
1111=,Farnoush,1
1111=,Farrell,1
1111=,Farzaana,1
1111=,Fateme,1
1111=,Fatemeh,1
1111=,Fathima,1
1111=,Fatiha,1
1111=,Fatimatuzzahrah,1
1111=,Fawne,1
1111=,Faylinn,1
1111=,Feiona,1
1111=,Felicity-Kate,1
1111=,Fernan,1
1111=,Fezaa,1
1111=,Fidelma,1
1111=,Finleigh,1
1111=,Finola,1
1111=,Fionn,1
1111=,Fionnah,1
1111=,Firdaus,1
1111=,Firdos,1
1111=,Fozia,1
1111=,Franchesca,1
1111=,Francisca,1
1111=,Freda,1
1111=,Freha,1
1111=,Freyja,1
1111=,Gabriele,1
1111=,Gaile,1
1111=,Geena,1
1111=,Gemma-Claire,1
1111=,Gemma-Dee,1
1111=,Gemma-Grace,1
1111=,Gena,1
1111=,Genna-Louise,1
1111=,Gennifer,1
1111=,Ghislaine,1
1111=,Ghulam,1
1111=,Gi,1
1111=,Gigha,1
1111=,Gioia,1
1111=,Giordana,1
1111=,Giorgia-Nicole,1
1111=,Giovanna,1
1111=,Giulia,1
1111=,Giulianna,1
1111=,Glenn,1
1111=,Glenne,1
1111=,Gracie,1
1111=,Grainne,1
1111=,Greer,1
1111=,Gufran,1
1111=,Gul,1
1111=,Gulizar,1
1111=,Gur-Suneet,1
1111=,Gurjeet,1
1111=,Gurjot,1
1111=,Gurveen,1
1111=,Guyane,1
1111=,Gwendolen,1
1111=,Hadassah,1
1111=,Hadia,1
1111=,Hadil,1
1111=,Haighlee,1
1111=,Hailee,1
1111=,Hajer,1
1111=,Hala,1
1111=,Halley,1
1111=,Hanaa,1
1111=,Hanae,1
1111=,Hanah,1
1111=,Hanan,1
1111=,Haneen,1
1111=,Haniah,1
1111=,Hannah-Denise,1
1111=,Hannah-Leanne,1
1111=,Hannah-Louise,1
1111=,Hanneke,1
1111=,Hao,1
1111=,Harjoyt,1
1111=,Harpa,1
1111=,Harpreet,1
1111=,Harvinder,1
1111=,Hasna,1
1111=,Hayfa,1
1111=,Haylay,1
1111=,Haylie,1
1111=,Hayliegh,1
1111=,Haymen,1
1111=,Hazel-Anne,1
1111=,Hazel-Jane,1
1111=,Haziqah,1
1111=,Heaven,1
1111=,Hebah-Allah,1
1111=,Heena,1
1111=,Heledd,1
1111=,Helga,1
1111=,Hellen,1
1111=,Hester,1
1111=,Hikaru,1
1111=,Hill,1
1111=,Hina,1
1111=,Holli,1
1111=,Hollie-Louise,1
1111=,Honor,1
1111=,Humaira,1
1111=,Hummera,1
1111=,Humyra,1
1111=,Husanjit,1
1111=,Husnaa,1
1111=,Ibtehal,1
1111=,Ida,1
1111=,Iesha,1
1111=,Ilara,1
1111=,Ilona,1
1111=,Inderjit,1
1111=,Indianatasha,1
1111=,Indigo,1
1111=,Inga,1
1111=,Inger,1
1111=,Ingri,1
1111=,Ioanna,1
1111=,Ione,1
1111=,Iqrah,1
1111=,Iram,1
1111=,Irantzu,1
1111=,Isabell,1
1111=,Isean,1
1111=,Isha,1
1111=,Isla-Katrina,1
1111=,Islame,1
1111=,Jacalyn,1
1111=,Jacinta,1
1111=,Jackalyne,1
1111=,Jacki,1
1111=,Jacklyn,1
1111=,Jacklynn,1
1111=,Jacolyn,1
1111=,Jacqueleine,1
1111=,Jacquelyn,1
1111=,Jacquelyne,1
1111=,Jacqui-Leigh,1
1111=,Jacquie,1
1111=,Jacquiline,1
1111=,Jade-Dionne,1
1111=,Jade-Louise,1
1111=,Jadwiga,1
1111=,Jaia,1
1111=,Jaide,1
1111=,Jaimie-Lee,1
1111=,Jamei,1
1111=,Jamela,1
1111=,Jameylee,1
1111=,Jamie-Lea,1
1111=,Jamie-Michelle,1
1111=,Jamielee,1
1111=,Jamieleigh,1
1111=,Jamila,1
1111=,Jammell,1
1111=,Jan-Nicolle,1
1111=,Janae,1
1111=,Jane-Marie,1
1111=,Janeen,1
1111=,Janey,1
1111=,Janina,1
1111=,Jannelle,1
1111=,Jannian,1
1111=,Jawairia,1
1111=,Jayanne,1
1111=,Jaydeene,1
1111=,Jaydn,1
1111=,Jaymee,1
1111=,Jaynee,1
1111=,Jaynie,1
1111=,Jeanetta,1
1111=,Jeanette,1
1111=,Jeanine,1
1111=,Jeanna,1
1111=,Jeannette,1
1111=,Jeannie,1
1111=,Jemma-Louise,1
1111=,Jena,1
1111=,Jenelle,1
1111=,Jeng,1
1111=,Jeniffer,1
1111=,Jenna-Louise,1
1111=,Jenna-Marie,1
1111=,Jennah,1
1111=,Jennie,1
1111=,Jenniffer,1
1111=,Jennylynn,1
1111=,Jenyth,1
1111=,Jeri,1
1111=,Jerri,1
1111=,Jerry,1
1111=,Jewel,1
1111=,Jhodie,1
1111=,Ji,1
1111=,Jia,1
1111=,Jinan,1
1111=,Jinting,1
1111=,Jireh,1
1111=,Jo-Ann,1
1111=,Jo-Anna,1
1111=,Joane,1
1111=,Jodi-Lee,1
1111=,Jodie-Leanne,1
1111=,Jodie-Lee,1
1111=,Jodielee,1
1111=,Joe,1
1111=,Joelle,1
1111=,Johana,1
1111=,Jola,1
1111=,Jordan-Leigh,1
1111=,Jordann,1
1111=,Jordanna,1
1111=,Jordhan,1
1111=,Jordynne,1
1111=,Jorgia,1
1111=,Jorja,1
1111=,Joscelin,1
1111=,Joscelyn,1
1111=,Josianne,1
1111=,Judy,1
1111=,Julianna,1
1111=,Julianne,1
1111=,Julieann,1
1111=,June,1
1111=,Juni,1
1111=,Juno,1
1111=,Jusdeen-Leigh,1
1111=,Justene,1
1111=,Jvieria,1
1111=,Kaamila,1
1111=,Kacha,1
1111=,Kacie,1
1111=,Kadi,1
1111=,Kaeleigh,1
1111=,Kahli,1
1111=,Kaigan,1
1111=,Kailey,1
1111=,Kaisha,1
1111=,Kaitlynn,1
1111=,Kaleana,1
1111=,Kali,1
1111=,Kalila,1
1111=,Kallan-Mai,1
1111=,Kallie,1
1111=,Kamaria,1
1111=,Kamini,1
1111=,Kamlash,1
1111=,Kandice,1
1111=,Kanika,1
1111=,Kar,1
1111=,Karas,1
1111=,Karena,1
1111=,Karesha,1
1111=,Kariana,1
1111=,Karissa,1
1111=,Karlin,1
1111=,Karma,1
1111=,Karmin,1
1111=,Karoline,1
1111=,Karren,1
1111=,Karrie,1
1111=,Karyse,1
1111=,Kassandra,1
1111=,Kassi,1
1111=,Kassia,1
1111=,Katelin,1
1111=,Katey,1
1111=,Katherine-Clare,1
1111=,Kathlynne,1
1111=,Kathy,1
1111=,Kati,1
1111=,Katie-Anne,1
1111=,Katie-Jean,1
1111=,Katie-Joan,1
1111=,Katie-Louise,1
1111=,Katieann,1
1111=,Katriina,1
1111=,Katrin,1
1111=,Katryn,1
1111=,Katryna,1
1111=,Kattlin,1
1111=,Kayanna,1
1111=,Kayla-Lee,1
1111=,Kayleigh-Anne,1
1111=,Kayleigh-Elizab,1
1111=,Kayleighanne,1
1111=,Kayliegh,1
1111=,Kayna,1
1111=,Kayree,1
1111=,Kazanna,1
1111=,Kazue,1
1111=,Kea,1
1111=,Kealla,1
1111=,Kealy,1
1111=,Keana,1
1111=,Kearney,1
1111=,Keeleigh,1
1111=,Keera,1
1111=,Kehkeshan,1
1111=,Keigheley,1
1111=,Keighleigh,1
1111=,Keiliegh,1
1111=,Keisha,1
1111=,Kelbay,1
1111=,Kelleigh,1
1111=,Kelley,1
1111=,Kellianne,1
1111=,Kellie-Marie,1
1111=,Kellsey,1
1111=,Kellsie,1
1111=,Kelly-Louise,1
1111=,Kellymarie,1
1111=,Kelsie-Ann,1
1111=,Kemi,1
1111=,Kendyl,1
1111=,Kennerty,1
1111=,Kenzey,1
1111=,Kenzie,1
1111=,Keri-Marie,1
1111=,Kerie,1
1111=,Kerin,1
1111=,Kerina,1
1111=,Keris,1
1111=,Kerrera,1
1111=,Kerri-Ann,1
1111=,Kerrianne,1
1111=,Kerrie-Ann,1
1111=,Kerrie-Anne,1
1111=,Kerrie-Louise,1
1111=,Kerry-Jane,1
1111=,Kerry-Jo,1
1111=,Kerry-Lee,1
1111=,Kerry-Louise,1
1111=,Kersty,1
1111=,Keryn,1
1111=,Keshena,1
1111=,Ketis,1
1111=,Keyleigh,1
1111=,Khadejsha,1
1111=,Khadija,1
1111=,Khailey,1
1111=,Khara,1
1111=,Kheira,1
1111=,Kherri,1
1111=,Kiana,1
1111=,Kiaya,1
1111=,Kierran,1
1111=,Kiheela,1
1111=,Kiloran,1
1111=,Kimberlay-Louis,1
1111=,Kimberleigh,1
1111=,Kimberleigh-Lou,1
1111=,Kimberley-Clair,1
1111=,Kimberley-Louis,1
1111=,Kimberlie,1
1111=,Kira-Louise,1
1111=,Kirandeep,1
1111=,Kirandip,1
1111=,Kiren,1
1111=,Kirene,1
1111=,Kiriaki,1
1111=,Kirstey,1
1111=,Kirstieleigh,1
1111=,Kirsty-Ann,1
1111=,Kirsty-Anne,1
1111=,Kirsty-Louise,1
1111=,Kiya,1
1111=,Kiyomi,1
1111=,Kizzy,1
1111=,Klair,1
1111=,Klayr,1
1111=,Kloe,1
1111=,Klud,1
1111=,Korrie,1
1111=,Korriene,1
1111=,Korryl,1
1111=,Kostandina,1
1111=,Kreisha,1
1111=,Kristin,1
1111=,Kuljeet,1
1111=,Kuljit,1
1111=,Kulwant,1
1111=,Kyanna-Louise,1
1111=,Kyle,1
1111=,Kymberley,1
1111=,Kymberli,1
1111=,Kymberly,1
1111=,Kymbirley,1
1111=,Kyrstie,1
1111=,Kyrsty,1
1111=,Lai,1
1111=,Laiken,1
1111=,Lainie,1
1111=,Lakhvinder,1
1111=,Lale,1
1111=,Lamara,1
1111=,Lanah,1
1111=,Laney,1
1111=,Lannette,1
1111=,Lara-Jane,1
1111=,Lara-Louise,1
1111=,Laraeb,1
1111=,Larah,1
1111=,Laraine,1
1111=,Larisa,1
1111=,Latoya,1
1111=,Laura-Jean,1
1111=,Lauramarie,1
1111=,Laurann,1
1111=,Laureen,1
1111=,Laurell,1
1111=,Laurelle,1
1111=,Lauren-Joanne,1
1111=,Laurene,1
1111=,Lauri,1
1111=,Laurna,1
1111=,Laurra,1
1111=,Layna,1
1111=,Leah-Louise,1
1111=,Leane,1
1111=,Lee-Jane,1
1111=,Leesa,1
1111=,Leiana,1
1111=,Leighamarie,1
1111=,Lema,1
1111=,Lena,1
1111=,Lena-May,1
1111=,Leni,1
1111=,Lennox,1
1111=,Leomi,1
1111=,Leoni,1
1111=,Leonne,1
1111=,Lesleyanne,1
1111=,Leslie,1
1111=,Lewis,1
1111=,Lhana,1
1111=,Li-Hung,1
1111=,Liane,1
1111=,Liberty,1
1111=,Lieke,1
1111=,Lilia,1
1111=,Lilian,1
1111=,Lilias,1
1111=,Lilidh,1
1111=,Lilith,1
1111=,Lillian,1
1111=,Lina,1
1111=,Lindsay-Jane,1
1111=,Lindy,1
1111=,Lindzi,1
1111=,Linzey,1
1111=,Lisa-Anne,1
1111=,Lisha,1
1111=,Lissa,1
1111=,Lissara,1
1111=,Liusaidh,1
1111=,Livia,1
1111=,Llana,1
1111=,Lomond,1
1111=,Lorel,1
1111=,Lorena,1
1111=,Lorie,1
1111=,Lorn,1
1111=,Loryn,1
1111=,Lottie,1
1111=,Louie,1
1111=,Louisa-Anne,1
1111=,Louisa-Jane,1
1111=,Louise-Ann,1
1111=,Louisha,1
1111=,Louissa,1
1111=,Luana,1
1111=,Lubna,1
1111=,Lucile,1
1111=,Lulach,1
1111=,Lyanne,1
1111=,Lyka,1
1111=,Lyndilee,1
1111=,Lyndsay-Anne,1
1111=,Lyndsey-Anne,1
1111=,Lynnette,1
1111=,Lynsey-Anne,1
1111=,Lynze,1
1111=,Maarya,1
1111=,Maclare,1
1111=,Madeha,1
1111=,Madelaine,1
1111=,Madelynne,1
1111=,Madhia,1
1111=,Madiah,1
1111=,Madihah,1
1111=,Mae,1
1111=,Maegan,1
1111=,Magan,1
1111=,Magdalen,1
1111=,Magen,1
1111=,Maher,1
1111=,Mahjabeen,1
1111=,Mahlana,1
1111=,Mahri,1
1111=,Mahria,1
1111=,Mahum,1
1111=,Mahvish,1
1111=,Mairead-Anna,1
1111=,Mairi-Anne,1
1111=,Maja,1
1111=,Majid,1
1111=,Makayla,1
1111=,Malaika,1
1111=,Malak,1
1111=,Malia,1
1111=,Malneet,1
1111=,Malvika,1
1111=,Mamta,1
1111=,Mandie,1
1111=,Mandii,1
1111=,Mankiran,1
1111=,Manpreet,1
1111=,Maralisa,1
1111=,Maram,1
1111=,Marc,1
1111=,Marcella,1
1111=,Margaret-Louise,1
1111=,Margaretann,1
1111=,Margarita,1
1111=,Margot,1
1111=,Marguerite,1
1111=,Mari-Claire,1
1111=,Mari-Elaine,1
1111=,Maria-Francesca,1
1111=,Marianna,1
1111=,Marie-Claire,1
1111=,Mariella,1
1111=,Mariesha,1
1111=,Marilyn,1
1111=,Marilynn,1
1111=,Marithe,1
1111=,Mariyah,1
1111=,Marley,1
1111=,Marli,1
1111=,Marney,1
1111=,Marni-Ann,1
1111=,Marrya,1
1111=,Marta,1
1111=,Marthe,1
1111=,Martin,1
1111=,Mary-Ann,1
1111=,Mary-Elizabeth,1
1111=,Mary-Ellen,1
1111=,Mary-Jane,1
1111=,Mary-Jo,1
1111=,Mary-Louise,1
1111=,Marylouise,1
1111=,Mashitah,1
1111=,Maurissa,1
1111=,Maxcine,1
1111=,May,1
1111=,Maymunah,1
1111=,Meagan,1
1111=,Mediha,1
1111=,Meegan,1
1111=,Meggan,1
1111=,Meggie,1
1111=,Megin,1
1111=,Mehtab,1
1111=,Mei,1
1111=,Meighan-Leigh,1
1111=,Meisha,1
1111=,Mel-Lisa,1
1111=,Melaina,1
1111=,Melina,1
1111=,Melissa-Ann,1
1111=,Melissa-Jane,1
1111=,Mellisa,1
1111=,Melody,1
1111=,Melyssa,1
1111=,Mercaddes,1
1111=,Mercy,1
1111=,Meriel,1
1111=,Merlin,1
1111=,Merrin,1
1111=,Meryam,1
1111=,Meryl,1
1111=,Meshan,1
1111=,Meygan,1
1111=,Mhairi-Claire,1
1111=,Mhari-Clare,1
1111=,Mhari-Louise,1
1111=,Mharianne,1
1111=,Mhoir,1
1111=,Mhora,1
1111=,Miah,1
1111=,Miama,1
1111=,Micha,1
1111=,Michael,1
1111=,Michaela-Jane,1
1111=,Michaella,1
1111=,Michalina,1
1111=,Micheala,1
1111=,Michealla,1
1111=,Michela,1
1111=,Michelle-Louise,1
1111=,Mickeala,1
1111=,Miho,1
1111=,Mikhaila,1
1111=,Mikyla,1
1111=,Milanda,1
1111=,Mina,1
1111=,Minha,1
1111=,Mirium,1
1111=,Mirren,1
1111=,Misha,1
1111=,Mitsu-Annie,1
1111=,Monisa,1
1111=,Morbheinn,1
1111=,Morganne,1
1111=,Morium,1
1111=,Moya,1
1111=,Moyra,1
1111=,Mubeen,1
1111=,Mun,1
1111=,Muna,1
1111=,Musarat,1
1111=,Mya,1
1111=,Myfanwy,1
1111=,Myra,1
1111=,Myriam,1
1111=,Myscha,1
1111=,Nabeela,1
1111=,Nadeia,1
1111=,Naeem,1
1111=,Naela,1
1111=,Naeomi,1
1111=,Nafeesa,1
1111=,Nagla,1
1111=,Naicole,1
1111=,Naidine,1
1111=,Naiomi,1
1111=,Nairne,1
1111=,Naiyla,1
1111=,Najma,1
1111=,Najmah,1
1111=,Najwa,1
1111=,Nance,1
1111=,Naomi-Jane,1
1111=,Nareen,1
1111=,Narelle,1
1111=,Narine,1
1111=,Naseeb,1
1111=,Naseem,1
1111=,Natale,1
1111=,Natalia,1
1111=,Natalie-Anne,1
1111=,Natalie-Jane,1
1111=,Natalie-Marie,1
1111=,Natalya,1
1111=,Natasha-Louise,1
1111=,Natasia,1
1111=,Nattassja,1
1111=,Naudeep,1
1111=,Naurreen,1
1111=,Nayla,1
1111=,Necole,1
1111=,Neecolle,1
1111=,Neelam,1
1111=,Neelufar,1
1111=,Neetu,1
1111=,Neomi,1
1111=,Nicael,1
1111=,Nicholle,1
1111=,Nickola,1
1111=,Nida,1
1111=,Nik,1
1111=,Nikaila,1
1111=,Nikayla,1
1111=,Nikhil,1
1111=,Nikitha,1
1111=,Nikkie,1
1111=,Nikkilee,1
1111=,Nimarta,1
1111=,Nirvana,1
1111=,Nisha,1
1111=,Nishia,1
1111=,Nitika,1
1111=,Noami,1
1111=,Nocolle,1
1111=,Nora,1
1111=,Norah,1
1111=,Norma,1
1111=,Nosheen,1
1111=,Nuala,1
1111=,Nusaiba,1
1111=,Nuvroop,1
1111=,Nyara,1
1111=,Nyla,1
1111=,Nynke,1
1111=,Odette,1
1111=,Oi,1
1111=,Olga,1
1111=,Olun,1
1111=,Orlaith,1
1111=,Owyekachukwu,1
1111=,Pae'j,1
1111=,Pamela-Anne,1
1111=,Paris,1
1111=,Parissa,1
1111=,Parvishah,1
1111=,Pasquale,1
1111=,Patrece,1
1111=,Patrice,1
1111=,Patsi-Lee,1
1111=,Pavanjit,1
1111=,Paxton,1
1111=,Pearl,1
1111=,Penelope,1
1111=,Perri,1
1111=,Peter,1
1111=,Phemie,1
1111=,Philipa,1
1111=,Phillippa,1
1111=,Pie,1
1111=,Poi,1
1111=,Portia,1
1111=,Prashanthi,1
1111=,Pritpal,1
1111=,Pui,1
1111=,Punam,1
1111=,Qurrat-Ul-Aain,1
1111=,Rabekah,1
1111=,Rabya,1
1111=,Racquel,1
1111=,Rae-Anne,1
1111=,Raegan,1
1111=,Raewyn,1
1111=,Ragan,1
1111=,Rahab,1
1111=,Raheala,1
1111=,Raiann,1
1111=,Raisa,1
1111=,Rajmeet,1
1111=,Rakha,1
1111=,Ramaanah,1
1111=,Ramona,1
1111=,Ramya,1
1111=,Ran,1
1111=,Rana,1
1111=,Ranya,1
1111=,Raonaid,1
1111=,Raquelle,1
1111=,Ravinder,1
1111=,Razan,1
1111=,Razzy,1
1111=,Reagin,1
1111=,Reanna,1
1111=,Reanne,1
1111=,Rebbeca,1
1111=,Rebbekah,1
1111=,Rebbelah,1
1111=,Rebecca-Ann,1
1111=,Rebecca-Anne,1
1111=,Rebecca-Christi,1
1111=,Rebecca-Louise,1
1111=,Rebeckah,1
1111=,Rebeka,1
1111=,Rebekha,1
1111=,Reema,1
1111=,Reeme,1
1111=,Regan,1
1111=,Regina,1
1111=,Rehana,1
1111=,Reinette,1
1111=,Rhobyn,1
1111=,Rhoda,1
1111=,Rhys,1
1111=,Riagan,1
1111=,Riah,1
1111=,Riann,1
1111=,Rianne,1
1111=,Richaela,1
1111=,Righa,1
1111=,Riham,1
1111=,Riona,1
1111=,Roah,1
1111=,Roanna,1
1111=,Robby,1
1111=,Roberta,1
1111=,Roberta-Leigh,1
1111=,Rocheen,1
1111=,Rochel,1
1111=,Rochene,1
1111=,Roishe,1
1111=,Roisinn,1
1111=,Romaine,1
1111=,Romanah,1
1111=,Romanna,1
1111=,Romy,1
1111=,Ronda,1
1111=,Roni,1
1111=,Rosaleen,1
1111=,Rosalyn,1
1111=,Rosalynd,1
1111=,Rosamund,1
1111=,Rosannah,1
1111=,Rosanne,1
1111=,Roseann,1
1111=,Roseanna,1
1111=,Roseannagh,1
1111=,Roselyn,1
1111=,Rosemarie,1
1111=,Roshan,1
1111=,Rosheen,1
1111=,Roshine,1
1111=,Roslin,1
1111=,Roslynd,1
1111=,Rosy,1
1111=,Rouena,1
1111=,Rowanne,1
1111=,Rubaniya,1
1111=,Rucksana,1
1111=,Rucsar,1
1111=,Rudy,1
1111=,Ruhaly,1
1111=,Rukaiya,1
1111=,Rukhsar,1
1111=,Ruksar,1
1111=,Rumer,1
1111=,Ruqsar,1
1111=,Rushda,1
1111=,Sabiya,1
1111=,Sadha,1
1111=,Sadiyah,1
1111=,Sadiyya,1
1111=,Safeena,1
1111=,Safia,1
1111=,Safura,1
1111=,Sahar,1
1111=,Sahgiea,1
1111=,Saiqa,1
1111=,Saiyma,1
1111=,Saki,1
1111=,Sakina,1
1111=,Sallyann,1
1111=,Salma,1
1111=,Salwa,1
1111=,Samah,1
1111=,Samaira,1
1111=,Samanatha-May,1
1111=,Samantha-Jo,1
1111=,Samara,1
1111=,Sameea,1
1111=,Samera,1
1111=,Sami,1
1111=,Samia,1
1111=,Samina,1
1111=,Samiya,1
1111=,Samm,1
1111=,Sammie-Jo,1
1111=,Samun,1
1111=,Sanaa,1
1111=,Sancha,1
1111=,Sanchia,1
1111=,Sandeep,1
1111=,Sandip,1
1111=,Sandy,1
1111=,Saneta,1
1111=,Sangeeta,1
1111=,Sania,1
1111=,Sanita,1
1111=,Sanna,1
1111=,Sannah,1
1111=,Santina,1
1111=,Saphphrinn,1
1111=,Saqqarah,1
1111=,Sara-Jane,1
1111=,Sara-Louise,1
1111=,Sarah-Ann,1
1111=,Sarah-Jo,1
1111=,Sarah-Rose,1
1111=,Sarahanne,1
1111=,Sarajane,1
1111=,Saran,1
1111=,Sareena,1
1111=,Sari,1
1111=,Satinder,1
1111=,Satya,1
1111=,Savanjit,1
1111=,Scott,1
1111=,Scout,1
1111=,See,1
1111=,Sehir,1
1111=,Sein,1
1111=,Selena,1
1111=,Selin,1
1111=,Seolbie,1
1111=,Seonad,1
1111=,Seonni,1
1111=,Seren,1
1111=,Serina,1
1111=,Seung,1
1111=,Shabeela,1
1111=,Shada,1
1111=,Shahd,1
1111=,Shaheen,1
1111=,Shahnaz,1
1111=,Shairi,1
1111=,Shakila,1
1111=,Shakita,1
1111=,Shameem,1
1111=,Shameen,1
1111=,Shana,1
1111=,Shanade,1
1111=,Shanagh,1
1111=,Shanahleigh,1
1111=,Shanaz,1
1111=,Shanea,1
1111=,Shanelle,1
1111=,Shanie,1
1111=,Shanon,1
1111=,Shantelle,1
1111=,Shara,1
1111=,Sharah,1
1111=,Sharean,1
1111=,Sharell,1
1111=,Sharelle,1
1111=,Shari-Louise,1
1111=,Sharice,1
1111=,Sharisse,1
1111=,Sharleen,1
1111=,Sharleenlee,1
1111=,Sharleigh,1
1111=,Sharlie,1
1111=,Sharline,1
1111=,Shaughn,1
1111=,Shaun,1
1111=,Shaunie-Louise,1
1111=,Shaunni,1
1111=,Shawne,1
1111=,Shawnie,1
1111=,Shayna,1
1111=,Shaynee,1
1111=,Shea,1
1111=,Shearen,1
1111=,Sheenah,1
1111=,Sheetal,1
1111=,Sheilagh,1
1111=,Sheilain,1
1111=,Shelagh,1
1111=,Shelbae,1
1111=,Shelbey,1
1111=,Shellbe,1
1111=,Shellbie,1
1111=,Shellby,1
1111=,Shelldan,1
1111=,Shelley-Ann,1
1111=,Shelli,1
1111=,Sheradian,1
1111=,Sheri-Ann,1
1111=,Sherie,1
1111=,Sherill,1
1111=,Sherise,1
1111=,Sherren-Louise,1
1111=,Sherri-Ann,1
1111=,Sheryle-Anne,1
1111=,Sheryleigh,1
1111=,Sheryll,1
1111=,Shevonne,1
1111=,Sheyma-A,1
1111=,Shiobhan,1
1111=,Shiona,1
1111=,Shir,1
1111=,Shireen,1
1111=,Shirin,1
1111=,Shirlie,1
1111=,Shivon,1
1111=,Shomaila,1
1111=,Shonah,1
1111=,Shonaugh,1
1111=,Shoni,1
1111=,Shozan,1
1111=,Shravani,1
1111=,Shumila,1
1111=,Shyuan-Yih,1
1111=,Sia,1
1111=,Siama,1
1111=,Siani,1
1111=,Siann,1
1111=,Sianna,1
1111=,Sibrina,1
1111=,Sidra,1
1111=,Sileas,1
1111=,Silje,1
1111=,Silvana,1
1111=,Sima,1
1111=,Simena,1
1111=,Simran,1
1111=,Simren,1
1111=,Sin,1
1111=,Sinnead,1
1111=,Siobhain,1
1111=,Siobhan-Claire,1
1111=,Siobhaun,1
1111=,Siri,1
1111=,Sisely,1
1111=,Siu,1
1111=,Smaira,1
1111=,Snead,1
1111=,So,1
1111=,Sobia,1
1111=,Sobiya,1
1111=,Sofie,1
1111=,Sofina,1
1111=,Somaya,1
1111=,Somhairle,1
1111=,Sommer,1
1111=,Sonali,1
1111=,Sophie-Ann,1
1111=,Sophie-Leigh,1
1111=,Sophy,1
1111=,Soraya,1
1111=,Sorelle,1
1111=,Stacey-Anne,1
1111=,Stacyleigh,1
1111=,Star,1
1111=,Stefania,1
1111=,Steffani,1
1111=,Steffie,1
1111=,Stefi,1
1111=,Stephaie,1
1111=,Stephana,1
1111=,Stephani,1
1111=,Stephania,1
1111=,Stephanie-Anne,1
1111=,Stephanie-Danie,1
1111=,Stephanie-Louis,1
1111=,Stephanie-Lynne,1
1111=,Storm,1
1111=,Stuart,1
1111=,Suendoss,1
1111=,Sui,1
1111=,Sujata,1
1111=,Sukhjit,1
1111=,Sula,1
1111=,Sumira,1
1111=,Sumiya,1
1111=,Sumlee,1
1111=,Suna,1
1111=,Sunah,1
1111=,Sundas,1
1111=,Sunna,1
1111=,Sunny,1
1111=,Supha,1
1111=,Surupe,1
1111=,Sussanna,1
1111=,Suzan,1
1111=,Suzie,1
1111=,Sweet,1
1111=,Sybhon,1
1111=,Syra,1
1111=,Syuhada,1
1111=,Tacita,1
1111=,Tahanee,1
1111=,Tahlia,1
1111=,Tailor,1
1111=,Taime,1
1111=,Talia,1
1111=,Talor,1
1111=,Tamar,1
1111=,Tamasian,1
1111=,Tamika,1
1111=,Tamla,1
1111=,Tamlin,1
1111=,Tamlyn,1
1111=,Tammay,1
1111=,Tammie,1
1111=,Tanita,1
1111=,Tanzeela,1
1111=,Tarndip,1
1111=,Tarri,1
1111=,Taryn,1
1111=,Tatjana,1
1111=,Tayyabah,1
1111=,Tayyibah,1
1111=,Teena,1
1111=,Teghan,1
1111=,Tehreem,1
1111=,Tejal,1
1111=,Teri-Louise,1
1111=,Texa,1
1111=,Thea,1
1111=,Theophania,1
1111=,Therese,1
1111=,Tiaba,1
1111=,Tiffaney,1
1111=,Tiffiny,1
1111=,Timara,1
1111=,Timna,1
1111=,Titilope-Oluwa,1
1111=,Tomoko,1
1111=,Toni-Alicia,1
1111=,Toni-Marie,1
1111=,Toniann,1
1111=,Tonianne,1
1111=,Torn,1
1111=,Trina,1
1111=,Trine,1
1111=,Trudi,1
1111=,Trudie,1
1111=,Trudy,1
1111=,Tsz-Kwan,1
1111=,Tyler,1
1111=,Tyller,1
1111=,Tylyn,1
1111=,Umaima,1
1111=,Umarrah,1
1111=,Umira,1
1111=,Ummae,1
1111=,Urszula,1
1111=,Uzma,1
1111=,Vahri,1
1111=,Vaila,1
1111=,Valeen,1
1111=,Vanessa-Louise,1
1111=,Vannessa,1
1111=,Varri,1
1111=,Varrie,1
1111=,Venetia,1
1111=,Verdie,1
1111=,Vhari,1
1111=,Vianna,1
1111=,Vicki-Louise,1
1111=,Vickianne,1
1111=,Vicotiria,1
1111=,Victoria-Leigh,1
1111=,Viki,1
1111=,Vikki-Lee,1
1111=,Vittoria,1
1111=,Wai,1
1111=,Weronika,1
1111=,William,1
1111=,Willow,1
1111=,Win,1
1111=,Winifred,1
1111=,Wionna,1
1111=,Worood,1
1111=,Yaisha,1
1111=,Yan,1
1111=,Yarra,1
1111=,Yasemin,1
1111=,Yasmeen,1
1111=,Yazmin,1
1111=,Yeisha,1
1111=,Ygraine,1
1111=,Yi,1
1111=,Yi-Lin,1
1111=,Yolanda,1
1111=,Yoran,1
1111=,Yumna,1
1111=,Yusra,1
1111=,Yvetterose,1
1111=,Zaariyah,1
1111=,Zadia,1
1111=,Zahira,1
1111=,Zahrah,1
1111=,Zakiyah,1
1111=,Zalykha,1
1111=,Zamra,1
1111=,Zarene,1
1111=,Zarqa,1
1111=,Zeenat-Uz-Zaman,1
1111=,Zeinab,1
1111=,Zenhab,1
1111=,Ziara,1
1111=,Zinab,1
1111=,Zoe-Marie,1
1111=,Zoie,1
1111=,Zona,1
1111=,Zonara,1
1111=,Zosha,1
1111=,Zoya,1
1111=,Zubya,1
1111=,Zui,1
1111=,Zunaira,1
1111=,Zynab,1
