Position,Name,Number of babies
1,Emma,794
2,Rebecca,755
3,Lauren,703
4,Laura,677
5,Amy,643
6,Sarah,603
7,Nicole,585
8,Rachel,555
9,Stephanie,481
10,Hannah,464
11,Jennifer,463
12,Kirsty,449
13,Megan,443
14,Danielle,409
15,Claire,387
16,Nicola,376
17,Samantha,369
18,Gemma,362
19,Lisa,333
20,Natalie,321
21,Louise,298
22,Jade,280
23,Ashley,270
24,Shannon,267
25,Chloe,259
26=,Caitlin,230
26=,Fiona,230
28,Hayley,221
29,Kayleigh,219
30=,Katie,218
30=,Rachael,218
32,Melissa,217
33,Sophie,213
34,Heather,212
35,Ashleigh,210
36,Emily,190
37,Natasha,188
38,Amanda,185
39,Chelsea,184
40=,Eilidh,182
40=,Lucy,182
42,Stacey,180
43,Kelly,172
44,Jodie,168
45,Robyn,163
46=,Kerry,159
46=,Victoria,159
46=,Zoe,159
49,Holly,157
50,Gillian,155
51,Catherine,154
52,Erin,149
53,Michelle,136
54,Jessica,134
55,Kimberley,127
56,Kirsten,125
57,Aimee,121
58,Charlotte,119
59,Alison,117
60,Jenna,115
61,Anna,110
62,Catriona,107
63,Elizabeth,106
64,Siobhan,105
65,Kathryn,101
66=,Christina,100
66=,Naomi,100
68,Joanne,96
69,Leanne,94
70,Caroline,92
71=,Jemma,90
71=,Rebekah,90
73,Katherine,88
74=,Alana,84
74=,Alexandra,84
76,Nicolle,80
77,Lindsay,79
78,Cheryl,76
79,Lynsey,75
80,Karen,73
81,Cara,72
82,Demi,71
83=,Lorna,69
83=,Mhairi,69
85,Julie,67
86,Joanna,66
87=,Bethany,64
87=,Jordan,64
89=,Clare,62
89=,Jacqueline,62
89=,Toni,62
92=,Hazel,61
92=,Paula,61
94=,Alice,58
94=,Maria,58
94=,Olivia,58
94=,Suzanne,58
94=,Taylor,58
99=,Amber,57
99=,Chantelle,57
99=,Helen,57
99=,Ruth,57
99=,Shona,57
104=,Deborah,56
104=,Mairi,56
104=,Sara,56
107=,Angela,54
107=,Carly,54
109,Courtney,52
110,Katrina,51
111,Hollie,50
112=,Adele,49
112=,Beth,49
112=,Kelsey,49
112=,Kirstie,49
112=,Mary,49
117=,Lyndsay,48
117=,Michaela,48
117=,Paige,48
117=,Shannen,48
121=,Kim,47
121=,Nikki,47
123=,Ailsa,46
123=,Kate,46
123=,Linzi,46
123=,Susan,46
127,Jasmine,45
128,Ainsley,43
129=,Charlene,42
129=,Christine,42
129=,Kerri,42
129=,Nadine,42
133=,Abigail,41
133=,Iona,41
135,Kathleen,40
136=,Ellen,39
136=,Kirstin,39
136=,Pamela,39
136=,Roisin,39
140=,Abbie,38
140=,Carrie,38
140=,Donna,38
140=,Stacy,38
144=,Debbie,37
144=,Leah,37
146=,Katy,36
146=,Lesley,36
148=,Jill,35
148=,Simone,35
148=,Yasmin,35
151=,Kara,34
151=,Leigh,34
151=,Shauni,34
154,Melanie,33
155=,Lyndsey,32
155=,Tamara,32
157=,Eleanor,31
157=,Jane,31
157=,Julia,31
157=,Shelley,31
157=,Tammy,31
162,Dionne,30
163=,Jillian,29
163=,Sinead,29
165=,Francesca,28
165=,Meghan,28
165=,Vikki,28
168=,Georgia,27
168=,Jamie,27
168=,Lindsey,27
168=,Morgan,27
168=,Zara,27
173=,Brogan,26
173=,Kimberly,26
173=,Rhona,26
176=,Amie,25
176=,Carla,25
176=,Dawn,25
176=,Nadia,25
176=,Sian,25
181=,Eve,24
181=,Isla,24
181=,Lori,24
181=,Marie,24
181=,Rosie,24
181=,Tanya,24
187=,Aileen,23
187=,Anne,23
187=,Bryony,23
187=,Christie,23
187=,Ciara,23
187=,Lynne,23
187=,Margaret,23
187=,Maxine,23
187=,Rosemary,23
187=,Vanessa,23
197=,Abby,22
197=,April,22
197=,Brooke,22
197=,Denise,22
197=,Elaine,22
197=,Jayne,22
197=,Lorraine,22
197=,Molly,22
197=,Rose,22
206=,Alisha,21
206=,Colleen,21
206=,Ellis,21
206=,Gayle,21
206=,Georgina,21
206=,Rhiannon,21
212=,Andrea,20
212=,Antonia,20
212=,Becky,20
212=,Briony,20
212=,Chelsey,20
212=,Fern,20
212=,Sally,20
212=,Sharon,20
212=,Vicky,20
221=,Alanna,19
221=,Alicia,19
221=,Colette,19
221=,Connie,19
221=,Jenny,19
221=,Kerrie,19
221=,Lana,19
221=,Laurie,19
221=,Linda,19
221=,Madeleine,19
221=,Patricia,19
221=,Tara,19
233=,Eilish,18
233=,Harriet,18
233=,Leona,18
233=,Mandy,18
233=,Monica,18
233=,Morag,18
233=,Niamh,18
233=,Rowan,18
241=,Alix,17
241=,Annie,17
241=,Carol,17
241=,Grace,17
241=,Hayleigh,17
241=,Keri,17
241=,Marianne,17
241=,Morven,17
241=,Shauna,17
241=,Tracey,17
241=,Yvonne,17
252=,Alyson,16
252=,Ann,16
252=,Caitlyn,16
252=,Dannielle,16
252=,Diane,16
252=,Gabrielle,16
252=,Jasmin,16
252=,Jodi,16
252=,Lara,16
252=,Roxanne,16
252=,Sarah-Louise,16
252=,Shelby,16
264=,Alannah,15
264=,Allana,15
264=,Ellie,15
264=,Jamie-Lee,15
264=,Philippa,15
264=,Teri,15
264=,Vicki,15
271=,Allison,14
271=,Charmaine,14
271=,Hope,14
271=,India,14
271=,Jordyn,14
271=,Justine,14
271=,Lois,14
271=,Louisa,14
271=,Lynn,14
271=,Tiffany,14
281=,Bethan,13
281=,Billie,13
281=,Christy,13
281=,Imogen,13
281=,Johanna,13
281=,Karis,13
281=,Kay,13
281=,Kayley,13
281=,Kellie,13
281=,Sarah-Jane,13
291=,Corrie,12
291=,Debra,12
291=,Frances,12
291=,Gail,12
291=,Hailey,12
291=,Janine,12
291=,Keira,12
291=,Lee,12
291=,Leeanne,12
291=,Lianne,12
291=,Marissa,12
291=,Sasha,12
291=,Terri,12
304=,Adelle,11
304=,Ailie,11
304=,Alex,11
304=,Ami,11
304=,Amy-Louise,11
304=,Bianca,11
304=,Casey,11
304=,Eva,11
304=,Faye,11
304=,Haley,11
304=,Jayde,11
304=,Kirstyn,11
304=,Kristina,11
304=,Leonie,11
304=,Maryam,11
304=,Nikita,11
304=,Pauline,11
304=,Rona,11
304=,Roslyn,11
304=,Sophia,11
304=,Stacie,11
304=,Tegan,11
304=,Wendy,11
327=,Alexandria,10
327=,Candice,10
327=,Carolyn,10
327=,Clair,10
327=,Claudia,10
327=,Daniella,10
327=,Ella,10
327=,Freya,10
327=,Janet,10
327=,Joy,10
327=,Katharine,10
327=,Lynsay,10
327=,Miriam,10
327=,Rebekka,10
327=,Rhea,10
327=,Shanice,10
327=,Shannan,10
327=,Sheree,10
327=,Shereen,10
327=,Sheryl,10
347=,Ailish,9
347=,Aisha,9
347=,Alanah,9
347=,Alexis,9
347=,Ayesha,9
347=,Bernadette,9
347=,Bobbie,9
347=,Bronwyn,9
347=,Cally,9
347=,Carmen,9
347=,Carolanne,9
347=,Cassandra,9
347=,Chiara,9
347=,Daisy,9
347=,Dana,9
347=,Emma-Louise,9
347=,Evelyn,9
347=,Flora,9
347=,Gabriella,9
347=,Gaynor,9
347=,Jean,9
347=,Jenni,9
347=,Kym,9
347=,Leigh-Anne,9
347=,Martha,9
347=,Martine,9
347=,Mhari,9
347=,Nina,9
347=,Rochelle,9
347=,Shaunie,9
347=,Susannah,9
347=,Tracy,9
379=,Abbey,8
379=,Allanah,8
379=,Alyssa,8
379=,Amelia,8
379=,Arlene,8
379=,Callie,8
379=,Camilla,8
379=,Cassie,8
379=,Chanelle,8
379=,Charis,8
379=,Chelsie,8
379=,Collette,8
379=,Coral,8
379=,Dianne,8
379=,Dominique,8
379=,Elena,8
379=,Erika,8
379=,Geraldine,8
379=,Henna,8
379=,Judith,8
379=,Kaitlin,8
379=,Kaitlyn,8
379=,Katriona,8
379=,Kiera,8
379=,Leigh-Ann,8
379=,Leoni,8
379=,Linsey,8
379=,Lucie,8
379=,Lucinda,8
379=,Mairead,8
379=,Natalia,8
379=,Roseanne,8
379=,Ruby,8
379=,Tamsin,8
379=,Tasmin,8
379=,Tayler,8
379=,Tyler,8
416=,Ainsleigh,7
416=,Audrey,7
416=,Ceilidh,7
416=,Clara,7
416=,Cody,7
416=,Corinne,7
416=,Corrine,7
416=,Deanna,7
416=,Eileen,7
416=,Elisabeth,7
416=,Erica,7
416=,Harley,7
416=,Hilary,7
416=,Isabel,7
416=,Jaclyn,7
416=,Jay,7
416=,Karyn,7
416=,Kelsie,7
416=,Kirsteen,7
416=,Kristie,7
416=,Kristy,7
416=,Larissa,7
416=,Lisa-Marie,7
416=,Loren,7
416=,Lydia,7
416=,Lynda,7
416=,Marion,7
416=,Nichola,7
416=,Nichole,7
416=,Phoebe,7
416=,Romy,7
416=,Rosa,7
416=,Rosalind,7
416=,Selina,7
416=,Shaunna,7
416=,Shaunni,7
416=,Skye,7
416=,Sonia,7
416=,Stefanie,7
416=,Stevie,7
416=,Susanne,7
416=,Tabitha,7
416=,Tammi,7
416=,Tania,7
416=,Yasmine,7
416=,Zoey,7
462=,Anastasia,6
462=,Annabel,6
462=,Barbara,6
462=,Brodie,6
462=,Carina,6
462=,Cherie,6
462=,Constance,6
462=,Emma-Jane,6
462=,Evie,6
462=,Fallon,6
462=,Fay,6
462=,Florence,6
462=,Hanna,6
462=,Isabella,6
462=,Isobel,6
462=,Jan,6
462=,Jody,6
462=,Jordanne,6
462=,Josephine,6
462=,Karina,6
462=,Karla,6
462=,Katelyn,6
462=,Keely,6
462=,Kiran,6
462=,Kristi,6
462=,Layla,6
462=,Leighanne,6
462=,Leila,6
462=,Rachelle,6
462=,Rhianne,6
462=,Savannah,6
462=,Sheena,6
462=,Sheridan,6
462=,Sorcha,6
462=,Tessa,6
497=,Adrienne,5
497=,Ainslie,5
497=,Aisling,5
497=,Aleisha,5
497=,Ashlyn,5
497=,Bobbi,5
497=,Bonnie,5
497=,Catrina,5
497=,Charley,5
497=,Cherise,5
497=,Crystal,5
497=,Elise,5
497=,Elisha,5
497=,Elle,5
497=,Eloise,5
497=,Elspeth,5
497=,Emilie,5
497=,Esther,5
497=,Finlay,5
497=,Genna,5
497=,Gina,5
497=,Holli,5
497=,Ikra,5
497=,Iman,5
497=,Jaimie,5
497=,Jamielee,5
497=,Janna,5
497=,Jaye,5
497=,Jilly,5
497=,Juliet,5
497=,Kaylee,5
497=,Kirsti,5
497=,Levi,5
497=,Lily,5
497=,Maree,5
497=,Mariam,5
497=,Melody,5
497=,Mollie,5
497=,Rhian,5
497=,Rhianna,5
497=,Roberta,5
497=,Rosanna,5
497=,Sabrina,5
497=,Sandra,5
497=,Seona,5
497=,Shanna,5
497=,Sheila,5
497=,Sofia,5
497=,Steffi,5
497=,Veronica,5
547=,Abbi,4
547=,Anum,4
547=,Asha,4
547=,Athena,4
547=,Aynsley,4
547=,Beatrice,4
547=,Belinda,4
547=,Bethanie,4
547=,Brittany,4
547=,Carlie,4
547=,Carolann,4
547=,Carole,4
547=,Carys,4
547=,Cathleen,4
547=,Cecilia,4
547=,Ceri,4
547=,Chantal,4
547=,Charlie,4
547=,Chelsi,4
547=,Coleen,4
547=,Danni,4
547=,Daryl,4
547=,Dee,4
547=,Diana,4
547=,Elinor,4
547=,Errin,4
547=,Farrah,4
547=,Felicity,4
547=,Helena,4
547=,Isabelle,4
547=,Jemima,4
547=,Jo-Anne,4
547=,Julie-Anne,4
547=,Kari,4
547=,Karlene,4
547=,Keighley,4
547=,Keren,4
547=,Kira,4
547=,Kristen,4
547=,Kyra,4
547=,Lillian,4
547=,Linsay,4
547=,Liza,4
547=,Lyn,4
547=,Madison,4
547=,Maeve,4
547=,Marisa,4
547=,Marnie,4
547=,Maryann,4
547=,May,4
547=,Meagan,4
547=,Mehreen,4
547=,Penny,4
547=,Poppy,4
547=,Renee,4
547=,Rhiann,4
547=,Rosalyn,4
547=,Sacha,4
547=,Sammy-Jo,4
547=,Sandie,4
547=,Saskia,4
547=,Serena,4
547=,Shana,4
547=,Staci,4
547=,Stella,4
547=,Summer,4
547=,Sylvia,4
547=,Symone,4
547=,Tami,4
547=,Tess,4
547=,Theresa,4
547=,Verity,4
547=,Vhairi,4
547=,Vivien,4
547=,Vivienne,4
547=,Zahra,4
623=,Afton,3
623=,Ailidh,3
623=,Aishah,3
623=,Alexa,3
623=,Alisa,3
623=,Allyson,3
623=,Alysha,3
623=,Amina,3
623=,Amna,3
623=,Anam,3
623=,Aneesah,3
623=,Angie,3
623=,Anita,3
623=,Anne-Marie,3
623=,Anya,3
623=,Aoife,3
623=,Arusa,3
623=,Ashlea,3
623=,Ashlee,3
623=,Ashliegh,3
623=,Ashton,3
623=,Beverly,3
623=,Bridget,3
623=,Briege,3
623=,Bronwen,3
623=,Brooklyn,3
623=,Camille,3
623=,Carlyn,3
623=,Carrie-Ann,3
623=,Carrie-Anne,3
623=,Carron,3
623=,Chanice,3
623=,Chantel,3
623=,Cherelle,3
623=,Cherilyn,3
623=,Chevonne,3
623=,Cheyanne,3
623=,Claire-Louise,3
623=,Clarissa,3
623=,Cora,3
623=,Corey,3
623=,Danika,3
623=,Darcy,3
623=,Darryl,3
623=,Demi-Louise,3
623=,Devon,3
623=,Dione,3
623=,Ebony,3
623=,Eden,3
623=,Elaina,3
623=,Elisa,3
623=,Elyse,3
623=,Evangeline,3
623=,Farah,3
623=,Fatma,3
623=,Fionna,3
623=,Ga,3
623=,Georgie,3
623=,Gianna,3
623=,Gwen,3
623=,Hira,3
623=,Iqra,3
623=,Jacklyn,3
623=,Jaime,3
623=,Jamie-Leigh,3
623=,Janette,3
623=,Jenifer,3
623=,Jessie,3
623=,Johanne,3
623=,Joni,3
623=,Jordane,3
623=,Jorden,3
623=,Josie,3
623=,Joyce,3
623=,Julianne,3
623=,Julie-Ann,3
623=,Kaleigh,3
623=,Karin,3
623=,Karine,3
623=,Karly,3
623=,Katrine,3
623=,Kelli,3
623=,Kelly-Ann,3
623=,Kerri-Anne,3
623=,Kerry-Anne,3
623=,Kerry-Louise,3
623=,Kerryann,3
623=,Kloe,3
623=,Laura-Ann,3
623=,Laura-Anne,3
623=,Leanna,3
623=,Leesa,3
623=,Leia,3
623=,Leighann,3
623=,Leisha,3
623=,Lesley-Anne,3
623=,Lia,3
623=,Luci,3
623=,Lucia,3
623=,Luisa,3
623=,Madeline,3
623=,Maisie,3
623=,Mari,3
623=,Marley,3
623=,Martina,3
623=,Maryanne,3
623=,Meghann,3
623=,Melisa,3
623=,Michele,3
623=,Miranda,3
623=,Misha,3
623=,Nancy,3
623=,Necole,3
623=,Nikole,3
623=,Patrice,3
623=,Polly,3
623=,Rae,3
623=,Raegan,3
623=,Rebbecca,3
623=,Regan,3
623=,Rhoda,3
623=,Ria,3
623=,Rowena,3
623=,Sadia,3
623=,Saira,3
623=,Salma,3
623=,Samara,3
623=,Sammy,3
623=,Sanaa,3
623=,Seonaid,3
623=,Shareen,3
623=,Sharleen,3
623=,Shawn,3
623=,Shelly,3
623=,Stefani,3
623=,Steffanie,3
623=,Stephenie,3
623=,Stevi,3
623=,Susanna,3
623=,Suzannah,3
623=,Tabatha,3
623=,Tina,3
623=,Toni-Marie,3
623=,Vaila,3
623=,Valerie,3
623=,Vhari,3
623=,Vivian,3
623=,Wallis,3
623=,Wing,3
623=,Zainab,3
773=,Abbigail,2
773=,Adilah,2
773=,Aicha,2
773=,Ailis,2
773=,Aislinn,2
773=,Alaa,2
773=,Aleena,2
773=,Alethea,2
773=,Aleysha,2
773=,Allegra,2
773=,Alys,2
773=,Ambar,2
773=,Ambika,2
773=,Ameera,2
773=,Ammarah,2
773=,Ammie,2
773=,Aneesa,2
773=,Angelina,2
773=,Ann-Marie,2
773=,Annette,2
773=,Annmarie,2
773=,Arabella,2
773=,Argyle,2
773=,Argyll,2
773=,Ariane,2
773=,Arianna,2
773=,Arianne,2
773=,Astrid,2
773=,Autumn,2
773=,Ayla,2
773=,Aylish,2
773=,Aysha,2
773=,Beverley,2
773=,Blair,2
773=,Breige,2
773=,Brenda,2
773=,Brenna,2
773=,Brianna,2
773=,Bronagh,2
773=,Caley,2
773=,Cali,2
773=,Candy,2
773=,Caragh,2
773=,Cari,2
773=,Carlene,2
773=,Carol-Anne,2
773=,Caron,2
773=,Cassidy,2
773=,Cassy,2
773=,Cathryn,2
773=,Ceara,2
773=,Ceit,2
773=,Ceitidh,2
773=,Celeste,2
773=,Celine,2
773=,Cerys,2
773=,Chanel,2
773=,Channon,2
773=,Charli,2
773=,Chelcie,2
773=,Chelsea-Ann,2
773=,Cherilynn,2
773=,Cherisse,2
773=,Chrissie,2
773=,Cindy,2
773=,Ciorstaidh,2
773=,Claudine,2
773=,Codie,2
773=,Corinna,2
773=,Corri,2
773=,Courtenay,2
773=,Cynthia,2
773=,Dale,2
773=,Dani,2
773=,Dannii,2
773=,Dannika,2
773=,Dara,2
773=,Darlene,2
773=,Daryll,2
773=,David,2
773=,Dayna,2
773=,Derri,2
773=,Dina,2
773=,Edith,2
773=,Eillish,2
773=,Elish,2
773=,Elissa,2
773=,Ellise,2
773=,Ellyn,2
773=,Emer,2
773=,Erinn,2
773=,Esme,2
773=,Evonne,2
773=,Ewa,2
773=,Falon,2
773=,Farhana,2
773=,Fenella,2
773=,Ferne,2
773=,Fozia,2
773=,Gar,2
773=,Hana,2
773=,Harpreet,2
773=,Haylie,2
773=,Heidi,2
773=,Hollye,2
773=,Honor,2
773=,Inga,2
773=,Ingrid,2
773=,Iqrah,2
773=,Irene,2
773=,Jami,2
773=,Janey,2
773=,Janice,2
773=,Jazmin,2
773=,Jazmine,2
773=,Jeanette,2
773=,Jeanine,2
773=,Jennah,2
773=,Jess,2
773=,Jo,2
773=,Jocelyn,2
773=,Joelle,2
773=,Johan,2
773=,Johann,2
773=,Jordann,2
773=,Jordon,2
773=,Julieann,2
773=,Kailey,2
773=,Kallie,2
773=,Kareen,2
773=,Karianne,2
773=,Karli,2
773=,Karra,2
773=,Kasey,2
773=,Katelin,2
773=,Katharyn,2
773=,Kathrine,2
773=,Katlin,2
773=,Katya,2
773=,Kayanna,2
773=,Kayleigh-Ann,2
773=,Kaylene,2
773=,Kayli,2
773=,Kaylie,2
773=,Kayreen,2
773=,Kayte,2
773=,Keilidh,2
773=,Kelly-Anne,2
773=,Kelly-Louise,2
773=,Kellyann,2
773=,Kelsea,2
773=,Kendal,2
773=,Kendall,2
773=,Kenzie,2
773=,Kerrin,2
773=,Khally,2
773=,Kiara,2
773=,Kieran,2
773=,Kimberly-Anne,2
773=,Koren,2
773=,Kristin,2
773=,Kristine,2
773=,Krystal,2
773=,Kyle,2
773=,Kymberly,2
773=,Laureen,2
773=,Lauri,2
773=,Laurianne,2
773=,Laurissa,2
773=,Lauryn,2
773=,Lee-Anne,2
773=,Leeann,2
773=,Leni,2
773=,Leonna,2
773=,Liana,2
773=,Lisa-Louise,2
773=,Lisamarie,2
773=,Lynette,2
773=,Lynzi,2
773=,Lynzie,2
773=,Mahira,2
773=,Maia,2
773=,Mairi-Claire,2
773=,Maisy,2
773=,Marianna,2
773=,Marie-Anne,2
773=,Marina,2
773=,Marisha,2
773=,Mariyam,2
773=,Marsha,2
773=,Mary-Anne,2
773=,Matilda,2
773=,Maura,2
773=,Maureen,2
773=,Meaghan,2
773=,Meg,2
773=,Megen,2
773=,Megin,2
773=,Meighan,2
773=,Meisha,2
773=,Mellisa,2
773=,Mhairi-Clare,2
773=,Mharie,2
773=,Mica,2
773=,Michaella,2
773=,Michella,2
773=,Millicent,2
773=,Millie,2
773=,Mirren,2
773=,Moira,2
773=,Mona,2
773=,Morna,2
773=,Nadya,2
773=,Naia,2
773=,Naila,2
773=,Natassia,2
773=,Neelam,2
773=,Neesha,2
773=,Nicolla,2
773=,Nida,2
773=,Niki,2
773=,Nikitta,2
773=,Nikola,2
773=,Nile,2
773=,Niomi,2
773=,Nisha,2
773=,Nur,2
773=,Nurul,2
773=,Orla,2
773=,Penelope,2
773=,Priya,2
773=,Rabia,2
773=,Rachel-Jane,2
773=,Rayne,2
773=,Rea,2
773=,Reagan,2
773=,Rebecka,2
773=,Rebeka,2
773=,Rhia,2
773=,Riona,2
773=,Rita,2
773=,Roma,2
773=,Romana,2
773=,Rosheen,2
773=,Rosslyn,2
773=,Rowanne,2
773=,Rowen,2
773=,Rudi,2
773=,Sabah,2
773=,Sadie,2
773=,Sam,2
773=,Sammi,2
773=,Sammi-Jo,2
773=,Sana,2
773=,Sanah,2
773=,Sarah-Jayne,2
773=,Sarah-Lee,2
773=,Sarahjane,2
773=,Selena,2
773=,Shakira,2
773=,Shani,2
773=,Shannah,2
773=,Shanon,2
773=,Sharee,2
773=,Shari,2
773=,Shaunee,2
773=,Shauney,2
773=,Shaunnie,2
773=,Shawnee,2
773=,Shirelle,2
773=,Shirley,2
773=,Shivonne,2
773=,Shonagh,2
773=,Simran,2
773=,Sine,2
773=,Siobhon,2
773=,Sofie,2
773=,Sonya,2
773=,Syeda,2
773=,Tahreem,2
773=,Talia,2
773=,Tamla,2
773=,Terry,2
773=,Thea,2
773=,Tierney,2
773=,Tricia,2
773=,Trudie,2
773=,Valentina,2
773=,Venessa,2
773=,Viki,2
773=,Yasmeen,2
773=,Yolanda,2
773=,Yusra,2
773=,Zahara,2
773=,Zeinab,2
773=,Zinnia,2
773=,Zohra,2
1070=,Aamna,1
1070=,Aanya,1
1070=,Aasia,1
1070=,Abaigeal,1
1070=,Abbie-Lee,1
1070=,Abby-Jayne,1
1070=,Abbygail,1
1070=,Abeera,1
1070=,Abena,1
1070=,Abida,1
1070=,Abira,1
1070=,Aby,1
1070=,Ade,1
1070=,Adeline,1
1070=,Adlyn,1
1070=,Adongo,1
1070=,Affeet-Tahira,1
1070=,Afnan,1
1070=,Agnes,1
1070=,Aida-Jane,1
1070=,Aidynn,1
1070=,Aiesha,1
1070=,Ailaigh,1
1070=,Aileigh,1
1070=,Ailey,1
1070=,Ailise,1
1070=,Aillison,1
1070=,Aim'ee,1
1070=,Aime,1
1070=,Aimee-Lee,1
1070=,Aimee-Louise,1
1070=,Aimi,1
1070=,Aimie,1
1070=,Aimun,1
1070=,Aimy,1
1070=,Aine,1
1070=,Ainslee,1
1070=,Airlie,1
1070=,Aisleen,1
1070=,Aisyah,1
1070=,Aithne,1
1070=,Aiya,1
1070=,Ala,1
1070=,Alahna,1
1070=,Alannda,1
1070=,Alayne,1
1070=,Albany,1
1070=,Aleana,1
1070=,Aleasha,1
1070=,Aleeshia,1
1070=,Aleksandra,1
1070=,Alessia,1
1070=,Alexia,1
1070=,Alexzandra,1
1070=,Alhanna,1
1070=,Alhia,1
1070=,Alia,1
1070=,Aliasha,1
1070=,Alica,1
1070=,Aliesha,1
1070=,Alieshia,1
1070=,Alish,1
1070=,Alishea,1
1070=,Alishia,1
1070=,Alissa,1
1070=,Aliya,1
1070=,Aliyah,1
1070=,Aliza,1
1070=,Allis,1
1070=,Ally,1
1070=,Allyssa,1
1070=,Allyx,1
1070=,Alyia,1
1070=,Alyse,1
1070=,Alyx,1
1070=,Amal,1
1070=,Amanah,1
1070=,Amanda-Jane,1
1070=,Amani,1
1070=,Amarjeet,1
1070=,Amatullah,1
1070=,Amber-Louise,1
1070=,Ambreen,1
1070=,Amee,1
1070=,Ameena,1
1070=,Amellia,1
1070=,Amena,1
1070=,Amerah,1
1070=,Amethyst,1
1070=,Amey,1
1070=,Aminah,1
1070=,Amira,1
1070=,Amirah,1
1070=,Aml,1
1070=,Ammara,1
1070=,Ammy,1
1070=,Amnaa,1
1070=,Amnah,1
1070=,Amrit,1
1070=,Amrita,1
1070=,Amy-Anne,1
1070=,Amy-Claire,1
1070=,Amy-Leigh,1
1070=,Amy-Marie,1
1070=,Amylee,1
1070=,Analeise,1
1070=,Anastazja,1
1070=,Andi,1
1070=,Andleep,1
1070=,Andrina,1
1070=,Aneeka,1
1070=,Aneela,1
1070=,Aneeqa,1
1070=,Aneesha,1
1070=,Aneeza,1
1070=,Angel,1
1070=,Angela-Jayne,1
1070=,Angeline,1
1070=,Angelle,1
1070=,Angharad,1
1070=,Anina,1
1070=,Aniqua,1
1070=,Anisa,1
1070=,Anisah,1
1070=,Anja,1
1070=,Anjoo,1
1070=,Anmaree,1
1070=,Anna-Lena,1
1070=,Annabella,1
1070=,Annalisa,1
1070=,Annalise,1
1070=,Annam,1
1070=,Anneke,1
1070=,Anneliese,1
1070=,Annemarie,1
1070=,Annessa,1
1070=,Annielee,1
1070=,Anntonia,1
1070=,Anouska,1
1070=,Antoinette,1
1070=,Antonette,1
1070=,Antonietta,1
1070=,Anupria,1
1070=,Apiyo,1
1070=,Apryll,1
1070=,Arbell,1
1070=,Ariana,1
1070=,Ariege,1
1070=,Arisa,1
1070=,Arnietia,1
1070=,Aron,1
1070=,Arooj,1
1070=,Arough,1
1070=,Arran,1
1070=,Arrian,1
1070=,Arumadura,1
1070=,Arwa,1
1070=,Arwen,1
1070=,Aryana,1
1070=,Arynn,1
1070=,Asgad,1
1070=,Ashleah,1
1070=,Ashleigh-Louise,1
1070=,Ashley-Jane,1
1070=,Ashley-Louise,1
1070=,Ashley-Maria,1
1070=,Ashleyann,1
1070=,Ashlynne,1
1070=,Ashyia,1
1070=,Aspen,1
1070=,Astin,1
1070=,Atefeh,1
1070=,Athamantia,1
1070=,Atlanta,1
1070=,Atyha,1
1070=,Audra,1
1070=,Aurora,1
1070=,Avril,1
1070=,Ayeisha,1
1070=,Ayh,1
1070=,Ayhshah,1
1070=,Ayisha,1
1070=,Aylee,1
1070=,Azhar,1
1070=,Ballari,1
1070=,Baraa,1
1070=,Barrie,1
1070=,Beckie,1
1070=,Beckie-Louise,1
1070=,Beckiz,1
1070=,Beejay,1
1070=,Beki,1
1070=,Bethanne,1
1070=,Bethannie,1
1070=,Bethia,1
1070=,Betsy-Ann,1
1070=,Bevan,1
1070=,Bianca-Rose,1
1070=,Bilgen,1
1070=,Bilkirn,1
1070=,Billie-Jean,1
1070=,Billie-Jo,1
1070=,Billielea,1
1070=,Blabheinn,1
1070=,Blaine,1
1070=,Blaire,1
1070=,Bliss,1
1070=,Blossom,1
1070=,Blythe,1
1070=,Bobie,1
1070=,Bonny,1
1070=,Boshra,1
1070=,Brandy,1
1070=,Breda,1
1070=,Breigen,1
1070=,Briany,1
1070=,Brid,1
1070=,Brideen,1
1070=,Brighda,1
1070=,Brionaidh,1
1070=,Britany,1
1070=,Britta,1
1070=,Brody,1
1070=,Broghan,1
1070=,Brona,1
1070=,Bronna,1
1070=,Bronnie,1
1070=,Bryonie,1
1070=,Bushraa,1
1070=,Ca,1
1070=,Caelainn,1
1070=,Caeleah,1
1070=,Cait,1
1070=,Caitilin,1
1070=,Caitlein,1
1070=,Caitlynn,1
1070=,Caitrin,1
1070=,Caitriona,1
1070=,Caleigh,1
1070=,Calene,1
1070=,Callan,1
1070=,Calli,1
1070=,Calumina,1
1070=,Caly,1
1070=,Camelia,1
1070=,Cameron-Leigh,1
1070=,Caoimhe,1
1070=,Cara-Louise,1
1070=,Caral,1
1070=,Caralyn,1
1070=,Caralynne,1
1070=,Careen,1
1070=,Carey,1
1070=,Carin,1
1070=,Carissa,1
1070=,Carley,1
1070=,Carly-Jay,1
1070=,Carly-Louise,1
1070=,Carmel,1
1070=,Carol-Ann,1
1070=,Carolan,1
1070=,Caroleanne,1
1070=,Caroline-Anne,1
1070=,Carollina,1
1070=,Carolynn,1
1070=,Carra,1
1070=,Carrin,1
1070=,Cary,1
1070=,Caryn,1
1070=,Caryna,1
1070=,Casci,1
1070=,Cassi,1
1070=,Cassia,1
1070=,Catherine-Ann,1
1070=,Catrin,1
1070=,Catrine,1
1070=,Cavan,1
1070=,Caysie,1
1070=,Cecelia,1
1070=,Ceianne,1
1070=,Ceildh,1
1070=,Ceira,1
1070=,Ceirin,1
1070=,Celia,1
1070=,Ceri-Anne,1
1070=,Ch'enise,1
1070=,Chad,1
1070=,Chandice,1
1070=,Chandravadhana,1
1070=,Chanece,1
1070=,Chanell,1
1070=,Chanise,1
1070=,Channan,1
1070=,Channi,1
1070=,Chantalle,1
1070=,Chanyce,1
1070=,Charlay,1
1070=,Charlotterose,1
1070=,Charly,1
1070=,Charlynn,1
1070=,Charmiane,1
1070=,Charotte,1
1070=,Charrelle,1
1070=,Charresse,1
1070=,Chauntelle,1
1070=,Chavaun,1
1070=,Chellsae,1
1070=,Chellsi,1
1070=,Chelsae,1
1070=,Chelsay,1
1070=,Chelsea-Anne,1
1070=,Chelsea-Louise,1
1070=,Chelsea-Marie,1
1070=,Chenille,1
1070=,Chenise,1
1070=,Chere,1
1070=,Cheree,1
1070=,Cheri,1
1070=,Cherlyn,1
1070=,Cherlynne,1
1070=,Cherrie,1
1070=,Cherry,1
1070=,Cherycce,1
1070=,Cheryle,1
1070=,Cheryll,1
1070=,Cheryn,1
1070=,Chesca,1
1070=,Cheu,1
1070=,Cheyne,1
1070=,Chi,1
1070=,Chimene,1
1070=,Chirsty,1
1070=,Chivonne,1
1070=,Chleo,1
1070=,Chloe-Anne,1
1070=,Chloe-Jayne,1
1070=,Chloe-Marie,1
1070=,Chloemarie,1
1070=,Christabel,1
1070=,Christen,1
1070=,Christian,1
1070=,Christiane,1
1070=,Christie-Anne,1
1070=,Chyvonne,1
1070=,Cielidh,1
1070=,Ciera,1
1070=,Ciorstan,1
1070=,Claira,1
1070=,Clairann,1
1070=,Clarisse,1
1070=,Clawdy,1
1070=,Clemency,1
1070=,Clementina,1
1070=,Clementine,1
1070=,Cliona,1
1070=,Clionna,1
1070=,Cloda,1
1070=,Clorstaidh,1
1070=,Clorstan,1
1070=,Cloudie,1
1070=,Clunie,1
1070=,Codey,1
1070=,Colby,1
1070=,Colene,1
1070=,Colina,1
1070=,Collete,1
1070=,Conor,1
1070=,Cora-Anne,1
1070=,Corah,1
1070=,Coralena,1
1070=,Coreen,1
1070=,Cori,1
1070=,Corina,1
1070=,Corine,1
1070=,Corissa,1
1070=,Coro,1
1070=,Corra,1
1070=,Corran,1
1070=,Corrieanne,1
1070=,Corrin,1
1070=,Corrina,1
1070=,Corrinna,1
1070=,Coryn,1
1070=,Cosette,1
1070=,Courtnay,1
1070=,Cree,1
1070=,Crissy,1
1070=,Cristina,1
1070=,Cristine,1
1070=,Cydnee,1
1070=,Daina,1
1070=,Daisey,1
1070=,Daizy,1
1070=,Damiana,1
1070=,Dana-Marie,1
1070=,Danelle,1
1070=,Danica,1
1070=,Daniel,1
1070=,Daniela,1
1070=,Daniele,1
1070=,Danielle-Louise,1
1070=,Danniella,1
1070=,Danyelle,1
1070=,Darcey,1
1070=,Darcie,1
1070=,Darian,1
1070=,Dariel-Rose,1
1070=,Darleen,1
1070=,Darrah-Leigh,1
1070=,Davina,1
1070=,Dayla,1
1070=,Dayna-Jayne,1
1070=,Dayna-Louise,1
1070=,Dayni,1
1070=,Daynor,1
1070=,Dea,1
1070=,Deanne,1
1070=,Debbi,1
1070=,Debbielee,1
1070=,Deberah,1
1070=,Debony,1
1070=,Deborahlee,1
1070=,Dee-Anne,1
1070=,Demelza,1
1070=,Demi-Lee,1
1070=,Demi-Leigh,1
1070=,Demi-Liegh,1
1070=,Demi-Nicole,1
1070=,Demii,1
1070=,Demilee,1
1070=,Demver,1
1070=,Denica,1
1070=,Dennise,1
1070=,Deon,1
1070=,Deri,1
1070=,Derry,1
1070=,Deryn,1
1070=,Deyna,1
1070=,Deziree,1
1070=,Dianka,1
1070=,Dilveer,1
1070=,Dinah,1
1070=,Dion,1
1070=,Dior,1
1070=,Disa,1
1070=,Diva,1
1070=,Domanique,1
1070=,Domenique,1
1070=,Donya,1
1070=,Dora,1
1070=,Dorothy,1
1070=,Drishti,1
1070=,Duncan,1
1070=,Dylan,1
1070=,Eadie,1
1070=,Ealasaid,1
1070=,Eboni,1
1070=,Eesha,1
1070=,Eilean,1
1070=,Eilisha,1
1070=,Eimear,1
1070=,Eirann,1
1070=,Eirinn,1
1070=,Elana,1
1070=,Elanor,1
1070=,Elayna,1
1070=,Elayne,1
1070=,Elektra,1
1070=,Elen,1
1070=,Eleni,1
1070=,Elesha-Danielle,1
1070=,Elham,1
1070=,Eliesha,1
1070=,Elif,1
1070=,Elin,1
1070=,Elis,1
1070=,Elisheba,1
1070=,Elke,1
1070=,Elles,1
1070=,Ellie-Louise,1
1070=,Elliss,1
1070=,Elycia,1
1070=,Elysia,1
1070=,Elyssia,1
1070=,Emily-Ann,1
1070=,Emily-Jay,1
1070=,Emily-Kate,1
1070=,Emily-Rose,1
1070=,Emma-Anne,1
1070=,Emma-Lee,1
1070=,Emmalene,1
1070=,Emmalouise,1
1070=,Emmy,1
1070=,Emylie,1
1070=,Eniola,1
1070=,Eri,1
1070=,Erie,1
1070=,Erika-Leigh,1
1070=,Erinna,1
1070=,Erryn,1
1070=,Eryn,1
1070=,Etta,1
1070=,Evan,1
1070=,Evanna,1
1070=,Eveline,1
1070=,Fadtimeh,1
1070=,Faiqah,1
1070=,Fairlie,1
1070=,Faith,1
1070=,Faiza,1
1070=,Fakhrina,1
1070=,Fangyi,1
1070=,Faraha,1
1070=,Fariah,1
1070=,Farihah,1
1070=,Farkhinda,1
1070=,Farya,1
1070=,Fatema,1
1070=,Fatharina,1
1070=,Fatima,1
1070=,Fatimah,1
1070=,Fauzia,1
1070=,Fawn,1
1070=,Fawzia,1
1070=,Fearn,1
1070=,Feena,1
1070=,Femke,1
1070=,Fennella,1
1070=,Feren,1
1070=,Fhiona,1
1070=,Fionagh,1
1070=,Fionn,1
1070=,Fionnadh,1
1070=,Flaura,1
1070=,Flin,1
1070=,Floraidh,1
1070=,Florrie,1
1070=,Franci,1
1070=,Francine,1
1070=,Francisca,1
1070=,Franki,1
1070=,Frankie,1
1070=,Freda,1
1070=,Fredah,1
1070=,Freyja,1
1070=,Fung,1
1070=,Furah,1
1070=,Gabriele,1
1070=,Gael,1
1070=,Gaelan,1
1070=,Gary,1
1070=,Gayna,1
1070=,Gee,1
1070=,Geena,1
1070=,Gei,1
1070=,Gema-Lee,1
1070=,Gemma-Louise,1
1070=,Gena,1
1070=,Genevieve,1
1070=,Geordan,1
1070=,Georga,1
1070=,Georgann,1
1070=,Georgi,1
1070=,Georgy,1
1070=,Gerardine,1
1070=,Ghulam,1
1070=,Gi,1
1070=,Gilah,1
1070=,Gilli,1
1070=,Gilly,1
1070=,Gilzian,1
1070=,Ginette,1
1070=,Giovanna,1
1070=,Girija,1
1070=,Glara,1
1070=,Gloria,1
1070=,Gorgia,1
1070=,Gracia,1
1070=,Grant,1
1070=,Grazyna,1
1070=,Greer,1
1070=,Greta,1
1070=,Greta-Lucy,1
1070=,Gulnaar,1
1070=,Gulshanara,1
1070=,Gurpreet,1
1070=,Gwendolen,1
1070=,Gwenno,1
1070=,Gwyneth,1
1070=,Hadair,1
1070=,Hadeal,1
1070=,Hadyn,1
1070=,Hafsa,1
1070=,Hafsah,1
1070=,Hailie,1
1070=,Hajer,1
1070=,Hajra,1
1070=,Haleena,1
1070=,Halina,1
1070=,Halley,1
1070=,Hammera,1
1070=,Hamshya,1
1070=,Hanaan,1
1070=,Hanadi,1
1070=,Hanah,1
1070=,Haneen,1
1070=,Hanin,1
1070=,Hanne,1
1070=,Hardeep,1
1070=,Harly-Jane,1
1070=,Harousa,1
1070=,Hasinara,1
1070=,Haylee,1
1070=,Hayley-Ann,1
1070=,Hazell,1
1070=,Hazyl,1
1070=,Hebe,1
1070=,Heena,1
1070=,Heike,1
1070=,Heleena,1
1070=,Helga,1
1070=,Hemera,1
1070=,Heron,1
1070=,Hiba,1
1070=,Hibah,1
1070=,Hina,1
1070=,Hizra,1
1070=,Hoda,1
1070=,Hong,1
1070=,Hsiau,1
1070=,Hsin-Mei,1
1070=,Huma,1
1070=,Humera,1
1070=,Husna,1
1070=,Huzefa,1
1070=,Ilaina,1
1070=,Ilana,1
1070=,Ilaria,1
1070=,Ilina,1
1070=,Ilka,1
1070=,Ilona,1
1070=,Imaan,1
1070=,Inanna,1
1070=,Ines,1
1070=,Innes,1
1070=,Iona-Shannen,1
1070=,Ione,1
1070=,Iqraa,1
1070=,Iram,1
1070=,Isabell,1
1070=,Iseabail,1
1070=,Iseabal,1
1070=,Ishbel,1
1070=,Islay,1
1070=,Isma,1
1070=,Issma,1
1070=,Ivy,1
1070=,Izzat,1
1070=,Jacinta,1
1070=,Jackie,1
1070=,Jaclyne,1
1070=,Jacqualine,1
1070=,Jacquelineann,1
1070=,Jacquie,1
1070=,Jacquiline,1
1070=,Jade-Louise,1
1070=,Jade-Nicole,1
1070=,Jaden,1
1070=,Jai,1
1070=,Jaide,1
1070=,Jaimie-Louise,1
1070=,Jake,1
1070=,Jaki,1
1070=,Jalana,1
1070=,Jamie-Lea,1
1070=,Jamie-Leah,1
1070=,Jamie-Louise,1
1070=,Jamieleigh,1
1070=,Jamila,1
1070=,Jana,1
1070=,Janaid,1
1070=,Jannah,1
1070=,Jannai,1
1070=,Jannat,1
1070=,Jaqueline,1
1070=,Jaquelyn,1
1070=,Jaqui,1
1070=,Jara,1
1070=,Jardin,1
1070=,Jasveer,1
1070=,Jay-Dean,1
1070=,Jayd,1
1070=,Jaydee,1
1070=,Jaymie-Leigh,1
1070=,Jayne-Lee,1
1070=,Jaynea-Rahma,1
1070=,Jayney,1
1070=,Jeanna,1
1070=,Jeannie,1
1070=,Jedwiga,1
1070=,Jema,1
1070=,Jen,1
1070=,Jena,1
1070=,Jeni,1
1070=,Jeni-Lee,1
1070=,Jennie,1
1070=,Jeordan,1
1070=,Jerez,1
1070=,Jeri-Ann,1
1070=,Jermaine,1
1070=,Jessamy,1
1070=,Jessica-Marie,1
1070=,Jessie-Lee,1
1070=,Jet,1
1070=,Jhothi,1
1070=,Ji,1
1070=,Jin,1
1070=,Jing,1
1070=,Jiveria,1
1070=,Jo-Anna,1
1070=,Joana,1
1070=,Joann,1
1070=,Jocelynn,1
1070=,Jodene,1
1070=,Jodine,1
1070=,Joeanne,1
1070=,Joedie,1
1070=,Joedy,1
1070=,Joely,1
1070=,Joey,1
1070=,John,1
1070=,Johnanna,1
1070=,Johnne,1
1070=,Johria,1
1070=,Joleen,1
1070=,Jolene,1
1070=,Jolise,1
1070=,Joniece,1
1070=,Jonkvrouwe,1
1070=,Jordan-May,1
1070=,Jordana,1
1070=,Jordanna,1
1070=,Jorgie,1
1070=,Josefine,1
1070=,Joslan,1
1070=,Joslyn,1
1070=,Jourdain,1
1070=,Jozie-Anne,1
1070=,Juanita,1
1070=,Judy,1
1070=,Juhi,1
1070=,Julianna,1
1070=,Julieanne,1
1070=,Justyne,1
1070=,Juwairiyyah,1
1070=,Juwayriyah,1
1070=,Ka,1
1070=,Ka-Yan,1
1070=,Ka-Yanne,1
1070=,Kadie,1
1070=,Kaela,1
1070=,Kaeli,1
1070=,Kailah,1
1070=,Kaileigh,1
1070=,Kaiming,1
1070=,Kaireen,1
1070=,Kaleidh,1
1070=,Kaley,1
1070=,Kali,1
1070=,Kaliopi,1
1070=,Kaly,1
1070=,Kalyan,1
1070=,Kamalpreet,1
1070=,Kamie,1
1070=,Kamilla,1
1070=,Kana,1
1070=,Kandice,1
1070=,Kandyce,1
1070=,Kangwa,1
1070=,Karalyn,1
1070=,Karay,1
1070=,Karima,1
1070=,Kariss,1
1070=,Karissa,1
1070=,Karley,1
1070=,Karlie,1
1070=,Karoline,1
1070=,Karolynn,1
1070=,Karysm,1
1070=,Karyss,1
1070=,Kashaf,1
1070=,Kasi,1
1070=,Kasie,1
1070=,Kassie,1
1070=,Kassy,1
1070=,Katarijna,1
1070=,Katarina,1
1070=,Katelyne,1
1070=,Katerine,1
1070=,Katey,1
1070=,Katey-Anne,1
1070=,Katharina,1
1070=,Katherene,1
1070=,Kathyrn,1
1070=,Kati,1
1070=,Katie-Jane,1
1070=,Katie-Jean,1
1070=,Katie-Rose,1
1070=,Katinka,1
1070=,Katlyn,1
1070=,Katlynn,1
1070=,Katlynne,1
1070=,Katryna,1
1070=,Katy-Rose,1
1070=,Kavita,1
1070=,Kaya-Jane,1
1070=,Kaya-Lana,1
1070=,Kaya-Naomi,1
1070=,Kaydn,1
1070=,Kaye,1
1070=,Kayla,1
1070=,Kaylea,1
1070=,Kaylin,1
1070=,Kayra,1
1070=,Kayshia,1
1070=,Kayti,1
1070=,Keagan,1
1070=,Kealsey,1
1070=,Keava,1
1070=,Keelei,1
1070=,Keeley,1
1070=,Keemia,1
1070=,Keileih,1
1070=,Keisha,1
1070=,Kelcey,1
1070=,Kellianne,1
1070=,Kellsey,1
1070=,Kelly-Marie,1
1070=,Kellyanne,1
1070=,Kellymarie,1
1070=,Kelsay,1
1070=,Kelsi,1
1070=,Kemi,1
1070=,Kendell,1
1070=,Kendra,1
1070=,Kendyl,1
1070=,Kenedi,1
1070=,Kenna,1
1070=,Kenwan,1
1070=,Kercia,1
1070=,Keri-Ann,1
1070=,Kerianne,1
1070=,Kerisa,1
1070=,Kerr,1
1070=,Kerrae,1
1070=,Kerrera,1
1070=,Kerri-Ann,1
1070=,Kerriann,1
1070=,Kerrie-Ann,1
1070=,Kerrie-Anne,1
1070=,Kerrie-Jo,1
1070=,Kerris,1
1070=,Kerry-Ann,1
1070=,Kerryn,1
1070=,Kerstin,1
1070=,Keryn,1
1070=,Kesang,1
1070=,Keshet,1
1070=,Keturah,1
1070=,Keziah,1
1070=,Khadija,1
1070=,Khairun-Nissa,1
1070=,Khalina,1
1070=,Kharlene,1
1070=,Khayren,1
1070=,Khnsa,1
1070=,Kholoed,1
1070=,Kholood,1
1070=,Kia,1
1070=,Kiah,1
1070=,Kiana,1
1070=,Kiella,1
1070=,Kierann,1
1070=,Kieron,1
1070=,Kimberlea,1
1070=,Kinesha,1
1070=,Kiragh,1
1070=,Kirandeep,1
1070=,Kiranjit,1
1070=,Kirileigh,1
1070=,Kirima,1
1070=,Kirri,1
1070=,Kirrin,1
1070=,Kirstine,1
1070=,Kirsty-Jay,1
1070=,Kirsty-Lee,1
1070=,Kirsty-Marie,1
1070=,Kirstyann,1
1070=,Kirya,1
1070=,Kitrina,1
1070=,Kitt,1
1070=,Kiya,1
1070=,Klarissa,1
1070=,Knidla,1
1070=,Kodie,1
1070=,Kodithuwakku,1
1070=,Kofran,1
1070=,Koko,1
1070=,Komal,1
1070=,Koreace,1
1070=,Kori,1
1070=,Korinne,1
1070=,Kourtney,1
1070=,Koyal,1
1070=,Kris,1
1070=,Krissy,1
1070=,Kristella,1
1070=,Krystie,1
1070=,Krystina,1
1070=,Kumba,1
1070=,Kurstin,1
1070=,Kyara,1
1070=,Kyla,1
1070=,Kylie,1
1070=,Kyre-Ann,1
1070=,Kyrie,1
1070=,Kyrsten,1
1070=,Kyrstie,1
1070=,Kyrstine,1
1070=,Kythe,1
1070=,Laaiqah,1
1070=,Laia,1
1070=,Laila,1
1070=,Lailah,1
1070=,Lakin,1
1070=,Lakshmi,1
1070=,Lamisa,1
1070=,Lani,1
1070=,Larah,1
1070=,Lareb,1
1070=,Larni,1
1070=,Latasha,1
1070=,Latieshia,1
1070=,Latifah,1
1070=,Latoya,1
1070=,Laura-Jane,1
1070=,Laura-Jean,1
1070=,Laurajane,1
1070=,Laurann,1
1070=,Laurel,1
1070=,Lauren-Anne,1
1070=,Laurna,1
1070=,Laurren,1
1070=,Lavanya,1
1070=,Lawrie,1
1070=,Le-Ah,1
1070=,Lea,1
1070=,Lea-Anne,1
1070=,Lea-Marie,1
1070=,Leagh,1
1070=,Leagsaidh,1
1070=,Leaharen,1
1070=,Leana,1
1070=,Leann,1
1070=,Leasha,1
1070=,Lee-Ann,1
1070=,Leeanda,1
1070=,Leeomi,1
1070=,Leeza,1
1070=,Leigh'a,1
1070=,Leigha,1
1070=,Leighan,1
1070=,Leighvi,1
1070=,Lelani,1
1070=,Lene,1
1070=,Lenora,1
1070=,Leonia,1
1070=,Leora,1
1070=,Lesley-Ann,1
1070=,Leslie-Anne,1
1070=,Leticia,1
1070=,Letitia,1
1070=,Leyah,1
1070=,Lez,1
1070=,Liane,1
1070=,Liang,1
1070=,Lianna,1
1070=,Libby,1
1070=,Lili,1
1070=,Lilian,1
1070=,Lindsie,1
1070=,Lindzi,1
1070=,Lindzie,1
1070=,Linley,1
1070=,Linn,1
1070=,Linzi-Ann,1
1070=,Liona,1
1070=,Lisa-Ann,1
1070=,Lisanna,1
1070=,Lise,1
1070=,Liusaidh,1
1070=,Llana,1
1070=,Llindyn,1
1070=,Llinos,1
1070=,Lola,1
1070=,Loreto,1
1070=,Loretta,1
1070=,Lori-Jaye,1
1070=,Lorie,1
1070=,Loriena,1
1070=,Lorin,1
1070=,Lorina,1
1070=,Lorn,1
1070=,Loryn,1
1070=,Lovisa,1
1070=,Luanna,1
1070=,Lucienne,1
1070=,Lucille,1
1070=,Lucy-Anne,1
1070=,Lui,1
1070=,Lukjeet,1
1070=,Lyndseyann,1
1070=,Lynsi,1
1070=,Lynzy,1
1070=,Maaike,1
1070=,Maariya,1
1070=,Maariyah,1
1070=,Maarya,1
1070=,Macaily,1
1070=,Madaline,1
1070=,Maddison,1
1070=,Madelaine,1
1070=,Madia,1
1070=,Madihah,1
1070=,Mahalia,1
1070=,Mahdieh,1
1070=,Mahdiyyah,1
1070=,Maheen,1
1070=,Mahri,1
1070=,Mahwish,1
1070=,Maili,1
1070=,Maimie,1
1070=,Maire-Louise,1
1070=,Maireanne,1
1070=,Mairhead,1
1070=,Mairi-Christina,1
1070=,Mairi-Clair,1
1070=,Mairi-Clare,1
1070=,Mairi-Jane,1
1070=,Mairi-Kate,1
1070=,Mairianne,1
1070=,Mairilindsay,1
1070=,Makala,1
1070=,Malia,1
1070=,Malissa,1
1070=,Mallisa,1
1070=,Mallory,1
1070=,Mandevi,1
1070=,Mandi,1
1070=,Mandip,1
1070=,Manpreet,1
1070=,Mara,1
1070=,Maram,1
1070=,Marcella,1
1070=,Marell,1
1070=,Maren,1
1070=,Margaret-Anne,1
1070=,Margarette,1
1070=,Marghrad,1
1070=,Mari-Claire,1
1070=,Mari-Clare,1
1070=,Maria-Caterina,1
1070=,Mariah,1
1070=,Marian,1
1070=,Mariana,1
1070=,Mariann,1
1070=,Mariay,1
1070=,Maricia,1
1070=,Marie-Antoinett,1
1070=,Marie-Clare,1
1070=,Marie-Therese,1
1070=,Marieka,1
1070=,Mariel,1
1070=,Mariessa,1
1070=,Marigold,1
1070=,Mariha,1
1070=,Marijke,1
1070=,Marilyam,1
1070=,Marilyn,1
1070=,Marilyne,1
1070=,Marion-Anne,1
1070=,Mariota,1
1070=,Maris,1
1070=,Marium,1
1070=,Mariyah,1
1070=,Marjory,1
1070=,Marleigh,1
1070=,Marli,1
1070=,Marlies,1
1070=,Marliese,1
1070=,Marna,1
1070=,Maroobah,1
1070=,Martean,1
1070=,Martha-Elizabet,1
1070=,Marwa,1
1070=,Mary-Ann,1
1070=,Mary-Jane,1
1070=,Maryjane,1
1070=,Marykate,1
1070=,Mathilda,1
1070=,Mavrah,1
1070=,Maya,1
1070=,Mechelle,1
1070=,Meera,1
1070=,Meesha,1
1070=,Mefharet,1
1070=,Megan-Rose,1
1070=,Meganne,1
1070=,Meggan,1
1070=,Meheq,1
1070=,Mehrin,1
1070=,Mehrun,1
1070=,Mehrunnissa,1
1070=,Mehwish,1
1070=,Meili,1
1070=,Melani,1
1070=,Mellissa,1
1070=,Melody-Beth,1
1070=,Meraud,1
1070=,Mercedes,1
1070=,Meresha,1
1070=,Meriel,1
1070=,Merissa,1
1070=,Merran,1
1070=,Merril,1
1070=,Mhari-Ann,1
1070=,Mhiara,1
1070=,Mia,1
1070=,Micha,1
1070=,Michaelar,1
1070=,Micheala,1
1070=,Micheelie,1
1070=,Mickaela,1
1070=,Midhat,1
1070=,Mikaela,1
1070=,Mini,1
1070=,Mirrin,1
1070=,Misa,1
1070=,Misbah,1
1070=,Mischa,1
1070=,Mitchel,1
1070=,Moa,1
1070=,Moire,1
1070=,Molisa,1
1070=,Molly-Jean,1
1070=,Momena,1
1070=,Momina,1
1070=,Monica-Jo,1
1070=,Monice,1
1070=,Monique,1
1070=,Montanna,1
1070=,Moray,1
1070=,Morbhan,1
1070=,Morgaine,1
1070=,Morgane,1
1070=,Morgen,1
1070=,Morias,1
1070=,Morvwen,1
1070=,Motee,1
1070=,Moya,1
1070=,Muirna,1
1070=,Muriel,1
1070=,Murium,1
1070=,Mya,1
1070=,Myckaela,1
1070=,Myfanwy,1
1070=,Myra,1
1070=,Na,1
1070=,Naadirah,1
1070=,Nabiah,1
1070=,Nabila,1
1070=,Nada,1
1070=,Nadean,1
1070=,Nadigah,1
1070=,Nadina,1
1070=,Nafeesa,1
1070=,Naheeda,1
1070=,Naimh,1
1070=,Naiomi,1
1070=,Najah,1
1070=,Nakita,1
1070=,Namuuka,1
1070=,Naomi-Beth,1
1070=,Narelle,1
1070=,Narina,1
1070=,Narinder,1
1070=,Nasreen,1
1070=,Nastassia,1
1070=,Natalie-Eliza,1
1070=,Natallie,1
1070=,Natasha-Claire,1
1070=,Natasha-Leigh,1
1070=,Nathalie,1
1070=,Nathania,1
1070=,Nathashia,1
1070=,Natisha,1
1070=,Naunena,1
1070=,Naveen,1
1070=,Nayaab,1
1070=,Nayab,1
1070=,Nazia,1
1070=,Nazmi,1
1070=,Nea,1
1070=,Neala,1
1070=,Neamhain,1
1070=,Neasha,1
1070=,Nebraska,1
1070=,Nell,1
1070=,Neneh,1
1070=,Neomie,1
1070=,Neovi,1
1070=,Nerissa,1
1070=,Nesreen,1
1070=,Nessrin,1
1070=,Nia,1
1070=,Nicaul,1
1070=,Niccolle,1
1070=,Nicheala,1
1070=,Nickaela,1
1070=,Nicky,1
1070=,Nicola-Ann,1
1070=,Nicole-Frances,1
1070=,Nicoletta,1
1070=,Nidaa,1
1070=,Nidda,1
1070=,Nik,1
1070=,Niketa,1
1070=,Nikki-Anne,1
1070=,Nikkii,1
1070=,Nikol,1
1070=,Nilia,1
1070=,Ninaleigh,1
1070=,Nioma,1
1070=,Nisreen,1
1070=,Noella,1
1070=,Nompilo,1
1070=,Noor,1
1070=,Noor-Zehra,1
1070=,Noorjahan,1
1070=,Noreen,1
1070=,Norma,1
1070=,Normajean,1
1070=,Nosheen,1
1070=,Nursyazwani,1
1070=,Nusyba,1
1070=,Nyaomi,1
1070=,Nyla,1
1070=,Nyomi,1
1070=,Nyree,1
1070=,O'shea,1
1070=,Ola,1
1070=,Olesya,1
1070=,Omaema,1
1070=,Omogherebhe,1
1070=,Onnagh,1
1070=,Orli,1
1070=,Oui,1
1070=,Pagan,1
1070=,Paisley,1
1070=,Palavi,1
1070=,Pandora,1
1070=,Panecea,1
1070=,Parastwo,1
1070=,Paris,1
1070=,Pariss,1
1070=,Pashmeena,1
1070=,Patrena,1
1070=,Pearl,1
1070=,Pebbles,1
1070=,Peggy,1
1070=,Peigi,1
1070=,Peri,1
1070=,Peta,1
1070=,Petra,1
1070=,Petriece,1
1070=,Pevrin,1
1070=,Peyton,1
1070=,Pheobe,1
1070=,Philipa-Ann,1
1070=,Phillipa,1
1070=,Phillippa,1
1070=,Picassa,1
1070=,Pinky,1
1070=,Pippa,1
1070=,Pooja,1
1070=,Prabhjot,1
1070=,Pravjit,1
1070=,Preetika,1
1070=,Preya,1
1070=,Priscilla,1
1070=,Priyanaz,1
1070=,Priyanka,1
1070=,Prunella,1
1070=,Pui,1
1070=,Puneet,1
1070=,Qinwen,1
1070=,Quinn,1
1070=,Rabecca,1
1070=,Rabiah,1
1070=,Rachael-Anne,1
1070=,Rachaell,1
1070=,Racheal,1
1070=,Rachel-Louise,1
1070=,Rachele,1
1070=,Radha,1
1070=,Radhika,1
1070=,Rae-Ann,1
1070=,Rae-Yen,1
1070=,Raeanne,1
1070=,Raechel,1
1070=,Raeesa,1
1070=,Raghad,1
1070=,Rahailey,1
1070=,Rainey,1
1070=,Rainny,1
1070=,Raisa,1
1070=,Raisah,1
1070=,Raman,1
1070=,Rameesha,1
1070=,Ramona,1
1070=,Raniah,1
1070=,Rasheeda,1
1070=,Raven,1
1070=,Ray,1
1070=,Rayanne,1
1070=,Raynor,1
1070=,Rayya,1
1070=,Reann,1
1070=,Rebbekah,1
1070=,Rebecca-Nicole,1
1070=,Rebeccah,1
1070=,Rebeckah,1
1070=,Rebekah-Jo,1
1070=,Rebekha,1
1070=,Reebecka,1
1070=,Reece,1
1070=,Reegan,1
1070=,Reema,1
1070=,Rehab,1
1070=,Remi,1
1070=,Remy,1
1070=,Renn,1
1070=,Revital,1
1070=,Rezwina,1
1070=,Rhanna,1
1070=,Rheagan,1
1070=,Rheann,1
1070=,Rheanna,1
1070=,Rhiah,1
1070=,Rhiana,1
1070=,Rhiane,1
1070=,Rhiannan,1
1070=,Rhowanna-Anne,1
1070=,Rhubekka,1
1070=,Rhuna,1
1070=,Rhyiza,1
1070=,Riahannan,1
1070=,Rianna,1
1070=,Ridah,1
1070=,Riel,1
1070=,Rifat,1
1070=,Rihan,1
1070=,Riki,1
1070=,Rima,1
1070=,Rio,1
1070=,Rionna,1
1070=,Robbyn,1
1070=,Robecca,1
1070=,Robin,1
1070=,Robyne,1
1070=,Robynne,1
1070=,Rochie,1
1070=,Rodica,1
1070=,Rogie,1
1070=,Rohanne,1
1070=,Rois,1
1070=,Romaela,1
1070=,Romaine,1
1070=,Romina,1
1070=,Roni,1
1070=,Rosalba,1
1070=,Rosalie,1
1070=,Rosalynd,1
1070=,Rosalynn,1
1070=,Rosaria,1
1070=,Rosario,1
1070=,Rosealeigh,1
1070=,Roseann,1
1070=,Roseanna,1
1070=,Roseline,1
1070=,Roshani,1
1070=,Roshni,1
1070=,Roslyne,1
1070=,Roslynn,1
1070=,Roxan,1
1070=,Roxsanne,1
1070=,Rozlynn,1
1070=,Rufaro,1
1070=,Ruhi,1
1070=,Ruhksar,1
1070=,Rukhsar,1
1070=,Ruksaar,1
1070=,Rumaanah,1
1070=,Ruqaya,1
1070=,Ruqayyah,1
1070=,Ruqueia,1
1070=,Ryah,1
1070=,Saara,1
1070=,Saarah,1
1070=,Saareh,1
1070=,Saba,1
1070=,Sabeen,1
1070=,Sabina,1
1070=,Sabreena,1
1070=,Sacha-Louise,1
1070=,Sachania,1
1070=,Sadiya,1
1070=,Safa,1
1070=,Saffron,1
1070=,Safina,1
1070=,Safiyya,1
1070=,Sahnaz,1
1070=,Sahre,1
1070=,Saika,1
1070=,Saimah,1
1070=,Sairah,1
1070=,Sakina,1
1070=,Sallie,1
1070=,Sally-Anne,1
1070=,Salvor,1
1070=,Samah,1
1070=,Samanth,1
1070=,Samantha-Anne,1
1070=,Samantha-Jane,1
1070=,Samar,1
1070=,Sameyia,1
1070=,Sami-Jo,1
1070=,Samia,1
1070=,Samiah,1
1070=,Samina,1
1070=,Samirah,1
1070=,Sammantha,1
1070=,Sammie,1
1070=,Sammie-Jo,1
1070=,Samnaa,1
1070=,Samreen,1
1070=,Sandeep,1
1070=,Sanipriya,1
1070=,Sanita,1
1070=,Saniya,1
1070=,Sanna,1
1070=,Sannah,1
1070=,Saoirse,1
1070=,Saorcha,1
1070=,Sapna,1
1070=,Sapphire,1
1070=,Sara-Anne,1
1070=,Sara-Louise,1
1070=,Sarah-Ann,1
1070=,Sarah-Jayn,1
1070=,Sarah-Marie,1
1070=,Sarahlee,1
1070=,Saranjeet,1
1070=,Sarena,1
1070=,Sarrah,1
1070=,Sastre,1
1070=,Satnam,1
1070=,Satwinder,1
1070=,Savannah-Jane,1
1070=,Sayda,1
1070=,Scarlett,1
1070=,Seana,1
1070=,Seandelle,1
1070=,Seaneen,1
1070=,Searlait,1
1070=,Searoneet,1
1070=,Seerat,1
1070=,Seher,1
1070=,Sehrene,1
1070=,Sehrish,1
1070=,Senga,1
1070=,Seonad,1
1070=,Seonaidh,1
1070=,Seun,1
1070=,Shaa-Ista,1
1070=,Shabana,1
1070=,Shaeleigh,1
1070=,Shafah,1
1070=,Shahida,1
1070=,Shahreen,1
1070=,Shahzana,1
1070=,Shakiera,1
1070=,Shakirah,1
1070=,Shalann,1
1070=,Shamaila,1
1070=,Shamiala,1
1070=,Shamila,1
1070=,Shan,1
1070=,Shana-Lee,1
1070=,Shanan,1
1070=,Shandana,1
1070=,Shaneen,1
1070=,Shanen,1
1070=,Shanese,1
1070=,Shaney,1
1070=,Shannon-Louise,1
1070=,Shannyn,1
1070=,Shantelle,1
1070=,Shara,1
1070=,Sharalena,1
1070=,Sharan,1
1070=,Sharell,1
1070=,Sharelle,1
1070=,Sharlane,1
1070=,Sharlene,1
1070=,Sharlie,1
1070=,Sharlotte,1
1070=,Sharmilla,1
1070=,Sharron,1
1070=,Sharyn,1
1070=,Shaughney,1
1070=,Shaunagh,1
1070=,Shaundelle,1
1070=,Shaune,1
1070=,Shauni-Leigh,1
1070=,Shaunii,1
1070=,Shaunny,1
1070=,Shauntel,1
1070=,Shauny,1
1070=,Shavana,1
1070=,Shawndell,1
1070=,Shawney,1
1070=,Shawnie,1
1070=,Shawny,1
1070=,Shazia,1
1070=,Shea,1
1070=,Sheereen,1
1070=,Shekofeh,1
1070=,Shelaine,1
1070=,Shelbi,1
1070=,Shelbie,1
1070=,Shellby,1
1070=,Shellie,1
1070=,Shellyann,1
1070=,Shellyanne,1
1070=,Shenaz,1
1070=,Sheneice,1
1070=,Shenise,1
1070=,Shennel,1
1070=,Sheona,1
1070=,Shereena,1
1070=,Sherelle,1
1070=,Sherene,1
1070=,Sheri,1
1070=,Sherree,1
1070=,Sherrice,1
1070=,Sherrileigh,1
1070=,Sherrine,1
1070=,Sherry-Ann,1
1070=,Sherrylee,1
1070=,Sherylanne,1
1070=,Sheryn,1
1070=,Shi,1
1070=,Shian,1
1070=,Shiel,1
1070=,Shima,1
1070=,Shiminder,1
1070=,Shinara,1
1070=,Shinda,1
1070=,Shinell,1
1070=,Shinese,1
1070=,Shiree,1
1070=,Shireen,1
1070=,Shirley-Ann,1
1070=,Shirra,1
1070=,Shirree,1
1070=,Shodanna,1
1070=,Shola,1
1070=,Shonalika,1
1070=,Shoni,1
1070=,Shoshannah,1
1070=,Shurn,1
1070=,Shynelle,1
1070=,Sian-Louise,1
1070=,Sianan,1
1070=,Sianice,1
1070=,Siderah,1
1070=,Sidra,1
1070=,Sierra,1
1070=,Signy,1
1070=,Silvana,1
1070=,Simbiat,1
1070=,Simmone,1
1070=,Simonne,1
1070=,Simrat,1
1070=,Sindy,1
1070=,Sinita,1
1070=,Sinsemellia,1
1070=,Siobahn,1
1070=,Sionad,1
1070=,Sira,1
1070=,Sirah,1
1070=,Siraj,1
1070=,Siran,1
1070=,Sirwat,1
1070=,Sithara,1
1070=,Siu,1
1070=,Siwar,1
1070=,Sky,1
1070=,Slaine,1
1070=,Sofi,1
1070=,Soibhan,1
1070=,Sonna,1
1070=,Sophea,1
1070=,Sophi,1
1070=,Sophie-Claire,1
1070=,Sophiya,1
1070=,Sorrel,1
1070=,Sozan,1
1070=,Staceyann,1
1070=,Staceyanne,1
1070=,Staceyjane,1
1070=,Star,1
1070=,Stefania,1
1070=,Steffany,1
1070=,Stena,1
1070=,Stephane,1
1070=,Stephanie-Anne,1
1070=,Stephanie-Jayne,1
1070=,Stephannie,1
1070=,Stephnie,1
1070=,Stevannie,1
1070=,Stovhan,1
1070=,Stroma,1
1070=,Sudhanshi,1
1070=,Sufia,1
1070=,Sui,1
1070=,Sukhpal,1
1070=,Suman,1
1070=,Sumara,1
1070=,Sumayyah,1
1070=,Sumia,1
1070=,Sumra,1
1070=,Sumure,1
1070=,Sunah,1
1070=,Sunaina,1
1070=,Sunita,1
1070=,Sunnah,1
1070=,Surriaya,1
1070=,Suzanna,1
1070=,Suzy,1
1070=,Suzzanah,1
1070=,Syleen,1
1070=,Symonne,1
1070=,Syra,1
1070=,Taelor,1
1070=,Tahamina,1
1070=,Tahmina,1
1070=,Tahminara,1
1070=,Tahnee,1
1070=,Talor,1
1070=,Tamina,1
1070=,Tammie,1
1070=,Tamrah,1
1070=,Tamzene,1
1070=,Tamzin,1
1070=,Taneth,1
1070=,Tanis,1
1070=,Tanith,1
1070=,Tanitia,1
1070=,Tanmeet,1
1070=,Taris,1
1070=,Tarrah,1
1070=,Tasha,1
1070=,Tasia,1
1070=,Tasnim,1
1070=,Tatheer,1
1070=,Tatjana,1
1070=,Tauqeer,1
1070=,Tawny,1
1070=,Tay,1
1070=,Taya,1
1070=,Tayla,1
1070=,Taylah,1
1070=,Taylior,1
1070=,Taylor-Anne,1
1070=,Taylore,1
1070=,Tayte,1
1070=,Tayyaba,1
1070=,Tazmyn-Simone,1
1070=,Teagan,1
1070=,Teala,1
1070=,Teigan,1
1070=,Teila,1
1070=,Teillan,1
1070=,Teresa,1
1070=,Terimarie,1
1070=,Terri-Ann,1
1070=,Terri-Jane,1
1070=,Terrianne,1
1070=,Terry-Jo,1
1070=,Tertia,1
1070=,Thayba,1
1070=,Theodora,1
1070=,Thorn,1
1070=,Thwiba,1
1070=,Tiana,1
1070=,Tianna-Sheridan,1
1070=,Tiffiny,1
1070=,Tilda,1
1070=,Tinashkia,1
1070=,Ting,1
1070=,Tomi,1
1070=,Tomika,1
1070=,Toni-Ann,1
1070=,Toni-Anne,1
1070=,Toni-Jane,1
1070=,Toni-Louise,1
1070=,Tonie,1
1070=,Tori,1
1070=,Traci,1
1070=,Tracie-Louise,1
1070=,Tressa,1
1070=,Triana,1
1070=,Trina,1
1070=,Trisha,1
1070=,Trudi,1
1070=,Trudy,1
1070=,Tsungai,1
1070=,Tsz,1
1070=,Tuesday,1
1070=,Tyianna-Louise,1
1070=,Tyne,1
1070=,Tze,1
1070=,Umarah,1
1070=,Umera,1
1070=,Una,1
1070=,Unnam,1
1070=,Unum,1
1070=,Uram,1
1070=,Ursula,1
1070=,Usafeen,1
1070=,Ushra,1
1070=,Uzma,1
1070=,Vahri,1
1070=,Valeria,1
1070=,Vanessa-Louise,1
1070=,Vanna,1
1070=,Vari,1
1070=,Varri,1
1070=,Varrie,1
1070=,Varyse,1
1070=,Vevila,1
1070=,Vicki-Jayne,1
1070=,Vickie,1
1070=,Vidya,1
1070=,Vikki-Lea,1
1070=,Viola,1
1070=,Viviana,1
1070=,Vreni,1
1070=,Wachikuko,1
1070=,Wajihah,1
1070=,Warda,1
1070=,Watipaso,1
1070=,Whitney,1
1070=,Willa,1
1070=,Wilma,1
1070=,Wiyam,1
1070=,Wynnie,1
1070=,Xin,1
1070=,Yael,1
1070=,Yanna,1
1070=,Yasamin,1
1070=,Yasemin,1
1070=,Yasmein,1
1070=,Yazmin,1
1070=,Yee,1
1070=,Yee-Kei,1
1070=,Yin,1
1070=,Yong,1
1070=,Yoshe,1
1070=,Youn,1
1070=,Ysabeau,1
1070=,Yu-Han,1
1070=,Yuuka,1
1070=,Zaeema,1
1070=,Zahira,1
1070=,Zahrah,1
1070=,Zaib,1
1070=,Zakia,1
1070=,Zanera,1
1070=,Zanna,1
1070=,Zaprina,1
1070=,Zaynab,1
1070=,Zeenat,1
1070=,Zeenat-Un-Nisaa,1
1070=,Zelita,1
1070=,Zenaira,1
1070=,Zenat,1
1070=,Zhaier,1
1070=,Zia,1
1070=,Zoei,1
1070=,Zoella,1
1070=,Zoeya,1
1070=,Zofia,1
1070=,Zoha,1
1070=,Zoraida,1
1070=,Zosia,1
1070=,Zoyah,1
1070=,Zozan,1
