Position,Name,Number of babies
1,Emma,707
2,Amy,703
3,Lauren,688
4,Shannon,687
5,Chloe,663
6,Rebecca,659
7,Megan,566
8,Sarah,490
9,Rachel,481
10,Hannah,476
11,Caitlin,439
12,Nicole,438
13,Laura,387
14,Sophie,383
15,Kirsty,332
16,Danielle,321
17,Katie,287
18,Louise,271
19,Erin,269
20,Samantha,255
21,Emily,234
22,Jennifer,229
23=,Claire,227
23=,Heather,227
25,Stephanie,222
26=,Eilidh,210
26=,Nicola,210
28,Jade,205
29=,Kayleigh,198
29=,Lisa,198
31=,Hayley,188
31=,Holly,188
33,Rachael,186
34,Lucy,184
35,Melissa,180
36,Jessica,173
37,Zoe,170
38,Robyn,165
39,Gemma,164
40,Aimee,154
41=,Anna,151
41=,Jodie,151
43,Natasha,150
44,Natalie,147
45,Victoria,137
46,Chelsea,136
47,Kimberley,135
48,Ashley,134
49,Courtney,128
50,Kirsten,124
51,Beth,123
52,Catherine,122
53,Ashleigh,120
54=,Abbie,118
54=,Alexandra,118
56,Bethany,116
57,Charlotte,108
58,Abigail,105
59,Demi,98
60,Fiona,97
61,Paige,96
62,Taylor,92
63,Catriona,91
64=,Cara,90
64=,Kelly,90
66=,Amber,89
66=,Leah,89
66=,Siobhan,89
69=,Amanda,88
69=,Katherine,88
69=,Kathryn,88
72,Kerry,86
73,Elizabeth,83
74,Iona,82
75,Molly,78
76,Jemma,76
77,Alice,74
78=,Olivia,73
78=,Ruth,73
80,Jenna,71
81=,Alison,70
81=,Georgia,70
81=,Morgan,70
84=,Ellen,68
84=,Hollie,68
86=,Carly,67
86=,Naomi,67
88=,Alana,66
88=,Mhairi,66
90,Kate,65
91=,Chantelle,64
91=,Gillian,64
91=,Stacey,64
94,Joanne,62
95=,Isla,59
95=,Joanna,59
97=,Rebekah,58
97=,Toni,58
99=,Ellie,56
99=,Michelle,56
101,Kelsey,54
102=,Clare,51
102=,Leanne,51
104=,Meghan,50
104=,Rhiannon,50
106,Eleanor,49
107=,Hazel,48
107=,Mairi,48
109=,Caroline,47
109=,Ciara,47
109=,Julie,47
112=,Grace,46
112=,Niamh,46
114,Carla,45
115,Christina,44
116,Rosie,43
117=,Brooke,42
117=,Lorna,42
119=,Brogan,41
119=,Helen,41
119=,Kathleen,41
122=,Ailsa,40
122=,Christie,40
122=,Kaitlin,40
122=,Michaela,40
122=,Sara,40
122=,Shona,40
128=,Abby,39
128=,Amie,39
128=,Karen,39
131,Caitlyn,38
132=,Adele,37
132=,Jacqueline,37
132=,Katy,37
135,Dionne,36
136,Alanna,35
137=,Julia,34
137=,Lindsay,34
137=,Mary,34
140=,Eve,33
140=,Jasmine,33
140=,Leigh,33
140=,Margaret,33
140=,Morven,33
140=,Nadia,33
140=,Paula,33
140=,Sian,33
140=,Suzanne,33
140=,Tamara,33
150=,Colette,32
150=,Jamie,32
150=,Kirstin,32
150=,Roisin,32
150=,Yasmin,32
155=,Kim,31
155=,Kirstie,31
155=,Lori,31
155=,Lynsey,31
155=,Rhona,31
155=,Susan,31
161=,Alicia,30
161=,Kimberly,30
163=,Alex,29
163=,Kara,29
163=,Kerri,29
163=,Madeleine,29
163=,Nadine,29
163=,Skye,29
169=,Georgina,28
169=,Jordan,28
171=,Alannah,27
171=,Carrie,27
171=,Lois,27
174=,Connie,26
174=,Lindsey,26
174=,Monica,26
177=,Angela,25
177=,Antonia,25
177=,Becky,25
180=,Eilish,24
180=,Jane,24
180=,Jill,24
180=,Katrina,24
180=,Nikki,24
180=,Pamela,24
180=,Zara,24
187=,Ainsley,23
187=,Alix,23
187=,Annie,23
187=,Elise,23
187=,Lara,23
187=,Phoebe,23
187=,Sally,23
187=,Shelley,23
195=,Christine,22
195=,Dana,22
195=,Kiera,22
195=,Linzi,22
195=,Simone,22
200=,Bronwyn,21
200=,Daisy,21
200=,Donna,21
200=,Ellis,21
200=,Jenny,21
200=,Maria,21
206=,Charlene,20
206=,Deborah,20
206=,Francesca,20
206=,Lyndsay,20
206=,Lyndsey,20
206=,Melanie,20
206=,Rowan,20
206=,Sinead,20
214=,Abbey,19
214=,Christy,19
214=,Hope,19
214=,Tammy,19
214=,Tara,19
219=,Briony,18
219=,Cheryl,18
219=,Colleen,18
219=,Hayleigh,18
219=,Leona,18
219=,Louisa,18
219=,Nina,18
219=,Shelby,18
219=,Tanya,18
219=,Terri,18
229=,Andrea,17
229=,Claudia,17
229=,Dawn,17
229=,Freya,17
229=,Jamie-Lee,17
229=,Lana,17
235=,Alisha,16
235=,Billie,16
235=,Celine,16
235=,Chelsey,16
235=,Jasmin,16
235=,Jodi,16
235=,Kaitlyn,16
235=,Laurie,16
235=,Sasha,16
235=,Shauna,16
235=,Sophia,16
235=,Yvonne,16
247=,Ailish,15
247=,Alexandria,15
247=,Amelia,15
247=,Anne,15
247=,April,15
247=,Charley,15
247=,Charmaine,15
247=,Eva,15
247=,Keira,15
247=,Keri,15
247=,Mairead,15
258=,Aisha,14
258=,Dannielle,14
258=,Elaine,14
258=,Evie,14
258=,Frances,14
258=,Jillian,14
258=,Josephine,14
258=,Katharine,14
258=,Lesley,14
258=,Lily,14
258=,Marie,14
258=,Rhianna,14
258=,Shannen,14
258=,Tiffany,14
272=,Alanah,13
272=,Cody,13
272=,Danni,13
272=,Debbie,13
272=,Imogen,13
272=,Kayley,13
272=,Lydia,13
272=,Lynne,13
272=,Tegan,13
281=,Casey,12
281=,Cassie,12
281=,Dayna,12
281=,Ebony,12
281=,Faye,12
281=,Flora,12
281=,Gabrielle,12
281=,Harriet,12
281=,Jay,12
281=,Jordyn,12
281=,Karla,12
281=,Katelyn,12
281=,Lynn,12
281=,Stefanie,12
295=,Allana,11
295=,Bethan,11
295=,Cassandra,11
295=,Chelsie,11
295=,Daniella,11
295=,Helena,11
295=,Justine,11
295=,Kerrie,11
295=,Loren,11
295=,Marissa,11
295=,Rebekka,11
295=,Saskia,11
307=,Alexis,10
307=,Annabel,10
307=,Bonnie,10
307=,Brodie,10
307=,Bryony,10
307=,Carmen,10
307=,Carys,10
307=,Chanelle,10
307=,Corrie,10
307=,Darcy,10
307=,Diane,10
307=,Eden,10
307=,Ella,10
307=,Emma-Louise,10
307=,Eryn,10
307=,Fern,10
307=,Gaynor,10
307=,Hanna,10
307=,Jayne,10
307=,Karis,10
307=,Kaylee,10
307=,Kelsie,10
307=,Linda,10
307=,Marion,10
307=,Marnie,10
307=,Rose,10
307=,Shannan,10
307=,Shauni,10
307=,Stevie,10
307=,Teri,10
307=,Tyler,10
307=,Vanessa,10
307=,Vikki,10
340=,Abbi,9
340=,Carley,9
340=,Charlie,9
340=,Collette,9
340=,Courteney,9
340=,Dione,9
340=,Elle,9
340=,Eloise,9
340=,Georgie,9
340=,Honor,9
340=,Isabella,9
340=,Jayde,9
340=,Kayla,9
340=,Lianne,9
340=,Linsey,9
340=,Lynsay,9
340=,Miriam,9
340=,Mirren,9
340=,Nicolle,9
340=,Poppy,9
340=,Rhian,9
340=,Rhianne,9
340=,Sarah-Jane,9
340=,Shanice,9
340=,Shaunie,9
340=,Yasmine,9
366=,Adelle,8
366=,Aileen,8
366=,Ailie,8
366=,Alyx,8
366=,Ann,8
366=,Carolyn,8
366=,Chanel,8
366=,Denise,8
366=,Dominique,8
366=,Elisha,8
366=,Gayle,8
366=,Isobel,8
366=,Jaime,8
366=,Johanna,8
366=,Joy,8
366=,Judith,8
366=,Katriona,8
366=,Kyra,8
366=,Lauryn,8
366=,Lorraine,8
366=,Madison,8
366=,Maya,8
366=,Philippa,8
366=,Rona,8
366=,Ruby,8
366=,Sheryl,8
366=,Summer,8
366=,Zoey,8
394=,Ailidh,7
394=,Allanah,7
394=,Allison,7
394=,Alyson,7
394=,Ami,7
394=,Andi,7
394=,Andie,7
394=,Ayesha,7
394=,Bobbie,7
394=,Caragh,7
394=,Cherie,7
394=,Chiara,7
394=,Clair,7
394=,Clara,7
394=,Esme,7
394=,Esther,7
394=,Evangeline,7
394=,Evelyn,7
394=,Gabriella,7
394=,Gail,7
394=,Gina,7
394=,India,7
394=,Jo,7
394=,Juliet,7
394=,Juliette,7
394=,Karly,7
394=,Kira,7
394=,Kirsteen,7
394=,Lee,7
394=,Mandy,7
394=,Martha,7
394=,Maryam,7
394=,Mhari,7
394=,Morag,7
394=,Nikita,7
394=,Orla,7
394=,Rhea,7
394=,Rosa,7
394=,Rosalind,7
394=,Savannah,7
394=,Seonaid,7
394=,Tammi,7
394=,Vicki,7
394=,Wendy,7
394=,Zainab,7
439=,Aimie,6
439=,Ainslie,6
439=,Bernadette,6
439=,Brittany,6
439=,Candice,6
439=,Charis,6
439=,Corinne,6
439=,Daryl,6
439=,Deanna,6
439=,Demi-Lee,6
439=,Erica,6
439=,Erinn,6
439=,Heidi,6
439=,Hilary,6
439=,Iqra,6
439=,Jaye,6
439=,Kellie,6
439=,Kiran,6
439=,Kristi,6
439=,Kristie,6
439=,Kristina,6
439=,Kristy,6
439=,Kym,6
439=,Lucie,6
439=,Maisie,6
439=,Marianne,6
439=,Marley,6
439=,Meaghan,6
439=,Mollie,6
439=,Patricia,6
439=,Rae,6
439=,Rhiann,6
439=,Rochelle,6
439=,Rosanna,6
439=,Roslyn,6
439=,Samara,6
439=,Shanna,6
439=,Sharon,6
439=,Shereen,6
439=,Stacy,6
439=,Steffi,6
439=,Susanna,6
439=,Tabitha,6
439=,Tessa,6
483=,Adrienne,5
483=,Allyson,5
483=,Alyssa,5
483=,Annabelle,5
483=,Annalise,5
483=,Anya,5
483=,Arlene,5
483=,Ashton,5
483=,Aysha,5
483=,Bianca,5
483=,Cailin,5
483=,Camille,5
483=,Carlie,5
483=,Chantel,5
483=,Constance,5
483=,Coral,5
483=,Dani,5
483=,Elisabeth,5
483=,Elspeth,5
483=,Hana,5
483=,Janet,5
483=,Jessie,5
483=,Jody,5
483=,Josie,5
483=,Kaleigh,5
483=,Kennedy,5
483=,Linsay,5
483=,Lucia,5
483=,Mariam,5
483=,Marisa,5
483=,Maxine,5
483=,Meg,5
483=,Nathalie,5
483=,Rabia,5
483=,Rebeckah,5
483=,Ria,5
483=,Rosemary,5
483=,Roxanne,5
483=,Sarah-Louise,5
483=,Siannon,5
483=,Susannah,5
483=,Tamsin,5
483=,Tia,5
483=,Tori,5
483=,Tracy,5
483=,Veronica,5
483=,Vivien,5
483=,Wallis,5
531=,Ainsleigh,4
531=,Alanis,4
531=,Aleshia,4
531=,Alissa,4
531=,Alysha,4
531=,Amina,4
531=,Anita,4
531=,Arianne,4
531=,Atlanta,4
531=,Audrey,4
531=,Autumn,4
531=,Barbara,4
531=,Beckie,4
531=,Bobbi,4
531=,Bria,4
531=,Corrine,4
531=,Dannii,4
531=,Demmi,4
531=,Dion,4
531=,Eirinn,4
531=,Emmalouise,4
531=,Faith,4
531=,Fatima,4
531=,Felicity,4
531=,Genevieve,4
531=,Hailey,4
531=,Haley,4
531=,Harley,4
531=,Holli,4
531=,Iman,4
531=,Isabelle,4
531=,Jaimee,4
531=,Jamielee,4
531=,Janie,4
531=,Jaymee,4
531=,Jena,4
531=,Jolene,4
531=,Karina,4
531=,Karyn,4
531=,Katelynn,4
531=,Kay,4
531=,Kelsi,4
531=,Kendal,4
531=,Kenna,4
531=,Kenzie,4
531=,Lacey,4
531=,Laura-Anne,4
531=,Layla,4
531=,Leeanne,4
531=,Leia,4
531=,Leoni,4
531=,Leonna,4
531=,Lia,4
531=,Lisa-Marie,4
531=,Madeline,4
531=,Maura,4
531=,Mia,4
531=,Millie,4
531=,Miranda,4
531=,Murron,4
531=,Natalia,4
531=,Nichola,4
531=,Nichole,4
531=,Nur,4
531=,Pauline,4
531=,Rachelle,4
531=,Raegan,4
531=,Reagan,4
531=,Regan,4
531=,Robin,4
531=,Romana,4
531=,Romy,4
531=,Roseanna,4
531=,Sabrina,4
531=,Sam,4
531=,Shannah,4
531=,Sofia,4
531=,Tess,4
531=,Thea,4
531=,Vicky,4
611=,Abbigail,3
611=,Abigayle,3
611=,Aidan,3
611=,Aiesha,3
611=,Ailis,3
611=,Alexa,3
611=,Allysha,3
611=,Amberley,3
611=,Aminah,3
611=,Amirah,3
611=,Amna,3
611=,Amy-Louise,3
611=,Aneesa,3
611=,Aneesah,3
611=,Annemarie,3
611=,Ariane,3
611=,Arran,3
611=,Asha,3
611=,Asia,3
611=,Ayla,3
611=,Ayleigh,3
611=,Bailey,3
611=,Baillie,3
611=,Bekki,3
611=,Breagha,3
611=,Brianna,3
611=,Briege,3
611=,Bronagh,3
611=,Bronwen,3
611=,Cally,3
611=,Camilla,3
611=,Carli,3
611=,Carol,3
611=,Carolann,3
611=,Carolanne,3
611=,Cassey,3
611=,Catrin,3
611=,Catrina,3
611=,Ceri,3
611=,Charli,3
611=,Charly,3
611=,Claire-Louise,3
611=,Clarissa,3
611=,Clodagh,3
611=,Cloe,3
611=,Coleen,3
611=,Corri,3
611=,Corrina,3
611=,Daniela,3
611=,Danna,3
611=,Darci,3
611=,Darcie,3
611=,Devon,3
611=,Diana,3
611=,Dorothy,3
611=,Eileen,3
611=,Elena,3
611=,Elinor,3
611=,Elisa,3
611=,Emilie,3
611=,Erika,3
611=,Errin,3
611=,Estelle,3
611=,Evan,3
611=,Fay,3
611=,Finlay,3
611=,Fionnuala,3
611=,Florence,3
611=,Hafsa,3
611=,Hina,3
611=,Irene,3
611=,Isabel,3
611=,Islay,3
611=,Ivana,3
611=,Janey,3
611=,Jazmin,3
611=,Jean,3
611=,Jenni,3
611=,Jennie,3
611=,Jocelyn,3
611=,Jodi-Anne,3
611=,Jordanne,3
611=,Julianne,3
611=,Kaiya,3
611=,Karli,3
611=,Kasey,3
611=,Katarina,3
611=,Katelin,3
611=,Katelynne,3
611=,Katerina,3
611=,Katey,3
611=,Kaylie,3
611=,Kayliegh,3
611=,Kaytlin,3
611=,Keeley,3
611=,Keely,3
611=,Kendall,3
611=,Keren,3
611=,Kerri-Anne,3
611=,Kerryanne,3
611=,Kerryn,3
611=,Khloe,3
611=,Kiara,3
611=,Kirsti,3
611=,Kirsty-Anne,3
611=,Kirstyn,3
611=,Kourtney,3
611=,Kristin,3
611=,Kyla,3
611=,Kylie,3
611=,Larissa,3
611=,Lauri,3
611=,Lea,3
611=,Lee-Anne,3
611=,Leena,3
611=,Leigh-Ann,3
611=,Leigha,3
611=,Leila,3
611=,Lena,3
611=,Levi,3
611=,Liana,3
611=,Libby,3
611=,Lillian,3
611=,Lucinda,3
611=,Luisa,3
611=,Lynda,3
611=,Maliha,3
611=,Mara,3
611=,Marcia,3
611=,Mariah,3
611=,Martine,3
611=,Matilda,3
611=,Maureen,3
611=,Michaella,3
611=,Mikaela,3
611=,Monique,3
611=,Morgen,3
611=,Morna,3
611=,Nicki,3
611=,Nikkita,3
611=,Nuala,3
611=,Nyree,3
611=,Paisley,3
611=,Penelope,3
611=,Rebeka,3
611=,Rhanna,3
611=,Rhia,3
611=,Rhiannan,3
611=,Rio,3
611=,Riona,3
611=,Roberta,3
611=,Rosalyn,3
611=,Rosanne,3
611=,Rowena,3
611=,Sana,3
611=,Sandie,3
611=,Sapphire,3
611=,Sascha,3
611=,Selina,3
611=,Serena,3
611=,Shana,3
611=,Shania,3
611=,Shaunna,3
611=,Sheena,3
611=,Sheona,3
611=,Simona,3
611=,Simran,3
611=,Sky,3
611=,Sonia,3
611=,Staci,3
611=,Stacie,3
611=,Suzannah,3
611=,Symone,3
611=,Talia,3
611=,Tammie,3
611=,Teighlor,3
611=,Tonia,3
611=,Tonicha,3
611=,Tracey,3
611=,Valerie,3
611=,Vhari,3
611=,Wing,3
611=,Zenab,3
794=,Abaigh,2
794=,Abigael,2
794=,Adelaide,2
794=,Adelina,2
794=,Adriana,2
794=,Agnes,2
794=,Aiden,2
794=,Aine,2
794=,Aishah,2
794=,Aislinn,2
794=,Aleena,2
794=,Aletia,2
794=,Alexandera,2
794=,Ali,2
794=,Alina,2
794=,Aliyah,2
794=,Allannah,2
794=,Allie,2
794=,Alys,2
794=,Alysa,2
794=,Alyshia,2
794=,Amanda-Jane,2
794=,Amee,2
794=,Amiee,2
794=,Ana,2
794=,Anastasia,2
794=,Aneela,2
794=,Angel,2
794=,Angelica,2
794=,Ani,2
794=,Anisa,2
794=,Anisah,2
794=,Annika,2
794=,Aqsa,2
794=,Arianna,2
794=,Arooj,2
794=,Arwen,2
794=,Ashli,2
794=,Asiya,2
794=,Avril,2
794=,Ayeisha,2
794=,Ayisha,2
794=,Aynsleigh,2
794=,Aynsley,2
794=,Bella,2
794=,Belle,2
794=,Beverley,2
794=,Blaine,2
794=,Blair,2
794=,Blaire,2
794=,Blayre,2
794=,Blythe,2
794=,Brenna,2
794=,Briana,2
794=,Brody,2
794=,Broghan,2
794=,Bronach,2
794=,Bronte,2
794=,Brooklyn,2
794=,Brooklyne,2
794=,Bryonie,2
794=,Caitland,2
794=,Caitlynn,2
794=,Caitriona,2
794=,Caley,2
794=,Calli,2
794=,Caprice,2
794=,Caris,2
794=,Caron,2
794=,Carra,2
794=,Cassidy,2
794=,Cathryn,2
794=,Cecilia,2
794=,Ceilidh,2
794=,Ceit,2
794=,Ceitidh,2
794=,Chandra,2
794=,Chantell,2
794=,Charise,2
794=,Charleigh,2
794=,Chelcie,2
794=,Chelsi,2
794=,Cherise,2
794=,Chevonne,2
794=,Cheyenne,2
794=,Ching,2
794=,Cindy,2
794=,Clarice,2
794=,Codie,2
794=,Cora,2
794=,Corey,2
794=,Corin,2
794=,Corryn,2
794=,Dale,2
794=,Danah,2
794=,Danya,2
794=,Daria,2
794=,Dee,2
794=,Delilah,2
794=,Demi-Louise,2
794=,Denby,2
794=,Deni,2
794=,Denni,2
794=,Dennie,2
794=,Dianne,2
794=,Dina,2
794=,Drew,2
794=,Edith,2
794=,Eireann,2
794=,Eithne,2
794=,Eleisha,2
794=,Elissa,2
794=,Eliza,2
794=,Ellie-Louise,2
794=,Elodie,2
794=,Eman,2
794=,Emer,2
794=,Emerald,2
794=,Emma-Jane,2
794=,Emmie,2
794=,Fabienne,2
794=,Fara,2
794=,Farah,2
794=,Farrah,2
794=,Fionn,2
794=,Fionna,2
794=,Fleur,2
794=,Francine,2
794=,Freyja,2
794=,Genna,2
794=,Giulia,2
794=,Gloria,2
794=,Greta,2
794=,Hadia,2
794=,Hala,2
794=,Haleema,2
794=,Haleigh,2
794=,Harlee,2
794=,Haylie,2
794=,Heather-Louise,2
794=,Heena,2
794=,Hera,2
794=,Hira,2
794=,Honi,2
794=,Ines,2
794=,Inez,2
794=,Inga,2
794=,Ingrid,2
794=,Ione,2
794=,Iqraa,2
794=,Iseabail,2
794=,Jacklyn,2
794=,Jacqui,2
794=,Jamie-Leigh,2
794=,Jan,2
794=,Jana,2
794=,Jayden,2
794=,Jaydene,2
794=,Jayme,2
794=,Jazmine,2
794=,Jeni,2
794=,Jo-Ann,2
794=,Jo-Anne,2
794=,Joan,2
794=,Jodie-Lee,2
794=,Jonelle,2
794=,Joni,2
794=,Jordane,2
794=,Jude,2
794=,Juliana,2
794=,Ka,2
794=,Kailey,2
794=,Kalina,2
794=,Karah,2
794=,Kareen,2
794=,Kari,2
794=,Karima,2
794=,Karin,2
794=,Katheryn,2
794=,Kathrine,2
794=,Katrine,2
794=,Katya,2
794=,Kelly-Marie,2
794=,Kellyanne,2
794=,Kennagh,2
794=,Keris,2
794=,Kerri-Marie,2
794=,Kerry-Ann,2
794=,Kerry-Anne,2
794=,Kerryann,2
794=,Khadija,2
794=,Kia,2
794=,Kiana,2
794=,Kianna,2
794=,Kimberlee,2
794=,Kloe,2
794=,Kristine,2
794=,Kymberley,2
794=,Kymberly,2
794=,Laura-Jane,2
794=,Laurel,2
794=,Leana,2
794=,Leanna,2
794=,Leeann,2
794=,Leigh-Anne,2
794=,Leighanne,2
794=,Leyla,2
794=,Liane,2
794=,Lianna,2
794=,Liberty,2
794=,Lili,2
794=,Lillias,2
794=,Liza,2
794=,Lora,2
794=,Lorena,2
794=,Lorin,2
794=,Maaria,2
794=,Mackenzie,2
794=,Maddie,2
794=,Maddison,2
794=,Mae,2
794=,Maegan,2
794=,Mahrukh,2
794=,Mairi-Louise,2
794=,Mallory,2
794=,Manal,2
794=,Margaret-Anne,2
794=,Mari,2
794=,Marilyn,2
794=,Marina,2
794=,Mariya,2
794=,Maryanne,2
794=,May,2
794=,Meganne,2
794=,Meggan,2
794=,Mehreen,2
794=,Melisa,2
794=,Melody,2
794=,Mercedes,2
794=,Milly,2
794=,Misha,2
794=,Moira,2
794=,Momina,2
794=,Monika,2
794=,Morghan,2
794=,Morgyn,2
794=,Naiomi,2
794=,Namrah,2
794=,Nancy,2
794=,Nazia,2
794=,Noor,2
794=,Nurul,2
794=,Penny,2
794=,Petra,2
794=,Polly,2
794=,Priya,2
794=,Raquel,2
794=,Rebecca-Louise,2
794=,Rebekha,2
794=,Rheanne,2
794=,Rianne,2
794=,Robynn,2
794=,Romany,2
794=,Rose-Marie,2
794=,Roseanne,2
794=,Rosheen,2
794=,Rosslyn,2
794=,Rukhsar,2
794=,Sadie,2
794=,Sandi,2
794=,Sandra,2
794=,Sanna,2
794=,Saorsa,2
794=,Savanna,2
794=,Scarlet,2
794=,Scarlett,2
794=,Sehar,2
794=,Seher,2
794=,Sehr,2
794=,Senga,2
794=,Seona,2
794=,Shannyn,2
794=,Shantel,2
794=,Sharee,2
794=,Shareen,2
794=,Shari,2
794=,Sharri,2
794=,Sharyn,2
794=,Shavonne,2
794=,Shawnee,2
794=,Sheldon,2
794=,Sheree,2
794=,Shirelle,2
794=,Shonagh,2
794=,Sidra,2
794=,Sophie-Ann,2
794=,Sophie-Louise,2
794=,Starr,2
794=,Stefani,2
794=,Stella,2
794=,Susanne,2
794=,Suzanna,2
794=,Syeda,2
794=,Taelor,2
794=,Taiba,2
794=,Tammy-Jo,2
794=,Tania,2
794=,Tanisha,2
794=,Tayler,2
794=,Teagan,2
794=,Teresa,2
794=,Terri-Lee,2
794=,Terrie,2
794=,Tierney,2
794=,Tina,2
794=,Toni-Leigh,2
794=,Trudie,2
794=,Una,2
794=,Valentine,2
794=,Verity,2
794=,Violet,2
794=,Vivienne,2
794=,Whitney,2
794=,Yee,2
794=,Zahira,2
794=,Zahra,2
794=,Zoie,2
794=,Zunera,2
1122=,Aaisha,1
1122=,Aakifah,1
1122=,Aalish,1
1122=,Aaminah,1
1122=,Aarron,1
1122=,Abbigael,1
1122=,Abbygail,1
1122=,Abeeha,1
1122=,Abhi-Louise,1
1122=,Abi,1
1122=,Abia,1
1122=,Abie-Jo,1
1122=,Abira,1
1122=,Abisola,1
1122=,Ada,1
1122=,Adama,1
1122=,Adeela,1
1122=,Adel,1
1122=,Adela,1
1122=,Adelia,1
1122=,Adrianna,1
1122=,Aea,1
1122=,Aeiysha,1
1122=,Aemilia,1
1122=,Aenea,1
1122=,Aeron,1
1122=,Aerryn,1
1122=,Aesha,1
1122=,Afia,1
1122=,Afifa,1
1122=,Afreen,1
1122=,Afshaan,1
1122=,Ahliafirdaus,1
1122=,Ahna,1
1122=,Ailee,1
1122=,Aileen-Marie,1
1122=,Ailey,1
1122=,Aillie,1
1122=,Aillish,1
1122=,Aime,1
1122=,Aimee-Danielle,1
1122=,Aimee-Elizabeth,1
1122=,Aimee-Jean,1
1122=,Aimee-Louise,1
1122=,Ainslee,1
1122=,Ainya,1
1122=,Ainzley,1
1122=,Airlie,1
1122=,Aisher,1
1122=,Aishling,1
1122=,Aisling,1
1122=,Aithne,1
1122=,Aityha,1
1122=,Aiya,1
1122=,Aizah,1
1122=,Aksa,1
1122=,Alaine,1
1122=,Alannah-Jo,1
1122=,Alanya,1
1122=,Alarna,1
1122=,Alba,1
1122=,Aleesha,1
1122=,Aleisha,1
1122=,Aleishia,1
1122=,Alejandra,1
1122=,Alena,1
1122=,Alesha,1
1122=,Alessia,1
1122=,Alethea,1
1122=,Alexia,1
1122=,Alexs,1
1122=,Alexsandra,1
1122=,Aleysha,1
1122=,Alia,1
1122=,Aliah,1
1122=,Alicea,1
1122=,Alichia,1
1122=,Alida,1
1122=,Aliesha,1
1122=,Alieshia,1
1122=,Alima,1
1122=,Aline,1
1122=,Alis,1
1122=,Alisa,1
1122=,Alishba,1
1122=,Alishia,1
1122=,Allanna,1
1122=,Allegra,1
1122=,Alliah,1
1122=,Alliyah,1
1122=,Ally,1
1122=,Alma,1
1122=,Alycia,1
1122=,Alyshah,1
1122=,Alysia,1
1122=,Alyth,1
1122=,Amaia,1
1122=,Amal,1
1122=,Amalie,1
1122=,Aman,1
1122=,Amanda-Jayne,1
1122=,Amandeep,1
1122=,Amanjot,1
1122=,Amanjote,1
1122=,Amay,1
1122=,Amba,1
1122=,Amber-Leigh,1
1122=,Amber-Marie,1
1122=,Amberlee,1
1122=,Ambrat,1
1122=,Ambreen,1
1122=,Ambur,1
1122=,Ameela,1
1122=,Amey,1
1122=,Ami-Leigh,1
1122=,Ami-Louise,1
1122=,Amie-Louise,1
1122=,Amiolaoluwa,1
1122=,Amisha,1
1122=,Amma,1
1122=,Ammaarah,1
1122=,Ammyjayne,1
1122=,Amritha,1
1122=,Amy-Jayne,1
1122=,Amy-Lee,1
1122=,Amylouise,1
1122=,Anah,1
1122=,Anais,1
1122=,Anam,1
1122=,Andrina,1
1122=,Aneeqa,1
1122=,Aneila,1
1122=,Anelia,1
1122=,Angharad,1
1122=,Anika,1
1122=,Anilah,1
1122=,Anisha,1
1122=,Anissa,1
1122=,Anja,1
1122=,Ankita,1
1122=,Anna-Felenka,1
1122=,Annabell,1
1122=,Annah,1
1122=,Annalee,1
1122=,Annalise-Rose,1
1122=,Anne-Marie,1
1122=,Annette,1
1122=,Annice,1
1122=,Annila,1
1122=,Annis,1
1122=,Annlouise,1
1122=,Ansa,1
1122=,Antionia,1
1122=,Antonella,1
1122=,Antonina,1
1122=,Anujeet,1
1122=,April-Rose,1
1122=,Araminta,1
1122=,Arantxa,1
1122=,Arashdeep,1
1122=,Arifah,1
1122=,Arizona,1
1122=,Arlana,1
1122=,Arleana,1
1122=,Arlena,1
1122=,Arrianna,1
1122=,Arrianne,1
1122=,Ashlay,1
1122=,Ashlee,1
1122=,Ashleigh-Ann,1
1122=,Ashleigh-Anne,1
1122=,Ashley-Jade,1
1122=,Ashlyn,1
1122=,Asiyah,1
1122=,Asmaa,1
1122=,Aspasia,1
1122=,Asra,1
1122=,Assya,1
1122=,Astrid,1
1122=,Atifah,1
1122=,Atiya,1
1122=,Aubrey,1
1122=,Audra,1
1122=,Aurore,1
1122=,Austen,1
1122=,Ava,1
1122=,Avannah,1
1122=,Ayah,1
1122=,Aylee,1
1122=,Ayleisha,1
1122=,Ayley,1
1122=,Ayse,1
1122=,Azaria,1
1122=,Azizah,1
1122=,Babe,1
1122=,Babette,1
1122=,Balbir,1
1122=,Barah,1
1122=,Barrie,1
1122=,Bayyan,1
1122=,Beatrice,1
1122=,Becki,1
1122=,Belinda,1
1122=,Bena,1
1122=,Benedicte,1
1122=,Bernadeta,1
1122=,Bernice,1
1122=,Bethan-Ann,1
1122=,Bethaney,1
1122=,Bethanie,1
1122=,Bethannie,1
1122=,Bethany-Louise,1
1122=,Bethoch,1
1122=,Beverly,1
1122=,Bisma,1
1122=,Blaney-Meadow,1
1122=,Blayke,1
1122=,Blyth,1
1122=,Bobbie-Lee,1
1122=,Bobby-Jo,1
1122=,Bobi,1
1122=,Bonny,1
1122=,Bracken,1
1122=,Bramble,1
1122=,Brea,1
1122=,Breagh,1
1122=,Breege,1
1122=,Breige,1
1122=,Brenda,1
1122=,Bridget,1
1122=,Bridie,1
1122=,Brie,1
1122=,Brier,1
1122=,Brigette,1
1122=,Brigid,1
1122=,Briona,1
1122=,Brionny,1
1122=,Brodi,1
1122=,Brogann,1
1122=,Bronan,1
1122=,Bronweyn,1
1122=,Bronya,1
1122=,Brook,1
1122=,Brooklynn,1
1122=,Bunty,1
1122=,Bushira,1
1122=,Bushra,1
1122=,Cadien,1
1122=,Caera,1
1122=,Cailee,1
1122=,Caileigh,1
1122=,Cailley,1
1122=,Cailyn,1
1122=,Cairan,1
1122=,Caithlyn,1
1122=,Caitie,1
1122=,Caitlan,1
1122=,Caitlinn,1
1122=,Calandra,1
1122=,Caledonia,1
1122=,Calhi,1
1122=,Callan,1
1122=,Callie,1
1122=,Camassia,1
1122=,Cameron,1
1122=,Campbell,1
1122=,Caoimh,1
1122=,Caoimhe,1
1122=,Cara-Louise,1
1122=,Carahleah,1
1122=,Carenza,1
1122=,Cari,1
1122=,Carine,1
1122=,Carissa,1
1122=,Carla-Fay,1
1122=,Carlenne,1
1122=,Carlina,1
1122=,Carlyn,1
1122=,Carole,1
1122=,Carole-Anne,1
1122=,Carolyne,1
1122=,Carragh,1
1122=,Carri,1
1122=,Carrie-Ann,1
1122=,Carrie-Beth,1
1122=,Carrie-Jane,1
1122=,Carrol-Ann,1
1122=,Carron,1
1122=,Carsandra,1
1122=,Caryn,1
1122=,Cascia,1
1122=,Cassia,1
1122=,Cassy,1
1122=,Cate,1
1122=,Caterina,1
1122=,Catharine,1
1122=,Catherine-Marie,1
1122=,Catherine-Megan,1
1122=,Cathia,1
1122=,Ceara,1
1122=,Cee-Jay,1
1122=,Ceile,1
1122=,Ceire,1
1122=,Celese,1
1122=,Celeste,1
1122=,Celia,1
1122=,Ceranne,1
1122=,Ceri-Ann,1
1122=,Ceri-Anne,1
1122=,Cerian,1
1122=,Cerise,1
1122=,Chana,1
1122=,Chandni,1
1122=,Chantalle,1
1122=,Chanttell,1
1122=,Chanynn,1
1122=,Chareise,1
1122=,Charisse,1
1122=,Charlaye,1
1122=,Charlee,1
1122=,Charlie-Dee,1
1122=,Charlie-Jane,1
1122=,Charmane,1
1122=,Charrone,1
1122=,Charys,1
1122=,Chau,1
1122=,Che,1
1122=,Chealsie,1
1122=,Chelcea,1
1122=,Chelsay,1
1122=,Chelsea-Lee,1
1122=,Chelsea-Leigh,1
1122=,Chelsea-Louise,1
1122=,Chelsea-Marie,1
1122=,Chelsealee,1
1122=,Chenoa,1
1122=,Cherice,1
1122=,Cherilyn,1
1122=,Cherinne,1
1122=,Cheron,1
1122=,Cherri,1
1122=,Cherrie,1
1122=,Cherylanne,1
1122=,Cheu,1
1122=,Cheye,1
1122=,Chi,1
1122=,Chipego,1
1122=,Chloe-Lee,1
1122=,Chloe-Louise,1
1122=,Chloe-Marie,1
1122=,Chloie,1
1122=,Chrisanne,1
1122=,Chrissie,1
1122=,Chrissy,1
1122=,Christa,1
1122=,Christabel,1
1122=,Christelle,1
1122=,Christen,1
1122=,Christianna,1
1122=,Christy-Marie,1
1122=,Chun,1
1122=,Chynna,1
1122=,Ciara-Jayne,1
1122=,Ciera,1
1122=,Cimone,1
1122=,Cirstyn,1
1122=,Clare-Louise,1
1122=,Clarrissa,1
1122=,Claudine,1
1122=,Clemency,1
1122=,Cleo,1
1122=,Cloudie,1
1122=,Clova,1
1122=,Cobainy,1
1122=,Coco,1
1122=,Codyandrea,1
1122=,Coire,1
1122=,Colynn,1
1122=,Conneranne,1
1122=,Constance-Caitlin,1
1122=,Cora-Marie,1
1122=,Coral-Jay,1
1122=,Cordelia,1
1122=,Cordelle,1
1122=,Cori,1
1122=,Corina,1
1122=,Corral,1
1122=,Correen,1
1122=,Corri-Marie,1
1122=,Corrie-Jane,1
1122=,Corrin,1
1122=,Corrinna,1
1122=,Coryn,1
1122=,Courtenay,1
1122=,Courtney-Ann,1
1122=,Courtney-Jane,1
1122=,Courtney-Marie,1
1122=,Craig,1
1122=,Cree,1
1122=,Cristen,1
1122=,Cristina,1
1122=,Crystal,1
1122=,Cullen,1
1122=,Cynera,1
1122=,D,1
1122=,D'arcy,1
1122=,Dahna,1
1122=,Daina,1
1122=,Daisy-May,1
1122=,Dakota,1
1122=,Dallas-Louise,1
1122=,Daloney,1
1122=,Dana-Leigh,1
1122=,Daneyah,1
1122=,Dania,1
1122=,Danica,1
1122=,Danika,1
1122=,Danniella,1
1122=,Dannilee,1
1122=,Danuelle,1
1122=,Danyele,1
1122=,Daragh,1
1122=,Darby,1
1122=,Darcey,1
1122=,Darian,1
1122=,Darianne,1
1122=,Darien,1
1122=,Darion,1
1122=,Darionne,1
1122=,Darlene,1
1122=,Darragh,1
1122=,Darriane,1
1122=,Darrien,1
1122=,Dayle,1
1122=,Daynah,1
1122=,Deana,1
1122=,Debbi,1
1122=,Debra,1
1122=,Deeann,1
1122=,Deeon,1
1122=,Deepika,1
1122=,Deirdre,1
1122=,Delina,1
1122=,Delzelle,1
1122=,Demie,1
1122=,Demii,1
1122=,Demilee,1
1122=,Demilouise,1
1122=,Denholm,1
1122=,Denim,1
1122=,Denna,1
1122=,Deny,1
1122=,Deonne,1
1122=,Derri,1
1122=,Derrie,1
1122=,Derry,1
1122=,Derry-Maria,1
1122=,Derryn,1
1122=,Dervla,1
1122=,Detta,1
1122=,Devin,1
1122=,Devonn,1
1122=,Devonne,1
1122=,Dexi-Lee,1
1122=,Dhana,1
1122=,Dhani,1
1122=,Donde,1
1122=,Donna-Maria,1
1122=,Doreen,1
1122=,Dorothea,1
1122=,Dounia,1
1122=,Drassana,1
1122=,Dristi,1
1122=,Drue,1
1122=,Dulashene,1
1122=,Dulcie,1
1122=,Durga,1
1122=,Dyani,1
1122=,Dylan,1
1122=,Eboni,1
1122=,Ebonie,1
1122=,Ebonyanne,1
1122=,Ebunoluwa,1
1122=,Edana,1
1122=,Eddi,1
1122=,Edel,1
1122=,Eibhlin,1
1122=,Eileidh,1
1122=,Eilise,1
1122=,Eily,1
1122=,Eimear,1
1122=,Eirean,1
1122=,Eirian,1
1122=,Eirinne,1
1122=,Ekaterina,1
1122=,Elaina,1
1122=,Elanna,1
1122=,Elayn,1
1122=,Eleace,1
1122=,Elen,1
1122=,Elese,1
1122=,Elicia,1
1122=,Elidh,1
1122=,Eliese,1
1122=,Eliesha,1
1122=,Elif,1
1122=,Elisheva,1
1122=,Elizabethmary,1
1122=,Elle-Jay,1
1122=,Ellese,1
1122=,Elli,1
1122=,Ellidh,1
1122=,Ellise,1
1122=,Elliss,1
1122=,Ellissa,1
1122=,Elly,1
1122=,Ellys,1
1122=,Ellyse,1
1122=,Elna,1
1122=,Elsa,1
1122=,Elysa,1
1122=,Elyse,1
1122=,Elysha,1
1122=,Elyssia,1
1122=,Emalie,1
1122=,Emelia,1
1122=,Emeline,1
1122=,Emilea,1
1122=,Emiley,1
1122=,Emillie,1
1122=,Emilly,1
1122=,Emily-Rose,1
1122=,Emma-Claire,1
1122=,Emma-Jayne,1
1122=,Emma-Mary,1
1122=,Emma-May,1
1122=,Emma-Michelle,1
1122=,Emmajane,1
1122=,Emman,1
1122=,Emmi,1
1122=,Ena,1
1122=,Enna,1
1122=,Enola,1
1122=,Eona,1
1122=,Ericka,1
1122=,Eritrea,1
1122=,Erminia,1
1122=,Erryn,1
1122=,Eslyn,1
1122=,Esma,1
1122=,Esme.,1
1122=,Esmee,1
1122=,Evalina,1
1122=,Evana,1
1122=,Eymma,1
1122=,Faatamah,1
1122=,Fae,1
1122=,Faika,1
1122=,Faine,1
1122=,Fair,1
1122=,Fajar,1
1122=,Fallon,1
1122=,Fallyn,1
1122=,Faria,1
1122=,Fariah,1
1122=,Farihah,1
1122=,Farrell,1
1122=,Farron,1
1122=,Faseeha,1
1122=,Faseehah,1
1122=,Fathima,1
1122=,Fatima-Zahra,1
1122=,Fatimah,1
1122=,Fayne,1
1122=,Felicia,1
1122=,Felicity-Chantel,1
1122=,Fenella,1
1122=,Ffion,1
1122=,Findlay,1
1122=,Finola,1
1122=,Finty,1
1122=,Fionnadh,1
1122=,Fionnaigh,1
1122=,Fionne,1
1122=,Fiza,1
1122=,Flo,1
1122=,Floraidh-Anne,1
1122=,Francessca,1
1122=,Frania,1
1122=,Frankie,1
1122=,Fulya,1
1122=,Gabriel,1
1122=,Gael,1
1122=,Gaia,1
1122=,Gaitlin,1
1122=,Gee,1
1122=,Gem,1
1122=,Georgie-Ann,1
1122=,Geraldine,1
1122=,Gigha-Michelle,1
1122=,Gill,1
1122=,Gilly,1
1122=,Gilraj,1
1122=,Ginamarie,1
1122=,Giorgie,1
1122=,Giovanna,1
1122=,Gisele,1
1122=,Giselle,1
1122=,Gonca,1
1122=,Gracie,1
1122=,Grady,1
1122=,Grainne,1
1122=,Greer,1
1122=,Gugandeep,1
1122=,Gurjinder,1
1122=,Gurleen,1
1122=,Haddy,1
1122=,Hadeeqa-Tun-Nabee,1
1122=,Hadiyah,1
1122=,Hafsah,1
1122=,Hailie,1
1122=,Hailley,1
1122=,Hailyn,1
1122=,Haiqa,1
1122=,Hajara,1
1122=,Hajira,1
1122=,Hajirah,1
1122=,Halley,1
1122=,Hallie,1
1122=,Hanaa,1
1122=,Hanah,1
1122=,Hang,1
1122=,Hannah-Jane,1
1122=,Hannah-Louise,1
1122=,Hanne-Lisbeth,1
1122=,Hanneka,1
1122=,Harjeet,1
1122=,Harleigh,1
1122=,Harlie,1
1122=,Harper-Leigh,1
1122=,Harpreet,1
1122=,Harsimran,1
1122=,Harve,1
1122=,Harveen,1
1122=,Hassina,1
1122=,Hatice,1
1122=,Hattie,1
1122=,Haydyn,1
1122=,Hazell,1
1122=,Heba-Alla,1
1122=,Hebe,1
1122=,Helene,1
1122=,Hellen,1
1122=,Henna,1
1122=,Henrietta,1
1122=,Hephzibah,1
1122=,Hester,1
1122=,Hifsa,1
1122=,Hillary,1
1122=,Hoda,1
1122=,Hoi,1
1122=,Holly-Ann,1
1122=,Hollyanne,1
1122=,Hollymarie,1
1122=,Honey,1
1122=,Hughetta,1
1122=,Huma,1
1122=,Ibriz,1
1122=,Iesha,1
1122=,Ifra,1
1122=,Ikra,1
1122=,Ilayna,1
1122=,Ileagh,1
1122=,Ilona,1
1122=,Ilythia,1
1122=,Imani,1
1122=,Imke,1
1122=,Indiana,1
1122=,Indianna,1
1122=,Indica,1
1122=,Indie,1
1122=,Indya,1
1122=,Ine,1
1122=,Innes,1
1122=,Iqrah,1
1122=,Iram,1
1122=,Ireanne,1
1122=,Irhum,1
1122=,Isha,1
1122=,Ishbel,1
1122=,Iska,1
1122=,Isma,1
1122=,Ismat,1
1122=,Isra,1
1122=,Israel,1
1122=,Issa,1
1122=,Issrah,1
1122=,Iyesha,1
1122=,Iyisha,1
1122=,Jacalyn,1
1122=,Jacinda,1
1122=,Jacinta,1
1122=,Jaclyn,1
1122=,Jade-Louise,1
1122=,Jadeanne,1
1122=,Jaden,1
1122=,Jadene,1
1122=,Jadzia,1
1122=,Jae-Won,1
1122=,Jaid,1
1122=,Jaime-Lee,1
1122=,Jaimi-Leigh,1
1122=,Jaimie,1
1122=,Jaipreet,1
1122=,Jamay,1
1122=,Jamey,1
1122=,Jamie-Louise,1
1122=,Jamieleigh,1
1122=,Janeen,1
1122=,Janessa,1
1122=,Janice,1
1122=,Janna,1
1122=,Jannine,1
1122=,Jardanna,1
1122=,Jaydean,1
1122=,Jaydien,1
1122=,Jaymie-Leigh,1
1122=,Jayna,1
1122=,Jazmynn,1
1122=,Jazz,1
1122=,Jeanna,1
1122=,Jeanne,1
1122=,Jeannine,1
1122=,Jeing,1
1122=,Jemima,1
1122=,Jemimah,1
1122=,Jemma-Louise,1
1122=,Jen,1
1122=,Jenifer,1
1122=,Jennah,1
1122=,Jennifer-Lauren,1
1122=,Jenniffer,1
1122=,Jennnifer,1
1122=,Jensen,1
1122=,Jeorjie,1
1122=,Jeri,1
1122=,Jerry,1
1122=,Jess,1
1122=,Jessica-Ann,1
1122=,Jessica-Leigh,1
1122=,Jessica-Rose,1
1122=,Jessika,1
1122=,Jetta,1
1122=,Jia,1
1122=,Joann,1
1122=,Jocelyne,1
1122=,Jodee,1
1122=,Jodhi,1
1122=,Jodie-Leigh,1
1122=,Jodilee,1
1122=,Joelle,1
1122=,Joely,1
1122=,Johan,1
1122=,Johannah,1
1122=,Johanne,1
1122=,Joley,1
1122=,Jonni,1
1122=,Jordene,1
1122=,Jordin,1
1122=,Jordina,1
1122=,Jordynn,1
1122=,Jorge,1
1122=,Jorie,1
1122=,Josefine,1
1122=,Joselle,1
1122=,Josey,1
1122=,Joss,1
1122=,Jsanne,1
1122=,Juana,1
1122=,Judy,1
1122=,Jules,1
1122=,Julia-Anne,1
1122=,Julianna,1
1122=,Julie-Ann,1
1122=,Juna,1
1122=,June,1
1122=,Justina,1
1122=,Juwairiyyah,1
1122=,Kacey,1
1122=,Kacia,1
1122=,Kacie,1
1122=,Kader,1
1122=,Kadie,1
1122=,Kaeley,1
1122=,Kaelyn,1
1122=,Kaidi,1
1122=,Kaifa,1
1122=,Kaileigh,1
1122=,Kainat,1
1122=,Kaisha,1
1122=,Kaisley,1
1122=,Kaitlian,1
1122=,Kaitlynd,1
1122=,Kaitlynn,1
1122=,Kajal,1
1122=,Kalen,1
1122=,Kalesha,1
1122=,Kali,1
1122=,Kallie,1
1122=,Kanako,1
1122=,Kandis,1
1122=,Kanita,1
1122=,Kansas,1
1122=,Kanval,1
1122=,Kara-Lee,1
1122=,Kareema,1
1122=,Kareena,1
1122=,Karees,1
1122=,Karenjit,1
1122=,Kari-Jo,1
1122=,Karimah,1
1122=,Karine,1
1122=,Kariss,1
1122=,Karleigh,1
1122=,Karlin,1
1122=,Karra,1
1122=,Karri,1
1122=,Karrie,1
1122=,Karyce,1
1122=,Kashmila,1
1122=,Kassandra,1
1122=,Kassy,1
1122=,Kate-Lynne,1
1122=,Kateland,1
1122=,Kately,1
1122=,Katelynd,1
1122=,Katelyne,1
1122=,Katharina,1
1122=,Kathleen-Anne,1
1122=,Kathyrn,1
1122=,Katia,1
1122=,Katie-Ann,1
1122=,Katie-Jane,1
1122=,Katla,1
1122=,Katliya,1
1122=,Katlyn,1
1122=,Katlynn,1
1122=,Katrin,1
1122=,Katryn,1
1122=,Kavita,1
1122=,Kaya,1
1122=,Kaydi,1
1122=,Kayla-Jade,1
1122=,Kaylan,1
1122=,Kayleigh-Ann,1
1122=,Kayleigh-Anne,1
1122=,Kaylen,1
1122=,Kayli,1
1122=,Kaylin,1
1122=,Kayra,1
1122=,Kayrene,1
1122=,Kaysha,1
1122=,Kaytie,1
1122=,Kea,1
1122=,Kealan,1
1122=,Keanne,1
1122=,Keara,1
1122=,Keavagh,1
1122=,Keelin,1
1122=,Keidi,1
1122=,Keirah,1
1122=,Kelda,1
1122=,Keli,1
1122=,Kelisha,1
1122=,Kelli,1
1122=,Kelly-Ann,1
1122=,Kellymarie,1
1122=,Kelsa,1
1122=,Kelsea,1
1122=,Kelseigh,1
1122=,Kelsey-Alison,1
1122=,Kelsey-Anne,1
1122=,Kelsey-Jane,1
1122=,Kendra,1
1122=,Kenisa,1
1122=,Kerena,1
1122=,Kerensa,1
1122=,Kerin,1
1122=,Kerra,1
1122=,Kerrann,1
1122=,Kerri-Ann,1
1122=,Kerri-Ellen,1
1122=,Kerris,1
1122=,Kerry-Jane,1
1122=,Kerry-Lyne,1
1122=,Kerrymarie,1
1122=,Keryn,1
1122=,Kes,1
1122=,Kesia,1
1122=,Kesleigh,1
1122=,Kezia,1
1122=,Kezziah,1
1122=,Khadeja,1
1122=,Khalia,1
1122=,Khansa,1
1122=,Khara,1
1122=,Kharina,1
1122=,Kharis,1
1122=,Khatija,1
1122=,Kheira,1
1122=,Khira,1
1122=,Khulud,1
1122=,Kiah,1
1122=,Kilda,1
1122=,Kilonnie,1
1122=,Kimberely,1
1122=,Kimberleigh,1
1122=,Kinza,1
1122=,Kiona,1
1122=,Kirandeep,1
1122=,Kirenna,1
1122=,Kirn,1
1122=,Kirran,1
1122=,Kirrea,1
1122=,Kirsa,1
1122=,Kirsty-Ann,1
1122=,Kirstylee,1
1122=,Kisha,1
1122=,Klara,1
1122=,Kloi,1
1122=,Kody,1
1122=,Koral,1
1122=,Koren,1
1122=,Korrin,1
1122=,Kourtnay,1
1122=,Krisell,1
1122=,Kristen,1
1122=,Kristian,1
1122=,Krysia,1
1122=,Krysta,1
1122=,Krystal,1
1122=,Krystin,1
1122=,Kujah,1
1122=,Kyarah,1
1122=,Kyla-Marie,1
1122=,Kymberley-Jane,1
1122=,Kymberlie,1
1122=,Kymm,1
1122=,Kyomi,1
1122=,Kyra-Alison,1
1122=,Kyrie,1
1122=,Kyrin,1
1122=,Kyrsten,1
1122=,Kytana,1
1122=,Lacie,1
1122=,Laeba,1
1122=,Laiba,1
1122=,Lakisha,1
1122=,Lalique,1
1122=,Lamis,1
1122=,Lamisah,1
1122=,Lara-Jayne,1
1122=,Larah,1
1122=,Laraina,1
1122=,Laura-Ann,1
1122=,Laura-Kate,1
1122=,Lauralyne,1
1122=,Lauran,1
1122=,Lauren-Marie,1
1122=,Lauren-Rose,1
1122=,Laurene,1
1122=,Laurie-Louise,1
1122=,Laurienne,1
1122=,Lawrie,1
1122=,Lawrie-Ann,1
1122=,Leagha,1
1122=,Leander,1
1122=,Leann,1
1122=,Lee-Ann,1
1122=,Leeanna,1
1122=,Leeonna,1
1122=,Leesa,1
1122=,Leighann,1
1122=,Leighza,1
1122=,Lejla,1
1122=,Lennox,1
1122=,Leona-Paige,1
1122=,Leonie,1
1122=,Leonore,1
1122=,Leontean,1
1122=,Lesley-Anne,1
1122=,Lesleyann,1
1122=,Letitia,1
1122=,Levanna,1
1122=,Leya-Jay,1
1122=,Liaba,1
1122=,Liah,1
1122=,Liesel,1
1122=,Liha,1
1122=,Lila,1
1122=,Lilian,1
1122=,Lilie,1
1122=,Lily-Beth,1
1122=,Lindsy,1
1122=,Linnet,1
1122=,Liona,1
1122=,Lisamarie,1
1122=,Lisanne,1
1122=,Lisette,1
1122=,Lissa,1
1122=,Liusaidh,1
1122=,Liv-Kari,1
1122=,Logan,1
1122=,Lois-Jayne,1
1122=,Lorenza-Lee,1
1122=,Loretta,1
1122=,Lorne,1
1122=,Lorri,1
1122=,Loryn,1
1122=,Lou-Anne,1
1122=,Louise-Anna,1
1122=,Louise-Marie,1
1122=,Lowry,1
1122=,Lu,1
1122=,Luca,1
1122=,Lucca,1
1122=,Luci,1
1122=,Lucy-Anne,1
1122=,Lucy-Jade,1
1122=,Lujine,1
1122=,Lumai,1
1122=,Luna,1
1122=,Lyla,1
1122=,Lyn,1
1122=,Lyndzi,1
1122=,Lynette,1
1122=,Lynn-Marie,1
1122=,Lynzey,1
1122=,Lynzi,1
1122=,Lynzie,1
1122=,Maaike,1
1122=,Madaleine,1
1122=,Madalen,1
1122=,Madalene,1
1122=,Maddalena,1
1122=,Madeeha,1
1122=,Madinah,1
1122=,Maella,1
1122=,Maggie,1
1122=,Mahala,1
1122=,Maham,1
1122=,Mahnoor,1
1122=,Mahreen,1
1122=,Maia,1
1122=,Maigan,1
1122=,Maighan,1
1122=,Maira,1
1122=,Maisie-Mae,1
1122=,Maja,1
1122=,Makayla,1
1122=,Makenzie,1
1122=,Malak,1
1122=,Maleesa,1
1122=,Malyssa,1
1122=,Manaswini,1
1122=,Mandeep,1
1122=,Mandi,1
1122=,Marcie,1
1122=,Maree,1
1122=,Marelle,1
1122=,Margaretta,1
1122=,Margot,1
1122=,Margueritte,1
1122=,Mari-Anne,1
1122=,Marieann,1
1122=,Mariesa,1
1122=,Marietta,1
1122=,Marijne,1
1122=,Marika,1
1122=,Marine,1
1122=,Mariska,1
1122=,Mariyam,1
1122=,Marlene,1
1122=,Marli,1
1122=,Marloes,1
1122=,Marlyn,1
1122=,Marna,1
1122=,Marra,1
1122=,Marrin,1
1122=,Marrissa,1
1122=,Marsha,1
1122=,Marshall,1
1122=,Martina,1
1122=,Marvi,1
1122=,Marwa,1
1122=,Mary-Ellen,1
1122=,Mary-Helena,1
1122=,Mary-Jane,1
1122=,Mary-Kate,1
1122=,Mary-Rose,1
1122=,Maryisa,1
1122=,Maryum,1
1122=,Masha,1
1122=,Masooma,1
1122=,Matilde,1
1122=,Maximilia,1
1122=,Maxine-Lee,1
1122=,Mayghan,1
1122=,Maysoon,1
1122=,Mcdowall,1
1122=,Meadow,1
1122=,Meagan,1
1122=,Medi,1
1122=,Meena,1
1122=,Meggie,1
1122=,Meghann,1
1122=,Meghen,1
1122=,Megyn,1
1122=,Mehwish,1
1122=,Meighan,1
1122=,Melaine,1
1122=,Melanna,1
1122=,Mellisa,1
1122=,Menatula,1
1122=,Menna,1
1122=,Mercades,1
1122=,Merran,1
1122=,Merrick,1
1122=,Merron,1
1122=,Merryn,1
1122=,Meryl,1
1122=,Metis,1
1122=,Mhairi-Claire,1
1122=,Mhairi-Clare,1
1122=,Mhairiclaire,1
1122=,Mhari-Ann,1
1122=,Mharit,1
1122=,Mhegan,1
1122=,Miaochen,1
1122=,Mica,1
1122=,Micaleigh,1
1122=,Michaela-George,1
1122=,Micheila,1
1122=,Michela,1
1122=,Micia,1
1122=,Mikalla,1
1122=,Mikayla,1
1122=,Mikaylamarie,1
1122=,Mikhaila,1
1122=,Mikhailla,1
1122=,Milan,1
1122=,Milli,1
1122=,Mimi,1
1122=,Minji,1
1122=,Minying,1
1122=,Miquelle,1
1122=,Mirage,1
1122=,Miren,1
1122=,Mirrin,1
1122=,Misako,1
1122=,Mischa,1
1122=,Miya,1
1122=,Mobeen,1
1122=,Moira-Anne,1
1122=,Moire,1
1122=,Mollie-Anna,1
1122=,Mona,1
1122=,Moonisah,1
1122=,Moran,1
1122=,Moray,1
1122=,Morbheinn,1
1122=,Moreen,1
1122=,Morgaine,1
1122=,Morgana,1
1122=,Morgann,1
1122=,Morganne,1
1122=,Mubeenah,1
1122=,Muirne,1
1122=,Mulenga,1
1122=,Munisah,1
1122=,Munisha,1
1122=,Muntaha,1
1122=,Muriel,1
1122=,Murn,1
1122=,Murphy,1
1122=,Murren,1
1122=,Murryn,1
1122=,Myfanwy,1
1122=,Myrn,1
1122=,Myrren,1
1122=,Naa,1
1122=,Nabeeha,1
1122=,Nabiha,1
1122=,Nabila,1
1122=,Nabysaran,1
1122=,Nacisha,1
1122=,Nada,1
1122=,Nadean,1
1122=,Nadene,1
1122=,Nadiah,1
1122=,Nafisah,1
1122=,Naila,1
1122=,Naima,1
1122=,Naina,1
1122=,Nairne,1
1122=,Nakita,1
1122=,Nala,1
1122=,Naomi-Louise,1
1122=,Narelle,1
1122=,Nashwah,1
1122=,Natacha,1
1122=,Natalie-Jay,1
1122=,Natalya,1
1122=,Natascia,1
1122=,Navneet,1
1122=,Nayab,1
1122=,Neave,1
1122=,Neecolle,1
1122=,Needa,1
1122=,Neelam,1
1122=,Neelum,1
1122=,Neisha,1
1122=,Nelli,1
1122=,Neomi,1
1122=,Nerissa,1
1122=,Nevada,1
1122=,Nhyree,1
1122=,Niaomi,1
1122=,Nicci,1
1122=,Nichaela,1
1122=,Nicholle,1
1122=,Nicky,1
1122=,Nicole-Helena,1
1122=,Nicolette,1
1122=,Nidah,1
1122=,Nieama,1
1122=,Nik,1
1122=,Nikia,1
1122=,Nikola,1
1122=,Nikole,1
1122=,Nikyla,1
1122=,Nimra,1
1122=,Niomi,1
1122=,Nirali,1
1122=,Nisha,1
1122=,Noble,1
1122=,Noha,1
1122=,Noor-E-Hina,1
1122=,Noorah,1
1122=,Nor,1
1122=,Nora,1
1122=,Norhidayah,1
1122=,Nosheen,1
1122=,Nouf,1
1122=,Noura,1
1122=,Noureloune,1
1122=,Nova,1
1122=,Nurina,1
1122=,Nychole,1
1122=,Nyomi,1
1122=,Nyssa,1
1122=,O'shan,1
1122=,Oakley,1
1122=,Ofir,1
1122=,Olwen,1
1122=,Omnia,1
1122=,Omolola,1
1122=,On-Sin,1
1122=,Ona,1
1122=,Ondine,1
1122=,Oonagh,1
1122=,Ophelia,1
1122=,Oriana,1
1122=,Oriel,1
1122=,Pagan,1
1122=,Paighton,1
1122=,Paislee,1
1122=,Paislie,1
1122=,Paiton,1
1122=,Palina,1
1122=,Paloma,1
1122=,Pandora-Jade,1
1122=,Paola,1
1122=,Pascale,1
1122=,Patience,1
1122=,Patrice,1
1122=,Patricha,1
1122=,Paulene,1
1122=,Pavnjit,1
1122=,Payton,1
1122=,Payvand,1
1122=,Peigi,1
1122=,Peigidh,1
1122=,Pepsi,1
1122=,Perihan,1
1122=,Perry,1
1122=,Phaedra,1
1122=,Phebe,1
1122=,Phemie,1
1122=,Pheobe,1
1122=,Philipaa,1
1122=,Philippa-Jane,1
1122=,Phillipa,1
1122=,Philomena,1
1122=,Pippa,1
1122=,Polaith,1
1122=,Poonam,1
1122=,Poppi,1
1122=,Precious,1
1122=,Primrose,1
1122=,Princess,1
1122=,Priscilla,1
1122=,Purneet,1
1122=,Qainaat,1
1122=,Qian-Nan,1
1122=,Ra'eesah,1
1122=,Raabia,1
1122=,Rabecca,1
1122=,Rabeeah,1
1122=,Rabiah,1
1122=,Rabiya,1
1122=,Rachael-Lynda,1
1122=,Racheal,1
1122=,Rachell,1
1122=,Raechel,1
1122=,Raehannon,1
1122=,Rafia,1
1122=,Raga,1
1122=,Raigan,1
1122=,Raihan,1
1122=,Raine,1
1122=,Rajwinder,1
1122=,Rameen,1
1122=,Rameeza,1
1122=,Ramisha,1
1122=,Rana,1
1122=,Ranbir,1
1122=,Raneem,1
1122=,Ranha,1
1122=,Rania,1
1122=,Rawiyah,1
1122=,Raya,1
1122=,Rayanne,1
1122=,Rayma,1
1122=,Rayna,1
1122=,Reaghan,1
1122=,Reann,1
1122=,Reannan,1
1122=,Reanne,1
1122=,Rebbecca,1
1122=,Rebbecca-Jayne,1
1122=,Rebbecca-Louise,1
1122=,Rebone,1
1122=,Reebeka,1
1122=,Reece,1
1122=,Reese,1
1122=,Regane,1
1122=,Reghan,1
1122=,Remi,1
1122=,Remy,1
1122=,Renee,1
1122=,Reni,1
1122=,Reshna,1
1122=,Rhana,1
1122=,Rheagan,1
1122=,Rheanna,1
1122=,Rhegan,1
1122=,Rheis,1
1122=,Rheo,1
1122=,Rhian-Leigh,1
1122=,Rhiane,1
1122=,Rhiannon-Maer,1
1122=,Rhogan,1
1122=,Rhomi,1
1122=,Rhowain,1
1122=,Rhys,1
1122=,Richelle,1
1122=,Richenda,1
1122=,Rida,1
1122=,Ridaa,1
1122=,Ridah,1
1122=,Ridar,1
1122=,Rihana,1
1122=,Rikki,1
1122=,Riminiy,1
1122=,Rina,1
1122=,Rinni,1
1122=,Rinske,1
1122=,Riyah,1
1122=,Roanna,1
1122=,Roba,1
1122=,Robbie,1
1122=,Rohanie,1
1122=,Rohann,1
1122=,Roisean,1
1122=,Roisian,1
1122=,Romanna,1
1122=,Romi,1
1122=,Romina,1
1122=,Ronan,1
1122=,Roni-Jean,1
1122=,Rosaleen,1
1122=,Rosaline,1
1122=,Rosaly,1
1122=,Rosalynd,1
1122=,Roseleen,1
1122=,Roselle,1
1122=,Roselynne,1
1122=,Rosemarie,1
1122=,Roshene,1
1122=,Rosiland,1
1122=,Roslynd,1
1122=,Rosy,1
1122=,Rozlyn,1
1122=,Rudi,1
1122=,Rukhsaar,1
1122=,Ruksaar,1
1122=,Rumaysah,1
1122=,Ruthana,1
1122=,Ryanna,1
1122=,Ryna,1
1122=,Saalihah,1
1122=,Saarah,1
1122=,Saba,1
1122=,Sabah,1
1122=,Sabeha,1
1122=,Sabihah,1
1122=,Sacha,1
1122=,Sadia,1
1122=,Sadra,1
1122=,Saffron,1
1122=,Safiyyah,1
1122=,Sahiba,1
1122=,Sahira,1
1122=,Sai,1
1122=,Saibvhonn,1
1122=,Saimah,1
1122=,Saira,1
1122=,Sairah,1
1122=,Samah,1
1122=,Sameena,1
1122=,Samerah,1
1122=,Samia,1
1122=,Samm,1
1122=,Sammi,1
1122=,Sammi-Jo,1
1122=,Sammi-Lea,1
1122=,Sammie-Lee,1
1122=,Sammy,1
1122=,Sammy-Jo,1
1122=,Samreen,1
1122=,Sanchi,1
1122=,Sandia,1
1122=,Sandranne,1
1122=,Sangeeta,1
1122=,Sanjota,1
1122=,Sanne,1
1122=,Sanya,1
1122=,Sara-Louise,1
1122=,Sarah-Aimee,1
1122=,Sarah-Ann,1
1122=,Sarah-Anne,1
1122=,Sarah-Jayne,1
1122=,Sarah-Leigh,1
1122=,Sarahjane,1
1122=,Sarahlouise,1
1122=,Sarahtulain,1
1122=,Saranne,1
1122=,Sarena,1
1122=,Sari,1
1122=,Sarinah,1
1122=,Sarrah,1
1122=,Sasha-Jay,1
1122=,Saundrea,1
1122=,Sayoko,1
1122=,Schauncey,1
1122=,Sean-Ann,1
1122=,Seerat-E,1
1122=,Sehir,1
1122=,Sehrish,1
1122=,Selby,1
1122=,Selene,1
1122=,Seline,1
1122=,Selisha,1
1122=,Selma,1
1122=,Sgianach,1
1122=,Shaakirah,1
1122=,Shabiha,1
1122=,Shadab,1
1122=,Shadanah,1
1122=,Shae,1
1122=,Shaela,1
1122=,Shah,1
1122=,Shahad,1
1122=,Shaina,1
1122=,Shakila,1
1122=,Shakira,1
1122=,Shalana,1
1122=,Shalann,1
1122=,Shaleen,1
1122=,Shalena,1
1122=,Shamia,1
1122=,Shanagh,1
1122=,Shanahan,1
1122=,Shanel,1
1122=,Shanell,1
1122=,Shanelle,1
1122=,Shani,1
1122=,Shanie,1
1122=,Shanin,1
1122=,Shanley,1
1122=,Shanna-Lea,1
1122=,Shannagh,1
1122=,Shannah-Louise,1
1122=,Shannel,1
1122=,Shanniece,1
1122=,Shannin,1
1122=,Shannon-Leigh,1
1122=,Shannon-Marie,1
1122=,Shanon,1
1122=,Shantana,1
1122=,Shantelle,1
1122=,Shanyce,1
1122=,Shanyn,1
1122=,Shapelle,1
1122=,Sharanjit,1
1122=,Sharelle,1
1122=,Sharen,1
1122=,Shari-Louise,1
1122=,Sharlene,1
1122=,Sharmaine,1
1122=,Sharmilla,1
1122=,Sharna,1
1122=,Shauneen,1
1122=,Shaunelle,1
1122=,Shaunii,1
1122=,Shaunni,1
1122=,Shaunnie,1
1122=,Shauntelle,1
1122=,Shawni,1
1122=,Shawnie,1
1122=,Shawnni,1
1122=,Shay,1
1122=,Shaza,1
1122=,Shazia,1
1122=,Sheefali,1
1122=,Sheila,1
1122=,Sheilanne,1
1122=,Shelbie,1
1122=,Shelbii,1
1122=,Shelby-Leigh,1
1122=,Shellby,1
1122=,Shellie,1
1122=,Shelly,1
1122=,Shennan,1
1122=,Sherelle,1
1122=,Sheridan,1
1122=,Sherine,1
1122=,Sherow,1
1122=,Sherrie,1
1122=,Sherryann,1
1122=,Shervene,1
1122=,Shevon,1
1122=,Shi,1
1122=,Shifaa',1
1122=,Shilloh,1
1122=,Shion,1
1122=,Shivohn,1
1122=,Shondele,1
1122=,Shonie,1
1122=,Shonni,1
1122=,Shri-Ishvarya,1
1122=,Shythira,1
1122=,Siama,1
1122=,Siana,1
1122=,Sianan-Mharie,1
1122=,Siannen,1
1122=,Sidrah,1
1122=,Siena,1
1122=,Simarin,1
1122=,Simra,1
1122=,Simranjeet,1
1122=,Simranjit,1
1122=,Simrin,1
1122=,Sin-Tung,1
1122=,Sinara,1
1122=,Sine,1
1122=,Siobahn,1
1122=,Siran,1
1122=,Siti,1
1122=,Smriti,1
1122=,Snadeed,1
1122=,Soffi,1
1122=,Soha,1
1122=,Solene,1
1122=,Solma,1
1122=,Solveig,1
1122=,Sommer,1
1122=,Sondos,1
1122=,Sonya,1
1122=,Sophea,1
1122=,Sophi-Ann,1
1122=,Sophia-Rose,1
1122=,Sophie-Anne,1
1122=,Sophie-Leigh,1
1122=,Sophie-May,1
1122=,Sophie-Rae,1
1122=,Sophy,1
1122=,Soraya,1
1122=,Sorcha,1
1122=,Sorrel,1
1122=,Sorsha,1
1122=,Sree,1
1122=,Stacey-Leigh,1
1122=,Stacey-Marie,1
1122=,Stavroula,1
1122=,Stefania,1
1122=,Steffani,1
1122=,Steffanie,1
1122=,Stefny,1
1122=,Stephany,1
1122=,Stephenie,1
1122=,Stevi,1
1122=,Stevie-Jay,1
1122=,Stevie-Louise,1
1122=,Storm,1
1122=,Streen,1
1122=,Sukdeep,1
1122=,Sukhvear,1
1122=,Sula,1
1122=,Sultan,1
1122=,Sumayyah,1
1122=,Sundas,1
1122=,Sunita,1
1122=,Sunitta,1
1122=,Sunya,1
1122=,Surya,1
1122=,Susan-Louise,1
1122=,Susha,1
1122=,Suzy,1
1122=,Syazwani,1
1122=,Sydney,1
1122=,Sylvia,1
1122=,Sylvie,1
1122=,Synnove,1
1122=,Taaibah,1
1122=,Taelyr,1
1122=,Tagan,1
1122=,Tahira,1
1122=,Tahirah,1
1122=,Tailorre,1
1122=,Taisha,1
1122=,Tali,1
1122=,Talia-Marie,1
1122=,Talitha,1
1122=,Talys,1
1122=,Tamara-Jane,1
1122=,Tamarra,1
1122=,Tami-Leigh,1
1122=,Tamla,1
1122=,Tamlyn,1
1122=,Tammay,1
1122=,Tammylee,1
1122=,Tamzen,1
1122=,Tamzyn,1
1122=,Tanera,1
1122=,Tanita,1
1122=,Tanith,1
1122=,Taniya,1
1122=,Tannith,1
1122=,Tanysha,1
1122=,Tanzeela,1
1122=,Tarma,1
1122=,Tarn,1
1122=,Taryn,1
1122=,Tasia,1
1122=,Tasmiah,1
1122=,Tasmin,1
1122=,Tasneem,1
1122=,Tayba,1
1122=,Taybah,1
1122=,Taylar,1
1122=,Tayler-Abby,1
1122=,Taylor-Ann,1
1122=,Taylor-Erin,1
1122=,Tayrn,1
1122=,Tayyibah,1
1122=,Te,1
1122=,Tedi,1
1122=,Tee-Jay,1
1122=,Teigan,1
1122=,Teija,1
1122=,Teiybah,1
1122=,Teri-Ann,1
1122=,Terianne,1
1122=,Terri-Anne,1
1122=,Terri-Jo,1
1122=,Terri-Louise,1
1122=,Tharfa,1
1122=,Therese,1
1122=,Theresia,1
1122=,Thianna,1
1122=,Tian,1
1122=,Tianna,1
1122=,Tiffani,1
1122=,Tiffany-Lee,1
1122=,Tiffiney,1
1122=,Tika,1
1122=,Tilly,1
1122=,Tillyarna,1
1122=,Tionne,1
1122=,Tiree,1
1122=,Tong,1
1122=,Toni-Lee,1
1122=,Toni-Marie,1
1122=,Toni-Olivia,1
1122=,Tonie,1
1122=,Tonii,1
1122=,Tonimarie,1
1122=,Tonisha,1
1122=,Tonitia,1
1122=,Tori-Ann,1
1122=,Tori-Jade,1
1122=,Torie,1
1122=,Tracie,1
1122=,Tracyann,1
1122=,Trisha,1
1122=,Trixie,1
1122=,Trude,1
1122=,Trudi,1
1122=,'True,1
1122=,Tuesday,1
1122=,Turaya,1
1122=,Tyana,1
1122=,Tyisha,1
1122=,Tyla,1
1122=,Tyree,1
1122=,Uksa,1
1122=,Umaimah,1
1122=,Umber,1
1122=,Umima,1
1122=,Ummaarah,1
1122=,Urooj,1
1122=,Urvashi,1
1122=,Vaila,1
1122=,Valentina,1
1122=,Vari,1
1122=,Venetia,1
1122=,Vhairi,1
1122=,Vhairie,1
1122=,Vicki-Louise,1
1122=,Vickie,1
1122=,Victoria-Lynn,1
1122=,Viktoria,1
1122=,Vineeta,1
1122=,Vittoria,1
1122=,Vivian,1
1122=,Wah,1
1122=,Welhena,1
1122=,Winnifred,1
1122=,Winter,1
1122=,Wren,1
1122=,Xemxija,1
1122=,Xiaoxue,1
1122=,Yael,1
1122=,Yi,1
1122=,Yi-Lan,1
1122=,Yin,1
1122=,Yong-Chin,1
1122=,Yosser,1
1122=,Young,1
1122=,Ysabella,1
1122=,Yu,1
1122=,Yumna,1
1122=,Yuri,1
1122=,Yuxi,1
1122=,Zabrina,1
1122=,Zackeyah,1
1122=,Zaema,1
1122=,Zaenab,1
1122=,Zahraa,1
1122=,Zaina,1
1122=,Zakia,1
1122=,Zanna,1
1122=,Zarah,1
1122=,Zarha,1
1122=,Zarin,1
1122=,Zarine,1
1122=,Zarreen,1
1122=,Zehra,1
1122=,Zenaib,1
1122=,Zeynep,1
1122=,Zita,1
1122=,Zo,1
1122=,Zola,1
1122=,Zoya,1
1122=,Zuhra,1
