Position,Name,Number of babies
1,Chloe,917
2,Rebecca,721
3,Emma,605
4,Lauren,602
5,Amy,577
6,Caitlin,568
7,Megan,566
8,Rachel,507
9,Erin,396
10,Sophie,385
11,Emily,367
12,Hannah,364
13,Sarah,331
14,Nicole,314
15=,Lucy,312
15=,Shannon,312
17,Katie,270
18,Morgan,248
19,Courtney,246
20,Kirsty,244
21=,Laura,228
21=,Olivia,228
23,Eilidh,219
24,Jennifer,199
25,Jade,194
26,Niamh,189
27,Anna,176
28,Holly,172
29,Heather,171
30=,Louise,165
30=,Natasha,165
32,Rachael,163
33,Robyn,157
34,Ellie,153
35,Aimee,148
36,Taylor,147
37,Abbie,146
38,Georgia,143
39,Bethany,142
40=,Samantha,141
40=,Zoe,141
42,Chelsea,140
43,Natalie,139
44,Danielle,136
45,Melissa,135
46,Charlotte,134
47=,Jessica,130
47=,Kayleigh,130
47=,Stephanie,130
50,Gemma,124
51,Claire,123
52,Iona,122
53,Beth,119
54=,Abigail,111
54=,Elizabeth,111
56,Cara,110
57=,Leah,108
57=,Nicola,108
59,Amber,104
60,Lisa,101
61,Victoria,100
62,Jodie,98
63,Lauryn,93
64=,Fiona,88
64=,Molly,88
66,Isla,84
67,Kelsey,82
68,Brooke,81
69,Mhairi,76
70,Demi,75
71,Jenna,74
72=,Alexandra,73
72=,Ciara,73
72=,Kirsten,73
75=,Alice,69
75=,Jordan,69
77,Eve,68
78=,Ashley,66
78=,Paige,66
80,Carly,65
81,Catherine,64
82=,Ashleigh,62
82=,Catriona,62
84=,Caitlyn,61
84=,Grace,61
84=,Kimberley,61
87=,Chantelle,60
87=,Katherine,60
89,Carla,57
90=,Abby,55
90=,Toni,55
92,Rebekah,54
93=,Alana,50
93=,Kathryn,50
95,Meghan,49
96,Joanna,48
97=,Ailsa,47
97=,Ellen,47
97=,Jasmine,47
97=,Kaitlyn,47
97=,Morven,47
102=,Kate,46
102=,Kerry,46
102=,Kiera,46
102=,Rowan,46
102=,Siobhan,46
107,Skye,45
108=,Eleanor,44
108=,Rhiannon,44
108=,Rosie,44
108=,Sara,44
112,Hollie,43
113=,Alisha,42
113=,Mairi,42
115=,Jemma,41
115=,Kelly,41
117=,Alison,40
117=,Maria,40
119=,Lara,39
119=,Leanne,39
119=,Naomi,39
122,Zara,38
123=,Cerys,37
123=,Kaitlin,37
123=,Michaela,37
123=,Orla,37
123=,Ruth,37
128=,Freya,35
128=,Hayley,35
128=,Nadia,35
128=,Phoebe,35
132=,Brogan,34
132=,Elise,34
132=,Helen,34
135=,Clare,33
135=,Michelle,33
137=,Alex,32
137=,Amanda,32
137=,Jamie,32
137=,Katy,32
137=,Shona,32
142=,Adele,31
142=,Gillian,31
142=,Kara,31
145=,Charley,30
145=,Ellis,30
145=,Kathleen,30
145=,Lois,30
145=,Yasmin,30
150=,Dana,29
150=,Elle,29
150=,Julia,29
150=,Katrina,29
150=,Leigh,29
155=,Eva,28
155=,Mary,28
155=,Neve,28
158=,Alanna,27
158=,Alicia,27
158=,Antonia,27
158=,Charlie,27
158=,Daisy,27
158=,Dionne,27
158=,Roisin,27
158=,Stacey,27
166=,Abbey,26
166=,Amie,26
166=,Becky,26
166=,Gabrielle,26
166=,Imogen,26
166=,Lorna,26
166=,Melanie,26
166=,Sophia,26
174=,Abbi,25
174=,Caroline,25
174=,Connie,25
174=,Karen,25
174=,Mia,25
174=,Tia,25
180=,Bryony,24
180=,Christie,24
180=,Christy,24
180=,Hope,24
180=,Rhona,24
180=,Shelby,24
186=,Andrea,23
186=,Annie,23
186=,Billie,23
186=,Madeleine,23
190=,Alix,22
190=,Carrie,22
190=,Isabella,22
190=,Joanne,22
190=,Sally,22
190=,Shania,22
196=,Britney,21
196=,Brittany,21
196=,Christina,21
196=,Francesca,21
196=,Jane,21
196=,Kayla,21
196=,Kirstie,21
196=,Lori,21
196=,Nina,21
196=,Tamara,21
206=,Alannah,20
206=,Brooklyn,20
206=,Carys,20
206=,Georgina,20
206=,Hazel,20
206=,India,20
206=,Julie,20
206=,Kira,20
206=,Kirstin,20
206=,Sinead,20
206=,Tiegan,20
217=,Casey,19
217=,Jenny,19
217=,Keira,19
217=,Leona,19
217=,Saskia,19
217=,Shauna,19
217=,Tammy,19
217=,Tara,19
225=,Bethan,18
225=,Bronwyn,18
225=,Claudia,18
225=,Ella,18
225=,Flora,18
225=,Katelyn,18
225=,Kerri,18
225=,Kimberly,18
233=,Eden,17
233=,Jordyn,17
233=,Simone,17
233=,Tegan,17
237=,Amelia,16
237=,Lynsey,16
237=,Maya,16
237=,Mollie,16
237=,Poppy,16
237=,Ruby,16
237=,Sian,16
237=,Susan,16
245=,Ami,15
245=,Helena,15
245=,Kelsie,15
245=,Lily,15
245=,Lindsay,15
245=,Monica,15
245=,Nadine,15
245=,Nikki,15
253=,Anne,14
253=,Carmen,14
253=,Chelsey,14
253=,Deborah,14
253=,Laurie,14
253=,Mirren,14
253=,Rosemary,14
253=,Sasha,14
253=,Shelley,14
262=,Angela,13
262=,Annabel,13
262=,Brodie,13
262=,Cameron,13
262=,Charlene,13
262=,Faye,13
262=,Jacqueline,13
262=,Jillian,13
262=,Kiara,13
262=,Kyra,13
262=,Lindsey,13
262=,Louisa,13
262=,Millie,13
262=,Rose,13
262=,Summer,13
277=,Aisha,12
277=,Alexandria,12
277=,Dayna,12
277=,Eloise,12
277=,Erica,12
277=,Fern,12
277=,Jamie-Lee,12
277=,Jodi,12
277=,Josephine,12
277=,Karis,12
277=,Kim,12
277=,Maryam,12
289=,Anya,11
289=,Briony,11
289=,Danni,11
289=,Darcy,11
289=,Dion,11
289=,Kayley,11
289=,Kerrie,11
289=,Levi,11
289=,Linzi,11
289=,Nikita,11
289=,Rhianna,11
289=,Sacha,11
289=,Savannah,11
289=,Susannah,11
289=,Suzanne,11
289=,Tyler,11
305=,Ainsley,10
305=,Allana,10
305=,Ava,10
305=,Charis,10
305=,Chiara,10
305=,Collette,10
305=,Esme,10
305=,Frances,10
305=,Harriet,10
305=,Jasmin,10
305=,Kirstyn,10
305=,Lana,10
305=,Maia,10
305=,Mairead,10
305=,Margaret,10
305=,Marie,10
305=,Martha,10
305=,Miriam,10
305=,Tayler,10
305=,Terri,10
325=,Ally,9
325=,Alyssa,9
325=,Angel,9
325=,Ann,9
325=,Aoife,9
325=,April,9
325=,Ashlyn,9
325=,Cally,9
325=,Charly,9
325=,Chelsie,9
325=,Cheyenne,9
325=,Codie,9
325=,Colleen,9
325=,Daniella,9
325=,Demi-Lee,9
325=,Gail,9
325=,Georgie,9
325=,Honor,9
325=,Jamie-Leigh,9
325=,Jo,9
325=,Keri,9
325=,Leila,9
325=,Maisie,9
325=,Regan,9
325=,Rhianne,9
325=,Saffron,9
325=,Stella,9
352=,Alanah,8
352=,Alina,8
352=,Andi,8
352=,Aqsa,8
352=,Bernadette,8
352=,Caragh,8
352=,Chanelle,8
352=,Charli,8
352=,Christine,8
352=,Cody,8
352=,Colette,8
352=,Dawn,8
352=,Eryn,8
352=,Gabriella,8
352=,Jill,8
352=,Karina,8
352=,Larissa,8
352=,Lea,8
352=,Leonie,8
352=,Lyndsay,8
352=,Murron,8
352=,Pamela,8
352=,Paula,8
352=,Rosa,8
352=,Sorcha,8
352=,Stacie,8
352=,Yvonne,8
379=,Adelle,7
379=,Ailidh,7
379=,Ailie,7
379=,Allanah,7
379=,Ana,7
379=,Bobbi,7
379=,Callie,7
379=,Celine,7
379=,Cheryl,7
379=,Corrie,7
379=,Darcie,7
379=,Ebony,7
379=,Eirinn,7
379=,Elena,7
379=,Elisabeth,7
379=,Iqra,7
379=,Jayde,7
379=,Jody,7
379=,Juliet,7
379=,Kari,7
379=,Karla,7
379=,Karly,7
379=,Katharine,7
379=,Kelsea,7
379=,Kristy,7
379=,Lia,7
379=,Lucia,7
379=,Lucie,7
379=,Lyndsey,7
379=,Mariam,7
379=,Marina,7
379=,Maxine,7
379=,Meaghan,7
379=,Miranda,7
379=,Rhea,7
379=,Rona,7
379=,Roslyn,7
379=,Serena,7
379=,Shannan,7
379=,Sofia,7
379=,Tanya,7
379=,Teigan,7
379=,Tiffany,7
379=,Vicki,7
379=,Wendy,7
379=,Zahra,7
379=,Zainab,7
426=,Aine,6
426=,Aleena,6
426=,Aminah,6
426=,Ayesha,6
426=,Bonnie,6
426=,Cailin,6
426=,Carolyn,6
426=,Chanel,6
426=,Courteney,6
426=,Diane,6
426=,Donna,6
426=,Eireann,6
426=,Ellise,6
426=,Islay,6
426=,Isobel,6
426=,Jessie,6
426=,Jocelyn,6
426=,Kennedy,6
426=,Keryn,6
426=,Kristi,6
426=,Leia,6
426=,Libby,6
426=,Linda,6
426=,Marianne,6
426=,Marisa,6
426=,Meg,6
426=,Mikaela,6
426=,Mirin,6
426=,Monique,6
426=,Paris,6
426=,Rochelle,6
426=,Sadie,6
426=,Saoirse,6
426=,Sophy,6
426=,Tamsin,6
426=,Tamzin,6
426=,Tessa,6
426=,Thea,6
426=,Vanessa,6
465=,Adrienne,5
465=,Ailish,5
465=,Aisling,5
465=,Andie,5
465=,Ariana,5
465=,Bethanie,5
465=,Breagha,5
465=,Bree,5
465=,Caitlan,5
465=,Carina,5
465=,Carli,5
465=,Cassie,5
465=,Ceira,5
465=,Ceri,5
465=,Chantel,5
465=,Darby,5
465=,Daria,5
465=,Deanna,5
465=,Demi-Leigh,5
465=,Denise,5
465=,Eilish,5
465=,Elaine,5
465=,Elli,5
465=,Emilie,5
465=,Emma-Louise,5
465=,Erika,5
465=,Erinn,5
465=,Evie,5
465=,Faith,5
465=,Felicity,5
465=,Florence,5
465=,Hanna,5
465=,Hayleigh,5
465=,Jaimee,5
465=,Joy,5
465=,Juliette,5
465=,Katlin,5
465=,Kay,5
465=,Keavy,5
465=,Keely,5
465=,Kendal,5
465=,Kendra,5
465=,Kirsteen,5
465=,Kristen,5
465=,Kristie,5
465=,Linsey,5
465=,Madeline,5
465=,Madison,5
465=,Marissa,5
465=,Melody,5
465=,Mhari,5
465=,Mya,5
465=,Natalia,5
465=,Orlagh,5
465=,Philippa,5
465=,Raegan,5
465=,Reagan,5
465=,Rebekka,5
465=,Rhian,5
465=,Sharon,5
465=,Shelly,5
465=,Sheryl,5
465=,Simran,5
465=,Stevie,5
465=,Theresa,5
465=,Veronica,5
465=,Yasmine,5
532=,Abi,4
532=,Abigael,4
532=,Aileen,4
532=,Ailis,4
532=,Ainslie,4
532=,Aliyah,4
532=,Alyx,4
532=,Amina,4
532=,Anastasia,4
532=,Aneesa,4
532=,Anisa,4
532=,Anisah,4
532=,Anisha,4
532=,Annabelle,4
532=,Ariane,4
532=,Astrid,4
532=,Autumn,4
532=,Bailey,4
532=,Billie-Jo,4
532=,Camryn,4
532=,Candice,4
532=,Caoimhe,4
532=,Charmaine,4
532=,Cree,4
532=,D'arcy,4
532=,Dani,4
532=,Daniela,4
532=,Demilee,4
532=,Devon,4
532=,Dharma,4
532=,Drew,4
532=,Elisa,4
532=,Evelyn,4
532=,Frankie,4
532=,Gaynor,4
532=,Ilona,4
532=,Isabel,4
532=,Ishbel,4
532=,Jayne,4
532=,Jenni,4
532=,Jess,4
532=,Johanna,4
532=,Jordon,4
532=,Josie,4
532=,Justine,4
532=,Kaitlynn,4
532=,Kali,4
532=,Kasey,4
532=,Katelin,4
532=,Katelynn,4
532=,Katlyn,4
532=,Katriona,4
532=,Kelsi,4
532=,Kendall,4
532=,Kenzie,4
532=,Krista,4
532=,Leonna,4
532=,Lesley,4
532=,Lorin,4
532=,Luisa,4
532=,Lydia,4
532=,Lynsay,4
532=,Maura,4
532=,Meagan,4
532=,Nancy,4
532=,Neave,4
532=,Nichole,4
532=,Niomi,4
532=,Nuala,4
532=,Patricia,4
532=,Rhia,4
532=,Ria,4
532=,Romy,4
532=,Sana,4
532=,Sarah-Jane,4
532=,Scarlett,4
532=,Selina,4
532=,Seonaid,4
532=,Shanice,4
532=,Shantelle,4
532=,Sheree,4
532=,Sky,4
532=,Susanna,4
532=,Talia,4
532=,Teighan,4
532=,Teresa,4
532=,Tori,4
532=,Vicky,4
532=,Vikki,4
621=,Adriana,3
621=,Afton,3
621=,Aimie,3
621=,Aishah,3
621=,Alisa,3
621=,Alishia,3
621=,Alyson,3
621=,Ammarah,3
621=,Amy-Louise,3
621=,Angelina,3
621=,Anneliese,3
621=,Arianne,3
621=,Arran,3
621=,Asha,3
621=,Ashlea,3
621=,Ayah,3
621=,Belinda,3
621=,Blythe,3
621=,Bobbie,3
621=,Breanna,3
621=,Brenna,3
621=,Brianna,3
621=,Brittney,3
621=,Carlie,3
621=,Carrigan,3
621=,Cassidy,3
621=,Ceilidh,3
621=,Celeste,3
621=,Cherie,3
621=,Chrissie,3
621=,Christi,3
621=,Ciera,3
621=,Clair,3
621=,Clara,3
621=,Cleo,3
621=,Coleen,3
621=,Constance,3
621=,Cora,3
621=,Coral,3
621=,Corrine,3
621=,Cory,3
621=,Danika,3
621=,Debbie,3
621=,Derryn,3
621=,Devyn,3
621=,Dominique,3
621=,Eimear,3
621=,Elinor,3
621=,Elisha,3
621=,Elissa,3
621=,Elly,3
621=,Elspeth,3
621=,Elysia,3
621=,Emilia,3
621=,Emillie,3
621=,Errin,3
621=,Farah,3
621=,Finlay,3
621=,Gayle,3
621=,Hana,3
621=,Harley,3
621=,Heidi,3
621=,Ikra,3
621=,Iman,3
621=,Jaclyn,3
621=,Jay,3
621=,Jazmin,3
621=,Jean,3
621=,Jennie,3
621=,Joelle,3
621=,Kai,3
621=,Karah,3
621=,Karli,3
621=,Karyn,3
621=,Katelynne,3
621=,Katrine,3
621=,Katya,3
621=,Kellie,3
621=,Kellyanne,3
621=,Khloe,3
621=,Kitty,3
621=,Kloe,3
621=,Krystal,3
621=,Kyla,3
621=,Kylie,3
621=,Laila,3
621=,Latasha,3
621=,Layla,3
621=,Leanna,3
621=,Leigh-Anne,3
621=,Leoni,3
621=,Lili,3
621=,Lilian,3
621=,Logan,3
621=,Loren,3
621=,Lorraine,3
621=,Lynn,3
621=,Mackenzie,3
621=,Maddison,3
621=,Mahnoor,3
621=,Malissa,3
621=,Mandy,3
621=,Mara,3
621=,Mari,3
621=,Marley,3
621=,Meredith,3
621=,Mica,3
621=,Michaella,3
621=,Michela,3
621=,Milly,3
621=,Morgen,3
621=,Morna,3
621=,Murran,3
621=,Murren,3
621=,Nathalie,3
621=,Nichola,3
621=,Niki,3
621=,Nisha,3
621=,Orlaith,3
621=,Penny,3
621=,Rachelle,3
621=,Rae,3
621=,Rebeka,3
621=,Reegan,3
621=,Reese,3
621=,Remy,3
621=,Rheanna,3
621=,Rhiannan,3
621=,Rio,3
621=,Roseanna,3
621=,Rowanne,3
621=,Sabah,3
621=,Sabrina,3
621=,Salma,3
621=,Sammy,3
621=,Sandra,3
621=,Sarah-Anne,3
621=,Sarah-Louise,3
621=,Sarahjane,3
621=,Savanna,3
621=,Shana,3
621=,Shanna,3
621=,Shaunie,3
621=,Shaunna,3
621=,Shonagh,3
621=,Sonia,3
621=,Stevi,3
621=,Storm,3
621=,Tiree,3
621=,Vaila,3
621=,Verity,3
621=,Vivien,3
621=,Whitney,3
774=,Abigayle,2
774=,Adeline,2
774=,Aela,2
774=,Ailey,2
774=,Aillie,2
774=,Aime,2
774=,Aimi,2
774=,Ainslee,2
774=,Ainsleigh,2
774=,Aislinn,2
774=,Aiysha,2
774=,Aleisha,2
774=,Alesha,2
774=,Alexia,2
774=,Alia,2
774=,Alixandra,2
774=,Allie,2
774=,Allison,2
774=,Alysha,2
774=,Alyth,2
774=,Ameera,2
774=,Amelie,2
774=,Amira,2
774=,Amna,2
774=,Angharad,2
774=,Anita,2
774=,Ann-Marie,2
774=,Anna-Louise,2
774=,Annalise,2
774=,Anouska,2
774=,Arabella,2
774=,Areeba,2
774=,Areej,2
774=,Argyll,2
774=,Aria,2
774=,Arlene,2
774=,Atlanta,2
774=,Ayleigh,2
774=,Barbara,2
774=,Beatrice,2
774=,Becki,2
774=,Bethannie,2
774=,Bismah,2
774=,Briana,2
774=,Briege,2
774=,Bronagh,2
774=,Bronya,2
774=,Cade,2
774=,Caitlin-Louise,2
774=,Caitlynn,2
774=,Caley,2
774=,Calista,2
774=,Callan,2
774=,Carey,2
774=,Cari,2
774=,Carolina,2
774=,Caron,2
774=,Carra,2
774=,Catarina,2
774=,Catrina,2
774=,Cayleigh,2
774=,Ceara,2
774=,Ceitidh,2
774=,Channelle,2
774=,Charlette,2
774=,Charlie-Anne,2
774=,Charlize,2
774=,Charmain,2
774=,Charmian,2
774=,Chelsea-Leigh,2
774=,Chelsi,2
774=,Chevonne,2
774=,Chloe-Marie,2
774=,Christian,2
774=,Ciaran,2
774=,Clodagh,2
774=,Cloe,2
774=,Codi,2
774=,Corey,2
774=,Corina,2
774=,Cristina,2
774=,Daina,2
774=,Dannielle,2
774=,Darcey,2
774=,Darci,2
774=,Deri,2
774=,Derri,2
774=,Dervla,2
774=,Deryn,2
774=,Dianne,2
774=,Dione,2
774=,Dorothy,2
774=,Dulcie,2
774=,Edith,2
774=,Eileen,2
774=,Eilis,2
774=,Ellidh,2
774=,Ellyse,2
774=,Elsa,2
774=,Elyse,2
774=,Emelia,2
774=,Emily-Jane,2
774=,Emine,2
774=,Emmie,2
774=,Enya,2
774=,Estelle,2
774=,Esther,2
774=,Faizah,2
774=,Fatima,2
774=,Fay,2
774=,Finley,2
774=,Genevieve,2
774=,Geraldine,2
774=,Giorgia,2
774=,Grainne,2
774=,Hafsa,2
774=,Halle,2
774=,Hallie,2
774=,Haylie,2
774=,Henna,2
774=,Hilary,2
774=,Holli,2
774=,Holly-Jane,2
774=,Humna,2
774=,Imaan,2
774=,Inayah,2
774=,Innes,2
774=,Iola,2
774=,Isabela,2
774=,Isabelle,2
774=,Jaden,2
774=,Jai,2
774=,Jaime,2
774=,Jaimey,2
774=,Jaimie,2
774=,Janet,2
774=,Janey,2
774=,Janine,2
774=,Janna,2
774=,Jaye,2
774=,Jaymie,2
774=,Jemima,2
774=,Jena,2
774=,Jiordan,2
774=,Jo-Anne,2
774=,Jolene,2
774=,Joni,2
774=,Jordana,2
774=,Jordanna,2
774=,Jordanne,2
774=,Jorgia,2
774=,Jude,2
774=,Judith,2
774=,Julianne,2
774=,Julie-Anne,2
774=,Kaitlan,2
774=,Karley,2
774=,Karlie,2
774=,Kassie,2
774=,Kaye,2
774=,Kaylee,2
774=,Kelly-Anne,2
774=,Kerin,2
774=,Kerren,2
774=,Kerri-Ann,2
774=,Kerry-Ann,2
774=,Kerryn,2
774=,Kerys,2
774=,Kiana,2
774=,Kirsti,2
774=,Kody,2
774=,Koni,2
774=,Kristina,2
774=,Kristyn,2
774=,Kym,2
774=,Lai,2
774=,Latifa,2
774=,Layna,2
774=,Lee,2
774=,Leeanne,2
774=,Leena,2
774=,Leeona,2
774=,Leeza,2
774=,Leighanne,2
774=,Lena,2
774=,Lianne,2
774=,Lilli,2
774=,Lilly,2
774=,Lina,2
774=,Livia,2
774=,Lola,2
774=,Loryn,2
774=,Lucinda,2
774=,Lynne,2
774=,Madihah,2
774=,Maeve,2
774=,Maggie,2
774=,Maja,2
774=,Mariah,2
774=,Marion,2
774=,Mariya,2
774=,Mariyah,2
774=,Marnie,2
774=,Martina,2
774=,Martine,2
774=,Matilda,2
774=,Megen,2
774=,Melisa,2
774=,Mellisa,2
774=,Mercedes,2
774=,Mikayla,2
774=,Mili,2
774=,Milli,2
774=,Mira,2
774=,Mirran,2
774=,Mirrin,2
774=,Miya,2
774=,Montana,2
774=,Morag,2
774=,Morbheinn,2
774=,Morghan,2
774=,Morvenn,2
774=,Murin,2
774=,Murrin,2
774=,Myrin,2
774=,Nairne,2
774=,Natalya,2
774=,Nazia,2
774=,Nellie,2
774=,Nevada,2
774=,Nida,2
774=,Nikkita,2
774=,Octavia,2
774=,Omnia,2
774=,Oonagh,2
774=,Paton,2
774=,Patrice,2
774=,Perry,2
774=,Polly,2
774=,Priya,2
774=,Quinn,2
774=,Rabia,2
774=,Rachele,2
774=,Ragen,2
774=,Ramona,2
774=,Rawan,2
774=,Rebeckah,2
774=,Rhiann,2
774=,Riana,2
774=,Rianne,2
774=,Robin,2
774=,Roma,2
774=,Romany,2
774=,Rosalie,2
774=,Rosalind,2
774=,Rosanna,2
774=,Rosina,2
774=,Saarah,2
774=,Sabaa,2
774=,Sahar,2
774=,Saira,2
774=,Sam,2
774=,Samara,2
774=,Sameena,2
774=,Samia,2
774=,Samiya,2
774=,Sanaa,2
774=,Sanna,2
774=,Sannah,2
774=,Sehr,2
774=,Shanelle,2
774=,Shannah,2
774=,Shannen,2
774=,Shannon-Lee,2
774=,Shantell,2
774=,Sharleen,2
774=,Shauni,2
774=,Shaye,2
774=,Shazia,2
774=,Shellby,2
774=,Sine,2
774=,Sofie,2
774=,Sophie-Louise,2
774=,Staci,2
774=,Stacy,2
774=,Stefanie,2
774=,Sunita,2
774=,Sydney,2
774=,Syeda,2
774=,Symone,2
774=,Tabitha,2
774=,Taleare,2
774=,Talitha,2
774=,Tammie,2
774=,Tania,2
774=,Tanith,2
774=,Tasmin,2
774=,Tasneem,2
774=,Taylar,2
774=,Teighlor,2
774=,Teri,2
774=,Tess,2
774=,Tianna,2
774=,Tinashe,2
774=,Tracy,2
774=,Trudy,2
774=,Tylar,2
774=,Vari,2
774=,Violet,2
774=,Xsara,2
774=,Yumna,2
774=,Yusra,2
774=,Zahrah,2
774=,Zaina,2
774=,Zaynab,2
774=,Zeenat,2
774=,Zenab,2
774=,Zoha,2
774=,Zoya,2
1093=,Aabiyah,1
1093=,Aaina,1
1093=,Aaisha,1
1093=,Aalaa,1
1093=,Aamna,1
1093=,Aarti,1
1093=,Aase,1
1093=,Abagael,1
1093=,Abagail,1
1093=,Abbeygale,1
1093=,Abbie-Leigh,1
1093=,Abbiegail,1
1093=,Abbigael,1
1093=,Abbigail,1
1093=,Abby-Rose,1
1093=,Abrar,1
1093=,Abtaha,1
1093=,Abygale,1
1093=,Adelina,1
1093=,Aden,1
1093=,Adeshola,1
1093=,Adie,1
1093=,Adria,1
1093=,Adrien,1
1093=,Aelis,1
1093=,Aeron,1
1093=,Afra,1
1093=,Afreen,1
1093=,Afsa,1
1093=,Ahsrin,1
1093=,Aibhlis,1
1093=,Aidie,1
1093=,Aila,1
1093=,Ailbhe,1
1093=,Ailee,1
1093=,Aileigh,1
1093=,Ailigsh,1
1093=,Ailleachd,1
1093=,Ailley,1
1093=,Aillidh,1
1093=,Aiman,1
1093=,Aimei,1
1093=,Aimen,1
1093=,Aimma,1
1093=,Aimy,1
1093=,Aindrea,1
1093=,Aine-Mhairi,1
1093=,Aiya,1
1093=,Akiko,1
1093=,Akila,1
1093=,Aksa,1
1093=,Alaina,1
1093=,Alaitz,1
1093=,Alana-Lee,1
1093=,Alana-Marie,1
1093=,Alanis,1
1093=,Alanna-Jayne,1
1093=,Alannis,1
1093=,Alayna,1
1093=,Albany,1
1093=,Alea,1
1093=,Aleasha,1
1093=,Aleceia,1
1093=,Aleece,1
1093=,Aleen,1
1093=,Aleesha,1
1093=,Aleeshia,1
1093=,Aleiah,1
1093=,Alejandra,1
1093=,Alena,1
1093=,Alessandra,1
1093=,Alessia,1
1093=,Alev,1
1093=,Alexa,1
1093=,Alexena,1
1093=,Alexis,1
1093=,Ali,1
1093=,Aliesha,1
1093=,Alisbah,1
1093=,Alishah,1
1093=,Alishba,1
1093=,Alissa,1
1093=,Alivia,1
1093=,Aliya,1
1093=,Aliza,1
1093=,Alizah,1
1093=,Alize,1
1093=,Allanah-May,1
1093=,Allanis,1
1093=,Allannah,1
1093=,Allise,1
1093=,Allix,1
1093=,Allyson,1
1093=,Allyssa,1
1093=,Alya,1
1093=,Alysia,1
1093=,Alyssia,1
1093=,Ama,1
1093=,Amaara,1
1093=,Amabel,1
1093=,Amal,1
1093=,Amalea,1
1093=,Amanda-Jane,1
1093=,Amanda-Lily,1
1093=,Amarah,1
1093=,Amarrah,1
1093=,Ambar,1
1093=,Ambre,1
1093=,Ame,1
1093=,Amee,1
1093=,Ameena,1
1093=,Amellia,1
1093=,Ami-Lee,1
1093=,Amia,1
1093=,Amilah,1
1093=,Amirjeet,1
1093=,Ammaarah,1
1093=,Ammie,1
1093=,Amrit,1
1093=,Amryt,1
1093=,Amy-Marie,1
1093=,Amye,1
1093=,Amyleigh,1
1093=,Anabel,1
1093=,Analisa,1
1093=,Analise,1
1093=,Ananda,1
1093=,Anashra,1
1093=,Anavi,1
1093=,Andi-Louise,1
1093=,Andie-Marie,1
1093=,Anesa,1
1093=,Anika,1
1093=,Anja,1
1093=,Anjali,1
1093=,Ankita,1
1093=,Anmol,1
1093=,Anna-Delia,1
1093=,Annabell,1
1093=,Annah,1
1093=,Annaliese,1
1093=,Annalisa,1
1093=,Anne-Marie,1
1093=,Annelieke,1
1093=,Annice,1
1093=,Anniemae,1
1093=,Annisa,1
1093=,Annischa,1
1093=,Annita,1
1093=,Annmarie,1
1093=,Annushka,1
1093=,Anoushka,1
1093=,Anum,1
1093=,Aoibhin,1
1093=,Aoiffe,1
1093=,Appin,1
1093=,Aqsaa,1
1093=,Aqua-Marie,1
1093=,Archeala,1
1093=,Arden,1
1093=,Areege,1
1093=,Arfa,1
1093=,Ariadne,1
1093=,Arianna,1
1093=,Arieg,1
1093=,Ariella,1
1093=,Arietta,1
1093=,Arlena,1
1093=,Arooj,1
1093=,Arrandeep,1
1093=,Arrianne,1
1093=,Arubah,1
1093=,Arwen,1
1093=,Ashante,1
1093=,Ashlay,1
1093=,Ashleen,1
1093=,Ashleykay,1
1093=,Ashlynn,1
1093=,Ashton,1
1093=,Atiya,1
1093=,Aundrea,1
1093=,Aurelia,1
1093=,Aurian,1
1093=,Aurikha,1
1093=,Auriol,1
1093=,Averal,1
1093=,Avril,1
1093=,Ayat,1
1093=,Ayeisha,1
1093=,Ayla,1
1093=,Aylie,1
1093=,Aymy,1
1093=,Aynsley,1
1093=,Aynslie,1
1093=,Aysha,1
1093=,Ayshe,1
1093=,Aysia,1
1093=,Aysling,1
1093=,Ayu,1
1093=,Azaria,1
1093=,Babette,1
1093=,Bailee,1
1093=,Baillie,1
1093=,Bao-Qing,1
1093=,Bavandeep,1
1093=,Beadee,1
1093=,Beatriz,1
1093=,Bebhinn,1
1093=,Becci,1
1093=,Beckie,1
1093=,Begum,1
1093=,Beki,1
1093=,Benan,1
1093=,Benesh,1
1093=,Bentley,1
1093=,Bernie,1
1093=,Bethaney,1
1093=,Bethani,1
1093=,Bethenay,1
1093=,Bethyn,1
1093=,Betty,1
1093=,Beulah,1
1093=,Beverly,1
1093=,Bevhan,1
1093=,Bharati,1
1093=,Billi,1
1093=,Billie-Jean,1
1093=,Blair,1
1093=,Blaise,1
1093=,Bobbi-Lea,1
1093=,Bobbi-Leigh,1
1093=,Bobbie-Joe,1
1093=,Bobbie-Leigh,1
1093=,Bobby,1
1093=,Bobby-Jo,1
1093=,Bobby-Lee,1
1093=,Bobbyjo,1
1093=,Bonny,1
1093=,Breagh,1
1093=,Breann,1
1093=,Breanne,1
1093=,Breckon,1
1093=,Bree-Ann,1
1093=,Breege,1
1093=,Breeyan,1
1093=,Breeze,1
1093=,Breige,1
1093=,Briagh,1
1093=,Brianne,1
1093=,Briar,1
1093=,Brid-Erin,1
1093=,Bridgette,1
1093=,Bridin,1
1093=,Brieanna,1
1093=,Brigid,1
1093=,Briitnie,1
1093=,Brioni,1
1093=,Brionni,1
1093=,Brionny,1
1093=,Brittaney,1
1093=,Brody,1
1093=,Brogann,1
1093=,Brogen,1
1093=,Broghan,1
1093=,Bronja,1
1093=,Bronte,1
1093=,Bronwen,1
1093=,Bronwynn,1
1093=,Brooklin,1
1093=,Brooklyne,1
1093=,Brooklynn,1
1093=,Bruni,1
1093=,Bryanna,1
1093=,Bryanne,1
1093=,Brydie,1
1093=,Bryony-Louise,1
1093=,Bushria,1
1093=,Caera,1
1093=,Caileigh,1
1093=,Cailey,1
1093=,Caillay,1
1093=,Caira,1
1093=,Cairistiona,1
1093=,Cairn,1
1093=,Cairney,1
1093=,Cait,1
1093=,Caithlin,1
1093=,Caitlain,1
1093=,Caitlan-Jane,1
1093=,Caitlin-Beth,1
1093=,Caitlin-Marie,1
1093=,Caitlinde,1
1093=,Caitriona,1
1093=,Caiya,1
1093=,Caledonia,1
1093=,Calla,1
1093=,Caly,1
1093=,Camae,1
1093=,Camellia,1
1093=,Camerin,1
1093=,Cameryn,1
1093=,Camilla,1
1093=,Camille,1
1093=,Canada,1
1093=,Caoilfhin,1
1093=,Caoimha,1
1093=,Capella,1
1093=,Carah,1
1093=,Caraline,1
1093=,Carhys,1
1093=,Cariena,1
1093=,Caris,1
1093=,Carissa,1
1093=,Carla-Lea,1
1093=,Carlann,1
1093=,Carlene,1
1093=,Carlesha,1
1093=,Carley,1
1093=,Carlidh,1
1093=,Carlin,1
1093=,Carlissa,1
1093=,Carlyanne,1
1093=,Carlyn,1
1093=,Carmel,1
1093=,Carmell,1
1093=,Carol,1
1093=,Carolann,1
1093=,Carole,1
1093=,Carra-Ann,1
1093=,Carragh,1
1093=,Carrie-Ann,1
1093=,Carrie-Anne,1
1093=,Carrieann,1
1093=,Carrieanne,1
1093=,Carron,1
1093=,Carsten,1
1093=,Caseylea,1
1093=,Casie,1
1093=,Cassandra,1
1093=,Cassia,1
1093=,Cassiday,1
1093=,Cassidie,1
1093=,Cassy,1
1093=,Catherine-Anne,1
1093=,Cathrine,1
1093=,Cathryn,1
1093=,Catlin,1
1093=,Catrin,1
1093=,Caylin,1
1093=,Ceana,1
1093=,Celia,1
1093=,Ceona,1
1093=,Ceri-Ann,1
1093=,Ceriese,1
1093=,Cerise,1
1093=,Cerri,1
1093=,Cerrys,1
1093=,Chaia,1
1093=,Chana,1
1093=,Chandni,1
1093=,Chanice,1
1093=,Channell,1
1093=,Chantal,1
1093=,Chantalle,1
1093=,Chantell,1
1093=,Chara,1
1093=,Chardonnay,1
1093=,Charelle,1
1093=,Charese,1
1093=,Charice,1
1093=,Charisse,1
1093=,Charity,1
1093=,Charlayne,1
1093=,Charlee,1
1093=,Charleigh,1
1093=,Charlie-Rianna,1
1093=,Charlotte-Anne,1
1093=,Charlotte-Rose,1
1093=,Charlyce,1
1093=,Charmagne,1
1093=,Charrie-Lee,1
1093=,Chayntelle,1
1093=,Chelby,1
1093=,Chelci,1
1093=,Chelsae,1
1093=,Chelsea-Louise,1
1093=,Chelseanne,1
1093=,Chelsey-Leigh,1
1093=,Cheney,1
1093=,Chenise,1
1093=,Cher,1
1093=,Cherieann,1
1093=,Cherlyann,1
1093=,Cherrelle,1
1093=,Cherrenie,1
1093=,Chesnay,1
1093=,Chetna,1
1093=,Cheyane,1
1093=,Chloe-Lee,1
1093=,Chowdhury,1
1093=,Chrisanne,1
1093=,Chrissy-Ellen,1
1093=,Christiana,1
1093=,Christianne,1
1093=,Chrysanthi,1
1093=,Chun,1
1093=,Chun-An,1
1093=,Chung,1
1093=,Cian,1
1093=,Ciann,1
1093=,Cianna,1
1093=,Cindy,1
1093=,Cionna-Louise,1
1093=,Cira,1
1093=,Clara-Jane,1
1093=,Clarissa,1
1093=,Clementine,1
1093=,Cliona,1
1093=,Coady,1
1093=,Cobi,1
1093=,Coire,1
1093=,Colby,1
1093=,Coline,1
1093=,Collete,1
1093=,Cora-Leigh,1
1093=,Coreen,1
1093=,Corinna,1
1093=,Corinne,1
1093=,Corlea,1
1093=,Corragh,1
1093=,Corran,1
1093=,Corrin,1
1093=,Corrina,1
1093=,Corris,1
1093=,Corry,1
1093=,Corynn,1
1093=,Cosima,1
1093=,Courntey,1
1093=,Courtneyleigh,1
1093=,Covahn,1
1093=,Cove,1
1093=,Cressey,1
1093=,Criosaidh,1
1093=,Cristi,1
1093=,Cristie,1
1093=,Crystal,1
1093=,Curstaidh,1
1093=,Cydnee,1
1093=,Cynthia,1
1093=,Dagmar,1
1093=,Dainah,1
1093=,Dakota,1
1093=,Danae,1
1093=,Danica,1
1093=,Daniella-Jane,1
1093=,Danila,1
1093=,Daniyah,1
1093=,Danna,1
1093=,Danni-Marie,1
1093=,Dannii,1
1093=,Danuska,1
1093=,Danya,1
1093=,Danyelle,1
1093=,Daphne,1
1093=,Dara,1
1093=,Darcae,1
1093=,Darian,1
1093=,Darien,1
1093=,Darrah,1
1093=,Daryl,1
1093=,Daveena,1
1093=,Davie-Jane,1
1093=,Daylene,1
1093=,Dayna-Jade,1
1093=,Daynagh,1
1093=,Deanne,1
1093=,Dearbhla,1
1093=,Debbra,1
1093=,Dee,1
1093=,Delaney,1
1093=,Della,1
1093=,Demi-Louise,1
1093=,Demmi,1
1093=,Dena,1
1093=,Denbie,1
1093=,Dene,1
1093=,Deni,1
1093=,Denni,1
1093=,Denny,1
1093=,Denver,1
1093=,Deon,1
1093=,Deonne,1
1093=,Derby,1
1093=,Deren,1
1093=,Derrian,1
1093=,Derrin,1
1093=,Derry,1
1093=,Devenee,1
1093=,Devlin,1
1093=,Devlyn,1
1093=,Dharia,1
1093=,Diana,1
1093=,Dona,1
1093=,Donella,1
1093=,Donia,1
1093=,Dua,1
1093=,Dylan,1
1093=,Dyonne,1
1093=,Dzeneta,1
1093=,Eadidh,1
1093=,Eartha,1
1093=,Ecem,1
1093=,Edelle,1
1093=,Edie,1
1093=,Eila,1
1093=,Eilean,1
1093=,Eileann,1
1093=,Eilidah,1
1093=,Eilliech,1
1093=,Eirinn-Rose,1
1093=,Eklas,1
1093=,Elana,1
1093=,Elanor,1
1093=,Eleasha,1
1093=,Eleashia-Marie,1
1093=,Eleisha,1
1093=,Eleni,1
1093=,Elgin,1
1093=,Elia,1
1093=,Eliana,1
1093=,Elicia,1
1093=,Elif,1
1093=,Eline,1
1093=,Elisse,1
1093=,Elita,1
1093=,Elivia,1
1093=,Eliza,1
1093=,Elka,1
1093=,Elke,1
1093=,Ellaina,1
1093=,Elle-Alix,1
1093=,Elle-Ann,1
1093=,Ellecia,1
1093=,Elleigh,1
1093=,Elleni,1
1093=,Ellenor,1
1093=,Ellie-Marie,1
1093=,Elliot,1
1093=,Ellisia,1
1093=,Ellisse,1
1093=,Ellynne,1
1093=,Ellys,1
1093=,Elora,1
1093=,Elsie,1
1093=,Elyn,1
1093=,Elysa,1
1093=,Emalie,1
1093=,Eman,1
1093=,Emer,1
1093=,Emi,1
1093=,Emilee,1
1093=,Emilli,1
1093=,Emilly,1
1093=,Emily-Amber,1
1093=,Emily-Jayne,1
1093=,Emily-Louise,1
1093=,Emily-Rose,1
1093=,Emma-Jane,1
1093=,Emma-Jayne,1
1093=,Emma-Lee,1
1093=,Emma-Lily,1
1093=,Emma-Mae,1
1093=,Emme,1
1093=,Emmeline,1
1093=,Emmen,1
1093=,Emmerson,1
1093=,Emmy,1
1093=,Emy,1
1093=,Eoina,1
1093=,Ericka,1
1093=,Erin-Louise,1
1093=,Erinnann,1
1093=,Erynne,1
1093=,Esha,1
1093=,Esmee,1
1093=,Etienne,1
1093=,Evan,1
1093=,Evangelia,1
1093=,Evangeline,1
1093=,Evann,1
1093=,Evanna,1
1093=,Evere,1
1093=,Evin,1
1093=,Eyerusalem,1
1093=,Faaza,1
1093=,Fajr,1
1093=,Fallan,1
1093=,Fallon,1
1093=,Fara,1
1093=,Faria,1
1093=,Fariah,1
1093=,Farlan,1
1093=,Fatemah,1
1093=,Fatimah,1
1093=,Feha,1
1093=,Feona,1
1093=,Ffion,1
1093=,Finleigh,1
1093=,Finn-Leigh,1
1093=,Finnella,1
1093=,Finula,1
1093=,Fionna,1
1093=,Fionnaghal,1
1093=,Fionnghuala,1
1093=,Fionnuala,1
1093=,Fiza,1
1093=,Flana,1
1093=,Fleur,1
1093=,Franca,1
1093=,Freija,1
1093=,Freja,1
1093=,Freyja,1
1093=,Frieda,1
1093=,Fynlei,1
1093=,Fynn,1
1093=,Gabariella,1
1093=,Gabriela,1
1093=,Gaby,1
1093=,Gaelin,1
1093=,Gaenor,1
1093=,Gaia,1
1093=,Geena,1
1093=,Gemma-Ann,1
1093=,Genna,1
1093=,Georga,1
1093=,Georgea,1
1093=,Georgi,1
1093=,Georgia-Anne,1
1093=,Georgia-May,1
1093=,Georgiana,1
1093=,Georgie-Leigh,1
1093=,Geri,1
1093=,Gianna,1
1093=,Gillyan,1
1093=,Gina,1
1093=,Gioia,1
1093=,Gipsi,1
1093=,Girisha,1
1093=,Giselle,1
1093=,Giuliana,1
1093=,Gloria,1
1093=,Gracie,1
1093=,Graihagh,1
1093=,Greer,1
1093=,Gresa,1
1093=,Gur-Chandni,1
1093=,Gurpreet,1
1093=,Gwyneth,1
1093=,Haighley,1
1093=,Hailey,1
1093=,Haiqa,1
1093=,Hajara,1
1093=,Hala,1
1093=,Haleema,1
1093=,Haleena,1
1093=,Haley,1
1093=,Hanabi,1
1093=,Haneen,1
1093=,Hanf,1
1093=,Haniya,1
1093=,Hannah-Louise,1
1093=,Hansine,1
1093=,Harleen,1
1093=,Harlie,1
1093=,Harneet,1
1093=,Haruka,1
1093=,Hasna,1
1093=,Havanna,1
1093=,Haylaie,1
1093=,He-In,1
1093=,Hei,1
1093=,Helana,1
1093=,Helena-Marie,1
1093=,Helene,1
1093=,Hend,1
1093=,Henrietta,1
1093=,Heo,1
1093=,Hessa,1
1093=,Hester,1
1093=,Hiab,1
1093=,Hiba,1
1093=,Hibah,1
1093=,Hibatullah,1
1093=,Hiraa,1
1093=,Hiu,1
1093=,Hollie-Ann,1
1093=,Honey,1
1093=,Huda,1
1093=,Huma,1
1093=,Humairaa,1
1093=,Humera,1
1093=,Hureem,1
1093=,Husna,1
1093=,Iben,1
1093=,Ida,1
1093=,Ieshka,1
1093=,Ifrah,1
1093=,Iiona,1
1093=,Ikeyra,1
1093=,Imogene,1
1093=,Inara,1
1093=,Indi,1
1093=,Indigo,1
1093=,Indy,1
1093=,Indya,1
1093=,Ines,1
1093=,Ingrid,1
1093=,Ioni,1
1093=,Ionie,1
1093=,Iram,1
1093=,Irene,1
1093=,Iris,1
1093=,Irum,1
1093=,Irwa,1
1093=,Isabell,1
1093=,Isela,1
1093=,Ishani,1
1093=,Isobelle,1
1093=,Israh,1
1093=,Izzy,1
1093=,Jack-A-Lynn,1
1093=,Jackieline,1
1093=,Jacquelyn,1
1093=,Jada,1
1093=,Jade-Leigh,1
1093=,Jae,1
1093=,Jaiden,1
1093=,Jaime-Lee,1
1093=,Jaime-Leigh,1
1093=,Jaimie-Ann,1
1093=,Jaimie-Leigh,1
1093=,Jamie-Lynn,1
1093=,Jamielee,1
1093=,Jamieleigh,1
1093=,Jana,1
1093=,Janele,1
1093=,Janice,1
1093=,Janina,1
1093=,Jannat,1
1093=,Jansen,1
1093=,Jardine,1
1093=,Jasbir,1
1093=,Jasmain,1
1093=,Jasmyn,1
1093=,Jasmyne,1
1093=,Javairia,1
1093=,Jaya,1
1093=,Jayda,1
1093=,Jayden-Emma,1
1093=,Jayeanne,1
1093=,Jayme-Lee,1
1093=,Jaymee,1
1093=,Jaymielee,1
1093=,Jayney,1
1093=,Jaz,1
1093=,Jazmine,1
1093=,Jazz,1
1093=,Jeanie,1
1093=,Jeanine,1
1093=,Jenna-Alexandra,1
1093=,Jennifer-Anne,1
1093=,Jeorjette,1
1093=,Jerrica,1
1093=,Jessie-Flora,1
1093=,Jett,1
1093=,Ji,1
1093=,Jilly,1
1093=,Jing,1
1093=,Jlenia,1
1093=,Joan,1
1093=,Jodie-Lee,1
1093=,Jodie-Leigh,1
1093=,Jodilee,1
1093=,Joele,1
1093=,Joelene,1
1093=,Joely,1
1093=,Johanna-Leigh,1
1093=,Johannah,1
1093=,Johdi,1
1093=,Johnann,1
1093=,Jordan-Lee,1
1093=,Jordan-Paige,1
1093=,Jordane,1
1093=,Jordyan,1
1093=,Jorgie,1
1093=,Jorja,1
1093=,Jorjia,1
1093=,Joyce,1
1093=,Julian,1
1093=,Juliana,1
1093=,Julianna,1
1093=,Julieann,1
1093=,Julieanne,1
1093=,June,1
1093=,Juno,1
1093=,Justice,1
1093=,Ka,1
1093=,Ka-Yee,1
1093=,Kacey,1
1093=,Kacie,1
1093=,Kade,1
1093=,Kaelyn,1
1093=,Kahra,1
1093=,Kaia,1
1093=,Kaila,1
1093=,Kailey,1
1093=,Kailyn,1
1093=,Kainat,1
1093=,Kaitlinn,1
1093=,Kaitlyne-Louise,1
1093=,Kaitlynne,1
1093=,Kajal,1
1093=,Kajul,1
1093=,Kaleen,1
1093=,Kalena,1
1093=,Kalie,1
1093=,Kalli,1
1093=,Kally,1
1093=,Kameron,1
1093=,Kamryn,1
1093=,Kanisha,1
1093=,Karima,1
1093=,Kariss,1
1093=,Karita,1
1093=,Karleen,1
1093=,Karleigh,1
1093=,Karma,1
1093=,Karrie,1
1093=,Karrigan,1
1093=,Karson,1
1093=,Karys,1
1093=,Kasha,1
1093=,Kassandra,1
1093=,Katarina,1
1093=,Katelyne,1
1093=,Katerina,1
1093=,Katey,1
1093=,Kathrine,1
1093=,Kathryn-Ann,1
1093=,Kathy,1
1093=,Kathyrn,1
1093=,Kathyryn,1
1093=,Katie-Ann,1
1093=,Katie-Anne,1
1093=,Katie-Marie,1
1093=,Katlynn,1
1093=,Katrin,1
1093=,Katryna,1
1093=,Kay-Leigh,1
1093=,Kaya,1
1093=,Kaycee,1
1093=,Kaylay,1
1093=,Kaylee-Ann,1
1093=,Kaylie,1
1093=,Kaylin,1
1093=,Kaylor,1
1093=,Kaylyn,1
1093=,Kayrn,1
1093=,Kaysey,1
1093=,Kayti,1
1093=,Kaytie,1
1093=,Kaytlynne,1
1093=,Keana,1
1093=,Keany,1
1093=,Kearney,1
1093=,Keavey,1
1093=,Keavie,1
1093=,Keela,1
1093=,Keelan,1
1093=,Keeley,1
1093=,Keelie-Jane,1
1093=,Keera,1
1093=,Keera-Leigh,1
1093=,Keerah,1
1093=,Keirah,1
1093=,Keirra,1
1093=,Keiss,1
1093=,Kelci,1
1093=,Kelle-Louise,1
1093=,Kelli,1
1093=,Kelly-Marie,1
1093=,Kellymarie,1
1093=,Kelowna,1
1093=,Kelsy,1
1093=,Kenhya,1
1093=,Kenna,1
1093=,Kennady,1
1093=,Kennice,1
1093=,Kensey,1
1093=,Kenyah,1
1093=,Kenzi,1
1093=,Kera,1
1093=,Keran,1
1093=,Kered,1
1093=,Kerilee,1
1093=,Keron,1
1093=,Kerri-Marie,1
1093=,Kerrieann,1
1093=,Kerrin,1
1093=,Kerry-Anne,1
1093=,Kerryanne,1
1093=,Keryl,1
1093=,Kesia,1
1093=,Kevey,1
1093=,Keylea,1
1093=,Kezia,1
1093=,Keziah,1
1093=,Khadijah,1
1093=,Khaila,1
1093=,Khali,1
1093=,Kharis,1
1093=,Kharm,1
1093=,Khiara,1
1093=,Khristina,1
1093=,Kiah,1
1093=,Kialah,1
1093=,Kianna,1
1093=,Kiara-Louise,1
1093=,Kiesha,1
1093=,Kimaron,1
1093=,Kimberely,1
1093=,Kimberleey,1
1093=,Kina,1
1093=,Kineesha,1
1093=,Kinesha,1
1093=,Kinza,1
1093=,Kira-Michelle,1
1093=,Kiramarie,1
1093=,Kiran,1
1093=,Kiri,1
1093=,Kirrin,1
1093=,Kirstianne,1
1093=,Kirstie-Ann,1
1093=,Kirstieanne,1
1093=,Kirstine,1
1093=,Kismat,1
1093=,Kismet,1
1093=,Kit,1
1093=,Kizzie-Marie,1
1093=,Kodi,1
1093=,Komal,1
1093=,Konnie,1
1093=,Koren,1
1093=,Kori,1
1093=,Kori-Ann,1
1093=,Korri,1
1093=,Kourtney,1
1093=,Krissy,1
1093=,Kristiana,1
1093=,Kristin,1
1093=,Krithika,1
1093=,Krystie,1
1093=,Krystyna,1
1093=,Kumi,1
1093=,Kya,1
1093=,Kyla-Danielle,1
1093=,Kylah,1
1093=,Kyro,1
1093=,Laiba,1
1093=,Lailan,1
1093=,Lainey,1
1093=,Laiqa,1
1093=,Lakeisha,1
1093=,Lakota,1
1093=,Lani,1
1093=,Lanna,1
1093=,Lareb,1
1093=,Larisa,1
1093=,Latecia,1
1093=,Laura-Ann,1
1093=,Laurel,1
1093=,Laurhyn,1
1093=,Lauri,1
1093=,Laurianne,1
1093=,Laurin,1
1093=,Lauris,1
1093=,Lawiza,1
1093=,Lawren,1
1093=,Leaanne,1
1093=,Leah-Louise,1
1093=,Leahanne,1
1093=,Leann,1
1093=,Leasa,1
1093=,Leenah,1
1093=,Leha,1
1093=,Leiah,1
1093=,Leigh-Ann,1
1093=,Leigha,1
1093=,Leisha,1
1093=,Lella,1
1093=,Leone,1
1093=,Leonne,1
1093=,Leonnie,1
1093=,Leontina,1
1093=,Lesha,1
1093=,Lesley-Ann,1
1093=,Lesleyann,1
1093=,Leticia,1
1093=,Leya,1
1093=,Leyah,1
1093=,Leyla,1
1093=,Li,1
1093=,Li-Sian,1
1093=,Liah,1
1093=,Liala,1
1093=,Liamie,1
1093=,Liana,1
1093=,Lidia,1
1093=,Lillee,1
1093=,Lillian,1
1093=,Lillie,1
1093=,Lindi,1
1093=,Lindzi,1
1093=,Linsay,1
1093=,Linseyann,1
1093=,Linzie,1
1093=,Lisa-Marie,1
1093=,Lisamarie,1
1093=,Lisha,1
1093=,Liusaidh,1
1093=,Livi,1
1093=,Liza-Beth,1
1093=,Lizzie,1
1093=,Lleona,1
1093=,Logyn,1
1093=,Lois-Anne,1
1093=,Loni-Mae,1
1093=,Lora,1
1093=,Loreal,1
1093=,Lori-Ann,1
1093=,Lori-Beth,1
1093=,Lorine,1
1093=,Lorrie,1
1093=,Luana,1
1093=,Lubna,1
1093=,Lubov,1
1093=,Luccia,1
1093=,Luci,1
1093=,Luigseach,1
1093=,Luissa,1
1093=,Luiza,1
1093=,Lyall,1
1093=,Lybi,1
1093=,Lynette,1
1093=,Lynne-Mhairi,1
1093=,Lynnette,1
1093=,Lynzi,1
1093=,Maahtab,1
1093=,Maaia,1
1093=,Maaria,1
1093=,Maarya,1
1093=,Machaela,1
1093=,Macheala,1
1093=,Maddy,1
1093=,Madelyn,1
1093=,Madiha,1
1093=,Mae,1
1093=,Maedhbh,1
1093=,Maeesha,1
1093=,Maegan,1
1093=,Mafee,1
1093=,Magdalena,1
1093=,Magdalene,1
1093=,Magen,1
1093=,Maheen,1
1093=,Mahima,1
1093=,Mahoney,1
1093=,Maili,1
1093=,Mairi-Kate,1
1093=,Mairin,1
1093=,Mais,1
1093=,Makiyo,1
1093=,Malak,1
1093=,Maleeha,1
1093=,Malia,1
1093=,Malia-Jane,1
1093=,Malishia,1
1093=,Mami,1
1093=,Mamie,1
1093=,Man,1
1093=,Manon,1
1093=,Marah,1
1093=,Maraod,1
1093=,Marcedes,1
1093=,Marcella,1
1093=,Marcia,1
1093=,Mareel,1
1093=,Maren,1
1093=,Maresa,1
1093=,Margaret-Louise,1
1093=,Mari-Ann,1
1093=,Maria-Lolita,1
1093=,Mariama,1
1093=,Marian,1
1093=,Mariana,1
1093=,Mariann,1
1093=,Marianna,1
1093=,Marianthi,1
1093=,Marieha,1
1093=,Mariesha,1
1093=,Mariessa,1
1093=,Mariha,1
1093=,Mariyam,1
1093=,Marjolaine,1
1093=,Mark,1
1093=,Marleigh,1
1093=,Marni,1
1093=,Marrianna,1
1093=,Mary-Anne,1
1093=,Mary-Clare,1
1093=,Maryanne,1
1093=,Maryjane,1
1093=,Marzia,1
1093=,Mathilda,1
1093=,Mathilde,1
1093=,Maude,1
1093=,Mauragh,1
1093=,Maureen,1
1093=,Maurvin,1
1093=,Mayuka,1
1093=,Mayuri,1
1093=,Mckayla,1
1093=,Mckenzie,1
1093=,Meaghann,1
1093=,Medi,1
1093=,Megan-Mary,1
1093=,Megane,1
1093=,Meggan,1
1093=,Meggin,1
1093=,Meghan-Molly,1
1093=,Meghan-Rose,1
1093=,Meghann,1
1093=,Megin,1
1093=,Megyn,1
1093=,Mehr,1
1093=,Mehreen,1
1093=,Meia,1
1093=,Meisha,1
1093=,Mekella,1
1093=,Melina,1
1093=,Melinda,1
1093=,Mellissa,1
1093=,Memoona,1
1093=,Memphis,1
1093=,Mercedies,1
1093=,Mereeha,1
1093=,Merna,1
1093=,Merryn,1
1093=,Mhairi-Claire,1
1093=,Mhairi-Clare,1
1093=,Mhairi-Kirsty,1
1093=,Mhia,1
1093=,Mhyran,1
1093=,Mia-Sara,1
1093=,Miarren,1
1093=,Micaela,1
1093=,Michaela-Jaye,1
1093=,Michaela-Lee,1
1093=,Michaila,1
1093=,Mickella,1
1093=,Milana,1
1093=,Mildred,1
1093=,Millena,1
1093=,Millicent,1
1093=,Millisa,1
1093=,Mimaemi,1
1093=,Mina,1
1093=,Minahil,1
1093=,Minami,1
1093=,Minnie,1
1093=,Mirella,1
1093=,Miren,1
1093=,Mirienne,1
1093=,Mirka,1
1093=,Mirron,1
1093=,Mirryn,1
1093=,Miryn,1
1093=,Misha,1
1093=,Mita,1
1093=,Mitra,1
1093=,Miyah,1
1093=,Moena,1
1093=,Moesha,1
1093=,Moira,1
1093=,Momnia,1
1093=,Mona,1
1093=,Monisha,1
1093=,Morgan-Lee,1
1093=,Morgane,1
1093=,Morgyn,1
1093=,Morin,1
1093=,Morvern,1
1093=,Morvin,1
1093=,Morvyn,1
1093=,Moy,1
1093=,Mu'azzamah,1
1093=,Muhran,1
1093=,Muirinn,1
1093=,Mun,1
1093=,Muran,1
1093=,Muriyum,1
1093=,Murrean,1
1093=,Murrhan,1
1093=,Murron-Elizabeth,1
1093=,Murya,1
1093=,Muryam,1
1093=,Muzainah,1
1093=,Muzakira,1
1093=,Myah,1
1093=,Myia,1
1093=,Myisha,1
1093=,Myren,1
1093=,Myrna,1
1093=,Myrryn,1
1093=,Nabah,1
1093=,Nabia,1
1093=,Nabihah,1
1093=,Nabila,1
1093=,Nadean,1
1093=,Nadia-Claire,1
1093=,Nadiah,1
1093=,Nadya,1
1093=,Nafeesa,1
1093=,Nafisah,1
1093=,Naha,1
1093=,Nahima,1
1093=,Naila,1
1093=,Naima,1
1093=,Naimh,1
1093=,Naisoon,1
1093=,Nanakee,1
1093=,Nansi,1
1093=,Natacha,1
1093=,Natallie,1
1093=,Natasa,1
1093=,Natascha,1
1093=,Natasha-Louise,1
1093=,Natashia,1
1093=,Natassja,1
1093=,Nathalay,1
1093=,Naya,1
1093=,Nayha,1
1093=,Nazmie,1
1093=,Naznin,1
1093=,Nebahat,1
1093=,Neecole,1
1093=,Neelam,1
1093=,Neha,1
1093=,Nehreen,1
1093=,Neith,1
1093=,Neive,1
1093=,Nekisha,1
1093=,Nerissa,1
1093=,Niamph,1
1093=,Nickilee,1
1093=,Nicky,1
1093=,Nicola-Louise,1
1093=,Nicolle,1
1093=,Niesha,1
1093=,Nighean,1
1093=,Nihaa,1
1093=,Nikayla,1
1093=,Nikole,1
1093=,Nimrah,1
1093=,Niree,1
1093=,Niyyah,1
1093=,Nnenna,1
1093=,Noorina,1
1093=,Noshabah,1
1093=,Nour,1
1093=,Nuha,1
1093=,Nurul,1
1093=,Nuryn,1
1093=,Nyisha,1
1093=,Nyree,1
1093=,Oakley,1
1093=,Ocean,1
1093=,Oluwaseun,1
1093=,Olwen,1
1093=,On-Ling,1
1093=,Orianne,1
1093=,Orlaith-Mairead,1
1093=,Oryn,1
1093=,Otilie,1
1093=,Pagan,1
1093=,Paje,1
1093=,Palma,1
1093=,Parysa,1
1093=,Paula-Jane,1
1093=,Pauline,1
1093=,Paysley,1
1093=,Payton,1
1093=,Pearl,1
1093=,Peigi,1
1093=,Peri,1
1093=,Perrin,1
1093=,Petra,1
1093=,Pheobe,1
1093=,Phillippa,1
1093=,Philomena,1
1093=,Phuong,1
1093=,Pia,1
1093=,Pip,1
1093=,Pippa,1
1093=,Pooja,1
1093=,Poonam,1
1093=,Poppaea,1
1093=,Poppie,1
1093=,Portia,1
1093=,Preeti,1
1093=,Priscilla,1
1093=,Privjyot,1
1093=,Priyanka,1
1093=,Pui,1
1093=,Puja,1
1093=,Purum,1
1093=,Qaila,1
1093=,Qi,1
1093=,Racheal,1
1093=,Racheyl,1
1093=,Rae-Anne,1
1093=,Raeann,1
1093=,Raema,1
1093=,Rafiah,1
1093=,Raghda,1
1093=,Rahima,1
1093=,Rahki,1
1093=,Rai,1
1093=,Raihanah,1
1093=,Raine,1
1093=,Rajni,1
1093=,Ramandeep,1
1093=,Rameen,1
1093=,Rameesha,1
1093=,Rana,1
1093=,Raniya,1
1093=,Ravan,1
1093=,Raveena,1
1093=,Raven,1
1093=,Ravinder,1
1093=,Ray-Anna,1
1093=,Razia,1
1093=,Razinah,1
1093=,Rea,1
1093=,Reah,1
1093=,Reanne,1
1093=,Reave,1
1093=,Rebbecca,1
1093=,Rebecca-Jade,1
1093=,Rebecca-Jane,1
1093=,Rebekkah,1
1093=,Reeane,1
1093=,Reece,1
1093=,Reegen,1
1093=,Reem,1
1093=,Reiah,1
1093=,Reigan,1
1093=,Remi,1
1093=,Remmi,1
1093=,Renee-Leigh,1
1093=,Rennie,1
1093=,Reo,1
1093=,Reona,1
1093=,Rheagan,1
1093=,Rheana,1
1093=,Rheanne,1
1093=,Rheece,1
1093=,Rheona,1
1093=,Rhiain,1
1093=,Rhiannah,1
1093=,Rhiannon-Lee,1
1093=,Rhoda,1
1093=,Rhyana,1
1093=,Rhys,1
1093=,Ria-Leix,1
1093=,Riahnonn,1
1093=,Ribh,1
1093=,Ricki,1
1093=,Riley,1
1093=,Rimshah,1
1093=,Riona,1
1093=,Rita,1
1093=,Roanne,1
1093=,Robbi-Lee,1
1093=,Roberta,1
1093=,Robyn-Leigh,1
1093=,Rochel,1
1093=,Rohana,1
1093=,Rohanna,1
1093=,Roisan,1
1093=,Romana,1
1093=,Romii,1
1093=,Roni,1
1093=,Rosaleen,1
1093=,Rosalyn,1
1093=,Rosamund,1
1093=,Rosanne,1
1093=,Rose-Anne,1
1093=,Roseanne,1
1093=,Rosella,1
1093=,Rosemarie,1
1093=,Rosetta,1
1093=,Rowen,1
1093=,Rowena,1
1093=,Roxanna,1
1093=,Roxanne,1
1093=,Roya,1
1093=,Roza,1
1093=,Ruathy,1
1093=,Rudi,1
1093=,Rukayya,1
1093=,Rukhsar,1
1093=,Rukiye,1
1093=,Rumsha,1
1093=,Ruqaiyah,1
1093=,Ruri,1
1093=,Rusa,1
1093=,Rylan,1
1093=,Saabirah,1
1093=,Saara,1
1093=,Saaraa,1
1093=,Sabha,1
1093=,Sabiha,1
1093=,Sabina,1
1093=,Sade,1
1093=,Sadia,1
1093=,Sadiqah,1
1093=,Safa,1
1093=,Safari,1
1093=,Safia,1
1093=,Safina,1
1093=,Sagarika,1
1093=,Sahba,1
1093=,Saher,1
1093=,Saho,1
1093=,Sallina,1
1093=,Samah,1
1093=,Samantha-Jane,1
1093=,Samantha-Mae,1
1093=,Samantha-Nicole,1
1093=,Samar,1
1093=,Sameeha,1
1093=,Samera,1
1093=,Sammi-Jo,1
1093=,Sammy-Joe,1
1093=,Samra,1
1093=,Sanah,1
1093=,Sanara,1
1093=,Sandie,1
1093=,Sandileigh,1
1093=,Sandy,1
1093=,Sangeet,1
1093=,Sanghita,1
1093=,Sangreal,1
1093=,Sanyah,1
1093=,Saorsa,1
1093=,Sapphire,1
1093=,Sarah-Ann,1
1093=,Sarah-Jayne,1
1093=,Sarah-Marie,1
1093=,Sarah-Michelle,1
1093=,Sarene,1
1093=,Sariah,1
1093=,Sarina,1
1093=,Sasa,1
1093=,Sasha-Elizabeth,1
1093=,Saski,1
1093=,Sativa,1
1093=,Satya,1
1093=,Savhanna,1
1093=,Scarlet,1
1093=,Schauwe,1
1093=,Scotia,1
1093=,Seanagh,1
1093=,Seanie,1
1093=,Seannie,1
1093=,Searlait,1
1093=,Seetal,1
1093=,Sehir,1
1093=,Sehrish,1
1093=,Senarath,1
1093=,Seniz,1
1093=,Seren,1
1093=,Serenna,1
1093=,Sewuese,1
1093=,Shabana,1
1093=,Shabeena,1
1093=,Shackira,1
1093=,Shada,1
1093=,Shadha,1
1093=,Shakiera,1
1093=,Shakira,1
1093=,Shaleen,1
1093=,Shameel,1
1093=,Shamilah,1
1093=,Shanen,1
1093=,Shaniah,1
1093=,Shanise,1
1093=,Shannon-Jade,1
1093=,Shannon-Shalom,1
1093=,Shantel,1
1093=,Sharanann,1
1093=,Sharene,1
1093=,Shari,1
1093=,Sharlyin,1
1093=,Sharmaine,1
1093=,Sharmika,1
1093=,Sharminara,1
1093=,Sharna,1
1093=,Shauney,1
1093=,Shauni-Lee,1
1093=,Shaunney,1
1093=,Shaunnie,1
1093=,Shauntell,1
1093=,Shauntelle,1
1093=,Shauny,1
1093=,Shavaun,1
1093=,Shavonne,1
1093=,Shawney,1
1093=,Shawnie,1
1093=,Shaznay,1
1093=,Shazney,1
1093=,Sheereen,1
1093=,Shehr-Bano,1
1093=,Shei,1
1093=,Shelbie,1
1093=,Shelby-Lee,1
1093=,Shenice,1
1093=,Shenies,1
1093=,Sheralyn,1
1093=,Sherane,1
1093=,Sheridan,1
1093=,Sheril,1
1093=,Sherlyn,1
1093=,Sherri,1
1093=,Sherrie,1
1093=,Shian,1
1093=,Shiloh,1
1093=,Shiloh-Anne,1
1093=,Shinaid,1
1093=,Shinead,1
1093=,Shiona,1
1093=,Shirley,1
1093=,Shirley-Anne,1
1093=,Shivani,1
1093=,Shonaid,1
1093=,Shonia,1
1093=,Shubhi,1
1093=,Shyan,1
1093=,Shyvonne,1
1093=,Si,1
1093=,Sianainn,1
1093=,Sidra,1
1093=,Sidrah,1
1093=,Simirn,1
1093=,Simranrani,1
1093=,Simren,1
1093=,Simrin,1
1093=,Simrit,1
1093=,Siofra,1
1093=,Siouxsie,1
1093=,Sirena,1
1093=,Sisley,1
1093=,Sixtine,1
1093=,Skie,1
1093=,Skyler,1
1093=,Sommer,1
1093=,Sommyr,1
1093=,Sonali,1
1093=,Sonita,1
1093=,Sonja,1
1093=,Soodeh,1
1093=,Sophie-Lee,1
1093=,Sorrel,1
1093=,Soti,1
1093=,Stacey-Leigh,1
1093=,Star,1
1093=,Starien,1
1093=,Starr,1
1093=,Steffaney,1
1093=,Steffanie,1
1093=,Steffi,1
1093=,Stefhanie,1
1093=,Stephani,1
1093=,Stephania,1
1093=,Stevie-Leigh,1
1093=,Stevielee,1
1093=,Stroma,1
1093=,Su-Ning,1
1093=,Sue,1
1093=,Suha,1
1093=,Sumaiyah,1
1093=,Sumaya,1
1093=,Sumer-Louise,1
1093=,Summor,1
1093=,Sundas,1
1093=,Sunia,1
1093=,Sunnah,1
1093=,Susie,1
1093=,Suzannah,1
1093=,Suzi,1
1093=,Sydnie,1
1093=,Sylvan,1
1093=,Syrena,1
1093=,Tabatha,1
1093=,Taelor,1
1093=,Taen,1
1093=,Tafadzwa,1
1093=,Tagen,1
1093=,Tahibah,1
1093=,Tahnae,1
1093=,Taigan,1
1093=,Tallulah,1
1093=,Talya,1
1093=,Tamaira,1
1093=,Tamar,1
1093=,Tamara-Jayne,1
1093=,Tamarah-Ann,1
1093=,Tamasin,1
1093=,Tamilei,1
1093=,Tamira,1
1093=,Tammi,1
1093=,Tammi-Ann,1
1093=,Tammi-Marie,1
1093=,Tamsyn,1
1093=,Tanisha,1
1093=,Taniysha,1
1093=,Tanvir,1
1093=,Tanzeela,1
1093=,Tarryn,1
1093=,Taryn,1
1093=,Tasha,1
1093=,Taskeen,1
1093=,Tasnim,1
1093=,Tatiana,1
1093=,Tatyana,1
1093=,Tauren,1
1093=,Tay,1
1093=,Taygan,1
1093=,Taykisha,1
1093=,Tayla,1
1093=,Tayllur,1
1093=,Tayzuki,1
1093=,Te'a,1
1093=,Teagan,1
1093=,Teegan,1
1093=,Teia,1
1093=,Teigen,1
1093=,Temilolaoluwa,1
1093=,Tennessee,1
1093=,Teona,1
1093=,Teoni,1
1093=,Teri-Lea,1
1093=,Tern,1
1093=,Tessa-Jayne,1
1093=,Thebe,1
1093=,Thiegan,1
1093=,Thokozani,1
1093=,Tiana,1
1093=,Tiaunna,1
1093=,Tieghan,1
1093=,Tierney-Sky,1
1093=,Tiffany-Anne,1
1093=,Tiffiny,1
1093=,Tiia,1
1093=,Tilda,1
1093=,Tisha,1
1093=,Tizane,1
1093=,Tommy,1
1093=,Tommy-Lee,1
1093=,Toni-Jane,1
1093=,Toni-Jaye,1
1093=,Toni-Lea,1
1093=,Toni-Leigh,1
1093=,Toni-Louise,1
1093=,Toni-May,1
1093=,Tonie,1
1093=,Tooba,1
1093=,Tor,1
1093=,Tori-Beth,1
1093=,Torrin,1
1093=,Tracey,1
1093=,Triana,1
1093=,Tricia,1
1093=,Trinity,1
1093=,Trisha,1
1093=,Trudi,1
1093=,Trudie,1
1093=,Tuesday,1
1093=,Tylier,1
1093=,Tylor,1
1093=,Tyra,1
1093=,Uma,1
1093=,Umay,1
1093=,Umayhabiba,1
1093=,Umaymah,1
1093=,Umma,1
1093=,Una,1
1093=,Unnam,1
1093=,Unzla,1
1093=,Usma,1
1093=,Vaishnavi,1
1093=,Vakya,1
1093=,Valerie,1
1093=,Vaniya,1
1093=,Vegas,1
1093=,Venisse,1
1093=,Venuri,1
1093=,Venus,1
1093=,Vhairi,1
1093=,Vicki-Leigh,1
1093=,Viraji,1
1093=,W.,1
1093=,Wai,1
1093=,Wallis,1
1093=,Wan,1
1093=,Wendiejo,1
1093=,Weyam,1
1093=,Wezi,1
1093=,Willow,1
1093=,Wing,1
1093=,Wing-Lam,1
1093=,Wing-Yuen,1
1093=,Wissam,1
1093=,Xandia,1
1093=,Xena,1
1093=,Xenia,1
1093=,Xinbao,1
1093=,Xyanthea,1
1093=,Ya,1
1093=,Yana,1
1093=,Yannah,1
1093=,Yasamin,1
1093=,Yasemin,1
1093=,Yasmeen,1
1093=,Yazmin,1
1093=,Yingqi,1
1093=,Yolanda,1
1093=,Yuk,1
1093=,Yuko,1
1093=,Yumn,1
1093=,Yuri,1
1093=,Yvette,1
1093=,Yvie,1
1093=,Zaara,1
1093=,Zahar,1
1093=,Zahara,1
1093=,Zahra',1
1093=,Zahrish,1
1093=,Zaib,1
1093=,Zaiba,1
1093=,Zaineb,1
1093=,Zakia,1
1093=,Zakiya,1
1093=,Zakiyyah,1
1093=,Zaphira,1
1093=,Zarah,1
1093=,Zaria,1
1093=,Zarina,1
1093=,Zarinah,1
1093=,Zayna,1
1093=,Zaynah,1
1093=,Zeenatun,1
1093=,Zehra,1
1093=,Zena,1
1093=,Zengani,1
1093=,Zermeen,1
1093=,Zhi,1
1093=,Zi,1
1093=,Zianab,1
1093=,Zilke,1
1093=,Zinet,1
1093=,Zuha,1
1093=,Zuleika,1
1093=,Zulekah,1
1093=,Zuma,1
1093=,Zunaira,1
