Position,Name,Number of babies
1,Chloe,755
2,Amy,589
3,Lauren,588
4,Emma,561
5,Rebecca,554
6,Megan,502
7,Caitlin,463
8,Rachel,443
9,Erin,409
10,Hannah,393
11,Sophie,381
12,Lucy,349
13,Emily,323
14,Shannon,317
15,Katie,297
16,Nicole,293
17,Sarah,276
18,Courtney,240
19,Anna,233
20,Morgan,227
21=,Eilidh,214
21=,Kirsty,214
23,Niamh,202
24,Laura,200
25,Olivia,197
26,Ellie,183
27=,Abbie,180
27=,Jennifer,180
29,Holly,176
30,Jade,170
31,Bethany,163
32,Louise,162
33,Beth,155
34,Zoe,154
35,Robyn,151
36,Heather,149
37=,Aimee,148
37=,Cara,148
39,Leah,147
40,Jessica,143
41,Charlotte,140
42,Rachael,139
43=,Jodie,126
43=,Samantha,126
45,Georgia,125
46,Natasha,123
47,Taylor,122
48,Iona,118
49=,Eve,115
49=,Molly,115
51,Kayleigh,114
52,Stephanie,113
53,Claire,107
54,Melissa,106
55,Danielle,105
56,Gemma,102
57=,Chelsea,99
57=,Natalie,99
59,Amber,94
60,Abby,86
61,Caitlyn,85
62,Lauryn,83
63=,Catherine,78
63=,Lisa,78
65=,Brooke,77
65=,Elizabeth,77
67=,Isla,76
67=,Nicola,76
69,Jenna,75
70,Abigail,74
71=,Alexandra,72
71=,Jordan,72
71=,Rebekah,72
74=,Katherine,67
74=,Victoria,67
76,Kelsey,65
77,Carly,63
78,Kate,62
79=,Fiona,61
79=,Mhairi,61
81,Grace,58
82,Alice,57
83=,Cerys,56
83=,Skye,56
85,Demi,55
86,Alana,53
87=,Ciara,52
87=,Kirsten,52
89=,Kiera,51
89=,Paige,51
91,Chantelle,50
92=,Jasmine,48
92=,Morven,48
94,Kimberley,47
95,Jemma,45
96=,Ashleigh,44
96=,Casey,44
96=,Eva,44
96=,Sara,44
96=,Siobhan,44
101=,Kara,43
101=,Maria,43
103=,Catriona,42
103=,Mia,42
105=,Ellen,41
105=,Hayley,41
105=,Jodi,41
105=,Kathryn,41
105=,Rhiannon,41
110=,Hollie,40
110=,Kaitlyn,40
110=,Toni,40
113=,Freya,39
113=,Neve,39
115=,Abbey,38
115=,Alex,38
117=,Brogan,37
117=,Kaitlin,37
117=,Nadia,37
117=,Ruth,37
121,Carla,36
122=,Ellis,35
122=,Tegan,35
122=,Tiegan,35
125=,Hazel,34
125=,Katy,34
125=,Rowan,34
125=,Zara,34
129=,Adele,33
129=,Dionne,33
129=,Lara,33
129=,Phoebe,33
133=,Alison,32
133=,Charley,32
133=,Charlie,32
133=,Joanna,32
133=,Keira,32
133=,Kerry,32
133=,Kirstin,32
133=,Michaela,32
133=,Orla,32
142=,Ailsa,31
142=,Amanda,31
142=,Leigh,31
145=,Elle,30
145=,Meghan,30
147=,Alix,29
147=,Amie,29
147=,Annie,29
147=,Gillian,29
147=,Naomi,29
147=,Rhona,29
147=,Rosie,29
147=,Stacey,29
155=,Ashley,28
155=,Eleanor,28
155=,Helen,28
155=,Jamie,28
155=,Jordyn,28
155=,Katrina,28
155=,Mairi,28
162=,Antonia,27
162=,Georgina,27
162=,Leanne,27
165=,Becky,26
165=,Kayla,26
165=,Kira,26
165=,Shania,26
169=,Clare,25
169=,Daisy,25
169=,Elise,25
169=,Ella,25
169=,Gabrielle,25
169=,Katelyn,25
169=,Kelly,25
176=,Christie,24
176=,Joanne,24
176=,Lois,24
176=,Louisa,24
176=,Mary,24
176=,Sophia,24
182=,Alicia,23
182=,Alisha,23
182=,Connie,23
182=,Hope,23
182=,Imogen,23
182=,Melanie,23
182=,Millie,23
182=,Saffron,23
182=,Sasha,23
182=,Shauna,23
182=,Yasmin,23
193=,Abbi,22
193=,Julia,22
193=,Kathleen,22
193=,Leona,22
193=,Monica,22
198=,Ava,21
198=,Christina,21
198=,Madeleine,21
198=,Michelle,21
198=,Nikki,21
198=,Rhianna,21
198=,Sinead,21
205=,Eden,20
205=,Francesca,20
205=,Linzi,20
205=,Maya,20
209=,Alanna,19
209=,Ebony,19
209=,India,19
209=,Mirren,19
209=,Roisin,19
209=,Shona,19
215=,Jamie-Lee,18
215=,Kerri,18
215=,Kimberly,18
215=,Paula,18
215=,Ruby,18
215=,Suzanne,18
215=,Tia,18
222=,Angel,17
222=,Billie,17
222=,Briony,17
222=,Jenny,17
222=,Julie,17
222=,Karen,17
222=,Lily,17
222=,Lorna,17
222=,Rose,17
222=,Tara,17
232=,Alyssa,16
232=,Brooklyn,16
232=,Caroline,16
232=,Kiara,16
232=,Lori,16
232=,Nina,16
238=,Alannah,15
238=,Amelia,15
238=,Bethan,15
238=,Clara,15
238=,Lucie,15
238=,Lynsey,15
238=,Murron,15
238=,Regan,15
238=,Saskia,15
238=,Shelby,15
238=,Tamara,15
249=,April,14
249=,Bryony,14
249=,Carmen,14
249=,Carrie,14
249=,Claudia,14
249=,Colleen,14
249=,Fern,14
249=,Karis,14
249=,Lindsay,14
249=,Maisie,14
249=,Margaret,14
249=,Mollie,14
249=,Sian,14
262=,Bobbi,13
262=,Cameron,13
262=,Christy,13
262=,Eloise,13
262=,Evie,13
262=,Jasmin,13
262=,Kerrie,13
262=,Kim,13
262=,Kirstie,13
262=,Lydia,13
262=,Maia,13
262=,Simone,13
262=,Teigan,13
262=,Tiffany,13
276=,Aisha,12
276=,Annabel,12
276=,Britney,12
276=,Carys,12
276=,Chanelle,12
276=,Dawn,12
276=,Honor,12
276=,Jane,12
276=,Josephine,12
276=,Kayley,12
276=,Kelsie,12
276=,Keri,12
276=,Madison,12
276=,Sally,12
276=,Tammy,12
276=,Tamzin,12
276=,Tayler,12
276=,Tyler,12
294=,Ami,11
294=,Andrea,11
294=,Angela,11
294=,Dana,11
294=,Faye,11
294=,Isabella,11
294=,Jacqueline,11
294=,Karla,11
294=,Kyra,11
294=,Laurie,11
294=,Maryam,11
294=,Rhianne,11
294=,Stella,11
307=,Chiara,10
307=,Cody,10
307=,Elisha,10
307=,Erica,10
307=,Helena,10
307=,Keavy,10
307=,Kerris,10
307=,Mairead,10
307=,Martha,10
307=,Nadine,10
307=,Nikita,10
307=,Poppy,10
307=,Rhea,10
307=,Tanya,10
321=,Alyx,9
321=,Annalise,9
321=,Anya,9
321=,Brodie,9
321=,Bronwyn,9
321=,Charlene,9
321=,Deborah,9
321=,Dione,9
321=,Drew,9
321=,Gabriella,9
321=,Georgie,9
321=,Jessie,9
321=,Leia,9
321=,Lyndsey,9
321=,Marianne,9
321=,Martine,9
321=,Philippa,9
321=,Rosemary,9
321=,Savannah,9
321=,Sofia,9
321=,Susan,9
321=,Terri,9
321=,Yvonne,9
321=,Zahra,9
321=,Zaynab,9
346=,Aine,8
346=,Alexandria,8
346=,Anne,8
346=,Cassie,8
346=,Colette,8
346=,Corrie,8
346=,Daniella,8
346=,Donna,8
346=,Eliza,8
346=,Eryn,8
346=,Harriet,8
346=,Ishbel,8
346=,Jaime,8
346=,Josie,8
346=,Justine,8
346=,Katlyn,8
346=,Lana,8
346=,Lesley,8
346=,Marnie,8
346=,Renee,8
346=,Rosa,8
346=,Sacha,8
346=,Scarlett,8
346=,Seonaid,8
346=,Teri,8
371=,Aleena,7
371=,Aleisha,7
371=,Allana,7
371=,Caitlan,7
371=,Charis,7
371=,Charli,7
371=,Chelsie,7
371=,Codie,7
371=,Danni,7
371=,Dannielle,7
371=,Darcy,7
371=,Devon,7
371=,Elena,7
371=,Erika,7
371=,Esme,7
371=,Esther,7
371=,Flora,7
371=,Isabel,7
371=,Isabelle,7
371=,Isobel,7
371=,Jamie-Leigh,7
371=,Joy,7
371=,Judith,7
371=,Karly,7
371=,Katharine,7
371=,Layla,7
371=,Leoni,7
371=,Levi,7
371=,Lia,7
371=,Lindsey,7
371=,Marisa,7
371=,Mirin,7
371=,Mya,7
371=,Neave,7
371=,Nicolle,7
371=,Pamela,7
371=,Penny,7
371=,Raegan,7
371=,Rebekka,7
371=,Rhiann,7
371=,Rona,7
371=,Selina,7
371=,Serena,7
371=,Shantelle,7
371=,Sydney,7
416=,Ailie,6
416=,Ana,6
416=,Annabelle,6
416=,Bridget,6
416=,Carolyn,6
416=,Catrina,6
416=,Ceri,6
416=,Charly,6
416=,Chelsey,6
416=,Cleo,6
416=,Cora,6
416=,Coral,6
416=,Cori,6
416=,Errin,6
416=,Estelle,6
416=,Faith,6
416=,Ingrid,6
416=,Jayde,6
416=,Jenni,6
416=,Jill,6
416=,Kali,6
416=,Kloe,6
416=,Leila,6
416=,Logan,6
416=,Loren,6
416=,Lucia,6
416=,Luisa,6
416=,Lyndsay,6
416=,Mackenzie,6
416=,Meg,6
416=,Rhian,6
416=,Shanice,6
416=,Shannen,6
416=,Shelley,6
416=,Shelly,6
416=,Stacy,6
416=,Summer,6
416=,Tiana,6
416=,Vaila,6
416=,Verity,6
456=,Adelle,5
456=,Aileen,5
456=,Aimie,5
456=,Allanah,5
456=,Allie,5
456=,Allison,5
456=,Ally,5
456=,Aminah,5
456=,Aoife,5
456=,Ayesha,5
456=,Brittany,5
456=,Bronagh,5
456=,Callie,5
456=,Candice,5
456=,Caragh,5
456=,Carlie,5
456=,Cassidy,5
456=,Chanel,5
456=,Dayna,5
456=,Demi-Leigh,5
456=,Demilee,5
456=,Elaine,5
456=,Emilia,5
456=,Emilie,5
456=,Felicity,5
456=,Florence,5
456=,Gina,5
456=,Hana,5
456=,Harley,5
456=,Holli,5
456=,Iman,5
456=,Jaimie,5
456=,Jamielee,5
456=,Johanna,5
456=,Juliette,5
456=,Kaela,5
456=,Kasey,5
456=,Katelynn,5
456=,Kaylee,5
456=,Kellie,5
456=,Kennedy,5
456=,Kia,5
456=,Kristen,5
456=,Kristin,5
456=,Lorena,5
456=,Maddison,5
456=,Madeline,5
456=,Maeve,5
456=,Mariah,5
456=,Mellissa,5
456=,Milly,5
456=,Miranda,5
456=,Reagan,5
456=,Roma,5
456=,Romy,5
456=,Ruadhan,5
456=,Sabrina,5
456=,Sam,5
456=,Sana,5
456=,Saoirse,5
456=,Sheryl,5
456=,Star,5
456=,Tabitha,5
456=,Talia,5
456=,Tami,5
456=,Tamsin,5
456=,Tori,5
456=,Vanessa,5
456=,Zenab,5
525=,Ainsley,4
525=,Alexis,4
525=,Alina,4
525=,Amina,4
525=,Amy-Louise,4
525=,Anastasia,4
525=,Aria,4
525=,Ariana,4
525=,Ayla,4
525=,Bobbie,4
525=,Broghan,4
525=,Bronwen,4
525=,Caitlynn,4
525=,Camryn,4
525=,Caris,4
525=,Ceilidh,4
525=,Celeste,4
525=,Chloe-Louise,4
525=,Christine,4
525=,Corinne,4
525=,Demi-Lee,4
525=,Edie,4
525=,Eirinn,4
525=,Elisabeth,4
525=,Ellise,4
525=,Elyse,4
525=,Elysia,4
525=,Evelyn,4
525=,Frances,4
525=,Hafsah,4
525=,Hayleigh,4
525=,Heidi,4
525=,Ilona,4
525=,Janet,4
525=,Jayne,4
525=,Jillian,4
525=,Jo,4
525=,Jocelyn,4
525=,Johan,4
525=,Jude,4
525=,Julianne,4
525=,Kasia,4
525=,Kay,4
525=,Keely,4
525=,Kelsi,4
525=,Kendall,4
525=,Kenzi,4
525=,Kenzie,4
525=,Keren,4
525=,Kristy,4
525=,Leigha,4
525=,Leonie,4
525=,Libby,4
525=,Lucille,4
525=,Macy,4
525=,Madelaine,4
525=,Mari,4
525=,Mariam,4
525=,Marissa,4
525=,Marley,4
525=,Matilda,4
525=,Maureen,4
525=,Maxine,4
525=,Monique,4
525=,Morag,4
525=,Morvyn,4
525=,Murrin,4
525=,Neha,4
525=,Nichola,4
525=,Niomi,4
525=,Nuala,4
525=,Paris,4
525=,Patricia,4
525=,Rebeka,4
525=,Rebekkah,4
525=,Rhia,4
525=,Ria,4
525=,Riona,4
525=,Roberta,4
525=,Rochelle,4
525=,Sadie,4
525=,Samira,4
525=,Sanaa,4
525=,Seana,4
525=,Sehar,4
525=,Shannan,4
525=,Sharleen,4
525=,Shonagh,4
525=,Sky,4
525=,Sofie,4
525=,Stevie,4
525=,Susannah,4
525=,Tammie,4
525=,Tania,4
525=,Taryn,4
525=,Teighan,4
525=,Tess,4
525=,Thalia,4
525=,Thea,4
525=,Tierney,4
525=,Toni-Lee,4
525=,Vikki,4
525=,Wallis,4
525=,Zainab,4
629=,Aaisha,3
629=,Abi,3
629=,Adrienne,3
629=,Aela,3
629=,Ailish,3
629=,Aislinn,3
629=,Alanah,3
629=,Alexa,3
629=,Alia,3
629=,Alisa,3
629=,Alyson,3
629=,Ameera,3
629=,Amiee,3
629=,Amna,3
629=,Aneesa,3
629=,Angie,3
629=,Anisah,3
629=,Ann,3
629=,Anna-Louise,3
629=,Annabella,3
629=,Arabella,3
629=,Arianna,3
629=,Arran,3
629=,Ashlea,3
629=,Ashton,3
629=,Ayisha,3
629=,Aysha,3
629=,Bailey,3
629=,Bernadette,3
629=,Blythe,3
629=,Bonnie,3
629=,Breagh,3
629=,Brenna,3
629=,Brianna,3
629=,Brionni,3
629=,Brooklynn,3
629=,Cailin,3
629=,Cait,3
629=,Caitrin,3
629=,Caley,3
629=,Calli,3
629=,Caoimhe,3
629=,Carina,3
629=,Carrie-Anne,3
629=,Catelyn,3
629=,Celine,3
629=,Chantel,3
629=,Chantell,3
629=,Cherie,3
629=,Cheryl,3
629=,Chevonne,3
629=,Cheyenne,3
629=,Ciera,3
629=,Cleodie,3
629=,Codi,3
629=,Collette,3
629=,Corey,3
629=,Courteney,3
629=,D'arcy,3
629=,Dani,3
629=,Daniela,3
629=,Danika,3
629=,Darcey,3
629=,Darcie,3
629=,Davina,3
629=,Deven,3
629=,Diane,3
629=,Eimear,3
629=,Elly,3
629=,Elsa,3
629=,Elyssa,3
629=,Emma-Louise,3
629=,Evan,3
629=,Farah,3
629=,Fay,3
629=,Finlay,3
629=,Freja,3
629=,Gayle,3
629=,Giorgia,3
629=,Hailey,3
629=,Haley,3
629=,Hannan,3
629=,Indiana,3
629=,Iqra,3
629=,Islay,3
629=,Jay,3
629=,Jazmin,3
629=,Jeannie,3
629=,Jennie,3
629=,Jess,3
629=,Jody,3
629=,Jolene,3
629=,Jordann,3
629=,Jorden,3
629=,Juliet,3
629=,Kacey,3
629=,Kai,3
629=,Karli,3
629=,Karlie,3
629=,Karyn,3
629=,Katie-Louise,3
629=,Katriona,3
629=,Kaya,3
629=,Kaylah,3
629=,Kaysha,3
629=,Keeley,3
629=,Khadijah,3
629=,Kharis,3
629=,Kiah,3
629=,Kirstyn,3
629=,Kodie,3
629=,Kristina,3
629=,Kyla,3
629=,Larissa,3
629=,Lea,3
629=,Lee,3
629=,Lena,3
629=,Lesley-Ann,3
629=,Lianne,3
629=,Lisa-Marie,3
629=,Lottie,3
629=,Lynne,3
629=,Lynsay,3
629=,Malaika,3
629=,Manisha,3
629=,Mara,3
629=,Marcia,3
629=,Marie,3
629=,Marina,3
629=,Marion,3
629=,Martina,3
629=,May,3
629=,Meagan,3
629=,Mhari,3
629=,Mica,3
629=,Michela,3
629=,Mikaela,3
629=,Mikayla,3
629=,Miriam,3
629=,Muirne,3
629=,Murran,3
629=,Natalia,3
629=,Nichole,3
629=,Nida,3
629=,Nieve,3
629=,Nikola,3
629=,Noor,3
629=,Nyree,3
629=,Orlagh,3
629=,Pauline,3
629=,Payton,3
629=,Phoenix,3
629=,Priya,3
629=,Rachelle,3
629=,Reanne,3
629=,Rhanna,3
629=,Rhiana,3
629=,Rio,3
629=,Roslyn,3
629=,Rowena,3
629=,Sammy-Jo,3
629=,Sanna,3
629=,Sarah-Jane,3
629=,Sarah-Jayne,3
629=,Sarah-Louise,3
629=,Sarahlouise,3
629=,Sharon,3
629=,Shaunna,3
629=,Sheree,3
629=,Sorcha,3
629=,Stacie,3
629=,Susanna,3
629=,Suzanna,3
629=,Tasha,3
629=,Tea,3
629=,Tessa,3
629=,Tracey,3
629=,Ursula,3
629=,Uzma,3
629=,Valentina,3
629=,Veronica,3
629=,Vivien,3
629=,Vivienne,3
629=,Wendy,3
629=,Yara,3
629=,Yazmin,3
629=,Zahrah,3
816=,Aaminah,2
816=,Abbeygail,2
816=,Adelaide,2
816=,Adina,2
816=,Afton,2
816=,Aiesha,2
816=,Ailee,2
816=,Ainsleigh,2
816=,Ainslie,2
816=,Alanis,2
816=,Alayna,2
816=,Alba,2
816=,Aleesha,2
816=,Alesha,2
816=,Alessandra,2
816=,Alexandrea,2
816=,Ali,2
816=,Alishia,2
816=,Aliya,2
816=,Allanna,2
816=,Alycia,2
816=,Alys,2
816=,Alysha,2
816=,Alyth,2
816=,Amani,2
816=,Amara,2
816=,Amaya,2
816=,Amera,2
816=,Ammie,2
816=,Andi,2
816=,Aneesah,2
816=,Ania,2
816=,Anita,2
816=,Annaliese,2
816=,Anne-Marie,2
816=,Annemarie,2
816=,Aqsa,2
816=,Ariane,2
816=,Arianne,2
816=,Arlene,2
816=,Arwen,2
816=,Asia,2
816=,Asiya,2
816=,Asmaa,2
816=,Aspen,2
816=,Astrid,2
816=,Atlanta,2
816=,Ayman,2
816=,Aymen,2
816=,Baillie,2
816=,Barbara,2
816=,Beatrice,2
816=,Becki,2
816=,Belinda,2
816=,Bethanie,2
816=,Bethinn,2
816=,Bethony,2
816=,Billie-Jo,2
816=,Blaine,2
816=,Bree,2
816=,Brid,2
816=,Briege,2
816=,Brioney,2
816=,Cally,2
816=,Carli,2
816=,Cassandra,2
816=,Cayla,2
816=,Cayleigh,2
816=,Cecilia,2
816=,Celina,2
816=,Chanice,2
816=,Charlee,2
816=,Chelsay,2
816=,Cherise,2
816=,Cherona,2
816=,Cherry,2
816=,Cheyanne,2
816=,Chole,2
816=,Christa,2
816=,Ciarra,2
816=,Clodagh,2
816=,Cloe,2
816=,Corin,2
816=,Corran,2
816=,Courtnay,2
816=,Courtney-Leigh,2
816=,Cree,2
816=,Daina,2
816=,Dana-Lee,2
816=,Dannii,2
816=,Danya,2
816=,Dara,2
816=,Darby,2
816=,Darian,2
816=,Deanna,2
816=,Debbie,2
816=,Dee,2
816=,Demi-Louise,2
816=,Demmi,2
816=,Deni,2
816=,Denise,2
816=,Denver,2
816=,Destiny,2
816=,Dion,2
816=,Dominique,2
816=,Donelle,2
816=,Eavan,2
816=,Eilis,2
816=,Eireann,2
816=,Elan,2
816=,Elinor,2
816=,Elissa,2
816=,Ellana,2
816=,Ellena,2
816=,Elli,2
816=,Ellice,2
816=,Elspeth,2
816=,Emily-Louise,2
816=,Erinn,2
816=,Erynn,2
816=,Ester,2
816=,Fallon,2
816=,Fatema,2
816=,Fatima,2
816=,Fatimah,2
816=,Fionnuala,2
816=,Fiza,2
816=,Fizah,2
816=,Gaia,2
816=,Gaynor,2
816=,Genna,2
816=,Geraldine,2
816=,Gracie,2
816=,Hadia,2
816=,Hailie,2
816=,Halima,2
816=,Harmony,2
816=,Harriett,2
816=,Haydn,2
816=,Hira,2
816=,Indigo,2
816=,Inga,2
816=,Isis,2
816=,Ivana,2
816=,Jaclyn,2
816=,Jaiden,2
816=,Janey,2
816=,Janine,2
816=,Jazmine,2
816=,Jean,2
816=,Jema,2
816=,Jemima,2
816=,Jemimah,2
816=,Jena,2
816=,Jenifer,2
816=,Joan,2
816=,Jodie-Leigh,2
816=,Joni,2
816=,Jordane,2
816=,Jordanna,2
816=,Jules,2
816=,Julie-Ann,2
816=,Kaila,2
816=,Kaileigh,2
816=,Kaitlynn,2
816=,Kajal,2
816=,Kalli,2
816=,Kari,2
816=,Karin,2
816=,Karine,2
816=,Kariss,2
816=,Karys,2
816=,Katelin,2
816=,Katie-Jane,2
816=,Katrin,2
816=,Kayleigh-Ann,2
816=,Kaylie,2
816=,Kaylin,2
816=,Kaytee,2
816=,Keava,2
816=,Kelsea,2
816=,Kendal,2
816=,Kendra,2
816=,Kenna,2
816=,Kerry-Anne,2
816=,Keryn,2
816=,Kerys,2
816=,Khadija,2
816=,Khiana,2
816=,Kierah,2
816=,Kiesha,2
816=,Kiran,2
816=,Kirsteen,2
816=,Kirsti,2
816=,Kloey,2
816=,Kobi,2
816=,Kodi,2
816=,Kody,2
816=,Krista,2
816=,Krystal,2
816=,Kylie,2
816=,Kyrah,2
816=,Lacey,2
816=,Laurel,2
816=,Lawrie,2
816=,Leena,2
816=,Liana,2
816=,Lilian,2
816=,Lillian,2
816=,Linda,2
816=,Linsay,2
816=,Linsey,2
816=,Lowri,2
816=,Luci,2
816=,Lynda,2
816=,Lynn,2
816=,Macaela,2
816=,Maja,2
816=,Maliha,2
816=,Malin,2
816=,Manon,2
816=,Marcella,2
816=,Maree,2
816=,Marije,2
816=,Marni,2
816=,Maura,2
816=,Meaghan,2
816=,Meggan,2
816=,Mehek,2
816=,Mehreen,2
816=,Meighan,2
816=,Mellisa,2
816=,Meredith,2
816=,Merryn,2
816=,Miah,2
816=,Micaela,2
816=,Michaella,2
816=,Micheala,2
816=,Millicent,2
816=,Mirran,2
816=,Mirrin,2
816=,Montana,2
816=,Morganne,2
816=,Morna,2
816=,Murren,2
816=,Naima,2
816=,Naiomi,2
816=,Nairne,2
816=,Nayha,2
816=,Neeve,2
816=,Nia,2
816=,Oakley,2
816=,Oriana,2
816=,Paisley,2
816=,Pandora,2
816=,Patrice,2
816=,Piper,2
816=,Pooja,2
816=,Priscilla,2
816=,Rae,2
816=,Ragan,2
816=,Rajwant,2
816=,Rayna,2
816=,Rayne,2
816=,Reah,2
816=,Rebecca-Louise,2
816=,Reece,2
816=,Reese,2
816=,Remy,2
816=,Reni,2
816=,Rheanna,2
816=,Rhianan,2
816=,Rhiannan,2
816=,Rhys,2
816=,Rianna,2
816=,Riley,2
816=,Robin,2
816=,Rosalind,2
816=,Rosalyn,2
816=,Rosanna,2
816=,Roslin,2
816=,Saba,2
816=,Sabine,2
816=,Safa,2
816=,Saira,2
816=,Salma,2
816=,Samia,2
816=,Sammi,2
816=,Sammiejo,2
816=,Sammy,2
816=,Samra,2
816=,Sandi,2
816=,Sandra,2
816=,Scarlet,2
816=,Shanise,2
816=,Shantell,2
816=,Sharee,2
816=,Shari,2
816=,Sharlene,2
816=,Shauni,2
816=,Sheldon,2
816=,Shellby,2
816=,Sherie,2
816=,Shivani,2
816=,Sidrah,2
816=,Simona,2
816=,Sommer,2
816=,Sonia,2
816=,Soraya,2
816=,Starr,2
816=,Stefanie,2
816=,Steffi,2
816=,Stephannie,2
816=,Stephenie,2
816=,Suzie,2
816=,Syeda,2
816=,Symone,2
816=,Tali,2
816=,Tammi,2
816=,Tamzyn,2
816=,Tatiana,2
816=,Tayla,2
816=,Taylor-Louise,2
816=,Teegan,2
816=,Tehreem,2
816=,Theresa,2
816=,Therese,2
816=,Tianna,2
816=,Tieghan,2
816=,Tilda,2
816=,Tilly,2
816=,Tina,2
816=,Tiree,2
816=,Tyla,2
816=,Tyra,2
816=,Velvet,2
816=,Vhairi,2
816=,Wai,2
816=,Whitney,2
816=,Wing,2
816=,Yasmeen,2
816=,Yasmine,2
816=,Yu,2
816=,Zarah,2
816=,Zaynah,2
816=,Zea,2
1162=,A-Jai,1
1162=,Aabirha,1
1162=,Aaliyah,1
1162=,Aamirah,1
1162=,Aarwyn,1
1162=,Aaryn,1
1162=,Aasiya,1
1162=,Abagael,1
1162=,Abaigael,1
1162=,Abaigeal,1
1162=,Abbe,1
1162=,Abbie-Jay,1
1162=,Abbie-Lynn,1
1162=,Abbiegail,1
1162=,Abbiegayle,1
1162=,Abbigail,1
1162=,Abbigayle,1
1162=,Abby-Lee,1
1162=,Abbye,1
1162=,Abbygail,1
1162=,Abida,1
1162=,Abie-Lee,1
1162=,Abigael,1
1162=,Abigayle,1
1162=,Ada,1
1162=,Adaira,1
1162=,Adam,1
1162=,Adanna,1
1162=,Adell,1
1162=,Aden,1
1162=,Aderyn,1
1162=,Adithi,1
1162=,Adriane,1
1162=,Adrianna,1
1162=,Aeonie,1
1162=,Affric,1
1162=,Afraa,1
1162=,Africa,1
1162=,Agatha,1
1162=,Agnes,1
1162=,Ahmeesuh,1
1162=,Aicha,1
1162=,Aiden,1
1162=,Aileas,1
1162=,Ailey,1
1162=,Ailidh,1
1162=,Ailiesh,1
1162=,Ailis,1
1162=,Aily,1
1162=,Aiman,1
1162=,Aime,1
1162=,Aimee-Dawn,1
1162=,Aimee-Leigh,1
1162=,Aimee-Louise,1
1162=,Aimy,1
1162=,Ainslae,1
1162=,Ainslay,1
1162=,Ainsleigh-Ann,1
1162=,Airlie,1
1162=,Aishah,1
1162=,Aisla,1
1162=,Aisleen,1
1162=,Aislin,1
1162=,Aisling,1
1162=,Aiyana,1
1162=,Ajha,1
1162=,Akysha,1
1162=,Alaina,1
1162=,Alaine,1
1162=,Alamira,1
1162=,Alannah-Kiera,1
1162=,Alannis,1
1162=,Alara,1
1162=,Alaya,1
1162=,Aleasha,1
1162=,Aleeha,1
1162=,Aleetzia,1
1162=,Aleinea,1
1162=,Aleksandra,1
1162=,Alena,1
1162=,Aleshia,1
1162=,Alexandrena,1
1162=,Alexandrina,1
1162=,Alexandrine,1
1162=,Alexee,1
1162=,Alexi,1
1162=,Alexia,1
1162=,Aleysha,1
1162=,Ali-Leigh,1
1162=,Aliamay,1
1162=,Alicea,1
1162=,Aliesha,1
1162=,Aline,1
1162=,Alise,1
1162=,Alixandra,1
1162=,Aliyah,1
1162=,Allaa,1
1162=,Allanis,1
1162=,Allannah,1
1162=,Allisa,1
1162=,Allisha,1
1162=,Allishia-Lee,1
1162=,Allisia,1
1162=,Allissa,1
1162=,Alliyah,1
1162=,Allulah,1
1162=,Allyssa,1
1162=,Almeera,1
1162=,Almia,1
1162=,Altina,1
1162=,Alwynne,1
1162=,Alyana,1
1162=,Alyshia,1
1162=,Alyssia,1
1162=,Amanda-Jean,1
1162=,Amanjit,1
1162=,Amardeep,1
1162=,Amber-Leigh,1
1162=,Amber-Louise,1
1162=,Ambertessa,1
1162=,Ambir,1
1162=,Ame,1
1162=,Amee,1
1162=,Ameenah,1
1162=,Ameerah,1
1162=,Amellia,1
1162=,Amerdeep,1
1162=,Ami-Jane,1
1162=,Ami-Leigh,1
1162=,Ami-Linn,1
1162=,Amieelee,1
1162=,Amijo,1
1162=,Amileigh,1
1162=,Amira,1
1162=,Amirah,1
1162=,Ammaarah,1
1162=,Amnish,1
1162=,Amraiza,1
1162=,Amrose,1
1162=,Amy-Lea,1
1162=,Amye,1
1162=,Amylee,1
1162=,Amyleigh,1
1162=,Ana-Sofia,1
1162=,Anah,1
1162=,Anais,1
1162=,Analise,1
1162=,Ananya,1
1162=,Andrena,1
1162=,Angelica,1
1162=,Angelina,1
1162=,Angelique,1
1162=,Angharad,1
1162=,Angyl,1
1162=,Aniesha,1
1162=,Anila,1
1162=,Anilea,1
1162=,Anique,1
1162=,Anisa,1
1162=,Anissa,1
1162=,Anisya,1
1162=,Aniya,1
1162=,Anja,1
1162=,Anjali,1
1162=,Anmol,1
1162=,Anna-Marie,1
1162=,Annah,1
1162=,Annaya,1
1162=,Anne-Louise,1
1162=,Anneta,1
1162=,Annette,1
1162=,Annia,1
1162=,Annie-Leigh,1
1162=,Annika,1
1162=,Annisha,1
1162=,Annsia,1
1162=,Annya,1
1162=,Anouk,1
1162=,Anouschka,1
1162=,Anoushay,1
1162=,Ansa,1
1162=,Antarah,1
1162=,Anthonia,1
1162=,Anushka,1
1162=,Anwen,1
1162=,Aqdus,1
1162=,Aradhana,1
1162=,Araiba,1
1162=,Arden,1
1162=,Ardyn,1
1162=,Areesha,1
1162=,Arezoo,1
1162=,Argylle,1
1162=,Ariah,1
1162=,Arieanne,1
1162=,Arissa,1
1162=,Arlana,1
1162=,Arleana,1
1162=,Armaan,1
1162=,Arocha,1
1162=,Arriann,1
1162=,Arshay-Munir,1
1162=,Arwa,1
1162=,Arynn,1
1162=,Asha,1
1162=,Ashah,1
1162=,Ashika,1
1162=,Ashleene,1
1162=,Ashlie,1
1162=,Ashling,1
1162=,Asra,1
1162=,Aston,1
1162=,Atiya,1
1162=,Atta,1
1162=,Audra,1
1162=,Audrey,1
1162=,Aupaulena,1
1162=,Auran,1
1162=,Aurora,1
1162=,Aurrisha,1
1162=,Autumn,1
1162=,Ave,1
1162=,Avril,1
1162=,Ayah,1
1162=,Ayaisha,1
1162=,Ayanda,1
1162=,Ayeesha,1
1162=,Ayh,1
1162=,Ayleigh,1
1162=,Ayley,1
1162=,Aylie,1
1162=,Aynsley,1
1162=,Ayse,1
1162=,Ayshah,1
1162=,Ayshia,1
1162=,Azlan,1
1162=,Azma,1
1162=,Azra,1
1162=,Bailea,1
1162=,Bailee,1
1162=,Baili,1
1162=,Baraka,1
1162=,Barbara-Anne,1
1162=,Baylee,1
1162=,Bayleigh,1
1162=,Bayley,1
1162=,Baylie,1
1162=,Beathag,1
1162=,Beatrix,1
1162=,Beckie,1
1162=,Behnaz,1
1162=,Bekki,1
1162=,Bella,1
1162=,Beth-Anne,1
1162=,Bethani,1
1162=,Bethany-Rose,1
1162=,Betheny,1
1162=,Bethin,1
1162=,Beverly,1
1162=,Bianca,1
1162=,Bilge,1
1162=,Billi-Jo,1
1162=,Billie-Jean,1
1162=,Billiejo,1
1162=,Bismah,1
1162=,Blain,1
1162=,Blair,1
1162=,Blayr,1
1162=,Blinera,1
1162=,Bobbie-Leigh,1
1162=,Bonita,1
1162=,Bonny,1
1162=,Bonte,1
1162=,Boshra,1
1162=,Breagha,1
1162=,Breah,1
1162=,Breanna,1
1162=,Bree-Ana,1
1162=,Brianne,1
1162=,Brier,1
1162=,Brige,1
1162=,Brigetta,1
1162=,Brigid,1
1162=,Briona,1
1162=,Brione,1
1162=,Britney-Louise,1
1162=,Brittainy,1
1162=,Brittney,1
1162=,Brody,1
1162=,Brogen,1
1162=,Brogyn,1
1162=,Bronte,1
1162=,Brooke-Anne,1
1162=,Brooklin,1
1162=,Bryanay,1
1162=,Bryanie,1
1162=,Bryanne,1
1162=,Bryonay,1
1162=,Bryonnai,1
1162=,Bushra,1
1162=,Caelin,1
1162=,Caera,1
1162=,Cailan,1
1162=,Cailey,1
1162=,Caira,1
1162=,Cairistiona,1
1162=,Cairragh,1
1162=,Caitalin,1
1162=,Caitland,1
1162=,Caitlen,1
1162=,Caleia,1
1162=,Cali,1
1162=,Calina,1
1162=,Callai,1
1162=,Callan,1
1162=,Callin,1
1162=,Camila,1
1162=,Candide,1
1162=,Candiece,1
1162=,Canna,1
1162=,Canyel,1
1162=,Caprice,1
1162=,Cara-Ann,1
1162=,Cara-Louise,1
1162=,Cara-Rose,1
1162=,Caralyn,1
1162=,Careen,1
1162=,Carenza,1
1162=,Caressa,1
1162=,Carey,1
1162=,Carhie,1
1162=,Carie,1
1162=,Carissa,1
1162=,Carleen,1
1162=,Carlin,1
1162=,Carly-Jan,1
1162=,Carly-Jaye,1
1162=,Carly-Rebecca,1
1162=,Carneh,1
1162=,Carol,1
1162=,Carol-Anne,1
1162=,Caron,1
1162=,Carra,1
1162=,Carragh,1
1162=,Carri-Lee,1
1162=,Carrie-Ann,1
1162=,Carris,1
1162=,Caryn,1
1162=,Casey-Lee,1
1162=,Casie,1
1162=,Cassey,1
1162=,Cassi,1
1162=,Cassia,1
1162=,Catherine-May,1
1162=,Catrena,1
1162=,Catriana,1
1162=,Catya,1
1162=,Caureen,1
1162=,Cayleen,1
1162=,Cayley,1
1162=,Caylin,1
1162=,Ceara,1
1162=,Cecily,1
1162=,Ceinwen,1
1162=,Ceinwyn,1
1162=,Ceitidh,1
1162=,Ceivagh,1
1162=,Centine,1
1162=,Ceridwen,1
1162=,Cerran,1
1162=,Ceryes,1
1162=,Ceryn,1
1162=,Ch'aska,1
1162=,Chaince,1
1162=,Chais,1
1162=,Chanaed,1
1162=,Chandanpreet,1
1162=,Chandelle,1
1162=,Chandice,1
1162=,Channa,1
1162=,Chantal,1
1162=,Chantana,1
1162=,Charelle,1
1162=,Charissa,1
1162=,Charisse,1
1162=,Charity,1
1162=,Charle,1
1162=,Charlee-Ann,1
1162=,Charleen,1
1162=,Charleigh,1
1162=,Charley-Marie,1
1162=,Charlie-Anne,1
1162=,Charmaine,1
1162=,Charris,1
1162=,Che,1
1162=,Cheara-Lee,1
1162=,Chelby,1
1162=,Chelci,1
1162=,Chelsea-Lee,1
1162=,Chelsea-Louise,1
1162=,Chelsea-Sue,1
1162=,Chelsee,1
1162=,Chelsy,1
1162=,Chenice,1
1162=,Chenise,1
1162=,Cherita,1
1162=,Cherith,1
1162=,Cherrie,1
1162=,Cheryle,1
1162=,Cheuk,1
1162=,Chevanha,1
1162=,Cheyann,1
1162=,Cheynelle,1
1162=,Chi,1
1162=,Chi-Kay,1
1162=,Chilene,1
1162=,Chirstin,1
1162=,Chivon,1
1162=,Chloe-Adele,1
1162=,Chloe-Alana,1
1162=,Chloe-Ann,1
1162=,Chloe-Anne,1
1162=,Chloelouise,1
1162=,Chrissie,1
1162=,Christabel,1
1162=,Christen,1
1162=,Christi,1
1162=,Christiana,1
1162=,Christianna,1
1162=,Christianne,1
1162=,Chrystal,1
1162=,Chrystie,1
1162=,Cian,1
1162=,Ciaran,1
1162=,Ciardha,1
1162=,Ciarrys,1
1162=,Ciorstan,1
1162=,Claira,1
1162=,Claragh,1
1162=,Clarisha,1
1162=,Clarissa,1
1162=,Clark,1
1162=,Clementine,1
1162=,Clio,1
1162=,Cliodhna,1
1162=,Cliona,1
1162=,Cloey,1
1162=,Clova,1
1162=,Cody-Anne,1
1162=,Colby,1
1162=,Colleena,1
1162=,Concetta,1
1162=,Coral-Lee,1
1162=,Corrine,1
1162=,Corrinne,1
1162=,Courtenay,1
1162=,Courtney-Lee,1
1162=,Courtny,1
1162=,Crea,1
1162=,Criostai,1
1162=,Crystal,1
1162=,Daena,1
1162=,Dalia,1
1162=,Dallia,1
1162=,Danae,1
1162=,Danann,1
1162=,Dania,1
1162=,Danica,1
1162=,Danii,1
1162=,Danila,1
1162=,Daniyah,1
1162=,Danni-Jo,1
1162=,Daphne,1
1162=,Daragh,1
1162=,Darbi,1
1162=,Darci,1
1162=,Darcie-Anne,1
1162=,Dariane,1
1162=,Darryl,1
1162=,Darsi,1
1162=,Darya,1
1162=,Daryll,1
1162=,Daveena,1
1162=,Dayana,1
1162=,Dayle,1
1162=,Dayna-Levi,1
1162=,Deann,1
1162=,Dearbhla,1
1162=,Dearbhle,1
1162=,Debi,1
1162=,Deeann,1
1162=,Deelan,1
1162=,Deena,1
1162=,Deevina,1
1162=,Della,1
1162=,Demi-Jade,1
1162=,Demi-Marie,1
1162=,Demileigh,1
1162=,Demille,1
1162=,Demmi-Leigh,1
1162=,Demmie,1
1162=,Dena,1
1162=,Denai,1
1162=,Denim,1
1162=,Denni,1
1162=,Denvyr,1
1162=,Deon,1
1162=,Deri,1
1162=,Derian,1
1162=,Derya,1
1162=,Destiney,1
1162=,Devin,1
1162=,Devlin,1
1162=,Devyn,1
1162=,Dharcey,1
1162=,Dharma,1
1162=,Dielle,1
1162=,Dina,1
1162=,Dinaas,1
1162=,Dioni,1
1162=,Dionne-Marie,1
1162=,Dolly,1
1162=,Domenica,1
1162=,Domino,1
1162=,Donna-Maria,1
1162=,Donny-Leigh,1
1162=,Dora,1
1162=,Dzenana,1
1162=,Dzi,1
1162=,Eamonna,1
1162=,Earyn,1
1162=,Eboni,1
1162=,Ebonye,1
1162=,Eda,1
1162=,Edele,1
1162=,Edelle,1
1162=,Edi,1
1162=,Edith,1
1162=,Edna,1
1162=,Eidann,1
1162=,Eile,1
1162=,Eilean,1
1162=,Eileen,1
1162=,Eilidh-Jane,1
1162=,Eilish,1
1162=,Eillidh,1
1162=,Eirrin,1
1162=,Eithne,1
1162=,Ela,1
1162=,Elana,1
1162=,Elea,1
1162=,Eleni,1
1162=,Elese,1
1162=,Eleyne,1
1162=,Eli,1
1162=,Elia,1
1162=,Eliana,1
1162=,Elice,1
1162=,Elicia,1
1162=,Elieasha,1
1162=,Elin,1
1162=,Elis,1
1162=,Elisa,1
1162=,Elisse,1
1162=,Elithia,1
1162=,Elizabeth-Jade,1
1162=,Ell'e,1
1162=,Elle-Marie,1
1162=,Elle-Rowan,1
1162=,Elleshia,1
1162=,Ellessia,1
1162=,Elley,1
1162=,Elli-Dion,1
1162=,Ellia,1
1162=,Ellie-Rose,1
1162=,Ellis-James,1
1162=,Ellisha,1
1162=,Elly-Jean,1
1162=,Ellyn,1
1162=,Ellysa,1
1162=,Ellyse,1
1162=,Elodie,1
1162=,Elouise,1
1162=,Elsie,1
1162=,Elyna,1
1162=,Emaan,1
1162=,Eman,1
1162=,Emelie,1
1162=,Emem,1
1162=,Emiley,1
1162=,Emili,1
1162=,Emillie,1
1162=,Emira,1
1162=,Emma-Jo,1
1162=,Emma-Lea,1
1162=,Emma-Marie,1
1162=,Emmajai,1
1162=,Emmaline,1
1162=,Emmie,1
1162=,Emmy,1
1162=,Enid,1
1162=,Enioluwabukun,1
1162=,Enna,1
1162=,Erin-Louise,1
1162=,Erinne,1
1162=,Esma,1
1162=,Esmeralda,1
1162=,Esraa,1
1162=,Etta,1
1162=,Euphamia,1
1162=,Eva-Rae,1
1162=,Eva-Roseann,1
1162=,Evangelene,1
1162=,Evangeline,1
1162=,Evonne,1
1162=,Ezra,1
1162=,Fabiana,1
1162=,Faiza,1
1162=,Faizah,1
1162=,Fallan,1
1162=,Farish,1
1162=,Farreh,1
1162=,Farzaneh,1
1162=,Fatma,1
1162=,Fenella,1
1162=,Fenja,1
1162=,Fenna,1
1162=,Findlay,1
1162=,Finlae,1
1162=,Finley,1
1162=,Fiona-Anne,1
1162=,Fionn,1
1162=,Flavia,1
1162=,Fleur,1
1162=,Flori,1
1162=,Flurina,1
1162=,Franca,1
1162=,Freda,1
1162=,Frederica,1
1162=,Frieda,1
1162=,Ga,1
1162=,Gaby,1
1162=,Gael,1
1162=,Gail,1
1162=,Gale,1
1162=,Gamze,1
1162=,Gena,1
1162=,Gentiana,1
1162=,Georg'a,1
1162=,Georgah-Lily,1
1162=,Georganne,1
1162=,Georgia-Skye,1
1162=,Georgiana,1
1162=,Georja,1
1162=,Gianna,1
1162=,Gill,1
1162=,Ginny,1
1162=,Giordana,1
1162=,Giorgia-Marie,1
1162=,Gisele,1
1162=,Giulia,1
1162=,Gledisa,1
1162=,Gorstaidh,1
1162=,Graciela,1
1162=,Grady,1
1162=,Gudrun,1
1162=,Gurjeen,1
1162=,Gurkiran,1
1162=,Gwen,1
1162=,Haarisa,1
1162=,Hafsa,1
1162=,Haiqa,1
1162=,Hajirah,1
1162=,Hajrah,1
1162=,Haleema,1
1162=,Haleigh,1
1162=,Halliday,1
1162=,Hamayl,1
1162=,Haneen,1
1162=,Hanna,1
1162=,Hannah-Lesley,1
1162=,Harjit,1
1162=,Harkirin,1
1162=,Harli,1
1162=,Harlie,1
1162=,Hatun,1
1162=,Hau,1
1162=,Hayley-Ann,1
1162=,Hazel-Ann,1
1162=,Heba,1
1162=,Hebe,1
1162=,Heeyung,1
1162=,Hei,1
1162=,Helaina,1
1162=,Henrietta,1
1162=,Henriette,1
1162=,Hermione,1
1162=,Hiba,1
1162=,Hilary,1
1162=,Hina,1
1162=,Holden,1
1162=,Honey,1
1162=,Hooda,1
1162=,Hoor,1
1162=,Hosnieyeh,1
1162=,Huda,1
1162=,Hufza,1
1162=,Humaira,1
1162=,Humairaa,1
1162=,Humayra,1
1162=,Huong,1
1162=,Husnaa,1
1162=,Ianna,1
1162=,Iesha,1
1162=,Ignacia,1
1162=,Ilaria,1
1162=,Ilse,1
1162=,Ilze,1
1162=,Imen,1
1162=,Imogine,1
1162=,Inaya,1
1162=,Inayah,1
1162=,India-Ray,1
1162=,Indie,1
1162=,Indy,1
1162=,Indya,1
1162=,Inger,1
1162=,Ione,1
1162=,Iqraa,1
1162=,Iqrah,1
1162=,Ireland,1
1162=,Irena,1
1162=,Irene,1
1162=,Irma,1
1162=,Isabell,1
1162=,Isarah,1
1162=,Ishana,1
1162=,Isobelle,1
1162=,Israa,1
1162=,Ivanna,1
1162=,Jacquelin,1
1162=,Jacqui,1
1162=,Jada,1
1162=,Jadah,1
1162=,Jaden,1
1162=,Jadyn,1
1162=,Jaedyn,1
1162=,Jagdeep,1
1162=,Jaime-Lee,1
1162=,Jaime-Leigh,1
1162=,Jaimee,1
1162=,Jaimey,1
1162=,Jaimie-Lee,1
1162=,Jamey,1
1162=,Jamila,1
1162=,Jan,1
1162=,Jana,1
1162=,Janette,1
1162=,Jang,1
1162=,Janie,1
1162=,Jannat,1
1162=,Jaqueline,1
1162=,Jardin,1
1162=,Jardine,1
1162=,Jasdeep,1
1162=,Jasmeen,1
1162=,Jasna,1
1162=,Jaspreet,1
1162=,Javayria,1
1162=,Jaya,1
1162=,Jayce,1
1162=,Jaydene,1
1162=,Jaye,1
1162=,Jayme,1
1162=,Jaymee,1
1162=,Jaymie-Lee,1
1162=,Jaymie-Leigh,1
1162=,Jaynie,1
1162=,Jeanna,1
1162=,Jelena,1
1162=,Jeni,1
1162=,Jenim,1
1162=,Jennafer,1
1162=,Jerrica,1
1162=,Jesse,1
1162=,Jette,1
1162=,Jgordenna,1
1162=,Jo-Anne,1
1162=,Jo-Elle,1
1162=,Jode,1
1162=,Jodi-Ann,1
1162=,Jodi-Lee,1
1162=,Joelle,1
1162=,Joely,1
1162=,Joey,1
1162=,Joi,1
1162=,Joie,1
1162=,Jojo,1
1162=,Jonael,1
1162=,Jordaine-Marie,1
1162=,Jordana,1
1162=,Jordyn-Lee,1
1162=,Jordyne,1
1162=,Jorgi,1
1162=,Jorja,1
1162=,Joscelyn,1
1162=,Joycelyn,1
1162=,Judy,1
1162=,Juhi,1
1162=,Julianna,1
1162=,Julieann,1
1162=,Julieanne,1
1162=,Julyanna,1
1162=,Juno,1
1162=,Jura,1
1162=,Juwariah,1
1162=,Jyorden,1
1162=,Jyoti,1
1162=,K-Ci,1
1162=,Kaci-Marie,1
1162=,Kacie,1
1162=,Kacy,1
1162=,Kadhija,1
1162=,Kadie,1
1162=,Kadriye,1
1162=,Kaelee,1
1162=,Kaelynn,1
1162=,Kailah,1
1162=,Kailen,1
1162=,Kailley,1
1162=,Kaira,1
1162=,Kaitland,1
1162=,Kaitlen,1
1162=,Kaitlind,1
1162=,Kaitlyne,1
1162=,Kalai,1
1162=,Kalena,1
1162=,Kalie,1
1162=,Kalila,1
1162=,Kalinn,1
1162=,Kallae,1
1162=,Kallie,1
1162=,Kalyn,1
1162=,Kami,1
1162=,Kamryn,1
1162=,Kara-Lee,1
1162=,Karah,1
1162=,Karaleigh,1
1162=,Kareen,1
1162=,Kari-Marie,1
1162=,Karina,1
1162=,Karissa,1
1162=,Karisse,1
1162=,Karley,1
1162=,Karlyn,1
1162=,Karma,1
1162=,Karra,1
1162=,Karrigan,1
1162=,Kasha,1
1162=,Kashell,1
1162=,Kasidy,1
1162=,Katana,1
1162=,Katarina,1
1162=,Katarine,1
1162=,Kate-Lynn,1
1162=,Kate-Lynne,1
1162=,Katelinn,1
1162=,Katelynne,1
1162=,Katerina,1
1162=,Katey,1
1162=,Katherin,1
1162=,Katia,1
1162=,Katie-Leigh,1
1162=,Katie-Macdonald,1
1162=,Katja,1
1162=,Katlin,1
1162=,Katlyne,1
1162=,Katrena,1
1162=,Katrine,1
1162=,Katyana,1
1162=,Kavita,1
1162=,Kawthar,1
1162=,Kayane,1
1162=,Kayci,1
1162=,Kayleen,1
1162=,Kayli,1
1162=,Kayliegh,1
1162=,Kayreen,1
1162=,Kayren,1
1162=,Kaysey,1
1162=,Kaytlin,1
1162=,Kaytlyn,1
1162=,Kazya,1
1162=,Kealey,1
1162=,Kealyne,1
1162=,Keana,1
1162=,Keanna,1
1162=,Keara,1
1162=,Kearalee,1
1162=,Keavi,1
1162=,Keavie,1
1162=,Keaysha,1
1162=,Keelin,1
1162=,Keera,1
1162=,Keighleigh,1
1162=,Keighley,1
1162=,Keillor,1
1162=,Keirin,1
1162=,Keisha,1
1162=,Keivie,1
1162=,Kelda,1
1162=,Keli,1
1162=,Kelis,1
1162=,Kelli,1
1162=,Kellie-Ann,1
1162=,Kellis,1
1162=,Kellsie,1
1162=,Kelly-Anne,1
1162=,Kelsay,1
1162=,Kelso,1
1162=,Kelty,1
1162=,Kendyl,1
1162=,Kenedy,1
1162=,Kenlyn,1
1162=,Kennidy,1
1162=,Kenze,1
1162=,Keona,1
1162=,Kerin,1
1162=,Keris,1
1162=,Kerlyn,1
1162=,Kern,1
1162=,Kerri-Ann,1
1162=,Kerri-Lee,1
1162=,Kerrie-Jayne,1
1162=,Kerrin,1
1162=,Kerry-Ann,1
1162=,Kerryanne,1
1162=,Kerstin,1
1162=,Keyannah,1
1162=,Keyra,1
1162=,Kezia,1
1162=,Keziah,1
1162=,Khadeeja,1
1162=,Khalisah,1
1162=,Khansa,1
1162=,Khawlah,1
1162=,Khloe,1
1162=,Khumar,1
1162=,Khyra-Lee,1
1162=,Kiala,1
1162=,Kiana,1
1162=,Kianah,1
1162=,Kiani,1
1162=,Kianna,1
1162=,Kiaya,1
1162=,Kieara,1
1162=,Kiela,1
1162=,Kiera-Lee,1
1162=,Kieria,1
1162=,Kierney,1
1162=,Kilda,1
1162=,Kineta,1
1162=,Kinza,1
1162=,Kirandeep,1
1162=,Kirenvir,1
1162=,Kirha,1
1162=,Kiri,1
1162=,Kirit,1
1162=,Kirsty-Ann,1
1162=,Kirsty-Anna,1
1162=,Kirsty-Jane,1
1162=,Kismet,1
1162=,Kitana,1
1162=,Kitty,1
1162=,Kiya,1
1162=,Kiyra,1
1162=,Klare,1
1162=,Klarissa,1
1162=,Kokila,1
1162=,Komill,1
1162=,Kori-Lee,1
1162=,Kosovare,1
1162=,Kourtney,1
1162=,Kristal,1
1162=,Kristi,1
1162=,Kristi-Marie,1
1162=,Kristian,1
1162=,Kristie,1
1162=,Kritsian,1
1162=,Kyiesha,1
1162=,Kymberleigh,1
1162=,Kyna,1
1162=,Laaiba,1
1162=,Laetitia,1
1162=,Lai,1
1162=,Laila,1
1162=,Laina,1
1162=,Laiqah,1
1162=,Lakhveer,1
1162=,Lamisah,1
1162=,Lana-Louisa,1
1162=,Lani,1
1162=,Lania,1
1162=,Laoise,1
1162=,Lara-Ann,1
1162=,Lareab,1
1162=,Lareb,1
1162=,Laroz,1
1162=,Latasha,1
1162=,Laticia,1
1162=,Latitia,1
1162=,Latona,1
1162=,Latoyha,1
1162=,Lauchlin,1
1162=,Laura-Beth,1
1162=,Lauran,1
1162=,Laureline,1
1162=,Lauren-Ann,1
1162=,Lauren-Anne,1
1162=,Lauren-Leigh,1
1162=,Lauren-Marie,1
1162=,Lauressa,1
1162=,Laurie-Ann,1
1162=,Laurrie,1
1162=,Laurynn,1
1162=,Lauyrn,1
1162=,Lavinia,1
1162=,Lawren,1
1162=,Lawrian,1
1162=,Layah,1
1162=,Layanna,1
1162=,Laykin,1
1162=,Lea-Anne,1
1162=,Leacsaidh,1
1162=,Leagh,1
1162=,Leah-Hannah,1
1162=,Leah-May,1
1162=,Leahr,1
1162=,Leanna,1
1162=,Leavi,1
1162=,Lee-Ann,1
1162=,Leea,1
1162=,Leeann,1
1162=,Leeanne,1
1162=,Leelah,1
1162=,Leesa,1
1162=,Leia-Christine,1
1162=,Leigh-Ann,1
1162=,Leigh-Anne,1
1162=,Leighann,1
1162=,Leighanna,1
1162=,Leighanne,1
1162=,Leighlanna,1
1162=,Leighona,1
1162=,Leiha,1
1162=,Leire,1
1162=,Leisa,1
1162=,Leisha,1
1162=,Lene,1
1162=,Lennon,1
1162=,Lennox,1
1162=,Leone,1
1162=,Leonni,1
1162=,Lesley-Anne,1
1162=,Lewise,1
1162=,Lexi,1
1162=,Leyah,1
1162=,Leyla,1
1162=,Leyvi-Elizabeth,1
1162=,Liah,1
1162=,Libbie,1
1162=,Liberty,1
1162=,Liegh-Anne,1
1162=,Liesl,1
1162=,Lila,1
1162=,Lilidh,1
1162=,Lillianna,1
1162=,Lilly,1
1162=,Lily-Anna,1
1162=,Lily-Hannah,1
1162=,Lindi,1
1162=,Lindiwe,1
1162=,Linzie,1
1162=,Lisa-Leigh,1
1162=,Lisamarie,1
1162=,Lissa,1
1162=,Liusaidh,1
1162=,Livia,1
1162=,Liya,1
1162=,Liza,1
1162=,Lizzy,1
1162=,Lok,1
1162=,Loni,1
1162=,Loran,1
1162=,Lorenza,1
1162=,Lori-Anne,1
1162=,Lori-Beth,1
1162=,Lorin,1
1162=,Lorn,1
1162=,Lorna-May,1
1162=,Lorraine,1
1162=,Lorri-Lee,1
1162=,Loryn,1
1162=,Louize,1
1162=,Lourdes,1
1162=,Lowrie,1
1162=,Luca,1
1162=,Luce,1
1162=,Luciana,1
1162=,Lucilla,1
1162=,Lucinda,1
1162=,Luckveer,1
1162=,Luka,1
1162=,Lusia,1
1162=,Lylah,1
1162=,Lyn,1
1162=,Lyndsie,1
1162=,Lynette,1
1162=,Lynley,1
1162=,Lynza,1
1162=,Lynzie,1
1162=,Lyselle,1
1162=,Maah,1
1162=,Maame,1
1162=,Maaria,1
1162=,Maariya,1
1162=,Maariyah,1
1162=,Mab,1
1162=,Mabel,1
1162=,Macenzie,1
1162=,Machaela,1
1162=,Machella,1
1162=,Macsen,1
1162=,Madalaine,1
1162=,Madaline,1
1162=,Madihah,1
1162=,Mae,1
1162=,Maegan,1
1162=,Maeghan,1
1162=,Mafalda,1
1162=,Mahnoor,1
1162=,Mahya,1
1162=,Mahzabeen,1
1162=,Maiann,1
1162=,Maigan,1
1162=,Maili,1
1162=,Maimoonah,1
1162=,Maimuona,1
1162=,Maire,1
1162=,Mairearad,1
1162=,Mairhead,1
1162=,Maisha,1
1162=,Makensie,1
1162=,Makenzi,1
1162=,Malak,1
1162=,Maleehah,1
1162=,Maleyha,1
1162=,Mallika,1
1162=,Malyika,1
1162=,Man-Yee,1
1162=,Manami,1
1162=,Mandy,1
1162=,Maneesa,1
1162=,Mannie,1
1162=,Manor,1
1162=,Marci,1
1162=,Mardi,1
1162=,Marea,1
1162=,Maren,1
1162=,Mareth,1
1162=,Margaret-Ann,1
1162=,Margery,1
1162=,Mari-Ann,1
1162=,Marian,1
1162=,Maricel,1
1162=,Mariella,1
1162=,Marihah,1
1162=,Marilla,1
1162=,Marine,1
1162=,Maris,1
1162=,Marisa-Jane,1
1162=,Mariya,1
1162=,Marlee,1
1162=,Marleigh,1
1162=,Marlena,1
1162=,Marley-May,1
1162=,Marly,1
1162=,Marneigh,1
1162=,Marny,1
1162=,Marsaili,1
1162=,Marshall,1
1162=,Marta,1
1162=,Mary-Ann,1
1162=,Mary-Anne,1
1162=,Mary-Claire,1
1162=,Mary-Jane,1
1162=,Mary-Jo,1
1162=,Maryka,1
1162=,Masionne,1
1162=,Mathangi,1
1162=,Mathilda,1
1162=,Mathilde,1
1162=,Maude,1
1162=,Maurin,1
1162=,Maymunah,1
1162=,Mayra,1
1162=,Mckensie,1
1162=,Mckinley,1
1162=,Meeah,1
1162=,Meesha,1
1162=,Megahn,1
1162=,Megan-Jo,1
1162=,Megan-Louise,1
1162=,Megan-Marie,1
1162=,Megan-Nicole,1
1162=,Megann,1
1162=,Megen,1
1162=,Meghan-Taylor,1
1162=,Meghann,1
1162=,Mehak,1
1162=,Mehnaz,1
1162=,Mehrren,1
1162=,Melanni,1
1162=,Melannie,1
1162=,Melina,1
1162=,Melisa,1
1162=,Melodi,1
1162=,Melody,1
1162=,Mena,1
1162=,Mercedes,1
1162=,Merel,1
1162=,Meriel,1
1162=,Merissa,1
1162=,Merle,1
1162=,Merran,1
1162=,Merrin,1
1162=,Merrissa,1
1162=,Metha,1
1162=,Mhairi-Louise,1
1162=,Mheta,1
1162=,Mhiran,1
1162=,Mhorren,1
1162=,Mhurrin,1
1162=,Mia-Rose,1
1162=,Miar,1
1162=,Micha,1
1162=,Michele,1
1162=,Mickela,1
1162=,Miena,1
1162=,Mikelle,1
1162=,Mila,1
1162=,Milan,1
1162=,Milinda,1
1162=,Milissa,1
1162=,Milli,1
1162=,Mimi,1
1162=,Miren,1
1162=,Mirhan,1
1162=,Miri,1
1162=,Mirne,1
1162=,Mirryn,1
1162=,Misbah,1
1162=,Mischa,1
1162=,Mitch,1
1162=,Mitchell,1
1162=,Mleeha,1
1162=,Mo,1
1162=,Moesha,1
1162=,Moheen,1
1162=,Moira,1
1162=,Moire,1
1162=,Molly-May,1
1162=,Mona,1
1162=,Monera,1
1162=,Monisah,1
1162=,Morgan-Lea,1
1162=,Morgan-Louise,1
1162=,Morgane,1
1162=,Morgen,1
1162=,Morghan,1
1162=,Morgian,1
1162=,Morgin,1
1162=,Morgyn,1
1162=,Morran,1
1162=,Morvern,1
1162=,Muireann,1
1162=,Mukadass,1
1162=,Mullen,1
1162=,Muqudas,1
1162=,Muquddas,1
1162=,Muram,1
1162=,Muriam,1
1162=,Muskaan,1
1162=,Muskan,1
1162=,Myaha,1
1162=,Myia,1
1162=,Myren,1
1162=,Myrren,1
1162=,Myrryn,1
1162=,Mysti,1
1162=,Nabihah,1
1162=,Nabila,1
1162=,Nada,1
1162=,Nadelle,1
1162=,Nadja,1
1162=,Naeve,1
1162=,Nafeesa,1
1162=,Nahima,1
1162=,Naidine,1
1162=,Naiha,1
1162=,Nailah,1
1162=,Naina,1
1162=,Naipi,1
1162=,Nancy,1
1162=,Naona,1
1162=,Nareen,1
1162=,Narges,1
1162=,Nargis,1
1162=,Narisce,1
1162=,Nasima,1
1162=,Natalya,1
1162=,Natasha-Louise,1
1162=,Nathalie,1
1162=,Naveena,1
1162=,Nayaab,1
1162=,Nazneen,1
1162=,Necole,1
1162=,Nedar,1
1162=,Neelam,1
1162=,Neelum,1
1162=,Neev,1
1162=,Neive,1
1162=,Nell,1
1162=,Neola,1
1162=,Neovi,1
1162=,Nevada,1
1162=,Niamhellen,1
1162=,Nibah,1
1162=,Niccole,1
1162=,Nichelle,1
1162=,Nicki,1
1162=,Nidine,1
1162=,Nika,1
1162=,Nikaela,1
1162=,Nikea,1
1162=,Niketa,1
1162=,Niki,1
1162=,Nikitta,1
1162=,Nikkala,1
1162=,Nikki-Lea,1
1162=,Nikkita,1
1162=,Nima,1
1162=,Nimmi,1
1162=,Nirbhao,1
1162=,Nirvana,1
1162=,Nisha,1
1162=,Nitya,1
1162=,Nivana,1
1162=,Nivetha,1
1162=,Noa,1
1162=,Noni,1
1162=,Nooralhuda,1
1162=,Norcine,1
1162=,Norjahan,1
1162=,Nosheen,1
1162=,Nour,1
1162=,Nuri,1
1162=,Nurul,1
1162=,Nyah,1
1162=,Nykita,1
1162=,Nyomie,1
1162=,O'delle,1
1162=,Oceanna,1
1162=,Olachi,1
1162=,Olive,1
1162=,Oluwatoyosi,1
1162=,Olwyn,1
1162=,Oona,1
1162=,Ophelia,1
1162=,Orfhlaith,1
1162=,Oria,1
1162=,Oriarna,1
1162=,Orkney,1
1162=,Orlaigh,1
1162=,Orlaith,1
1162=,Orrin,1
1162=,Oxana,1
1162=,Pagan,1
1162=,Paisly,1
1162=,Paitin,1
1162=,Pakeezia,1
1162=,Parris,1
1162=,Parul,1
1162=,Patzi-George,1
1162=,Pavinder,1
1162=,Pavithra,1
1162=,Penelope,1
1162=,Persia,1
1162=,Petra,1
1162=,Peyton,1
1162=,Phillipa,1
1162=,Phillippa,1
1162=,Philomenah,1
1162=,Phoenyx,1
1162=,Pip,1
1162=,Polly,1
1162=,Poppie,1
1162=,Portia,1
1162=,Prakriti,1
1162=,Prarthana,1
1162=,Primrose,1
1162=,Pryanka,1
1162=,Pryde,1
1162=,Pulvisha,1
1162=,Pyper,1
1162=,Rabekah,1
1162=,Rachyl,1
1162=,Raechel,1
1162=,Raeesah,1
1162=,Rafee'a,1
1162=,Ragen,1
1162=,Rahel,1
1162=,Raina,1
1162=,Rajai,1
1162=,Rajpreet,1
1162=,Rajwinder,1
1162=,Rameen,1
1162=,Rameeza,1
1162=,Rana,1
1162=,Rani,1
1162=,Raven,1
1162=,Rayona,1
1162=,Razia,1
1162=,Reannin,1
1162=,Reayah,1
1162=,Rebecca-Lea,1
1162=,Rebeccah,1
1162=,Rebeccca,1
1162=,Rebecka,1
1162=,Rebeckah,1
1162=,Rebekhar,1
1162=,Red,1
1162=,Reegan,1
1162=,Reegen,1
1162=,Reem,1
1162=,Reen,1
1162=,Regan-Lee,1
1162=,Reine,1
1162=,Remi,1
1162=,Remmi,1
1162=,Renae,1
1162=,Renais,1
1162=,Renata,1
1162=,Rene,1
1162=,Renske,1
1162=,Reyah,1
1162=,Rhagan,1
1162=,Rheann,1
1162=,Rhegan,1
1162=,Rhiannon-Louise,1
1162=,Rhoda,1
1162=,Riagain,1
1162=,Rianne,1
1162=,Ribh,1
1162=,Ricki-Beth,1
1162=,Rida,1
1162=,Rikki,1
1162=,Rileigh,1
1162=,Rionagh,1
1162=,Rishika,1
1162=,Riya,1
1162=,Roba,1
1162=,Rohini,1
1162=,Roisen,1
1162=,Roisin-Alana,1
1162=,Rokaiya,1
1162=,Romana,1
1162=,Romani,1
1162=,Romanna,1
1162=,Romany,1
1162=,Romara,1
1162=,Romayne,1
1162=,Romee,1
1162=,Romessa,1
1162=,Ron,1
1162=,Roni,1
1162=,Roonagh,1
1162=,Rory,1
1162=,Ros,1
1162=,Rosa-Finella,1
1162=,Rosalie,1
1162=,Rosalinda,1
1162=,Rosslyn,1
1162=,Rowen,1
1162=,Roxane,1
1162=,Roxanne,1
1162=,Roxar,1
1162=,Rozelle,1
1162=,Rozi,1
1162=,Ruebin,1
1162=,Ruisa,1
1162=,Rummi,1
1162=,Ruqaiyah,1
1162=,Ruveyde,1
1162=,Rysia,1
1162=,Saalihah,1
1162=,Saarah,1
1162=,Sabaah,1
1162=,Sadia,1
1162=,Sadiyah,1
1162=,Saffa,1
1162=,Safiya,1
1162=,Safron,1
1162=,Saima,1
1162=,Sajjada,1
1162=,Salix,1
1162=,Salwa,1
1162=,Samah,1
1162=,Samaira,1
1162=,Sameerah,1
1162=,Samihah,1
1162=,Samina,1
1162=,Samiyah,1
1162=,Sammi-Jo,1
1162=,Sammi-Lee,1
1162=,Sanah,1
1162=,Sanchia,1
1162=,Sandali,1
1162=,Sandie,1
1162=,Sangeeta,1
1162=,Sanjana,1
1162=,Sannah,1
1162=,Santoni,1
1162=,Saona,1
1162=,Saorisa,1
1162=,Sapphire,1
1162=,Sara-Louise,1
1162=,Sarah-Anne,1
1162=,Sarah-Jade,1
1162=,Sarah-Michelle,1
1162=,Sarahjane,1
1162=,Sarani,1
1162=,Saraya,1
1162=,Sarika,1
1162=,Sarvin,1
1162=,Sascha,1
1162=,Sasha-Louise,1
1162=,Savaina,1
1162=,Savana,1
1162=,Savanna,1
1162=,Saverah,1
1162=,Scheherzad,1
1162=,Scotia,1
1162=,Seabreeze,1
1162=,Seani,1
1162=,Seanine,1
1162=,Seanna,1
1162=,Secunda,1
1162=,Seher,1
1162=,Sehr,1
1162=,Senay,1
1162=,Senju,1
1162=,Seren,1
1162=,Serene,1
1162=,Sevyn,1
1162=,Shabana,1
1162=,Shaeley,1
1162=,Shaina,1
1162=,Shaista,1
1162=,Shakira,1
1162=,Shakita,1
1162=,Shalana,1
1162=,Shamaila,1
1162=,Shana,1
1162=,Shanay,1
1162=,Shaney,1
1162=,Shani,1
1162=,Shaniah,1
1162=,Shannah,1
1162=,Shannah-Leigh,1
1162=,Shannara,1
1162=,Shannon-Leigh,1
1162=,Shanon,1
1162=,Shanya,1
1162=,Shanyn,1
1162=,Shanzie,1
1162=,Shareece,1
1162=,Shareen,1
1162=,Shareena,1
1162=,Sharifah,1
1162=,Sharmaine,1
1162=,Sharmeen,1
1162=,Sharni,1
1162=,Sharri,1
1162=,Shauna-May,1
1162=,Shaunie,1
1162=,Shaunii,1
1162=,Shaunileigh,1
1162=,Shaunni,1
1162=,Shaunnie,1
1162=,Shauntalle,1
1162=,Shavonne,1
1162=,Shawna,1
1162=,Shawnee,1
1162=,Shawnisay,1
1162=,Shawntia,1
1162=,Shaylagh,1
1162=,Shaylen,1
1162=,Sheena,1
1162=,Sheila,1
1162=,Shelaine,1
1162=,Shellie,1
1162=,Shenise,1
1162=,Shennise,1
1162=,Sheona,1
1162=,Sheridan,1
1162=,Sherise,1
1162=,Shevaughn,1
1162=,Shevonne,1
1162=,Sheyenne,1
1162=,Shidaena,1
1162=,Shinese,1
1162=,Shiona,1
1162=,Shir,1
1162=,Shiu,1
1162=,Shola,1
1162=,Shona-Lee,1
1162=,Shondele,1
1162=,Shonna,1
1162=,Shovonne,1
1162=,Shuet,1
1162=,Sianan,1
1162=,Siannah,1
1162=,Sidney,1
1162=,Sidra,1
1162=,Sienna,1
1162=,Silan,1
1162=,Silaporn,1
1162=,Silna,1
1162=,Silvana,1
1162=,Simirn,1
1162=,Simmone,1
1162=,Simrin,1
1162=,Sine,1
1162=,Sinnead,1
1162=,Siobhann,1
1162=,Siti,1
1162=,Sivan,1
1162=,Skylar,1
1162=,Sofi,1
1162=,Solana,1
1162=,Soldis,1
1162=,Solveig,1
1162=,Somya,1
1162=,Sonja,1
1162=,Sonya,1
1162=,Sophi,1
1162=,Sophie-Ann,1
1162=,Sophie-Lee,1
1162=,Sophie-Louise,1
1162=,Sophieleigh,1
1162=,Sorraya,1
1162=,Sorrel,1
1162=,Sosha,1
1162=,Staceylee,1
1162=,Stacia,1
1162=,Starlina,1
1162=,Stasha,1
1162=,Stefanya,1
1162=,Steffanie,1
1162=,Steffany,1
1162=,Stephanie-Marie,1
1162=,Stevi-Leigh,1
1162=,Stevie-Lee,1
1162=,Storm,1
1162=,Subhana,1
1162=,Sudad,1
1162=,Sui,1
1162=,Suilven,1
1162=,Sujata,1
1162=,Sula,1
1162=,Sumaya,1
1162=,Sumer,1
1162=,Sumera,1
1162=,Sumet,1
1162=,Sunny,1
1162=,Susanne,1
1162=,Susie,1
1162=,Sydni,1
1162=,Sylvana,1
1162=,Sylvia,1
1162=,Syra,1
1162=,Taegan,1
1162=,Tahreem,1
1162=,Taiba,1
1162=,Taigan,1
1162=,Taine,1
1162=,Tais,1
1162=,Taleighsha,1
1162=,Talitha,1
1162=,Tallula,1
1162=,Talya,1
1162=,Tamay-Leigh,1
1162=,Tamika,1
1162=,Tamlin,1
1162=,Tammara,1
1162=,Tana,1
1162=,Tanner,1
1162=,Tanvi,1
1162=,Taome,1
1162=,Taraclaire,1
1162=,Tarah,1
1162=,Tarra,1
1162=,Tasman,1
1162=,Tasmin,1
1162=,Tasneem,1
1162=,Tate,1
1162=,Tawny,1
1162=,Tay,1
1162=,Taylor-Anne,1
1162=,Taylor-Jayne,1
1162=,Taylor-Rose,1
1162=,Taylore,1
1162=,Taylorr,1
1162=,Tayyaba,1
1162=,Tayybah,1
1162=,Tazmin,1
1162=,Teagan,1
1162=,Tedelle,1
1162=,Teegan-Louise,1
1162=,Teeny,1
1162=,Tegwen,1
1162=,Tehya,1
1162=,Teia,1
1162=,Teresa,1
1162=,Terianne,1
1162=,Terri-Jane,1
1162=,Terri-Lee,1
1162=,Terri-Marie,1
1162=,Thairee,1
1162=,Thanya,1
1162=,Theodora,1
1162=,Thomasena,1
1162=,Tia-Colette,1
1162=,Tiah,1
1162=,Tiene,1
1162=,Tighearna,1
1162=,Tionne,1
1162=,Tirandeep,1
1162=,Tiya,1
1162=,Toni-Ann,1
1162=,Toni-Jayne,1
1162=,Toniann,1
1162=,Torrie,1
1162=,Touria,1
1162=,Tracy,1
1162=,Treeve,1
1162=,Trinity,1
1162=,Trudi,1
1162=,Tuesday,1
1162=,Tukesa,1
1162=,Tumisang,1
1162=,Tyeler,1
1162=,Tylea,1
1162=,Tylia,1
1162=,Tylor,1
1162=,Tyme,1
1162=,Tyrel,1
1162=,Ula,1
1162=,Uma,1
1162=,Umaimah,1
1162=,Umarah,1
1162=,Umaymah,1
1162=,Umber,1
1162=,Unsa,1
1162=,Urooj,1
1162=,Valentine,1
1162=,Vania,1
1162=,Vari,1
1162=,Varrie,1
1162=,Venetia,1
1162=,Verona,1
1162=,Vicki,1
1162=,Vickie,1
1162=,Vicky,1
1162=,Victoria-Louise,1
1162=,Vikky,1
1162=,Vilma,1
1162=,Vittoria,1
1162=,Vivian,1
1162=,Wade,1
1162=,Wajiha,1
1162=,Walaa,1
1162=,Wasimah,1
1162=,Wikke,1
1162=,Willa,1
1162=,Willow,1
1162=,Winifred,1
1162=,Winnie,1
1162=,Winter,1
1162=,Xanthe,1
1162=,Xenia,1
1162=,Xian,1
1162=,Xiaoke,1
1162=,Xsara,1
1162=,Xue,1
1162=,Yamina,1
1162=,Yanett,1
1162=,Yanne,1
1162=,Yazimine,1
1162=,Yazmine,1
1162=,Yazzmin,1
1162=,Yazzmine,1
1162=,Ylli,1
1162=,Yolanda,1
1162=,Yukiko,1
1162=,Yusra,1
1162=,Zaheem,1
1162=,Zainub,1
1162=,Zalha,1
1162=,Zara-Batool,1
1162=,Zareen,1
1162=,Zaya,1
1162=,Zeevar,1
1162=,Zehra,1
1162=,Zelda,1
1162=,Zelia,1
1162=,Zenia,1
1162=,Zeynep,1
1162=,Zianib-Nisa,1
1162=,Zianne,1
1162=,Zindzi,1
1162=,Zinnia,1
1162=,Zoaya,1
1162=,Zoey,1
1162=,Zohira,1
1162=,Zohra,1
1162=,Zoya,1
1162=,Zulaikha,1
1162=,Zulekha,1
