Position,Name,Number of babies
1,Chloe,711
2=,Amy,536
2=,Lauren,536
4,Emma,503
5,Megan,496
6,Erin,490
7,Hannah,447
8,Rebecca,446
9,Sophie,429
10,Caitlin,396
11,Rachel,381
12,Emily,362
13,Lucy,342
14,Katie,336
15,Nicole,294
16,Shannon,277
17,Ellie,256
18,Sarah,244
19=,Abbie,238
19=,Holly,238
21,Morgan,230
22,Niamh,216
23,Anna,212
24,Eilidh,206
25,Olivia,201
26,Laura,188
27,Zoe,187
28,Cara,184
29,Courtney,182
30,Molly,178
31,Eve,173
32,Jade,172
33=,Kirsty,167
33=,Leah,167
35,Jessica,166
36,Aimee,162
37,Beth,157
38,Charlotte,156
39,Taylor,143
40,Jennifer,139
41,Jodie,138
42,Robyn,136
43,Samantha,134
44,Louise,133
45=,Abby,131
45=,Heather,131
47,Rachael,130
48,Bethany,126
49=,Iona,116
49=,Kayleigh,116
51,Georgia,115
52=,Melissa,111
52=,Natasha,111
54=,Danielle,105
54=,Stephanie,105
56,Claire,102
57,Chelsea,96
58=,Gemma,94
58=,Jenna,94
60,Amber,92
61,Mia,91
62,Abigail,89
63,Catherine,86
64,Nicola,83
65=,Alexandra,78
65=,Lisa,78
67,Kirsten,77
68,Natalie,73
69=,Brooke,72
69=,Ciara,72
71,Isla,71
72=,Alice,67
72=,Carly,67
72=,Elizabeth,67
75,Caitlyn,66
76,Catriona,65
77,Kara,62
78,Rebekah,60
79,Eva,59
80,Sara,58
81,Paige,57
82=,Jasmine,56
82=,Kelsey,56
82=,Kiera,56
82=,Victoria,56
86=,Alana,54
86=,Hollie,54
88,Skye,52
89=,Ellen,50
89=,Grace,50
91=,Demi,49
91=,Jordan,49
93,Jemma,48
94=,Ashleigh,47
94=,Freya,47
96=,Kate,46
96=,Rosie,46
96=,Siobhan,46
99=,Carla,45
99=,Kathryn,45
99=,Zara,45
102=,Eleanor,44
102=,Kerry,44
102=,Lara,44
105,Katherine,43
106=,Katy,42
106=,Kimberley,42
108=,Ailsa,41
108=,Fiona,41
108=,Jamie,41
108=,Rhiannon,41
112=,Chantelle,40
112=,Charlie,40
112=,Ellis,40
115=,Kaitlyn,39
115=,Mhairi,39
115=,Ruth,39
118=,Joanna,38
118=,Lauryn,38
120=,Casey,37
120=,Cerys,37
120=,Morven,37
120=,Neve,37
124=,Daisy,36
124=,Elise,36
124=,Toni,36
127=,Alisha,35
127=,Elle,35
127=,Maria,35
130=,Hayley,34
130=,Mairi,34
132=,Kayla,33
132=,Lily,33
132=,Naomi,33
135,Tegan,32
136=,Alex,31
136=,Ella,31
136=,Kaitlin,31
136=,Orla,31
136=,Yasmin,31
141=,Ashley,30
141=,Christina,30
141=,Jordyn,30
141=,Keira,30
141=,Leigh,30
146,Dionne,29
147=,Alison,28
147=,Hope,28
147=,Julia,28
147=,Kelly,28
147=,Lois,28
147=,Nadia,28
153=,Abbey,27
153=,Amanda,27
153=,Annie,27
153=,Kirstin,27
153=,Rowan,27
158=,Adele,26
158=,Kira,26
158=,Mary,26
158=,Maya,26
158=,Michaela,26
158=,Mya,26
158=,Phoebe,26
158=,Ruby,26
166=,Alicia,25
166=,Brogan,25
166=,Rhona,25
166=,Roisin,25
166=,Teigan,25
171=,Alix,24
171=,Angel,24
171=,Jodi,24
171=,Katelyn,24
171=,Meghan,24
176=,Becky,23
176=,Francesca,23
176=,Kerri,23
176=,Millie,23
176=,Sophia,23
176=,Tamzin,23
176=,Tiegan,23
183=,Charley,22
183=,Leona,22
183=,Maia,22
183=,Mollie,22
183=,Stacey,22
188=,Anya,21
188=,Carmen,21
188=,Imogen,21
188=,Isabella,21
188=,Shelby,21
188=,Tia,21
194=,Dana,20
194=,Georgina,20
194=,Hazel,20
194=,Helen,20
194=,Karen,20
194=,Katrina,20
194=,Kim,20
194=,Leanne,20
194=,Nikki,20
194=,Nina,20
194=,Sasha,20
205=,Amelia,19
205=,Amie,19
205=,Ava,19
205=,Christie,19
205=,Clare,19
205=,Cody,19
205=,Helena,19
205=,Julie,19
205=,Lori,19
205=,Michelle,19
205=,Poppy,19
205=,Sian,19
205=,Sinead,19
218=,Carrie,18
218=,Carys,18
218=,Lorna,18
218=,Madison,18
218=,Rhianna,18
218=,Rose,18
218=,Simone,18
225=,Aisha,17
225=,Dione,17
225=,Gabrielle,17
225=,Libby,17
229=,Eden,16
229=,Faith,16
229=,India,16
229=,Jane,16
229=,Jasmin,16
229=,Kathleen,16
229=,Keri,16
229=,Lucie,16
229=,Madeleine,16
229=,Miriam,16
229=,Shona,16
229=,Tara,16
241=,Abbi,15
241=,Alanna,15
241=,Alexandria,15
241=,Alyssa,15
241=,Christy,15
241=,Ebony,15
241=,Eryn,15
241=,Gillian,15
241=,Joanne,15
241=,Kayley,15
241=,Shania,15
252=,Antonia,14
252=,Bethan,14
252=,Bronwyn,14
252=,Caroline,14
252=,Connie,14
252=,Erica,14
252=,Jenny,14
252=,Lana,14
252=,Louisa,14
252=,Maryam,14
252=,Saskia,14
252=,Tammy,14
264=,Annabel,13
264=,Billie,13
264=,Brooklyn,13
264=,Cameron,13
264=,Hana,13
264=,Karis,13
264=,Lindsay,13
264=,Martha,13
264=,Melanie,13
264=,Mirren,13
264=,Nadine,13
264=,Nikita,13
264=,Sally,13
264=,Shauna,13
264=,Stella,13
264=,Tyler,13
280=,Allana,12
280=,Anne,12
280=,Brodie,12
280=,Darcy,12
280=,Esme,12
280=,Kiara,12
280=,Kimberly,12
280=,Kirstie,12
280=,Leonie,12
280=,Mairead,12
280=,Regan,12
280=,Rhian,12
292=,Aisling,11
292=,Cassie,11
292=,Devon,11
292=,Evie,11
292=,Fern,11
292=,Josephine,11
292=,Kaylee,11
292=,Linzi,11
292=,Margaret,11
301=,Ailie,10
301=,Alannah,10
301=,Andrea,10
301=,Angela,10
301=,Briony,10
301=,Bryony,10
301=,Chelsey,10
301=,Clara,10
301=,Corrie,10
301=,Darcie,10
301=,Iman,10
301=,Kacey,10
301=,Kaci,10
301=,Kenzie,10
301=,Kerrie,10
301=,Lydia,10
301=,Lynsey,10
301=,Maisie,10
301=,Murron,10
301=,Neave,10
301=,Rosa,10
301=,Susan,10
301=,Tamara,10
324=,Bailey,9
324=,Candice,9
324=,Caragh,9
324=,Charlene,9
324=,Claudia,9
324=,Colette,9
324=,Dani,9
324=,Erika,9
324=,Esther,9
324=,Flora,9
324=,Florence,9
324=,Jacqueline,9
324=,Jody,9
324=,Kelsie,9
324=,Kendal,9
324=,Keris,9
324=,Kym,9
324=,Laurie,9
324=,Leila,9
324=,Lena,9
324=,Lia,9
324=,Meg,9
324=,Rebekka,9
324=,Rhea,9
324=,Rhianne,9
324=,Sacha,9
324=,Saffron,9
324=,Tabitha,9
324=,Tanya,9
324=,Tess,9
324=,Tiffany,9
355=,Aleena,8
355=,Ana,8
355=,April,8
355=,Bobbi,8
355=,Ceri,8
355=,Chantel,8
355=,Chiara,8
355=,Faye,8
355=,Harley,8
355=,Honor,8
355=,Isobel,8
355=,Jay,8
355=,Josie,8
355=,Joy,8
355=,Kristin,8
355=,Kyra,8
355=,Leia,8
355=,Lucia,8
355=,Lucinda,8
355=,Mariam,8
355=,Marie,8
355=,Sana,8
355=,Suzanne,8
355=,Teagan,8
355=,Teri,8
380=,Alexis,7
380=,Annalise,7
380=,Bonnie,7
380=,Christine,7
380=,Collette,7
380=,Daniella,7
380=,Dawn,7
380=,Dayna,7
380=,Deborah,7
380=,Destiny,7
380=,Eloise,7
380=,Gabriella,7
380=,Harriet,7
380=,Jaye,7
380=,Jena,7
380=,Jo,7
380=,Juliette,7
380=,Leigha,7
380=,Leoni,7
380=,Madeline,7
380=,Matilda,7
380=,Monica,7
380=,Renee,7
380=,Ria,7
380=,Rona,7
380=,Rosemary,7
380=,Safa,7
380=,Sarah-Jane,7
380=,Savannah,7
380=,Serena,7
380=,Shelley,7
380=,Yasmine,7
380=,Zainab,7
413=,Adelle,6
413=,Ailish,6
413=,Aimie,6
413=,Alyx,6
413=,Aoife,6
413=,Arianne,6
413=,Ayesha,6
413=,Bobbie,6
413=,Callie,6
413=,Catrina,6
413=,Cloe,6
413=,Demi-Leigh,6
413=,Elisabeth,6
413=,Elli,6
413=,Emma-Louise,6
413=,Fay,6
413=,Frances,6
413=,Hallie,6
413=,Heidi,6
413=,Imaan,6
413=,Iqra,6
413=,Jamie-Leigh,6
413=,Jayde,6
413=,Jude,6
413=,Justine,6
413=,Kari,6
413=,Katharine,6
413=,Katlyn,6
413=,Kay,6
413=,Kaylin,6
413=,Kirstyn,6
413=,Kristen,6
413=,Lindsey,6
413=,Loren,6
413=,Marissa,6
413=,Marnie,6
413=,Milly,6
413=,Morag,6
413=,Nyah,6
413=,Pamela,6
413=,Paula,6
413=,Raegan,6
413=,Roma,6
413=,Shannen,6
413=,Simran,6
413=,Sonia,6
413=,Sorcha,6
413=,Terri,6
461=,Aaliyah,5
461=,Abi,5
461=,Aileen,5
461=,Aislinn,5
461=,Alexa,5
461=,Ally,5
461=,Alysha,5
461=,Amna,5
461=,Amy-Leigh,5
461=,Anastasia,5
461=,Arianna,5
461=,Brenna,5
461=,Caitlan,5
461=,Chanelle,5
461=,Charli,5
461=,Ciera,5
461=,Codie,5
461=,Colleen,5
461=,Danni,5
461=,Darcey,5
461=,Elena,5
461=,Farah,5
461=,Fatima,5
461=,Fiza,5
461=,Hanna,5
461=,Isha,5
461=,Jaime,5
461=,Jazmin,5
461=,Jemima,5
461=,Jess,5
461=,Jessie,5
461=,Jocelyn,5
461=,Juliet,5
461=,Karly,5
461=,Katriona,5
461=,Keeley,5
461=,Kelli,5
461=,Kennedy,5
461=,Kerys,5
461=,Kyla,5
461=,Kylie,5
461=,Lea,5
461=,Linda,5
461=,Lola,5
461=,Lyndsey,5
461=,Marina,5
461=,Mirrin,5
461=,Monique,5
461=,Natalia,5
461=,Nikola,5
461=,Niomi,5
461=,Nuala,5
461=,Patricia,5
461=,Philippa,5
461=,Romy,5
461=,Sabrina,5
461=,Shanna,5
461=,Shauni,5
461=,Sine,5
461=,Sofia,5
461=,Talia,5
461=,Tamsin,5
461=,Teegan,5
461=,Tessa,5
461=,Thea,5
461=,Tori,5
527=,Ailidh,4
527=,Alanah,4
527=,Aleisha,4
527=,Ali,4
527=,Ami,4
527=,Amina,4
527=,Andie,4
527=,Angelina,4
527=,Anisha,4
527=,Aqsa,4
527=,Ariana,4
527=,Arran,4
527=,Astrid,4
527=,Ayla,4
527=,Aysha,4
527=,Baillie,4
527=,Beatrice,4
527=,Britney,4
527=,Bronwen,4
527=,Brook,4
527=,Caoimhe,4
527=,Carina,4
527=,Catrin,4
527=,Ceara,4
527=,Charly,4
527=,Chelsie,4
527=,Cheryl,4
527=,Cheyenne,4
527=,Colby,4
527=,Cora,4
527=,Debbie,4
527=,Deryn,4
527=,Devin,4
527=,Dion,4
527=,Eirinn,4
527=,Elisa,4
527=,Elisha,4
527=,Eliza,4
527=,Elyse,4
527=,Errin,4
527=,Evelyn,4
527=,Faiza,4
527=,Felicity,4
527=,Finlay,4
527=,Georgie,4
527=,Hafsah,4
527=,Hayleigh,4
527=,Isabel,4
527=,Jamie-Lee,4
527=,Jayden,4
527=,Jayne,4
527=,Jean,4
527=,Jenni,4
527=,Jill,4
527=,Judith,4
527=,Karla,4
527=,Kasey,4
527=,Keera,4
527=,Khadijah,4
527=,Kia,4
527=,Kiana,4
527=,Kiya,4
527=,Larissa,4
527=,Lesley,4
527=,Levi,4
527=,Liberty,4
527=,Logan,4
527=,Lyndsay,4
527=,Lynn,4
527=,Madelaine,4
527=,Mandy,4
527=,Marianne,4
527=,Melody,4
527=,Mikaela,4
527=,Mirran,4
527=,Morgyn,4
527=,Penny,4
527=,Piper,4
527=,Priya,4
527=,Rebeka,4
527=,Rhiann,4
527=,Rochelle,4
527=,Roslyn,4
527=,Sandie,4
527=,Sarah-Louise,4
527=,Scarlett,4
527=,Shana,4
527=,Shanice,4
527=,Shannah,4
527=,Sheree,4
527=,Sheryl,4
527=,Sommer,4
527=,Starr,4
527=,Summer,4
527=,Susannah,4
527=,Tayler,4
527=,Tracy,4
527=,Verity,4
527=,Willow,4
527=,Zahra,4
627=,Abbigail,3
627=,Adrianna,3
627=,Aine,3
627=,Ainslie,3
627=,Alena,3
627=,Alessia,3
627=,Alexia,3
627=,Alia,3
627=,Alyssia,3
627=,Aminah,3
627=,Angharad,3
627=,Anisa,3
627=,Anja,3
627=,Ann,3
627=,Annabelle,3
627=,Arlene,3
627=,Asha,3
627=,Ashlyn,3
627=,Asia,3
627=,Atlanta,3
627=,Ayisha,3
627=,Bianca,3
627=,Brighde,3
627=,Broghan,3
627=,Caitlynn,3
627=,Caley,3
627=,Camryn,3
627=,Carey,3
627=,Carlie,3
627=,Carol,3
627=,Carolann,3
627=,Carson,3
627=,Charlize,3
627=,Cherise,3
627=,Cleo,3
627=,Codi,3
627=,Cori,3
627=,Corinne,3
627=,Courteney,3
627=,Courtnay,3
627=,Cristina,3
627=,Crystal,3
627=,D'arcy,3
627=,Daniela,3
627=,Dannielle,3
627=,Derry,3
627=,Devan,3
627=,Diane,3
627=,Donna,3
627=,Drew,3
627=,Eilish,3
627=,Eireann,3
627=,Elaine,3
627=,Ellise,3
627=,Emilia,3
627=,Geraldine,3
627=,Gina,3
627=,Gracie,3
627=,Hilary,3
627=,Holli,3
627=,Ingrid,3
627=,Isabelle,3
627=,Ishbel,3
627=,Islay,3
627=,Jamieleigh,3
627=,Jaya,3
627=,Jazmine,3
627=,Jillian,3
627=,Jolene,3
627=,Jordana,3
627=,Jorja,3
627=,Kacie,3
627=,Kaila,3
627=,Kali,3
627=,Kareena,3
627=,Karina,3
627=,Katelin,3
627=,Katlin,3
627=,Kaya,3
627=,Keely,3
627=,Kelice,3
627=,Kelsea,3
627=,Kelsi,3
627=,Kendall,3
627=,Kenzi,3
627=,Kerris,3
627=,Keryn,3
627=,Kiah,3
627=,Kianna,3
627=,Klara,3
627=,Kloe,3
627=,Laila,3
627=,Layla,3
627=,Lee,3
627=,Leigh-Ann,3
627=,Liana,3
627=,Lianne,3
627=,Lili,3
627=,Lita,3
627=,Lorraine,3
627=,Mackenzie,3
627=,Macy,3
627=,Mae,3
627=,Maeve,3
627=,Mariah,3
627=,Mariella,3
627=,Mathilde,3
627=,Mellisa,3
627=,Mikayla,3
627=,Mirin,3
627=,Mirryn,3
627=,Murrin,3
627=,Myah,3
627=,Neha,3
627=,Nell,3
627=,Nia,3
627=,Nida,3
627=,Paisley,3
627=,Phoenix,3
627=,Polly,3
627=,Rae,3
627=,Raven,3
627=,Rebekkah,3
627=,Romany,3
627=,Sadie,3
627=,Sandra,3
627=,Sania,3
627=,Shannyn,3
627=,Shantelle,3
627=,Shazia,3
627=,Shelbie,3
627=,Shonagh,3
627=,Sky,3
627=,Sofie,3
627=,Sonya,3
627=,Stephannie,3
627=,Susanna,3
627=,Tala,3
627=,Tania,3
627=,Tatiana,3
627=,Teighan,3
627=,Tieghan,3
627=,Tilly,3
627=,Tina,3
627=,Toni-Leigh,3
627=,Tyra,3
627=,Tyree,3
627=,Vicky,3
627=,Yazmin,3
627=,Zaynab,3
627=,Zeinab,3
778=,Aaliah,2
778=,Abigael,2
778=,Adriana,2
778=,Adrienne,2
778=,Afton,2
778=,Aila,2
778=,Ailis,2
778=,Aimee-Leigh,2
778=,Aishah,2
778=,Alaina,2
778=,Alina,2
778=,Alishah,2
778=,Alishba,2
778=,Alishya,2
778=,Aliyah,2
778=,Allie,2
778=,Alys,2
778=,Alysia,2
778=,Amani,2
778=,Amarah,2
778=,Amena,2
778=,Amiee,2
778=,Amira,2
778=,Amirah,2
778=,Ammarah,2
778=,Anais,2
778=,Aneesa,2
778=,Angelique,2
778=,Annis,2
778=,Areeha,2
778=,Ariane,2
778=,Ashlin,2
778=,Audrey,2
778=,Aurora,2
778=,Autumn,2
778=,Aya,2
778=,Bayley,2
778=,Beckie,2
778=,Berfin,2
778=,Bernadette,2
778=,Beverley,2
778=,Billie-Jo,2
778=,Bo,2
778=,Bobbi-Jo,2
778=,Brea,2
778=,Briagh,2
778=,Brianna,2
778=,Bronte,2
778=,Cailey,2
778=,Cailin,2
778=,Caira,2
778=,Cairistiona,2
778=,Caitlynne,2
778=,Cally,2
778=,Cameryn,2
778=,Caris,2
778=,Carli,2
778=,Caron,2
778=,Carrie-Anne,2
778=,Carron,2
778=,Cassia,2
778=,Cassidy,2
778=,Cathryn,2
778=,Ceejay,2
778=,Celia,2
778=,Cera,2
778=,Chanel,2
778=,Charis,2
778=,Charleigh,2
778=,Charmaine,2
778=,Chase,2
778=,Chelsay,2
778=,Chelsi,2
778=,Chevonne,2
778=,Cheyanne,2
778=,Clair,2
778=,Coleen,2
778=,Cordelia,2
778=,Danae,2
778=,Danika,2
778=,Daniya,2
778=,Darci,2
778=,Davina,2
778=,Deanna,2
778=,Dee,2
778=,Deni,2
778=,Denise,2
778=,Deon,2
778=,Dervla,2
778=,Dharma,2
778=,Dominique,2
778=,Dora,2
778=,Elana,2
778=,Eli,2
778=,Elin,2
778=,Elsa,2
778=,Elspeth,2
778=,Emilie,2
778=,Emilly,2
778=,Emily-Jane,2
778=,Emmy,2
778=,Erinne,2
778=,Erykah,2
778=,Esmee,2
778=,Esra,2
778=,Estelle,2
778=,Eugenia,2
778=,Evan,2
778=,Fabiana,2
778=,Fabienne,2
778=,Faizah,2
778=,Fatimah,2
778=,Fion,2
778=,Fionn,2
778=,Gail,2
778=,Gayle,2
778=,Genevieve,2
778=,Georgea,2
778=,Giulia,2
778=,Greer,2
778=,Gurpreet,2
778=,Haley,2
778=,Harmony,2
778=,Hiba,2
778=,Hibah,2
778=,Hira,2
778=,Honey,2
778=,Ilana,2
778=,Indianna,2
778=,Indya,2
778=,Ines,2
778=,Inga,2
778=,Iram,2
778=,Iseabail,2
778=,Jacqualine,2
778=,Jaden,2
778=,Jadene,2
778=,Jadyn,2
778=,Jai,2
778=,Jaimee,2
778=,Jaimie,2
778=,Jan,2
778=,Jana,2
778=,Janet,2
778=,Janey,2
778=,Janna,2
778=,Jasmyn,2
778=,Jaymi,2
778=,Jaymie,2
778=,Jazmyn,2
778=,Jodi-Leigh,2
778=,Jodie-Anne,2
778=,Jodie-Lee,2
778=,Jodie-Leigh,2
778=,Joely,2
778=,Johanna,2
778=,Jolie,2
778=,Ka,2
778=,Kacy,2
778=,Kady,2
778=,Kai,2
778=,Kaia,2
778=,Kailey,2
778=,Kaiya,2
778=,Kameron,2
778=,Kami,2
778=,Kanwal,2
778=,Karli,2
778=,Karys,2
778=,Kasie,2
778=,Katelynn,2
778=,Katey,2
778=,Kathrine,2
778=,Katrin,2
778=,Kaye,2
778=,Kaylyn,2
778=,Kazia,2
778=,Keana,2
778=,Keanna,2
778=,Keara,2
778=,Keavy,2
778=,Keegan,2
778=,Keeleigh,2
778=,Kellsie,2
778=,Kelly-Marie,2
778=,Kendra,2
778=,Kennis,2
778=,Kenza,2
778=,Kera,2
778=,Keren,2
778=,Kerri-Ann,2
778=,Keziah,2
778=,Khara,2
778=,Kiran,2
778=,Kodie,2
778=,Kody,2
778=,Korey,2
778=,Kristi,2
778=,Kristie,2
778=,Kristina,2
778=,Lacey,2
778=,Laiba,2
778=,Laibah,2
778=,Leane,2
778=,Leeanne,2
778=,Leilani,2
778=,Leticia,2
778=,Lilidh,2
778=,Lillian,2
778=,Lillie,2
778=,Lilly,2
778=,Lisa-Marie,2
778=,Lotte,2
778=,Luciana,2
778=,Luisa,2
778=,Lynette,2
778=,Maddison,2
778=,Malena,2
778=,Malikah,2
778=,Malissa,2
778=,Marcella,2
778=,Marcie,2
778=,Mari,2
778=,Mariana,2
778=,Marianna,2
778=,Marion,2
778=,Marisa,2
778=,Mariya,2
778=,Mariyam,2
778=,Marlene,2
778=,Marley,2
778=,Martina,2
778=,Mary-Jane,2
778=,Maura,2
778=,Meadow,2
778=,Meaghan,2
778=,Mehreen,2
778=,Melinda,2
778=,Mercedes,2
778=,Meredith,2
778=,Mhari,2
778=,Miah,2
778=,Micaela,2
778=,Mina,2
778=,Mira,2
778=,Miranda,2
778=,Miren,2
778=,Miryn,2
778=,Mischa,2
778=,Misha,2
778=,Missy,2
778=,Moira,2
778=,Morgane,2
778=,Morghan,2
778=,Murin,2
778=,Murryn,2
778=,Najwa,2
778=,Nakita,2
778=,Necole,2
778=,Neva,2
778=,Nichola,2
778=,Nichole,2
778=,Nieve,2
778=,Nikia,2
778=,Nisha,2
778=,Nur,2
778=,Nyree,2
778=,Octavia,2
778=,Orlagh,2
778=,Patrice,2
778=,Penelope,2
778=,Rabia,2
778=,Racheal,2
778=,Rachelle,2
778=,Rahma,2
778=,Reagan,2
778=,Rebeca,2
778=,Rebecca-Louise,2
778=,Reece,2
778=,Remi,2
778=,Rhia,2
778=,Rhiain,2
778=,Rianna,2
778=,Riannon,2
778=,Ridha,2
778=,Rio,2
778=,Rita,2
778=,Rosalin,2
778=,Roseanna,2
778=,Rowen,2
778=,Rowena,2
778=,Roxanne,2
778=,Saairah,2
778=,Sahara,2
778=,Saira,2
778=,Sakina,2
778=,Salma,2
778=,Sam,2
778=,Samiyah,2
778=,Sammy-Jo,2
778=,Sanaa,2
778=,Sanah,2
778=,Saoirse,2
778=,Sarah-Beth,2
778=,Sarah-Rose,2
778=,Sarahjane,2
778=,Sascha,2
778=,Sehar,2
778=,Seonaid,2
778=,Shanelle,2
778=,Shannice,2
778=,Shannon-Louise,2
778=,Shannon-Marie,2
778=,Shanon,2
778=,Shareen,2
778=,Sharmaine,2
778=,Sharon,2
778=,Shea,2
778=,Sneha,2
778=,Somaya,2
778=,Sophie-Louise,2
778=,Steffani,2
778=,Stevie,2
778=,Sui,2
778=,Sukhveer,2
778=,Sumayyah,2
778=,Tabatha,2
778=,Talitha,2
778=,Tamar,2
778=,Tanisha,2
778=,Tanith,2
778=,Tasmin,2
778=,Taya,2
778=,Taylor-Jane,2
778=,Tazmin,2
778=,Tegen,2
778=,Tegyn,2
778=,Tianna,2
778=,Tigan,2
778=,Triniti,2
778=,Trinity,2
778=,Tyne,2
778=,Ursula,2
778=,Vhairi,2
778=,Violet,2
778=,Wendy,2
778=,Yasemin,2
778=,Yusra,2
778=,Zarah,2
778=,Zina,2
778=,Zoey,2
1129=,Aaden,1
1129=,Aaliyhia,1
1129=,Aamira,1
1129=,Aaron,1
1129=,Ab'i-Gail,1
1129=,Abagail,1
1129=,Abbey-Christina,1
1129=,Abbeygayle,1
1129=,Abbie-Jayne,1
1129=,Abbierosslyn,1
1129=,Abbigale,1
1129=,Abbigayle,1
1129=,Abby-Leigh,1
1129=,Abeeha,1
1129=,Abidha,1
1129=,Abie,1
1129=,Abrar,1
1129=,Abygael,1
1129=,Acacia,1
1129=,Adeela,1
1129=,Adkaa,1
1129=,Aelisha,1
1129=,Aemin,1
1129=,Aeryn,1
1129=,Aeyrn,1
1129=,Afifah,1
1129=,Afsana,1
1129=,Agnia,1
1129=,Ahnum,1
1129=,Aideen,1
1129=,Aiesha,1
1129=,Aileas,1
1129=,Aileigh,1
1129=,Ailey,1
1129=,Aili,1
1129=,Ailish-Louise,1
1129=,Aillie,1
1129=,Aimay,1
1129=,Aimee-Louise,1
1129=,Aimee-Rose,1
1129=,Aine-Elohim,1
1129=,Ainsley,1
1129=,Airyn,1
1129=,Aislin,1
1129=,Aizza,1
1129=,Aksa,1
1129=,Ala,1
1129=,Alabama,1
1129=,Alainna,1
1129=,Alanis,1
1129=,Alannya,1
1129=,Alanya,1
1129=,Alayna,1
1129=,Alecia,1
1129=,Aleese,1
1129=,Aleesha,1
1129=,Aleigha,1
1129=,Alesia,1
1129=,Alessandra,1
1129=,Alexandriah,1
1129=,Alexs,1
1129=,Aleyna,1
1129=,Alice-Beth,1
1129=,Alicea,1
1129=,Alicia-Jayne,1
1129=,Aliena,1
1129=,Aliesha,1
1129=,Alissa,1
1129=,Alix-Jane,1
1129=,Aliza,1
1129=,Alla,1
1129=,Allanah,1
1129=,Allanna,1
1129=,Allannalee,1
1129=,Allena,1
1129=,Allex,1
1129=,Allexe,1
1129=,Allicia,1
1129=,Allwyn,1
1129=,Allyes,1
1129=,Allys,1
1129=,Allyson,1
1129=,Alona,1
1129=,Alycia,1
1129=,Alysson,1
1129=,Alyxandra,1
1129=,Amana,1
1129=,Amandalee,1
1129=,Amanie,1
1129=,Amaya,1
1129=,Ambar,1
1129=,Amber-Lei,1
1129=,Amber-Rose,1
1129=,Amberlouise,1
1129=,Ambika,1
1129=,Ambreen,1
1129=,Amee,1
1129=,Ameena,1
1129=,Amelea,1
1129=,Amelie,1
1129=,Ameria,1
1129=,Amie-Beth,1
1129=,Amileigh,1
1129=,Amin,1
1129=,Amit,1
1129=,Ammaarah,1
1129=,Ammna,1
1129=,Amneek,1
1129=,Amreeta,1
1129=,Amy-Elizabeth,1
1129=,Amy-Louise,1
1129=,Amye,1
1129=,Amyleigh,1
1129=,Anastacia,1
1129=,Anastaziah,1
1129=,Anaum,1
1129=,Anaya,1
1129=,Andi,1
1129=,Andrina,1
1129=,Andromeda,1
1129=,Aneek,1
1129=,Aneesah,1
1129=,Aneesha,1
1129=,Aneila,1
1129=,Aneka,1
1129=,Anelie,1
1129=,Anfaal,1
1129=,Angjela,1
1129=,Aniqah,1
1129=,Anisah,1
1129=,Anissa,1
1129=,Anita,1
1129=,Anjum,1
1129=,Anmol,1
1129=,Anna-Adele,1
1129=,Anna-Mae,1
1129=,Anna-May,1
1129=,Annag,1
1129=,Annalies,1
1129=,Annalisa,1
1129=,Anne-Marie,1
1129=,Annie-Marie,1
1129=,Annya-Natasha,1
1129=,Anthea,1
1129=,Antonella,1
1129=,Anum,1
1129=,Anxhela,1
1129=,Anya-Leigh,1
1129=,Aoibh,1
1129=,Aoibhinn,1
1129=,Aouicha,1
1129=,Aphra,1
1129=,Aprill,1
1129=,Aqsaa,1
1129=,Arabella,1
1129=,Arieann,1
1129=,Ariella,1
1129=,Ariessa,1
1129=,Ariza,1
1129=,Arlana,1
1129=,Armina,1
1129=,Armorel,1
1129=,Arriane,1
1129=,Arrianna,1
1129=,Arrianne,1
1129=,Arrietty,1
1129=,Arrochar,1
1129=,Arryanna,1
1129=,Arusa,1
1129=,Arwa,1
1129=,Arwen,1
1129=,Ary-Louise,1
1129=,Aryn,1
1129=,Asawer,1
1129=,Asfa,1
1129=,Ashlee,1
1129=,Ashleighjay,1
1129=,Ashling,1
1129=,Asiyah,1
1129=,Asmaa,1
1129=,Asmmaa,1
1129=,Aspen,1
1129=,Aster,1
1129=,Aston,1
1129=,Astrud,1
1129=,Asya,1
1129=,Athia,1
1129=,Atlantica-Leigh,1
1129=,Aumaima,1
1129=,Aurelia,1
1129=,Avril,1
1129=,Ayat,1
1129=,Ayeisha,1
1129=,Ayleigh,1
1129=,Aylie,1
1129=,Aylin,1
1129=,Aynsley,1
1129=,Azami,1
1129=,Azariashanaz,1
1129=,Azka,1
1129=,Azra,1
1129=,Azraa,1
1129=,Bahar,1
1129=,Bailee,1
1129=,Baileigh,1
1129=,Bailie,1
1129=,Bailley,1
1129=,Baleigh,1
1129=,Barbara-Ann,1
1129=,Bariah,1
1129=,Basilia,1
1129=,Baylea,1
1129=,Becca,1
1129=,Becci,1
1129=,Bekki,1
1129=,Belanna,1
1129=,Belkise,1
1129=,Bella,1
1129=,Belle,1
1129=,Benita,1
1129=,Benna,1
1129=,Bethanay,1
1129=,Bethani,1
1129=,Bethannie,1
1129=,Bethany-Jane,1
1129=,Bethinn,1
1129=,Betthany,1
1129=,Biba,1
1129=,Billi,1
1129=,Billi-Jo,1
1129=,Billie-Ann,1
1129=,Billie-Jean,1
1129=,Billie-Leigh,1
1129=,Bisma,1
1129=,Bismah,1
1129=,Blayne,1
1129=,Blayz,1
1129=,Bless,1
1129=,Blue,1
1129=,Bobbi-Mai,1
1129=,Bobi,1
1129=,Boe,1
1129=,Bonita,1
1129=,Borghild,1
1129=,Bozena,1
1129=,Bradie,1
1129=,Brady,1
1129=,Brandy,1
1129=,Branwen,1
1129=,Breagh,1
1129=,Breanna,1
1129=,Bree,1
1129=,Breeanna,1
1129=,Breegan,1
1129=,Bregen,1
1129=,Breige,1
1129=,Brenda-Leigh,1
1129=,Brianka,1
1129=,Brianne,1
1129=,Brieanna,1
1129=,Brikena,1
1129=,Brione,1
1129=,Brionney,1
1129=,Brionny,1
1129=,Britneylee,1
1129=,Broagan,1
1129=,Brogane,1
1129=,Brogen,1
1129=,Brogyn,1
1129=,Brogyn-Lee,1
1129=,Broiny,1
1129=,Bronan,1
1129=,Brone,1
1129=,Bronia,1
1129=,Brooke-Sian,1
1129=,Brookeanne,1
1129=,Brooklyne,1
1129=,Brooklynne,1
1129=,Brynja,1
1129=,Bryoni,1
1129=,Bunty,1
1129=,Bushra,1
1129=,C-Jai,1
1129=,Cahle-Marie,1
1129=,Cairine,1
1129=,Cairyn,1
1129=,Caissie,1
1129=,Caitaidh,1
1129=,Caitlain,1
1129=,Caitley,1
1129=,Caitlind,1
1129=,Caitrin,1
1129=,Caitriona,1
1129=,Caledonia,1
1129=,Cali,1
1129=,Calli,1
1129=,Calli-Ann,1
1129=,Callissa,1
1129=,Camilla,1
1129=,Camille,1
1129=,Candece,1
1129=,Cansel,1
1129=,Caoilin,1
1129=,Careen,1
1129=,Cari,1
1129=,Cariad,1
1129=,Carla-Jayne,1
1129=,Carlay,1
1129=,Carley,1
1129=,Carlie-Mae,1
1129=,Carlyn,1
1129=,Carmel,1
1129=,Carmin,1
1129=,Carolana,1
1129=,Carolanne,1
1129=,Carolyn,1
1129=,Carri,1
1129=,Cartney,1
1129=,Caryn,1
1129=,Casey-Ann,1
1129=,Cass,1
1129=,Cassandra,1
1129=,Cassey,1
1129=,Cassiah,1
1129=,Cassy,1
1129=,Catharyna,1
1129=,Catherinanne,1
1129=,Cathrine,1
1129=,Catrice,1
1129=,Caya,1
1129=,Caylin,1
1129=,Caytlynn,1
1129=,Ceallach,1
1129=,Ceeley,1
1129=,Ceilidh,1
1129=,Ceiligh,1
1129=,Cein,1
1129=,Ceinwen,1
1129=,Ceira,1
1129=,Ceitidh,1
1129=,Celine,1
1129=,Celsey,1
1129=,Ceris,1
1129=,Cerrin,1
1129=,Cerryann,1
1129=,Ceyda,1
1129=,Chaela,1
1129=,Chanice,1
1129=,Chaniece,1
1129=,Chanise,1
1129=,Channelle,1
1129=,Chantal,1
1129=,Chantelle-Louise,1
1129=,Charlay,1
1129=,Charlea,1
1129=,Charlee-Jane,1
1129=,Charleen,1
1129=,Charley-Rene,1
1129=,Charlie-Ann,1
1129=,Charlie-Jade,1
1129=,Charlie-Janelle,1
1129=,Charline,1
1129=,Charlotte-Ann,1
1129=,Charlotte-Jane,1
1129=,Charmayne,1
1129=,Charrece,1
1129=,Cheire,1
1129=,Chelsai,1
1129=,Chelsea-Ann,1
1129=,Chelsea-Jane,1
1129=,Chelsea-Leigh,1
1129=,Chemara,1
1129=,Chennise,1
1129=,Cheree,1
1129=,Cherhys,1
1129=,Cherice,1
1129=,Cherleyne,1
1129=,Chevon,1
1129=,Cheyan,1
1129=,Chi,1
1129=,Chi-Hsiu,1
1129=,Chiana,1
1129=,Chiara-Neve,1
1129=,Chihana,1
1129=,Chirstie,1
1129=,Chirsty,1
1129=,Chivonne,1
1129=,Chleo,1
1129=,Chloe-Anne,1
1129=,Chloe-Leigh,1
1129=,Chloe-Louise,1
1129=,Chloe-Nicole,1
1129=,Chloe-Rose,1
1129=,Chloee,1
1129=,Chloie,1
1129=,Chorus,1
1129=,Chrissie,1
1129=,Christa,1
1129=,Christabel,1
1129=,Christi,1
1129=,Christiana,1
1129=,Christianna,1
1129=,Chuk,1
1129=,Chyann,1
1129=,Chyna,1
1129=,Ciana,1
1129=,Ciara-Leigh,1
1129=,Ciaragh,1
1129=,Ciarra,1
1129=,Cielo,1
1129=,Ciorstaidh,1
1129=,Cissie,1
1129=,Claire-Ann,1
1129=,Clara-Maria,1
1129=,Clarice,1
1129=,Clarinda,1
1129=,Claudine,1
1129=,Claye,1
1129=,Clemence,1
1129=,Cliodhna,1
1129=,Cliona,1
1129=,Clodagh,1
1129=,Codey,1
1129=,Codymarie,1
1129=,Coire,1
1129=,Colomba,1
1129=,Connie-Lee,1
1129=,Constance,1
1129=,Copelyn,1
1129=,Coral,1
1129=,Corey,1
1129=,Corinna,1
1129=,Corra,1
1129=,Corrin,1
1129=,Corrina,1
1129=,Corrine,1
1129=,Corryn,1
1129=,Corvette,1
1129=,Cosette,1
1129=,Courtenay,1
1129=,Courtnee,1
1129=,Courtney-Leigh,1
1129=,Courtney-Louise,1
1129=,Courtney-Megan,1
1129=,Cree,1
1129=,Cristyn,1
1129=,Cushla,1
1129=,D'arci,1
1129=,Daenah,1
1129=,Dahlia,1
1129=,Dahnya,1
1129=,Daizi,1
1129=,Daley,1
1129=,Dalvinder,1
1129=,Danai,1
1129=,Daniah,1
1129=,Danica,1
1129=,Daniyah,1
1129=,Dannah,1
1129=,Dannie,1
1129=,Dannii,1
1129=,Dara,1
1129=,Daragh,1
1129=,Darby,1
1129=,Darerca,1
1129=,Daria,1
1129=,Darienne,1
1129=,Darina,1
1129=,Darra-Louise,1
1129=,Darrian,1
1129=,Daryl,1
1129=,Davise,1
1129=,Daya,1
1129=,Daye,1
1129=,Debi,1
1129=,Deborah-Louise,1
1129=,Deeanna,1
1129=,Deena,1
1129=,Deirdre,1
1129=,Della,1
1129=,Demi-Lee,1
1129=,Demi-Louise,1
1129=,Demileigh,1
1129=,Demmie-Leigh,1
1129=,Dena,1
1129=,Denada,1
1129=,Denbie,1
1129=,Denver,1
1129=,Denvyr,1
1129=,Deonne,1
1129=,Deri,1
1129=,Derinn,1
1129=,Desiree,1
1129=,Devlin,1
1129=,Devoney,1
1129=,Devyn,1
1129=,Dharla,1
1129=,Dhemi,1
1129=,Diana,1
1129=,Diaz,1
1129=,Dihya,1
1129=,Dilan,1
1129=,Dionyne,1
1129=,Dior,1
1129=,Divneet,1
1129=,Dizzy,1
1129=,Djamila,1
1129=,Donnalee,1
1129=,Dulanjale,1
1129=,Dyba,1
1129=,Ealasaid,1
1129=,Eavan,1
1129=,Eboni,1
1129=,Ebru,1
1129=,Ece,1
1129=,Ecem,1
1129=,Ecy,1
1129=,Eda,1
1129=,Eddi,1
1129=,Edie,1
1129=,Edyn,1
1129=,Eesha,1
1129=,Ehren,1
1129=,Eila,1
1129=,Eilidh-Rees,1
1129=,Eilis,1
1129=,Eimear,1
1129=,Eimer,1
1129=,Ekatherina,1
1129=,Elah,1
1129=,Elaina,1
1129=,Elarna,1
1129=,Elefteria,1
1129=,Elen,1
1129=,Eliana,1
1129=,Elidh,1
1129=,Elif,1
1129=,Elinor,1
1129=,Elisa-Rose,1
1129=,Elishba,1
1129=,Elissa,1
1129=,Ellenor,1
1129=,Elliann,1
1129=,Ellie-Anne,1
1129=,Ellie-Jane,1
1129=,Ellie-Louise,1
1129=,Ellie-Mae,1
1129=,Ellie-Rose,1
1129=,Elliemae,1
1129=,Ellissa,1
1129=,Elly,1
1129=,Ellya,1
1129=,Ellyn,1
1129=,Ellys,1
1129=,Elma,1
1129=,Eloisa,1
1129=,Elouise,1
1129=,Elvira,1
1129=,Elysha,1
1129=,Emaan,1
1129=,Eman,1
1129=,Emel,1
1129=,Emelia,1
1129=,Emilie-Jane,1
1129=,Emilija,1
1129=,Emily-Becky,1
1129=,Emily-Jade,1
1129=,Emily-Louise,1
1129=,Emma-Jane,1
1129=,Emma-Leigh,1
1129=,Emmalisa,1
1129=,Emmalouise,1
1129=,Emmerleigh,1
1129=,Emmie,1
1129=,Emmie-Lee,1
1129=,Emna,1
1129=,Enise,1
1129=,Eren,1
1129=,Erin-Maia,1
1129=,Erinn,1
1129=,Erinna,1
1129=,Erinrose,1
1129=,Erraid,1
1129=,Esha,1
1129=,Eslam,1
1129=,Estella,1
1129=,Estrella,1
1129=,Ethnie,1
1129=,Ezri,1
1129=,Faatimah,1
1129=,Faber,1
1129=,Fabiah,1
1129=,Fae,1
1129=,Fahron,1
1129=,Faie,1
1129=,Faimah,1
1129=,Faith-Marie,1
1129=,Fardau,1
1129=,Fareena,1
1129=,Fariah,1
1129=,Farihah,1
1129=,Farrah,1
1129=,Farwah,1
1129=,Farzana,1
1129=,Fathima,1
1129=,Fayth,1
1129=,Feiting,1
1129=,Femke,1
1129=,Fennella,1
1129=,Feorlin,1
1129=,Ferdaousse,1
1129=,Ferne,1
1129=,Feza,1
1129=,Filumena,1
1129=,Finley,1
1129=,Finola,1
1129=,Fionna,1
1129=,Fionnuala,1
1129=,Fioralba,1
1129=,Fiorenza,1
1129=,Firdous,1
1129=,Fizah,1
1129=,Fizza,1
1129=,Fizzah,1
1129=,Fradma,1
1129=,Franki,1
1129=,Frankie,1
1129=,Fransesca,1
1129=,Freddie,1
1129=,Freija,1
1129=,Freja,1
1129=,Freyja,1
1129=,Gabby,1
1129=,Gabriela,1
1129=,Gaby,1
1129=,Gadassa,1
1129=,Gael,1
1129=,Gaia,1
1129=,Galen,1
1129=,Gaynor,1
1129=,Gemma-Lee,1
1129=,Geni,1
1129=,Genna,1
1129=,Georgene,1
1129=,Georgi,1
1129=,Georgiana,1
1129=,Georgianna,1
1129=,Georgie-Leigh,1
1129=,Georgina-Anne,1
1129=,Gessica-Anamarie,1
1129=,Giana,1
1129=,Gianna,1
1129=,Gigha,1
1129=,Gigi,1
1129=,Giorgia,1
1129=,Gizem,1
1129=,Gulzar,1
1129=,Gurleen,1
1129=,Gursharan,1
1129=,Gurvina,1
1129=,Hadia,1
1129=,Hafsa,1
1129=,Hagar,1
1129=,Hageri,1
1129=,Haifa,1
1129=,Hailie,1
1129=,Haillie,1
1129=,Halcyon,1
1129=,Haleema,1
1129=,Haleemah-Naseem,1
1129=,Halia,1
1129=,Halle,1
1129=,Hamra,1
1129=,Hanadi,1
1129=,Hani,1
1129=,Haniya,1
1129=,Hanyah,1
1129=,Hardev,1
1129=,Harinder,1
1129=,Harini,1
1129=,Harjeet,1
1129=,Harleigh,1
1129=,Harpreet,1
1129=,Harsimran,1
1129=,Havana,1
1129=,Havanna,1
1129=,Hazel-Ann,1
1129=,Heather-Mirin,1
1129=,Heeran,1
1129=,Hei,1
1129=,Helene,1
1129=,Heloise,1
1129=,Hermione,1
1129=,Hester,1
1129=,Hibbah,1
1129=,Hiera,1
1129=,Hifza,1
1129=,Hirra,1
1129=,Hiu,1
1129=,Hoi,1
1129=,Hollie-Anne,1
1129=,Holly-Ann,1
1129=,Huma,1
1129=,Humairaa,1
1129=,Humera,1
1129=,Humna,1
1129=,Humnah,1
1129=,Hurmat,1
1129=,Husna,1
1129=,Ifrah,1
1129=,Ikra,1
1129=,Ikrah,1
1129=,Ileia,1
1129=,Illani,1
1129=,Illianna,1
1129=,Ilona,1
1129=,Imman,1
1129=,Inaya,1
1129=,Inayah,1
1129=,Indea,1
1129=,Indiah,1
1129=,Indiana,1
1129=,Indica,1
1129=,Indusha,1
1129=,Inez,1
1129=,Innes,1
1129=,Insiyah,1
1129=,Iomia,1
1129=,Iona-Jo,1
1129=,Iona-Maree,1
1129=,Iona-Marie,1
1129=,Ioni,1
1129=,Irada,1
1129=,Iris,1
1129=,Irona,1
1129=,Irsah,1
1129=,Isis,1
1129=,Islah-Maree,1
1129=,Israa,1
1129=,Ivy,1
1129=,Izzie,1
1129=,Jacalyn,1
1129=,Jackie,1
1129=,Jacklyn,1
1129=,Jaclyn,1
1129=,Jada,1
1129=,Jadzia,1
1129=,Jae,1
1129=,Jahanara,1
1129=,Jaiden,1
1129=,Jaime-Leigh,1
1129=,Jaime-Louise,1
1129=,Jaimee-Lee,1
1129=,Jaimee-Leigh,1
1129=,Jaimeleigh,1
1129=,Jamie-Ann,1
1129=,Jamie-Lea,1
1129=,Jamie-Louise,1
1129=,Jamielee,1
1129=,Janelle,1
1129=,Jannat,1
1129=,Jasleen,1
1129=,Javairiya,1
1129=,Jay-Mi,1
1129=,Jayd,1
1129=,Jayde-Lea,1
1129=,Jaydyn,1
1129=,Jayme,1
1129=,Jaymee,1
1129=,Jaymi-Nicole,1
1129=,Jaymie-Lee,1
1129=,Jaynie,1
1129=,Jeannette,1
1129=,Jema,1
1129=,Jeni,1
1129=,Jenijo,1
1129=,Jenna-Lee,1
1129=,Jennie,1
1129=,Jennifer-Elizabeth,1
1129=,Jenniferlouise,1
1129=,Jeri,1
1129=,Jerica,1
1129=,Jerry,1
1129=,Jesika,1
1129=,Jeska,1
1129=,Jesse,1
1129=,Jessica-Jayne,1
1129=,Jessica-Rose,1
1129=,Jessika,1
1129=,Jessy,1
1129=,Jia,1
1129=,Jing,1
1129=,Jo-Dee,1
1129=,Joan,1
1129=,Joelle,1
1129=,Joey,1
1129=,Johann,1
1129=,Johanne,1
1129=,Joirdan,1
1129=,Joley,1
1129=,Joli,1
1129=,Jomanah,1
1129=,Joni,1
1129=,Jordan-Jaye,1
1129=,Jordann,1
1129=,Jorden,1
1129=,Jordhan,1
1129=,Jordon,1
1129=,Jordon-Lee,1
1129=,Jordyan,1
1129=,Jordynn,1
1129=,Jorge,1
1129=,Jorgia,1
1129=,Jorji,1
1129=,Josefine,1
1129=,Josey,1
1129=,Joyce,1
1129=,Joyee,1
1129=,Jozie,1
1129=,Judy,1
1129=,Julianna,1
1129=,Julieta,1
1129=,Justina,1
1129=,Kadi,1
1129=,Kadie,1
1129=,Kadin,1
1129=,Kadylee,1
1129=,Kaela,1
1129=,Kaelin,1
1129=,Kaelyn,1
1129=,Kahia,1
1129=,Kaicey,1
1129=,Kaiesha,1
1129=,Kaighley,1
1129=,Kailah,1
1129=,Kailan,1
1129=,Kaileigh,1
1129=,Kailin,1
1129=,Kainat,1
1129=,Kaisha,1
1129=,Kaitlan,1
1129=,Kaitlind,1
1129=,Kaitlyn-Maree,1
1129=,Kaitlynd,1
1129=,Kaitlynn,1
1129=,Kaitlynne,1
1129=,Kaity,1
1129=,Kajal,1
1129=,Kaleigh,1
1129=,Kalisha,1
1129=,Kallai,1
1129=,Kallan,1
1129=,Kalsoom,1
1129=,Kamiela,1
1129=,Kamryn,1
1129=,Kandice,1
1129=,Kara-Anne,1
1129=,Karam,1
1129=,Kareen,1
1129=,Karli-Jo,1
1129=,Karmen,1
1129=,Karra,1
1129=,Karys-Tina,1
1129=,Kasey-Leigh,1
1129=,Kasi,1
1129=,Kassidi,1
1129=,Kathleenann,1
1129=,Kati,1
1129=,Katie-Ann,1
1129=,Katie-Anne,1
1129=,Katie-Leigh,1
1129=,Katiemarie,1
1129=,Katlyne,1
1129=,Katrena,1
1129=,Katryn,1
1129=,Katy-Leigh,1
1129=,Katya,1
1129=,Kayann,1
1129=,Kaycee,1
1129=,Kayci,1
1129=,Kaydi,1
1129=,Kaylah,1
1129=,Kaylie,1
1129=,Kaylienna,1
1129=,Kaylynne,1
1129=,Kayra,1
1129=,Kaytlin,1
1129=,Kaytlin-Louise,1
1129=,Kaytlyn,1
1129=,Kaytlynn,1
1129=,Kaytoni,1
1129=,Kearly,1
1129=,Keavey,1
1129=,Keavi,1
1129=,Keela,1
1129=,Keelay,1
1129=,Keelin,1
1129=,Keeragh,1
1129=,Keeva,1
1129=,Keirra,1
1129=,Keisha,1
1129=,Keishia,1
1129=,Kelci,1
1129=,Kelci-Leigh,1
1129=,Kelis,1
1129=,Kelise,1
1129=,Kellan,1
1129=,Kellesey,1
1129=,Kellsey,1
1129=,Kelly-Ann,1
1129=,Kelly-Jane,1
1129=,Kellyann,1
1129=,Kelsiey,1
1129=,Kemilyn,1
1129=,Kenah,1
1129=,Kendel,1
1129=,Kenedi,1
1129=,Kenilea,1
1129=,Kenleigh,1
1129=,Kenlyn,1
1129=,Kennedie,1
1129=,Kennedy-Leigh,1
1129=,Kensi,1
1129=,Kensie,1
1129=,Kerah,1
1129=,Keran,1
1129=,Kerilouise,1
1129=,Kerra,1
1129=,Kerri-Anne,1
1129=,Kerrianne,1
1129=,Kerrileigh,1
1129=,Kerrin,1
1129=,Kerryanne,1
1129=,Kerryn,1
1129=,Kerstin,1
1129=,Keyana,1
1129=,Keziah-Roisin,1
1129=,Khadeejah,1
1129=,Khadija,1
1129=,Khali,1
1129=,Khiana,1
1129=,Khiya,1
1129=,Khyra,1
1129=,Kian,1
1129=,Kiarra,1
1129=,Kiaya,1
1129=,Kielyn,1
1129=,Kierra,1
1129=,Kiersten,1
1129=,Kimberleigh,1
1129=,Kimla,1
1129=,King,1
1129=,Kinneret,1
1129=,Kirandeep,1
1129=,Kirin,1
1129=,Kirsteen,1
1129=,Kirsti-Ann,1
1129=,Kirsty-Louise,1
1129=,Kitlaq,1
1129=,Kitty,1
1129=,Kiyonna,1
1129=,Klodiana,1
1129=,Kobi,1
1129=,Kodii,1
1129=,Konni,1
1129=,Koral,1
1129=,Korina,1
1129=,Kourtney,1
1129=,Krissti,1
1129=,Krista,1
1129=,Kristy,1
1129=,Kriti,1
1129=,Krystal,1
1129=,Ktlyn,1
1129=,Kuratulain,1
1129=,Kyah,1
1129=,Kyha,1
1129=,Kylie-Marie,1
1129=,Kymberley,1
1129=,Kymberlie,1
1129=,Kyneisha,1
1129=,Kyra-Louise,1
1129=,Kyrah,1
1129=,Kyrmina,1
1129=,Laareb,1
1129=,Labeena,1
1129=,Lacy,1
1129=,Laetitia,1
1129=,Lahmia,1
1129=,Laila-Marley,1
1129=,Laina,1
1129=,Laina-Ann,1
1129=,Laityn,1
1129=,Lamisah,1
1129=,Lana-Jay,1
1129=,Laney,1
1129=,Laoise,1
1129=,Larah,1
1129=,Laraib,1
1129=,Latasha,1
1129=,Latitia,1
1129=,Latonia,1
1129=,Lauranne,1
1129=,Laurel,1
1129=,Lauren-Louise,1
1129=,Lauren-Rose,1
1129=,Lauretta,1
1129=,Laurin,1
1129=,Laurissa,1
1129=,Lawrie,1
1129=,Layna,1
1129=,Leaha,1
1129=,Leann,1
1129=,Leanna,1
1129=,Lee-Anne,1
1129=,Leeha,1
1129=,Leena,1
1129=,Leiah,1
1129=,Leigh-Anne,1
1129=,Leighona,1
1129=,Leilah,1
1129=,Lennie-Louise,1
1129=,Leone,1
1129=,Leonore,1
1129=,Letisha,1
1129=,Lexanne,1
1129=,Lexie,1
1129=,Lexy,1
1129=,Leykin,1
1129=,Leylah,1
1129=,Leyna,1
1129=,Lhanna,1
1129=,Liah,1
1129=,Lian,1
1129=,Lidia,1
1129=,Liefje,1
1129=,Lieke,1
1129=,Lilas,1
1129=,Lile,1
1129=,Lili-Xan,1
1129=,Lilian,1
1129=,Liliana,1
1129=,Lily-Rose,1
1129=,Lina,1
1129=,Lindsaymarie,1
1129=,Lindy,1
1129=,Ling,1
1129=,Lise,1
1129=,Lisette,1
1129=,Liusaidh,1
1129=,Livia,1
1129=,Lizanne,1
1129=,Lora,1
1129=,Loran,1
1129=,Lorena,1
1129=,Loretta,1
1129=,Lori-Lee,1
1129=,Loriana,1
1129=,Lorne,1
1129=,Lottie,1
1129=,Louie,1
1129=,Louise-Jane,1
1129=,Louize,1
1129=,Lourdes,1
1129=,Luana,1
1129=,Lubna,1
1129=,Luby,1
1129=,Luci,1
1129=,Lucienne,1
1129=,Lucina,1
1129=,Lucy-Ann,1
1129=,Lucy-Danielle,1
1129=,Lucy-Jane,1
1129=,Luisaidh,1
1129=,Lulu,1
1129=,Lunjika,1
1129=,Lynne,1
1129=,Lynsay,1
1129=,Lynzi,1
1129=,Lynzie,1
1129=,Maaria,1
1129=,Maariya,1
1129=,Maarya,1
1129=,Macenna,1
1129=,Machaela,1
1129=,Mackenna,1
1129=,Madalena,1
1129=,Madalina,1
1129=,Maddy,1
1129=,Madesha,1
1129=,Maeanna,1
1129=,Maegan,1
1129=,Magdalene,1
1129=,Maggie,1
1129=,Maha,1
1129=,Maham,1
1129=,Mahli,1
1129=,Mahreen,1
1129=,Maija,1
1129=,Mairaid,1
1129=,Mairiann,1
1129=,Maisha,1
1129=,Maisy,1
1129=,Makenzie,1
1129=,Malaak,1
1129=,Malaika,1
1129=,Maleeha,1
1129=,Malia,1
1129=,Mame,1
1129=,Man,1
1129=,Manasi,1
1129=,Mandi,1
1129=,Mandylouise,1
1129=,Manpreet,1
1129=,Marcadies,1
1129=,Marcelle,1
1129=,Marci,1
1129=,Marcia,1
1129=,Margaux-Annie-Rose,1
1129=,Margherita,1
1129=,Marhea,1
1129=,Marhi,1
1129=,Mariama,1
1129=,Marian,1
1129=,Marie-Louise,1
1129=,Marie-Therese,1
1129=,Marieke,1
1129=,Mariesa,1
1129=,Marilyn,1
1129=,Mariyah,1
1129=,Marla,1
1129=,Marlee,1
1129=,Marlie,1
1129=,Marni,1
1129=,Marran,1
1129=,Marriam,1
1129=,Martha-Jane,1
1129=,Martine,1
1129=,Mary-Ann,1
1129=,Mary-Kate,1
1129=,Maryellen,1
1129=,Marykate,1
1129=,Marylin,1
1129=,Maryn,1
1129=,Maryrose,1
1129=,Maryuam,1
1129=,Masooma,1
1129=,Mathilda,1
1129=,Mattie,1
1129=,Maud,1
1129=,Mavi,1
1129=,Max,1
1129=,May,1
1129=,Mckayla,1
1129=,Mckenna,1
1129=,Mckern,1
1129=,Meagan,1
1129=,Medea,1
1129=,Meera,1
1129=,Megan-Leigh,1
1129=,Megane,1
1129=,Megann,1
1129=,Meganrose,1
1129=,Megen,1
1129=,Meggan,1
1129=,Megha,1
1129=,Meghane,1
1129=,Meghann,1
1129=,Mehak,1
1129=,Mei,1
1129=,Meila,1
1129=,Meisha,1
1129=,Mel,1
1129=,Melangell,1
1129=,Melina,1
1129=,Melisa,1
1129=,Melissa-Ann,1
1129=,Mellanie,1
1129=,Mellissa,1
1129=,Melony,1
1129=,Memona,1
1129=,Mena,1
1129=,Meno,1
1129=,Merab,1
1129=,Merlin,1
1129=,Merrisa,1
1129=,Merryn,1
1129=,Meryem,1
1129=,Meryl,1
1129=,Mesha,1
1129=,Mhairi-Jai,1
1129=,Mhari-Ann,1
1129=,Mharia,1
1129=,Mhoren,1
1129=,Mia-Gabriella,1
1129=,Miara,1
1129=,Miarin,1
1129=,Mica,1
1129=,Michaella,1
1129=,Mickella,1
1129=,Mie,1
1129=,Mihindukulasuriya,1
1129=,Mika,1
1129=,Mikha,1
1129=,Miki,1
1129=,Mikyla,1
1129=,Milan,1
1129=,Milena,1
1129=,Mili,1
1129=,Milli,1
1129=,Millissa,1
1129=,Mima,1
1129=,Minah,1
1129=,Minahil,1
1129=,Mirah,1
1129=,Miran,1
1129=,Mirella,1
1129=,Misdha,1
1129=,Misha-Nicole,1
1129=,Miya,1
1129=,Mobeen,1
1129=,Molli,1
1129=,Momena,1
1129=,Mona,1
1129=,Moneca,1
1129=,Monika,1
1129=,Monisah,1
1129=,Montanna,1
1129=,Montserrat,1
1129=,Morgan-Lei,1
1129=,Morgan-Louise,1
1129=,Morganne,1
1129=,Morgen,1
1129=,Moriom,1
1129=,Morna,1
1129=,Morrin,1
1129=,Morvyn,1
1129=,Moy,1
1129=,Moya,1
1129=,Muireall,1
1129=,Muirinn,1
1129=,Muirne,1
1129=,Murdina,1
1129=,Murhan,1
1129=,Murron-Anne,1
1129=,Murrun,1
1129=,Muskiran,1
1129=,Mya-Taylor,1
1129=,Myada,1
1129=,Mychaela,1
1129=,Myla,1
1129=,Myra,1
1129=,Myren,1
1129=,Myron,1
1129=,Myrran,1
1129=,Myrren,1
1129=,Nabihah,1
1129=,Nadele,1
1129=,Nadena,1
1129=,Nadish,1
1129=,Nadiyah,1
1129=,Nadja,1
1129=,Nadya,1
1129=,Nahal,1
1129=,Naia,1
1129=,Naiha,1
1129=,Naila,1
1129=,Naima,1
1129=,Nairne,1
1129=,Namood-E-Sehar,1
1129=,Nancy,1
1129=,Naomei,1
1129=,Naomh,1
1129=,Naomi-Jane,1
1129=,Nareesh,1
1129=,Nareh,1
1129=,Narein,1
1129=,Narin,1
1129=,Narissa,1
1129=,Naseeha,1
1129=,Natalya,1
1129=,Nathania,1
1129=,Navdip,1
1129=,Navkiran,1
1129=,Nayela,1
1129=,Nayyara,1
1129=,Nazanin,1
1129=,Nea,1
1129=,Neamh,1
1129=,Neela,1
1129=,Neelum,1
1129=,Neeve,1
1129=,Neiruz,1
1129=,Neisha,1
1129=,Nekole,1
1129=,Neola,1
1129=,Neomi,1
1129=,Nerea,1
1129=,Nerrice,1
1129=,Niah,1
1129=,Niav,1
1129=,Nichol,1
1129=,Nico,1
1129=,Nicole-Ann,1
1129=,Nicole-Lee,1
1129=,Nicolette,1
1129=,Nicolle,1
1129=,Nidine,1
1129=,Nikayla,1
1129=,Niki,1
1129=,Nikkala,1
1129=,Nikkia,1
1129=,Nikkita,1
1129=,Nikyra,1
1129=,Nimal,1
1129=,Nimra,1
1129=,Nioma,1
1129=,Niomay,1
1129=,Nishath,1
1129=,Nittiya,1
1129=,Niyah,1
1129=,Noor,1
1129=,Noor-Bibi,1
1129=,Noor-E-Hira,1
1129=,Nooriya,1
1129=,Nora,1
1129=,Nouhad,1
1129=,Nula,1
1129=,Nurul,1
1129=,Nya,1
1129=,Nyala,1
1129=,Nyna,1
1129=,Nyreedawn,1
1129=,Ocean,1
1129=,Odichimnma,1
1129=,Odilia,1
1129=,Olivya,1
1129=,Omaima,1
1129=,On,1
1129=,Onnagh,1
1129=,Oona,1
1129=,Oonagh,1
1129=,Orianne,1
1129=,Orita,1
1129=,Pacha,1
1129=,Paddileigh,1
1129=,Pagan,1
1129=,Paighton,1
1129=,Panya,1
1129=,Paramjyot,1
1129=,Pardiss,1
1129=,Paris,1
1129=,Paris-Leigh,1
1129=,Parisa,1
1129=,Parmjeet,1
1129=,Parris,1
1129=,Parveen,1
1129=,Pascale,1
1129=,Paton,1
1129=,Patyn,1
1129=,Paulette,1
1129=,Pauline,1
1129=,Pawan,1
1129=,Paysleigh,1
1129=,Payton,1
1129=,Pearl,1
1129=,Peri,1
1129=,Persia,1
1129=,Petra,1
1129=,Peyton,1
1129=,Pietra,1
1129=,Pippa,1
1129=,Pippin,1
1129=,Pollyanna,1
1129=,Pooja,1
1129=,Poonam,1
1129=,Porsche,1
1129=,Preya,1
1129=,Princella,1
1129=,Prithi,1
1129=,Priyah,1
1129=,Priyanka,1
1129=,Pul,1
1129=,Pyper,1
1129=,Qialing,1
1129=,Qindeel,1
1129=,Rabeeah,1
1129=,Rabeel,1
1129=,Rabiya,1
1129=,Rachael-Maria,1
1129=,Rachal,1
1129=,Rachelann,1
1129=,Rachele,1
1129=,Radina,1
1129=,Radwa,1
1129=,Rae-Anne,1
1129=,Raeanna,1
1129=,Raeanne,1
1129=,Raegan-Leigh,1
1129=,Raewyn,1
1129=,Ragen,1
1129=,Rahat,1
1129=,Raigan,1
1129=,Raiham,1
1129=,Rameesah,1
1129=,Rana,1
1129=,Rania,1
1129=,Rawan,1
1129=,Rayan,1
1129=,Rayhannah,1
1129=,Rayna-Lee,1
1129=,Rayne,1
1129=,Raynor,1
1129=,Razwana,1
1129=,Reanna,1
1129=,Rebbecca,1
1129=,Rebecah,1
1129=,Rebeccah,1
1129=,Rebeckah,1
1129=,Rebekah-Louise,1
1129=,Reegan,1
1129=,Reese,1
1129=,Reggin,1
1129=,Reghan,1
1129=,Rehab,1
1129=,Rehana,1
1129=,Reina,1
1129=,Rejoice,1
1129=,Rema,1
1129=,Remy,1
1129=,Rena,1
1129=,Rene,1
1129=,Reneigh,1
1129=,Reni,1
1129=,Renne,1
1129=,Retaj,1
1129=,Reyhan,1
1129=,Rhaegan,1
1129=,Rhana,1
1129=,Rhayann,1
1129=,Rhayanon,1
1129=,Rheagane,1
1129=,Rheann,1
1129=,Rheanna,1
1129=,Rhemshah,1
1129=,Rhiannan,1
1129=,Rhianon,1
1129=,Rhiona,1
1129=,Rhionna,1
1129=,Rhoda,1
1129=,Rhuie,1
1129=,Rhyanna,1
1129=,Rhylie,1
1129=,Ribh,1
1129=,Richeldis,1
1129=,Riha,1
1129=,Rihana,1
1129=,Rikki-Lee,1
1129=,Rikkilee,1
1129=,Rima,1
1129=,Rimsha,1
1129=,Rina,1
1129=,Riona,1
1129=,Robbie-Leigh,1
1129=,Robeena,1
1129=,Roberta,1
1129=,Romana,1
1129=,Romessa,1
1129=,Romi,1
1129=,Ronnie,1
1129=,Roopneet,1
1129=,Rosaleen,1
1129=,Rosalind,1
1129=,Rosalynn,1
1129=,Rosamaria,1
1129=,Rosanna,1
1129=,Rosheen,1
1129=,Roshni,1
1129=,Roshvinder,1
1129=,Rossi,1
1129=,Rosy,1
1129=,Rowanna,1
1129=,Rowanne,1
1129=,Roza,1
1129=,Rozlyn,1
1129=,Rubal,1
1129=,Rubekah,1
1129=,Ruby-Anne,1
1129=,Rudi,1
1129=,Ruqaiya,1
1129=,Ruqayyah,1
1129=,Ruqqiyah,1
1129=,Ruwayda,1
1129=,Ryanne,1
1129=,Ryeka,1
1129=,Ryley,1
1129=,Saafiya,1
1129=,Saarah,1
1129=,Saba,1
1129=,Sabah,1
1129=,Sabina,1
1129=,Sabiqa,1
1129=,Sabreena,1
1129=,Sabrije,1
1129=,Sabryna,1
1129=,Sadaaf,1
1129=,Sadhbh,1
1129=,Sadhika,1
1129=,Sadia,1
1129=,Safah,1
1129=,Safi,1
1129=,Safia,1
1129=,Safiya,1
1129=,Safron,1
1129=,Saideh,1
1129=,Saima,1
1129=,Salam,1
1129=,Saleha,1
1129=,Saliha,1
1129=,Sally-Ann,1
1129=,Salwa,1
1129=,Salyha,1
1129=,Salyma,1
1129=,Samah,1
1129=,Samara,1
1129=,Sameet,1
1129=,Samia,1
1129=,Samicha,1
1129=,Sammy,1
1129=,Sammy-Lee,1
1129=,Samra,1
1129=,Sana',1
1129=,Sandi,1
1129=,Santana,1
1129=,Sanya,1
1129=,Sara-Jayne,1
1129=,Sarah-Ann,1
1129=,Sarah-Claire,1
1129=,Sarah-Leanne,1
1129=,Sarah-Liz,1
1129=,Sarahlouise,1
1129=,Sarann,1
1129=,Sasha-Lea,1
1129=,Savana,1
1129=,Savannah-Rose,1
1129=,Sawab,1
1129=,Sayma,1
1129=,Scarlet,1
1129=,Seana,1
1129=,Seckia,1
1129=,Seher,1
1129=,Sehreen,1
1129=,Sehrish,1
1129=,Sehyr,1
1129=,Selina,1
1129=,Selina-Louise,1
1129=,Semma,1
1129=,Sena,1
1129=,Senga,1
1129=,Seona,1
1129=,Sereina,1
1129=,Sevan,1
1129=,Shaelea,1
1129=,Shahida,1
1129=,Shahna,1
1129=,Shana-Michelle,1
1129=,Shanah,1
1129=,Shanden,1
1129=,Shanead,1
1129=,Shaneese,1
1129=,Shani,1
1129=,Shaniece,1
1129=,Shaniese,1
1129=,Shanika,1
1129=,Shanique,1
1129=,Shanisse,1
1129=,Shanley,1
1129=,Shannagh,1
1129=,Shannan,1
1129=,Shannen-Louise,1
1129=,Shannon-Dionne,1
1129=,Shannon-Lea,1
1129=,Shannon-Lee,1
1129=,Shanza,1
1129=,Sharandeep,1
1129=,Sharanjit,1
1129=,Shareefa,1
1129=,Sharell,1
1129=,Shari,1
1129=,Shariah,1
1129=,Sharna-Paige,1
1129=,Sharrah,1
1129=,Sharvani,1
1129=,Shaunah,1
1129=,Shaunee,1
1129=,Shaunet,1
1129=,Shauney,1
1129=,Shaunie,1
1129=,Shaunni,1
1129=,Shauntelle,1
1129=,Shavaun,1
1129=,Shavon,1
1129=,Shawna,1
1129=,Shawnay,1
1129=,Shawnee,1
1129=,Shawnie,1
1129=,Shayleigh,1
1129=,Shayne,1
1129=,Shaynel,1
1129=,Shaznay,1
1129=,Sheena,1
1129=,Shela,1
1129=,Shelbi,1
1129=,Shella-Narise,1
1129=,Shelly,1
1129=,Sheonagh,1
1129=,Sherice,1
1129=,Sheridan-Leigh,1
1129=,Sherrie,1
1129=,Shevaun,1
1129=,Shikira,1
1129=,Shinade,1
1129=,Shira,1
1129=,Shireen,1
1129=,Shivani,1
1129=,Shivone,1
1129=,Shivwani,1
1129=,Shoshanna,1
1129=,Shruti,1
1129=,Shula,1
1129=,Sianise,1
1129=,Siena,1
1129=,Sigrun,1
1129=,Silan,1
1129=,Silvia,1
1129=,Simay,1
1129=,Simeone,1
1129=,Simranjeet,1
1129=,Simrin,1
1129=,Sinnead,1
1129=,Siobhan-Marie,1
1129=,Sion,1
1129=,Sioned,1
1129=,Sitinurhafiqah,1
1129=,Siubhan,1
1129=,Skye-Marie,1
1129=,Slsabeel,1
1129=,Sobia,1
1129=,Sofi,1
1129=,Sofiyah,1
1129=,Sohair,1
1129=,Solphie,1
1129=,Sonja,1
1129=,Sophie-Laura,1
1129=,Sophy,1
1129=,Soraya,1
1129=,Soria,1
1129=,Sorrel,1
1129=,Spencer,1
1129=,Stacey-Michelle,1
1129=,Stacie,1
1129=,Stacy,1
1129=,Stephanie-Jo,1
1129=,Steveni,1
1129=,Stevy,1
1129=,Stirling,1
1129=,Storm,1
1129=,Suad,1
1129=,Subhana,1
1129=,Suen,1
1129=,Suhana,1
1129=,Suhur,1
1129=,Suk,1
1129=,Sukhmani,1
1129=,Sula,1
1129=,Sultan,1
1129=,Sumera,1
1129=,Sumita,1
1129=,Sumra,1
1129=,Sunera,1
1129=,Sunny,1
1129=,Suraya,1
1129=,Suriya,1
1129=,Susanne,1
1129=,Suvi,1
1129=,Suzaan,1
1129=,Suzanna,1
1129=,Suzi,1
1129=,Sydney,1
1129=,Sydni,1
1129=,Sylvie,1
1129=,Sylviette,1
1129=,Symone,1
1129=,Taelor,1
1129=,Tagwen,1
1129=,Tahiya,1
1129=,Tahlar,1
1129=,Tahmina,1
1129=,Taighler,1
1129=,Tailor,1
1129=,Tain,1
1129=,Taine,1
1129=,Taisia,1
1129=,Taiyba,1
1129=,Taja,1
1129=,Takwa,1
1129=,Talana,1
1129=,Talla,1
1129=,Tallulah,1
1129=,Tallulah-Belle,1
1129=,Tamarrah,1
1129=,Tami,1
1129=,Tami-Lee,1
1129=,Tammi,1
1129=,Tammie,1
1129=,Tammy-Leigh,1
1129=,Tamra,1
1129=,Tamson,1
1129=,Tamzen,1
1129=,Tamzyn,1
1129=,Tanisa,1
1129=,Tannith,1
1129=,Tansy,1
1129=,Tanvi,1
1129=,Tanzy,1
1129=,Taqwa,1
1129=,Taraneh,1
1129=,Taris,1
1129=,Tarra,1
1129=,Taryn,1
1129=,Tasfia,1
1129=,Tasha,1
1129=,Tasina,1
1129=,Taskeen,1
1129=,Tasman,1
1129=,Tasneem,1
1129=,Taybah,1
1129=,Taylar,1
1129=,Taylare,1
1129=,Tayller,1
1129=,Taylor-Jayne,1
1129=,Taylor-Lee,1
1129=,Taylor-Leigh,1
1129=,Tbasum,1
1129=,Teaghan,1
1129=,Teah,1
1129=,Teale,1
1129=,Tehya,1
1129=,Teighen,1
1129=,Teighlor,1
1129=,Tenci,1
1129=,Thalia,1
1129=,Theresa,1
1129=,Theresa-Jo,1
1129=,Thomasin,1
1129=,Tia-Jane,1
1129=,Tia-Louise,1
1129=,Tiah,1
1129=,Tiegan-Jade,1
1129=,Tiger,1
1129=,Tiger-Anne,1
1129=,Tillie,1
1129=,Timika,1
1129=,Tiree,1
1129=,Tobi,1
1129=,Tomi,1
1129=,Toni-Lee,1
1129=,Toni-Louise,1
1129=,Toni-Marie,1
1129=,Tonii,1
1129=,Toyah,1
1129=,Tracianne,1
1129=,Tristyn,1
1129=,Trudi,1
1129=,Trudy,1
1129=,Tsen,1
1129=,Tuba,1
1129=,Tya,1
1129=,Tyesha,1
1129=,Tyla,1
1129=,Tze,1
1129=,Udayangi,1
1129=,Umarah,1
1129=,Una,1
1129=,Urooj,1
1129=,Usra,1
1129=,Uswa,1
1129=,Vaila,1
1129=,Valentina,1
1129=,Valeria,1
1129=,Vanessa,1
1129=,Vari,1
1129=,Veera,1
1129=,Venkata,1
1129=,Venus,1
1129=,Verona,1
1129=,Veronica,1
1129=,Vershah,1
1129=,Vhari,1
1129=,Vharrey,1
1129=,Vicki,1
1129=,Victoria-Jane,1
1129=,Vikki,1
1129=,Violette,1
1129=,Virginia,1
1129=,Vivienne,1
1129=,Waad,1
1129=,Wai,1
1129=,Walaa,1
1129=,Wednesday,1
1129=,Willa,1
1129=,Wren,1
1129=,Xara,1
1129=,Xena,1
1129=,Xhuljana,1
1129=,Xiaochen,1
1129=,Yah,1
1129=,Yana,1
1129=,Yanire,1
1129=,Yanna,1
1129=,Yasmeen,1
1129=,Yellise,1
1129=,Yenesei,1
1129=,Yesim,1
1129=,Yesnaby,1
1129=,Yolanda,1
1129=,Yue,1
1129=,Yves,1
1129=,Yvie,1
1129=,Yvonne,1
1129=,Zahara,1
1129=,Zahrah,1
1129=,Zaina,1
1129=,Zakiya,1
1129=,Zanib,1
1129=,Zaraleah,1
1129=,Zaria,1
1129=,Zaynah,1
1129=,Zeenat,1
1129=,Zehna,1
1129=,Zenah,1
1129=,Zenayb,1
1129=,Zenub,1
1129=,Zirwa,1
1129=,Zita,1
1129=,Zobia,1
1129=,Zoha,1
1129=,Zoia,1
1129=,Zoie,1
1129=,Zoya,1
1129=,Zoyah,1
1129=,Zubayda,1
1129=,Zuez,1
