Position,Name,Number of babies
1,Chloe,574
2,Sophie,532
3,Emma,504
4,Amy,499
5,Erin,441
6,Ellie,423
7,Rachel,401
8,Lauren,399
9,Megan,397
10,Hannah,378
11,Rebecca,376
12,Emily,335
13,Caitlin,331
14,Lucy,327
15,Holly,322
16,Katie,284
17,Nicole,252
18,Sarah,249
19,Abbie,246
20,Morgan,224
21,Niamh,215
22,Anna,213
23,Shannon,203
24,Leah,196
25,Eilidh,195
26,Zoe,192
27,Jessica,189
28,Louise,177
29,Aimee,174
30,Eve,172
31,Jennifer,170
32,Molly,167
33,Courtney,165
34=,Kirsty,153
34=,Olivia,153
36,Jade,151
37,Charlotte,147
38=,Bethany,135
38=,Laura,135
40=,Rachael,132
40=,Taylor,132
42=,Abby,126
42=,Cara,126
44,Abigail,125
45,Jodie,122
46,Mia,119
47,Samantha,117
48=,Beth,114
48=,Heather,114
48=,Kayleigh,114
51,Iona,102
52,Stephanie,100
53,Isla,97
54,Robyn,96
55,Melissa,95
56,Georgia,94
57,Grace,89
58,Brooke,88
59,Natasha,85
60=,Caitlyn,82
60=,Jenna,82
62,Amber,81
63,Skye,80
64=,Gemma,77
64=,Hayley,77
66,Lisa,75
67,Kelsey,73
68,Freya,72
69,Natalie,68
70=,Claire,67
70=,Danielle,67
72=,Catherine,65
72=,Eva,65
74=,Alice,64
74=,Kayla,64
76=,Demi,63
76=,Kate,63
76=,Paige,63
79,Chelsea,60
80=,Ciara,59
80=,Nicola,59
82,Hollie,56
83=,Carly,55
83=,Elizabeth,55
83=,Kara,55
86=,Alex,54
86=,Rebekah,54
88=,Alicia,53
88=,Kiera,53
90,Alexandra,52
91=,Charlie,51
91=,Elle,51
93=,Fiona,50
93=,Kaitlyn,50
93=,Lara,50
93=,Rosie,50
97=,Catriona,48
97=,Ella,48
99,Carla,47
100=,Cerys,46
100=,Eleanor,46
102=,Katherine,45
102=,Kirsten,45
104=,Chantelle,44
104=,Naomi,44
106=,Alana,43
106=,Ava,43
106=,Ellen,43
106=,Rhiannon,43
110=,Lily,42
110=,Sara,42
112,Kerry,41
113=,Tegan,40
113=,Zara,40
115=,Elise,39
115=,Millie,39
115=,Neve,39
115=,Victoria,39
119=,Ashleigh,38
119=,Keira,38
119=,Maria,38
122,Abbey,37
123=,Abbi,36
123=,Ailsa,36
123=,Alix,36
123=,Ashley,36
123=,Casey,36
123=,Imogen,36
123=,Mhairi,36
123=,Orla,36
131=,Daisy,35
131=,Jasmine,35
133=,Brogan,34
133=,Jemma,34
133=,Katy,34
133=,Lois,34
133=,Morven,34
138=,Alisha,33
138=,Kaitlin,33
138=,Kathryn,33
138=,Rowan,33
142=,Charley,32
142=,Toni,32
144=,Lauryn,31
144=,Ruby,31
146=,Ellis,30
146=,Phoebe,30
148=,Amelia,29
148=,Rose,29
150=,Anya,28
150=,Connie,28
150=,Kacey,28
150=,Maisie,28
154=,Gabrielle,26
154=,Kimberley,26
156=,Ebony,25
156=,Hope,25
156=,Leigh,25
156=,Maya,25
156=,Mollie,25
161=,Adele,24
161=,Annie,24
161=,Becky,24
161=,Jordan,24
161=,Katelyn,24
161=,Kimberly,24
161=,Leona,24
161=,Mirren,24
161=,Mya,24
161=,Nadia,24
161=,Sinead,24
161=,Teigan,24
173,Sophia,23
174=,Christina,22
174=,Faith,22
174=,Joanna,22
174=,Meghan,22
174=,Tiegan,22
179=,Dionne,21
179=,Evie,21
179=,Kirstin,21
179=,Leanne,21
179=,Madison,21
179=,Nina,21
179=,Rhona,21
179=,Yasmin,21
187=,Alanna,20
187=,Alyssa,20
187=,Amie,20
187=,Christie,20
187=,Jamie,20
187=,Katrina,20
187=,Kelly,20
187=,Libby,20
187=,Martha,20
187=,Mary,20
187=,Poppy,20
187=,Ruth,20
187=,Siobhan,20
187=,Tara,20
201=,Carmen,19
201=,Carrie,19
201=,Georgina,19
201=,Kerri,19
201=,Madeleine,19
201=,Michaela,19
201=,Tamzin,19
201=,Tia,19
209=,Dana,18
209=,Francesca,18
209=,Kathleen,18
209=,Kira,18
209=,Louisa,18
214=,Amanda,17
214=,Annabel,17
214=,Billie,17
214=,Clara,17
214=,Devon,17
214=,Kaci,17
214=,Michelle,17
214=,Milly,17
214=,Roisin,17
214=,Sasha,17
214=,Sian,17
225=,Aaliyah,16
225=,Aisha,16
225=,Clare,16
225=,Isabella,16
225=,Isobel,16
225=,Julia,16
225=,Lana,16
225=,Maia,16
225=,Mairi,16
225=,Maryam,16
225=,Rhianna,16
225=,Saskia,16
237=,Antonia,15
237=,Bailey,15
237=,Brodie,15
237=,Hazel,15
237=,Jodi,15
237=,Kenzie,15
237=,Laurie,15
237=,Murron,15
237=,Nadine,15
237=,Regan,15
237=,Shelby,15
248=,Caroline,14
248=,Cody,14
248=,Eloise,14
248=,Helena,14
248=,Jessie,14
248=,Joanne,14
248=,Kelsie,14
248=,Margaret,14
248=,Melanie,14
248=,Shona,14
248=,Stacey,14
259=,Bethan,13
259=,Dawn,13
259=,Gillian,13
259=,India,13
259=,Jane,13
259=,Jenny,13
259=,Karis,13
259=,Leia,13
259=,Sally,13
259=,Shauna,13
269=,Alannah,12
269=,Bobbi,12
269=,Bronwyn,12
269=,Claudia,12
269=,Eden,12
269=,Eryn,12
269=,Josephine,12
269=,Leonie,12
269=,Lia,12
269=,Lori,12
269=,Lorna,12
269=,Mackenzie,12
269=,Rhian,12
269=,Tyler,12
269=,Zainab,12
284=,Ailie,11
284=,Amelie,11
284=,Ami,11
284=,Angel,11
284=,Ayesha,11
284=,Christy,11
284=,Halle,11
284=,Helen,11
284=,Karen,11
284=,Karla,11
284=,Kasey,11
284=,Meg,11
284=,Nikki,11
284=,Shakira,11
284=,Willow,11
284=,Yasmine,11
300=,Alison,10
300=,Andrea,10
300=,Annabelle,10
300=,Darcy,10
300=,Faye,10
300=,Fern,10
300=,Jorja,10
300=,Josie,10
300=,Kayley,10
300=,Keri,10
300=,Kiara,10
300=,Logan,10
300=,Monica,10
300=,Sadie,10
300=,Summer,10
300=,Susannah,10
300=,Tabitha,10
300=,Tammy,10
318=,Alysha,9
318=,Angela,9
318=,Annalise,9
318=,Aoife,9
318=,Bryony,9
318=,Caragh,9
318=,Carys,9
318=,Charli,9
318=,Chiara,9
318=,Dannielle,9
318=,Darcey,9
318=,Harriet,9
318=,Jacqueline,9
318=,Jamie-Lee,9
318=,Jasmin,9
318=,Jordyn,9
318=,Kristin,9
318=,Kyla,9
318=,Maeve,9
318=,Matilda,9
318=,Neave,9
318=,Rhea,9
318=,Simone,9
318=,Stella,9
318=,Susan,9
318=,Tamara,9
344=,Ailidh,8
344=,April,8
344=,Cameron,8
344=,Cheyenne,8
344=,Danni,8
344=,Demi-Lee,8
344=,Drew,8
344=,Elena,8
344=,Esme,8
344=,Flora,8
344=,Georgie,8
344=,Harley,8
344=,Holli,8
344=,Isabelle,8
344=,Julie,8
344=,Karina,8
344=,Kim,8
344=,Lucia,8
344=,Lucie,8
344=,Mairead,8
344=,Philippa,8
344=,Reese,8
344=,Rhianne,8
344=,Saffron,8
344=,Shanice,8
344=,Suzanne,8
344=,Tayler,8
344=,Teagan,8
344=,Tiffany,8
373=,Ailish,7
373=,Aisling,7
373=,Alexandria,7
373=,Alexis,7
373=,Alyx,7
373=,Brianna,7
373=,Cassie,7
373=,Cheryl,7
373=,Christine,7
373=,Cora,7
373=,Demi-Leigh,7
373=,Emilie,7
373=,Erica,7
373=,Frances,7
373=,Gabriella,7
373=,Hana,7
373=,Hayleigh,7
373=,Heidi,7
373=,Honor,7
373=,Jaime,7
373=,Johanna,7
373=,Kirstie,7
373=,Kitty,7
373=,Kym,7
373=,Layla,7
373=,Lea,7
373=,Lindsay,7
373=,Linzi,7
373=,Nikita,7
373=,Ria,7
373=,Rona,7
373=,Rosa,7
373=,Rosemary,7
373=,Scarlett,7
373=,Serena,7
373=,Tessa,7
409=,Ailey,6
409=,Aliyah,6
409=,Amna,6
409=,Aqsa,6
409=,Asha,6
409=,Brooklyn,6
409=,Caoimhe,6
409=,Chanel,6
409=,Chanelle,6
409=,Charis,6
409=,Charly,6
409=,Corinne,6
409=,Corrie,6
409=,Dani,6
409=,Dayna,6
409=,Elli,6
409=,Elspeth,6
409=,Evelyn,6
409=,Felicity,6
409=,Hafsah,6
409=,Jaden,6
409=,Jay,6
409=,Jena,6
409=,Jill,6
409=,Justine,6
409=,Katlyn,6
409=,Kaya,6
409=,Kaylee,6
409=,Kennedy,6
409=,Lacey,6
409=,Lena,6
409=,Lola,6
409=,Lydia,6
409=,Miriam,6
409=,Mirin,6
409=,Murrin,6
409=,Paris,6
409=,Rebekka,6
409=,Rio,6
409=,Shanna,6
409=,Shannan,6
409=,Shelley,6
409=,Sky,6
409=,Sorcha,6
409=,Tamsin,6
409=,Tanya,6
409=,Tess,6
409=,Tiana,6
409=,Tori,6
409=,Zahra,6
459=,Abi,5
459=,Alanah,5
459=,Aleesha,5
459=,Amina,5
459=,Amy-Louise,5
459=,Ana,5
459=,Anne,5
459=,Arianna,5
459=,Ayla,5
459=,Beatrice,5
459=,Brenna,5
459=,Bridget,5
459=,Briony,5
459=,Cailin,5
459=,Callie,5
459=,Carol,5
459=,Chantel,5
459=,Charlene,5
459=,Chelsey,5
459=,Codie,5
459=,Deborah,5
459=,Dee,5
459=,Eilish,5
459=,Elaine,5
459=,Elisha,5
459=,Elyse,5
459=,Emilia,5
459=,Estelle,5
459=,Esther,5
459=,Fallon,5
459=,Fatima,5
459=,Fatimah,5
459=,Gail,5
459=,Genevieve,5
459=,Gina,5
459=,Hailie,5
459=,Imaan,5
459=,Iman,5
459=,Isabel,5
459=,Jenni,5
459=,Jillian,5
459=,Jocelyn,5
459=,Jody,5
459=,Jude,5
459=,Kacie,5
459=,Karli,5
459=,Katie-Louise,5
459=,Kay,5
459=,Keris,5
459=,Kerrie,5
459=,Kerris,5
459=,Kerys,5
459=,Kiah,5
459=,Kyra,5
459=,Larissa,5
459=,Leila,5
459=,Lyndsay,5
459=,Lynsey,5
459=,Macy,5
459=,Madeline,5
459=,Marianne,5
459=,Marion,5
459=,Maxine,5
459=,Michaella,5
459=,Monique,5
459=,Murran,5
459=,Noor,5
459=,Nuala,5
459=,Pamela,5
459=,Paula,5
459=,Raegan,5
459=,Renee,5
459=,Riona,5
459=,Rosalind,5
459=,Safa,5
459=,Saoirse,5
459=,Sarah-Jane,5
459=,Sharon,5
459=,Simran,5
459=,Sofia,5
459=,Sonya,5
459=,Susanna,5
459=,Teri,5
459=,Terri,5
459=,Thea,5
459=,Veronica,5
545=,Ainsley,4
545=,Alexa,4
545=,Alina,4
545=,Allana,4
545=,Andi,4
545=,Anja,4
545=,Anne-Marie,4
545=,Annika,4
545=,Arianne,4
545=,Arwen,4
545=,Ashlyn,4
545=,Aurora,4
545=,Billie-Jo,4
545=,Bobbie,4
545=,Bonnie,4
545=,Breanna,4
545=,Cheyanne,4
545=,Ciera,4
545=,Colette,4
545=,Colleen,4
545=,Collette,4
545=,Daniella,4
545=,Darci,4
545=,Darcie,4
545=,Demilee,4
545=,Destiny,4
545=,Dione,4
545=,Emmie,4
545=,Erika,4
545=,Farah,4
545=,Freyja,4
545=,Gracie,4
545=,Grainne,4
545=,Hanna,4
545=,Helin,4
545=,Innes,4
545=,Iqra,4
545=,Iris,4
545=,Islay,4
545=,Jayde,4
545=,Jazmin,4
545=,Jean,4
545=,Jo,4
545=,Jolie,4
545=,Juliet,4
545=,Juliette,4
545=,Kaia,4
545=,Kaila,4
545=,Kaiya,4
545=,Karly,4
545=,Katharine,4
545=,Khadija,4
545=,Khadijah,4
545=,Kiana,4
545=,Kirstyn,4
545=,Kourtney,4
545=,Kristina,4
545=,Kya,4
545=,Lanna,4
545=,Leoni,4
545=,Levi,4
545=,Lexie,4
545=,Lianne,4
545=,Liberty,4
545=,Luci,4
545=,Lucinda,4
545=,Luisa,4
545=,Mahnoor,4
545=,Mariam,4
545=,Marie,4
545=,May,4
545=,Meera,4
545=,Milli,4
545=,Morag,4
545=,Nada,4
545=,Natalia,4
545=,Payton,4
545=,Piper,4
545=,Pippa,4
545=,Reanne,4
545=,Rebeka,4
545=,Rheanna,4
545=,Rhiann,4
545=,Roberta,4
545=,Robin,4
545=,Roma,4
545=,Seren,4
545=,Stevie,4
545=,Talia,4
545=,Tammi,4
545=,Teighan,4
545=,Trinity,4
545=,Vanessa,4
545=,Vhairi,4
545=,Yvonne,4
640=,Aamina,3
640=,Abbigail,3
640=,Adrienne,3
640=,Aeryn,3
640=,Aleah,3
640=,Alesha,3
640=,Alia,3
640=,Alys,3
640=,Amiee,3
640=,Amnah,3
640=,Angelina,3
640=,Anika,3
640=,Annmarie,3
640=,Aria,3
640=,Ariana,3
640=,Ariane,3
640=,Asma,3
640=,Astrid,3
640=,Ayleigh,3
640=,Baillie,3
640=,Becca,3
640=,Bronagh,3
640=,Candice,3
640=,Cari,3
640=,Cassidy,3
640=,Cate,3
640=,Charmaine,3
640=,Chloe-Louise,3
640=,Clair,3
640=,Codi,3
640=,Coral,3
640=,Corina,3
640=,Cristina,3
640=,Crystal,3
640=,Danae,3
640=,Dominique,3
640=,Donna,3
640=,Eileen,3
640=,Eirinn,3
640=,Eliza,3
640=,Elly,3
640=,Elysia,3
640=,Emelia,3
640=,Emma-Louise,3
640=,Erynn,3
640=,Esra,3
640=,Evangeline,3
640=,Fiza,3
640=,Geena,3
640=,Giovanna,3
640=,Hailey,3
640=,Haley,3
640=,Harmony,3
640=,Haylie,3
640=,Hira,3
640=,Ikra,3
640=,Iram,3
640=,Isha,3
640=,Ishbel,3
640=,Isra,3
640=,Jacqui,3
640=,Jaimie,3
640=,Janie,3
640=,Jaya,3
640=,Jayden,3
640=,Kali,3
640=,Karlie,3
640=,Karra,3
640=,Karys,3
640=,Katelynn,3
640=,Katrine,3
640=,Keera,3
640=,Kelci,3
640=,Kelsea,3
640=,Kelsi,3
640=,Kendal,3
640=,Kendall,3
640=,Kenzi,3
640=,Keren,3
640=,Keryn,3
640=,Kristen,3
640=,Krystal,3
640=,Kylie,3
640=,Laina,3
640=,Leigha,3
640=,Lesley,3
640=,Lexi,3
640=,Leyla,3
640=,Lillian,3
640=,Lilly,3
640=,Lindsey,3
640=,Lisamarie,3
640=,Maariya,3
640=,Maisy,3
640=,Maja,3
640=,Marina,3
640=,Marnie,3
640=,Martina,3
640=,Maryann,3
640=,Maura,3
640=,Mckenzie,3
640=,Mehreen,3
640=,Merran,3
640=,Mhari,3
640=,Miah,3
640=,Millicent,3
640=,Mirrin,3
640=,Morgen,3
640=,Naia,3
640=,Nancy,3
640=,Neeve,3
640=,Nell,3
640=,Nia,3
640=,Nichola,3
640=,Nida,3
640=,Nimrah,3
640=,Penelope,3
640=,Polly,3
640=,Pollyanna,3
640=,Racheal,3
640=,Rachele,3
640=,Ragen,3
640=,Rana,3
640=,Reece,3
640=,Rheagan,3
640=,Rianna,3
640=,Riley,3
640=,Romy,3
640=,Rosalyn,3
640=,Sabrina,3
640=,Sairah,3
640=,Sana,3
640=,Sandra,3
640=,Saniya,3
640=,Sarah-Louise,3
640=,Savannah,3
640=,Scarlet,3
640=,Selina,3
640=,Shannyn,3
640=,Sharlene,3
640=,Shianne,3
640=,Stacie,3
640=,Steffi,3
640=,Storm,3
640=,Susanne,3
640=,Suzanna,3
640=,Suzannah,3
640=,Sydney,3
640=,Symone,3
640=,Tallulah,3
640=,Teresa,3
640=,Tianna,3
640=,Tierney,3
640=,Tilly,3
640=,Tiree,3
640=,Toni-Leigh,3
640=,Vicki,3
640=,Zaynab,3
640=,Zaynah,3
799=,Aamna,2
799=,Aasiya,2
799=,Abigael,2
799=,Abygail,2
799=,Adriana,2
799=,Aicha,2
799=,Aileen,2
799=,Ailis,2
799=,Aimie,2
799=,Aine,2
799=,Ainslie,2
799=,Aishah,2
799=,Aleena,2
799=,Aleisha,2
799=,Alessandra,2
799=,Ali,2
799=,Alissa,2
799=,Aliza,2
799=,Allanah,2
799=,Allison,2
799=,Ally,2
799=,Alyson,2
799=,Alyth,2
799=,Alyxandra,2
799=,Amira,2
799=,Ammie,2
799=,Amy-Jane,2
799=,Amyleigh,2
799=,Anais,2
799=,Aneesah,2
799=,Anisa,2
799=,Anisah,2
799=,Anita,2
799=,Ann,2
799=,Annabella,2
799=,Anneke,2
799=,Anusha,2
799=,Arabella,2
799=,Ashton,2
799=,Asiya,2
799=,Autumn,2
799=,Ayat,2
799=,Ayse,2
799=,Aysha,2
799=,Bayleigh,2
799=,Beau,2
799=,Becki,2
799=,Belle,2
799=,Berfin,2
799=,Berivan,2
799=,Blythe,2
799=,Bree,2
799=,Brody,2
799=,Broghan,2
799=,Bronwen,2
799=,Bryonie,2
799=,Buse,2
799=,Caileigh,2
799=,Cait,2
799=,Caitlan,2
799=,Caitlin-Leigh,2
799=,Caledonia,2
799=,Caley,2
799=,Calli,2
799=,Cally,2
799=,Camryn,2
799=,Candis,2
799=,Carley,2
799=,Caron,2
799=,Carra,2
799=,Casie,2
799=,Cassandra,2
799=,Catarina,2
799=,Catrin,2
799=,Catrina,2
799=,Cayla,2
799=,Ceara,2
799=,Ceilidh,2
799=,Ceitidh,2
799=,Cera,2
799=,Ceri,2
799=,Charlie-Ann,2
799=,Chelsie,2
799=,Cherry,2
799=,Cleo,2
799=,Colbie,2
799=,Colby,2
799=,Constance,2
799=,Cori,2
799=,Corrina,2
799=,Courtney-Lee,2
799=,Dania,2
799=,Dara,2
799=,Darragh,2
799=,Delaney,2
799=,Demelza,2
799=,Demi-Louise,2
799=,Deni,2
799=,Devin,2
799=,Devyn,2
799=,Diane,2
799=,Dion,2
799=,Diya,2
799=,Dorothy,2
799=,Eboni,2
799=,Eilean,2
799=,Eisha,2
799=,Eithne,2
799=,Elana,2
799=,Elif,2
799=,Elin,2
799=,Elisa,2
799=,Ellena,2
799=,Ellison,2
799=,Ellys,2
799=,Elyssa,2
799=,Ema,2
799=,Emelie,2
799=,Emmalouise,2
799=,Erinn,2
799=,Eris,2
799=,Farrah,2
799=,Fatma,2
799=,Fay,2
799=,Ffion,2
799=,Finlay,2
799=,Finna,2
799=,Florence,2
799=,Frankie,2
799=,Franziska,2
799=,Georgea,2
799=,Giorgia,2
799=,Gloria,2
799=,Gwen,2
799=,Gypsy,2
799=,Hafsa,2
799=,Haillie,2
799=,Hanan,2
799=,Harpreet,2
799=,Hasna,2
799=,Heba,2
799=,Hebe,2
799=,Hibah,2
799=,Hiu,2
799=,Huda,2
799=,Humna,2
799=,Indie,2
799=,Ines,2
799=,Iqrah,2
799=,Irsa,2
799=,Ivana,2
799=,Jaclyn,2
799=,Jade-Lee,2
799=,Jaimi,2
799=,Jamie-Lea,2
799=,Jamie-Leigh,2
799=,Jamielee,2
799=,Janelle,2
799=,Janey,2
799=,Jannat,2
799=,Jaye,2
799=,Jayme,2
799=,Jenifer,2
799=,Jennie,2
799=,Jess,2
799=,Joelle,2
799=,Joely,2
799=,Jolene,2
799=,Jordana,2
799=,Joy,2
799=,Julieann,2
799=,Kadie,2
799=,Kaela,2
799=,Kai,2
799=,Kailey,2
799=,Kaitlynn,2
799=,Kaley,2
799=,Kally,2
799=,Kari,2
799=,Karley,2
799=,Kassie,2
799=,Katelin,2
799=,Katelyne,2
799=,Katriona,2
799=,Katya,2
799=,Kaydi,2
799=,Kaylah,2
799=,Kaylin,2
799=,Kayti,2
799=,Keavy,2
799=,Keeva,2
799=,Kelcie,2
799=,Kelsie-Lee,2
799=,Kerryn,2
799=,Keziah,2
799=,Khadeja,2
799=,Kheris,2
799=,Khyra,2
799=,Kia,2
799=,Kiaya,2
799=,Kiran,2
799=,Krista,2
799=,Kristi,2
799=,Kristiana,2
799=,Kristie,2
799=,Kylah,2
799=,Kymberley,2
799=,Lawrie,2
799=,Leann,2
799=,Leeann,2
799=,Leigh-Anne,2
799=,Letitia,2
799=,Liana,2
799=,Lili,2
799=,Lilian,2
799=,Lilias,2
799=,Lisa-Jane,2
799=,Loren,2
799=,Luca,2
799=,Lucile,2
799=,Lucille,2
799=,Lyn,2
799=,Lyndsey,2
799=,Lynzi,2
799=,Maariyah,2
799=,Mackenzi,2
799=,Madelaine,2
799=,Magdalena,2
799=,Mair,2
799=,Mairin,2
799=,Makayla,2
799=,Makenzie,2
799=,Malaika,2
799=,Mandy,2
799=,Mara,2
799=,Marcie,2
799=,Marianna,2
799=,Marissa,2
799=,Mariya,2
799=,Marli,2
799=,Marni,2
799=,Mathilde,2
799=,Mea,2
799=,Meadow,2
799=,Meckenzie,2
799=,Megann,2
799=,Meghann,2
799=,Melody,2
799=,Mercedes,2
799=,Mila,2
799=,Milla,2
799=,Miranda,2
799=,Misha,2
799=,Miya,2
799=,Montana,2
799=,Morgane,2
799=,Murren,2
799=,Murryn,2
799=,Myren,2
799=,Nairne,2
799=,Neha,2
799=,Neive,2
799=,Neva,2
799=,Nikkita,2
799=,Nikola,2
799=,Nirvana,2
799=,Nyah,2
799=,Patricia,2
799=,Penny,2
799=,Priya,2
799=,Rania,2
799=,Rea,2
799=,Reagan,2
799=,Reanna,2
799=,Rina,2
799=,Rosalin,2
799=,Rowen,2
799=,Rowena,2
799=,Roxanne,2
799=,Saba,2
799=,Sabina,2
799=,Sacha,2
799=,Sadia,2
799=,Sam,2
799=,Sanah,2
799=,Saphire,2
799=,Sapphire,2
799=,Sarah-Jayne,2
799=,Sarahlouise,2
799=,Savanna,2
799=,Sehar,2
799=,Selena,2
799=,Shanelle,2
799=,Shania,2
799=,Shanon,2
799=,Shantel,2
799=,Shaunagh,2
799=,Shauni,2
799=,Shaunie,2
799=,Shaunna,2
799=,Shay,2
799=,Shaye,2
799=,Shelly,2
799=,Sheree,2
799=,Sheryl,2
799=,Sidra,2
799=,Sidrah,2
799=,Stefani,2
799=,Suha,2
799=,Sundus,2
799=,Sylvia,2
799=,Sylvie,2
799=,Taibah,2
799=,Tamanna,2
799=,Tami,2
799=,Tania,2
799=,Taryn,2
799=,Tatiana,2
799=,Taya,2
799=,Taylar,2
799=,Taylor-Lee,2
799=,Teal,2
799=,Teegan,2
799=,Tegyn,2
799=,Toyah,2
799=,Tyla,2
799=,Valerie,2
799=,Vania,2
799=,Vhari,2
799=,Vicky,2
799=,Vivienne,2
799=,Wallis,2
799=,Wendy,2
799=,Yasemin,2
799=,Yasmeen,2
799=,Yvette,2
799=,Zeenat,2
799=,Zeinab,2
799=,Zoha,2
799=,Zoya,2
1139=,Aaidah,1
1139=,Aaisha,1
1139=,Aaliyah-Rose,1
1139=,Aalya,1
1139=,Aaminah,1
1139=,Aamirah,1
1139=,Aamnah,1
1139=,Aanisah,1
1139=,Aanya,1
1139=,Aariel,1
1139=,Aasiyah,1
1139=,Aatikah,1
1139=,Aatiya,1
1139=,Aatqa,1
1139=,Aayisha,1
1139=,Abagael,1
1139=,Abagail,1
1139=,Abagayle,1
1139=,Abaigh,1
1139=,Abbe,1
1139=,Abbeyleigh,1
1139=,Abbie-Ellie,1
1139=,Abbiegail,1
1139=,Abbigale,1
1139=,Abbrianna,1
1139=,Abigaile,1
1139=,Abigayil,1
1139=,Abigayle,1
1139=,Abilouise,1
1139=,Acacia,1
1139=,Accalia,1
1139=,Adalene,1
1139=,Adanna,1
1139=,Addison,1
1139=,Adeeba,1
1139=,Adeena,1
1139=,Adela,1
1139=,Adelaide,1
1139=,Adia,1
1139=,Adrianna,1
1139=,Afeerah,1
1139=,Afia,1
1139=,Africa,1
1139=,Afton,1
1139=,Agathe,1
1139=,Agnes,1
1139=,Aideen,1
1139=,Aiden,1
1139=,Aidyn,1
1139=,Aifric,1
1139=,Aileigh,1
1139=,Ailith,1
1139=,Aillie,1
1139=,Aimaan,1
1139=,Aiman,1
1139=,Aime,1
1139=,Aimee-Louise,1
1139=,Aimi,1
1139=,Ainara,1
1139=,Aishat,1
1139=,Aislin,1
1139=,Aislinn,1
1139=,Aisyah,1
1139=,Aiva,1
1139=,Aizha,1
1139=,Akanisi,1
1139=,Akanksha,1
1139=,Akhila,1
1139=,Akira,1
1139=,Akira-Louise,1
1139=,Aksa,1
1139=,Alaa,1
1139=,Alana-Jade,1
1139=,Alana-Jayne,1
1139=,Alanis,1
1139=,Alanna-Jo,1
1139=,Alayah,1
1139=,Alba,1
1139=,Albane,1
1139=,Alecia,1
1139=,Aleeah,1
1139=,Aleighsha,1
1139=,Aleks,1
1139=,Alessa,1
1139=,Alex-Leigh,1
1139=,Alexe,1
1139=,Alexia,1
1139=,Alexsandra,1
1139=,Alexus-Liberty,1
1139=,Aleyna,1
1139=,Alicea,1
1139=,Alida,1
1139=,Alija,1
1139=,Aliki,1
1139=,Alima,1
1139=,Alinah,1
1139=,Alisa,1
1139=,Alishia,1
1139=,Aliviah,1
1139=,Alixandria,1
1139=,Alixe,1
1139=,Alizee,1
1139=,Alka,1
1139=,Allecia,1
1139=,Allena,1
1139=,Alliah,1
1139=,Allie,1
1139=,Allise,1
1139=,Alliyah,1
1139=,Allysha,1
1139=,Allyson,1
1139=,Almaz,1
1139=,Alveena,1
1139=,Alycee,1
1139=,Alyiah,1
1139=,Alysia,1
1139=,Alyssa-Eve,1
1139=,Amabel,1
1139=,Amal,1
1139=,Amalia,1
1139=,Amalie,1
1139=,Amandine,1
1139=,Amara,1
1139=,Amatul,1
1139=,Amatullah,1
1139=,Amaya,1
1139=,Ambar,1
1139=,Amber-Lily,1
1139=,Amber-Louise,1
1139=,Amberlee,1
1139=,Ambreen,1
1139=,Ame,1
1139=,Ameena,1
1139=,Ameenah,1
1139=,Ameera,1
1139=,Ameerah,1
1139=,Amela,1
1139=,Amen,1
1139=,Amera,1
1139=,Amie-Louise,1
1139=,Amilea,1
1139=,Aminah,1
1139=,Amitis,1
1139=,Amma,1
1139=,Ammarah,1
1139=,Amreen,1
1139=,Amulik,1
1139=,Amy-Lee,1
1139=,Amy-Leigh,1
1139=,Amy-Lily,1
1139=,Amy-Lisa,1
1139=,Amye,1
1139=,Amyee,1
1139=,Amylee,1
1139=,Anaa,1
1139=,Anaisa,1
1139=,Anamika,1
1139=,Ananya,1
1139=,Anastacia,1
1139=,Anastashea,1
1139=,Anastasia,1
1139=,Anay,1
1139=,Andie,1
1139=,Andrena,1
1139=,Aneeka,1
1139=,Aneesa,1
1139=,Aneila,1
1139=,Aneliese,1
1139=,Angela-Leigh,1
1139=,Angelica,1
1139=,Angelita,1
1139=,Ania,1
1139=,Anina,1
1139=,Anine,1
1139=,Aniqah,1
1139=,Anisha,1
1139=,Aniya,1
1139=,Anjali,1
1139=,Anjalie,1
1139=,Anjini,1
1139=,Anmol,1
1139=,Annaleigh,1
1139=,Annalese,1
1139=,Annalyse,1
1139=,Annamaria,1
1139=,Anne-Murielle,1
1139=,Anneka,1
1139=,Anneliese,1
1139=,Annelyse,1
1139=,Annemiek,1
1139=,Anni,1
1139=,Anni-Jay,1
1139=,Annice,1
1139=,Annis,1
1139=,Annjani,1
1139=,Annya,1
1139=,Anoshe,1
1139=,Anoushka,1
1139=,Anouska,1
1139=,Anthea,1
1139=,Anum,1
1139=,Aqdus,1
1139=,Areeba,1
1139=,Arfah,1
1139=,Ari,1
1139=,Ariann,1
1139=,Arianna-Marie,1
1139=,Ariba,1
1139=,Aribah,1
1139=,Ariela,1
1139=,Arienne,1
1139=,Arij,1
1139=,Arina,1
1139=,Arlene,1
1139=,Arna,1
1139=,Arryann,1
1139=,Aryanna,1
1139=,Ascia,1
1139=,Asfa,1
1139=,Ashanti,1
1139=,Ashleighne,1
1139=,Ashley-Nicole,1
1139=,Ashlin,1
1139=,Ashly,1
1139=,Ashlynne,1
1139=,Ashvinder,1
1139=,Asia,1
1139=,Asiah,1
1139=,Asiel,1
1139=,Asnath,1
1139=,Asseel,1
1139=,Astri,1
1139=,Asya,1
1139=,Athina,1
1139=,Atiqa,1
1139=,Attina,1
1139=,Aua,1
1139=,Audrey,1
1139=,Aura,1
1139=,Aurian,1
1139=,Automne,1
1139=,Ava-Louise,1
1139=,Avangelista,1
1139=,Aveline,1
1139=,Avia,1
1139=,Avie,1
1139=,Avril,1
1139=,Aya,1
1139=,Ayah,1
1139=,Ayeshah,1
1139=,Ayisha,1
1139=,Ayley,1
1139=,Ayli,1
1139=,Ayman,1
1139=,Aynsley,1
1139=,Aysa,1
1139=,Ayshah,1
1139=,Azaria,1
1139=,Azmat,1
1139=,Azmee,1
1139=,Azzurra,1
1139=,Baasma,1
1139=,Baila,1
1139=,Bailie,1
1139=,Bailli,1
1139=,Bayan,1
1139=,Bayley,1
1139=,Bea,1
1139=,Bea-Bea,1
1139=,Beca,1
1139=,Beckie,1
1139=,Becky-Ann,1
1139=,Bekah,1
1139=,Bekha,1
1139=,Bellana,1
1139=,Berenice,1
1139=,Beritan,1
1139=,Bernadette,1
1139=,Bernadette-Anne,1
1139=,Bethanie,1
1139=,Bethanny,1
1139=,Betheney,1
1139=,Bethia,1
1139=,Bianca,1
1139=,Bibi,1
1139=,Billi,1
1139=,Billie-Jean,1
1139=,Billyjo,1
1139=,Bisma,1
1139=,Bismah,1
1139=,Bismillah,1
1139=,Blaine,1
1139=,Blane,1
1139=,Blerta,1
1139=,Blessing,1
1139=,Blodwyn,1
1139=,Blyth,1
1139=,Bobbi-Lee,1
1139=,Bothaina,1
1139=,Boushra,1
1139=,Braidan,1
1139=,Brannagh,1
1139=,Brayanna,1
1139=,Brayden,1
1139=,Breagh,1
1139=,Breagha,1
1139=,Breda,1
1139=,Breegan,1
1139=,Breid,1
1139=,Bria,1
1139=,Briagha,1
1139=,Brianne,1
1139=,Brianny,1
1139=,Brid,1
1139=,Brieze,1
1139=,Brighid,1
1139=,Britney,1
1139=,Brodi,1
1139=,Brodye,1
1139=,Brogan-Anya,1
1139=,Bronnen,1
1139=,Bronte,1
1139=,Brook,1
1139=,Brooke-Leigh,1
1139=,Brooklynne,1
1139=,Broughan,1
1139=,Bryanna,1
1139=,Bushra,1
1139=,Cadence,1
1139=,Cadhla,1
1139=,Caera,1
1139=,Caihden,1
1139=,Cailan,1
1139=,Cailey,1
1139=,Cailinn,1
1139=,Cailyn,1
1139=,Caishlyn,1
1139=,Caitlain,1
1139=,Caitlian,1
1139=,Caitlin-Jane,1
1139=,Caitlynn,1
1139=,Caitriona,1
1139=,Caleece,1
1139=,Calen,1
1139=,Calena,1
1139=,Caley-Mae,1
1139=,Cali,1
1139=,Calista,1
1139=,Calla,1
1139=,Calley,1
1139=,Caly,1
1139=,Canbright,1
1139=,Candise,1
1139=,Candy,1
1139=,Cansu,1
1139=,Caprice,1
1139=,Cara-Lee,1
1139=,Cara-Louise,1
1139=,Caragh-Rose,1
1139=,Carena,1
1139=,Carenza,1
1139=,Carien,1
1139=,Carima,1
1139=,Carina,1
1139=,Caris,1
1139=,Carla-Valentina,1
1139=,Carleen,1
1139=,Carlie,1
1139=,Carly-Marie,1
1139=,Carlyn,1
1139=,Carmel,1
1139=,Carmina,1
1139=,Carol-Anne,1
1139=,Carola,1
1139=,Carolyn,1
1139=,Carrie-Ann,1
1139=,Carringan,1
1139=,Caryn,1
1139=,Casey-Dionne,1
1139=,Casey-Louise,1
1139=,Casselle,1
1139=,Cassey,1
1139=,Cassi,1
1139=,Cassia,1
1139=,Cassy,1
1139=,Catherine-Anne,1
1139=,Catilyn,1
1139=,Catlin,1
1139=,Catlynn,1
1139=,Catrine,1
1139=,Ceana,1
1139=,Cecilia,1
1139=,Ceejay,1
1139=,Ceire,1
1139=,Ceire-Louise,1
1139=,Celeste,1
1139=,Celia,1
1139=,Celina,1
1139=,Ceri-Ann,1
1139=,Cerine,1
1139=,Cerise,1
1139=,Cerris,1
1139=,Cerwen,1
1139=,Cerwyss,1
1139=,Chahna,1
1139=,Chaimaa,1
1139=,Chanell,1
1139=,Changshi,1
1139=,Chanise,1
1139=,Chantall,1
1139=,Chardonnay,1
1139=,Charise,1
1139=,Charity,1
1139=,Charlay,1
1139=,Charlee,1
1139=,Charleen,1
1139=,Charley-Ann,1
1139=,Charley-May,1
1139=,Charvi,1
1139=,Chase,1
1139=,Chavonne,1
1139=,Chaya-Lee,1
1139=,Chelcie,1
1139=,Chelsea-Lea,1
1139=,Chelsi-Anne,1
1139=,Chenice,1
1139=,Chenise,1
1139=,Cherise,1
1139=,Cherisse,1
1139=,Cheryl-Leigh,1
1139=,Chi,1
1139=,Chiaran,1
1139=,Chinice,1
1139=,Chloe-Anne,1
1139=,Chloemarie,1
1139=,Chole,1
1139=,Chrissie,1
1139=,Chrissy,1
1139=,Christen,1
1139=,Christephe,1
1139=,Chyvonne,1
1139=,Ciarha,1
1139=,Cieron,1
1139=,Cindy,1
1139=,Ciorstaidh,1
1139=,Clair-Soo,1
1139=,Clarissa,1
1139=,Claryce,1
1139=,Claudie,1
1139=,Clelia,1
1139=,Clementine,1
1139=,Cliodhna,1
1139=,Cliona,1
1139=,Clodagh,1
1139=,Cloe,1
1139=,Clover,1
1139=,Codee,1
1139=,Cody-Jane,1
1139=,Cody-Leigh,1
1139=,Coia,1
1139=,Coire,1
1139=,Colla,1
1139=,Collie,1
1139=,Conner,1
1139=,Connie-Marie,1
1139=,Corin,1
1139=,Corinna,1
1139=,Corralena,1
1139=,Corran,1
1139=,Cortnie,1
1139=,Cory,1
1139=,Courteney,1
1139=,Courtnai,1
1139=,Courtney-Leigh,1
1139=,Courtney-Louise,1
1139=,Courtni,1
1139=,Creina,1
1139=,Cristiana,1
1139=,Cristy,1
1139=,Cyndy,1
1139=,Daani,1
1139=,Dahnni,1
1139=,Daho,1
1139=,Daisey,1
1139=,Dakota,1
1139=,Dalvinder,1
1139=,Danah,1
1139=,Danica,1
1139=,Daniela,1
1139=,Daniele,1
1139=,Danna,1
1139=,Danni-Louise,1
1139=,Dannii,1
1139=,Dannika,1
1139=,Danuella,1
1139=,Danya,1
1139=,Danyelle,1
1139=,Daphne,1
1139=,Darby,1
1139=,Darian,1
1139=,Darla,1
1139=,Darryl,1
1139=,Darshan,1
1139=,Darya,1
1139=,Daryl,1
1139=,Davan,1
1139=,Davina,1
1139=,Dawn-June,1
1139=,Daynah-Louise,1
1139=,Deah,1
1139=,Deana,1
1139=,Deane,1
1139=,Deanelle,1
1139=,Deanne,1
1139=,Debra,1
1139=,Dee-Anne,1
1139=,Deeba,1
1139=,Deena,1
1139=,Deenah,1
1139=,Deirdre,1
1139=,Deksi-Lee,1
1139=,Delara,1
1139=,Demi-Ann,1
1139=,Demi-Lea,1
1139=,Demijane,1
1139=,Demileigh,1
1139=,Demmi,1
1139=,Dena,1
1139=,Denise,1
1139=,Deniz,1
1139=,Deone,1
1139=,Deri,1
1139=,Deri-Jean,1
1139=,Derri,1
1139=,Derry,1
1139=,Dervla,1
1139=,Deryn,1
1139=,Destina,1
1139=,Devan,1
1139=,Devanna,1
1139=,Devlin,1
1139=,Devonn,1
1139=,Devrah,1
1139=,Devryn,1
1139=,Dharma,1
1139=,Dia,1
1139=,Diana,1
1139=,Dickson,1
1139=,Dielle,1
1139=,Dilek,1
1139=,Dima,1
1139=,Dixie'drea,1
1139=,Doga,1
1139=,Dolores,1
1139=,Donduzilan,1
1139=,Donelsa,1
1139=,Donna-Marie,1
1139=,Donnajean,1
1139=,Donnamarie,1
1139=,Donya,1
1139=,Dorna,1
1139=,Dru,1
1139=,Dua,1
1139=,Duaa,1
1139=,Duha,1
1139=,Dulcie,1
1139=,Duniya,1
1139=,Durdane,1
1139=,Dylan,1
1139=,Eabha,1
1139=,Eboney,1
1139=,Eboni-Rose,1
1139=,Ebonylouise,1
1139=,Edie,1
1139=,Edith,1
1139=,Effua,1
1139=,Eileigh,1
1139=,Eilin,1
1139=,Eilis,1
1139=,Eilisha,1
1139=,Eimear,1
1139=,Eire,1
1139=,Ekram,1
1139=,Elaheh,1
1139=,Elan,1
1139=,Eleana,1
1139=,Eleanah,1
1139=,Eleanore,1
1139=,Elen,1
1139=,Eleni,1
1139=,Eleonor,1
1139=,Elham,1
1139=,Eli-Anna,1
1139=,Elianna,1
1139=,Elicia,1
1139=,Elinor,1
1139=,Elisabeth,1
1139=,Elise-Marie,1
1139=,Elissa,1
1139=,Elixabete,1
1139=,Elizaveta,1
1139=,Ellae,1
1139=,Elle-Brooke,1
1139=,Elle-Jean,1
1139=,Elleanor,1
1139=,Ellee,1
1139=,Elleidh,1
1139=,Elleigh,1
1139=,Elleisha,1
1139=,Ellenor,1
1139=,Ellesha,1
1139=,Elli-Loueeze,1
1139=,Elli-Louise,1
1139=,Ellice,1
1139=,Ellie-Ann,1
1139=,Ellie-Anna,1
1139=,Ellie-Jay,1
1139=,Ellie-Leigh,1
1139=,Ellie-Louise,1
1139=,Ellie-Phoenix,1
1139=,Elliott,1
1139=,Ellissa,1
1139=,Ellize,1
1139=,Elloise,1
1139=,Elly-Mae,1
1139=,Ellycia,1
1139=,Ellylee,1
1139=,Elmarie,1
1139=,Elona,1
1139=,Elsa,1
1139=,Elvina,1
1139=,Elycia,1
1139=,Elys,1
1139=,Emaan,1
1139=,Eman,1
1139=,Emer,1
1139=,Emi,1
1139=,Emilee,1
1139=,Emily-Jane,1
1139=,Emma-Claire,1
1139=,Emma-Jae,1
1139=,Emma-Lea,1
1139=,Emmaleigh,1
1139=,Emmanuella,1
1139=,Emmanuelle,1
1139=,Emme,1
1139=,Emmeline,1
1139=,Emmy,1
1139=,Emoke,1
1139=,Emy,1
1139=,Ena,1
1139=,Ennah,1
1139=,Ensaf,1
1139=,Enya,1
1139=,Erin-Louise,1
1139=,Erina,1
1139=,Erinna,1
1139=,Eron,1
1139=,Erynne,1
1139=,Esha,1
1139=,Esmae,1
1139=,Estella,1
1139=,Eun-Ji,1
1139=,Evaline,1
1139=,Evan,1
1139=,Evanna,1
1139=,Evdokia,1
1139=,Eve-Maria,1
1139=,Ezgi,1
1139=,Faatimah,1
1139=,Fabienne,1
1139=,Fabini,1
1139=,Fadia,1
1139=,Faheema,1
1139=,Faidh-Mara,1
1139=,Faiza,1
1139=,Fajar,1
1139=,Famke,1
1139=,Farahah,1
1139=,Fareeha,1
1139=,Farheen,1
1139=,Fariha,1
1139=,Farihah,1
1139=,Fathimathu,1
1139=,Fathma,1
1139=,Fatin,1
1139=,Fatos,1
1139=,Fearne,1
1139=,Felistas,1
1139=,Felomena,1
1139=,Fernanda,1
1139=,Fey,1
1139=,Fhallon,1
1139=,Fieron,1
1139=,Finley,1
1139=,Finnleigh,1
1139=,Finty,1
1139=,Finya,1
1139=,Fiona-Jane,1
1139=,Fionnuala,1
1139=,Fizaa,1
1139=,Fizzah,1
1139=,Fleur,1
1139=,Franki,1
1139=,Frayla,1
1139=,Freja,1
1139=,Freje,1
1139=,Freyda,1
1139=,Fynn,1
1139=,Fyza,1
1139=,Gabby,1
1139=,Gabi,1
1139=,Gaelle,1
1139=,Gayle,1
1139=,Gaynor,1
1139=,Genna,1
1139=,Georgeann,1
1139=,Georgi,1
1139=,Georgia-Lee,1
1139=,Geraldine,1
1139=,Gerrie,1
1139=,Ghada,1
1139=,Ghargghi,1
1139=,Gi,1
1139=,Gianna,1
1139=,Gilberta,1
1139=,Gill,1
1139=,Giuliana,1
1139=,Gizem,1
1139=,Glenn,1
1139=,Gokce,1
1139=,Gowan,1
1139=,Grania,1
1139=,Greer,1
1139=,Greta,1
1139=,Guher,1
1139=,Gul,1
1139=,Gulben,1
1139=,Haadiyah,1
1139=,Hafren,1
1139=,Hajir,1
1139=,Hala,1
1139=,Haleema,1
1139=,Haleemah,1
1139=,Haley-Ann,1
1139=,Halla,1
1139=,Hallie,1
1139=,Hamde,1
1139=,Hanadi,1
1139=,Hani,1
1139=,Hanim,1
1139=,Hannah-Beth,1
1139=,Hannah-Jane,1
1139=,Hannah-Kousar,1
1139=,Hannah-Louise,1
1139=,Hannah-Siobhan,1
1139=,Hannahlee,1
1139=,Haram,1
1139=,Hargeet,1
1139=,Harleen,1
1139=,Harleigh,1
1139=,Harley-Jane,1
1139=,Harnoor,1
1139=,Harsharan,1
1139=,Hattie,1
1139=,Hayden,1
1139=,Haydia,1
1139=,Hazeeqa,1
1139=,Helina,1
1139=,Hendrix,1
1139=,Henna,1
1139=,Henrietta,1
1139=,Hermione,1
1139=,Hester,1
1139=,Hifsa,1
1139=,Hifsah,1
1139=,Hina,1
1139=,Hinna,1
1139=,Hoda,1
1139=,Holi,1
1139=,Holli-Patricia,1
1139=,Hollie-Belle,1
1139=,Holly-Belle,1
1139=,Hollye,1
1139=,Honey,1
1139=,Honour,1
1139=,Hosanna,1
1139=,Hunia,1
1139=,Husna,1
1139=,Husnaa,1
1139=,Ida,1
1139=,Idil,1
1139=,Ifeka,1
1139=,Ila,1
1139=,Ilaria,1
1139=,Ilia,1
1139=,Ilona,1
1139=,Imani,1
1139=,Indi,1
1139=,Indiana,1
1139=,Indigo,1
1139=,Indio,1
1139=,Indira,1
1139=,Indy,1
1139=,Inez,1
1139=,Ingrid,1
1139=,Inness,1
1139=,Inshirah,1
1139=,Iola,1
1139=,Ionna,1
1139=,Ira,1
1139=,Ishabelle,1
1139=,Ishita,1
1139=,Isidora,1
1139=,Isina,1
1139=,Iskra,1
1139=,Isolde,1
1139=,Izza,1
1139=,Izzy,1
1139=,Jacalyn,1
1139=,Jacey,1
1139=,Jackie,1
1139=,Jacquie,1
1139=,Jade-Chloe,1
1139=,Jadyn,1
1139=,Jae,1
1139=,Jahaira,1
1139=,Jaia,1
1139=,Jaida,1
1139=,Jaide,1
1139=,Jaimee-Leigh,1
1139=,Jaimilea,1
1139=,Jaina,1
1139=,Jalissa,1
1139=,James,1
1139=,Jami,1
1139=,Jamie-Lee-Ann,1
1139=,Jamiee,1
1139=,Jamieleigh,1
1139=,Jamiie,1
1139=,Jane-Marie,1
1139=,Janet,1
1139=,Janine,1
1139=,Janire,1
1139=,Jasmeen,1
1139=,Jasmine-Star,1
1139=,Jasmyne,1
1139=,Jawaher,1
1139=,Jaxon,1
1139=,Jay-Jay,1
1139=,Jayann,1
1139=,Jaybea,1
1139=,Jayda,1
1139=,Jaylea,1
1139=,Jayme-Leigh,1
1139=,Jaymee,1
1139=,Jaymi,1
1139=,Jaymie,1
1139=,Jayne,1
1139=,Jazmine,1
1139=,Jean-Asha,1
1139=,Jeanie,1
1139=,Jelena,1
1139=,Jem,1
1139=,Jemima,1
1139=,Jenah,1
1139=,Jenetaoluchi,1
1139=,Jennifer-Lee,1
1139=,Jersey,1
1139=,Jesamie,1
1139=,Jessamy,1
1139=,Jessica-Rose,1
1139=,Jez,1
1139=,Jia,1
1139=,Jillie,1
1139=,Jilly,1
1139=,Jing,1
1139=,Jo-Anna,1
1139=,Joani,1
1139=,Jocasta,1
1139=,Joe,1
1139=,Johannah,1
1139=,Joni,1
1139=,Joplin,1
1139=,Jordan-Leigh,1
1139=,Jordane,1
1139=,Jordann,1
1139=,Jordanna,1
1139=,Jordelle,1
1139=,Jordon,1
1139=,Jorgey,1
1139=,Jorgie-Louise,1
1139=,Joslyn,1
1139=,Judith,1
1139=,Jules,1
1139=,Julie-Ann,1
1139=,Julie-Anne,1
1139=,Julieanne,1
1139=,Junnat,1
1139=,Jura,1
1139=,Juri,1
1139=,Jyoti,1
1139=,Ka,1
1139=,Kacey-Leigh,1
1139=,Kaci-Lee,1
1139=,Kaci-Lei,1
1139=,Kacy,1
1139=,Kadi,1
1139=,Kaeleigh-Ann,1
1139=,Kaely,1
1139=,Kai-Marie,1
1139=,Kaiah,1
1139=,Kaidyn,1
1139=,Kailah,1
1139=,Kaile,1
1139=,Kailee,1
1139=,Kaileigh-Jane,1
1139=,Kailie,1
1139=,Kairistiona,1
1139=,Kaitlain,1
1139=,Kajia,1
1139=,Kalea,1
1139=,Kalla,1
1139=,Kalli,1
1139=,Kallie,1
1139=,Kallista,1
1139=,Kalycia,1
1139=,Kama,1
1139=,Kameryn,1
1139=,Kami,1
1139=,Kamilia,1
1139=,Kammalveer,1
1139=,Kandy,1
1139=,Kanesly,1
1139=,Karah,1
1139=,Kareena,1
1139=,Karene,1
1139=,Karenza,1
1139=,Kari-Ann,1
1139=,Karien,1
1139=,Karin,1
1139=,Karine,1
1139=,Karishma,1
1139=,Karisma,1
1139=,Karmyn,1
1139=,Karolena,1
1139=,Karoline-Jayne,1
1139=,Karrah,1
1139=,Karsey,1
1139=,Kasia,1
1139=,Kassandra,1
1139=,Kassia,1
1139=,Kassidy,1
1139=,Kassie-Louise,1
1139=,Katarina,1
1139=,Katelynne,1
1139=,Katerina,1
1139=,Katey,1
1139=,Katharina,1
1139=,Kathrine,1
1139=,Katia,1
1139=,Katie-Ann,1
1139=,Katie-Jane,1
1139=,Katie-Jayne,1
1139=,Katja,1
1139=,Katlynn,1
1139=,Katryn,1
1139=,Katy-Lee,1
1139=,Kavibriya,1
1139=,Kay-Lee,1
1139=,Kaycie,1
1139=,Kayleigh-Louise,1
1139=,Kayliegh,1
1139=,Kayly,1
1139=,Kaylyn,1
1139=,Kayren,1
1139=,Kaysae,1
1139=,Kayshaleigh,1
1139=,Kaytlin,1
1139=,Kazia,1
1139=,Keala,1
1139=,Kealeigh,1
1139=,Keane,1
1139=,Keanne,1
1139=,Keara,1
1139=,Kearney,1
1139=,Keavey,1
1139=,Keeley,1
1139=,Keelie,1
1139=,Keely,1
1139=,Keerah,1
1139=,Keevna,1
1139=,Keighley,1
1139=,Keilaigh,1
1139=,Keilidh,1
1139=,Keira-Ann,1
1139=,Keiragh,1
1139=,Keirah,1
1139=,Keisha,1
1139=,Keje,1
1139=,Kelan,1
1139=,Kelbie,1
1139=,Keli-Brook,1
1139=,Kelli,1
1139=,Kellie,1
1139=,Kelsee,1
1139=,Kelsey-Anne,1
1139=,Kelsie-Anne,1
1139=,Kelsy,1
1139=,Kelyness,1
1139=,Kendel,1
1139=,Kendell,1
1139=,Kendra,1
1139=,Kenedy,1
1139=,Kenna,1
1139=,Kenya,1
1139=,Kera,1
1139=,Kereese,1
1139=,Kerenza,1
1139=,Keriss,1
1139=,Kern,1
1139=,Kerren,1
1139=,Kerri-Anne,1
1139=,Kerrigan,1
1139=,Kerrin,1
1139=,Kerry-Ann,1
1139=,Kerryanne,1
1139=,Kesia,1
1139=,Ketsia,1
1139=,Keva,1
1139=,Kevagh,1
1139=,Keyleigh,1
1139=,Kezia,1
1139=,Khadeejah,1
1139=,Khali,1
1139=,Khara,1
1139=,Khateejha,1
1139=,Khatija,1
1139=,Khawlah,1
1139=,Kheeva,1
1139=,Khia,1
1139=,Khianna,1
1139=,Khira,1
1139=,Khloe,1
1139=,Khushi,1
1139=,Kiala,1
1139=,Kiamae,1
1139=,Kiana-Lee,1
1139=,Kianna,1
1139=,Kianne,1
1139=,Kibla,1
1139=,Kide,1
1139=,Kiele,1
1139=,Kilian,1
1139=,Kimara,1
1139=,Kinvara,1
1139=,Kirah,1
1139=,Kiranjeet,1
1139=,Kiranjit,1
1139=,Kirra,1
1139=,Kirsti,1
1139=,Kitty-Anne,1
1139=,Kiya-Marie,1
1139=,Kiyah-Jade,1
1139=,Klara,1
1139=,Klaudia,1
1139=,Kleo,1
1139=,Kloi,1
1139=,Knoelani,1
1139=,Kobie,1
1139=,Kodie,1
1139=,Kody,1
1139=,Komal,1
1139=,Korie,1
1139=,Korrine,1
1139=,Krishma,1
1139=,Kristien,1
1139=,Kristy,1
1139=,Kristyn,1
1139=,Kristyna,1
1139=,Krystina,1
1139=,Krystine,1
1139=,Kunza,1
1139=,Kyah,1
1139=,Kyna,1
1139=,Kyomi,1
1139=,Kyrena,1
1139=,Kyrhys,1
1139=,Kyro,1
1139=,Laaryib,1
1139=,Lacoy,1
1139=,Laekin,1
1139=,Laiba,1
1139=,Laibah,1
1139=,Laila,1
1139=,Laine,1
1139=,Lainey,1
1139=,Lainie,1
1139=,Laiqah,1
1139=,Lakisha,1
1139=,Lanya,1
1139=,Lara-Jane,1
1139=,Lara-Jayne,1
1139=,Lareb,1
1139=,Larisa,1
1139=,Latisha,1
1139=,Latitia,1
1139=,Laura-Ann,1
1139=,Laurel,1
1139=,Lauri,1
1139=,Lausanne,1
1139=,Lavina,1
1139=,Laweeza,1
1139=,Lawry,1
1139=,Layaan,1
1139=,Laybah,1
1139=,Laylah,1
1139=,Laylia,1
1139=,Lea-Anne,1
1139=,Lea-Lyse,1
1139=,Leagha,1
1139=,Leah-Michelle,1
1139=,Leaha,1
1139=,Leandra,1
1139=,Leanna,1
1139=,Leannah,1
1139=,Leaonie,1
1139=,Lee,1
1139=,Lee-Ann,1
1139=,Leeanne,1
1139=,Leechelle,1
1139=,Leena,1
1139=,Leeona,1
1139=,Leesa,1
1139=,Leighann,1
1139=,Leighanne,1
1139=,Leilani,1
1139=,Leisha,1
1139=,Lelia,1
1139=,Lenka,1
1139=,Lenke,1
1139=,Leone,1
1139=,Leonikay,1
1139=,Leonna,1
1139=,Leonnaigh,1
1139=,Leonnie,1
1139=,Leonora,1
1139=,Leori,1
1139=,Lesley-Anne,1
1139=,Lexy,1
1139=,Liah,1
1139=,Lianna,1
1139=,Libbi,1
1139=,Libby-Jane,1
1139=,Lila,1
1139=,Liliana,1
1139=,Lillias,1
1139=,Lilly-Jo,1
1139=,Lily-Ann,1
1139=,Lily-Mae,1
1139=,Lilybeth,1
1139=,Linda,1
1139=,Lindi,1
1139=,Lindsaymarie,1
1139=,Lingwen,1
1139=,Lisa-Beth,1
1139=,Lisa-Marie,1
1139=,Lisalee,1
1139=,Lisbet,1
1139=,Lita,1
1139=,Livia,1
1139=,Liza,1
1139=,Lizzie,1
1139=,Lolly,1
1139=,Loni,1
1139=,Lontae,1
1139=,Loraina,1
1139=,Lorelle,1
1139=,Lorena,1
1139=,Lori-Lee,1
1139=,Lorie,1
1139=,Lorin,1
1139=,Lorn,1
1139=,Lorraine,1
1139=,Lottie,1
1139=,Louiza,1
1139=,Louize,1
1139=,Loujayne,1
1139=,Lourdes,1
1139=,Loveeza,1
1139=,Lowe,1
1139=,Lubina,1
1139=,Lucci,1
1139=,Lucee,1
1139=,Lucy-Anne,1
1139=,Lucy-Ella,1
1139=,Lucy-Lee,1
1139=,Luisaidh,1
1139=,Luka,1
1139=,Luma,1
1139=,Lux,1
1139=,Lyela,1
1139=,Lynda,1
1139=,Lynn,1
1139=,Lynn-Marie,1
1139=,Lynne,1
1139=,Lynsay,1
1139=,Lyta,1
1139=,Mabel,1
1139=,Macensie,1
1139=,Mackensie,1
1139=,Mackenzie-Jayde,1
1139=,Madalaine,1
1139=,Maddalena,1
1139=,Maddison,1
1139=,Maddy,1
1139=,Madiah,1
1139=,Madliene,1
1139=,Mae,1
1139=,Mae-Ling,1
1139=,Maebh,1
1139=,Maelle,1
1139=,Maggie,1
1139=,Maghyn,1
1139=,Mah-Noor,1
1139=,Maham,1
1139=,Mahanoor,1
1139=,Maheen,1
1139=,Maheru,1
1139=,Mahima,1
1139=,Mai,1
1139=,Maiken,1
1139=,Maile,1
1139=,Maili,1
1139=,Mailia,1
1139=,Maille,1
1139=,Maira,1
1139=,Mairiann,1
1139=,Mairinn,1
1139=,Malak,1
1139=,Malaykah,1
1139=,Maliha,1
1139=,Malika,1
1139=,Malise,1
1139=,Malissa,1
1139=,Malyka,1
1139=,Manazza,1
1139=,Maninder,1
1139=,Maninderpreet,1
1139=,Manjira,1
1139=,Manjoht,1
1139=,Manon,1
1139=,Manpreet,1
1139=,Maram,1
1139=,Marcus,1
1139=,Marcy,1
1139=,Margarita,1
1139=,Margo,1
1139=,Mari-Anne,1
1139=,Maria-Franca,1
1139=,Mariah,1
1139=,Mariame,1
1139=,Marian,1
1139=,Marie-Esther,1
1139=,Marie-Therese,1
1139=,Marigona,1
1139=,Marika,1
1139=,Marilou,1
1139=,Marisa,1
1139=,Marium,1
1139=,Mariyah,1
1139=,Marley,1
1139=,Marsaili,1
1139=,Marsailli,1
1139=,Marsali,1
1139=,Marseille,1
1139=,Marsha,1
1139=,Martine,1
1139=,Marwa,1
1139=,Marwah,1
1139=,Mary-Ann,1
1139=,Mary-Beth,1
1139=,Mary-Jo,1
1139=,Mason,1
1139=,Mathilda,1
1139=,Matilde,1
1139=,Matthew,1
1139=,Maxi,1
1139=,Maylene,1
1139=,Mayzel,1
1139=,Mazy,1
1139=,Mccaibe,1
1139=,Mckenna,1
1139=,Mckensy,1
1139=,Meabh,1
1139=,Meagan,1
1139=,Meara,1
1139=,Meena,1
1139=,Meenakshi,1
1139=,Meesha,1
1139=,Megan-Rose,1
1139=,Megane,1
1139=,Meganne,1
1139=,Megen,1
1139=,Meghna,1
1139=,Mehek,1
1139=,Mehrosh,1
1139=,Mehroun,1
1139=,Mehwish,1
1139=,Melihe,1
1139=,Melina,1
1139=,Melisa,1
1139=,Melissa-Alice,1
1139=,Melissa-Faith,1
1139=,Melisse,1
1139=,Melody-Hannah,1
1139=,Meredith,1
1139=,Merel,1
1139=,Merit,1
1139=,Merle,1
1139=,Merrin,1
1139=,Merve,1
1139=,Meryam,1
1139=,Mhairaed,1
1139=,Mharie,1
1139=,Mhariya,1
1139=,Mhyrren,1
1139=,Mia-Lee,1
1139=,Mia-Louise,1
1139=,Mia-Renee,1
1139=,Micha,1
1139=,Michaelah,1
1139=,Michela,1
1139=,Mieke,1
1139=,Mika,1
1139=,Mikaela,1
1139=,Mikayla,1
1139=,Mikeleigh,1
1139=,Mikenzie,1
1139=,Milana,1
1139=,Milena,1
1139=,Mili,1
1139=,Milica,1
1139=,Milla-Ann,1
1139=,Minhaal,1
1139=,Minna,1
1139=,Minnie,1
1139=,Mira,1
1139=,Miraid,1
1139=,Miraidh,1
1139=,Miran,1
1139=,Mireia,1
1139=,Mirena,1
1139=,Mirrim,1
1139=,Miryan,1
1139=,Miryn,1
1139=,Miryne,1
1139=,Miya-Louise,1
1139=,Molli,1
1139=,Molly-Anne,1
1139=,Molly-Louise,1
1139=,Momina,1
1139=,Moneeba,1
1139=,Monika,1
1139=,Morbheinn,1
1139=,Morgan-Elizabeth,1
1139=,Morgen-Taylor,1
1139=,Morgyn,1
1139=,Morna,1
1139=,Morrigan,1
1139=,Morrin,1
1139=,Morvin,1
1139=,Moya,1
1139=,Moyra,1
1139=,Mubshra,1
1139=,Muirin,1
1139=,Muirm,1
1139=,Mujahida,1
1139=,Munja,1
1139=,Murrhlyn,1
1139=,Muskaan,1
1139=,Muskan,1
1139=,Myah,1
1139=,Mykenna,1
1139=,Mykenzi,1
1139=,Myran,1
1139=,Myrn,1
1139=,Naa,1
1139=,Nadav,1
1139=,Nadha,1
1139=,Nadiya,1
1139=,Nafeesa,1
1139=,Nafisah,1
1139=,Naiha,1
1139=,Naila,1
1139=,Naimura,1
1139=,Najah,1
1139=,Najma,1
1139=,Nakita,1
1139=,Naledi,1
1139=,Namarra,1
1139=,Namitha,1
1139=,Nandi,1
1139=,Naneh,1
1139=,Nanticha,1
1139=,Naomh,1
1139=,Naomi-Jo,1
1139=,Naroa,1
1139=,Naseeb,1
1139=,Nash,1
1139=,Nasra,1
1139=,Natalya,1
1139=,Natanya,1
1139=,Natascha,1
1139=,Natashia,1
1139=,Natassia,1
1139=,Navada,1
1139=,Navarana,1
1139=,Naya,1
1139=,Nazeefa,1
1139=,Nazia,1
1139=,Nazima,1
1139=,Nazire,1
1139=,Neena,1
1139=,Nerea,1
1139=,Nesha,1
1139=,Nghiep,1
1139=,Niah,1
1139=,Niaomi,1
1139=,Nichole,1
1139=,Nicky,1
1139=,Nicol,1
1139=,Nicolle,1
1139=,Nicoya,1
1139=,Nienna,1
1139=,Nieve,1
1139=,Nighat,1
1139=,Nighean,1
1139=,Nikael,1
1139=,Nikala,1
1139=,Nikhita,1
1139=,Nikita-Tanya,1
1139=,Nikkaela,1
1139=,Nikkala,1
1139=,Nikole,1
1139=,Nimra,1
1139=,Ningya,1
1139=,Niomi,1
1139=,Nioni,1
1139=,Nirvannah,1
1139=,Nisaah,1
1139=,Nishalini,1
1139=,Nishath,1
1139=,Nivanna,1
1139=,Nivetha,1
1139=,Nkansami,1
1139=,Nkechi,1
1139=,Noemie,1
1139=,Nola,1
1139=,Noora,1
1139=,Noranna,1
1139=,Nurin,1
1139=,Nusayba,1
1139=,Nusaybah,1
1139=,Nuvneet,1
1139=,Nyla,1
1139=,Nyomi,1
1139=,Nyssa,1
1139=,Olaoluwalemi,1
1139=,Olga,1
1139=,Olive,1
1139=,Olivya,1
1139=,Olwen,1
1139=,Oonagh,1
1139=,Oriana,1
1139=,Orianne,1
1139=,Osian,1
1139=,Paddy,1
1139=,Paniz,1
1139=,Paris-Ann,1
1139=,Pariss,1
1139=,Parmis,1
1139=,Parris,1
1139=,Parya,1
1139=,Parys,1
1139=,Passion,1
1139=,Paulina,1
1139=,Payge,1
1139=,Pearlin,1
1139=,Peigi,1
1139=,Pelin,1
1139=,Peony,1
1139=,Peri,1
1139=,Petrena,1
1139=,Peyton,1
1139=,Pip,1
1139=,Pippy,1
1139=,Podor,1
1139=,Pollyanne,1
1139=,Pooja,1
1139=,Porscha,1
1139=,Porsha,1
1139=,Portia,1
1139=,Portia-Jane,1
1139=,Pracilla,1
1139=,Prakarti,1
1139=,Precious,1
1139=,Prudence,1
1139=,Queren,1
1139=,Qui-Anna,1
1139=,Quinn,1
1139=,Rabekah,1
1139=,Rachael-Anne,1
1139=,Rachel-Anne,1
1139=,Rachel-Jade,1
1139=,Rachelle,1
1139=,Raeanne,1
1139=,Raegann,1
1139=,Rafal,1
1139=,Rafia,1
1139=,Rahaf,1
1139=,Rahela,1
1139=,Rahhma,1
1139=,Rahima,1
1139=,Rahime,1
1139=,Rahmah,1
1139=,Raianya,1
1139=,Raine,1
1139=,Rainer,1
1139=,Raiona,1
1139=,Raissa,1
1139=,Rajveer,1
1139=,Ramandeep,1
1139=,Ramanpreet,1
1139=,Ramlah,1
1139=,Rannoch,1
1139=,Rasina,1
1139=,Raveena,1
1139=,Raven,1
1139=,Rawan,1
1139=,Rayan,1
1139=,Rayanne,1
1139=,Raygen,1
1139=,Reaghan,1
1139=,Rebbecca,1
1139=,Rebbekah,1
1139=,Rebeca,1
1139=,Rebecca-Louise,1
1139=,Rebecca-Lyn,1
1139=,Rebeccah,1
1139=,Rebecka,1
1139=,Rebekah-Rose,1
1139=,Reeca,1
1139=,Reegan,1
1139=,Reehana,1
1139=,Regane,1
1139=,Rehab,1
1139=,Reighann,1
1139=,Rema,1
1139=,Remi,1
1139=,Renae,1
1139=,Retaj,1
1139=,Reyanna,1
1139=,Reyna,1
1139=,Rhadija,1
1139=,Rhaea,1
1139=,Rhaigan,1
1139=,Rheannan,1
1139=,Rhegan,1
1139=,Rheigan,1
1139=,Rhiana,1
1139=,Rhiannan,1
1139=,Rhiannian,1
1139=,Rhionna,1
1139=,Rhonwen,1
1139=,Rhyanna,1
1139=,Rhyanne,1
1139=,Riana,1
1139=,Ridha,1
1139=,Rieley,1
1139=,Rifka,1
1139=,Rim,1
1139=,Rimsha,1
1139=,Rimshah,1
1139=,Riyah,1
1139=,Robecca,1
1139=,Rocco,1
1139=,Rocha,1
1139=,Rochelle,1
1139=,Roman,1
1139=,Romany,1
1139=,Romay,1
1139=,Romhanaich,1
1139=,Romi,1
1139=,Roni,1
1139=,Ronni,1
1139=,Rosalea,1
1139=,Rosalie,1
1139=,Rosalynd,1
1139=,Rosanna,1
1139=,Rosannan,1
1139=,Rosanne,1
1139=,Roseanna,1
1139=,Roseanne,1
1139=,Roselyn,1
1139=,Roselynne,1
1139=,Roshni,1
1139=,Rosi,1
1139=,Rosina,1
1139=,Roslyn,1
1139=,Roslynn,1
1139=,Roua,1
1139=,Rowzerin,1
1139=,Roya,1
1139=,Roza,1
1139=,Rozerin,1
1139=,Rozlyn,1
1139=,Ruadh,1
1139=,Rubika,1
1139=,Ruby-Cara,1
1139=,Rudi,1
1139=,Ruhaani,1
1139=,Ruhi,1
1139=,Ruiqing,1
1139=,Ruken,1
1139=,Rukhsaar,1
1139=,Rukhsar,1
1139=,Rupsa,1
1139=,Ruqaiya,1
1139=,Rutika,1
1139=,Ryanne,1
1139=,Rylee,1
1139=,Ryley,1
1139=,Saachi,1
1139=,Saarah,1
1139=,Sabah,1
1139=,Sabeeha,1
1139=,Sabeel,1
1139=,Sabeela,1
1139=,Sabela,1
1139=,Sabha,1
1139=,Sabia,1
1139=,Sabiha,1
1139=,Sabine,1
1139=,Sabiriin,1
1139=,Sadhbh,1
1139=,Sadiya,1
1139=,Safah,1
1139=,Saffa-Noor,1
1139=,Safiya,1
1139=,Sahar,1
1139=,Sahejpreet,1
1139=,Sai,1
1139=,Saira,1
1139=,Saja,1
1139=,Sakar,1
1139=,Sakhile,1
1139=,Salene,1
1139=,Salha,1
1139=,Salhah,1
1139=,Salome,1
1139=,Samar,1
1139=,Sameena,1
1139=,Sami,1
1139=,Samia,1
1139=,Samishti,1
1139=,Samm,1
1139=,Sammi,1
1139=,Sammi-Lee,1
1139=,Sammi-Ray,1
1139=,Samsara,1
1139=,Sanaa,1
1139=,Sanchia,1
1139=,Sancia,1
1139=,Sandi,1
1139=,Sandie,1
1139=,Sania,1
1139=,Saniyyah,1
1139=,Sannah,1
1139=,Sanya,1
1139=,Sarah-Beth,1
1139=,Sarah-Jade,1
1139=,Saraswati,1
1139=,Saraya,1
1139=,Sarena,1
1139=,Sarha,1
1139=,Sarina,1
1139=,Sarrah,1
1139=,Sascha,1
1139=,Saudah,1
1139=,Sayyidah,1
1139=,Se-Jin,1
1139=,Seanagh,1
1139=,Seani,1
1139=,Seemab,1
1139=,Seeta,1
1139=,Sehnaz,1
1139=,Sehr,1
1139=,Sehrish,1
1139=,Selah,1
1139=,Senay,1
1139=,Senga,1
1139=,Senna,1
1139=,Seona,1
1139=,Seonagh,1
1139=,Seonaid,1
1139=,Sercha,1
1139=,Seung,1
1139=,Sha'uri,1
1139=,Shadia,1
1139=,Shaeleigh,1
1139=,Shaheen,1
1139=,Shalanagh,1
1139=,Shamila,1
1139=,Shamisa-Noor,1
1139=,Shams,1
1139=,Shana,1
1139=,Shanan,1
1139=,Shandril,1
1139=,Shanea,1
1139=,Shanise,1
1139=,Shann,1
1139=,Shannen,1
1139=,Shanni,1
1139=,Shannia,1
1139=,Shannon-Jane,1
1139=,Shannon-Lea,1
1139=,Shannondeon,1
1139=,Shantell,1
1139=,Shantelle,1
1139=,Shara,1
1139=,Shareece,1
1139=,Shareen,1
1139=,Sharell,1
1139=,Sharia,1
1139=,Sharmila,1
1139=,Sharnelle,1
1139=,Sharon-Leigh,1
1139=,Sharrie,1
1139=,Shasha,1
1139=,Shauney-Lee,1
1139=,Shaunni,1
1139=,Shavana,1
1139=,Shavena,1
1139=,Shawna,1
1139=,Shawney,1
1139=,Shawny,1
1139=,Shayla,1
1139=,Shaylah,1
1139=,Shayna,1
1139=,Shayne,1
1139=,Shaznay,1
1139=,Sheeba,1
1139=,Sheima,1
1139=,Shekira,1
1139=,Shelbie,1
1139=,Shelby-Lea,1
1139=,Shelbymarie,1
1139=,Shelley-Ann,1
1139=,Shelomi,1
1139=,Shereen,1
1139=,Sherhys,1
1139=,Sheridan,1
1139=,Sherien,1
1139=,Sheva,1
1139=,Shielagh,1
1139=,Shimza,1
1139=,Shiona,1
1139=,Shira,1
1139=,Shiree,1
1139=,Shiza,1
1139=,Shonagh,1
1139=,Shonagh-Marie,1
1139=,Shonna,1
1139=,Shriya,1
1139=,Shruti,1
1139=,Shurunjit,1
1139=,Sianed,1
1139=,Sianie,1
1139=,Sibghah,1
1139=,Sienna,1
1139=,Siera,1
1139=,Siew,1
1139=,Silvie,1
1139=,Simge,1
1139=,Similce,1
1139=,Simona,1
1139=,Simrah,1
1139=,Simrin,1
1139=,Simrun,1
1139=,Sinaed,1
1139=,Sinikka,1
1139=,Sinnead,1
1139=,Siobahn,1
1139=,Siri,1
1139=,Siyan,1
1139=,Skai,1
1139=,Skye-Louise,1
1139=,Skyler,1
1139=,Smita,1
1139=,Sneha,1
1139=,Sobia,1
1139=,Sofija,1
1139=,Soha,1
1139=,Soley,1
1139=,Somar,1
1139=,Somrupa,1
1139=,Sonia,1
1139=,Sophi,1
1139=,Sophie-Ann,1
1139=,Sophie-Blanche,1
1139=,Sophie-Jayne,1
1139=,Sophie-Lee,1
1139=,Sophie-Leigh,1
1139=,Sophiea,1
1139=,Soraya,1
1139=,Sorour,1
1139=,Soumia,1
1139=,Stacy,1
1139=,Stasia,1
1139=,Stefanie,1
1139=,Steffany,1
1139=,Steffie,1
1139=,Stephani,1
1139=,Stephanie-Anne,1
1139=,Su-Namon,1
1139=,Sude,1
1139=,Sujani,1
1139=,Sumaiya,1
1139=,Sumaiyaa,1
1139=,Suman,1
1139=,Sumar,1
1139=,Sumayyah,1
1139=,Sumeya,1
1139=,Sumiya,1
1139=,Sumun,1
1139=,Sunisa,1
1139=,Suprina,1
1139=,Supriya,1
1139=,Suranne,1
1139=,Susie,1
1139=,Sutton,1
1139=,Suzie,1
1139=,Sway,1
1139=,Swetha,1
1139=,Syeda,1
1139=,Sylva,1
1139=,Syrah,1
1139=,T-Jay,1
1139=,Taegan,1
1139=,Tahariya,1
1139=,Tahlia,1
1139=,Taia,1
1139=,Taigen,1
1139=,Tailor,1
1139=,Tait,1
1139=,Takondwa,1
1139=,Talitha,1
1139=,Talliah,1
1139=,Tally-Jay,1
1139=,Tamela,1
1139=,Tamira,1
1139=,Tammi-Jay,1
1139=,Tammi-Jo,1
1139=,Tammin,1
1139=,Tammy-Leigh,1
1139=,Tamsyn,1
1139=,Tamzyn,1
1139=,Tanera,1
1139=,Tanesha,1
1139=,Tanika,1
1139=,Tanisha,1
1139=,Tanjoit,1
1139=,Tanvi,1
1139=,Taschia,1
1139=,Tashifa,1
1139=,Tasmia,1
1139=,Tasnia,1
1139=,Tatum,1
1139=,Tatyana,1
1139=,Tawana,1
1139=,Tayla,1
1139=,Taylor-Mckenzie,1
1139=,Tayne,1
1139=,Tazmin,1
1139=,Tea,1
1139=,Teagin,1
1139=,Teagwen,1
1139=,Teah,1
1139=,Teale,1
1139=,Teanie,1
1139=,Tegayn,1
1139=,Teng-Chih,1
1139=,Tenneka,1
1139=,Teoni,1
1139=,Teonie,1
1139=,Teya,1
1139=,Thaila,1
1139=,Thallia-Jain,1
1139=,Theresa,1
1139=,Thomasina,1
1139=,Tia-Jay,1
1139=,Tiajade,1
1139=,Tibyan,1
1139=,Tieghan,1
1139=,Tiegyn,1
1139=,Tiesha-Jay,1
1139=,Tieya,1
1139=,Tiffanie,1
1139=,Tigan,1
1139=,Tioni,1
1139=,Toni-Hope,1
1139=,Tonilei,1
1139=,Tonya,1
1139=,Toqa,1
1139=,Tora-Anne,1
1139=,Torrie,1
1139=,Tracey,1
1139=,Tracy,1
1139=,Triparna,1
1139=,Tristen,1
1139=,Trudy,1
1139=,Tsara,1
1139=,Tsz,1
1139=,Twyla,1
1139=,Tyianna,1
1139=,Tylar,1
1139=,Tyne,1
1139=,Tynn,1
1139=,Tyra,1
1139=,Tyree,1
1139=,Tyrie,1
1139=,Umika,1
1139=,Una,1
1139=,Vaila,1
1139=,Vaishnavi,1
1139=,Valentina,1
1139=,Varshita,1
1139=,Vaselisa,1
1139=,Vegas,1
1139=,Vikki,1
1139=,Vimbainashe,1
1139=,Violet,1
1139=,Virginia,1
1139=,Vishali,1
1139=,Vittoria,1
1139=,Vivica,1
1139=,Wan,1
1139=,Wardah,1
1139=,Weaam,1
1139=,Wenda,1
1139=,Wing,1
1139=,Wren,1
1139=,Xanthe,1
1139=,Xanthie,1
1139=,Xena,1
1139=,Xiao,1
1139=,Xiaoxue,1
1139=,Xiaoyan,1
1139=,Yah,1
1139=,Yancy,1
1139=,Yanice,1
1139=,Yanisa,1
1139=,Yaqin,1
1139=,Yasamin,1
1139=,Yasemeen,1
1139=,Yasmina,1
1139=,Yau,1
1139=,Yee,1
1139=,Yelena,1
1139=,Yemisi,1
1139=,Yik,1
1139=,Yiting,1
1139=,Yohanna,1
1139=,Yolaine,1
1139=,Yolanda,1
1139=,Yousra,1
1139=,Yraina,1
1139=,Yula,1
1139=,Yuqi,1
1139=,Zaina,1
1139=,Zainaib,1
1139=,Zakia,1
1139=,Zani,1
1139=,Zanib,1
1139=,Zara-Louise,1
1139=,Zarah,1
1139=,Zea-Lauren,1
1139=,Zeb,1
1139=,Zeena,1
1139=,Zelal,1
1139=,Zena,1
1139=,Zenab,1
1139=,Zenaib,1
1139=,Zerda,1
1139=,Zia,1
1139=,Zihan,1
1139=,Zilpha,1
1139=,Zoe-Marie,1
1139=,Zoey,1
1139=,Zohour,1
1139=,Zowie,1
1139=,Zunnairah,1
