Position,Name,Number of babies
1,Emma,664
2,Sophie,582
3,Ellie,566
4,Amy,547
5,Chloe,465
6,Katie,455
7,Erin,435
8=,Emily,404
8=,Lucy,404
10,Hannah,382
11,Rebecca,376
12,Rachel,335
13,Abbie,306
14,Lauren,301
15,Megan,284
16,Olivia,272
17,Aimee,264
18,Caitlin,256
19,Holly,254
20,Leah,249
21,Niamh,248
22,Sarah,240
23,Jessica,227
24,Eilidh,196
25,Anna,192
26,Molly,183
27,Zoe,179
28,Nicole,177
29,Isla,176
30,Mia,173
31,Morgan,172
32,Keira,169
33,Abigail,161
34=,Cara,156
34=,Shannon,156
36,Charlotte,150
37=,Abby,148
37=,Eve,148
39,Brooke,144
40,Grace,138
41,Louise,131
42,Millie,130
43,Kirsty,119
44,Courtney,118
45,Amber,114
46,Beth,110
47,Taylor,108
48,Jennifer,101
49=,Eva,100
49=,Jenna,100
49=,Jodie,100
52=,Kayleigh,93
52=,Lily,93
52=,Natasha,93
55,Freya,92
56,Iona,90
57=,Ella,88
57=,Skye,88
59=,Laura,85
59=,Rachael,85
61=,Melissa,84
61=,Paige,84
63,Bethany,82
64=,Heather,79
64=,Robyn,79
66=,Demi,73
66=,Samantha,73
68=,Alex,71
68=,Elizabeth,71
68=,Kiera,71
71,Gemma,70
72=,Ava,67
72=,Ciara,67
72=,Kaitlyn,67
75=,Caitlyn,65
75=,Elle,65
75=,Georgia,65
75=,Kayla,65
75=,Neve,65
75=,Rosie,65
81,Danielle,64
82,Natalie,63
83,Elise,62
84=,Alexandra,59
84=,Alice,59
86=,Kara,58
86=,Madison,58
86=,Naomi,58
89=,Abi,57
89=,Cerys,57
91,Abbi,56
92=,Chelsea,55
92=,Kate,55
94=,Evie,54
94=,Kelsey,54
96=,Carly,52
96=,Hollie,52
96=,Stephanie,52
99=,Charlie,51
99=,Daisy,51
99=,Orla,51
102,Lara,50
103,Chantelle,49
104=,Alisha,48
104=,Carys,48
104=,Kirsten,48
107=,Catherine,46
107=,Katherine,46
107=,Poppy,46
107=,Zara,46
111=,Amelia,45
111=,Jasmine,45
113=,Alicia,43
113=,Jade,43
113=,Ruby,43
116=,Katy,42
116=,Mya,42
118,Jemma,41
119,Carla,40
120=,Alana,39
120=,Maya,39
122=,Ashleigh,38
122=,Hayley,38
122=,Kerry,38
122=,Kimberley,38
122=,Lisa,38
122=,Maria,38
122=,Mollie,38
122=,Morven,38
122=,Nicola,38
122=,Sara,38
122=,Tia,38
133=,Catriona,37
133=,Isabella,37
133=,Jodi,37
133=,Sophia,37
133=,Tegan,37
138=,Abbey,36
138=,Claire,36
140=,Alyssa,35
140=,Fiona,35
142=,Ellis,34
142=,Rhiannon,34
144=,Kathryn,33
144=,Lia,33
146=,Ailsa,32
146=,Ashley,32
146=,Teigan,32
149=,Ellen,31
149=,Kaitlin,31
151=,Alix,30
151=,Charley,30
151=,Victoria,30
154=,Brogan,29
154=,Layla,29
154=,Madeleine,29
154=,Mhairi,29
154=,Mirren,29
154=,Rebekah,29
160=,Anya,28
160=,Casey,28
160=,Phoebe,28
160=,Summer,28
164=,Eleanor,27
164=,Milly,27
164=,Tiegan,27
167=,Hope,26
167=,Katelyn,26
167=,Libby,26
167=,Maisie,26
167=,Rowan,26
172=,Amie,25
172=,Darcy,25
172=,Maia,25
172=,Toni,25
176=,Christina,24
176=,Faith,24
176=,Louisa,24
176=,Sinead,24
176=,Yasmin,24
181=,Lana,23
181=,Mary,23
183=,Alanna,22
183=,Kacey,22
183=,Lois,22
186=,Imogen,21
186=,Julia,21
186=,Lori,21
186=,Michaela,21
190=,Adele,20
190=,Connie,20
190=,Kenzie,20
193=,Alexis,19
193=,Annie,19
193=,Becky,19
193=,Jamie,19
193=,Kirstin,19
193=,Mackenzie,19
193=,Nina,19
193=,Rhianna,19
193=,Sofia,19
202=,Amanda,18
202=,Antonia,18
202=,Kira,18
202=,Lauryn,18
202=,Mairi,18
202=,Siobhan,18
208=,Bethan,17
208=,Carmen,17
208=,Christie,17
208=,Francesca,17
208=,Hazel,17
208=,Kelly,17
208=,Shona,17
215=,Bailey,16
215=,Christy,16
215=,Ebony,16
215=,Eloise,16
215=,Fern,16
215=,Gabrielle,16
215=,Isobel,16
215=,Leigh,16
215=,Maddison,16
215=,Maryam,16
215=,Ruth,16
226=,Brodie,15
226=,Emilie,15
226=,Erica,15
226=,Esme,15
226=,Faye,15
226=,Jorja,15
226=,Kayley,15
226=,Kelsie,15
226=,Leona,15
226=,Leoni,15
226=,Madeline,15
226=,Matilda,15
226=,Meghan,15
226=,Nadia,15
226=,Neave,15
226=,Paris,15
226=,Sadie,15
226=,Scarlett,15
226=,Stella,15
245=,Angel,14
245=,Cassie,14
245=,Charli,14
245=,Claudia,14
245=,Eden,14
245=,Elena,14
245=,Flora,14
245=,Gabriella,14
245=,Helen,14
245=,Martha,14
245=,Nadine,14
245=,Rose,14
245=,Tara,14
258=,Aaliyah,13
258=,Amelie,13
258=,Callie,13
258=,Georgina,13
258=,Halle,13
258=,Jenny,13
258=,Kathleen,13
258=,Lorna,13
258=,Margaret,13
258=,Mckenzie,13
268=,Alison,12
268=,Cameron,12
268=,Caroline,12
268=,Danni,12
268=,Heidi,12
268=,India,12
268=,Jacqueline,12
268=,Jane,12
268=,Joanna,12
268=,Kaci,12
268=,Karla,12
268=,Kristin,12
268=,Kyla,12
268=,Murron,12
268=,Regan,12
268=,Shelby,12
268=,Teagan,12
268=,Zainab,12
286=,Alannah,11
286=,Aminah,11
286=,Annabelle,11
286=,April,11
286=,Clara,11
286=,Dawn,11
286=,Dionne,11
286=,Gracie,11
286=,Iman,11
286=,Kasey,11
286=,Lucie,11
286=,Melanie,11
286=,Paula,11
286=,Piper,11
286=,Rhea,11
286=,Rhona,11
286=,Sana,11
286=,Tamzin,11
286=,Tayler,11
286=,Teighan,11
286=,Tess,11
286=,Zahra,11
308=,Aisha,10
308=,Alexandria,10
308=,Arwen,10
308=,Billie,10
308=,Codi,10
308=,Hanna,10
308=,Honor,10
308=,Isabel,10
308=,Joanne,10
308=,Josie,10
308=,Julie,10
308=,Kerri,10
308=,Kiara,10
308=,Leanne,10
308=,Lucia,10
308=,Macy,10
308=,Michelle,10
308=,Mikayla,10
308=,Ria,10
308=,Rosa,10
308=,Rosemary,10
308=,Sienna,10
308=,Thea,10
308=,Tyler,10
308=,Vanessa,10
308=,Willow,10
334=,Ailie,9
334=,Ami,9
334=,Amina,9
334=,Ayla,9
334=,Bonnie,9
334=,Briony,9
334=,Carrie,9
334=,Charlene,9
334=,Codie,9
334=,Dana,9
334=,Demi-Lee,9
334=,Drew,9
334=,Elisha,9
334=,Eryn,9
334=,Esther,9
334=,Felicity,9
334=,Hana,9
334=,Harriet,9
334=,Jaimee,9
334=,Jamie-Lee,9
334=,Jamie-Leigh,9
334=,Jasmin,9
334=,Kennedy,9
334=,Kimberly,9
334=,Kirstie,9
334=,Murren,9
334=,Nuala,9
334=,Sally,9
334=,Sasha,9
334=,Sian,9
364=,Amiee,8
364=,Angela,8
364=,Arianna,8
364=,Ayesha,8
364=,Becca,8
364=,Candice,8
364=,Caoimhe,8
364=,Chanel,8
364=,Clare,8
364=,Elspeth,8
364=,Evelyn,8
364=,Jaime,8
364=,Karen,8
364=,Keris,8
364=,Kerys,8
364=,Kiana,8
364=,Laurie,8
364=,Leonie,8
364=,Lilly,8
364=,Monica,8
364=,Nikki,8
364=,Saskia,8
364=,Savannah,8
364=,Tilly,8
364=,Tori,8
389=,Ailey,7
389=,Aine,7
389=,Aliyah,7
389=,Aliza,7
389=,Amna,7
389=,Aoife,7
389=,Bobbie,7
389=,Breagha,7
389=,Brianna,7
389=,Bronwyn,7
389=,Chanelle,7
389=,Dani,7
389=,Daniella,7
389=,Demi-Leigh,7
389=,Eilish,7
389=,Emilia,7
389=,Helena,7
389=,Iris,7
389=,Isabelle,7
389=,Isha,7
389=,Jo,7
389=,Jordan,7
389=,Joy,7
389=,Karis,7
389=,Karys,7
389=,Kaylee,7
389=,Keeley,7
389=,Keeva,7
389=,Keri,7
389=,Kodi,7
389=,Laila,7
389=,Leia,7
389=,Leigha,7
389=,Lexie,7
389=,Logan,7
389=,Lola,7
389=,Luci,7
389=,Millicent,7
389=,Philippa,7
389=,Serena,7
389=,Shauna,7
389=,Talia,7
389=,Terri,7
432=,Ailish,6
432=,Aimee-Louise,6
432=,Alyx,6
432=,Amy-Louise,6
432=,Annabel,6
432=,Bryony,6
432=,Cheryl,6
432=,Cheyenne,6
432=,Cleo,6
432=,Cody,6
432=,Colette,6
432=,Crystal,6
432=,Darci,6
432=,Darcie,6
432=,Devon,6
432=,Elisabeth,6
432=,Elli,6
432=,Elyse,6
432=,Emma-Louise,6
432=,Hayleigh,6
432=,Iqra,6
432=,Jenni,6
432=,Jessie,6
432=,Jody,6
432=,Jude,6
432=,Kaela,6
432=,Karly,6
432=,Keisha,6
432=,Kitty,6
432=,Kristen,6
432=,Laiba,6
432=,Leila,6
432=,Lindsay,6
432=,Lydia,6
432=,Mairead,6
432=,Miriam,6
432=,Morag,6
432=,Nia,6
432=,Polly,6
432=,Rebekka,6
432=,Safa,6
432=,Sky,6
432=,Stacey,6
432=,Susannah,6
432=,Suzanne,6
432=,Tammy,6
432=,Tayla,6
432=,Tyra,6
480=,Abigael,5
480=,Aimie,5
480=,Alanah,5
480=,Aleesha,5
480=,Alesha,5
480=,Allie,5
480=,Amy-Leigh,5
480=,Andrea,5
480=,Ann,5
480=,Annalise,5
480=,Ariane,5
480=,Asha,5
480=,Baillie,5
480=,Bronagh,5
480=,Camille,5
480=,Camryn,5
480=,Ceit,5
480=,Charis,5
480=,Charleigh,5
480=,Charmaine,5
480=,Chiara,5
480=,Christine,5
480=,Collette,5
480=,Cora,5
480=,Dara,5
480=,Darcey,5
480=,Deborah,5
480=,Demileigh,5
480=,Derri,5
480=,Deryn,5
480=,Destiny,5
480=,Dion,5
480=,Dior,5
480=,Ellise,5
480=,Erika,5
480=,Fallon,5
480=,Fatimah,5
480=,Fay,5
480=,Frances,5
480=,Freyja,5
480=,Georgie,5
480=,Harley,5
480=,Jaimie,5
480=,Jemima,5
480=,Jena,5
480=,Jill,5
480=,Josephine,5
480=,Kacie,5
480=,Kady,5
480=,Kali,5
480=,Karina,5
480=,Katrina,5
480=,Kaya,5
480=,Keavy,5
480=,Kelis,5
480=,Kelsi,5
480=,Kenzi,5
480=,Kianna,5
480=,Kim,5
480=,Kodie,5
480=,Kym,5
480=,Kyra,5
480=,Levi,5
480=,Lyndsay,5
480=,Maisy,5
480=,Marnie,5
480=,Mirran,5
480=,Neive,5
480=,Penny,5
480=,Reese,5
480=,Saffron,5
480=,Simone,5
480=,Sofie,5
480=,Sorcha,5
480=,Stacie,5
555=,Abbigail,4
555=,Abigayle,4
555=,Adrienne,4
555=,Ailidh,4
555=,Aisling,4
555=,Aleena,4
555=,Aleisha,4
555=,Allison,4
555=,Anais,4
555=,Angelina,4
555=,Anisah,4
555=,Ariana,4
555=,Beatrice,4
555=,Beckie,4
555=,Bobbi,4
555=,Breanna,4
555=,Bronte,4
555=,Cailin,4
555=,Caley,4
555=,Caragh,4
555=,Caris,4
555=,Carolyn,4
555=,Cassandra,4
555=,Cassidy,4
555=,Chantel,4
555=,Cindy,4
555=,Coral,4
555=,Devin,4
555=,Devyn,4
555=,Edie,4
555=,Ellie-Louise,4
555=,Elly,4
555=,Elsa,4
555=,Estelle,4
555=,Farrah,4
555=,Fatima,4
555=,Fearne,4
555=,Freja,4
555=,Gillian,4
555=,Hafsah,4
555=,Hailie,4
555=,Inayah,4
555=,Ingrid,4
555=,Janey,4
555=,Jazmin,4
555=,Jess,4
555=,Johanna,4
555=,Kaiya,4
555=,Karli,4
555=,Karra,4
555=,Karris,4
555=,Katey,4
555=,Katharine,4
555=,Katlyn,4
555=,Katya,4
555=,Kay,4
555=,Kaylin,4
555=,Kendal,4
555=,Kerris,4
555=,Leanna,4
555=,Leena,4
555=,Liberty,4
555=,Lila,4
555=,Lili,4
555=,Lorena,4
555=,Lucinda,4
555=,Luisa,4
555=,Lynsey,4
555=,Maha,4
555=,Mandy,4
555=,Marcia,4
555=,Marissa,4
555=,Marli,4
555=,Mathilda,4
555=,Miah,4
555=,Mila,4
555=,Mina,4
555=,Mirrin,4
555=,Miya,4
555=,Morvern,4
555=,Nikita,4
555=,Oriana,4
555=,Patricia,4
555=,Priya,4
555=,Raegan,4
555=,Reagan,4
555=,Renee,4
555=,Rhian,4
555=,Riona,4
555=,Rona,4
555=,Sacha,4
555=,Sadia,4
555=,Shania,4
555=,Shanna,4
555=,Shannah,4
555=,Shantelle,4
555=,Shelley,4
555=,Stacy,4
555=,Sydney,4
555=,Tamara,4
555=,Tea,4
555=,Teegan,4
555=,Tiffany,4
555=,Trinity,4
555=,Verity,4
555=,Violet,4
555=,Wendy,4
555=,Yasmine,4
663=,Abigale,3
663=,Adelle,3
663=,Adriana,3
663=,Afton,3
663=,Aila,3
663=,Ailis,3
663=,Ainslie,3
663=,Aislinn,3
663=,Aiysha,3
663=,Aleeza,3
663=,Alexa,3
663=,Aliesha,3
663=,Alina,3
663=,Alishba,3
663=,Alissa,3
663=,Allanah,3
663=,Amyleigh,3
663=,Ana,3
663=,Anastasia,3
663=,Anisa,3
663=,Arianne,3
663=,Ashlyn,3
663=,Ashton,3
663=,Athena,3
663=,Autumn,3
663=,Becki,3
663=,Belle,3
663=,Bernadette,3
663=,Billie-Jo,3
663=,Blythe,3
663=,Bree,3
663=,Brenna,3
663=,Broghan,3
663=,Bryoni,3
663=,Cadence,3
663=,Cailey,3
663=,Caryn,3
663=,Catrina,3
663=,Ceara,3
663=,Chantell,3
663=,Charisse,3
663=,Charlee,3
663=,Charly,3
663=,Chelsey,3
663=,Chelsi,3
663=,Chelsie,3
663=,Corina,3
663=,Daniela,3
663=,Dannielle,3
663=,Dayna,3
663=,Derryn,3
663=,Diana,3
663=,Dianne,3
663=,Diya,3
663=,Donna,3
663=,Eileen,3
663=,Elisa,3
663=,Eliza,3
663=,Elize,3
663=,Ellie-Anne,3
663=,Ellie-May,3
663=,Elouise,3
663=,Eman,3
663=,Errin,3
663=,Fiza,3
663=,Florence,3
663=,Gail,3
663=,Genevieve,3
663=,Gianna,3
663=,Gina,3
663=,Haillie,3
663=,Hallie,3
663=,Hilary,3
663=,Holli,3
663=,Ilona,3
663=,Imaan,3
663=,Ishbel,3
663=,Islay,3
663=,Jamielee,3
663=,Jannat,3
663=,Jay,3
663=,Jaya,3
663=,Jayde,3
663=,Jayden,3
663=,Jean,3
663=,Juliet,3
663=,Juliette,3
663=,Kacy,3
663=,Kaila,3
663=,Kailey,3
663=,Kailyn,3
663=,Karley,3
663=,Katelynn,3
663=,Kayden,3
663=,Kaylyn,3
663=,Kendall,3
663=,Kerin,3
663=,Kerryn,3
663=,Khadijah,3
663=,Kia,3
663=,Kiah,3
663=,Kirstyn,3
663=,Kloe,3
663=,Kristi,3
663=,Kristina,3
663=,Kya,3
663=,Kylie,3
663=,Larissa,3
663=,Laurel,3
663=,Leone,3
663=,Liana,3
663=,Lilian,3
663=,Lillie,3
663=,Lindsey,3
663=,Linzi,3
663=,Lorraine,3
663=,Madelaine,3
663=,Malaika,3
663=,Malak,3
663=,Marcie,3
663=,Mariam,3
663=,Mariana,3
663=,Marie,3
663=,Marina,3
663=,Marion,3
663=,Marisa,3
663=,Mariya,3
663=,Marley,3
663=,Marly,3
663=,Maryum,3
663=,Maura,3
663=,Maxine,3
663=,May,3
663=,Meg,3
663=,Mercedes,3
663=,Mhari,3
663=,Milli,3
663=,Mirin,3
663=,Morgyn,3
663=,Neha,3
663=,Niomi,3
663=,Nisha,3
663=,Payton,3
663=,Rabia,3
663=,Raigan,3
663=,Rhiana,3
663=,Rianna,3
663=,Riley,3
663=,Rio,3
663=,Rochelle,3
663=,Roisin,3
663=,Romilly,3
663=,Roseanna,3
663=,Roslyn,3
663=,Sam,3
663=,Samara,3
663=,Sapphire,3
663=,Savanna,3
663=,Sehar,3
663=,Shanice,3
663=,Shannen,3
663=,Shelly,3
663=,Simran,3
663=,Sommer,3
663=,Star,3
663=,Susanna,3
663=,Tabitha,3
663=,Tahlia,3
663=,Tami,3
663=,Tanya,3
663=,Taryn,3
663=,Tasha,3
663=,Tessa,3
663=,Vhairi,3
663=,Xanthe,3
838=,Aaminah,2
838=,Adelaide,2
838=,Agnes,2
838=,Ailbhe,2
838=,Aime,2
838=,Aimee-Leigh,2
838=,Aimeeleigh,2
838=,Ainsley,2
838=,Alaina,2
838=,Aleah,2
838=,Alecia,2
838=,Alessia,2
838=,Alexx,2
838=,Alia,2
838=,Alishia,2
838=,Alivia,2
838=,Aliysha,2
838=,Aliyyah,2
838=,Allana,2
838=,Ally,2
838=,Alysha,2
838=,Alyson,2
838=,Alyssia,2
838=,Amena,2
838=,Amira,2
838=,Ammara,2
838=,Amrit,2
838=,Ananya,2
838=,Andi,2
838=,Aneesah,2
838=,Anita,2
838=,Annabella,2
838=,Anne,2
838=,Anneliese,2
838=,Annika,2
838=,Annmaria,2
838=,Anwen,2
838=,Aoibh,2
838=,Arabella,2
838=,Areeba,2
838=,Armani,2
838=,Arrianne,2
838=,Ashlee,2
838=,Asiya,2
838=,Aspen,2
838=,Avril,2
838=,Basant,2
838=,Bayley,2
838=,Betty,2
838=,Bianca,2
838=,Blair,2
838=,Briana,2
838=,Bridget,2
838=,Brioni,2
838=,Brodi,2
838=,Brody,2
838=,Brogane,2
838=,Brooklyn,2
838=,Bushra,2
838=,Cacey,2
838=,Cait,2
838=,Caleigh,2
838=,Calista,2
838=,Calla,2
838=,Cally,2
838=,Cameryn,2
838=,Capri,2
838=,Carah,2
838=,Carina,2
838=,Carley,2
838=,Carolann,2
838=,Carolanne,2
838=,Cassi,2
838=,Cathleen,2
838=,Catrin,2
838=,Cayla,2
838=,Celeste,2
838=,Celia,2
838=,Cerys-Mia,2
838=,Charlize,2
838=,Chase,2
838=,Chelsay,2
838=,Cheyanne,2
838=,Chloie,2
838=,Chrissie,2
838=,Ciarra,2
838=,Ciera,2
838=,Clair,2
838=,Cliona,2
838=,Clodagh,2
838=,Constance,2
838=,Cooper,2
838=,Corinna,2
838=,Courteney,2
838=,Courtneylee,2
838=,Courtny,2
838=,Cynthia,2
838=,Daria,2
838=,Debbie,2
838=,Dee,2
838=,Dena,2
838=,Deri,2
838=,Derrie,2
838=,Dilan,2
838=,Divine,2
838=,Duaa,2
838=,Edith,2
838=,Eirinn,2
838=,Elanor,2
838=,Eli,2
838=,Elif,2
838=,Elin,2
838=,Elissa,2
838=,Ellenor,2
838=,Ellice,2
838=,Ellie-Leigh,2
838=,Ellouise,2
838=,Ellyn,2
838=,Elvie,2
838=,Emaan,2
838=,Emillie,2
838=,Emma-Leigh,2
838=,Emmaleigh,2
838=,Emmie,2
838=,Emmy,2
838=,Erinn,2
838=,Erren,2
838=,Erryn,2
838=,Esha,2
838=,Estella,2
838=,Euphemia,2
838=,Evan,2
838=,Faiza,2
838=,Faizah,2
838=,Farah,2
838=,Farheen,2
838=,Fatin,2
838=,Frankee,2
838=,Gabby,2
838=,Gizem,2
838=,Gurpreet,2
838=,Hafsa,2
838=,Hailey,2
838=,Halima,2
838=,Hanah,2
838=,Haniyah,2
838=,Harli,2
838=,Harpreet,2
838=,Hattie,2
838=,Hira,2
838=,Honey,2
838=,Humayra,2
838=,Husna,2
838=,Inaya,2
838=,Ines,2
838=,Iram,2
838=,Jae,2
838=,Jaida,2
838=,Jaimi-Lee,2
838=,Jamie-Louise,2
838=,Janet,2
838=,Jaymie,2
838=,Jayne,2
838=,Jazmine,2
838=,Jeannie,2
838=,Jersey,2
838=,Jessica-Anne,2
838=,Jo-Ann,2
838=,Joan,2
838=,Jocelyn,2
838=,Jodie-Lee,2
838=,Joely,2
838=,Jolene,2
838=,Jolie,2
838=,Joni,2
838=,Jorie,2
838=,Judith,2
838=,Justine,2
838=,Kadie,2
838=,Kaelah,2
838=,Karagh,2
838=,Karah,2
838=,Kareena,2
838=,Karyn,2
838=,Kasia,2
838=,Kasie,2
838=,Katia,2
838=,Katie-Leigh,2
838=,Katie-Marie,2
838=,Katline,2
838=,Katrin,2
838=,Kaylah,2
838=,Kaysie,2
838=,Keara,2
838=,Keely,2
838=,Keighley,2
838=,Kelci,2
838=,Kelli,2
838=,Kellis,2
838=,Kelly-Anne,2
838=,Kelsay,2
838=,Kelsea,2
838=,Kenna,2
838=,Keren,2
838=,Keryn,2
838=,Kezia,2
838=,Keziah,2
838=,Kharis,2
838=,Kris,2
838=,Krissie,2
838=,Kristana,2
838=,Kristie,2
838=,Ksenia,2
838=,Kylah,2
838=,Layaan,2
838=,Lena,2
838=,Leni,2
838=,Lesley,2
838=,Lexi,2
838=,Leyla,2
838=,Liah,2
838=,Libbi,2
838=,Lilia,2
838=,Liliana,2
838=,Liliom,2
838=,Lillian,2
838=,Linda,2
838=,Lizzie,2
838=,Lowri,2
838=,Luca,2
838=,Lucy-Ann,2
838=,Lyndsey,2
838=,Lynne,2
838=,Lyra,2
838=,Maaria,2
838=,Macey,2
838=,Mae,2
838=,Maegan,2
838=,Maeghan,2
838=,Maggie,2
838=,Mahnoor,2
838=,Maire,2
838=,Maiya,2
838=,Makenzi,2
838=,Makenzie,2
838=,Maleekah,2
838=,Manal,2
838=,Marci,2
838=,Margaret-Anne,2
838=,Marianna,2
838=,Marianne,2
838=,Marni,2
838=,Mary-Kate,2
838=,Maryann,2
838=,Marykate,2
838=,Meadow,2
838=,Meagan,2
838=,Meaghan,2
838=,Mei,2
838=,Meira,2
838=,Mellissa,2
838=,Melody,2
838=,Meredith,2
838=,Mikaela,2
838=,Milan,2
838=,Miran,2
838=,Miranda,2
838=,Misty,2
838=,Mitchell,2
838=,Mona,2
838=,Myah,2
838=,Naia,2
838=,Naimh,2
838=,Nana,2
838=,Natalia,2
838=,Natalya,2
838=,Nerys,2
838=,Niav,2
838=,Nicki,2
838=,Nico,2
838=,Nieve,2
838=,Noor,2
838=,Nora,2
838=,Nur,2
838=,Nyah,2
838=,Nyomi,2
838=,Nyree,2
838=,Odette,2
838=,Olive,2
838=,Orin,2
838=,Orlagh,2
838=,Orlaith,2
838=,Pauline,2
838=,Pepper,2
838=,Raeanna,2
838=,Rebeka,2
838=,Reilly,2
838=,Remi,2
838=,Rheanna,2
838=,Rhia,2
838=,Rhiannan,2
838=,Rhianne,2
838=,Rielly,2
838=,Robin,2
838=,Robynn,2
838=,Rojda,2
838=,Roma,2
838=,Romana,2
838=,Romina,2
838=,Romy,2
838=,Roni,2
838=,Ronni,2
838=,Rosalind,2
838=,Rosanna,2
838=,Roxanne,2
838=,Saba,2
838=,Sabina,2
838=,Sabrina,2
838=,Safah,2
838=,Safia,2
838=,Safiyyah,2
838=,Saira,2
838=,Samia,2
838=,Sanaa,2
838=,Sarah-Jane,2
838=,Sarah-Louise,2
838=,Selena,2
838=,Selene,2
838=,Seonaid,2
838=,Seren,2
838=,Shada,2
838=,Shaina,2
838=,Shana,2
838=,Shanaz,2
838=,Shannan,2
838=,Shanon,2
838=,Sharleen,2
838=,Sharon,2
838=,Shaunie,2
838=,Shay,2
838=,Shelbi,2
838=,Si,2
838=,Siena,2
838=,Sirin,2
838=,Siti,2
838=,Skyla,2
838=,Sophy,2
838=,Stefani,2
838=,Stefanie,2
838=,Steffi,2
838=,Stevi,2
838=,Stevie,2
838=,Sula,2
838=,Sunny,2
838=,Susan,2
838=,Susie,2
838=,Suzie,2
838=,Tally,2
838=,Tamar,2
838=,Tammi,2
838=,Tamsin,2
838=,Tamzyn,2
838=,Tansy,2
838=,Teghan,2
838=,Teoni,2
838=,Teresa,2
838=,Teri,2
838=,Therese,2
838=,Tianna,2
838=,Tiree,2
838=,Toni-Leigh,2
838=,Tracey,2
838=,Trudy,2
838=,Tyla,2
838=,Una,2
838=,Valerie,2
838=,Vasiliki,2
838=,Venus,2
838=,Vicki,2
838=,Vicky,2
838=,Vivienne,2
838=,Winnie,2
838=,Yasmeen,2
838=,Yazmin,2
838=,Yi,2
838=,Yvette,2
838=,Yvonne,2
838=,Zaynab,2
838=,Zeenat,2
838=,Zeynep,2
838=,Zofia,2
838=,Zoya,2
1230=,Aaisha,1
1230=,Aalivya,1
1230=,Aaliya,1
1230=,Aarya,1
1230=,Aaryanna,1
1230=,Aarzu,1
1230=,Aasiyah,1
1230=,Abbey-Leigh,1
1230=,Abbeygail,1
1230=,Abbi-Leigh,1
1230=,Abbie-Marie,1
1230=,Abbiegail,1
1230=,Abbiegayle,1
1230=,Abbigael,1
1230=,Abedah,1
1230=,Abeerah,1
1230=,Abey,1
1230=,Abi-Lee,1
1230=,Abi-Louise,1
1230=,Abiola,1
1230=,Aby,1
1230=,Abygale,1
1230=,Ada,1
1230=,Adah,1
1230=,Adara,1
1230=,Addison,1
1230=,Adeena,1
1230=,Adela,1
1230=,Adelise,1
1230=,Adhara,1
1230=,Adia,1
1230=,Adiva,1
1230=,Admira,1
1230=,Adora,1
1230=,Adrianna,1
1230=,Aefa,1
1230=,Aela,1
1230=,Afiya,1
1230=,Afnan,1
1230=,Afreen,1
1230=,Ahmadi,1
1230=,Aicha,1
1230=,Aida,1
1230=,Aidrienne,1
1230=,Ailani,1
1230=,Ailee,1
1230=,Aileen,1
1230=,Aileigh,1
1230=,Aili,1
1230=,Ailley,1
1230=,Aiman,1
1230=,Aimee-Anne,1
1230=,Aimee-Ellen,1
1230=,Aimee-Lee,1
1230=,Aimelee,1
1230=,Aimey,1
1230=,Aimi,1
1230=,Aimi-Leigh,1
1230=,Aimili,1
1230=,Aimma,1
1230=,Aimmie,1
1230=,Ain,1
1230=,Aini,1
1230=,Ainsleigh,1
1230=,Airlie,1
1230=,Aishah,1
1230=,Aishling,1
1230=,Aitana,1
1230=,Aiyla,1
1230=,Aiza,1
1230=,Akash,1
1230=,Akeira,1
1230=,Akheera,1
1230=,Akira,1
1230=,Ala,1
1230=,Alaes,1
1230=,Alahtul,1
1230=,Alaiah,1
1230=,Alana-May,1
1230=,Alanalee,1
1230=,Alanis,1
1230=,Alannah-Mairead,1
1230=,Alanya,1
1230=,Alea-Jane,1
1230=,Aleia,1
1230=,Aleigha,1
1230=,Alejandra,1
1230=,Alena,1
1230=,Alene,1
1230=,Aletta,1
1230=,Alexandrea,1
1230=,Alexi-Anne,1
1230=,Alexia,1
1230=,Aleysha,1
1230=,Alfie,1
1230=,Alhana,1
1230=,Aliana,1
1230=,Alice-Beth,1
1230=,Aliha,1
1230=,Alima,1
1230=,Alisa,1
1230=,Alish,1
1230=,Alisia,1
1230=,Alisse,1
1230=,Alix-Rae,1
1230=,Alixx,1
1230=,Allanna,1
1230=,Allannagh,1
1230=,Allannah,1
1230=,Allayah,1
1230=,Alleia,1
1230=,Allesse,1
1230=,Allex,1
1230=,Allicia,1
1230=,Allisha,1
1230=,Alliyah,1
1230=,Allysa,1
1230=,Aloka,1
1230=,Alyce,1
1230=,Alye,1
1230=,Alys,1
1230=,Alyssa-Jayne,1
1230=,Alyth,1
1230=,Amaani,1
1230=,Amaara,1
1230=,Amadea,1
1230=,Amahn,1
1230=,Amairgin,1
1230=,Amal,1
1230=,Amalia,1
1230=,Amana,1
1230=,Amara,1
1230=,Amari,1
1230=,Amaris,1
1230=,Amber-Leigh,1
1230=,Amber-Rose,1
1230=,Amberlie,1
1230=,Ambreen,1
1230=,Ame,1
1230=,Amen,1
1230=,Amethyst,1
1230=,Ami-Louise,1
1230=,Amia,1
1230=,Amiee-Louise,1
1230=,Amirah,1
1230=,Amisha,1
1230=,Ammaarah,1
1230=,Ammie,1
1230=,Ammieleigh,1
1230=,Amrita,1
1230=,Amy-Beth,1
1230=,Amy-Jo,1
1230=,Amy-Lee,1
1230=,Amyanne,1
1230=,Amyjane,1
1230=,Amylee,1
1230=,Ana-Louise,1
1230=,Anab,1
1230=,Anahita,1
1230=,Analiece,1
1230=,Anasebemna,1
1230=,Anastasija,1
1230=,Andie,1
1230=,Andie-Mae,1
1230=,Andria,1
1230=,Aneesa,1
1230=,Aneesha,1
1230=,Anezka,1
1230=,Anfal,1
1230=,Angel-Louise,1
1230=,Angharad,1
1230=,Angie,1
1230=,Ani,1
1230=,Anika,1
1230=,Anisha,1
1230=,Aniza,1
1230=,Anja,1
1230=,Anmol,1
1230=,Anna-Beth,1
1230=,Anna-Leigh,1
1230=,Anna-Lucas,1
1230=,Anna-Marie,1
1230=,Anna-Stella,1
1230=,Annabell,1
1230=,Annalena,1
1230=,Annaliese,1
1230=,Annalisa,1
1230=,Annalyse,1
1230=,Annamarie,1
1230=,Annan,1
1230=,Anne-Marie,1
1230=,Anneka,1
1230=,Annelise,1
1230=,Annie-Rose,1
1230=,Anona,1
1230=,Anosha,1
1230=,Anousha,1
1230=,Anoushe,1
1230=,Anoushka,1
1230=,Antoinette,1
1230=,Antonina,1
1230=,Anushka,1
1230=,Anzela,1
1230=,Aoibhinn,1
1230=,Aoise,1
1230=,Aolani,1
1230=,Aowyn,1
1230=,Aqeelah,1
1230=,Aqsa,1
1230=,Arabelle,1
1230=,Arainn,1
1230=,Arden,1
1230=,Areebah,1
1230=,Areeha,1
1230=,Ariadne,1
1230=,Aribah,1
1230=,Ariette,1
1230=,Arika,1
1230=,Arin,1
1230=,Arisha,1
1230=,Arlena,1
1230=,Arlene,1
1230=,Aroob,1
1230=,Aroosa,1
1230=,Aroush,1
1230=,Arpita,1
1230=,Arpitha,1
1230=,Arshjoit,1
1230=,Aruba,1
1230=,Arwa,1
1230=,Aryaa,1
1230=,Aryana,1
1230=,Aryn,1
1230=,Asawer,1
1230=,Ashanee,1
1230=,Ashlie,1
1230=,Ashliegh,1
1230=,Ashlin,1
1230=,Ashlynn,1
1230=,Asiili,1
1230=,Asima,1
1230=,Asiyah,1
1230=,Asli,1
1230=,Asma,1
1230=,Asmara,1
1230=,Astrid,1
1230=,Aswer,1
1230=,Asya,1
1230=,Asyah,1
1230=,Athene,1
1230=,Atika,1
1230=,Aurelia,1
1230=,Ava-Rose,1
1230=,Avery,1
1230=,Avni,1
1230=,Axelle,1
1230=,Aya,1
1230=,Ayaat,1
1230=,Ayeisha,1
1230=,Ayisha,1
1230=,Aylah,1
1230=,Aylee,1
1230=,Ayleigh,1
1230=,Ayley,1
1230=,Ayliah,1
1230=,Aylie,1
1230=,Aylish,1
1230=,Ayman,1
1230=,Aymie,1
1230=,Ayra,1
1230=,Ayse,1
1230=,Azra,1
1230=,Azrien,1
1230=,Baeleigh,1
1230=,Baila,1
1230=,Bailea,1
1230=,Bailie,1
1230=,Baille,1
1230=,Bailley,1
1230=,Balqis,1
1230=,Barbara,1
1230=,Basmala,1
1230=,Basya,1
1230=,Baylee,1
1230=,Bea,1
1230=,Beathan,1
1230=,Beau,1
1230=,Bebhinn,1
1230=,Becka,1
1230=,Beesan,1
1230=,Beithean,1
1230=,Bekki,1
1230=,Bel,1
1230=,Belinda,1
1230=,Bella,1
1230=,Benita,1
1230=,Bennet,1
1230=,Berrie,1
1230=,Bess,1
1230=,Bethanie,1
1230=,Bethany-Grace,1
1230=,Betsy,1
1230=,Beulah,1
1230=,Beverley,1
1230=,Bevin,1
1230=,Beyonce,1
1230=,Bhuvika,1
1230=,Billi,1
1230=,Billi-Jay,1
1230=,Billie-Louise,1
1230=,Bisma,1
1230=,Bismah,1
1230=,Blade,1
1230=,Blessing,1
1230=,Blyth,1
1230=,Bobbielee,1
1230=,Bonice,1
1230=,Braelynne,1
1230=,Brandi-Leigh,1
1230=,Brannagh,1
1230=,Brea,1
1230=,Breda,1
1230=,Breeana,1
1230=,Breegan,1
1230=,Breehann,1
1230=,Brie,1
1230=,Brighde,1
1230=,Brionie,1
1230=,Broadie,1
1230=,Broghane,1
1230=,Brook,1
1230=,Brooklyne,1
1230=,Bryanna,1
1230=,Brynne,1
1230=,Bryonney,1
1230=,Burshna,1
1230=,C-Jay,1
1230=,Cadee,1
1230=,Cadeja,1
1230=,Cadice,1
1230=,Caelagh,1
1230=,Caeley,1
1230=,Caelyn,1
1230=,Caera,1
1230=,Caidan,1
1230=,Caiden,1
1230=,Caile,1
1230=,Cailley,1
1230=,Cairenna,1
1230=,Caitlan,1
1230=,Caitlian,1
1230=,Caitlin-Ann,1
1230=,Caitriona,1
1230=,Calandra,1
1230=,Cale,1
1230=,Cali,1
1230=,Calia,1
1230=,Callise,1
1230=,Cameren,1
1230=,Camilla,1
1230=,Camrie,1
1230=,Camrin,1
1230=,Candis,1
1230=,Canice,1
1230=,Caolan,1
1230=,Cara-Mia,1
1230=,Carey,1
1230=,Carinne,1
1230=,Carissa,1
1230=,Carla-Jo,1
1230=,Carleen,1
1230=,Carli,1
1230=,Carmela,1
1230=,Carmen-J,1
1230=,Carmin,1
1230=,Carol,1
1230=,Carolan,1
1230=,Carole,1
1230=,Carra,1
1230=,Carragh,1
1230=,Carrianne,1
1230=,Carrie-Ann,1
1230=,Carrie-Anne,1
1230=,Carris,1
1230=,Caryss,1
1230=,Casey-Jade,1
1230=,Casey-Jo,1
1230=,Casey-Sadie,1
1230=,Casie,1
1230=,Cassiday,1
1230=,Cassie-Marie,1
1230=,Cassy,1
1230=,Catalina,1
1230=,Cate,1
1230=,Catey,1
1230=,Cathelene,1
1230=,Cathlyn-Eve,1
1230=,Cathra,1
1230=,Cathryn,1
1230=,Catianna,1
1230=,Catie,1
1230=,Cavan,1
1230=,Cayce,1
1230=,Caydance,1
1230=,Cayleah,1
1230=,Cean,1
1230=,Ceanna,1
1230=,Cecily,1
1230=,Cei,1
1230=,Ceilidh,1
1230=,Ceilidh-Ann,1
1230=,Ceira,1
1230=,Ceitidh,1
1230=,Celina,1
1230=,Cenedra,1
1230=,Ceres,1
1230=,Cerys-Lee,1
1230=,Ceryss,1
1230=,Ceylan,1
1230=,Chanell,1
1230=,Changdi,1
1230=,Chanielle,1
1230=,Chanika,1
1230=,Chanise,1
1230=,Chantele,1
1230=,Chardonay,1
1230=,Chardonnai,1
1230=,Chardonnay,1
1230=,Charla,1
1230=,Charlee-Jess,1
1230=,Charlieanne,1
1230=,Charnjit,1
1230=,Charys,1
1230=,Chaska,1
1230=,Che,1
1230=,Chee-Ching,1
1230=,Chelize,1
1230=,Chelsea-Lee,1
1230=,Chelsey-Marie,1
1230=,Chelsie-Leigh,1
1230=,Chelssey,1
1230=,Chereen,1
1230=,Cherie,1
1230=,Cherieleigh,1
1230=,Cherise-Lee,1
1230=,Chermaine,1
1230=,Cherri,1
1230=,Cherry,1
1230=,Cheuk,1
1230=,Chevonne,1
1230=,Cheyne,1
1230=,Chiala,1
1230=,Chiana,1
1230=,Chianna,1
1230=,Chianne,1
1230=,Chloe-Ann,1
1230=,Chloe-Anne,1
1230=,Chloe-Chantelle,1
1230=,Chloe-Jessica,1
1230=,Chloe-Louise,1
1230=,Chloe-Mae,1
1230=,Chloe-Marie,1
1230=,Choire,1
1230=,Chrissy,1
1230=,Christiana,1
1230=,Christie-Jean,1
1230=,Chyanne,1
1230=,Ciara-Mae,1
1230=,Cicely,1
1230=,Cimone,1
1230=,Ciorstaidh,1
1230=,Claira,1
1230=,Clara-Anne,1
1230=,Clarice,1
1230=,Clarinda,1
1230=,Clarisse,1
1230=,Clemence,1
1230=,Clover-Ann,1
1230=,Coco,1
1230=,Codae,1
1230=,Codey,1
1230=,Codianne,1
1230=,Codyi,1
1230=,Colbie,1
1230=,Colby,1
1230=,Coleen,1
1230=,Concetta,1
1230=,Cora-Lee,1
1230=,Corale,1
1230=,Corbie,1
1230=,Coreena,1
1230=,Corey,1
1230=,Corie,1
1230=,Corin,1
1230=,Corran,1
1230=,Corrin,1
1230=,Corrina,1
1230=,Cory,1
1230=,Coryn,1
1230=,Courtney-Jade,1
1230=,Courtney-Louise,1
1230=,Cristiana,1
1230=,Cristianna,1
1230=,Cristina,1
1230=,Crystelle,1
1230=,Cydney,1
1230=,Cydnie,1
1230=,Cyprus,1
1230=,D'arcy,1
1230=,Daileigh,1
1230=,Daisy-Rachel,1
1230=,Dakota,1
1230=,Damin-Leah,1
1230=,Dana-Jade,1
1230=,Danaka,1
1230=,Danelle,1
1230=,Dani-Louise,1
1230=,Danika,1
1230=,Danita,1
1230=,Daniyah,1
1230=,Danna,1
1230=,Danni-Lee,1
1230=,Dannuelle,1
1230=,Danyella,1
1230=,Daryl,1
1230=,Davina,1
1230=,Daytona,1
1230=,Deanna,1
1230=,Debili,1
1230=,Debleena,1
1230=,Debra,1
1230=,Deeba,1
1230=,Deenah,1
1230=,Deepali,1
1230=,Deja,1
1230=,Delaney,1
1230=,Delayna,1
1230=,Delia,1
1230=,Delilah,1
1230=,Delphi,1
1230=,Delsa,1
1230=,Demay-Leigh,1
1230=,Demi-Louise,1
1230=,Demie-Leigh,1
1230=,Demilee,1
1230=,Demma,1
1230=,Demmi,1
1230=,Demmi-Leigh,1
1230=,Demmi-Louise,1
1230=,Dempsey,1
1230=,Deni,1
1230=,Denica,1
1230=,Denni,1
1230=,Dennie,1
1230=,Denver,1
1230=,Deon,1
1230=,Derie,1
1230=,Derya,1
1230=,Desiree,1
1230=,Destine,1
1230=,Devan-Leigh,1
1230=,Devanga,1
1230=,Deven,1
1230=,Deveron,1
1230=,Devika,1
1230=,Dhaksha,1
1230=,Dhani-Louise,1
1230=,Dharma,1
1230=,Diala,1
1230=,Dian,1
1230=,Diegan,1
1230=,Dilara,1
1230=,Dione,1
1230=,Dixi,1
1230=,Dolce,1
1230=,Donna-Maria,1
1230=,Dorah,1
1230=,Dorothy,1
1230=,Drew-Louise,1
1230=,Eadie,1
1230=,Ebeny,1
1230=,Ebony-Jay,1
1230=,Ebony-Paige,1
1230=,Ebony-Rose,1
1230=,Eesha,1
1230=,Effie,1
1230=,Ehren,1
1230=,Eildhi,1
1230=,Eile-Rois,1
1230=,Eilid,1
1230=,Eilis,1
1230=,Eimaan,1
1230=,Eimar,1
1230=,Eimear,1
1230=,Eimhir,1
1230=,Eirann,1
1230=,Eisha,1
1230=,Ela,1
1230=,Elaena,1
1230=,Elaf,1
1230=,Elaine,1
1230=,Elana,1
1230=,Elayna,1
1230=,Eleanore,1
1230=,Elen,1
1230=,Elicia,1
1230=,Elise-Marie,1
1230=,Elishevah,1
1230=,Elizabet,1
1230=,Elizabethgrace,1
1230=,Elke,1
1230=,Ella-Rose,1
1230=,Elle-Georgia,1
1230=,Elle-Louise,1
1230=,Elle-Rose,1
1230=,Ellea,1
1230=,Ellen-Lilian,1
1230=,Ellena,1
1230=,Ellie-Grace,1
1230=,Ellie-Jane,1
1230=,Ellie-Jay,1
1230=,Ellie-Jo,1
1230=,Ellimae,1
1230=,Ellina,1
1230=,Elliott,1
1230=,Ellison,1
1230=,Ellisse,1
1230=,Elloise,1
1230=,Ellyanna,1
1230=,Ellys,1
1230=,Ellyse,1
1230=,Ellyssa,1
1230=,Ellysse,1
1230=,Elsie,1
1230=,Elvira,1
1230=,Elysabeth,1
1230=,Elyshia,1
1230=,Elysia,1
1230=,Elysse,1
1230=,Ema,1
1230=,Emani,1
1230=,Embeth,1
1230=,Emelia,1
1230=,Emen,1
1230=,Emer,1
1230=,Emielleah,1
1230=,Emilea,1
1230=,Emily-Grace,1
1230=,Emily-Jane,1
1230=,Emine,1
1230=,Emira,1
1230=,Emma-Jane,1
1230=,Emma-Jay,1
1230=,Emma-Jayne,1
1230=,Emmalouise,1
1230=,Emme,1
1230=,Emmi,1
1230=,Emmily,1
1230=,Ena,1
1230=,Enisa,1
1230=,Era,1
1230=,Erin-Leigh,1
1230=,Erin-Maree,1
1230=,Erinanne,1
1230=,Eriona,1
1230=,Erynn,1
1230=,Ester,1
1230=,Ethna,1
1230=,Eubha,1
1230=,Eugenie,1
1230=,Evanna,1
1230=,Eve-Lynne,1
1230=,Evelina,1
1230=,Evette,1
1230=,Evinn,1
1230=,Eylee,1
1230=,Eylise,1
1230=,Ezgi,1
1230=,Faaizah,1
1230=,Fadime,1
1230=,Faiqa,1
1230=,Faiyza,1
1230=,Fajar,1
1230=,Fajr,1
1230=,Farhat,1
1230=,Fariha,1
1230=,Farihah,1
1230=,Farran,1
1230=,Farren,1
1230=,Faten,1
1230=,Fathima,1
1230=,Fatma,1
1230=,Feba,1
1230=,Fella,1
1230=,Fenella,1
1230=,Ferne,1
1230=,Fernjade,1
1230=,Ferosa,1
1230=,Ffinula,1
1230=,Ffion,1
1230=,Fhallon,1
1230=,Finlai,1
1230=,Finlay,1
1230=,Finley,1
1230=,Finley-Grace,1
1230=,Finola,1
1230=,Fionnuala,1
1230=,Fizaa,1
1230=,Fleur,1
1230=,Florentine,1
1230=,Florie,1
1230=,Ga-On,1
1230=,Gabriela,1
1230=,Gauri,1
1230=,Gayle,1
1230=,Gemma-Lea,1
1230=,Gen,1
1230=,Genna,1
1230=,Georgi,1
1230=,Georgiamarie,1
1230=,Georgiana,1
1230=,Geraldine,1
1230=,Gerri,1
1230=,Ghuzallah,1
1230=,Gia,1
1230=,Giovanna,1
1230=,Gitanna,1
1230=,Giulia,1
1230=,Glory,1
1230=,Govhar,1
1230=,Graceyeve,1
1230=,Grear,1
1230=,Greta,1
1230=,Grier,1
1230=,Gul-E-Lala,1
1230=,Gurleen,1
1230=,Gurminder,1
1230=,Gwendolen,1
1230=,Gwyneth,1
1230=,Gypsy,1
1230=,Haadiyah,1
1230=,Haalah,1
1230=,Haaniah,1
1230=,Hadeel,1
1230=,Hailie-Jade,1
1230=,Hajer,1
1230=,Hajra,1
1230=,Hajrah,1
1230=,Haleigh,1
1230=,Haley,1
1230=,Hali,1
1230=,Halley,1
1230=,Halli,1
1230=,Hamna,1
1230=,Hanan,1
1230=,Hanlin,1
1230=,Hannah-Louise,1
1230=,Hannah-May,1
1230=,Hao,1
1230=,Happy,1
1230=,Harachi,1
1230=,Harini,1
1230=,Harleen,1
1230=,Harmony-Lee,1
1230=,Harriett,1
1230=,Harzal,1
1230=,Hatice,1
1230=,Havana,1
1230=,Hayden,1
1230=,Haylee,1
1230=,Hayley-Leigh,1
1230=,Haylie,1
1230=,Hazal,1
1230=,Heather-Ann,1
1230=,Heather-Anne,1
1230=,Heba,1
1230=,Hebah,1
1230=,Hei-Tung,1
1230=,Helin,1
1230=,Hellen,1
1230=,Henrietta,1
1230=,Hermarnie,1
1230=,Hermione,1
1230=,Hiba,1
1230=,Hijab,1
1230=,Hinaa,1
1230=,Hing,1
1230=,Hiu,1
1230=,Hjordis,1
1230=,Hodan,1
1230=,Hollea,1
1230=,Holley,1
1230=,Holly-Ann,1
1230=,Holly-Anne,1
1230=,Holly-Jane,1
1230=,Holly-Marie,1
1230=,Honeybee,1
1230=,Honor-Rose,1
1230=,Honour,1
1230=,Hudson,1
1230=,Iayla,1
1230=,Ida,1
1230=,Iffat,1
1230=,Iju'ama,1
1230=,Ikra,1
1230=,Ilaria,1
1230=,Ilucin,1
1230=,Imane,1
1230=,Imola,1
1230=,Indeah,1
1230=,Inez,1
1230=,Inga,1
1230=,Ionna,1
1230=,Irena,1
1230=,Irim,1
1230=,Irma,1
1230=,Ishana,1
1230=,Ishbelle,1
1230=,Isla-Jolie,1
1230=,Isra,1
1230=,Israel,1
1230=,Itsaso,1
1230=,Izabel,1
1230=,Izza,1
1230=,Izzy,1
1230=,Jacki,1
1230=,Jackie,1
1230=,Jacquelyn,1
1230=,Jacqui,1
1230=,Jaden,1
1230=,Jaemi,1
1230=,Jahia,1
1230=,Jai,1
1230=,Jaia,1
1230=,Jaiden,1
1230=,Jaim,1
1230=,Jaime-Leigh,1
1230=,Jaimelee,1
1230=,Jaimeleigh,1
1230=,Jaimie-Leigh,1
1230=,Jaipreet,1
1230=,Jami-Lee,1
1230=,Jamieleigh,1
1230=,Jamilah,1
1230=,Jana,1
1230=,Janelle,1
1230=,Janey-Rose,1
1230=,Janie,1
1230=,Jannah,1
1230=,Japleen,1
1230=,Jara,1
1230=,Jaselle,1
1230=,Jaskeerat,1
1230=,Jawhara,1
1230=,Jayda-Lee,1
1230=,Jaylynn-Marie,1
1230=,Jayme-Leigh,1
1230=,Jaymee-Lee,1
1230=,Jayn,1
1230=,Jayran,1
1230=,Jaza,1
1230=,Jazmyn,1
1230=,Jean-Lorraine,1
1230=,Jeana,1
1230=,Jeanne,1
1230=,Jebin,1
1230=,Jemimah,1
1230=,Jemmi-Lee,1
1230=,Jenan,1
1230=,Jenna-Jo-April,1
1230=,Jennie,1
1230=,Jenxuan,1
1230=,Jeorgia,1
1230=,Jesse,1
1230=,Jesssica,1
1230=,Jesyka,1
1230=,Jia,1
1230=,Jialu,1
1230=,Jillian,1
1230=,Jin,1
1230=,Joann,1
1230=,Joanna-Louise,1
1230=,Jocelyne,1
1230=,Jocynta,1
1230=,Jodi-Ann,1
1230=,Jodi-Lei,1
1230=,Jodi-Marie,1
1230=,Jody-Lee,1
1230=,Joelle,1
1230=,Johan,1
1230=,Johannah,1
1230=,Johanne,1
1230=,Joley,1
1230=,Jordan-Lee,1
1230=,Jordana,1
1230=,Jordon,1
1230=,Jordyn,1
1230=,Jorgie,1
1230=,Jorgy,1
1230=,Jorji,1
1230=,Jose,1
1230=,Joselyn,1
1230=,Josephine-Amelie,1
1230=,Josi,1
1230=,Joss,1
1230=,Josslyn,1
1230=,Joules,1
1230=,Jourdan,1
1230=,Judy,1
1230=,Juhaina,1
1230=,Jules,1
1230=,Juli-Annamaria,1
1230=,Julie-Ann,1
1230=,Julieann,1
1230=,Julina,1
1230=,Julnar,1
1230=,Julssa,1
1230=,Jun,1
1230=,June,1
1230=,Jura,1
1230=,Juwayriya,1
1230=,Kaciey,1
1230=,Kaddi-Lei,1
1230=,Kadey,1
1230=,Kadi,1
1230=,Kadiene,1
1230=,Kaelyn,1
1230=,Kaetlin,1
1230=,Kahlan,1
1230=,Kaia,1
1230=,Kaicey,1
1230=,Kaidence,1
1230=,Kaidine,1
1230=,Kaidyn,1
1230=,Kailee,1
1230=,Kaileigh,1
1230=,Kailen,1
1230=,Kaili-Mackenzie,1
1230=,Kailyn-Lea,1
1230=,Kairney,1
1230=,Kairo,1
1230=,Kaisey,1
1230=,Kaitlan,1
1230=,Kaitlyn-Louise,1
1230=,Kaitlynn,1
1230=,Kaja,1
1230=,Kalar,1
1230=,Kalin,1
1230=,Kalis,1
1230=,Kalisha,1
1230=,Kalitza,1
1230=,Kalyse,1
1230=,Kama,1
1230=,Kamali,1
1230=,Kameryn,1
1230=,Kami,1
1230=,Kamryn,1
1230=,Kaori,1
1230=,Kara-Marie,1
1230=,Karandeep,1
1230=,Karine,1
1230=,Karmen,1
1230=,Karmiena,1
1230=,Karmjeet,1
1230=,Karmyn,1
1230=,Karolina,1
1230=,Karraleigh,1
1230=,Karreen,1
1230=,Karri,1
1230=,Karrie,1
1230=,Karson,1
1230=,Karyss,1
1230=,Kashish,1
1230=,Kasi,1
1230=,Kasie-Leah,1
1230=,Kasse,1
1230=,Kassia,1
1230=,Kassy,1
1230=,Katalena,1
1230=,Katarena,1
1230=,Katarina,1
1230=,Katelin,1
1230=,Katelyn-Beth,1
1230=,Katelyne,1
1230=,Katelynne,1
1230=,Katerina,1
1230=,Katharina,1
1230=,Kathleen-Molly,1
1230=,Kathrine,1
1230=,Kati,1
1230=,Kati-Leigh,1
1230=,Katie-Ann,1
1230=,Katie-Louise,1
1230=,Katie-May,1
1230=,Katie-Rose,1
1230=,Katieleah,1
1230=,Katierose,1
1230=,Katja-Louise,1
1230=,Katrine,1
1230=,Katriona,1
1230=,Katyayani,1
1230=,Kavelle,1
1230=,Kayana,1
1230=,Kaycie,1
1230=,Kaydee-J,1
1230=,Kaydence,1
1230=,Kaydi,1
1230=,Kaydie,1
1230=,Kaydince,1
1230=,Kaye,1
1230=,Kayenat,1
1230=,Kaylay,1
1230=,Kaylea,1
1230=,Kayleigh-Anne,1
1230=,Kayleigh-Candice,1
1230=,Kayleigh-Jo,1
1230=,Kayli,1
1230=,Kaylia,1
1230=,Kaylie,1
1230=,Kayliegh,1
1230=,Kayren,1
1230=,Kaysha,1
1230=,Kaytee,1
1230=,Kaytlin,1
1230=,Kazara,1
1230=,Kea,1
1230=,Keanna,1
1230=,Keavey,1
1230=,Keela,1
1230=,Keelin,1
1230=,Keera,1
1230=,Keerataya,1
1230=,Keia,1
1230=,Keiara,1
1230=,Keila,1
1230=,Keir,1
1230=,Keira-Tamsin,1
1230=,Keirah,1
1230=,Keirra,1
1230=,Keisha-Amanda,1
1230=,Keisha-Cathriona,1
1230=,Kelan,1
1230=,Kelbi,1
1230=,Kelci-Ann,1
1230=,Kelda,1
1230=,Kelise,1
1230=,Kelly-Ann,1
1230=,Kelly-Marie,1
1230=,Kelsae,1
1230=,Kelseigh-Rose,1
1230=,Kendra,1
1230=,Kenidy,1
1230=,Kennady,1
1230=,Kennedie,1
1230=,Kennzi,1
1230=,Kent,1
1230=,Kenya,1
1230=,Kenydi,1
1230=,Kenzae,1
1230=,Kenzay,1
1230=,Kenzey,1
1230=,Kenzie-Lee,1
1230=,Kenzie-Leigh,1
1230=,Kenzieleigh,1
1230=,Kenzii,1
1230=,Kenzileigh,1
1230=,Kerensa,1
1230=,Kerrie-Ann,1
1230=,Kerrie-Leigh,1
1230=,Kerrin,1
1230=,Kerryann,1
1230=,Ketia,1
1230=,Keva,1
1230=,Keyana,1
1230=,Keyra,1
1230=,Khadija,1
1230=,Khairah,1
1230=,Khansa,1
1230=,Khaoula,1
1230=,Khatijah,1
1230=,Kheara,1
1230=,Kherys,1
1230=,Khunsaa,1
1230=,Khushi,1
1230=,Khushvir,1
1230=,Khyra,1
1230=,Kiaina,1
1230=,Kieanna,1
1230=,Kieara,1
1230=,Kierah,1
1230=,Kimi,1
1230=,Kimia,1
1230=,Kimmy,1
1230=,Kimren,1
1230=,Kimya,1
1230=,Kinda,1
1230=,Kingsley,1
1230=,Kiran,1
1230=,Kirra,1
1230=,Kirsty-Anne,1
1230=,Kirsty-Jayne,1
1230=,Kittie,1
1230=,Kitty-Clare,1
1230=,Kiya,1
1230=,Klara,1
1230=,Kloey,1
1230=,Koa,1
1230=,Kodeigh,1
1230=,Kodie-Lee,1
1230=,Komal,1
1230=,Kortney,1
1230=,Krissi,1
1230=,Kristeen,1
1230=,Kristy,1
1230=,Kriti,1
1230=,Krystal,1
1230=,Krysten,1
1230=,Kulneet,1
1230=,Kumali,1
1230=,Kuramveer,1
1230=,Kurim,1
1230=,Kushdeep,1
1230=,Kushveer,1
1230=,Kyah,1
1230=,Kyana,1
1230=,Kyeler,1
1230=,Kymberly,1
1230=,Kysha,1
1230=,Laaiba,1
1230=,Laaibah,1
1230=,Ladinia,1
1230=,Laea,1
1230=,Laena,1
1230=,Lagiya,1
1230=,Lahav,1
1230=,Laibah,1
1230=,Lailah,1
1230=,Laina,1
1230=,Lainey,1
1230=,Laiyba,1
1230=,Lakisha,1
1230=,Lames,1
1230=,Lamiya,1
1230=,Lani,1
1230=,Lanna,1
1230=,Lanya,1
1230=,Laoise,1
1230=,Laraib,1
1230=,Larissa-Jean,1
1230=,Latana,1
1230=,Laura-Jade,1
1230=,Laural,1
1230=,Lauran,1
1230=,Lauri,1
1230=,Laurin,1
1230=,Lava,1
1230=,Lawizah,1
1230=,Lawrie,1
1230=,Layba,1
1230=,Layeba,1
1230=,Layken,1
1230=,Layli,1
1230=,Layne,1
1230=,Layya,1
1230=,Layyah,1
1230=,Lea,1
1230=,Leagha,1
1230=,Leaghen,1
1230=,Leah-Grace,1
1230=,Leaha,1
1230=,Leaona,1
1230=,Leayiona,1
1230=,Lebecca,1
1230=,Lee,1
1230=,Lee-Anne,1
1230=,Leeann,1
1230=,Leeanne,1
1230=,Leeigha,1
1230=,Leela,1
1230=,Leiah,1
1230=,Leigh-Ann,1
1230=,Leigh-Anne,1
1230=,Leighanna,1
1230=,Leighvi,1
1230=,Leilana,1
1230=,Lemuella,1
1230=,Lenix,1
1230=,Lennox,1
1230=,Leonne,1
1230=,Letia,1
1230=,Letisha,1
1230=,Lexy,1
1230=,Leyha,1
1230=,Liaba,1
1230=,Lianne,1
1230=,Liat,1
1230=,Lice,1
1230=,Lichelle,1
1230=,Liegha,1
1230=,Lihane,1
1230=,Lilah,1
1230=,Lilias,1
1230=,Lilibet,1
1230=,Lilith,1
1230=,Lillee,1
1230=,Lilli,1
1230=,Lillia,1
1230=,Lillias,1
1230=,Lilly-Belle,1
1230=,Lily-Ann,1
1230=,Lily-Anna,1
1230=,Lily-Belle,1
1230=,Lily-Beth,1
1230=,Lilyana,1
1230=,Lilyanna,1
1230=,Lina,1
1230=,Linley,1
1230=,Liona,1
1230=,Lisa-Marie,1
1230=,Lisa-Skye,1
1230=,Lisamarie,1
1230=,Lisla,1
1230=,Lissa,1
1230=,Livia,1
1230=,Liviana,1
1230=,Liza,1
1230=,Llana,1
1230=,Llauren,1
1230=,Llie,1
1230=,Llorion,1
1230=,Lma,1
1230=,Loen,1
1230=,Loganne,1
1230=,Lois-Jay,1
1230=,Loislee,1
1230=,Lok,1
1230=,Loni,1
1230=,Lonneke,1
1230=,Lora,1
1230=,Loredana,1
1230=,Loren,1
1230=,Lorien,1
1230=,Lorisha,1
1230=,Lorn,1
1230=,Lorne,1
1230=,Lorri,1
1230=,Lotti,1
1230=,Lottie,1
1230=,Lotus,1
1230=,Lou,1
1230=,Louanna,1
1230=,Louisalee,1
1230=,Louisiana,1
1230=,Louiza,1
1230=,Lovepreet,1
1230=,Lucca,1
1230=,Lucey,1
1230=,Lucina,1
1230=,Lucy-Mary,1
1230=,Lucy-May,1
1230=,Lucymae,1
1230=,Lueeza,1
1230=,Luel,1
1230=,Luka,1
1230=,Lulu,1
1230=,Lumai,1
1230=,Luxmi,1
1230=,Lyba,1
1230=,Lybah,1
1230=,Lynelle,1
1230=,Lynette,1
1230=,Lynn,1
1230=,Lyona,1
1230=,Lytisha,1
1230=,M,1
1230=,Mabel,1
1230=,Maci,1
1230=,Madalaine,1
1230=,Madaleine,1
1230=,Madalin,1
1230=,Maddasin,1
1230=,Maddissonn,1
1230=,Maddy,1
1230=,Madeah,1
1230=,Madeeha,1
1230=,Madeliene,1
1230=,Madellaine,1
1230=,Madelyn,1
1230=,Maden,1
1230=,Madiha,1
1230=,Madihah,1
1230=,Madysen,1
1230=,Maeia,1
1230=,Maeve,1
1230=,Magda,1
1230=,Mahanoor,1
1230=,Mahika,1
1230=,Mahmudah,1
1230=,Mahria,1
1230=,Mahrukh,1
1230=,Mahsa,1
1230=,Mahum,1
1230=,Mai,1
1230=,Maidha,1
1230=,Maija,1
1230=,Maille,1
1230=,Maimona,1
1230=,Mainie,1
1230=,Maira,1
1230=,Mairah,1
1230=,Mairi-Claire,1
1230=,Mairin,1
1230=,Maita,1
1230=,Maithili,1
1230=,Maizah,1
1230=,Maja,1
1230=,Makayla,1
1230=,Makeilah,1
1230=,Malana,1
1230=,Malavikha,1
1230=,Malaya,1
1230=,Mali,1
1230=,Malia,1
1230=,Maliaka,1
1230=,Malika,1
1230=,Malkia-Bilqis,1
1230=,Mallie-Leigh,1
1230=,Malyssa,1
1230=,Mamie,1
1230=,Manahil,1
1230=,Mandy-Lee,1
1230=,Maneesa,1
1230=,Manel,1
1230=,Manisha,1
1230=,Manjot,1
1230=,Manpreet,1
1230=,Maqadas,1
1230=,Mara,1
1230=,Maral,1
1230=,Marann,1
1230=,Marcella,1
1230=,Marcey,1
1230=,Mardeen,1
1230=,Maree,1
1230=,Maren,1
1230=,Margot,1
1230=,Mari,1
1230=,Maricca,1
1230=,Marihah,1
1230=,Mariola,1
1230=,Maritta,1
1230=,Marium,1
1230=,Mariyah,1
1230=,Marjolein,1
1230=,Marlene,1
1230=,Marsaili,1
1230=,Marsali,1
1230=,Marteen,1
1230=,Martha-Jayne,1
1230=,Martinique,1
1230=,Mary-Ann,1
1230=,Mary-Rose,1
1230=,Marya,1
1230=,Maryanne,1
1230=,Marybeth,1
1230=,Maryjane,1
1230=,Masumah,1
1230=,Mathilde,1
1230=,Matildarose,1
1230=,Matilde,1
1230=,Mattea,1
1230=,Mauragh,1
1230=,Mawly,1
1230=,Mayah,1
1230=,Maymana,1
1230=,Maymoona,1
1230=,Maysa,1
1230=,Mayson,1
1230=,Mayssa,1
1230=,Maythu,1
1230=,Mazie,1
1230=,Mbahimua,1
1230=,Mccall,1
1230=,Mckalia,1
1230=,Mckayla,1
1230=,Mckaylin,1
1230=,Mckenna,1
1230=,Mckensy,1
1230=,Mckenzi,1
1230=,Medina,1
1230=,Meela,1
1230=,Meerah,1
1230=,Megan-Jane,1
1230=,Megan-Leigh,1
1230=,Megan-Louise,1
1230=,Meganleigh,1
1230=,Megann-Rachel,1
1230=,Meggan,1
1230=,Mehak,1
1230=,Mehejabin,1
1230=,Mehnaz,1
1230=,Mehrsee,1
1230=,Meischa,1
1230=,Meisha,1
1230=,Meissa,1
1230=,Melisa,1
1230=,Melise,1
1230=,Melissa-Ann,1
1230=,Melony,1
1230=,Meridyth,1
1230=,Merran,1
1230=,Merris,1
1230=,Mervenur,1
1230=,Meryem,1
1230=,Meta,1
1230=,Mezyan,1
1230=,Mhairi-Clare,1
1230=,Mhia,1
1230=,Mhirren,1
1230=,Miajha,1
1230=,Mica,1
1230=,Micaela,1
1230=,Michaella,1
1230=,Michela,1
1230=,Mihreen,1
1230=,Mikey,1
1230=,Milana,1
1230=,Milayna,1
1230=,Milica,1
1230=,Milla,1
1230=,Millan,1
1230=,Mille,1
1230=,Millen,1
1230=,Millie-Ann,1
1230=,Millie-Jane,1
1230=,Millissa,1
1230=,Mindi,1
1230=,Minerva,1
1230=,Ming,1
1230=,Miray,1
1230=,Mireya,1
1230=,Mirishiss,1
1230=,Miron,1
1230=,Misa,1
1230=,Mischa,1
1230=,Mischa-Lea,1
1230=,Misha,1
1230=,Miyah,1
1230=,Moir,1
1230=,Moira,1
1230=,Mollaidh,1
1230=,Molli,1
1230=,Molly-Ann,1
1230=,Momina,1
1230=,Mominah,1
1230=,Mondi,1
1230=,Monika,1
1230=,Montana,1
1230=,Morgaine,1
1230=,Morgan-Lee,1
1230=,Morgan-Leigh,1
1230=,Morgane,1
1230=,Morgann,1
1230=,Morganne,1
1230=,Morgen,1
1230=,Moriah,1
1230=,Morna,1
1230=,Morvyn,1
1230=,Morwynna,1
1230=,Moya,1
1230=,Muirean,1
1230=,Muireann,1
1230=,Muirinn,1
1230=,Mulaika,1
1230=,Munmeet,1
1230=,Muntaha,1
1230=,Murrayam,1
1230=,Murrin,1
1230=,Muryium,1
1230=,Muskaan,1
1230=,Mya-Qi,1
1230=,Myasha,1
1230=,Mycah,1
1230=,Myia,1
1230=,Myia-Rose,1
1230=,Myli,1
1230=,Myran,1
1230=,Myrna,1
1230=,Myrrin,1
1230=,Myrtle,1
1230=,Mysti,1
1230=,Naa'ilah,1
1230=,Nabiha,1
1230=,Nada,1
1230=,Nadean,1
1230=,Nadiyya,1
1230=,Nadya,1
1230=,Naeve,1
1230=,Naiomi,1
1230=,Nairne,1
1230=,Naive,1
1230=,Najma,1
1230=,Nancy,1
1230=,Nandni,1
1230=,Narsis,1
1230=,Nasreen,1
1230=,Nasrina,1
1230=,Natasha-Leigh,1
1230=,Natasja,1
1230=,Nave,1
1230=,Navinder,1
1230=,Nawal,1
1230=,Naya,1
1230=,Nayab,1
1230=,Nayha,1
1230=,Nazmiye,1
1230=,Nea,1
1230=,Necole,1
1230=,Nedena,1
1230=,Needa,1
1230=,Neela,1
1230=,Neelam,1
1230=,Neesha,1
1230=,Negin,1
1230=,Nel,1
1230=,Nell,1
1230=,Nelle,1
1230=,Neniya,1
1230=,Nevah,1
1230=,Nevyn,1
1230=,Nga,1
1230=,Ngeje,1
1230=,Niah,1
1230=,Nianh,1
1230=,Niaomi,1
1230=,Nichole,1
1230=,Nickolle,1
1230=,Nicky,1
1230=,Nicol,1
1230=,Nievh,1
1230=,Nikayla,1
1230=,Nikhita,1
1230=,Nikkayla,1
1230=,Nikkita,1
1230=,Nikkitta-Marie,1
1230=,Nikola-Dee,1
1230=,Nimrah,1
1230=,Ninamarie,1
1230=,Nioma,1
1230=,Niomai,1
1230=,Nishka,1
1230=,Nissa,1
1230=,Nitika,1
1230=,Niya,1
1230=,Noelia,1
1230=,Nola,1
1230=,Norah,1
1230=,Nova,1
1230=,Novaleigh,1
1230=,Nuha,1
1230=,Nurmunirah,1
1230=,Nursima,1
1230=,Nurul,1
1230=,Nusayba,1
1230=,Nylah,1
1230=,Nyssa,1
1230=,Ocean-Holly,1
1230=,Odessa,1
1230=,Oh,1
1230=,Oi,1
1230=,Oihana,1
1230=,Ola,1
1230=,Olivia-Belle,1
1230=,Oluwaseyi,1
1230=,Oluwasimidele,1
1230=,Oluwatosin,1
1230=,Olwen,1
1230=,Olympia,1
1230=,Oonagh,1
1230=,Or'laigh,1
1230=,Oran,1
1230=,Orit,1
1230=,Orli,1
1230=,Oryn,1
1230=,Oshanne,1
1230=,Ottilie,1
1230=,Page,1
1230=,Paidamwoyo,1
1230=,Paighton,1
1230=,Pailin,1
1230=,Paisley,1
1230=,Pallavi,1
1230=,Paloma,1
1230=,Pamela,1
1230=,Parand,1
1230=,Parisa,1
1230=,Payge,1
1230=,Pearl,1
1230=,Peggy-Nan,1
1230=,Peigidh,1
1230=,Penelope,1
1230=,Pernika,1
1230=,Perrie,1
1230=,Peyden,1
1230=,Peyton,1
1230=,Phaedra,1
1230=,Pheonix,1
1230=,Pheonixx,1
1230=,Pinar,1
1230=,Pippi,1
1230=,Polina,1
1230=,Pooja,1
1230=,Poppi,1
1230=,Prabhleen,1
1230=,Praise,1
1230=,Pranavi,1
1230=,Prazna,1
1230=,Precious,1
1230=,Preetike,1
1230=,Prina,1
1230=,Priscille,1
1230=,Prunella,1
1230=,Pryia,1
1230=,Pui,1
1230=,Pyper,1
1230=,Queenie,1
1230=,Raabia,1
1230=,Raabiah,1
1230=,Rabiya,1
1230=,Racheal-Jane,1
1230=,Rachel-Jane,1
1230=,Rachel-Leigh,1
1230=,Rachelle,1
1230=,Radhika,1
1230=,Radwa,1
1230=,Rae,1
1230=,Raeggan,1
1230=,Raegyn,1
1230=,Raema,1
1230=,Raghad,1
1230=,Rahaf,1
1230=,Raheel,1
1230=,Rahmah,1
1230=,Raishka,1
1230=,Raja,1
1230=,Rajveer,1
1230=,Ramandeep,1
1230=,Ramiza,1
1230=,Ramone,1
1230=,Rania,1
1230=,Raniyah,1
1230=,Rathy,1
1230=,Raven,1
1230=,Raya,1
1230=,Rayanna,1
1230=,Raygan,1
1230=,Rayna,1
1230=,Rayshem,1
1230=,Raz,1
1230=,Razan,1
1230=,Rea,1
1230=,Reaghan,1
1230=,Reann,1
1230=,Reanne,1
1230=,Rebeca,1
1230=,Rebecca-Abbii,1
1230=,Rebecca-Jayne,1
1230=,Rebecca-Louise,1
1230=,Rebekaah,1
1230=,Rebekkah,1
1230=,Rebekkah-Jayne,1
1230=,Reeann,1
1230=,Reeba,1
1230=,Reece,1
1230=,Reegan,1
1230=,Reem,1
1230=,Reema,1
1230=,Reeman,1
1230=,Reigan,1
1230=,Reigann,1
1230=,Reighan,1
1230=,Reiley,1
1230=,Reio,1
1230=,Reiss,1
1230=,Rekha,1
1230=,Remi-Louise,1
1230=,Remmi,1
1230=,Rene,1
1230=,Renelle,1
1230=,Renesa,1
1230=,Renie,1
1230=,Renitah,1
1230=,Renne,1
1230=,Renya,1
1230=,Reo,1
1230=,Reshma,1
1230=,Reyhan,1
1230=,Reyven,1
1230=,Rheagan,1
1230=,Rheannan,1
1230=,Rhiana-Leigh,1
1230=,Rhianin,1
1230=,Rhiann,1
1230=,Rhibhinn,1
1230=,Rhya,1
1230=,Rhyanne,1
1230=,Rhys,1
1230=,Riah,1
1230=,Rianne,1
1230=,Richa,1
1230=,Richelle,1
1230=,Rickaide,1
1230=,Rida,1
1230=,Ridha,1
1230=,Rihana,1
1230=,Rikki,1
1230=,Rikki-Leigh,1
1230=,Rimea,1
1230=,Rimini-Angel,1
1230=,Rioghnach,1
1230=,Rita,1
1230=,River,1
1230=,Riya,1
1230=,Robina,1
1230=,Robina-Ann,1
1230=,Robynne,1
1230=,Rochaln,1
1230=,Rohan,1
1230=,Rohana,1
1230=,Rohanna,1
1230=,Roisbheinn,1
1230=,Rojin,1
1230=,Romaan,1
1230=,Romalie,1
1230=,Romani,1
1230=,Romanie,1
1230=,Romany,1
1230=,Romei,1
1230=,Romillie,1
1230=,Romily,1
1230=,Rosaleigh,1
1230=,Rosalyn,1
1230=,Rosanne,1
1230=,Rosey,1
1230=,Roshan,1
1230=,Roshni,1
1230=,Rosina,1
1230=,Rosslin,1
1230=,Rosslyn,1
1230=,Rosy,1
1230=,Rowan-Flora,1
1230=,Rowanne,1
1230=,Rowen,1
1230=,Roxie,1
1230=,Rozi,1
1230=,Ruadhan,1
1230=,Rubie,1
1230=,Rubina,1
1230=,Ruby-Mae,1
1230=,Ruby-Sky,1
1230=,Rudha,1
1230=,Rudi,1
1230=,Rukeya,1
1230=,Rumaanah,1
1230=,Rumeysa,1
1230=,Rummana,1
1230=,Rungtiwa,1
1230=,Ruqiyah,1
1230=,Rylee,1
1230=,Saadhikha,1
1230=,Saadiya,1
1230=,Saarah,1
1230=,Sabaa,1
1230=,Sabah,1
1230=,Sabela,1
1230=,Sachkeerit,1
1230=,Sadaf,1
1230=,Sadhbh,1
1230=,Safiyah-Vega,1
1230=,Safoora,1
1230=,Sahana,1
1230=,Saida,1
1230=,Saima,1
1230=,Saja,1
1230=,Sakari,1
1230=,Sali,1
1230=,Salina,1
1230=,Salma,1
1230=,Salome,1
1230=,Samaa,1
1230=,Samadhi,1
1230=,Samarah,1
1230=,Sameena,1
1230=,Samima,1
1230=,Samira,1
1230=,Samm,1
1230=,Sammi,1
1230=,Sammy-Jo,1
1230=,Sandie,1
1230=,Sandra,1
1230=,Sandy,1
1230=,Sania,1
1230=,Sanya,1
1230=,Saoirse,1
1230=,Saoirse-Murron,1
1230=,Saorsa,1
1230=,Saphire,1
1230=,Sara-Leah,1
1230=,Sara-Louise,1
1230=,Sarah-Beth,1
1230=,Sarah-Jayne,1
1230=,Sarahjane,1
1230=,Sarahlouise,1
1230=,Sarajayne,1
1230=,Sarena,1
1230=,Sarila,1
1230=,Saron,1
1230=,Sashaleigh,1
1230=,Satu,1
1230=,Sawsan,1
1230=,Sayra,1
1230=,Scarlet,1
1230=,Seaney,1
1230=,Seba,1
1230=,Sedona,1
1230=,Seharish,1
1230=,Seher,1
1230=,Sehrish,1
1230=,Selin,1
1230=,Selina,1
1230=,Semia,1
1230=,Sena,1
1230=,Seonag,1
1230=,Seonah,1
1230=,Seonaid-May,1
1230=,Sereneti,1
1230=,Seven,1
1230=,Shabra,1
1230=,Shaeleidh,1
1230=,Shaher-Bano,1
1230=,Shaima,1
1230=,Shalayna,1
1230=,Shaleeya,1
1230=,Shanade,1
1230=,Shanai,1
1230=,Shanay,1
1230=,Shanel,1
1230=,Shanelle,1
1230=,Shanley,1
1230=,Shannyn,1
1230=,Shantel,1
1230=,Shantell,1
1230=,Shanti-Paige,1
1230=,Shanya,1
1230=,Shaqul,1
1230=,Sharan,1
1230=,Shareen,1
1230=,Sharlotte,1
1230=,Sharmina,1
1230=,Sharnell,1
1230=,Sharyn,1
1230=,Shauneen,1
1230=,Shauni,1
1230=,Shavanah,1
1230=,Shavonne,1
1230=,Shawny,1
1230=,Shaya,1
1230=,Shayda,1
1230=,Shaylyn,1
1230=,Shazia,1
1230=,Shazney,1
1230=,Sheena,1
1230=,Shehzeem,1
1230=,Shelbay,1
1230=,Shelee,1
1230=,Shellby,1
1230=,Shemaiah,1
1230=,Sheneeklee,1
1230=,Sheree,1
1230=,Sheridan,1
1230=,Sherie,1
1230=,Sherridan,1
1230=,Sheryl,1
1230=,Sheryn,1
1230=,Shevaun,1
1230=,Shi,1
1230=,Shilan,1
1230=,Shing,1
1230=,Shirell,1
1230=,Shirley,1
1230=,Shoena-Kate,1
1230=,Shraya,1
1230=,Shria,1
1230=,Shulamith,1
1230=,Sia,1
1230=,Sibylla,1
1230=,Sidra,1
1230=,Sidrah,1
1230=,Siena-Jaime,1
1230=,Siham,1
1230=,Sileas,1
1230=,Simeaya,1
1230=,Simi,1
1230=,Similoluwa,1
1230=,Simona,1
1230=,Simra,1
1230=,Sin,1
1230=,Sin-E,1
1230=,Sineade,1
1230=,Siphesihle,1
1230=,Sireen,1
1230=,Sirena,1
1230=,Sireynna,1
1230=,Siusaidh-Niamh,1
1230=,Skye-Farai,1
1230=,Skylar,1
1230=,Sneha,1
1230=,Soarse,1
1230=,Sohana,1
1230=,Solana,1
1230=,Somer,1
1230=,Sondos,1
1230=,Sonja,1
1230=,Sonya,1
1230=,Sookayna,1
1230=,Sophey,1
1230=,Sophi,1
1230=,Sophie-Anne,1
1230=,Sophie-Louise,1
1230=,Sophie-May,1
1230=,Sophieanne,1
1230=,Sophielee,1
1230=,Sophiemarie,1
1230=,Soreya,1
1230=,Soriya,1
1230=,Soundarya,1
1230=,Staci,1
1230=,Stefinie,1
1230=,Stevie-Jo,1
1230=,Stevie-Leigh,1
1230=,Stina,1
1230=,Sude,1
1230=,Sufia,1
1230=,Sukhveer,1
1230=,Sumaiya,1
1230=,Sumaya,1
1230=,Sumayyah,1
1230=,Sumbul,1
1230=,Summer-Rose,1
1230=,Summera,1
1230=,Suna,1
1230=,Sunday,1
1230=,Sunshine,1
1230=,Suparna,1
1230=,Suranne,1
1230=,Suzann,1
1230=,Suzanna,1
1230=,Suzannah,1
1230=,Suzi,1
1230=,Sya,1
1230=,Sydnee,1
1230=,Syeda,1
1230=,Sylvia,1
1230=,Syma,1
1230=,Symantha,1
1230=,Syrah,1
1230=,Tabatha,1
1230=,Tae-Shannee,1
1230=,Taelor,1
1230=,Tafara,1
1230=,Tahira,1
1230=,Tahmina,1
1230=,Tai,1
1230=,Taiba,1
1230=,Taigan,1
1230=,Taiylar,1
1230=,Takwa,1
1230=,Taleah,1
1230=,Tali,1
1230=,Taliah,1
1230=,Talitha,1
1230=,Tallie,1
1230=,Tallulah,1
1230=,Talulla,1
1230=,Tamally,1
1230=,Tamarra,1
1230=,Tammi-Jo,1
1230=,Tammi-Leigh,1
1230=,Tammie,1
1230=,Tammin,1
1230=,Tammy-Lee,1
1230=,Tammyleigh,1
1230=,Tania,1
1230=,Tanzeela,1
1230=,Tapiwanashe,1
1230=,Tara-Anne,1
1230=,Tarah,1
1230=,Taranbir,1
1230=,Tarnjeet,1
1230=,Tasmiya,1
1230=,Tasneem,1
1230=,Tatenda,1
1230=,Tatiana,1
1230=,Tavga,1
1230=,Tawonga,1
1230=,Taya,1
1230=,Tayhlor,1
1230=,Tayiba,1
1230=,Taylaa,1
1230=,Taylar,1
1230=,Taylor-Louise,1
1230=,Tayyibah,1
1230=,Teagen,1
1230=,Teah,1
1230=,Teejay,1
1230=,Tegan-Jade,1
1230=,Tegyn,1
1230=,Teighan-Marie,1
1230=,Teighlor,1
1230=,Temma,1
1230=,Teni-Jane,1
1230=,Terri-Louise,1
1230=,Terri-Mae,1
1230=,Tessy,1
1230=,Texas,1
1230=,Thaila,1
1230=,Thailer,1
1230=,Thalia,1
1230=,Theia,1
1230=,Thelma,1
1230=,Theresa,1
1230=,Theresa-Louisa,1
1230=,Thierry,1
1230=,Thonima,1
1230=,Thora,1
1230=,Thrymhilda,1
1230=,Thulile,1
1230=,Tia-Leigh,1
1230=,Tiah-Amilah,1
1230=,Tian,1
1230=,Tiana,1
1230=,Tianie,1
1230=,Tiarn,1
1230=,Tibyan,1
1230=,Tiea,1
1230=,Tierney,1
1230=,Tiger,1
1230=,Tiggy,1
1230=,Tila,1
1230=,Tilli,1
1230=,Tina,1
1230=,Tina-Marie,1
1230=,Tinotenda,1
1230=,Tomi,1
1230=,Tommie,1
1230=,Toni-Anne,1
1230=,Toni-Lee,1
1230=,Toni-Marie,1
1230=,Tonie,1
1230=,Torrie,1
1230=,Trinnie,1
1230=,Trisha,1
1230=,Trista,1
1230=,Tru,1
1230=,Trudi,1
1230=,Trudie,1
1230=,Tsz,1
1230=,Tuva,1
1230=,Twzen,1
1230=,Tylar,1
1230=,Tylesha,1
1230=,Tylishia,1
1230=,Uba,1
1230=,Umarah,1
1230=,Unnam,1
1230=,Urja,1
1230=,Urooj,1
1230=,Ursa,1
1230=,Urwah,1
1230=,Usiona,1
1230=,Usvah,1
1230=,Vada-Louise,1
1230=,Vaila,1
1230=,Valentina,1
1230=,Vaneeza,1
1230=,Velecia,1
1230=,Verna,1
1230=,Veronica,1
1230=,Vicenza,1
1230=,Vida,1
1230=,Vienna,1
1230=,Vienne,1
1230=,Vinessa,1
1230=,Virginia,1
1230=,Viviann,1
1230=,Vivien,1
1230=,Vuyelwa,1
1230=,Waad,1
1230=,Wafa,1
1230=,Walaa,1
1230=,Wallace,1
1230=,Wallis,1
1230=,Walliss,1
1230=,Wan,1
1230=,Washeka,1
1230=,Wei,1
1230=,Wen,1
1230=,Whitney,1
1230=,Willa,1
1230=,Wing,1
1230=,Wisal,1
1230=,Wishe,1
1230=,Wonder,1
1230=,Wydiddonia,1
1230=,Xena-Anne,1
1230=,Xhulia,1
1230=,Xin,1
1230=,Xinyi,1
1230=,Yael,1
1230=,Yagmur,1
1230=,Yakoot,1
1230=,Yasemin,1
1230=,Yeliz,1
1230=,Ying,1
1230=,Yolanda,1
1230=,Yong,1
1230=,Yousra,1
1230=,Youssra,1
1230=,Yuhanna,1
1230=,Yusra,1
1230=,Zaara,1
1230=,Zahwa-Ul-Hamd,1
1230=,Zaiba,1
1230=,Zaibah,1
1230=,Zainah,1
1230=,Zanna,1
1230=,Zara-Louise,1
1230=,Zarva,1
1230=,Zayhnab,1
1230=,Zayna,1
1230=,Zeba,1
1230=,Zeinab,1
1230=,Zeyana,1
1230=,Zhade-Marye,1
1230=,Zhara,1
1230=,Zhen,1
1230=,Zi,1
1230=,Ziggy,1
1230=,Zin,1
1230=,Zoe-Anne,1
1230=,Zoe-Marie,1
1230=,Zoeya,1
1230=,Zoha,1
1230=,Zohra,1
1230=,Zoie,1
1230=,Zoonash,1
1230=,Zuhal,1
