Position,Name,Number of babies
1,Sophie,681
2,Emily,468
3,Olivia,451
4,Emma,434
5,Chloe,431
6,Lucy,423
7,Ava,416
8,Katie,385
9,Erin,376
10,Hannah,369
11,Ellie,355
12,Jessica,344
13=,Amy,330
13=,Isla,330
15,Grace,313
16,Eva,294
17=,Holly,270
17=,Leah,270
19,Rebecca,268
20,Brooke,232
21,Freya,228
22,Aimee,226
23,Lily,217
24,Ruby,213
25,Niamh,210
26,Mia,208
27,Sarah,207
28,Anna,204
29,Millie,203
30,Megan,194
31=,Abbie,190
31=,Eilidh,190
33,Lauren,185
34,Summer,180
35,Skye,173
36,Abigail,171
37,Caitlin,167
38,Molly,165
39,Rachel,164
40,Eve,157
41,Zoe,153
42,Charlotte,152
43,Ella,140
44,Kayla,139
45,Keira,138
46,Morgan,134
47,Zara,131
48=,Cara,130
48=,Nicole,130
50,Amber,125
51,Evie,121
52,Paige,119
53,Amelia,118
54,Iona,110
55,Madison,107
56,Beth,97
57=,Robyn,92
57=,Taylor,92
59,Daisy,90
60=,Georgia,88
60=,Orla,88
62,Cerys,86
63,Bethany,84
64,Mya,82
65,Melissa,80
66,Elizabeth,78
67,Isabella,77
68=,Hollie,76
68=,Neve,76
68=,Sophia,76
71=,Julia,75
71=,Maya,75
73=,Gemma,73
73=,Libby,73
73=,Poppy,73
73=,Rosie,73
77,Lexi,72
78,Abi,69
79,Amelie,68
80,Imogen,67
81=,Abby,66
81=,Heather,66
81=,Kara,66
81=,Maisie,66
85,Kirsty,65
86=,Carly,63
86=,Jennifer,63
88,Lara,62
89,Nieve,61
90,Kelsey,60
91=,Alicia,59
91=,Kayleigh,59
93=,Faith,58
93=,Louise,58
93=,Phoebe,58
93=,Samantha,58
97=,Jenna,57
97=,Kiera,57
99,Alisha,56
100=,Alice,54
100=,Kaitlyn,54
100=,Maria,54
103=,Kate,53
103=,Shannon,53
105=,Hayley,52
105=,Jasmine,52
105=,Lexie,52
108=,Caitlyn,51
108=,Ciara,51
108=,Elise,51
108=,Rose,51
112,Laura,50
113=,Alex,49
113=,Sofia,49
115=,Casey,48
115=,Hope,48
117=,Demi,47
117=,Gracie,47
117=,Layla,47
117=,Mirren,47
117=,Natalie,47
117=,Rachael,47
117=,Tia,47
124=,Courtney,46
124=,Lilly,46
126=,Carla,45
126=,Natalia,45
126=,Scarlett,45
126=,Sienna,45
130=,Maddison,44
130=,Sara,44
132=,Lois,43
132=,Martha,43
132=,Natasha,43
135=,Alyssa,42
135=,Connie,42
135=,Naomi,42
138=,Alexandra,41
138=,Heidi,41
140=,Charley,40
140=,Danielle,40
140=,Darcy,40
140=,Kirsten,40
140=,Rowan,40
145,Katy,39
146=,Chelsea,38
146=,Lacey,38
146=,Lola,38
149,Lana,37
150=,Eleanor,36
150=,Elle,36
152=,Lucie,35
152=,Victoria,35
154,Macy,34
155=,Ellis,33
155=,Katherine,33
155=,Mollie,33
158=,Kacey,32
158=,Nicola,32
160=,Alana,31
160=,Ashley,31
160=,Jodie,31
160=,Maia,31
160=,Tegan,31
165=,Carys,30
165=,Charlie,30
165=,Eden,30
165=,Gabriella,30
165=,Isobel,30
165=,Matilda,30
171=,Abbey,29
171=,Anya,29
173=,Esme,28
173=,Zuzanna,28
175=,Abbi,27
175=,Alix,27
175=,Callie,27
175=,Catherine,27
175=,Ellen,27
175=,Louisa,27
181=,Ailsa,26
181=,Carrie,26
181=,Emilia,26
181=,Kenzie,26
181=,Mackenzie,26
181=,Rhianna,26
181=,Rihanna,26
181=,Teigan,26
189=,Alexis,25
189=,Kelsie,25
189=,Maja,25
189=,Milly,25
189=,Nina,25
194=,Annie,24
194=,Carmen,24
194=,Darcey,24
194=,Kaitlin,24
198=,Alesha,23
198=,Angel,23
198=,Chantelle,23
198=,Eryn,23
198=,Hayden,23
198=,Karis,23
198=,Stephanie,23
205=,Cassie,22
205=,Ebony,22
205=,Iris,22
205=,Katelyn,22
205=,Michaela,22
210=,Bethan,21
210=,Brogan,21
210=,Christina,21
210=,Fiona,21
210=,Francesca,21
210=,Kimberley,21
210=,Laila,21
210=,Nadia,21
210=,Neive,21
210=,Sasha,21
220=,Aaliyah,20
220=,Alanna,20
220=,Ashleigh,20
220=,Catriona,20
220=,Clara,20
220=,Emilie,20
220=,Keeley,20
220=,Kyla,20
220=,Leona,20
220=,Morven,20
220=,Rebekah,20
220=,Stella,20
232=,Aisha,19
232=,Evelyn,19
232=,Michelle,19
232=,Orlaith,19
232=,Tiegan,19
237=,Annabelle,18
237=,Bailey,18
237=,Fatima,18
237=,Gabrielle,18
237=,Halle,18
237=,Madeleine,18
237=,Oliwia,18
237=,Zahra,18
245=,Adele,17
245=,Aoife,17
245=,Claudia,17
245=,Faye,17
245=,Hanna,17
245=,Hazel,17
245=,Isabel,17
245=,Isabelle,17
245=,Jade,17
245=,Jorja,17
245=,Lyla,17
245=,Mary,17
245=,Mhairi,17
245=,Rosa,17
245=,Ruth,17
245=,Savannah,17
261=,Brodie,16
261=,Caoimhe,16
261=,Darci,16
261=,Kasey,16
261=,Kathryn,16
261=,Kiara,16
261=,Kyra,16
261=,Leila,16
261=,Lisa,16
261=,Meghan,16
261=,Sadie,16
261=,Violet,16
273=,Annabel,15
273=,Claire,15
273=,Crystal,15
273=,Elena,15
273=,Eloise,15
273=,Flora,15
273=,Kaci,15
273=,Lauryn,15
273=,Marley,15
273=,Mirrin,15
273=,Toni,15
273=,Willow,15
285=,Ayla,14
285=,Brooklyn,14
285=,Fern,14
285=,Helen,14
285=,Kira,14
285=,Mairi,14
285=,Miley,14
285=,Sinead,14
285=,Tilly,14
285=,Vanessa,14
285=,Yasmin,14
296=,Alexa,13
296=,Amie,13
296=,Autumn,13
296=,Charli,13
296=,Esther,13
296=,Georgie,13
296=,Harley,13
296=,Jamie,13
296=,Jemma,13
296=,Joanna,13
296=,Kerys,13
296=,Leigh,13
296=,Lena,13
296=,Lia,13
296=,Maggie,13
296=,Marnie,13
296=,Murron,13
296=,Peyton,13
296=,Rhea,13
296=,Rhiannon,13
296=,Sky,13
317=,Arianna,12
317=,Beatrice,12
317=,Cora,12
317=,Dionne,12
317=,Georgina,12
317=,Helena,12
317=,Jaime,12
317=,Jane,12
317=,Kaylee,12
317=,Keris,12
317=,Kimberly,12
317=,Lucia,12
317=,Martyna,12
317=,Mischa,12
317=,Siobhan,12
317=,Wiktoria,12
333=,Aliyah,11
333=,Dana,11
333=,Darcie,11
333=,Eliza,11
333=,Elsie,11
333=,Erika,11
333=,Islay,11
333=,Jodi,11
333=,Kadie,11
333=,Kady,11
333=,Luisa,11
333=,Macey,11
333=,Maeve,11
333=,Maryam,11
333=,Orlagh,11
333=,Paris,11
333=,Rhona,11
333=,Sally,11
333=,Teagan,11
333=,Tessa,11
333=,Thea,11
333=,Weronika,11
355=,Ailie,10
355=,Aleisha,10
355=,Antonia,10
355=,Bonnie,10
355=,Cameron,10
355=,Chiara,10
355=,Daniella,10
355=,Demi-Leigh,10
355=,Devon,10
355=,Eilish,10
355=,Elspeth,10
355=,Erica,10
355=,Gabriela,10
355=,Hailey,10
355=,Hana,10
355=,Harriet,10
355=,Jamie-Lee,10
355=,Jenny,10
355=,Juliet,10
355=,Leia,10
355=,Lydia,10
355=,Miriam,10
355=,Reese,10
355=,Tara,10
355=,Tayler,10
355=,Teighan,10
355=,Tyler,10
355=,Zofia,10
383=,Aine,9
383=,Aleena,9
383=,Aleksandra,9
383=,Alishba,9
383=,Amanda,9
383=,Ami,9
383=,Ana,9
383=,Andrea,9
383=,Aria,9
383=,Becky,9
383=,Caroline,9
383=,Chanelle,9
383=,Cody,9
383=,Elisa,9
383=,Emmy,9
383=,Farrah,9
383=,India,9
383=,Jordan,9
383=,Karolina,9
383=,Katrina,9
383=,Kirstin,9
383=,Laurie,9
383=,Lea,9
383=,Mariam,9
383=,Nancy,9
383=,Nia,9
383=,Nikola,9
383=,Pippa,9
411=,Addison,8
411=,Alannah,8
411=,Alba,8
411=,Alicja,8
411=,Allana,8
411=,Alysha,8
411=,Alyx,8
411=,April,8
411=,Arabella,8
411=,Arwen,8
411=,Billie,8
411=,Blythe,8
411=,Bronwyn,8
411=,Carley,8
411=,Cassidy,8
411=,Cayla,8
411=,Dakota,8
411=,Demi-Lee,8
411=,Elyse,8
411=,Jess,8
411=,Josephine,8
411=,Josie,8
411=,Joy,8
411=,Kali,8
411=,Karlie,8
411=,Kaydee,8
411=,Kaylah,8
411=,Kitty,8
411=,Klaudia,8
411=,Leigha,8
411=,Leonie,8
411=,Lila,8
411=,Lillian,8
411=,Lori,8
411=,Makenzie,8
411=,Margaret,8
411=,Mckenzie,8
411=,Murrin,8
411=,Nadine,8
411=,Nuala,8
411=,Piper,8
411=,Rhian,8
411=,Saoirse,8
411=,Sian,8
411=,Stevie,8
411=,Sylvie,8
411=,Tabitha,8
411=,Tiana,8
411=,Yvie,8
460=,Ailish,7
460=,Amiee,7
460=,Amna,7
460=,Ashton,7
460=,Ayesha,7
460=,Bryony,7
460=,Carlie,7
460=,Chelsey,7
460=,Constance,7
460=,Florence,7
460=,Freyja,7
460=,Hafsa,7
460=,Hayleigh,7
460=,Honor,7
460=,Jacqueline,7
460=,Jagoda,7
460=,Jamie-Leigh,7
460=,Jasmin,7
460=,Karla,7
460=,Karly,7
460=,Kayley,7
460=,Keely,7
460=,Kelly,7
460=,Kelsi,7
460=,Kenzi,7
460=,Kerris,7
460=,Kerry,7
460=,Kianna,7
460=,Krystal,7
460=,Lilia,7
460=,Makayla,7
460=,Marissa,7
460=,Marli,7
460=,Miya,7
460=,Monica,7
460=,Mylie,7
460=,Nikita,7
460=,Patrycja,7
460=,Payton,7
460=,Rosemary,7
460=,Roxanne,7
460=,Safa,7
460=,Stacey,7
460=,Talia,7
460=,Tamara,7
460=,Tamzin,7
460=,Teegan,7
460=,Tori,7
508=,Ada,6
508=,Adelle,6
508=,Aila,6
508=,Ailey,6
508=,Alexia,6
508=,Allie,6
508=,Amina,6
508=,Anais,6
508=,Astrid,6
508=,Breagha,6
508=,Brianna,6
508=,Cadence,6
508=,Cailin,6
508=,Candice,6
508=,Caragh,6
508=,Charis,6
508=,Christie,6
508=,Danni,6
508=,Dominika,6
508=,Elliot,6
508=,Elsa,6
508=,Emme,6
508=,Emmie,6
508=,Fallon,6
508=,Farah,6
508=,Fearne,6
508=,Hallie,6
508=,Holli,6
508=,Honey,6
508=,Ines,6
508=,Julie,6
508=,Kaylin,6
508=,Kennedy,6
508=,Keryn,6
508=,Klara,6
508=,Leyla,6
508=,Lillie,6
508=,Luci,6
508=,Macie,6
508=,Marianna,6
508=,Marisa,6
508=,Mercedes,6
508=,Mikayla,6
508=,Mirin,6
508=,Myla,6
508=,Neave,6
508=,Olive,6
508=,Patricia,6
508=,Philippa,6
508=,Pola,6
508=,Priya,6
508=,Ria,6
508=,Riley,6
508=,Saskia,6
508=,Seren,6
508=,Shelby,6
508=,Suzanne,6
508=,Tahlia,6
508=,Tammy,6
508=,Tanya,6
508=,Tess,6
508=,Tiffany,6
508=,Zaina,6
508=,Zainab,6
572=,Aimie,5
572=,Alexandria,5
572=,Alina,5
572=,Alison,5
572=,Allanah,5
572=,Amy-Lee,5
572=,Amylee,5
572=,Angela,5
572=,Angelina,5
572=,Anita,5
572=,Annalise,5
572=,Antonina,5
572=,Ariana,5
572=,Asia,5
572=,Baillie,5
572=,Camryn,5
572=,Carina,5
572=,Catrina,5
572=,Charleigh,5
572=,Dani,5
572=,Deryn,5
572=,Destiny,5
572=,Edith,5
572=,Elissa,5
572=,Estelle,5
572=,Fia,5
572=,Hafsah,5
572=,Hiba,5
572=,Inaaya,5
572=,Jayde,5
572=,Jenni,5
572=,Jia,5
572=,Joanne,5
572=,Juliette,5
572=,Kaia,5
572=,Kaila,5
572=,Karina,5
572=,Kathleen,5
572=,Kaya,5
572=,Kayden,5
572=,Kaylyn,5
572=,Khadijah,5
572=,Kim,5
572=,Kristie,5
572=,Lilian,5
572=,Linda,5
572=,Lottie,5
572=,Madeline,5
572=,Mae,5
572=,Mara,5
572=,Marianne,5
572=,Marlie,5
572=,Marta,5
572=,Melanie,5
572=,Michalina,5
572=,Mila,5
572=,Murren,5
572=,Noor,5
572=,Reagan,5
572=,Rebekka,5
572=,Rhia,5
572=,Rhiannan,5
572=,Roisin,5
572=,Saffron,5
572=,Samara,5
572=,Sana,5
572=,Sandra,5
572=,Savanna,5
572=,Serena,5
572=,Shakira,5
572=,Starr,5
572=,Tayla,5
572=,Tianna,5
572=,Tiree,5
572=,Verity,5
572=,Veronika,5
572=,Zarah,5
572=,Zoey,5
650=,Aamina,4
650=,Abigayle,4
650=,Adrianna,4
650=,Aeryn,4
650=,Ailidh,4
650=,Aime,4
650=,Ainsley,4
650=,Aiyana,4
650=,Aleesha,4
650=,Aleeza,4
650=,Aliesha,4
650=,Anaya,4
650=,Andie,4
650=,Angelika,4
650=,Anisa,4
650=,Anja,4
650=,Anne,4
650=,Anneliese,4
650=,Aqsa,4
650=,Aysha,4
650=,Beau,4
650=,Bella,4
650=,Bridget,4
650=,Bushra,4
650=,Calli,4
650=,Chanel,4
650=,Charly,4
650=,Cheryl,4
650=,Clare,4
650=,Cleo,4
650=,Cloe,4
650=,Colleen,4
650=,Coral,4
650=,Dawn,4
650=,Dominique,4
650=,Edie,4
650=,Eilis,4
650=,Eliana,4
650=,Elisabeth,4
650=,Elisha,4
650=,Ellie-Louise,4
650=,Elodie,4
650=,Erinn,4
650=,Errin,4
650=,Ewa,4
650=,Ferne,4
650=,Gillian,4
650=,Hibah,4
650=,Imaan,4
650=,Iman,4
650=,Inaya,4
650=,Inayah,4
650=,Indie,4
650=,Isha,4
650=,Ivy,4
650=,Jay,4
650=,Jayden,4
650=,Jaymee,4
650=,Jennah,4
650=,Jo,4
650=,Johanna,4
650=,Kacie,4
650=,Kadi,4
650=,Kaelyn,4
650=,Kaiya,4
650=,Kari,4
650=,Karley,4
650=,Karys,4
650=,Kassidy,4
650=,Katarzyna,4
650=,Katey,4
650=,Katie-Leigh,4
650=,Kaycee,4
650=,Kaycie,4
650=,Kaydie,4
650=,Kaysie,4
650=,Keisha,4
650=,Kendra,4
650=,Keren,4
650=,Kharis,4
650=,Kiana,4
650=,Kristin,4
650=,Kristina,4
650=,Kristy,4
650=,Laiba,4
650=,Levi,4
650=,Liliana,4
650=,Lilli,4
650=,Lina,4
650=,Lorena,4
650=,Lorna,4
650=,Maddie,4
650=,Mairead,4
650=,Maisy,4
650=,Maiya,4
650=,Martina,4
650=,Maura,4
650=,Meah,4
650=,Meg,4
650=,Melina,4
650=,Melody,4
650=,Merryn,4
650=,Mikaela,4
650=,Milena,4
650=,Miranda,4
650=,Mirryn,4
650=,Myah,4
650=,Nathalie,4
650=,Nyah,4
650=,Pamela,4
650=,Paulina,4
650=,Penny,4
650=,Priscilla,4
650=,Raegan,4
650=,Romany,4
650=,Romy,4
650=,Rona,4
650=,Roni,4
650=,Roslyn,4
650=,Roxy,4
650=,Ryleigh,4
650=,Shania,4
650=,Shauna,4
650=,Shona,4
650=,Star,4
650=,Sumaya,4
650=,Susan,4
650=,Sydney,4
650=,Tammi,4
650=,Tammie,4
650=,Thalia,4
650=,Tillie,4
650=,Tina,4
650=,Tyra,4
650=,Una,4
650=,Veronica,4
650=,Vivienne,4
650=,Yasmine,4
650=,Yi,4
650=,Yu,4
650=,Zaynab,4
650=,Zaynah,4
650=,Zoha,4
793=,Aalia,3
793=,Aamna,3
793=,Abigael,3
793=,Aditi,3
793=,Ailah,3
793=,Aimee-Lee,3
793=,Aimee-Leigh,3
793=,Aiva,3
793=,Akira,3
793=,Alaina,3
793=,Alecia,3
793=,Alisa,3
793=,Ally,3
793=,Alma,3
793=,Alyth,3
793=,Amani,3
793=,Amii,3
793=,Aminah,3
793=,Amy-Leigh,3
793=,Amy-Louise,3
793=,Anisha,3
793=,Annabella,3
793=,Anneke,3
793=,Annika,3
793=,Arianne,3
793=,Ashlee,3
793=,Ashlyn,3
793=,Aylie,3
793=,Bailie,3
793=,Becca,3
793=,Belle,3
793=,Bobbie,3
793=,Bree,3
793=,Briana,3
793=,Brody,3
793=,Broghan,3
793=,Cady,3
793=,Caelyn,3
793=,Caila,3
793=,Cailyn,3
793=,Camilla,3
793=,Caprice,3
793=,Carlee,3
793=,Carris,3
793=,Cecilia,3
793=,Ceilidh,3
793=,Ceira,3
793=,Cerise,3
793=,Charlay,3
793=,Chelsy,3
793=,Chrissie,3
793=,Chrissy,3
793=,Christine,3
793=,Christy,3
793=,Clementine,3
793=,Codi,3
793=,Codie,3
793=,Colbie,3
793=,Cori,3
793=,Cristina,3
793=,Daniela,3
793=,Danika,3
793=,Dayna,3
793=,Devyn,3
793=,Diamond,3
793=,Diana,3
793=,Dione,3
793=,Drew,3
793=,Elaine,3
793=,Elidh,3
793=,Eliska,3
793=,Elize,3
793=,Elly,3
793=,Emelia,3
793=,Emi,3
793=,Emilee,3
793=,Erynn,3
793=,Evangeline,3
793=,Evelina,3
793=,Fallyn,3
793=,Felicity,3
793=,Fenella,3
793=,Fleur,3
793=,Frankie,3
793=,Fraya,3
793=,Gail,3
793=,Gwen,3
793=,Hailie,3
793=,Haniya,3
793=,Harlie,3
793=,Indiana,3
793=,Inga,3
793=,Innes,3
793=,Iqra,3
793=,Ishbel,3
793=,Isobella,3
793=,Isra,3
793=,Jada,3
793=,Jaya,3
793=,Jaye,3
793=,Jaymie,3
793=,Jena,3
793=,Jessie,3
793=,Jocelyn,3
793=,Joni,3
793=,Jude,3
793=,Juliana,3
793=,Kaela,3
793=,Kaidence,3
793=,Kaja,3
793=,Karen,3
793=,Karris,3
793=,Kassie,3
793=,Katlyn,3
793=,Keara,3
793=,Keavy,3
793=,Kelsy,3
793=,Kendall,3
793=,Kenna,3
793=,Keri,3
793=,Kerryn,3
793=,Keziah,3
793=,Khianna,3
793=,Khushi,3
793=,Kiah,3
793=,Kirstie,3
793=,Kiya,3
793=,Kloe,3
793=,Kodie,3
793=,Kourtney,3
793=,Kristen,3
793=,Kylah,3
793=,Laci,3
793=,Lacie,3
793=,Lainey,3
793=,Larissa,3
793=,Laya,3
793=,Leanna,3
793=,Leanne,3
793=,Leni,3
793=,Leoni,3
793=,Liana,3
793=,Lilly-Anne,3
793=,Lilly-May,3
793=,Lily-Ann,3
793=,Lily-Grace,3
793=,Lindsay,3
793=,Logan,3
793=,Lyra,3
793=,Maizie,3
793=,Manisha,3
793=,Marcelina,3
793=,Marcia,3
793=,Marcie,3
793=,Mariana,3
793=,Marie,3
793=,Marina,3
793=,Marni,3
793=,Maryann,3
793=,Maxine,3
793=,May,3
793=,Mckenna,3
793=,Meadow,3
793=,Merissa,3
793=,Miah,3
793=,Milla,3
793=,Minnie,3
793=,Morag,3
793=,Muireann,3
793=,Nevaeh,3
793=,Nikki,3
793=,Nora,3
793=,Norah,3
793=,Ocean,3
793=,Petra,3
793=,Pheobe,3
793=,Princess,3
793=,Pyper,3
793=,Rania,3
793=,Raven,3
793=,Rebeka,3
793=,Reegan,3
793=,Regan,3
793=,Renee,3
793=,Rhianne,3
793=,Rita,3
793=,Robin,3
793=,Romana,3
793=,Romi,3
793=,Ronni,3
793=,Roseanna,3
793=,Roxi,3
793=,Rubie,3
793=,Rylee,3
793=,Sabina,3
793=,Saira,3
793=,Salma,3
793=,Samanta,3
793=,Sammi,3
793=,Sapphire,3
793=,Shana,3
793=,Sharon,3
793=,Shi,3
793=,Sommer,3
793=,Sorcha,3
793=,Sumaiyah,3
793=,Susanna,3
793=,Sylvia,3
793=,Tamzyn,3
793=,Tanisha,3
793=,Tasha,3
793=,Taylah,3
793=,Teaghan,3
793=,Teigan-Leigh,3
793=,Tierney,3
793=,Tyla,3
793=,Ursula,3
793=,Viktoria,3
793=,Xanthe,3
793=,Yazmin,3
793=,Zayna,3
793=,Zenab,3
793=,Ziva,3
1016=,Aatikah,2
1016=,Abrar,2
1016=,Adelaide,2
1016=,Adriana,2
1016=,Adrianne,2
1016=,Aeva,2
1016=,Afia,2
1016=,Agata,2
1016=,Aiesha,2
1016=,Aileigh,2
1016=,Aili,2
1016=,Aimee-Louise,2
1016=,Aimi,2
1016=,Ainslie,2
1016=,Aislinn,2
1016=,Aizah,2
1016=,Alaa,2
1016=,Alanah,2
1016=,Alanis,2
1016=,Alaya,2
1016=,Alayna,2
1016=,Aleeya,2
1016=,Aleshia,2
1016=,Alessandra,2
1016=,Alexi,2
1016=,Ali,2
1016=,Alia,2
1016=,Alissa,2
1016=,Aliya,2
1016=,Aliza,2
1016=,Alizah,2
1016=,Alli,2
1016=,Alyshea,2
1016=,Amalie,2
1016=,Amandeep,2
1016=,Amaya,2
1016=,Ameera,2
1016=,Ami-Leigh,2
1016=,Amilee,2
1016=,Amirah,2
1016=,Ammara,2
1016=,Amrit,2
1016=,Amy-Jean,2
1016=,Analise,2
1016=,Anam,2
1016=,Anastasija,2
1016=,Andi,2
1016=,Angharad,2
1016=,Ann,2
1016=,Anniyah,2
1016=,Antara,2
1016=,Anwen,2
1016=,Ariel,2
1016=,Arisha,2
1016=,Aroosh,2
1016=,Asmaa,2
1016=,Athena,2
1016=,Aukse,2
1016=,Aurelia,2
1016=,Aurora,2
1016=,Ava-Belle,2
1016=,Ava-Mae,2
1016=,Ayah,2
1016=,Ayana,2
1016=,Ayisha,2
1016=,Ayleigh,2
1016=,Ayshia,2
1016=,Azaria,2
1016=,Bailee,2
1016=,Barbara,2
1016=,Bea,2
1016=,Beatrix,2
1016=,Beaux,2
1016=,Bernadette,2
1016=,Bethani,2
1016=,Betsy,2
1016=,Bing,2
1016=,Bo,2
1016=,Bobbi,2
1016=,Bracken,2
1016=,Briony,2
1016=,Bronte,2
1016=,Brook,2
1016=,Caela,2
1016=,Cailynn,2
1016=,Caira,2
1016=,Caitidh,2
1016=,Caitlynn,2
1016=,Cali,2
1016=,Calleigh,2
1016=,Camille,2
1016=,Carah,2
1016=,Carlina,2
1016=,Carolyn,2
1016=,Carra,2
1016=,Carrie-Anne,2
1016=,Casie,2
1016=,Cassey,2
1016=,Cate,2
1016=,Celeste,2
1016=,Celia,2
1016=,Charmaine,2
1016=,Chelsie,2
1016=,Cheri,2
1016=,Cheyenne,2
1016=,Chloe-Louise,2
1016=,Christa,2
1016=,Cianna,2
1016=,Ciara-Leigh,2
1016=,Cicely,2
1016=,Clementina,2
1016=,Coco,2
1016=,Colette,2
1016=,Colina,2
1016=,Corrin,2
1016=,Courtney-Leigh,2
1016=,Csenge,2
1016=,Dania,2
1016=,Darby,2
1016=,Daria,2
1016=,Dasha,2
1016=,Deanna,2
1016=,Dearbhla,2
1016=,Debbie,2
1016=,Dee,2
1016=,Deena,2
1016=,Delta,2
1016=,Demi-Lea,2
1016=,Demilee,2
1016=,Demileigh,2
1016=,Demmi,2
1016=,Denni,2
1016=,Denver,2
1016=,Deri,2
1016=,Derri,2
1016=,Derry,2
1016=,Dion,2
1016=,Diya,2
1016=,Doris,2
1016=,Dua,2
1016=,Dylan,2
1016=,Eadie,2
1016=,Eboni,2
1016=,Edyn,2
1016=,Eibhlin,2
1016=,Eilean,2
1016=,Eimear,2
1016=,Elana,2
1016=,Eleonora,2
1016=,Elif,2
1016=,Elina,2
1016=,Elinor,2
1016=,Ella-Louise,2
1016=,Ellah,2
1016=,Ellena,2
1016=,Elli,2
1016=,Elliana,2
1016=,Ellie-Mae,2
1016=,Ellie-May,2
1016=,Ellii,2
1016=,Ellise,2
1016=,Ellyse,2
1016=,Elouise,2
1016=,Ema,2
1016=,Emaan,2
1016=,Eman,2
1016=,Emeline,2
1016=,Emili,2
1016=,Emillie,2
1016=,Emily-Jane,2
1016=,Emily-Rose,2
1016=,Emma-Louise,2
1016=,Emmeline,2
1016=,Ena,2
1016=,Ericka,2
1016=,Eshal,2
1016=,Esmee,2
1016=,Eva-Marie,2
1016=,Eva-May,2
1016=,Fatimah,2
1016=,Favour,2
1016=,Fay,2
1016=,Fei,2
1016=,Fiza,2
1016=,Frances,2
1016=,Freja,2
1016=,Frida,2
1016=,Georgiana,2
1016=,Geraldine,2
1016=,Giulia,2
1016=,Gracey,2
1016=,Gracie-Jo,2
1016=,Grier,2
1016=,Haadiyah,2
1016=,Hadiyah,2
1016=,Haleema,2
1016=,Haley,2
1016=,Hali,2
1016=,Hamna,2
1016=,Harleigh,2
1016=,Harli,2
1016=,Harper,2
1016=,Harriette,2
1016=,Hawa,2
1016=,Haydyn,2
1016=,Helayna,2
1016=,Iga,2
1016=,Ilona,2
1016=,Inara,2
1016=,Indi,2
1016=,Irene,2
1016=,Isobelle,2
1016=,Iva,2
1016=,Izabela,2
1016=,Jaden,2
1016=,Jaia,2
1016=,Jaidyn,2
1016=,Jaime-Leigh,2
1016=,Jaimee,2
1016=,Jaimie,2
1016=,Jamila,2
1016=,Jasmyn,2
1016=,Jayme,2
1016=,Jayne,2
1016=,Jean,2
1016=,Jemima,2
1016=,Jewel,2
1016=,Jiya,2
1016=,Jocelynn,2
1016=,Johanne,2
1016=,Jolie,2
1016=,Judy,2
1016=,Julianna,2
1016=,June,2
1016=,Justine,2
1016=,Kacey-Leigh,2
1016=,Kacy,2
1016=,Kadey,2
1016=,Kadie-Leigh,2
1016=,Kaelin,2
1016=,Kamila,2
1016=,Kareena,2
1016=,Karli,2
1016=,Karmen,2
1016=,Kassey,2
1016=,Katarina,2
1016=,Katelynn,2
1016=,Katia,2
1016=,Katie-Ann,2
1016=,Katie-Lee,2
1016=,Katja,2
1016=,Kaydence,2
1016=,Kaydi,2
1016=,Kaydin,2
1016=,Kayla-Jayne,2
1016=,Kayla-Louise,2
1016=,Kaylay,2
1016=,Kaylie,2
1016=,Kaytie,2
1016=,Keera,2
1016=,Keeva,2
1016=,Keiara,2
1016=,Kelci,2
1016=,Keleigh,2
1016=,Kelis,2
1016=,Kelly-Marie,2
1016=,Kelsea,2
1016=,Kenadie,2
1016=,Kendal,2
1016=,Kendo,2
1016=,Kenya,2
1016=,Kera,2
1016=,Kerrie,2
1016=,Kerrin,2
1016=,Khadija,2
1016=,Khara,2
1016=,Kia,2
1016=,Kierra,2
1016=,Kiesha,2
1016=,Kinga,2
1016=,Kiran,2
1016=,Kirstyn,2
1016=,Kodi,2
1016=,Kody,2
1016=,Lacy,2
1016=,Laibah,2
1016=,Lainie,2
1016=,Lamya,2
1016=,Lavinia,2
1016=,Layna,2
1016=,Lee,2
1016=,Leela,2
1016=,Leilah,2
1016=,Lexis,2
1016=,Leya,2
1016=,Liah,2
1016=,Lianna,2
1016=,Libbie,2
1016=,Lilah,2
1016=,Lilith,2
1016=,Lilly-Ann,2
1016=,Lillyanne,2
1016=,Lily-Anne,2
1016=,Lily-Mae,2
1016=,Lily-Rose,2
1016=,Lilyanne,2
1016=,Lindsey,2
1016=,Livvy,2
1016=,Lolah,2
1016=,Loren,2
1016=,Lorin,2
1016=,Lotte,2
1016=,Lowri,2
1016=,Lucja,2
1016=,Lulu,2
1016=,Lyndsey,2
1016=,Lynn,2
1016=,Lynne,2
1016=,Maaria,2
1016=,Maariyah,2
1016=,Mabel,2
1016=,Maci,2
1016=,Madyson,2
1016=,Maegan,2
1016=,Mahnoor,2
1016=,Mai,2
1016=,Maisey,2
1016=,Makaila,2
1016=,Malaika,2
1016=,Malika,2
1016=,Malwina,2
1016=,Mandy,2
1016=,Mari,2
1016=,Marika,2
1016=,Mary-Jane,2
1016=,Meagan,2
1016=,Meng,2
1016=,Mika,2
1016=,Mikkayla,2
1016=,Milli,2
1016=,Millicent,2
1016=,Min,2
1016=,Mira,2
1016=,Miren,2
1016=,Misbah,2
1016=,Montana,2
1016=,Morena,2
1016=,Muskaan,2
1016=,Myley,2
1016=,Myrren,2
1016=,Naimh,2
1016=,Natalya,2
1016=,Neha,2
1016=,Nell,2
1016=,Nelly,2
1016=,Niaomi,2
1016=,Nika,2
1016=,Nikkita,2
1016=,Niomi,2
1016=,Nola,2
1016=,Nour,2
1016=,Nur,2
1016=,Ola,2
1016=,Oluwatamilore,2
1016=,Oriana,2
1016=,Paisley,2
1016=,Paula,2
1016=,Peighton,2
1016=,Penelope,2
1016=,Perla,2
1016=,Persephone,2
1016=,Praise,2
1016=,Qing,2
1016=,Rabia,2
1016=,Rashida,2
1016=,Rayne,2
1016=,Rayyan,2
1016=,Reah,2
1016=,Reanna,2
1016=,Reanne,2
1016=,Rhya,2
1016=,Rhyan,2
1016=,Rhyanna,2
1016=,Rianna,2
1016=,Rio,2
1016=,Riya,2
1016=,Roma,2
1016=,Roshini,2
1016=,Roslin,2
1016=,Rosslyn,2
1016=,Rubi,2
1016=,Rubyann,2
1016=,Ruya,2
1016=,Ryley,2
1016=,Sabaa,2
1016=,Sabrina,2
1016=,Safia,2
1016=,Sahra,2
1016=,Sakina,2
1016=,Sam,2
1016=,Samaya,2
1016=,Samia,2
1016=,Sammie,2
1016=,Sandie,2
1016=,Saniya,2
1016=,Sanna,2
1016=,Sarah-Louise,2
1016=,Sarahjane,2
1016=,Savanah,2
1016=,Scarlet,2
1016=,Selena,2
1016=,Shae,2
1016=,Shanna,2
1016=,Shaye,2
1016=,Shayla,2
1016=,Shaylyn,2
1016=,Shreya,2
1016=,Shu,2
1016=,Simona,2
1016=,Simone,2
1016=,Simran,2
1016=,Sine,2
1016=,Sioned,2
1016=,Skyla,2
1016=,Skylar,2
1016=,Sofie,2
1016=,Sonia,2
1016=,Sonya,2
1016=,Sophi,2
1016=,Sophia-Rose,2
1016=,Sophie-Lee,2
1016=,Suilven,2
1016=,Sum,2
1016=,Sumaiya,2
1016=,Suzanna,2
1016=,Suzannah,2
1016=,Syeda,2
1016=,Syesha,2
1016=,Symone,2
1016=,Tala,2
1016=,Talitha,2
1016=,Tamsin,2
1016=,Tamson,2
1016=,Tarn,2
1016=,Tasmin,2
1016=,Tatyana,2
1016=,Tayyibah,2
1016=,Tehya,2
1016=,Teigen,2
1016=,Teri,2
1016=,Terri,2
1016=,Theia,2
1016=,Tiah,2
1016=,Tiara,2
1016=,Tiger-Lily,2
1016=,Tilda,2
1016=,Tinashe,2
1016=,Tooba,2
1016=,Trinity,2
1016=,Trudy,2
1016=,Ula,2
1016=,Urte,2
1016=,Valerie,2
1016=,Vanesa,2
1016=,Viktorija,2
1016=,Vivien,2
1016=,Wen,2
1016=,Xin,2
1016=,Xue,2
1016=,Yara,2
1016=,Zahara,2
1016=,Zi,2
1016=,Zosia,2
1016=,Zoya,2
1490=,A'jay,1
1490=,Aadya,1
1490=,Aaida,1
1490=,Aaima,1
1490=,Aaiva,1
1490=,Aala'a,1
1490=,Aaleah,1
1490=,Aaleahia,1
1490=,Aaliya,1
1490=,Aaliyah-Marie,1
1490=,Aalya,1
1490=,Aamilah,1
1490=,Aaminah,1
1490=,Aania,1
1490=,Aara,1
1490=,Aarathika,1
1490=,Aariyana,1
1490=,Aarshi,1
1490=,Aarti,1
1490=,Aayla,1
1490=,Aaynaan,1
1490=,Aayona,1
1490=,Abasiakanano,1
1490=,Abbeigh,1
1490=,Abbie-Clair,1
1490=,Abbie-Leigh,1
1490=,Abbiegail,1
1490=,Abbigail,1
1490=,Abbyann,1
1490=,Abbymay,1
1490=,Abea,1
1490=,Abeeha,1
1490=,Abeer,1
1490=,Abeera,1
1490=,Abey,1
1490=,Abhia,1
1490=,Abi-Lee,1
1490=,Abie,1
1490=,Abigale,1
1490=,Abiha,1
1490=,Abileigh,1
1490=,Abira,1
1490=,Abisha,1
1490=,Abtehal,1
1490=,Ada-May,1
1490=,Adaeze,1
1490=,Adalee,1
1490=,Adana,1
1490=,Adda,1
1490=,Addi,1
1490=,Addie,1
1490=,Adedolapo,1
1490=,Adeerimi,1
1490=,Adefunke,1
1490=,Adelene,1
1490=,Adelin,1
1490=,Adelina,1
1490=,Adeline,1
1490=,Adelynn,1
1490=,Adesola,1
1490=,Adiba,1
1490=,Adila,1
1490=,Adishti,1
1490=,Adithi,1
1490=,Adora,1
1490=,Adraidah,1
1490=,Adwoa,1
1490=,Aegan,1
1490=,Aeman,1
1490=,Aerran,1
1490=,Aeyrn,1
1490=,Afrah,1
1490=,Agathe,1
1490=,Agnesa,1
1490=,Agnieszka,1
1490=,Agota,1
1490=,Ahrra,1
1490=,Ahva,1
1490=,Aida,1
1490=,Aighar,1
1490=,Aila-Noor,1
1490=,Ailay,1
1490=,Aildh,1
1490=,Aileas,1
1490=,Ailee,1
1490=,Aileen,1
1490=,Ailia,1
1490=,Ailiegh,1
1490=,Ailis,1
1490=,Aillie,1
1490=,Aillish,1
1490=,Ailzah,1
1490=,Aima,1
1490=,Aimee-Mae,1
1490=,Aimee-Meeya,1
1490=,Aimee-Rose,1
1490=,Aimeelee,1
1490=,Aimel,1
1490=,Aimey,1
1490=,Ainsleigh,1
1490=,Ainsleigh-Carra,1
1490=,Aishah,1
1490=,Aislin,1
1490=,Aisling,1
1490=,Aislynne,1
1490=,Aisma,1
1490=,Aissatou,1
1490=,Aitreya,1
1490=,Aiven,1
1490=,Aiyla,1
1490=,Aiza,1
1490=,Akanksha,1
1490=,Akasha,1
1490=,Akhila,1
1490=,Aksara,1
1490=,Akshana,1
1490=,Akshara,1
1490=,Akshayah,1
1490=,Al,1
1490=,Alaia,1
1490=,Alaiza,1
1490=,Alana-Jay,1
1490=,Alana-Marie,1
1490=,Alanya,1
1490=,Albina,1
1490=,Aleema,1
1490=,Aleezah,1
1490=,Aleezay,1
1490=,Aleigh,1
1490=,Alena,1
1490=,Alessia,1
1490=,Alexis-May,1
1490=,Alexis-Skye,1
1490=,Alexsandra,1
1490=,Alexsis,1
1490=,Alexx,1
1490=,Alexzia,1
1490=,Aleya,1
1490=,Aleyshia,1
1490=,Alfia,1
1490=,Alichia,1
1490=,Alida,1
1490=,Alieghsha,1
1490=,Alieshia,1
1490=,Aliex,1
1490=,Alimot-Shadiat,1
1490=,Aliscia,1
1490=,Alishia,1
1490=,Alissa-Jane,1
1490=,Alissia,1
1490=,Alivia,1
1490=,Alixus,1
1490=,Alixx,1
1490=,Aliyyah,1
1490=,Alizeh,1
1490=,Allexis,1
1490=,Allysha,1
1490=,Allyson,1
1490=,Allyssa,1
1490=,Almina,1
1490=,Almira,1
1490=,Alpina,1
1490=,Alta,1
1490=,Alycya,1
1490=,Alyiah,1
1490=,Alyisha,1
1490=,Alys,1
1490=,Alyscia-Rose,1
1490=,Alysha-May,1
1490=,Alyshia,1
1490=,Alysia,1
1490=,Alysse,1
1490=,Alyssia,1
1490=,Alyssya,1
1490=,Alyvia,1
1490=,Ama,1
1490=,Amal,1
1490=,Amalea,1
1490=,Amalia,1
1490=,Amanpreet,1
1490=,Amara,1
1490=,Amarachi,1
1490=,Amarah,1
1490=,Amaris,1
1490=,Amarleen,1
1490=,Ambar,1
1490=,Amber-Elizabeth,1
1490=,Amber-Jane,1
1490=,Amber-May,1
1490=,Ameenah,1
1490=,Ameerah,1
1490=,Amelie-Rose,1
1490=,Amelle,1
1490=,Amellia,1
1490=,Amenah,1
1490=,Amera,1
1490=,Amey,1
1490=,Ameya,1
1490=,Amie-Lee,1
1490=,Amie-Leigh,1
1490=,Amiee-Louise,1
1490=,Amilia,1
1490=,Amilie,1
1490=,Amira,1
1490=,Amity,1
1490=,Ammie,1
1490=,Amneet,1
1490=,Amora,1
1490=,Amundsen,1
1490=,Amy-Grace,1
1490=,Amy-Jayne,1
1490=,Amyanne,1
1490=,Amye,1
1490=,Amyjo,1
1490=,Amyleigh,1
1490=,Anaaya,1
1490=,Anabell,1
1490=,Anabella,1
1490=,Anabelle,1
1490=,Anah,1
1490=,Anahita,1
1490=,Analiese,1
1490=,Anamika,1
1490=,Ananda,1
1490=,Anastasia,1
1490=,Anastazia,1
1490=,Anayya,1
1490=,Andi-Leigh,1
1490=,Andreea,1
1490=,Andreia,1
1490=,Andzela,1
1490=,Aneesa,1
1490=,Aneesah,1
1490=,Angel-Leigh,1
1490=,Angele,1
1490=,Angelene,1
1490=,Angeline,1
1490=,Ania,1
1490=,Anika,1
1490=,Anira,1
1490=,Anisah,1
1490=,Aniya,1
1490=,Anjolaoluwa,1
1490=,Anmol,1
1490=,Anna-Gabriella,1
1490=,Anna-Grace,1
1490=,Anna-Laetizia,1
1490=,Anna-Leigh,1
1490=,Anna-Lucia,1
1490=,Anna-May,1
1490=,Annaleisha,1
1490=,Annalisa,1
1490=,Annam,1
1490=,Annamaria,1
1490=,Annamay,1
1490=,Annastasia,1
1490=,Annaya,1
1490=,Anne-Marie,1
1490=,Annelise-Scott,1
1490=,Annesu,1
1490=,Annette,1
1490=,Annie-Leigh,1
1490=,Annmaria,1
1490=,Annmarie,1
1490=,Antalia,1
1490=,Antonella,1
1490=,Anuoluwapo,1
1490=,Anuska,1
1490=,Anya-Lea,1
1490=,Anya-Lucia,1
1490=,Anzelika,1
1490=,Arabel,1
1490=,Araelia,1
1490=,Arantxa,1
1490=,Arash,1
1490=,Arden,1
1490=,Areena,1
1490=,Arelie,1
1490=,Aria-Leigh,1
1490=,Ariadne,1
1490=,Ariane,1
1490=,Ariba,1
1490=,Ariella,1
1490=,Arielle,1
1490=,Aris,1
1490=,Arishah,1
1490=,Arissa,1
1490=,Armani,1
1490=,Aroha,1
1490=,Aroofa,1
1490=,Aroush,1
1490=,Arran,1
1490=,Arrosa,1
1490=,Aruna,1
1490=,Arushi,1
1490=,Arwa,1
1490=,Arwyn,1
1490=,Arya-June,1
1490=,Arya-Leigh,1
1490=,Aryan,1
1490=,Aryn,1
1490=,Asena,1
1490=,Ashah,1
1490=,Ashalina,1
1490=,Ashid-Uyan,1
1490=,Ashita,1
1490=,Ashleah,1
1490=,Ashlin,1
1490=,Ashlinn,1
1490=,Ashlynn,1
1490=,Ashmita,1
1490=,Ashtyn,1
1490=,Asiah,1
1490=,Asma,1
1490=,Aspen,1
1490=,Asya,1
1490=,Ategina,1
1490=,Atieqa,1
1490=,Atika,1
1490=,Atiya,1
1490=,Atlanta-Jade,1
1490=,Atoosa,1
1490=,Atusaye,1
1490=,Aurelija,1
1490=,Aurla,1
1490=,Auryn,1
1490=,Ava-Celine,1
1490=,Ava-Jai,1
1490=,Ava-Jane,1
1490=,Ava-Lily,1
1490=,Ava-Louise,1
1490=,Ava-Raine,1
1490=,Ava-Rose,1
1490=,Avah,1
1490=,Avah-Coralie,1
1490=,Avalon,1
1490=,Avani,1
1490=,Avi,1
1490=,Avia,1
1490=,Aviah,1
1490=,Avleen,1
1490=,Avneet,1
1490=,Avni,1
1490=,Avnit,1
1490=,Ayalisha,1
1490=,Ayeesha,1
1490=,Ayela,1
1490=,Ayenoor,1
1490=,Ayla-Jane,1
1490=,Ayley,1
1490=,Ayliegh-Jayne,1
1490=,Aylish,1
1490=,Aymen,1
1490=,Ayra,1
1490=,Aysin,1
1490=,Ayushi,1
1490=,Ayusma,1
1490=,Ayva,1
1490=,Ayvae,1
1490=,Azeez,1
1490=,Azia,1
1490=,Azra,1
1490=,Baileigh,1
1490=,Bakhtawar,1
1490=,Bana,1
1490=,Banita,1
1490=,Baraka,1
1490=,Barbora,1
1490=,Batool,1
1490=,Batoul,1
1490=,Batrisya,1
1490=,Batshewa,1
1490=,Bay,1
1490=,Bayan,1
1490=,Baylee,1
1490=,Bayleigh,1
1490=,Bayli,1
1490=,Beata,1
1490=,Beatriz,1
1490=,Beccy,1
1490=,Becki,1
1490=,Beda,1
1490=,Bekka,1
1490=,Belema,1
1490=,Bellarose,1
1490=,Benita,1
1490=,Beracah,1
1490=,Bevyn,1
1490=,Bianca,1
1490=,Bianka,1
1490=,Bibiane,1
1490=,Billi-Jo,1
1490=,Billie-Jean,1
1490=,Billie-Jo,1
1490=,Billiegh,1
1490=,Billieleigh,1
1490=,Bisma,1
1490=,Bismah,1
1490=,Blainie,1
1490=,Blair,1
1490=,Blaire,1
1490=,Blayre,1
1490=,Blaze,1
1490=,Blaze-Obry,1
1490=,Blessing,1
1490=,Blossom,1
1490=,Bluebell,1
1490=,Bobbi-Lee,1
1490=,Bobbie-Jo,1
1490=,Bobby,1
1490=,Bodza,1
1490=,Bolatito,1
1490=,Bonna,1
1490=,Bonni,1
1490=,Bonnie-Paige,1
1490=,Bonny,1
1490=,Borbala,1
1490=,Bowie,1
1490=,Braelyn,1
1490=,Brea,1
1490=,Breagh,1
1490=,Breanna,1
1490=,Breda,1
1490=,Breez,1
1490=,Brenda,1
1490=,Brenna,1
1490=,Brennan,1
1490=,Breya,1
1490=,Bria,1
1490=,Brianie,1
1490=,Brianne,1
1490=,Brie,1
1490=,Brisa,1
1490=,Britney-Lee,1
1490=,Brodi,1
1490=,Brodii,1
1490=,Brogen,1
1490=,Bronach,1
1490=,Bronia,1
1490=,Brooke-Leigh,1
1490=,Brookelin,1
1490=,Brookelyn,1
1490=,Brookelynne,1
1490=,Brooklyn-Leah,1
1490=,Brooklynn,1
1490=,Brooklynne,1
1490=,Bruke,1
1490=,Bryanie,1
1490=,Bryelle,1
1490=,Cacey,1
1490=,Cadence-Marie,1
1490=,Cadha,1
1490=,Cadi,1
1490=,Cadie,1
1490=,Cadylee,1
1490=,Caelen,1
1490=,Caelin,1
1490=,Caiden,1
1490=,Caidy,1
1490=,Cailagh-Jayne,1
1490=,Cailah,1
1490=,Cailey,1
1490=,Cailie,1
1490=,Cairistiona,1
1490=,Cairney,1
1490=,Caithlyn,1
1490=,Caitie,1
1490=,Caitlain,1
1490=,Caitlan,1
1490=,Caitlyn-Chi,1
1490=,Caitrin,1
1490=,Caitriona,1
1490=,Caity,1
1490=,Caley,1
1490=,Calha,1
1490=,Calise,1
1490=,Callaigh,1
1490=,Calleigh-Anne,1
1490=,Callia,1
1490=,Cally,1
1490=,Cameryn,1
1490=,Camila,1
1490=,Candise,1
1490=,Candy,1
1490=,Caoilfhionn,1
1490=,Caoilinn,1
1490=,Capri,1
1490=,Caranne,1
1490=,Cardin-Leigh,1
1490=,Carine,1
1490=,Caris,1
1490=,Cariss,1
1490=,Carlaina,1
1490=,Carleigh,1
1490=,Carli,1
1490=,Carlin,1
1490=,Carlotta,1
1490=,Carly-Leigh,1
1490=,Carlyn,1
1490=,Carmel,1
1490=,Carmella,1
1490=,Carmen-Elise,1
1490=,Carmyn,1
1490=,Carol,1
1490=,Carragh,1
1490=,Carys-Rose,1
1490=,Caryss,1
1490=,Casey-Anne,1
1490=,Casey-Lea,1
1490=,Casey-Lee,1
1490=,Casey-Leigh,1
1490=,Cassandra,1
1490=,Cassia,1
1490=,Cassica,1
1490=,Cassy,1
1490=,Catelin,1
1490=,Catherine-Alice,1
1490=,Cathrine,1
1490=,Cathryn,1
1490=,Cathy,1
1490=,Catie,1
1490=,Catlin,1
1490=,Catraya,1
1490=,Cayde,1
1490=,Cayden,1
1490=,Caylay,1
1490=,Cayley,1
1490=,Caylia,1
1490=,Caylin,1
1490=,Caylyn,1
1490=,Caytlin,1
1490=,Ceannah,1
1490=,Cecilie,1
1490=,Cecily,1
1490=,Celeina,1
1490=,Celina,1
1490=,Celine,1
1490=,Cello,1
1490=,Celsey,1
1490=,Ceriece,1
1490=,Cerria,1
1490=,Ceylina,1
1490=,Chanaid,1
1490=,Chantel,1
1490=,Chantell,1
1490=,Charlee,1
1490=,Charlene,1
1490=,Charley-Jay,1
1490=,Charley-Jo,1
1490=,Charley-Leigh,1
1490=,Charlie-Ann,1
1490=,Charlie-Anne,1
1490=,Charlie-Jean,1
1490=,Charlii,1
1490=,Charline,1
1490=,Charlize,1
1490=,Charys,1
1490=,Chase,1
1490=,Chaze-Taylor,1
1490=,Chea,1
1490=,Chelcie,1
1490=,Chelse,1
1490=,Chelsea-Derran,1
1490=,Chelsea-Jayde,1
1490=,Chelsea-Nicole,1
1490=,Chelsi,1
1490=,Chen,1
1490=,Cheree,1
1490=,Cherise,1
1490=,Cherry,1
1490=,Cherryl,1
1490=,Cheryl-Ann,1
1490=,Cheyanne,1
1490=,Chiara-Raine,1
1490=,Chiaraa,1
1490=,Chiarra,1
1490=,Chibuzo,1
1490=,Chidimma,1
1490=,Chimzi,1
1490=,Chinemenma,1
1490=,Chinemerem,1
1490=,Chinenyenwa,1
1490=,Chione,1
1490=,Chisangalo,1
1490=,Chizitalu,1
1490=,Chloe-Jane,1
1490=,Chloe-Mae,1
1490=,Chloe-Paige,1
1490=,Chloe-Rose,1
1490=,Christelle,1
1490=,Christiana,1
1490=,Christianah,1
1490=,Christie-Rose,1
1490=,Christielee,1
1490=,Chrystal,1
1490=,Chrystele,1
1490=,Chukwuoma,1
1490=,Chyann,1
1490=,Chyla,1
1490=,Ciarra,1
1490=,Cici,1
1490=,Cidney,1
1490=,Cielo,1
1490=,Ciera,1
1490=,Cierra,1
1490=,Cindy,1
1490=,Clancy,1
1490=,Clarise,1
1490=,Clarisse,1
1490=,Clemency,1
1490=,Clemie,1
1490=,Cler,1
1490=,Cliona-Jayne,1
1490=,Clodagh,1
1490=,Clyne,1
1490=,Colby,1
1490=,Coleen,1
1490=,Conni,1
1490=,Coragh,1
1490=,Corah,1
1490=,Coral-Cher,1
1490=,Coralee,1
1490=,Coralmarie,1
1490=,Cordelia,1
1490=,Corey,1
1490=,Corina,1
1490=,Corinne,1
1490=,Corri,1
1490=,Corrie,1
1490=,Corrie-Jane,1
1490=,Corrina,1
1490=,Corrine,1
1490=,Corrinne,1
1490=,Corryn,1
1490=,Cortana,1
1490=,Cory,1
1490=,Courtenay,1
1490=,Courteney,1
1490=,Cree,1
1490=,Cristen,1
1490=,Cristiana,1
1490=,Crystal-Rose,1
1490=,D'arcy,1
1490=,Dagmara,1
1490=,Dahlia,1
1490=,Dailey,1
1490=,Daimhin,1
1490=,Daisie,1
1490=,Dale,1
1490=,Damani,1
1490=,Dami,1
1490=,Damienne,1
1490=,Danaelei,1
1490=,Danica,1
1490=,Danieka,1
1490=,Danni-Leigh,1
1490=,Danniella,1
1490=,Dannielle,1
1490=,Dannii,1
1490=,Darby-Ann,1
1490=,Darcey-Rose,1
1490=,Dari'jo,1
1490=,Darra,1
1490=,Darragh,1
1490=,Darrie,1
1490=,Darrien,1
1490=,Darsi,1
1490=,Darya,1
1490=,Dashnie,1
1490=,Dassia,1
1490=,Davina,1
1490=,Daytona,1
1490=,Deborah,1
1490=,Deema,1
1490=,Deepti,1
1490=,Defne,1
1490=,Deia,1
1490=,Deigan,1
1490=,Deima,1
1490=,Delenn,1
1490=,Delina,1
1490=,Delphi,1
1490=,Delphine,1
1490=,Dema,1
1490=,Demi-Ann,1
1490=,Demi-Jayne,1
1490=,Demi-Jo,1
1490=,Demi-Louise,1
1490=,Demi-Lynda,1
1490=,Dena,1
1490=,Dennisa,1
1490=,Deri-Jane,1
1490=,Deroju,1
1490=,Derra,1
1490=,Derryn,1
1490=,Dervla,1
1490=,Derya,1
1490=,Desirae,1
1490=,Desre,1
1490=,Destiny-Lee,1
1490=,Devanshi,1
1490=,Devin,1
1490=,Devine,1
1490=,Dewa,1
1490=,Dexie,1
1490=,Deya,1
1490=,Dharian,1
1490=,Dheeekshaa,1
1490=,Dhiaani,1
1490=,Dia,1
1490=,Diane,1
1490=,Dianne,1
1490=,Dilara,1
1490=,Dilay,1
1490=,Dillynne,1
1490=,Disha,1
1490=,Disney,1
1490=,Divisna,1
1490=,Divya,1
1490=,Dixie,1
1490=,Dobrochna,1
1490=,Doga,1
1490=,Dolunay,1
1490=,Donna,1
1490=,Donna-Rose,1
1490=,Dora,1
1490=,Dorcas,1
1490=,Dorka,1
1490=,Dorothy,1
1490=,Dru,1
1490=,Dusty,1
1490=,Dyanah,1
1490=,Dyanna,1
1490=,Dylann,1
1490=,Dyllon,1
1490=,Eabha,1
1490=,Eathie,1
1490=,Eavan,1
1490=,Ebany,1
1490=,Eboney,1
1490=,Eboni-Fay,1
1490=,Ebonii,1
1490=,Ebony-Starr,1
1490=,Echo,1
1490=,Edai,1
1490=,Eden-Rose,1
1490=,Edvina,1
1490=,Eevayne,1
1490=,Efeoghenetobore,1
1490=,Eghe,1
1490=,Eguono,1
1490=,Ehmay,1
1490=,Ehryn,1
1490=,Eifa,1
1490=,Eihlinn,1
1490=,Eila,1
1490=,Eilah,1
1490=,Eileen,1
1490=,Eilidh-Ann,1
1490=,Eilin,1
1490=,Eilith,1
1490=,Eiliyah,1
1490=,Eilley,1
1490=,Eireann,1
1490=,Eireanne,1
1490=,Eirenn,1
1490=,Eiva,1
1490=,Ekua,1
1490=,Ela,1
1490=,Elah,1
1490=,Eldana,1
1490=,Eleanor-Kate,1
1490=,Elektra,1
1490=,Elenie,1
1490=,Eley,1
1490=,Elfreda,1
1490=,Elia,1
1490=,Elianna,1
1490=,Elicia,1
1490=,Eliisa,1
1490=,Elika,1
1490=,Elis,1
1490=,Elishagrace,1
1490=,Elissa-Morgan,1
1490=,Elisse,1
1490=,Elissya,1
1490=,Elkie,1
1490=,Ella-Mae,1
1490=,Ella-Marie,1
1490=,Ellagrace,1
1490=,Elle-Louise,1
1490=,Ellea,1
1490=,Ellee,1
1490=,Elli-Louise,1
1490=,Elli-Mai,1
1490=,Ellice,1
1490=,Ellidh,1
1490=,Ellie-Blue,1
1490=,Ellie-Joan,1
1490=,Ellie-Mai,1
1490=,Ellie-Marie,1
1490=,Ellie-Rose,1
1490=,Ellieruth,1
1490=,Ellijai,1
1490=,Elliner,1
1490=,Elliott,1
1490=,Ellissa,1
1490=,Elloise,1
1490=,Ellouise,1
1490=,Ellya,1
1490=,Ellyn,1
1490=,Elora,1
1490=,Elpida,1
1490=,Elsbeth,1
1490=,Elspet,1
1490=,Elwira,1
1490=,Elysabeth,1
1490=,Elysse,1
1490=,Eme-Leigh,1
1490=,Emeli,1
1490=,Emelie,1
1490=,Emer,1
1490=,Emerson,1
1490=,Emese,1
1490=,Emi-Lee,1
1490=,Emile,1
1490=,Emilija,1
1490=,Emilli,1
1490=,Emilly,1
1490=,Emily-Ann,1
1490=,Emily-Kate,1
1490=,Emily-Louise,1
1490=,Emina,1
1490=,Emine,1
1490=,Emlyn,1
1490=,Emma-Jane,1
1490=,Emma-Lee,1
1490=,Emma-Leigh,1
1490=,Emma-Lily,1
1490=,Emma-Lucia,1
1490=,Emma-May,1
1490=,Emmaleigh,1
1490=,Emmalouise,1
1490=,Emmanuela,1
1490=,Emmany,1
1490=,Emme-Louise,1
1490=,Emmi,1
1490=,Emna,1
1490=,Enamyobot,1
1490=,Eniola,1
1490=,Enitan,1
1490=,Enleigh,1
1490=,Enya,1
1490=,Eohlie,1
1490=,Eona,1
1490=,Eowyn,1
1490=,Erin-Ashley,1
1490=,Erin-Beau,1
1490=,Erin-Rose,1
1490=,Erina,1
1490=,Eris,1
1490=,Eriska,1
1490=,Eryka,1
1490=,Erysa,1
1490=,Esandi,1
1490=,Ese,1
1490=,Esha,1
1490=,Eshaa,1
1490=,Eshaal,1
1490=,Esita,1
1490=,Estere,1
1490=,Eszter,1
1490=,Etienne,1
1490=,Etta,1
1490=,Eugenia,1
1490=,Eva-Rose,1
1490=,Evajane,1
1490=,Evan,1
1490=,Evania,1
1490=,Eveline,1
1490=,Evely,1
1490=,Evelyn-May,1
1490=,Evia,1
1490=,Evie-Mae,1
1490=,Evie-Mai,1
1490=,Evvie,1
1490=,Ewelina,1
1490=,Ewen,1
1490=,Eylul,1
1490=,Eyrah,1
1490=,Eyrlie,1
1490=,Ezihuchukwu,1
1490=,Ezme,1
1490=,Faatima,1
1490=,Fabiha,1
1490=,Fabrizia,1
1490=,Faezah,1
1490=,Faihaa,1
1490=,Faiqa,1
1490=,Fajr,1
1490=,Falaq,1
1490=,Fara,1
1490=,Farah-Rose,1
1490=,Fareedah,1
1490=,Fareena,1
1490=,Faria,1
1490=,Fariah,1
1490=,Fariha,1
1490=,Farla,1
1490=,Farren,1
1490=,Faryl,1
1490=,Fatiha,1
1490=,Fatimah-Tu,1
1490=,Fatma,1
1490=,Fatou,1
1490=,Faydi,1
1490=,Faylinn,1
1490=,Fayth,1
1490=,Fayth-Skye,1
1490=,Fearn,1
1490=,Fedora,1
1490=,Felicia,1
1490=,Felisha,1
1490=,Fenia,1
1490=,Feorlin,1
1490=,Ferida,1
1490=,Fernn,1
1490=,Ffion,1
1490=,Fibikemi,1
1490=,Finleah,1
1490=,Finley,1
1490=,Finty,1
1490=,Fionnlay,1
1490=,Fiorella,1
1490=,Fizza,1
1490=,Florance,1
1490=,Florrie,1
1490=,Fortune,1
1490=,Fraesciante,1
1490=,Fraiah,1
1490=,Francine,1
1490=,Freia,1
1490=,Freiah,1
1490=,Frejah,1
1490=,Freya-Louise,1
1490=,Freyah,1
1490=,Gabby,1
1490=,Gabi,1
1490=,Gagandip,1
1490=,Gaida,1
1490=,Gamila,1
1490=,Gem,1
1490=,Genevieve,1
1490=,Georgine,1
1490=,Georja,1
1490=,Gertride,1
1490=,Gezalla,1
1490=,Ghadeer,1
1490=,Ghadir,1
1490=,Ghazala,1
1490=,Giana,1
1490=,Gianni,1
1490=,Gina,1
1490=,Ginevra,1
1490=,Ginny,1
1490=,Gladys,1
1490=,Gleannah,1
1490=,Gloria,1
1490=,Gofran,1
1490=,Gonul,1
1490=,Goodness,1
1490=,Gowri,1
1490=,Grace-Ruby,1
1490=,Gracie-Mai,1
1490=,Greta,1
1490=,Guang,1
1490=,Guinevere,1
1490=,Guneet,1
1490=,Gurman,1
1490=,Gurnoor,1
1490=,Gvendolin,1
1490=,Gwynne,1
1490=,Gypsy,1
1490=,Haajrah,1
1490=,Haasini,1
1490=,Habiba,1
1490=,Habibah,1
1490=,Hadika,1
1490=,Hadyn,1
1490=,Haidee,1
1490=,Haiden,1
1490=,Hailiejane,1
1490=,Hajnalpir,1
1490=,Hajra,1
1490=,Haleemah,1
1490=,Halie,1
1490=,Halima,1
1490=,Halszka,1
1490=,Hamnah,1
1490=,Han,1
1490=,Hanaa,1
1490=,Hanako,1
1490=,Hanan,1
1490=,Hanar,1
1490=,Hanayah,1
1490=,Hania,1
1490=,Hanifa,1
1490=,Hannaa,1
1490=,Hannah-Louise,1
1490=,Hannahrose,1
1490=,Hannako,1
1490=,Hannan,1
1490=,Hannelore,1
1490=,Hanshika,1
1490=,Hardeep,1
1490=,Hari,1
1490=,Harlea,1
1490=,Harmoni,1
1490=,Harmonie,1
1490=,Harmony,1
1490=,Harneet,1
1490=,Harri,1
1490=,Harsha,1
1490=,Harshita,1
1490=,Harveen,1
1490=,Harys,1
1490=,Havilah,1
1490=,Hawaa,1
1490=,Hawra,1
1490=,Hayden-Marie,1
1490=,Hayley-Jade,1
1490=,Hayley-Leigh,1
1490=,Heba,1
1490=,Hebah,1
1490=,Heilidh,1
1490=,Helaina,1
1490=,Hele-Riin,1
1490=,Helenna,1
1490=,Helin,1
1490=,Helle,1
1490=,Hema,1
1490=,Henrietta,1
1490=,Hermione,1
1490=,Hester,1
1490=,Hibba,1
1490=,Hibbah,1
1490=,Hillary,1
1490=,Himali,1
1490=,Himashi,1
1490=,Hira,1
1490=,Hivay,1
1490=,Hodha,1
1490=,Holliana,1
1490=,Holly-Anne,1
1490=,Holly-Marie,1
1490=,Hollymarie,1
1490=,Hong,1
1490=,Houefa,1
1490=,Hridya,1
1490=,Huda,1
1490=,Hui,1
1490=,Humera,1
1490=,Humna,1
1490=,Humnah,1
1490=,Hunter,1
1490=,Huriyah,1
1490=,Husna,1
1490=,Iamba,1
1490=,Iara,1
1490=,Ibtihal,1
1490=,Ibtissam,1
1490=,Ibtyhaal,1
1490=,Ibukunoluwa,1
1490=,Ifeoluwa,1
1490=,Ifrah,1
1490=,Ifunanyachukwu,1
1490=,Ikhlas,1
1490=,Ila,1
1490=,Ilana,1
1490=,Ilaria,1
1490=,Ilena,1
1490=,Illandra,1
1490=,Imagen,1
1490=,Imisioluwa,1
1490=,Inarah,1
1490=,Inas,1
1490=,Inayat,1
1490=,Indee,1
1490=,Indigo,1
1490=,Indy,1
1490=,Inez,1
1490=,Inezz,1
1490=,Ingrid,1
1490=,Inioluwa,1
1490=,Ioana,1
1490=,Iona-Kate,1
1490=,Ipa,1
1490=,Irdina,1
1490=,Irim,1
1490=,Irina,1
1490=,Irma,1
1490=,Irva,1
1490=,Isa,1
1490=,Isa-May,1
1490=,Ishaa,1
1490=,Ishita,1
1490=,Ishpreet,1
1490=,Iskra,1
1490=,Isla-Rae,1
1490=,Isla-Rose,1
1490=,Isma,1
1490=,Israa,1
1490=,Ivanna,1
1490=,Iyona,1
1490=,Izabelle,1
1490=,Jaanuka,1
1490=,Jaazbah,1
1490=,Jacey,1
1490=,Jacie,1
1490=,Jacinda,1
1490=,Jackie-Lea,1
1490=,Jacky,1
1490=,Jacquie,1
1490=,Jade-Louise,1
1490=,Jade-Marley,1
1490=,Jadyn,1
1490=,Jahifa,1
1490=,Jaiah,1
1490=,Jaiden,1
1490=,Jaime-Lee,1
1490=,Jaimee-Leigh,1
1490=,Jaimi,1
1490=,Jaimie-Leigh,1
1490=,Jaipreet,1
1490=,Jamella,1
1490=,Jameson,1
1490=,Jamey,1
1490=,Jameylee,1
1490=,Jamieanne,1
1490=,Jamiee,1
1490=,Jamielee,1
1490=,Jamieleigh,1
1490=,Jana,1
1490=,Janah,1
1490=,Janat,1
1490=,Janet,1
1490=,Janice,1
1490=,Janna,1
1490=,Jannah,1
1490=,Jannat,1
1490=,Jarrah,1
1490=,Jaskirin,1
1490=,Jasleen,1
1490=,Jasmeet,1
1490=,Jasmin-Lee,1
1490=,Jasmina,1
1490=,Jasmyne,1
1490=,Jaspreet,1
1490=,Jayah,1
1490=,Jayda,1
1490=,Jaydan,1
1490=,Jaydean,1
1490=,Jaydene,1
1490=,Jaylin,1
1490=,Jayme-Leigh,1
1490=,Jaymee-Leigh,1
1490=,Jaymie-Leigh,1
1490=,Jayne-Lily,1
1490=,Jazlyn,1
1490=,Jazmin,1
1490=,Jazmyn,1
1490=,Jenah,1
1490=,Jenha,1
1490=,Jenna-Louise,1
1490=,Jenson,1
1490=,Jesica,1
1490=,Jesika,1
1490=,Jesnu,1
1490=,Jesse,1
1490=,Jessica-Chloe,1
1490=,Jessica-Jay,1
1490=,Jessica-Leigh,1
1490=,Jessika,1
1490=,Jet,1
1490=,Jeyda,1
1490=,Jezzica,1
1490=,Jhenath,1
1490=,Ji-Yoon,1
1490=,Jiamin,1
1490=,Jill,1
1490=,Jin,1
1490=,Jing,1
1490=,Jing-Ern,1
1490=,Jo-Faye,1
1490=,Joan,1
1490=,Jodi-Lee,1
1490=,Jodi-Marie,1
1490=,Joella,1
1490=,Joely,1
1490=,Joey,1
1490=,Johan,1
1490=,Johann,1
1490=,Jokebed,1
1490=,Jolene,1
1490=,Jolie-Madison,1
1490=,Jood,1
1490=,Jordana,1
1490=,Jordin,1
1490=,Jorgi,1
1490=,Jorgia,1
1490=,Jorja-Jo,1
1490=,Joscelyn,1
1490=,Joselyn,1
1490=,Josi,1
1490=,Joss,1
1490=,Joud,1
1490=,Juanita,1
1490=,Julanar,1
1490=,Jumanah,1
1490=,Justaute,1
1490=,Justyna,1
1490=,Kaaya,1
1490=,Kacee,1
1490=,Kacey-Leah,1
1490=,Kacey-Lee,1
1490=,Kacey-Mae,1
1490=,Kaci-Mae,1
1490=,Kacie-Lee,1
1490=,Kade,1
1490=,Kadence,1
1490=,Kadeylea,1
1490=,Kadriye,1
1490=,Kady-Anne,1
1490=,Kady-Leigh,1
1490=,Kae-Lee,1
1490=,Kaedden,1
1490=,Kaede,1
1490=,Kaelah,1
1490=,Kaelan,1
1490=,Kaelie,1
1490=,Kah,1
1490=,Kahlen,1
1490=,Kahlin,1
1490=,Kai,1
1490=,Kaia-Louise,1
1490=,Kaida,1
1490=,Kaiden-Leigh,1
1490=,Kaidi,1
1490=,Kaidi-Leigh,1
1490=,Kaidy-Leigh,1
1490=,Kaightlyn,1
1490=,Kailah,1
1490=,Kaileen,1
1490=,Kailey,1
1490=,Kaillie-Jayde,1
1490=,Kailyn,1
1490=,Kaimee,1
1490=,Kainat,1
1490=,Kaira,1
1490=,Kairi,1
1490=,Kaitedh,1
1490=,Kaitlen,1
1490=,Kaitlin-Anne,1
1490=,Kaitlin-Louise,1
1490=,Kaitlin-Olivia,1
1490=,Kaitlynn,1
1490=,Kaiyah,1
1490=,Kaiyah-Levi,1
1490=,Kaiylur,1
1490=,Kaizie,1
1490=,Kaja-Joelle,1
1490=,Kalea,1
1490=,Kalee,1
1490=,Kaleigh,1
1490=,Kaley,1
1490=,Kalie,1
1490=,Kalley,1
1490=,Kalli,1
1490=,Kalynne,1
1490=,Kalyssa,1
1490=,Kambinachi,1
1490=,Kamile,1
1490=,Kamilla,1
1490=,Kamolpriya,1
1490=,Kamryn,1
1490=,Kane,1
1490=,Kaniece,1
1490=,Kara-Louise,1
1490=,Kara-May,1
1490=,Karah,1
1490=,Karalouise,1
1490=,Karenza,1
1490=,Karhys,1
1490=,Kariss,1
1490=,Karleigh,1
1490=,Karly-Louise,1
1490=,Karlye,1
1490=,Karra,1
1490=,Karri,1
1490=,Karyn,1
1490=,Karyse,1
1490=,Kasey-Jo,1
1490=,Kasey-Lee,1
1490=,Kasey-Leigh,1
1490=,Kaseylee,1
1490=,Kasha,1
1490=,Kashaf,1
1490=,Kasia,1
1490=,Kasigh,1
1490=,Kassey-Leigh,1
1490=,Kassidi,1
1490=,Katanah,1
1490=,Katelain,1
1490=,Katerina,1
1490=,Kathrine-Louisa,1
1490=,Kathrynn,1
1490=,Kathy,1
1490=,Katie-Anne,1
1490=,Katie-Elle,1
1490=,Katie-Jane,1
1490=,Katie-Louise,1
1490=,Katie-Mae,1
1490=,Katie-Marie,1
1490=,Katrin,1
1490=,Katrine,1
1490=,Katriona,1
1490=,Katya,1
1490=,Kauthar,1
1490=,Kay,1
1490=,Kayanna,1
1490=,Kaycey,1
1490=,Kayci,1
1490=,Kaycie-Louise,1
1490=,Kayden-Leigh,1
1490=,Kaydis,1
1490=,Kaydynce,1
1490=,Kayelisha,1
1490=,Kaylah-Jo,1
1490=,Kayleigh-Marie,1
1490=,Kayleighn,1
1490=,Kaymar,1
1490=,Kayo,1
1490=,Kaytlyn,1
1490=,Kayzea,1
1490=,Kazia,1
1490=,Kc,1
1490=,Ke,1
1490=,Keagan,1
1490=,Kearia,1
1490=,Keava,1
1490=,Keavney,1
1490=,Keelin,1
1490=,Keia,1
1490=,Keia-Louise,1
1490=,Keiah,1
1490=,Keighden-Leigh,1
1490=,Keiko,1
1490=,Keilana,1
1490=,Keira-Abbie,1
1490=,Keira-Leigh,1
1490=,Keira-Louise,1
1490=,Keira-Marie,1
1490=,Keira-Summer,1
1490=,Keire,1
1490=,Keirra,1
1490=,Keita-Emilija,1
1490=,Keiyara,1
1490=,Kelcey,1
1490=,Kelice,1
1490=,Kelise,1
1490=,Kellie,1
1490=,Kellisemarie,1
1490=,Kelsae,1
1490=,Kelsay,1
1490=,Kelsey-Lee,1
1490=,Kelsey-Rikki,1
1490=,Kelseylee,1
1490=,Kelsylee,1
1490=,Kelvina,1
1490=,Kelyn,1
1490=,Kendahyl,1
1490=,Kenidy,1
1490=,Kennadie,1
1490=,Kennedi,1
1490=,Kennidi,1
1490=,Kenza,1
1490=,Kenzee,1
1490=,Kenzie-Leigh,1
1490=,Kerra,1
1490=,Kerri,1
1490=,Kerri-Leigh,1
1490=,Kerryann,1
1490=,Ketti,1
1490=,Keva,1
1490=,Kevie,1
1490=,Keyona,1
1490=,Keyra,1
1490=,Kezhen,1
1490=,Kezia,1
1490=,Khadeejah,1
1490=,Khali,1
1490=,Khalida,1
1490=,Khara-Marie,1
1490=,Kharys,1
1490=,Khaudeejah,1
1490=,Khloe,1
1490=,Khushveer,1
1490=,Khyla,1
1490=,Khyra,1
1490=,Kianah,1
1490=,Kianna-Dawn,1
1490=,Kiarra,1
1490=,Kieanna,1
1490=,Kiersten,1
1490=,Kievar,1
1490=,Kihanna-Elise,1
1490=,Kiibati,1
1490=,Kiki,1
1490=,Kiko,1
1490=,Kilali,1
1490=,Kimi,1
1490=,Kindi,1
1490=,Kineddie,1
1490=,Kirah,1
1490=,Kiranveer,1
1490=,Kirra,1
1490=,Kirsten-Lee,1
1490=,Kirtan,1
1490=,Kiryn,1
1490=,Konni,1
1490=,Koral,1
1490=,Kori,1
1490=,Kornelia,1
1490=,Krista,1
1490=,Kristi,1
1490=,Kristyn,1
1490=,Krystal-Jean,1
1490=,Krystal-Leigh,1
1490=,Krystie,1
1490=,Ksantia,1
1490=,Kulvinder,1
1490=,Kushi,1
1490=,Kya,1
1490=,Kyah,1
1490=,Kyana,1
1490=,Kyera,1
1490=,Kyla-Anne,1
1490=,Kylie,1
1490=,Kym,1
1490=,Kymberley,1
1490=,Kymberly,1
1490=,Laavanya,1
1490=,Lacey-Mae,1
1490=,Laelah,1
1490=,Laia,1
1490=,Laina,1
1490=,Lainey-Mai,1
1490=,Laiyba,1
1490=,Laken,1
1490=,Lalita,1
1490=,Lamar,1
1490=,Lamise,1
1490=,Lanah,1
1490=,Lani,1
1490=,Laoise,1
1490=,Lara-Ann,1
1490=,Lara-Lee,1
1490=,Laraib,1
1490=,Laris,1
1490=,Larisa,1
1490=,Larissa-Marie,1
1490=,Larkin,1
1490=,Latasha,1
1490=,Latia,1
1490=,Laticia,1
1490=,Latisha,1
1490=,Latrice,1
1490=,Laura-Ashley,1
1490=,Laura-Marie,1
1490=,Laureen,1
1490=,Laurel,1
1490=,Laurene,1
1490=,Laveeza,1
1490=,Lawny,1
1490=,Lawren,1
1490=,Laxmee,1
1490=,Layaan,1
1490=,Layla-May,1
1490=,Layland,1
1490=,Leah-Marie,1
1490=,Leah-Rose,1
1490=,Leann,1
1490=,Leeah,1
1490=,Leena,1
1490=,Leesa,1
1490=,Leha,1
1490=,Lei,1
1490=,Leia-Mairead,1
1490=,Leigh-Ann,1
1490=,Leigh-Anna,1
1490=,Leighah,1
1490=,Leighla,1
1490=,Leighton,1
1490=,Leilani,1
1490=,Leilani-Denise,1
1490=,Leisha,1
1490=,Lemoni,1
1490=,Lenni,1
1490=,Lennox,1
1490=,Leola,1
1490=,Leona-Leigh,1
1490=,Leonna,1
1490=,Lesa,1
1490=,Lesley,1
1490=,Lexa,1
1490=,Lexi-Ann,1
1490=,Lexi-Anne,1
1490=,Lexus,1
1490=,Lexy,1
1490=,Li,1
1490=,Libby-Grace,1
1490=,Liberty,1
1490=,Libi,1
1490=,Libya,1
1490=,Lidiya,1
1490=,Lieke,1
1490=,Liesel,1
1490=,Lile,1
1490=,Lili,1
1490=,Liliane,1
1490=,Lilianne,1
1490=,Lilias,1
1490=,Lilla,1
1490=,Lilley,1
1490=,Lilli-Anna,1
1490=,Lilli-Jane,1
1490=,Lillibeth,1
1490=,Lillie-Mae,1
1490=,Lilly-Elaine,1
1490=,Lilly-Ella,1
1490=,Lilly-Grace,1
1490=,Lilly-Jane,1
1490=,Lillyanna,1
1490=,Lily-Anna,1
1490=,Lily-Bea,1
1490=,Lily-Dawn,1
1490=,Lily-Ella,1
1490=,Lily-May,1
1490=,Lilya,1
1490=,Lilymae,1
1490=,Lin,1
1490=,Linah,1
1490=,Lindsay-Kate,1
1490=,Linly,1
1490=,Linnea,1
1490=,Linsey,1
1490=,Liona,1
1490=,Lisamarie,1
1490=,Litha,1
1490=,Liu,1
1490=,Liv,1
1490=,Livia,1
1490=,Liviya,1
1490=,Liya,1
1490=,Liyah,1
1490=,Liyana,1
1490=,Liyba,1
1490=,Liza,1
1490=,Llama,1
1490=,Llana,1
1490=,Llayla,1
1490=,Llexy,1
1490=,Loata,1
1490=,Logan-Jaime,1
1490=,Loghan,1
1490=,Lohgan,1
1490=,Lois-Lily,1
1490=,Loraine,1
1490=,Lorali,1
1490=,Lori-Ann,1
1490=,Lorne,1
1490=,Lorraine,1
1490=,Loryn,1
1490=,Lotfia,1
1490=,Lotti,1
1490=,Loulou,1
1490=,Loveena,1
1490=,Lovisa,1
1490=,Lubaika,1
1490=,Luca,1
1490=,Luca-Gabriella,1
1490=,Luccie,1
1490=,Lucee,1
1490=,Lucetta,1
1490=,Lucianna,1
1490=,Lucille,1
1490=,Lucinda,1
1490=,Lucymarie,1
1490=,Luella,1
1490=,Luiseach,1
1490=,Luiza,1
1490=,Lujain,1
1490=,Lujza,1
1490=,Lula,1
1490=,Luo,1
1490=,Lusia,1
1490=,Ly,1
1490=,Lyca,1
1490=,Lyllah,1
1490=,Lyndsay,1
1490=,Lynsey,1
1490=,Lynsi,1
1490=,Lynzi,1
1490=,Lyra-Jane,1
1490=,Lyrissa,1
1490=,Lyvie,1
1490=,Maaha,1
1490=,Maahum,1
1490=,Maariya,1
1490=,Mabroka,1
1490=,Macie-Leigh,1
1490=,Mackayla,1
1490=,Mackenzi,1
1490=,Macy-Jayne,1
1490=,Maddeliene,1
1490=,Maddi,1
1490=,Maddisson,1
1490=,Maddy,1
1490=,Madeeha,1
1490=,Madelaine,1
1490=,Madeliene,1
1490=,Madina,1
1490=,Madison-Sommer,1
1490=,Madisyn,1
1490=,Madyson-Grace,1
1490=,Mae'ci',1
1490=,Maecie,1
1490=,Magdalejna,1
1490=,Magdalena,1
1490=,Magdalene,1
1490=,Magenta,1
1490=,Magodage,1
1490=,Maha,1
1490=,Mahajabeen,1
1490=,Maheen,1
1490=,Mahi,1
1490=,Mahnur,1
1490=,Mahoney,1
1490=,Mahri,1
1490=,Mahrianne,1
1490=,Mahrukh,1
1490=,Mahveen,1
1490=,Maicie,1
1490=,Maidie,1
1490=,Maili,1
1490=,Maillaidh,1
1490=,Mailli,1
1490=,Maimuna,1
1490=,Maira,1
1490=,Mairi-Claire,1
1490=,Maisha,1
1490=,Maisi,1
1490=,Maisie-Cate,1
1490=,Maizy,1
1490=,Makenzi,1
1490=,Malak,1
1490=,Malayna,1
1490=,Malgorzata,1
1490=,Maliha,1
1490=,Maliyah,1
1490=,Mamie,1
1490=,Man,1
1490=,Manaal,1
1490=,Manahil,1
1490=,Manaswini,1
1490=,Mandeep,1
1490=,Mandi,1
1490=,Manha,1
1490=,Manon,1
1490=,Manta,1
1490=,Manvi,1
1490=,Manya,1
1490=,Maraam,1
1490=,Marcella,1
1490=,Marci,1
1490=,Maretta,1
1490=,Margarita,1
1490=,Margaux,1
1490=,Margo,1
1490=,Marguerite,1
1490=,Mariah,1
1490=,Mariama,1
1490=,Marice,1
1490=,Marie-Clare,1
1490=,Marie-Louise,1
1490=,Marie-Regine,1
1490=,Mariella,1
1490=,Marietta,1
1490=,Marilee,1
1490=,Marin,1
1490=,Marion,1
1490=,Marischa,1
1490=,Mariska,1
1490=,Marita,1
1490=,Marium,1
1490=,Marjo,1
1490=,Marleigh,1
1490=,Marlene,1
1490=,Marley-Jo,1
1490=,Marly-Ann,1
1490=,Marria,1
1490=,Marrissa,1
1490=,Marsaili,1
1490=,Marti,1
1490=,Marvelous,1
1490=,Marwa,1
1490=,Marwah,1
1490=,Mary-Catherine,1
1490=,Maryam-Zara,1
1490=,Maryium,1
1490=,Maryjane,1
1490=,Maryjo,1
1490=,Marykate,1
1490=,Maryrita,1
1490=,Maryse,1
1490=,Masie,1
1490=,Masra,1
1490=,Mathilda,1
1490=,Mathilde,1
1490=,Matilde,1
1490=,Matylda,1
1490=,Mauli,1
1490=,Maxi,1
1490=,Maya-Emily,1
1490=,Mayada,1
1490=,Maycee,1
1490=,Mayeesha,1
1490=,Maygen,1
1490=,Maymun,1
1490=,Maymunah,1
1490=,Maysen,1
1490=,Mayson,1
1490=,Mazey,1
1490=,Mazie,1
1490=,Mckayla,1
1490=,Mckenzie-Leigh,1
1490=,Meda,1
1490=,Meeghan,1
1490=,Meena,1
1490=,Meerub,1
1490=,Meesha,1
1490=,Megadeta,1
1490=,Megann,1
1490=,Meghna,1
1490=,Meharun,1
1490=,Mehreen,1
1490=,Mehwish,1
1490=,Meklit,1
1490=,Melano,1
1490=,Melayna,1
1490=,Melek,1
1490=,Melinda,1
1490=,Melisa,1
1490=,Mellissa,1
1490=,Melny,1
1490=,Melodie,1
1490=,Melyssa,1
1490=,Memphis,1
1490=,Meredith,1
1490=,Meriel,1
1490=,Meriem,1
1490=,Merila,1
1490=,Merin,1
1490=,Merle,1
1490=,Merrin,1
1490=,Merrow,1
1490=,Meryam,1
1490=,Meryem,1
1490=,Meryn,1
1490=,Meshaym,1
1490=,Mevie,1
1490=,Mhairi-Jane,1
1490=,Mhia,1
1490=,Mhirran,1
1490=,Mhirren,1
1490=,Mia-Grace,1
1490=,Mia-Leigh,1
1490=,Mia-Lily,1
1490=,Mia-Louise,1
1490=,Mia-Rose,1
1490=,Miaha,1
1490=,Miaya,1
1490=,Mica,1
1490=,Micah-Leigh,1
1490=,Micayla,1
1490=,Michelena,1
1490=,Michelle-Caitlyn,1
1490=,Micky,1
1490=,Mierin,1
1490=,Miho,1
1490=,Mija,1
1490=,Mikala,1
1490=,Mikela,1
1490=,Mikkeilah,1
1490=,Milagros,1
1490=,Milana,1
1490=,Milandra,1
1490=,Miley-Rhiann,1
1490=,Millanna,1
1490=,Millie-Rose,1
1490=,Millissa,1
1490=,Milly-Rose,1
1490=,Minna,1
1490=,Minnah,1
1490=,Minori,1
1490=,Mione,1
1490=,Mirabelle,1
1490=,Miracle,1
1490=,Mirah,1
1490=,Miran,1
1490=,Mirena,1
1490=,Miri,1
1490=,Mirran,1
1490=,Miryam,1
1490=,Miryn,1
1490=,Misba,1
1490=,Miseog,1
1490=,Misha,1
1490=,Missi,1
1490=,Missy,1
1490=,Miyah-Lee,1
1490=,Mofaratioluwa,1
1490=,Moira,1
1490=,Mollie-Ann,1
1490=,Molly-May,1
1490=,Momina,1
1490=,Mona,1
1490=,Monet,1
1490=,Monika,1
1490=,Morainn,1
1490=,Morbheinn,1
1490=,Morgan-Leigh,1
1490=,Morgane,1
1490=,Morgen,1
1490=,Morren,1
1490=,Morrin,1
1490=,Morvern,1
1490=,Moya,1
1490=,Muhrin,1
1490=,Muleyke,1
1490=,Mumba,1
1490=,Muna,1
1490=,Muneebah,1
1490=,Muntaha,1
1490=,Muriam,1
1490=,Murran,1
1490=,Murryn,1
1490=,Musfirah,1
1490=,Muskan,1
1490=,Mya-Louise,1
1490=,Myesha,1
1490=,Mykala,1
1490=,Mykayla,1
1490=,Mykenzi,1
1490=,Mylene,1
1490=,Mylie-Rose,1
1490=,Myra,1
1490=,Myren,1
1490=,Myrin,1
1490=,Myrrean,1
1490=,Mytilda,1
1490=,Nabeela,1
1490=,Nabiha,1
1490=,Nabihah,1
1490=,Nabjit,1
1490=,Nada,1
1490=,Naeema,1
1490=,Naeve,1
1490=,Nafia,1
1490=,Nahla,1
1490=,Nahomit,1
1490=,Naia,1
1490=,Naiara,1
1490=,Naihm,1
1490=,Nailah,1
1490=,Naima,1
1490=,Naina,1
1490=,Naira,1
1490=,Nairne,1
1490=,Naiya,1
1490=,Najat,1
1490=,Nala,1
1490=,Nalin,1
1490=,Namatai,1
1490=,Nancey,1
1490=,Nansie,1
1490=,Naomh,1
1490=,Naren,1
1490=,Narges,1
1490=,Narissa,1
1490=,Narsis,1
1490=,Nasra,1
1490=,Nastia,1
1490=,Natascha,1
1490=,Natsai,1
1490=,Nawaal,1
1490=,Nawal,1
1490=,Nayab,1
1490=,Nayana,1
1490=,Nayyab,1
1490=,Ne-Osahanoze,1
1490=,Neela-Rose,1
1490=,Neesha,1
1490=,Neevah,1
1490=,Neiquilla,1
1490=,Neith,1
1490=,Nela,1
1490=,Nellie,1
1490=,Nena,1
1490=,Neomi,1
1490=,Nerea,1
1490=,Nessie,1
1490=,Neviah,1
1490=,Nevis,1
1490=,Ngai,1
1490=,Ngaio,1
1490=,Ni,1
1490=,Niah,1
1490=,Niamgh,1
1490=,Nichola,1
1490=,Nicol,1
1490=,Nicola-Ann,1
1490=,Nicolia,1
1490=,Nicoll,1
1490=,Nidhi,1
1490=,Nieva,1
1490=,Nifemi,1
1490=,Nihal,1
1490=,Nikhita,1
1490=,Niki,1
1490=,Nikiera,1
1490=,Nikita-Louise,1
1490=,Nikitta,1
1490=,Nikkala,1
1490=,Nikole,1
1490=,Nikolj,1
1490=,Nimra,1
1490=,Nimrah,1
1490=,Nimrita,1
1490=,Nina-Maria,1
1490=,Nirupama,1
1490=,Nisa,1
1490=,Nixie,1
1490=,Nmabiazirije,1
1490=,Nona,1
1490=,Noor-Jahaan,1
1490=,Noor-Ul-Huda,1
1490=,Noorah,1
1490=,Noorulain,1
1490=,Nori-Jane,1
1490=,Nula,1
1490=,Nura,1
1490=,Nurul,1
1490=,Nusaibah,1
1490=,Nuttah,1
1490=,Nya,1
1490=,Nyia,1
1490=,Nyima,1
1490=,Nyree,1
1490=,Oana,1
1490=,Ocean-Melodie,1
1490=,Ofure,1
1490=,Oghene-Fejiro,1
1490=,Oghenemine,1
1490=,Ogodinma,1
1490=,Ohemaa,1
1490=,Oihana,1
1490=,Oiza,1
1490=,Oke,1
1490=,Oktavia,1
1490=,Olamide,1
1490=,Olaoluwaloromi,1
1490=,Olesya,1
1490=,Olga,1
1490=,Oliveah,1
1490=,Olivia-Maisie,1
1490=,Olly,1
1490=,Ollyvia,1
1490=,Oluwadamilola,1
1490=,Oluwaferanmi,1
1490=,Oluwafunmbi,1
1490=,Oluwakemi,1
1490=,Oluwapelumi,1
1490=,Oluwasemilore,1
1490=,Oluwashindara,1
1490=,Olwyn,1
1490=,Omobolanle,1
1490=,Omorinsola,1
1490=,Omoteniola,1
1490=,Omotoyosi,1
1490=,Ona,1
1490=,Onachi,1
1490=,Onomen,1
1490=,Onycha,1
1490=,Oonagh,1
1490=,Opal,1
1490=,Oran-Louise,1
1490=,Orin,1
1490=,Oritseweyimi,1
1490=,Orly,1
1490=,Orlyn,1
1490=,Orna,1
1490=,Ornella,1
1490=,Orrin,1
1490=,Osawonamen,1
1490=,Ottavia,1
1490=,Oyibu,1
1490=,Oyku,1
1490=,Pagan,1
1490=,Paighton,1
1490=,Paigton,1
1490=,Palwisha,1
1490=,Parisa,1
1490=,Parissa,1
1490=,Parthvi,1
1490=,Patience,1
1490=,Paton,1
1490=,Patsy,1
1490=,Patti,1
1490=,Pauline,1
1490=,Pavit,1
1490=,Peace,1
1490=,Peaches,1
1490=,Pei,1
1490=,Pelostege,1
1490=,Pembilena,1
1490=,Pendoneema,1
1490=,Perel,1
1490=,Pheobie,1
1490=,Pheonix,1
1490=,Phia,1
1490=,Philomena,1
1490=,Phoenix,1
1490=,Phyllis,1
1490=,Pia,1
1490=,Pip,1
1490=,Piril,1
1490=,Pixie,1
1490=,Polina,1
1490=,Polly,1
1490=,Poppie,1
1490=,Poppy-Isabella,1
1490=,Poppy-May,1
1490=,Poppy-Samia,1
1490=,Pranaali,1
1490=,Precious,1
1490=,Precious-Alexia,1
1490=,Preeya,1
1490=,Premjot,1
1490=,Princess-Vanessa,1
1490=,Prosmedie,1
1490=,Punn-Dha,1
1490=,Qingyang,1
1490=,Qistina,1
1490=,Quinn,1
1490=,Quintin,1
1490=,Raafiah,1
1490=,Rabea,1
1490=,Rabeeah,1
1490=,Rabiaa,1
1490=,Racheal,1
1490=,Rae,1
1490=,Raeesah,1
1490=,Ragad,1
1490=,Rahamat,1
1490=,Rahila,1
1490=,Raichah,1
1490=,Raihana,1
1490=,Raiya,1
1490=,Rajsee,1
1490=,Rakell,1
1490=,Rala,1
1490=,Rameesha,1
1490=,Ramisa,1
1490=,Ramona,1
1490=,Ramzah,1
1490=,Ramzia,1
1490=,Ranna,1
1490=,Ranya,1
1490=,Raquel,1
1490=,Rasleen,1
1490=,Rawan,1
1490=,Raya,1
1490=,Rayan,1
1490=,Rayann,1
1490=,Rayden,1
1490=,Rayna,1
1490=,Raynie,1
1490=,Razan,1
1490=,Razia,1
1490=,Razmia,1
1490=,Reaghan,1
1490=,Reahanne,1
1490=,Rebbecca,1
1490=,Rebecca-Sofia,1
1490=,Rebeccah,1
1490=,Rebeckah,1
1490=,Reece,1
1490=,Reem,1
1490=,Reema,1
1490=,Reena,1
1490=,Reene,1
1490=,Reeve,1
1490=,Regina,1
1490=,Reigan,1
1490=,Reilli,1
1490=,Reja,1
1490=,Remi,1
1490=,Remmi,1
1490=,Remmie,1
1490=,Remy,1
1490=,Renaska,1
1490=,Reneee,1
1490=,Rennagh,1
1490=,Renuka,1
1490=,Reuben,1
1490=,Reyanna,1
1490=,Reyes,1
1490=,Rheagan,1
1490=,Rheagh,1
1490=,Rheana,1
1490=,Rhiana,1
1490=,Rhianna-Marie,1
1490=,Rhiannan-Mary,1
1490=,Rhianwen,1
1490=,Rhiley,1
1490=,Rhiyer,1
1490=,Rhomi,1
1490=,Rhyanon,1
1490=,Rhylli,1
1490=,Ribh,1
1490=,Ribhinn,1
1490=,Richelle,1
1490=,Rida,1
1490=,Riddhima,1
1490=,Riegan,1
1490=,Rielly,1
1490=,Rifah,1
1490=,Rigund,1
1490=,Rihann,1
1490=,Rihannah,1
1490=,Rilay,1
1490=,Riley-Rose,1
1490=,Rima,1
1490=,Rina,1
1490=,Rioghnach,1
1490=,Riona,1
1490=,Ripley,1
1490=,Rishiga,1
1490=,River,1
1490=,River-Elise,1
1490=,Robynn,1
1490=,Rocha,1
1490=,Rochelle,1
1490=,Rockcey,1
1490=,Rohaise,1
1490=,Roheemat,1
1490=,Rohini,1
1490=,Roksana,1
1490=,Romea,1
1490=,Romeesa,1
1490=,Romey,1
1490=,Romie,1
1490=,Romii,1
1490=,Romilly,1
1490=,Ronja,1
1490=,Ronnie,1
1490=,Roohi,1
1490=,Rosabella,1
1490=,Rosalie,1
1490=,Rosalila,1
1490=,Rosalina,1
1490=,Rosalind,1
1490=,Rosalyn,1
1490=,Rosanna,1
1490=,Rosannah,1
1490=,Rosina,1
1490=,Rowena,1
1490=,Roxann,1
1490=,Roxanna,1
1490=,Roxie,1
1490=,Roxxi,1
1490=,Roze,1
1490=,Rozen,1
1490=,Rozerin,1
1490=,Rozlin,1
1490=,Rua,1
1490=,Ruba,1
1490=,Rubi-Jean,1
1490=,Ruby-Carol,1
1490=,Ruby-Jo,1
1490=,Ruby-Rose,1
1490=,Rubyanne,1
1490=,Rubynn,1
1490=,Rudairo,1
1490=,Rudi,1
1490=,Rudy,1
1490=,Ruhika,1
1490=,Rumaisa,1
1490=,Rund,1
1490=,Ruo,1
1490=,Rushda,1
1490=,Ruthie,1
1490=,Ryah,1
1490=,Rylie,1
1490=,Rym,1
1490=,Saaira,1
1490=,Saaniya,1
1490=,Saarah,1
1490=,Sabeera,1
1490=,Sacha,1
1490=,Sachi,1
1490=,Sadhbh,1
1490=,Sadia,1
1490=,Safaa,1
1490=,Saffarron,1
1490=,Saffiya,1
1490=,Safiyyah,1
1490=,Safoora,1
1490=,Safura,1
1490=,Sage,1
1490=,Sahar,1
1490=,Sahara,1
1490=,Saher,1
1490=,Sahir,1
1490=,Saidee,1
1490=,Saila,1
1490=,Saima,1
1490=,Saimi,1
1490=,Saki,1
1490=,Sakota-Faith,1
1490=,Sakura,1
1490=,Sal,1
1490=,Saleeha,1
1490=,Salette,1
1490=,Salimatah,1
1490=,Salina,1
1490=,Salmah,1
1490=,Saloni,1
1490=,Samaa,1
1490=,Samaira,1
1490=,Sameen,1
1490=,Sameoun,1
1490=,Sami,1
1490=,Samiha,1
1490=,Samira,1
1490=,Sammy,1
1490=,Samone,1
1490=,Sanah,1
1490=,Sanam,1
1490=,Sandhya,1
1490=,Sandi,1
1490=,Sanjeevani,1
1490=,Sankhila,1
1490=,Sanskruti,1
1490=,Saorise,1
1490=,Saphie,1
1490=,Saphira,1
1490=,Saphire,1
1490=,Saraah,1
1490=,Sarah-Jane,1
1490=,Sarah-Leigh,1
1490=,Sarahlouise,1
1490=,Saraya,1
1490=,Sarea,1
1490=,Sareen,1
1490=,Sarha,1
1490=,Saria,1
1490=,Sarina,1
1490=,Sarrinah,1
1490=,Sasha-Jane,1
1490=,Sasha-Louise,1
1490=,Sasha-Rose,1
1490=,Savourna,1
1490=,Sawera,1
1490=,Sawindi,1
1490=,Saya,1
1490=,Sayen,1
1490=,Sayomi,1
1490=,Scarlett-Jade,1
1490=,Schekina,1
1490=,Seanine,1
1490=,Seanna,1
1490=,Sedona,1
1490=,Seham,1
1490=,Seher,1
1490=,Sehr,1
1490=,Sehrish,1
1490=,Selen,1
1490=,Selene,1
1490=,Selina,1
1490=,Senga,1
1490=,Sennen,1
1490=,Sephora,1
1490=,Seraphina,1
1490=,Serene,1
1490=,Serenity,1
1490=,Serin,1
1490=,Servane,1
1490=,Sevani,1
1490=,Shadan,1
1490=,Shaden,1
1490=,Shaelyn,1
1490=,Shagun,1
1490=,Shahad,1
1490=,Shahannah,1
1490=,Shahed,1
1490=,Shakinah,1
1490=,Shamia,1
1490=,Shammon,1
1490=,Shanah,1
1490=,Shanai,1
1490=,Shanead,1
1490=,Shanelle,1
1490=,Shang,1
1490=,Shani,1
1490=,Shanice,1
1490=,Shannah,1
1490=,Shannen,1
1490=,Shannon-Rose,1
1490=,Shannyn-Jade,1
1490=,Shantelle,1
1490=,Shanyn,1
1490=,Shanzay,1
1490=,Shara,1
1490=,Sharan,1
1490=,Sharla,1
1490=,Sharley,1
1490=,Sharlota,1
1490=,Sharni,1
1490=,Sharon-Louise,1
1490=,Shauna-Louise,1
1490=,Shavana,1
1490=,Shawna,1
1490=,Shay,1
1490=,Shayma,1
1490=,Shaymaa,1
1490=,Shayna,1
1490=,Shazia,1
1490=,Sheeza,1
1490=,Shefaly,1
1490=,Shehreen,1
1490=,Shelbey,1
1490=,Shelbi,1
1490=,Shellby-Leigh,1
1490=,Shelley,1
1490=,Shelly,1
1490=,Sheree,1
1490=,Sherelle,1
1490=,Sheridan,1
1490=,Sherrilei,1
1490=,Sherrin,1
1490=,Shianne,1
1490=,Shiema,1
1490=,Shifah,1
1490=,Shihaam,1
1490=,Shilan,1
1490=,Shima,1
1490=,Shine,1
1490=,Shinye,1
1490=,Shireen,1
1490=,Shirin,1
1490=,Shirley,1
1490=,Shlomit,1
1490=,Shoilee,1
1490=,Shree,1
1490=,Shresta,1
1490=,Shrika,1
1490=,Shuyan,1
1490=,Shweta,1
1490=,Shwetha,1
1490=,Shyla,1
1490=,Si,1
1490=,Siana,1
1490=,Sianna,1
1490=,Sidal,1
1490=,Sidonie,1
1490=,Siena,1
1490=,Sierra,1
1490=,Sierra-Lee,1
1490=,Sikiti,1
1490=,Silvia,1
1490=,Silvie,1
1490=,Simir,1
1490=,Sinfie,1
1490=,Siri,1
1490=,Sissy,1
1490=,Siwar,1
1490=,Skina,1
1490=,Sky-Marie,1
1490=,Skye-Elisha,1
1490=,Skye-Leah,1
1490=,Skyela,1
1490=,Skyeler,1
1490=,Skylaar,1
1490=,Smilla,1
1490=,Sobia,1
1490=,Soeun,1
1490=,Soffi,1
1490=,Soffie,1
1490=,Sofi,1
1490=,Sofie-May,1
1490=,Sofija,1
1490=,Sofiye,1
1490=,Soleeny,1
1490=,Solell,1
1490=,Soley,1
1490=,Solome,1
1490=,Solveigh,1
1490=,Somer,1
1490=,Sommer-Leigh,1
1490=,Sonali,1
1490=,Sondos,1
1490=,Sophea,1
1490=,Sophie-Anne,1
1490=,Sophie-Helen,1
1490=,Sophie-Lea,1
1490=,Sophie-Leigh,1
1490=,Sophie-Louise,1
1490=,Sophy,1
1490=,Sorla,1
1490=,Sorrell,1
1490=,Sorrelle,1
1490=,Souhayla,1
1490=,Sreenidhi,1
1490=,Stacy,1
1490=,Stanislava,1
1490=,Starla,1
1490=,Steevie,1
1490=,Stefania,1
1490=,Stefanie,1
1490=,Steffi,1
1490=,Steph-Annie,1
1490=,Stephanay,1
1490=,Stevieleigh,1
1490=,Storm,1
1490=,Storme,1
1490=,Stuti,1
1490=,Subhana,1
1490=,Sueann,1
1490=,Suki,1
1490=,Sumayyah,1
1490=,Sumer,1
1490=,Summah,1
1490=,Summar,1
1490=,Summaya,1
1490=,Summer-Marie,1
1490=,Summer-Rose,1
1490=,Summerlouise,1
1490=,Sunaina,1
1490=,Sunjin,1
1490=,Sunny,1
1490=,Sunya,1
1490=,Supriya,1
1490=,Surya,1
1490=,Susannah,1
1490=,Suvi,1
1490=,Suwaydah,1
1490=,Svea,1
1490=,Swaliha-Firdaws,1
1490=,Swami,1
1490=,Sydni,1
1490=,Sydnie,1
1490=,Sylvi,1
1490=,Sylwia,1
1490=,Synise,1
1490=,Syryn,1
1490=,Tacita,1
1490=,Tagatha,1
1490=,Tahanie,1
1490=,Taherah,1
1490=,Tahiyah,1
1490=,Tahmarah,1
1490=,Taigen,1
1490=,Taighan,1
1490=,Taighlor,1
1490=,Tailor,1
1490=,Taliah,1
1490=,Talibah,1
1490=,Tallie,1
1490=,Tallullah,1
1490=,Talya,1
1490=,Tamara-Zoe,1
1490=,Tamarra,1
1490=,Tamasyn,1
1490=,Tameka-Jane,1
1490=,Tami,1
1490=,Tamia,1
1490=,Tamika,1
1490=,Tamisha,1
1490=,Tamiya,1
1490=,Tammi-Jo,1
1490=,Tammi-Lee,1
1490=,Tammiann,1
1490=,Tammy-Leigh,1
1490=,Tamsin-Louise,1
1490=,Tamunobelema,1
1490=,Tamzine,1
1490=,Tana,1
1490=,Tanaiya,1
1490=,Tanatswa,1
1490=,Tania,1
1490=,Tanika,1
1490=,Tanith,1
1490=,Tannea,1
1490=,Tansy,1
1490=,Tanushree,1
1490=,Tanvi,1
1490=,Tanzi,1
1490=,Taqwa,1
1490=,Taqwah,1
1490=,Taran,1
1490=,Taryn,1
1490=,Tasanee,1
1490=,Tasbiha,1
1490=,Tassi,1
1490=,Tatiana,1
1490=,Tavleen,1
1490=,Taya,1
1490=,Taylir,1
1490=,Taylor-Leigh,1
1490=,Taylor-Lynn,1
1490=,Tazrian,1
1490=,Tea,1
1490=,Teaghan-Louise,1
1490=,Teah,1
1490=,Teegan-Leigh,1
1490=,Teela,1
1490=,Teeoni,1
1490=,Tegan-Leigh,1
1490=,Tegan-Louise,1
1490=,Teigen-Marie,1
1490=,Tekoa,1
1490=,Temperance,1
1490=,Tenisha,1
1490=,Tenzin,1
1490=,Teresa,1
1490=,Tereza,1
1490=,Terra,1
1490=,Tesneam,1
1490=,Teya,1
1490=,Thaila,1
1490=,Thaleia,1
1490=,Thannista,1
1490=,Tharanni,1
1490=,Thea-Corrin,1
1490=,Theadora,1
1490=,Theodora,1
1490=,Theresa,1
1490=,Thierry,1
1490=,Thomasina,1
1490=,Thyler,1
1490=,Tia-Mae,1
1490=,Tia-Nicole,1
1490=,Tiahna,1
1490=,Tialeigh,1
1490=,Tialyn,1
1490=,Tianii,1
1490=,Tianna-Lee,1
1490=,Tiannah,1
1490=,Tianxin,1
1490=,Tiara-Lei,1
1490=,Tiaraleigh,1
1490=,Tiararose,1
1490=,Tieghan,1
1490=,Tieve,1
1490=,Tiger,1
1490=,Tigerlily,1
1490=,Tiia,1
1490=,Tila,1
1490=,Tilli,1
1490=,Tilly-Lana,1
1490=,Ting,1
1490=,Tiyan,1
1490=,Tobi,1
1490=,Toni-Lee,1
1490=,Toni-Leigh,1
1490=,Toochi,1
1490=,Torey,1
1490=,Tori-Ann,1
1490=,Tori-Jane,1
1490=,Torrance,1
1490=,Torrie,1
1490=,Toula,1
1490=,Tracy,1
1490=,Tressan,1
1490=,Triianna,1
1490=,Triniti,1
1490=,Trudi,1
1490=,Tsephania,1
1490=,Tuba,1
1490=,Tulisa,1
1490=,Tully,1
1490=,Tumelo,1
1490=,Tusita,1
1490=,Tvisha,1
1490=,Tyana,1
1490=,Tylah,1
1490=,Tylar,1
1490=,Tylor,1
1490=,Tyreece,1
1490=,Tyrie,1
1490=,Tzofia,1
1490=,Udane,1
1490=,Umama,1
1490=,Umamah,1
1490=,Umarah,1
1490=,Umehani,1
1490=,Umum,1
1490=,Unity,1
1490=,Vahini,1
1490=,Vahorera,1
1490=,Vaika,1
1490=,Vaila,1
1490=,Vajen,1
1490=,Vala,1
1490=,Vanda,1
1490=,Vaneesee,1
1490=,Vaneezah,1
1490=,Vanessa-Viktorija,1
1490=,Varanpreet,1
1490=,Varetta,1
1490=,Vasiliki,1
1490=,Vasilisa,1
1490=,Venice,1
1490=,Venus,1
1490=,Vera,1
1490=,Vhairi,1
1490=,Vhari,1
1490=,Vicky,1
1490=,Vidhi,1
1490=,Vidushi,1
1490=,Vienna-Nicole,1
1490=,Vilhemina,1
1490=,Virginia,1
1490=,Vita,1
1490=,Viviana,1
1490=,Viviane,1
1490=,Vivianne,1
1490=,Vlada,1
1490=,Wallis,1
1490=,Wan,1
1490=,Wan-Ze,1
1490=,Wania,1
1490=,Waniya,1
1490=,Wannita,1
1490=,Wardah,1
1490=,Warnakulasuriya,1
1490=,Warsan,1
1490=,Weaam,1
1490=,Wendy,1
1490=,Whitney,1
1490=,Wiki,1
1490=,Winielle,1
1490=,Winnie,1
1490=,Winter,1
1490=,Wun,1
1490=,Wunbeni,1
1490=,Wylie,1
1490=,Wynnia,1
1490=,Xara,1
1490=,Xenia,1
1490=,Xephyra,1
1490=,Xianavane-Iona,1
1490=,Xiao,1
1490=,Xing,1
1490=,Xinyi,1
1490=,Xiu,1
1490=,Xsara,1
1490=,Ya,1
1490=,Yaa,1
1490=,Yanah,1
1490=,Yannah,1
1490=,Yasmeen,1
1490=,Yasmyn,1
1490=,Yifei,1
1490=,Yige,1
1490=,Yingye,1
1490=,Yishi,1
1490=,Yixin,1
1490=,Yohanna,1
1490=,Yomi,1
1490=,Youmna,1
1490=,Yuechen,1
1490=,Yuhiro,1
1490=,Yuna,1
1490=,Yusra,1
1490=,Yvette,1
1490=,Yvonne,1
1490=,Zaeena,1
1490=,Zaffira,1
1490=,Zahirah,1
1490=,Zahli,1
1490=,Zahraa,1
1490=,Zahrah,1
1490=,Zaithwa,1
1490=,Zamzam,1
1490=,Zanaira,1
1490=,Zara-Louise,1
1490=,Zara-Tamzin,1
1490=,Zaria,1
1490=,Zarifa,1
1490=,Zaryaab,1
1490=,Ze,1
1490=,Zeenya,1
1490=,Zeeva,1
1490=,Zeina,1
1490=,Zeinab,1
1490=,Zelan,1
1490=,Zemen,1
1490=,Zenya,1
1490=,Zeria,1
1490=,Zhuo,1
1490=,Zia,1
1490=,Zica,1
1490=,Zikoranachidi,1
1490=,Zion,1
1490=,Zione,1
1490=,Ziqi,1
1490=,Zita,1
1490=,Zoey-Ann,1
1490=,Zoja,1
1490=,Zuha,1
1490=,Zuhra,1
1490=,Zulekha,1
1490=,Zunaira,1
1490=,Zunairah,1
1490=,Zurie,1
1490=,Zymal,1
