Position,Name,Number of babies
1,Sophie,619
2,Emily,489
3,Ava,435
4,Olivia,428
5,Lucy,418
6,Isla,413
7=,Jessica,402
7=,Lily,402
9,Amelia,335
10,Mia,300
11,Millie,295
12,Chloe,286
13,Ellie,282
14,Eva,280
15,Sophia,258
16,Freya,256
17,Grace,249
18,Holly,248
19,Emma,243
20,Hannah,225
21,Ruby,204
22,Erin,198
23,Amy,195
24,Ella,193
25,Leah,190
26,Eilidh,188
27,Katie,187
28,Charlotte,180
29,Brooke,175
30=,Evie,173
30=,Layla,173
32,Kayla,172
33,Anna,169
34,Rebecca,156
35,Poppy,154
36,Orla,149
37,Summer,145
38,Hollie,144
39,Niamh,141
40,Lexi,140
41,Lacey,138
42,Molly,132
43=,Amber,131
43=,Isabella,131
45,Skye,130
46,Maisie,129
47,Zoe,119
48,Abbie,118
49,Daisy,117
50,Aimee,113
51,Megan,112
52,Abigail,109
53,Lilly,105
54=,Georgia,95
54=,Julia,95
54=,Sarah,95
57,Lauren,92
58,Iona,90
59,Zara,89
60,Sofia,87
61,Paige,86
62,Rosie,85
63=,Lola,84
63=,Madison,84
65,Caitlin,83
66,Mya,81
67=,Eve,80
67=,Robyn,80
69,Keira,78
70,Mollie,77
71,Cara,75
72=,Darcy,73
72=,Elizabeth,73
74,Maya,72
75=,Elise,68
75=,Emilia,68
77,Alice,67
78=,Beth,66
78=,Rachel,66
80,Amelie,64
81=,Sienna,63
81=,Taylor,63
83=,Carly,60
83=,Nicole,60
83=,Rose,60
86,Imogen,58
87,Bella,57
88,Kara,56
89=,Faith,55
89=,Lucie,55
89=,Willow,55
92=,Alexis,54
92=,Maria,54
94,Lois,53
95=,Alyssa,52
95=,Lexie,52
97=,Gracie,51
97=,Mirren,51
99=,Ayla,50
99=,Jasmine,50
99=,Scarlett,50
102,Alexandra,49
103=,Annie,47
103=,Lara,47
105=,Ailsa,46
105=,Esme,46
105=,Kayleigh,46
105=,Laila,46
105=,Victoria,46
110=,Hayley,44
110=,Hope,44
110=,Neve,44
113=,Heidi,43
113=,Phoebe,43
115=,Lena,42
115=,Naomi,42
115=,Sara,42
118,Bethany,41
119,Martha,40
120,Maddison,39
121=,Annabelle,38
121=,Georgie,38
121=,Libby,38
121=,Macy,38
125,Mila,37
126=,Kacey,36
126=,Laura,36
126=,Zuzanna,36
129=,Casey,35
129=,Eden,35
129=,Heather,35
129=,Lillie,35
129=,Maja,35
129=,Sadie,35
135=,Abby,34
135=,Catherine,34
135=,Charley,34
135=,Faye,34
135=,Kaitlyn,34
135=,Quinn,34
135=,Rowan,34
142=,Harley,33
142=,Isobel,33
142=,Macie,33
142=,Morgan,33
146=,Louise,32
146=,Lucia,32
146=,Melissa,32
146=,Miley,32
146=,Nina,32
151=,Alexa,31
151=,Caitlyn,31
151=,Charlie,31
151=,Natalia,31
155=,Alisha,30
155=,Aoife,30
155=,Eleanor,30
155=,Tia,30
159=,Alicia,29
159=,Carla,29
159=,Cerys,29
159=,Cora,29
159=,Ellis,29
159=,Jorgie,29
159=,Macey,29
159=,Peyton,29
167=,Aria,28
167=,Leila,28
167=,Maisy,28
167=,Matilda,28
167=,Violet,28
172=,Khloe,27
172=,Tilly,27
174=,Eliza,26
174=,Gabriella,26
174=,Iris,26
174=,Maia,26
174=,Nieve,26
179=,Callie,25
179=,Chelsea,25
179=,Danielle,25
179=,Darcey,25
179=,Jennifer,25
179=,Samantha,25
185=,Anya,24
185=,Elsie,24
185=,Jade,24
185=,Kelsey,24
185=,Maci,24
185=,Savannah,24
191=,Alex,23
191=,Elena,23
191=,Emilie,23
191=,Francesca,23
191=,Halle,23
191=,Isabelle,23
191=,Ivy,23
191=,Jenna,23
191=,Katherine,23
191=,Lana,23
191=,Milly,23
191=,Nadia,23
203=,Abbey,22
203=,Aila,22
203=,Annabel,22
203=,Arianna,22
203=,Bailey,22
203=,Bonnie,22
203=,Demi,22
203=,Evelyn,22
203=,Florence,22
203=,Lacie,22
203=,Nicola,22
214=,Alana,21
214=,Alba,21
214=,Annalise,21
214=,Christina,21
214=,Ciara,21
214=,Darcie,21
214=,Farrah,21
214=,Hanna,21
214=,Indie,21
214=,Kacie,21
214=,Kate,21
214=,Morven,21
214=,Natalie,21
214=,Neive,21
214=,Oliwia,21
214=,Orlaith,21
214=,Rebekah,21
214=,Zoey,21
214=,Zofia,21
233=,Angel,20
233=,Belle,20
233=,Connie,20
233=,Courtney,20
233=,Helena,20
233=,Karis,20
233=,Pippa,20
233=,Rosa,20
241=,Ariana,19
241=,Caoimhe,19
241=,Cassie,19
241=,Ellen,19
241=,Flora,19
241=,Gemma,19
241=,Hallie,19
241=,Harper,19
241=,Kaci,19
241=,Kyla,19
241=,Orlagh,19
241=,Penny,19
241=,Vanessa,19
254=,April,18
254=,Brooklyn,18
254=,Catriona,18
254=,Claudia,18
254=,Darci,18
254=,Jorja,18
254=,Katy,18
254=,Lyla,18
254=,Mhairi,18
254=,Natasha,18
254=,Payton,18
254=,Stella,18
254=,Tegan,18
267=,Abi,17
267=,Elle,17
267=,Eloise,17
267=,Eryn,17
267=,Frankie,17
267=,Jodie,17
267=,Kiara,17
267=,Louisa,17
267=,Mairi,17
267=,Rhea,17
267=,Teigan,17
278=,Aisha,16
278=,Beau,16
278=,Carys,16
278=,Clara,16
278=,Emelia,16
278=,Gabriela,16
278=,India,16
278=,Katelyn,16
278=,Lily-Rose,16
278=,Maggie,16
278=,Marley,16
278=,Maryam,16
278=,Myla,16
278=,Nevaeh,16
278=,Rachael,16
278=,Zainab,16
294=,Amira,15
294=,Arya,15
294=,Autumn,15
294=,Bethan,15
294=,Carmen,15
294=,Edith,15
294=,Emmie,15
294=,Hazel,15
294=,Kathryn,15
294=,Kiera,15
294=,Kirsty,15
294=,Lydia,15
294=,Miah,15
294=,Michaela,15
294=,Miya,15
294=,Myah,15
310=,Aaliyah,14
310=,Alesha,14
310=,Brogan,14
310=,Kenzie,14
310=,Leigha,14
310=,Madeleine,14
310=,Murron,14
310=,Mylie,14
310=,Ruth,14
310=,Tiana,14
310=,Tulisa,14
321=,Dakota,13
321=,Erica,13
321=,Fiona,13
321=,Harriet,13
321=,Indi,13
321=,Kasey,13
321=,Leyla,13
321=,Michelle,13
321=,Mirrin,13
321=,Nuala,13
321=,Penelope,13
321=,Rhian,13
321=,Seren,13
321=,Wiktoria,13
335=,Addison,12
335=,Adele,12
335=,Allie,12
335=,Ana,12
335=,Aurora,12
335=,Fallon,12
335=,Hailey,12
335=,Inaaya,12
335=,Keeva,12
335=,Kendal,12
335=,Kirsten,12
335=,Leia,12
335=,Mary,12
335=,Stephanie,12
335=,Thea,12
335=,Zahra,12
351=,Aleisha,11
351=,Aleksandra,11
351=,Amie,11
351=,Fearne,11
351=,Jane,11
351=,Jessie,11
351=,Kaycee,11
351=,Kimberley,11
351=,Kyra,11
351=,Leona,11
351=,Lila,11
351=,Lori,11
351=,Maddie,11
351=,Melody,11
351=,Olive,11
351=,Saoirse,11
351=,Skylar,11
351=,Sofie,11
351=,Tianna,11
370=,Ada,10
370=,Ailie,10
370=,Alicja,10
370=,Alix,10
370=,Amina,10
370=,Ashleigh,10
370=,Ayesha,10
370=,Beatrice,10
370=,Billie,10
370=,Carrie,10
370=,Elspeth,10
370=,Esther,10
370=,Gabrielle,10
370=,Hana,10
370=,Harlow,10
370=,Joanna,10
370=,Kaitlin,10
370=,Kaylee,10
370=,Laylah,10
370=,Lia,10
370=,Lily-Mae,10
370=,Murren,10
370=,Murrin,10
370=,Nikola,10
370=,Sasha,10
370=,Shannon,10
370=,Weronika,10
397=,Anaya,9
397=,Ava-Rose,9
397=,Ayda,9
397=,Cassidy,9
397=,Cecilia,9
397=,Danni,9
397=,Emeli,9
397=,Farah,9
397=,Hafsa,9
397=,Helen,9
397=,Honor,9
397=,Jaime,9
397=,Josie,9
397=,Kaila,9
397=,Kornelia,9
397=,Liliana,9
397=,Lottie,9
397=,Maizie,9
397=,Mariam,9
397=,Mirryn,9
397=,Neave,9
397=,Nikita,9
397=,Sian,9
397=,Skyla,9
397=,Talia,9
397=,Teagan,9
397=,Una,9
397=,Yasmin,9
397=,Zoya,9
426=,Alaina,8
426=,Aleeza,8
426=,Alissa,8
426=,Angelina,8
426=,Antonia,8
426=,Avah,8
426=,Chantelle,8
426=,Coral,8
426=,Delilah,8
426=,Demi-Leigh,8
426=,Ebony,8
426=,Eilish,8
426=,Emmy,8
426=,Fatima,8
426=,Fern,8
426=,Iqra,8
426=,Isabel,8
426=,Islay,8
426=,Jenny,8
426=,Karly,8
426=,Kaycie,8
426=,Keeley,8
426=,Kelsie,8
426=,Kiana,8
426=,Kourtney,8
426=,Lisa,8
426=,Lyra,8
426=,Mairead,8
426=,Maiya,8
426=,Mara,8
426=,Margaret,8
426=,Meghan,8
426=,Philippa,8
426=,Polly,8
426=,Riley,8
426=,Roisin,8
426=,Rosalie,8
426=,Saffron,8
426=,Sally,8
426=,Sophie-Leigh,8
426=,Valentina,8
467=,Abbi,7
467=,Aela,7
467=,Ailish,7
467=,Alivia,7
467=,Aliza,7
467=,Ally,7
467=,Alyx,7
467=,Angela,7
467=,Anne,7
467=,Annika,7
467=,Antonina,7
467=,Ashley,7
467=,Astrid,7
467=,Aurelia,7
467=,Blythe,7
467=,Cali,7
467=,Cally,7
467=,Caris,7
467=,Charli,7
467=,Constance,7
467=,Ellie-May,7
467=,Elsa,7
467=,Elyse,7
467=,Emily-Rose,7
467=,Felicity,7
467=,Freyja,7
467=,Hattie,7
467=,Hayleigh,7
467=,Josephine,7
467=,Kadie,7
467=,Kaelyn,7
467=,Karina,7
467=,Kianna,7
467=,Kira,7
467=,Kylah,7
467=,Laci,7
467=,Lailah,7
467=,Luna,7
467=,Maeve,7
467=,Marissa,7
467=,Marnie,7
467=,Merryn,7
467=,Miriam,7
467=,Mylee,7
467=,Nia,7
467=,Oona,7
467=,Paris,7
467=,Piper,7
467=,Pola,7
467=,Rhona,7
467=,Roxy,7
467=,Sapphire,7
467=,Shanice,7
467=,Siobhan,7
467=,Tara,7
467=,Tess,7
467=,Toni,7
467=,Vaila,7
525=,Adriana,6
525=,Aisling,6
525=,Alanna,6
525=,Amelia-Rose,6
525=,Arwen,6
525=,Blair,6
525=,Brianna,6
525=,Cameron,6
525=,Caragh,6
525=,Caroline,6
525=,Cayla,6
525=,Claire,6
525=,Dani,6
525=,Daniella,6
525=,Elissa,6
525=,Elodie,6
525=,Emme,6
525=,Enya,6
525=,Esmee,6
525=,Georgina,6
525=,Harli,6
525=,Hayden,6
525=,Imaan,6
525=,Inaya,6
525=,Jamie,6
525=,Jannat,6
525=,Jaya,6
525=,Jess,6
525=,Kali,6
525=,Kallie,6
525=,Karli,6
525=,Kassie,6
525=,Kaylah,6
525=,Kendall,6
525=,Kitty,6
525=,Lauryn,6
525=,Lilia,6
525=,Lillian,6
525=,Livia,6
525=,Mikayla,6
525=,Milla,6
525=,Mirin,6
525=,Miyah,6
525=,Pixie,6
525=,Regan,6
525=,Rhia,6
525=,Rhiannon,6
525=,Ria,6
525=,Romy,6
525=,Sandra,6
525=,Stacey,6
525=,Tamsin,6
525=,Wren,6
525=,Zi,6
525=,Zoha,6
580=,Agata,5
580=,Aiva,5
580=,Aliyah,5
580=,Alma,5
580=,Amara,5
580=,Amelia-Lily,5
580=,Amiee,5
580=,Amna,5
580=,Anastasia,5
580=,Aqsa,5
580=,Arabella,5
580=,Ayat,5
580=,Baillie,5
580=,Barbara,5
580=,Bobbi,5
580=,Brodie,5
580=,Bryony,5
580=,Calleigh,5
580=,Camilla,5
580=,Carley,5
580=,Carlie,5
580=,Chanel,5
580=,Chiara,5
580=,Dana,5
580=,Diana,5
580=,Elli,5
580=,Emillie,5
580=,Eshaal,5
580=,Evangeline,5
580=,Fatimah,5
580=,Gabija,5
580=,Hafsah,5
580=,Haleema,5
580=,Harmony,5
580=,Indiana,5
580=,Iyla,5
580=,Jacqueline,5
580=,Joni,5
580=,Karolina,5
580=,Karys,5
580=,Kenzi,5
580=,Khadija,5
580=,Khadijah,5
580=,Kirstie,5
580=,Krystal,5
580=,Lacey-Mae,5
580=,Lacy,5
580=,Laiba,5
580=,Larissa,5
580=,Laya,5
580=,Lea,5
580=,Leonie,5
580=,Lili,5
580=,Lilly-Rose,5
580=,Lily-May,5
580=,Madeline,5
580=,Mahnoor,5
580=,Manha,5
580=,Marcie,5
580=,Mariana,5
580=,Marta,5
580=,Meadow,5
580=,Mercedes,5
580=,Mia-Lily,5
580=,Miryn,5
580=,Nancy,5
580=,Nyla,5
580=,Orlah,5
580=,Patrycja,5
580=,Phoenix,5
580=,Poppie,5
580=,Precious,5
580=,Reese,5
580=,Rihanna,5
580=,Rylee,5
580=,Ryleigh,5
580=,Rylie,5
580=,Saskia,5
580=,Serena,5
580=,Sinead,5
580=,Soha,5
580=,Stevie,5
580=,Tabitha,5
580=,Tamara,5
580=,Vivienne,5
665=,Adela,4
665=,Adrianna,4
665=,Aeryn,4
665=,Alannah,4
665=,Alessia,4
665=,Alli,4
665=,Amaya,4
665=,Ameera,4
665=,Amy-Lee,4
665=,Anika,4
665=,Annelise,4
665=,Arfa,4
665=,Ariella,4
665=,Ashlyn,4
665=,Asiyah,4
665=,Athena,4
665=,Ayva,4
665=,Becca,4
665=,Bethanie,4
665=,Bianca,4
665=,Breagha,4
665=,Briony,4
665=,Brooklynn,4
665=,Cadence,4
665=,Calli,4
665=,Carina,4
665=,Carli,4
665=,Carolyn,4
665=,Chanelle,4
665=,Cleo,4
665=,Cody,4
665=,Corrie,4
665=,Crystal,4
665=,Demi-Lee,4
665=,Destiny,4
665=,Devon,4
665=,Drew,4
665=,Edie,4
665=,Eiliyah,4
665=,Eliana,4
665=,Elisabeth,4
665=,Ella-Mae,4
665=,Ellie-Louise,4
665=,Ellie-Mae,4
665=,Elliot,4
665=,Elouise,4
665=,Emie,4
665=,Emilija,4
665=,Emmeline,4
665=,Emmi,4
665=,Estelle,4
665=,Floraidh,4
665=,Gaia,4
665=,Haniya,4
665=,Holli,4
665=,Honey,4
665=,Iga,4
665=,Iman,4
665=,Indy,4
665=,Ishbel,4
665=,Izabela,4
665=,Izzy,4
665=,Jamie-Lee,4
665=,Jamie-Leigh,4
665=,Jayde,4
665=,Jazmine,4
665=,Jemima,4
665=,Jia,4
665=,Joanne,4
665=,Jodi,4
665=,Juliette,4
665=,Kacey-Leigh,4
665=,Kady,4
665=,Kaela,4
665=,Kaia,4
665=,Kaja,4
665=,Karmyn,4
665=,Kassidy,4
665=,Kathleen,4
665=,Kaya,4
665=,Kayce,4
665=,Kaydee,4
665=,Kayley,4
665=,Kennedy,4
665=,Kerris,4
665=,Keryn,4
665=,Klaudia,4
665=,Kodi,4
665=,Laurel,4
665=,Leilah,4
665=,Leisha,4
665=,Lexii,4
665=,Liberty,4
665=,Lilly-May,4
665=,Lilyrose,4
665=,Linda,4
665=,Lorna,4
665=,Luci,4
665=,Lulu,4
665=,Mackenzie,4
665=,Madisyn,4
665=,Marcy,4
665=,Marina,4
665=,Mariyah,4
665=,Mathilda,4
665=,Matylda,4
665=,May,4
665=,Maycie,4
665=,Milena,4
665=,Myiah,4
665=,Myka,4
665=,Myra,4
665=,Nadine,4
665=,Natalya,4
665=,Nell,4
665=,Nicol,4
665=,Nikki,4
665=,Nyah,4
665=,Pearl,4
665=,Pyper,4
665=,Raegan,4
665=,Raya,4
665=,Rhianne,4
665=,Roxanne,4
665=,Safa,4
665=,Safia,4
665=,Savanna,4
665=,Scarlet,4
665=,Sharon,4
665=,Shona,4
665=,Simone,4
665=,Simran,4
665=,Sky,4
665=,Star,4
665=,Susannah,4
665=,Sydney,4
665=,Syeda,4
665=,Sylvia,4
665=,Taiba,4
665=,Tammi,4
665=,Tamzin,4
665=,Teegan,4
665=,Tessa,4
665=,Tillie,4
665=,Tina,4
665=,Veronika,4
665=,Vivian,4
665=,Yvie,4
665=,Zarah,4
665=,Zia,4
815=,Ailey,3
815=,Ailidh,3
815=,Aimee-Lee,3
815=,Aimee-Louise,3
815=,Aine,3
815=,Akira,3
815=,Alanah,3
815=,Alara,3
815=,Aleah,3
815=,Alecia,3
815=,Aleena,3
815=,Alexia,3
815=,Alisa,3
815=,Alison,3
815=,Alycia,3
815=,Alyssia,3
815=,Amber-Lily,3
815=,Amelia-Grace,3
815=,Amily,3
815=,Amirah,3
815=,Amy-Leigh,3
815=,Anabelle,3
815=,Anastazja,3
815=,Andi,3
815=,Aneesa,3
815=,Angelika,3
815=,Annabella,3
815=,Anniyah,3
815=,Ara,3
815=,Areesha,3
815=,Arielle,3
815=,Ariya,3
815=,Aroush,3
815=,Ashlin,3
815=,Ashlynn,3
815=,Aubree,3
815=,Aubrey,3
815=,Audrey,3
815=,Ava-Lily,3
815=,Ayana,3
815=,Ayleigh,3
815=,Beatrix,3
815=,Blake,3
815=,Breagh,3
815=,Cady,3
815=,Caela,3
815=,Caelyn,3
815=,Camryn,3
815=,Carleigh,3
815=,Carter,3
815=,Cassandra,3
815=,Cassia,3
815=,Ceitidh,3
815=,Celeste,3
815=,Charis,3
815=,Charly,3
815=,Chelsie,3
815=,Cheryl,3
815=,Clea,3
815=,Colette,3
815=,Dahlia,3
815=,Danah,3
815=,Danya,3
815=,Deborah,3
815=,Dee,3
815=,Devyn,3
815=,Dilara,3
815=,Donna,3
815=,Dorothy,3
815=,Eboni,3
815=,Eireann,3
815=,Ela,3
815=,Elina,3
815=,Elisa,3
815=,Ellie-Mai,3
815=,Elly,3
815=,Elysia,3
815=,Elyssa,3
815=,Erika,3
815=,Eshal,3
815=,Eva-Rose,3
815=,Ewa,3
815=,Fia,3
815=,Frida,3
815=,Genevieve,3
815=,Giorgia,3
815=,Giulia,3
815=,Glory,3
815=,Gwen,3
815=,Harlie,3
815=,Ida,3
815=,Iylah,3
815=,Izabella,3
815=,Jada,3
815=,Jaimie,3
815=,Jemma,3
815=,Jessica-Leigh,3
815=,Jocelyn,3
815=,Jorji,3
815=,Juliana,3
815=,Juno,3
815=,Kahlan,3
815=,Kailah,3
815=,Kailyn,3
815=,Kaiya,3
815=,Kalina,3
815=,Karah,3
815=,Karla,3
815=,Karlie,3
815=,Karmen,3
815=,Kayci,3
815=,Kelsi,3
815=,Kendyl,3
815=,Kensi,3
815=,Kimberly,3
815=,Kinga,3
815=,Kirstin,3
815=,Kirstyn,3
815=,Laurie,3
815=,Leanne,3
815=,Leigh,3
815=,Leighton,3
815=,Leoni,3
815=,Lexxi,3
815=,Lexy,3
815=,Lilly-Grace,3
815=,Lilly-Mae,3
815=,Lily-Ann,3
815=,Lily-Anne,3
815=,Lorena,3
815=,Luciana,3
815=,Lucille,3
815=,Lucinda,3
815=,Luisa,3
815=,Maebh,3
815=,Maham,3
815=,Maicey,3
815=,Maliha,3
815=,Manal,3
815=,Marci,3
815=,Marianna,3
815=,Marie,3
815=,Martyna,3
815=,Maxie,3
815=,Maxine,3
815=,Mayah,3
815=,Meredith,3
815=,Milli,3
815=,Millicent,3
815=,Minnie,3
815=,Mira,3
815=,Mischa,3
815=,Missy,3
815=,Monika,3
815=,Myley,3
815=,Naya,3
815=,Nel,3
815=,Nela,3
815=,Niah,3
815=,Ocean,3
815=,Olivia-Mae,3
815=,Oonagh,3
815=,Ophelia,3
815=,Orlaigh,3
815=,Pheobe,3
815=,Princess,3
815=,Priya,3
815=,Queenie,3
815=,Rae,3
815=,Ramona,3
815=,Reegan,3
815=,Renee,3
815=,Rileigh,3
815=,River,3
815=,Riya,3
815=,Robin,3
815=,Roma,3
815=,Romilly,3
815=,Rona,3
815=,Rosanna,3
815=,Rosemary,3
815=,Roslyn,3
815=,Rozalia,3
815=,Saarah,3
815=,Safiya,3
815=,Saja,3
815=,Salma,3
815=,Sarah-Jane,3
815=,Selena,3
815=,Selina,3
815=,Senna,3
815=,Shantelle,3
815=,Shelbie,3
815=,Siena,3
815=,Skyler,3
815=,Sofia-Rose,3
815=,Sofija,3
815=,Sorcha,3
815=,Stevi,3
815=,Summer-Rose,3
815=,Susie,3
815=,Teresa,3
815=,Thalia,3
815=,Theia,3
815=,Theresa,3
815=,Tiegan,3
815=,Tori,3
815=,Verity,3
815=,Viktoria,3
815=,Vivien,3
815=,Winnie,3
815=,Xanthe,3
815=,Xin,3
1028=,Aairah,2
1028=,Aanya,2
1028=,Aarna,2
1028=,Abbiegail,2
1028=,Adaeze,2
1028=,Adah,2
1028=,Adanna,2
1028=,Adelina,2
1028=,Adeline,2
1028=,Adonia,2
1028=,Aeva,2
1028=,Agnes,2
1028=,Aileigh,2
1028=,Ailis,2
1028=,Aimee-Leigh,2
1028=,Aina,2
1028=,Aivah,2
1028=,Aiyla,2
1028=,Aiza,2
1028=,Akvile,2
1028=,Alayna,2
1028=,Aleesha,2
1028=,Aleeyah,2
1028=,Aleigha,2
1028=,Alena,2
1028=,Aleshia,2
1028=,Alexandria,2
1028=,Alexi,2
1028=,Alia,2
1028=,Aliesha,2
1028=,Alina,2
1028=,Aliona,2
1028=,Alishba,2
1028=,Aliya,2
1028=,Allana,2
1028=,Allanah,2
1028=,Allegra,2
1028=,Allyson,2
1028=,Alys,2
1028=,Alyvia,2
1028=,Amala,2
1028=,Amanda,2
1028=,Amani,2
1028=,Ameja,2
1028=,Ameliah,2
1028=,Aminah,2
1028=,Amrit,2
1028=,Amyjane,2
1028=,Amylee,2
1028=,Anabel,2
1028=,Anais,2
1028=,Analise,2
1028=,Anam,2
1028=,Andie,2
1028=,Andrea,2
1028=,Ania,2
1028=,Aniela,2
1028=,Anita,2
1028=,Annabell,2
1028=,Annaleise,2
1028=,Annelies,2
1028=,Anouk,2
1028=,Anwen,2
1028=,Arden,2
1028=,Ariadne,2
1028=,Ariane,2
1028=,Arianne,2
1028=,Arina,2
1028=,Arissa,2
1028=,Aspen,2
1028=,Astyn,2
1028=,Asya,2
1028=,Ava-Grace,2
1028=,Ava-Jane,2
1028=,Ava-Jayne,2
1028=,Ava-Leigh,2
1028=,Avery,2
1028=,Aviana,2
1028=,Avril,2
1028=,Aya,2
1028=,Ayah,2
1028=,Ayanna,2
1028=,Ayisha,2
1028=,Aylah,2
1028=,Aylie,2
1028=,Aylish,2
1028=,Ayra,2
1028=,Baileigh,2
1028=,Bailie,2
1028=,Bayley,2
1028=,Beaux,2
1028=,Becky,2
1028=,Betsy,2
1028=,Betty,2
1028=,Billie-Rose,2
1028=,Blaire,2
1028=,Blanka,2
1028=,Bo,2
1028=,Bobbie-Lee,2
1028=,Boe,2
1028=,Breanna,2
1028=,Brook,2
1028=,Bulou,2
1028=,Cadhla,2
1028=,Cailyn,2
1028=,Caleigh,2
1028=,Calla,2
1028=,Cari,2
1028=,Carrah,2
1028=,Carsyn,2
1028=,Cate,2
1028=,Charlize,2
1028=,Chelsey,2
1028=,Cherry,2
1028=,Cheyenne,2
1028=,Chioma,2
1028=,Chrissie,2
1028=,Christa,2
1028=,Christianna,2
1028=,Christie,2
1028=,Clare,2
1028=,Coco,2
1028=,Codi,2
1028=,Codie,2
1028=,Colby,2
1028=,Coleen,2
1028=,Corey,2
1028=,Corrin,2
1028=,Coryn,2
1028=,D'arcy,2
1028=,Daisie,2
1028=,Dali,2
1028=,Daly,2
1028=,Danica,2
1028=,Danika,2
1028=,Darlene,2
1028=,Darra,2
1028=,Davida,2
1028=,Demi-Louise,2
1028=,Denisa,2
1028=,Dhiya,2
1028=,Dhriti,2
1028=,Dionne,2
1028=,Dior,2
1028=,Dixie,2
1028=,Diya,2
1028=,Dorota,2
1028=,Dua,2
1028=,Dylan,2
1028=,Eabha,2
1028=,Eadie,2
1028=,Effie,2
1028=,Eimear,2
1028=,Eirin,2
1028=,Eirinn,2
1028=,Ekjot,2
1028=,Elaina,2
1028=,Elana,2
1028=,Eleni,2
1028=,Elia,2
1028=,Elin,2
1028=,Elis,2
1028=,Eliska,2
1028=,Ella-Leigh,2
1028=,Ella-Louise,2
1028=,Ella-Rose,2
1028=,Elliana,2
1028=,Ellie-Jai,2
1028=,Ellie-Jane,2
1028=,Ellouise,2
1028=,Emili,2
1028=,Emily-Joy,2
1028=,Emma-Jane,2
1028=,Emma-Lee,2
1028=,Emma-Rose,2
1028=,Eris,2
1028=,Esa,2
1028=,Esmay,2
1028=,Esmie,2
1028=,Evie-Rose,2
1028=,Eviee,2
1028=,Fallyn,2
1028=,Falyn,2
1028=,Farheen,2
1028=,Farida,2
1028=,Favour,2
1028=,Florrie,2
1028=,Frances,2
1028=,Franki,2
1028=,Fraya,2
1028=,Frayah,2
1028=,Freja,2
1028=,Frieda,2
1028=,Gem,2
1028=,Georgiana,2
1028=,Gerda,2
1028=,Gia,2
1028=,Gianna,2
1028=,Giuliana,2
1028=,Grayce,2
1028=,Greta,2
1028=,Grier,2
1028=,Gwendolen,2
1028=,Hadiya,2
1028=,Han,2
1028=,Hareem,2
1028=,Harleen,2
1028=,Harmani,2
1028=,Helaina,2
1028=,Henrietta,2
1028=,Hiba,2
1028=,Hibbah,2
1028=,Ifeoluwa,2
1028=,Inayah,2
1028=,Indianna,2
1028=,Ines,2
1028=,Inga,2
1028=,Inioluwa,2
1028=,Iseabail,2
1028=,Isha,2
1028=,Ishal,2
1028=,Isobella,2
1028=,Isra,2
1028=,Israa,2
1028=,Izzi,2
1028=,Jaden,2
1028=,Jagoda,2
1028=,Jamiee-Leigh,2
1028=,Jamielee,2
1028=,Jana,2
1028=,Janelle,2
1028=,Jasmeet,2
1028=,Jasmin,2
1028=,Jayden,2
1028=,Jaye,2
1028=,Jayla,2
1028=,Jazmin,2
1028=,Jennah,2
1028=,Jeorgie,2
1028=,Jessica-Jane,2
1028=,Jessica-Louise,2
1028=,Jessica-Rose,2
1028=,Jessika,2
1028=,Jewel,2
1028=,Jing,2
1028=,Joelle,2
1028=,Joey,2
1028=,Jorgi,2
1028=,Jorgia,2
1028=,Jorjie,2
1028=,Joselyn,2
1028=,Joyce,2
1028=,Jude,2
1028=,Julianna,2
1028=,Juliet,2
1028=,Justine,2
1028=,Kadence,2
1028=,Kadi,2
1028=,Kaidi,2
1028=,Kaidy,2
1028=,Kaitlynn,2
1028=,Kaiyla,2
1028=,Kalise,2
1028=,Kalli,2
1028=,Kamile,2
1028=,Kamryn,2
1028=,Karen,2
1028=,Karley,2
1028=,Karris,2
1028=,Karsyn,2
1028=,Kassi,2
1028=,Katarina,2
1028=,Katie-Louise,2
1028=,Katlyn,2
1028=,Katrina,2
1028=,Kaycey,2
1028=,Kayden,2
1028=,Kayla-Faith,2
1028=,Kaylin,2
1028=,Kaylyn,2
1028=,Ke,2
1028=,Keighla,2
1028=,Keila,2
1028=,Keira-Louise,2
1028=,Kelci,2
1028=,Kelcie,2
1028=,Kellie,2
1028=,Kellsie,2
1028=,Kelly,2
1028=,Kendra,2
1028=,Kerin,2
1028=,Kerry,2
1028=,Kerys,2
1028=,Khadeeja,2
1028=,Khaleesi,2
1028=,Kiah,2
1028=,Kieva,2
1028=,Kim,2
1028=,Klara,2
1028=,Kodie,2
1028=,Konnie,2
1028=,Kristen,2
1028=,Kristina,2
1028=,Krystyna,2
1028=,Kya,2
1028=,Kymberley,2
1028=,Laia,2
1028=,Laicey,2
1028=,Lainey,2
1028=,Laney,2
1028=,Laragh,2
1028=,Lavinia,2
1028=,Layan,2
1028=,Layla-Rose,2
1028=,Leena,2
1028=,Leja,2
1028=,Levi,2
1028=,Leylah,2
1028=,Lilian,2
1028=,Lilien,2
1028=,Lilith,2
1028=,Lilla,2
1028=,Lilli,2
1028=,Lillia,2
1028=,Lily-Grace,2
1028=,Lina,2
1028=,Liora,2
1028=,Liv,2
1028=,Lorelei,2
1028=,Lucja,2
1028=,Lylah,2
1028=,Lynn,2
1028=,Madyson,2
1028=,Mae,2
1028=,Mahrosh,2
1028=,Maisey,2
1028=,Maiyah,2
1028=,Maizy,2
1028=,Majka,2
1028=,Malaika,2
1028=,Malak,2
1028=,Maleeha,2
1028=,Malika,2
1028=,Malin,2
1028=,Malina,2
1028=,Maliyah,2
1028=,Malwina,2
1028=,Manahil,2
1028=,Manasvi,2
1028=,Marcelina,2
1028=,Maren,2
1028=,Mariella,2
1028=,Marielle,2
1028=,Marika,2
1028=,Marisa,2
1028=,Marium,2
1028=,Mariya,2
1028=,Marla,2
1028=,Marlie,2
1028=,Martina,2
1028=,Mary-Rose,2
1028=,Maryann,2
1028=,Marykate,2
1028=,Maura,2
1028=,Mavis,2
1028=,Maxi,2
1028=,Mckenzie,2
1028=,Megija,2
1028=,Melanie,2
1028=,Melek,2
1028=,Meriam,2
1028=,Merrin,2
1028=,Mia-Rose,2
1028=,Michalina,2
1028=,Milan,2
1028=,Mindy,2
1028=,Miranda,2
1028=,Mishal,2
1028=,Mitzi,2
1028=,Monica,2
1028=,Monroe,2
1028=,Mylea,2
1028=,Nabila,2
1028=,Nahla,2
1028=,Naimah,2
1028=,Nakshatra,2
1028=,Nana,2
1028=,Naomie,2
1028=,Nathalie,2
1028=,Navami,2
1028=,Neeve,2
1028=,Nelly,2
1028=,Nerile,2
1028=,Ness,2
1028=,Nimra,2
1028=,Nimrah,2
1028=,Nisha,2
1028=,Nola,2
1028=,Noor,2
1028=,Nora,2
1028=,Norah,2
1028=,Nour,2
1028=,Nouran,2
1028=,Nova,2
1028=,Nurul,2
1028=,Nya,2
1028=,Ola,2
1028=,Olga,2
1028=,Olivia-Grace,2
1028=,Olwen,2
1028=,Paloma,2
1028=,Patience,2
1028=,Patsy,2
1028=,Paulina,2
1028=,Poppi,2
1028=,Poppy-May,2
1028=,Praise,2
1028=,Quin,2
1028=,Rabia,2
1028=,Rajveer,2
1028=,Rebeca,2
1028=,Rebecca-Lynn,2
1028=,Rebeka,2
1028=,Rhiann,2
1028=,Riah,2
1028=,Rida,2
1028=,Roksana,2
1028=,Romany,2
1028=,Roni,2
1028=,Ronni,2
1028=,Roop,2
1028=,Ros,2
1028=,Rosabella,2
1028=,Rosalind,2
1028=,Rosalyn,2
1028=,Roseanna,2
1028=,Rosina,2
1028=,Rosy,2
1028=,Roxana,2
1028=,Roxi,2
1028=,Roxie,2
1028=,Rubi,2
1028=,Ruby-Mae,2
1028=,Rui,2
1028=,Ryley,2
1028=,Sabella,2
1028=,Sabrina,2
1028=,Sacha,2
1028=,Saira,2
1028=,Sajeda,2
1028=,Sakura,2
1028=,Saliha,2
1028=,Sama,2
1028=,Samanta,2
1028=,Saphia,2
1028=,Sarah-Louise,2
1028=,Seerat,2
1028=,Shelby,2
1028=,Sheza,2
1028=,Shreya,2
1028=,Sidrah,2
1028=,Silver,2
1028=,Skylah,2
1028=,Sonia,2
1028=,Sophia-Lily,2
1028=,Sophie-Louise,2
1028=,Soraya,2
1028=,Stefania,2
1028=,Storm,2
1028=,Suhani,2
1028=,Sukhmani,2
1028=,Sula,2
1028=,Sumayyah,2
1028=,Sunny,2
1028=,Susan,2
1028=,Suzanna,2
1028=,Suzanne,2
1028=,Sylvie,2
1028=,Tamina,2
1028=,Tanisha,2
1028=,Tanya,2
1028=,Tarah,2
1028=,Taryn,2
1028=,Tayler,2
1028=,Tayluer,2
1028=,Teaghan,2
1028=,Teah,2
1028=,Tiah,2
1028=,Tiffany,2
1028=,Tilly-May,2
1028=,Tinotenda,2
1028=,Tiree,2
1028=,Trinity,2
1028=,Tyler,2
1028=,Urwa,2
1028=,Valerija,2
1028=,Vanesa,2
1028=,Veronica,2
1028=,Vicky,2
1028=,Vilte,2
1028=,Viola,2
1028=,Violet-Rose,2
1028=,Wei,2
1028=,Willa,2
1028=,Winter,2
1028=,Yasmine,2
1028=,Yu,2
1028=,Yuhan,2
1028=,Zaina,2
1028=,Zeenat,2
1028=,Zhi,2
1028=,Zunairah,2
1540=,Aafiyah,1
1540=,Aaidah,1
1540=,Aaima,1
1540=,Aaishah,1
1540=,Aakruti,1
1540=,Aaleah,1
1540=,Aaleia,1
1540=,Aaleigha,1
1540=,Aaliya,1
1540=,Aaliyah-Skye,1
1540=,Aalysia,1
1540=,Aamira,1
1540=,Aania,1
1540=,Aanvi,1
1540=,Aaradhya,1
1540=,Aaria,1
1540=,Aarifah,1
1540=,Aariya,1
1540=,Aarohi,1
1540=,Aarti,1
1540=,Aarya,1
1540=,Aaryana,1
1540=,Aasiyah,1
1540=,Aava-May,1
1540=,Aavah,1
1540=,Aayisha,1
1540=,Aaylah-Rose,1
1540=,Abasi-Ima,1
1540=,Abbaigh,1
1540=,Abbeigh,1
1540=,Abbey-Leigh,1
1540=,Abbey-Louise,1
1540=,Abbi-Rose,1
1540=,Abbigail,1
1540=,Abbighail,1
1540=,Abby-Gayle,1
1540=,Abby-Leigh,1
1540=,Abeera,1
1540=,Abia,1
1540=,Abigael,1
1540=,Abii,1
1540=,Abiyuwa,1
1540=,Abrar,1
1540=,Acacia,1
1540=,Adalyn,1
1540=,Adeena,1
1540=,Adelie,1
1540=,Adelyn,1
1540=,Adhya,1
1540=,Adi,1
1540=,Adiqa,1
1540=,Adisri,1
1540=,Aditi,1
1540=,Adiza,1
1540=,Adja,1
1540=,Adorable,1
1540=,Aeesha,1
1540=,Aelish,1
1540=,Aemelia,1
1540=,Aemilia,1
1540=,Aerin,1
1540=,Aevah,1
1540=,Afia,1
1540=,Afiya,1
1540=,Afizah,1
1540=,Afra,1
1540=,Afsah,1
1540=,Afsha,1
1540=,Afton,1
1540=,Agatha-Alice,1
1540=,Agota,1
1540=,Ahana,1
1540=,Ahlem,1
1540=,Aida,1
1540=,Aidah,1
1540=,Aideen,1
1540=,Aiesha,1
1540=,Aiko,1
1540=,Aila-May,1
1540=,Ailah,1
1540=,Ailaigh,1
1540=,Aileas,1
1540=,Aileena,1
1540=,Ailish-Rose,1
1540=,Aillee,1
1540=,Aillie,1
1540=,Aily,1
1540=,Aimee-Jane,1
1540=,Aimen,1
1540=,Aimie,1
1540=,Aimiejit,1
1540=,Aimien,1
1540=,Aimili,1
1540=,Ainsley,1
1540=,Ainslie,1
1540=,Aiobha,1
1540=,Aira,1
1540=,Airyn,1
1540=,Aishah,1
1540=,Aitana,1
1540=,Aiya-Rois,1
1540=,Aiyana,1
1540=,Aiyet,1
1540=,Aizah,1
1540=,Akeelah,1
1540=,Akifah,1
1540=,Akoowo,1
1540=,Akua,1
1540=,Alaiza,1
1540=,Alanieta,1
1540=,Alanis,1
1540=,Alasca,1
1540=,Alaura,1
1540=,Alaya,1
1540=,Alayah,1
1540=,Alaycia,1
1540=,Alba-Rose,1
1540=,Albhie,1
1540=,Alea-Jay,1
1540=,Aleaha,1
1540=,Aleasha,1
1540=,Alecs,1
1540=,Aleeah,1
1540=,Aleeccia,1
1540=,Aleesa,1
1540=,Aleeya,1
1540=,Aleighna,1
1540=,Aleighsha,1
1540=,Aleise,1
1540=,Alekhya,1
1540=,Alesha-May,1
1540=,Alex-Sophia,1
1540=,Alexus,1
1540=,Alexxis,1
1540=,Alexzandrea,1
1540=,Aleya,1
1540=,Aleyna,1
1540=,Alice-Anna,1
1540=,Alice-Rose,1
1540=,Alicia-Jaime,1
1540=,Alicia-Lea,1
1540=,Aliha,1
1540=,Alija,1
1540=,Alin,1
1540=,Alise,1
1540=,Alisha-Ann,1
1540=,Alishia,1
1540=,Alisia,1
1540=,Alixx,1
1540=,Aliyah-Lilly,1
1540=,Alizay,1
1540=,Allanna,1
1540=,Alleyah,1
1540=,Allisa,1
1540=,Allisha,1
1540=,Allix,1
1540=,Alliyah,1
1540=,Allyna,1
1540=,Allyshia,1
1540=,Almaaz,1
1540=,Althea,1
1540=,Alula,1
1540=,Alya,1
1540=,Alyannah,1
1540=,Alyissa,1
1540=,Alysa,1
1540=,Alyse,1
1540=,Alysha,1
1540=,Alyshia,1
1540=,Alyson,1
1540=,Alyxis,1
1540=,Amaara,1
1540=,Amaia,1
1540=,Amal,1
1540=,Amalia,1
1540=,Amalie,1
1540=,Amaly,1
1540=,Amalyn,1
1540=,Amanda-Grace,1
1540=,Amarachi,1
1540=,Amarah,1
1540=,Amarie,1
1540=,Amaris,1
1540=,Amaryllis,1
1540=,Amayra,1
1540=,Amba,1
1540=,Ambar,1
1540=,Amber-Rose,1
1540=,Ameeliah,1
1540=,Ameelya,1
1540=,Ameenah,1
1540=,Ameerah,1
1540=,Ameiliah-Rose,1
1540=,Ameli,1
1540=,Amelia-Anne,1
1540=,Amelia-Jayne,1
1540=,Amelia-Jo,1
1540=,Amelia-Ruby,1
1540=,Amelia-Skye,1
1540=,Amelie-Rose,1
1540=,Amellia,1
1540=,Amenah,1
1540=,Amera,1
1540=,Ami,1
1540=,Ami-Leigh,1
1540=,Amilee,1
1540=,Amilia,1
1540=,Amillia,1
1540=,Amilya,1
1540=,Amimma,1
1540=,Amiyah,1
1540=,Ammeera,1
1540=,Amreen,1
1540=,Amrita,1
1540=,Amritha,1
1540=,Amy-Lei,1
1540=,Amy-Louise,1
1540=,Amy-Michelle,1
1540=,Amy-Rose,1
1540=,Amyerra,1
1540=,Amylouise,1
1540=,Amyra,1
1540=,Ana-Veronica,1
1540=,Anabell,1
1540=,Anabella,1
1540=,Anabia,1
1540=,Anahira,1
1540=,Anaia,1
1540=,Anaisa,1
1540=,Anaiya,1
1540=,Analice,1
1540=,Analiese,1
1540=,Anamaria,1
1540=,Ananya,1
1540=,Anaum,1
1540=,Anayah,1
1540=,Andi-Louise,1
1540=,Aneeqa,1
1540=,Anesha,1
1540=,Angelica,1
1540=,Angie,1
1540=,Aniha,1
1540=,Anisa,1
1540=,Anisha,1
1540=,Anissa,1
1540=,Anja,1
1540=,Anjali,1
1540=,Ann,1
1540=,Anna-Lee,1
1540=,Anna-Maria,1
1540=,Anna-Marie,1
1540=,Anna-Sofia,1
1540=,Annabeth,1
1540=,Annaise,1
1540=,Annalease,1
1540=,Annalee,1
1540=,Annaleese,1
1540=,Annaleice,1
1540=,Annaleigh,1
1540=,Annalily,1
1540=,Annalyse,1
1540=,Annamarie,1
1540=,Annarosa,1
1540=,Annarose,1
1540=,Annastaziah,1
1540=,Annayah,1
1540=,Anne-Louise,1
1540=,Anneli,1
1540=,Anneliese,1
1540=,Annella,1
1540=,Anni,1
1540=,Annia,1
1540=,Annie-Jane,1
1540=,Anniejane,1
1540=,Annum,1
1540=,Anoop,1
1540=,Anorah,1
1540=,Anoushka,1
1540=,Anum,1
1540=,Anuoluwapojojo,1
1540=,Anuthy,1
1540=,Anwyn,1
1540=,Aoibheann,1
1540=,Aoibhi,1
1540=,Aoibhinn,1
1540=,Aoife-Marie,1
1540=,Apinya,1
1540=,Apolonia,1
1540=,Apphia,1
1540=,Aqiba,1
1540=,Aqsa-Fakhra,1
1540=,Arabelle,1
1540=,Araliya,1
1540=,Aralolaoluwa,1
1540=,Areeba,1
1540=,Areen,1
1540=,Ares,1
1540=,Arfh,1
1540=,Aria-Dee,1
1540=,Aria-Jai,1
1540=,Ariah,1
1540=,Arihanna,1
1540=,Arin,1
1540=,Arisha,1
1540=,Armani,1
1540=,Armannai,1
1540=,Armin,1
1540=,Armina,1
1540=,Aroha,1
1540=,Arooj,1
1540=,Arriah-Rose,1
1540=,Arrianna,1
1540=,Arrie,1
1540=,Arta,1
1540=,Artemis,1
1540=,Arvinjot,1
1540=,Arwyn,1
1540=,Aryana,1
1540=,Aryanna,1
1540=,Arywn,1
1540=,Asavira,1
1540=,Aseal,1
1540=,Aseel,1
1540=,Asenat,1
1540=,Asha,1
1540=,Asha-Kate,1
1540=,Ashima,1
1540=,Ashlea,1
1540=,Ashleen,1
1540=,Ashleigh-Jo,1
1540=,Ashleyann,1
1540=,Ashmeet,1
1540=,Ashpreet,1
1540=,Ashton,1
1540=,Asiah,1
1540=,Asmaa,1
1540=,Asra,1
1540=,Asten,1
1540=,Astin,1
1540=,Astor,1
1540=,Astryd,1
1540=,Atalyia,1
1540=,Athina,1
1540=,Atia,1
1540=,Atika,1
1540=,Atlanta-Blush,1
1540=,Aubin,1
1540=,Aubriana,1
1540=,Auria,1
1540=,Aurielle,1
1540=,Aurora-Lily,1
1540=,Aurore,1
1540=,Auryn,1
1540=,Austeja,1
1540=,Autumn-Lilly,1
1540=,Autumn-Skye,1
1540=,Ava-Catherine,1
1540=,Ava-Louisa,1
1540=,Ava-Louise,1
1540=,Ava-Mae,1
1540=,Ava-Mai,1
1540=,Ava-Marie,1
1540=,Ava-May,1
1540=,Ava-Victoria,1
1540=,Avah-Dannielle,1
1540=,Avah-Leigh,1
1540=,Avah-Louise,1
1540=,Avah-Rose,1
1540=,Avaleigh,1
1540=,Avalon,1
1540=,Avani,1
1540=,Avarose,1
1540=,Avdotya,1
1540=,Aven,1
1540=,Aviah,1
1540=,Avisha,1
1540=,Avneet,1
1540=,Avy,1
1540=,Aween,1
1540=,Ayaah,1
1540=,Ayanti,1
1540=,Ayaru,1
1540=,Ayeshah,1
1540=,Ayia,1
1540=,Ayishah,1
1540=,Ayla-Rose,1
1540=,Aylaa,1
1540=,Aylee,1
1540=,Aylin,1
1540=,Ayooluwa,1
1540=,Aysu,1
1540=,Ayva-Marie,1
1540=,Ayza,1
1540=,Azalea,1
1540=,Azealia,1
1540=,Azeez,1
1540=,Aziza,1
1540=,Azizah,1
1540=,Bailee,1
1540=,Baneet,1
1540=,Barrise,1
1540=,Basmah,1
1540=,Batul,1
1540=,Bay,1
1540=,Baylee,1
1540=,Bea,1
1540=,Bebe,1
1540=,Beca,1
1540=,Beibhinn,1
1540=,Beljot,1
1540=,Bella-J,1
1540=,Bella-Mae,1
1540=,Bella-Marie,1
1540=,Bella-Rose,1
1540=,Benish,1
1540=,Beritan-Lilli,1
1540=,Berry,1
1540=,Bessan,1
1540=,Bessie,1
1540=,Bethan-Rose,1
1540=,Bethanny,1
1540=,Bethany-Jane,1
1540=,Betheny,1
1540=,Beulahdayha,1
1540=,Bianka,1
1540=,Bibi,1
1540=,Biborka,1
1540=,Billie-J,1
1540=,Billie-Jo,1
1540=,Billie-Lee,1
1540=,Billie-Marie,1
1540=,Billiejo,1
1540=,Billy-Jo,1
1540=,Bintu,1
1540=,Bismah,1
1540=,Blaise,1
1540=,Blakely,1
1540=,Blanca,1
1540=,Blathnat,1
1540=,Blayke,1
1540=,Blu-Rayne,1
1540=,Blyth,1
1540=,Bo-Lilly,1
1540=,Bobbi-Jane,1
1540=,Bobbi-Jo,1
1540=,Bobbie,1
1540=,Bobby,1
1540=,Bodhi,1
1540=,Boglarka,1
1540=,Bonni,1
1540=,Bonnie-Leigh,1
1540=,Bonnie-Lou,1
1540=,Bonnie-Mae,1
1540=,Boo,1
1540=,Borka,1
1540=,Boshra,1
1540=,Bouchra,1
1540=,Boudicca,1
1540=,Brady,1
1540=,Braegha,1
1540=,Braelyn,1
1540=,Branna,1
1540=,Braya,1
1540=,Brea,1
1540=,Breann,1
1540=,Breeah,1
1540=,Breyanna,1
1540=,Bria,1
1540=,Briadhea-Lyn,1
1540=,Briana,1
1540=,Brianne,1
1540=,Brieanna,1
1540=,Briege,1
1540=,Brigita,1
1540=,Brogan-Lee,1
1540=,Broghan,1
1540=,Bronagh,1
1540=,Bronte,1
1540=,Bronwyn,1
1540=,Brooke-Jamie,1
1540=,Brooke-Love,1
1540=,Brooke-Marie,1
1540=,Brooklin,1
1540=,Brooklyne,1
1540=,Bryanie,1
1540=,Bryanna,1
1540=,Bryndis,1
1540=,Brynn,1
1540=,Bushra,1
1540=,C'eryn,1
1540=,Caci,1
1540=,Cadi-Li,1
1540=,Cadie-Leigh,1
1540=,Caelinn,1
1540=,Caggie,1
1540=,Cahra,1
1540=,Caia,1
1540=,Caidence,1
1540=,Caila,1
1540=,Cailah,1
1540=,Cailon,1
1540=,Cairo,1
1540=,Caisi,1
1540=,Caissi,1
1540=,Cait,1
1540=,Caitie,1
1540=,Caitlyn-Rose,1
1540=,Caitlynne,1
1540=,Caitrin-Clare,1
1540=,Caitriona,1
1540=,Cala,1
1540=,Caladh,1
1540=,Caleidih,1
1540=,Caley,1
1540=,Cali-May,1
1540=,Calie,1
1540=,Calista,1
1540=,Calla-Marie,1
1540=,Callah,1
1540=,Calle,1
1540=,Callen,1
1540=,Calley,1
1540=,Calley-Anne,1
1540=,Camden,1
1540=,Camila,1
1540=,Camilla-Belle,1
1540=,Cammie,1
1540=,Camron,1
1540=,Caoihme,1
1540=,Caoilainn,1
1540=,Caprice,1
1540=,Cara-Louise,1
1540=,Cara-Violet,1
1540=,Carah,1
1540=,Caralisa,1
1540=,Carey-Ann,1
1540=,Carissa,1
1540=,Carlee,1
1540=,Carlia,1
1540=,Carlin,1
1540=,Carly-Jane,1
1540=,Carma,1
1540=,Carmel,1
1540=,Carmella,1
1540=,Carmen-Leigh,1
1540=,Carmina,1
1540=,Carmyn,1
1540=,Carol-Anne,1
1540=,Carolina,1
1540=,Caron,1
1540=,Carowyn,1
1540=,Carra,1
1540=,Carrieanne,1
1540=,Carsyn-Rose,1
1540=,Carylann,1
1540=,Casey-Jay,1
1540=,Casey-Lee,1
1540=,Casey-Ray,1
1540=,Cassey,1
1540=,Cassi,1
1540=,Cassy,1
1540=,Cataleya,1
1540=,Catalia,1
1540=,Catalina,1
1540=,Catelynn,1
1540=,Catherine-Ann,1
1540=,Catherine-Rose,1
1540=,Cathy,1
1540=,Caydence,1
1540=,Cayha,1
1540=,Cayleen,1
1540=,Cayleigh,1
1540=,Cayley-Jade,1
1540=,Caylin,1
1540=,Caylyn,1
1540=,Ceana,1
1540=,Ceilidh,1
1540=,Ceira,1
1540=,Celena,1
1540=,Celina,1
1540=,Celine,1
1540=,Celise,1
1540=,Celtsy,1
1540=,Cemre,1
1540=,Ceriah,1
1540=,Ceylan,1
1540=,Chae,1
1540=,Chaice,1
1540=,Chaniece,1
1540=,Channing-Lee,1
1540=,Chardonnay,1
1540=,Charity,1
1540=,Charlay,1
1540=,Charleigh,1
1540=,Charlene,1
1540=,Charlie-Ann,1
1540=,Charlie-Anne,1
1540=,Charlie-Jade,1
1540=,Charlie-Leigh,1
1540=,Charlii,1
1540=,Charlotte-Ann,1
1540=,Charlotte-Clare,1
1540=,Charlotte-Rose,1
1540=,Che,1
1540=,Chekwubenna,1
1540=,Chelsea-Lee,1
1540=,Chelsi,1
1540=,Chelsy,1
1540=,Chene,1
1540=,Cherry-Blossom,1
1540=,Cherysse,1
1540=,Cheyanne,1
1540=,Cheyene,1
1540=,Chiamaka,1
1540=,Chikamma,1
1540=,Chikenumkeka,1
1540=,Chikezirim,1
1540=,Chimamanda,1
1540=,Chinenye,1
1540=,Chinplangnan,1
1540=,Chirsty,1
1540=,Chizaram,1
1540=,Chloe-Aime,1
1540=,Chloe-Ann,1
1540=,Chloe-Louise,1
1540=,Christiana,1
1540=,Christy,1
1540=,Chrystal,1
1540=,Chrystel,1
1540=,Chuk,1
1540=,Chukwudumebi,1
1540=,Chukwuemelia,1
1540=,Chukwumbana,1
1540=,Chukwumenime,1
1540=,Chulai,1
1540=,Cicely,1
1540=,Cici,1
1540=,Cienna,1
1540=,Cierra,1
1540=,Cinders,1
1540=,Cindy,1
1540=,Cissy,1
1540=,Clarissa,1
1540=,Clemence,1
1540=,Clementine,1
1540=,Cliona,1
1540=,Clodagh,1
1540=,Cloe,1
1540=,Clova,1
1540=,Coast,1
1540=,Cobhyn,1
1540=,Coco-Wren,1
1540=,Codie-Mya,1
1540=,Codyleigh,1
1540=,Coire,1
1540=,Colleen,1
1540=,Collette,1
1540=,Connie-Agnes,1
1540=,Consuela,1
1540=,Cora-Rose,1
1540=,Coragh,1
1540=,Corale,1
1540=,Coralee,1
1540=,Coralie,1
1540=,Corina,1
1540=,Corinn,1
1540=,Corinne,1
1540=,Cornelia,1
1540=,Corryn,1
1540=,Courtney-Lee,1
1540=,Crimson,1
1540=,Crista,1
1540=,Cristina,1
1540=,Cruize,1
1540=,Cynara,1
1540=,Czeslawa,1
1540=,D'arci,1
1540=,D'arcie,1
1540=,D'lana,1
1540=,Daaniya,1
1540=,Dagmara,1
1540=,Daisi,1
1540=,Daisy-Anna,1
1540=,Daisy-Lee,1
1540=,Daisy-May,1
1540=,Damaris,1
1540=,Damla,1
1540=,Danai,1
1540=,Dandy,1
1540=,Danea,1
1540=,Danela,1
1540=,Danh,1
1540=,Dani-Erin,1
1540=,Dani-Lei,1
1540=,Dania,1
1540=,Daniela,1
1540=,Daniele,1
1540=,Daniyah,1
1540=,Dannielle,1
1540=,Dannii,1
1540=,Dara,1
1540=,Darah,1
1540=,Darby,1
1540=,Darcee,1
1540=,Darcey-Mae,1
1540=,Darcie-Bella,1
1540=,Darcy-Louise,1
1540=,Daria,1
1540=,Darla,1
1540=,Darlie,1
1540=,Darracha,1
1540=,Darragh,1
1540=,Darrah,1
1540=,Darya,1
1540=,Daryl,1
1540=,Davina,1
1540=,Davinah,1
1540=,Daya,1
1540=,Dayangku,1
1540=,Dayle,1
1540=,Dea,1
1540=,Deanna,1
1540=,Debora,1
1540=,Deedee,1
1540=,Deena,1
1540=,Degmo,1
1540=,Deimante,1
1540=,Delehla,1
1540=,Delia,1
1540=,Delila,1
1540=,Della,1
1540=,Delphi,1
1540=,Delphine,1
1540=,Demi-Marie,1
1540=,Demi-May,1
1540=,Demi-Rose,1
1540=,Demileigh,1
1540=,Demmi-Leigh,1
1540=,Dempsey,1
1540=,Denise,1
1540=,Denver,1
1540=,Derry,1
1540=,Dervla,1
1540=,Deryn,1
1540=,Deshwana,1
1540=,Desirai,1
1540=,Destiney,1
1540=,Destyni,1
1540=,Devan,1
1540=,Deven,1
1540=,Devin,1
1540=,Dezstany-Rose,1
1540=,Dharci,1
1540=,Dhruvi,1
1540=,Dianabasi,1
1540=,Diane,1
1540=,Dianne,1
1540=,Diara,1
1540=,Dilan,1
1540=,Dilar,1
1540=,Dillon,1
1540=,Dinuli,1
1540=,Dion,1
1540=,Divine,1
1540=,Divinefavour,1
1540=,Divjot,1
1540=,Divya,1
1540=,Divyata,1
1540=,Diyaa,1
1540=,Dominica,1
1540=,Dominika,1
1540=,Dorina,1
1540=,Dorka,1
1540=,Dorothea,1
1540=,Duaa,1
1540=,Dulcie,1
1540=,Duygu,1
1540=,Dvithi,1
1540=,Dyma,1
1540=,Eamie,1
1540=,Eavan,1
1540=,Ebonnie,1
1540=,Ebunoluwa,1
1540=,Eden-Harlow,1
1540=,Edidiong,1
1540=,Edlin,1
1540=,Edyth,1
1540=,Eesha,1
1540=,Eevie,1
1540=,Effy,1
1540=,Ehrinn,1
1540=,Eibhlin,1
1540=,Eilah,1
1540=,Eileen,1
1540=,Eileidh,1
1540=,Eilidhmay,1
1540=,Eilis,1
1540=,Eily,1
1540=,Eimaan,1
1540=,Eimilie,1
1540=,Eirann,1
1540=,Eire-Martina,1
1540=,Eirika,1
1540=,Eirlys,1
1540=,Eirys,1
1540=,Eithne,1
1540=,Ejiro,1
1540=,Elara,1
1540=,Elaydah,1
1540=,Elda,1
1540=,Eleah,1
1540=,Eleanor-Rose,1
1540=,Eleeza,1
1540=,Elektra,1
1540=,Eleri,1
1540=,Elesiya,1
1540=,Eleyeen,1
1540=,Eleyna,1
1540=,Eliahs-Brooke,1
1540=,Eliana-Lucia,1
1540=,Eliessia,1
1540=,Eliette,1
1540=,Elif,1
1540=,Elisha,1
1540=,Elisse,1
1540=,Eliza-Mae,1
1540=,Elizabet,1
1540=,Elizabete,1
1540=,Elizabeth-Alice,1
1540=,Elizabeth-Jane,1
1540=,Elizah,1
1540=,Ella-Grace,1
1540=,Ella-Jae,1
1540=,Ellah,1
1540=,Ellana,1
1540=,Ellarose,1
1540=,Ellaura,1
1540=,Elle-Louise,1
1540=,Elle-Mae,1
1540=,Ellea,1
1540=,Ellee,1
1540=,Ellemaie,1
1540=,Ellenor,1
1540=,Ellia,1
1540=,Elliah,1
1540=,Ellianna,1
1540=,Ellie-Ann,1
1540=,Ellie-Beau,1
1540=,Ellie-Diane,1
1540=,Ellie-Jay,1
1540=,Ellie-Leigh,1
1540=,Ellie-Rose,1
1540=,Ellierose,1
1540=,Ellin,1
1540=,Elliott,1
1540=,Ellis-J,1
1540=,Ellis-Mae,1
1540=,Ellise,1
1540=,Ellison,1
1540=,Elma,1
1540=,Elmas,1
1540=,Eloane,1
1540=,Eloisa,1
1540=,Elowen,1
1540=,Elsbeth,1
1540=,Else,1
1540=,Elsie-Mae,1
1540=,Elsie-Mai,1
1540=,Elsie-Rose,1
1540=,Elvie,1
1540=,Elvin,1
1540=,Elysa,1
1540=,Elysse,1
1540=,Elyssia,1
1540=,Elza,1
1540=,Elze,1
1540=,Emaan,1
1540=,Emalia,1
1540=,Emalie,1
1540=,Eman,1
1540=,Emanoela,1
1540=,Ember,1
1540=,Emel,1
1540=,Emeli-Joy,1
1540=,Emelia-Rose,1
1540=,Emelie,1
1540=,Emeline,1
1540=,Emellia,1
1540=,Emellie,1
1540=,Emi,1
1540=,Emidy,1
1540=,Emika,1
1540=,Emilee,1
1540=,Emilia-Jean,1
1540=,Emilia-Rose,1
1540=,Emilie-Grace,1
1540=,Emilie-Rose,1
1540=,Emilka,1
1540=,Emilly,1
1540=,Emily-Ann,1
1540=,Emily-Grace,1
1540=,Emily-Jane,1
1540=,Emily-Jo,1
1540=,Emily-Nora,1
1540=,Emina,1
1540=,Emisha,1
1540=,Emma-Ann,1
1540=,Emma-Grace,1
1540=,Emma-Kathryn,1
1540=,Emma-Leigh,1
1540=,Emma-Louise,1
1540=,Emmalouise,1
1540=,Emman,1
1540=,Emmanuella,1
1540=,Emmanuelle,1
1540=,Emmelina,1
1540=,Emmi-Leah,1
1540=,Emmy-Rose,1
1540=,Emmylou,1
1540=,En,1
1540=,Enas,1
1540=,Enida,1
1540=,Enola-Jo,1
1540=,Entissar,1
1540=,Eowyn,1
1540=,Erin-Leigh,1
1540=,Erin-Louise,1
1540=,Erin-Rose,1
1540=,Erinn,1
1540=,Eriska,1
1540=,Eronmwon,1
1540=,Erryn,1
1540=,Erynne,1
1540=,Esha,1
1540=,Eshita,1
1540=,Eshma,1
1540=,Esie,1
1540=,Esma,1
1540=,Esmae,1
1540=,Estella,1
1540=,Esther-Joy,1
1540=,Esti,1
1540=,Eswen,1
1540=,Etain,1
1540=,Etta,1
1540=,Eunice,1
1540=,Euodia,1
1540=,Euphemia,1
1540=,Eva-J,1
1540=,Eva-Lillie,1
1540=,Eva-Louise,1
1540=,Eva-Mae,1
1540=,Evaa,1
1540=,Evah,1
1540=,Evah-Rose,1
1540=,Evan,1
1540=,Evangelene,1
1540=,Evannah,1
1540=,Evanne,1
1540=,Evea-Quinn,1
1540=,Evelina,1
1540=,Evelynn,1
1540=,Evey,1
1540=,Eviana,1
1540=,Evie-Eliana,1
1540=,Evie-May,1
1540=,Evielynne,1
1540=,Evony,1
1540=,Ewere,1
1540=,Ezmai,1
1540=,Faha,1
1540=,Faith-Anne,1
1540=,Faith-Marie,1
1540=,Faithe,1
1540=,Faiza,1
1540=,Faizah,1
1540=,Fajar,1
1540=,Falisha,1
1540=,Fara,1
1540=,Faraid,1
1540=,Faraja,1
1540=,Fareedah,1
1540=,Fareeha,1
1540=,Farell,1
1540=,Faridah,1
1540=,Farmaan,1
1540=,Farrin,1
1540=,Faryal,1
1540=,Fathmah,1
1540=,Fatma,1
1540=,Fay,1
1540=,Faya,1
1540=,Fayha,1
1540=,Fayth,1
1540=,February-Rose,1
1540=,Feechi,1
1540=,Fei,1
1540=,Feleena,1
1540=,Fernie,1
1540=,Ffion,1
1540=,Fiadh,1
1540=,Finlay,1
1540=,Finna,1
1540=,Finty,1
1540=,Fionnuala,1
1540=,Firinnthalmhainn,1
1540=,Fizza,1
1540=,Fizzah,1
1540=,Flavia,1
1540=,Fleur,1
1540=,Flo,1
1540=,Florencia,1
1540=,Fortune,1
1540=,Franca,1
1540=,Francine,1
1540=,Francisca,1
1540=,Fraya-Anne,1
1540=,Frayia,1
1540=,Freda,1
1540=,Frederica,1
1540=,Frederika,1
1540=,Freya-Grace,1
1540=,Freya-Rose,1
1540=,Freyah,1
1540=,Freyha,1
1540=,Freyia,1
1540=,Funmilola,1
1540=,Gabrysia,1
1540=,Gaiah,1
1540=,Gaiwalin,1
1540=,Gaja,1
1540=,Gauri,1
1540=,Gem-Ruth,1
1540=,Genelia,1
1540=,Geneva,1
1540=,Geordin,1
1540=,Georgi,1
1540=,Georgy,1
1540=,Ghara,1
1540=,Ghianna,1
1540=,Giana,1
1540=,Gillian,1
1540=,Gira,1
1540=,Giullia,1
1540=,Gloria,1
1540=,Goda,1
1540=,Gonul,1
1540=,Gowri,1
1540=,Grace-J,1
1540=,Grace-Louise,1
1540=,Gracey,1
1540=,Gracie-Lou,1
1540=,Gracie-May,1
1540=,Gracie-Ray,1
1540=,Gracieleigh,1
1540=,Gracyn,1
1540=,Grainne,1
1540=,Graycen,1
1540=,Guan,1
1540=,Guepey-Shayuma,1
1540=,Guiliana,1
1540=,Gulshan,1
1540=,Gunjan,1
1540=,Gurleen,1
1540=,Haadiya,1
1540=,Haafila,1
1540=,Haajar,1
1540=,Haania,1
1540=,Hadia,1
1540=,Hadiyaah,1
1540=,Hadiyah,1
1540=,Haeeda,1
1540=,Haidyn,1
1540=,Hailee,1
1540=,Haileigh,1
1540=,Hailie,1
1540=,Hailie-Jade,1
1540=,Haizea,1
1540=,Hajar,1
1540=,Hajarah,1
1540=,Hajra,1
1540=,Hajrah,1
1540=,Hala,1
1540=,Haley,1
1540=,Hali,1
1540=,Halie,1
1540=,Halijaide,1
1540=,Halima,1
1540=,Halina,1
1540=,Halle-Anne,1
1540=,Halle-Jade,1
1540=,Halle-Mia,1
1540=,Halley,1
1540=,Halliday,1
1540=,Hallie-Jane,1
1540=,Hallie-Jo,1
1540=,Hallie-May,1
1540=,Hamnah,1
1540=,Hanah,1
1540=,Hanalei,1
1540=,Haneefa,1
1540=,Haneen,1
1540=,Hanen,1
1540=,Haniah,1
1540=,Haniyah,1
1540=,Hannah-Jayne,1
1540=,Hanne,1
1540=,Hansika,1
1540=,Haris,1
1540=,Harleigh,1
1540=,Harley-Grace,1
1540=,Harley-Rose,1
1540=,Harley-Simone,1
1540=,Harlo,1
1540=,Harlyn,1
1540=,Harmindur,1
1540=,Harmony-Ellie,1
1540=,Harper-Lily,1
1540=,Harper-Rae,1
1540=,Harriette,1
1540=,Harsimar,1
1540=,Harsimran,1
1540=,Hart,1
1540=,Harveen,1
1540=,Harveer,1
1540=,Haryss,1
1540=,Hasya,1
1540=,Havana,1
1540=,Hayaat,1
1540=,Hayleigh-Jayde,1
1540=,Haylie,1
1540=,Heaven,1
1540=,Heba,1
1540=,Hedaya,1
1540=,Heena,1
1540=,Helayna,1
1540=,Helen-Louise,1
1540=,Hellena,1
1540=,Heloise,1
1540=,Hend,1
1540=,Henriette,1
1540=,Hester,1
1540=,Hettie,1
1540=,Hibah,1
1540=,Hibba,1
1540=,Hibbha,1
1540=,Hidayaah,1
1540=,Hidayah,1
1540=,Hirrah,1
1540=,Hoi-Kei,1
1540=,Holley,1
1540=,Hollie-Eve,1
1540=,Hollie-Jane,1
1540=,Hollie-May,1
1540=,Hollilouise,1
1540=,Holly-Jane,1
1540=,Holly-May,1
1540=,Holly-Rose,1
1540=,Hoor,1
1540=,Hooria,1
1540=,Hoorya,1
1540=,Hosanna,1
1540=,Hrileena,1
1540=,Huda,1
1540=,Humairah,1
1540=,Humaya,1
1540=,Hunter,1
1540=,Ibhidh,1
1540=,Ibinye,1
1540=,Ida-Rose,1
1540=,Ife-Oluwa,1
1540=,Ifeoluwakiisha,1
1540=,Ifeoma,1
1540=,Ifeyinwa,1
1540=,Ifrah,1
1540=,Iiona,1
1540=,Iklim,1
1540=,Ila,1
1540=,Ilakkiya,1
1540=,Ilaria,1
1540=,Ilisha,1
1540=,Ilsebeau,1
1540=,Ilyssa,1
1540=,Iman-Zoya,1
1540=,Imane-Lor,1
1540=,Imani,1
1540=,Imisioluwa,1
1540=,Imtihal,1
1540=,Ina,1
1540=,Inaayah,1
1540=,Inaiyah,1
1540=,Inana,1
1540=,Inara,1
1540=,Indae,1
1540=,Indeigh,1
1540=,India-Rachel,1
1540=,Indiah,1
1540=,Indie-Rose,1
1540=,Indira,1
1540=,Inez,1
1540=,Innes,1
1540=,Innis,1
1540=,Insiyah,1
1540=,Ioanna,1
1540=,Ionie,1
1540=,Ipshita,1
1540=,Ira,1
1540=,Irah,1
1540=,Ireoluwa,1
1540=,Iria,1
1540=,Irruj,1
1540=,Isabella-Mae,1
1540=,Isabella-Rose,1
1540=,Isavela,1
1540=,Ishanvi,1
1540=,Ishati,1
1540=,Ishi,1
1540=,Isla-Grace,1
1540=,Isla-Mae,1
1540=,Isla-May,1
1540=,Islaa,1
1540=,Isley,1
1540=,Ismah,1
1540=,Isobelle,1
1540=,Isyla,1
1540=,Ivara,1
1540=,Ivarei,1
1540=,Ivie,1
1540=,Ivy-May,1
1540=,Iyinoluwa,1
1540=,Izabel,1
1540=,Izabelle,1
1540=,Iziengbe,1
1540=,Izza,1
1540=,Izzah,1
1540=,Izzy-Mae,1
1540=,Jacey,1
1540=,Jacksyn,1
1540=,Jade-Lilly,1
1540=,Jagatraya,1
1540=,Jagdeep,1
1540=,Jagoda-Ewa,1
1540=,Jahanavi,1
1540=,Jaida,1
1540=,Jaidyn,1
1540=,Jailyn,1
1540=,Jaime-Lea,1
1540=,Jaimee,1
1540=,Jaisleen,1
1540=,Jameela,1
1540=,Janaiyah,1
1540=,Janell,1
1540=,Janet,1
1540=,Japleen,1
1540=,Jardine,1
1540=,Jasmina,1
1540=,Jasmine-Rose,1
1540=,Jasmyn,1
1540=,Jasveer,1
1540=,Jaxyn,1
1540=,Jay,1
1540=,Jayah,1
1540=,Jayde-Louise,1
1540=,Jaymee-Leigh,1
1540=,Jaymie,1
1540=,Jaymie-Marie,1
1540=,Jazzlyn-Mari,1
1540=,Jeanne,1
1540=,Jeannie,1
1540=,Jeeda,1
1540=,Jenell,1
1540=,Jennel,1
1540=,Jenni,1
1540=,Jeorgia,1
1540=,Jervilyn,1
1540=,Jesica,1
1540=,Jess-Jae,1
1540=,Jesse,1
1540=,Jessekah,1
1540=,Jessica-Ann,1
1540=,Jessica-Lee,1
1540=,Jessicalouise,1
1540=,Jessika-Lilly,1
1540=,Jessy,1
1540=,Jett,1
1540=,Jharana,1
1540=,Jiayan,1
1540=,Jill,1
1540=,Jimena,1
1540=,Jingyi,1
1540=,Jinita,1
1540=,Jivil,1
1540=,Jiyana,1
1540=,Joana,1
1540=,Joann,1
1540=,Joannie,1
1540=,Jodi-Mae,1
1540=,Jodie-Lee,1
1540=,Joella,1
1540=,Joelly,1
1540=,Joesy,1
1540=,Johanna,1
1540=,Joie,1
1540=,Jolene,1
1540=,Joli,1
1540=,Jood,1
1540=,Jorcina,1
1540=,Jordan,1
1540=,Jorjie-Dawne,1
1540=,Josee,1
1540=,Josi,1
1540=,Josianne,1
1540=,Joslin,1
1540=,Josslyn,1
1540=,Joud,1
1540=,Jovanna,1
1540=,Jubi,1
1540=,Judith,1
1540=,Judy,1
1540=,Jules,1
1540=,Julie,1
1540=,Julie-Anne,1
1540=,Julieta,1
1540=,Julika,1
1540=,June,1
1540=,Juniper,1
1540=,Justyna,1
1540=,Juvanta,1
1540=,Kacee,1
1540=,Kacey-Lee,1
1540=,Kaceyleigh,1
1540=,Kaci-Jo,1
1540=,Kacie-Leigh,1
1540=,Kacy,1
1540=,Kadee-Rose,1
1540=,Kadey,1
1540=,Kadi-Lei,1
1540=,Kadia,1
1540=,Kaede,1
1540=,Kaedence,1
1540=,Kaela-Rae,1
1540=,Kaeli,1
1540=,Kahdeja,1
1540=,Kaheen,1
1540=,Kahlen,1
1540=,Kahlie,1
1540=,Kaicy-Lee,1
1540=,Kaidee,1
1540=,Kaiden,1
1540=,Kaidey,1
1540=,Kaighla,1
1540=,Kaihlan,1
1540=,Kailin,1
1540=,Kailynn,1
1540=,Kainat,1
1540=,Kairah-Lily,1
1540=,Kairi,1
1540=,Kaisey-Simonne,1
1540=,Kaiti,1
1540=,Kaiya-Bella,1
1540=,Kalea,1
1540=,Kaleesi,1
1540=,Kaleia,1
1540=,Kaleigh,1
1540=,Kali-Ann,1
1540=,Kali-Anne,1
1540=,Kaliyah,1
1540=,Kalle,1
1540=,Kallye,1
1540=,Kalyia,1
1540=,Kambinachi,1
1540=,Kame,1
1540=,Kameela,1
1540=,Kami,1
1540=,Kamila,1
1540=,Kamilla,1
1540=,Kana,1
1540=,Kanchan,1
1540=,Kandace,1
1540=,Kara-Louise,1
1540=,Karaleigh,1
1540=,Karcey,1
1540=,Karcyn,1
1540=,Karima,1
1540=,Karina-Louise,1
1540=,Karis-Marie,1
1540=,Kariss,1
1540=,Karissa,1
1540=,Karissa-Hope,1
1540=,Karista,1
1540=,Karla-Louise,1
1540=,Karlea,1
1540=,Karleigh,1
1540=,Karley-Jo,1
1540=,Karlidh,1
1540=,Karman,1
1540=,Karragh,1
1540=,Karrah,1
1540=,Karson,1
1540=,Karyce,1
1540=,Kashia,1
1540=,Kasia,1
1540=,Kassia,1
1540=,Kassy,1
1540=,Katarzyna,1
1540=,Kate-Lynn,1
1540=,Katee,1
1540=,Katelin,1
1540=,Katelynn,1
1540=,Katerina,1
1540=,Katey,1
1540=,Katharina,1
1540=,Katheryn,1
1540=,Katie-Ann,1
1540=,Katie-Jo,1
1540=,Katie-Marie,1
1540=,Katla,1
1540=,Katy-Anne,1
1540=,Katy-Joanne,1
1540=,Katya,1
1540=,Kaura,1
1540=,Kavya,1
1540=,Kay,1
1540=,Kaya-Leigh,1
1540=,Kayah,1
1540=,Kaycay,1
1540=,Kaycie-Leigh,1
1540=,Kayde-Lee,1
1540=,Kaydeigh,1
1540=,Kaydence,1
1540=,Kaydi,1
1540=,Kaye,1
1540=,Kayla-Jane,1
1540=,Kayla-Leigh,1
1540=,Kayla-Lilly,1
1540=,Kayla-Louise,1
1540=,Kayla-Mae,1
1540=,Kayla-May,1
1540=,Kayleagh,1
1540=,Kayleigh-Elisha,1
1540=,Kayleigh-Rose,1
1540=,Kaylen,1
1540=,Kayli,1
1540=,Kaylie,1
1540=,Kaylla,1
1540=,Kaylyne,1
1540=,Kaysie,1
1540=,Kayti,1
1540=,Kaytlyn,1
1540=,Kazia,1
1540=,Keaghan,1
1540=,Keah,1
1540=,Keanna,1
1540=,Keanu,1
1540=,Keava,1
1540=,Keavey-Jo,1
1540=,Keavi-Lei,1
1540=,Keavie,1
1540=,Keavni,1
1540=,Keavy,1
1540=,Keedie,1
1540=,Keela,1
1540=,Keeli,1
1540=,Keellieh,1
1540=,Keeva-Rose,1
1540=,Keevah,1
1540=,Keianah-Leigh,1
1540=,Keira-Leigh,1
1540=,Keirah,1
1540=,Keirra,1
1540=,Keisha,1
1540=,Kelcey,1
1540=,Kelci-Leigh,1
1540=,Kelis-Levi,1
1540=,Kelise,1
1540=,Kelsea,1
1540=,Kelsea-Lee,1
1540=,Kelsey-Leigh,1
1540=,Kelseyy,1
1540=,Kelsi-Leigh,1
1540=,Kelsi-Rose,1
1540=,Kelsie-Ann,1
1540=,Kelsieann,1
1540=,Kemilola,1
1540=,Kemmi,1
1540=,Kenda,1
1540=,Kendal-Leigh,1
1540=,Kendell,1
1540=,Kendi,1
1540=,Kenechukwu,1
1540=,Kenlii,1
1540=,Kennadie,1
1540=,Kennedi,1
1540=,Kensie,1
1540=,Kenya,1
1540=,Kenzee-Leigh,1
1540=,Kenzie-Lea,1
1540=,Kenzie-Mae,1
1540=,Keren,1
1540=,Keren-Grace,1
1540=,Keri,1
1540=,Keris,1
1540=,Kerren,1
1540=,Kerri,1
1540=,Kerrigan,1
1540=,Kerryann,1
1540=,Kerryn,1
1540=,Keva,1
1540=,Keyrah,1
1540=,Kezia,1
1540=,Keziah,1
1540=,Khadeejah,1
1540=,Khadijatou,1
1540=,Khairat,1
1540=,Khalea,1
1540=,Khatra,1
1540=,Khencee-Leigh,1
1540=,Khianna,1
1540=,Khloe-Anne,1
1540=,Khloe-Michelle,1
1540=,Khloie,1
1540=,Khorin,1
1540=,Khristiane,1
1540=,Khush,1
1540=,Kia,1
1540=,Kiara-Leigh,1
1540=,Kiara-Rae,1
1540=,Kiaya,1
1540=,Kierley,1
1540=,Kihana,1
1540=,Kiki,1
1540=,Kimberleigh,1
1540=,Kimran,1
1540=,Kincso,1
1540=,Kinza,1
1540=,Kinzara,1
1540=,Kinzie,1
1540=,Kiona,1
1540=,Kirstyleigh,1
1540=,Kisa,1
1540=,Kitija,1
1540=,Kiya-May,1
1540=,Kjera,1
1540=,Kleio,1
1540=,Kleo-Drew,1
1540=,Kloe,1
1540=,Kneema,1
1540=,Kofoworola,1
1540=,Kolbey,1
1540=,Kooper,1
1540=,Kora,1
1540=,Kosisochukwu,1
1540=,Kourtni,1
1540=,Kreena,1
1540=,Krina,1
1540=,Krishna,1
1540=,Krishnendu,1
1540=,Krista,1
1540=,Kristi,1
1540=,Kristiana,1
1540=,Kristie,1
1540=,Kristin,1
1540=,Krivi,1
1540=,Kruiz-Leigh,1
1540=,Krysten,1
1540=,Krystina,1
1540=,Ksenia,1
1540=,Ksenija,1
1540=,Kulveer,1
1540=,Kyeann,1
1540=,Kyla-Jane,1
1540=,Kylie,1
1540=,Kyra-Leigh,1
1540=,Kyra-Marie,1
1540=,Kyraa,1
1540=,Lacee,1
1540=,Lacey-Lee,1
1540=,Lacey-Mai,1
1540=,Laceyleigh,1
1540=,Laceymai,1
1540=,Lachezara,1
1540=,Laci-Star,1
1540=,Lacie-Leigh,1
1540=,Lacie-Mae,1
1540=,Lacie-May,1
1540=,Lacii,1
1540=,Laela,1
1540=,Laighton,1
1540=,Laila-Iman,1
1540=,Lailabelle,1
1540=,Lailah-Mae,1
1540=,Lailah-Rose,1
1540=,Laima,1
1540=,Laina,1
1540=,Lainah,1
1540=,Lakshmi,1
1540=,Lamar,1
1540=,Lamya,1
1540=,Lana-Mai,1
1540=,Lani,1
1540=,Lannah,1
1540=,Lano,1
1540=,Lanxi,1
1540=,Larrah-Mai,1
1540=,Latisha,1
1540=,Lauma,1
1540=,Laurene,1
1540=,Laurianne,1
1540=,Lawaiza,1
1540=,Lawren,1
1540=,Lawrencia,1
1540=,Lawson,1
1540=,Layah,1
1540=,Layce,1
1540=,Layci,1
1540=,Laycie,1
1540=,Layla-Beth,1
1540=,Layla-Jane,1
1540=,Layla-Mae,1
1540=,Layla-May,1
1540=,Layla-Rae,1
1540=,Layna,1
1540=,Leah-Mae,1
1540=,Leah-May,1
1540=,Leala,1
1540=,Leanna,1
1540=,Leiah,1
1540=,Leighann,1
1540=,Leighla,1
1540=,Leila-Grace,1
1540=,Leila-Rose,1
1540=,Leiyla,1
1540=,Lelie,1
1540=,Leo,1
1540=,Leomie,1
1540=,Leonor,1
1540=,Leticia,1
1540=,Letisha,1
1540=,Levi-Jayde,1
1540=,Lexci-Louise,1
1540=,Lexi-Amelia,1
1540=,Lexi-Jo,1
1540=,Lexi-Mae,1
1540=,Lexi-Rose,1
1540=,Lexie-Louise,1
1540=,Lexii-Mae,1
1540=,Lexxie,1
1540=,Leyah-Jay,1
1540=,Lhana,1
1540=,Lia-Mai,1
1540=,Lia-Rose,1
1540=,Lianne,1
1540=,Libbi,1
1540=,Liby,1
1540=,Lidia,1
1540=,Lidija,1
1540=,Liezl,1
1540=,Lihyla-Cole,1
1540=,Lila-May,1
1540=,Lilah,1
1540=,Lilave,1
1540=,Liliane,1
1540=,Lilianna,1
1540=,Lilja,1
1540=,Lillee-Rose,1
1540=,Lilley-Mai,1
1540=,Lilliana,1
1540=,Lillianne,1
1540=,Lillias,1
1540=,Lillibeth,1
1540=,Lillie-Ann,1
1540=,Lillie-Anna,1
1540=,Lillie-Kate,1
1540=,Lillie-Mae,1
1540=,Lillie-May,1
1540=,Lillie-Rose,1
1540=,Lillith,1
1540=,Lilly-Anna,1
1540=,Lilly-Brooke,1
1540=,Lilly-Elizabeth,1
1540=,Lilly-Ella,1
1540=,Lilly-Lynn,1
1540=,Lilly-Mai,1
1540=,Lilly-Marie,1
1540=,Lilly-Paige,1
1540=,Lilly-Rae,1
1540=,Lillyanna,1
1540=,Lillyannah,1
1540=,Lillymay,1
1540=,Lilwen,1
1540=,Lily-Amerie,1
1540=,Lily-Anya,1
1540=,Lily-Jane,1
1540=,Lily-Jayde,1
1540=,Lily-Kate,1
1540=,Lily-Louise,1
1540=,Lily-Mai,1
1540=,Lily-Marie,1
1540=,Lily-Star,1
1540=,Lilyanah,1
1540=,Lilyanne,1
1540=,Lilyeve,1
1540=,Lilymae,1
1540=,Lilymay,1
1540=,Lima,1
1540=,Linaya,1
1540=,Linda-May,1
1540=,Lindsay,1
1540=,Lindsey,1
1540=,Linnaea,1
1540=,Linzi,1
1540=,Lisa-Jane,1
1540=,Lisa-Linnea,1
1540=,Lisa-Marie,1
1540=,Lisette,1
1540=,Lita,1
1540=,Liviya,1
1540=,Livvia,1
1540=,Liya,1
1540=,Liyana,1
1540=,Lizabet,1
1540=,Llana,1
1540=,Lmar,1
1540=,Loden,1
1540=,Logan,1
1540=,Logann,1
1540=,Lojeen,1
1540=,Lola-Jane,1
1540=,Lola-Mae,1
1540=,Lola-Ray,1
1540=,Lolah,1
1540=,Lolita,1
1540=,Lona,1
1540=,Long,1
1540=,Loni,1
1540=,Loren,1
1540=,Loreta,1
1540=,Loretta,1
1540=,Lorna-Louise,1
1540=,Lorraine,1
1540=,Losana,1
1540=,Lotta,1
1540=,Lotte,1
1540=,Lotty,1
1540=,Louisa-Mai,1
1540=,Lourdes,1
1540=,Lowri,1
1540=,Lozan,1
1540=,Lubaina,1
1540=,Luca,1
1540=,Lucey,1
1540=,Luchia,1
1540=,Luci-Jane,1
1540=,Luciafrances,1
1540=,Lucianna,1
1540=,Lucie-Ann,1
1540=,Lucie-Jane,1
1540=,Lucie-Mai,1
1540=,Lucienna,1
1540=,Lucienne,1
1540=,Lucile,1
1540=,Lucrezia,1
1540=,Lucy-Ann,1
1540=,Lucy-Jane,1
1540=,Lucy-Jo,1
1540=,Lucy-Louise,1
1540=,Lucy-May,1
1540=,Luella,1
1540=,Luiza,1
1540=,Lujain,1
1540=,Lukisha,1
1540=,Luret,1
1540=,Lusiya,1
1540=,Lux,1
1540=,Lya,1
1540=,Lyarra,1
1540=,Lyila-Eve,1
1540=,Lyla-Grace,1
1540=,Lyli-Rose,1
1540=,Lyrrissa,1
1540=,Lyse,1
1540=,Lyssa,1
1540=,Maaria,1
1540=,Maariyah,1
1540=,Maayan,1
1540=,Mabel,1
1540=,Macey-Marie,1
1540=,Maci-Jo,1
1540=,Maci-Lee,1
1540=,Maci-Leigh,1
1540=,Macii,1
1540=,Mackynzi,1
1540=,Macy-Grace,1
1540=,Macy-Rose,1
1540=,Macyrae,1
1540=,Madalina,1
1540=,Madalyn,1
1540=,Maddi,1
1540=,Maddison-Bluebell,1
1540=,Madelyn,1
1540=,Madelynne,1
1540=,Madi,1
1540=,Madina,1
1540=,Madison-Leigh,1
1540=,Madisson,1
1540=,Maeci,1
1540=,Maegan,1
1540=,Mafaz,1
1540=,Magdalena,1
1540=,Magen,1
1540=,Maggie-Leigh,1
1540=,Magnolia,1
1540=,Mah,1
1540=,Maha,1
1540=,Mahanoor,1
1540=,Mahdi,1
1540=,Maheen,1
1540=,Mahek,1
1540=,Mahreen,1
1540=,Mahum,1
1540=,Mahveen,1
1540=,Maici,1
1540=,Maimoona,1
1540=,Maira,1
1540=,Mairi-Ella,1
1540=,Maisa,1
1540=,Maisee,1
1540=,Maisey-Leigh,1
1540=,Maisie-Jane,1
1540=,Maisie-Jay,1
1540=,Maisie-Lily,1
1540=,Maisie-Lou,1
1540=,Maisie-Marie,1
1540=,Maisie-Rose,1
1540=,Maisy-Leigh,1
1540=,Maizey,1
1540=,Maizi,1
1540=,Maizy-Jayne,1
1540=,Makatendeka,1
1540=,Makayla,1
1540=,Makayla-Jane,1
1540=,Makeesha,1
1540=,Makenna,1
1540=,Makenzie,1
1540=,Malana,1
1540=,Maleah-Lily,1
1540=,Malgorzata,1
1540=,Mali,1
1540=,Malikah,1
1540=,Malissa,1
1540=,Mallie,1
1540=,Malumbo,1
1540=,Mamie,1
1540=,Man,1
1540=,Manar,1
1540=,Mandy,1
1540=,Mansonia,1
1540=,Manvi,1
1540=,Marah,1
1540=,Marcai,1
1540=,Marcea,1
1540=,Marcella,1
1540=,Marcey,1
1540=,Mareesa,1
1540=,Margarita,1
1540=,Mari-Anne,1
1540=,Mariah,1
1540=,Mariann,1
1540=,Mariannah,1
1540=,Marianne,1
1540=,Marietta,1
1540=,Mariliva,1
1540=,Marilyn,1
1540=,Marisha,1
1540=,Marissa-Grace,1
1540=,Mariyum,1
1540=,Marlee,1
1540=,Marleyrose,1
1540=,Marli,1
1540=,Marloe,1
1540=,Marni,1
1540=,Marriyah,1
1540=,Marseille-Clair,1
1540=,Marsella,1
1540=,Martha-Mae,1
1540=,Martine,1
1540=,Marvaa,1
1540=,Marwa,1
1540=,Marwaah,1
1540=,Mary-Beth,1
1540=,Mary-Grace,1
1540=,Mary-Jane,1
1540=,Maryjane,1
1540=,Marysia,1
1540=,Marzia,1
1540=,Masie,1
1540=,Mathani,1
1540=,Mathea,1
1540=,Matilde,1
1540=,Maud,1
1540=,Maya-Grace,1
1540=,Mayada,1
1540=,Mayalen,1
1540=,Mayan,1
1540=,Mayar,1
1540=,Maycee,1
1540=,Mayia,1
1540=,Maylie,1
1540=,Mays,1
1540=,Maysa,1
1540=,Maysam,1
1540=,Maysie,1
1540=,Maysn,1
1540=,Mazie,1
1540=,Mckayla,1
1540=,Mckenna,1
1540=,Mckenzie-Lee,1
1540=,Mckinzie,1
1540=,Mea,1
1540=,Meaddow,1
1540=,Meagan,1
1540=,Meaghan,1
1540=,Meah,1
1540=,Mealla,1
1540=,Medina,1
1540=,Meera,1
1540=,Meerab,1
1540=,Megan-Ann,1
1540=,Megan-Rae,1
1540=,Meha,1
1540=,Mehek,1
1540=,Meher,1
1540=,Mehikdip,1
1540=,Mehreen,1
1540=,Meina,1
1540=,Meiquen,1
1540=,Meisha,1
1540=,Melania,1
1540=,Melia,1
1540=,Melina,1
1540=,Melinda,1
1540=,Melisa,1
1540=,Melisse,1
1540=,Mellissa,1
1540=,Melodi,1
1540=,Melody-Fair,1
1540=,Mercy,1
1540=,Meridha,1
1540=,Merieme,1
1540=,Meris,1
1540=,Meryl,1
1540=,Mesh,1
1540=,Meshkah,1
1540=,Messan,1
1540=,Mette,1
1540=,Mhairi-Jayne,1
1540=,Mhari,1
1540=,Mhurrin,1
1540=,Mia-Bella,1
1540=,Mia-Joyce,1
1540=,Mia-Lei,1
1540=,Mia-Leigh,1
1540=,Mia-Lilli,1
1540=,Mia-Lilly,1
1540=,Mia-Louise,1
1540=,Miah-Patricia,1
1540=,Miami,1
1540=,Miia,1
1540=,Mika,1
1540=,Mikaela,1
1540=,Mikah,1
1540=,Mikala,1
1540=,Mikella,1
1540=,Mila-Lily,1
1540=,Mila-Rose,1
1540=,Mileigh,1
1540=,Mileigh-Jai,1
1540=,Miley-Louise,1
1540=,Miley-Rose,1
1540=,Millah,1
1540=,Millay,1
1540=,Millie-Ann,1
1540=,Millie-Anne,1
1540=,Millie-Jane,1
1540=,Millie-Jo,1
1540=,Millie-Louise,1
1540=,Millie-Marie,1
1540=,Millie-May,1
1540=,Millie-Rose,1
1540=,Mily,1
1540=,Mimi,1
1540=,Mina,1
1540=,Minaa,1
1540=,Minaal,1
1540=,Minara,1
1540=,Mindruleana,1
1540=,Mingxi,1
1540=,Minnah,1
1540=,Minsa,1
1540=,Mirabel,1
1540=,Miracle,1
1540=,Miral,1
1540=,Miren,1
1540=,Mirran,1
1540=,Mirrim,1
1540=,Misha,1
1540=,Mishaal,1
1540=,Misk,1
1540=,Missi,1
1540=,Misty,1
1540=,Miya-Lilly,1
1540=,Miylah,1
1540=,Mlak,1
1540=,Mo,1
1540=,Modupeola,1
1540=,Moira,1
1540=,Mollie-Rose,1
1540=,Molly-Jo,1
1540=,Molly-Louise,1
1540=,Momina,1
1540=,Momoyo,1
1540=,Mona,1
1540=,Montana,1
1540=,Morena,1
1540=,Morgan-Leigh,1
1540=,Moriah,1
1540=,Moriyike,1
1540=,Morrigun,1
1540=,Moumna,1
1540=,Moyosoreoluwa,1
1540=,Mudiwa,1
1540=,Muir,1
1540=,Muireann,1
1540=,Mukti,1
1540=,Munazza,1
1540=,Muneeba,1
1540=,Muneebah,1
1540=,Muneesa,1
1540=,Muriel,1
1540=,Murin,1
1540=,Muskaan,1
1540=,Mussarrat,1
1540=,Muzan,1
1540=,Mya-Crystal,1
1540=,Mya-Grace,1
1540=,Mya-Jane,1
1540=,Mya-Lynn,1
1540=,Mya-Olivia,1
1540=,Myah-Leeann,1
1540=,Myar,1
1540=,Myhia,1
1540=,Myia,1
1540=,Mykah,1
1540=,Mykaila,1
1540=,Mykela,1
1540=,Myla-Ellis,1
1540=,Myla-Sofia,1
1540=,Mylaa,1
1540=,Mylah,1
1540=,Mylan,1
1540=,Myriam,1
1540=,Myrin,1
1540=,Myrtle,1
1540=,Mysha,1
1540=,Mysie,1
1540=,Nabeeha,1
1540=,Nadha,1
1540=,Nadiyah,1
1540=,Nadra,1
1540=,Nafisa,1
1540=,Naia,1
1540=,Naiara,1
1540=,Naioma,1
1540=,Naiomi,1
1540=,Naira,1
1540=,Nairn,1
1540=,Nairne,1
1540=,Naisha,1
1540=,Naiyah,1
1540=,Naja,1
1540=,Najah,1
1540=,Najma,1
1540=,Nakayla,1
1540=,Nakeita,1
1540=,Nala,1
1540=,Nalani,1
1540=,Nalin,1
1540=,Narayani,1
1540=,Nargis,1
1540=,Narin,1
1540=,Nasin,1
1540=,Nasreen,1
1540=,Nassima,1
1540=,Natali,1
1540=,Natalyia,1
1540=,Navadah,1
1540=,Navya,1
1540=,Nawal,1
1540=,Nawara,1
1540=,Nayara,1
1540=,Nayora,1
1540=,Naz,1
1540=,Nazdar,1
1540=,Nazli,1
1540=,Ndunamiwe,1
1540=,Neena,1
1540=,Nefeli,1
1540=,Neha,1
1540=,Neiva,1
1540=,Neive-Ella,1
1540=,Nelia,1
1540=,Nelin,1
1540=,Nella,1
1540=,Nelleke,1
1540=,Neriah,1
1540=,Nerissa,1
1540=,Nessie,1
1540=,Nesta,1
1540=,Neva,1
1540=,Nevah,1
1540=,Neveah,1
1540=,Ngatuundje,1
1540=,Nhiomae,1
1540=,Nichelle,1
1540=,Nichole,1
1540=,Nico,1
1540=,Nicolle,1
1540=,Niemi,1
1540=,Nihal,1
1540=,Nika,1
1540=,Nimrat,1
1540=,Ninaa,1
1540=,Ninah,1
1540=,Nir,1
1540=,Niree,1
1540=,Nishtha,1
1540=,Nivana,1
1540=,Niya,1
1540=,Nneka,1
1540=,Noa-Rose,1
1540=,Noelle,1
1540=,Noemi,1
1540=,Noor-Ul-Hudda,1
1540=,Noorulain,1
1540=,Noshaba,1
1540=,Nouf,1
1540=,Nourah,1
1540=,Nubia,1
1540=,Nukanda,1
1540=,Nula,1
1540=,Nur,1
1540=,Nuria,1
1540=,Nyara,1
1540=,Nyomi,1
1540=,Nyree,1
1540=,Nyrelle,1
1540=,Nzinga-Malaika,1
1540=,Ocean-Leigh,1
1540=,Ocean-Raine,1
1540=,Octavia,1
1540=,Odre,1
1540=,Oghenegaren,1
1540=,Oghenekobiruo,1
1540=,Oghenerukeuwe,1
1540=,Ogheneyoma,1
1540=,Oihane,1
1540=,Olaide,1
1540=,Olamide-Grace,1
1540=,Olivia-Lee,1
1540=,Olivia-Lily,1
1540=,Olivia-Mai,1
1540=,Olivia-Rose,1
1540=,Oliviah,1
1540=,Oliwja,1
1540=,Oludolapo,1
1540=,Oludwadarasimi,1
1540=,Olufunke,1
1540=,Olurounbi,1
1540=,Olutoni,1
1540=,Oluwadamisi,1
1540=,Oluwadarasimi,1
1540=,Oluwademilade,1
1540=,Oluwafolayinka,1
1540=,Oluwagbemisola,1
1540=,Oluwarantimi,1
1540=,Oluwashindara,1
1540=,Oluwatamilore,1
1540=,Oluwateniola,1
1540=,Oluwatofunmi,1
1540=,Oluwatomilola,1
1540=,Olyvia,1
1540=,Omama,1
1540=,Omiete,1
1540=,Omolade,1
1540=,Omolara,1
1540=,Ona,1
1540=,Onyinyechi,1
1540=,Orchid,1
1540=,Orelie,1
1540=,Oreoluwa,1
1540=,Oreva,1
1540=,Orfhlaith,1
1540=,Oriane,1
1540=,Orin,1
1540=,Orla-Jade,1
1540=,Orlay,1
1540=,Ornela,1
1540=,Osaro,1
1540=,Osarumwense-Umweni,1
1540=,Osasere,1
1540=,Oska,1
1540=,Otito,1
1540=,Ottilie,1
1540=,Oumou,1
1540=,Padmini,1
1540=,Pagan-Willow,1
1540=,Pahal,1
1540=,Paigan,1
1540=,Paighton,1
1540=,Paightyn,1
1540=,Paislay,1
1540=,Paisley,1
1540=,Paiton,1
1540=,Paityn,1
1540=,Palwasha,1
1540=,Parinitha,1
1540=,Parker,1
1540=,Parneev,1
1540=,Paru,1
1540=,Paton,1
1540=,Patrisia,1
1540=,Patti,1
1540=,Paula,1
1540=,Payge,1
1540=,Payton-Louise,1
1540=,Peehu,1
1540=,Peggy,1
1540=,Pei,1
1540=,Peighton,1
1540=,Peigi,1
1540=,Peniel,1
1540=,Perla,1
1540=,Persephone,1
1540=,Petra,1
1540=,Phoebe-Bo,1
1540=,Piper-Louise,1
1540=,Pixie-May,1
1540=,Pollyanna,1
1540=,Popie,1
1540=,Poppie-Jay,1
1540=,Poppy-Lee,1
1540=,Porscha,1
1540=,Posey,1
1540=,Prabhpreet,1
1540=,Prakruti,1
1540=,Prashannata,1
1540=,Preeya,1
1540=,Prerika,1
1540=,Presley,1
1540=,Pria,1
1540=,Prisha,1
1540=,Purdey,1
1540=,Qaireesya,1
1540=,Qian,1
1540=,Qirat,1
1540=,Qismah,1
1540=,Qiya,1
1540=,Queena,1
1540=,Quesne,1
1540=,Quinne,1
1540=,Quyn,1
1540=,Raabia,1
1540=,Rabani,1
1540=,Rabecka,1
1540=,Rachael-Anne,1
1540=,Racheal,1
1540=,Rachel-Mary,1
1540=,Radiya,1
1540=,Radvile,1
1540=,Raffif,1
1540=,Raghad,1
1540=,Raheemah,1
1540=,Rahf,1
1540=,Rahiana,1
1540=,Rahima,1
1540=,Rahma,1
1540=,Raigain,1
1540=,Raina,1
1540=,Rainha,1
1540=,Raja,1
1540=,Rania,1
1540=,Raniyaa,1
1540=,Ranya,1
1540=,Rasha,1
1540=,Rashin,1
1540=,Rattina,1
1540=,Ravyn,1
1540=,Rawan,1
1540=,Rayna,1
1540=,Razele,1
1540=,Rea,1
1540=,Reagan,1
1540=,Reagen,1
1540=,Rebbekah,1
1540=,Rebeckah,1
1540=,Rebekha,1
1540=,Reein,1
1540=,Reem,1
1540=,Reeve,1
1540=,Reez,1
1540=,Reezalyn,1
1540=,Reghan,1
1540=,Rehma,1
1540=,Rehmah,1
1540=,Reia,1
1540=,Reigan,1
1540=,Reilly,1
1540=,Reisha,1
1540=,Reiyaa,1
1540=,Remaz,1
1540=,Remi,1
1540=,Remoni,1
1540=,Remy,1
1540=,Rena,1
1540=,Renad,1
1540=,Renay,1
1540=,Rene,1
1540=,Renesmee,1
1540=,Renny,1
1540=,Reo,1
1540=,Resaiha,1
1540=,Reva,1
1540=,Rfal,1
1540=,Rhaya,1
1540=,Rhaymmie,1
1540=,Rhema,1
1540=,Rhenoa,1
1540=,Rhianna,1
1540=,Rhiannan,1
1540=,Rhua,1
1540=,Rhue,1
1540=,Rhya,1
1540=,Rhyley,1
1540=,Rian,1
1540=,Riana,1
1540=,Rianne,1
1540=,Riham,1
1540=,Rihanna-Brooke,1
1540=,Rihannon,1
1540=,Rii,1
1540=,Rikki-Leigh,1
1540=,Rina,1
1540=,Riona,1
1540=,Rishika,1
1540=,Risikat,1
1540=,Rita,1
1540=,Riva,1
1540=,River-Violet,1
1540=,Riyan,1
1540=,Rl-Junior,1
1540=,Robbie-Lee,1
1540=,Roberta,1
1540=,Robynlee,1
1540=,Rochelle,1
1540=,Rohan,1
1540=,Roise,1
1540=,Rojan,1
1540=,Romaine,1
1540=,Romaisa,1
1540=,Roman,1
1540=,Romena,1
1540=,Romera,1
1540=,Romey,1
1540=,Romi,1
1540=,Romi-Jay,1
1540=,Romi-Lee,1
1540=,Romy-Shey,1
1540=,Romysa,1
1540=,Ronja,1
1540=,Ronnie,1
1540=,Rosa-Amelie,1
1540=,Rosa-Amia,1
1540=,Rosa-Mariam,1
1540=,Rosalina,1
1540=,Rose-Angela,1
1540=,Rose-Marie,1
1540=,Roselyn,1
1540=,Rosemaria,1
1540=,Rosie-Anna,1
1540=,Rosigh,1
1540=,Rowaida,1
1540=,Rowann,1
1540=,Roxane,1
1540=,Roxanna,1
1540=,Roxi-Leigh,1
1540=,Roza,1
1540=,Rozerin,1
1540=,Rua-Carolyn,1
1540=,Ruadhan,1
1540=,Ruari,1
1540=,Rubia,1
1540=,Rubie,1
1540=,Ruby-Grace,1
1540=,Ruby-Jade,1
1540=,Ruby-Jo,1
1540=,Ruby-Leigh,1
1540=,Ruby-Lou,1
1540=,Ruby-Louise,1
1540=,Ruby-Marie,1
1540=,Ruby-May,1
1540=,Ruby-Rae,1
1540=,Ruby-Wren,1
1540=,Rubyn,1
1540=,Rudi,1
1540=,Rudi-Rae,1
1540=,Ruhab,1
1540=,Ruihan,1
1540=,Ruksana,1
1540=,Rumer,1
1540=,Rumeur,1
1540=,Runa,1
1540=,Ruo,1
1540=,Ruoxi,1
1540=,Ruqayayyah,1
1540=,Ruqayya,1
1540=,Ruqayyah,1
1540=,Rutab,1
1540=,Ruthie,1
1540=,Ruva,1
1540=,Ryah,1
1540=,Rylan-Grace,1
1540=,Ryli,1
1540=,Rylin,1
1540=,Saadiya,1
1540=,Saafiya,1
1540=,Saba,1
1540=,Sabah,1
1540=,Saberina,1
1540=,Sabina,1
1540=,Sabine,1
1540=,Sacha-Rose,1
1540=,Sadhbh,1
1540=,Sadia,1
1540=,Sadiya,1
1540=,Safaa,1
1540=,Saffi,1
1540=,Saffiyah,1
1540=,Safira,1
1540=,Safiye,1
1540=,Sagale,1
1540=,Sahasra,1
1540=,Sai,1
1540=,Saibah,1
1540=,Saima,1
1540=,Saimah,1
1540=,Sainabou,1
1540=,Sakina,1
1540=,Salina,1
1540=,Sally-Ann,1
1540=,Salome,1
1540=,Salve-Regina,1
1540=,Samaiyra,1
1540=,Saman,1
1540=,Samanvi,1
1540=,Samara,1
1540=,Samaria,1
1540=,Samawiyah,1
1540=,Samaya,1
1540=,Samira,1
1540=,Samm,1
1540=,Sammie,1
1540=,Sammie-Jo,1
1540=,Sammylea,1
1540=,Samniyojita,1
1540=,Samone,1
1540=,Samr,1
1540=,Samragy,1
1540=,Samrah,1
1540=,Samrudha,1
1540=,Samuela,1
1540=,Samyukatha,1
1540=,Samyuktha,1
1540=,Sana,1
1540=,Sanaya,1
1540=,Sandie,1
1540=,Saniya,1
1540=,Sanjana,1
1540=,Sanna,1
1540=,Saoirse-Marie,1
1540=,Saphire,1
1540=,Sapphira,1
1540=,Saraddha,1
1540=,Sarah-Ann,1
1540=,Saraleigh,1
1540=,Sarhina-Louise,1
1540=,Sari,1
1540=,Sarina,1
1540=,Sarisha,1
1540=,Savana,1
1540=,Savanna-Rose,1
1540=,Savannah-Ella,1
1540=,Savera,1
1540=,Sayan,1
1540=,Saz,1
1540=,Scarlett-Alise,1
1540=,Scotia,1
1540=,Seanie,1
1540=,Seanna,1
1540=,Sehajpreet,1
1540=,Seher,1
1540=,Sehr,1
1540=,Selma,1
1540=,Sena,1
1540=,Senate,1
1540=,Seona,1
1540=,Seonaid,1
1540=,Sephora,1
1540=,Seri,1
1540=,Serin,1
1540=,Serren,1
1540=,Sersha,1
1540=,Shaanya,1
1540=,Shaelyn,1
1540=,Shaina,1
1540=,Shakila,1
1540=,Shakilah,1
1540=,Shakira,1
1540=,Shakynah,1
1540=,Sham,1
1540=,Shana,1
1540=,Shanai,1
1540=,Shanaide,1
1540=,Shanelle,1
1540=,Shaniya,1
1540=,Shanna,1
1540=,Shannade,1
1540=,Shannah,1
1540=,Shanti,1
1540=,Sharina,1
1540=,Sharley,1
1540=,Sharyse,1
1540=,Shaundi,1
1540=,Shaunie,1
1540=,Shaunie-Ann,1
1540=,Shaunna,1
1540=,Shay,1
1540=,Shaye,1
1540=,Shayla,1
1540=,Shayne,1
1540=,Shayneece,1
1540=,Sheema,1
1540=,Sheikh,1
1540=,Shelley,1
1540=,Shenae,1
1540=,Sheridan,1
1540=,Sherlie,1
1540=,Shevaun,1
1540=,Shian,1
1540=,Shikha,1
1540=,Shiloh,1
1540=,Shinna,1
1540=,Shiyarini,1
1540=,Shloka,1
1540=,Shmoua,1
1540=,Shonnie,1
1540=,Shree,1
1540=,Shreena,1
1540=,Shreeya,1
1540=,Shu-Chi,1
1540=,Shuming,1
1540=,Shurii,1
1540=,Shyanna,1
1540=,Sia,1
1540=,Siaana,1
1540=,Siana,1
1540=,Sidney,1
1540=,Sienna-Rose,1
1540=,Sierra,1
1540=,Siga,1
1540=,Signe,1
1540=,Silan,1
1540=,Silas,1
1540=,Silvi,1
1540=,Silvia,1
1540=,Simarpreet,1
1540=,Simrit,1
1540=,Sinnead,1
1540=,Sintija,1
1540=,Siri,1
1540=,Siti,1
1540=,Siusaidh,1
1540=,Skaiste,1
1540=,Sky-Marceline,1
1540=,Skye-Lily,1
1540=,Skyla-Faith,1
1540=,Skyla-Louise,1
1540=,Skylar-Jayde,1
1540=,Skylarr,1
1540=,Sloan,1
1540=,Sloane,1
1540=,Smera,1
1540=,Smriti,1
1540=,Snya,1
1540=,Sobechukwu,1
1540=,Sofi,1
1540=,Sofiya,1
1540=,Sokhna,1
1540=,Solene,1
1540=,Somaya,1
1540=,Sometochukwu,1
1540=,Somtochukwu,1
1540=,Sonas,1
1540=,Sondos,1
1540=,Sonya,1
1540=,Sophia-Belle,1
1540=,Sophia-Mae,1
1540=,Sophia-May,1
1540=,Sophie-Ann,1
1540=,Sophie-Grace,1
1540=,Sophie-Jane,1
1540=,Sophie-Lee,1
1540=,Sophie-Lily,1
1540=,Sophie-Marie,1
1540=,Sophieann,1
1540=,Sophielynne,1
1540=,Sorrel,1
1540=,Soseipiriala,1
1540=,Soumya,1
1540=,Sri,1
1540=,Stacie,1
1540=,Stacy,1
1540=,Stalo,1
1540=,Starla,1
1540=,Starr,1
1540=,Starrie,1
1540=,Stefanie,1
1540=,Stevie-Leigh,1
1540=,Stuthi,1
1540=,Sufia,1
1540=,Suguna,1
1540=,Suhana,1
1540=,Sukayna,1
1540=,Sumaya,1
1540=,Sumayah,1
1540=,Sumeya,1
1540=,Sumeyye,1
1540=,Summar,1
1540=,Summer-Louise,1
1540=,Summer-Lyn,1
1540=,Summer-Lynn,1
1540=,Summer-Mai,1
1540=,Summer-Ray,1
1540=,Sunne,1
1540=,Sunnie,1
1540=,Suri,1
1540=,Susanna,1
1540=,Suttyn,1
1540=,Suzannah,1
1540=,Suzi,1
1540=,Suzie,1
1540=,Svanika,1
1540=,Swara,1
1540=,Swaranjali,1
1540=,Swetha,1
1540=,Sydoni,1
1540=,Sylva,1
1540=,Sylver,1
1540=,Sylviane,1
1540=,Sylwia,1
1540=,Synthia,1
1540=,Syona,1
1540=,Syrie,1
1540=,Tabasum,1
1540=,Taguen,1
1540=,Tahlia,1
1540=,Taiah,1
1540=,Taiel,1
1540=,Talan,1
1540=,Talasha,1
1540=,Talhia,1
1540=,Talicia,1
1540=,Talitha,1
1540=,Tallulah,1
1540=,Tallulah-Grace,1
1540=,Tallulah-Mo,1
1540=,Talyn,1
1540=,Tamahra,1
1540=,Tami,1
1540=,Tamia,1
1540=,Tamsyn,1
1540=,Tamzyn,1
1540=,Tanishi,1
1540=,Tanisi,1
1540=,Tanitoluwa,1
1540=,Tanvi,1
1540=,Tanzeel,1
1540=,Tapashya,1
1540=,Taqiyah,1
1540=,Tarandeep,1
1540=,Tariro,1
1540=,Tartil,1
1540=,Tasfia,1
1540=,Tasha,1
1540=,Tashia,1
1540=,Tasneema,1
1540=,Tatiana,1
1540=,Tatum,1
1540=,Tavia,1
1540=,Tayah,1
1540=,Tayanah,1
1540=,Tayba,1
1540=,Tayla,1
1540=,Taylah,1
1540=,Taylor-Ann,1
1540=,Taylor-Jo,1
1540=,Taylor-Rae,1
1540=,Taymer,1
1540=,Taytum,1
1540=,Tea,1
1540=,Teaha,1
1540=,Teeghan,1
1540=,Teghyn,1
1540=,Tehila,1
1540=,Tehya,1
1540=,Teigan-Leigh,1
1540=,Teighan,1
1540=,Teighla-Leigh,1
1540=,Temitoritse,1
1540=,Tempest,1
1540=,Tenesha,1
1540=,Terri,1
1540=,Tessie,1
1540=,Texas,1
1540=,Teya,1
1540=,Teyah,1
1540=,Teyana,1
1540=,Thea-Mae,1
1540=,Thia,1
1540=,Thistle,1
1540=,Thomasina,1
1540=,Tia-Louise,1
1540=,Tiahna,1
1540=,Tiamii,1
1540=,Tiannah,1
1540=,Tieghan,1
1540=,Tierna,1
1540=,Tifa,1
1540=,Tilley,1
1540=,Tilly-Fraya,1
1540=,Tinashe,1
1540=,Tinotendo,1
1540=,Tippi,1
1540=,Tishani,1
1540=,Titobiloluwa,1
1540=,Tiya,1
1540=,Tola,1
1540=,Toluwa,1
1540=,Tomasina,1
1540=,Toni-Leagh,1
1540=,Tori-Lee,1
1540=,Torri,1
1540=,Tove,1
1540=,Trexie,1
1540=,Trinom,1
1540=,Tsvakaishe,1
1540=,Tuba,1
1540=,Tulisa-Rose,1
1540=,Tulisha,1
1540=,Tulliza,1
1540=,Tunde,1
1540=,Tyla,1
1540=,Tyla-May,1
1540=,Tyne,1
1540=,Tyona,1
1540=,Ufuoma,1
1540=,Ugne,1
1540=,Umaeema,1
1540=,Umaira,1
1540=,Umaiza,1
1540=,Umaymah,1
1540=,Ume,1
1540=,Umm,1
1540=,Umme,1
1540=,Ummkulsoom,1
1540=,Ursula,1
1540=,Urszula,1
1540=,Ushna,1
1540=,Valencia,1
1540=,Valene,1
1540=,Valentyna,1
1540=,Valerie,1
1540=,Vanda,1
1540=,Vaneesa,1
1540=,Varrie,1
1540=,Vasilisa,1
1540=,Vayra,1
1540=,Veera,1
1540=,Vera,1
1540=,Vidushika,1
1540=,Vienna,1
1540=,Viktorija,1
1540=,Viona,1
1540=,Virginia,1
1540=,Virtue,1
1540=,Vittoria,1
1540=,Vona,1
1540=,Wahida,1
1540=,Wania,1
1540=,Wardah,1
1540=,Waseela,1
1540=,Weeam,1
1540=,Wegdan,1
1540=,Wendy,1
1540=,Weronica,1
1540=,Wessal,1
1540=,William,1
1540=,Willis,1
1540=,Willow-Rose,1
1540=,Wisara,1
1540=,Wissem,1
1540=,Wynter-Rose,1
1540=,Wyntrr,1
1540=,Xaria,1
1540=,Xarya,1
1540=,Xena-Roz,1
1540=,Xenia,1
1540=,Xi,1
1540=,Xiana,1
1540=,Xiao,1
1540=,Xiomara,1
1540=,Ya,1
1540=,Yael,1
1540=,Yajie,1
1540=,Yamundow,1
1540=,Yara,1
1540=,Yarley-Louise,1
1540=,Yasmeen,1
1540=,Yazminah,1
1540=,Yazmine-Lily,1
1540=,Yelena,1
1540=,Yelizaveta,1
1540=,Yixuan,1
1540=,Yo,1
1540=,Yolanda,1
1540=,Yousra,1
1540=,Yuanqing,1
1540=,Yuki,1
1540=,Yusra,1
1540=,Yvaine,1
1540=,Yvonne,1
1540=,Zaara,1
1540=,Zaaynah,1
1540=,Zadie,1
1540=,Zafina,1
1540=,Zahraa,1
1540=,Zahrah,1
1540=,Zaiba,1
1540=,Zainub,1
1540=,Zakia,1
1540=,Zakiyah,1
1540=,Zandisiwe,1
1540=,Zanentsikelelo,1
1540=,Zanetta,1
1540=,Zara-Leigh,1
1540=,Zara-Louise,1
1540=,Zareen,1
1540=,Zareesh,1
1540=,Zarena,1
1540=,Zayma,1
1540=,Zaynab,1
1540=,Zaynah,1
1540=,Zeb-Un-Nissa,1
1540=,Zeinab,1
1540=,Zeivah,1
1540=,Zena,1
1540=,Zenab,1
1540=,Zeva,1
1540=,Zhenjie,1
1540=,Zhina,1
1540=,Zhuoyan,1
1540=,Zilan,1
1540=,Zina,1
1540=,Zinan,1
1540=,Zinnirah,1
1540=,Zipporah,1
1540=,Ziqing,1
1540=,Zisu,1
1540=,Ziva,1
1540=,Zixi,1
1540=,Ziyu,1
1540=,Zoe-Maree,1
1540=,Zoeya,1
1540=,Zofia-Lily,1
1540=,Zohal,1
1540=,Zoie,1
1540=,Zola,1
1540=,Zooey,1
1540=,Zowie,1
1540=,Zuhaa,1
1540=,Zutemmachukwu,1
