Position,Name,Number of babies
1,Emily,569
2,Sophie,542
3,Olivia,485
4,Isla,435
5,Jessica,419
6,Ava,379
7,Amelia,372
8,Lucy,363
9,Lily,310
10,Ellie,278
11,Ella,273
12,Sophia,271
13,Grace,265
14,Chloe,251
15,Freya,249
16,Millie,246
17,Mia,230
18,Emma,229
19,Eilidh,224
20,Anna,218
21,Charlotte,213
22,Eva,210
23=,Holly,208
23=,Ruby,208
25,Layla,190
26,Hannah,187
27,Evie,175
28,Orla,171
29,Katie,170
30,Poppy,162
31,Erin,154
32,Leah,144
33,Lexi,140
34,Molly,132
35=,Isabella,130
35=,Skye,130
37,Lacey,124
38,Abigail,122
39,Georgia,119
40=,Rebecca,115
40=,Sofia,115
42=,Amber,113
42=,Hollie,113
44,Amy,111
45=,Brooke,107
45=,Daisy,107
45=,Niamh,107
48=,Lilly,106
48=,Zoe,106
50,Rosie,102
51,Abbie,101
52,Robyn,100
53,Sienna,98
54=,Summer,96
54=,Zara,96
56,Iona,91
57,Maya,89
58,Sarah,88
59=,Aria,87
59=,Maisie,87
61,Cara,85
62=,Kayla,84
62=,Paige,84
64,Gracie,83
65,Alice,82
66=,Phoebe,79
66=,Scarlett,79
68=,Ayla,77
68=,Megan,77
68=,Mya,77
71=,Harper,75
71=,Julia,75
73,Eve,73
74,Caitlin,71
75=,Imogen,70
75=,Lauren,70
77,Esme,69
78,Rose,66
79=,Amelie,65
79=,Ivy,65
79=,Mila,65
82,Lola,63
83=,Bella,62
83=,Willow,62
85,Elise,61
86,Elizabeth,59
87,Aimee,58
88=,Bethany,57
88=,Emilia,57
90,Madison,55
91,Rachel,53
92=,Alexis,52
92=,Faith,52
92=,Mollie,52
95=,Lena,51
95=,Mirren,51
97=,Arianna,49
97=,Neve,49
99,Darcy,48
100,Matilda,47
101=,Annabelle,46
101=,Eden,46
101=,Maria,46
104=,Ailsa,45
104=,Beth,45
104=,Carly,45
104=,Heidi,45
104=,Lucia,45
104=,Lucie,45
110=,Elsie,44
110=,Keira,44
112=,Lara,43
112=,Lois,43
114=,Ariana,42
114=,Casey,42
114=,Gabriella,42
114=,Jasmine,42
114=,Libby,42
119=,Clara,41
119=,Naomi,41
121=,Alexandra,40
121=,Kara,40
121=,Orlaith,40
124=,Alexa,39
124=,Alyssa,39
124=,Hope,39
124=,Maja,39
124=,Martha,39
124=,Nina,39
124=,Sara,39
131=,Darcey,38
131=,Lexie,38
131=,Nicole,38
134=,Arya,37
134=,Lyla,37
134=,Natalia,37
137=,Aoife,36
137=,Catherine,36
137=,Taylor,36
137=,Victoria,36
141=,Bonnie,35
141=,Thea,35
141=,Violet,35
144=,Darcie,34
144=,Emilie,34
146=,Cora,33
146=,Halle,33
146=,Hanna,33
146=,Laila,33
150=,Macie,32
150=,Nadia,32
152=,Aila,31
152=,Connie,31
152=,Eliza,31
152=,Elsa,31
152=,Florence,31
152=,Macey,31
152=,Myla,31
159=,Evelyn,30
159=,Hayley,30
159=,Khloe,30
159=,Laura,30
159=,Maddison,30
159=,Rowan,30
159=,Tilly,30
166=,Callie,29
166=,Ellis,29
166=,Macy,29
166=,Nieve,29
166=,Peyton,29
166=,Zuzanna,29
172=,Hallie,28
172=,Lana,28
174=,Annie,27
174=,Anya,27
174=,Georgie,27
174=,Orlagh,27
174=,Rosa,27
174=,Zainab,27
180=,Alba,26
180=,Marley,26
182=,Annabel,25
182=,Caitlyn,25
182=,Eleanor,25
182=,Farrah,25
182=,Kaitlyn,25
182=,Katherine,25
182=,Morgan,25
182=,Pippa,25
182=,Sadie,25
191=,Aisha,24
191=,Alicia,24
191=,April,24
191=,Elena,24
191=,Flora,24
191=,Harley,24
191=,Harriet,24
191=,Isabelle,24
191=,Isobel,24
191=,Jenna,24
191=,Kacey,24
191=,Liliana,24
191=,Melissa,24
191=,Penny,24
205=,Caoimhe,23
205=,Charley,23
205=,Heather,23
205=,Lacie,23
205=,Lillie,23
205=,Louise,23
205=,Maci,23
212=,Abbey,22
212=,Alisha,22
212=,Edith,22
212=,Emelia,22
212=,Fatima,22
212=,Frankie,22
212=,Indie,22
212=,Jorgie,22
212=,Penelope,22
212=,Savannah,22
222=,Charlie,21
222=,Darci,21
222=,Emmie,21
222=,Erica,21
222=,Jennifer,21
222=,Louisa,21
222=,Natalie,21
222=,Nicola,21
230=,Alicja,20
230=,Faye,20
230=,Kate,20
230=,Payton,20
230=,Zofia,20
235=,Aaliyah,19
235=,Abi,19
235=,Belle,19
235=,Carla,19
235=,Ciara,19
235=,Eloise,19
235=,Esther,19
235=,Kendall,19
235=,Kyla,19
235=,Lottie,19
235=,Tia,19
246=,Autumn,18
246=,Cassie,18
246=,Ellen,18
246=,Fearne,18
246=,Iris,18
246=,Leia,18
246=,Leila,18
246=,Luna,18
246=,Maggie,18
246=,Maryam,18
246=,Miley,18
246=,Quinn,18
246=,Skylar,18
246=,Stella,18
246=,Zoey,18
261=,Abby,17
261=,Alana,17
261=,Alex,17
261=,Aurora,17
261=,Carys,17
261=,Demi,17
261=,Emmy,17
261=,Keeva,17
261=,Maia,17
261=,Marnie,17
261=,Milly,17
261=,Rhea,17
261=,Seren,17
274=,Amira,16
274=,Chelsea,16
274=,Emeli,16
274=,Harlow,16
274=,Kacie,16
274=,Karis,16
274=,Kelsey,16
274=,Maisy,16
282=,Ada,15
282=,Ebony,15
282=,Elle,15
282=,Elspeth,15
282=,Eryn,15
282=,Kirsty,15
282=,Leona,15
282=,Lori,15
282=,Murron,15
282=,Oliwia,15
282=,Samantha,15
282=,Vanessa,15
294=,Arabella,14
294=,Cali,14
294=,Dakota,14
294=,Fern,14
294=,Georgina,14
294=,Hazel,14
294=,Kiara,14
294=,Lily-Rose,14
294=,Madeleine,14
294=,Scarlet,14
294=,Skyler,14
294=,Wiktoria,14
306=,Amelia-Rose,13
306=,Anaya,13
306=,Annabella,13
306=,Antonia,13
306=,Cerys,13
306=,Courtney,13
306=,Felicity,13
306=,Francesca,13
306=,Gabriela,13
306=,Helena,13
306=,Islay,13
306=,Jade,13
306=,Kornelia,13
306=,Lillian,13
306=,Mairi,13
306=,Miah,13
306=,Piper,13
323=,Alannah,12
323=,Angel,12
323=,Beau,12
323=,Brooklyn,12
323=,Carmen,12
323=,Indi,12
323=,India,12
323=,Kasey,12
323=,Kayleigh,12
323=,Kyra,12
323=,Leyla,12
323=,Lia,12
323=,Lydia,12
323=,Margaret,12
323=,Mhairi,12
323=,Neive,12
323=,Pola,12
323=,Priya,12
323=,Shannon,12
323=,Skyla,12
323=,Tabitha,12
323=,Yasmin,12
323=,Zoya,12
346=,Amanda,11
346=,Amie,11
346=,Bailey,11
346=,Elisa,11
346=,Helen,11
346=,Jessie,11
346=,Jorja,11
346=,Kallie,11
346=,Katelyn,11
346=,Katy,11
346=,Kimberley,11
346=,Maeve,11
346=,Miriam,11
346=,Nia,11
346=,Nyla,11
346=,Olive,11
346=,Saoirse,11
346=,Stephanie,11
346=,Talia,11
365=,Addison,10
365=,Ana,10
365=,Anais,10
365=,Ariah,10
365=,Ayesha,10
365=,Emily-Rose,10
365=,Erika,10
365=,Evangeline,10
365=,Hana,10
365=,Hareem,10
365=,Jodie,10
365=,Kathryn,10
365=,Lilly-Mae,10
365=,Lily-Mae,10
365=,Lyra,10
365=,Mara,10
365=,Mariam,10
365=,Milana,10
365=,Mirryn,10
365=,Miya,10
365=,Morven,10
365=,Myah,10
365=,Nell,10
365=,Nikola,10
365=,Noor,10
365=,Philippa,10
365=,Rebekah,10
365=,Tegan,10
365=,Vivienne,10
365=,Wren,10
395=,Adele,9
395=,Ailish,9
395=,Aizah,9
395=,Aleksandra,9
395=,Alesha,9
395=,Aliyah,9
395=,Amaya,9
395=,Arwen,9
395=,Ashley,9
395=,Blake,9
395=,Carrie,9
395=,Christina,9
395=,Constance,9
395=,Ella-Rose,9
395=,Gemma,9
395=,Iga,9
395=,Inaaya,9
395=,Jess,9
395=,Josephine,9
395=,Juliet,9
395=,Juliette,9
395=,Kendal,9
395=,Lilly-May,9
395=,Lisa,9
395=,Mabel,9
395=,Maddie,9
395=,Marcie,9
395=,Melody,9
395=,Michaela,9
395=,Norah,9
395=,Perrie,9
395=,Ruth,9
395=,Serena,9
395=,Teagan,9
395=,Zahra,9
430=,Adriana,8
430=,Alina,8
430=,Alivia,8
430=,Amirah,8
430=,Anastasia,8
430=,Anayah,8
430=,Athena,8
430=,Bethan,8
430=,Billie,8
430=,Blair,8
430=,Catriona,8
430=,Claudia,8
430=,Danielle,8
430=,Effie,8
430=,Eilish,8
430=,Freyja,8
430=,Gabrielle,8
430=,Greta,8
430=,Hailey,8
430=,Isabel,8
430=,Joanna,8
430=,Kelsie,8
430=,Khadija,8
430=,Khadijah,8
430=,Kiera,8
430=,Kira,8
430=,Laci,8
430=,Livia,8
430=,Mary,8
430=,Michelle,8
430=,Milena,8
430=,Mylie,8
430=,Neave,8
430=,Pyper,8
430=,Rachael,8
430=,Rae,8
430=,Rhian,8
430=,Riley,8
430=,Sasha,8
430=,Sinead,8
430=,Sofie,8
430=,Tamara,8
430=,Tiana,8
430=,Tianna,8
430=,Vaila,8
430=,Valentina,8
430=,Verity,8
477=,Abbi,7
477=,Alanna,7
477=,Aleena,7
477=,Alia,7
477=,Alix,7
477=,Allie,7
477=,Amina,7
477=,Astrid,7
477=,Ava-Rose,7
477=,Avah,7
477=,Blaire,7
477=,Breagha,7
477=,Cayla,7
477=,Christie,7
477=,Crystal,7
477=,Diana,7
477=,Edie,7
477=,Elisabeth,7
477=,Elissa,7
477=,Ellie-Mae,7
477=,Ellie-Rose,7
477=,Elyse,7
477=,Ferne,7
477=,Hayden,7
477=,Inayah,7
477=,Izabella,7
477=,Jaime,7
477=,Jamie,7
477=,Josie,7
477=,Joy,7
477=,Kaci,7
477=,Kaitlin,7
477=,Kali,7
477=,Kelly,7
477=,Kenzie,7
477=,Kirsten,7
477=,Kourtney,7
477=,Lacy,7
477=,Lea,7
477=,Leela,7
477=,Leigha,7
477=,Luisa,7
477=,Mackenzie,7
477=,Madeline,7
477=,Martyna,7
477=,Merida,7
477=,Mikayla,7
477=,Nola,7
477=,Nyah,7
477=,Nylah,7
477=,Polly,7
477=,Ria,7
477=,River,7
477=,Roma,7
477=,Rosalie,7
477=,Rosemary,7
477=,Roxanne,7
477=,Sylvie,7
477=,Tess,7
477=,Weronika,7
537=,Adrianna,6
537=,Ailie,6
537=,Aiza,6
537=,Ameera,6
537=,Andi,6
537=,Angela,6
537=,Annalise,6
537=,Antonina,6
537=,Ariella,6
537=,Aubree,6
537=,Aurelia,6
537=,Ayda,6
537=,Beatrice,6
537=,Bobbi,6
537=,Brianna,6
537=,Bridget,6
537=,Brodie,6
537=,Brogan,6
537=,Caris,6
537=,Caroline,6
537=,Ceitidh,6
537=,Charli,6
537=,Christine,6
537=,Daria,6
537=,Delilah,6
537=,Eliana,6
537=,Elodie,6
537=,Emillie,6
537=,Eshaal,6
537=,Fallon,6
537=,Farah,6
537=,Freja,6
537=,Hafsa,6
537=,Hafsah,6
537=,Harleigh,6
537=,Honor,6
537=,Ida,6
537=,Jamie-Leigh,6
537=,Kaila,6
537=,Kailyn,6
537=,Karen,6
537=,Karla,6
537=,Kaylin,6
537=,Kylah,6
537=,Laurel,6
537=,Laurie,6
537=,Lilia,6
537=,Lily-May,6
537=,Makayla,6
537=,Marta,6
537=,May,6
537=,Meadow,6
537=,Merryn,6
537=,Mirrin,6
537=,Monica,6
537=,Nancy,6
537=,Natasha,6
537=,Nela,6
537=,Nevaeh,6
537=,Nora,6
537=,Nova,6
537=,Nuala,6
537=,Orlah,6
537=,Rania,6
537=,Romy,6
537=,Veronica,6
603=,Aanya,5
603=,Aela,5
603=,Aleeza,5
603=,Alexandria,5
603=,Amalie,5
603=,Amara,5
603=,Anabelle,5
603=,Andrea,5
603=,Angelina,5
603=,Aqsa,5
603=,Ashleigh,5
603=,Avery,5
603=,Bronwyn,5
603=,Cameron,5
603=,Caragh,5
603=,Carley,5
603=,Chantelle,5
603=,Cherry,5
603=,Claire,5
603=,Dani,5
603=,Daniella,5
603=,Demi-Leigh,5
603=,Dixie,5
603=,Ella-Grace,5
603=,Elysia,5
603=,Ember,5
603=,Emilee,5
603=,Emmanuella,5
603=,Estelle,5
603=,Haleema,5
603=,Imaan,5
603=,Joni,5
603=,Kari,5
603=,Karina,5
603=,Karlie,5
603=,Karly,5
603=,Kathleen,5
603=,Katrina,5
603=,Kaycie,5
603=,Kaylah,5
603=,Kelsi,5
603=,Kianna,5
603=,Kim,5
603=,Kimberly,5
603=,Leonie,5
603=,Lila,5
603=,Lilah,5
603=,Liv,5
603=,Luci,5
603=,Malin,5
603=,Marcy,5
603=,Marni,5
603=,Monroe,5
603=,Mylah,5
603=,Ola,5
603=,Oonagh,5
603=,Ophelia,5
603=,Perri,5
603=,Pixie,5
603=,Poppie,5
603=,Raven,5
603=,Reeva,5
603=,Renee,5
603=,Rhia,5
603=,Rubi,5
603=,Rylee,5
603=,Saffron,5
603=,Sally,5
603=,Shanice,5
603=,Sierra,5
603=,Sloane,5
603=,Sophia-Rose,5
603=,Tara,5
603=,Teigan,5
603=,Tiffany,5
603=,Una,5
603=,Wendy,5
603=,Yvie,5
681=,Agnes,4
681=,Ailidh,4
681=,Aiva,4
681=,Aiyla,4
681=,Alaya,4
681=,Aliza,4
681=,Allana,4
681=,Alyx,4
681=,Amna,4
681=,Anastazja,4
681=,Annika,4
681=,Aoibheann,4
681=,Aurla,4
681=,Ayah,4
681=,Ayva,4
681=,Bea,4
681=,Beatrix,4
681=,Bianca,4
681=,Blythe,4
681=,Bryony,4
681=,Calleigh,4
681=,Charlee,4
681=,Clementine,4
681=,Codi,4
681=,Dana,4
681=,Daphne,4
681=,Dara,4
681=,Dayna,4
681=,Devon,4
681=,Elif,4
681=,Ella-Louise,4
681=,Ella-May,4
681=,Ellie-May,4
681=,Elyssa,4
681=,Ema,4
681=,Erynn,4
681=,Esmee,4
681=,Etta,4
681=,Fara,4
681=,Fatimah,4
681=,Fiona,4
681=,Gia,4
681=,Hailie,4
681=,Harmony,4
681=,Hayleigh,4
681=,Isha,4
681=,Isla-Rose,4
681=,Isobella,4
681=,Isra,4
681=,Jemima,4
681=,Juno,4
681=,Kadie,4
681=,Kaela,4
681=,Kaia,4
681=,Karolina,4
681=,Karys,4
681=,Kaycee,4
681=,Kaylee,4
681=,Keeley,4
681=,Kenna,4
681=,Kennedy,4
681=,Klara,4
681=,Klaudia,4
681=,Kylie,4
681=,Lauryn,4
681=,Lavinia,4
681=,Laya,4
681=,Layla-Jane,4
681=,Layna,4
681=,Leen,4
681=,Leena,4
681=,Liana,4
681=,Lilly-Rose,4
681=,Lily-Grace,4
681=,Lotte,4
681=,Lylah,4
681=,Mahnoor,4
681=,Maira,4
681=,Manha,4
681=,Marion,4
681=,Mckenzie,4
681=,Meghan,4
681=,Michalina,4
681=,Mina,4
681=,Miyah,4
681=,Myley,4
681=,Niomi,4
681=,Noa,4
681=,Paisley,4
681=,Paulina,4
681=,Poppi,4
681=,Ramona,4
681=,Remy,4
681=,Rhiannon,4
681=,Rihanna,4
681=,Roisin,4
681=,Romi,4
681=,Rozalia,4
681=,Ryleigh,4
681=,Rylie,4
681=,Savanna,4
681=,Selena,4
681=,Shelby,4
681=,Sorcha,4
681=,Summer-Rose,4
681=,Susanna,4
681=,Suzanna,4
681=,Tallulah,4
681=,Tessa,4
681=,Thalia,4
681=,Theadora,4
681=,Toni,4
681=,Umaima,4
681=,Valerie,4
681=,Vicky,4
681=,Viktoria,4
681=,Winifred,4
681=,Winter,4
681=,Yu,4
681=,Zaynab,4
681=,Ziva,4
802=,Aadhya,3
802=,Aarna,3
802=,Aarya,3
802=,Adan,3
802=,Adela,3
802=,Ailey,3
802=,Aimee-Leigh,3
802=,Aimie,3
802=,Aine,3
802=,Ainsley,3
802=,Alaa,3
802=,Alaina,3
802=,Alayna,3
802=,Aleigha,3
802=,Alexia,3
802=,Alise,3
802=,Alishba,3
802=,Alissa,3
802=,Aliya,3
802=,Amellia,3
802=,Amiee-Leigh,3
802=,Amilee,3
802=,Aminah,3
802=,Angelica,3
802=,Angelika,3
802=,Ann,3
802=,Anne,3
802=,Anni,3
802=,Arielle,3
802=,Ariya,3
802=,Aryia,3
802=,Ashton,3
802=,Asiya,3
802=,Aubrey,3
802=,Audrey,3
802=,Ava-Leigh,3
802=,Ava-Mae,3
802=,Aya,3
802=,Aylee,3
802=,Baillie,3
802=,Barbara,3
802=,Bernadette,3
802=,Betsy,3
802=,Bianka,3
802=,Blanka,3
802=,Calla,3
802=,Cameryn,3
802=,Carlie,3
802=,Cecilia,3
802=,Charis,3
802=,Cindy,3
802=,Cleo,3
802=,Coral,3
802=,Corrie,3
802=,Dahlia,3
802=,Danni,3
802=,Destiny,3
802=,Devyn,3
802=,Dominika,3
802=,Dua,3
802=,Eira,3
802=,Ela,3
802=,Elayna,3
802=,Elin,3
802=,Ella-Mae,3
802=,Elli,3
802=,Ellie-Grace,3
802=,Ellise,3
802=,Elvie,3
802=,Emili,3
802=,Emma-Louise,3
802=,Emme,3
802=,Emmi,3
802=,Enya,3
802=,Esmae,3
802=,Eva-Rose,3
802=,Fia,3
802=,Florrie,3
802=,Frances,3
802=,Freya-Rose,3
802=,Gaia,3
802=,Georgiana,3
802=,Giulia,3
802=,Gloria,3
802=,Gracey,3
802=,Hali,3
802=,Harli,3
802=,Harlie,3
802=,Harper-Rose,3
802=,Haya,3
802=,Hiba,3
802=,Honey,3
802=,Hooria,3
802=,Iman,3
802=,Indy,3
802=,Ishbel,3
802=,Jagoda,3
802=,Jaimee,3
802=,Jana,3
802=,Jannat,3
802=,Jasmin,3
802=,Jasmina,3
802=,Jemma,3
802=,Jenny,3
802=,Jiya,3
802=,Joanne,3
802=,Johanna,3
802=,Jorgia,3
802=,Julie,3
802=,Jura,3
802=,Kaja,3
802=,Kalia,3
802=,Karah,3
802=,Karley,3
802=,Karli,3
802=,Katie-Leigh,3
802=,Katie-Louise,3
802=,Kaylie,3
802=,Khaleesi,3
802=,Kiarah,3
802=,Kirstie,3
802=,Kitty,3
802=,Krista,3
802=,Kristen,3
802=,Kristie,3
802=,Laiba,3
802=,Lanah,3
802=,Larissa,3
802=,Laylah,3
802=,Leigh,3
802=,Leighla,3
802=,Leilah,3
802=,Leoni,3
802=,Lexi-Mae,3
802=,Lili,3
802=,Lilian,3
802=,Lilianna,3
802=,Lilla,3
802=,Lillia,3
802=,Lilly-Ann,3
802=,Lilya,3
802=,Logan,3
802=,Lyanna,3
802=,Mae,3
802=,Mairead,3
802=,Maiya,3
802=,Maizie,3
802=,Maizy,3
802=,Marcelina,3
802=,Marcella,3
802=,Marci,3
802=,Marisa,3
802=,Marissa,3
802=,Marsaili,3
802=,Maura,3
802=,Mayah,3
802=,Meg,3
802=,Melisa,3
802=,Mercedes,3
802=,Mia-Rose,3
802=,Milan,3
802=,Millie-Rose,3
802=,Miryn,3
802=,Missy,3
802=,Muireann,3
802=,Murrin,3
802=,Murryn,3
802=,Olivia-Rose,3
802=,Orla-Rose,3
802=,Ottilie,3
802=,Paris,3
802=,Paula,3
802=,Peggy,3
802=,Petra,3
802=,Rida,3
802=,Robin,3
802=,Romana,3
802=,Ronni,3
802=,Rosalind,3
802=,Roseanne,3
802=,Safa,3
802=,Samara,3
802=,Samira,3
802=,Sana,3
802=,Sandra,3
802=,Sapphire,3
802=,Seher,3
802=,Shae,3
802=,Shania,3
802=,Sia,3
802=,Sianna,3
802=,Siena,3
802=,Siobhan,3
802=,Sky,3
802=,Sophie-Louise,3
802=,Soraya,3
802=,Stevie,3
802=,Sula,3
802=,Sydney,3
802=,Sylvia,3
802=,Taliah,3
802=,Talitha,3
802=,Tamsin,3
802=,Teegan,3
802=,Teresa,3
802=,Theodora,3
802=,Tilda,3
802=,Tillie,3
802=,Tina,3
802=,Tola,3
802=,Tracy,3
802=,Vilte,3
802=,Vivien,3
802=,Xin,3
802=,Yasmine,3
802=,Yi,3
802=,Zaina,3
802=,Zi,3
802=,Zunaira,3
1021=,Aafreen,2
1021=,Aaila,2
1021=,Aaima,2
1021=,Aalia,2
1021=,Aamina,2
1021=,Aaminah,2
1021=,Aayla,2
1021=,Abbie-Rose,2
1021=,Abiha,2
1021=,Acacia,2
1021=,Adeena,2
1021=,Adel,2
1021=,Adelaide,2
1021=,Adeline,2
1021=,Afsa,2
1021=,Afton,2
1021=,Ailbhe,2
1021=,Aimee-Lee,2
1021=,Aiyanna,2
1021=,Ajwa,2
1021=,Alecia,2
1021=,Aleeah,2
1021=,Aleia,2
1021=,Aleisha,2
1021=,Alejandra,2
1021=,Alessia,2
1021=,Aliesha,2
1021=,Alisa,2
1021=,Alison,2
1021=,Alizah,2
1021=,Aljawhara,2
1021=,Alma,2
1021=,Alysha,2
1021=,Alyssia,2
1021=,Amalia,2
1021=,Amandine,2
1021=,Amber-Lee,2
1021=,Amiee,2
1021=,Amilia,2
1021=,Anah,2
1021=,Analeigh,2
1021=,Ania,2
1021=,Aniela,2
1021=,Anika,2
1021=,Anita,2
1021=,Anja,2
1021=,Anna-Louise,2
1021=,Annabeth,2
1021=,Annalee,2
1021=,Annaleigh,2
1021=,Anne-Marie,2
1021=,Annelise,2
1021=,Annmaria,2
1021=,Anoushka,2
1021=,Anshika,2
1021=,Aoibh,2
1021=,Arabelle,2
1021=,Araya,2
1021=,Areej,2
1021=,Areena,2
1021=,Aria-Rose,2
1021=,Ariadne,2
1021=,Arianne,2
1021=,Arisha,2
1021=,Arria,2
1021=,Arrianna,2
1021=,Arwa,2
1021=,Aryanna,2
1021=,Asha,2
1021=,Ashlyn,2
1021=,Ashlynn,2
1021=,Asia,2
1021=,Asma,2
1021=,Ava-Grace,2
1021=,Ava-Louise,2
1021=,Avaya,2
1021=,Averie,2
1021=,Avneet,2
1021=,Awa,2
1021=,Ayaana,2
1021=,Ayat,2
1021=,Aylah,2
1021=,Ayleigh,2
1021=,Aylin,2
1021=,Aysha,2
1021=,Azalea,2
1021=,Baileigh,2
1021=,Bayleigh,2
1021=,Becca,2
1021=,Bella-Rose,2
1021=,Blayke,2
1021=,Bo,2
1021=,Bobbie,2
1021=,Brea,2
1021=,Breanna,2
1021=,Bree,2
1021=,Brianne,2
1021=,Brigid,2
1021=,Bronagh,2
1021=,Bryanna,2
1021=,Caci,2
1021=,Cadence,2
1021=,Caidence,2
1021=,Cailyn,2
1021=,Caitie,2
1021=,Calle,2
1021=,Calley,2
1021=,Camryn,2
1021=,Carleigh,2
1021=,Carly-Rose,2
1021=,Carmel,2
1021=,Carris,2
1021=,Cassandra,2
1021=,Catelyn,2
1021=,Ceana,2
1021=,Celeste,2
1021=,Celia,2
1021=,Charleigh,2
1021=,Charlotte-Rose,2
1021=,Chen,2
1021=,Cheryl,2
1021=,Chiara,2
1021=,Chikaima,2
1021=,Chimamanda,2
1021=,Chioma,2
1021=,Christy,2
1021=,Cienna,2
1021=,Clare,2
1021=,Clarissa,2
1021=,Clemence,2
1021=,Cloie,2
1021=,Clova,2
1021=,Clover,2
1021=,Coco,2
1021=,Colby,2
1021=,Colette,2
1021=,Colleen,2
1021=,Coralie,2
1021=,Corra,2
1021=,Cosima,2
1021=,Daneen,2
1021=,Danica,2
1021=,Daniela,2
1021=,Dannielle,2
1021=,Darcee,2
1021=,Dawn,2
1021=,Deborah,2
1021=,Delia,2
1021=,Demi-Lee,2
1021=,Demileigh,2
1021=,Denni,2
1021=,Derbhla,2
1021=,Dora,2
1021=,Dorina,2
1021=,Dorothy,2
1021=,Efemena,2
1021=,Eilah,2
1021=,Eileen,2
1021=,Eilis,2
1021=,Eimear,2
1021=,Ekaterina,2
1021=,Elaina,2
1021=,Elaine,2
1021=,Eleni,2
1021=,Elinor,2
1021=,Elisha,2
1021=,Elisia,2
1021=,Eliska,2
1021=,Elizaveta,2
1021=,Ellena,2
1021=,Elliana,2
1021=,Ellie-Louise,2
1021=,Elliette,2
1021=,Elliot,2
1021=,Elsbeth,2
1021=,Emeilia,2
1021=,Emelia-Rose,2
1021=,Emer,2
1021=,Emery,2
1021=,Emile,2
1021=,Emileigh,2
1021=,Emilly,2
1021=,Emily-Grace,2
1021=,Emily-Jane,2
1021=,Emmeline,2
1021=,Eshita,2
1021=,Esmeralda,2
1021=,Eva-Louise,2
1021=,Eva-May,2
1021=,Evan,2
1021=,Evelina,2
1021=,Everly,2
1021=,Evie-Rose,2
1021=,Eviee,2
1021=,Fajar,2
1021=,Fajr,2
1021=,Faria,2
1021=,Faryal,2
1021=,Fizza,2
1021=,Floraidh,2
1021=,Florina,2
1021=,Francisca,2
1021=,Franki,2
1021=,Fraya,2
1021=,Frida,2
1021=,Gabriele,2
1021=,Gaby,2
1021=,Genevieve,2
1021=,Georgi,2
1021=,Georgie-Mae,2
1021=,Gigha,2
1021=,Giulietta,2
1021=,Goda,2
1021=,Gold,2
1021=,Gracie-Mae,2
1021=,Gurleen,2
1021=,Haillie,2
1021=,Hajrah,2
1021=,Hania,2
1021=,Haniya,2
1021=,Harla,2
1021=,Harleen,2
1021=,Harris,2
1021=,Haylee,2
1021=,Haylie,2
1021=,Heba,2
1021=,Hermione,2
1021=,Hoorain,2
1021=,Huda,2
1021=,Humna,2
1021=,Husna,2
1021=,Iesha,2
1021=,Iliana,2
1021=,Imani,2
1021=,Indigo,2
1021=,Ines,2
1021=,Ingrid,2
1021=,Ione,2
1021=,Isabell,2
1021=,Isabella-Rose,2
1021=,Izzy,2
1021=,Jada,2
1021=,Jaime-Leigh,2
1021=,Jaimie,2
1021=,Jane,2
1021=,Janina,2
1021=,Jaya,2
1021=,Jayden,2
1021=,Jaymie,2
1021=,Jersey,2
1021=,Jessica-Rose,2
1021=,Jia,2
1021=,Jodi,2
1021=,Jody,2
1021=,Joella,2
1021=,Jolie,2
1021=,Jorga,2
1021=,Jorjie,2
1021=,Julianna,2
1021=,Kacey-Leigh,2
1021=,Kady,2
1021=,Kaelin,2
1021=,Kaelyn,2
1021=,Kaira,2
1021=,Kaley,2
1021=,Kalina,2
1021=,Kalise,2
1021=,Kalsoom,2
1021=,Kamila,2
1021=,Karmen,2
1021=,Karmin,2
1021=,Karsyn,2
1021=,Katie-Rose,2
1021=,Kavya,2
1021=,Kaya,2
1021=,Kayci,2
1021=,Kayden,2
1021=,Kaydi,2
1021=,Keavy,2
1021=,Keiva,2
1021=,Kendyll,2
1021=,Kensi,2
1021=,Kenza,2
1021=,Keren,2
1021=,Kerri,2
1021=,Kerris,2
1021=,Kerys,2
1021=,Kharis,2
1021=,Khushi,2
1021=,Kia,2
1021=,Kiana,2
1021=,Kinga,2
1021=,Kinley,2
1021=,Kirstin,2
1021=,Kiya,2
1021=,Kodie,2
1021=,Kolbie,2
1021=,Korla,2
1021=,Kristina,2
1021=,Kritika,2
1021=,Krystal,2
1021=,Kylee,2
1021=,Lailah,2
1021=,Laiyla,2
1021=,Lamar,2
1021=,Lana-Rose,2
1021=,Laraib,2
1021=,Laycee,2
1021=,Leanna,2
1021=,Leni,2
1021=,Lera,2
1021=,Lexi-Leigh,2
1021=,Lexii,2
1021=,Lexxi,2
1021=,Lexy,2
1021=,Lianna,2
1021=,Liara,2
1021=,Liepa,2
1021=,Liesel,2
1021=,Lilee,2
1021=,Lilja,2
1021=,Lilley,2
1021=,Lilliana,2
1021=,Lilly-Anne,2
1021=,Lilly-Louise,2
1021=,Lily-Anne,2
1021=,Lola-Rose,2
1021=,Lolah,2
1021=,Lorelei,2
1021=,Loren,2
1021=,Lorna,2
1021=,Lotti,2
1021=,Lottie-Mae,2
1021=,Lua,2
1021=,Lucille,2
1021=,Lucja,2
1021=,Lulu,2
1021=,Lynn,2
1021=,Maci-Leigh,2
1021=,Maddy,2
1021=,Magdalena,2
1021=,Mahi,2
1021=,Mahrosh,2
1021=,Maicey,2
1021=,Maisey,2
1021=,Makenna,2
1021=,Malak,2
1021=,Manahil,2
1021=,Mandy,2
1021=,Maree,2
1021=,Margo,2
1021=,Mariah,2
1021=,Mariana,2
1021=,Marie,2
1021=,Marika,2
1021=,Marli,2
1021=,Martina,2
1021=,Marwa,2
1021=,Mathilda,2
1021=,Mavis,2
1021=,Maxi,2
1021=,Maxine,2
1021=,Mayley,2
1021=,Mei,2
1021=,Melanie,2
1021=,Mercedez,2
1021=,Meredith,2
1021=,Mikaela,2
1021=,Milah,2
1021=,Milania,2
1021=,Milla,2
1021=,Millen,2
1021=,Millicent,2
1021=,Mimi,2
1021=,Minahil,2
1021=,Minerva,2
1021=,Miranda,2
1021=,Mirha,2
1021=,Mirin,2
1021=,Morag,2
1021=,Murran,2
1021=,Myia,2
1021=,Myrren,2
1021=,Nadine,2
1021=,Naia,2
1021=,Nana,2
1021=,Natasza,2
1021=,Naya,2
1021=,Nel,2
1021=,Neriah,2
1021=,Nessa,2
1021=,Neva,2
1021=,Niah,2
1021=,Nikita,2
1021=,Nimah,2
1021=,Niya,2
1021=,Noelle,2
1021=,Oakley,2
1021=,Olamide,2
1021=,Olga,2
1021=,Omolola,2
1021=,Oona,2
1021=,Oran,2
1021=,Orlaigh,2
1021=,Orly,2
1021=,Orrin,2
1021=,Osariemen,2
1021=,Paighton,2
1021=,Paislie,2
1021=,Paloma,2
1021=,Pearl,2
1021=,Peighton,2
1021=,Pella,2
1021=,Perry,2
1021=,Porscha,2
1021=,Raameen,2
1021=,Rahaf,2
1021=,Raina,2
1021=,Raya,2
1021=,Rayah,2
1021=,Rayna,2
1021=,Reagan,2
1021=,Rebeka,2
1021=,Reena,2
1021=,Reese,2
1021=,Regan,2
1021=,Remi,2
1021=,Renae,2
1021=,Roberta,2
1021=,Roksana,2
1021=,Romey,2
1021=,Rosalee,2
1021=,Rosalyn,2
1021=,Roshni,2
1021=,Rowen,2
1021=,Roza,2
1021=,Ruby-Rose,2
1021=,Rudi,2
1021=,Rudy,2
1021=,Rumaysa,2
1021=,Rumer,2
1021=,Ruoyi,2
1021=,Saarah,2
1021=,Safah,2
1021=,Safiyah,2
1021=,Sahar,2
1021=,Sahara,2
1021=,Sam,2
1021=,Samanta,2
1021=,Sanna,2
1021=,Sarah-Louise,2
1021=,Scarlett-Rose,2
1021=,Serafina,2
1021=,Serah,2
1021=,Serenity,2
1021=,Shakira,2
1021=,Shanaya,2
1021=,Shanti,2
1021=,Shay,2
1021=,Sheena,2
1021=,Shelbie,2
1021=,Sheza,2
1021=,Shiloh,2
1021=,Shirley,2
1021=,Sian,2
1021=,Sienna-Rae,2
1021=,Simran,2
1021=,Skyelar,2
1021=,Skylah,2
1021=,Sofia-Rose,2
1021=,Sofija,2
1021=,Sofiya,2
1021=,Soha,2
1021=,Sophie-Lee,2
1021=,Stacey,2
1021=,Storm,2
1021=,Suhana,2
1021=,Susie,2
1021=,Syeda,2
1021=,Szofia,2
1021=,Tahlia,2
1021=,Talya,2
1021=,Teddy,2
1021=,Teighan,2
1021=,Teri,2
1021=,Theia,2
1021=,Tiah,2
1021=,Tiara,2
1021=,Tiegan,2
1021=,Timea,2
1021=,Toluwani,2
1021=,Torri,2
1021=,Tyla,2
1021=,Ugne,2
1021=,Umaiza,2
1021=,Umme,2
1021=,Urwa,2
1021=,Vanesa,2
1021=,Veronika,2
1021=,Viola,2
1021=,Vivian,2
1021=,Winnie,2
1021=,Wynter,2
1021=,Yara,2
1021=,Yazmin,2
1021=,Yixin,2
1021=,Yusra,2
1021=,Zahraa,2
1021=,Zarah,2
1021=,Zaynah,2
1021=,Zoja,2
1021=,Zosia,2
1021=,Zuri,2
1534=,A'isha,1
1534=,Aadya,1
1534=,Aaeesha,1
1534=,Aaira,1
1534=,Aairah,1
1534=,Aaishah,1
1534=,Aalid,1
1534=,Aaliyah-Mae,1
1534=,Aamira,1
1534=,Aananya,1
1534=,Aania,1
1534=,Aanuoluwapo,1
1534=,Aaraadhya,1
1534=,Aaralyn,1
1534=,Aaria,1
1534=,Aariana,1
1534=,Aarika,1
1534=,Aarini,1
1534=,Aarnika,1
1534=,Aarohi,1
1534=,Aarvi,1
1534=,Aashi,1
1534=,Aashvi,1
1534=,Aasiyah,1
1534=,Aavah,1
1534=,Aavana,1
1534=,Aayah,1
1534=,Aayat,1
1534=,Aayna,1
1534=,Aayshah,1
1534=,Abaigh,1
1534=,Abaloch,1
1534=,Abbi-Rose,1
1534=,Abbie-Maree,1
1534=,Abby-May,1
1534=,Abby-Rose,1
1534=,Abeera,1
1534=,Abha,1
1534=,Abhia,1
1534=,Abida,1
1534=,Abie,1
1534=,Abiela,1
1534=,Abigail-Rose,1
1534=,Abigale,1
1534=,Abrar,1
1534=,Abygail,1
1534=,Adaira,1
1534=,Adalind,1
1534=,Adalyn,1
1534=,Adania,1
1534=,Adanna,1
1534=,Adaora,1
1534=,Adeem,1
1534=,Adeera,1
1534=,Adeleine,1
1534=,Adelina,1
1534=,Adelyn,1
1534=,Adelynne,1
1534=,Adeola,1
1534=,Aderinsola,1
1534=,Adesuwa,1
1534=,Adiba,1
1534=,Adienna,1
1534=,Adita,1
1534=,Aditi,1
1534=,Adora,1
1534=,Adwoa,1
1534=,Aejay,1
1534=,Aemee-Maree,1
1534=,Aeon,1
1534=,Aerith,1
1534=,Aeryn,1
1534=,Afia,1
1534=,Afiya,1
1534=,Afiyah,1
1534=,Agata,1
1534=,Agatha,1
1534=,Ahnah,1
1534=,Aiana,1
1534=,Aida,1
1534=,Aiesha,1
1534=,Aiisha,1
1534=,Aikaterini,1
1534=,Ailaa,1
1534=,Ailah,1
1534=,Aileana,1
1534=,Aileen,1
1534=,Ailis,1
1534=,Ailissa,1
1534=,Aillie,1
1534=,Ailsa-Grace,1
1534=,Ailsa-Mae,1
1534=,Ailsa-Rose,1
1534=,Aima,1
1534=,Aimei,1
1534=,Aimi,1
1534=,Aini,1
1534=,Ainslea,1
1534=,Ainslee,1
1534=,Ainsleigh,1
1534=,Ainslie,1
1534=,Airlie,1
1534=,Aishveer,1
1534=,Aisling,1
1534=,Aislynne,1
1534=,Aiva-Elizabeth,1
1534=,Aiva-Grace,1
1534=,Aiva-Rose,1
1534=,Aivah,1
1534=,Aiyana,1
1534=,Aiyana-Jane,1
1534=,Aiyleigh,1
1534=,Aiyrah,1
1534=,Aizah-Nur,1
1534=,Ajita,1
1534=,Ajooni,1
1534=,Akvile,1
1534=,Alaana,1
1534=,Alaara,1
1534=,Alagna,1
1534=,Alainamae,1
1534=,Alanagh,1
1534=,Alanis,1
1534=,Alaria,1
1534=,Alaska,1
1534=,Alayah,1
1534=,Alaylah-Mae,1
1534=,Alea,1
1534=,Aleen,1
1534=,Aleena-Zahra,1
1534=,Aleenah,1
1534=,Aleera,1
1534=,Aleezah,1
1534=,Aleigha-Jayne,1
1534=,Alena,1
1534=,Aleshia,1
1534=,Alethea,1
1534=,Alexa-Elizabeth,1
1534=,Alexa-Jo,1
1534=,Alexa-Leigh,1
1534=,Alexandrea,1
1534=,Alexandrina,1
1534=,Alexiarose,1
1534=,Alexie,1
1534=,Alexina,1
1534=,Alexus,1
1534=,Aleya,1
1534=,Aleyna,1
1534=,Alfie,1
1534=,Aliaa,1
1534=,Aliana,1
1534=,Alianah,1
1534=,Alice-Ivy,1
1534=,Alice-May,1
1534=,Alicia-Mae,1
1534=,Aline,1
1534=,Aliona,1
1534=,Alisha-Anisia,1
1534=,Alishah,1
1534=,Alishbah,1
1534=,Alishey,1
1534=,Alizay,1
1534=,Allanah,1
1534=,Allanna,1
1534=,Allaska-Mai,1
1534=,Allayah,1
1534=,Alle,1
1534=,Alleena,1
1534=,Alliah,1
1534=,Allicia,1
1534=,Allyssa,1
1534=,Almina,1
1534=,Alraida,1
1534=,Alrdia,1
1534=,Alteja,1
1534=,Alyanna,1
1534=,Alyishia,1
1534=,Alys,1
1534=,Alyse,1
1534=,Alysia,1
1534=,Alyson,1
1534=,Alyson-Maree,1
1534=,Alyssa-Hope,1
1534=,Alyssa-Mae,1
1534=,Alyssah,1
1534=,Alyth,1
1534=,Alyxis,1
1534=,Alyza,1
1534=,Amada,1
1534=,Amaira,1
1534=,Amaiya,1
1534=,Amal,1
1534=,Amala,1
1534=,Amaleigh,1
1534=,Aman,1
1534=,Amanda-May,1
1534=,Amanda-Nicole,1
1534=,Amani,1
1534=,Amarah,1
1534=,Amari,1
1534=,Ambar,1
1534=,Amber-Rose,1
1534=,Ameelah,1
1534=,Ameenah,1
1534=,Ameigh,1
1534=,Ameilia,1
1534=,Ameleya-Grace,1
1534=,Amelia-Grace,1
1534=,Amelia-Jane,1
1534=,Amelia-Jay,1
1534=,Amelia-Kenzie,1
1534=,Amelia-Leigh,1
1534=,Amelia-Lilly,1
1534=,Amelia-Mae,1
1534=,Amelia-Mai,1
1534=,Amelia-Orlah,1
1534=,Ameliah,1
1534=,Amelija,1
1534=,Amen,1
1534=,Amera,1
1534=,Amerah,1
1534=,Ameri,1
1534=,Amez,1
1534=,Ami,1
1534=,Ami-Leigh,1
1534=,Ami-Rose,1
1534=,Amiah,1
1534=,Amie-Leigh,1
1534=,Amiee-Lei,1
1534=,Amiee-Louise,1
1534=,Amii-Leigh,1
1534=,Amileigh,1
1534=,Amilia-Krystell,1
1534=,Amilie,1
1534=,Amillia,1
1534=,Amily,1
1534=,Amilya,1
1534=,Amita,1
1534=,Amitris,1
1534=,Amiya,1
1534=,Amiyah,1
1534=,Ammara,1
1534=,Ammelya,1
1534=,Amrit,1
1534=,Amy-Kate,1
1534=,Amy-Leigh,1
1534=,Amy-Rose,1
1534=,Amyann,1
1534=,Amyelisse-Mary,1
1534=,Amynta,1
1534=,Amyra,1
1534=,Amyrose,1
1534=,An,1
1534=,Ana-Belle,1
1534=,Anaaya,1
1534=,Anabella,1
1534=,Anae,1
1534=,Anaiya,1
1534=,Analiese,1
1534=,Analise,1
1534=,Ananeya,1
1534=,Anastasija,1
1534=,Anathi,1
1534=,Anderson,1
1534=,Andreanna,1
1534=,Andreea,1
1534=,Andreia,1
1534=,Andrianna,1
1534=,Ane,1
1534=,Aneeka,1
1534=,Aneilia,1
1534=,Anett,1
1534=,Angel-Rose,1
1534=,Angela-Mae,1
1534=,Angelie-Grace,1
1534=,Ani,1
1534=,Anilese,1
1534=,Anisa,1
1534=,Aniyah,1
1534=,Anmoal,1
1534=,Ann-Marie,1
1534=,Anna-Jayne,1
1534=,Anna-Mai,1
1534=,Anna-May,1
1534=,Anna-Rose,1
1534=,Anna-Star,1
1534=,Annabell,1
1534=,Annabelle-Rose,1
1534=,Annachiara,1
1534=,Annaleese,1
1534=,Annalena,1
1534=,Annalese,1
1534=,Annamaria,1
1534=,Annayah,1
1534=,Anne-Sophie,1
1534=,Anneke,1
1534=,Annelia,1
1534=,Annice,1
1534=,Annierose,1
1534=,Annirose,1
1534=,Anona,1
1534=,Anouchka,1
1534=,Anri,1
1534=,Ansaam,1
1534=,Anthea,1
1534=,Anum,1
1534=,Anupoma,1
1534=,Anusha,1
1534=,Anushka,1
1534=,Aoimai,1
1534=,Apolonia,1
1534=,Appin,1
1534=,Apple,1
1534=,April-Anne,1
1534=,Ara,1
1534=,Aradhana,1
1534=,Aradhya,1
1534=,Araksan,1
1534=,Arden,1
1534=,Areen,1
1534=,Areesha,1
1534=,Argi,1
1534=,Argyle,1
1534=,Ari,1
1534=,Ariana-Niamh,1
1534=,Arianah,1
1534=,Ariel,1
1534=,Ariele,1
1534=,Arielle-Amora,1
1534=,Arisa,1
1534=,Arissa,1
1534=,Ariyah,1
1534=,Ariyana,1
1534=,Arizona,1
1534=,Arjin,1
1534=,Arla,1
1534=,Arlee,1
1534=,Arlena,1
1534=,Aroob,1
1534=,Arooj,1
1534=,Aroosh,1
1534=,Aroush,1
1534=,Arowen,1
1534=,Arra,1
1534=,Arrabella,1
1534=,Arran,1
1534=,Arryca,1
1534=,Artheia,1
1534=,Arvani,1
1534=,Arwaa,1
1534=,Aryana,1
1534=,Aryha,1
1534=,Asel,1
1534=,Ashima,1
1534=,Ashlee,1
1534=,Ashleigh-Jane,1
1534=,Ashlyn-Rose,1
1534=,Asiah,1
1534=,Asmin,1
1534=,Aspen,1
1534=,Aspen-Hope,1
1534=,Asten-Rose,1
1534=,Astin,1
1534=,Astrid-Jo,1
1534=,Atalia,1
1534=,Athia,1
1534=,Aubreigh,1
1534=,Audrina,1
1534=,Aura,1
1534=,Auryn,1
1534=,Auttumme,1
1534=,Ava-Jay,1
1534=,Ava-Lei,1
1534=,Ava-Lou,1
1534=,Ava-May,1
1534=,Ava-Ruth,1
1534=,Ava-Shaye,1
1534=,Avaleigh,1
1534=,Avalyn,1
1534=,Avana,1
1534=,Avangeline,1
1534=,Avarose,1
1534=,Averi,1
1534=,Avia,1
1534=,Aviah,1
1534=,Aviee,1
1534=,Aviya,1
1534=,Avleen,1
1534=,Avril,1
1534=,Avvey,1
1534=,Ayaat,1
1534=,Ayana,1
1534=,Ayanda,1
1534=,Aybicke,1
1534=,Ayesh,1
1534=,Ayin,1
1534=,Ayla-Grace,1
1534=,Ayleigh-Rose,1
1534=,Aylie,1
1534=,Ayllie,1
1534=,Ayma,1
1534=,Ayme,1
1534=,Ayomiposi,1
1534=,Ayshah,1
1534=,Aysun,1
1534=,Ayushka,1
1534=,Ayvah,1
1534=,Azka,1
1534=,Azra,1
1534=,Baeli,1
1534=,Bahara,1
1534=,Bahy,1
1534=,Bailee,1
1534=,Bailey-Rae,1
1534=,Bailie,1
1534=,Bailley,1
1534=,Baker,1
1534=,Baoxuan,1
1534=,Barbara-Ann,1
1534=,Barbare,1
1534=,Barborka,1
1534=,Batal,1
1534=,Bay,1
1534=,Baylea,1
1534=,Baylee,1
1534=,Beatrice-Anne,1
1534=,Beatriz,1
1534=,Beaux,1
1534=,Bebhinn,1
1534=,Bekki,1
1534=,Bela,1
1534=,Bella-Grace,1
1534=,Bella-Mae,1
1534=,Bellamy,1
1534=,Beni,1
1534=,Benie,1
1534=,Benita,1
1534=,Berakah,1
1534=,Berenika,1
1534=,Berry,1
1534=,Bethani,1
1534=,Bethanie,1
1534=,Bethany-Rose,1
1534=,Betty,1
1534=,Betty-James,1
1534=,Beulah,1
1534=,Bili,1
1534=,Billeigh,1
1534=,Billi-Louise,1
1534=,Billie-Jo,1
1534=,Billie-Leigh,1
1534=,Billiejean,1
1534=,Bipasha,1
1534=,Bisan,1
1534=,Blair-Elizabeth,1
1534=,Blaise,1
1534=,Blaithin,1
1534=,Blayre,1
1534=,Bliss,1
1534=,Blossom,1
1534=,Bluebell-Fawn,1
1534=,Bo-Elena,1
1534=,Boah,1
1534=,Bobbi-Rose,1
1534=,Bobbieleei,1
1534=,Bobby-Mae,1
1534=,Boe,1
1534=,Bonni,1
1534=,Bonnie-May,1
1534=,Boston,1
1534=,Branwen,1
1534=,Breagh,1
1534=,Breeana,1
1534=,Briar,1
1534=,Bridgette,1
1534=,Brielle,1
1534=,Brigitte,1
1534=,Briony,1
1534=,Britany,1
1534=,Brodie-Louise,1
1534=,Brody,1
1534=,Broghan,1
1534=,Broghane,1
1534=,Bronte,1
1534=,Brook,1
1534=,Brooke-Lynne,1
1534=,Brooke-Olivia,1
1534=,Brookelyn,1
1534=,Brooklynn,1
1534=,Brooklynne,1
1534=,Brooxie,1
1534=,Brylee,1
1534=,Brylie,1
1534=,Bubune,1
1534=,Bushra,1
1534=,Caara,1
1534=,Cadey,1
1534=,Cadha,1
1534=,Cadhlea,1
1534=,Cadie,1
1534=,Cady,1
1534=,Caela,1
1534=,Caelan,1
1534=,Caelia,1
1534=,Caelyn,1
1534=,Cahlie,1
1534=,Caia,1
1534=,Caiden,1
1534=,Cailey,1
1534=,Cailin,1
1534=,Cailleigh,1
1534=,Cairistiona,1
1534=,Cairns,1
1534=,Caitlan,1
1534=,Caitlyn-Leigh,1
1534=,Caity,1
1534=,Caiya,1
1534=,Calbi,1
1534=,Caledonia,1
1534=,Calhea,1
1534=,Cali-Mae,1
1534=,Calise,1
1534=,Calix,1
1534=,Callagh,1
1534=,Callie-Rose,1
1534=,Calliope,1
1534=,Callisto,1
1534=,Cally,1
1534=,Camden,1
1534=,Camelia,1
1534=,Camilla,1
1534=,Camille,1
1534=,Candace,1
1534=,Candi,1
1534=,Candy,1
1534=,Caoilainn,1
1534=,Caoimhe-Leigh,1
1534=,Caol,1
1534=,Cara-Lee,1
1534=,Cara-Mae,1
1534=,Cara-Rose,1
1534=,Caradh,1
1534=,Carah,1
1534=,Carensa,1
1534=,Carina,1
1534=,Carissa,1
1534=,Carlei,1
1534=,Carli,1
1534=,Carlota,1
1534=,Carlotta,1
1534=,Carly-Ann,1
1534=,Carlynne,1
1534=,Carmyn,1
1534=,Carol,1
1534=,Carolina,1
1534=,Carolyn,1
1534=,Carri,1
1534=,Carrie-Ann,1
1534=,Carron,1
1534=,Carsey,1
1534=,Carter,1
1534=,Caryss,1
1534=,Casey-Anne,1
1534=,Casey-Jay,1
1534=,Casey-June,1
1534=,Casey-Lee,1
1534=,Casey-Leigh,1
1534=,Casia,1
1534=,Casmir,1
1534=,Cassi,1
1534=,Cassia,1
1534=,Cassidy,1
1534=,Cassie-May,1
1534=,Catalina,1
1534=,Cate,1
1534=,Caterina,1
1534=,Catherine-Ann,1
1534=,Catherine-Louise,1
1534=,Catherine-May,1
1534=,Catrin,1
1534=,Catrina,1
1534=,Cattleya-Rose,1
1534=,Cayla-George,1
1534=,Caylagh,1
1534=,Caysie-Jo,1
1534=,Ceejay,1
1534=,Ceilidh,1
1534=,Ceira,1
1534=,Celsey,1
1534=,Chandra,1
1534=,Chanel,1
1534=,Chanelle,1
1534=,Channel,1
1534=,Chantell,1
1534=,Chantilly,1
1534=,Charissa,1
1534=,Charlie-Rose,1
1534=,Charlii,1
1534=,Charlley,1
1534=,Charlotta,1
1534=,Charlotte-Anne,1
1534=,Charlotte-Mae,1
1534=,Charlotte-Sky,1
1534=,Chayil-Esther,1
1534=,Chelsea-Leigh,1
1534=,Chelsealeigh,1
1534=,Chelsey,1
1534=,Chelsie,1
1534=,Chelsii,1
1534=,Chenice,1
1534=,Chennel,1
1534=,Cheriah,1
1534=,Cherish,1
1534=,Cheyenne,1
1534=,Chiamaka,1
1534=,Chiarra,1
1534=,Chiburuoma,1
1534=,Chimelum,1
1534=,Chimem,1
1534=,Chinagozim,1
1534=,Chinelo,1
1534=,Chinenye,1
1534=,Chisom,1
1534=,Chizara,1
1534=,Chizaramu,1
1534=,Chizitere,1
1534=,Chloe-Bella,1
1534=,Chrissie,1
1534=,Christa,1
1534=,Christabel,1
1534=,Christiana,1
1534=,Chrystal,1
1534=,Ciana,1
1534=,Cianna,1
1534=,Ciara-Rose,1
1534=,Cicely,1
1534=,Ciennah,1
1534=,Ciera,1
1534=,Cindylou,1
1534=,Ciorstaidh,1
1534=,Cissa,1
1534=,Clancy,1
1534=,Clara-Louise,1
1534=,Clarice,1
1534=,Clarisse,1
1534=,Clarke,1
1534=,Clavdiya,1
1534=,Clea,1
1534=,Clemency,1
1534=,Clerisse,1
1534=,Clio,1
1534=,Clodagh,1
1534=,Codie,1
1534=,Coira,1
1534=,Cora-Cameron,1
1534=,Cora-Rose,1
1534=,Corale,1
1534=,Coraline,1
1534=,Cori,1
1534=,Coria,1
1534=,Corinna,1
1534=,Corinne,1
1534=,Cornelia,1
1534=,Corrin,1
1534=,Corrina,1
1534=,Corrine,1
1534=,Corryn,1
1534=,Coryn,1
1534=,Costanza,1
1534=,Cozy,1
1534=,Cristina,1
1534=,Crystal-Terri,1
1534=,Cydonie,1
1534=,Cyra,1
1534=,Cyrena,1
1534=,D'arcie,1
1534=,D'arcy,1
1534=,D'hara,1
1534=,Daanya,1
1534=,Dacey,1
1534=,Dahlia-Rose,1
1534=,Dainton,1
1534=,Daiquiri,1
1534=,Daisey,1
1534=,Daisie,1
1534=,Daisie-Blu,1
1534=,Daisy-Jo,1
1534=,Daisy-Lee,1
1534=,Daisy-Violet,1
1534=,Daiva,1
1534=,Daizie,1
1534=,Daizie-Maie,1
1534=,Dalal,1
1534=,Dalia,1
1534=,Dallyn,1
1534=,Damiana-Mia,1
1534=,Damya,1
1534=,Dana-Drew,1
1534=,Danika,1
1534=,Daniya,1
1534=,Daniyah,1
1534=,Danna,1
1534=,Danu,1
1534=,Darah,1
1534=,Darceigh,1
1534=,Darcy-Eve,1
1534=,Darcy-Rose,1
1534=,Darianha,1
1534=,Darianne,1
1534=,Darla,1
1534=,Darrah,1
1534=,Darriah,1
1534=,Darya,1
1534=,Dasha,1
1534=,Dawlat,1
1534=,Dazie,1
1534=,Dearbhla,1
1534=,Debbie,1
1534=,Decla,1
1534=,Deedee,1
1534=,Deem,1
1534=,Deema,1
1534=,Deimante,1
1534=,Delegies,1
1534=,Della,1
1534=,Delphi,1
1534=,Demi-Jo,1
1534=,Demi-Lea,1
1534=,Demi-Louise,1
1534=,Demi-Mae,1
1534=,Denisa,1
1534=,Denver,1
1534=,Deri,1
1534=,Derin,1
1534=,Derri,1
1534=,Desiree,1
1534=,Devine,1
1534=,Devynn,1
1534=,Dharci,1
1534=,Dhiya,1
1534=,Dhriti,1
1534=,Dhya,1
1534=,Dia,1
1534=,Diamond-Leigh,1
1534=,Dianna,1
1534=,Dihane,1
1534=,Dilaksha,1
1534=,Dionne,1
1534=,Dior,1
1534=,Divine,1
1534=,Dixi,1
1534=,Diya,1
1534=,Diyana,1
1534=,Doina,1
1534=,Donna,1
1534=,Dorothie,1
1534=,Duru,1
1534=,Eadie,1
1534=,Eala,1
1534=,Earla,1
1534=,Eartha,1
1534=,Eboni,1
1534=,Ebonie,1
1534=,Ebony-Rose,1
1534=,Ebosetale,1
1534=,Eddi-May,1
1534=,Edel,1
1534=,Edelle,1
1534=,Eden-Rose,1
1534=,Edinna,1
1534=,Edna,1
1534=,Edyn,1
1534=,Eellia,1
1534=,Eesha,1
1534=,Efa,1
1534=,Efah,1
1534=,Ehih,1
1534=,Eibhleann,1
1534=,Eidee,1
1534=,Eila,1
1534=,Eilana,1
1534=,Eiley,1
1534=,Eilidh-Alvah,1
1534=,Eilidh-Ann,1
1534=,Eilidh-Grace,1
1534=,Eilidh-Rose,1
1534=,Eiligh,1
1534=,Eiliyah,1
1534=,Eillidh,1
1534=,Eimhir,1
1534=,Eimile,1
1534=,Eireyn,1
1534=,Eirinn,1
1534=,Eiva,1
1534=,Eivah,1
1534=,Eki-Amina,1
1534=,Elaaf,1
1534=,Elana,1
1534=,Elane,1
1534=,Elanna,1
1534=,Elanor,1
1534=,Elanour,1
1534=,Eleen,1
1534=,Eleftheria,1
1534=,Eleia,1
1534=,Elektra,1
1534=,Elena-Grace,1
1534=,Elenor,1
1534=,Elesia,1
1534=,Elfrida,1
1534=,Elia,1
1534=,Elianna,1
1534=,Elie,1
1534=,Elija,1
1534=,Elina,1
1534=,Elisabet,1
1534=,Elisavet,1
1534=,Elisenda,1
1534=,Elishka,1
1534=,Eliyah,1
1534=,Eliza-Anne,1
1534=,Elizabeth-Rose,1
1534=,Elka,1
1534=,Ella-Blossom,1
1534=,Ella-Jane,1
1534=,Ella-Mai,1
1534=,Ellabeth,1
1534=,Ellah,1
1534=,Ellan,1
1534=,Elleanna,1
1534=,Elleanne,1
1534=,Elleigh-Rose,1
1534=,Ellexa,1
1534=,Ellia,1
1534=,Ellie-Beth,1
1534=,Ellie-Jay,1
1534=,Ellie-Leigh,1
1534=,Ellie-Marie,1
1534=,Elliemay,1
1534=,Elliotte,1
1534=,Ellisha,1
1534=,Ellisia,1
1534=,Elloise,1
1534=,Ellora,1
1534=,Elly,1
1534=,Ellyse,1
1534=,Elody,1
1534=,Elora,1
1534=,Elouise,1
1534=,Elowen,1
1534=,Elsah,1
1534=,Elsea,1
1534=,Elsi,1
1534=,Elsie-Violet,1
1534=,Elska,1
1534=,Elspie,1
1534=,Elva,1
1534=,Elysa,1
1534=,Elyza,1
1534=,Elza,1
1534=,Emaan,1
1534=,Emanuela,1
1534=,Emee,1
1534=,Emeli-Mae,1
1534=,Emelie,1
1534=,Emerson,1
1534=,Emey,1
1534=,Emi,1
1534=,Emi-Leigh,1
1534=,Emie,1
1534=,Emila,1
1534=,Emilia-Helene,1
1534=,Emilia-Rose,1
1534=,Emiliana,1
1534=,Emilie-Leigh,1
1534=,Emilie-Mai,1
1534=,Emilie-Rose,1
1534=,Emilija,1
1534=,Emilliemarie,1
1534=,Emily-Anne,1
1534=,Emily-Claire,1
1534=,Emily-Faith,1
1534=,Emily-Jade,1
1534=,Emily-Jaye,1
1534=,Emily-Louise,1
1534=,Emin,1
1534=,Emiri,1
1534=,Emirose,1
1534=,Emma-James,1
1534=,Emma-Jane,1
1534=,Emma-Jo,1
1534=,Emma-Lee,1
1534=,Emma-Leigh,1
1534=,Emma-Louisa,1
1534=,Emmalea,1
1534=,Emmalyn,1
1534=,Emmanuelle,1
1534=,Emmay,1
1534=,Emmersyn,1
1534=,Emmie-Lou,1
1534=,Emmiee-Rose,1
1534=,Emmiie,1
1534=,Emmy-Lea,1
1534=,Emna,1
1534=,Emory,1
1534=,Ena,1
1534=,Enia,1
1534=,Enid,1
1534=,Eowyn,1
1534=,Eri,1
1534=,Ericca,1
1534=,Erinae,1
1534=,Eris,1
1534=,Eriss,1
1534=,Erraid,1
1534=,Errin,1
1534=,Erris,1
1534=,Erum,1
1534=,Eryka,1
1534=,Erynn-Lily,1
1534=,Eseosa,1
1534=,Eshal,1
1534=,Eshwari,1
1534=,Esma,1
1534=,Esme-Wild,1
1534=,Esmie,1
1534=,Essie,1
1534=,Estere,1
1534=,Estreja,1
1534=,Eugenie,1
1534=,Eulalie,1
1534=,Eunice,1
1534=,Euphemia,1
1534=,Eva-Amelle,1
1534=,Eva-Grace,1
1534=,Eva-Lily,1
1534=,Eva-Mae,1
1534=,Evah,1
1534=,Evalena,1
1534=,Evalina,1
1534=,Evanna,1
1534=,Eveline,1
1534=,Evelyn-Kay,1
1534=,Everleigh,1
1534=,Evey,1
1534=,Evie-May,1
1534=,Eviejoy,1
1534=,Evisa,1
1534=,Evvie,1
1534=,Evvy,1
1534=,Evylin,1
1534=,Evylyn,1
1534=,Ewa,1
1534=,Eydie,1
1534=,Eyra,1
1534=,Eyvie,1
1534=,Eziafa,1
1534=,Ezmay,1
1534=,Ezme,1
1534=,Ezra,1
1534=,Fahmida,1
1534=,Faiza,1
1534=,Faizah,1
1534=,Falak,1
1534=,Falisha,1
1534=,Fallon-Rose,1
1534=,Falyn,1
1534=,Faren,1
1534=,Farhana,1
1534=,Farhiya,1
1534=,Farida,1
1534=,Farin,1
1534=,Farrah-Rhian,1
1534=,Farwa,1
1534=,Faseeha,1
1534=,Fathima,1
1534=,Fatou,1
1534=,Fausta,1
1534=,Faustine,1
1534=,Faustyna,1
1534=,Fawn,1
1534=,Fay,1
1534=,Fei,1
1534=,Feia,1
1534=,Feldya,1
1534=,Felicja,1
1534=,Fenna,1
1534=,Fernella,1
1534=,Ffion,1
1534=,Finja,1
1534=,Finlay,1
1534=,Finley,1
1534=,Finnley,1
1534=,Fionnuala,1
1534=,Fiza,1
1534=,Flavia,1
1534=,Fleur,1
1534=,Flo,1
1534=,Floren,1
1534=,Flyn,1
1534=,Flynn,1
1534=,Folasade,1
1534=,Fox,1
1534=,Fraiyah,1
1534=,Franchezka,1
1534=,Franciszka,1
1534=,Franziska,1
1534=,Frayah,1
1534=,Freda,1
1534=,Freedom,1
1534=,Freyda,1
1534=,Frieda,1
1534=,Fynlie,1
1534=,Gabby,1
1534=,Gabija,1
1534=,Gail,1
1534=,Galiya,1
1534=,Garcia,1
1534=,Garima,1
1534=,Gem,1
1534=,Gemini,1
1534=,Genovie,1
1534=,Georgia-May,1
1534=,Georgia-Rose,1
1534=,Georgie-Grace,1
1534=,Georgie-Louise,1
1534=,Georgie-May,1
1534=,Giah,1
1534=,Gianna,1
1534=,Giavanna,1
1534=,Gigi,1
1534=,Gilgal,1
1534=,Giorgia,1
1534=,Giuliana,1
1534=,Giullietta,1
1534=,Godstreasure,1
1534=,Gorry,1
1534=,Goudy,1
1534=,Grace-May,1
1534=,Grace-Rose,1
1534=,Gracie-Ann,1
1534=,Gracie-Beaux,1
1534=,Gracie-Mai,1
1534=,Gracie-Rose,1
1534=,Graciemay,1
1534=,Gracious,1
1534=,Grayson,1
1534=,Gretchen,1
1534=,Grier,1
1534=,Gurmeet,1
1534=,Gwen,1
1534=,Gwendolen,1
1534=,Gwendolyn,1
1534=,Gwinna,1
1534=,Gwyneth,1
1534=,Habeeba,1
1534=,Habiba,1
1534=,Hadassa,1
1534=,Hadassah,1
1534=,Hadiya,1
1534=,Hadja,1
1534=,Hadley,1
1534=,Hafsat,1
1534=,Hailey-May,1
1534=,Hailie-Jayne,1
1534=,Hailo,1
1534=,Haipei,1
1534=,Hala,1
1534=,Halee,1
1534=,Haleemah,1
1534=,Halen,1
1534=,Halima,1
1534=,Halima-Noor,1
1534=,Halle-Mae,1
1534=,Hally,1
1534=,Halo-Heaven,1
1534=,Hamaail,1
1534=,Hamayra,1
1534=,Han,1
1534=,Hanan,1
1534=,Hananeel,1
1534=,Haneen,1
1534=,Hannah-Mary,1
1534=,Hansika,1
1534=,Hape,1
1534=,Harjot,1
1534=,Harkeerat,1
1534=,Harlee,1
1534=,Harleigh-Jo,1
1534=,Harlo,1
1534=,Harloh,1
1534=,Harlowe,1
1534=,Harper-Grace,1
1534=,Harpreet,1
1534=,Harriett,1
1534=,Harrison,1
1534=,Harunitha,1
1534=,Harvie,1
1534=,Hawa,1
1534=,Hawazin,1
1534=,Hawley,1
1534=,Hayaam,1
1534=,Hayden-Rose,1
1534=,Hei,1
1534=,Heidi-George,1
1534=,Henley,1
1534=,Henrietta,1
1534=,Hermon,1
1534=,Hero,1
1534=,Hester,1
1534=,Hibah,1
1534=,Hibba,1
1534=,Hidaya,1
1534=,Hilary,1
1534=,Hina,1
1534=,Hira,1
1534=,Hiraa,1
1534=,Hirah,1
1534=,Hiteshree,1
1534=,Hiti,1
1534=,Hitibandara,1
1534=,Hiya,1
1534=,Holli,1
1534=,Holli-Madison,1
1534=,Holly-Angel,1
1534=,Holly-Fiona,1
1534=,Holly-Skye,1
1534=,Holy,1
1534=,Hoor,1
1534=,Hooriya,1
1534=,Hooriyah,1
1534=,Huan,1
1534=,Hudson,1
1534=,Huzaima,1
1534=,Hyobin,1
1534=,Ianna,1
1534=,Ieva,1
1534=,Iffra,1
1534=,Ifrah,1
1534=,Ifunanyachi,1
1534=,Iglika,1
1534=,Ikechi,1
1534=,Ilalol,1
1534=,Ilaria,1
1534=,Ilena,1
1534=,Ilithya,1
1534=,Ilma,1
1534=,Ilsa,1
1534=,Ilyah,1
1534=,Imaani,1
1534=,Imilla,1
1534=,Immogen,1
1534=,Immy,1
1534=,Imoen,1
1534=,Imogen-Eve,1
1534=,Ina,1
1534=,Inaayah,1
1534=,Inara,1
1534=,Inaya,1
1534=,Indi-Rose,1
1534=,Indianna,1
1534=,Indie-Rose,1
1534=,Indira,1
1534=,Indiya,1
1534=,Indre,1
1534=,Inez,1
1534=,Inga,1
1534=,Inka,1
1534=,Innes,1
1534=,Innez,1
1534=,Innis,1
1534=,Insiya,1
1534=,Io,1
1534=,Ioana-Alexandra,1
1534=,Ioanna,1
1534=,Iolanthe,1
1534=,Iona-Marie,1
1534=,Iqra,1
1534=,Iraj,1
1534=,Iram,1
1534=,Irem,1
1534=,Ireoluwa,1
1534=,Irhaa,1
1534=,Iris-May,1
1534=,Isa,1
1534=,Iscah,1
1534=,Iseabail,1
1534=,Ishika,1
1534=,Ishya,1
1534=,Iskra,1
1534=,Isla-Grace,1
1534=,Isla-Lilly,1
1534=,Isla-Louise,1
1534=,Isla-Mae,1
1534=,Isla-May,1
1534=,Islah,1
1534=,Islamae,1
1534=,Isleigh,1
1534=,Isley,1
1534=,Islya,1
1534=,Ismat,1
1534=,Ismay,1
1534=,Isobella-Rose,1
1534=,Isobelle,1
1534=,Italiah-Rae,1
1534=,Ivana,1
1534=,Ivy-Grace,1
1534=,Iyeesha,1
1534=,Iyinoluwa,1
1534=,Iyla,1
1534=,Iylah,1
1534=,Izabel,1
1534=,Izabell,1
1534=,Izna,1
1534=,Izza,1
1534=,Izzie,1
1534=,Izzy-Mae,1
1534=,Jac,1
1534=,Jacintha,1
1534=,Jack,1
1534=,Jacqueline,1
1534=,Jade-Rose,1
1534=,Jadesola,1
1534=,Jadey,1
1534=,Jaisa,1
1534=,Jaiyana,1
1534=,Jalila,1
1534=,Jalyn,1
1534=,Jameela,1
1534=,Jamie-Lee,1
1534=,Jamie-Lynn,1
1534=,Jamieleigh,1
1534=,Janaki,1
1534=,Janet,1
1534=,Janice,1
1534=,Janie,1
1534=,Janis,1
1534=,Jaqueline,1
1534=,Jardena,1
1534=,Jarrai,1
1534=,Jasemin,1
1534=,Jaskeerat,1
1534=,Jasleen,1
1534=,Jay-Kailyn,1
1534=,Jayda,1
1534=,Jayde,1
1534=,Jaye-Lynne,1
1534=,Jayjay,1
1534=,Jaylah,1
1534=,Jaymi,1
1534=,Jaymi-Lee,1
1534=,Jaymi-Leigh,1
1534=,Jaysiel,1
1534=,Jazbia,1
1534=,Jazmin,1
1534=,Jazmine,1
1534=,Jeanie,1
1534=,Jeannie,1
1534=,Jedidah,1
1534=,Jeeva,1
1534=,Jeevet,1
1534=,Jeeya,1
1534=,Jella,1
1534=,Jem,1
1534=,Jemimah,1
1534=,Jenan,1
1534=,Jennifer-Louise,1
1534=,Jeronda,1
1534=,Jesica,1
1534=,Jeslyn,1
1534=,Jesmae,1
1534=,Jesse,1
1534=,Jessica-Anne,1
1534=,Jessica-Lee,1
1534=,Jessica-Lily,1
1534=,Jessica-Paige,1
1534=,Jessiemay,1
1534=,Jewel,1
1534=,Jiage,1
1534=,Jiahui,1
1534=,Jilly-Mae,1
1534=,Jinru,1
1534=,Jisha,1
1534=,Jiu,1
1534=,Jo-Anna,1
1534=,Jocelyn,1
1534=,Jodie-Leigh,1
1534=,Joerica,1
1534=,Joey-Jayne,1
1534=,Johana,1
1534=,Johanne,1
1534=,Jojo,1
1534=,Jolene,1
1534=,Jolynn-Diamond,1
1534=,Jomana,1
1534=,Jordana,1
1534=,Jorge,1
1534=,Jorgie-Jayne,1
1534=,Jorgie-Lou,1
1534=,Jorja-Mae,1
1534=,Jorja-May,1
1534=,Jorjee,1
1534=,Jorji,1
1534=,Jorjia,1
1534=,Jorjo,1
1534=,Josie-Anne,1
1534=,Joss,1
1534=,Joya,1
1534=,Joyce,1
1534=,Joze-Phynah,1
1534=,Jude,1
1534=,Judith,1
1534=,Judy,1
1534=,Juliana,1
1534=,Julianne,1
1534=,Jumanah,1
1534=,Juna,1
1534=,June,1
1534=,Juniper,1
1534=,Justice,1
1534=,Justine,1
1534=,Jyothsna,1
1534=,Jyoti,1
1534=,Kacee,1
1534=,Kacey-Jane,1
1534=,Kaci-May,1
1534=,Kaciee,1
1534=,Kacilea,1
1534=,Kacy,1
1534=,Kadee,1
1534=,Kadence,1
1534=,Kadey,1
1534=,Kadyleigh,1
1534=,Kaede,1
1534=,Kaedee,1
1534=,Kaelah,1
1534=,Kaelynn,1
1534=,Kaesie-Lee,1
1534=,Kaetlin,1
1534=,Kahlan,1
1534=,Kaiah,1
1534=,Kaiarah,1
1534=,Kaicey,1
1534=,Kaida,1
1534=,Kaidi-Mae,1
1534=,Kaidiah,1
1534=,Kaidie,1
1534=,Kailey-Lea,1
1534=,Kailia,1
1534=,Kailin,1
1534=,Kainaat,1
1534=,Kairi,1
1534=,Kairie,1
1534=,Kaisa,1
1534=,Kaitie,1
1534=,Kaitlynn,1
1534=,Kaiyah-Rose,1
1534=,Kalay,1
1534=,Kaliese,1
1534=,Kaliyah,1
1534=,Kalli,1
1534=,Kalliopi,1
1534=,Kalyn,1
1534=,Kamilla,1
1534=,Kamilya,1
1534=,Kamiren,1
1534=,Kamla,1
1534=,Kamryn,1
1534=,Kamy,1
1534=,Kansas,1
1534=,Kanya,1
1534=,Kanzy,1
1534=,Kara-Anne,1
1534=,Karaleigh,1
1534=,Kareena,1
1534=,Karena,1
1534=,Kariana,1
1534=,Karisa,1
1534=,Karleigh,1
1534=,Karly-Rose,1
1534=,Karman,1
1534=,Karmyn,1
1534=,Karris,1
1534=,Karrismarie,1
1534=,Kasey-Leigh,1
1534=,Kashaf,1
1534=,Kashazanab,1
1534=,Kasia,1
1534=,Kasidy,1
1534=,Kasie,1
1534=,Kasie-Mae,1
1534=,Kassidi,1
1534=,Kassidy,1
1534=,Kassie,1
1534=,Kassius,1
1534=,Katarina,1
1534=,Katarzyna,1
1534=,Katelin,1
1534=,Katerina,1
1534=,Katharine,1
1534=,Katie-Allanna,1
1534=,Katina,1
1534=,Katja,1
1534=,Katori,1
1534=,Katrin,1
1534=,Kavanna,1
1534=,Kavita,1
1534=,Kay-Lee,1
1534=,Kayah,1
1534=,Kayal,1
1534=,Kayce,1
1534=,Kaycee-Leigh,1
1534=,Kaycey-Anne,1
1534=,Kaydee,1
1534=,Kaydelee,1
1534=,Kaydence,1
1534=,Kayla-Jade,1
1534=,Kayla-Jay,1
1534=,Kayla-Jayne,1
1534=,Kayla-Lee,1
1534=,Kayla-Mae,1
1534=,Kayla-Marie,1
1534=,Kaylar,1
1534=,Kayleigh-Anne,1
1534=,Kayleigh-Louise,1
1534=,Kayley,1
1534=,Kaylia,1
1534=,Kaylimia,1
1534=,Kaylyn,1
1534=,Kaysha,1
1534=,Kayti,1
1534=,Kaytie,1
1534=,Kaytlin,1
1534=,Keane,1
1534=,Kearney,1
1534=,Kearra,1
1534=,Keavie,1
1534=,Keeannah,1
1534=,Keegan,1
1534=,Keeghan,1
1534=,Keera,1
1534=,Keesya,1
1534=,Keevah,1
1534=,Keiana,1
1534=,Keira-Leigh,1
1534=,Keira-May,1
1534=,Keita,1
1534=,Keithie,1
1534=,Keitija,1
1534=,Keivah,1
1534=,Keivanna-Leigh,1
1534=,Keivi,1
1534=,Kelcey,1
1534=,Kelci,1
1534=,Kelcie,1
1534=,Keleise,1
1534=,Kelis,1
1534=,Kelise,1
1534=,Kelisse,1
1534=,Kellar,1
1534=,Kellija,1
1534=,Kelltie,1
1534=,Kelly-Ann,1
1534=,Kelly-Anne,1
1534=,Kellymarie,1
1534=,Kelsea,1
1534=,Kelsey-Mai,1
1534=,Kelsey-Marie,1
1534=,Kelsey-May,1
1534=,Kelsie-Rose,1
1534=,Kenara,1
1534=,Kendal-Leigh,1
1534=,Kendal-Marie,1
1534=,Kendelle,1
1534=,Kendra,1
1534=,Kenechukwu,1
1534=,Kenia,1
1534=,Kenna-Leigh,1
1534=,Kennadi,1
1534=,Kennedi,1
1534=,Kennedie-Faith,1
1534=,Kenzi,1
1534=,Kenzie-Skye,1
1534=,Kenzii,1
1534=,Keqing,1
1534=,Kerah,1
1534=,Keri,1
1534=,Kerija,1
1534=,Keris,1
1534=,Kerry,1
1534=,Kerry-Ann,1
1534=,Kerry-Leigh,1
1534=,Keryn,1
1534=,Kesi,1
1534=,Keva,1
1534=,Keveiah,1
1534=,Kexuan,1
1534=,Khadeera,1
1534=,Khairah,1
1534=,Khalese,1
1534=,Khalia,1
1534=,Khalisa,1
1534=,Khally,1
1534=,Khandi,1
1534=,Khashiya,1
1534=,Khaya,1
1534=,Khayla-May,1
1534=,Khiara-Leigh,1
1534=,Khirad,1
1534=,Khloe-Jayne,1
1534=,Khyla,1
1534=,Ki-Ara,1
1534=,Kia-Leigh,1
1534=,Kiannah,1
1534=,Kiara-Leigh,1
1534=,Kienna,1
1534=,Kiera-Rose,1
1534=,Kierah,1
1534=,Kiersten,1
1534=,Kieva,1
1534=,Kievah,1
1534=,Kilah,1
1534=,Kimberleigh,1
1534=,Kimberly-Isabella,1
1534=,Kimmy,1
1534=,Kincso,1
1534=,Kinzah,1
1534=,Kirah,1
1534=,Kiran,1
1534=,Kiri,1
1534=,Kirit,1
1534=,Kiva,1
1534=,Kiyla,1
1534=,Kleopatra,1
1534=,Kloe,1
1534=,Koa,1
1534=,Kodi-May,1
1534=,Krissi,1
1534=,Kristin,1
1534=,Kristina-May,1
1534=,Kriya,1
1534=,Kruz,1
1534=,Krystyna,1
1534=,Ksenija,1
1534=,Kume,1
1534=,Kushveer,1
1534=,Kya,1
1534=,Kyana,1
1534=,Kyela,1
1534=,Kyila,1
1534=,Kylah-Rose,1
1534=,Kylar,1
1534=,Kymberley,1
1534=,Kyraa,1
1534=,Kyrie,1
1534=,Laaiba,1
1534=,Laasya,1
1534=,Laccie,1
1534=,Laceii-Mai,1
1534=,Lacey-Mae,1
1534=,Lacey-May,1
1534=,Laci-Mae,1
1534=,Laci-Marie,1
1534=,Lacie-Ann,1
1534=,Lacie-Leigh,1
1534=,Lacie-Mae,1
1534=,Laela,1
1534=,Laia,1
1534=,Laiah,1
1534=,Laibah,1
1534=,Laicee,1
1534=,Laicey,1
1534=,Laicie,1
1534=,Laighaa,1
1534=,Laikynn,1
1534=,Laila-Mai,1
1534=,Lailyn,1
1534=,Lainey,1
1534=,Laityn,1
1534=,Laiyba,1
1534=,Lake,1
1534=,Laker,1
1534=,Lakey,1
1534=,Lakiyah,1
1534=,Lakkshana,1
1534=,Lakshmi,1
1534=,Lalana,1
1534=,Lalita,1
1534=,Lamaar,1
1534=,Lamees,1
1534=,Lan,1
1534=,Lana-Mae,1
1534=,Laniah,1
1534=,Lanna,1
1534=,Lannah,1
1534=,Lany,1
1534=,Laoise,1
1534=,Larisa,1
1534=,Larisse,1
1534=,Larysa,1
1534=,Lateisha,1
1534=,Latoya,1
1534=,Latoyah,1
1534=,Laurelle,1
1534=,Laurissa,1
1534=,Layaah,1
1534=,Layah,1
1534=,Layan,1
1534=,Layanna,1
1534=,Layceigh,1
1534=,Layhla,1
1534=,Layla-Grace,1
1534=,Layla-May,1
1534=,Layla-Rose,1
1534=,Laylaah,1
1534=,Leah-Rose,1
1534=,Leannah,1
1534=,Lee,1
1534=,Leeah,1
1534=,Leelyan,1
1534=,Leelyla,1
1534=,Leeyla,1
1534=,Leia-Elyse,1
1534=,Leighton,1
1534=,Leila-Rose,1
1534=,Leilani,1
1534=,Leilena,1
1534=,Leja,1
1534=,Leneia,1
1534=,Lenka,1
1534=,Lennix,1
1534=,Lenore,1
1534=,Leonora,1
1534=,Leontyna,1
1534=,Lesley-Faith,1
1534=,Leticia,1
1534=,Leticija,1
1534=,Letti,1
1534=,Letty,1
1534=,Leva,1
1534=,Lexee-Jean,1
1534=,Lexi-Brooke,1
1534=,Lexi-Jane,1
1534=,Lexi-Lee,1
1534=,Lexi-Louise,1
1534=,Lexi-May,1
1534=,Lexi-Rose,1
1534=,Lexie-Lee,1
1534=,Lexie-Louise,1
1534=,Lexie-May,1
1534=,Lexieleigh,1
1534=,Lexijean,1
1534=,Leximaria,1
1534=,Lexxi-Rose,1
1534=,Leya,1
1534=,Leylah,1
1534=,Leyona,1
1534=,Lia-Rose,1
1534=,Lianara,1
1534=,Libbee,1
1534=,Liberte,1
1534=,Liberty-Rose,1
1534=,Liburna,1
1534=,Liina,1
1534=,Lilesha,1
1534=,Lili-Rose,1
1534=,Lilias,1
1534=,Lilias-Anne,1
1534=,Lilidh,1
1534=,Lilie,1
1534=,Lilien,1
1534=,Lilinoe,1
1534=,Lillemor,1
1534=,Lilli,1
1534=,Lilli-Mae,1
1534=,Lilli-Mai,1
1534=,Lilli-Rose,1
1534=,Lilliah,1
1534=,Lilliane,1
1534=,Lillianna,1
1534=,Lillie-Jay,1
1534=,Lillie-Louise,1
1534=,Lillie-Mae,1
1534=,Lillie-Mai,1
1534=,Lilliemae,1
1534=,Lillith,1
1534=,Lilly-Heather,1
1534=,Lilly-Mai,1
1534=,Lillyann,1
1534=,Lily-Ann,1
1534=,Lily-Annabelle,1
1534=,Lily-Beau,1
1534=,Lily-Jai,1
1534=,Lily-Jane,1
1534=,Lily-Jean,1
1534=,Lily-Jo,1
1534=,Lily-Leigh,1
1534=,Lily-Louise,1
1534=,Lily-Mai,1
1534=,Lily-Marie,1
1534=,Lilyan,1
1534=,Lilyann,1
1534=,Lilymae,1
1534=,Lilymay,1
1534=,Lina,1
1534=,Linda,1
1534=,Linda-Jane,1
1534=,Ling,1
1534=,Linnea,1
1534=,Linton,1
1534=,Linzi,1
1534=,Lisa-Mae,1
1534=,Litia,1
1534=,Liza,1
1534=,Lizzie,1
1534=,Loden,1
1534=,Logine,1
1534=,Lola-Ann,1
1534=,Lola-Belle,1
1534=,Lola-Mae,1
1534=,Lola-Mai,1
1534=,Lola-Ruby,1
1534=,Lorelai,1
1534=,Lorena,1
1534=,Lorin,1
1534=,Lorri,1
1534=,Lote,1
1534=,Lou,1
1534=,Louis,1
1534=,Louisa-Faith,1
1534=,Lowen,1
1534=,Lowenna,1
1534=,Lowri,1
1534=,Lu,1
1534=,Luana,1
1534=,Luca,1
1534=,Lucee,1
1534=,Lucey,1
1534=,Luci-Anne,1
1534=,Luciana,1
1534=,Lucie-Mae,1
1534=,Lucie-Rae,1
1534=,Lucinda,1
1534=,Lucy-Grace,1
1534=,Lucy-Kate,1
1534=,Lucy-Mae,1
1534=,Lucyann,1
1534=,Lucyanne,1
1534=,Lucyna,1
1534=,Ludovica,1
1534=,Luella,1
1534=,Luisa-Rae,1
1534=,Luiza,1
1534=,Lullaby,1
1534=,Luse,1
1534=,Lutza,1
1534=,Luyanda,1
1534=,Lyida,1
1534=,Lyla-Mae,1
1534=,Lyllia,1
1534=,Lyric,1
1534=,Lyrik,1
1534=,Ma,1
1534=,Maanvi,1
1534=,Maanya,1
1534=,Maariya,1
1534=,Maaya,1
1534=,Macci,1
1534=,Macey-Jo,1
1534=,Macey-Leigh,1
1534=,Macey-Ray,1
1534=,Maci-Jai,1
1534=,Macie-Anne,1
1534=,Macie-Louise,1
1534=,Mackayla,1
1534=,Madalyn,1
1534=,Madara,1
1534=,Maddisyn,1
1534=,Maddyson-Dyamonds,1
1534=,Madelyn,1
1534=,Madilynn,1
1534=,Madison-Louise,1
1534=,Madisson,1
1534=,Madleina,1
1534=,Madyson-Leigh,1
1534=,Madysyn,1
1534=,Maegan,1
1534=,Maelie,1
1534=,Maha,1
1534=,Mahala,1
1534=,Maham,1
1534=,Mahdis,1
1534=,Mahdiya,1
1534=,Maheen,1
1534=,Mahra,1
1534=,Mahroosh,1
1534=,Mahum,1
1534=,Maiah,1
1534=,Maida,1
1534=,Maidah,1
1534=,Maidie,1
1534=,Maies,1
1534=,Maija,1
1534=,Maika,1
1534=,Mailen,1
1534=,Maili,1
1534=,Mailli,1
1534=,Maimie,1
1534=,Mairi-Belle,1
1534=,Maisey-Jane,1
1534=,Maisi,1
1534=,Maisie-Grace,1
1534=,Maisie-Leigh,1
1534=,Maitha,1
1534=,Maiwen,1
1534=,Maiyara,1
1534=,Maizey,1
1534=,Maizy-Rae,1
1534=,Makayla-Rose,1
1534=,Makbule,1
1534=,Makereta,1
1534=,Makinley,1
1534=,Makiya,1
1534=,Malaika,1
1534=,Malaina,1
1534=,Malea,1
1534=,Maleeha,1
1534=,Malena,1
1534=,Malgorzata,1
1534=,Mali,1
1534=,Malia,1
1534=,Maliha,1
1534=,Malina,1
1534=,Maliya,1
1534=,Mallie,1
1534=,Mallory-Rose,1
1534=,Malvina,1
1534=,Malwina,1
1534=,Malyia,1
1534=,Maman,1
1534=,Mame,1
1534=,Mamie,1
1534=,Manahal,1
1534=,Manal,1
1534=,Manmeet,1
1534=,Manna,1
1534=,Manoor,1
1534=,Manuela,1
1534=,Manya,1
1534=,Marah,1
1534=,Marelize,1
1534=,Maren,1
1534=,Margaret-Mary,1
1534=,Margarida,1
1534=,Margherita,1
1534=,Marghita,1
1534=,Margot,1
1534=,Maria-Jane,1
1534=,Mariama,1
1534=,Mariame,1
1534=,Marianna,1
1534=,Marianne,1
1534=,Marie-Claire,1
1534=,Marie-Therese,1
1534=,Marilyn,1
1534=,Marin,1
1534=,Mariyah,1
1534=,Mariyam,1
1534=,Marjie-Mae,1
1534=,Marjory,1
1534=,Marlee,1
1534=,Marlena,1
1534=,Marlene,1
1534=,Marley-Louise,1
1534=,Marley-Mae,1
1534=,Marley-Rae,1
1534=,Marlie-Jade,1
1534=,Marlin,1
1534=,Marlow,1
1534=,Marlowe,1
1534=,Marney,1
1534=,Marsha-May,1
1534=,Marvellous,1
1534=,Marwaa,1
1534=,Marwah,1
1534=,Mary-Jane,1
1534=,Mary-Jayne,1
1534=,Mary-Kate,1
1534=,Maryana,1
1534=,Marybeth,1
1534=,Maryellen,1
1534=,Maryjane,1
1534=,Maryrose,1
1534=,Maryum,1
1534=,Maselia,1
1534=,Massie,1
1534=,Mastan,1
1534=,Mastoor,1
1534=,Mathilde,1
1534=,Matipa,1
1534=,Mattie,1
1534=,Matylda,1
1534=,Maveen,1
1534=,Maxie,1
1534=,Maxxie,1
1534=,Mayar,1
1534=,Maycee,1
1534=,Mayci,1
1534=,Maycie,1
1534=,Maycie-Rose,1
1534=,Mayra,1
1534=,Maysan,1
1534=,Maysie,1
1534=,Maysoon,1
1534=,Mazie,1
1534=,Mazie-Leigh,1
1534=,Mazzy,1
1534=,Mckayla,1
1534=,Mckenna,1
1534=,Mea,1
1534=,Meabh,1
1534=,Meagan,1
1534=,Meah,1
1534=,Meave,1
1534=,Mecah,1
1534=,Meda,1
1534=,Medina,1
1534=,Medinah,1
1534=,Meeah,1
1534=,Megen,1
1534=,Megyn,1
1534=,Mehar,1
1534=,Mehermah,1
1534=,Mehreen,1
1534=,Mehrmaa,1
1534=,Melaher,1
1534=,Melanija,1
1534=,Melis,1
1534=,Melita,1
1534=,Melodi,1
1534=,Melodie,1
1534=,Menna,1
1534=,Meral,1
1534=,Meriel,1
1534=,Merran,1
1534=,Merrin,1
1534=,Mertysa,1
1534=,Meryem,1
1534=,Meyah,1
1534=,Mhairi-Anne,1
1534=,Mhari,1
1534=,Mharlie,1
1534=,Mia-Jane,1
1534=,Mia-Kirsteen,1
1534=,Mia-Lilly,1
1534=,Miah-Grace,1
1534=,Miah-Rose,1
1534=,Michole,1
1534=,Mickayla,1
1534=,Miela-Rose,1
1534=,Mika,1
1534=,Mikaela-Jayne,1
1534=,Mila-Rose,1
1534=,Mileigh,1
1534=,Miley-Ella,1
1534=,Millie-Anna,1
1534=,Millie-Jane,1
1534=,Millie-Katherine,1
1534=,Millie-Lea,1
1534=,Millie-Leigh,1
1534=,Millie-Mai,1
1534=,Mimi-Annabelle,1
1534=,Minako,1
1534=,Minal,1
1534=,Miniver,1
1534=,Mio,1
1534=,Mira,1
1534=,Miracle,1
1534=,Miral,1
1534=,Miraya,1
1534=,Miren,1
1534=,Miria,1
1534=,Mirrren,1
1534=,Miruna,1
1534=,Mischa,1
1534=,Misha,1
1534=,Mishaal,1
1534=,Mishka,1
1534=,Misk,1
1534=,Misri,1
1534=,Miyar,1
1534=,Mmesoma,1
1534=,Moinimi,1
1534=,Moli,1
1534=,Mollay,1
1534=,Molli,1
1534=,Mollie-Rose,1
1534=,Molly-Mae,1
1534=,Momina,1
1534=,Monika,1
1534=,Morena,1
1534=,Morgan-Mai,1
1534=,Moriah,1
1534=,Morounfolu,1
1534=,Morta,1
1534=,Moya,1
1534=,Mridini,1
1534=,Muhammed,1
1534=,Muntaha,1
1534=,Muriel,1
1534=,Murren,1
1534=,Muskaan,1
1534=,Muskan,1
1534=,Mya-Grace,1
1534=,Mya-Rose,1
1534=,Myiah,1
1534=,Myka,1
1534=,Myla-Hope,1
1534=,Mylaa,1
1534=,Mylee,1
1534=,Myleen,1
1534=,Myleigh-Mo,1
1534=,Mymanh,1
1534=,Myra,1
1534=,Myren,1
1534=,Myrthe,1
1534=,Naa,1
1534=,Naarah,1
1534=,Nabeeha,1
1534=,Nadiya,1
1534=,Nadrat,1
1534=,Nadya,1
1534=,Nagla,1
1534=,Nahia,1
1534=,Nailah,1
1534=,Nainika,1
1534=,Naiomi,1
1534=,Naira,1
1534=,Nairima,1
1534=,Naiyla,1
1534=,Najmunisa,1
1534=,Nala,1
1534=,Naledi,1
1534=,Nandini,1
1534=,Nanfen,1
1534=,Nanxi,1
1534=,Narcisa,1
1534=,Naroa,1
1534=,Nashe,1
1534=,Natalia-Rose,1
1534=,Natalya,1
1534=,Natasha-Lee,1
1534=,Nathalie,1
1534=,Nausha,1
1534=,Navdeep,1
1534=,Naviah,1
1534=,Navneet,1
1534=,Nayome,1
1534=,Nazaaha,1
1534=,Nazirah,1
1534=,Nazli,1
1534=,Neala,1
1534=,Neesha,1
1534=,Neevah,1
1534=,Neeve,1
1534=,Nefeli,1
1534=,Neiva,1
1534=,Nella,1
1534=,Nelly,1
1534=,Nerys,1
1534=,Nesiah,1
1534=,Nethra,1
1534=,Nevada,1
1534=,Nevaeh-Lily,1
1534=,Nevaeh-Mai,1
1534=,Nevaeha,1
1534=,Newal,1
1534=,Nia-Rose,1
1534=,Niaah,1
1534=,Niallah,1
1534=,Niamha,1
1534=,Nichole,1
1534=,Nico,1
1534=,Nicol,1
1534=,Nienna,1
1534=,Nighean,1
1534=,Nihal,1
1534=,Nihyla,1
1534=,Nikeisha,1
1534=,Niki,1
1534=,Nikki,1
1534=,Nila,1
1534=,Nilah,1
1534=,Nimra,1
1534=,Ninar,1
1534=,Niome,1
1534=,Niralaya,1
1534=,Niranjana,1
1534=,Nisha,1
1534=,Nissi,1
1534=,Niven-Amelia,1
1534=,Nixie,1
1534=,Niyah,1
1534=,Noelia,1
1534=,Noemi,1
1534=,Nolah,1
1534=,Nonakachim,1
1534=,Noor-Fatima,1
1534=,Noora,1
1534=,Norsha,1
1534=,Nouran,1
1534=,Nourlhoda,1
1534=,Novah,1
1534=,Noveera,1
1534=,Nuha,1
1534=,Nuo,1
1534=,Nur,1
1534=,Nurayn,1
1534=,Nurul,1
1534=,Nwando,1
1534=,Nyima,1
1534=,Nyla-Ann,1
1534=,Nyla-Rae,1
1534=,Nylah-May,1
1534=,Nyomi,1
1534=,Nyree,1
1534=,Nysa,1
1534=,Oakleigh,1
1534=,Ocean,1
1534=,Oceana,1
1534=,Oceane,1
1534=,October-Lilly,1
1534=,Odarka,1
1534=,Ofure,1
1534=,Oghenemaro,1
1534=,Oghosasere,1
1534=,Ohana,1
1534=,Olanna,1
1534=,Olaoluwakiisha,1
1534=,Oliva,1
1534=,Olivia-Grace,1
1534=,Olivia-Jo,1
1534=,Olivia-Mae,1
1534=,Olivia-May,1
1534=,Olivia-Ruby,1
1534=,Olivia-Skye,1
1534=,Oliviah,1
1534=,Olufoyinola,1
1534=,Oluwadamilola,1
1534=,Oluwafifehanmi,1
1534=,Oluwafiyanuhanmi,1
1534=,Oluwasegbekele,1
1534=,Oluwatamilore,1
1534=,Oluwatofunmi,1
1534=,Oluwatomini,1
1534=,Oluwatunmishe,1
1534=,Olyvia,1
1534=,Omalichachukwu,1
1534=,Omeia,1
1534=,Omiah,1
1534=,Omolegho,1
1534=,Omotayo,1
1534=,Ondine,1
1534=,Onyeka,1
1534=,Onyinyechukwu,1
1534=,Opal,1
1534=,Oreoluwa,1
1534=,Orianna,1
1534=,Oriri,1
1534=,Orlagh-Jane,1
1534=,Oseremen,1
1534=,Osighimhayo,1
1534=,Oswynn,1
1534=,Oula,1
1534=,Oyinkansola,1
1534=,Ozma,1
1534=,Pahul,1
1534=,Paislee,1
1534=,Pamela,1
1534=,Pankhuri,1
1534=,Panna,1
1534=,Parineet,1
1534=,Parker,1
1534=,Parnia,1
1534=,Patience,1
1534=,Patricia,1
1534=,Patsy,1
1534=,Pauline,1
1534=,Payton-Kelly,1
1534=,Paytyn,1
1534=,Peace,1
1534=,Peaches,1
1534=,Pearl-Leigh,1
1534=,Pearlfreyja,1
1534=,Peigi,1
1534=,Penelope-Daisy,1
1534=,Pennie-Louise,1
1534=,Peony,1
1534=,Pepper,1
1534=,Peri,1
1534=,Peronelle,1
1534=,Persephone,1
1534=,Peta,1
1534=,Petruta,1
1534=,Peyton-Rose,1
1534=,Pheobe,1
1534=,Pheonix,1
1534=,Phillipa,1
1534=,Phoebe-Faith,1
1534=,Phoenix,1
1534=,Phyllida,1
1534=,Pia,1
1534=,Polina,1
1534=,Pollaidh,1
1534=,Poppie-May,1
1534=,Poppy-Elizabeth,1
1534=,Poppy-Moon,1
1534=,Poppy-Rose,1
1534=,Porscha-Lily,1
1534=,Portia,1
1534=,Prabhgun,1
1534=,Prabhsharan,1
1534=,Praghathi,1
1534=,Praise,1
1534=,Pranavi,1
1534=,Prashna,1
1534=,Prasiddhi,1
1534=,Prayer,1
1534=,Precious,1
1534=,Premanjali,1
1534=,Princess,1
1534=,Priscilla,1
1534=,Prisha,1
1534=,Prithvi,1
1534=,Priyani,1
1534=,Qailah,1
1534=,Qarah,1
1534=,Qiran,1
1534=,Qirat,1
1534=,Quin,1
1534=,Quinni,1
1534=,Quratul,1
1534=,Raana,1
1534=,Rabecca,1
1534=,Rabiya,1
1534=,Rachelle,1
1534=,Raechel,1
1534=,Raeya,1
1534=,Rafaella,1
1534=,Raheemah,1
1534=,Rahma,1
1534=,Raine,1
1534=,Rajdeep,1
1534=,Rand,1
1534=,Ranya,1
1534=,Rateel,1
1534=,Rawan,1
1534=,Rayan,1
1534=,Rayne,1
1534=,Reah,1
1534=,Rebbeca,1
1534=,Rebeccah,1
1534=,Rebekka-Jae,1
1534=,Reegan,1
1534=,Reel,1
1534=,Reem,1
1534=,Reeve,1
1534=,Reeya,1
1534=,Reiah,1
1534=,Reid,1
1534=,Reilly,1
1534=,Reka,1
1534=,Remii,1
1534=,Rena,1
1534=,Renad,1
1534=,Rene,1
1534=,Reneeka,1
1534=,Renesme,1
1534=,Renesmee,1
1534=,Reo,1
1534=,Revah,1
1534=,Rewas,1
1534=,Reyhaneh,1
1534=,Reyyan,1
1534=,Rhainey,1
1534=,Rhaya,1
1534=,Rheanna,1
1534=,Rhiann,1
1534=,Rhianna,1
1534=,Rhiannan,1
1534=,Rhianne,1
1534=,Rhigan,1
1534=,Rhomey,1
1534=,Rhona,1
1534=,Rhudi,1
1534=,Rhue,1
1534=,Rhyan,1
1534=,Rhyann,1
1534=,Rian,1
1534=,Riann,1
1534=,Ridhima,1
1534=,Riean,1
1534=,Rielle,1
1534=,Rihanne,1
1534=,Rihanon,1
1534=,Rijja,1
1534=,Rileigh,1
1534=,Rimas,1
1534=,Rina,1
1534=,Rinay,1
1534=,Rinoa,1
1534=,Rio,1
1534=,Rio-Solana,1
1534=,Riona,1
1534=,Risqat,1
1534=,Rita,1
1534=,Ritaj,1
1534=,Rivka,1
1534=,Riyah,1
1534=,Riyanshi,1
1534=,Robin-Rayne,1
1534=,Rock,1
1534=,Rodina,1
1534=,Roiy,1
1534=,Rolana,1
1534=,Roli,1
1534=,Romah,1
1534=,Romaisa,1
1534=,Romani-May,1
1534=,Romanii,1
1534=,Romany,1
1534=,Romi-Kate,1
1534=,Romie,1
1534=,Rona,1
1534=,Ronimoree,1
1534=,Ronnie,1
1534=,Rooh-Afza,1
1534=,Roopjit,1
1534=,Rory,1
1534=,Rosabelle,1
1534=,Rosalea,1
1534=,Rosaleigh,1
1534=,Rosamaria,1
1534=,Rosanna,1
1534=,Rosanne,1
1534=,Rose-Lee,1
1534=,Rose-Marie,1
1534=,Rosealeen,1
1534=,Roseann,1
1534=,Roselia,1
1534=,Rosetta,1
1534=,Rosey,1
1534=,Rosha,1
1534=,Rosie-Jean,1
1534=,Rosie-Joy,1
1534=,Rosita,1
1534=,Roslyn,1
1534=,Roslynn,1
1534=,Rosslyn,1
1534=,Roxana,1
1534=,Roxy,1
1534=,Ruba,1
1534=,Rubab,1
1534=,Rubaina,1
1534=,Rubie,1
1534=,Rubie-Leigh,1
1534=,Ruby-Ann,1
1534=,Ruby-Anne,1
1534=,Ruby-Gillian,1
1534=,Ruby-Jade,1
1534=,Ruby-Jayne,1
1534=,Rubyn,1
1534=,Rue,1
1534=,Ruixuan,1
1534=,Rukewve,1
1534=,Rumaisa,1
1534=,Ruman,1
1534=,Ruo,1
1534=,Ruoxuan,1
1534=,Ruqayya,1
1534=,Ruqayyah,1
1534=,Ruqeah,1
1534=,Ruvarashe,1
1534=,Ruya,1
1534=,Ryley,1
1534=,Saamia,1
1534=,Saanvi,1
1534=,Saara,1
1534=,Saba,1
1534=,Sabaa,1
1534=,Sabeeha,1
1534=,Sabela,1
1534=,Sabina,1
1534=,Sabriah,1
1534=,Sabrina,1
1534=,Sadhana,1
1534=,Sadhbh,1
1534=,Sadie-Lee,1
1534=,Sadie-Mae,1
1534=,Saffa,1
1534=,Saffiyah,1
1534=,Safia,1
1534=,Safina,1
1534=,Safiya,1
1534=,Sage,1
1534=,Sahasra,1
1534=,Sahejleen,1
1534=,Sahitya,1
1534=,Sahra,1
1534=,Saidatou,1
1534=,Sailor,1
1534=,Saira,1
1534=,Saivithreya,1
1534=,Saja,1
1534=,Sajah,1
1534=,Sakura,1
1534=,Salana,1
1534=,Salima,1
1534=,Sama,1
1534=,Samaira,1
1534=,Samara-Hope,1
1534=,Samardeep,1
1534=,Sameea,1
1534=,Samerah,1
1534=,Sameya,1
1534=,Samia,1
1534=,Sammi-Leigh,1
1534=,Sammie,1
1534=,Samreen,1
1534=,Sanaz,1
1534=,Sandie,1
1534=,Sandy,1
1534=,Sanela,1
1534=,Sang,1
1534=,Sanne,1
1534=,Sanvi,1
1534=,Sanya,1
1534=,Sara-Ann,1
1534=,Saranya,1
1534=,Sari,1
1534=,Saria,1
1534=,Sariah,1
1534=,Sarika,1
1534=,Sarita,1
1534=,Sariya,1
1534=,Sariyah,1
1534=,Sarra,1
1534=,Sasha-Ann,1
1534=,Saskia,1
1534=,Sausan,1
1534=,Sava,1
1534=,Savanah-Rose,1
1534=,Savannah-Rose,1
1534=,Sawyer,1
1534=,Sayuri,1
1534=,Sayyada,1
1534=,Scarlett-Leigh,1
1534=,Scarlette,1
1534=,Searhaht,1
1534=,Sehar,1
1534=,Seillean,1
1534=,Sejal,1
1534=,Selina,1
1534=,Selma,1
1534=,Sema,1
1534=,Senalya,1
1534=,Senga,1
1534=,Sennen,1
1534=,Senuli,1
1534=,Seona,1
1534=,Seonaid,1
1534=,Serana,1
1534=,Sereene,1
1534=,Serene,1
1534=,Serenna,1
1534=,Serrah,1
1534=,Seryna,1
1534=,Sewal,1
1534=,Shaine,1
1534=,Shamcy-Khan,1
1534=,Shan,1
1534=,Shana,1
1534=,Shanella,1
1534=,Shanelle,1
1534=,Shanera,1
1534=,Shangah,1
1534=,Shaniah,1
1534=,Shanice-Marie,1
1534=,Shanza,1
1534=,Shanzay,1
1534=,Shari,1
1534=,Shariah,1
1534=,Sharmeen,1
1534=,Shasmeen,1
1534=,Shaunie,1
1534=,Shavonne,1
1534=,Shayla,1
1534=,Shaylah,1
1534=,Shefa,1
1534=,Shehzeen,1
1534=,Shelly-Leigh,1
1534=,Shemaiah,1
1534=,Shems,1
1534=,Shenaz,1
1534=,Shiannah,1
1534=,Shianne,1
1534=,Shifa,1
1534=,Shine,1
1534=,Shirrell,1
1534=,Shivangi,1
1534=,Sholah,1
1534=,Shona,1
1534=,Shraddha,1
1534=,Shreenithy,1
1534=,Shreya,1
1534=,Shriya,1
1534=,Shu,1
1534=,Shuangcheng,1
1534=,Shurouq,1
1534=,Shylah,1
1534=,Siana,1
1534=,Sianah,1
1534=,Siannon,1
1534=,Sibby,1
1534=,Sibella,1
1534=,Sidra,1
1534=,Sienna-Rose,1
1534=,Signe,1
1534=,Siham,1
1534=,Silver,1
1534=,Silvia,1
1534=,Sima,1
1534=,Simar,1
1534=,Simbiat,1
1534=,Simi,1
1534=,Simra,1
1534=,Sinach,1
1534=,Siona,1
1534=,Sirreh,1
1534=,Sissy,1
1534=,Sitara,1
1534=,Siya,1
1534=,Siyaya,1
1534=,Skye-Leigh,1
1534=,Skye-Rose,1
1534=,Skyelah,1
1534=,Skyeler,1
1534=,Skyla-Jean,1
1534=,Skyla-Rose,1
1534=,Skylar-Mae,1
1534=,Skylar-Niamh,1
1534=,Skylar-Rae,1
1534=,Skylar-Rose,1
1534=,Skyler-May,1
1534=,Skylynne,1
1534=,Smali,1
1534=,Smriti,1
1534=,Soarcha,1
1534=,Sofi-Marie,1
1534=,Sofia-Emily,1
1534=,Sofia-Ines,1
1534=,Sofiah,1
1534=,Sofiya-Louise,1
1534=,Sohni,1
1534=,Solara,1
1534=,Solomia,1
1534=,Solveigh,1
1534=,Somerby,1
1534=,Sommer,1
1534=,Sonakshi,1
1534=,Sonam,1
1534=,Sonia,1
1534=,Sonja,1
1534=,Sophi,1
1534=,Sophia-Jade,1
1534=,Sophia-Vivienne,1
1534=,Sophie-Alice,1
1534=,Sophie-Anne,1
1534=,Sophie-Jane,1
1534=,Sophie-Leigh,1
1534=,Sophie-Mae,1
1534=,Sophie-Marie,1
1534=,Sophiea,1
1534=,Soraia,1
1534=,Spencer,1
1534=,Sri,1
1534=,Ssoumood,1
1534=,Staci,1
1534=,Stamatia,1
1534=,Star,1
1534=,Starla,1
1534=,Starr,1
1534=,Staysi,1
1534=,Steevi,1
1534=,Stefania,1
1534=,Steph,1
1534=,Stephanie-Mia,1
1534=,Stevi,1
1534=,Stevie-Amber,1
1534=,Stevie-Jane,1
1534=,Subaita,1
1534=,Sufia,1
1534=,Sujini,1
1534=,Sukhmani,1
1534=,Sukhraj,1
1534=,Sulaf,1
1534=,Sulaima,1
1534=,Sulina,1
1534=,Sumaiya,1
1534=,Sumayyah,1
1534=,Sumita,1
1534=,Suml,1
1534=,Summer-Blossom,1
1534=,Summer-Jade,1
1534=,Summer-Leigh,1
1534=,Summer-Louise,1
1534=,Sunne,1
1534=,Sunni-Roma,1
1534=,Sunniva,1
1534=,Suraya,1
1534=,Suri,1
1534=,Susannah,1
1534=,Sushree,1
1534=,Susi,1
1534=,Suzanne,1
1534=,Suzie,1
1534=,Sybelle,1
1534=,Sylwia,1
1534=,Syma,1
1534=,Szofi,1
1534=,T'keijah,1
1534=,Taanashe,1
1534=,Taashi,1
1534=,Tabbatha,1
1534=,Tabita,1
1534=,Tahira,1
1534=,Taika,1
1534=,Tala,1
1534=,Talia-Rose,1
1534=,Taliyah,1
1534=,Talla,1
1534=,Talleen,1
1534=,Tallia,1
1534=,Talullah,1
1534=,Talyah,1
1534=,Tamaia,1
1534=,Tamaraseri,1
1534=,Tamera-Leigh,1
1534=,Tamika,1
1534=,Tamilore,1
1534=,Tammi,1
1534=,Tammy,1
1534=,Tammy-Lou,1
1534=,Tamunotonye,1
1534=,Tamzyn,1
1534=,Tanaka,1
1534=,Tanaya,1
1534=,Tanisha,1
1534=,Tanishia,1
1534=,Tanya,1
1534=,Taranjit,1
1534=,Taraoluwa,1
1534=,Tasmeen,1
1534=,Tasneem,1
1534=,Tate,1
1534=,Tawananyasha,1
1534=,Tayah,1
1534=,Tayanee,1
1534=,Tayiba,1
1534=,Tayla,1
1534=,Taylor-Jane,1
1534=,Tazkia,1
1534=,Tazmin,1
1534=,Teah,1
1534=,Teamera,1
1534=,Teana,1
1534=,Teeghan,1
1534=,Tegain,1
1534=,Tegan-Marie,1
1534=,Tehya,1
1534=,Teigan-Leigh,1
1534=,Teighann,1
1534=,Teighlor-Mae,1
1534=,Telma,1
1534=,Teoni,1
1534=,Tereza,1
1534=,Terri,1
1534=,Terri-Jo,1
1534=,Terri-Marie,1
1534=,Tesse,1
1534=,Tessie,1
1534=,Teva,1
1534=,Texas,1
1534=,Texis,1
1534=,Teyla,1
1534=,Thaila,1
1534=,Thalie,1
1534=,Thamira,1
1534=,Thandeka,1
1534=,Thandiwe,1
1534=,Thanvi,1
1534=,Thea-Rose,1
1534=,Thelma,1
1534=,Theophilia,1
1534=,Theresa,1
1534=,Thien,1
1534=,Thirteena-Starr,1
1534=,Thora,1
1534=,Tia-Leigh,1
1534=,Tia-Louise,1
1534=,Tiamike,1
1534=,Tiana-Ann,1
1534=,Tiana-Leigh,1
1534=,Tianna-Kimberly,1
1534=,Tianna-Leigh,1
1534=,Tiara-Jazmyn,1
1534=,Tiara-Leigh,1
1534=,Tiaraphin,1
1534=,Tiger-Lilly,1
1534=,Tiger-Lily,1
1534=,Tija,1
1534=,Tilleigh,1
1534=,Tilly-Ann,1
1534=,Tilly-Mae,1
1534=,Ting,1
1534=,Tippi,1
1534=,Tiyamike,1
1534=,Toka,1
1534=,Toni-Lee,1
1534=,Toni-Leigh,1
1534=,Tonia,1
1534=,Tooba,1
1534=,Toria,1
1534=,Torkwase,1
1534=,Torra,1
1534=,Torrie,1
1534=,Torrin,1
1534=,Trinity,1
1534=,Trudy,1
1534=,Tsneem,1
1534=,Tulisa,1
1534=,Tulisa-Louise,1
1534=,Tulliah,1
1534=,Tuva,1
1534=,Tvisha,1
1534=,Twinkle,1
1534=,Twisha,1
1534=,Tygar-Lilii,1
1534=,Tyler,1
1534=,Tyrus,1
1534=,Ula,1
1534=,Ulla,1
1534=,Ulviye,1
1534=,Uma,1
1534=,Umaira,1
1534=,Umamah,1
1534=,Umm-E-Habiba,1
1534=,Unah,1
1534=,Urooj,1
1534=,Ursula,1
1534=,Urszula,1
1534=,Urte,1
1534=,Urwah,1
1534=,Vada,1
1534=,Vaiga,1
1534=,Vaishnavi,1
1534=,Valen,1
1534=,Valentine,1
1534=,Valeria,1
1534=,Valeriann,1
1534=,Vanna,1
1534=,Vari,1
1534=,Varshika,1
1534=,Vazira,1
1534=,Veda,1
1534=,Vedalakshmi,1
1534=,Veeksha,1
1534=,Vega,1
1534=,Veiska,1
1534=,Velora,1
1534=,Velvet,1
1534=,Vera,1
1534=,Verra,1
1534=,Vhairi,1
1534=,Vian,1
1534=,Vibhavari,1
1534=,Vicki,1
1534=,Victoire,1
1534=,Vidhi,1
1534=,Vidya,1
1534=,Vienna,1
1534=,Viktorija,1
1534=,Violeta,1
1534=,Virag,1
1534=,Viviana,1
1534=,Viviene,1
1534=,Viyan,1
1534=,Vlada,1
1534=,Vrunda,1
1534=,Wajiha,1
1534=,Wallace,1
1534=,Wallis,1
1534=,Wanda,1
1534=,Wanessa,1
1534=,Wania,1
1534=,Wararisa,1
1534=,Warisha,1
1534=,Wen,1
1534=,Whitney,1
1534=,Wilcia,1
1534=,William,1
1534=,Williamina,1
1534=,Willow-Eve,1
1534=,Willow-Grace,1
1534=,Wynter-Lilly,1
1534=,Xanthe,1
1534=,Xanthia,1
1534=,Xarina,1
1534=,Xeela,1
1534=,Xihui,1
1534=,Ximena,1
1534=,Xinge,1
1534=,Xinyi,1
1534=,Xorse,1
1534=,Xu,1
1534=,Xuan,1
1534=,Xynny,1
1534=,Ya,1
1534=,Yadira,1
1534=,Yagnaa,1
1534=,Yanah,1
1534=,Yann-Yuee,1
1534=,Yashica,1
1534=,Yashvi,1
1534=,Yasmen,1
1534=,Yasmina,1
1534=,Yassmin,1
1534=,Yekta,1
1534=,Yeva-Maria,1
1534=,Yifan,1
1534=,Yiyi,1
1534=,Yizhen,1
1534=,Ysabella,1
1534=,Yui,1
1534=,Yulia,1
1534=,Yumna,1
1534=,Yuna,1
1534=,Yusha,1
1534=,Yussrah,1
1534=,Yvette,1
1534=,Zaara,1
1534=,Zaeli-Jess,1
1534=,Zahara,1
1534=,Zaima,1
1534=,Zain,1
1534=,Zainah,1
1534=,Zaine,1
1534=,Zara-Ava,1
1534=,Zara-Louise,1
1534=,Zara-Rose,1
1534=,Zaraah-Leigh,1
1534=,Zaria,1
1534=,Zarrin,1
1534=,Zaryaan,1
1534=,Zawad,1
1534=,Zayna,1
1534=,Zeenat,1
1534=,Zeenia,1
1534=,Zejneb,1
1534=,Zelah,1
1534=,Zelda,1
1534=,Zemira,1
1534=,Zeryn,1
1534=,Zevanna,1
1534=,Zhalin,1
1534=,Zhaotong,1
1534=,Zhi,1
1534=,Zia,1
1534=,Ziah,1
1534=,Zienna-Louise,1
1534=,Zikra,1
1534=,Zimal,1
1534=,Zimalia,1
1534=,Ziya-Star,1
1534=,Zoe-Louise,1
1534=,Zoha,1
1534=,Zohana,1
1534=,Zola,1
1534=,Zsofia,1
1534=,Zumar,1
1534=,Zunairah,1
1534=,Zuri-Louise,1
1534=,Zyrah,1
1534=,Zyrina,1
