Position,Name,Number of babies
1,Emily,497
2,Sophie,468
3,Olivia,452
4,Isla,419
5,Jessica,357
6,Ava,354
7,Amelia,352
8,Ella,341
9,Lucy,317
10,Lily,279
11,Grace,255
12,Chloe,254
13,Freya,245
14,Ellie,238
15,Millie,225
16,Emma,224
17=,Anna,223
17=,Eva,223
19,Sophia,220
20,Mia,212
21,Charlotte,209
22,Eilidh,208
23,Ruby,201
24,Hannah,180
25,Aria,179
26=,Evie,167
26=,Georgia,167
28,Poppy,161
29,Erin,160
30,Katie,159
31,Holly,157
32,Orla,149
33=,Layla,144
33=,Skye,144
35,Rosie,134
36,Harper,128
37,Maisie,126
38,Leah,124
39,Zoe,122
40,Daisy,119
41,Amber,113
42=,Amy,112
42=,Hollie,112
42=,Isabella,112
45,Niamh,106
46=,Molly,104
46=,Robyn,104
48,Alice,98
49,Sofia,96
50,Lilly,93
51,Maya,92
52,Lacey,90
53=,Rebecca,89
53=,Scarlett,89
55=,Lexi,88
55=,Willow,88
57=,Abigail,87
57=,Brooke,87
57=,Esme,87
60,Lola,85
61,Paige,84
62,Gracie,82
63=,Emilia,79
63=,Mila,79
65,Zara,78
66,Megan,77
67,Abbie,76
68=,Kayla,75
68=,Sienna,75
70=,Ivy,74
70=,Summer,74
72=,Cara,72
72=,Thea,72
74,Imogen,71
75,Sarah,70
76,Rose,67
77,Ayla,66
78=,Bella,64
78=,Mya,64
80=,Elizabeth,63
80=,Rachel,63
82=,Iona,62
82=,Julia,62
84,Elsie,61
85,Amelie,60
86=,Darcy,59
86=,Lauren,59
86=,Mollie,59
89,Arianna,58
90,Eve,56
91,Matilda,55
92,Caitlin,54
93=,Beth,52
93=,Maria,52
95,Phoebe,51
96=,Heidi,49
96=,Hope,49
98,Ariana,48
99=,Georgie,47
99=,Sadie,47
101=,Aimee,46
101=,Arya,46
101=,Carly,46
101=,Nina,46
101=,Penelope,46
106=,Aila,44
106=,Alexis,44
106=,Emilie,44
109=,Eden,43
109=,Lena,43
109=,Martha,43
109=,Rowan,43
113=,Annabelle,42
113=,Darcie,42
113=,Elise,42
113=,Orlaith,42
113=,Sara,42
113=,Victoria,42
119,Madison,41
120=,Ailsa,40
120=,Annie,40
120=,Darcey,40
120=,Quinn,40
120=,Violet,40
125=,Bonnie,39
125=,Faith,39
125=,Hanna,39
125=,Lyla,39
129=,Lara,38
129=,Lucie,38
131=,Aoife,37
131=,Myla,37
131=,Taylor,37
134=,Alexandra,36
134=,Casey,36
134=,Clara,36
134=,Lois,36
134=,Penny,36
139=,Cora,35
139=,Maja,35
139=,Naomi,35
139=,Zuzanna,35
143=,Keira,34
143=,Nieve,34
145=,Isobel,33
145=,Lana,33
147=,Callie,32
147=,Florence,32
147=,Halle,32
147=,Macie,32
151=,Bethany,31
151=,Evelyn,31
151=,Flora,31
151=,Laura,31
155,Lucia,30
156=,Alba,29
156=,Caoimhe,29
156=,Hayley,29
156=,Jennifer,29
160=,Alyssa,28
160=,Ellis,28
160=,Lillie,28
160=,Maci,28
160=,Maddison,28
160=,Natalia,28
160=,Piper,28
167=,Aaliyah,27
167=,Aurora,27
167=,Eliza,27
167=,Hallie,27
167=,Harley,27
167=,Tilly,27
173=,Eleanor,26
173=,Harriet,26
173=,Jasmine,26
173=,Kara,26
177=,Anya,25
177=,Luna,25
177=,Macy,25
177=,Mirren,25
177=,Savannah,25
182=,Alexa,24
182=,April,24
182=,Catherine,24
182=,Edith,24
182=,Lexie,24
182=,Libby,24
182=,Louisa,24
182=,Marnie,24
182=,Rosa,24
191=,Connie,23
191=,Ella-Rose,23
191=,Faye,23
191=,Gabriella,23
191=,Georgina,23
191=,Indie,23
191=,Liliana,23
191=,Lottie,23
191=,Neve,23
191=,Peyton,23
201=,Ada,22
201=,Ciara,22
201=,Elena,22
201=,Esmee,22
201=,Iris,22
201=,Isabelle,22
201=,Laila,22
201=,Maryam,22
201=,Zoey,22
210=,Leila,21
210=,Melissa,21
210=,Pippa,21
213=,Arabella,20
213=,Charlie,20
213=,Eloise,20
213=,Fatima,20
213=,Heather,20
213=,Khloe,20
213=,Louise,20
213=,Orlagh,20
221=,Aisha,19
221=,Alicia,19
221=,Alisha,19
221=,Autumn,19
221=,Belle,19
221=,Kirsty,19
227=,Caitlyn,18
227=,Isabel,18
227=,Jorgie,18
227=,Kacey,18
227=,Katherine,18
227=,Lydia,18
227=,Maia,18
227=,Saoirse,18
227=,Skylar,18
236=,Abby,17
236=,Annabel,17
236=,Carmen,17
236=,Cerys,17
236=,Erica,17
236=,Fearne,17
236=,Frankie,17
236=,Jenna,17
236=,Kate,17
236=,Macey,17
236=,Marley,17
236=,Morgan,17
236=,Nicole,17
236=,Payton,17
236=,Seren,17
236=,Zainab,17
252=,Alicja,16
252=,Aliza,16
252=,Ana,16
252=,Elodie,16
252=,Emelia,16
252=,Harlow,16
252=,Hazel,16
252=,Helena,16
252=,Kaci,16
252=,Kaitlyn,16
252=,Kendall,16
252=,Madeleine,16
252=,Maggie,16
252=,Nadia,16
266=,Alex,15
266=,Amelia-Rose,15
266=,Ariella,15
266=,Brooklyn,15
266=,Carys,15
266=,Charley,15
266=,Claudia,15
266=,Darci,15
266=,Emmie,15
266=,Felicity,15
266=,Katy,15
266=,Kiera,15
266=,Stella,15
266=,Talia,15
266=,Vanessa,15
281=,Abbey,14
281=,Alana,14
281=,Aliyah,14
281=,Anaya,14
281=,Ayda,14
281=,Beau,14
281=,Billie,14
281=,Demi,14
281=,Edie,14
281=,Esther,14
281=,Francesca,14
281=,Gabriela,14
281=,Jessie,14
281=,Kelsey,14
281=,Lacie,14
281=,Lily-Rose,14
281=,Melody,14
281=,Oliwia,14
281=,Rhea,14
300=,Addison,13
300=,Angel,13
300=,Cali,13
300=,Elle,13
300=,Elspeth,13
300=,Emeli,13
300=,Farrah,13
300=,Jorja,13
300=,Kacie,13
300=,Kayleigh,13
300=,Kyla,13
300=,Leia,13
300=,Maisy,13
300=,Mhairi,13
300=,Nancy,13
300=,Pola,13
300=,Scarlet,13
300=,Zofia,13
318=,Alix,12
318=,Amira,12
318=,Antonia,12
318=,Ayesha,12
318=,Carla,12
318=,Cassie,12
318=,Chelsea,12
318=,Ebony,12
318=,Joanna,12
318=,Joy,12
318=,Kali,12
318=,Kathryn,12
318=,Kiara,12
318=,Livia,12
318=,Myah,12
318=,Neive,12
318=,Olive,12
318=,Ruth,12
318=,Shannon,12
318=,Skyler,12
318=,Tabitha,12
318=,Yasmin,12
340=,Amara,11
340=,Aubrey,11
340=,Catriona,11
340=,Christina,11
340=,Emily-Rose,11
340=,Fern,11
340=,Gemma,11
340=,Jade,11
340=,Karis,11
340=,Keeva,11
340=,Lillian,11
340=,Maiya,11
340=,Mara,11
340=,Mary,11
340=,Miley,11
340=,Milly,11
340=,Morven,11
340=,Natalie,11
340=,Rebekah,11
340=,Skyla,11
340=,Tess,11
361=,Aela,10
361=,Aleksandra,10
361=,Annabella,10
361=,Courtney,10
361=,Dakota,10
361=,Ellen,10
361=,Fallon,10
361=,Honor,10
361=,Islay,10
361=,Juliette,10
361=,Lia,10
361=,Mackenzie,10
361=,Maddie,10
361=,Meghan,10
361=,Miya,10
361=,Murron,10
361=,Nova,10
361=,Tia,10
379=,Abi,9
379=,Allie,9
379=,Amie,9
379=,Annalise,9
379=,Ariya,9
379=,Betsy,9
379=,Brodie,9
379=,Brogan,9
379=,Cleo,9
379=,Constance,9
379=,Danielle,9
379=,Elissa,9
379=,Ella-Louise,9
379=,Ellie-Mae,9
379=,Elsa,9
379=,Evangeline,9
379=,Hailey,9
379=,Inaaya,9
379=,Jess,9
379=,Kasey,9
379=,Lilah,9
379=,Lilly-May,9
379=,Lily-Mae,9
379=,Maeve,9
379=,Mairi,9
379=,Neave,9
379=,Nicola,9
379=,Nikola,9
379=,Nora,9
379=,Rachael,9
379=,Remi,9
379=,River,9
379=,Stephanie,9
379=,Tessa,9
379=,Vivienne,9
379=,Winter,9
379=,Zahra,9
416=,Ailidh,8
416=,Aiza,8
416=,Aizah,8
416=,Alanna,8
416=,Alannah,8
416=,Alina,8
416=,Amanda,8
416=,Amaya,8
416=,Antonina,8
416=,Beatrice,8
416=,Blair,8
416=,Blanka,8
416=,Breagha,8
416=,Emmy,8
416=,Fiona,8
416=,Jamie,8
416=,Julie,8
416=,Kelsie,8
416=,Kira,8
416=,Leigha,8
416=,Lila,8
416=,Lyra,8
416=,Margaret,8
416=,Mariam,8
416=,Meadow,8
416=,Miah,8
416=,Milena,8
416=,Miriam,8
416=,Noor,8
416=,Paisley,8
416=,Perrie,8
416=,Reeva,8
416=,Rosanna,8
416=,Samantha,8
416=,Sofie,8
416=,Sylvie,8
416=,Una,8
416=,Valentina,8
416=,Zoya,8
455=,Abbi,7
455=,Adele,7
455=,Ailie,7
455=,Alesha,7
455=,Alison,7
455=,Amina,7
455=,Anastasia,7
455=,Arwen,7
455=,Ashleigh,7
455=,Astrid,7
455=,Aurla,7
455=,Ayva,7
455=,Bethan,7
455=,Blaire,7
455=,Calli,7
455=,Claire,7
455=,Daria,7
455=,Dylan,7
455=,Elisa,7
455=,Ella-May,7
455=,Ellie-May,7
455=,Elyse,7
455=,Emelie,7
455=,Emme,7
455=,Emmeline,7
455=,Eryn,7
455=,Farah,7
455=,Ferne,7
455=,Frances,7
455=,Haniya,7
455=,Jodie,7
455=,Josephine,7
455=,Kaja,7
455=,Kallie,7
455=,Kaya,7
455=,Kennedy,7
455=,Kenzie,7
455=,Kimberly,7
455=,Kourtney,7
455=,Kyra,7
455=,Leona,7
455=,Liana,7
455=,Lina,7
455=,Luisa,7
455=,Michelle,7
455=,Nevaeh,7
455=,Nia,7
455=,Orlah,7
455=,Robin,7
455=,Safa,7
455=,Tara,7
455=,Tegan,7
455=,Wiktoria,7
455=,Zarah,7
509=,Adalyn,6
509=,Aleah,6
509=,Aleena,6
509=,Alexia,6
509=,Ariah,6
509=,Ashley,6
509=,Aurelia,6
509=,Avery,6
509=,Bailey,6
509=,Calleigh,6
509=,Caris,6
509=,Charli,6
509=,Devon,6
509=,Effie,6
509=,Eilish,6
509=,Emmi,6
509=,Erika,6
509=,Eshal,6
509=,Fia,6
509=,Gabrielle,6
509=,Iga,6
509=,Indi,6
509=,Kaitlin,6
509=,Katelyn,6
509=,Kendal,6
509=,Khadijah,6
509=,Kiana,6
509=,Kirsten,6
509=,Laci,6
509=,Lacy,6
509=,Lea,6
509=,Leonie,6
509=,Leyla,6
509=,Liberty,6
509=,Lilian,6
509=,Lilianna,6
509=,Marcie,6
509=,Meredith,6
509=,Merida,6
509=,Norah,6
509=,Nuala,6
509=,Nylah,6
509=,Paris,6
509=,Priya,6
509=,Pyper,6
509=,Rae,6
509=,Rayna,6
509=,Riley,6
509=,Sapphire,6
509=,Sorcha,6
509=,Sydney,6
509=,Syeda,6
509=,Tamara,6
509=,Theia,6
509=,Tiana,6
509=,Vaila,6
509=,Zaynab,6
566=,Adrianna,5
566=,Agata,5
566=,Aida,5
566=,Ainsley,5
566=,Akira,5
566=,Alayna,5
566=,Alivia,5
566=,Amalia,5
566=,Anastazja,5
566=,Anayah,5
566=,Angela,5
566=,Aryana,5
566=,Asha,5
566=,Ava-Leigh,5
566=,Avah,5
566=,Ayana,5
566=,Barbara,5
566=,Beatrix,5
566=,Blake,5
566=,Cassidy,5
566=,Cayla,5
566=,Ceitidh,5
566=,Chantelle,5
566=,Dana,5
566=,Dani,5
566=,Deborah,5
566=,Demi-Leigh,5
566=,Eliana,5
566=,Etta,5
566=,Freyja,5
566=,Frida,5
566=,Frieda,5
566=,Greta,5
566=,Hadiya,5
566=,Hafsa,5
566=,Hareem,5
566=,Harleigh,5
566=,Harmony,5
566=,Honey,5
566=,India,5
566=,Ines,5
566=,Ingrid,5
566=,Jasmin,5
566=,Jenny,5
566=,Juliet,5
566=,Kaia,5
566=,Karly,5
566=,Khadija,5
566=,Lacey-Mae,5
566=,Lauryn,5
566=,Laylah,5
566=,Leela,5
566=,Leoni,5
566=,Lilia,5
566=,Lori,5
566=,Magdalena,5
566=,Marcelina,5
566=,Marina,5
566=,Mathilda,5
566=,Merryn,5
566=,Milana,5
566=,Milania,5
566=,Mirrin,5
566=,Mirryn,5
566=,Murren,5
566=,Mylah,5
566=,Nadine,5
566=,Natasha,5
566=,Nyla,5
566=,Pearl,5
566=,Philippa,5
566=,Poppie,5
566=,Raegan,5
566=,Renee,5
566=,Rhiannon,5
566=,Roisin,5
566=,Samanta,5
566=,Sandra,5
566=,Sasha,5
566=,Selina,5
566=,Sky,5
566=,Stevie,5
566=,Sumayyah,5
566=,Susannah,5
566=,Teigan,5
566=,Tillie,5
566=,Veronica,5
653=,Aaminah,4
653=,Aarya,4
653=,Abbigail,4
653=,Abiha,4
653=,Adriana,4
653=,Aimee-Leigh,4
653=,Aiyla,4
653=,Alaina,4
653=,Alara,4
653=,Aleigha,4
653=,Alexandria,4
653=,Alissa,4
653=,Alyssia,4
653=,Amal,4
653=,Amber-Rose,4
653=,Ameerah,4
653=,Amelia-Grace,4
653=,Amellia,4
653=,Anabelle,4
653=,Anais,4
653=,Ananya,4
653=,Andie,4
653=,Aniya,4
653=,Anna-Leigh,4
653=,Arla,4
653=,Arlo,4
653=,Aspen,4
653=,Athena,4
653=,Aubree,4
653=,Ava-Grace,4
653=,Ayat,4
653=,Aylah,4
653=,Aysha,4
653=,Bella-Rose,4
653=,Blossom,4
653=,Blythe,4
653=,Bobbi,4
653=,Brianna,4
653=,Cailyn,4
653=,Calla,4
653=,Carley,4
653=,Carrie,4
653=,Cassandra,4
653=,Catalina,4
653=,Charleigh,4
653=,Chelsey,4
653=,Corrin,4
653=,Dahlia,4
653=,Daisie,4
653=,Daniela,4
653=,Daniella,4
653=,Danni,4
653=,Destiny,4
653=,Elaina,4
653=,Elin,4
653=,Elinor,4
653=,Ella-Mae,4
653=,Fatimah,4
653=,Fatma,4
653=,Floraidh,4
653=,Freja,4
653=,Giorgia,4
653=,Harlie,4
653=,Helen,4
653=,Huda,4
653=,Ida,4
653=,Ilaria,4
653=,Indy,4
653=,Isla-Rose,4
653=,Ivy-Rose,4
653=,Jane,4
653=,Joni,4
653=,Josie,4
653=,Kailey,4
653=,Kamile,4
653=,Kassidy,4
653=,Katerina,4
653=,Kaylah,4
653=,Kaylee,4
653=,Kianna,4
653=,Kornelia,4
653=,Krystal,4
653=,Kylah,4
653=,Lanna,4
653=,Leena,4
653=,Lianna,4
653=,Liara,4
653=,Lili,4
653=,Lilith,4
653=,Lilly-Mae,4
653=,Lily-May,4
653=,Lisa,4
653=,Luci,4
653=,Lucja,4
653=,Mabel,4
653=,Maira,4
653=,Maizie,4
653=,Manha,4
653=,Marci,4
653=,Margot,4
653=,Marie,4
653=,Marin,4
653=,Marissa,4
653=,Martina,4
653=,Martyna,4
653=,Matylda,4
653=,Meah,4
653=,Melanie,4
653=,Mia-Rose,4
653=,Mika,4
653=,Mikayla,4
653=,Minnie,4
653=,Mylie,4
653=,Myra,4
653=,Neha,4
653=,Nela,4
653=,Nell,4
653=,Neva,4
653=,Nyah,4
653=,Olivia-Rose,4
653=,Oona,4
653=,Ophelia,4
653=,Ottilie,4
653=,Paula,4
653=,Peggy,4
653=,Perri,4
653=,Petra,4
653=,Pixie,4
653=,Polly,4
653=,Rhia,4
653=,Rhona,4
653=,Ria,4
653=,Rihanna,4
653=,Roma,4
653=,Romy,4
653=,Rosalie,4
653=,Roxanne,4
653=,Ruby-Rose,4
653=,Saskia,4
653=,Savanna,4
653=,Shelby,4
653=,Siena,4
653=,Sinead,4
653=,Sunny,4
653=,Tahlia,4
653=,Tanisha,4
653=,Teagan,4
653=,Toni,4
653=,Valeria,4
653=,Vanesa,4
653=,Wren,4
653=,Yasmine,4
653=,Zi,4
806=,Abrish,3
806=,Adeline,3
806=,Afsa,3
806=,Ailah,3
806=,Aileigh,3
806=,Aisling,3
806=,Alaya,3
806=,Alessia,3
806=,Aliya,3
806=,Allegra,3
806=,Ally,3
806=,Alma,3
806=,Alyx,3
806=,Amalie,3
806=,Amarah,3
806=,Amirah,3
806=,Amiyah,3
806=,Amna,3
806=,Anabel,3
806=,Andi,3
806=,Angelina,3
806=,Anika,3
806=,Anisa,3
806=,Anja,3
806=,Anne,3
806=,Annika,3
806=,Anum,3
806=,Arden,3
806=,Areesha,3
806=,Ariadne,3
806=,Arianne,3
806=,Aroush,3
806=,Asiya,3
806=,Audrey,3
806=,Ava-Louise,3
806=,Ava-Mae,3
806=,Ava-May,3
806=,Ava-Rose,3
806=,Averie,3
806=,Avril,3
806=,Ayra,3
806=,Bethanie,3
806=,Betty,3
806=,Bianka,3
806=,Caela,3
806=,Calley,3
806=,Camille,3
806=,Camryn,3
806=,Caragh,3
806=,Carina,3
806=,Carlie,3
806=,Caroline,3
806=,Cherry,3
806=,Chiara,3
806=,Chimamanda,3
806=,Christine,3
806=,Clarissa,3
806=,Clarke,3
806=,Clementine,3
806=,Colette,3
806=,Coral,3
806=,Danika,3
806=,Dara,3
806=,Darby,3
806=,Demi-Lee,3
806=,Denver,3
806=,Devyn,3
806=,Diana,3
806=,Dilara,3
806=,Dominika,3
806=,Eabha,3
806=,Eadie,3
806=,Ela,3
806=,Elaine,3
806=,Eleni,3
806=,Elif,3
806=,Elina,3
806=,Eliska,3
806=,Ellie-Rose,3
806=,Elowen,3
806=,Ema,3
806=,Emilee,3
806=,Emillie,3
806=,Enid,3
806=,Erynn,3
806=,Evelina,3
806=,Ewa,3
806=,Fiadh,3
806=,Gia,3
806=,Ginny,3
806=,Gloria,3
806=,Gracie-May,3
806=,Haadiya,3
806=,Hafsah,3
806=,Hailie,3
806=,Hana,3
806=,Hania,3
806=,Harper-Rose,3
806=,Hattie,3
806=,Haylee,3
806=,Hiba,3
806=,Hibba,3
806=,Holli,3
806=,Imaan,3
806=,Iman,3
806=,Inaya,3
806=,Isra,3
806=,Izabella,3
806=,Izzy,3
806=,Jada,3
806=,Jaime,3
806=,Jana,3
806=,Jaymie,3
806=,Jessica-Rose,3
806=,Jia,3
806=,Jodi,3
806=,Jorgia,3
806=,Jowita,3
806=,Joyce,3
806=,Jura,3
806=,Kacie-Leigh,3
806=,Kamryn,3
806=,Karlie,3
806=,Kayla-Rose,3
806=,Kenzi,3
806=,Kerin,3
806=,Kerris,3
806=,Khaira,3
806=,Kimberley,3
806=,Kirstin,3
806=,Kitty,3
806=,Klara,3
806=,Kodi,3
806=,Kristina,3
806=,Lailah,3
806=,Laurie,3
806=,Layna,3
806=,Leighton,3
806=,Letti,3
806=,Lilli,3
806=,Lillie-Mae,3
806=,Lillie-Mai,3
806=,Lilly-Rose,3
806=,Lillyanna,3
806=,Lilyanna,3
806=,Liusaidh,3
806=,Lizzie,3
806=,Lorelei,3
806=,Luciana,3
806=,Lucille,3
806=,Mae,3
806=,Mahnoor,3
806=,Maicey,3
806=,Maili,3
806=,Mairead,3
806=,Makayla,3
806=,Malak,3
806=,Malgorzata,3
806=,Marianna,3
806=,Marianne,3
806=,Mariyam,3
806=,Marli,3
806=,Marlie,3
806=,Marta,3
806=,Mary-Jane,3
806=,Maryum,3
806=,Mayah,3
806=,Mazie,3
806=,Mehar,3
806=,Melina,3
806=,Michaela,3
806=,Mikaela,3
806=,Milla,3
806=,Millicent,3
806=,Minahil,3
806=,Monica,3
806=,Nel,3
806=,Nellie,3
806=,Niomi,3
806=,Noa,3
806=,Nour,3
806=,Nya,3
806=,Oakleigh,3
806=,Ocean,3
806=,Octavia,3
806=,Olga,3
806=,Olivia-May,3
806=,Oonagh,3
806=,Oran,3
806=,Orla-Rose,3
806=,Paighton,3
806=,Paityn,3
806=,Patrycja,3
806=,Polina,3
806=,Porsha,3
806=,Primrose,3
806=,Raine,3
806=,Raven,3
806=,Rayne,3
806=,Reagan,3
806=,Rebeca,3
806=,Regan,3
806=,Rhian,3
806=,Rhianne,3
806=,Riah,3
806=,Riya,3
806=,Romi,3
806=,Romie,3
806=,Rona,3
806=,Rosslyn,3
806=,Roxy,3
806=,Ryleigh,3
806=,Saanvi,3
806=,Sabrina,3
806=,Saira,3
806=,Salma,3
806=,Samia,3
806=,Sania,3
806=,Savana,3
806=,Selma,3
806=,Simran,3
806=,Siobhan,3
806=,Sloane,3
806=,Sofiya,3
806=,Soha,3
806=,Sophia-Rose,3
806=,Susanna,3
806=,Susie,3
806=,Sylvia,3
806=,Tanya,3
806=,Teegan,3
806=,Thalia,3
806=,Thora,3
806=,Tianna,3
806=,Tiffany,3
806=,Tina,3
806=,Tori,3
806=,Verity,3
806=,Veronika,3
806=,Vicky,3
806=,Vivien,3
806=,Weronika,3
806=,Willa,3
806=,Winnie,3
806=,Wynter,3
806=,Xin,3
806=,Yvie,3
806=,Ziva,3
806=,Zuri,3
1055=,Aadya,2
1055=,Aairah,2
1055=,Aanya,2
1055=,Abbie-Rose,2
1055=,Abena,2
1055=,Adara,2
1055=,Addie,2
1055=,Adelle,2
1055=,Adhya,2
1055=,Afiyah,2
1055=,Agnes,2
1055=,Ahria,2
1055=,Ailish,2
1055=,Aima,2
1055=,Aira,2
1055=,Airlie,2
1055=,Aishah,2
1055=,Aitana,2
1055=,Aivah,2
1055=,Aksha,2
1055=,Alaa,2
1055=,Alayah,2
1055=,Aleeah,2
1055=,Aleesha,2
1055=,Ali,2
1055=,Alia,2
1055=,Alisa,2
1055=,Alise,2
1055=,Alysse,2
1055=,Alyth,2
1055=,Amari,2
1055=,Amayra,2
1055=,Ambyr,2
1055=,Ameera,2
1055=,Ameliarose,2
1055=,Amiee,2
1055=,Amy-Leigh,2
1055=,Andrea,2
1055=,Angelique,2
1055=,Ania,2
1055=,Annabell,2
1055=,Anvi,2
1055=,Aoibheann,2
1055=,Ara,2
1055=,Areen,2
1055=,Aria-Grace,2
1055=,Aria-Rose,2
1055=,Arija,2
1055=,Arisha,2
1055=,Arria,2
1055=,Arwa,2
1055=,Arwyn,2
1055=,Aryia,2
1055=,Ashlyn,2
1055=,Ashton,2
1055=,Asma,2
1055=,Ava-Mai,2
1055=,Ava-Marie,2
1055=,Aylar,2
1055=,Ayleah,2
1055=,Aylie,2
1055=,Aylin,2
1055=,Ayooluwa,2
1055=,Azaria,2
1055=,Baylee,2
1055=,Beatriz,2
1055=,Becca,2
1055=,Bernice,2
1055=,Betsie,2
1055=,Blanca,2
1055=,Bo,2
1055=,Bree,2
1055=,Briar,2
1055=,Briar-Rose,2
1055=,Bridgette,2
1055=,Britney,2
1055=,Broghan,2
1055=,Bryony,2
1055=,Cadi,2
1055=,Cairn,2
1055=,Caisie,2
1055=,Caitie,2
1055=,Callie-Jo,2
1055=,Cameron,2
1055=,Camilla,2
1055=,Candice,2
1055=,Caoilainn,2
1055=,Capri,2
1055=,Carmel,2
1055=,Carris,2
1055=,Carsyn,2
1055=,Cassey,2
1055=,Cassia,2
1055=,Cathryn,2
1055=,Cece,2
1055=,Cecilia,2
1055=,Celeste,2
1055=,Chanel,2
1055=,Charis,2
1055=,Charlee,2
1055=,Charley-Ann,2
1055=,Cheryl,2
1055=,Chloe-Grace,2
1055=,Christie,2
1055=,Cici,2
1055=,Cienna,2
1055=,Clare,2
1055=,Clodagh,2
1055=,Coco,2
1055=,Codi,2
1055=,Codie,2
1055=,Cody,2
1055=,Cole,2
1055=,Cordelia,2
1055=,Daisy-Jane,2
1055=,Dalia,2
1055=,Dalma,2
1055=,Dania,2
1055=,Darah,2
1055=,Darcey-Mae,2
1055=,Darcy-Leigh,2
1055=,Debora,2
1055=,Dekota,2
1055=,Delilah,2
1055=,Demelza,2
1055=,Deryn,2
1055=,Dharci,2
1055=,Dia,2
1055=,Dior,2
1055=,Dolores,2
1055=,Dorothea,2
1055=,Dua,2
1055=,Duaa,2
1055=,Ealasaid,2
1055=,Ebonie,2
1055=,Effy,2
1055=,Eila,2
1055=,Eilah,2
1055=,Eira,2
1055=,Eireann,2
1055=,Elanor,2
1055=,Elianna,2
1055=,Elisabeth,2
1055=,Elisabetta,2
1055=,Elisha,2
1055=,Elizabeta,2
1055=,Ella-Ann,2
1055=,Ella-Marie,2
1055=,Ellie-Jay,2
1055=,Elliemay,2
1055=,Elliot,2
1055=,Elly,2
1055=,Eloisa,2
1055=,Elouise,2
1055=,Elsbeth,2
1055=,Elyssa,2
1055=,Elza,2
1055=,Emanuela,2
1055=,Ember,2
1055=,Emelia-Rose,2
1055=,Emerson,2
1055=,Emileigh,2
1055=,Emilija,2
1055=,Emillia,2
1055=,Emily-Anne,2
1055=,Emily-Grace,2
1055=,Emily-May,2
1055=,Emma-Leigh,2
1055=,Emmanuella,2
1055=,Ena,2
1055=,Enya,2
1055=,Eowyn,2
1055=,Esha,2
1055=,Eshaal,2
1055=,Esmae,2
1055=,Esmay,2
1055=,Esmie,2
1055=,Essie,2
1055=,Estelle,2
1055=,Eva-Marie,2
1055=,Everly,2
1055=,Eviee,2
1055=,Ezmae,2
1055=,Ezmai,2
1055=,Fajr,2
1055=,Fathima,2
1055=,Favour,2
1055=,Fay,2
1055=,Ffion,2
1055=,Fleur,2
1055=,Franchesca,2
1055=,Freija,2
1055=,Gabija,2
1055=,Gaia,2
1055=,Genevieve,2
1055=,Georgia-Rose,2
1055=,Georgiana,2
1055=,Gianna,2
1055=,Goda,2
1055=,Goldie,2
1055=,Gracey,2
1055=,Gracie-Leigh,2
1055=,Gracie-Mae,2
1055=,Hadassah,2
1055=,Hadley,2
1055=,Hajra,2
1055=,Haleema,2
1055=,Halima,2
1055=,Hanan,2
1055=,Harriett,2
1055=,Harris,2
1055=,Hawa,2
1055=,Hayleigh,2
1055=,Haylie,2
1055=,Heba,2
1055=,Helga,2
1055=,Hibah,2
1055=,Hira,2
1055=,Humna,2
1055=,Ilyana,2
1055=,Indi-Rose,2
1055=,Indiana,2
1055=,Indie-Rose,2
1055=,Indigo,2
1055=,Iqra,2
1055=,Irha,2
1055=,Izabela,2
1055=,Jamie-Lee,2
1055=,Jamie-Leigh,2
1055=,Janna,2
1055=,Jayden,2
1055=,Jaymee,2
1055=,Jemima,2
1055=,Jennie,2
1055=,Jersey,2
1055=,Jo,2
1055=,Joey,2
1055=,Jolie,2
1055=,Jorgi,2
1055=,Jorji,2
1055=,Joud,2
1055=,Jude,2
1055=,Judy,2
1055=,Julianna,2
1055=,Juniper,2
1055=,Kacey-Leigh,2
1055=,Kacy,2
1055=,Kadie,2
1055=,Kaelyn,2
1055=,Kahlia,2
1055=,Kaila,2
1055=,Kailah,2
1055=,Kaitlynn,2
1055=,Kamila,2
1055=,Karina,2
1055=,Karissa,2
1055=,Karla,2
1055=,Karley,2
1055=,Karli,2
1055=,Karolina,2
1055=,Karys,2
1055=,Kassia,2
1055=,Katelynn,2
1055=,Katey,2
1055=,Kathleen,2
1055=,Katie-Jane,2
1055=,Katie-Jo,2
1055=,Katie-Louise,2
1055=,Katrina,2
1055=,Kaycee,2
1055=,Kaycie,2
1055=,Kaydee,2
1055=,Kaydi,2
1055=,Kayley,2
1055=,Kaylin,2
1055=,Keavie,2
1055=,Keeley,2
1055=,Keisha,2
1055=,Keita,2
1055=,Kelly,2
1055=,Kensie,2
1055=,Kenza,2
1055=,Kerry,2
1055=,Keryn,2
1055=,Khaleesi,2
1055=,Khiara,2
1055=,Kiki,2
1055=,Kinley,2
1055=,Kinsley,2
1055=,Kirstie,2
1055=,Klaudia,2
1055=,Kleo,2
1055=,Konnie,2
1055=,Kora,2
1055=,Koral,2
1055=,Kripa,2
1055=,Kristin,2
1055=,Kya,2
1055=,Lacey-Jane,2
1055=,Laia,2
1055=,Laicee,2
1055=,Larissa,2
1055=,Laurel,2
1055=,Lavena,2
1055=,Laya,2
1055=,Layan,2
1055=,Leah-Rose,2
1055=,Leaha,2
1055=,Leana,2
1055=,Leen,2
1055=,Leighla,2
1055=,Leilah,2
1055=,Leilani,2
1055=,Leja,2
1055=,Lelah,2
1055=,Leni,2
1055=,Leola,2
1055=,Leticia,2
1055=,Lexi-Rose,2
1055=,Lexii,2
1055=,Libbie,2
1055=,Lillie-May,2
1055=,Lilly-Anne,2
1055=,Lily-Anne,2
1055=,Lily-Grace,2
1055=,Lily-Mai,2
1055=,Liv,2
1055=,Liya,2
1055=,Liyana,2
1055=,Liza,2
1055=,Lola-Rose,2
1055=,Lorena,2
1055=,Lorie,2
1055=,Lylah,2
1055=,Madalyn,2
1055=,Maddy,2
1055=,Madeline,2
1055=,Madelyn,2
1055=,Maha,2
1055=,Maisey,2
1055=,Majka,2
1055=,Maliah,2
1055=,Mandy,2
1055=,Mari,2
1055=,Marika,2
1055=,Marisa,2
1055=,Mariyah,2
1055=,Marlene,2
1055=,Marney,2
1055=,Marni,2
1055=,Marwa,2
1055=,Maryanne,2
1055=,Marykate,2
1055=,Mckayla,2
1055=,Mea,2
1055=,Meerab,2
1055=,Meila,2
1055=,Melania,2
1055=,Melita,2
1055=,Melyssa,2
1055=,Menaal,2
1055=,Menorah,2
1055=,Mila-Rose,2
1055=,Milan,2
1055=,Millar,2
1055=,Millie-Jo,2
1055=,Millie-Rose,2
1055=,Mina,2
1055=,Mira,2
1055=,Miracle,2
1055=,Miranda,2
1055=,Mmasinachi,2
1055=,Moira,2
1055=,Momina,2
1055=,Mona,2
1055=,Monika,2
1055=,Morgane,2
1055=,Mumtaz,2
1055=,Murrin,2
1055=,Mya-Leigh,2
1055=,Myia,2
1055=,Mykayla,2
1055=,Myla-Rose,2
1055=,Myleigh,2
1055=,Naia,2
1055=,Nairn,2
1055=,Natalya,2
1055=,Naya,2
1055=,Nea,2
1055=,Nefeli,2
1055=,Nella,2
1055=,Nerissa,2
1055=,Nevada,2
1055=,Nevah,2
1055=,Nichole,2
1055=,Nicol,2
1055=,Nika,2
1055=,Nikita,2
1055=,Noemi,2
1055=,Noor-Fatima,2
1055=,Novah,2
1055=,Nuo,2
1055=,Nusaybah,2
1055=,Nyomi,2
1055=,Odette,2
1055=,Olivia-Grace,2
1055=,Olivia-Leigh,2
1055=,Oluwadarasimi,2
1055=,Oriana,2
1055=,Orianna,2
1055=,Orlaigh,2
1055=,Paislee,2
1055=,Paiton,2
1055=,Parisa,2
1055=,Patricia,2
1055=,Paulina,2
1055=,Peigi,2
1055=,Peniel,2
1055=,Pennie,2
1055=,Perry,2
1055=,Phoenix,2
1055=,Pollaidh,2
1055=,Pollyanna,2
1055=,Poppi,2
1055=,Prabhleen,2
1055=,Precious,2
1055=,Princess,2
1055=,Priscilla,2
1055=,Queenie,2
1055=,Raia,2
1055=,Rayya,2
1055=,Rebeka,2
1055=,Reese,2
1055=,Reilly,2
1055=,Reina,2
1055=,Reka,2
1055=,Renae,2
1055=,Rhyleigh,2
1055=,Rida,2
1055=,Rileigh,2
1055=,Riona,2
1055=,Rita,2
1055=,Riva,2
1055=,Robynn,2
1055=,Roksana,2
1055=,Romany,2
1055=,Romilly,2
1055=,Ronnie,2
1055=,Rorie,2
1055=,Rosalind,2
1055=,Rowen,2
1055=,Roxana,2
1055=,Roza,2
1055=,Rozalia,2
1055=,Rubi,2
1055=,Rubie,2
1055=,Ruby-Mae,2
1055=,Saachi,2
1055=,Sacha,2
1055=,Saffron,2
1055=,Saleha,2
1055=,Sally,2
1055=,Salsabil,2
1055=,Samaira,2
1055=,Samara,2
1055=,Sana,2
1055=,Sanvi,2
1055=,Saphire,2
1055=,Sara-Jane,2
1055=,Sarah-Louise,2
1055=,Scout,2
1055=,Selene,2
1055=,Seraphina,2
1055=,Serenity,2
1055=,Shae,2
1055=,Shaniah,2
1055=,Sharon,2
1055=,Shay,2
1055=,Shayla,2
1055=,Shona,2
1055=,Sienna-Rose,2
1055=,Simone,2
1055=,Sionainn,2
1055=,Sofija,2
1055=,Sonya,2
1055=,Sophie-Leigh,2
1055=,Sorsha,2
1055=,Stacey,2
1055=,Star,2
1055=,Stevi,2
1055=,Taleen,2
1055=,Tallulah,2
1055=,Tamzin,2
1055=,Tanvi,2
1055=,Teddy,2
1055=,Teghan,2
1055=,Temperance,2
1055=,Theresa,2
1055=,Tiegan,2
1055=,Tilda,2
1055=,Tracy,2
1055=,Trinity,2
1055=,Tula,2
1055=,Umaima,2
1055=,Urszula,2
1055=,Valerie,2
1055=,Vera,2
1055=,Viktoria,2
1055=,Vilte,2
1055=,Violet-Rose,2
1055=,Vivian,2
1055=,Wanda,2
1055=,Wendy,2
1055=,Xi,2
1055=,Yara,2
1055=,Yi,2
1055=,Yousra,2
1055=,Yu,2
1055=,Yusra,2
1055=,Zaara,2
1055=,Zari,2
1055=,Zeina,2
1055=,Zelda,2
1055=,Zena,2
1055=,Zhi,2
1055=,Zia,2
1055=,Zoha,2
1055=,Zohra,2
1055=,Zosia,2
1584=,Aadhira,1
1584=,Aadhya,1
1584=,Aaeryn-Leigh,1
1584=,Aahana,1
1584=,Aailah,1
1584=,Aaima,1
1584=,Aaira,1
1584=,Aaisha,1
1584=,Aaleeyah,1
1584=,Aalia,1
1584=,Aalin,1
1584=,Aaliya-Bell,1
1584=,Aaliyah-Lily,1
1584=,Aaliyah-Rose,1
1584=,Aaniyah,1
1584=,Aara,1
1584=,Aarathya,1
1584=,Aari,1
1584=,Aaria,1
1584=,Aariah,1
1584=,Aariya,1
1584=,Aarlea,1
1584=,Aarmeen,1
1584=,Aarti,1
1584=,Aaryanna,1
1584=,Aashirya,1
1584=,Aashna,1
1584=,Aashriya,1
1584=,Aashvi,1
1584=,Aasiyah,1
1584=,Aayah,1
1584=,Aayat,1
1584=,Abal,1
1584=,Abber,1
1584=,Abbey-Rose,1
1584=,Abbeygail,1
1584=,Abbie-Leigh,1
1584=,Abbie-May,1
1584=,Abbiegail,1
1584=,Abbiegayle,1
1584=,Abby-Rose,1
1584=,Abbygail,1
1584=,Abeeha,1
1584=,Abeera,1
1584=,Abella,1
1584=,Abi-Gail,1
1584=,Abi-Leigh,1
1584=,Abiba,1
1584=,Abiela,1
1584=,Abigail-Anne,1
1584=,Abii,1
1584=,Abrianna,1
1584=,Abygail,1
1584=,Adaeze,1
1584=,Adah,1
1584=,Adaira,1
1584=,Addi,1
1584=,Addilyn-Rose,1
1584=,Addyson,1
1584=,Adebola,1
1584=,Adeen,1
1584=,Adela,1
1584=,Adelaide,1
1584=,Adelyn,1
1584=,Adelynn,1
1584=,Adeya,1
1584=,Adi,1
1584=,Adiba,1
1584=,Adiel,1
1584=,Adilyn,1
1584=,Adina,1
1584=,Adira,1
1584=,Aditi,1
1584=,Adlina,1
1584=,Adna,1
1584=,Adria,1
1584=,Adrijana,1
1584=,Adyson,1
1584=,Aelah,1
1584=,Aella,1
1584=,Aera,1
1584=,Aeris,1
1584=,Aerith,1
1584=,Aeva,1
1584=,Aeya,1
1584=,Afera,1
1584=,Afra,1
1584=,Agatha,1
1584=,Aglaia,1
1584=,Agnieszka,1
1584=,Ahoua,1
1584=,Ahyaa,1
1584=,Aianna,1
1584=,Aicha,1
1584=,Aiganym,1
1584=,Aila-Jane,1
1584=,Aila-Mae,1
1584=,Aila-Mai,1
1584=,Ailbhe,1
1584=,Aileana,1
1584=,Ailee,1
1584=,Aileen,1
1584=,Ailey,1
1584=,Aili,1
1584=,Ailis,1
1584=,Ailleigh,1
1584=,Ailsa-May,1
1584=,Aime,1
1584=,Aimee-Lee,1
1584=,Aimee-Louise,1
1584=,Aimee-Rose,1
1584=,Aimeeann,1
1584=,Aimia,1
1584=,Aimie-Lee,1
1584=,Aimmah,1
1584=,Ainara,1
1584=,Aine,1
1584=,Aine-Lucia,1
1584=,Ainsleigh,1
1584=,Ainslie,1
1584=,Aishani,1
1584=,Aishvi,1
1584=,Aishwarya,1
1584=,Aisla,1
1584=,Aislinn,1
1584=,Aislyn,1
1584=,Aislynn,1
1584=,Aiya,1
1584=,Aja,1
1584=,Ajae,1
1584=,Ajieadam,1
1584=,Ajwa,1
1584=,Akachi,1
1584=,Akhila,1
1584=,Akielya,1
1584=,Akua,1
1584=,Ala,1
1584=,Alafair,1
1584=,Alanis,1
1584=,Alannie,1
1584=,Alanoud,1
1584=,Alanya,1
1584=,Alaska,1
1584=,Alaycia,1
1584=,Alayna-Rose,1
1584=,Alaynah,1
1584=,Alaynia,1
1584=,Alba-Lee,1
1584=,Alba-Rose,1
1584=,Albatool,1
1584=,Albaylasan,1
1584=,Albi,1
1584=,Albii,1
1584=,Aleah-Rose,1
1584=,Alecia,1
1584=,Alecija,1
1584=,Aleece,1
1584=,Aleeha,1
1584=,Aleeza,1
1584=,Aleia,1
1584=,Aleida,1
1584=,Aleisha,1
1584=,Alena,1
1584=,Alethea,1
1584=,Alexa-Fay,1
1584=,Alexa-Jayne,1
1584=,Alexa-Mae,1
1584=,Alexandrea,1
1584=,Alexi,1
1584=,Alexia-Rose,1
1584=,Alexiah,1
1584=,Alexina,1
1584=,Alexis-Louise,1
1584=,Alexsandra,1
1584=,Alexxandra,1
1584=,Aleyx,1
1584=,Alezay,1
1584=,Alia-Mai,1
1584=,Aliaa,1
1584=,Alibha,1
1584=,Alice-Rose,1
1584=,Alicia-Alexandria,1
1584=,Alicia-Katie,1
1584=,Alicia-May,1
1584=,Aliesha,1
1584=,Aliviah,1
1584=,Alix-Grace,1
1584=,Aliyeh,1
1584=,Alizaa,1
1584=,Alize,1
1584=,Allaigh,1
1584=,Allana,1
1584=,Alle,1
1584=,Alleah,1
1584=,Alleyah,1
1584=,Alliana,1
1584=,Alliannah,1
1584=,Allisa-Rae,1
1584=,Allison,1
1584=,Ally-May,1
1584=,Allyanna,1
1584=,Allysa,1
1584=,Allyssa,1
1584=,Allyssia,1
1584=,Almeera,1
1584=,Almira,1
1584=,Alsa,1
1584=,Althea,1
1584=,Alva,1
1584=,Alvaya,1
1584=,Alya,1
1584=,Alyana,1
1584=,Alyce,1
1584=,Alyese,1
1584=,Alyia,1
1584=,Alyisha,1
1584=,Alysa,1
1584=,Alyssa-Marie,1
1584=,Alyssa-Rose,1
1584=,Alyvia,1
1584=,Alyza,1
1584=,Amaani,1
1584=,Amaarah,1
1584=,Amaim,1
1584=,Amaira,1
1584=,Amairah,1
1584=,Amaiyah,1
1584=,Aman,1
1584=,Amandaleigh,1
1584=,Amani,1
1584=,Amapola,1
1584=,Amaris,1
1584=,Amatullah,1
1584=,Ambar,1
1584=,Ambe-Rose,1
1584=,Amber-Leigh,1
1584=,Amber-Lilly,1
1584=,Amber-Lily,1
1584=,Amber-Marel,1
1584=,Amber-Violet,1
1584=,Amberleigh,1
1584=,Amberrose,1
1584=,Ameiah,1
1584=,Amelea,1
1584=,Amelia-Ann,1
1584=,Amelia-Elle,1
1584=,Amelia-Harlow,1
1584=,Amelia-Isabella,1
1584=,Amelia-Ivy,1
1584=,Amelia-J,1
1584=,Amelia-Jane,1
1584=,Amelia-Jay,1
1584=,Amelia-Lacey,1
1584=,Amelia-Lillie,1
1584=,Amelia-Lily,1
1584=,Amelia-Maree,1
1584=,Amelia-May,1
1584=,Ameliafaith,1
1584=,Amelija,1
1584=,Ameliya,1
1584=,Amellie,1
1584=,Amera,1
1584=,Ameriah,1
1584=,Amery,1
1584=,Ameyaa,1
1584=,Amia,1
1584=,Amiah,1
1584=,Amie-Leigh,1
1584=,Amiee-Leigh,1
1584=,Amihya,1
1584=,Amika,1
1584=,Amilee,1
1584=,Amilya,1
1584=,Aminah,1
1584=,Aminata,1
1584=,Amiya-Rose,1
1584=,Amrit,1
1584=,Amritveer,1
1584=,Amtullah,1
1584=,Amyrah,1
1584=,Amyrose,1
1584=,Amzie,1
1584=,An,1
1584=,Anaahat,1
1584=,Anabell,1
1584=,Anabella,1
1584=,Anabia,1
1584=,Anah,1
1584=,Anaiya,1
1584=,Anastasie,1
1584=,Anderson,1
1584=,Andi-Mai,1
1584=,Andie-Emelia,1
1584=,Andra,1
1584=,Andreea,1
1584=,Aneesa,1
1584=,Aneeza,1
1584=,Aneu,1
1584=,Anfal,1
1584=,Angel-Rose,1
1584=,Angela-Ann,1
1584=,Angela-Sofia,1
1584=,Angelbelle,1
1584=,Angelika,1
1584=,Angelise,1
1584=,Angie,1
1584=,Ani,1
1584=,Anifa,1
1584=,Anisha,1
1584=,Anishka,1
1584=,Anita,1
1584=,Aniyah,1
1584=,Anjali,1
1584=,Ann,1
1584=,Ann-Marie,1
1584=,Anna-Mai,1
1584=,Anna-May,1
1584=,Annabelle-Grace,1
1584=,Annah,1
1584=,Annaiya,1
1584=,Annalee,1
1584=,Annaleigh,1
1584=,Annalese,1
1584=,Annamaria,1
1584=,Annamarie,1
1584=,Anneliese,1
1584=,Annelise,1
1584=,Annellise,1
1584=,Annetta,1
1584=,Annette,1
1584=,Annick,1
1584=,Annie-Lee,1
1584=,Annie-Leigh,1
1584=,Anoohya,1
1584=,Ansharah,1
1584=,Anshitha,1
1584=,Antigoni,1
1584=,Antonnia,1
1584=,Antosia,1
1584=,Anuoluwa,1
1584=,Anushay,1
1584=,Anushka,1
1584=,Anwaarah,1
1584=,Anwyn,1
1584=,Anya-Jayne,1
1584=,Aoibhe,1
1584=,Aoibhin,1
1584=,Aphra,1
1584=,Arabella-Jay,1
1584=,Aragon,1
1584=,Aramina,1
1584=,Aranzazu,1
1584=,Arawyn,1
1584=,Araya,1
1584=,Araya-Hope,1
1584=,Arayanna,1
1584=,Areeba,1
1584=,Areefa,1
1584=,Areej,1
1584=,Areena,1
1584=,Arfa,1
1584=,Ari,1
1584=,Aria-Ann,1
1584=,Aria-Denver,1
1584=,Aria-Fallon,1
1584=,Aria-Jessica,1
1584=,Aria-Mae,1
1584=,Ariah-Rose,1
1584=,Ariana-Monroe,1
1584=,Arianah,1
1584=,Ariane,1
1584=,Arianna-Rose,1
1584=,Ariannah,1
1584=,Arianwen,1
1584=,Arica,1
1584=,Ariel,1
1584=,Arielle,1
1584=,Arielle-Alba,1
1584=,Arihana,1
1584=,Arihanna,1
1584=,Arissa,1
1584=,Ariyah,1
1584=,Arizona,1
1584=,Arju,1
1584=,Arlah,1
1584=,Arleen,1
1584=,Arlena,1
1584=,Armeen,1
1584=,Arooj,1
1584=,Aroosh,1
1584=,Arra,1
1584=,Arracah,1
1584=,Arran,1
1584=,Arrawen,1
1584=,Arraya,1
1584=,Arri,1
1584=,Arriah-Lucia,1
1584=,Arrianna,1
1584=,Arrianna-Stevie,1
1584=,Artemis,1
1584=,Arusha,1
1584=,Arwaa,1
1584=,Arya-Marie,1
1584=,Arya-Rose,1
1584=,Aryah,1
1584=,Aryela,1
1584=,Aryella,1
1584=,Ashalina,1
1584=,Ashanti,1
1584=,Ashima,1
1584=,Ashlea,1
1584=,Ashlee,1
1584=,Ashleen,1
1584=,Ashleigh-Rose,1
1584=,Ashni,1
1584=,Ashta,1
1584=,Ashtyn,1
1584=,Asia,1
1584=,Asia-Leigh,1
1584=,Asiyah,1
1584=,Asmah,1
1584=,Aspyn,1
1584=,Aster,1
1584=,Atputha,1
1584=,Aua,1
1584=,Aubree-Belle,1
1584=,Aubrie,1
1584=,Audrina,1
1584=,August,1
1584=,Auguste,1
1584=,Aura,1
1584=,Aurellia,1
1584=,Auren,1
1584=,Auri,1
1584=,Aurla-May,1
1584=,Auryn,1
1584=,Austeja,1
1584=,Ava-Lisa,1
1584=,Ava-Mei,1
1584=,Avah-Lily,1
1584=,Avaline,1
1584=,Avana-Solaris,1
1584=,Avani,1
1584=,Avaya,1
1584=,Aviana,1
1584=,Avie,1
1584=,Awesome,1
1584=,Axsa,1
1584=,Aya,1
1584=,Ayah,1
1584=,Ayan,1
1584=,Ayanah,1
1584=,Ayanna,1
1584=,Ayannah,1
1584=,Ayeisha,1
1584=,Ayeza,1
1584=,Ayla-Clare,1
1584=,Ayla-Mae,1
1584=,Aylee,1
1584=,Aylya,1
1584=,Ayma,1
1584=,Ayman,1
1584=,Aymen,1
1584=,Aynsleigh,1
1584=,Aynur,1
1584=,Ayrah,1
1584=,Ayse,1
1584=,Ayshah,1
1584=,Aysia,1
1584=,Aysla,1
1584=,Ayva-Grace,1
1584=,Ayvah-Louise,1
1584=,Azariah,1
1584=,Azizun,1
1584=,Azwa,1
1584=,Babaidh,1
1584=,Badiah,1
1584=,Bahar,1
1584=,Baileigh,1
1584=,Bailey-Rae,1
1584=,Bailie,1
1584=,Banu,1
1584=,Baraa,1
1584=,Barirah,1
1584=,Barjaa,1
1584=,Barka,1
1584=,Basma,1
1584=,Batool,1
1584=,Bayan,1
1584=,Beatrisa,1
1584=,Beatrix-Gwendoline,1
1584=,Bebe-Rose,1
1584=,Becci,1
1584=,Beckie,1
1584=,Becky,1
1584=,Bejna,1
1584=,Bel,1
1584=,Bela,1
1584=,Bell,1
1584=,Bella-Mai,1
1584=,Bella-May,1
1584=,Bella-Sky,1
1584=,Bellamy,1
1584=,Bellarose,1
1584=,Benita,1
1584=,Beren,1
1584=,Berenice,1
1584=,Berrie,1
1584=,Bethannie,1
1584=,Betial,1
1584=,Betti,1
1584=,Beverley,1
1584=,Bexlie,1
1584=,Bhanu,1
1584=,Bhavagna,1
1584=,Bhavya,1
1584=,Bianca,1
1584=,Bibi,1
1584=,Billi-Mai,1
1584=,Billie-Jayne,1
1584=,Billijean,1
1584=,Binta,1
1584=,Blayke,1
1584=,Blessin,1
1584=,Bliss,1
1584=,Blu,1
1584=,Blyth,1
1584=,Bobbi-Louise,1
1584=,Bobbi-Rose,1
1584=,Bobbie,1
1584=,Bobi,1
1584=,Boh,1
1584=,Boleyn,1
1584=,Boluwatife,1
1584=,Bonnie-Ann,1
1584=,Bonnie-Louise,1
1584=,Bonny,1
1584=,Bonnylee,1
1584=,Bow,1
1584=,Bra'ah,1
1584=,Brae,1
1584=,Braelynn,1
1584=,Brahmleen,1
1584=,Braiya,1
1584=,Brandi,1
1584=,Braylie,1
1584=,Brea,1
1584=,Breagh,1
1584=,Breeanna,1
1584=,Breeze,1
1584=,Breiah,1
1584=,Brenda,1
1584=,Breshna,1
1584=,Brheanna,1
1584=,Briah,1
1584=,Bridget,1
1584=,Brie,1
1584=,Briea,1
1584=,Briella,1
1584=,Brienne,1
1584=,Brighid,1
1584=,Bronagh,1
1584=,Bronte,1
1584=,Bronwen,1
1584=,Bronwyn,1
1584=,Brooke-Lynne,1
1584=,Brooke-Nicole,1
1584=,Brookelynn,1
1584=,Brooklynn,1
1584=,Brylee,1
1584=,Bryleigh-J,1
1584=,Bushra,1
1584=,Cacey,1
1584=,Cadence,1
1584=,Caeidgh,1
1584=,Cahlie,1
1584=,Caia,1
1584=,Caia-Rose,1
1584=,Caidy-Leigh,1
1584=,Caihla,1
1584=,Caila,1
1584=,Caila-Rose,1
1584=,Cailin,1
1584=,Caisey,1
1584=,Caitlyn-Evelin,1
1584=,Caitlyne,1
1584=,Caitlyne-Rose,1
1584=,Caledonia,1
1584=,Caleigh,1
1584=,Cali-Marie,1
1584=,Caliana,1
1584=,Calie,1
1584=,Callai,1
1584=,Callaidh,1
1584=,Callan,1
1584=,Callie-Ann,1
1584=,Callie-Harper,1
1584=,Calliope,1
1584=,Cally,1
1584=,Calypso,1
1584=,Camari,1
1584=,Cameryn,1
1584=,Cami,1
1584=,Cami-Rae,1
1584=,Camilia,1
1584=,Candace,1
1584=,Candela,1
1584=,Caoilfhinn,1
1584=,Caoilinn,1
1584=,Caoimhe-May,1
1584=,Caola,1
1584=,Caprice,1
1584=,Cara-Leigh,1
1584=,Cara-Maria,1
1584=,Cara-Sophie,1
1584=,Caragh-Mae,1
1584=,Caren,1
1584=,Carena,1
1584=,Cariana,1
1584=,Carlay,1
1584=,Carlee,1
1584=,Carley-Anne,1
1584=,Carli,1
1584=,Carly-Ann,1
1584=,Carly-Rose,1
1584=,Carlynne,1
1584=,Carmela,1
1584=,Carmella,1
1584=,Carolina,1
1584=,Carolyn,1
1584=,Carra,1
1584=,Carrera,1
1584=,Casey-Ann,1
1584=,Casey-Grace,1
1584=,Casey-Jay,1
1584=,Casey-Lee,1
1584=,Casey-Leigh,1
1584=,Caseyleigh,1
1584=,Cassi,1
1584=,Cate,1
1584=,Catelyn,1
1584=,Catharine,1
1584=,Cathie,1
1584=,Cathleen,1
1584=,Cathy,1
1584=,Catilina,1
1584=,Catrina,1
1584=,Caya,1
1584=,Caydence,1
1584=,Cayley,1
1584=,Cayli,1
1584=,Caylie,1
1584=,Caylin,1
1584=,Cecelia,1
1584=,Ceejay,1
1584=,Ceilidh,1
1584=,Ceira,1
1584=,Ceitlin,1
1584=,Celine,1
1584=,Ceola,1
1584=,Cerine,1
1584=,Ceylan,1
1584=,Chae-Dillon,1
1584=,Chaewon,1
1584=,Chaise,1
1584=,Chanaide,1
1584=,Chanelle,1
1584=,Chantelly,1
1584=,Charisma,1
1584=,Charisse,1
1584=,Charleen,1
1584=,Charlene,1
1584=,Charlette,1
1584=,Charli-Louise,1
1584=,Charli-Rose,1
1584=,Charlie-Anne,1
1584=,Charlie-Jase,1
1584=,Charlii,1
1584=,Charlin,1
1584=,Charlize,1
1584=,Charlotte-Grace,1
1584=,Charlotte-Jenny,1
1584=,Charlotte-Rose,1
1584=,Charmaine,1
1584=,Chase,1
1584=,Chelsea-Gabrielle,1
1584=,Chelsea-Jane,1
1584=,Chelsie,1
1584=,Chelsy,1
1584=,Chen,1
1584=,Chena,1
1584=,Chenell,1
1584=,Cherise,1
1584=,Cherissa,1
1584=,Chey,1
1584=,Chia,1
1584=,Chiana,1
1584=,Chidiogo,1
1584=,Chika,1
1584=,Chikaima,1
1584=,Chikamara,1
1584=,Chimbusonma,1
1584=,Chinwe,1
1584=,Chizaram,1
1584=,Chloe-Ann,1
1584=,Chloe-Jane,1
1584=,Chloe-Mae,1
1584=,Chloie,1
1584=,Chrissie,1
1584=,Chrissie-Rae,1
1584=,Christa,1
1584=,Christabel,1
1584=,Christian,1
1584=,Christiana,1
1584=,Christianna,1
1584=,Christianne,1
1584=,Christie-Rose,1
1584=,Christine-Smart,1
1584=,Christy,1
1584=,Chu,1
1584=,Chuxuan,1
1584=,Cianna,1
1584=,Ciara-Ann,1
1584=,Ciara-May,1
1584=,Ciarrah,1
1584=,Cici-Rae,1
1584=,Cienna-May,1
1584=,Cierra,1
1584=,Cindy,1
1584=,Ciorstaidh,1
1584=,Clair,1
1584=,Claryssa,1
1584=,Claudia-Jane,1
1584=,Clemence,1
1584=,Clhara,1
1584=,Clio,1
1584=,Cliona,1
1584=,Clodah,1
1584=,Coady-Leigh,1
1584=,Codieleigh,1
1584=,Colbie,1
1584=,Conni,1
1584=,Cooper,1
1584=,Cora-Rose,1
1584=,Corah,1
1584=,Coralie,1
1584=,Corinna,1
1584=,Corla,1
1584=,Correigh,1
1584=,Corryn,1
1584=,Cosima,1
1584=,Courteney,1
1584=,Courtney-Ann,1
1584=,Courtney-Leigh,1
1584=,Cristelle,1
1584=,Crystal,1
1584=,Csenge,1
1584=,Cuisle,1
1584=,Cydney,1
1584=,D-Ior,1
1584=,Daanya,1
1584=,Daarootra,1
1584=,Dadiva,1
1584=,Daelyn,1
1584=,Daina,1
1584=,Daire,1
1584=,Daisy-Belle,1
1584=,Daisy-Bow,1
1584=,Daisy-Lee,1
1584=,Daisy-Mae,1
1584=,Daisy-Mai,1
1584=,Daisy-Marie,1
1584=,Daisy-Rae,1
1584=,Dallas,1
1584=,Dalton,1
1584=,Damari,1
1584=,Damla,1
1584=,Daniele,1
1584=,Danii,1
1584=,Dannii,1
1584=,Danusa,1
1584=,Danyah,1
1584=,Daphne,1
1584=,Darcey-Leigh,1
1584=,Darci-Anna,1
1584=,Darcie-Rose,1
1584=,Darcii-Quinn,1
1584=,Darcy-Leah,1
1584=,Darcy-May,1
1584=,Darina,1
1584=,Darla,1
1584=,Darrah,1
1584=,Darta,1
1584=,Darvais,1
1584=,Davina,1
1584=,Davina-Kate,1
1584=,Deanna,1
1584=,Debbie,1
1584=,Debra,1
1584=,Debsther,1
1584=,December-Lee,1
1584=,Deeksha,1
1584=,Delphine,1
1584=,Demi-Rose,1
1584=,Demi-Rue,1
1584=,Demii-Leigh,1
1584=,Demileigh,1
1584=,Demmi,1
1584=,Dempsey,1
1584=,Denni,1
1584=,Deonna,1
1584=,Derrijames,1
1584=,Dervla,1
1584=,Desiree,1
1584=,Destinyjane,1
1584=,Devanshi,1
1584=,Devine,1
1584=,Dhanya,1
1584=,Dharci-May,1
1584=,Dharma,1
1584=,Dharyl,1
1584=,Dhiya,1
1584=,Diala,1
1584=,Diamond,1
1584=,Dilly,1
1584=,Dilreet,1
1584=,Dina,1
1584=,Dinah,1
1584=,Dion,1
1584=,Diona,1
1584=,Dionne,1
1584=,Divanna,1
1584=,Divine,1
1584=,Doaa,1
1584=,Doha,1
1584=,Donatella,1
1584=,Donna-Marie,1
1584=,Dora,1
1584=,Dorka,1
1584=,Dorota,1
1584=,Dorothy,1
1584=,Dotti,1
1584=,Doune,1
1584=,Drew,1
1584=,Duffy,1
1584=,Duoduo,1
1584=,Dvithi,1
1584=,Dyllan,1
1584=,Dzeiviana,1
1584=,Ebonnie,1
1584=,Ebony-Ray,1
1584=,Ebony-Rose,1
1584=,Ebru,1
1584=,Ecaterina,1
1584=,Eda,1
1584=,Edda,1
1584=,Edee,1
1584=,Edie-Beau,1
1584=,Edissa,1
1584=,Edna-Rose,1
1584=,Eduena,1
1584=,Edyn,1
1584=,Eemaan,1
1584=,Eesha,1
1584=,Eevi,1
1584=,Efa-Rose,1
1584=,Efah,1
1584=,Efeoghene,1
1584=,Egidija,1
1584=,Eibhleann,1
1584=,Eibhlin,1
1584=,Eidigh,1
1584=,Eilean,1
1584=,Eilidh-Leigh,1
1584=,Eilidh-Louise,1
1584=,Eilis,1
1584=,Eimaan,1
1584=,Eimear,1
1584=,Eimile,1
1584=,Einas,1
1584=,Eire,1
1584=,Eirica,1
1584=,Eirynn,1
1584=,Eithne,1
1584=,Ekam,1
1584=,Ekamjot,1
1584=,Ekjot,1
1584=,Eknoor,1
1584=,Ekram,1
1584=,Elah,1
1584=,Elaia,1
1584=,Elcie-Mae,1
1584=,Eleana,1
1584=,Eleanor-Rae,1
1584=,Eleasha,1
1584=,Electra,1
1584=,Elektra,1
1584=,Elen,1
1584=,Elena-Marie,1
1584=,Elenah,1
1584=,Elenaria,1
1584=,Eleniah,1
1584=,Eleojo,1
1584=,Eleonora,1
1584=,Eleonore,1
1584=,Eleora,1
1584=,Elexis,1
1584=,Eleyna,1
1584=,Eli-Jay,1
1584=,Elia,1
1584=,Elifnaz,1
1584=,Elika,1
1584=,Elinur,1
1584=,Eliora,1
1584=,Elise-Aamor,1
1584=,Elise-Rose,1
1584=,Elissa-Beth,1
1584=,Elizabella,1
1584=,Elkie,1
1584=,Ella-Dawn,1
1584=,Ella-Harper,1
1584=,Ella-Jane,1
1584=,Ella-Lorraine,1
1584=,Ella-Mia,1
1584=,Ella-Michelle,1
1584=,Ella-Peri,1
1584=,Ellamae,1
1584=,Ellarose,1
1584=,Ellayah,1
1584=,Ellayna,1
1584=,Elle-Louise,1
1584=,Ellena,1
1584=,Ellenor,1
1584=,Elli,1
1584=,Ellianna,1
1584=,Ellie-Anne,1
1584=,Ellie-Dawn,1
1584=,Ellie-Grace,1
1584=,Ellie-Mei,1
1584=,Ellie-Michelle,1
1584=,Elliemae,1
1584=,Elliott,1
1584=,Ellise,1
1584=,Ellise-Anne,1
1584=,Ellisia,1
1584=,Ellison,1
1584=,Elloise,1
1584=,Ellsa,1
1584=,Ellyn,1
1584=,Elody,1
1584=,Elona,1
1584=,Elorah,1
1584=,Elouisa,1
1584=,Elsie-Rose,1
1584=,Elwenn,1
1584=,Elysa,1
1584=,Elysha,1
1584=,Elysia,1
1584=,Elysse,1
1584=,Emaan,1
1584=,Emalee,1
1584=,Eman,1
1584=,Emeliah,1
1584=,Emelyah,1
1584=,Emi,1
1584=,Emi-Leigh,1
1584=,Emie,1
1584=,Emile,1
1584=,Emileyah,1
1584=,Emili,1
1584=,Emiliana,1
1584=,Emilie-Marie,1
1584=,Emilie-Rose,1
1584=,Emilie-Violet,1
1584=,Emiliya,1
1584=,Emilly,1
1584=,Emily-Mae,1
1584=,Emily-Mia,1
1584=,Emilyn,1
1584=,Emina,1
1584=,Emiola,1
1584=,Emira,1
1584=,Emma-Jane,1
1584=,Emmalee,1
1584=,Emmelie,1
1584=,Emmie-Leigh,1
1584=,En-Ying,1
1584=,Eniola,1
1584=,Ephie,1
1584=,Epona,1
1584=,Ericarose,1
1584=,Erika-Alexia,1
1584=,Erika-Maria,1
1584=,Eriyiam,1
1584=,Erla,1
1584=,Errin,1
1584=,Ersjola,1
1584=,Esamay,1
1584=,Esenia,1
1584=,Esmai,1
1584=,Esmanur,1
1584=,Esme-May,1
1584=,Esme-Rose,1
1584=,Esmee-Marie,1
1584=,Esmeralda,1
1584=,Esmerelda,1
1584=,Esrah,1
1584=,Essiyah,1
1584=,Estella,1
1584=,Ethel,1
1584=,Etty,1
1584=,Eubha,1
1584=,Eva-Belle,1
1584=,Eva-Frances,1
1584=,Eva-James,1
1584=,Eva-Jane,1
1584=,Eva-Jorge,1
1584=,Eva-Louise,1
1584=,Eva-Mae,1
1584=,Eva-May,1
1584=,Evan,1
1584=,Evanie,1
1584=,Evanna,1
1584=,Evannah,1
1584=,Eveleen,1
1584=,Evelien,1
1584=,Eveline,1
1584=,Evie-Jayne,1
1584=,Evie-Lily,1
1584=,Evolet,1
1584=,Evy,1
1584=,Evyn,1
1584=,Eyla,1
1584=,Eylah,1
1584=,Ezamie-Grace,1
1584=,Ezmay,1
1584=,Ezmie,1
1584=,Ezri,1
1584=,Ezzah,1
1584=,Faatima,1
1584=,Faatimah,1
1584=,Faeryn,1
1584=,Fahlyn,1
1584=,Faith-Marie,1
1584=,Faiyah,1
1584=,Falak,1
1584=,Falaq,1
1584=,Falisha,1
1584=,Fallan,1
1584=,Fallyn,1
1584=,Falyn,1
1584=,Fanni,1
1584=,Faqeeha,1
1584=,Fara,1
1584=,Farah-Rose,1
1584=,Fareeda,1
1584=,Faria,1
1584=,Farisha-Nour,1
1584=,Faryaal,1
1584=,Faryal,1
1584=,Faryl,1
1584=,Fatema,1
1584=,Fatiha,1
1584=,Fatima-Elzahra,1
1584=,Fatou,1
1584=,Fawzia,1
1584=,Faya,1
1584=,Fayah,1
1584=,Fayha,1
1584=,Fearne-Leigh,1
1584=,Felicitee,1
1584=,Fenella,1
1584=,Feryn,1
1584=,Finja,1
1584=,Finlay,1
1584=,Finley,1
1584=,Finnon-Rose,1
1584=,Fionn,1
1584=,Fiza,1
1584=,Flavia,1
1584=,Floreana,1
1584=,Florica,1
1584=,Florie,1
1584=,Florrie,1
1584=,Forest,1
1584=,Fox,1
1584=,Francine,1
1584=,Franki,1
1584=,Frayah,1
1584=,Frea,1
1584=,Freida,1
1584=,Freiya,1
1584=,Freya-Grace,1
1584=,Freya-Louise,1
1584=,Freya-Rose,1
1584=,Freyah,1
1584=,Frida-Sue,1
1584=,Gabby,1
1584=,Gabi,1
1584=,Gabriel,1
1584=,Gabriella-Rose,1
1584=,Gala,1
1584=,Galiah,1
1584=,Garcia,1
1584=,Geneva,1
1584=,Georgette,1
1584=,Georgia-Mae,1
1584=,Gerdina,1
1584=,Ghalia,1
1584=,Ghida,1
1584=,Gillian,1
1584=,Ginijane,1
1584=,Ginnie,1
1584=,Giorgiana,1
1584=,Gisele,1
1584=,Giulia,1
1584=,Giuliana,1
1584=,Giulietta,1
1584=,Glencora,1
1584=,Glorianna,1
1584=,Glory,1
1584=,Gorgie,1
1584=,Gracie-Lou,1
1584=,Gracie-Rose,1
1584=,Gracious,1
1584=,Grahyl,1
1584=,Gray,1
1584=,Grayce,1
1584=,Greer,1
1584=,Gulsen,1
1584=,Gulsom,1
1584=,Gurseerat,1
1584=,Gwen,1
1584=,Gwendoline,1
1584=,Gwennan,1
1584=,Gwynn,1
1584=,Haadiyah,1
1584=,Hade,1
1584=,Hailie-Jade,1
1584=,Haillie,1
1584=,Hajira,1
1584=,Hala,1
1584=,Haley,1
1584=,Haley-Louise,1
1584=,Hali,1
1584=,Halia,1
1584=,Halie,1
1584=,Halina,1
1584=,Halle-Sue,1
1584=,Halli,1
1584=,Hallia,1
1584=,Hallie-Jae,1
1584=,Hallie-Rose,1
1584=,Halliegh,1
1584=,Hamda,1
1584=,Hamna,1
1584=,Hamnah,1
1584=,Hamsini,1
1584=,Hanaa,1
1584=,Hanaelle,1
1584=,Haneefah,1
1584=,Haneen,1
1584=,Hanga,1
1584=,Hanna-Louise,1
1584=,Hannah-Louise,1
1584=,Hannah-Marie,1
1584=,Hannorah,1
1584=,Hareem-Fatima,1
1584=,Hargun,1
1584=,Haris,1
1584=,Harlee,1
1584=,Harlee-Marie,1
1584=,Harleen,1
1584=,Harlem,1
1584=,Harley-Jo,1
1584=,Harley-Louise,1
1584=,Harley-Rose,1
1584=,Harli,1
1584=,Harmoni,1
1584=,Harper-Jo,1
1584=,Harper-Leah,1
1584=,Harper-Maree,1
1584=,Harri,1
1584=,Harseese,1
1584=,Harshi,1
1584=,Harvy,1
1584=,Hatice,1
1584=,Hayam,1
1584=,Hayden,1
1584=,Haydyn,1
1584=,Haylay,1
1584=,Hayley-Jade,1
1584=,Hazal,1
1584=,Hazime,1
1584=,Helaina,1
1584=,Helin,1
1584=,Heloise,1
1584=,Henna,1
1584=,Hephzibah,1
1584=,Hera,1
1584=,Hermione,1
1584=,Hibbah,1
1584=,Hifza,1
1584=,Hila,1
1584=,Hillary,1
1584=,Hinako,1
1584=,Hing,1
1584=,Hirah,1
1584=,Hollie-Anne,1
1584=,Hollieann,1
1584=,Holly-Anne,1
1584=,Holly-Grace,1
1584=,Hollymarie,1
1584=,Holy,1
1584=,Honoria,1
1584=,Honour,1
1584=,Humairah,1
1584=,Hunaydah,1
1584=,Ianna,1
1584=,Idalene-Rose,1
1584=,Ieva,1
1584=,Ifeoluwa,1
1584=,Iha,1
1584=,Iliana,1
1584=,Ilinca,1
1584=,Ilisa,1
1584=,Iliya,1
1584=,Imaani,1
1584=,Imegen,1
1584=,Inaayah,1
1584=,Inara,1
1584=,Inas,1
1584=,Inayah,1
1584=,India-Rose,1
1584=,Indie-Louise,1
1584=,Indie-Mae,1
1584=,Indiie,1
1584=,Indiya-Rose,1
1584=,Inioluwa,1
1584=,Inishka,1
1584=,Iniya,1
1584=,Inka,1
1584=,Innes,1
1584=,Inola,1
1584=,Inshirah,1
1584=,Insiyaa,1
1584=,Ioanna,1
1584=,Iola,1
1584=,Iona-May,1
1584=,Ione,1
1584=,Ioni,1
1584=,Iphigenia,1
1584=,Irdina,1
1584=,Irene,1
1584=,Ireoluwa,1
1584=,Irewamiri,1
1584=,Iriah,1
1584=,Irini,1
1584=,Irsa,1
1584=,Isa,1
1584=,Isabela,1
1584=,Isabell,1
1584=,Isabella-Mae,1
1584=,Isabella-May,1
1584=,Isabella-Rose,1
1584=,Isabelle-Grace,1
1584=,Isatou,1
1584=,Iseabail,1
1584=,Ishani,1
1584=,Ishbel,1
1584=,Ishfa,1
1584=,Ishka,1
1584=,Isla-Anne,1
1584=,Isla-Grace,1
1584=,Isla-Mae,1
1584=,Isla-Marie,1
1584=,Islie,1
1584=,Ismah,1
1584=,Ismay,1
1584=,Isobella,1
1584=,Isobelle,1
1584=,Isoken,1
1584=,Issie,1
1584=,Ivana,1
1584=,Ivanesa,1
1584=,Ivey,1
1584=,Ivy-Mae,1
1584=,Ivy-Meadow,1
1584=,Iyanuoluwa,1
1584=,Iyla,1
1584=,Izabel,1
1584=,Izoenn,1
1584=,Izzah,1
1584=,Izzie,1
1584=,Izzy-Mary-Bel,1
1584=,Jaeah,1
1584=,Jaeda,1
1584=,Jaelyn,1
1584=,Jagnoor,1
1584=,Jagoda,1
1584=,Jahzara,1
1584=,Jaiah,1
1584=,Jaiden-Lei,1
1584=,Jaidyn,1
1584=,Jaime-Lee,1
1584=,Jaime-Leigh,1
1584=,Jaimie,1
1584=,Jaiya,1
1584=,Jameela,1
1584=,Jamiee-Lou,1
1584=,Jamielee,1
1584=,Jamila,1
1584=,Janelle,1
1584=,Janet,1
1584=,Janey,1
1584=,Janka,1
1584=,Jannah,1
1584=,Jasleen,1
1584=,Jasmeen,1
1584=,Jasmine-Jade,1
1584=,Jasmine-Karis,1
1584=,Jasmine-Rose,1
1584=,Jasmyn,1
1584=,Jax,1
1584=,Jaydana,1
1584=,Jayde-Elizabeth,1
1584=,Jayla,1
1584=,Jayme-Leigh,1
1584=,Jaymi,1
1584=,Jayn,1
1584=,Jayney,1
1584=,Jazmine,1
1584=,Jean,1
1584=,Jeanie,1
1584=,Jeanie-Anne,1
1584=,Jemimah,1
1584=,Jemma,1
1584=,Jennifer-Leigh,1
1584=,Jenny-Leigh,1
1584=,Jeorgi,1
1584=,Jeorgie,1
1584=,Jeridan,1
1584=,Jerzi,1
1584=,Jeshvita,1
1584=,Jessa,1
1584=,Jessi,1
1584=,Jessica-Ann,1
1584=,Jessica-Dawn,1
1584=,Jessica-Jay,1
1584=,Jessica-Jayne,1
1584=,Jessica-Joan,1
1584=,Jessica-Maria,1
1584=,Jessicah-Leigh,1
1584=,Jessie-Rose,1
1584=,Jessika,1
1584=,Jessika-Jeanette,1
1584=,Jessy,1
1584=,Jesutobiloba,1
1584=,Jex,1
1584=,Jhae,1
1584=,Jhanvi,1
1584=,Jiah,1
1584=,Jiaqi,1
1584=,Jiaying,1
1584=,Jikke,1
1584=,Jin,1
1584=,Jingyi,1
1584=,Jizelle-Lexi,1
1584=,Joan-Rose,1
1584=,Jochebed,1
1584=,Jodi-Lee,1
1584=,Joelle,1
1584=,Johanna,1
1584=,Jolene,1
1584=,Jordana,1
1584=,Jordanna,1
1584=,Jordyn-Jane,1
1584=,Jordynn,1
1584=,Jorgie-Rae,1
1584=,Jorjay,1
1584=,Josceline,1
1584=,Josefina,1
1584=,Josie-Lee,1
1584=,Josie-Rose,1
1584=,Joules,1
1584=,Julie-Ann,1
1584=,Julieta,1
1584=,Julija,1
1584=,Jumana,1
1584=,Juneau,1
1584=,Junli,1
1584=,Juno,1
1584=,Justyna,1
1584=,Juveria,1
1584=,Juvy,1
1584=,Juwairiyah,1
1584=,Juwariah,1
1584=,Jydora,1
1584=,Kacee,1
1584=,Kacey-Mae,1
1584=,Kaci-Ellie,1
1584=,Kaci-Lee,1
1584=,Kaci-Leigh,1
1584=,Kaci-Pearl,1
1584=,Kacie-Jo,1
1584=,Kacie-Mae,1
1584=,Kaciee,1
1584=,Kacii,1
1584=,Kadey,1
1584=,Kadi-Lei,1
1584=,Kady,1
1584=,Kaela,1
1584=,Kaelan,1
1584=,Kaelee-Rae,1
1584=,Kaeli,1
1584=,Kaelin,1
1584=,Kaida,1
1584=,Kaidey,1
1584=,Kailyn,1
1584=,Kaira,1
1584=,Kaiya,1
1584=,Kaliah,1
1584=,Kalina,1
1584=,Kalisse,1
1584=,Kalle,1
1584=,Kalli,1
1584=,Kallie-Hope,1
1584=,Kallizahra,1
1584=,Kalyn,1
1584=,Kamara,1
1584=,Kamaria,1
1584=,Kami,1
1584=,Kami-Leigh,1
1584=,Kamilah,1
1584=,Kamilla,1
1584=,Kamryn-Lee,1
1584=,Kamsiyochukwu,1
1584=,Kanchan,1
1584=,Kanshikka,1
1584=,Kanwulia,1
1584=,Kanya,1
1584=,Kara-Jean,1
1584=,Kara-Leigh,1
1584=,Kara-Louise,1
1584=,Kara-Rae,1
1584=,Karah,1
1584=,Karam,1
1584=,Kareena,1
1584=,Karelia,1
1584=,Karen,1
1584=,Kari,1
1584=,Kari-Ann,1
1584=,Karis-Ann,1
1584=,Karise,1
1584=,Karla-Rose,1
1584=,Karleigh,1
1584=,Karli-Rose,1
1584=,Karliah,1
1584=,Karmen,1
1584=,Karrie,1
1584=,Karris,1
1584=,Karsyn,1
1584=,Kary,1
1584=,Kasay,1
1584=,Kasey-Leigh,1
1584=,Kasha,1
1584=,Kasie-Leigh,1
1584=,Kass,1
1584=,Kassie,1
1584=,Katarina,1
1584=,Katharina,1
1584=,Katie-Ann,1
1584=,Katie-Lee,1
1584=,Katie-Mae,1
1584=,Katieanne,1
1584=,Katiusha,1
1584=,Katriel,1
1584=,Kavya,1
1584=,Kayah,1
1584=,Kayda,1
1584=,Kayden,1
1584=,Kaydence,1
1584=,Kaye,1
1584=,Kaysi,1
1584=,Kaytlin,1
1584=,Ke,1
1584=,Keanna-Rose,1
1584=,Keavy,1
1584=,Keera-Skye,1
1584=,Keevah,1
1584=,Keevie,1
1584=,Keevy,1
1584=,Keianna,1
1584=,Keillah,1
1584=,Keira-Jane,1
1584=,Keira-Rose,1
1584=,Keirah,1
1584=,Keiva,1
1584=,Kelis,1
1584=,Kelise,1
1584=,Kellen,1
1584=,Kelli,1
1584=,Kelly-Rae,1
1584=,Kelsa,1
1584=,Kelsea,1
1584=,Kelseyleigh,1
1584=,Kelsi,1
1584=,Kelsi-Leiye,1
1584=,Kemi,1
1584=,Kendell,1
1584=,Kendra,1
1584=,Kendyl,1
1584=,Kendyl-Rose,1
1584=,Kenedi,1
1584=,Kenidi,1
1584=,Kenley,1
1584=,Kennadie,1
1584=,Kennedi,1
1584=,Kennedie,1
1584=,Kennydi,1
1584=,Kenzieleigh,1
1584=,Kenzy,1
1584=,Kera,1
1584=,Keris,1
1584=,Kerrera,1
1584=,Kerys,1
1584=,Kesia,1
1584=,Keva,1
1584=,Keviah,1
1584=,Keya,1
1584=,Keyara,1
1584=,Keyira,1
1584=,Keziah,1
1584=,Kezzie,1
1584=,Khadeejah,1
1584=,Khalee,1
1584=,Khalessi,1
1584=,Khali,1
1584=,Khalia,1
1584=,Khami,1
1584=,Khandi,1
1584=,Kharis,1
1584=,Khayra,1
1584=,Khazra,1
1584=,Khianna,1
1584=,Khushi,1
1584=,Khyla,1
1584=,Kianna-Tay,1
1584=,Kiannah,1
1584=,Kiarra,1
1584=,Kiaya,1
1584=,Kieara,1
1584=,Kiela,1
1584=,Kierstin-Brooke,1
1584=,Kieva,1
1584=,Kihanna,1
1584=,Kiiya,1
1584=,Kimayaa,1
1584=,Kinga,1
1584=,Kioni,1
1584=,Kiri,1
1584=,Kirrin,1
1584=,Kirsty-Leigh,1
1584=,Kiswa,1
1584=,Kitija,1
1584=,Kiyo,1
1584=,Klaris,1
1584=,Kloey,1
1584=,Kodie,1
1584=,Konstantina,1
1584=,Krisha,1
1584=,Krishma,1
1584=,Krishna,1
1584=,Kristal,1
1584=,Kristie,1
1584=,Kristine,1
1584=,Kruit,1
1584=,Krystyana,1
1584=,Kumud,1
1584=,Kushbakht,1
1584=,Kyah,1
1584=,Kyelia,1
1584=,Kyesha,1
1584=,Kylah-Rose,1
1584=,Kylar,1
1584=,Kyra-Marie,1
1584=,Kyrah,1
1584=,Laaibah,1
1584=,Lacey-Rose,1
1584=,Laci-Lee,1
1584=,Lacie-Alex,1
1584=,Lacie-Mae,1
1584=,Laiba,1
1584=,Laibah,1
1584=,Laicey,1
1584=,Laiken,1
1584=,Lailah-Rose,1
1584=,Laina,1
1584=,Laiya,1
1584=,Lakeisha,1
1584=,Lamaia,1
1584=,Lamar,1
1584=,Lamara,1
1584=,Lamees,1
1584=,Lamis,1
1584=,Lamisah,1
1584=,Lana-Rose,1
1584=,Langlen,1
1584=,Lara-Blair,1
1584=,Laragh,1
1584=,Larah,1
1584=,Laraib,1
1584=,Larisza,1
1584=,Larra,1
1584=,Larrisa-Ann,1
1584=,Lateefah,1
1584=,Lauralea,1
1584=,Lauran,1
1584=,Laurissa,1
1584=,Laurry,1
1584=,Lavin,1
1584=,Layaan,1
1584=,Layah,1
1584=,Layah-Mai,1
1584=,Layci,1
1584=,Laycie,1
1584=,Layla-Anne,1
1584=,Layla-Grace,1
1584=,Layla-Jane,1
1584=,Laylaleigh,1
1584=,Laylamae,1
1584=,Laynie,1
1584=,Leah-Jade,1
1584=,Leala,1
1584=,Leannan,1
1584=,Leanne,1
1584=,Leeandra,1
1584=,Leelah,1
1584=,Leenah,1
1584=,Leeya,1
1584=,Leia-Rose,1
1584=,Leigh-Ell,1
1584=,Leighanna,1
1584=,Leigharrah,1
1584=,Leighlah,1
1584=,Leila-Rose,1
1584=,Leisha,1
1584=,Leith,1
1584=,Leiyaa,1
1584=,Lemar,1
1584=,Lemoni,1
1584=,Lena-Rose,1
1584=,Lenah,1
1584=,Lenka,1
1584=,Lennox,1
1584=,Lenzie-Leigh,1
1584=,Leonor,1
1584=,Leora,1
1584=,Lereece,1
1584=,Leticia-May,1
1584=,Letoya,1
1584=,Letty,1
1584=,Letycja,1
1584=,Lexi-Grace,1
1584=,Lexi-Lee,1
1584=,Lexi-May,1
1584=,Lexie-Rae,1
1584=,Lexy,1
1584=,Leya,1
1584=,Leyana,1
1584=,Leyla-Rose,1
1584=,Leyton,1
1584=,Liah,1
1584=,Lianah,1
1584=,Liannah,1
1584=,Liannin,1
1584=,Libbi,1
1584=,Lidia,1
1584=,Lieselotte,1
1584=,Lile,1
1584=,Lilianne,1
1584=,Lilibeth,1
1584=,Lillae,1
1584=,Lilley,1
1584=,Lilley-Rose,1
1584=,Lilli-Ann,1
1584=,Lilli-Mai,1
1584=,Lillia,1
1584=,Lilliana,1
1584=,Lillianna,1
1584=,Lillie-Anne,1
1584=,Lillie-Rose,1
1584=,Lilly-Ann,1
1584=,Lilly-Grace,1
1584=,Lilly-Jane,1
1584=,Lilly-Jayne,1
1584=,Lillyann,1
1584=,Lillybelle,1
1584=,Lillygrace,1
1584=,Lilo,1
1584=,Lilu,1
1584=,Lily-Alexis,1
1584=,Lily-Ann,1
1584=,Lily-Bee,1
1584=,Lily-Beth,1
1584=,Lily-Jane,1
1584=,Lily-Jo,1
1584=,Lily-Louise,1
1584=,Lily-Mal,1
1584=,Lily-Mia,1
1584=,Lily-Petra,1
1584=,Lily-Rae,1
1584=,Lily-Ruby,1
1584=,Lilyana,1
1584=,Lilyann,1
1584=,Lilymae,1
1584=,Lima,1
1584=,Linden,1
1584=,Linnea,1
1584=,Linnie,1
1584=,Liora,1
1584=,Lisamarie,1
1584=,Lita,1
1584=,Lithisha,1
1584=,Littlest,1
1584=,Liusija,1
1584=,Livi,1
1584=,Livvy,1
1584=,Liwia,1
1584=,Lizmari,1
1584=,Llaria,1
1584=,Llorenna,1
1584=,Lockie,1
1584=,Lohasna,1
1584=,Lola-Ann,1
1584=,Lola-Belle,1
1584=,Lola-Grace,1
1584=,Lola-Harper,1
1584=,Lola-Kasey,1
1584=,Lola-Mae,1
1584=,Lolah,1
1584=,Lolah-May,1
1584=,Lon,1
1584=,London,1
1584=,Lora,1
1584=,Lorelai,1
1584=,Lorelye,1
1584=,Loria,1
1584=,Lotta,1
1584=,Lotte,1
1584=,Lou,1
1584=,Louanna,1
1584=,Louella,1
1584=,Louisa-Jayne,1
1584=,Louiza,1
1584=,Lourdes,1
1584=,Lowena,1
1584=,Lowenna,1
1584=,Lowri,1
1584=,Lowrie,1
1584=,Lua,1
1584=,Luana,1
1584=,Luara,1
1584=,Lucca,1
1584=,Lucey,1
1584=,Luchia,1
1584=,Lucie-Anne,1
1584=,Lucie-Belle,1
1584=,Lucie-Margaret,1
1584=,Lucinda,1
1584=,Lucy-Eve,1
1584=,Lucy-Grace,1
1584=,Lucy-Leigh,1
1584=,Lucy-May,1
1584=,Lujain,1
1584=,Lujane,1
1584=,Luka,1
1584=,Lulu,1
1584=,Lumen,1
1584=,Lunah,1
1584=,Luthien,1
1584=,Lyila,1
1584=,Lyle,1
1584=,Lyndsey,1
1584=,Maahi,1
1584=,Maame,1
1584=,Macey-Jane,1
1584=,Macey-Leigh,1
1584=,Maci-Jane,1
1584=,Maci-Lea,1
1584=,Maci-Leigh,1
1584=,Maci-Rae,1
1584=,Macie-Leigh,1
1584=,Macie-Lou,1
1584=,Maciee,1
1584=,Macy-Leigh,1
1584=,Madaline,1
1584=,Maddi,1
1584=,Maddisen,1
1584=,Maddison-Leigh,1
1584=,Maddisyn,1
1584=,Madhujeevana,1
1584=,Madiha,1
1584=,Madina,1
1584=,Madison-Lily,1
1584=,Madisyn,1
1584=,Maebh,1
1584=,Maelia,1
1584=,Maesen,1
1584=,Magaidh,1
1584=,Magnolia,1
1584=,Mahak,1
1584=,Mahi,1
1584=,Mahika,1
1584=,Mahira,1
1584=,Mahroush,1
1584=,Mahsa,1
1584=,Maia-Rose,1
1584=,Maiah,1
1584=,Maicie,1
1584=,Maija,1
1584=,Maillie,1
1584=,Maily,1
1584=,Maimuna,1
1584=,Maisey-Jane,1
1584=,Maiya-June,1
1584=,Maiyah,1
1584=,Maizy,1
1584=,Makena,1
1584=,Makena-Lei,1
1584=,Malaika,1
1584=,Malea,1
1584=,Maleea,1
1584=,Maleia,1
1584=,Maleka,1
1584=,Malena,1
1584=,Mali,1
1584=,Malika,1
1584=,Malin,1
1584=,Maliyah,1
1584=,Mallory,1
1584=,Malwina,1
1584=,Maly,1
1584=,Manahal,1
1584=,Manahel,1
1584=,Mandi,1
1584=,Mandisa,1
1584=,Manon,1
1584=,Manpriya,1
1584=,Manreet,1
1584=,Mansa,1
1584=,Marabell,1
1584=,Marah,1
1584=,Marcela,1
1584=,Marcella,1
1584=,Marcey,1
1584=,Marcy,1
1584=,Maren,1
1584=,Margarida,1
1584=,Margi,1
1584=,Margo,1
1584=,Maria-Isabella,1
1584=,Maria-Patricia,1
1584=,Marianna-Adele,1
1584=,Marie-Ellen,1
1584=,Mariella,1
1584=,Marija,1
1584=,Mariola,1
1584=,Marjan,1
1584=,Marjorie,1
1584=,Marla,1
1584=,Marlee,1
1584=,Marleigh,1
1584=,Marley-May,1
1584=,Marlie-Rose,1
1584=,Marlow,1
1584=,Marlowe,1
1584=,Marly,1
1584=,Marna,1
1584=,Marra,1
1584=,Marrisa,1
1584=,Marrya,1
1584=,Martha-Skye,1
1584=,Marti-Elaine,1
1584=,Marwah,1
1584=,Mary-Beth,1
1584=,Mary-Ellen,1
1584=,Mary-Kate,1
1584=,Mary-Lee,1
1584=,Maryah,1
1584=,Maryjane,1
1584=,Mashael,1
1584=,Masi,1
1584=,Masie,1
1584=,Matilde,1
1584=,Mattie,1
1584=,Maud,1
1584=,Maude,1
1584=,Maura,1
1584=,Maureen,1
1584=,Mavis,1
1584=,May,1
1584=,Maya-Elizabeth,1
1584=,Maya-Leigh,1
1584=,Maya-Lily,1
1584=,Mayamiko,1
1584=,Maycie,1
1584=,Mayeda,1
1584=,Mayia,1
1584=,Mayra,1
1584=,Maysa,1
1584=,Mayuri,1
1584=,Mayzie,1
1584=,Mazey,1
1584=,Mbuzeombua,1
1584=,Mckenzie,1
1584=,Mckenzy,1
1584=,Meabh,1
1584=,Medha,1
1584=,Meena,1
1584=,Meeya,1
1584=,Meg,1
1584=,Megan-Louise,1
1584=,Megann,1
1584=,Megyn,1
1584=,Mehak,1
1584=,Meharunnisa,1
1584=,Mehryn,1
1584=,Mei,1
1584=,Meia,1
1584=,Meigha,1
1584=,Melaher,1
1584=,Meledie,1
1584=,Melek,1
1584=,Melika,1
1584=,Melis,1
1584=,Melisah,1
1584=,Melodie,1
1584=,Mera,1
1584=,Mercedes,1
1584=,Mercedes-Cherie,1
1584=,Mereseini,1
1584=,Merin,1
1584=,Meripa,1
1584=,Merlina,1
1584=,Mersades,1
1584=,Mersana,1
1584=,Mersey-Lee,1
1584=,Mersiha,1
1584=,Meryl,1
1584=,Meryn,1
1584=,Mesha,1
1584=,Mey,1
1584=,Mhari,1
1584=,Mherryn,1
1584=,Mhyraide,1
1584=,Mhyren,1
1584=,Mia-Arielle,1
1584=,Mia-Grace,1
1584=,Mia-Leigh,1
1584=,Miagh,1
1584=,Miaya,1
1584=,Mica,1
1584=,Michalina,1
1584=,Micheala,1
1584=,Michel,1
1584=,Michella,1
1584=,Mici,1
1584=,Midelle,1
1584=,Miellah,1
1584=,Migle,1
1584=,Mija,1
1584=,Mikaila,1
1584=,Mikhaila,1
1584=,Milagh,1
1584=,Milah,1
1584=,Milania-Rose,1
1584=,Milanna,1
1584=,Milanya,1
1584=,Milda,1
1584=,Mileah,1
1584=,Miley-Rose,1
1584=,Miliey,1
1584=,Milita,1
1584=,Miller,1
1584=,Milli,1
1584=,Millie-Margaret,1
1584=,Millie-Ray,1
1584=,Milne,1
1584=,Mimi,1
1584=,Minaal,1
1584=,Mindy,1
1584=,Mingxian,1
1584=,Minnah,1
1584=,Minni,1
1584=,Minnie-Jane,1
1584=,Minnie-Lou,1
1584=,Minny-Lydi,1
1584=,Mirabela,1
1584=,Mirabelle,1
1584=,Miral,1
1584=,Miray,1
1584=,Mireya,1
1584=,Mirin,1
1584=,Mirran,1
1584=,Mirrany,1
1584=,Miruna,1
1584=,Miryn,1
1584=,Misha,1
1584=,Mishaal,1
1584=,Mishal,1
1584=,Mitzi,1
1584=,Miyah-Jade,1
1584=,Miyah-Rose,1
1584=,Miyasha,1
1584=,Miyebi,1
1584=,Miyha,1
1584=,Moliana,1
1584=,Molleigh,1
1584=,Molly-Grace,1
1584=,Molly-Mae,1
1584=,Monique,1
1584=,Monroe,1
1584=,Morag,1
1584=,Morainn,1
1584=,Morgan-Leigh,1
1584=,Morgana,1
1584=,Morganne,1
1584=,Moriah,1
1584=,Morrigan,1
1584=,Mounia,1
1584=,Mowenna-Grace,1
1584=,Moya,1
1584=,Moyosola,1
1584=,Mozan,1
1584=,Mudssar,1
1584=,Muhren,1
1584=,Muirenn,1
1584=,Munachimso,1
1584=,Munachiso,1
1584=,Munazza,1
1584=,Munesu,1
1584=,Munira,1
1584=,Munro,1
1584=,Murran,1
1584=,Murron-Margaret,1
1584=,Murryn,1
1584=,Murynn,1
1584=,Myah-Jay,1
1584=,Myda,1
1584=,Myelah,1
1584=,Myiah,1
1584=,Myiah-May,1
1584=,Myka,1
1584=,Myla-Jack,1
1584=,Myla-Mae,1
1584=,Mylah-Belle,1
1584=,Myley,1
1584=,Myriam,1
1584=,Myrren,1
1584=,Naba,1
1584=,Nabeeha,1
1584=,Nada,1
1584=,Nadirah,1
1584=,Naema,1
1584=,Naevia,1
1584=,Nafeesa,1
1584=,Naila,1
1584=,Naima,1
1584=,Nairah,1
1584=,Naisha,1
1584=,Naiva,1
1584=,Naiya,1
1584=,Naiyah,1
1584=,Najeeha,1
1584=,Nala,1
1584=,Nalah,1
1584=,Nalani,1
1584=,Nalia,1
1584=,Nalin,1
1584=,Nami,1
1584=,Namra,1
1584=,Nanci-Rose,1
1584=,Nandana,1
1584=,Nandhika,1
1584=,Naomi-Rose,1
1584=,Nara,1
1584=,Narjis,1
1584=,Nasteho,1
1584=,Nataliya,1
1584=,Nathali,1
1584=,Nauhaa,1
1584=,Nawras,1
1584=,Nayah,1
1584=,Nayome,1
1584=,Ndack,1
1584=,Neala,1
1584=,Neevah,1
1584=,Neiva,1
1584=,Neli,1
1584=,Nelly,1
1584=,Nena,1
1584=,Neomi,1
1584=,Nethra,1
1584=,Nettle,1
1584=,Neveah,1
1584=,Nevis,1
1584=,Nhilah,1
1584=,Niah,1
1584=,Niah-Lee,1
1584=,Niaya,1
1584=,Nickola,1
1584=,Nico,1
1584=,Nicoletta,1
1584=,Niella,1
1584=,Nieva,1
1584=,Nievah,1
1584=,Nighean,1
1584=,Nihal,1
1584=,Niharika,1
1584=,Nikaela,1
1584=,Niki,1
1584=,Nikki,1
1584=,Nikki-Sue,1
1584=,Nikole,1
1584=,Nikoleta,1
1584=,Nilhi,1
1584=,Nimah,1
1584=,Nimar,1
1584=,Nimrat,1
1584=,Ninah,1
1584=,Nira,1
1584=,Niralya,1
1584=,Nirma,1
1584=,Nirman,1
1584=,Nirvana,1
1584=,Nitika,1
1584=,Nivya,1
1584=,Niyah,1
1584=,Nma,1
1584=,Nnenna,1
1584=,Nneoma,1
1584=,Noeh,1
1584=,Noelle,1
1584=,Noemia,1
1584=,Nolah,1
1584=,Nolha,1
1584=,Noorah,1
1584=,Noriee,1
1584=,Norviyah,1
1584=,Nova-Leigh,1
1584=,Nura,1
1584=,Nyara,1
1584=,Nyiah,1
1584=,Nyla-Jane,1
1584=,Nysa,1
1584=,Oakley,1
1584=,Octaivia,1
1584=,Odell-May,1
1584=,Ofure,1
1584=,Oghene-Kome,1
1584=,Oghene-Viome,1
1584=,Oghenemine,1
1584=,Ohana,1
1584=,Ojasvi,1
1584=,Oktawia,1
1584=,Olamiposi,1
1584=,Olaoluwatoni,1
1584=,Olivia-Faye,1
1584=,Olivia-Lillie,1
1584=,Olivia-Robyn,1
1584=,Olivianna,1
1584=,Oluchi,1
1584=,Oludara,1
1584=,Oluomachukwu,1
1584=,Oluremi,1
1584=,Oluwabukunmi,1
1584=,Oluwafolasayomi,1
1584=,Oluwakemi,1
1584=,Oluwatimilehin,1
1584=,Olwyn,1
1584=,Oma,1
1584=,Omagh-Louise,1
1584=,Omedya,1
1584=,Omera,1
1584=,Onanefe,1
1584=,Onya,1
1584=,Onyinyechi,1
1584=,Ora,1
1584=,Oreoluwasubomi,1
1584=,Oriah,1
1584=,Orianne,1
1584=,Orla-Farren,1
1584=,Orlagh-Grace,1
1584=,Orlagh-Jo,1
1584=,Orlagh-Mae,1
1584=,Orlaighe,1
1584=,Orlaithe,1
1584=,Orran,1
1584=,Osamame,1
1584=,Osarobo,1
1584=,Oswyn,1
1584=,Othelie,1
1584=,Otuto,1
1584=,Otylia,1
1584=,Pacha,1
1584=,Paeton-Amber,1
1584=,Paige-Mae,1
1584=,Paigee,1
1584=,Paloma,1
1584=,Pamela,1
1584=,Pandora,1
1584=,Papaya,1
1584=,Pari,1
1584=,Parker,1
1584=,Parker-Beau,1
1584=,Parmiss,1
1584=,Parneet,1
1584=,Parnian,1
1584=,Patience,1
1584=,Patsy,1
1584=,Pauline,1
1584=,Payton-Lee,1
1584=,Payton-Mai,1
1584=,Peanaidh,1
1584=,Pebbles,1
1584=,Peiton,1
1584=,Pendo,1
1584=,Penelope-Eve,1
1584=,Penelope-Rose,1
1584=,Pennie-Li,1
1584=,Peri,1
1584=,Perihan,1
1584=,Perla,1
1584=,Perrie-Grace,1
1584=,Perrie-Leigh,1
1584=,Persephone,1
1584=,Peryl,1
1584=,Peyton-Marie,1
1584=,Peyton-Nicole,1
1584=,Phaela,1
1584=,Phaemie,1
1584=,Phanyasiri,1
1584=,Phathokuhle,1
1584=,Pheobe,1
1584=,Phoebe-Grace,1
1584=,Phoebe-Jayne,1
1584=,Phoebe-Rose,1
1584=,Phoebe-Sarah,1
1584=,Phoebie,1
1584=,Phoenixx,1
1584=,Phreya,1
1584=,Piali,1
1584=,Pipa,1
1584=,Pipper,1
1584=,Piroska,1
1584=,Pixii,1
1584=,Poppy-James,1
1584=,Poppy-Jane,1
1584=,Poppy-Leigh,1
1584=,Poppy-Lynn,1
1584=,Poppy-Marie,1
1584=,Porsche,1
1584=,Porschea,1
1584=,Portia,1
1584=,Posy,1
1584=,Prapti,1
1584=,Prashnaa,1
1584=,Preia,1
1584=,Presley,1
1584=,Prestynne,1
1584=,Pria,1
1584=,Prisca,1
1584=,Ptarmigan,1
1584=,Pujysrita,1
1584=,Punam,1
1584=,Punya,1
1584=,Pyper-Rose,1
1584=,Qamar,1
1584=,Qaseh,1
1584=,Qayla,1
1584=,Qing,1
1584=,Rabiya,1
1584=,Rada,1
1584=,Radison,1
1584=,Raeanne,1
1584=,Raeefa,1
1584=,Raeghan,1
1584=,Rafah,1
1584=,Raffaella,1
1584=,Rafif,1
1584=,Raghad,1
1584=,Rahaf,1
1584=,Rahela,1
1584=,Raima,1
1584=,Raina,1
1584=,Raiven,1
1584=,Rakisha,1
1584=,Raluca-Andreea,1
1584=,Ramona,1
1584=,Rand,1
1584=,Rania,1
1584=,Rasa,1
1584=,Rasha,1
1584=,Rateel,1
1584=,Ravenna,1
1584=,Ravneet,1
1584=,Raya,1
1584=,Rayah,1
1584=,Rayana,1
1584=,Raygan,1
1584=,Raynie,1
1584=,Reah,1
1584=,Reaya,1
1584=,Rebekah-Ashlee,1
1584=,Rebekkah,1
1584=,Reeha,1
1584=,Reejab,1
1584=,Reene,1
1584=,Reenie,1
1584=,Reevah,1
1584=,Reeval,1
1584=,Reeyadapat,1
1584=,Regina,1
1584=,Rehab,1
1584=,Rehoboth,1
1584=,Reighanne,1
1584=,Reign,1
1584=,Reiva,1
1584=,Remalia,1
1584=,Remany,1
1584=,Remas,1
1584=,Remoni,1
1584=,Remy,1
1584=,Renae-Esmae,1
1584=,Renata,1
1584=,Renaya,1
1584=,Rendija,1
1584=,Rene,1
1584=,Reshmi,1
1584=,Retal,1
1584=,Rethabile,1
1584=,Reva,1
1584=,Revah,1
1584=,Reverie,1
1584=,Reya,1
1584=,Reyeh,1
1584=,Reyha,1
1584=,Reyyan,1
1584=,Rhaegan,1
1584=,Rhanna,1
1584=,Rhaya,1
1584=,Rheeva,1
1584=,Rhianna,1
1584=,Rhiannah,1
1584=,Rhiannan,1
1584=,Rhieya,1
1584=,Rhiley,1
1584=,Rhoan,1
1584=,Rhonnay,1
1584=,Rhy-Lee,1
1584=,Rhythm,1
1584=,Rian,1
1584=,Riana,1
1584=,Rianaid,1
1584=,Rianna,1
1584=,Richelle,1
1584=,Rihanne,1
1584=,Rihm,1
1584=,Rilie,1
1584=,Rimisinuoluwa,1
1584=,Rimsha,1
1584=,Rina,1
1584=,Rinad,1
1584=,Rireoluwa,1
1584=,Rithanya,1
1584=,River-Mae,1
1584=,Rivers,1
1584=,Riyanshi,1
1584=,Riyapreet,1
1584=,Riza,1
1584=,Roaa,1
1584=,Roamie,1
1584=,Roana,1
1584=,Robbie-Lynne,1
1584=,Robynpreet,1
1584=,Roca,1
1584=,Rodi,1
1584=,Rodina,1
1584=,Rogan,1
1584=,Rogue,1
1584=,Roha,1
1584=,Rohey,1
1584=,Romana,1
1584=,Romana-Rose,1
1584=,Roni,1
1584=,Roni-Lii,1
1584=,Ronnielea,1
1584=,Rosabella,1
1584=,Rosalea,1
1584=,Rosaleen,1
1584=,Rosali,1
1584=,Rosalia,1
1584=,Rosamund,1
1584=,Rosaria,1
1584=,Rosario,1
1584=,Rose-Anne,1
1584=,Rose-Mae,1
1584=,Rose-Marie,1
1584=,Rosealy,1
1584=,Roselette,1
1584=,Rosemary,1
1584=,Rosetta,1
1584=,Rosey,1
1584=,Rosie-Lee,1
1584=,Rosie-Lei,1
1584=,Rosie-Leigh,1
1584=,Roslynn,1
1584=,Roua,1
1584=,Rouben,1
1584=,Roux-Jane,1
1584=,Rowena,1
1584=,Roxana-Belle,1
1584=,Roxi,1
1584=,Rozi,1
1584=,Rozii,1
1584=,Rozina,1
1584=,Rua,1
1584=,Ruadhan,1
1584=,Rubie-Rose,1
1584=,Ruby-Amara,1
1584=,Ruby-Ellis,1
1584=,Ruby-Jean,1
1584=,Ruby-Jo,1
1584=,Ruby-Lee,1
1584=,Ruby-Leigh,1
1584=,Rubyjane,1
1584=,Rufaro,1
1584=,Rukayya,1
1584=,Rumaysah,1
1584=,Ruo,1
1584=,Ruqaiyah,1
1584=,Ruqayyah,1
1584=,Rushna,1
1584=,Ruthisha,1
1584=,Ruxin,1
1584=,Rya,1
1584=,Rylee,1
1584=,Rylie,1
1584=,Saanchi,1
1584=,Saara,1
1584=,Saarah,1
1584=,Saariyah,1
1584=,Saavi,1
1584=,Saba,1
1584=,Sabaha,1
1584=,Sabeen,1
1584=,Sabela,1
1584=,Sabiya,1
1584=,Sadie-Jane,1
1584=,Sadie-Mae,1
1584=,Sadiqa,1
1584=,Safaa,1
1584=,Safaree,1
1584=,Safeena,1
1584=,Saffia,1
1584=,Saffiya,1
1584=,Safi,1
1584=,Safia,1
1584=,Safia-Mary,1
1584=,Safiah,1
1584=,Safwa,1
1584=,Sahana,1
1584=,Sahar,1
1584=,Sahashra,1
1584=,Sahejnoor,1
1584=,Saikripa,1
1584=,Sakana,1
1584=,Sakina,1
1584=,Sakura,1
1584=,Saliha,1
1584=,Salmah,1
1584=,Sama,1
1584=,Samairah,1
1584=,Saman,1
1584=,Samantha-Rose,1
1584=,Samariteanca,1
1584=,Samaya,1
1584=,Sameeha,1
1584=,Samera,1
1584=,Sammi,1
1584=,Sammyjoe,1
1584=,Sampreeta,1
1584=,Samreen,1
1584=,Sandie,1
1584=,Sandy,1
1584=,Saniyah,1
1584=,Sanna,1
1584=,Santeanna,1
1584=,Santina,1
1584=,Sanya,1
1584=,Saorla,1
1584=,Saorlaith,1
1584=,Saphira,1
1584=,Sapphire-Rose,1
1584=,Sara-Charlotte,1
1584=,Sarah-Grace,1
1584=,Sarah-Jade,1
1584=,Sarahjane,1
1584=,Sarang,1
1584=,Saratu,1
1584=,Saria,1
1584=,Sascha,1
1584=,Sattva,1
1584=,Saule,1
1584=,Savannah-James,1
1584=,Savannah-May,1
1584=,Savannah-Rae,1
1584=,Sawera,1
1584=,Saydie,1
1584=,Sayeeda,1
1584=,Saysha,1
1584=,Scarlett-Jane,1
1584=,Schilar,1
1584=,Seda,1
1584=,Sefina,1
1584=,Sefora,1
1584=,Sehajleen,1
1584=,Sehrena,1
1584=,Selah,1
1584=,Selena,1
1584=,Selita,1
1584=,Senna,1
1584=,Seonaid,1
1584=,Serena,1
1584=,Serena-Elise,1
1584=,Serra,1
1584=,Serya,1
1584=,Sevannah-Elizabeth,1
1584=,Sha'uri,1
1584=,Shadleen,1
1584=,Shaelynn,1
1584=,Shahana,1
1584=,Shahreen,1
1584=,Shakira,1
1584=,Shandice,1
1584=,Shaney,1
1584=,Shania-Mae,1
1584=,Shanice,1
1584=,Shantel,1
1584=,Shanza,1
1584=,Sharalena,1
1584=,Sharlee,1
1584=,Shavani,1
1584=,Shawna,1
1584=,Shay-Grace,1
1584=,Shea,1
1584=,Shemizz,1
1584=,Sheya,1
1584=,Sheyanne,1
1584=,Sheza,1
1584=,Shi,1
1584=,Shia-Rayne,1
1584=,Shianjali,1
1584=,Shianne,1
1584=,Shifaa,1
1584=,Shilan,1
1584=,Shiloh,1
1584=,Shimla,1
1584=,Shinjini,1
1584=,Shiva,1
1584=,Shivangi,1
1584=,Shiyun,1
1584=,Shona-Lee,1
1584=,Shu,1
1584=,Shumailah,1
1584=,Shyra,1
1584=,Sian,1
1584=,Sianna,1
1584=,Sibyl,1
1584=,Sibylle,1
1584=,Sidney,1
1584=,Sidra,1
1584=,Sienna-Leigh,1
1584=,Sienna-Lilly,1
1584=,Sierra,1
1584=,Siham,1
1584=,Silver,1
1584=,Simoni,1
1584=,Simra,1
1584=,Simrin,1
1584=,Sinead-Io,1
1584=,Sineag,1
1584=,Siomha,1
1584=,Sioned,1
1584=,Siqi,1
1584=,Siri,1
1584=,Siyu,1
1584=,Skai,1
1584=,Skarleta,1
1584=,Skarlett,1
1584=,Skye-Jane,1
1584=,Skye-Louise,1
1584=,Skyelar,1
1584=,Skylah,1
1584=,Skylar-Paige,1
1584=,Slaine,1
1584=,Sneha,1
1584=,Snow,1
1584=,Sofia-Ava,1
1584=,Sofiaa,1
1584=,Sofie-Leigh,1
1584=,Sofiia,1
1584=,Sofiyah,1
1584=,Sohvi,1
1584=,Soleen,1
1584=,Soley,1
1584=,Somer,1
1584=,Sommer,1
1584=,Sonas,1
1584=,Sophia-Jessica,1
1584=,Sophia-Leigh,1
1584=,Sophia-Louise,1
1584=,Sophie-Ann,1
1584=,Sophie-Anne,1
1584=,Sophie-Grace,1
1584=,Sophie-Helena,1
1584=,Sophie-Jane,1
1584=,Sophie-Lee,1
1584=,Sophieleigh,1
1584=,Sophielouise,1
1584=,Sophiemae,1
1584=,Sorana,1
1584=,Sorayah,1
1584=,Sorche,1
1584=,Sorrel,1
1584=,Soumya,1
1584=,Soundouss,1
1584=,South,1
1584=,Splendor,1
1584=,Spruha,1
1584=,Spurthi,1
1584=,Sri,1
1584=,Srichandrarupa,1
1584=,Starr,1
1584=,Steevi,1
1584=,Stella-Jane,1
1584=,Storm,1
1584=,Struan,1
1584=,Styliani,1
1584=,Su,1
1584=,Subi,1
1584=,Sukhmani,1
1584=,Sulaf,1
1584=,Sumaiya,1
1584=,Sumaya,1
1584=,Sumedha,1
1584=,Summer-Lea,1
1584=,Summer-Leigh,1
1584=,Summer-Rae,1
1584=,Summer-Rose,1
1584=,Summerlily,1
1584=,Sundus,1
1584=,Sunnie,1
1584=,Sunniva,1
1584=,Sunshine,1
1584=,Surely,1
1584=,Susan,1
1584=,Susana,1
1584=,Suzanna,1
1584=,Suzannah,1
1584=,Suzy,1
1584=,Svetlana,1
1584=,Sybille,1
1584=,Sydney-Jane,1
1584=,Sydni,1
1584=,Sydonia,1
1584=,Sylvi,1
1584=,Syra,1
1584=,Taiba,1
1584=,Tala,1
1584=,Talitha,1
1584=,Talliah,1
1584=,Tallula,1
1584=,Tallulah-Rose,1
1584=,Tallulahskye,1
1584=,Tamana,1
1584=,Tamar,1
1584=,Tammi-Lee,1
1584=,Tamsin,1
1584=,Tamzyn-Leigh,1
1584=,Tanayaa,1
1584=,Tanis,1
1584=,Tanpreet,1
1584=,Taome,1
1584=,Taonga,1
1584=,Taraf,1
1584=,Taraji,1
1584=,Taran,1
1584=,Taranum,1
1584=,Taryn,1
1584=,Tasima,1
1584=,Tasneem,1
1584=,Tassia,1
1584=,Tasvi,1
1584=,Tate,1
1584=,Tay,1
1584=,Taylah,1
1584=,Taymiyah,1
1584=,Teagan-Jay,1
1584=,Teamo,1
1584=,Teddi,1
1584=,Teddie,1
1584=,Teela,1
1584=,Tega,1
1584=,Tegan-Marie,1
1584=,Teighan,1
1584=,Teighan-Leigh,1
1584=,Teija,1
1584=,Temitundarasi,1
1584=,Teniola,1
1584=,Tenioluwanimi,1
1584=,Teresa,1
1584=,Terri-Lee,1
1584=,Texas,1
1584=,Thaamira,1
1584=,Thane,1
1584=,Thanika,1
1584=,Theadora,1
1584=,Theo,1
1584=,Theodora,1
1584=,Therese,1
1584=,Thirza,1
1584=,Thiya,1
1584=,Thorne,1
1584=,Tianah,1
1584=,Tiannah-Lou,1
1584=,Tiaraoluwa,1
1584=,Tiffani,1
1584=,Tiffany-Mary,1
1584=,Tilirose,1
1584=,Tilisha,1
1584=,Tilley,1
1584=,Tilli-Rose,1
1584=,Tillie-Jade,1
1584=,Tillie-Rose,1
1584=,Tilly-Ana,1
1584=,Tilya,1
1584=,Tira,1
1584=,Tiree,1
1584=,Tirion,1
1584=,Tiya,1
1584=,Tjitske,1
1584=,Tobie,1
1584=,Tolani,1
1584=,Toluwalase,1
1584=,Toni-Leigh,1
1584=,Tora,1
1584=,Torran,1
1584=,Torrence,1
1584=,Tove,1
1584=,Treasure,1
1584=,Trudy,1
1584=,Tuana,1
1584=,Tukwasimobi,1
1584=,Tuva,1
1584=,Tvisha,1
1584=,Twylabelle,1
1584=,Ty,1
1584=,Tyla-Jane,1
1584=,Tyna,1
1584=,Tziona,1
1584=,Ugne,1
1584=,Ula,1
1584=,Um,1
1584=,Uma,1
1584=,Umema,1
1584=,Umi,1
1584=,Urooj,1
1584=,Urwa,1
1584=,Urwah,1
1584=,Vada,1
1584=,Vaila-May,1
1584=,Valencia,1
1584=,Vareesha,1
1584=,Varin,1
1584=,Varvara,1
1584=,Veda,1
1584=,Venkata,1
1584=,Venpa,1
1584=,Venus,1
1584=,Victorine,1
1584=,Vida,1
1584=,Vidhi,1
1584=,Viktorie,1
1584=,Viola,1
1584=,Violeta,1
1584=,Violette,1
1584=,Virginia,1
1584=,Virtue,1
1584=,Vivian-Rose,1
1584=,Vivie,1
1584=,Viyan,1
1584=,Vogue,1
1584=,Vritika,1
1584=,Wallis,1
1584=,Wanesa,1
1584=,Waniya,1
1584=,Wassa,1
1584=,Whitney,1
1584=,Willow-Mae,1
1584=,Windsor,1
1584=,Winter-Rose,1
1584=,Wolf,1
1584=,Xanthe,1
1584=,Xintong,1
1584=,Xinyan,1
1584=,Xinyi,1
1584=,Xixian,1
1584=,Xrysoula,1
1584=,Yael,1
1584=,Yakeen,1
1584=,Yakira,1
1584=,Yalan,1
1584=,Yamika,1
1584=,Yana,1
1584=,Yangyi,1
1584=,Yanina,1
1584=,Yanini,1
1584=,Yaqoot,1
1584=,Yarah,1
1584=,Yashvika,1
1584=,Yasmeen,1
1584=,Yasmina,1
1584=,Yassmin,1
1584=,Yeliz,1
1584=,Yeo-June,1
1584=,Yeoryia,1
1584=,Yesara,1
1584=,Yeshne,1
1584=,Yining,1
1584=,Yolanda,1
1584=,Yomen,1
1584=,Yoser,1
1584=,Yosr,1
1584=,Ysabel,1
1584=,Yulia,1
1584=,Yuna,1
1584=,Yunxi,1
1584=,Yuveenashrii,1
1584=,Yuvna,1
1584=,Yvaine,1
1584=,Yve,1
1584=,Yvie-Rose,1
1584=,Zabreen,1
1584=,Zaha,1
1584=,Zaheen,1
1584=,Zahraa,1
1584=,Zaiba,1
1584=,Zaineb,1
1584=,Zainub,1
1584=,Zalikha,1
1584=,Zamarei,1
1584=,Zamzam,1
1584=,Zannah,1
1584=,Zariya,1
1584=,Zarmeen,1
1584=,Zayana,1
1584=,Zayla,1
1584=,Zayna,1
1584=,Zazilia,1
1584=,Zeevah,1
1584=,Zella,1
1584=,Zephyra,1
1584=,Zerfin,1
1584=,Zeynep,1
1584=,Zienna,1
1584=,Zikoramalachi,1
1584=,Zikra,1
1584=,Zimal,1
1584=,Zinachidi,1
1584=,Ziva-Grace,1
1584=,Zoeya,1
1584=,Zola,1
1584=,Zselyke,1
1584=,Zuha,1
1584=,Zunaira,1
1584=,Zunairah,1
1584=,Zunayra,1
1584=,Zuzu,1
1584=,Zymal,1
