Position,Name,Number of babies
1,David,1793
2,John,1481
3,Paul,1207
4,James,1193
5,Mark,1132
6,Scott,1081
7,Andrew,1032
8,Steven,996
9,Robert,842
10,Stephen,746
11,Craig,740
12,Christopher,720
13,Alan,715
14,Michael,708
15,Stuart,707
16,William,685
17,Kevin,642
18,Colin,618
19,Brian,588
20,Derek,538
21,Neil,520
22,Richard,489
23,Gary,469
24,Barry,454
25,Martin,440
26,Thomas,436
27,Ian,428
28,Gordon,411
29,Kenneth,387
30,Alexander,370
31=,Graeme,365
31=,Peter,365
33,Iain,354
34,Graham,327
35,Jason,299
36,George,296
37,Allan,259
38,Keith,256
39,Darren,247
40,Simon,238
41,Douglas,218
42,Ross,214
43,Stewart,204
44,Lee,197
45,Grant,191
46,Nicholas,186
47,Joseph,184
48,Gavin,182
49,Anthony,181
50,Jonathan,171
51,Daniel,154
52=,Fraser,147
52=,Matthew,147
54,Donald,142
55,Malcolm,140
56,Alistair,139
57,Edward,135
58,Raymond,130
59,Charles,129
60,Philip,123
61=,Bruce,118
61=,Garry,118
61=,Jamie,118
64,Ryan,114
65,Bryan,110
66,Francis,109
67=,Alastair,102
67=,Duncan,102
69,Patrick,98
70,Ronald,93
71,Alasdair,85
72,Ewan,80
73,Marc,75
74,Wayne,73
75,Hugh,72
76=,Robin,70
76=,Sean,70
78,Calum,68
79,Euan,66
80,Adam,63
81,Russell,62
82=,Cameron,58
82=,Gerard,58
82=,Murray,58
82=,Norman,58
86,Angus,56
87,Greig,55
88,Justin,51
89,Gregor,50
90,Gerald,48
91=,Roderick,47
91=,Roy,47
93,Benjamin,46
94,Timothy,44
95,Dean,42
96,Samuel,39
97=,Greg,38
97=,Shaun,38
99=,Adrian,37
99=,Campbell,37
101=,Eric,36
101=,Niall,36
103=,Glen,35
103=,Trevor,35
105=,Antony,33
105=,Gareth,33
107=,Barrie,31
107=,Frank,31
107=,Leslie,31
110,Liam,30
111,Henry,29
112=,Bernard,28
112=,Callum,28
114,Dale,27
115=,Brendan,26
115=,Dominic,26
115=,Owen,26
115=,Vincent,26
119=,Damian,24
119=,Roger,24
121=,Desmond,23
121=,Jon,23
123,Aaron,22
124=,Gregory,21
124=,Hamish,21
126=,Christian,20
126=,Mohammad,20
128=,Ewen,19
128=,Gregg,19
128=,Terence,19
131=,Arthur,18
131=,Derrick,18
131=,Fergus,18
131=,Jack,18
131=,Lewis,18
131=,Lindsay,18
131=,Mohammed,18
138=,Clark,17
138=,Laurence,17
138=,Martyn,17
138=,Walter,17
142=,Alisdair,16
142=,Ben,16
142=,Denis,16
142=,Frazer,16
142=,Jeremy,16
142=,Nigel,16
142=,Terry,16
149=,Blair,15
149=,Innes,15
149=,Jeffrey,15
149=,Nathan,15
149=,Phillip,15
149=,Rory,15
155=,Crawford,14
155=,Glenn,14
155=,Karl,14
155=,Lawrence,14
155=,Marcus,14
155=,Neill,14
155=,Scot,14
155=,Steve,14
155=,Tony,14
164=,Dennis,13
164=,Guy,13
164=,Jay,13
167=,Brett,12
167=,Kieran,12
167=,Leonard,12
167=,Murdo,12
167=,Oliver,12
172=,Alister,11
172=,Archibald,11
172=,Billy,11
172=,Elliot,11
172=,Geoffrey,11
172=,Gilbert,11
172=,Harry,11
172=,Lorne,11
172=,Stanley,11
172=,Victor,11
182=,Julian,10
182=,Kris,10
182=,Ralph,10
182=,Rodney,10
182=,Shane,10
187=,Alex,9
187=,Austin,9
187=,Darryl,9
187=,Kirk,9
187=,Leigh,9
187=,Magnus,9
187=,Neal,9
187=,Sandy,9
187=,Warren,9
196=,Bradley,8
196=,Clifford,8
196=,Don,8
196=,Drew,8
196=,Evan,8
196=,Finlay,8
196=,Giles,8
196=,Ivan,8
196=,Keir,8
196=,Leon,8
196=,Moray,8
196=,Morgan,8
196=,Robbie,8
196=,Sam,8
210=,Allen,7
210=,Chi,7
210=,Dugald,7
210=,Dylan,7
210=,Frederick,7
210=,Gerrard,7
210=,Ivor,7
210=,Myles,7
210=,Nicol,7
210=,Nicolas,7
210=,Ricky,7
210=,Ronnie,7
222=,Aidan,6
222=,Albert,6
222=,Alun,6
222=,Carl,6
222=,Chris,6
222=,Darrin,6
222=,Edmund,6
222=,Findlay,6
222=,Jody,6
222=,Kevan,6
222=,Lachlan,6
222=,Lloyd,6
222=,Luke,6
222=,Marco,6
222=,Mario,6
222=,Muhammad,6
222=,Noel,6
222=,Tristan,6
240=,Alfred,5
240=,Antonio,5
240=,Arran,5
240=,Arron,5
240=,Boyd,5
240=,Brent,5
240=,Damien,5
240=,Darran,5
240=,Dougal,5
240=,Erik,5
240=,Forbes,5
240=,Grahame,5
240=,Imran,5
240=,Jim,5
240=,Johnnie,5
240=,Kristian,5
240=,Kyle,5
240=,Laurie,5
240=,Louis,5
240=,Marcel,5
240=,Mathew,5
240=,Murdoch,5
240=,Nadeem,5
240=,Roddy,5
240=,Wai,5
240=,Zachary,5
266=,Benedict,4
266=,Carlo,4
266=,Danny,4
266=,Daryl,4
266=,Hendry,4
266=,Howard,4
266=,Johnathan,4
266=,Jose,4
266=,Joshua,4
266=,Keiran,4
266=,Kieron,4
266=,Mitchell,4
266=,Muir,4
266=,Nairn,4
266=,Niel,4
266=,Nolan,4
266=,Omar,4
266=,Ray,4
266=,Rodger,4
266=,Stephan,4
266=,Struan,4
266=,Wilson,4
288=,Ahmad,3
288=,Allister,3
288=,Angelo,3
288=,Archie,3
288=,Asif,3
288=,Bobby,3
288=,Chad,3
288=,Christie,3
288=,Ciaran,3
288=,Clinton,3
288=,Conrad,3
288=,Cornelius,3
288=,Daron,3
288=,Darryn,3
288=,Deryck,3
288=,Diarmid,3
288=,Edwin,3
288=,Eoin,3
288=,Erlend,3
288=,Faisal,3
288=,Francesco,3
288=,Garrie,3
288=,Giovanni,3
288=,Giuseppe,3
288=,Glyn,3
288=,Hector,3
288=,Hugo,3
288=,Irvine,3
288=,Jackie,3
288=,John-Paul,3
288=,Johnny,3
288=,Johnston,3
288=,Keiron,3
288=,Kerr,3
288=,Kristoffer,3
288=,Kristofor,3
288=,Lyall,3
288=,Marshall,3
288=,Maurice,3
288=,Nathaniel,3
288=,Quintin,3
288=,Ramon,3
288=,Ramsay,3
288=,Ranald,3
288=,Rikki,3
288=,Ritchie,3
288=,Rowan,3
288=,Ruairidh,3
288=,Ruaraidh,3
288=,Salvatore,3
288=,Sidney,3
288=,Simeon,3
288=,Sinclair,3
288=,Stefan,3
288=,Stevan,3
288=,Toby,3
288=,Tom,3
288=,Troy,3
288=,Wallace,3
347=,Ahmed,2
347=,Alaistair,2
347=,Alec,2
347=,Alick,2
347=,Andre,2
347=,Andrea,2
347=,Andreas,2
347=,Andres,2
347=,Anton,2
347=,Arnold,2
347=,Ashley,2
347=,Ashraf,2
347=,Austen,2
347=,Bartholomew,2
347=,Carey,2
347=,Charlie,2
347=,Chun,2
347=,Cliff,2
347=,Clive,2
347=,Coinneach,2
347=,Collin,2
347=,Damion,2
347=,Daren,2
347=,Dario,2
347=,Darrell,2
347=,Darroch,2
347=,Darryll,2
347=,Denny,2
347=,Dereck,2
347=,Derick,2
347=,Dieter,2
347=,Dinesh,2
347=,Dino,2
347=,Dougall,2
347=,Earl,2
347=,Eion,2
347=,Elliott,2
347=,Ernest,2
347=,Errol,2
347=,Fernando,2
347=,Garth,2
347=,Gerardo,2
347=,Gideon,2
347=,Gillies,2
347=,Gilmour,2
347=,Glynn,2
347=,Grainger,2
347=,Grieg,2
347=,Hamilton,2
347=,Hank,2
347=,Hans,2
347=,Harold,2
347=,Harvey,2
347=,Herbert,2
347=,Huw,2
347=,Innis,2
347=,Jaimie,2
347=,Jan,2
347=,Jayson,2
347=,Jeffery,2
347=,Jerome,2
347=,Joachim,2
347=,Joe,2
347=,Joel,2
347=,Jon-Paul,2
347=,Jonathon,2
347=,Jude,2
347=,Ka,2
347=,Kaj,2
347=,Karim,2
347=,Kok,2
347=,Konrad,2
347=,Kristopher,2
347=,Kurt,2
347=,Lincoln,2
347=,Liston,2
347=,Logan,2
347=,Man,2
347=,Mandeep,2
347=,Marcos,2
347=,Marek,2
347=,Marvin,2
347=,Matt,2
347=,Maxwell,2
347=,Melvin,2
347=,Mervyn,2
347=,Miguel,2
347=,Miles,2
347=,Mohamed,2
347=,Morven,2
347=,Mungo,2
347=,Munro,2
347=,Navdeep,2
347=,Neville,2
347=,Nikolas,2
347=,Pat,2
347=,Quinton,2
347=,Raj,2
347=,Rennie,2
347=,Ricki,2
347=,Rolf,2
347=,Roshan,2
347=,Royston,2
347=,Ruari,2
347=,Rupert,2
347=,Rupinder,2
347=,Russel,2
347=,Sajjad,2
347=,Saleem,2
347=,Shahid,2
347=,Shannon,2
347=,Shawn,2
347=,Shehzad,2
347=,Shiraz,2
347=,Spencer,2
347=,Stefano,2
347=,Tim,2
347=,Wesley,2
465=,Aaron-Howard,1
465=,Abdulraheem,1
465=,Abhay,1
465=,Abie,1
465=,Abudul,1
465=,Adamo,1
465=,Aden,1
465=,Adhamh,1
465=,Adinon,1
465=,Adriano,1
465=,Adryan,1
465=,Aftab,1
465=,Afzal,1
465=,Aimon,1
465=,Aitken,1
465=,Ajay,1
465=,Akass,1
465=,Alaister,1
465=,Alasdhair,1
465=,Alberto,1
465=,Aled,1
465=,Alexandra,1
465=,Alexis,1
465=,Alexs,1
465=,Alexzander,1
465=,Ali,1
465=,Alieu,1
465=,Allyn,1
465=,Alok,1
465=,Alvin,1
465=,Aly,1
465=,Alyn,1
465=,Amar,1
465=,Amer,1
465=,Amit,1
465=,Amjed,1
465=,Ammar,1
465=,Amnar,1
465=,Andrew-George,1
465=,Andy,1
465=,Anil,1
465=,Anmar,1
465=,Antoni,1
465=,Antonius,1
465=,Aonghas,1
465=,Aran,1
465=,Arfan,1
465=,Arfat,1
465=,Argyrios,1
465=,Arjuna,1
465=,Armand,1
465=,Arnaud,1
465=,Arne,1
465=,Arshad,1
465=,As'aad,1
465=,Asa,1
465=,Asam,1
465=,Ashton,1
465=,Asim,1
465=,Asish,1
465=,Assaad,1
465=,Aston,1
465=,Ataf,1
465=,Athol,1
465=,Athole,1
465=,Atif,1
465=,Atriano,1
465=,Auday,1
465=,Aynsley,1
465=,Ayron,1
465=,Azeem,1
465=,Azziz,1
465=,Babar,1
465=,Baby,1
465=,Bahader,1
465=,Barbar,1
465=,Barnabas,1
465=,Barnaby,1
465=,Barray,1
465=,Barry-John,1
465=,Barryjon,1
465=,Basab,1
465=,Bhopinder,1
465=,Bilal,1
465=,Bill,1
465=,Blayre,1
465=,Blyth,1
465=,Brenden,1
465=,Brendon,1
465=,Brenton,1
465=,Bretton,1
465=,Brion,1
465=,Brook,1
465=,Bryce,1
465=,Bryden,1
465=,Buchanan,1
465=,Byron,1
465=,Cain,1
465=,Caine,1
465=,Calan,1
465=,Callumn,1
465=,Calumn,1
465=,Campbell-John,1
465=,Carlos,1
465=,Carnell,1
465=,Carol,1
465=,Carrick,1
465=,Cary,1
465=,Casey,1
465=,Cator,1
465=,Cecil,1
465=,Cennydd,1
465=,Cenydd,1
465=,Cerdin,1
465=,Cesare,1
465=,Chandran,1
465=,Channa,1
465=,Che,1
465=,Chee,1
465=,Christoffer,1
465=,Christoher,1
465=,Chrysler,1
465=,Chukwujekwu,1
465=,Ciaron,1
465=,Cieran,1
465=,Ciraeme,1
465=,Clarke,1
465=,Clifton,1
465=,Clint,1
465=,Colvin,1
465=,Conor,1
465=,Corey,1
465=,Corin,1
465=,Corrin,1
465=,Cris,1
465=,Curtis,1
465=,Cyavash,1
465=,Cyril,1
465=,D'arcy,1
465=,Dallas,1
465=,Dalwinder,1
465=,Damione,1
465=,Damon,1
465=,Daniele,1
465=,Danni,1
465=,Daragh,1
465=,Darnell,1
465=,Darrol,1
465=,Darron,1
465=,Darryal,1
465=,Daryn,1
465=,Dave,1
465=,Dawson,1
465=,Dax,1
465=,Deane,1
465=,Declan,1
465=,Dee,1
465=,Delroy,1
465=,Dene,1
465=,Denver,1
465=,Denzil,1
465=,Dermont,1
465=,Dermott,1
465=,Derryck,1
465=,Derryk,1
465=,Desiderio,1
465=,Devlin,1
465=,Devsharma,1
465=,Dewi,1
465=,Dexter,1
465=,Diego,1
465=,Dillon,1
465=,Dimitrius,1
465=,Domhnall,1
465=,Dominick,1
465=,Donal,1
465=,Donan,1
465=,Doniel,1
465=,Donn,1
465=,Donnell,1
465=,Donnie,1
465=,Donny,1
465=,Dorian,1
465=,Drue,1
465=,Drummond,1
465=,Duane,1
465=,Dyfed,1
465=,Eain,1
465=,Eamonn,1
465=,Eden,1
465=,Edgar,1
465=,Edvard,1
465=,Ehthisham,1
465=,Ehtsham,1
465=,Einar,1
465=,El,1
465=,Eli,1
465=,Elias,1
465=,Eliman,1
465=,Elio,1
465=,Elizabeth,1
465=,Elliott-John,1
465=,Ellis,1
465=,Emanuel,1
465=,Emilio,1
465=,Emran,1
465=,Enda,1
465=,Enrico,1
465=,Erick,1
465=,Erin,1
465=,Erique,1
465=,Erling,1
465=,Ernesto,1
465=,Espen,1
465=,Euart,1
465=,Everth,1
465=,Ewing,1
465=,Fabian,1
465=,Fahd,1
465=,Fahri,1
465=,Falcon,1
465=,Farid,1
465=,Fehad,1
465=,Felix,1
465=,Fermin,1
465=,Fesial,1
465=,Finbar,1
465=,Finnian,1
465=,Fiona,1
465=,Franchi,1
465=,Francisco,1
465=,Franco,1
465=,Frederic,1
465=,Frederik,1
465=,Fredrick,1
465=,Frith,1
465=,Fu,1
465=,Furraz,1
465=,Gabriel,1
465=,Garin,1
465=,Garnett,1
465=,Garrett,1
465=,Garrith,1
465=,Gavain,1
465=,Gen,1
465=,Geoff,1
465=,Geraint,1
465=,Ghazanfar,1
465=,Giacomo,1
465=,Giancarlo,1
465=,Gianmauro,1
465=,Gianno,1
465=,Gibson,1
465=,Gilad,1
465=,Gilleasbuig,1
465=,Gillis,1
465=,Gino,1
465=,Girvan,1
465=,Glyndwr,1
465=,Graeme-John,1
465=,Graym,1
465=,Greame,1
465=,Gregan,1
465=,Grier,1
465=,Grigor,1
465=,Gurather,1
465=,Gurdita,1
465=,Gurnam,1
465=,Gurpinder,1
465=,Gwok,1
465=,Hanif,1
465=,Harjinder,1
465=,Harnake,1
465=,Harun,1
465=,Hassam,1
465=,Hatim,1
465=,Hattan,1
465=,Hayden,1
465=,Helen,1
465=,Henricus,1
465=,Hew,1
465=,Hildebrandt,1
465=,Hisham,1
465=,Hong,1
465=,Hsi,1
465=,Hughan,1
465=,Hunter,1
465=,Hyland,1
465=,Hylton,1
465=,Ian-Paul,1
465=,Idem,1
465=,Ien,1
465=,Ihsan,1
465=,Ihtisham,1
465=,Im-Tiaz-Ul-Haq,1
465=,Irfaan,1
465=,Iuan,1
465=,Ivar,1
465=,Jaan,1
465=,Jacob,1
465=,Jacques,1
465=,Jade,1
465=,Jagmone,1
465=,Jai,1
465=,Jaibo,1
465=,Jaime,1
465=,Jamal,1
465=,Jameson,1
465=,Jamieson,1
465=,Jared-Balthazar,1
465=,Jas,1
465=,Jasarat,1
465=,Jasjeet,1
465=,Jaspal,1
465=,Jasson,1
465=,Jatinder,1
465=,Javes,1
465=,Jean,1
465=,Jefferson,1
465=,Jenson,1
465=,Jeroen,1
465=,Jerrard,1
465=,Jesse,1
465=,Jesus,1
465=,Jethro,1
465=,Jevan,1
465=,Jillian,1
465=,Jimmy,1
465=,John-Charles,1
465=,John-Henry,1
465=,Johnesh,1
465=,Jonas,1
465=,Jonathen,1
465=,Jonpaul,1
465=,Jordan,1
465=,Jorge,1
465=,Juan,1
465=,Julien,1
465=,Justine,1
465=,Kaine,1
465=,Kalmarc,1
465=,Kam,1
465=,Kamran,1
465=,Kan,1
465=,Karl-Heinz,1
465=,Karma,1
465=,Kashif,1
465=,Kasim,1
465=,Kat,1
465=,Kayvohn,1
465=,Kcarrie,1
465=,Kelvin,1
465=,Kennedy,1
465=,Kenny,1
465=,Kent,1
465=,Kenyon,1
465=,Kered,1
465=,Kerry,1
465=,Keven,1
465=,Khalid,1
465=,Khalil,1
465=,Kian,1
465=,Kiley,1
465=,Kimble,1
465=,Kin,1
465=,Kinloch,1
465=,Kinnell,1
465=,Kipps,1
465=,Kirpal,1
465=,Koray,1
465=,Kristiffer,1
465=,Kristin,1
465=,Kulvinder,1
465=,Kwai,1
465=,Kwame,1
465=,Kwok,1
465=,Kwong,1
465=,Kylin,1
465=,Laird,1
465=,Lamy,1
465=,Lance,1
465=,Larry,1
465=,Lawrie,1
465=,Lawson,1
465=,Leandro,1
465=,Leeon,1
465=,Leighton,1
465=,Lembyt,1
465=,Len,1
465=,Lennox,1
465=,Leonida,1
465=,Lesley,1
465=,Levon,1
465=,Lex,1
465=,Linda,1
465=,Lindon,1
465=,Lindsey,1
465=,Llewelyn,1
465=,Lluis,1
465=,Loren,1
465=,Lorenzo,1
465=,Louaz,1
465=,Luay,1
465=,Ludovic,1
465=,Luigi,1
465=,Luis,1
465=,Lyndon,1
465=,Maicol,1
465=,Manson,1
465=,Manus,1
465=,Maqbool,1
465=,Marc-Philipp,1
465=,Marcello,1
465=,Marik,1
465=,Marino,1
465=,Mark-James,1
465=,Markus,1
465=,Martino,1
465=,Martyne,1
465=,Mary,1
465=,Masood,1
465=,Masoom,1
465=,Massimo,1
465=,Mathieson,1
465=,Mathieu,1
465=,Matthias,1
465=,Maurizio,1
465=,Max,1
465=,Mear,1
465=,Meldrum,1
465=,Melvyn,1
465=,Menachem,1
465=,Merlin,1
465=,Merril,1
465=,Michal,1
465=,Michelangelo,1
465=,Micholas,1
465=,Mickael,1
465=,Millard,1
465=,Milton,1
465=,Mir,1
465=,Mohamad,1
465=,Moiz,1
465=,Monica,1
465=,Montgomery,1
465=,Moreno,1
465=,Morris,1
465=,Motasim,1
465=,Moyasr,1
465=,Muhammed,1
465=,Muhmod,1
465=,Mukesh,1
465=,Munir,1
465=,Nadeam,1
465=,Nader,1
465=,Nadim,1
465=,Nadir,1
465=,Naill,1
465=,Nalin,1
465=,Namaan,1
465=,Naseem,1
465=,Naseer,1
465=,Navaid,1
465=,Navesh,1
465=,Navin,1
465=,Neilsen,1
465=,Nelson,1
465=,Nethan,1
465=,Nicco,1
465=,Nichol,1
465=,Nicki,1
465=,Nickolas,1
465=,Nicoll,1
465=,Niell,1
465=,Nirvana,1
465=,Nis,1
465=,Nisith,1
465=,Nnaemeka,1
465=,Noah,1
465=,Noble,1
465=,Norval,1
465=,Nushi,1
465=,Nyall,1
465=,Okoro,1
465=,Oladele,1
465=,Olav,1
465=,Olusegun,1
465=,Olutolu,1
465=,Oluwamayowa,1
465=,Omekpo,1
465=,Oriano,1
465=,Orlando,1
465=,Osman,1
465=,Ossian,1
465=,Ozgur,1
465=,Pabinder,1
465=,Padraic,1
465=,Pankaj,1
465=,Paolo,1
465=,Pardeep,1
465=,Parminder,1
465=,Patrizio,1
465=,Pearson,1
465=,Perhet,1
465=,Perrin,1
465=,Perry,1
465=,Pervez,1
465=,Philippe,1
465=,Philippos,1
465=,Phineus,1
465=,Pietro,1
465=,Poshitha,1
465=,Prithipal,1
465=,Pui-Keung,1
465=,Qasif,1
465=,Quentin,1
465=,Rae,1
465=,Raegen,1
465=,Rafee,1
465=,Raja,1
465=,Rajan,1
465=,Rajesh,1
465=,Rajinder,1
465=,Rajvinder,1
465=,Ralf,1
465=,Rana,1
465=,Ranjeet,1
465=,Ranjeev,1
465=,Ranjit,1
465=,Raonull,1
465=,Raphael,1
465=,Rashaid,1
465=,Raymund,1
465=,Reaaz,1
465=,Rehan,1
465=,Rehman,1
465=,Reid,1
465=,Reinaldo,1
465=,Remo,1
465=,Renato,1
465=,Reto,1
465=,Reuben,1
465=,Rey,1
465=,Rezwan,1
465=,Rfakat,1
465=,Rhian,1
465=,Rhoderick,1
465=,Rhuari,1
465=,Riaz,1
465=,Riccardo,1
465=,Richie,1
465=,Richy,1
465=,Rizwan,1
465=,Rob,1
465=,Robb,1
465=,Robbie-John,1
465=,Roberto,1
465=,Robindra,1
465=,Roddi,1
465=,Rodrigo,1
465=,Rogan,1
465=,Rolland,1
465=,Ron,1
465=,Roni,1
465=,Roser,1
465=,Roye,1
465=,Ruan,1
465=,Ruarri,1
465=,Ruazrioh,1
465=,Rudi,1
465=,Rudy,1
465=,Sai,1
465=,Sajad,1
465=,Sajed,1
465=,Sajid,1
465=,Salim,1
465=,Sameer,1
465=,Samir,1
465=,Sandeep,1
465=,Sanjay,1
465=,Sanjeet,1
465=,Sanjit,1
465=,Sanjoy,1
465=,Sara,1
465=,Saroop,1
465=,Satish,1
465=,Satminder,1
465=,Satpal,1
465=,Scotland,1
465=,Scottland,1
465=,Se-Lerg,1
465=,Sean-Paul,1
465=,Selim,1
465=,Sergio,1
465=,Shah,1
465=,Shahbaz,1
465=,Shahbear,1
465=,Shahzad,1
465=,Shakil,1
465=,Sharif,1
465=,Shaune,1
465=,Shayne,1
465=,Shehbaz,1
465=,Sheikh,1
465=,Shizad,1
465=,Shona,1
465=,Shu-Chuen,1
465=,Sigurjon,1
465=,Silas,1
465=,Silvano,1
465=,Sion,1
465=,Siu,1
465=,Sivan,1
465=,Skander,1
465=,Skye-Daniel,1
465=,Solomon,1
465=,Sonny,1
465=,Spence,1
465=,Sreedhar,1
465=,Stanton,1
465=,Stephane,1
465=,Stevon,1
465=,Suboor,1
465=,Sudhesh,1
465=,Suhaimi,1
465=,Sui,1
465=,Sukhvir,1
465=,Surash,1
465=,Surjit,1
465=,Sverre,1
465=,Swaraj,1
465=,Sydney,1
465=,Syeed-Ur,1
465=,Sylvanus,1
465=,Symon,1
465=,Tai,1
465=,Tak,1
465=,Tamlyn,1
465=,Tammas,1
465=,Tanveer,1
465=,Tarek,1
465=,Tariq,1
465=,Tarlochan,1
465=,Techung,1
465=,Tekena,1
465=,Telford,1
465=,Terrence,1
465=,Theo,1
465=,Theodore,1
465=,Thor,1
465=,Tiernan,1
465=,Timshel,1
465=,Timur,1
465=,Tin,1
465=,Tobias,1
465=,Tobin,1
465=,Tomasz,1
465=,Tommy,1
465=,Torquil,1
465=,Torran,1
465=,Travis,1
465=,Tristian,1
465=,Tristram,1
465=,Tsueng,1
465=,Tyrel,1
465=,Tyrone,1
465=,Udai,1
465=,Udayan,1
465=,Ultan,1
465=,Valerio,1
465=,Vance,1
465=,Vernon,1
465=,Vincenzo,1
465=,Virgile,1
465=,Vivak,1
465=,Wadah,1
465=,Wajad,1
465=,Wam,1
465=,Warrington,1
465=,Waseem,1
465=,Wasim,1
465=,Watson,1
465=,Wei,1
465=,Werner,1
465=,Wesam,1
465=,William-Scott,1
465=,Wing,1
465=,Winstin,1
465=,Winston,1
465=,Woodall,1
465=,Wren,1
465=,Yaman,1
465=,Yaw,1
465=,Yoon,1
465=,Yousaf,1
465=,Yousef,1
465=,Yousif,1
465=,Yunis,1
465=,Yusef,1
465=,Zack,1
465=,Zaheer,1
465=,Zahir,1
465=,Zeshan,1
465=,Zulfiqar,1
465=,Zygmunt,1
,,
,,
,,
,,
,,
,,
,,
,,
,,
,,
,,
,,
,,
,,
,,
,,
,,
,,
,,
,,
,,
,,
,,
,,
,,
,,
,,
,,
,,
,,
,,
,,
,,
,,
,,
,,
,,
,,
,,
,,
,,
,,
,,
,,
,,
,,
,,
,,
,,
,,
,,
,,
,,
,,
,,
,,
,,
,,
,,
,,
,,
,,
,,
,,
,,
,,
,,
,,
,,
,,
,,
,,
,,
,,
,,
,,
,,
,,
,,
,,
,,
,,
,,
,,
,,
,,
,,
,,
,,
,,
,,
,,
,,
,,
,,
,,
,,
,,
,,
,,
,,
,,
,,
,,
,,
,,
,,
,,
,,
,,
,,
,,
,,
,,
,,
,,
,,
,,
,,
,,
,,
,,
,,
,,
,,
,,
,,
,,
,,
,,
,,
,,
,,
,,
,,
,,
,,
,,
,,
,,
,,
,,
,,
,,
,,
,,
,,
,,
,,
,,
,,
,,
,,
,,
,,
,,
,,
,,
,,
,,
,,
,,
,,
,,
,,
,,
,,
,,
,,
,,
,,
,,
,,
,,
,,
,,
,,
,,
,,
,,
,,
,,
,,
,,
,,
,,
,,
,,
,,
,,
,,
,,
,,
,,
,,
,,
,,
,,
,,
,,
,,
,,
,,
,,
,,
,,
,,
,,
,,
,,
,,
,,
,,
,,
,,
,,
,,
,,
,,
,,
,,
,,
,,
,,
,,
,,
,,
,,
,,
,,
,,
,,
,,
,,
,,
,,
,,
,,
,,
,,
,,
,,
,,
,,
,,
,,
,,
,,
,,
,,
,,
,,
,,
,,
,,
,,
,,
,,
,,
,,
,,
,,
,,
,,
,,
,,
,,
,,
,,
,,
,,
,,
,,
,,
,,
,,
,,
,,
,,
,,
,,
,,
,,
,,
,,
,,
,,
,,
,,
,,
,,
,,
,,
,,
,,
,,
,,
,,
,,
,,
,,
,,
,,
,,
,,
,,
,,
,,
,,
,,
,,
,,
,,
,,
,,
,,
,,
,,
,,
,,
,,
,,
,,
,,
,,
,,
,,
,,
,,
,,
,,
,,
,,
,,
,,
,,
,,
,,
,,
,,
,,
,,
,,
,,
,,
,,
,,
,,
,,
,,
,,
,,
,,
,,
,,
,,
,,
,,
,,
,,
,,
,,
,,
,,
,,
,,
,,
,,
,,
,,
,,
,,
,,
,,
,,
,,
,,
,,
,,
,,
,,
,,
,,
,,
,,
,,
,,
,,
,,
,,
,,
,,
,,
,,
,,
,,
,,
,,
,,
,,
,,
,,
,,
,,
,,
,,
,,
,,
,,
,,
,,
,,
,,
,,
,,
,,
,,
,,
,,
,,
,,
,,
,,
,,
,,
,,
,,
,,
,,
,,
,,
,,
,,
,,
,,
,,
,,
,,
,,
,,
,,
,,
,,
,,
,,
,,
,,
,,
,,
,,
,,
,,
,,
,,
,,
,,
,,
,,
,,
,,
,,
,,
,,
,,
,,
,,
,,
,,
,,
,,
,,
,,
,,
,,
,,
,,
,,
,,
,,
,,
,,
,,
,,
,,
,,
,,
,,
,,
,,
,,
,,
,,
,,
,,
,,
,,
,,
,,
,,
,,
,,
,,
,,
,,
,,
,,
,,
,,
,,
,,
,,
,,
,,
,,
,,
,,
,,
,,
,,
,,
,,
,,
,,
,,
,,
,,
,,
,,
,,
,,
,,
,,
,,
,,
,,
,,
,,
,,
,,
,,
,,
,,
,,
,,
,,
,,
,,
,,
,,
,,
,,
,,
,,
,,
,,
,,
,,
,,
,,
,,
,,
,,
,,
,,
,,
,,
,,
,,
,,
,,
,,
,,
,,
,,
,,
,,
,,
,,
,,
,,
,,
,,
,,
,,
,,
,,
,,
,,
,,
,,
,,
,,
,,
,,
,,
,,
,,
,,
,,
,,
,,
,,
,,
,,
,,
,,
,,
,,
,,
,,
,,
,,
,,
,,
,,
,,
,,
,,
,,
,,
,,
,,
,,
,,
,,
,,
,,
,,
,,
,,
,,
,,
,,
,,
,,
,,
,,
,,
,,
,,
,,
,,
,,
,,
,,
,,
,,
,,
,,
,,
,,
,,
,,
,,
,,
,,
,,
,,
,,
,,
,,
,,
,,
,,
,,
,,
,,
,,
,,
,,
,,
,,
,,
,,
,,
,,
,,
,,
,,
,,
,,
,,
,,
,,
,,
,,
,,
,,
,,
,,
,,
,,
,,
,,
,,
,,
,,
,,
,,
,,
,,
,,
,,
,,
,,
,,
,,
,,
,,
,,
,,
,,
,,
,,
,,
,,
,,
,,
,,
,,
,,
,,
,,
,,
,,
,,
,,
,,
,,
,,
,,
,,
,,
,,
,,
,,
,,
,,
,,
,,
,,
,,
,,
,,
,,
,,
,,
,,
,,
,,
,,
,,
,,
,,
,,
,,
,,
,,
,,
,,
,,
,,
,,
,,
,,
,,
,,
,,
,,
,,
,,
,,
,,
,,
,,
,,
,,
,,
,,
,,
,,
,,
,,
,,
,,
,,
,,
,,
,,
,,
,,
,,
,,
,,
,,
,,
,,
,,
,,
,,
,,
,,
,,
,,
,,
,,
,,
,,
,,
,,
,,
,,
,,
,,
,,
,,
,,
,,
,,
,,
,,
,,
,,
,,
,,
,,
,,
,,
,,
,,
,,
,,
,,
,,
,,
,,
,,
,,
,,
� Crown Copyright 2015,,
