Position,Name,Number of babies
1,David,1744
2,John,1374
3,Paul,1146
4,James,1136
5,Andrew,983
6,Steven,975
7,Scott,964
8,Mark,893
9,Robert,757
10,Stephen,732
11,Craig,720
12,Christopher,695
13,Stuart,693
14,Alan,689
15,William,647
16,Michael,645
17,Kevin,605
18,Colin,565
19,Brian,527
20,Derek,519
21,Neil,485
22,Richard,481
23,Martin,450
24,Gary,418
25,Ross,403
26,Thomas,377
27,Ian,376
28,Iain,373
29,Barry,363
30,Gordon,362
31,Graeme,348
32,Graham,341
33,Alexander,330
34,Peter,323
35,Kenneth,303
36,Simon,285
37=,Allan,261
37=,Darren,261
39,George,259
40,Douglas,245
41,Jason,223
42,Lee,221
43,Gavin,217
44,Anthony,207
45,Jonathan,191
46,Stewart,189
47,Jamie,177
48,Keith,174
49,Matthew,172
50,Joseph,164
51,Daniel,155
52,Edward,148
53,Nicholas,145
54,Grant,144
55,Ryan,142
56,Philip,140
57,Alistair,134
58,Donald,132
59,Charles,130
60,Duncan,122
61,Garry,120
62,Malcolm,119
63,Raymond,115
64=,Bryan,105
64=,Ewan,105
66,Fraser,98
67=,Alastair,96
67=,Euan,96
69,Patrick,94
70,Bruce,89
71,Ronald,86
72,Greig,81
73,Hugh,77
74=,Francis,74
74=,Gerard,74
76,Russell,73
77,Alasdair,72
78=,Adam,68
78=,Marc,68
78=,Sean,68
81,Benjamin,67
82,Gregor,64
83,Calum,63
84,Wayne,60
85=,Robin,59
85=,Roderick,59
87,Murray,56
88,Greg,55
89,Angus,54
90,Cameron,53
91,Gerald,52
92,Shaun,51
93,Samuel,47
94,Timothy,45
95,Liam,44
96,Campbell,43
97=,Gareth,41
97=,Niall,41
99=,Dean,40
99=,Justin,40
101,Norman,38
102,Aaron,37
103,Adrian,36
104,Henry,35
105,Callum,34
106,Barrie,33
107,Roy,30
108=,Dale,29
108=,Ewen,29
108=,Leslie,29
108=,Vincent,29
112,Terence,28
113=,Glen,26
113=,Trevor,26
115=,Frank,24
115=,Jon,24
117=,Dominic,23
117=,Hamish,23
119=,Antony,22
119=,Lindsay,22
121=,Austin,21
121=,Martyn,21
121=,Terry,21
124=,Brendan,20
124=,Christian,20
124=,Gregory,20
127,Glenn,19
128=,Alisdair,18
128=,Gregg,18
128=,Rory,18
131=,Eric,17
131=,Evan,17
131=,Jeffrey,17
131=,Lewis,17
131=,Owen,17
136=,Geoffrey,16
136=,Leon,16
136=,Walter,16
139=,Marcus,15
139=,Tony,15
141=,Bernard,14
141=,Jack,14
141=,Leigh,14
141=,Magnus,14
145=,Arthur,13
145=,Kirk,13
145=,Laurence,13
145=,Shane,13
145=,Stefan,13
150=,Blair,12
150=,Darran,12
150=,Denis,12
150=,Guy,12
150=,Innes,12
150=,Jeremy,12
150=,Jonathon,12
150=,Kyle,12
150=,Lawrence,12
150=,Luke,12
150=,Mohammad,12
150=,Nathan,12
150=,Nigel,12
150=,Noel,12
150=,Roger,12
165=,Brett,11
165=,Derrick,11
165=,Murdo,11
165=,Rodney,11
169=,Aidan,10
169=,Alister,10
169=,Damian,10
169=,Desmond,10
169=,Elliot,10
169=,Imran,10
169=,Jan,10
169=,Julian,10
169=,Karl,10
169=,Kevan,10
169=,Leonard,10
169=,Neill,10
169=,Ronnie,10
182=,Archibald,9
182=,Ben,9
182=,Carl,9
182=,Dennis,9
182=,Don,9
182=,Edwin,9
182=,Jim,9
182=,Kerr,9
182=,Kris,9
182=,Moray,9
182=,Nicolas,9
182=,Oliver,9
182=,Robbie,9
182=,Steve,9
196=,Austen,8
196=,Clark,8
196=,Clive,8
196=,Danny,8
196=,Dylan,8
196=,Fergus,8
196=,Harry,8
196=,Kieran,8
196=,Kieron,8
196=,Kristian,8
196=,Marco,8
196=,Mohammed,8
196=,Neal,8
196=,Ramsay,8
196=,Scot,8
196=,Toby,8
196=,Warren,8
213=,Ali,7
213=,Allen,7
213=,Ashley,7
213=,Crawford,7
213=,Derick,7
213=,Forbes,7
213=,Glyn,7
213=,Grahame,7
213=,Leo,7
213=,Mathew,7
213=,Neville,7
213=,Phillip,7
213=,Ralph,7
213=,Tom,7
227=,Asif,6
227=,Billy,6
227=,Bradley,6
227=,Brent,6
227=,Chris,6
227=,Damien,6
227=,Darrin,6
227=,Darryl,6
227=,Dougal,6
227=,Drew,6
227=,Eugene,6
227=,Finlay,6
227=,Frazer,6
227=,Jay,6
227=,Kristopher,6
227=,Leighton,6
227=,Lloyd,6
227=,Max,6
227=,Nadeem,6
227=,Nairn,6
227=,Roddy,6
227=,Rodger,6
227=,Ruairidh,6
227=,Sam,6
227=,Sandy,6
252=,Abdul,5
252=,Albert,5
252=,Archie,5
252=,Brendon,5
252=,Cornelius,5
252=,Daryl,5
252=,Howard,5
252=,Ivor,5
252=,Keir,5
252=,Maurice,5
252=,Mitchell,5
252=,Nicky,5
252=,Niki,5
252=,Omar,5
252=,Ray,5
252=,Ricky,5
252=,Ritchie,5
252=,Roland,5
252=,Rupert,5
252=,Shahid,5
252=,Victor,5
273=,Bryce,4
273=,Carlo,4
273=,Damon,4
273=,Darrell,4
273=,Gerrard,4
273=,Jacob,4
273=,Jesse,4
273=,Jody,4
273=,Joel,4
273=,Kashif,4
273=,Kenny,4
273=,Laurie,4
273=,Lorne,4
273=,Louis,4
273=,Maxwell,4
273=,Muhammad,4
273=,Nikki,4
273=,Ranald,4
273=,Ruaraidh,4
273=,Struan,4
273=,Tommy,4
294=,Ahmed,3
294=,Alessandro,3
294=,Alex,3
294=,Allister,3
294=,Alun,3
294=,Angelo,3
294=,Arran,3
294=,Arron,3
294=,Benedict,3
294=,Bobby,3
294=,Brodie,3
294=,Bryn,3
294=,Carwyn,3
294=,Chi,3
294=,Clarke,3
294=,Clifford,3
294=,Clinton,3
294=,Conrad,3
294=,Damion,3
294=,Daren,3
294=,Darrel,3
294=,Darroch,3
294=,Deryck,3
294=,Edmond,3
294=,Ellis,3
294=,Ernest,3
294=,Finn,3
294=,Frederick,3
294=,Guido,3
294=,Jaime,3
294=,Joe,3
294=,Kane,3
294=,Khalid,3
294=,Lachlan,3
294=,Luciano,3
294=,Lyle,3
294=,Mario,3
294=,Miles,3
294=,Morgan,3
294=,Morris,3
294=,Myles,3
294=,Neale,3
294=,Nicol,3
294=,Niel,3
294=,Riaz,3
294=,Rizwan,3
294=,Rowan,3
294=,Seth,3
294=,Sinclair,3
294=,Spencer,3
294=,Stefano,3
294=,Stephan,3
294=,Walker,3
347=,Alain,2
347=,Aldo,2
347=,Alfred,2
347=,Alick,2
347=,Allistair,2
347=,Amos,2
347=,Andre,2
347=,Andrea,2
347=,Anson,2
347=,Asad,2
347=,Asam,2
347=,Atif,2
347=,Barclay,2
347=,Barnaby,2
347=,Barry-John,2
347=,Blythe,2
347=,Boyd,2
347=,Brandon,2
347=,Brydon,2
347=,Casey,2
347=,Chay,2
347=,Chee,2
347=,Ciaran,2
347=,Clayton,2
347=,Clint,2
347=,Cristopher,2
347=,Darin,2
347=,Deepak,2
347=,Dereck,2
347=,Dermot,2
347=,Donnie,2
347=,Donny,2
347=,Duane,2
347=,Dugald,2
347=,Eamon,2
347=,Edmund,2
347=,Eliot,2
347=,Elliott,2
347=,Eoghann,2
347=,Errol,2
347=,Faisal,2
347=,Farquhar,2
347=,Felix,2
347=,Fernando,2
347=,Gabriel,2
347=,Garth,2
347=,Geoff,2
347=,Gerarde,2
347=,Ghazi,2
347=,Gideon,2
347=,Gilbert,2
347=,Grieg,2
347=,Hamilton,2
347=,Harold,2
347=,Hassan,2
347=,Hector,2
347=,Hendry,2
347=,Irfan,2
347=,Ivan,2
347=,Jeff,2
347=,Jerry,2
347=,Jodie,2
347=,Johnathan,2
347=,Johnny,2
347=,Jon-Paul,2
347=,Jonathen,2
347=,Jose,2
347=,Juan,2
347=,Jude,2
347=,Ka,2
347=,Kai,2
347=,Kamran,2
347=,Keiran,2
347=,Keiron,2
347=,Kelly,2
347=,Kelvin,2
347=,Kerrin,2
347=,Keven,2
347=,Krishna,2
347=,Kristofer,2
347=,Kristoffer,2
347=,Leif,2
347=,Lorn,2
347=,Lyall,2
347=,Man,2
347=,Marcos,2
347=,Marshall,2
347=,Marty,2
347=,Matt,2
347=,Melvin,2
347=,Mervyn,2
347=,Metin,2
347=,Mohamed,2
347=,Murdoch,2
347=,Naveed,2
347=,Nial,2
347=,Nickolas,2
347=,Oscar,2
347=,Raja,2
347=,Remo,2
347=,Reuben,2
347=,Ricardo,2
347=,Rikki,2
347=,Rognvald,2
347=,Ruari,2
347=,Sandeep,2
347=,Sebastian,2
347=,Seumas,2
347=,Shahzad,2
347=,Shawn,2
347=,Shazad,2
347=,Silas,2
347=,Stanley,2
347=,Stephane,2
347=,Sunil,2
347=,Sydney,2
347=,Symon,2
347=,Taylor,2
347=,Tobias,2
347=,Tomas,2
347=,Torquil,2
347=,Usman,2
347=,Wade,2
347=,Wallace,2
347=,Warwick,2
347=,Watson,2
347=,Xavier,2
347=,Yan,2
475=,A-Lan,1
475=,Ab,1
475=,Abadia,1
475=,Abhijit,1
475=,Abid,1
475=,Abie,1
475=,Aboullah,1
475=,Abubakar,1
475=,Adair,1
475=,Adeolu,1
475=,Adetola,1
475=,Adnaan,1
475=,Adnan,1
475=,Adrien,1
475=,Afif,1
475=,Afolabi,1
475=,Ahmet,1
475=,Ahsan,1
475=,Aiden,1
475=,Ainsley,1
475=,Ainslie,1
475=,Al-Hamzah,1
475=,Alaa,1
475=,Alaister,1
475=,Alberto,1
475=,Albion,1
475=,Alec,1
475=,Alexandra,1
475=,Alexandre,1
475=,Alfie,1
475=,Alfonso,1
475=,Alin,1
475=,Allesandro,1
475=,Allin,1
475=,Alton,1
475=,Alvan,1
475=,Alvaro,1
475=,Alvin,1
475=,Alyn,1
475=,Amaechi,1
475=,Amar,1
475=,Amer,1
475=,Amerjit,1
475=,Amger,1
475=,Amir,1
475=,Amoran,1
475=,Amran,1
475=,Amur,1
475=,Andres,1
475=,Andy,1
475=,Aneurin,1
475=,Anrejan,1
475=,Anton,1
475=,Antoni,1
475=,Antonio,1
475=,Anwar,1
475=,Aqeel,1
475=,Aqueel,1
475=,Aran,1
475=,Arfan,1
475=,Ari,1
475=,Arshed,1
475=,Artur,1
475=,Ashiru,1
475=,Ashraf,1
475=,Asim,1
475=,Athanassios,1
475=,Atheer,1
475=,Athol,1
475=,Atholl,1
475=,Attif,1
475=,Avaiz,1
475=,Ayaz,1
475=,Aymn,1
475=,Balhar,1
475=,Barky,1
475=,Barrington,1
475=,Baxter,1
475=,Benjiman,1
475=,Benoit,1
475=,Berry,1
475=,Bert,1
475=,Bhupindar,1
475=,Bishara,1
475=,Brady,1
475=,Brand,1
475=,Brien,1
475=,Broderick,1
475=,Brook,1
475=,Brooks,1
475=,Bulvinder,1
475=,Burton,1
475=,Caird,1
475=,Caleb,1
475=,Calvin,1
475=,Caoimhin,1
475=,Cardean,1
475=,Carley,1
475=,Cathal,1
475=,Cathel,1
475=,Cathil,1
475=,Cathol,1
475=,Caz,1
475=,Cecil,1
475=,Cedric,1
475=,Chad,1
475=,Chadwick,1
475=,Chae,1
475=,Challum,1
475=,Chandramohan,1
475=,Chaudhry,1
475=,Che,1
475=,Cheuk,1
475=,Chi-King,1
475=,Chia,1
475=,Chiang,1
475=,Chien,1
475=,Choudary,1
475=,Christie,1
475=,Christipher,1
475=,Christofer,1
475=,Christos,1
475=,Christy,1
475=,Chukwuemeka,1
475=,Chung,1
475=,Chy,1
475=,Ciaron,1
475=,Claire,1
475=,Coinneach,1
475=,Collwyn,1
475=,Colm,1
475=,Connell,1
475=,Connor,1
475=,Conor,1
475=,Cormac,1
475=,Cortez,1
475=,Courtney,1
475=,Cristiano,1
475=,Crosbie,1
475=,Cymon,1
475=,Dahmaindar,1
475=,Damen,1
475=,Damienne,1
475=,Damond,1
475=,Damus,1
475=,Dane,1
475=,Daniele,1
475=,Danilo,1
475=,Darmid,1
475=,Darryck,1
475=,Darwin,1
475=,Daryn,1
475=,Dave,1
475=,David-John,1
475=,Davidjon,1
475=,Davison,1
475=,Davyd,1
475=,Dawod,1
475=,Dawson,1
475=,Declan,1
475=,Dell,1
475=,Dempric,1
475=,Denholm,1
475=,Denny,1
475=,Denzall,1
475=,Deoraj,1
475=,Derry,1
475=,Deryk,1
475=,Diarmid,1
475=,Dickon,1
475=,Diljeet,1
475=,Dino,1
475=,Djenan,1
475=,Domhnull,1
475=,Dominique,1
475=,Donaldson,1
475=,Donato,1
475=,Dorian,1
475=,Douglad,1
475=,Duar,1
475=,Dudley,1
475=,Dughall,1
475=,Dwayne,1
475=,Dylin,1
475=,Eamonn,1
475=,Eddie,1
475=,Eden,1
475=,Eduardo,1
475=,Elasah,1
475=,Elio,1
475=,Elizabeth,1
475=,Elwyn,1
475=,Emil,1
475=,Emile,1
475=,Emilio,1
475=,Emlyn,1
475=,Emmanuel,1
475=,Enrico,1
475=,Enrique,1
475=,Enzo,1
475=,Eoghainn,1
475=,Eoin,1
475=,Erik,1
475=,Erol,1
475=,Eshan,1
475=,Estevan,1
475=,Ethahad-A-Elahe,1
475=,Eyad,1
475=,Fahmy,1
475=,Fanzisai,1
475=,Faress,1
475=,Farhaad,1
475=,Fayyaz,1
475=,Fazli,1
475=,Findlay,1
475=,Fion,1
475=,Fiona,1
475=,Firas,1
475=,Francesco,1
475=,Franciszek,1
475=,Frankie,1
475=,Fred,1
475=,Fredrick,1
475=,Fritjof,1
475=,Furhan,1
475=,Gair,1
475=,Gallwai,1
475=,Garin,1
475=,Garnett,1
475=,Garren,1
475=,Garri,1
475=,Garrick,1
475=,Garrie,1
475=,Garrod,1
475=,Garvan,1
475=,Garven,1
475=,Gavyn,1
475=,Gawaine,1
475=,Gee,1
475=,Georg,1
475=,George-John,1
475=,Georgios,1
475=,Geraint,1
475=,Geraldo,1
475=,Gerrie,1
475=,Ghulam,1
475=,Giandani,1
475=,Gibson,1
475=,Gihan,1
475=,Gil,1
475=,Gilliam,1
475=,Gillies,1
475=,Gilmore,1
475=,Giovanni,1
475=,Giray,1
475=,Girdwood,1
475=,Giuliano,1
475=,Giuseppe,1
475=,Gladwyn,1
475=,Glynn,1
475=,Granville,1
475=,Gregorie,1
475=,Greigor,1
475=,Griffin,1
475=,Grigor,1
475=,Guglielmo,1
475=,Gurbalkar,1
475=,Gurcharnjit,1
475=,Gurmail,1
475=,Gurmare,1
475=,Gurtake,1
475=,Gurvinder,1
475=,Gwilym,1
475=,Gwynfor,1
475=,Haidar,1
475=,Harbinder,1
475=,Hardeep,1
475=,Harnaik,1
475=,Haroon,1
475=,Hartwig,1
475=,Harun,1
475=,Harvey,1
475=,Hatem,1
475=,Haydn,1
475=,Herbert,1
475=,Heston,1
475=,Hisham,1
475=,Ho,1
475=,Hocine,1
475=,Hok,1
475=,Hon,1
475=,Hugo,1
475=,Huseyin,1
475=,Hythm,1
475=,Iahan,1
475=,Ibiso,1
475=,Ifan,1
475=,Imlach,1
475=,Imornefe,1
475=,Inderpal,1
475=,Inness,1
475=,Innis,1
475=,Irman,1
475=,Irvine,1
475=,Isaac,1
475=,Issaq,1
475=,Jackie,1
475=,Jacky,1
475=,Jaeger,1
475=,Jagdeep,1
475=,Jagjeet,1
475=,Jagtar,1
475=,Jai,1
475=,Jairon,1
475=,Jalid,1
475=,Jamey,1
475=,Jamieson,1
475=,Jan-Willem,1
475=,Janaan,1
475=,Janek,1
475=,Jared,1
475=,Jarred,1
475=,Jaspar,1
475=,Jaswant,1
475=,Javid,1
475=,Jayson,1
475=,Jean-Jacques,1
475=,Jean-Yves,1
475=,Jebadiah,1
475=,Jeffery,1
475=,Jensen,1
475=,Jered,1
475=,Jeremiah,1
475=,Jeremie,1
475=,Jesus,1
475=,Jeturo,1
475=,Jilal,1
475=,Jimi,1
475=,Jimmy,1
475=,Jin,1
475=,Jo,1
475=,Joey,1
475=,Johannes,1
475=,Johathan,1
475=,John-Alexander,1
475=,John-Thomas,1
475=,Johnston,1
475=,Jonboy,1
475=,Jonnie,1
475=,Jonny,1
475=,Jonpaul,1
475=,Joris,1
475=,Jorn,1
475=,Joshua,1
475=,Joyanta,1
475=,Jozef,1
475=,Judd,1
475=,Juneid,1
475=,Jurg,1
475=,Jussi,1
475=,Justen,1
475=,Justine,1
475=,Jye,1
475=,Kabasele,1
475=,Kar,1
475=,Kareem,1
475=,Karen,1
475=,Karim,1
475=,Karl-Georg,1
475=,Karpal,1
475=,Karri,1
475=,Kasra,1
475=,Kassam,1
475=,Kavan,1
475=,Kenrick,1
475=,Kenton,1
475=,Kenyatta,1
475=,Kfir,1
475=,Khaleel,1
475=,Khurram,1
475=,Kieren,1
475=,Kilt,1
475=,Kinley,1
475=,Kirpaul,1
475=,Kirsty,1
475=,Kishan,1
475=,Kitt,1
475=,Kiu,1
475=,Klaus,1
475=,Koon,1
475=,Kowk,1
475=,Kraig,1
475=,Kristan,1
475=,Kristerphor,1
475=,Kristiaan,1
475=,Kristifer,1
475=,Kwai,1
475=,Kwok,1
475=,Kwong,1
475=,Kyriacos,1
475=,Lahrasub,1
475=,Lakhwinder,1
475=,Lance,1
475=,Lap,1
475=,Laren,1
475=,Larry,1
475=,Latif,1
475=,Lawrance,1
475=,Lawrie,1
475=,Layth,1
475=,Le,1
475=,Leam,1
475=,Leander,1
475=,Lee-Roy,1
475=,Leeroy,1
475=,Leith,1
475=,Leroy,1
475=,Lester,1
475=,Lev,1
475=,Leyton,1
475=,Lin,1
475=,Logan,1
475=,Lori,1
475=,Lorin,1
475=,Loudon,1
475=,Louie,1
475=,Luc,1
475=,Luigi,1
475=,Luisito,1
475=,Lutfy,1
475=,Lymond,1
475=,Lyndon,1
475=,Lynne,1
475=,Maan,1
475=,Madoc,1
475=,Magued,1
475=,Mahmood,1
475=,Mahmood-Ul-Rahm,1
475=,Maitland,1
475=,Majid,1
475=,Malek,1
475=,Malkeet,1
475=,Mamdouh,1
475=,Manish,1
475=,Manoj,1
475=,Mansoor-Ul,1
475=,Manvir,1
475=,Marc-Antoine,1
475=,Marc-Laurent,1
475=,Maria,1
475=,Marius,1
475=,Marke,1
475=,Masauso,1
475=,Massimiliano,1
475=,Massimo,1
475=,Mateo,1
475=,Mazin,1
475=,Mckinlay,1
475=,Mechele,1
475=,Melvyl,1
475=,Melvyn,1
475=,Menzies,1
475=,Mescho,1
475=,Mian,1
475=,Michael-John,1
475=,Michal,1
475=,Micheal,1
475=,Mika,1
475=,Mikael,1
475=,Mike,1
475=,Miller,1
475=,Mirvas,1
475=,Mohamad,1
475=,Mohd,1
475=,Mohummed,1
475=,Mortimer,1
475=,Morven,1
475=,Moses,1
475=,Moylan,1
475=,Muataz,1
475=,Mudussar,1
475=,Muhammed,1
475=,Muhammes,1
475=,Muir,1
475=,Mun,1
475=,Muneesh,1
475=,Munish,1
475=,Nabil,1
475=,Nadeemul,1
475=,Nadir,1
475=,Naeem,1
475=,Nafeh,1
475=,Namann-Ali,1
475=,Nanpon,1
475=,Nasser,1
475=,Nathaniel,1
475=,Navid,1
475=,Navied,1
475=,Navin,1
475=,Nazar,1
475=,Nazim,1
475=,Nazir,1
475=,Neilson,1
475=,Nelson,1
475=,Nhiall,1
475=,Nicandro,1
475=,Nicolaas,1
475=,Niels,1
475=,Nikhil,1
475=,Nikolai,1
475=,Ninian,1
475=,Nolan,1
475=,Nooradren,1
475=,Nordean,1
475=,Norma,1
475=,Nyall,1
475=,Oisin,1
475=,Olaf,1
475=,Olivier,1
475=,Olubowale,1
475=,Osama,1
475=,Osmaan,1
475=,Pablo,1
475=,Padraig,1
475=,Panayoti,1
475=,Pawel,1
475=,Percival,1
475=,Permjit,1
475=,Peter-John,1
475=,Phil,1
475=,Pierino,1
475=,Piers,1
475=,Pradhyum,1
475=,Puneet,1
475=,Pushpender,1
475=,Qamaruddin,1
475=,Quentin,1
475=,Quintin,1
475=,Quinton,1
475=,Rader,1
475=,Rafael,1
475=,Rafe,1
475=,Ragan,1
475=,Ragindar,1
475=,Rahul,1
475=,Rajah,1
475=,Rajan,1
475=,Rajeev,1
475=,Rajen,1
475=,Rajkumar,1
475=,Raman,1
475=,Ramon,1
475=,Randolph,1
475=,Ranjeet,1
475=,Ranjit,1
475=,Ranulf,1
475=,Ravi,1
475=,Ravinden,1
475=,Rawand,1
475=,Razvan,1
475=,Razwan,1
475=,Reagan,1
475=,Redwan,1
475=,Reginald,1
475=,Renato,1
475=,Rennie,1
475=,Reynaldo,1
475=,Reza,1
475=,Rhodri,1
475=,Rian,1
475=,Richard-John,1
475=,Richie,1
475=,Rick,1
475=,Riley,1
475=,Rishi,1
475=,Roan,1
475=,Robb,1
475=,Robinder,1
475=,Robyn,1
475=,Rodden,1
475=,Roderic,1
475=,Rodrick,1
475=,Rogier,1
475=,Rolando,1
475=,Rolf,1
475=,Rolf-Olav,1
475=,Roman,1
475=,Romanico,1
475=,Romano,1
475=,Ron,1
475=,Ronain,1
475=,Roopesh,1
475=,Ross-Owen,1
475=,Roughry,1
475=,Rowallan,1
475=,Rowland,1
475=,Royston,1
475=,Ruaridh,1
475=,Ruben,1
475=,Rupan,1
475=,Russel,1
475=,Saad,1
475=,Sacha,1
475=,Sahbaz,1
475=,Saif-Ullah,1
475=,Sajid,1
475=,Salah,1
475=,Saleem,1
475=,Salfu,1
475=,Salvatore,1
475=,Sami,1
475=,Samir,1
475=,Samson,1
475=,Sanjay,1
475=,Sanjeev,1
475=,Saqib,1
475=,Sarah,1
475=,Sathya,1
475=,Satvindar,1
475=,Saul,1
475=,Scotland,1
475=,Seamus,1
475=,Seann,1
475=,Sebastien,1
475=,Seoras,1
475=,Sergio,1
475=,Shabir,1
475=,Shafqat,1
475=,Shafquat,1
475=,Shahjahan,1
475=,Shahrul,1
475=,Shaid,1
475=,Shams-Ul-Rehman,1
475=,Shand,1
475=,Sharjeel,1
475=,Shayne,1
475=,Shehzad,1
475=,Sheikh,1
475=,Shinder,1
475=,Shingo,1
475=,Sidney,1
475=,Sifiso,1
475=,Sigurd,1
475=,Silvano,1
475=,Simeon,1
475=,Simone,1
475=,Sing,1
475=,Sohaib,1
475=,Soloman,1
475=,Somtobenna,1
475=,Sonny,1
475=,Stafford,1
475=,Starsky,1
475=,Stasiek,1
475=,Stavaroes,1
475=,Stephanie,1
475=,Steuart,1
475=,Stevaan,1
475=,Stevan,1
475=,Stevyn,1
475=,Suak,1
475=,Sukhninder,1
475=,Sukhpal,1
475=,Sukhraj,1
475=,Sukhvinder,1
475=,Sullivan,1
475=,Supun,1
475=,Suresh,1
475=,Susan,1
475=,Sven,1
475=,Syed,1
475=,Sylvan,1
475=,Taher,1
475=,Tahir,1
475=,Tal,1
475=,Tamerlane,1
475=,Tanweer,1
475=,Tarek,1
475=,Tariq,1
475=,Tarsem,1
475=,Tavis,1
475=,Tawfik,1
475=,Teague,1
475=,Tejinder,1
475=,Tendayi,1
475=,Terrence,1
475=,Tewdai,1
475=,Theo,1
475=,Theodore,1
475=,Thierry,1
475=,Timwai,1
475=,Tjebbe-Jan,1
475=,Todd,1
475=,Toni,1
475=,Tou,1
475=,Travis,1
475=,Trelawney,1
475=,Trent,1
475=,Tristan,1
475=,Tung,1
475=,Tuqueir,1
475=,Tyron,1
475=,Tyson,1
475=,Umar,1
475=,Urafam,1
475=,Urbab,1
475=,Val,1
475=,Valgeir,1
475=,Vaughan,1
475=,Vijaya,1
475=,Vince,1
475=,Vincenzo,1
475=,Viqaar,1
475=,Vishal,1
475=,Vito,1
475=,Wadea,1
475=,Wai,1
475=,Wallis,1
475=,Waqas,1
475=,Waris,1
475=,Wasseem,1
475=,Wei,1
475=,Westley,1
475=,Wilson,1
475=,Wing,1
475=,Wing-Hong,1
475=,Ya,1
475=,Yacine,1
475=,Yau,1
475=,Yeoman,1
475=,Yewan,1
475=,Yiu-Lan,1
475=,Youshaa,1
475=,Yusuf,1
475=,Yusufu,1
475=,Zach,1
475=,Zachary,1
475=,Zackary,1
475=,Zacky,1
475=,Zafar,1
475=,Zahid,1
475=,Zakarie,1
475=,Zakery,1
475=,Zarrar,1
475=,Zeshan,1
475=,Ziad,1
475=,Zowie,1
475=,Zubair,1
,,
,,
,,
,,
,,
,,
,,
,,
,,
,,
,,
,,
,,
,,
,,
,,
,,
,,
,,
,,
,,
,,
,,
,,
,,
,,
,,
,,
,,
,,
,,
,,
,,
,,
,,
,,
,,
,,
,,
,,
,,
,,
,,
,,
,,
,,
,,
,,
,,
,,
,,
,,
,,
,,
,,
,,
,,
,,
,,
,,
,,
,,
,,
,,
,,
,,
,,
,,
,,
,,
,,
,,
,,
,,
,,
,,
,,
,,
,,
,,
,,
,,
,,
,,
,,
,,
,,
,,
,,
,,
,,
,,
,,
,,
,,
,,
,,
,,
,,
,,
,,
,,
,,
,,
,,
,,
,,
,,
,,
,,
,,
,,
,,
,,
,,
,,
,,
,,
,,
,,
,,
,,
,,
,,
,,
,,
,,
,,
,,
,,
,,
,,
,,
,,
,,
,,
,,
,,
,,
,,
,,
,,
,,
,,
,,
,,
,,
,,
,,
,,
,,
,,
,,
,,
,,
,,
,,
,,
,,
,,
,,
,,
,,
,,
,,
,,
,,
,,
,,
,,
,,
,,
,,
,,
,,
,,
,,
,,
,,
,,
,,
,,
,,
,,
,,
,,
,,
,,
,,
,,
,,
,,
,,
,,
,,
,,
,,
,,
,,
,,
,,
,,
,,
,,
,,
,,
,,
,,
,,
,,
,,
,,
,,
,,
,,
,,
,,
,,
,,
,,
,,
,,
,,
,,
,,
,,
,,
,,
,,
,,
,,
,,
,,
,,
,,
,,
,,
,,
,,
,,
,,
,,
,,
,,
,,
,,
,,
,,
,,
,,
,,
,,
,,
,,
,,
,,
,,
,,
,,
,,
,,
,,
,,
,,
,,
,,
,,
,,
,,
,,
,,
,,
,,
,,
,,
,,
,,
,,
,,
,,
,,
,,
,,
,,
,,
,,
,,
,,
,,
,,
,,
,,
,,
,,
,,
,,
,,
,,
,,
,,
,,
,,
,,
,,
,,
,,
,,
,,
,,
,,
,,
,,
,,
,,
,,
,,
,,
,,
,,
,,
,,
,,
,,
,,
,,
,,
,,
,,
,,
,,
,,
,,
,,
,,
,,
,,
,,
,,
,,
,,
,,
,,
,,
,,
,,
,,
,,
,,
,,
,,
,,
,,
,,
,,
,,
,,
,,
,,
,,
,,
,,
,,
,,
,,
,,
,,
,,
,,
,,
,,
,,
,,
,,
,,
,,
,,
,,
,,
,,
,,
,,
,,
,,
,,
,,
,,
,,
,,
,,
,,
,,
,,
,,
,,
,,
,,
,,
,,
,,
,,
,,
,,
,,
,,
,,
,,
,,
,,
,,
,,
,,
,,
,,
,,
,,
,,
,,
,,
,,
,,
,,
,,
,,
,,
,,
,,
,,
,,
,,
,,
,,
,,
,,
,,
,,
,,
,,
,,
,,
,,
,,
,,
,,
,,
,,
,,
,,
,,
,,
,,
,,
,,
,,
,,
,,
,,
,,
,,
,,
,,
,,
,,
,,
,,
,,
,,
,,
,,
,,
,,
,,
,,
,,
,,
,,
,,
,,
,,
,,
,,
,,
,,
,,
,,
,,
,,
,,
,,
,,
,,
,,
,,
,,
,,
,,
,,
,,
,,
,,
,,
,,
,,
,,
,,
,,
,,
,,
,,
,,
,,
,,
,,
,,
,,
,,
,,
,,
,,
,,
,,
,,
,,
,,
,,
,,
,,
,,
,,
,,
,,
,,
,,
,,
,,
,,
,,
,,
,,
,,
,,
,,
,,
,,
,,
,,
,,
,,
,,
,,
,,
,,
,,
,,
,,
,,
,,
,,
,,
,,
,,
,,
,,
,,
,,
,,
,,
,,
,,
,,
,,
,,
,,
,,
,,
,,
,,
,,
,,
,,
,,
,,
,,
,,
,,
,,
,,
,,
,,
,,
,,
,,
,,
,,
,,
,,
,,
,,
,,
,,
,,
,,
,,
,,
,,
,,
,,
,,
,,
,,
,,
,,
,,
,,
,,
,,
,,
,,
,,
,,
,,
,,
,,
,,
,,
,,
,,
,,
,,
,,
,,
,,
,,
,,
,,
,,
,,
,,
,,
,,
,,
,,
,,
,,
,,
,,
,,
,,
,,
,,
,,
,,
,,
,,
,,
,,
,,
,,
,,
,,
,,
,,
,,
,,
,,
,,
,,
,,
,,
,,
,,
,,
,,
,,
,,
,,
,,
,,
,,
,,
,,
,,
,,
,,
,,
,,
,,
,,
,,
,,
,,
,,
,,
,,
,,
,,
,,
,,
,,
,,
,,
,,
,,
,,
,,
,,
,,
,,
,,
,,
,,
,,
,,
,,
,,
,,
,,
,,
,,
,,
,,
,,
,,
,,
,,
,,
,,
,,
,,
,,
,,
,,
,,
,,
,,
,,
,,
,,
,,
,,
,,
,,
,,
,,
,,
,,
,,
,,
,,
,,
,,
,,
,,
,,
,,
,,
,,
,,
,,
,,
,,
,,
,,
,,
,,
,,
,,
,,
,,
,,
,,
,,
,,
,,
,,
,,
,,
,,
,,
,,
,,
,,
,,
,,
,,
,,
,,
,,
,,
,,
,,
,,
,,
,,
,,
,,
,,
,,
,,
,,
,,
,,
,,
� Crown Copyright 2015,,
