Position,Name,Number of babies
1,David,1861
2,John,1374
3,Andrew,1182
4,Paul,1147
5,James,1067
6,Scott,906
7,Christopher,860
8,Steven,854
9,Michael,769
10,Mark,766
11,Robert,715
12,Craig,711
13,Kevin,678
14,Stuart,671
15,Alan,629
16,Stephen,619
17,William,576
18,Ross,514
19,Colin,475
20,Brian,462
21,Richard,461
22,Barry,456
23,Neil,446
24,Derek,433
25,Gordon,430
26,Thomas,417
27,Graeme,406
28,Martin,402
29,Peter,388
30,Gary,362
31,Iain,340
32,Graham,319
33,Ian,314
34,Kenneth,283
35,Alexander,278
36,Allan,272
37,Jamie,266
38,Gavin,255
39,Darren,226
40,George,222
41,Douglas,202
42,Simon,197
43,Stewart,190
44,Daniel,189
45,Keith,183
46,Lee,179
47,Ryan,177
48,Joseph,172
49,Matthew,156
50,Grant,151
51=,Anthony,139
51=,Jason,139
53,Jonathan,136
54,Duncan,127
55,Fraser,125
56,Donald,123
57,Garry,121
58,Nicholas,116
59,Alistair,115
60=,Bryan,114
60=,Charles,114
62,Raymond,110
63,Philip,106
64,Marc,100
65,Euan,96
66=,Edward,95
66=,Gareth,95
68,Sean,93
69=,Adam,92
69=,Alasdair,92
71,Alastair,91
72=,Greig,87
72=,Ronald,87
74,Malcolm,86
75,Patrick,84
76,Ewan,78
77,Russell,76
78,Greg,70
79=,Gregor,66
79=,Robin,66
81=,Benjamin,65
81=,Bruce,65
83,Gerard,64
84,Francis,61
85,Hugh,56
86,Calum,55
87,Cameron,52
88=,Shaun,48
88=,Wayne,48
90,Samuel,46
91=,Murray,44
91=,Roderick,44
93,Barrie,43
94,Callum,41
95=,Angus,39
95=,Liam,39
95=,Rory,39
98,Niall,38
99,Timothy,37
100,Antony,36
101=,Aaron,35
101=,Eric,35
103=,Dean,34
103=,Kris,34
105,Norman,33
106,Gerald,32
107,Jon,31
108,Martyn,30
109=,Adrian,29
109=,Brendan,29
109=,Dale,29
109=,Roy,29
113,Lewis,27
114,Mohammed,25
115,Frank,24
116=,Dominic,23
116=,Ewen,23
116=,Oliver,23
119=,Hamish,21
119=,Kristofer,21
119=,Leslie,21
122=,Campbell,20
122=,Damian,20
124=,Alisdair,19
124=,Gregory,19
124=,Justin,19
124=,Marcus,19
124=,Sandy,19
124=,Terry,19
124=,Vincent,19
131,Kieran,18
132=,Lindsay,17
132=,Mohammad,17
132=,Owen,17
135=,Blair,16
135=,Frazer,16
135=,Henry,16
135=,Leon,16
135=,Terence,16
135=,Walter,16
141=,Gregg,15
141=,Jeffrey,15
141=,Ralph,15
141=,Roger,15
145=,Arthur,14
145=,Ben,14
145=,Dennis,14
145=,Fergus,14
145=,Luke,14
145=,Stefan,14
145=,Tony,14
145=,Trevor,14
153=,Bernard,13
153=,Jack,13
153=,Kristopher,13
153=,Nigel,13
157=,Alister,12
157=,Darran,12
157=,Glenn,12
157=,Laurence,12
157=,Lawrence,12
157=,Robbie,12
163=,Austin,11
163=,Brett,11
163=,Christian,11
163=,Damien,11
163=,Desmond,11
163=,Edwin,11
163=,Frederick,11
163=,Karl,11
163=,Omar,11
163=,Phillip,11
163=,Steve,11
163=,Wesley,11
175=,Chris,10
175=,Geoffrey,10
175=,Grahame,10
175=,Harry,10
175=,Innes,10
175=,Kerr,10
175=,Louis,10
175=,Magnus,10
175=,Nathan,10
175=,Neill,10
175=,Warren,10
186=,Clark,9
186=,Jaimie,9
186=,Jeremy,9
186=,Jordan,9
186=,Kevan,9
186=,Murdo,9
192=,Billy,8
192=,Carl,8
192=,Derrick,8
192=,Drew,8
192=,Elliot,8
192=,Guy,8
192=,Jaime,8
192=,Jay,8
192=,Kieron,8
192=,Kristoffer,8
192=,Muhammad,8
192=,Neal,8
192=,Ramsay,8
192=,Roddy,8
192=,Tristan,8
207=,Aidan,7
207=,Allen,7
207=,Archibald,7
207=,Chi,7
207=,Denis,7
207=,Dylan,7
207=,Gilbert,7
207=,Glyn,7
207=,Jody,7
207=,John-Paul,7
207=,Julian,7
207=,Lachlan,7
207=,Laurie,7
207=,Lloyd,7
207=,Ray,7
207=,Ricky,7
207=,Tommy,7
207=,Wai,7
225=,Ashley,6
225=,Asif,6
225=,Bobby,6
225=,Connor,6
225=,Crawford,6
225=,Daryl,6
225=,Donnie,6
225=,Imran,6
225=,Jan,6
225=,Jim,6
225=,Johnathan,6
225=,Mathew,6
225=,Maurice,6
225=,Nicky,6
225=,Nicolas,6
225=,Ritchie,6
225=,Rodney,6
225=,Shane,6
225=,Tariq,6
225=,Toby,6
225=,Victor,6
246=,Ahmed,5
246=,Albert,5
246=,Ali,5
246=,Allister,5
246=,Alun,5
246=,Ciaran,5
246=,Clive,5
246=,Darryl,5
246=,Don,5
246=,Glen,5
246=,Hector,5
246=,Kenny,5
246=,Kirk,5
246=,Kristian,5
246=,Kyle,5
246=,Leigh,5
246=,Leonard,5
246=,Lorne,5
246=,Mohamed,5
246=,Rae,5
246=,Roland,5
246=,Ruaraidh,5
246=,Ruaridh,5
246=,Sam,5
246=,Stanley,5
271=,Alec,4
271=,Alfred,4
271=,Andreas,4
271=,Anton,4
271=,Archie,4
271=,Arran,4
271=,Austen,4
271=,Danny,4
271=,Darryn,4
271=,Declan,4
271=,Dougal,4
271=,Duane,4
271=,Dwayne,4
271=,Edmund,4
271=,Ernest,4
271=,Evan,4
271=,Finlay,4
271=,Gerrard,4
271=,Gerry,4
271=,Howard,4
271=,Joel,4
271=,Kashif,4
271=,Keiran,4
271=,Morgan,4
271=,Myles,4
271=,Naveed,4
271=,Scot,4
271=,Shahzad,4
271=,Shawn,4
271=,Sinclair,4
271=,Struan,4
302=,Adeel,3
302=,Ajaz,3
302=,Allyn,3
302=,Angelo,3
302=,Antonio,3
302=,Asa,3
302=,Bryce,3
302=,Carlo,3
302=,Chee,3
302=,Clarke,3
302=,Clint,3
302=,Colm,3
302=,Cristopher,3
302=,Darrin,3
302=,Darron,3
302=,Derick,3
302=,Dugald,3
302=,Erik,3
302=,Finn,3
302=,Giovanni,3
302=,Hardeep,3
302=,Isaac,3
302=,Ivan,3
302=,Jackie,3
302=,Jacob,3
302=,Jared,3
302=,Jonathon,3
302=,Jun,3
302=,Khalid,3
302=,Kristofor,3
302=,Kwok,3
302=,Leo,3
302=,Marco,3
302=,Massimo,3
302=,Moray,3
302=,Muhammed,3
302=,Nadeem,3
302=,Nicol,3
302=,Niki,3
302=,Nikki,3
302=,Nikolas,3
302=,Noel,3
302=,Ranald,3
302=,Rodger,3
302=,Ronan,3
302=,Ronnie,3
302=,Rupert,3
302=,Sajid,3
302=,Sanjeev,3
302=,Saul,3
302=,Shahid,3
302=,Stevie,3
302=,Wilson,3
302=,Zahid,3
356=,Alaster,2
356=,Alen,2
356=,Alex,2
356=,Alexios,2
356=,Allistair,2
356=,Ameet,2
356=,Amer,2
356=,Amir,2
356=,Amit,2
356=,Amran,2
356=,Aonghas,2
356=,Aron,2
356=,Arrin,2
356=,Arun,2
356=,Bari,2
356=,Barnaby,2
356=,Bartholomew,2
356=,Benedict,2
356=,Boyd,2
356=,Bradley,2
356=,Brodie,2
356=,Cai,2
356=,Caleb,2
356=,Calvin,2
356=,Carlos,2
356=,Casey,2
356=,Cesar,2
356=,Chad,2
356=,Christie,2
356=,Christophe,2
356=,Clifford,2
356=,Conal,2
356=,Conor,2
356=,Cornelius,2
356=,Courtney,2
356=,Damion,2
356=,Dane,2
356=,Dario,2
356=,Darrell,2
356=,Denver,2
356=,Dermot,2
356=,Dillon,2
356=,Eammon,2
356=,Eduardo,2
356=,Elie,2
356=,Elliott,2
356=,Eoin,2
356=,Erlend,2
356=,Errol,2
356=,Eugene,2
356=,Faraz,2
356=,Fasil,2
356=,Felix,2
356=,Findlay,2
356=,Gabriel,2
356=,Garreth,2
356=,Georgios,2
356=,Gianni,2
356=,Giles,2
356=,Gillan,2
356=,Harold,2
356=,Harpreet,2
356=,Harvey,2
356=,Hassan,2
356=,Hugo,2
356=,Irvine,2
356=,Jackson,2
356=,Jake,2
356=,Jean-Paul,2
356=,Jeff,2
356=,Jerry,2
356=,Johnstone,2
356=,Jordon,2
356=,Joshua,2
356=,Juan,2
356=,Jude,2
356=,Kee,2
356=,Keiron,2
356=,Kelly,2
356=,Kim,2
356=,Lawrie,2
356=,Layton,2
356=,Leighton,2
356=,Logan,2
356=,Lorn,2
356=,Luciano,2
356=,Luis,2
356=,Maqsood,2
356=,Marek,2
356=,Mario,2
356=,Maxwell,2
356=,Mohamad,2
356=,Murdoch,2
356=,Mustafa,2
356=,Nadim,2
356=,Nairn,2
356=,Nathaniel,2
356=,Nelson,2
356=,Neville,2
356=,Nikolaos,2
356=,Niven,2
356=,Otis,2
356=,Parminder,2
356=,Rajan,2
356=,Rajesh,2
356=,Ramzan,2
356=,Randall,2
356=,Rayner,2
356=,Rene,2
356=,Rhuri,2
356=,Riki,2
356=,Rikki,2
356=,Rob,2
356=,Roberto,2
356=,Rod,2
356=,Rorie,2
356=,Rudi,2
356=,Rudy,2
356=,Sadaqat,2
356=,Sai,2
356=,Sami,2
356=,Sebastien,2
356=,Sergio,2
356=,Seth,2
356=,Shakeel,2
356=,Sheraz,2
356=,Stefano,2
356=,Surinder,2
356=,Sydney,2
356=,Symon,2
356=,Tahir,2
356=,Tim,2
356=,Tom,2
356=,Umran,2
356=,Usman,2
356=,Vernon,2
356=,Wallace,2
356=,Wing,2
356=,Yan,2
356=,Zeeshan,2
496=,Aamir,1
496=,Abdul,1
496=,Abedul,1
496=,Abhishek,1
496=,Abid,1
496=,Abimbola,1
496=,Abrar,1
496=,Abued,1
496=,Abuzer,1
496=,Ademola,1
496=,Aden,1
496=,Adetokunbo,1
496=,Adetokunboh,1
496=,Adil,1
496=,Adlansyah,1
496=,Adriano,1
496=,Adzrai,1
496=,Aftab,1
496=,Agnes,1
496=,Ahmad,1
496=,Ahmadur,1
496=,Aidin,1
496=,Aiman,1
496=,Ainsley,1
496=,Ainslie,1
496=,Ajmal,1
496=,Akash,1
496=,Akhtar,1
496=,Alain,1
496=,Alaister,1
496=,Alden,1
496=,Alejandro,1
496=,Aleksander,1
496=,Alessandro,1
496=,Alexandre,1
496=,Alexandros,1
496=,Alexis,1
496=,Alfredo,1
496=,Ali-Adean,1
496=,Alick,1
496=,Allison,1
496=,Allun,1
496=,Alvar,1
496=,Alyas,1
496=,Alyn,1
496=,Aman,1
496=,Amanit,1
496=,Amardip,1
496=,Ambrose,1
496=,Amjed,1
496=,Amjid,1
496=,Ammar,1
496=,Amndip,1
496=,Anas,1
496=,Anderson,1
496=,Andrea,1
496=,Andres,1
496=,Andri,1
496=,Aneesh,1
496=,Anis,1
496=,Annan,1
496=,Annas,1
496=,Anson,1
496=,Antanas,1
496=,Antoine,1
496=,Antoni,1
496=,Anupam,1
496=,Anupum,1
496=,Ao,1
496=,Aqeel,1
496=,Arend,1
496=,Arfan,1
496=,Aric,1
496=,Arif,1
496=,Arin,1
496=,Arno,1
496=,Arron,1
496=,Arshad,1
496=,Asad,1
496=,Ashar,1
496=,Ashraf,1
496=,Ashrif,1
496=,Asim,1
496=,Assaf,1
496=,Athif,1
496=,Athole,1
496=,Atif,1
496=,Atthar,1
496=,Avtar,1
496=,Ayaz,1
496=,Azad,1
496=,Azhar,1
496=,Azher,1
496=,Azim,1
496=,Azubuike,1
496=,Azwar,1
496=,Bahir,1
496=,Balal,1
496=,Baldeep,1
496=,Baldev,1
496=,Barclay,1
496=,Barney,1
496=,Barron,1
496=,Basharat,1
496=,Behrooz,1
496=,Beinn,1
496=,Benn,1
496=,Bennet,1
496=,Bertie,1
496=,Bharat,1
496=,Bilal,1
496=,Bill,1
496=,Bjorn,1
496=,Blaire,1
496=,Bradford,1
496=,Brian-Gavin,1
496=,Brooke,1
496=,Brown,1
496=,Bruno,1
496=,Brynmor,1
496=,Bryon,1
496=,Buchanan,1
496=,Buddy,1
496=,Buraak,1
496=,Byron,1
496=,Cailean,1
496=,Calder,1
496=,Camran,1
496=,Carey,1
496=,Cary,1
496=,Catherine,1
496=,Charan,1
496=,Charandeep,1
496=,Che,1
496=,Chen,1
496=,Chi-Man,1
496=,Chi-Shing,1
496=,Chihali,1
496=,Chikwunwike,1
496=,Chinaedum,1
496=,Chirstie,1
496=,Choon,1
496=,Chrisantha,1
496=,Christer,1
496=,Christipher,1
496=,Chu,1
496=,Chun,1
496=,Chung,1
496=,Ciaron,1
496=,Cindy,1
496=,Claude,1
496=,Clayton,1
496=,Clement,1
496=,Clinton,1
496=,Cody,1
496=,Coinneach,1
496=,Collin,1
496=,Colum,1
496=,Columbus,1
496=,Colven,1
496=,Conn,1
496=,Conner,1
496=,Conrad,1
496=,Copland,1
496=,Coren,1
496=,Cornelis,1
496=,Corrado,1
496=,Corrie,1
496=,Costandinos,1
496=,Creig,1
496=,Curt,1
496=,Curtis,1
496=,Cyrus,1
496=,Daanish,1
496=,Daffyd,1
496=,Damiano,1
496=,Damon,1
496=,Dani,1
496=,Danile,1
496=,Darach,1
496=,Darby,1
496=,Daren,1
496=,Dargian,1
496=,Darin,1
496=,Darragh,1
496=,Darrel,1
496=,Darroch,1
496=,Daryn,1
496=,Dauwood,1
496=,Dave,1
496=,Davide,1
496=,Davinder,1
496=,Dawson,1
496=,Deane,1
496=,Declon,1
496=,Deepak,1
496=,Del,1
496=,Denholm,1
496=,Denni,1
496=,Denny,1
496=,Dereck,1
496=,Derk,1
496=,Derryn,1
496=,Derwyn,1
496=,Deryck,1
496=,Deryk,1
496=,Devinder,1
496=,Devlin,1
496=,Dhugal,1
496=,Diarmid,1
496=,Dickson,1
496=,Dimitri,1
496=,Dominik,1
496=,Donato,1
496=,Donny,1
496=,Dorian,1
496=,Dougall,1
496=,Drummond,1
496=,Dudley,1
496=,Dugal,1
496=,Eain,1
496=,Eamon,1
496=,Eamonn,1
496=,Ean,1
496=,Eann,1
496=,Earl,1
496=,Easdale,1
496=,Easton,1
496=,Eddie,1
496=,Eden,1
496=,Eion,1
496=,El,1
496=,Elgasim,1
496=,Eli,1
496=,Elio,1
496=,Eliot,1
496=,Ellis,1
496=,Elmer,1
496=,Elvin,1
496=,Emir,1
496=,Emran,1
496=,Emrys,1
496=,Enrico,1
496=,Eoghan,1
496=,Ephraim,1
496=,Erich,1
496=,Erick,1
496=,Esosa,1
496=,Essam,1
496=,Estel,1
496=,Eu-Yen,1
496=,Euen,1
496=,Euin,1
496=,Eunan,1
496=,Eytan,1
496=,Fabian,1
496=,Fabio,1
496=,Faisal,1
496=,Faizul,1
496=,Faraji,1
496=,Fareed,1
496=,Fariad,1
496=,Faroque,1
496=,Farquhar,1
496=,Feras,1
496=,Ferguson,1
496=,Ferid,1
496=,Ferrigle,1
496=,Filippo,1
496=,Firas,1
496=,Fletcher,1
496=,Forbes,1
496=,Foster,1
496=,Francesco,1
496=,Francisco,1
496=,Frankie,1
496=,Franklin,1
496=,Frederic,1
496=,Friedrich,1
496=,Fulton,1
496=,Furhan,1
496=,Gaetano,1
496=,Garfield,1
496=,Garren,1
496=,Garrey,1
496=,Garrick,1
496=,Garrie,1
496=,Ged,1
496=,Genesis,1
496=,Geoff,1
496=,Geordie,1
496=,Georgos,1
496=,Gerardo,1
496=,Gerrad,1
496=,Ghaleb,1
496=,Ghaneh,1
496=,Ghassan,1
496=,Giancarlo,1
496=,Gianfranco,1
496=,Gianpaolo,1
496=,Gillian,1
496=,Gillies,1
496=,Gino,1
496=,Gloud,1
496=,Glynn,1
496=,Gooljar,1
496=,Granger,1
496=,Graydon,1
496=,Graym,1
496=,Grigor,1
496=,Guenther,1
496=,Gurbachan,1
496=,Gurdesh,1
496=,Gurjasjit,1
496=,Gurpreet,1
496=,Habib,1
496=,Haitham,1
496=,Hamayun,1
496=,Hamilton,1
496=,Hance,1
496=,Hannes,1
496=,Hans,1
496=,Hanumanthappa,1
496=,Haroon,1
496=,Haydar,1
496=,Hendry,1
496=,Heriot,1
496=,Hermeet,1
496=,Herminder,1
496=,Herwinder,1
496=,Hisham,1
496=,Hjelm,1
496=,Hon,1
496=,Hoskuldur,1
496=,Houdean,1
496=,Hoy,1
496=,Hunter,1
496=,Hussein,1
496=,Huw,1
496=,Hywel,1
496=,Iam,1
496=,Ibrar,1
496=,Ifeanyichukwu,1
496=,Ijaz,1
496=,Imen,1
496=,Imrden,1
496=,Imtiaz,1
496=,Ingram,1
496=,Innis,1
496=,Irmeet,1
496=,Irphan,1
496=,Irvin,1
496=,Isla,1
496=,Islam,1
496=,Israel,1
496=,Ivar,1
496=,Jaan,1
496=,Jackson-Allen,1
496=,Jago,1
496=,Jahan,1
496=,Jai,1
496=,Jaik,1
496=,Jalib,1
496=,Jamil,1
496=,Jamus,1
496=,Jarl,1
496=,Jasmeet,1
496=,Jaspal,1
496=,Jasper,1
496=,Javed,1
496=,Jaye,1
496=,Jaymie,1
496=,Jayson,1
496=,Je,1
496=,Jean,1
496=,Jean-Guillaume,1
496=,Jed,1
496=,Jedd,1
496=,Jeemi,1
496=,Jefferey,1
496=,Jeremiah,1
496=,Jesse,1
496=,Jo,1
496=,Joaquin,1
496=,Joe,1
496=,Johan,1
496=,Johannes,1
496=,John-Andrew,1
496=,John-David,1
496=,John-Gilbert,1
496=,John-Mark,1
496=,John-Robert,1
496=,Johnathon,1
496=,Johnnie,1
496=,Johnny,1
496=,Johnson,1
496=,Jojo,1
496=,Jon-Mark,1
496=,Jon-Paul,1
496=,Jose,1
496=,Josef,1
496=,Josh,1
496=,Josuah,1
496=,Jozef,1
496=,Judson,1
496=,Kahif,1
496=,Kai,1
496=,Kam,1
496=,Kamran,1
496=,Karamjeet,1
496=,Karim,1
496=,Karlson,1
496=,Karsten,1
496=,Kasif,1
496=,Kasim,1
496=,Kassam,1
496=,Kavian,1
496=,Kayoum,1
496=,Keir,1
496=,Kelechi,1
496=,Ken,1
496=,Keng,1
496=,Kent,1
496=,Kerron,1
496=,Kerry,1
496=,Kester,1
496=,Kestin,1
496=,Khulaiwi,1
496=,Khurram,1
496=,Khurrm,1
496=,Kian,1
496=,Kim-Rory,1
496=,Kin,1
496=,King-Tak,1
496=,Kingsley,1
496=,Kirsteen,1
496=,Kirstine,1
496=,Kobie,1
496=,Kogarde,1
496=,Konrad,1
496=,Koon,1
496=,Kou,1
496=,Kraig,1
496=,Krishn,1
496=,Krishna,1
496=,Kriss,1
496=,Kristun,1
496=,Ku,1
496=,Kuljinder,1
496=,Kulvinder,1
496=,Kum,1
496=,Kwabena,1
496=,Larry,1
496=,Lauchlan,1
496=,Laurance,1
496=,Laurent,1
496=,Laurn,1
496=,Lawrence-Joachi,1
496=,Lawson,1
496=,Leam,1
496=,Lefterry,1
496=,Leif-Hector,1
496=,Leith,1
496=,Lennox,1
496=,Leonardo,1
496=,Leonel,1
496=,Lester,1
496=,Levon,1
496=,Lex,1
496=,Leyton,1
496=,Lincoln,1
496=,Lindon,1
496=,Lindsey,1
496=,Linton,1
496=,Lionel,1
496=,Lok,1
496=,Lorien,1
496=,Lorimer,1
496=,Louie,1
496=,Louise,1
496=,Lovat,1
496=,Lowell,1
496=,Luca,1
496=,Luckbeer,1
496=,Ludvic,1
496=,Luigi,1
496=,Luther,1
496=,Lyall,1
496=,Lyell,1
496=,Lyle,1
496=,Lyndon,1
496=,Mac,1
496=,Machar,1
496=,Maciain,1
496=,Madjid,1
496=,Mahmood,1
496=,Mahmud,1
496=,Malachy,1
496=,Malik,1
496=,Mamun,1
496=,Man,1
496=,Mandeep,1
496=,Manus,1
496=,Marcel,1
496=,Marcello,1
496=,Marcos,1
496=,Marino,1
496=,Marios,1
496=,Marrwan,1
496=,Marshall,1
496=,Martynn,1
496=,Mary,1
496=,Masis,1
496=,Mathew-John,1
496=,Mauro,1
496=,Mavinderjit,1
496=,Mazafar,1
496=,Mehboob-Ur,1
496=,Mehmet,1
496=,Mehmetali,1
496=,Mehmood,1
496=,Mehran,1
496=,Menno,1
496=,Merrill,1
496=,Mervyn,1
496=,Michael-Tom,1
496=,Micheil,1
496=,Miguel,1
496=,Mikko,1
496=,Miles,1
496=,Miller,1
496=,Minesh,1
496=,Mirza,1
496=,Mitchell,1
496=,Mkpang,1
496=,Mobeen,1
496=,Mohammed-El,1
496=,Mohammedamjid,1
496=,Mohanad,1
496=,Mohd,1
496=,Mohmmed,1
496=,Mohstn,1
496=,Mojtaba,1
496=,Montgomery,1
496=,Moouaz,1
496=,Morris,1
496=,Morvyn,1
496=,Moses,1
496=,Mostafa,1
496=,Moussa,1
496=,Mubin,1
496=,Mudussar,1
496=,Muir,1
496=,Mujtaba,1
496=,Munir,1
496=,Nadaau,1
496=,Nadem,1
496=,Naheem,1
496=,Najeeb,1
496=,Narinder,1
496=,Nash,1
496=,Natasha,1
496=,Naushad,1
496=,Naweed,1
496=,Nawid,1
496=,Nazeem,1
496=,Nealson,1
496=,Nemo,1
496=,Nevil,1
496=,Nial,1
496=,Nick,1
496=,Niel,1
496=,Niels,1
496=,Nik,1
496=,Nikesh,1
496=,Nils,1
496=,Nitish,1
496=,Norris,1
496=,Obasi,1
496=,Obinna,1
496=,Olaf,1
496=,Oluseun,1
496=,Omeresan,1
496=,Omir,1
496=,Omokhoje,1
496=,Onyinde,1
496=,Oritseju,1
496=,Orlando,1
496=,Oscar,1
496=,Osman,1
496=,Owain,1
496=,Paa,1
496=,Padraic,1
496=,Pak,1
496=,Paolo,1
496=,Pascal-Olivier,1
496=,Paulinus,1
496=,Pavnlesh,1
496=,Perry,1
496=,Peter-John,1
496=,Phaedo,1
496=,Philip-Michael,1
496=,Philippe,1
496=,Phyrozg,1
496=,Pietro,1
496=,Pinaki,1
496=,Piotr,1
496=,Prashant,1
496=,Pravin,1
496=,Preston,1
496=,Priyan,1
496=,Quentin,1
496=,Quintin,1
496=,Quinton,1
496=,Ra,1
496=,Rafe,1
496=,Rafid,1
496=,Rahim,1
496=,Rahul,1
496=,Raja,1
496=,Rajdeep,1
496=,Rajenda,1
496=,Rakesh,1
496=,Raman,1
496=,Ramesh,1
496=,Rami,1
496=,Ramon,1
496=,Ramsey,1
496=,Ramzi,1
496=,Randolph,1
496=,Rannoch,1
496=,Raoul,1
496=,Raphael,1
496=,Rauf,1
496=,Rauridh,1
496=,Ravi,1
496=,Raza,1
496=,Razwan,1
496=,Redford,1
496=,Reece,1
496=,Reginald,1
496=,Rehan,1
496=,Reinier,1
496=,Remo,1
496=,Rennie,1
496=,Reuben,1
496=,Reynolds,1
496=,Rhett,1
496=,Rhys,1
496=,Riaz,1
496=,Ricardo,1
496=,Riccardo,1
496=,Ricki,1
496=,Rickie,1
496=,Rikas,1
496=,Rikky,1
496=,Rizwan,1
496=,Robyn,1
496=,Rocky,1
496=,Roelof,1
496=,Rohit,1
496=,Rolf,1
496=,Rolfe,1
496=,Roman,1
496=,Romano,1
496=,Ron,1
496=,Rondeep,1
496=,Ronn,1
496=,Rony,1
496=,Rooney,1
496=,Ros,1
496=,Rose,1
496=,Rossano,1
496=,Rovel,1
496=,Rowan,1
496=,Roxy,1
496=,Ruairi,1
496=,Ruairidh,1
496=,Ruari,1
496=,Ruben,1
496=,Ruiz,1
496=,Russel,1
496=,Saad,1
496=,Sachin,1
496=,Sadiq,1
496=,Saife,1
496=,Saleem,1
496=,Saleh,1
496=,Samir,1
496=,Sandeep,1
496=,Sandie,1
496=,Sandy-William,1
496=,Sanjay,1
496=,Sasha,1
496=,Satpal,1
496=,Satyabrata,1
496=,Sau,1
496=,Saunders,1
496=,Sebastian,1
496=,Sehzad,1
496=,Seoras,1
496=,Seyhan,1
496=,Shabdeep,1
496=,Shafeeg,1
496=,Shafic,1
496=,Shafkat,1
496=,Shahbaz,1
496=,Shahrul,1
496=,Shajade,1
496=,Shakil,1
496=,Shan,1
496=,Shanti,1
496=,Shaughan,1
496=,Shayne,1
496=,Shebu,1
496=,Shekher,1
496=,Sheldon,1
496=,Sherad,1
496=,Sheridon,1
496=,Sheryar,1
496=,Shezad,1
496=,Shingo,1
496=,Shiraz,1
496=,Shui,1
496=,Sidney,1
496=,Sigurdur,1
496=,Silverio,1
496=,Sion,1
496=,Siu,1
496=,Slessor,1
496=,Sol,1
496=,Solas,1
496=,Soldat,1
496=,Soneil,1
496=,Sophiane,1
496=,Spence,1
496=,Spencer,1
496=,Stacey,1
496=,Stefanos,1
496=,Steffan,1
496=,Stephan,1
496=,Stephane,1
496=,Stevan,1
496=,Stevyn,1
496=,Suhail,1
496=,Sui-Chun,1
496=,Sukchan,1
496=,Sukhbeer,1
496=,Sukhjinder,1
496=,Sukhjiwan,1
496=,Sukhvinder,1
496=,Sukhwinder,1
496=,Sumanta,1
496=,Sun,1
496=,Sundeep,1
496=,Suneil,1
496=,Sunil,1
496=,Suyogi,1
496=,Svein,1
496=,Sven,1
496=,Swales,1
496=,Syed,1
496=,Syemon,1
496=,Sze,1
496=,Tain,1
496=,Tal,1
496=,Talha,1
496=,Talib,1
496=,Tamer,1
496=,Tanveer,1
496=,Tanvir,1
496=,Tarik,1
496=,Tatenda,1
496=,Tauheed,1
496=,Tawfik,1
496=,Taylor,1
496=,Temisan,1
496=,Teo,1
496=,Teri,1
496=,Terrance,1
496=,Theodore,1
496=,Thomson,1
496=,Thorfinn,1
496=,Thornton,1
496=,Ti,1
496=,Tobias,1
496=,Toheef,1
496=,Tomas,1
496=,Torran,1
496=,Tracey,1
496=,Travis,1
496=,Tristian,1
496=,Tristin,1
496=,Trond,1
496=,Tufsire,1
496=,Tyler,1
496=,Tyrone,1
496=,Ugur,1
496=,Uisdean,1
496=,Ulfur,1
496=,Umer,1
496=,Urfan,1
496=,Usuyak,1
496=,Vaidya,1
496=,Val,1
496=,Vari,1
496=,Vaughan,1
496=,Vicky,1
496=,Vinod,1
496=,Vishal,1
496=,Vivian,1
496=,Wade,1
496=,Waleed,1
496=,Waleid,1
496=,Walker,1
496=,Wam,1
496=,Wan,1
496=,Warner,1
496=,Wasim,1
496=,Wen-Tao,1
496=,Wessley,1
496=,Westley,1
496=,Wgi,1
496=,Xavier,1
496=,Yaser,1
496=,Yeeral,1
496=,Ying,1
496=,Yousef,1
496=,Yusuf,1
496=,Zack,1
496=,Zamir,1
496=,Zander,1
496=,Zane,1
496=,Zayd,1
496=,Zayshan,1
496=,Zhaoor,1
496=,Zia,1
496=,Ziawr,1
496=,Zillay,1
496=,Zubaire,1
496=,Zubar,1
496=,Zulifcar,1
496=,Zyad,1
,,
,,
,,
,,
,,
,,
,,
,,
,,
,,
,,
,,
,,
,,
,,
,,
,,
,,
,,
,,
,,
,,
,,
,,
,,
,,
,,
,,
,,
,,
,,
,,
,,
,,
,,
,,
,,
,,
,,
,,
,,
,,
,,
,,
,,
,,
,,
,,
,,
,,
,,
,,
,,
,,
,,
,,
,,
,,
,,
,,
,,
,,
,,
,,
,,
,,
,,
,,
,,
,,
,,
,,
,,
,,
,,
,,
,,
,,
,,
,,
,,
,,
,,
,,
,,
,,
,,
,,
,,
,,
,,
,,
,,
,,
,,
,,
,,
,,
,,
,,
,,
,,
,,
,,
,,
,,
,,
,,
,,
,,
,,
,,
,,
,,
,,
,,
,,
,,
,,
,,
,,
,,
,,
,,
,,
,,
,,
,,
,,
,,
,,
,,
,,
,,
,,
,,
,,
,,
,,
,,
,,
,,
,,
,,
,,
,,
,,
,,
,,
,,
,,
,,
,,
,,
,,
,,
,,
,,
,,
,,
,,
,,
,,
,,
,,
,,
,,
,,
,,
,,
,,
,,
,,
,,
,,
,,
,,
,,
,,
,,
,,
,,
,,
,,
,,
,,
,,
,,
,,
,,
,,
,,
,,
,,
,,
,,
,,
,,
,,
,,
,,
,,
,,
,,
,,
,,
,,
,,
,,
,,
,,
,,
,,
,,
,,
,,
,,
,,
,,
,,
,,
,,
,,
,,
,,
,,
,,
,,
,,
,,
,,
,,
,,
,,
,,
,,
,,
,,
,,
,,
,,
,,
,,
,,
,,
,,
,,
,,
,,
,,
,,
,,
,,
,,
,,
,,
,,
,,
,,
,,
,,
,,
,,
,,
,,
,,
,,
,,
,,
,,
,,
,,
,,
,,
,,
,,
,,
,,
,,
,,
,,
,,
,,
,,
,,
,,
,,
,,
,,
,,
,,
,,
,,
,,
,,
,,
,,
,,
,,
,,
,,
,,
,,
,,
,,
,,
,,
,,
,,
,,
,,
,,
,,
,,
,,
,,
,,
,,
,,
,,
,,
,,
,,
,,
,,
,,
,,
,,
,,
,,
,,
,,
,,
,,
,,
,,
,,
,,
,,
,,
,,
,,
,,
,,
,,
,,
,,
,,
,,
,,
,,
,,
,,
,,
,,
,,
,,
,,
,,
,,
,,
,,
,,
,,
,,
,,
,,
,,
,,
,,
,,
,,
,,
,,
,,
,,
,,
,,
,,
,,
,,
,,
,,
,,
,,
,,
,,
,,
,,
,,
,,
,,
,,
,,
,,
,,
,,
,,
,,
,,
,,
,,
,,
,,
,,
,,
,,
,,
,,
,,
,,
,,
,,
,,
,,
,,
,,
,,
,,
,,
,,
,,
,,
,,
,,
,,
,,
,,
,,
,,
,,
,,
,,
,,
,,
,,
,,
,,
,,
,,
,,
,,
,,
,,
,,
,,
,,
,,
,,
,,
,,
,,
,,
,,
,,
,,
,,
,,
,,
,,
,,
,,
,,
,,
,,
,,
,,
,,
,,
,,
,,
,,
,,
,,
,,
,,
,,
,,
,,
,,
,,
,,
,,
,,
,,
,,
,,
,,
,,
,,
,,
,,
,,
,,
,,
,,
,,
,,
,,
,,
,,
,,
,,
,,
,,
,,
,,
,,
,,
,,
,,
,,
,,
,,
,,
,,
,,
,,
,,
,,
,,
,,
,,
,,
,,
,,
,,
,,
,,
,,
,,
,,
,,
,,
,,
,,
,,
,,
,,
,,
,,
,,
,,
,,
,,
,,
,,
,,
,,
,,
,,
,,
,,
,,
,,
,,
,,
,,
,,
,,
,,
,,
,,
,,
,,
,,
,,
,,
,,
,,
,,
,,
,,
,,
,,
,,
,,
,,
,,
,,
,,
,,
,,
,,
,,
,,
,,
,,
,,
,,
,,
,,
,,
,,
,,
,,
,,
,,
,,
,,
,,
,,
,,
,,
,,
,,
,,
,,
,,
,,
,,
,,
,,
,,
,,
,,
,,
,,
,,
,,
,,
,,
,,
,,
,,
,,
,,
,,
,,
,,
,,
,,
,,
,,
,,
,,
,,
,,
,,
,,
,,
,,
,,
,,
,,
,,
,,
,,
,,
,,
,,
,,
,,
,,
,,
,,
,,
,,
,,
,,
,,
,,
,,
,,
,,
,,
,,
,,
,,
,,
,,
,,
,,
,,
,,
,,
,,
,,
,,
,,
,,
,,
,,
,,
,,
,,
,,
,,
,,
,,
,,
,,
,,
,,
,,
,,
,,
,,
,,
,,
,,
,,
,,
,,
,,
,,
,,
,,
,,
,,
,,
,,
,,
,,
,,
,,
,,
,,
,,
,,
,,
,,
,,
,,
,,
,,
,,
,,
,,
,,
,,
,,
,,
,,
,,
,,
,,
,,
,,
,,
,,
,,
� Crown Copyright 2015,,
