Position,Name,Number of babies
1,David,2024
2,John,1470
3,Andrew,1327
4,Paul,1149
5,James,1108
6,Christopher,978
7,Steven,937
8,Scott,875
9,Mark,825
10,Robert,803
11,Craig,784
12,Kevin,773
13,Michael,722
14,Stuart,721
15,Stephen,676
16,Alan,668
17,Colin,583
18,William,560
19,Brian,521
20=,Barry,502
20=,Ross,502
22,Gary,492
23,Martin,488
24,Thomas,467
25,Richard,448
26,Graeme,437
27,Neil,434
28,Peter,395
29,Iain,392
30,Gordon,379
31=,Derek,367
31=,Ian,367
33,Alexander,355
34,Kenneth,325
35,Graham,308
36,Allan,273
37,Darren,272
38,Gavin,262
39,Jamie,260
40,Douglas,248
41,Ryan,242
42,Simon,239
43,George,215
44,Matthew,211
45,Lee,200
46,Stewart,192
47,Keith,187
48,Daniel,185
49,Anthony,181
50,Grant,178
51,Gareth,177
52,Jonathan,173
53,Joseph,157
54,Alistair,143
55,Charles,135
56,Edward,132
57,Fraser,127
58,Duncan,124
59,Garry,123
60=,Bryan,122
60=,Ewan,122
60=,Nicholas,122
63,Donald,119
64,Philip,118
65,Alastair,107
66=,Adam,105
66=,Jason,105
68,Euan,103
69=,Russell,91
69=,Sean,91
71=,Malcolm,87
71=,Patrick,87
71=,Raymond,87
74,Alasdair,85
75,Liam,84
76,Greig,80
77=,Gregor,73
77=,Ronald,73
79,Greg,72
80,Shaun,70
81,Wayne,67
82,Bruce,65
83=,Marc,63
83=,Robin,63
85,Cameron,62
86,Francis,60
87=,Angus,58
87=,Gerard,58
87=,Kris,58
90,Calum,57
91=,Benjamin,54
91=,Rory,54
93,Dean,51
94,Timothy,48
95,Samuel,47
96,Niall,45
97=,Hugh,43
97=,Lewis,43
99,Murray,42
100=,Justin,38
100=,Roderick,38
102=,Barrie,36
102=,Dale,36
102=,Jon,36
105,Aaron,34
106,Blair,33
107,Gerald,32
108=,Antony,31
108=,Martyn,31
108=,Roy,31
111=,Callum,30
111=,Mohammed,30
113,Owen,28
114=,Ewen,27
114=,Frank,27
114=,Kristopher,27
117=,Gregg,26
117=,Hamish,26
117=,Nathan,26
120=,Norman,25
120=,Terence,25
122=,Brendan,24
122=,Campbell,24
124=,Adrian,22
124=,Jordan,22
126=,Kristofer,21
126=,Mohammad,21
128=,Gregory,20
128=,Henry,20
130,Jeffrey,19
131=,Dominic,18
131=,Eric,18
131=,Frazer,18
131=,Lawrence,18
131=,Luke,18
131=,Trevor,18
137=,Leslie,17
137=,Oliver,17
139=,Damian,16
139=,Dennis,16
139=,Kieran,16
139=,Lindsay,16
139=,Marcus,16
139=,Phillip,16
139=,Vincent,16
146=,Christian,15
146=,Glen,15
146=,Kyle,15
146=,Leigh,15
146=,Terry,15
151,Guy,14
152=,Alisdair,13
152=,Arthur,13
152=,Bernard,13
152=,Drew,13
152=,Jay,13
152=,Ricky,13
152=,Robbie,13
159=,Billy,12
159=,Chris,12
159=,Glenn,12
159=,Harry,12
159=,Karl,12
159=,Louis,12
159=,Mathew,12
159=,Nigel,12
159=,Scot,12
159=,Wesley,12
169=,Ben,11
169=,Finlay,11
169=,Innes,11
169=,Kerr,11
169=,Leon,11
169=,Neal,11
169=,Sandy,11
169=,Shane,11
169=,Stefan,11
178=,Darryl,10
178=,Imran,10
178=,Marco,10
178=,Neill,10
182=,Alister,9
182=,Archibald,9
182=,Brett,9
182=,Evan,9
182=,Geoffrey,9
182=,Kristoffer,9
182=,Magnus,9
182=,Ralph,9
182=,Roger,9
182=,Walter,9
192=,Allen,8
192=,Austin,8
192=,Carl,8
192=,Darran,8
192=,Desmond,8
192=,Fergus,8
192=,Kevan,8
192=,Leonard,8
192=,Murdo,8
192=,Rodney,8
192=,Ronnie,8
192=,Ruairidh,8
192=,Stanley,8
192=,Tom,8
192=,Tony,8
192=,Tristan,8
208=,Aidan,7
208=,Denis,7
208=,Dylan,7
208=,Jack,7
208=,Jaimie,7
208=,Johnathan,7
208=,Kirk,7
208=,Muhammad,7
208=,Warren,7
217=,Alun,6
217=,Damien,6
217=,Derrick,6
217=,Don,6
217=,Eamonn,6
217=,Elliot,6
217=,Jan,6
217=,Jody,6
217=,John-Paul,6
217=,Laurie,6
217=,Leo,6
217=,Roddy,6
217=,Stephan,6
217=,Wai,6
231=,Alex,5
231=,Bobby,5
231=,Bryce,5
231=,Carlo,5
231=,Edwin,5
231=,Erik,5
231=,Frederick,5
231=,Gerrard,5
231=,Grahame,5
231=,Jackie,5
231=,Jacob,5
231=,Jonathon,5
231=,Joshua,5
231=,Kenny,5
231=,Kristian,5
231=,Laurence,5
231=,Lloyd,5
231=,Man,5
231=,Maurice,5
231=,Mitchell,5
231=,Moray,5
231=,Nicky,5
231=,Nicolas,5
231=,Nikki,5
231=,Roland,5
231=,Ruari,5
231=,Ruaridh,5
231=,Wilson,5
259=,Abdul,4
259=,Adriano,4
259=,Aiden,4
259=,Albert,4
259=,Allister,4
259=,Anton,4
259=,Antonio,4
259=,Asif,4
259=,Boyd,4
259=,Chi,4
259=,Christophe,4
259=,Clive,4
259=,Darrell,4
259=,Eugene,4
259=,Hector,4
259=,Irvine,4
259=,Ivan,4
259=,Julian,4
259=,Kent,4
259=,Kristofor,4
259=,Lachlan,4
259=,Lawrie,4
259=,Mario,4
259=,Mohamed,4
259=,Morgan,4
259=,Naveed,4
259=,Noel,4
259=,Omar,4
259=,Quentin,4
259=,Ray,4
259=,Rizwan,4
259=,Ruaraidh,4
259=,Russel,4
259=,Shahid,4
259=,Sinclair,4
259=,Taylor,4
259=,Zahid,4
296=,Ahmad,3
296=,Alec,3
296=,Allyn,3
296=,Arran,3
296=,Ashley,3
296=,Bradley,3
296=,Brent,3
296=,Corin,3
296=,Damon,3
296=,Danilo,3
296=,Danny,3
296=,Daren,3
296=,Darroch,3
296=,Derick,3
296=,Donny,3
296=,Dugald,3
296=,Edmond,3
296=,Findlay,3
296=,Forbes,3
296=,Francesco,3
296=,Giovanni,3
296=,Harold,3
296=,Hugo,3
296=,Jai,3
296=,Jake,3
296=,Jethro,3
296=,Joel,3
296=,Johnny,3
296=,Keir,3
296=,Kwok,3
296=,Lorne,3
296=,Luis,3
296=,Marshall,3
296=,Maxwell,3
296=,Michele,3
296=,Morris,3
296=,Murdoch,3
296=,Myles,3
296=,Neale,3
296=,Ranald,3
296=,Rhys,3
296=,Rodger,3
296=,Ron,3
296=,Rowan,3
296=,Rupert,3
296=,Saeed,3
296=,Sam,3
296=,Sebastian,3
296=,Shawn,3
296=,Steve,3
296=,Struan,3
296=,Tommy,3
296=,Torquil,3
296=,Victor,3
296=,Wallace,3
296=,Watson,3
296=,Zeeshan,3
353=,Aftab,2
353=,Alessandro,2
353=,Alfred,2
353=,Ali,2
353=,Alick,2
353=,Allistair,2
353=,Amar,2
353=,Amir,2
353=,Amran,2
353=,Andre,2
353=,Andrea,2
353=,Aonghas,2
353=,Arash,2
353=,Archie,2
353=,Aristos,2
353=,Aron,2
353=,Asa,2
353=,Asad,2
353=,Atholl,2
353=,Atif,2
353=,Austen,2
353=,Bartholomew,2
353=,Benn,2
353=,Bobbie,2
353=,Brad,2
353=,Brandon,2
353=,Bryn,2
353=,Carlos,2
353=,Chad,2
353=,Chen,2
353=,Christos,2
353=,Clark,2
353=,Collin,2
353=,Conan,2
353=,Conor,2
353=,Constantine,2
353=,Cornelius,2
353=,Crawford,2
353=,Darrin,2
353=,Deryck,2
353=,Deryk,2
353=,Donnie,2
353=,Dougal,2
353=,Duane,2
353=,Dwayne,2
353=,Elliott,2
353=,Eoin,2
353=,Erlend,2
353=,Faisal,2
353=,Faraz,2
353=,Garreth,2
353=,Ghulam,2
353=,Giancarlo,2
353=,Gideon,2
353=,Gilbert,2
353=,Giuseppe,2
353=,Glyn,2
353=,Gurdeep,2
353=,Habib,2
353=,Hal,2
353=,Hamilton,2
353=,Hardeep,2
353=,Howard,2
353=,Hussain,2
353=,Iane,2
353=,Innis,2
353=,Isaac,2
353=,Ivor,2
353=,Jaime,2
353=,Jamieson,2
353=,Jared,2
353=,Jeremy,2
353=,Jim,2
353=,Jodie,2
353=,Johnston,2
353=,Juan,2
353=,Junaid,2
353=,Keiran,2
353=,Kelvin,2
353=,Ken,2
353=,Kes,2
353=,Keven,2
353=,Kim,2
353=,Kofi,2
353=,Kraig,2
353=,Kriss,2
353=,Kristen,2
353=,Logan,2
353=,Lorenzo,2
353=,Lyall,2
353=,Lyle,2
353=,Marcel,2
353=,Melvin,2
353=,Miles,2
353=,Morven,2
353=,Mustafa,2
353=,Nadeem,2
353=,Nairn,2
353=,Nathaniel,2
353=,Neville,2
353=,Nial,2
353=,Nicol,2
353=,Norbert,2
353=,Patryk,2
353=,Perminder,2
353=,Qasim,2
353=,Rae,2
353=,Rael,2
353=,Rajesh,2
353=,Rakesh,2
353=,Razwan,2
353=,Remo,2
353=,Rene,2
353=,Reuben,2
353=,Rikki,2
353=,Ritchie,2
353=,Rodrick,2
353=,Ronan,2
353=,Rudi,2
353=,Samir,2
353=,Sammy,2
353=,Sanjeev,2
353=,Seth,2
353=,Shahed,2
353=,Shahzad,2
353=,Shehzad,2
353=,Sheraz,2
353=,Stacey,2
353=,Sunil,2
353=,Syed,2
353=,Tariq,2
353=,Umair,2
353=,Wael,2
353=,Walker,2
353=,Yan,2
353=,Yaser,2
353=,Zak,2
353=,Zander,2
353=,Zubair,2
492=,Aadell,1
492=,Aaran,1
492=,Abbid,1
492=,Abdullah,1
492=,Abid,1
492=,Abiodun,1
492=,Abiola,1
492=,Abrahim,1
492=,Abubakre,1
492=,Addie,1
492=,Ade,1
492=,Adil,1
492=,Adnan,1
492=,Adyan,1
492=,Ahmed,1
492=,Ainsley,1
492=,Ainslie,1
492=,Ajaz,1
492=,Akbar,1
492=,Akif,1
492=,Akil,1
492=,Akindele,1
492=,Al-Hassan,1
492=,Alaeldin,1
492=,Alain,1
492=,Alain-John,1
492=,Alaistair,1
492=,Alaister,1
492=,Alaster,1
492=,Alastiar,1
492=,Aldo,1
492=,Aleck,1
492=,Aleem,1
492=,Aleksander,1
492=,Alen,1
492=,Alexandros,1
492=,Alford,1
492=,Alla-Eldin,1
492=,Ally,1
492=,Alpin,1
492=,Alvin,1
492=,Alwyn,1
492=,Alyn,1
492=,Amaar,1
492=,Amadeo,1
492=,Aman,1
492=,Amaran,1
492=,Ambarish,1
492=,Ameir,1
492=,Amit,1
492=,Amjad,1
492=,Amos,1
492=,Andeel,1
492=,Andre-Sharrhad,1
492=,Andreis,1
492=,Andres,1
492=,Angelo,1
492=,Aniel,1
492=,Anish,1
492=,Anjum,1
492=,Anwar,1
492=,Arif,1
492=,Arkady,1
492=,Arlo,1
492=,Armin,1
492=,Arne,1
492=,Aroop,1
492=,Arroll,1
492=,Arron,1
492=,Arun,1
492=,Arup,1
492=,Arvind,1
492=,Asaif,1
492=,Asamahmad,1
492=,Asikur,1
492=,Assem,1
492=,Athanasios,1
492=,Augustine,1
492=,Aurangzabe,1
492=,Averoes,1
492=,Avinash,1
492=,Aydan,1
492=,Aylwin,1
492=,Ayman,1
492=,Azam,1
492=,Azeem,1
492=,Azim,1
492=,Azuka,1
492=,Baber,1
492=,Baboucar,1
492=,Badr,1
492=,Barak,1
492=,Barclay,1
492=,Barq,1
492=,Barry-James,1
492=,Barry-John,1
492=,Bashar,1
492=,Bashir,1
492=,Benjamyn,1
492=,Benjiman,1
492=,Bevis,1
492=,Bindert,1
492=,Blue,1
492=,Blyth,1
492=,Bob,1
492=,Bohdan,1
492=,Boris,1
492=,Bram,1
492=,Bret,1
492=,Brook,1
492=,Bruno,1
492=,Bryant,1
492=,Bryden,1
492=,Bryson,1
492=,Buksheish,1
492=,Bupinder,1
492=,Burt,1
492=,Cahail,1
492=,Callan,1
492=,Casey,1
492=,Cassandro,1
492=,Cathal,1
492=,Cathel,1
492=,Catherine,1
492=,Cavan,1
492=,Cecil,1
492=,Cemil,1
492=,Chaim,1
492=,Charin,1
492=,Charndip,1
492=,Chaudhry,1
492=,Che,1
492=,Chee,1
492=,Chike,1
492=,Chinokudza,1
492=,Chittukadu,1
492=,Choudary,1
492=,Christie,1
492=,Chukwudiebube,1
492=,Chung,1
492=,Chung-Yeung,1
492=,Ciaran,1
492=,Clare,1
492=,Clarke,1
492=,Clayton,1
492=,Cleyton,1
492=,Clifford,1
492=,Clifton,1
492=,Clint,1
492=,Clinton,1
492=,Clyne,1
492=,Cochran,1
492=,Colan,1
492=,Colm,1
492=,Columb,1
492=,Connell,1
492=,Conrad,1
492=,Constantin,1
492=,Cornelis,1
492=,Corrado,1
492=,Corrie,1
492=,Cosmo,1
492=,Crighton,1
492=,Cristien,1
492=,Cristopher,1
492=,Cullen,1
492=,Curtis,1
492=,Cy,1
492=,Cyrus,1
492=,Dahrul,1
492=,Dali,1
492=,Dallas,1
492=,Dalton,1
492=,Dana,1
492=,Dane,1
492=,Daneel,1
492=,Daniele,1
492=,Daradjeet,1
492=,Darin,1
492=,Darragh,1
492=,Darryn,1
492=,Daryl,1
492=,Daryll,1
492=,Daryth,1
492=,Davinder,1
492=,Davy,1
492=,Dayle,1
492=,Dayna,1
492=,Debbie,1
492=,Declan,1
492=,Del,1
492=,Demian,1
492=,Dene,1
492=,Dereck,1
492=,Derik,1
492=,Derren,1
492=,Dharmjit,1
492=,Dick,1
492=,Dik,1
492=,Dillon,1
492=,Dinesh,1
492=,Diseye,1
492=,Donal,1
492=,Doni,1
492=,Donian,1
492=,Donnald,1
492=,Donnchadh,1
492=,Dorrington,1
492=,Drake,1
492=,Drennen,1
492=,Drummond,1
492=,Dustin,1
492=,Dwight,1
492=,Eain,1
492=,Eamon,1
492=,Ebinum,1
492=,Edan,1
492=,Eddie,1
492=,Edgar,1
492=,Edmund,1
492=,Eduardo,1
492=,Ejike,1
492=,Elgin,1
492=,Elio,1
492=,Eliot,1
492=,Elissaios,1
492=,Ellis,1
492=,Elton,1
492=,Elvis,1
492=,Enrico,1
492=,Enrique,1
492=,Enzo,1
492=,Eoghain,1
492=,Eoghan,1
492=,Eoghann,1
492=,Ernest,1
492=,Erol,1
492=,Ethan,1
492=,Eu-Weng,1
492=,Evangelos,1
492=,Ezio,1
492=,Fabrizio,1
492=,Fabrizzio,1
492=,Fahid,1
492=,Fahrhaad,1
492=,Fares,1
492=,Farquhar,1
492=,Faycal,1
492=,Feargus,1
492=,Felix,1
492=,Fenwick,1
492=,Ferman,1
492=,Finian,1
492=,Finn,1
492=,Fionn,1
492=,Floyd,1
492=,Foo,1
492=,Ford,1
492=,Forrest,1
492=,Francisco,1
492=,Francois,1
492=,Fu,1
492=,Fulton,1
492=,Fungai,1
492=,Gabriel,1
492=,Gaetan,1
492=,Galvin,1
492=,Gari,1
492=,Garieth,1
492=,Garrett,1
492=,Garrick,1
492=,Garrie,1
492=,Gaven,1
492=,Gawain,1
492=,Gee,1
492=,Gen,1
492=,Georg,1
492=,Gerhard,1
492=,German,1
492=,Geronimo,1
492=,Gerry,1
492=,Gershom,1
492=,Gianfranco,1
492=,Gianluca,1
492=,Gianncarlo,1
492=,Gianni,1
492=,Giles,1
492=,Gillan,1
492=,Gin,1
492=,Gino,1
492=,Giray,1
492=,Glauco,1
492=,Graeham,1
492=,Graham-Robert,1
492=,Grayham,1
492=,Graym,1
492=,Griogair,1
492=,Guillermo,1
492=,Gulfraz,1
492=,Gurbaigh,1
492=,Gurcharan,1
492=,Gurdayia,1
492=,Gurdev,1
492=,Gurdharam,1
492=,Gurminder,1
492=,Gurpal,1
492=,Gurtaram,1
492=,Guy-William,1
492=,Hamed,1
492=,Hans,1
492=,Harald,1
492=,Hardie,1
492=,Hardip,1
492=,Harprit,1
492=,Harsharn,1
492=,Harvey,1
492=,Harvie,1
492=,Haseeb,1
492=,Hashim,1
492=,Hashir,1
492=,Hassan,1
492=,Henrie,1
492=,Herbert,1
492=,Herpaul,1
492=,Hew,1
492=,Hind,1
492=,Hiroshi,1
492=,Ho,1
492=,Hok,1
492=,Hon,1
492=,Hong,1
492=,Honjoe,1
492=,Hosam,1
492=,Hossam,1
492=,Hsiao-Feng,1
492=,Hubert,1
492=,Hughgo,1
492=,Huisdean,1
492=,Hunter,1
492=,Husam,1
492=,Huseyin,1
492=,Huw,1
492=,Hyoung-Won,1
492=,Iaian,1
492=,Ianto,1
492=,Ibho,1
492=,Ien,1
492=,Iestyn,1
492=,Iftikhar,1
492=,Imran-Ul-Haq,1
492=,Inis,1
492=,Iona,1
492=,Irvin,1
492=,Iskandar,1
492=,Islam,1
492=,Ivar,1
492=,Jackson,1
492=,Jacky,1
492=,Jagmeet,1
492=,Jagmohan,1
492=,Jakob,1
492=,Jalal,1
492=,Jamil,1
492=,Janahan,1
492=,Janusz,1
492=,Jasjeev,1
492=,Jaspal,1
492=,Jaspinder,1
492=,Jatinder,1
492=,Javaid,1
492=,Javier,1
492=,Jayson,1
492=,Jeem,1
492=,Jeff,1
492=,Jerome,1
492=,Jia,1
492=,Jiancarlo,1
492=,Jodey,1
492=,Joe,1
492=,Johan,1
492=,Johann,1
492=,Johannes,1
492=,John-Gary,1
492=,Johnathon,1
492=,Jolyon,1
492=,Jon-Paul,1
492=,Jorden,1
492=,Jordon,1
492=,Jorge,1
492=,Josh,1
492=,Josip,1
492=,Joss,1
492=,Joth,1
492=,Jules,1
492=,Julien,1
492=,Julio,1
492=,Junior,1
492=,Justo,1
492=,Justyn,1
492=,Ka,1
492=,Kabir,1
492=,Kai,1
492=,Kain,1
492=,Kairn,1
492=,Kalvin,1
492=,Kamal,1
492=,Kamaljit,1
492=,Kamel,1
492=,Kameran,1
492=,Kamil,1
492=,Kaming,1
492=,Kamun,1
492=,Kar,1
492=,Karim,1
492=,Karmjit,1
492=,Kashaf,1
492=,Kashif,1
492=,Kazeem,1
492=,Kemal,1
492=,Kendrik,1
492=,Kengo,1
492=,Kennedy,1
492=,Kern,1
492=,Kerrin,1
492=,Keyvan,1
492=,Khaled,1
492=,Khalid,1
492=,Khezer,1
492=,Kieren,1
492=,Kieron,1
492=,Kimberley,1
492=,Kin,1
492=,Kinger,1
492=,Kinlay,1
492=,Kismat,1
492=,Klaus,1
492=,Konrad,1
492=,Koon,1
492=,Krishan,1
492=,Krishna,1
492=,Kristoffor,1
492=,Kulraj,1
492=,Kushbir,1
492=,Ky,1
492=,Kyran,1
492=,Lachie,1
492=,Laumon,1
492=,Leith,1
492=,Leopold,1
492=,Levi,1
492=,Liaqut,1
492=,Lindsey,1
492=,Ling,1
492=,Lliam,1
492=,Lockhart,1
492=,Lorn,1
492=,Louis-Philippe,1
492=,Loyd,1
492=,Luca,1
492=,Luciano,1
492=,Lucio,1
492=,Luvesh,1
492=,Lyndsay,1
492=,Macdonald,1
492=,Macgregor,1
492=,Maclean,1
492=,Maeem,1
492=,Magdy,1
492=,Mahew,1
492=,Majid,1
492=,Malek,1
492=,Malik,1
492=,Mandeep,1
492=,Manjit,1
492=,Manoj,1
492=,Manraj,1
492=,Manus,1
492=,Marcello,1
492=,Marek,1
492=,Marios,1
492=,Mark-Anthony,1
492=,Markus,1
492=,Martijn,1
492=,Martino,1
492=,Marvin,1
492=,Masood,1
492=,Matheus,1
492=,Matt,1
492=,Matti,1
492=,Mauro,1
492=,Mavid,1
492=,Maziar,1
492=,Mclean,1
492=,Melville,1
492=,Merlyn,1
492=,Michael-John,1
492=,Michal,1
492=,Michial,1
492=,Mikail,1
492=,Mike,1
492=,Mikel,1
492=,Millar,1
492=,Mirza,1
492=,Mishan,1
492=,Mitch,1
492=,Mitchum,1
492=,Moadood,1
492=,Moath,1
492=,Mohd,1
492=,Mohommed,1
492=,Mons,1
492=,Morgyn,1
492=,Morrison,1
492=,Motasem,1
492=,Mouhedene,1
492=,Mouttaz,1
492=,Muhammed,1
492=,Muir,1
492=,Mujahid,1
492=,Mumtaz,1
492=,Munro,1
492=,Muntahzir,1
492=,Muqtadar,1
492=,Musab,1
492=,Mushtaq,1
492=,Mustahzar,1
492=,Nadeam,1
492=,Nader,1
492=,Naeem,1
492=,Naheem,1
492=,Narinderpal,1
492=,Nasir,1
492=,Nasser,1
492=,Nassim,1
492=,Nathanael,1
492=,Naveen,1
492=,Navin,1
492=,Nawaz,1
492=,Naysan,1
492=,Ndubuisi,1
492=,Nedim,1
492=,Neelom,1
492=,Neilson,1
492=,Nicholsas,1
492=,Nickey,1
492=,Nicki,1
492=,Nicoll,1
492=,Niel,1
492=,Nii,1
492=,Nikk,1
492=,Nils,1
492=,Nirul,1
492=,Nisar,1
492=,Nishan,1
492=,Niven,1
492=,Norval,1
492=,Nurul,1
492=,Obbei,1
492=,Ogechukwu,1
492=,Oghenegaren,1
492=,Oine,1
492=,Olatokunbo,1
492=,Olubunmi,1
492=,Olufemi,1
492=,Olusegun,1
492=,Omer,1
492=,Omid,1
492=,Onyemaechi,1
492=,Oosman,1
492=,Orian,1
492=,Ormond,1
492=,Osman,1
492=,Ou,1
492=,Ousman,1
492=,Pablo,1
492=,Pang,1
492=,Paolo,1
492=,Partab,1
492=,Parvaz,1
492=,Parvez,1
492=,Pascal,1
492=,Pascoe,1
492=,Paul-John,1
492=,Pearce,1
492=,Pedro,1
492=,Percival,1
492=,Petros,1
492=,Phil,1
492=,Philippe,1
492=,Phillipp,1
492=,Piers,1
492=,Pieter,1
492=,Po,1
492=,Pritpal,1
492=,Quintin,1
492=,Quinton,1
492=,Rabbani,1
492=,Raedmund,1
492=,Rafaqat,1
492=,Rafel,1
492=,Raffaeli,1
492=,Ragnar,1
492=,Raheem,1
492=,Rahman,1
492=,Rainer,1
492=,Raish,1
492=,Rajeev,1
492=,Rajeshwer,1
492=,Rajinder,1
492=,Rajpaul,1
492=,Rami,1
492=,Ramon,1
492=,Ramsay,1
492=,Ranawaheed,1
492=,Rance,1
492=,Ranjeet,1
492=,Rashed,1
492=,Ravi,1
492=,Ravikiren,1
492=,Ravinder,1
492=,Rawshan,1
492=,Raymund,1
492=,Reehan,1
492=,Regen,1
492=,Rehan,1
492=,Reinhold,1
492=,Remi,1
492=,Renaldo,1
492=,Renato,1
492=,Rennie,1
492=,Renny,1
492=,Reshame,1
492=,Rex,1
492=,Rhian,1
492=,Rian,1
492=,Riaz,1
492=,Riccardo,1
492=,Rob,1
492=,Robert-Paul,1
492=,Roberto,1
492=,Rodderick,1
492=,Roderic,1
492=,Rohan,1
492=,Rohen,1
492=,Rohit,1
492=,Rolf,1
492=,Romano,1
492=,Romeo,1
492=,Romy,1
492=,Roneal,1
492=,Ronen,1
492=,Ros,1
492=,Ruaidhri,1
492=,Ruairi,1
492=,Rudy,1
492=,Rune,1
492=,Russ,1
492=,Ryder,1
492=,Ryen,1
492=,Sachin,1
492=,Sadiq,1
492=,Sadique,1
492=,Sagid,1
492=,Sai,1
492=,Sajaid,1
492=,Sajjad,1
492=,Saleem,1
492=,Samarandra,1
492=,Sameh,1
492=,Sammer,1
492=,Sana,1
492=,Sandeep,1
492=,Saqab,1
492=,Sarah,1
492=,Sarfraz,1
492=,Satinder,1
492=,Sau,1
492=,Saul,1
492=,Saverio,1
492=,Seamus,1
492=,Sei,1
492=,Sergio,1
492=,Sermad,1
492=,Seumas,1
492=,Seumus,1
492=,Severiano,1
492=,Shabber,1
492=,Shafah,1
492=,Shahbaz,1
492=,Shaheedur,1
492=,Shahnawaz,1
492=,Shahrul,1
492=,Shameul,1
492=,Shannon,1
492=,Shaw,1
492=,Shazad,1
492=,Shedden,1
492=,Shehbaz,1
492=,Sherief,1
492=,Shiber,1
492=,Shiraz,1
492=,Siddharth,1
492=,Sidney,1
492=,Sie,1
492=,Sieff,1
492=,Simeon,1
492=,Simpson,1
492=,Siobhan,1
492=,Sirvinderpal,1
492=,Skye,1
492=,Smith,1
492=,Someshwar,1
492=,Sonwabo,1
492=,Soumen,1
492=,Spike,1
492=,Stanislaw,1
492=,Stefan-Karl,1
492=,Stefano,1
492=,Steffan,1
492=,Steffen,1
492=,Stephanos,1
492=,Steuart,1
492=,Stevan,1
492=,Stig,1
492=,Strvan,1
492=,Sudipta,1
492=,Sufdar,1
492=,Sukhday,1
492=,Sukhpaul,1
492=,Suman,1
492=,Sumedh,1
492=,Sundeep,1
492=,Suneil,1
492=,Sunjay,1
492=,Surfraz,1
492=,Sven,1
492=,Swales,1
492=,Sydney,1
492=,T'ai-Lin,1
492=,Tabassam,1
492=,Tahair,1
492=,Tahir,1
492=,Tain,1
492=,Talaal,1
492=,Tam,1
492=,Tamer,1
492=,Tamlyn,1
492=,Tanwir,1
492=,Tarek,1
492=,Tareq,1
492=,Tarig,1
492=,Tarik,1
492=,Tarrin,1
492=,Tarron,1
492=,Taufik,1
492=,Tekena,1
492=,Temituokpe,1
492=,Terance,1
492=,Than-Veer,1
492=,Thorfinn,1
492=,Tiberius,1
492=,Tim,1
492=,Timon,1
492=,Timugin,1
492=,Toby,1
492=,Todd,1
492=,Tommee,1
492=,Tron,1
492=,Troy,1
492=,Tse,1
492=,Tsung,1
492=,Tumena,1
492=,Tuyub,1
492=,Tyrone,1
492=,Tze-Fang,1
492=,Umar,1
492=,Umberto,1
492=,Umram,1
492=,Umran,1
492=,Uriel,1
492=,Vardin,1
492=,Varun,1
492=,Veenit,1
492=,Vikas,1
492=,Vince,1
492=,Vincenzo,1
492=,Vivian,1
492=,Wade,1
492=,Wah,1
492=,Wan,1
492=,Warner,1
492=,Waseem,1
492=,Wasim,1
492=,Wee,1
492=,Wei,1
492=,Weston,1
492=,Willie,1
492=,Wing,1
492=,Winsor,1
492=,Yanni,1
492=,Yasin,1
492=,Yat,1
492=,Ying,1
492=,Yiu,1
492=,Yoshihiko,1
492=,Yousif,1
492=,Yu,1
492=,Yung,1
492=,Yunis,1
492=,Yusuf,1
492=,Zaak,1
492=,Zacharia,1
492=,Zaheer,1
492=,Zal,1
492=,Zarek,1
492=,Zema,1
492=,Zeman,1
492=,Zeph,1
492=,Zeshan,1
492=,Zeyad,1
492=,Zhaid,1
492=,Ziad,1
492=,Zygmunt,1
,,
,,
,,
,,
,,
,,
,,
,,
,,
,,
,,
,,
,,
,,
,,
,,
,,
,,
,,
,,
,,
,,
,,
,,
,,
,,
,,
,,
,,
,,
,,
,,
,,
,,
,,
,,
,,
,,
,,
,,
,,
,,
,,
,,
,,
,,
,,
,,
,,
,,
,,
,,
,,
,,
,,
,,
,,
,,
,,
,,
,,
,,
,,
,,
,,
,,
,,
,,
,,
,,
,,
,,
,,
,,
,,
,,
,,
,,
,,
,,
,,
,,
,,
,,
,,
,,
,,
,,
,,
,,
,,
,,
,,
,,
,,
,,
,,
,,
,,
,,
,,
,,
,,
,,
,,
,,
,,
,,
,,
,,
,,
,,
,,
,,
,,
,,
,,
,,
,,
,,
,,
,,
,,
,,
,,
,,
,,
,,
,,
,,
,,
,,
,,
,,
,,
,,
,,
,,
,,
,,
,,
,,
,,
,,
,,
,,
,,
,,
,,
,,
,,
,,
,,
,,
,,
,,
,,
,,
,,
,,
,,
,,
,,
,,
,,
,,
,,
,,
,,
,,
,,
,,
,,
,,
,,
,,
,,
,,
,,
,,
,,
,,
,,
,,
,,
,,
,,
,,
,,
,,
,,
,,
,,
,,
,,
,,
,,
,,
,,
,,
,,
,,
,,
,,
,,
,,
,,
,,
,,
,,
,,
,,
,,
,,
,,
,,
,,
,,
,,
,,
,,
,,
,,
,,
,,
,,
,,
,,
,,
,,
,,
,,
,,
,,
,,
,,
,,
,,
,,
,,
,,
,,
,,
,,
,,
,,
,,
,,
,,
,,
,,
,,
,,
,,
,,
,,
,,
,,
,,
,,
,,
,,
,,
,,
,,
,,
,,
,,
,,
,,
,,
,,
,,
,,
,,
,,
,,
,,
,,
,,
,,
,,
,,
,,
,,
,,
,,
,,
,,
,,
,,
,,
,,
,,
,,
,,
,,
,,
,,
,,
,,
,,
,,
,,
,,
,,
,,
,,
,,
,,
,,
,,
,,
,,
,,
,,
,,
,,
,,
,,
,,
,,
,,
,,
,,
,,
,,
,,
,,
,,
,,
,,
,,
,,
,,
,,
,,
,,
,,
,,
,,
,,
,,
,,
,,
,,
,,
,,
,,
,,
,,
,,
,,
,,
,,
,,
,,
,,
,,
,,
,,
,,
,,
,,
,,
,,
,,
,,
,,
,,
,,
,,
,,
,,
,,
,,
,,
,,
,,
,,
,,
,,
,,
,,
,,
,,
,,
,,
,,
,,
,,
,,
,,
,,
,,
,,
,,
,,
,,
,,
,,
,,
,,
,,
,,
,,
,,
,,
,,
,,
,,
,,
,,
,,
,,
,,
,,
,,
,,
,,
,,
,,
,,
,,
,,
,,
,,
,,
,,
,,
,,
,,
,,
,,
,,
,,
,,
,,
,,
,,
,,
,,
,,
,,
,,
,,
,,
,,
,,
,,
,,
,,
,,
,,
,,
,,
,,
,,
,,
,,
,,
,,
,,
,,
,,
,,
,,
,,
,,
,,
,,
,,
,,
,,
,,
,,
,,
,,
,,
,,
,,
,,
,,
,,
,,
,,
,,
,,
,,
,,
,,
,,
,,
,,
,,
,,
,,
,,
,,
,,
,,
,,
,,
,,
,,
,,
,,
,,
,,
,,
,,
,,
,,
,,
,,
,,
,,
,,
,,
,,
,,
,,
,,
,,
,,
,,
,,
,,
,,
,,
,,
,,
,,
,,
,,
,,
,,
,,
,,
,,
,,
,,
,,
,,
,,
,,
,,
,,
,,
,,
,,
,,
,,
,,
,,
,,
,,
,,
,,
,,
,,
,,
,,
,,
,,
,,
,,
,,
,,
,,
,,
,,
,,
,,
,,
,,
,,
,,
,,
,,
,,
,,
,,
,,
,,
,,
,,
,,
,,
,,
,,
,,
,,
,,
,,
,,
,,
,,
,,
,,
,,
,,
,,
,,
,,
,,
,,
,,
,,
,,
,,
,,
,,
,,
,,
,,
,,
,,
,,
,,
,,
,,
,,
,,
,,
,,
,,
,,
,,
,,
,,
,,
,,
,,
,,
,,
,,
,,
,,
,,
,,
,,
,,
,,
,,
,,
,,
,,
,,
,,
,,
,,
,,
,,
,,
,,
,,
,,
,,
,,
,,
,,
,,
,,
,,
,,
,,
,,
,,
,,
,,
,,
,,
,,
,,
,,
,,
,,
,,
,,
,,
,,
,,
,,
,,
,,
,,
,,
,,
,,
,,
,,
,,
,,
,,
,,
,,
,,
,,
,,
,,
,,
,,
,,
,,
,,
,,
,,
,,
,,
,,
,,
,,
,,
,,
,,
,,
,,
,,
,,
,,
,,
,,
,,
,,
,,
,,
,,
,,
,,
,,
,,
,,
,,
,,
,,
,,
,,
,,
,,
,,
,,
,,
,,
,,
,,
,,
,,
,,
,,
,,
,,
,,
,,
,,
,,
,,
,,
,,
,,
,,
,,
,,
,,
,,
,,
,,
,,
,,
,,
,,
,,
,,
,,
,,
,,
,,
,,
,,
,,
,,
,,
,,
,,
,,
,,
,,
,,
,,
,,
,,
,,
,,
,,
,,
,,
,,
,,
,,
,,
,,
,,
,,
,,
,,
,,
,,
,,
,,
,,
,,
,,
,,
,,
,,
,,
,,
,,
,,
,,
,,
,,
,,
,,
,,
,,
,,
,,
,,
,,
,,
,,
,,
,,
,,
,,
,,
,,
,,
,,
,,
,,
,,
,,
,,
,,
,,
,,
,,
,,
,,
,,
,,
,,
,,
,,
,,
,,
,,
,,
,,
,,
,,
,,
,,
,,
,,
,,
,,
,,
,,
,,
,,
,,
,,
,,
,,
,,
,,
,,
,,
� Crown Copyright 2015,,
