Position,Name,Number of babies
1,David,1965
2,John,1422
3,Andrew,1289
4,Christopher,1143
5,James,1105
6,Paul,1039
7,Steven,920
8,Craig,887
9,Michael,853
10,Scott,843
11,Kevin,790
12,Robert,786
13,Mark,775
14,Stuart,681
15,Stephen,618
16,Gary,617
17,Alan,604
18,William,586
19,Ross,557
20,Colin,519
21,Martin,509
22,Thomas,472
23,Barry,455
24,Brian,431
25,Neil,427
26,Richard,422
27,Graeme,417
28,Peter,379
29,Iain,368
30,Gordon,359
31,Ian,345
32,Alexander,301
33,Darren,300
34,Derek,299
35=,Graham,294
35=,Ryan,294
37,Jamie,287
38,Kenneth,286
39,Allan,285
40,Gavin,244
41,Jonathan,241
42,Daniel,235
43,George,215
44,Douglas,195
45,Stewart,191
46,Matthew,189
47=,Anthony,177
47=,Keith,177
49,Grant,176
50,Sean,170
51,Simon,162
52,Gareth,160
53=,Garry,157
53=,Lee,157
55,Fraser,156
56,Alistair,148
57,Adam,145
58,Joseph,143
59,Nicholas,142
60,Bryan,137
61,Charles,134
62,Duncan,125
63=,Philip,117
63=,Russell,117
65,Donald,114
66=,Edward,108
66=,Marc,108
68=,Alastair,106
68=,Greg,106
70,Euan,104
71,Raymond,102
72,Shaun,100
73,Ewan,91
74,Jason,88
75,Patrick,87
76,Alasdair,78
77=,Gerard,77
77=,Malcolm,77
79,Calum,76
80,Liam,73
81=,Bruce,71
81=,Ronald,71
83,Kris,70
84=,Hugh,67
84=,Lewis,67
86=,Dean,62
86=,Greig,62
88=,Benjamin,61
88=,Wayne,61
90,Martyn,60
91,Niall,59
92,Callum,55
93,Francis,54
94,Cameron,52
95,Gregor,51
96,Angus,50
97,Aaron,49
98=,Blair,44
98=,Dale,44
100=,Samuel,41
100=,Timothy,41
102,Robin,39
103,Murray,37
104=,Barrie,36
104=,Gerald,36
106=,Mohammed,34
106=,Rory,34
108,Dominic,31
109,Adrian,29
110,Jon,28
111,Kieran,27
112,Roy,25
113,Brendan,24
114=,Oliver,23
114=,Vincent,23
116=,Henry,22
116=,Justin,22
116=,Leigh,22
116=,Phillip,22
116=,Roderick,22
121=,Drew,21
121=,Leon,21
121=,Mohammad,21
121=,Nathan,21
121=,Owen,21
126=,Bernard,20
126=,Hamish,20
126=,Robbie,20
129=,Campbell,19
129=,Eric,19
129=,Gregg,19
129=,Jordan,19
129=,Shane,19
134=,Antony,18
134=,Frank,18
134=,Nicky,18
137=,Kristopher,17
137=,Terence,17
139=,Billy,16
139=,Ewen,16
139=,Luke,16
142=,Damian,15
142=,Evan,15
142=,Norman,15
145=,Alisdair,14
145=,Ben,14
145=,Chris,14
145=,Fergus,14
145=,Frazer,14
145=,Kyle,14
151=,Alex,13
151=,Damien,13
151=,Glenn,13
151=,Karl,13
151=,Tony,13
156=,Dylan,12
156=,Gregory,12
156=,Kirk,12
156=,Laurence,12
156=,Mathew,12
156=,Sandy,12
162=,Archibald,11
162=,Bradley,11
162=,Christian,11
162=,Grahame,11
162=,Harry,11
162=,Jeffrey,11
162=,Kristoffer,11
162=,Marcus,11
162=,Murdo,11
162=,Neal,11
162=,Scot,11
162=,Trevor,11
174=,Brett,10
174=,Darran,10
174=,Derrick,10
174=,Desmond,10
174=,Kristofer,10
174=,Laurie,10
174=,Lawrence,10
174=,Lindsay,10
174=,Omar,10
174=,Ritchie,10
174=,Ronnie,10
185=,Alister,9
185=,Clark,9
185=,Crawford,9
185=,Imran,9
185=,Jack,9
185=,Jay,9
185=,Jody,9
185=,Keir,9
185=,Kevan,9
185=,Leslie,9
185=,Maurice,9
185=,Roger,9
185=,Walter,9
198=,Archie,8
198=,Carl,8
198=,Darryl,8
198=,Dennis,8
198=,Guy,8
198=,Innes,8
198=,Lloyd,8
198=,Neill,8
198=,Rikki,8
198=,Sam,8
198=,Stefan,8
209=,Aidan,7
209=,Arthur,7
209=,Bryce,7
209=,Danny,7
209=,Duane,7
209=,Frederick,7
209=,Glen,7
209=,Johnathan,7
209=,Magnus,7
209=,Muhammad,7
209=,Nigel,7
209=,Noel,7
209=,Ranald,7
209=,Ray,7
209=,Ricky,7
209=,Ruari,7
209=,Terry,7
209=,Wai,7
227=,Austin,6
227=,Carlo,6
227=,Don,6
227=,Dougal,6
227=,Edwin,6
227=,Finlay,6
227=,Jim,6
227=,Kristofor,6
227=,Mitchell,6
227=,Moray,6
227=,Nadeem,6
227=,Nicol,6
227=,Ralph,6
227=,Rhys,6
227=,Roddy,6
227=,Rowan,6
227=,Ruairidh,6
227=,Steve,6
227=,Tom,6
227=,Tommy,6
227=,Tristan,6
227=,Wesley,6
249=,Allen,5
249=,Arron,5
249=,Ashley,5
249=,Dario,5
249=,Darrin,5
249=,Darryn,5
249=,Daryl,5
249=,Elliot,5
249=,Elliott,5
249=,Erik,5
249=,Geoffrey,5
249=,Gerrard,5
249=,Joe,5
249=,Joel,5
249=,Johnny,5
249=,Julian,5
249=,Kerr,5
249=,Leonard,5
249=,Louis,5
249=,Marco,5
249=,Mario,5
249=,Maxwell,5
249=,Morgan,5
249=,Neale,5
249=,Riccardo,5
249=,Roland,5
249=,Struan,5
276=,Abdul,4
276=,Alun,4
276=,Antonio,4
276=,Arfan,4
276=,Bobby,4
276=,Ciaran,4
276=,Darrell,4
276=,Darron,4
276=,Deryck,4
276=,Edmund,4
276=,Ernest,4
276=,Felix,4
276=,Frankie,4
276=,Gillan,4
276=,Gillon,4
276=,Harold,4
276=,Jacob,4
276=,Jaimie,4
276=,Jeremy,4
276=,Keiran,4
276=,Kwok,4
276=,Lachlan,4
276=,Marek,4
276=,Mohamed,4
276=,Nicolas,4
276=,Nikki,4
276=,Raja,4
276=,Rodger,4
276=,Warren,4
276=,Wing,4
306=,Adnan,3
306=,Ahmad,3
306=,Ahmed,3
306=,Aiden,3
306=,Ajay,3
306=,Albert,3
306=,Amar,3
306=,Amer,3
306=,Amir,3
306=,Arran,3
306=,Asif,3
306=,Atif,3
306=,Casey,3
306=,Chi,3
306=,Chun,3
306=,Clifford,3
306=,Cornelius,3
306=,Daley,3
306=,Denis,3
306=,Derick,3
306=,Domenico,3
306=,Eoghann,3
306=,Eoin,3
306=,Francesco,3
306=,Garreth,3
306=,Garrie,3
306=,Gilbert,3
306=,Glyn,3
306=,Harvey,3
306=,Hector,3
306=,Hew,3
306=,Imtiaz,3
306=,Ivan,3
306=,Jai,3
306=,Jared,3
306=,Jon-Paul,3
306=,Jonathon,3
306=,Joshua,3
306=,Jude,3
306=,Kai,3
306=,Kamran,3
306=,Ken,3
306=,Kenny,3
306=,Khalid,3
306=,Kieron,3
306=,Kriss,3
306=,Lawrie,3
306=,Lorne,3
306=,Mohd,3
306=,Myles,3
306=,Nairn,3
306=,Niel,3
306=,Osman,3
306=,Ramon,3
306=,Ricki,3
306=,Roberto,3
306=,Ruairi,3
306=,Ruaridh,3
306=,Rupert,3
306=,Stanley,3
306=,Terrence,3
306=,Toby,3
368=,Abbas,2
368=,Abid,2
368=,Abu,2
368=,Adeel,2
368=,Aldo,2
368=,Alick,2
368=,Allistair,2
368=,Allister,2
368=,Alwyn,2
368=,Alyn,2
368=,Amandeep,2
368=,Amit,2
368=,Andrea,2
368=,Andreas,2
368=,Antoni,2
368=,Balraj,2
368=,Barry-John,2
368=,Boyd,2
368=,Brent,2
368=,Byron,2
368=,Chad,2
368=,Chee,2
368=,Christie,2
368=,Christos,2
368=,Clement,2
368=,Clive,2
368=,Constantine,2
368=,Crispin,2
368=,Dane,2
368=,Dareen,2
368=,Daren,2
368=,Declan,2
368=,Derry,2
368=,Deryk,2
368=,Dileep,2
368=,Donal,2
368=,Dwayne,2
368=,Eamon,2
368=,Eamonn,2
368=,Edmond,2
368=,Elio,2
368=,Eugene,2
368=,Finn,2
368=,Fintan,2
368=,Forbes,2
368=,Gabriel,2
368=,Giancarlo,2
368=,Giovanni,2
368=,Howard,2
368=,Humphrey,2
368=,Irfan,2
368=,Irvin,2
368=,Irvine,2
368=,Isaac,2
368=,Ivor,2
368=,Jacky,2
368=,Jake,2
368=,Jamal,2
368=,Jeff,2
368=,Jimmy,2
368=,John-Paul,2
368=,Johnnie,2
368=,Kam,2
368=,Keiron,2
368=,Kelvin,2
368=,Kerry,2
368=,Kristian,2
368=,Lance,2
368=,Lauchlan,2
368=,Leighton,2
368=,Levi,2
368=,Loren,2
368=,Luigi,2
368=,Lyle,2
368=,Mahmood,2
368=,Majid,2
368=,Man,2
368=,Marshall,2
368=,Marvin,2
368=,Max,2
368=,Maximilian,2
368=,Melville,2
368=,Miles,2
368=,Mirza,2
368=,Mohsin,2
368=,Morris,2
368=,Murdoch,2
368=,Nathaniel,2
368=,Naveed,2
368=,Nazim,2
368=,Osama,2
368=,Pardeep,2
368=,Quentin,2
368=,Rakesh,2
368=,Razwan,2
368=,Reece,2
368=,Rian,2
368=,Richie,2
368=,Rizwan,2
368=,Rob,2
368=,Rocco,2
368=,Rodney,2
368=,Rognvald,2
368=,Ronan,2
368=,Rowland,2
368=,Ruaraidh,2
368=,Rudolf,2
368=,Sajad,2
368=,Sanjay,2
368=,Shahbaz,2
368=,Shahid,2
368=,Shahzad,2
368=,Shamus,2
368=,Shan,2
368=,Shawn,2
368=,Shazad,2
368=,Sheridan,2
368=,Sohail,2
368=,Stefano,2
368=,Stevan,2
368=,Stevie,2
368=,Sukhraj,2
368=,Sydney,2
368=,Taylor,2
368=,Tim,2
368=,Torquil,2
368=,Usman,2
368=,Vi,2
368=,Victor,2
368=,Vijay,2
368=,Vikram,2
368=,Vishal,2
368=,Wallace,2
368=,Yosef,2
368=,Zaheer,2
503=,Aapo,1
503=,Aaran,1
503=,Abdel-Monem,1
503=,Abdur,1
503=,Abed,1
503=,Abhijit,1
503=,Abhinav,1
503=,Adawari,1
503=,Adefemi,1
503=,Adegoke,1
503=,Adel,1
503=,Adeyemi,1
503=,Aeneas,1
503=,Afshin,1
503=,Ahmet,1
503=,Ainerua,1
503=,Ainslie,1
503=,Ainudin,1
503=,Ajaz,1
503=,Akbar,1
503=,Akber,1
503=,Akmal,1
503=,Akram,1
503=,Al-Hasan,1
503=,Al-Husein,1
503=,Alain,1
503=,Alasdhair,1
503=,Alastor,1
503=,Alban,1
503=,Alec,1
503=,Alessandro,1
503=,Alexandros,1
503=,Alexis,1
503=,Alfred,1
503=,Alhakam,1
503=,Ali,1
503=,Allyn,1
503=,Aloysius,1
503=,Alvin,1
503=,Aman,1
503=,Amandip,1
503=,Amanjit,1
503=,Ameen,1
503=,Americo,1
503=,Amjad,1
503=,Amjid,1
503=,Amran,1
503=,Amre,1
503=,Amrik,1
503=,Amy,1
503=,Anand,1
503=,Anas,1
503=,Andeep,1
503=,Andres,1
503=,Andrw,1
503=,Andy,1
503=,Anees,1
503=,Angelo,1
503=,Anil,1
503=,Anson,1
503=,Anstruther,1
503=,Anton,1
503=,Arbab,1
503=,Arif,1
503=,Arnab,1
503=,Aron,1
503=,Arpit,1
503=,Arturo,1
503=,Arun,1
503=,Asa,1
503=,Ashburn,1
503=,Ashiq,1
503=,Ashish,1
503=,Asim,1
503=,Atholl,1
503=,Atief,1
503=,Atin,1
503=,Atiph,1
503=,Aurelien,1
503=,Austen,1
503=,Awais,1
503=,Axel,1
503=,Aylwin,1
503=,Aymer,1
503=,Azad,1
503=,Azeem,1
503=,Azhar,1
503=,Aziz,1
503=,Azman,1
503=,Baktash,1
503=,Balal,1
503=,Baljeet,1
503=,Baqar,1
503=,Barnabas,1
503=,Barnabus,1
503=,Barrijon,1
503=,Beinn,1
503=,Benedict,1
503=,Benn,1
503=,Bernardo,1
503=,Bevan,1
503=,Bharat,1
503=,Billie,1
503=,Billy-Jo,1
503=,Bjorn,1
503=,Blaal,1
503=,Bobbi,1
503=,Bobbie,1
503=,Bobby-Joe,1
503=,Bodie,1
503=,Boise,1
503=,Brandon,1
503=,Brenden,1
503=,Brendon,1
503=,Brinthan,1
503=,Bron,1
503=,Brooks,1
503=,Brown,1
503=,Caleb,1
503=,Calvin,1
503=,Can,1
503=,Carey,1
503=,Carle,1
503=,Carlos,1
503=,Cary,1
503=,Catherine,1
503=,Cem,1
503=,Chamkor,1
503=,Chan,1
503=,Charbel,1
503=,Charif,1
503=,Charleton,1
503=,Charlton,1
503=,Chaw,1
503=,Chen,1
503=,Chien,1
503=,Ching,1
503=,Choudhry,1
503=,Chris-Best,1
503=,Christiano,1
503=,Christophe,1
503=,Chukwudi,1
503=,Chum,1
503=,Churk,1
503=,Churl,1
503=,Cian,1
503=,Clarke,1
503=,Clint,1
503=,Cody,1
503=,Colen,1
503=,Coll,1
503=,Collin,1
503=,Colm,1
503=,Colum,1
503=,Con,1
503=,Connor,1
503=,Conrad,1
503=,Corey,1
503=,Cristopher,1
503=,Cromar,1
503=,Cunningham,1
503=,Curtis,1
503=,Damon,1
503=,Daniela,1
503=,Danilo,1
503=,Dannie,1
503=,Dante,1
503=,Daoud,1
503=,Darach,1
503=,Daragh,1
503=,Darien,1
503=,Darnell,1
503=,Darrian,1
503=,Darroch,1
503=,Daryn,1
503=,Daryne,1
503=,Dau,1
503=,Dave,1
503=,Davey,1
503=,David-Jonathan,1
503=,Davy,1
503=,Debasis,1
503=,Dee,1
503=,Deeran,1
503=,Del,1
503=,Dene,1
503=,Deon,1
503=,Dereck,1
503=,Derek-John,1
503=,Dermot,1
503=,Des,1
503=,Di,1
503=,Digby,1
503=,Dinsel,1
503=,Dinuka,1
503=,Diyar,1
503=,Donnam,1
503=,Donnie,1
503=,Donny,1
503=,Dou-Gea,1
503=,Dougald,1
503=,Dugald,1
503=,Duy,1
503=,Dwain,1
503=,Eddy,1
503=,Edgar,1
503=,Ehab,1
503=,Ehsan,1
503=,Ehson,1
503=,Ehssan,1
503=,Eion,1
503=,Eli,1
503=,Ellis,1
503=,Emran,1
503=,Ephraim,1
503=,Erin,1
503=,Erland,1
503=,Erlend,1
503=,Errol,1
503=,Erron,1
503=,Erskine,1
503=,Euain,1
503=,Eugen,1
503=,Evert-Jan,1
503=,Everton,1
503=,Eze,1
503=,Fabien,1
503=,Faheem,1
503=,Faisal,1
503=,Faizal,1
503=,Faizan,1
503=,Farai,1
503=,Faraz,1
503=,Farid,1
503=,Farouq,1
503=,Farquhar,1
503=,Fawaz,1
503=,Fernando,1
503=,Findlay,1
503=,Firyadali,1
503=,Floris,1
503=,Floyd,1
503=,Frances,1
503=,Francisco,1
503=,Franco,1
503=,Francois,1
503=,Fullerton,1
503=,Furrakh,1
503=,Galen,1
503=,Gallino,1
503=,Garath,1
503=,Garrick,1
503=,Garron,1
503=,Garth,1
503=,Garyth,1
503=,Geoff,1
503=,Gerarde,1
503=,Gerardo,1
503=,Gerry,1
503=,Ghassan,1
503=,Giancario,1
503=,Gideon,1
503=,Gilby,1
503=,Giles,1
503=,Gillies,1
503=,Giuseppe,1
503=,Glynn,1
503=,Gobi,1
503=,Godfrey,1
503=,Graig,1
503=,Greger,1
503=,Griogair,1
503=,Guljar,1
503=,Gunnar,1
503=,Gurbachn,1
503=,Gurbinder,1
503=,Gurprit,1
503=,Gurseph,1
503=,Gyan,1
503=,Gylen,1
503=,Haaris,1
503=,Habib,1
503=,Hafizur,1
503=,Haldane,1
503=,Hamilton,1
503=,Hammadi,1
503=,Hammond,1
503=,Hardeep,1
503=,Harinder,1
503=,Harjeet,1
503=,Harjit,1
503=,Harjivan,1
503=,Harminder,1
503=,Haroon,1
503=,Haroun,1
503=,Harrison,1
503=,Harvie,1
503=,Harvindar,1
503=,Haseen,1
503=,Hashim,1
503=,Hassan,1
503=,Heh,1
503=,Henri,1
503=,Herjeet,1
503=,Hesham,1
503=,Heyman,1
503=,Hezli,1
503=,Hjalmar,1
503=,Ho,1
503=,Hon,1
503=,Hosea,1
503=,Hsai,1
503=,Hubert,1
503=,Hughie,1
503=,Hugo,1
503=,Humair,1
503=,Humayun,1
503=,Hung,1
503=,Hunter,1
503=,Iaian,1
503=,Ibrahim,1
503=,Ibrar,1
503=,Ifiok,1
503=,Ifran,1
503=,Ihsan,1
503=,Imara,1
503=,Inam,1
503=,Iqvir,1
503=,Irving,1
503=,Ishtiaq,1
503=,Ismael,1
503=,Ita,1
503=,Jabdul,1
503=,Jackie,1
503=,Jackson,1
503=,Jae,1
503=,Jagdesh,1
503=,Jagjeet,1
503=,Jaime,1
503=,Jameel,1
503=,Jamel,1
503=,Jardine,1
503=,Jasdeep,1
503=,Jasim,1
503=,Jasmeet,1
503=,Jaspal,1
503=,Jasper,1
503=,Jatindar,1
503=,Javier,1
503=,Jaymie,1
503=,Jayson,1
503=,Jean,1
503=,Jens,1
503=,Jermine,1
503=,Jerome,1
503=,Jery,1
503=,Jerzy,1
503=,Jethro,1
503=,Jevan,1
503=,Jevon,1
503=,Joaquin,1
503=,Jodi,1
503=,Jodie,1
503=,John-Carlo,1
503=,John-Sebastian,1
503=,Johnathon,1
503=,Johnson,1
503=,Jono,1
503=,Jorawar,1
503=,Jordon,1
503=,Josef,1
503=,Joss,1
503=,Judd,1
503=,Julie,1
503=,Junior,1
503=,Justus,1
503=,Ka,1
503=,Kaivan,1
503=,Kamal,1
503=,Karim,1
503=,Kashaf,1
503=,Kashie,1
503=,Kashif,1
503=,Kasim,1
503=,Katumuowajilo,1
503=,Kaveh,1
503=,Keil,1
503=,Keirghan,1
503=,Kelechi,1
503=,Keneth,1
503=,Kent,1
503=,Kesar,1
503=,Kester,1
503=,Keth,1
503=,Kevin-Lee,1
503=,Kham,1
503=,Khuram,1
503=,Khurram,1
503=,Khurum,1
503=,Kiccardo,1
503=,Kier,1
503=,Kijebaned,1
503=,Kim,1
503=,Kin,1
503=,Kinloch,1
503=,Kiran,1
503=,Kishan,1
503=,Kong,1
503=,Kori,1
503=,Krishan,1
503=,Kristan,1
503=,Kristyn,1
503=,Krystofer,1
503=,Kuram,1
503=,Kwabena,1
503=,Lai,1
503=,Lal,1
503=,Lanyon,1
503=,Lap,1
503=,Lars,1
503=,Laura,1
503=,Lauri,1
503=,Lawson,1
503=,Laythe,1
503=,Leam,1
503=,Leif,1
503=,Leon-Paul,1
503=,Lester,1
503=,Leuis,1
503=,Lieam,1
503=,Ling,1
503=,Linton,1
503=,Lisa,1
503=,Logan,1
503=,Lok,1
503=,Lorenzo,1
503=,Lorn,1
503=,Louie,1
503=,Louise,1
503=,Lucais,1
503=,Ludovic,1
503=,Luong,1
503=,Lup,1
503=,Lyall,1
503=,Mac,1
503=,Mack,1
503=,Magubo,1
503=,Mahfooz,1
503=,Mahidon,1
503=,Mahsoom,1
503=,Mahtab,1
503=,Malachi,1
503=,Malik,1
503=,Mandar,1
503=,Mandeep,1
503=,Mandip,1
503=,Mandp,1
503=,Manjot,1
503=,Manmohan,1
503=,Mansur,1
503=,Manuel,1
503=,Marcel,1
503=,Marcello,1
503=,Margaret,1
503=,Marik,1
503=,Markus-Daniel,1
503=,Mashhour,1
503=,Masood,1
503=,Massimo,1
503=,Mathen,1
503=,Maurizio,1
503=,Mbiko,1
503=,Mckinlay,1
503=,Md,1
503=,Mehrdad,1
503=,Meredith,1
503=,Mervyn,1
503=,Michael-John,1
503=,Michal,1
503=,Micheal,1
503=,Michele,1
503=,Michiel,1
503=,Minhal,1
503=,Mohamad,1
503=,Mohinder,1
503=,Momen,1
503=,Morne,1
503=,Morten,1
503=,Morven,1
503=,Muhaimin,1
503=,Muhamad,1
503=,Muhammed,1
503=,Muir,1
503=,Mujtaba,1
503=,Mullangi,1
503=,Muminur,1
503=,Mumzad,1
503=,Mungo,1
503=,Munwar,1
503=,Muthupalaniappa,1
503=,Naeramit,1
503=,Najeeb,1
503=,Najm,1
503=,Nam,1
503=,Narciso,1
503=,Narinderpal,1
503=,Navid,1
503=,Navinder,1
503=,Nazeef,1
503=,Nazif,1
503=,Neall,1
503=,Neim,1
503=,Nelson,1
503=,Neville,1
503=,Nial,1
503=,Nicio,1
503=,Nicki,1
503=,Nii,1
503=,Niki,1
503=,Nikiforos,1
503=,Niko,1
503=,Nikolas,1
503=,Niloy,1
503=,Nils,1
503=,Nirpal,1
503=,Nisar,1
503=,Nissar,1
503=,Niyaz,1
503=,Njal,1
503=,Nnaemeka,1
503=,Nordine,1
503=,Nurul,1
503=,Nyameama,1
503=,Nyeem,1
503=,Obadiah,1
503=,Oghenekevbe,1
503=,Oisin,1
503=,Olabanji,1
503=,Olivier,1
503=,Olubunmi,1
503=,Olufemi,1
503=,Olufunso,1
503=,Olukanni,1
503=,Olunadamilola,1
503=,Olusoji,1
503=,Oluwaseyi,1
503=,Omer,1
503=,Onyedikachukwu,1
503=,Orhan,1
503=,Oskar,1
503=,Ou-Wei,1
503=,Ou-Yue,1
503=,Owain,1
503=,Oyewole,1
503=,Ozan,1
503=,Padraig,1
503=,Pang,1
503=,Parmdeep,1
503=,Pascal,1
503=,Pascoe,1
503=,Pat,1
503=,Patric,1
503=,Paul-Jonathan,1
503=,Paulo,1
503=,Pawandeep,1
503=,Petar,1
503=,Petum,1
503=,Phaidraig,1
503=,Phoebus,1
503=,Phuc,1
503=,Piere,1
503=,Piero,1
503=,Piers,1
503=,Piotr,1
503=,Po,1
503=,Polaw,1
503=,Prahalad,1
503=,Praveen,1
503=,Preston,1
503=,Punjab,1
503=,Puok,1
503=,Quanah,1
503=,Quinnan,1
503=,R,1
503=,Rael,1
503=,Rahman,1
503=,Rajeev,1
503=,Rajinderpal,1
503=,Rajiu,1
503=,Rajpal,1
503=,Rakeish,1
503=,Ralston,1
503=,Rami,1
503=,Ramsay,1
503=,Rana,1
503=,Ranna,1
503=,Raoul,1
503=,Rashed,1
503=,Rashid,1
503=,Rawson,1
503=,Raye,1
503=,Raza,1
503=,Reagan,1
503=,Redford,1
503=,Reginald,1
503=,Rehman,1
503=,Remo,1
503=,Rennie,1
503=,Reon,1
503=,Reza,1
503=,Rhian,1
503=,Rhuari,1
503=,Ricci,1
503=,Rizvan,1
503=,Robertson,1
503=,Robinson,1
503=,Rock,1
503=,Rocky,1
503=,Rod,1
503=,Rodd,1
503=,Roderic,1
503=,Rodi,1
503=,Rolan,1
503=,Rolf,1
503=,Rollo,1
503=,Romil,1
503=,Rondeep,1
503=,Roni,1
503=,Roosbeh,1
503=,Rosheen,1
503=,Royan,1
503=,Ruaidhri,1
503=,Ruard,1
503=,Rudi,1
503=,Rudie,1
503=,Rudy,1
503=,Rundeep,1
503=,Russel,1
503=,Rustum,1
503=,Ryan-John,1
503=,Sabraj,1
503=,Sahzaad,1
503=,Saifal,1
503=,Saifar,1
503=,Saikat,1
503=,Saiyf,1
503=,Sajid,1
503=,Sajjad,1
503=,Salam,1
503=,Salvador,1
503=,Salvatore,1
503=,Samer,1
503=,Samitr,1
503=,Sandesh,1
503=,Sarfaraz,1
503=,Sarfraz,1
503=,Sarmad,1
503=,Satveer,1
503=,Satwindar,1
503=,Saul,1
503=,Seamus,1
503=,Sebastian,1
503=,Sedrik,1
503=,Senthooran,1
503=,Serfraz,1
503=,Serge,1
503=,Sergio,1
503=,Sevan,1
503=,Seyyed,1
503=,Shabbir,1
503=,Shad,1
503=,Shafaq,1
503=,Shahan,1
503=,Shahdath,1
503=,Shaheide,1
503=,Shajaz,1
503=,Shakheel,1
503=,Shamas,1
503=,Shamoon,1
503=,Shao,1
503=,Sharaz,1
503=,Shart,1
503=,Sharyarr,1
503=,Shashank,1
503=,Shaunessy,1
503=,Shavaiz,1
503=,Shavn,1
503=,Shaw,1
503=,Shayne,1
503=,Shazaid,1
503=,Shehzad,1
503=,Sherard,1
503=,Shingirayi,1
503=,Shiro,1
503=,Shohel,1
503=,Sholto,1
503=,Shubhankar,1
503=,Shui,1
503=,Sidney,1
503=,Silvano,1
503=,Simeon,1
503=,Simom,1
503=,Simon-Robert,1
503=,Simpson,1
503=,Sinclair,1
503=,Siu,1
503=,Spyros,1
503=,St,1
503=,Stan,1
503=,Stanislaw,1
503=,Stavros,1
503=,Steffen,1
503=,Stephane,1
503=,Steuart,1
503=,Stewart-Henry,1
503=,Sudhir,1
503=,Suhail,1
503=,Sukhvinder,1
503=,Sulman,1
503=,Sultan,1
503=,Sundar,1
503=,Sundeep,1
503=,Surbjit,1
503=,Sweyn,1
503=,Syed,1
503=,Szymon,1
503=,Tabasam,1
503=,Tabrez,1
503=,Tacitus,1
503=,Tadek,1
503=,Tafadzwa,1
503=,Tahir,1
503=,Tai,1
503=,Taikan,1
503=,Taimur,1
503=,Tain,1
503=,Tak,1
503=,Tane,1
503=,Tannis,1
503=,Taofiq,1
503=,Tapiwa,1
503=,Taqdeer,1
503=,Tarik,1
503=,Tarim,1
503=,Tariq,1
503=,Terrance,1
503=,Thai,1
503=,Thain,1
503=,Theo,1
503=,Thomson,1
503=,Thorfinn,1
503=,Tien,1
503=,Timothy-John,1
503=,Timur,1
503=,Tobias,1
503=,Tolumilope,1
503=,Tomas,1
503=,Tor,1
503=,Torfinn,1
503=,Trent,1
503=,Tristram,1
503=,Tsuyoshi,1
503=,Tungamirai,1
503=,Turki,1
503=,Tymon,1
503=,Tyrone,1
503=,Tze,1
503=,Ulric,1
503=,Umar,1
503=,Umberto,1
503=,Ummad,1
503=,Vaseem,1
503=,Vaughn,1
503=,Vicky,1
503=,Vikrim,1
503=,Vince,1
503=,Vincent-Bernard,1
503=,Vincenzo,1
503=,Vinothan,1
503=,Visdean,1
503=,Vittorio,1
503=,Waell,1
503=,Wagas-Arshad,1
503=,Waheed,1
503=,Wai-Ming,1
503=,Waiyan,1
503=,Wajid,1
503=,Waleed,1
503=,Wan,1
503=,Waqas,1
503=,Wei,1
503=,Wern-Ping,1
503=,Westley,1
503=,Wilson,1
503=,Windsor,1
503=,Wyatt,1
503=,Xavier,1
503=,Xerxes,1
503=,Yassin,1
503=,Yat,1
503=,Yawar,1
503=,Yeung,1
503=,Yiu,1
503=,Youcef,1
503=,Yousef,1
503=,Youssif,1
503=,Yuie,1
503=,Yung,1
503=,Yusuf,1
503=,Zachary,1
503=,Zaheed,1
503=,Zahib,1
503=,Zahid,1
503=,Zaid,1
503=,Zak,1
503=,Zane,1
503=,Zeeshan,1
503=,Zenon,1
503=,Ziarat,1
503=,Zigwai,1
503=,Zin,1
503=,Zohaib,1
503=,Zubir,1
503=,Zufkar,1
503=,Zukriruzaini,1
503=,Zulifkar,1
,,
,,
,,
,,
,,
,,
,,
,,
,,
,,
,,
,,
,,
,,
,,
,,
,,
,,
,,
,,
,,
,,
,,
,,
,,
,,
,,
,,
,,
,,
,,
,,
,,
,,
,,
,,
,,
,,
,,
,,
,,
,,
,,
,,
,,
,,
,,
,,
,,
,,
,,
,,
,,
,,
,,
,,
,,
,,
,,
,,
,,
,,
,,
,,
,,
,,
,,
,,
,,
,,
,,
,,
,,
,,
,,
,,
,,
,,
,,
,,
,,
,,
,,
,,
,,
,,
,,
,,
,,
,,
,,
,,
,,
,,
,,
,,
,,
,,
,,
,,
,,
,,
,,
,,
,,
,,
,,
,,
,,
,,
,,
,,
,,
,,
,,
,,
,,
,,
,,
,,
,,
,,
,,
,,
,,
,,
,,
,,
,,
,,
,,
,,
,,
,,
,,
,,
,,
,,
,,
,,
,,
,,
,,
,,
,,
,,
,,
,,
,,
,,
,,
,,
,,
,,
,,
,,
,,
,,
,,
,,
,,
,,
,,
,,
,,
,,
,,
,,
,,
,,
,,
,,
,,
,,
,,
,,
,,
,,
,,
,,
,,
,,
,,
,,
,,
,,
,,
,,
,,
,,
,,
,,
,,
,,
,,
,,
,,
,,
,,
,,
,,
,,
,,
,,
,,
,,
,,
,,
,,
,,
,,
,,
,,
,,
,,
,,
,,
,,
,,
,,
,,
,,
,,
,,
,,
,,
,,
,,
,,
,,
,,
,,
,,
,,
,,
,,
,,
,,
,,
,,
,,
,,
,,
,,
,,
,,
,,
,,
,,
,,
,,
,,
,,
,,
,,
,,
,,
,,
,,
,,
,,
,,
,,
,,
,,
,,
,,
,,
,,
,,
,,
,,
,,
,,
,,
,,
,,
,,
,,
,,
,,
,,
,,
,,
,,
,,
,,
,,
,,
,,
,,
,,
,,
,,
,,
,,
,,
,,
,,
,,
,,
,,
,,
,,
,,
,,
,,
,,
,,
,,
,,
,,
,,
,,
,,
,,
,,
,,
,,
,,
,,
,,
,,
,,
,,
,,
,,
,,
,,
,,
,,
,,
,,
,,
,,
,,
,,
,,
,,
,,
,,
,,
,,
,,
,,
,,
,,
,,
,,
,,
,,
,,
,,
,,
,,
,,
,,
,,
,,
,,
,,
,,
,,
,,
,,
,,
,,
,,
,,
,,
,,
,,
,,
,,
,,
,,
,,
,,
,,
,,
,,
,,
,,
,,
,,
,,
,,
,,
,,
,,
,,
,,
,,
,,
,,
,,
,,
,,
,,
,,
,,
,,
,,
,,
,,
,,
,,
,,
,,
,,
,,
,,
,,
,,
,,
,,
,,
,,
,,
,,
,,
,,
,,
,,
,,
,,
,,
,,
,,
,,
,,
,,
,,
,,
,,
,,
,,
,,
,,
,,
,,
,,
,,
,,
,,
,,
,,
,,
,,
,,
,,
,,
,,
,,
,,
,,
,,
,,
,,
,,
,,
,,
,,
,,
,,
,,
,,
,,
,,
,,
,,
,,
,,
,,
,,
,,
,,
,,
,,
,,
,,
,,
,,
,,
,,
,,
,,
,,
,,
,,
,,
,,
,,
,,
,,
,,
,,
,,
,,
,,
,,
,,
,,
,,
,,
,,
,,
,,
,,
,,
,,
,,
,,
,,
,,
,,
,,
,,
,,
,,
,,
,,
,,
,,
,,
,,
,,
,,
,,
,,
,,
,,
,,
,,
,,
,,
,,
,,
,,
,,
,,
,,
,,
,,
,,
,,
,,
,,
,,
,,
,,
,,
,,
,,
,,
,,
,,
,,
,,
,,
,,
,,
,,
,,
,,
,,
,,
,,
,,
,,
,,
,,
,,
,,
,,
,,
,,
,,
,,
,,
,,
,,
,,
,,
,,
,,
,,
,,
,,
,,
,,
,,
,,
,,
,,
,,
,,
,,
,,
,,
,,
,,
,,
,,
,,
,,
,,
,,
,,
,,
,,
,,
,,
,,
,,
,,
,,
,,
,,
,,
,,
,,
,,
,,
,,
,,
,,
,,
,,
,,
,,
,,
,,
,,
,,
,,
,,
,,
,,
,,
,,
,,
,,
,,
,,
,,
,,
,,
,,
,,
,,
,,
,,
,,
,,
,,
,,
,,
,,
,,
,,
,,
,,
,,
,,
,,
,,
,,
,,
,,
,,
,,
,,
,,
,,
,,
,,
,,
,,
,,
,,
,,
,,
,,
,,
,,
,,
,,
,,
,,
,,
,,
,,
,,
,,
,,
,,
,,
,,
,,
,,
,,
,,
,,
,,
,,
,,
,,
,,
,,
,,
,,
,,
,,
,,
,,
,,
,,
,,
,,
,,
,,
,,
,,
,,
,,
,,
,,
,,
,,
,,
,,
,,
,,
,,
,,
,,
,,
,,
,,
,,
,,
,,
,,
,,
,,
,,
,,
,,
,,
,,
,,
,,
,,
,,
,,
,,
,,
,,
,,
,,
,,
,,
,,
,,
,,
,,
,,
,,
,,
,,
,,
,,
,,
,,
,,
,,
,,
,,
,,
,,
,,
,,
,,
,,
,,
,,
,,
,,
,,
,,
,,
,,
,,
,,
,,
,,
,,
,,
,,
,,
,,
,,
,,
,,
,,
,,
,,
,,
,,
,,
,,
,,
,,
,,
,,
,,
,,
,,
,,
,,
,,
,,
,,
,,
,,
,,
,,
,,
,,
,,
,,
,,
,,
,,
,,
,,
,,
,,
,,
,,
,,
,,
,,
,,
,,
,,
,,
,,
,,
,,
,,
,,
,,
,,
,,
,,
,,
,,
,,
,,
,,
,,
,,
,,
,,
,,
,,
,,
,,
,,
,,
,,
,,
,,
,,
,,
,,
,,
,,
,,
,,
,,
,,
,,
,,
,,
,,
,,
,,
,,
,,
,,
,,
,,
,,
,,
,,
,,
,,
,,
,,
,,
,,
,,
,,
,,
,,
,,
,,
,,
,,
,,
,,
,,
,,
,,
,,
,,
,,
,,
,,
,,
,,
,,
,,
,,
,,
,,
,,
,,
,,
,,
,,
,,
,,
,,
,,
,,
,,
,,
,,
,,
,,
,,
,,
,,
,,
,,
,,
,,
� Crown Copyright 2015,,
