Position,Name,Number of babies
1,David,1856
2,Christopher,1406
3,John,1298
4,Andrew,1197
5,James,1098
6,Paul,1012
7,Steven,894
8,Craig,849
9,Scott,781
10,Mark,763
11,Michael,741
12,Robert,740
13,Kevin,716
14,Stuart,663
15,William,599
16,Alan,594
17,Stephen,587
18,Gary,519
19,Ross,514
20,Martin,472
21=,Colin,440
21=,Richard,440
23,Thomas,420
24,Brian,412
25,Barry,401
26,Neil,389
27,Graeme,377
28,Gordon,342
29,Ian,341
30,Iain,334
31,Peter,326
32,Darren,299
33,Alexander,290
34,Jamie,287
35,Ryan,285
36,Graham,279
37,Jonathan,275
38=,Derek,257
38=,Kenneth,257
40,Daniel,249
41,Allan,246
42,Matthew,214
43=,Gavin,210
43=,Lee,210
45,Stewart,199
46=,Douglas,187
46=,George,187
48,Sean,184
49,Nicholas,182
50,Simon,165
51,Fraser,158
52,Keith,151
53=,Anthony,140
53=,Joseph,140
55,Adam,139
56,Gareth,134
57,Grant,133
58,Bryan,131
59=,Duncan,119
59=,Philip,119
61,Euan,116
62,Alistair,115
63,Garry,114
64,Ewan,112
65=,Charles,108
65=,Edward,108
67,Jason,105
68,Marc,104
69,Shaun,99
70=,Donald,97
70=,Russell,97
72=,Alastair,95
72=,Patrick,95
74,Calum,89
75,Liam,85
76,Alasdair,81
77,Greg,77
78=,Callum,73
78=,Raymond,73
80,Benjamin,70
81,Gerard,69
82,Malcolm,67
83,Cameron,64
84,Aaron,58
85,Ronald,57
86,Bruce,56
87=,Greig,55
87=,Lewis,55
89,Francis,54
90=,Dean,53
90=,Gregor,53
90=,Niall,53
93,Jordan,51
94=,Kris,50
94=,Martyn,50
96=,Robin,48
96=,Samuel,48
98=,Blair,47
98=,Hugh,47
98=,Mohammed,47
98=,Murray,47
98=,Wayne,47
103,Rory,44
104,Kristopher,41
105,Adrian,35
106,Angus,33
107=,Ben,32
107=,Dale,32
109,Gerald,31
110,Mohammad,30
111,Kristoffer,29
112=,Owen,28
112=,Timothy,28
114=,Barrie,27
114=,Jon,27
116,Roderick,25
117=,Kieran,24
117=,Terry,24
119,Kristofer,23
120,Oliver,22
121=,Eric,21
121=,Norman,21
123=,Henry,20
123=,Luke,20
123=,Mathew,20
126,Campbell,19
127=,Antony,18
127=,Dominic,18
127=,Gregory,18
127=,Terence,18
131=,Brendan,17
131=,Finlay,17
131=,Frank,17
131=,Frazer,17
131=,Kyle,17
136=,Damien,16
136=,Roy,16
138=,Damian,15
138=,Darran,15
138=,Gregg,15
138=,Tony,15
142=,Alisdair,14
142=,Alister,14
142=,Drew,14
142=,Ewen,14
142=,Geoffrey,14
142=,Glenn,14
142=,Hamish,14
142=,Leon,14
142=,Leslie,14
142=,Lloyd,14
142=,Vincent,14
142=,Wesley,14
154=,Ashley,13
154=,Harry,13
154=,Imran,13
154=,Jack,13
154=,Jay,13
154=,Justin,13
154=,Leigh,13
154=,Lindsay,13
154=,Nathan,13
154=,Sandy,13
154=,Scot,13
165=,Dennis,12
165=,Karl,12
165=,Ricky,12
168=,Bernard,11
168=,Billy,11
168=,Elliot,11
168=,Kenny,11
168=,Neal,11
168=,Omar,11
168=,Phillip,11
168=,Shane,11
176=,Aidan,10
176=,Clark,10
176=,Denis,10
176=,Guy,10
176=,Jeremy,10
176=,Mitchell,10
176=,Morgan,10
183=,Alex,9
183=,Bryce,9
183=,Danny,9
183=,Innes,9
183=,Jacob,9
183=,Joe,9
183=,Jonathon,9
183=,Keir,9
183=,Murdo,9
183=,Nicolas,9
183=,Nikki,9
183=,Robbie,9
183=,Roger,9
183=,Stefan,9
183=,Trevor,9
198=,Ali,8
198=,Allen,8
198=,Asif,8
198=,Bradley,8
198=,Chris,8
198=,Desmond,8
198=,Jeffrey,8
198=,Joel,8
198=,Kirk,8
198=,Lawrence,8
198=,Leo,8
198=,Neale,8
198=,Ruairidh,8
198=,Sam,8
198=,Steve,8
198=,Walter,8
198=,Warren,8
215=,Albert,7
215=,Arran,7
215=,Austin,7
215=,Brett,7
215=,Carl,7
215=,Ciaran,7
215=,Darryl,7
215=,Darryn,7
215=,Daryl,7
215=,Glen,7
215=,Kerr,7
215=,Kieron,7
215=,Laurence,7
215=,Marcus,7
215=,Neill,7
215=,Nigel,7
215=,Niki,7
215=,Ritchie,7
215=,Ronnie,7
215=,Ruaridh,7
215=,Tristan,7
236=,Alfred,6
236=,Amar,6
236=,Christian,6
236=,Crawford,6
236=,Derrick,6
236=,Don,6
236=,Evan,6
236=,Fergus,6
236=,Gillan,6
236=,Jaime,6
236=,Jan,6
236=,Joshua,6
236=,Leonard,6
236=,Magnus,6
236=,Marco,6
236=,Mario,6
236=,Mohamed,6
236=,Muhammad,6
236=,Nicky,6
236=,Struan,6
256=,Ahmed,5
256=,Antonio,5
256=,Archibald,5
256=,Asim,5
256=,Bobby,5
256=,Chi,5
256=,Dario,5
256=,Deryck,5
256=,Duane,5
256=,Eamonn,5
256=,Erik,5
256=,Frederick,5
256=,Gilbert,5
256=,Johnny,5
256=,Laurie,5
256=,Lorne,5
256=,Louis,5
256=,Nikolas,5
256=,Rhys,5
256=,Riccardo,5
256=,Ronan,5
256=,Rowan,5
256=,Syed,5
256=,Tom,5
256=,Usman,5
281=,Abdul,4
281=,Abid,4
281=,Ahmad,4
281=,Arron,4
281=,Arthur,4
281=,Chad,4
281=,Chun,4
281=,Darrell,4
281=,Edwin,4
281=,Gerrard,4
281=,Irfan,4
281=,Jackie,4
281=,Jaimie,4
281=,Jody,4
281=,Johnathan,4
281=,Julian,4
281=,Karim,4
281=,Kelly,4
281=,Kristofor,4
281=,Lachlan,4
281=,Man,4
281=,Maurice,4
281=,Naveed,4
281=,Ralph,4
281=,Ramsay,4
281=,Ranald,4
281=,Ray,4
281=,Rehan,4
281=,Roddy,4
281=,Roland,4
281=,Spencer,4
281=,Tobias,4
281=,Tomas,4
281=,Wai,4
315=,Abdullah,3
315=,Adil,3
315=,Adnan,3
315=,Aftab,3
315=,Aiden,3
315=,Alick,3
315=,Allister,3
315=,Ashraf,3
315=,Balal,3
315=,Clarke,3
315=,Clayton,3
315=,Cornelius,3
315=,Daren,3
315=,Daryn,3
315=,Declan,3
315=,Dugald,3
315=,Dylan,3
315=,Eamon,3
315=,Eugene,3
315=,Farhan,3
315=,Findlay,3
315=,Forbes,3
315=,Garreth,3
315=,Gerry,3
315=,Jodi,3
315=,Jodie,3
315=,John-Paul,3
315=,Jordon,3
315=,Juan,3
315=,Kamran,3
315=,Keiran,3
315=,Kenan,3
315=,Kevan,3
315=,Keven,3
315=,Lawrance,3
315=,Lawrie,3
315=,Leroy,3
315=,Lyall,3
315=,Lyle,3
315=,Maxwell,3
315=,Mohd,3
315=,Nadeem,3
315=,Nicki,3
315=,Osman,3
315=,Ravi,3
315=,Rodger,3
315=,Rodney,3
315=,Ruari,3
315=,Sandeep,3
315=,Shabaz,3
315=,Stanley,3
315=,Stefano,3
315=,Stevie,3
315=,Sunil,3
315=,Tariq,3
315=,Toby,3
315=,Tommy,3
315=,Victor,3
315=,Yusuf,3
374=,Alun,2
374=,Alvin,2
374=,Ameer,2
374=,Andreas,2
374=,Andres,2
374=,Andy,2
374=,Anton,2
374=,Arif,2
374=,Athol,2
374=,Atif,2
374=,Bari,2
374=,Benedict,2
374=,Brad,2
374=,Brenden,2
374=,Brent,2
374=,Brydon,2
374=,Burhan,2
374=,Cairn,2
374=,Calvin,2
374=,Carlo,2
374=,Carlos,2
374=,Carrick,2
374=,Clifford,2
374=,Corrie,2
374=,Darroch,2
374=,Derick,2
374=,Deryk,2
374=,Domenic,2
374=,Donovan,2
374=,Dwain,2
374=,Edmond,2
374=,Elliott,2
374=,Ellis,2
374=,Ernest,2
374=,Errol,2
374=,Faisal,2
374=,Gino,2
374=,Giulio,2
374=,Grahame,2
374=,Gurdeep,2
374=,Harvey,2
374=,Hector,2
374=,Houston,2
374=,Huw,2
374=,Isaac,2
374=,Jackson,2
374=,Jai,2
374=,Jalal,2
374=,Jared,2
374=,Jeff,2
374=,Jim,2
374=,Johannes,2
374=,Johnnie,2
374=,Julius,2
374=,Kashif,2
374=,Kasif,2
374=,Kelvin,2
374=,Kim,2
374=,Kin,2
374=,Kristian,2
374=,Leighton,2
374=,Logan,2
374=,Malik,2
374=,Mandeep,2
374=,Max,2
374=,Micheil,2
374=,Miles,2
374=,Mohsin,2
374=,Moray,2
374=,Muir,2
374=,Myles,2
374=,Nairn,2
374=,Nasir,2
374=,Nathaniel,2
374=,Neville,2
374=,Nial,2
374=,Nicol,2
374=,Nikolaos,2
374=,Nikolaus,2
374=,Noel,2
374=,Omer,2
374=,Parvez,2
374=,Rael,2
374=,Ramsey,2
374=,Rankin,2
374=,Razwan,2
374=,Rehman,2
374=,Richie,2
374=,Ricki,2
374=,Rikki,2
374=,Roberto,2
374=,Rodric,2
374=,Rohan,2
374=,Ruaraidh,2
374=,Saif,2
374=,Saqib,2
374=,Sebastian,2
374=,Shahid,2
374=,Shawn,2
374=,Shehzad,2
374=,Sikander,2
374=,Sinclair,2
374=,Sohail,2
374=,Stephan,2
374=,Stevan,2
374=,Sylvester,2
374=,Tarik,2
374=,Thorfinn,2
374=,Tuan,2
374=,Umar,2
374=,Vance,2
374=,Vernon,2
374=,Vijay,2
374=,Wallace,2
374=,Waseem,2
374=,Wei,2
374=,Wilson,2
374=,Wing,2
374=,Yun,2
374=,Zachary,2
374=,Zahid,2
374=,Zeeshan,2
496=,Abbas,1
496=,Abdal,1
496=,Abdalwhab,1
496=,Abed,1
496=,Abnan,1
496=,Abu,1
496=,Achyut,1
496=,Adair,1
496=,Adekunle,1
496=,Adewale,1
496=,Adrain,1
496=,Adriano,1
496=,Aedan,1
496=,Aeneas,1
496=,Afzal,1
496=,Ahamed,1
496=,Ahmade,1
496=,Ahren,1
496=,Ahsan-Ul-Haq,1
496=,Ahshan,1
496=,Ahsif,1
496=,Aidrian,1
496=,Ailean,1
496=,Ainsley,1
496=,Akash,1
496=,Akemkar,1
496=,Akhbar,1
496=,Akintayo,1
496=,Al-Farrazdak,1
496=,Alaa,1
496=,Alain,1
496=,Albbari,1
496=,Alec,1
496=,Aleem,1
496=,Alen,1
496=,Alessandro,1
496=,Alexandre,1
496=,Alexis,1
496=,Allhan,1
496=,Allin,1
496=,Allisdair,1
496=,Altaf,1
496=,Alyn,1
496=,Ameerali,1
496=,Amer,1
496=,Amin,1
496=,Aminulhakim,1
496=,Amir,1
496=,Amit,1
496=,Amjad,1
496=,Anas,1
496=,Anastasios,1
496=,Anderson,1
496=,Anh,1
496=,Anil,1
496=,Anis,1
496=,Ann,1
496=,Anson,1
496=,Antoni,1
496=,Antoon,1
496=,Anwar,1
496=,Aonghas,1
496=,Aqib,1
496=,Archie,1
496=,Ardalan,1
496=,Arfan,1
496=,Arfhan,1
496=,Arian,1
496=,Arman,1
496=,Armand,1
496=,Arnout,1
496=,Aron,1
496=,Arsif,1
496=,Arun,1
496=,Arvind,1
496=,Ased,1
496=,Aseem,1
496=,Asher,1
496=,Asief,1
496=,Asjad,1
496=,Asman,1
496=,Athelstan,1
496=,Atholl,1
496=,Attif,1
496=,Augustin,1
496=,Aumar,1
496=,Austen,1
496=,Avnish,1
496=,Azam,1
496=,Azhar,1
496=,Azher,1
496=,Azim,1
496=,Azzam,1
496=,Babak,1
496=,Babu,1
496=,Bahri,1
496=,Baktosch,1
496=,Balfour,1
496=,Bang,1
496=,Barclay,1
496=,Barie,1
496=,Barry-John,1
496=,Basil,1
496=,Behrooz,1
496=,Benedetto,1
496=,Bennett,1
496=,Berwyn,1
496=,Bevan,1
496=,Bhen,1
496=,Bhupinder,1
496=,Billy-Blue,1
496=,Billyjoe,1
496=,Binh,1
496=,Bjorn,1
496=,Blaine,1
496=,Blake,1
496=,Bleu,1
496=,Boyd,1
496=,Bradbury,1
496=,Bradlay,1
496=,Bram,1
496=,Brandon,1
496=,Brien,1
496=,Brodie,1
496=,Brooke,1
496=,Bruxe,1
496=,Bryant,1
496=,Burt,1
496=,Cabrini,1
496=,Cailien,1
496=,Caimbeul,1
496=,Calder,1
496=,Casey,1
496=,Caspar,1
496=,Catherine,1
496=,Cesare,1
496=,Chace,1
496=,Chalmers,1
496=,Chares,1
496=,Che,1
496=,Chee,1
496=,Chi-Wing,1
496=,Chien,1
496=,Chimaobi,1
496=,Chinda,1
496=,Chong,1
496=,Chor,1
496=,Chrisopher,1
496=,Christian-James,1
496=,Christie,1
496=,Christos,1
496=,Chrys,1
496=,Chuk,1
496=,Chung,1
496=,Ciaron,1
496=,Cliff,1
496=,Clive,1
496=,Cochran,1
496=,Colby,1
496=,Cole,1
496=,Collin,1
496=,Colum,1
496=,Connell,1
496=,Connor,1
496=,Conrad,1
496=,Coong,1
496=,Cormac,1
496=,Cory,1
496=,Cowan,1
496=,Cristopher,1
496=,Cue,1
496=,Cyril,1
496=,Daley,1
496=,Damiano,1
496=,Damilola,1
496=,Damon,1
496=,Danial,1
496=,Daniele,1
496=,Darian,1
496=,Dariush,1
496=,Darmaveer,1
496=,Darrel,1
496=,Darrin,1
496=,Darrol,1
496=,Darryll,1
496=,David-John,1
496=,David-Lee,1
496=,Daviditha,1
496=,Davidson,1
496=,Davin,1
496=,Davis,1
496=,Dawide,1
496=,Dawit,1
496=,Dayle,1
496=,De,1
496=,Dean-Sebastian,1
496=,Deane,1
496=,Debashish,1
496=,Deepankar,1
496=,Deeptarka,1
496=,Del,1
496=,Dene,1
496=,Denholm,1
496=,Denny,1
496=,Derik,1
496=,Dermot,1
496=,Derri,1
496=,Derwin,1
496=,Dez,1
496=,Dharmveer,1
496=,Diarmaid,1
496=,Diarmid,1
496=,Diederick,1
496=,Diego,1
496=,Dildar,1
496=,Dirom,1
496=,Dominick,1
496=,Doneil,1
496=,Donnie,1
496=,Donny,1
496=,Dougal,1
496=,Dougald,1
496=,Dru,1
496=,Drummond,1
496=,Duart,1
496=,Dudley,1
496=,Duffy,1
496=,Dustyn,1
496=,Dwayne,1
496=,Eamin,1
496=,Eann,1
496=,Earl,1
496=,Easten,1
496=,Eddie,1
496=,Edgar,1
496=,Edmund,1
496=,Edric,1
496=,Eduardo,1
496=,Elgan,1
496=,Eli,1
496=,Eliot,1
496=,Elsen,1
496=,Elvis,1
496=,Elwyn,1
496=,Emele,1
496=,Enayetur,1
496=,Enrico,1
496=,Eoin,1
496=,Erkan,1
496=,Ern,1
496=,Erol,1
496=,Eseosa,1
496=,Euren,1
496=,Evander,1
496=,Ewin,1
496=,Eyad,1
496=,Fadhil,1
496=,Fahd,1
496=,Faithey,1
496=,Faiz,1
496=,Farquhar,1
496=,Farrakh,1
496=,Farran,1
496=,Farshod,1
496=,Fayez,1
496=,Feeras,1
496=,Felice,1
496=,Ferhan,1
496=,Fharhad,1
496=,Fionn,1
496=,Florian,1
496=,Floris,1
496=,Foc,1
496=,Francesco,1
496=,Fred,1
496=,Furhan,1
496=,Gabriel,1
496=,Galen,1
496=,Garey,1
496=,Garfield,1
496=,Garie,1
496=,Garon,1
496=,Garrie,1
496=,Garth,1
496=,Gen,1
496=,Gennaro,1
496=,George-James,1
496=,Georgeios,1
496=,Georgie,1
496=,Geraint,1
496=,Gethin,1
496=,Gia,1
496=,Gian-Carlo,1
496=,Gianni,1
496=,Giles,1
496=,Gillen,1
496=,Gillies,1
496=,Giovanni,1
496=,Glyn,1
496=,Glynn,1
496=,Godfrey,1
496=,Grahmn,1
496=,Grover,1
496=,Guglielmo,1
496=,Guillaume,1
496=,Gulzar,1
496=,Guradev,1
496=,Gurbaksh,1
496=,Gurbhes,1
496=,Gurdayia,1
496=,Gurjinder,1
496=,Gurjit,1
496=,Gurmale,1
496=,Gurminder,1
496=,Gurmokam,1
496=,Gurnam,1
496=,Gurpreet,1
496=,Gurtake,1
496=,Gwyn,1
496=,Haaki,1
496=,Habeel,1
496=,Habib,1
496=,Hai,1
496=,Haldane,1
496=,Hammaad,1
496=,Hammad,1
496=,Han-Fei,1
496=,Hansi,1
496=,Harald,1
496=,Harinder,1
496=,Harish,1
496=,Harkeert,1
496=,Harkit,1
496=,Harlan,1
496=,Harmanjit,1
496=,Harold,1
496=,Harvinder,1
496=,Hassan,1
496=,Hassen,1
496=,Hatem,1
496=,Hew,1
496=,Himit,1
496=,Hitesh,1
496=,Hobibur,1
496=,Hoe,1
496=,Hoi,1
496=,Hosnay,1
496=,Hugo,1
496=,Hung,1
496=,Huong,1
496=,Hurshuren,1
496=,Husham,1
496=,Hythem,1
496=,Iaian,1
496=,Ibraheim,1
496=,Ibukuntayo,1
496=,Idriss,1
496=,Ijaz,1
496=,Ikenna,1
496=,Imrati,1
496=,Imtiaz,1
496=,Inderjit,1
496=,Innis,1
496=,Irfanul,1
496=,Irvine,1
496=,Irwin,1
496=,Ishtiaq,1
496=,Isimhemnen,1
496=,Isman,1
496=,Itariworio,1
496=,Ivor,1
496=,Jade,1
496=,Jagdip,1
496=,Jagraj,1
496=,Jagtar,1
496=,Jaimi,1
496=,Jaimmie,1
496=,James-Thomas,1
496=,Jamie-Alexander,1
496=,Jan-Ove,1
496=,Janie,1
496=,Jarack,1
496=,Jarrod,1
496=,Jasdeep,1
496=,Jatindra,1
496=,Javaid,1
496=,Jayde,1
496=,Jean,1
496=,Jeetinder,1
496=,Jeffry,1
496=,Jehad,1
496=,Jeremiah,1
496=,Jerrard,1
496=,Jerry,1
496=,Jesse,1
496=,Jetinder,1
496=,Jimmy,1
496=,Jo,1
496=,Joabim,1
496=,Jock,1
496=,Johann,1
496=,John-Alasdair,1
496=,John-Casey,1
496=,Johnston,1
496=,Jonah,1
496=,Jonothan,1
496=,Jorden,1
496=,Jordin,1
496=,Josh,1
496=,Joss,1
496=,Josselin,1
496=,Jourdan,1
496=,Jun,1
496=,Jurgen,1
496=,Ka,1
496=,Kaan,1
496=,Kabir,1
496=,Kaeran,1
496=,Kai,1
496=,Kaleem,1
496=,Kamal,1
496=,Kar,1
496=,Kareem,1
496=,Kasam,1
496=,Kasim,1
496=,Kasum,1
496=,Kato,1
496=,Katrina,1
496=,Kausam,1
496=,Keigan,1
496=,Keil,1
496=,Keilan,1
496=,Keiron,1
496=,Kelvan,1
496=,Kemal,1
496=,Kendrick,1
496=,Keneth,1
496=,Keng,1
496=,Kepa,1
496=,Kerry,1
496=,Keyvan,1
496=,Khairul,1
496=,Khalid,1
496=,Khizer,1
496=,Khuram,1
496=,Kier,1
496=,Kiernan,1
496=,Kinloch,1
496=,Kiran,1
496=,Kiren,1
496=,Kirstopher,1
496=,Konrad,1
496=,Konstantinos,1
496=,Kosmas,1
496=,Krishnasawmy,1
496=,Kristan,1
496=,Krzysztof,1
496=,Kudakwashe,1
496=,Kuljit,1
496=,Kurt,1
496=,Kuruye,1
496=,Kwok,1
496=,Larry,1
496=,Lars,1
496=,Laura,1
496=,Laurent,1
496=,Lawrie-James,1
496=,Leif,1
496=,Len,1
496=,Lennox,1
496=,Leonidas,1
496=,Lester,1
496=,Leszek,1
496=,Levi,1
496=,Leyton,1
496=,Lindsey,1
496=,Linton,1
496=,Lliam,1
496=,Lorien,1
496=,Lucas,1
496=,Ludwik,1
496=,Lui,1
496=,Luis,1
496=,Luk,1
496=,Mahmood,1
496=,Mahmoud,1
496=,Majid,1
496=,Manjeet,1
496=,Manop,1
496=,Manroop,1
496=,Maqbool,1
496=,Marc-Jon,1
496=,Marcello,1
496=,Marcos,1
496=,Marios,1
496=,Marko,1
496=,Marr,1
496=,Marshall,1
496=,Marwaani,1
496=,Masir,1
496=,Matteo,1
496=,Maureen,1
496=,Mawuse,1
496=,Maxim,1
496=,Maximillian,1
496=,Maximillion,1
496=,Mehdi,1
496=,Mel,1
496=,Mendi,1
496=,Menhel,1
496=,Meyrick,1
496=,Michaeel,1
496=,Michal,1
496=,Michele,1
496=,Michelle,1
496=,Minh,1
496=,Miraz,1
496=,Mirza,1
496=,Mohanad,1
496=,Mokaram,1
496=,Mokhtar,1
496=,Molhim,1
496=,Monirul,1
496=,Mortimer,1
496=,Morton,1
496=,Motaz,1
496=,Mousa,1
496=,Muad,1
496=,Muhammed,1
496=,Mun,1
496=,Muneeb,1
496=,Munro,1
496=,Munzoor,1
496=,Murdoch,1
496=,Mustafa,1
496=,Nabeel,1
496=,Nabil,1
496=,Nadev,1
496=,Nadim,1
496=,Nadime,1
496=,Naeem,1
496=,Nafeez,1
496=,Naill,1
496=,Naim,1
496=,Najd,1
496=,Naser,1
496=,Natasha,1
496=,Nathanael,1
496=,Naures,1
496=,Navid,1
496=,Navin,1
496=,Naweed,1
496=,Neilson,1
496=,Nelson,1
496=,Nephi,1
496=,Ng,1
496=,Ngay,1
496=,Nicholis,1
496=,Nick,1
496=,Nickie,1
496=,Nicklaus,1
496=,Nicola,1
496=,Niel,1
496=,Nik,1
496=,Nikolaes,1
496=,Ninian,1
496=,Nino,1
496=,Nirav,1
496=,Niven,1
496=,Niyme,1
496=,Nnamdi,1
496=,Noah,1
496=,Obinna,1
496=,Oghene,1
496=,Oladimeji,1
496=,Olav,1
496=,Oluranti,1
496=,Oluwafemi,1
496=,Oluwatobi,1
496=,Omair,1
496=,Omotokunbo,1
496=,Opeyemi,1
496=,Osarogie,1
496=,Oscar,1
496=,Oskar,1
496=,Osmaan,1
496=,Othman,1
496=,Oystein,1
496=,Pablo,1
496=,Padraic,1
496=,Padruig,1
496=,Pahdraig,1
496=,Paniayotis,1
496=,Paolo,1
496=,Paran,1
496=,Parmbir,1
496=,Partaap,1
496=,Partheeban,1
496=,Pascal,1
496=,Paul-Gerald,1
496=,Perry,1
496=,Pete,1
496=,Petter,1
496=,Pharic,1
496=,Pharoah,1
496=,Phu,1
496=,Piedro,1
496=,Pierce,1
496=,Piers,1
496=,Pietro,1
496=,Praise-God,1
496=,Prashant,1
496=,Pritpal,1
496=,Priyabrata,1
496=,Purmjeet,1
496=,Qadir,1
496=,Qasim,1
496=,Qez,1
496=,Quoc,1
496=,Rae,1
496=,Rahim,1
496=,Raif,1
496=,Rajdeep,1
496=,Rajendra,1
496=,Rajib,1
496=,Rajko,1
496=,Rajpal,1
496=,Rajvinder,1
496=,Rakesh,1
496=,Rana,1
496=,Ranbir,1
496=,Randeep,1
496=,Randy,1
496=,Ranjeet,1
496=,Rannee,1
496=,Raphael,1
496=,Raqeem,1
496=,Rasab,1
496=,Rasham,1
496=,Raveen,1
496=,Ravinder,1
496=,Raymeen,1
496=,Raymund,1
496=,Razaafzal,1
496=,Redford,1
496=,Reginald,1
496=,Remo,1
496=,Reuben,1
496=,Reza,1
496=,Rhodri,1
496=,Rhuari,1
496=,Ricci,1
496=,Rickey,1
496=,Rickie,1
496=,Ridwan,1
496=,Rinaldo,1
496=,Rishi,1
496=,Ritesh,1
496=,Riyathe,1
496=,Rizwan,1
496=,Rob,1
496=,Robert-Joseph,1
496=,Rochana,1
496=,Rodolphe,1
496=,Rodrigo,1
496=,Rognvald,1
496=,Romin,1
496=,Ron,1
496=,Ronal,1
496=,Rory-James,1
496=,Roshan,1
496=,Rowland,1
496=,Ruarri,1
496=,Ruary,1
496=,Rudee,1
496=,Rupert,1
496=,Ryhan,1
496=,Ryiadh,1
496=,Ryn,1
496=,Ryszard,1
496=,Saad,1
496=,Sadeeq,1
496=,Sahidul,1
496=,Sai,1
496=,Saiful,1
496=,Salman,1
496=,Sami,1
496=,Samii,1
496=,Sanad,1
496=,Sanjay,1
496=,Sanjeev,1
496=,Sanjoge,1
496=,Sanjoy,1
496=,Seamus,1
496=,Sebastiano,1
496=,Seean,1
496=,Seth,1
496=,Shaeraz,1
496=,Shahrum,1
496=,Shahzad,1
496=,Shamas,1
496=,Shamsher,1
496=,Shanavaz,1
496=,Shanmuga,1
496=,Sharear,1
496=,Shayne,1
496=,Shazaad,1
496=,Shazada,1
496=,Shazadah,1
496=,Shehbaaz,1
496=,Shehraz,1
496=,Sheikh,1
496=,Sheldon,1
496=,Sherjeel,1
496=,Shoab,1
496=,Shoaib,1
496=,Shohad,1
496=,Sholto,1
496=,Shoumen,1
496=,Shualur,1
496=,Shumshad,1
496=,Si-Po,1
496=,Siew-Siong,1
496=,Sikandar,1
496=,Silvio,1
496=,Simeon,1
496=,Simone,1
496=,Simpson,1
496=,Sindeep,1
496=,Sinlay,1
496=,Siraj,1
496=,Siu,1
496=,Skye,1
496=,Sorwar,1
496=,Steffan,1
496=,Steffin,1
496=,Steuart,1
496=,Stevenson,1
496=,Strachan,1
496=,Subhaan,1
496=,Sukavinder,1
496=,Sukhdeep,1
496=,Sukhdev,1
496=,Suleiman,1
496=,Sultan,1
496=,Sung,1
496=,Suresh,1
496=,Susheel,1
496=,Suvhanker,1
496=,Suzgo,1
496=,Sweyn,1
496=,Symon,1
496=,Tarafder,1
496=,Taut,1
496=,Teagues,1
496=,Telford,1
496=,Terrance,1
496=,Terrence,1
496=,Teva,1
496=,Theo,1
496=,Theodore,1
496=,Thien,1
496=,Tiernan,1
496=,Tim,1
496=,Titus,1
496=,Tod,1
496=,Tokunbo,1
496=,Toluwalope,1
496=,Torquil,1
496=,Tsun,1
496=,Tsz-Wai,1
496=,Tyler,1
496=,Ubaid,1
496=,Uisdean,1
496=,Urfan,1
496=,Vicky,1
496=,Vihandha,1
496=,Vikas,1
496=,Virgil,1
496=,Vishal,1
496=,Vito,1
496=,Wade,1
496=,Waheed,1
496=,Wajahat,1
496=,Walid,1
496=,Wan,1
496=,Waqaas,1
496=,Waqass,1
496=,Waquar,1
496=,Warwick,1
496=,Watson,1
496=,Wea,1
496=,Wesam,1
496=,Wesely,1
496=,Westley,1
496=,Westly,1
496=,Will,1
496=,Williamlee,1
496=,Xolani,1
496=,Yanek,1
496=,Yasser,1
496=,Yat,1
496=,Yiu,1
496=,Yosef,1
496=,You,1
496=,Younas,1
496=,Yousaf,1
496=,Yousof,1
496=,Yu,1
496=,Yumen,1
496=,Yusif,1
496=,Zafeer,1
496=,Zaheer,1
496=,Zahidee,1
496=,Zaid,1
496=,Zaka,1
496=,Zander,1
496=,Zarack,1
496=,Zarrar,1
496=,Zeff,1
496=,Zenon,1
496=,Zeshaan,1
496=,Zeyad,1
496=,Zi-Han,1
496=,Ziad,1
496=,Zico,1
496=,Ziggy,1
496=,Zouhaib,1
496=,Zubir,1
,,
,,
,,
,,
,,
,,
,,
,,
,,
,,
,,
,,
,,
,,
,,
,,
,,
,,
,,
,,
,,
,,
,,
,,
,,
,,
,,
,,
,,
,,
,,
,,
,,
,,
,,
,,
,,
,,
,,
,,
,,
,,
,,
,,
,,
,,
,,
,,
,,
,,
,,
,,
,,
,,
,,
,,
,,
,,
,,
,,
,,
,,
,,
,,
,,
,,
,,
,,
,,
,,
,,
,,
,,
,,
,,
,,
,,
,,
,,
,,
,,
,,
,,
,,
,,
,,
,,
,,
,,
,,
,,
,,
,,
,,
,,
,,
,,
,,
,,
,,
,,
,,
,,
,,
,,
,,
,,
,,
,,
,,
,,
,,
,,
,,
,,
,,
,,
,,
,,
,,
,,
,,
,,
,,
,,
,,
,,
,,
,,
,,
,,
,,
,,
,,
,,
,,
,,
,,
,,
,,
,,
,,
,,
,,
,,
,,
,,
,,
,,
,,
,,
,,
,,
,,
,,
,,
,,
,,
,,
,,
,,
,,
,,
,,
,,
,,
,,
,,
,,
,,
,,
,,
,,
,,
,,
,,
,,
,,
,,
,,
,,
,,
,,
,,
,,
,,
,,
,,
,,
,,
,,
,,
,,
,,
,,
,,
,,
,,
,,
,,
,,
,,
,,
,,
,,
,,
,,
,,
,,
,,
,,
,,
,,
,,
,,
,,
,,
,,
,,
,,
,,
,,
,,
,,
,,
,,
,,
,,
,,
,,
,,
,,
,,
,,
,,
,,
,,
,,
,,
,,
,,
,,
,,
,,
,,
,,
,,
,,
,,
,,
,,
,,
,,
,,
,,
,,
,,
,,
,,
,,
,,
,,
,,
,,
,,
,,
,,
,,
,,
,,
,,
,,
,,
,,
,,
,,
,,
,,
,,
,,
,,
,,
,,
,,
,,
,,
,,
,,
,,
,,
,,
,,
,,
,,
,,
,,
,,
,,
,,
,,
,,
,,
,,
,,
,,
,,
,,
,,
,,
,,
,,
,,
,,
,,
,,
,,
,,
,,
,,
,,
,,
,,
,,
,,
,,
,,
,,
,,
,,
,,
,,
,,
,,
,,
,,
,,
,,
,,
,,
,,
,,
,,
,,
,,
,,
,,
,,
,,
,,
,,
,,
,,
,,
,,
,,
,,
,,
,,
,,
,,
,,
,,
,,
,,
,,
,,
,,
,,
,,
,,
,,
,,
,,
,,
,,
,,
,,
,,
,,
,,
,,
,,
,,
,,
,,
,,
,,
,,
,,
,,
,,
,,
,,
,,
,,
,,
,,
,,
,,
,,
,,
,,
,,
,,
,,
,,
,,
,,
,,
,,
,,
,,
,,
,,
,,
,,
,,
,,
,,
,,
,,
,,
,,
,,
,,
,,
,,
,,
,,
,,
,,
,,
,,
,,
,,
,,
,,
,,
,,
,,
,,
,,
,,
,,
,,
,,
,,
,,
,,
,,
,,
,,
,,
,,
,,
,,
,,
,,
,,
,,
,,
,,
,,
,,
,,
,,
,,
,,
,,
,,
,,
,,
,,
,,
,,
,,
,,
,,
,,
,,
,,
,,
,,
,,
,,
,,
,,
,,
,,
,,
,,
,,
,,
,,
,,
,,
,,
,,
,,
,,
,,
,,
,,
,,
,,
,,
,,
,,
,,
,,
,,
,,
,,
,,
,,
,,
,,
,,
,,
,,
,,
,,
,,
,,
,,
,,
,,
,,
,,
,,
,,
,,
,,
,,
,,
,,
,,
,,
,,
,,
,,
,,
,,
,,
,,
,,
,,
,,
,,
,,
,,
,,
,,
,,
,,
,,
,,
,,
,,
,,
,,
,,
,,
,,
,,
,,
,,
,,
,,
,,
,,
,,
,,
,,
,,
,,
,,
,,
,,
,,
,,
,,
,,
,,
,,
,,
,,
,,
,,
,,
,,
,,
,,
,,
,,
,,
,,
,,
,,
,,
,,
,,
,,
,,
,,
,,
,,
,,
,,
,,
,,
,,
,,
,,
,,
,,
,,
,,
,,
,,
,,
,,
,,
,,
,,
,,
,,
,,
,,
,,
,,
,,
,,
,,
,,
,,
,,
,,
,,
,,
,,
,,
,,
,,
,,
,,
,,
,,
,,
,,
,,
,,
,,
,,
,,
,,
,,
,,
,,
,,
,,
,,
,,
,,
,,
,,
,,
,,
,,
,,
,,
,,
,,
,,
,,
,,
,,
,,
,,
,,
,,
,,
,,
,,
,,
,,
,,
,,
,,
,,
,,
,,
,,
,,
,,
,,
,,
,,
,,
,,
,,
,,
,,
,,
,,
,,
,,
,,
,,
,,
,,
,,
,,
,,
,,
,,
,,
,,
,,
,,
,,
,,
,,
,,
,,
,,
,,
,,
,,
,,
,,
,,
,,
,,
,,
,,
,,
,,
,,
,,
,,
,,
,,
,,
,,
,,
,,
,,
,,
,,
,,
,,
,,
,,
,,
,,
,,
,,
,,
,,
,,
,,
,,
,,
,,
,,
,,
,,
,,
,,
,,
,,
,,
,,
,,
,,
,,
,,
,,
,,
,,
,,
,,
,,
,,
,,
,,
,,
,,
,,
,,
,,
,,
,,
,,
,,
,,
,,
,,
,,
,,
,,
,,
,,
,,
,,
,,
,,
,,
,,
,,
,,
,,
,,
,,
,,
,,
,,
,,
,,
,,
,,
,,
,,
,,
,,
,,
,,
,,
,,
,,
,,
,,
,,
,,
,,
,,
,,
,,
,,
,,
,,
,,
,,
,,
,,
,,
,,
,,
,,
,,
,,
,,
,,
,,
,,
,,
,,
,,
,,
,,
,,
,,
,,
,,
,,
,,
,,
,,
,,
,,
,,
,,
,,
,,
,,
,,
,,
,,
,,
,,
,,
,,
,,
,,
,,
,,
,,
,,
,,
� Crown Copyright 2015,,
