Position,Name,Number of babies
1,David,1785
2,Christopher,1369
3,Andrew,1187
4,John,1153
5,James,1090
6,Craig,956
7,Steven,949
8,Paul,898
9,Michael,840
10,Mark,817
11,Scott,777
12,Robert,688
13,Stuart,669
14,Kevin,616
15,William,613
16,Stephen,576
17,Gary,572
18,Alan,514
19,Ross,509
20,Richard,461
21,Thomas,403
22,Neil,402
23,Colin,396
24,Martin,393
25,Ryan,381
26,Graeme,347
27,Peter,345
28,Jamie,341
29,Iain,317
30,Darren,314
31,Gordon,303
32,Ian,291
33,Graham,289
34,Brian,287
35,Daniel,278
36,Alexander,276
37,Sean,263
38,Matthew,249
39,Barry,248
40,Allan,226
41,Kenneth,221
42,Lee,220
43,Derek,214
44,Jonathan,207
45,Gavin,204
46,Joseph,190
47=,Adam,185
47=,Stewart,185
49,Fraser,183
50,George,168
51,Grant,153
52,Nicholas,152
53,Anthony,149
54,Douglas,147
55,Simon,132
56,Marc,128
57=,Alistair,127
57=,Liam,127
59,Keith,125
60,Philip,108
61,Shaun,106
62,Garry,105
63=,Edward,104
63=,Greg,104
65,Euan,102
66,Alastair,100
67,Alasdair,99
68,Callum,96
69,Patrick,94
70=,Calum,93
70=,Duncan,93
70=,Jason,93
73,Bryan,89
74,Raymond,86
75,Charles,85
76=,Donald,82
76=,Ewan,82
78,Russell,80
79,Lewis,77
80,Cameron,72
81,Dean,71
82,Benjamin,67
83=,Gareth,60
83=,Malcolm,60
85,Samuel,58
86,Niall,56
87,Gerard,55
88=,Aaron,54
88=,Greig,54
90=,Ben,50
90=,Martyn,50
92=,Bruce,49
92=,Jordan,49
94,Kieran,48
95,Francis,47
96,Wayne,46
97,Kris,45
98=,Mohammed,44
98=,Murray,44
98=,Rory,44
101,Gregor,42
102=,Dale,40
102=,Kristopher,40
102=,Ronald,40
105,Jon,38
106,Kyle,37
107,Hugh,35
108=,Angus,32
108=,Antony,32
108=,Robin,32
111=,Adrian,30
111=,Mohammad,30
113=,Blair,29
113=,Timothy,29
115=,Frank,28
115=,Roderick,28
117,Kristofer,27
118=,Dominic,26
118=,Luke,26
120,Oliver,25
121=,Gerald,23
121=,Henry,23
123,Gregory,22
124=,Mathew,21
124=,Roy,21
126=,Campbell,19
126=,Hamish,19
126=,Jay,19
126=,Tony,19
126=,Vincent,19
131=,Barrie,18
131=,Drew,18
131=,Frazer,18
131=,Kristoffer,18
131=,Nathan,18
136=,Alisdair,17
136=,Eric,17
136=,Justin,17
136=,Nikki,17
136=,Robbie,17
136=,Sandy,17
136=,Terence,17
136=,Terry,17
144=,Brendan,16
144=,Daryl,16
144=,Jack,16
144=,Ralph,16
148=,Ewen,15
148=,Finlay,15
148=,Omar,15
148=,Owen,15
152=,Leigh,14
152=,Leslie,14
152=,Louis,14
155=,Gregg,13
155=,Jeffrey,13
155=,Nicky,13
155=,Norman,13
155=,Phillip,13
160=,Ashley,12
160=,Darryl,12
160=,Harry,12
160=,Karl,12
160=,Laurence,12
160=,Neal,12
160=,Ricky,12
160=,Roger,12
168=,Danny,11
168=,Evan,11
168=,Lawrence,11
168=,Lindsay,11
168=,Neill,11
168=,Stefan,11
174=,Ali,10
174=,Billy,10
174=,Elliot,10
174=,Fergus,10
174=,Frederick,10
174=,Glen,10
174=,Johnathan,10
174=,Joshua,10
174=,Keir,10
174=,Leon,10
174=,Neale,10
174=,Ritchie,10
174=,Shane,10
187=,Abdul,9
187=,Aidan,9
187=,Derrick,9
187=,Glenn,9
187=,Rikki,9
187=,Ruaridh,9
187=,Tom,9
187=,Wai,9
195=,Austin,8
195=,Bernard,8
195=,Brett,8
195=,Clark,8
195=,Darran,8
195=,Dennis,8
195=,Imran,8
195=,Jeremy,8
195=,Sam,8
195=,Trevor,8
205=,Alister,7
205=,Arron,7
205=,Forbes,7
205=,Geoffrey,7
205=,Guy,7
205=,Kerr,7
205=,Kirk,7
205=,Lloyd,7
205=,Magnus,7
205=,Shawn,7
215=,Alex,6
215=,Allen,6
215=,Arthur,6
215=,Benedict,6
215=,Bradley,6
215=,Byron,6
215=,Carl,6
215=,Chris,6
215=,Christian,6
215=,Ciaran,6
215=,Dylan,6
215=,Edwin,6
215=,Innes,6
215=,Jonathon,6
215=,Kelvin,6
215=,Marco,6
215=,Marcus,6
215=,Mitchell,6
215=,Struan,6
215=,Syed,6
235=,Adeel,5
235=,Alec,5
235=,Antonio,5
235=,Archibald,5
235=,Atif,5
235=,Bobby,5
235=,Chi,5
235=,Clive,5
235=,Damian,5
235=,Desmond,5
235=,Elliott,5
235=,Jackson,5
235=,Julian,5
235=,Kashif,5
235=,Kieren,5
235=,Kwok,5
235=,Lawrie,5
235=,Leonard,5
235=,Morgan,5
235=,Murdo,5
235=,Ramsay,5
235=,Richie,5
235=,Ruairidh,5
235=,Scot,5
235=,Tariq,5
235=,Victor,5
235=,Walter,5
235=,Warren,5
263=,Ahmad,4
263=,Alain,4
263=,Allister,4
263=,Amar,4
263=,Arran,4
263=,Asif,4
263=,Bryce,4
263=,Cailean,4
263=,Caleb,4
263=,Clifford,4
263=,Declan,4
263=,Denis,4
263=,Don,4
263=,Eoin,4
263=,Gerrard,4
263=,Ivor,4
263=,Jake,4
263=,Jared,4
263=,Joe,4
263=,Joel,4
263=,Josh,4
263=,Keiron,4
263=,Kenny,4
263=,Kevan,4
263=,Lachlan,4
263=,Laurie,4
263=,Leo,4
263=,Lorne,4
263=,Maurice,4
263=,Mohamed,4
263=,Muhammad,4
263=,Naveed,4
263=,Nicolas,4
263=,Roland,4
263=,Ronan,4
263=,Ronnie,4
263=,Ruari,4
263=,Sebastian,4
263=,Stanley,4
263=,Tahir,4
263=,Wesley,4
263=,Zahid,4
305=,Abdullah,3
305=,Adnan,3
305=,Alyn,3
305=,Amir,3
305=,Asad,3
305=,Asim,3
305=,Bilal,3
305=,Brad,3
305=,Calvin,3
305=,Carlos,3
305=,Chun,3
305=,Conor,3
305=,Crawford,3
305=,Daley,3
305=,Dane,3
305=,Darrel,3
305=,Darrell,3
305=,Dwayne,3
305=,Errol,3
305=,Fabio,3
305=,Faisal,3
305=,Felix,3
305=,Gilbert,3
305=,Grahame,3
305=,Isaac,3
305=,Jade,3
305=,Jagdeep,3
305=,Jody,3
305=,Kai,3
305=,Kieron,3
305=,Kurt,3
305=,Man,3
305=,Manpreet,3
305=,Marvin,3
305=,Marwan,3
305=,Max,3
305=,Maxwell,3
305=,Myles,3
305=,Nabeel,3
305=,Nick,3
305=,Nicki,3
305=,Nickolas,3
305=,Nicol,3
305=,Niki,3
305=,Ranald,3
305=,Roddy,3
305=,Rowan,3
305=,Sinclair,3
305=,Sonny,3
305=,Stevan,3
305=,Steve,3
305=,Stevie,3
305=,Tomas,3
305=,Tristan,3
305=,Usman,3
305=,Zachary,3
361=,Aarron,2
361=,Afzal,2
361=,Ahad,2
361=,Ahmed,2
361=,Aiden,2
361=,Albert,2
361=,Alun,2
361=,Alvin,2
361=,Anas,2
361=,Andre,2
361=,Andy,2
361=,Anil,2
361=,Antoni,2
361=,Aran,2
361=,Archie,2
361=,Awais,2
361=,Ayman,2
361=,Blake,2
361=,Brent,2
361=,Bryn,2
361=,Carlo,2
361=,Casey,2
361=,Claudio,2
361=,Clement,2
361=,Conan,2
361=,Cornelius,2
361=,Cory,2
361=,Creag,2
361=,Damien,2
361=,Daren,2
361=,Davinder,2
361=,Dayle,2
361=,Del,2
361=,Duane,2
361=,Eamonn,2
361=,Edmund,2
361=,Erich,2
361=,Erik,2
361=,Erland,2
361=,Erlend,2
361=,Ferhan,2
361=,Findlay,2
361=,Francesco,2
361=,Garrick,2
361=,Garrie,2
361=,Georgios,2
361=,Gianni,2
361=,Giovanni,2
361=,Gurmeet,2
361=,Gurnam,2
361=,Harris,2
361=,Hassan,2
361=,Hector,2
361=,Hok,2
361=,Howard,2
361=,Ibrahim,2
361=,Irfan,2
361=,Irvine,2
361=,Ivan,2
361=,Jackie,2
361=,Jacob,2
361=,Jai,2
361=,Jaimie,2
361=,Jan,2
361=,Javed,2
361=,Jed,2
361=,Jeff,2
361=,Jeremiah,2
361=,Johann,2
361=,John-Paul,2
361=,Johnathon,2
361=,Johnny,2
361=,Ka,2
361=,Kam,2
361=,Kane,2
361=,Keiran,2
361=,Kennedy,2
361=,Kern,2
361=,Khaled,2
361=,Khalid,2
361=,Kiel,2
361=,Kier,2
361=,Kiernan,2
361=,Kristofor,2
361=,Leighton,2
361=,Leroy,2
361=,Logan,2
361=,Lucian,2
361=,Manraj,2
361=,Mario,2
361=,Mathieu,2
361=,Moray,2
361=,Morris,2
361=,Mujahid,2
361=,Nadeem,2
361=,Paolo,2
361=,Philippe,2
361=,Ravi,2
361=,Ravinder,2
361=,Razwan,2
361=,Reuben,2
361=,Rhory,2
361=,Rhys,2
361=,Rizwan,2
361=,Rodger,2
361=,Rognvald,2
361=,Rohan,2
361=,Romano,2
361=,Ruaidhri,2
361=,Ruaraidh,2
361=,Rudi,2
361=,Sahail,2
361=,Sajid,2
361=,Samir,2
361=,Santino,2
361=,Sharaz,2
361=,Sian,2
361=,Simone,2
361=,Solomon,2
361=,Stefano,2
361=,Stephan,2
361=,Todd,2
361=,Tommy,2
361=,Travis,2
361=,Usmaan,2
361=,Vijay,2
361=,Vishal,2
361=,Walker,2
361=,Waseem,2
361=,Wasim,2
361=,Westley,2
361=,Yu,2
361=,Zak,2
361=,Zeshan,2
361=,Zoheb,2
496=,Aadil,1
496=,Aamer,1
496=,Aaryn,1
496=,Ab'oyi,1
496=,Abas,1
496=,Abbas,1
496=,Abdol-Rahman,1
496=,Abdul-Hamid,1
496=,Abdull,1
496=,Abdulla,1
496=,Abdulwahab,1
496=,Abe,1
496=,Abid,1
496=,Abrahim,1
496=,Abubakar,1
496=,Adal,1
496=,Adesola,1
496=,Adewunmi,1
496=,Adeyemi,1
496=,Adlai,1
496=,Adolphus,1
496=,Adriano,1
496=,Adriell,1
496=,Adrien,1
496=,Aftab,1
496=,Afzaal,1
496=,Agha,1
496=,Ahmar,1
496=,Ahsim,1
496=,Aidanedward,1
496=,Ainslie,1
496=,Ajay,1
496=,Alastair-Mark,1
496=,Alaster,1
496=,Alexandre,1
496=,Alexsander,1
496=,Alfred,1
496=,Alick,1
496=,Alla,1
496=,Allam,1
496=,Allanwilliam,1
496=,Allistair,1
496=,Allun,1
496=,Allyn,1
496=,Alon,1
496=,Alvarez,1
496=,Alwyn,1
496=,Amandeep,1
496=,Amarnath,1
496=,Amer,1
496=,Amerjeet,1
496=,Amit,1
496=,Amith,1
496=,Amran,1
496=,Amrit,1
496=,Amritpal,1
496=,Anastasios,1
496=,Anders,1
496=,Anderson,1
496=,Andrea,1
496=,Andreas,1
496=,Aneel,1
496=,Aneeq,1
496=,Aneurin,1
496=,Angad,1
496=,Anill,1
496=,Anwar,1
496=,Apostolos,1
496=,Aqeel,1
496=,Arash,1
496=,Arawn,1
496=,Aref,1
496=,Arfan,1
496=,Argha,1
496=,Aric,1
496=,Arjan,1
496=,Arnab,1
496=,Aron,1
496=,Arpan,1
496=,Arsalaan,1
496=,Arsalan,1
496=,Arsham,1
496=,Arvid,1
496=,Asa,1
496=,Asbhan,1
496=,Ashfaq,1
496=,Ashish,1
496=,Ashleigh,1
496=,Ashok,1
496=,Ashutosh,1
496=,Ashwin,1
496=,Ashwini,1
496=,Asimqadeer,1
496=,Astro,1
496=,Asum,1
496=,Ataif,1
496=,Atholl,1
496=,Atta-Ul,1
496=,Aubrey,1
496=,Aurfaan,1
496=,Austen,1
496=,Avik,1
496=,Awangku,1
496=,Ayi,1
496=,Aymen,1
496=,Azam,1
496=,Azar,1
496=,Azhar,1
496=,Azmat,1
496=,Azmier,1
496=,Baheed,1
496=,Baljinder,1
496=,Baqar,1
496=,Baqir,1
496=,Barclay,1
496=,Barry-John,1
496=,Barrys,1
496=,Bazam,1
496=,Benjamine,1
496=,Benjiman,1
496=,Benn,1
496=,Bennett,1
496=,Bharat,1
496=,Bilaluddin,1
496=,Billal,1
496=,Bishar,1
496=,Bizhan,1
496=,Blaik,1
496=,Blane,1
496=,Blyth,1
496=,Bobbie,1
496=,Boyd,1
496=,Brandon,1
496=,Bremner,1
496=,Brenden,1
496=,Brendon,1
496=,Brien,1
496=,Brodie,1
496=,Brrak,1
496=,Brunon,1
496=,Brydon,1
496=,Cain,1
496=,Cair,1
496=,Callan,1
496=,Camile,1
496=,Camilo,1
496=,Carmine,1
496=,Carnegie,1
496=,Carrick,1
496=,Cathal,1
496=,Cerdic,1
496=,Ceri,1
496=,Chance,1
496=,Chaudhry,1
496=,Che,1
496=,Chelsay,1
496=,Chene,1
496=,Chense,1
496=,Christiaan,1
496=,Christine,1
496=,Christofer,1
496=,Christoph,1
496=,Christopher-Gor,1
496=,Christopheros,1
496=,Chukwudi,1
496=,Chukwuemeka,1
496=,Chukwuma,1
496=,Chung,1
496=,Clarke,1
496=,Clint,1
496=,Clinton,1
496=,Cole,1
496=,Coll,1
496=,Colm,1
496=,Colt,1
496=,Connel,1
496=,Connor,1
496=,Conon,1
496=,Conrad,1
496=,Corey,1
496=,Corrie,1
496=,Corry,1
496=,Costas,1
496=,Craeg,1
496=,Creon,1
496=,Cumming,1
496=,Cuong,1
496=,Daanish,1
496=,Daljit,1
496=,Daman,1
496=,Damilola,1
496=,Damion,1
496=,Damon,1
496=,Dariush,1
496=,Darrach,1
496=,Darren-Jon,1
496=,Darron,1
496=,Daryle,1
496=,Daud,1
496=,Daved,1
496=,Davis,1
496=,Dawoud,1
496=,Deane,1
496=,Debmalya,1
496=,Dee,1
496=,Dene,1
496=,Deni,1
496=,Denny,1
496=,Denver,1
496=,Deric,1
496=,Derick,1
496=,Dermott,1
496=,Devinder,1
496=,Devins,1
496=,Dewar,1
496=,Dexter,1
496=,Dhugal,1
496=,Diari,1
496=,Diarmid,1
496=,Diego,1
496=,Dilip,1
496=,Dimitri,1
496=,Dimitrios,1
496=,Dines,1
496=,Dino,1
496=,Dion,1
496=,Dip,1
496=,Domenico,1
496=,Dominick,1
496=,Donnchadh,1
496=,Dooley,1
496=,Dougal,1
496=,Dugald,1
496=,Dugan,1
496=,Dustin,1
496=,Dyean,1
496=,Dyllin,1
496=,Eamon,1
496=,Eddy,1
496=,Edouard,1
496=,Eildon,1
496=,Eiran,1
496=,Elad,1
496=,Ellan,1
496=,Elwood,1
496=,Elyot,1
496=,Emil,1
496=,Emilio,1
496=,Emlyn,1
496=,Emmanuel,1
496=,Emslie,1
496=,Eneas,1
496=,Enos,1
496=,Enrico,1
496=,Eogan,1
496=,Eoghain,1
496=,Eoghan,1
496=,Eoghann,1
496=,Ercole,1
496=,Eryk,1
496=,Etsham,1
496=,Eugene,1
496=,Eugenio,1
496=,Eyman,1
496=,Ezanee,1
496=,Ezekiel,1
496=,Ezriel,1
496=,Fahed,1
496=,Fahid,1
496=,Fairuz,1
496=,Fareed,1
496=,Farhan,1
496=,Faris,1
496=,Farooq,1
496=,Fearghas,1
496=,Federico,1
496=,Fiachra,1
496=,Fingal,1
496=,Finley,1
496=,Fintan,1
496=,Fionn,1
496=,Fionnlagh,1
496=,Firhaan,1
496=,Fivos,1
496=,Francois,1
496=,Frederique,1
496=,Fu,1
496=,Ga,1
496=,Gabhin,1
496=,Gabriel,1
496=,Gamiel,1
496=,Garath,1
496=,Garey,1
496=,Garion,1
496=,Garreth,1
496=,Garth,1
496=,Garylee,1
496=,Geoff,1
496=,Geraint,1
496=,Gerarde,1
496=,Germano,1
496=,Gerome,1
496=,Gerry,1
496=,Giacomo,1
496=,Gian,1
496=,Giancarlo,1
496=,Gianfranco,1
496=,Giannino,1
496=,Gianpaolo,1
496=,Gibran,1
496=,Gideon,1
496=,Gilleasbuig,1
496=,Gillen,1
496=,Gillian,1
496=,Gillies,1
496=,Gillon,1
496=,Giuseppe,1
496=,Glyn,1
496=,Glynn,1
496=,Grierson,1
496=,Guerino,1
496=,Gul,1
496=,Gulveer,1
496=,Gurarjan,1
496=,Gurbagh,1
496=,Gurdeep,1
496=,Gurmail,1
496=,Gurmak,1
496=,Gursharon,1
496=,Gurumrite,1
496=,Gurwinder,1
496=,Gwilym,1
496=,Haafiz,1
496=,Halde,1
496=,Hamad,1
496=,Hamazasp,1
496=,Hamzah,1
496=,Hani,1
496=,Hanif,1
496=,Hari,1
496=,Haris,1
496=,Harith,1
496=,Haroon,1
496=,Harpal,1
496=,Harreet,1
496=,Harvey,1
496=,Hasan,1
496=,Haukur,1
496=,Hayder,1
496=,Helen,1
496=,Henry-Stewart,1
496=,Hisakazu,1
496=,Ho,1
496=,Hon,1
496=,Hong,1
496=,Hood,1
496=,Hosain,1
496=,Hubert,1
496=,Hugo,1
496=,Hussaib,1
496=,Hussain,1
496=,Huw,1
496=,Ideon,1
496=,Idiris,1
496=,Idnaan,1
496=,Idrees,1
496=,Ieuan,1
496=,Ihtisham,1
496=,Ihtriam,1
496=,Ikraj,1
496=,Illyus,1
496=,Ilyas,1
496=,Imtiaz,1
496=,Inderjit,1
496=,Indrajit,1
496=,Innis,1
496=,Ion,1
496=,Iqbal,1
496=,Israr,1
496=,Izzden,1
496=,Jace,1
496=,Jaemie,1
496=,Jagtar,1
496=,Jaime,1
496=,Jakobfinn,1
496=,Jalal,1
496=,Jamal,1
496=,Jamaluddin,1
496=,Jamieson,1
496=,Jamison,1
496=,Jannik,1
496=,Jas,1
496=,Jasbir,1
496=,Jaskaran,1
496=,Jasmair,1
496=,Jaspal,1
496=,Javaad,1
496=,Javeed,1
496=,Javwaad,1
496=,Jawad,1
496=,Jaykumar,1
496=,Jayson,1
496=,Jens,1
496=,Jerry,1
496=,Jesse,1
496=,Jetender,1
496=,Jethro,1
496=,Jhoney,1
496=,Jill,1
496=,Jimmy,1
496=,Joban,1
496=,Jodie,1
496=,John-Christophe,1
496=,John-Peter,1
496=,John-Ross,1
496=,Johnandrew,1
496=,Johnnie,1
496=,Jonah,1
496=,Jonathen,1
496=,Jonross,1
496=,Jordon,1
496=,Jozef,1
496=,Jude,1
496=,Jugdeep,1
496=,Jujar,1
496=,Julius,1
496=,Jun,1
496=,Junaid,1
496=,Jurgen,1
496=,Justin-Beau,1
496=,Juvan,1
496=,Kaan,1
496=,Kahlid,1
496=,Kalvin,1
496=,Kameran,1
496=,Kantenda,1
496=,Karim,1
496=,Kaz,1
496=,Kelvyn,1
496=,Kenvyn,1
496=,Kenzie,1
496=,Kerrian,1
496=,Kerron,1
496=,Kevin-Anthony,1
496=,Khai,1
496=,Khaleel,1
496=,Khalifa,1
496=,Khalil,1
496=,Kham,1
496=,Khushaal,1
496=,Kian,1
496=,Kidnue,1
496=,Kieran-Xavier,1
496=,Kierean,1
496=,Kiernen,1
496=,Kim,1
496=,Kin,1
496=,Kirtonraj,1
496=,Kofi,1
496=,Kok,1
496=,Konrad,1
496=,Kriss,1
496=,Kristiaan,1
496=,Kristian,1
496=,Krysto,1
496=,Kulvinder,1
496=,Kunal,1
496=,Kurtis,1
496=,Kwabena,1
496=,Kyran,1
496=,Lae,1
496=,Lai-Tim,1
496=,Laith,1
496=,Layth,1
496=,Lea,1
496=,Lee-Stuart,1
496=,Leif,1
496=,Leith,1
496=,Leopold,1
496=,Leslie-Wills,1
496=,Lindsey,1
496=,Lionel,1
496=,Lliam,1
496=,Lockland,1
496=,Lorenzo,1
496=,Lori,1
496=,Lorna,1
496=,Lotfi,1
496=,Louie,1
496=,Lucas,1
496=,Luciano,1
496=,Lucky,1
496=,Luqmaan,1
496=,Lyall,1
496=,Lyndon,1
496=,Madeleine,1
496=,Magdie,1
496=,Magid,1
496=,Mahdi,1
496=,Mahesh,1
496=,Maitland,1
496=,Manhel,1
496=,Manjinder,1
496=,Manmohan,1
496=,Mansoor,1
496=,Mansour,1
496=,Maqsood,1
496=,Marcos,1
496=,Marec,1
496=,Marie,1
496=,Mark-Anthony,1
496=,Mark-James,1
496=,Marshall,1
496=,Martain,1
496=,Masood,1
496=,Mathu,1
496=,Matthew-Andrew,1
496=,Matthew-John,1
496=,Matthias,1
496=,Mazin,1
496=,Mcgregor,1
496=,Melville,1
496=,Melvin,1
496=,Merlin,1
496=,Michal,1
496=,Micheal,1
496=,Michel,1
496=,Mihael,1
496=,Miller,1
496=,Milo,1
496=,Mirza,1
496=,Mo,1
496=,Mohamad,1
496=,Mohannad,1
496=,Mohd,1
496=,Mohsin,1
496=,Monar,1
496=,Morad,1
496=,Morton,1
496=,Motiur,1
496=,Mudassak,1
496=,Muhizi,1
496=,Muir,1
496=,Mujeeb,1
496=,Munroop,1
496=,Munzar,1
496=,Murad,1
496=,Murat,1
496=,Murdoch,1
496=,Murrie,1
496=,Musibau,1
496=,Mustafa,1
496=,Mutaz,1
496=,My,1
496=,Nabeil,1
496=,Nader,1
496=,Nafees,1
496=,Nairn,1
496=,Naoufal,1
496=,Naresh,1
496=,Narin,1
496=,Naseem,1
496=,Nasim,1
496=,Nassar,1
496=,Nathaniel,1
496=,Navaz,1
496=,Navdeep,1
496=,Naveen,1
496=,Nawazash,1
496=,Nazar,1
496=,Neilly,1
496=,Nial,1
496=,Nicoll,1
496=,Nigel,1
496=,Nikholas,1
496=,Nikko,1
496=,Nils,1
496=,Nisar,1
496=,Nissar,1
496=,Niteen,1
496=,Nizar,1
496=,Noel,1
496=,Nouman,1
496=,Nurul,1
496=,Nye,1
496=,Omeed,1
496=,Omer,1
496=,Omid,1
496=,Omran,1
496=,Opreet,1
496=,Orazio,1
496=,Osama,1
496=,Osmaan,1
496=,Osman,1
496=,Ottavio,1
496=,Ou,1
496=,Pak,1
496=,Pamesh,1
496=,Pang,1
496=,Paramjeet,1
496=,Pasquale,1
496=,Pat,1
496=,Paul-Ivor,1
496=,Pavan,1
496=,Pervez,1
496=,Peter-Patrick,1
496=,Pharic,1
496=,Pharvez,1
496=,Phelan,1
496=,Phineas,1
496=,Pierangelo,1
496=,Pierre,1
496=,Polyhronis,1
496=,Prinesh,1
496=,Qadir,1
496=,Qaisar,1
496=,Qashaf,1
496=,Qayyum,1
496=,Qazi,1
496=,Quintus,1
496=,R,1
496=,Raaft,1
496=,Raemond,1
496=,Rafa,1
496=,Rafie,1
496=,Ragavan,1
496=,Raheem,1
496=,Raivinder,1
496=,Raja,1
496=,Rajan,1
496=,Rajiv,1
496=,Ramdan,1
496=,Ramy,1
496=,Rana,1
496=,Rangi,1
496=,Ranjit,1
496=,Rankin,1
496=,Ranvir,1
496=,Raqif,1
496=,Rasel,1
496=,Rashid,1
496=,Rashpal,1
496=,Rauri,1
496=,Ray,1
496=,Reeve,1
496=,Rehman,1
496=,Remzi,1
496=,Rennie,1
496=,Rhodri,1
496=,Rhuari,1
496=,Rhuaridh,1
496=,Rhyan,1
496=,Riccardo,1
496=,Richardson,1
496=,Ricki,1
496=,Rikky,1
496=,Riza,1
496=,Rizvan,1
496=,Robert-Lee,1
496=,Roberto,1
496=,Rocco,1
496=,Rodric,1
496=,Rogan,1
496=,Rohit,1
496=,Roman,1
496=,Romeen,1
496=,Rorie,1
496=,Rowland,1
496=,Royce,1
496=,Ruairiadh,1
496=,Ruan,1
496=,Rudolf,1
496=,Rupert,1
496=,Saad,1
496=,Saahil,1
496=,Sacha,1
496=,Sahd,1
496=,Sahil,1
496=,Sahim,1
496=,Saiad,1
496=,Said,1
496=,Saidi,1
496=,Sajiad,1
496=,Sajjid,1
496=,Sakib,1
496=,Salim,1
496=,Salman,1
496=,Samer,1
496=,Sami,1
496=,Samim,1
496=,Samm,1
496=,Sandesh,1
496=,Sandro,1
496=,Saqib,1
496=,Sarah,1
496=,Sardar,1
496=,Satnam,1
496=,Satvinder,1
496=,Saul,1
496=,Saven,1
496=,Sayed,1
496=,Seamus,1
496=,See,1
496=,Sergio,1
496=,Seth,1
496=,Shaan,1
496=,Shabaz,1
496=,Shabbir,1
496=,Shabir,1
496=,Shahab,1
496=,Shahbaz,1
496=,Shahid,1
496=,Shahin,1
496=,Shahjahan,1
496=,Shahzad,1
496=,Shakti,1
496=,Shamsul,1
496=,Shao,1
496=,Sharif,1
496=,Sharon,1
496=,Shazad-Ur,1
496=,Shekil,1
496=,Sheraz,1
496=,Shezad,1
496=,Shiar,1
496=,Shiraz,1
496=,Shoaib,1
496=,Showiab,1
496=,Shue,1
496=,Shuhab,1
496=,Sigfrid,1
496=,Sijad,1
496=,Silas,1
496=,Simon-Peter,1
496=,Simritjiv,1
496=,Sirfraz,1
496=,Sohaib,1
496=,Soloman,1
496=,Solvi,1
496=,Somava,1
496=,Somhairle,1
496=,Stein,1
496=,Subhashis,1
496=,Suchnaam,1
496=,Sudhir,1
496=,Sukh,1
496=,Sukhdeep,1
496=,Sukhjinder,1
496=,Suleman,1
496=,Suneil,1
496=,Surena,1
496=,Surjit,1
496=,Surya,1
496=,Sutherland,1
496=,Sven,1
496=,Swein,1
496=,Syahiduddin,1
496=,Syam,1
496=,Syd,1
496=,Sydney,1
496=,Symond,1
496=,Taif,1
496=,Takeshi,1
496=,Talha,1
496=,Tamer,1
496=,Tamim,1
496=,Tamlin,1
496=,Tanvir,1
496=,Tarek,1
496=,Tarig,1
496=,Tarik,1
496=,Taryn,1
496=,Taurean,1
496=,Tauseef,1
496=,Taylor,1
496=,Terrance,1
496=,Thierry,1
496=,Tiong,1
496=,Tobias,1
496=,Toby,1
496=,Tomaz,1
496=,Tomie,1
496=,Tor,1
496=,Torquil,1
496=,Trchin,1
496=,Tristen,1
496=,Tristin,1
496=,Tristram,1
496=,Troy,1
496=,Truan,1
496=,Trystan,1
496=,Tushar,1
496=,Uilleam,1
496=,Unati,1
496=,Uqbah,1
496=,Uriel,1
496=,Uzoma,1
496=,Vajahat,1
496=,Varinder,1
496=,Varyck,1
496=,Vaseem,1
496=,Vasilios,1
496=,Vasos,1
496=,Vasudevan,1
496=,Vaughn,1
496=,Veikko,1
496=,Vernon,1
496=,Vidhan,1
496=,Vidhath,1
496=,Viesturs,1
496=,Viney,1
496=,Vishnu,1
496=,Wade,1
496=,Waheed,1
496=,Wahidur,1
496=,Wai-Lim,1
496=,Walieed,1
496=,Wallace,1
496=,Wan,1
496=,Waqass,1
496=,Wheeler,1
496=,Willie,1
496=,Wiston,1
496=,Wolanyo,1
496=,Wylie,1
496=,Yaseen,1
496=,Yasha,1
496=,Yasser,1
496=,Yen,1
496=,Yiu,1
496=,Younis,1
496=,Yousif,1
496=,Yousuf,1
496=,Yugi,1
496=,Yuri,1
496=,Zaid,1
496=,Zaki,1
496=,Zander,1
496=,Zeeshan,1
496=,Zeyad,1
496=,Zieshan,1
496=,Zubair,1
,,
,,
,,
,,
,,
,,
,,
,,
,,
,,
,,
,,
,,
,,
,,
,,
,,
,,
,,
,,
,,
,,
,,
,,
,,
,,
,,
,,
,,
,,
,,
,,
,,
,,
,,
,,
,,
,,
,,
,,
,,
,,
,,
,,
,,
,,
,,
,,
,,
,,
,,
,,
,,
,,
,,
,,
,,
,,
,,
,,
,,
,,
,,
,,
,,
,,
,,
,,
,,
,,
,,
,,
,,
,,
,,
,,
,,
,,
,,
,,
,,
,,
,,
,,
,,
,,
,,
,,
,,
,,
,,
,,
,,
,,
,,
,,
,,
,,
,,
,,
,,
,,
,,
,,
,,
,,
,,
,,
,,
,,
,,
,,
,,
,,
,,
,,
,,
,,
,,
,,
,,
,,
,,
,,
,,
,,
,,
,,
,,
,,
,,
,,
,,
,,
,,
,,
,,
,,
,,
,,
,,
,,
,,
,,
,,
,,
,,
,,
,,
,,
,,
,,
,,
,,
,,
,,
,,
,,
,,
,,
,,
,,
,,
,,
,,
,,
,,
,,
,,
,,
,,
,,
,,
,,
,,
,,
,,
,,
,,
,,
,,
,,
,,
,,
,,
,,
,,
,,
,,
,,
,,
,,
,,
,,
,,
,,
,,
,,
,,
,,
,,
,,
,,
,,
,,
,,
,,
,,
,,
,,
,,
,,
,,
,,
,,
,,
,,
,,
,,
,,
,,
,,
,,
,,
,,
,,
,,
,,
,,
,,
,,
,,
,,
,,
,,
,,
,,
,,
,,
,,
,,
,,
,,
,,
,,
,,
,,
,,
,,
,,
,,
,,
,,
,,
,,
,,
,,
,,
,,
,,
,,
,,
,,
,,
,,
,,
,,
,,
,,
,,
,,
,,
,,
,,
,,
,,
,,
,,
,,
,,
,,
,,
,,
,,
,,
,,
,,
,,
,,
,,
,,
,,
,,
,,
,,
,,
,,
,,
,,
,,
,,
,,
,,
,,
,,
,,
,,
,,
,,
,,
,,
,,
,,
,,
,,
,,
,,
,,
,,
,,
,,
,,
,,
,,
,,
,,
,,
,,
,,
,,
,,
,,
,,
,,
,,
,,
,,
,,
,,
,,
,,
,,
,,
,,
,,
,,
,,
,,
,,
,,
,,
,,
,,
,,
,,
,,
,,
,,
,,
,,
,,
,,
,,
,,
,,
,,
,,
,,
,,
,,
,,
,,
,,
,,
,,
,,
,,
,,
,,
,,
,,
,,
,,
,,
,,
,,
,,
,,
,,
,,
,,
,,
,,
,,
,,
,,
,,
,,
,,
,,
,,
,,
,,
,,
,,
,,
,,
,,
,,
,,
,,
,,
,,
,,
,,
,,
,,
,,
,,
,,
,,
,,
,,
,,
,,
,,
,,
,,
,,
,,
,,
,,
,,
,,
,,
,,
,,
,,
,,
,,
,,
,,
,,
,,
,,
,,
,,
,,
,,
,,
,,
,,
,,
,,
,,
,,
,,
,,
,,
,,
,,
,,
,,
,,
,,
,,
,,
,,
,,
,,
,,
,,
,,
,,
,,
,,
,,
,,
,,
,,
,,
,,
,,
,,
,,
,,
,,
,,
,,
,,
,,
,,
,,
,,
,,
,,
,,
,,
,,
,,
,,
,,
,,
,,
,,
,,
,,
,,
,,
,,
,,
,,
,,
,,
,,
,,
,,
,,
,,
,,
,,
,,
,,
,,
,,
,,
,,
,,
,,
,,
,,
,,
,,
,,
,,
,,
,,
,,
,,
,,
,,
,,
,,
,,
,,
,,
,,
,,
,,
,,
,,
,,
,,
,,
,,
,,
,,
,,
,,
,,
,,
,,
,,
,,
,,
,,
,,
,,
,,
,,
,,
,,
,,
,,
,,
,,
,,
,,
,,
,,
,,
,,
,,
,,
,,
,,
,,
,,
,,
,,
,,
,,
,,
,,
,,
,,
,,
,,
,,
,,
,,
,,
,,
,,
,,
,,
,,
,,
,,
,,
,,
,,
,,
,,
,,
,,
,,
,,
,,
,,
,,
,,
,,
,,
,,
,,
,,
,,
,,
,,
,,
,,
,,
,,
,,
,,
,,
,,
,,
,,
,,
,,
,,
,,
,,
,,
,,
,,
,,
,,
,,
,,
,,
,,
,,
,,
,,
,,
,,
,,
,,
,,
,,
,,
,,
,,
,,
,,
,,
,,
,,
,,
,,
,,
,,
,,
,,
,,
,,
,,
,,
,,
,,
,,
,,
,,
,,
,,
,,
,,
,,
,,
,,
,,
,,
,,
,,
,,
,,
,,
,,
,,
,,
,,
,,
,,
,,
,,
,,
,,
,,
,,
,,
,,
,,
,,
,,
,,
,,
,,
,,
,,
,,
,,
,,
,,
,,
,,
,,
,,
,,
,,
,,
,,
,,
,,
,,
,,
,,
,,
,,
,,
,,
,,
,,
,,
,,
,,
,,
,,
,,
,,
,,
,,
,,
,,
,,
,,
,,
,,
,,
,,
,,
,,
,,
,,
,,
,,
,,
,,
,,
,,
,,
,,
,,
,,
,,
,,
,,
,,
,,
,,
,,
,,
,,
,,
,,
,,
,,
,,
,,
,,
,,
,,
,,
,,
,,
,,
,,
,,
,,
,,
,,
,,
,,
,,
,,
,,
,,
,,
,,
,,
,,
,,
,,
,,
,,
,,
,,
,,
,,
,,
,,
,,
,,
,,
,,
,,
,,
,,
,,
,,
,,
,,
,,
,,
,,
,,
,,
,,
,,
,,
,,
,,
,,
,,
,,
,,
,,
,,
,,
,,
,,
,,
,,
,,
,,
,,
,,
,,
,,
,,
,,
,,
,,
,,
,,
,,
,,
,,
,,
,,
,,
,,
,,
,,
,,
,,
,,
,,
,,
,,
,,
,,
,,
,,
,,
,,
,,
,,
,,
,,
,,
,,
,,
,,
,,
,,
,,
,,
,,
,,
,,
,,
,,
,,
,,
,,
,,
,,
,,
,,
,,
,,
,,
,,
,,
,,
,,
,,
,,
,,
,,
,,
,,
,,
,,
,,
,,
,,
,,
,,
,,
,,
,,
,,
,,
,,
,,
,,
,,
,,
,,
,,
,,
,,
,,
,,
,,
,,
,,
,,
,,
,,
,,
,,
,,
,,
,,
,,
,,
,,
,,
,,
,,
� Crown Copyright 2015,,
