Position,Name,Number of babies
1,David,1769
2,Christopher,1355
3,Andrew,1230
4,John,1188
5,James,1122
6,Steven,947
7,Craig,944
8,Paul,932
9,Michael,912
10,Mark,838
11,Scott,794
12,Robert,674
13,Stuart,662
14,Stephen,624
15,Gary,602
16,William,599
17,Kevin,547
18,Ross,516
19,Ryan,455
20,Jamie,442
21,Richard,439
22,Alan,413
23,Thomas,407
24,Darren,383
25,Martin,377
26,Colin,375
27,Graeme,366
28,Daniel,359
29,Brian,328
30,Alexander,323
31,Gordon,311
32,Peter,307
33,Iain,304
34,Sean,297
35,Ian,289
36,Matthew,259
37,Barry,258
38,Jonathan,256
39=,Graham,245
39=,Lee,245
41,Adam,234
42,Neil,232
43,Kenneth,218
44,Derek,213
45,Allan,208
46,Gavin,197
47,Stewart,190
48,Grant,187
49,Fraser,186
50,Nicholas,177
51,George,172
52,Joseph,166
53,Anthony,159
54,Douglas,156
55,Shaun,155
56,Liam,152
57,Jason,150
58=,Calum,139
58=,Marc,139
60,Callum,129
61,Greg,125
62,Duncan,122
63=,Alistair,117
63=,Philip,117
65=,Bryan,113
65=,Keith,113
67,Simon,111
68,Euan,105
69,Garry,102
70,Donald,101
71,Cameron,99
72,Edward,96
73,Ewan,95
74,Charles,93
75,Lewis,87
76,Alasdair,84
77=,Gareth,82
77=,Raymond,82
79=,Alastair,79
79=,Dean,79
79=,Patrick,79
82,Benjamin,74
83,Russell,69
84=,Kieran,60
84=,Martyn,60
86,Samuel,58
87=,Gerard,57
87=,Malcolm,57
89=,Bruce,51
89=,Greig,51
91=,Jordan,50
91=,Kyle,50
93=,Ben,48
93=,Gregor,48
95,Rory,47
96,Blair,46
97,Aaron,45
98=,Murray,44
98=,Niall,44
98=,Wayne,44
101,Dale,42
102=,Francis,41
102=,Kristopher,41
102=,Mohammed,41
105,Ronald,39
106=,Angus,37
106=,Jack,37
106=,Robin,37
109=,Daryl,36
109=,Kris,36
111,Timothy,35
112,Jon,32
113=,Gregory,30
113=,Hugh,30
115=,Dominic,29
115=,Roy,29
117,Luke,28
118,Mohammad,27
119=,Adrian,26
119=,Brendan,26
121,Eric,25
122=,Antony,24
122=,Owen,24
122=,Tony,24
125,Robbie,23
126,Sam,22
127=,Billy,21
127=,Frazer,21
127=,Gerald,21
127=,Ricky,21
131=,Damien,20
131=,Frank,20
131=,Henry,20
131=,Nicky,20
135=,Harry,19
135=,Nathan,19
137=,Barrie,18
137=,Justin,18
137=,Leigh,18
140=,Campbell,17
140=,Fergus,17
140=,Lawrence,17
143=,Alister,16
143=,Danny,16
143=,Kristofer,16
143=,Oliver,16
143=,Omar,16
143=,Shane,16
143=,Terence,16
143=,Terry,16
143=,Tom,16
143=,Vincent,16
153=,Hamish,15
153=,Mathew,15
153=,Ruaridh,15
156=,Finlay,14
156=,Guy,14
156=,Joshua,14
156=,Kirk,14
156=,Leonard,14
156=,Neal,14
156=,Roderick,14
156=,Stefan,14
164=,Chris,13
164=,Marco,13
164=,Sandy,13
167=,Arran,12
167=,Darryl,12
167=,Drew,12
167=,Glenn,12
167=,Jeffrey,12
167=,Johnathan,12
167=,Jonathon,12
167=,Laurence,12
167=,Louis,12
167=,Marcus,12
167=,Morgan,12
167=,Murdo,12
167=,Norman,12
167=,Ruairidh,12
181,Phillip,11
182=,Alisdair,10
182=,Ciaran,10
182=,Damian,10
182=,Dylan,10
182=,Lloyd,10
182=,Muhammad,10
182=,Neale,10
182=,Trevor,10
190=,Aidan,9
190=,Ashley,9
190=,Brett,9
190=,Don,9
190=,Elliot,9
190=,Evan,9
190=,Frederick,9
190=,Glen,9
190=,Jay,9
190=,Joe,9
190=,Kristoffer,9
190=,Leon,9
190=,Mohd,9
190=,Nikki,9
190=,Roger,9
190=,Ronnie,9
190=,Struan,9
207=,Alex,8
207=,Archibald,8
207=,Arthur,8
207=,Bradley,8
207=,Bryce,8
207=,Denis,8
207=,Ewen,8
207=,Imran,8
207=,Jeff,8
207=,Jeremy,8
207=,Karl,8
207=,Laurie,8
207=,Rikki,8
207=,Steve,8
221=,Ahmad,7
221=,Ahmed,7
221=,Ali,7
221=,Asif,7
221=,Bernard,7
221=,Calvin,7
221=,Carl,7
221=,Damon,7
221=,Darran,7
221=,Leslie,7
221=,Lyle,7
221=,Mohamed,7
233=,Bobby,6
233=,Clark,6
233=,Crawford,6
233=,Dane,6
233=,Derrick,6
233=,Gilbert,6
233=,Grahame,6
233=,Jake,6
233=,Joel,6
233=,Keiran,6
233=,Kerr,6
233=,Kieron,6
233=,Lance,6
233=,Lindsay,6
233=,Lyall,6
233=,Magnus,6
233=,Nicolas,6
233=,Ralph,6
233=,Ray,6
233=,Shawn,6
253=,Alec,5
253=,Antonio,5
253=,Brydon,5
253=,Carlo,5
253=,Christian,5
253=,Conan,5
253=,Darrell,5
253=,Declan,5
253=,Dennis,5
253=,Desmond,5
253=,Eamonn,5
253=,Erik,5
253=,Erlend,5
253=,Geoffrey,5
253=,Jim,5
253=,Johnny,5
253=,Kevan,5
253=,Lachlan,5
253=,Maxwell,5
253=,Ranald,5
253=,Scot,5
253=,Wallace,5
253=,Warren,5
253=,Zahid,5
277=,Abdul,4
277=,Allen,4
277=,Alun,4
277=,Amer,4
277=,Arfan,4
277=,Asa,4
277=,Austin,4
277=,Brent,4
277=,Byron,4
277=,Chi,4
277=,Findlay,4
277=,Gregg,4
277=,Isaac,4
277=,Jan,4
277=,Jared,4
277=,John-Paul,4
277=,Julian,4
277=,Kashif,4
277=,Keir,4
277=,Kelvin,4
277=,Kenny,4
277=,Lawrie,4
277=,Mario,4
277=,Nadeem,4
277=,Neill,4
277=,Nicol,4
277=,Reuben,4
277=,Riccardo,4
277=,Sohaib,4
277=,Syed,4
277=,Tariq,4
277=,Tristan,4
277=,Tyler,4
277=,Walter,4
311=,Adnan,3
311=,Alain,3
311=,Amir,3
311=,Archie,3
311=,Asim,3
311=,Brandon,3
311=,Cal,3
311=,Charlie,3
311=,Chun,3
311=,Cornelius,3
311=,Darrin,3
311=,Darryn,3
311=,Derick,3
311=,Dougal,3
311=,Farhan,3
311=,Hassan,3
311=,Hugo,3
311=,Humza,3
311=,Innes,3
311=,Irving,3
311=,Jaime,3
311=,Ka,3
311=,Kamran,3
311=,Khalid,3
311=,Lea,3
311=,Leo,3
311=,Logan,3
311=,Maurice,3
311=,Max,3
311=,Mohamad,3
311=,Moray,3
311=,Myles,3
311=,Nathaniel,3
311=,Niki,3
311=,Nikolas,3
311=,Ramsay,3
311=,Rizwan,3
311=,Roddy,3
311=,Rodney,3
311=,Ruaraidh,3
311=,Saleem,3
311=,Sandeep,3
311=,Saqib,3
311=,Sebastian,3
311=,Sheraz,3
311=,Sohail,3
311=,Tobias,3
311=,Toby,3
311=,Tommy,3
311=,Umer,3
311=,Usman,3
311=,Victor,3
311=,Vijay,3
311=,Wesley,3
311=,Zachary,3
366=,Abdullah,2
366=,Adil,2
366=,Aftab,2
366=,Aiden,2
366=,Albert,2
366=,Alfred,2
366=,Allyn,2
366=,Alyn,2
366=,Amar,2
366=,Ammar,2
366=,Amr,2
366=,Amran,2
366=,Anoop,2
366=,Antoni,2
366=,Arron,2
366=,Arshid,2
366=,Asad,2
366=,Barnaby,2
366=,Benedict,2
366=,Blain,2
366=,Blaine,2
366=,Blaise,2
366=,Blake,2
366=,Boyd,2
366=,Bryn,2
366=,Cairn,2
366=,Cesare,2
366=,Chad,2
366=,Christie,2
366=,Clarke,2
366=,Cliff,2
366=,Clive,2
366=,Collin,2
366=,Curtis,2
366=,Daley,2
366=,Dallas,2
366=,Dario,2
366=,Darroch,2
366=,Darron,2
366=,Donnie,2
366=,Dwayne,2
366=,Eamon,2
366=,Edmund,2
366=,Edwin,2
366=,Ellis,2
366=,Faisal,2
366=,Fionn,2
366=,Frankie,2
366=,Gabriel,2
366=,Gerarde,2
366=,Giovanni,2
366=,Glyn,2
366=,Hamid,2
366=,Hamza,2
366=,Hamzah,2
366=,Harold,2
366=,Hashim,2
366=,Hendry,2
366=,Howard,2
366=,Hughie,2
366=,Humayun,2
366=,Iqbal,2
366=,Irwin,2
366=,Ismail,2
366=,Ivan,2
366=,Jacob,2
366=,Jamal,2
366=,Jaspal,2
366=,Jaswinder,2
366=,Jed,2
366=,Jody,2
366=,Josef,2
366=,Jude,2
366=,Kasam,2
366=,Keiren,2
366=,Keiron,2
366=,Kendall,2
366=,Khurrum,2
366=,Larry,2
366=,Lawson,2
366=,Leighton,2
366=,Loren,2
366=,Luca,2
366=,Lyndon,2
366=,Manus,2
366=,Marvin,2
366=,Mateusz,2
366=,Melvin,2
366=,Mitchell,2
366=,Mohsin,2
366=,Morris,2
366=,Nabeel,2
366=,Nicki,2
366=,Nico,2
366=,Nishant,2
366=,Nitin,2
366=,Noel,2
366=,Omair,2
366=,Omer,2
366=,Osman,2
366=,Padraig,2
366=,Paolo,2
366=,Pierce,2
366=,Pierre,2
366=,Qamar,2
366=,Qamer,2
366=,Qasim,2
366=,Remi,2
366=,Rene,2
366=,Ricardo,2
366=,Richie,2
366=,Richy,2
366=,Rickie,2
366=,Ritchie,2
366=,Robb,2
366=,Robby,2
366=,Ronan,2
366=,Roshan,2
366=,Rowan,2
366=,Salam,2
366=,Saleh,2
366=,Salvatore,2
366=,Sami,2
366=,Samir,2
366=,Seth,2
366=,Seumas,2
366=,Shahbaz,2
366=,Shahzad,2
366=,Sholto,2
366=,Sonny,2
366=,Stanley,2
366=,Sunil,2
366=,Tahir,2
366=,Terrence,2
366=,Todd,2
366=,Tsun,2
366=,Umair,2
366=,Umar,2
366=,Vikas,2
366=,Wahid,2
366=,Waqas,2
366=,Wilson,2
366=,Yaser,2
366=,Yousef,2
366=,Zak,2
366=,Zeshan,2
366=,Zishan,2
513=,Aamir,1
513=,Aaqil,1
513=,Aarron,1
513=,Abdul-Aziz,1
513=,Abdulaziz,1
513=,Abdulgader,1
513=,Abdulla,1
513=,Abdulmalik,1
513=,Abdur,1
513=,Abed,1
513=,Abid,1
513=,Abinash,1
513=,Abrarr,1
513=,Abu,1
513=,Abul,1
513=,Adair,1
513=,Adal,1
513=,Adebayo,1
513=,Adeeb,1
513=,Adeel,1
513=,Aden,1
513=,Adetokunbo,1
513=,Adrees,1
513=,Adriano,1
513=,Adrianus,1
513=,Adrien,1
513=,Aedriann,1
513=,Afnaan,1
513=,Afshein,1
513=,Agustinus,1
513=,Aharon,1
513=,Ahmad-Ayubi,1
513=,Ahsan,1
513=,Aikey,1
513=,Ainsley,1
513=,Aizuddeen,1
513=,Ajuoei,1
513=,Akhram,1
513=,Alaister,1
513=,Alan-Alexander,1
513=,Aldo,1
513=,Aled,1
513=,Aleem,1
513=,Alfonso,1
513=,Alix,1
513=,Alla,1
513=,Allin,1
513=,Allistair,1
513=,Alvar,1
513=,Alwyn,1
513=,Aly,1
513=,Amak,1
513=,Amandeep,1
513=,Ambrose,1
513=,Ameen,1
513=,Ami,1
513=,Amin,1
513=,Amirjit,1
513=,Anas,1
513=,Anbar-Ul-Haq,1
513=,Andoni,1
513=,Andres,1
513=,Andrew-John,1
513=,Andrie,1
513=,Aneel,1
513=,Anees,1
513=,Angelo,1
513=,Anjam,1
513=,Anmar,1
513=,Anton,1
513=,Anurag,1
513=,Anwar,1
513=,Aous,1
513=,Aran,1
513=,Arash,1
513=,Aravindel,1
513=,Arif,1
513=,Arman,1
513=,Armin,1
513=,Armon,1
513=,Arun,1
513=,Asadullah,1
513=,Asaif,1
513=,Ashfaq,1
513=,Ashish,1
513=,Ashok,1
513=,Ashraful,1
513=,Ashrif,1
513=,Asmar,1
513=,Asmat,1
513=,Aston,1
513=,Atholl,1
513=,Atif,1
513=,Auben,1
513=,Austen,1
513=,Avinash,1
513=,Avisek,1
513=,Avtar,1
513=,Awes,1
513=,Awssameh,1
513=,Ayman,1
513=,Azeem,1
513=,Azlan,1
513=,Azrain,1
513=,Babak,1
513=,Badr,1
513=,Badrul,1
513=,Balal,1
513=,Balwinder,1
513=,Bari,1
513=,Barnabas,1
513=,Barney,1
513=,Barry-Paul,1
513=,Basharat,1
513=,Beau,1
513=,Belal,1
513=,Ben-Daniel,1
513=,Ben-Michael,1
513=,Benoit,1
513=,Bernie,1
513=,Bert,1
513=,Bevan,1
513=,Bill,1
513=,Billy-Joe,1
513=,Birrell,1
513=,Bjorn,1
513=,Bobbie,1
513=,Brad,1
513=,Brady,1
513=,Brendon,1
513=,Brennen,1
513=,Bret,1
513=,Brien,1
513=,Brooke,1
513=,Bryon,1
513=,Bubaker,1
513=,Burhan,1
513=,Cain,1
513=,Calan,1
513=,Caleb,1
513=,Callan,1
513=,Calumn,1
513=,Carson,1
513=,Cash,1
513=,Cemal,1
513=,Chae,1
513=,Chalum,1
513=,Chang,1
513=,Che,1
513=,Chen,1
513=,Chidi,1
513=,Chien,1
513=,Chin,1
513=,Christophe,1
513=,Christopher-Joh,1
513=,Christopher-Ros,1
513=,Christos,1
513=,Christpher,1
513=,Claudio,1
513=,Claus,1
513=,Clement,1
513=,Clifton,1
513=,Clinton,1
513=,Coel,1
513=,Coen,1
513=,Coinneach,1
513=,Collwyn,1
513=,Colm,1
513=,Colyn,1
513=,Conal,1
513=,Connell,1
513=,Connor,1
513=,Conroy,1
513=,Constantin,1
513=,Corey,1
513=,Cornelious,1
513=,Corrie,1
513=,Cosmo,1
513=,Craigg,1
513=,Creag,1
513=,Crichton,1
513=,Cristiane,1
513=,Cristopher,1
513=,Cumberland,1
513=,Curt,1
513=,Daine,1
513=,Dalbir,1
513=,Daldip,1
513=,Damin,1
513=,Danilo,1
513=,Daran,1
513=,Daren,1
513=,Dareth,1
513=,Darian,1
513=,Dariuish,1
513=,Darm,1
513=,Darragh,1
513=,Darrel,1
513=,Daryll,1
513=,Daryn,1
513=,Davey,1
513=,Davie,1
513=,Davinder,1
513=,Dayle,1
513=,Deepak,1
513=,Dela,1
513=,Dennie,1
513=,Denny,1
513=,Dermot,1
513=,Derren,1
513=,Derry,1
513=,Deryck,1
513=,Deryk,1
513=,Deryl,1
513=,Des,1
513=,Dibeyndu,1
513=,Dieter,1
513=,Dilawar,1
513=,Dimitri,1
513=,Dio,1
513=,Dion,1
513=,Djamal,1
513=,Dominick,1
513=,Dougall,1
513=,Drummond,1
513=,Dudley,1
513=,Dugald,1
513=,Eaglesham,1
513=,Eain,1
513=,Ean,1
513=,Ebrahim,1
513=,Edan,1
513=,Eddie,1
513=,Eden,1
513=,Ehsan,1
513=,Ehtesham,1
513=,Elan,1
513=,Elliott,1
513=,Emanuel,1
513=,Emil,1
513=,Eoghan,1
513=,Eoin,1
513=,Ericsson,1
513=,Erik-Lee,1
513=,Erim,1
513=,Erland,1
513=,Ernest,1
513=,Euain,1
513=,Eugene,1
513=,Ewart,1
513=,Fabian,1
513=,Fabrice,1
513=,Fabrizio,1
513=,Fady,1
513=,Fahad,1
513=,Fahd,1
513=,Faheem,1
513=,Faiem,1
513=,Faizal,1
513=,Faraaz,1
513=,Fardeen,1
513=,Farzad,1
513=,Fearghus,1
513=,Felix,1
513=,Filipe,1
513=,Fingal,1
513=,Finn,1
513=,Fionnlagh,1
513=,Firdaus,1
513=,Fiske,1
513=,Flavio,1
513=,Floris,1
513=,Forbes,1
513=,Forhaoh,1
513=,Francis-John,1
513=,Franco,1
513=,Franklin,1
513=,Fred,1
513=,Fukuei,1
513=,Furhan,1
513=,Furqan,1
513=,Gae,1
513=,Gaetan,1
513=,Gaetano,1
513=,Gamal,1
513=,Garith,1
513=,Garrett,1
513=,Garrey,1
513=,Garri,1
513=,Garrie,1
513=,Garrith,1
513=,Garth,1
513=,Garyth,1
513=,Gaurav,1
513=,Ged,1
513=,Gen,1
513=,Geoffry,1
513=,Geofrey,1
513=,Geon,1
513=,Gerad,1
513=,Geraint,1
513=,Gerhard,1
513=,Gerrad,1
513=,Gerraro,1
513=,Gerry,1
513=,Gershom,1
513=,Gert-Jan,1
513=,Ghazi,1
513=,Giacomo,1
513=,Gian,1
513=,Giancarlo,1
513=,Gianfranco,1
513=,Gianluca,1
513=,Gianni,1
513=,Gil,1
513=,Giles,1
513=,Gillies,1
513=,Gino,1
513=,Glynn,1
513=,Gorrie,1
513=,Graydon,1
513=,Guillaume,1
513=,Guramar,1
513=,Gurbhaj,1
513=,Gurdeep,1
513=,Gurdeve,1
513=,Gurdyal,1
513=,Gurjinder,1
513=,Gurmare,1
513=,Gurmeet,1
513=,Gursev,1
513=,Gurtekh,1
513=,Gurthag,1
513=,Gurtyan,1
513=,Habeel,1
513=,Hagop,1
513=,Hamad,1
513=,Hammad,1
513=,Hao,1
513=,Hardy,1
513=,Harish,1
513=,Harley,1
513=,Harpal,1
513=,Harris,1
513=,Harrison,1
513=,Harvey,1
513=,Hasan,1
513=,Hayder,1
513=,Haytham,1
513=,Heath,1
513=,Herizal,1
513=,Herjinder,1
513=,Hesus,1
513=,Hicham,1
513=,Himanshu,1
513=,Hiram,1
513=,Hok,1
513=,Hon,1
513=,Hosam,1
513=,Hugh-Daniel,1
513=,Humair,1
513=,Husam,1
513=,Husan,1
513=,Hussain,1
513=,Huw,1
513=,Hyder,1
513=,Iaian,1
513=,Ibrahim,1
513=,Ibrar,1
513=,Ieon,1
513=,Iftekhar,1
513=,Ikenna,1
513=,Ile,1
513=,Imsaar,1
513=,Inderjit,1
513=,Inigo,1
513=,Ishtiaq,1
513=,Ivor,1
513=,Izhar,1
513=,J-Sun,1
513=,Jackson,1
513=,Jacky,1
513=,Jacques,1
513=,Jade,1
513=,Jaden,1
513=,Jagdeesh,1
513=,Jagmohan,1
513=,Jahangir,1
513=,Jaimie,1
513=,Jaker,1
513=,Jameel,1
513=,Jardine,1
513=,Jaryd,1
513=,Jasam,1
513=,Jasen,1
513=,Jasjit,1
513=,Jaskarn,1
513=,Jasmeet,1
513=,Jasson,1
513=,Jaswant,1
513=,Jatinder,1
513=,Javad,1
513=,Jawad,1
513=,Jay'arief,1
513=,Jean,1
513=,Jean-Paul,1
513=,Jeffery,1
513=,Jek,1
513=,Jen,1
513=,Jeremiah,1
513=,Jerome,1
513=,Jerry,1
513=,Jess,1
513=,Jesus,1
513=,Jian-Peng,1
513=,Jimmie,1
513=,Jimmy,1
513=,Jimshade,1
513=,Jj,1
513=,Jo,1
513=,Joedy,1
513=,John-Christophe,1
513=,John-Samuel,1
513=,Johnnie,1
513=,Jon-James,1
513=,Jonmichael,1
513=,Jordon,1
513=,Jorg,1
513=,Jotham,1
513=,Jourdain,1
513=,Juan,1
513=,Judson,1
513=,Julien,1
513=,Kai,1
513=,Kail,1
513=,Kaine,1
513=,Kairan,1
513=,Kaleem,1
513=,Kamal,1
513=,Kar,1
513=,Karanjeet,1
513=,Kari,1
513=,Karundeep,1
513=,Kashaf,1
513=,Kasum,1
513=,Kayvaun,1
513=,Kearn,1
513=,Keath,1
513=,Kei,1
513=,Keithlleon,1
513=,Kelly,1
513=,Ken,1
513=,Kendon,1
513=,Kennedy,1
513=,Kerrin,1
513=,Kevan-Patrick,1
513=,Kevyn,1
513=,Khairul,1
513=,Khalaf,1
513=,Khaliq,1
513=,Khizar,1
513=,Kian,1
513=,Kieren,1
513=,Kierran,1
513=,Kim,1
513=,Kimberley,1
513=,Kiran,1
513=,Kiriakos,1
513=,Kirran,1
513=,Klaas,1
513=,Konrad,1
513=,Kristan,1
513=,Kristian,1
513=,Kristoff,1
513=,Kristofor,1
513=,Krzysztof,1
513=,Kurt,1
513=,Kurtis,1
513=,Kwok,1
513=,Kylley,1
513=,Laim,1
513=,Laith,1
513=,Lars,1
513=,Laura,1
513=,Leedavid,1
513=,Leighn,1
513=,Leighton-Kyle,1
513=,Len,1
513=,Lennard,1
513=,Lennox,1
513=,Lester,1
513=,Levi,1
513=,Levistallone,1
513=,Lewes,1
513=,Lewie,1
513=,Lewis-John,1
513=,Leyton,1
513=,Licon,1
513=,Linsey,1
513=,Lithgow,1
513=,Lliam,1
513=,Lockhart,1
513=,Lok,1
513=,Lorentz,1
513=,Lorne,1
513=,Lucca,1
513=,Luciano,1
513=,Lundie,1
513=,Luqman,1
513=,Lydon,1
513=,Macgregor,1
513=,Mack,1
513=,Maged,1
513=,Mahmoud,1
513=,Majed,1
513=,Majeed,1
513=,Majid,1
513=,Malik,1
513=,Manjeet,1
513=,Mantin,1
513=,Mao,1
513=,Marcello,1
513=,Margaret,1
513=,Marshall,1
513=,Martijn,1
513=,Martin-Ian,1
513=,Massimo,1
513=,Massinissa,1
513=,Mathieu,1
513=,Matthias,1
513=,Mattias,1
513=,Maurizio,1
513=,Maximilian,1
513=,Mehmood,1
513=,Mehran,1
513=,Mehrdad,1
513=,Melville,1
513=,Melvyn,1
513=,Merlin,1
513=,Merrick,1
513=,Mervyn,1
513=,Mhorven,1
513=,Michele,1
513=,Michelle,1
513=,Michiel,1
513=,Micky,1
513=,Mikael,1
513=,Miles,1
513=,Mirza,1
513=,Mohammedon,1
513=,Mohanned,1
513=,Mohd-Khalil,1
513=,Mohsen,1
513=,Moneeb,1
513=,Moran,1
513=,Morven,1
513=,Moshahid,1
513=,Moustafa,1
513=,Mozafar,1
513=,Mozammal,1
513=,Mubashar,1
513=,Mubbasher,1
513=,Mudsser,1
513=,Muir,1
513=,Mujahid,1
513=,Murdoch,1
513=,Musa,1
513=,Musab,1
513=,Mustafa,1
513=,Nabil,1
513=,Nabile,1
513=,Nader,1
513=,Naminder,1
513=,Naphtali,1
513=,Nasir,1
513=,Nasser,1
513=,Naveed,1
513=,Navid,1
513=,Nawaaz,1
513=,Nawaf,1
513=,Nial,1
513=,Nicantro,1
513=,Nick,1
513=,Nickolas,1
513=,Niells,1
513=,Nihad,1
513=,Nikky,1
513=,Nikos,1
513=,Nilesh,1
513=,Nithiyatharan,1
513=,Niven,1
513=,Numaan,1
513=,Nuwan,1
513=,Obinna,1
513=,Olaf,1
513=,Olajimi,1
513=,Olumide,1
513=,Oluwasola,1
513=,Oluwatoyin,1
513=,Oluwatoyosi,1
513=,Onder,1
513=,Opeyemi,1
513=,Ortisewehinmi,1
513=,Osama,1
513=,Ossama,1
513=,Oujal,1
513=,Ounella,1
513=,Owain,1
513=,Pablo,1
513=,Pak,1
513=,Palvinder,1
513=,Paman,1
513=,Parvez,1
513=,Pascal,1
513=,Pat,1
513=,Pavin,1
513=,Perry,1
513=,Petr,1
513=,Peyman,1
513=,Pieter,1
513=,Pradeep,1
513=,Qasam,1
513=,Quintin,1
513=,Raad,1
513=,Radin,1
513=,Raghnall,1
513=,Ragu,1
513=,Raheem,1
513=,Rahman,1
513=,Rajaneesh,1
513=,Rajoo,1
513=,Ralf,1
513=,Raman,1
513=,Ramin,1
513=,Randal,1
513=,Randeer,1
513=,Ranjiv,1
513=,Ranveer,1
513=,Raoul,1
513=,Rashid,1
513=,Razwaan,1
513=,Rd,1
513=,Redford,1
513=,Reece,1
513=,Reeve,1
513=,Rehan,1
513=,Rehman,1
513=,Remo,1
513=,Rezaul,1
513=,Rhuari,1
513=,Rhyan,1
513=,Rhys,1
513=,Rian,1
513=,Riaz,1
513=,Rick,1
513=,Ricki,1
513=,Ridha,1
513=,Rihan,1
513=,Rinaldo,1
513=,Robyn,1
513=,Roddie,1
513=,Rodger,1
513=,Rodrigo,1
513=,Rohail,1
513=,Rohan,1
513=,Roheal,1
513=,Roland,1
513=,Rolf,1
513=,Romaan,1
513=,Rorie,1
513=,Ruari,1
513=,Ruarida,1
513=,Ruaridhi,1
513=,Rudi,1
513=,Ruhel,1
513=,Ryees,1
513=,Saad,1
513=,Saajed-Ul,1
513=,Sabatino,1
513=,Sacha,1
513=,Sahail,1
513=,Saifullah,1
513=,Saifur,1
513=,Sakib,1
513=,Salim,1
513=,Salman,1
513=,Salvador,1
513=,Sameen,1
513=,Samer,1
513=,Sammie,1
513=,Sammy,1
513=,Samson,1
513=,Samy,1
513=,Sandie,1
513=,Santino,1
513=,Saoud,1
513=,Sarhwinder,1
513=,Sarn,1
513=,Satish,1
513=,Sau,1
513=,Saun,1
513=,Savak,1
513=,Sayf,1
513=,Scot-Symon,1
513=,Scott-Douglas,1
513=,Scott-Henry,1
513=,Sean-Paul,1
513=,Sebastiaan,1
513=,Sefa,1
513=,Segun,1
513=,Selwyn,1
513=,Servian,1
513=,Severino,1
513=,Shabeer,1
513=,Shafiq,1
513=,Shafique,1
513=,Shah,1
513=,Shahid,1
513=,Shahraz,1
513=,Shahrokh,1
513=,Shakub,1
513=,Shalin,1
513=,Shan,1
513=,Shariff,1
513=,Shaw,1
513=,Shayne,1
513=,Shazad,1
513=,Shea,1
513=,Sheak,1
513=,Shehraz,1
513=,Shehzad,1
513=,Sheikh,1
513=,Shek,1
513=,Shiraz,1
513=,Shuan,1
513=,Shuwel,1
513=,Shyam,1
513=,Sid,1
513=,Siddharth,1
513=,Sidhartha,1
513=,Sigurd,1
513=,Sikander,1
513=,Sirfraz,1
513=,Sitaar,1
513=,Siu,1
513=,Sofian,1
513=,Sohael,1
513=,Solomon,1
513=,Stean,1
513=,Stefano,1
513=,Steffan,1
513=,Stelios,1
513=,Stephan,1
513=,Steuart,1
513=,Stevan,1
513=,Stiofan,1
513=,Stirling,1
513=,Subhan,1
513=,Sudad,1
513=,Sufyaan,1
513=,Suhaib,1
513=,Suhail,1
513=,Suhyb,1
513=,Sui,1
513=,Sukver,1
513=,Sukvinder,1
513=,Suleman,1
513=,Suliman,1
513=,Sumit,1
513=,Sundeep,1
513=,Sundip,1
513=,Sweyn,1
513=,Symon,1
513=,Tain,1
513=,Talha,1
513=,Tallac,1
513=,Tam,1
513=,Tanvir,1
513=,Tanzeel,1
513=,Taran,1
513=,Tarik,1
513=,Tarunjeet,1
513=,Taylor,1
513=,Teagan,1
513=,Terance,1
513=,Theo,1
513=,Theodore,1
513=,Thor,1
513=,Timothee,1
513=,Tito,1
513=,Tomas,1
513=,Torin,1
513=,Tragaron,1
513=,Travis,1
513=,Tristam,1
513=,Triston,1
513=,Ty,1
513=,Ugonna,1
513=,Uilliam,1
513=,Ullin,1
513=,Ummar,1
513=,Umran,1
513=,Usmaan,1
513=,Vahid,1
513=,Vahroun,1
513=,Vakas,1
513=,Valdeep,1
513=,Van,1
513=,Varinder,1
513=,Vickas,1
513=,Vickram,1
513=,Virrun,1
513=,Vishaal,1
513=,Vishvanath,1
513=,Vito,1
513=,Vivek,1
513=,Wahaab,1
513=,Wai,1
513=,Waqar,1
513=,Waqass,1
513=,Ward,1
513=,Waseem,1
513=,Wei-Siong,1
513=,Westley,1
513=,Wilfred,1
513=,Willem,1
513=,Xavier,1
513=,Yala,1
513=,Yan,1
513=,Yasser,1
513=,Yassir,1
513=,Yebo,1
513=,Yip,1
513=,Yousaf,1
513=,Youssef,1
513=,Yussuf,1
513=,Zabair,1
513=,Zack,1
513=,Zackary,1
513=,Zafar,1
513=,Zaheer,1
513=,Zakariya,1
513=,Zander,1
513=,Zeeshan,1
513=,Zhahid,1
513=,Ziad,1
513=,Zohaib,1
513=,Zohair,1
513=,Zubair,1
513=,Zulqarnain,1
,,
,,
,,
,,
,,
,,
,,
,,
,,
,,
,,
,,
,,
,,
,,
,,
,,
,,
,,
,,
,,
,,
,,
,,
,,
,,
,,
,,
,,
,,
,,
,,
,,
,,
,,
,,
,,
,,
,,
,,
,,
,,
,,
,,
,,
,,
,,
,,
,,
,,
,,
,,
,,
,,
,,
,,
,,
,,
,,
,,
,,
,,
,,
,,
,,
,,
,,
,,
,,
,,
,,
,,
,,
,,
,,
,,
,,
,,
,,
,,
,,
,,
,,
,,
,,
,,
,,
,,
,,
,,
,,
,,
,,
,,
,,
,,
,,
,,
,,
,,
,,
,,
,,
,,
,,
,,
,,
,,
,,
,,
,,
,,
,,
,,
,,
,,
,,
,,
,,
,,
,,
,,
,,
,,
,,
,,
,,
,,
,,
,,
,,
,,
,,
,,
,,
,,
,,
,,
,,
,,
,,
,,
,,
,,
,,
,,
,,
,,
,,
,,
,,
,,
,,
,,
,,
,,
,,
,,
,,
,,
,,
,,
,,
,,
,,
,,
,,
,,
,,
,,
,,
,,
,,
,,
,,
,,
,,
,,
,,
,,
,,
,,
,,
,,
,,
,,
,,
,,
,,
,,
,,
,,
,,
,,
,,
,,
,,
,,
,,
,,
,,
,,
,,
,,
,,
,,
,,
,,
,,
,,
,,
,,
,,
,,
,,
,,
,,
,,
,,
,,
,,
,,
,,
,,
,,
,,
,,
,,
,,
,,
,,
,,
,,
,,
,,
,,
,,
,,
,,
,,
,,
,,
,,
,,
,,
,,
,,
,,
,,
,,
,,
,,
,,
,,
,,
,,
,,
,,
,,
,,
,,
,,
,,
,,
,,
,,
,,
,,
,,
,,
,,
,,
,,
,,
,,
,,
,,
,,
,,
,,
,,
,,
,,
,,
,,
,,
,,
,,
,,
,,
,,
,,
,,
,,
,,
,,
,,
,,
,,
,,
,,
,,
,,
,,
,,
,,
,,
,,
,,
,,
,,
,,
,,
,,
,,
,,
,,
,,
,,
,,
,,
,,
,,
,,
,,
,,
,,
,,
,,
,,
,,
,,
,,
,,
,,
,,
,,
,,
,,
,,
,,
,,
,,
,,
,,
,,
,,
,,
,,
,,
,,
,,
,,
,,
,,
,,
,,
,,
,,
,,
,,
,,
,,
,,
,,
,,
,,
,,
,,
,,
,,
,,
,,
,,
,,
,,
,,
,,
,,
,,
,,
,,
,,
,,
,,
,,
,,
,,
,,
,,
,,
,,
,,
,,
,,
,,
,,
,,
,,
,,
,,
,,
,,
,,
,,
,,
,,
,,
,,
,,
,,
,,
,,
,,
,,
,,
,,
,,
,,
,,
,,
,,
,,
,,
,,
,,
,,
,,
,,
,,
,,
,,
,,
,,
,,
,,
,,
,,
,,
,,
,,
,,
,,
,,
,,
,,
,,
,,
,,
,,
,,
,,
,,
,,
,,
,,
,,
,,
,,
,,
,,
,,
,,
,,
,,
,,
,,
,,
,,
,,
,,
,,
,,
,,
,,
,,
,,
,,
,,
,,
,,
,,
,,
,,
,,
,,
,,
,,
,,
,,
,,
,,
,,
,,
,,
,,
,,
,,
,,
,,
,,
,,
,,
,,
,,
,,
,,
,,
,,
,,
,,
,,
,,
,,
,,
,,
,,
,,
,,
,,
,,
,,
,,
,,
,,
,,
,,
,,
,,
,,
,,
,,
,,
,,
,,
,,
,,
,,
,,
,,
,,
,,
,,
,,
,,
,,
,,
,,
,,
,,
,,
,,
,,
,,
,,
,,
,,
,,
,,
,,
,,
,,
,,
,,
,,
,,
,,
,,
,,
,,
,,
,,
,,
,,
,,
,,
,,
,,
,,
,,
,,
,,
,,
,,
,,
,,
,,
,,
,,
,,
,,
,,
,,
,,
,,
,,
,,
,,
,,
,,
,,
,,
,,
,,
,,
,,
,,
,,
,,
,,
,,
,,
,,
,,
,,
,,
,,
,,
,,
,,
,,
,,
,,
,,
,,
,,
,,
,,
,,
,,
,,
,,
,,
,,
,,
,,
,,
,,
,,
,,
,,
,,
,,
,,
,,
,,
,,
,,
,,
,,
,,
,,
,,
,,
,,
,,
,,
,,
,,
,,
,,
,,
,,
,,
,,
,,
,,
,,
,,
,,
,,
,,
,,
,,
,,
,,
,,
,,
,,
,,
,,
,,
,,
,,
,,
,,
,,
,,
,,
,,
,,
,,
,,
,,
,,
,,
,,
,,
,,
,,
,,
,,
,,
,,
,,
,,
,,
,,
,,
,,
,,
,,
,,
,,
,,
,,
,,
,,
,,
,,
,,
,,
,,
,,
,,
,,
,,
,,
,,
,,
,,
,,
,,
,,
,,
,,
,,
,,
,,
,,
,,
,,
,,
,,
,,
,,
,,
,,
,,
,,
,,
,,
,,
,,
,,
,,
,,
,,
,,
,,
,,
,,
,,
,,
,,
,,
,,
,,
,,
,,
,,
,,
,,
,,
,,
,,
,,
,,
,,
,,
,,
,,
,,
,,
,,
,,
,,
,,
,,
,,
,,
,,
,,
,,
,,
,,
,,
,,
,,
,,
,,
,,
,,
,,
,,
,,
,,
,,
,,
,,
,,
,,
,,
,,
,,
,,
,,
,,
,,
,,
,,
,,
,,
,,
,,
,,
,,
,,
,,
,,
,,
,,
,,
,,
,,
,,
,,
,,
,,
,,
,,
,,
,,
,,
,,
,,
,,
,,
,,
,,
,,
,,
,,
,,
,,
,,
,,
,,
,,
,,
,,
,,
,,
,,
,,
,,
,,
,,
,,
,,
,,
,,
,,
,,
,,
,,
,,
,,
,,
,,
,,
,,
,,
,,
,,
,,
,,
,,
,,
,,
,,
,,
,,
,,
,,
,,
,,
,,
,,
,,
,,
,,
,,
,,
,,
,,
,,
,,
,,
,,
,,
,,
,,
,,
,,
,,
,,
,,
,,
,,
,,
,,
,,
,,
,,
,,
,,
,,
,,
,,
,,
,,
,,
,,
,,
,,
,,
,,
,,
,,
,,
,,
,,
,,
,,
,,
,,
,,
,,
,,
,,
,,
,,
,,
,,
,,
,,
,,
,,
,,
,,
,,
,,
,,
,,
,,
,,
,,
,,
,,
,,
,,
,,
,,
,,
,,
,,
,,
,,
,,
,,
,,
,,
,,
,,
,,
,,
,,
,,
,,
,,
,,
,,
,,
,,
,,
,,
,,
,,
,,
,,
,,
,,
,,
,,
,,
,,
,,
,,
,,
,,
,,
,,
,,
,,
,,
,,
,,
,,
,,
,,
,,
,,
,,
,,
,,
,,
,,
� Crown Copyright 2015,,
