Position,Name,Number of babies
1,David,1552
2,Christopher,1268
3,Andrew,1249
4,James,1022
5,John,1018
6,Scott,978
7,Craig,935
8,Michael,875
9,Mark,862
10,Steven,844
11,Paul,781
12,Ross,662
13,Robert,652
14,Stuart,615
15,Ryan,569
16=,Gary,567
16=,Stephen,567
18,William,547
19,Jamie,526
20,Kevin,510
21,Martin,496
22,Thomas,461
23=,Daniel,427
23=,Graeme,427
25,Sean,412
26=,Alan,391
26=,Darren,391
28,Richard,363
29,Colin,334
30,Matthew,296
31,Lee,279
32,Iain,277
33,Graham,268
34,Alexander,267
35,Peter,264
36,Brian,255
37,Ian,249
38,Neil,248
39,Gordon,238
40,Kyle,233
41,Adam,224
42,Jonathan,207
43,Marc,203
44,Shaun,200
45,Fraser,199
46,Jason,197
47,Liam,196
48,Gavin,195
49,Grant,185
50,Joseph,184
51,Anthony,175
52,Kenneth,172
53,Stewart,167
54,Barry,162
55,Callum,158
56,Allan,156
57,Derek,154
58,George,152
59,Nicholas,146
60,Greg,144
61,Alistair,137
62,Dean,136
63,Calum,133
64,Simon,132
65,Philip,120
66,Douglas,112
67,Duncan,108
68,Lewis,105
69,Jordan,104
70,Bryan,103
71,Patrick,102
72,Garry,100
73,Cameron,95
74=,Edward,89
74=,Keith,89
76,Euan,86
77,Martyn,83
78,Samuel,80
79=,Benjamin,79
79=,Donald,79
81=,Aaron,76
81=,Alasdair,76
83,Ewan,70
84,Charles,68
85,Gareth,67
86,Alastair,64
87,Kieran,62
88=,Ben,60
88=,Rory,60
90=,Blair,58
90=,Raymond,58
92,Jack,57
93,Dale,54
94,Bruce,53
95,Murray,51
96=,Kristopher,50
96=,Mohammed,50
98=,Greig,49
98=,Kris,49
100,Gregor,44
101,Malcolm,43
102,Gerard,41
103,Russell,40
104,Niall,39
105,Kristofer,37
106=,Angus,36
106=,Antony,36
106=,Wayne,36
109=,Daryl,35
109=,Robbie,35
109=,Ronald,35
112,Luke,34
113=,Robin,33
113=,Shane,33
113=,Tony,33
116=,Hugh,32
116=,Owen,32
118=,Francis,30
118=,Frazer,30
120=,Henry,29
120=,Jon,29
122=,Mohammad,28
122=,Timothy,28
124,Dominic,27
125,Sam,26
126,Gregg,25
127=,Campbell,24
127=,Nathan,24
129=,Lawrence,23
129=,Roy,23
131=,Brendan,21
131=,Harry,21
131=,Nicky,21
134=,Danny,20
134=,Fergus,20
136=,Muhammad,19
136=,Terry,19
136=,Vincent,19
139=,Adrian,18
139=,Finlay,18
139=,Mathew,18
139=,Oliver,18
139=,Phillip,18
139=,Stefan,18
139=,Terence,18
146=,Damien,17
146=,Eric,17
146=,Joshua,17
149=,Billy,16
149=,Ewen,16
149=,Gerald,16
149=,Jay,16
149=,Leigh,16
149=,Max,16
155=,Frank,15
155=,Glen,15
155=,Gregory,15
155=,Joe,15
155=,Norman,15
155=,Roderick,15
155=,Ruaridh,15
155=,Scot,15
163=,Ciaran,14
163=,Connor,14
163=,Jonathon,14
163=,Marcus,14
163=,Neal,14
163=,Ricky,14
163=,Tom,14
170=,Arthur,13
170=,Ashley,13
170=,Justin,13
170=,Laurence,13
170=,Louis,13
175=,Alisdair,12
175=,Kristoffer,12
175=,Omar,12
178=,Aidan,11
178=,Barrie,11
178=,Clark,11
178=,Conor,11
178=,Karl,11
178=,Kieron,11
178=,Ruaraidh,11
185=,Archibald,10
185=,Bradley,10
185=,Brett,10
185=,Darran,10
185=,Drew,10
185=,Guy,10
185=,Hamish,10
185=,Innes,10
185=,Keiran,10
185=,Kirk,10
185=,Lloyd,10
185=,Maxwell,10
185=,Mohamed,10
185=,Rhys,10
185=,Ritchie,10
200=,Chris,9
200=,Darryl,9
200=,Elliot,9
200=,Frederick,9
200=,Glenn,9
200=,Leslie,9
200=,Myles,9
200=,Sandy,9
208=,Alister,8
208=,Allen,8
208=,Calvin,8
208=,Damon,8
208=,Geoffrey,8
208=,Keir,8
208=,Marco,8
208=,Neale,8
208=,Nikki,8
208=,Ronnie,8
208=,Struan,8
219=,Anton,7
219=,Arron,7
219=,Denis,7
219=,Derrick,7
219=,Imran,7
219=,Joel,7
219=,Kevan,7
219=,Leo,7
219=,Leon,7
219=,Lyall,7
219=,Neill,7
219=,Ruairidh,7
219=,Shawn,7
232=,Abdul,6
232=,Alex,6
232=,Ali,6
232=,Antonio,6
232=,Asim,6
232=,Bernard,6
232=,Carl,6
232=,Christian,6
232=,Don,6
232=,Edwin,6
232=,Ivan,6
232=,Jackie,6
232=,Jaime,6
232=,Jeffrey,6
232=,Johnathan,6
232=,Kane,6
232=,Kenny,6
232=,Lyle,6
232=,Magnus,6
232=,Nicolas,6
232=,Ralph,6
232=,Ray,6
232=,Steve,6
232=,Stevie,6
232=,Zak,6
257=,Adil,5
257=,Alec,5
257=,Arran,5
257=,Bilal,5
257=,Blaine,5
257=,Bobby,5
257=,Bryce,5
257=,Crawford,5
257=,Damian,5
257=,Gideon,5
257=,Haroon,5
257=,Jake,5
257=,Jeff,5
257=,Kerr,5
257=,Lachlan,5
257=,Laurie,5
257=,Lawrie,5
257=,Nicki,5
257=,Ranald,5
257=,Richie,5
257=,Rikki,5
257=,Ruari,5
257=,Usman,5
280=,Adeel,4
280=,Amir,4
280=,Archie,4
280=,Austin,4
280=,Brad,4
280=,Brent,4
280=,Cal,4
280=,Carlo,4
280=,Dane,4
280=,Declan,4
280=,Dene,4
280=,Dennis,4
280=,Desmond,4
280=,Donnie,4
280=,Dylan,4
280=,Garrie,4
280=,Harrison,4
280=,Jackson,4
280=,Jacob,4
280=,Jan,4
280=,Jeremy,4
280=,Jim,4
280=,Josh,4
280=,Kasim,4
280=,Khalid,4
280=,Kristofor,4
280=,Lindsay,4
280=,Mirza,4
280=,Mitchell,4
280=,Oscar,4
280=,Qasim,4
280=,Reece,4
280=,Riccardo,4
280=,Rizwan,4
280=,Roger,4
280=,Sajid,4
280=,Sandeep,4
280=,Stanley,4
280=,Stefano,4
280=,Syed,4
280=,Tomas,4
280=,Tommy,4
280=,Trevor,4
280=,Tristan,4
280=,Umar,4
280=,Walter,4
280=,Wesley,4
327=,Aftab,3
327=,Ahmad,3
327=,Alain,3
327=,Alyn,3
327=,Antoni,3
327=,Arfan,3
327=,Barnaby,3
327=,Benedict,3
327=,Blain,3
327=,Blake,3
327=,Brandon,3
327=,Brendon,3
327=,Bret,3
327=,Bryn,3
327=,Byron,3
327=,Chi,3
327=,Cieran,3
327=,Cory,3
327=,Curtis,3
327=,Darryn,3
327=,Daryn,3
327=,Dugald,3
327=,Eamonn,3
327=,Edmond,3
327=,Elliott,3
327=,Erik,3
327=,Findlay,3
327=,Geoff,3
327=,Gino,3
327=,Giovanni,3
327=,Harvey,3
327=,Hassan,3
327=,Ieuan,3
327=,Jaimie,3
327=,Jed,3
327=,Joey,3
327=,Johnny,3
327=,Kai,3
327=,Keiron,3
327=,Kristian,3
327=,Leonard,3
327=,Lorne,3
327=,Man,3
327=,Micheal,3
327=,Mohd,3
327=,Morgan,3
327=,Muir,3
327=,Murdo,3
327=,Ramsay,3
327=,Ricki,3
327=,Ruairi,3
327=,Saqib,3
327=,Seamus,3
327=,Sebastian,3
327=,Shabaz,3
327=,Sonny,3
327=,Tahir,3
327=,Tariq,3
327=,Terrence,3
327=,Tobias,3
327=,Warren,3
327=,Zachary,3
389=,Abdullah,2
389=,Abid,2
389=,Addison,2
389=,Adnan,2
389=,Ahmed,2
389=,Akbar,2
389=,Albert,2
389=,Amandeep,2
389=,Amar,2
389=,Amardeep,2
389=,Ammar,2
389=,Amrik,2
389=,Anmar,2
389=,Armando,2
389=,Asa,2
389=,Asad,2
389=,Ashleigh,2
389=,Asif,2
389=,Aston,2
389=,Azeem,2
389=,Balhar,2
389=,Benn,2
389=,Bryon,2
389=,Caillin,2
389=,Cairn,2
389=,Calumn,2
389=,Carlos,2
389=,Cary,2
389=,Chad,2
389=,Clement,2
389=,Colm,2
389=,Conal,2
389=,Conner,2
389=,Corey,2
389=,Danial,2
389=,Daren,2
389=,Darrel,2
389=,Darrell,2
389=,Darron,2
389=,Daryll,2
389=,Deane,2
389=,Diarmaid,2
389=,Dino,2
389=,Dirk,2
389=,Donny,2
389=,Dwayne,2
389=,Ean,2
389=,Eliot,2
389=,Ernie,2
389=,Fahad,2
389=,Faisal,2
389=,Faris,2
389=,Felix,2
389=,Garreth,2
389=,Giancarlo,2
389=,Gilbert,2
389=,Grahame,2
389=,Gurjit,2
389=,Harcus,2
389=,Harold,2
389=,Harris,2
389=,Hasan,2
389=,Haseeb,2
389=,Howard,2
389=,Hugo,2
389=,Innis,2
389=,Ioannis,2
389=,Jaimi,2
389=,Jayson,2
389=,Jerry,2
389=,Jimmy,2
389=,Johnathon,2
389=,Joss,2
389=,Jude,2
389=,Julian,2
389=,Ka,2
389=,Keiren,2
389=,Kelvin,2
389=,Kiel,2
389=,Kit,2
389=,Kraig,2
389=,Lance,2
389=,Logan,2
389=,Lorn,2
389=,Luca,2
389=,Luciano,2
389=,Mandeep,2
389=,Mario,2
389=,Marshall,2
389=,Massimo,2
389=,Maurice,2
389=,Maximilian,2
389=,Maximillian,2
389=,Michele,2
389=,Mohamad,2
389=,Mohsin,2
389=,Morris,2
389=,Muhammed,2
389=,Murdoch,2
389=,Nabeel,2
389=,Nadeem,2
389=,Nairn,2
389=,Nasir,2
389=,Nathaniel,2
389=,Nicol,2
389=,Nigel,2
389=,Nikky,2
389=,Nikolas,2
389=,Nino,2
389=,Oisin,2
389=,Osman,2
389=,Owain,2
389=,Paolo,2
389=,Pardeep,2
389=,Perry,2
389=,Raheem,2
389=,Rian,2
389=,Roland,2
389=,Ronan,2
389=,Rupert,2
389=,Saad,2
389=,Sameer,2
389=,Saul,2
389=,Sean-Paul,2
389=,Shoaib,2
389=,Simeon,2
389=,Simone,2
389=,Sohail,2
389=,Tanveer,2
389=,Toby,2
389=,Travis,2
389=,Troy,2
389=,Tyrone,2
389=,Victor,2
389=,Vittorio,2
389=,Wai,2
389=,Walid,2
389=,Waqas,2
389=,Warrick,2
389=,Waseem,2
389=,Wasim,2
389=,Ziggy,2
389=,Zohaib,2
532=,Aaran,1
532=,Aarron,1
532=,Aatif,1
532=,Abd-Al-Rahman,1
532=,Abdo-Rrahman,1
532=,Abdulla,1
532=,Abdulrahman,1
532=,Abdulwahab,1
532=,Abdur,1
532=,Abraham,1
532=,Adel,1
532=,Ademola,1
532=,Adetokunbo,1
532=,Adetola,1
532=,Adnaan,1
532=,Adonis,1
532=,Adriaen,1
532=,Aeden,1
532=,Afif,1
532=,Afolabi,1
532=,Afsheen,1
532=,Ahmet,1
532=,Ahris,1
532=,Aiman,1
532=,Ajay,1
532=,Akhiqur,1
532=,Akli,1
532=,Akshay,1
532=,Alaisdair,1
532=,Alana,1
532=,Alauddin,1
532=,Alaudin,1
532=,Alban,1
532=,Aled,1
532=,Alen,1
532=,Alexios,1
532=,Alfred,1
532=,Alin,1
532=,Alix,1
532=,Allaan,1
532=,Allistair,1
532=,Allister,1
532=,Allun,1
532=,Ally,1
532=,Altaf,1
532=,Alun,1
532=,Aly,1
532=,Amaan,1
532=,Amaar,1
532=,Amarjit,1
532=,Amin,1
532=,Amit,1
532=,Amiz,1
532=,Amrit,1
532=,Anandarajah,1
532=,Andrea,1
532=,Andreas,1
532=,Andres,1
532=,Andrij,1
532=,Andy,1
532=,Aneel,1
532=,Aneurin,1
532=,Angelo,1
532=,Anthonie,1
532=,Antimo,1
532=,Antoine,1
532=,Antone,1
532=,Antonhs,1
532=,Antonis,1
532=,Anwar,1
532=,Aonghais,1
532=,Ari,1
532=,Arjun,1
532=,Arrn,1
532=,Arshad,1
532=,Arun,1
532=,Ashik,1
532=,Ashish,1
532=,Ashton,1
532=,Assad,1
532=,Astin,1
532=,Ateeq,1
532=,Atheer,1
532=,Atif,1
532=,Atoni,1
532=,Augustin,1
532=,Austen,1
532=,Auston,1
532=,Auvijit,1
532=,Avtar,1
532=,Awang,1
532=,Aylwin,1
532=,Ayman,1
532=,Azad,1
532=,Azim,1
532=,Aziz,1
532=,Azwan,1
532=,Baber,1
532=,Babur,1
532=,Balall,1
532=,Baldur,1
532=,Baqir,1
532=,Barak,1
532=,Baris,1
532=,Barri,1
532=,Bashaar,1
532=,Bassam,1
532=,Beinn,1
532=,Benny,1
532=,Benoni,1
532=,Benyssaad,1
532=,Bertram,1
532=,Bing,1
532=,Blane,1
532=,Blaque,1
532=,Blue,1
532=,Bobbi,1
532=,Bobbie,1
532=,Boyd,1
532=,Bran,1
532=,Brann,1
532=,Breandan,1
532=,Brenden,1
532=,Brewis,1
532=,Brice,1
532=,Byam,1
532=,Byrone,1
532=,Cailean,1
532=,Cain,1
532=,Cairin,1
532=,Caled,1
532=,Callin,1
532=,Calman,1
532=,Calvyn,1
532=,Caol,1
532=,Carey,1
532=,Casey,1
532=,Catherine,1
532=,Cavin,1
532=,Cehir,1
532=,Chase,1
532=,Che,1
532=,Cheikh,1
532=,Chester,1
532=,Chia,1
532=,Chien,1
532=,Chih,1
532=,Chinaza,1
532=,Chiu,1
532=,Cho,1
532=,Choudary,1
532=,Chriss,1
532=,Christain,1
532=,Christi,1
532=,Christie,1
532=,Christina,1
532=,Christophe,1
532=,Chuin,1
532=,Chun,1
532=,Cian,1
532=,Ciar,1
532=,Ciaren,1
532=,Ciaron,1
532=,Claire,1
532=,Clancy,1
532=,Claudio,1
532=,Cliff,1
532=,Clifford,1
532=,Clint,1
532=,Collin,1
532=,Conaill,1
532=,Conan,1
532=,Conar,1
532=,Connal,1
532=,Connar,1
532=,Connel,1
532=,Connell,1
532=,Conrad,1
532=,Corby,1
532=,Corin,1
532=,Corneilius,1
532=,Cornelius,1
532=,Corrie,1
532=,Craig-Mark,1
532=,Crawf,1
532=,Creag,1
532=,Creighton,1
532=,Crispin,1
532=,Cristiano,1
532=,Cristofer,1
532=,Cristopher,1
532=,Crosswell,1
532=,Cullen,1
532=,Dain,1
532=,Dalbeer,1
532=,Damie,1
532=,Damin,1
532=,Damion,1
532=,Dario,1
532=,Darion,1
532=,Darrin,1
532=,Darroch,1
532=,Dax,1
532=,Dayle,1
532=,Dean-William,1
532=,Deborah,1
532=,Deepak,1
532=,Del,1
532=,Delvinder,1
532=,Demetrios,1
532=,Dennison,1
532=,Denny,1
532=,Denzil,1
532=,Derek-John,1
532=,Derick,1
532=,Derry,1
532=,Deryck,1
532=,Dexter,1
532=,Deyanse,1
532=,Diarmuid,1
532=,Dilveer,1
532=,Dion,1
532=,Donavan,1
532=,Dorian,1
532=,Duane,1
532=,Eamon,1
532=,Earl,1
532=,Eberhard,1
532=,Eilidh,1
532=,Eilir,1
532=,Eli,1
532=,Elia,1
532=,Ellan,1
532=,Ellis,1
532=,Elton,1
532=,Emma,1
532=,Emmanuel,1
532=,Emmett,1
532=,Eoghainn,1
532=,Eoghann,1
532=,Eoin,1
532=,Eren,1
532=,Errol,1
532=,Ervin,1
532=,Essam,1
532=,Eugene,1
532=,Evan,1
532=,Evangelos,1
532=,Ewart,1
532=,Fabio,1
532=,Fabrizio,1
532=,Fadi,1
532=,Fahaddullah,1
532=,Faheem,1
532=,Fahid,1
532=,Faizaan,1
532=,Faizan,1
532=,Fareed,1
532=,Farlane,1
532=,Fawad,1
532=,Faycal,1
532=,Fearghas,1
532=,Feras,1
532=,Finbar,1
532=,Fingal,1
532=,Finley,1
532=,Finn,1
532=,Fionn,1
532=,Firas,1
532=,Ford,1
532=,Frankie,1
532=,Fransis,1
532=,Frantisek,1
532=,Frederich,1
532=,Fungai,1
532=,Ga,1
532=,Gabhin,1
532=,Gaetan,1
532=,Gage,1
532=,Gardner,1
532=,Garet,1
532=,Garett,1
532=,Garrett,1
532=,Garrick,1
532=,Gassan,1
532=,Gebran,1
532=,Ged,1
532=,Gennaro,1
532=,Georges,1
532=,Gerardo,1
532=,Gere,1
532=,Gerry,1
532=,Ghulam,1
532=,Giam,1
532=,Giuseppe,1
532=,Glyn,1
532=,Glyndwr,1
532=,Glynn,1
532=,Govinda,1
532=,Grahamne,1
532=,Gray,1
532=,Grayson,1
532=,Gryffydd,1
532=,Guillaume,1
532=,Guillermo,1
532=,Guiseppe,1
532=,Gurcharan,1
532=,Gurdas,1
532=,Gurhazara,1
532=,Gurmeet,1
532=,Gurpagh,1
532=,Gurvinder,1
532=,Gylan,1
532=,Hai,1
532=,Haider,1
532=,Hamdi,1
532=,Hans,1
532=,Harpreet,1
532=,Harri,1
532=,Hasib,1
532=,Hayder,1
532=,Haydn,1
532=,Hayes,1
532=,Hazim,1
532=,Hendrik,1
532=,Hendry,1
532=,Hisham,1
532=,Hjalmar,1
532=,Hosema,1
532=,Hou,1
532=,Howat,1
532=,Humza,1
532=,Hunter,1
532=,Huntly,1
532=,Husain,1
532=,Hussain,1
532=,Hussian,1
532=,Hussin,1
532=,Hytham,1
532=,Hytum,1
532=,Idnan,1
532=,Idrees,1
532=,Ihsanulla,1
532=,Imad,1
532=,Imraan,1
532=,Imtiaz,1
532=,Imtiaze,1
532=,Inderjeet,1
532=,Irfan,1
532=,Irvine,1
532=,Isaac,1
532=,Iskandar,1
532=,Itazaz,1
532=,Ivor,1
532=,Jac,1
532=,Jaclyn,1
532=,Jae,1
532=,Jaeron,1
532=,Jagtar,1
532=,Jahan,1
532=,Jahan-Zaib,1
532=,Jai,1
532=,Jaimes,1
532=,Jalal,1
532=,Jamal,1
532=,Jamee,1
532=,Jamesdaniel,1
532=,Jamie-Lee,1
532=,Jamie-Ross,1
532=,Janet,1
532=,Jannik,1
532=,Jared,1
532=,Jarron,1
532=,Jarryd,1
532=,Jasbir,1
532=,Jasdeep,1
532=,Jasmal,1
532=,Jaspal,1
532=,Jasper,1
532=,Jasvinder,1
532=,Jaswinder,1
532=,Javaid,1
532=,Jaydon,1
532=,Jeevan,1
532=,Jennifer,1
532=,Jensen,1
532=,Jerrard,1
532=,Jesper,1
532=,Jevan,1
532=,Jhed,1
532=,Jiang,1
532=,Jimmi,1
532=,Jiten,1
532=,Jo,1
532=,Jodie,1
532=,Jody,1
532=,John-Mark,1
532=,John-Paul,1
532=,John-Scott,1
532=,Johnnie,1
532=,Jonothan,1
532=,Jonothon,1
532=,Jordon,1
532=,Josef,1
532=,Joshu,1
532=,Juam-Miguel,1
532=,Juan,1
532=,Jughar,1
532=,Juhayl,1
532=,Junya,1
532=,Jurmeer,1
532=,Kabir,1
532=,Kailash,1
532=,Kal,1
532=,Kalen,1
532=,Kalifa,1
532=,Kalin,1
532=,Kamar,1
532=,Kamen,1
532=,Kameren,1
532=,Kamran,1
532=,Kanene,1
532=,Karan,1
532=,Kareem,1
532=,Karen,1
532=,Karim,1
532=,Karin,1
532=,Kashiv,1
532=,Kassam,1
532=,Kavin,1
532=,Keane,1
532=,Ken,1
532=,Ker,1
532=,Kern,1
532=,Kess,1
532=,Kester,1
532=,Keung,1
532=,Kevyn,1
532=,Khai,1
532=,Khayam,1
532=,Khliluddin,1
532=,Khondoker,1
532=,Khouram,1
532=,Kiall,1
532=,Kian,1
532=,Kier,1
532=,Kieren,1
532=,Kierran,1
532=,Kin,1
532=,Kin-Man,1
532=,Kiran,1
532=,Konnor,1
532=,Krikor,1
532=,Krishan,1
532=,Kriss,1
532=,Kristan,1
532=,Kristoph,1
532=,Kurt,1
532=,Kuya,1
532=,Kwesi,1
532=,Kydd,1
532=,Kyran,1
532=,Kyron,1
532=,Lach,1
532=,Lam,1
532=,Larry,1
532=,Laurance,1
532=,Lawson,1
532=,Lea,1
532=,Leam,1
532=,Lean,1
532=,Leander,1
532=,Lee-Jay,1
532=,Leeam,1
532=,Leigham,1
532=,Leith,1
532=,Lennox,1
532=,Leonardus,1
532=,Les,1
532=,Lester,1
532=,Levi,1
532=,Lex,1
532=,Lhea,1
532=,Lian,1
532=,Lincoln,1
532=,Linden,1
532=,Lovell,1
532=,Luc,1
532=,Luigi,1
532=,Lung,1
532=,Lyakat,1
532=,Lyam,1
532=,Lyndon,1
532=,Lyod,1
532=,Maged,1
532=,Mahamad,1
532=,Mahboob,1
532=,Mahmead,1
532=,Mahmood,1
532=,Mahrouf,1
532=,Maitiu,1
532=,Makdus,1
532=,Malek,1
532=,Malik,1
532=,Manish,1
532=,Manjeev,1
532=,Manus,1
532=,Marcial,1
532=,Marcin,1
532=,Marino,1
532=,Marius,1
532=,Mark-Alexander,1
532=,Markus,1
532=,Marley,1
532=,Marsel,1
532=,Martijn,1
532=,Marton,1
532=,Marvin,1
532=,Masimo,1
532=,Massab,1
532=,Mateen,1
532=,Matias,1
532=,Matt,1
532=,Matteo,1
532=,Matthias,1
532=,Maytham,1
532=,Meftah,1
532=,Mehboob,1
532=,Mehmet,1
532=,Melvin,1
532=,Mervyn,1
532=,Michael-Lee,1
532=,Michel,1
532=,Michelle,1
532=,Miftha,1
532=,Mike,1
532=,Mikell,1
532=,Miles,1
532=,Moapha,1
532=,Moawiah,1
532=,Mobeen,1
532=,Mohammer,1
532=,Mohammood,1
532=,Mohanned,1
532=,Mojahed,1
532=,Molebedi,1
532=,Moray,1
532=,Mordechai,1
532=,Mosa,1
532=,Mosheh,1
532=,Mostafa,1
532=,Motasim,1
532=,Moustafa,1
532=,Muaadth,1
532=,Muheilan,1
532=,Munider,1
532=,Munir,1
532=,Muqaddus,1
532=,Murtada,1
532=,Murtaza,1
532=,Musaib,1
532=,Musfik-Us-Saleh,1
532=,Nadir,1
532=,Nahman,1
532=,Narayan,1
532=,Nashvin,1
532=,Nathanielle,1
532=,Naveed,1
532=,Nawfal,1
532=,Neall,1
532=,Nektarios,1
532=,Nelson,1
532=,Niaz,1
532=,Nicholaus,1
532=,Nickie,1
532=,Nicky-Ray,1
532=,Nico,1
532=,Nicos,1
532=,Niels,1
532=,Nikie,1
532=,Nikolaos,1
532=,Nile,1
532=,Niven,1
532=,Noah,1
532=,Noel,1
532=,Nordean,1
532=,Obiomagbulem,1
532=,Ojur,1
532=,Olav,1
532=,Omar-Salim,1
532=,Oron,1
532=,Orson,1
532=,Osama,1
532=,Othman,1
532=,Paramjot,1
532=,Pascal,1
532=,Pasha,1
532=,Pasqual,1
532=,Pasquale,1
532=,Patrik,1
532=,Patrizio,1
532=,Pedro,1
532=,Pellegrind,1
532=,Petros,1
532=,Philippe,1
532=,Philothy,1
532=,Pierce,1
532=,Pierre,1
532=,Pieyam,1
532=,Poh,1
532=,Prithepal,1
532=,Pritpal,1
532=,Qaisar,1
532=,Qudus,1
532=,Quentin,1
532=,Rae,1
532=,Raecher,1
532=,Raffiq,1
532=,Rafiq,1
532=,Rahat,1
532=,Rahim,1
532=,Rahul,1
532=,Rai,1
532=,Raimy,1
532=,Rajan,1
532=,Rajbir,1
532=,Rajeev,1
532=,Rakha,1
532=,Ramanathan,1
532=,Rami,1
532=,Rammze,1
532=,Ramon,1
532=,Ramzi,1
532=,Rana,1
532=,Randip,1
532=,Randy,1
532=,Ranvir,1
532=,Raphael,1
532=,Ravi,1
532=,Ravinder,1
532=,Rayed,1
532=,Razwan,1
532=,Rd,1
532=,Redmond,1
532=,Rees,1
532=,Rehaan,1
532=,Rehan,1
532=,Rehman,1
532=,Remo,1
532=,Rene,1
532=,Reo,1
532=,Resham,1
532=,Rhodri,1
532=,Rhuari,1
532=,Rhuaridh,1
532=,Rhuary,1
532=,Rhuraidh,1
532=,Rhyan,1
532=,Rhydian,1
532=,Ricci,1
532=,Rickie,1
532=,Rikky,1
532=,Rio,1
532=,Rizwaan,1
532=,Rob,1
532=,Robb,1
532=,Robbin,1
532=,Robet,1
532=,Rodden,1
532=,Rodger,1
532=,Romain,1
532=,Romilly,1
532=,Rorie,1
532=,Rosario,1
532=,Rose,1
532=,Roshan,1
532=,Rowan,1
532=,Ruairaidh,1
532=,Ruarie,1
532=,Ruarri,1
532=,Ruary,1
532=,Rubaiyat,1
532=,Ruben,1
532=,Ruraidh,1
532=,Russel,1
532=,Ruth,1
532=,Rvaraidh,1
532=,Ryane,1
532=,Ryann,1
532=,Ryrie,1
532=,Sadat,1
532=,Sadegh,1
532=,Saeed,1
532=,Sahadut,1
532=,Sahedul,1
532=,Sahmyr,1
532=,Saleh,1
532=,Salman,1
532=,Salvatore,1
532=,Samantha,1
532=,Sameed,1
532=,Sandro,1
532=,Santino,1
532=,Saqab,1
532=,Sarrosh,1
532=,Schaun,1
532=,Seann,1
532=,Sebastien,1
532=,Selcuk,1
532=,Seoridh,1
532=,Seumas,1
532=,Seve,1
532=,Seyed,1
532=,Shaan,1
532=,Shabir,1
532=,Shahbaz,1
532=,Shahid,1
532=,Shahnoor,1
532=,Shahriar,1
532=,Shakeel,1
532=,Shashaed,1
532=,Shaun-William,1
532=,Shaw,1
532=,Shayne,1
532=,Sheban,1
532=,Shehbaz,1
532=,Sheikh,1
532=,Sheldon,1
532=,Sher,1
532=,Sherwin,1
532=,Shezad,1
532=,Shiv,1
532=,Shmeel,1
532=,Shohn,1
532=,Shravin,1
532=,Shuaib,1
532=,Silvanus,1
532=,Simranjit,1
532=,Sinclair,1
532=,Sion,1
532=,Siraj,1
532=,Skyler,1
532=,Slman,1
532=,Sohaib,1
532=,Solbjrn,1
532=,Soltan,1
532=,Soroosh,1
532=,Spinello,1
532=,Steaphan,1
532=,Stein,1
532=,Stephen-Andrew,1
532=,Stephen-James,1
532=,Strachan,1
532=,Stuibhart,1
532=,Suckvinder,1
532=,Suhail,1
532=,Suhayb,1
532=,Sui,1
532=,Sukhraj,1
532=,Sunny,1
532=,Suraj,1
532=,Swen,1
532=,Sydney,1
532=,Symon,1
532=,Tabish,1
532=,Tad,1
532=,Tadgh,1
532=,Taimur,1
532=,Takayuki,1
532=,Talis,1
532=,Tam,1
532=,Tant,1
532=,Tareq,1
532=,Taron,1
532=,Tarrant,1
532=,Teck,1
532=,Terance,1
532=,Terrance,1
532=,Tery,1
532=,Thom,1
532=,Todd,1
532=,Toni,1
532=,Torben,1
532=,Torcall,1
532=,Torran,1
532=,Traian,1
532=,Trever,1
532=,Tristran,1
532=,Tyler,1
532=,Ubaid-U-Rehman,1
532=,Uduma,1
532=,Ugochukwu,1
532=,Uisdean,1
532=,Umberto,1
532=,Umeer,1
532=,Usama,1
532=,Usmann,1
532=,Uzair,1
532=,Vahid,1
532=,Vajih-Ul,1
532=,Vernon,1
532=,Vicenzo,1
532=,Vickas,1
532=,Vijay,1
532=,Vikrant,1
532=,Vincenzo,1
532=,Waheed,1
532=,Wakas,1
532=,Walderik,1
532=,Waleed,1
532=,Waqaas,1
532=,Warner,1
532=,Wasif,1
532=,Wen,1
532=,Wesleigh,1
532=,Wessley,1
532=,Westley,1
532=,Wezi,1
532=,Wilson,1
532=,Yacine,1
532=,Yannick,1
532=,Yasha,1
532=,Yasser,1
532=,Yassine,1
532=,Yiannis,1
532=,Younis,1
532=,Yousaf,1
532=,Yousef,1
532=,Yousuf,1
532=,Yunseop,1
532=,Yusuf,1
532=,Zaak,1
532=,Zac,1
532=,Zahid,1
532=,Zaibb,1
532=,Zaid,1
532=,Zain-Ul-Abideen,1
532=,Zakar,1
532=,Zakaria,1
532=,Zaki,1
532=,Zamyad,1
532=,Zander,1
532=,Zayd,1
532=,Zayyan,1
532=,Zehn,1
532=,Zen,1
532=,Zeshan,1
532=,Zeus,1
532=,Zhakir,1
532=,Zion-Matthias,1
532=,Zishaan,1
532=,Zoeb,1
532=,Zoheab,1
532=,Zoheb,1
532=,Zubair,1
,,
,,
,,
,,
,,
,,
,,
,,
,,
,,
,,
,,
,,
,,
,,
,,
,,
,,
,,
,,
,,
,,
,,
,,
,,
,,
,,
,,
,,
,,
,,
,,
,,
,,
,,
,,
,,
,,
,,
,,
,,
,,
,,
,,
,,
,,
,,
,,
,,
,,
,,
,,
,,
,,
,,
,,
,,
,,
,,
,,
,,
,,
,,
,,
,,
,,
,,
,,
,,
,,
,,
,,
,,
,,
,,
,,
,,
,,
,,
,,
,,
,,
,,
,,
,,
,,
,,
,,
,,
,,
,,
,,
,,
,,
,,
,,
,,
,,
,,
,,
,,
,,
,,
,,
,,
,,
,,
,,
,,
,,
,,
,,
,,
,,
,,
,,
,,
,,
,,
,,
,,
,,
,,
,,
,,
,,
,,
,,
,,
,,
,,
,,
,,
,,
,,
,,
,,
,,
,,
,,
,,
,,
,,
,,
,,
,,
,,
,,
,,
,,
,,
,,
,,
,,
,,
,,
,,
,,
,,
,,
,,
,,
,,
,,
,,
,,
,,
,,
,,
,,
,,
,,
,,
,,
,,
,,
,,
,,
,,
,,
,,
,,
,,
,,
,,
,,
,,
,,
,,
,,
,,
,,
,,
,,
,,
,,
,,
,,
,,
,,
,,
,,
,,
,,
,,
,,
,,
,,
,,
,,
,,
,,
,,
,,
,,
,,
,,
,,
,,
,,
,,
,,
,,
,,
,,
,,
,,
,,
,,
,,
,,
,,
,,
,,
,,
,,
,,
,,
,,
,,
,,
,,
,,
,,
,,
,,
,,
,,
,,
,,
,,
,,
,,
,,
,,
,,
,,
,,
,,
,,
,,
,,
,,
,,
,,
,,
,,
,,
,,
,,
,,
,,
,,
,,
,,
,,
,,
,,
,,
,,
,,
,,
,,
,,
,,
,,
,,
,,
,,
,,
,,
,,
,,
,,
,,
,,
,,
,,
,,
,,
,,
,,
,,
,,
,,
,,
,,
,,
,,
,,
,,
,,
,,
,,
,,
,,
,,
,,
,,
,,
,,
,,
,,
,,
,,
,,
,,
,,
,,
,,
,,
,,
,,
,,
,,
,,
,,
,,
,,
,,
,,
,,
,,
,,
,,
,,
,,
,,
,,
,,
,,
,,
,,
,,
,,
,,
,,
,,
,,
,,
,,
,,
,,
,,
,,
,,
,,
,,
,,
,,
,,
,,
,,
,,
,,
,,
,,
,,
,,
,,
,,
,,
,,
,,
,,
,,
,,
,,
,,
,,
,,
,,
,,
,,
,,
,,
,,
,,
,,
,,
,,
,,
,,
,,
,,
,,
,,
,,
,,
,,
,,
,,
,,
,,
,,
,,
,,
,,
,,
,,
,,
,,
,,
,,
,,
,,
,,
,,
,,
,,
,,
,,
,,
,,
,,
,,
,,
,,
,,
,,
,,
,,
,,
,,
,,
,,
,,
,,
,,
,,
,,
,,
,,
,,
,,
,,
,,
,,
,,
,,
,,
,,
,,
,,
,,
,,
,,
,,
,,
,,
,,
,,
,,
,,
,,
,,
,,
,,
,,
,,
,,
,,
,,
,,
,,
,,
,,
,,
,,
,,
,,
,,
,,
,,
,,
,,
,,
,,
,,
,,
,,
,,
,,
,,
,,
,,
,,
,,
,,
,,
,,
,,
,,
,,
,,
,,
,,
,,
,,
,,
,,
,,
,,
,,
,,
,,
,,
,,
,,
,,
,,
,,
,,
,,
,,
,,
,,
,,
,,
,,
,,
,,
,,
,,
,,
,,
,,
,,
,,
,,
,,
,,
,,
,,
,,
,,
,,
,,
,,
,,
,,
,,
,,
,,
,,
,,
,,
,,
,,
,,
,,
,,
,,
,,
,,
,,
,,
,,
,,
,,
,,
,,
,,
,,
,,
,,
,,
,,
,,
,,
,,
,,
,,
,,
,,
,,
,,
,,
,,
,,
,,
,,
,,
,,
,,
,,
,,
,,
,,
,,
,,
,,
,,
,,
,,
,,
,,
,,
,,
,,
,,
,,
,,
,,
,,
,,
,,
,,
,,
,,
,,
,,
,,
,,
,,
,,
,,
,,
,,
,,
,,
,,
,,
,,
,,
,,
,,
,,
,,
,,
,,
,,
,,
,,
,,
,,
,,
,,
,,
,,
,,
,,
,,
,,
,,
,,
,,
,,
,,
,,
,,
,,
,,
,,
,,
,,
,,
,,
,,
,,
,,
,,
,,
,,
,,
,,
,,
,,
,,
,,
,,
,,
,,
,,
,,
,,
,,
,,
,,
,,
,,
,,
,,
,,
,,
,,
,,
,,
,,
,,
,,
,,
,,
,,
,,
,,
,,
,,
,,
,,
,,
,,
,,
,,
,,
,,
,,
,,
,,
,,
,,
,,
,,
,,
,,
,,
,,
,,
,,
,,
,,
,,
,,
,,
,,
,,
,,
,,
,,
,,
,,
,,
,,
,,
,,
,,
,,
,,
,,
,,
,,
,,
,,
,,
,,
,,
,,
,,
,,
,,
,,
,,
,,
,,
,,
,,
,,
,,
,,
,,
,,
,,
,,
,,
,,
,,
,,
,,
,,
,,
,,
,,
,,
,,
,,
,,
,,
,,
,,
,,
,,
,,
,,
,,
,,
,,
,,
,,
,,
,,
,,
,,
,,
,,
,,
,,
,,
,,
,,
,,
,,
,,
,,
,,
,,
,,
,,
,,
,,
,,
,,
,,
,,
,,
,,
,,
,,
,,
,,
,,
,,
,,
,,
,,
,,
,,
,,
,,
,,
,,
,,
,,
,,
,,
,,
,,
,,
,,
,,
,,
,,
,,
,,
,,
,,
,,
,,
,,
,,
,,
,,
,,
,,
,,
,,
,,
,,
,,
,,
,,
,,
,,
,,
,,
,,
,,
,,
,,
,,
,,
,,
,,
,,
,,
,,
,,
,,
,,
,,
,,
,,
,,
,,
,,
,,
,,
,,
,,
,,
,,
,,
,,
,,
,,
,,
,,
,,
,,
,,
,,
,,
,,
,,
,,
,,
,,
,,
,,
,,
,,
,,
,,
,,
,,
,,
,,
,,
,,
,,
,,
,,
,,
,,
,,
,,
,,
,,
,,
,,
,,
,,
,,
,,
,,
,,
,,
,,
,,
,,
,,
,,
,,
,,
,,
,,
,,
,,
,,
,,
,,
,,
,,
,,
,,
,,
,,
,,
,,
,,
,,
,,
,,
,,
,,
,,
,,
,,
,,
,,
,,
,,
,,
,,
,,
,,
,,
,,
,,
,,
,,
,,
,,
,,
,,
,,
,,
,,
,,
,,
,,
,,
,,
,,
,,
,,
,,
,,
,,
,,
,,
,,
,,
,,
,,
,,
,,
,,
,,
,,
,,
,,
,,
,,
,,
,,
,,
,,
,,
,,
,,
,,
,,
,,
,,
,,
,,
,,
,,
,,
,,
,,
,,
,,
,,
,,
,,
,,
,,
,,
,,
,,
,,
,,
,,
,,
,,
,,
,,
,,
,,
,,
,,
,,
,,
,,
,,
,,
,,
,,
,,
,,
,,
,,
,,
,,
,,
,,
,,
,,
,,
,,
,,
,,
,,
,,
,,
,,
,,
,,
,,
� Crown Copyright 2015,,
