Position,Name,Number of babies
1,David,1577
2,Christopher,1248
3,Scott,1210
4,Andrew,1083
5,James,1036
6,John,924
7,Craig,894
8,Michael,867
9,Mark,846
10,Steven,772
11,Paul,760
12,Ross,754
13,Robert,604
14,Stuart,572
15=,Ryan,569
15=,Stephen,569
17,Gary,532
18,Jamie,528
19,Kevin,522
20,William,482
21,Sean,462
22,Darren,457
23,Martin,433
24,Daniel,431
25,Thomas,429
26,Graeme,419
27,Alan,331
28,Jonathan,324
29,Richard,313
30,Lee,297
31,Alexander,292
32,Colin,290
33,Jason,279
34,Iain,272
35,Liam,270
36,Matthew,259
37=,Adam,230
37=,Calum,230
39,Peter,223
40,Graham,222
41,Shaun,219
42,Brian,218
43,Gavin,217
44,Ian,214
45,Marc,212
46,Neil,199
47=,Grant,195
47=,Kyle,195
49=,Fraser,188
49=,Gordon,188
51,Callum,185
52,Dean,182
53,Nicholas,172
54,Allan,171
55,Joseph,161
56,Lewis,156
57,Kenneth,152
58,Stewart,148
59,Barry,146
60,Anthony,145
61,Greg,141
62,Euan,130
63,Derek,126
64=,George,119
64=,Simon,119
66=,Alistair,114
66=,Garry,114
68=,Douglas,112
68=,Jordan,112
70,Duncan,107
71=,Patrick,97
71=,Samuel,97
73=,Aaron,96
73=,Charles,96
75=,Bryan,91
75=,Ewan,91
75=,Philip,91
78,Benjamin,84
79,Martyn,83
80,Kieran,81
81,Donald,80
82,Jack,79
83,Alasdair,78
84,Cameron,76
85,Rory,74
86,Keith,70
87,Gareth,67
88,Blair,66
89,Edward,64
90,Alastair,62
91,Luke,61
92,Dale,59
93,Kristopher,54
94=,Greig,48
94=,Raymond,48
96=,Gregor,47
96=,Malcolm,47
98=,Ben,45
98=,Niall,45
100,Sam,43
101=,Bruce,42
101=,Murray,42
103,Mohammed,40
104=,Kris,39
104=,Russell,39
106=,Shane,38
106=,Wayne,38
108=,Gerard,37
108=,Owen,37
110=,Jonathon,36
110=,Nathan,36
110=,Ronald,36
113=,Daryl,35
113=,Robbie,35
115=,Angus,34
115=,Oliver,34
117,Hugh,33
118=,Antony,31
118=,Timothy,31
120,Kristofer,30
121,Robin,29
122,Joshua,28
123=,Danny,27
123=,Francis,27
125,Brendan,26
126=,Dominic,25
126=,Jon,25
126=,Mohammad,25
129=,Joe,24
129=,Nicky,24
129=,Terry,24
129=,Tony,24
133=,Adrian,23
133=,Drew,23
135=,Frazer,22
135=,Mathew,22
137,Kristoffer,21
138=,Billy,20
138=,Harry,20
140=,Damien,19
140=,Johnathan,19
140=,Roy,19
143=,Ciaran,18
143=,Finlay,18
143=,Hamish,18
146=,Alisdair,17
146=,Bradley,17
146=,Vincent,17
149=,Chris,16
149=,Connor,16
149=,Damon,16
149=,Eric,16
149=,Frank,16
149=,Gregory,16
149=,Jay,16
149=,Karl,16
149=,Leigh,16
149=,Phillip,16
149=,Sandy,16
149=,Stefan,16
149=,Tom,16
162=,Aidan,15
162=,Keiran,15
162=,Lawrence,15
162=,Nicolas,15
166=,Arron,14
166=,Campbell,14
166=,Conor,14
166=,Kieron,14
166=,Omar,14
166=,Ruairidh,14
166=,Ruaridh,14
173=,Ashley,13
173=,Barrie,13
173=,Ewen,13
173=,Fergus,13
173=,Henry,13
173=,Jake,13
173=,Louis,13
173=,Scot,13
181=,Arran,12
181=,Innes,12
181=,Justin,12
181=,Laurence,12
181=,Marcus,12
181=,Ruaraidh,12
187=,Derrick,11
187=,Glen,11
187=,Gregg,11
187=,Guy,11
187=,Kerr,11
187=,Nikki,11
187=,Ritchie,11
187=,Ruari,11
195=,Anton,10
195=,Daryn,10
195=,Dayne,10
195=,Joel,10
195=,Leslie,10
195=,Ricky,10
195=,Rikki,10
195=,Struan,10
195=,Terence,10
204=,Dane,9
204=,Elliot,9
204=,Jeffrey,9
204=,Josh,9
204=,Marco,9
204=,Muhammad,9
204=,Ray,9
204=,Roddy,9
212=,Bobby,8
212=,Brett,8
212=,Carl,8
212=,Damian,8
212=,Gerald,8
212=,Imran,8
212=,Lindsay,8
212=,Lloyd,8
212=,Lyle,8
212=,Myles,8
212=,Neill,8
212=,Norman,8
212=,Rhys,8
212=,Tobias,8
212=,Warren,8
227=,Abdul,7
227=,Amir,7
227=,Bilal,7
227=,Brodie,7
227=,Calvin,7
227=,Christian,7
227=,Darryl,7
227=,Darryn,7
227=,Denis,7
227=,Hector,7
227=,Jacob,7
227=,Jaimie,7
227=,Keir,7
227=,Kenny,7
227=,Laurie,7
227=,Magnus,7
227=,Neal,7
227=,Nigel,7
227=,Ralph,7
227=,Ramsay,7
227=,Reece,7
227=,Roderick,7
227=,Ronnie,7
227=,Shawn,7
227=,Usman,7
252=,Ahmad,6
252=,Alister,6
252=,Bryce,6
252=,Clark,6
252=,Darrell,6
252=,Dennis,6
252=,Evan,6
252=,Findlay,6
252=,Gerrard,6
252=,Glenn,6
252=,Jayson,6
252=,Kai,6
252=,Kelvin,6
252=,Lachlan,6
252=,Mitchell,6
252=,Neale,6
252=,Stevie,6
252=,Walter,6
252=,Zachary,6
271=,Ahmed,5
271=,Alain,5
271=,Alex,5
271=,Allen,5
271=,Archibald,5
271=,Brandon,5
271=,Brent,5
271=,Conner,5
271=,Dario,5
271=,Darran,5
271=,Dylan,5
271=,Erik,5
271=,Grahame,5
271=,Harris,5
271=,Isaac,5
271=,Jeremy,5
271=,Keiron,5
271=,Khalid,5
271=,Leon,5
271=,Max,5
271=,Mohsin,5
271=,Morgan,5
271=,Stephan,5
271=,Troy,5
295=,Ali,4
295=,Alick,4
295=,Allister,4
295=,Archie,4
295=,Asif,4
295=,Asim,4
295=,Austin,4
295=,Balal,4
295=,Bernard,4
295=,Blain,4
295=,Carlo,4
295=,Darrin,4
295=,Eamon,4
295=,Eoin,4
295=,Frederick,4
295=,Garreth,4
295=,Haroon,4
295=,Jared,4
295=,Jim,4
295=,Jody,4
295=,John-Paul,4
295=,Johnathon,4
295=,Johnnie,4
295=,Kevan,4
295=,Kieren,4
295=,Kirk,4
295=,Kriss,4
295=,Kristofor,4
295=,Lawrie,4
295=,Logan,4
295=,Lorne,4
295=,Lucas,4
295=,Maxwell,4
295=,Mohamed,4
295=,Mohd,4
295=,Moray,4
295=,Niki,4
295=,Nikolas,4
295=,Rowan,4
295=,Ruaidhri,4
295=,Trevor,4
295=,Zak,4
337=,Aarron,3
337=,Adeel,3
337=,Aiden,3
337=,Alec,3
337=,Andrea,3
337=,Antonio,3
337=,Aran,3
337=,Arif,3
337=,Aron,3
337=,Arthur,3
337=,Blaine,3
337=,Blake,3
337=,Cailean,3
337=,Cal,3
337=,Chi,3
337=,Chun,3
337=,Connell,3
337=,Corrie,3
337=,Creag,3
337=,Daren,3
337=,Darron,3
337=,Dayle,3
337=,Declan,3
337=,Del,3
337=,Derick,3
337=,Desmond,3
337=,Eamonn,3
337=,Eddie,3
337=,Forbes,3
337=,Geoffrey,3
337=,Gilbert,3
337=,Giovanni,3
337=,Gurdeep,3
337=,Harrison,3
337=,Hassan,3
337=,Ho,3
337=,Hussain,3
337=,Jackie,3
337=,Jaime,3
337=,Jed,3
337=,Jimmy,3
337=,Johnny,3
337=,Jorge,3
337=,Joss,3
337=,Julian,3
337=,Kane,3
337=,Kar,3
337=,Karim,3
337=,Kasim,3
337=,Khaled,3
337=,Kristian,3
337=,Lance,3
337=,Leonard,3
337=,Lyall,3
337=,Mahmoud,3
337=,Majid,3
337=,Marshall,3
337=,Mohamad,3
337=,Muir,3
337=,Murdo,3
337=,Nathaniel,3
337=,Nickolas,3
337=,Nicol,3
337=,Osman,3
337=,Ricki,3
337=,Roberto,3
337=,Roddie,3
337=,Roger,3
337=,Ronan,3
337=,Ruairi,3
337=,Seamus,3
337=,Stanley,3
337=,Steve,3
337=,Tahir,3
337=,Taylor,3
337=,Toby,3
337=,Tristan,3
337=,Victor,3
337=,Wai,3
337=,Wesley,3
337=,Youssef,3
337=,Zack,3
419=,Adem,2
419=,Adil,2
419=,Adnan,2
419=,Alessandro,2
419=,Alfred,2
419=,Alix,2
419=,Allistair,2
419=,Alyn,2
419=,Amar,2
419=,Amardeep,2
419=,Amarjit,2
419=,Andreas,2
419=,Antoni,2
419=,Aonghas,2
419=,Aqib,2
419=,Arfan,2
419=,Ari,2
419=,Asa,2
419=,Atif,2
419=,Balraj,2
419=,Barnaby,2
419=,Bing,2
419=,Brad,2
419=,Brendon,2
419=,Byron,2
419=,Chad,2
419=,Charlie,2
419=,Christiaan,2
419=,Connar,2
419=,Conrad,2
419=,Cornelius,2
419=,Crawford,2
419=,Curtis,2
419=,Dain,2
419=,Daljit,2
419=,Darin,2
419=,Darius,2
419=,Darrel,2
419=,Daryll,2
419=,Davie,2
419=,Dene,2
419=,Dereck,2
419=,Dhani,2
419=,Diarmid,2
419=,Dirk,2
419=,Dominik,2
419=,Don,2
419=,Donnie,2
419=,Dougal,2
419=,Dwain,2
419=,Dwane,2
419=,Ernest,2
419=,Eugene,2
419=,Faisal,2
419=,Farhan,2
419=,Fearghas,2
419=,Frankie,2
419=,Gerry,2
419=,Gianluca,2
419=,Gino,2
419=,Glyn,2
419=,Gurpreet,2
419=,Hamid,2
419=,Hamza,2
419=,Harpreet,2
419=,Hasan,2
419=,Howard,2
419=,Ieuan,2
419=,Irfan,2
419=,Ismail,2
419=,Ivan,2
419=,Ivor,2
419=,Jackson,2
419=,Jae,2
419=,Jan,2
419=,Jeff,2
419=,Jez,2
419=,Johnstone,2
419=,Jorden,2
419=,Josef,2
419=,Juan,2
419=,Kal,2
419=,Kam,2
419=,Kamal,2
419=,Keiren,2
419=,Ken,2
419=,Kerry,2
419=,Laith,2
419=,Levi,2
419=,Ludovic,2
419=,Man,2
419=,Matteo,2
419=,Maximilian,2
419=,Muhammed,2
419=,Mustafa,2
419=,Nabeel,2
419=,Naveed,2
419=,Nicki,2
419=,Nico,2
419=,Nikolaos,2
419=,Noel,2
419=,Oran,2
419=,Paolo,2
419=,Perry,2
419=,Phil,2
419=,Quintin,2
419=,Ramzan,2
419=,Ramzi,2
419=,Ranald,2
419=,Remo,2
419=,Reuben,2
419=,Rhodri,2
419=,Rhuaraidh,2
419=,Rhuari,2
419=,Riccardo,2
419=,Rishi,2
419=,Rizwan,2
419=,Roan,2
419=,Rudi,2
419=,Saad,2
419=,Sacha,2
419=,Samer,2
419=,Sandeep,2
419=,Saqib,2
419=,Saul,2
419=,Seyed,2
419=,Shannon,2
419=,Shayne,2
419=,Sinclair,2
419=,Sion,2
419=,Sonny,2
419=,Sui,2
419=,Sunil,2
419=,Syed,2
419=,Tariq,2
419=,Theo,2
419=,Tomas,2
419=,Tommy,2
419=,Travis,2
419=,Umar,2
419=,Waqqas,2
419=,Zander,2
419=,Zen,2
419=,Zohaib,2
563=,Aaran,1
563=,Abdal-Naser,1
563=,Abdaleilah,1
563=,Abdel,1
563=,Abdelaziz,1
563=,Abdulhameed,1
563=,Abdurrahman,1
563=,Abeer,1
563=,Abid,1
563=,Abu-Bakr,1
563=,Adam-Ross,1
563=,Aden,1
563=,Adesh,1
563=,Adiel,1
563=,Adnaan,1
563=,Aemad,1
563=,Afaq,1
563=,Afif,1
563=,Ahamed,1
563=,Ahearn,1
563=,Ahron,1
563=,Ahsim,1
563=,Aiman,1
563=,Aimin,1
563=,Ainslie,1
563=,Akas,1
563=,Akbar,1
563=,Akhmal,1
563=,Al-Miqdad,1
563=,Alaan,1
563=,Alban,1
563=,Albert,1
563=,Alberto,1
563=,Alen,1
563=,Alessio,1
563=,Alexandar,1
563=,Alexei,1
563=,Alig,1
563=,Allyn,1
563=,Allyn-William,1
563=,Almaas,1
563=,Amaad,1
563=,Amanjeet,1
563=,Amanvir,1
563=,Amer,1
563=,Amin,1
563=,Amirul,1
563=,Amit,1
563=,Amjad,1
563=,Ammar,1
563=,Amos,1
563=,Amraj,1
563=,Amreek,1
563=,Amritpal,1
563=,Anas,1
563=,Anderson,1
563=,Andie,1
563=,Andr'e,1
563=,Andrei,1
563=,Andreios,1
563=,Andy,1
563=,Angelino,1
563=,Anil,1
563=,Anis,1
563=,Annan,1
563=,Anne,1
563=,Anntoin,1
563=,Antionio,1
563=,Anuj,1
563=,Anup,1
563=,Aqeel,1
563=,Archer,1
563=,Ardave,1
563=,Ardavon,1
563=,Areain,1
563=,Arjen,1
563=,Arjun,1
563=,Arminder,1
563=,Arnar,1
563=,Arshish,1
563=,Arslaan,1
563=,Arveen,1
563=,Asad,1
563=,Asaf,1
563=,Ash,1
563=,Ashiel,1
563=,Ashleigh,1
563=,Ashton,1
563=,Asjad,1
563=,Aslam,1
563=,Asman,1
563=,Aston,1
563=,Athar,1
563=,Athif,1
563=,Atta-Ul-Mustafa,1
563=,Aubrey,1
563=,Aulay,1
563=,Aurelian,1
563=,Austyn,1
563=,Avais,1
563=,Ayden,1
563=,Aynsley,1
563=,Azad,1
563=,Azeem,1
563=,Azri,1
563=,Badar,1
563=,Bakr,1
563=,Baldeep,1
563=,Baldev,1
563=,Baljit,1
563=,Barnabas,1
563=,Barry-John,1
563=,Bartholomew,1
563=,Basem,1
563=,Bejay,1
563=,Benedict,1
563=,Berkan,1
563=,Bertie,1
563=,Besam,1
563=,Bill,1
563=,Blayne,1
563=,Bobbie,1
563=,Bonar,1
563=,Boyd,1
563=,Bradly,1
563=,Brady,1
563=,Braun,1
563=,Brendan-Patrick,1
563=,Bret,1
563=,Bruis,1
563=,Bruno,1
563=,Buchanan,1
563=,Caillin,1
563=,Calaum,1
563=,Cale,1
563=,Caleb,1
563=,Callan,1
563=,Caluman,1
563=,Careth,1
563=,Carin,1
563=,Carlos,1
563=,Carrick,1
563=,Casci,1
563=,Casey,1
563=,Casimir,1
563=,Cathal,1
563=,Cemali,1
563=,Chang-In,1
563=,Charanjit,1
563=,Charlie-Luines,1
563=,Chaz,1
563=,Chein,1
563=,Cheryl,1
563=,Chester,1
563=,Chistopher,1
563=,Chon,1
563=,Christie,1
563=,Christofer,1
563=,Christoffer,1
563=,Christopher-All,1
563=,Christos,1
563=,Cian,1
563=,Cieran,1
563=,Claire,1
563=,Clarke,1
563=,Claudio,1
563=,Clint,1
563=,Coen,1
563=,Cole,1
563=,Coll,1
563=,Con,1
563=,Conn,1
563=,Connal,1
563=,Connel,1
563=,Constantine,1
563=,Corran,1
563=,Cory,1
563=,Craige,1
563=,Craigh,1
563=,Cree,1
563=,Cristin,1
563=,Cristophe,1
563=,Cristovao,1
563=,Cuillin,1
563=,Dagfinn,1
563=,Dahl,1
563=,Daman,1
563=,Damen,1
563=,Damion,1
563=,Dan,1
563=,Daniell,1
563=,Danielle,1
563=,Danish,1
563=,Danni,1
563=,Dante,1
563=,Darell,1
563=,Darpan,1
563=,Darrion,1
563=,Darroch,1
563=,Darroll,1
563=,Dawood,1
563=,Deborah,1
563=,Delbhag,1
563=,Denny,1
563=,Denver,1
563=,Derek-Daniel,1
563=,Derik,1
563=,Dermot,1
563=,Derri,1
563=,Deryk,1
563=,Deven,1
563=,Devin,1
563=,Devlin,1
563=,Devyn,1
563=,Dharminder,1
563=,Dheen,1
563=,Dhramveer,1
563=,Diederik,1
563=,Dillon,1
563=,Dixon,1
563=,Djon,1
563=,Dmitri,1
563=,Domenico,1
563=,Dominick,1
563=,Domonic,1
563=,Domonik,1
563=,Donal,1
563=,Dong-Kyu,1
563=,Donny,1
563=,Donovan,1
563=,Dorian,1
563=,Doriane,1
563=,Dunbar,1
563=,Dylon,1
563=,Eammon,1
563=,Ecka,1
563=,Edgar,1
563=,Edghan,1
563=,Edmund,1
563=,Ehmar,1
563=,Ehsan,1
563=,Eiichiro,1
563=,Eilidh,1
563=,Ekow,1
563=,Eleanor,1
563=,Eliot,1
563=,Elliott,1
563=,Ellis,1
563=,Enoch,1
563=,Enrique,1
563=,Eoghain,1
563=,Eoghainn,1
563=,Eren,1
563=,Erin,1
563=,Erland,1
563=,Erlend,1
563=,Errol,1
563=,Ersan,1
563=,Ethan,1
563=,Eystein,1
563=,Fabio,1
563=,Fahd,1
563=,Fahim,1
563=,Faraz,1
563=,Farhad,1
563=,Farin,1
563=,Faris,1
563=,Farmaan,1
563=,Farman,1
563=,Farquhar,1
563=,Farsheed,1
563=,Fearghus,1
563=,Feraz,1
563=,Fergal,1
563=,Fielding,1
563=,Fife,1
563=,Finbarr,1
563=,Fionn,1
563=,Firaz,1
563=,Ford,1
563=,Forrest,1
563=,Francesco,1
563=,Fred,1
563=,Freddy,1
563=,Frewen,1
563=,Furqan,1
563=,Fynn,1
563=,Ga,1
563=,Gabriel,1
563=,Gaetano,1
563=,Gains,1
563=,Gaius,1
563=,Galain,1
563=,Ganrav,1
563=,Gari,1
563=,Garion,1
563=,Garri,1
563=,Garrie,1
563=,Garrison,1
563=,Garth,1
563=,Gaurev,1
563=,Gavan,1
563=,Gaven,1
563=,Ged,1
563=,Geo,1
563=,Georgios,1
563=,Gian,1
563=,Giancarlo,1
563=,Gianpaolo,1
563=,Gianpiero,1
563=,Gilan,1
563=,Gillian,1
563=,Gillon,1
563=,Gilmour,1
563=,Giorgos,1
563=,Girvin,1
563=,Giuseppe,1
563=,Gowan,1
563=,Grigor,1
563=,Gurcharanjeet,1
563=,Gurcharn,1
563=,Gurditt,1
563=,Gurheera,1
563=,Gurjit,1
563=,Gurkirtan,1
563=,Gurmahl,1
563=,Gurmej,1
563=,Gurpal,1
563=,Gurpeet,1
563=,Gurpreeth,1
563=,Gurvain,1
563=,Gurvinder,1
563=,Gustav,1
563=,Hammaad,1
563=,Hammond,1
563=,Hamzah,1
563=,Hanif,1
563=,Hao,1
563=,Hari,1
563=,Harinderpal,1
563=,Harjit,1
563=,Harleen,1
563=,Harold,1
563=,Harpal,1
563=,Harray,1
563=,Harvey,1
563=,Haseeb,1
563=,Hasnain,1
563=,Hassain,1
563=,Hatim,1
563=,Haydon,1
563=,Hayley,1
563=,Hesham,1
563=,Hiatham,1
563=,Hin,1
563=,Hok,1
563=,Hosam,1
563=,Houmam,1
563=,Hsham,1
563=,Hue,1
563=,Hughie,1
563=,Hugo,1
563=,Hummad,1
563=,Hushang,1
563=,Hussan,1
563=,Ibnan,1
563=,Ibraheem,1
563=,Ibrar,1
563=,Idrees,1
563=,Ifedade,1
563=,Ihsan,1
563=,Ihtasham,1
563=,Ihtesham,1
563=,Ikechi,1
563=,Imadudin,1
563=,Iman,1
563=,Iqbal,1
563=,Irfaan,1
563=,Irvine,1
563=,Isfan,1
563=,Ivar,1
563=,Jabad,1
563=,Jabraan,1
563=,Jabran,1
563=,Jacky,1
563=,Jafar,1
563=,Jahred,1
563=,Jai,1
563=,Jamed,1
563=,James-William,1
563=,Jamie-Lee,1
563=,Jamiey,1
563=,Jamsie,1
563=,Jan-Torben,1
563=,Jardin,1
563=,Jarrad,1
563=,Jarrid,1
563=,Jarrod,1
563=,Jarvis,1
563=,Jasmeet,1
563=,Jasminder,1
563=,Jatinder,1
563=,Javaud,1
563=,Jawad,1
563=,Jaye,1
563=,Jayke,1
563=,Jaymie,1
563=,Jazam,1
563=,Jeeshan,1
563=,Jeetinder,1
563=,Jephthah,1
563=,Jerald,1
563=,Jeremiah,1
563=,Jeroen,1
563=,Jerome,1
563=,Jerry,1
563=,Jesus,1
563=,Jo,1
563=,Jodi,1
563=,Jodie,1
563=,Joey,1
563=,Joga,1
563=,Johanathon,1
563=,Johanthan,1
563=,Johnaithan,1
563=,Johnie,1
563=,Johnothon,1
563=,Johnson,1
563=,Jon-Paul,1
563=,Jonothan,1
563=,Jordam,1
563=,Jordi,1
563=,Jourdan,1
563=,Jude,1
563=,Jun,1
563=,Junaid,1
563=,Junior,1
563=,Junji,1
563=,Justyn,1
563=,Kahsif,1
563=,Kaleb,1
563=,Kalid,1
563=,Kallum,1
563=,Kamran,1
563=,Kapil,1
563=,Kareem,1
563=,Karen,1
563=,Karolos,1
563=,Karsten,1
563=,Kartaar,1
563=,Kashif,1
563=,Kayleigh,1
563=,Kazuhiro,1
563=,Kean,1
563=,Kearn,1
563=,Keegan,1
563=,Keeran,1
563=,Keil,1
563=,Kellie,1
563=,Kelly,1
563=,Kelman,1
563=,Kennith,1
563=,Kent,1
563=,Keran,1
563=,Kerrin,1
563=,Kev,1
563=,Keyl,1
563=,Khairul,1
563=,Khaleel,1
563=,Khalil,1
563=,Khuram,1
563=,Khurim,1
563=,Kian,1
563=,Kierean,1
563=,Kierian,1
563=,Kierin,1
563=,Killion,1
563=,Kim,1
563=,Kin,1
563=,Kinnon,1
563=,Kiri,1
563=,Kirnjit,1
563=,Kit-Man,1
563=,Koan,1
563=,Kofi,1
563=,Koon,1
563=,Koos,1
563=,Krisstofer,1
563=,Kristen,1
563=,Krystopher,1
563=,Kultar,1
563=,Kultaran,1
563=,Kulwinder,1
563=,Kurt,1
563=,Kurtus,1
563=,Kwan-Ting,1
563=,Kwok,1
563=,Kwok-Bon,1
563=,Kwong,1
563=,Kyle-Fergus,1
563=,Kyran,1
563=,Laird,1
563=,Laurens,1
563=,Laurent,1
563=,Laurie-Francis,1
563=,Leah,1
563=,Lee-Andrew,1
563=,Leighton,1
563=,Leo,1
563=,Leopoldo,1
563=,Les,1
563=,Leum,1
563=,Lewiss,1
563=,Liall,1
563=,Liamm,1
563=,Liaran,1
563=,Lias,1
563=,Llandyll,1
563=,Loong,1
563=,Lorimer,1
563=,Louie,1
563=,Luca,1
563=,Lucais,1
563=,Lukas,1
563=,Luthan,1
563=,Lyden,1
563=,Lyes,1
563=,Lyndsey,1
563=,Mackay,1
563=,Mackinlay,1
563=,Mahmudur,1
563=,Majeed,1
563=,Malek,1
563=,Malik,1
563=,Manson,1
563=,Manveer,1
563=,Marek,1
563=,Mariano,1
563=,Mario,1
563=,Marius,1
563=,Mark-Denis,1
563=,Markos,1
563=,Marque,1
563=,Marti,1
563=,Marty,1
563=,Mason,1
563=,Massimo,1
563=,Matheau,1
563=,Mathias,1
563=,Maurice,1
563=,Maximillian,1
563=,Maziduz,1
563=,Mcgregor,1
563=,Mehmet,1
563=,Melung,1
563=,Merlyn,1
563=,Mervyn,1
563=,Metad,1
563=,Michael-Angelo,1
563=,Micheal,1
563=,Michel,1
563=,Michele,1
563=,Mihail,1
563=,Miikka,1
563=,Mike,1
563=,Mikey,1
563=,Mirza,1
563=,Mitch,1
563=,Mkama,1
563=,Mohiboor,1
563=,Mohsan,1
563=,Mojahid,1
563=,Mojtaba,1
563=,Morris,1
563=,Morrison,1
563=,Mostfa,1
563=,Mouath,1
563=,Mourad,1
563=,Mubarak,1
563=,Mubasher,1
563=,Mubishar,1
563=,Mulbah-Zumo,1
563=,Mundeep,1
563=,Muneeb,1
563=,Murdoch,1
563=,Mus'ab,1
563=,Mustafah,1
563=,Mutabazi,1
563=,Mutasir,1
563=,Mutaz,1
563=,Muthanna,1
563=,Muzafar,1
563=,Muzumil,1
563=,Myjkalo,1
563=,Mykle,1
563=,Mylie,1
563=,Nadeem,1
563=,Nader,1
563=,Nadine,1
563=,Naeem,1
563=,Nairn,1
563=,Naithan,1
563=,Najmul,1
563=,Nasir,1
563=,Nasser,1
563=,Nassim,1
563=,Nathanael,1
563=,Navid,1
563=,Navin,1
563=,Navnjeev,1
563=,Navtej,1
563=,Navvir,1
563=,Nicandro,1
563=,Nicci,1
563=,Nicco,1
563=,Niccolas,1
563=,Nicholaas,1
563=,Nick,1
563=,Nickie,1
563=,Nickios,1
563=,Nicolaos,1
563=,Nicolo,1
563=,Nicone,1
563=,Nikky,1
563=,Niklavs,1
563=,Nikolaus,1
563=,Niky,1
563=,Nils,1
563=,Nitin,1
563=,Noah,1
563=,Nolan,1
563=,Obinna,1
563=,Omair,1
563=,Omara,1
563=,Omeair,1
563=,Onyekachi,1
563=,Ori,1
563=,Orin,1
563=,Orry,1
563=,Oskar,1
563=,Ossama,1
563=,Oussama,1
563=,Panayotis,1
563=,Parbeer,1
563=,Parves,1
563=,Paul-Alexander,1
563=,Paull,1
563=,Pawel,1
563=,Pejwak,1
563=,Perrin,1
563=,Pier,1
563=,Pierce,1
563=,Prahlad,1
563=,Preston,1
563=,Puluntu,1
563=,Pushkar,1
563=,Puthenparambil,1
563=,Qaiser,1
563=,Qasim,1
563=,Quinn,1
563=,Qussi,1
563=,Rab,1
563=,Rabah,1
563=,Rabnawaz,1
563=,Race,1
563=,Raemond,1
563=,Rafeih,1
563=,Raghnall,1
563=,Raheal,1
563=,Raheel,1
563=,Rahim,1
563=,Rahmaan,1
563=,Rainer,1
563=,Raja,1
563=,Rajan,1
563=,Rajinder,1
563=,Raju,1
563=,Ramak,1
563=,Rameez,1
563=,Rami,1
563=,Ramin,1
563=,Ramone,1
563=,Ramsey,1
563=,Ranjit,1
563=,Rashad,1
563=,Rashid,1
563=,Raul,1
563=,Ravi,1
563=,Ravinder,1
563=,Rebecca,1
563=,Rebekah,1
563=,Recai,1
563=,Redford,1
563=,Rees,1
563=,Reeve,1
563=,Rehaan,1
563=,Rehan,1
563=,Rehmaan,1
563=,Remi,1
563=,Remke,1
563=,Rew,1
563=,Rhaman,1
563=,Rhodric,1
563=,Rhorry,1
563=,Rhory,1
563=,Rhun,1
563=,Ricardo,1
563=,Riley,1
563=,Rion,1
563=,Rishabh,1
563=,Rizwanur,1
563=,Roald,1
563=,Rob,1
563=,Robail,1
563=,Robbi,1
563=,Robbie-James,1
563=,Robby,1
563=,Roelof,1
563=,Rohit,1
563=,Rose,1
563=,Ross-Philip,1
563=,Ruairaidh,1
563=,Ruairioh,1
563=,Rualdhri,1
563=,Rudy,1
563=,Rupert,1
563=,Ruraidh,1
563=,Ryen,1
563=,Ryhian,1
563=,Ryhs,1
563=,Sadik,1
563=,Saeed,1
563=,Sahail,1
563=,Saif,1
563=,Saif-Ur-Rahman,1
563=,Saiful,1
563=,Sajad,1
563=,Sajeel,1
563=,Sajid,1
563=,Salaam,1
563=,Salathiel,1
563=,Salim,1
563=,Salman,1
563=,Samad,1
563=,Samantha,1
563=,Sami,1
563=,Samir,1
563=,Samiullah,1
563=,Sammi,1
563=,Sanday,1
563=,Sandie,1
563=,Sandro,1
563=,Sanjeet,1
563=,Santino,1
563=,Sara,1
563=,Satvindar,1
563=,Sayedul,1
563=,Sayyed,1
563=,Sebastian,1
563=,Sebastien,1
563=,Seif,1
563=,Semir,1
563=,Serdar,1
563=,Seumus,1
563=,Sevki,1
563=,Shabaz,1
563=,Shafin,1
563=,Shafiqul,1
563=,Shah,1
563=,Shahed,1
563=,Shahrukh,1
563=,Shamsu,1
563=,Sharan,1
563=,Sharum,1
563=,Shashi,1
563=,Shehzad,1
563=,Shehzada,1
563=,Sheraz,1
563=,Sheyi,1
563=,Shiv,1
563=,Shoichi,1
563=,Sian,1
563=,Siann,1
563=,Sigurd,1
563=,Sikundar,1
563=,Simeon,1
563=,Simone,1
563=,Simson,1
563=,Sinead,1
563=,Sirmd,1
563=,Skott,1
563=,Sohail,1
563=,Soleh,1
563=,Soltan,1
563=,Somerled,1
563=,Somhairle,1
563=,Stacey,1
563=,Stanislaus,1
563=,Stathis,1
563=,Steesh,1
563=,Steff,1
563=,Stefhan,1
563=,Stirling,1
563=,Subhan,1
563=,Suchdev,1
563=,Suhiol,1
563=,Sukhdeep,1
563=,Sukhjit,1
563=,Sukhpal,1
563=,Sukwinder,1
563=,Suleman,1
563=,Sumil,1
563=,Sutej,1
563=,Sven,1
563=,Taha,1
563=,Takashi,1
563=,Tamir,1
563=,Tarek,1
563=,Tasneem,1
563=,Tatsuya,1
563=,Taufiq,1
563=,Taymoor,1
563=,Taymour,1
563=,Ted,1
563=,Terrence,1
563=,Thaseeb,1
563=,Thawn,1
563=,Theodore,1
563=,Theresa,1
563=,Thor,1
563=,Thurstan,1
563=,Todd,1
563=,Tommie,1
563=,Tomos,1
563=,Toni,1
563=,Tonnie,1
563=,Torquil,1
563=,Torren,1
563=,Tracey,1
563=,Tristram,1
563=,Tristrum,1
563=,Tshisele,1
563=,Tsim,1
563=,Tukeer,1
563=,Tze,1
563=,Udayan,1
563=,Unis,1
563=,Vanien,1
563=,Vaughan,1
563=,Vicky,1
563=,Vijay,1
563=,Vikas,1
563=,Vikash,1
563=,Viktor,1
563=,Vince,1
563=,Vishnu,1
563=,Vito,1
563=,Vittorio,1
563=,Waheed,1
563=,Wallace,1
563=,Waqas,1
563=,Warin,1
563=,Waseem,1
563=,Wei,1
563=,Wesam,1
563=,Willam,1
563=,Willie,1
563=,Win,1
563=,Wing,1
563=,Wynford,1
563=,Yameen,1
563=,Yaseen,1
563=,Yaser,1
563=,Yassar,1
563=,Yassine,1
563=,Yeman,1
563=,Yigal,1
563=,Yosef,1
563=,Yosif,1
563=,Yousaf,1
563=,Yousef,1
563=,Ythan,1
563=,Yuen,1
563=,Yung,1
563=,Yusaf,1
563=,Yusuf,1
563=,Yuya,1
563=,Zac,1
563=,Zahid,1
563=,Zain,1
563=,Zakari,1
563=,Zeeshaan,1
563=,Zeeshan,1
563=,Zehn,1
563=,Zeshan,1
563=,Ziggy,1
563=,Zoheb,1
563=,Zohib,1
563=,Zubair,1
563=,Zuheir,1
,,
,,
,,
,,
,,
,,
,,
,,
,,
,,
,,
,,
,,
,,
,,
,,
,,
,,
,,
,,
,,
,,
,,
,,
,,
,,
,,
,,
,,
,,
,,
,,
,,
,,
,,
,,
,,
,,
,,
,,
,,
,,
,,
,,
,,
,,
,,
,,
,,
,,
,,
,,
,,
,,
,,
,,
,,
,,
,,
,,
,,
,,
,,
,,
,,
,,
,,
,,
,,
,,
,,
,,
,,
,,
,,
,,
,,
,,
,,
,,
,,
,,
,,
,,
,,
,,
,,
,,
,,
,,
,,
,,
,,
,,
,,
,,
,,
,,
,,
,,
,,
,,
,,
,,
,,
,,
,,
,,
,,
,,
,,
,,
,,
,,
,,
,,
,,
,,
,,
,,
,,
,,
,,
,,
,,
,,
,,
,,
,,
,,
,,
,,
,,
,,
,,
,,
,,
,,
,,
,,
,,
,,
,,
,,
,,
,,
,,
,,
,,
,,
,,
,,
,,
,,
,,
,,
,,
,,
,,
,,
,,
,,
,,
,,
,,
,,
,,
,,
,,
,,
,,
,,
,,
,,
,,
,,
,,
,,
,,
,,
,,
,,
,,
,,
,,
,,
,,
,,
,,
,,
,,
,,
,,
,,
,,
,,
,,
,,
,,
,,
,,
,,
,,
,,
,,
,,
,,
,,
,,
,,
,,
,,
,,
,,
,,
,,
,,
,,
,,
,,
,,
,,
,,
,,
,,
,,
,,
,,
,,
,,
,,
,,
,,
,,
,,
,,
,,
,,
,,
,,
,,
,,
,,
,,
,,
,,
,,
,,
,,
,,
,,
,,
,,
,,
,,
,,
,,
,,
,,
,,
,,
,,
,,
,,
,,
,,
,,
,,
,,
,,
,,
,,
,,
,,
,,
,,
,,
,,
,,
,,
,,
,,
,,
,,
,,
,,
,,
,,
,,
,,
,,
,,
,,
,,
,,
,,
,,
,,
,,
,,
,,
,,
,,
,,
,,
,,
,,
,,
,,
,,
,,
,,
,,
,,
,,
,,
,,
,,
,,
,,
,,
,,
,,
,,
,,
,,
,,
,,
,,
,,
,,
,,
,,
,,
,,
,,
,,
,,
,,
,,
,,
,,
,,
,,
,,
,,
,,
,,
,,
,,
,,
,,
,,
,,
,,
,,
,,
,,
,,
,,
,,
,,
,,
,,
,,
,,
,,
,,
,,
,,
,,
,,
,,
,,
,,
,,
,,
,,
,,
,,
,,
,,
,,
,,
,,
,,
,,
,,
,,
,,
,,
,,
,,
,,
,,
,,
,,
,,
,,
,,
,,
,,
,,
,,
,,
,,
,,
,,
,,
,,
,,
,,
,,
,,
,,
,,
,,
,,
,,
,,
,,
,,
,,
,,
,,
,,
,,
,,
,,
,,
,,
,,
,,
,,
,,
,,
,,
,,
,,
,,
,,
,,
,,
,,
,,
,,
,,
,,
,,
,,
,,
,,
,,
,,
,,
,,
,,
,,
,,
,,
,,
,,
,,
,,
,,
,,
,,
,,
,,
,,
,,
,,
,,
,,
,,
,,
,,
,,
,,
,,
,,
,,
,,
,,
,,
,,
,,
,,
,,
,,
,,
,,
,,
,,
,,
,,
,,
,,
,,
,,
,,
,,
,,
,,
,,
,,
,,
,,
,,
,,
,,
,,
,,
,,
,,
,,
,,
,,
,,
,,
,,
,,
,,
,,
,,
,,
,,
,,
,,
,,
,,
,,
,,
,,
,,
,,
,,
,,
,,
,,
,,
,,
,,
,,
,,
,,
,,
,,
,,
,,
,,
,,
,,
,,
,,
,,
,,
,,
,,
,,
,,
,,
,,
,,
,,
,,
,,
,,
,,
,,
,,
,,
,,
,,
,,
,,
,,
,,
,,
,,
,,
,,
,,
,,
,,
,,
,,
,,
,,
,,
,,
,,
,,
,,
,,
,,
,,
,,
,,
,,
,,
,,
,,
,,
,,
,,
,,
,,
,,
,,
,,
,,
,,
,,
,,
,,
,,
,,
,,
,,
,,
,,
,,
,,
,,
,,
,,
,,
,,
,,
,,
,,
,,
,,
,,
,,
,,
,,
,,
,,
,,
,,
,,
,,
,,
,,
,,
,,
,,
,,
,,
,,
,,
,,
,,
,,
,,
,,
,,
,,
,,
,,
,,
,,
,,
,,
,,
,,
,,
,,
,,
,,
,,
,,
,,
,,
,,
,,
,,
,,
,,
,,
,,
,,
,,
,,
,,
,,
,,
,,
,,
,,
,,
,,
,,
,,
,,
,,
,,
,,
,,
,,
,,
,,
,,
,,
,,
,,
,,
,,
,,
,,
,,
,,
,,
,,
,,
,,
,,
,,
,,
,,
,,
,,
,,
,,
,,
,,
,,
,,
,,
,,
,,
,,
,,
,,
,,
,,
,,
,,
,,
,,
,,
,,
,,
,,
,,
,,
,,
,,
,,
,,
,,
,,
,,
,,
,,
,,
,,
,,
,,
,,
,,
,,
,,
,,
,,
,,
,,
,,
,,
,,
,,
,,
,,
,,
,,
,,
,,
,,
,,
,,
,,
,,
,,
,,
,,
,,
,,
,,
,,
,,
,,
,,
,,
,,
,,
,,
,,
,,
,,
,,
,,
,,
,,
,,
,,
,,
,,
,,
,,
,,
,,
,,
,,
,,
,,
,,
,,
,,
,,
,,
,,
,,
,,
,,
,,
,,
,,
,,
,,
,,
,,
,,
,,
,,
,,
,,
,,
,,
,,
,,
,,
,,
,,
,,
,,
,,
,,
,,
,,
,,
,,
,,
,,
,,
,,
,,
,,
,,
,,
,,
,,
,,
,,
,,
,,
,,
,,
,,
,,
,,
,,
,,
,,
,,
,,
,,
,,
,,
,,
,,
,,
,,
,,
,,
,,
,,
,,
,,
,,
,,
,,
,,
,,
,,
,,
,,
,,
,,
,,
,,
,,
,,
,,
,,
,,
,,
,,
,,
,,
,,
,,
,,
,,
,,
,,
,,
,,
,,
,,
,,
,,
,,
,,
,,
,,
,,
,,
,,
,,
,,
,,
,,
,,
,,
,,
,,
,,
,,
,,
,,
,,
,,
,,
,,
,,
,,
,,
,,
,,
,,
,,
,,
,,
,,
,,
,,
,,
,,
,,
,,
,,
,,
,,
,,
,,
,,
,,
,,
,,
,,
,,
,,
,,
,,
,,
,,
,,
,,
,,
,,
,,
,,
,,
,,
,,
,,
,,
,,
,,
,,
,,
,,
,,
,,
,,
,,
,,
,,
,,
,,
,,
,,
,,
,,
,,
,,
,,
,,
,,
,,
,,
,,
,,
,,
,,
,,
,,
,,
,,
,,
,,
,,
,,
,,
,,
,,
,,
,,
,,
,,
,,
,,
,,
,,
,,
,,
,,
,,
,,
,,
,,
,,
,,
,,
,,
,,
,,
,,
,,
,,
,,
,,
,,
,,
,,
,,
,,
,,
,,
,,
,,
,,
,,
,,
,,
,,
,,
,,
,,
,,
,,
,,
,,
,,
,,
,,
,,
,,
,,
,,
,,
,,
,,
,,
,,
,,
,,
,,
,,
,,
,,
,,
,,
,,
,,
,,
,,
,,
,,
,,
,,
,,
,,
,,
,,
,,
,,
,,
,,
,,
,,
,,
,,
,,
,,
,,
,,
,,
,,
,,
� Crown Copyright 2015,,
