Position,Name,Number of babies
1,David,1254
2,Christopher,1209
3,Craig,1052
4,Scott,1044
5,Andrew,1009
6,Michael,973
7,James,949
8,John,775
9,Ross,771
10,Daniel,769
11,Steven,755
12,Jamie,680
13,Mark,673
14,Paul,640
15,Ryan,603
16,Stephen,584
17,Sean,581
18,Robert,545
19,Stuart,533
20,Gary,467
21,Darren,415
22,William,402
23,Kevin,391
24,Thomas,387
25,Martin,378
26,Matthew,373
27,Liam,336
28,Jonathan,314
29,Callum,308
30,Alan,304
31,Calum,282
32,Graeme,281
33,Jordan,267
34,Alexander,257
35,Lee,255
36,Richard,244
37,Iain,242
38,Adam,239
39=,Fraser,227
39=,Lewis,227
41,Colin,212
42,Grant,211
43,Peter,209
44,Dean,206
45,Gavin,201
46,Shaun,192
47,Marc,188
48,Ian,182
49,Greg,171
50,Gordon,170
51=,Brian,164
51=,Graham,164
51=,Nicholas,164
54,Neil,163
55,Stewart,157
56,Euan,155
57,Anthony,147
58,Joseph,146
59,Kieran,145
60,Kyle,143
61=,Jack,134
61=,Jason,134
63,Alistair,133
64,Samuel,128
65,Allan,127
66=,Aaron,118
66=,Kenneth,118
68,George,115
69,Barry,109
70=,Cameron,104
70=,Joshua,104
72,Douglas,103
73,Ewan,102
74,Derek,98
75,Benjamin,95
76,Nathan,93
77,Duncan,92
78,Dale,91
79,Blair,90
80,Rory,87
81,Patrick,85
82,Simon,83
83,Alasdair,82
84,Garry,78
85,Alastair,77
86=,Martyn,75
86=,Philip,75
88,Charles,71
89,Sam,70
90=,Daryl,68
90=,Gregor,68
92=,Edward,65
92=,Niall,65
94,Donald,64
95,Murray,63
96,Keith,61
97=,Ben,60
97=,Bryan,60
97=,Connor,60
100,Luke,59
101,Josh,58
102,Greig,55
103,Robbie,54
104=,Angus,52
104=,Kristopher,52
106,Gareth,50
107=,Bruce,49
107=,Declan,49
109,Owen,48
110,Stefan,47
111,Raymond,44
112,Mohammed,41
113,Malcolm,40
114,Frazer,39
115,Hugh,38
116,Dominic,36
117=,Kristofer,33
117=,Robin,33
119=,Jon,32
119=,Russell,32
121=,Billy,31
121=,Kris,31
123=,Antony,30
123=,Gerard,30
123=,Jonathon,30
126=,Aidan,29
126=,Oliver,29
126=,Wayne,29
129=,Marcus,28
129=,Shane,28
131,Tony,26
132=,Drew,25
132=,Hamish,25
132=,Mathew,25
135=,Francis,24
135=,Joe,24
135=,Ruaridh,24
135=,Tom,24
139=,Ciaran,23
139=,Danny,23
139=,Lloyd,23
139=,Max,23
143=,Conor,22
143=,Fergus,22
143=,Justin,22
146=,Louis,21
146=,Roy,21
148=,Brendan,20
148=,Darryl,20
148=,Glen,20
148=,Glenn,20
148=,Keir,20
148=,Nicky,20
148=,Phillip,20
148=,Ronald,20
156=,Kristoffer,19
156=,Struan,19
156=,Timothy,19
156=,Warren,19
160=,Arran,18
160=,Bradley,18
160=,Calvin,18
160=,Finlay,18
160=,Gregg,18
160=,Jake,18
160=,Ruairidh,18
167=,Damien,17
167=,Harry,17
167=,Kerr,17
167=,Mohammad,17
167=,Terry,17
167=,Vincent,17
173=,Campbell,16
173=,Elliot,16
173=,Keiran,16
173=,Ricky,16
173=,Terence,16
178=,Brett,15
178=,Clark,15
180=,Chris,14
180=,Henry,14
180=,Jordon,14
180=,Kieron,14
180=,Laurence,14
180=,Omar,14
186=,Arron,13
186=,Ashley,13
186=,Ethan,13
186=,Frank,13
186=,Jay,13
186=,Johnathan,13
186=,Muhammad,13
186=,Sandy,13
194=,Adrian,12
194=,Alex,12
194=,Anton,12
194=,Barrie,12
194=,Jacob,12
194=,Jeff,12
194=,Maxwell,12
194=,Scot,12
202=,Allen,11
202=,Daryn,11
202=,Gregory,11
202=,Lawrence,11
202=,Myles,11
202=,Reece,11
202=,Roderick,11
202=,Ruaraidh,11
210=,Ali,10
210=,Alisdair,10
210=,Damian,10
210=,Dylan,10
210=,Imran,10
210=,Karl,10
210=,Kieren,10
210=,Leigh,10
210=,Ronan,10
219=,Bobby,9
219=,Darran,9
219=,Dayle,9
219=,Eamon,9
219=,Gerald,9
219=,Guy,9
219=,Lyle,9
219=,Marco,9
219=,Qasim,9
219=,Ruari,9
229=,Aarron,8
229=,Ahmed,8
229=,Benedict,8
229=,Christian,8
229=,Curtis,8
229=,Darrell,8
229=,Daryll,8
229=,Derrick,8
229=,Eric,8
229=,Ewen,8
229=,Faisal,8
229=,Joel,8
229=,Laurie,8
229=,Leon,8
229=,Magnus,8
229=,Nicolas,8
229=,Taylor,8
246=,Alister,7
246=,Austin,7
246=,Bryce,7
246=,Innes,7
246=,Jed,7
246=,Joss,7
246=,Kirk,7
246=,Lorne,7
246=,Rikki,7
246=,Usman,7
256=,Archibald,6
256=,Cal,6
256=,Carl,6
256=,Corey,6
256=,Geoffrey,6
256=,Grahame,6
256=,Haroon,6
256=,Johnathon,6
256=,Kane,6
256=,Lachlan,6
256=,Nathaniel,6
256=,Neill,6
256=,Nicol,6
256=,Nikki,6
256=,Ralph,6
256=,Ronnie,6
256=,Zachary,6
273=,Albert,5
273=,Allister,5
273=,Amir,5
273=,Antoni,5
273=,Asim,5
273=,Bernard,5
273=,Blaine,5
273=,Brodie,5
273=,Byron,5
273=,Colm,5
273=,Conan,5
273=,Dennis,5
273=,Eoghan,5
273=,Evan,5
273=,Forbes,5
273=,Harrison,5
273=,Ivan,5
273=,Jeffrey,5
273=,Jim,5
273=,Ka,5
273=,Kevan,5
273=,Lindsay,5
273=,Lucas,5
273=,Ray,5
273=,Reuben,5
273=,Rhys,5
273=,Roddy,5
273=,Rowan,5
273=,Saul,5
273=,Sebastian,5
273=,Sonny,5
273=,Stevie,5
273=,Tomas,5
273=,Tommy,5
273=,Tristan,5
273=,Tyler,5
309=,Aiden,4
309=,Blane,4
309=,Brent,4
309=,Carlo,4
309=,Charlie,4
309=,Clarke,4
309=,Corrie,4
309=,Creag,4
309=,Dane,4
309=,Dario,4
309=,Darrin,4
309=,Darryn,4
309=,Desmond,4
309=,Don,4
309=,Elliott,4
309=,Eoin,4
309=,Findlay,4
309=,Garreth,4
309=,Giancarlo,4
309=,Hassan,4
309=,Jak,4
309=,Kai,4
309=,Karim,4
309=,Kashif,4
309=,Keiron,4
309=,Kenny,4
309=,Kurt,4
309=,Lawrie,4
309=,Leslie,4
309=,Levi,4
309=,Marti,4
309=,Mitchell,4
309=,Morgan,4
309=,Neal,4
309=,Osman,4
309=,Richie,4
309=,Russel,4
309=,Ryen,4
309=,Sandeep,4
309=,Stephan,4
309=,Steve,4
309=,Toby,4
351=,Abdul,3
351=,Adil,3
351=,Alec,3
351=,Alfred,3
351=,Amar,3
351=,Ammar,3
351=,Antonio,3
351=,Austen,3
351=,Blake,3
351=,Brad,3
351=,Bret,3
351=,Cailean,3
351=,Caleb,3
351=,Calumn,3
351=,Coll,3
351=,Conner,3
351=,Damon,3
351=,Danish,3
351=,Danni,3
351=,Devin,3
351=,Dexter,3
351=,Edwin,3
351=,Fabio,3
351=,Gabriel,3
351=,Gerrard,3
351=,Glynn,3
351=,Hamza,3
351=,Hamzah,3
351=,Ibrahim,3
351=,Jackson,3
351=,Jai,3
351=,Jaimie,3
351=,Jan,3
351=,Jared,3
351=,Jarrod,3
351=,Jimmy,3
351=,Johnny,3
351=,Julian,3
351=,Kamran,3
351=,Kier,3
351=,Kristian,3
351=,Leo,3
351=,Leonard,3
351=,Logan,3
351=,Luca,3
351=,Lyall,3
351=,Man,3
351=,Maurice,3
351=,Maximilian,3
351=,Mohamed,3
351=,Mohsin,3
351=,Murdo,3
351=,Nadeem,3
351=,Neale,3
351=,Nico,3
351=,Nigel,3
351=,Niki,3
351=,Nikolas,3
351=,Orry,3
351=,Raja,3
351=,Ramsay,3
351=,Reza,3
351=,Riccardo,3
351=,Ricci,3
351=,Ritchie,3
351=,Saqib,3
351=,Seumas,3
351=,Shawn,3
351=,Steffan,3
351=,Suraj,3
351=,Tariq,3
351=,Theo,3
351=,Theodore,3
351=,Troy,3
351=,Wai,3
351=,Waqas,3
351=,Yasir,3
351=,Zohaib,3
429=,Aamir,2
429=,Aaran,2
429=,Adeel,2
429=,Aden,2
429=,Aeron,2
429=,Aftab,2
429=,Alessandro,2
429=,Andre,2
429=,Angelo,2
429=,Anish,2
429=,Archie,2
429=,Arthur,2
429=,Ashton,2
429=,Azeem,2
429=,Bashar,2
429=,Bilal,2
429=,Blyth,2
429=,Bobak,2
429=,Brendon,2
429=,Brogan,2
429=,Burhan,2
429=,Cairn,2
429=,Cavan,2
429=,Chad,2
429=,Ching,2
429=,Chun,2
429=,Clement,2
429=,Conar,2
429=,Connaire,2
429=,Connar,2
429=,Conrad,2
429=,Cormac,2
429=,Cornelius,2
429=,Corry,2
429=,Cory,2
429=,Crawford,2
429=,Cy,2
429=,Damen,2
429=,Dannie,2
429=,Darias,2
429=,Darius,2
429=,Darroch,2
429=,Dave,2
429=,Dayll,2
429=,Dayne,2
429=,Dene,2
429=,Denis,2
429=,Derick,2
429=,Dermot,2
429=,Devon,2
429=,Dhani,2
429=,Donny,2
429=,Dougal,2
429=,Eammon,2
429=,Eddie,2
429=,Ellis,2
429=,Eoghann,2
429=,Erin,2
429=,Errol,2
429=,Fahad,2
429=,Farhan,2
429=,Farid,2
429=,Felix,2
429=,Franco,2
429=,Frederick,2
429=,Garath,2
429=,Geoff,2
429=,Gerry,2
429=,Giuseppe,2
429=,Gurpreet,2
429=,Haig,2
429=,Hardeep,2
429=,Harley,2
429=,Harris,2
429=,Hasan,2
429=,Hashim,2
429=,Hector,2
429=,Howard,2
429=,Irving,2
429=,Isaac,2
429=,Ismail,2
429=,Ivor,2
429=,Jac,2
429=,Jagdeep,2
429=,Jaspal,2
429=,Jasper,2
429=,Jaye,2
429=,Jaymie,2
429=,Jesse,2
429=,Jo,2
429=,Johannes,2
429=,John-Paul,2
429=,Keifer,2
429=,Khalid,2
429=,Kiernan,2
429=,Konrad,2
429=,Kriss,2
429=,Laurent,2
429=,Leonardo,2
429=,Lindsey,2
429=,Linus,2
429=,Lisa,2
429=,Marek,2
429=,Marty,2
429=,Maximillian,2
429=,Mike,2
429=,Ming,2
429=,Mobeen,2
429=,Murdoch,2
429=,Naeem,2
429=,Naithan,2
429=,Nick,2
429=,Nile,2
429=,Noel,2
429=,Norman,2
429=,Oscar,2
429=,Perry,2
429=,Rae,2
429=,Ramiz,2
429=,Ranald,2
429=,Razwan,2
429=,Rehman,2
429=,Rhuaridh,2
429=,Robb,2
429=,Rodaidh,2
429=,Roger,2
429=,Roland,2
429=,Ruaidhri,2
429=,Ruairi,2
429=,Ruary,2
429=,Saeed,2
429=,Samir,2
429=,Santino,2
429=,Seamus,2
429=,Sean-Paul,2
429=,Shah,2
429=,Shahbaz,2
429=,Shannon,2
429=,Shaun-Paul,2
429=,Shayne,2
429=,Simeon,2
429=,Sinclair,2
429=,Skye,2
429=,Spencer,2
429=,Stanley,2
429=,Stavros,2
429=,Sulaiman,2
429=,Syed,2
429=,Talha,2
429=,Tim,2
429=,Tobias,2
429=,Todd,2
429=,Travis,2
429=,Tyson,2
429=,Umar,2
429=,Umayr,2
429=,Ummar,2
429=,Vijay,2
429=,Wahid,2
429=,Wallace,2
429=,Wesley,2
429=,Winston,2
429=,Yousaf,2
429=,Zack,2
429=,Zahid,2
429=,Zak,2
429=,Zeeshan,2
429=,Zubair,2
597=,A'fif,1
597=,Aaqif,1
597=,Aaron-James,1
597=,Aasmaan,1
597=,Abd-Rahman,1
597=,Abdul-Rahman,1
597=,Abdulkareem,1
597=,Abdulla,1
597=,Abdullah,1
597=,Abdurrahman,1
597=,Abdurrhman,1
597=,Abed,1
597=,Abhay,1
597=,Abhijit,1
597=,Abinash,1
597=,Adnaan,1
597=,Adnan,1
597=,Adriano,1
597=,Aedan,1
597=,Aeren,1
597=,Afzal,1
597=,Ahmad-Adham,1
597=,Ahmar,1
597=,Ahmedur,1
597=,Ahmet,1
597=,Aitken,1
597=,Akeel,1
597=,Akifumi,1
597=,Akmal,1
597=,Al-Shriff,1
597=,Alain,1
597=,Alaister,1
597=,Alaster,1
597=,Alban,1
597=,Alcide,1
597=,Aleczander,1
597=,Aleem,1
597=,Aleksander,1
597=,Alessio,1
597=,Alessio-Marco,1
597=,Alexandre,1
597=,Ali-Reza,1
597=,Ally,1
597=,Allyn,1
597=,Alric,1
597=,Alun,1
597=,Alvin,1
597=,Ameer,1
597=,Amer,1
597=,Amin,1
597=,Amjid,1
597=,Amr,1
597=,Amro,1
597=,Anas,1
597=,Andi,1
597=,Andie,1
597=,Andreas,1
597=,Andrei,1
597=,Aneeb,1
597=,Aneil,1
597=,Anil,1
597=,Anis,1
597=,Ankur,1
597=,Annan,1
597=,Anselm,1
597=,Antoin,1
597=,Antoine,1
597=,Anuj,1
597=,Anupam,1
597=,Aodhan,1
597=,Aonghus,1
597=,Aqeel,1
597=,Aran,1
597=,Arash,1
597=,Ardal,1
597=,Areeb,1
597=,Ari,1
597=,Arif,1
597=,Arin,1
597=,Arjun,1
597=,Armando,1
597=,Armani,1
597=,Arnaud,1
597=,Aron,1
597=,Arqam,1
597=,Arsalan,1
597=,Arthair,1
597=,Artin,1
597=,Arumadura,1
597=,Arya,1
597=,Aryan,1
597=,Asifur,1
597=,Ateek,1
597=,Atther,1
597=,Aubrey,1
597=,Ayyub,1
597=,Azam,1
597=,Azhar,1
597=,Azim,1
597=,B-Jay,1
597=,Babajide,1
597=,Baby,1
597=,Balawal,1
597=,Barclay,1
597=,Barnabas,1
597=,Bartholomew,1
597=,Basil,1
597=,Bavinder,1
597=,Beau,1
597=,Beck,1
597=,Beinn,1
597=,Belal,1
597=,Benjamen,1
597=,Beren,1
597=,Billy-James,1
597=,Billyboy,1
597=,Bjorn,1
597=,Blain,1
597=,Blue,1
597=,Bobbie,1
597=,Bobi,1
597=,Bonner,1
597=,Boyd,1
597=,Bradford,1
597=,Bradleigh,1
597=,Brady,1
597=,Brandon,1
597=,Brodan,1
597=,Brooklan,1
597=,Bruno,1
597=,Bryant,1
597=,Brydon,1
597=,Bryn,1
597=,Brynn,1
597=,Bryon,1
597=,Bulli,1
597=,Cahal,1
597=,Cairan,1
597=,Caird,1
597=,Calais,1
597=,Calder,1
597=,Callan,1
597=,Callin,1
597=,Caol,1
597=,Carion,1
597=,Carol,1
597=,Carrick,1
597=,Casey,1
597=,Casey-Ian,1
597=,Casey-James,1
597=,Cavin,1
597=,Ceiran,1
597=,Cernunnos,1
597=,Chadwick,1
597=,Charanpreet,1
597=,Charley,1
597=,Che,1
597=,Chee,1
597=,Chen,1
597=,Chenyang,1
597=,Chevy,1
597=,Chigozie,1
597=,Chilton,1
597=,Chrisopher,1
597=,Christain,1
597=,Christoher,1
597=,Christophe,1
597=,Cian,1
597=,Ciarann,1
597=,Ciarhan,1
597=,Cieren,1
597=,Clayton,1
597=,Clemens,1
597=,Cliff,1
597=,Clifford,1
597=,Clive,1
597=,Cody,1
597=,Cohnen,1
597=,Coire,1
597=,Cole,1
597=,Collum,1
597=,Colum,1
597=,Colvin,1
597=,Conal,1
597=,Connan,1
597=,Connel,1
597=,Connell,1
597=,Constantintos,1
597=,Conyn,1
597=,Cori,1
597=,Cosmo,1
597=,Costas,1
597=,Craigan,1
597=,Craigh,1
597=,Crisdean,1
597=,Cristian,1
597=,Cydel,1
597=,Cyprian,1
597=,Daemon,1
597=,Dahrll,1
597=,Dail,1
597=,Dailin,1
597=,Dain,1
597=,Daine,1
597=,Danial,1
597=,Daniele,1
597=,Daniell,1
597=,Danyal,1
597=,Daragh,1
597=,Darian,1
597=,Darl,1
597=,Darn,1
597=,Darrel,1
597=,Darrie,1
597=,Darron,1
597=,Daryoush,1
597=,Davie,1
597=,Dawda,1
597=,Dawood,1
597=,Deane,1
597=,Dechlan,1
597=,Decklin,1
597=,Declyn,1
597=,Dee,1
597=,Deklan,1
597=,Deklin,1
597=,Deklyn,1
597=,Dentyn,1
597=,Denver,1
597=,Deorsa,1
597=,Derry,1
597=,Deryck,1
597=,Dev,1
597=,Dewel,1
597=,Dhanial,1
597=,Dhaniel,1
597=,Dhaoud,1
597=,Diarmid,1
597=,Dickon,1
597=,Dilan,1
597=,Dilbagh,1
597=,Ding,1
597=,Dino,1
597=,Dipesh,1
597=,Domonic,1
597=,Donal,1
597=,Dorian,1
597=,Douglan,1
597=,Duaine,1
597=,Dugal,1
597=,Dugald,1
597=,Dughall,1
597=,Dwayne,1
597=,Eachann,1
597=,Eain,1
597=,Eamonn,1
597=,Eanna,1
597=,Easton,1
597=,Edan,1
597=,Eden,1
597=,Edghan,1
597=,Edmond,1
597=,Eldon,1
597=,Elijah,1
597=,Eliot,1
597=,Eliott,1
597=,Emanuel,1
597=,Emma,1
597=,Emmanuel,1
597=,Enrique,1
597=,Eoghainn,1
597=,Erl,1
597=,Erlend,1
597=,Erling,1
597=,Ernest,1
597=,Errin,1
597=,Euain,1
597=,Fabian,1
597=,Fady,1
597=,Faisel,1
597=,Fane,1
597=,Faraz,1
597=,Farhaan,1
597=,Faris,1
597=,Faron,1
597=,Farrakh,1
597=,Fasil,1
597=,Fearghas,1
597=,Feargus,1
597=,Febio,1
597=,Ferguson,1
597=,Fiachra,1
597=,Fiean,1
597=,Filip,1
597=,Finlay-James,1
597=,Finn,1
597=,Finnbar,1
597=,Finnlo,1
597=,Fizaan,1
597=,Flinn,1
597=,Fozlur,1
597=,Francesco,1
597=,Franciscus,1
597=,Frankie,1
597=,Franklin,1
597=,Frans,1
597=,Frazul,1
597=,Fu'ad,1
597=,Fuad,1
597=,Fulton,1
597=,Fulvio,1
597=,Gair,1
597=,Garan,1
597=,Garay,1
597=,Garie,1
597=,Garri,1
597=,Garrie,1
597=,Garron,1
597=,Gawain,1
597=,Gawen,1
597=,Geecom,1
597=,Gemma,1
597=,Gerrit,1
597=,Gethyn,1
597=,Ghiyath,1
597=,Ghulam,1
597=,Gibson,1
597=,Gilbert,1
597=,Giles,1
597=,Gillan,1
597=,Gilmour,1
597=,Gino,1
597=,Giovanni,1
597=,Girvin,1
597=,Gistel,1
597=,Giulio,1
597=,Glyn,1
597=,Goldie,1
597=,Gonzalo,1
597=,Gordan,1
597=,Gowan,1
597=,Graeme-Alexande,1
597=,Gragie,1
597=,Grainger,1
597=,Greer,1
597=,Gudmundur,1
597=,Guillaume,1
597=,Guiseppe,1
597=,Gurdhit,1
597=,Gurshurn,1
597=,Gurubir,1
597=,Gustaf,1
597=,Habibullah,1
597=,Haider,1
597=,Hal,1
597=,Hamad,1
597=,Hamed,1
597=,Hameet,1
597=,Hanan,1
597=,Hang,1
597=,Hannan,1
597=,Hardev,1
597=,Harold,1
597=,Harvey,1
597=,Hasib-Ur,1
597=,Hasin,1
597=,Hasnain,1
597=,Hassaan,1
597=,Hayden,1
597=,Helier,1
597=,Hendry,1
597=,Henri,1
597=,Herbert,1
597=,Hermann,1
597=,Hersimerjit,1
597=,Hieu,1
597=,Hieuvinh,1
597=,Hisham,1
597=,Hitekalute,1
597=,Ho,1
597=,Hon,1
597=,Hossein,1
597=,Hou,1
597=,Hugo,1
597=,Humza,1
597=,Hun,1
597=,Hunter,1
597=,Husam,1
597=,Husayn,1
597=,Hussain,1
597=,Hyder,1
597=,Hywel,1
597=,Idris,1
597=,Iftikhar,1
597=,Ihtishaam,1
597=,Imaon,1
597=,Imtiyaz,1
597=,Iqrash,1
597=,Irfaan,1
597=,Irsyad,1
597=,Isam,1
597=,Ishan,1
597=,Israr,1
597=,Issmael,1
597=,Jabhar,1
597=,Jabran,1
597=,Jackie,1
597=,Jacky,1
597=,Jade,1
597=,Jagjeet,1
597=,Jahan,1
597=,Jahon,1
597=,Jaime,1
597=,Jakob,1
597=,Jamer,1
597=,Jamie-Lee,1
597=,Jardan,1
597=,Jareth,1
597=,Jaroslav,1
597=,Jarred,1
597=,Jarren,1
597=,Jaskarnjit,1
597=,Jaspreet,1
597=,Jasvindar,1
597=,Jatinderpal,1
597=,Javaid,1
597=,Jaymmie,1
597=,Jaymy,1
597=,Jazib,1
597=,Jedediah,1
597=,Jeetinder,1
597=,Jeevin,1
597=,Jefferson,1
597=,Jeremy,1
597=,Jerome,1
597=,Jesus,1
597=,Jethro,1
597=,Jevon,1
597=,Jezz,1
597=,Jibran,1
597=,Jimi,1
597=,Joanne,1
597=,Joao,1
597=,Joash,1
597=,Jock,1
597=,Johann,1
597=,John-Robert,1
597=,Johnlee,1
597=,Johnmichael,1
597=,Jon-Paul,1
597=,Jon-Ross,1
597=,Jonnathan,1
597=,Jonothan,1
597=,Jools,1
597=,Jordane,1
597=,Jorden,1
597=,Jordyn,1
597=,Jorie,1
597=,Jos,1
597=,Josiah,1
597=,Jozef,1
597=,Jtinder,1
597=,Jude,1
597=,Junior,1
597=,Kadhem,1
597=,Kadum,1
597=,Kae,1
597=,Kailin,1
597=,Kal,1
597=,Kaleem,1
597=,Kallam,1
597=,Kalvin,1
597=,Kam,1
597=,Karam,1
597=,Kasey,1
597=,Kashaan,1
597=,Kasim,1
597=,Kaum,1
597=,Keenan,1
597=,Kei,1
597=,Keiren,1
597=,Keirn,1
597=,Kelsey,1
597=,Ken,1
597=,Kendric,1
597=,Keni,1
597=,Kent,1
597=,Keran,1
597=,Kerem,1
597=,Kern,1
597=,Keron,1
597=,Kerrin,1
597=,Kerry,1
597=,Kester,1
597=,Khaleel,1
597=,Khaleeq,1
597=,Khalil,1
597=,Khavir,1
597=,Khurram,1
597=,Khurum,1
597=,Khwaja,1
597=,Kian,1
597=,Kiaran,1
597=,Kiefer,1
597=,Kierin,1
597=,Kimberley,1
597=,Kin,1
597=,King,1
597=,Kirby,1
597=,Kirpal,1
597=,Kirsty,1
597=,Kofi,1
597=,Konnar,1
597=,Kori,1
597=,Kouichirou,1
597=,Kraig,1
597=,Krishen,1
597=,Krisstopher,1
597=,Kristophar,1
597=,Krys,1
597=,Krystos,1
597=,Kuldip,1
597=,Kutlan,1
597=,Kutulus,1
597=,Kuyoon,1
597=,Kwaku,1
597=,Kynan,1
597=,Kyran,1
597=,Laing,1
597=,Larry,1
597=,Lars,1
597=,Laurance,1
597=,Lea,1
597=,Leander,1
597=,Leandro,1
597=,Leeham,1
597=,Leighton,1
597=,Leom,1
597=,Leonardus,1
597=,Lesley,1
597=,Lian,1
597=,Liou,1
597=,Livio,1
597=,Lliam,1
597=,Lofton,1
597=,Loftur,1
597=,Lokesh,1
597=,Lori,1
597=,Lorin,1
597=,Louie,1
597=,Louise,1
597=,Louke,1
597=,Luck,1
597=,Luckpathea,1
597=,Lukas,1
597=,Lyam,1
597=,Mackenzie,1
597=,Madison,1
597=,Mahir,1
597=,Mahmood,1
597=,Mahmoud,1
597=,Mahummad,1
597=,Majid,1
597=,Malachi,1
597=,Malhaar,1
597=,Malik,1
597=,Malkit,1
597=,Manik,1
597=,Manjeet,1
597=,Marc-Andrew,1
597=,Marcel,1
597=,Marcus-John,1
597=,Mario,1
597=,Marios,1
597=,Mark-James,1
597=,Markus,1
597=,Marl,1
597=,Marsel,1
597=,Marshall,1
597=,Marvin,1
597=,Marzette,1
597=,Mason,1
597=,Massimiliano,1
597=,Masson,1
597=,Mats,1
597=,Maxamillion,1
597=,Maxi,1
597=,Maxim,1
597=,Maximilwan,1
597=,Mazafar,1
597=,Mcgregor,1
597=,Mel,1
597=,Melad,1
597=,Meldrum,1
597=,Micco,1
597=,Micheal,1
597=,Mickael,1
597=,Mickey,1
597=,Mickie,1
597=,Micky,1
597=,Mika,1
597=,Mikele,1
597=,Miklos,1
597=,Miles,1
597=,Miller,1
597=,Milo,1
597=,Min-Kyong,1
597=,Mitch,1
597=,Modar,1
597=,Mohamad-Amin,1
597=,Mohand,1
597=,Mohinoor,1
597=,Mohsan,1
597=,Mopani,1
597=,Moqsood,1
597=,Moray,1
597=,Morris,1
597=,Moses,1
597=,Mostafa,1
597=,Mubeen,1
597=,Mudassar,1
597=,Muhammed,1
597=,Muhmmad,1
597=,Muir,1
597=,Mukta,1
597=,Munir,1
597=,Munish,1
597=,Murad,1
597=,Murchaidh,1
597=,Mustafa,1
597=,Muswente,1
597=,Mutasem,1
597=,Muzfar,1
597=,Mykel,1
597=,Mykell,1
597=,Mykhael,1
597=,Nabeel,1
597=,Nachoine,1
597=,Nagin,1
597=,Naiem,1
597=,Nairn,1
597=,Naqash,1
597=,Nasrullah,1
597=,Natalie,1
597=,Nathon,1
597=,Naveed,1
597=,Navid,1
597=,Navjot,1
597=,Nawab,1
597=,Nawfal,1
597=,Nayland,1
597=,Nayyar,1
597=,Neall,1
597=,Neily,1
597=,Nelson,1
597=,Neville,1
597=,Nial,1
597=,Nicki,1
597=,Nickie,1
597=,Nickolas,1
597=,Nicola,1
597=,Nik,1
597=,Nikola,1
597=,Nikolaos,1
597=,Nimer,1
597=,Ninian,1
597=,Niren,1
597=,Niven,1
597=,Noah,1
597=,Norton,1
597=,Nurez,1
597=,Olexa,1
597=,Oluwafemi,1
597=,Omair,1
597=,On,1
597=,On-Sing,1
597=,Orlando,1
597=,Orri,1
597=,Ossian,1
597=,Ousama,1
597=,Ousman,1
597=,Paolo,1
597=,Parminder,1
597=,Parmpreet,1
597=,Pat,1
597=,Paul-Derek,1
597=,Paul-Michael,1
597=,Paul-Raynor,1
597=,Paull,1
597=,Pearse,1
597=,Pedram,1
597=,Peter-Alexander,1
597=,Phil,1
597=,Phillip-Andrew,1
597=,Pierrick,1
597=,Piers,1
597=,Purcell,1
597=,Qaasim,1
597=,Quentin,1
597=,Rabi,1
597=,Raheem,1
597=,Rahim,1
597=,Rahman,1
597=,Raine,1
597=,Rajinder,1
597=,Ramadan,1
597=,Ramez,1
597=,Ramsey,1
597=,Ramy,1
597=,Rana,1
597=,Ravindra,1
597=,Raza,1
597=,Razark,1
597=,Redmond,1
597=,Reece-Stuart,1
597=,Rehan,1
597=,Reid,1
597=,Reilly,1
597=,Renwick,1
597=,Renzo,1
597=,Rhett,1
597=,Rhory,1
597=,Rhuaraidh,1
597=,Rhuri,1
597=,Rhurie,1
597=,Rhyan,1
597=,Riad,1
597=,Richmond,1
597=,Rick,1
597=,Ricki,1
597=,Rickie,1
597=,Ridwan,1
597=,Ridzwan,1
597=,Riki,1
597=,Rion,1
597=,Rishidhar,1
597=,Rishpal,1
597=,Riteesh,1
597=,Riyad,1
597=,Rob,1
597=,Roddan,1
597=,Roddie,1
597=,Rodger,1
597=,Rodney,1
597=,Rodrick,1
597=,Roghainn,1
597=,Rohan,1
597=,Romain,1
597=,Romak,1
597=,Ronnielee,1
597=,Rorie,1
597=,Ros,1
597=,Ross-Ian,1
597=,Royan,1
597=,Ruadhri,1
597=,Ruairiah,1
597=,Ruarie,1
597=,Ruarih,1
597=,Ruarri,1
597=,Ruben,1
597=,Rudi,1
597=,Rueben,1
597=,Rui,1
597=,Ruiridh,1
597=,Rupert,1
597=,Rye,1
597=,Saad,1
597=,Saaqib,1
597=,Sabatino,1
597=,Sacha,1
597=,Sadeem,1
597=,Saifoor,1
597=,Sajid,1
597=,Sajjad,1
597=,Salem,1
597=,Sally,1
597=,Salman,1
597=,Sampuran,1
597=,Sandford,1
597=,Sandro,1
597=,Sanjay,1
597=,Saquib,1
597=,Sarang,1
597=,Saxon,1
597=,Sayyed,1
597=,Seorie,1
597=,Seth,1
597=,Seumais,1
597=,Seyed,1
597=,Shaanan,1
597=,Shabeer,1
597=,Shabir,1
597=,Shabraz,1
597=,Shahan,1
597=,Shahzad,1
597=,Shaikh,1
597=,Shajad,1
597=,Shakil,1
597=,Sham,1
597=,Shanoor,1
597=,Sharon,1
597=,Shazad,1
597=,Shehzad,1
597=,Sheikh,1
597=,Sher,1
597=,Sheraz,1
597=,Shezaar,1
597=,Shirraz,1
597=,Shoayb,1
597=,Shuayb,1
597=,Shuzal,1
597=,Sigurd,1
597=,Sikandar,1
597=,Simran,1
597=,Sirdar,1
597=,Smail,1
597=,Sobhan,1
597=,Sohrob,1
597=,Solke,1
597=,Sonit,1
597=,Souness,1
597=,Spiros,1
597=,Stacey,1
597=,Stefano,1
597=,Stefen,1
597=,Stefphan,1
597=,Stephanie,1
597=,Stephen-John,1
597=,Stevan,1
597=,Stevenson,1
597=,Stuart-Thomas,1
597=,Suckdev,1
597=,Suhail,1
597=,Sui,1
597=,Suneil,1
597=,Sunil,1
597=,Sunjit,1
597=,Symeon,1
597=,Symon,1
597=,Tain,1
597=,Taminder,1
597=,Tamiym,1
597=,Tanvir,1
597=,Taranjodh,1
597=,Tareq,1
597=,Tarik,1
597=,Tayab,1
597=,Tayyab,1
597=,Tayyib,1
597=,Teron,1
597=,Terrance,1
597=,Terrence,1
597=,Tery,1
597=,Thomas-Kevin,1
597=,Thorfinn,1
597=,Thunwant,1
597=,Thurston,1
597=,Ting,1
597=,Titus,1
597=,Tomasz,1
597=,Tomer,1
597=,Toni,1
597=,Tor,1
597=,Torran,1
597=,Trahern,1
597=,Trent,1
597=,Trevor,1
597=,Tristin,1
597=,Tsubasa,1
597=,Tyrone,1
597=,Umair,1
597=,Umar-Ul,1
597=,Umer,1
597=,Vahab,1
597=,Vaheed,1
597=,Vaqar,1
597=,Vaughan,1
597=,Vernon,1
597=,Victor,1
597=,Vikas,1
597=,Vinay,1
597=,Wae,1
597=,Wah,1
597=,Wahab,1
597=,Wakas,1
597=,Walter,1
597=,Ward,1
597=,Wasif,1
597=,Wasim,1
597=,Webster,1
597=,Wesam,1
597=,Westley,1
597=,Willem,1
597=,Wing,1
597=,Winson,1
597=,Wissam,1
597=,Wylie,1
597=,Yaman,1
597=,Yan,1
597=,Yaseen,1
597=,Yasser,1
597=,Yassir,1
597=,Yeung,1
597=,Yoon,1
597=,Yosua,1
597=,Yousef,1
597=,Yusaf,1
597=,Yusuf,1
597=,Zackary,1
597=,Zaeem,1
597=,Zakari,1
597=,Zammad,1
597=,Zander,1
597=,Zayyan,1
597=,Zebulon,1
597=,Zeeman,1
597=,Zeeshaan,1
597=,Zenon,1
597=,Ziad,1
597=,Zubeir,1
597=,Zubin,1
,,
,,
,,
,,
,,
,,
,,
,,
,,
,,
,,
,,
,,
,,
,,
,,
,,
,,
,,
,,
,,
,,
,,
,,
,,
,,
,,
,,
,,
,,
,,
,,
,,
,,
,,
,,
,,
,,
,,
,,
,,
,,
,,
,,
,,
,,
,,
,,
,,
,,
,,
,,
,,
,,
,,
,,
,,
,,
,,
,,
,,
,,
,,
,,
,,
,,
,,
,,
,,
,,
,,
,,
,,
,,
,,
,,
,,
,,
,,
,,
,,
,,
,,
,,
,,
,,
,,
,,
,,
,,
,,
,,
,,
,,
,,
,,
,,
,,
,,
,,
,,
,,
,,
,,
,,
,,
,,
,,
,,
,,
,,
,,
,,
,,
,,
,,
,,
,,
,,
,,
,,
,,
,,
,,
,,
,,
,,
,,
,,
,,
,,
,,
,,
,,
,,
,,
,,
,,
,,
,,
,,
,,
,,
,,
,,
,,
,,
,,
,,
,,
,,
,,
,,
,,
,,
,,
,,
,,
,,
,,
,,
,,
,,
,,
,,
,,
,,
,,
,,
,,
,,
,,
,,
,,
,,
,,
,,
,,
,,
,,
,,
,,
,,
,,
,,
,,
,,
,,
,,
,,
,,
,,
,,
,,
,,
,,
,,
,,
,,
,,
,,
,,
,,
,,
,,
,,
,,
,,
,,
,,
,,
,,
,,
,,
,,
,,
,,
,,
,,
,,
,,
,,
,,
,,
,,
,,
,,
,,
,,
,,
,,
,,
,,
,,
,,
,,
,,
,,
,,
,,
,,
,,
,,
,,
,,
,,
,,
,,
,,
,,
,,
,,
,,
,,
,,
,,
,,
,,
,,
,,
,,
,,
,,
,,
,,
,,
,,
,,
,,
,,
,,
,,
,,
,,
,,
,,
,,
,,
,,
,,
,,
,,
,,
,,
,,
,,
,,
,,
,,
,,
,,
,,
,,
,,
,,
,,
,,
,,
,,
,,
,,
,,
,,
,,
,,
,,
,,
,,
,,
,,
,,
,,
,,
,,
,,
,,
,,
,,
,,
,,
,,
,,
,,
,,
,,
,,
,,
,,
,,
,,
,,
,,
,,
,,
,,
,,
,,
,,
,,
,,
,,
,,
,,
,,
,,
,,
,,
,,
,,
,,
,,
,,
,,
,,
,,
,,
,,
,,
,,
,,
,,
,,
,,
,,
,,
,,
,,
,,
,,
,,
,,
,,
,,
,,
,,
,,
,,
,,
,,
,,
,,
,,
,,
,,
,,
,,
,,
,,
,,
,,
,,
,,
,,
,,
,,
,,
,,
,,
,,
,,
,,
,,
,,
,,
,,
,,
,,
,,
,,
,,
,,
,,
,,
,,
,,
,,
,,
,,
,,
,,
,,
,,
,,
,,
,,
,,
,,
,,
,,
,,
,,
,,
,,
,,
,,
,,
,,
,,
,,
,,
,,
,,
,,
,,
,,
,,
,,
,,
,,
,,
,,
,,
,,
,,
,,
,,
,,
,,
,,
,,
,,
,,
,,
,,
,,
,,
,,
,,
,,
,,
,,
,,
,,
,,
,,
,,
,,
,,
,,
,,
,,
,,
,,
,,
,,
,,
,,
,,
,,
,,
,,
,,
,,
,,
,,
,,
,,
,,
,,
,,
,,
,,
,,
,,
,,
,,
,,
,,
,,
,,
,,
,,
,,
,,
,,
,,
,,
,,
,,
,,
,,
,,
,,
,,
,,
,,
,,
,,
,,
,,
,,
,,
,,
,,
,,
,,
,,
,,
,,
,,
,,
,,
,,
,,
,,
,,
,,
,,
,,
,,
,,
,,
,,
,,
,,
,,
,,
,,
,,
,,
,,
,,
,,
,,
,,
,,
,,
,,
,,
,,
,,
,,
,,
,,
,,
,,
,,
,,
,,
,,
,,
,,
,,
,,
,,
,,
,,
,,
,,
,,
,,
,,
,,
,,
,,
,,
,,
,,
,,
,,
,,
,,
,,
,,
,,
,,
,,
,,
,,
,,
,,
,,
,,
,,
,,
,,
,,
,,
,,
,,
,,
,,
,,
,,
,,
,,
,,
,,
,,
,,
,,
,,
,,
,,
,,
,,
,,
,,
,,
,,
,,
,,
,,
,,
,,
,,
,,
,,
,,
,,
,,
,,
,,
,,
,,
,,
,,
,,
,,
,,
,,
,,
,,
,,
,,
,,
,,
,,
,,
,,
,,
,,
,,
,,
,,
,,
,,
,,
,,
,,
,,
,,
,,
,,
,,
,,
,,
,,
,,
,,
,,
,,
,,
,,
,,
,,
,,
,,
,,
,,
,,
,,
,,
,,
,,
,,
,,
,,
,,
,,
,,
,,
,,
,,
,,
,,
,,
,,
,,
,,
,,
,,
,,
,,
,,
,,
,,
,,
,,
,,
,,
,,
,,
,,
,,
,,
,,
,,
,,
,,
,,
,,
,,
,,
,,
,,
,,
,,
,,
,,
,,
,,
,,
,,
,,
,,
,,
,,
,,
,,
,,
,,
,,
,,
,,
,,
,,
,,
,,
,,
,,
,,
,,
,,
,,
,,
,,
,,
,,
,,
,,
,,
,,
,,
,,
,,
,,
,,
,,
,,
,,
,,
,,
,,
,,
,,
,,
,,
,,
,,
,,
,,
,,
,,
,,
,,
,,
,,
,,
,,
,,
,,
,,
,,
,,
,,
,,
,,
,,
,,
,,
,,
,,
,,
,,
,,
,,
,,
,,
,,
,,
,,
,,
,,
,,
,,
,,
,,
,,
,,
,,
,,
,,
,,
,,
,,
,,
,,
,,
,,
,,
,,
,,
,,
,,
,,
,,
,,
,,
,,
,,
,,
,,
,,
,,
,,
,,
,,
,,
,,
,,
,,
,,
,,
,,
,,
,,
,,
,,
,,
,,
,,
,,
,,
,,
,,
,,
,,
,,
,,
,,
,,
,,
,,
,,
,,
,,
,,
,,
,,
,,
,,
,,
,,
,,
,,
,,
,,
,,
,,
,,
,,
,,
,,
,,
,,
,,
,,
,,
,,
,,
,,
,,
,,
,,
,,
,,
,,
,,
,,
,,
,,
,,
,,
,,
,,
,,
,,
,,
,,
,,
,,
,,
,,
,,
,,
,,
,,
,,
,,
,,
,,
,,
,,
,,
,,
,,
,,
,,
,,
,,
,,
,,
,,
,,
,,
,,
,,
,,
,,
,,
,,
,,
,,
,,
,,
,,
,,
,,
,,
,,
,,
,,
,,
,,
,,
,,
,,
,,
,,
,,
,,
,,
,,
,,
,,
,,
,,
,,
,,
,,
,,
,,
,,
,,
,,
,,
,,
,,
,,
,,
,,
,,
,,
,,
,,
,,
,,
,,
,,
,,
,,
,,
,,
,,
,,
,,
,,
,,
,,
,,
,,
,,
,,
,,
,,
,,
,,
,,
,,
,,
,,
,,
,,
,,
,,
,,
,,
,,
,,
,,
,,
,,
,,
,,
,,
,,
,,
,,
,,
,,
,,
,,
,,
,,
,,
,,
,,
,,
,,
,,
,,
,,
,,
,,
,,
,,
,,
,,
,,
,,
,,
,,
,,
,,
,,
,,
,,
,,
,,
,,
,,
,,
,,
,,
,,
,,
,,
,,
,,
,,
,,
,,
,,
,,
,,
,,
,,
,,
,,
,,
,,
,,
,,
,,
,,
,,
,,
,,
,,
,,
,,
,,
,,
,,
,,
,,
,,
,,
,,
,,
,,
,,
,,
,,
,,
,,
,,
,,
,,
,,
,,
,,
,,
,,
,,
,,
,,
,,
,,
,,
,,
,,
,,
,,
,,
,,
,,
,,
,,
,,
,,
� Crown Copyright 2015,,
