Position,Name,Number of babies
1,David,1148
2,Christopher,1105
3,Andrew,988
4,Craig,969
5,Scott,963
6,Michael,955
7,James,925
8,Daniel,872
9,Ryan,790
10,Steven,728
11,John,701
12,Ross,694
13,Jamie,627
14,Mark,620
15,Sean,610
16,Paul,567
17,Robert,495
18,Stephen,493
19,Stuart,461
20,Matthew,452
21,Gary,444
22,Darren,417
23,Thomas,395
24,William,393
25,Liam,377
26,Jordan,374
27,Kevin,358
28,Callum,326
29,Grant,311
30,Martin,307
31,Calum,300
32,Alexander,299
33,Lewis,296
34,Adam,294
35,Jonathan,274
36,Shaun,265
37,Kyle,262
38,Fraser,259
39,Lee,230
40,Graeme,226
41,Marc,217
42,Peter,216
43,Dean,212
44=,Alan,205
44=,Richard,205
46,Greg,196
47,Kieran,188
48=,Gavin,187
48=,Iain,187
50,Cameron,186
51,Euan,174
52,Colin,171
53,Neil,169
54,Graham,157
55=,Ian,155
55=,Joseph,155
57,Gordon,148
58,Nicholas,145
59=,Jack,142
59=,Jason,142
61,Aaron,141
62,Connor,139
63,Samuel,138
64,Stewart,137
65,Ewan,136
66,Anthony,131
67,Joshua,123
68=,Brian,120
68=,Conor,120
68=,Nathan,120
71,Kenneth,118
72,Allan,116
73=,Alistair,115
73=,Douglas,115
75,Blair,109
76,Benjamin,105
77=,Duncan,101
77=,Rory,101
79,Barry,100
80,Patrick,96
81=,Alasdair,93
81=,Dale,93
81=,Sam,93
84,Declan,86
85=,Ben,85
85=,Derek,85
87,George,83
88,Charles,81
89,Simon,80
90,Gregor,78
91=,Edward,76
91=,Garry,76
93,Greig,74
94,Owen,68
95=,Donald,66
95=,Keith,66
97=,Alastair,63
97=,Philip,63
99=,Daryl,62
99=,Luke,62
99=,Robbie,62
102,Murray,60
103,Niall,59
104,Josh,58
105,Mohammed,54
106,Dominic,53
107,Martyn,51
108,Bryan,49
109,Kristopher,48
110,Gareth,45
111=,Danny,44
111=,Raymond,44
113,Angus,43
114=,Jonathon,42
114=,Stefan,42
116=,Kris,41
116=,Oliver,41
118=,Ciaran,40
118=,Rhys,40
120,Tony,36
121=,Arran,35
121=,Brendan,35
121=,Bruce,35
121=,Jake,35
121=,Kristofer,35
126=,Keiran,34
126=,Malcolm,34
126=,Reece,34
129=,Dylan,33
129=,Finlay,33
131=,Aidan,31
131=,Jay,31
133=,Francis,30
133=,Harry,30
133=,Jon,30
136=,Darryl,28
136=,Frazer,28
136=,Hamish,28
139=,Antony,27
139=,Gerard,27
139=,Mohammad,27
142=,Elliot,26
142=,Joe,26
142=,Mathew,26
142=,Russell,26
146=,Drew,25
146=,Justin,25
146=,Louis,25
146=,Marcus,25
146=,Ruairidh,25
146=,Ruaridh,25
152=,Calvin,23
152=,Timothy,23
154=,Bradley,22
154=,Robin,22
154=,Shane,22
154=,Tom,22
158=,Henry,21
158=,Max,21
160,Lloyd,20
161=,Billy,19
161=,Glenn,19
161=,Kerr,19
161=,Ricky,19
161=,Ruaraidh,19
166=,Fergus,18
166=,Gregg,18
166=,Kieron,18
166=,Leigh,18
166=,Struan,18
171,Johnathan,17
172=,Daryn,16
172=,Hugh,16
172=,Muhammad,16
175=,Alex,15
175=,Alisdair,15
175=,Bobby,15
175=,Jacob,15
175=,Jordon,15
175=,Ronald,15
175=,Roy,15
175=,Scot,15
183=,Anton,14
183=,Damien,14
183=,Ethan,14
186=,Ashley,13
186=,Glen,13
186=,Kristoffer,13
186=,Laurie,13
186=,Omar,13
186=,Roderick,13
186=,Taylor,13
186=,Vincent,13
194=,Barrie,12
194=,Corey,12
194=,Eoin,12
194=,Gerald,12
194=,Gregory,12
194=,Innes,12
194=,Jed,12
194=,Lyle,12
194=,Maxwell,12
194=,Nicky,12
194=,Sandy,12
205=,Adrian,11
205=,Campbell,11
205=,Damian,11
205=,Ewen,11
205=,Joel,11
205=,Keir,11
205=,Laurence,11
205=,Rikki,11
205=,Ruari,11
205=,Zak,11
215=,Austin,10
215=,Brett,10
215=,Conner,10
215=,Frank,10
215=,Guy,10
215=,Lawrence,10
215=,Mitchell,10
215=,Nico,10
215=,Ronan,10
215=,Terry,10
225=,Ahmed,9
225=,Conar,9
225=,Darryn,9
225=,Dayle,9
225=,Eric,9
225=,Johnathon,9
225=,Kieren,9
225=,Lawrie,9
225=,Leon,9
225=,Magnus,9
225=,Phillip,9
225=,Wayne,9
225=,Zachary,9
238=,Amir,8
238=,Antonio,8
238=,Arron,8
238=,Bryce,8
238=,Chris,8
238=,Clark,8
238=,Findlay,8
238=,Frederick,8
238=,Jared,8
238=,Karl,8
238=,Leo,8
238=,Marco,8
238=,Morgan,8
238=,Myles,8
238=,Nathaniel,8
238=,Neal,8
238=,Reuben,8
238=,Shawn,8
238=,Sonny,8
238=,Stevie,8
238=,Warren,8
259=,Abdul,7
259=,Alister,7
259=,Archibald,7
259=,Darrell,7
259=,Daryll,7
259=,Eliot,7
259=,Ellis,7
259=,Hassan,7
259=,Hayden,7
259=,Imran,7
259=,Kenny,7
259=,Levi,7
259=,Ritchie,7
259=,Rowan,7
259=,Tomas,7
259=,Usman,7
259=,Zach,7
276=,Allen,6
276=,Arthur,6
276=,Bernard,6
276=,Byron,6
276=,Cairn,6
276=,Callan,6
276=,Chad,6
276=,Charlie,6
276=,Connar,6
276=,Cory,6
276=,Finn,6
276=,Isaac,6
276=,Joss,6
276=,Logan,6
276=,Mohamed,6
276=,Nikki,6
276=,Norman,6
276=,Ruairi,6
276=,Terence,6
276=,Tommy,6
276=,Tristan,6
276=,Tyler,6
298=,Aarron,5
298=,Atif,5
298=,Benn,5
298=,Brandon,5
298=,Carl,5
298=,Christian,5
298=,Dario,5
298=,Elliott,5
298=,Evan,5
298=,Gabriel,5
298=,Harley,5
298=,Harrison,5
298=,Haydn,5
298=,Hector,5
298=,Jeff,5
298=,Kelvin,5
298=,Kevan,5
298=,Lucas,5
298=,Maurice,5
298=,Murdo,5
298=,Neale,5
298=,Rees,5
298=,Ronnie,5
298=,Seumas,5
298=,Todd,5
298=,Troy,5
324=,Aamir,4
324=,Abdullah,4
324=,Adeel,4
324=,Aiden,4
324=,Archie,4
324=,Aron,4
324=,Benedict,4
324=,Blaine,4
324=,Brodie,4
324=,Conan,4
324=,Corrie,4
324=,Crawford,4
324=,Curtis,4
324=,Darran,4
324=,Deane,4
324=,Dennis,4
324=,Dwayne,4
324=,Erik,4
324=,Faisal,4
324=,Felix,4
324=,Frankie,4
324=,Geoffrey,4
324=,Grahame,4
324=,Haroon,4
324=,Harris,4
324=,Hasan,4
324=,Jaimie,4
324=,Johnny,4
324=,Josef,4
324=,Kamran,4
324=,Kashif,4
324=,Lachlan,4
324=,Lindsay,4
324=,Lyall,4
324=,Mario,4
324=,Nabeel,4
324=,Nicol,4
324=,Qasim,4
324=,Ralph,4
324=,Roddy,4
324=,Saqib,4
324=,Seamus,4
324=,Stefano,4
324=,Theodore,4
324=,Toby,4
324=,Walter,4
370=,Aaran,3
370=,Abdulrahman,3
370=,Ahmad,3
370=,Alexandre,3
370=,Alfred,3
370=,Ali,3
370=,Amar,3
370=,Andreas,3
370=,Andy,3
370=,Brent,3
370=,Cal,3
370=,Carlo,3
370=,Christy,3
370=,Cody,3
370=,Cole,3
370=,Conal,3
370=,Conall,3
370=,Connal,3
370=,Dane,3
370=,Daren,3
370=,Darrel,3
370=,Darrin,3
370=,Dechlan,3
370=,Dene,3
370=,Denholm,3
370=,Denis,3
370=,Derry,3
370=,Desmond,3
370=,Don,3
370=,Dugald,3
370=,Eugene,3
370=,Forbes,3
370=,Gage,3
370=,Gari,3
370=,Harvey,3
370=,Ieuan,3
370=,Innis,3
370=,Irfan,3
370=,Ivan,3
370=,Jackie,3
370=,Jackson,3
370=,Jaime,3
370=,Jamie-Lee,3
370=,Jean,3
370=,Jeffrey,3
370=,Jeremy,3
370=,Jimmy,3
370=,Kabir,3
370=,Kai,3
370=,Kasim,3
370=,Khalid,3
370=,Kierran,3
370=,Kit,3
370=,Kristian,3
370=,Kurt,3
370=,Leslie,3
370=,Lorn,3
370=,Manvir,3
370=,Muhammed,3
370=,Naveed,3
370=,Neill,3
370=,Nial,3
370=,Padraig,3
370=,Ramsay,3
370=,Rehman,3
370=,Rhuari,3
370=,Richie,3
370=,Rob,3
370=,Rupert,3
370=,Sandeep,3
370=,Santino,3
370=,Saul,3
370=,Stanley,3
370=,Steffan,3
370=,Stephan,3
370=,Stevan,3
370=,Steve,3
370=,Syed,3
370=,Wai,3
370=,Wallace,3
370=,Wesley,3
370=,Zubair,3
452=,Adil,2
452=,Adnan,2
452=,Albert,2
452=,Alberto,2
452=,Alec,2
452=,Alessandro,2
452=,Allister,2
452=,Anand,2
452=,Anders,2
452=,Andi,2
452=,Antoni,2
452=,Arfan,2
452=,Ariel,2
452=,Arnold,2
452=,Ashleigh,2
452=,Ashton,2
452=,Aston,2
452=,Baden,2
452=,Balal,2
452=,Barnaby,2
452=,Bastiaan,2
452=,Beau,2
452=,Bennett,2
452=,Brad,2
452=,Brogan,2
452=,Bryn,2
452=,Cailean,2
452=,Calumn,2
452=,Casey,2
452=,Ceiran,2
452=,Chi,2
452=,Clarke,2
452=,Claudio,2
452=,Clinton,2
452=,Connel,2
452=,Conrad,2
452=,Corry,2
452=,Creon,2
452=,Crisdean,2
452=,Cristopher,2
452=,Dalton,2
452=,Damon,2
452=,Dannie,2
452=,Darin,2
452=,Darius,2
452=,Darron,2
452=,Dee,2
452=,Devon,2
452=,Dexter,2
452=,Domenico,2
452=,Domhnall,2
452=,Dominick,2
452=,Donnie,2
452=,Eamon,2
452=,Edwin,2
452=,Eion,2
452=,Emilio,2
452=,Eoghann,2
452=,Ernest,2
452=,Euen,2
452=,Fahid,2
452=,Fergal,2
452=,Fionn,2
452=,Floris,2
452=,Francesco,2
452=,Gerrard,2
452=,Gerry,2
452=,Giovanni,2
452=,Gurdeep,2
452=,Hamed,2
452=,Hamza,2
452=,Hamzah,2
452=,Harold,2
452=,Harpreet,2
452=,Humza,2
452=,Hunter,2
452=,Hussain,2
452=,Jai,2
452=,Jak,2
452=,James-Alexander,2
452=,Jamielee,2
452=,Jarrad,2
452=,Jethro,2
452=,Jim,2
452=,Jodie,2
452=,John-Paul,2
452=,Jos,2
452=,Ka,2
452=,Kane,2
452=,Keerin,2
452=,Keiron,2
452=,Kent,2
452=,Khurram,2
452=,Kiefer,2
452=,Kim,2
452=,Kraig,2
452=,Krisstopher,2
452=,Kurtis,2
452=,Lance,2
452=,Leith,2
452=,Lindsey,2
452=,Lorne,2
452=,Luc,2
452=,Luca,2
452=,Marshall,2
452=,Massimo,2
452=,Maximillian,2
452=,Melvin,2
452=,Merlin,2
452=,Micheil,2
452=,Mikey,2
452=,Miles,2
452=,Moray,2
452=,Mykel,2
452=,Mykola,2
452=,Nadeem,2
452=,Nick,2
452=,Nicolas,2
452=,Nikolas,2
452=,Noel,2
452=,Omer,2
452=,Oran,2
452=,Orrin,2
452=,Osman,2
452=,Padraic,2
452=,Paolo,2
452=,Perry,2
452=,Piers,2
452=,Qamar,2
452=,Raja,2
452=,Reeve,2
452=,Reiss,2
452=,Rhuraidh,2
452=,Ricki,2
452=,Roberto,2
452=,Rogan,2
452=,Rohan,2
452=,Royce,2
452=,Rudi,2
452=,Saad,2
452=,Salvatore,2
452=,Sami,2
452=,Sammy,2
452=,Satwinder,2
452=,Sebastian,2
452=,Shafiq,2
452=,Shakeel,2
452=,Sharaz,2
452=,Sinclair,2
452=,Siu,2
452=,Sky,2
452=,Storm,2
452=,Talha,2
452=,Tanveer,2
452=,Theo,2
452=,Thorfinn,2
452=,Tiernan,2
452=,Tjay,2
452=,Tyrone,2
452=,Waqas,2
452=,Waseem,2
452=,Yasin,2
452=,Yasir,2
452=,Zac,2
452=,Zeshan,2
452=,Zoheb,2
618=,Aadil,1
618=,Aaftab,1
618=,Aaren,1
618=,Aaryn,1
618=,Aasim,1
618=,Abdulkarem,1
618=,Abdulla,1
618=,Abdulmajeed,1
618=,Abdulwahab,1
618=,Abdur,1
618=,Abdurahman,1
618=,Abdurrahman,1
618=,Abdussalam,1
618=,Abraham,1
618=,Abrar,1
618=,Ackie,1
618=,Adan,1
618=,Adeal,1
618=,Adel,1
618=,Aden,1
618=,Adien,1
618=,Aeneas,1
618=,Afraz,1
618=,Ahad,1
618=,Ahhad,1
618=,Ahid,1
618=,Ahmer,1
618=,Ahron,1
618=,Aidan-Blair,1
618=,Ailean,1
618=,Aimee,1
618=,Ainsley,1
618=,Ajay,1
618=,Ajveer,1
618=,Akash,1
618=,Akira,1
618=,Al-Hady,1
618=,Alain,1
618=,Albara,1
618=,Alec-John,1
618=,Aleem,1
618=,Alfie,1
618=,Alimahomed,1
618=,Alistar,1
618=,Allain,1
618=,Alli,1
618=,Allistair,1
618=,Ally,1
618=,Allyn,1
618=,Alp,1
618=,Alun,1
618=,Alva,1
618=,Alwyn,1
618=,Amaar,1
618=,Aman,1
618=,Amedeo,1
618=,Amer,1
618=,Amerjeet,1
618=,Amin,1
618=,Amir-Reza,1
618=,Ammar,1
618=,Amrik,1
618=,Andie,1
618=,Andre,1
618=,Andrewlee,1
618=,Andrian,1
618=,Andros,1
618=,Anees,1
618=,Angela,1
618=,Angelo,1
618=,Anilraj,1
618=,Aniq,1
618=,Anise,1
618=,Anissur,1
618=,Anjandeep,1
618=,Ansaar,1
618=,Anscar,1
618=,Anson,1
618=,Anthsham,1
618=,Antoine,1
618=,Antonni,1
618=,Aodhan,1
618=,Aongnas,1
618=,Aoron,1
618=,Aqale,1
618=,Arab,1
618=,Aran,1
618=,Aric,1
618=,Arif,1
618=,Arin,1
618=,Arjun,1
618=,Arren,1
618=,Arrin,1
618=,Arslan,1
618=,Arunjit,1
618=,Aryan,1
618=,Asa,1
618=,Asad,1
618=,Asgar,1
618=,Asger,1
618=,Ashwin,1
618=,Asif,1
618=,Asim,1
618=,Asimullah,1
618=,Asmat,1
618=,Asrar,1
618=,Assad,1
618=,Ateek,1
618=,Attaf,1
618=,Attiq,1
618=,Augustine,1
618=,Auran,1
618=,Austen,1
618=,Avigad,1
618=,Awace,1
618=,Awais,1
618=,Axl,1
618=,Aydan,1
618=,Ayman,1
618=,Azad,1
618=,Azam,1
618=,Azeem,1
618=,Azfar,1
618=,Azim,1
618=,Aziz,1
618=,Azzam,1
618=,Babar,1
618=,Baldeep,1
618=,Baljinder,1
618=,Balraj,1
618=,Barclay,1
618=,Barnabas,1
618=,Barrak,1
618=,Barrington,1
618=,Basil,1
618=,Bayedy,1
618=,Benny,1
618=,Bentley,1
618=,Benvolio,1
618=,Berney,1
618=,Bhavnik,1
618=,Bilal,1
618=,Billie,1
618=,Bjaerni,1
618=,Blain,1
618=,Blaise,1
618=,Blake,1
618=,Blane,1
618=,Blawal,1
618=,Blayre,1
618=,Bleys,1
618=,Blyth,1
618=,Bobbie,1
618=,Bonnar,1
618=,Boudewijn,1
618=,Boyd,1
618=,Bradford,1
618=,Brandyn,1
618=,Breandan,1
618=,Bremner,1
618=,Brenden,1
618=,Brendon,1
618=,Brenton,1
618=,Bret,1
618=,Briar,1
618=,Brooks,1
618=,Bruno,1
618=,Bryden,1
618=,Brydon,1
618=,Burhan,1
618=,Byran,1
618=,Cahil,1
618=,Cailain,1
618=,Caimbeul,1
618=,Cairnn,1
618=,Cairon,1
618=,Calan,1
618=,Caleb,1
618=,Calen,1
618=,Calib,1
618=,Callam,1
618=,Calman,1
618=,Camden,1
618=,Cameran,1
618=,Camron,1
618=,Camryn,1
618=,Cannigia,1
618=,Carlito,1
618=,Carlton,1
618=,Carnie,1
618=,Caryss,1
618=,Cayne,1
618=,Cenk,1
618=,Chadwick,1
618=,Challum,1
618=,Chance,1
618=,Charli,1
618=,Charly,1
618=,Chesney,1
618=,Chey,1
618=,Cheyne,1
618=,Ching-Fung,1
618=,Christiaan,1
618=,Christipher,1
618=,Christofer,1
618=,Chulk,1
618=,Chung,1
618=,Cieran,1
618=,Claran,1
618=,Claude,1
618=,Claye,1
618=,Codie,1
618=,Coeray,1
618=,Cohn,1
618=,Cohnor,1
618=,Coleman,1
618=,Coll,1
618=,Colum,1
618=,Conneir,1
618=,Connell,1
618=,Conon,1
618=,Cooper,1
618=,Corbin,1
618=,Corie,1
618=,Corin,1
618=,Cormick,1
618=,Cosimo,1
618=,Cosmo,1
618=,Courtney,1
618=,Creig,1
618=,Cristofer,1
618=,Curtiss,1
618=,Cyrus,1
618=,Daanish,1
618=,Dalminder,1
618=,Damarcus,1
618=,Damion,1
618=,Dan,1
618=,Daniyaal,1
618=,Danni,1
618=,Danniel,1
618=,Danny-Lee,1
618=,Dante,1
618=,Danus,1
618=,Danzig,1
618=,Dara,1
618=,Darall,1
618=,Daran,1
618=,Darra,1
618=,Darragh,1
618=,Darral,1
618=,Darroch,1
618=,Darryle,1
618=,Dassie,1
618=,Davide,1
618=,Davis,1
618=,Davy,1
618=,Daylyn,1
618=,Deandre,1
618=,Decklin,1
618=,Declin,1
618=,Declyn,1
618=,Deklin,1
618=,Deklyn,1
618=,Del,1
618=,Dela,1
618=,Deril,1
618=,Derrie,1
618=,Deryck,1
618=,Deryk,1
618=,Devesh,1
618=,Dexy,1
618=,Dhugal,1
618=,Dillan,1
618=,Dillon,1
618=,Dino,1
618=,Dominik,1
618=,Dominique,1
618=,Dong-Woo,1
618=,Doran,1
618=,Dougal,1
618=,Druwyn,1
618=,Dwain,1
618=,Dwaine,1
618=,Dywayne,1
618=,E-Sau,1
618=,Eaione,1
618=,Eamonn,1
618=,Easton,1
618=,Edan,1
618=,Eddie,1
618=,Eddy,1
618=,Edison,1
618=,Edmund,1
618=,Ehap,1
618=,Ehsan,1
618=,Ehssan,1
618=,Einar,1
618=,Eisuke,1
618=,Elijah,1
618=,Elio,1
618=,Emile,1
618=,Emile-Leo,1
618=,Enrico,1
618=,Enzo,1
618=,Eoghan,1
618=,Erhan,1
618=,Erin,1
618=,Erlend,1
618=,Ernesto,1
618=,Esko,1
618=,Etienne,1
618=,Evann,1
618=,Ewan-James,1
618=,Eythan,1
618=,Fabio,1
618=,Faegan,1
618=,Fahd,1
618=,Faheem,1
618=,Faiz,1
618=,Falah,1
618=,Faraz,1
618=,Farazdag,1
618=,Farhad,1
618=,Farhan,1
618=,Farhatullam,1
618=,Fateh,1
618=,Fearghas,1
618=,Fernando,1
618=,Fiaz,1
618=,Finley,1
618=,Finnian,1
618=,Fintan,1
618=,Fionnlagh,1
618=,Fletcher,1
618=,Ford,1
618=,Forde,1
618=,Francisco,1
618=,Franciss,1
618=,Franco,1
618=,Franz,1
618=,Fynn,1
618=,Gaetano,1
618=,Gagandeep,1
618=,Garith,1
618=,Garret,1
618=,Garrick,1
618=,Garth,1
618=,Gavyn,1
618=,Gavynn,1
618=,Ged,1
618=,Geordan,1
618=,Georg,1
618=,Gethin,1
618=,Gevi,1
618=,Ghalib,1
618=,Ghassan,1
618=,Gholam-Hossein,1
618=,Gian,1
618=,Giancarlo,1
618=,Gianluca,1
618=,Gilbert,1
618=,Gilby,1
618=,Gilmour,1
618=,Gino,1
618=,Giuliano,1
618=,Giuseppe,1
618=,Glen-Ross,1
618=,Glyen,1
618=,Glyn,1
618=,Glynn,1
618=,Govinda,1
618=,Graeme-Leah,1
618=,Graemie-John,1
618=,Gregori,1
618=,Grigor,1
618=,Guido,1
618=,Gurakash,1
618=,Gurmeet,1
618=,Gurpage,1
618=,Gursevak,1
618=,Gustav,1
618=,Guthrie,1
618=,Haashim,1
618=,Hai,1
618=,Haig,1
618=,Haldan,1
618=,Halim,1
618=,Hamant,1
618=,Hameza,1
618=,Hamid,1
618=,Hamilton,1
618=,Hammad,1
618=,Han-Sun,1
618=,Hanif,1
618=,Hannan,1
618=,Hany,1
618=,Hardeep,1
618=,Hareth,1
618=,Haris,1
618=,Harnek,1
618=,Harsimran,1
618=,Hasabe,1
618=,Haseeb,1
618=,Hashim,1
618=,Heather,1
618=,Henderson,1
618=,Henrik,1
618=,Hesham,1
618=,Hishaam,1
618=,Hoa,1
618=,Hogan,1
618=,Hoiyin,1
618=,Housam,1
618=,Hubert,1
618=,Hugo,1
618=,Husam,1
618=,Huseyin,1
618=,Hussin,1
618=,Iaqib,1
618=,Ibrahim,1
618=,Idrees,1
618=,Idwal,1
618=,Iemke,1
618=,Iftikhar,1
618=,Ihtisham,1
618=,Ikhlaq,1
618=,Ilias,1
618=,Ilyaas,1
618=,Imtiaz,1
618=,Inderjit,1
618=,Indio,1
618=,Irvine,1
618=,Itsham,1
618=,Izaak,1
618=,Jac,1
618=,Jacky,1
618=,Jacques,1
618=,Jade,1
618=,Jagraj,1
618=,Jahanzeb,1
618=,Jaimee,1
618=,Jamel,1
618=,Jamey,1
618=,Jan,1
618=,Janzell,1
618=,Jardin,1
618=,Jarol,1
618=,Jaron,1
618=,Jarred,1
618=,Jarryd,1
618=,Jarvis,1
618=,Jasim,1
618=,Jason-James,1
618=,Jaspal,1
618=,Jasper,1
618=,Jatinder,1
618=,Javaad,1
618=,Javis,1
618=,Jawwad,1
618=,Jay-Jay,1
618=,Jayce,1
618=,Jayme,1
618=,Jaypreet,1
618=,Jayson,1
618=,Jedd,1
618=,Jener,1
618=,Jens,1
618=,Jereth,1
618=,Jericho,1
618=,Jerry,1
618=,Jibran,1
618=,Jifan,1
618=,Jo,1
618=,Joan,1
618=,Jodi,1
618=,Joeseph,1
618=,Joey,1
618=,John-David,1
618=,John-Mark,1
618=,John-William,1
618=,Johnathen,1
618=,Johneil,1
618=,Johnson,1
618=,Johnston,1
618=,Joma,1
618=,Jon-Paul,1
618=,Jonas,1
618=,Jonjon,1
618=,Jonni,1
618=,Joost,1
618=,Jordain,1
618=,Jorden,1
618=,Jordin,1
618=,Jordyn,1
618=,Josie,1
618=,Jourdan,1
618=,Jozef,1
618=,Jules,1
618=,Julian,1
618=,Julien,1
618=,Jumsher,1
618=,Junayd,1
618=,Junior,1
618=,K,1
618=,Kaerin,1
618=,Kal,1
618=,Kalan,1
618=,Kaled,1
618=,Kalem,1
618=,Kam,1
618=,Karm,1
618=,Karol,1
618=,Kasiem,1
618=,Kaul,1
618=,Kavan,1
618=,Kavin,1
618=,Kayler,1
618=,Kaylum,1
618=,Kayvan,1
618=,Kayvon,1
618=,Kaz,1
618=,Kazim,1
618=,Keane,1
618=,Kearn,1
618=,Kearyn,1
618=,Keelan,1
618=,Keenan,1
618=,Kegan,1
618=,Keifer,1
618=,Keighan,1
618=,Keirn,1
618=,Keirran,1
618=,Keirron,1
618=,Keiryn,1
618=,Ken,1
618=,Kenan,1
618=,Kendrick,1
618=,Kerey,1
618=,Kerim,1
618=,Kern,1
618=,Kerren,1
618=,Kerrin,1
618=,Kerry,1
618=,Keven,1
618=,Kevyn,1
618=,Kez,1
618=,Khaja,1
618=,Khaled,1
618=,Khalifa,1
618=,Kher,1
618=,Khieran,1
618=,Khuram,1
618=,Khwaja,1
618=,Kieranjeet,1
618=,Kiernan,1
618=,Killean,1
618=,Kinnon,1
618=,Kirk,1
618=,Kishan,1
618=,Kiyl,1
618=,Koadie,1
618=,Kojo,1
618=,Kol,1
618=,Kolapokabir,1
618=,Konan,1
618=,Konrad,1
618=,Kory,1
618=,Kouros,1
618=,Kriss,1
618=,Kristiaan,1
618=,Kristofor,1
618=,Kristos,1
618=,Krys,1
618=,Krystofer,1
618=,Kurd,1
618=,Kwadwo,1
618=,Kwame,1
618=,Kyall,1
618=,Kye,1
618=,Kymo,1
618=,Kyrk,1
618=,Laeeq,1
618=,Lars,1
618=,Laurance,1
618=,Lauritz,1
618=,Lawerence,1
618=,Lean,1
618=,Leask,1
618=,Leigham,1
618=,Leighton,1
618=,Leland,1
618=,Lennard,1
618=,Leonard,1
618=,Leroy,1
618=,Lesli,1
618=,Lewis-Ashley,1
618=,Lewys,1
618=,Leyton,1
618=,Liam-Martin,1
618=,Liang-Jiun,1
618=,Lisle,1
618=,Lliam,1
618=,Lorcan,1
618=,Lorenzo,1
618=,Loreto,1
618=,Lorna,1
618=,Lucian,1
618=,Luciano,1
618=,Ludovic,1
618=,Luqmaan,1
618=,Lyndon,1
618=,Maan,1
618=,Mac,1
618=,Mackenzie,1
618=,Madasir,1
618=,Madhav,1
618=,Mahomed,1
618=,Mahtab,1
618=,Majid,1
618=,Makeyan,1
618=,Malik,1
618=,Manar,1
618=,Mandeep,1
618=,Maqsood,1
618=,Marcas,1
618=,Marcello,1
618=,Marek,1
618=,Marinus,1
618=,Marten,1
618=,Marti,1
618=,Martin-Lee,1
618=,Marty,1
618=,Martynn,1
618=,Marvin,1
618=,Mason,1
618=,Masoom,1
618=,Massimiliano,1
618=,Mathias,1
618=,Mathieu,1
618=,Matija,1
618=,Matteo,1
618=,Matthue,1
618=,Matz,1
618=,Maxime,1
618=,Maximilian,1
618=,May,1
618=,Meftah,1
618=,Melak,1
618=,Melissa,1
618=,Melkit-Jurawar,1
618=,Mervyn,1
618=,Mhiran,1
618=,Michael-Joseph,1
618=,Michel,1
618=,Michele,1
618=,Mickey,1
618=,Mike,1
618=,Mikel,1
618=,Mikhail,1
618=,Ming,1
618=,Mirza,1
618=,Mitchel,1
618=,Moath,1
618=,Mogib,1
618=,Mohamad,1
618=,Mohamed-Omar,1
618=,Mohsen,1
618=,Mohsin,1
618=,Morris,1
618=,Morten,1
618=,Morton,1
618=,Morven,1
618=,Mrad,1
618=,Muaaz,1
618=,Muddasar,1
618=,Muhsin,1
618=,Mujahid,1
618=,Mungo,1
618=,Munsoor,1
618=,Murphy,1
618=,Musaab,1
618=,Mussadaq,1
618=,Mustafa,1
618=,Mustaffa,1
618=,Mustapha,1
618=,Mutale,1
618=,Muwahhid,1
618=,Mykie,1
618=,Nahidul,1
618=,Nairn,1
618=,Naman,1
618=,Nambi,1
618=,Naphtaly,1
618=,Naren,1
618=,Nasrullah,1
618=,Nassif,1
618=,Nathanael,1
618=,Navandeep,1
618=,Nawaz,1
618=,Neall,1
618=,Neilsen,1
618=,Nicci,1
618=,Nicki,1
618=,Nicklas,1
618=,Nickolas,1
618=,Nicoll,1
618=,Niek,1
618=,Niel,1
618=,Niels,1
618=,Nikhal,1
618=,Nikolai,1
618=,Nils,1
618=,Nino,1
618=,Nitish,1
618=,Nolan,1
618=,Oban,1
618=,Obayda,1
618=,Odin,1
618=,Ohmar,1
618=,Olli,1
618=,Omeed,1
618=,Onorio,1
618=,Oodesh,1
618=,Orin,1
618=,Orson,1
618=,Osama,1
618=,Oscar,1
618=,Ossilton,1
618=,Owain,1
618=,Pacian,1
618=,Panayotis,1
618=,Paris,1
618=,Parmajit,1
618=,Pascal,1
618=,Paschal,1
618=,Pavandeep,1
618=,Pavel,1
618=,Pearce,1
618=,Perikles,1
618=,Petter,1
618=,Pin,1
618=,Poul,1
618=,Pramod,1
618=,Prience,1
618=,Qadeer,1
618=,Qadees,1
618=,Qaiser,1
618=,Quinton,1
618=,Quism,1
618=,Quon,1
618=,Ra-Ece,1
618=,Rabinder,1
618=,Rachelle,1
618=,Rae,1
618=,Rael,1
618=,Rafaquet,1
618=,Raheed,1
618=,Raheel,1
618=,Raheil,1
618=,Raiyan,1
618=,Rajan,1
618=,Rakesh,1
618=,Rakin,1
618=,Raleigh,1
618=,Ramandeep,1
618=,Ramaz,1
618=,Rameen,1
618=,Rameez,1
618=,Ramis,1
618=,Ramiz,1
618=,Ramzan,1
618=,Ramzy,1
618=,Ranald,1
618=,Rannoch,1
618=,Ranulph,1
618=,Raoof,1
618=,Raphael,1
618=,Rauri,1
618=,Ravail,1
618=,Razmal,1
618=,Razwan,1
618=,Rd,1
618=,Reagan,1
618=,Reahan,1
618=,Reamonn,1
618=,Redha,1
618=,Redmond,1
618=,Rein,1
618=,Remo,1
618=,Rhori,1
618=,Rhouri,1
618=,Rhuairidh,1
618=,Rhuaraidh,1
618=,Rhuaridh,1
618=,Riaghain,1
618=,Rian,1
618=,Ricardo,1
618=,Riccardo,1
618=,Richi,1
618=,Richmond,1
618=,Rick,1
618=,Rico,1
618=,Rikky,1
618=,Rioch,1
618=,Riyad,1
618=,Rizwan,1
618=,Robaidh,1
618=,Robertson,1
618=,Robinson,1
618=,Robyn,1
618=,Rocco,1
618=,Roger,1
618=,Romi,1
618=,Ronwing,1
618=,Rorie,1
618=,Rowen,1
618=,Rthys,1
618=,Ruaidhri,1
618=,Ruarion,1
618=,Ruben,1
618=,Rupesh,1
618=,Ruraidh,1
618=,Rurigdh,1
618=,Russel,1
618=,Rutger,1
618=,Ruth,1
618=,Ryann,1
618=,Sacha,1
618=,Safeer,1
618=,Sahed,1
618=,Sahil,1
618=,Saidi,1
618=,Saithe,1
618=,Sajad,1
618=,Sajid,1
618=,Saleh,1
618=,Sama,1
618=,Samson,1
618=,Sarfraz,1
618=,Sarmod,1
618=,Sarvaz,1
618=,Satinderjit,1
618=,Satoshi,1
618=,Satpal,1
618=,Satveer,1
618=,Saun,1
618=,Sax,1
618=,Seain,1
618=,Sean-Joseph,1
618=,Sean-Michael,1
618=,Seanallan,1
618=,Sebastien,1
618=,Seon,1
618=,Seonaidh,1
618=,Seoras,1
618=,Seort,1
618=,Severin,1
618=,Sezar,1
618=,Shabaan,1
618=,Shabaz,1
618=,Shaber,1
618=,Shael,1
618=,Shahid,1
618=,Shahzada,1
618=,Shajan,1
618=,Shamoon,1
618=,Shannan,1
618=,Shariar,1
618=,Shau,1
618=,Shaun-Julian,1
618=,Shaun-Paul,1
618=,Shaw,1
618=,Shayne,1
618=,Shehbaz,1
618=,Shehroz,1
618=,Sheru,1
618=,Shezad,1
618=,Shingo,1
618=,Shivraj,1
618=,Shoaib,1
618=,Shoheb,1
618=,Sholto,1
618=,Shone,1
618=,Shorta,1
618=,Sigurd,1
618=,Sim,1
618=,Simranjit,1
618=,Sonnie,1
618=,Sonul,1
618=,Spencer,1
618=,Spike,1
618=,Stanly,1
618=,Steele,1
618=,Steffen,1
618=,Stefhan,1
618=,Stefon,1
618=,Stevenson,1
618=,Stiofan,1
618=,Stirling,1
618=,Strachan,1
618=,Su,1
618=,Subhaan,1
618=,Suhael,1
618=,Suhail,1
618=,Sukhmeet,1
618=,Sullivan,1
618=,Sumeet,1
618=,Sunil,1
618=,Sunit,1
618=,Sunnan,1
618=,Surjun,1
618=,Swaleyha,1
618=,Sylvester,1
618=,Symon-Lee,1
618=,T,1
618=,Taha,1
618=,Tai,1
618=,Tait,1
618=,Tajinderpal,1
618=,Tallan,1
618=,Tamer,1
618=,Tanim,1
618=,Tariq,1
618=,Tarquin,1
618=,Tascal,1
618=,Tauheed,1
618=,Tayler,1
618=,Tayyab,1
618=,Teejay,1
618=,Teillo,1
618=,Telfer,1
618=,Terrance,1
618=,Terri-Jo,1
618=,Terryll,1
618=,Thain,1
618=,Thana,1
618=,Theoharis,1
618=,Thokeer,1
618=,Thurston,1
618=,Tim,1
618=,Tobias,1
618=,Tomass,1
618=,Tongie,1
618=,Toni,1
618=,Torquil,1
618=,Tory,1
618=,Trent,1
618=,Trevor,1
618=,Tristram,1
618=,Tsim-Ton,1
618=,Tuan,1
618=,Tugrul,1
618=,Tye,1
618=,Tylor,1
618=,Tyson,1
618=,Uko,1
618=,Umair,1
618=,Umair-Ul,1
618=,Umar,1
618=,Umer,1
618=,Usama,1
618=,Uthman,1
618=,Varun,1
618=,Vern,1
618=,Vernon,1
618=,Victor,1
618=,Vinnie,1
618=,Wajid-Ibrar,1
618=,Waleed,1
618=,Warran,1
618=,Wasay,1
618=,Wasim,1
618=,Wi,1
618=,Willis,1
618=,Willum,1
618=,Wilson,1
618=,Wing,1
618=,Xander,1
618=,Yaakov,1
618=,Yacine,1
618=,Yaqut,1
618=,Yassen,1
618=,Yathan,1
618=,Yavuz,1
618=,Yaw,1
618=,Yazeed,1
618=,Yeorgo,1
618=,Yiannis,1
618=,Yik,1
618=,Yin,1
618=,Yinglun,1
618=,Yiorgos,1
618=,Yiu,1
618=,Yona,1
618=,Yuill,1
618=,Yujay,1
618=,Yusaf,1
618=,Yusef,1
618=,Yusif,1
618=,Yusuf,1
618=,Zachariah,1
618=,Zacharias,1
618=,Zacharie,1
618=,Zackarie,1
618=,Zaeem,1
618=,Zafar,1
618=,Zahn,1
618=,Zain-Ul-Abdeen,1
618=,Zakir,1
618=,Zakk,1
618=,Zaman,1
618=,Zayd,1
618=,Zeashan,1
618=,Zebadiah,1
618=,Zeeshan,1
618=,Zen-Ul-Abideen,1
618=,Zeyn,1
618=,Zhu,1
618=,Zi,1
618=,Zia,1
618=,Zishaan,1
618=,Zoe,1
618=,Zuber,1
618=,Zuhaib,1
618=,Zuhair,1
618=,Zuhayb,1
618=,Zuhayr,1
618=,Zyshan,1
,,
,,
,,
,,
,,
,,
,,
,,
,,
,,
,,
,,
,,
,,
,,
,,
,,
,,
,,
,,
,,
,,
,,
,,
,,
,,
,,
,,
,,
,,
,,
,,
,,
,,
,,
,,
,,
,,
,,
,,
,,
,,
,,
,,
,,
,,
,,
,,
,,
,,
,,
,,
,,
,,
,,
,,
,,
,,
,,
,,
,,
,,
,,
,,
,,
,,
,,
,,
,,
,,
,,
,,
,,
,,
,,
,,
,,
,,
,,
,,
,,
,,
,,
,,
,,
,,
,,
,,
,,
,,
,,
,,
,,
,,
,,
,,
,,
,,
,,
,,
,,
,,
,,
,,
,,
,,
,,
,,
,,
,,
,,
,,
,,
,,
,,
,,
,,
,,
,,
,,
,,
,,
,,
,,
,,
,,
,,
,,
,,
,,
,,
,,
,,
,,
,,
,,
,,
,,
,,
,,
,,
,,
,,
,,
,,
,,
,,
,,
,,
,,
,,
,,
,,
,,
,,
,,
,,
,,
,,
,,
,,
,,
,,
,,
,,
,,
,,
,,
,,
,,
,,
,,
,,
,,
,,
,,
,,
,,
,,
,,
,,
,,
,,
,,
,,
,,
,,
,,
,,
,,
,,
,,
,,
,,
,,
,,
,,
,,
,,
,,
,,
,,
,,
,,
,,
,,
,,
,,
,,
,,
,,
,,
,,
,,
,,
,,
,,
,,
,,
,,
,,
,,
,,
,,
,,
,,
,,
,,
,,
,,
,,
,,
,,
,,
,,
,,
,,
,,
,,
,,
,,
,,
,,
,,
,,
,,
,,
,,
,,
,,
,,
,,
,,
,,
,,
,,
,,
,,
,,
,,
,,
,,
,,
,,
,,
,,
,,
,,
,,
,,
,,
,,
,,
,,
,,
,,
,,
,,
,,
,,
,,
,,
,,
,,
,,
,,
,,
,,
,,
,,
,,
,,
,,
,,
,,
,,
,,
,,
,,
,,
,,
,,
,,
,,
,,
,,
,,
,,
,,
,,
,,
,,
,,
,,
,,
,,
,,
,,
,,
,,
,,
,,
,,
,,
,,
,,
,,
,,
,,
,,
,,
,,
,,
,,
,,
,,
,,
,,
,,
,,
,,
,,
,,
,,
,,
,,
,,
,,
,,
,,
,,
,,
,,
,,
,,
,,
,,
,,
,,
,,
,,
,,
,,
,,
,,
,,
,,
,,
,,
,,
,,
,,
,,
,,
,,
,,
,,
,,
,,
,,
,,
,,
,,
,,
,,
,,
,,
,,
,,
,,
,,
,,
,,
,,
,,
,,
,,
,,
,,
,,
,,
,,
,,
,,
,,
,,
,,
,,
,,
,,
,,
,,
,,
,,
,,
,,
,,
,,
,,
,,
,,
,,
,,
,,
,,
,,
,,
,,
,,
,,
,,
,,
,,
,,
,,
,,
,,
,,
,,
,,
,,
,,
,,
,,
,,
,,
,,
,,
,,
,,
,,
,,
,,
,,
,,
,,
,,
,,
,,
,,
,,
,,
,,
,,
,,
,,
,,
,,
,,
,,
,,
,,
,,
,,
,,
,,
,,
,,
,,
,,
,,
,,
,,
,,
,,
,,
,,
,,
,,
,,
,,
,,
,,
,,
,,
,,
,,
,,
,,
,,
,,
,,
,,
,,
,,
,,
,,
,,
,,
,,
,,
,,
,,
,,
,,
,,
,,
,,
,,
,,
,,
,,
,,
,,
,,
,,
,,
,,
,,
,,
,,
,,
,,
,,
,,
,,
,,
,,
,,
,,
,,
,,
,,
,,
,,
,,
,,
,,
,,
,,
,,
,,
,,
,,
,,
,,
,,
,,
,,
,,
,,
,,
,,
,,
,,
,,
,,
,,
,,
,,
,,
,,
,,
,,
,,
,,
,,
,,
,,
,,
,,
,,
,,
,,
,,
,,
,,
,,
,,
,,
,,
,,
,,
,,
,,
,,
,,
,,
,,
,,
,,
,,
,,
,,
,,
,,
,,
,,
,,
,,
,,
,,
,,
,,
,,
,,
,,
,,
,,
,,
,,
,,
,,
,,
,,
,,
,,
,,
,,
,,
,,
,,
,,
,,
,,
,,
,,
,,
,,
,,
,,
,,
,,
,,
,,
,,
,,
,,
,,
,,
,,
,,
,,
,,
,,
,,
,,
,,
,,
,,
,,
,,
,,
,,
,,
,,
,,
,,
,,
,,
,,
,,
,,
,,
,,
,,
,,
,,
,,
,,
,,
,,
,,
,,
,,
,,
,,
,,
,,
,,
,,
,,
,,
,,
,,
,,
,,
,,
,,
,,
,,
,,
,,
,,
,,
,,
,,
,,
,,
,,
,,
,,
,,
,,
,,
,,
,,
,,
,,
,,
,,
,,
,,
,,
,,
,,
,,
,,
,,
,,
,,
,,
,,
,,
,,
,,
,,
,,
,,
,,
,,
,,
,,
,,
,,
,,
,,
,,
,,
,,
,,
,,
,,
,,
,,
,,
,,
,,
,,
,,
,,
,,
,,
,,
,,
,,
,,
,,
,,
,,
,,
,,
,,
,,
,,
,,
,,
,,
,,
,,
,,
,,
,,
,,
,,
,,
,,
,,
,,
,,
,,
,,
,,
,,
,,
,,
,,
,,
,,
,,
,,
,,
,,
,,
,,
,,
,,
,,
,,
,,
,,
,,
,,
,,
,,
,,
,,
,,
,,
,,
,,
,,
,,
,,
,,
,,
,,
,,
,,
,,
,,
,,
,,
,,
,,
,,
,,
,,
,,
,,
,,
,,
,,
,,
,,
,,
,,
,,
,,
,,
,,
,,
,,
,,
,,
,,
,,
,,
,,
,,
,,
,,
,,
,,
,,
,,
,,
,,
,,
,,
,,
,,
,,
,,
,,
,,
,,
,,
,,
,,
,,
,,
,,
,,
,,
,,
,,
,,
,,
,,
,,
,,
,,
,,
,,
,,
,,
,,
,,
,,
,,
,,
,,
,,
,,
,,
,,
,,
,,
,,
,,
,,
,,
,,
,,
,,
,,
,,
,,
,,
,,
,,
,,
,,
,,
,,
,,
,,
,,
,,
,,
,,
,,
,,
,,
,,
,,
,,
,,
,,
,,
,,
,,
,,
,,
,,
,,
,,
,,
,,
,,
,,
,,
,,
,,
,,
,,
,,
,,
,,
,,
,,
,,
,,
,,
,,
,,
,,
,,
,,
,,
,,
,,
,,
,,
,,
,,
,,
,,
,,
,,
,,
,,
,,
,,
,,
,,
,,
,,
,,
,,
,,
,,
,,
,,
,,
,,
,,
,,
,,
,,
,,
,,
,,
,,
,,
,,
,,
,,
,,
,,
,,
,,
,,
,,
,,
,,
,,
,,
,,
,,
,,
,,
,,
,,
,,
,,
,,
,,
,,
,,
,,
,,
,,
,,
,,
,,
,,
,,
,,
,,
,,
,,
,,
,,
,,
,,
,,
,,
,,
,,
,,
,,
,,
,,
,,
,,
,,
,,
,,
,,
,,
,,
,,
,,
,,
,,
,,
,,
,,
,,
,,
,,
,,
,,
,,
,,
,,
,,
,,
,,
,,
,,
,,
,,
,,
,,
,,
,,
,,
,,
,,
,,
,,
,,
,,
,,
,,
,,
,,
,,
,,
,,
,,
,,
,,
,,
,,
,,
,,
,,
,,
,,
,,
,,
,,
,,
,,
,,
,,
,,
,,
,,
,,
,,
,,
,,
,,
,,
,,
,,
,,
,,
,,
,,
,,
,,
,,
,,
,,
,,
,,
,,
,,
,,
,,
,,
,,
,,
,,
,,
,,
,,
,,
,,
,,
,,
,,
,,
,,
,,
,,
,,
,,
,,
,,
,,
,,
,,
,,
,,
,,
,,
,,
,,
,,
,,
,,
,,
,,
,,
,,
,,
,,
,,
,,
,,
,,
,,
,,
,,
,,
,,
,,
,,
,,
,,
,,
,,
,,
,,
,,
,,
,,
,,
,,
,,
,,
,,
,,
,,
,,
,,
,,
,,
,,
,,
,,
,,
,,
,,
,,
,,
,,
,,
,,
,,
,,
,,
,,
,,
,,
,,
,,
,,
,,
,,
,,
,,
,,
,,
,,
,,
,,
,,
,,
,,
,,
,,
,,
,,
,,
,,
,,
,,
,,
,,
,,
,,
,,
,,
,,
,,
,,
,,
,,
,,
,,
,,
,,
,,
,,
,,
,,
,,
,,
,,
,,
,,
,,
,,
,,
,,
,,
,,
,,
,,
,,
,,
,,
,,
,,
� Crown Copyright 2015,,
