Position,Name,Number of babies
1,Ryan,932
2,Andrew,772
3,Liam,701
4,Jack,675
5,Connor,663
6,Scott,660
7,James,654
8,Daniel,647
9,Ross,640
10,Jordan,603
11,Michael,554
12,David,542
13,Cameron,499
14=,Craig,492
14=,Kieran,492
16,Lewis,473
17,Christopher,461
18,John,450
19,Callum,447
20,Jamie,430
21,Sean,425
22,Matthew,421
23,Kyle,388
24,Calum,372
25,Mark,361
26,Dylan,338
27,Robert,332
28,Thomas,331
29,Adam,308
30,Alexander,292
31,Steven,288
32,Darren,262
33,Paul,252
34,William,246
35,Stuart,245
36,Lee,240
37,Fraser,237
38,Stephen,218
39,Declan,205
40,Aaron,204
41,Dean,202
42,Shaun,200
43,Aidan,173
44,Conor,171
45,Grant,170
46,Euan,166
47,Joshua,165
48=,Gary,157
48=,Jonathan,157
50=,Ben,156
50=,Joseph,156
52,Nathan,145
53,Martin,144
54,Sam,137
55,Gavin,134
56,Peter,133
57=,Blair,130
57=,Robbie,130
59=,Marc,128
59=,Samuel,128
61=,Greg,127
61=,Reece,127
63,Rory,125
64,Jason,124
65,Josh,121
66,Alan,117
67=,Alistair,114
67=,Jake,114
69,Luke,110
70,Kevin,107
71,Ewan,104
72,Benjamin,99
73,Harry,94
74,Patrick,93
75=,Anthony,90
75=,Dale,90
77,Gregor,89
78,Colin,87
79,Iain,86
80,Ian,85
81=,George,82
81=,Nicholas,82
81=,Stewart,82
84,Duncan,80
85,Brandon,79
86,Ciaran,75
87,Hamish,74
88=,Brian,72
88=,Rhys,72
90=,Murray,71
90=,Neil,71
92,Richard,70
93=,Angus,68
93=,Douglas,68
93=,Graeme,68
96,Alasdair,66
97=,Bradley,62
97=,Owen,62
97=,Taylor,62
100,Mohammed,61
101,Jay,59
102=,Allan,57
102=,Max,57
104,Charles,56
105,Joe,52
106,Keiran,51
107,Dominic,49
108=,Finlay,48
108=,Niall,48
110=,Corey,47
110=,Graham,47
112=,Alastair,46
112=,Calvin,46
114=,Aiden,45
114=,Edward,45
116=,Glen,44
116=,Jacob,44
116=,Marcus,44
119,Donald,42
120,Logan,41
121=,Daryl,40
121=,Elliot,40
121=,Gordon,40
121=,Oliver,40
121=,Ronan,40
121=,Shane,40
127,Garry,38
128=,Arran,37
128=,Conner,37
128=,Kenneth,37
128=,Ruairidh,37
132=,Alex,36
132=,Greig,36
134,Simon,34
135=,Barry,33
135=,Fergus,33
135=,Kerr,33
138=,Bruce,32
138=,Ruaridh,32
140=,Dillon,31
140=,Stefan,31
140=,Tyler,31
143=,Brodie,30
143=,Frazer,30
145,Louis,29
146=,Charlie,28
146=,Derek,28
146=,Jonathon,28
149=,Bryan,27
149=,Jon,27
149=,Keir,27
152=,Arron,26
152=,Kristopher,26
154=,Gareth,25
154=,Glenn,25
154=,Russell,25
154=,Zak,25
158=,Brendan,24
158=,Ethan,24
160=,Danny,23
160=,Kris,23
160=,Malcolm,23
160=,Struan,23
164=,Evan,22
164=,Justin,22
164=,Lyle,22
164=,Mohammad,22
164=,Philip,22
169,Jordon,21
170=,Billy,20
170=,Brad,20
170=,Campbell,20
170=,Darryl,20
170=,Leon,20
170=,Tom,20
176,Francis,19
177=,Drew,18
177=,Hugh,18
177=,Kristofer,18
177=,Muhammad,18
177=,Tony,18
182=,Gerard,17
182=,Kieren,17
182=,Mitchell,17
182=,Raymond,17
182=,Timothy,17
182=,Zachary,17
188=,Findlay,16
188=,Keith,16
188=,Lachlan,16
188=,Robin,16
192=,Ewen,15
192=,Finn,15
192=,Harris,15
192=,Innes,15
192=,Kai,15
192=,Morgan,15
198=,Alister,14
198=,Kieron,14
198=,Martyn,14
198=,Mathew,14
198=,Sandy,14
203=,Jed,13
203=,Lawrence,13
203=,Roy,13
203=,Sebastian,13
207=,Antony,12
207=,Brett,12
207=,Eoin,12
207=,Harrison,12
207=,Isaac,12
207=,Maxwell,12
207=,Regan,12
207=,Ricky,12
207=,Rowan,12
216=,Corrie,11
216=,Curtis,11
216=,Jared,11
216=,Roderick,11
216=,Ruaraidh,11
221=,Alisdair,10
221=,Arthur,10
221=,Caleb,10
221=,Connar,10
221=,Damon,10
221=,Hayden,10
221=,Henry,10
221=,Jackson,10
221=,Joel,10
221=,Johnathan,10
221=,Kane,10
221=,Karl,10
221=,Leigh,10
221=,Ronald,10
221=,Vincent,10
236=,Bobby,9
236=,Christian,9
236=,Ellis,9
236=,Harvey,9
236=,Lloyd,9
236=,Marco,9
236=,Oscar,9
236=,Ruairi,9
236=,Ruari,9
236=,Zack,9
246=,Ahmed,8
246=,Ashley,8
246=,Darrell,8
246=,Dillan,8
246=,Elliott,8
246=,Eric,8
246=,Gabriel,8
246=,Gregg,8
246=,Gregory,8
246=,Haydn,8
246=,Keiron,8
246=,Kurt,8
246=,Lucas,8
246=,Macaulay,8
246=,Mason,8
246=,Reiss,8
246=,Terry,8
246=,Tommy,8
264=,Abdul,7
264=,Ali,7
264=,Cairn,7
264=,Callan,7
264=,Chad,7
264=,Damien,7
264=,Daryn,7
264=,Eoghan,7
264=,Hassan,7
264=,Kelvin,7
264=,Laurence,7
264=,Leo,7
264=,Nicolas,7
264=,Rikki,7
264=,Saif,7
264=,Saul,7
264=,Scot,7
264=,Theodore,7
264=,Toby,7
264=,Todd,7
264=,Umar,7
264=,Walter,7
264=,Warren,7
287=,Adrian,6
287=,Alec,6
287=,Anton,6
287=,Antonio,6
287=,Archie,6
287=,Austin,6
287=,Blake,6
287=,Bryce,6
287=,Cailean,6
287=,Cory,6
287=,Damian,6
287=,Darius,6
287=,Dayle,6
287=,Declyn,6
287=,Don,6
287=,Eamonn,6
287=,Felix,6
287=,Frank,6
287=,Frankie,6
287=,Frederick,6
287=,Gerald,6
287=,Guy,6
287=,Kalvin,6
287=,Keiren,6
287=,Kyran,6
287=,Lyall,6
287=,Macauley,6
287=,Magnus,6
287=,Muhammed,6
287=,Nathaniel,6
287=,Neal,6
287=,Nico,6
287=,Richie,6
287=,Ronnie,6
287=,Shawn,6
287=,Travis,6
287=,Wayne,6
287=,Zac,6
287=,Zain,6
326=,Aaran,5
326=,Ahmad,5
326=,Amir,5
326=,Archibald,5
326=,Bernard,5
326=,Brogan,5
326=,Charley,5
326=,Clark,5
326=,Coll,5
326=,Connel,5
326=,Cooper,5
326=,Dennis,5
326=,Eamon,5
326=,Forbes,5
326=,Hamza,5
326=,Haris,5
326=,Hector,5
326=,Jacques,5
326=,Ka,5
326=,Kenny,5
326=,Lorne,5
326=,Matt,5
326=,Noah,5
326=,Phillip,5
326=,Rian,5
326=,Riccardo,5
326=,Rob,5
326=,Rohan,5
326=,Seamus,5
326=,Seumas,5
326=,Terence,5
326=,Usman,5
326=,Zach,5
359=,Aden,4
359=,Alfie,4
359=,Amar,4
359=,Asif,4
359=,Benedict,4
359=,Benn,4
359=,Bilal,4
359=,Blane,4
359=,Boyd,4
359=,Brendon,4
359=,Bryn,4
359=,Caelan,4
359=,Cain,4
359=,Cal,4
359=,Callam,4
359=,Carl,4
359=,Chris,4
359=,Christy,4
359=,Cieran,4
359=,Clarke,4
359=,Cody,4
359=,Cole,4
359=,Conal,4
359=,Connal,4
359=,Crawford,4
359=,Dalton,4
359=,Dayne,4
359=,Deklyn,4
359=,Derry,4
359=,Devlin,4
359=,Dion,4
359=,Erik,4
359=,Ibrahim,4
359=,Imran,4
359=,Jan,4
359=,Jarred,4
359=,Jonah,4
359=,Josef,4
359=,Joss,4
359=,Julian,4
359=,Kasim,4
359=,Kelsey,4
359=,Kriss,4
359=,Kristoffer,4
359=,Laurie,4
359=,Leroy,4
359=,Levi,4
359=,Luca,4
359=,Marshall,4
359=,Maximilian,4
359=,Mikey,4
359=,Mohamed,4
359=,Myles,4
359=,Nairn,4
359=,Nikolas,4
359=,Noel,4
359=,Omar,4
359=,Ritchie,4
359=,Robson,4
359=,Syed,4
359=,Tobias,4
359=,Tristan,4
359=,Tyrone,4
359=,Victor,4
359=,Wallace,4
359=,Wilson,4
425=,Aarron,3
425=,Abdulla,3
425=,Alessandro,3
425=,Allen,3
425=,Andreas,3
425=,Aron,3
425=,Asim,3
425=,Austen,3
425=,Ayden,3
425=,Blaine,3
425=,Chi,3
425=,Cian,3
425=,Colm,3
425=,Conar,3
425=,Dario,3
425=,Darragh,3
425=,Darrel,3
425=,Derren,3
425=,Derrick,3
425=,Domenico,3
425=,Dougal,3
425=,Eden,3
425=,Geoffrey,3
425=,Gianluca,3
425=,Gillies,3
425=,Harley,3
425=,Hashim,3
425=,Hugo,3
425=,Ismail,3
425=,Ivan,3
425=,Jarvis,3
425=,Jeff,3
425=,Johnathon,3
425=,Jordyn,3
425=,Junaid,3
425=,Kalen,3
425=,Kalum,3
425=,Karim,3
425=,Keelan,3
425=,Keenan,3
425=,Kierran,3
425=,Kirk,3
425=,Kristian,3
425=,Kurtis,3
425=,Leslie,3
425=,Lukas,3
425=,Mackenzie,3
425=,Maximillian,3
425=,Miller,3
425=,Moray,3
425=,Nathanael,3
425=,Neill,3
425=,Nicky,3
425=,Nigel,3
425=,Pierce,3
425=,Ramsay,3
425=,Rees,3
425=,Reuben,3
425=,Rhonan,3
425=,Robb,3
425=,Roddy,3
425=,Rogan,3
425=,Sanjeev,3
425=,Shay,3
425=,Sher,3
425=,Silas,3
425=,Sohail,3
425=,Stevie,3
425=,Troy,3
425=,Uwais,3
425=,Xavier,3
425=,Yahya,3
497=,Aadil,2
497=,Abbas,2
497=,Abraham,2
497=,Adeel,2
497=,Adil,2
497=,Aditya,2
497=,Adnan,2
497=,Aeden,2
497=,Ainsley,2
497=,Alejandro,2
497=,Alexandre,2
497=,Allistair,2
497=,Ally,2
497=,Ameer,2
497=,Amer,2
497=,Anderson,2
497=,Anil,2
497=,Antoni,2
497=,Aonghas,2
497=,Aran,2
497=,Arin,2
497=,Aston,2
497=,Athanasios,2
497=,Awais,2
497=,Aydan,2
497=,Baillie,2
497=,Barnaby,2
497=,Barny,2
497=,Beinn,2
497=,Brandyn,2
497=,Brent,2
497=,Brody,2
497=,Cael,2
497=,Callen,2
497=,Camran,2
497=,Carlo,2
497=,Carrick,2
497=,Casey,2
497=,Cathal,2
497=,Cavan,2
497=,Chae,2
497=,Chay,2
497=,Christie,2
497=,Claudio,2
497=,Clay,2
497=,Colum,2
497=,Conall,2
497=,Coner,2
497=,Conlan,2
497=,Conlon,2
497=,Connah,2
497=,Connaire,2
497=,Connall,2
497=,Connon,2
497=,Conrad,2
497=,Corie,2
497=,Corin,2
497=,Cormac,2
497=,Cristiano,2
497=,Cullen,2
497=,Daanyaal,2
497=,Danial,2
497=,Daragh,2
497=,Darin,2
497=,Darron,2
497=,Deane,2
497=,Derrin,2
497=,Diarmid,2
497=,Dugald,2
497=,Dylon,2
497=,Eddie,2
497=,Edwin,2
497=,Eliot,2
497=,Emilio,2
497=,Emre,2
497=,Fabian,2
497=,Faisal,2
497=,Farooq,2
497=,Fearghas,2
497=,Finnbar,2
497=,Fionn,2
497=,Fionnlagh,2
497=,Forest,2
497=,Geordie,2
497=,Gurjit,2
497=,Hadyn,2
497=,Haider,2
497=,Hamzah,2
497=,Harmeet,2
497=,Haroon,2
497=,Hussan,2
497=,Huzaifah,2
497=,Iestyn,2
497=,Irvine,2
497=,Jai,2
497=,Jak,2
497=,Jakob,2
497=,Jamey,2
497=,Jamie-Lee,2
497=,Jardin,2
497=,Jaspal,2
497=,Jaspreet,2
497=,Jatinder,2
497=,Javen,2
497=,Jayce,2
497=,Jayden,2
497=,Jaymie,2
497=,Jeremy,2
497=,Jo,2
497=,Johnny,2
497=,Jon-Paul,2
497=,Jonjo,2
497=,Jordan-Lee,2
497=,Jorge,2
497=,Jourdan,2
497=,Jozef,2
497=,Jye,2
497=,Kaelan,2
497=,Kaleb,2
497=,Kallum,2
497=,Kamran,2
497=,Karan,2
497=,Keanu,2
497=,Keegan,2
497=,Keilan,2
497=,Kierin,2
497=,Konnor,2
497=,Konor,2
497=,Korey,2
497=,Lachlann,2
497=,Lars,2
497=,Lawrie,2
497=,Leif,2
497=,Leighton,2
497=,Lhiam,2
497=,Louie,2
497=,Luciano,2
497=,Maison,2
497=,Malik,2
497=,Man,2
497=,Mario,2
497=,Mathieu,2
497=,Micheal,2
497=,Mike,2
497=,Mohd,2
497=,Murry,2
497=,Mustafa,2
497=,Naveed,2
497=,Nicol,2
497=,Nile,2
497=,Norman,2
497=,Nyle,2
497=,Owain,2
497=,Padraig,2
497=,Perry,2
497=,Phoenix,2
497=,Qaasim,2
497=,Qasim,2
497=,Quinn,2
497=,Ranald,2
497=,Ray,2
497=,Reagan,2
497=,Reegan,2
497=,Reeve,2
497=,Rhory,2
497=,Rhyan,2
497=,Ricardo,2
497=,Rohaan,2
497=,Rorie,2
497=,Rowen,2
497=,Ruaidhri,2
497=,Ryland,2
497=,Salman,2
497=,Samir,2
497=,Sandeep,2
497=,Sanjay,2
497=,Sebastien,2
497=,Seoras,2
497=,Seth,2
497=,Shaan,2
497=,Shaheer,2
497=,Shaw,2
497=,Shea,2
497=,Stanley,2
497=,Stefano,2
497=,Stephan,2
497=,Steve,2
497=,Sweyn,2
497=,Taidgh,2
497=,Taran,2
497=,Tarun,2
497=,Theo,2
497=,Tim,2
497=,Tomas,2
497=,Tomasz,2
497=,Torin,2
497=,Torquil,2
497=,Trevor,2
497=,Usamah,2
497=,Valentino,2
497=,Wesley,2
497=,Yan,2
497=,Yousaf,2
497=,Youssef,2
497=,Zaki,2
497=,Zayn,2
497=,Zubair,2
704=,Aadam,1
704=,Aaden,1
704=,Aamir,1
704=,Aaronveer,1
704=,Aarran,1
704=,Aarryn,1
704=,Aaryn,1
704=,Abd,1
704=,Abd-Al,1
704=,Abdu-Allah,1
704=,Abdualrrahman,1
704=,Abdul-Aziz,1
704=,Abdulaleam,1
704=,Abdullah,1
704=,Abdulrahman,1
704=,Abdulrhman,1
704=,Abdur,1
704=,Abhimanyu,1
704=,Abid,1
704=,Abu-Hurayrah,1
704=,Adair,1
704=,Adarro,1
704=,Adeem,1
704=,Adham,1
704=,Adib,1
704=,Adin,1
704=,Adon,1
704=,Adrien,1
704=,Adris,1
704=,Aedan,1
704=,Aerron,1
704=,Afrasyab,1
704=,Agha,1
704=,Agilla,1
704=,Ahad,1
704=,Ahren,1
704=,Ahron,1
704=,Ahsaan,1
704=,Aidan-Bryan,1
704=,Aiden-David,1
704=,Aidon,1
704=,Aiman,1
704=,Aird,1
704=,Aitken,1
704=,Akeel,1
704=,Akeil,1
704=,Aki,1
704=,Akif,1
704=,Akshay,1
704=,Alaan,1
704=,Aladino,1
704=,Alasdhair,1
704=,Alberto,1
704=,Aldo,1
704=,Aleem,1
704=,Alexandros,1
704=,Alexis,1
704=,Alexzander,1
704=,Alick,1
704=,Alireza,1
704=,Alix,1
704=,Alixander,1
704=,Allison,1
704=,Allister,1
704=,Allistir,1
704=,Almas,1
704=,Almutawakel,1
704=,Alun,1
704=,Alvar,1
704=,Alvin,1
704=,Alwyn,1
704=,Amaad-Ul-Hassan,1
704=,Amit,1
704=,Ammar,1
704=,Anas,1
704=,Andae,1
704=,Andrew-Allan,1
704=,Andrew-James,1
704=,Andy,1
704=,Aniq,1
704=,Anson,1
704=,Antoine,1
704=,Anuraj,1
704=,Aodan,1
704=,Arcangelo,1
704=,Ardal,1
704=,Arden,1
704=,Ardle,1
704=,Areeb,1
704=,Arfan,1
704=,Argyll,1
704=,Arif,1
704=,Arion,1
704=,Arjun,1
704=,Armando,1
704=,Arn,1
704=,Arren,1
704=,Arsalan,1
704=,Arunbir,1
704=,Asfandyar,1
704=,Asmaan,1
704=,Ata,1
704=,Atholl,1
704=,Atiq,1
704=,Atkin,1
704=,Aunce,1
704=,Austyn,1
704=,Averkis,1
704=,Axel,1
704=,Ayman,1
704=,Aymen,1
704=,Ayoub,1
704=,Ayrton,1
704=,Ayyub,1
704=,Azam,1
704=,Azim,1
704=,Babiker,1
704=,Badr-Dein,1
704=,Badrul,1
704=,Bailey,1
704=,Balal,1
704=,Baljinder,1
704=,Bannor,1
704=,Barnabas,1
704=,Barrie,1
704=,Bart,1
704=,Bazil,1
704=,Belal,1
704=,Bellund,1
704=,Ben-Luc,1
704=,Beni,1
704=,Bertie,1
704=,Bijan,1
704=,Billal-Ur,1
704=,Billie,1
704=,Billy-Jo,1
704=,Bj-Alan,1
704=,Blayn,1
704=,Bleu,1
704=,Bob,1
704=,Bobby-Michael,1
704=,Bodhi,1
704=,Bonar,1
704=,Boston,1
704=,Brackin,1
704=,Bradd,1
704=,Braden,1
704=,Bradie-Taylor,1
704=,Bradlie,1
704=,Bran,1
704=,Brandan,1
704=,Branden,1
704=,Brandin,1
704=,Brandon-Dean,1
704=,Brannon,1
704=,Brendanlee,1
704=,Brinley,1
704=,Britt,1
704=,Broc,1
704=,Broderick,1
704=,Brook,1
704=,Butler,1
704=,Byron,1
704=,Caeleb,1
704=,Caelum,1
704=,Cahil,1
704=,Cai,1
704=,Caine,1
704=,Cairns,1
704=,Cairo,1
704=,Calan,1
704=,Calanais,1
704=,Calder,1
704=,Calem,1
704=,Calian,1
704=,Calieb,1
704=,Calladan,1
704=,Callumn,1
704=,Calum-Matthias,1
704=,Calumn,1
704=,Calvert,1
704=,Cameron-James,1
704=,Cameron-Macrae,1
704=,Cammie,1
704=,Carey,1
704=,Carlos,1
704=,Carmine,1
704=,Carter,1
704=,Cassidy,1
704=,Cathan,1
704=,Cathel,1
704=,Caylum,1
704=,Cayne,1
704=,Ceiran,1
704=,Ceiren,1
704=,Cejay,1
704=,Cemal,1
704=,Cesare,1
704=,Chandler,1
704=,Charan,1
704=,Charanthur,1
704=,Charles-John,1
704=,Charlie-William,1
704=,Chase,1
704=,Che,1
704=,Christopher-Desmond,1
704=,Christopher-Louis,1
704=,Chun,1
704=,Ciar,1
704=,Ciaras,1
704=,Ciaren,1
704=,Ciarhan,1
704=,Ciaron,1
704=,Cieron,1
704=,Clare,1
704=,Clyde,1
704=,Codey,1
704=,Collin,1
704=,Comet,1
704=,Conan,1
704=,Conaugh,1
704=,Connadh,1
704=,Connan,1
704=,Conran,1
704=,Conroy,1
704=,Constantinos-Anastasios,1
704=,Coplyn,1
704=,Coregh,1
704=,Cori,1
704=,Corran,1
704=,Corrigan,1
704=,Corry,1
704=,Courtland,1
704=,Courtney,1
704=,Creag,1
704=,Creighton,1
704=,Cristian,1
704=,Cristopher,1
704=,Curt,1
704=,Dagan,1
704=,Daine,1
704=,Dak,1
704=,Daley,1
704=,Dalvinder,1
704=,Dan,1
704=,Dane,1
704=,Dani,1
704=,Danish,1
704=,Dannie,1
704=,Danyaal,1
704=,Danyal,1
704=,Danyl,1
704=,Darcy,1
704=,Darias,1
704=,Darien,1
704=,Darnell,1
704=,Darrian,1
704=,Darrien,1
704=,Darrin,1
704=,Darryn,1
704=,Daryll,1
704=,Davidson,1
704=,Davie,1
704=,Davinder,1
704=,Davy-Joe,1
704=,Davyd,1
704=,Day,1
704=,Daymien,1
704=,Daymon,1
704=,De,1
704=,Deacon,1
704=,Dechlan,1
704=,Decklan,1
704=,Decklin,1
704=,Dee-Jay,1
704=,Deen,1
704=,Deepak,1
704=,Deezil,1
704=,Deglan,1
704=,Dejan,1
704=,Deklan,1
704=,Deklen,1
704=,Dell,1
704=,Demetrius,1
704=,Dene,1
704=,Deneil,1
704=,Denham,1
704=,Denholm,1
704=,Denim,1
704=,Denny,1
704=,Denva,1
704=,Denver,1
704=,Deon,1
704=,Derick,1
704=,Dermott,1
704=,Derri,1
704=,Derron,1
704=,Derryn,1
704=,Deryn,1
704=,Des,1
704=,Deshawn,1
704=,Desmond,1
704=,Devin,1
704=,Devlynn,1
704=,Devon,1
704=,Dex,1
704=,Dexter,1
704=,Deynn,1
704=,Dhanyal,1
704=,Dharamraj,1
704=,Dhugal,1
704=,Diarmiad,1
704=,Dilan,1
704=,Dillion,1
704=,Dimitri,1
704=,Dogukan,1
704=,Domhnall,1
704=,Dominik,1
704=,Donal,1
704=,Donald-Iain,1
704=,Donald-John,1
704=,Donavan,1
704=,Donovan,1
704=,Doriano,1
704=,Dorran,1
704=,Dougald,1
704=,Dre,1
704=,Drewan,1
704=,Drey,1
704=,Drummond,1
704=,Dryden,1
704=,Duc,1
704=,Dughall,1
704=,Dustin,1
704=,Dusty,1
704=,Dylan-Scott,1
704=,Dyllan,1
704=,Dyllon,1
704=,Eain,1
704=,Eathan,1
704=,Edan,1
704=,Edmund,1
704=,Edric,1
704=,Edwyn,1
704=,Ehsin,1
704=,Eirinn,1
704=,Eldon,1
704=,Eleftherios,1
704=,Elijah,1
704=,Elijah-Rae,1
704=,Elonzo,1
704=,Elton,1
704=,Emjay,1
704=,Emyr,1
704=,Enes,1
704=,Enrico,1
704=,Eoghann,1
704=,Erem,1
704=,Erin,1
704=,Erland,1
704=,Esan,1
704=,Euain,1
704=,Euen,1
704=,Ezzat,1
704=,Fabio,1
704=,Fahad,1
704=,Fahed,1
704=,Faheem-Ur-Rahman,1
704=,Faiz,1
704=,Faizan,1
704=,Fakhar,1
704=,Falah,1
704=,Farhaan,1
704=,Farhan,1
704=,Fazeel,1
704=,Feargus,1
704=,Fenner,1
704=,Ferhan,1
704=,Feroz,1
704=,Ferran,1
704=,Fhinn,1
704=,Finbarr,1
704=,Finley,1
704=,Finn-Barr,1
704=,Finnian,1
704=,Finnlay,1
704=,Finnur,1
704=,Fintan,1
704=,Fionnlaoch,1
704=,Flint,1
704=,Ford,1
704=,Forde,1
704=,Forrester,1
704=,Foxx,1
704=,Francesco,1
704=,Franki,1
704=,Franklin,1
704=,Frasier,1
704=,Freddie,1
704=,Fulton,1
704=,Furqan,1
704=,Gaetano,1
704=,Gage,1
704=,Garen,1
704=,Garie,1
704=,Garrie,1
704=,Garth,1
704=,Gary-James,1
704=,Gasim,1
704=,Gee,1
704=,Geoff,1
704=,Gerrard,1
704=,Gerry,1
704=,Ghulam,1
704=,Gian-Luca,1
704=,Gianpaolo,1
704=,Gideon,1
704=,Gilbert,1
704=,Giles,1
704=,Giordano,1
704=,Giuseppe,1
704=,Gordan,1
704=,Grady,1
704=,Griogair,1
704=,Guilherme,1
704=,Guillermo,1
704=,Gurdeep,1
704=,Gurdit,1
704=,Gurpreet,1
704=,Haaris,1
704=,Hadi,1
704=,Hadleigh,1
704=,Hagen,1
704=,Hakan,1
704=,Hal,1
704=,Halden,1
704=,Haleaf,1
704=,Hamadh,1
704=,Hamilton,1
704=,Hammaad,1
704=,Hammad,1
704=,Han,1
704=,Haralambos,1
704=,Harinder,1
704=,Harlie,1
704=,Harold,1
704=,Harrie,1
704=,Harun,1
704=,Hasan,1
704=,Hasib,1
704=,Hassannor,1
704=,Hin,1
704=,Ho-Yin,1
704=,Holden,1
704=,Hriday,1
704=,Hudhaifa,1
704=,Hue,1
704=,Huillam,1
704=,Humza,1
704=,Hunter,1
704=,Husnain,1
704=,Husnan,1
704=,Hussain,1
704=,Huw,1
704=,Hywl,1
704=,Ibraaheem,1
704=,Ibraheem,1
704=,Ieuan,1
704=,Iftkar,1
704=,Igor,1
704=,Ilyaas,1
704=,Ilyas,1
704=,Imraan,1
704=,Imshal,1
704=,Inderjeet,1
704=,Inderpreet,1
704=,Inderveer,1
704=,Innis,1
704=,Ion,1
704=,Isam,1
704=,Isfahan,1
704=,Ish,1
704=,Islam,1
704=,Ismael,1
704=,Issac,1
704=,Ithisham,1
704=,Ivor,1
704=,Iwan,1
704=,Izaak,1
704=,Jaad,1
704=,Jaap,1
704=,Jabar,1
704=,Jacque,1
704=,Jaime,1
704=,Jaimie,1
704=,Jaison,1
704=,Jameel,1
704=,James-Lewis,1
704=,James-Michael,1
704=,James-Ryan,1
704=,Jamie-Alexander,1
704=,Janik,1
704=,Jarad,1
704=,Jardine,1
704=,Jarrid,1
704=,Jaskaran,1
704=,Jasveer,1
704=,Jaswant,1
704=,Javier,1
704=,Jaxon,1
704=,Jaydeep,1
704=,Jaye,1
704=,Jaymes,1
704=,Jaymieson,1
704=,Jazz,1
704=,Jean-Pierre,1
704=,Jeffrey,1
704=,Jefri,1
704=,Jens-Jonas,1
704=,Jerome,1
704=,Jerry,1
704=,Jesse,1
704=,Jevan,1
704=,Jevon,1
704=,Jim,1
704=,Jing,1
704=,Jock,1
704=,Jodi,1
704=,Joe-Lewis,1
704=,Joep,1
704=,Joeseph,1
704=,Johan,1
704=,John-Anthony,1
704=,John-Connor,1
704=,John-George,1
704=,John-Paul,1
704=,Johnnie,1
704=,Johnpaul,1
704=,Jon-Peter,1
704=,Jonnie,1
704=,Jonny,1
704=,Jools,1
704=,Joost,1
704=,Jordanlee,1
704=,Jorden,1
704=,Jordi,1
704=,Jordy,1
704=,Jordyan,1
704=,Jorge-Paul,1
704=,Jos,1
704=,Josh-Lee,1
704=,Joshuah,1
704=,Josiah,1
704=,Jowad,1
704=,Juan,1
704=,Judge,1
704=,Julen,1
704=,Jules,1
704=,Julio,1
704=,Junior,1
704=,Justyn,1
704=,Kaesy,1
704=,Kahl,1
704=,Kailan,1
704=,Kailas,1
704=,Kailash,1
704=,Kailib,1
704=,Kailum,1
704=,Kain,1
704=,Kairn,1
704=,Kais,1
704=,Kaisar,1
704=,Kalam,1
704=,Kaleem,1
704=,Kalem,1
704=,Kalian,1
704=,Kalid,1
704=,Kalim-Ullah,1
704=,Kallan,1
704=,Kalon,1
704=,Kameron,1
704=,Kamil,1
704=,Karljinder,1
704=,Karll,1
704=,Karmjeet,1
704=,Karun,1
704=,Kasam,1
704=,Kason,1
704=,Kassam,1
704=,Kay,1
704=,Kayde,1
704=,Kaylan,1
704=,Kayne,1
704=,Kazim,1
704=,Kazimierz,1
704=,Kealan,1
704=,Keaton,1
704=,Keeran,1
704=,Keirin,1
704=,Keirran,1
704=,Kelan,1
704=,Keller,1
704=,Kenan,1
704=,Kendal,1
704=,Kered,1
704=,Kern,1
704=,Keyaan,1
704=,Kez,1
704=,Khal,1
704=,Khalid,1
704=,Kharee,1
704=,Kheir,1
704=,Khizer,1
704=,Khwaja,1
704=,Ki,1
704=,Kian,1
704=,Kiefer,1
704=,Kiereen,1
704=,Kiernan,1
704=,Kierren,1
704=,Killian,1
704=,Kin,1
704=,Kingsley,1
704=,Kinnon,1
704=,Kirean,1
704=,Kireon,1
704=,Kirn,1
704=,Kirpal,1
704=,Kit,1
704=,Kjeld,1
704=,Klark,1
704=,Klaus,1
704=,Kleem,1
704=,Klein,1
704=,Koby,1
704=,Koen,1
704=,Kolle,1
704=,Konrad,1
704=,Konstandinos,1
704=,Koran,1
704=,Kori,1
704=,Korrie,1
704=,Kristien,1
704=,Kulveer,1
704=,Kurrum,1
704=,Kurun,1
704=,Kye,1
704=,Kyle-Kaillin,1
704=,Kylum,1
704=,Kynan,1
704=,Kyse,1
704=,Lance,1
704=,Larri,1
704=,Lauchlin,1
704=,Lauder,1
704=,Layth,1
704=,Lea,1
704=,Leah,1
704=,Leal,1
704=,Leam,1
704=,Lei,1
704=,Lennart,1
704=,Levi-Jordon,1
704=,Levon,1
704=,Lewes,1
704=,Lewys,1
704=,Liam-John,1
704=,Liam-Paul,1
704=,Liangyuan,1
704=,Liefr,1
704=,Lindsay,1
704=,Lior,1
704=,Lliam,1
704=,Lloyd-James,1
704=,Llywelyn,1
704=,Lochlainn,1
704=,Loni,1
704=,Loren,1
704=,Lorenzo,1
704=,Louay,1
704=,Loudon,1
704=,Louis-Pierre,1
704=,Louise,1
704=,Loyd,1
704=,Luan,1
704=,Luc,1
704=,Lucanas,1
704=,Lui,1
704=,Luigi,1
704=,Luis,1
704=,Luqman,1
704=,Lyam,1
704=,Lyndsay,1
704=,Maan,1
704=,Maarten,1
704=,Maaz,1
704=,Mac,1
704=,Macaulley,1
704=,Macauly,1
704=,Maclin,1
704=,Mahdi,1
704=,Mahmoud,1
704=,Maisara,1
704=,Maislyn,1
704=,Makshud,1
704=,Malek,1
704=,Manmohan,1
704=,Manuel,1
704=,Manus,1
704=,Manvir,1
704=,Marcos,1
704=,Marius,1
704=,Markale,1
704=,Markus,1
704=,Marley,1
704=,Marley-Junior,1
704=,Marvin,1
704=,Masen,1
704=,Masjood,1
704=,Mateo,1
704=,Mateus,1
704=,Matteo,1
704=,Mattia,1
704=,Matty,1
704=,Maurice,1
704=,Mauro,1
704=,Maverick,1
704=,Maximiliaan,1
704=,Maximillion,1
704=,Maziar,1
704=,Mccauley,1
704=,Mckenzie,1
704=,Mclean,1
704=,Mehdi,1
704=,Mehmet,1
704=,Menzies,1
704=,Meran,1
704=,Merlin,1
704=,Micah,1
704=,Michael-Thomas,1
704=,Michail,1
704=,Micheil,1
704=,Michel,1
704=,Michiel,1
704=,Miguel,1
704=,Mikie,1
704=,Mikko,1
704=,Milan,1
704=,Milo,1
704=,Miralem,1
704=,Mirisage,1
704=,Mitchel,1
704=,Moaad,1
704=,Moad,1
704=,Mohamad,1
704=,Mohammed-Bin,1
704=,Mohsan,1
704=,Mohsin,1
704=,Moiz,1
704=,Momen,1
704=,Moreno,1
704=,Morgyn,1
704=,Morvinder,1
704=,Mosan,1
704=,Moses,1
704=,Mousaab,1
704=,Moussa,1
704=,Muad,1
704=,Mudit,1
704=,Muhamad,1
704=,Muir,1
704=,Mujahid,1
704=,Mungo,1
704=,Munro,1
704=,Murdoch,1
704=,Murphy,1
704=,Murtaza,1
704=,Musa,1
704=,Muskoka,1
704=,Mwila,1
704=,Nabeegh,1
704=,Nabeel,1
704=,Nadim,1
704=,Naeem,1
704=,Naithan,1
704=,Najeib,1
704=,Nardin,1
704=,Natan,1
704=,Nathan-Lee,1
704=,Nathen,1
704=,Nazir,1
704=,Neelish,1
704=,Neilson,1
704=,Nelson,1
704=,Nestor,1
704=,Nguyen,1
704=,Nick,1
704=,Nicki,1
704=,Nicola,1
704=,Nike,1
704=,Nikhil,1
704=,Niko,1
704=,Nim,1
704=,Ninian,1
704=,Nitesh,1
704=,Nitin,1
704=,Njal,1
704=,Nnaemeka,1
704=,Nolan,1
704=,Nooreddeen,1
704=,Norris,1
704=,Nublan,1
704=,Numan,1
704=,Nyo,1
704=,Ogilvie,1
704=,Oisin,1
704=,Olaoluwa,1
704=,Oleksandr,1
704=,Omayr,1
704=,Oran,1
704=,Oreoluwa,1
704=,Orren,1
704=,Ostja,1
704=,Ovais,1
704=,Ovik,1
704=,Ozair,1
704=,Padraic,1
704=,Padruig,1
704=,Paolo,1
704=,Parm,1
704=,Parmo,1
704=,Pasha,1
704=,Pavinder,1
704=,Pavlos,1
704=,Pearce,1
704=,Pedrum,1
704=,Peejay,1
704=,Phillipo,1
704=,Piara,1
704=,Pierre,1
704=,Pietro,1
704=,Pinchos,1
704=,Prabhjot,1
704=,Prabjoot,1
704=,Prabraj,1
704=,Prentice,1
704=,Prithveraj,1
704=,Qashif,1
704=,Quasim,1
704=,Quetzocoatl,1
704=,Quin,1
704=,Qutayba,1
704=,Radleigh,1
704=,Rafe,1
704=,Raffaello,1
704=,Rafiq,1
704=,Ragen,1
704=,Raghnall,1
704=,Raheel,1
704=,Rahim,1
704=,Rajinder,1
704=,Rajpal,1
704=,Ralph,1
704=,Ramsey,1
704=,Ramzi,1
704=,Ranjodh,1
704=,Rannoch,1
704=,Rasmus,1
704=,Raul,1
704=,Raven,1
704=,Ravi,1
704=,Raygen,1
704=,Raymund,1
704=,Razak,1
704=,Reece-Daniel,1
704=,Reese,1
704=,Reid,1
704=,Reise,1
704=,Reiv,1
704=,Remy,1
704=,Remzi,1
704=,Ren,1
704=,Renato,1
704=,Rennie,1
704=,Reno,1
704=,Renton,1
704=,Rex,1
704=,Rhiann,1
704=,Rhien,1
704=,Rhionn,1
704=,Rhuari,1
704=,Rhuaridh,1
704=,Rhuiri,1
704=,Rhuraidh,1
704=,Ricki,1
704=,Rico,1
704=,Ridhwaan,1
704=,Ridwan,1
704=,Rieve,1
704=,Riis,1
704=,Rikkie,1
704=,Riley,1
704=,Rio,1
704=,Rion,1
704=,Roan,1
704=,Roarke,1
704=,Roban,1
704=,Robby-Scott,1
704=,Roberto,1
704=,Rocky,1
704=,Rodney,1
704=,Rodrigo,1
704=,Roger,1
704=,Rohail,1
704=,Roie,1
704=,Rorey,1
704=,Rori,1
704=,Rorry,1
704=,Roshan,1
704=,Roxley,1
704=,Ruairaidh,1
704=,Ruary,1
704=,Ruben,1
704=,Rudi,1
704=,Rufus,1
704=,Rupert,1
704=,Ryad,1
704=,Ryahn,1
704=,Ryan-Lee,1
704=,Ryann,1
704=,Ryhs,1
704=,Ryo,1
704=,Ryoma,1
704=,Rytchy,1
704=,Ryyan,1
704=,Saad,1
704=,Saaim,1
704=,Sadah,1
704=,Sadik,1
704=,Safian,1
704=,Safwat,1
704=,Saleh,1
704=,Sameer,1
704=,Sammer,1
704=,Sammie,1
704=,Sana-Ullah,1
704=,Sanad,1
704=,Sanchit,1
704=,Sanraj,1
704=,Sarfaraaz,1
704=,Saud,1
704=,Scott-Taylor,1
704=,Sean-Patrick,1
704=,Sean-Paul,1
704=,Seyed,1
704=,Shabbir,1
704=,Shahbaz,1
704=,Shahmir,1
704=,Shahzaib,1
704=,Shakeel,1
704=,Sharaf,1
704=,Sharuf,1
704=,Shawaiz,1
704=,Shawon,1
704=,Shayan,1
704=,Shazil,1
704=,Shehroz,1
704=,Shehzayb,1
704=,Sherif,1
704=,Shezad,1
704=,Shohaib,1
704=,Shuaib,1
704=,Siddharth,1
704=,Sideek,1
704=,Silvio,1
704=,Sim,1
704=,Simeon,1
704=,Sion,1
704=,Sjhone,1
704=,Sky,1
704=,Sobhan,1
704=,Sol,1
704=,Sonny,1
704=,Spencer,1
704=,Srishti,1
704=,Steen,1
704=,Stefen,1
704=,Steinar,1
704=,Stevan,1
704=,Steven-John,1
704=,Stian,1
704=,Straun,1
704=,Sufyan,1
704=,Sukhpal,1
704=,Sukhvir,1
704=,Suleman,1
704=,Sundeep,1
704=,Suraj,1
704=,Suresh,1
704=,Surosh,1
704=,Syamael,1
704=,Sybaris,1
704=,T-Jay,1
704=,T.J.,1
704=,Taelor,1
704=,Taha,1
704=,Tahir,1
704=,Taimoor,1
704=,Tain,1
704=,Takumi,1
704=,Talenua,1
704=,Talha,1
704=,Taryam,1
704=,Taswaf,1
704=,Tatsuki,1
704=,Tavis,1
704=,Tay,1
704=,Tayyib,1
704=,Tazio,1
704=,Tearlach,1
704=,Tee,1
704=,Teighlor,1
704=,Tetsuya,1
704=,Tharek,1
704=,Theodoros,1
704=,Thiadmar,1
704=,Thijs,1
704=,Thofayal,1
704=,Thorbjorn,1
704=,Thorin,1
704=,Tiernan,1
704=,Tighe,1
704=,Timothy-Robertevan,1
704=,Tomi,1
704=,Tommy-Lee,1
704=,Tomos,1
704=,Tong,1
704=,Toqeer,1
704=,Troi,1
704=,Tuncay,1
704=,Turlough,1
704=,Tyee,1
704=,Ubayd,1
704=,Ummar,1
704=,Unnes,1
704=,Vahaab,1
704=,Vance,1
704=,Vaughan,1
704=,Vernon,1
704=,Ville,1
704=,Vinay,1
704=,Vinny,1
704=,Vishal,1
704=,Wai,1
704=,Walker,1
704=,Waqas,1
704=,Waritorn,1
704=,Warwick,1
704=,Wei,1
704=,Will,1
704=,Wing,1
704=,Wy,1
704=,Xabier,1
704=,Ya'akov,1
704=,Yanal,1
704=,Yannick,1
704=,Yaseen,1
704=,Yasin,1
704=,Yasir,1
704=,Yasser,1
704=,Yat,1
704=,Yehoshua,1
704=,Yewon,1
704=,Yi,1
704=,Yonatan,1
704=,Yoonis,1
704=,Yosef,1
704=,You,1
704=,Young,1
704=,Youri,1
704=,Yue,1
704=,Yul,1
704=,Yun,1
704=,Zacary,1
704=,Zachariah,1
704=,Zacharias,1
704=,Zachery,1
704=,Zackary,1
704=,Zagros,1
704=,Zaheer,1
704=,Zahid,1
704=,Zaine,1
704=,Zakar,1
704=,Zakari,1
704=,Zakaria,1
704=,Zakarya,1
704=,Zakir,1
704=,Zaman,1
704=,Zander,1
704=,Zane,1
704=,Zaraq,1
704=,Zax,1
704=,Zayd,1
704=,Zayyan,1
704=,Zeeshan,1
704=,Zeyad,1
704=,Zhain,1
704=,Zhe,1
704=,Zhen,1
704=,Zi,1
704=,Ziad,1
704=,Zilan,1
704=,Zine,1
704=,Ziyan,1
704=,Zoltan,1
704=,Zuber,1
704=,Zuhair,1
704=,Zuhayr,1
,,
,,
,,
,,
,,
,,
,,
,,
,,
,,
,,
,,
,,
,,
,,
,,
,,
,,
,,
,,
,,
,,
,,
,,
,,
,,
,,
,,
,,
,,
,,
,,
,,
,,
,,
,,
,,
,,
,,
,,
,,
,,
,,
,,
,,
,,
,,
,,
,,
,,
,,
,,
,,
,,
,,
,,
,,
,,
,,
,,
,,
,,
,,
,,
,,
,,
,,
,,
,,
,,
,,
,,
,,
,,
,,
,,
,,
,,
,,
,,
,,
,,
,,
,,
,,
,,
,,
,,
,,
,,
,,
,,
,,
,,
,,
,,
,,
,,
,,
,,
,,
,,
,,
,,
,,
,,
,,
,,
,,
,,
,,
,,
,,
,,
,,
,,
,,
,,
,,
,,
,,
,,
,,
,,
,,
,,
,,
,,
,,
,,
,,
,,
,,
,,
,,
,,
,,
,,
,,
,,
,,
,,
,,
,,
,,
,,
,,
,,
,,
,,
,,
,,
,,
,,
,,
,,
,,
,,
,,
,,
,,
,,
,,
,,
,,
,,
,,
,,
,,
,,
,,
,,
,,
,,
,,
,,
,,
,,
,,
,,
,,
,,
,,
,,
,,
,,
,,
,,
,,
,,
,,
,,
,,
,,
,,
,,
,,
,,
,,
,,
,,
,,
,,
,,
,,
,,
,,
,,
,,
,,
,,
,,
,,
,,
,,
,,
,,
,,
,,
,,
,,
,,
,,
,,
,,
,,
,,
,,
,,
,,
,,
,,
,,
,,
,,
,,
,,
,,
,,
,,
,,
,,
,,
,,
,,
,,
,,
,,
,,
,,
,,
,,
,,
,,
,,
,,
,,
,,
,,
,,
,,
,,
,,
,,
,,
,,
,,
,,
,,
,,
,,
,,
,,
,,
,,
,,
,,
,,
,,
,,
,,
,,
,,
,,
,,
,,
,,
,,
,,
,,
,,
,,
,,
,,
,,
,,
,,
,,
,,
,,
,,
,,
,,
,,
,,
,,
,,
,,
,,
,,
,,
,,
,,
,,
,,
,,
,,
,,
,,
,,
,,
,,
,,
,,
,,
,,
,,
,,
,,
,,
,,
,,
,,
,,
,,
,,
,,
,,
,,
,,
,,
,,
,,
,,
,,
,,
,,
,,
,,
,,
,,
,,
,,
,,
,,
,,
,,
,,
,,
,,
,,
,,
,,
,,
,,
,,
,,
,,
,,
,,
,,
,,
,,
,,
,,
,,
,,
,,
,,
,,
,,
,,
,,
,,
,,
,,
,,
,,
,,
,,
,,
,,
,,
,,
,,
,,
,,
,,
,,
,,
,,
,,
,,
,,
,,
,,
,,
,,
,,
,,
,,
,,
,,
,,
,,
,,
,,
,,
,,
,,
,,
,,
,,
,,
,,
,,
,,
,,
,,
,,
,,
,,
,,
,,
,,
,,
,,
,,
,,
,,
,,
,,
,,
,,
,,
,,
,,
,,
,,
,,
,,
,,
,,
,,
,,
,,
,,
,,
,,
,,
,,
,,
,,
,,
,,
,,
,,
,,
,,
,,
,,
,,
,,
,,
,,
,,
,,
,,
,,
,,
,,
,,
,,
,,
,,
,,
,,
,,
,,
,,
,,
,,
,,
,,
,,
,,
,,
,,
,,
,,
,,
,,
,,
,,
,,
,,
,,
,,
,,
,,
,,
,,
,,
,,
,,
,,
,,
,,
,,
,,
,,
,,
,,
,,
,,
,,
,,
,,
,,
,,
,,
,,
,,
,,
,,
,,
,,
,,
,,
,,
,,
,,
,,
,,
,,
,,
,,
,,
,,
,,
,,
,,
,,
,,
,,
,,
,,
,,
,,
,,
,,
,,
,,
,,
,,
,,
,,
,,
,,
,,
,,
,,
,,
,,
,,
,,
,,
,,
,,
,,
,,
,,
,,
,,
,,
,,
,,
,,
,,
,,
,,
,,
,,
,,
,,
,,
,,
,,
,,
,,
,,
,,
,,
,,
,,
,,
,,
,,
,,
,,
,,
,,
,,
,,
,,
,,
,,
,,
,,
,,
,,
,,
,,
,,
,,
,,
,,
,,
,,
,,
,,
,,
,,
,,
,,
,,
,,
,,
,,
,,
,,
,,
,,
,,
,,
,,
,,
,,
,,
,,
,,
,,
,,
,,
,,
,,
,,
,,
,,
,,
,,
,,
,,
,,
,,
,,
,,
,,
,,
,,
,,
,,
,,
,,
,,
,,
,,
,,
,,
,,
,,
,,
,,
,,
,,
,,
,,
,,
,,
,,
,,
,,
,,
,,
,,
,,
,,
,,
,,
,,
,,
,,
,,
,,
,,
,,
,,
,,
,,
,,
,,
,,
,,
,,
,,
,,
,,
,,
,,
,,
,,
,,
,,
,,
,,
,,
,,
,,
,,
,,
,,
,,
,,
,,
,,
,,
,,
,,
,,
,,
,,
,,
,,
,,
,,
,,
,,
,,
,,
,,
,,
,,
,,
,,
,,
,,
,,
,,
,,
,,
,,
,,
,,
,,
,,
,,
,,
,,
,,
,,
,,
,,
,,
,,
,,
,,
,,
,,
,,
,,
,,
,,
,,
,,
,,
,,
,,
,,
,,
,,
,,
,,
,,
,,
,,
,,
,,
,,
,,
,,
,,
,,
,,
,,
,,
,,
,,
,,
,,
,,
,,
,,
,,
,,
,,
,,
,,
,,
,,
,,
,,
,,
,,
,,
,,
,,
,,
,,
,,
,,
,,
,,
,,
,,
,,
,,
,,
,,
,,
,,
,,
,,
,,
,,
,,
,,
,,
,,
,,
,,
,,
,,
,,
,,
,,
,,
,,
,,
,,
,,
,,
,,
,,
,,
,,
,,
,,
,,
,,
,,
,,
,,
,,
,,
,,
,,
,,
,,
,,
,,
,,
,,
,,
,,
,,
,,
,,
,,
,,
,,
,,
,,
,,
,,
,,
,,
,,
,,
,,
,,
,,
,,
,,
,,
,,
,,
,,
,,
,,
,,
,,
,,
,,
,,
,,
,,
,,
,,
,,
,,
,,
,,
,,
,,
,,
,,
,,
,,
,,
,,
,,
,,
,,
,,
,,
,,
,,
,,
,,
,,
,,
,,
,,
,,
,,
,,
,,
,,
,,
,,
,,
,,
,,
,,
,,
,,
,,
,,
,,
,,
,,
,,
,,
,,
,,
,,
,,
,,
,,
,,
,,
,,
,,
,,
,,
,,
,,
,,
,,
,,
,,
,,
,,
,,
,,
,,
,,
,,
,,
,,
,,
,,
,,
,,
,,
,,
,,
,,
,,
,,
,,
,,
,,
,,
,,
,,
,,
,,
,,
,,
,,
,,
,,
,,
,,
,,
,,
,,
,,
,,
,,
,,
,,
,,
,,
,,
,,
,,
,,
,,
,,
,,
,,
,,
,,
,,
,,
,,
,,
,,
,,
,,
,,
,,
,,
,,
,,
,,
,,
,,
,,
,,
,,
,,
,,
,,
,,
,,
,,
,,
,,
,,
,,
,,
,,
,,
,,
,,
,,
,,
,,
,,
,,
,,
,,
,,
,,
,,
,,
,,
,,
,,
,,
,,
,,
,,
,,
,,
,,
,,
,,
,,
,,
,,
,,
,,
,,
,,
� Crown Copyright 2015,,
