Position,Name,Number of babies
1,Jack,883
2,Lewis,784
3,Ryan,735
4,Cameron,699
5,Ross,619
6,Andrew,576
7,James,562
8,Liam,554
9,Scott,495
10,Jordan,494
11,Connor,491
12,Callum,482
13,Matthew,468
14=,Kieran,434
14=,Kyle,434
16,Jamie,414
17,David,409
18,Daniel,402
19,Michael,372
20,Adam,365
21,Craig,344
22,Dylan,331
23,John,315
24,Sean,299
25,Thomas,298
26,Euan,288
27,Christopher,277
28,Robert,274
29,Nathan,273
30,Calum,267
31,Ben,265
32=,Alexander,257
32=,Fraser,257
34,Ewan,254
35,Declan,234
36,Mark,230
37,William,222
38,Robbie,214
39,Aaron,210
40,Aidan,189
41,Reece,181
42,Joshua,179
43,Steven,178
44=,Lee,176
44=,Paul,176
46,Brandon,173
47,Samuel,168
48,Joseph,162
49,Owen,156
50,Stuart,153
51,Shaun,146
52,Luke,144
53,Jonathan,140
54,Stephen,135
55=,Josh,134
55=,Rory,134
57,Conor,132
58,Sam,128
59,Blair,126
60,Gregor,123
61,Finlay,121
62,Darren,119
63,Harry,118
64,Rhys,117
65,Dean,106
66,Jake,101
67,Benjamin,98
68,Ronan,97
69,Greg,94
70,Jay,93
71=,Angus,92
71=,Jason,92
73,Ciaran,91
74,Morgan,86
75=,Ethan,84
75=,Grant,84
75=,Peter,84
78,Marc,82
79,Murray,77
80,Martin,74
81,Patrick,73
82,Logan,71
83,Bradley,70
84=,Gary,69
84=,Jacob,69
86,Taylor,68
87=,Duncan,65
87=,Max,65
89=,Charles,64
89=,Iain,64
89=,Kevin,64
92=,Alan,62
92=,Alistair,62
94,Anthony,61
95,Aiden,59
96,Stewart,58
97=,George,57
97=,Nicholas,57
99,Ian,55
100=,Louis,54
100=,Marcus,54
100=,Mitchell,54
103,Arran,53
104,Alasdair,52
105=,Joe,50
105=,Kai,50
105=,Keir,50
108=,Gavin,49
108=,Neil,49
110,Dominic,48
111,Leon,47
112=,Charlie,44
112=,Mohammed,44
112=,Oliver,44
115=,Conner,43
115=,Tyler,43
117=,Colin,42
117=,Douglas,42
117=,Evan,42
117=,Hamish,42
117=,Ruairidh,42
122=,Calvin,41
122=,Richard,41
124,Keiran,40
125,Brian,39
126=,Bruce,36
126=,Corey,36
126=,Graham,36
129=,Brendan,35
129=,Greig,35
131=,Alastair,33
131=,Brodie,33
133=,Innes,32
133=,Mohammad,32
133=,Niall,32
133=,Struan,32
137,Campbell,31
138=,Billy,30
138=,Dillon,30
138=,Edward,30
138=,Fergus,30
138=,Kerr,30
143=,Graeme,29
143=,Tom,29
145=,Glen,28
145=,Joel,28
147=,Alex,27
147=,Gordon,27
147=,Harris,27
150=,Bailey,26
150=,Dale,26
150=,Elliot,26
150=,Regan,26
154=,Allan,25
154=,Donald,25
154=,Findlay,25
154=,Lachlan,25
154=,Philip,25
159,Frazer,24
160=,Caleb,23
160=,Drew,23
160=,Kenneth,23
160=,Ruaridh,23
164=,Henry,22
164=,Lucas,22
164=,Mathew,22
167,Arron,21
168=,Brad,20
168=,Hugh,20
168=,Isaac,20
168=,Jon,20
168=,Muhammad,20
168=,Reiss,20
168=,Zak,20
175=,Archie,19
175=,Barry,19
177=,Kieren,18
177=,Shane,18
179=,Harrison,17
179=,Harvey,17
179=,Jordon,17
182=,Derek,16
182=,Ellis,16
182=,Ewen,16
182=,Finn,16
182=,Garry,16
182=,Kieron,16
182=,Kristopher,16
182=,Robin,16
182=,Simon,16
191=,Bryan,15
191=,Darryl,15
191=,Gabriel,15
191=,Justin,15
191=,Mason,15
191=,Stefan,15
197=,Curtis,14
197=,Rowan,14
197=,Russell,14
197=,Tony,14
201=,Antony,13
201=,Elliott,13
201=,Kris,13
201=,Maxwell,13
205=,Brett,12
205=,Jonathon,12
205=,Lloyd,12
205=,Malcolm,12
205=,Saul,12
210=,Austin,11
210=,Bobby,11
210=,Callan,11
210=,Daryl,11
210=,Finley,11
210=,Gareth,11
210=,Jed,11
210=,Lyle,11
210=,Ruari,11
210=,Timothy,11
210=,Zachary,11
221=,Adrian,10
221=,Ali,10
221=,Christian,10
221=,Cole,10
221=,Hayden,10
221=,Keith,10
221=,Kelvin,10
221=,Mackenzie,10
221=,Marco,10
221=,Nathaniel,10
221=,Oscar,10
221=,Zain,10
233=,Danny,9
233=,Eoin,9
233=,Francis,9
233=,Guy,9
233=,Hamza,9
233=,Jak,9
233=,Johnathan,9
233=,Lennon,9
233=,Magnus,9
233=,Maximilian,9
233=,Nico,9
233=,Zack,9
245=,Abdul,8
245=,Chris,8
245=,Damon,8
245=,Eoghan,8
245=,Hassan,8
245=,Jackson,8
245=,Kristofer,8
245=,Leo,8
245=,Louie,8
245=,Macaulay,8
245=,Martyn,8
245=,Myles,8
245=,Noah,8
245=,Reuben,8
245=,Ricky,8
245=,Ruaraidh,8
245=,Toby,8
245=,Tommy,8
263=,Antonio,7
263=,Benedict,7
263=,Blaine,7
263=,Blake,7
263=,Brogan,7
263=,Bryce,7
263=,Byron,7
263=,Colm,7
263=,Corrie,7
263=,Glenn,7
263=,Gregory,7
263=,Kane,7
263=,Karl,7
263=,Kurt,7
263=,Luis,7
263=,Omar,7
263=,Raymond,7
263=,Rohan,7
263=,Ronald,7
263=,Sandy,7
263=,Shay,7
263=,Theo,7
263=,Usman,7
263=,Zac,7
263=,Zach,7
288=,Adil,6
288=,Ayden,6
288=,Brendon,6
288=,Clark,6
288=,Corin,6
288=,Dillan,6
288=,Eric,6
288=,Hugo,6
288=,Jared,6
288=,Josef,6
288=,Keenan,6
288=,Keiron,6
288=,Laurence,6
288=,Lawrence,6
288=,Lorne,6
288=,Luca,6
288=,Rian,6
288=,Ritchie,6
288=,Roderick,6
288=,Ronnie,6
288=,Ruairi,6
288=,Sebastian,6
288=,Todd,6
288=,Vincent,6
288=,Zeeshan,6
313=,Aedan,5
313=,Ahmed,5
313=,Anton,5
313=,Brent,5
313=,Bryn,5
313=,Cailean,5
313=,Cal,5
313=,Cavan,5
313=,Cody,5
313=,Conall,5
313=,Connel,5
313=,Cooper,5
313=,Cory,5
313=,Danyal,5
313=,Darius,5
313=,Darrell,5
313=,Declyn,5
313=,Dexter,5
313=,Fionn,5
313=,Frank,5
313=,Haroon,5
313=,Haydn,5
313=,Humza,5
313=,Jai,5
313=,Kian,5
313=,Laurie,5
313=,Lochlan,5
313=,Milo,5
313=,Mitchel,5
313=,Murdo,5
313=,Nicky,5
313=,Nicol,5
313=,Oisin,5
313=,Owain,5
313=,Ramsay,5
313=,Riccardo,5
313=,Salman,5
313=,Scot,5
313=,Shawn,5
313=,Sohaib,5
313=,Solomon,5
313=,Spencer,5
313=,Theodore,5
313=,Tristan,5
313=,Troy,5
313=,Warren,5
359=,Aaran,4
359=,Aarron,4
359=,Alec,4
359=,Alfred,4
359=,Alister,4
359=,Archibald,4
359=,Bilal,4
359=,Cade,4
359=,Cain,4
359=,Casey,4
359=,Cieran,4
359=,Conal,4
359=,Conlan,4
359=,Conrad,4
359=,Damien,4
359=,Dan,4
359=,Dennis,4
359=,Derry,4
359=,Dion,4
359=,Eden,4
359=,Frederick,4
359=,Jakob,4
359=,Jan,4
359=,John-Paul,4
359=,Jonah,4
359=,Jude,4
359=,Julian,4
359=,Kamal,4
359=,Kristoffer,4
359=,Kyran,4
359=,Luc,4
359=,Matt,4
359=,Mikey,4
359=,Nairn,4
359=,Oran,4
359=,Phillip,4
359=,Qasim,4
359=,Reagan,4
359=,Rhyan,4
359=,Rikki,4
359=,Ronin,4
359=,Saif,4
359=,Sanjay,4
359=,Sohail,4
359=,Sonny,4
359=,Stanley,4
359=,Syed,4
359=,Tomas,4
359=,Tyrone,4
359=,Wallace,4
359=,Wayne,4
410=,Abbas,3
410=,Alisdair,3
410=,Amir,3
410=,Andre,3
410=,Aodhan,3
410=,Aron,3
410=,Arthur,3
410=,Ashley,3
410=,Aymen,3
410=,Baillie,3
410=,Brady,3
410=,Brandon-Lee,3
410=,Brandyn,3
410=,Carlos,3
410=,Chay,3
410=,Che,3
410=,Coll,3
410=,Conan,3
410=,Corran,3
410=,Daanyaal,3
410=,Dalton,3
410=,Damian,3
410=,Dane,3
410=,Dario,3
410=,Dariusz,3
410=,Daryll,3
410=,Declin,3
410=,Denny,3
410=,Dermot,3
410=,Devin,3
410=,Devlin,3
410=,Fabio,3
410=,Felix,3
410=,Flynn,3
410=,Frankie,3
410=,Gerard,3
410=,Gianluca,3
410=,Giovanni,3
410=,Hadyn,3
410=,Hasan,3
410=,Ibraheem,3
410=,Jac,3
410=,Jacques,3
410=,Jae,3
410=,Jonothan,3
410=,Jorden,3
410=,Ka,3
410=,Kade,3
410=,Kalvin,3
410=,Kameron,3
410=,Keelan,3
410=,Kenan,3
410=,Kier,3
410=,Kiran,3
410=,Kirk,3
410=,Kristian,3
410=,Kye,3
410=,Lauchlan,3
410=,Leigh,3
410=,Leighton,3
410=,Leonard,3
410=,Levi,3
410=,Lochlann,3
410=,Mario,3
410=,Miles,3
410=,Miller,3
410=,Moray,3
410=,Nathanael,3
410=,Nick,3
410=,Nicolas,3
410=,Nino,3
410=,Norman,3
410=,Padraig,3
410=,Paolo,3
410=,Pearse,3
410=,Riley,3
410=,Rob,3
410=,Robson,3
410=,Ruadhan,3
410=,Ruadhri,3
410=,Ruben,3
410=,Sammy,3
410=,Sean-Paul,3
410=,Shayne,3
410=,Shea,3
410=,Shoaib,3
410=,Subhan,3
410=,Torin,3
410=,Tye,3
410=,Zakariya,3
500=,Adeel,2
500=,Adem,2
500=,Adnan,2
500=,Ahsan,2
500=,Alessio,2
500=,Alexandre,2
500=,Alfie,2
500=,Allister,2
500=,Aman,2
500=,Andy,2
500=,Aqib,2
500=,Aran,2
500=,Arin,2
500=,Arjun,2
500=,Asa,2
500=,Asim,2
500=,Atholl,2
500=,Aydon,2
500=,Bailley,2
500=,Barnaby,2
500=,Barrie,2
500=,Benn,2
500=,Blaire,2
500=,Blayre,2
500=,Branden,2
500=,Brody,2
500=,Brogen,2
500=,Bryden,2
500=,Bryon,2
500=,Caelan,2
500=,Caelen,2
500=,Calam,2
500=,Calder,2
500=,Caley,2
500=,Carl,2
500=,Carter,2
500=,Charly,2
500=,Chi,2
500=,Cian,2
500=,Ciar,2
500=,Conlin,2
500=,Connaire,2
500=,Connal,2
500=,Connall,2
500=,Connar,2
500=,Connell,2
500=,Cosmo,2
500=,Crae,2
500=,Darragh,2
500=,Darrin,2
500=,Darroch,2
500=,Daryn,2
500=,Deacon,2
500=,Deaglan,2
500=,Deklan,2
500=,Deklyn,2
500=,Dene,2
500=,Derrick,2
500=,Devon,2
500=,Diarmid,2
500=,Dino,2
500=,Don,2
500=,Donnie,2
500=,Dougal,2
500=,Eadan,2
500=,Eamon,2
500=,Eamonn,2
500=,Eli,2
500=,Elias,2
500=,Eliot,2
500=,Emilio,2
500=,Eoghann,2
500=,Fabian,2
500=,Faraz,2
500=,Faris,2
500=,Ferdinando,2
500=,Firaz,2
500=,Fred,2
500=,Gerald,2
500=,Haaris,2
500=,Haider,2
500=,Hamzah,2
500=,Haris,2
500=,Harri,2
500=,Haseeb,2
500=,Hashim,2
500=,Hector,2
500=,Hisham,2
500=,Idrees,2
500=,Irvine,2
500=,Ivan,2
500=,Jaime,2
500=,Jaimie,2
500=,Jamal,2
500=,Jasdeep,2
500=,Jasper,2
500=,Jayden,2
500=,Jayme,2
500=,Jeremiah,2
500=,Jeremy,2
500=,Jerome,2
500=,Jody,2
500=,Johannes,2
500=,John-James,2
500=,Johnstone,2
500=,Junior,2
500=,Kaine,2
500=,Kal,2
500=,Kaleb,2
500=,Kallum,2
500=,Kalum,2
500=,Kaylum,2
500=,Keanu,2
500=,Keegan,2
500=,Keiren,2
500=,Keirran,2
500=,Kelsey,2
500=,Kelton,2
500=,Kern,2
500=,Keshav,2
500=,Ki,2
500=,Killian,2
500=,Kit,2
500=,Kobi,2
500=,Konrad,2
500=,Kray,2
500=,Kriss,2
500=,Kurtis,2
500=,Laughlin,2
500=,Laurent,2
500=,Lawrie,2
500=,Layton,2
500=,Leonardo,2
500=,Lewys,2
500=,Lochlin,2
500=,Lomond,2
500=,Loyd,2
500=,Lukas,2
500=,Lyall,2
500=,Mac,2
500=,Man,2
500=,Marshall,2
500=,Matteo,2
500=,Maurice,2
500=,Maximillian,2
500=,Mckenzie,2
500=,Mirza,2
500=,Mohamed,2
500=,Muaaz,2
500=,Muhammed,2
500=,Mustafa,2
500=,Nassim,2
500=,Nathanial,2
500=,Nolan,2
500=,Oakley,2
500=,Osman,2
500=,Perry,2
500=,Pietro,2
500=,Preston,2
500=,Quinn,2
500=,Rae,2
500=,Ralph,2
500=,Ranald,2
500=,Reef,2
500=,Reegan,2
500=,Reeve,2
500=,Rhuaridh,2
500=,Rhyce,2
500=,Richie,2
500=,Rio,2
500=,Roberto,2
500=,Rohit,2
500=,Roman,2
500=,Rowen,2
500=,Russel,2
500=,Rylan,2
500=,Sami,2
500=,Saqib,2
500=,Seamus,2
500=,Sebastien,2
500=,Seif,2
500=,Seoras,2
500=,Seth,2
500=,Shaan,2
500=,Somhairle,2
500=,Stefano,2
500=,Subhaan,2
500=,Tain,2
500=,Tayler,2
500=,Tejay,2
500=,Terry,2
500=,Thorfinn,2
500=,Tod,2
500=,Tommi,2
500=,Travis,2
500=,Ty,2
500=,Umar,2
500=,Umer,2
500=,Victor,2
500=,Vishal,2
500=,Vittorio,2
500=,Will,2
500=,Willem,2
500=,Xander,2
500=,Yue,2
705=,Aadam,1
705=,Aadil,1
705=,Aaqib,1
705=,Aaroan,1
705=,Aaron-Michael,1
705=,Aavaiz,1
705=,Abdul-Baasit,1
705=,Abdulaziz,1
705=,Abdullah,1
705=,Abdulmusen,1
705=,Abdulrahman,1
705=,Abdur-Rahmaan,1
705=,Abraham,1
705=,Abram,1
705=,Abu,1
705=,Abubakar,1
705=,Adon,1
705=,Adrees,1
705=,Aeneas,1
705=,Afnaan,1
705=,Afzal,1
705=,Aidain,1
705=,Aiddon,1
705=,Aidenn,1
705=,Aidon,1
705=,Ailig,1
705=,Aimon,1
705=,Aitken,1
705=,Ajee,1
705=,Akeel,1
705=,Akif,1
705=,Alberto,1
705=,Aldin,1
705=,Alec-James,1
705=,Aleem,1
705=,Alek,1
705=,Aleksi,1
705=,Alexandr,1
705=,Algernon,1
705=,Ali-Farhan,1
705=,Alick,1
705=,Alihyder,1
705=,Alim,1
705=,Alistair-Josh,1
705=,Ally,1
705=,Alun,1
705=,Alvaro,1
705=,Amarjit,1
705=,Ambrogio,1
705=,Amin,1
705=,Ammad,1
705=,Amoz,1
705=,Anand,1
705=,Ananthan,1
705=,Anas,1
705=,Ander,1
705=,Anders,1
705=,Andrea,1
705=,Andreas,1
705=,Andrew-Lewis,1
705=,Andri,1
705=,Anees,1
705=,Angus-Ian,1
705=,Aniello,1
705=,Anson,1
705=,Antoin,1
705=,Antoni,1
705=,Anurag,1
705=,Anza,1
705=,Aodan,1
705=,Aonghus,1
705=,Aqeel,1
705=,Aravind,1
705=,Arbaaz,1
705=,Arda,1
705=,Argyle,1
705=,Argyll,1
705=,Ari,1
705=,Ariasun,1
705=,Arif,1
705=,Arik,1
705=,Arman,1
705=,Armand,1
705=,Armando,1
705=,Arne,1
705=,Arris,1
705=,Arssalan,1
705=,Arun,1
705=,Arundeep,1
705=,Aryan,1
705=,Aryn,1
705=,Asama,1
705=,Asela,1
705=,Ashraf,1
705=,Ashton,1
705=,Asif,1
705=,Assem,1
705=,Athol,1
705=,Atticus,1
705=,Aurelio,1
705=,Avran,1
705=,Aws,1
705=,Aydan,1
705=,Aydin,1
705=,Aydn,1
705=,Aylan,1
705=,Ayrton,1
705=,Azeem,1
705=,Azharul,1
705=,Babar,1
705=,Bahadur,1
705=,Bailay,1
705=,Bailey-Jay,1
705=,Balaram,1
705=,Baljeevan,1
705=,Baran,1
705=,Bartholomew,1
705=,Basel,1
705=,Batuhan,1
705=,Beck,1
705=,Beinn,1
705=,Bekir,1
705=,Ben-Brian,1
705=,Benan,1
705=,Bennie,1
705=,Bequanis,1
705=,Bernard,1
705=,Bez,1
705=,Bheinn,1
705=,Billal,1
705=,Bjorn,1
705=,Blain,1
705=,Blayn,1
705=,Bleu,1
705=,Bow,1
705=,Boyd,1
705=,Bradd,1
705=,Braidin,1
705=,Brenden-Lee,1
705=,Brendin,1
705=,Brendyn,1
705=,Brenyn,1
705=,Bret,1
705=,Brey,1
705=,Brion,1
705=,Brockwell,1
705=,Brok,1
705=,Bronson,1
705=,Brook,1
705=,Brooke,1
705=,Broque,1
705=,Brynn,1
705=,Caellum,1
705=,Caelum,1
705=,Caeran,1
705=,Cahal,1
705=,Cai,1
705=,Caihrn,1
705=,Cailan,1
705=,Caileb,1
705=,Caileon,1
705=,Caillean,1
705=,Caine,1
705=,Cairan,1
705=,Cairney,1
705=,Cairo,1
705=,Calan,1
705=,Caleab,1
705=,Calib,1
705=,Callam,1
705=,Callan-John,1
705=,Callen,1
705=,Callin,1
705=,Callumn,1
705=,Cambeul,1
705=,Cameron-Scott,1
705=,Canice,1
705=,Carden,1
705=,Carlin,1
705=,Carrig,1
705=,Carson,1
705=,Cathal,1
705=,Cathan,1
705=,Cearnach,1
705=,Ceiron,1
705=,Ceirran,1
705=,Ceiryn,1
705=,Cemre,1
705=,Cesur,1
705=,Chad,1
705=,Chandan,1
705=,Chandler,1
705=,Chapin,1
705=,Chaudhry,1
705=,Chen,1
705=,Cheuk,1
705=,Christie,1
705=,Christy,1
705=,Chukwuma,1
705=,Chun,1
705=,Ciaranjay,1
705=,Ciarran,1
705=,Ciernan,1
705=,Clarke,1
705=,Claymore,1
705=,Clayton,1
705=,Clement,1
705=,Clive,1
705=,Cobie,1
705=,Codie,1
705=,Colt,1
705=,Colum,1
705=,Coner,1
705=,Conlon,1
705=,Connadh,1
705=,Connah,1
705=,Conner-Lee,1
705=,Connir,1
705=,Connorhan,1
705=,Connull,1
705=,Conon,1
705=,Conor-James,1
705=,Coran,1
705=,Corbyn,1
705=,Cormac,1
705=,Corrin,1
705=,Cougar,1
705=,Craigain,1
705=,Crawford,1
705=,Cree,1
705=,Cuinlan,1
705=,Cullen,1
705=,Culloch,1
705=,Cybarus,1
705=,Cyro,1
705=,D'ellis,1
705=,Daanish,1
705=,Daeho,1
705=,Daiki,1
705=,Daire,1
705=,Daljinder,1
705=,Damen,1
705=,Dani,1
705=,Danial,1
705=,Daniyaal,1
705=,Daniyal,1
705=,Danqi,1
705=,Danyaal,1
705=,Dara,1
705=,Daren,1
705=,Darian,1
705=,Dariush,1
705=,Darnell,1
705=,Daro,1
705=,Daron,1
705=,Darran,1
705=,Darrel,1
705=,Darrian,1
705=,Darron,1
705=,Darry,1
705=,Darryn,1
705=,Darwin,1
705=,Davey,1
705=,David-John,1
705=,David-Ross,1
705=,Davidson,1
705=,Davie,1
705=,Davor,1
705=,Dawson,1
705=,Dayle,1
705=,Dayne,1
705=,De-Sean,1
705=,Deagan,1
705=,Dechlan,1
705=,Decklyn,1
705=,Decland,1
705=,Declane,1
705=,Dee,1
705=,Dee-Jay,1
705=,Deepak,1
705=,Dehandra,1
705=,Deian,1
705=,Dell,1
705=,Dempster,1
705=,Denis,1
705=,Deniz,1
705=,Dennan,1
705=,Denni,1
705=,Denton,1
705=,Denver,1
705=,Denym,1
705=,Deon,1
705=,Deron,1
705=,Derran,1
705=,Derri,1
705=,Derrie,1
705=,Desean,1
705=,Desmond,1
705=,Dewar,1
705=,Dharyl,1
705=,Dhillon,1
705=,Dhilon,1
705=,Dhugal,1
705=,Diarmuid,1
705=,Diederik,1
705=,Diggory,1
705=,Dilan,1
705=,Dilbarg,1
705=,Dilliondeep,1
705=,Dilshad,1
705=,Dimitrios,1
705=,Diyar,1
705=,Domenic,1
705=,Domenico,1
705=,Dominick,1
705=,Dominik,1
705=,Donnelly,1
705=,Doohan,1
705=,Dougie,1
705=,Drew-David,1
705=,Drife,1
705=,Dyllan,1
705=,Dylnn,1
705=,Eddie,1
705=,Edmond,1
705=,Edoardo,1
705=,Edwin,1
705=,Eesa,1
705=,Eesaa,1
705=,Efem,1
705=,Egil,1
705=,Ehren,1
705=,Ehsun,1
705=,Einar,1
705=,Eion,1
705=,Eiru,1
705=,Eke,1
705=,Emeil,1
705=,Emilion,1
705=,Emir,1
705=,Emmanuel,1
705=,Emre,1
705=,Enes,1
705=,Enrico,1
705=,Eoghainn,1
705=,Erich,1
705=,Erik,1
705=,Erin,1
705=,Erland,1
705=,Eros,1
705=,Erwan,1
705=,Esa,1
705=,Esat,1
705=,Etienne,1
705=,Ewing,1
705=,Eythan,1
705=,Fabrizio,1
705=,Faelan,1
705=,Faeq,1
705=,Fahad,1
705=,Faiz,1
705=,Faizan,1
705=,Faraaz,1
705=,Fareid,1
705=,Fearghas,1
705=,Federico,1
705=,Fenn,1
705=,Finbar,1
705=,Finnbar,1
705=,Fintan,1
705=,Fionnbharr,1
705=,Forbes,1
705=,Forrest,1
705=,Francesco,1
705=,Franklin,1
705=,Franz,1
705=,Freddie,1
705=,Fynn,1
705=,Fynthan,1
705=,Gage,1
705=,Galen,1
705=,Garan,1
705=,Garith,1
705=,Garon,1
705=,Garratt,1
705=,Garreth,1
705=,Garrick,1
705=,Garth,1
705=,Garvie,1
705=,Gaspard,1
705=,Geordan,1
705=,Georgie,1
705=,Gerarde,1
705=,Gethin,1
705=,Geun,1
705=,Gha,1
705=,Giancarlo,1
705=,Gianfranco,1
705=,Gideon,1
705=,Gilbert,1
705=,Gillean,1
705=,Gillespie,1
705=,Gino,1
705=,Giulio,1
705=,Giuseppe,1
705=,Glyn,1
705=,Glynn,1
705=,Gorden,1
705=,Graem,1
705=,Greer,1
705=,Gregg,1
705=,Griffin,1
705=,Grigor,1
705=,Gunnar,1
705=,Gurdeep,1
705=,Gurgeet,1
705=,Gurpaige,1
705=,Gurpreet,1
705=,Gursimrin,1
705=,Gurveer,1
705=,Gustav,1
705=,Haashir,1
705=,Haden,1
705=,Hadi,1
705=,Haidar,1
705=,Hallum,1
705=,Hamaad,1
705=,Hamid,1
705=,Hang,1
705=,Hansel,1
705=,Hao,1
705=,Haran,1
705=,Hari,1
705=,Harley,1
705=,Harold,1
705=,Harpreet,1
705=,Harun,1
705=,Harvie,1
705=,Harvinder,1
705=,Hashaam,1
705=,Hassaan,1
705=,Hassam,1
705=,Hassun,1
705=,Haydan,1
705=,Haydin,1
705=,Hendry,1
705=,Henk-Jan,1
705=,Hidekazu,1
705=,Hideto,1
705=,Ho,1
705=,Hoi,1
705=,Hon,1
705=,Howard,1
705=,Hozafa,1
705=,Humair,1
705=,Husnain,1
705=,Hussain,1
705=,Ibn,1
705=,Ibrahim,1
705=,Idriss,1
705=,Iestyn,1
705=,Ieuan,1
705=,Ihsan,1
705=,Ihtisham,1
705=,Ijaaz,1
705=,Ilja,1
705=,Ilyas,1
705=,Inam,1
705=,Incari,1
705=,Inder,1
705=,Inness,1
705=,Innis,1
705=,Ioan,1
705=,Irbaaz,1
705=,Irfaan,1
705=,Irfan,1
705=,Irvin,1
705=,Irving,1
705=,Irwin,1
705=,Isidor,1
705=,Ismael,1
705=,Ismail,1
705=,Ivor,1
705=,Izaac,1
705=,Jaan,1
705=,Jacqueson,1
705=,Jad,1
705=,Jaden,1
705=,Jadon,1
705=,Jagandeep,1
705=,Jago,1
705=,Jamaal,1
705=,Jamaine,1
705=,Jamel,1
705=,James-Lee,1
705=,Jameson,1
705=,Jamey,1
705=,Japhet,1
705=,Jardin,1
705=,Jarod,1
705=,Jarrad,1
705=,Jarred,1
705=,Jasvir,1
705=,Jatinder,1
705=,Javade,1
705=,Jawad,1
705=,Jaxsan,1
705=,Jaxson,1
705=,Jaya,1
705=,Jaye,1
705=,Jayke,1
705=,Jaymi,1
705=,Jaymie,1
705=,Jean-Claude,1
705=,Jean-Luc,1
705=,Jedd,1
705=,Jee,1
705=,Jeevan,1
705=,Jeffrey,1
705=,Jerrad,1
705=,Jerry,1
705=,Jess,1
705=,Jesse,1
705=,Jim,1
705=,Joatham,1
705=,Jock,1
705=,Jodie,1
705=,Joe-James,1
705=,Joep,1
705=,Joey,1
705=,Joga,1
705=,John-Alexander,1
705=,John-Ellis,1
705=,John-Joseph,1
705=,John-Ross,1
705=,John-Thomas,1
705=,Johnathon,1
705=,Johnnie,1
705=,Johnny,1
705=,Johnpaul,1
705=,Johnson,1
705=,Jon-Lee,1
705=,Jordan-Cameron,1
705=,Jordan-Daniel,1
705=,Jordan-Lee,1
705=,Jordyn,1
705=,Jorshan,1
705=,Jose,1
705=,Joshim,1
705=,Josiah,1
705=,Joss,1
705=,Jozeph,1
705=,Juan,1
705=,Judah,1
705=,Jumshayd,1
705=,Jun,1
705=,Junaid,1
705=,Justyn,1
705=,Juswinder,1
705=,Kaden,1
705=,Kadhum,1
705=,Kaelan,1
705=,Kaellum,1
705=,Kaide,1
705=,Kaiden,1
705=,Kailan,1
705=,Kain,1
705=,Kale,1
705=,Kalil,1
705=,Kalle,1
705=,Kallumvir,1
705=,Kalm,1
705=,Kalome,1
705=,Kalyb,1
705=,Kamen,1
705=,Kameron-Jason,1
705=,Kamran,1
705=,Kamran-Ud-Din,1
705=,Kaolin,1
705=,Kar,1
705=,Karanveer,1
705=,Kareem,1
705=,Karwan,1
705=,Kas,1
705=,Kasam,1
705=,Kasim,1
705=,Kayleb,1
705=,Kayra,1
705=,Keagan,1
705=,Kealan,1
705=,Keanan,1
705=,Keane,1
705=,Kearan,1
705=,Kearon,1
705=,Keatan,1
705=,Keatyn,1
705=,Keeghan,1
705=,Kegan,1
705=,Kein,1
705=,Keirin,1
705=,Keisen,1
705=,Keld,1
705=,Kellan,1
705=,Kelland,1
705=,Keller,1
705=,Kemal,1
705=,Kennan,1
705=,Kenny,1
705=,Kered,1
705=,Kerzan,1
705=,Kesiena,1
705=,Kester,1
705=,Kevan,1
705=,Keyan,1
705=,Keyrin,1
705=,Keyryn,1
705=,Khalid,1
705=,Khalum,1
705=,Kia,1
705=,Kiaran,1
705=,Kiavni,1
705=,Kie,1
705=,Kiel,1
705=,Kierhan,1
705=,Kiern,1
705=,Kiernan,1
705=,Kierran,1
705=,Kinley,1
705=,Kinnon,1
705=,Kioko,1
705=,Kjeld,1
705=,Knut,1
705=,Kodi,1
705=,Koen,1
705=,Konar,1
705=,Konor,1
705=,Koray,1
705=,Korben,1
705=,Korbyn,1
705=,Kori,1
705=,Korri,1
705=,Korvin,1
705=,Kristain,1
705=,Kristjan,1
705=,Kristof,1
705=,Kristofor,1
705=,Kristopher-Paul,1
705=,Kros,1
705=,Kumayl,1
705=,Kyllum,1
705=,Kyrian,1
705=,Lachlann,1
705=,Laitham,1
705=,Lambert,1
705=,Lawson,1
705=,Leigham,1
705=,Leion,1
705=,Leslie,1
705=,Lewis-Antony,1
705=,Lewiss,1
705=,Linton,1
705=,Lisle,1
705=,Lonie,1
705=,Lorimer,1
705=,Lorn,1
705=,Louden,1
705=,Loughlin,1
705=,Loui,1
705=,Lovell,1
705=,Lowri,1
705=,Lu,1
705=,Luathais,1
705=,Luciano,1
705=,Ludovic,1
705=,Luke-John,1
705=,Lynden,1
705=,Macauley,1
705=,Macauly,1
705=,Maciain,1
705=,Mackie,1
705=,Mackinnon,1
705=,Maddox,1
705=,Mads,1
705=,Mahfuj,1
705=,Maik,1
705=,Malik,1
705=,Malte,1
705=,Manar,1
705=,Maneeb,1
705=,Manh-Kitt,1
705=,Manuel,1
705=,Manvir,1
705=,Marcel,1
705=,Marius,1
705=,Marky,1
705=,Marley,1
705=,Masaki,1
705=,Masen,1
705=,Mathieu,1
705=,Matthias,1
705=,Mauize,1
705=,Mawgan,1
705=,Maxaluna,1
705=,Maxim,1
705=,Maximilyon,1
705=,Maxwel,1
705=,Mccauley,1
705=,Mcnaughton,1
705=,Medwyn,1
705=,Merlin,1
705=,Mete,1
705=,Micauly,1
705=,Michael-Sean,1
705=,Michaeljames,1
705=,Micheal,1
705=,Micheil,1
705=,Miguel,1
705=,Mikael,1
705=,Millan,1
705=,Millar,1
705=,Mitch,1
705=,Mitchaell,1
705=,Mithin,1
705=,Moaad,1
705=,Mohsin,1
705=,Montel,1
705=,Morad,1
705=,Moritz,1
705=,Morten,1
705=,Moses,1
705=,Mouize,1
705=,Muath,1
705=,Mubasher,1
705=,Muhsin,1
705=,Mungeh,1
705=,Murphy,1
705=,Murtaza,1
705=,Musa,1
705=,Mustafaa,1
705=,Mustaqim,1
705=,Muyawia,1
705=,Nabeel,1
705=,Naeem,1
705=,Naim,1
705=,Nairne,1
705=,Naqqash,1
705=,Narayana,1
705=,Narindarjai,1
705=,Narinder,1
705=,Nash,1
705=,Nasim,1
705=,Nasir,1
705=,Nathen,1
705=,Nathian,1
705=,Nathyn,1
705=,Nauman,1
705=,Neavan,1
705=,Neema,1
705=,Neiro,1
705=,Nevis,1
705=,Niels,1
705=,Niem,1
705=,Nigel,1
705=,Niki,1
705=,Nikolai,1
705=,Nikolas,1
705=,Ninian,1
705=,Niran,1
705=,Niven,1
705=,Noel,1
705=,Norrie,1
705=,Numan,1
705=,Nur,1
705=,Nur-Afza,1
705=,Nyeem,1
705=,Nyles,1
705=,Obadiah,1
705=,Obey,1
705=,Odin,1
705=,Olutomi,1
705=,Omer,1
705=,Omid,1
705=,Oney,1
705=,Orhan,1
705=,Orrin,1
705=,Otto,1
705=,Owen-Lee,1
705=,Owni,1
705=,Pacian,1
705=,Parmeet,1
705=,Parmvir,1
705=,Pat-Danko,1
705=,Patrizio,1
705=,Paul-Ross,1
705=,Pavanraj,1
705=,Pavel,1
705=,Peadar,1
705=,Per,1
705=,Philippos,1
705=,Pierce,1
705=,Pierre,1
705=,Prabhdeep,1
705=,Pranav,1
705=,Presley,1
705=,Qalbe,1
705=,Quinten,1
705=,Quintin,1
705=,Quoc-Anh,1
705=,Raees,1
705=,Raegan,1
705=,Raemos,1
705=,Rafsan,1
705=,Raghav,1
705=,Raheem,1
705=,Rahul,1
705=,Rahys,1
705=,Raish,1
705=,Raistlin,1
705=,Raith,1
705=,Raja,1
705=,Rajan,1
705=,Rajeshwar,1
705=,Rakan,1
705=,Rama,1
705=,Rameez,1
705=,Ramesh,1
705=,Ramez,1
705=,Ramin,1
705=,Ramsey,1
705=,Rana,1
705=,Rao,1
705=,Raphel,1
705=,Ravi,1
705=,Ray,1
705=,Raygan,1
705=,Razvan-Mihai,1
705=,Reed,1
705=,Rees,1
705=,Reese,1
705=,Rehan,1
705=,Reheem,1
705=,Rehman,1
705=,Reid,1
705=,Reigh,1
705=,Reilly,1
705=,Reis,1
705=,Remy,1
705=,Ren,1
705=,Renaud,1
705=,Rennie,1
705=,Reshid,1
705=,Reuban,1
705=,Rhass,1
705=,Rheece,1
705=,Rhegan,1
705=,Rhoan,1
705=,Rhoanan,1
705=,Rhonan,1
705=,Rhori,1
705=,Rhuari,1
705=,Rhuben,1
705=,Rhudii,1
705=,Rhurie,1
705=,Rhysce,1
705=,Rhyss,1
705=,Riaz,1
705=,Ricci,1
705=,Rickie,1
705=,Rico,1
705=,Ridwan,1
705=,Rin,1
705=,Rioghan,1
705=,Rion,1
705=,Ritwick,1
705=,Roan,1
705=,Robbi,1
705=,Robby,1
705=,Rocco,1
705=,Rod,1
705=,Roddy,1
705=,Rodric,1
705=,Rogan,1
705=,Rognvald,1
705=,Rohaan,1
705=,Romano,1
705=,Romario,1
705=,Romney,1
705=,Ronnan,1
705=,Roop,1
705=,Rori,1
705=,Rorie,1
705=,Roshawn,1
705=,Rossano,1
705=,Roy,1
705=,Ruaidhri,1
705=,Ruairaidh,1
705=,Ruairdh,1
705=,Ruariri,1
705=,Rudi,1
705=,Rupert,1
705=,Ruraidh,1
705=,Russ,1
705=,Ryan-Connor,1
705=,Ryan-Lee,1
705=,Ryian,1
705=,Ryosuke,1
705=,Ryutaro,1
705=,Saad,1
705=,Sachin,1
705=,Sahand,1
705=,Sahil,1
705=,Saiyem,1
705=,Sajjad-Ur,1
705=,Sameer,1
705=,Samir,1
705=,Sammi,1
705=,Samrat,1
705=,Samuel-David,1
705=,Samy,1
705=,Sanjeev,1
705=,Santino,1
705=,Santo,1
705=,Sarles,1
705=,Sarmid,1
705=,Saud,1
705=,Seanan,1
705=,Seaney,1
705=,Seanvir,1
705=,Sebastiaan,1
705=,Sebestyen,1
705=,Seff,1
705=,Selby,1
705=,Seonaidh,1
705=,Seumas,1
705=,Seung-Je,1
705=,Shadman,1
705=,Shahrez,1
705=,Shahzad,1
705=,Shameer,1
705=,Shamil,1
705=,Shan,1
705=,Shaquelle,1
705=,Shaquille,1
705=,Shaunn,1
705=,Shaw,1
705=,Shaz,1
705=,Shazeab,1
705=,Shedan,1
705=,Shehar,1
705=,Shehzaib,1
705=,Sheldon,1
705=,Shem,1
705=,Sherjeel,1
705=,Shiraz,1
705=,Shivam,1
705=,Shivraj,1
705=,Shoib,1
705=,Shon,1
705=,Shpetim,1
705=,Shrayum,1
705=,Shreenil,1
705=,Shuaib,1
705=,Shuei,1
705=,Sidney,1
705=,Silas,1
705=,Simone,1
705=,Simonpeter,1
705=,Simrin,1
705=,Sina,1
705=,Sion,1
705=,Sipho,1
705=,Siu,1
705=,Skene,1
705=,Sofian,1
705=,Sofiane,1
705=,Soham,1
705=,Somerset,1
705=,Sonah,1
705=,Sonnie-Boy,1
705=,Sorn,1
705=,Sota,1
705=,Steffen,1
705=,Steph,1
705=,Stephane,1
705=,Stephen-John,1
705=,Steve,1
705=,Steven-Lee,1
705=,Stevi,1
705=,Stevie,1
705=,Straun,1
705=,Sufyaan,1
705=,Suhail,1
705=,Suhayb,1
705=,Sukhraj,1
705=,Sulaiman,1
705=,Sulayman,1
705=,Sulman,1
705=,Surdev,1
705=,Surfraz,1
705=,Suroop,1
705=,Syrus,1
705=,T,1
705=,T-Jay,1
705=,Taaher,1
705=,Tai,1
705=,Taimoor,1
705=,Taine,1
705=,Tait,1
705=,Taliska,1
705=,Tamer,1
705=,Tane,1
705=,Tanveer,1
705=,Tao,1
705=,Tariq,1
705=,Tarka,1
705=,Tarquin,1
705=,Tate,1
705=,Taufiq,1
705=,Tayub,1
705=,Te,1
705=,Ted,1
705=,Teddy,1
705=,Teejay,1
705=,Tejasvi,1
705=,Temidola,1
705=,Terence,1
705=,Terrance,1
705=,Thaha,1
705=,Thatchara,1
705=,Theodros,1
705=,Thom,1
705=,Thomas-Jack,1
705=,Thomas-James,1
705=,Thommas,1
705=,Tiarnan,1
705=,Tiernan,1
705=,Tim,1
705=,Tino,1
705=,Tioram,1
705=,Titus,1
705=,Tobi-Lee,1
705=,Tobias,1
705=,Tommy-Lee,1
705=,Toni,1
705=,Tony-James,1
705=,Torben,1
705=,Tore,1
705=,Tormod,1
705=,Toshiaki,1
705=,Tre,1
705=,Trevelyan,1
705=,Trevor,1
705=,Tristen,1
705=,Tristin,1
705=,Triston,1
705=,Tylor,1
705=,Tyrell,1
705=,Tyron,1
705=,Tyronne,1
705=,Ubaid,1
705=,Uhmad,1
705=,Uisdean,1
705=,Umair,1
705=,Umberto,1
705=,Usama,1
705=,Usamah,1
705=,Usaman,1
705=,Usmaan,1
705=,Uwais,1
705=,Vahtan,1
705=,Vassilios,1
705=,Vassilis,1
705=,Vaughan,1
705=,Vedin,1
705=,Vijaypal,1
705=,Vincenzo,1
705=,Viraj,1
705=,Vito,1
705=,Vivek,1
705=,Wai,1
705=,Waqar,1
705=,Waqqas,1
705=,Wes,1
705=,Wesley,1
705=,Wezlee,1
705=,Wil,1
705=,William-Wallace,1
705=,Williejohn,1
705=,Wing,1
705=,Wing-Kin,1
705=,Wrys,1
705=,Yaseen,1
705=,Yaser,1
705=,Yasin,1
705=,Yazan,1
705=,Yin,1
705=,Yitzhak,1
705=,Yiu,1
705=,Yosef,1
705=,Yoshua,1
705=,Yousaf,1
705=,Yousef,1
705=,Youssaf,1
705=,Yung,1
705=,Yusef,1
705=,Yusuf,1
705=,Yuuta,1
705=,Yuxin,1
705=,Zaahir,1
705=,Zachariah,1
705=,Zackary,1
705=,Zaib,1
705=,Zaid,1
705=,Zain-Ul-Abideen,1
705=,Zaine,1
705=,Zakary,1
705=,Zand,1
705=,Zander,1
705=,Zayn,1
705=,Zed,1
705=,Zein,1
705=,Zeki,1
705=,Zenon,1
705=,Zeshan,1
705=,Zeus,1
705=,Zevf,1
705=,Zidane,1
705=,Ziman,1
705=,Zohib,1
705=,Zuhair,1
705=,Zulkifl,1
,,
,,
,,
,,
,,
,,
,,
,,
,,
,,
,,
,,
,,
,,
,,
,,
,,
,,
,,
,,
,,
,,
,,
,,
,,
,,
,,
,,
,,
,,
,,
,,
,,
,,
,,
,,
,,
,,
,,
,,
,,
,,
,,
,,
,,
,,
,,
,,
,,
,,
,,
,,
,,
,,
,,
,,
,,
,,
,,
,,
,,
,,
,,
,,
,,
,,
,,
,,
,,
,,
,,
,,
,,
,,
,,
,,
,,
,,
,,
,,
,,
,,
,,
,,
,,
,,
,,
,,
,,
,,
,,
,,
,,
,,
,,
,,
,,
,,
,,
,,
,,
,,
,,
,,
,,
,,
,,
,,
,,
,,
,,
,,
,,
,,
,,
,,
,,
,,
,,
,,
,,
,,
,,
,,
,,
,,
,,
,,
,,
,,
,,
,,
,,
,,
,,
,,
,,
,,
,,
,,
,,
,,
,,
,,
,,
,,
,,
,,
,,
,,
,,
,,
,,
,,
,,
,,
,,
,,
,,
,,
,,
,,
,,
,,
,,
,,
,,
,,
,,
,,
,,
,,
,,
,,
,,
,,
,,
,,
,,
,,
,,
,,
,,
,,
,,
,,
,,
,,
,,
,,
,,
,,
,,
,,
,,
,,
,,
,,
,,
,,
,,
,,
,,
,,
,,
,,
,,
,,
,,
,,
,,
,,
,,
,,
,,
,,
,,
,,
,,
,,
,,
,,
,,
,,
,,
,,
,,
,,
,,
,,
,,
,,
,,
,,
,,
,,
,,
,,
,,
,,
,,
,,
,,
,,
,,
,,
,,
,,
,,
,,
,,
,,
,,
,,
,,
,,
,,
,,
,,
,,
,,
,,
,,
,,
,,
,,
,,
,,
,,
,,
,,
,,
,,
,,
,,
,,
,,
,,
,,
,,
,,
,,
,,
,,
,,
,,
,,
,,
,,
,,
,,
,,
,,
,,
,,
,,
,,
,,
,,
,,
,,
,,
,,
,,
,,
,,
,,
,,
,,
,,
,,
,,
,,
,,
,,
,,
,,
,,
,,
,,
,,
,,
,,
,,
,,
,,
,,
,,
,,
,,
,,
,,
,,
,,
,,
,,
,,
,,
,,
,,
,,
,,
,,
,,
,,
,,
,,
,,
,,
,,
,,
,,
,,
,,
,,
,,
,,
,,
,,
,,
,,
,,
,,
,,
,,
,,
,,
,,
,,
,,
,,
,,
,,
,,
,,
,,
,,
,,
,,
,,
,,
,,
,,
,,
,,
,,
,,
,,
,,
,,
,,
,,
,,
,,
,,
,,
,,
,,
,,
,,
,,
,,
,,
,,
,,
,,
,,
,,
,,
,,
,,
,,
,,
,,
,,
,,
,,
,,
,,
,,
,,
,,
,,
,,
,,
,,
,,
,,
,,
,,
,,
,,
,,
,,
,,
,,
,,
,,
,,
,,
,,
,,
,,
,,
,,
,,
,,
,,
,,
,,
,,
,,
,,
,,
,,
,,
,,
,,
,,
,,
,,
,,
,,
,,
,,
,,
,,
,,
,,
,,
,,
,,
,,
,,
,,
,,
,,
,,
,,
,,
,,
,,
,,
,,
,,
,,
,,
,,
,,
,,
,,
,,
,,
,,
,,
,,
,,
,,
,,
,,
,,
,,
,,
,,
,,
,,
,,
,,
,,
,,
,,
,,
,,
,,
,,
,,
,,
,,
,,
,,
,,
,,
,,
,,
,,
,,
,,
,,
,,
,,
,,
,,
,,
,,
,,
,,
,,
,,
,,
,,
,,
,,
,,
,,
,,
,,
,,
,,
,,
,,
,,
,,
,,
,,
,,
,,
,,
,,
,,
,,
,,
,,
,,
,,
,,
,,
,,
,,
,,
,,
,,
,,
,,
,,
,,
,,
,,
,,
,,
,,
,,
,,
,,
,,
,,
,,
,,
,,
,,
,,
,,
,,
,,
,,
,,
,,
,,
,,
,,
,,
,,
,,
,,
,,
,,
,,
,,
,,
,,
,,
,,
,,
,,
,,
,,
,,
,,
,,
,,
,,
,,
,,
,,
,,
,,
,,
,,
,,
,,
,,
,,
,,
,,
,,
,,
,,
,,
,,
,,
,,
,,
,,
,,
,,
,,
,,
,,
,,
,,
,,
,,
,,
,,
,,
,,
,,
,,
,,
,,
,,
,,
,,
,,
,,
,,
,,
,,
,,
,,
,,
,,
,,
,,
,,
,,
,,
,,
,,
,,
,,
,,
,,
,,
,,
,,
,,
,,
,,
,,
,,
,,
,,
,,
,,
,,
,,
,,
,,
,,
,,
,,
,,
,,
,,
,,
,,
,,
,,
,,
,,
,,
,,
,,
,,
,,
,,
,,
,,
,,
,,
,,
,,
,,
,,
,,
,,
,,
,,
,,
,,
,,
,,
,,
,,
,,
,,
,,
,,
,,
,,
,,
,,
,,
,,
,,
,,
,,
,,
,,
,,
,,
,,
,,
,,
,,
,,
,,
,,
,,
,,
,,
,,
,,
,,
,,
,,
,,
,,
,,
,,
,,
,,
,,
,,
,,
,,
,,
,,
,,
,,
,,
,,
,,
,,
,,
,,
,,
,,
,,
,,
,,
,,
,,
,,
,,
,,
,,
,,
,,
,,
,,
,,
,,
,,
,,
,,
,,
,,
,,
,,
,,
,,
,,
,,
,,
,,
,,
,,
,,
,,
,,
,,
,,
,,
,,
,,
,,
,,
,,
,,
,,
,,
,,
,,
,,
,,
,,
,,
,,
,,
,,
,,
,,
,,
,,
,,
,,
,,
,,
,,
,,
,,
,,
,,
,,
,,
,,
,,
,,
,,
,,
,,
,,
,,
,,
,,
,,
,,
,,
,,
,,
,,
,,
,,
,,
,,
,,
,,
,,
,,
,,
,,
,,
,,
,,
,,
,,
,,
,,
,,
,,
,,
,,
,,
,,
,,
,,
,,
,,
,,
,,
,,
,,
,,
,,
,,
,,
,,
,,
,,
,,
,,
,,
,,
,,
,,
,,
,,
,,
,,
,,
,,
,,
,,
,,
,,
,,
,,
,,
,,
,,
,,
,,
,,
,,
,,
,,
,,
,,
,,
,,
,,
,,
,,
,,
,,
,,
,,
,,
,,
,,
,,
,,
,,
,,
,,
,,
,,
,,
,,
,,
,,
,,
,,
,,
,,
,,
,,
,,
,,
,,
,,
,,
,,
,,
,,
,,
,,
,,
,,
,,
,,
,,
,,
,,
,,
,,
,,
,,
,,
,,
,,
,,
,,
,,
,,
,,
,,
,,
,,
,,
,,
,,
,,
,,
,,
,,
,,
,,
,,
,,
,,
,,
,,
,,
,,
,,
,,
,,
,,
,,
,,
,,
,,
,,
,,
,,
,,
,,
,,
,,
,,
,,
,,
,,
,,
,,
,,
,,
,,
,,
,,
,,
,,
,,
� Crown Copyright 2015,,
