Position,Name,Number of babies
1,Lewis,818
2,Jack,759
3,Cameron,623
4,James,507
5,Kyle,479
6,Ryan,460
7,Ben,432
8,Callum,427
9,Matthew,424
10,Adam,418
11,Jamie,407
12,Daniel,406
13,Connor,404
14,Liam,391
15,Ross,373
16,Dylan,360
17,Andrew,346
18,Aidan,312
19,Nathan,308
20,Kieran,306
21,David,297
22,Michael,295
23,Joshua,289
24,John,285
25,Alexander,284
26,Scott,280
27=,Aaron,266
27=,Thomas,266
29,Josh,248
30,Luke,234
31,Logan,227
32,Finlay,213
33,Sean,210
34,Calum,208
35,Euan,203
36,Ethan,202
37=,Christopher,187
37=,William,187
39,Fraser,182
40,Robert,179
41,Craig,175
42,Jay,167
43,Samuel,162
44,Robbie,161
45,Owen,159
46,Joseph,158
47,Ewan,153
48,Jordan,148
49,Benjamin,144
50,Reece,141
51=,Lee,140
51=,Mark,140
53,Brandon,138
54,Declan,136
55,Harry,135
56,Rory,133
57,Aiden,132
58,Sam,131
59,Kai,124
60,Oliver,121
61,Blair,119
62,Steven,118
63=,Max,116
63=,Shaun,116
65,Rhys,111
66,Paul,106
67,Ciaran,105
68,Jake,104
69,Stuart,96
70,Stephen,93
71,Gregor,92
72,Kian,91
73,Charlie,89
74,Taylor,85
75,Tyler,82
76,Jacob,81
77,Angus,79
78,Dean,78
79,Darren,72
80,Jonathan,71
81,Marc,70
82,Patrick,67
83=,Evan,66
83=,Louis,66
85=,Duncan,65
85=,Peter,65
87,Alex,64
88,Murray,63
89=,Arran,62
89=,George,62
89=,Jason,62
92,Leon,60
93,Conor,59
94,Hamish,58
95,Lucas,57
96,Grant,55
97=,Mitchell,53
97=,Mohammed,53
99,Finn,52
100=,Anthony,51
100=,Greg,51
100=,Marcus,51
103=,Archie,50
103=,Harris,50
105=,Charles,49
105=,Martin,49
107,Jude,48
108=,Gary,47
108=,Joe,47
108=,Lennon,47
111=,Alan,46
111=,Brodie,46
111=,Cole,46
111=,Ian,46
115,Tom,45
116=,Harvey,44
116=,Nicholas,44
118=,Bradley,41
118=,Corey,41
120=,Kerr,40
120=,Kevin,40
122=,Alistair,39
122=,Elliot,39
122=,Leo,39
125,Innes,38
126=,Bailey,37
126=,Glen,37
128=,Justin,36
128=,Mackenzie,36
130,Muhammad,35
131=,Alfie,34
131=,Caleb,34
131=,Keir,34
131=,Lachlan,34
135=,Fergus,33
135=,Findlay,33
135=,Mohammad,33
135=,Neil,33
135=,Struan,33
140=,Dominic,32
140=,Gavin,32
140=,Zak,32
143=,Alasdair,31
143=,Brian,31
143=,Mason,31
143=,Morgan,31
147=,Conner,30
147=,Keiran,30
149=,Calvin,29
149=,Iain,29
151=,Barry,28
151=,Isaac,28
151=,Shane,28
154=,Billy,27
154=,Dillon,27
154=,Drew,27
154=,Hayden,27
158=,Douglas,26
158=,Ronan,26
158=,Ruairidh,26
161=,Ali,25
161=,Harrison,25
161=,Luca,25
164=,Niall,24
164=,Oscar,24
164=,Ruaridh,24
167=,Allan,23
167=,Arron,23
167=,Donald,23
167=,Ellis,23
167=,Joel,23
167=,Shay,23
167=,Toby,23
174=,Campbell,22
174=,Edward,22
174=,Gordon,22
174=,Noah,22
174=,Stewart,22
179=,Brendan,21
179=,Cian,21
179=,Colin,21
182=,Christian,20
182=,Cody,20
182=,Danny,20
182=,Jayden,20
182=,Louie,20
182=,Spencer,20
188=,Jon,19
188=,Zack,19
190=,Aedan,18
190=,Brad,18
190=,Felix,18
190=,Gabriel,18
190=,Reiss,18
190=,Saul,18
196=,Alastair,17
196=,Daryl,17
196=,Derek,17
196=,Greig,17
196=,Kenneth,17
196=,Marco,17
196=,Rian,17
196=,Richard,17
204=,Flynn,16
204=,Mathew,16
204=,Maxwell,16
204=,Nathaniel,16
204=,Reuben,16
204=,Tristan,16
210,Bryan,15
211=,Bruce,14
211=,Graeme,14
211=,Graham,14
211=,Magnus,14
211=,Rohan,14
211=,Simon,14
217=,Baillie,13
217=,Callan,13
217=,Jackson,13
217=,Murdo,13
217=,Philip,13
217=,Regan,13
217=,Robin,13
217=,Ruari,13
217=,Sandy,13
217=,Tommy,13
227=,Bryce,12
227=,Frazer,12
227=,Glenn,12
227=,Kane,12
227=,Kieren,12
227=,Lyle,12
227=,Myles,12
227=,Ritchie,12
227=,Theo,12
227=,Zac,12
237=,Abdul,11
237=,Blaine,11
237=,Bobby,11
237=,Dale,11
237=,Garry,11
237=,Guy,11
237=,Jared,11
237=,Kirk,11
237=,Lloyd,11
237=,Rowan,11
237=,Travis,11
248=,Antony,10
248=,Conall,10
248=,Hugh,10
248=,Ibrahim,10
248=,Jonah,10
248=,Kelvin,10
248=,Nairn,10
248=,Riley,10
248=,Sebastian,10
248=,Sol,10
248=,Zachary,10
259=,Blake,9
259=,Brooklyn,9
259=,Cory,9
259=,Elliott,9
259=,Jak,9
259=,Keegan,9
259=,Keelan,9
259=,Levi,9
259=,Luis,9
259=,Omar,9
259=,Reagan,9
259=,Rio,9
259=,Xander,9
272=,Alfred,8
272=,Archibald,8
272=,Austin,8
272=,Cailean,8
272=,Damien,8
272=,Eoin,8
272=,Ewen,8
272=,Finley,8
272=,Francis,8
272=,Frederick,8
272=,Hamzah,8
272=,Henry,8
272=,Jaden,8
272=,Jai,8
272=,Jonathon,8
272=,Jordon,8
272=,Keiron,8
272=,Kris,8
272=,Leighton,8
272=,Mac,8
272=,Malcolm,8
272=,Matt,8
272=,Nico,8
272=,Raymond,8
272=,Roan,8
272=,Ruaraidh,8
272=,Saif,8
272=,Syed,8
300=,Ahmed,7
300=,Arthur,7
300=,Ayden,7
300=,Cal,7
300=,Casey,7
300=,Curtis,7
300=,Declyn,7
300=,Gerard,7
300=,Harley,7
300=,Hugo,7
300=,Josef,7
300=,Kenzie,7
300=,Kye,7
300=,Laurence,7
300=,Lyall,7
300=,Marley,7
300=,Mohamed,7
300=,Muhammed,7
300=,Quinn,7
300=,Scot,7
300=,Yusuf,7
321=,Abdullah,6
321=,Anton,6
321=,Antonio,6
321=,Benedict,6
321=,Brandyn,6
321=,Clark,6
321=,Coll,6
321=,Damian,6
321=,Dane,6
321=,Devlin,6
321=,Eden,6
321=,Eoghan,6
321=,Fionn,6
321=,Haris,6
321=,Haroon,6
321=,Joey,6
321=,Johnny,6
321=,Kaiden,6
321=,Kaleb,6
321=,Kallum,6
321=,Keigan,6
321=,Keilan,6
321=,Kern,6
321=,Lauchlan,6
321=,Martyn,6
321=,Miles,6
321=,Moray,6
321=,Mustafa,6
321=,Nicol,6
321=,Oisin,6
321=,Rehan,6
321=,Roy,6
321=,Ruairi,6
321=,Shawn,6
321=,Theodore,6
321=,Todd,6
321=,Vincent,6
321=,Will,6
321=,Zain,6
321=,Zander,6
361=,Aarron,5
361=,Andy,5
361=,Aron,5
361=,Ashley,5
361=,Brady,5
361=,Brendon,5
361=,Brogan,5
361=,Caden,5
361=,Cairn,5
361=,Carl,5
361=,Carson,5
361=,Carter,5
361=,Cieran,5
361=,Corin,5
361=,Damon,5
361=,Dan,5
361=,Darryl,5
361=,Dillan,5
361=,Elijah,5
361=,Findley,5
361=,Frankie,5
361=,Freddie,5
361=,Gareth,5
361=,Geordie,5
361=,Hector,5
361=,Humza,5
361=,Imran,5
361=,Ivan,5
361=,Jed,5
361=,Johnathan,5
361=,Junior,5
361=,Kade,5
361=,Keenan,5
361=,Kieron,5
361=,Kristian,5
361=,Kristopher,5
361=,Lennox,5
361=,Leonard,5
361=,Matteo,5
361=,Maximilian,5
361=,Mckenzie,5
361=,Pierce,5
361=,Ralph,5
361=,Rob,5
361=,Roddy,5
361=,Ruben,5
361=,Rudi,5
361=,Ryley,5
361=,Seamus,5
361=,Shae,5
361=,Sonny,5
361=,Tobias,5
361=,Tony,5
361=,Torin,5
361=,Troy,5
361=,Zakk,5
417=,Adem,4
417=,Aditya,4
417=,Adrian,4
417=,Alexandre,4
417=,Alister,4
417=,Ally,4
417=,Amir,4
417=,Aodhan,4
417=,Arren,4
417=,Bilal,4
417=,Brayden,4
417=,Cade,4
417=,Carlo,4
417=,Colby,4
417=,Colm,4
417=,Conal,4
417=,Conan,4
417=,Cooper,4
417=,Cormac,4
417=,Corran,4
417=,Dante,4
417=,Darragh,4
417=,Derren,4
417=,Derry,4
417=,Dougal,4
417=,Dugald,4
417=,Elias,4
417=,Haaris,4
417=,Hamza,4
417=,Hasan,4
417=,Hassan,4
417=,Haydn,4
417=,Hussain,4
417=,Jamal,4
417=,Jordyn,4
417=,Kaden,4
417=,Kamran,4
417=,Keith,4
417=,Kurt,4
417=,Lawrie,4
417=,Lawson,4
417=,Luc,4
417=,Luka,4
417=,Macaulay,4
417=,Malachy,4
417=,Malik,4
417=,Nikolas,4
417=,Pearce,4
417=,Ramsay,4
417=,Reegan,4
417=,Richie,4
417=,Ronald,4
417=,Ronnie,4
417=,Russell,4
417=,Saim,4
417=,Sean-Paul,4
417=,Shea,4
417=,Stefan,4
417=,Stevie,4
417=,Thorfinn,4
417=,Timothy,4
417=,Tomas,4
417=,Zaid,4
480=,Aadam,3
480=,Aadil,3
480=,Aaran,3
480=,Adian,3
480=,Alessandro,3
480=,Alistar,3
480=,Amar,3
480=,Aonghas,3
480=,Arun,3
480=,Aryan,3
480=,Asad,3
480=,Asim,3
480=,Barrie,3
480=,Bernard,3
480=,Blane,3
480=,Blayne,3
480=,Boyd,3
480=,Branden,3
480=,Brett,3
480=,Bryn,3
480=,Cai,3
480=,Cathal,3
480=,Chris,3
480=,Clayton,3
480=,Codie,3
480=,Coinneach,3
480=,Conrad,3
480=,Corrie,3
480=,Daanyaal,3
480=,Dalton,3
480=,Darrell,3
480=,Daryll,3
480=,Denver,3
480=,Devin,3
480=,Dexter,3
480=,Diarmuid,3
480=,Dominick,3
480=,Eddie,3
480=,Emre,3
480=,Eric,3
480=,Fardeen,3
480=,Finan,3
480=,Forbes,3
480=,Fred,3
480=,Grady,3
480=,Griffin,3
480=,Haseeb,3
480=,Hashim,3
480=,Henrik,3
480=,Ilyas,3
480=,Jac,3
480=,Jaiden,3
480=,Jaimie,3
480=,Jan,3
480=,Jenson,3
480=,Jim,3
480=,Jody,3
480=,John-Paul,3
480=,Julian,3
480=,Kain,3
480=,Kenny,3
480=,Kit,3
480=,Kobe,3
480=,Korben,3
480=,Kurtis,3
480=,Kyran,3
480=,Laurie,3
480=,Lawrence,3
480=,Layton,3
480=,Lleyton,3
480=,Lochlan,3
480=,Lochlann,3
480=,Makenzie,3
480=,Malachi,3
480=,Mario,3
480=,Marshall,3
480=,Mehmet,3
480=,Mikey,3
480=,Neo,3
480=,Nicolas,3
480=,Niven,3
480=,Odhran,3
480=,Oran,3
480=,Perry,3
480=,Phoenix,3
480=,Raja,3
480=,Reid,3
480=,Reis,3
480=,Rennie,3
480=,Roberto,3
480=,Roman,3
480=,Rudy,3
480=,Shayne,3
480=,Sion,3
480=,Solomon,3
480=,Sorley,3
480=,Stanley,3
480=,Teejay,3
480=,Ty,3
480=,Umair,3
480=,Usman,3
480=,Uwais,3
480=,Warren,3
480=,Wesley,3
480=,Wilson,3
480=,Xavier,3
480=,Youssef,3
480=,Zach,3
588=,A-Jay,2
588=,Abdur-Raheem,2
588=,Abdur-Rahman,2
588=,Addison,2
588=,Aden,2
588=,Adil,2
588=,Adnan,2
588=,Ahmad,2
588=,Ahren,2
588=,Ainsley,2
588=,Akash,2
588=,Akshay,2
588=,Albert,2
588=,Alec,2
588=,Alexzander,2
588=,Alisdair,2
588=,Aman,2
588=,Anas,2
588=,Anderson,2
588=,Angelo,2
588=,Anil,2
588=,Arham,2
588=,Aria,2
588=,Arin,2
588=,Armaan,2
588=,Arman,2
588=,Arryn,2
588=,Asa,2
588=,Atholl,2
588=,Atif,2
588=,Aulay,2
588=,Austen,2
588=,Awais,2
588=,Aydan,2
588=,Ayman,2
588=,Azaan,2
588=,Azad,2
588=,Baran,2
588=,Benn,2
588=,Blain,2
588=,Blaire,2
588=,Bobbi,2
588=,Braden,2
588=,Brandan,2
588=,Brandon-Lee,2
588=,Brodi,2
588=,Brody,2
588=,Byron,2
588=,Cael,2
588=,Caelan,2
588=,Cahal,2
588=,Cain,2
588=,Cale,2
588=,Calumn,2
588=,Carlos,2
588=,Cassius,2
588=,Cavan,2
588=,Chun,2
588=,Ciar,2
588=,Cieron,2
588=,Clarke,2
588=,Codey,2
588=,Coel,2
588=,Conlan,2
588=,Conn,2
588=,Connan,2
588=,Connel,2
588=,Dakota,2
588=,Daniyal,2
588=,Danyal,2
588=,Dara,2
588=,Darrin,2
588=,Darron,2
588=,Daud,2
588=,David-Lee,2
588=,Davie,2
588=,Declen,2
588=,Denim,2
588=,Denin,2
588=,Deniz,2
588=,Dennis,2
588=,Derryn,2
588=,Deryn,2
588=,Devan,2
588=,Devon,2
588=,Dillen,2
588=,Dilraj,2
588=,Dion,2
588=,Domhnall,2
588=,Donnie,2
588=,Dre,2
588=,Dylyn,2
588=,Edwin,2
588=,Eli,2
588=,Eliot,2
588=,Emil,2
588=,Eren,2
588=,Faisal,2
588=,Faizaan,2
588=,Faizan,2
588=,Faris,2
588=,Finbar,2
588=,Finnlay,2
588=,Finnley,2
588=,Fionnlagh,2
588=,Fletcher,2
588=,Fynn,2
588=,Georgie,2
588=,Gillies,2
588=,Gregory,2
588=,Griogair,2
588=,Haiden,2
588=,Hans,2
588=,Howie,2
588=,Ibraheem,2
588=,Idrees,2
588=,Innis,2
588=,Irvine,2
588=,Ismaeel,2
588=,Ismail,2
588=,Izaak,2
588=,Jace,2
588=,Jackie,2
588=,Jacques,2
588=,Jaime,2
588=,Jakub,2
588=,Jawad,2
588=,Jayme,2
588=,Jaymie,2
588=,Jeevan,2
588=,Jerome,2
588=,Jesse,2
588=,Jo,2
588=,Jock,2
588=,Jonas,2
588=,Jozef,2
588=,Justyn,2
588=,Jy,2
588=,Kaine,2
588=,Kal,2
588=,Kar,2
588=,Karim,2
588=,Kaya,2
588=,Kayden,2
588=,Keane,2
588=,Khai,2
588=,Ki,2
588=,Kiaran,2
588=,Kiean,2
588=,Killian,2
588=,Kobi,2
588=,Kori,2
588=,Kory,2
588=,Kyron,2
588=,Lea,2
588=,Leigh,2
588=,Loki,2
588=,Lorcan,2
588=,Lorenzo,2
588=,Lukas,2
588=,Macgregor,2
588=,Mack,2
588=,Markus,2
588=,Matthieu,2
588=,Melvin,2
588=,Micheal,2
588=,Miller,2
588=,Mirza,2
588=,Mohamad,2
588=,Montgomery,2
588=,Muir,2
588=,Mujtaba,2
588=,Munro,2
588=,Murdoch,2
588=,Nabeel,2
588=,Nathyn,2
588=,Nevin,2
588=,Nicky,2
588=,Niklas,2
588=,Niko,2
588=,Nikolai,2
588=,Nitin,2
588=,Noel,2
588=,Nyle,2
588=,Omair,2
588=,Orrin,2
588=,Oskar,2
588=,Owain,2
588=,Pablo,2
588=,Padraic,2
588=,Padraig,2
588=,Parsa,2
588=,Piet,2
588=,Rajan,2
588=,Ramon,2
588=,Ray,2
588=,Rayan,2
588=,Reilly,2
588=,Ricco,2
588=,Ricky,2
588=,Rico,2
588=,Riordan,2
588=,Robbi,2
588=,Rocco,2
588=,Roderick,2
588=,Rodi,2
588=,Rogan,2
588=,Ruadhri,2
588=,Rylie,2
588=,Sameer,2
588=,Saqib,2
588=,Seth,2
588=,Seumas,2
588=,Shaan,2
588=,Shai,2
588=,Shaw,2
588=,Spike,2
588=,Steffan,2
588=,Subhan,2
588=,Suhaib,2
588=,Sulaiman,2
588=,T-Jay,2
588=,Taine,2
588=,Tate,2
588=,Tayler,2
588=,Taylor-Jay,2
588=,Tim,2
588=,Tylor,2
588=,Tyrone,2
588=,Umar,2
588=,Uzayr,2
588=,Vijay,2
588=,Woody,2
588=,Yannis,2
588=,Yasir,2
588=,Youcef,2
588=,Yousaf,2
588=,Yousef,2
588=,Zachariah,2
588=,Zakaria,2
588=,Zane,2
588=,Zohaib,2
830=,A-Jai,1
830=,Aamir,1
830=,Aamun,1
830=,Aarondeep,1
830=,Aaryn,1
830=,Aayaan,1
830=,Abas,1
830=,Abbas,1
830=,Abdalraoof,1
830=,Abdoul,1
830=,Abdoulmajid,1
830=,Abduelalim,1
830=,Abdul-Hakeem,1
830=,Abdul-Malik,1
830=,Abdul-Rahman,1
830=,Abdul-Saboor,1
830=,Abdulah,1
830=,Abdulkareem,1
830=,Abdulmuizz,1
830=,Abdulrahim,1
830=,Abdulrahman,1
830=,Abdur,1
830=,Abe,1
830=,Abhay,1
830=,Abid,1
830=,Abie,1
830=,Abobakr,1
830=,Abraham,1
830=,Abuazza,1
830=,Achyut,1
830=,Adair,1
830=,Adan,1
830=,Addnan,1
830=,Ade,1
830=,Adee,1
830=,Adeel,1
830=,Adham,1
830=,Adien,1
830=,Adim,1
830=,Aditay,1
830=,Adriano,1
830=,Aeden,1
830=,Afeef,1
830=,Ahmet,1
830=,Ahran,1
830=,Aiden-Jay,1
830=,Aidyn,1
830=,Ailig,1
830=,Aiman,1
830=,Aimen,1
830=,Ainslie,1
830=,Aiss,1
830=,Aitken,1
830=,Ajay,1
830=,Ajaydeep,1
830=,Akaal,1
830=,Akinpelumi,1
830=,Aku,1
830=,Al-Bara,1
830=,Alain,1
830=,Alamgeer,1
830=,Alamin,1
830=,Albbari,1
830=,Albin,1
830=,Alek,1
830=,Aleksander,1
830=,Alfredo,1
830=,Ali-Akbar,1
830=,Aliff,1
830=,Alix,1
830=,Allistair,1
830=,Amaan,1
830=,Amal,1
830=,Amann,1
830=,Ameen,1
830=,Ameer,1
830=,Amer,1
830=,Amgad,1
830=,Aminul,1
830=,Amith,1
830=,Amrit,1
830=,Amritpal,1
830=,Amritvir,1
830=,Amro,1
830=,Anam-Broderick,1
830=,Andersen,1
830=,Andre,1
830=,Andrea,1
830=,Andreas,1
830=,Andrewlee,1
830=,Andrey,1
830=,Andrija,1
830=,Aneek,1
830=,Aneirin,1
830=,Anes,1
830=,Anesh,1
830=,Anikate,1
830=,Annes,1
830=,Anotida,1
830=,Antarjot,1
830=,Anthony-Jacob,1
830=,Anton-Lennon,1
830=,Antonios,1
830=,Anush,1
830=,Anwar,1
830=,Aqeel,1
830=,Arafat,1
830=,Aram,1
830=,Aran,1
830=,Arbaaz,1
830=,Arbiol,1
830=,Ardal,1
830=,Ardan,1
830=,Arfan,1
830=,Argyle,1
830=,Argyll,1
830=,Argyros,1
830=,Arion,1
830=,Arjun,1
830=,Arlo,1
830=,Arondeep,1
830=,Arran-Scott,1
830=,Arron-Riley,1
830=,Arsene,1
830=,Arsha,1
830=,Arshdeep,1
830=,Arshia,1
830=,Arvin,1
830=,Arvind,1
830=,Aryamaan,1
830=,Aseed,1
830=,Asher,1
830=,Ashish,1
830=,Ashton,1
830=,Ashtyn,1
830=,Ashvin,1
830=,Ashwin,1
830=,Asif,1
830=,Asmael,1
830=,Assim,1
830=,Aston,1
830=,Athen,1
830=,Athol,1
830=,Aurin,1
830=,Auronyo,1
830=,Auryn,1
830=,Awais-Ul,1
830=,Axel,1
830=,Ayham,1
830=,Ayudh,1
830=,Ayyub,1
830=,Azam,1
830=,Azan,1
830=,Aziz,1
830=,Azizcan,1
830=,Badar,1
830=,Baldeep,1
830=,Balkar,1
830=,Balveer,1
830=,Baris,1
830=,Barnabus,1
830=,Bassaam,1
830=,Baxter,1
830=,Beau,1
830=,Beck,1
830=,Beckham-Carson,1
830=,Bekir,1
830=,Belal,1
830=,Benedikt,1
830=,Benito,1
830=,Benji,1
830=,Beren,1
830=,Berkay,1
830=,Bevan,1
830=,Bhagat,1
830=,Bharat,1
830=,Bijan,1
830=,Billy-James,1
830=,Billy-Joe,1
830=,Bjorn,1
830=,Blaize,1
830=,Blayr,1
830=,Bledar,1
830=,Bobby-Drew,1
830=,Bongani,1
830=,Boris,1
830=,Bradey,1
830=,Bradley-James,1
830=,Bradley-John,1
830=,Bradly,1
830=,Brahdain,1
830=,Braiden,1
830=,Braidy,1
830=,Brandyne,1
830=,Brannon,1
830=,Brendan-Lee,1
830=,Brenden,1
830=,Brendyn,1
830=,Brennen,1
830=,Briar,1
830=,Brien,1
830=,Broc,1
830=,Brook,1
830=,Bruin,1
830=,Bruno,1
830=,Brydan,1
830=,Bryden,1
830=,Brydon,1
830=,Bryon,1
830=,Buddy,1
830=,Burhan,1
830=,Burhanuddin,1
830=,C'jay,1
830=,Cabhan,1
830=,Cadyn,1
830=,Caevan,1
830=,Caidan,1
830=,Caiden,1
830=,Caie,1
830=,Cailan,1
830=,Caillean,1
830=,Caillen,1
830=,Cailum,1
830=,Cairan,1
830=,Caius,1
830=,Calan,1
830=,Caleb-Ley,1
830=,Calen,1
830=,Caley,1
830=,Callain,1
830=,Callam,1
830=,Callum-John,1
830=,Camran,1
830=,Camsron,1
830=,Can,1
830=,Caner,1
830=,Caol,1
830=,Caolan,1
830=,Carlisle,1
830=,Caro,1
830=,Carrick,1
830=,Cayden,1
830=,Caylen,1
830=,Cean,1
830=,Ceejay,1
830=,Ceiran,1
830=,Ceirin,1
830=,Ceyhun,1
830=,Chad,1
830=,Chadrak,1
830=,Chance,1
830=,Chanderpaul,1
830=,Chandler,1
830=,Chansu,1
830=,Charley,1
830=,Chaudhry,1
830=,Chay,1
830=,Che,1
830=,Chi,1
830=,Chiaro,1
830=,Christiaan,1
830=,Christie,1
830=,Christopher-James,1
830=,Christos,1
830=,Christy,1
830=,Chuk,1
830=,Cian'james,1
830=,Cielin,1
830=,Cieryn,1
830=,Cjay,1
830=,Cliff,1
830=,Climate,1
830=,Cluanie,1
830=,Clunie,1
830=,Cobi,1
830=,Coby,1
830=,Cody-Lee,1
830=,Cohen,1
830=,Columb,1
830=,Comhan,1
830=,Conaire,1
830=,Conel,1
830=,Conlin,1
830=,Connah,1
830=,Connal,1
830=,Connar,1
830=,Conner-John,1
830=,Connley,1
830=,Connlon,1
830=,Connolly,1
830=,Connon,1
830=,Corban,1
830=,Corbin,1
830=,Corbyn,1
830=,Correy,1
830=,Corry,1
830=,Cosmo,1
830=,Crisdean,1
830=,Cristiano,1
830=,Cristy,1
830=,Csaba,1
830=,Cullen,1
830=,Cynric,1
830=,D,1
830=,Da'wud,1
830=,Daanish,1
830=,Daayum,1
830=,Dacs,1
830=,Dair,1
830=,Dairmuid,1
830=,Dalail,1
830=,Danial,1
830=,Daniele,1
830=,Danish,1
830=,Dannie,1
830=,Dano,1
830=,Danyall,1
830=,Danyar,1
830=,Darach,1
830=,Darian,1
830=,Darien,1
830=,Dario,1
830=,Darious,1
830=,Darrel,1
830=,Darwin,1
830=,Daryn,1
830=,Dave,1
830=,Davis,1
830=,Dawood,1
830=,Dawoud,1
830=,Dayle,1
830=,Deaglan,1
830=,Deakin,1
830=,Dean-Warner,1
830=,Deano,1
830=,Deen,1
830=,Deklan,1
830=,Deklyn,1
830=,Demir,1
830=,Denham,1
830=,Denis,1
830=,Denley,1
830=,Dennin,1
830=,Dennon,1
830=,Denny,1
830=,Denym,1
830=,Deon,1
830=,Derein,1
830=,Derri,1
830=,Derrin,1
830=,Desmond,1
830=,Destiny,1
830=,Devenick,1
830=,Deveron,1
830=,Devon-Jay,1
830=,Devyn,1
830=,Dhillon,1
830=,Dhruv,1
830=,Dhugal,1
830=,Dhylan,1
830=,Diarmaid,1
830=,Diesel,1
830=,Dilan,1
830=,Dilpreet,1
830=,Dimitri,1
830=,Dino,1
830=,Ditmir,1
830=,Don,1
830=,Donnelly,1
830=,Donovan,1
830=,Dougray,1
830=,Dru,1
830=,Duod,1
830=,Dwayne,1
830=,Dylan-Lee,1
830=,Dylanjames,1
830=,Dylon,1
830=,Eadan,1
830=,Eamon,1
830=,Eamonn,1
830=,Easwar,1
830=,Eathan,1
830=,Eben,1
830=,Edan,1
830=,Edmund,1
830=,Edson,1
830=,Eesa,1
830=,Egan,1
830=,Eion,1
830=,Eiron,1
830=,Eithan,1
830=,Eiyaan,1
830=,Ekman,1
830=,Elian,1
830=,Elio,1
830=,Elmer,1
830=,Elston,1
830=,Elvis,1
830=,Emaz,1
830=,Emiliano,1
830=,Emmanuel,1
830=,Emon,1
830=,Emrecan,1
830=,En-Jun,1
830=,Ennis,1
830=,Enrico,1
830=,Enzo,1
830=,Eoghain,1
830=,Eoghainn,1
830=,Eoghian,1
830=,Erdem,1
830=,Erik,1
830=,Erion,1
830=,Erlend,1
830=,Erling,1
830=,Eron,1
830=,Esala,1
830=,Ethaen,1
830=,Ethan-Lee,1
830=,Ethauda,1
830=,Ethin,1
830=,Ethyn,1
830=,Euann,1
830=,Eugene,1
830=,Eughan,1
830=,Evyn,1
830=,Ewing,1
830=,Ezra,1
830=,Faaiz,1
830=,Fabio,1
830=,Fahim,1
830=,Faraan,1
830=,Farai,1
830=,Faraz,1
830=,Farmaan,1
830=,Fateen,1
830=,Fathi,1
830=,Fawad,1
830=,Fawwaz,1
830=,Feargus,1
830=,Federico,1
830=,Ferdinand,1
830=,Fergal,1
830=,Fergie,1
830=,Ferguson,1
830=,Fiaz,1
830=,Fillippus,1
830=,Finnegan,1
830=,Finnie,1
830=,Fintan,1
830=,Finton,1
830=,Fionnbharr,1
830=,Fionntan,1
830=,Firat,1
830=,Firatcan,1
830=,Floyd,1
830=,Flyn,1
830=,Ford,1
830=,Fox,1
830=,Fran,1
830=,Frank,1
830=,Frasier,1
830=,Freddi,1
830=,Freddy,1
830=,Frederic,1
830=,Fynlay,1
830=,Fynley,1
830=,Gaetan,1
830=,Gaige,1
830=,Garion,1
830=,Garrin,1
830=,Garv,1
830=,Gautam,1
830=,Ged,1
830=,Gennaro,1
830=,Genuine,1
830=,Geoffrey,1
830=,Georrel,1
830=,Gerry,1
830=,Giacomo,1
830=,Gianluca,1
830=,Gilan,1
830=,Gilbert,1
830=,Gillan,1
830=,Gino,1
830=,Gio,1
830=,Gioacchino,1
830=,Giovanni,1
830=,Giulio,1
830=,Glyn,1
830=,Goktug,1
830=,Grahame,1
830=,Gregoire,1
830=,Grier,1
830=,Gurjeevan,1
830=,Gurkieran,1
830=,Gurmail,1
830=,Gurpaul,1
830=,Gus,1
830=,Guytano,1
830=,Gwyn,1
830=,Haakon,1
830=,Hadrian,1
830=,Haidar,1
830=,Hal,1
830=,Halilcan,1
830=,Halim,1
830=,Hamdi,1
830=,Hamed,1
830=,Hammad,1
830=,Hamoud,1
830=,Hamsa,1
830=,Hanad,1
830=,Hani,1
830=,Hanson,1
830=,Hao,1
830=,Harbhajan,1
830=,Hardie,1
830=,Hari,1
830=,Harison,1
830=,Harjeev,1
830=,Harsevak,1
830=,Harveen,1
830=,Harvi,1
830=,Harvie,1
830=,Hassaan,1
830=,Haydan,1
830=,Haydon,1
830=,Hayyan,1
830=,Haziq,1
830=,Hercules,1
830=,Hernveer,1
830=,Hewitt,1
830=,Hicham,1
830=,Hiresh,1
830=,Ho,1
830=,Holden,1
830=,Horatio,1
830=,Houston,1
830=,Hov,1
830=,Hovin,1
830=,Hudson,1
830=,Huey,1
830=,Hughie,1
830=,Humad,1
830=,Humzah,1
830=,Hunter,1
830=,Huseyin,1
830=,Hussein,1
830=,Hussnain,1
830=,Huzaifah,1
830=,Hytham,1
830=,Ichiro,1
830=,Idris,1
830=,Ieuan,1
830=,Igor,1
830=,Ilhan,1
830=,Imaan,1
830=,Inan,1
830=,Inigo,1
830=,Inness,1
830=,Irfan,1
830=,Isa,1
830=,Isaan,1
830=,Isam,1
830=,Ishmael,1
830=,Islay,1
830=,Ismaeil,1
830=,Ismael,1
830=,Ismayil,1
830=,Israar,1
830=,Issam,1
830=,Isuru,1
830=,Ivar,1
830=,Iver,1
830=,Jaafar,1
830=,Jack-Thomas,1
830=,Jackweir,1
830=,Jad,1
830=,Jagjeeven,1
830=,Jagpal,1
830=,Jagraj,1
830=,Jaikblu,1
830=,Jakk,1
830=,Jakob,1
830=,Jamel,1
830=,James-Douglas,1
830=,Jamie-Alexzander,1
830=,Janampreet,1
830=,Janek,1
830=,Jardynlee,1
830=,Jarred,1
830=,Jarrod,1
830=,Jarrvis,1
830=,Jarryd,1
830=,Jarvis,1
830=,Jasman,1
830=,Jasper,1
830=,Javier,1
830=,Jaxon,1
830=,Jay-Barry,1
830=,Jay-Jay,1
830=,Jaydan,1
830=,Jaydn,1
830=,Jaye,1
830=,Jaylee,1
830=,Jaymes,1
830=,Jayron,1
830=,Jayvin,1
830=,Jef,1
830=,Jeff,1
830=,Jefferson,1
830=,Jens,1
830=,Jensann,1
830=,Jensen,1
830=,Jensyn,1
830=,Jeremy,1
830=,Jester,1
830=,Jey,1
830=,Jia,1
830=,Jibran,1
830=,Jie,1
830=,Joachim,1
830=,Joash,1
830=,Jobanvir,1
830=,Jocelyn,1
830=,Jodi-Lee,1
830=,Joesph,1
830=,John-James,1
830=,John-Ross,1
830=,Johnathon,1
830=,Johnpaul,1
830=,Johshua,1
830=,Jolyon,1
830=,Jonay,1
830=,Joni,1
830=,Jonty,1
830=,Jools,1
830=,Joon,1
830=,Jordane,1
830=,Jordanlee,1
830=,Jordi,1
830=,Jordie,1
830=,Joris,1
830=,Jose,1
830=,Joshua-Paul,1
830=,Joss,1
830=,Juan,1
830=,Juao,1
830=,Judah,1
830=,Jude-Alexander,1
830=,Juhani,1
830=,Jules,1
830=,Junon,1
830=,Jurgen,1
830=,Justin-Thomas,1
830=,Jye,1
830=,Jyer,1
830=,Kaeden,1
830=,Kael,1
830=,Kaelen,1
830=,Kaelin,1
830=,Kaidyn,1
830=,Kaie,1
830=,Kaih,1
830=,Kaii,1
830=,Kail,1
830=,Kailum,1
830=,Kainan,1
830=,Kairn,1
830=,Kaleem,1
830=,Kalem,1
830=,Kalen,1
830=,Kalib,1
830=,Kalvin,1
830=,Kamaal,1
830=,Kamden,1
830=,Kamen,1
830=,Kamil,1
830=,Karl,1
830=,Karlton,1
830=,Karson,1
830=,Karsten,1
830=,Karston,1
830=,Kasey,1
830=,Kasim,1
830=,Kasper,1
830=,Kassim,1
830=,Kathan,1
830=,Kato,1
830=,Kayetbachet,1
830=,Kayi,1
830=,Kayin,1
830=,Kayser,1
830=,Kazim,1
830=,Keagen,1
830=,Kealin,1
830=,Kean,1
830=,Keaton,1
830=,Keelin,1
830=,Kegan,1
830=,Keiffan,1
830=,Kein,1
830=,Keinin,1
830=,Keiren,1
830=,Keirran,1
830=,Kelan,1
830=,Kelham,1
830=,Keller,1
830=,Kenan,1
830=,Kenni,1
830=,Keoni,1
830=,Kerem,1
830=,Kerian,1
830=,Kerry,1
830=,Keshav,1
830=,Kester,1
830=,Kevan,1
830=,Keven,1
830=,Kevinbarry,1
830=,Keyser,1
830=,Khaleel,1
830=,Khalid,1
830=,Kheleyf,1
830=,Kheren,1
830=,Khorum,1
830=,Khuram,1
830=,Khurram,1
830=,Kiah,1
830=,Kiain,1
830=,Kianan,1
830=,Kiegan,1
830=,Kiegis,1
830=,Kielan,1
830=,Kien,1
830=,Kienan,1
830=,Kiendi,1
830=,Kier,1
830=,Kieryn,1
830=,Kilian,1
830=,King,1
830=,Kingsley,1
830=,Kinloch,1
830=,Kinzie,1
830=,Kipp,1
830=,Kiran,1
830=,Kishan,1
830=,Kiyarash,1
830=,Kodi,1
830=,Kole,1
830=,Konnen,1
830=,Konner,1
830=,Konnorscott,1
830=,Konor,1
830=,Konrad,1
830=,Koshad,1
830=,Kridhay,1
830=,Krischarat,1
830=,Krish,1
830=,Krishan,1
830=,Kristjan,1
830=,Kristoffer,1
830=,Kurran,1
830=,Kuruvila,1
830=,Kwame,1
830=,Kyal,1
830=,Kyle-James,1
830=,Kyle-Scott,1
830=,Kyler,1
830=,Kyreece,1
830=,Kyrin,1
830=,Lachie,1
830=,Lai,1
830=,Laighton,1
830=,Lance,1
830=,Larie,1
830=,Larne,1
830=,Larry,1
830=,Larsson,1
830=,Laughlan,1
830=,Laughlin,1
830=,Lawand,1
830=,Lawrance,1
830=,Layne,1
830=,Layton-Leigh,1
830=,Laz,1
830=,Leee,1
830=,Leeroy,1
830=,Leif,1
830=,Lenny,1
830=,Lenon,1
830=,Leonardo,1
830=,Lewie,1
830=,Lex,1
830=,Leyton,1
830=,Liall,1
830=,Liam-James,1
830=,Lien,1
830=,Lior,1
830=,Lochlain,1
830=,Lochlin,1
830=,Lockhart,1
830=,Logen,1
830=,Loghan,1
830=,Lokai,1
830=,Lorik,1
830=,Lorne,1
830=,Loui,1
830=,Lowrie,1
830=,Lowry,1
830=,Luciano,1
830=,Lukash,1
830=,Lukca,1
830=,Luqmaan,1
830=,Luqman,1
830=,Lwendo,1
830=,Lydon,1
830=,Macauley,1
830=,Macaully,1
830=,Macauly,1
830=,Mackai,1
830=,Mackay,1
830=,Mackensie,1
830=,Macki,1
830=,Mackin,1
830=,Madden,1
830=,Magnus-Che,1
830=,Mahabir,1
830=,Mahad,1
830=,Maher,1
830=,Mahfooz,1
830=,Mahmoud,1
830=,Mahomed,1
830=,Maka,1
830=,Makhi,1
830=,Malachie,1
830=,Mani,1
830=,Manny,1
830=,Manoj,1
830=,Manus,1
830=,Manvinder,1
830=,Marcan,1
830=,Marcello,1
830=,Marcos,1
830=,Marek,1
830=,Mark-Anthony,1
830=,Marli,1
830=,Martin-John,1
830=,Martiya,1
830=,Marton,1
830=,Marty,1
830=,Mateo,1
830=,Mathis,1
830=,Maxton,1
830=,Maxumus,1
830=,Mcaulay,1
830=,Mcgregor,1
830=,Mckenzy,1
830=,Mehraan,1
830=,Melchisedek,1
830=,Merit,1
830=,Micheil,1
830=,Michel,1
830=,Miguel,1
830=,Mika,1
830=,Mikail,1
830=,Mike,1
830=,Mikel,1
830=,Mikhail,1
830=,Miki,1
830=,Mikie,1
830=,Mikiel,1
830=,Milad,1
830=,Millar,1
830=,Mitch,1
830=,Mitchel,1
830=,Mitchum,1
830=,Mittun,1
830=,Moaaz,1
830=,Moadd,1
830=,Moamen,1
830=,Moaz,1
830=,Moazam,1
830=,Modater,1
830=,Mohammed-Ali,1
830=,Mohd,1
830=,Monzir,1
830=,Morgan-Raine,1
830=,Morri,1
830=,Moses,1
830=,Mosleh,1
830=,Mouhamed,1
830=,Mubin,1
830=,Muflih,1
830=,Muhammadali,1
830=,Muhaymen,1
830=,Muhebb,1
830=,Muhmmad,1
830=,Muneeb,1
830=,Murrie,1
830=,Murshed,1
830=,Murtuza,1
830=,Musa,1
830=,Myall,1
830=,Myyar,1
830=,Nacim,1
830=,Nadir,1
830=,Naeem,1
830=,Naithan,1
830=,Naoki,1
830=,Naseem,1
830=,Nasir,1
830=,Nasser,1
830=,Nathan-Robert,1
830=,Nathanael,1
830=,Nathanial,1
830=,Nauman,1
830=,Naveed,1
830=,Navid,1
830=,Nawzad,1
830=,Nayel,1
830=,Neeraj,1
830=,Neilie,1
830=,Neily,1
830=,Niccolo,1
830=,Nicholas-Annan,1
830=,Nicholas-Neal,1
830=,Nick,1
830=,Niels,1
830=,Nihall,1
830=,Nikel,1
830=,Niki,1
830=,Nikith,1
830=,Nikolaj,1
830=,Nikos,1
830=,Nile,1
830=,Niles,1
830=,Nishaan,1
830=,Nofil,1
830=,Noll,1
830=,Noppasin,1
830=,Norman,1
830=,Nour,1
830=,Nour-Eddine,1
830=,Nowfel,1
830=,Oak,1
830=,Obaid,1
830=,Olaf,1
830=,Olatunji,1
830=,Ollie,1
830=,Olulana,1
830=,Oluwakonyinsola,1
830=,Omid,1
830=,Orhan,1
830=,Orin,1
830=,Oritsemisan,1
830=,Orlando,1
830=,Osian,1
830=,Osman,1
830=,Ossian,1
830=,Oszkar,1
830=,Otto,1
830=,Oyare,1
830=,Ozcan,1
830=,Pacey,1
830=,Pacifico,1
830=,Paddy,1
830=,Pardip,1
830=,Parkieran,1
830=,Parth,1
830=,Pawan,1
830=,Payman,1
830=,Pearse,1
830=,Perrie-Reno,1
830=,Pete,1
830=,Philippe,1
830=,Phillip,1
830=,Pierre,1
830=,Pierre-Philippe,1
830=,Piers,1
830=,Pjay,1
830=,Prabhjeet,1
830=,Precious,1
830=,Premjot,1
830=,Prisco,1
830=,Prithvi,1
830=,Qais,1
830=,Qaisar,1
830=,Qasim,1
830=,Qazi,1
830=,Quentin,1
830=,Quinlan,1
830=,Quinntin,1
830=,Quintin,1
830=,Raedyn,1
830=,Raees,1
830=,Raegan,1
830=,Rafal,1
830=,Rafi,1
830=,Raheel,1
830=,Raheem,1
830=,Rahman,1
830=,Rahul,1
830=,Raif,1
830=,Raimie,1
830=,Raiyan,1
830=,Rajesh-Arran,1
830=,Rajinder,1
830=,Rakim,1
830=,Ramzy,1
830=,Rana,1
830=,Ranaich,1
830=,Rannoch,1
830=,Ranveer,1
830=,Rashad,1
830=,Rayaan,1
830=,Raydine,1
830=,Rayhan,1
830=,Rayirth,1
830=,Rayyan,1
830=,Rayyidh,1
830=,Reda,1
830=,Reece-Aaron,1
830=,Reehan,1
830=,Reeno,1
830=,Reese,1
830=,Rehman,1
830=,Reigan,1
830=,Reighan,1
830=,Remi,1
830=,Remo,1
830=,Rethwan,1
830=,Reuel,1
830=,Reyan,1
830=,Reza,1
830=,Rheagan,1
830=,Rhoan,1
830=,Rhori,1
830=,Rhuairdh,1
830=,Rhuairidh,1
830=,Rhuaraidh,1
830=,Rhuiradh,1
830=,Rhuraidh,1
830=,Rhyan,1
830=,Rhyce,1
830=,Rhyis,1
830=,Rhyley,1
830=,Rhys-Mark,1
830=,Rhyse,1
830=,Rhyss,1
830=,Ricardo,1
830=,Riccardo,1
830=,Ridhwan,1
830=,Rielly,1
830=,Riess,1
830=,Rikki,1
830=,Ripley,1
830=,Riyash,1
830=,Robaidh,1
830=,Robb,1
830=,Robi,1
830=,Robson,1
830=,Roc,1
830=,Rocky,1
830=,Rodger,1
830=,Roger,1
830=,Rohail,1
830=,Rohin,1
830=,Romano,1
830=,Romeo,1
830=,Romi,1
830=,Roni,1
830=,Ronin,1
830=,Rori,1
830=,Rosco,1
830=,Roshan,1
830=,Rourke,1
830=,Ruah,1
830=,Ruaidhri,1
830=,Ruairaidh,1
830=,Ruan,1
830=,Rumaan,1
830=,Ruraidh,1
830=,Rushil,1
830=,Ruthven,1
830=,Ruthvik,1
830=,Ryain,1
830=,Ryan-Thomas,1
830=,Ryko,1
830=,Rylee,1
830=,Ryli,1
830=,Ryszard,1
830=,Saad,1
830=,Sachin,1
830=,Sadeem,1
830=,Saeed,1
830=,Safwan,1
830=,Saher,1
830=,Sahil,1
830=,Sahir,1
830=,Saifullah,1
830=,Saja,1
830=,Sal,1
830=,Salah,1
830=,Salmaan,1
830=,Salvatore,1
830=,Samarth,1
830=,Samee,1
830=,Sami,1
830=,Samir,1
830=,Samson,1
830=,Sanand,1
830=,Sanderson,1
830=,Sanjay,1
830=,Sankhonil,1
830=,Sanmeet,1
830=,Santino,1
830=,Saqif,1
830=,Sarandeep,1
830=,Sarfraz,1
830=,Sarim,1
830=,Sarjeat,1
830=,Sasha,1
830=,Satish,1
830=,Satrughna,1
830=,Saubhan,1
830=,Seanie,1
830=,Sebastien,1
830=,Sef,1
830=,Sefa,1
830=,Sefanaia,1
830=,Seitheach,1
830=,Selman,1
830=,Selmeg,1
830=,Serhat,1
830=,Seyed,1
830=,Shaban,1
830=,Shad,1
830=,Shafique-Ur,1
830=,Shahbazz,1
830=,Shahmeer,1
830=,Shahrooz,1
830=,Shahzad,1
830=,Shaigh,1
830=,Sharfeldeen,1
830=,Shashipan,1
830=,Shashwat,1
830=,Shayaan,1
830=,Sheean,1
830=,Sheikh,1
830=,Shen,1
830=,Shivek,1
830=,Shoayb,1
830=,Shuaib,1
830=,Siddharth,1
830=,Sief,1
830=,Simar,1
830=,Simeon,1
830=,Sinclair,1
830=,Sipho,1
830=,Siraj,1
830=,Siro,1
830=,Siroy,1
830=,Skylor,1
830=,Sobur,1
830=,Sohaib,1
830=,Somhairle,1
830=,Sophie,1
830=,Soufyan,1
830=,Sourav,1
830=,Stan,1
830=,Steel,1
830=,Stef,1
830=,Stein,1
830=,Stejin,1
830=,Stevan,1
830=,Stevin,1
830=,Stiliyan,1
830=,Storm,1
830=,Strathy,1
830=,Subhaan,1
830=,Subhaashish,1
830=,Sufiyan,1
830=,Suhail,1
830=,Suhayl,1
830=,Sullivan,1
830=,Sultan,1
830=,Sun,1
830=,Sunny,1
830=,Susil,1
830=,Swabir,1
830=,Swithin,1
830=,Syd,1
830=,Symon-Marc,1
830=,Taaseen,1
830=,Tain,1
830=,Tait,1
830=,Taite,1
830=,Taiyo,1
830=,Talha,1
830=,Tanmay,1
830=,Tanush,1
830=,Taoufik,1
830=,Taran,1
830=,Tareq,1
830=,Tarik,1
830=,Tariq,1
830=,Tarkan,1
830=,Tarquinn,1
830=,Tasadduq,1
830=,Tatsuya,1
830=,Tavarwisa,1
830=,Tavio,1
830=,Tavish,1
830=,Tavjoth,1
830=,Tavon,1
830=,Taylor-Lee,1
830=,Taylor-Lewis,1
830=,Ted,1
830=,Teddie,1
830=,Tee,1
830=,Tee-Jay,1
830=,Temuulen,1
830=,Tennent,1
830=,Terence,1
830=,Terkel,1
830=,Terrance,1
830=,Terry,1
830=,Tharun,1
830=,Theoden,1
830=,Theophilus,1
830=,Thom,1
830=,Thomas-Junior,1
830=,Thoran,1
830=,Thorkil,1
830=,Thualfoqar,1
830=,Thurston,1
830=,Tiernan,1
830=,Tiger,1
830=,Timothy-Paul,1
830=,Tingoyang'ana,1
830=,Titouan,1
830=,Titus,1
830=,Tjut,1
830=,Tobey,1
830=,Toby-Rhys,1
830=,Tommyli,1
830=,Tori-Brendin,1
830=,Torran,1
830=,Torsten,1
830=,Trae,1
830=,Trevor,1
830=,Tristen,1
830=,Tristyn,1
830=,Tuan,1
830=,Tucker,1
830=,Tygran,1
830=,Tyla,1
830=,Tymon,1
830=,Tynan,1
830=,Tyreese,1
830=,Tyrese,1
830=,Tyresse,1
830=,Umaan,1
830=,Umais,1
830=,Umayr,1
830=,Usmaan,1
830=,Uthman,1
830=,Uzair,1
830=,Valerio,1
830=,Vata,1
830=,Victor,1
830=,Vika,1
830=,Vikramraj,1
830=,Vikrant,1
830=,Vinn,1
830=,Vinnie,1
830=,Vinoth,1
830=,Vjay,1
830=,Waasi,1
830=,Wade,1
830=,Wahheb,1
830=,Wallace,1
830=,Walter,1
830=,Warryn,1
830=,Waseem,1
830=,Wayne,1
830=,Wil,1
830=,Willsan,1
830=,Winston,1
830=,Wolfgang,1
830=,Xavio,1
830=,Xenon,1
830=,Xzander,1
830=,Y'acoub,1
830=,Yahya,1
830=,Yahyaa,1
830=,Yahye,1
830=,Yama,1
830=,Yan,1
830=,Yarub,1
830=,Yaseen,1
830=,Yasha,1
830=,Yasin,1
830=,Yavuz,1
830=,Yazdan,1
830=,Yi,1
830=,Yi-Hong,1
830=,Yifan,1
830=,Yik-Yan,1
830=,Ying-Jia,1
830=,Yizheng,1
830=,Yoonis,1
830=,Yosef,1
830=,Younes,1
830=,Ythan,1
830=,Yu,1
830=,Yuba,1
830=,Yunus,1
830=,Yuri,1
830=,Yuuki,1
830=,Yvan,1
830=,Za'kariya,1
830=,Zacariah,1
830=,Zacchary,1
830=,Zacharia,1
830=,Zacharie,1
830=,Zaed,1
830=,Zahir,1
830=,Zaine,1
830=,Zakariya,1
830=,Zaki,1
830=,Zakki,1
830=,Zamo,1
830=,Zayaan,1
830=,Zayan,1
830=,Zaydaan,1
830=,Zayn,1
830=,Zayne,1
830=,Zaynu-L-Abidin,1
830=,Zayyan,1
830=,Zeeshan,1
830=,Zercan,1
830=,Zharo,1
830=,Zhi,1
830=,Zhong,1
830=,Zidane,1
830=,Zobair,1
830=,Zoheb,1
830=,Zorez,1
830=,Zuhar,1
,,
,,
,,
,,
,,
,,
,,
,,
,,
,,
,,
,,
,,
,,
,,
,,
,,
,,
,,
,,
,,
,,
,,
,,
,,
,,
,,
,,
,,
,,
,,
,,
,,
,,
,,
,,
,,
,,
,,
,,
,,
,,
,,
,,
,,
,,
,,
,,
,,
,,
,,
,,
,,
,,
,,
,,
,,
,,
,,
,,
,,
,,
,,
,,
,,
,,
,,
,,
,,
,,
,,
,,
,,
,,
,,
,,
,,
,,
,,
,,
,,
,,
,,
,,
,,
,,
,,
,,
,,
,,
,,
,,
,,
,,
,,
,,
,,
,,
,,
,,
,,
,,
,,
,,
,,
,,
,,
,,
,,
,,
,,
,,
,,
,,
,,
,,
,,
,,
,,
,,
,,
,,
,,
,,
,,
,,
,,
,,
,,
,,
,,
,,
,,
,,
,,
,,
,,
,,
,,
,,
,,
,,
,,
,,
,,
,,
,,
,,
,,
,,
,,
,,
,,
,,
,,
,,
,,
,,
,,
,,
,,
,,
,,
,,
,,
,,
,,
,,
,,
,,
,,
,,
,,
,,
,,
,,
,,
,,
,,
,,
,,
,,
,,
,,
,,
,,
,,
,,
,,
,,
,,
,,
,,
,,
,,
,,
,,
,,
,,
,,
,,
,,
,,
,,
,,
,,
,,
,,
,,
,,
,,
,,
,,
,,
,,
,,
,,
,,
,,
,,
,,
,,
,,
,,
,,
,,
,,
,,
,,
,,
,,
,,
,,
,,
,,
,,
,,
,,
,,
,,
,,
,,
,,
,,
,,
,,
,,
,,
,,
,,
,,
,,
,,
,,
,,
,,
,,
,,
,,
,,
,,
,,
,,
,,
,,
,,
,,
,,
,,
,,
,,
,,
,,
,,
,,
,,
,,
,,
,,
,,
,,
,,
,,
,,
,,
,,
,,
,,
,,
,,
,,
,,
,,
,,
,,
,,
,,
,,
,,
,,
,,
,,
,,
,,
,,
,,
,,
,,
,,
,,
,,
,,
,,
,,
,,
,,
,,
,,
,,
,,
,,
,,
,,
,,
,,
,,
,,
,,
,,
,,
,,
,,
,,
,,
,,
,,
,,
,,
,,
,,
,,
,,
,,
,,
,,
,,
,,
,,
,,
,,
,,
,,
,,
,,
,,
,,
,,
,,
,,
,,
,,
,,
,,
,,
,,
,,
,,
,,
,,
,,
,,
,,
,,
,,
,,
,,
,,
,,
,,
,,
,,
,,
,,
,,
,,
,,
,,
,,
,,
,,
,,
,,
,,
,,
,,
,,
,,
,,
,,
,,
,,
,,
,,
,,
,,
,,
,,
,,
,,
,,
,,
,,
,,
,,
,,
,,
,,
,,
,,
,,
,,
,,
,,
,,
,,
,,
,,
,,
,,
,,
,,
,,
,,
,,
,,
,,
,,
,,
,,
,,
,,
,,
,,
,,
,,
,,
,,
,,
,,
,,
,,
,,
,,
,,
,,
,,
,,
,,
,,
,,
,,
,,
,,
,,
,,
,,
,,
,,
,,
,,
,,
,,
,,
,,
,,
,,
,,
,,
,,
,,
,,
,,
,,
,,
,,
,,
,,
,,
,,
,,
,,
,,
,,
,,
,,
,,
,,
,,
,,
,,
,,
,,
,,
,,
,,
,,
,,
,,
,,
,,
,,
,,
,,
,,
,,
,,
,,
,,
,,
,,
,,
,,
,,
,,
,,
,,
,,
,,
,,
,,
,,
,,
,,
,,
,,
,,
,,
,,
,,
,,
,,
,,
,,
,,
,,
,,
,,
,,
,,
,,
,,
,,
,,
,,
,,
,,
,,
,,
,,
,,
,,
,,
,,
,,
,,
,,
,,
,,
,,
,,
,,
,,
,,
,,
,,
,,
,,
,,
,,
,,
,,
,,
,,
,,
,,
,,
,,
,,
,,
,,
,,
,,
,,
,,
,,
,,
,,
,,
,,
,,
,,
,,
,,
,,
,,
,,
,,
,,
,,
,,
,,
,,
,,
,,
,,
,,
,,
,,
,,
,,
,,
,,
,,
,,
,,
,,
,,
,,
,,
,,
,,
,,
,,
,,
,,
,,
,,
,,
,,
,,
,,
,,
,,
,,
,,
,,
,,
,,
,,
,,
,,
,,
,,
,,
,,
,,
,,
,,
,,
,,
,,
,,
,,
,,
,,
,,
,,
,,
,,
,,
,,
,,
,,
,,
,,
,,
,,
,,
,,
,,
,,
,,
,,
,,
,,
,,
,,
,,
,,
,,
,,
,,
,,
,,
,,
,,
,,
,,
,,
,,
,,
,,
,,
,,
,,
,,
,,
,,
,,
,,
,,
,,
,,
,,
,,
,,
,,
,,
,,
,,
,,
,,
,,
,,
,,
,,
,,
,,
,,
,,
,,
,,
,,
,,
,,
,,
,,
,,
,,
,,
,,
,,
,,
,,
,,
,,
,,
,,
,,
,,
,,
,,
,,
,,
,,
,,
,,
,,
,,
,,
,,
,,
,,
,,
,,
,,
,,
,,
,,
,,
,,
,,
,,
,,
,,
,,
,,
,,
,,
,,
,,
,,
,,
,,
,,
,,
,,
,,
,,
,,
,,
,,
,,
,,
,,
,,
,,
,,
,,
,,
,,
,,
,,
,,
,,
,,
,,
,,
,,
,,
,,
,,
,,
,,
,,
,,
,,
,,
,,
,,
,,
,,
,,
,,
,,
,,
,,
,,
,,
,,
,,
,,
,,
,,
,,
,,
,,
,,
,,
,,
,,
,,
,,
,,
,,
,,
,,
,,
,,
,,
,,
,,
,,
,,
,,
,,
,,
,,
,,
,,
,,
,,
,,
,,
,,
,,
,,
,,
,,
,,
,,
,,
,,
,,
,,
,,
,,
,,
,,
,,
,,
,,
,,
,,
,,
,,
,,
,,
,,
,,
,,
,,
,,
,,
,,
,,
,,
,,
,,
,,
,,
,,
,,
,,
,,
,,
,,
,,
,,
,,
,,
,,
,,
,,
,,
,,
,,
,,
,,
,,
,,
,,
,,
,,
,,
,,
,,
,,
,,
,,
,,
,,
,,
,,
,,
,,
,,
,,
,,
,,
,,
,,
,,
,,
,,
,,
,,
,,
,,
,,
,,
,,
,,
,,
,,
,,
,,
,,
,,
,,
,,
,,
,,
,,
,,
,,
,,
,,
,,
,,
,,
,,
,,
,,
,,
,,
,,
,,
,,
,,
,,
,,
,,
,,
,,
,,
,,
,,
,,
,,
,,
,,
,,
,,
,,
,,
,,
,,
,,
,,
,,
,,
,,
,,
,,
,,
,,
,,
,,
,,
,,
,,
,,
,,
,,
,,
,,
,,
,,
,,
,,
,,
,,
,,
,,
,,
,,
,,
,,
,,
,,
,,
,,
,,
,,
,,
,,
,,
,,
,,
,,
,,
,,
,,
,,
,,
,,
,,
,,
,,
,,
,,
,,
,,
,,
,,
,,
,,
,,
,,
,,
,,
,,
,,
,,
,,
,,
,,
,,
,,
,,
,,
,,
,,
,,
,,
,,
,,
,,
,,
,,
,,
,,
,,
,,
,,
,,
,,
,,
,,
,,
,,
,,
,,
,,
,,
,,
,,
,,
,,
,,
,,
,,
,,
� Crown Copyright 2015,,
