Position,Name,Number of babies
1,Jack,670
2,Lewis,657
3,Callum,532
4,Ryan,507
5,James,467
6,Cameron,431
7,Jamie,414
8,Daniel,398
9,Matthew,394
10,Kyle,367
11,Adam,352
12,Ben,344
13,Aaron,340
14,Logan,331
15,Andrew,328
16,Connor,314
17=,Dylan,313
17=,Liam,313
19,Thomas,308
20,Alexander,306
21,Finlay,304
22,Joshua,282
23,Nathan,276
24,Aidan,268
25,Aiden,265
26,David,261
27,Scott,254
28,Ross,251
29,Luke,246
30,Calum,223
31,Charlie,204
32,Michael,201
33,Sean,199
34,Samuel,198
35,John,197
36,William,196
37,Josh,190
38,Robbie,189
39,Ethan,187
40,Kieran,181
41=,Harry,175
41=,Robert,175
41=,Sam,175
44,Euan,173
45,Fraser,172
46,Owen,171
47,Rhys,168
48,Joseph,166
49=,Oliver,165
49=,Reece,165
51,Ewan,163
52,Jay,158
53,Tyler,150
54=,Jake,146
54=,Max,146
54=,Rory,146
57,Christopher,143
58,Kai,135
59=,Arran,129
59=,Benjamin,129
61,Craig,121
62,Leo,119
63,Mark,114
64=,Brandon,113
64=,Declan,113
64=,Lucas,113
67=,Cole,100
67=,Harris,100
69,Angus,99
70=,Archie,97
70=,Shaun,97
72,Lee,96
73,Taylor,95
74,Blair,94
75,Ciaran,91
76,Evan,90
77,Leon,89
78,Gregor,84
79,Noah,82
80=,Lennon,81
80=,Murray,81
82,Kenzie,80
83,Finn,78
84,Steven,75
85,Jacob,74
86,Luca,73
87,Alfie,72
88=,Brodie,71
88=,Peter,71
90,Kian,70
91=,Corey,69
91=,Harvey,69
93,Stuart,67
94=,Hamish,64
94=,Patrick,64
96=,Bailey,63
96=,George,63
98=,Charles,62
98=,Paul,62
98=,Stephen,62
101=,Louis,61
101=,Mackenzie,61
103=,Hayden,59
103=,Marcus,59
105,Jason,58
106,Harrison,56
107=,Bradley,54
107=,Jonathan,54
107=,Zak,54
110,Joe,53
111,Kerr,52
112=,Alistair,51
112=,Dean,51
112=,Mason,51
115,Conor,50
116,Jordan,49
117=,Billy,48
117=,Elliot,48
117=,Lachlan,48
120=,Calvin,47
120=,Struan,47
122=,Alex,46
122=,Isaac,46
122=,Oscar,46
125=,Marc,45
125=,Mohammed,45
127=,Anthony,44
127=,Caleb,44
127=,Jude,44
127=,Keiran,44
127=,Mitchell,44
127=,Riley,44
133=,Cody,43
133=,Muhammad,43
133=,Nicholas,43
136=,Alasdair,41
136=,Jayden,41
138,Duncan,40
139=,Darren,39
139=,Fergus,39
139=,Reuben,39
139=,Shay,39
139=,Stewart,39
144=,Jackson,38
144=,Toby,38
146,Keir,37
147=,Ashton,35
147=,Dominic,35
147=,Gabriel,35
150=,Drew,34
150=,Mckenzie,34
150=,Mohammad,34
150=,Sonny,34
150=,Zack,34
155=,Christian,33
155=,Findlay,33
155=,Innes,33
155=,Tom,33
159,Blake,32
160=,Dillon,31
160=,Douglas,31
160=,Edward,31
160=,Henry,31
160=,Joel,31
165=,Gary,30
165=,Kevin,30
167=,Justin,29
167=,Kaiden,29
167=,Morgan,29
167=,Ruairidh,29
171,Brian,28
172=,Alan,27
172=,Ellis,27
172=,Rowan,27
175=,Cian,26
175=,Grant,26
175=,Iain,26
175=,Zachary,26
179=,Brendan,25
179=,Danny,25
179=,Sebastian,25
182=,Ali,24
182=,Arron,24
182=,Niall,24
185=,Campbell,23
185=,Colin,23
185=,Flynn,23
185=,Harley,23
185=,Kayden,23
185=,Rio,23
191=,Ian,22
191=,Levi,22
191=,Zac,22
191=,Zach,22
195=,Martin,21
195=,Preston,21
197=,Cooper,20
197=,Damien,20
197=,Gavin,20
200=,Brody,19
200=,Ruaridh,19
202=,Alastair,18
202=,Boyd,18
202=,Daryl,18
202=,Kaden,18
202=,Magnus,18
202=,Maxwell,18
202=,Shane,18
202=,Shayne,18
202=,Xander,18
202=,Zander,18
212=,Caiden,17
212=,Glen,17
212=,Richard,17
215=,Ayden,16
215=,Bobby,16
215=,Callan,16
215=,Conner,16
215=,Curtis,16
215=,Donald,16
215=,Greg,16
215=,Simon,16
215=,Travis,16
224=,Aedan,15
224=,Bruce,15
224=,Gordon,15
224=,Jak,15
224=,Lochlan,15
224=,Nairn,15
224=,Roan,15
224=,Ronan,15
224=,Saul,15
233=,Allan,14
233=,Bryce,14
233=,Kris,14
233=,Reiss,14
233=,Rohan,14
233=,Stefan,14
233=,Theo,14
240=,Anton,13
240=,Barry,13
240=,Carson,13
240=,Cormac,13
240=,Finley,13
240=,Graeme,13
240=,Kane,13
240=,Keigan,13
240=,Marco,13
240=,Mathew,13
240=,Mikey,13
240=,Neil,13
240=,Ollie,13
240=,Robin,13
240=,Ruben,13
240=,Seth,13
240=,Tristan,13
257=,Abdul,12
257=,Archibald,12
257=,Carter,12
257=,Ewen,12
257=,Felix,12
257=,Lennox,12
257=,Ruari,12
264=,Abdullah,11
264=,Brayden,11
264=,Caelan,11
264=,Damian,11
264=,Dennis,11
264=,Graham,11
264=,Hugh,11
264=,Hugo,11
264=,Jai,11
264=,Junior,11
264=,Keane,11
264=,Kristopher,11
264=,Marley,11
264=,Mohamed,11
264=,Myles,11
264=,Nico,11
264=,Philip,11
264=,Ruairi,11
264=,Sandy,11
264=,Ty,11
284=,Adrian,10
284=,Brooklyn,10
284=,Bryan,10
284=,Cayden,10
284=,Conall,10
284=,Corin,10
284=,Derren,10
284=,Fionn,10
284=,Frazer,10
284=,Frederick,10
284=,Greig,10
284=,Johnathan,10
284=,Kaleb,10
284=,Keegan,10
284=,Leyton,10
284=,Marshall,10
284=,Muhammed,10
284=,Murdo,10
284=,Nathaniel,10
284=,Omar,10
284=,Seumas,10
284=,Vincent,10
306=,Arthur,9
306=,Cailean,9
306=,Dale,9
306=,Darryl,9
306=,Eoin,9
306=,Johnny,9
306=,Jon,9
306=,Kenneth,9
306=,Kristian,9
306=,Kye,9
306=,Lyall,9
306=,Malcolm,9
306=,Milo,9
306=,Regan,9
306=,Rian,9
306=,Rudi,9
306=,Ryley,9
306=,Shea,9
306=,Will,9
306=,Zain,9
326=,Brogan,8
326=,Calan,8
326=,Carl,8
326=,Cieran,8
326=,Devin,8
326=,Elijah,8
326=,Guy,8
326=,Ibrahim,8
326=,Jared,8
326=,Kamran,8
326=,Kelvin,8
326=,Lyle,8
326=,Ray,8
326=,Rocco,8
326=,Sol,8
326=,Tommy,8
326=,Tony,8
326=,Troy,8
344=,Aaran,7
344=,Ahmed,7
344=,Aron,7
344=,Aryan,7
344=,Blaine,7
344=,Branden,7
344=,Caden,7
344=,Clark,7
344=,Dan,7
344=,Deacon,7
344=,Derek,7
344=,Eric,7
344=,Francis,7
344=,Freddie,7
344=,Haris,7
344=,Jed,7
344=,Jenson,7
344=,Kieren,7
344=,Lleyton,7
344=,Louie,7
344=,Luis,7
344=,Lukas,7
344=,Mateusz,7
344=,Munro,7
344=,Oisin,7
344=,Raymond,7
344=,Ronin,7
344=,Rudy,7
344=,Shae,7
344=,Shawn,7
344=,Solomon,7
344=,Spencer,7
344=,Tomas,7
377=,Aidyn,6
377=,Ajay,6
377=,Ally,6
377=,Baillie,6
377=,Brad,6
377=,Brandyn,6
377=,Casper,6
377=,Che,6
377=,Chris,6
377=,Codey,6
377=,Conan,6
377=,Conrad,6
377=,Cory,6
377=,Devlin,6
377=,Devon,6
377=,Eesa,6
377=,Elliott,6
377=,Frankie,6
377=,Fynn,6
377=,Gareth,6
377=,Garry,6
377=,Glenn,6
377=,Hasan,6
377=,Haydn,6
377=,Hector,6
377=,Ismail,6
377=,Jaden,6
377=,Jensen,6
377=,Joey,6
377=,Kade,6
377=,Kaine,6
377=,Kallum,6
377=,Keenan,6
377=,Kenzi,6
377=,Kieron,6
377=,Kirk,6
377=,Kyan,6
377=,Lauchlan,6
377=,Lawrence,6
377=,Lochlann,6
377=,Mac,6
377=,Marcel,6
377=,Matt,6
377=,Noel,6
377=,Orin,6
377=,Pearse,6
377=,Quinn,6
377=,Ramsay,6
377=,Ritchie,6
377=,Ronnie,6
377=,Ruaraidh,6
377=,Saif,6
377=,Sami,6
377=,Seamus,6
377=,Syed,6
377=,Theodore,6
377=,Tj,6
377=,Torin,6
377=,Yusuf,6
436=,Adem,5
436=,Aden,5
436=,Alister,5
436=,Antony,5
436=,Aodhan,5
436=,Arun,5
436=,Austin,5
436=,Bilal,5
436=,Brandan,5
436=,Brennan,5
436=,Brett,5
436=,Brook,5
436=,Byron,5
436=,Cade,5
436=,Cain,5
436=,Cairn,5
436=,Casey,5
436=,Cohen,5
436=,Conlan,5
436=,Darragh,5
436=,Declyn,5
436=,Eamonn,5
436=,Eden,5
436=,Eli,5
436=,Emre,5
436=,Filip,5
436=,Finnlay,5
436=,Hassan,5
436=,Jakub,5
436=,Kadyn,5
436=,Leonardo,5
436=,Macaulay,5
436=,Malachi,5
436=,Miller,5
436=,Odin,5
436=,Ossian,5
436=,Ralph,5
436=,Raphael,5
436=,Reagan,5
436=,Reegan,5
436=,Reese,5
436=,Roderick,5
436=,Roman,5
436=,Roy,5
436=,Rufus,5
436=,Timothy,5
436=,Uzair,5
436=,Wesley,5
436=,Woody,5
436=,Zakariya,5
436=,Zane,5
487=,Aaryan,4
487=,Aayan,4
487=,Abdulrahman,4
487=,Adnan,4
487=,Alfred,4
487=,Alisdair,4
487=,Amir,4
487=,Antonio,4
487=,Aran,4
487=,Aston,4
487=,Ayaan,4
487=,Azeem,4
487=,Bailie,4
487=,Bartosz,4
487=,Brenden,4
487=,Cael,4
487=,Camron,4
487=,Cathal,4
487=,Charley,4
487=,Codie,4
487=,Colby,4
487=,Crawford,4
487=,Cruz,4
487=,Diesel,4
487=,Dillan,4
487=,Dominik,4
487=,Eoghan,4
487=,Floyd,4
487=,Forbes,4
487=,Gregory,4
487=,Hamzah,4
487=,Haroon,4
487=,Hashim,4
487=,Ieuan,4
487=,Innis,4
487=,Ivan,4
487=,Jac,4
487=,Jaime,4
487=,Jaymie,4
487=,Jayson,4
487=,Jonah,4
487=,Jonathon,4
487=,Joss,4
487=,Jun,4
487=,Kalum,4
487=,Keelan,4
487=,Khai,4
487=,Koby,4
487=,Kurtis,4
487=,Kyran,4
487=,Laurence,4
487=,Laurie,4
487=,Layton,4
487=,Leighton,4
487=,Leonard,4
487=,Lloyd,4
487=,Luc,4
487=,Maddox,4
487=,Milan,4
487=,Miles,4
487=,Millar,4
487=,Mitchel,4
487=,Moray,4
487=,Musa,4
487=,Mylo,4
487=,Nathanael,4
487=,Neo,4
487=,Nicolas,4
487=,Oran,4
487=,Orrin,4
487=,Pierce,4
487=,Rafael,4
487=,Rafe,4
487=,Rehan,4
487=,Reilly,4
487=,Richie,4
487=,Ricky,4
487=,Rogan,4
487=,Ronald,4
487=,Saad,4
487=,Sean-Paul,4
487=,Sebastien,4
487=,Shaye,4
487=,Stanley,4
487=,Sunny,4
487=,T-Jay,4
487=,Tee-Jay,4
487=,Thorfinn,4
487=,Tobias,4
487=,Tylar,4
487=,Tyrone,4
487=,Victor,4
487=,Wallace,4
487=,Warren,4
487=,Wyatt,4
487=,Yu,4
487=,Zakaria,4
584=,Aadam,3
584=,Aarran,3
584=,Abhinav,3
584=,Addison,3
584=,Aditya,3
584=,Ahmad,3
584=,Ahron,3
584=,Aleksander,3
584=,Alessandro,3
584=,Alvin,3
584=,Amaan,3
584=,Aodan,3
584=,Argyle,3
584=,Arlo,3
584=,Artur,3
584=,Aryn,3
584=,Asher,3
584=,Ashley,3
584=,Aydin,3
584=,Beinn,3
584=,Benedict,3
584=,Braden,3
584=,Braeden,3
584=,Braiden,3
584=,Brendon,3
584=,Carrick,3
584=,Cavan,3
584=,Christie,3
584=,Colm,3
584=,Conal,3
584=,Connel,3
584=,Cullan,3
584=,Dane,3
584=,Danial,3
584=,Danyal,3
584=,Daragh,3
584=,Dawid,3
584=,Dax,3
584=,Derry,3
584=,Derryn,3
584=,Dexter,3
584=,Diarmuid,3
584=,Domhnall,3
584=,Dougal,3
584=,Eddie,3
584=,Edwin,3
584=,Elias,3
584=,Emil,3
584=,Emmanuel,3
584=,Enoch,3
584=,Enrico,3
584=,Fabian,3
584=,Finnian,3
584=,Fletcher,3
584=,Frank,3
584=,Fyfe,3
584=,Gerald,3
584=,Haaris,3
584=,Hamza,3
584=,Harper,3
584=,Haydon,3
584=,Imran,3
584=,Irvine,3
584=,Isa,3
584=,Isaiah,3
584=,Ismaeel,3
584=,Jakob,3
584=,Jamal,3
584=,Jan,3
584=,Jasper,3
584=,Jaydon,3
584=,Jaydyn,3
584=,Jia,3
584=,Jock,3
584=,Josef,3
584=,Julian,3
584=,Kadin,3
584=,Kain,3
584=,Kameron,3
584=,Karl,3
584=,Kasim,3
584=,Keaton,3
584=,Keiron,3
584=,Keith,3
584=,Kelso,3
584=,Kobi,3
584=,Kristoffer,3
584=,Lawrie,3
584=,Lawson,3
584=,Lenin,3
584=,Lewie,3
584=,Loui,3
584=,Macgregor,3
584=,Mack,3
584=,Makenzie,3
584=,Malachy,3
584=,Manus,3
584=,Martyn,3
584=,Maxim,3
584=,Maximus,3
584=,Micheal,3
584=,Moses,3
584=,Mustafa,3
584=,Nicol,3
584=,Nikita,3
584=,Nikodem,3
584=,Oskar,3
584=,Otis,3
584=,Padraig,3
584=,Patryk,3
584=,Pearce,3
584=,Phillip,3
584=,Rana,3
584=,Rannoch,3
584=,Rees,3
584=,Remo,3
584=,Remy,3
584=,Rhuari,3
584=,Ricksen,3
584=,Roddy,3
584=,Russell,3
584=,Rylee,3
584=,Rylie,3
584=,Sai,3
584=,Salman,3
584=,Scot,3
584=,Stephan,3
584=,Taha,3
584=,Tavish,3
584=,Tayler,3
584=,Teejay,3
584=,Tiago,3
584=,Todd,3
584=,Torran,3
584=,Tye,3
584=,Tyler-Jay,3
584=,Tylor,3
584=,Tyree,3
584=,Umair,3
584=,Umar,3
584=,Usman,3
584=,Yasir,3
584=,Yusef,3
584=,Zachery,3
584=,Zakary,3
584=,Zaki,3
730=,A,2
730=,Aarron,2
730=,Aaryn,2
730=,Abu,2
730=,Albin,2
730=,Alec,2
730=,Alexandre,2
730=,Alexzander,2
730=,Allen,2
730=,Amaar,2
730=,Ammaar,2
730=,Andreas,2
730=,Andy,2
730=,Anish,2
730=,Antoni,2
730=,Aqib,2
730=,Armaan,2
730=,Aulay,2
730=,Auryn,2
730=,Austen,2
730=,Austyn,2
730=,Awais,2
730=,Ayan,2
730=,Bartlomiej,2
730=,Bayley,2
730=,Beau,2
730=,Beck,2
730=,Bram,2
730=,Brandin,2
730=,Brandon-Lee,2
730=,Brannon,2
730=,Braydon,2
730=,Bruno,2
730=,Bryn,2
730=,Cai,2
730=,Cal,2
730=,Calin,2
730=,Callam,2
730=,Calym,2
730=,Cambell,2
730=,Cammy,2
730=,Camryn,2
730=,Caspar,2
730=,Chaudhary,2
730=,Chen,2
730=,Cillian,2
730=,Clayton,2
730=,Conlyn,2
730=,Connal,2
730=,Corbin,2
730=,Corran,2
730=,Corrie,2
730=,Cynan,2
730=,Daanyaal,2
730=,Daley,2
730=,Dalton,2
730=,Damon,2
730=,Daniyal,2
730=,Darien,2
730=,Dario,2
730=,Darran,2
730=,Darrell,2
730=,Darroch,2
730=,Darryn,2
730=,Davey,2
730=,Dawson,2
730=,Dawud,2
730=,Dayle,2
730=,Deacan,2
730=,Deaglan,2
730=,Deniz,2
730=,Dermot,2
730=,Dev,2
730=,Devan,2
730=,Devyn,2
730=,Dhruv,2
730=,Diego,2
730=,Dilan,2
730=,Donal,2
730=,Donnie,2
730=,Donny,2
730=,Dorian,2
730=,Drummond,2
730=,Dugald,2
730=,Dwayne,2
730=,Eddy,2
730=,Edgar,2
730=,Edson,2
730=,Einar,2
730=,Eliot,2
730=,Elis,2
730=,Emmet,2
730=,Erlend,2
730=,Eryk,2
730=,Eythan,2
730=,Fabien,2
730=,Ferdinand,2
730=,Fintan,2
730=,Francisco,2
730=,Franky,2
730=,Fred,2
730=,Freddy,2
730=,Fredrick,2
730=,Gage,2
730=,Ged,2
730=,Gerard,2
730=,Gethin,2
730=,Giovanni,2
730=,Gurveer,2
730=,Haider,2
730=,Hamad,2
730=,Hammad,2
730=,Hari,2
730=,Harold,2
730=,Haziq,2
730=,Hisham,2
730=,Ho,2
730=,Howie,2
730=,Humza,2
730=,Hunter,2
730=,Ibraheem,2
730=,Idrees,2
730=,Indie,2
730=,Ishaq,2
730=,Iwan,2
730=,Jaiden,2
730=,Jaimie,2
730=,Jakson,2
730=,Jamie-Lee,2
730=,Jaryd,2
730=,Javier,2
730=,Jaxon,2
730=,Jaxson,2
730=,Jay-Jay,2
730=,Jerome,2
730=,Jesse,2
730=,Jethro,2
730=,Jody,2
730=,John-Paul,2
730=,Johnjames,2
730=,Johnnie,2
730=,Johnstone,2
730=,Jon-Paul,2
730=,Jonty,2
730=,Josiah,2
730=,Junaid,2
730=,Justyn,2
730=,Jy,2
730=,Ka,2
730=,Kacey,2
730=,Kaidan,2
730=,Kaii,2
730=,Kal,2
730=,Kalen,2
730=,Kasper,2
730=,Kavan,2
730=,Kavya,2
730=,Kaydon,2
730=,Kaylum,2
730=,Keagan,2
730=,Keevan,2
730=,Kenyon,2
730=,Keon,2
730=,Kiain,2
730=,Kiall,2
730=,Killian,2
730=,Kiran,2
730=,Kodi,2
730=,Konnor,2
730=,Konrad,2
730=,Korey,2
730=,Kory,2
730=,Krish,2
730=,Kristofer,2
730=,Krystian,2
730=,Laird,2
730=,Lance,2
730=,Laughlan,2
730=,Laughlin,2
730=,Leland,2
730=,Leslie,2
730=,Lochlin,2
730=,Lorcan,2
730=,Lorenzo,2
730=,Lorne,2
730=,Lucius,2
730=,Luka,2
730=,Maaz,2
730=,Macauly,2
730=,Mackenzi,2
730=,Mackie,2
730=,Maksymilian,2
730=,Malakai,2
730=,Mani,2
730=,Marek,2
730=,Mario,2
730=,Marko,2
730=,Markus,2
730=,Martino,2
730=,Mate,2
730=,Matteo,2
730=,Mattias,2
730=,Micah,2
730=,Mikolaj,2
730=,Miroslav,2
730=,Moosa,2
730=,Morton,2
730=,Murdoch,2
730=,Murphy,2
730=,Nabil,2
730=,Nasser,2
730=,Nathyn,2
730=,Navdeep,2
730=,Nikolas,2
730=,Nils,2
730=,Oakley,2
730=,Olivier,2
730=,Pablo,2
730=,Paolo,2
730=,Pete,2
730=,Pranav,2
730=,Pratik,2
730=,Presley,2
730=,Qasim,2
730=,Qi,2
730=,Raiden,2
730=,Rasmus,2
730=,Rayyan,2
730=,Reace,2
730=,Redd,2
730=,Reeve,2
730=,Rehaan,2
730=,Reis,2
730=,Rhuaraidh,2
730=,Rhuaridh,2
730=,Ricardo,2
730=,Rikki,2
730=,River,2
730=,Rob,2
730=,Robb,2
730=,Roger,2
730=,Rohit,2
730=,Romaan,2
730=,Rome,2
730=,Rori,2
730=,Ruadhan,2
730=,Ruaidhri,2
730=,Ruan,2
730=,Ruary,2
730=,Rueben,2
730=,Ruslan,2
730=,Rylan,2
730=,Sahil,2
730=,Sandeep,2
730=,Santino,2
730=,Sergio,2
730=,Shaw,2
730=,Shiraz,2
730=,Silas,2
730=,Skye,2
730=,Sorley,2
730=,Soroush,2
730=,Stan,2
730=,Steve,2
730=,Subhaan,2
730=,Suilven,2
730=,Sultan,2
730=,Sydney,2
730=,Szymon,2
730=,T,2
730=,Tadhg,2
730=,Tavis,2
730=,Taylor-James,2
730=,Teddy,2
730=,Teo,2
730=,Terry,2
730=,Ti,2
730=,Tobi,2
730=,Tomoki,2
730=,Trent,2
730=,Trey,2
730=,Tyrese,2
730=,Uzayr,2
730=,Vince,2
730=,Waleed,2
730=,Walter,2
730=,Warrick,2
730=,Wayne,2
730=,Wen,2
730=,Weston,2
730=,Wilson,2
730=,Xavier,2
730=,Yahya,2
730=,Yannick,2
730=,Yazan,2
730=,Ying,2
730=,Younas,2
730=,Yousaf,2
730=,Yousif,2
730=,Yousuf,2
730=,Yunus,2
730=,Zachariah,2
730=,Zackary,2
730=,Zayn,2
730=,Zion,2
1035=,A-J,1
1035=,A-Jay,1
1035=,Aadi,1
1035=,Aairan,1
1035=,Aakarsh,1
1035=,Aakash,1
1035=,Aarin,1
1035=,Aariz,1
1035=,Aarush,1
1035=,Aavon,1
1035=,Abas,1
1035=,Abbad,1
1035=,Abbas,1
1035=,Abdal-Rahyman,1
1035=,Abdalgani,1
1035=,Abdelkader,1
1035=,Abderraheem,1
1035=,Abderrahmane,1
1035=,Abduallah,1
1035=,Abdul-Hadi,1
1035=,Abdul-Ra'ouf,1
1035=,Abdul-Rahman,1
1035=,Abdul-Rauf,1
1035=,Abdula,1
1035=,Abdulkarem,1
1035=,Abdulla,1
1035=,Abdullahi,1
1035=,Abdullrahman,1
1035=,Abdulmohaiman,1
1035=,Abdulrahmah,1
1035=,Abdur,1
1035=,Abdur-Rahman,1
1035=,Abel,1
1035=,Abhishek,1
1035=,Abraar,1
1035=,Abraham,1
1035=,Abrar,1
1035=,Abu-Bakr,1
1035=,Abubakar,1
1035=,Abubakr,1
1035=,Abukar,1
1035=,Ace,1
1035=,Adeeb,1
1035=,Adeel,1
1035=,Ademipe,1
1035=,Adetokunbo,1
1035=,Adham,1
1035=,Adi,1
1035=,Adian,1
1035=,Adin,1
1035=,Adley,1
1035=,Adom,1
1035=,Adon,1
1035=,Adriano,1
1035=,Adyn,1
1035=,Aeden,1
1035=,Ahmer,1
1035=,Aian,1
1035=,Aidain,1
1035=,Aidein,1
1035=,Aiden-Lewis,1
1035=,Aidian,1
1035=,Aidin,1
1035=,Aiman,1
1035=,Aira,1
1035=,Airon,1
1035=,Aizak,1
1035=,Aj,1
1035=,Ajae,1
1035=,Akash,1
1035=,Akeel,1
1035=,Akhil,1
1035=,Akinlolu,1
1035=,Akintomiwa,1
1035=,Akmal,1
1035=,Aksels,1
1035=,Akshar,1
1035=,Akshay,1
1035=,Al,1
1035=,Alaric,1
1035=,Albert,1
1035=,Alby,1
1035=,Aldas,1
1035=,Aleczander,1
1035=,Alejandro,1
1035=,Aleksandar,1
1035=,Aleksandras,1
1035=,Aleksej,1
1035=,Alexander-Jay,1
1035=,Alexandros,1
1035=,Alexey,1
1035=,Alexis,1
1035=,Alexxander,1
1035=,Alfons,1
1035=,Alfy,1
1035=,Alhassan,1
1035=,Allard,1
1035=,Allastair,1
1035=,Allistair,1
1035=,Allister,1
1035=,Alperen,1
1035=,Alwyn,1
1035=,Amal,1
1035=,Aman,1
1035=,Amar,1
1035=,Amber,1
1035=,Ameer,1
1035=,Amer,1
1035=,Amjad,1
1035=,Anare,1
1035=,Anaru,1
1035=,Anas,1
1035=,Ance,1
1035=,Ander,1
1035=,Andi,1
1035=,Andres,1
1035=,Andrewjack,1
1035=,Andrzej,1
1035=,Aneel,1
1035=,Aniq,1
1035=,Annan,1
1035=,Anndra,1
1035=,Anothai,1
1035=,Ansh,1
1035=,Ante,1
1035=,Aous,1
1035=,Araf,1
1035=,Araus,1
1035=,Arbaaz,1
1035=,Areeb,1
1035=,Areen,1
1035=,Arhum-Fazeel,1
1035=,Aric,1
1035=,Arin,1
1035=,Ariyon,1
1035=,Arjan,1
1035=,Arjen,1
1035=,Arjun,1
1035=,Arkaitz,1
1035=,Arkash,1
1035=,Armaghan,1
1035=,Armand,1
1035=,Armeen,1
1035=,Arnas,1
1035=,Arnav,1
1035=,Arne,1
1035=,Arpith,1
1035=,Arren,1
1035=,Arryn,1
1035=,Arsen,1
1035=,Arsh,1
1035=,Arul,1
1035=,Arunas,1
1035=,Arvid,1
1035=,Asa,1
1035=,Asfand,1
1035=,Asfar,1
1035=,Ash,1
1035=,Ashdon,1
1035=,Ashhal,1
1035=,Ashkin,1
1035=,Ashtin,1
1035=,Asier,1
1035=,Asil,1
1035=,Asim,1
1035=,Ataa,1
1035=,Athol,1
1035=,Atholl,1
1035=,Atif,1
1035=,Aubrey,1
1035=,Audeley,1
1035=,Ausija,1
1035=,Axel,1
1035=,Aydan,1
1035=,Aydyn,1
1035=,Ayman,1
1035=,Ayomide,1
1035=,Ayoub,1
1035=,Azan,1
1035=,Aziz,1
1035=,Azzaam,1
1035=,Azzan,1
1035=,B-Jay,1
1035=,Bader,1
1035=,Badrdin,1
1035=,Bahaiz,1
1035=,Bailey-Lyle,1
1035=,Bakhshand,1
1035=,Balfour,1
1035=,Barbod,1
1035=,Barnaby,1
1035=,Barney,1
1035=,Barron,1
1035=,Bartek,1
1035=,Bartholomew,1
1035=,Bashir,1
1035=,Baylay,1
1035=,Beljin,1
1035=,Benesh,1
1035=,Benito,1
1035=,Benjamin-Alexander,1
1035=,Benjamine,1
1035=,Bennet,1
1035=,Bennon,1
1035=,Benoit,1
1035=,Bernard,1
1035=,Bernardas,1
1035=,Bhienn,1
1035=,Birkan,1
1035=,Bishr,1
1035=,Blaike,1
1035=,Blaire,1
1035=,Blaise,1
1035=,Bleise,1
1035=,Blu,1
1035=,Blyth,1
1035=,Blythe,1
1035=,Bo,1
1035=,Bobbe,1
1035=,Bobbi,1
1035=,Bobby-Jo,1
1035=,Bohumil,1
1035=,Bon,1
1035=,Boss,1
1035=,Botan,1
1035=,Boydd,1
1035=,Bracken,1
1035=,Bradie,1
1035=,Bradlay,1
1035=,Brady,1
1035=,Bradyn,1
1035=,Braedon,1
1035=,Brage,1
1035=,Brahnan,1
1035=,Braidaigh,1
1035=,Braidie,1
1035=,Braidy,1
1035=,Braidyn,1
1035=,Brannan,1
1035=,Breck,1
1035=,Brenno,1
1035=,Brindley,1
1035=,Broc,1
1035=,Broden,1
1035=,Brodi,1
1035=,Brogar,1
1035=,Brogyn,1
1035=,Brydon,1
1035=,Brynjar,1
1035=,C,1
1035=,Cabel,1
1035=,Cadan,1
1035=,Cadeyrn,1
1035=,Cadon,1
1035=,Cadyn,1
1035=,Caedan,1
1035=,Caeden,1
1035=,Caelen,1
1035=,Cahir,1
1035=,Caie,1
1035=,Cailan,1
1035=,Caine,1
1035=,Caladh,1
1035=,Caleb-Ray,1
1035=,Calen,1
1035=,Calian,1
1035=,Calium,1
1035=,Callen,1
1035=,Callin,1
1035=,Callum-Lee,1
1035=,Callumn,1
1035=,Cally,1
1035=,Cameryn,1
1035=,Camran,1
1035=,Camrin,1
1035=,Caomh,1
1035=,Carey,1
1035=,Carlo,1
1035=,Carlos,1
1035=,Carrik,1
1035=,Cash,1
1035=,Cashel,1
1035=,Cassidy,1
1035=,Cassiel,1
1035=,Cassius,1
1035=,Cathel,1
1035=,Caydan,1
1035=,Caylan,1
1035=,Ceaden,1
1035=,Cedric,1
1035=,Ceejay,1
1035=,Ceiren,1
1035=,Cem,1
1035=,Cenzo,1
1035=,Cevan,1
1035=,Chad,1
1035=,Changyou,1
1035=,Chapman,1
1035=,Charbel,1
1035=,Chase,1
1035=,Chaud,1
1035=,Cheng,1
1035=,Cheuk,1
1035=,Chi,1
1035=,Chidera,1
1035=,Chikamso,1
1035=,Chin,1
1035=,Chinedu,1
1035=,Christ,1
1035=,Christian-John,1
1035=,Christnovi,1
1035=,Christof,1
1035=,Christoph,1
1035=,Christopher-Jamie,1
1035=,Christopher-John,1
1035=,Christopher-Kane,1
1035=,Chun,1
1035=,Cianan,1
1035=,Ciar,1
1035=,Ciwan,1
1035=,Clyde,1
1035=,Coben,1
1035=,Coby,1
1035=,Codi,1
1035=,Coel,1
1035=,Coen,1
1035=,Coll,1
1035=,Collin,1
1035=,Conaire,1
1035=,Conanrio,1
1035=,Conin,1
1035=,Conlaoth,1
1035=,Conlin,1
1035=,Conlyn-James,1
1035=,Conn,1
1035=,Connall,1
1035=,Connan,1
1035=,Connar,1
1035=,Connell,1
1035=,Conner-James,1
1035=,Connoll,1
1035=,Connolly,1
1035=,Connon,1
1035=,Connor-Lee,1
1035=,Conroy,1
1035=,Conway,1
1035=,Coolan,1
1035=,Coran,1
1035=,Corban,1
1035=,Corbyn,1
1035=,Corgan,1
1035=,Cori,1
1035=,Corrin,1
1035=,Corry,1
1035=,Courage,1
1035=,Cris,1
1035=,Crispin,1
1035=,Cruze,1
1035=,Cubin,1
1035=,Cuchulainn,1
1035=,Cuillin,1
1035=,Cullen,1
1035=,Cun,1
1035=,Cyrus,1
1035=,Daanial,1
1035=,Daanish,1
1035=,Dainis,1
1035=,Dainton,1
1035=,Daiya,1
1035=,Dalraj,1
1035=,Damain,1
1035=,Damin,1
1035=,Daniel-Angus,1
1035=,Daniel-Lewis,1
1035=,Daniele,1
1035=,Danis-Jay,1
1035=,Danish,1
1035=,Dannon,1
1035=,Dante,1
1035=,Danyaal,1
1035=,Danyael,1
1035=,Darcy,1
1035=,Darin,1
1035=,Darius,1
1035=,Dariush,1
1035=,Darnell,1
1035=,Darrel,1
1035=,Darrin,1
1035=,Darris,1
1035=,Darryl-Andrew,1
1035=,Darwin,1
1035=,Daryle,1
1035=,Daryll,1
1035=,Daryn,1
1035=,Dattatreyanath,1
1035=,David-James,1
1035=,David-John,1
1035=,Davidjames,1
1035=,Davidjohn,1
1035=,Davis,1
1035=,Davison,1
1035=,Dayton,1
1035=,Deakon,1
1035=,Dealan,1
1035=,Declan-Lee,1
1035=,Deklan,1
1035=,Del,1
1035=,Dela,1
1035=,Delen,1
1035=,Delvin,1
1035=,Dempsey,1
1035=,Denam,1
1035=,Denim,1
1035=,Denin,1
1035=,Denis,1
1035=,Dennin,1
1035=,Denny,1
1035=,Denum,1
1035=,Denver,1
1035=,Denzel,1
1035=,Deri,1
1035=,Derran,1
1035=,Derrick,1
1035=,Deryn,1
1035=,Deshawn,1
1035=,Devereaux,1
1035=,Devesh,1
1035=,Dhanial,1
1035=,Dharmjit,1
1035=,Dhian,1
1035=,Dhiren,1
1035=,Diarmid,1
1035=,Diesel-Lee,1
1035=,Diezel,1
1035=,Diezl,1
1035=,Dio,1
1035=,Dion,1
1035=,Ditiem,1
1035=,Diyako,1
1035=,Diyar,1
1035=,Dmitri,1
1035=,Dode,1
1035=,Domanic,1
1035=,Dominick,1
1035=,Don,1
1035=,Doneil,1
1035=,Dong,1
1035=,Donn,1
1035=,Donovan,1
1035=,Dougray,1
1035=,Dowyn,1
1035=,Drake,1
1035=,Draven,1
1035=,Draven-Whyte,1
1035=,Dubhghall,1
1035=,Dundie,1
1035=,Dusan,1
1035=,Dylan-Jon,1
1035=,Dylin,1
1035=,Dyllan,1
1035=,Dyllin,1
1035=,Eamon,1
1035=,Eban,1
1035=,Eben,1
1035=,Ebenezer,1
1035=,Ebon,1
1035=,Ebrahim,1
1035=,Edgaras,1
1035=,Edison,1
1035=,Edmund,1
1035=,Eduard,1
1035=,Edvinas,1
1035=,Eethan,1
1035=,Efstathios,1
1035=,Eisa,1
1035=,Eishan-Bin,1
1035=,Ejoyovwi,1
1035=,Elgin,1
1035=,Eliel,1
1035=,Eliott,1
1035=,Eliyav,1
1035=,Elwin,1
1035=,Emile,1
1035=,Emoverere,1
1035=,Emrah,1
1035=,Enes,1
1035=,Enki,1
1035=,Ennio,1
1035=,Epaphras,1
1035=,Ephraim,1
1035=,Erence,1
1035=,Erhan,1
1035=,Erick,1
1035=,Erik,1
1035=,Erinayooluwa,1
1035=,Errin,1
1035=,Erwan,1
1035=,Erwin,1
1035=,Esa,1
1035=,Esat,1
1035=,Eseosa,1
1035=,Eshwar,1
1035=,Esshak,1
1035=,Essien,1
1035=,Esteban,1
1035=,Ethem,1
1035=,Etienne,1
1035=,Etiowo,1
1035=,Eun,1
1035=,Eun-Sam,1
1035=,Eunan,1
1035=,Evis,1
1035=,Evyn,1
1035=,Ewart,1
1035=,Eyup,1
1035=,Ezike,1
1035=,Fabio,1
1035=,Faine,1
1035=,Faisal,1
1035=,Faizaan,1
1035=,Faizan,1
1035=,Fang,1
1035=,Faolan,1
1035=,Fardeen,1
1035=,Fareed,1
1035=,Fares,1
1035=,Farhaan,1
1035=,Farhan,1
1035=,Faris,1
1035=,Farrell,1
1035=,Favour,1
1035=,Fawaad,1
1035=,Fearghas,1
1035=,Feargus,1
1035=,Fei,1
1035=,Ferdie,1
1035=,Fernley,1
1035=,Fezan,1
1035=,Fiachra,1
1035=,Fiad,1
1035=,Fiaz,1
1035=,Fike,1
1035=,Filippo,1
1035=,Fin,1
1035=,Findley,1
1035=,Fingal,1
1035=,Finian,1
1035=,Finnan,1
1035=,Finnbarr,1
1035=,Finnigan,1
1035=,Finnley,1
1035=,Fionnlagh,1
1035=,Fletch,1
1035=,Flor,1
1035=,Flyn,1
1035=,Fox,1
1035=,Franco,1
1035=,Francois,1
1035=,Franek,1
1035=,Franklyn,1
1035=,Franko,1
1035=,Franly,1
1035=,Frantisek,1
1035=,Frasier,1
1035=,Frederic,1
1035=,Frederik,1
1035=,Furhan,1
1035=,Fynlay,1
1035=,Fynnlay,1
1035=,Gabrielle,1
1035=,Gahei,1
1035=,Gaius,1
1035=,Galen,1
1035=,Gallagher,1
1035=,Gannon,1
1035=,Garreth,1
1035=,Garrick,1
1035=,Gav,1
1035=,Gene,1
1035=,Geoff,1
1035=,Geordie,1
1035=,Georgie,1
1035=,Ghazi,1
1035=,Gianluca,1
1035=,Gianpaolo,1
1035=,Gibson,1
1035=,Giddeon,1
1035=,Gideon,1
1035=,Giles,1
1035=,Gillan,1
1035=,Gillen,1
1035=,Gillie,1
1035=,Gillies,1
1035=,Gillon,1
1035=,Gin,1
1035=,Gino,1
1035=,Giuseppe,1
1035=,Glynn,1
1035=,Gobind,1
1035=,Gorka,1
1035=,Govinda,1
1035=,Gracious,1
1035=,Gracjan,1
1035=,Grahame,1
1035=,Graidyn,1
1035=,Greger,1
1035=,Griffin,1
1035=,Grigor,1
1035=,Griogor,1
1035=,Gruffydd,1
1035=,Guang,1
1035=,Gudmundur,1
1035=,Guile,1
1035=,Gulam,1
1035=,Gulliver,1
1035=,Gurhans,1
1035=,Gurjeevan,1
1035=,Gurkirat,1
1035=,Gurpaige,1
1035=,Gursevak,1
1035=,Guthrie,1
1035=,Guus,1
1035=,Gwilym,1
1035=,Haeden,1
1035=,Hafed,1
1035=,Haiderali,1
1035=,Haidyn,1
1035=,Haig,1
1035=,Hakan,1
1035=,Hakeem,1
1035=,Hakki,1
1035=,Hakyoung,1
1035=,Halim,1
1035=,Hallam,1
1035=,Hamaad,1
1035=,Hammaad,1
1035=,Hamyar,1
1035=,Hannes,1
1035=,Hanqiu,1
1035=,Hans,1
1035=,Hao,1
1035=,Harald,1
1035=,Harjap,1
1035=,Harland,1
1035=,Harly,1
1035=,Harmandip,1
1035=,Harri,1
1035=,Harshith,1
1035=,Harsimranpaul,1
1035=,Hartej,1
1035=,Harun,1
1035=,Harvie,1
1035=,Hasaan,1
1035=,Haseeb,1
1035=,Hasnain,1
1035=,Havind,1
1035=,Hawon,1
1035=,Haydan,1
1035=,Haydyn,1
1035=,Heath,1
1035=,Hebin,1
1035=,Heera,1
1035=,Hendrik,1
1035=,Hendrix,1
1035=,Henri-Jay-Karl-Alexander,1
1035=,Henryk,1
1035=,Herb,1
1035=,Hew,1
1035=,Himith,1
1035=,Himmat,1
1035=,Holden,1
1035=,Hong,1
1035=,Hossen,1
1035=,Houston,1
1035=,Hubert,1
1035=,Hughie,1
1035=,Hursh,1
1035=,Husam,1
1035=,Husayn,1
1035=,Huseyin,1
1035=,Husnain,1
1035=,Hussain,1
1035=,Hussan,1
1035=,Hussnen,1
1035=,Huthaifa,1
1035=,Huw,1
1035=,Hyland,1
1035=,Ibrahem,1
1035=,Idiris,1
1035=,Idris,1
1035=,Idriss,1
1035=,Iesa,1
1035=,Iftikhar,1
1035=,Ignacy,1
1035=,Igor,1
1035=,Iker,1
1035=,Ilias,1
1035=,Ilo,1
1035=,Iman,1
1035=,Imdad,1
1035=,Inaki,1
1035=,Inshaal,1
1035=,Ircot,1
1035=,Ireoluwatomiwa,1
1035=,Irvin,1
1035=,Isah,1
1035=,Ismael,1
1035=,Issac,1
1035=,Iver,1
1035=,Izaac,1
1035=,J,1
1035=,J-Jay,1
1035=,Ja'far,1
1035=,Jaac,1
1035=,Jabe,1
1035=,Jace,1
1035=,Jacky,1
1035=,Jadian,1
1035=,Jadin,1
1035=,Jadyn,1
1035=,Jae,1
1035=,Jaeden,1
1035=,Jaeger,1
1035=,Jaejay,1
1035=,Jagjeevan,1
1035=,Jago,1
1035=,Jaidyn,1
1035=,Jaijo,1
1035=,Jaike,1
1035=,Jaikob,1
1035=,Jairaj,1
1035=,Jaivir,1
1035=,Jake-John,1
1035=,Jamaine,1
1035=,Jameel,1
1035=,Jameson,1
1035=,Jamie-Patrick,1
1035=,Jamie-Ray,1
1035=,Jamiejoe,1
1035=,Jamielee,1
1035=,Jamieson,1
1035=,Jannis,1
1035=,Jardin,1
1035=,Jarlath,1
1035=,Jarrod,1
1035=,Jaskaran,1
1035=,Jason-Junior,1
1035=,Jason-Lee,1
1035=,Jaspreet,1
1035=,Jatin,1
1035=,Jaxin,1
1035=,Jay-R,1
1035=,Jayce,1
1035=,Jaydan,1
1035=,Jayden-Jack,1
1035=,Jaydn,1
1035=,Jayke,1
1035=,Jaymi,1
1035=,Jayraj,1
1035=,Jedd,1
1035=,Jenaath,1
1035=,Jericho,1
1035=,Jermaine,1
1035=,Jerry,1
1035=,Jet-Li,1
1035=,Ji,1
1035=,Jian,1
1035=,Jibraan,1
1035=,Jillani,1
1035=,Jimi,1
1035=,Jimmy,1
1035=,Jin,1
1035=,Jing,1
1035=,Jk,1
1035=,Jnr,1
1035=,Jocris,1
1035=,Joeli,1
1035=,Johan,1
1035=,John-Alexander,1
1035=,John-Connor,1
1035=,John-Henry,1
1035=,John-James,1
1035=,John-Rhys,1
1035=,Johnathon,1
1035=,Johni,1
1035=,Johnson,1
1035=,Jonas,1
1035=,Jonti,1
1035=,Jordi,1
1035=,Jordyn,1
1035=,Jos,1
1035=,Joseph-Daniel,1
1035=,Joseph-James,1
1035=,Joseva,1
1035=,Joshin,1
1035=,Joshua-David,1
1035=,Joshvir,1
1035=,Josie,1
1035=,Josyf,1
1035=,Jotham,1
1035=,Jovi,1
1035=,Jozef,1
1035=,Jules,1
1035=,Julius,1
1035=,Juma',1
1035=,Jung,1
1035=,Junlong,1
1035=,Juno,1
1035=,Jura,1
1035=,Justin-David,1
1035=,Juva,1
1035=,Jye,1
1035=,Kaci,1
1035=,Kadan,1
1035=,Kadien,1
1035=,Kadir,1
1035=,Kaeden,1
1035=,Kael,1
1035=,Kagiso,1
1035=,Kah,1
1035=,Kaidin,1
1035=,Kaidyn,1
1035=,Kaie,1
1035=,Kaif,1
1035=,Kaih,1
1035=,Kaihden,1
1035=,Kaileb,1
1035=,Kailin,1
1035=,Kainan,1
1035=,Kairn,1
1035=,Kairo,1
1035=,Kaisey,1
1035=,Kaj,1
1035=,Kaku,1
1035=,Kalan,1
1035=,Kalden,1
1035=,Kale,1
1035=,Kalel,1
1035=,Kalem,1
1035=,Kalim,1
1035=,Kallen,1
1035=,Kallin,1
1035=,Kalub,1
1035=,Kalvin,1
1035=,Kami,1
1035=,Kammron,1
1035=,Kamryn,1
1035=,Kamuran,1
1035=,Kang,1
1035=,Kapilkumar,1
1035=,Karam,1
1035=,Karamdeep,1
1035=,Karan,1
1035=,Karanbir,1
1035=,Karim,1
1035=,Karlos,1
1035=,Karmveer,1
1035=,Karol,1
1035=,Karsten,1
1035=,Karsyn,1
1035=,Kartar,1
1035=,Karter,1
1035=,Kartike,1
1035=,Kaspjan,1
1035=,Kasra,1
1035=,Kathane,1
1035=,Kayde,1
1035=,Kaydin,1
1035=,Kaydn,1
1035=,Kaydyn,1
1035=,Kaylam,1
1035=,Kaylen,1
1035=,Kayn,1
1035=,Kayra,1
1035=,Kazim,1
1035=,Keadie,1
1035=,Keagean,1
1035=,Keahn,1
1035=,Kealyn,1
1035=,Keanu,1
1035=,Kearan,1
1035=,Keation,1
1035=,Keeland,1
1035=,Keelin,1
1035=,Keene,1
1035=,Keeryn,1
1035=,Kegan,1
1035=,Keian,1
1035=,Keiden,1
1035=,Keidi,1
1035=,Keighan,1
1035=,Keigyn,1
1035=,Keilan,1
1035=,Keiran-Leigh,1
1035=,Keiran-Paul,1
1035=,Keiren,1
1035=,Keirr,1
1035=,Keirran,1
1035=,Kelan,1
1035=,Kell,1
1035=,Kellen,1
1035=,Kelly,1
1035=,Kelton,1
1035=,Kelvyn,1
1035=,Ken,1
1035=,Kenan,1
1035=,Kendal,1
1035=,Kenley,1
1035=,Kenzey,1
1035=,Kenzie-Lee,1
1035=,Kenzo,1
1035=,Keone,1
1035=,Keoni,1
1035=,Kerem,1
1035=,Kerin,1
1035=,Kerrell,1
1035=,Kevin-Scott,1
1035=,Kevinas,1
1035=,Keyan,1
1035=,Keyon,1
1035=,Keyran,1
1035=,Khalid,1
1035=,Khalil,1
1035=,Khian,1
1035=,Khondoker,1
1035=,Khristian,1
1035=,Khuba,1
1035=,Khunanon,1
1035=,Khy,1
1035=,Khylaeb,1
1035=,Kiam,1
1035=,Kiaran,1
1035=,Kiedis,1
1035=,Kiegan,1
1035=,Kiegen,1
1035=,Kiene,1
1035=,Kier,1
1035=,Kierandeep,1
1035=,Kiernan,1
1035=,Kierron,1
1035=,Kieryn,1
1035=,Killen,1
1035=,Kinan,1
1035=,Kip,1
1035=,Kirills,1
1035=,Kirval,1
1035=,Kishan,1
1035=,Kit,1
1035=,Kiyan,1
1035=,Kjell,1
1035=,Kobain,1
1035=,Koben,1
1035=,Kodey,1
1035=,Kody,1
1035=,Kohei,1
1035=,Kole,1
1035=,Konnall,1
1035=,Konor,1
1035=,Konstantinos,1
1035=,Kooper,1
1035=,Koray,1
1035=,Korrey,1
1035=,Korry,1
1035=,Kriss,1
1035=,Kristians,1
1035=,Kristupas,1
1035=,Kristy,1
1035=,Kruze,1
1035=,Krzysztof,1
1035=,Kuba,1
1035=,Kullin,1
1035=,Kydn,1
1035=,Kyedon,1
1035=,Kyie,1
1035=,Kyle-Celeb,1
1035=,Kyler,1
1035=,Kylian,1
1035=,Kyro,1
1035=,Kyron,1
1035=,Lachie,1
1035=,Laide,1
1035=,Laine,1
1035=,Laiton,1
1035=,Lamarana,1
1035=,Landon,1
1035=,Landy,1
1035=,Larry,1
1035=,Lars,1
1035=,Laudika,1
1035=,Laughlann,1
1035=,Lawa,1
1035=,Lawerence,1
1035=,Layne,1
1035=,Layton-James,1
1035=,Lealand,1
1035=,Leeland,1
1035=,Leelynd,1
1035=,Leeon,1
1035=,Leeto,1
1035=,Lei-James,1
1035=,Leigh,1
1035=,Leiland,1
1035=,Lennan,1
1035=,Lennard,1
1035=,Lennon-Liam,1
1035=,Lenny,1
1035=,Lenon,1
1035=,Leo-James,1
1035=,Leo-John,1
1035=,Leone,1
1035=,Leopold,1
1035=,Leroy,1
1035=,Lev,1
1035=,Lewin,1
1035=,Lex,1
1035=,Liam-James,1
1035=,Liam-John,1
1035=,Libby,1
1035=,Liiban,1
1035=,Lincoln,1
1035=,Lindsay,1
1035=,Lior,1
1035=,Liston,1
1035=,Lochay,1
1035=,Lochlain,1
1035=,Loghan,1
1035=,Logie,1
1035=,Lok,1
1035=,Loki,1
1035=,Loklan,1
1035=,Lomond,1
1035=,Lonsdale,1
1035=,Loris,1
1035=,Lowrie,1
1035=,Lowry,1
1035=,Lu'ay,1
1035=,Lucca,1
1035=,Lucian,1
1035=,Luciano,1
1035=,Lucien,1
1035=,Lucio,1
1035=,Lucus,1
1035=,Lui,1
1035=,Lukasz,1
1035=,Luqfi,1
1035=,Luuk,1
1035=,Lvcian,1
1035=,Lyal,1
1035=,Lyell,1
1035=,Maarken,1
1035=,Macailean,1
1035=,Macallan,1
1035=,Macauley,1
1035=,Macaully,1
1035=,Machrie,1
1035=,Maciej,1
1035=,Macinnes,1
1035=,Mackinley,1
1035=,Maclane,1
1035=,Maddex,1
1035=,Maddox-James,1
1035=,Madhav,1
1035=,Madoc,1
1035=,Mahdi,1
1035=,Mahki,1
1035=,Mahmmoud,1
1035=,Mahmood,1
1035=,Makoto,1
1035=,Makovitch,1
1035=,Maks,1
1035=,Malach,1
1035=,Malin,1
1035=,Malk,1
1035=,Malkit,1
1035=,Mandev,1
1035=,Manraj,1
1035=,Mansimar,1
1035=,Manu,1
1035=,Manvir,1
1035=,Marcas,1
1035=,Marcello,1
1035=,Marcus-Lee,1
1035=,Markie,1
1035=,Markos,1
1035=,Marky,1
1035=,Martie,1
1035=,Martim,1
1035=,Martinjoseph,1
1035=,Martins,1
1035=,Marty,1
1035=,Marvin,1
1035=,Masyn,1
1035=,Matas,1
1035=,Mathias,1
1035=,Matias,1
1035=,Matisse,1
1035=,Matthew-James,1
1035=,Matthias,1
1035=,Matthieu,1
1035=,Maurice,1
1035=,Maxi,1
1035=,Maximilian,1
1035=,Maximilion,1
1035=,Maximillian,1
1035=,Maxton,1
1035=,Maxymilian,1
1035=,Mayson,1
1035=,Mcauley,1
1035=,Mcgregor,1
1035=,Mckenzye,1
1035=,Mckinlay,1
1035=,Meekah,1
1035=,Mehmet,1
1035=,Melvyn,1
1035=,Merdie,1
1035=,Mert,1
1035=,Micaiah,1
1035=,Michael-Denim,1
1035=,Michael-Jason,1
1035=,Michele,1
1035=,Mickey,1
1035=,Micky,1
1035=,Mieczyslaw,1
1035=,Miguel,1
1035=,Mihaly,1
1035=,Mihir,1
1035=,Mike,1
1035=,Miko,1
1035=,Millen,1
1035=,Milos,1
1035=,Milosz,1
1035=,Minu,1
1035=,Mirrlees,1
1035=,Mitch,1
1035=,Mithul,1
1035=,Mo-Chara,1
1035=,Moaaiz,1
1035=,Moghny,1
1035=,Mohamad,1
1035=,Mohammed-Alim,1
1035=,Mohd,1
1035=,Mohmmed,1
1035=,Moiye,1
1035=,Mokolade,1
1035=,Moksh,1
1035=,Momin,1
1035=,Monaf,1
1035=,Monder,1
1035=,Monty,1
1035=,Morar,1
1035=,Moreno,1
1035=,Morgen,1
1035=,Moss,1
1035=,Mostafa,1
1035=,Moussa,1
1035=,Muad,1
1035=,Muath,1
1035=,Mubashar,1
1035=,Muhammad-Musa,1
1035=,Muhummed,1
1035=,Muneeb,1
1035=,Mungo,1
1035=,Muntazin,1
1035=,Murrey,1
1035=,Nadeem,1
1035=,Naeem,1
1035=,Nahian,1
1035=,Nahom,1
1035=,Naimuddin,1
1035=,Naoise,1
1035=,Nasro,1
1035=,Nathaan,1
1035=,Nathan-Adam,1
1035=,Nathan-Hugh,1
1035=,Nathaneal,1
1035=,Nathanial,1
1035=,Nathrach,1
1035=,Nayab,1
1035=,Naythan,1
1035=,Nazmul,1
1035=,Neale,1
1035=,Neco,1
1035=,Neev,1
1035=,Nehad,1
1035=,Nelson,1
1035=,Nevan,1
1035=,Nevin,1
1035=,Nevis-Che,1
1035=,Newman,1
1035=,Ngi,1
1035=,Ngoni,1
1035=,Nialle,1
1035=,Nicco,1
1035=,Nick,1
1035=,Nicky,1
1035=,Nicky-Lee,1
1035=,Nicola,1
1035=,Nicolaas,1
1035=,Nicolaos,1
1035=,Nikolai,1
1035=,Nikolaos,1
1035=,Nimai,1
1035=,Nir,1
1035=,Nithilesh,1
1035=,Noa,1
1035=,Noah-John,1
1035=,Noam,1
1035=,Nofil,1
1035=,Nojus,1
1035=,Nolan,1
1035=,Nolan-Orly,1
1035=,Noor-E-Ali,1
1035=,Norbert,1
1035=,Norman,1
1035=,Nuri,1
1035=,Nvar,1
1035=,Nyasha,1
1035=,Oaklin,1
1035=,Obaid,1
1035=,Oban,1
1035=,Obiora,1
1035=,Odran,1
1035=,Oen,1
1035=,Ofei,1
1035=,Ogheneruno,1
1035=,Ogulcan,1
1035=,Ola,1
1035=,Olaf,1
1035=,Olamilake,1
1035=,Olier,1
1035=,Olly,1
1035=,Olsen,1
1035=,Olufenwa,1
1035=,Oluwanifemi,1
1035=,Oluwaseni,1
1035=,Omer,1
1035=,Omotayo,1
1035=,Onnisimo,1
1035=,Ori,1
1035=,Orlando,1
1035=,Orniah,1
1035=,Orran,1
1035=,Orryn,1
1035=,Osborne,1
1035=,Osten,1
1035=,Oto,1
1035=,Owain,1
1035=,Owyn,1
1035=,P-Jay,1
1035=,Panagiotis,1
1035=,Parsa,1
1035=,Parthiv,1
1035=,Patrikas,1
1035=,Paul-Michael,1
1035=,Pavan,1
1035=,Pavel,1
1035=,Pawan,1
1035=,Pawel,1
1035=,Paxton-Jack,1
1035=,Pedro,1
1035=,Pele,1
1035=,Peri,1
1035=,Perrie,1
1035=,Perry,1
1035=,Peter-John,1
1035=,Petter,1
1035=,Phan,1
1035=,Pharnell,1
1035=,Phoenix,1
1035=,Pierre,1
1035=,Piotr,1
1035=,Pol,1
1035=,Pologa,1
1035=,Prabhraj,1
1035=,Precieux,1
1035=,Prerak,1
1035=,Prestyn,1
1035=,Pridiansh,1
1035=,Przemyslaw,1
1035=,Qaasim,1
1035=,Qaiser,1
1035=,Quillan,1
1035=,Quin,1
1035=,Quinten,1
1035=,Rabee,1
1035=,Raees,1
1035=,Raens,1
1035=,Rafal,1
1035=,Rafay,1
1035=,Rafee,1
1035=,Rafik,1
1035=,Ragan,1
1035=,Ragnar,1
1035=,Rahim,1
1035=,Rahul,1
1035=,Raihan,1
1035=,Rain,1
1035=,Raiyan,1
1035=,Raja,1
1035=,Rajan,1
1035=,Rajandeep,1
1035=,Rajveer,1
1035=,Ralchukwu,1
1035=,Ralphie,1
1035=,Ralphy,1
1035=,Ramadan,1
1035=,Raman,1
1035=,Ramanjeet,1
1035=,Ramone,1
1035=,Ramsey,1
1035=,Ramzi,1
1035=,Ranjeet,1
1035=,Ratchapan,1
1035=,Rauri,1
1035=,Raven,1
1035=,Rayan,1
1035=,Rayane,1
1035=,Raymie,1
1035=,Rayn,1
1035=,Real,1
1035=,Redford,1
1035=,Reehio,1
1035=,Reggie,1
1035=,Reid,1
1035=,Reith,1
1035=,Remigiusz,1
1035=,Rennie,1
1035=,Reubens,1
1035=,Reyan,1
1035=,Reyhan,1
1035=,Rhett,1
1035=,Rhion,1
1035=,Rhonan,1
1035=,Rhory,1
1035=,Rhuairi,1
1035=,Rhubin,1
1035=,Rhyan,1
1035=,Rhyes,1
1035=,Rhylee,1
1035=,Rhyse,1
1035=,Rhyse-John,1
1035=,Riccardo,1
1035=,Rickie-Lee,1
1035=,Rico,1
1035=,Rilee,1
1035=,Rino,1
1035=,Riordan,1
1035=,Riordhan,1
1035=,Rishad,1
1035=,Rishi,1
1035=,Rishiraj,1
1035=,Ritchard,1
1035=,Riyan,1
1035=,Rizwaan,1
1035=,Rizwan,1
1035=,Roban,1
1035=,Robby,1
1035=,Robert-John,1
1035=,Roberto,1
1035=,Rod,1
1035=,Rodrigo,1
1035=,Rognvald,1
1035=,Romano,1
1035=,Romell,1
1035=,Romeo,1
1035=,Romi,1
1035=,Romy,1
1035=,Ronaldo,1
1035=,Roni,1
1035=,Roomi,1
1035=,Rorie,1
1035=,Roscoe,1
1035=,Rossi,1
1035=,Rowdy,1
1035=,Ruairdh,1
1035=,Rudra,1
1035=,Ruiqi,1
1035=,Rury,1
1035=,Rushi,1
1035=,Ryad,1
1035=,Ryan-James,1
1035=,Ryan-Lee,1
1035=,Rydan,1
1035=,Ryden,1
1035=,Ryleigh,1
1035=,Ryly,1
1035=,Sabatino,1
1035=,Sadigh,1
1035=,Sadiq,1
1035=,Saeed,1
1035=,Safyaan,1
1035=,Safyan,1
1035=,Sahl,1
1035=,Saif-Ullah,1
1035=,Saiffan,1
1035=,Saifullah,1
1035=,Saim,1
1035=,Sajawal,1
1035=,Sajid,1
1035=,Salah,1
1035=,Salahuddin,1
1035=,Sallahudeen,1
1035=,Sallu,1
1035=,Samad,1
1035=,Samaradiwakara,1
1035=,Samarth,1
1035=,Sambhav,1
1035=,Sameed,1
1035=,Samiul,1
1035=,Samson,1
1035=,Samuel-Jay,1
1035=,Samuele,1
1035=,Sanele,1
1035=,Saqib,1
1035=,Saqr,1
1035=,Sardar,1
1035=,Satjote,1
1035=,Satvick,1
1035=,Satvir,1
1035=,Saud,1
1035=,Savio,1
1035=,Sawyer,1
1035=,Saxon,1
1035=,Scanlan,1
1035=,Scott-Alexander,1
1035=,Seagh,1
1035=,Seamas,1
1035=,Seb,1
1035=,Sebastiano,1
1035=,Seff,1
1035=,Sepehr,1
1035=,Serkin,1
1035=,Severin,1
1035=,Seyhan,1
1035=,Shaan,1
1035=,Shah,1
1035=,Shahnawaz,1
1035=,Shahob,1
1035=,Shahriyar,1
1035=,Shahtaj,1
1035=,Shahul,1
1035=,Shahzaib,1
1035=,Shai,1
1035=,Shain,1
1035=,Shaine,1
1035=,Shamiso,1
1035=,Shammi,1
1035=,Shan,1
1035=,Shane-Lewis,1
1035=,Shaquille,1
1035=,Sharooz,1
1035=,Shayn,1
1035=,Sheehan,1
1035=,Shefin,1
1035=,Shehryaar,1
1035=,Shehryar,1
1035=,Sherif,1
1035=,Shervin,1
1035=,Sheumais,1
1035=,Shiekh,1
1035=,Shirsha,1
1035=,Shiv,1
1035=,Shivraj,1
1035=,Shoaib,1
1035=,Sholto,1
1035=,Shreevishnu,1
1035=,Shuayb,1
1035=,Shvan,1
1035=,Siddique,1
1035=,Simarbir,1
1035=,Simbarashe,1
1035=,Simeon,1
1035=,Simone,1
1035=,Sion,1
1035=,Sior,1
1035=,Sirhan,1
1035=,Soche-Lee,1
1035=,Sofiane,1
1035=,Sohail,1
1035=,Sohaill,1
1035=,Soham,1
1035=,Solas,1
1035=,Soma,1
1035=,Somerled,1
1035=,Somhairle,1
1035=,Soner,1
1035=,Sonido,1
1035=,Sonni,1
1035=,Sonnie,1
1035=,Soren,1
1035=,Spence,1
1035=,Sphamandla,1
1035=,Spike,1
1035=,Srikar,1
1035=,Steffan,1
1035=,Steffen,1
1035=,Stephen-Taylor,1
1035=,Sterling,1
1035=,Steven-Joe,1
1035=,Stevie,1
1035=,Subhan,1
1035=,Sufyaan,1
1035=,Sujeeva,1
1035=,Sukhdeep,1
1035=,Sulayman,1
1035=,Suliman,1
1035=,Sundeep,1
1035=,Sunni,1
1035=,Suyen,1
1035=,T'jay,1
1035=,Tadahito,1
1035=,Taeke,1
1035=,Tage,1
1035=,Tahab,1
1035=,Tai,1
1035=,Taigan,1
1035=,Taighan,1
1035=,Tain,1
1035=,Talha,1
1035=,Talhah,1
1035=,Tallis,1
1035=,Talon,1
1035=,Talyn,1
1035=,Tamem,1
1035=,Taona,1
1035=,Tarik,1
1035=,Tariq,1
1035=,Tarquinius,1
1035=,Tassius,1
1035=,Tavi,1
1035=,Taye-Rhys,1
1035=,Tayhler,1
1035=,Taymoor,1
1035=,Tayton,1
1035=,Tayyab,1
1035=,Te-Jay,1
1035=,Teagan,1
1035=,Teige,1
1035=,Teodor,1
1035=,Terrence,1
1035=,Tertius,1
1035=,Teun,1
1035=,Theophilous,1
1035=,Thierry,1
1035=,Thierry-Cruz,1
1035=,Thom,1
1035=,Thomas-Jay,1
1035=,Thomas-John,1
1035=,Thompson,1
1035=,Thylar,1
1035=,Tiernan,1
1035=,Tiger,1
1035=,Tighe,1
1035=,Tim,1
1035=,Timo,1
1035=,Tin,1
1035=,Tiyanjane,1
1035=,Tizah,1
1035=,Tjay,1
1035=,Tobey,1
1035=,Tobiah,1
1035=,Tobiasz,1
1035=,Tod,1
1035=,Tolga,1
1035=,Tomasz,1
1035=,Tommi,1
1035=,Tor,1
1035=,Torrin,1
1035=,Trequon,1
1035=,Trevor,1
1035=,Tristen,1
1035=,Tristin,1
1035=,Trygve,1
1035=,Tshephang,1
1035=,Tyler-Jack,1
1035=,Tyler-James,1
1035=,Tylir,1
1035=,Tymoteusz,1
1035=,Tynan,1
1035=,Tyrece,1
1035=,Tyreese,1
1035=,Tyries,1
1035=,Uist,1
1035=,Umut,1
1035=,Usmaan,1
1035=,Uwais,1
1035=,Valentine,1
1035=,Valentino,1
1035=,Varian,1
1035=,Vaschni,1
1035=,Vatiliai,1
1035=,Vaughn,1
1035=,Venkata,1
1035=,Vianney,1
1035=,Vignesh,1
1035=,Viktor,1
1035=,Villy,1
1035=,Vinjero,1
1035=,Vinny,1
1035=,Vishnu,1
1035=,Vittore,1
1035=,Vittorio,1
1035=,Vrishin,1
1035=,Wadik,1
1035=,Walid,1
1035=,Walker,1
1035=,Wan,1
1035=,Waqar,1
1035=,Wassim,1
1035=,Weraka,1
1035=,Wiktor,1
1035=,Wil,1
1035=,Wilbur,1
1035=,Wilfred,1
1035=,Willem,1
1035=,Williamdavid,1
1035=,Wojciech,1
1035=,Xan,1
1035=,Xi,1
1035=,Xololunathi,1
1035=,Yacob,1
1035=,Yacoub,1
1035=,Yad,1
1035=,Yahia,1
1035=,Yann,1
1035=,Yarin,1
1035=,Yasin,1
1035=,Yasser,1
1035=,Yat,1
1035=,Yaw,1
1035=,Yaxye,1
1035=,Yazeed,1
1035=,Ye,1
1035=,Yimu,1
1035=,Yoan,1
1035=,Yorick,1
1035=,Yousef,1
1035=,Yuk,1
1035=,Yuri,1
1035=,Yusaf,1
1035=,Yusif,1
1035=,Yuvraj,1
1035=,Yuzaan,1
1035=,Zabiula,1
1035=,Zacariya,1
1035=,Zacc,1
1035=,Zacharia,1
1035=,Zachariya,1
1035=,Zacheus,1
1035=,Zahid,1
1035=,Zaine,1
1035=,Zakariah,1
1035=,Zakeeb,1
1035=,Zangi,1
1035=,Zavier,1
1035=,Zayan,1
1035=,Zayd,1
1035=,Zedan,1
1035=,Zeen,1
1035=,Zehn,1
1035=,Zeshan,1
1035=,Zhaohua,1
1035=,Zhi,1
1035=,Zhon,1
1035=,Zico,1
1035=,Zidane,1
1035=,Zihan,1
1035=,Zihyad,1
1035=,Zinedine,1
1035=,Zonse,1
1035=,Zsombor,1
1035=,Zu-An,1
1035=,Zuanchao,1
1035=,Zubair,1
1035=,Zunair,1
1035=,Zzach,1
,,
,,
,,
,,
,,
,,
,,
,,
,,
,,
,,
,,
,,
,,
,,
,,
,,
,,
,,
,,
,,
,,
,,
,,
,,
,,
,,
,,
,,
,,
,,
,,
,,
,,
,,
,,
,,
,,
,,
,,
,,
,,
,,
,,
,,
,,
,,
,,
,,
,,
,,
,,
,,
,,
,,
,,
,,
,,
,,
,,
,,
,,
,,
,,
,,
,,
,,
,,
,,
,,
,,
,,
,,
,,
,,
,,
,,
,,
,,
,,
,,
,,
,,
,,
,,
,,
,,
,,
,,
,,
,,
,,
,,
,,
,,
,,
,,
,,
,,
,,
,,
,,
,,
,,
,,
,,
,,
,,
,,
,,
,,
,,
,,
,,
,,
,,
,,
,,
,,
,,
,,
,,
,,
,,
,,
,,
,,
,,
,,
,,
,,
,,
,,
,,
,,
,,
,,
,,
,,
,,
,,
,,
,,
,,
,,
,,
,,
,,
,,
,,
,,
,,
,,
,,
,,
,,
,,
,,
,,
,,
,,
,,
,,
,,
,,
,,
,,
,,
,,
,,
,,
,,
,,
,,
,,
,,
,,
,,
,,
,,
,,
,,
,,
,,
,,
,,
,,
,,
,,
,,
,,
,,
,,
,,
,,
,,
,,
,,
,,
,,
,,
,,
,,
,,
,,
,,
,,
,,
,,
,,
,,
,,
,,
,,
,,
,,
,,
,,
,,
,,
,,
,,
,,
,,
,,
,,
,,
,,
,,
,,
,,
,,
,,
,,
,,
,,
,,
,,
,,
,,
,,
,,
,,
,,
,,
,,
,,
,,
,,
,,
,,
,,
,,
,,
,,
,,
,,
,,
,,
,,
,,
,,
,,
,,
,,
,,
,,
,,
,,
,,
,,
,,
,,
,,
,,
,,
,,
,,
,,
,,
,,
,,
,,
,,
,,
,,
,,
,,
,,
,,
,,
,,
,,
,,
,,
,,
,,
,,
,,
,,
,,
,,
,,
,,
,,
,,
,,
,,
,,
,,
,,
,,
,,
,,
,,
,,
,,
,,
,,
,,
,,
,,
,,
,,
,,
,,
,,
,,
,,
,,
,,
,,
,,
,,
,,
,,
,,
,,
,,
,,
,,
,,
,,
,,
,,
,,
,,
,,
,,
,,
,,
,,
,,
,,
,,
,,
,,
,,
,,
,,
,,
,,
,,
,,
,,
,,
,,
,,
,,
,,
,,
,,
,,
,,
,,
,,
,,
,,
,,
,,
,,
,,
,,
,,
,,
,,
,,
,,
,,
,,
,,
,,
,,
,,
,,
,,
,,
,,
,,
,,
,,
,,
,,
,,
,,
,,
,,
,,
,,
,,
,,
,,
,,
,,
,,
,,
,,
,,
,,
,,
,,
,,
,,
,,
,,
,,
,,
,,
,,
,,
,,
,,
,,
,,
,,
,,
,,
,,
,,
,,
,,
,,
,,
,,
,,
,,
,,
,,
,,
,,
,,
,,
,,
,,
,,
,,
,,
,,
,,
,,
,,
,,
,,
,,
,,
,,
,,
,,
,,
,,
,,
,,
,,
,,
,,
,,
,,
,,
,,
,,
,,
,,
,,
,,
,,
,,
,,
,,
,,
,,
,,
,,
,,
,,
,,
,,
,,
,,
,,
,,
,,
,,
,,
,,
,,
,,
,,
,,
,,
,,
,,
,,
,,
,,
,,
,,
,,
,,
,,
,,
,,
,,
,,
,,
,,
,,
,,
,,
,,
,,
,,
,,
,,
,,
,,
,,
,,
,,
,,
,,
,,
,,
,,
,,
,,
,,
,,
,,
,,
,,
,,
,,
,,
,,
,,
,,
,,
,,
,,
,,
,,
,,
,,
,,
,,
,,
,,
,,
,,
,,
,,
,,
,,
,,
,,
,,
,,
,,
,,
,,
,,
,,
,,
,,
,,
,,
,,
,,
,,
,,
,,
,,
,,
,,
,,
,,
,,
,,
,,
,,
,,
,,
,,
,,
,,
,,
,,
,,
,,
,,
,,
,,
,,
,,
,,
,,
,,
,,
,,
,,
,,
,,
,,
,,
,,
,,
,,
,,
,,
,,
,,
,,
,,
,,
,,
,,
,,
,,
,,
,,
,,
,,
,,
,,
,,
,,
,,
,,
,,
,,
,,
,,
,,
,,
,,
,,
,,
,,
,,
,,
,,
,,
,,
,,
,,
,,
,,
,,
,,
,,
,,
,,
,,
,,
,,
,,
,,
,,
,,
,,
,,
,,
,,
,,
,,
,,
,,
,,
,,
,,
,,
,,
,,
,,
,,
,,
,,
,,
,,
,,
,,
,,
,,
,,
,,
,,
,,
,,
,,
,,
,,
,,
,,
,,
,,
,,
,,
,,
,,
,,
,,
,,
,,
,,
,,
,,
,,
,,
,,
,,
,,
,,
,,
,,
,,
,,
,,
,,
,,
,,
,,
,,
,,
,,
,,
,,
,,
,,
,,
,,
,,
,,
,,
,,
,,
,,
,,
,,
,,
,,
,,
,,
,,
,,
,,
,,
,,
,,
,,
,,
,,
,,
,,
,,
,,
,,
,,
,,
,,
,,
,,
,,
,,
,,
,,
,,
,,
,,
,,
,,
,,
,,
,,
,,
,,
,,
,,
,,
,,
,,
,,
,,
,,
,,
,,
,,
,,
,,
,,
,,
,,
,,
,,
,,
,,
,,
,,
,,
,,
,,
,,
,,
,,
,,
,,
,,
,,
,,
,,
,,
,,
,,
,,
,,
,,
,,
,,
,,
,,
,,
,,
,,
,,
,,
,,
,,
,,
,,
,,
,,
,,
,,
,,
,,
,,
,,
,,
,,
,,
,,
,,
,,
,,
,,
,,
,,
,,
,,
,,
,,
,,
,,
,,
,,
,,
,,
,,
,,
,,
,,
,,
,,
,,
,,
,,
,,
,,
,,
,,
,,
,,
,,
,,
,,
,,
,,
,,
,,
,,
,,
,,
,,
,,
,,
,,
,,
,,
,,
,,
,,
,,
,,
,,
,,
,,
,,
,,
,,
,,
,,
,,
,,
,,
,,
,,
,,
,,
,,
,,
,,
,,
,,
,,
,,
,,
,,
,,
,,
,,
,,
,,
� Crown Copyright 2015,,
