Position,Name,Number of babies
1,Lewis,735
2,Jack,726
3,Ryan,517
4,James,489
5,Callum,441
6,Cameron,428
7,Daniel,424
8,Liam,406
9,Matthew,386
10,Jamie,385
11,Logan,374
12,Finlay,370
13,Kyle,369
14,Adam,355
15,Alexander,322
16,Andrew,311
17,Aiden,309
18,Ben,308
19,Connor,307
20,Dylan,305
21,Aaron,300
22,Thomas,290
23,Joshua,260
24,David,251
25,Luke,243
26,Nathan,232
27,Ross,231
28,Charlie,219
29,Aidan,214
30,Ethan,212
31,John,210
32,Michael,205
33,Samuel,202
34,Calum,199
35=,Kieran,197
35=,Scott,197
37,Fraser,196
38=,Josh,191
38=,William,191
40,Oliver,185
41,Rhys,183
42,Harry,178
43,Sean,177
44=,Owen,175
44=,Sam,175
46=,Christopher,173
46=,Robert,173
48,Euan,169
49=,Jake,164
49=,Jay,164
49=,Kai,164
52,Jayden,157
53=,Lucas,155
53=,Rory,155
53=,Tyler,155
56=,Joseph,148
56=,Reece,148
58,Max,144
59,Robbie,143
60,Benjamin,135
61,Ewan,133
62=,Alfie,115
62=,Archie,115
64,Evan,113
65,Taylor,112
66,Leo,111
67,Blair,109
68,Leon,104
69,Arran,102
70=,Angus,101
70=,Brandon,101
70=,Craig,101
73,Murray,97
74,Cole,96
75,Jacob,95
76,Zak,94
77,Declan,93
78=,Lee,92
78=,Lennon,92
80=,Harris,91
80=,Mark,91
82,Finn,90
83,George,89
84,Hayden,84
85,Kenzie,82
86,Alex,81
87,Shaun,80
88,Louis,79
89,Gregor,77
90,Caleb,76
91=,Luca,74
91=,Mason,74
93=,Kian,73
93=,Mohammed,73
95,Paul,71
96,Noah,70
97,Harrison,69
98,Riley,67
99,Stuart,66
100,Mackenzie,65
101,Corey,64
102=,Brodie,63
102=,Marcus,63
104=,Joe,62
104=,Jonathan,62
104=,Stephen,62
107,Bailey,61
108,Hamish,60
109,Muhammad,59
110,Alistair,58
111=,Calvin,56
111=,Charles,56
111=,Dean,56
114=,Ciaran,55
114=,Jason,55
116=,Elliot,54
116=,Oscar,54
118=,Findlay,53
118=,Harvey,53
118=,Peter,53
121=,Isaac,52
121=,Steven,52
123=,Ashton,50
123=,Duncan,50
123=,Patrick,50
126=,Cody,49
126=,Fergus,49
128=,Darren,48
128=,Kayden,48
130=,Alasdair,47
130=,Conor,47
132,Sonny,46
133=,Kaiden,45
133=,Kerr,45
135,Blake,44
136=,Anthony,43
136=,Bradley,43
138=,Jordan,42
138=,Lachlan,42
140=,Gabriel,41
140=,Kevin,41
140=,Zach,41
143=,Dominic,40
143=,Gary,40
143=,Jude,40
143=,Mitchell,40
147=,Nicholas,39
147=,Tom,39
149=,Alan,38
149=,Keiran,38
149=,Kyran,38
152=,Billy,37
152=,Ellis,37
152=,Mohammad,37
152=,Struan,37
156,Edward,36
157,Joel,35
158=,Campbell,34
158=,Iain,34
158=,Keir,34
158=,Reuben,34
158=,Ruaridh,34
158=,Zack,34
164=,Danny,33
164=,Innes,33
164=,Toby,33
167=,Ronan,32
167=,Shay,32
167=,Zac,32
170=,Cayden,31
170=,Jakub,31
170=,Martin,31
173,Marc,30
174=,Caiden,29
174=,Flynn,29
174=,Jackson,29
174=,Theo,29
178=,Cian,28
178=,Harley,28
178=,Ian,28
178=,Mikey,28
182=,Bruce,27
182=,Gavin,27
182=,Zander,27
185=,Mckenzie,26
185=,Morgan,26
185=,Ruairidh,26
188=,Cooper,25
188=,Douglas,25
188=,Grant,25
188=,Rocco,25
192=,Alastair,24
192=,Brian,24
192=,Henry,24
195=,Allan,23
195=,Barry,23
195=,Rohan,23
198=,Ali,22
198=,Callan,22
198=,Colin,22
198=,Nathaniel,22
198=,Neil,22
198=,Rowan,22
198=,Tony,22
205=,Justin,21
205=,Kacper,21
205=,Levi,21
205=,Rio,21
209=,Greg,20
209=,Maxwell,20
209=,Shane,20
212=,Magnus,19
212=,Stewart,19
212=,Warren,19
215=,Ayden,18
215=,Bobby,18
215=,Brendan,18
215=,Conner,18
215=,Donald,18
215=,Drew,18
215=,Felix,18
215=,Freddie,18
215=,Kris,18
215=,Layton,18
215=,Lennox,18
215=,Mathew,18
215=,Niall,18
215=,Richard,18
215=,Ruari,18
215=,Tristan,18
215=,Zachary,18
232=,Arron,17
232=,Boyd,17
232=,Dillon,17
232=,Frazer,17
232=,Junior,17
232=,Myles,17
232=,Saul,17
232=,Sebastian,17
232=,Travis,17
241=,Carson,16
241=,Dale,16
241=,Finley,16
241=,Greig,16
241=,Leland,16
241=,Louie,16
241=,Ruben,16
248=,Adrian,15
248=,Aedan,15
248=,Caden,15
248=,Caelan,15
248=,Glen,15
248=,Graham,15
248=,Lochlan,15
248=,Lyle,15
248=,Milo,15
248=,Robin,15
258=,Abdul,14
258=,Brooklyn,14
258=,Devon,14
258=,Hugo,14
258=,Kane,14
258=,Kelvin,14
258=,Rian,14
258=,Troy,14
266=,Arthur,13
266=,Calan,13
266=,Damien,13
266=,Daryl,13
266=,Deacon,13
266=,Elliott,13
266=,Jaden,13
266=,Leighton,13
266=,Lukas,13
266=,Marco,13
266=,Ollie,13
277=,Alec,12
277=,Aleksander,12
277=,Carter,12
277=,Coll,12
277=,Dominik,12
277=,Jak,12
277=,Kaden,12
277=,Lyall,12
277=,Miller,12
277=,Nairn,12
277=,Ramsay,12
277=,Ruairi,12
277=,Vincent,12
290=,Abdullah,11
290=,Brandyn,11
290=,Cain,11
290=,Christian,11
290=,Hector,11
290=,Ibrahim,11
290=,Jed,11
290=,Kenneth,11
290=,Lloyd,11
290=,Muhammed,11
290=,Russell,11
290=,Ryley,11
290=,Shayne,11
290=,Syed,11
290=,Theodore,11
290=,Tommy,11
306=,Ahmed,10
306=,Brayden,10
306=,Brody,10
306=,Bryan,10
306=,Cailean,10
306=,Derek,10
306=,Francis,10
306=,Frederick,10
306=,Glenn,10
306=,Haydn,10
306=,Kade,10
306=,Marley,10
306=,Nico,10
306=,Oskar,10
306=,Patryk,10
306=,Reiss,10
306=,Roman,10
306=,Ruaraidh,10
306=,Sandy,10
306=,Shea,10
306=,Szymon,10
306=,Torin,10
306=,Zain,10
306=,Zane,10
330=,Austin,9
330=,Ayaan,9
330=,Bryce,9
330=,Casey,9
330=,Conal,9
330=,Cory,9
330=,Damian,9
330=,Dawid,9
330=,Frankie,9
330=,Garry,9
330=,Gordon,9
330=,Guy,9
330=,Jaiden,9
330=,Jan,9
330=,Jayson,9
330=,Jon,9
330=,Kalvin,9
330=,Keegan,9
330=,Keigan,9
330=,Kody,9
330=,Kye,9
330=,Mohamed,9
330=,Philip,9
330=,Spencer,9
354=,Alfred,8
354=,Archibald,8
354=,Baillie,8
354=,Bartosz,8
354=,Benedict,8
354=,Carrick,8
354=,Casper,8
354=,Cormac,8
354=,Denis,8
354=,Elijah,8
354=,Eoin,8
354=,Graeme,8
354=,Jasper,8
354=,John-Paul,8
354=,Lawson,8
354=,Luis,8
354=,Malcolm,8
354=,Maximilian,8
354=,Murdo,8
354=,Tomas,8
354=,Victor,8
354=,Wiktor,8
354=,Xander,8
354=,Yusuf,8
378=,Ally,7
378=,Anton,7
378=,Aron,7
378=,Branden,7
378=,Clark,7
378=,Damon,7
378=,Darragh,7
378=,Eric,7
378=,Frank,7
378=,Kaleb,7
378=,Kristopher,7
378=,Laurence,7
378=,Lochlann,7
378=,Luka,7
378=,Malachi,7
378=,Mateusz,7
378=,Matt,7
378=,Millar,7
378=,Oisin,7
378=,Oran,7
378=,Preston,7
378=,Quinn,7
378=,Raymond,7
378=,Ronin,7
378=,Rudy,7
378=,Seth,7
378=,Sol,7
405=,Aarron,6
405=,Ahmad,6
405=,Aryan,6
405=,Ashley,6
405=,Brandon-Lee,6
405=,Brett,6
405=,Che,6
405=,Derry,6
405=,Dougal,6
405=,Ewen,6
405=,Fionn,6
405=,Haroon,6
405=,Hubert,6
405=,Hugh,6
405=,Irvine,6
405=,Jai,6
405=,Jared,6
405=,Jenson,6
405=,Joey,6
405=,Jonathon,6
405=,Kadyn,6
405=,Keelan,6
405=,Lincoln,6
405=,Luc,6
405=,Maciej,6
405=,Martyn,6
405=,Matteo,6
405=,Maximus,6
405=,Miles,6
405=,Moray,6
405=,Nicolas,6
405=,Olivier,6
405=,Omar,6
405=,Piotr,6
405=,Reagan,6
405=,Rehan,6
405=,Ritchie,6
405=,Roan,6
405=,Rudi,6
405=,Sami,6
405=,Shae,6
405=,Shawn,6
405=,Ty,6
448=,Aadam,5
448=,Ajay,5
448=,Antony,5
448=,Blaine,5
448=,Braiden,5
448=,Cruz,5
448=,Curtis,5
448=,Dan,5
448=,Dawson,5
448=,Derren,5
448=,Eamon,5
448=,Filip,5
448=,Finnlay,5
448=,Gerard,5
448=,Haris,5
448=,Hassan,5
448=,Igor,5
448=,Ivan,5
448=,Jonah,5
448=,Joss,5
448=,Julian,5
448=,Kamil,5
448=,Keenan,5
448=,Kieren,5
448=,Kieron,5
448=,Kirk,5
448=,Leyton,5
448=,Lucca,5
448=,Macaulay,5
448=,Makenzie,5
448=,Maksymilian,5
448=,Marcel,5
448=,Micah,5
448=,Michal,5
448=,Mikolaj,5
448=,Milosz,5
448=,Mustafa,5
448=,Nikita,5
448=,Raja,5
448=,Ray,5
448=,Rayan,5
448=,Rayyan,5
448=,Regan,5
448=,Reilly,5
448=,Ricky,5
448=,Saif,5
448=,Seamus,5
448=,Solomon,5
448=,Sorley,5
448=,T-Jay,5
448=,Tobias,5
448=,Uzair,5
448=,Wesley,5
501=,Aaryn,4
501=,Aayan,4
501=,Abraham,4
501=,Adil,4
501=,Albert,4
501=,Amir,4
501=,Antoni,4
501=,Antonio,4
501=,Argyle,4
501=,Aydin,4
501=,Bilal,4
501=,Brad,4
501=,Brady,4
501=,Brandan,4
501=,Brogan,4
501=,Bruno,4
501=,Cal,4
501=,Christy,4
501=,Cillian,4
501=,Coben,4
501=,Coby,4
501=,Cohen,4
501=,Conall,4
501=,Conlan,4
501=,Connell,4
501=,Crawford,4
501=,Danyal,4
501=,Darrell,4
501=,Daud,4
501=,Deryn,4
501=,Devin,4
501=,Dillan,4
501=,Donnie,4
501=,Eli,4
501=,Elias,4
501=,Forbes,4
501=,Franciszek,4
501=,Geordie,4
501=,Hussain,4
501=,Isa,4
501=,Jace,4
501=,Jae,4
501=,Jaxon,4
501=,Jia,4
501=,Johannes,4
501=,Johnathan,4
501=,Johnnie,4
501=,Johnny,4
501=,Kain,4
501=,Karol,4
501=,Keiron,4
501=,Kobe,4
501=,Kobi,4
501=,Kole,4
501=,Kristofer,4
501=,Kuba,4
501=,Kurt,4
501=,Kurtis,4
501=,Lauchlan,4
501=,Laurie,4
501=,Lawrence,4
501=,Leonard,4
501=,Malachy,4
501=,Malik,4
501=,Marshall,4
501=,Mitchel,4
501=,Monty,4
501=,Mungo,4
501=,Neo,4
501=,Nicol,4
501=,Niven,4
501=,Parker,4
501=,Phoenix,4
501=,Reese,4
501=,Roddy,4
501=,Rylie,4
501=,Saad,4
501=,Sameer,4
501=,Scot,4
501=,Sean-Paul,4
501=,Seonaidh,4
501=,Simon,4
501=,Teejay,4
501=,Thom,4
501=,Timothy,4
501=,Tj,4
501=,Todd,4
501=,Wallace,4
501=,Wayne,4
501=,Will,4
501=,Wilson,4
501=,Xavier,4
501=,Zayd,4
501=,Zi,4
595=,A-Jay,3
595=,Abel,3
595=,Abhinav,3
595=,Adnan,3
595=,Alisdair,3
595=,Ameer,3
595=,Andy,3
595=,Anees,3
595=,Antoine,3
595=,Aodhan,3
595=,Argyll,3
595=,Arlo,3
595=,Arun,3
595=,Austen,3
595=,Azaan,3
595=,Benn,3
595=,Bennett,3
595=,Bernard,3
595=,Braden,3
595=,Braeden,3
595=,Cai,3
595=,Caidan,3
595=,Caley,3
595=,Carl,3
595=,Cathal,3
595=,Chase,3
595=,Chris,3
595=,Clarke,3
595=,Colby,3
595=,Conan,3
595=,Conrad,3
595=,Corin,3
595=,Dalton,3
595=,Danish,3
595=,Dara,3
595=,Darryl,3
595=,Dawud,3
595=,Del,3
595=,Dennis,3
595=,Devlin,3
595=,Dilan,3
595=,Eddie,3
595=,Emil,3
595=,Emmanuel,3
595=,Enrico,3
595=,Eoghan,3
595=,Erik,3
595=,Fabian,3
595=,Fergal,3
595=,Fintan,3
595=,Fynlay,3
595=,Fynn,3
595=,Gareth,3
595=,Grzegorz,3
595=,Gus,3
595=,Hadyn,3
595=,Irvin,3
595=,Jac,3
595=,Jakob,3
595=,Jarred,3
595=,Jaskaran,3
595=,Jaydn,3
595=,Jaydon,3
595=,Jesse,3
595=,Jonny,3
595=,Josef,3
595=,Juan,3
595=,Kaine,3
595=,Kalin,3
595=,Kameron,3
595=,Karam,3
595=,Kareem,3
595=,Karl,3
595=,Kaydan,3
595=,Kayne,3
595=,Keith,3
595=,Khai,3
595=,Kier,3
595=,Kiran,3
595=,Koby,3
595=,Kodi,3
595=,Konnor,3
595=,Konrad,3
595=,Korey,3
595=,Kori,3
595=,Krish,3
595=,Kriss,3
595=,Kristian,3
595=,Krzysztof,3
595=,Lachlann,3
595=,Lauchlin,3
595=,Laughlan,3
595=,Leonardo,3
595=,Lleyton,3
595=,Loui,3
595=,Luqman,3
595=,Mac,3
595=,Marcos,3
595=,Mario,3
595=,Markus,3
595=,Matthias,3
595=,Micheal,3
595=,Munro,3
595=,Nicky,3
595=,Nikodem,3
595=,Odhran,3
595=,Olaf,3
595=,Oliwier,3
595=,Orrin,3
595=,Presley,3
595=,Quinlan,3
595=,Raegan,3
595=,Raul,3
595=,Rayaan,3
595=,Rayhan,3
595=,Rhyse,3
595=,Roderick,3
595=,Rohit,3
595=,Ronald,3
595=,Roy,3
595=,Ruan,3
595=,Rui,3
595=,Rylan,3
595=,Santiago,3
595=,Sebastien,3
595=,Shaye,3
595=,Stanley,3
595=,Steve,3
595=,Suraj,3
595=,Tait,3
595=,Tate,3
595=,Terry,3
595=,Thomas-Jay,3
595=,Thorfinn,3
595=,Tiago,3
595=,Tiernan,3
595=,Tomasz,3
595=,Tye,3
595=,Tylar,3
595=,Tyler-James,3
595=,Umar,3
595=,Walter,3
595=,Wyatt,3
595=,Yaseen,3
595=,Zachariah,3
595=,Zackary,3
595=,Zaid,3
595=,Zakaria,3
595=,Zion,3
744=,Abdur-Rahman,2
744=,Abubakar,2
744=,Adain,2
744=,Aedyn,2
744=,Aidian,2
744=,Albie,2
744=,Aled,2
744=,Alessandro,2
744=,Allister,2
744=,Alvin,2
744=,Aman,2
744=,Ami,2
744=,Amos,2
744=,Andrei,2
744=,Arafat,2
744=,Aran,2
744=,Areeb,2
744=,Ari,2
744=,Armaan,2
744=,Arman,2
744=,Arnav,2
744=,Artur,2
744=,Asa,2
744=,Asim,2
744=,Aulay,2
744=,Aun,2
744=,Awais,2
744=,Ayan,2
744=,Aydan,2
744=,Ayomide,2
744=,Ayren,2
744=,Aziz,2
744=,Bailie,2
744=,Barrie,2
744=,Benji,2
744=,Bentley,2
744=,Bertie,2
744=,Bjorn,2
744=,Blaike,2
744=,Bo,2
744=,Bowen,2
744=,Brooke,2
744=,Bryden,2
744=,Bryn,2
744=,Brynmor,2
744=,C-Jay,2
744=,Cade,2
744=,Cadyn,2
744=,Cael,2
744=,Caelen,2
744=,Cahl,2
744=,Cailin,2
744=,Caine,2
744=,Calib,2
744=,Camron,2
744=,Caolan,2
744=,Carlo,2
744=,Carlos,2
744=,Cavan,2
744=,Cephas,2
744=,Charley,2
744=,Chidera,2
744=,Christie,2
744=,Cinar,2
744=,Cj,2
744=,Clayton,2
744=,Cobain,2
744=,Codey,2
744=,Codie,2
744=,Cohan,2
744=,Colm,2
744=,Conlon,2
744=,Connal,2
744=,Connar,2
744=,Cori,2
744=,Cosmo,2
744=,Craig-James,2
744=,Cullen,2
744=,Cyrus,2
744=,Daithi,2
744=,Dane,2
744=,Danial,2
744=,Daniyal,2
744=,Dante,2
744=,Darach,2
744=,Daragh,2
744=,Darrel,2
744=,Darroch,2
744=,Daryn,2
744=,David-Lee,2
744=,Davis,2
744=,Deano,2
744=,Declyn,2
744=,Denny,2
744=,Denzel,2
744=,Derin,2
744=,Derron,2
744=,Derryn,2
744=,Devlyn,2
744=,Devyn,2
744=,Diarmuid,2
744=,Diesel,2
744=,Digby,2
744=,Dilraj,2
744=,Domenico,2
744=,Dorian,2
744=,Dylan-James,2
744=,Dylan-John,2
744=,Dylin,2
744=,Dyllon,2
744=,Eamonn,2
744=,Easton,2
744=,Eesa,2
744=,Eliot,2
744=,Emir,2
744=,Essa,2
744=,Eugene,2
744=,Ezra,2
744=,Fares,2
744=,Farhan,2
744=,Faysal,2
744=,Finnan,2
744=,Finnley,2
744=,Fletcher,2
744=,Francesco,2
744=,Francisco,2
744=,Franklin,2
744=,Fred,2
744=,Fyn,2
744=,Gallagher,2
744=,Giacomo,2
744=,Gianmarco,2
744=,Gideon,2
744=,Gil,2
744=,Griffin,2
744=,Haiden,2
744=,Haider,2
744=,Hamid,2
744=,Hao,2
744=,Harri,2
744=,Harvie,2
744=,Hasan,2
744=,Haseeb,2
744=,Haydon,2
744=,Humza,2
744=,Hunter,2
744=,Ibraheem,2
744=,Idrees,2
744=,Idris,2
744=,Iestyn,2
744=,Isaiah,2
744=,J,2
744=,Jacques,2
744=,Jago,2
744=,Jaime,2
744=,Jamal,2
744=,Jaydan,2
744=,Jeevan,2
744=,Jeremy,2
744=,Jerome,2
744=,Jian,2
744=,Jimmy,2
744=,Josiah,2
744=,Jules,2
744=,Jun,2
744=,Kaan,2
744=,Kabir,2
744=,Kael,2
744=,Kaelan,2
744=,Kaelin,2
744=,Kaidan,2
744=,Kaidyn,2
744=,Kairn,2
744=,Kal-El,2
744=,Kallin,2
744=,Kamran,2
744=,Karson,2
744=,Kasey,2
744=,Kash,2
744=,Kasim,2
744=,Kasper,2
744=,Kealan,2
744=,Keane,2
744=,Keaton,2
744=,Kelan,2
744=,Ken,2
744=,Kenyon,2
744=,Kevan,2
744=,Khalan,2
744=,Kiaran,2
744=,Kiefer,2
744=,Koray,2
744=,Kory,2
744=,Krishan,2
744=,Kristoffer,2
744=,Kruz,2
744=,Kyan,2
744=,Kylian,2
744=,Kyron,2
744=,Lakshya,2
744=,Lawrie,2
744=,Lenin,2
744=,Leroy,2
744=,Leyland,2
744=,Lorcan,2
744=,Lorenz,2
744=,Lorenzo,2
744=,Loukas,2
744=,Lukasz,2
744=,Macauley,2
744=,Macsen,2
744=,Maddison,2
744=,Maddox,2
744=,Mahmoud,2
744=,Malikye,2
744=,Manas,2
744=,Manus,2
744=,Marios,2
744=,Marwan,2
744=,Maxim,2
744=,Maximillian,2
744=,Mehmet,2
744=,Mika,2
744=,Mikael,2
744=,Mikee,2
744=,Milos,2
744=,Mir,2
744=,Mitch,2
744=,Montgomery,2
744=,Muhsin,2
744=,Natan,2
744=,Nate,2
744=,Nevan,2
744=,Ngonidzashe,2
744=,Nicki,2
744=,Noel,2
744=,Oakley,2
744=,Ole,2
744=,Orin,2
744=,Orson,2
744=,Ossian,2
744=,Pablo,2
744=,Padraig,2
744=,Pawel,2
744=,Pearce,2
744=,Peirce,2
744=,Pranav,2
744=,Prince,2
744=,Qasim,2
744=,Rafael,2
744=,Rafal,2
744=,Rahim,2
744=,Ralph,2
744=,Reegan,2
744=,Reggie,2
744=,Rehaan,2
744=,Reid,2
744=,Reo,2
744=,Rhian,2
744=,Rhudi,2
744=,Richie,2
744=,Rishi,2
744=,Robbi,2
744=,Robby,2
744=,Rogan,2
744=,Rohaan,2
744=,Ronnie,2
744=,Rossi,2
744=,Ruadhan,2
744=,Rufus,2
744=,Rupert,2
744=,Russel,2
744=,Ryan-Lee,2
744=,Ryden,2
744=,Rylee,2
744=,Ryleigh,2
744=,Salman,2
744=,Santino,2
744=,Seamas,2
744=,Seumas,2
744=,Shai,2
744=,Shiloh,2
744=,Sidney,2
744=,Sonni,2
744=,Tadhg,2
744=,Tanner,2
744=,Tanvir,2
744=,Taylan,2
744=,Tayler,2
744=,Taylor-Jay,2
744=,Teagan,2
744=,Tee,2
744=,Tee-Jay,2
744=,Thomson,2
744=,Tian,2
744=,Torquil,2
744=,Torran,2
744=,Trey,2
744=,Turner,2
744=,Tyson,2
744=,Vincenzo,2
744=,Wen,2
744=,Wojciech,2
744=,Yann,2
744=,Yannick,2
744=,Youcef,2
744=,Yu,2
744=,Yuri,2
744=,Zaine,2
744=,Zakariya,2
744=,Zaki,2
744=,Zakir,2
744=,Zakk,2
744=,Zeeshan,2
744=,Zhi,2
1059=,A,1
1059=,Aadit,1
1059=,Aahron,1
1059=,Aaran,1
1059=,Aaren,1
1059=,Aarez,1
1059=,Aarman,1
1059=,Aaron-James,1
1059=,Aaryan,1
1059=,Aazaan,1
1059=,Abaan,1
1059=,Abbas,1
1059=,Abdallah,1
1059=,Abdalroof,1
1059=,Abdihakim,1
1059=,Abdirahman,1
1059=,Abdisalam,1
1059=,Abdul-Aziz,1
1059=,Abdul-Majeed,1
1059=,Abdul-Rehman,1
1059=,Abdulbasir,1
1059=,Abdulkadir,1
1059=,Abdulkarem,1
1059=,Abdulkhader,1
1059=,Abdulmalik,1
1059=,Abdur,1
1059=,Abdur-Rehmaan,1
1059=,Abdurraheem,1
1059=,Abhisumant,1
1059=,Abid,1
1059=,Abir,1
1059=,Abu,1
1059=,Ace,1
1059=,Adam-James,1
1059=,Addison,1
1059=,Addisson,1
1059=,Adegbola,1
1059=,Adegbolahan,1
1059=,Aden,1
1059=,Adenn,1
1059=,Adie,1
1059=,Aditya,1
1059=,Adrien,1
1059=,Aedin,1
1059=,Aeron,1
1059=,Afnan,1
1059=,Afonso,1
1059=,Ahmed-Aziz,1
1059=,Ahoua,1
1059=,Ahren,1
1059=,Ahtasham,1
1059=,Aiadan,1
1059=,Aiden-Jack,1
1059=,Aiden-Vee,1
1059=,Aidy,1
1059=,Aidyn,1
1059=,Ailin,1
1059=,Aiman,1
1059=,Ainsley,1
1059=,Ainslie,1
1059=,Airen,1
1059=,Airidas,1
1059=,Airlie,1
1059=,Aj,1
1059=,Ajayraj,1
1059=,Akan,1
1059=,Akram,1
1059=,Al,1
1059=,Al-Hassan,1
1059=,Ala',1
1059=,Alanas,1
1059=,Alber,1
1059=,Aldred,1
1059=,Aleem,1
1059=,Aleksandar,1
1059=,Aleksandr,1
1059=,Aleksandrs,1
1059=,Alekzander,1
1059=,Alessio,1
1059=,Alex-Nikola,1
1059=,Alexei,1
1059=,Alexx,1
1059=,Alexzander,1
1059=,Alf,1
1059=,Alfee,1
1059=,Alfy,1
1059=,Alhaji,1
1059=,Aliekber,1
1059=,Alieu,1
1059=,Alihaider,1
1059=,Alishan,1
1059=,Alistar,1
1059=,Alister,1
1059=,Aliyaan,1
1059=,Allan-Laiton,1
1059=,Allen,1
1059=,Allesandro,1
1059=,Alphonse,1
1059=,Altyiab,1
1059=,Alum,1
1059=,Alvern,1
1059=,Alyas,1
1059=,Amaan,1
1059=,Amani,1
1059=,Amatey,1
1059=,Ambanimoh,1
1059=,Amgad,1
1059=,Amin,1
1059=,Ammaar,1
1059=,Ammar,1
1059=,Ammer,1
1059=,Amolpreet,1
1059=,Amrinder,1
1059=,Amrit,1
1059=,Amro,1
1059=,Anay,1
1059=,Andrea,1
1059=,Andreas,1
1059=,Andrejs,1
1059=,Anesu,1
1059=,Angel,1
1059=,Angelo,1
1059=,Anir,1
1059=,Anis,1
1059=,Anish,1
1059=,Anmolpreet,1
1059=,Annan,1
1059=,Anndra,1
1059=,Anselm,1
1059=,Anthony-John,1
1059=,Antonyo,1
1059=,Anubhav,1
1059=,Aon,1
1059=,Aonghus,1
1059=,Apisai,1
1059=,Araf,1
1059=,Arandeep,1
1059=,Arann,1
1059=,Aray,1
1059=,Arayan,1
1059=,Arda,1
1059=,Ardal,1
1059=,Ardeshir,1
1059=,Areez,1
1059=,Aref,1
1059=,Arfin,1
1059=,Aria,1
1059=,Arian,1
1059=,Arihant,1
1059=,Arin,1
1059=,Aristomenis,1
1059=,Aristotelis,1
1059=,Arjuna,1
1059=,Armen,1
1059=,Arnab,1
1059=,Arnold,1
1059=,Aronas,1
1059=,Arrham,1
1059=,Arryn,1
1059=,Arsalan,1
1059=,Artem,1
1059=,Arturo,1
1059=,Arunas,1
1059=,Arved,1
1059=,Arya,1
1059=,Aryankhan,1
1059=,Aryian,1
1059=,Aryn,1
1059=,Asfhan,1
1059=,Ash,1
1059=,Ashlee-Jay,1
1059=,Ashton-Lloyd,1
1059=,Ashtyn,1
1059=,Ashwin,1
1059=,Asif,1
1059=,Aslam,1
1059=,Asrar,1
1059=,Ata,1
1059=,Atal,1
1059=,Atapattu,1
1059=,Ateeq,1
1059=,Athar,1
1059=,Athol,1
1059=,Athon,1
1059=,Athos-Carlos,1
1059=,Atli,1
1059=,Atom,1
1059=,Attila,1
1059=,Avani,1
1059=,Averon,1
1059=,Avi,1
1059=,Avinash,1
1059=,Avraham,1
1059=,Awwal,1
1059=,Axel,1
1059=,Aydon,1
1059=,Ayman,1
1059=,Ayrton,1
1059=,Aytug,1
1059=,Ayub,1
1059=,Ayyub,1
1059=,Azedine,1
1059=,Azeem,1
1059=,Azim,1
1059=,Azlan,1
1059=,Azzam,1
1059=,Azzedine,1
1059=,Babatunmise,1
1059=,Babur,1
1059=,Bader,1
1059=,Badr,1
1059=,Badsha,1
1059=,Bailee,1
1059=,Bailley,1
1059=,Baley,1
1059=,Balian,1
1059=,Ballie,1
1059=,Banan,1
1059=,Barath,1
1059=,Barkley,1
1059=,Barney,1
1059=,Baron,1
1059=,Bartlomiej,1
1059=,Basher,1
1059=,Basile,1
1059=,Baxter,1
1059=,Baye,1
1059=,Bayley,1
1059=,Beau,1
1059=,Beinn,1
1059=,Bekay,1
1059=,Bekim,1
1059=,Believe,1
1059=,Bendeguz,1
1059=,Beniamin,1
1059=,Benjamyn,1
1059=,Benny,1
1059=,Benoit,1
1059=,Benyahia,1
1059=,Berkay,1
1059=,Bevin,1
1059=,Bezalel,1
1059=,Bhaaldeen,1
1059=,Bharath,1
1059=,Bill,1
1059=,Binod,1
1059=,Bladyn,1
1059=,Blaire,1
1059=,Blazej,1
1059=,Blazey,1
1059=,Blessing,1
1059=,Blue,1
1059=,Blyth,1
1059=,Boab,1
1059=,Bob,1
1059=,Bobby-Lee,1
1059=,Bodhan,1
1059=,Boedyn,1
1059=,Bogdan,1
1059=,Bohbi,1
1059=,Bony,1
1059=,Bowie,1
1059=,Brackan,1
1059=,Bracken,1
1059=,Bradan,1
1059=,Bradlie,1
1059=,Bradly,1
1059=,Bradyn,1
1059=,Brajan,1
1059=,Brandonlee,1
1059=,Brannan,1
1059=,Braydon,1
1059=,Braydyn,1
1059=,Breandan,1
1059=,Brehme,1
1059=,Brendon,1
1059=,Brendyn,1
1059=,Breogan,1
1059=,Bret,1
1059=,Briaddon,1
1059=,Brodi,1
1059=,Broghan,1
1059=,Brooklin,1
1059=,Bruin,1
1059=,Brunon,1
1059=,Brydon,1
1059=,Brydon-Craig,1
1059=,Bryson,1
1059=,Buddy,1
1059=,Bully,1
1059=,Burak,1
1059=,Burhan,1
1059=,Butali,1
1059=,Butchi,1
1059=,Byron,1
1059=,Cabhan,1
1059=,Cadan,1
1059=,Cadon,1
1059=,Caedan,1
1059=,Caedyn,1
1059=,Caethan,1
1059=,Cahlum,1
1059=,Caiden-Paul,1
1059=,Caidyn,1
1059=,Caie,1
1059=,Cailaen,1
1059=,Caileb-John,1
1059=,Cairn,1
1059=,Calder,1
1059=,Cale,1
1059=,Calean,1
1059=,Calen,1
1059=,Calin,1
1059=,Callahan,1
1059=,Callan-Adam,1
1059=,Calley,1
1059=,Callie,1
1059=,Callin,1
1059=,Callun,1
1059=,Callyn,1
1059=,Calum-James,1
1059=,Cambell,1
1059=,Camerin,1
1059=,Campbel,1
1059=,Caolain,1
1059=,Carrich,1
1059=,Carwyn,1
1059=,Cassy,1
1059=,Cator,1
1059=,Cayden-Robert,1
1059=,Cayden-Tiamo,1
1059=,Ceegan,1
1059=,Ceejay,1
1059=,Ceilan,1
1059=,Ceiran,1
1059=,Ceirin,1
1059=,Ceiron,1
1059=,Cejay,1
1059=,Celik,1
1059=,Cesar,1
1059=,Cesare,1
1059=,Chad,1
1059=,Chaitanya,1
1059=,Chang-Ha,1
1059=,Charly,1
1059=,Chester,1
1059=,Chevy,1
1059=,Chi,1
1059=,Chiazamoku,1
1059=,Chibudom,1
1059=,Chimsom,1
1059=,Chin,1
1059=,Chintu,1
1059=,Chiqal,1
1059=,Chiron,1
1059=,Chris-Daniel,1
1059=,Chrismedi,1
1059=,Christoph,1
1059=,Christopher-Lee,1
1059=,Chu,1
1059=,Chukwuemeka,1
1059=,Chulumanco,1
1059=,Ciann,1
1059=,Ciar,1
1059=,Ciarian,1
1059=,Cieran,1
1059=,Cihan,1
1059=,Cillin,1
1059=,Claron,1
1059=,Clement,1
1059=,Clifford,1
1059=,Clyde,1
1059=,Coban,1
1059=,Cobi,1
1059=,Cobie,1
1059=,Codi,1
1059=,Cody-Lee,1
1059=,Coel,1
1059=,Colt,1
1059=,Colton,1
1059=,Colum,1
1059=,Colvin,1
1059=,Comghan,1
1059=,Con,1
1059=,Conar,1
1059=,Conghaile,1
1059=,Conley,1
1059=,Conli,1
1059=,Conlin,1
1059=,Conlly,1
1059=,Conlyn,1
1059=,Connall,1
1059=,Connan,1
1059=,Connel,1
1059=,Connolly,1
1059=,Connor-David,1
1059=,Copeland,1
1059=,Coray,1
1059=,Corben,1
1059=,Corbin,1
1059=,Corey-James,1
1059=,Corey-Jay,1
1059=,Corie,1
1059=,Cormack,1
1059=,Cormak,1
1059=,Corran,1
1059=,Corrie,1
1059=,Coupar,1
1059=,Creag,1
1059=,Crispin,1
1059=,Cristian,1
1059=,Crombie,1
1059=,Cruiz,1
1059=,Cuan,1
1059=,Cuillin,1
1059=,Cullin,1
1059=,D'arcy,1
1059=,Daanyaal,1
1059=,Daegan,1
1059=,Daegyu,1
1059=,Dafydd,1
1059=,Dagon,1
1059=,Dailey,1
1059=,Daimhin,1
1059=,Dakota,1
1059=,Daksh,1
1059=,Dalong,1
1059=,Danar,1
1059=,Daniel-James,1
1059=,Daniele,1
1059=,Danielius,1
1059=,Daniels,1
1059=,Daniil,1
1059=,Danniel,1
1059=,Danyil,1
1059=,Danys,1
1059=,Daood,1
1059=,Darcy,1
1059=,Dareh,1
1059=,Daren,1
1059=,Darien,1
1059=,Darius,1
1059=,Darl,1
1059=,Darn,1
1059=,Darrach,1
1059=,Darrie,1
1059=,Darrius,1
1059=,Darryn,1
1059=,Darwyn,1
1059=,Daumantas,1
1059=,Davi,1
1059=,David-Jay,1
1059=,Davie,1
1059=,Davy,1
1059=,Dayem,1
1059=,Daymian,1
1059=,Deagan,1
1059=,Decklan,1
1059=,Declain,1
1059=,Declyan,1
1059=,Dedeniseoluwa,1
1059=,Deecan,1
1059=,Deegan,1
1059=,Deelan,1
1059=,Deklain-Jaimes,1
1059=,Demetrius,1
1059=,Deniss,1
1059=,Deniz,1
1059=,Dennan,1
1059=,Dennin,1
1059=,Dennys,1
1059=,Denon,1
1059=,Denton,1
1059=,Denver,1
1059=,Deon,1
1059=,Derick,1
1059=,Dermot,1
1059=,Derrie,1
1059=,Derrin,1
1059=,Deshawn,1
1059=,Desmond,1
1059=,Dev,1
1059=,Devan,1
1059=,Devrin,1
1059=,Dex,1
1059=,Dexter,1
1059=,Dhani,1
1059=,Dharam,1
1059=,Dhavid,1
1059=,Dhyia,1
1059=,Diarmaid,1
1059=,Diarmid,1
1059=,Didier,1
1059=,Diego,1
1059=,Diesil,1
1059=,Dilano,1
1059=,Dimitri,1
1059=,Dinaras,1
1059=,Dion,1
1059=,Dissanayake,1
1059=,Dmitri,1
1059=,Doire,1
1059=,Dolan,1
1059=,Domanic,1
1059=,Domhnall,1
1059=,Dominick,1
1059=,Donnacha,1
1059=,Donny,1
1059=,Dougray,1
1059=,Drakeo,1
1059=,Dre,1
1059=,Dregan,1
1059=,Dugald,1
1059=,Duriel,1
1059=,Dustin,1
1059=,Dylan-Jack,1
1059=,Dylan-Patrick,1
1059=,Dyllan,1
1059=,Dyllan-James,1
1059=,Dylon,1
1059=,Eadie,1
1059=,Eagann,1
1059=,Earl,1
1059=,Eason,1
1059=,Eassan,1
1059=,Ebow,1
1059=,Ed,1
1059=,Eden,1
1059=,Ediomi,1
1059=,Edison,1
1059=,Eduardo,1
1059=,Eduards,1
1059=,Edwin,1
1059=,Edwyn,1
1059=,Efan,1
1059=,Efe,1
1059=,Egan,1
1059=,Ege,1
1059=,Ehsan,1
1059=,Ehsen,1
1059=,Eiddon,1
1059=,Eidhan,1
1059=,Eihli,1
1059=,Eimantas,1
1059=,Eisa,1
1059=,Eklavya,1
1059=,Eliasy,1
1059=,Elisau,1
1059=,Eljay,1
1059=,Eljon,1
1059=,Ellisandro,1
1059=,Elshan,1
1059=,Elvin,1
1059=,Elyan,1
1059=,Emanuel,1
1059=,Emerson,1
1059=,Emile,1
1059=,Emilio,1
1059=,Emlyn,1
1059=,Emmet,1
1059=,Eng,1
1059=,Eniola,1
1059=,Enis,1
1059=,Ennis,1
1059=,Enrique,1
1059=,Enzo,1
1059=,Eoghain,1
1059=,Eonan,1
1059=,Erdehan,1
1059=,Eren,1
1059=,Erencem,1
1059=,Ericlee,1
1059=,Eriz,1
1059=,Ernie-Jacks,1
1059=,Eroni,1
1059=,Eryk,1
1059=,Eshan,1
1059=,Esteban,1
1059=,Etienne,1
1059=,Etinosa,1
1059=,Evann,1
1059=,Ewing,1
1059=,Exodi,1
1059=,Ezekiel,1
1059=,Fabulous,1
1059=,Fahad,1
1059=,Faheem,1
1059=,Faisal,1
1059=,Faizaan,1
1059=,Famara,1
1059=,Farhaan,1
1059=,Farren,1
1059=,Farzad,1
1059=,Fauzaan,1
1059=,Favour,1
1059=,Fawaz,1
1059=,Fawkes,1
1059=,Fearghus,1
1059=,Feden,1
1059=,Fergie,1
1059=,Ferre,1
1059=,Ferris,1
1059=,Fezaan,1
1059=,Fiachra,1
1059=,Fikret,1
1059=,Filippo,1
1059=,Finan,1
1059=,Findlay-James,1
1059=,Findlie,1
1059=,Finnean,1
1059=,Finnen,1
1059=,Firaaz,1
1059=,Flint,1
1059=,Florin,1
1059=,Flyn,1
1059=,Fodeba,1
1059=,Folarinwa,1
1059=,Forgan,1
1059=,Forrest,1
1059=,Fox,1
1059=,Franco,1
1059=,Franko,1
1059=,Fruin,1
1059=,Fyfe,1
1059=,Garren,1
1059=,Garrett,1
1059=,Gavin-Lee,1
1059=,Gene,1
1059=,Geoff,1
1059=,Geoffrey,1
1059=,Geomer,1
1059=,Geordan,1
1059=,Georgy,1
1059=,Gethin,1
1059=,Ghyll,1
1059=,Gian,1
1059=,Giancarlo,1
1059=,Gianluca,1
1059=,Gio,1
1059=,Giorgio,1
1059=,Girijan,1
1059=,Girius,1
1059=,Gjan,1
1059=,Glascott,1
1059=,Grady,1
1059=,Grahame,1
1059=,Grayson,1
1059=,Greagoir,1
1059=,Gregory,1
1059=,Griffyn,1
1059=,Guang,1
1059=,Guerin,1
1059=,Guillaume,1
1059=,Gurardass,1
1059=,Gurdeep,1
1059=,Gurnoor,1
1059=,Gursees,1
1059=,Gurthar,1
1059=,Gurveer,1
1059=,Gurwinder,1
1059=,Gustav,1
1059=,Gustave,1
1059=,Guthrie,1
1059=,Gyozo,1
1059=,Gytis,1
1059=,Haaris,1
1059=,Habeeb,1
1059=,Hadji,1
1059=,Hagen,1
1059=,Hagun,1
1059=,Hamad,1
1059=,Hamse,1
1059=,Hamza,1
1059=,Hamzah,1
1059=,Han,1
1059=,Hansen,1
1059=,Hareem,1
1059=,Hari,1
1059=,Harikrishna,1
1059=,Harish,1
1059=,Harjeevan,1
1059=,Harjyot,1
1059=,Harlee,1
1059=,Harleigh,1
1059=,Harman,1
1059=,Harnek,1
1059=,Harold,1
1059=,Harper,1
1059=,Harrington,1
1059=,Harvinder,1
1059=,Hashem,1
1059=,Hashim,1
1059=,Hassanali,1
1059=,Hately,1
1059=,Havila,1
1059=,Haydyn,1
1059=,Hcen,1
1059=,Heddle,1
1059=,Heidar,1
1059=,Heini,1
1059=,Hendri,1
1059=,Henri,1
1059=,Herbert,1
1059=,Heyden,1
1059=,Hiro,1
1059=,Hirvaansh,1
1059=,Hishaam,1
1059=,Hogan,1
1059=,Honey,1
1059=,Hong,1
1059=,Hope,1
1059=,Hopkin,1
1059=,Hosea,1
1059=,Howard,1
1059=,Howie,1
1059=,Hristomir,1
1059=,Hudson,1
1059=,Husnain,1
1059=,Hussan,1
1059=,Hussnain,1
1059=,Hussnan,1
1059=,Hyden,1
1059=,I,1
1059=,Iagan,1
1059=,Idahosa,1
1059=,Ieuan,1
1059=,Ihtisham,1
1059=,Ijay,1
1059=,Ikechukwu,1
1059=,Ikemsinachukwu,1
1059=,Iliya,1
1059=,Ilyaas,1
1059=,Ilyas,1
1059=,Iman,1
1059=,Immanuel,1
1059=,Inan,1
1059=,Indy,1
1059=,Ines,1
1059=,Ioannis,1
1059=,Ireayomide,1
1059=,Ireoluwa,1
1059=,Isaa,1
1059=,Isak,1
1059=,Isher,1
1059=,Ishwar,1
1059=,Isimeli,1
1059=,Isira,1
1059=,Ismaeel,1
1059=,Ismail,1
1059=,Israel,1
1059=,Issiaka,1
1059=,Itans,1
1059=,Ivar,1
1059=,Izaak,1
1059=,Jaay,1
1059=,Jack-James,1
1059=,Jacki,1
1059=,Jackie,1
1059=,Jacky,1
1059=,Jad,1
1059=,Jadon,1
1059=,Jadyn,1
1059=,Jagat,1
1059=,Jaheim,1
1059=,Jahid,1
1059=,Jahy,1
1059=,Jai-Rajaram,1
1059=,Jaida,1
1059=,Jaidon,1
1059=,Jaidyn,1
1059=,Jaii,1
1059=,Jaise,1
1059=,Jakey,1
1059=,Jakson,1
1059=,Jaksyn,1
1059=,Jamaal,1
1059=,Jameel,1
1059=,Jameil,1
1059=,James-Paul,1
1059=,Jameson,1
1059=,Jamey,1
1059=,Jamie-Lee,1
1059=,Jaosha,1
1059=,Jardine,1
1059=,Jarell,1
1059=,Jarl,1
1059=,Jarno,1
1059=,Jarvi,1
1059=,Jasey-Jay,1
1059=,Jasim,1
1059=,Jaswindar,1
1059=,Jaxson,1
1059=,Jay-Jay,1
1059=,Jayce,1
1059=,Jayden-James,1
1059=,Jayden-Lee,1
1059=,Jayden-Paul,1
1059=,Jayden-Thomas,1
1059=,Jaydyn,1
1059=,Jayhan,1
1059=,Jayke,1
1059=,Jaymie,1
1059=,Jayse,1
1059=,Jaz,1
1059=,Jazeb,1
1059=,Jazib,1
1059=,Jazz,1
1059=,Jean,1
1059=,Jean-Lewis,1
1059=,Jean-Pierre,1
1059=,Jebadiah,1
1059=,Jedd,1
1059=,Jedidiah,1
1059=,Jeemie,1
1059=,Jeffrey,1
1059=,Jensen,1
1059=,Jensyn,1
1059=,Jeronimo,1
1059=,Jerrick,1
1059=,Jerry,1
1059=,Jesuseun,1
1059=,Jeswin,1
1059=,Jevan,1
1059=,Jeyun,1
1059=,Jez,1
1059=,Jiadong,1
1059=,Jiao,1
1059=,Jiarui,1
1059=,Jincheng,1
1059=,Jj,1
1059=,Joaquin,1
1059=,Joash,1
1059=,Jock,1
1059=,Jody,1
1059=,Joeddy,1
1059=,Joey-Jack,1
1059=,Johann,1
1059=,Johansson,1
1059=,John-Michael,1
1059=,John-Scott,1
1059=,Johndean,1
1059=,Johnjay,1
1059=,Johnpaul,1
1059=,Johnson,1
1059=,Jole,1
1059=,Jomuel,1
1059=,Jon-Paul,1
1059=,Jonatan,1
1059=,Jonothan,1
1059=,Jonson,1
1059=,Joojo,1
1059=,Jordi,1
1059=,Jordon,1
1059=,Jordy,1
1059=,Jordyn,1
1059=,Jorge,1
1059=,Joris,1
1059=,Jorryn,1
1059=,Josan,1
1059=,Josese,1
1059=,Joshiah,1
1059=,Jostelle,1
1059=,Joynul,1
1059=,Jubin,1
1059=,Judah,1
1059=,Jugmare,1
1059=,Julien,1
1059=,Jura,1
1059=,Justan,1
1059=,Justinas,1
1059=,Kabeer,1
1059=,Kacey,1
1059=,Kadin,1
1059=,Kaeden,1
1059=,Kaelum,1
1059=,Kai-Rhys,1
1059=,Kaid,1
1059=,Kaidinn,1
1059=,Kaif,1
1059=,Kaileb,1
1059=,Kailin,1
1059=,Kainin,1
1059=,Kainui,1
1059=,Kaison,1
1059=,Kaiwen,1
1059=,Kajally,1
1059=,Kajetan,1
1059=,Kalani,1
1059=,Kale,1
1059=,Kaleem,1
1059=,Kalen,1
1059=,Kallan,1
1059=,Kalum,1
1059=,Kalvyn,1
1059=,Kames,1
1059=,Kamron,1
1059=,Karamvir,1
1059=,Karandeep,1
1059=,Karim,1
1059=,Karimas,1
1059=,Karsyn,1
1059=,Karthikeya,1
1059=,Kashif,1
1059=,Kasra,1
1059=,Kavin,1
1059=,Kayam,1
1059=,Kaydin,1
1059=,Kaydn,1
1059=,Kaydyn,1
1059=,Kaydyne,1
1059=,Kayleb,1
1059=,Kaylem,1
1059=,Kaylum,1
1059=,Kaywan,1
1059=,Kealon,1
1059=,Kean,1
1059=,Keanan,1
1059=,Kearney,1
1059=,Keatin,1
1059=,Keavan,1
1059=,Keayn,1
1059=,Kedrick,1
1059=,Keelin,1
1059=,Keeman,1
1059=,Keenan-Lee,1
1059=,Keeton,1
1059=,Kehinde,1
1059=,Keilan,1
1059=,Keiren,1
1059=,Keiryn,1
1059=,Keison,1
1059=,Keivlin,1
1059=,Kelam,1
1059=,Kellan,1
1059=,Kellen,1
1059=,Kelso,1
1059=,Kelum,1
1059=,Kelvan,1
1059=,Kenan,1
1059=,Kendall,1
1059=,Kendyn,1
1059=,Kenlin,1
1059=,Kenny,1
1059=,Kensey,1
1059=,Kenton,1
1059=,Kenzeigh,1
1059=,Kenzi,1
1059=,Kenzy,1
1059=,Keo,1
1059=,Ker,1
1059=,Kern,1
1059=,Kevyn,1
1059=,Kez,1
1059=,Khaleel,1
1059=,Khalen,1
1059=,Khaya,1
1059=,Khevien,1
1059=,Khizar,1
1059=,Khizer,1
1059=,Kia,1
1059=,Kiamehr,1
1059=,Kian-James,1
1059=,Kian-Michael,1
1059=,Kiarash,1
1059=,Kie,1
1059=,Kiegan,1
1059=,Kienan,1
1059=,Kieran-Lee,1
1059=,Kieran-Scott,1
1059=,Kierin,1
1059=,Kiern,1
1059=,Kieryn,1
1059=,Kile,1
1059=,Killian,1
1059=,Kimi,1
1059=,Kingston,1
1059=,Kinneil,1
1059=,Kinnon,1
1059=,Kinsey,1
1059=,Kirwin,1
1059=,Kit,1
1059=,Kiya,1
1059=,Kiyonari,1
1059=,Kjae,1
1059=,Klein,1
1059=,Klevis,1
1059=,Koddi,1
1059=,Koden,1
1059=,Kodie,1
1059=,Kofi,1
1059=,Kogan,1
1059=,Kohen,1
1059=,Konan,1
1059=,Konar,1
1059=,Korben,1
1059=,Korbyn,1
1059=,Korrin,1
1059=,Koushik,1
1059=,Kristin,1
1059=,Krzysiek,1
1059=,Ksawery,1
1059=,Ksawier,1
1059=,Kurtis-Jae,1
1059=,Kyaan,1
1059=,Kyde,1
1059=,Kyden,1
1059=,Kyel,1
1059=,Kyhran,1
1059=,Kyie,1
1059=,Kylan,1
1059=,Kylar,1
1059=,Kyle-Derek,1
1059=,Kym,1
1059=,Kynan,1
1059=,Kyral,1
1059=,Kyren,1
1059=,Kyrillos,1
1059=,Kyro,1
1059=,Kyrran,1
1059=,Lachlainn,1
1059=,Lael,1
1059=,Lagan,1
1059=,Laiden,1
1059=,Laird,1
1059=,Laison,1
1059=,Lance,1
1059=,Lancelot,1
1059=,Landon,1
1059=,Lang,1
1059=,Laren,1
1059=,Lasse,1
1059=,Latif,1
1059=,Lauren,1
1059=,Lawlyn,1
1059=,Layne,1
1059=,Lealand,1
1059=,Leigh,1
1059=,Leigham,1
1059=,Leilan,1
1059=,Leiten,1
1059=,Leithen,1
1059=,Lennan,1
1059=,Lennen,1
1059=,Lennex,1
1059=,Lenny,1
1059=,Leno,1
1059=,Lenon,1
1059=,Lenyn,1
1059=,Leonardas,1
1059=,Lepeng,1
1059=,Leven,1
1059=,Levon,1
1059=,Levy,1
1059=,Lewie,1
1059=,Lewin,1
1059=,Lewis-Mark,1
1059=,Lex,1
1059=,Leydon,1
1059=,Leylann,1
1059=,Liall,1
1059=,Liam-Stephen,1
1059=,Limo,1
1059=,Lincoln-John,1
1059=,Lincon,1
1059=,Linden,1
1059=,Linton,1
1059=,Lionel,1
1059=,Lisandro,1
1059=,Litrell,1
1059=,Liyonela-Elam,1
1059=,Lliam,1
1059=,Lloyde,1
1059=,Loche,1
1059=,Lochlan-Oliver,1
1059=,Lock,1
1059=,Lockey,1
1059=,Logan-Rhys,1
1059=,Logann,1
1059=,Loghan,1
1059=,Lokesh,1
1059=,Loki,1
1059=,Lomond,1
1059=,Lorne,1
1059=,Loudon,1
1059=,Lovell,1
1059=,Lucais,1
1059=,Lucian,1
1059=,Luciano,1
1059=,Lucien,1
1059=,Lucius,1
1059=,Lucus,1
1059=,Ludo,1
1059=,Luic,1
1059=,Luk,1
1059=,Lukmaan,1
1059=,Lyndsay,1
1059=,Lysander,1
1059=,Ma'moon,1
1059=,Maanav,1
1059=,Maaz,1
1059=,Macallum,1
1059=,Macaully,1
1059=,Machlan,1
1059=,Mack,1
1059=,Mackenzy,1
1059=,Mackie,1
1059=,Macy,1
1059=,Madaki,1
1059=,Madison,1
1059=,Madison-Jake,1
1059=,Madox,1
1059=,Mael,1
1059=,Mahan,1
1059=,Mahdi,1
1059=,Maias,1
1059=,Maison,1
1059=,Maisum,1
1059=,Maitlind,1
1059=,Majid,1
1059=,Makensie,1
1059=,Makin,1
1059=,Maksim,1
1059=,Malachai,1
1059=,Malakai,1
1059=,Malakhy,1
1059=,Malo,1
1059=,Malvin,1
1059=,Man,1
1059=,Maneet,1
1059=,Manmohan,1
1059=,Manolo,1
1059=,Manson,1
1059=,Mantej,1
1059=,Manuel,1
1059=,Marc-Anthony,1
1059=,Marcello,1
1059=,Marcin,1
1059=,Marcous,1
1059=,Marcquis,1
1059=,Marius,1
1059=,Marko,1
1059=,Marlin,1
1059=,Marlon,1
1059=,Maros,1
1059=,Marti,1
1059=,Marty,1
1059=,Marvellous,1
1059=,Marvin,1
1059=,Maryk,1
1059=,Marzuq,1
1059=,Mashhood,1
1059=,Mason-Jay,1
1059=,Masood,1
1059=,Masson,1
1059=,Matas,1
1059=,Matej,1
1059=,Mathias,1
1059=,Mathu,1
1059=,Mathuyan,1
1059=,Mati,1
1059=,Matthew-William,1
1059=,Maxx,1
1059=,Mayeul,1
1059=,Mayson,1
1059=,Mazin,1
1059=,Mcbride,1
1059=,Mccaulley,1
1059=,Mckade,1
1059=,Mckauley,1
1059=,Mckay,1
1059=,Mclay,1
1059=,Meftah,1
1059=,Mehraz,1
1059=,Meko,1
1059=,Melville,1
1059=,Meshach,1
1059=,Meyzhward,1
1059=,Mi'kael,1
1059=,Michael-Alexander,1
1059=,Michael-James,1
1059=,Michat,1
1059=,Michee,1
1059=,Mickey,1
1059=,Miguel,1
1059=,Mikhail,1
1059=,Mirza,1
1059=,Moad,1
1059=,Moayd,1
1059=,Mobeen,1
1059=,Modoulamin,1
1059=,Modu,1
1059=,Mohamad,1
1059=,Mohammad-Bilal,1
1059=,Mohanad,1
1059=,Mohannad,1
1059=,Mohd,1
1059=,Momin,1
1059=,Momooreoluwa,1
1059=,Montague,1
1059=,Moore,1
1059=,Moosa,1
1059=,Morag,1
1059=,Morgyn,1
1059=,Morris,1
1059=,Morton,1
1059=,Moshy,1
1059=,Motade,1
1059=,Mouhamad,1
1059=,Moyes,1
1059=,Msughter,1
1059=,Mueez,1
1059=,Muhamadjavad,1
1059=,Muir,1
1059=,Munachi,1
1059=,Muneeb,1
1059=,Munir,1
1059=,Munmair,1
1059=,Murrough,1
1059=,Murry,1
1059=,Musa,1
1059=,Musse,1
1059=,Mustapha,1
1059=,Muzammil,1
1059=,Muzzammil,1
1059=,Mykie,1
1059=,Mylo,1
1059=,Nabeel,1
1059=,Nabil,1
1059=,Nadeem,1
1059=,Nader,1
1059=,Nagib,1
1059=,Naglis,1
1059=,Naif,1
1059=,Narvic,1
1059=,Nash,1
1059=,Nasser,1
1059=,Nassir,1
1059=,Nathan-Rae,1
1059=,Nathanael,1
1059=,Nathanial,1
1059=,Nawfal,1
1059=,Nayan,1
1059=,Neal,1
1059=,Neco,1
1059=,Nelson,1
1059=,Neshawn,1
1059=,Nevin,1
1059=,Nial,1
1059=,Nick,1
1059=,Nickhill,1
1059=,Nickson,1
1059=,Nicodemus,1
1059=,Nicolae,1
1059=,Nidhish,1
1059=,Nihaal,1
1059=,Nihal,1
1059=,Nikash,1
1059=,Nikhil,1
1059=,Niki,1
1059=,Nikolai,1
1059=,Nikos,1
1059=,Nilav,1
1059=,Niraj,1
1059=,Niro,1
1059=,Nolan,1
1059=,Noor,1
1059=,Norman,1
1059=,Norrie,1
1059=,Nuada,1
1059=,Nyah,1
1059=,Oban,1
1059=,Obieluem,1
1059=,Obosa,1
1059=,Obuli,1
1059=,Odin,1
1059=,Odynn,1
1059=,Ogheneochuko,1
1059=,Ogheneruno,1
1059=,Ohran,1
1059=,Oilibhear,1
1059=,Ojima-Ojo,1
1059=,Okeoghene,1
1059=,Ola-Oluwa,1
1059=,Olaoluwapolorimi,1
1059=,Olie,1
1059=,Olurotimi,1
1059=,Oluwadamilare,1
1059=,Oluwadamiloju,1
1059=,Oluwafemi,1
1059=,Oluwafikunayomi,1
1059=,Oluwalayomi,1
1059=,Oluwatobiloba,1
1059=,Oluwatoni,1
1059=,Omri,1
1059=,Orlando,1
1059=,Orley,1
1059=,Orran,1
1059=,Orrick,1
1059=,Oryn,1
1059=,Osesenagha,1
1059=,Oswald,1
1059=,Otto,1
1059=,Owain,1
1059=,Owais,1
1059=,Owyn,1
1059=,Oyedamilola,1
1059=,Oz,1
1059=,Ozan,1
1059=,Ozzy,1
1059=,Pacey,1
1059=,Paden,1
1059=,Padmarag,1
1059=,Paolo,1
1059=,Pardeepraj,1
1059=,Parkash,1
1059=,Pascal,1
1059=,Pascoe,1
1059=,Pasquale,1
1059=,Patrick-John,1
1059=,Patrikas,1
1059=,Pavit,1
1059=,Pawlo,1
1059=,Pearse,1
1059=,Pearsen,1
1059=,Pedram,1
1059=,Pedro,1
1059=,Peiyan,1
1059=,Pele,1
1059=,Peni,1
1059=,Peregrine,1
1059=,Phani,1
1059=,Philippos,1
1059=,Phinehas,1
1059=,Phoevos,1
1059=,Pierce,1
1059=,Pierre-Antoine,1
1059=,Pieter,1
1059=,Pietro,1
1059=,Porter,1
1059=,Prabhjoit,1
1059=,Prabodhan,1
1059=,Praise,1
1059=,Pravin,1
1059=,Precious,1
1059=,Prentice,1
1059=,Preston-Jay,1
1059=,Prinay,1
1059=,Prithvi,1
1059=,Promise,1
1059=,Puneetpaul,1
1059=,Pushkar,1
1059=,Qirui,1
1059=,Quintin,1
1059=,Raahim,1
1059=,Radmiras,1
1059=,Raees,1
1059=,Rafferty,1
1059=,Rafi,1
1059=,Raheem,1
1059=,Rahil,1
1059=,Rahman,1
1059=,Raith,1
1059=,Raithin,1
1059=,Rajab-Ali,1
1059=,Rajan,1
1059=,Ralfs,1
1059=,Ramanas,1
1059=,Ramit,1
1059=,Ramone,1
1059=,Ramsey,1
1059=,Rana,1
1059=,Rannoch,1
1059=,Ranolph,1
1059=,Raphael,1
1059=,Rasmus,1
1059=,Rasul,1
1059=,Raunaq,1
1059=,Ravin,1
1059=,Rayane,1
1059=,Rayden,1
1059=,Rayne,1
1059=,Raza,1
1059=,Reace,1
1059=,Reean,1
1059=,Reed,1
1059=,Rees,1
1059=,Reeve,1
1059=,Regean,1
1059=,Reice,1
1059=,Reigan,1
1059=,Reily,1
1059=,Reis,1
1059=,Rejoice,1
1059=,Remigiusz,1
1059=,Remo,1
1059=,Remy,1
1059=,Ren,1
1059=,Renars,1
1059=,Rene,1
1059=,Reng,1
1059=,Rennie,1
1059=,Reno,1
1059=,Reuban,1
1059=,Rexford,1
1059=,Reynold,1
1059=,Rhein,1
1059=,Rheo,1
1059=,Rhett,1
1059=,Rheyden,1
1059=,Rhoan,1
1059=,Rholmark,1
1059=,Rhoridh,1
1059=,Rhuairidh,1
1059=,Rhuan,1
1059=,Rhuaridh,1
1059=,Rhy,1
1059=,Rhyan,1
1059=,Rhyley,1
1059=,Rhyon,1
1059=,Rhys-Bernard,1
1059=,Riach,1
1059=,Ricards,1
1059=,Riccardo,1
1059=,Ricco,1
1059=,Rice,1
1059=,Richey,1
1059=,Rico,1
1059=,Ridley,1
1059=,Ridwan,1
1059=,Rihab,1
1059=,Rihan,1
1059=,Rihards,1
1059=,Rihonn,1
1059=,Rikki,1
1059=,Rioden,1
1059=,Ritvik,1
1059=,Rivan,1
1059=,Riyadh,1
1059=,Riyaj,1
1059=,Roark,1
1059=,Roary,1
1059=,Rob,1
1059=,Robbie-Lee,1
1059=,Robert-Gordon,1
1059=,Robertjohn,1
1059=,Robi,1
1059=,Rodrigo,1
1059=,Roen,1
1059=,Roger,1
1059=,Rohin,1
1059=,Rokas,1
1059=,Ronan-Benedict,1
1059=,Rooke,1
1059=,Roray,1
1059=,Rori,1
1059=,Rorie,1
1059=,Roshan,1
1059=,Ross-Andrew,1
1059=,Rowen,1
1059=,Ruaidhri,1
1059=,Rubhan,1
1059=,Rubin,1
1059=,Rubyn,1
1059=,Ruo,1
1059=,Ruslan,1
1059=,Ryaan,1
1059=,Ryder,1
1059=,Ryese,1
1059=,Ryhs,1
1059=,Rylay,1
1059=,Ryo,1
1059=,Ryszard,1
1059=,Sabareesh,1
1059=,Sabeen,1
1059=,Sachkirat,1
1059=,Saffi,1
1059=,Saghun,1
1059=,Sahaib,1
1059=,Sahbian,1
1059=,Sahil,1
1059=,Saifaddine,1
1059=,Saim,1
1059=,Sajid,1
1059=,Sajjad,1
1059=,Salahudin,1
1059=,Salter,1
1059=,Salvador,1
1059=,Saman,1
1059=,Samar,1
1059=,Samarjit,1
1059=,Samatar,1
1059=,Sambrid,1
1059=,Sami-Ullah,1
1059=,Samir,1
1059=,Samual,1
1059=,Samuela,1
1059=,Samy,1
1059=,Sanaullah,1
1059=,Sandro,1
1059=,Sanfur,1
1059=,Sanjay,1
1059=,Sarim,1
1059=,Satveer,1
1059=,Saunders,1
1059=,Savin,1
1059=,Sayad,1
1059=,Sayeed,1
1059=,Sayf,1
1059=,Scott-Alexander,1
1059=,Seaan,1
1059=,Sean-James,1
1059=,Sean-Ray,1
1059=,Seane,1
1059=,Seb,1
1059=,Selasi,1
1059=,Sephiroth,1
1059=,Sergei,1
1059=,Sergio,1
1059=,Sethu,1
1059=,Seung,1
1059=,Shaan,1
1059=,Shaarvin,1
1059=,Shadow,1
1059=,Shahmir,1
1059=,Shamni,1
1059=,Shannon,1
1059=,Sharland,1
1059=,Sharoz,1
1059=,Shaughn,1
1059=,Shaun-Paul,1
1059=,Shaun-Thomas,1
1059=,Shaunpaul,1
1059=,Shaurya,1
1059=,Shaw,1
1059=,Shawnpaul,1
1059=,Shayaan,1
1059=,Shayan,1
1059=,Shazil,1
1059=,Sheafan,1
1059=,Sheigh,1
1059=,Shem,1
1059=,Shenuk,1
1059=,Sher,1
1059=,Shergo,1
1059=,Sheriff,1
1059=,Sheroz,1
1059=,Sherwyn,1
1059=,Shiraz,1
1059=,Shreeram,1
1059=,Shreyas,1
1059=,Shyam,1
1059=,Siddhant,1
1059=,Siddharth,1
1059=,Sidharth,1
1059=,Siergiej,1
1059=,Silas,1
1059=,Sinai,1
1059=,Skye,1
1059=,Sofian,1
1059=,Sohaib,1
1059=,Sohail,1
1059=,Soham,1
1059=,Sohan,1
1059=,Sonneey,1
1059=,Soul,1
1059=,Spondon,1
1059=,Stanislaw,1
1059=,Stefan,1
1059=,Stefano,1
1059=,Stefin,1
1059=,Stephenjunior,1
1059=,Steven-Lee,1
1059=,Stevie,1
1059=,Stewarty,1
1059=,Strachan,1
1059=,Su,1
1059=,Subhaan,1
1059=,Sudais,1
1059=,Suhail,1
1059=,Suheyb,1
1059=,Suilven,1
1059=,Sukhi,1
1059=,Sukhpal,1
1059=,Sukhvir,1
1059=,Sulayman,1
1059=,Sullivan,1
1059=,Sultan,1
1059=,Sung,1
1059=,Sunny,1
1059=,Surien,1
1059=,Sweyn,1
1059=,Syii,1
1059=,Sylvain,1
1059=,Symon,1
1059=,T'jay,1
1059=,Tadd,1
1059=,Taddy,1
1059=,Taegan,1
1059=,Taegen,1
1059=,Tai,1
1059=,Taiwo,1
1059=,Talha,1
1059=,Taliesin,1
1059=,Talon,1
1059=,Talorcan,1
1059=,Tamar,1
1059=,Tamiem,1
1059=,Tammam,1
1059=,Tanay,1
1059=,Tane,1
1059=,Tanzeel,1
1059=,Taonga,1
1059=,Tarik,1
1059=,Tariq-Jay,1
1059=,Taylar,1
1059=,Taylor-Lee,1
1059=,Tayo,1
1059=,Tayyab,1
1059=,Tayye,1
1059=,Tayyib,1
1059=,Te'u,1
1059=,Te-Jay,1
1059=,Teddi,1
1059=,Tegan,1
1059=,Teighen,1
1059=,Teiyib,1
1059=,Temba,1
1059=,Teo,1
1059=,Teodor,1
1059=,Teos,1
1059=,Teydren,1
1059=,Thabo,1
1059=,Thiago,1
1059=,Thierry,1
1059=,Thorben,1
1059=,Thrinei,1
1059=,Thumbiko,1
1059=,Tiarnan,1
1059=,Tibet,1
1059=,Tieran,1
1059=,Timucin,1
1059=,Tiree,1
1059=,Tisloh,1
1059=,Titi,1
1059=,Titus,1
1059=,Tiylar,1
1059=,Tjay,1
1059=,Tobey,1
1059=,Tobi,1
1059=,Tobie,1
1059=,Tokinaga,1
1059=,Toluwalase,1
1059=,Tommi-Lee,1
1059=,Tomson,1
1059=,Torrin,1
1059=,Torsten,1
1059=,Trae,1
1059=,Trafford,1
1059=,Trai,1
1059=,Tre,1
1059=,Trent,1
1059=,Tristain,1
1059=,Troad,1
1059=,Tubagus,1
1059=,Turki,1
1059=,Ty-Alexander,1
1059=,Tyelor,1
1059=,Tyler-Jay,1
1059=,Tyllor,1
1059=,Tylor,1
1059=,Tymom,1
1059=,Tymon,1
1059=,Tymoteusz,1
1059=,Tyra,1
1059=,Tyree,1
1059=,Tyrie,1
1059=,Tyrnan,1
1059=,Tyrone,1
1059=,Ubaid,1
1059=,Ubayd,1
1059=,Uchenna,1
1059=,Uilleam,1
1059=,Umair,1
1059=,Umer,1
1059=,Umut,1
1059=,Urban,1
1059=,Uri,1
1059=,Usman,1
1059=,Uzayr,1
1059=,Valen,1
1059=,Valentin,1
1059=,Valentino,1
1059=,Valery,1
1059=,Valo,1
1059=,Vasyl,1
1059=,Vaughn,1
1059=,Vedantsinh,1
1059=,Veeran,1
1059=,Victory,1
1059=,Vinay,1
1059=,Vince,1
1059=,Vinh,1
1059=,Vinnie,1
1059=,Vithujan,1
1059=,Vladimir,1
1059=,Vladislav,1
1059=,Vrishin,1
1059=,Vuyolwethu,1
1059=,Wabuya,1
1059=,Wai,1
1059=,Walid,1
1059=,Waqaas,1
1059=,Warkhas,1
1059=,Warrick,1
1059=,Wasif,1
1059=,Wayde,1
1059=,Wei,1
1059=,Wesley-Scott,1
1059=,Wilkie,1
1059=,Willem,1
1059=,William-John,1
1059=,Willum,1
1059=,Windsor,1
1059=,Wolf,1
1059=,Woyenbrakemi,1
1059=,Wylie,1
1059=,Wynn,1
1059=,Xabier,1
1059=,Xiao,1
1059=,Xida,1
1059=,Xin,1
1059=,Xue,1
1059=,Yadgor,1
1059=,Yago,1
1059=,Yahia,1
1059=,Yahya,1
1059=,Yakup,1
1059=,Yang,1
1059=,Yanick,1
1059=,Yaqub,1
1059=,Yasin,1
1059=,Yasir,1
1059=,Yassin,1
1059=,Yifan,1
1059=,Yoji,1
1059=,Yong,1
1059=,Yoolgeun,1
1059=,Yorgos,1
1059=,Yousef,1
1059=,Yousif,1
1059=,Youssef,1
1059=,Yuanyu,1
1059=,Yusef,1
1059=,Yves,1
1059=,Zaaine,1
1059=,Zaak,1
1059=,Zacharias,1
1059=,Zacharie,1
1059=,Zacharius,1
1059=,Zachariya,1
1059=,Zachary-Marc,1
1059=,Zachery,1
1059=,Zaineddine,1
1059=,Zainedin,1
1059=,Zakary,1
1059=,Zamaar,1
1059=,Zarran,1
1059=,Zaydan,1
1059=,Zayn,1
1059=,Zayne,1
1059=,Ze,1
1059=,Zechariah,1
1059=,Zeek,1
1059=,Zeid,1
1059=,Zein,1
1059=,Zen,1
1059=,Zendel,1
1059=,Zenith,1
1059=,Zennon,1
1059=,Zeph,1
1059=,Zerah,1
1059=,Zhen,1
1059=,Zhong,1
1059=,Zhuo,1
1059=,Ziad,1
1059=,Zidane,1
1059=,Zijie,1
1059=,Zinedine,1
1059=,Zishan,1
1059=,Ziya,1
1059=,Ziyaan,1
1059=,Zohaib,1
1059=,Zohair,1
1059=,Zoubaeir,1
1059=,Zubair,1
1059=,Zubayr,1
1059=,Zuriel,1
,,
,,
,,
,,
,,
,,
,,
,,
,,
,,
,,
,,
,,
,,
,,
,,
,,
,,
,,
,,
,,
,,
,,
,,
,,
,,
,,
,,
,,
,,
,,
,,
,,
,,
,,
,,
,,
,,
,,
,,
,,
,,
,,
,,
,,
,,
,,
,,
,,
,,
,,
,,
,,
,,
,,
,,
,,
,,
,,
,,
,,
,,
,,
,,
,,
,,
,,
,,
,,
,,
,,
,,
,,
,,
,,
,,
,,
,,
,,
,,
,,
,,
,,
,,
,,
,,
,,
,,
,,
,,
,,
,,
,,
,,
,,
,,
,,
,,
,,
,,
,,
,,
,,
,,
,,
,,
,,
,,
,,
,,
,,
,,
,,
,,
,,
,,
,,
,,
,,
,,
,,
,,
,,
,,
,,
,,
,,
,,
,,
,,
,,
,,
,,
,,
,,
,,
,,
,,
,,
,,
,,
,,
,,
,,
,,
,,
,,
,,
,,
,,
,,
,,
,,
,,
,,
,,
,,
,,
,,
,,
,,
,,
,,
,,
,,
,,
,,
,,
,,
,,
,,
,,
,,
,,
,,
,,
,,
,,
,,
,,
,,
,,
,,
,,
,,
,,
,,
,,
,,
,,
,,
,,
,,
,,
,,
,,
,,
,,
,,
,,
,,
,,
,,
,,
,,
,,
,,
,,
,,
,,
,,
,,
,,
,,
,,
,,
,,
,,
,,
,,
,,
,,
,,
,,
,,
,,
,,
,,
,,
,,
,,
,,
,,
,,
,,
,,
,,
,,
,,
,,
,,
,,
,,
,,
,,
,,
,,
,,
,,
,,
,,
,,
,,
,,
,,
,,
,,
,,
,,
,,
,,
,,
,,
,,
,,
,,
,,
,,
,,
,,
,,
,,
,,
,,
,,
,,
,,
,,
,,
,,
,,
,,
,,
,,
,,
,,
,,
,,
,,
,,
,,
,,
,,
,,
,,
,,
,,
,,
,,
,,
,,
,,
,,
,,
,,
,,
,,
,,
,,
,,
,,
,,
,,
,,
,,
,,
,,
,,
,,
,,
,,
,,
,,
,,
,,
,,
,,
,,
,,
,,
,,
,,
,,
,,
,,
,,
,,
,,
,,
,,
,,
,,
,,
,,
,,
,,
,,
,,
,,
,,
,,
,,
,,
,,
,,
,,
,,
,,
,,
,,
,,
,,
,,
,,
,,
,,
,,
,,
,,
,,
,,
,,
,,
,,
,,
,,
,,
,,
,,
,,
,,
,,
,,
,,
,,
,,
,,
,,
,,
,,
,,
,,
,,
,,
,,
,,
,,
,,
,,
,,
,,
,,
,,
,,
,,
,,
,,
,,
,,
,,
,,
,,
,,
,,
,,
,,
,,
,,
,,
,,
,,
,,
,,
,,
,,
,,
,,
,,
,,
,,
,,
,,
,,
,,
,,
,,
,,
,,
,,
,,
,,
,,
,,
,,
,,
,,
,,
,,
,,
,,
,,
,,
,,
,,
,,
,,
,,
,,
,,
,,
,,
,,
,,
,,
,,
,,
,,
,,
,,
,,
,,
,,
,,
,,
,,
,,
,,
,,
,,
,,
,,
,,
,,
,,
,,
,,
,,
,,
,,
,,
,,
,,
,,
,,
,,
,,
,,
,,
,,
,,
,,
,,
,,
,,
,,
,,
,,
,,
,,
,,
,,
,,
,,
,,
,,
,,
,,
,,
,,
,,
,,
,,
,,
,,
,,
,,
,,
,,
,,
,,
,,
,,
,,
,,
,,
,,
,,
,,
,,
,,
,,
,,
,,
,,
,,
,,
,,
,,
,,
,,
,,
,,
,,
,,
,,
,,
,,
,,
,,
,,
,,
,,
,,
,,
,,
,,
,,
,,
,,
,,
,,
,,
,,
,,
,,
,,
,,
,,
,,
,,
,,
,,
,,
,,
,,
,,
,,
,,
,,
,,
,,
,,
,,
,,
,,
,,
,,
,,
,,
,,
,,
,,
,,
,,
,,
,,
,,
,,
,,
,,
,,
,,
,,
,,
,,
,,
,,
,,
,,
,,
,,
,,
,,
,,
,,
,,
,,
,,
,,
,,
,,
,,
,,
,,
,,
,,
,,
,,
,,
,,
,,
,,
,,
,,
,,
,,
,,
,,
,,
,,
,,
,,
,,
,,
,,
,,
,,
,,
,,
,,
,,
,,
,,
,,
,,
,,
,,
,,
,,
,,
,,
,,
,,
,,
,,
,,
,,
,,
,,
,,
,,
,,
,,
,,
,,
,,
,,
,,
,,
,,
,,
,,
,,
,,
,,
,,
,,
,,
,,
,,
,,
,,
,,
,,
,,
,,
,,
,,
,,
,,
,,
,,
,,
,,
,,
,,
,,
,,
,,
,,
,,
,,
,,
,,
,,
,,
,,
,,
,,
,,
,,
,,
,,
,,
,,
,,
,,
,,
,,
,,
,,
,,
,,
,,
,,
,,
,,
,,
,,
,,
,,
,,
,,
,,
,,
,,
,,
,,
,,
,,
,,
,,
,,
,,
,,
,,
,,
,,
,,
,,
,,
,,
,,
,,
,,
,,
,,
,,
,,
,,
,,
,,
,,
,,
,,
,,
,,
,,
,,
,,
,,
,,
,,
,,
,,
,,
,,
,,
,,
,,
,,
,,
,,
,,
,,
,,
,,
,,
,,
,,
,,
,,
,,
,,
,,
,,
,,
,,
,,
,,
,,
,,
,,
,,
,,
,,
,,
,,
,,
,,
,,
,,
,,
,,
,,
,,
,,
,,
,,
,,
,,
,,
,,
,,
,,
,,
,,
,,
,,
,,
,,
,,
,,
,,
,,
,,
,,
,,
,,
,,
,,
,,
,,
,,
,,
,,
,,
,,
,,
,,
,,
,,
,,
,,
,,
,,
,,
,,
,,
,,
,,
,,
,,
,,
,,
,,
,,
,,
,,
,,
,,
,,
,,
,,
,,
,,
,,
,,
,,
,,
,,
,,
,,
,,
,,
,,
,,
,,
,,
,,
,,
,,
,,
,,
,,
,,
,,
,,
,,
,,
,,
,,
,,
,,
,,
,,
,,
,,
,,
,,
,,
,,
,,
,,
,,
,,
,,
,,
,,
,,
,,
,,
,,
,,
,,
,,
,,
,,
,,
,,
,,
,,
,,
,,
,,
,,
,,
,,
,,
,,
,,
,,
,,
,,
,,
,,
,,
,,
,,
,,
,,
,,
,,
,,
,,
,,
,,
,,
,,
,,
,,
,,
,,
,,
,,
,,
,,
,,
,,
,,
,,
,,
,,
,,
,,
,,
,,
,,
,,
,,
,,
,,
,,
,,
,,
,,
,,
,,
,,
,,
,,
,,
,,
,,
,,
,,
,,
,,
,,
,,
,,
,,
,,
,,
,,
,,
,,
,,
,,
,,
,,
,,
,,
,,
,,
,,
,,
,,
,,
,,
,,
,,
,,
,,
,,
,,
,,
,,
,,
,,
,,
,,
,,
,,
,,
,,
,,
,,
,,
,,
,,
� Crown Copyright 2015,,
