Position,Name,Number of babies
1,Jack,750
2,Lewis,664
3,Daniel,517
4,Liam,490
5,James,474
6,Ryan,469
7,Callum,396
8,Logan,391
9,Matthew,377
10,Cameron,357
11,Alexander,345
12,Dylan,337
13,Aiden,334
14,Aaron,333
15,Kyle,329
16,Ben,326
17,Jamie,324
18,Finlay,310
19,Adam,293
20,Andrew,292
21,Thomas,282
22,Joshua,281
23,Connor,276
24,Oliver,262
25,Jayden,253
26=,David,252
26=,Nathan,252
28,Charlie,232
29,Luke,222
30,Rhys,219
31,Ethan,216
32,Max,212
33,Jay,205
34,Michael,204
35,Lucas,200
36=,Harry,199
36=,Scott,199
38,Aidan,196
39,Josh,194
40,Calum,188
41,John,185
42,Samuel,182
43,William,175
44,Sean,174
45=,Alfie,173
45=,Robert,173
47,Kieran,171
48,Fraser,170
49,Ross,169
50,Ewan,159
51,Joseph,157
52,Euan,155
53,Christopher,152
54,Tyler,149
55,Kai,147
56,Archie,141
57,Rory,140
58,Owen,137
59,Sam,135
60,Reece,130
61,Jake,126
62,Leon,123
63,Robbie,117
64,Riley,116
65,Benjamin,112
66,Declan,111
67,Arran,110
68=,Brandon,108
68=,Cole,108
68=,Taylor,108
71,Evan,107
72,Alex,106
73,Craig,105
74=,Blair,97
74=,Harris,97
76,Zak,96
77,Finn,95
78,Jacob,93
79,Corey,91
80,Leo,89
81=,Angus,87
81=,Kayden,87
81=,Mark,87
81=,Muhammad,87
85=,Kian,81
85=,Murray,81
87=,Caleb,79
87=,Lee,79
87=,Noah,79
87=,Oscar,79
91,Mason,78
92,Brodie,77
93=,Harrison,74
93=,Kenzie,74
93=,Mohammed,74
93=,Peter,74
97=,Luca,72
97=,Paul,72
99,Hayden,71
100=,George,70
100=,Louis,70
102=,Charles,69
102=,Gregor,69
102=,Harvey,69
105=,Isaac,68
105=,Steven,68
107=,Ciaran,66
107=,Lennon,66
109,Ashton,64
110=,Bailey,63
110=,Calvin,63
110=,Jason,63
113=,Hamish,62
113=,Joe,62
113=,Kaiden,62
113=,Stephen,62
117,Jude,60
118,Fergus,59
119=,Anthony,58
119=,Struan,58
121=,Cody,57
121=,Dean,57
121=,Jordan,57
124,Marcus,56
125,Mackenzie,55
126=,Keir,54
126=,Patrick,54
128,Kacper,53
129,Alistair,52
130,Marc,51
131,Zac,50
132,Blake,49
133,Alan,46
134=,Duncan,45
134=,Ruaridh,45
136=,Conor,44
136=,Lachlan,44
136=,Nicholas,44
136=,Shaun,44
140=,Gabriel,43
140=,Kevin,43
142=,Darren,42
142=,Findlay,42
142=,Stuart,42
145=,Innes,41
145=,Jonathan,41
145=,Mitchell,41
145=,Shay,41
145=,Theo,41
150=,Jakub,40
150=,Joel,40
150=,Mohammad,40
153,Sonny,39
154=,Keiran,38
154=,Reuben,38
154=,Toby,38
157=,Ellis,37
157=,Harley,37
157=,Rocco,37
157=,Ruairidh,37
157=,Zach,37
157=,Zack,37
163,Bradley,36
164,Elliot,35
165=,Dominic,34
165=,Kerr,34
165=,Sebastian,34
168=,Cayden,33
168=,Henry,33
168=,Ian,33
168=,Martin,33
172=,Alasdair,31
172=,Gary,31
174=,Alastair,30
174=,Jackson,30
174=,Zachary,30
177=,Caiden,29
177=,Justin,29
177=,Mckenzie,29
180=,Arron,28
180=,Cian,28
182=,Campbell,27
182=,Edward,27
182=,Louie,27
182=,Tom,27
186=,Ali,26
186=,Christian,26
186=,Cooper,26
186=,Danny,26
186=,Filip,26
191=,Callan,25
191=,Iain,25
191=,Magnus,25
191=,Rowan,25
195=,Douglas,24
195=,Flynn,24
195=,Roan,24
195=,Ronan,24
199=,Finley,23
199=,Nathaniel,23
199=,Stewart,23
202=,Brian,22
202=,Caden,22
202=,Drew,22
202=,Glen,22
202=,Grant,22
202=,Tristan,22
208=,Caelan,21
208=,Gavin,21
208=,Neil,21
208=,Ollie,21
208=,Saul,21
208=,Seth,21
214=,Billy,20
214=,Colin,20
214=,Dominik,20
214=,Felix,20
214=,Milo,20
214=,Morgan,20
214=,Rio,20
221=,Abdullah,19
221=,Allan,19
221=,Cailean,19
221=,Carson,19
221=,Kieron,19
221=,Lennox,19
221=,Zander,19
228=,Dale,18
228=,Jan,18
228=,Kaden,18
228=,Kris,18
228=,Nairn,18
228=,Shane,18
234=,Barry,17
234=,Curtis,17
234=,Frederick,17
234=,Gordon,17
234=,Jaiden,17
234=,Junior,17
234=,Marco,17
234=,Miller,17
234=,Muhammed,17
234=,Niall,17
234=,Richard,17
234=,Simon,17
246=,Ayden,16
246=,Brendan,16
246=,Lyle,16
246=,Oskar,16
250=,Austin,15
250=,Conner,15
250=,Damien,15
250=,Donald,15
250=,Layton,15
250=,Leighton,15
250=,Levi,15
250=,Marcel,15
250=,Mateusz,15
250=,Patryk,15
250=,Reilly,15
250=,Tommy,15
250=,Xander,15
250=,Zain,15
264=,Abdul,14
264=,Boyd,14
264=,Brody,14
264=,Casey,14
264=,Deacon,14
264=,Greg,14
264=,Ibrahim,14
264=,Kenneth,14
264=,Maxwell,14
264=,Myles,14
264=,Rian,14
264=,Ruaraidh,14
276=,Brooklyn,13
276=,Calan,13
276=,Cruz,13
276=,Dawid,13
276=,Dillon,13
276=,Francis,13
276=,Jak,13
276=,Kelvin,13
276=,Ryley,13
276=,Szymon,13
276=,Warren,13
287=,Adrian,12
287=,Aedan,12
287=,Aleksander,12
287=,Archibald,12
287=,Arthur,12
287=,Bobby,12
287=,Bruce,12
287=,Cory,12
287=,Daryl,12
287=,Freddie,12
287=,Johnny,12
287=,Leyton,12
287=,Philip,12
287=,Ruari,12
287=,Travis,12
302=,Ahmed,11
302=,Bryan,11
302=,Cohen,11
302=,Frankie,11
302=,Fynn,11
302=,Hassan,11
302=,Hugh,11
302=,Hugo,11
302=,Jai,11
302=,Kaleb,11
302=,Kristian,11
302=,Lochlan,11
302=,Mathew,11
302=,Maximilian,11
302=,Michal,11
302=,Mikey,11
302=,Murdo,11
302=,Ramsay,11
302=,Rohan,11
302=,Troy,11
302=,Vincent,11
323=,Ajay,10
323=,Anton,10
323=,Brogan,10
323=,Conall,10
323=,Cormac,10
323=,Derek,10
323=,Elliott,10
323=,Frazer,10
323=,Jaxon,10
323=,Konrad,10
323=,Lauchlan,10
323=,Malcolm,10
323=,Mikolaj,10
323=,Nicolas,10
323=,Olivier,10
323=,Oran,10
323=,Robin,10
323=,Roman,10
323=,Stanley,10
323=,Syed,10
323=,Tony,10
323=,Wiktor,10
345=,Alfred,9
345=,Ally,9
345=,Antony,9
345=,Aryan,9
345=,Cain,9
345=,Corin,9
345=,Damian,9
345=,Garry,9
345=,Guy,9
345=,Haydn,9
345=,Kody,9
345=,Krystian,9
345=,Kyran,9
345=,Leland,9
345=,Lloyd,9
345=,Miles,9
345=,Nico,9
345=,Spencer,9
345=,Victor,9
345=,Xavier,9
345=,Yusuf,9
366=,Ahmad,8
366=,Antoni,8
366=,Aran,8
366=,Bartosz,8
366=,Braiden,8
366=,Brayden,8
366=,Bryn,8
366=,Carter,8
366=,Elijah,8
366=,Emmanuel,8
366=,Eoin,8
366=,Eric,8
366=,Frank,8
366=,Gareth,8
366=,Haris,8
366=,Hector,8
366=,Hunter,8
366=,Kalvin,8
366=,Kane,8
366=,Keegan,8
366=,Keigan,8
366=,Luc,8
366=,Lukas,8
366=,Lyall,8
366=,Mack,8
366=,Maksymilian,8
366=,Malachy,8
366=,Micah,8
366=,Musa,8
366=,Rayyan,8
366=,Rehan,8
366=,Ritchie,8
366=,Sandy,8
366=,Sorley,8
366=,Theodore,8
366=,Torin,8
402=,Aidyn,7
402=,Colm,7
402=,Devin,7
402=,Devon,7
402=,Dexter,7
402=,Fletcher,7
402=,Hasan,7
402=,Jac,7
402=,Kade,7
402=,Kallum,7
402=,Kirk,7
402=,Luis,7
402=,Maximus,7
402=,Nikodem,7
402=,Oisin,7
402=,Oliwier,7
402=,Ronald,7
419=,Aarron,6
419=,Amir,6
419=,Arlo,6
419=,Artur,6
419=,Aston,6
419=,Ayaan,6
419=,Baillie,6
419=,Bartlomiej,6
419=,Cairn,6
419=,Chris,6
419=,Coby,6
419=,Conlan,6
419=,Conrad,6
419=,Derren,6
419=,Dorian,6
419=,Enzo,6
419=,Erik,6
419=,Ezra,6
419=,Fionn,6
419=,Graeme,6
419=,Graham,6
419=,Greig,6
419=,Hamza,6
419=,Ivan,6
419=,Jaydon,6
419=,Joey,6
419=,Jon,6
419=,Jonah,6
419=,Kodi,6
419=,Kristopher,6
419=,Lawrence,6
419=,Leonardo,6
419=,Millar,6
419=,Milosz,6
419=,Mustafa,6
419=,Omar,6
419=,Phoenix,6
419=,Pierce,6
419=,Piotr,6
419=,Reiss,6
419=,Ronnie,6
419=,Ruairi,6
419=,Ruben,6
419=,Rudi,6
419=,Russell,6
419=,Seamus,6
419=,Seumas,6
419=,Shayne,6
419=,Teejay,6
419=,Tomasz,6
419=,Umar,6
419=,Wallace,6
419=,Will,6
419=,Zakk,6
419=,Zi,6
474=,Aaran,5
474=,Alec,5
474=,Alister,5
474=,Aron,5
474=,Brady,5
474=,Brandyn,5
474=,Bryce,5
474=,Carrick,5
474=,Coll,5
474=,Cullen,5
474=,Dante,5
474=,Darragh,5
474=,Davis,5
474=,Dennis,5
474=,Devan,5
474=,Diego,5
474=,Eddie,5
474=,Eden,5
474=,Emil,5
474=,Eoghan,5
474=,Gerard,5
474=,Glenn,5
474=,Jesse,5
474=,Josef,5
474=,Jun,5
474=,Kamil,5
474=,Kaydan,5
474=,Keelan,5
474=,Keith,5
474=,Khalid,5
474=,Kuba,5
474=,Kye,5
474=,Laurie,5
474=,Leith,5
474=,Leroy,5
474=,Lex,5
474=,Loui,5
474=,Luka,5
474=,Macauley,5
474=,Maciej,5
474=,Marley,5
474=,Mohamed,5
474=,Mylo,5
474=,Natan,5
474=,Nicky,5
474=,Preston,5
474=,Rayhan,5
474=,Reagan,5
474=,Regan,5
474=,Roddy,5
474=,Romeo,5
474=,Ronin,5
474=,Rudy,5
474=,Rufus,5
474=,Solomon,5
474=,Talha,5
474=,Tobias,5
474=,Todd,5
474=,Ty,5
474=,Yusef,5
474=,Zakariya,5
535=,Aaryn,4
535=,Aden,4
535=,Alejandro,4
535=,Amaan,4
535=,Arman,4
535=,Asher,4
535=,Beau,4
535=,Beinn,4
535=,Benedict,4
535=,Brenden,4
535=,Brennan,4
535=,C,4
535=,Caolan,4
535=,Charley,4
535=,Cillian,4
535=,Clark,4
535=,Connell,4
535=,Corbin,4
535=,Cristian,4
535=,Cyprian,4
535=,Darrell,4
535=,Dawson,4
535=,Denis,4
535=,Derry,4
535=,Devlin,4
535=,Diesel,4
535=,Dougal,4
535=,Dugald,4
535=,Edwin,4
535=,Eli,4
535=,Eliot,4
535=,Ewen,4
535=,Farhan,4
535=,Finnley,4
535=,Freddy,4
535=,Hubert,4
535=,Idris,4
535=,Imran,4
535=,Ismail,4
535=,Jackie,4
535=,Jaden,4
535=,Jakob,4
535=,Jaydan,4
535=,Jenson,4
535=,John-Paul,4
535=,Jonas,4
535=,Jonathon,4
535=,Julian,4
535=,Kaidan,4
535=,Kalum,4
535=,Kameron,4
535=,Kasey,4
535=,Keane,4
535=,Keenan,4
535=,Korey,4
535=,Krish,4
535=,Krzysztof,4
535=,Kurt,4
535=,Kyal,4
535=,Lachlann,4
535=,Lawson,4
535=,Lochlann,4
535=,Lorne,4
535=,Lukasz,4
535=,Mac,4
535=,Marcin,4
535=,Marek,4
535=,Markus,4
535=,Maximillian,4
535=,Nate,4
535=,Nathanael,4
535=,Nicol,4
535=,Nihal,4
535=,Nikhil,4
535=,Noel,4
535=,Odhran,4
535=,Odin,4
535=,Ossian,4
535=,Quinn,4
535=,Ralph,4
535=,Raphael,4
535=,Ricky,4
535=,Rico,4
535=,Rogan,4
535=,Rylee,4
535=,Rylie,4
535=,Shae,4
535=,Shea,4
535=,Sol,4
535=,Stanislaw,4
535=,Stevie,4
535=,T-Jay,4
535=,Terence,4
535=,Timothy,4
535=,Tomas,4
535=,Valentino,4
535=,Walter,4
535=,Yasin,4
535=,Yu,4
535=,Yuvraj,4
535=,Zakaria,4
535=,Zane,4
535=,Zayn,4
638=,Adil,3
638=,Aditya,3
638=,Albert,3
638=,Alessandro,3
638=,Ammar,3
638=,Andy,3
638=,Aonghas,3
638=,Argyle,3
638=,Arin,3
638=,Armaan,3
638=,Arya,3
638=,Aydan,3
638=,Aydin,3
638=,Barnaby,3
638=,Bertie,3
638=,Bilal,3
638=,Blaine,3
638=,Braeden,3
638=,Bruno,3
638=,Brydon,3
638=,Cade,3
638=,Cai,3
638=,Cailan,3
638=,Cal,3
638=,Calin,3
638=,Carlos,3
638=,Carsyn,3
638=,Ceejay,3
638=,Chester,3
638=,Chi,3
638=,Cieran,3
638=,Clayton,3
638=,Colby,3
638=,Conal,3
638=,Conlin,3
638=,Connal,3
638=,Corbyn,3
638=,Danyaal,3
638=,Dax,3
638=,Declyn,3
638=,Denholm,3
638=,Denim,3
638=,Denon,3
638=,Derin,3
638=,Derrin,3
638=,Dillan,3
638=,Dion,3
638=,Eben,3
638=,Eithan,3
638=,Elias,3
638=,Emre,3
638=,Faris,3
638=,Francesco,3
638=,Franciszek,3
638=,Glyn,3
638=,Gray,3
638=,Gregory,3
638=,Grzegorz,3
638=,Haider,3
638=,Hamzah,3
638=,Heath,3
638=,Humza,3
638=,Igor,3
638=,Isa,3
638=,Ismaeel,3
638=,Jae,3
638=,Jaidyn,3
638=,Jared,3
638=,Jase,3
638=,Jaxson,3
638=,Jaydin,3
638=,Jayson,3
638=,Jed,3
638=,Jeff,3
638=,Jensen,3
638=,Jeremiah,3
638=,Jia,3
638=,Jimmy,3
638=,Johan,3
638=,Johnathan,3
638=,Jonny,3
638=,Julius,3
638=,Kain,3
638=,Kal,3
638=,Karl,3
638=,Karol,3
638=,Keiron,3
638=,Kingston,3
638=,Kobi,3
638=,Koby,3
638=,Kodie,3
638=,Kole,3
638=,Kriss,3
638=,Laurence,3
638=,Lawrie,3
638=,Lleyton,3
638=,Loghan,3
638=,Lomond,3
638=,Lorenzo,3
638=,Lucca,3
638=,Macaulay,3
638=,Maison,3
638=,Maks,3
638=,Marshall,3
638=,Matas,3
638=,Mateo,3
638=,Melvin,3
638=,Mikel,3
638=,Mohamad,3
638=,Moray,3
638=,Neill,3
638=,Nikolas,3
638=,Pawel,3
638=,Qasim,3
638=,Rafael,3
638=,Rafal,3
638=,Ray,3
638=,Rayaan,3
638=,Rayan,3
638=,Raymond,3
638=,Reed,3
638=,Reese,3
638=,Reid,3
638=,Rhion,3
638=,Rhyan,3
638=,Richie,3
638=,River,3
638=,Roy,3
638=,Sahil,3
638=,Saif,3
638=,Sami,3
638=,Scot,3
638=,Seoras,3
638=,Taha,3
638=,Tee-Jay,3
638=,Tiernan,3
638=,Tylar,3
638=,Tylor,3
638=,Tyrone,3
638=,Wayne,3
638=,Wesley,3
638=,Wilson,3
638=,Winston,3
638=,Woody,3
638=,Yahya,3
638=,Zachariah,3
638=,Zayan,3
638=,Zubair,3
786=,A,2
786=,Aadam,2
786=,Aarav,2
786=,Aaryan,2
786=,Aayan,2
786=,Abdallah,2
786=,Abdur,2
786=,Adian,2
786=,Afolabi,2
786=,Aidin,2
786=,Ainslie,2
786=,Akash,2
786=,Aleks,2
786=,Alfie-Ray,2
786=,Andre,2
786=,Andrea,2
786=,Andres,2
786=,Antonio,2
786=,Aonghus,2
786=,Arav,2
786=,Arkadiusz,2
786=,Arlen,2
786=,Armin,2
786=,Arun,2
786=,Asad,2
786=,Asim,2
786=,Atholl,2
786=,Aulay,2
786=,Auryn,2
786=,Axel,2
786=,Ayan,2
786=,Ayman,2
786=,Ayoub,2
786=,Ayrton,2
786=,Azeem,2
786=,Bailie,2
786=,Barclay,2
786=,Barrie,2
786=,Bartek,2
786=,Bayley,2
786=,Beniamin,2
786=,Borys,2
786=,Brad,2
786=,Brad-Lee,2
786=,Brandan,2
786=,Brandin,2
786=,Brandon-Lee,2
786=,Brett,2
786=,Broden,2
786=,Burhan,2
786=,Byron,2
786=,C-Jay,2
786=,Cadan,2
786=,Caelen,2
786=,Caelin,2
786=,Cailen,2
786=,Callen,2
786=,Carl,2
786=,Carlo,2
786=,Carlton,2
786=,Cavan,2
786=,Chase,2
786=,Che,2
786=,Chey,2
786=,Christy,2
786=,Cieron,2
786=,Cilian,2
786=,Coben,2
786=,Codi,2
786=,Coel,2
786=,Colt,2
786=,Conan,2
786=,Connall,2
786=,Connar,2
786=,Cori,2
786=,Corran,2
786=,Corrie,2
786=,Corry,2
786=,Cristiano,2
786=,Dainton,2
786=,Dalton,2
786=,Damion,2
786=,Damon,2
786=,Dan,2
786=,Danial,2
786=,Danilo,2
786=,Daniyal,2
786=,Dara,2
786=,Dario,2
786=,Darius,2
786=,Darran,2
786=,Darroch,2
786=,Darryl,2
786=,Darshan,2
786=,Daud,2
786=,Davie,2
786=,Deen,2
786=,Deon,2
786=,Deryn,2
786=,Dilan,2
786=,Divine,2
786=,Donnie,2
786=,Dyllan,2
786=,Eamon,2
786=,Eamonn,2
786=,Eathan,2
786=,Edan,2
786=,Edgar,2
786=,Eesa,2
786=,Efosa,2
786=,Eisa,2
786=,Emmett,2
786=,Enoch,2
786=,Essa,2
786=,Evin,2
786=,Ezekiel,2
786=,Fabian,2
786=,Fahd,2
786=,Fardeen,2
786=,Feliks,2
786=,Fergal,2
786=,Ferguson,2
786=,Fintan,2
786=,Flavio,2
786=,Florian,2
786=,Flyn,2
786=,Forbes,2
786=,Francisco,2
786=,Frasier,2
786=,Fryderyk,2
786=,Gene,2
786=,Geoff,2
786=,Georgie,2
786=,Gerald,2
786=,Gerrard,2
786=,Giovanni,2
786=,Gracjan,2
786=,Gregg,2
786=,Griff,2
786=,Gurveer,2
786=,Gus,2
786=,Hadi,2
786=,Hadyn,2
786=,Haiden,2
786=,Hanan,2
786=,Haroon,2
786=,Harri,2
786=,Haseeb,2
786=,Hashim,2
786=,Howie,2
786=,Hudson,2
786=,Hussain,2
786=,Ibraheem,2
786=,Idrees,2
786=,Innis,2
786=,Ioan,2
786=,Isaiah,2
786=,Isak,2
786=,Ishaan,2
786=,Ishan,2
786=,Israel,2
786=,Issac,2
786=,Ivor,2
786=,Jaidon,2
786=,Jameson,2
786=,Jasper,2
786=,Jax,2
786=,Jayden-James,2
786=,Jaydn,2
786=,Jaydyn,2
786=,Jaykob,2
786=,Jedd,2
786=,Jeffrey,2
786=,Jeremy,2
786=,Jerry,2
786=,Johannes,2
786=,John-James,2
786=,Johnnie,2
786=,Johnpaul,2
786=,Jose,2
786=,Juan,2
786=,Jules,2
786=,Jye,2
786=,Kadyn,2
786=,Kaeden,2
786=,Kaedyn,2
786=,Kaelan,2
786=,Kalib,2
786=,Kamran,2
786=,Kaya,2
786=,Kaydin,2
786=,Kaylan,2
786=,Kealan,2
786=,Keanu,2
786=,Kegan,2
786=,Kenny,2
786=,Kenzi,2
786=,Kern,2
786=,Khai,2
786=,Khaled,2
786=,Ki,2
786=,Kiefer,2
786=,Kier,2
786=,Kieren,2
786=,Kieryn,2
786=,Killian,2
786=,Kinnon,2
786=,Kirill,2
786=,Kobe,2
786=,Konnor,2
786=,Kori,2
786=,Kyan,2
786=,Kylan,2
786=,Kyler,2
786=,Laird,2
786=,Lance,2
786=,Lenix,2
786=,Lenny,2
786=,Leonard,2
786=,Lincoln,2
786=,Lochie,2
786=,Lorcan,2
786=,Lucien,2
786=,Lucis,2
786=,Lucius,2
786=,Lyndon,2
786=,Mackinlay,2
786=,Maddox,2
786=,Man,2
786=,Manny,2
786=,Manraj,2
786=,Manus,2
786=,Marko,2
786=,Massimo,2
786=,Matej,2
786=,Mathias,2
786=,Matt,2
786=,Matteo,2
786=,Maxim,2
786=,Maxymilian,2
786=,Mert,2
786=,Miguel,2
786=,Milan,2
786=,Mohsin,2
786=,Montgomery,2
786=,Monty,2
786=,Mubashir,2
786=,Muir,2
786=,Murdoch,2
786=,Murphy,2
786=,Nasir,2
786=,Nazar,2
786=,Neel,2
786=,Neo,2
786=,Nevin,2
786=,Nial,2
786=,Nikko,2
786=,Niven,2
786=,Norbert,2
786=,Oakley,2
786=,Olaf,2
786=,Olaoluwa,2
786=,Olliver,2
786=,Oluwaseun,2
786=,Orin,2
786=,Otis,2
786=,Owain,2
786=,Paarth,2
786=,Pearce,2
786=,Phillip,2
786=,Piers,2
786=,Prentice,2
786=,Quintin,2
786=,Rafi,2
786=,Raja,2
786=,Rajan,2
786=,Rana,2
786=,Rannoch,2
786=,Rayhaan,2
786=,Reegan,2
786=,Reis,2
786=,Remy,2
786=,Rene,2
786=,Rhian,2
786=,Rhuairidh,2
786=,Ricardo,2
786=,Ricco,2
786=,Riordan,2
786=,Riyad,2
786=,Robbi,2
786=,Robby,2
786=,Roby,2
786=,Roderick,2
786=,Rodney,2
786=,Rohit,2
786=,Romano,2
786=,Rorie,2
786=,Rowen,2
786=,Ruadhri,2
786=,Ruaidhri,2
786=,Ruraidh,2
786=,Ryder,2
786=,Ryhs,2
786=,Salah,2
786=,Saleh,2
786=,Salim,2
786=,Salman,2
786=,Sameer,2
786=,Samir,2
786=,Sammy,2
786=,Samuela,2
786=,Sasha,2
786=,Shah,2
786=,Shaheer,2
786=,Shan,2
786=,Sohaib,2
786=,Stan,2
786=,Stefan,2
786=,Stirling,2
786=,Subhaan,2
786=,Sufyan,2
786=,Tadhg,2
786=,Tai,2
786=,Tarik,2
786=,Tate,2
786=,Taye,2
786=,Taylen,2
786=,Tayler,2
786=,Ted,2
786=,Teddy,2
786=,Tegan,2
786=,Terry,2
786=,Thai,2
786=,Thomas-John,2
786=,Tian,2
786=,Tim,2
786=,Tiree,2
786=,Tj,2
786=,Tobey,2
786=,Tommi,2
786=,Tor,2
786=,Torrin,2
786=,Tye,2
786=,Tymoteusz,2
786=,Usman,2
786=,Uzair,2
786=,Viktor,2
786=,Vinay,2
786=,Vincenzo,2
786=,Waleed,2
786=,Willis,2
786=,Wojciech,2
786=,Yasser,2
786=,Ye,2
786=,Yin,2
786=,Yoshi,2
786=,Younes,2
786=,Yousef,2
786=,Yousuf,2
786=,Ythan,2
786=,Yuvan,2
786=,Zackary,2
786=,Zakir,2
786=,Zayd,2
786=,Zayyan,2
786=,Zhen,2
786=,Zia,2
786=,Zuhaib,2
1154=,Aaden,1
1154=,Aadil,1
1154=,Aafan,1
1154=,Aagin,1
1154=,Aaiden,1
1154=,Aakash,1
1154=,Aamir,1
1154=,Aariz,1
1154=,Aaron-Mustafa,1
1154=,Aarush,1
1154=,Aatif,1
1154=,Aayron,1
1154=,Aayush,1
1154=,Abd,1
1154=,Abdalraoof,1
1154=,Abdelhakim,1
1154=,Abderahmane,1
1154=,Abdi,1
1154=,Abdihakim,1
1154=,Abdirahman,1
1154=,Abdirasak,1
1154=,Abdirihman,1
1154=,Abdul-Azeem,1
1154=,Abdul-Haadi,1
1154=,Abdul-Haseeb,1
1154=,Abdul-Muqeet,1
1154=,Abdul-Raafi,1
1154=,Abdul-Rahman,1
1154=,Abdulah,1
1154=,Abdulaziz,1
1154=,Abdulhadi,1
1154=,Abduljabbar,1
1154=,Abdullahi,1
1154=,Abdulrahman,1
1154=,Abdulrehman,1
1154=,Abdulsalam,1
1154=,Abdusalam,1
1154=,Abe,1
1154=,Abel,1
1154=,Abhainn,1
1154=,Abhinav,1
1154=,Abhiram,1
1154=,Abid,1
1154=,Abisha,1
1154=,Abraham,1
1154=,Abram,1
1154=,Absar,1
1154=,Abtos,1
1154=,Abu,1
1154=,Ace,1
1154=,Acer,1
1154=,Adain,1
1154=,Adebiyi,1
1154=,Adeel,1
1154=,Adelino,1
1154=,Adem,1
1154=,Adham,1
1154=,Adin,1
1154=,Adomas,1
1154=,Adrien,1
1154=,Adrin,1
1154=,Adriyan,1
1154=,Adun,1
1154=,Advaita,1
1154=,Advay,1
1154=,Advi,1
1154=,Adyan,1
1154=,Adyn,1
1154=,Aerla,1
1154=,Afsheen,1
1154=,Agastya,1
1154=,Agnar,1
1154=,Ahjay,1
1154=,Ahmaid,1
1154=,Ahsaan,1
1154=,Ahsan,1
1154=,Ahyaan,1
1154=,Ahzam,1
1154=,Ahzaya,1
1154=,Aidan-Jay,1
1154=,Aiden-Lee,1
1154=,Aidenn,1
1154=,Aidon,1
1154=,Aiedien,1
1154=,Aiken,1
1154=,Aiman,1
1154=,Ainsley,1
1154=,Aird,1
1154=,Airran,1
1154=,Aistis,1
1154=,Aitzaz,1
1154=,Aj,1
1154=,Ajangnay,1
1154=,Ajitesh,1
1154=,Akeem,1
1154=,Akira,1
1154=,Akshar,1
1154=,Akshat,1
1154=,Al-Esmail,1
1154=,Alain,1
1154=,Alaisdair,1
1154=,Albi,1
1154=,Albie,1
1154=,Alby,1
1154=,Alee,1
1154=,Aleksandar,1
1154=,Aleksandr,1
1154=,Alens-Ralfs,1
1154=,Alessio,1
1154=,Alexandr,1
1154=,Alexandre,1
1154=,Alexandru,1
1154=,Alexey,1
1154=,Alexsander,1
1154=,Alfedhel,1
1154=,Alian,1
1154=,Alkiviadis,1
1154=,Allanmatthew,1
1154=,Allister,1
1154=,Alparslan,1
1154=,Alvan,1
1154=,Alvar,1
1154=,Alyxander,1
1154=,Amadou,1
1154=,Amanvir,1
1154=,Ameerul,1
1154=,Amen,1
1154=,Amin,1
1154=,Amine,1
1154=,Amman,1
1154=,Amos,1
1154=,Ampuan,1
1154=,Amr,1
1154=,Amrit,1
1154=,An,1
1154=,Anahid,1
1154=,Anakin,1
1154=,Anas,1
1154=,Andrei,1
1154=,Andrew-Gavin,1
1154=,Andrey,1
1154=,Andrzej,1
1154=,Aneurin,1
1154=,Ange,1
1154=,Angelo,1
1154=,Anghel,1
1154=,Angus-James,1
1154=,Anh,1
1154=,Aniek,1
1154=,Anir,1
1154=,Ansley,1
1154=,Answorth,1
1154=,Anthimos,1
1154=,Anthony-James,1
1154=,Antoan,1
1154=,Anwar,1
1154=,Aodhan,1
1154=,Aoidhean,1
1154=,Aonach,1
1154=,Aqeel,1
1154=,Arainn,1
1154=,Archey,1
1154=,Archi,1
1154=,Ardan,1
1154=,Arden,1
1154=,Ardenn,1
1154=,Areeb,1
1154=,Aren,1
1154=,Argyll,1
1154=,Arham,1
1154=,Ari,1
1154=,Arian,1
1154=,Aric,1
1154=,Arjan,1
1154=,Arjant,1
1154=,Arjen,1
1154=,Arjun,1
1154=,Arjundeep,1
1154=,Arlando,1
1154=,Arno,1
1154=,Arnold,1
1154=,Arnon,1
1154=,Arowelle,1
1154=,Arron-James,1
1154=,Arrun,1
1154=,Arryn,1
1154=,Arsen,1
1154=,Arteen,1
1154=,Arturs,1
1154=,Arvin,1
1154=,Arvind,1
1154=,Ascanio,1
1154=,Asen,1
1154=,Asger,1
1154=,Ash,1
1154=,Asharab,1
1154=,Ashkin,1
1154=,Ashraf,1
1154=,Ashtin,1
1154=,Ashton-Lee,1
1154=,Ashton-Michael,1
1154=,Ashvir,1
1154=,Aslan,1
1154=,Asmit,1
1154=,Athan-James,1
1154=,Athol,1
1154=,Athrun,1
1154=,Atif,1
1154=,August,1
1154=,Auran,1
1154=,Aurelien,1
1154=,Austin-Blade,1
1154=,Avan,1
1154=,Avinash,1
1154=,Awais,1
1154=,Awais-Ahmed,1
1154=,Ayhan,1
1154=,Ayran,1
1154=,Aythan,1
1154=,Ayton,1
1154=,Ayuub,1
1154=,Ayyan,1
1154=,Azaan,1
1154=,Azair,1
1154=,Azim,1
1154=,Azlan,1
1154=,Baboucarr,1
1154=,Babu,1
1154=,Badal,1
1154=,Bader,1
1154=,Baileye-Rae,1
1154=,Bailley,1
1154=,Balazs,1
1154=,Balwinder,1
1154=,Bamnan,1
1154=,Baran,1
1154=,Baris,1
1154=,Basael,1
1154=,Basel,1
1154=,Bashir,1
1154=,Basil,1
1154=,Bauer,1
1154=,Baylie,1
1154=,Ben-Erik,1
1154=,Benicio,1
1154=,Benjaman,1
1154=,Benni,1
1154=,Benny,1
1154=,Berg,1
1154=,Berry,1
1154=,Bertram,1
1154=,Bhranav,1
1154=,Bill,1
1154=,Billy-Jo,1
1154=,Binyat,1
1154=,Bjorn,1
1154=,Blaen,1
1154=,Blaer,1
1154=,Blaike,1
1154=,Blaire,1
1154=,Blaise,1
1154=,Blane,1
1154=,Blar,1
1154=,Blayke,1
1154=,Blayre,1
1154=,Blessing,1
1154=,Blue,1
1154=,Boaz,1
1154=,Bobaker,1
1154=,Bobbie,1
1154=,Bodean,1
1154=,Bodhi,1
1154=,Bohan,1
1154=,Bohdan,1
1154=,Borisz,1
1154=,Braden,1
1154=,Bradlee,1
1154=,Braidon,1
1154=,Braidyn,1
1154=,Bran,1
1154=,Branden,1
1154=,Brandon-Jay,1
1154=,Brannoch,1
1154=,Braydan,1
1154=,Braydn,1
1154=,Brendin,1
1154=,Brendon,1
1154=,Brendyn-Lee,1
1154=,Brenton,1
1154=,Brigham,1
1154=,Brindle,1
1154=,Brodan,1
1154=,Broderick,1
1154=,Broghan,1
1154=,Brokk,1
1154=,Bronik,1
1154=,Brook,1
1154=,Bryan-Alistair,1
1154=,Bryden,1
1154=,Buzby,1
1154=,Byran,1
1154=,C'jay,1
1154=,Caeden,1
1154=,Cael,1
1154=,Caelahn,1
1154=,Caelyn,1
1154=,Cahal,1
1154=,Caiden-Jay,1
1154=,Caillan,1
1154=,Calebwilliam,1
1154=,Caley,1
1154=,Calhan,1
1154=,Calon,1
1154=,Camaron,1
1154=,Cambel,1
1154=,Cambell,1
1154=,Camryn,1
1154=,Canaan,1
1154=,Caoimhin,1
1154=,Caol,1
1154=,Caolin,1
1154=,Carden,1
1154=,Casanova,1
1154=,Caspar,1
1154=,Cassiano,1
1154=,Caylen,1
1154=,Ceiran,1
1154=,Ceiron,1
1154=,Celvin,1
1154=,Cem,1
1154=,Ceolan,1
1154=,Chai,1
1154=,Chaise,1
1154=,Chance,1
1154=,Chandler,1
1154=,Chareen,1
1154=,Charin,1
1154=,Charli,1
1154=,Charlie-Jay,1
1154=,Chaudhary,1
1154=,Chengwei,1
1154=,Chiaran,1
1154=,Chidera,1
1154=,Chiedozie,1
1154=,Chikadibia,1
1154=,Chili,1
1154=,Chizhi,1
1154=,Chonaill,1
1154=,Christie,1
1154=,Christiyan,1
1154=,Chun,1
1154=,Chuntao,1
1154=,Ciarn,1
1154=,Ciaron,1
1154=,Ciaryn,1
1154=,Ciavan,1
1154=,Claude,1
1154=,Clay,1
1154=,Cleary,1
1154=,Clinton,1
1154=,Clunie,1
1154=,Clyde,1
1154=,Cobey,1
1154=,Cobie,1
1154=,Cobyn,1
1154=,Codey,1
1154=,Codie,1
1154=,Coen,1
1154=,Coerray,1
1154=,Cohan,1
1154=,Cohle,1
1154=,Coinneach,1
1154=,Coire,1
1154=,Colbi,1
1154=,Colbie,1
1154=,Coleby,1
1154=,Colin-Junior,1
1154=,Collin,1
1154=,Columcille,1
1154=,Colvin,1
1154=,Colyn,1
1154=,Comhghall,1
1154=,Conar,1
1154=,Conlen,1
1154=,Conn,1
1154=,Connor-John,1
1154=,Conor-Jay,1
1154=,Coran,1
1154=,Corann,1
1154=,Corban,1
1154=,Corben,1
1154=,Corey-Jay,1
1154=,Cormack,1
1154=,Cornell,1
1154=,Corrin,1
1154=,Corvin,1
1154=,Corwyn,1
1154=,Cosme,1
1154=,Cosmo,1
1154=,Costin,1
1154=,Coupar,1
1154=,Craig-John,1
1154=,Crawford,1
1154=,Crayg,1
1154=,Cree,1
1154=,Crispin,1
1154=,Cristen,1
1154=,Cristyan,1
1154=,Croy,1
1154=,Cruise,1
1154=,Cruze,1
1154=,Cuan,1
1154=,Cuba,1
1154=,Culbin,1
1154=,Cullan,1
1154=,Culloch,1
1154=,Cuma,1
1154=,Curtis-Cohen,1
1154=,Curtis-Jay,1
1154=,Curtis-John,1
1154=,Cynan,1
1154=,Cyrus,1
1154=,Cyrus-Jacob,1
1154=,Daanyaal,1
1154=,Daanyal,1
1154=,Daeg,1
1154=,Daemyn,1
1154=,Dai,1
1154=,Daigan,1
1154=,Dainin,1
1154=,Daintyn,1
1154=,Daividh,1
1154=,Dakota,1
1154=,Daly,1
1154=,Damiano,1
1154=,Dang,1
1154=,Daniels,1
1154=,Daniil,1
1154=,Danila,1
1154=,Danish,1
1154=,Dannish,1
1154=,Danny-Jamie,1
1154=,Danteson,1
1154=,Daoud,1
1154=,Darci,1
1154=,Darian,1
1154=,Dariq,1
1154=,Darnell,1
1154=,Darpan,1
1154=,Darra,1
1154=,Darrel,1
1154=,Darri,1
1154=,Darrin,1
1154=,Darryll,1
1154=,Dart,1
1154=,Dashiell,1
1154=,Dato,1
1154=,Davaidh,1
1154=,David-Alexander,1
1154=,David-Junior,1
1154=,David-Lee,1
1154=,Dawood,1
1154=,Daylon,1
1154=,Dayne,1
1154=,Deakyn,1
1154=,Dechlan,1
1154=,Declan-John,1
1154=,Declen,1
1154=,Declin,1
1154=,Dee-Junior,1
1154=,Deepak,1
1154=,Deigan,1
1154=,Deion,1
1154=,Deividas,1
1154=,Dekan,1
1154=,Delaney,1
1154=,Delano,1
1154=,Demetrius,1
1154=,Denizata,1
1154=,Dennan,1
1154=,Dennie,1
1154=,Dennin,1
1154=,Denny,1
1154=,Denver,1
1154=,Denzel,1
1154=,Denzil,1
1154=,Deren,1
1154=,Deri,1
1154=,Derick,1
1154=,Derrian,1
1154=,Derryn,1
1154=,Desbrough,1
1154=,Deven,1
1154=,Devid,1
1154=,Devinder,1
1154=,Devlyn,1
1154=,Devran,1
1154=,Devyn,1
1154=,Dex,1
1154=,Dexy,1
1154=,Dhalyn,1
1154=,Dharas,1
1154=,Dhilan,1
1154=,Dhruv,1
1154=,Diaby,1
1154=,Diarmuid,1
1154=,Dido,1
1154=,Dieken,1
1154=,Diezel,1
1154=,Diju,1
1154=,Dillion,1
1154=,Dilraj,1
1154=,Dilyn,1
1154=,Dimosthenes,1
1154=,Dissanayake,1
1154=,Django,1
1154=,Dmitrij,1
1154=,Domanic,1
1154=,Domhnall,1
1154=,Don,1
1154=,Donal,1
1154=,Donncha,1
1154=,Donnchadh,1
1154=,Donovan,1
1154=,Dougie,1
1154=,Dovydas,1
1154=,Drake,1
1154=,Druvh,1
1154=,Dryden,1
1154=,Duane,1
1154=,Dudley,1
1154=,Dulguun,1
1154=,Dustin,1
1154=,Dyamien,1
1154=,Dyne,1
1154=,Easton,1
1154=,Eban,1
1154=,Ebenezer,1
1154=,Ebrahim,1
1154=,Echetam,1
1154=,Edgaras,1
1154=,Edmund,1
1154=,Edric,1
1154=,Edwyn,1
1154=,Efe,1
1154=,Efrem,1
1154=,Egan,1
1154=,Ehab,1
1154=,Ehan,1
1154=,Ehsaan,1
1154=,Ehtsham,1
1154=,Eibaad,1
1154=,Eiza,1
1154=,Ekmun,1
1154=,El'jai,1
1154=,Elden,1
1154=,Elijus,1
1154=,Ellis-Rees,1
1154=,Elmuttaz-Bellah,1
1154=,Elvin,1
1154=,Elvis,1
1154=,Elwyn,1
1154=,Elyas,1
1154=,Elzeard,1
1154=,Emanuel,1
1154=,Emilio,1
1154=,Emils,1
1154=,Emir,1
1154=,Emman,1
1154=,Emmaus,1
1154=,Emmet,1
1154=,Eneas,1
1154=,Enioluwa,1
1154=,Enos,1
1154=,Enrico,1
1154=,Eowin,1
1154=,Ephraim,1
1154=,Eral,1
1154=,Eren,1
1154=,Erin,1
1154=,Erioluwa,1
1154=,Erland,1
1154=,Ernest,1
1154=,Erodotos,1
1154=,Erwan,1
1154=,Erwin,1
1154=,Eryk,1
1154=,Esa,1
1154=,Esaad,1
1154=,Esah,1
1154=,Esam,1
1154=,Esdras,1
1154=,Eshaan,1
1154=,Esosa,1
1154=,Ethan-Paul,1
1154=,Ethen,1
1154=,Etienne,1
1154=,Euen,1
1154=,Evander,1
1154=,Evangelos,1
1154=,Evicson,1
1154=,Eyitayo,1
1154=,Eyup,1
1154=,Fabio,1
1154=,Fabrice,1
1154=,Faeez,1
1154=,Fahad,1
1154=,Faheem,1
1154=,Fahimaftaf,1
1154=,Faizaan,1
1154=,Farag,1
1154=,Farai,1
1154=,Farakh,1
1154=,Faron,1
1154=,Farrel,1
1154=,Farrell,1
1154=,Farren,1
1154=,Farroz,1
1154=,Fateh,1
1154=,Favour,1
1154=,Fawwaz,1
1154=,Fayaaz,1
1154=,Fayzan,1
1154=,Fazal,1
1154=,Feargal,1
1154=,Fearghal,1
1154=,Fearghas,1
1154=,Fel,1
1154=,Ferris,1
1154=,Fiach,1
1154=,Fin,1
1154=,Finan,1
1154=,Finbar,1
1154=,Findley,1
1154=,Finian,1
1154=,Finlee,1
1154=,Finnan,1
1154=,Finnlay,1
1154=,Finton,1
1154=,Fizan,1
1154=,Folabomi,1
1154=,Ford,1
1154=,Forrest,1
1154=,Fraizer,1
1154=,Franco,1
1154=,Franki,1
1154=,Franklin,1
1154=,Frankton,1
1154=,Fred,1
1154=,Freddi,1
1154=,Frederic,1
1154=,Fredrick,1
1154=,Fredrik,1
1154=,Fu,1
1154=,Fyfe,1
1154=,Fyffe,1
1154=,Fyn,1
1154=,Fyndlay,1
1154=,Gabrial,1
1154=,Gai,1
1154=,Gajan,1
1154=,Gallagher,1
1154=,Garyn,1
1154=,Gefei,1
1154=,Gennaro,1
1154=,Georgios,1
1154=,Gerry,1
1154=,Gershon,1
1154=,Gethyn,1
1154=,Giacomo,1
1154=,Giancarlo,1
1154=,Gianluigi,1
1154=,Gianni,1
1154=,Gibran,1
1154=,Gideon,1
1154=,Gilbert,1
1154=,Gilen,1
1154=,Gillon,1
1154=,Giovani,1
1154=,Gleison,1
1154=,Glynn,1
1154=,Godffrey,1
1154=,Godlove,1
1154=,Godsome,1
1154=,Gowtham,1
1154=,Graham-Robert,1
1154=,Grantas,1
1154=,Grayden,1
1154=,Greyson,1
1154=,Griffynn,1
1154=,Gruffydd,1
1154=,Guled,1
1154=,Gum,1
1154=,Gunnlaugur,1
1154=,Guramarjit,1
1154=,Gurbuskh,1
1154=,Gurceiss,1
1154=,Gurdith,1
1154=,Gurjoth,1
1154=,Gurkeerat,1
1154=,Gurkirat,1
1154=,Gurkrishan,1
1154=,Gurmanraj,1
1154=,Gurmukh,1
1154=,Gurshaan,1
1154=,Gurshabd,1
1154=,Gurshan,1
1154=,Gurshant,1
1154=,Gustav,1
1154=,Gyorgy,1
1154=,Haakon,1
1154=,Haaris,1
1154=,Haaron,1
1154=,Habib,1
1154=,Haddi,1
1154=,Hagen,1
1154=,Haig,1
1154=,Hal,1
1154=,Hamad,1
1154=,Hamdan,1
1154=,Hammam,1
1154=,Hamsa,1
1154=,Hang,1
1154=,Hanxiong,1
1154=,Hao,1
1154=,Harald,1
1154=,Harjas,1
1154=,Harjordan,1
1154=,Harjosh,1
1154=,Harley-Preston,1
1154=,Harlin,1
1154=,Harlow,1
1154=,Harmanjot,1
1154=,Harmeet,1
1154=,Harnek,1
1154=,Harry-David,1
1154=,Harshvardhan,1
1154=,Haruki,1
1154=,Harunao,1
1154=,Harvie,1
1154=,Haryson,1
1154=,Hasaan,1
1154=,Hashir,1
1154=,Hawkai,1
1154=,Hayatt,1
1154=,Haydin,1
1154=,Haydyn,1
1154=,Haytham,1
1154=,Herbie,1
1154=,Hew,1
1154=,Hewad,1
1154=,Hikaru,1
1154=,Hillel,1
1154=,Hirown,1
1154=,Holden,1
1154=,Hong,1
1154=,Horatio,1
1154=,Houston,1
1154=,Hudeyfi,1
1154=,Hughie,1
1154=,Hukam,1
1154=,Humzah,1
1154=,Hung-Yi,1
1154=,Hunor,1
1154=,Huon,1
1154=,Husam,1
1154=,Husnain,1
1154=,Huzaifah,1
1154=,Hyrum,1
1154=,I,1
1154=,Iarlaith,1
1154=,Idriss,1
1154=,Iestyn,1
1154=,Ignacy,1
1154=,Ijaaz,1
1154=,Ikenna,1
1154=,Ikponmwosa,1
1154=,Ilan,1
1154=,Ilia,1
1154=,Ilias,1
1154=,Ilya,1
1154=,Ilyas,1
1154=,Imad,1
1154=,Imtiaz,1
1154=,Indie,1
1154=,Inis,1
1154=,Inver,1
1154=,Iosif,1
1154=,Iov,1
1154=,Irfan,1
1154=,Irhaan,1
1154=,Irvin,1
1154=,Irving,1
1154=,Is-Haaq,1
1154=,Ishaq,1
1154=,Isiaka,1
1154=,Islam,1
1154=,Ismael,1
1154=,Issa,1
1154=,Iszaac,1
1154=,Iu,1
1154=,Ivar,1
1154=,Iwo,1
1154=,Izaak,1
1154=,Izac,1
1154=,J,1
1154=,Jaad,1
1154=,Jabrill,1
1154=,Jacek,1
1154=,Jack-Daniel,1
1154=,Jacksyn,1
1154=,Jacob-James,1
1154=,Jacque,1
1154=,Jacques,1
1154=,Jad,1
1154=,Jaeden,1
1154=,Jaelyn,1
1154=,Jagdeep,1
1154=,Jagjot,1
1154=,Jago,1
1154=,Jaiden-James,1
1154=,Jaidin,1
1154=,Jaime,1
1154=,Jaimie,1
1154=,Jairaj,1
1154=,Jakson,1
1154=,Jamaal,1
1154=,Jamal,1
1154=,Jamesallan,1
1154=,Jamesjohn,1
1154=,Jamie-Dean,1
1154=,Jamie-Jae,1
1154=,Jamie-Lee,1
1154=,Jamie-Rhys,1
1154=,Jamshed,1
1154=,Janis,1
1154=,Janosch,1
1154=,Jaspreet,1
1154=,Jatin,1
1154=,Javad,1
1154=,Jay-Dee,1
1154=,Jayce,1
1154=,Jayceon,1
1154=,Jayden-Lee,1
1154=,Jaydenlee,1
1154=,Jaydev,1
1154=,Jaye,1
1154=,Jayjay,1
1154=,Jaymie,1
1154=,Jaymz,1
1154=,Jaypreet,1
1154=,Jaysonlee,1
1154=,Jaysson,1
1154=,Jayvon,1
1154=,Jean,1
1154=,Jean-Michel,1
1154=,Jean-Pierre,1
1154=,Jedidiah,1
1154=,Jedrek,1
1154=,Jeevan,1
1154=,Jeffery,1
1154=,Jeon,1
1154=,Jeremi,1
1154=,Jerin,1
1154=,Jerome,1
1154=,Jeron,1
1154=,Jerrel,1
1154=,Jerry-Lee,1
1154=,Jesan,1
1154=,Jet,1
1154=,Jeveet,1
1154=,Jgor,1
1154=,Jhames,1
1154=,Jian,1
1154=,Jiankang,1
1154=,Jiazhi,1
1154=,Jihad,1
1154=,Jim,1
1154=,Jin,1
1154=,Jireh,1
1154=,Jivin,1
1154=,Joachim,1
1154=,Jock,1
1154=,John-Angus,1
1154=,John-Eric,1
1154=,John-Francis,1
1154=,John-Jacob,1
1154=,John-Jay,1
1154=,John-Joseph,1
1154=,John-Lee,1
1154=,Johnathon,1
1154=,Johnny-Patrick,1
1154=,Johnson,1
1154=,Johnston,1
1154=,Jojo,1
1154=,Joleon,1
1154=,Jonald,1
1154=,Jonasz,1
1154=,Jonatan,1
1154=,Jonpaul,1
1154=,Joolz,1
1154=,Jordan-Lee,1
1154=,Jordin,1
1154=,Jordon,1
1154=,Jordy,1
1154=,Jordyn,1
1154=,Jorg,1
1154=,Jorge,1
1154=,Josaia,1
1154=,Joshar,1
1154=,Joshua-James,1
1154=,Joss,1
1154=,Jotham,1
1154=,Joy,1
1154=,Jozef,1
1154=,Judah,1
1154=,Junaid,1
1154=,Justin-James,1
1154=,Ka,1
1154=,Kabir,1
1154=,Kacee,1
1154=,Kadinn,1
1154=,Kaedin,1
1154=,Kael,1
1154=,Kaellinn,1
1154=,Kage,1
1154=,Kaiba,1
1154=,Kaid,1
1154=,Kaidi,1
1154=,Kaidin,1
1154=,Kaidyn,1
1154=,Kaie,1
1154=,Kailam,1
1154=,Kailan,1
1154=,Kailim,1
1154=,Kailin,1
1154=,Kailub,1
1154=,Kailum,1
1154=,Kailun,1
1154=,Kaiser,1
1154=,Kaison,1
1154=,Kaito,1
1154=,Kajal,1
1154=,Kajay,1
1154=,Kajetan,1
1154=,Kajika,1
1154=,Kalani,1
1154=,Kale,1
1154=,Kalebh,1
1154=,Kalim,1
1154=,Kalin,1
1154=,Kallagher,1
1154=,Kallan,1
1154=,Kalven,1
1154=,Kalvyn,1
1154=,Kam,1
1154=,Kamal,1
1154=,Kamden,1
1154=,Kamryn,1
1154=,Karan,1
1154=,Kardou,1
1154=,Karfala,1
1154=,Karl-Erik,1
1154=,Karm,1
1154=,Karrson,1
1154=,Karsh,1
1154=,Karson,1
1154=,Karsten,1
1154=,Karter,1
1154=,Kasjan,1
1154=,Kasper,1
1154=,Kaspian,1
1154=,Kassidi,1
1154=,Kathir,1
1154=,Kay,1
1154=,Kaycee,1
1154=,Kayden-Blue,1
1154=,Kayden-David,1
1154=,Kayden-Taylor,1
1154=,Kaydyn,1
1154=,Kayhan,1
1154=,Kayleb,1
1154=,Kaylum,1
1154=,Kayne,1
1154=,Kealin,1
1154=,Kean,1
1154=,Kearney,1
1154=,Keat,1
1154=,Keaton,1
1154=,Keavy,1
1154=,Kebba,1
1154=,Keefe,1
1154=,Keegan-Ryan,1
1154=,Keerat,1
1154=,Kees,1
1154=,Keeyan,1
1154=,Keidis,1
1154=,Keilan,1
1154=,Keilen,1
1154=,Kein,1
1154=,Keirit,1
1154=,Keldan,1
1154=,Kelso,1
1154=,Kemueli,1
1154=,Kendall,1
1154=,Kenechukwu,1
1154=,Kennadie,1
1154=,Kennith,1
1154=,Kennzie,1
1154=,Kenrick,1
1154=,Kentaro,1
1154=,Kenzee,1
1154=,Kenzie-Lee,1
1154=,Keo,1
1154=,Keon,1
1154=,Keryn,1
1154=,Keshava,1
1154=,Kesley,1
1154=,Kester,1
1154=,Ketan,1
1154=,Kevan,1
1154=,Kevin-Barry,1
1154=,Kevinas,1
1154=,Kewin,1
1154=,Khalil,1
1154=,Khole,1
1154=,Khondoker,1
1154=,Khristopher,1
1154=,Khye,1
1154=,Khyran,1
1154=,Kian-Declan,1
1154=,Kiedis,1
1154=,Kien,1
1154=,Kieren-Paul,1
1154=,Kiern,1
1154=,Kiernan,1
1154=,Kierson,1
1154=,Kietel,1
1154=,Kieth,1
1154=,Kihan,1
1154=,Kilian,1
1154=,King,1
1154=,Kintai,1
1154=,Kinza,1
1154=,Kiran,1
1154=,Kiren,1
1154=,Kiro,1
1154=,Kiron,1
1154=,Kirpah,1
1154=,Kishan,1
1154=,Kito,1
1154=,Kiyan,1
1154=,Klajus,1
1154=,Klayton,1
1154=,Kobee,1
1154=,Kobey,1
1154=,Kobie,1
1154=,Kodey,1
1154=,Koen,1
1154=,Kohen,1
1154=,Koray,1
1154=,Korbin,1
1154=,Korbyn,1
1154=,Korneliusz,1
1154=,Korrey,1
1154=,Kory,1
1154=,Kory-Taylor,1
1154=,Krishnan,1
1154=,Kristin,1
1154=,Kristofer,1
1154=,Kristoffer,1
1154=,Kruz,1
1154=,Ksawier,1
1154=,Kulvir,1
1154=,Kuran,1
1154=,Kwasi,1
1154=,Kweku,1
1154=,Kylib,1
1154=,Kymani,1
1154=,Kynan,1
1154=,Kyron,1
1154=,Kyrone,1
1154=,L'jae,1
1154=,L-Jay,1
1154=,Lachlan-Alexander,1
1154=,Laighton,1
1154=,Laike,1
1154=,Laith,1
1154=,Landi,1
1154=,Lando,1
1154=,Landon,1
1154=,Larry,1
1154=,Lars,1
1154=,Lasine,1
1154=,Latham,1
1154=,Lathan,1
1154=,Lauchlin,1
1154=,Lauchlyn,1
1154=,Laughlin,1
1154=,Lausson,1
1154=,Law,1
1154=,Laytan,1
1154=,Le'on,1
1154=,Leandro,1
1154=,Leask,1
1154=,Leban,1
1154=,Lee-Tyler,1
1154=,Leeam,1
1154=,Leelan,1
1154=,Leeland,1
1154=,Leeroy,1
1154=,Leighton-Thomas,1
1154=,Leilan,1
1154=,Leiland,1
1154=,Lelynd,1
1154=,Lennan,1
1154=,Lennix,1
1154=,Lennon-Junior,1
1154=,Lenon,1
1154=,Leo-James,1
1154=,Leo-John,1
1154=,Leon-Paul,1
1154=,Leondre,1
1154=,Leonhard,1
1154=,Lev,1
1154=,Levent,1
1154=,Levin,1
1154=,Levon,1
1154=,Lewes,1
1154=,Lewis-Jack,1
1154=,Lewis-James,1
1154=,Leylan,1
1154=,Leyland,1
1154=,Liam-Jason,1
1154=,Liamsalih,1
1154=,Liath,1
1154=,Lige,1
1154=,Lindsay,1
1154=,Linus,1
1154=,Lito,1
1154=,Livai,1
1154=,Lj,1
1154=,Llayton,1
1154=,Llewelyn,1
1154=,Lochlin,1
1154=,Lochlynn,1
1154=,Lochrin,1
1154=,Logan-Alexzander,1
1154=,Logan-James,1
1154=,Logan-Lee,1
1154=,Logen,1
1154=,Logie,1
1154=,Loki,1
1154=,Loris,1
1154=,Lorn,1
1154=,Loyd,1
1154=,Lucas-James,1
1154=,Lucian,1
1154=,Luciano,1
1154=,Lucio,1
1154=,Lui,1
1154=,Lukias,1
1154=,Lungelo,1
1154=,Luqman,1
1154=,Lyon,1
1154=,Maahin,1
1154=,Maalik,1
1154=,Macallan,1
1154=,Macaulay-Alexander,1
1154=,Mackenzy,1
1154=,Macki,1
1154=,Mackie,1
1154=,Mackinley,1
1154=,Mackinley-Kyle,1
1154=,Macklin,1
1154=,Maddison,1
1154=,Madison,1
1154=,Mael,1
1154=,Mahib,1
1154=,Mahomed,1
1154=,Mahran,1
1154=,Mahsun,1
1154=,Maina,1
1154=,Majid,1
1154=,Makafui,1
1154=,Makenzi,1
1154=,Makenzie,1
1154=,Makinlay,1
1154=,Makulusio,1
1154=,Malachi,1
1154=,Malaki,1
1154=,Malek,1
1154=,Mali,1
1154=,Malik,1
1154=,Malkie,1
1154=,Malkum,1
1154=,Malo,1
1154=,Malone,1
1154=,Mamlouk,1
1154=,Manasseh,1
1154=,Manchanayake,1
1154=,Manek,1
1154=,Mani,1
1154=,Mann,1
1154=,Manpreet,1
1154=,Manson,1
1154=,Mansur,1
1154=,Marc-Hugh,1
1154=,Marcas,1
1154=,Marcuss,1
1154=,Marlowe,1
1154=,Marly,1
1154=,Marly-O'neill,1
1154=,Martin-Lee,1
1154=,Marty,1
1154=,Martyn,1
1154=,Marzouq,1
1154=,Masud,1
1154=,Masyn,1
1154=,Mateen,1
1154=,Matheo,1
1154=,Matheus,1
1154=,Matias,1
1154=,Matteus,1
1154=,Mattheos,1
1154=,Matty,1
1154=,Maurice,1
1154=,Maxx-Cody,1
1154=,Mazin,1
1154=,Mazvydas,1
1154=,Mbanza,1
1154=,Mccoist,1
1154=,Mckai,1
1154=,Mckenzi,1
1154=,Mcmillion,1
1154=,Mecah,1
1154=,Merlin,1
1154=,Merrick,1
1154=,Meshal,1
1154=,Mevlut,1
1154=,Michele,1
1154=,Mickeyjohn,1
1154=,Mieszko,1
1154=,Mikael,1
1154=,Mikah,1
1154=,Mikail,1
1154=,Mike,1
1154=,Mikee,1
1154=,Mikie,1
1154=,Miko,1
1154=,Millan,1
1154=,Mina,1
1154=,Mingyang,1
1154=,Misbahuddin,1
1154=,Mishel,1
1154=,Mitchel,1
1154=,Moawia,1
1154=,Moby,1
1154=,Modou,1
1154=,Mohammad-Hasan,1
1154=,Mohammed-Abdullah,1
1154=,Moheez,1
1154=,Mohmade,1
1154=,Mohmmad,1
1154=,Mohummed,1
1154=,Moise,1
1154=,Momin,1
1154=,Monde-Jnr,1
1154=,Montague,1
1154=,Montrose,1
1154=,Morgyn,1
1154=,Morris,1
1154=,Morrison,1
1154=,Mosbah,1
1154=,Motonaoluwa,1
1154=,Mouhamed,1
1154=,Moumen,1
1154=,Moundir,1
1154=,Mousa,1
1154=,Mpho,1
1154=,Muazzam,1
1154=,Muhamad,1
1154=,Muhammad-Zamin,1
1154=,Muhammadabdullah,1
1154=,Muhummed,1
1154=,Muireach,1
1154=,Mukhtar,1
1154=,Mulham,1
1154=,Muneeb,1
1154=,Mungo,1
1154=,Munro,1
1154=,Muqaddam,1
1154=,Murren,1
1154=,Murtaza,1
1154=,Mussa,1
1154=,Mussadiq,1
1154=,Mustafe,1
1154=,Myan,1
1154=,Mykenzie,1
1154=,Mykey,1
1154=,Myson,1
1154=,Nachikambi,1
1154=,Nachiket,1
1154=,Nadar,1
1154=,Nadim,1
1154=,Naithan,1
1154=,Najam,1
1154=,Naji,1
1154=,Najib,1
1154=,Nana,1
1154=,Nasr,1
1154=,Nataniel,1
1154=,Natans,1
1154=,Nathanial,1
1154=,Nathen,1
1154=,Nathyn,1
1154=,Naufan,1
1154=,Navda,1
1154=,Navid,1
1154=,Navjot,1
1154=,Navroz,1
1154=,Navtej,1
1154=,Nawaf,1
1154=,Nawaz,1
1154=,Nawfal,1
1154=,Naythan,1
1154=,Nazeem,1
1154=,Nazir,1
1154=,Neely,1
1154=,Neitzan,1
1154=,Nen,1
1154=,Nero,1
1154=,Nevis,1
1154=,Newlin,1
1154=,Nichol,1
1154=,Nicholas-Jay,1
1154=,Nick,1
1154=,Nicolabart,1
1154=,Nigel,1
1154=,Nii,1
1154=,Nikash,1
1154=,Nikki,1
1154=,Niko,1
1154=,Niks,1
1154=,Nima,1
1154=,Niranjan,1
1154=,Nixon,1
1154=,Noe,1
1154=,Nolan,1
1154=,Noor,1
1154=,Norman,1
1154=,Norton,1
1154=,Nwabufo,1
1154=,Nwatakwochaka,1
1154=,Nye,1
1154=,Nzubechukwu,1
1154=,O'shay,1
1154=,Octavio,1
1154=,Oden,1
1154=,Odhinn,1
1154=,Oghenemaro,1
1154=,Okko,1
1154=,Oladipo,1
1154=,Olan,1
1154=,Olasubomi,1
1154=,Ole,1
1154=,Olgierd,1
1154=,Oli,1
1154=,Oliver-Jnr,1
1154=,Oliwer,1
1154=,Olli,1
1154=,Olly,1
1154=,Olumayowa,1
1154=,Oluwafemi,1
1154=,Oluwafunbi,1
1154=,Oluwalonimi,1
1154=,Oluwaseyi,1
1154=,Oluwatimileyin,1
1154=,Omid,1
1154=,Onesine,1
1154=,Onju,1
1154=,Onkar,1
1154=,Oren,1
1154=,Ori,1
1154=,Orion,1
1154=,Orlando,1
1154=,Orrin,1
1154=,Osahumwense,1
1154=,Osamudiamen,1
1154=,Osayamen,1
1154=,Osayi,1
1154=,Oselumese,1
1154=,Osemudiamen,1
1154=,Osikhuemeh,1
1154=,Otto,1
1154=,Ounkar,1
1154=,Ovenseri,1
1154=,Ozzy,1
1154=,Pablo,1
1154=,Padraig,1
1154=,Paisley,1
1154=,Pakal,1
1154=,Paolo,1
1154=,Paramjot,1
1154=,Pari,1
1154=,Parsa,1
1154=,Pascal,1
1154=,Patrick-Jack,1
1154=,Patrick-James,1
1154=,Patrik,1
1154=,Paul-Ross,1
1154=,Pauliasi,1
1154=,Payton,1
1154=,Peace,1
1154=,Peadar,1
1154=,Pearse,1
1154=,Perry,1
1154=,Petar,1
1154=,Pierre,1
1154=,Pieter,1
1154=,Plamedie,1
1154=,Porter,1
1154=,Poul,1
1154=,Prabh,1
1154=,Pranav,1
1154=,Praveen,1
1154=,Presten,1
1154=,Prosper,1
1154=,Przemek,1
1154=,Przemyslaw,1
1154=,Ptolemy,1
1154=,Qais,1
1154=,Qamar,1
1154=,Qays,1
1154=,Qayyoom,1
1154=,Qi,1
1154=,Qichao,1
1154=,Qijun,1
1154=,Quadri,1
1154=,Quaid,1
1154=,Quamina,1
1154=,Quentin,1
1154=,Quincy,1
1154=,Rabeh,1
1154=,Radoslav,1
1154=,Radoslaw,1
1154=,Raegan,1
1154=,Rafae,1
1154=,Rafai,1
1154=,Rafat,1
1154=,Rafe,1
1154=,Rafferty,1
1154=,Rahil,1
1154=,Rahim,1
1154=,Rahman,1
1154=,Rahulkrishna,1
1154=,Raiffe,1
1154=,Raiko,1
1154=,Raimi,1
1154=,Rajdeep,1
1154=,Rajin,1
1154=,Rakin,1
1154=,Ralfs,1
1154=,Ralphie,1
1154=,Ramadam,1
1154=,Ramandeep,1
1154=,Ramin,1
1154=,Ramzaan,1
1154=,Ran,1
1154=,Randeep,1
1154=,Ratu,1
1154=,Rauidhri,1
1154=,Rauiri,1
1154=,Raul,1
1154=,Raven,1
1154=,Rayden,1
1154=,Rayed,1
1154=,Razzer,1
1154=,Red,1
1154=,Redd,1
1154=,Reeve,1
1154=,Reggie,1
1154=,Rehman,1
1154=,Reily,1
1154=,Reise,1
1154=,Remi,1
1154=,Remigiusz,1
1154=,Remo,1
1154=,Renar,1
1154=,Reni,1
1154=,Renouf,1
1154=,Reubyn,1
1154=,Rhett,1
1154=,Rhiad,1
1154=,Rhiann,1
1154=,Rhigan,1
1154=,Rhilay,1
1154=,Rhonin,1
1154=,Rhori,1
1154=,Rhuaridh,1
1154=,Rhudi,1
1154=,Rhuiri,1
1154=,Rhun,1
1154=,Rhuraidhi,1
1154=,Rhury,1
1154=,Rhyce,1
1154=,Riad,1
1154=,Riain,1
1154=,Riaz,1
1154=,Rick,1
1154=,Ricki,1
1154=,Riddhiman,1
1154=,Ridwan,1
1154=,Rieley,1
1154=,Rielly,1
1154=,Riess,1
1154=,Rieve,1
1154=,Rimgaudas,1
1154=,Rinalds,1
1154=,Rino,1
1154=,Rishi,1
1154=,Rishon,1
1154=,Riyaan,1
1154=,Rizwan,1
1154=,Rjay,1
1154=,Roahan,1
1154=,Roary,1
1154=,Rob,1
1154=,Robb,1
1154=,Robbie-Jay,1
1154=,Roberts,1
1154=,Robi,1
1154=,Robson,1
1154=,Robyn,1
1154=,Rochan,1
1154=,Roddie,1
1154=,Roger,1
1154=,Rohail,1
1154=,Rohen,1
1154=,Rohith,1
1154=,Rojan,1
1154=,Roland,1
1154=,Romanos,1
1154=,Romeo-Rowland,1
1154=,Romesh,1
1154=,Romeu,1
1154=,Rommin,1
1154=,Ronak,1
1154=,Ronay,1
1154=,Rong,1
1154=,Rorrie,1
1154=,Roshan,1
1154=,Rossi,1
1154=,Rron,1
1154=,Ruairaidh,1
1154=,Ruariadh,1
1154=,Rubens,1
1154=,Rubin,1
1154=,Rudi-Gene,1
1154=,Rudolf,1
1154=,Rudra,1
1154=,Rufay,1
1154=,Rui,1
1154=,Ruiraidh,1
1154=,Ruiri,1
1154=,Ruiridh,1
1154=,Rune,1
1154=,Ruo,1
1154=,Rupesh,1
1154=,Rurik,1
1154=,Rury,1
1154=,Russel,1
1154=,Rustum,1
1154=,Ruudi,1
1154=,Ryaan,1
1154=,Rydnn,1
1154=,Rylan,1
1154=,Ryver,1
1154=,Saad,1
1154=,Saadali,1
1154=,Saahil,1
1154=,Sacha,1
1154=,Saci-Kisora,1
1154=,Sadiq,1
1154=,Saed,1
1154=,Safey,1
1154=,Safi-Ur-Rehman,1
1154=,Sagar,1
1154=,Sahib,1
1154=,Saif-Ur-Rehman,1
1154=,Saim,1
1154=,Sajidur,1
1154=,Salahdin,1
1154=,Salfu,1
1154=,Saliq,1
1154=,Salvador,1
1154=,Samiyen,1
1154=,Samman,1
1154=,Samson,1
1154=,Samuel-Cristi,1
1154=,Samuele,1
1154=,Samyan,1
1154=,Sandy-Jay,1
1154=,Sanojan,1
1154=,Santiago,1
1154=,Santino,1
1154=,Sanuka,1
1154=,Sanwal,1
1154=,Saqib,1
1154=,Sarim,1
1154=,Sarwand,1
1154=,Sashin,1
1154=,Satnaam,1
1154=,Satravi,1
1154=,Sauban,1
1154=,Saulius,1
1154=,Savio,1
1154=,Savva,1
1154=,Sayantan,1
1154=,Sayful,1
1154=,Sayyam,1
1154=,Se,1
1154=,Sean-Paul,1
1154=,Sean-Scott,1
1154=,Seanlee,1
1154=,Seanpaul,1
1154=,Seathan,1
1154=,Sebestian,1
1154=,Selasi,1
1154=,Selman,1
1154=,Seosamh,1
1154=,Sergie,1
1154=,Sergio,1
1154=,Sergiusz,1
1154=,Severin,1
1154=,Seyed,1
1154=,Sgillbert,1
1154=,Shaakir,1
1154=,Shaan,1
1154=,Shabbir,1
1154=,Shahjahan,1
1154=,Shahrad,1
1154=,Shahryar,1
1154=,Shahzad,1
1154=,Shai,1
1154=,Shalev,1
1154=,Shamus,1
1154=,Shaun-Paul,1
1154=,Shaunak,1
1154=,Shaunn,1
1154=,Shavaiz,1
1154=,Shaw,1
1154=,Shawez,1
1154=,Shawn,1
1154=,Shawn-Paul,1
1154=,Shayaan,1
1154=,Shayan,1
1154=,Shaz,1
1154=,Shazeb,1
1154=,Shepard,1
1154=,Sheraz,1
1154=,Sherwan,1
1154=,Shezan,1
1154=,Shi,1
1154=,Shinnarong,1
1154=,Shiran,1
1154=,Shiv,1
1154=,Shiva,1
1154=,Shivam,1
1154=,Shogo,1
1154=,Shourjo,1
1154=,Si-Heng,1
1154=,Sid,1
1154=,Siddarth,1
1154=,Siddharth,1
1154=,Sidhanth,1
1154=,Sidharth,1
1154=,Sidney,1
1154=,Silas,1
1154=,Simas,1
1154=,Simba,1
1154=,Simranjot,1
1154=,Sinclair,1
1154=,Sinenkosi,1
1154=,Sinovuyo,1
1154=,Sion,1
1154=,Sivi,1
1154=,Socrates,1
1154=,Sohail,1
1154=,Sohan,1
1154=,Somerled,1
1154=,Somyong,1
1154=,Sonney,1
1154=,Sonni,1
1154=,Sonnie,1
1154=,Sora,1
1154=,Soren,1
1154=,Sotiris,1
1154=,Spike,1
1154=,Srikar,1
1154=,Srikrishna,1
1154=,Steffan,1
1154=,Steinarr,1
1154=,Stellan,1
1154=,Stephane,1
1154=,Stevan,1
1154=,Steve,1
1154=,Stevy,1
1154=,Storm,1
1154=,Styvenas,1
1154=,Subhan,1
1154=,Suchen,1
1154=,Sudeep,1
1154=,Sufyaan,1
1154=,Sujal,1
1154=,Sukhjot,1
1154=,Sulaiman,1
1154=,Sulayman,1
1154=,Suleiman,1
1154=,Sultan,1
1154=,Sunni,1
1154=,Sunny,1
1154=,Suraj,1
1154=,Sushanth,1
1154=,Sutherland,1
1154=,Suzal,1
1154=,Swaissi,1
1154=,Swapnil,1
1154=,Sydney,1
1154=,Sylvester,1
1154=,Syon,1
1154=,T,1
1154=,Taegan,1
1154=,Taelor,1
1154=,Taiga,1
1154=,Tain,1
1154=,Taine,1
1154=,Taitus,1
1154=,Takya,1
1154=,Talan,1
1154=,Talyn,1
1154=,Tammas,1
1154=,Tamunuonimi,1
1154=,Tane,1
1154=,Tanner,1
1154=,Tanush,1
1154=,Tanveer,1
1154=,Tanvir,1
1154=,Tapiwa,1
1154=,Taran,1
1154=,Tarran,1
1154=,Tarrin,1
1154=,Tashi,1
1154=,Tavish,1
1154=,Tawananyasha,1
1154=,Tayab,1
1154=,Taylan,1
1154=,Taylor-Jay,1
1154=,Taylor-John,1
1154=,Taylor-Lee,1
1154=,Tayo,1
1154=,Tayte,1
1154=,Tearlach,1
1154=,Tearloch,1
1154=,Teemu,1
1154=,Teigue,1
1154=,Temiloluwa,1
1154=,Temisan,1
1154=,Tendai,1
1154=,Tensho,1
1154=,Teodoro,1
1154=,Teon,1
1154=,Terje,1
1154=,Terseer,1
1154=,Thaigh,1
1154=,Thane,1
1154=,Thevindu,1
1154=,Thierry,1
1154=,Thijmen,1
1154=,Thom,1
1154=,Thomas-James,1
1154=,Thomas-Jordan,1
1154=,Thomasjay,1
1154=,Thurston,1
1154=,Thyler-Jakk,1
1154=,Tiaan,1
1154=,Tichic,1
1154=,Tig,1
1154=,Timi,1
1154=,Timophey,1
1154=,Tin,1
1154=,Tio-Rayne,1
1154=,Tirth,1
1154=,Titas,1
1154=,Titus,1
1154=,Tivakudze,1
1154=,Tjay,1
1154=,Tobin,1
1154=,Toluwani,1
1154=,Tomaz,1
1154=,Tominey,1
1154=,Tommy-Lee,1
1154=,Tomoya,1
1154=,Tomylee,1
1154=,Toni-Lee,1
1154=,Tonish,1
1154=,Toreud,1
1154=,Tormod,1
1154=,Torquil,1
1154=,Torran,1
1154=,Toryn,1
1154=,Trayton,1
1154=,Tre,1
1154=,Trent,1
1154=,Trevor,1
1154=,Trey,1
1154=,Tristian,1
1154=,Tristin,1
1154=,Tshiamo,1
1154=,Tsin,1
1154=,Tsz,1
1154=,Tugay,1
1154=,Ty-Rhys,1
1154=,Tygh,1
1154=,Tyler-J,1
1154=,Tyler-James,1
1154=,Tyler-Jay,1
1154=,Tyler-Lee,1
1154=,Tymon,1
1154=,Tyrese,1
1154=,Tyron,1
1154=,Tyson,1
1154=,Tytus,1
1154=,Uist,1
1154=,Ujama,1
1154=,Umberto,1
1154=,Upkeerat,1
1154=,Urayoan,1
1154=,Vaclav,1
1154=,Vaibhav,1
1154=,Valo,1
1154=,Vasco,1
1154=,Vasiliy,1
1154=,Vaughan,1
1154=,Ved,1
1154=,Venelin,1
1154=,Viggo,1
1154=,Viscol,1
1154=,Vito,1
1154=,Vitor,1
1154=,Vyom,1
1154=,Waheed,1
1154=,Wai,1
1154=,Wali,1
1154=,Wan,1
1154=,Waqaas,1
1154=,Warin,1
1154=,Waseem,1
1154=,Watan,1
1154=,Wayde,1
1154=,Wei,1
1154=,Wen,1
1154=,Wilfred,1
1154=,Wilfrid,1
1154=,Willem,1
1154=,William-Alexander,1
1154=,William-Cole,1
1154=,Wisdom,1
1154=,Won,1
1154=,Wyat,1
1154=,Wylson,1
1154=,Xavi,1
1154=,Xi,1
1154=,Xyzander,1
1154=,Yahyaa,1
1154=,Yamikani,1
1154=,Yanick,1
1154=,Yaseen,1
1154=,Yasine,1
1154=,Yaxye,1
1154=,Yehuda,1
1154=,Yi,1
1154=,Yiahyiaali,1
1154=,Yohan,1
1154=,Yongyan,1
1154=,Yousief,1
1154=,Yousif,1
1154=,Youssouf,1
1154=,Yuchen,1
1154=,Yuga,1
1154=,Yun,1
1154=,Yunxiang,1
1154=,Yuqi,1
1154=,Zaac,1
1154=,Zacharias,1
1154=,Zachery,1
1154=,Zackariya,1
1154=,Zackious,1
1154=,Zahrick,1
1154=,Zaid,1
1154=,Zakary,1
1154=,Zakeriya,1
1154=,Zakria,1
1154=,Zantay,1
1154=,Zaq,1
1154=,Zaryab,1
1154=,Zavier,1
1154=,Zayaan,1
1154=,Zayaan-Vega,1
1154=,Zayden,1
1154=,Ze,1
1154=,Zechariah,1
1154=,Zeeshan,1
1154=,Zeke,1
1154=,Zen,1
1154=,Zenn,1
1154=,Zeyan,1
1154=,Zhao,1
1154=,Zhe,1
1154=,Zhi,1
1154=,Zibusiso,1
1154=,Zidan,1
1154=,Zidane,1
1154=,Zikoranachimdi,1
1154=,Zinedine,1
1154=,Zion,1
1154=,Ziyad,1
1154=,Zou,1
1154=,Zu,1
1154=,Zulqiffal,1
1154=,Zuriel,1
1154=,Zvi,1
,,
,,
,,
,,
,,
,,
,,
,,
,,
,,
,,
,,
,,
,,
,,
,,
,,
,,
,,
,,
,,
,,
,,
,,
,,
,,
,,
,,
,,
,,
,,
,,
,,
,,
,,
,,
,,
,,
,,
,,
,,
,,
,,
,,
,,
,,
,,
,,
,,
,,
,,
,,
,,
,,
,,
,,
,,
,,
,,
,,
,,
,,
,,
,,
,,
,,
,,
,,
,,
,,
,,
,,
,,
,,
,,
,,
,,
,,
,,
,,
,,
,,
,,
,,
,,
,,
,,
,,
,,
,,
,,
,,
,,
,,
,,
,,
,,
,,
,,
,,
,,
,,
,,
,,
,,
,,
,,
,,
,,
,,
,,
,,
,,
,,
,,
,,
,,
,,
,,
,,
,,
,,
,,
,,
,,
,,
,,
,,
,,
,,
,,
,,
,,
,,
,,
,,
,,
,,
,,
,,
,,
,,
,,
,,
,,
,,
,,
,,
,,
,,
,,
,,
,,
,,
,,
,,
,,
,,
,,
,,
,,
,,
,,
,,
,,
,,
,,
,,
,,
,,
,,
,,
,,
,,
,,
,,
,,
,,
,,
,,
,,
,,
,,
,,
,,
,,
,,
,,
,,
,,
,,
,,
,,
,,
,,
,,
,,
,,
,,
,,
,,
,,
,,
,,
,,
,,
,,
,,
,,
,,
,,
,,
,,
,,
,,
,,
,,
,,
,,
,,
,,
,,
,,
,,
,,
,,
,,
,,
,,
,,
,,
,,
,,
,,
,,
,,
,,
,,
,,
,,
,,
,,
,,
,,
,,
,,
,,
,,
,,
,,
,,
,,
,,
,,
,,
,,
,,
,,
,,
,,
,,
,,
,,
,,
,,
,,
,,
,,
,,
,,
,,
,,
,,
,,
,,
,,
,,
,,
,,
,,
,,
,,
,,
,,
,,
,,
,,
,,
,,
,,
,,
,,
,,
,,
,,
,,
,,
,,
,,
,,
,,
,,
,,
,,
,,
,,
,,
,,
,,
,,
,,
,,
,,
,,
,,
,,
,,
,,
,,
,,
,,
,,
,,
,,
,,
,,
,,
,,
,,
,,
,,
,,
,,
,,
,,
,,
,,
,,
,,
,,
,,
,,
,,
,,
,,
,,
,,
,,
,,
,,
,,
,,
,,
,,
,,
,,
,,
,,
,,
,,
,,
,,
,,
,,
,,
,,
,,
,,
,,
,,
,,
,,
,,
,,
,,
,,
,,
,,
,,
,,
,,
,,
,,
,,
,,
,,
,,
,,
,,
,,
,,
,,
,,
,,
,,
,,
,,
,,
,,
,,
,,
,,
,,
,,
,,
,,
,,
,,
,,
,,
,,
,,
,,
,,
,,
,,
,,
,,
,,
,,
,,
,,
,,
,,
,,
,,
,,
,,
,,
,,
,,
,,
,,
,,
,,
,,
,,
,,
,,
,,
,,
,,
,,
,,
,,
,,
,,
,,
,,
,,
,,
,,
,,
,,
,,
,,
,,
,,
,,
,,
,,
,,
,,
,,
,,
,,
,,
,,
,,
,,
,,
,,
,,
,,
,,
,,
,,
,,
,,
,,
,,
,,
,,
,,
,,
,,
,,
,,
,,
,,
,,
,,
,,
,,
,,
,,
,,
,,
,,
,,
,,
,,
,,
,,
,,
,,
,,
,,
,,
,,
,,
,,
,,
,,
,,
,,
,,
,,
,,
,,
,,
,,
,,
,,
,,
,,
,,
,,
,,
,,
,,
,,
,,
,,
,,
,,
,,
,,
,,
,,
,,
,,
,,
,,
,,
,,
,,
,,
,,
,,
,,
,,
,,
,,
,,
,,
,,
,,
,,
,,
,,
,,
,,
,,
,,
,,
,,
,,
,,
,,
,,
,,
,,
,,
,,
,,
,,
,,
,,
,,
,,
,,
,,
,,
,,
,,
,,
,,
,,
,,
,,
,,
,,
,,
,,
,,
,,
,,
,,
,,
,,
,,
,,
,,
,,
,,
,,
,,
,,
,,
,,
,,
,,
,,
,,
,,
,,
,,
,,
,,
,,
,,
,,
,,
,,
,,
,,
,,
,,
,,
,,
,,
,,
,,
,,
,,
,,
,,
,,
,,
,,
,,
,,
,,
,,
,,
,,
,,
,,
,,
,,
,,
,,
,,
,,
,,
,,
,,
,,
,,
,,
,,
,,
,,
,,
,,
,,
,,
,,
,,
,,
,,
,,
,,
,,
,,
,,
,,
,,
,,
,,
,,
,,
,,
,,
,,
,,
,,
,,
,,
,,
,,
,,
,,
,,
,,
,,
,,
,,
,,
,,
,,
,,
,,
,,
,,
,,
,,
,,
,,
,,
,,
,,
,,
,,
,,
,,
,,
,,
,,
,,
,,
,,
,,
,,
,,
,,
,,
,,
,,
,,
,,
,,
,,
,,
,,
,,
,,
,,
,,
,,
,,
,,
,,
,,
,,
,,
,,
,,
,,
,,
,,
,,
,,
,,
,,
,,
,,
,,
,,
,,
,,
,,
,,
,,
,,
,,
,,
,,
,,
,,
,,
,,
,,
,,
,,
,,
,,
,,
,,
,,
,,
,,
,,
,,
,,
,,
,,
,,
,,
,,
,,
,,
,,
,,
,,
,,
,,
,,
,,
,,
,,
,,
,,
,,
,,
,,
,,
,,
,,
,,
,,
,,
,,
,,
,,
,,
,,
,,
,,
,,
,,
,,
,,
,,
,,
,,
,,
,,
,,
,,
,,
,,
,,
,,
,,
,,
,,
,,
,,
,,
,,
,,
,,
,,
,,
,,
,,
,,
,,
,,
,,
,,
,,
,,
,,
,,
,,
,,
,,
,,
,,
,,
,,
,,
,,
,,
,,
,,
,,
,,
,,
,,
,,
,,
,,
,,
,,
,,
,,
,,
,,
,,
,,
,,
,,
,,
,,
,,
,,
,,
,,
,,
,,
,,
,,
,,
,,
,,
,,
,,
,,
,,
,,
,,
,,
,,
,,
,,
,,
,,
,,
,,
,,
,,
,,
,,
,,
,,
,,
,,
,,
,,
,,
,,
,,
,,
,,
,,
,,
,,
,,
,,
,,
,,
,,
,,
,,
,,
,,
,,
,,
,,
,,
,,
,,
,,
,,
,,
,,
,,
,,
,,
,,
,,
,,
,,
,,
,,
,,
,,
,,
,,
,,
,,
,,
,,
,,
,,
,,
,,
,,
,,
,,
,,
,,
,,
,,
,,
,,
,,
,,
,,
,,
,,
,,
,,
,,
,,
,,
,,
,,
,,
,,
,,
,,
,,
,,
,,
,,
,,
,,
,,
,,
,,
,,
,,
,,
,,
,,
,,
,,
,,
,,
,,
,,
,,
,,
,,
,,
,,
,,
,,
,,
,,
,,
,,
,,
,,
,,
,,
,,
,,
,,
,,
,,
,,
,,
,,
,,
,,
,,
,,
,,
,,
,,
,,
,,
,,
,,
,,
,,
,,
,,
,,
,,
,,
,,
,,
,,
,,
,,
,,
,,
,,
,,
,,
,,
,,
,,
,,
,,
,,
,,
,,
,,
,,
,,
,,
,,
,,
,,
,,
,,
,,
,,
,,
,,
,,
,,
,,
,,
,,
,,
,,
,,
,,
,,
,,
,,
,,
,,
,,
,,
,,
,,
,,
,,
,,
,,
,,
,,
,,
,,
,,
,,
,,
,,
,,
,,
,,
,,
,,
,,
,,
,,
,,
,,
,,
,,
,,
,,
,,
,,
,,
,,
,,
,,
,,
,,
,,
,,
,,
,,
� Crown Copyright 2015,,
