Position,Name,Number of babies
1,Jack,650
2,Lewis,498
3,James,480
4=,Daniel,391
4=,Ethan,391
6,Logan,386
7,Alexander,346
8,Harry,345
9,Ryan,343
10,Oliver,341
11,Aaron,331
12,Cameron,321
13,Lucas,318
14,Riley,306
15,Matthew,305
16,Callum,299
17,Charlie,293
18,Adam,288
19,Finlay,281
20,Aiden,279
21,Dylan,278
22,Jamie,274
23,Alfie,270
24,Kyle,266
25,Liam,265
26,Max,260
27,Thomas,257
28,Nathan,253
29,Connor,238
30,Jayden,227
31,Mason,217
32=,Joshua,211
32=,Tyler,211
34,Rory,205
35,Andrew,204
36,Jacob,203
37,William,201
38,Noah,198
39,Kai,194
40,Leo,193
41,Archie,188
42,Michael,176
43,John,175
44,Samuel,174
45,Ben,173
46,Luke,172
47,Jay,164
48,Cole,162
49,Harris,160
50,David,158
51,Caleb,148
52,Benjamin,141
53,Fraser,139
54,Joseph,136
55=,Jake,134
55=,Leon,134
55=,Rhys,134
58,Aidan,131
59=,Josh,130
59=,Owen,130
61,Robert,129
62,Euan,128
63,Kayden,125
64,Sam,123
65,Robbie,119
66,Calum,118
67,Arran,114
68,Oscar,111
69,Christopher,110
70,Scott,109
71,Brodie,108
72,Angus,107
73,Harrison,106
74,Murray,104
75,Reece,98
76=,Kaiden,96
76=,Muhammad,96
78,Ewan,95
79=,Finn,94
79=,Ross,94
81,Sean,89
82,Ollie,88
83,Kieran,87
84,Blair,83
85,Evan,82
86,Jude,81
87,Ruaridh,78
88,Kian,77
89=,Isaac,75
89=,Mark,75
89=,Taylor,75
92,Mohammed,73
93=,Cody,72
93=,Corey,72
95=,Declan,71
95=,Lennon,71
97=,Cooper,70
97=,Luca,70
99=,Hamish,68
99=,Jackson,68
99=,Zak,68
102=,George,66
102=,Zac,66
104=,Alex,65
104=,Olly,65
106,Ciaran,64
107,Lachlan,62
108=,Blake,61
108=,Charles,61
108=,Theo,61
111,Stephen,60
112,Calvin,58
113,Craig,57
114=,Elliot,55
114=,Struan,55
116=,Harvey,54
116=,Kenzie,54
118,Steven,53
119=,Anthony,52
119=,Gabriel,52
119=,Gregor,52
119=,Louis,52
119=,Sebastian,52
124,Hayden,51
125=,Paul,50
125=,Zack,50
127=,Innes,49
127=,Patrick,49
127=,Reuben,49
127=,Shay,49
127=,Zachary,49
132,Ashton,48
133,Bailey,46
134=,Brody,45
134=,Carson,45
134=,Ellis,45
137,Alistair,44
138=,Brandon,43
138=,Conor,43
140=,Jason,42
140=,Jaxon,42
140=,Mohammad,42
143=,Alan,41
143=,Flynn,41
143=,Jonathan,41
143=,Peter,41
143=,Tommy,41
148=,Callan,40
148=,Fergus,40
148=,Filip,40
148=,Jordan,40
148=,Kevin,40
148=,Marcus,40
148=,Zach,40
155=,Austin,39
155=,Danny,39
155=,Henry,39
155=,Jakub,39
155=,Junior,39
155=,Louie,39
155=,Shaun,39
155=,Sonny,39
163,Lyle,37
164,Joe,36
165=,Dean,34
165=,Keir,34
165=,Stuart,34
168=,Duncan,33
168=,Ruairidh,33
168=,Toby,33
171=,Cayden,32
171=,Dominic,32
171=,Findlay,32
171=,Ronan,32
175=,Alasdair,31
175=,Billy,31
175=,Darren,31
175=,Dexter,31
175=,Freddie,31
175=,Lee,31
181,Tristan,30
182=,Caiden,29
182=,Campbell,29
184=,Cian,28
184=,Layton,28
184=,Levi,28
184=,Maxwell,28
184=,Myles,28
189=,Arthur,27
189=,Carter,27
189=,Kacper,27
189=,Oskar,27
189=,Seth,27
194=,Harley,26
194=,Leighton,26
194=,Magnus,26
194=,Rio,26
194=,Ruben,26
194=,Stewart,26
200=,Bradley,25
200=,Joel,25
200=,Ryley,25
200=,Tom,25
200=,Xander,25
205=,Jai,24
205=,Martin,24
205=,Rocco,24
208=,Ayaan,23
208=,Kaleb,23
208=,Nicholas,23
211=,Caelan,22
211=,Edward,22
211=,Eli,22
211=,Gary,22
211=,Hugh,22
211=,Lukas,22
211=,Mackenzie,22
211=,Nathaniel,22
211=,Niall,22
220=,Kerr,21
220=,Szymon,21
220=,Zander,21
223,Ali,20
224=,Adrian,19
224=,Brian,19
224=,Donald,19
224=,Ian,19
224=,Marc,19
224=,Mitchell,19
224=,Roman,19
231=,Bobby,18
231=,Christian,18
231=,Elijah,18
231=,Frederick,18
231=,Hugo,18
231=,Iain,18
231=,Jaden,18
231=,Jaiden,18
231=,Marcel,18
231=,Oran,18
241=,Aston,17
241=,Casey,17
241=,Colin,17
241=,Hunter,17
241=,Jaxson,17
246=,Alastair,16
246=,Allan,16
246=,Douglas,16
246=,Drew,16
246=,Elliott,16
246=,Ibrahim,16
246=,Jan,16
246=,Justin,16
246=,Lauchlan,16
246=,Lennox,16
246=,Mckenzie,16
246=,Olivier,16
246=,Rudi,16
246=,Travis,16
246=,Xavier,16
261=,Bruce,15
261=,Caden,15
261=,Cohen,15
261=,Igor,15
261=,Jonah,15
261=,Lloyd,15
261=,Nairn,15
261=,Nicolas,15
261=,Patryk,15
261=,Reilly,15
261=,Richard,15
261=,Ruairi,15
261=,Shane,15
261=,Theodore,15
275=,Aleksander,14
275=,Antoni,14
275=,Ayden,14
275=,Conner,14
275=,Dawid,14
275=,Frazer,14
275=,Gavin,14
275=,Kade,14
275=,Kenneth,14
275=,Mateusz,14
275=,Neil,14
275=,Rylan,14
275=,Saul,14
288=,Brendan,13
288=,Cormac,13
288=,Derek,13
288=,Felix,13
288=,Fletcher,13
288=,Fynn,13
288=,Glen,13
288=,Hector,13
288=,Jensen,13
288=,Jenson,13
288=,Kaden,13
288=,Mohamed,13
288=,Rudy,13
288=,Simon,13
288=,Spencer,13
288=,Victor,13
304=,Boyd,12
304=,Cruz,12
304=,Cullen,12
304=,Dillon,12
304=,Dominik,12
304=,Eoin,12
304=,Finley,12
304=,Gordon,12
304=,Grant,12
304=,Keiran,12
304=,Leyton,12
304=,Mac,12
304=,Marco,12
304=,Mikolaj,12
304=,Miller,12
304=,Morgan,12
304=,Nikodem,12
304=,Rian,12
304=,Timothy,12
304=,Wiktor,12
304=,Zane,12
325=,Arron,11
325=,Cillian,11
325=,Dale,11
325=,Devlin,11
325=,Francis,11
325=,Frankie,11
325=,Jared,11
325=,Kelvin,11
325=,Maximilian,11
325=,Michal,11
325=,Milo,11
325=,Muhammed,11
325=,Nico,11
325=,Oliwier,11
325=,Quinn,11
325=,Rayyan,11
325=,Robin,11
325=,Rohan,11
325=,Ruari,11
325=,Will,11
345=,Abdullah,10
345=,Ahmed,10
345=,Ajay,10
345=,Alfred,10
345=,Arlo,10
345=,Clark,10
345=,Coby,10
345=,Jasper,10
345=,Lyall,10
345=,Maison,10
345=,Malcolm,10
345=,Mathew,10
345=,Maximus,10
345=,Philip,10
345=,Ramsay,10
345=,Regan,10
345=,Rylie,10
345=,Sandy,10
345=,Zain,10
364=,Azaan,9
364=,Brayden,9
364=,Curtis,9
364=,Damon,9
364=,Eric,9
364=,Gerard,9
364=,Gregory,9
364=,Johnny,9
364=,Kamran,9
364=,Kane,9
364=,Koby,9
364=,Maksymilian,9
364=,Marley,9
364=,Matteo,9
364=,Miles,9
364=,Murdo,9
364=,Reegan,9
364=,Rowan,9
364=,Ruaraidh,9
364=,Seumas,9
364=,Stefan,9
364=,Vincent,9
386=,Ahmad,8
386=,Aryan,8
386=,Aydin,8
386=,Bartosz,8
386=,Brogan,8
386=,Brooklyn,8
386=,Bryan,8
386=,Bryce,8
386=,Cailean,8
386=,Cain,8
386=,Cal,8
386=,Conall,8
386=,Conlan,8
386=,Damian,8
386=,Deacon,8
386=,Fionn,8
386=,Greg,8
386=,Ibraheem,8
386=,Ivan,8
386=,Joey,8
386=,Julian,8
386=,Keegan,8
386=,Leland,8
386=,Lochlan,8
386=,Luis,8
386=,Luka,8
386=,Markus,8
386=,Phoenix,8
386=,Romeo,8
386=,Russell,8
386=,Rylee,8
386=,Stanley,8
386=,Tony,8
386=,Warren,8
386=,Wilson,8
421=,Aedan,7
421=,Albert,7
421=,Anton,7
421=,Antony,7
421=,Archibald,7
421=,Borys,7
421=,Codi,7
421=,Colby,7
421=,Conrad,7
421=,Cory,7
421=,Damien,7
421=,Dara,7
421=,Elias,7
421=,Eoghan,7
421=,Franciszek,7
421=,Graeme,7
421=,Hassan,7
421=,Henley,7
421=,Jayson,7
421=,John-James,7
421=,Kallum,7
421=,Karol,7
421=,Karson,7
421=,Kristopher,7
421=,Lleyton,7
421=,Mack,7
421=,Mikey,7
421=,Millar,7
421=,Nicol,7
421=,Noel,7
421=,Ricky,7
421=,Roddy,7
421=,Shaye,7
421=,Subhan,7
421=,Tobias,7
421=,Ty,7
421=,Yi,7
421=,Yusuf,7
459=,Braiden,6
459=,Caius,6
459=,Clayton,6
459=,Daniyal,6
459=,Gareth,6
459=,Graham,6
459=,Greig,6
459=,Haris,6
459=,Jaydon,6
459=,Jonas,6
459=,Keenan,6
459=,Kole,6
459=,Konrad,6
459=,Leonard,6
459=,Leonardo,6
459=,Malachy,6
459=,Milosz,6
459=,Mylo,6
459=,Oisin,6
459=,Omar,6
459=,Preston,6
459=,Shae,6
459=,Solomon,6
459=,Tai,6
459=,Tate,6
459=,Thom,6
459=,Tomasz,6
459=,Torin,6
459=,Tymon,6
459=,Zachariah,6
459=,Zakariya,6
459=,Zayn,6
491=,Abdul,5
491=,Barry,5
491=,Bartlomiej,5
491=,Bilal,5
491=,Braydon,5
491=,Cade,5
491=,Callen,5
491=,Charley,5
491=,Colton,5
491=,Danyal,5
491=,Daryl,5
491=,Dawson,5
491=,Derry,5
491=,Erik,5
491=,Eryk,5
491=,Farhan,5
491=,Fred,5
491=,Gethin,5
491=,Grayson,5
491=,Haiden,5
491=,Hasan,5
491=,Kaelan,5
491=,Kale,5
491=,Kalvin,5
491=,Kody,5
491=,Krystian,5
491=,Kyan,5
491=,Kyran,5
491=,Lawson,5
491=,Lucca,5
491=,Macaulay,5
491=,Maxim,5
491=,Maximillian,5
491=,Micah,5
491=,Nate,5
491=,Otis,5
491=,Piotr,5
491=,Rafael,5
491=,Raymond,5
491=,Reagan,5
491=,Rex,5
491=,Rhuaridh,5
491=,Roan,5
491=,Ronin,5
491=,Sachin,5
491=,Shea,5
491=,Sol,5
491=,Syed,5
491=,Tomas,5
491=,Uzair,5
491=,Zakk,5
491=,Zhi,5
491=,Zion,5
544=,Aarav,4
544=,Aarron,4
544=,Aarush,4
544=,Addison,4
544=,Aden,4
544=,Alisdair,4
544=,Ally,4
544=,Amir,4
544=,Anas,4
544=,Andy,4
544=,Aron,4
544=,Asher,4
544=,Aulay,4
544=,Baillie,4
544=,Baxter,4
544=,Beau,4
544=,Bentley,4
544=,Brad,4
544=,Brady,4
544=,Braxton,4
544=,Cailen,4
544=,Calan,4
544=,Carl,4
544=,Carlo,4
544=,Chase,4
544=,Chris,4
544=,Codie,4
544=,Colm,4
544=,Corrie,4
544=,Derren,4
544=,Devin,4
544=,Dillan,4
544=,Dorian,4
544=,Dougal,4
544=,Emil,4
544=,Enzo,4
544=,Gianluca,4
544=,Hari,4
544=,Harri,4
544=,Hashim,4
544=,Holden,4
544=,Hudson,4
544=,Hussain,4
544=,Innis,4
544=,Jace,4
544=,Jacek,4
544=,Jak,4
544=,Jaydan,4
544=,Jayden-James,4
544=,Jed,4
544=,Jerome,4
544=,John-Paul,4
544=,Josiah,4
544=,Kamil,4
544=,Kayleb,4
544=,Keiron,4
544=,Keith,4
544=,Kieron,4
544=,Kobe,4
544=,Kobi,4
544=,Kodi,4
544=,Konnor,4
544=,Kris,4
544=,Kurt,4
544=,Kyler,4
544=,Laurence,4
544=,Leonidas,4
544=,Luc,4
544=,Malachi,4
544=,Mario,4
544=,Matt,4
544=,Maxymilian,4
544=,Munro,4
544=,Nelson,4
544=,Nikolas,4
544=,Norbert,4
544=,Olaf,4
544=,Orran,4
544=,Parker,4
544=,Raja,4
544=,Ranveer,4
544=,Raphael,4
544=,Ray,4
544=,Rayan,4
544=,Rhyan,4
544=,Rico,4
544=,Ritchie,4
544=,Ronnie,4
544=,Seamus,4
544=,Seoras,4
544=,Shahzaib,4
544=,Sion,4
544=,Stan,4
544=,Stevie,4
544=,Talha,4
544=,Taran,4
544=,Teddy,4
544=,Terry,4
544=,Troy,4
544=,Usman,4
544=,Vinnie,4
544=,Wojciech,4
544=,Woody,4
544=,Wyatt,4
648=,Aaran,3
648=,Abu,3
648=,Adyan,3
648=,Ahad,3
648=,Aleks,3
648=,Alessio,3
648=,Alfy,3
648=,Ammar,3
648=,Arham,3
648=,Arnav,3
648=,Asa,3
648=,Axel,3
648=,Ayan,3
648=,Ayman,3
648=,Blaine,3
648=,Bodhi,3
648=,Braden,3
648=,Brodey,3
648=,C-Jay,3
648=,Caeden,3
648=,Cai,3
648=,Cairn,3
648=,Caolan,3
648=,Carrick,3
648=,Casper,3
648=,Clement,3
648=,Cobey,3
648=,Cobi,3
648=,Coen,3
648=,Cohan,3
648=,Conal,3
648=,Crawford,3
648=,Cyrus,3
648=,David-James,3
648=,Davis,3
648=,Dawud,3
648=,Deniz,3
648=,Dennis,3
648=,Devon,3
648=,Dhruv,3
648=,Diarmuid,3
648=,Diyar,3
648=,Donnie,3
648=,Donovan,3
648=,Eduard,3
648=,Edwin,3
648=,Eesa,3
648=,Emmanuel,3
648=,Emmett,3
648=,Emre,3
648=,Ezekiel,3
648=,Fabian,3
648=,Fox,3
648=,Francesco,3
648=,Frank,3
648=,Freddy,3
648=,Fynlay,3
648=,Georgie,3
648=,Gil,3
648=,Giovanni,3
648=,Glenn,3
648=,Griffin,3
648=,Guy,3
648=,Hadyn,3
648=,Hamza,3
648=,Hao,3
648=,Harold,3
648=,Howie,3
648=,Hubert,3
648=,Huey,3
648=,Humza,3
648=,Idrees,3
648=,Idris,3
648=,Indie,3
648=,Ishaq,3
648=,Ivor,3
648=,Jac,3
648=,Jago,3
648=,Jaime,3
648=,Jakob,3
648=,Jamal,3
648=,Jax,3
648=,Jayce,3
648=,Jeremiah,3
648=,Jesse,3
648=,Jock,3
648=,Johnpaul,3
648=,Jon,3
648=,Kadin,3
648=,Kadyn,3
648=,Kaide,3
648=,Kaidyn,3
648=,Kain,3
648=,Kalem,3
648=,Kalen,3
648=,Kallan,3
648=,Karim,3
648=,Kash,3
648=,Kasper,3
648=,Kaya,3
648=,Kaylum,3
648=,Keevan,3
648=,Keighan,3
648=,Kellan,3
648=,Kenny,3
648=,Kenzi,3
648=,Kier,3
648=,Kirk,3
648=,Knox,3
648=,Kodie,3
648=,Korbin,3
648=,Korey,3
648=,Kristian,3
648=,Kuba,3
648=,Kyrin,3
648=,Lachlann,3
648=,Leyland,3
648=,Lochlyn,3
648=,Lucien,3
648=,Lukasz,3
648=,Maciej,3
648=,Marcin,3
648=,Marek,3
648=,Marshall,3
648=,Martyn,3
648=,Mateo,3
648=,Mika,3
648=,Mikael,3
648=,Mike,3
648=,Montgomery,3
648=,Muir,3
648=,Musa,3
648=,Mustafa,3
648=,Nathanael,3
648=,Nevan,3
648=,Nihal,3
648=,Oakley,3
648=,Odhran,3
648=,Oluwatimilehin,3
648=,Orin,3
648=,Padraig,3
648=,Rafe,3
648=,Rajveer,3
648=,Rana,3
648=,Reese,3
648=,Rehan,3
648=,Reid,3
648=,Reiley,3
648=,Rogan,3
648=,Ronald,3
648=,Rueben,3
648=,Sabri,3
648=,Saeed,3
648=,Sami,3
648=,Sammy,3
648=,Sawyer,3
648=,Seanpaul,3
648=,Shivam,3
648=,Stanislaw,3
648=,Sulaiman,3
648=,Taim,3
648=,Taylan,3
648=,Ted,3
648=,Tjay,3
648=,Todd,3
648=,Torrin,3
648=,Umar,3
648=,Walter,3
648=,Yousif,3
648=,Yu,3
648=,Zackary,3
648=,Zayne,3
820=,Aadam,2
820=,Aaren,2
820=,Aarin,2
820=,Aaryan,2
820=,Aayan,2
820=,Abdirahman,2
820=,Abdulaziz,2
820=,Abdulrahman,2
820=,Abel,2
820=,Abraham,2
820=,Abubakar,2
820=,Aditya,2
820=,Adriel,2
820=,Adrien,2
820=,Aeden,2
820=,Aiden-James,2
820=,Aidyn,2
820=,Aj,2
820=,Akram,2
820=,Albie,2
820=,Alexzander,2
820=,Amr,2
820=,Anakin,2
820=,Anders,2
820=,Andreas,2
820=,Andrei,2
820=,Andres,2
820=,Anish,2
820=,Ansh,2
820=,Antonio,2
820=,Arda,2
820=,Areeb,2
820=,Arinzechukwu,2
820=,Arnas,2
820=,Aronas,2
820=,Arsalaan,2
820=,Arsalan,2
820=,Artur,2
820=,Ashley,2
820=,Ashwin,2
820=,Athan,2
820=,Athol,2
820=,Atholl,2
820=,Augustas,2
820=,Auley,2
820=,Avram,2
820=,Aydan,2
820=,Barrie,2
820=,Bayley,2
820=,Benedict,2
820=,Blaire,2
820=,Bo,2
820=,Bobbi,2
820=,Braedan,2
820=,Braedon,2
820=,Brandan,2
820=,Branden,2
820=,Brandon-Lee,2
820=,Brandyn,2
820=,Brennan,2
820=,Brett,2
820=,Broderick,2
820=,Bruno,2
820=,Brycen,2
820=,Byron,2
820=,Cael,2
820=,Cailan,2
820=,Calder,2
820=,Calin,2
820=,Callun,2
820=,Camden,2
820=,Carlin,2
820=,Carlos,2
820=,Carsyn,2
820=,Cathal,2
820=,Cees,2
820=,Charlay,2
820=,Chen,2
820=,Chisom,2
820=,Ciar,2
820=,Cjay,2
820=,Clay,2
820=,Clyde,2
820=,Coben,2
820=,Coire,2
820=,Conlin,2
820=,Connall,2
820=,Connar,2
820=,Connell,2
820=,Corbin,2
820=,Corin,2
820=,Correy,2
820=,Corry,2
820=,Cosmo,2
820=,Coupar,2
820=,Cristian,2
820=,Crusoe,2
820=,Dallas,2
820=,Danial,2
820=,Dante,2
820=,Danyl,2
820=,Darach,2
820=,Daragh,2
820=,Dario,2
820=,Darius,2
820=,Dariusz,2
820=,Darragh,2
820=,Darroch,2
820=,Darryn,2
820=,Davie,2
820=,Declyn,2
820=,Deen,2
820=,Denis,2
820=,Denny,2
820=,Denver,2
820=,Deron,2
820=,Derryn,2
820=,Dewar,2
820=,Diego,2
820=,Dougie,2
820=,Easton,2
820=,Eddie,2
820=,Eden,2
820=,Eithan,2
820=,Eliot,2
820=,Elyas,2
820=,Emanuel,2
820=,Emerson,2
820=,Eoghainn,2
820=,Ernest,2
820=,Eshaan,2
820=,Esteban,2
820=,Ezra,2
820=,Fabio,2
820=,Faris,2
820=,Fearghas,2
820=,Feliks,2
820=,Ferdinand,2
820=,Fin,2
820=,Finnlay,2
820=,Finnley,2
820=,Fionnlagh,2
820=,Forbes,2
820=,Franz,2
820=,Frederic,2
820=,Fredi,2
820=,Fredrick,2
820=,Garry,2
820=,Gaurav,2
820=,Gene,2
820=,Geordie,2
820=,Gideon,2
820=,Gilbert,2
820=,Gillan,2
820=,Gillen,2
820=,Gio,2
820=,Giuseppe,2
820=,Gracjan,2
820=,Gus,2
820=,Hadley,2
820=,Haedyn,2
820=,Haidar,2
820=,Hamad,2
820=,Hamzah,2
820=,Han,2
820=,Harlan,2
820=,Harper,2
820=,Haydn,2
820=,Hughie,2
820=,Husnain,2
820=,Hussein,2
820=,Ignas,2
820=,Irvine,2
820=,Ishan,2
820=,Israel,2
820=,Izaan,2
820=,Jadon,2
820=,Jadyn,2
820=,Jaeden,2
820=,Jaidyn,2
820=,Jakson,2
820=,Jameson,2
820=,Jamey,2
820=,Jase,2
820=,Jaspreet,2
820=,Jaxen,2
820=,Jaydyn,2
820=,Jaymie,2
820=,Jeremi,2
820=,Jeremy,2
820=,Jia,2
820=,Jody,2
820=,Johan,2
820=,Johannes,2
820=,Jonathon,2
820=,Jonnie,2
820=,Jonny,2
820=,Jordie,2
820=,Jordyn,2
820=,Josha,2
820=,Jozef,2
820=,Judah,2
820=,Juliusz,2
820=,Ka,2
820=,Kaeden,2
820=,Kael,2
820=,Kaelen,2
820=,Kaelin,2
820=,Kaif,2
820=,Kal,2
820=,Kalib,2
820=,Kalin,2
820=,Kameron,2
820=,Kasim,2
820=,Kayden-Lee,2
820=,Kaydon,2
820=,Kayne,2
820=,Kayson,2
820=,Keane,2
820=,Keanu,2
820=,Keelan,2
820=,Kelan,2
820=,Kendal,2
820=,Kenzo,2
820=,Khai,2
820=,Khalil,2
820=,Killian,2
820=,Kingston,2
820=,Kiran,2
820=,Koray,2
820=,Kori,2
820=,Krish,2
820=,Krishna,2
820=,Krzysztof,2
820=,Ksawery,2
820=,Kurtis,2
820=,Kuzey,2
820=,Kye,2
820=,Kyron,2
820=,Lang,2
820=,Las,2
820=,Laszlo,2
820=,Lathan,2
820=,Laurie,2
820=,Lawrence,2
820=,Lebron,2
820=,Lenny,2
820=,Levente,2
820=,Lewis-James,2
820=,Linus,2
820=,Llayton,2
820=,Lochlin,2
820=,Lomond,2
820=,Lorcan,2
820=,Lucius,2
820=,Lucus,2
820=,Lyndon,2
820=,Mackie,2
820=,Mackinley,2
820=,Mackintosh,2
820=,Macklin,2
820=,Makenzie,2
820=,Maksym,2
820=,Malachai,2
820=,Malek,2
820=,Mallin,2
820=,Marlo,2
820=,Marti,2
820=,Massimo,2
820=,Matthias,2
820=,Maurice,2
820=,Maverick,2
820=,Mazin,2
820=,Mehmet,2
820=,Micheal,2
820=,Mikail,2
820=,Millan,2
820=,Mitchel,2
820=,Monty,2
820=,Moses,2
820=,Nataniel,2
820=,Nathanial,2
820=,Ned,2
820=,Nevis,2
820=,Nicky,2
820=,Nikita,2
820=,Niko,2
820=,Nils,2
820=,Nojus,2
820=,Nolan,2
820=,Noman,2
820=,Oliwer,2
820=,Olliver,2
820=,Orren,2
820=,Orrin,2
820=,Orry,2
820=,Owain,2
820=,Pablo,2
820=,Paddy,2
820=,Patrik,2
820=,Pawel,2
820=,Payton,2
820=,Pearse,2
820=,Phillip,2
820=,Pierce,2
820=,Pierre,2
820=,Prince,2
820=,Quentin,2
820=,Rafal,2
820=,Rafay,2
820=,Raif,2
820=,Raj,2
820=,Rakan,2
820=,Ralphie,2
820=,Rayaan,2
820=,Rayane,2
820=,Reace,2
820=,Reggie,2
820=,Reiss,2
820=,Rhuari,2
820=,Rhylie,2
820=,Rishaan,2
820=,Rishi,2
820=,River,2
820=,Roary,2
820=,Roberts,2
820=,Roderick,2
820=,Rubin,2
820=,Rufus,2
820=,Rui,2
820=,Rupert,2
820=,Saad,2
820=,Saif,2
820=,Saifullah,2
820=,Sarim,2
820=,Sayed,2
820=,Scot,2
820=,Seb,2
820=,Shah,2
820=,Shaheer,2
820=,Shan,2
820=,Shawn,2
820=,Shayaan,2
820=,Shayan,2
820=,Shayne,2
820=,Somhairle,2
820=,Sorley,2
820=,Steffan,2
820=,Stephan,2
820=,Sukhraj,2
820=,T-Jay,2
820=,Tadiwa,2
820=,Taio,2
820=,Taylor-James,2
820=,Taym,2
820=,Tee,2
820=,Teejay,2
820=,Teo,2
820=,Terence,2
820=,Thorfinn,2
820=,Tiago,2
820=,Tian,2
820=,Tiernan,2
820=,Torran,2
820=,Tristin,2
820=,Tyler-John,2
820=,Tymoteusz,2
820=,Tyrese,2
820=,Veer,2
820=,Vinny,2
820=,Wallace,2
820=,Wen,2
820=,Wesley,2
820=,Wilfred,2
820=,Yahya,2
820=,Yash,2
820=,Yosef,2
820=,Yousaf,2
820=,Yunus,2
820=,Yusaf,2
820=,Yuvraj,2
820=,Zacharie,2
820=,Zaine,2
820=,Zakari,2
820=,Zakaria,2
820=,Zakariyah,2
820=,Zaki,2
820=,Zayaan,2
820=,Ze,2
820=,Zeeshan,2
820=,Zi,2
820=,Ziad,2
820=,Zidane,2
1213=,A,1
1213=,A-Jay,1
1213=,Aabidammar,1
1213=,Aadil,1
1213=,Aakash,1
1213=,Aaron-James,1
1213=,Aaron-Matthew,1
1213=,Aarran,1
1213=,Aashir,1
1213=,Abd,1
1213=,Abd-Alkudos,1
1213=,Abd-Alrahim,1
1213=,Abd-Ulmoeen,1
1213=,Abdalmalak,1
1213=,Abdel,1
1213=,Abdelmageed,1
1213=,Abdi,1
1213=,Abdirahim,1
1213=,Abdoul,1
1213=,Abdoulnour,1
1213=,Abdul-Rahman,1
1213=,Abdul-Samad,1
1213=,Abdul-Shafi,1
1213=,Abdulazis,1
1213=,Abdulhay,1
1213=,Abdulla,1
1213=,Abdulmalik,1
1213=,Abdulrahim,1
1213=,Abdulrhaman,1
1213=,Abdulrhman,1
1213=,Abdulsamad,1
1213=,Abdur-Rafeh,1
1213=,Abdur-Raheem,1
1213=,Abdur-Rasheed,1
1213=,Abed,1
1213=,Abhinav,1
1213=,Abid,1
1213=,Abinash,1
1213=,Able,1
1213=,Ablie,1
1213=,Abu-Baker,1
1213=,Adaan,1
1213=,Adaidh,1
1213=,Adam-James,1
1213=,Adam-John,1
1213=,Adan,1
1213=,Adarsh,1
1213=,Adas,1
1213=,Adem,1
1213=,Ademiposi,1
1213=,Adeoluwa,1
1213=,Adepoju,1
1213=,Adetokunbo,1
1213=,Adhvik,1
1213=,Adil,1
1213=,Adlai,1
1213=,Adlane,1
1213=,Adley,1
1213=,Adn,1
1213=,Adnan,1
1213=,Adone,1
1213=,Adrians,1
1213=,Advay,1
1213=,Adyn,1
1213=,Aeryn,1
1213=,Aeson,1
1213=,Affan,1
1213=,Afnan,1
1213=,Afolarin,1
1213=,Afrahim,1
1213=,Afrin,1
1213=,Agniprava,1
1213=,Aharon,1
1213=,Ahran,1
1213=,Ahron,1
1213=,Ahsan,1
1213=,Aiden-Jai,1
1213=,Aiden-John,1
1213=,Aiden-Lee,1
1213=,Aidyn-Joseph,1
1213=,Ailun,1
1213=,Aimal,1
1213=,Aiman,1
1213=,Airan,1
1213=,Airidas,1
1213=,Aitor,1
1213=,Aivars,1
1213=,Ajeesh,1
1213=,Ajit,1
1213=,Ajnesh,1
1213=,Akaash,1
1213=,Akinola,1
1213=,Akos,1
1213=,Akshat,1
1213=,Akwasi,1
1213=,Al-Amin,1
1213=,Al-Hassan,1
1213=,Alba-Murray,1
1213=,Alberto,1
1213=,Alden,1
1213=,Alec,1
1213=,Aled,1
1213=,Alejandro,1
1213=,Alek,1
1213=,Aleksandar,1
1213=,Aleksandr,1
1213=,Aleksej,1
1213=,Alessandro,1
1213=,Alexandar,1
1213=,Alexander-John,1
1213=,Alf,1
1213=,Alfi,1
1213=,Alfie-James,1
1213=,Alhareth,1
1213=,Alharit,1
1213=,Aliasa,1
1213=,Aliaskar,1
1213=,Alinuswe,1
1213=,Alister,1
1213=,Allister,1
1213=,Aloysius,1
1213=,Alphie,1
1213=,Alvar,1
1213=,Alvin,1
1213=,Alwaleed,1
1213=,Aman,1
1213=,Amandeep,1
1213=,Amani,1
1213=,Amari,1
1213=,Amen,1
1213=,Amet,1
1213=,Ami,1
1213=,Ami',1
1213=,Amitoj,1
1213=,Amjad,1
1213=,Ammaar,1
1213=,Amun,1
1213=,Anagh,1
1213=,Anderson,1
1213=,Andi,1
1213=,Andre,1
1213=,Andrejs,1
1213=,Andreo,1
1213=,Andrew-James,1
1213=,Andrew-John,1
1213=,Andrian,1
1213=,Andrius,1
1213=,Andrzej,1
1213=,Aneeq,1
1213=,Angad,1
1213=,Angelo,1
1213=,Anh,1
1213=,Anirvesh,1
1213=,Ankith,1
1213=,Annan,1
1213=,Ans,1
1213=,Anshumaan,1
1213=,Anthonie,1
1213=,Anthony-James,1
1213=,Antonin,1
1213=,Anwar,1
1213=,Ao,1
1213=,Aodhan,1
1213=,Aodhi,1
1213=,Aonghas,1
1213=,Aous,1
1213=,Apollo,1
1213=,Aqib,1
1213=,Aran,1
1213=,Aras,1
1213=,Arav,1
1213=,Archer,1
1213=,Arden,1
1213=,Ardi,1
1213=,Argyll,1
1213=,Ari,1
1213=,Aria,1
1213=,Ariel,1
1213=,Arin,1
1213=,Arish,1
1213=,Arjun,1
1213=,Arkadiusz,1
1213=,Arlie,1
1213=,Armaan,1
1213=,Arman,1
1213=,Armandas,1
1213=,Armando,1
1213=,Armands,1
1213=,Armin,1
1213=,Arnau,1
1213=,Arnim,1
1213=,Arranjeet,1
1213=,Arren,1
1213=,Arrondeep,1
1213=,Arryn,1
1213=,Arsenijs,1
1213=,Arshveer,1
1213=,Arslan,1
1213=,Arthik,1
1213=,Arthur-Jack,1
1213=,Artiom,1
1213=,Arun,1
1213=,Arush,1
1213=,Arvin,1
1213=,Aryeh,1
1213=,Arzan,1
1213=,Asdulah,1
1213=,Ash,1
1213=,Ashfaq,1
1213=,Ashier,1
1213=,Ashley-Mason,1
1213=,Ashrith,1
1213=,Ashtin,1
1213=,Ashton-Jaxen,1
1213=,Asif,1
1213=,Asim,1
1213=,Assil,1
1213=,Aston-James,1
1213=,Asukulu,1
1213=,Atas,1
1213=,Atharv,1
1213=,Atlas,1
1213=,Atticus,1
1213=,Austen,1
1213=,Austyn,1
1213=,Aviel,1
1213=,Avikal,1
1213=,Avraj,1
1213=,Avyay,1
1213=,Awais,1
1213=,Awesome,1
1213=,Ayaz,1
1213=,Ayden-Jase,1
1213=,Ayob,1
1213=,Ayodele,1
1213=,Ayokorede,1
1213=,Ayomide,1
1213=,Ayomiposi,1
1213=,Ayooluwakitan,1
1213=,Ayoub,1
1213=,Ayrton,1
1213=,Ayub,1
1213=,Ayush,1
1213=,Ayyan,1
1213=,Ayyoub,1
1213=,Azan,1
1213=,Azeem,1
1213=,Azfar,1
1213=,Aziz,1
1213=,Babar,1
1213=,Bahily,1
1213=,Baili,1
1213=,Baley,1
1213=,Balfour,1
1213=,Balin,1
1213=,Balmeet,1
1213=,Baran,1
1213=,Barclay,1
1213=,Barnabas,1
1213=,Barnaby,1
1213=,Barney,1
1213=,Bartek,1
1213=,Basem,1
1213=,Basil,1
1213=,Bastian,1
1213=,Batch,1
1213=,Baylie,1
1213=,Baylie-Jon,1
1213=,Baylin,1
1213=,Bayliss,1
1213=,Bazil,1
1213=,Bazyli,1
1213=,Belal,1
1213=,Bence,1
1213=,Benito,1
1213=,Benjamyn,1
1213=,Bennet,1
1213=,Benoni-Ciunna,1
1213=,Berkay,1
1213=,Bert,1
1213=,Bhav,1
1213=,Bhreac,1
1213=,Billyjoe,1
1213=,Bjorn,1
1213=,Blaise,1
1213=,Blane,1
1213=,Blayke,1
1213=,Blayn,1
1213=,Blayr,1
1213=,Blayre,1
1213=,Blaze,1
1213=,Blazej,1
1213=,Blessing,1
1213=,Boaz,1
1213=,Bobbie,1
1213=,Bohao,1
1213=,Boleslav,1
1213=,Bonham,1
1213=,Boo-Tiger,1
1213=,Boris,1
1213=,Boston,1
1213=,Bowie,1
1213=,Bradan,1
1213=,Braedynn,1
1213=,Brajan,1
1213=,Bramwell,1
1213=,Bran,1
1213=,Brannon,1
1213=,Braxton-Rocco,1
1213=,Braydan,1
1213=,Braylon,1
1213=,Bremner,1
1213=,Brendyn,1
1213=,Brennen,1
1213=,Brenton,1
1213=,Brock,1
1213=,Brodee,1
1213=,Broden,1
1213=,Brodyn,1
1213=,Brolin,1
1213=,Brook,1
1213=,Brooke,1
1213=,Bruce-Lee,1
1213=,Brydin,1
1213=,Brydon,1
1213=,Bryn,1
1213=,Buchanan,1
1213=,Buddy,1
1213=,Bulcsu,1
1213=,Bulut,1
1213=,Burt,1
1213=,Cadell,1
1213=,Cadyn,1
1213=,Caedan,1
1213=,Caelab,1
1213=,Caelean,1
1213=,Caeleb-Lee,1
1213=,Caelen,1
1213=,Caelum,1
1213=,Caesar,1
1213=,Caetano,1
1213=,Cahal,1
1213=,Caidyn,1
1213=,Caie,1
1213=,Caile,1
1213=,Cailin,1
1213=,Caillen,1
1213=,Caine,1
1213=,Cairney,1
1213=,Cairo,1
1213=,Calab,1
1213=,Calai,1
1213=,Cale,1
1213=,Calim,1
1213=,Callem,1
1213=,Callum-James,1
1213=,Callum-Lee,1
1213=,Calum-Fraser,1
1213=,Calum-James,1
1213=,Camdyn,1
1213=,Camron,1
1213=,Camryn,1
1213=,Caoimhinn,1
1213=,Carlisle,1
1213=,Carrson,1
1213=,Carsan,1
1213=,Carter-James,1
1213=,Cash,1
1213=,Casian,1
1213=,Caspar,1
1213=,Cassius,1
1213=,Castiel,1
1213=,Caue,1
1213=,Cavan,1
1213=,Cayde,1
1213=,Caydon,1
1213=,Cayhlin,1
1213=,Cayne,1
1213=,Cayrn,1
1213=,Cee,1
1213=,Cee-Jay,1
1213=,Cem,1
1213=,Chad,1
1213=,Chai,1
1213=,Chaise,1
1213=,Chanjot,1
1213=,Charlee,1
1213=,Charlie-Alexander,1
1213=,Charliedavid,1
1213=,Charliedon,1
1213=,Charly,1
1213=,Chay,1
1213=,Chayil,1
1213=,Chayse,1
1213=,Che,1
1213=,Cheng,1
1213=,Chesney,1
1213=,Chester,1
1213=,Chi,1
1213=,Chibuike,1
1213=,Chidubem,1
1213=,Chizirimobiya,1
1213=,Christie,1
1213=,Christly,1
1213=,Christopher-Jay,1
1213=,Christopher-John,1
1213=,Christopher-Lee,1
1213=,Christos,1
1213=,Christy,1
1213=,Chukwuagoziem,1
1213=,Chukwuka,1
1213=,Chukwunyem,1
1213=,Chun,1
1213=,Ciaren,1
1213=,Cidad,1
1213=,Cieran,1
1213=,Cihan-Kayden,1
1213=,Clarence,1
1213=,Clarke,1
1213=,Clinty,1
1213=,Coast,1
1213=,Cobie,1
1213=,Cobyn,1
1213=,Cody-Jack,1
1213=,Colbie,1
1213=,Colby-James,1
1213=,Coleton,1
1213=,Coll,1
1213=,Collin,1
1213=,Colson,1
1213=,Colt,1
1213=,Conan,1
1213=,Conar,1
1213=,Connan,1
1213=,Connar-Lee,1
1213=,Conner-Jack,1
1213=,Conolyn,1
1213=,Conroy,1
1213=,Cooper-James,1
1213=,Coran,1
1213=,Corban,1
1213=,Corben,1
1213=,Corbyn,1
1213=,Cori-James,1
1213=,Cormack,1
1213=,Corran,1
1213=,Cosmos,1
1213=,Couper,1
1213=,Cowan,1
1213=,Cristiano,1
1213=,Cruise,1
1213=,Cupar,1
1213=,Cyprian,1
1213=,Cyren,1
1213=,Daan,1
1213=,Daegan,1
1213=,Daetyn,1
1213=,Dainius,1
1213=,Daintin,1
1213=,Dainton,1
1213=,Dakota,1
1213=,Daksh,1
1213=,Dalaigh,1
1213=,Dalton,1
1213=,Dami,1
1213=,Damion,1
1213=,Danel,1
1213=,Daniel-James,1
1213=,Danielius,1
1213=,Daniell,1
1213=,Daniels,1
1213=,Daniil,1
1213=,Danish,1
1213=,Darcy,1
1213=,Darien,1
1213=,Darn,1
1213=,Darpan,1
1213=,Darragh-David,1
1213=,Darrah,1
1213=,Darran,1
1213=,Darrel,1
1213=,Darron,1
1213=,Darryl,1
1213=,Darsh,1
1213=,Daryll,1
1213=,Daryn,1
1213=,Dave,1
1213=,Davey,1
1213=,David-Kevan,1
1213=,Davidlee,1
1213=,Dawda,1
1213=,Dawood,1
1213=,Dax,1
1213=,Dayle,1
1213=,Daylen,1
1213=,Dayne,1
1213=,Dayvin,1
1213=,Deaglan,1
1213=,Decklyn,1
1213=,Declin,1
1213=,Declyan,1
1213=,Deimianas,1
1213=,Deimonas,1
1213=,Deklyn,1
1213=,Delaney,1
1213=,Delight,1
1213=,Demarcus,1
1213=,Demetrios,1
1213=,Demilade,1
1213=,Demir,1
1213=,Denas,1
1213=,Deni,1
1213=,Denislav,1
1213=,Dennon,1
1213=,Denzil,1
1213=,Deon,1
1213=,Dercyn,1
1213=,Derick,1
1213=,Dermot,1
1213=,Dermott,1
1213=,Derran,1
1213=,Derri,1
1213=,Derrick,1
1213=,Derrin,1
1213=,Derzie,1
1213=,Destiny,1
1213=,Dev,1
1213=,Devan,1
1213=,Devdaksh,1
1213=,Devlyn,1
1213=,Devyn,1
1213=,Dex,1
1213=,Dhaill,1
1213=,Dhanyal,1
1213=,Dherry,1
1213=,Dhian,1
1213=,Dhruva,1
1213=,Diago,1
1213=,Diangelo,1
1213=,Diarmad,1
1213=,Didmantas,1
1213=,Didula,1
1213=,Diesel,1
1213=,Diesel-Joe,1
1213=,Dilan,1
1213=,Dilanas,1
1213=,Dillin,1
1213=,Dilraj,1
1213=,Dilveer,1
1213=,Ding,1
1213=,Dino,1
1213=,Divine,1
1213=,Divit,1
1213=,Dixin,1
1213=,Dj,1
1213=,Djarir,1
1213=,Dmitri,1
1213=,Dmitrii,1
1213=,Domanik,1
1213=,Domenic,1
1213=,Domenico,1
1213=,Domeniks,1
1213=,Domhnall,1
1213=,Dominick,1
1213=,Dominique,1
1213=,Dominykas,1
1213=,Domonkos,1
1213=,Donagh,1
1213=,Donal,1
1213=,Donato,1
1213=,Donnacha,1
1213=,Douglas-Craig,1
1213=,Doyle,1
1213=,Drae,1
1213=,Drake,1
1213=,Dre,1
1213=,Drue,1
1213=,Drummond,1
1213=,Duarte,1
1213=,Dubem,1
1213=,Duncan-James,1
1213=,Dushan,1
1213=,Dustin,1
1213=,Dylan-Lee,1
1213=,Dylan-Mackie,1
1213=,Dylen,1
1213=,Dyllan,1
1213=,Dzonatans,1
1213=,Eaden,1
1213=,Eaghan,1
1213=,Eamon,1
1213=,Eany,1
1213=,Eashan,1
1213=,Eason,1
1213=,Eben,1
1213=,Edanne,1
1213=,Eddy,1
1213=,Edin,1
1213=,Edison,1
1213=,Edoardo,1
1213=,Eduards,1
1213=,Edvardas,1
1213=,Edwyn,1
1213=,Efe,1
1213=,Efecan,1
1213=,Egan,1
1213=,Eghosa,1
1213=,Eian,1
1213=,Eilan,1
1213=,Eimantas,1
1213=,Eimhin,1
1213=,Eirik,1
1213=,Eisa,1
1213=,Eivydas,1
1213=,Ekamdeep,1
1213=,Ekkam,1
1213=,Elam,1
1213=,Elan,1
1213=,Elbert,1
1213=,Eliakim,1
1213=,Eliass,1
1213=,Elies,1
1213=,Elijus,1
1213=,Eljay,1
1213=,Elnathan,1
1213=,Eloi,1
1213=,Elvin,1
1213=,Elvis,1
1213=,Elwan,1
1213=,Elwin,1
1213=,Elwood,1
1213=,Elyan,1
1213=,Emad,1
1213=,Emile,1
1213=,Emilien,1
1213=,Emilio,1
1213=,Emilis,1
1213=,Emils,1
1213=,Enes,1
1213=,Ennor,1
1213=,Enoch,1
1213=,Enrique,1
1213=,Eoighan,1
1213=,Ephraim,1
1213=,Eren,1
1213=,Erikas,1
1213=,Erin,1
1213=,Erlend,1
1213=,Erlin,1
1213=,Esaa,1
1213=,Esah,1
1213=,Eshan,1
1213=,Eskander,1
1213=,Essa,1
1213=,Essien,1
1213=,Ethan-James,1
1213=,Ethan-Lewis,1
1213=,Ethan-Myles,1
1213=,Ethan-Thomas,1
1213=,Ethyn,1
1213=,Etienne,1
1213=,Etonna,1
1213=,Eugene,1
1213=,Eulon,1
1213=,Evahn,1
1213=,Evaldas,1
1213=,Evander,1
1213=,Eyad,1
1213=,Ezaan,1
1213=,Ezz,1
1213=,Fahad,1
1213=,Faisal,1
1213=,Faizaan,1
1213=,Fardeen,1
1213=,Fareid,1
1213=,Faroug,1
1213=,Faust,1
1213=,Favour,1
1213=,Fawwazudeen,1
1213=,Fei,1
1213=,Fenton,1
1213=,Fergal,1
1213=,Ferghus,1
1213=,Ferrier,1
1213=,Filips,1
1213=,Finbar,1
1213=,Finbarr,1
1213=,Findley,1
1213=,Finlay-Kian,1
1213=,Finley-Jack,1
1213=,Finnlagh,1
1213=,Fintan,1
1213=,Firth,1
1213=,Flinn,1
1213=,Florin,1
1213=,Floyd,1
1213=,Flyn,1
1213=,Forrest,1
1213=,Fouzan,1
1213=,Franco,1
1213=,Francois,1
1213=,Franki,1
1213=,Franky,1
1213=,Frazey,1
1213=,Freddi,1
1213=,Freddie-John,1
1213=,Fuyao,1
1213=,Fynnlea,1
1213=,Gabbie,1
1213=,Gabe,1
1213=,Gabrielius,1
1213=,Gael,1
1213=,Gaibrial,1
1213=,Ganigan,1
1213=,Garron,1
1213=,Garv,1
1213=,Gary-Brian,1
1213=,Gbolahan,1
1213=,Geo,1
1213=,Geoffrey,1
1213=,George-James,1
1213=,Georges,1
1213=,Georgi,1
1213=,Georgios,1
1213=,German,1
1213=,Gerry,1
1213=,Giancarlo,1
1213=,Giedrius,1
1213=,Gilberto,1
1213=,Gillespie,1
1213=,Gillies,1
1213=,Gillon,1
1213=,Gioele,1
1213=,Gong,1
1213=,Govind,1
1213=,Grann,1
1213=,Gray,1
1213=,Greyson,1
1213=,Griffen,1
1213=,Grigor,1
1213=,Grzegorz,1
1213=,Gurakshay,1
1213=,Gurdas,1
1213=,Gurpreet,1
1213=,Gursewak,1
1213=,Gurtaran,1
1213=,Gurveer,1
1213=,Gustave,1
1213=,Gwilym,1
1213=,Gwion,1
1213=,Gyuney,1
1213=,Hadeed,1
1213=,Hadees,1
1213=,Hadi,1
1213=,Hagan,1
1213=,Haider,1
1213=,Haidyn,1
1213=,Hal,1
1213=,Hamaad,1
1213=,Hamdan,1
1213=,Hamid,1
1213=,Hamilton,1
1213=,Hammaad,1
1213=,Hammad,1
1213=,Hamysh,1
1213=,Hanrui,1
1213=,Hansen,1
1213=,Hardeep,1
1213=,Harishan,1
1213=,Harley-James,1
1213=,Harley-Junior,1
1213=,Harley-Rae,1
1213=,Harli,1
1213=,Harman,1
1213=,Harmandeep,1
1213=,Harmanjot,1
1213=,Harmanveer,1
1213=,Haroon,1
1213=,Harri-Lee,1
1213=,Harron,1
1213=,Harshil,1
1213=,Harun,1
1213=,Harvie,1
1213=,Haryuvraj,1
1213=,Hasaan,1
1213=,Hasangokhan,1
1213=,Haseeb,1
1213=,Haydon,1
1213=,Hayes,1
1213=,Hayyaan,1
1213=,Hayyan,1
1213=,Hazem,1
1213=,Haziq,1
1213=,He,1
1213=,Heath,1
1213=,Heersa,1
1213=,Heng,1
1213=,Henleigh,1
1213=,Henry-James,1
1213=,Henryk,1
1213=,Herman,1
1213=,Hess-Floyd,1
1213=,Hewie,1
1213=,Hidde,1
1213=,Hojwal,1
1213=,Hong,1
1213=,Hongshuo,1
1213=,Hooman,1
1213=,Hou,1
1213=,Howard,1
1213=,Hrithik,1
1213=,Humam,1
1213=,Hunter-Jack,1
1213=,Huo,1
1213=,Hurairah,1
1213=,Husain,1
1213=,Husam,1
1213=,Huxley,1
1213=,Huzaifa,1
1213=,Huzaifah,1
1213=,Iacob,1
1213=,Iagan,1
1213=,Iason,1
1213=,Ibaad,1
1213=,Iestyn,1
1213=,Ifeoluwa,1
1213=,Ifraz,1
1213=,Ignacio,1
1213=,Ignacy,1
1213=,Ihlay,1
1213=,Iker,1
1213=,Ilie,1
1213=,Ilyas,1
1213=,Imilian,1
1213=,Immanuel,1
1213=,Imran,1
1213=,Inderpreet,1
1213=,Inderveer,1
1213=,Indiana,1
1213=,Inigo,1
1213=,Inoke,1
1213=,Inwelle,1
1213=,Iollan,1
1213=,Iosif,1
1213=,Iqbal,1
1213=,Irvin,1
1213=,Irving,1
1213=,Is-Haaq,1
1213=,Isaiah,1
1213=,Isha,1
1213=,Ismail,1
1213=,Isreal,1
1213=,Issac,1
1213=,Ivyn,1
1213=,Izaac,1
1213=,Izack,1
1213=,Izhak,1
1213=,J,1
1213=,J-Jay,1
1213=,Jaccob,1
1213=,Jachym,1
1213=,Jackie,1
1213=,Jackjames,1
1213=,Jacques,1
1213=,Jae,1
1213=,Jagmohan,1
1213=,Jai-Dhe,1
1213=,Jaideep,1
1213=,Jaiden-James,1
1213=,Jaiden-Lee,1
1213=,Jaidynn,1
1213=,Jaimie,1
1213=,Jaishan,1
1213=,Jaiyi,1
1213=,Jake-James,1
1213=,Jakk,1
1213=,James-Alan,1
1213=,James-Andrew,1
1213=,James-Daniel,1
1213=,James-Dean,1
1213=,James-John,1
1213=,James-Paul,1
1213=,Jamiel,1
1213=,Jamil,1
1213=,Jamin,1
1213=,Janusz,1
1213=,Japjot,1
1213=,Jarell,1
1213=,Jaren,1
1213=,Jaron,1
1213=,Jarrad,1
1213=,Jarred,1
1213=,Jas,1
1213=,Jaskaran,1
1213=,Jaskirat,1
1213=,Javier,1
1213=,Jaxin,1
1213=,Jaxson-James,1
1213=,Jaxx,1
1213=,Jaxyn,1
1213=,Jay-Myer,1
1213=,Jayadeep,1
1213=,Jayden-Cole,1
1213=,Jayden-Lee,1
1213=,Jaydyn-John,1
1213=,Jayke,1
1213=,Jaylen,1
1213=,Jaymae,1
1213=,Jaymes,1
1213=,Jaz,1
1213=,Jean,1
1213=,Jean-Charles,1
1213=,Jean-Pierre,1
1213=,Jeevan,1
1213=,Jeevithan,1
1213=,Jeffrey,1
1213=,Jehan,1
1213=,Jeivan,1
1213=,Jemba,1
1213=,Jensyn,1
1213=,Jericho,1
1213=,Jervis,1
1213=,Jesper,1
1213=,Jess,1
1213=,Jesuslovesme,1
1213=,Jethro,1
1213=,Jett,1
1213=,Jeyshan,1
1213=,Jeyshanthan,1
1213=,Jhailen,1
1213=,Jiarui,1
1213=,Jibran,1
1213=,Jie,1
1213=,Jiejing,1
1213=,Jimmi,1
1213=,Jinesh,1
1213=,Jingwen,1
1213=,Jinhong,1
1213=,Jinyong,1
1213=,Jitesh,1
1213=,Jj,1
1213=,Joao,1
1213=,Joash,1
1213=,Jodon,1
1213=,Joeldean,1
1213=,Joey-Lucas,1
1213=,John-Alexander,1
1213=,John-David,1
1213=,John-Jivan,1
1213=,John-Williams,1
1213=,Johnathan,1
1213=,Johnlewis,1
1213=,Johnnie,1
1213=,Johnross,1
1213=,Johnston,1
1213=,Johvan,1
1213=,Jon-Ross,1
1213=,Jonatan,1
1213=,Jonothan,1
1213=,Jonty,1
1213=,Jorah,1
1213=,Jordanlee,1
1213=,Jorden,1
1213=,Joseph-Alexander,1
1213=,Josh-Joseph,1
1213=,Joshua-Dean,1
1213=,Jotham,1
1213=,Juan,1
1213=,Jubaeth,1
1213=,Judd,1
1213=,Jujhar,1
1213=,Jules,1
1213=,Julius,1
1213=,Junaid,1
1213=,Juntier,1
1213=,Justyn,1
1213=,Kaan,1
1213=,Kaboentle,1
1213=,Kace,1
1213=,Kacey,1
1213=,Kaedon,1
1213=,Kaedyn,1
1213=,Kage,1
1213=,Kaidan,1
1213=,Kaidan-James,1
1213=,Kaidance,1
1213=,Kaiden-Lee,1
1213=,Kaidin,1
1213=,Kaidon,1
1213=,Kail,1
1213=,Kailem,1
1213=,Kailen,1
1213=,Kaiming,1
1213=,Kaio,1
1213=,Kairav,1
1213=,Kaison,1
1213=,Kaisyn,1
1213=,Kaiyan,1
1213=,Kajetan,1
1213=,Kajole,1
1213=,Kalan,1
1213=,Kalel,1
1213=,Kalli,1
1213=,Kalman,1
1213=,Kaloyan,1
1213=,Kalub,1
1213=,Kalvyn,1
1213=,Kamal,1
1213=,Kamryn,1
1213=,Kaobichukwudi,1
1213=,Kaolin,1
1213=,Kar,1
1213=,Kareem,1
1213=,Karel,1
1213=,Karl,1
1213=,Karlis,1
1213=,Karsyn,1
1213=,Karunveer,1
1213=,Kase,1
1213=,Kasjan,1
1213=,Kason,1
1213=,Kasparas,1
1213=,Kathan,1
1213=,Kavin,1
1213=,Kavinda,1
1213=,Kawan,1
1213=,Kayal,1
1213=,Kaydan,1
1213=,Kayde,1
1213=,Kaydn,1
1213=,Kaylan,1
1213=,Kaylob,1
1213=,Kaylom,1
1213=,Kazim,1
1213=,Keagan,1
1213=,Keaghan,1
1213=,Kealan,1
1213=,Kean,1
1213=,Keanan,1
1213=,Kearney,1
1213=,Keaton,1
1213=,Keatyn,1
1213=,Keean,1
1213=,Kegan,1
1213=,Kei,1
1213=,Keilan,1
1213=,Keilen,1
1213=,Keillan,1
1213=,Kein,1
1213=,Kein-Lee,1
1213=,Keinan,1
1213=,Keiran-Lee,1
1213=,Kell,1
1213=,Kellas,1
1213=,Kelvyn,1
1213=,Kemoring,1
1213=,Kemro,1
1213=,Kendall,1
1213=,Keng,1
1213=,Kenley,1
1213=,Kennedy,1
1213=,Kenneth-Anthony,1
1213=,Kennily,1
1213=,Kennzie,1
1213=,Kentaro,1
1213=,Kenzie-Lee,1
1213=,Kepa,1
1213=,Kester,1
1213=,Kevin-Leigh,1
1213=,Kexun,1
1213=,Keyaan,1
1213=,Keyvan,1
1213=,Khalam,1
1213=,Khaled,1
1213=,Khalid,1
1213=,Kheller,1
1213=,Kheo,1
1213=,Khian-Grant,1
1213=,Khizar,1
1213=,Khol,1
1213=,Ki-Gavin,1
1213=,Kiaghn,1
1213=,Kian-Dean,1
1213=,Kiann,1
1213=,Kiean,1
1213=,Kiegan,1
1213=,Kielan,1
1213=,Kien,1
1213=,Kiernach,1
1213=,Kiian,1
1213=,Kilukeni,1
1213=,Kingsley,1
1213=,Kino,1
1213=,Kinsie,1
1213=,Kirby,1
1213=,Kirill,1
1213=,Kishan,1
1213=,Kit,1
1213=,Kitt,1
1213=,Kiyan,1
1213=,Klarc,1
1213=,Klayton,1
1213=,Kobie,1
1213=,Kobimtochukwu,1
1213=,Koden,1
1213=,Kodi-Joseph,1
1213=,Koen,1
1213=,Koeplin,1
1213=,Kohdie,1
1213=,Kojo,1
1213=,Kolbie,1
1213=,Komeno,1
1213=,Koner,1
1213=,Konnor-Lee,1
1213=,Konstandinos,1
1213=,Korae,1
1213=,Korbin-Ray,1
1213=,Kordian,1
1213=,Kornel,1
1213=,Kornelis,1
1213=,Kory,1
1213=,Kosisochi,1
1213=,Kosisochukwu,1
1213=,Kostas,1
1213=,Krishan,1
1213=,Krishiva,1
1213=,Kristers,1
1213=,Kristians,1
1213=,Kristofer,1
1213=,Krystyan,1
1213=,Ksavery,1
1213=,Kshitiz,1
1213=,Kudzai,1
1213=,Kulan,1
1213=,Kurato,1
1213=,Kwabena,1
1213=,Kwasi,1
1213=,Kyeran,1
1213=,Kylar,1
1213=,Kyllian,1
1213=,Kylo,1
1213=,Kynon,1
1213=,Kynzli,1
1213=,Kyriakos,1
1213=,Kyro,1
1213=,Lachlin,1
1213=,Laedemi,1
1213=,Laighton,1
1213=,Laird,1
1213=,Laith,1
1213=,Landon,1
1213=,Laryn,1
1213=,Lauchlen,1
1213=,Laughlin,1
1213=,Lauklyn,1
1213=,Lawin,1
1213=,Lawrie,1
1213=,Layson,1
1213=,Laythan,1
1213=,Layton-Joe,1
1213=,Layton-Paul,1
1213=,Layun,1
1213=,Leahm,1
1213=,Leanardo,1
1213=,Leandro,1
1213=,Lee-James,1
1213=,Leelan,1
1213=,Leeryan,1
1213=,Leevi,1
1213=,Legion,1
1213=,Lehi,1
1213=,Lehon,1
1213=,Leigham,1
1213=,Leighton-James,1
1213=,Leiland,1
1213=,Leith,1
1213=,Leivi,1
1213=,Lelan,1
1213=,Lelind,1
1213=,Lemuel,1
1213=,Lenix,1
1213=,Lennart,1
1213=,Lennie,1
1213=,Lennyn,1
1213=,Lenox,1
1213=,Leona,1
1213=,Leonel,1
1213=,Leroy,1
1213=,Leto,1
1213=,Levi-George,1
1213=,Levi-James,1
1213=,Levii,1
1213=,Levin,1
1213=,Levis,1
1213=,Lewes,1
1213=,Lewis-Scott,1
1213=,Lex,1
1213=,Lexx,1
1213=,Leyon,1
1213=,Li,1
1213=,Liam-James,1
1213=,Lilly,1
1213=,Lincoln,1
1213=,Lione,1
1213=,Liston,1
1213=,Ljayy,1
1213=,Lochart,1
1213=,Lochlain,1
1213=,Locklan,1
1213=,Logan-James,1
1213=,Loghan,1
1213=,Loki,1
1213=,Lorenzo,1
1213=,Loui,1
1213=,Lubega,1
1213=,Luca-Scott,1
1213=,Lucas-Jay,1
1213=,Lucian,1
1213=,Lucuas,1
1213=,Luigi,1
1213=,Lukah,1
1213=,Lukenzo,1
1213=,Lyev,1
1213=,Lyndon-Jac,1
1213=,M'kyah,1
1213=,Macallan,1
1213=,Macauley,1
1213=,Macaully,1
1213=,Macen,1
1213=,Macgregor,1
1213=,Mackinnon,1
1213=,Madden,1
1213=,Maddox,1
1213=,Maesyn,1
1213=,Magsud,1
1213=,Mahad,1
1213=,Mahmoud,1
1213=,Maico,1
1213=,Makenzi,1
1213=,Maki,1
1213=,Maks,1
1213=,Maksim,1
1213=,Maksimilian,1
1213=,Maksims,1
1213=,Makya,1
1213=,Malachy-Jay,1
1213=,Mani,1
1213=,Manni,1
1213=,Manraj,1
1213=,Manthan,1
1213=,Manus,1
1213=,Manveer,1
1213=,Maoyan,1
1213=,Marc-Elie,1
1213=,Marc-Jnr,1
1213=,Marcelo,1
1213=,Marhan,1
1213=,Mariusz,1
1213=,Markos,1
1213=,Markuss,1
1213=,Marli,1
1213=,Martinas,1
1213=,Martins,1
1213=,Martius,1
1213=,Marty,1
1213=,Martynas,1
1213=,Marvin,1
1213=,Marwan,1
1213=,Masson,1
1213=,Masyn,1
1213=,Matas,1
1213=,Matei,1
1213=,Matej,1
1213=,Mateus,1
1213=,Matias,1
1213=,Matis,1
1213=,Matisse,1
1213=,Matthieau-John,1
1213=,Matti,1
1213=,Matus,1
1213=,Matvej,1
1213=,Matyas,1
1213=,Mawahad,1
1213=,Maxence,1
1213=,Maxie,1
1213=,Maxsymilian,1
1213=,Maxwel,1
1213=,Mayson,1
1213=,Mckallan,1
1213=,Mckenzi,1
1213=,Mckenzie-James,1
1213=,Mckenzie-Jay,1
1213=,Mckinley,1
1213=,Mclaren,1
1213=,Md,1
1213=,Mehtab,1
1213=,Mei,1
1213=,Mekhi,1
1213=,Melchizedek,1
1213=,Melrick,1
1213=,Mersin,1
1213=,Mestwin,1
1213=,Michael-Anthony,1
1213=,Michael-John,1
1213=,Michael-Paul,1
1213=,Michele,1
1213=,Mickey,1
1213=,Mihai,1
1213=,Mihail,1
1213=,Mikaal,1
1213=,Mikaayil,1
1213=,Mikaeel,1
1213=,Mikee,1
1213=,Mikhael,1
1213=,Mikhail,1
1213=,Miklos,1
1213=,Milan,1
1213=,Milanas,1
1213=,Miley,1
1213=,Mils,1
1213=,Milsz,1
1213=,Ming,1
1213=,Mintaras,1
1213=,Miquel,1
1213=,Miran,1
1213=,Mircea,1
1213=,Miroslav,1
1213=,Mirza,1
1213=,Mitch,1
1213=,Miyan,1
1213=,Mj,1
1213=,Mmunga,1
1213=,Moaid,1
1213=,Moath,1
1213=,Mofifoluwa,1
1213=,Mohab,1
1213=,Mohammad-Mosa,1
1213=,Mohanad,1
1213=,Mohand,1
1213=,Mohith,1
1213=,Mohottalage,1
1213=,Mohsin,1
1213=,Moiz,1
1213=,Momin,1
1213=,Moosa,1
1213=,Moray,1
1213=,Moreno,1
1213=,Morghan,1
1213=,Morris,1
1213=,Morten,1
1213=,Mostafa,1
1213=,Mousa,1
1213=,Moussa,1
1213=,Muaaz,1
1213=,Muadz,1
1213=,Muddathir,1
1213=,Muhammad-Musa,1
1213=,Muhammad-Uzair,1
1213=,Mukhtar,1
1213=,Mulham,1
1213=,Muneeb,1
1213=,Mungo,1
1213=,Munotidaishe,1
1213=,Muqtasid,1
1213=,Murry,1
1213=,Musab,1
1213=,Mustafeez,1
1213=,Mutaz,1
1213=,Muttaqi,1
1213=,Mylo-Jayden,1
1213=,Nabeel,1
1213=,Nabiyl,1
1213=,Naing-John,1
1213=,Nairne,1
1213=,Naithain,1
1213=,Najm,1
1213=,Nalin,1
1213=,Nana,1
1213=,Naowa,1
1213=,Narain,1
1213=,Nasser,1
1213=,Natan,1
1213=,Nathan-Peter,1
1213=,Nathen,1
1213=,Nathyn,1
1213=,Navdar,1
1213=,Nawal,1
1213=,Nayan,1
1213=,Nayte,1
1213=,Ndwapi,1
1213=,Nebyu,1
1213=,Neo,1
1213=,Nestor,1
1213=,Nethan,1
1213=,Nevil,1
1213=,Nevio,1
1213=,Nial,1
1213=,Nicco,1
1213=,Nickolas,1
1213=,Nicolaas,1
1213=,Nidal,1
1213=,Nikhil,1
1213=,Nikolay,1
1213=,Nile,1
1213=,Nishal,1
1213=,Nishan,1
1213=,Niven,1
1213=,Noa,1
1213=,Noah-Thomas,1
1213=,Noor,1
1213=,Nor,1
1213=,Norman,1
1213=,Nouh,1
1213=,Noyaan,1
1213=,Nse-Obong,1
1213=,Nur,1
1213=,Nwajiugonnaya,1
1213=,Oaklen,1
1213=,Oakley-Jay,1
1213=,Obada,1
1213=,Obaro,1
1213=,Odiamehi,1
1213=,Odin,1
1213=,Oghenefejiro,1
1213=,Oghenekaro,1
1213=,Olatokunbo,1
1213=,Oliver-James,1
1213=,Olivia,1
1213=,Oluchukwu,1
1213=,Olujoba,1
1213=,Olumuretomiwa,1
1213=,Oluwadamilare,1
1213=,Oluwadamilayo,1
1213=,Oluwadamipe,1
1213=,Oluwaferanmi,1
1213=,Oluwanifemi,1
1213=,Oluwarotimi,1
1213=,Oluwasegun,1
1213=,Oluwasetemipe,1
1213=,Oluwaseun,1
1213=,Oluwatolulope,1
1213=,Oluwatosin,1
1213=,Oly,1
1213=,Om,1
1213=,Omamerhi,1
1213=,Omari-Mandume,1
1213=,Omodesireoluwa,1
1213=,Omotayo,1
1213=,Ondrej,1
1213=,Opeyemi,1
1213=,Ophe,1
1213=,Opie,1
1213=,Oren,1
1213=,Oreva-Oghene,1
1213=,Osasenaga,1
1213=,Osaze,1
1213=,Osei,1
1213=,Oskaras,1
1213=,Oskars,1
1213=,Ossian,1
1213=,Ostin,1
1213=,Oswald,1
1213=,Othello,1
1213=,Otto,1
1213=,Owen-Jay,1
1213=,Owen-Robert,1
1213=,Owin,1
1213=,Owyn,1
1213=,Ozzy,1
1213=,Pacey,1
1213=,Padruig,1
1213=,Paidi,1
1213=,Paolo,1
1213=,Parmaveer,1
1213=,Parsa,1
1213=,Paton,1
1213=,Patric,1
1213=,Paul-Junior,1
1213=,Pavel,1
1213=,Pavlos,1
1213=,Pawan,1
1213=,Peace,1
1213=,Pearce,1
1213=,Pedram,1
1213=,Perceval,1
1213=,Perrie,1
1213=,Petr,1
1213=,Phelim,1
1213=,Pietro,1
1213=,Pip,1
1213=,Porter,1
1213=,Pranav,1
1213=,Preacher,1
1213=,Presley,1
1213=,Preston-James,1
1213=,Prestyn,1
1213=,Process,1
1213=,Prosper,1
1213=,Qasim,1
1213=,Qi,1
1213=,Quade,1
1213=,Quian,1
1213=,Quinnlan,1
1213=,Raaghav,1
1213=,Raahim,1
1213=,Rabbi,1
1213=,Rabbie,1
1213=,Rachit,1
1213=,Radin,1
1213=,Radvilas,1
1213=,Rae,1
1213=,Raeden,1
1213=,Raees,1
1213=,Raffael,1
1213=,Ragnar,1
1213=,Rahat,1
1213=,Raheem,1
1213=,Rahim,1
1213=,Rahman,1
1213=,Rahul,1
1213=,Rai,1
1213=,Raiden,1
1213=,Raiens,1
1213=,Raife,1
1213=,Raihan,1
1213=,Rajan,1
1213=,Ralph,1
1213=,Ralphy,1
1213=,Ramandeep,1
1213=,Ramani,1
1213=,Ramie,1
1213=,Ramsey,1
1213=,Ramy,1
1213=,Ramzi,1
1213=,Ransford,1
1213=,Ranulf,1
1213=,Ranulph,1
1213=,Rasmie,1
1213=,Rauragh,1
1213=,Rauridh,1
1213=,Rawaad,1
1213=,Rayat,1
1213=,Raylan,1
1213=,Razwanur,1
1213=,Redgie,1
1213=,Reece-John,1
1213=,Reed,1
1213=,Reef,1
1213=,Reeve,1
1213=,Rehaan,1
1213=,Reili,1
1213=,Reilley,1
1213=,Reily,1
1213=,Remi,1
1213=,Remiel,1
1213=,Renars,1
1213=,Reni,1
1213=,Rennie,1
1213=,Rennon,1
1213=,Reo,1
1213=,Reon,1
1213=,Resse,1
1213=,Reubyn,1
1213=,Reyansh,1
1213=,Reyo,1
1213=,Rhegan,1
1213=,Rheyn,1
1213=,Rhiley,1
1213=,Rhilley,1
1213=,Rhogen,1
1213=,Rhonan,1
1213=,Rhori,1
1213=,Rhowan,1
1213=,Rhuben,1
1213=,Rhudhi,1
1213=,Rhudi,1
1213=,Rhudriah,1
1213=,Rhuraidgh,1
1213=,Rhuraidh,1
1213=,Rhylan,1
1213=,Rhylee,1
1213=,Rhylen,1
1213=,Rhyley,1
1213=,Riccardo,1
1213=,Ricki,1
1213=,Riece,1
1213=,Rielley,1
1213=,Riki,1
1213=,Rikki,1
1213=,Riley-James,1
1213=,Rilley,1
1213=,Rinan,1
1213=,Rinay,1
1213=,Rio-Chanan,1
1213=,Rishiraj,1
1213=,Rithvik,1
1213=,Rithwik,1
1213=,Riyaadh,1
1213=,Riyaan,1
1213=,Riylee,1
1213=,Rizwan,1
1213=,Rj,1
1213=,Rob,1
1213=,Robert-Gabriel,1
1213=,Robi,1
1213=,Roc,1
1213=,Rockland,1
1213=,Rocky,1
1213=,Roco,1
1213=,Rodaidh,1
1213=,Rodions,1
1213=,Rodrigo,1
1213=,Roegan,1
1213=,Roen,1
1213=,Roger,1
1213=,Roghan,1
1213=,Rollo,1
1213=,Romano,1
1213=,Ronak,1
1213=,Rori,1
1213=,Rory-Alexander,1
1213=,Rossi,1
1213=,Rowan-Junior,1
1213=,Roy,1
1213=,Royce,1
1213=,Roz,1
1213=,Ruadhan,1
1213=,Ruaidhri,1
1213=,Ruaidri,1
1213=,Ruan,1
1213=,Ruariadh,1
1213=,Ruary,1
1213=,Rudra,1
1213=,Rueben-Carter,1
1213=,Rugved,1
1213=,Ruiridh,1
1213=,Runo,1
1213=,Ruraidh,1
1213=,Ruraigh,1
1213=,Rury,1
1213=,Ruslanas,1
1213=,Russ,1
1213=,Rustams,1
1213=,Ryan-John,1
1213=,Ryan-Lee,1
1213=,Rydan,1
1213=,Ryden,1
1213=,Ryder,1
1213=,Ryelee,1
1213=,Ryhan,1
1213=,Ryleigh,1
1213=,Ryleigh-Jay,1
1213=,Rylen,1
1213=,Rylie-James,1
1213=,Ryllan,1
1213=,Ryly,1
1213=,Ryo,1
1213=,Ryver,1
1213=,Saaim,1
1213=,Saaketh,1
1213=,Saavin,1
1213=,Sadah,1
1213=,Saden,1
1213=,Sadman,1
1213=,Sahdev,1
1213=,Sahib,1
1213=,Said,1
1213=,Saim,1
1213=,Sajad,1
1213=,Salaam,1
1213=,Salim,1
1213=,Salmaan,1
1213=,Salman,1
1213=,Samael,1
1213=,Saman,1
1213=,Samar,1
1213=,Samarth,1
1213=,Samav,1
1213=,Samee,1
1213=,Sameer,1
1213=,Samieul-Ali,1
1213=,Samir,1
1213=,Sammi,1
1213=,Samson,1
1213=,Samuele,1
1213=,Samyog,1
1213=,Sander,1
1213=,Sandis,1
1213=,Sanie,1
1213=,Sanjay,1
1213=,Sansaar,1
1213=,Santino,1
1213=,Sarmad,1
1213=,Saroop,1
1213=,Sartaj,1
1213=,Sascha,1
1213=,Sasha,1
1213=,Satbir,1
1213=,Sauharda,1
1213=,Saviero,1
1213=,Savva,1
1213=,Scotto,1
1213=,Sean-Alexander,1
1213=,Sean-Thomas,1
1213=,Sebastien,1
1213=,Sefa,1
1213=,Sehejbir,1
1213=,Semiljano,1
1213=,Senam,1
1213=,Senuka,1
1213=,Seonaidh,1
1213=,Serge,1
1213=,Sergei,1
1213=,Sergio,1
1213=,Seve,1
1213=,Severin,1
1213=,Seweryn,1
1213=,Shabeer,1
1213=,Shadrach,1
1213=,Shaheed,1
1213=,Shaheen,1
1213=,Shahroz,1
1213=,Shai,1
1213=,Shakur,1
1213=,Shaneil,1
1213=,Shankar,1
1213=,Sharan,1
1213=,Shaun-Ralph,1
1213=,Shaw,1
1213=,Shayne-Patrick,1
1213=,Sheaw,1
1213=,Sheldon,1
1213=,Sherwin,1
1213=,Shi,1
1213=,Shinwin,1
1213=,Shon,1
1213=,Shonnie,1
1213=,Shuraim,1
1213=,Shyaan,1
1213=,Sibakhele,1
1213=,Sidahmed,1
1213=,Siddhant,1
1213=,Siddharth,1
1213=,Sidhart,1
1213=,Sidney,1
1213=,Sidumisinkosi,1
1213=,Sigurd,1
1213=,Silas,1
1213=,Simervir,1
1213=,Simey,1
1213=,Sinan,1
1213=,Sinclair,1
1213=,Sionn,1
1213=,Skyeler,1
1213=,Skylar,1
1213=,Sohaib,1
1213=,Sohan,1
1213=,Songmuheul,1
1213=,Sonnie,1
1213=,Soren,1
1213=,Souhuyb,1
1213=,Souness,1
1213=,Spike,1
1213=,Sridivith,1
1213=,Srijan,1
1213=,Steaphan,1
1213=,Steve,1
1213=,Stevieray,1
1213=,Stewie,1
1213=,Stilyan,1
1213=,Strachan,1
1213=,Subir,1
1213=,Sufan,1
1213=,Sufyan,1
1213=,Suhaib,1
1213=,Suhail,1
1213=,Sukhtaj,1
1213=,Sukhveer,1
1213=,Sukhvir,1
1213=,Sukrith,1
1213=,Suleman,1
1213=,Suleymane,1
1213=,Sulley,1
1213=,Sullivan,1
1213=,Sunnie,1
1213=,T,1
1213=,Tadhg,1
1213=,Taha,1
1213=,Tahar,1
1213=,Tahir,1
1213=,Tailor,1
1213=,Tajus,1
1213=,Talal,1
1213=,Talon,1
1213=,Tamaar,1
1213=,Tamer,1
1213=,Tamerlan,1
1213=,Tanar,1
1213=,Tanav,1
1213=,Tanay,1
1213=,Tane,1
1213=,Tanish,1
1213=,Tanmay,1
1213=,Tantoluwa,1
1213=,Tanvir,1
1213=,Taogh,1
1213=,Tapas,1
1213=,Tapiwa,1
1213=,Taqdeer,1
1213=,Taqi,1
1213=,Tarandeep,1
1213=,Taranjit,1
1213=,Tarian,1
1213=,Tariq,1
1213=,Tarkan,1
1213=,Tarun,1
1213=,Tauras,1
1213=,Taydon,1
1213=,Tayfur,1
1213=,Tayib,1
1213=,Taylan-James,1
1213=,Taylor-Jay,1
1213=,Tee-Jay,1
1213=,Teegan,1
1213=,Tehjas,1
1213=,Tej,1
1213=,Tejaiy,1
1213=,Tejay,1
1213=,Tejdeep,1
1213=,Temidayo,1
1213=,Temiloluwa,1
1213=,Tenzin,1
1213=,Teodor,1
1213=,Terry-Jordan,1
1213=,Thabo,1
1213=,Thamidu,1
1213=,Thando,1
1213=,Tharchin,1
1213=,Thasin,1
1213=,Theo-James,1
1213=,Thomas-James,1
1213=,Thomas-Jay,1
1213=,Thomas-Junior,1
1213=,Thomas-Lee,1
1213=,Thomas-Patrick,1
1213=,Thorstein,1
1213=,Thushendra,1
1213=,Tianyi,1
1213=,Tiijae,1
1213=,Timo,1
1213=,Timoor,1
1213=,Timur,1
1213=,Timurs,1
1213=,Tinashe,1
1213=,Tinaye,1
1213=,Tino,1
1213=,Tiree,1
1213=,Tiyler,1
1213=,Tiyler-Jay,1
1213=,Tj,1
1213=,Tk,1
1213=,Tobbi,1
1213=,Tobenna,1
1213=,Tobey,1
1213=,Tobi,1
1213=,Tobiloluwa,1
1213=,Tolulope,1
1213=,Tomlin,1
1213=,Tommee,1
1213=,Tommy-Lee,1
1213=,Toms,1
1213=,Tonna,1
1213=,Tony-James,1
1213=,Torben,1
1213=,Torez,1
1213=,Toritseju,1
1213=,Tormod,1
1213=,Torquil,1
1213=,Torren,1
1213=,Toviah,1
1213=,Trevor,1
1213=,Trigg,1
1213=,Tristyn,1
1213=,Troy-Jacob,1
1213=,Truman,1
1213=,Trystan,1
1213=,Tycjan,1
1213=,Tye,1
1213=,Tyler-Jack,1
1213=,Tyler-James,1
1213=,Tyler-Reiss,1
1213=,Tylor,1
1213=,Tyrell,1
1213=,Tyren-James,1
1213=,Tytus,1
1213=,Tyus,1
1213=,Ubaid,1
1213=,Ubayd,1
1213=,Udip,1
1213=,Ugnius,1
1213=,Uisdean,1
1213=,Ukahchukwu,1
1213=,Ulas,1
1213=,Umair,1
1213=,Umairali,1
1213=,Unai,1
1213=,Unnabh,1
1213=,Usaeed,1
1213=,Uwadiale,1
1213=,Uyiosa,1
1213=,Valen,1
1213=,Valentino,1
1213=,Valerian,1
1213=,Vance,1
1213=,Vaughan,1
1213=,Vedant,1
1213=,Veeraj,1
1213=,Vidhun,1
1213=,Viggo,1
1213=,Vijay,1
1213=,Vikaash,1
1213=,Viktoras,1
1213=,Vilius,1
1213=,Vince,1
1213=,Vincenzo,1
1213=,Vinish,1
1213=,Vinni,1
1213=,Vinuda,1
1213=,Vittorio,1
1213=,Vivaan,1
1213=,Vladimir,1
1213=,Vladislavs,1
1213=,Wadood,1
1213=,Wahid,1
1213=,Walker,1
1213=,Wayne,1
1213=,Wayne-Junior,1
1213=,Wei,1
1213=,Wenkai,1
1213=,Wesam,1
1213=,Weston,1
1213=,Wilkie,1
1213=,William-Lee,1
1213=,Willie,1
1213=,Willieboy,1
1213=,Winpini,1
1213=,Witold,1
1213=,Wolfe,1
1213=,Wolfie,1
1213=,Wolfram,1
1213=,Won,1
1213=,Woodrow,1
1213=,Woyengipreye,1
1213=,Wyley,1
1213=,Wynn,1
1213=,Wynston,1
1213=,Xaviar,1
1213=,Xenon,1
1213=,Xiantao,1
1213=,Xiao,1
1213=,Xing,1
1213=,Xiuhan,1
1213=,Xolile,1
1213=,Yaathith,1
1213=,Yacine,1
1213=,Yahya-Kamran,1
1213=,Yakoob,1
1213=,Yakub,1
1213=,Yamaan,1
1213=,Yamiko,1
1213=,Yang,1
1213=,Yann,1
1213=,Yanni,1
1213=,Yaris,1
1213=,Yashar,1
1213=,Yasin,1
1213=,Yasser,1
1213=,Yaya,1
1213=,Yedidya,1
1213=,Yiannis,1
1213=,Yiheng,1
1213=,Yilong,1
1213=,Yixun,1
1213=,Yodahe,1
1213=,Yoshiharu,1
1213=,You,1
1213=,Youcef,1
1213=,Younis,1
1213=,Yousef,1
1213=,Yousuf,1
1213=,Yusif,1
1213=,Yussef,1
1213=,Yuxuan,1
1213=,Zacharias,1
1213=,Zachery,1
1213=,Zahir,1
1213=,Zaidyn,1
1213=,Zaier,1
1213=,Zakariah,1
1213=,Zakarie,1
1213=,Zakir,1
1213=,Zarrar,1
1213=,Zavian,1
1213=,Zavier,1
1213=,Zaviyar,1
1213=,Zayan,1
1213=,Zaydan,1
1213=,Zeal,1
1213=,Zeb,1
1213=,Zebadiah,1
1213=,Zebedee,1
1213=,Zeek,1
1213=,Zefeng,1
1213=,Zehn'edin,1
1213=,Zephyr,1
1213=,Zeyd,1
1213=,Zhaohui,1
1213=,Zhe,1
1213=,Zhong,1
1213=,Zhuo,1
1213=,Zikoranachidinma,1
1213=,Zion-Cole,1
1213=,Zion-Morgan,1
1213=,Ziyad,1
1213=,Zohaib,1
1213=,Zoheb,1
1213=,Zoraiz,1
1213=,Zunair,1
1213=,Zurabi,1
,,
,,
,,
,,
,,
,,
,,
,,
,,
,,
,,
,,
,,
,,
,,
,,
,,
,,
,,
,,
,,
,,
,,
,,
,,
,,
,,
,,
,,
,,
,,
,,
,,
,,
,,
,,
,,
,,
,,
,,
,,
,,
,,
,,
,,
,,
,,
,,
,,
,,
,,
,,
,,
,,
,,
,,
,,
,,
,,
,,
,,
,,
,,
,,
,,
,,
,,
,,
,,
,,
,,
,,
,,
,,
,,
,,
,,
,,
,,
,,
,,
,,
,,
,,
,,
,,
,,
,,
,,
,,
,,
,,
,,
,,
,,
,,
,,
,,
,,
,,
,,
,,
,,
,,
,,
,,
,,
,,
,,
,,
,,
,,
,,
,,
,,
,,
,,
,,
,,
,,
,,
,,
,,
,,
,,
,,
,,
,,
,,
,,
,,
,,
,,
,,
,,
,,
,,
,,
,,
,,
,,
,,
,,
,,
,,
,,
,,
,,
,,
,,
,,
,,
,,
,,
,,
,,
,,
,,
,,
,,
,,
,,
,,
,,
,,
,,
,,
,,
,,
,,
,,
,,
,,
,,
,,
,,
,,
,,
,,
,,
,,
,,
,,
,,
,,
,,
,,
,,
,,
,,
,,
,,
,,
,,
,,
,,
,,
,,
,,
,,
,,
,,
,,
,,
,,
,,
,,
,,
,,
,,
,,
,,
,,
,,
,,
,,
,,
,,
,,
,,
,,
,,
,,
,,
,,
,,
,,
,,
,,
,,
,,
,,
,,
,,
,,
,,
,,
,,
,,
,,
,,
,,
,,
,,
,,
,,
,,
,,
,,
,,
,,
,,
,,
,,
,,
,,
,,
,,
,,
,,
,,
,,
,,
,,
,,
,,
,,
,,
,,
,,
,,
,,
,,
,,
,,
,,
,,
,,
,,
,,
,,
,,
,,
,,
,,
,,
,,
,,
,,
,,
,,
,,
,,
,,
,,
,,
,,
,,
,,
,,
,,
,,
,,
,,
,,
,,
,,
,,
,,
,,
,,
,,
,,
,,
,,
,,
,,
,,
,,
,,
,,
,,
,,
,,
,,
,,
,,
,,
,,
,,
,,
,,
,,
,,
,,
,,
,,
,,
,,
,,
,,
,,
,,
,,
,,
,,
,,
,,
,,
,,
,,
,,
,,
,,
,,
,,
,,
,,
,,
,,
,,
,,
,,
,,
,,
,,
,,
,,
,,
,,
,,
,,
,,
,,
,,
,,
,,
,,
,,
,,
,,
,,
,,
,,
,,
,,
,,
,,
,,
,,
,,
,,
,,
,,
,,
,,
,,
,,
,,
,,
,,
,,
,,
,,
,,
,,
,,
,,
,,
,,
,,
,,
,,
,,
,,
,,
,,
,,
,,
,,
,,
,,
,,
,,
,,
,,
,,
,,
,,
,,
,,
,,
,,
,,
,,
,,
,,
,,
,,
,,
,,
,,
,,
,,
,,
,,
,,
,,
,,
,,
,,
,,
,,
,,
,,
,,
,,
,,
,,
,,
,,
,,
,,
,,
,,
,,
,,
,,
,,
,,
,,
,,
,,
,,
,,
,,
,,
,,
,,
,,
,,
,,
,,
,,
,,
,,
,,
,,
,,
,,
,,
,,
,,
,,
,,
,,
,,
,,
,,
,,
,,
,,
,,
,,
,,
,,
,,
,,
,,
,,
,,
,,
,,
,,
,,
,,
,,
,,
,,
,,
,,
,,
,,
,,
,,
,,
,,
,,
,,
,,
,,
,,
,,
,,
,,
,,
,,
,,
,,
,,
,,
,,
,,
,,
,,
,,
,,
,,
,,
,,
,,
,,
,,
,,
,,
,,
,,
,,
,,
,,
,,
,,
,,
,,
,,
,,
,,
,,
,,
,,
,,
,,
,,
,,
,,
,,
,,
,,
,,
,,
,,
,,
,,
,,
,,
,,
,,
,,
,,
,,
,,
,,
,,
,,
,,
,,
,,
,,
,,
,,
,,
,,
,,
,,
,,
,,
,,
,,
,,
,,
,,
,,
,,
,,
,,
,,
,,
,,
,,
,,
,,
,,
,,
,,
,,
,,
,,
,,
,,
,,
,,
,,
,,
,,
,,
,,
,,
,,
,,
,,
,,
,,
,,
,,
,,
,,
,,
,,
,,
,,
,,
,,
,,
,,
,,
,,
,,
,,
,,
,,
,,
,,
,,
,,
,,
,,
,,
,,
,,
,,
,,
,,
,,
,,
,,
,,
,,
,,
,,
,,
,,
,,
,,
,,
,,
,,
,,
,,
,,
,,
,,
,,
,,
,,
,,
,,
,,
,,
,,
,,
,,
,,
,,
,,
,,
,,
,,
,,
,,
,,
,,
,,
,,
,,
,,
,,
,,
,,
,,
,,
,,
,,
,,
,,
,,
,,
,,
,,
,,
,,
,,
,,
,,
,,
,,
,,
,,
,,
,,
,,
,,
,,
,,
,,
,,
,,
,,
,,
,,
,,
,,
,,
,,
,,
,,
,,
,,
,,
,,
,,
,,
,,
,,
,,
,,
,,
,,
,,
,,
,,
,,
,,
,,
,,
,,
,,
,,
,,
,,
,,
,,
,,
,,
,,
,,
,,
,,
,,
,,
,,
,,
,,
,,
,,
,,
,,
,,
,,
,,
,,
,,
,,
,,
,,
,,
,,
,,
,,
,,
,,
,,
,,
,,
,,
,,
,,
,,
,,
,,
,,
,,
,,
,,
,,
,,
,,
,,
,,
,,
,,
,,
,,
,,
,,
,,
,,
,,
,,
,,
,,
,,
,,
,,
,,
,,
,,
,,
,,
,,
,,
,,
,,
,,
,,
,,
,,
,,
,,
,,
,,
,,
,,
,,
,,
,,
,,
,,
,,
,,
,,
,,
,,
,,
,,
,,
,,
,,
,,
,,
,,
,,
,,
,,
,,
,,
,,
,,
,,
,,
,,
,,
,,
,,
,,
,,
,,
,,
,,
,,
,,
,,
,,
,,
,,
,,
,,
,,
,,
,,
,,
,,
,,
,,
,,
,,
,,
,,
,,
,,
,,
,,
,,
,,
,,
,,
,,
,,
,,
,,
,,
,,
,,
,,
,,
,,
,,
,,
,,
,,
,,
,,
,,
,,
,,
,,
,,
,,
,,
,,
,,
,,
,,
,,
,,
,,
,,
,,
,,
,,
,,
,,
,,
,,
,,
,,
,,
,,
,,
,,
,,
,,
,,
,,
,,
,,
,,
,,
,,
,,
,,
,,
,,
,,
,,
,,
,,
,,
,,
,,
,,
,,
,,
,,
,,
,,
,,
,,
,,
,,
,,
,,
,,
,,
,,
,,
,,
,,
,,
,,
,,
,,
,,
,,
,,
,,
,,
,,
,,
,,
,,
,,
,,
,,
,,
,,
,,
,,
,,
,,
,,
,,
,,
,,
,,
,,
,,
,,
� Crown Copyright 2015,,
