Position,Name,Number of babies
1,Jack,539
2,Lewis,438
3,James,428
4,Riley,418
5,Logan,392
6,Daniel,384
7,Ethan,352
8,Harry,331
9,Alexander,327
10,Oliver,311
11,Max,306
12,Charlie,298
13=,Finlay,296
13=,Tyler,296
15,Aaron,295
16,Adam,291
17,Mason,287
18,Alfie,284
19,Ryan,278
20=,Liam,271
20=,Lucas,271
22,Jamie,266
23,Thomas,265
24,Callum,259
25,Cameron,258
26,Dylan,252
27,Kyle,249
28,Harris,242
29=,Matthew,240
29=,Noah,240
31,Rory,233
32=,Connor,225
32=,Joshua,225
34,Nathan,219
35,Jacob,216
36,Aiden,200
37,William,199
38,Archie,197
39,Leo,191
40,Andrew,189
41,Jayden,186
42,Luke,183
43,Rhys,158
44,Kai,157
45,David,155
46,Cole,152
47=,Joseph,151
47=,Michael,151
49,Samuel,145
50,Leon,144
51,John,139
52,Benjamin,138
53,Brodie,136
54,Harrison,133
55=,Ben,127
55=,Robbie,127
57=,Josh,124
57=,Robert,124
59,Owen,123
60=,Fraser,122
60=,Oscar,122
62,Caleb,120
63,Euan,113
64=,Jake,111
64=,Jay,111
66,Finn,105
67,Ross,104
68=,Calum,103
68=,Muhammad,103
70,Blair,102
71,Ollie,98
72,Arran,97
73=,Angus,96
73=,Christopher,96
73=,Murray,96
76,Scott,95
77,Evan,93
78,Cooper,91
79=,Sam,90
79=,Zac,90
81,Kayden,87
82=,Alex,85
82=,Ewan,85
84=,Aidan,84
84=,George,84
86=,Olly,83
86=,Ruaridh,83
88=,Blake,79
88=,Declan,79
88=,Kaiden,79
91,Isaac,77
92,Reece,76
93,Cody,74
94,Calvin,73
95,Luca,72
96=,Mark,71
96=,Shay,71
98=,Jude,69
98=,Sean,69
100=,Jackson,68
100=,Kian,68
100=,Kieran,68
103,Sebastian,67
104=,Mohammed,65
104=,Zachary,65
106,Taylor,64
107,Gabriel,63
108,Sonny,61
109,Harley,60
110,Corey,59
111,Lachlan,58
112=,Hamish,57
112=,Reuben,57
114=,Alistair,56
114=,Harvey,56
114=,Zak,56
117,Marcus,55
118=,Brandon,54
118=,Brody,54
120,Elliot,53
121=,Callan,52
121=,Charles,52
121=,Innes,52
121=,Lyle,52
121=,Theo,52
126=,Carson,51
126=,Edward,51
128,Gregor,50
129=,Conor,49
129=,Flynn,49
131,Anthony,48
132=,Fergus,47
132=,Henry,47
132=,Louis,47
132=,Struan,47
136=,Hayden,46
136=,Stephen,46
138=,Austin,45
138=,Carter,45
140=,Lennon,44
140=,Steven,44
142=,Patrick,43
142=,Tommy,43
144=,Ashton,42
144=,Kenzie,42
144=,Zach,42
147=,Bradley,40
147=,Jakub,40
147=,Lee,40
150=,Jason,39
150=,Jordan,39
150=,Maxwell,39
150=,Toby,39
154=,Bobby,38
154=,Craig,38
154=,Danny,38
154=,Freddie,38
154=,Paul,38
159,Keir,37
160=,Alan,36
160=,Alasdair,36
160=,Arthur,36
160=,Dexter,36
160=,Peter,36
160=,Ruairidh,36
166=,Ciaran,35
166=,Filip,35
166=,Rio,35
169=,Ellis,34
169=,Jaxon,34
169=,Kaleb,34
169=,Rocco,34
169=,Stuart,34
174=,Dominic,33
174=,Findlay,33
174=,Junior,33
174=,Kacper,33
174=,Kerr,33
174=,Nicholas,33
174=,Seth,33
181=,Hunter,32
181=,Joe,32
181=,Shaun,32
181=,Zack,32
185=,Joel,31
185=,Kevin,31
185=,Leighton,31
185=,Lukas,31
189=,Frankie,30
189=,Layton,30
191=,Bailey,29
191=,Brian,29
191=,Campbell,29
191=,Finley,29
191=,Louie,29
191=,Magnus,29
191=,Mohammad,29
198=,Billy,28
198=,Hugo,28
198=,Tom,28
201=,Caiden,27
201=,Jai,27
203=,Cayden,26
203=,Jenson,26
203=,Jonathan,26
203=,Ruben,26
207,Douglas,25
208=,Conner,24
208=,Eli,24
208=,Niall,24
208=,Ryley,24
212=,Antoni,23
212=,Duncan,23
212=,Joey,23
212=,Ronan,23
216=,Jan,22
216=,Lochlan,22
216=,Mitchell,22
216=,Myles,22
216=,Nico,22
216=,Oskar,22
216=,Tristan,22
216=,Zander,22
224=,Cruz,21
224=,Felix,21
224=,Martin,21
224=,Rohan,21
224=,Rudi,21
229=,Elliott,20
229=,Levi,20
229=,Leyton,20
229=,Nathaniel,20
229=,Spencer,20
229=,Xander,20
235=,Ayden,19
235=,Caelan,19
235=,Cian,19
235=,Darren,19
235=,Dominik,19
235=,Donald,19
235=,Elijah,19
235=,Kaden,19
235=,Marc,19
235=,Reilly,19
235=,Roman,19
246=,Eric,18
246=,Gary,18
246=,Jaiden,18
246=,Leonardo,18
246=,Muhammed,18
246=,Preston,18
252=,Alastair,17
252=,Aleksander,17
252=,Damian,17
252=,Dean,17
252=,Neil,17
252=,Rowan,17
252=,Ruaraidh,17
252=,Theodore,17
252=,Travis,17
261=,Ali,16
261=,Arron,16
261=,Colin,16
261=,Frederick,16
261=,Hugh,16
261=,Julian,16
261=,Ruari,16
261=,Saul,16
261=,Szymon,16
270=,Mackenzie,15
270=,Maison,15
270=,Rudy,15
270=,Torin,15
274=,Adrian,14
274=,Ayaan,14
274=,Miller,14
274=,Milo,14
274=,Mylo,14
274=,Richard,14
274=,Robin,14
274=,Stewart,14
282=,Abdul,13
282=,Caden,13
282=,Cailean,13
282=,Calan,13
282=,Eoin,13
282=,Gavin,13
282=,Kalvin,13
282=,Keiran,13
282=,Lauchlan,13
282=,Lennox,13
282=,Lyall,13
282=,Maximilian,13
282=,Maximus,13
282=,Mikey,13
282=,Philip,13
282=,Quinn,13
282=,Rayyan,13
282=,Shane,13
282=,Simon,13
301=,Bartosz,12
301=,Brayden,12
301=,Cohen,12
301=,Dawid,12
301=,Drew,12
301=,Ian,12
301=,Igor,12
301=,Jace,12
301=,Kane,12
301=,Karson,12
301=,Murdo,12
301=,Parker,12
301=,Patryk,12
301=,Rylan,12
301=,Sol,12
301=,Xavier,12
301=,Zane,12
318=,Abdullah,11
318=,Boyd,11
318=,Christian,11
318=,Franciszek,11
318=,Gordon,11
318=,Ibrahim,11
318=,Jasper,11
318=,Keegan,11
318=,Leland,11
318=,Mateusz,11
318=,Michal,11
318=,Morgan,11
318=,Nairn,11
318=,Olivier,11
318=,Ruairi,11
318=,Rylie,11
318=,Syed,11
318=,Ty,11
318=,Vincent,11
337=,Brendan,10
337=,Brooklyn,10
337=,Bryce,10
337=,Coby,10
337=,Colby,10
337=,Cormac,10
337=,Curtis,10
337=,Dillon,10
337=,Fabian,10
337=,Francis,10
337=,Frazer,10
337=,Grant,10
337=,Hassan,10
337=,Ivan,10
337=,Jonah,10
337=,Kelvin,10
337=,Kole,10
337=,Maciej,10
337=,Oliwier,10
337=,Rayan,10
337=,Ronnie,10
337=,Victor,10
337=,Wiktor,10
337=,Wojciech,10
361=,Alfred,9
361=,Allan,9
361=,Anton,9
361=,Brogan,9
361=,Bruno,9
361=,Callen,9
361=,Casey,9
361=,Conall,9
361=,Cory,9
361=,Derry,9
361=,Eden,9
361=,Glen,9
361=,Grayson,9
361=,Iain,9
361=,Justin,9
361=,Kade,9
361=,Kyran,9
361=,Malcolm,9
361=,Marcel,9
361=,Marshall,9
361=,Mckenzie,9
361=,Micah,9
361=,Millar,9
361=,Mohamed,9
361=,Nicolas,9
361=,Nikodem,9
361=,Ramsay,9
361=,Rian,9
361=,Subhan,9
361=,Will,9
361=,Zayn,9
392=,Ahmed,8
392=,Albert,8
392=,Arlo,8
392=,Artur,8
392=,Aryan,8
392=,Barry,8
392=,Bruce,8
392=,Cillian,8
392=,Codey,8
392=,Colton,8
392=,Dara,8
392=,Derek,8
392=,Devon,8
392=,Elias,8
392=,Fynn,8
392=,Graeme,8
392=,Hector,8
392=,Hudson,8
392=,Jax,8
392=,Jaxson,8
392=,Kenneth,8
392=,Laurie,8
392=,Lawson,8
392=,Luka,8
392=,Mac,8
392=,Maksymilian,8
392=,Marco,8
392=,Marley,8
392=,Musa,8
392=,Mustafa,8
392=,Noel,8
392=,Omar,8
392=,Qasim,8
392=,Ralph,8
392=,Romeo,8
392=,Shea,8
392=,Stefan,8
392=,Tate,8
392=,Timothy,8
392=,Warren,8
392=,Yusuf,8
392=,Zain,8
434=,Ally,7
434=,Antony,7
434=,Aron,7
434=,Aston,7
434=,Baxter,7
434=,Blaine,7
434=,Braxton,7
434=,Cade,7
434=,Caolan,7
434=,Clark,7
434=,Clayton,7
434=,Conlan,7
434=,Devlin,7
434=,Emmanuel,7
434=,Graham,7
434=,Haris,7
434=,Harper,7
434=,Haydn,7
434=,Jakob,7
434=,Jon,7
434=,Kellan,7
434=,Kirk,7
434=,Kodi,7
434=,Kody,7
434=,Kye,7
434=,Lloyd,7
434=,Luc,7
434=,Mathew,7
434=,Oran,7
434=,Otis,7
434=,Piotr,7
434=,Reegan,7
434=,Wilson,7
467=,Ahmad,6
467=,Ajay,6
467=,Bentley,6
467=,Bilal,6
467=,Brady,6
467=,Cairn,6
467=,Casper,6
467=,Damien,6
467=,Damon,6
467=,Danyal,6
467=,Daryl,6
467=,Dorian,6
467=,Faizan,6
467=,Howie,6
467=,Jaden,6
467=,John-James,6
467=,Johnny,6
467=,Kamil,6
467=,Kasper,6
467=,Kris,6
467=,Lincoln,6
467=,Lleyton,6
467=,Mikolaj,6
467=,Miles,6
467=,Olli,6
467=,Roan,6
467=,Rufus,6
467=,Sami,6
467=,Stanley,6
467=,Tomas,6
467=,Tomasz,6
467=,Tyler-James,6
467=,Walter,6
500=,Aarron,5
500=,Antonio,5
500=,Archibald,5
500=,Asher,5
500=,Aydin,5
500=,Azaan,5
500=,Baillie,5
500=,Beau,5
500=,Borys,5
500=,Broden,5
500=,Buddy,5
500=,Byron,5
500=,Chris,5
500=,Clay,5
500=,Conan,5
500=,Corben,5
500=,Dale,5
500=,Daniyal,5
500=,Davis,5
500=,Dawson,5
500=,Dennis,5
500=,Diego,5
500=,Enzo,5
500=,Eoghan,5
500=,Finnlay,5
500=,Fletcher,5
500=,Gethin,5
500=,Heath,5
500=,Jared,5
500=,Jaydon,5
500=,Jensen,5
500=,Jock,5
500=,John-Paul,5
500=,Kaidyn,5
500=,Kain,5
500=,Keenan,5
500=,Keigan,5
500=,Kobe,5
500=,Krystian,5
500=,Kyan,5
500=,Lewie,5
500=,Lomond,5
500=,Lorenzo,5
500=,Luis,5
500=,Mack,5
500=,Malakai,5
500=,Markus,5
500=,Masen,5
500=,Munro,5
500=,Odin,5
500=,Orrin,5
500=,Rafael,5
500=,Reid,5
500=,Ritchie,5
500=,Roderick,5
500=,Roy,5
500=,Russell,5
500=,Seamus,5
500=,Sorley,5
500=,Tobias,5
500=,Tylar,5
500=,Tymoteusz,5
500=,Woody,5
500=,Yahya,5
500=,Zachariah,5
500=,Zakariya,5
500=,Zakir,5
500=,Zi,5
568=,Ace,4
568=,Aden,4
568=,Aedan,4
568=,Aleks,4
568=,Ameer,4
568=,Arjun,4
568=,Asad,4
568=,Ayub,4
568=,Brett,4
568=,Cadan,4
568=,Caelen,4
568=,Cai,4
568=,Cain,4
568=,Carlo,4
568=,Carrick,4
568=,Chase,4
568=,Coll,4
568=,Corin,4
568=,Corran,4
568=,Corrie,4
568=,Darragh,4
568=,Davi,4
568=,Denis,4
568=,Denny,4
568=,Denver,4
568=,Derryn,4
568=,Devin,4
568=,Dougal,4
568=,Edwin,4
568=,Emil,4
568=,Emir,4
568=,Ezra,4
568=,Fionn,4
568=,Forbes,4
568=,Frank,4
568=,Gareth,4
568=,Glenn,4
568=,Greg,4
568=,Guy,4
568=,Hao,4
568=,Harvie,4
568=,Hasan,4
568=,Hashim,4
568=,Irvine,4
568=,Jaidyn,4
568=,Jak,4
568=,Jethro,4
568=,Jordi,4
568=,Kaeden,4
568=,Kael,4
568=,Kallum,4
568=,Karol,4
568=,Keelan,4
568=,Keith,4
568=,Kenzi,4
568=,Kieren,4
568=,Konrad,4
568=,Kristian,4
568=,Kylan,4
568=,Lachlann,4
568=,Laurence,4
568=,Lawrence,4
568=,Lochlann,4
568=,Lowrie,4
568=,Lucca,4
568=,Malachi,4
568=,Malik,4
568=,Moray,4
568=,Natan,4
568=,Nate,4
568=,Neo,4
568=,Nicky,4
568=,Nikita,4
568=,Olaf,4
568=,Orson,4
568=,Ossian,4
568=,Padraig,4
568=,Phillip,4
568=,Prince,4
568=,Raphael,4
568=,Rayaan,4
568=,Reagan,4
568=,Rhuari,4
568=,River,4
568=,Ronald,4
568=,Rossi,4
568=,Santiago,4
568=,Seumas,4
568=,Shae,4
568=,Solomon,4
568=,Tanaka,4
568=,Taylan,4
568=,Thom,4
568=,Tj,4
568=,Tylor,4
568=,Wallace,4
568=,Wilfred,4
568=,Yu,4
568=,Yuvraj,4
568=,Zakk,4
568=,Zayaan,4
669=,Aayan,3
669=,Addison,3
669=,Aj,3
669=,Alessandro,3
669=,Alessio,3
669=,Alister,3
669=,Andrei,3
669=,Argyll,3
669=,Ash,3
669=,Ayan,3
669=,Azlan,3
669=,Barclay,3
669=,Barnaby,3
669=,Bodhi,3
669=,Brax,3
669=,Brennan,3
669=,Bryan,3
669=,Cal,3
669=,Calder,3
669=,Carl,3
669=,Cathal,3
669=,Cjay,3
669=,Clyde,3
669=,Coben,3
669=,Coen,3
669=,Conal,3
669=,Conley,3
669=,Corbin,3
669=,Crawford,3
669=,Cullen,3
669=,Dan,3
669=,Dante,3
669=,Dario,3
669=,Darryl,3
669=,Daryll,3
669=,Declyn,3
669=,Desmond,3
669=,Devyn,3
669=,Dillan,3
669=,Dougie,3
669=,Edan,3
669=,Eddie,3
669=,Edgar,3
669=,Emmett,3
669=,Eryk,3
669=,Ezekiel,3
669=,Finnian,3
669=,Floyd,3
669=,Francesco,3
669=,Garry,3
669=,Geordie,3
669=,Gerard,3
669=,Gillen,3
669=,Gray,3
669=,Haiden,3
669=,Hamza,3
669=,Hubert,3
669=,Ibraheem,3
669=,Ioan,3
669=,Ismail,3
669=,Jacen,3
669=,Jaime,3
669=,Jakson,3
669=,Jamal,3
669=,Jia,3
669=,Jim,3
669=,Jonas,3
669=,Jun,3
669=,Kaileb,3
669=,Kaine,3
669=,Kajetan,3
669=,Kal,3
669=,Kalin,3
669=,Kamran,3
669=,Karim,3
669=,Kenley,3
669=,Kennedy,3
669=,Keyaan,3
669=,Kieron,3
669=,Kirill,3
669=,Kori,3
669=,Kristopher,3
669=,Laughlan,3
669=,Lawrie,3
669=,Leeland,3
669=,Leith,3
669=,Linden,3
669=,Loic,3
669=,Lucien,3
669=,Lyndon,3
669=,Maksim,3
669=,Malachy,3
669=,Marek,3
669=,Martins,3
669=,Matiss,3
669=,Matt,3
669=,Matteo,3
669=,Maximillian,3
669=,Monty,3
669=,Nelson,3
669=,Nils,3
669=,Nolan,3
669=,Nyall,3
669=,Oren,3
669=,Otto,3
669=,Pawel,3
669=,Perry,3
669=,Phoenix,3
669=,Raihan,3
669=,Ramsey,3
669=,Rana,3
669=,Ranveer,3
669=,Rayhan,3
669=,Raymond,3
669=,Reese,3
669=,Reggie,3
669=,Reiss,3
669=,Remi,3
669=,Rhiley,3
669=,Rhyley,3
669=,Ricky,3
669=,Rogan,3
669=,Ronin,3
669=,Ruaidhri,3
669=,Rylee,3
669=,Saif,3
669=,Sandy,3
669=,Shahzaib,3
669=,Shaurya,3
669=,Shayne,3
669=,Sylwester,3
669=,Tajus,3
669=,Talal,3
669=,Terry,3
669=,Tiago,3
669=,Tyler-Jay,3
669=,Tyrese,3
669=,Tyrone,3
669=,Umar,3
669=,Usman,3
669=,Vinnie,3
669=,Vivaan,3
669=,Wesley,3
669=,Yaseen,3
669=,Yousuf,3
669=,Zackary,3
669=,Zaid,3
669=,Zayan,3
669=,Zayd,3
669=,Zohaib,3
819=,A,2
819=,Aahil,2
819=,Aarav,2
819=,Aaryan,2
819=,Abraham,2
819=,Abu,2
819=,Adem,2
819=,Aditya,2
819=,Ahyan,2
819=,Aidyn,2
819=,Airen,2
819=,Akash,2
819=,Alberto,2
819=,Albi,2
819=,Albie,2
819=,Alec,2
819=,Alexzander,2
819=,Amine,2
819=,Anderson,2
819=,Andre,2
819=,Andrejs,2
819=,Andres,2
819=,Andy,2
819=,Anirudh,2
819=,Aran,2
819=,Archer,2
819=,Arel,2
819=,Arkadiusz,2
819=,Arley,2
819=,Armandas,2
819=,Arnas,2
819=,Arnav,2
819=,Artin,2
819=,Ashley,2
819=,Atholl,2
819=,Atticus,2
819=,Aubrey,2
819=,Austen,2
819=,Awais,2
819=,Ayoub,2
819=,Ayyub,2
819=,Barney,2
819=,Basil,2
819=,Bastian,2
819=,Bay,2
819=,Beck,2
819=,Benedict,2
819=,Blain,2
819=,Blane,2
819=,Blue,2
819=,Bobbi,2
819=,Brad,2
819=,Braden,2
819=,Braiden,2
819=,Braidyn,2
819=,Brandyn,2
819=,Brannon,2
819=,Brogan-Lee,2
819=,Bryn,2
819=,Bryson,2
819=,Burhan,2
819=,Caeden,2
819=,Cael,2
819=,Caeleb,2
819=,Cailan,2
819=,Caileb,2
819=,Caius,2
819=,Calin,2
819=,Camden,2
819=,Camryn,2
819=,Carlos,2
819=,Casimir,2
819=,Cassius,2
819=,Charly,2
819=,Che,2
819=,Chigozirim,2
819=,Christie,2
819=,Christopher-James,2
819=,Cieran,2
819=,Coden,2
819=,Codi,2
819=,Cohan,2
819=,Colm,2
819=,Colten,2
819=,Conlin,2
819=,Connal,2
819=,Connar,2
819=,Connell,2
819=,Conrad,2
819=,Corvin,2
819=,Cruize,2
819=,Cupar,2
819=,Daigan,2
819=,Daley,2
819=,Daniels,2
819=,Danish,2
819=,Darius,2
819=,Daud,2
819=,Davide,2
819=,Dawud,2
819=,Dayton,2
819=,Deacon,2
819=,Dermott,2
819=,Derrick,2
819=,Dhruv,2
819=,Dilan,2
819=,Dion,2
819=,Divine,2
819=,Dj,2
819=,Domas,2
819=,Donnie,2
819=,Donny,2
819=,Dre,2
819=,Duke,2
819=,Eamonn,2
819=,Eathan,2
819=,Ed,2
819=,Edison,2
819=,Eesa,2
819=,Eisa,2
819=,Eliot,2
819=,Elvin,2
819=,Emerson,2
819=,Emiliano,2
819=,Enoch,2
819=,Eray,2
819=,Ernest,2
819=,Errol,2
819=,Eshan,2
819=,Ewen,2
819=,Faiz,2
819=,Finbar,2
819=,Findley,2
819=,Finnan,2
819=,Ford,2
819=,Freddi,2
819=,Freddy,2
819=,Frederic,2
819=,Frederik,2
819=,Fyfe,2
819=,Gabrielius,2
819=,Giorgio,2
819=,Giulio,2
819=,Gregg,2
819=,Gregory,2
819=,Greig,2
819=,Griff,2
819=,Grzegorz,2
819=,Gustas,2
819=,Gustavs,2
819=,Guthrie,2
819=,Haaris,2
819=,Hamzah,2
819=,Haroon,2
819=,Harri,2
819=,Hartley,2
819=,Haseeb,2
819=,Herbie,2
819=,Holden,2
819=,Humza,2
819=,Hussain,2
819=,Hussein,2
819=,Idrissa,2
819=,Ignacy,2
819=,Ignas,2
819=,Innis,2
819=,Isa,2
819=,Isac,2
819=,Isaiah,2
819=,Issac,2
819=,Izaac,2
819=,Jadyn,2
819=,Jaimie,2
819=,Jase,2
819=,Jaxen,2
819=,Jayce,2
819=,Jaydan,2
819=,Jed,2
819=,Jeffrey,2
819=,Jerry,2
819=,Jimi,2
819=,Jimmy,2
819=,Jody,2
819=,Johnathan,2
819=,Johnpaul,2
819=,Johnson,2
819=,Jonny,2
819=,Jonpaul,2
819=,Josef,2
819=,Justice,2
819=,Kaelan,2
819=,Kaelin,2
819=,Kaidon,2
819=,Kairyn,2
819=,Kajus,2
819=,Kal-El,2
819=,Kalan,2
819=,Kallan,2
819=,Kameron,2
819=,Kamryn,2
819=,Kasim,2
819=,Kaylan,2
819=,Kaylum,2
819=,Kayne,2
819=,Kayson,2
819=,Keian,2
819=,Kielan,2
819=,Kier,2
819=,Killian,2
819=,Kingston,2
819=,Kiran,2
819=,Kobi,2
819=,Kodie,2
819=,Kohl,2
819=,Korey,2
819=,Kornel,2
819=,Krish,2
819=,Kristofer,2
819=,Kristoffer,2
819=,Krzysztof,2
819=,Kumail,2
819=,Kurtis,2
819=,Kynan,2
819=,Laith,2
819=,Leathan,2
819=,Leigh,2
819=,Lenny,2
819=,Leroy,2
819=,Levii,2
819=,Leyland,2
819=,Lochlin,2
819=,Loui,2
819=,Lukasz,2
819=,Luqman,2
819=,Macauley,2
819=,Mahad,2
819=,Majus,2
819=,Maksims,2
819=,Manuel,2
819=,Manus,2
819=,Marko,2
819=,Marlowe,2
819=,Marty,2
819=,Matas,2
819=,Mateo,2
819=,Mathieu,2
819=,Maverick,2
819=,Maxx,2
819=,Maxymilian,2
819=,Mayson,2
819=,Mclean,2
819=,Miguel,2
819=,Mikhail,2
819=,Milan,2
819=,Morris,2
819=,Muhamed,2
819=,Muhsin,2
819=,Murdoch,2
819=,Nairne,2
819=,Nataniel,2
819=,Neel,2
819=,Nicol,2
819=,Nikolas,2
819=,Niven,2
819=,Noa,2
819=,Nojus,2
819=,Oakley,2
819=,Oden,2
819=,Odhran,2
819=,Oghenetega,2
819=,Oisin,2
819=,Oluwakorede,2
819=,Oluwatobiloba,2
819=,Osman,2
819=,Owais,2
819=,Pierce,2
819=,Pijus,2
819=,Praise,2
819=,Presley,2
819=,Quintin,2
819=,Rafe,2
819=,Rafferty,2
819=,Raiden,2
819=,Ralphie,2
819=,Rami,2
819=,Ray,2
819=,Reeve,2
819=,Rehan,2
819=,Remo,2
819=,Remy,2
819=,Rex,2
819=,Rhuaridh,2
819=,Rhudi,2
819=,Rhuraidh,2
819=,Rhuri,2
819=,Rhylan,2
819=,Rhylie,2
819=,Richie,2
819=,Rico,2
819=,Rielly,2
819=,Roary,2
819=,Robby,2
819=,Ruan,2
819=,Rubin,2
819=,Rueben,2
819=,Rui,2
819=,Saad,2
819=,Sahil,2
819=,Salman,2
819=,Samir,2
819=,Saud,2
819=,Scot,2
819=,Sean-Paul,2
819=,Sebastien,2
819=,Senan,2
819=,Seonaidh,2
819=,Seoras,2
819=,Seweryn,2
819=,Shaheer,2
819=,Shalom,2
819=,Shaun-Patrick,2
819=,Shaw,2
819=,Shehryar,2
819=,Simas,2
819=,Siraj,2
819=,Soren,2
819=,Stefano,2
819=,Stephan,2
819=,Sulav,2
819=,Sultan,2
819=,T,2
819=,T-Jay,2
819=,Taha,2
819=,Tamim,2
819=,Taran,2
819=,Tayler,2
819=,Taylor-Jack,2
819=,Taylor-James,2
819=,Teejay,2
819=,Thierry,2
819=,Tobechukwu,2
819=,Tobiasz,2
819=,Tommi,2
819=,Tommie,2
819=,Tony,2
819=,Trevor,2
819=,Trey,2
819=,Tristin,2
819=,Troy,2
819=,Trystan,2
819=,Tymon,2
819=,Uisdean,2
819=,Umair,2
819=,Valentino,2
819=,Vihaan,2
819=,Viktor,2
819=,Walker,2
819=,Wayne,2
819=,Yihan,2
819=,Yousif,2
819=,Zacharias,2
819=,Zachery,2
819=,Zackery,2
819=,Zakariyah,2
819=,Zakariyya,2
819=,Zayed,2
819=,Zayne,2
819=,Zeke,2
819=,Zhi,2
819=,Zia,2
819=,Zion,2
819=,Zubair,2
1191=,A-Jay,1
1191=,Aabas,1
1191=,Aaden,1
1191=,Aadi,1
1191=,Aadil,1
1191=,Aadityaram,1
1191=,Aahron,1
1191=,Aarin,1
1191=,Aariv,1
1191=,Aariz,1
1191=,Aarmaan,1
1191=,Aarnav,1
1191=,Aaronjit,1
1191=,Aarran,1
1191=,Aart,1
1191=,Aarush,1
1191=,Aaryav,1
1191=,Aaryn,1
1191=,Aashif,1
1191=,Aatreya,1
1191=,Aavo,1
1191=,Aaydan,1
1191=,Abbas,1
1191=,Abbas-Hussein,1
1191=,Abd-Allah,1
1191=,Abdalmalik,1
1191=,Abdalrahman,1
1191=,Abdelrahman,1
1191=,Abdi,1
1191=,Abdirahman,1
1191=,Abdoulie,1
1191=,Abdul-Hafiz,1
1191=,Abdul-Muiz,1
1191=,Abdul-Rahman,1
1191=,Abdul-Rehman,1
1191=,Abdulameer,1
1191=,Abdulaziz,1
1191=,Abdulhadi,1
1191=,Abdulhamid,1
1191=,Abdulilah,1
1191=,Abdulqadir,1
1191=,Abdulsamet,1
1191=,Abdur,1
1191=,Abdurahman,1
1191=,Abdurrahmaan,1
1191=,Abdurrahman,1
1191=,Abel,1
1191=,Abhimanyu,1
1191=,Abhishek,1
1191=,Abiodun,1
1191=,Abobakr,1
1191=,Aboubaker,1
1191=,Abrar,1
1191=,Abu-Bukr,1
1191=,Abubakr,1
1191=,Abuzar,1
1191=,Achilles,1
1191=,Adair,1
1191=,Adama,1
1191=,Adamantios,1
1191=,Adbul,1
1191=,Adbur-Rehman,1
1191=,Addie,1
1191=,Adeel,1
1191=,Adeleke,1
1191=,Adeola,1
1191=,Adi,1
1191=,Adil,1
1191=,Adlan,1
1191=,Adley,1
1191=,Adnan,1
1191=,Adonia,1
1191=,Adriano,1
1191=,Adriel,1
1191=,Adrijus,1
1191=,Adyaan,1
1191=,Adyn,1
1191=,Aeden,1
1191=,Aedon,1
1191=,Aeran,1
1191=,Afsaar,1
1191=,Afton,1
1191=,Ahaan,1
1191=,Ahab,1
1191=,Ahmed-Farhan,1
1191=,Ahmet,1
1191=,Ahnaish,1
1191=,Ahren,1
1191=,Ahsanur,1
1191=,Aidan-James,1
1191=,Aidan-John,1
1191=,Aiden-Che,1
1191=,Aiden-Jay,1
1191=,Aiden-Lee,1
1191=,Aidenjohn,1
1191=,Aidrian,1
1191=,Aidynn,1
1191=,Ailan,1
1191=,Ailpein,1
1191=,Ainslie,1
1191=,Airell,1
1191=,Airidas,1
1191=,Aisosa,1
1191=,Aitken,1
1191=,Aiyden,1
1191=,Aizak,1
1191=,Akashdeep,1
1191=,Akeem,1
1191=,Akondu,1
1191=,Akshaj,1
1191=,Akshan,1
1191=,Akul,1
1191=,Alaister,1
1191=,Alan-John,1
1191=,Alaric,1
1191=,Albertus,1
1191=,Albrah,1
1191=,Alcide,1
1191=,Alden,1
1191=,Aldric,1
1191=,Alejandro,1
1191=,Aleksandrs,1
1191=,Aleksejs,1
1191=,Aleksey,1
1191=,Aleksy,1
1191=,Alexander-Jay,1
1191=,Alexandre,1
1191=,Alexandros,1
1191=,Alexandru,1
1191=,Alexis,1
1191=,Alexsander,1
1191=,Alexzander-Jai,1
1191=,Alfie-Craig,1
1191=,Alfie-Jack,1
1191=,Alfie-James,1
1191=,Alfie-Jay,1
1191=,Alfonso,1
1191=,Ali-Hassun,1
1191=,Alick,1
1191=,Alie,1
1191=,Alisdair,1
1191=,Alistair-John,1
1191=,Allem,1
1191=,Allister,1
1191=,Alpha,1
1191=,Alpheus,1
1191=,Alvi,1
1191=,Alvin,1
1191=,Alvy,1
1191=,Alyan,1
1191=,Alyun,1
1191=,Amaan,1
1191=,Amaar,1
1191=,Amadeusz,1
1191=,Amar,1
1191=,Amarin,1
1191=,Amarjeet,1
1191=,Ambrose,1
1191=,Ambrus-Largs,1
1191=,Amdad,1
1191=,Amir,1
1191=,Ammaar,1
1191=,Ammar,1
1191=,Amos,1
1191=,Amrit,1
1191=,Amritjot,1
1191=,Amro,1
1191=,Anas,1
1191=,Andile,1
1191=,Andreas,1
1191=,Andrew-James,1
1191=,Andrew-Joseph,1
1191=,Andrey,1
1191=,Angelo,1
1191=,Anmol,1
1191=,Annan,1
1191=,Antares,1
1191=,Antoine,1
1191=,Antony-James,1
1191=,Aodan,1
1191=,Aodhan,1
1191=,Aonghas,1
1191=,Ara-Oluwa,1
1191=,Aradhya,1
1191=,Arav,1
1191=,Arden,1
1191=,Areen,1
1191=,Areg,1
1191=,Aren,1
1191=,Argyle,1
1191=,Arhaam,1
1191=,Arham,1
1191=,Ari,1
1191=,Aric,1
1191=,Arie,1
1191=,Arif,1
1191=,Aris,1
1191=,Ariv,1
1191=,Arjan,1
1191=,Armaan,1
1191=,Armagan,1
1191=,Arman,1
1191=,Armando,1
1191=,Armands,1
1191=,Arney,1
1191=,Arnon,1
1191=,Arrin,1
1191=,Arron-John,1
1191=,Arryn,1
1191=,Arsenijs,1
1191=,Arseniy,1
1191=,Arshmaan,1
1191=,Arshman,1
1191=,Artem,1
1191=,Artie,1
1191=,Artjem,1
1191=,Artyom,1
1191=,Arwin,1
1191=,Arya,1
1191=,Aryaan,1
1191=,Aryaman,1
1191=,Aryn,1
1191=,Ashden,1
1191=,Asher-Micah,1
1191=,Ashmeet,1
1191=,Ashraff,1
1191=,Ashton-James,1
1191=,Ashtyn,1
1191=,Ashvin,1
1191=,Asif,1
1191=,Aslam,1
1191=,Aster,1
1191=,Astyn,1
1191=,Asyraf,1
1191=,Athol,1
1191=,Attila,1
1191=,Aubury,1
1191=,August,1
1191=,Aulay,1
1191=,Auley,1
1191=,Aurelian,1
1191=,Auriel,1
1191=,Auron,1
1191=,Auryn,1
1191=,Austyn,1
1191=,Avaneesh,1
1191=,Avers,1
1191=,Aviraj,1
1191=,Awez,1
1191=,Axel,1
1191=,Axl,1
1191=,Axyl-Lee,1
1191=,Ayd,1
1191=,Aydan,1
1191=,Ayden-Alexander,1
1191=,Aydn,1
1191=,Ayman,1
1191=,Ayobola,1
1191=,Ayodamope,1
1191=,Ayoola,1
1191=,Ayren,1
1191=,Ayrton,1
1191=,Ayson,1
1191=,Ayush,1
1191=,Ayyan,1
1191=,Azad-John,1
1191=,Azam,1
1191=,Azgan,1
1191=,Azhar,1
1191=,Azizrahman,1
1191=,Azlaan,1
1191=,Azzay,1
1191=,Bader,1
1191=,Balint,1
1191=,Bane,1
1191=,Bangye,1
1191=,Barry-Lee,1
1191=,Bartek,1
1191=,Bartlomiej,1
1191=,Bayer,1
1191=,Beckett,1
1191=,Bedirhan,1
1191=,Beinn,1
1191=,Belisario,1
1191=,Ben-Charles,1
1191=,Beni,1
1191=,Benjamin-James,1
1191=,Benji,1
1191=,Benjiman,1
1191=,Benn,1
1191=,Bennett,1
1191=,Berat,1
1191=,Berken,1
1191=,Bernard,1
1191=,Bernie,1
1191=,Bertram,1
1191=,Bethel,1
1191=,Bhavin,1
1191=,Bhuvan,1
1191=,Bikari,1
1191=,Binar,1
1191=,Birk,1
1191=,Bishon,1
1191=,Blaike,1
1191=,Blaiyre,1
1191=,Blake-Reilly,1
1191=,Blayne,1
1191=,Blayr,1
1191=,Blyth,1
1191=,Bo,1
1191=,Bobbie,1
1191=,Bobby-James,1
1191=,Bobi,1
1191=,Bode,1
1191=,Boe,1
1191=,Bogomil,1
1191=,Boris,1
1191=,Bracken,1
1191=,Bradan,1
1191=,Bradie,1
1191=,Bradney,1
1191=,Brae,1
1191=,Braedan,1
1191=,Braeden,1
1191=,Braedon,1
1191=,Braedyn,1
1191=,Brai,1
1191=,Brailen,1
1191=,Bram,1
1191=,Brandan,1
1191=,Brandon-Lee,1
1191=,Brann,1
1191=,Braydan,1
1191=,Braydon,1
1191=,Breandon,1
1191=,Brenden,1
1191=,Brendyn,1
1191=,Bret,1
1191=,Brewen,1
1191=,Brinley,1
1191=,Broadi,1
1191=,Brodee,1
1191=,Brodey,1
1191=,Brodhi,1
1191=,Brodi,1
1191=,Brodrick,1
1191=,Brodyn,1
1191=,Broghan,1
1191=,Broghen,1
1191=,Broguien,1
1191=,Brooks,1
1191=,Brycen,1
1191=,Bryden,1
1191=,Brydon,1
1191=,Bulwinder,1
1191=,Burak,1
1191=,Buster,1
1191=,Byran,1
1191=,C-Jay,1
1191=,Cabhan,1
1191=,Cacey,1
1191=,Caddis,1
1191=,Cadel,1
1191=,Cadhan,1
1191=,Caedyn,1
1191=,Caelib,1
1191=,Caellan,1
1191=,Cahill,1
1191=,Caidan,1
1191=,Caidenlee,1
1191=,Cailen,1
1191=,Caillen,1
1191=,Caillin,1
1191=,Cairney,1
1191=,Cairns,1
1191=,Cairo,1
1191=,Caisen,1
1191=,Calen,1
1191=,Calib,1
1191=,Callum-Lee,1
1191=,Callun,1
1191=,Callyn,1
1191=,Calob,1
1191=,Calton,1
1191=,Calumn,1
1191=,Calvin-James,1
1191=,Calvin-Jay,1
1191=,Calvin-Leigh,1
1191=,Cameron-Ryan,1
1191=,Cameryn,1
1191=,Camilo,1
1191=,Cammie,1
1191=,Cammy,1
1191=,Cannus,1
1191=,Canvar,1
1191=,Caoimh,1
1191=,Caoimhin,1
1191=,Carel,1
1191=,Carter-James,1
1191=,Cash,1
1191=,Cash-James,1
1191=,Caspian,1
1191=,Cassiel,1
1191=,Castiel,1
1191=,Cathan,1
1191=,Caven,1
1191=,Cayden-Brett,1
1191=,Caylon,1
1191=,Cayn,1
1191=,Cayne,1
1191=,Cealain,1
1191=,Cedric,1
1191=,Cee-Jay,1
1191=,Ceejai,1
1191=,Cei-Jay,1
1191=,Ceiran,1
1191=,Celal,1
1191=,Ceyrian,1
1191=,Chad,1
1191=,Chaitan,1
1191=,Chaitanya,1
1191=,Chak,1
1191=,Chandrabir,1
1191=,Charleily,1
1191=,Charley,1
1191=,Charlidh,1
1191=,Charlie-James,1
1191=,Charlie-Jamie,1
1191=,Charly-Taylor,1
1191=,Chauncey,1
1191=,Chayce,1
1191=,Cheick,1
1191=,Cheng,1
1191=,Cheribin,1
1191=,Cherno,1
1191=,Chester,1
1191=,Chey,1
1191=,Chi,1
1191=,Chiagoziem,1
1191=,Chibuenyim,1
1191=,Chidubem,1
1191=,Chikara,1
1191=,Chimaobim,1
1191=,Chimnedumije,1
1191=,Chimzara,1
1191=,Chinedu,1
1191=,Chinedum,1
1191=,Chinweotito,1
1191=,Chitimbo,1
1191=,Christiano,1
1191=,Christos,1
1191=,Chuhdary,1
1191=,Chukwubudike,1
1191=,Ciar,1
1191=,Ciaran-James,1
1191=,Ciaron,1
1191=,Cillean,1
1191=,Cinead,1
1191=,Cj,1
1191=,Claye,1
1191=,Clifford,1
1191=,Cloud,1
1191=,Cobai-James,1
1191=,Cobi,1
1191=,Cobyn,1
1191=,Codie,1
1191=,Cody-Jai,1
1191=,Cody-Paul,1
1191=,Cohryn,1
1191=,Coire,1
1191=,Colbey,1
1191=,Colbie,1
1191=,Colby-Patrick,1
1191=,Collins,1
1191=,Coltin,1
1191=,Coltrane,1
1191=,Conalin,1
1191=,Conayr,1
1191=,Conell,1
1191=,Conlon,1
1191=,Conlyn,1
1191=,Connan,1
1191=,Conner-James,1
1191=,Connor-Jack,1
1191=,Connor-William,1
1191=,Corbyn,1
1191=,Corrado,1
1191=,Corren,1
1191=,Corwin,1
1191=,Cosmo,1
1191=,Couper,1
1191=,Coyst,1
1191=,Craig-James,1
1191=,Craig-Jamie,1
1191=,Creddy,1
1191=,Crighton,1
1191=,Cristian,1
1191=,Cristinel,1
1191=,Criston,1
1191=,Cullin,1
1191=,Cuta,1
1191=,Cyde,1
1191=,Cyprian,1
1191=,Daamin,1
1191=,Dacian,1
1191=,Daemon,1
1191=,Daemyn,1
1191=,Dai,1
1191=,Daijon,1
1191=,Daimien,1
1191=,Daimon,1
1191=,Dainton,1
1191=,Daiton,1
1191=,Dakukubie,1
1191=,Daly,1
1191=,Damilola,1
1191=,Damion,1
1191=,Dane,1
1191=,Daniele,1
1191=,Danielis,1
1191=,Danila,1
1191=,Danny-James,1
1191=,Danny-Lee,1
1191=,Danthai,1
1191=,Danyaal,1
1191=,Danyl,1
1191=,Daragh,1
1191=,Darasimi,1
1191=,Darcy,1
1191=,Darra,1
1191=,Darrell,1
1191=,Darrin,1
1191=,Darryl-James,1
1191=,Darryll,1
1191=,Darryn,1
1191=,Darsh,1
1191=,Darshan,1
1191=,Darwin,1
1191=,Das,1
1191=,Dave,1
1191=,David-Junior,1
1191=,Davie,1
1191=,Daviid,1
1191=,Davone,1
1191=,Dawer,1
1191=,Dawood,1
1191=,Daxton,1
1191=,Daygn,1
1191=,Daylen,1
1191=,Deaglan,1
1191=,Deakyn,1
1191=,Deanjunior,1
1191=,Deaon,1
1191=,Dearran,1
1191=,Deavin,1
1191=,Debe,1
1191=,Decalle,1
1191=,Declin,1
1191=,Declyan,1
1191=,Deejay,1
1191=,Deeko,1
1191=,Deelan,1
1191=,Deema,1
1191=,Deividas,1
1191=,Deming,1
1191=,Demir,1
1191=,Demisire,1
1191=,Denholm,1
1191=,Denisas,1
1191=,Deniz,1
1191=,Denni,1
1191=,Denzel,1
1191=,Derek-James,1
1191=,Derek-Lewis,1
1191=,Derick,1
1191=,Derin,1
1191=,Dermid,1
1191=,Dermot,1
1191=,Derren,1
1191=,Derrin,1
1191=,Derryn-Lee,1
1191=,Deryn,1
1191=,Dev,1
1191=,Devan,1
1191=,Devlan,1
1191=,Devran,1
1191=,Dhanesh,1
1191=,Dhanvanth,1
1191=,Dhia,1
1191=,Dhilan,1
1191=,Dhirren,1
1191=,Dhugan,1
1191=,Dhvip,1
1191=,Diamant,1
1191=,Diarmaid,1
1191=,Diarmuid,1
1191=,Dieudonne,1
1191=,Digby,1
1191=,Dilanas,1
1191=,Dilans,1
1191=,Dillion,1
1191=,Dilyn,1
1191=,Dimanshu,1
1191=,Dimitrios,1
1191=,Dimosthenis,1
1191=,Dishant,1
1191=,Divansh,1
1191=,Divyam,1
1191=,Divyan,1
1191=,Dixxon,1
1191=,Domantas,1
1191=,Domenico,1
1191=,Domhnall,1
1191=,Domilis,1
1191=,Dominyk,1
1191=,Don,1
1191=,Donagh,1
1191=,Donovan,1
1191=,Doogie,1
1191=,Doran,1
1191=,Dougall,1
1191=,Dougray,1
1191=,Drostan,1
1191=,Dubhgal,1
1191=,Duer,1
1191=,Dugald,1
1191=,Duncan-John,1
1191=,Dveins,1
1191=,Dylann,1
1191=,Dylis,1
1191=,Dyllan,1
1191=,Eason,1
1191=,Easton,1
1191=,Eben,1
1191=,Ebenezer,1
1191=,Ebinum,1
1191=,Ebrima-Fai,1
1191=,Ebubechukwu,1
1191=,Edmund,1
1191=,Eduardas,1
1191=,Eduardo,1
1191=,Edwards,1
1191=,Eesah,1
1191=,Ehaan,1
1191=,Ehsan,1
1191=,Eid,1
1191=,Einar,1
1191=,Einoras,1
1191=,Ekamjeet,1
1191=,Ekamjot,1
1191=,Elessio,1
1191=,Eliakim,1
1191=,Elijus,1
1191=,Eliott,1
1191=,Elisach,1
1191=,Elisei,1
1191=,Elliot-York,1
1191=,Ellison,1
1191=,Elmore,1
1191=,Eloi,1
1191=,Elvis,1
1191=,Ely,1
1191=,Elyas,1
1191=,Elyon,1
1191=,Emaad,1
1191=,Emanuel,1
1191=,Emediong,1
1191=,Emin,1
1191=,Emre,1
1191=,Enjema,1
1191=,Ennis,1
1191=,Eoghain,1
1191=,Eoghainn,1
1191=,Erdem,1
1191=,Eren,1
1191=,Erik,1
1191=,Erim,1
1191=,Erlandas,1
1191=,Ernie,1
1191=,Erol,1
1191=,Esa,1
1191=,Esah,1
1191=,Eshal,1
1191=,Essa,1
1191=,Etienne,1
1191=,Euen,1
1191=,Evaan,1
1191=,Everett,1
1191=,Evin,1
1191=,Ewomazino,1
1191=,Eyad,1
1191=,Ezio,1
1191=,Ezrah,1
1191=,Fabiano,1
1191=,Faby,1
1191=,Fadil,1
1191=,Faelan,1
1191=,Fahiye,1
1191=,Faisal,1
1191=,Faizaan,1
1191=,Farai,1
1191=,Farhaan,1
1191=,Farhad,1
1191=,Farhan,1
1191=,Faris,1
1191=,Farley,1
1191=,Farn,1
1191=,Farquhar,1
1191=,Farris,1
1191=,Faryl,1
1191=,Fausto,1
1191=,Favour,1
1191=,Fayaz,1
1191=,Fazal-E-Ahad,1
1191=,Fearghas,1
1191=,Felipe,1
1191=,Fenel,1
1191=,Fenwick,1
1191=,Ferdinand,1
1191=,Ferdows,1
1191=,Fergal,1
1191=,Fernando,1
1191=,Ferrigle,1
1191=,Ferris,1
1191=,Filippo,1
1191=,Fingal,1
1191=,Finian,1
1191=,Finlay-Mcintosh,1
1191=,Finlay-Scott,1
1191=,Finnley,1
1191=,Fintan,1
1191=,Fiodor,1
1191=,Fionnlagh,1
1191=,Fionntan,1
1191=,Fisher,1
1191=,Fiyinfoluwa,1
1191=,Florent,1
1191=,Flyn,1
1191=,Fong-Jyun,1
1191=,Foozy,1
1191=,Forres,1
1191=,Forrest,1
1191=,Francisco,1
1191=,Franco,1
1191=,Francois,1
1191=,Franki,1
1191=,Franklin,1
1191=,Franklyn,1
1191=,Franky,1
1191=,Frazier,1
1191=,Frodi,1
1191=,Fryderyk,1
1191=,Fynlay,1
1191=,Fyodor,1
1191=,Gabrielis,1
1191=,Gael,1
1191=,Gagandeep,1
1191=,Galen,1
1191=,Garion,1
1191=,Garrett,1
1191=,Gavi,1
1191=,Geddes,1
1191=,Gene,1
1191=,Geo,1
1191=,Geoffrey,1
1191=,Gergo,1
1191=,German,1
1191=,Gerry,1
1191=,Gethyn,1
1191=,Ghazan,1
1191=,Ghibbs,1
1191=,Ghillies,1
1191=,Giacomo,1
1191=,Gibby,1
1191=,Gideon,1
1191=,Gil,1
1191=,Gillespie,1
1191=,Gillies,1
1191=,Gillon,1
1191=,Gino,1
1191=,Giorgi,1
1191=,Glyn,1
1191=,Goodluck,1
1191=,Goshen,1
1191=,Gracjan,1
1191=,Grady,1
1191=,Graeson,1
1191=,Gratian,1
1191=,Griffin,1
1191=,Grigorijs,1
1191=,Grofu,1
1191=,Guido,1
1191=,Guled,1
1191=,Gurjaap,1
1191=,Gurjeevan,1
1191=,Gurkirit,1
1191=,Gursahib,1
1191=,Gurshaan,1
1191=,Gus,1
1191=,Gustav,1
1191=,Gyan,1
1191=,Hadden,1
1191=,Haden,1
1191=,Hadley,1
1191=,Hadriel,1
1191=,Haidan,1
1191=,Haixin,1
1191=,Hakim,1
1191=,Hal,1
1191=,Haldane,1
1191=,Halil,1
1191=,Halim,1
1191=,Hallam,1
1191=,Hamaad,1
1191=,Hamdan,1
1191=,Hamdy,1
1191=,Hamiz,1
1191=,Hania,1
1191=,Hans-Peter,1
1191=,Hansi,1
1191=,Hanson,1
1191=,Haohan,1
1191=,Haoran,1
1191=,Haoyuan,1
1191=,Hari,1
1191=,Harjeet,1
1191=,Harkeel,1
1191=,Harlaii,1
1191=,Harley-Jay,1
1191=,Harli,1
1191=,Harlyn,1
1191=,Harman,1
1191=,Harmandeep,1
1191=,Harold,1
1191=,Harrie,1
1191=,Harrison-Lee,1
1191=,Harry-James,1
1191=,Harry-Thomas,1
1191=,Haruki,1
1191=,Harveer,1
1191=,Harvyn,1
1191=,Haseebrahman,1
1191=,Hasnaat,1
1191=,Hasnain,1
1191=,Hatem,1
1191=,Hayden-John,1
1191=,Hayyan,1
1191=,Hazib,1
1191=,Haziq,1
1191=,Hedi,1
1191=,Hendrik,1
1191=,Hendrix,1
1191=,Henrikas,1
1191=,Henry-Lukas,1
1191=,Hercules,1
1191=,Hero,1
1191=,Hibir,1
1191=,Hishaam,1
1191=,Hiten,1
1191=,Hmmam,1
1191=,Hollis,1
1191=,Holly,1
1191=,Honour,1
1191=,Hose,1
1191=,Howard,1
1191=,Hud,1
1191=,Humphrey,1
1191=,Hunter-Clay,1
1191=,Huseyn,1
1191=,Huxley,1
1191=,Iagan,1
1191=,Iain-Eardsaidh,1
1191=,Iarlaith,1
1191=,Ibaad,1
1191=,Ibinabo,1
1191=,Ibraaheem,1
1191=,Ibrahem,1
1191=,Idrees,1
1191=,Idris,1
1191=,Iestyn,1
1191=,Ieuan,1
1191=,Ifenna,1
1191=,Ignacio,1
1191=,Ihechidere,1
1191=,Ihsan,1
1191=,Ilan,1
1191=,Inam,1
1191=,Indi,1
1191=,Indiana,1
1191=,Indie,1
1191=,Indy,1
1191=,Inness,1
1191=,Ion,1
1191=,Irfan,1
1191=,Irvin,1
1191=,Isaah,1
1191=,Isak,1
1191=,Ishaan,1
1191=,Iskan,1
1191=,Isma'il,1
1191=,Ismaeel,1
1191=,Ismael,1
1191=,Issac-Clark,1
1191=,Ivann,1
1191=,Iwo,1
1191=,Iyanuoluwa,1
1191=,Izaan,1
1191=,Izyan,1
1191=,J,1
1191=,Jack-Jay,1
1191=,Jackie,1
1191=,Jackob,1
1191=,Jackson-Finley,1
1191=,Jackson-Thomas,1
1191=,Jacob-John,1
1191=,Jacob-Scott,1
1191=,Jacobi,1
1191=,Jacobo,1
1191=,Jad,1
1191=,Jadon,1
1191=,Jaeden,1
1191=,Jaeme,1
1191=,Jafar,1
1191=,Jahmal,1
1191=,Jai-Teigh,1
1191=,Jaicob,1
1191=,Jaidan,1
1191=,Jaideep,1
1191=,Jaiden-Lee,1
1191=,Jaidev,1
1191=,Jaison,1
1191=,Jaksen,1
1191=,Jameel,1
1191=,James-Alexander,1
1191=,Jamey,1
1191=,Jamie-Junior,1
1191=,Jamie-Lee,1
1191=,Jamieson,1
1191=,Janek,1
1191=,Janesh,1
1191=,Janis,1
1191=,Jardin,1
1191=,Jardyn,1
1191=,Jared-Lee,1
1191=,Jarryd,1
1191=,Jarvis,1
1191=,Jaryd,1
1191=,Jasdev,1
1191=,Jasim,1
1191=,Jaskirat,1
1191=,Jaspreet,1
1191=,Jatin,1
1191=,Javier,1
1191=,Jawad,1
1191=,Jaxin,1
1191=,Jaxson-Craig,1
1191=,Jaxxon,1
1191=,Jaxzan,1
1191=,Jay-Christopher,1
1191=,Jay-Jay,1
1191=,Jayden-Deep,1
1191=,Jayden-James,1
1191=,Jayden-John,1
1191=,Jayden-Joseph,1
1191=,Jayden-Scott,1
1191=,Jayden-Taonga,1
1191=,Jaydn,1
1191=,Jayjay,1
1191=,Jayk,1
1191=,Jaymz,1
1191=,Jaysean,1
1191=,Jaysen,1
1191=,Jayson,1
1191=,Jeevan,1
1191=,Jehad,1
1191=,Jehonadab,1
1191=,Jensin,1
1191=,Jensyn,1
1191=,Jeremiah,1
1191=,Jeremy,1
1191=,Jermaine,1
1191=,Jerome,1
1191=,Jesse,1
1191=,Jet,1
1191=,Jiawei,1
1191=,Jin,1
1191=,Jiri,1
1191=,Jiyan,1
1191=,Jj,1
1191=,Jnr,1
1191=,Joachim,1
1191=,Joao,1
1191=,Jodi,1
1191=,Joe-James,1
1191=,Joeseph,1
1191=,Joesph,1
1191=,John-Alan,1
1191=,John-Jock,1
1191=,John-Jordan,1
1191=,John-Joseph,1
1191=,Johnatan,1
1191=,Johnjoseph,1
1191=,Johnlee,1
1191=,Johnnie,1
1191=,Johnston,1
1191=,Jonathon,1
1191=,Jones,1
1191=,Jonson,1
1191=,Jools,1
1191=,Jorden,1
1191=,Jordie,1
1191=,Jordon,1
1191=,Jordyn,1
1191=,Joris,1
1191=,Joshan,1
1191=,Joshua-Lucas,1
1191=,Josiah,1
1191=,Joss,1
1191=,Jovani,1
1191=,Jovanjit,1
1191=,Judah,1
1191=,Jude-James,1
1191=,Jugraj,1
1191=,Junayed,1
1191=,Junior-James,1
1191=,Justyn,1
1191=,Jye,1
1191=,Kabena,1
1191=,Kacy,1
1191=,Kadyn,1
1191=,Kaelamnh,1
1191=,Kaeleb,1
1191=,Kaelen,1
1191=,Kagishan,1
1191=,Kahutia,1
1191=,Kaidan,1
1191=,Kaidan-James,1
1191=,Kaide,1
1191=,Kaif,1
1191=,Kaii,1
1191=,Kailan,1
1191=,Kailen,1
1191=,Kailer,1
1191=,Kailum,1
1191=,Kainan,1
1191=,Kairan,1
1191=,Kairav,1
1191=,Kairn,1
1191=,Kairo,1
1191=,Kaison,1
1191=,Kaiyas,1
1191=,Kaiyn,1
1191=,Kaiyro,1
1191=,Kajiyama,1
1191=,Kaleem,1
1191=,Kalen,1
1191=,Kaleo,1
1191=,Kallen,1
1191=,Kallie,1
1191=,Kallin,1
1191=,Kalum,1
1191=,Kalvyn,1
1191=,Kambi,1
1191=,Kamiran,1
1191=,Kamoryn,1
1191=,Kamsiyochukwu,1
1191=,Kaname,1
1191=,Kanav,1
1191=,Kanaya,1
1191=,Kanishk,1
1191=,Kansiray,1
1191=,Karam,1
1191=,Karan,1
1191=,Karanveer,1
1191=,Karanvir,1
1191=,Kareem,1
1191=,Karlo,1
1191=,Karmanjit,1
1191=,Karter,1
1191=,Kasey,1
1191=,Kash,1
1191=,Kasjan,1
1191=,Kason,1
1191=,Kaspar,1
1191=,Kaspian,1
1191=,Kassius,1
1191=,Kavin,1
1191=,Kavish,1
1191=,Kaya,1
1191=,Kayal,1
1191=,Kaydan,1
1191=,Kayden-Louie,1
1191=,Kaydien,1
1191=,Kaydn,1
1191=,Kaydon,1
1191=,Kaylib,1
1191=,Kaylib-Lee,1
1191=,Kaylobe,1
1191=,Kaysen,1
1191=,Kazim,1
1191=,Kazuya,1
1191=,Keagan,1
1191=,Keaghan,1
1191=,Kealyn,1
1191=,Kearan,1
1191=,Kearyn,1
1191=,Kedric,1
1191=,Keegan-Tyler,1
1191=,Keeghan,1
1191=,Keelin,1
1191=,Keerat,1
1191=,Keeve,1
1191=,Keillen,1
1191=,Keiron,1
1191=,Keiton,1
1191=,Keldon,1
1191=,Kell,1
1191=,Kellen,1
1191=,Kellor,1
1191=,Kelso,1
1191=,Keltyn,1
1191=,Kelvy,1
1191=,Kendal,1
1191=,Kenny,1
1191=,Kentley,1
1191=,Kenzie-Alexander,1
1191=,Kenzo,1
1191=,Kern,1
1191=,Keslie,1
1191=,Kester,1
1191=,Kevinas,1
1191=,Keyan,1
1191=,Keyon,1
1191=,Khai,1
1191=,Khai-James,1
1191=,Khaiden,1
1191=,Khaled,1
1191=,Khalid,1
1191=,Khalifa,1
1191=,Khalil,1
1191=,Khamis,1
1191=,Kharim,1
1191=,Kharis,1
1191=,Khayri,1
1191=,Khitikorn,1
1191=,Khizar,1
1191=,Khodey,1
1191=,Khodi,1
1191=,Khody,1
1191=,Khole,1
1191=,Khondoker,1
1191=,Khowan,1
1191=,Khye,1
1191=,Kia,1
1191=,Kiaan,1
1191=,Kiawa,1
1191=,Kie,1
1191=,Kiefer,1
1191=,Kiegan,1
1191=,Kieran-Raymie,1
1191=,Kiernan,1
1191=,Kiko,1
1191=,Kilean,1
1191=,Kingsley,1
1191=,Kinloch,1
1191=,Kinnon,1
1191=,Kiyansh,1
1191=,Klaye,1
1191=,Koa,1
1191=,Koban,1
1191=,Koben,1
1191=,Kobi-Ben,1
1191=,Kobie-Rhys,1
1191=,Kobimtochukwu,1
1191=,Koby,1
1191=,Kobyn,1
1191=,Kodey,1
1191=,Koen,1
1191=,Koen-Jack,1
1191=,Kofi,1
1191=,Kohan,1
1191=,Kohen,1
1191=,Kolbie,1
1191=,Kolins,1
1191=,Kolton,1
1191=,Konan,1
1191=,Korben,1
1191=,Korieh,1
1191=,Korou,1
1191=,Korrin,1
1191=,Kovil,1
1191=,Krishaang,1
1191=,Krishan,1
1191=,Krishnav,1
1191=,Kristers,1
1191=,Kristjan,1
1191=,Kristofers,1
1191=,Kristupas,1
1191=,Kroy,1
1191=,Ksawery,1
1191=,Kullen,1
1191=,Kullyn,1
1191=,Kunal,1
1191=,Kunjan,1
1191=,Kyeler,1
1191=,Kyen,1
1191=,Kylar,1
1191=,Kylian,1
1191=,Kyrk,1
1191=,Kyson,1
1191=,L-Jay,1
1191=,Lachaidh,1
1191=,Ladimer,1
1191=,Ladzi,1
1191=,Laird,1
1191=,Laiton,1
1191=,Lamin,1
1191=,Lamine,1
1191=,Larsson,1
1191=,Laszlo,1
1191=,Lathan,1
1191=,Laughlin,1
1191=,Layke,1
1191=,Layne,1
1191=,Layten,1
1191=,Laython,1
1191=,Lazarus,1
1191=,Le,1
1191=,Leask,1
1191=,Leath,1
1191=,Lee-James,1
1191=,Leel,1
1191=,Leeo,1
1191=,Leeon,1
1191=,Leevigh,1
1191=,Leif,1
1191=,Leiton,1
1191=,Lelouch,1
1191=,Leni,1
1191=,Lenix,1
1191=,Lennard,1
1191=,Leon-J,1
1191=,Leon-James,1
1191=,Leonard,1
1191=,Leonid,1
1191=,Leonidas,1
1191=,Leons,1
1191=,Leopold,1
1191=,Leslie,1
1191=,Levan,1
1191=,Levent,1
1191=,Levi-Kai,1
1191=,Lewe,1
1191=,Lewin,1
1191=,Lewis-Jay,1
1191=,Lex,1
1191=,Leylan,1
1191=,Li-Rui,1
1191=,Liam-James,1
1191=,Lian,1
1191=,Liban,1
1191=,Lindsay,1
1191=,Lionel,1
1191=,Livin,1
1191=,Llelend,1
1191=,Llewyn,1
1191=,Lleytyn,1
1191=,Loc,1
1191=,Lochlain,1
1191=,Lochlainn,1
1191=,Lochy,1
1191=,Locrian,1
1191=,Logan-Dean,1
1191=,Logan-John,1
1191=,Logan-Lee,1
1191=,Logen,1
1191=,Loghan,1
1191=,Loki,1
1191=,Lorcan,1
1191=,Loris,1
1191=,Lorne,1
1191=,Lowry,1
1191=,Luc-Anthony,1
1191=,Lucas-Shaun,1
1191=,Lucian,1
1191=,Luciano,1
1191=,Lucio,1
1191=,Lucis,1
1191=,Lucus,1
1191=,Luey,1
1191=,Lui,1
1191=,Luther,1
1191=,Lyal,1
1191=,Lyam,1
1191=,Lysander,1
1191=,Maarij,1
1191=,Maaz,1
1191=,Macallan,1
1191=,Macallen,1
1191=,Macaulay,1
1191=,Macauly,1
1191=,Macdonald,1
1191=,Macey,1
1191=,Macintyre,1
1191=,Mackay,1
1191=,Mackenzie-John,1
1191=,Mackie,1
1191=,Macoumba,1
1191=,Macson,1
1191=,Maddox,1
1191=,Madison,1
1191=,Mael,1
1191=,Mahd,1
1191=,Mahdi,1
1191=,Maher,1
1191=,Mahid,1
1191=,Makai,1
1191=,Makaulay,1
1191=,Makenzie,1
1191=,Maks,1
1191=,Maksimiljan,1
1191=,Makuachukwu,1
1191=,Malakaj,1
1191=,Malakye,1
1191=,Malek,1
1191=,Mamoon,1
1191=,Man,1
1191=,Manfrydas,1
1191=,Mani,1
1191=,Manjeevan,1
1191=,Manni,1
1191=,Manuelito,1
1191=,Manveer,1
1191=,Marcas,1
1191=,Marcelo,1
1191=,Marcin,1
1191=,Marco-Lee,1
1191=,Marcus-John,1
1191=,Marcuz,1
1191=,Mareks,1
1191=,Marino,1
1191=,Mario,1
1191=,Markas,1
1191=,Marold,1
1191=,Mars,1
1191=,Marshal,1
1191=,Martynas,1
1191=,Marvin,1
1191=,Marvyn,1
1191=,Marwan,1
1191=,Massimo,1
1191=,Masun,1
1191=,Masyn,1
1191=,Matamando,1
1191=,Mateen,1
1191=,Matei,1
1191=,Matin,1
1191=,Matthias,1
1191=,Matthijs,1
1191=,Max-Henry,1
1191=,Maxi,1
1191=,Maxim,1
1191=,Maxime,1
1191=,Maxson,1
1191=,Mayson-Ray,1
1191=,Mazin,1
1191=,Mcgarvie,1
1191=,Mckenley,1
1191=,Mckenna,1
1191=,Mckenzzy,1
1191=,Mehmet,1
1191=,Mercy,1
1191=,Merlin,1
1191=,Micaiah,1
1191=,Michael-Anthony,1
1191=,Michael-John,1
1191=,Michail,1
1191=,Michele,1
1191=,Michrace,1
1191=,Mickel,1
1191=,Mickey,1
1191=,Mieszko,1
1191=,Mihai,1
1191=,Mikayeel,1
1191=,Miks,1
1191=,Millan,1
1191=,Millen,1
1191=,Mir,1
1191=,Miron,1
1191=,Mirza,1
1191=,Mitchel,1
1191=,Mmasichukwu,1
1191=,Moese,1
1191=,Mofiolaoluwadara,1
1191=,Mofiyinfoluwa,1
1191=,Mohak,1
1191=,Mohamad,1
1191=,Mohammad-Subhaan,1
1191=,Mohammed-Daniyal,1
1191=,Mohid,1
1191=,Mohmmed,1
1191=,Moir,1
1191=,Momoreoluwa,1
1191=,Montgomery,1
1191=,Moosa,1
1191=,Morgan-Stuart,1
1191=,Morrison,1
1191=,Morten,1
1191=,Mosa,1
1191=,Moshe,1
1191=,Mosheh,1
1191=,Moshiur,1
1191=,Motiejus,1
1191=,Mroan,1
1191=,Msizi,1
1191=,Muataz,1
1191=,Mufaddal,1
1191=,Muhammad-Zakariyah,1
1191=,Muhammed-Sami,1
1191=,Muhesh,1
1191=,Muir,1
1191=,Muireadhach,1
1191=,Mukunth,1
1191=,Munana,1
1191=,Munashe,1
1191=,Munther,1
1191=,Murad,1
1191=,Murphy,1
1191=,Murraylee,1
1191=,Musayb,1
1191=,Mustapha,1
1191=,Mykolas,1
1191=,Nabeel,1
1191=,Nahumveer,1
1191=,Naiden,1
1191=,Naithen,1
1191=,Najjash,1
1191=,Nakiel,1
1191=,Naksh,1
1191=,Nana,1
1191=,Nandom,1
1191=,Narain,1
1191=,Nasser,1
1191=,Natas,1
1191=,Nathaniall,1
1191=,Nathen,1
1191=,Nathyn,1
1191=,Navaneeth,1
1191=,Navjodh,1
1191=,Nayal,1
1191=,Nayan,1
1191=,Naylan,1
1191=,Nazar,1
1191=,Neev,1
1191=,Neill,1
1191=,Neily,1
1191=,Neko,1
1191=,Nello,1
1191=,Nemo,1
1191=,Neri,1
1191=,Nevin,1
1191=,Neyo,1
1191=,Neythen,1
1191=,Ngoc,1
1191=,Niamin,1
1191=,Nicandro,1
1191=,Nick,1
1191=,Nicolae,1
1191=,Nicoll,1
1191=,Nidhin,1
1191=,Nihal,1
1191=,Nikal,1
1191=,Nikhil,1
1191=,Nikil,1
1191=,Nikki,1
1191=,Niko,1
1191=,Nikola,1
1191=,Nikolai,1
1191=,Nikolia,1
1191=,Niks,1
1191=,Nile,1
1191=,Nirvan,1
1191=,Nishaaj,1
1191=,Nitesh,1
1191=,Nkosi,1
1191=,Noal,1
1191=,Noam,1
1191=,Noor,1
1191=,Noraidh,1
1191=,Norman,1
1191=,Nuri,1
1191=,Nurudeen,1
1191=,Nusayr,1
1191=,Nuvraj,1
1191=,Nyanga,1
1191=,Nye,1
1191=,Nzubechukwu,1
1191=,Oaklen,1
1191=,Oarryn,1
1191=,Obada,1
1191=,Obafemi,1
1191=,Obed,1
1191=,Obrigado,1
1191=,Octavio,1
1191=,Oden-Hedley,1
1191=,Odran,1
1191=,Oduname,1
1191=,Ogbu,1
1191=,Oghenerute,1
1191=,Ohad,1
1191=,Ojochenemi,1
1191=,Ojonugwa,1
1191=,Okemsinachukwu,1
1191=,Okenna,1
1191=,Oladejo,1
1191=,Olgen,1
1191=,Olgierd,1
1191=,Oliwer,1
1191=,Ollii,1
1191=,Olly-Robert,1
1191=,Olufadunsayemi,1
1191=,Olufisayo,1
1191=,Oluwadunmininu,1
1191=,Oluwafemi,1
1191=,Oluwalani,1
1191=,Oluwasegun,1
1191=,Oluwaseun,1
1191=,Oluwaseyi,1
1191=,Oluwaseyitan,1
1191=,Oluwasinaola,1
1191=,Oluwatimileyin,1
1191=,Oluwatomisin,1
1191=,Oluwatomiwa,1
1191=,Olyver,1
1191=,Omair,1
1191=,Omasilichukwu,1
1191=,Omer,1
1191=,Omid,1
1191=,Ondrej,1
1191=,Onkar,1
1191=,Onuh,1
1191=,Opeyemi,1
1191=,Orin,1
1191=,Orlin,1
1191=,Orry,1
1191=,Orryn,1
1191=,Osahenkhoe,1
1191=,Osakiurhoefe,1
1191=,Osarhenoma,1
1191=,Osasumwen,1
1191=,Osckar,1
1191=,Osemengbe,1
1191=,Osezua,1
1191=,Osian,1
1191=,Osose,1
1191=,Owain,1
1191=,Owijen,1
1191=,Owyn,1
1191=,Ozcan,1
1191=,Ozkar,1
1191=,Pa,1
1191=,Pacey,1
1191=,Paddy,1
1191=,Paikea,1
1191=,Palaksh,1
1191=,Panashe,1
1191=,Paolo,1
1191=,Parth,1
1191=,Patraic,1
1191=,Patrik,1
1191=,Paudraig,1
1191=,Paul-Dorel,1
1191=,Paul-James,1
1191=,Paulo,1
1191=,Pauls,1
1191=,Pavel,1
1191=,Pavol,1
1191=,Peadar,1
1191=,Pearse,1
1191=,Pedro,1
1191=,Percival,1
1191=,Perri-Jay,1
1191=,Peter-Lee,1
1191=,Petros,1
1191=,Peyton,1
1191=,Phawak,1
1191=,Phelex,1
1191=,Phil,1
1191=,Pierre,1
1191=,Pierre-Emmanuel,1
1191=,Ping,1
1191=,Pip,1
1191=,Pirzada,1
1191=,Ponnamperumage,1
1191=,Porter,1
1191=,Prem,1
1191=,Primo,1
1191=,Prionto,1
1191=,Priyanandan,1
1191=,Priyansh,1
1191=,Pryce,1
1191=,Przemyslaw,1
1191=,Ptolemy,1
1191=,Puskar,1
1191=,Pyter,1
1191=,Qaasim,1
1191=,Qin,1
1191=,Quazi,1
1191=,Quinlan,1
1191=,Qusay,1
1191=,Raees,1
1191=,Raef,1
1191=,Rafa,1
1191=,Rafay,1
1191=,Raffie,1
1191=,Raham,1
1191=,Rahim,1
1191=,Rahool,1
1191=,Rai,1
1191=,Raife,1
1191=,Raimonds,1
1191=,Rainers,1
1191=,Raistlin,1
1191=,Raith,1
1191=,Raja,1
1191=,Rajveer,1
1191=,Ralfie,1
1191=,Ralfs,1
1191=,Rameez,1
1191=,Ramier,1
1191=,Ramin,1
1191=,Ramzi,1
1191=,Ranald,1
1191=,Randall,1
1191=,Ranon,1
1191=,Rasul,1
1191=,Ravinder,1
1191=,Rayen,1
1191=,Rayes,1
1191=,Rayn,1
1191=,Raza,1
1191=,Rease,1
1191=,Recep,1
1191=,Reddyn,1
1191=,Reeco,1
1191=,Rees,1
1191=,Regan,1
1191=,Reginald,1
1191=,Reiley,1
1191=,Reily,1
1191=,Reino-Lee,1
1191=,Reis,1
1191=,Renato,1
1191=,Renton,1
1191=,Reo,1
1191=,Reuben-James,1
1191=,Revat,1
1191=,Reyad,1
1191=,Reyd,1
1191=,Reyn,1
1191=,Rhoan,1
1191=,Rhonan,1
1191=,Rhuan,1
1191=,Rhuaran,1
1191=,Rhuiridh,1
1191=,Rhurie,1
1191=,Rhydian,1
1191=,Rhyland,1
1191=,Rhylee,1
1191=,Rhylen,1
1191=,Rhylin,1
1191=,Riagan,1
1191=,Richmond,1
1191=,Riddick,1
1191=,Ridhwan,1
1191=,Ridley,1
1191=,Rigo,1
1191=,Rihard,1
1191=,Rileigh,1
1191=,Riley-James,1
1191=,Riley-Jay,1
1191=,Riley-John,1
1191=,Rion,1
1191=,Rione,1
1191=,Rishabh,1
1191=,Rishi,1
1191=,Rishik,1
1191=,Rivan,1
1191=,Roahn,1
1191=,Rob,1
1191=,Robart,1
1191=,Robb,1
1191=,Robbi,1
1191=,Robbin,1
1191=,Robert-James,1
1191=,Robert-John,1
1191=,Robert-Thomas,1
1191=,Roby,1
1191=,Robyn,1
1191=,Rocky,1
1191=,Roddy,1
1191=,Rohaan,1
1191=,Roj,1
1191=,Rojmin,1
1191=,Rojus,1
1191=,Roka,1
1191=,Rokas,1
1191=,Rokko,1
1191=,Romain,1
1191=,Roman-Jon,1
1191=,Romi,1
1191=,Romin,1
1191=,Roni,1
1191=,Ronie,1
1191=,Roraidh,1
1191=,Roran,1
1191=,Rosco,1
1191=,Rou,1
1191=,Roux,1
1191=,Rowel,1
1191=,Rowhn,1
1191=,Rowyn,1
1191=,Royal,1
1191=,Royce,1
1191=,Ruadh,1
1191=,Ruadhan,1
1191=,Rudyard,1
1191=,Rufus-Theodore,1
1191=,Ruiridh,1
1191=,Ruis,1
1191=,Ruiyang,1
1191=,Runyararo,1
1191=,Rupert,1
1191=,Ryan-Jay,1
1191=,Ryan-John,1
1191=,Ryan-Lee,1
1191=,Ryan-Riley,1
1191=,Ryann,1
1191=,Ryden,1
1191=,Ryder,1
1191=,Rylan-John,1
1191=,Rylay,1
1191=,Ryleigh,1
1191=,Rylen,1
1191=,Ryszard,1
1191=,Saafir,1
1191=,Saahith,1
1191=,Saaim,1
1191=,Sacha,1
1191=,Sachin,1
1191=,Safal,1
1191=,Safeer,1
1191=,Saiffallah,1
1191=,Saifur,1
1191=,Saim,1
1191=,Salim,1
1191=,Samad,1
1191=,Saman,1
1191=,Samant,1
1191=,Samarth,1
1191=,Sameer,1
1191=,Samin,1
1191=,Samiullah,1
1191=,Sammy,1
1191=,Sampreet,1
1191=,Samual,1
1191=,Samvit,1
1191=,Sanjai,1
1191=,Sanjpreet,1
1191=,Sarmad,1
1191=,Sartaaj,1
1191=,Sasha,1
1191=,Saurav,1
1191=,Sawyer,1
1191=,Sayaf,1
1191=,Sayon,1
1191=,Seace,1
1191=,Sean-Austin,1
1191=,Sehej,1
1191=,Sehjveer,1
1191=,Sekai,1
1191=,Sekou,1
1191=,Selby,1
1191=,Semi,1
1191=,Senna,1
1191=,Seota,1
1191=,Sethi,1
1191=,Shabaz,1
1191=,Shah,1
1191=,Shahbaz,1
1191=,Shahid,1
1191=,Shahroz,1
1191=,Shahzain,1
1191=,Shai,1
1191=,Shakeel,1
1191=,Shamus,1
1191=,Shan,1
1191=,Shaneandrew,1
1191=,Shao,1
1191=,Shaunpaul,1
1191=,Shawin,1
1191=,Shawn,1
1191=,Shay-Patrick,1
1191=,Shayaan,1
1191=,Shaye,1
1191=,Shazaib,1
1191=,Sheamais,1
1191=,Sheamus,1
1191=,Sheldon,1
1191=,Shen,1
1191=,Shiraz,1
1191=,Shogo,1
1191=,Sholto,1
1191=,Shonnie,1
1191=,Shoucheng,1
1191=,Shuja,1
1191=,Siddharth,1
1191=,Sidney,1
1191=,Sigfrid,1
1191=,Silas,1
1191=,Silvijn,1
1191=,Simao,1
1191=,Simar,1
1191=,Simmer,1
1191=,Sionnach,1
1191=,Sirac,1
1191=,Sohrab,1
1191=,Sol-John,1
1191=,Somkenechukwu,1
1191=,Sonnie,1
1191=,Soroosh,1
1191=,Soul,1
1191=,Sourish,1
1191=,Spence,1
1191=,Srijith,1
1191=,Stanlie,1
1191=,Steffan,1
1191=,Steinar,1
1191=,Stephano,1
1191=,Stephen-John,1
1191=,Sterling,1
1191=,Stevie,1
1191=,Stewie,1
1191=,Stiven,1
1191=,Storm,1
1191=,Struan-Craig,1
1191=,Subfian,1
1191=,Sufian,1
1191=,Sufyan,1
1191=,Suhail,1
1191=,Sukhmanjot,1
1191=,Sulaiman,1
1191=,Sum,1
1191=,Sumeer,1
1191=,Summit,1
1191=,Sunni,1
1191=,Sunnie,1
1191=,Sunny,1
1191=,Suryabir,1
1191=,Sushen,1
1191=,Suwary,1
1191=,Svyatoslav,1
1191=,Swaran,1
1191=,Syd,1
1191=,Sydney,1
1191=,Sydny,1
1191=,Sylus,1
1191=,Syon,1
1191=,Taayhan,1
1191=,Tadiwa,1
1191=,Taelen,1
1191=,Tafara,1
1191=,Tahmid,1
1191=,Tai,1
1191=,Taio,1
1191=,Tait,1
1191=,Taksh,1
1191=,Talan,1
1191=,Taliesin,1
1191=,Talon,1
1191=,Tamur,1
1191=,Taneesh,1
1191=,Tapiwa,1
1191=,Tarek,1
1191=,Tariq,1
1191=,Tarka,1
1191=,Taseen,1
1191=,Tashung,1
1191=,Tavish,1
1191=,Tawaf,1
1191=,Taye,1
1191=,Tayfun,1
1191=,Tayleur,1
1191=,Taylor-Jay,1
1191=,Taymur,1
1191=,Tayo,1
1191=,Tayyab,1
1191=,Ted,1
1191=,Teddy,1
1191=,Tee-Jay,1
1191=,Teejai,1
1191=,Tegan,1
1191=,Tegh,1
1191=,Telfer,1
1191=,Temudjin,1
1191=,Temuujin,1
1191=,Teng,1
1191=,Teo,1
1191=,Teodor,1
1191=,Terence,1
1191=,Tezas,1
1191=,Thai,1
1191=,Thain,1
1191=,Thaitana,1
1191=,Thallon,1
1191=,Theobault,1
1191=,Theophilus,1
1191=,Thias,1
1191=,Thitisak,1
1191=,Thomas-James,1
1191=,Thomas-Jayden,1
1191=,Thomas-Paul,1
1191=,Thulelo,1
1191=,Thurston,1
1191=,Thyler,1
1191=,Tiaan,1
1191=,Tian,1
1191=,Tianxing,1
1191=,Tibor,1
1191=,Tidyel,1
1191=,Tiernan,1
1191=,Tiger,1
1191=,Timas,1
1191=,Timmy,1
1191=,Timurs,1
1191=,Tinaye,1
1191=,Tingrui,1
1191=,Tjae,1
1191=,Tobenna,1
1191=,Tobey,1
1191=,Tobiloba,1
1191=,Tojo,1
1191=,Tolulope,1
1191=,Toluwani,1
1191=,Tomass,1
1191=,Tomek,1
1191=,Tomisin,1
1191=,Tommie-Grant,1
1191=,Tommy-Jay,1
1191=,Tomoaki,1
1191=,Tomos,1
1191=,Toms,1
1191=,Tor,1
1191=,Toran,1
1191=,Torben,1
1191=,Torbjorn,1
1191=,Toren,1
1191=,Torkey,1
1191=,Torran,1
1191=,Torrin,1
1191=,Towa,1
1191=,Trenton,1
1191=,Tristian,1
1191=,Troi,1
1191=,Tye,1
1191=,Tyger,1
1191=,Tyler-Gordon,1
1191=,Tyler-Jack,1
1191=,Tyler-Joseph,1
1191=,Tylerjack,1
1191=,Tylor-James,1
1191=,Tyree,1
1191=,Tyreece,1
1191=,Tyrrell,1
1191=,Tytus,1
1191=,Ubaid,1
1191=,Uday,1
1191=,Ufuoma,1
1191=,Umar-Farooq,1
1191=,Umayr,1
1191=,Umberto,1
1191=,Umer,1
1191=,Ummair,1
1191=,Ungweru,1
1191=,Urban,1
1191=,Utkarsh,1
1191=,Uzair,1
1191=,Valente,1
1191=,Valentin,1
1191=,Valerio,1
1191=,Valters,1
1191=,Vasil,1
1191=,Vassilios,1
1191=,Veera,1
1191=,Veeraj,1
1191=,Vernon,1
1191=,Viaan,1
1191=,Vijayagopal,1
1191=,Vikram,1
1191=,Viktoras,1
1191=,Vilho,1
1191=,Villiam,1
1191=,Vilmos,1
1191=,Vince,1
1191=,Vinny,1
1191=,Vinson,1
1191=,Viphop,1
1191=,Viraj,1
1191=,Virgil,1
1191=,Vishal,1
1191=,Vito,1
1191=,Vittorio,1
1191=,Voesung,1
1191=,Vyas,1
1191=,Wade,1
1191=,Wairumbi,1
1191=,Waleed,1
1191=,Wan,1
1191=,Warren-John,1
1191=,Warrington,1
1191=,Warrith,1
1191=,Wasif,1
1191=,Wen,1
1191=,Wenyu,1
1191=,Weston,1
1191=,Wilkie,1
1191=,Willis,1
1191=,Wills,1
1191=,Wing,1
1191=,Winston,1
1191=,Wojtek,1
1191=,Wren,1
1191=,Wyatt,1
1191=,Wynn,1
1191=,Xaver,1
1191=,Xin,1
1191=,Xincan,1
1191=,Xinyang,1
1191=,Xirui,1
1191=,Xuxian,1
1191=,Yaasir,1
1191=,Yacin,1
1191=,Yacoub,1
1191=,Yad,1
1191=,Yahia,1
1191=,Yakoub,1
1191=,Yakup,1
1191=,Yamin,1
1191=,Yanik,1
1191=,Yaniss,1
1191=,Yannis,1
1191=,Yaqub,1
1191=,Yarogniew,1
1191=,Yash,1
1191=,Yasin,1
1191=,Yaya,1
1191=,Yazeed,1
1191=,Yi,1
1191=,Yilin,1
1191=,Yiming,1
1191=,Yiting,1
1191=,Yotham,1
1191=,Yousef,1
1191=,Youssef,1
1191=,Ythan,1
1191=,Yuanxi,1
1191=,Yuechen,1
1191=,Yug,1
1191=,Yuhao,1
1191=,Yuri,1
1191=,Yusef,1
1191=,Yuval,1
1191=,Zacharie,1
1191=,Zacharry,1
1191=,Zackariah,1
1191=,Zafer,1
1191=,Zahir,1
1191=,Zaiidyn,1
1191=,Zaiyn-Sadiq,1
1191=,Zakiriya,1
1191=,Zakria,1
1191=,Zaky,1
1191=,Zamin,1
1191=,Zayden,1
1191=,Zeb,1
1191=,Zecheng,1
1191=,Zeeshan,1
1191=,Zekai,1
1191=,Zeki,1
1191=,Zenish,1
1191=,Zeph,1
1191=,Zephaniah,1
1191=,Zephyr,1
1191=,Zeshan,1
1191=,Zhang-Pierre,1
1191=,Zhen,1
1191=,Zhiqing,1
1191=,Zidaan,1
1191=,Zidan,1
1191=,Zijun,1
1191=,Zilong,1
1191=,Ziqian,1
1191=,Ziv,1
1191=,Zixin,1
1191=,Zoran,1
1191=,Zuhaib,1
1191=,Zuhayr,1
1191=,Zyon,1
,,
,,
,,
,,
,,
,,
,,
,,
,,
,,
,,
,,
,,
,,
,,
,,
,,
,,
,,
,,
,,
,,
,,
,,
,,
,,
,,
,,
,,
,,
,,
,,
,,
,,
,,
,,
,,
,,
,,
,,
,,
,,
,,
,,
,,
,,
,,
,,
,,
,,
,,
,,
,,
,,
,,
,,
,,
,,
,,
,,
,,
,,
,,
,,
,,
,,
,,
,,
,,
,,
,,
,,
,,
,,
,,
,,
,,
,,
,,
,,
,,
,,
,,
,,
,,
,,
,,
,,
,,
,,
,,
,,
,,
,,
,,
,,
,,
,,
,,
,,
,,
,,
,,
,,
,,
,,
,,
,,
,,
,,
,,
,,
,,
,,
,,
,,
,,
,,
,,
,,
,,
,,
,,
,,
,,
,,
,,
,,
,,
,,
,,
,,
,,
,,
,,
,,
,,
,,
,,
,,
,,
,,
,,
,,
,,
,,
,,
,,
,,
,,
,,
,,
,,
,,
,,
,,
,,
,,
,,
,,
,,
,,
,,
,,
,,
,,
,,
,,
,,
,,
,,
,,
,,
,,
,,
,,
,,
,,
,,
,,
,,
,,
,,
,,
,,
,,
,,
,,
,,
,,
,,
,,
,,
,,
,,
,,
,,
,,
,,
,,
,,
,,
,,
,,
,,
,,
,,
,,
,,
,,
,,
,,
,,
,,
,,
,,
,,
,,
,,
,,
,,
,,
,,
,,
,,
,,
,,
,,
,,
,,
,,
,,
,,
,,
,,
,,
,,
,,
,,
,,
,,
,,
,,
,,
,,
,,
,,
,,
,,
,,
,,
,,
,,
,,
,,
,,
,,
,,
,,
,,
,,
,,
,,
,,
,,
,,
,,
,,
,,
,,
,,
,,
,,
,,
,,
,,
,,
,,
,,
,,
,,
,,
,,
,,
,,
,,
,,
,,
,,
,,
,,
,,
,,
,,
,,
,,
,,
,,
,,
,,
,,
,,
,,
,,
,,
,,
,,
,,
,,
,,
,,
,,
,,
,,
,,
,,
,,
,,
,,
,,
,,
,,
,,
,,
,,
,,
,,
,,
,,
,,
,,
,,
,,
,,
,,
,,
,,
,,
,,
,,
,,
,,
,,
,,
,,
,,
,,
,,
,,
,,
,,
,,
,,
,,
,,
,,
,,
,,
,,
,,
,,
,,
,,
,,
,,
,,
,,
,,
,,
,,
,,
,,
,,
,,
,,
,,
,,
,,
,,
,,
,,
,,
,,
,,
,,
,,
,,
,,
,,
,,
,,
,,
,,
,,
,,
,,
,,
,,
,,
,,
,,
,,
,,
,,
,,
,,
,,
,,
,,
,,
,,
,,
,,
,,
,,
,,
,,
,,
,,
,,
,,
,,
,,
,,
,,
,,
,,
,,
,,
,,
,,
,,
,,
,,
,,
,,
,,
,,
,,
,,
,,
,,
,,
,,
,,
,,
,,
,,
,,
,,
,,
,,
,,
,,
,,
,,
,,
,,
,,
,,
,,
,,
,,
,,
,,
,,
,,
,,
,,
,,
,,
,,
,,
,,
,,
,,
,,
,,
,,
,,
,,
,,
,,
,,
,,
,,
,,
,,
,,
,,
,,
,,
,,
,,
,,
,,
,,
,,
,,
,,
,,
,,
,,
,,
,,
,,
,,
,,
,,
,,
,,
,,
,,
,,
,,
,,
,,
,,
,,
,,
,,
,,
,,
,,
,,
,,
,,
,,
,,
,,
,,
,,
,,
,,
,,
,,
,,
,,
,,
,,
,,
,,
,,
,,
,,
,,
,,
,,
,,
,,
,,
,,
,,
,,
,,
,,
,,
,,
,,
,,
,,
,,
,,
,,
,,
,,
,,
,,
,,
,,
,,
,,
,,
,,
,,
,,
,,
,,
,,
,,
,,
,,
,,
,,
,,
,,
,,
,,
,,
,,
,,
,,
,,
,,
,,
,,
,,
,,
,,
,,
,,
,,
,,
,,
,,
,,
,,
,,
,,
,,
,,
,,
,,
,,
,,
,,
,,
,,
,,
,,
,,
,,
,,
,,
,,
,,
,,
,,
,,
,,
,,
,,
,,
,,
,,
,,
,,
,,
,,
,,
,,
,,
,,
,,
,,
,,
,,
,,
,,
,,
,,
,,
,,
,,
,,
,,
,,
,,
,,
,,
,,
,,
,,
,,
,,
,,
,,
,,
,,
,,
,,
,,
,,
,,
,,
,,
,,
,,
,,
,,
,,
,,
,,
,,
,,
,,
,,
,,
,,
,,
,,
,,
,,
,,
,,
,,
,,
,,
,,
,,
,,
,,
,,
,,
,,
,,
,,
,,
,,
,,
,,
,,
,,
,,
,,
,,
,,
,,
,,
,,
,,
,,
,,
,,
,,
,,
,,
,,
,,
,,
,,
,,
,,
,,
,,
,,
,,
,,
,,
,,
,,
,,
,,
,,
,,
,,
,,
,,
,,
,,
,,
,,
,,
,,
,,
,,
,,
,,
,,
,,
,,
,,
,,
,,
,,
,,
,,
,,
,,
,,
,,
,,
,,
,,
,,
,,
,,
,,
,,
,,
,,
,,
,,
,,
,,
,,
,,
,,
,,
,,
,,
,,
,,
,,
,,
,,
,,
,,
,,
,,
,,
,,
,,
,,
,,
,,
,,
,,
,,
,,
,,
,,
,,
,,
,,
,,
,,
,,
,,
,,
,,
,,
,,
,,
,,
,,
,,
,,
,,
,,
,,
,,
,,
,,
,,
,,
,,
,,
,,
,,
,,
,,
,,
,,
,,
,,
,,
,,
,,
,,
,,
,,
,,
,,
,,
,,
,,
,,
,,
,,
,,
,,
,,
,,
,,
,,
,,
,,
,,
,,
,,
,,
,,
,,
,,
,,
,,
,,
,,
,,
,,
,,
,,
,,
,,
,,
,,
,,
,,
,,
,,
,,
,,
,,
,,
,,
,,
,,
,,
,,
,,
,,
,,
,,
,,
,,
,,
,,
,,
,,
,,
,,
,,
,,
,,
,,
,,
,,
,,
,,
,,
,,
,,
,,
,,
,,
,,
,,
,,
,,
,,
,,
,,
,,
,,
,,
,,
,,
,,
,,
,,
,,
,,
,,
,,
,,
,,
,,
,,
,,
,,
,,
,,
,,
,,
,,
,,
,,
,,
,,
,,
,,
,,
,,
,,
,,
,,
,,
,,
,,
,,
,,
,,
,,
,,
,,
,,
,,
,,
,,
,,
,,
,,
,,
,,
,,
,,
,,
,,
,,
,,
,,
,,
,,
,,
,,
,,
,,
,,
,,
,,
,,
,,
,,
,,
,,
,,
,,
,,
,,
,,
,,
,,
,,
,,
,,
,,
,,
,,
,,
,,
,,
,,
,,
,,
,,
,,
,,
,,
,,
,,
,,
,,
,,
,,
,,
,,
,,
,,
,,
,,
,,
,,
,,
,,
,,
,,
,,
,,
,,
,,
,,
,,
,,
,,
,,
,,
,,
,,
,,
,,
,,
,,
,,
,,
,,
,,
,,
,,
,,
,,
,,
,,
,,
,,
,,
,,
,,
,,
,,
,,
,,
,,
,,
,,
,,
,,
,,
,,
,,
,,
,,
,,
,,
,,
,,
,,
,,
,,
,,
,,
,,
,,
,,
,,
,,
,,
,,
,,
,,
,,
,,
,,
,,
,,
,,
,,
,,
,,
,,
,,
,,
,,
,,
,,
,,
,,
,,
,,
,,
,,
,,
,,
,,
,,
,,
,,
,,
,,
,,
,,
,,
� Crown Copyright 2015,,
