Position,Name,Number of babies
1,Jack,583
2,James,466
3,Lewis,411
4,Oliver,403
5,Logan,354
6,Daniel,349
7,Noah,321
8,Charlie,320
9,Lucas,310
10,Alexander,309
11,Mason,285
12,Harris,276
13,Max,274
14,Harry,268
15,Finlay,267
16,Adam,266
17,Aaron,264
18,Ethan,259
19=,Cameron,256
19=,Jacob,256
21,Callum,252
22,Archie,239
23,Alfie,236
24,Leo,234
25,Thomas,228
26,Nathan,226
27,Riley,223
28,Rory,215
29,Matthew,214
30,Joshua,213
31,Oscar,212
32,Jamie,211
33,Ryan,208
34,Luke,195
35,William,180
36,Liam,178
37,Dylan,176
38,Samuel,166
39,Andrew,163
40=,David,154
40=,John,154
42,Connor,146
43=,Brodie,144
43=,Kyle,144
45,Joseph,143
46,Kian,142
47,Benjamin,141
48=,Aiden,139
48=,Harrison,139
50,Robert,135
51=,Ben,130
51=,Muhammad,130
53,Michael,127
54,Tyler,123
55,Kai,120
56,Euan,114
57=,Arran,112
57=,Jayden,112
59,Jake,111
60=,Cole,110
60=,Ollie,110
60=,Sam,110
63,Finn,109
64,Leon,108
65=,Angus,107
65=,Caleb,107
65=,Ruaridh,107
68,Josh,106
69,Murray,105
70=,Fraser,104
70=,Isaac,104
70=,Owen,104
73,Blake,101
74,Jude,98
75=,Calum,93
75=,Cooper,93
77=,George,91
77=,Robbie,91
79,Rhys,88
80=,Callan,87
80=,Christopher,87
80=,Evan,87
83,Jay,86
84,Theo,85
85,Scott,83
86,Luca,82
87,Kayden,81
88,Blair,80
89,Freddie,79
90,Zac,78
91,Hamish,77
92=,Jackson,76
92=,Jaxon,76
94,Calvin,75
95,Carson,74
96=,Aidan,73
96=,Brody,73
96=,Zachary,73
99=,Alex,71
99=,Cody,71
99=,Mohammed,71
102=,Ross,70
102=,Sebastian,70
104,Reuben,69
105,Corey,65
106,Hunter,64
107,Reece,63
108=,Elliot,61
108=,Henry,61
110=,Carter,58
110=,Harvey,58
110=,Peter,58
113=,Austin,57
113=,Kaiden,57
115=,Struan,56
115=,Zak,56
117,Anthony,54
118=,Louis,53
118=,Sean,53
120=,Bradley,52
120=,Fergus,52
122=,Declan,51
122=,Gabriel,51
122=,Joey,51
122=,Kieran,51
122=,Sonny,51
127=,Flynn,49
127=,Innes,49
129,Findlay,48
130=,Marcus,47
130=,Nicholas,47
130=,Shay,47
133=,Arthur,46
133=,Charles,46
133=,Paul,46
136=,Lyle,45
136=,Patrick,45
138=,Harley,44
138=,Jakub,44
138=,Jordan,44
138=,Mohammad,44
138=,Rocco,44
143=,Ellis,43
143=,Jason,43
145=,Dominic,42
145=,Hugo,42
145=,Steven,42
148=,Olly,40
148=,Zack,40
150=,Alistair,39
150=,Brandon,39
150=,Duncan,39
150=,Louie,39
150=,Mark,39
155=,Ewan,38
155=,Filip,38
155=,Frankie,38
155=,Gregor,38
155=,Layton,38
160=,Finley,37
160=,Lachlan,37
160=,Oskar,37
160=,Parker,37
164,Danny,36
165=,Alan,35
165=,Kacper,35
165=,Lochlan,35
165=,Zach,35
165=,Zander,35
170=,Eli,34
170=,Hayden,34
170=,Jax,34
170=,Junior,34
170=,Kevin,34
170=,Taylor,34
176=,Ciaran,33
176=,Toby,33
176=,Tom,33
176=,Tommy,33
180=,Alasdair,32
180=,Craig,32
180=,Dean,32
183=,Conor,31
183=,Edward,31
183=,Elijah,31
183=,Roman,31
183=,Ruairidh,31
188=,Elliott,30
188=,Joel,30
188=,Myles,30
188=,Stephen,30
188=,Stuart,30
193=,Cian,29
193=,Jonathan,29
193=,Magnus,29
196=,Bobby,28
196=,Joe,28
196=,Keir,28
196=,Levi,28
196=,Ronan,28
196=,Rowan,28
196=,Seth,28
196=,Theodore,28
204=,Bailey,27
204=,Dominik,27
204=,Rio,27
207,Caiden,26
208=,Antoni,25
208=,Maxwell,25
208=,Milo,25
211=,Ashton,24
211=,Darren,24
211=,Ibrahim,24
211=,Kaleb,24
211=,Leighton,24
216=,Adrian,23
216=,Douglas,23
216=,Felix,23
216=,Grayson,23
216=,Kerr,23
216=,Lennon,23
216=,Travis,23
223=,Caelan,22
223=,Campbell,22
223=,Lee,22
223=,Lennox,22
223=,Lukas,22
223=,Marcel,22
223=,Niall,22
223=,Nico,22
223=,Ruben,22
232=,Ali,21
232=,Arlo,21
232=,Brian,21
232=,Donald,21
232=,Martin,21
232=,Shaun,21
238=,Cohen,20
238=,Dexter,20
238=,Jace,20
238=,Leyton,20
242=,Hugh,19
242=,Nairn,19
242=,Nathaniel,19
245=,Abdul,18
245=,Eric,18
245=,Hector,18
245=,Ian,18
245=,Jenson,18
245=,Jonah,18
245=,Murdo,18
252=,Abdullah,17
252=,Alfred,17
252=,Archibald,17
252=,Christian,17
252=,Fletcher,17
252=,Frederick,17
252=,Jaiden,17
252=,Jan,17
252=,Jasper,17
252=,Maximilian,17
252=,Muhammed,17
252=,Quinn,17
252=,Rohan,17
252=,Rudi,17
252=,Stanley,17
252=,Xander,17
268=,Ayaan,16
268=,Dillon,16
268=,Hudson,16
268=,Marco,16
268=,Miller,16
268=,Natan,16
268=,Olivier,16
268=,Robin,16
276=,Billy,15
276=,Cillian,15
276=,Colby,15
276=,Eoin,15
276=,Igor,15
276=,Kade,15
276=,Kane,15
276=,Michal,15
276=,Richard,15
276=,Ruairi,15
276=,Shane,15
276=,Victor,15
276=,Vincent,15
289=,Aleksander,14
289=,Arron,14
289=,Ayden,14
289=,Jai,14
289=,Jaxson,14
289=,Kenzie,14
289=,Mateusz,14
289=,Preston,14
289=,Ramsay,14
289=,Rudy,14
289=,Saul,14
289=,Tristan,14
289=,Wiktor,14
302=,Ajay,13
302=,Bruce,13
302=,Cayden,13
302=,Colin,13
302=,Damien,13
302=,Deacon,13
302=,Drew,13
302=,Eesa,13
302=,Elias,13
302=,Keegan,13
302=,Lauchlan,13
302=,Lawson,13
302=,Leland,13
302=,Lloyd,13
302=,Luka,13
302=,Maksymilian,13
302=,Marc,13
302=,Patryk,13
302=,Ruari,13
302=,Yusuf,13
322=,Alastair,12
322=,Cory,12
322=,Gordon,12
322=,Harper,12
322=,Jensen,12
322=,Kelvin,12
322=,Marley,12
322=,Mitchell,12
322=,Mylo,12
322=,Nicolas,12
322=,Noel,12
322=,Spencer,12
322=,Szymon,12
322=,Tobias,12
336=,Albert,11
336=,Callen,11
336=,Clark,11
336=,Coby,11
336=,Conan,11
336=,Conner,11
336=,Damian,11
336=,Fabian,11
336=,Iain,11
336=,Kobe,11
336=,Kye,11
336=,Kyran,11
336=,Leonardo,11
336=,Maison,11
336=,Mikey,11
336=,Musa,11
336=,Philip,11
336=,Rayyan,11
336=,Ruaraidh,11
336=,Simon,11
336=,Stewart,11
336=,Zain,11
358=,Ahmad,10
358=,Albie,10
358=,Brayden,10
358=,Curtis,10
358=,Darragh,10
358=,Francis,10
358=,Frank,10
358=,Gary,10
358=,Jakob,10
358=,Jayce,10
358=,Karson,10
358=,Keiran,10
358=,Kenneth,10
358=,Kody,10
358=,Mathew,10
358=,Miles,10
358=,Oliwier,10
358=,Ralph,10
358=,Will,10
358=,Zane,10
378=,Abel,9
378=,Ahmed,9
378=,Asher,9
378=,Aulay,9
378=,Braxton,9
378=,Casey,9
378=,Dara,9
378=,Eden,9
378=,Forbes,9
378=,Glen,9
378=,Kole,9
378=,Luis,9
378=,Morgan,9
378=,Neil,9
378=,Odin,9
378=,Omar,9
378=,Piotr,9
378=,Solomon,9
378=,Torin,9
378=,Zakariya,9
378=,Zayn,9
399=,Allan,8
399=,Ayan,8
399=,Bryce,8
399=,Caolan,8
399=,Cormac,8
399=,Cruz,8
399=,Denis,8
399=,Devlin,8
399=,Eddie,8
399=,Ezra,8
399=,Franciszek,8
399=,Frazer,8
399=,Freddy,8
399=,Greg,8
399=,Hamza,8
399=,Haris,8
399=,Hassan,8
399=,Jared,8
399=,Jesse,8
399=,Johnny,8
399=,Kobi,8
399=,Lleyton,8
399=,Lucca,8
399=,Lyall,8
399=,Malcolm,8
399=,Markus,8
399=,Mohamed,8
399=,Munro,8
399=,Mustafa,8
399=,Nolan,8
399=,Olaf,8
399=,Oran,8
399=,Ray,8
399=,Reilly,8
399=,Romeo,8
399=,Sorley,8
399=,Tate,8
399=,Troy,8
399=,Warren,8
399=,Xavier,8
439=,Aaran,7
439=,Aarav,7
439=,Aden,7
439=,Anton,7
439=,Archer,7
439=,Aston,7
439=,Axel,7
439=,Aydin,7
439=,Azaan,7
439=,Benedict,7
439=,Caden,7
439=,Cain,7
439=,Chase,7
439=,Coen,7
439=,Cullen,7
439=,Daley,7
439=,Daryl,7
439=,Dawson,7
439=,Emil,7
439=,Erik,7
439=,Fionn,7
439=,Fynn,7
439=,Garry,7
439=,Gavin,7
439=,Glenn,7
439=,Grant,7
439=,Heath,7
439=,Innis,7
439=,Julian,7
439=,Justin,7
439=,Kalvin,7
439=,Kolby,7
439=,Korey,7
439=,Mack,7
439=,Mackenzie,7
439=,Malachi,7
439=,Micah,7
439=,Nikodem,7
439=,Rayan,7
439=,Rex,7
439=,Rian,7
439=,Roan,7
439=,Ryley,7
439=,Shae,7
439=,Stanislaw,7
439=,Teddy,7
439=,Tomas,7
439=,Umar,7
439=,Walker,7
439=,Yahya,7
439=,Zayne,7
490=,Ace,6
490=,Aryan,6
490=,Bentley,6
490=,Brendan,6
490=,Bruno,6
490=,Byron,6
490=,Cailean,6
490=,Cairn,6
490=,Clayton,6
490=,Dawid,6
490=,Derek,6
490=,Edan,6
490=,Harri,6
490=,Hubert,6
490=,Idris,6
490=,Jak,6
490=,Jaxx,6
490=,Jon,6
490=,Jun,6
490=,Kal,6
490=,Kamil,6
490=,Karter,6
490=,Kellan,6
490=,Kyan,6
490=,Lawrence,6
490=,Maciej,6
490=,Marshall,6
490=,Matteo,6
490=,Mckenzie,6
490=,Mikolaj,6
490=,Otis,6
490=,Phoenix,6
490=,Raphael,6
490=,Richie,6
490=,Rico,6
490=,Ritchie,6
490=,Roddy,6
490=,Ronnie,6
490=,Ruan,6
490=,Sandy,6
490=,Seamus,6
490=,Vinnie,6
490=,Zayan,6
533=,Aditya,5
533=,Alec,5
533=,Austen,5
533=,Barry,5
533=,Bartosz,5
533=,Blaine,5
533=,Bodhi,5
533=,Borys,5
533=,Braiden,5
533=,Brennan,5
533=,Cael,5
533=,Calan,5
533=,Carlos,5
533=,Casper,5
533=,Chris,5
533=,Derren,5
533=,Devon,5
533=,Diego,5
533=,Dorian,5
533=,Eoghan,5
533=,Fionnlagh,5
533=,Gerard,5
533=,Ivor,5
533=,Jac,5
533=,Jaden,5
533=,Jett,5
533=,Kaelan,5
533=,Keaton,5
533=,Kieron,5
533=,Koa,5
533=,Kris,5
533=,Kristian,5
533=,Kuba,5
533=,Lincoln,5
533=,Lochlann,5
533=,Mac,5
533=,Malachy,5
533=,Mario,5
533=,Milan,5
533=,Millar,5
533=,Montgomery,5
533=,Moray,5
533=,Odhran,5
533=,Oisin,5
533=,Owain,5
533=,Pearce,5
533=,Roderick,5
533=,Ronin,5
533=,Rylie,5
533=,Teejay,5
533=,Wallace,5
533=,Woody,5
533=,Zakk,5
533=,Zayaan,5
587=,Aayan,4
587=,Aleks,4
587=,Andy,4
587=,Antonio,4
587=,Argyll,4
587=,Arjun,4
587=,Arnas,4
587=,Artur,4
587=,Boyd,4
587=,Brad,4
587=,Braeden,4
587=,Brogan,4
587=,Bryan,4
587=,Cade,4
587=,Carrick,4
587=,Cayson,4
587=,Codey,4
587=,Codie,4
587=,Conall,4
587=,Conley,4
587=,Conlyn,4
587=,Corran,4
587=,Damon,4
587=,Dan,4
587=,Danielius,4
587=,Dario,4
587=,Darius,4
587=,Darryl,4
587=,Emir,4
587=,Emmanuel,4
587=,Enzo,4
587=,Ewen,4
587=,Franco,4
587=,Guy,4
587=,Haiden,4
587=,Hasan,4
587=,Haydn,4
587=,Ibraheem,4
587=,Ivan,4
587=,Jase,4
587=,Jaxen,4
587=,Jaydon,4
587=,Jayson,4
587=,Jed,4
587=,Jia,4
587=,Jordi,4
587=,Josiah,4
587=,Kallan,4
587=,Kenzi,4
587=,Koen,4
587=,Konrad,4
587=,Koray,4
587=,Kyler,4
587=,Lachlann,4
587=,Laurence,4
587=,Leonard,4
587=,Loki,4
587=,Lorenzo,4
587=,Lucian,4
587=,Mahmoud,4
587=,Mateo,4
587=,Maximillian,4
587=,Maximus,4
587=,Micheal,4
587=,Milosz,4
587=,Nate,4
587=,Nicol,4
587=,Ossian,4
587=,Reegan,4
587=,Reese,4
587=,Remi,4
587=,Rhuaridh,4
587=,Rubin,4
587=,Rueben,4
587=,Sami,4
587=,Sebastien,4
587=,Shawn,4
587=,Shaye,4
587=,Stefan,4
587=,Sullivan,4
587=,Sunny,4
587=,Taha,4
587=,Tait,4
587=,Ted,4
587=,Timur,4
587=,Tomasz,4
587=,Tony,4
587=,Tymon,4
587=,Vihaan,4
587=,Viktor,4
587=,Walter,4
587=,Wyatt,4
587=,Zackary,4
680=,Abbas,3
680=,Abdur-Rahman,3
680=,Abhinav,3
680=,Adil,3
680=,Aedan,3
680=,Alejandro,3
680=,Alessandro,3
680=,Alexzander,3
680=,Alisdair,3
680=,Alvin,3
680=,Andrei,3
680=,Antony,3
680=,Aodhan,3
680=,Aran,3
680=,Arda,3
680=,Arman,3
680=,Avery,3
680=,Avin,3
680=,Azan,3
680=,Baillie,3
680=,Barnaby,3
680=,Baxter,3
680=,Benji,3
680=,Blazej,3
680=,Botond,3
680=,Brax,3
680=,Brooklyn,3
680=,Caellum,3
680=,Cai,3
680=,Cal,3
680=,Carl,3
680=,Carlo,3
680=,Colten,3
680=,Colton,3
680=,Conlan,3
680=,Conlon,3
680=,Connall,3
680=,Conrad,3
680=,Dale,3
680=,Danyal,3
680=,Denzel,3
680=,Deon,3
680=,Dougal,3
680=,Eason,3
680=,Eben,3
680=,Ed,3
680=,Edgar,3
680=,Edwin,3
680=,Eithan,3
680=,Emanuel,3
680=,Emile,3
680=,Emilio,3
680=,Emrys,3
680=,Eryk,3
680=,Esa,3
680=,Ethen,3
680=,Ezekiel,3
680=,Faizan,3
680=,Faris,3
680=,Finnlay,3
680=,Ford,3
680=,Franklin,3
680=,Gareth,3
680=,Gideon,3
680=,Graeme,3
680=,Gray,3
680=,Greig,3
680=,Grzegorz,3
680=,Haaris,3
680=,Haider,3
680=,Hashim,3
680=,Hasnain,3
680=,Henrik,3
680=,Howie,3
680=,Huey,3
680=,Ilyas,3
680=,Irvine,3
680=,Isaiah,3
680=,Ishaan,3
680=,Ismail,3
680=,Issac,3
680=,Jaydan,3
680=,Jem,3
680=,Jock,3
680=,John-James,3
680=,Jonny,3
680=,Jozef,3
680=,Kael,3
680=,Kajetan,3
680=,Kajus,3
680=,Kallin,3
680=,Kallum,3
680=,Kaydan,3
680=,Kayson,3
680=,Keelan,3
680=,Keith,3
680=,Killian,3
680=,Klayton,3
680=,Kobie,3
680=,Kodi,3
680=,Kristopher,3
680=,Ksawery,3
680=,Kurtis,3
680=,Laurie,3
680=,Lawrie,3
680=,Lenny,3
680=,Leopold,3
680=,Leroy,3
680=,Lex,3
680=,Leyland,3
680=,Lochlin,3
680=,Lomond,3
680=,Luc,3
680=,Lucien,3
680=,Macaulay,3
680=,Malik,3
680=,Matas,3
680=,Morris,3
680=,Nataniel,3
680=,Nathanael,3
680=,Nelson,3
680=,Neo,3
680=,Nikolas,3
680=,Oakley,3
680=,Onur,3
680=,Orin,3
680=,Pedro,3
680=,Qasim,3
680=,Quentin,3
680=,Reagan,3
680=,Reeve,3
680=,Regan,3
680=,Reid,3
680=,Reiss,3
680=,Reon,3
680=,Rhuari,3
680=,Ricky,3
680=,River,3
680=,Rylee,3
680=,Sahib,3
680=,Samson,3
680=,Santiago,3
680=,Santino,3
680=,Seanpaul,3
680=,Seonaidh,3
680=,Seumas,3
680=,Soren,3
680=,Sorren,3
680=,Steve,3
680=,Tayler,3
680=,Thorfinn,3
680=,Timothy,3
680=,Tj,3
680=,Tobi,3
680=,Torben,3
680=,Torran,3
680=,Ty,3
680=,Tye,3
680=,Tylar,3
680=,Tyler-James,3
680=,Tyler-Jay,3
680=,Tymoteusz,3
680=,Vivaan,3
680=,Wilson,3
680=,Wojciech,3
680=,Yaseen,3
680=,Yasir,3
680=,Yousuf,3
680=,Yunus,3
680=,Zaid,3
680=,Zakariyya,3
680=,Zhi,3
680=,Zidan,3
680=,Ziggy,3
680=,Zion,3
855=,A,2
855=,Aarron,2
855=,Aaryan,2
855=,Aaryn,2
855=,Abdulaziz,2
855=,Abdulrahman,2
855=,Adam-James,2
855=,Adedamola,2
855=,Ahad,2
855=,Aj,2
855=,Aleksandr,2
855=,Alexander-James,2
855=,Alexandros,2
855=,Alister,2
855=,Ally,2
855=,Ameen,2
855=,Amir,2
855=,Ammar,2
855=,Anas,2
855=,Ander,2
855=,Anderson,2
855=,Anthony-Lee,2
855=,Antoine,2
855=,Aonghas,2
855=,Aonghus,2
855=,Aram,2
855=,Arav,2
855=,Argyle,2
855=,Arian,2
855=,Arin,2
855=,Aron,2
855=,Arya,2
855=,Ash,2
855=,Atharva,2
855=,Axl,2
855=,Aydan,2
855=,Ayman,2
855=,Ayoub,2
855=,Ayrton,2
855=,Azhar,2
855=,Baker,2
855=,Barclay,2
855=,Barrie,2
855=,Bartek,2
855=,Beau,2
855=,Beck,2
855=,Benas,2
855=,Bennett,2
855=,Bertie,2
855=,Bilal,2
855=,Blaze,2
855=,Bobbie,2
855=,Bowen,2
855=,Braden,2
855=,Brady,2
855=,Brayan,2
855=,Braydon,2
855=,Brett,2
855=,Broden,2
855=,Brodi,2
855=,Buddy,2
855=,Caelin,2
855=,Caidan,2
855=,Cailan,2
855=,Cailen,2
855=,Cailin,2
855=,Calel,2
855=,Cammy,2
855=,Camryn,2
855=,Cash,2
855=,Cason,2
855=,Caspian,2
855=,Cavan,2
855=,Chace,2
855=,Chad,2
855=,Charley,2
855=,Che,2
855=,Chukwuemeka,2
855=,Clarke,2
855=,Claye,2
855=,Clyde,2
855=,Codi,2
855=,Colt,2
855=,Connah,2
855=,Corben,2
855=,Corin,2
855=,Crawford,2
855=,Cruiz,2
855=,Daanish,2
855=,Dainton,2
855=,Dani,2
855=,Daniyal,2
855=,Dante,2
855=,Darach,2
855=,Daragh,2
855=,Darcy,2
855=,Dawud,2
855=,Dax,2
855=,Dayle,2
855=,Deen,2
855=,Dennis,2
855=,Derri,2
855=,Derry,2
855=,Desmond,2
855=,Deven,2
855=,Devin,2
855=,Dhruv,2
855=,Dominykas,2
855=,Donnacha,2
855=,Donnie,2
855=,Donovan,2
855=,Dyllan,2
855=,Ebenezer,2
855=,Eliot,2
855=,Elnathan,2
855=,Elyas,2
855=,Emilis,2
855=,Emre,2
855=,Erland,2
855=,Erlend,2
855=,Ernest,2
855=,Eshaan,2
855=,Essa,2
855=,Ethan-James,2
855=,Eugene,2
855=,Faisal,2
855=,Faizaan,2
855=,Farrell,2
855=,Farzad,2
855=,Fergie,2
855=,Floyd,2
855=,Francesco,2
855=,Franky,2
855=,Freddi,2
855=,Frederic,2
855=,Fyfe,2
855=,Fynnlay,2
855=,Gabriele,2
855=,Gabriels,2
855=,Gael,2
855=,Gallagher,2
855=,Gerald,2
855=,Ghulam,2
855=,Gil,2
855=,Gilbert,2
855=,Gillan,2
855=,Gino,2
855=,Gio,2
855=,Graham,2
855=,Gregory,2
855=,Greyson,2
855=,Guilherme,2
855=,Gunnar,2
855=,Gus,2
855=,Gustas,2
855=,Hadi,2
855=,Hadley,2
855=,Hao,2
855=,Haroon,2
855=,Harrie,2
855=,Harvie,2
855=,Hayder,2
855=,Hendrix,2
855=,Hilton,2
855=,Horace,2
855=,Hylton,2
855=,Indiana,2
855=,Ishan,2
855=,Ismaeel,2
855=,Israel,2
855=,Jacques,2
855=,Jaedon,2
855=,Jaicob,2
855=,Jalen,2
855=,Jameel,2
855=,Jaryd,2
855=,Jay-Jay,2
855=,Jayden-James,2
855=,Jayke,2
855=,Jedidiah,2
855=,Jeremiah,2
855=,Jerome,2
855=,Jim,2
855=,Johan,2
855=,Johnathan,2
855=,Jonas,2
855=,Joss,2
855=,Judah,2
855=,Junaid,2
855=,Kace,2
855=,Kaeleb,2
855=,Kailan,2
855=,Kaisan,2
855=,Kal-El,2
855=,Kale,2
855=,Kalen,2
855=,Kalin,2
855=,Kallen,2
855=,Kalum,2
855=,Kamran,2
855=,Karan,2
855=,Kareem,2
855=,Karim,2
855=,Karolis,2
855=,Karsyn,2
855=,Kash,2
855=,Kason,2
855=,Kaspar,2
855=,Kaydn,2
855=,Kaylan,2
855=,Kaylen,2
855=,Keaghan,2
855=,Keenan,2
855=,Keian,2
855=,Kendrick,2
855=,Kenechukwu,2
855=,Kennedy,2
855=,Keon,2
855=,Khalid,2
855=,Kiain,2
855=,Kingsley,2
855=,Kingston,2
855=,Kinley,2
855=,Kirill,2
855=,Kirk,2
855=,Kit,2
855=,Kiylan,2
855=,Klay,2
855=,Klaye,2
855=,Koben,2
855=,Kobey,2
855=,Koby,2
855=,Konnor,2
855=,Konstantinos,2
855=,Korben,2
855=,Kori,2
855=,Kristians,2
855=,Kruz,2
855=,Krzysztof,2
855=,Kylan,2
855=,Kyrin,2
855=,Kyron,2
855=,Lance,2
855=,Lauchlin,2
855=,Laylan,2
855=,Layland,2
855=,Leif,2
855=,Leonidas,2
855=,Lindsay,2
855=,Linus,2
855=,Logie,2
855=,Loughlin,2
855=,Loui,2
855=,Lucjan,2
855=,Ludovic,2
855=,Lukasz,2
855=,Lyndon,2
855=,Maaz,2
855=,Macauley,2
855=,Mackie,2
855=,Mackinley,2
855=,Mahad,2
855=,Maher,2
855=,Mahid,2
855=,Maksim,2
855=,Maksims,2
855=,Marek,2
855=,Marks,2
855=,Markuss,2
855=,Marlowe,2
855=,Martyn,2
855=,Matei,2
855=,Matias,2
855=,Maxim,2
855=,Maxx,2
855=,Mazen,2
855=,Mehran,2
855=,Mekhi,2
855=,Mieszko,2
855=,Miguel,2
855=,Mika,2
855=,Mikail,2
855=,Moir,2
855=,Moiz,2
855=,Monty,2
855=,Muir,2
855=,Munachimso,2
855=,Naythan,2
855=,Nevis,2
855=,Nihal,2
855=,Nikolaos,2
855=,Nixon,2
855=,Obaloluwa,2
855=,Oisean,2
855=,Oli,2
855=,Olli,2
855=,Olliver,2
855=,Oluwatobi,2
855=,Oren,2
855=,Orion,2
855=,Orrin,2
855=,Orson,2
855=,Pablo,2
855=,Paddy,2
855=,Patrik,2
855=,Paulius,2
855=,Pavel,2
855=,Pawel,2
855=,Pearse,2
855=,Petr,2
855=,Pierce,2
855=,Precious,2
855=,Rafael,2
855=,Rafe,2
855=,Raife,2
855=,Rakan,2
855=,Ramsey,2
855=,Rayn,2
855=,Remy,2
855=,Reyan,2
855=,Rhudi,2
855=,Ridley,2
855=,Riyad,2
855=,Rob,2
855=,Robbi,2
855=,Rodrigo,2
855=,Rogan,2
855=,Rome,2
855=,Ronald,2
855=,Ronny,2
855=,Rorie,2
855=,Roshan,2
855=,Ruadhan,2
855=,Ruary,2
855=,Rufus,2
855=,Rui,2
855=,Russell,2
855=,Ruthven,2
855=,Ryker,2
855=,Rylan,2
855=,Saif,2
855=,Saim,2
855=,Sameer,2
855=,Samir,2
855=,Samit,2
855=,Sammy,2
855=,Shaan,2
855=,Shayan,2
855=,Shea,2
855=,Sholto,2
855=,Sidney,2
855=,Sol,2
855=,Sonnie,2
855=,Stevie,2
855=,Stirling,2
855=,Subhan,2
855=,Sultan,2
855=,Sven,2
855=,Syed,2
855=,Tamim,2
855=,Tanay,2
855=,Tarek,2
855=,Tariq,2
855=,Teo,2
855=,Terrence,2
855=,Thane,2
855=,Theophilus,2
855=,Thom,2
855=,Thomas-James,2
855=,Thomas-Junior,2
855=,Tiago,2
855=,Tobiasz,2
855=,Tommie,2
855=,Torren,2
855=,Torrin,2
855=,Trey,2
855=,Tyrese,2
855=,Umair,2
855=,Usman,2
855=,Valentino,2
855=,Viraj,2
855=,Wade,2
855=,Wen,2
855=,Wesley,2
855=,Wildan,2
855=,Wilfred,2
855=,Xabier,2
855=,Yash,2
855=,Yazan,2
855=,Yousef,2
855=,Yousif,2
855=,Youssef,2
855=,Yu,2
855=,Zakaria,2
855=,Zakary,2
855=,Zakir,2
855=,Zayd,2
855=,Zaydan,2
855=,Zayden,2
855=,Zayyan,2
855=,Zechariah,2
855=,Zeeshan,2
855=,Zicheng,2
1258=,A-Jay,1
1258=,Aadhithya,1
1258=,Aadith,1
1258=,Aadyan,1
1258=,Aahiluddin,1
1258=,Aaiden,1
1258=,Aamir,1
1258=,Aarabh,1
1258=,Aarib,1
1258=,Aarin,1
1258=,Aariz,1
1258=,Aarjun,1
1258=,Aarren,1
1258=,Aarryn,1
1258=,Aarush,1
1258=,Aarya,1
1258=,Aarylan,1
1258=,Aashman,1
1258=,Aasr,1
1258=,Aayran,1
1258=,Abd-Allah,1
1258=,Abdallah,1
1258=,Abdel,1
1258=,Abdelhamid,1
1258=,Abdoulie,1
1258=,Abdoulmalik,1
1258=,Abdul-Basit,1
1258=,Abdul-Hadi,1
1258=,Abdulah,1
1258=,Abdur,1
1258=,Abdur-Raheem,1
1258=,Abdussalam,1
1258=,Abhiram,1
1258=,Abiel,1
1258=,Abner,1
1258=,Abu,1
1258=,Achim,1
1258=,Adar,1
1258=,Adarro,1
1258=,Addie,1
1258=,Adebayo,1
1258=,Adein,1
1258=,Ademide,1
1258=,Adey,1
1258=,Adham,1
1258=,Adhrit,1
1258=,Adi,1
1258=,Adie,1
1258=,Adison,1
1258=,Adithya,1
1258=,Adlai,1
1258=,Adnan,1
1258=,Adrians,1
1258=,Adrijus,1
1258=,Aduragbemi,1
1258=,Adwit,1
1258=,Aeian,1
1258=,Affan,1
1258=,Afzal,1
1258=,Aggelos,1
1258=,Agha,1
1258=,Aghamjot,1
1258=,Ahmet,1
1258=,Ahsun,1
1258=,Ahuviel,1
1258=,Aibel,1
1258=,Aiden-James,1
1258=,Aiden-John,1
1258=,Aiden-Riley,1
1258=,Aidyn,1
1258=,Aihran,1
1258=,Aiiden,1
1258=,Ailand,1
1258=,Ailbe,1
1258=,Airyn,1
1258=,Aisea,1
1258=,Aizzaddin,1
1258=,Ajai,1
1258=,Akaneden,1
1258=,Akhil,1
1258=,Akilan,1
1258=,Akillez,1
1258=,Akintunde,1
1258=,Akram,1
1258=,Aksel,1
1258=,Aksel-Endel,1
1258=,Akshay,1
1258=,Alain,1
1258=,Alan-James,1
1258=,Albany,1
1258=,Albara,1
1258=,Alberto,1
1258=,Alby,1
1258=,Aleck,1
1258=,Aleksandrs,1
1258=,Aleksis,1
1258=,Alekss,1
1258=,Aleo,1
1258=,Alexander-Preslav,1
1258=,Alexandre,1
1258=,Alexandru,1
1258=,Alexej,1
1258=,Alexey,1
1258=,Alexis,1
1258=,Alfie-Dee,1
1258=,Alfredo,1
1258=,Alha'san,1
1258=,Aliabbas,1
1258=,Alian,1
1258=,Alick,1
1258=,Alihan,1
1258=,Alim,1
1258=,Aliyaan,1
1258=,Aliyu,1
1258=,Alo,1
1258=,Alp,1
1258=,Alqassim,1
1258=,Alshareef,1
1258=,Alvar,1
1258=,Alvis,1
1258=,Alwin,1
1258=,Alyaan,1
1258=,Alyan,1
1258=,Amaan,1
1258=,Amadeusz,1
1258=,Aman,1
1258=,Amarren,1
1258=,Amed,1
1258=,Americo,1
1258=,Amias,1
1258=,Amira,1
1258=,Amjad,1
1258=,Amos,1
1258=,Amro,1
1258=,Anaye,1
1258=,Anders,1
1258=,Andrea,1
1258=,Andreas,1
1258=,Andrej,1
1258=,Andrejs,1
1258=,Andres,1
1258=,Andrew-Joseph,1
1258=,Andrey,1
1258=,Anesu,1
1258=,Angel,1
1258=,Angelo,1
1258=,Aniruddha,1
1258=,Anirudha,1
1258=,Anis,1
1258=,Anish,1
1258=,Annan,1
1258=,Ansel,1
1258=,Anshuman,1
1258=,Anson,1
1258=,Antanas,1
1258=,Antek,1
1258=,Anthony-John,1
1258=,Antone,1
1258=,Antonios,1
1258=,Antonis,1
1258=,Aodan,1
1258=,Apollo,1
1258=,Aqeeb,1
1258=,Aqeel,1
1258=,Arahant,1
1258=,Arainn,1
1258=,Arash,1
1258=,Aravind,1
1258=,Arbaaz,1
1258=,Archi,1
1258=,Arden,1
1258=,Aren,1
1258=,Arfan,1
1258=,Arham,1
1258=,Arhum,1
1258=,Aria,1
1258=,Ariel,1
1258=,Arif,1
1258=,Ariffin,1
1258=,Arion,1
1258=,Aris,1
1258=,Arius,1
1258=,Arlie,1
1258=,Arlin,1
1258=,Arlon,1
1258=,Armaan,1
1258=,Armando,1
1258=,Armindo,1
1258=,Arnaud,1
1258=,Arnis,1
1258=,Arnish,1
1258=,Arnold,1
1258=,Arrain,1
1258=,Arrlo,1
1258=,Arron-James,1
1258=,Arsenijs,1
1258=,Artair,1
1258=,Artemiusz,1
1258=,Arthos,1
1258=,Artin,1
1258=,Arturas,1
1258=,Arturo,1
1258=,Arun,1
1258=,Arven,1
1258=,Arvi,1
1258=,Arvin,1
1258=,Arvo,1
1258=,Arwin,1
1258=,Asad,1
1258=,Aseem,1
1258=,Aselemo,1
1258=,Asger,1
1258=,Ashdon,1
1258=,Ashley,1
1258=,Asim,1
1258=,Asjad,1
1258=,Assan,1
1258=,Atal,1
1258=,Athan,1
1258=,Athol,1
1258=,Atholl,1
1258=,Atlas,1
1258=,Atley,1
1258=,Atrasnu,1
1258=,August,1
1258=,Auley,1
1258=,Aulley,1
1258=,Aun,1
1258=,Auriel,1
1258=,Auron,1
1258=,Aurrie,1
1258=,Austin-John,1
1258=,Austyn,1
1258=,Avaneesh,1
1258=,Avinaash,1
1258=,Avraham,1
1258=,Avyansh,1
1258=,Awaah,1
1258=,Awad,1
1258=,Awar,1
1258=,Awsaf,1
1258=,Axton,1
1258=,Ayad,1
1258=,Ayanda,1
1258=,Ayden-James,1
1258=,Aymen,1
1258=,Ayomide,1
1258=,Ayren,1
1258=,Ayvar,1
1258=,Azhikeghauche,1
1258=,Baby,1
1258=,Bailey-Robert,1
1258=,Bailie,1
1258=,Balfour,1
1258=,Balhar,1
1258=,Balint,1
1258=,Baljiwan,1
1258=,Baran,1
1258=,Barnabas,1
1258=,Barney,1
1258=,Bartlomiej,1
1258=,Basil,1
1258=,Bastien,1
1258=,Baudouin,1
1258=,Bauer,1
1258=,Bavia,1
1258=,Bayley,1
1258=,Bear,1
1258=,Benan,1
1258=,Bence,1
1258=,Benedetto,1
1258=,Beni,1
1258=,Benn,1
1258=,Benyamin,1
1258=,Bernard,1
1258=,Bernardo,1
1258=,Bertold,1
1258=,Bertram,1
1258=,Berty,1
1258=,Bethel,1
1258=,Bhavya,1
1258=,Bhushan,1
1258=,Biel,1
1258=,Bill,1
1258=,Binyameen,1
1258=,Blaike,1
1258=,Blaire,1
1258=,Blaize,1
1258=,Blak,1
1258=,Blane,1
1258=,Blayk,1
1258=,Blayke,1
1258=,Blayne,1
1258=,Blayze,1
1258=,Bo,1
1258=,Bobbi,1
1258=,Bobby-James,1
1258=,Bobby-Jo,1
1258=,Bobby-Joe,1
1258=,Boden,1
1258=,Boe,1
1258=,Bohan,1
1258=,Bolan,1
1258=,Boluwatife,1
1258=,Bon,1
1258=,Bonface,1
1258=,Boris,1
1258=,Borja,1
1258=,Bostyn,1
1258=,Braan,1
1258=,Bradan,1
1258=,Bradley-Joe,1
1258=,Bradlie,1
1258=,Braedan,1
1258=,Braedon,1
1258=,Braedyn,1
1258=,Brahn,1
1258=,Braien,1
1258=,Brais,1
1258=,Brandon-Lee,1
1258=,Braxon,1
1258=,Braylin,1
1258=,Breac,1
1258=,Breanainn,1
1258=,Brendan-Kai,1
1258=,Brendon,1
1258=,Brock,1
1258=,Brodee,1
1258=,Brodey,1
1258=,Brodhi,1
1258=,Broghin,1
1258=,Brook,1
1258=,Brooklan,1
1258=,Brooklynn,1
1258=,Bryden,1
1258=,Brydon,1
1258=,Bryn,1
1258=,Burhan,1
1258=,Burrak,1
1258=,Buster,1
1258=,Buzz,1
1258=,C-Jai,1
1258=,Cabhan,1
1258=,Caedan-Jay,1
1258=,Caelen,1
1258=,Caelyn,1
1258=,Cahill,1
1258=,Cahlan,1
1258=,Caidon,1
1258=,Caie,1
1258=,Cailaen,1
1258=,Cairo,1
1258=,Caius,1
1258=,Calder,1
1258=,Calin,1
1258=,Calixte,1
1258=,Callaghan,1
1258=,Callam,1
1258=,Callum-James,1
1258=,Callyn,1
1258=,Calvin-James,1
1258=,Calvin-Jamie,1
1258=,Cambell,1
1258=,Camden,1
1258=,Cameron-James,1
1258=,Camillus,1
1258=,Camilo,1
1258=,Canton,1
1258=,Caoimhin,1
1258=,Carlisle,1
1258=,Carlito,1
1258=,Carsen,1
1258=,Carson-Craig,1
1258=,Carsyn,1
1258=,Carter-James,1
1258=,Cartez,1
1258=,Caspar,1
1258=,Cass,1
1258=,Cassius,1
1258=,Cathal,1
1258=,Cawley,1
1258=,Cayle,1
1258=,Caylen,1
1258=,Caylen-Leon,1
1258=,Caythan,1
1258=,Ceanan,1
1258=,Ceard,1
1258=,Cee-Jay,1
1258=,Ceilean,1
1258=,Celestan,1
1258=,Celestine,1
1258=,Cesar,1
1258=,Cezary,1
1258=,Challeb,1
1258=,Chance,1
1258=,Charlee,1
1258=,Charles-Foy,1
1258=,Charlie-Adam,1
1258=,Charlie-Jai,1
1258=,Charlie-John,1
1258=,Chayse,1
1258=,Chen,1
1258=,Cheng,1
1258=,Chenxi,1
1258=,Chenyu,1
1258=,Chester,1
1258=,Cheuk,1
1258=,Chidozie,1
1258=,Chidubem,1
1258=,Chielotamu,1
1258=,Chierene,1
1258=,Chikatara,1
1258=,Chimdiadi,1
1258=,Chinedu,1
1258=,Chizitera,1
1258=,Christian-Alexander,1
1258=,Christoffel,1
1258=,Christoper,1
1258=,Christopher-James,1
1258=,Christopher-John,1
1258=,Christos,1
1258=,Chukudeni,1
1258=,Chukwuatoka,1
1258=,Chukwujimezike,1
1258=,Chun,1
1258=,Chunyi,1
1258=,Ciarian-James,1
1258=,Ciaron,1
1258=,Cieran,1
1258=,Clancy,1
1258=,Claudiu,1
1258=,Clay,1
1258=,Clement,1
1258=,Clint,1
1258=,Clive,1
1258=,Cobey,1
1258=,Cobhan,1
1258=,Cobyn,1
1258=,Codylee,1
1258=,Coen-John,1
1258=,Cohan,1
1258=,Coinneach,1
1258=,Cole-Zachary,1
1258=,Coleton,1
1258=,Collins,1
1258=,Collton,1
1258=,Colm,1
1258=,Coltin,1
1258=,Come,1
1258=,Conal,1
1258=,Conell,1
1258=,Conin,1
1258=,Conn,1
1258=,Connal,1
1258=,Connan,1
1258=,Connar,1
1258=,Connel,1
1258=,Connell,1
1258=,Conner-Lee,1
1258=,Constantine,1
1258=,Coplyn,1
1258=,Coran,1
1258=,Corbey-James,1
1258=,Corbin,1
1258=,Corbyn,1
1258=,Cormach,1
1258=,Cormack,1
1258=,Corneille,1
1258=,Coroghon,1
1258=,Corran-Junior,1
1258=,Corren,1
1258=,Correy,1
1258=,Corrie,1
1258=,Corvin,1
1258=,Cosmo,1
1258=,Coulter,1
1258=,Coulton,1
1258=,Coupar,1
1258=,Courage,1
1258=,Crae,1
1258=,Craig-Jay,1
1258=,Cree,1
1258=,Creggan,1
1258=,Crisdean,1
1258=,Cruise,1
1258=,Cruize,1
1258=,Cruze,1
1258=,Csongor,1
1258=,Cuanaic,1
1258=,Cullan,1
1258=,Curran,1
1258=,Curtis-Joseph,1
1258=,Cyprian,1
1258=,Cyrus,1
1258=,Daanyal,1
1258=,Daily,1
1258=,Daire,1
1258=,Daivvik,1
1258=,Daiwik,1
1258=,Daiyaan,1
1258=,Daiym,1
1258=,Dakshith,1
1258=,Dallas,1
1258=,Dallin,1
1258=,Dalton,1
1258=,Daly,1
1258=,Dameian,1
1258=,Damhan,1
1258=,Damin,1
1258=,Daminik,1
1258=,Damion,1
1258=,Damir,1
1258=,Dana,1
1258=,Danai,1
1258=,Danaidh,1
1258=,Dane,1
1258=,Danial,1
1258=,Daniele,1
1258=,Daniels,1
1258=,Daniil,1
1258=,Danil,1
1258=,Danuj,1
1258=,Daren,1
1258=,Darin,1
1258=,Dariush,1
1258=,Darryl-Ross,1
1258=,Darshit,1
1258=,Darwin,1
1258=,Daryll,1
1258=,Dashiel,1
1258=,Dave,1
1258=,Davi,1
1258=,David-Jack,1
1258=,David-James,1
1258=,David-Junior,1
1258=,Davidjoe,1
1258=,Davids,1
1258=,Davidson,1
1258=,Davie,1
1258=,Davis,1
1258=,Davy,1
1258=,Dawood,1
1258=,Daylin,1
1258=,Dayson,1
1258=,Dayton,1
1258=,Deakan,1
1258=,Declin,1
1258=,Deimantas,1
1258=,Deimonas,1
1258=,Deiniol,1
1258=,Deivids,1
1258=,Dejan,1
1258=,Delvin,1
1258=,Delwin,1
1258=,Demetri,1
1258=,Demetrious,1
1258=,Deminous,1
1258=,Dempsey,1
1258=,Denholm,1
1258=,Deniel,1
1258=,Denim,1
1258=,Denny,1
1258=,Denver,1
1258=,Denziel,1
1258=,Deondry,1
1258=,Deri,1
1258=,Derin,1
1258=,Dermot,1
1258=,Derrick,1
1258=,Derryn,1
1258=,Devansh,1
1258=,Devasya,1
1258=,Devrim,1
1258=,Devun,1
1258=,Devvan,1
1258=,Devyn,1
1258=,Dexi,1
1258=,Dexson,1
1258=,Dezider,1
1258=,Dhaniel,1
1258=,Dheclan,1
1258=,Dhimaan,1
1258=,Diarmid,1
1258=,Diarmuid,1
1258=,Dibesh,1
1258=,Diesel,1
1258=,Dilan,1
1258=,Dilanas,1
1258=,Dillan,1
1258=,Dimitri,1
1258=,Dimtry,1
1258=,Dingkun,1
1258=,Dinis,1
1258=,Dino,1
1258=,Diton,1
1258=,Dixon,1
1258=,Djames,1
1258=,Djordi,1
1258=,Dmitrij,1
1258=,Dmitrijs,1
1258=,Dodge,1
1258=,Doltin,1
1258=,Domas,1
1258=,Domhnall,1
1258=,Dominic-Lee,1
1258=,Domonic,1
1258=,Don,1
1258=,Donatan,1
1258=,Donny,1
1258=,Doogal,1
1258=,Doulton,1
1258=,Draven,1
1258=,Dubhgan,1
1258=,Dung,1
1258=,Dwij,1
1258=,Dylan-James,1
1258=,Dylan-John,1
1258=,Eachainn,1
1258=,Eamon,1
1258=,Eamonn,1
1258=,Eashar,1
1258=,Ebrahim,1
1258=,Ebrima,1
1258=,Ebubechukwu,1
1258=,Ebubechukwuka,1
1258=,Ebyn,1
1258=,Eday,1
1258=,Eddy,1
1258=,Edgaras,1
1258=,Edmond,1
1258=,Edmund,1
1258=,Edoardo,1
1258=,Edouard,1
1258=,Eduardo,1
1258=,Edvards,1
1258=,Edwyn,1
1258=,Eesah,1
1258=,Efayobase,1
1258=,Egor,1
1258=,Ehaan,1
1258=,Ehsan,1
1258=,Eilon,1
1258=,Einar,1
1258=,Eirik,1
1258=,Eirwyn,1
1258=,Ekam,1
1258=,Ekansh,1
1258=,Ekin,1
1258=,Elan,1
1258=,Eli-Phoenix,1
1258=,Eliaz,1
1258=,Eliel,1
1258=,Elijh,1
1258=,Eliott,1
1258=,Elis,1
1258=,Eljan,1
1258=,Ellias,1
1258=,Elric,1
1258=,Elvin,1
1258=,Elvis,1
1258=,Elwood,1
1258=,Ely,1
1258=,Emeka,1
1258=,Emerson,1
1258=,Emiliano,1
1258=,Emin,1
1258=,Emircan,1
1258=,Emmerson,1
1258=,Emmet,1
1258=,Emmett,1
1258=,Emon,1
1258=,Emran,1
1258=,Enda,1
1258=,Endijs,1
1258=,Enea,1
1258=,Enneko,1
1258=,Enzor,1
1258=,Eoghainn,1
1258=,Eonas,1
1258=,Erharuyi,1
1258=,Ernie,1
1258=,Errol,1
1258=,Erwin,1
1258=,Esben,1
1258=,Ese,1
1258=,Eshaal,1
1258=,Essi,1
1258=,Esteban,1
1258=,Ethan-John,1
1258=,Ethan-Paul,1
1258=,Ethyn,1
1258=,Evar,1
1258=,Evin,1
1258=,Eyad,1
1258=,Eyass,1
1258=,Faaris,1
1258=,Fabio,1
1258=,Fadzai,1
1258=,Fahad,1
1258=,Fahim,1
1258=,Faik,1
1258=,Faiz,1
1258=,Falk,1
1258=,Fallon,1
1258=,Faolan,1
1258=,Faraan,1
1258=,Faraaz,1
1258=,Fareed,1
1258=,Farees,1
1258=,Fares,1
1258=,Farhaan,1
1258=,Faron,1
1258=,Farr,1
1258=,Farsam,1
1258=,Farshad,1
1258=,Fateh,1
1258=,Fearghas,1
1258=,Ferghus,1
1258=,Fhionnlaidh,1
1258=,Finnan,1
1258=,Finnbar,1
1258=,Finnley,1
1258=,Fionne,1
1258=,Firoz,1
1258=,Flint,1
1258=,Florian,1
1258=,Folarin,1
1258=,Fortune,1
1258=,Fox,1
1258=,Francisco,1
1258=,Franek,1
1258=,Frantisek,1
1258=,Fraser-James,1
1258=,Fred,1
1258=,Frederik,1
1258=,Fredi,1
1258=,Fredy,1
1258=,Freedom,1
1258=,Fruin,1
1258=,Gabriel-Vladimir,1
1258=,Gabrieli,1
1258=,Gabrielis,1
1258=,Gabrielius,1
1258=,Gaetano,1
1258=,Gage,1
1258=,Galen,1
1258=,Gaobo,1
1258=,Garrett,1
1258=,Garrie,1
1258=,Garvan,1
1258=,Gautam,1
1258=,Gautham,1
1258=,Gauthier,1
1258=,Gazi,1
1258=,Genis,1
1258=,Gennaro,1
1258=,Geo,1
1258=,Geoffrey,1
1258=,Georgie,1
1258=,Georgij,1
1258=,Georgios,1
1258=,Gerarde,1
1258=,Gerrard,1
1258=,Ghali,1
1258=,Ghillie,1
1258=,Ghufran,1
1258=,Gianluca,1
1258=,Gianny,1
1258=,Gil-Elliot,1
1258=,Gilan,1
1258=,Gilmour-Harry,1
1258=,Giorgio,1
1258=,Giovani,1
1258=,Giovanni,1
1258=,Giric,1
1258=,Giulio,1
1258=,Giuseppe,1
1258=,Gleb,1
1258=,Glebs,1
1258=,Glynn,1
1258=,Godswill,1
1258=,Goras,1
1258=,Gosim,1
1258=,Grachan,1
1258=,Gracjan,1
1258=,Graysen,1
1258=,Greyson-Fox,1
1258=,Guan,1
1258=,Guillermo,1
1258=,Guraman,1
1258=,Gurnoor,1
1258=,Gurprem,1
1258=,Gursher,1
1258=,Guruvansh,1
1258=,Gwilym,1
1258=,Gwion,1
1258=,Gyan,1
1258=,Haadi,1
1258=,Haamid,1
1258=,Habeel,1
1258=,Haci,1
1258=,Hadis,1
1258=,Hagan,1
1258=,Haitham,1
1258=,Hakan,1
1258=,Haken,1
1258=,Hakki,1
1258=,Halim,1
1258=,Hallam,1
1258=,Hamdan,1
1258=,Hamid,1
1258=,Hangyu,1
1258=,Hangyul,1
1258=,Hanjun,1
1258=,Hansen,1
1258=,Hany,1
1258=,Hanzalah,1
1258=,Haoran,1
1258=,Haorui,1
1258=,Haoxin,1
1258=,Haozhong,1
1258=,Hari,1
1258=,Harith,1
1258=,Harley-James,1
1258=,Harlin,1
1258=,Harlow,1
1258=,Harly,1
1258=,Harmeet,1
1258=,Harold,1
1258=,Haroun,1
1258=,Harrison-Russell,1
1258=,Harrison-Stuart,1
1258=,Harrod,1
1258=,Haruki,1
1258=,Hashir,1
1258=,Hatim,1
1258=,Hazim,1
1258=,Hearton,1
1258=,Heinrich,1
1258=,Hema,1
1258=,Heneage,1
1258=,Henri,1
1258=,Henris,1
1258=,Henry-James,1
1258=,Henryk,1
1258=,Herbert,1
1258=,Heston,1
1258=,Hewad,1
1258=,Hezekiah,1
1258=,Hikaru,1
1258=,Himoon,1
1258=,Hishaam,1
1258=,Honors,1
1258=,Horam,1
1258=,Howard,1
1258=,Howi,1
1258=,Hrihaan,1
1258=,Hughie,1
1258=,Humzah,1
1258=,Hunnain,1
1258=,Hunter-Lee,1
1258=,Huntley,1
1258=,Hussain,1
1258=,Hussein,1
1258=,Hussnain,1
1258=,Huzaifah,1
1258=,Iagan,1
1258=,Iann,1
1258=,Iasonas,1
1258=,Idrees,1
1258=,Igbinosa,1
1258=,Ignacy,1
1258=,Ignacy-Mieszko,1
1258=,Ikenna,1
1258=,Ilham,1
1258=,Ilias,1
1258=,Illimar,1
1258=,Ilya,1
1258=,Ilyes,1
1258=,Imad,1
1258=,Imre,1
1258=,Inacio,1
1258=,Indy,1
1258=,Inniyan,1
1258=,Ioan,1
1258=,Ioannis,1
1258=,Iosif,1
1258=,Irmiya,1
1258=,Irving,1
1258=,Isaa,1
1258=,Isaak,1
1258=,Ishai,1
1258=,Ishak,1
1258=,Ishanjeet,1
1258=,Ishaq,1
1258=,Isher,1
1258=,Ishmael,1
1258=,Isma'il,1
1258=,Ismael,1
1258=,Issa,1
1258=,Issem,1
1258=,Isshak,1
1258=,Istafa,1
1258=,Ivaylo,1
1258=,Iver,1
1258=,Ivo,1
1258=,Iyad,1
1258=,Izaac,1
1258=,Izan,1
1258=,Jabali,1
1258=,Jabir,1
1258=,Jack-John,1
1258=,Jack-Kylan,1
1258=,Jack-Lyall,1
1258=,Jackie,1
1258=,Jacksin,1
1258=,Jackson-John,1
1258=,Jacob-James,1
1258=,Jacob-Jay,1
1258=,Jacoby,1
1258=,Jad,1
1258=,Jadon,1
1258=,Jaece,1
1258=,Jafar,1
1258=,Jagir,1
1258=,Jahey,1
1258=,Jai-Jay,1
1258=,Jaidan,1
1258=,Jaidyn,1
1258=,Jaihao,1
1258=,Jaimeson,1
1258=,Jairo,1
1258=,Jak-John,1
1258=,Jake-Dean,1
1258=,Jake-Tyler,1
1258=,Jaksyn,1
1258=,James-Declan,1
1258=,James-Jai,1
1258=,James-Junior,1
1258=,James-Martin,1
1258=,Jameson,1
1258=,Jamie-Jay,1
1258=,Jamie-Joseph,1
1258=,Jamieson,1
1258=,Jan-Duncan,1
1258=,Janael,1
1258=,Jareth,1
1258=,Jarvi,1
1258=,Jaskaran,1
1258=,Jason-James,1
1258=,Jason-Junior,1
1258=,Jassar,1
1258=,Jasveer,1
1258=,Javon,1
1258=,Jaxton,1
1258=,Jayden-Lee,1
1258=,Jaydyn,1
1258=,Jaykub,1
1258=,Jaylin,1
1258=,Jaylon,1
1258=,Jean,1
1258=,Jeevan,1
1258=,Jeff,1
1258=,Jefferson,1
1258=,Jeffrey,1
1258=,Jekabs,1
1258=,Jeremiasz,1
1258=,Jeremy,1
1258=,Jeronn,1
1258=,Jerry,1
1258=,Jessmeet,1
1258=,Jeswin,1
1258=,Jethro,1
1258=,Jgnacy,1
1258=,Jiatao,1
1258=,Jiaxu,1
1258=,Jiayou,1
1258=,Jiazuo,1
1258=,Jibrael,1
1258=,Jihan,1
1258=,Jihat,1
1258=,Jimi,1
1258=,Jinsu,1
1258=,Jj,1
1258=,Jo,1
1258=,Joachim,1
1258=,Joah,1
1258=,Joakim,1
1258=,Joaquin,1
1258=,Jochem,1
1258=,Jody,1
1258=,Joei,1
1258=,Joen,1
1258=,Joey-James,1
1258=,Johann,1
1258=,Johannes,1
1258=,John-Julius,1
1258=,John-Michael,1
1258=,John-Paul,1
1258=,John-Philip,1
1258=,Johnnie,1
1258=,Johnpaul,1
1258=,Joichiro,1
1258=,Jojo,1
1258=,Jokubas,1
1258=,Jolyon,1
1258=,Jon-James,1
1258=,Jon-Paul,1
1258=,Jonatan,1
1258=,Jones,1
1258=,Jorah,1
1258=,Jordon,1
1258=,Jorge,1
1258=,Jose,1
1258=,Josef,1
1258=,Joseph-James,1
1258=,Joshy,1
1258=,Jossy,1
1258=,Joud,1
1258=,Jovan,1
1258=,Jovi,1
1258=,Joy,1
1258=,Juan,1
1258=,Jules,1
1258=,Julio,1
1258=,Juliusz,1
1258=,Juniour,1
1258=,Junxian,1
1258=,Juozas,1
1258=,K'ael,1
1258=,Kabir,1
1258=,Kacen,1
1258=,Kadem,1
1258=,Kadhem,1
1258=,Kadien,1
1258=,Kaeden,1
1258=,Kaelib,1
1258=,Kaelin,1
1258=,Kaeson,1
1258=,Kahil,1
1258=,Kahl,1
1258=,Kahlan,1
1258=,Kai-William,1
1258=,Kaide,1
1258=,Kaiden-Christopher,1
1258=,Kaidyn,1
1258=,Kaii,1
1258=,Kailash,1
1258=,Kailin,1
1258=,Kaillan,1
1258=,Kailum,1
1258=,Kain,1
1258=,Kaine,1
1258=,Kainetochukwu,1
1258=,Kairan,1
1258=,Kairon,1
1258=,Kaisyn,1
1258=,Kalan,1
1258=,Kalel,1
1258=,Kalem,1
1258=,Kalib,1
1258=,Kalijay,1
1258=,Kalub,1
1258=,Kalven,1
1258=,Kalvyn,1
1258=,Kalyan,1
1258=,Kamden,1
1258=,Kameron,1
1258=,Kami,1
1258=,Kamsiyochi,1
1258=,Kaney,1
1258=,Kaone,1
1258=,Kar,1
1258=,Kardin,1
1258=,Karol,1
1258=,Karrick,1
1258=,Kartik,1
1258=,Kartir,1
1258=,Kashif,1
1258=,Kashten,1
1258=,Kasim,1
1258=,Kasper,1
1258=,Kass,1
1258=,Kavan,1
1258=,Kayaan,1
1258=,Kayde,1
1258=,Kaydin,1
1258=,Kaydis-Eden,1
1258=,Kayl,1
1258=,Kayleb,1
1258=,Kayler,1
1258=,Kaylum,1
1258=,Kayne,1
1258=,Kaysan,1
1258=,Kaysen,1
1258=,Kazim,1
1258=,Kazimierz,1
1258=,Keagan,1
1258=,Kealan,1
1258=,Kean,1
1258=,Keane,1
1258=,Keanu,1
1258=,Kebron,1
1258=,Keegan-James,1
1258=,Keelson,1
1258=,Keerthan,1
1258=,Keevan,1
1258=,Keigan,1
1258=,Keigen,1
1258=,Keilan,1
1258=,Keilan-Lee,1
1258=,Keiren,1
1258=,Keirin,1
1258=,Keiron,1
1258=,Keith-James,1
1258=,Kellin-Jonas,1
1258=,Kellton,1
1258=,Kellyn,1
1258=,Ken,1
1258=,Kendall,1
1258=,Kendyl,1
1258=,Kenny,1
1258=,Kenton,1
1258=,Kenzie-Paul,1
1258=,Kenzie-Tyler,1
1258=,Kenzy,1
1258=,Ker,1
1258=,Kerim,1
1258=,Keshav,1
1258=,Kester,1
1258=,Kevan,1
1258=,Kevin-Barry,1
1258=,Kezmyn,1
1258=,Khai,1
1258=,Khail,1
1258=,Khal,1
1258=,Khaleel,1
1258=,Khalifa,1
1258=,Khalin,1
1258=,Khilan,1
1258=,Khizar,1
1258=,Khizer,1
1258=,Khobi,1
1258=,Khole,1
1258=,Khorie,1
1258=,Khugan,1
1258=,Khunanon,1
1258=,Khushal,1
1258=,Khylan,1
1258=,Kial,1
1258=,Kian-Paul,1
1258=,Kiefer,1
1258=,Kien,1
1258=,Kier,1
1258=,Kieren,1
1258=,Kiern,1
1258=,Kim,1
1258=,Kimi,1
1258=,King,1
1258=,Kingston-Jack,1
1258=,Kinnon,1
1258=,Kipras,1
1258=,Kirils,1
1258=,Kjori,1
1258=,Koah,1
1258=,Kobin,1
1258=,Koby-Orezimena,1
1258=,Kodie,1
1258=,Kohen,1
1258=,Koletyn,1
1258=,Kolton,1
1258=,Konlin,1
1258=,Konnor-Craig,1
1258=,Konstanty,1
1258=,Kooper,1
1258=,Koophyr,1
1258=,Korban,1
1258=,Korbin,1
1258=,Korbin-Bleu,1
1258=,Korbyn,1
1258=,Kornel,1
1258=,Kory,1
1258=,Koye,1
1258=,Kraig,1
1258=,Krish,1
1258=,Krishan,1
1258=,Kristof,1
1258=,Kristofer,1
1258=,Kristofers,1
1258=,Kristoff,1
1258=,Krystian,1
1258=,Kshitij,1
1258=,Kupakunashe,1
1258=,Kurt,1
1258=,Kushagra,1
1258=,Kushal,1
1258=,Kyaden,1
1258=,Kylan-Lee,1
1258=,Kylen,1
1258=,Kyran-Lee,1
1258=,Kyren,1
1258=,Kyril,1
1258=,Kyro,1
1258=,Lachie,1
1258=,Laighton,1
1258=,Lailand,1
1258=,Laird,1
1258=,Lake,1
1258=,Lakhveer,1
1258=,Lam,1
1258=,Landyn,1
1258=,Laoch,1
1258=,Larson,1
1258=,Lasana,1
1258=,Laszlo,1
1258=,Latif,1
1258=,Lauchlyn,1
1258=,Lauder,1
1258=,Laughlin,1
1258=,Layth,1
1258=,Laytn,1
1258=,Laytyn,1
1258=,Lazare,1
1258=,Lazaro,1
1258=,Lealand,1
1258=,Leander,1
1258=,Leandro,1
1258=,Leart,1
1258=,Lee-Junior,1
1258=,Lee-Roy,1
1258=,Leelin,1
1258=,Leeroy,1
1258=,Leeson,1
1258=,Leiland,1
1258=,Leithan,1
1258=,Lele,1
1258=,Lennard,1
1258=,Lennie,1
1258=,Lennix,1
1258=,Leo-James,1
1258=,Leone,1
1258=,Leshawn,1
1258=,Levente,1
1258=,Levi-James,1
1258=,Lewyn,1
1258=,Leylan,1
1258=,Liam-John,1
1258=,Liam-Scott,1
1258=,Libero,1
1258=,Lihou,1
1258=,Linken,1
1258=,Livingstone,1
1258=,Liyal,1
1258=,Liyanage,1
1258=,Llewyn,1
1258=,Lliam,1
1258=,Llyall,1
1258=,Llyr,1
1258=,Lochan,1
1258=,Lochlainn,1
1258=,Lochlen,1
1258=,Lochran,1
1258=,Logan-Kerr,1
1258=,Loghan,1
1258=,Loken,1
1258=,London,1
1258=,Lorcan,1
1258=,Loris,1
1258=,Lorne,1
1258=,Loucas,1
1258=,Loukas,1
1258=,Luan,1
1258=,Luca-John,1
1258=,Lucario,1
1258=,Luciano,1
1258=,Lucio,1
1258=,Lucius,1
1258=,Ludwig,1
1258=,Lui,1
1258=,Lukka,1
1258=,Luqman,1
1258=,Luther,1
1258=,Lutton,1
1258=,Luv,1
1258=,Lyal,1
1258=,Lyeland,1
1258=,Lyncon,1
1258=,M,1
1258=,Mace,1
1258=,Mackenzy,1
1258=,Macleod,1
1258=,Maddox,1
1258=,Madhav,1
1258=,Mahir,1
1258=,Mahmood,1
1258=,Mahrus,1
1258=,Maikas,1
1258=,Mainetas,1
1258=,Makenzi,1
1258=,Mako,1
1258=,Maksud,1
1258=,Mal'akh,1
1258=,Malakai,1
1258=,Malakye,1
1258=,Malick,1
1258=,Maliq,1
1258=,Malise,1
1258=,Mallakye,1
1258=,Malley,1
1258=,Mallku,1
1258=,Maloney,1
1258=,Mamoon,1
1258=,Manav,1
1258=,Mani,1
1258=,Manjot,1
1258=,Mann,1
1258=,Manni,1
1258=,Manrey,1
1258=,Manroop,1
1258=,Manuel,1
1258=,Manus,1
1258=,Marauzochi,1
1258=,Marcas,1
1258=,Marchello,1
1258=,Marcin,1
1258=,Marib,1
1258=,Mark-Anthony,1
1258=,Markas,1
1258=,Marko,1
1258=,Marlo,1
1258=,Marlow,1
1258=,Martenous,1
1258=,Marti,1
1258=,Martins,1
1258=,Martiya,1
1258=,Martynas,1
1258=,Marvin,1
1258=,Mascen,1
1258=,Mason-David,1
1258=,Mason-Ross,1
1258=,Mason-William,1
1258=,Massimo,1
1258=,Mate,1
1258=,Mateen,1
1258=,Matej,1
1258=,Mathieu,1
1258=,Matipaishe,1
1258=,Matt,1
1258=,Mattie,1
1258=,Matts,1
1258=,Matyas,1
1258=,Mavi,1
1258=,Mavino,1
1258=,Maxence,1
1258=,Maxi,1
1258=,Maxi-James,1
1258=,Maxime,1
1258=,Maximillion,1
1258=,Maxx-James,1
1258=,Maxymilian,1
1258=,Maynar,1
1258=,Mayson,1
1258=,Mazin,1
1258=,Mccall,1
1258=,Mccamley,1
1258=,Mckenzie-Lee,1
1258=,Mclaren,1
1258=,Medinu,1
1258=,Mehdi,1
1258=,Mehmet,1
1258=,Mehmetcan,1
1258=,Meko,1
1258=,Memphis,1
1258=,Mert,1
1258=,Meston,1
1258=,Mete,1
1258=,Michael-James,1
1258=,Michaelangelo,1
1258=,Michalis,1
1258=,Micheal-Jeevan,1
1258=,Mickael,1
1258=,Micky,1
1258=,Mihai,1
1258=,Mihail,1
1258=,Mike,1
1258=,Mikel,1
1258=,Millen,1
1258=,Milou,1
1258=,Milyn,1
1258=,Miraan,1
1258=,Miraj,1
1258=,Miran,1
1258=,Miro,1
1258=,Misa,1
1258=,Mo,1
1258=,Moaath,1
1258=,Moaied,1
1258=,Mobowofoluwa,1
1258=,Modou,1
1258=,Modris,1
1258=,Mohamad,1
1258=,Mohamed-Idriss,1
1258=,Mohammed-Faizan,1
1258=,Mohib,1
1258=,Mohsin,1
1258=,Moitreo,1
1258=,Monroe,1
1258=,Montasir,1
1258=,Moor,1
1258=,Moreno,1
1258=,Morpheus,1
1258=,Mortem,1
1258=,Mosa,1
1258=,Moses,1
1258=,Moshwar,1
1258=,Mostafa,1
1258=,Motaz,1
1258=,Moud,1
1258=,Moulik,1
1258=,Muadh,1
1258=,Muaz,1
1258=,Mudssar,1
1258=,Muhammad-Ali,1
1258=,Muhammad-Huzaifah,1
1258=,Muhammud,1
1258=,Muhsin,1
1258=,Muhummed,1
1258=,Muhummudh,1
1258=,Mumbi,1
1258=,Muneeb,1
1258=,Muntazir,1
1258=,Muqeet,1
1258=,Murad,1
1258=,Murdoch,1
1258=,Murphie,1
1258=,Murtaza,1
1258=,Musab,1
1258=,Mustapha,1
1258=,Muzzammil,1
1258=,Nabeel,1
1258=,Naetochukwu,1
1258=,Nafatli,1
1258=,Nahum,1
1258=,Naithan,1
1258=,Najib,1
1258=,Namah,1
1258=,Namish,1
1258=,Nana,1
1258=,Naryan,1
1258=,Naseeb,1
1258=,Nasser,1
1258=,Natanael,1
1258=,Nathan-Lee,1
1258=,Nathon,1
1258=,Nawaz,1
1258=,Neco,1
1258=,Nedas,1
1258=,Neelesh,1
1258=,Neelish,1
1258=,Neeson,1
1258=,Nehuen,1
1258=,Neiko,1
1258=,Neitan,1
1258=,Neki,1
1258=,Nero,1
1258=,Nethan,1
1258=,Nevan,1
1258=,Neymar,1
1258=,Nicco,1
1258=,Nicholas-Darius,1
1258=,Nick,1
1258=,Nicky,1
1258=,Nicolo,1
1258=,Nigel,1
1258=,Nihaal,1
1258=,Nikhil,1
1258=,Niki,1
1258=,Niko,1
1258=,Nikolai,1
1258=,Niks,1
1258=,Nile,1
1258=,Nisar,1
1258=,Nishanth,1
1258=,Nishchal,1
1258=,Nissim,1
1258=,Niven,1
1258=,Nkosinathi,1
1258=,Nkosiphile,1
1258=,Nleli,1
1258=,Nnanyerem,1
1258=,Noach,1
1258=,Noah-Jay,1
1258=,Noah-Lee,1
1258=,Noah-Scott,1
1258=,Noe,1
1258=,Nojus,1
1258=,Noor,1
1258=,Norbert,1
1258=,Nova,1
1258=,Nuno,1
1258=,Nurdin,1
1258=,Nyal,1
1258=,Nyall,1
1258=,Nyco,1
1258=,Nye,1
1258=,Nzubechukwu,1
1258=,Oak,1
1258=,Oghenemaro,1
1258=,Ogooluwakitan,1
1258=,Olajide,1
1258=,Olaoluwa,1
1258=,Olatomiwa,1
1258=,Oleg,1
1258=,Oliveris,1
1258=,Olivers,1
1258=,Oliwer,1
1258=,Olli-Kennedy,1
1258=,Ollie-James,1
1258=,Olsen,1
1258=,Olumide,1
1258=,Olusola,1
1258=,Oluwadamisi,1
1258=,Oluwadarasimi,1
1258=,Oluwadunmininu,1
1258=,Oluwahonourmi,1
1258=,Oluwajomiloju,1
1258=,Oluwapamilerinayo,1
1258=,Oluwasegun,1
1258=,Oluwasemiloore,1
1258=,Oluwasemilore,1
1258=,Oluwatamilore,1
1258=,Oluwatoba,1
1258=,Oluwatosin,1
1258=,Omaar,1
1258=,Omari,1
1258=,Omer,1
1258=,Omkar,1
1258=,Onyebinanma,1
1258=,Oreofetogaju,1
1258=,Orfeas,1
1258=,Ori,1
1258=,Orishay,1
1258=,Orlando,1
1258=,Orren,1
1258=,Orrie,1
1258=,Orrin-James,1
1258=,Osazee,1
1258=,Osei,1
1258=,Oskaras,1
1258=,Osman,1
1258=,Otto,1
1258=,Owais,1
1258=,Owen-Kai,1
1258=,Owyn,1
1258=,Oyinmiebi,1
1258=,Pace,1
1258=,Padraig,1
1258=,Paizley,1
1258=,Palam,1
1258=,Paolo,1
1258=,Papa,1
1258=,Paton,1
1258=,Patrekur,1
1258=,Paul-Alexander,1
1258=,Paul-Junior,1
1258=,Pauls,1
1258=,Pavit,1
1258=,Paxton,1
1258=,Pearson,1
1258=,Peni,1
1258=,Perry,1
1258=,Peter-Jai,1
1258=,Peter-John,1
1258=,Petko,1
1258=,Peyton,1
1258=,Pheerathorn,1
1258=,Phillip-Junior,1
1258=,Phineas,1
1258=,Phinney,1
1258=,Pierre,1
1258=,Pietro,1
1258=,Pio,1
1258=,Pip,1
1258=,Pirlo,1
1258=,Piru,1
1258=,Porter,1
1258=,Prajwal,1
1258=,Praneel,1
1258=,Pranil,1
1258=,Prayash,1
1258=,Presley,1
1258=,Qais,1
1258=,Qaliph,1
1258=,Qiyu,1
1258=,Quin,1
1258=,Quintin,1
1258=,Quinton,1
1258=,Quintyn,1
1258=,R,1
1258=,Raageh,1
1258=,Radoslav,1
1258=,Radvin,1
1258=,Rafa,1
1258=,Rafeeq,1
1258=,Rafi,1
1258=,Rafsan,1
1258=,Ragiu,1
1258=,Ragnar,1
1258=,Rahil,1
1258=,Rahim,1
1258=,Rahmaan,1
1258=,Rahoz,1
1258=,Raihan,1
1258=,Raine,1
1258=,Raiyaan,1
1258=,Raja,1
1258=,Raju,1
1258=,Rajunor-Obasi,1
1258=,Rajvir,1
1258=,Ramani,1
1258=,Ramy,1
1258=,Rana,1
1258=,Ranay,1
1258=,Rashed,1
1258=,Raul,1
1258=,Raven,1
1258=,Ravi,1
1258=,Rayaan,1
1258=,Rayfe,1
1258=,Raymond,1
1258=,Rayvan,1
1258=,Rayyaan,1
1258=,Raza,1
1258=,Razan,1
1258=,Re-Gabriel,1
1258=,Reace,1
1258=,Reade,1
1258=,Rearabetsoe,1
1258=,Reda,1
1258=,Redmond,1
1258=,Rees,1
1258=,Reg,1
1258=,Reggie,1
1258=,Reghan,1
1258=,Rehaan,1
1258=,Reice,1
1258=,Reily,1
1258=,Reion,1
1258=,Reis,1
1258=,Remus,1
1258=,Renars,1
1258=,Rene,1
1258=,Reni,1
1258=,Rennie,1
1258=,Renny,1
1258=,Reno,1
1258=,Renzo,1
1258=,Reuben-John,1
1258=,Reus,1
1258=,Reyansh,1
1258=,Rheegan,1
1258=,Rheon,1
1258=,Rhian,1
1258=,Rhion,1
1258=,Rhodri,1
1258=,Rhogan,1
1258=,Rhory,1
1258=,Rhuardhi,1
1258=,Rhueben,1
1258=,Rhuiradh,1
1258=,Rhuraidh,1
1258=,Rhy,1
1258=,Rhyan,1
1258=,Rhylee,1
1258=,Rhyley,1
1258=,Rhyn,1
1258=,Ricardo,1
1258=,Ricki,1
1258=,Ridit,1
1258=,Ridwan,1
1258=,Rielly,1
1258=,Rigel,1
1258=,Rikki,1
1258=,Rileey,1
1258=,Riley-Eddie,1
1258=,Riley-John,1
1258=,Riley-William,1
1258=,Rino,1
1258=,Rio-Harper,1
1258=,Rio-Junior,1
1258=,Rishaan,1
1258=,Rishabh,1
1258=,Rishi,1
1258=,Rishvie,1
1258=,Rithul,1
1258=,Rithvik,1
1258=,Rizwan,1
1258=,Roamin,1
1258=,Roarie,1
1258=,Roary,1
1258=,Roban,1
1258=,Robb,1
1258=,Robbin,1
1258=,Robby,1
1258=,Roberts,1
1258=,Robfrel,1
1258=,Robie,1
1258=,Robson,1
1258=,Roby,1
1258=,Rodger,1
1258=,Rodric,1
1258=,Roen,1
1258=,Rohaan,1
1258=,Rohail,1
1258=,Roizze,1
1258=,Rojus,1
1258=,Rokas,1
1258=,Rokko,1
1258=,Roland,1
1258=,Rolands,1
1258=,Rollo,1
1258=,Romano,1
1258=,Romay,1
1258=,Romi,1
1258=,Ronav,1
1258=,Ronik,1
1258=,Ronni,1
1258=,Roop,1
1258=,Rorey,1
1258=,Rori,1
1258=,Rossi,1
1258=,Roux,1
1258=,Roy,1
1258=,Ruach,1
1258=,Ruaidhri,1
1258=,Ruairaidh,1
1258=,Ruariadh,1
1258=,Ruarie,1
1258=,Rubyn,1
1258=,Rudh,1
1258=,Rudolf,1
1258=,Rudyard,1
1258=,Rueban,1
1258=,Ruhan,1
1258=,Ruidhe,1
1258=,Rule,1
1258=,Rupert,1
1258=,Ruraidh,1
1258=,Ruri,1
1258=,Ruslans,1
1258=,Rutuparn,1
1258=,Ruzgar,1
1258=,Ryanlee,1
1258=,Ryder,1
1258=,Ryhan,1
1258=,Rylyn,1
1258=,Ryszard,1
1258=,Sachin,1
1258=,Saheer,1
1258=,Sahntanu,1
1258=,Sai,1
1258=,Said,1
1258=,Saifan,1
1258=,Saimond,1
1258=,Sajjad,1
1258=,Salah,1
1258=,Salar,1
1258=,Saleh,1
1258=,Samad,1
1258=,Samarpreet,1
1258=,Samarth,1
1258=,Samay,1
1258=,Samayam,1
1258=,Sampa,1
1258=,Samuels,1
1258=,Sanad,1
1258=,Sanat,1
1258=,Sanav,1
1258=,Sancho,1
1258=,Sanday,1
1258=,Sanidh,1
1258=,Sanjay,1
1258=,Sarim,1
1258=,Sarok,1
1258=,Sarp,1
1258=,Sartaj,1
1258=,Sasha,1
1258=,Sathiyan,1
1258=,Satvik,1
1258=,Saulius,1
1258=,Saurya,1
1258=,Sawyer,1
1258=,Saxon,1
1258=,Sayaan,1
1258=,Schneur,1
1258=,Scot,1
1258=,Scott-Alan,1
1258=,Scott-James,1
1258=,Scotty,1
1258=,Scout,1
1258=,Sean-Joseph,1
1258=,Sean-Michael,1
1258=,Sean-Patrick,1
1258=,Seare,1
1258=,Sebastyn,1
1258=,Sehbaaz,1
1258=,Seiji,1
1258=,Selbin,1
1258=,Seli,1
1258=,Senan,1
1258=,Seon,1
1258=,Seoras,1
1258=,Sercan,1
1258=,Sergio,1
1258=,Serko,1
1258=,Seton,1
1258=,Sevak,1
1258=,Seve,1
1258=,Seweryn,1
1258=,Sfy,1
1258=,Shafee,1
1258=,Shafin,1
1258=,Shahan,1
1258=,Shaheer,1
1258=,Shahraan,1
1258=,Shahroz,1
1258=,Shahzaib,1
1258=,Shahzain,1
1258=,Shailin,1
1258=,Shanthosh,1
1258=,Shashank,1
1258=,Shaun-James,1
1258=,Shaurya,1
1258=,Shawman,1
1258=,Shay-Alexander,1
1258=,Shayaan,1
1258=,Shaylen,1
1258=,Shayne,1
1258=,Shazain,1
1258=,Shazheer,1
1258=,Shelby,1
1258=,Sheldon,1
1258=,Shepherd,1
1258=,Sher,1
1258=,Sherlock,1
1258=,Shiloh,1
1258=,Shimon,1
1258=,Shivark,1
1258=,Shivraj,1
1258=,Shobhit,1
1258=,Shreyan,1
1258=,Shreyas,1
1258=,Shriansh,1
1258=,Shriyan,1
1258=,Shubhnamdeep,1
1258=,Shuo,1
1258=,Shyloh,1
1258=,Siam,1
1258=,Siardus,1
1258=,Siddharth,1
1258=,Sigurd,1
1258=,Silva,1
1258=,Silvio,1
1258=,Sinclair,1
1258=,Siver,1
1258=,Skyler,1
1258=,Slavko,1
1258=,Slawomir,1
1258=,Smayan,1
1258=,Smith,1
1258=,Sochima,1
1258=,Sofian,1
1258=,Sohan,1
1258=,Sohn,1
1258=,Sohum,1
1258=,Somtochukwu,1
1258=,Song,1
1258=,Sonni,1
1258=,Soul,1
1258=,Spartacus,1
1258=,Spurgeon,1
1258=,Sragvi,1
1258=,Sriansh,1
1258=,Steel,1
1258=,Stefanos,1
1258=,Stepan,1
1258=,Stevie-Roy,1
1258=,Strachan,1
1258=,Strone,1
1258=,Subhaan,1
1258=,Subhanallah,1
1258=,Sulabh,1
1258=,Sulaiman,1
1258=,Suleman,1
1258=,Suleyman,1
1258=,Suliman,1
1258=,Summer,1
1258=,Suvam,1
1258=,Suyash,1
1258=,Syd,1
1258=,Sydney,1
1258=,T,1
1258=,Taaha,1
1258=,Tadeusz,1
1258=,Tain,1
1258=,Takeshi,1
1258=,Talen,1
1258=,Talha,1
1258=,Tamarakari,1
1258=,Tarkan,1
1258=,Tarran,1
1258=,Tarrin-Hunter,1
1258=,Tarron,1
1258=,Tattva,1
1258=,Tauras,1
1258=,Tavish,1
1258=,Tawfique,1
1258=,Tawhid,1
1258=,Taylan,1
1258=,Tayyib,1
1258=,Teal,1
1258=,Tearlach,1
1258=,Tee-Jay,1
1258=,Tejan,1
1258=,Tejesh,1
1258=,Temi,1
1258=,Temidayo,1
1258=,Tenzin,1
1258=,Teodor,1
1258=,Terence,1
1258=,Thanusan,1
1258=,Theo-Lee,1
1258=,Theodoros,1
1258=,Theron,1
1258=,Thijs,1
1258=,Thomas-John,1
1258=,Thomas-Lee,1
1258=,Thompson,1
1258=,Thomson,1
1258=,Thor,1
1258=,Thushin,1
1258=,Tian-Mu,1
1258=,Tijan,1
1258=,Tilion,1
1258=,Tinashe,1
1258=,Tiwatope,1
1258=,Tj-Henry,1
1258=,Tjay,1
1258=,Toben,1
1258=,Tobie,1
1258=,Tobin,1
1258=,Toby-Lee,1
1258=,Tochi,1
1258=,Tod,1
1258=,Todd,1
1258=,Tomaidh,1
1258=,Toprak,1
1258=,Torafn,1
1258=,Toran,1
1258=,Toren,1
1258=,Torrence,1
1258=,Toulouse,1
1258=,Trei,1
1258=,Trent,1
1258=,Trevor,1
1258=,Treyvon,1
1258=,Tristain,1
1258=,Tristan-James,1
1258=,Tudor,1
1258=,Tugrul,1
1258=,Ty-Reece,1
1258=,Tylar-James,1
1258=,Tyler-Jai,1
1258=,Tyler-Zain,1
1258=,Tyme,1
1258=,Tyr,1
1258=,Tyran,1
1258=,Tyree,1
1258=,Tyrel,1
1258=,Uchenna,1
1258=,Udham,1
1258=,Ugochukwu,1
1258=,Uilleam,1
1258=,Uist,1
1258=,Umberto,1
1258=,Unathi,1
1258=,Unda,1
1258=,Uriah,1
1258=,Urijah,1
1258=,Usayd,1
1258=,Utibe,1
1258=,Uwais,1
1258=,Uzair,1
1258=,Uzayr,1
1258=,Valdemaras,1
1258=,Valentin,1
1258=,Vanes,1
1258=,Vasco,1
1258=,Vasil,1
1258=,Vasilis,1
1258=,Vedan,1
1258=,Vejas,1
1258=,Vidish,1
1258=,Viet,1
1258=,Viggo,1
1258=,Vigo,1
1258=,Vihan,1
1258=,Vikram,1
1258=,Vito,1
1258=,Viyaan,1
1258=,Viyan,1
1258=,Vlad,1
1258=,Vladut,1
1258=,Vyom,1
1258=,Waleed,1
1258=,Wali,1
1258=,Wan,1
1258=,Waridamowei,1
1258=,Warwick,1
1258=,Watson,1
1258=,Wayne,1
1258=,Wei,1
1258=,Wenji,1
1258=,Weston,1
1258=,Weylyn,1
1258=,Wilbur,1
1258=,Winson,1
1258=,Winston,1
1258=,Wojtek,1
1258=,Wui,1
1258=,Wyn,1
1258=,Xakaria,1
1258=,Xanthus,1
1258=,Xi,1
1258=,Xiaobing,1
1258=,Xiaziqian,1
1258=,Xing,1
1258=,Xsavier,1
1258=,Xzander,1
1258=,Yaamn,1
1258=,Yacine,1
1258=,Yanis-Marian,1
1258=,Yannik,1
1258=,Yaone,1
1258=,Yaqub,1
1258=,Yasein,1
1258=,Yasheil,1
1258=,Yashim,1
1258=,Yasin,1
1258=,Yassin,1
1258=,Yaya,1
1258=,Yazen,1
1258=,Yehia,1
1258=,Yehya,1
1258=,Yejun,1
1258=,Younes,1
1258=,Yousaf-Hussein,1
1258=,Yubo,1
1258=,Yuhan,1
1258=,Yuji,1
1258=,Yusha,1
1258=,Yushu,1
1258=,Yuvraj,1
1258=,Zacariah,1
1258=,Zacery,1
1258=,Zacharias,1
1258=,Zacharie,1
1258=,Zacki,1
1258=,Zaeden,1
1258=,Zafer,1
1258=,Zahir,1
1258=,Zahran,1
1258=,Zaidaan,1
1258=,Zaidan,1
1258=,Zakaryah,1
1258=,Zaki,1
1258=,Zaroon,1
1258=,Zaryab,1
1258=,Zavier,1
1258=,Zawaad,1
1258=,Zaythen,1
1258=,Zennor,1
1258=,Zephaniah,1
1258=,Zeyad,1
1258=,Zeyn,1
1258=,Zhao,1
1258=,Zhe,1
1258=,Zhen,1
1258=,Zheng,1
1258=,Zhihong,1
1258=,Zikai,1
1258=,Zikora,1
1258=,Zinachidi,1
1258=,Ziqi,1
1258=,Zixiang,1
1258=,Zmarak,1
1258=,Zohaib,1
1258=,Zubin,1
1258=,Zuhair,1
1258=,Zuva,1
1258=,Zyad,1
1258=,Zygimantas,1
,,
,,
,,
,,
,,
,,
,,
,,
,,
,,
,,
,,
,,
,,
,,
,,
,,
,,
,,
,,
,,
,,
,,
,,
,,
,,
,,
,,
,,
,,
,,
,,
,,
,,
,,
,,
,,
,,
,,
,,
,,
,,
,,
,,
,,
,,
,,
,,
,,
,,
,,
,,
,,
,,
,,
,,
,,
,,
,,
,,
,,
,,
,,
,,
,,
,,
,,
,,
,,
,,
,,
,,
,,
,,
,,
,,
,,
,,
,,
,,
,,
,,
,,
,,
,,
,,
,,
,,
,,
,,
,,
,,
,,
,,
,,
,,
,,
,,
,,
,,
,,
,,
,,
,,
,,
,,
,,
,,
,,
,,
,,
,,
,,
,,
,,
,,
,,
,,
,,
,,
,,
,,
,,
,,
,,
,,
,,
,,
,,
,,
,,
,,
,,
,,
,,
,,
,,
,,
,,
,,
,,
,,
,,
,,
,,
,,
,,
,,
,,
,,
,,
,,
,,
,,
,,
,,
,,
,,
,,
,,
,,
,,
,,
,,
,,
,,
,,
,,
,,
,,
,,
,,
,,
,,
,,
,,
,,
,,
,,
,,
,,
,,
,,
,,
,,
,,
,,
,,
,,
,,
,,
,,
,,
,,
,,
,,
,,
,,
,,
,,
,,
,,
,,
,,
,,
,,
,,
,,
,,
,,
,,
,,
,,
,,
,,
,,
,,
,,
,,
,,
,,
,,
,,
,,
,,
,,
,,
,,
,,
,,
,,
,,
,,
,,
,,
,,
,,
,,
,,
,,
,,
,,
,,
,,
,,
,,
,,
,,
,,
,,
,,
,,
,,
,,
,,
,,
,,
,,
,,
,,
,,
,,
,,
,,
,,
,,
,,
,,
,,
,,
,,
,,
,,
,,
,,
,,
,,
,,
,,
,,
,,
,,
,,
,,
,,
,,
,,
,,
,,
,,
,,
,,
,,
,,
,,
,,
,,
,,
,,
,,
,,
,,
,,
,,
,,
,,
,,
,,
,,
,,
,,
,,
,,
,,
,,
,,
,,
,,
,,
,,
,,
,,
,,
,,
,,
,,
,,
,,
,,
,,
,,
,,
,,
,,
,,
,,
,,
,,
,,
,,
,,
,,
,,
,,
,,
,,
,,
,,
,,
,,
,,
,,
,,
,,
,,
,,
,,
,,
,,
,,
,,
,,
,,
,,
,,
,,
,,
,,
,,
,,
,,
,,
,,
,,
,,
,,
,,
,,
,,
,,
,,
,,
,,
,,
,,
,,
,,
,,
,,
,,
,,
,,
,,
,,
,,
,,
,,
,,
,,
,,
,,
,,
,,
,,
,,
,,
,,
,,
,,
,,
,,
,,
,,
,,
,,
,,
,,
,,
,,
,,
,,
,,
,,
,,
,,
,,
,,
,,
,,
,,
,,
,,
,,
,,
,,
,,
,,
,,
,,
,,
,,
,,
,,
,,
,,
,,
,,
,,
,,
,,
,,
,,
,,
,,
,,
,,
,,
,,
,,
,,
,,
,,
,,
,,
,,
,,
,,
,,
,,
,,
,,
,,
,,
,,
,,
,,
,,
,,
,,
,,
,,
,,
,,
,,
,,
,,
,,
,,
,,
,,
,,
,,
,,
,,
,,
,,
,,
,,
,,
,,
,,
,,
,,
,,
,,
,,
,,
,,
,,
,,
,,
,,
,,
,,
,,
,,
,,
,,
,,
,,
,,
,,
,,
,,
,,
,,
,,
,,
,,
,,
,,
,,
,,
,,
,,
,,
,,
,,
,,
,,
,,
,,
,,
,,
,,
,,
,,
,,
,,
,,
,,
,,
,,
,,
,,
,,
,,
,,
,,
,,
,,
,,
,,
,,
,,
,,
,,
,,
,,
,,
,,
,,
,,
,,
,,
,,
,,
,,
,,
,,
,,
,,
,,
,,
,,
,,
,,
,,
,,
,,
,,
,,
,,
,,
,,
,,
,,
,,
,,
,,
,,
,,
,,
,,
,,
,,
,,
,,
,,
,,
,,
,,
,,
,,
,,
,,
,,
,,
,,
,,
,,
,,
,,
,,
,,
,,
,,
,,
,,
,,
,,
,,
,,
,,
,,
,,
,,
,,
,,
,,
,,
,,
,,
,,
,,
,,
,,
,,
,,
,,
,,
,,
,,
,,
,,
,,
,,
,,
,,
,,
,,
,,
,,
,,
,,
,,
,,
,,
,,
,,
,,
,,
,,
,,
,,
,,
,,
,,
,,
,,
,,
,,
,,
,,
,,
,,
,,
,,
,,
,,
,,
,,
,,
,,
,,
,,
,,
,,
,,
,,
,,
,,
,,
,,
,,
,,
,,
,,
,,
,,
,,
,,
,,
,,
,,
,,
,,
,,
,,
,,
,,
,,
,,
,,
,,
,,
,,
,,
,,
,,
,,
,,
,,
,,
,,
,,
,,
,,
,,
,,
,,
,,
,,
,,
,,
,,
,,
,,
,,
,,
,,
,,
,,
,,
,,
,,
,,
,,
,,
,,
,,
,,
,,
,,
,,
,,
,,
,,
,,
,,
,,
,,
,,
,,
,,
,,
,,
,,
,,
,,
,,
,,
,,
,,
,,
,,
,,
,,
,,
,,
,,
,,
,,
,,
,,
,,
,,
,,
,,
,,
,,
,,
,,
,,
,,
,,
,,
,,
,,
,,
,,
,,
,,
,,
,,
,,
,,
,,
,,
,,
,,
,,
,,
,,
,,
,,
,,
,,
,,
,,
,,
,,
,,
,,
,,
,,
,,
,,
,,
,,
,,
,,
,,
,,
,,
,,
,,
,,
,,
,,
,,
,,
,,
,,
,,
,,
,,
,,
,,
,,
,,
,,
,,
,,
,,
,,
,,
,,
,,
,,
,,
,,
,,
,,
,,
,,
,,
,,
,,
,,
,,
,,
,,
,,
,,
,,
,,
,,
,,
,,
,,
,,
,,
,,
,,
,,
,,
,,
,,
,,
,,
,,
,,
,,
,,
,,
,,
,,
,,
,,
,,
,,
,,
,,
,,
,,
,,
,,
,,
,,
,,
,,
,,
,,
,,
,,
,,
,,
,,
,,
,,
,,
,,
,,
,,
,,
,,
,,
,,
,,
,,
,,
,,
,,
,,
,,
,,
,,
,,
,,
,,
,,
,,
,,
,,
,,
,,
,,
,,
,,
,,
,,
,,
,,
,,
,,
,,
,,
,,
,,
,,
,,
,,
,,
,,
,,
,,
,,
,,
,,
,,
,,
,,
,,
,,
,,
,,
,,
,,
,,
,,
,,
,,
,,
,,
,,
,,
,,
,,
,,
,,
,,
,,
,,
,,
,,
,,
,,
,,
,,
,,
,,
,,
,,
,,
,,
,,
,,
,,
,,
,,
,,
,,
,,
,,
,,
,,
,,
,,
,,
,,
,,
,,
,,
,,
,,
,,
,,
,,
,,
,,
,,
,,
,,
,,
,,
,,
,,
,,
,,
,,
,,
,,
,,
,,
,,
,,
,,
,,
,,
,,
,,
,,
,,
,,
,,
,,
,,
,,
� Crown Copyright 2015,,
