Position,Name,Number of babies
1,Jack,565
2,Oliver,448
3,James,416
4,Lewis,371
5,Alexander,349
6,Charlie,342
7,Lucas,316
8,Logan,311
9,Harris,306
10,Daniel,282
11=,Finlay,277
11=,Jacob,277
13,Leo,275
14,Mason,271
15,Noah,265
16,Harry,258
17=,Alfie,249
17=,Max,249
19,Callum,248
20=,Aaron,242
20=,Adam,242
22,Thomas,240
23=,Ethan,233
23=,Rory,233
25,Cameron,221
26,Archie,216
27,Oscar,209
28,Matthew,202
29,Nathan,198
30,Joshua,197
31,Brodie,193
32,William,181
33,Liam,176
34,Ryan,172
35,Jamie,168
36,Harrison,167
37,Joseph,160
38,Dylan,158
39,Samuel,157
40,Riley,156
41,David,155
42,Ollie,150
43,Andrew,145
44=,Connor,144
44=,Luke,144
46,Muhammad,141
47=,Jaxon,136
47=,Kyle,136
49,Benjamin,133
50,Michael,131
51=,Caleb,129
51=,Jackson,129
53,George,127
54,Finn,125
55,Leon,123
56,Fraser,122
57,Murray,121
58,Jake,120
59,John,119
60,Arran,115
61=,Angus,114
61=,Cole,114
63,Robert,112
64,Cooper,110
65=,Isaac,108
65=,Jayden,108
67=,Aiden,107
67=,Kai,107
69,Theo,106
70,Jude,105
71,Ben,103
72,Tyler,98
73,Ruaridh,97
74,Owen,95
75,Blake,94
76,Freddie,93
77,Euan,92
78,Josh,88
79=,Blair,85
79=,Robbie,85
81=,Hamish,84
81=,Kian,84
83,Sam,83
84=,Aidan,81
84=,Jay,81
86,Christopher,80
87,Reuben,78
88=,Cody,76
88=,Luca,76
90,Lachlan,75
91=,Elliot,72
91=,Evan,72
91=,Sonny,72
94=,Calum,70
94=,Henry,70
94=,Rhys,70
97,Carson,69
98,Harvey,68
99,Calvin,66
100=,Callan,65
100=,Ross,65
100=,Zac,65
103=,Kayden,62
103=,Lyle,62
103=,Scott,62
106=,Corey,61
106=,Hunter,61
106=,Olly,61
106=,Zachary,61
110,Alex,60
111=,Anthony,59
111=,Innes,59
111=,Lochlan,59
111=,Marcus,59
115=,Jax,57
115=,Sebastian,57
117=,Gabriel,56
117=,Jordan,56
117=,Sean,56
120=,Austin,55
120=,Mohammed,55
122,Patrick,54
123=,Brody,51
123=,Carter,51
123=,Harley,51
126,Parker,50
127,Charles,48
128=,Kaiden,47
128=,Shay,47
130,Elliott,46
131=,Fergus,45
131=,Louis,45
131=,Mohammad,45
131=,Roman,45
131=,Zack,45
136=,Joey,44
136=,Kieran,44
138=,Jason,43
138=,Jaxson,43
138=,Zach,43
141=,Alan,42
141=,Dominic,42
143=,Conor,41
143=,Declan,41
143=,Mark,41
146=,Ewan,40
146=,Nicholas,40
146=,Reece,40
149=,Bradley,39
149=,Edward,39
151=,Arthur,38
151=,Ellis,38
151=,Steven,38
154=,Ashton,37
154=,Danny,37
154=,Eli,37
154=,Flynn,37
154=,Hugo,37
154=,Kaleb,37
154=,Zak,37
161=,Kacper,36
161=,Keir,36
161=,Layton,36
161=,Struan,36
161=,Theodore,36
161=,Tom,36
167=,Bailey,35
167=,Craig,35
167=,Elijah,35
167=,Frankie,35
167=,Ruairidh,35
172=,Gregor,34
172=,Hayden,34
172=,Joel,34
172=,Stephen,34
176=,Finley,33
176=,Louie,33
176=,Robin,33
179=,Filip,32
179=,Myles,32
179=,Rocco,32
182=,Caelan,31
182=,Cian,31
182=,Findlay,31
182=,Magnus,31
186=,Ciaran,30
186=,Junior,30
186=,Oskar,30
186=,Peter,30
190=,Alistair,29
190=,Jakub,29
190=,Jenson,29
190=,Mitchell,29
194=,Antoni,28
194=,Arlo,28
194=,Paul,28
194=,Xander,28
198=,Alasdair,27
198=,Leighton,27
200=,Brandon,26
200=,Dexter,26
200=,Duncan,26
200=,Ruben,26
200=,Tommy,26
200=,Zander,26
206=,Grayson,25
206=,Kevin,25
206=,Levi,25
206=,Maxwell,25
206=,Travis,25
211=,Eric,24
211=,Toby,24
213=,Ali,23
213=,Jonathan,23
213=,Lukas,23
213=,Rowan,23
213=,Seth,23
213=,Spencer,23
213=,Taylor,23
220=,Felix,22
220=,Quinn,22
220=,Ronan,22
220=,Shaun,22
224=,Albert,21
224=,Billy,21
224=,Cillian,21
224=,Dean,21
224=,Jonah,21
224=,Nathaniel,21
224=,Stuart,21
231=,Adrian,20
231=,Bryce,20
231=,Frederick,20
231=,Ibrahim,20
231=,Joe,20
231=,Marc,20
231=,Rogan,20
231=,Teddy,20
239=,Jace,19
239=,Jan,19
239=,Jasper,19
239=,Kerr,19
239=,Lee,19
239=,Marcel,19
239=,Martin,19
239=,Niall,19
239=,Stanley,19
248=,Abdullah,18
248=,Aleksander,18
248=,Caiden,18
248=,Cayden,18
248=,Colton,18
248=,Lennon,18
248=,Stewart,18
255=,Casey,17
255=,Christian,17
255=,Hudson,17
255=,Lauchlan,17
255=,Lawson,17
255=,Maximilian,17
255=,Nico,17
255=,Saul,17
255=,Szymon,17
264=,Arron,16
264=,Aston,16
264=,Brian,16
264=,Campbell,16
264=,Ezra,16
264=,Julian,16
264=,Marco,16
264=,Muhammed,16
264=,Zain,16
273=,Ajay,15
273=,Alfred,15
273=,Bobby,15
273=,Cohen,15
273=,Colin,15
273=,Donald,15
273=,Douglas,15
273=,Kenzie,15
273=,Miller,15
273=,Oran,15
273=,Rio,15
273=,Rudi,15
273=,Shane,15
273=,Wiktor,15
287=,Alastair,14
287=,Bruce,14
287=,Clark,14
287=,Ian,14
287=,Kody,14
287=,Lennox,14
287=,Leyton,14
287=,Olivier,14
295=,Conner,13
295=,Damian,13
295=,Fionn,13
295=,Francis,13
295=,Justin,13
295=,Lincoln,13
295=,Luka,13
295=,Noel,13
295=,Rayyan,13
295=,Richard,13
295=,Rohan,13
295=,Ronnie,13
295=,Tobias,13
308=,Bruno,12
308=,Callen,12
308=,Darren,12
308=,Franciszek,12
308=,Iain,12
308=,Jakob,12
308=,Mac,12
308=,Murdo,12
308=,Nicolas,12
308=,Philip,12
308=,Sandy,12
308=,Tristan,12
320=,Abel,11
320=,Ayden,11
320=,Cailean,11
320=,Darragh,11
320=,Fletcher,11
320=,Gary,11
320=,Glen,11
320=,Kalvin,11
320=,Kayson,11
320=,Maksymilian,11
320=,Malcolm,11
320=,Mathew,11
320=,Matteo,11
320=,Milo,11
320=,Natan,11
320=,Rayan,11
320=,Zayn,11
337=,Brendan,10
337=,Caden,10
337=,Damien,10
337=,Dawid,10
337=,Dominik,10
337=,Drew,10
337=,Fabian,10
337=,Hector,10
337=,Ivan,10
337=,Jai,10
337=,Jaiden,10
337=,Kenneth,10
337=,Leonard,10
337=,Nolan,10
337=,Patryk,10
337=,Reggie,10
337=,Reilly,10
337=,Ruaraidh,10
337=,Rudy,10
337=,Victor,10
337=,Yahya,10
337=,Zakariya,10
359=,Albie,9
359=,Archer,9
359=,Archibald,9
359=,Ayaan,9
359=,Chase,9
359=,Clayton,9
359=,Colby,9
359=,Dale,9
359=,Eesa,9
359=,Frazer,9
359=,Gordon,9
359=,Hugh,9
359=,Jayce,9
359=,Kade,9
359=,Kane,9
359=,Karson,9
359=,Leonardo,9
359=,Mack,9
359=,Maison,9
359=,Marley,9
359=,Marshall,9
359=,Maximus,9
359=,Micah,9
359=,Milan,9
359=,Nikodem,9
359=,Preston,9
359=,Ryley,9
359=,Syed,9
359=,Tymon,9
359=,Vincent,9
389=,Aahil,8
389=,Arjun,8
389=,Asher,8
389=,Beau,8
389=,Brayden,8
389=,Cormac,8
389=,Dawson,8
389=,Deacon,8
389=,Eoin,8
389=,Gavin,8
389=,Glenn,8
389=,Graham,8
389=,Guy,8
389=,Hamza,8
389=,Jared,8
389=,Jensen,8
389=,Jeremy,8
389=,Karter,8
389=,Keegan,8
389=,Keiran,8
389=,Kole,8
389=,Lawrie,8
389=,Luis,8
389=,Lyall,8
389=,Markus,8
389=,Mateusz,8
389=,Mikolaj,8
389=,Miles,8
389=,Mylo,8
389=,Phoenix,8
389=,Reagan,8
389=,Rex,8
389=,Roan,8
389=,Roddy,8
389=,Ruairi,8
389=,Seamus,8
389=,Yusuf,8
426=,Anton,7
426=,Barclay,7
426=,Benedict,7
426=,Bryan,7
426=,Coen,7
426=,Conall,7
426=,Conan,7
426=,Cory,7
426=,Cruz,7
426=,Cullen,7
426=,Daryl,7
426=,Dillon,7
426=,Elias,7
426=,Frank,7
426=,Haris,7
426=,Hassan,7
426=,Jak,7
426=,Kallum,7
426=,Killian,7
426=,Klay,7
426=,Kobe,7
426=,Korey,7
426=,Lochlann,7
426=,Lucca,7
426=,Millar,7
426=,Munro,7
426=,Nataniel,7
426=,Odin,7
426=,Oisin,7
426=,Ossian,7
426=,Otto,7
426=,Ralph,7
426=,Ramsay,7
426=,Rian,7
426=,Ruari,7
426=,Rueben,7
426=,Santiago,7
426=,Shae,7
426=,Solomon,7
426=,Stanislaw,7
426=,Stefan,7
426=,Tomas,7
426=,Torin,7
426=,Xavier,7
470=,Aarav,6
470=,Abdul,6
470=,Ahmad,6
470=,Ahmed,6
470=,Alec,6
470=,Alessio,6
470=,Axel,6
470=,Blaine,6
470=,Boyd,6
470=,Braxton,6
470=,Buddy,6
470=,Cai,6
470=,Cairn,6
470=,Calan,6
470=,Damon,6
470=,Devyn,6
470=,Eden,6
470=,Enzo,6
470=,Graeme,6
470=,Idris,6
470=,Igor,6
470=,Innis,6
470=,Ismail,6
470=,Jase,6
470=,Jaxxon,6
470=,Jerry,6
470=,Jesse,6
470=,Johnny,6
470=,Kajus,6
470=,Kal,6
470=,Kellan,6
470=,Kobi,6
470=,Kodi,6
470=,Kodie,6
470=,Lawrence,6
470=,Leyland,6
470=,Lleyton,6
470=,Loki,6
470=,Morgan,6
470=,Musa,6
470=,Mustafa,6
470=,Nairn,6
470=,Nate,6
470=,Oliwier,6
470=,Omar,6
470=,Orrin,6
470=,Ray,6
470=,Reid,6
470=,Remy,6
470=,Romeo,6
470=,Rufus,6
470=,Russell,6
470=,Seumas,6
470=,Teo,6
470=,Tony,6
470=,Troy,6
470=,Vinnie,6
470=,Walker,6
470=,Wilson,6
529=,Abraham,5
529=,Alexandru,5
529=,Allan,5
529=,Amir,5
529=,Antonio,5
529=,Aryan,5
529=,Aydin,5
529=,Bartosz,5
529=,Baxter,5
529=,Bentley,5
529=,Blane,5
529=,Braydon,5
529=,Broden,5
529=,Cal,5
529=,Casper,5
529=,Clyde,5
529=,Coby,5
529=,Corran,5
529=,Dax,5
529=,Denis,5
529=,Devon,5
529=,Eddie,5
529=,Emil,5
529=,Emmanuel,5
529=,Eoghan,5
529=,Forbes,5
529=,Freddy,5
529=,Greg,5
529=,Gregory,5
529=,Hasan,5
529=,Haydn,5
529=,Jaden,5
529=,Kaden,5
529=,Kelvin,5
529=,Kirk,5
529=,Kuba,5
529=,Laurence,5
529=,Lloyd,5
529=,Lochlin,5
529=,Macaulay,5
529=,Mckenzie,5
529=,Michal,5
529=,Nikolaos,5
529=,Nikolas,5
529=,Oakley,5
529=,Olaf,5
529=,Otis,5
529=,Piotr,5
529=,Rico,5
529=,Rupert,5
529=,Soren,5
529=,Sorley,5
529=,Sullivan,5
529=,Thorin,5
529=,Tomasz,5
529=,Viktor,5
529=,Warren,5
529=,Will,5
529=,Wyatt,5
588=,Aadam,4
588=,Antony,4
588=,Arham,4
588=,Ari,4
588=,Arin,4
588=,Arnav,4
588=,Aron,4
588=,Atticus,4
588=,Ayrton,4
588=,Borys,4
588=,Brady,4
588=,Brax,4
588=,Byron,4
588=,Caelen,4
588=,Cain,4
588=,Cammy,4
588=,Caolan,4
588=,Carlo,4
588=,Chris,4
588=,Clay,4
588=,Codie,4
588=,Conlan,4
588=,Connall,4
588=,Crawford,4
588=,Curtis,4
588=,Dario,4
588=,Derek,4
588=,Diego,4
588=,Dorian,4
588=,Dougal,4
588=,Eamon,4
588=,Eben,4
588=,Edwin,4
588=,Erik,4
588=,Faris,4
588=,Finnlay,4
588=,Floyd,4
588=,Garry,4
588=,Geordie,4
588=,Greyson,4
588=,Griffin,4
588=,Haiden,4
588=,Hussain,4
588=,Ignacy,4
588=,Ismaeel,4
588=,Jamal,4
588=,Jaxx,4
588=,Jayson,4
588=,Kaelan,4
588=,Kamran,4
588=,Karim,4
588=,Keaton,4
588=,Kit,4
588=,Koby,4
588=,Koen,4
588=,Kruz,4
588=,Krystian,4
588=,Kylan,4
588=,Kyran,4
588=,Lars,4
588=,Leland,4
588=,Lex,4
588=,Lorenzo,4
588=,Malachy,4
588=,Matas,4
588=,Matias,4
588=,Maxim,4
588=,Maxx,4
588=,Miguel,4
588=,Mohamed,4
588=,Moray,4
588=,Muir,4
588=,Murphy,4
588=,Odhran,4
588=,Owain,4
588=,Paolo,4
588=,Rafael,4
588=,Rana,4
588=,Raphael,4
588=,Regan,4
588=,Rehan,4
588=,Reiss,4
588=,Rhyley,4
588=,Ricco,4
588=,Roderick,4
588=,Ronald,4
588=,Roy,4
588=,Ruaidri,4
588=,Sami,4
588=,Seonaidh,4
588=,Ted,4
588=,Timothy,4
588=,Torran,4
588=,Trey,4
588=,Woody,4
588=,Yaseen,4
588=,Yousef,4
588=,Ziggy,4
686=,Aaran,3
686=,Aarron,3
686=,Ace,3
686=,Aedan,3
686=,Ameer,3
686=,Ammar,3
686=,Amos,3
686=,Anders,3
686=,Anderson,3
686=,Andy,3
686=,Aodhan,3
686=,Aonghus,3
686=,Aris,3
686=,Arlen,3
686=,Ayan,3
686=,Azaan,3
686=,Barney,3
686=,Barry,3
686=,Benny,3
686=,Benson,3
686=,Bertie,3
686=,Bilal,3
686=,Bo,3
686=,Bodhi,3
686=,Bowen,3
686=,Brae,3
686=,Brooklyn,3
686=,Bryn,3
686=,Cael,3
686=,Cailan,3
686=,Cailin,3
686=,Caillen,3
686=,Camden,3
686=,Carrick,3
686=,Cayson,3
686=,Cezary,3
686=,Coban,3
686=,Cobey,3
686=,Codi,3
686=,Colt,3
686=,Conal,3
686=,Corrie,3
686=,Dalton,3
686=,Dante,3
686=,Darach,3
686=,Darryl,3
686=,Davis,3
686=,Derren,3
686=,Derry,3
686=,Dillan,3
686=,Donal,3
686=,Donnie,3
686=,Easton,3
686=,Ebenezer,3
686=,Emir,3
686=,Ernest,3
686=,Ezekiel,3
686=,Fearghas,3
686=,Finnley,3
686=,Ford,3
686=,Fox,3
686=,Fynn,3
686=,Gene,3
686=,Gino,3
686=,Haaris,3
686=,Hadi,3
686=,Hadley,3
686=,Ibraheem,3
686=,Isa,3
686=,Jac,3
686=,Jaxen,3
686=,Jed,3
686=,Jethro,3
686=,Jimmy,3
686=,John-James,3
686=,John-Junior,3
686=,Jonas,3
686=,Jordon,3
686=,Josiah,3
686=,Kaeson,3
686=,Kairo,3
686=,Kalen,3
686=,Kamil,3
686=,Karol,3
686=,Kason,3
686=,Kaydin,3
686=,Kaylan,3
686=,Kegan,3
686=,Kenechukwu,3
686=,Khai,3
686=,Khalid,3
686=,Kier,3
686=,Konrad,3
686=,Kooper,3
686=,Kori,3
686=,Kris,3
686=,Krish,3
686=,Kristian,3
686=,Kurt,3
686=,Kyan,3
686=,Kye,3
686=,Kyler,3
686=,Lachlann,3
686=,Laurie,3
686=,Lenny,3
686=,Lockie,3
686=,Lomond,3
686=,Maciej,3
686=,Mackenzie,3
686=,Malik,3
686=,Marek,3
686=,Marlon,3
686=,Mateo,3
686=,Maximillian,3
686=,Mikey,3
686=,Monroe,3
686=,Neil,3
686=,Nile,3
686=,Omer,3
686=,Oren,3
686=,Orin,3
686=,Pedro,3
686=,Peyton,3
686=,Praise,3
686=,Presley,3
686=,Qasim,3
686=,Rae,3
686=,Rafe,3
686=,Rafferty,3
686=,Raul,3
686=,Rayaan,3
686=,Raymond,3
686=,Reo,3
686=,Rhuairidh,3
686=,Rhudi,3
686=,Rhuri,3
686=,Riaan,3
686=,Richie,3
686=,Ricky,3
686=,Rishi,3
686=,Robbi,3
686=,Rodrigo,3
686=,Royce,3
686=,Ruan,3
686=,Ruary,3
686=,Ryder,3
686=,Rylan,3
686=,Rylee,3
686=,Sai,3
686=,Sameer,3
686=,Samson,3
686=,Santino,3
686=,Sebastien,3
686=,Seoras,3
686=,Sergio,3
686=,Simon,3
686=,Sol,3
686=,Sonnie,3
686=,Stan,3
686=,Stevie,3
686=,Taha,3
686=,Teodor,3
686=,Thiago,3
686=,Thom,3
686=,Thorfinn,3
686=,Tobiasz,3
686=,Tymoteusz,3
686=,Umar,3
686=,Vihaan,3
686=,Vlad,3
686=,Walter,3
686=,Yahia,3
686=,Yi,3
686=,Zayan,3
686=,Zayne,3
686=,Zeke,3
686=,Zidan,3
863=,A-Jay,2
863=,Aadil,2
863=,Aaron-James,2
863=,Aarush,2
863=,Aaryn,2
863=,Abdou,2
863=,Abdulaziz,2
863=,Abdurrahman,2
863=,Abu,2
863=,Abubakar,2
863=,Adon,2
863=,Adriano,2
863=,Ailbe,2
863=,Aj,2
863=,Ajax,2
863=,Alberto,2
863=,Alejandro,2
863=,Alekss,2
863=,Alessandro,2
863=,Alfie-James,2
863=,Ally,2
863=,Angelo,2
863=,Antonin,2
863=,Aonghas,2
863=,Ardil,2
863=,Argyle,2
863=,Armaan,2
863=,Arman,2
863=,Arne,2
863=,Artan,2
863=,Arturo,2
863=,Aryn,2
863=,Ash,2
863=,Ashraf,2
863=,Aslan,2
863=,Atholl,2
863=,August,2
863=,Aulay,2
863=,Austen,2
863=,Axl,2
863=,Aydan,2
863=,Aylan,2
863=,Ayomikun,2
863=,Bailee,2
863=,Barnaby,2
863=,Baylen,2
863=,Beck,2
863=,Benas,2
863=,Bernard,2
863=,Blayne,2
863=,Blaze,2
863=,Bodie,2
863=,Boris,2
863=,Bradan,2
863=,Braedan,2
863=,Braeden,2
863=,Broc,2
863=,Brogan,2
863=,Cadan,2
863=,Cade,2
863=,Cailen,2
863=,Carlos,2
863=,Caspar,2
863=,Cavan,2
863=,Cayleb,2
863=,Charley,2
863=,Che,2
863=,Cherno,2
863=,Chester,2
863=,Chukwuebuka,2
863=,Cj,2
863=,Clarke,2
863=,Clement,2
863=,Cobin,2
863=,Cobyn,2
863=,Cohan,2
863=,Coire,2
863=,Colum,2
863=,Conlin,2
863=,Conlyn,2
863=,Connell,2
863=,Conrad,2
863=,Corbin,2
863=,Corin,2
863=,Cosmo,2
863=,Couper,2
863=,Cruiz,2
863=,Daanish,2
863=,Daksh,2
863=,Dan,2
863=,Dani,2
863=,Daniels,2
863=,Danyal,2
863=,Dara,2
863=,Darius,2
863=,Darrell,2
863=,Dawud,2
863=,Deen,2
863=,Demid,2
863=,Dennis,2
863=,Denny,2
863=,Devesh,2
863=,Devin,2
863=,Devlin,2
863=,Devlyn,2
863=,Dhruv,2
863=,Diarmuid,2
863=,Dimitar,2
863=,Dimitri,2
863=,Diyar,2
863=,Domas,2
863=,Don,2
863=,Donny,2
863=,Eamonn,2
863=,Edan,2
863=,Eddy,2
863=,Edgar,2
863=,Edwyn,2
863=,Ehsan,2
863=,Eisa,2
863=,Eliot,2
863=,Emile,2
863=,Emilio,2
863=,Emre,2
863=,Eryk,2
863=,Esa,2
863=,Essa,2
863=,Fahad,2
863=,Faizan,2
863=,Farrell,2
863=,Fateh,2
863=,Fazal,2
863=,Federico,2
863=,Ferris,2
863=,Francisco,2
863=,Franco,2
863=,Franklin,2
863=,Freddi,2
863=,Gael,2
863=,Gerard,2
863=,Gilbert,2
863=,Giovanni,2
863=,Grant,2
863=,Greig,2
863=,Guilherme,2
863=,Gus,2
863=,Haider,2
863=,Harley-James,2
863=,Harri,2
863=,Harun,2
863=,Heath,2
863=,Hendrix,2
863=,Herbie,2
863=,Hew,2
863=,Ilyas,2
863=,Ionatan,2
863=,Irvin,2
863=,Irvine,2
863=,Isaiah,2
863=,Ismael,2
863=,Issac,2
863=,Ivar,2
863=,Ivor,2
863=,Jack-James,2
863=,Jacques,2
863=,Jarvis,2
863=,Jaxton,2
863=,Jaycob,2
863=,Jaydn,2
863=,Jayk,2
863=,Jeremi,2
863=,Jeremiah,2
863=,Jett,2
863=,Jimi,2
863=,Jock,2
863=,John-Joseph,2
863=,John-Paul,2
863=,Johnson,2
863=,Jokubas,2
863=,Jon,2
863=,Jonjo,2
863=,Jonny,2
863=,Judah,2
863=,Jun,2
863=,Junxi,2
863=,Jura,2
863=,Kabir,2
863=,Kaidan,2
863=,Kain,2
863=,Kaiser,2
863=,Kalem,2
863=,Kallan,2
863=,Kalum,2
863=,Kalven,2
863=,Kameron,2
863=,Karl,2
863=,Kasen,2
863=,Kayde,2
863=,Kayleb,2
863=,Kaysen,2
863=,Keelan,2
863=,Keigan,2
863=,Keith,2
863=,Kenny,2
863=,Khalifa,2
863=,Khalil,2
863=,Khodi,2
863=,Kiaan,2
863=,Kiefer,2
863=,Kieron,2
863=,Kinnon,2
863=,Kiran,2
863=,Kiyan,2
863=,Knox,2
863=,Koa,2
863=,Kohen,2
863=,Konstantinos,2
863=,Korbyn,2
863=,Kornel,2
863=,Kristopher,2
863=,Ksawery,2
863=,Ksawier,2
863=,Kurtis,2
863=,Lawi,2
863=,Leif,2
863=,Leiland,2
863=,Lewie,2
863=,Linden,2
863=,Logan-Jay,2
863=,Loui,2
863=,Luc,2
863=,Lucian,2
863=,Lucio,2
863=,Lukasz,2
863=,Maddox,2
863=,Mahad,2
863=,Majus,2
863=,Maksim,2
863=,Malachi,2
863=,Malakai,2
863=,Manas,2
863=,Manus,2
863=,Marcas,2
863=,Marty,2
863=,Marvin,2
863=,Matei,2
863=,Matthieu,2
863=,Mayson,2
863=,Memphis,2
863=,Mieszko,2
863=,Mikhail,2
863=,Milosz,2
863=,Minh,2
863=,Mirac,2
863=,Morris,2
863=,Moses,2
863=,Mujtaba,2
863=,Nam,2
863=,Nathanael,2
863=,Neilan,2
863=,Neo,2
863=,Nicky,2
863=,Nikita,2
863=,Niko,2
863=,Nuh,2
863=,Obi,2
863=,Olamide,2
863=,Oli,2
863=,Oliver-James,2
863=,Olivers,2
863=,Ollie-James,2
863=,Oluwatishe,2
863=,Osaze,2
863=,Othniel,2
863=,Ozzy,2
863=,Pablo,2
863=,Padraig,2
863=,Pavel,2
863=,Pearse,2
863=,Pierce,2
863=,Piers,2
863=,Raith,2
863=,Ralphie,2
863=,Rauridh,2
863=,Rayhan,2
863=,Reegan,2
863=,Rees,2
863=,Reeve,2
863=,Reign,2
863=,Reiley,2
863=,Reyansh,2
863=,Rhiley,2
863=,Rhu,2
863=,Richy,2
863=,Ridley,2
863=,Rivaan,2
863=,Riyansh,2
863=,Rohaan,2
863=,Rome,2
863=,Ronin,2
863=,Rossi,2
863=,Ruadhan,2
863=,Ruis,2
863=,Ryden,2
863=,Saad,2
863=,Saif,2
863=,Salahuddin,2
863=,Saurav,2
863=,Serge,2
863=,Shayaan,2
863=,Shaye,2
863=,Shayne,2
863=,Shea,2
863=,Shiven,2
863=,Sidney,2
863=,Siem,2
863=,Silas,2
863=,Stanislav,2
863=,Stone,2
863=,Sulaiman,2
863=,Sulayman,2
863=,Syd,2
863=,Tait,2
863=,Tate,2
863=,Taylan,2
863=,Tee-Jay,2
863=,Teejay,2
863=,Theodor,2
863=,Theon,2
863=,Thomas-John,2
863=,Tiago,2
863=,Tim,2
863=,Tommie,2
863=,Toprak,2
863=,Torrin,2
863=,Ty,2
863=,Tyrone,2
863=,Valentino,2
863=,Veer,2
863=,Viaan,2
863=,Vidur,2
863=,Viggo,2
863=,Vincenzo,2
863=,Viraj,2
863=,Vivaan,2
863=,Wallace,2
863=,Wan,2
863=,Waseem,2
863=,Wilbur,2
863=,Willis,2
863=,Yaqub,2
863=,Yousif,2
863=,Youssef,2
863=,Yunis,2
863=,Yuvraj,2
863=,Zackary,2
863=,Zaidan,2
863=,Zakari,2
863=,Zaki,2
863=,Zakir,2
863=,Zane,2
863=,Zaroon,2
863=,Zavier,2
863=,Zayd,2
863=,Zayden,2
863=,Zayed,2
863=,Zeeshan,2
863=,Zephyr,2
863=,Zia,2
863=,Zidane,2
863=,Zuhair,2
1234=,Aadhish,1
1234=,Aadi,1
1234=,Aadishiv,1
1234=,Aaditiya,1
1234=,Aadm,1
1234=,Aadvik,1
1234=,Aaiden,1
1234=,Aalyan,1
1234=,Aamar,1
1234=,Aamir,1
1234=,Aaraiz,1
1234=,Aaravjit,1
1234=,Aarian,1
1234=,Aaronlee,1
1234=,Aarran,1
1234=,Aaryan,1
1234=,Aarzish,1
1234=,Aayam,1
1234=,Aayan,1
1234=,Aayden,1
1234=,Abdalla,1
1234=,Abdallah,1
1234=,Abdel-Rahman,1
1234=,Abdualmalik,1
1234=,Abdul'malik,1
1234=,Abdul-Hakeem,1
1234=,Abdul-Kareem,1
1234=,Abdul-Raheem,1
1234=,Abdul-Raqib,1
1234=,Abdulelah,1
1234=,Abdulhadi,1
1234=,Abdulhamid,1
1234=,Abdulrahman,1
1234=,Abdulwahab,1
1234=,Abdussalam,1
1234=,Abhay,1
1234=,Abheer,1
1234=,Abu-Bakr,1
1234=,Abubakr,1
1234=,Abyan,1
1234=,Achintya,1
1234=,Ackie,1
1234=,Adair,1
1234=,Adan,1
1234=,Adar,1
1234=,Addi,1
1234=,Addie,1
1234=,Adeel,1
1234=,Adel,1
1234=,Adem,1
1234=,Aden,1
1234=,Adeolu,1
1234=,Adgar,1
1234=,Adie,1
1234=,Adio,1
1234=,Adith,1
1234=,Aditya,1
1234=,Adnaan,1
1234=,Adnan,1
1234=,Adomas,1
1234=,Adrees,1
1234=,Advik,1
1234=,Adyan,1
1234=,Aeddan,1
1234=,Aengus,1
1234=,Aeris,1
1234=,Aeron,1
1234=,Affaan,1
1234=,Affan,1
1234=,Afnan,1
1234=,Afton,1
1234=,Agam,1
1234=,Agha,1
1234=,Ahaan,1
1234=,Ahan,1
1234=,Ahsan,1
1234=,Ahyan,1
1234=,Ahzab,1
1234=,Aibne,1
1234=,Aidan-Joseph,1
1234=,Aiden-Lee,1
1234=,Aidenas,1
1234=,Aidey,1
1234=,Aidy,1
1234=,Aidyn,1
1234=,Aigan,1
1234=,Airam,1
1234=,Aitor,1
1234=,Aiumu,1
1234=,Aiyden,1
1234=,Ajani,1
1234=,Ajeet,1
1234=,Akalpreet,1
1234=,Akay,1
1234=,Akikaze,1
1234=,Akira,1
1234=,Aksel,1
1234=,Al-Mutasem,1
1234=,Alaa,1
1234=,Alaattin,1
1234=,Aland,1
1234=,Alba,1
1234=,Alban,1
1234=,Albany,1
1234=,Albi,1
1234=,Alby,1
1234=,Alden,1
1234=,Alduin,1
1234=,Aldyn,1
1234=,Aleczander,1
1234=,Aleem,1
1234=,Alek,1
1234=,Aleksejs,1
1234=,Alesha,1
1234=,Alex-Lee,1
1234=,Alexandre,1
1234=,Alexandru-Daniel,1
1234=,Alexzander,1
1234=,Alfie-Jack,1
1234=,Alfie-Lee,1
1234=,Alikhan,1
1234=,Alisdair,1
1234=,Alister,1
1234=,Alkim,1
1234=,Allister,1
1234=,Almir,1
1234=,Alon,1
1234=,Aloni,1
1234=,Alonso,1
1234=,Alpay,1
1234=,Alsiddiqa,1
1234=,Alvi,1
1234=,Alvie,1
1234=,Alvin,1
1234=,Amadeusz,1
1234=,Amani,1
1234=,Amaury,1
1234=,Amay,1
1234=,Amed,1
1234=,Ameen,1
1234=,Amine,1
1234=,Aminu,1
1234=,Anant,1
1234=,Anas,1
1234=,Anatolie,1
1234=,Andel,1
1234=,Ander,1
1234=,Andre,1
1234=,Andrea,1
1234=,Andrei,1
1234=,Andrej,1
1234=,Andres,1
1234=,Andrew-James,1
1234=,Andria,1
1234=,Andrzej,1
1234=,Anees,1
1234=,Anek,1
1234=,Angel,1
1234=,Angus-Jamez,1
1234=,Anhad,1
1234=,Anik,1
1234=,Anish,1
1234=,Anmar,1
1234=,Anmay,1
1234=,Anmol,1
1234=,Antek,1
1234=,Anthony-Junior,1
1234=,Antoine,1
1234=,Aodee,1
1234=,Aous,1
1234=,Apenai,1
1234=,Apollo,1
1234=,Aqib,1
1234=,Aqil,1
1234=,Aran,1
1234=,Arann,1
1234=,Aras,1
1234=,Arash,1
1234=,Archer-James,1
1234=,Arda,1
1234=,Ardan,1
1234=,Ardle,1
1234=,Ares,1
1234=,Arfan,1
1234=,Arhum,1
1234=,Arian,1
1234=,Ariel,1
1234=,Arijen,1
1234=,Ariston,1
1234=,Ariyan,1
1234=,Arjan,1
1234=,Arjen,1
1234=,Arjuna,1
1234=,Arkadiusz,1
1234=,Arly,1
1234=,Armandas,1
1234=,Armel,1
1234=,Arnas,1
1234=,Arnau,1
1234=,Arnie,1
1234=,Arnold,1
1234=,Aronas,1
1234=,Arpan,1
1234=,Arqam,1
1234=,Arrin,1
1234=,Arroe,1
1234=,Arrthor,1
1234=,Arsens,1
1234=,Arshan,1
1234=,Artai,1
1234=,Artemij,1
1234=,Artin,1
1234=,Artiom,1
1234=,Artur,1
1234=,Arun,1
1234=,Arvin,1
1234=,Arya,1
1234=,Asa,1
1234=,Asad,1
1234=,Asawer,1
1234=,Aseda,1
1234=,Aseel,1
1234=,Ashim,1
1234=,Ashmath,1
1234=,Ashutosh,1
1234=,Asiran,1
1234=,Asong,1
1234=,Aspyn,1
1234=,Astaryanza,1
1234=,Aston-John,1
1234=,Astyn,1
1234=,Athesh,1
1234=,Atreyu,1
1234=,Auben,1
1234=,Audun,1
1234=,Auke,1
1234=,Auley,1
1234=,Austine,1
1234=,Austyn,1
1234=,Averey,1
1234=,Avi,1
1234=,Avik,1
1234=,Avin,1
1234=,Avorie,1
1234=,Avram,1
1234=,Awais,1
1234=,Awaiz,1
1234=,Axyl,1
1234=,Ayaz,1
1234=,Ayhm,1
1234=,Ayman,1
1234=,Ayomide,1
1234=,Ayoub,1
1234=,Aysa-Harrison,1
1234=,Ayyub,1
1234=,Azan,1
1234=,Azeldien,1
1234=,Azlaan,1
1234=,Azlan,1
1234=,Azuolas,1
1234=,Babafolasekemi,1
1234=,Bailey-James,1
1234=,Bailey-Kye,1
1234=,Baillie,1
1234=,Balazs,1
1234=,Baraa,1
1234=,Barakat,1
1234=,Baran,1
1234=,Barkley,1
1234=,Bartek,1
1234=,Bartlomiej,1
1234=,Battal,1
1234=,Bawer,1
1234=,Bayad,1
1234=,Bayley,1
1234=,Beauden,1
1234=,Bebak,1
1234=,Bellamy,1
1234=,Benaiah,1
1234=,Benaiah-Prince,1
1234=,Bence,1
1234=,Bene,1
1234=,Benedek,1
1234=,Beni,1
1234=,Benny-Lee,1
1234=,Bentley-Jay,1
1234=,Bernardo,1
1234=,Bhodi,1
1234=,Bigvai,1
1234=,Bjarke,1
1234=,Blain,1
1234=,Blaise,1
1234=,Blaize,1
1234=,Blesson,1
1234=,Blyth,1
1234=,Bobbie,1
1234=,Bogdan,1
1234=,Bonus,1
1234=,Bosco,1
1234=,Boubacar,1
1234=,Bowie,1
1234=,Boyan,1
1234=,Bracken,1
1234=,Brad,1
1234=,Braden,1
1234=,Braedon,1
1234=,Braedyn,1
1234=,Braelin,1
1234=,Braian,1
1234=,Braiden,1
1234=,Bran,1
1234=,Brando,1
1234=,Brandyn,1
1234=,Branoslav,1
1234=,Bray,1
1234=,Braylen,1
1234=,Brendyn,1
1234=,Brennan,1
1234=,Breon,1
1234=,Breydon,1
1234=,Broch,1
1234=,Brodee,1
1234=,Brodii,1
1234=,Brokk,1
1234=,Bronson,1
1234=,Brydon,1
1234=,Brynmor,1
1234=,Brynn,1
1234=,Bucci,1
1234=,Bulent,1
1234=,Bully,1
1234=,Burhanuddin,1
1234=,C'jay,1
1234=,Cabhan,1
1234=,Caeden,1
1234=,Caelan-James,1
1234=,Caelin,1
1234=,Caelub,1
1234=,Cahal,1
1234=,Caidan,1
1234=,Caide,1
1234=,Caiden-James,1
1234=,Caileb,1
1234=,Cairo,1
1234=,Caius,1
1234=,Calder,1
1234=,Caleb-James,1
1234=,Calen,1
1234=,Caley,1
1234=,Calhaen,1
1234=,Calim,1
1234=,Callum-Shaun,1
1234=,Calon,1
1234=,Cambil,1
1234=,Camdyn,1
1234=,Cameron-James,1
1234=,Camilo,1
1234=,Can,1
1234=,Caol,1
1234=,Caorran,1
1234=,Carel,1
1234=,Carl,1
1234=,Carlyle,1
1234=,Carmelo,1
1234=,Carsen,1
1234=,Carson-Alexander,1
1234=,Carson-James,1
1234=,Carson-Ray,1
1234=,Carsyn,1
1234=,Cas,1
1234=,Cash,1
1234=,Caspian,1
1234=,Cassian,1
1234=,Cassius,1
1234=,Cathan,1
1234=,Cavin,1
1234=,Ceaser,1
1234=,Cedric,1
1234=,Ceilean,1
1234=,Cejay,1
1234=,Cezar,1
1234=,Chad,1
1234=,Chad-Xander,1
1234=,Chae,1
1234=,Chans,1
1234=,Charlie-James,1
1234=,Charlie-Jay,1
1234=,Charlieboy,1
1234=,Charly,1
1234=,Charvik,1
1234=,Chay,1
1234=,Chayce,1
1234=,Chebo,1
1234=,Cheng,1
1234=,Chey,1
1234=,Chijiakwu,1
1234=,Chimzaram,1
1234=,Chimzuru,1
1234=,Chisimdi,1
1234=,Christiaan,1
1234=,Christie,1
1234=,Christopher-James,1
1234=,Christopher-John,1
1234=,Christopher-Junior,1
1234=,Christopher-Scott,1
1234=,Christos,1
1234=,Christy,1
1234=,Chrisvin,1
1234=,Chuan-David,1
1234=,Chukwudalu,1
1234=,Chukwuemeka,1
1234=,Chukwumela,1
1234=,Chun,1
1234=,Cianan,1
1234=,Claigh,1
1234=,Claude,1
1234=,Claudiu,1
1234=,Clem,1
1234=,Clemens,1
1234=,Cobain,1
1234=,Cobhan,1
1234=,Cobie,1
1234=,Codey,1
1234=,Codin,1
1234=,Cody-Lewis,1
1234=,Cohenn,1
1234=,Coinneach,1
1234=,Coist,1
1234=,Col,1
1234=,Colbie,1
1234=,Coleby,1
1234=,Coletyn,1
1234=,Colley,1
1234=,Colm,1
1234=,Colten,1
1234=,Colton-Cruz,1
1234=,Coltyn,1
1234=,Conagh,1
1234=,Conaill,1
1234=,Coner,1
1234=,Conlan-Liam,1
1234=,Conlon,1
1234=,Conn,1
1234=,Connal,1
1234=,Connar,1
1234=,Connel,1
1234=,Conner-James,1
1234=,Connhal,1
1234=,Connolly,1
1234=,Connor-James,1
1234=,Constantin,1
1234=,Cooper-John,1
1234=,Corben,1
1234=,Corbyn,1
1234=,Corren,1
1234=,Corryvreckan,1
1234=,Cortlin,1
1234=,Cosimo,1
1234=,Costa,1
1234=,Cowyn,1
1234=,Craig-Junior,1
1234=,Craig-Luka,1
1234=,Cree,1
1234=,Crisdean,1
1234=,Cristopher,1
1234=,Crixus-Joseph,1
1234=,Csoma,1
1234=,Cuillin,1
1234=,Cullan,1
1234=,Culloch,1
1234=,Cupar,1
1234=,Curtis-James,1
1234=,Cyrus,1
1234=,Czeslaw,1
1234=,Daanvir,1
1234=,Daanyaal,1
1234=,Daegyn,1
1234=,Dainton,1
1234=,Dakota-Jones,1
1234=,Dakshdeep,1
1234=,Daley,1
1234=,Damien-Alan,1
1234=,Damien-Lee,1
1234=,Damyn,1
1234=,Dane,1
1234=,Dangelo,1
1234=,Daniel-Edoard,1
1234=,Daniel-James,1
1234=,Daniel-Phoenix,1
1234=,Daniele,1
1234=,Danielius,1
1234=,Daniyal,1
1234=,Danyl,1
1234=,Daragh,1
1234=,Daraich,1
1234=,Daren,1
1234=,Darian,1
1234=,Darin,1
1234=,Dariyan,1
1234=,Darn,1
1234=,Darren-Junior,1
1234=,Darrin,1
1234=,Darroch,1
1234=,Daryl-Junior,1
1234=,Daryn,1
1234=,Dash,1
1234=,Dashiell,1
1234=,Daukarah,1
1234=,David-Christian,1
1234=,David-John,1
1234=,Davide,1
1234=,Davidjunior,1
1234=,Davie,1
1234=,Davud,1
1234=,Dawa,1
1234=,Daxon,1
1234=,Daxx,1
1234=,Dayal,1
1234=,Deagen,1
1234=,Dean-Alexander,1
1234=,Declyan,1
1234=,Declyn,1
1234=,Deep,1
1234=,Deimantas,1
1234=,Dekyn,1
1234=,Delroy,1
1234=,Demitrious,1
1234=,Denbhi,1
1234=,Denholm,1
1234=,Denin,1
1234=,Denzil,1
1234=,Derren-John,1
1234=,Derrick,1
1234=,Desar,1
1234=,Devan,1
1234=,Devansh,1
1234=,Devhan,1
1234=,Devid,1
1234=,Devkaran,1
1234=,Devraj,1
1234=,Devran,1
1234=,Devrim,1
1234=,Dex,1
1234=,Dezmond,1
1234=,Dhairya,1
1234=,Dhanvanth,1
1234=,Dhevansh,1
1234=,Dhia,1
1234=,Dhillon,1
1234=,Dhruva,1
1234=,Dhul-Qarnayn,1
1234=,Diaco,1
1234=,Diain,1
1234=,Digby,1
1234=,Dillen,1
1234=,Dilwar,1
1234=,Dingxuan,1
1234=,Diniz,1
1234=,Dion,1
1234=,Dobromir,1
1234=,Domani,1
1234=,Domingo,1
1234=,Dominick,1
1234=,Dominykas,1
1234=,Donald-James,1
1234=,Donald-John,1
1234=,Donovan,1
1234=,Dougie,1
1234=,Dovidas,1
1234=,Doyle,1
1234=,Draegan,1
1234=,Drake,1
1234=,Drew-James,1
1234=,Drewie,1
1234=,Drey,1
1234=,Dron,1
1234=,Dudley,1
1234=,Duke,1
1234=,Durrie,1
1234=,Durvish,1
1234=,Dustiee,1
1234=,Dustin,1
1234=,Dusty,1
1234=,Eachann,1
1234=,Eairdsidh,1
1234=,Earl,1
1234=,Eason,1
1234=,Ebrahim,1
1234=,Echezona,1
1234=,Eday,1
1234=,Eddard,1
1234=,Eddison,1
1234=,Edison,1
1234=,Edmund,1
1234=,Eduard,1
1234=,Edvards,1
1234=,Ees'haq,1
1234=,Eevan,1
1234=,Efe,1
1234=,Efosa,1
1234=,Egan,1
1234=,Ehan,1
1234=,Eiden,1
1234=,Eildon,1
1234=,Einar,1
1234=,Eithan,1
1234=,Ekamjot,1
1234=,Ekampreet,1
1234=,Ekamvir,1
1234=,Ekpen,1
1234=,Ekvir,1
1234=,Elian,1
1234=,Elie,1
1234=,Elijah-Musa,1
1234=,Elio,1
1234=,Eliott,1
1234=,Elisei,1
1234=,Elisha,1
1234=,Ellery,1
1234=,Ellison,1
1234=,Elnathan,1
1234=,Elyas,1
1234=,Elyes,1
1234=,Elyjiah,1
1234=,Emanuel,1
1234=,Emerson,1
1234=,Emilian,1
1234=,Emilis,1
1234=,Emirhan,1
1234=,Emmett,1
1234=,Emrys,1
1234=,Enda,1
1234=,Enki,1
1234=,Ennio,1
1234=,Enoch,1
1234=,Enrico,1
1234=,Enrique,1
1234=,Eonan,1
1234=,Ephraim,1
1234=,Ephraim-Pedro,1
1234=,Eray,1
1234=,Erdogan,1
1234=,Eren,1
1234=,Erikas,1
1234=,Erland,1
1234=,Erling,1
1234=,Errol,1
1234=,Ervin,1
1234=,Eryck,1
1234=,Eshan,1
1234=,Eshton,1
1234=,Esmond,1
1234=,Espen,1
1234=,Ethen,1
1234=,Ethyn,1
1234=,Etienne,1
1234=,Evan-Douglas,1
1234=,Evangelos,1
1234=,Everett,1
1234=,Evyn,1
1234=,Ewart,1
1234=,Ewen,1
1234=,Eyad,1
1234=,Eymen,1
1234=,Ezana,1
1234=,Fabio,1
1234=,Facundo,1
1234=,Fahim,1
1234=,Faisal,1
1234=,Faizal,1
1234=,Fallou,1
1234=,Faolan,1
1234=,Faraz,1
1234=,Farlan,1
1234=,Farley,1
1234=,Farroh,1
1234=,Favour,1
1234=,Fearghal,1
1234=,Fearghus,1
1234=,Feargus,1
1234=,Feichin,1
1234=,Felipe,1
1234=,Feodor,1
1234=,Feris,1
1234=,Fernando,1
1234=,Feynman,1
1234=,Fielder,1
1234=,Filippo,1
1234=,Fin,1
1234=,Findley,1
1234=,Fineas,1
1234=,Finlay-James,1
1234=,Finlo,1
1234=,Finnan,1
1234=,Fionnlagh,1
1234=,Fiorenzo,1
1234=,Firth,1
1234=,Florian,1
1234=,Flyn,1
1234=,Flynne,1
1234=,Forrest,1
1234=,Foster,1
1234=,Fraiser,1
1234=,Francesco,1
1234=,Frankie-Boy,1
1234=,Franklin-Lennox,1
1234=,Franklyn,1
1234=,Franky,1
1234=,Franz,1
1234=,Freddie-Dean,1
1234=,Fredi,1
1234=,Fredrick,1
1234=,Fredrik,1
1234=,Frenk,1
1234=,Fuad,1
1234=,Fulton,1
1234=,Furqan,1
1234=,Fynlay,1
1234=,Fynnley,1
1234=,Gabor,1
1234=,Gabriel-Ngosa,1
1234=,Gaghan,1
1234=,Gallacher-Lee,1
1234=,Gannon-Carrick,1
1234=,Garcia,1
1234=,Gardeis,1
1234=,Gareth,1
1234=,Garfield,1
1234=,Garvit,1
1234=,Gary-Junior,1
1234=,Gassan,1
1234=,Geo,1
1234=,Geoff,1
1234=,Georgios-Adam,1
1234=,Gerrard,1
1234=,Gerry,1
1234=,Gethin,1
1234=,Ghedeon,1
1234=,Ghillie,1
1234=,Ghulam,1
1234=,Giacomo,1
1234=,Gianfranco,1
1234=,Gianluca,1
1234=,Gilan,1
1234=,Giles,1
1234=,Gill,1
1234=,Gillan,1
1234=,Gillies,1
1234=,Gillon,1
1234=,Giorgio,1
1234=,Giosue,1
1234=,Giulio,1
1234=,Glyn,1
1234=,Grady,1
1234=,Graeson,1
1234=,Grantas,1
1234=,Gray,1
1234=,Graycen,1
1234=,Graysen,1
1234=,Grayson-K,1
1234=,Greer,1
1234=,Gruffydd,1
1234=,Gunnar,1
1234=,Gurdev,1
1234=,Gurtejveer,1
1234=,Gustav,1
1234=,Gustavo,1
1234=,Gustavs,1
1234=,Gustaw,1
1234=,Gusts,1
1234=,Guthrie,1
1234=,Guy-Martin,1
1234=,Gwern,1
1234=,Haaroon,1
1234=,Habib,1
1234=,Haelan,1
1234=,Hakim,1
1234=,Hal,1
1234=,Hamad,1
1234=,Hameed,1
1234=,Hammad,1
1234=,Haniel,1
1234=,Hansen,1
1234=,Hantiileh,1
1234=,Hao,1
1234=,Haoyun,1
1234=,Haralambos,1
1234=,Harbir,1
1234=,Hari,1
1234=,Harison,1
1234=,Harith,1
1234=,Harlem,1
1234=,Harlen,1
1234=,Harley-J,1
1234=,Harley-Jay,1
1234=,Harlow,1
1234=,Harman,1
1234=,Harper,1
1234=,Harrie,1
1234=,Harrish,1
1234=,Harrison'jai,1
1234=,Hartaj,1
1234=,Harvi,1
1234=,Haseeb,1
1234=,Hashim,1
1234=,Hashir,1
1234=,Hashvin,1
1234=,Hasnain,1
1234=,Haydar,1
1234=,Hayden-Blu,1
1234=,Hayder,1
1234=,Haylen,1
1234=,Hazen,1
1234=,Hazim,1
1234=,Helder,1
1234=,Hendrik,1
1234=,Hendry,1
1234=,Henley,1
1234=,Henoch,1
1234=,Henri,1
1234=,Henrikas,1
1234=,Henryk,1
1234=,Hercules,1
1234=,Herkus,1
1234=,Hero,1
1234=,Hewie,1
1234=,Hibi,1
1234=,Highlande,1
1234=,Himnish,1
1234=,Hiroto,1
1234=,Hollynd,1
1234=,Hongming,1
1234=,Hongyu,1
1234=,Hosea,1
1234=,Howie,1
1234=,Howram,1
1234=,Hrian,1
1234=,Hrinder,1
1234=,Huai-Shan,1
1234=,Hubert,1
1234=,Hughie,1
1234=,Humdan,1
1234=,Humza,1
1234=,Hunter-Duncan,1
1234=,Hutton,1
1234=,Huw,1
1234=,Huxley,1
1234=,Huzaifa,1
1234=,Huzayfa,1
1234=,Ian-Henry,1
1234=,Ianis,1
1234=,Iarla,1
1234=,Ibiye-Karibo,1
1234=,Idara-Abasi,1
1234=,Iden,1
1234=,Idrees,1
1234=,Idriss,1
1234=,Idwal,1
1234=,Ifeanyi,1
1234=,Ifechukwu,1
1234=,Ikemdinachukwu,1
1234=,Ilaisa,1
1234=,Ilay,1
1234=,Ilkka,1
1234=,Ilya,1
1234=,Ilyes,1
1234=,Imaan,1
1234=,Immanuel,1
1234=,Imoh,1
1234=,Imran,1
1234=,Imre,1
1234=,Indy,1
1234=,Inesh,1
1234=,Ineye,1
1234=,Inioluwa,1
1234=,Innes-Ross,1
1234=,Ioan,1
1234=,Ion,1
1234=,Ionathan,1
1234=,Ionut,1
1234=,Ireoluwadebami,1
1234=,Irving,1
1234=,Is-Haq,1
1234=,Isaac-Egon,1
1234=,Ishaq,1
1234=,Ishayu,1
1234=,Ishmail,1
1234=,Israel,1
1234=,Issa,1
1234=,Issam,1
1234=,Iszic,1
1234=,Iuliu,1
1234=,Iver,1
1234=,Iyosayi,1
1234=,Iysa,1
1234=,Izaac,1
1234=,Izaiah,1
1234=,Izak,1
1234=,J,1
1234=,J-Jay,1
1234=,Jabari,1
1234=,Jabril,1
1234=,Jack-John,1
1234=,Jack-Thomas,1
1234=,Jacksen,1
1234=,Jackson-James,1
1234=,Jacob-John,1
1234=,Jacob-Rhory,1
1234=,Jacoby,1
1234=,Jacub,1
1234=,Jadon,1
1234=,Jaece,1
1234=,Jagraj,1
1234=,Jahan,1
1234=,Jaheim,1
1234=,Jaiden-James,1
1234=,Jaidon,1
1234=,Jaidyn,1
1234=,Jaimie,1
1234=,Jaimmie,1
1234=,Jairaj,1
1234=,Jaishan,1
1234=,Jaks,1
1234=,Jakson,1
1234=,Jameel,1
1234=,James-Alexander,1
1234=,James-Francis,1
1234=,James-Henry,1
1234=,James-Stuart,1
1234=,James-Thomas,1
1234=,James-William,1
1234=,Jamie-Coll,1
1234=,Jamie-Jay,1
1234=,Janek,1
1234=,Jarod,1
1234=,Jarrod,1
1234=,Jas,1
1234=,Jasdeep,1
1234=,Jason-John,1
1234=,Jasser,1
1234=,Jathin,1
1234=,Jatin,1
1234=,Jaxon-James,1
1234=,Jaxon-Ray,1
1234=,Jaxyn,1
1234=,Jaycee,1
1234=,Jaydan,1
1234=,Jayden-James,1
1234=,Jayden-Thomas,1
1234=,Jaydon,1
1234=,Jaydon-Joe,1
1234=,Jaye,1
1234=,Jayjay,1
1234=,Jayke,1
1234=,Jaymee,1
1234=,Jedidiah,1
1234=,Jenson-James,1
1234=,Jeorge,1
1234=,Jerald,1
1234=,Jeremiasz,1
1234=,Jess-Jai,1
1234=,Jesuferanmi,1
1234=,Jevgenijs,1
1234=,Jim,1
1234=,Jinrui,1
1234=,Jiri,1
1234=,Jitendriya,1
1234=,Jiyaan,1
1234=,Joachim,1
1234=,Joakim,1
1234=,Joaquim,1
1234=,Joash,1
1234=,Jocelyn,1
1234=,Jock-Junior,1
1234=,Jody,1
1234=,Joe-Alan,1
1234=,Joeli,1
1234=,Johan,1
1234=,Johannes,1
1234=,John-Adam,1
1234=,John-Alexander,1
1234=,John-Joe,1
1234=,John-Reilly,1
1234=,John-Rhys,1
1234=,John-Ross,1
1234=,John-William,1
1234=,Johnathan,1
1234=,Johnjames,1
1234=,Johnnie,1
1234=,Joji,1
1234=,Jonahn,1
1234=,Jonas-John,1
1234=,Jono,1
1234=,Jordan-Joseph,1
1234=,Jordi,1
1234=,Jordin,1
1234=,Jorge,1
1234=,Jormo,1
1234=,Jos,1
1234=,Josef,1
1234=,Joseph-James,1
1234=,Jotvingis,1
1234=,Journey,1
1234=,Jovan,1
1234=,Jovaras,1
1234=,Joven,1
1234=,Jozef,1
1234=,Judi,1
1234=,Julen,1
1234=,Jules,1
1234=,Julien,1
1234=,Julius,1
1234=,Junhao,1
1234=,Junior-James,1
1234=,K-Jay,1
1234=,Ka,1
1234=,Kabeer,1
1234=,Kade-Carter,1
1234=,Kadenjay,1
1234=,Kadin,1
1234=,Kaedan,1
1234=,Kaeden,1
1234=,Kaeleb,1
1234=,Kai-Carson,1
1234=,Kai-Derek,1
1234=,Kai-Len,1
1234=,Kai-Logan,1
1234=,Kai-Samuel,1
1234=,Kaiden-Reece,1
1234=,Kaiden-William,1
1234=,Kaidren,1
1234=,Kaidynn,1
1234=,Kaii,1
1234=,Kail,1
1234=,Kailan,1
1234=,Kailib,1
1234=,Kailong,1
1234=,Kailum,1
1234=,Kaine,1
1234=,Kairav,1
1234=,Kaird,1
1234=,Kaison,1
1234=,Kaius,1
1234=,Kaixi,1
1234=,Kajetan,1
1234=,Kaleb-Drew,1
1234=,Kalel,1
1234=,Kallen,1
1234=,Kaloyan,1
1234=,Kamal,1
1234=,Kamdilichi,1
1234=,Kamryn,1
1234=,Kamui,1
1234=,Kanayo,1
1234=,Kaniel,1
1234=,Karam,1
1234=,Karan,1
1234=,Karanjeet,1
1234=,Kareem,1
1234=,Karel,1
1234=,Karlis,1
1234=,Karma,1
1234=,Karmdeep,1
1234=,Karrar,1
1234=,Karsen,1
1234=,Karsyn,1
1234=,Kasey,1
1234=,Kash,1
1234=,Kasim,1
1234=,Kaspar,1
1234=,Kasper,1
1234=,Kassius,1
1234=,Kavanveer,1
1234=,Kaveeshan,1
1234=,Kavi,1
1234=,Kavin,1
1234=,Kaya,1
1234=,Kayben,1
1234=,Kayden-Brian,1
1234=,Kayden-Lee,1
1234=,Kayden-Scott,1
1234=,Kaydi,1
1234=,Kaydin-James,1
1234=,Kayle,1
1234=,Kaylor,1
1234=,Kaylub,1
1234=,Kayn,1
1234=,Kazimierz,1
1234=,Kealan,1
1234=,Keallan,1
1234=,Keanan,1
1234=,Keane,1
1234=,Kearn-Joseph,1
1234=,Keeston,1
1234=,Keidan,1
1234=,Keifer,1
1234=,Keighan,1
1234=,Keillin,1
1234=,Keiren,1
1234=,Kelaeso,1
1234=,Kelan,1
1234=,Keldon,1
1234=,Kell,1
1234=,Kelly,1
1234=,Kelson,1
1234=,Kendric,1
1234=,Kensei,1
1234=,Kento,1
1234=,Kenzey,1
1234=,Kenzo,1
1234=,Keron,1
1234=,Ketan,1
1234=,Kevinas,1
1234=,Khaled,1
1234=,Khaleel,1
1234=,Khamis,1
1234=,Khelbie,1
1234=,Khizar,1
1234=,Khizer,1
1234=,Khizr,1
1234=,Khol,1
1234=,Kholton,1
1234=,Khondoker,1
1234=,Khristopher,1
1234=,Khufu,1
1234=,Khushdil,1
1234=,Khy,1
1234=,Khylin,1
1234=,Khyrell,1
1234=,Kiahn,1
1234=,Kialen,1
1234=,Kian-James,1
1234=,Kian-Scott,1
1234=,Kidus,1
1234=,Kiedis,1
1234=,Kieffer,1
1234=,Kielan,1
1234=,Kieran-James,1
1234=,Kieren,1
1234=,Kierson,1
1234=,Kievan,1
1234=,Kinan,1
1234=,Kingsford,1
1234=,Kingsley,1
1234=,Kinley,1
1234=,Kinsey,1
1234=,Kirill,1
1234=,Kirran,1
1234=,Klaine,1
1234=,Knoxx,1
1234=,Koben,1
1234=,Kobie,1
1234=,Kobimtochi,1
1234=,Kobin,1
1234=,Kochyar,1
1234=,Kodah,1
1234=,Kodi-Jayce,1
1234=,Kodyn,1
1234=,Koireng,1
1234=,Koji,1
1234=,Kol,1
1234=,Kolby,1
1234=,Kolle,1
1234=,Kolo,1
1234=,Kolten,1
1234=,Kolton,1
1234=,Koltyn,1
1234=,Konan,1
1234=,Konnor,1
1234=,Konstantin,1
1234=,Korban,1
1234=,Korbijn,1
1234=,Korie,1
1234=,Kostas,1
1234=,Kostian,1
1234=,Koushik,1
1234=,Kray,1
1234=,Krishnan,1
1234=,Kristofer,1
1234=,Kristoffer,1
1234=,Krue,1
1234=,Krusoe,1
1234=,Krzysztof,1
1234=,Ksavery,1
1234=,Kuriakos,1
1234=,Kurin,1
1234=,Kyaan,1
1234=,Kyal,1
1234=,Kyan-Michael,1
1234=,Kyden,1
1234=,Kyee,1
1234=,Kylam,1
1234=,Kyle-Cameron,1
1234=,Kyren,1
1234=,Kyrin,1
1234=,Kyron,1
1234=,Lachie,1
1234=,Laetann,1
1234=,Lafe,1
1234=,Lailoken,1
1234=,Laithan,1
1234=,Laken,1
1234=,Lakhan,1
1234=,Lannan,1
1234=,Lansana,1
1234=,Larson,1
1234=,Larsson,1
1234=,Lasso,1
1234=,Lauchlann,1
1234=,Lauchlyn-Lee,1
1234=,Laughlin,1
1234=,Lavi,1
1234=,Laylan,1
1234=,Laylen,1
1234=,Layne,1
1234=,Layton-James,1
1234=,Lazarus,1
1234=,Leathan,1
1234=,Lee-Junior,1
1234=,Leelan,1
1234=,Leelouis,1
1234=,Leelynd-Mason-Lee,1
1234=,Leigh,1
1234=,Leito,1
1234=,Lekh,1
1234=,Lemmy,1
1234=,Leni,1
1234=,Lenko,1
1234=,Lennon-James,1
1234=,Leonardo-Beniamin,1
1234=,Leonas,1
1234=,Leonce,1
1234=,Leonel,1
1234=,Leopold,1
1234=,Leroy,1
1234=,Levi-James,1
1234=,Levon,1
1234=,Lew,1
1234=,Lewes,1
1234=,Lewi,1
1234=,Leyon,1
1234=,Liall,1
1234=,Liam-James,1
1234=,Liam-John,1
1234=,Lian,1
1234=,Lias,1
1234=,Lionel,1
1234=,Lisan,1
1234=,Lochain,1
1234=,Lochlan-Roy,1
1234=,Lochran,1
1234=,Locke,1
1234=,Loganjack,1
1234=,Lohan,1
1234=,Loick,1
1234=,Lollan,1
1234=,London,1
1234=,Lonnie,1
1234=,Lorne,1
1234=,Loudon,1
1234=,Louen,1
1234=,Louie-Lee,1
1234=,Louis-Neil,1
1234=,Loukas,1
1234=,Lourenco,1
1234=,Louvell,1
1234=,Lovyam,1
1234=,Lowen,1
1234=,Lowrie,1
1234=,Lucius,1
1234=,Ludo,1
1234=,Ludwik,1
1234=,Luiz,1
1234=,Luke-Scott,1
1234=,Luqmaan,1
1234=,Luqman,1
1234=,Luthan,1
1234=,Luther,1
1234=,Lyalljack,1
1234=,Lyncoln,1
1234=,Lynken,1
1234=,Lynton,1
1234=,Ma'amoun,1
1234=,Maahi,1
1234=,Maanveer,1
1234=,Mabon,1
1234=,Macario,1
1234=,Macaulie,1
1234=,Macen,1
1234=,Maceyn,1
1234=,Madden,1
1234=,Madhav,1
1234=,Mads,1
1234=,Maeson,1
1234=,Mahdi,1
1234=,Mahdy,1
1234=,Mahmoud,1
1234=,Maiklas,1
1234=,Makbel,1
1234=,Maks,1
1234=,Maksims,1
1234=,Mallaidh,1
1234=,Malloch,1
1234=,Mamadou,1
1234=,Mana,1
1234=,Manaf,1
1234=,Manav,1
1234=,Mane,1
1234=,Manel,1
1234=,Manrai,1
1234=,Manraj,1
1234=,Mansa,1
1234=,Mansoor,1
1234=,Manu,1
1234=,Manuel,1
1234=,Marcell,1
1234=,Marcin,1
1234=,Marcis,1
1234=,Marius,1
1234=,Mariusz,1
1234=,Mark-Andrew,1
1234=,Mark-Junior,1
1234=,Markas,1
1234=,Marko,1
1234=,Marks,1
1234=,Markuss,1
1234=,Marly,1
1234=,Marsel,1
1234=,Marti,1
1234=,Martim,1
1234=,Martintom,1
1234=,Martyn,1
1234=,Mason-Lee,1
1234=,Mason-Riley,1
1234=,Mason-Scott,1
1234=,Masonthompson,1
1234=,Masroor,1
1234=,Massimo,1
1234=,Masyn,1
1234=,Matej,1
1234=,Mateus,1
1234=,Mateuz,1
1234=,Mathe,1
1234=,Matiass,1
1234=,Mattia,1
1234=,Matty,1
1234=,Matus,1
1234=,Matyas,1
1234=,Maverick,1
1234=,Mavric,1
1234=,Maxi,1
1234=,Maxime,1
1234=,Maximiliano,1
1234=,Maximo,1
1234=,Maximos,1
1234=,Maxton,1
1234=,Maxxie,1
1234=,Mayank,1
1234=,Mcauley,1
1234=,Mckenzie-Lee,1
1234=,Mckinley,1
1234=,Mckinnley,1
1234=,Mclaren,1
1234=,Mehdi,1
1234=,Melad,1
1234=,Melik-Aiyan,1
1234=,Melusi,1
1234=,Mevon,1
1234=,Mhammed,1
1234=,Micaiah,1
1234=,Michaelangelo,1
1234=,Michele,1
1234=,Mickael,1
1234=,Midas,1
1234=,Miekai,1
1234=,Mihails,1
1234=,Mika,1
1234=,Mikael,1
1234=,Mikah,1
1234=,Mikail,1
1234=,Mike,1
1234=,Mikko,1
1234=,Miko,1
1234=,Miks,1
1234=,Milind,1
1234=,Ming,1
1234=,Miquel,1
1234=,Miracle,1
1234=,Miro,1
1234=,Mirza,1
1234=,Misha,1
1234=,Mitch,1
1234=,Mitchel,1
1234=,Mivaan,1
1234=,Mivan,1
1234=,Modou,1
1234=,Mofeyifoluwa,1
1234=,Mohamed-Noah,1
1234=,Mohammad-Yusuf,1
1234=,Mohammed-Ibrahim,1
1234=,Mohmed,1
1234=,Mohsen,1
1234=,Mohsin,1
1234=,Moir,1
1234=,Moiz,1
1234=,Mojtaba,1
1234=,Mokshithraja,1
1234=,Momin,1
1234=,Montgomery,1
1234=,Monty,1
1234=,Moosa,1
1234=,Moreno,1
1234=,Moriarty,1
1234=,Morton,1
1234=,Motoi,1
1234=,Mozes,1
1234=,Muammar,1
1234=,Muawiya,1
1234=,Muaz,1
1234=,Mubbasher,1
1234=,Muhammad-Aadam,1
1234=,Muhammad-Abdullah,1
1234=,Muhammad-Ameen,1
1234=,Muhammad-Uzair,1
1234=,Munachimso,1
1234=,Muqeet,1
1234=,Murat,1
1234=,Mus'ab,1
1234=,Musalam,1
1234=,Musub,1
1234=,Mvelo,1
1234=,Myron,1
1234=,Naayel,1
1234=,Nabeel,1
1234=,Nadav,1
1234=,Nadeem,1
1234=,Naim,1
1234=,Nali,1
1234=,Namo,1
1234=,Nandito,1
1234=,Naseem,1
1234=,Nasim,1
1234=,Nassir,1
1234=,Natas,1
1234=,Naven,1
1234=,Nayal,1
1234=,Nayel,1
1234=,Nayte,1
1234=,Nazrol,1
1234=,Nedas,1
1234=,Nehan,1
1234=,Nehemiah,1
1234=,Neill,1
1234=,Nelo,1
1234=,Nerio,1
1234=,Nevaan,1
1234=,Nevada,1
1234=,Nick,1
1234=,Nicodem,1
1234=,Nicol,1
1234=,Nihaal,1
1234=,Nikash,1
1234=,Niki,1
1234=,Nikko,1
1234=,Niklas,1
1234=,Nikolai,1
1234=,Nikolaj,1
1234=,Nikolajs,1
1234=,Niles,1
1234=,Nilesh,1
1234=,Nirav,1
1234=,Nishaad,1
1234=,Nithish,1
1234=,Nithun,1
1234=,Niven,1
1234=,Njundu,1
1234=,Nnabuike,1
1234=,Nnanna,1
1234=,Nnanyelugo,1
1234=,Noa,1
1234=,Noah-James,1
1234=,Noah-John,1
1234=,Nobayad,1
1234=,Noe,1
1234=,Nolen,1
1234=,Nolland,1
1234=,Noor,1
1234=,Norri,1
1234=,Nour,1
1234=,Ntale,1
1234=,Nuoyi,1
1234=,Nur,1
1234=,Nuraiz,1
1234=,Nwachinaemelum,1
1234=,Nyall,1
1234=,Nyameye,1
1234=,Oaklan,1
1234=,Oban,1
1234=,Obay,1
1234=,Obie,1
1234=,Octavio,1
1234=,Ogheneganren,1
1234=,Oghenegaren,1
1234=,Oghenemarho,1
1234=,Oghenetega,1
1234=,Ohiremen,1
1234=,Ojas,1
1234=,Oktawian,1
1234=,Oladayo,1
1234=,Olaoluwa,1
1234=,Oliver-Graeme,1
1234=,Oliver-Jude,1
1234=,Oliver-Tashani,1
1234=,Olli,1
1234=,Ollie-Jay,1
1234=,Olliver,1
1234=,Oluchukwu,1
1234=,Olufolawemi,1
1234=,Oluremi,1
1234=,Olurotimi,1
1234=,Oluwabukunmi,1
1234=,Oluwadamilare,1
1234=,Oluwadamilola,1
1234=,Oluwademilade,1
1234=,Oluwafiresayomi,1
1234=,Oluwafoyinsolami,1
1234=,Oluwalani,1
1234=,Oluwasetemi,1
1234=,Oluwatimilehin,1
1234=,Oluwatobi,1
1234=,Oluwatobiloba,1
1234=,Olyver,1
1234=,Omolana,1
1234=,Onaigh,1
1234=,Onkarpreet,1
1234=,Onnie,1
1234=,Onome,1
1234=,Oomo,1
1234=,Oreoluwa,1
1234=,Orfeas,1
1234=,Orion,1
1234=,Oritsetimeyin,1
1234=,Orlando,1
1234=,Orran,1
1234=,Orson,1
1234=,Osagie,1
1234=,Osaretin,1
1234=,Osayuwamen,1
1234=,Oscar-James,1
1234=,Osgar,1
1234=,Oswin,1
1234=,Otava,1
1234=,Ousman,1
1234=,Paddy,1
1234=,Panache,1
1234=,Paraw,1
1234=,Parker-Ray,1
1234=,Parmeet,1
1234=,Parys,1
1234=,Pasha,1
1234=,Patrik,1
1234=,Paul-James,1
1234=,Paulius,1
1234=,Pavils,1
1234=,Peace,1
1234=,Peadar,1
1234=,Pepper,1
1234=,Percival,1
1234=,Percy,1
1234=,Perry,1
1234=,Pete,1
1234=,Peter-Edward,1
1234=,Petr,1
1234=,Peyton-James,1
1234=,Philipp,1
1234=,Phoenix-Atley,1
1234=,Pierse,1
1234=,Pirzada,1
1234=,Poyraz,1
1234=,Prabhjot,1
1234=,Pradyum,1
1234=,Pradyumn,1
1234=,Pranjal,1
1234=,Prasun,1
1234=,Prayan,1
1234=,Prehaan,1
1234=,Prince,1
1234=,Princedeep,1
1234=,Pu,1
1234=,Qiaotong,1
1234=,Quinlin,1
1234=,Quinnten,1
1234=,Quintin,1
1234=,Qusay,1
1234=,Raab,1
1234=,Raad,1
1234=,Rabi-Ul,1
1234=,Racim,1
1234=,Radin,1
1234=,Radoslav,1
1234=,Radoslaw,1
1234=,Radvilas,1
1234=,Raef,1
1234=,Raeyan,1
1234=,Rafaels,1
1234=,Ragan,1
1234=,Raheel,1
1234=,Raheem,1
1234=,Raiden,1
1234=,Raif,1
1234=,Rainer,1
1234=,Raiyan,1
1234=,Raja,1
1234=,Rajveer,1
1234=,Rajvir,1
1234=,Rakan,1
1234=,Ralfs,1
1234=,Ralphy,1
1234=,Rami,1
1234=,Ramin,1
1234=,Ramiz,1
1234=,Ramon,1
1234=,Ramsey,1
1234=,Ranald,1
1234=,Randal,1
1234=,Ranjeet,1
1234=,Rannoch,1
1234=,Rannon,1
1234=,Ranulf,1
1234=,Ranveer,1
1234=,Rasmus,1
1234=,Raunak,1
1234=,Ravjot,1
1234=,Rayden,1
1234=,Rayhaan,1
1234=,Raymond-James,1
1234=,Redmond,1
1234=,Reed,1
1234=,Reehan,1
1234=,Reginald,1
1234=,Reginn,1
1234=,Rehman,1
1234=,Rehyn,1
1234=,Reian,1
1234=,Reigan,1
1234=,Reiko,1
1234=,Reis,1
1234=,Remi,1
1234=,Remo,1
1234=,Remus,1
1234=,Renato,1
1234=,Rene,1
1234=,Renni,1
1234=,Renny,1
1234=,Reyaansh,1
1234=,Reyhan,1
1234=,Reyn,1
1234=,Reyyan,1
1234=,Rez,1
1234=,Rhain,1
1234=,Rhauri,1
1234=,Rheign,1
1234=,Rheon,1
1234=,Rhett,1
1234=,Rhiver,1
1234=,Rhoan,1
1234=,Rhoddy,1
1234=,Rhodri,1
1234=,Rhome,1
1234=,Rhuan,1
1234=,Rhuari,1
1234=,Rhuaridh,1
1234=,Rhuridh,1
1234=,Rhyddian,1
1234=,Rhylan,1
1234=,Rhylie,1
1234=,Rhys-Alexander,1
1234=,Riad,1
1234=,Riansh,1
1234=,Riccardo,1
1234=,Ricksen,1
1234=,Riddoch,1
1234=,Ridwan,1
1234=,Riely,1
1234=,Rikki,1
1234=,Ringo,1
1234=,Rion,1
1234=,Ritchie,1
1234=,Ritik,1
1234=,Rivan,1
1234=,River,1
1234=,Rizwan,1
1234=,Roarke,1
1234=,Rob,1
1234=,Robbin,1
1234=,Robby,1
1234=,Roberto,1
1234=,Robson,1
1234=,Robyn,1
1234=,Rock,1
1234=,Rocky,1
1234=,Rodrick,1
1234=,Roen,1
1234=,Roen-James,1
1234=,Roj,1
1234=,Rollo,1
1234=,Roly,1
1234=,Romano,1
1234=,Rori,1
1234=,Rorie,1
1234=,Rosco,1
1234=,Roscoe,1
1234=,Rosen,1
1234=,Ross-John,1
1234=,Rourie,1
1234=,Roux,1
1234=,Rowe,1
1234=,Rowen,1
1234=,Roxus,1
1234=,Royal,1
1234=,Rua,1
1234=,Ruben-James,1
1234=,Rudis,1
1234=,Rudransh,1
1234=,Ruiaridh,1
1234=,Rune,1
1234=,Ryaan,1
1234=,Ryan-Martin,1
1234=,Rytis,1
1234=,Saaim,1
1234=,Saater,1
1234=,Sabeeh,1
1234=,Sadiq,1
1234=,Sage,1
1234=,Sahaj,1
1234=,Sahel,1
1234=,Sahib,1
1234=,Sahil,1
1234=,Saiansh,1
1234=,Saleh,1
1234=,Salvador,1
1234=,Samarth,1
1234=,Samharpreet,1
1234=,Samir,1
1234=,Samrat,1
1234=,Samridh,1
1234=,Samu,1
1234=,Samuel-Ethan,1
1234=,Samvith,1
1234=,Sander,1
1234=,Saptorshe,1
1234=,Sarbjeet,1
1234=,Sardil,1
1234=,Sarim,1
1234=,Sarvin,1
1234=,Sasa,1
1234=,Saswatram,1
1234=,Sattam,1
1234=,Saurya,1
1234=,Sauyer,1
1234=,Savas,1
1234=,Sawyer,1
1234=,Scot,1
1234=,Seagal,1
1234=,Seandeep,1
1234=,Seb,1
1234=,Sehyun,1
1234=,Semas,1
1234=,Semesa,1
1234=,Senapon,1
1234=,Seraj,1
1234=,Sergiu,1
1234=,Seweryn,1
1234=,Seydina,1
1234=,Seyed,1
1234=,Seyon,1
1234=,Shahir,1
1234=,Shahmir,1
1234=,Shahzain,1
1234=,Shakur,1
1234=,Shamak,1
1234=,Shamim,1
1234=,Shamsrahman,1
1234=,Shamus,1
1234=,Shanveer,1
1234=,Sharan,1
1234=,Sharav,1
1234=,Shashank,1
1234=,Shashwat,1
1234=,Shaun-Jay,1
1234=,Shaunthomas,1
1234=,Shaurya,1
1234=,Shavez,1
1234=,Shaw,1
1234=,Shawn,1
1234=,Shayan,1
1234=,Sheldon,1
1234=,Shihan,1
1234=,Sho,1
1234=,Shobhit,1
1234=,Sholto,1
1234=,Shoubhit,1
1234=,Shouren,1
1234=,Shraz,1
1234=,Shu-Kai,1
1234=,Shubham,1
1234=,Shubhankar,1
1234=,Shuhao,1
1234=,Shuraim,1
1234=,Sid,1
1234=,Siddharth,1
1234=,Sihao,1
1234=,Simeon,1
1234=,Sina,1
1234=,Sinai,1
1234=,Sinan,1
1234=,Sinclair,1
1234=,Sinobi,1
1234=,Sinobichukwu,1
1234=,Skye,1
1234=,Skylar,1
1234=,Skyler,1
1234=,Skylor,1
1234=,Slade,1
1234=,Sloan,1
1234=,Sochi,1
1234=,Sohaib,1
1234=,Solal,1
1234=,Somtochukwu,1
1234=,Sonnyboy,1
1234=,Sorren,1
1234=,Souleymane,1
1234=,Spenser,1
1234=,Spyridon,1
1234=,Sreemaan,1
1234=,Sridhar,1
1234=,Stanimir,1
1234=,Stavya,1
1234=,Steen-Erik,1
1234=,Stefen,1
1234=,Stelios,1
1234=,Stellan,1
1234=,Stellen,1
1234=,Stephen-Junior,1
1234=,Sterling,1
1234=,Steven-Reece,1
1234=,Stirling,1
1234=,Stor,1
1234=,Stuarttie,1
1234=,Stylianos,1
1234=,Subhan,1
1234=,Subramanya,1
1234=,Sufyan,1
1234=,Suilven,1
1234=,Sulejman,1
1234=,Sum,1
1234=,Sunny,1
1234=,Suraj,1
1234=,Sylvanus,1
1234=,Sylvester,1
1234=,T-Jay,1
1234=,Tadas,1
1234=,Tadhg,1
1234=,Tai,1
1234=,Taif,1
1234=,Taighearnach,1
1234=,Talap,1
1234=,Talbot,1
1234=,Talhah,1
1234=,Talvir,1
1234=,Tama,1
1234=,Tamer,1
1234=,Tamerlan,1
1234=,Tanaka,1
1234=,Tanishk,1
1234=,Tanner,1
1234=,Taran,1
1234=,Tariq,1
1234=,Tarquin,1
1234=,Taryn,1
1234=,Tashfi,1
1234=,Tavis,1
1234=,Tavish,1
1234=,Tawheed,1
1234=,Tawonashe,1
1234=,Taylor-James,1
1234=,Taylorjames,1
1234=,Tayo,1
1234=,Tayte,1
1234=,Tayyab,1
1234=,Teddie,1
1234=,Tedum,1
1234=,Teghfateh,1
1234=,Tejasvjeet,1
1234=,Temur,1
1234=,Tennessee,1
1234=,Tenzing,1
1234=,Terry,1
1234=,Terry-Junior,1
1234=,Tertius,1
1234=,Testimony,1
1234=,Teyang,1
1234=,Thabang,1
1234=,Thain,1
1234=,Thaine,1
1234=,Thayne,1
1234=,Theekshan,1
1234=,Thelonious,1
1234=,Theodore-Jack,1
1234=,Thio,1
1234=,Thomas-Arthur,1
1234=,Thomas-Jack,1
1234=,Thomas-Mattia,1
1234=,Thor,1
1234=,Thoren,1
1234=,Thorfin,1
1234=,Thurston,1
1234=,Tian,1
1234=,Tiano,1
1234=,Tien,1
1234=,Tierney,1
1234=,Tiger,1
1234=,Timotei,1
1234=,Ting,1
1234=,Tino,1
1234=,Tiree,1
1234=,Tireniogo,1
1234=,Titus,1
1234=,Tj,1
1234=,Tobe,1
1234=,Tobey,1
1234=,Tobi,1
1234=,Tobi-Leon,1
1234=,Tobin,1
1234=,Tochukwu,1
1234=,Tod,1
1234=,Tomasko,1
1234=,Tomass,1
1234=,Tomi,1
1234=,Tomiwa,1
1234=,Tommi,1
1234=,Toms,1
1234=,Tomy-John,1
1234=,Tonio,1
1234=,Tony-Alexander,1
1234=,Tor,1
1234=,Torben,1
1234=,Toren,1
1234=,Tormod,1
1234=,Torr,1
1234=,Torsten,1
1234=,Travers,1
1234=,Trevor,1
1234=,Tristian,1
1234=,Tristian-James,1
1234=,Tristin,1
1234=,Tristyn,1
1234=,Tsuktiren,1
1234=,Tsvetan,1
1234=,Tudor,1
1234=,Turki,1
1234=,Tybalt,1
1234=,Tye,1
1234=,Tylan,1
1234=,Tylar,1
1234=,Tyler-Jaxon,1
1234=,Tyler-Jay,1
1234=,Tylor,1
1234=,Tymur,1
1234=,Tyrell,1
1234=,Tyrus,1
1234=,Tyson,1
1234=,Uailean,1
1234=,Ubaidah,1
1234=,Ubaydullah,1
1234=,Ubhang,1
1234=,Uchechukwu,1
1234=,Ufuomaroghene,1
1234=,Ugyen,1
1234=,Uisdean,1
1234=,Uriel,1
1234=,Usaimeen,1
1234=,Usman,1
1234=,Uzair,1
1234=,Uzziah,1
1234=,Valentin,1
1234=,Valentyn,1
1234=,Vandaad,1
1234=,Vander,1
1234=,Vansh,1
1234=,Vasco,1
1234=,Vato,1
1234=,Vedansh,1
1234=,Veerasubramanian,1
1234=,Vega,1
1234=,Vendhan,1
1234=,Venkata,1
1234=,Vibhu,1
1234=,Vidal,1
1234=,Vihan,1
1234=,Vinay,1
1234=,Vinayakarthik,1
1234=,Vince,1
1234=,Visagan,1
1234=,Vishaan,1
1234=,Vladimir,1
1234=,Vladimirs,1
1234=,Vladislav,1
1234=,Vojtech,1
1234=,Wade,1
1234=,Waleed,1
1234=,Wali,1
1234=,Walterjames,1
1234=,Waris,1
1234=,Warrick,1
1234=,Wayde,1
1234=,Wenzokuhle,1
1234=,Wesley,1
1234=,Willem,1
1234=,Willum,1
1234=,Winner,1
1234=,Winston,1
1234=,Winter,1
1234=,Wisdom,1
1234=,Wissem,1
1234=,Witold,1
1234=,Wojciech,1
1234=,Wojtek,1
1234=,Wolfgang,1
1234=,Woodrow,1
1234=,Xavery,1
1234=,Xi,1
1234=,Xiuqi,1
1234=,Yadhev,1
1234=,Yafet,1
1234=,Yakup,1
1234=,Yanek,1
1234=,Yanis,1
1234=,Yannick,1
1234=,Yarami,1
1234=,Yaro,1
1234=,Yash,1
1234=,Yasin,1
1234=,Yasir,1
1234=,Yasser,1
1234=,Yassin,1
1234=,Yazan,1
1234=,Yinglin,1
1234=,Yisen,1
1234=,Yixuan,1
1234=,Yogiraj,1
1234=,Yograj,1
1234=,Yohan,1
1234=,Yongjie,1
1234=,Yorke,1
1234=,Yossif,1
1234=,Youcef,1
1234=,Youli,1
1234=,Yousaf,1
1234=,Youzarsif,1
1234=,Ythan,1
1234=,Yu,1
1234=,Yuan,1
1234=,Yudhveer,1
1234=,Yue,1
1234=,Yujia,1
1234=,Yukio,1
1234=,Yuri,1
1234=,Yussef,1
1234=,Yuvan,1
1234=,Yuxin,1
1234=,Zacariah,1
1234=,Zachais,1
1234=,Zachariah,1
1234=,Zachery,1
1234=,Zachiah,1
1234=,Zaff,1
1234=,Zahi,1
1234=,Zaid,1
1234=,Zaiden,1
1234=,Zaiyyan,1
1234=,Zakariyah,1
1234=,Zakeer,1
1234=,Zakhir,1
1234=,Zakk,1
1234=,Zalan,1
1234=,Zander-Lee,1
1234=,Zanemvula,1
1234=,Zasha,1
1234=,Zayaan,1
1234=,Zayien,1
1234=,Zayyan,1
1234=,Zeehan,1
1234=,Zeon,1
1234=,Zeteny,1
1234=,Zeth,1
1234=,Zeyan,1
1234=,Zhe,1
1234=,Zhenhan,1
1234=,Zhi,1
1234=,Zi,1
1234=,Ziad,1
1234=,Zian,1
1234=,Zidaan,1
1234=,Zille,1
1234=,Zinedine,1
1234=,Zion-Antoine,1
1234=,Zirak,1
1234=,Zirui,1
1234=,Ziv,1
1234=,Ziya,1
1234=,Ziyan,1
1234=,Zlatan,1
1234=,Zody,1
1234=,Zohaib,1
1234=,Zoli,1
1234=,Zolta,1
1234=,Zoniet,1
1234=,Zora,1
1234=,Zorawar,1
1234=,Zubaid,1
1234=,Zubair,1
1234=,Zudais,1
1234=,Zuhayr,1
1234=,Zyaan,1
1234=,Zygmunt,1
,,
,,
,,
,,
,,
,,
,,
,,
,,
,,
,,
,,
,,
,,
,,
,,
,,
,,
,,
,,
,,
,,
,,
,,
,,
,,
,,
,,
,,
,,
,,
,,
,,
,,
,,
,,
,,
,,
,,
,,
,,
,,
,,
,,
,,
,,
,,
,,
,,
,,
,,
,,
,,
,,
,,
,,
,,
,,
,,
,,
,,
,,
,,
,,
,,
,,
,,
,,
,,
,,
,,
,,
,,
,,
,,
,,
,,
,,
,,
,,
,,
,,
,,
,,
,,
,,
,,
,,
,,
,,
,,
,,
,,
,,
,,
,,
,,
,,
,,
,,
,,
,,
,,
,,
,,
,,
,,
,,
,,
,,
,,
,,
,,
,,
,,
,,
,,
,,
,,
,,
,,
,,
,,
,,
,,
,,
,,
,,
,,
,,
,,
,,
,,
,,
,,
,,
,,
,,
,,
,,
,,
,,
,,
,,
,,
,,
,,
,,
,,
,,
,,
,,
,,
,,
,,
,,
,,
,,
,,
,,
,,
,,
,,
,,
,,
,,
,,
,,
,,
,,
,,
,,
,,
,,
,,
,,
,,
,,
,,
,,
,,
,,
,,
,,
,,
,,
,,
,,
,,
,,
,,
,,
,,
,,
,,
,,
,,
,,
,,
,,
,,
,,
,,
,,
,,
,,
,,
,,
,,
,,
,,
,,
,,
,,
,,
,,
,,
,,
,,
,,
,,
,,
,,
,,
,,
,,
,,
,,
,,
,,
,,
,,
,,
,,
,,
,,
,,
,,
,,
,,
,,
,,
,,
,,
,,
,,
,,
,,
,,
,,
,,
,,
,,
,,
,,
,,
,,
,,
,,
,,
,,
,,
,,
,,
,,
,,
,,
,,
,,
,,
,,
,,
,,
,,
,,
,,
,,
,,
,,
,,
,,
,,
,,
,,
,,
,,
,,
,,
,,
,,
,,
,,
,,
,,
,,
,,
,,
,,
,,
,,
,,
,,
,,
,,
,,
,,
,,
,,
,,
,,
,,
,,
,,
,,
,,
,,
,,
,,
,,
,,
,,
,,
,,
,,
,,
,,
,,
,,
,,
,,
,,
,,
,,
,,
,,
,,
,,
,,
,,
,,
,,
,,
,,
,,
,,
,,
,,
,,
,,
,,
,,
,,
,,
,,
,,
,,
,,
,,
,,
,,
,,
,,
,,
,,
,,
,,
,,
,,
,,
,,
,,
,,
,,
,,
,,
,,
,,
,,
,,
,,
,,
,,
,,
,,
,,
,,
,,
,,
,,
,,
,,
,,
,,
,,
,,
,,
,,
,,
,,
,,
,,
,,
,,
,,
,,
,,
,,
,,
,,
,,
,,
,,
,,
,,
,,
,,
,,
,,
,,
,,
,,
,,
,,
,,
,,
,,
,,
,,
,,
,,
,,
,,
,,
,,
,,
,,
,,
,,
,,
,,
,,
,,
,,
,,
,,
,,
,,
,,
,,
,,
,,
,,
,,
,,
,,
,,
,,
,,
,,
,,
,,
,,
,,
,,
,,
,,
,,
,,
,,
,,
,,
,,
,,
,,
,,
,,
,,
,,
,,
,,
,,
,,
,,
,,
,,
,,
,,
,,
,,
,,
,,
,,
,,
,,
,,
,,
,,
,,
,,
,,
,,
,,
,,
,,
,,
,,
,,
,,
,,
,,
,,
,,
,,
,,
,,
,,
,,
,,
,,
,,
,,
,,
,,
,,
,,
,,
,,
,,
,,
,,
,,
,,
,,
,,
,,
,,
,,
,,
,,
,,
,,
,,
,,
,,
,,
,,
,,
,,
,,
,,
,,
,,
,,
,,
,,
,,
,,
,,
,,
,,
,,
,,
,,
,,
,,
,,
,,
,,
,,
,,
,,
,,
,,
,,
,,
,,
,,
,,
,,
,,
,,
,,
,,
,,
,,
,,
,,
,,
,,
,,
,,
,,
,,
,,
,,
,,
,,
,,
,,
,,
,,
,,
,,
,,
,,
,,
,,
,,
,,
,,
,,
,,
,,
,,
,,
,,
,,
,,
,,
,,
,,
,,
,,
,,
,,
,,
,,
,,
,,
,,
,,
,,
,,
,,
,,
,,
,,
,,
,,
,,
,,
,,
,,
,,
,,
,,
,,
,,
,,
,,
,,
,,
,,
,,
,,
,,
,,
,,
,,
,,
,,
,,
,,
,,
,,
,,
,,
,,
,,
,,
,,
,,
,,
,,
,,
,,
,,
,,
,,
,,
,,
,,
,,
,,
,,
,,
,,
,,
,,
,,
,,
,,
,,
,,
,,
,,
,,
,,
,,
,,
,,
,,
,,
,,
,,
,,
,,
,,
,,
,,
,,
,,
,,
,,
,,
,,
,,
,,
,,
,,
,,
,,
,,
,,
,,
,,
,,
,,
,,
,,
,,
,,
,,
,,
,,
,,
,,
,,
,,
,,
,,
,,
,,
,,
,,
,,
,,
,,
,,
,,
,,
,,
,,
,,
,,
,,
,,
,,
,,
,,
,,
,,
,,
,,
,,
,,
,,
,,
,,
,,
,,
,,
,,
,,
,,
,,
,,
,,
,,
,,
,,
,,
,,
,,
,,
,,
,,
,,
,,
,,
,,
,,
,,
,,
,,
,,
,,
,,
,,
,,
,,
,,
,,
,,
,,
,,
,,
,,
,,
,,
,,
,,
,,
,,
,,
,,
,,
,,
,,
,,
,,
,,
,,
,,
,,
,,
,,
,,
,,
,,
,,
,,
,,
,,
,,
,,
,,
,,
,,
,,
,,
,,
,,
,,
,,
,,
,,
,,
,,
,,
,,
,,
,,
,,
,,
,,
,,
,,
,,
,,
,,
,,
,,
,,
,,
,,
,,
,,
,,
,,
,,
,,
,,
,,
,,
,,
,,
,,
,,
,,
,,
,,
,,
,,
,,
,,
,,
,,
,,
,,
,,
,,
,,
,,
,,
,,
,,
,,
,,
,,
,,
,,
,,
,,
,,
,,
,,
,,
,,
,,
,,
,,
,,
,,
,,
,,
,,
,,
,,
,,
,,
,,
,,
,,
,,
,,
,,
,,
,,
,,
,,
,,
,,
,,
,,
,,
,,
,,
,,
,,
,,
,,
,,
,,
,,
,,
,,
,,
,,
,,
,,
,,
,,
,,
,,
,,
,,
,,
,,
,,
,,
,,
,,
,,
,,
,,
,,
,,
,,
,,
,,
,,
,,
,,
,,
,,
,,
,,
,,
,,
,,
,,
,,
,,
,,
,,
,,
,,
,,
,,
,,
,,
,,
,,
,,
,,
,,
,,
,,
,,
,,
,,
,,
,,
,,
,,
,,
,,
,,
,,
,,
,,
,,
,,
,,
,,
,,
,,
,,
,,
,,
,,
,,
,,
,,
,,
,,
,,
,,
,,
,,
,,
,,
,,
,,
,,
,,
,,
,,
,,
,,
,,
,,
,,
,,
,,
,,
,,
,,
,,
,,
,,
,,
,,
,,
,,
,,
,,
,,
,,
,,
,,
,,
,,
,,
,,
,,
,,
,,
,,
,,
,,
,,
,,
,,
,,
,,
,,
,,
,,
,,
,,
,,
,,
,,
,,
,,
,,
,,
,,
,,
,,
,,
,,
,,
,,
,,
,,
,,
,,
,,
,,
,,
,,
,,
,,
,,
,,
,,
,,
,,
,,
,,
,,
,,
,,
� Crown Copyright 2016,,
