Badgett,American
Baltimore,American
Beishline,American
Berkeley,American
Berney,American
Biffle,American
Bingham,American
Bloom,American
Bloomberg,American
Bloomfield,American
Bloomingdale,American
Bluestein,American
Bluestone,American
Broudy,American
Browdy,American
Brownfield,American
Brownstein,American
Burns,American
Burston,American
Canaan,American
Canine,American
Chia,American
Christianson,American
Colcord,American
Cooperman,American
Copelan,American
Courtland,American
Crownover,American
Current,American
Danoff,American
Daughenbaugh,American
Dimick,American
Dollar,American
Easterlin,American
Elijah,American
Emison,American
Felch,American
Field,American
Fierstein,American
Fine,American
Fineberg,American
Finegold,American
Fireman,American
Fox,American
Foxman,American
Francis,American
Fread,American
Freedman,American
Freidhof,American
Frieman,American
Garfinkle,American
Garlick,American
Garlock,American
Gittleman,American
Gladstone,American
Goldwire,American
Goleman,American
Governor,American
Green,American
Greenhouse,American
Greenleaf,American
Handleman,American
Haney,American
Harjo,American
Harkleroad,American
Harkrader,American
Henry,American
Hershey,American
Hill,American
Hipple,American
Hirschey,American
Hollingsworth,American
Howe,American
Hyatt,American
Hyde,American
Hyman,American
Imler,American
Kinderman,American
Kitelinger,American
Klish,American
Kook,American
Kooker,American
Lakin,American
Lepley,American
Mackler,American
Malich,American
Math,American
Morningstar,American
Natt,American
Needle,American
Needleman,American
Nemer,American
New,American
Newberg,American
Newcomer,American
Newfield,American
Nichols,American
Nick,American
Norton,American
Ostrow,American
Palmertree,American
Perr,American
Pershing,American
Podoll,American
Polish,American
Popov,American
Redstone,American
Ridlehoover,American
Rodeheaver,American
Rodenbaugh,American
Romanoff,American
Rub,American
Salk,American
Salsbury,American
Samudio,American
Sauerbrey,American
Settlemire,American
Sickafoose,American
Sky,American
Solloway,American
Solway,American
Stalls,American
Strome,American
Sugerman,American
Tanguma,American
Tannen,American
Tarango,American
Tarnoff,American
Teaff,American
Thaw,American
Thobe,American
Trosky,American
Tyrone,American
Uran,American
Van Every,American
Venzor,American
Wisener,American
Wolin,American
Youtz,American
Zaret,American
Zertuche,American
