Abraham,Irish
Acres,Irish
Adair,Irish
Addair,Irish
Adger,Irish
Agan,Irish
Agnew,Irish
Ahearn,Irish
Ahern,Irish
Aherne,Irish
Aikens,Irish
Aikin,Irish
Aikins,Irish
Akens,Irish
Akin,Irish
Akins,Irish
Alcorn,Irish
Algee,Irish
Alls,Irish
Alwood,Irish
Amberson,Irish
Angle,Irish
Anglim,Irish
Anglin,Irish
Angus,Irish
Annett,Irish
Ansbro,Irish
Arbuthnot,Irish
Ardrey,Irish
Argall,Irish
Argue,Irish
Armour,Irish
Armstrong,Irish
Art,Irish
Arters,Irish
Arther,Irish
Arthur,Irish
Arthurs,Irish
Ashe,Irish
Atcheson,Irish
Atchinson,Irish
Atchison,Irish
Athey,Irish
Athy,Irish
Baldwin,Irish
Baldy,Irish
Balfe,Irish
Ballagh,Irish
Bane,Irish
Banfield,Irish
Banfill,Irish
Bankhead,Irish
Banks,Irish
Bannan,Irish
Bannon,Irish
Banville,Irish
Banwell,Irish
Barbour,Irish
Bardeen,Irish
Barnes,Irish
Baron,Irish
Barr,Irish
Barrington,Irish
Barron,Irish
Barry,Irish
Basnett,Irish
Beacom,Irish
Beamish,Irish
Beams,Irish
Beary,Irish
Beatty,Irish
Beaty,Irish
Becket,Irish
Beers,Irish
Begg,Irish
Beggs,Irish
Begley,Irish
Behan,Irish
Beirne,Irish
Belew,Irish
Bellamy,Irish
Bellew,Irish
Belton,Irish
Bergin,Irish
Berkery,Irish
Bermingham,Irish
Berne,Irish
Berrigan,Irish
Berry,Irish
Best,Irish
Biggs,Irish
Bigley,Irish
Bilbo,Irish
Bird,Irish
Birns,Irish
Black,Irish
Blackard,Irish
Blackman,Irish
Blair,Irish
Blake,Irish
Blakely,Irish
Blanchfield,Irish
Blaney,Irish
Blayney,Irish
Blee,Irish
Bleigh,Irish
Blessing,Irish
Bligh,Irish
Blight,Irish
Boal,Irish
Boden,Irish
Bodkin,Irish
Bogan,Irish
Boggan,Irish
Bogle,Irish
Bogue,Irish
Bohan,Irish
Bohanan,Irish
Bohannan,Irish
Bohannon,Irish
Bohanon,Irish
Bolan,Irish
Boland,Irish
Bole,Irish
Bolger,Irish
Bollard,Irish
Bonar,Irish
Bonfield,Irish
Bonnar,Irish
Bonner,Irish
Bonny,Irish
Boran,Irish
Boreen,Irish
Bothwell,Irish
Bough,Irish
Boughan,Irish
Bovaird,Irish
Bow,Irish
Bowden,Irish
Bowen,Irish
Bowes,Irish
Bowie,Irish
Bowlan,Irish
Bowles,Irish
Boyce,Irish
Boylan,Irish
Boyland,Irish
Boyle,Irish
Boyles,Irish
Boyne,Irish
Brackeen,Irish
Bracken,Irish
Brackin,Irish
Bradeen,Irish
Braden,Irish
Bradigan,Irish
Bradish,Irish
Bradley,Irish
Brady,Irish
Bragan,Irish
Brain,Irish
Branagan,Irish
Brandon,Irish
Braniff,Irish
Branigan,Irish
Brannan,Irish
Brannen,Irish
Brannick,Irish
Brannigan,Irish
Brannock,Irish
Bransfield,Irish
Bransom,Irish
Brassil,Irish
Bratton,Irish
Brawley,Irish
Brayer,Irish
Brazeal,Irish
Brazel,Irish
Brazell,Irish
Braziel,Irish
Brazil,Irish
Brazill,Irish
Brazzel,Irish
Brazzle,Irish
Breach,Irish
Bready,Irish
Brean,Irish
Brecheen,Irish
Breckenridge,Irish
Bredin,Irish
Bree,Irish
Breen,Irish
Breene,Irish
Breheny,Irish
Brennan,Irish
Breslin,Irish
Bresnahan,Irish
Bresnan,Irish
Brew,Irish
Brewin,Irish
Brian,Irish
Brians,Irish
Briant,Irish
Briar,Irish
Brick,Irish
Brickley,Irish
Bride,Irish
Bridgett,Irish
Brien,Irish
Brier,Irish
Briody,Irish
Brison,Irish
Broderick,Irish
Brodigan,Irish
Brodrick,Irish
Broe,Irish
Brogan,Irish
Bronaugh,Irish
Brophy,Irish
Brosnahan,Irish
Brosnan,Irish
Brosnihan,Irish
Brother,Irish
Brothers,Irish
Brown,Irish
Broy,Irish
Bruen,Irish
Brunty,Irish
Bryan,Irish
Bryans,Irish
Bryde,Irish
Bryson,Irish
Buckley,Irish
Buick,Irish
Burke,Irish
Burney,Irish
Burns,Irish
Burnside,Irish
Burrell,Irish
Busteed,Irish
Butler,Irish
Byrne,Irish
Byrnes,Irish
Byrns,Irish
Bywater,Irish
Bywaters,Irish
Cabe,Irish
Cadden,Irish
Caden,Irish
Cadigan,Irish
Cadogan,Irish
Cadwell,Irish
Caffee,Irish
Cafferty,Irish
Caffery,Irish
Caffey,Irish
Caffrey,Irish
Cagney,Irish
Cahalan,Irish
Cahalane,Irish
Cahall,Irish
Cahan,Irish
Cahill,Irish
Cairney,Irish
Calahan,Irish
Caldon,Irish
Caldwell,Irish
Caley,Irish
Calhoon,Irish
Calhoun,Irish
Calkin,Irish
Calkins,Irish
Call,Irish
Callaghan,Irish
Callahan,Irish
Callan,Irish
Callanan,Irish
Callen,Irish
Callery,Irish
Calley,Irish
Calligan,Irish
Callihan,Irish
Callinan,Irish
Callins,Irish
Callis,Irish
Callison,Irish
Calnan,Irish
Calvey,Irish
Camblin,Irish
Cambridge,Irish
Camlin,Irish
Cammack,Irish
Cammon,Irish
Canaan,Irish
Canavan,Irish
Candlish,Irish
Caniff,Irish
Cannan,Irish
Canney,Irish
Canniff,Irish
Canning,Irish
Cannon,Irish
Canny,Irish
Cantey,Irish
Cantlin,Irish
Canty,Irish
Carbary,Irish
Carberry,Irish
Cardwell,Irish
Carey,Irish
Cariker,Irish
Carlan,Irish
Carland,Irish
Carlin,Irish
Carlton,Irish
Carmody,Irish
Carnahan,Irish
Carnes,Irish
Carney,Irish
Carol,Irish
Carolan,Irish
Carolin,Irish
Caroline,Irish
Caroll,Irish
Carr,Irish
Carragher,Irish
Carraher,Irish
Carrick,Irish
Carrig,Irish
Carrigan,Irish
Carrol,Irish
Carroll,Irish
Carry,Irish
Carse,Irish
Carson,Irish
Cart,Irish
Carten,Irish
Carter,Irish
Cartin,Irish
Carton,Irish
Carty,Irish
Carvell,Irish
Carver,Irish
Carvey,Irish
Carville,Irish
Carwell,Irish
Cary,Irish
Casey,Irish
Cashel,Irish
Cashell,Irish
Cashen,Irish
Cashin,Irish
Cashion,Irish
Cashman,Irish
Cashon,Irish
Caskey,Irish
Caslin,Irish
Cassaday,Irish
Cassady,Irish
Cassedy,Irish
Casserly,Irish
Cassiday,Irish
Cassidy,Irish
Castles,Irish
Catterson,Irish
Caudell,Irish
Caudill,Irish
Caudle,Irish
Caufield,Irish
Caughell,Irish
Caughey,Irish
Caughlin,Irish
Cauldwell,Irish
Cauley,Irish
Caulfield,Irish
Caulkins,Irish
Cavan,Irish
Cavanagh,Irish
Cavanah,Irish
Cavanaugh,Irish
Caven,Irish
Caveney,Irish
Caveny,Irish
Cavey,Irish
Cavinder,Irish
Cavitt,Irish
Cawley,Irish
Charlton,Irish
Chesney,Irish
Chism,Irish
Chivers,Irish
Christy,Irish
Claffey,Irish
Claflin,Irish
Claire,Irish
Clancey,Irish
Clancy,Irish
Clardy,Irish
Clare,Irish
Clarey,Irish
Clary,Irish
Clasby,Irish
Clavin,Irish
Claymore,Irish
Clear,Irish
Cleary,Irish
Cleland,Irish
Clelland,Irish
Clenney,Irish
Clewis,Irish
Clews,Irish
Clingan,Irish
Clinton,Irish
Clisham,Irish
Cloherty,Irish
Clohessy,Irish
Cloney,Irish
Cloonan,Irish
Clooney,Irish
Cloran,Irish
Clouden,Irish
Clougherty,Irish
Cloy,Irish
Clucas,Irish
Clune,Irish
Cluney,Irish
Clure,Irish
Clyde,Irish
Clyne,Irish
Clynes,Irish
Coady,Irish
Coakley,Irish
Coalter,Irish
Coan,Irish
Coday,Irish
Codd,Irish
Cody,Irish
Coen,Irish
Coffee,Irish
Coffeen,Irish
Coffey,Irish
Cogan,Irish
Coggan,Irish
Coggin,Irish
Coggins,Irish
Coghlan,Irish
Cogley,Irish
Cohagan,Irish
Cohea,Irish
Cohee,Irish
Coil,Irish
Coile,Irish
Coin,Irish
Cokeley,Irish
Cokely,Irish
Cokley,Irish
Colahan,Irish
Colbath,Irish
Colbeth,Irish
Coldwell,Irish
Cole,Irish
Coleman,Irish
Colfer,Irish
Colgan,Irish
Colgin,Irish
Coll,Irish
Colleran,Irish
Colleton,Irish
Colley,Irish
Colligan,Irish
Collins,Irish
Collister,Irish
Colliton,Irish
Collman,Irish
Collopy,Irish
Colman,Irish
Colopy,Irish
Coltrane,Irish
Comas,Irish
Comb,Irish
Combe,Irish
Comber,Irish
Combs,Irish
Comerford,Irish
Comiskey,Irish
Comisky,Irish
Commerford,Irish
Commins,Irish
Common,Irish
Commons,Irish
Conaghan,Irish
Conahan,Irish
Conary,Irish
Conaty,Irish
Conboy,Irish
Concannon,Irish
Condon,Irish
Condran,Irish
Condron,Irish
Cone,Irish
Conery,Irish
Conkey,Irish
Conkin,Irish
Conlan,Irish
Conley,Irish
Conlin,Irish
Conlon,Irish
Conly,Irish
Conmy,Irish
Conn,Irish
Connally,Irish
Connaughton,Irish
Connaway,Irish
Connealy,Irish
Conneely,Irish
Connel,Irish
Connell,Irish
Connelley,Irish
Connelly,Irish
Connely,Irish
Conner,Irish
Connerley,Irish
Connerly,Irish
Conners,Irish
Connerton,Irish
Connery,Irish
Connick,Irish
Conniff,Irish
Connolley,Irish
Connolly,Irish
Connon,Irish
Connor,Irish
Connors,Irish
Conolly,Irish
Conoly,Irish
Conran,Irish
Conrey,Irish
Conroy,Irish
Conry,Irish
Considine,Irish
Convery,Irish
Convey,Irish
Conville,Irish
Conway,Irish
Conwell,Irish
Conwill,Irish
Coody,Irish
Coogan,Irish
Cook,Irish
Cool,Irish
Coole,Irish
Cooley,Irish
Coon,Irish
Coonan,Irish
Coonen,Irish
Cooney,Irish
Coppin,Irish
Corban,Irish
Corbett,Irish
Corboy,Irish
Corby,Irish
Corcoran,Irish
Cord,Irish
Corell,Irish
Corey,Irish
Corkery,Irish
Corkill,Irish
Corkins,Irish
Corkran,Irish
Corley,Irish
Cormack,Irish
Corr,Irish
Correll,Irish
Corrick,Irish
Corrigan,Irish
Corrin,Irish
Corry,Irish
Corson,Irish
Cosgrave,Irish
Cosgray,Irish
Cosgriff,Irish
Cosgrove,Irish
Coskey,Irish
Costain,Irish
Costello,Irish
Costigan,Irish
Costilow,Irish
Costine,Irish
Costley,Irish
Costlow,Irish
Cotter,Irish
Coughlan,Irish
Coughlin,Irish
Coulson,Irish
Coulter,Irish
Counihan,Irish
Coursey,Irish
Court,Irish
Courtenay,Irish
Courtney,Irish
Coury,Irish
Couser,Irish
Covey,Irish
Cowley,Irish
Cowman,Irish
Cox,Irish
Coy,Irish
Coyan,Irish
Coye,Irish
Coyle,Irish
Coyne,Irish
Crady,Irish
Crafford,Irish
Crahan,Irish
Crain,Irish
Craney,Irish
Cranney,Irish
Cranor,Irish
Crary,Irish
Cratty,Irish
Craven,Irish
Cravey,Irish
Craw,Irish
Crawford,Irish
Cray,Irish
Creagan,Irish
Creagh,Irish
Creamer,Irish
Crean,Irish
Creary,Irish
Creed,Irish
Creeden,Irish
Creedon,Irish
Creegan,Irish
Creelman,Irish
Creely,Irish
Creevy,Irish
Cregan,Irish
Crehan,Irish
Creighton,Irish
Cremin,Irish
Cremins,Irish
Crighton,Irish
Crilley,Irish
Crilly,Irish
Crimmins,Irish
Croak,Irish
Croan,Irish
Crogan,Irish
Croghan,Irish
Croke,Irish
Croley,Irish
Cromie,Irish
Cromley,Irish
Cronan,Irish
Crone,Irish
Cronen,Irish
Croney,Irish
Cronin,Irish
Crosby,Irish
Croskey,Irish
Cross,Irish
Crossan,Irish
Crosse,Irish
Crossen,Irish
Crossett,Irish
Crossgrove,Irish
Crossin,Irish
Crothers,Irish
Crotty,Irish
Crough,Irish
Crow,Irish
Crowe,Irish
Crowley,Irish
Croy,Irish
Crum,Irish
Crumb,Irish
Crumley,Irish
Crumlish,Irish
Crumly,Irish
Crumm,Irish
Crummey,Irish
Crummie,Irish
Cruthers,Irish
Cryan,Irish
Crystal,Irish
Cudahy,Irish
Cuddihy,Irish
Cue,Irish
Cuff,Irish
Cuffe,Irish
Cuffee,Irish
Cuffie,Irish
Culbert,Irish
Culbertson,Irish
Culbreath,Irish
Culbreth,Irish
Culhane,Irish
Culkin,Irish
Cullen,Irish
Cullens,Irish
Culleton,Irish
Culley,Irish
Culligan,Irish
Cullin,Irish
Cullinan,Irish
Cullinane,Irish
Culliton,Irish
Cullivan,Irish
Cully,Irish
Cumber,Irish
Cumiskey,Irish
Cumming,Irish
Cummingham,Irish
Cummings,Irish
Cummins,Irish
Cummiskey,Irish
Cundiff,Irish
Cunnane,Irish
Cunneen,Irish
Cunniff,Irish
Cunniffe,Irish
Cunningham,Irish
Cupples,Irish
Cure,Irish
Curley,Irish
Curran,Irish
Curren,Irish
Currin,Irish
Curry,Irish
Curtain,Irish
Curtin,Irish
Cusack,Irish
Dacey,Irish
Dacy,Irish
Dade,Irish
Dady,Irish
Dagnan,Irish
Dahill,Irish
Dailey,Irish
Daily,Irish
Dale,Irish
Daley,Irish
Dalley,Irish
Dally,Irish
Dalton,Irish
Daly,Irish
Danaher,Irish
Danahy,Irish
Dane,Irish
Daniel,Irish
Danvers,Irish
Darby,Irish
Darcy,Irish
Dardis,Irish
Dargan,Irish
Darmody,Irish
Darragh,Irish
Darrah,Irish
Darrough,Irish
Daugherty,Irish
Daughety,Irish
Daunt,Irish
Davenport,Irish
Davern,Irish
Davin,Irish
Davitt,Irish
Davlin,Irish
Davoren,Irish
Davy,Irish
Daw,Irish
Dawe,Irish
Dawley,Irish
Day,Irish
Dea,Irish
Deacon,Irish
Deacy,Irish
Deady,Irish
Deakin,Irish
Dealy,Irish
Deam,Irish
Deamer,Irish
Dean,Irish
Deane,Irish
Dearmond,Irish
Dease,Irish
Deasy,Irish
Deaver,Irish
Deavers,Irish
Decourcey,Irish
Decourcy,Irish
Decoursey,Irish
Dee,Irish
Deegan,Irish
Deehan,Irish
Deeley,Irish
Deely,Irish
Deen,Irish
Deeney,Irish
Deere,Irish
Deery,Irish
Degan,Irish
Degnan,Irish
Deighan,Irish
Deignan,Irish
Deily,Irish
Delacey,Irish
Delacy,Irish
Delahunt,Irish
Delahunty,Irish
Delaney,Irish
Delany,Irish
Delap,Irish
Delay,Irish
Delee,Irish
Delehanty,Irish
Dempsey,Irish
Dempster,Irish
Denehy,Irish
Dennehy,Irish
Denning,Irish
Dennis,Irish
Denny,Irish
Derham,Irish
Dermody,Irish
Dermott,Irish
Derrick,Irish
Derrig,Irish
Derry,Irish
Derwin,Irish
Desmond,Irish
Devan,Irish
Devane,Irish
Devaney,Irish
Devanney,Irish
Devany,Irish
Deveney,Irish
Devenney,Irish
Devenny,Irish
Devenport,Irish
Dever,Irish
Deveraux,Irish
Devereaux,Irish
Deverell,Irish
Devereux,Irish
Devers,Irish
Devery,Irish
Devey,Irish
Devin,Irish
Devine,Irish
Devitt,Irish
Devlin,Irish
Devney,Irish
Devon,Irish
Devoy,Irish
Dewane,Irish
Diamond,Irish
Dickey,Irish
Dickie,Irish
Dickson,Irish
Diffin,Irish
Diffley,Irish
Dignam,Irish
Dignan,Irish
Dillion,Irish
Dillon,Irish
Dilworth,Irish
Dimon,Irish
Dimond,Irish
Dinan,Irish
Dineen,Irish
Dinkin,Irish
Dinneen,Irish
Dinsmore,Irish
Diskin,Irish
Ditty,Irish
Divan,Irish
Diven,Irish
Diver,Irish
Divine,Irish
Diviney,Irish
Doak,Irish
Doan,Irish
Doane,Irish
Dobbin,Irish
Dockens,Irish
Dockery,Irish
Dockins,Irish
Dockray,Irish
Dockrey,Irish
Dodd,Irish
Doheny,Irish
Doherty,Irish
Dohoney,Irish
Dolan,Irish
Dole,Irish
Dolen,Irish
Dollahite,Irish
Dollard,Irish
Dollarhide,Irish
Dolly,Irish
Dolphin,Irish
Donaghey,Irish
Donaghue,Irish
Donaghy,Irish
Donaher,Irish
Donahey,Irish
Donaho,Irish
Donahoe,Irish
Donahue,Irish
Donald,Irish
Donavan,Irish
Donegan,Irish
Donelan,Irish
Donigan,Irish
Donivan,Irish
Donlan,Irish
Donlevy,Irish
Donley,Irish
Donlin,Irish
Donlon,Irish
Donnally,Irish
Donnan,Irish
Donnell,Irish
Donnellan,Irish
Donnelley,Irish
Donnellon,Irish
Donnelly,Irish
Donoghue,Irish
Donoho,Irish
Donohoe,Irish
Donohoo,Irish
Donohue,Irish
Donovan,Irish
Doody,Irish
Doogan,Irish
Doolan,Irish
Doolen,Irish
Dooley,Irish
Doolin,Irish
Dooling,Irish
Dooly,Irish
Doonan,Irish
Dooner,Irish
Dooney,Irish
Doorley,Irish
Doran,Irish
Dorcas,Irish
Dorcey,Irish
Dore,Irish
Dorgan,Irish
Dorian,Irish
Doris,Irish
Dority,Irish
Dormady,Irish
Dormer,Irish
Dornan,Irish
Dorney,Irish
Dornon,Irish
Dorrian,Irish
Dorriety,Irish
Dorris,Irish
Dorrity,Irish
Doud,Irish
Douds,Irish
Dougan,Irish
Dougharty,Irish
Dougher,Irish
Dougherty,Irish
Dovey,Irish
Dowd,Irish
Dowda,Irish
Dowdall,Irish
Dowdell,Irish
Dowds,Irish
Dowdy,Irish
Dowell,Irish
Dowey,Irish
Dowie,Irish
Dowland,Irish
Dowley,Irish
Dowlin,Irish
Dowling,Irish
Downer,Irish
Downes,Irish
Downey,Irish
Downie,Irish
Downing,Irish
Doyal,Irish
Doyel,Irish
Doyle,Irish
Doyne,Irish
Drain,Irish
Draper,Irish
Drea,Irish
Drennan,Irish
Drennen,Irish
Drennon,Irish
Drew,Irish
Drewery,Irish
Drewry,Irish
Drinan,Irish
Drinnen,Irish
Driscoll,Irish
Driskel,Irish
Driskell,Irish
Driskill,Irish
Drisko,Irish
Drohan,Irish
Dromgoole,Irish
Droney,Irish
Drought,Irish
Drugan,Irish
Drum,Irish
Drumgoole,Irish
Drumm,Irish
Drury,Irish
Duane,Irish
Ducey,Irish
Duck,Irish
Duddy,Irish
Dudley,Irish
Duff,Irish
Duffey,Irish
Duffie,Irish
Duffin,Irish
Duffy,Irish
Dugan,Irish
Duggan,Irish
Duggin,Irish
Duggins,Irish
Duignan,Irish
Duke,Irish
Dullea,Irish
Dunagin,Irish
Dunavan,Irish
Dunavin,Irish
Duncan,Irish
Dundas,Irish
Dundee,Irish
Dundon,Irish
Dunegan,Irish
Dungan,Irish
Dunigan,Irish
Dunivan,Irish
Dunkerson,Irish
Dunkin,Irish
Dunlavey,Irish
Dunlavy,Irish
Dunlea,Irish
Dunleavy,Irish
Dunlevy,Irish
Dunlop,Irish
Dunn,Irish
Dunnigan,Irish
Dunning,Irish
Dunphy,Irish
Durgan,Irish
Durgin,Irish
Duris,Irish
Durkan,Irish
Durkee,Irish
Durkin,Irish
Durley,Irish
Durnan,Irish
Durney,Irish
Durnin,Irish
Duross,Irish
Durrett,Irish
Dwan,Irish
Dwiggins,Irish
Dwyer,Irish
Dyer,Irish
Dymond,Irish
Dynan,Irish
Dynes,Irish
Eagan,Irish
Eagen,Irish
Eagleson,Irish
Eakin,Irish
Earley,Irish
Early,Irish
Earney,Irish
Eason,Irish
Egan,Irish
English,Irish
Enis,Irish
Ennis,Irish
Enright,Irish
Erven,Irish
Ervin,Irish
Ervine,Irish
Erving,Irish
Erwin,Irish
Evoy,Irish
Fagan,Irish
Fagen,Irish
Faherty,Irish
Fahey,Irish
Fahy,Irish
Fails,Irish
Fair,Irish
Falin,Irish
Fall,Irish
Fallen,Irish
Fallin,Irish
Fallis,Irish
Fallon,Irish
Falls,Irish
Faloon,Irish
Falvey,Irish
Fannin,Irish
Fannon,Irish
Faragher,Irish
Farland,Irish
Farley,Irish
Farmer,Irish
Farnan,Irish
Farnen,Irish
Farragher,Irish
Farrall,Irish
Farran,Irish
Farrel,Irish
Farrell,Irish
Farrelly,Irish
Farren,Irish
Farrens,Irish
Farrey,Irish
Farrin,Irish
Farrish,Irish
Farron,Irish
Farry,Irish
Faughnan,Irish
Faul,Irish
Fay,Irish
Feagan,Irish
Feagans,Irish
Feagin,Irish
Feagins,Irish
Fealy,Irish
Fedrick,Irish
Fee,Irish
Feehan,Irish
Feeley,Irish
Feely,Irish
Feeney,Irish
Feeny,Irish
Feerick,Irish
Fegan,Irish
Fenelon,Irish
Fenerty,Irish
Fenlon,Irish
Fennel,Irish
Fennell,Irish
Fennelly,Irish
Fennessey,Irish
Fennessy,Irish
Fenton,Irish
Fereday,Irish
Fergus,Irish
Ferrall,Irish
Ferran,Irish
Ferrel,Irish
Ferrell,Irish
Ferrick,Irish
Ferrill,Irish
Ferrin,Irish
Ferris,Irish
Ferriss,Irish
Ferry,Irish
Feury,Irish
Fiddes,Irish
Field,Irish
Filbin,Irish
Finan,Irish
Finegan,Irish
Fineran,Irish
Finerty,Irish
Finigan,Irish
Finlan,Irish
Finn,Irish
Finnan,Irish
Finnegan,Irish
Finnen,Irish
Finneran,Irish
Finnerty,Irish
Finnigan,Irish
Finnin,Irish
Finton,Irish
Finucan,Irish
Finucane,Irish
Fisher,Irish
Fitzgerald,Irish
Fitzgibbon,Irish
Fitzgibbons,Irish
Fitzharris,Irish
Fitzhenry,Irish
Fitzherbert,Irish
Fitzmaurice,Irish
Fitzmorris,Irish
Fitzpatrick,Irish
Fitzroy,Irish
Fitzsimmons,Irish
Fitzsimons,Irish
Fitzwater,Irish
Flaharty,Irish
Flaherty,Irish
Flahive,Irish
Flanagan,Irish
Flanagin,Irish
Flanary,Irish
Flanery,Irish
Flanigan,Irish
Flannagan,Irish
Flannery,Irish
Flannigan,Irish
Flatley,Irish
Flattery,Irish
Flavin,Irish
Fling,Irish
Flinn,Irish
Flood,Irish
Flynn,Irish
Fogarty,Irish
Fogerty,Irish
Fohey,Irish
Folan,Irish
Foley,Irish
Follen,Irish
Follin,Irish
Follis,Irish
Foody,Irish
Foran,Irish
Forbes,Irish
Ford,Irish
Forde,Irish
Foren,Irish
Fork,Irish
Forkin,Irish
Forrestal,Irish
Fox,Irish
Foy,Irish
Fraher,Irish
Frasher,Irish
Frashier,Irish
Frasier,Irish
Frawley,Irish
Freeman,Irish
Friel,Irish
Frizzell,Irish
Fullerton,Irish
Fulton,Irish
Funston,Irish
Furey,Irish
Furlong,Irish
Furry,Irish
Fury,Irish
Fye,Irish
Gaddis,Irish
Gaddy,Irish
Gaffey,Irish
Gaffin,Irish
Gaffney,Irish
Gagan,Irish
Gagen,Irish
Gahagan,Irish
Gahan,Irish
Gainer,Irish
Gainey,Irish
Gainor,Irish
Gall,Irish
Gallager,Irish
Gallagher,Irish
Gallahan,Irish
Gallaher,Irish
Gallahue,Irish
Gallaugher,Irish
Galleher,Irish
Gallen,Irish
Gallery,Irish
Galligan,Irish
Galligher,Irish
Galliher,Irish
Gallivan,Irish
Gallogly,Irish
Galvin,Irish
Galway,Irish
Ganley,Irish
Gann,Irish
Gannon,Irish
Gara,Irish
Gargan,Irish
Garity,Irish
Garman,Irish
Garmon,Irish
Garr,Irish
Garrahan,Irish
Garrigan,Irish
Garrity,Irish
Garry,Irish
Garvey,Irish
Garvin,Irish
Gary,Irish
Gatchel,Irish
Gatchell,Irish
Gately,Irish
Gatens,Irish
Gaugh,Irish
Gaughan,Irish
Gaughran,Irish
Gaul,Irish
Gaunce,Irish
Gavaghan,Irish
Gavan,Irish
Gavigan,Irish
Gavin,Irish
Gaw,Irish
Gawley,Irish
Gaynor,Irish
Geagan,Irish
Gearty,Irish
Geary,Irish
Geddes,Irish
Geddie,Irish
Geddis,Irish
Gee,Irish
Geelan,Irish
Geery,Irish
Geoghagan,Irish
Geoghan,Irish
Geoghegan,Irish
Geraghty,Irish
Geraty,Irish
Gerety,Irish
Gerity,Irish
Gerrity,Irish
Getty,Irish
Ghee,Irish
Gibboney,Irish
Giblin,Irish
Gibney,Irish
Giboney,Irish
Giffen,Irish
Giffin,Irish
Gilboy,Irish
Gilbride,Irish
Gildea,Irish
Giles,Irish
Gilhooley,Irish
Gilhooly,Irish
Gililland,Irish
Gilkey,Irish
Gill,Irish
Gillan,Irish
Gilland,Irish
Gilleland,Irish
Gillen,Irish
Gilleran,Irish
Gillespie,Irish
Gillian,Irish
Gilliand,Irish
Gilliard,Irish
Gilligan,Irish
Gillilan,Irish
Gilliland,Irish
Gillin,Irish
Gillmore,Irish
Gillooly,Irish
Gillund,Irish
Gilmartin,Irish
Gilmer,Irish
Gilmore,Irish
Gilmour,Irish
Gilpatrick,Irish
Gilpin,Irish
Gilroy,Irish
Gilsenan,Irish
Ging,Irish
Gingles,Irish
Ginley,Irish
Ginn,Irish
Ginty,Irish
Girt,Irish
Girvan,Irish
Girvin,Irish
Givan,Irish
Givans,Irish
Given,Irish
Givens,Irish
Givins,Irish
Glacken,Irish
Glackin,Irish
Glade,Irish
Glancey,Irish
Glancy,Irish
Glasby,Irish
Glasgow,Irish
Glasheen,Irish
Glaspey,Irish
Glaspy,Irish
Glass,Irish
Glave,Irish
Glavin,Irish
Gleason,Irish
Gleeson,Irish
Glendon,Irish
Glenn,Irish
Glenna,Irish
Glenney,Irish
Glennon,Irish
Glenny,Irish
Glow,Irish
Glynn,Irish
Goff,Irish
Goffney,Irish
Gogan,Irish
Gogerty,Irish
Goggin,Irish
Goggins,Irish
Going,Irish
Goings,Irish
Goins,Irish
Golden,Irish
Goldrick,Irish
Golightly,Irish
Golliher,Irish
Gookin,Irish
Gooley,Irish
Goonan,Irish
Gordon,Irish
Gorey,Irish
Gorman,Irish
Gormley,Irish
Gormly,Irish
Gorrie,Irish
Gorry,Irish
Gory,Irish
Gosnell,Irish
Gough,Irish
Govern,Irish
Gowan,Irish
Gowdy,Irish
Gowen,Irish
Gowers,Irish
Gowing,Irish
Goyne,Irish
Graddy,Irish
Grady,Irish
Granahan,Irish
Graney,Irish
Grannan,Irish
Grealish,Irish
Greaney,Irish
Greany,Irish
Green,Irish
Greenan,Irish
Greene,Irish
Greer,Irish
Grennan,Irish
Grew,Irish
Grewe,Irish
Gribben,Irish
Gribbin,Irish
Gribbins,Irish
Gribbon,Irish
Griffee,Irish
Griffey,Irish
Griffie,Irish
Griffin,Irish
Griffy,Irish
Grimley,Irish
Groark,Irish
Grody,Irish
Grogan,Irish
Gromley,Irish
Growney,Irish
Grugan,Irish
Guffey,Irish
Guffin,Irish
Guffy,Irish
Guider,Irish
Guilfoil,Irish
Guilfoyle,Irish
Guinan,Irish
Guinane,Irish
Guinee,Irish
Guiney,Irish
Guinn,Irish
Gunnell,Irish
Gunnells,Irish
Gunning,Irish
Gurry,Irish
Guthrie,Irish
Guttery,Irish
Hackett,Irish
Hadden,Irish
Hade,Irish
Haden,Irish
Hafey,Irish
Haffey,Irish
Hafford,Irish
Hagan,Irish
Hagans,Irish
Hagarty,Irish
Hagerty,Irish
Haggan,Irish
Haggerty,Irish
Hagin,Irish
Hague,Irish
Haig,Irish
Haines,Irish
Hainey,Irish
Haire,Irish
Haisley,Irish
Hale,Irish
Hales,Irish
Halferty,Irish
Hall,Irish
Hallahan,Irish
Halleran,Irish
Halley,Irish
Halligan,Irish
Hallin,Irish
Hallinan,Irish
Hallisey,Irish
Halloran,Irish
Halpin,Irish
Halton,Irish
Hamel,Irish
Hamell,Irish
Hamil,Irish
Hamill,Irish
Hamilton,Irish
Hamlen,Irish
Hamlin,Irish
Hamlyn,Irish
Hampson,Irish
Hamrock,Irish
Hanafin,Irish
Hanagan,Irish
Hanahan,Irish
Hanavan,Irish
Hanaway,Irish
Hanbury,Irish
Hand,Irish
Handley,Irish
Handlin,Irish
Handlon,Irish
Handly,Irish
Handrahan,Irish
Haney,Irish
Hanifan,Irish
Hanifin,Irish
Hanigan,Irish
Hanlan,Irish
Hanley,Irish
Hanlon,Irish
Hanly,Irish
Hanna,Irish
Hannagan,Irish
Hannah,Irish
Hannahs,Irish
Hannan,Irish
Hannaway,Irish
Hannegan,Irish
Hannigan,Irish
Hannon,Irish
Hanrahan,Irish
Hanratty,Irish
Hansbury,Irish
Hanson,Irish
Hanvey,Irish
Hanway,Irish
Haran,Irish
Harbin,Irish
Hardeman,Irish
Harden,Irish
Hardiman,Irish
Harding,Irish
Hardman,Irish
Hardrick,Irish
Hardy,Irish
Hardyman,Irish
Hare,Irish
Haren,Irish
Harford,Irish
Hargadon,Irish
Hargan,Irish
Harkin,Irish
Harkins,Irish
Harlan,Irish
Harley,Irish
Harman,Irish
Harmon,Irish
Harmond,Irish
Harned,Irish
Harnett,Irish
Harney,Irish
Harold,Irish
Harper,Irish
Harrell,Irish
Harren,Irish
Harrigan,Irish
Harrington,Irish
Harrity,Irish
Harron,Irish
Harsha,Irish
Harshaw,Irish
Hart,Irish
Harte,Irish
Hartigan,Irish
Hartin,Irish
Hartley,Irish
Hartnett,Irish
Hartney,Irish
Harton,Irish
Harty,Irish
Harvey,Irish
Hasen,Irish
Haskin,Irish
Haskins,Irish
Haslett,Irish
Haslip,Irish
Hassan,Irish
Hassard,Irish
Hassett,Irish
Hassey,Irish
Hasson,Irish
Hastie,Irish
Hastings,Irish
Hattery,Irish
Hatton,Irish
Haugh,Irish
Haughey,Irish
Haughney,Irish
Haughton,Irish
Haven,Irish
Haverty,Irish
Havey,Irish
Havlin,Irish
Havron,Irish
Hawe,Irish
Hawkins,Irish
Hayden,Irish
Haydon,Irish
Hayes,Irish
Hayles,Irish
Haynes,Irish
Hays,Irish
Haze,Irish
Heagerty,Irish
Heagney,Irish
Healan,Irish
Healy,Irish
Heaney,Irish
Heaphy,Irish
Hearin,Irish
Hearn,Irish
Hearne,Irish
Hearns,Irish
Hearon,Irish
Hearrell,Irish
Hearron,Irish
Hearty,Irish
Heary,Irish
Heaven,Irish
Heelan,Irish
Heenan,Irish
Heeney,Irish
Heery,Irish
Hefferan,Irish
Heffern,Irish
Heffernan,Irish
Hefferon,Irish
Heffron,Irish
Hegarty,Irish
Hehir,Irish
Hellen,Irish
Hemphill,Irish
Henagan,Irish
Henchey,Irish
Henderson,Irish
Heneghan,Irish
Henehan,Irish
Henery,Irish
Heney,Irish
Henigan,Irish
Hennegan,Irish
Hennelly,Irish
Hennesey,Irish
Hennessey,Irish
Hennessy,Irish
Hennesy,Irish
Hennigan,Irish
Henrick,Irish
Henry,Irish
Henson,Irish
Heraty,Irish
Herlan,Irish
Herley,Irish
Herlihy,Irish
Hern,Irish
Hernon,Irish
Heron,Irish
Herr,Irish
Herrel,Irish
Herrell,Irish
Herrick,Irish
Herrity,Irish
Herron,Irish
Heskin,Irish
Heslin,Irish
Heslip,Irish
Hession,Irish
Hesson,Irish
Hester,Irish
Heuston,Irish
Hewson,Irish
Heyne,Irish
Hickey,Irish
Higgens,Irish
Higgins,Irish
Highland,Irish
Hilferty,Irish
Hillen,Irish
Hilley,Irish
Hillhouse,Irish
Hinds,Irish
Hines,Irish
Hiney,Irish
Hinsey,Irish
Hiskey,Irish
Hoban,Irish
Hoctor,Irish
Hoey,Irish
Hofford,Irish
Hogan,Irish
Hogarty,Irish
Hoggan,Irish
Holahan,Irish
Holey,Irish
Holian,Irish
Holihan,Irish
Holland,Irish
Holleran,Irish
Hollinger,Irish
Hollingsworth,Irish
Holloran,Irish
Holly,Irish
Hollywood,Irish
Holmes,Irish
Holohan,Irish
Honan,Irish
Hood,Irish
Hooey,Irish
Hoolihan,Irish
Hopkins,Irish
Hora,Irish
Horan,Irish
Horgan,Irish
Horigan,Irish
Horkan,Irish
Horrigan,Irish
Hosey,Irish
Hough,Irish
Houlahan,Irish
Houlihan,Irish
Hourigan,Irish
Hourihan,Irish
Houston,Irish
Hovan,Irish
Howard,Irish
Howey,Irish
Howley,Irish
Hoy,Irish
Hoyle,Irish
Hoyne,Irish
Huddleson,Irish
Huddy,Irish
Hueston,Irish
Huey,Irish
Hughes,Irish
Hughey,Irish
Hume,Irish
Humphery,Irish
Hunt,Irish
Hunter,Irish
Hurley,Irish
Hurney,Irish
Hurrell,Irish
Hurst,Irish
Hussey,Irish
Hyland,Irish
Hynds,Irish
Hynes,Irish
Igo,Irish
Igoe,Irish
Irvan,Irish
Irvin,Irish
Irwin,Irish
Ivers,Irish
Jackson,Irish
Jameson,Irish
Jamieson,Irish
Jamison,Irish
Jelle,Irish
Jelley,Irish
Joyce,Irish
Judge,Irish
Junkin,Irish
Junkins,Irish
Kahoe,Irish
Kahoun,Irish
Kane,Irish
Kanney,Irish
Karn,Irish
Karnes,Irish
Karney,Irish
Karns,Irish
Kary,Irish
Kavanagh,Irish
Kavanaugh,Irish
Kay,Irish
Kea,Irish
Keady,Irish
Keahey,Irish
Kealey,Irish
Kealy,Irish
Kean,Irish
Keane,Irish
Keaney,Irish
Kearn,Irish
Kearney,Irish
Kearns,Irish
Kearse,Irish
Keary,Irish
Keating,Irish
Keaveney,Irish
Keaveny,Irish
Keddy,Irish
Kee,Irish
Keedy,Irish
Keef,Irish
Keefe,Irish
Keeffe,Irish
Keegan,Irish
Keehan,Irish
Keel,Irish
Keelan,Irish
Keele,Irish
Keelen,Irish
Keeley,Irish
Keeling,Irish
Keely,Irish
Keena,Irish
Keenan,Irish
Keeney,Irish
Keeny,Irish
Keever,Irish
Kegley,Irish
Kehoe,Irish
Keightley,Irish
Keilty,Irish
Keily,Irish
Keirn,Irish
Keirsey,Irish
Keleher,Irish
Keliher,Irish
Kelleher,Irish
Keller,Irish
Kelley,Irish
Kelliher,Irish
Kells,Irish
Kelly,Irish
Kemmet,Irish
Kemmis,Irish
Kenealy,Irish
Kenefick,Irish
Kenna,Irish
Kenneally,Irish
Kennealy,Irish
Kennedy,Irish
Kennelly,Irish
Kenney,Irish
Kennon,Irish
Kenny,Irish
Kenrick,Irish
Kenyon,Irish
Keogh,Irish
Keohane,Irish
Keon,Irish
Keough,Irish
Keown,Irish
Kerans,Irish
Kerin,Irish
Kerins,Irish
Kerley,Irish
Kerlin,Irish
Kermode,Irish
Kern,Irish
Kernaghan,Irish
Kernan,Irish
Kernell,Irish
Kernes,Irish
Kerney,Irish
Kerns,Irish
Kerr,Irish
Kerrigan,Irish
Kerwick,Irish
Kerwin,Irish
Kevin,Irish
Kew,Irish
Key,Irish
Keyes,Irish
Keys,Irish
Kidney,Irish
Kielty,Irish
Kiely,Irish
Kieran,Irish
Kiernan,Irish
Kiggins,Irish
Kilbane,Irish
Kilbride,Irish
Kilcoyne,Irish
Kilcullen,Irish
Kilday,Irish
Kildow,Irish
Kilduff,Irish
Kiley,Irish
Kilfoyle,Irish
Kilgallen,Irish
Kilgallon,Irish
Kilkelly,Irish
Kilkenny,Irish
Killeen,Irish
Killelea,Irish
Killen,Irish
Killens,Irish
Killian,Irish
Killilea,Irish
Killin,Irish
Killion,Irish
Killip,Irish
Killips,Irish
Killoran,Irish
Killoren,Irish
Kilmartin,Irish
Kilpatrick,Irish
Kilroy,Irish
Kilty,Irish
Kimmins,Irish
Kimmons,Irish
Kinahan,Irish
Kinane,Irish
Kincannon,Irish
Kinch,Irish
Kindrick,Irish
Kinion,Irish
Kiniry,Irish
Kinkade,Irish
Kinkaid,Irish
Kinkead,Irish
Kinlaw,Irish
Kinler,Irish
Kinna,Irish
Kinnan,Irish
Kinnane,Irish
Kinsella,Irish
Kirby,Irish
Kirgan,Irish
Kirker,Irish
Kirkpatrick,Irish
Kirley,Irish
Kirlin,Irish
Kirvan,Irish
Kirven,Irish
Kirvin,Irish
Kirwan,Irish
Kirwin,Irish
Kissane,Irish
Kitchen,Irish
Knee,Irish
Kneeland,Irish
Knight,Irish
Knowland,Irish
Knowles,Irish
Knox,Irish
Kough,Irish
Koyle,Irish
Kyle,Irish
Kyles,Irish
Kyne,Irish
Lacy,Irish
Laferty,Irish
Laffan,Irish
Lafferty,Irish
Laffey,Irish
Laffin,Irish
Lagan,Irish
Lahart,Irish
Lahiff,Irish
Laine,Irish
Laird,Irish
Lalley,Irish
Lally,Irish
Lalor,Irish
Lamb,Irish
Lambe,Irish
Lamond,Irish
Lamont,Irish
Lamore,Irish
Lanagan,Irish
Lanahan,Irish
Landrigan,Irish
Landrum,Irish
Lane,Irish
Laney,Irish
Langan,Irish
Langin,Irish
Lanigan,Irish
Lannan,Irish
Lannen,Irish
Lannigan,Irish
Lannin,Irish
Lannon,Irish
Lappin,Irish
Lapping,Irish
Larimore,Irish
Larkin,Irish
Larmer,Irish
Larmore,Irish
Larmour,Irish
Larrimore,Irish
Laughlin,Irish
Laughrey,Irish
Laury,Irish
Lavell,Irish
Lavelle,Irish
Laverty,Irish
Lavery,Irish
Lavey,Irish
Lavin,Irish
Lawhon,Irish
Lawhorn,Irish
Lawhorne,Irish
Lawhun,Irish
Lawler,Irish
Lawless,Irish
Lawlis,Irish
Lawlor,Irish
Lawman,Irish
Lawry,Irish
Lawther,Irish
Layden,Irish
Leahey,Irish
Leahy,Irish
Lean,Irish
Lear,Irish
Leary,Irish
Leas,Irish
Lease,Irish
Leathem,Irish
Leavey,Irish
Leday,Irish
Leddy,Irish
Lee,Irish
Leech,Irish
Lees,Irish
Lehan,Irish
Lehane,Irish
Lehigh,Irish
Leland,Irish
Lemon,Irish
Lenahan,Irish
Lenane,Irish
Lenehan,Irish
Lenihan,Irish
Lenney,Irish
Lennon,Irish
Lennox,Irish
Lenon,Irish
Lenox,Irish
Leonard,Irish
Lesley,Irish
Levingston,Irish
Lewin,Irish
Lewis,Irish
Leyden,Irish
Leydon,Irish
Liddy,Irish
Lightbody,Irish
Lillis,Irish
Limerick,Irish
Linam,Irish
Linch,Irish
Linden,Irish
Lindsay,Irish
Lindsey,Irish
Linehan,Irish
Linn,Irish
Linnane,Irish
Linnehan,Irish
Linnen,Irish
Linsey,Irish
Linskey,Irish
Linsky,Irish
Linton,Irish
Lipsett,Irish
Little,Irish
Livingston,Irish
Loane,Irish
Loftus,Irish
Logan,Irish
Loghry,Irish
Logue,Irish
Lohan,Irish
Lomasney,Irish
Londergan,Irish
Lonergan,Irish
Loney,Irish
Long,Irish
Longan,Irish
Looby,Irish
Looney,Irish
Loran,Irish
Lord,Irish
Lordan,Irish
Lory,Irish
Lothridge,Irish
Loudy,Irish
Lough,Irish
Loughlin,Irish
Loughnane,Irish
Loughney,Irish
Loughran,Irish
Loughrey,Irish
Loughridge,Irish
Loughry,Irish
Lourie,Irish
Louth,Irish
Lowder,Irish
Lowery,Irish
Lowney,Irish
Lowrey,Irish
Lowrie,Irish
Lowry,Irish
Luby,Irish
Lucey,Irish
Lucid,Irish
Lucy,Irish
Ludden,Irish
Luddy,Irish
Luff,Irish
Lundergan,Irish
Lundie,Irish
Lundrigan,Irish
Lundy,Irish
Lunney,Irish
Lunny,Irish
Lusher,Irish
Lyden,Irish
Lydon,Irish
Lynam,Irish
Lynaugh,Irish
Lynch,Irish
Lyne,Irish
Lyness,Irish
Lynn,Irish
Lynott,Irish
Lynskey,Irish
Lyon,Irish
Lyons,Irish
Lysaght,Irish
Lytle,Irish
Lyttle,Irish
Maberry,Irish
Mabery,Irish
Mabray,Irish
Mabrey,Irish
Mabry,Irish
MacAdam,Irish
MacAdams,Irish
MacAfee,Irish
MacAllister,Irish
MacArthur,Irish
MacArtney,Irish
MacAskill,Irish
MacBride,Irish
MacCarthy,Irish
MacCartney,Irish
MacConnell,Irish
MacCormack,Irish
MacCracken,Irish
MacDermott,Irish
MacDonell,Irish
MacDonnell,Irish
MacDonough,Irish
MacDowell,Irish
MacDuff,Irish
MacEachern,Irish
MacFadden,Irish
MacFadyen,Irish
MacFarland,Irish
MacGibbon,Irish
MacGill,Irish
MacGowan,Irish
MacGuire,Irish
MacIver,Irish
MacKay,Irish
MacKinney,Irish
MacKnight,Irish
MacLean,Irish
MacLellan,Irish
MacMahon,Irish
MacManus,Irish
MacMillen,Irish
MacMurray,Irish
MacNab,Irish
MacNair,Irish
MacNamara,Irish
MacNeal,Irish
MacNeil,Irish
MacNeill,Irish
MacPhail,Irish
MacPhee,Irish
MacTaggart,Irish
MacVicar,Irish
Mack,Irish
Macken,Irish
Mackin,Irish
Macklem,Irish
Macomber,Irish
Macumber,Irish
Madden,Irish
Maddin,Irish
Madigan,Irish
Madill,Irish
Madole,Irish
Maffett,Irish
Magaha,Irish
Magann,Irish
Magaw,Irish
Magee,Irish
Magennis,Irish
Magie,Irish
Magill,Irish
Maginn,Irish
Maginnis,Irish
Magner,Irish
Magness,Irish
Magouirk,Irish
Magowan,Irish
Magrath,Irish
Magrum,Irish
Maguire,Irish
Mahady,Irish
Mahaffey,Irish
Mahaffy,Irish
Mahan,Irish
Mahaney,Irish
Mahany,Irish
Mahar,Irish
Maher,Irish
Mahon,Irish
Mahone,Irish
Mahoney,Irish
Mahony,Irish
Mahood,Irish
Mahorney,Irish
Mairs,Irish
Majure,Irish
Malady,Irish
Malarkey,Irish
Malbrough,Irish
Malcolm,Irish
Malcomson,Irish
Mallen,Irish
Malley,Irish
Mallon,Irish
Malloy,Irish
Mally,Irish
Malone,Irish
Maloney,Irish
Malony,Irish
Manahan,Irish
Manary,Irish
Manatt,Irish
Mandeville,Irish
Maneely,Irish
Maney,Irish
Mangan,Irish
Mangin,Irish
Manix,Irish
Manley,Irish
Mannering,Irish
Manney,Irish
Manning,Irish
Mannings,Irish
Mannion,Irish
Mannis,Irish
Mannix,Irish
Manny,Irish
Manring,Irish
Manry,Irish
Mansfield,Irish
Manton,Irish
Manus,Irish
Mara,Irish
Maready,Irish
Maree,Irish
Mark,Irish
Markey,Irish
Markham,Irish
Marmion,Irish
Marn,Irish
Marnell,Irish
Maroney,Irish
Marrinan,Irish
Marron,Irish
Marry,Irish
Martin,Irish
Matchett,Irish
Mateer,Irish
Matthews,Irish
Mattimore,Irish
Maughan,Irish
Maun,Irish
Maune,Irish
Maurice,Irish
Mavity,Irish
Mawhinney,Irish
Mawn,Irish
Maxey,Irish
Maxwell,Irish
May,Irish
Mayben,Irish
Mayberry,Irish
Maybin,Irish
Maybury,Irish
Mayne,Irish
Maynes,Irish
Mayo,Irish
Maze,Irish
McAbee,Irish
McAda,Irish
McAdam,Irish
McAdams,Irish
McAdoo,Irish
McAdory,Irish
McAdow,Irish
McAfee,Irish
McAffee,Irish
McAlear,Irish
McAleer,Irish
McAleese,Irish
McAlhany,Irish
McAlister,Irish
McAllen,Irish
McAllister,Irish
McAloon,Irish
McAlpin,Irish
McAlpine,Irish
McAmis,Irish
McAnallen,Irish
McAnally,Irish
McAnany,Irish
McAndrew,Irish
McAndrews,Irish
McAnelly,Irish
McAneny,Irish
McAninch,Irish
McAnnally,Irish
McAnulty,Irish
McArdle,Irish
McAtee,Irish
McAteer,Irish
McAulay,Irish
McAuley,Irish
McAuliff,Irish
McAuliffe,Irish
McAvoy,Irish
McBean,Irish
McBee,Irish
McBratney,Irish
McBrearty,Irish
McBreen,Irish
McBride,Irish
McBridge,Irish
McBrien,Irish
McBurney,Irish
McBurnie,Irish
McCabe,Irish
McCadden,Irish
McCafferty,Irish
McCaffery,Irish
McCaffrey,Irish
McCaghren,Irish
McCague,Irish
McCahan,Irish
McCahill,Irish
McCahon,Irish
McCaig,Irish
McCain,Irish
McCaleb,Irish
McCall,Irish
McCalla,Irish
McCallen,Irish
McCalley,Irish
McCallion,Irish
McCallister,Irish
McCallon,Irish
McCally,Irish
McCalman,Irish
McCalmon,Irish
McCalmont,Irish
McCambridge,Irish
McCamish,Irish
McCammack,Irish
McCammon,Irish
McCan,Irish
McCance,Irish
McCandless,Irish
McCandlish,Irish
McCane,Irish
McCann,Irish
McCanna,Irish
McCannon,Irish
McCants,Irish
McCard,Irish
McCardell,Irish
McCardle,Irish
McCarey,Irish
McCargar,Irish
McCarl,Irish
McCarley,Irish
McCarn,Irish
McCarney,Irish
McCarrick,Irish
McCarroll,Irish
McCarron,Irish
McCarry,Irish
McCarson,Irish
McCart,Irish
McCartan,Irish
McCarten,Irish
McCarter,Irish
McCarthy,Irish
McCartin,Irish
McCartney,Irish
McCartt,Irish
McCarty,Irish
McCarver,Irish
McCarville,Irish
McCary,Irish
McCaskey,Irish
McCasland,Irish
McCaslin,Irish
McCathern,Irish
McCaughan,Irish
McCaughey,Irish
McCaul,Irish
McCauley,Irish
McCaulley,Irish
McCausland,Irish
McCaw,Irish
McCawley,Irish
McCay,Irish
McChesney,Irish
McChristian,Irish
McClafferty,Irish
McClam,Irish
McClamrock,Irish
McClanahan,Irish
McClane,Irish
McClard,Irish
McClarnon,Irish
McClarty,Irish
McClary,Irish
McClaskey,Irish
McClatchey,Irish
McClatchy,Irish
McClaugherty,Irish
McClaughry,Irish
McClave,Irish
McClay,Irish
McCleaf,Irish
McClean,Irish
McClearn,Irish
McCleary,Irish
McCleave,Irish
McCleery,Irish
McClees,Irish
McCleese,Irish
McClellan,Irish
McClelland,Irish
McClellen,Irish
McClement,Irish
McClements,Irish
McClenaghan,Irish
McClenahan,Irish
McClenathan,Irish
McClendon,Irish
McClenney,Irish
McClenny,Irish
McClenton,Irish
McCleod,Irish
McClernon,Irish
McCleskey,Irish
McClimans,Irish
McClimon,Irish
McClintock,Irish
McClinton,Irish
McClone,Irish
McClory,Irish
McCloskey,Irish
McClosky,Irish
McCloughan,Irish
McCloy,Irish
McClune,Irish
McClure,Irish
McClurkin,Irish
McCluskey,Irish
McClusky,Irish
McClymonds,Irish
McClymont,Irish
McCoach,Irish
McCoid,Irish
McCoin,Irish
McCole,Irish
McColgan,Irish
McColl,Irish
McCollam,Irish
McColley,Irish
McCollister,Irish
McCollom,Irish
McCollough,Irish
McCollum,Irish
McColly,Irish
McComas,Irish
McComb,Irish
McCombe,Irish
McComber,Irish
McCombs,Irish
McComiskey,Irish
McCommon,Irish
McComsey,Irish
McConaghy,Irish
McConaha,Irish
McConahay,Irish
McConahy,Irish
McConathy,Irish
McConaughey,Irish
McConaughy,Irish
McCone,Irish
McConkey,Irish
McConn,Irish
McConnel,Irish
McConnell,Irish
McConnon,Irish
McConville,Irish
McCooey,Irish
McCook,Irish
McCool,Irish
McCord,Irish
McCorkel,Irish
McCorkell,Irish
McCorkle,Irish
McCormack,Irish
McCormick,Irish
McCorry,Irish
McCort,Irish
McCory,Irish
McCosh,Irish
McCotter,Irish
McCoubrey,Irish
McCoun,Irish
McCourt,Irish
McCourtney,Irish
McCoury,Irish
McCown,Irish
McCoy,Irish
McCracken,Irish
McCrackin,Irish
McCrady,Irish
McCranie,Irish
McCrann,Irish
McCrary,Irish
McCraven,Irish
McCravy,Irish
McCraw,Irish
McCray,Irish
McCrea,Irish
McCready,Irish
McCreary,Irish
McCreedy,Irish
McCreery,Irish
McCreight,Irish
McCreless,Irish
McCrery,Irish
McCrickard,Irish
McCrohan,Irish
McCrone,Irish
McCrorey,Irish
McCrory,Irish
McCrossen,Irish
McCrossin,Irish
McCroy,Irish
McCrudden,Irish
McCrum,Irish
McCrumb,Irish
McCrystal,Irish
McCue,Irish
McCuin,Irish
McCullagh,Irish
McCullen,Irish
McCuller,Irish
McCullers,Irish
McCullick,Irish
McCullock,Irish
McCullom,Irish
McCullough,Irish
McCullum,Irish
McCully,Irish
McCune,Irish
McCurdy,Irish
McCurley,Irish
McCurry,Irish
McCurtain,Irish
McCusker,Irish
McCuskey,Irish
McCutcheon,Irish
McDade,Irish
McDaid,Irish
McDaniels,Irish
McDavid,Irish
McDavitt,Irish
McDermitt,Irish
McDermott,Irish
McDevitt,Irish
McDivitt,Irish
McDole,Irish
McDonagh,Irish
McDoniel,Irish
McDonnel,Irish
McDonnell,Irish
McDonough,Irish
McDorman,Irish
McDow,Irish
McDowell,Irish
McDuff,Irish
McDuffie,Irish
McDuffy,Irish
McDunn,Irish
McEachern,Irish
McElderry,Irish
McEldowney,Irish
McElduff,Irish
McEleney,Irish
McElhaney,Irish
McElhannon,Irish
McElhenny,Irish
McElheny,Irish
McElhiney,Irish
McElhinney,Irish
McElhinny,Irish
McElhone,Irish
McElligott,Irish
McElmurray,Irish
McElrath,Irish
McElroy,Irish
McElveen,Irish
McElwain,Irish
McElwee,Irish
McElyea,Irish
McEnaney,Irish
McEnany,Irish
McEndree,Irish
McEneaney,Irish
McEnerney,Irish
McEnery,Irish
McEniry,Irish
McEnroe,Irish
McEntee,Irish
McEvilly,Irish
McEvoy,Irish
McEwen,Irish
McFadden,Irish
McFaddin,Irish
McFaden,Irish
McFadin,Irish
McFadyen,Irish
McFall,Irish
McFalls,Irish
McFarlain,Irish
McFarland,Irish
McFarlane,Irish
McFarlen,Irish
McFarlin,Irish
McFarren,Irish
McFatridge,Irish
McFee,Irish
McFeeley,Irish
McFeely,Irish
McFerran,Irish
McFerren,Irish
McFerrin,Irish
McFerron,Irish
McFetridge,Irish
McField,Irish
McGaffey,Irish
McGaffin,Irish
McGaha,Irish
McGahan,Irish
McGahee,Irish
McGahey,Irish
McGalliard,Irish
McGann,Irish
McGannon,Irish
McGarity,Irish
McGarr,Irish
McGarrah,Irish
McGarrigle,Irish
McGarrity,Irish
McGarry,Irish
McGarty,Irish
McGarvey,Irish
McGary,Irish
McGaugh,Irish
McGaughey,Irish
McGaughy,Irish
McGauley,Irish
McGavock,Irish
McGaw,Irish
McGeady,Irish
McGeary,Irish
McGee,Irish
McGeehan,Irish
McGeever,Irish
McGehee,Irish
McGeough,Irish
McGettigan,Irish
McGettrick,Irish
McGhan,Irish
McGhee,Irish
McGibbon,Irish
McGibney,Irish
McGiboney,Irish
McGiffin,Irish
McGilberry,Irish
McGill,Irish
McGillen,Irish
McGillicuddy,Irish
McGilton,Irish
McGimsey,Irish
McGinity,Irish
McGinley,Irish
McGinn,Irish
McGinnes,Irish
McGinness,Irish
McGinnis,Irish
McGinniss,Irish
McGinnity,Irish
McGinty,Irish
McGirr,Irish
McGirt,Irish
McGivern,Irish
McGivney,Irish
McGlade,Irish
McGlamery,Irish
McGlashan,Irish
McGlathery,Irish
McGlauflin,Irish
McGlaughlin,Irish
McGlaun,Irish
McGlinchey,Irish
McGlinn,Irish
McGlocklin,Irish
McGloin,Irish
McGlone,Irish
McGlory,Irish
McGlothen,Irish
McGlothin,Irish
McGlynn,Irish
McGoey,Irish
McGoff,Irish
McGoldrick,Irish
McGonagle,Irish
McGonegal,Irish
McGonigal,Irish
McGonigle,Irish
McGoogan,Irish
McGorry,Irish
McGorty,Irish
McGory,Irish
McGougan,Irish
McGough,Irish
McGourty,Irish
McGovern,Irish
McGowan,Irish
McGowen,Irish
McGowin,Irish
McGown,Irish
McGrade,Irish
McGrady,Irish
McGrail,Irish
McGrain,Irish
McGranaghan,Irish
McGranahan,Irish
McGrane,Irish
McGrann,Irish
McGrath,Irish
McGraw,Irish
McGreal,Irish
McGreevey,Irish
McGreevy,Irish
McGrew,Irish
McGriff,Irish
McGroarty,Irish
McGrogan,Irish
McGrory,Irish
McGuane,Irish
McGuckin,Irish
McGue,Irish
McGuff,Irish
McGuffey,Irish
McGuffin,Irish
McGugan,Irish
McGuigan,Irish
McGuiggan,Irish
McGuiness,Irish
McGuinn,Irish
McGuinness,Irish
McGuire,Irish
McGuirk,Irish
McGuirl,Irish
McGuirt,Irish
McGurk,Irish
McGurl,Irish
McGurn,Irish
McGurrin,Irish
McGuyer,Irish
McHaffie,Irish
McHale,Irish
McHan,Irish
McHaney,Irish
McHarg,Irish
McHargue,Irish
McHatton,Irish
McHenry,Irish
McHone,Irish
McHugh,Irish
McIlhenny,Irish
McIlrath,Irish
McIlroy,Irish
McIlveen,Irish
McIlwee,Irish
McInally,Irish
McInerney,Irish
McInerny,Irish
McIntee,Irish
McInturf,Irish
McInturff,Irish
McInvale,Irish
McIrvin,Irish
McIver,Irish
McJunkin,Irish
McJunkins,Irish
McKague,Irish
McKahan,Irish
McKaig,Irish
McKain,Irish
McKane,Irish
McKanna,Irish
McKaughan,Irish
McKay,Irish
McKeag,Irish
McKeage,Irish
McKeague,Irish
McKearney,Irish
McKee,Irish
McKeegan,Irish
McKeehan,Irish
McKeel,Irish
McKeeman,Irish
McKeen,Irish
McKeever,Irish
McKeighan,Irish
McKell,Irish
McKellips,Irish
McKelvey,Irish
McKemie,Irish
McKendree,Irish
McKendrick,Irish
McKendry,Irish
McKenna,Irish
McKennon,Irish
McKenrick,Irish
McKeon,Irish
McKeone,Irish
McKeough,Irish
McKeown,Irish
McKern,Irish
McKernan,Irish
McKethan,Irish
McKevitt,Irish
McKewen,Irish
McKey,Irish
McKibben,Irish
McKibbin,Irish
McKibbon,Irish
McKiernan,Irish
McKillip,Irish
McKinney,Irish
McKinstry,Irish
McKissack,Irish
McKitrick,Irish
McKittrick,Irish
McKnight,Irish
McKone,Irish
McKowen,Irish
McKown,Irish
McKoy,Irish
McLafferty,Irish
McLain,Irish
McLaine,Irish
McLamb,Irish
McLamore,Irish
McLane,Irish
McLaney,Irish
McLaren,Irish
McLarney,Irish
McLarnon,Irish
McLaughlan,Irish
McLaughlin,Irish
McLaury,Irish
McLawhorn,Irish
McLean,Irish
McLear,Irish
McLeary,Irish
McLees,Irish
McLeese,Irish
McLeish,Irish
McLelland,Irish
McLemore,Irish
McLernon,Irish
McLeroy,Irish
McLerran,Irish
McLeskey,Irish
McLester,Irish
McLinden,Irish
McLinn,Irish
McLoone,Irish
McLoughlin,Irish
McLouth,Irish
McLure,Irish
McMackin,Irish
McMahan,Irish
McMahen,Irish
McMahill,Irish
McMahon,Irish
McMain,Irish
McMains,Irish
McManama,Irish
McManaman,Irish
McManamon,Irish
McManamy,Irish
McManaway,Irish
McManis,Irish
McMann,Irish
McMannis,Irish
McManus,Irish
McMath,Irish
McMeekin,Irish
McMeen,Irish
McMellon,Irish
McMenamin,Irish
McMenamy,Irish
McMenemy,Irish
McMichen,Irish
McMicken,Irish
McMickle,Irish
McMillen,Irish
McMillin,Irish
McMinn,Irish
McMonagle,Irish
McMonigal,Irish
McMonigle,Irish
McMorran,Irish
McMorris,Irish
McMorrow,Irish
McMurphy,Irish
McMurray,Irish
McMurrey,Irish
McMurrin,Irish
McMurry,Irish
McMurtrey,Irish
McMurtrie,Irish
McMurtry,Irish
McNab,Irish
McNabb,Irish
McNall,Irish
McNalley,Irish
McNally,Irish
McNamar,Irish
McNamara,Irish
McNamee,Irish
McNamer,Irish
McNaney,Irish
McNary,Irish
McNatt,Irish
McNaught,Irish
McNaughton,Irish
McNay,Irish
McNeal,Irish
McNealy,Irish
McNear,Irish
McNearney,Irish
McNeary,Irish
McNee,Irish
McNeeley,Irish
McNeely,Irish
McNees,Irish
McNeese,Irish
McNeff,Irish
McNeice,Irish
McNeil,Irish
McNeill,Irish
McNeilly,Irish
McNeish,Irish
McNelis,Irish
McNelley,Irish
McNellis,Irish
McNelly,Irish
McNerney,Irish
McNevin,Irish
McNichol,Irish
McNicholas,Irish
McNichols,Irish
McNickle,Irish
McNicol,Irish
McNiel,Irish
McNiff,Irish
McNinch,Irish
McNish,Irish
McNorton,Irish
McNulty,Irish
McNutt,Irish
McOmber,Irish
McOsker,Irish
McOwen,Irish
McPadden,Irish
McParland,Irish
McPartlan,Irish
McPartland,Irish
McPartlin,Irish
McPeak,Irish
McPeake,Irish
McPhail,Irish
McPhaul,Irish
McPhee,Irish
McPhetridge,Irish
McPhillips,Irish
McQuade,Irish
McQuaid,Irish
McQuaide,Irish
McQuaig,Irish
McQuain,Irish
McQuate,Irish
McQuay,Irish
McQueeney,Irish
McQuerry,Irish
McQuigg,Irish
McQuiggan,Irish
McQuilkin,Irish
McQuillan,Irish
McQuillen,Irish
McQuillin,Irish
McQuinn,Irish
McQuire,Irish
McQuistion,Irish
McQuiston,Irish
McQuitty,Irish
McQuoid,Irish
McRaney,Irish
McReynolds,Irish
McRight,Irish
McRoy,Irish
McShane,Irish
McSharry,Irish
McShea,Irish
McSherry,Irish
McSpadden,Irish
McStay,Irish
McSwain,Irish
McSweeney,Irish
McSweeny,Irish
McTaggart,Irish
McTague,Irish
McTeague,Irish
McTee,Irish
McTeer,Irish
McTernan,Irish
McTier,Irish
McTiernan,Irish
McTighe,Irish
McTigue,Irish
McTyre,Irish
McVea,Irish
McVicar,Irish
McVicker,Irish
McVittie,Irish
McVoy,Irish
McWade,Irish
McWain,Irish
McWatters,Irish
McWeeney,Irish
McWethy,Irish
McWhinney,Irish
McWhinnie,Irish
McWhirt,Irish
McWhirter,Irish
McWhite,Irish
McWilliam,Irish
McWilliams,Irish
McWright,Irish
Meade,Irish
Meager,Irish
Meagher,Irish
Mealey,Irish
Mealy,Irish
Meaney,Irish
Means,Irish
Meany,Irish
Meara,Irish
Meath,Irish
Mecum,Irish
Mee,Irish
Meegan,Irish
Meehan,Irish
Meenach,Irish
Meenan,Irish
Megahan,Irish
Megan,Irish
Mehaffey,Irish
Meharg,Irish
Mehegan,Irish
Meighan,Irish
Meighen,Irish
Melia,Irish
Mellett,Irish
Mellis,Irish
Mellon,Irish
Mellott,Irish
Melody,Irish
Melott,Irish
Meloy,Irish
Melville,Irish
Melvin,Irish
Meneely,Irish
Menton,Irish
Merithew,Irish
Merrick,Irish
Merrigan,Irish
Merrihew,Irish
Merriman,Irish
Merrithew,Irish
Merry,Irish
Meskill,Irish
Meyer,Irish
Meyers,Irish
Mick,Irish
Miggins,Irish
Miles,Irish
Miley,Irish
Milford,Irish
Millar,Irish
Millea,Irish
Millen,Irish
Millerick,Irish
Millett,Irish
Millholland,Irish
Milligan,Irish
Millikan,Irish
Milliken,Irish
Millikin,Irish
Millin,Irish
Milling,Irish
Mills,Irish
Milroy,Irish
Mimnaugh,Irish
Minahan,Irish
Mincey,Irish
Minch,Irish
Mincy,Irish
Minehan,Irish
Minihan,Irish
Minish,Irish
Minnick,Irish
Minnis,Irish
Minogue,Irish
Minteer,Irish
Miskell,Irish
Miskelly,Irish
Miskimen,Irish
Mitchell,Irish
Mitcheltree,Irish
Moan,Irish
Mockler,Irish
Moffat,Irish
Moffatt,Irish
Moffet,Irish
Moffett,Irish
Moffit,Irish
Moffitt,Irish
Mogan,Irish
Mohan,Irish
Mohar,Irish
Moher,Irish
Mollen,Irish
Mollohan,Irish
Molloy,Irish
Moloney,Irish
Molony,Irish
Molyneaux,Irish
Molyneux,Irish
Monaghan,Irish
Monagle,Irish
Monahan,Irish
Monday,Irish
Monds,Irish
Mone,Irish
Money,Irish
Mongan,Irish
Monhollen,Irish
Monk,Irish
Monohan,Irish
Montague,Irish
Montgomery,Irish
Moody,Irish
Moon,Irish
Moonan,Irish
Moone,Irish
Mooney,Irish
Mooneyhan,Irish
Moor,Irish
Moore,Irish
Moorehead,Irish
Moorhead,Irish
Morahan,Irish
Moran,Irish
Morehead,Irish
Morein,Irish
Morey,Irish
Morgan,Irish
Moriarity,Irish
Moriarty,Irish
Morken,Irish
Moroney,Irish
Morphy,Irish
Morris,Irish
Morrisey,Irish
Morrisroe,Irish
Morrissey,Irish
Morrow,Irish
Morsey,Irish
Mortell,Irish
Mortimer,Irish
Moss,Irish
Moudy,Irish
Mountain,Irish
Mountcastle,Irish
Mowdy,Irish
Mowen,Irish
Moy,Irish
Moyer,Irish
Moylan,Irish
Moyles,Irish
Moynahan,Irish
Moynihan,Irish
Muckleroy,Irish
Muffett,Irish
Mulanax,Irish
Mulberry,Irish
Mulcahey,Irish
Mulcahy,Irish
Mulcare,Irish
Muldoon,Irish
Muldowney,Irish
Muldrew,Irish
Mulgrew,Irish
Mulhall,Irish
Mulhearn,Irish
Mulherin,Irish
Mulhern,Irish
Mulheron,Irish
Mulhollan,Irish
Mulholland,Irish
Mulhollen,Irish
Mulick,Irish
Mulkern,Irish
Mulkey,Irish
Mulkins,Irish
Mull,Irish
Mullady,Irish
Mullahy,Irish
Mullally,Irish
Mullaly,Irish
Mullan,Irish
Mullane,Irish
Mullaney,Irish
Mullany,Irish
Mullarkey,Irish
Mullee,Irish
Mullen,Irish
Mullenax,Irish
Mullenix,Irish
Mullennix,Irish
Mullens,Irish
Mullery,Irish
Mullett,Irish
Mulley,Irish
Mullican,Irish
Mulligan,Irish
Mulliken,Irish
Mullikin,Irish
Mullin,Irish
Mullinax,Irish
Mullineaux,Irish
Mullinix,Irish
Mullinnix,Irish
Mullins,Irish
Mullowney,Irish
Mulloy,Irish
Mulnix,Irish
Mulqueen,Irish
Mulready,Irish
Mulroney,Irish
Mulrooney,Irish
Mulroy,Irish
Mulry,Irish
Mulvaney,Irish
Mulvany,Irish
Mulvehill,Irish
Mulvenna,Irish
Mulvey,Irish
Mulvihill,Irish
Mulville,Irish
Munday,Irish
Mungovan,Irish
Munley,Irish
Munnelly,Irish
Munster,Irish
Munyan,Irish
Munyon,Irish
Murchison,Irish
Murdoch,Irish
Murdock,Irish
Murley,Irish
Murnahan,Irish
Murnan,Irish
Murnane,Irish
Murphey,Irish
Murphy,Irish
Murray,Irish
Murren,Irish
Murrey,Irish
Murrin,Irish
Murrow,Irish
Murtagh,Irish
Murtaugh,Irish
Murtha,Irish
Murty,Irish
Myers,Irish
Myler,Irish
Myles,Irish
Mylott,Irish
Nabb,Irish
Nace,Irish
Nagle,Irish
Nair,Irish
Nally,Irish
Nangle,Irish
Nary,Irish
Naugher,Irish
Naughton,Irish
Naulty,Irish
Navin,Irish
Nay,Irish
Neagle,Irish
Neal,Irish
Neale,Irish
Nealey,Irish
Nealis,Irish
Neall,Irish
Neally,Irish
Nealon,Irish
Nealy,Irish
Neary,Irish
Neas,Irish
Nease,Irish
Neason,Irish
Neathery,Irish
Nee,Irish
Neece,Irish
Needham,Irish
Neel,Irish
Neeld,Irish
Neeley,Irish
Neely,Irish
Neenan,Irish
Nees,Irish
Neese,Irish
Neeson,Irish
Neil,Irish
Neilan,Irish
Neild,Irish
Neill,Irish
Neils,Irish
Neily,Irish
Nelis,Irish
Nelligan,Irish
Nellis,Irish
Nerney,Irish
Nesbitt,Irish
Nesson,Irish
Nestor,Irish
Nethery,Irish
Nett,Irish
Netterville,Irish
Nevells,Irish
Nevil,Irish
Nevill,Irish
Neville,Irish
Nevin,Irish
Nevins,Irish
Newell,Irish
Newill,Irish
Ney,Irish
Neyland,Irish
Neylon,Irish
Niblock,Irish
Nicholl,Irish
Nicolls,Irish
Niece,Irish
Niel,Irish
Nieland,Irish
Nield,Irish
Nihill,Irish
Nilan,Irish
Niland,Irish
Nimmons,Irish
Nish,Irish
Nix,Irish
Nixon,Irish
Noble,Irish
Noblet,Irish
Nolan,Irish
Noland,Irish
Nolen,Irish
Noon,Irish
Noonan,Irish
Noone,Irish
Nooney,Irish
Norman,Irish
Normile,Irish
Normoyle,Irish
Norris,Irish
North,Irish
Norton,Irish
Nourse,Irish
Nowlan,Irish
Nugent,Irish
Nulty,Irish
Nunan,Irish
Nunnally,Irish
Nurse,Irish
Nutt,Irish
Nuzum,Irish
Nyhan,Irish
Oakes,Irish
Ogan,Irish
Ogle,Irish
Orman,Irish
Ormond,Irish
Orr,Irish
Oswald,Irish
Oswell,Irish
Owen,Irish
Owens,Irish
O’Banion,Irish
O’Bannon,Irish
O’Bear,Irish
O’Beirne,Irish
O’Berry,Irish
O’Boyle,Irish
O’Brian,Irish
O’Briant,Irish
O’Brien,Irish
O’Brion,Irish
O’Bryan,Irish
O’Bryant,Irish
O’Bryon,Irish
O’Byrne,Irish
O’Cain,Irish
O’Callaghan,Irish
O’Callahan,Irish
O’Carroll,Irish
O’Connell,Irish
O’Conner,Irish
O’Connor,Irish
O’Conor,Irish
O’Daniel,Irish
O’Day,Irish
O’Dea,Irish
O’Dean,Irish
O’Doherty,Irish
O’Donnel,Irish
O’Donnell,Irish
O’Donoghue,Irish
O’Donohue,Irish
O’Donovan,Irish
O’Dowd,Irish
O’Driscoll,Irish
O’Dwyer,Irish
O’Fallon,Irish
O’Farrell,Irish
O’Flaherty,Irish
O’Flanagan,Irish
O’Flynn,Irish
O’Gara,Irish
O’Gorman,Irish
O’Grady,Irish
O’Guin,Irish
O’Guinn,Irish
O’Hagan,Irish
O’Hair,Irish
O’Haire,Irish
O’Halloran,Irish
O’Hanlon,Irish
O’Hara,Irish
O’Hare,Irish
O’Harra,Irish
O’Harrow,Irish
O’Haver,Irish
O’Hearn,Irish
O’Hern,Irish
O’Herron,Irish
O’Higgins,Irish
O’Hora,Irish
O’Kane,Irish
O’Keefe,Irish
O’Keeffe,Irish
O’Kelley,Irish
O’Kelly,Irish
O’Laughlin,Irish
O’Leary,Irish
O’Loughlin,Irish
O’Mahoney,Irish
O’Mahony,Irish
O’Maley,Irish
O’Malley,Irish
O’Mara,Irish
O’Mary,Irish
O’Meara,Irish
O’Melia,Irish
O’Neal,Irish
O’Neall,Irish
O’Neil,Irish
O’Neill,Irish
O’Ney,Irish
O’Quinn,Irish
O’Regan,Irish
O’Reilly,Irish
O’Riley,Irish
O’Riordan,Irish
O’Roark,Irish
O’Rorke,Irish
O’Rourke,Irish
O’Ryan,Irish
O’Shaughnessy,Irish
O’Shea,Irish
O’Shields,Irish
O’Sullivan,Irish
O’Tool,Irish
O’Toole,Irish
Padden,Irish
Paddy,Irish
Paden,Irish
Padrick,Irish
Paisley,Irish
Pallas,Irish
Palmer,Irish
Parish,Irish
Parkhill,Irish
Parlin,Irish
Parsons,Irish
Patrick,Irish
Patterson,Irish
Patteson,Irish
Patton,Irish
Paul,Irish
Pay,Irish
Payton,Irish
Peaden,Irish
Peairs,Irish
Peak,Irish
Peake,Irish
Pearce,Irish
Peck,Irish
Peden,Irish
Peedin,Irish
Peek,Irish
Peeke,Irish
Peery,Irish
Peoples,Irish
Peppard,Irish
Pepper,Irish
Perdue,Irish
Perrigan,Irish
Perrill,Irish
Perrot,Irish
Peters,Irish
Peyton,Irish
Phair,Irish
Pharis,Irish
Phariss,Irish
Pharris,Irish
Phelan,Irish
Phibbs,Irish
Philbin,Irish
Piatt,Irish
Pickens,Irish
Pidgeon,Irish
Pierce,Irish
Piers,Irish
Piggott,Irish
Pigott,Irish
Pike,Irish
Pillion,Irish
Pinder,Irish
Pinkerton,Irish
Plemmons,Irish
Plunket,Irish
Plunkett,Irish
Poag,Irish
Poage,Irish
Poague,Irish
Pogue,Irish
Polan,Irish
Poland,Irish
Polin,Irish
Portis,Irish
Powderly,Irish
Powell,Irish
Power,Irish
Pray,Irish
Prendergast,Irish
Prey,Irish
Prior,Irish
Prunty,Irish
Pry,Irish
Purcell,Irish
Pyke,Irish
Quade,Irish
Quaid,Irish
Quaife,Irish
Quail,Irish
Quain,Irish
Qualey,Irish
Qualters,Irish
Quan,Irish
Quann,Irish
Quarry,Irish
Quealy,Irish
Queenan,Irish
Queeney,Irish
Querry,Irish
Query,Irish
Quier,Irish
Quigg,Irish
Quigley,Irish
Quill,Irish
Quillan,Irish
Quillen,Irish
Quilliam,Irish
Quillian,Irish
Quillin,Irish
Quilty,Irish
Quin,Irish
Quine,Irish
Quinlan,Irish
Quinlin,Irish
Quinlivan,Irish
Quinn,Irish
Quinney,Irish
Quire,Irish
Quirk,Irish
Quirke,Irish
Quitter,Irish
Rabbitt,Irish
Radigan,Irish
Rafferty,Irish
Rafter,Irish
Raftery,Irish
Rahill,Irish
Rahilly,Irish
Rainey,Irish
Rairdon,Irish
Raney,Irish
Rankin,Irish
Rankine,Irish
Rape,Irish
Ratchford,Irish
Rath,Irish
Ratigan,Irish
Rattigan,Irish
Raun,Irish
Rawl,Irish
Rayhill,Irish
Ready,Irish
Reagan,Irish
Reagh,Irish
Reagin,Irish
Reaney,Irish
Reap,Irish
Rearden,Irish
Reardon,Irish
Reavey,Irish
Reddick,Irish
Reddin,Irish
Reddy,Irish
Redican,Irish
Redmond,Irish
Reedy,Irish
Reen,Irish
Regan,Irish
Rehill,Irish
Reidy,Irish
Reiley,Irish
Reilley,Irish
Reilly,Irish
Reily,Irish
Relihan,Irish
Renehan,Irish
Reney,Irish
Rhatigan,Irish
Rhyan,Irish
Rian,Irish
Richey,Irish
Rickey,Irish
Riddick,Irish
Rider,Irish
Riely,Irish
Riggins,Irish
Riley,Irish
Ring,Irish
Rinn,Irish
Riordan,Irish
Ritchey,Irish
Roach,Irish
Roache,Irish
Roan,Irish
Roane,Irish
Roark,Irish
Roarty,Irish
Robb,Irish
Roche,Irish
Rocks,Irish
Rodden,Irish
Roddick,Irish
Roddy,Irish
Roden,Irish
Rodgers,Irish
Rogan,Irish
Roger,Irish
Rohan,Irish
Rollie,Irish
Ronan,Irish
Ronayne,Irish
Roney,Irish
Roon,Irish
Rooney,Irish
Rorie,Irish
Rork,Irish
Rorke,Irish
Roseborough,Irish
Rotchford,Irish
Rourk,Irish
Rourke,Irish
Rowan,Irish
Rowand,Irish
Ruan,Irish
Ruane,Irish
Ruark,Irish
Rudden,Irish
Runion,Irish
Runnion,Irish
Runyan,Irish
Runyon,Irish
Rush,Irish
Russell,Irish
Ryan,Irish
Ryder,Irish
Rynn,Irish
Rynne,Irish
Sage,Irish
Sally,Irish
Salmon,Irish
Sammon,Irish
Sands,Irish
Sankey,Irish
Sarsfield,Irish
Savage,Irish
Savin,Irish
Sayers,Irish
Scadden,Irish
Scahill,Irish
Scallan,Irish
Scalley,Irish
Scallion,Irish
Scallon,Irish
Scally,Irish
Scanlan,Irish
Scanlon,Irish
Scannell,Irish
Scantling,Irish
Scarry,Irish
Scollon,Irish
Scotch,Irish
Scott,Irish
Sculley,Irish
Scullin,Irish
Scullion,Irish
Scully,Irish
Scurlock,Irish
Scurry,Irish
Sealy,Irish
Searcey,Irish
Sears,Irish
Seay,Irish
Seeney,Irish
Seery,Irish
Semple,Irish
Sennett,Irish
Sennott,Irish
Sergeant,Irish
Seth,Irish
Seward,Irish
Sexton,Irish
Shady,Irish
Shahan,Irish
Shallow,Irish
Shamrock,Irish
Shanahan,Irish
Shand,Irish
Shane,Irish
Shanks,Irish
Shanley,Irish
Shannahan,Irish
Shannon,Irish
Sharkey,Irish
Sharp,Irish
Sharpe,Irish
Shaughnessy,Irish
Shaw,Irish
Shawley,Irish
Shawn,Irish
Shay,Irish
Shayne,Irish
Shea,Irish
Shead,Irish
Sheahan,Irish
Shealey,Irish
Shealy,Irish
Shean,Irish
Shearin,Irish
Shearon,Irish
Sheedy,Irish
Sheehan,Irish
Sheehe,Irish
Sheehy,Irish
Sheeley,Irish
Sheely,Irish
Sheen,Irish
Sheeran,Irish
Sheerin,Irish
Shehan,Irish
Shehane,Irish
Sheil,Irish
Sheilds,Irish
Sheils,Irish
Sheley,Irish
Shera,Irish
Sheridan,Irish
Sherrard,Irish
Sherrow,Irish
Sherry,Irish
Shevlin,Irish
Shiel,Irish
Shield,Irish
Shields,Irish
Shiell,Irish
Shiels,Irish
Shier,Irish
Shimmin,Irish
Shine,Irish
Shinners,Irish
Shinnick,Irish
Shire,Irish
Shirey,Irish
Shirkey,Irish
Shivers,Irish
Short,Irish
Shortall,Irish
Shortell,Irish
Shorten,Irish
Shovlin,Irish
Shugrue,Irish
Shurden,Irish
Siford,Irish
Siggins,Irish
Silk,Irish
Silke,Irish
Silkey,Irish
Sillery,Irish
Simonton,Irish
Sinnett,Irish
Sinnott,Irish
Sinon,Irish
Sisk,Irish
Skahill,Irish
Skeans,Irish
Skehan,Irish
Skelley,Irish
Skellie,Irish
Skelly,Irish
Skerry,Irish
Skillen,Irish
Slane,Irish
Slaney,Irish
Slattery,Irish
Slaven,Irish
Slavens,Irish
Slavin,Irish
Sleeth,Irish
Slevin,Irish
Sliney,Irish
Sloan,Irish
Sloane,Irish
Slone,Irish
Slowey,Irish
Smallen,Irish
Smiley,Irish
Smilie,Irish
Smollen,Irish
Smullen,Irish
Smylie,Irish
Snee,Irish
Snoddy,Irish
Solan,Irish
Solly,Irish
Solon,Irish
Somer,Irish
Somers,Irish
Somerville,Irish
Sommer,Irish
Sorden,Irish
Spain,Irish
Spedden,Irish
Spedding,Irish
Speed,Irish
Speer,Irish
Speers,Irish
Speir,Irish
Speirs,Irish
Spillane,Irish
Splain,Irish
Splaine,Irish
Splan,Irish
Sprott,Irish
Stace,Irish
Stacey,Irish
Stackpole,Irish
Stackpoole,Irish
Stacy,Irish
Stake,Irish
Stakem,Irish
Stapleton,Irish
Starratt,Irish
Starrett,Irish
Starritt,Irish
Staunton,Irish
Stay,Irish
Steenson,Irish
Sterett,Irish
Sterrett,Irish
Sterritt,Irish
Stitt,Irish
Stout,Irish
Stoute,Irish
Strain,Irish
Stranahan,Irish
Straney,Irish
Suffern,Irish
Sughrue,Irish
Sugrue,Irish
Sullivan,Irish
Sullivant,Irish
Summer,Irish
Summers,Irish
Supple,Irish
Swain,Irish
Swaine,Irish
Swanigan,Irish
Swanzy,Irish
Sweeney,Irish
Sweeny,Irish
Sweetman,Irish
Sweetnam,Irish
Sweeton,Irish
Sweney,Irish
Swetman,Irish
Swift,Irish
Swiney,Irish
Sword,Irish
Swords,Irish
Synan,Irish
Synnott,Irish
Syron,Irish
Taaffe,Irish
Taffe,Irish
Tagert,Irish
Taggart,Irish
Taggert,Irish
Tague,Irish
Tallant,Irish
Talley,Irish
Tallon,Irish
Tally,Irish
Talty,Irish
Tandy,Irish
Tanney,Irish
Tansey,Irish
Tarpey,Irish
Tarrant,Irish
Teague,Irish
Teahan,Irish
Teaney,Irish
Tedford,Irish
Teehan,Irish
Teeling,Irish
Tehan,Irish
Terrance,Irish
Terrel,Irish
Terrell,Irish
Terrill,Irish
Terry,Irish
Tevlin,Irish
Thornsberry,Irish
Thornton,Irish
Tiernan,Irish
Tierney,Irish
Tiger,Irish
Tighe,Irish
Tigue,Irish
Tilly,Irish
Timlin,Irish
Timmons,Irish
Timon,Irish
Timoney,Irish
Timothy,Irish
Tinney,Irish
Tirey,Irish
Tirrell,Irish
Tivnan,Irish
Toal,Irish
Tobin,Irish
Tohill,Irish
Tolan,Irish
Toland,Irish
Toman,Irish
Tomb,Irish
Toner,Irish
Tonner,Irish
Toohey,Irish
Tool,Irish
Toolan,Irish
Toole,Irish
Tooley,Irish
Tooman,Irish
Toomey,Irish
Toppin,Irish
Toran,Irish
Tormey,Irish
Torney,Irish
Torpey,Irish
Torpy,Irish
Torrence,Irish
Torrens,Irish
Totten,Irish
Totton,Irish
Touchstone,Irish
Touhey,Irish
Towell,Irish
Towey,Irish
Toye,Irish
Tracey,Irish
Tracy,Irish
Trainor,Irish
Trant,Irish
Travers,Irish
Traynor,Irish
Treacy,Irish
Treanor,Irish
Trevor,Irish
Trim,Irish
Trimble,Irish
Trover,Irish
Trower,Irish
Troy,Irish
Truell,Irish
Tubridy,Irish
Tucker,Irish
Tuhy,Irish
Tuite,Irish
Tully,Irish
Tumulty,Irish
Tunney,Irish
Tuohey,Irish
Tuohy,Irish
Turkington,Irish
Turley,Irish
Turrell,Irish
Tuttle,Irish
Twohey,Irish
Twohig,Irish
Twohy,Irish
Twombley,Irish
Twomey,Irish
Tydings,Irish
Tynan,Irish
Tyne,Irish
Tyrell,Irish
Tyrone,Irish
Tyrrell,Irish
Urwin,Irish
Usher,Irish
Vahey,Irish
Vail,Irish
Vallely,Irish
Vance,Irish
Varian,Irish
Vaugh,Irish
Veale,Irish
Vey,Irish
Vicker,Irish
Victory,Irish
Vincent,Irish
Vogan,Irish
Walch,Irish
Wall,Irish
Wallace,Irish
Walsh,Irish
Walshe,Irish
Ward,Irish
Warden,Irish
Warner,Irish
Warnock,Irish
Warren,Irish
Wasson,Irish
Water,Irish
Waters,Irish
Watters,Irish
Watterson,Irish
Wead,Irish
Weir,Irish
Welsh,Irish
Welshans,Irish
Whalen,Irish
Whalin,Irish
Whaling,Irish
Wharry,Irish
Whary,Irish
Wheelan,Irish
Whelan,Irish
Whelihan,Irish
Whelton,Irish
Whetten,Irish
White,Irish
Whitehead,Irish
Whitten,Irish
Wholey,Irish
Wholley,Irish
Whooley,Irish
Whyte,Irish
Wilde,Irish
Wiley,Irish
Williamson,Irish
Wilson,Irish
Windham,Irish
Winter,Irish
Wogan,Irish
Wolf,Irish
Wolfe,Irish
Woodlock,Irish
Woods,Irish
Woodside,Irish
Woulfe,Irish
Wren,Irish
Wrenn,Irish
Wright,Irish
Wrinn,Irish
Wyer,Irish
Wylie,Irish
Wyndham,Irish
Wynne,Irish
Wyse,Irish
Yaw,Irish
Yore,Irish
Young,Irish
