Aalto,Finnish
Aho,Finnish
Ahola,Finnish
Ahonen,Finnish
Annala,Finnish
Anttila,Finnish
Aro,Finnish
Arola,Finnish
Autio,Finnish
Couri,Finnish
Elo,Finnish
Erkkila,Finnish
Eskola,Finnish
Haapala,Finnish
Haataja,Finnish
Hakala,Finnish
Hakola,Finnish
Halko,Finnish
Halla,Finnish
Halonen,Finnish
Hamalainen,Finnish
Hanka,Finnish
Hanninen,Finnish
Hannula,Finnish
Harju,Finnish
Hatala,Finnish
Hautala,Finnish
Heikkila,Finnish
Heikkinen,Finnish
Heino,Finnish
Heinonen,Finnish
Hietala,Finnish
Hiltunen,Finnish
Hokkanen,Finnish
Honkala,Finnish
Huhta,Finnish
Huhtala,Finnish
Huotari,Finnish
Jarvela,Finnish
Jarvi,Finnish
Jarvinen,Finnish
Jokela,Finnish
Joki,Finnish
Jokinen,Finnish
Juntunen,Finnish
Justi,Finnish
Jutila,Finnish
Kalas,Finnish
Kallio,Finnish
Kalm,Finnish
Kangas,Finnish
Kantola,Finnish
Kari,Finnish
Karjala,Finnish
Karvonen,Finnish
Kauppi,Finnish
Kauppila,Finnish
Kemppainen,Finnish
Keranen,Finnish
Keto,Finnish
Ketola,Finnish
Kilpela,Finnish
Kinnunen,Finnish
Kivela,Finnish
Kivi,Finnish
Kivisto,Finnish
Koistinen,Finnish
Koivisto,Finnish
Kokko,Finnish
Korhonen,Finnish
Korpela,Finnish
Korpi,Finnish
Koskela,Finnish
Koski,Finnish
Koskinen,Finnish
Kotila,Finnish
Kujala,Finnish
Kumpula,Finnish
Kurtti,Finnish
Kuusisto,Finnish
Kyllo,Finnish
Kyllonen,Finnish
Laakso,Finnish
Lahti,Finnish
Laine,Finnish
Laitinen,Finnish
Lakso,Finnish
Lammi,Finnish
Lampi,Finnish
Lampinen,Finnish
Lampo,Finnish
Lassila,Finnish
Latt,Finnish
Latvala,Finnish
Lauri,Finnish
Laurila,Finnish
Lehtinen,Finnish
Lehto,Finnish
Lehtola,Finnish
Lehtonen,Finnish
Leino,Finnish
Leinonen,Finnish
Lepisto,Finnish
Leppanen,Finnish
Leppo,Finnish
Linna,Finnish
Luoma,Finnish
Maijala,Finnish
Makela,Finnish
Maki,Finnish
Makinen,Finnish
Manner,Finnish
Manni,Finnish
Manninen,Finnish
Mantyla,Finnish
Marttila,Finnish
Mattila,Finnish
Maunu,Finnish
Mikkola,Finnish
Moilanen,Finnish
Murto,Finnish
Neva,Finnish
Nevala,Finnish
Niemela,Finnish
Niemi,Finnish
Nikula,Finnish
Niska,Finnish
Niskanen,Finnish
Niva,Finnish
Nurmi,Finnish
Oja,Finnish
Ojala,Finnish
Ollila,Finnish
Paavola,Finnish
Pakkala,Finnish
Palo,Finnish
Pelto,Finnish
Peltola,Finnish
Peltonen,Finnish
Perala,Finnish
Perko,Finnish
Pesola,Finnish
Peura,Finnish
Pietila,Finnish
Pollari,Finnish
Polon,Finnish
Pulkkinen,Finnish
Pulli,Finnish
Puro,Finnish
Raisanen,Finnish
Rajala,Finnish
Ramo,Finnish
Ranta,Finnish
Rantala,Finnish
Rantanen,Finnish
Rautio,Finnish
Remes,Finnish
Rinne,Finnish
Rintala,Finnish
Ruona,Finnish
Saarela,Finnish
Saari,Finnish
Saarinen,Finnish
Sakala,Finnish
Saksa,Finnish
Salmela,Finnish
Salmi,Finnish
Salminen,Finnish
Salo,Finnish
Salonen,Finnish
Savela,Finnish
Seppala,Finnish
Seppanen,Finnish
Sippola,Finnish
Suomi,Finnish
Takala,Finnish
Tanner,Finnish
Tervo,Finnish
Tikkanen,Finnish
Toivonen,Finnish
Tolonen,Finnish
Toro,Finnish
Tuomala,Finnish
Tuomi,Finnish
Tuominen,Finnish
Valli,Finnish
Waara,Finnish
Wainio,Finnish
Waisanen,Finnish
Walli,Finnish
Wallo,Finnish
Wiita,Finnish
Wiitala,Finnish
Wirkkala,Finnish
Wirta,Finnish
Wirtanen,Finnish
Wuollet,Finnish
Wuori,Finnish
Ylitalo,Finnish
