Aalbers,Dutch
Abela,Dutch
Abele,Dutch
Abeles,Dutch
Abrahams,Dutch
Abrahamsen,Dutch
Abram,Dutch
Abrams,Dutch
Abramson,Dutch
Abresch,Dutch
Abt,Dutch
Abts,Dutch
Achatz,Dutch
Achen,Dutch
Achter,Dutch
Achterberg,Dutch
Acker,Dutch
Ackerman,Dutch
Addicks,Dutch
Aden,Dutch
Ader,Dutch
Adolf,Dutch
Adriance,Dutch
Aerts,Dutch
Agricola,Dutch
Ahler,Dutch
Ahlers,Dutch
Ahrens,Dutch
Aken,Dutch
Akerman,Dutch
Akers,Dutch
Akkerman,Dutch
Al,Dutch
Alberda,Dutch
Albers,Dutch
Alberts,Dutch
Alderink,Dutch
Alders,Dutch
Ale,Dutch
Alers,Dutch
Alexander,Dutch
Alkema,Dutch
Alles,Dutch
Alper,Dutch
Alpers,Dutch
Alpert,Dutch
Alsteen,Dutch
Ambrosius,Dutch
Ameling,Dutch
Amerman,Dutch
Amster,Dutch
Andreas,Dutch
Andries,Dutch
Andring,Dutch
Andris,Dutch
Angeline,Dutch
Anselmi,Dutch
Ante,Dutch
Antone,Dutch
Antoon,Dutch
Apel,Dutch
Appel,Dutch
Appelman,Dutch
Apperson,Dutch
Appler,Dutch
Apps,Dutch
Ardon,Dutch
Arend,Dutch
Arends,Dutch
Arens,Dutch
Arent,Dutch
Arentz,Dutch
Arenz,Dutch
Ark,Dutch
Arno,Dutch
Arp,Dutch
Art,Dutch
Artman,Dutch
Arts,Dutch
Artz,Dutch
Asmus,Dutch
Asselin,Dutch
Assink,Dutch
Aswegan,Dutch
Aten,Dutch
Ates,Dutch
Ator,Dutch
Aukes,Dutch
Aumack,Dutch
Aven,Dutch
Axel,Dutch
Aye,Dutch
Baack,Dutch
Baar,Dutch
Baars,Dutch
Baas,Dutch
Baase,Dutch
Baatz,Dutch
Backer,Dutch
Bacorn,Dutch
Baenen,Dutch
Baer,Dutch
Baert,Dutch
Baeten,Dutch
Bak,Dutch
Bake,Dutch
Bakke,Dutch
Bakker,Dutch
Bakkum,Dutch
Bald,Dutch
Baldus,Dutch
Balk,Dutch
Ball,Dutch
Balle,Dutch
Ballen,Dutch
Balma,Dutch
Baltes,Dutch
Baltus,Dutch
Banis,Dutch
Bank,Dutch
Banken,Dutch
Bankert,Dutch
Barbee,Dutch
Barben,Dutch
Barby,Dutch
Barge,Dutch
Bargen,Dutch
Barger,Dutch
Baris,Dutch
Barklow,Dutch
Barkman,Dutch
Barnhard,Dutch
Barnhardt,Dutch
Barnhart,Dutch
Bart,Dutch
Barts,Dutch
Barzee,Dutch
Basore,Dutch
Baumann,Dutch
Bauwens,Dutch
Baver,Dutch
Bay,Dutch
Baye,Dutch
Becker,Dutch
Beckers,Dutch
Becking,Dutch
Beeck,Dutch
Beek,Dutch
Beeker,Dutch
Beekman,Dutch
Beeks,Dutch
Beem,Dutch
Been,Dutch
Beer,Dutch
Beerman,Dutch
Beers,Dutch
Beets,Dutch
Beetz,Dutch
Behr,Dutch
Behrend,Dutch
Behrends,Dutch
Behrendt,Dutch
Behrens,Dutch
Beil,Dutch
Beins,Dutch
Belger,Dutch
Benedict,Dutch
Benedix,Dutch
Bennink,Dutch
Bennis,Dutch
Bens,Dutch
Benschoter,Dutch
Berchem,Dutch
Beren,Dutch
Berends,Dutch
Berendsen,Dutch
Berendzen,Dutch
Berg,Dutch
Bergen,Dutch
Berger,Dutch
Bergh,Dutch
Berghuis,Dutch
Bergman,Dutch
Beringer,Dutch
Berk,Dutch
Berke,Dutch
Berken,Dutch
Berkman,Dutch
Bernard,Dutch
Bernards,Dutch
Bernhard,Dutch
Berns,Dutch
Betke,Dutch
Betker,Dutch
Beukelman,Dutch
Beus,Dutch
Bever,Dutch
Beye,Dutch
Beyer,Dutch
Bick,Dutch
Bickel,Dutch
Bicker,Dutch
Bierman,Dutch
Bies,Dutch
Biese,Dutch
Billen,Dutch
Biren,Dutch
Bitter,Dutch
Bitters,Dutch
Blaauw,Dutch
Blaes,Dutch
Blank,Dutch
Blanke,Dutch
Blanken,Dutch
Blankenberg,Dutch
Blankenbiller,Dutch
Blas,Dutch
Blasius,Dutch
Blauvelt,Dutch
Blazer,Dutch
Blecker,Dutch
Bleecker,Dutch
Bleeker,Dutch
Blees,Dutch
Bleiberg,Dutch
Bleser,Dutch
Bliek,Dutch
Block,Dutch
Bloem,Dutch
Bloemer,Dutch
Blok,Dutch
Blom,Dutch
Blome,Dutch
Blomme,Dutch
Blommel,Dutch
Blommer,Dutch
Blonder,Dutch
Bly,Dutch
Blyler,Dutch
Bobel,Dutch
Bocker,Dutch
Bockholt,Dutch
Bodden,Dutch
Bode,Dutch
Bodeker,Dutch
Boe,Dutch
Boecker,Dutch
Boeckman,Dutch
Boedeker,Dutch
Boeh,Dutch
Boehm,Dutch
Boehme,Dutch
Boehne,Dutch
Boeke,Dutch
Boeker,Dutch
Boelens,Dutch
Boen,Dutch
Boender,Dutch
Boer,Dutch
Boerboom,Dutch
Boerman,Dutch
Boers,Dutch
Boeve,Dutch
Boever,Dutch
Boevers,Dutch
Bogaard,Dutch
Bogaert,Dutch
Bogard,Dutch
Bogart,Dutch
Boje,Dutch
Bok,Dutch
Boka,Dutch
Bol,Dutch
Bolle,Dutch
Bolmer,Dutch
Bomgaars,Dutch
Bomgardner,Dutch
Bomhoff,Dutch
Bomkamp,Dutch
Bongard,Dutch
Bongers,Dutch
Bonk,Dutch
Bonus,Dutch
Boo,Dutch
Boock,Dutch
Boogaard,Dutch
Books,Dutch
Boom,Dutch
Boomer,Dutch
Booms,Dutch
Boon,Dutch
Boone,Dutch
Boos,Dutch
Boose,Dutch
Boot,Dutch
Booten,Dutch
Boots,Dutch
Bootz,Dutch
Booz,Dutch
Bor,Dutch
Borchardt,Dutch
Borchers,Dutch
Boreman,Dutch
Borger,Dutch
Bork,Dutch
Borman,Dutch
Born,Dutch
Borneman,Dutch
Borr,Dutch
Borra,Dutch
Borre,Dutch
Borrmann,Dutch
Borst,Dutch
Borstel,Dutch
Bortel,Dutch
Bosch,Dutch
Boshers,Dutch
Bosman,Dutch
Bosscher,Dutch
Bosse,Dutch
Bossman,Dutch
Bosson,Dutch
Bostelman,Dutch
Both,Dutch
Bothe,Dutch
Bouck,Dutch
Boudoin,Dutch
Bouman,Dutch
Bousman,Dutch
Bouwens,Dutch
Bouwkamp,Dutch
Bouwman,Dutch
Boven,Dutch
Boy,Dutch
Boye,Dutch
Boyke,Dutch
Boyken,Dutch
Bozeman,Dutch
Braam,Dutch
Braaten,Dutch
Brabender,Dutch
Bracht,Dutch
Bradt,Dutch
Bradtke,Dutch
Brakel,Dutch
Brakke,Dutch
Brand,Dutch
Brander,Dutch
Brands,Dutch
Brangers,Dutch
Brant,Dutch
Bras,Dutch
Brasser,Dutch
Brauns,Dutch
Breda,Dutch
Bree,Dutch
Brees,Dutch
Brennecke,Dutch
Brenneke,Dutch
Bresser,Dutch
Briel,Dutch
Bries,Dutch
Briggeman,Dutch
Brill,Dutch
Brillhart,Dutch
Brinck,Dutch
Brinckerhoff,Dutch
Bringer,Dutch
Brink,Dutch
Brinker,Dutch
Brinkerhoff,Dutch
Brinkman,Dutch
Brock,Dutch
Broeckel,Dutch
Broecker,Dutch
Broeder,Dutch
Broekemeier,Dutch
Broeker,Dutch
Broer,Dutch
Broeren,Dutch
Broering,Dutch
Broerman,Dutch
Broers,Dutch
Broker,Dutch
Brokke,Dutch
Broms,Dutch
Bronder,Dutch
Broner,Dutch
Brong,Dutch
Bronk,Dutch
Bronkhorst,Dutch
Brons,Dutch
Brook,Dutch
Brouwer,Dutch
Brouwers,Dutch
Bruggeman,Dutch
Bruggink,Dutch
Bruggman,Dutch
Brugman,Dutch
Bruhl,Dutch
Bruin,Dutch
Bruins,Dutch
Bruning,Dutch
Bruns,Dutch
Bruxvoort,Dutch
Bruyn,Dutch
Bry,Dutch
Budinger,Dutch
Buell,Dutch
Bui,Dutch
Buick,Dutch
Buis,Dutch
Bult,Dutch
Bulthuis,Dutch
Burbrink,Dutch
Burchard,Dutch
Burckhard,Dutch
Buren,Dutch
Burg,Dutch
Burger,Dutch
Burgers,Dutch
Burgher,Dutch
Burkart,Dutch
Burkhart,Dutch
Bus,Dutch
Busboom,Dutch
Busker,Dutch
Busscher,Dutch
Buwalda,Dutch
Buyck,Dutch
Buys,Dutch
Byker,Dutch
Byl,Dutch
Cale,Dutch
Callens,Dutch
Camp,Dutch
Campen,Dutch
Capel,Dutch
Capelle,Dutch
Capers,Dutch
Capper,Dutch
Cardinal,Dutch
Caris,Dutch
Carll,Dutch
Carls,Dutch
Carlsen,Dutch
Carlson,Dutch
Carman,Dutch
Carsten,Dutch
Carstens,Dutch
Casimir,Dutch
Caspari,Dutch
Casteel,Dutch
Christians,Dutch
Christoff,Dutch
Christoffel,Dutch
Claassen,Dutch
Clabo,Dutch
Claes,Dutch
Claeys,Dutch
Clara,Dutch
Clasen,Dutch
Classen,Dutch
Clause,Dutch
Clausen,Dutch
Clauss,Dutch
Claussen,Dutch
Clem,Dutch
Clemans,Dutch
Clemen,Dutch
Clemens,Dutch
Clement,Dutch
Clemmens,Dutch
Cleven,Dutch
Cloos,Dutch
Clopper,Dutch
Clos,Dutch
Close,Dutch
Coen,Dutch
Coenen,Dutch
Coers,Dutch
Colen,Dutch
Colla,Dutch
Comegys,Dutch
Commer,Dutch
Congo,Dutch
Conkright,Dutch
Conkwright,Dutch
Conradt,Dutch
Conrady,Dutch
Conrardy,Dutch
Conter,Dutch
Cool,Dutch
Coontz,Dutch
Coop,Dutch
Cooper,Dutch
Coopman,Dutch
Coors,Dutch
Copland,Dutch
Cord,Dutch
Corderman,Dutch
Cords,Dutch
Cordts,Dutch
Corman,Dutch
Cornelison,Dutch
Cornelius,Dutch
Cornelsen,Dutch
Corse,Dutch
Cortelyou,Dutch
Coster,Dutch
Courtland,Dutch
Covalt,Dutch
Cramm,Dutch
Crammer,Dutch
Cramp,Dutch
Cran,Dutch
Crane,Dutch
Crans,Dutch
Cregar,Dutch
Cremer,Dutch
Croes,Dutch
Crom,Dutch
Crouch,Dutch
Crough,Dutch
Curler,Dutch
Cuyler,Dutch
Cuzzort,Dutch
Daane,Dutch
Dack,Dutch
Dahm,Dutch
Dahmen,Dutch
Dahms,Dutch
Dalebout,Dutch
Daleiden,Dutch
Dam,Dutch
Daman,Dutch
Damer,Dutch
Damman,Dutch
Damme,Dutch
Dammen,Dutch
Dammer,Dutch
Danca,Dutch
Dane,Dutch
Danes,Dutch
Daniels,Dutch
Danker,Dutch
Dankers,Dutch
Dankert,Dutch
Dapper,Dutch
Dau,Dutch
Daut,Dutch
Dautel,Dutch
Davids,Dutch
De Backer,Dutch
De Baker,Dutch
De Bardelaben,Dutch
De Beck,Dutch
De Beer,Dutch
De Berg,Dutch
De Blanc,Dutch
De Blieck,Dutch
De Block,Dutch
De Bock,Dutch
De Boer,Dutch
De Brock,Dutch
De Bruin,Dutch
De Bruyn,Dutch
De Bruyne,Dutch
De Cleene,Dutch
De Clerck,Dutch
De Clercq,Dutch
De Cock,Dutch
De Coninck,Dutch
De Cook,Dutch
De Coster,Dutch
De Decker,Dutch
De Foor,Dutch
De Fries,Dutch
De Geest,Dutch
De Geus,Dutch
De Geyter,Dutch
De Graaf,Dutch
De Graff,Dutch
De Grave,Dutch
De Graw,Dutch
De Groodt,Dutch
De Groot,Dutch
De Groote,Dutch
De Gross,Dutch
De Gruy,Dutch
De Haan,Dutch
De Haas,Dutch
De Hart,Dutch
De Heer,Dutch
De Hoog,Dutch
De Jager,Dutch
De Jong,Dutch
De Jonge,Dutch
De Jongh,Dutch
De Kalb,Dutch
De Kam,Dutch
De Kay,Dutch
De Keyser,Dutch
De Kock,Dutch
De Kok,Dutch
De Koning,Dutch
De Kraker,Dutch
De Laet,Dutch
De Lange,Dutch
De Leeuw,Dutch
De Loof,Dutch
De Meester,Dutch
De Meulenaere,Dutch
De Meyer,Dutch
De Paepe,Dutch
De Pauw,Dutch
De Porter,Dutch
De Puydt,Dutch
De Raad,Dutch
De Ridder,Dutch
De Rolf,Dutch
De Ronde,Dutch
De Roo,Dutch
De Roos,Dutch
De Ruiter,Dutch
De Ruyter,Dutch
De Rycke,Dutch
De Ryke,Dutch
De Schepper,Dutch
De Smet,Dutch
De Smidt,Dutch
De Sutter,Dutch
De Turk,Dutch
De Valk,Dutch
De Visser,Dutch
De Volder,Dutch
De Vries,Dutch
De Waal,Dutch
De Waard,Dutch
De Waele,Dutch
De Weerd,Dutch
De Weerdt,Dutch
De Wees,Dutch
De Weese,Dutch
De Wese,Dutch
De Wilde,Dutch
De Windt,Dutch
De Winter,Dutch
De Wit,Dutch
De Witt,Dutch
De Witte,Dutch
De Wolf,Dutch
De Wulf,Dutch
De Zeeuw,Dutch
Debaere,Dutch
Debaun,Dutch
Debban,Dutch
Deboe,Dutch
Debruhl,Dutch
Debutts,Dutch
Decamp,Dutch
Deck,Dutch
Decker,Dutch
Decorte,Dutch
Dederich,Dutch
Dederick,Dutch
Deen,Dutch
Dees,Dutch
Deforest,Dutch
Degan,Dutch
Degeer,Dutch
Deike,Dutch
Dekker,Dutch
Delfs,Dutch
Demare,Dutch
Den Boer,Dutch
Den Hartog,Dutch
Den Herder,Dutch
Deneke,Dutch
Deneve,Dutch
Deni,Dutch
Dennen,Dutch
Denoble,Dutch
Derck,Dutch
Deremer,Dutch
Deren,Dutch
Derick,Dutch
Derickson,Dutch
Derk,Dutch
Derksen,Dutch
Derrick,Dutch
Derrickson,Dutch
Devoid,Dutch
Devos,Dutch
Devoss,Dutch
Dhondt,Dutch
Dickerhoff,Dutch
Dickerhoof,Dutch
Dickert,Dutch
Dickman,Dutch
Diede,Dutch
Diederichs,Dutch
Diedrich,Dutch
Diedrick,Dutch
Dier,Dutch
Diercks,Dutch
Dierickx,Dutch
Dierker,Dutch
Dierkes,Dutch
Dierks,Dutch
Diers,Dutch
Dillen,Dutch
Dils,Dutch
Dirck,Dutch
Dircks,Dutch
Dirickson,Dutch
Dirk,Dutch
Dirkes,Dutch
Dirks,Dutch
Dirkse,Dutch
Dirksen,Dutch
Distel,Dutch
Dokter,Dutch
Dolberg,Dutch
Dolman,Dutch
Dolph,Dutch
Dols,Dutch
Dolsen,Dutch
Dom,Dutch
Domas,Dutch
Domen,Dutch
Donker,Dutch
Donze,Dutch
Doom,Dutch
Dooms,Dutch
Doorn,Dutch
Doornbos,Dutch
Doose,Dutch
Doremus,Dutch
Doren,Dutch
Dorenkamp,Dutch
Dort,Dutch
Douse,Dutch
Draeger,Dutch
Drager,Dutch
Drake,Dutch
Drayer,Dutch
Drees,Dutch
Dreis,Dutch
Drenth,Dutch
Drewes,Dutch
Drews,Dutch
Dries,Dutch
Driessen,Dutch
Droge,Dutch
Drop,Dutch
Drost,Dutch
Drott,Dutch
Duch,Dutch
Duck,Dutch
Ducker,Dutch
Dues,Dutch
Duin,Dutch
Duis,Dutch
Duitsman,Dutch
Duker,Dutch
Dul,Dutch
Dulle,Dutch
Dun,Dutch
Dunker,Dutch
Duyck,Dutch
Dyck,Dutch
Dyckman,Dutch
Dyk,Dutch
Dykman,Dutch
Ebbert,Dutch
Ebberts,Dutch
Ebel,Dutch
Ebell,Dutch
Eck,Dutch
Ecke,Dutch
Ecker,Dutch
Eernisse,Dutch
Eftink,Dutch
Egbers,Dutch
Egbert,Dutch
Egger,Dutch
Eggers,Dutch
Eke,Dutch
Ekker,Dutch
Eland,Dutch
Elbers,Dutch
Elberson,Dutch
Elchert,Dutch
Elenbaas,Dutch
Elfering,Dutch
Elfers,Dutch
Elias,Dutch
Elk,Dutch
Ell,Dutch
Ellen,Dutch
Ellens,Dutch
Elpers,Dutch
Els,Dutch
Elsen,Dutch
Elzinga,Dutch
Emile,Dutch
Emmerich,Dutch
Enes,Dutch
Engel,Dutch
Engelhart,Dutch
Engels,Dutch
Engen,Dutch
Engert,Dutch
Ent,Dutch
Epes,Dutch
Epps,Dutch
Erck,Dutch
Ernest,Dutch
Ernesti,Dutch
Ernst,Dutch
Esters,Dutch
Etter,Dutch
Eve,Dutch
Evers,Dutch
Evert,Dutch
Everts,Dutch
Evertsen,Dutch
Evertz,Dutch
Eyman,Dutch
Eymann,Dutch
Faas,Dutch
Fabricius,Dutch
Factor,Dutch
Faggart,Dutch
Fake,Dutch
Fedder,Dutch
Feddersen,Dutch
Feltes,Dutch
Feltis,Dutch
Felts,Dutch
Feltus,Dutch
Fiss,Dutch
Flippen,Dutch
Flipse,Dutch
Flore,Dutch
Fluitt,Dutch
Focke,Dutch
Fok,Dutch
Fonda,Dutch
Fonk,Dutch
Foppe,Dutch
Foth,Dutch
Franck,Dutch
Francke,Dutch
Frank,Dutch
Franke,Dutch
Franken,Dutch
Frans,Dutch
Fransen,Dutch
Franssen,Dutch
Franzen,Dutch
Fredrick,Dutch
Freer,Dutch
Freese,Dutch
Frelinghuysen,Dutch
Frens,Dutch
Fries,Dutch
Friese,Dutch
Friesen,Dutch
Friesz,Dutch
Gaal,Dutch
Gaar,Dutch
Gabrielse,Dutch
Gabrielsen,Dutch
Galas,Dutch
Gallas,Dutch
Gans,Dutch
Gansen,Dutch
Garrels,Dutch
Garrelts,Dutch
Gebben,Dutch
Geels,Dutch
Geen,Dutch
Geenen,Dutch
Geer,Dutch
Geers,Dutch
Geerts,Dutch
Gelder,Dutch
Gentes,Dutch
Gentis,Dutch
Gerlach,Dutch
Gerrits,Dutch
Gerritsen,Dutch
Geurink,Dutch
Geurts,Dutch
Giesing,Dutch
Gil,Dutch
Gilde,Dutch
Gilden,Dutch
Gill,Dutch
Gillen,Dutch
Godin,Dutch
Goede,Dutch
Goeden,Dutch
Goedert,Dutch
Goeman,Dutch
Goen,Dutch
Goens,Dutch
Goes,Dutch
Goethals,Dutch
Goewey,Dutch
Gompers,Dutch
Gonnering,Dutch
Goossen,Dutch
Goossens,Dutch
Gorter,Dutch
Gossen,Dutch
Goude,Dutch
Goyer,Dutch
Grader,Dutch
Graef,Dutch
Graeve,Dutch
Graff,Dutch
Graft,Dutch
Greathouse,Dutch
Gregorius,Dutch
Gresens,Dutch
Greven,Dutch
Grever,Dutch
Greving,Dutch
Griffel,Dutch
Grim,Dutch
Groen,Dutch
Groendyke,Dutch
Groeneveld,Dutch
Groeneweg,Dutch
Groenewold,Dutch
Groesbeck,Dutch
Groff,Dutch
Groot,Dutch
Groothuis,Dutch
Grossen,Dutch
Grotenhuis,Dutch
Groth,Dutch
Grothe,Dutch
Gudenkauf,Dutch
Gullick,Dutch
Gumaer,Dutch
Gurman,Dutch
Haack,Dutch
Haag,Dutch
Haage,Dutch
Haagen,Dutch
Haak,Dutch
Haan,Dutch
Haar,Dutch
Haas,Dutch
Haasch,Dutch
Haase,Dutch
Habel,Dutch
Hack,Dutch
Hacker,Dutch
Hackert,Dutch
Haeg,Dutch
Haering,Dutch
Haertel,Dutch
Haese,Dutch
Haferkamp,Dutch
Hage,Dutch
Hagedorn,Dutch
Hagel,Dutch
Hagelin,Dutch
Hageman,Dutch
Hagen,Dutch
Hagens,Dutch
Hager,Dutch
Haggart,Dutch
Haisten,Dutch
Hak,Dutch
Hake,Dutch
Halbach,Dutch
Halen,Dutch
Halle,Dutch
Hallenbeck,Dutch
Halter,Dutch
Ham,Dutch
Hamaker,Dutch
Hamel,Dutch
Hamelink,Dutch
Hamer,Dutch
Hammac,Dutch
Hammack,Dutch
Hamme,Dutch
Hammen,Dutch
Hammes,Dutch
Hamon,Dutch
Hamper,Dutch
Han,Dutch
Hance,Dutch
Hancock,Dutch
Hand,Dutch
Handwerker,Dutch
Hangen,Dutch
Hanke,Dutch
Hankin,Dutch
Hanneken,Dutch
Hannemann,Dutch
Hannen,Dutch
Hannes,Dutch
Hanon,Dutch
Hans,Dutch
Hanse,Dutch
Hansel,Dutch
Hanselman,Dutch
Hansen,Dutch
Hansmann,Dutch
Hanus,Dutch
Happe,Dutch
Happel,Dutch
Harbers,Dutch
Harbert,Dutch
Hard,Dutch
Hardeman,Dutch
Hardenbergh,Dutch
Harding,Dutch
Hardman,Dutch
Hardt,Dutch
Haren,Dutch
Harfst,Dutch
Haring,Dutch
Hark,Dutch
Harman,Dutch
Harmeling,Dutch
Harmelink,Dutch
Harmening,Dutch
Harmes,Dutch
Harms,Dutch
Harmsen,Dutch
Harren,Dutch
Harring,Dutch
Hart,Dutch
Harte,Dutch
Harten,Dutch
Hartig,Dutch
Hartman,Dutch
Hartog,Dutch
Hartong,Dutch
Harts,Dutch
Hartung,Dutch
Hartwig,Dutch
Hasenkamp,Dutch
Haspel,Dutch
Hass,Dutch
Hasse,Dutch
Hassebrock,Dutch
Hassebroek,Dutch
Hasselbring,Dutch
Hasselman,Dutch
Hassen,Dutch
Hassing,Dutch
Hast,Dutch
Hatem,Dutch
Haubrich,Dutch
Hauge,Dutch
Haugen,Dutch
Hauter,Dutch
Hauver,Dutch
Havel,Dutch
Haver,Dutch
Haverkamp,Dutch
Haverland,Dutch
Hay,Dutch
Haye,Dutch
Hayen,Dutch
Hazard,Dutch
Haze,Dutch
Hazekamp,Dutch
Hazen,Dutch
Hebb,Dutch
Hebbe,Dutch
Hebert,Dutch
Hecht,Dutch
Hecke,Dutch
Heckel,Dutch
Heckert,Dutch
Heckman,Dutch
Hector,Dutch
Hedrich,Dutch
Hedrick,Dutch
Hee,Dutch
Heeg,Dutch
Heer,Dutch
Heerdt,Dutch
Heeren,Dutch
Hees,Dutch
Heese,Dutch
Heffel,Dutch
Hegeman,Dutch
Hegge,Dutch
Heggen,Dutch
Hegger,Dutch
Hegman,Dutch
Heiberg,Dutch
Heidbrink,Dutch
Heide,Dutch
Heidebrink,Dutch
Heiden,Dutch
Heidrich,Dutch
Heidrick,Dutch
Heier,Dutch
Heiken,Dutch
Heil,Dutch
Heilman,Dutch
Heimes,Dutch
Heims,Dutch
Hein,Dutch
Heine,Dutch
Heineman,Dutch
Heinen,Dutch
Heines,Dutch
Heinicke,Dutch
Heinig,Dutch
Heins,Dutch
Heise,Dutch
Heister,Dutch
Heitman,Dutch
Heitmann,Dutch
Helber,Dutch
Helbert,Dutch
Helbig,Dutch
Held,Dutch
Helder,Dutch
Heldt,Dutch
Hellenbrand,Dutch
Heller,Dutch
Helling,Dutch
Hellings,Dutch
Hellman,Dutch
Hellweg,Dutch
Hellwig,Dutch
Helm,Dutch
Helman,Dutch
Helmer,Dutch
Helmers,Dutch
Helms,Dutch
Helmus,Dutch
Helt,Dutch
Helwig,Dutch
Hemmen,Dutch
Hemmer,Dutch
Hemmerich,Dutch
Hemmerling,Dutch
Hemmes,Dutch
Hempen,Dutch
Hendel,Dutch
Hendrick,Dutch
Hendricks,Dutch
Hendrickx,Dutch
Hendriks,Dutch
Hendriksen,Dutch
Hendrix,Dutch
Hendry,Dutch
Hengen,Dutch
Henk,Dutch
Henke,Dutch
Henken,Dutch
Henkes,Dutch
Henkin,Dutch
Henne,Dutch
Henneberg,Dutch
Henneke,Dutch
Henneman,Dutch
Hennen,Dutch
Hennes,Dutch
Hennies,Dutch
Hennig,Dutch
Hennigh,Dutch
Henning,Dutch
Hennion,Dutch
Hennis,Dutch
Hennon,Dutch
Henrich,Dutch
Henrichs,Dutch
Henrick,Dutch
Hense,Dutch
Hensen,Dutch
Hentges,Dutch
Henze,Dutch
Heppe,Dutch
Herber,Dutch
Herberg,Dutch
Herbert,Dutch
Herbig,Dutch
Herbold,Dutch
Herd,Dutch
Herder,Dutch
Herdt,Dutch
Hergert,Dutch
Herin,Dutch
Herink,Dutch
Herlache,Dutch
Herling,Dutch
Herman,Dutch
Hermans,Dutch
Hermens,Dutch
Hermes,Dutch
Hermon,Dutch
Hermsen,Dutch
Herold,Dutch
Herrick,Dutch
Herrin,Dutch
Herring,Dutch
Herrman,Dutch
Hersman,Dutch
Hert,Dutch
Hertz,Dutch
Herwig,Dutch
Herz,Dutch
Hess,Dutch
Hesse,Dutch
Hessel,Dutch
Hesselink,Dutch
Hessing,Dutch
Hessman,Dutch
Hett,Dutch
Heun,Dutch
Heuring,Dutch
Heusinkveld,Dutch
Hey,Dutch
Heyboer,Dutch
Heyd,Dutch
Heyde,Dutch
Heye,Dutch
Heyen,Dutch
Heyer,Dutch
Heyman,Dutch
Heyn,Dutch
Heyne,Dutch
Heynen,Dutch
Heys,Dutch
Heyse,Dutch
Hibben,Dutch
Hick,Dutch
Hicks,Dutch
Hieronimus,Dutch
Hieronymus,Dutch
Hiers,Dutch
Hilbert,Dutch
Hilbig,Dutch
Hild,Dutch
Hilde,Dutch
Hildebrand,Dutch
Hildebrant,Dutch
Hilderman,Dutch
Hilding,Dutch
Hilger,Dutch
Hilgers,Dutch
Hilgert,Dutch
Hilke,Dutch
Hilker,Dutch
Hille,Dutch
Hillebrandt,Dutch
Hillen,Dutch
Hillenbrand,Dutch
Hiller,Dutch
Hillerman,Dutch
Hilliker,Dutch
Hilmer,Dutch
Hilpert,Dutch
Hilst,Dutch
Hinck,Dutch
Hingtgen,Dutch
Hiniker,Dutch
Hink,Dutch
Hinke,Dutch
Hinkebein,Dutch
Hinkel,Dutch
Hinken,Dutch
Hinker,Dutch
Hinrichs,Dutch
Hipp,Dutch
Hippe,Dutch
Hippert,Dutch
Hipple,Dutch
Hobart,Dutch
Hoben,Dutch
Hobert,Dutch
Hobin,Dutch
Hock,Dutch
Hocking,Dutch
Hockman,Dutch
Hodde,Dutch
Hoeck,Dutch
Hoefs,Dutch
Hoek,Dutch
Hoekman,Dutch
Hoen,Dutch
Hof,Dutch
Hoff,Dutch
Hoffman,Dutch
Hofius,Dutch
Hofland,Dutch
Hofman,Dutch
Hofstad,Dutch
Hogeboom,Dutch
Hogenmiller,Dutch
Holben,Dutch
Holeman,Dutch
Holl,Dutch
Holland,Dutch
Hollander,Dutch
Hollands,Dutch
Holleman,Dutch
Hollenberg,Dutch
Holler,Dutch
Holman,Dutch
Holsen,Dutch
Holst,Dutch
Holsten,Dutch
Holte,Dutch
Holten,Dutch
Hom,Dutch
Homan,Dutch
Hommel,Dutch
Hommer,Dutch
Hone,Dutch
Honold,Dutch
Hons,Dutch
Hoof,Dutch
Hoog,Dutch
Hooge,Dutch
Hoogenboom,Dutch
Hoogendoorn,Dutch
Hoogeveen,Dutch
Hoogland,Dutch
Hoon,Dutch
Hoop,Dutch
Hoopingarner,Dutch
Hoopman,Dutch
Hoops,Dutch
Hoos,Dutch
Hoose,Dutch
Hoot,Dutch
Hoots,Dutch
Hoover,Dutch
Hoovler,Dutch
Hooyman,Dutch
Hop,Dutch
Hopman,Dutch
Hopp,Dutch
Hoppe,Dutch
Hopper,Dutch
Hoppes,Dutch
Horen,Dutch
Horn,Dutch
Horne,Dutch
Horner,Dutch
Horst,Dutch
Horstman,Dutch
Horter,Dutch
Host,Dutch
Hotelling,Dutch
Houck,Dutch
Houg,Dutch
Houge,Dutch
Hougen,Dutch
Houghtaling,Dutch
Houk,Dutch
Hout,Dutch
Houtman,Dutch
Houts,Dutch
Hove,Dutch
Hoven,Dutch
Hover,Dutch
Hoving,Dutch
Huba,Dutch
Huber,Dutch
Hubers,Dutch
Hubert,Dutch
Huch,Dutch
Huck,Dutch
Hug,Dutch
Huge,Dutch
Hugo,Dutch
Hugus,Dutch
Huibregtse,Dutch
Huisman,Dutch
Huls,Dutch
Hulse,Dutch
Hulsebus,Dutch
Hulsizer,Dutch
Hulslander,Dutch
Hulsman,Dutch
Hulst,Dutch
Hultman,Dutch
Humbert,Dutch
Hummel,Dutch
Humpert,Dutch
Hunger,Dutch
Hupe,Dutch
Hurt,Dutch
Huver,Dutch
Huyck,Dutch
Huyler,Dutch
Huyser,Dutch
Hyden,Dutch
Hyink,Dutch
Ibe,Dutch
Jacob,Dutch
Jacobi,Dutch
Jacobsen,Dutch
Jacobus,Dutch
Jager,Dutch
Jagers,Dutch
Jahn,Dutch
Jan,Dutch
Jank,Dutch
Janke,Dutch
Janning,Dutch
Jans,Dutch
Jansen,Dutch
Jansing,Dutch
Janssen,Dutch
Janssens,Dutch
Janz,Dutch
Jen,Dutch
Jergens,Dutch
Jerke,Dutch
Joa,Dutch
Jong,Dutch
Jonker,Dutch
Jons,Dutch
Joos,Dutch
Joost,Dutch
Joosten,Dutch
Jorissen,Dutch
Jost,Dutch
Josten,Dutch
Jostes,Dutch
Junck,Dutch
Jurgens,Dutch
Kaake,Dutch
Kaas,Dutch
Kai,Dutch
Kalafut,Dutch
Kale,Dutch
Kalis,Dutch
Kalk,Dutch
Kalkman,Dutch
Kallen,Dutch
Kaller,Dutch
Kam,Dutch
Kamel,Dutch
Kamer,Dutch
Kamerman,Dutch
Kamp,Dutch
Kamphuis,Dutch
Kan,Dutch
Kanis,Dutch
Kaper,Dutch
Kappel,Dutch
Kapper,Dutch
Kappers,Dutch
Karel,Dutch
Karels,Dutch
Karis,Dutch
Karl,Dutch
Karlsen,Dutch
Karman,Dutch
Karon,Dutch
Karre,Dutch
Kasten,Dutch
Kastens,Dutch
Kater,Dutch
Kates,Dutch
Kats,Dutch
Katt,Dutch
Kayser,Dutch
Kazimer,Dutch
Kazimir,Dutch
Keelen,Dutch
Keels,Dutch
Keffeler,Dutch
Keffer,Dutch
Keilen,Dutch
Keiser,Dutch
Keister,Dutch
Keizer,Dutch
Kelder,Dutch
Kelderman,Dutch
Kellner,Dutch
Kelner,Dutch
Kemp,Dutch
Kempe,Dutch
Kemper,Dutch
Kennamer,Dutch
Kerker,Dutch
Kerkhoff,Dutch
Kerkman,Dutch
Kern,Dutch
Kernen,Dutch
Kerns,Dutch
Kes,Dutch
Kesel,Dutch
Keser,Dutch
Kess,Dutch
Kessel,Dutch
Kessen,Dutch
Kessler,Dutch
Kestel,Dutch
Kester,Dutch
Kesting,Dutch
Ketter,Dutch
Keup,Dutch
Kever,Dutch
Keyser,Dutch
Keyzer,Dutch
Kezele,Dutch
Kezer,Dutch
Kick,Dutch
Kieft,Dutch
Kiel,Dutch
Kien,Dutch
Kievit,Dutch
Kifer,Dutch
Kilian,Dutch
Kill,Dutch
Killian,Dutch
Kimmes,Dutch
Kin,Dutch
Kind,Dutch
Kinker,Dutch
Kinne,Dutch
Kint,Dutch
Kip,Dutch
Kiser,Dutch
Klaas,Dutch
Klaasen,Dutch
Klaassen,Dutch
Klaes,Dutch
Klasen,Dutch
Klasing,Dutch
Klaver,Dutch
Klees,Dutch
Klein,Dutch
Kleiner,Dutch
Kleinheksel,Dutch
Kleinjan,Dutch
Kletter,Dutch
Kleyn,Dutch
Kliner,Dutch
Kling,Dutch
Klinge,Dutch
Klink,Dutch
Klinker,Dutch
Klinkhammer,Dutch
Klock,Dutch
Klocke,Dutch
Klomp,Dutch
Kloos,Dutch
Klooster,Dutch
Kloosterman,Dutch
Klos,Dutch
Kloster,Dutch
Klutz,Dutch
Knaff,Dutch
Knarr,Dutch
Knipp,Dutch
Knippen,Dutch
Knipper,Dutch
Knoop,Dutch
Knop,Dutch
Knopp,Dutch
Knops,Dutch
Knorr,Dutch
Knueven,Dutch
Kobus,Dutch
Kock,Dutch
Koel,Dutch
Koen,Dutch
Koeneke,Dutch
Koeneman,Dutch
Koenen,Dutch
Koetje,Dutch
Kok,Dutch
Koker,Dutch
Kolk,Dutch
Kolkman,Dutch
Koman,Dutch
Kommer,Dutch
Konik,Dutch
Koning,Dutch
Konkel,Dutch
Kooi,Dutch
Kooiker,Dutch
Kooiman,Dutch
Kook,Dutch
Kooken,Dutch
Kool,Dutch
Koop,Dutch
Koopman,Dutch
Koopmans,Dutch
Koops,Dutch
Koos,Dutch
Kooy,Dutch
Kooyman,Dutch
Kopel,Dutch
Kopelman,Dutch
Koper,Dutch
Koppelman,Dutch
Kopper,Dutch
Koppes,Dutch
Kops,Dutch
Kor,Dutch
Koren,Dutch
Korfhage,Dutch
Korman,Dutch
Korn,Dutch
Korns,Dutch
Kors,Dutch
Kort,Dutch
Korte,Dutch
Korthals,Dutch
Kortman,Dutch
Korver,Dutch
Kos,Dutch
Kost,Dutch
Kosten,Dutch
Koster,Dutch
Kosters,Dutch
Kouns,Dutch
Kountz,Dutch
Kraai,Dutch
Kraak,Dutch
Krabbe,Dutch
Kracht,Dutch
Krack,Dutch
Kraemer,Dutch
Kragt,Dutch
Kraker,Dutch
Kramer,Dutch
Krammer,Dutch
Kramp,Dutch
Krampe,Dutch
Krane,Dutch
Krans,Dutch
Krantz,Dutch
Kranz,Dutch
Krapp,Dutch
Kras,Dutch
Kreiger,Dutch
Kreke,Dutch
Krekel,Dutch
Kremer,Dutch
Krengel,Dutch
Krieger,Dutch
Kriger,Dutch
Krings,Dutch
Krock,Dutch
Kroes,Dutch
Kroese,Dutch
Krok,Dutch
Krol,Dutch
Kroll,Dutch
Krom,Dutch
Kron,Dutch
Kronen,Dutch
Krook,Dutch
Kroon,Dutch
Kropp,Dutch
Kruchten,Dutch
Kruck,Dutch
Kruis,Dutch
Kruizenga,Dutch
Kruk,Dutch
Krul,Dutch
Krull,Dutch
Kryger,Dutch
Kuba,Dutch
Kues,Dutch
Kuiken,Dutch
Kuiper,Dutch
Kuipers,Dutch
Kuk,Dutch
Kuka,Dutch
Kuker,Dutch
Kunis,Dutch
Kuyper,Dutch
Kuypers,Dutch
Kyker,Dutch
Kysar,Dutch
Kyser,Dutch
Kyzar,Dutch
Kyzer,Dutch
Lachman,Dutch
Lage,Dutch
Lageman,Dutch
Lager,Dutch
Lagerman,Dutch
Laier,Dutch
Lakeman,Dutch
Lam,Dutch
Lamberg,Dutch
Lambers,Dutch
Lambert,Dutch
Lambertsen,Dutch
Lambertus,Dutch
Lambrecht,Dutch
Lambrix,Dutch
Lamme,Dutch
Lammers,Dutch
Lamping,Dutch
Landeck,Dutch
Lander,Dutch
Landers,Dutch
Landgraf,Dutch
Landingham,Dutch
Landman,Dutch
Landress,Dutch
Landsman,Dutch
Lang,Dutch
Langenberg,Dutch
Langenkamp,Dutch
Langer,Dutch
Langerman,Dutch
Langhans,Dutch
Langhorne,Dutch
Langstraat,Dutch
Lanier,Dutch
Laningham,Dutch
Lanius,Dutch
Lanners,Dutch
Lannert,Dutch
Lanning,Dutch
Lans,Dutch
Lansing,Dutch
Lanting,Dutch
Lare,Dutch
Last,Dutch
Later,Dutch
Laton,Dutch
Lau,Dutch
Laude,Dutch
Lauman,Dutch
Laurens,Dutch
Lause,Dutch
Lauten,Dutch
Laven,Dutch
Lavender,Dutch
Lea,Dutch
Leander,Dutch
Leben,Dutch
Lebens,Dutch
Leber,Dutch
Ledeboer,Dutch
Lederman,Dutch
Leek,Dutch
Leeman,Dutch
Leemon,Dutch
Leenhouts,Dutch
Leer,Dutch
Lees,Dutch
Leever,Dutch
Leffers,Dutch
Leffert,Dutch
Lefferts,Dutch
Leger,Dutch
Lehane,Dutch
Lei,Dutch
Leicht,Dutch
Leick,Dutch
Leidecker,Dutch
Leifeste,Dutch
Leikam,Dutch
Lein,Dutch
Leinart,Dutch
Leiner,Dutch
Leis,Dutch
Leise,Dutch
Leite,Dutch
Leitz,Dutch
Lem,Dutch
Leman,Dutch
Lembeck,Dutch
Lemen,Dutch
Lempert,Dutch
Lenard,Dutch
Lenhard,Dutch
Lenhart,Dutch
Lenius,Dutch
Lennartz,Dutch
Lennert,Dutch
Lent,Dutch
Leo,Dutch
Leonhard,Dutch
Leonhardt,Dutch
Leonhart,Dutch
Leopold,Dutch
Lepper,Dutch
Lersch,Dutch
Leseman,Dutch
Lesmeister,Dutch
Lesser,Dutch
Letterman,Dutch
Leu,Dutch
Leuck,Dutch
Leven,Dutch
Levenberg,Dutch
Lewin,Dutch
Lex,Dutch
Leyden,Dutch
Leys,Dutch
Libert,Dutch
Licht,Dutch
Lichte,Dutch
Lichtenberg,Dutch
Lichtenberger,Dutch
Lichter,Dutch
Lichterman,Dutch
Lichtman,Dutch
Lick,Dutch
Lie,Dutch
Lief,Dutch
Liefer,Dutch
Lien,Dutch
Lier,Dutch
Lierz,Dutch
Lies,Dutch
Liese,Dutch
Liess,Dutch
Lietz,Dutch
Lievens,Dutch
Likens,Dutch
Lilla,Dutch
Lim,Dutch
Limburg,Dutch
Limmer,Dutch
Lin,Dutch
Lince,Dutch
Linck,Dutch
Lind,Dutch
Linde,Dutch
Lindeman,Dutch
Lindemulder,Dutch
Linden,Dutch
Lindenberg,Dutch
Linderman,Dutch
Linders,Dutch
Lindert,Dutch
Lindt,Dutch
Linge,Dutch
Lingen,Dutch
Linhart,Dutch
Link,Dutch
Linke,Dutch
Linker,Dutch
Links,Dutch
Linman,Dutch
Linster,Dutch
Lint,Dutch
Lints,Dutch
Lintz,Dutch
Linz,Dutch
Lipman,Dutch
Lippens,Dutch
Lippert,Dutch
Lippman,Dutch
Lips,Dutch
Lis,Dutch
Lisman,Dutch
List,Dutch
Litt,Dutch
Litteken,Dutch
Lochte,Dutch
Lock,Dutch
Locke,Dutch
Lockman,Dutch
Loden,Dutch
Lodwick,Dutch
Loe,Dutch
Loeper,Dutch
Loepp,Dutch
Loewen,Dutch
Loge,Dutch
Logeman,Dutch
Logemann,Dutch
Lok,Dutch
Loll,Dutch
Lommel,Dutch
Lommen,Dutch
Londo,Dutch
Longe,Dutch
Lonneman,Dutch
Lontz,Dutch
Loo,Dutch
Loock,Dutch
Loofbourrow,Dutch
Looft,Dutch
Look,Dutch
Loop,Dutch
Loope,Dutch
Looper,Dutch
Loos,Dutch
Loose,Dutch
Lootens,Dutch
Lopeman,Dutch
Loper,Dutch
Lor,Dutch
Lore,Dutch
Lorentz,Dutch
Lorentzen,Dutch
Lorenz,Dutch
Lorenzen,Dutch
Lorman,Dutch
Lorts,Dutch
Lortz,Dutch
Los,Dutch
Losey,Dutch
Lott,Dutch
Lou,Dutch
Louck,Dutch
Loucks,Dutch
Louk,Dutch
Louks,Dutch
Lovan,Dutch
Love,Dutch
Loven,Dutch
Lovins,Dutch
Lowy,Dutch
Loy,Dutch
Loye,Dutch
Loyer,Dutch
Lubbe,Dutch
Lubben,Dutch
Lubbers,Dutch
Lubbert,Dutch
Lubeck,Dutch
Lubert,Dutch
Luca,Dutch
Lucas,Dutch
Lucht,Dutch
Lucius,Dutch
Luck,Dutch
Luckman,Dutch
Lucks,Dutch
Ludlow,Dutch
Ludwig,Dutch
Ludwigsen,Dutch
Luebben,Dutch
Luecht,Dutch
Lueck,Dutch
Lueder,Dutch
Lueders,Dutch
Lueke,Dutch
Lueken,Dutch
Lueker,Dutch
Lueking,Dutch
Luetjen,Dutch
Luff,Dutch
Luick,Dutch
Luk,Dutch
Luka,Dutch
Lukas,Dutch
Luken,Dutch
Luks,Dutch
Lupardus,Dutch
Lust,Dutch
Lustig,Dutch
Luten,Dutch
Luter,Dutch
Lutgen,Dutch
Lutjen,Dutch
Lutter,Dutch
Lux,Dutch
Luyster,Dutch
Lybbert,Dutch
Lydecker,Dutch
Lyman,Dutch
Lyn,Dutch
Lyon,Dutch
Maack,Dutch
Maag,Dutch
Maas,Dutch
Maass,Dutch
Maassen,Dutch
Maat,Dutch
Mabe,Dutch
Mabee,Dutch
Machart,Dutch
Mack,Dutch
Macke,Dutch
Mackel,Dutch
Mackell,Dutch
Macken,Dutch
Mackes,Dutch
Mackin,Dutch
Macks,Dutch
Maddalena,Dutch
Mader,Dutch
Maeder,Dutch
Mael,Dutch
Maertens,Dutch
Maes,Dutch
Maese,Dutch
Magas,Dutch
Magel,Dutch
Mager,Dutch
Magers,Dutch
Magnus,Dutch
Mai,Dutch
Maier,Dutch
Mais,Dutch
Maixner,Dutch
Mak,Dutch
Maker,Dutch
Makin,Dutch
Makins,Dutch
Malin,Dutch
Malkus,Dutch
Maller,Dutch
Mallinger,Dutch
Malta,Dutch
Mamer,Dutch
Man,Dutch
Manard,Dutch
Mand,Dutch
Mandel,Dutch
Manderfeld,Dutch
Manders,Dutch
Mandery,Dutch
Mandler,Dutch
Mandt,Dutch
Manes,Dutch
Manfred,Dutch
Mangen,Dutch
Manger,Dutch
Manheim,Dutch
Manheimer,Dutch
Mank,Dutch
Mann,Dutch
Manna,Dutch
Manne,Dutch
Mannes,Dutch
Mannheimer,Dutch
Mans,Dutch
Mantel,Dutch
Mantia,Dutch
Marck,Dutch
Marcks,Dutch
Marcus,Dutch
Marcussen,Dutch
Mare,Dutch
Maren,Dutch
Mares,Dutch
Margraf,Dutch
Marien,Dutch
Maris,Dutch
Mark,Dutch
Markel,Dutch
Markert,Dutch
Markgraf,Dutch
Marks,Dutch
Markus,Dutch
Marland,Dutch
Marold,Dutch
Marolt,Dutch
Marris,Dutch
Mars,Dutch
Marsalis,Dutch
Marsman,Dutch
Martens,Dutch
Martensen,Dutch
Marter,Dutch
Martha,Dutch
Marthaler,Dutch
Marthaller,Dutch
Martin,Dutch
Marting,Dutch
Martins,Dutch
Martinsen,Dutch
Martyn,Dutch
Marx,Dutch
Marxer,Dutch
Mas,Dutch
Masin,Dutch
Mask,Dutch
Maska,Dutch
Maske,Dutch
Masker,Dutch
Mass,Dutch
Masse,Dutch
Mast,Dutch
Masten,Dutch
Matern,Dutch
Matheus,Dutch
Mathey,Dutch
Mathia,Dutch
Mathias,Dutch
Mathies,Dutch
Mathiesen,Dutch
Mathis,Dutch
Mathisen,Dutch
Mathus,Dutch
Mathys,Dutch
Matias,Dutch
Matson,Dutch
Matt,Dutch
Matte,Dutch
Matter,Dutch
Mattern,Dutch
Matters,Dutch
Matthey,Dutch
Matthias,Dutch
Matthies,Dutch
Matthiesen,Dutch
Matthis,Dutch
Matthys,Dutch
Mattis,Dutch
Matzen,Dutch
Matzner,Dutch
Mau,Dutch
Mauritz,Dutch
Max,Dutch
Maxim,Dutch
May,Dutch
Mayer,Dutch
Mayers,Dutch
Meck,Dutch
Mecke,Dutch
Medendorp,Dutch
Meeker,Dutch
Meekhof,Dutch
Meer,Dutch
Meers,Dutch
Mees,Dutch
Meese,Dutch
Meester,Dutch
Meeuwsen,Dutch
Meffert,Dutch
Mehle,Dutch
Mei,Dutch
Meier,Dutch
Meiers,Dutch
Meijer,Dutch
Meile,Dutch
Meili,Dutch
Mein,Dutch
Meinen,Dutch
Meiners,Dutch
Meinert,Dutch
Meinhold,Dutch
Meinke,Dutch
Meis,Dutch
Meisch,Dutch
Meise,Dutch
Melcher,Dutch
Melchert,Dutch
Melchior,Dutch
Melchor,Dutch
Melgar,Dutch
Melia,Dutch
Melick,Dutch
Melis,Dutch
Melle,Dutch
Mellen,Dutch
Mellis,Dutch
Mello,Dutch
Mellon,Dutch
Melman,Dutch
Mencke,Dutch
Mengel,Dutch
Menk,Dutch
Menke,Dutch
Menkes,Dutch
Mennen,Dutch
Mensch,Dutch
Mente,Dutch
Menth,Dutch
Menting,Dutch
Mentink,Dutch
Merck,Dutch
Mergel,Dutch
Mergen,Dutch
Merk,Dutch
Mers,Dutch
Mersman,Dutch
Merten,Dutch
Mertens,Dutch
Mertes,Dutch
Mertins,Dutch
Mervis,Dutch
Mesman,Dutch
Meter,Dutch
Mette,Dutch
Metting,Dutch
Metzer,Dutch
Meulemans,Dutch
Meuse,Dutch
Meusel,Dutch
Meuser,Dutch
Meuwissen,Dutch
Mey,Dutch
Meyer,Dutch
Michael,Dutch
Michaelis,Dutch
Michaels,Dutch
Michaelsen,Dutch
Michel,Dutch
Michels,Dutch
Michelsen,Dutch
Michelson,Dutch
Michiels,Dutch
Michon,Dutch
Mick,Dutch
Micke,Dutch
Middlecamp,Dutch
Miele,Dutch
Mielke,Dutch
Mier,Dutch
Miers,Dutch
Mies,Dutch
Miesen,Dutch
Miesse,Dutch
Mikels,Dutch
Mikkelsen,Dutch
Milde,Dutch
Miles,Dutch
Milius,Dutch
Mille,Dutch
Millen,Dutch
Millis,Dutch
Milz,Dutch
Min,Dutch
Minder,Dutch
Minger,Dutch
Mink,Dutch
Minke,Dutch
Minner,Dutch
Minten,Dutch
Mis,Dutch
Mock,Dutch
Moder,Dutch
Moen,Dutch
Moerman,Dutch
Moers,Dutch
Moes,Dutch
Moger,Dutch
Mohr,Dutch
Mohrmann,Dutch
Mok,Dutch
Moke,Dutch
Mol,Dutch
Molder,Dutch
Molen,Dutch
Molenaar,Dutch
Moll,Dutch
Molle,Dutch
Moller,Dutch
Molnar,Dutch
Momberg,Dutch
Mommaerts,Dutch
Mondt,Dutch
Monk,Dutch
Monks,Dutch
Monnin,Dutch
Mont,Dutch
Montes,Dutch
Moock,Dutch
Mooers,Dutch
Moog,Dutch
Moonen,Dutch
Moorman,Dutch
Moormann,Dutch
Moors,Dutch
Moos,Dutch
Moot,Dutch
Moreman,Dutch
Moren,Dutch
Mores,Dutch
Moretz,Dutch
Morgen,Dutch
Morin,Dutch
Moring,Dutch
Moris,Dutch
Moritz,Dutch
Morland,Dutch
Morren,Dutch
Mortensen,Dutch
Mossing,Dutch
Most,Dutch
Mostert,Dutch
Moten,Dutch
Mox,Dutch
Moye,Dutch
Moyer,Dutch
Moyers,Dutch
Mues,Dutch
Muilenburg,Dutch
Mulder,Dutch
Mule,Dutch
Mullen,Dutch
Muller,Dutch
Munck,Dutch
Munk,Dutch
Muns,Dutch
Munster,Dutch
Munsterman,Dutch
Munter,Dutch
Musch,Dutch
Musick,Dutch
Mussen,Dutch
Muster,Dutch
Mynhier,Dutch
Naar,Dutch
Naas,Dutch
Nack,Dutch
Nacke,Dutch
Naef,Dutch
Nagel,Dutch
Nagle,Dutch
Nagler,Dutch
Nanninga,Dutch
Napper,Dutch
Nassau,Dutch
Naus,Dutch
Nave,Dutch
Navis,Dutch
Nay,Dutch
Nazareth,Dutch
Necker,Dutch
Neder,Dutch
Neef,Dutch
Neels,Dutch
Neer,Dutch
Neering,Dutch
Neese,Dutch
Neff,Dutch
Nehl,Dutch
Nehls,Dutch
Neikirk,Dutch
Neis,Dutch
Neisen,Dutch
Neisius,Dutch
Nelis,Dutch
Nell,Dutch
Nelle,Dutch
Nelles,Dutch
Nellessen,Dutch
Nellis,Dutch
Nelsen,Dutch
Neman,Dutch
Nepper,Dutch
Nessel,Dutch
Nestel,Dutch
Nestler,Dutch
Neubeck,Dutch
Neuens,Dutch
Neve,Dutch
Nevels,Dutch
Nevens,Dutch
Ney,Dutch
Neyens,Dutch
Neyman,Dutch
Nichelson,Dutch
Nichol,Dutch
Nicholas,Dutch
Nicholes,Dutch
Nicholls,Dutch
Nichols,Dutch
Nick,Dutch
Nickel,Dutch
Nickell,Dutch
Nickels,Dutch
Nickelsen,Dutch
Nickson,Dutch
Nicolai,Dutch
Nicolaisen,Dutch
Nicolas,Dutch
Nicolaus,Dutch
Nicols,Dutch
Nieboer,Dutch
Niebrugge,Dutch
Niedermeyer,Dutch
Niehues,Dutch
Niekamp,Dutch
Nieland,Dutch
Nieman,Dutch
Nienhuis,Dutch
Nienstedt,Dutch
Nies,Dutch
Niese,Dutch
Niesen,Dutch
Nieuwenhuis,Dutch
Nikolai,Dutch
Nix,Dutch
Noe,Dutch
Noecker,Dutch
Nohl,Dutch
Nolde,Dutch
Nolden,Dutch
Nolen,Dutch
Nolf,Dutch
Noller,Dutch
Noon,Dutch
Noor,Dutch
Nord,Dutch
Norden,Dutch
Nordin,Dutch
Nordman,Dutch
Norman,Dutch
Nostrand,Dutch
Nostrant,Dutch
Noteboom,Dutch
Notte,Dutch
November,Dutch
Noye,Dutch
Nydam,Dutch
Nydegger,Dutch
Nyenhuis,Dutch
Nylander,Dutch
Obert,Dutch
Obrecht,Dutch
Ockerman,Dutch
Odekirk,Dutch
Oden,Dutch
Oelkers,Dutch
Oeltjenbruns,Dutch
Oen,Dutch
Oetken,Dutch
Offerman,Dutch
Ohlrich,Dutch
Ohlson,Dutch
Oien,Dutch
Olberding,Dutch
Olbrich,Dutch
Olen,Dutch
Oleson,Dutch
Olin,Dutch
Olm,Dutch
Olthoff,Dutch
Ommen,Dutch
Onder,Dutch
Onderdonk,Dutch
Onken,Dutch
Ooms,Dutch
Oosting,Dutch
Opdyke,Dutch
Opper,Dutch
Opperman,Dutch
Orban,Dutch
Oren,Dutch
Orland,Dutch
Orman,Dutch
Osman,Dutch
Oss,Dutch
Ossman,Dutch
Osten,Dutch
Oster,Dutch
Osterhoudt,Dutch
Osterhout,Dutch
Ostermeier,Dutch
Osthoff,Dutch
Otte,Dutch
Otteman,Dutch
Otten,Dutch
Ottens,Dutch
Otter,Dutch
Ottesen,Dutch
Otting,Dutch
Ottman,Dutch
Otto,Dutch
Ottoson,Dutch
Otts,Dutch
Ouderkirk,Dutch
Outen,Dutch
Outten,Dutch
Overbeck,Dutch
Overbeek,Dutch
Overberg,Dutch
Overfelt,Dutch
Overholt,Dutch
Overman,Dutch
Overweg,Dutch
Oyen,Dutch
Ozanne,Dutch
Paap,Dutch
Paape,Dutch
Paar,Dutch
Pachter,Dutch
Packman,Dutch
Paepke,Dutch
Pak,Dutch
Palm,Dutch
Palmberg,Dutch
Palms,Dutch
Pals,Dutch
Pamer,Dutch
Pan,Dutch
Pane,Dutch
Pantone,Dutch
Papa,Dutch
Pape,Dutch
Papenfus,Dutch
Papenfuss,Dutch
Papes,Dutch
Papin,Dutch
Papka,Dutch
Papke,Dutch
Papp,Dutch
Pappert,Dutch
Parlee,Dutch
Parlier,Dutch
Pastor,Dutch
Pater,Dutch
Paternoster,Dutch
Pau,Dutch
Paul,Dutch
Pauls,Dutch
Paulus,Dutch
Paumen,Dutch
Paus,Dutch
Pauwels,Dutch
Peck,Dutch
Pee,Dutch
Peek,Dutch
Peel,Dutch
Peer,Dutch
Peerenboom,Dutch
Peerman,Dutch
Peet,Dutch
Peeters,Dutch
Peets,Dutch
Peil,Dutch
Pels,Dutch
Pelt,Dutch
Pen,Dutch
Penders,Dutch
Penne,Dutch
Penning,Dutch
Penninger,Dutch
Peper,Dutch
Peppe,Dutch
Perkins,Dutch
Perman,Dutch
Persyn,Dutch
Pester,Dutch
Pete,Dutch
Peter,Dutch
Peterman,Dutch
Peters,Dutch
Petersen,Dutch
Petri,Dutch
Petro,Dutch
Petrus,Dutch
Petry,Dutch
Petter,Dutch
Pettersen,Dutch
Phebus,Dutch
Philip,Dutch
Philipps,Dutch
Philips,Dutch
Philipsen,Dutch
Phillipp,Dutch
Phillipps,Dutch
Phillips,Dutch
Pick,Dutch
Pickard,Dutch
Pickart,Dutch
Pickel,Dutch
Picker,Dutch
Pieper,Dutch
Piet,Dutch
Pieters,Dutch
Pietri,Dutch
Pille,Dutch
Pillen,Dutch
Pin,Dutch
Pinkelman,Dutch
Pinkert,Dutch
Pins,Dutch
Pint,Dutch
Piper,Dutch
Pistorius,Dutch
Pitman,Dutch
Placke,Dutch
Plas,Dutch
Plate,Dutch
Plein,Dutch
Pleines,Dutch
Plier,Dutch
Ploeger,Dutch
Plog,Dutch
Ploog,Dutch
Plooster,Dutch
Plucker,Dutch
Plugge,Dutch
Plumer,Dutch
Poel,Dutch
Poelman,Dutch
Pohle,Dutch
Pol,Dutch
Polen,Dutch
Polhamus,Dutch
Polhemus,Dutch
Polis,Dutch
Poll,Dutch
Poller,Dutch
Polman,Dutch
Pond,Dutch
Pons,Dutch
Pont,Dutch
Pontier,Dutch
Pool,Dutch
Poos,Dutch
Poppe,Dutch
Porten,Dutch
Porter,Dutch
Portman,Dutch
Posen,Dutch
Post,Dutch
Postel,Dutch
Posthumus,Dutch
Potter,Dutch
Potters,Dutch
Prak,Dutch
Pranger,Dutch
Prater,Dutch
Preis,Dutch
Priem,Dutch
Priester,Dutch
Prim,Dutch
Prime,Dutch
Prins,Dutch
Prinsen,Dutch
Prior,Dutch
Proft,Dutch
Prosper,Dutch
Prost,Dutch
Provine,Dutch
Pruyn,Dutch
Puls,Dutch
Putman,Dutch
Pyle,Dutch
Pylman,Dutch
Quakenbush,Dutch
Quant,Dutch
Quick,Dutch
Quickel,Dutch
Raad,Dutch
Raaf,Dutch
Raap,Dutch
Rademaker,Dutch
Raes,Dutch
Rake,Dutch
Rakers,Dutch
Ram,Dutch
Ramaekers,Dutch
Ramaker,Dutch
Ramus,Dutch
Rapaport,Dutch
Rapier,Dutch
Rapport,Dutch
Ras,Dutch
Rase,Dutch
Raskin,Dutch
Rasmus,Dutch
Rasmussen,Dutch
Rassel,Dutch
Ratte,Dutch
Rave,Dutch
Rayman,Dutch
Rebeck,Dutch
Recker,Dutch
Reckers,Dutch
Rector,Dutch
Reddin,Dutch
Redding,Dutch
Reder,Dutch
Redig,Dutch
Rediger,Dutch
Rediker,Dutch
Reding,Dutch
Reeb,Dutch
Reeck,Dutch
Reeder,Dutch
Reel,Dutch
Reels,Dutch
Reep,Dutch
Reese,Dutch
Reff,Dutch
Rega,Dutch
Rego,Dutch
Reiland,Dutch
Reinders,Dutch
Reiner,Dutch
Reiners,Dutch
Reisdorf,Dutch
Reisz,Dutch
Remer,Dutch
Remes,Dutch
Remis,Dutch
Remmers,Dutch
Ren,Dutch
Rens,Dutch
Rensing,Dutch
Rentmeester,Dutch
Resch,Dutch
Reuland,Dutch
Reus,Dutch
Reust,Dutch
Revier,Dutch
Reviere,Dutch
Reynders,Dutch
Reynen,Dutch
Ribbens,Dutch
Richard,Dutch
Ricke,Dutch
Ricken,Dutch
Ridlehoover,Dutch
Rients,Dutch
Riessen,Dutch
Rietveld,Dutch
Rinck,Dutch
Ring,Dutch
Ringen,Dutch
Rink,Dutch
Rinke,Dutch
Rinks,Dutch
Rinkus,Dutch
Ripp,Dutch
Ris,Dutch
Robbert,Dutch
Robert,Dutch
Rodenberg,Dutch
Rodenburg,Dutch
Roder,Dutch
Roelofs,Dutch
Roels,Dutch
Roers,Dutch
Roes,Dutch
Roetman,Dutch
Roets,Dutch
Rog,Dutch
Rogge,Dutch
Roggenkamp,Dutch
Rolen,Dutch
Rom,Dutch
Romans,Dutch
Romberg,Dutch
Romer,Dutch
Rommel,Dutch
Rood,Dutch
Roode,Dutch
Roop,Dutch
Roos,Dutch
Roosa,Dutch
Roose,Dutch
Roosevelt,Dutch
Root,Dutch
Rooth,Dutch
Roozen,Dutch
Roseboom,Dutch
Rosecrans,Dutch
Rosekrans,Dutch
Rosenboom,Dutch
Rosenbrock,Dutch
Rosencrans,Dutch
Rosencrantz,Dutch
Rosenkrans,Dutch
Rosenkrantz,Dutch
Rosenkranz,Dutch
Rosh,Dutch
Rosing,Dutch
Roskam,Dutch
Roskamp,Dutch
Rossum,Dutch
Rotar,Dutch
Rotman,Dutch
Roup,Dutch
Rozeboom,Dutch
Rozmus,Dutch
Rubens,Dutch
Rudes,Dutch
Rudman,Dutch
Rueb,Dutch
Ruesink,Dutch
Ruiter,Dutch
Rummel,Dutch
Rupert,Dutch
Ruter,Dutch
Rutgers,Dutch
Ruther,Dutch
Rutten,Dutch
Rutter,Dutch
Ruwe,Dutch
Ryckman,Dutch
Ryder,Dutch
Ryken,Dutch
Ryker,Dutch
Ryks,Dutch
Rynders,Dutch
Ryskamp,Dutch
Saar,Dutch
Sable,Dutch
Sack,Dutch
Sacks,Dutch
Saeger,Dutch
Saelens,Dutch
Sager,Dutch
Sagers,Dutch
Saile,Dutch
Sak,Dutch
Salins,Dutch
Salm,Dutch
Salman,Dutch
Salomon,Dutch
Sam,Dutch
Samelson,Dutch
Samis,Dutch
Sammis,Dutch
Sampson,Dutch
Samson,Dutch
Samuel,Dutch
Sand,Dutch
Sandelin,Dutch
Sander,Dutch
Sandman,Dutch
Sandt,Dutch
Sanger,Dutch
Sanna,Dutch
Sant,Dutch
Sante,Dutch
Sar,Dutch
Sarasin,Dutch
Sarazen,Dutch
Sarazin,Dutch
Sarrazin,Dutch
Sarris,Dutch
Sartoris,Dutch
Sas,Dutch
Sass,Dutch
Sasse,Dutch
Sasseen,Dutch
Satter,Dutch
Sauter,Dutch
Savel,Dutch
Sax,Dutch
Saxe,Dutch
Saxer,Dutch
Sayer,Dutch
Scaff,Dutch
Schaab,Dutch
Schaack,Dutch
Schaad,Dutch
Schaak,Dutch
Schaake,Dutch
Schaal,Dutch
Schaap,Dutch
Schaar,Dutch
Schab,Dutch
Schacht,Dutch
Schack,Dutch
Schade,Dutch
Schaefers,Dutch
Schalk,Dutch
Schamp,Dutch
Schanck,Dutch
Schank,Dutch
Scharmer,Dutch
Schartz,Dutch
Schaul,Dutch
Schaumburg,Dutch
Schaut,Dutch
Schave,Dutch
Scheel,Dutch
Scheele,Dutch
Scheer,Dutch
Scheerer,Dutch
Scheffert,Dutch
Schei,Dutch
Schelle,Dutch
Schelling,Dutch
Schenk,Dutch
Schenke,Dutch
Schenkel,Dutch
Scheper,Dutch
Schepers,Dutch
Schepker,Dutch
Schepman,Dutch
Schepper,Dutch
Scher,Dutch
Scherman,Dutch
Schermer,Dutch
Schermerhorn,Dutch
Schierer,Dutch
Schiffler,Dutch
Schild,Dutch
Schilder,Dutch
Schilt,Dutch
Schimmel,Dutch
Schink,Dutch
Schinkel,Dutch
Schipp,Dutch
Schipper,Dutch
Schippers,Dutch
Schlomer,Dutch
Schlote,Dutch
Schlotman,Dutch
Schmits,Dutch
Schoch,Dutch
Schock,Dutch
Schoemaker,Dutch
Schoen,Dutch
Schoepp,Dutch
Scholl,Dutch
Scholle,Dutch
Scholten,Dutch
Scholtens,Dutch
Scholtes,Dutch
Schoof,Dutch
School,Dutch
Schoolman,Dutch
Schools,Dutch
Schoon,Dutch
Schoonhoven,Dutch
Schoonover,Dutch
Schoop,Dutch
Schouten,Dutch
Schowengerdt,Dutch
Schreuder,Dutch
Schreur,Dutch
Schreurs,Dutch
Schrey,Dutch
Schreyer,Dutch
Schrick,Dutch
Schrier,Dutch
Schriever,Dutch
Schroder,Dutch
Schroen,Dutch
Schrotenboer,Dutch
Schryver,Dutch
Schult,Dutch
Schulte,Dutch
Schulteis,Dutch
Schultes,Dutch
Schultheis,Dutch
Schumacker,Dutch
Schumaker,Dutch
Schupp,Dutch
Schuring,Dutch
Schut,Dutch
Schutt,Dutch
Schutte,Dutch
Schutter,Dutch
Schutts,Dutch
Schuur,Dutch
Schuyler,Dutch
Schwarte,Dutch
Schwarting,Dutch
Scouten,Dutch
Sebben,Dutch
Seck,Dutch
Seeger,Dutch
Seegers,Dutch
Seever,Dutch
Segar,Dutch
Seger,Dutch
Segers,Dutch
Seghers,Dutch
Seivert,Dutch
Seiwert,Dutch
Selle,Dutch
Selover,Dutch
Semon,Dutch
Senger,Dutch
Senior,Dutch
Senne,Dutch
Sens,Dutch
Senske,Dutch
Sepp,Dutch
Septer,Dutch
Sermon,Dutch
Servatius,Dutch
Sever,Dutch
Severs,Dutch
Seyer,Dutch
Shavers,Dutch
Shoopman,Dutch
Shytle,Dutch
Si,Dutch
Sickel,Dutch
Sieb,Dutch
Siefer,Dutch
Siefert,Dutch
Sieffert,Dutch
Siemsen,Dutch
Sieren,Dutch
Siers,Dutch
Siever,Dutch
Sievers,Dutch
Sievert,Dutch
Siewert,Dutch
Sigmund,Dutch
Sik,Dutch
Sikkenga,Dutch
Sikkink,Dutch
Sim,Dutch
Simenson,Dutch
Simmelink,Dutch
Simmering,Dutch
Simon,Dutch
Simonis,Dutch
Simons,Dutch
Singel,Dutch
Sion,Dutch
Sivert,Dutch
Sivertsen,Dutch
Skees,Dutch
Skiver,Dutch
Skok,Dutch
Slack,Dutch
Slager,Dutch
Slaght,Dutch
Slagter,Dutch
Slanker,Dutch
Sliker,Dutch
Sliman,Dutch
Slimmer,Dutch
Slinger,Dutch
Slingerland,Dutch
Slinker,Dutch
Slote,Dutch
Slotten,Dutch
Slotter,Dutch
Sloup,Dutch
Slover,Dutch
Sluis,Dutch
Sluiter,Dutch
Sluyter,Dutch
Smarr,Dutch
Smee,Dutch
Smet,Dutch
Smid,Dutch
Smidt,Dutch
Smit,Dutch
Smits,Dutch
Smoker,Dutch
Smouse,Dutch
Smyers,Dutch
Snedaker,Dutch
Snedden,Dutch
Snedecor,Dutch
Snedegar,Dutch
Snedeker,Dutch
Sneeringer,Dutch
Sneider,Dutch
Snellen,Dutch
Snellings,Dutch
Snider,Dutch
Snyder,Dutch
Snyderman,Dutch
Snyders,Dutch
Soens,Dutch
Soetaert,Dutch
Sollenberger,Dutch
Solomon,Dutch
Sondag,Dutch
Sonnen,Dutch
Sorg,Dutch
Sorge,Dutch
Speer,Dutch
Spees,Dutch
Speese,Dutch
Spielman,Dutch
Spille,Dutch
Spiller,Dutch
Spoden,Dutch
Spoon,Dutch
Spoor,Dutch
Sportsman,Dutch
Sprang,Dutch
Sprik,Dutch
Springer,Dutch
Springman,Dutch
Springsteen,Dutch
Sprinkel,Dutch
Sprock,Dutch
Sprong,Dutch
Sprout,Dutch
Sprung,Dutch
Sprunk,Dutch
Spyker,Dutch
Staal,Dutch
Staas,Dutch
Staat,Dutch
Staats,Dutch
Stadt,Dutch
Staebell,Dutch
Staehle,Dutch
Staffen,Dutch
Stage,Dutch
Stalls,Dutch
Stam,Dutch
Stammen,Dutch
Standaert,Dutch
Stapert,Dutch
Star,Dutch
Starke,Dutch
Stas,Dutch
Stassen,Dutch
Staten,Dutch
Steeg,Dutch
Steen,Dutch
Steenberg,Dutch
Steenbergen,Dutch
Steenbock,Dutch
Steenhoek,Dutch
Steenrod,Dutch
Steenwyk,Dutch
Stees,Dutch
Steffan,Dutch
Steffen,Dutch
Steffens,Dutch
Steffes,Dutch
Stege,Dutch
Stegeman,Dutch
Stegen,Dutch
Stein,Dutch
Steketee,Dutch
Stella,Dutch
Stelling,Dutch
Stelljes,Dutch
Stelma,Dutch
Stephanus,Dutch
Stepp,Dutch
Steppe,Dutch
Sterk,Dutch
Sterken,Dutch
Steven,Dutch
Stien,Dutch
Stiens,Dutch
Stier,Dutch
Stiers,Dutch
Stifter,Dutch
Stiggers,Dutch
Stine,Dutch
Stipp,Dutch
Stobbe,Dutch
Stockard,Dutch
Stockert,Dutch
Stockman,Dutch
Stoffels,Dutch
Stoker,Dutch
Stolen,Dutch
Stolk,Dutch
Stommel,Dutch
Stoop,Dutch
Stoops,Dutch
Storm,Dutch
Storms,Dutch
Stoup,Dutch
Strate,Dutch
Strater,Dutch
Straus,Dutch
Strauss,Dutch
Streng,Dutch
Stricker,Dutch
Strobbe,Dutch
Strobel,Dutch
Strom,Dutch
Stroop,Dutch
Stroot,Dutch
Strubbe,Dutch
Struck,Dutch
Strum,Dutch
Struve,Dutch
Strycker,Dutch
Stryker,Dutch
Stubbe,Dutch
Stuit,Dutch
Stum,Dutch
Sturm,Dutch
Sturms,Dutch
Stuyvesant,Dutch
Suen,Dutch
Suman,Dutch
Susan,Dutch
Suter,Dutch
Sutfin,Dutch
Swart,Dutch
Swarthout,Dutch
Swarts,Dutch
Swartwout,Dutch
Swartz,Dutch
Swearingen,Dutch
Swearinger,Dutch
Sweeden,Dutch
Sweere,Dutch
Sweers,Dutch
Sweger,Dutch
Swets,Dutch
Swett,Dutch
Swetz,Dutch
Swick,Dutch
Swier,Dutch
Swygert,Dutch
Sybrant,Dutch
Sypher,Dutch
Syphers,Dutch
Syvertsen,Dutch
Tabak,Dutch
Tabbert,Dutch
Tack,Dutch
Tacke,Dutch
Taffe,Dutch
Talman,Dutch
Tande,Dutch
Tanis,Dutch
Tanke,Dutch
Tanner,Dutch
Tazelaar,Dutch
Teagarden,Dutch
Teeling,Dutch
Teller,Dutch
Telling,Dutch
Tellinghuisen,Dutch
Tempel,Dutch
Ten Brink,Dutch
Ten Broeck,Dutch
Ten Eyck,Dutch
Ten Hagen,Dutch
Ten Haken,Dutch
Ten Pas,Dutch
Ter Bush,Dutch
Ter Haar,Dutch
Ter Horst,Dutch
Ter Maat,Dutch
Ter Veer,Dutch
Terhune,Dutch
Terpening,Dutch
Terpenning,Dutch
Terwilleger,Dutch
Terwilliger,Dutch
Tesser,Dutch
Testerman,Dutch
Teunissen,Dutch
Texter,Dutch
Textor,Dutch
Thaemert,Dutch
Thate,Dutch
Thelen,Dutch
Theunissen,Dutch
Theus,Dutch
Theys,Dutch
Thiel,Dutch
Thiele,Dutch
Thielen,Dutch
Thiem,Dutch
Thies,Dutch
Thilges,Dutch
Thoemke,Dutch
Thoen,Dutch
Thoene,Dutch
Thoennes,Dutch
Thomas,Dutch
Thomason,Dutch
Thomassen,Dutch
Thommen,Dutch
Thomsen,Dutch
Thone,Dutch
Tidrick,Dutch
Tiedeman,Dutch
Tieman,Dutch
Tienken,Dutch
Tier,Dutch
Tieszen,Dutch
Tigges,Dutch
Tigner,Dutch
Tignor,Dutch
Tilkens,Dutch
Tilleman,Dutch
Timberman,Dutch
Timm,Dutch
Timmerman,Dutch
Timmermans,Dutch
Timmers,Dutch
Timms,Dutch
Tin,Dutch
Tittel,Dutch
Tobe,Dutch
Tobias,Dutch
Tobin,Dutch
Tolle,Dutch
Tom,Dutch
Tong,Dutch
Top,Dutch
Toren,Dutch
Torrens,Dutch
Torres,Dutch
Trier,Dutch
Triest,Dutch
Trimpe,Dutch
Trine,Dutch
Troeger,Dutch
Trom,Dutch
Tromp,Dutch
Trompeter,Dutch
Troost,Dutch
Trost,Dutch
Troy,Dutch
Troyer,Dutch
Trude,Dutch
Tubergen,Dutch
Tullius,Dutch
Tulp,Dutch
Tunis,Dutch
Turck,Dutch
Turk,Dutch
Turman,Dutch
Twenter,Dutch
Ulferts,Dutch
Ulin,Dutch
Underberg,Dutch
Unterbrink,Dutch
Uphoff,Dutch
Vaillant,Dutch
Valder,Dutch
Valk,Dutch
Van,Dutch
Van Acker,Dutch
Van Aken,Dutch
Van Allen,Dutch
Van Alstine,Dutch
Van Aman,Dutch
Van Amburg,Dutch
Van Amburgh,Dutch
Van Andel,Dutch
Van Ark,Dutch
Van Arkel,Dutch
Van Arnam,Dutch
Van Assche,Dutch
Van Asse,Dutch
Van Ausdal,Dutch
Van Ausdall,Dutch
Van Bebber,Dutch
Van Beek,Dutch
Van Belle,Dutch
Van Benschoten,Dutch
Van Benthuysen,Dutch
Van Bergen,Dutch
Van Berkum,Dutch
Van Beveren,Dutch
Van Bibber,Dutch
Van Blarcom,Dutch
Van Blaricom,Dutch
Van Boven,Dutch
Van Boxtel,Dutch
Van Bramer,Dutch
Van Bruggen,Dutch
Van Brunt,Dutch
Van Buren,Dutch
Van Buskirk,Dutch
Van Camp,Dutch
Van Campen,Dutch
Van Cise,Dutch
Van Cleef,Dutch
Van Cleve,Dutch
Van Court,Dutch
Van Curen,Dutch
Van Daele,Dutch
Van Dale,Dutch
Van Dalen,Dutch
Van Dam,Dutch
Van De Bogart,Dutch
Van Dee,Dutch
Van Dell,Dutch
Van Dellen,Dutch
Van Deren,Dutch
Van Deursen,Dutch
Van Deusen,Dutch
Van Devanter,Dutch
Van Devender,Dutch
Van Deventer,Dutch
Van Diest,Dutch
Van Dolah,Dutch
Van Domelen,Dutch
Van Dongen,Dutch
Van Doorn,Dutch
Van Doren,Dutch
Van Dorn,Dutch
Van Dover,Dutch
Van Driel,Dutch
Van Drunen,Dutch
Van Dunk,Dutch
Van Duren,Dutch
Van Dusen,Dutch
Van Duser,Dutch
Van Dusseldorp,Dutch
Van Duyn,Dutch
Van Duyne,Dutch
Van Duzer,Dutch
Van Dyck,Dutch
Van Dyk,Dutch
Van Dyke,Dutch
Van Dyken,Dutch
Van Dyne,Dutch
Van Eaton,Dutch
Van Eck,Dutch
Van Egmond,Dutch
Van Ek,Dutch
Van Eman,Dutch
Van Engen,Dutch
Van Epps,Dutch
Van Eps,Dutch
Van Ert,Dutch
Van Es,Dutch
Van Ess,Dutch
Van Essen,Dutch
Van Etten,Dutch
Van Every,Dutch
Van Gelder,Dutch
Van Gemert,Dutch
Van Genderen,Dutch
Van Gerpen,Dutch
Van Gilder,Dutch
Van Ginkel,Dutch
Van Goethem,Dutch
Van Gorden,Dutch
Van Gorder,Dutch
Van Gordon,Dutch
Van Gorp,Dutch
Van Grinsven,Dutch
Van Gundy,Dutch
Van Haitsma,Dutch
Van Hall,Dutch
Van Handel,Dutch
Van Haren,Dutch
Van Hecke,Dutch
Van Hee,Dutch
Van Heest,Dutch
Van Hemert,Dutch
Van Heusen,Dutch
Van Hoesen,Dutch
Van Hoff,Dutch
Van Hoof,Dutch
Van Horn,Dutch
Van Horne,Dutch
Van Housen,Dutch
Van Hout,Dutch
Van Houten,Dutch
Van Hove,Dutch
Van Hoven,Dutch
Van Hoy,Dutch
Van Huis,Dutch
Van Hulle,Dutch
Van Huss,Dutch
Van Hyning,Dutch
Van Kampen,Dutch
Van Kempen,Dutch
Van Keulen,Dutch
Van Keuren,Dutch
Van Kleeck,Dutch
Van Kley,Dutch
Van Koevering,Dutch
Van Kooten,Dutch
Van Kuiken,Dutch
Van Kuren,Dutch
Van Laanen,Dutch
Van Lanen,Dutch
Van Langen,Dutch
Van Lare,Dutch
Van Lear,Dutch
Van Leer,Dutch
Van Leeuwen,Dutch
Van Lenten,Dutch
Van Lieshout,Dutch
Van Lith,Dutch
Van Loon,Dutch
Van Lue,Dutch
Van Maanen,Dutch
Van Marter,Dutch
Van Matre,Dutch
Van Meeteren,Dutch
Van Meter,Dutch
Van Metre,Dutch
Van Name,Dutch
Van Natter,Dutch
Van Nest,Dutch
Van Neste,Dutch
Van Noord,Dutch
Van Norden,Dutch
Van Norman,Dutch
Van Nort,Dutch
Van Nostrand,Dutch
Van Oort,Dutch
Van Orden,Dutch
Van Orman,Dutch
Van Ormer,Dutch
Van Ornum,Dutch
Van Os,Dutch
Van Oss,Dutch
Van Osten,Dutch
Van Ostrand,Dutch
Van Otterloo,Dutch
Van Parys,Dutch
Van Patten,Dutch
Van Pelt,Dutch
Van Petten,Dutch
Van Peursem,Dutch
Van Putten,Dutch
Van Riper,Dutch
Van Roekel,Dutch
Van Rooy,Dutch
Van Rossum,Dutch
Van Roy,Dutch
Van Ry,Dutch
Van Ryn,Dutch
Van Ryzin,Dutch
Van Sandt,Dutch
Van Sant,Dutch
Van Santen,Dutch
Van Schaick,Dutch
Van Schaik,Dutch
Van Schoick,Dutch
Van Schoyck,Dutch
Van Sciver,Dutch
Van Scoyk,Dutch
Van Selow,Dutch
Van Sickel,Dutch
Van Skiver,Dutch
Van Slooten,Dutch
Van Slyke,Dutch
Van Soest,Dutch
Van Someren,Dutch
Van Story,Dutch
Van Straten,Dutch
Van Tassel,Dutch
Van Tassell,Dutch
Van Tiem,Dutch
Van Til,Dutch
Van Tilburg,Dutch
Van Tol,Dutch
Van Trease,Dutch
Van Treese,Dutch
Van Tuyl,Dutch
Van Vactor,Dutch
Van Valkenburg,Dutch
Van Valkenburgh,Dutch
Van Veen,Dutch
Van Veldhuizen,Dutch
Van Vickle,Dutch
Van Vlack,Dutch
Van Vleck,Dutch
Van Vliet,Dutch
Van Volkenburg,Dutch
Van Vooren,Dutch
Van Voorhees,Dutch
Van Voorhis,Dutch
Van Voorst,Dutch
Van Vorst,Dutch
Van Vranken,Dutch
Van Vuren,Dutch
Van Wart,Dutch
Van Wert,Dutch
Van Wey,Dutch
Van Wie,Dutch
Van Wieren,Dutch
Van Wingerden,Dutch
Van Winkle,Dutch
Van Woert,Dutch
Van Wormer,Dutch
Van Wyck,Dutch
Van Wyhe,Dutch
Van Wyk,Dutch
Van Zandt,Dutch
Van Zant,Dutch
Van Zante,Dutch
Van Zanten,Dutch
Van Zee,Dutch
Van Zeeland,Dutch
Van Zile,Dutch
Van Zyl,Dutch
Vanacore,Dutch
Vanatta,Dutch
Vandal,Dutch
Vandall,Dutch
Vandeberg,Dutch
Vandegriff,Dutch
Vandegrift,Dutch
Vandehei,Dutch
Vandehey,Dutch
Vandekamp,Dutch
Vandelinder,Dutch
Vandeloo,Dutch
Vandeman,Dutch
Vandemark,Dutch
Vandenakker,Dutch
Vandenberg,Dutch
Vandenberge,Dutch
Vandenbergh,Dutch
Vandenboom,Dutch
Vandenbos,Dutch
Vandenbosch,Dutch
Vandenbrink,Dutch
Vandenbroek,Dutch
Vandenburg,Dutch
Vandenbusch,Dutch
Vandenelzen,Dutch
Vandenheuvel,Dutch
Vandenhoek,Dutch
Vandenhouten,Dutch
Vandenlangenberg,Dutch
Vandenplas,Dutch
Vandepol,Dutch
Vandeputte,Dutch
Vander,Dutch
Vanderaa,Dutch
Vanderark,Dutch
Vanderbeck,Dutch
Vanderbeek,Dutch
Vanderberg,Dutch
Vanderbilt,Dutch
Vanderbosch,Dutch
Vanderburg,Dutch
Vandercook,Dutch
Vanderford,Dutch
Vandergriff,Dutch
Vandergrift,Dutch
Vanderhart,Dutch
Vanderheide,Dutch
Vanderheiden,Dutch
Vanderheyden,Dutch
Vanderhoef,Dutch
Vanderhoek,Dutch
Vanderhoff,Dutch
Vanderhoof,Dutch
Vanderhorst,Dutch
Vanderiet,Dutch
Vanderjagt,Dutch
Vanderkamp,Dutch
Vanderkolk,Dutch
Vanderkooi,Dutch
Vanderlaan,Dutch
Vanderleest,Dutch
Vanderlinde,Dutch
Vanderlinden,Dutch
Vanderloop,Dutch
Vanderlugt,Dutch
Vandermark,Dutch
Vandermay,Dutch
Vandermeer,Dutch
Vandermeulen,Dutch
Vandermey,Dutch
Vandermolen,Dutch
Vanderplaats,Dutch
Vanderploeg,Dutch
Vanderpoel,Dutch
Vanderpol,Dutch
Vanderschaaf,Dutch
Vandersloot,Dutch
Vandersluis,Dutch
Vandersteen,Dutch
Vanderstelt,Dutch
Vanderveen,Dutch
Vanderveer,Dutch
Vandervelde,Dutch
Vandervelden,Dutch
Vanderven,Dutch
Vandervest,Dutch
Vandervliet,Dutch
Vandervoort,Dutch
Vandervort,Dutch
Vanderwaal,Dutch
Vanderwal,Dutch
Vanderwall,Dutch
Vanderweele,Dutch
Vanderweide,Dutch
Vanderwende,Dutch
Vanderwerf,Dutch
Vanderwerff,Dutch
Vanderwielen,Dutch
Vanderwilt,Dutch
Vanderwoude,Dutch
Vanderzanden,Dutch
Vanderzee,Dutch
Vanderzwaag,Dutch
Vandevander,Dutch
Vandeveer,Dutch
Vandevelde,Dutch
Vandeven,Dutch
Vandever,Dutch
Vandevoorde,Dutch
Vandevoort,Dutch
Vandewalker,Dutch
Vandewalle,Dutch
Vandewater,Dutch
Vandeweghe,Dutch
Vandewiele,Dutch
Vandezande,Dutch
Vandivier,Dutch
Vandre,Dutch
Vanella,Dutch
Vangen,Dutch
Vanneman,Dutch
Vanoy,Dutch
Vanterpool,Dutch
Van’t Hof,Dutch
Vas,Dutch
Veeneman,Dutch
Veenendaal,Dutch
Veerkamp,Dutch
Vegter,Dutch
Velde,Dutch
Veldhuis,Dutch
Veldhuizen,Dutch
Veldkamp,Dutch
Veldman,Dutch
Velten,Dutch
Veltkamp,Dutch
Veltman,Dutch
Veneman,Dutch
Venneman,Dutch
Venner,Dutch
Vent,Dutch
Ver Hoeven,Dutch
Verbeck,Dutch
Verbeek,Dutch
Verbeke,Dutch
Verbeten,Dutch
Verble,Dutch
Verbrugge,Dutch
Verburg,Dutch
Vercauteren,Dutch
Vercruysse,Dutch
Verdoorn,Dutch
Vereen,Dutch
Verhaeghe,Dutch
Verhage,Dutch
Verhagen,Dutch
Verhalen,Dutch
Verhelst,Dutch
Verhey,Dutch
Verheyen,Dutch
Verhoef,Dutch
Verhoff,Dutch
Verhulst,Dutch
Verkamp,Dutch
Verkuilen,Dutch
Verley,Dutch
Vermeer,Dutch
Vermeersch,Dutch
Vermeulen,Dutch
Verplank,Dutch
Verschoor,Dutch
Versluis,Dutch
Versteeg,Dutch
Versteegh,Dutch
Verstegen,Dutch
Verstraete,Dutch
Vervoort,Dutch
Verwey,Dutch
Veurink,Dutch
Vey,Dutch
Viele,Dutch
Vien,Dutch
Vietor,Dutch
Virts,Dutch
Vis,Dutch
Visscher,Dutch
Visser,Dutch
Vissers,Dutch
Vliet,Dutch
Voet,Dutch
Vogel,Dutch
Voller,Dutch
Vonk,Dutch
Voogd,Dutch
Voorhees,Dutch
Voorheis,Dutch
Voorhies,Dutch
Voorhis,Dutch
Vorst,Dutch
Vos,Dutch
Vosberg,Dutch
Vose,Dutch
Voskuil,Dutch
Vosters,Dutch
Vredenburg,Dutch
Vredenburgh,Dutch
Vredeveld,Dutch
Vreeland,Dutch
Vrieze,Dutch
Vroman,Dutch
Vroom,Dutch
Vrooman,Dutch
Waage,Dutch
Waas,Dutch
Wachter,Dutch
Wade,Dutch
Wagenaar,Dutch
Wagman,Dutch
Waldock,Dutch
Walen,Dutch
Walraven,Dutch
Walther,Dutch
Walvoord,Dutch
Wan,Dutch
Wand,Dutch
Wandel,Dutch
Wandell,Dutch
Wang,Dutch
Wangen,Dutch
Wanser,Dutch
Want,Dutch
Wantz,Dutch
Wanzer,Dutch
Waren,Dutch
Warmoth,Dutch
Warns,Dutch
Wassenaar,Dutch
Wassenberg,Dutch
Waterman,Dutch
Waterstradt,Dutch
Watry,Dutch
Wauters,Dutch
Wedman,Dutch
Wee,Dutch
Weers,Dutch
Weerts,Dutch
Wees,Dutch
Weese,Dutch
Weider,Dutch
Weins,Dutch
Weit,Dutch
Weith,Dutch
Weitman,Dutch
Welchel,Dutch
Welle,Dutch
Wellen,Dutch
Wellens,Dutch
Wemple,Dutch
Wenck,Dutch
Wendel,Dutch
Wernsman,Dutch
Wesp,Dutch
Wessel,Dutch
Wesselman,Dutch
Wessels,Dutch
Westen,Dutch
Westenberg,Dutch
Westenhaver,Dutch
Westenskow,Dutch
Westerkamp,Dutch
Westervelt,Dutch
Westfahl,Dutch
Westfall,Dutch
Westhoven,Dutch
Westrate,Dutch
Westveer,Dutch
Wetenkamp,Dutch
Wetter,Dutch
Wever,Dutch
Wey,Dutch
Weydert,Dutch
Weyer,Dutch
Whelchel,Dutch
Wibben,Dutch
Wierman,Dutch
Wilde,Dutch
Wildeboer,Dutch
Wildeman,Dutch
Wilden,Dutch
Wilen,Dutch
Wilfert,Dutch
Wilford,Dutch
Wilkin,Dutch
Wilking,Dutch
Wilkins,Dutch
Willaert,Dutch
Willeford,Dutch
Willeke,Dutch
Willems,Dutch
Willemsen,Dutch
Willemssen,Dutch
Willens,Dutch
Willer,Dutch
Willers,Dutch
Willier,Dutch
Willig,Dutch
Willmes,Dutch
Willms,Dutch
Willwerth,Dutch
Wilmes,Dutch
Wilms,Dutch
Wilt,Dutch
Wiltbank,Dutch
Wiltgen,Dutch
Wilts,Dutch
Wiltse,Dutch
Wiltsie,Dutch
Win,Dutch
Winand,Dutch
Winans,Dutch
Winant,Dutch
Winckler,Dutch
Wing,Dutch
Winkel,Dutch
Winkels,Dutch
Winkleblack,Dutch
Winne,Dutch
Wint,Dutch
Wintjen,Dutch
Wirtjes,Dutch
Witbeck,Dutch
Witte,Dutch
Witteman,Dutch
Wittkop,Dutch
Wittrock,Dutch
Witts,Dutch
Wittstruck,Dutch
Wolthuis,Dutch
Woltjer,Dutch
Wondergem,Dutch
Wonser,Dutch
Wouters,Dutch
Wrede,Dutch
Wriedt,Dutch
Wyckoff,Dutch
Wycoff,Dutch
Wyffels,Dutch
Wykoff,Dutch
Wyne,Dutch
Wyngarden,Dutch
Wynia,Dutch
Wynkoop,Dutch
Yazel,Dutch
Yeazel,Dutch
Zanger,Dutch
Zeedyk,Dutch
Zeeman,Dutch
Zeger,Dutch
Zegers,Dutch
Zellar,Dutch
Zellars,Dutch
Zelle,Dutch
Zeller,Dutch
Zervas,Dutch
Zevenbergen,Dutch
Zinger,Dutch
Zoet,Dutch
Zollars,Dutch
Zomer,Dutch
Zone,Dutch
Zwart,Dutch
