Abadie,French
Abbe,French
Achille,French
Acord,French
Acy,French
Adrian,French
Adrien,French
Agard,French
Agee,French
Agen,French
Agent,French
Ager,French
Aguillard,French
Aguillon,French
Aide,French
Aime,French
Airoldi,French
Alarie,French
Alban,French
Albert,French
Albin,French
Alexandre,French
Alexis,French
Alice,French
Alix,French
Allaire,French
Allard,French
Alleman,French
Allemand,French
Allender,French
Allie,French
Allore,French
Ally,French
Alphonse,French
Altier,French
Amar,French
Ambroise,French
Amedee,French
Amiel,French
Amiot,French
Amirault,French
Amrhein,French
Amy,French
Amyot,French
Amyx,French
Ancar,French
Ancel,French
Ancelet,French
Anctil,French
Andler,French
Andre,French
Andrepont,French
Andreu,French
Andry,French
Ange,French
Angelle,French
Anger,French
Angers,French
Angevine,French
Angier,French
Angles,French
Ansel,French
Antaya,French
Antill,French
Antin,French
Antoine,French
Apostol,French
Arabie,French
Aragon,French
Arave,French
Arbogast,French
Arbour,French
Arcand,French
Arcement,French
Archambault,French
Archambeau,French
Archambeault,French
Archibeque,French
Ardoin,French
Ariail,French
Aries,French
Aris,French
Armand,French
Armel,French
Armendariz,French
Arment,French
Arnaud,French
Arnette,French
Arnoult,French
Arpin,French
Arquette,French
Arras,French
Arsenault,French
Arseneau,French
Arseneault,French
Arthur,French
Artigue,French
Artis,French
Artus,French
Asselin,French
Ast,French
Astor,French
Aube,French
Aubel,French
Aubert,French
Aubertin,French
Aubin,French
Aubuchon,French
Aubut,French
Auch,French
Auclair,French
Aucoin,French
Aude,French
Audet,French
Audibert,French
Auge,French
Auger,French
Auguste,French
Augustin,French
Aurand,French
Austgen,French
Austin,French
Authement,French
Authier,French
Autin,French
Auton,French
Autry,French
Auxier,French
Auzenne,French
Ave,French
Avis,French
Avril,French
Aydelotte,French
Aymond,French
Ayon,French
Babel,French
Babin,French
Babineau,French
Babineaux,French
Bable,French
Bacha,French
Bachand,French
Bache,French
Bacon,French
Bacot,French
Badeau,French
Badeaux,French
Bader,French
Badie,French
Badon,French
Badour,French
Bady,French
Baillargeon,French
Bailly,French
Bain,French
Baine,French
Baise,French
Baize,French
Bal,French
Balay,French
Balestra,French
Balli,French
Ballin,French
Ballinger,French
Ballou,French
Bally,French
Balon,French
Bandemer,French
Banet,French
Banse,French
Banville,French
Baptiste,French
Bara,French
Barba,French
Barbary,French
Barbe,French
Barbeau,French
Barbier,French
Barbin,French
Bard,French
Bardes,French
Bardin,French
Bardon,French
Bardy,French
Barge,French
Bargeron,French
Baribeau,French
Baril,French
Barineau,French
Barnaba,French
Barnard,French
Barnes,French
Barnet,French
Barnette,French
Barnier,French
Baron,French
Barousse,French
Barra,French
Barrand,French
Barras,French
Barre,French
Barreau,French
Barrere,French
Barret,French
Barrier,French
Barriere,French
Barrineau,French
Barsalou,French
Barse,French
Barteau,French
Barthe,French
Barthelemy,French
Basil,French
Basile,French
Basque,French
Basse,French
Bassin,French
Bast,French
Bastarache,French
Basten,French
Bastian,French
Bastien,French
Bastin,French
Bastion,French
Baston,French
Bataille,French
Batiste,French
Baton,French
Batton,French
Bau,French
Baudhuin,French
Baudin,French
Baudoin,French
Bault,French
Baune,French
Baute,French
Baxa,French
Bay,French
Bayard,French
Bayle,French
Bayne,French
Baze,French
Bazil,French
Bazile,French
Bazin,French
Bazinet,French
Beal,French
Beatrice,French
Beau,French
Beaubien,French
Beaucage,French
Beauchamp,French
Beauchemin,French
Beauchene,French
Beauchesne,French
Beaudet,French
Beaudin,French
Beaudoin,French
Beaudreau,French
Beaudrie,French
Beaudry,French
Beaufort,French
Beaulac,French
Beaulieu,French
Beaumier,French
Beaumont,French
Beauparlant,French
Beaupre,French
Beauregard,French
Beausoleil,French
Beauvais,French
Bebeau,French
Becotte,French
Bedard,French
Bedel,French
Befort,French
Beger,French
Begnaud,French
Begnoche,French
Begue,French
Behre,French
Beiriger,French
Bel,French
Belair,French
Belaire,French
Belan,French
Beland,French
Belanger,French
Belcourt,French
Belgard,French
Belgarde,French
Belhumeur,French
Belisle,French
Beliveau,French
Belizaire,French
Bellaire,French
Bellamy,French
Belland,French
Bellanger,French
Bellard,French
Bellavance,French
Belle,French
Belle-Isle,French
Belleau,French
Bellefeuille,French
Bellefleur,French
Bellenger,French
Bellerive,French
Bellerose,French
Bellet,French
Belleville,French
Bellin,French
Bellinger,French
Belliveau,French
Bellon,French
Beloin,French
Belot,French
Belrose,French
Beltram,French
Beltran,French
Belval,French
Belville,French
Belyeu,French
Benac,French
Benard,French
Bence,French
Benda,French
Beni,French
Benjamin,French
Benne,French
Benoit,French
Bense,French
Berard,French
Bercegeay,French
Bercier,French
Berge,French
Berger,French
Bergeron,French
Berges,French
Bergevin,French
Beringer,French
Berland,French
Bernabe,French
Bernard,French
Bernardin,French
Bernardy,French
Bernas,French
Bernat,French
Berne,French
Bernet,French
Berney,French
Bernier,French
Bernot,French
Bero,French
Beron,French
Berrett,French
Berrien,French
Berrier,French
Berry,French
Bert,French
Berte,French
Berteau,French
Bertel,French
Berthelot,French
Berthiaume,French
Bertin,French
Bertolet,French
Berton,French
Bertram,French
Bertran,French
Bertrand,French
Berube,French
Besancon,French
Besse,French
Bessett,French
Bessette,French
Bessey,French
Besson,French
Best,French
Beste,French
Bethune,French
Betit,French
Bettencourt,French
Bettinger,French
Bevard,French
Bevier,French
Bevill,French
Beville,French
Bex,French
Bey,French
Bias,French
Bibeau,French
Bibeault,French
Bickert,French
Bien-Aime,French
Bienvenu,French
Bienvenue,French
Billadeau,French
Billard,French
Billeaud,French
Billet,French
Billey,French
Billiet,French
Billotte,French
Billy,French
Bilodeau,French
Binda,French
Biringer,French
Biron,French
Birr,French
Birrer,French
Bisaillon,French
Bise,French
Bisset,French
Bissett,French
Bisson,French
Bissonette,French
Bistodeau,French
Bizier,French
Blache,French
Blacher,French
Blais,French
Blaise,French
Blan,French
Blanc,French
Blanch,French
Blanchard,French
Blanche,French
Blancher,French
Blanchet,French
Blanchette,French
Bland,French
Blandin,French
Blasi,French
Blasier,French
Bleau,French
Blier,French
Blois,French
Blond,French
Blondeau,French
Blondin,French
Blouin,French
Bloyer,French
Bobier,French
Boche,French
Bodin,French
Bodine,French
Body,French
Bohen,French
Boicourt,French
Boileau,French
Boire,French
Bois,French
Boisclair,French
Boisse,French
Boisseau,French
Boisselle,French
Boisvert,French
Boiter,French
Boivin,French
Bol,French
Bolduc,French
Bollard,French
Bollier,French
Bombard,French
Bombardier,French
Bomboy,French
Bon,French
Bonaventure,French
Bondurant,French
Bonenfant,French
Bonet,French
Bongard,French
Bonhomme,French
Boniface,French
Bonifay,French
Bonin,French
Bonjour,French
Bonne,French
Bonneau,French
Bonnet,French
Bonneville,French
Bonney,French
Bonnin,French
Bonnot,French
Bonny,French
Bonson,French
Bonte,French
Bonus,French
Bonvillain,French
Bonville,French
Borde,French
Bordeau,French
Bordeaux,French
Bordeleau,French
Bordelon,French
Bordenave,French
Bordes,French
Bordon,French
Borel,French
Borgatti,French
Borie,French
Borne,French
Boron,French
Borr,French
Borra,French
Borre,French
Bos,French
Bosarge,French
Bose,French
Boshers,French
Bosier,French
Bossard,French
Bossart,French
Bosse,French
Bossie,French
Bossier,French
Bosson,French
Bost,French
Botte,French
Bou,French
Bouchard,French
Bouche,French
Boucher,French
Bouchey,French
Bouchie,French
Bouchillon,French
Boudinot,French
Boudoin,French
Boudrot,French
Bouffard,French
Bougie,French
Bouillion,French
Bouillon,French
Boulais,French
Boulanger,French
Boulay,French
Boule,French
Boulet,French
Bouley,French
Boulier,French
Bouquet,French
Bour,French
Bouras,French
Bourassa,French
Bourbeau,French
Bourbon,French
Bourbonnais,French
Bourcier,French
Bourdage,French
Bourdon,French
Bourg,French
Bourgault,French
Bourgeois,French
Bourget,French
Bourgoin,French
Bourguignon,French
Bournival,French
Bourque,French
Bourquin,French
Bourret,French
Bousquet,French
Boutell,French
Boutet,French
Bouthillette,French
Bouthillier,French
Boutiette,French
Boutilier,French
Boutin,French
Bouton,French
Boutte,French
Bouvier,French
Bouyer,French
Bovee,French
Bovell,French
Boy,French
Boyette,French
Boysel,French
Braband,French
Brabazon,French
Brais,French
Braley,French
Brallier,French
Bram,French
Brame,French
Branche,French
Brandon,French
Brashear,French
Brasher,French
Brasier,French
Brassard,French
Brassel,French
Brasseur,French
Brau,French
Braud,French
Brault,French
Bravard,French
Brave,French
Brazeau,French
Brazier,French
Breard,French
Breau,French
Breaud,French
Breault,French
Breaux,French
Breland,French
Breon,French
Bresett,French
Bresette,French
Bressan,French
Bresson,French
Breton,French
Brett,French
Brevard,French
Brian,French
Briand,French
Briant,French
Brice,French
Brideau,French
Brief,French
Brien,French
Briere,French
Brignac,French
Brillant,French
Brillon,French
Brin,French
Brindamour,French
Brint,French
Brion,French
Brisbois,French
Brissett,French
Brissette,French
Brisson,French
Broce,French
Brochu,French
Brodeur,French
Brossard,French
Brosseau,French
Brossette,French
Brouhard,French
Brouillard,French
Brouillet,French
Brouse,French
Broussard,French
Brousseau,French
Brule,French
Bruley,French
Brun,French
Brune,French
Bruneau,French
Brunelle,French
Brunet,French
Brunett,French
Brunette,French
Brunot,French
Brus,French
Brusse,French
Brussel,French
Brust,French
Bruyere,French
Bry,French
Brye,French
Buche,French
Bucher,French
Bui,French
Buis,French
Buisson,French
Bujold,French
Buote,French
Bur,French
Burdett,French
Burdette,French
Burdin,French
Burditt,French
Bureau,French
Burel,French
Burgy,French
Burnet,French
Burnette,French
Buron,French
Burpee,French
Bury,French
Bussiere,French
Buteau,French
Buysse,French
Cabal,French
Caban,French
Cabaniss,French
Cabot,French
Cade,French
Cadet,French
Cadieux,French
Cadoret,French
Cail,French
Caillier,French
Caillouet,French
Cain,French
Caine,French
Caire,French
Caires,French
Caisse,French
Caissie,French
Calais,French
Calaman,French
Calame,French
Cale,French
Cales,French
Calixte,French
Callais,French
Calland,French
Calle,French
Callens,French
Callier,French
Callies,French
Callon,French
Calman,French
Calvin,French
Camba,French
Cambre,French
Cambron,French
Camel,French
Camille,French
Camp,French
Campeau,French
Campion,French
Camps,French
Camus,French
Can,French
Canard,French
Cancel,French
Cancienne,French
Cane,French
Cange,French
Canion,French
Canipe,French
Cantillon,French
Cantin,French
Canton,French
Cantor,French
Cantrell,French
Cantrelle,French
Canuel,French
Cap,French
Cape,French
Capel,French
Capelle,French
Capistrant,French
Capon,French
Cappon,French
Capron,French
Car,French
Carbine,French
Carbon,French
Carbonell,French
Carbonneau,French
Cardin,French
Cardinal,French
Cardon,French
Carel,French
Carignan,French
Cariveau,French
Carle,French
Carlier,French
Carlin,French
Carmel,French
Carmin,French
Carmouche,French
Carnal,French
Carne,French
Caron,French
Carpentier,French
Carre,French
Carreau,French
Carrel,French
Carrere,French
Carrie,French
Carrier,French
Carriere,French
Carriveau,French
Carron,French
Cart,French
Carte,French
Cartier,French
Carton,French
Carufel,French
Carville,French
Casavant,French
Casbon,French
Casimir,French
Cassin,French
Castel,French
Castile,French
Castille,French
Castillon,French
Castonguay,French
Catherine,French
Caton,French
Cauchon,French
Cavalier,French
Cave,French
Caver,French
Cavett,French
Cavin,French
Cay,French
Caya,French
Caye,French
Cayer,French
Caza,French
Cazes,French
Cazier,French
Cedotal,French
Celeste,French
Celestin,French
Cenac,French
Cerf,French
Cerise,French
Cerne,French
Cerny,French
Certain,French
Cessna,French
Chabot,French
Chachere,French
Chagnon,French
Chaille,French
Chain,French
Chalifour,French
Chaloux,French
Cham,French
Chamberlin,French
Champ,French
Champagne,French
Champeau,French
Champigny,French
Champion,French
Champlain,French
Champoux,French
Chancy,French
Chandonnet,French
Chaney,French
Chant,French
Chapdelaine,French
Chapel,French
Chapelle,French
Chapin,French
Chaplin,French
Chappelle,French
Chappuis,French
Chaput,French
Char,French
Charbonneau,French
Charbonnet,French
Chard,French
Charest,French
Charette,French
Charland,French
Charlebois,French
Charles,French
Charleson,French
Charlet,French
Charleville,French
Charley,French
Charlier,French
Charlot,French
Charney,French
Charon,French
Charpentier,French
Charrette,French
Charrier,French
Charron,French
Charter,French
Chartier,French
Charton,French
Chartrand,French
Charvet,French
Chase,French
Chasse,French
Chastain,French
Chastang,French
Chatagnier,French
Chateau,French
Chatel,French
Chatelain,French
Chaudoir,French
Chaumont,French
Chausse,French
Chaussee,French
Chauvette,French
Chauvin,French
Chavanne,French
Chavarin,French
Chayer,French
Chenard,French
Chenault,French
Chene,French
Chenevert,French
Cheney,French
Chenier,French
Chenot,French
Cherrier,French
Cherubin,French
Chery,French
Chesney,French
Chesson,French
Chestang,French
Cheuvront,French
Chevalier,French
Chevallier,French
Chevrette,French
Chevrier,French
Chez,French
Chiasson,French
Choiniere,French
Chopin,French
Choplin,French
Chouest,French
Chouinard,French
Chretien,French
Christel,French
Christian,French
Christin,French
Christine,French
Christophe,French
Cinq-Mars,French
Cisse,French
Cissna,French
Citron,French
Civil,French
Clabo,French
Clair,French
Claire,French
Clar,French
Clarin,French
Claud,French
Claude,French
Clavel,French
Claverie,French
Clavette,French
Clavier,French
Clemence,French
Clement,French
Cler,French
Clerc,French
Clermont,French
Cloe,French
Clos,French
Closson,French
Clouatre,French
Cloud,French
Clouthier,French
Cloutier,French
Clovis,French
Coard,French
Coco,French
Coderre,French
Coffin,French
Coin,French
Colan,French
Colas,French
Colbert,French
Colin,French
Collard,French
Colle,French
Collet,French
Collette,French
Collignon,French
Collin,French
Colomb,French
Colombe,French
Colvert,French
Comar,French
Comardelle,French
Combe,French
Combes,French
Comeau,French
Comes,French
Compas,French
Compere,French
Comte,French
Comtois,French
Conard,French
Condit,French
Constance,French
Constant,French
Constantin,French
Constantineau,French
Contant,French
Conte,French
Contee,French
Conter,French
Contois,French
Coppin,French
Corbeil,French
Corbin,French
Corby,French
Cordes,French
Cordier,French
Cordon,French
Cordonnier,French
Cormier,French
Corne,French
Corneau,French
Cornellier,French
Cornely,French
Cornet,French
Cornette,French
Corp,French
Cosme,French
Cosse,French
Cossette,French
Costa,French
Coste,French
Coston,French
Cote,French
Cotey,French
Cotnoir,French
Cotta,French
Cotterell,French
Cotton,French
Cottrell,French
Coty,French
Coudriet,French
Couillard,French
Coulombe,French
Coulon,French
Courchesne,French
Courcy,French
Courier,French
Cournoyer,French
Courson,French
Court,French
Courtade,French
Courtemanche,French
Courter,French
Courtier,French
Courtois,French
Courville,French
Coury,French
Cousin,French
Cousineau,French
Coutant,French
Coutu,French
Couture,French
Couturier,French
Couvillion,French
Covin,French
Coyer,French
Credeur,French
Credit,French
Crepeau,French
Creque,French
Crespin,French
Cressy,French
Crete,French
Crevier,French
Crispin,French
Crochet,French
Croissant,French
Cromer,French
Crose,French
Crosier,French
Croteau,French
Crotteau,French
Crozier,French
Cuny,French
Curbow,French
Curie,French
Current,French
Cuvelier,French
Cyr,French
Dagenais,French
Dages,French
Dague,French
Daignault,French
Daigneau,French
Daigneault,French
Daigre,French
Daigrepont,French
Dain,French
Daisley,French
Daisy,French
Dalin,French
Dallaire,French
Dally,French
Damas,French
Damboise,French
Dambrose,French
Dame,French
Dameron,French
Damery,French
Damian,French
Damien,French
Dandurand,French
Dane,French
Danger,French
Dangler,French
Daniel,French
Danis,French
Dann,French
Danna,French
Danos,French
Dansereau,French
Dant,French
Dantin,French
Danton,French
Daoust,French
Daquin,French
Darbonne,French
Dardenne,French
Darensbourg,French
Dargis,French
Darius,French
Darney,French
Daron,French
Darras,French
Darville,French
Daspit,French
Daudelin,French
Dault,French
Dauphin,French
Dauphinais,French
Dauphine,French
Dautel,French
Dauterive,French
Dauteuil,French
Dautrich,French
Dauzat,French
Davault,French
Davi,French
Daviau,French
David,French
Davignon,French
Davin,French
Davolt,French
Davy,French
Dax,French
De George,French
De Grace,French
De Gruy,French
De Hay,French
De Lange,French
De Leon,French
De Rosier,French
De Vincent,French
De la Grange,French
Debaere,French
Debar,French
Debarge,French
Debauche,French
Deberry,French
Debes,French
Deblois,French
Deboe,French
Debois,French
Debord,French
Debree,French
Debrosse,French
Debroux,French
Debruler,French
Debs,French
Debus,French
Decelle,French
Decelles,French
Dechambeau,French
Dechant,French
Dechene,French
Decoste,French
Decoux,French
Decuir,French
Dedeaux,French
Defer,French
Deforest,French
Deforge,French
Defrain,French
Defrance,French
Degan,French
Deger,French
Degrand,French
Degrange,French
Deguire,French
Dejardin,French
Dejarnatt,French
Dejarnett,French
Dejarnette,French
Dejean,French
Dejoie,French
Del Sol,French
Delafosse,French
Delagardelle,French
Delage,French
Delahoussaye,French
Delaine,French
Delane,French
Delanoy,French
Delashmutt,French
Delatte,French
Delaune,French
Delaurier,French
Delavergne,French
Delaware,French
Delcambre,French
Delcamp,French
Delcour,French
Delfosse,French
Delin,French
Delise,French
Delisle,French
Delle,French
Delles,French
Dellis,French
Delmas,French
Deloge,French
Delon,French
Delong,French
Delorge,French
Delorme,French
Delos,French
Deloy,French
Delva,French
Delvaux,French
Delwiche,French
Demain,French
Demaine,French
Deman,French
Demanche,French
Demand,French
Demange,French
Demarais,French
Demarest,French
Demarie,French
Demark,French
Demarr,French
Demars,French
Demary,French
Demay,French
Demerchant,French
Demers,French
Demeuse,French
Demey,French
Demille,French
Demme,French
Demont,French
Demontigny,French
Demoranville,French
Demore,French
Demory,French
Demotte,French
Demoulin,French
Denard,French
Denault,French
Deneau,French
Deni,French
Denier,French
Denis,French
Denise,French
Denomme,French
Denoyer,French
Dent,French
Dentremont,French
Denys,French
Deon,French
Depace,French
Depas,French
Depaul,French
Derenne,French
Derise,French
Deroche,French
Derouen,French
Derouin,French
Deroy,French
Dery,French
Desaulniers,French
Desautel,French
Desautels,French
Deschamps,French
Descoteaux,French
Desforges,French
Desfosses,French
Deshaies,French
Desilets,French
Desir,French
Desjardins,French
Desjarlais,French
Deslandes,French
Deslatte,French
Deslauriers,French
Desmarais,French
Desnoyers,French
Desormeaux,French
Desper,French
Despres,French
Desrochers,French
Desroches,French
Desrosiers,French
Desruisseaux,French
Desselle,French
Dessert,French
Destin,French
Detemple,French
Dethomas,French
Detienne,French
Devault,French
Devaux,French
Deveaux,French
Devere,French
Deville,French
Devillers,French
Devillier,French
Devin,French
Devine,French
Devore,French
Deyo,French
Deyoe,French
Didier,French
Didion,French
Dietlin,French
Dieudonne,French
Dillon,French
Dilly,French
Dimon,French
Dine,French
Dion,French
Dionne,French
Dittoe,French
Divine,French
Dobry,French
Dodier,French
Doiron,French
Dole,French
Doles,French
Dolese,French
Dolin,French
Dolle,French
Dolney,French
Dome,French
Domin,French
Domine,French
Dominique,French
Don,French
Donais,French
Donat,French
Donze,French
Dorais,French
Dorau,French
Dore,French
Dorin,French
Dorion,French
Doris,French
Dorland,French
Dorminy,French
Dorval,French
Dosier,French
Doster,French
Dostie,French
Doublin,French
Doucet,French
Douget,French
Douville,French
Doyen,French
Doyon,French
Dozier,French
Dozois,French
Drago,French
Dragon,French
Drain,French
Drapeau,French
Drendel,French
Drolet,French
Drouhard,French
Drouillard,French
Drouin,French
Droz,French
Drury,French
Dubas,French
Dube,French
Dubeau,French
Dubel,French
Dubie,French
Dubin,French
Dubois,French
Dubon,French
Dubord,French
Dubray,French
Dubreuil,French
Dubroc,French
Dubuc,French
Dubuisson,French
Dubuque,French
Duby,French
Ducas,French
Ducasse,French
Ducat,French
Duchaine,French
Duchamp,French
Ducharme,French
Duchateau,French
Duchemin,French
Duchene,French
Duchesne,French
Duchesneau,French
Duchon,French
Duclos,French
Ducommun,French
Ducote,French
Ducre,French
Duet,French
Dufault,French
Dufort,French
Dufour,French
Dufrene,French
Dufresne,French
Duga,French
Dugard,French
Dugas,French
Dugay,French
Dugo,French
Duguay,French
Duhaime,French
Duhamel,French
Duhart,French
Duhe,French
Duhon,French
Dujardin,French
Dulac,French
Dulin,French
Dulong,French
Dulude,French
Dumaine,French
Dumais,French
Duman,French
Dumas,French
Dumesnil,French
Dumond,French
Dumont,French
Dumouchel,French
Dumoulin,French
Duntz,French
Dupere,French
Dupin,French
Duplantier,French
Duplantis,French
Duplechain,French
Duplechin,French
Duplessis,French
Dupont,French
Dupre,French
Duprey,French
Dupriest,French
Dupuis,French
Dupuy,French
Duquaine,French
Duque,French
Duquette,French
Duranceau,French
Durand,French
Durant,French
Duray,French
Durban,French
Durbin,French
Duree,French
Durel,French
Durette,French
Durie,French
Durio,French
Duris,French
Durivage,French
Durocher,French
Duron,French
Durrant,French
Dury,French
Dusablon,French
Dusch,French
Dussault,French
Dusseau,French
Dusseault,French
Dustin,French
Duthie,French
Dutil,French
Dutoit,French
Duval,French
Duvernay,French
D’Amour,French
Edin,French
Edmond,French
Edouard,French
Eifler,French
Eilts,French
Elias,French
Elie,French
Emard,French
Emery,French
Emile,French
Emond,French
Engelbert,French
Enos,French
Eppinette,French
Erbland,French
Eric,French
Erny,French
Eschete,French
Espaillat,French
Espy,French
Estel,French
Estell,French
Estelle,French
Esteve,French
Esther,French
Ethier,French
Etie,French
Etienne,French
Etling,French
Eugene,French
Eury,French
Evard,French
Evrard,French
Eymard,French
Fabian,French
Fabre,French
Fabry,French
Faciane,French
Facteau,French
Fafard,French
Fagnant,French
Fagot,French
Faile,French
Faille,French
Fain,French
Faivre,French
Faix,French
Falgout,French
Falvo,French
Fanger,French
Fanguy,French
Faniel,French
Farman,French
Faron,French
Faubert,French
Faucheux,French
Faudree,French
Fauquier,French
Faure,French
Faurot,French
Faust,French
Faustin,French
Fauteux,French
Faux,French
Favier,French
Favre,French
Favreau,French
Favret,French
Favro,French
Fay,French
Fayard,French
Faye,French
Fayette,French
Fecteau,French
Fenelon,French
Ferdinand,French
Ferdon,French
Feret,French
Ferland,French
Fermin,French
Ferrand,French
Ferrier,French
Ferron,French
Fey,French
Fier,French
Figard,French
Filiatrault,French
Filiault,French
Fillion,French
Fils,French
Fils-Aime,French
Filteau,French
Firmin,French
Flagel,French
Flamand,French
Flammang,French
Fleury,French
Florance,French
Florence,French
Florian,French
Flournoy,French
Fluet,French
Fonder,French
Fons,French
Font,French
Fontaine,French
Fontenette,French
Fontenot,French
Fonville,French
Forand,French
Force,French
Forcey,French
Forcier,French
Forestier,French
Foret,French
Forge,French
Forget,French
Forgue,French
Forgues,French
Forney,French
Forquer,French
Fort,French
Fortier,French
Fortin,French
Forton,French
Fortune,French
Fosse,French
Fossett,French
Foucault,French
Fouch,French
Fouche,French
Fougere,French
Fouquet,French
Fournet,French
Fournier,French
Foy,French
Foye,French
Frachiseur,French
Fradette,French
Frain,French
Fralin,French
Franc,French
France,French
Frances,French
Francoeur,French
Francois,French
Frappier,French
Frater,French
Fray,French
Frederic,French
Fredette,French
Fredieu,French
Fregeau,French
Fremin,French
Fremont,French
Frenier,French
Frere,French
Freson,French
Friant,French
Frigon,French
Friloux,French
Frison,French
Frisque,French
Fron,French
Fruge,French
Fruit,French
Fugere,French
Fuselier,French
Fusilier,French
Gabe,French
Gaboriault,French
Gaboury,French
Gabriel,French
Gaby,French
Gadbois,French
Gadoury,French
Gage,French
Gagnard,French
Gagne,French
Gagner,French
Gagnier,French
Gagnon,French
Gail,French
Gaillard,French
Gal,French
Galant,French
Galarneau,French
Galipeau,French
Gall,French
Galland,French
Gallant,French
Gallatin,French
Galle,French
Gallet,French
Galley,French
Gallien,French
Gallier,French
Gallion,French
Gallipeau,French
Gallon,French
Galvin,French
Gamache,French
Gamel,French
Gamelin,French
Gamet,French
Gammel,French
Gano,French
Ganoe,French
Gant,French
Garand,French
Garant,French
Garbe,French
Garbin,French
Garceau,French
Garcelon,French
Gard,French
Garde,French
Gardin,French
Gardinier,French
Gardon,French
Gardy,French
Gareau,French
Gariepy,French
Garin,French
Garis,French
Garneau,French
Garnier,French
Garon,French
Garone,French
Garoutte,French
Garrant,French
Garrard,French
Garret,French
Garriga,French
Garrigues,French
Garris,French
Garron,French
Garson,French
Gascon,French
Gaspar,French
Gaspard,French
Gasque,French
Gasson,French
Gast,French
Gastineau,French
Gaston,French
Gaubert,French
Gaudet,French
Gaudin,French
Gaudreau,French
Gaudreault,French
Gaulin,French
Gault,French
Gaumond,French
Gaut,French
Gauthier,French
Gautier,French
Gautreau,French
Gautreaux,French
Gauvin,French
Gauvreau,French
Gavel,French
Gavett,French
Gavin,French
Gay,French
Gayman,French
Gaymon,French
Gayton,French
Ge,French
Gedeon,French
Gee,French
Gehlen,French
Gelin,French
Gelinas,French
Gelineau,French
Gemme,French
Gendreau,French
Gendron,French
Gene,French
Genereux,French
Genest,French
Genet,French
Gent,French
Geoffrion,French
Geoffroy,French
George,French
Georger,French
Georges,French
Gerald,French
Gerard,French
Gerdon,French
Gereau,French
Germain,French
Germaine,French
Germer,French
Germond,French
Gerome,French
Geron,French
Gerou,French
Gerould,French
Geroux,French
Gervais,French
Gervin,French
Gery,French
Gettelfinger,French
Ghrist,French
Giard,French
Giauque,French
Gibeau,French
Gibeault,French
Gibel,French
Gibert,French
Giblin,French
Gignac,French
Giguere,French
Gilbert,French
Gile,French
Giles,French
Gillard,French
Gille,French
Gilles,French
Gillet,French
Gillette,French
Gilliand,French
Gilliard,French
Gillon,French
Gilly,French
Gilson,French
Gimbert,French
Gion,French
Gionet,French
Girard,French
Girardeau,French
Girardin,French
Girardot,French
Giraud,French
Girod,French
Giroir,French
Giron,French
Gironda,French
Girouard,French
Giroux,French
Gladieux,French
Gladin,French
Gladu,French
Gladue,French
Glassey,French
Glasson,French
Glaude,French
Gloria,French
Gobeil,French
Gobeille,French
Gobel,French
Gobin,French
Godard,French
Godat,French
Godbout,French
Goddard,French
Goddu,French
Godeaux,French
Godin,French
Goffin,French
Goffinet,French
Goin,French
Golay,French
Golphin,French
Gombert,French
Gomillion,French
Gonet,French
Gonsoulin,French
Gonthier,French
Gordinier,French
Gordon,French
Gore,French
Gorges,French
Gorin,French
Gort,French
Goslin,French
Gossard,French
Gosse,French
Gosselin,French
Gossett,French
Gossman,French
Goubeaux,French
Goudeau,French
Gougeon,French
Gouin,French
Goulart,French
Goulet,French
Goupil,French
Gourd,French
Gourdin,French
Gourdine,French
Gourneau,French
Goy,French
Goyer,French
Granat,French
Grand,French
Grandbois,French
Grandchamp,French
Grandin,French
Grandjean,French
Grandmaison,French
Grandpre,French
Graner,French
Grange,French
Granger,French
Granier,French
Grant,French
Gras,French
Grasse,French
Grate,French
Grau,French
Grave,French
Gravel,French
Graveline,French
Gravelle,French
Graves,French
Gravois,French
Gray,French
Greaux,French
Greff,French
Gregoire,French
Gregorie,French
Gremillion,French
Grenier,French
Grenon,French
Grief,French
Griffes,French
Griffon,French
Grignon,French
Grilliot,French
Grillot,French
Grimard,French
Grimaud,French
Grise,French
Grisez,French
Groleau,French
Grondin,French
Gros,French
Grosjean,French
Groux,French
Grue,French
Gruel,French
Grumbach,French
Grumet,French
Guay,French
Gue,French
Guebert,French
Guedry,French
Guenin,French
Guerard,French
Guerin,French
Guerrant,French
Guerrette,French
Guerrier,French
Guerry,French
Guertin,French
Guevin,French
Guichard,French
Guidroz,French
Guidry,French
Guiffre,French
Guignard,French
Guilbeau,French
Guilbeault,French
Guilbeaux,French
Guilbert,French
Guill,French
Guillaume,French
Guillemette,French
Guillet,French
Guillory,French
Guillot,French
Guilmette,French
Guimond,French
Guimont,French
Guin,French
Guinard,French
Guindon,French
Guion,French
Guise,French
Guitar,French
Guitard,French
Guite,French
Guiton,French
Gustave,French
Gustin,French
Gustine,French
Guy,French
Guyon,French
Guyot,French
Guyse,French
Guyton,French
Hache,French
Haim,French
Hait,French
Halbert,French
Halle,French
Halphen,French
Ham,French
Hamel,French
Hamelin,French
Hamon,French
Han,French
Hance,French
Happe,French
Haran,French
Harang,French
Harbert,French
Harcourt,French
Hardin,French
Hardwick,French
Hardy,French
Hare,French
Harland,French
Harle,French
Harlin,French
Harman,French
Harmel,French
Harnois,French
Haro,French
Harpin,French
Harry,French
Hart,French
Hartel,French
Hasbrouck,French
Hasson,French
Haste,French
Hatton,French
Hau,French
Haubert,French
Haury,French
Haut,French
Havel,French
Havron,French
Hay,French
Haye,French
Hayer,French
Hayes,French
Haymon,French
Haymond,French
Hazard,French
Hazel,French
Hebel,French
Heber,French
Hebert,French
Heckle,French
Hector,French
Hedin,French
Hees,French
Helbert,French
Helfrich,French
Helie,French
Helin,French
Hellard,French
Hemming,French
Hemond,French
Henard,French
Henault,French
Hendry,French
Henri,French
Henrion,French
Henry,French
Heon,French
Herard,French
Herbeck,French
Herbert,French
Herbin,French
Herman,French
Hermes,French
Herold,French
Heron,French
Heroux,French
Herpin,French
Herre,French
Herrera,French
Herriott,French
Hetu,French
Hiegel,French
Hilaire,French
Hilbert,French
Hildebrand,French
Hilger,French
Hillard,French
Hillebrand,French
Hillier,French
Hils,French
Hippe,French
Hoger,French
Hogue,French
Hollier,French
Hollon,French
Holveck,French
Homme,French
Hommel,French
Hommer,French
Honore,French
Hons,French
Host,French
Hotard,French
Hotte,French
Houde,French
Houle,French
Houlette,French
Housel,French
Houx,French
Houy,French
Houze,French
Hu,French
Huard,French
Hubel,French
Hubert,French
Huberty,French
Hudon,French
Hue,French
Huet,French
Hugo,French
Huguenin,French
Huguet,French
Hulet,French
Hulett,French
Hulette,French
Hulin,French
Humbert,French
Humble,French
Huot,French
Huppe,French
Huron,French
Hurteau,French
Huson,French
Husson,French
Hypolite,French
Hyppolite,French
Illian,French
Imbert,French
Innocent,French
Isaac,French
Isabel,French
Isabell,French
Isabelle,French
Isadore,French
Issac,French
Ives,French
Izard,French
Jackels,French
Jacob,French
Jacot,French
Jacquemin,French
Jacques,French
Jacquet,French
Jacquez,French
Jacquin,French
Jacquot,French
Jadin,French
Jaillet,French
Jalbert,French
Jandreau,French
Janis,French
Janvier,French
Janvrin,French
Jaquet,French
Jaquette,French
Jardin,French
Jardon,French
Jarnot,French
Jarreau,French
Jarry,French
Jasmin,French
Jasmine,French
Jauquet,French
Jay,French
Jean,French
Jean-Baptiste,French
Jean-Charles,French
Jean-Jacques,French
Jean-Louis,French
Jean-Pierre,French
Jeanfreau,French
Jeanneret,French
Jennette,French
Jenrette,French
Jerome,French
Jesse,French
Jeter,French
Jette,French
Jeune,French
Joachim,French
Joanis,French
Job,French
Jobin,French
Jochim,French
Joel,French
Jolicoeur,French
Jolie,French
Jolin,French
Jolivet,French
Jolly,French
Joly,French
Jonas,French
Joncas,French
Jordan,French
Jordon,French
Jory,French
Jose,French
Joseph,French
Jossart,French
Josserand,French
Joubert,French
Jourdain,French
Jourdan,French
Joyal,French
Juaire,French
Jubert,French
Jubinville,French
Juda,French
Jude,French
Juillerat,French
Jules,French
Julien,French
Jumonville,French
Juneau,French
Junod,French
Junot,French
Jupin,French
Just,French
Justin,French
Jutras,French
Karon,French
Kay,French
Kerbo,French
Kerbow,French
Kirouac,French
Kochersperger,French
La Tiolais,French
Labadie,French
Labar,French
Labare,French
Labarge,French
Labarr,French
Labarre,French
Labat,French
Labauve,French
Labbe,French
Labbee,French
Labby,French
Labell,French
Labelle,French
Labiche,French
Labine,French
Labit,French
Labombard,French
Labonte,French
Laborde,French
Labossiere,French
Labove,French
Labranche,French
Labreche,French
Labrecque,French
Labrie,French
Labrosse,French
Labruyere,French
Lacasse,French
Lacaze,French
Lacelle,French
Lacerte,French
Lachance,French
Lachapelle,French
Lacharite,French
Lachat,French
Laclaire,French
Lacombe,French
Lacoss,French
Lacosse,French
Lacoste,French
Lacour,French
Lacourse,French
Lacoursiere,French
Lacouture,French
Lacoy,French
Lacroix,French
Ladeau,French
Ladnier,French
Ladouceur,French
Lafarge,French
Lafargue,French
Lafary,French
Lafayette,French
Laferriere,French
Lafevers,French
Laffitte,French
Laffoon,French
Lafitte,French
Laflamme,French
Lafleche,French
Lafleur,French
Lafollette,French
Lafon,French
Lafond,French
Lafont,French
Lafontaine,French
Lafontant,French
Laforce,French
Laforest,French
Laforge,French
Lafortune,French
Lafosse,French
Lafoy,French
Laframboise,French
Lafrance,French
Lafreniere,French
Lafromboise,French
Lagace,French
Lagarde,French
Lagasse,French
Lage,French
Lagesse,French
Lagoy,French
Lagrange,French
Lagrave,French
Lagree,French
Lague,French
Laguerre,French
Lagueux,French
Lahaie,French
Lahaye,French
Laine,French
Lajeunesse,French
Lajoie,French
Lalande,French
Lalanne,French
Laliberte,French
Laliberty,French
Lalime,French
Lalley,French
Lallier,French
Lally,French
Lalonde,French
Lalumiere,French
Laluzerne,French
Lamarche,French
Lamarque,French
Lamarre,French
Lambert,French
Lamer,French
Lamere,French
Lamey,French
Lamirand,French
Lamirande,French
Lamon,French
Lamond,French
Lamont,French
Lamontagne,French
Lamore,French
Lamoreaux,French
Lamoree,French
Lamoreux,French
Lamothe,French
Lamotte,French
Lamour,French
Lamoureaux,French
Lamoureux,French
Lampe,French
Lampron,French
Lamy,French
Lance,French
Lanclos,French
Lancto,French
Lanctot,French
Lande,French
Landes,French
Landon,French
Landreneau,French
Landreville,French
Landry,French
Landy,French
Lane,French
Lange,French
Langelier,French
Langevin,French
Langille,French
Langin,French
Langlais,French
Langlinais,French
Langlois,French
Lanier,French
Lannoye,French
Lanoue,French
Lanouette,French
Lanthier,French
Lantier,French
Lapage,French
Lapalme,French
Laperle,French
Laperriere,French
Lapeyrouse,French
Lapierre,French
Laplace,French
Laplante,French
Laplume,French
Lapointe,French
Laporte,French
Laprade,French
Laprairie,French
Lapre,French
Laprise,French
Laqua,French
Laquerre,French
Laramee,French
Laramie,French
Larche,French
Larcher,French
Lard,French
Lardie,French
Lardy,French
Lareau,French
Larew,French
Large,French
Largent,French
Larive,French
Larivee,French
Lariviere,French
Laroche,French
Larochelle,French
Larock,French
Larocque,French
Laroque,French
Larose,French
Larouche,French
Laroux,French
Larrieu,French
Larrivee,French
Lartigue,French
Larue,French
Lary,French
Lasalle,French
Lassalle,French
Lasser,French
Last,French
Lastrapes,French
Lasure,French
Lataille,French
Latendresse,French
Latour,French
Latourelle,French
Latourette,French
Latty,French
Laude,French
Laur,French
Laurain,French
Laurence,French
Laurendeau,French
Laurens,French
Laurent,French
Laurie,French
Laurin,French
Laury,French
Lausier,French
Laut,French
Lauve,French
Lauzier,French
Lauzon,French
Lavalette,French
Lavalle,French
Lavallee,French
Lavelle,French
Lavene,French
Laventure,French
Laverdiere,French
Laverdure,French
Lavergne,French
Laverne,French
Lavertu,French
Lavier,French
Lavigne,French
Laviolette,French
Lavis,French
Lavoie,French
Lay,French
Lazard,French
Lazare,French
Lazer,French
Leazer,French
Lebaron,French
Lebeau,French
Lebel,French
Lebert,French
Leblanc,French
Lebleu,French
Leblond,French
Leboeuf,French
Lebon,French
Lebourgeois,French
Lebreton,French
Lebrun,French
Leclair,French
Leclerc,French
Leclercq,French
Leclere,French
Lecocq,French
Lecompte,French
Lecomte,French
Leconte,French
Lecoq,French
Lecuyer,French
Ledoux,French
Leduc,French
Lefebre,French
Lefebure,French
Lefebvre,French
Lefevre,French
Leflore,French
Lefort,French
Lefrancois,French
Legard,French
Legare,French
Legate,French
Legault,French
Lege,French
Legendre,French
Leger,French
Legere,French
Legnon,French
Legrand,French
Legrande,French
Legros,French
Lehouillier,French
Leib,French
Leisure,French
Lejeune,French
Leleux,French
Lelievre,French
Lemahieu,French
Lemaire,French
Lemaitre,French
Lemar,French
Lemarr,French
Lemay,French
Lemelin,French
Lemelle,French
Lemer,French
Lemerise,French
Lemery,French
Lemieux,French
Lemire,French
Lemoi,French
Lemoine,French
Lemont,French
Lenard,French
Leneave,French
Lenfestey,French
Lenoir,French
Leon,French
Leonard,French
Leopold,French
Lepage,French
Lepere,French
Lepine,French
Lepre,French
Lequire,French
Leray,French
Leriche,French
Leroux,French
Leroy,French
Lesage,French
Lesane,French
Lescarbeau,French
Lesesne,French
Lesieur,French
Lesperance,French
Lessard,French
Lestage,French
Lestrange,French
Lesueur,French
Lesure,French
Letarte,French
Letellier,French
Letendre,French
Letourneau,French
Leuck,French
Leva,French
Levan,French
Levangie,French
Levant,French
Levasseur,French
Leve,French
Levee,French
Leveille,French
Leveillee,French
Level,French
Levell,French
Leveque,French
Levert,French
Levesque,French
Levis,French
Levron,French
Ley,French
Leys,French
Lheureux,French
Lhommedieu,French
Lhuillier,French
Lia,French
Liber,French
Libert,French
Lile,French
Limoges,French
Limon,French
Linard,French
Lincourt,French
Lindor,French
Line,French
Linen,French
Linger,French
Linne,French
Lion,French
Liou,French
Lirette,French
Lis,French
Lisle,French
Litalien,French
Livaudais,French
Livernois,French
Lizotte,French
Lobel,French
Loebs,French
Loge,French
Loges,French
Loiseau,French
Loisel,French
Loiselle,French
Lombard,French
Long,French
Longe,French
Longpre,French
Longtin,French
Lorance,French
Loranger,French
Lord,French
Lore,French
Loree,French
Lorette,French
Lorge,French
Lorio,French
Lormand,French
Lorrain,French
Lorraine,French
Lorson,French
Lortie,French
Lory,French
Losier,French
Loth,French
Loubier,French
Loudin,French
Louis,French
Louise,French
Louissaint,French
Loup,French
Loupe,French
Louque,French
Louvier,French
Louviere,French
Louwagie,French
Lovellette,French
Lovett,French
Lovette,French
Loy,French
Loyal,French
Loye,French
Loyer,French
Lozier,French
Lozon,French
Lubin,French
Luc,French
Lucas,French
Lucey,French
Lucian,French
Lucien,French
Lucier,French
Lucy,French
Lumpp,French
Luneau,French
Lung,French
Lupien,French
Lusignan,French
Lussier,French
Lutz,French
Lux,French
Luzier,French
Lye,French
Lyle,French
Lyon,French
Mabey,French
Mabile,French
Mabon,French
Mace,French
Machin,French
Machon,French
Mack,French
Macon,French
Mader,French
Madere,French
Madore,French
Maggi,French
Magloire,French
Magnan,French
Magnant,French
Magnin,French
Magnon,French
Maheu,French
Maheux,French
Mahieu,French
Mahin,French
Mahon,French
Mai,French
Mailhot,French
Maillard,French
Maille,French
Maillet,French
Mailliard,French
Main,French
Mainard,French
Maine,French
Mainville,French
Maire,French
Maisel,French
Maison,French
Maisonet,French
Maisonneuve,French
Maitre,French
Major,French
Malan,French
Malay,French
Malboeuf,French
Malenfant,French
Malette,French
Malin,French
Maline,French
Malle,French
Mallery,French
Mallet,French
Mally,French
Malo,French
Malon,French
Malpass,French
Maltais,French
Malveaux,French
Man,French
Manasse,French
Mandeville,French
Maneval,French
Mange,French
Mangin,French
Mangold,French
Manheim,French
Manheimer,French
Manier,French
Manigault,French
Manis,French
Manne,French
Mannheimer,French
Mannon,French
Manon,French
Manseau,French
Mantel,French
Manuel,French
Manville,French
Many,French
Maple,French
Maran,French
Maranville,French
Marble,French
Marc,French
Marcantel,French
Marceau,French
Marceaux,French
Marcel,French
Marcelin,French
Marcell,French
Marcelle,French
Marchal,French
Marchan,French
Marchand,French
Marchant,French
Marchessault,French
Marcil,French
Marcille,French
Marcin,French
Marck,French
Marcon,French
Marcott,French
Marcotte,French
Marcou,French
Marcoux,French
Marcus,French
Marcy,French
Mare,French
Marentette,French
Maret,French
Marez,French
Marian,French
Marie,French
Marien,French
Marier,French
Marin,French
Marine,French
Marineau,French
Marion,French
Marklin,French
Marlatt,French
Marlette,French
Marlin,French
Marmion,French
Marois,French
Maron,French
Marotte,French
Marquand,French
Marques,French
Marquette,French
Marquis,French
Marre,French
Marron,French
Mars,French
Marsan,French
Marse,French
Marson,French
Martel,French
Martell,French
Martelle,French
Marti,French
Martie,French
Martin,French
Martine,French
Martineau,French
Martinet,French
Martiny,French
Martsolf,French
Marty,French
Mary,French
Marzolf,French
Mas,French
Maschino,French
Maslin,French
Mason,French
Massar,French
Massart,French
Masse,French
Massena,French
Massey,French
Masson,French
Mastin,French
Mate,French
Matey,French
Mathe,French
Mathes,French
Mathey,French
Mathia,French
Mathias,French
Mathie,French
Mathieu,French
Mathis,French
Mathurin,French
Mathy,French
Matis,French
Matte,French
Matthieu,French
Matthis,French
Matthys,French
Mattis,French
Matton,French
Maturin,French
Mauger,French
Maupin,French
Maura,French
Mauri,French
Maurice,French
Maurin,French
Maury,French
Maute,French
Mauter,French
Mauthe,French
Maxim,French
May,French
Mayeaux,French
Mayen,French
Mayette,French
Mayeux,French
Maynard,French
Mayne,French
Mayon,French
Maze,French
Mazon,French
Mazure,French
Meas,French
Meaux,French
Meche,French
Medine,French
Mee,French
Meilleur,French
Melancon,French
Melchior,French
Mele,French
Melerine,French
Melin,French
Meline,French
Melle,French
Mellencamp,French
Mellette,French
Melott,French
Melsheimer,French
Menard,French
Mentor,French
Meny,French
Mercier,French
Merck,French
Mercure,French
Mercy,French
Merillat,French
Merle,French
Merlin,French
Merry,French
Merson,French
Mertel,French
Mery,French
Meserve,French
Meservey,French
Mesnard,French
Messier,French
Mest,French
Mestayer,French
Mestre,French
Metayer,French
Metellus,French
Methot,French
Metivier,French
Metoyer,French
Mette,French
Meunier,French
Meuret,French
Meyette,French
Michaud,French
Michaux,French
Micheau,French
Michel,French
Michelin,French
Michelle,French
Michon,French
Midgette,French
Miele,French
Mignon,French
Mignone,French
Milan,French
Miland,French
Milbert,French
Millard,French
Mille,French
Millet,French
Millien,French
Million,French
Millon,French
Milon,French
Milord,French
Milot,French
Minard,French
Mince,French
Minchin,French
Mineau,French
Minett,French
Minette,French
Minion,French
Minor,French
Minot,French
Mion,French
Mir,French
Miracle,French
Mire,French
Miron,French
Miville,French
Modeste,French
Modisette,French
Moffet,French
Moisan,French
Moise,French
Molaison,French
Mole,French
Molin,French
Moline,French
Mollard,French
Molle,French
Mollere,French
Mollet,French
Mollett,French
Mollette,French
Molleur,French
Mollo,French
Molyneux,French
Monast,French
Monat,French
Monceaux,French
Mondesir,French
Mondor,French
Mondragon,French
Mondry,French
Monet,French
Monette,French
Monfils,French
Monfort,French
Monge,French
Mongeau,French
Mongeon,French
Mongrain,French
Monie,French
Monier,French
Monin,French
Moniot,French
Monnier,French
Monnin,French
Monnot,French
Mons,French
Monsour,French
Mont,French
Montagne,French
Montandon,French
Montavon,French
Montel,French
Montet,French
Montfort,French
Montigny,French
Montminy,French
Montpetit,French
Montplaisir,French
Montreuil,French
Montroy,French
Monty,French
Monville,French
Moquin,French
Morace,French
Moragne,French
Morain,French
Morand,French
Morant,French
Moranville,French
More,French
Moreau,French
Moree,French
Morel,French
Morency,French
Moret,French
Moreton,French
Morfin,French
Morice,French
Morie,French
Morin,French
Moris,French
Morisette,French
Morneau,French
Morneault,French
Moron,French
Mort,French
Mortier,French
Morton,French
Morvan,French
Mory,French
Mote,French
Motel,French
Motte,French
Moubray,French
Moulin,French
Moulis,French
Moura,French
Mourer,French
Mourey,French
Mousseau,French
Mouton,French
Mouzon,French
Moy,French
Moye,French
Moyse,French
Muench,French
Mule,French
Mullet,French
Munch,French
Munier,French
Muns,French
Mura,French
Murat,French
Murch,French
Muse,French
Musel,French
Musson,French
Nadal,French
Nadeau,French
Nadon,French
Nageotte,French
Naillon,French
Napoleon,French
Naquin,French
Narcisse,French
Nard,French
Nardin,French
Nason,French
Natalie,French
Nate,French
Nau,French
Naud,French
Nault,French
Navarre,French
Navas,French
Naves,French
Nay,French
Nazareth,French
Neault,French
Nedeau,French
Negron,French
Neptune,French
Neuville,French
Neve,French
Nevers,French
Neveu,French
Nez,French
Nezat,French
Nice,French
Nicolai,French
Nicolas,French
Nicolau,French
Nicole,French
Nicolet,French
Nicolette,French
Nier,French
Nixon,French
Nobert,French
Noble,French
Noblet,French
Nodine,French
Noe,French
Noel,French
Noland,French
Nolet,French
Nolette,French
Nolin,French
Nolle,French
Nolton,French
Nord,French
Norman,French
Normand,French
Normandeau,French
Normandin,French
Norment,French
Notte,French
Noury,French
Novy,French
Noye,French
Noyer,French
Nugent,French
Nys,French
Oberlin,French
Obie,French
Obier,French
Oge,French
Ogier,French
Olin,French
Oliphant,French
Olive,French
Oliver,French
Olivier,French
Oltz,French
Omer,French
Oran,French
Orand,French
Orange,French
Orban,French
Organ,French
Oriol,French
Oris,French
Orleans,French
Orme,French
Orne,French
Ort,French
Ortega,French
Orth,French
Orvin,French
Ory,French
Osier,French
Osmond,French
Ostheimer,French
Ostiguy,French
Otter,French
Oubre,French
Ouelette,French
Ouellet,French
Ouillette,French
Ouimet,French
Ours,French
Oury,French
Oyer,French
Ozanne,French
Page,French
Pageau,French
Pagel,French
Paget,French
Paille,French
Painchaud,French
Palange,French
Palen,French
Paley,French
Palin,French
Palley,French
Pan,French
Panneton,French
Pannier,French
Papa,French
Pape,French
Papin,French
Papineau,French
Pappan,French
Paquet,French
Paquette,French
Paquin,French
Paradis,French
Parde,French
Pare,French
Parent,French
Parenteau,French
Paret,French
Parfait,French
Paris,French
Pariseau,French
Parisien,French
Parisot,French
Parlier,French
Parmentier,French
Parquette,French
Parran,French
Parris,French
Parrot,French
Partee,French
Pascal,French
Pascale,French
Paschal,French
Paseur,French
Passe,French
Pastor,French
Pate,French
Patenaude,French
Paternoster,French
Patrie,French
Patry,French
Paty,French
Paul,French
Paule,French
Paulhus,French
Paulin,French
Pauline,French
Paullin,French
Pauly,French
Pay,French
Payan,French
Payant,French
Paye,French
Payer,French
Payeur,French
Payment,French
Payseur,French
Pean,French
Pechin,French
Pelican,French
Pelissier,French
Pelland,French
Pelle,French
Pellegrin,French
Pellerin,French
Pelletier,French
Pellissier,French
Peloquin,French
Pelotte,French
Peltier,French
Pepin,French
Pequignot,French
Perault,French
Percle,French
Pere,French
Perel,French
Perilloux,French
Perin,French
Perine,French
Peron,French
Perot,French
Perras,French
Perrault,French
Perreault,French
Perrenoud,French
Perret,French
Perrier,French
Perrin,French
Perro,French
Perrodin,French
Perron,French
Perrot,French
Perrott,French
Perrotte,French
Persin,French
Person,French
Pertuit,French
Perusse,French
Pessin,French
Petit,French
Petite,French
Petitjean,French
Petre,French
Petrin,French
Petron,French
Pett,French
Phaneuf,French
Phenicie,French
Phenis,French
Phenix,French
Philemon,French
Philen,French
Philibert,French
Philippe,French
Philippon,French
Phillippe,French
Phoenix,French
Picard,French
Piche,French
Pichon,French
Picon,French
Picot,French
Picou,French
Pierre,French
Pierre-Louis,French
Pierron,French
Piet,French
Pigeon,French
Pigue,French
Pilat,French
Pile,French
Pille,French
Pillot,French
Pilon,French
Pilotte,French
Pin,French
Pinard,French
Pinault,French
Pine,French
Pineau,French
Pinet,French
Pinson,French
Pinsonneault,French
Pinter,French
Pion,French
Pique,French
Pistorius,French
Pitre,French
Pittard,French
Place,French
Plaisance,French
Plamondon,French
Plant,French
Plante,French
Plantier,French
Plas,French
Plasse,French
Platte,French
Pleau,French
Plouff,French
Plouffe,French
Plourde,French
Plue,French
Ply,French
Poche,French
Point,French
Poire,French
Poirier,French
Poirot,French
Poissant,French
Poisson,French
Poitras,French
Poley,French
Poli,French
Polin,French
Polite,French
Politte,French
Pollet,French
Polley,French
Polly,French
Polus,French
Pommier,French
Ponce,French
Poncelet,French
Pons,French
Pont,French
Pontbriand,French
Ponthieux,French
Pontier,French
Pontiff,French
Porche,French
Porcher,French
Pore,French
Porta,French
Portal,French
Porte,French
Portier,French
Portugal,French
Posson,French
Postal,French
Poteet,French
Pothier,French
Potvin,French
Poudrier,French
Poulin,French
Pouliot,French
Poullard,French
Poupard,French
Poupart,French
Pourciau,French
Pousson,French
Poutre,French
Poyer,French
Prairie,French
Precourt,French
Pree,French
Prefontaine,French
Prejean,French
Present,French
Presson,French
Prevatt,French
Prevatte,French
Prevett,French
Prevette,French
Prevost,French
Prevot,French
Prey,French
Prieur,French
Prim,French
Prime,French
Primeaux,French
Prince,French
Prioleau,French
Prive,French
Privett,French
Privette,French
Privitt,French
Privott,French
Proby,French
Pronovost,French
Prophet,French
Prophete,French
Prosper,French
Proulx,French
Prout,French
Provance,French
Proveaux,French
Provencal,French
Provence,French
Provencher,French
Province,French
Provost,French
Prudhomme,French
Prueitt,French
Pruet,French
Pruett,French
Pruette,French
Pruiett,French
Pruit,French
Pruitt,French
Pruneau,French
Prunier,French
Purifoy,French
Pusey,French
Quaranta,French
Quay,French
Quebedeaux,French
Quebodeaux,French
Quenneville,French
Quesnel,French
Quesnell,French
Quin,French
Quine,French
Quint,French
Quintal,French
Quintin,French
Quirin,French
Raba,French
Rabalais,French
Rabin,French
Raboin,French
Raby,French
Rachel,French
Racicot,French
Racine,French
Ragon,French
Raiche,French
Raimond,French
Raine,French
Rainier,French
Rainville,French
Raison,French
Ram,French
Ramage,French
Rambert,French
Rambin,French
Rambo,French
Ramel,French
Ramey,French
Ramus,French
Rancourt,French
Randa,French
Randel,French
Range,French
Ranger,French
Ranson,French
Raphael,French
Rappe,French
Raque,French
Raquet,French
Ras,French
Ravel,French
Ravenel,French
Ravenelle,French
Ray,French
Rayer,French
Raymon,French
Raymond,French
Rayne,French
Rayon,French
Re,French
Real,French
Reau,French
Reaume,French
Reaux,French
Rebel,French
Rebert,French
Record,French
Regal,French
Regimbal,French
Regis,French
Regnier,French
Reigner,French
Reinagel,French
Reinard,French
Reine,French
Reiner,French
Reinier,French
Rembert,French
Remillard,French
Remy,French
Renard,French
Renaud,French
Renault,French
Rene,French
Reneau,French
Rener,French
Renier,French
Renouf,French
Renville,French
Reome,French
Replogle,French
Ressa,French
Resseguie,French
Revel,French
Revere,French
Reville,French
Rey,French
Reymond,French
Reynard,French
Reynaud,French
Rezin,French
Rhone,French
Riblet,French
Ribordy,French
Ricard,French
Richard,French
Riche,French
Richoux,French
Ricord,French
Rideau,French
Rieb,French
Riendeau,French
Rigaud,French
Rio,French
Rion,French
Riopel,French
Riopelle,French
Rioux,French
Rison,French
Ritzenthaler,French
Rivard,French
Riveron,French
Rives,French
Rivest,French
Rivet,French
Rivett,French
Rivette,French
Riviere,French
Robarge,French
Robart,French
Robe,French
Roberge,French
Robert,French
Robey,French
Robichaud,French
Robichaux,French
Robicheau,French
Robicheaux,French
Robida,French
Robideau,French
Robideaux,French
Robidoux,French
Robillard,French
Robin,French
Robinett,French
Roblin,French
Robnett,French
Roch,French
Rochat,French
Roche,French
Rochefort,French
Rochelle,French
Rochette,French
Rochon,French
Rocque,French
Rodes,French
Rodier,French
Rodin,French
Rodrigue,French
Roehrich,French
Roelle,French
Roger,French
Rogier,French
Rohan,French
Roland,French
Rolland,French
Romain,French
Romaine,French
Roman,French
Rome,French
Rondeau,French
Roquet,French
Rose,French
Rosemond,French
Rosier,French
Rosin,French
Rossel,French
Rosselle,French
Rossier,French
Rossignol,French
Rossin,French
Rottier,French
Rouch,French
Roueche,French
Rougeau,French
Rougeux,French
Rouillard,French
Rouland,French
Rouleau,French
Roulhac,French
Roulier,French
Rounsavall,French
Rounsville,French
Rous,French
Rousse,French
Rousseau,French
Roussel,French
Roussell,French
Rousselle,French
Roussey,French
Roussin,French
Route,French
Routhier,French
Roux,French
Roy,French
Royer,French
Rubin,French
Ruby,French
Rue,French
Ruelle,French
Ruffin,French
Runser,French
Rutan,French
Saba,French
Sabat,French
Sabatine,French
Saber,French
Sabin,French
Sabine,French
Sable,French
Sabot,French
Sabourin,French
Sacre,French
Sade,French
Safran,French
Sagan,French
Sage,French
Sager,French
Sain,French
Saindon,French
Saint,French
Sala,French
Saladin,French
Salamy,French
Salber,French
Sale,French
Salem,French
Sales,French
Salin,French
Saline,French
Salis,French
Salle,French
Salles,French
Salman,French
Salmon,French
Salmond,French
Salois,French
Salomon,French
Salon,French
Salone,French
Salva,French
Salvage,French
Salvant,French
Samson,French
Samuel,French
Sand,French
Sandel,French
Sandoz,French
Sans,French
Sansouci,French
Sansoucie,French
Sansoucy,French
Sant,French
Santer,French
Santerre,French
Sara,French
Sarasin,French
Sarazen,French
Sarazin,French
Sarchet,French
Sargent,French
Sarles,French
Sarrazin,French
Sartin,French
Sartor,French
Sas,French
Sasse,French
Sasseville,French
Satin,French
Saucier,French
Saul,French
Saulnier,French
Sault,French
Saunier,French
Saur,French
Sauvage,French
Sauvageau,French
Sauve,French
Savant,French
Savard,French
Savary,French
Savel,French
Savin,French
Savoie,French
Say,French
Sayen,French
Sayer,French
Scoville,French
Sebald,French
Sebastian,French
Sebert,French
Seguin,French
Segur,French
Selin,French
Selle,French
Sellier,French
Semon,French
Senecal,French
Senechal,French
Senegal,French
Senesac,French
Senne,French
Sens,French
Sequin,French
Seraphin,French
Serene,French
Serge,French
Sergent,French
Serie,French
Serlin,French
Serpe,French
Serres,French
Servais,French
Servant,French
Servin,French
Sette,French
Setton,French
Severe,French
Severin,French
Sevy,French
Shaller,French
Shifflet,French
Sibille,French
Sicard,French
Sicotte,French
Sigur,French
Silvestre,French
Silvey,French
Simar,French
Simard,French
Simeon,French
Simien,French
Simon,French
Simoneau,French
Simoneaux,French
Simonet,French
Simonette,French
Simonin,French
Sion,French
Sirois,French
Siron,French
Six,French
Soine,French
Soisson,French
Sol,French
Solomon,French
Solon,French
Songy,French
Sonia,French
Sonnier,French
Sopher,French
Sorel,French
Sorelle,French
Sorin,French
Soucy,French
Souder,French
Soule,French
Soules,French
Soulier,French
Souliere,French
Soulliere,French
Spenard,French
Spoo,French
St. Amand,French
St. Amant,French
St. Amour,French
St. Andre,French
St. Ange,French
St. Angel,French
St. Ann,French
St. Aubin,French
St. Charles,French
St. Clair,French
St. Claire,French
St. Croix,French
St. Cyr,French
St. Denis,French
St. Fleur,French
St. Gelais,French
St. George,French
St. Germain,French
St. Germaine,French
St. Hilaire,French
St. Jacques,French
St. Jean,French
St. Julien,French
St. Laurent,French
St. Louis,French
St. Marie,French
St. Martin,French
St. Onge,French
St. Ores,French
St. Ours,French
St. Pierre,French
St. Rock,French
St. Romain,French
St. Roman,French
St. Sauveur,French
St. Vincent,French
Staley,French
Stavola,French
Ste. Marie,French
Steve,French
Stroman,French
Strong,French
Sublette,French
Suire,French
Sully,French
Suprise,French
Surette,French
Surgeon,French
Surprenant,French
Surrette,French
Susan,French
Susong,French
Sylvain,French
Sylvestre,French
Tache,French
Taillon,French
Talbert,French
Tallon,French
Tally,French
Tanguay,French
Tape,French
Tardif,French
Tardy,French
Tarin,French
Tarte,French
Tassin,French
Tauzin,French
Tavel,French
Tavernier,French
Tebeau,French
Telle,French
Tellier,French
Temple,French
Templet,French
Templin,French
Terres,French
Terrien,French
Terry,French
Tessier,French
Tesson,French
Teston,French
Tetreault,French
Tetu,French
Theard,French
Thebeau,French
Theberge,French
Theil,French
Thelin,French
Theodore,French
Theriault,French
Therien,French
Theroux,French
Therrian,French
Therrien,French
Thevenin,French
Thevenot,French
Thibadeau,French
Thibaudeau,French
Thibault,French
Thibaut,French
Thibeau,French
Thibeault,French
Thibeaux,French
Thibert,French
Thibodaux,French
Thibodeau,French
Thibodeaux,French
Thiboutot,French
Thiebaud,French
Thierry,French
Thiers,French
Thiery,French
Thill,French
Thirion,French
Thiry,French
Thom,French
Thomas,French
Thomassie,French
Thome,French
Thomure,French
Thore,French
Thorell,French
Tierce,French
Tiger,French
Tilly,French
Tin,French
Tingue,French
Tinnel,French
Tison,French
Tissot,French
Tite,French
Tobias,French
Tolbert,French
Tolen,French
Tolin,French
Toma,French
Tondreau,French
Tony,French
Totin,French
Touchet,French
Toulouse,French
Toupin,French
Toups,French
Tourangeau,French
Tourdot,French
Tourigny,French
Tourtellotte,French
Tourville,French
Tousignant,French
Toussaint,French
Toutant,French
Toy,French
Toye,French
Trabue,French
Trame,French
Trapnell,French
Traver,French
Travers,French
Traverse,French
Tremblay,French
Tremble,French
Trembly,French
Tremont,French
Trempe,French
Trench,French
Trenchard,French
Trepagnier,French
Trepanier,French
Trial,French
Tribolet,French
Triche,French
Trimbach,French
Trimbur,French
Trinque,French
Trivett,French
Trivette,French
Trojan,French
Tron,French
Trone,French
Tronson,French
Trottier,French
Troy,French
Truchon,French
Trudeau,French
Trudel,French
Tuel,French
Tullier,French
Tune,French
Turbin,French
Turcotte,French
Turenne,French
Turin,French
Turmel,French
Turpin,French
Tustin,French
Urbain,French
Urban,French
Urben,French
Urbin,French
Ury,French
Vachon,French
Vadeboncoeur,French
Vadnais,French
Vaillancourt,French
Vaillant,French
Valade,French
Valcourt,French
Valentin,French
Valery,French
Valin,French
Valiquette,French
Valleau,French
Vallee,French
Valleroy,French
Vallery,French
Vallet,French
Vallette,French
Vallier,French
Valliere,French
Vallieres,French
Vallin,French
Vallot,French
Valois,French
Vanier,French
Vannier,French
Varin,French
Varnadoe,French
Varnadore,French
Varnedoe,French
Varon,French
Vasseur,French
Vastine,French
Vautour,French
Vautrin,French
Vaux,French
Veilleux,French
Veillon,French
Venier,French
Vennard,French
Ventre,French
Vercher,French
Verdier,French
Verdin,French
Verdon,French
Verduin,French
Verdun,French
Verkler,French
Verley,French
Verne,French
Vernier,French
Vernon,French
Veron,French
Verret,French
Verrette,French
Verrier,French
Vertefeuille,French
Verville,French
Vestal,French
Vezina,French
Via,French
Vial,French
Viau,French
Vibert,French
Vicknair,French
Victor,French
Victoria,French
Victorian,French
Victorine,French
Vidal,French
Viel,French
Vien,French
Vieux,French
Vigeant,French
Viger,French
Vigneau,French
Vigneault,French
Vignes,French
Villar,French
Villars,French
Villemarette,French
Villeneuve,French
Villere,French
Villers,French
Villines,French
Vincelette,French
Vincent,French
Vinciguerra,French
Vinet,French
Violet,French
Violett,French
Violette,French
Viray,French
Vires,French
Virkler,French
Visage,French
Vital,French
Viverette,French
Vivian,French
Vivier,French
Voirol,French
Voisard,French
Voisin,French
Voisine,French
Voland,French
Volcy,French
Voyer,French
Wack,French
Wagnon,French
Wampler,French
Wattier,French
Wernimont,French
Widmeyer,French
Wiedmaier,French
Willet,French
Williquette,French
Wion,French
Wittmeyer,French
Wittry,French
Woodlock,French
Yon,French
Yount,French
Zay,French
Zenon,French
