Angove,Cornish
Angwin,Cornish
Annear,Cornish
Argus,Cornish
Bligh,Cornish
Bolitho,Cornish
Bosanko,Cornish
Cardy,Cornish
Carew,Cornish
Carey,Cornish
Carlyon,Cornish
Carne,Cornish
Chenoweth,Cornish
Chenowith,Cornish
Chynoweth,Cornish
Couch,Cornish
Cuff,Cornish
Curnow,Cornish
Eudy,Cornish
Geen,Cornish
Genn,Cornish
Glasson,Cornish
Glynn,Cornish
Goff,Cornish
Grose,Cornish
Gummo,Cornish
Jewell,Cornish
Keast,Cornish
Kellow,Cornish
Kevern,Cornish
Kimbrel,Cornish
Kimbrell,Cornish
Kitto,Cornish
Lamphier,Cornish
Lanfear,Cornish
Lanyon,Cornish
Lower,Cornish
Menear,Cornish
Moon,Cornish
Moyle,Cornish
Nancarrow,Cornish
Nankervis,Cornish
Opie,Cornish
Oppy,Cornish
Pedrick,Cornish
Pengelly,Cornish
Penhollow,Cornish
Penna,Cornish
Penrose,Cornish
Pethick,Cornish
Polkinghorn,Cornish
Polkinghorne,Cornish
Prideaux,Cornish
Quick,Cornish
Retallick,Cornish
Rosevear,Cornish
Roskelley,Cornish
Sholl,Cornish
Skewes,Cornish
Skuse,Cornish
Spargo,Cornish
Teague,Cornish
Trathen,Cornish
Trebilcock,Cornish
Tredinnick,Cornish
Treen,Cornish
Trefry,Cornish
Tregoning,Cornish
Trelease,Cornish
Treleven,Cornish
Treloar,Cornish
Tremaine,Cornish
Tremayne,Cornish
Trembath,Cornish
Tremelling,Cornish
Trenary,Cornish
Tretheway,Cornish
Trethewey,Cornish
Trevarthen,Cornish
Trevena,Cornish
Trevethan,Cornish
Trevithick,Cornish
Trevorrow,Cornish
Trewin,Cornish
Trezise,Cornish
Truran,Cornish
Truscott,Cornish
Uren,Cornish
Urian,Cornish
Verran,Cornish
Vigus,Cornish
Woon,Cornish
