Arthur,Welsh
Bach,Welsh
Badder,Welsh
Badders,Welsh
Badham,Welsh
Baines,Welsh
Bainum,Welsh
Balch,Welsh
Barry,Welsh
Batch,Welsh
Baughan,Welsh
Baughn,Welsh
Beavin,Welsh
Beddoe,Welsh
Beddow,Welsh
Bees,Welsh
Beese,Welsh
Bellin,Welsh
Belling,Welsh
Bellis,Welsh
Belvin,Welsh
Bennion,Welsh
Bethel,Welsh
Bethell,Welsh
Bevan,Welsh
Bevans,Welsh
Beynon,Welsh
Binion,Welsh
Binner,Welsh
Binnion,Welsh
Bithell,Welsh
Biven,Welsh
Bivens,Welsh
Bivin,Welsh
Bivins,Welsh
Blaney,Welsh
Blethen,Welsh
Blevens,Welsh
Blevins,Welsh
Bliven,Welsh
Blood,Welsh
Blower,Welsh
Bloyd,Welsh
Boal,Welsh
Boliver,Welsh
Bonner,Welsh
Bowell,Welsh
Bowen,Welsh
Bowens,Welsh
Breckon,Welsh
Brice,Welsh
Brickell,Welsh
Broadus,Welsh
Broderick,Welsh
Brodrick,Welsh
Bryn,Welsh
Brys,Welsh
Buell,Welsh
Bugh,Welsh
Bunner,Welsh
Caddell,Welsh
Caddick,Welsh
Cadigan,Welsh
Cadle,Welsh
Cadogan,Welsh
Cadwalader,Welsh
Cadwallader,Welsh
Caleb,Welsh
Camm,Welsh
Cardiff,Welsh
Carew,Welsh
Carey,Welsh
Cattell,Welsh
Cecil,Welsh
Charles,Welsh
Clough,Welsh
Cloyd,Welsh
Cogan,Welsh
Comey,Welsh
Conway,Welsh
Corfield,Welsh
Cornog,Welsh
Coslett,Welsh
Couch,Welsh
Craddock,Welsh
Crowder,Welsh
Dacus,Welsh
David,Welsh
Davies,Welsh
Day,Welsh
Days,Welsh
Dee,Welsh
Dew,Welsh
Dewey,Welsh
Dey,Welsh
Edris,Welsh
Elias,Welsh
Elijah,Welsh
Elley,Welsh
Ellis,Welsh
Enoch,Welsh
Erwood,Welsh
Esau,Welsh
Evan,Welsh
Evans,Welsh
Evanson,Welsh
Evens,Welsh
Eynon,Welsh
Faughn,Welsh
Firth,Welsh
Fithen,Welsh
Flint,Welsh
Flower,Welsh
Floyd,Welsh
Gaynor,Welsh
Geddings,Welsh
George,Welsh
Gethin,Welsh
Gettings,Welsh
Gibby,Welsh
Gittings,Welsh
Gittins,Welsh
Glace,Welsh
Glas,Welsh
Glasco,Welsh
Glascock,Welsh
Glasscock,Welsh
Glines,Welsh
Glynn,Welsh
Goff,Welsh
Gotch,Welsh
Gough,Welsh
Gower,Welsh
Greenway,Welsh
Griff,Welsh
Griffin,Welsh
Griffith,Welsh
Griffiths,Welsh
Guild,Welsh
Guilliams,Welsh
Gurganus,Welsh
Gwilliam,Welsh
Gwyn,Welsh
Gwynn,Welsh
Gwynne,Welsh
Hanes,Welsh
Hanmer,Welsh
Hargest,Welsh
Harley,Welsh
Harries,Welsh
Harris,Welsh
Harvard,Welsh
Havard,Welsh
Heaven,Welsh
Hennion,Welsh
Hewitt,Welsh
Hier,Welsh
Hire,Welsh
Hovey,Welsh
Howell,Welsh
Howells,Welsh
Hughes,Welsh
Humphreys,Welsh
Humphries,Welsh
Idle,Welsh
Isaac,Welsh
Isaacks,Welsh
Isaacs,Welsh
Issac,Welsh
Jack,Welsh
John,Welsh
Jones,Welsh
Keelan,Welsh
Kemble,Welsh
Kendrick,Welsh
Kenefick,Welsh
Kenrick,Welsh
Kerry,Welsh
Kindrick,Welsh
Lace,Welsh
Lanman,Welsh
Lewis,Welsh
Lewison,Welsh
Llewellyn,Welsh
Llewelyn,Welsh
Lloyd,Welsh
Maddex,Welsh
Maddix,Welsh
Maddock,Welsh
Maddocks,Welsh
Maddox,Welsh
Maddux,Welsh
Maddy,Welsh
Mathias,Welsh
Mattick,Welsh
Mattix,Welsh
Mattocks,Welsh
Mattox,Welsh
Maurice,Welsh
Meredith,Welsh
Merrick,Welsh
Meylor,Welsh
Moor,Welsh
Moore,Welsh
Mordecai,Welsh
More,Welsh
Morgan,Welsh
Morgans,Welsh
Moris,Welsh
Morris,Welsh
Morse,Welsh
Mortimer,Welsh
Moses,Welsh
Moss,Welsh
Mostyn,Welsh
Mower,Welsh
Moyle,Welsh
Myricks,Welsh
Nanney,Welsh
Nest,Welsh
Nevitt,Welsh
Nist,Welsh
Oliver,Welsh
Onion,Welsh
Owen,Welsh
Owens,Welsh
Palin,Welsh
Parcel,Welsh
Parcell,Welsh
Parcells,Welsh
Parry,Welsh
Peairs,Welsh
Pearce,Welsh
Pembroke,Welsh
Pendry,Welsh
Pennoyer,Welsh
Penrose,Welsh
Penry,Welsh
Perry,Welsh
Pew,Welsh
Pewitt,Welsh
Pierce,Welsh
Poovey,Welsh
Popkin,Welsh
Povey,Welsh
Powe,Welsh
Powell,Welsh
Powles,Welsh
Poyner,Welsh
Preddy,Welsh
Preece,Welsh
Price,Welsh
Prichard,Welsh
Prichett,Welsh
Priddy,Welsh
Pride,Welsh
Pritchard,Welsh
Pritchett,Welsh
Probert,Welsh
Prosser,Welsh
Prothero,Welsh
Protheroe,Welsh
Prothro,Welsh
Prowell,Welsh
Pryce,Welsh
Pryde,Welsh
Pugh,Welsh
Pumphrey,Welsh
Purcell,Welsh
Pye,Welsh
Rease,Welsh
Reece,Welsh
Rees,Welsh
Reese,Welsh
Reuben,Welsh
Rhees,Welsh
Rhoderick,Welsh
Rice,Welsh
Roderick,Welsh
Rosser,Welsh
Samson,Welsh
Samuel,Welsh
Sare,Welsh
Sayer,Welsh
Scurlock,Welsh
Sealy,Welsh
Sear,Welsh
Seff,Welsh
Shone,Welsh
Stackpole,Welsh
Stackpoole,Welsh
Stant,Welsh
Stealey,Welsh
Sundy,Welsh
Swavely,Welsh
Taaffe,Welsh
Teague,Welsh
Tennis,Welsh
Tew,Welsh
Trahern,Welsh
Treharne,Welsh
Trevor,Welsh
Tudor,Welsh
Uren,Welsh
Urian,Welsh
Vaughan,Welsh
Vaughn,Welsh
Voiles,Welsh
Voils,Welsh
Voyles,Welsh
Wathen,Welsh
Wiliams,Welsh
Wogan,Welsh
Wren,Welsh
Wynn,Welsh
Wynne,Welsh
Yale,Welsh
Yarwood,Welsh
