Aaker,Swedish
Aamodt,Swedish
Aamot,Swedish
Aas,Swedish
Aase,Swedish
Aasen,Swedish
Adell,Swedish
Adolfson,Swedish
Adolphson,Swedish
Ahl,Swedish
Ahlberg,Swedish
Ahlborn,Swedish
Ahlgren,Swedish
Ahlin,Swedish
Ahlman,Swedish
Ahlquist,Swedish
Ahlstedt,Swedish
Ahlstrand,Swedish
Ahlstrom,Swedish
Aker,Swedish
Akerman,Swedish
Akerson,Swedish
Akre,Swedish
Al,Swedish
Alberg,Swedish
Allender,Swedish
Allin,Swedish
Allinder,Swedish
Alm,Swedish
Alman,Swedish
Almen,Swedish
Almer,Swedish
Almgren,Swedish
Almquist,Swedish
Alms,Swedish
Alquist,Swedish
Alstrom,Swedish
Alvin,Swedish
Amdahl,Swedish
Ameen,Swedish
Anderberg,Swedish
Andersson,Swedish
Andre,Swedish
Andreae,Swedish
Andren,Swedish
Anfinson,Swedish
Angerman,Swedish
Anker,Swedish
Ansell,Swedish
Antell,Swedish
Appell,Swedish
Ardell,Swedish
Arn,Swedish
Arndt,Swedish
Arne,Swedish
Arnell,Swedish
Arning,Swedish
Ashlin,Swedish
Ask,Swedish
Asker,Swedish
Aslin,Swedish
Asp,Swedish
Asplund,Swedish
Axelson,Swedish
Backlund,Swedish
Backman,Swedish
Bagge,Swedish
Balstad,Swedish
Bank,Swedish
Bankson,Swedish
Barkman,Swedish
Beckius,Swedish
Beckman,Swedish
Beckstrand,Swedish
Bengtsson,Swedish
Bennick,Swedish
Bergdahl,Swedish
Berge,Swedish
Bergen,Swedish
Bergendahl,Swedish
Berger,Swedish
Bergerson,Swedish
Bergeson,Swedish
Berggren,Swedish
Bergin,Swedish
Berglin,Swedish
Berglund,Swedish
Bergman,Swedish
Bergmark,Swedish
Bergner,Swedish
Bergquist,Swedish
Bergstedt,Swedish
Bergsten,Swedish
Bergstrand,Swedish
Bergstrom,Swedish
Bernson,Swedish
Bertel,Swedish
Bertels,Swedish
Berthel,Swedish
Berwald,Swedish
Billing,Swedish
Birch,Swedish
Birger,Swedish
Birk,Swedish
Birke,Swedish
Bjork,Swedish
Bjorklund,Swedish
Bjorkman,Swedish
Bjorkquist,Swedish
Bjorn,Swedish
Bjornberg,Swedish
Bjur,Swedish
Bjurstrom,Swedish
Black,Swedish
Blaustein,Swedish
Blink,Swedish
Blix,Swedish
Blixt,Swedish
Bloch,Swedish
Blohm,Swedish
Blomberg,Swedish
Blome,Swedish
Blomgren,Swedish
Blomquist,Swedish
Blomstrom,Swedish
Blondell,Swedish
Blondin,Swedish
Bloom,Swedish
Bloome,Swedish
Bloss,Swedish
Blum,Swedish
Blume,Swedish
Blumenthal,Swedish
Blundell,Swedish
Bly,Swedish
Bo,Swedish
Bobek,Swedish
Boberg,Swedish
Bockman,Swedish
Bodeen,Swedish
Bodell,Swedish
Boden,Swedish
Bodin,Swedish
Boe,Swedish
Boehmer,Swedish
Boesen,Swedish
Bogren,Swedish
Bohl,Swedish
Bohlander,Swedish
Bohlen,Swedish
Bohlender,Swedish
Bohlin,Swedish
Bohman,Swedish
Bohner,Swedish
Bohr,Swedish
Bohren,Swedish
Bok,Swedish
Bolander,Swedish
Bold,Swedish
Bolden,Swedish
Boldin,Swedish
Bolen,Swedish
Bolin,Swedish
Bolinder,Swedish
Boll,Swedish
Bolle,Swedish
Bollin,Swedish
Bolling,Swedish
Bolten,Swedish
Boman,Swedish
Bond,Swedish
Bondeson,Swedish
Boner,Swedish
Bong,Swedish
Bonner,Swedish
Boquist,Swedish
Boren,Swedish
Borger,Swedish
Borgman,Swedish
Borgstrom,Swedish
Borr,Swedish
Borreson,Swedish
Bostrom,Swedish
Boven,Swedish
Braff,Swedish
Bram,Swedish
Brammer,Swedish
Brand,Swedish
Brandel,Swedish
Brandell,Swedish
Branden,Swedish
Brandin,Swedish
Branstad,Swedish
Branstrom,Swedish
Branting,Swedish
Bratt,Swedish
Bratten,Swedish
Brauner,Swedish
Breden,Swedish
Bredenberg,Swedish
Bremer,Swedish
Brinck,Swedish
Brink,Swedish
Broberg,Swedish
Brodd,Swedish
Broden,Swedish
Brodin,Swedish
Brogren,Swedish
Brolin,Swedish
Broman,Swedish
Brostrom,Swedish
Bruhn,Swedish
Bruhns,Swedish
Brunell,Swedish
Brunn,Swedish
Bruse,Swedish
Bruun,Swedish
Bryngelson,Swedish
Bursell,Swedish
Busk,Swedish
Buske,Swedish
Bye,Swedish
Byland,Swedish
Bylund,Swedish
Byman,Swedish
Bystrom,Swedish
Callander,Swedish
Carbin,Swedish
Carby,Swedish
Carlberg,Swedish
Carlin,Swedish
Carling,Swedish
Carlquist,Swedish
Carlsson,Swedish
Carlstedt,Swedish
Carlstrom,Swedish
Carnell,Swedish
Casten,Swedish
Castner,Swedish
Cato,Swedish
Ceder,Swedish
Cederberg,Swedish
Cedergren,Swedish
Cederholm,Swedish
Cederquist,Swedish
Cederstrom,Swedish
Charles,Swedish
Christerson,Swedish
Christoferson,Swedish
Clarin,Swedish
Classon,Swedish
Collin,Swedish
Cornell,Swedish
Corvin,Swedish
Cronquist,Swedish
Curlin,Swedish
Dahl,Swedish
Dahlberg,Swedish
Dahlen,Swedish
Dahlgren,Swedish
Dahlin,Swedish
Dahling,Swedish
Dahlman,Swedish
Dahlquist,Swedish
Dahlstrom,Swedish
Dahmen,Swedish
Dalberg,Swedish
Dalen,Swedish
Dalin,Swedish
Dalman,Swedish
Dam,Swedish
Degn,Swedish
Dovell,Swedish
Eck,Swedish
Eckdahl,Swedish
Edberg,Swedish
Edelberg,Swedish
Edgren,Swedish
Edholm,Swedish
Edling,Swedish
Edlund,Swedish
Edquist,Swedish
Edstrom,Swedish
Ehn,Swedish
Ek,Swedish
Ekberg,Swedish
Ekblad,Swedish
Ekdahl,Swedish
Ekholm,Swedish
Eklof,Swedish
Eklund,Swedish
Ekman,Swedish
Ekstrand,Swedish
Ekstrom,Swedish
Ekwall,Swedish
Elander,Swedish
Eld,Swedish
Elg,Swedish
Eliason,Swedish
Ellstrom,Swedish
Elm,Swedish
Elmquist,Swedish
Elofson,Swedish
Enberg,Swedish
Eng,Swedish
Engberg,Swedish
Engblom,Swedish
Engdahl,Swedish
Engelson,Swedish
Engeman,Swedish
Engh,Swedish
Engholm,Swedish
England,Swedish
Englander,Swedish
Englund,Swedish
Engman,Swedish
Engquist,Swedish
Engstrand,Swedish
Engstrom,Swedish
Engwall,Swedish
Enquist,Swedish
Enstrom,Swedish
Ericsson,Swedish
Eriksson,Swedish
Erland,Swedish
Fager,Swedish
Fagerstrom,Swedish
Fahlgren,Swedish
Fahlstrom,Swedish
Falen,Swedish
Farin,Swedish
Farstad,Swedish
Fellin,Swedish
Ferm,Swedish
Fernelius,Swedish
Fernstrom,Swedish
Finberg,Swedish
Flink,Swedish
Floberg,Swedish
Floden,Swedish
Flodin,Swedish
Floren,Swedish
Florin,Swedish
Florman,Swedish
Flygare,Swedish
Fogelberg,Swedish
Follin,Swedish
Fors,Swedish
Forsberg,Swedish
Forsell,Swedish
Forsgren,Swedish
Forslund,Swedish
Forsman,Swedish
Forss,Swedish
Forstrom,Swedish
Fosberg,Swedish
Fosburg,Swedish
Franzen,Swedish
Freberg,Swedish
Fred,Swedish
Fredell,Swedish
Fredenberg,Swedish
Fredin,Swedish
Fredlund,Swedish
Fredman,Swedish
Frid,Swedish
Fridell,Swedish
Frieberg,Swedish
Fries,Swedish
Friese,Swedish
Frisk,Swedish
From,Swedish
Frost,Swedish
Frykman,Swedish
Funck,Swedish
Gade,Swedish
Gard,Swedish
Garde,Swedish
Gedman,Swedish
Germundson,Swedish
Gradin,Swedish
Grahn,Swedish
Gran,Swedish
Granat,Swedish
Granath,Swedish
Granberg,Swedish
Granholm,Swedish
Graning,Swedish
Granlund,Swedish
Granquist,Swedish
Granstrom,Swedish
Gren,Swedish
Grendahl,Swedish
Grinberg,Swedish
Gronberg,Swedish
Grondahl,Swedish
Gronlund,Swedish
Gronquist,Swedish
Grundstrom,Swedish
Gudmundson,Swedish
Gullickson,Swedish
Gullikson,Swedish
Gunnarson,Swedish
Gunst,Swedish
Gustafsson,Swedish
Haaf,Swedish
Haag,Swedish
Haak,Swedish
Haake,Swedish
Hagberg,Swedish
Hagelin,Swedish
Hageman,Swedish
Hagen,Swedish
Hagg,Swedish
Hagge,Swedish
Hagglund,Swedish
Haggstrom,Swedish
Haglund,Swedish
Hagman,Swedish
Hagstrom,Swedish
Hak,Swedish
Hakanson,Swedish
Halberg,Swedish
Halgren,Swedish
Hallberg,Swedish
Hallen,Swedish
Hallgren,Swedish
Hallin,Swedish
Hallman,Swedish
Hallquist,Swedish
Hallstrom,Swedish
Hammar,Swedish
Hammarstrom,Swedish
Hammerberg,Swedish
Hamner,Swedish
Hansson,Swedish
Hard,Swedish
Hassel,Swedish
Hast,Swedish
Hedberg,Swedish
Hedeen,Swedish
Hedeman,Swedish
Hedin,Swedish
Hedlund,Swedish
Hedman,Swedish
Hedquist,Swedish
Hedstrom,Swedish
Helander,Swedish
Helgerson,Swedish
Helgren,Swedish
Helin,Swedish
Hellberg,Swedish
Helle,Swedish
Hellen,Swedish
Hellstrom,Swedish
Helsing,Swedish
Helstrom,Swedish
Hemming,Swedish
Henning,Swedish
Hertz,Swedish
Hertzberg,Swedish
Hessel,Swedish
Hildahl,Swedish
Hilding,Swedish
Hillen,Swedish
Hillner,Swedish
Hillstrom,Swedish
Hjelm,Swedish
Hjerpe,Swedish
Hjort,Swedish
Hogberg,Swedish
Hogen,Swedish
Hogland,Swedish
Hoglund,Swedish
Hollander,Swedish
Holmbeck,Swedish
Holmberg,Swedish
Holme,Swedish
Holmer,Swedish
Holmgren,Swedish
Holmlund,Swedish
Holmquist,Swedish
Holmstrom,Swedish
Holstrom,Swedish
Hoog,Swedish
Hook,Swedish
Horn,Swedish
Horne,Swedish
Hoving,Swedish
Hulin,Swedish
Hult,Swedish
Hultberg,Swedish
Hultgren,Swedish
Hultin,Swedish
Hultman,Swedish
Hultquist,Swedish
Hurtig,Swedish
Huss,Swedish
Hyland,Swedish
Hylen,Swedish
Ingerman,Swedish
Ingerson,Swedish
Isackson,Swedish
Isakson,Swedish
Isberg,Swedish
Isenberg,Swedish
Israelson,Swedish
Jansson,Swedish
Jernberg,Swedish
Joens,Swedish
Johansson,Swedish
Jonasson,Swedish
Jons,Swedish
Jonsson,Swedish
Juhlin,Swedish
Julin,Swedish
Kahr,Swedish
Kalberg,Swedish
Kall,Swedish
Kallberg,Swedish
Kallen,Swedish
Kallenberg,Swedish
Kallgren,Swedish
Kallin,Swedish
Kallman,Swedish
Kallstrom,Swedish
Kalm,Swedish
Kalmar,Swedish
Kaplan,Swedish
Karlberg,Swedish
Karlen,Swedish
Karlin,Swedish
Karlsson,Swedish
Karlstad,Swedish
Karm,Swedish
Kask,Swedish
Kasten,Swedish
Kernell,Swedish
Kielman,Swedish
Kilburg,Swedish
Kindberg,Swedish
Kindell,Swedish
Kjar,Swedish
Kjellberg,Swedish
Klang,Swedish
Kling,Swedish
Klinge,Swedish
Kolberg,Swedish
Koppang,Swedish
Kornberg,Swedish
Krabbe,Swedish
Krafft,Swedish
Kraft,Swedish
Kring,Swedish
Kron,Swedish
Kronberg,Swedish
Kronholm,Swedish
Krook,Swedish
Kroon,Swedish
Kulberg,Swedish
Kullberg,Swedish
Kvistad,Swedish
Lager,Swedish
Lagergren,Swedish
Lagerman,Swedish
Lagerquist,Swedish
Lagerstrom,Swedish
Lageson,Swedish
Lagman,Swedish
Lamberg,Swedish
Lampa,Swedish
Landberg,Swedish
Landeen,Swedish
Landen,Swedish
Landgren,Swedish
Landin,Swedish
Landsberg,Swedish
Landstrom,Swedish
Lang,Swedish
Langberg,Swedish
Lans,Swedish
Larsson,Swedish
Latt,Swedish
Lauren,Swedish
Leander,Swedish
Ledin,Swedish
Ledman,Swedish
Leiman,Swedish
Levander,Swedish
Lidberg,Swedish
Liden,Swedish
Lidstrom,Swedish
Lilja,Swedish
Liljedahl,Swedish
Liljegren,Swedish
Liljenquist,Swedish
Lillquist,Swedish
Lindahl,Swedish
Lindbeck,Swedish
Lindberg,Swedish
Lindblad,Swedish
Lindblom,Swedish
Lindbo,Swedish
Lindborg,Swedish
Lindeen,Swedish
Lindell,Swedish
Lindelof,Swedish
Lindeman,Swedish
Linden,Swedish
Linder,Swedish
Lindfors,Swedish
Lindgren,Swedish
Lindh,Swedish
Lindholm,Swedish
Lindland,Swedish
Lindman,Swedish
Lindmark,Swedish
Lindquist,Swedish
Lindroth,Swedish
Lindskog,Swedish
Lindstedt,Swedish
Lindstrand,Swedish
Lindstrom,Swedish
Lindvall,Swedish
Lindwall,Swedish
Lingren,Swedish
Linne,Swedish
Linner,Swedish
Linquist,Swedish
Litle,Swedish
Lo,Swedish
Loden,Swedish
Lofdahl,Swedish
Loff,Swedish
Lofgren,Swedish
Lofquist,Swedish
Lofstrom,Swedish
Loften,Swedish
Loftin,Swedish
Lonn,Swedish
Loren,Swedish
Lorentson,Swedish
Lovgren,Swedish
Loving,Swedish
Lowenberg,Swedish
Lowenstein,Swedish
Lowenthal,Swedish
Lubell,Swedish
Lundahl,Swedish
Lundberg,Swedish
Lundblad,Swedish
Lundborg,Swedish
Lundeen,Swedish
Lundell,Swedish
Lunden,Swedish
Lundgren,Swedish
Lundholm,Swedish
Lundin,Swedish
Lundmark,Swedish
Lundquist,Swedish
Lundstedt,Swedish
Lundsten,Swedish
Lundstrom,Swedish
Lundvall,Swedish
Luthman,Swedish
Lybeck,Swedish
Magnus,Swedish
Magnusson,Swedish
Mahlberg,Swedish
Majerus,Swedish
Malberg,Swedish
Malm,Swedish
Malmberg,Swedish
Malmborg,Swedish
Malmgren,Swedish
Malmquist,Swedish
Malmstrom,Swedish
Malstrom,Swedish
Marcus,Swedish
Marken,Swedish
Markstrom,Swedish
Markus,Swedish
Markuson,Swedish
Martinson,Swedish
Mathiason,Swedish
Matson,Swedish
Mattsson,Swedish
Melander,Swedish
Melberg,Swedish
Meldahl,Swedish
Melin,Swedish
Mellberg,Swedish
Mellgren,Swedish
Mellman,Swedish
Melquist,Swedish
Meske,Swedish
Moberg,Swedish
Moden,Swedish
Moder,Swedish
Modin,Swedish
Modine,Swedish
Moe,Swedish
Mogren,Swedish
Molander,Swedish
Molen,Swedish
Molin,Swedish
Moman,Swedish
Moren,Swedish
Mork,Swedish
Morton,Swedish
Mossberg,Swedish
Mostrom,Swedish
Munsen,Swedish
Naslund,Swedish
Neve,Swedish
Nilsson,Swedish
Nobel,Swedish
Nolen,Swedish
Norberg,Swedish
Norby,Swedish
Nordahl,Swedish
Nordberg,Swedish
Nordby,Swedish
Nordeen,Swedish
Nordell,Swedish
Norden,Swedish
Norder,Swedish
Nordgren,Swedish
Nordholm,Swedish
Nordin,Swedish
Nordling,Swedish
Nordlund,Swedish
Nordmark,Swedish
Nordquist,Swedish
Nordstrand,Swedish
Nordstrom,Swedish
Nordwall,Swedish
Noreen,Swedish
Norell,Swedish
Noren,Swedish
Norenberg,Swedish
Norgaard,Swedish
Norgren,Swedish
Norin,Swedish
Nork,Swedish
Norlander,Swedish
Norlin,Swedish
Norling,Swedish
Norman,Swedish
Norquist,Swedish
Norr,Swedish
Norrell,Swedish
Norstrom,Swedish
Norum,Swedish
Nygren,Swedish
Nyholm,Swedish
Nylander,Swedish
Nylen,Swedish
Nylin,Swedish
Nyman,Swedish
Nyquist,Swedish
Nyren,Swedish
Nystrom,Swedish
Oberg,Swedish
Ode,Swedish
Oden,Swedish
Ogren,Swedish
Ohland,Swedish
Ohlin,Swedish
Ohlsson,Swedish
Ohlund,Swedish
Ohman,Swedish
Ohrn,Swedish
Ohs,Swedish
Olan,Swedish
Oland,Swedish
Olander,Swedish
Olden,Swedish
Olen,Swedish
Olin,Swedish
Olle,Swedish
Olsson,Swedish
Oman,Swedish
Oquist,Swedish
Orell,Swedish
Orn,Swedish
Orne,Swedish
Orrell,Swedish
Osbeck,Swedish
Osberg,Swedish
Oscarson,Swedish
Osen,Swedish
Oslin,Swedish
Ost,Swedish
Ostberg,Swedish
Osteen,Swedish
Osten,Swedish
Oster,Swedish
Osterberg,Swedish
Ostergaard,Swedish
Ostergard,Swedish
Ostergren,Swedish
Osterholm,Swedish
Osterling,Swedish
Osterlund,Swedish
Osterman,Swedish
Ostling,Swedish
Ostlund,Swedish
Ostman,Swedish
Ostrom,Swedish
Otterstrom,Swedish
Otto,Swedish
Over,Swedish
Overbeck,Swedish
Overberg,Swedish
Overgaard,Swedish
Overgard,Swedish
Palm,Swedish
Palmberg,Swedish
Palme,Swedish
Palmer,Swedish
Palmgren,Swedish
Palmquist,Swedish
Pauli,Swedish
Peerson,Swedish
Pehrson,Swedish
Personius,Swedish
Persson,Swedish
Petre,Swedish
Pettersson,Swedish
Philipson,Swedish
Phillipson,Swedish
Piehl,Swedish
Plahn,Swedish
Quarnstrom,Swedish
Quist,Swedish
Rahr,Swedish
Ram,Swedish
Ramstad,Swedish
Rank,Swedish
Ranstrom,Swedish
Rapp,Swedish
Rask,Swedish
Rasmusson,Swedish
Reierson,Swedish
Ren,Swedish
Renberg,Swedish
Rendahl,Swedish
Renstrom,Swedish
Restad,Swedish
Ringdahl,Swedish
Ringquist,Swedish
Roberg,Swedish
Roden,Swedish
Rodin,Swedish
Rodine,Swedish
Romm,Swedish
Ron,Swedish
Roos,Swedish
Ros,Swedish
Rosander,Swedish
Rosberg,Swedish
Rosdahl,Swedish
Roseen,Swedish
Rosell,Swedish
Roselle,Swedish
Rosen,Swedish
Rosenberg,Swedish
Rosendahl,Swedish
Rosengard,Swedish
Rosengren,Swedish
Rosenlund,Swedish
Rosenquist,Swedish
Rosenson,Swedish
Rosing,Swedish
Roslund,Swedish
Rozelle,Swedish
Rubendall,Swedish
Ruberg,Swedish
Rudberg,Swedish
Rudeen,Swedish
Rudell,Swedish
Ruden,Swedish
Rudin,Swedish
Rundberg,Swedish
Rundell,Swedish
Rundquist,Swedish
Runquist,Swedish
Rydberg,Swedish
Rydeen,Swedish
Rydell,Swedish
Ryden,Swedish
Rydman,Swedish
Rylander,Swedish
Ryman,Swedish
Rystrom,Swedish
Saam,Swedish
Safstrom,Swedish
Sahlberg,Swedish
Sahlin,Swedish
Sahlstrom,Swedish
Salin,Swedish
Sall,Swedish
Salstrom,Swedish
Samberg,Swedish
Sand,Swedish
Sandahl,Swedish
Sandau,Swedish
Sandborn,Swedish
Sandburg,Swedish
Sandeen,Swedish
Sandel,Swedish
Sandelin,Swedish
Sandell,Swedish
Sanden,Swedish
Sander,Swedish
Sanderlin,Swedish
Sandgren,Swedish
Sandholm,Swedish
Sandin,Swedish
Sandlin,Swedish
Sandman,Swedish
Sando,Swedish
Sandquist,Swedish
Sandstedt,Swedish
Sandstrom,Swedish
Sandvik,Swedish
Sanner,Swedish
Satterlund,Swedish
Schelin,Swedish
Sederstrom,Swedish
Segerson,Swedish
Segerstrom,Swedish
Selander,Swedish
Selberg,Swedish
Selin,Swedish
Sellen,Swedish
Sellin,Swedish
Selling,Swedish
Setterberg,Swedish
Settergren,Swedish
Setterlund,Swedish
Severin,Swedish
Sidman,Swedish
Silberg,Swedish
Silverberg,Swedish
Siren,Swedish
Sjoberg,Swedish
Sjoblom,Swedish
Sjodin,Swedish
Sjogren,Swedish
Sjolander,Swedish
Sjoquist,Swedish
Sjostrand,Swedish
Sjostrom,Swedish
Skarin,Swedish
Skog,Swedish
Skoglund,Swedish
Skogman,Swedish
Skold,Swedish
Skoog,Swedish
Skyberg,Swedish
Slott,Swedish
Smedberg,Swedish
Soder,Swedish
Soderberg,Swedish
Sodergren,Swedish
Soderholm,Swedish
Soderlind,Swedish
Soderlund,Swedish
Soderman,Swedish
Soderquist,Swedish
Soderstrom,Swedish
Solberg,Swedish
Solin,Swedish
Solomon,Swedish
Solomonson,Swedish
Spong,Swedish
Spongberg,Swedish
Stahlberg,Swedish
Stahle,Swedish
Steen,Swedish
Steinberg,Swedish
Sten,Swedish
Stenberg,Swedish
Stendahl,Swedish
Stenlund,Swedish
Stenquist,Swedish
Stenstrom,Swedish
Sternhagen,Swedish
Stomberg,Swedish
Strand,Swedish
Strandberg,Swedish
Strandell,Swedish
Strid,Swedish
Strom,Swedish
Stromberg,Swedish
Stromgren,Swedish
Stromquist,Swedish
Strutz,Swedish
Suhre,Swedish
Sund,Swedish
Sundahl,Swedish
Sundberg,Swedish
Sundblad,Swedish
Sundell,Swedish
Sunderlin,Swedish
Sundgren,Swedish
Sundholm,Swedish
Sundin,Swedish
Sundling,Swedish
Sundman,Swedish
Sundquist,Swedish
Sundstrom,Swedish
Sundt,Swedish
Svensson,Swedish
Swahn,Swedish
Swanberg,Swedish
Swanlund,Swedish
Swanstrom,Swedish
Swedberg,Swedish
Swedlund,Swedish
Sylvan,Swedish
Tapper,Swedish
Telander,Swedish
Thelander,Swedish
Thelen,Swedish
Thelin,Swedish
Tholl,Swedish
Thomasson,Swedish
Thor,Swedish
Thorell,Swedish
Thoren,Swedish
Thorkelson,Swedish
Thornberg,Swedish
Thorne,Swedish
Thornell,Swedish
Thorner,Swedish
Thorngren,Swedish
Thornquist,Swedish
Thorsell,Swedish
Thorup,Swedish
Thron,Swedish
Thulin,Swedish
Thull,Swedish
Thun,Swedish
Thunberg,Swedish
Thunstrom,Swedish
Thur,Swedish
Tolleson,Swedish
Torborg,Swedish
Torell,Swedish
Toren,Swedish
Torkelson,Swedish
Tornberg,Swedish
Tornquist,Swedish
Torstenson,Swedish
Trana,Swedish
Trest,Swedish
Tulin,Swedish
Turnquist,Swedish
Underberg,Swedish
Ursin,Swedish
Utter,Swedish
Vaden,Swedish
Valentin,Swedish
Valla,Swedish
Vallin,Swedish
Vang,Swedish
Vardeman,Swedish
Varn,Swedish
Vass,Swedish
Vik,Swedish
Vong,Swedish
Wadell,Swedish
Wahlberg,Swedish
Wahlgren,Swedish
Wahlin,Swedish
Wahlman,Swedish
Wahlquist,Swedish
Wahlstrom,Swedish
Walberg,Swedish
Walin,Swedish
Wall,Swedish
Wallander,Swedish
Wallar,Swedish
Wallberg,Swedish
Wallen,Swedish
Wallenberg,Swedish
Wallerstedt,Swedish
Wallgren,Swedish
Wallin,Swedish
Wallman,Swedish
Walter,Swedish
Wangberg,Swedish
Wass,Swedish
Weberg,Swedish
Wedin,Swedish
Wedman,Swedish
Welander,Swedish
Wellman,Swedish
Wenberg,Swedish
Wenman,Swedish
Wennberg,Swedish
Wenner,Swedish
Wennerberg,Swedish
Wennerstrom,Swedish
Wenstrom,Swedish
Wergin,Swedish
Westby,Swedish
Westerberg,Swedish
Westerdahl,Swedish
Westergren,Swedish
Westerholm,Swedish
Westerlund,Swedish
Westgard,Swedish
Westin,Swedish
Westling,Swedish
Westlund,Swedish
Westman,Swedish
Westmark,Swedish
Westrom,Swedish
Wiberg,Swedish
Wiborg,Swedish
Wickland,Swedish
Wicklander,Swedish
Wickstrom,Swedish
Widell,Swedish
Widen,Swedish
Wider,Swedish
Widing,Swedish
Widman,Swedish
Widmark,Swedish
Wieberg,Swedish
Wigren,Swedish
Wik,Swedish
Wike,Swedish
Wiker,Swedish
Wiklund,Swedish
Wikman,Swedish
Wikstrom,Swedish
Wilden,Swedish
Wiman,Swedish
Winberg,Swedish
Wind,Swedish
Windell,Swedish
Wingard,Swedish
Winge,Swedish
Winger,Swedish
Winquist,Swedish
Winter,Swedish
Winther,Swedish
Wisell,Swedish
Wist,Swedish
Wistrom,Swedish
Wolin,Swedish
Younggren,Swedish
Zetterberg,Swedish
