J,58379
M,35028
A,34774
E,22451
H,12532
C,12498
W,12023
Wm,11117
P,10893
F,9998
T,9025
B,8888
S,7984
G,7529
R,7496
Thos,6693
D,5310
Patk,5257
L,4919
K,4887
Margt,4851
Michl,4536
I,4473
Jas,3750
?,2408
Robt,2366
N,1830
V,1406
Jno,1103
Jos,911
Edwd,853
Saml,848
Geo,808
O,805
Chas,761
Cathern,720
Alexr,552
An,509
Fredk,498
Saragh,480
Serah,478
Richd,475
Danl,419
Mgt,308
Elizzie,278
Own,264
Elizth,239
Bridgt,227
St,223
Jerh,215
Emly,192
Bartholmew,188
Y,176
Eliz,175
Honorah,172
Agnis,171
Maraget,170
Petter,170
Kyran,169
Hy,168
Onnie,167
Evaline,164
Murty,164
Elizabith,163
Charless,162
Danil,162
Terance,160
Dorathea,155
Marks,155
Margrate,153
Jinnie,151
Loughlin,151
Elezabeth,150
Finton,150
Bat,149
Meary,149
Lucey,148
Q,148
Magt,147
Christena,146
Hellen,144
Paterick,144
Cristopher,142
Thimothy,142
Keate,140
Brdget,139
Cissie,139
Annastatia,138
Elizabth,138
Lizzey,138
Isabela,136
Joshna,133
Orr,133
Smyth,133
Anie,131
Danniel,131
Humphry,131
Ina,131
Isa,131
Cors,130
Samul,130
de,130
Charlis,129
Eillen,128
Oney,128
Christinia,126
Hannora,126
Marsella,126
Catrine,123
Hannorah,122
Henary,122
Ame,121
Catherene,120
Ml,120
Wineford,120
Pattrick,119
Phill,118
Teresia,118
Winafred,116
Festus,115
Edw,113
Elizzabeth,112
Mand,112
Sibina,111
Declan,110
Giley,110
Pathrick,110
Catheren,109
Jhon,109
Noria,109
Rosann,109
Easther,108
Kathern,108
Margarit,108
Jula,107
Isebella,106
Anthoney,103
Margreth,103
Ritchard,103
Loftus,101
Murtagh,101
Bessey,99
Isbella,99
Marth,99
U,98
Josephene,97
Susanah,97
Bartholemew,96
Barthw,96
Bridged,96
Mennie,96
Pheobe,96
Rebacca,96
Elizebth,95
Ellena,95
Mariah,95
Mc,95
Murtha,95
Winiford,95
Hanagh,94
Letetia,94
Festy,93
Elleanor,92
Winney,92
Caterine,91
Hariet,91
Josphine,91
Marria,91
Winnefred,91
Cormac,90
Cormick,90
Essey,90
Ita,90
Mory,90
Agustine,89
Issabella,89
Jams,89
Minie,89
Teague,89
Cornelus,88
Elzabeth,88
Matildia,87
Eilleen,85
France,85
Saraha,85
Eneas,84
Jeramiah,84
Katherin,84
Margaet,84
Edword,83
Rosan,83
Josep,81
Lizzia,81
Maggey,81
Elisebeth,80
Catheline,79
Alise,78
Andw,78
Kathlen,78
Magey,78
Margareth,78
Cecila,77
Narah,77
Willm,77
Bina,76
Byrne,76
Lowry,76
Magy,76
Mickel,76
Myria,76
Rebbeca,76
Danis,75
Cathrene,74
Elley,74
Georgeina,74
Lilley,74
McC,74
Anastia,73
Hanor,73
Helina,73
Lettia,73
Margrit,73
Lizza,72
Baby,71
Jn,71
Voilet,71
Aurther,70
Elleen,70
Ellien,70
Evelyne,70
Josph,70
Margerat,70
Martain,70
Dines,69
Domenick,69
Eellen,69
Jerimiah,69
Joh,69
Josias,69
Laughlin,69
Lina,69
Mariane,69
Wenifred,69
Georg,68
Jone,68
Mervyn,68
Seragh,68
Allis,67
Christpher,67
Fenton,67
Henritta,67
Magge,67
Michial,67
Benard,66
Cathrina,66
Charls,66
Columba,66
Dorathy,66
Emiley,66
Katheleen,66
Teresea,66
Anty,65
Ellinor,65
Johne,65
Lititia,65
Margarite,65
Rosenna,65
Barthly,64
Bgt,64
Chrisdina,64
Dinis,64
Fintan,64
Israel,64
Margarate,64
Margett,64
Aney,63
Dinnis,63
Lawrance,63
Margarat,63
Michiel,63
Theophilus,63
Dorinda,62
Izabella,62
Metilda,62
Millar,62
Philiph,62
Racheal,62
Annia,61
Honnor,61
Jemina,61
Larence,61
Nanie,61
Abigal,60
Archd,60
Bernord,60
Connel,60
Elizie,60
Herbet,60
Owne,60
Bidelia,59
Margat,59
Phelim,59
Samual,59
Winifrid,59
Archey,58
Charolette,58
Elina,58
Elizabath,58
Elize,58
Elliza,58
Lizey,58
Mggie,58
Barthy,57
Bridet,57
Elza,57
Hennery,57
Heny,57
Johanne,57
Josepth,57
Mortin,57
Berd,56
Bidget,56
Briged,56
Js,56
Marg,56
Pollie,56
Robet,56
Agusta,55
Dermott,55
Eugine,55
Michall,55
Morgaret,55
Reachel,55
Susen,55
Winford,55
Benjiman,54
Catrin,54
Cuthbert,54
Keatie,54
Ma,54
Margurite,54
Conor,53
Elizzia,53
Joeseph,53
Kathaleen,53
Keiran,53
Margary,53
Margraet,53
Bernd,52
Ellia,52
Heneretta,52
Margrt,52
Thom,52
Wiliam,52
Cornelous,51
Elizah,51
Emley,51
Heneritta,51
Latitia,51
Lilie,51
McKee,51
Minney,51
Willim,51
Anastacia,50
Daly,50
Ellener,50
Kathrin,50
Mickael,50
Rachal,50
Thoms,50
Williamina,50
Charlote,49
Claud,49
Elin,49
Elizebath,49
Keat,49
Noragh,49
Patie,49
Phelix,49
Sarahann,49
Sussanna,49
Tague,49
Terresa,49
Benjamine,48
Carnelius,48
Cornelis,48
Georgenia,48
Humphery,48
Letita,48
Levina,48
Mairy,48
Rate,48
Ths,48
Deelan,47
Elizath,47
Engene,47
Fany,47
Gracey,47
Henrey,47
Juliah,47
Madgey,47
Margrath,47
Onney,47
Theady,47
Agustus,46
Aloysins,46
Anistatia,46
Ceclia,46
Columb,46
Geoge,46
Jam,46
Jenney,46
Jer,46
Johanno,46
Malcom,46
Marrianne,46
Miggie,46
Ptk,46
Terressa,46
Thresa,46
Winniefred,46
Belenda,45
Danel,45
Hariett,45
Henerietta,45
Herry,45
Juila,45
Maragaret,45
Margory,45
Obrien,45
Rebeeca,45
Roady,45
Tersa,45
Annastasia,44
Frs,44
Kathline,44
Onny,44
Pierse,44
Robrt,44
Bridghet,43
Cattie,43
Christenia,43
Magee,43
Nillie,43
Samuell,43
Sarh,43
Beresford,42
Cathorine,42
Chatherine,42
Cornelins,42
Denes,42
Jocie,42
Josephena,42
Kaite,42
Mally,42
Mande,42
Mortimor,42
Pk,42
Roseana,42
Tho,42
Thomes,42
Abert,41
Adelaid,41
Alas,41
Any,41
Ethal,41
Gane,41
Hary,41
Hate,41
Larance,41
Margrete,41
Rosean,41
Beattie,40
Beesie,40
Cornelieus,40
Enna,40
Hanoriah,40
Honar,40
Honnie,40
Ja,40
Josepine,40
Manasses,40
Marrion,40
Marthew,40
Nugent,40
Roase,40
Sariah,40
Sorah,40
Terasa,40
Carlisle,39
Catheine,39
Cathline,39
Cherrie,39
Clements,39
Conelius,39
Cowan,39
Crozier,39
Elizibeth,39
Franciss,39
Gawn,39
Gertude,39
Henretta,39
Jannet,39
Johon,39
Kerin,39
Lettitia,39
Nicholes,39
Noney,39
Thaddens,39
Toal,39
Alxander,38
Attie,38
Charlet,38
Chs,38
Edmand,38
Henny,38
Honaria,38
Johona,38
Matha,38
Mery,38
Nabby,38
Shusan,38
Sussan,38
Suzan,38
Terisa,38
Timy,38
Wennie,38
Adelade,37
Alace,37
Attracta,37
Helan,37
Jullia,37
Kezia,37
Meria,37
Annes,36
Baptist,36
Catheran,36
Cochrane,36
Faney,36
Owney,36
Samel,36
Timmothy,36
Adalaide,35
Bedilia,35
Bridy,35
Chaterine,35
Elln,35
Keaty,35
Lavenia,35
Maray,35
Mattew,35
McMahon,35
Mima,35
Nesbitt,35
Rabecca,35
Rosannah,35
Sophy,35
Aggnes,34
Annesley,34
Chatrine,34
Christphor,34
Cummins,34
Dunlop,34
Elizh,34
Hendry,34
Isablla,34
MacHael,34
Mallie,34
Marguerita,34
Roas,34
Rossana,34
Sharlet,34
Sharlotte,34
Tresea,34
Cornls,33
Darley,33
Digby,33
Doreas,33
Eugeane,33
Ileen,33
Kates,33
Lousie,33
Madaline,33
Mage,33
Margorie,33
Mauria,33
Ormsby,33
Rossanna,33
Tade,33
Catherien,32
Christr,32
Crohane,32
Elisbeth,32
Francie,32
Fransis,32
Habert,32
Hedley,32
Johnstone,32
Jonnie,32
Katheline,32
Lissey,32
Maggret,32
Mahel,32
Marrie,32
Mikie,32
Moriah,32
Murice,32
Nelius,32
Thomasena,32
Wenefred,32
Willoughby,32
Winefrid,32
Alen,31
Brigget,31
Cathirine,31
Cathrien,31
Charle,31
Christophr,31
Davison,31
Domk,31
Elon,31
Emelie,31
Ewd,31
Franis,31
Geoffery,31
Hessy,31
Kathrina,31
Mag,31
Margreta,31
McCarthy,31
Nail,31
Sera,31
Wilhemina,31
Willia,31
Aann,30
Aggness,30
Brigt,30
Caherine,30
Charlette,30
Charly,30
Elizabett,30
Ellem,30
Hennry,30
Hutchinson,30
Jenie,30
Jiley,30
Lusinda,30
Marcilla,30
Mariannie,30
Oneill,30
Patrk,30
Peeter,30
Soloman,30
Sussana,30
Winefride,30
Agnas,29
Anstatia,29
Brigdet,29
Christford,29
Elezebeth,29
Henreitta,29
Kathren,29
Keeran,29
Lennox,29
Liley,29
Lizia,29
Mararet,29
Margarita,29
Massy,29
Micl,29
Molley,29
Moya,29
Nat,29
Rosane,29
Tady,29
Winey,29
Agens,28
Aphra,28
Cicelia,28
Dudly,28
Emlie,28
Fancis,28
Flourence,28
Gertrade,28
Hanrietta,28
Jeremia,28
Johm,28
Josheph,28
Kathlean,28
McK,28
O'Connell,28
Patrck,28
Rbt,28
Thimoty,28
Timoty,28
Wellesley,28
Beatty,27
Bengamin,27
Bernerd,27
Brighet,27
Cessie,27
Daneil,27
Deniel,27
Dominie,27
Edeth,27
Ellanor,27
Francy,27
Geroge,27
Hanry,27
Infant,27
Jinney,27
Joshep,27
Lely,27
Margrette,27
McHl,27
Miachel,27
O'Neill,27
Parick,27
Robart,27
Tereasa,27
Adolphus,26
Alexdr,26
Amey,26
Anestatia,26
Bernad,26
Cathn,26
Elenia,26
Gorman,26
Hannoria,26
Helenia,26
Isabilla,26
Jermiagh,26
Lusy,26
McD,26
McDonnell,26
Morah,26
Oconnell,26
Oliva,26
Carles,25
Ceilia,25
Christey,25
Edwart,25
Elizbth,25
Ellizabeth,25
Eugune,25
Grattan,25
Harrett,25
Healy,25
Honara,25
Isacc,25
Janne,25
Jerimah,25
Johnney,25
Johonna,25
Lizy,25
Lizzabeth,25
Manis,25
Marjery,25
McL,25
Mickeal,25
Nany,25
Phobe,25
Rainey,25
Rebina,25
Steen,25
Stephin,25
Subina,25
Tomy,25
Treasa,25
Z,25
Annee,24
Berney,24
Catheleen,24
Cathine,24
Cathrne,24
Ceila,24
Eiza,24
Ferrigal,24
Hane,24
Helana,24
Honnah,24
Ignatins,24
Josp,24
Katia,24
Lzzie,24
Magill,24
Micael,24
Nassan,24
Pak,24
Partrick,24
Patick,24
Roseina,24
Sarahan,24
Saria,24
Singleton,24
Susin,24
Thamas,24
Timithy,24
Winaford,24
Aanne,23
Abegail,23
Abigial,23
Allace,23
Anastalia,23
Augela,23
Authur,23
Barthalomew,23
Bryson,23
Char,23
Chorles,23
Coulter,23
Daphney,23
Edmd,23
Eleaner,23
Geogina,23
Harritt,23
Honna,23
Judeth,23
Lisey,23
Madgy,23
Madoline,23
Md,23
Miria,23
Patherick,23
Prescilla,23
Randle,23
Rd,23
Rossetta,23
Aannie,22
Adeliade,22
Alban,22
Alferd,22
Am,22
Battie,22
Billa,22
Cathernie,22
Chistina,22
Cicilia,22
Cornielus,22
Crosbie,22
Devis,22
Dinnes,22
Dommick,22
Drummond,22
Elizeabeth,22
Ennie,22
Evelene,22
Falix,22
Halena,22
Harah,22
Johnanna,22
Kathleene,22
Launcelot,22
Louesia,22
M?,22
Mabella,22
Margan,22
McHael,22
Miche,22
Micke,22
Mria,22
Nanne,22
Nellia,22
Rachiel,22
Saidie,22
Serrah,22
Teady,22
Winifride,22
Blayney,21
Brid,21
Canice,21
Celena,21
Chistopher,21
Cornalius,21
Dealia,21
Dympna,21
Eccles,21
Elizabeath,21
Elizea,21
Esabella,21
Florrence,21
Gearge,21
Georginia,21
Harret,21
Hellena,21
Jannette,21
Janny,21
Jerremiah,21
Jertrude,21
Langford,21
Lazzie,21
Lillia,21
Mago,21
Margartt,21
Margate,21
Nelley,21
O'Brien,21
Rebcca,21
Sheehan,21
Thoma,21
Anastaria,20
Bartha,20
Bartty,20
Bethia,20
Bridgeth,20
Cathirne,20
Christana,20
Denie,20
Dilia,20
Domnic,20
Dynes,20
Elisibeth,20
Elizo,20
Elnor,20
Evea,20
Evyln,20
Fredick,20
Gerrald,20
Hamah,20
Hance,20
Helda,20
Hennie,20
Henriatta,20
Jeanetta,20
Josephy,20
Katheen,20
Lauisa,20
Lawerance,20
Lawernce,20
Levenia,20
Lucenda,20
Lucindia,20
Marggret,20
Mauriel,20
McClelland,20
Michle,20
My,20
Nicholis,20
Nonnie,20
O'C,20
Patck,20
Pattk,20
Rodolphus,20
Sabinia,20
Tilley,20
Uney,20
Winifrede,20
X,20
Agenes,19
Allas,19
Amilia,19
Angels,19
Archiebald,19
Barthlomew,19
Bredget,19
Cealia,19
Charlett,19
Corls,19
Dolty,19
Dorby,19
Elzia,19
Emilly,19
Emmily,19
Everina,19
Farry,19
Felex,19
Finbar,19
Fracis,19
Harrey,19
Henoria,19
Hessey,19
Hestor,19
Inez,19
Kait,19
Loretto,19
Lousa,19
Mageret,19
Maggaret,19
Margerate,19
Margh,19
Mena,19
Miney,19
Mrgt,19
Pady,19
Path,19
Peater,19
Richey,19
Rowley,19
Salina,19
Sharlot,19
Thersa,19
Tomey,19
Warnock,19
Wilhilmina,19
Winifried,19
Wray,19
Agne,18
Agns,18
Andrw,18
Auther,18
Balla,18
Beddy,18
Bridey,18
Cathaleen,18
Catharin,18
Catherane,18
Catherian,18
Cathne,18
Chales,18
Chr,18
Cons,18
Cornalious,18
Cornilius,18
Delin,18
Dinna,18
Doherty,18
Domonick,18
Egerton,18
Eggie,18
Eilen,18
Eizabeth,18
Elean,18
Elenar,18
Elisia,18
Elizze,18
Elloner,18
Evyline,18
Fardy,18
Fawcett,18
Garett,18
Glady,18
Hanley,18
Janney,18
Jermia,18
Joehanna,18
Lellie,18
Lenia,18
Luey,18
Lusie,18
Malacky,18
Marthia,18
Marton,18
Mateldia,18
Mathies,18
Matild,18
McBride,18
McCaw,18
McKeown,18
Patr,18
Patricke,18
Ratchel,18
Simson,18
Tereza,18
Thomos,18
Wentworth,18
Winfrid,18
Anjane,17
Annah,17
Anthoy,17
Archabald,17
Archbold,17
Audley,17
Bassie,17
Beesey,17
Carlile,17
Catheirne,17
Cathiren,17
Cathrane,17
Cathriene,17
Ch,17
Christania,17
Christdina,17
Christe,17
Christna,17
Cornelies,17
Coroline,17
Daniell,17
Dorenda,17
Dorethy,17
Eilly,17
Elesebeth,17
Elizbeath,17
Ereline,17
Forsythe,17
Halliday,17
Hatie,17
Hughe,17
Hughey,17
Isaae,17
Jamis,17
Janett,17
Jaremiah,17
Jennett,17
Jns,17
Johen,17
Letticia,17
Lill,17
Lillias,17
Liz,17
Maguire,17
Maher,17
Maichael,17
Margrey,17
Marthar,17
Maurica,17
McNeill,17
Micahel,17
Mickal,17
Ocallaghan,17
Oconnor,17
Odonnell,17
Perey,17
Raby,17
Roberth,17
Rochel,17
Saral,17
Sarsfield,17
Sharlott,17
Sicely,17
Stainslans,17
Valantine,17
Wilhelimina,17
Willington,17
Wilm,17
el,17
Ag,16
Alexandrew,16
Alies,16
Alisia,16
Alixander,16
And,16
Anges,16
Angnes,16
Barrington,16
Bartholamew,16
Bartte,16
Benjn,16
Berchmans,16
Bid,16
Bridgetta,16
Briggie,16
Bryne,16
Cella,16
Christfor,16
Christhoper,16
Corneilous,16
Darly,16
Deliah,16
Denish,16
Edwrd,16
Edyth,16
Elixa,16
Eugne,16
Evangelist,16
Ezabella,16
Fenny,16
Florince,16
Flornce,16
Gerturde,16
Girtrude,16
Hadassah,16
Hannan,16
Haughton,16
Henora,16
Jahanna,16
Jeoffrey,16
Jessia,16
Johin,16
Julias,16
Katrin,16
Kiernan,16
Lecky,16
Lelitia,16
Lettica,16
Levinia,16
Lilliam,16
Louisia,16
Maggia,16
Mague,16
Mana,16
Marguret,16
Marrian,16
Marriane,16
McDowell,16
Mickl,16
Mitilda,16
Mogue,16
Mry,16
O'B,16
O'M,16
Pattick,16
Percey,16
Roseane,16
Sales,16
Samule,16
Sarahanne,16
Secily,16
Whelan,16
le,16
Alacoque,15
Albin,15
Alexandr,15
Anamaria,15
Ardrew,15
Brida,15
Caraline,15
Carthage,15
Christeena,15
Cicley,15
Clera,15
Conal,15
Cornlius,15
Crohan,15
Cussie,15
Dannel,15
Debrah,15
Deelia,15
Delea,15
Dermod,15
Donglas,15
Doniel,15
Donnelly,15
Dorothey,15
Dowling,15
Eather,15
Eiley,15
Eley,15
Elizan,15
Elizann,15
Ellenia,15
Emil,15
Emila,15
Erenest,15
Eviline,15
Forsyth,15
Geraldina,15
Gleeson,15
Hadden,15
Hannor,15
Hanorea,15
Harrold,15
Isabellia,15
Ismay,15
Jannett,15
Jery,15
Joannah,15
Juley,15
Kavanagh,15
Loura,15
MacDonald,15
MacKey,15
Magrett,15
Malochy,15
Margared,15
Margarie,15
Margriet,15
Marther,15
McDara,15
McKenzie,15
Miley,15
Murt,15
Murthy,15
Máire,15
Nallie,15
Naney,15
Nanna,15
Newell,15
Nicholl,15
Noraha,15
Olevia,15
Rachell,15
Redvers,15
Rentoul,15
Richord,15
Rober,15
Rosenia,15
Sarha,15
Thadey,15
Wilmot,15
Winnafred,15
Abbina,14
Abinia,14
Adalade,14
Alphonsis,14
Aneliza,14
Anistasia,14
Antoney,14
Arminella,14
Arrabella,14
Barthley,14
Beasy,14
Blackwood,14
Brabazon,14
Bridgret,14
Bridiget,14
Bridjet,14
Brownlow,14
Catherie,14
Cathlen,14
Cathr,14
Cathreine,14
Christianna,14
Christinna,14
Chrstopher,14
Clery,14
Coates,14
Colville,14
Corneilius,14
Delie,14
Denham,14
Dennes,14
Dominck,14
Donat,14
Dorethea,14
Ealenor,14
Edieth,14
Elice,14
Elizbath,14
Elleon,14
Ellina,14
Eln,14
Evalyn,14
Evelen,14
Evlyn,14
Evyleen,14
Finian,14
Florene,14
Gault,14
Gearld,14
Hanaria,14
Hanney,14
Hannh,14
Hariette,14
Hatton,14
Hecter,14
Humphy,14
Jemmima,14
Jene,14
Jennis,14
Jeremah,14
Jhn,14
Johnn,14
Josiph,14
Julea,14
Julis,14
Lanty,14
Laruence,14
Lawlor,14
Lizzebeth,14
Loury,14
Luie,14
Lusia,14
MacArtney,14
MacGregor,14
MacKenzie,14
Mahon,14
Marea,14
Margarte,14
Margoret,14
Martan,14
Matin,14
McDonald,14
McGrath,14
McKay,14
Moris,14
Nabla,14
Nichael,14
Nichalos,14
Nichlos,14
Nicholos,14
Norh,14
Renwick,14
Robertina,14
Senan,14
Sml,14
Strain,14
Telford,14
Tereca,14
Terenee,14
Thadens,14
Timothey,14
Tommey,14
Verner,14
Wenny,14
Afred,13
Amaie,13
Anastaia,13
Anastesia,13
Anestasia,13
Anstasia,13
Archybald,13
Atkin,13
Auastatia,13
Barbarra,13
Bathw,13
Beauchamp,13
Bedina,13
Bellinda,13
Besey,13
Bessia,13
Betrice,13
Bissie,13
Blakely,13
Bridght,13
Cathering,13
Catren,13
Charlotle,13
Chatrin,13
Ciss,13
Cornealis,13
Cornealius,13
Curtin,13
Darbey,13
Eathel,13
Egness,13
Elesia,13
Elizajane,13
Elizebith,13
Ellenn,13
Elzie,13
Esthel,13
Evylen,13
Falkiner,13
Federick,13
Florena,13
Franes,13
Geddes,13
Gentrude,13
Gertride,13
Goerge,13
Hagh,13
Hanery,13
Heary,13
Hennetta,13
Hery,13
Isaballa,13
Isack,13
Jae,13
Jeorge,13
Jeremiagh,13
Jeremish,13
Jesie,13
Joeph,13
Josephen,13
Kathlene,13
Kiran,13
Kirker,13
Laurince,13
Lelian,13
Lessy,13
Levena,13
Livinia,13
Louiza,13
Madline,13
Magdaline,13
Maggiee,13
Malachie,13
Manrice,13
Margariet,13
Margerie,13
Marien,13
Marykate,13
McG,13
McGuigan,13
McM,13
Michae,13
Minnia,13
Moffat,13
Mylis,13
Nahor,13
Nanney,13
O'H,13
Ole,13
Oleary,13
Patrik,13
Philp,13
Randel,13
Sameul,13
Samiel,13
Sarach,13
Silena,13
Toms,13
Unie,13
Vesey,13
Vilot,13
Wennifred,13
Whiteside,13
Willimina,13
Winniford,13
ben,13
Albt,12
Aloysuis,12
Alphonsas,12
Amnie,12
Anine,12
Annas,12
Annastacia,12
Anneliza,12
Army,12
Arthar,12
Auastasia,12
Avice,12
Bellingham,12
Benjaman,12
Besse,12
Bichard,12
Bingham,12
Brgt,12
Brigeth,12
Cahill,12
Carherine,12
Cathrn,12
Cecilea,12
Chalotte,12
Charlottee,12
Charlottie,12
Charolett,12
Conolly,12
Corn,12
Corneline,12
Daved,12
Deila,12
Dellia,12
Dobson,12
Eizzie,12
Elezibeth,12
Eliabeth,12
Elien,12
Eline,12
Elizzebeth,12
Elizzibeth,12
Engine,12
Eth,12
Ethie,12
Ethil,12
Eugena,12
Eveyln,12
Florences,12
Frencis,12
Garnett,12
Gerge,12
Haidee,12
Harriete,12
Hartigan,12
Haugh,12
Haward,12
Herbret,12
Herny,12
Honorie,12
Hry,12
Hynes,12
Ignatious,12
Irine,12
Isiac,12
Jamas,12
Jeannetta,12
Jemmia,12
Jennetta,12
Jne,12
Johanan,12
Jossie,12
Juilia,12
Kateleen,12
Katern,12
Kearns,12
Kerian,12
Kirkwood,12
Lary,12
Lenis,12
Letitie,12
Lettetia,12
Lisie,12
Lockhart,12
Louisea,12
Lueretia,12
Man,12
Marguarite,12
Marha,12
Mathw,12
McConnell,12
McCormick,12
McLoughlin,12
Mickle,12
Mita,12
Money,12
Mulholland,12
Nann,12
Nanoe,12
Nathenial,12
Nathl,12
Nella,12
O'D,12
Oneil,12
Partick,12
Petre,12
Phlip,12
Pt,12
Rathleen,12
Rechal,12
Reymond,12
Ribton,12
Roseta,12
Sibinia,12
Silly,12
Sinton,12
Stepen,12
Stphen,12
Suzen,12
Thadie,12
Tomie,12
Tresia,12
Valintine,12
Westropp,12
Whilemina,12
Wilhelmena,12
Wingfield,12
Winneford,12
A?,11
Alfed,11
Aloysious,11
Alphonaus,11
Amne,11
Anastisia,11
Angelena,11
Angla,11
Annebella,11
Anthy,11
Ardle,11
Atcheson,11
Avesia,11
Babra,11
Banks,11
Bobert,11
Bortholomew,11
Bourgain,11
Briddie,11
Bridgey,11
Bristow,11
Cambell,11
Camillus,11
Carse,11
Cathaline,11
Catheraine,11
Cathlin,11
Caulfield,11
Charels,11
Charters,11
Chelly,11
Chorlotte,11
Cleland,11
Cornalis,11
Dl,11
Egnes,11
Eidth,11
Elesabeth,11
Elisebath,11
Ellian,11
Ellice,11
Eloner,11
Elsia,11
Em,11
Enis,11
Ephriam,11
Esibella,11
Esse,11
Ethol,11
Euphamia,11
Evangline,11
Fitzmaurice,11
Flo,11
Fr,11
Fredck,11
Gartrude,11
Gerogina,11
Gerold,11
Gunn,11
Haddie,11
Hann,11
Hanoro,11
Harriatt,11
Hennessy,11
Herriet,11
Hoey,11
Hogg,11
Honra,11
Humprey,11
Irwine,11
Ismena,11
Isobella,11
J?,11
Jans,11
Jeames,11
Jemimia,11
Jerom,11
Jh,11
Jiles,11
Johanagh,11
Jonny,11
Josaphine,11
Katerin,11
Kattey,11
Kelso,11
Keyran,11
Lacky,11
Larkin,11
Larrie,11
Laticia,11
Leana,11
Lecia,11
Lettice,11
Lonie,11
Lueinda,11
Lyden,11
Lyster,11
Magrt,11
Malcomson,11
Marcell,11
Margareat,11
Margarret,11
Margreet,11
Margrite,11
Martimer,11
Mattilda,11
Mattw,11
Maudy,11
McCann,11
McConway,11
McLean,11
McN,11
Micheel,11
Minnee,11
Minnis,11
Mirian,11
Mortiner,11
Moyles,11
Newenham,11
O'Callaghan,11
O'Hara,11
Paget,11
Penrose,11
Phelin,11
Rachil,11
Rebaca,11
Ricd,11
Ringland,11
Rosanah,11
Rosse,11
Scelina,11
Sharlett,11
Sharman,11
Sister,11
Somerville,11
Steuart,11
Susanagh,11
Thirza,11
Thonas,11
Tryphena,11
Violett,11
Warburton,11
Win,11
Winiefred,11
Winiferd,11
Adelene,10
Adelia,10
Adline,10
Alexandar,10
Alexd,10
Alexer,10
Alexis,10
Alfrid,10
Alicie,10
Alles,10
Alphonsa,10
Alphousus,10
Andey,10
Aneas,10
Anee,10
Anmie,10
Annett,10
Annjane,10
Anorah,10
Archbald,10
Athur,10
Auston,10
Barnet,10
Barthelomew,10
Bartw,10
Batly,10
Batrick,10
Belendia,10
Bellow,10
Benediet,10
Benjm,10
Biddey,10
Bidilia,10
Boyan,10
Boylan,10
Bridg,10
Brigett,10
Catherinea,10
Cathirene,10
Cathirn,10
Cathran,10
Cathrian,10
Charlotto,10
Christpor,10
Chritopher,10
Chrstina,10
Cissey,10
Clotworthy,10
Conelious,10
Corcoran,10
Coyne,10
Cranston,10
Crisdina,10
Cristiana,10
Cromie,10
Crothers,10
Cuthbertson,10
Dann,10
Darid,10
Davitt,10
Domirick,10
Doran,10
Dorcus,10
Doretha,10
Dorotha,10
Dubby,10
Dymphna,10
Dysart,10
Elazabeth,10
Elder,10
Elianor,10
Elixabeth,10
Elizanne,10
Ellenar,10
Emliy,10
Emmia,10
Encas,10
Ervine,10
Ethna,10
Evalina,10
Evylin,10
Ezibella,10
Ferrigle,10
Finola,10
Fitzpatrick,10
Francey,10
Francs,10
Garratt,10
Gaughan,10
Gaw,10
Gearen,10
Georges,10
Georgh,10
Girty,10
Gorgenia,10
Graydon,10
Hannaha,10
Hariott,10
Harritte,10
Haster,10
Helenah,10
Hildred,10
Honera,10
Hutcheson,10
Jahn,10
Jamina,10
Jarlath,10
Jenet,10
Joehannah,10
Joha,10
Johonah,10
Kathellen,10
Katte,10
Kildare,10
Kirkpatrick,10
Latimer,10
Lawce,10
Lize,10
Lizebeth,10
Lizz,10
Luscinda,10
Lytle,10
MacHel,10
Maltilda,10
Mammie,10
Maranne,10
Marcellia,10
Marella,10
Margaratta,10
Margare,10
Margerett,10
Margerite,10
Marggie,10
Martine,10
Masterson,10
Matchew,10
Matheas,10
Matila,10
Maunsell,10
Mauric,10
Maysie,10
McCullough,10
McCutcheon,10
Melvin,10
Merian,10
Michaell,10
Mossie,10
Mourice,10
Naro,10
Nathanel,10
Needham,10
Neily,10
Nichlas,10
Norrah,10
O'Connor,10
O'Sullivan,10
Ogilvie,10
Oreilly,10
Osullivan,10
Parkes,10
Philomina,10
Pringle,10
Redmund,10
Reubina,10
Richad,10
Ridley,10
Rogar,10
Roulston,10
Rt,10
Sasan,10
Scelia,10
Sealy,10
Silvy,10
Sobina,10
Sproule,10
Stephon,10
Stopford,10
Sussanah,10
Susuan,10
Sylvestor,10
Taresa,10
Ternce,10
Th,10
Theodocia,10
Tily,10
Tiney,10
Tristram,10
Tyrrell,10
Wilam,10
Willan,10
Williana,10
Wineferd,10
Winefrede,10
Woolsey,10
Wynsey,10
Zillah,10
la,10
Aane,9
Aexander,9
Africk,9
Agmes,9
Ags,9
Alaxander,9
Alesia,9
Alexand,9
Alices,9
Alxr,9
Ames,9
Amn,9
Anastatis,9
Andew,9
Annestatia,9
Anns,9
Ar,9
Aramiah,9
Araminta,9
Archebald,9
Avisia,9
Baefe,9
Bartely,9
Bartholonew,9
Barthomlew,9
Beatirce,9
Bedila,9
Beggs,9
Bena,9
Benignus,9
Berard,9
Bermard,9
Bidy,9
Bindon,9
Bridt,9
Cairnes,9
Carloine,9
Cartherine,9
Cateherine,9
Catheriene,9
Catheron,9
Celenia,9
Charl,9
Charloote,9
Charolotte,9
Charotte,9
Chellie,9
Christinea,9
Colquhoun,9
Cornelias,9
Cornilus,9
Cosgrove,9
Croker,9
Cummin,9
Curley,9
D?,9
Danies,9
Danney,9
Davys,9
Doborah,9
Dolway,9
Domnie,9
Dorithy,9
Dorrington,9
Ealoner,9
Easie,9
Edwad,9
Eleza,9
Elibeth,9
Elizabt,9
Elizbet,9
Ellea,9
Eller,9
Emaline,9
Engenie,9
Enock,9
Eugean,9
Evelya,9
Fanie,9
Fraces,9
Fridrick,9
Galway,9
Getrude,9
Gillis,9
Gilmour,9
Gladis,9
Gorgina,9
Gubby,9
Gulia,9
Hanlon,9
Hanno,9
Hanse,9
Hany,9
Harford,9
Helens,9
Helly,9
Heneratta,9
Hennah,9
Herbit,9
Horan,9
Hughs,9
Iabella,9
Isaic,9
Isreal,9
Janeanna,9
Janies,9
Jaseph,9
Jenne,9
Jeremaih,9
Jermiha,9
Jimima,9
Jinnet,9
Jna,9
Jobe,9
Johannan,9
Johanns,9
Jomes,9
Joney,9
Josepheen,9
Josephie,9
Joshepine,9
Kathileen,9
Kehoe,9
Lawarence,9
Leahy,9
Letia,9
Lewisa,9
Lillan,9
Lizziebeth,9
Logue,9
Louiesa,9
Maagie,9
Mabal,9
Magarett,9
Magery,9
Magnus,9
Magreat,9
Magrit,9
Malach,9
Malachey,9
Maney,9
Manie,9
Marganne,9
Margarets,9
Margerit,9
Margeth,9
Margey,9
Marghet,9
Marid,9
Marrey,9
Maryannie,9
Massie,9
Maurce,9
Mauries,9
Mauris,9
McA,9
McAlevey,9
McAuliffe,9
McClare,9
McClement,9
McCormack,9
McCrea,9
McF,9
McGrane,9
McGregor,9
McSweeney,9
Micko,9
Minchin,9
Minine,9
Moffatt,9
Molloy,9
Moorhead,9
Moreland,9
Morgret,9
Morgt,9
Morrice,9
Mortha,9
Mrgret,9
Muria,9
Myler,9
Nath,9
Nelis,9
Nennie,9
Niece,9
Nore,9
Nory,9
Nuala,9
O'Donnell,9
O'Kelly,9
Owan,9
Patirck,9
Patricks,9
Phelan,9
Philomene,9
Plunkett,9
Pooler,9
Rebecea,9
Reby,9
Retta,9
Rev,9
Richael,9
Roden,9
Roose,9
Rosannie,9
Rubena,9
Scanlan,9
Scully,9
Semple,9
Septimus,9
Shelah,9
Stitt,9
Swanton,9
Synan,9
Terince,9
Thadee,9
Theadore,9
Therasa,9
Tildia,9
Timoth,9
Toole,9
Trene,9
Whilmina,9
Willaim,9
Wille,9
Willson,9
Winefried,9
Winie,9
Winnifrid,9
Aanna,8
Agie,8
Alee,8
Alier,8
Alizabeth,8
Aloysias,8
Alphonus,8
Amelda,8
Anastastia,8
Andrina,8
Angustine,8
Anniee,8
Armer,8
Authony,8
Barbera,8
Barnerd,8
Barthey,8
Bartholomen,8
Batholemew,8
Bengeman,8
Bengiman,8
Bengman,8
Benj,8
Benjeman,8
Bennet,8
Bernett,8
Besie,8
Bessic,8
Bidina,8
Boby,8
Bresnahan,8
Calia,8
Can,8
Carbery,8
Carew,8
Carroline,8
Catcherine,8
Cesily,8
Chares,8
Charlas,8
Charllotte,8
Charolet,8
Chathrine,8
Chesallia,8
Chirstopher,8
Chisty,8
Christenna,8
Christophar,8
Clan,8
Cogley,8
Conne,8
Coote,8
Cope,8
Cournelius,8
Dalzell,8
Danne,8
Dannial,8
Davied,8
Delina,8
Domanick,8
Domlick,8
Dorothen,8
Dougal,8
Duffin,8
Dwyer,8
Eddey,8
Eggness,8
Eillien,8
Elennor,8
Eleonor,8
Elesibeth,8
Elisebth,8
Elizabetha,8
Ellies,8
Ellion,8
Ellisa,8
Elonor,8
Else,8
Emme,8
Enily,8
Ennice,8
Ephrain,8
Erenst,8
Esher,8
Evelan,8
Evline,8
Evylyn,8
Ewdard,8
Fahy,8
Father,8
Forde,8
Francais,8
Francees,8
Frdk,8
Frew,8
G?,8
Genard,8
Genevive,8
Ger,8
Gillman,8
Gohanna,8
Gough,8
Gourley,8
Gournay,8
Greany,8
Grorge,8
Hamelton,8
Hamphrey,8
Hanie,8
Hannal,8
Hanns,8
Hanour,8
Harey,8
Harkness,8
Harnett,8
Hegarty,8
Helenor,8
Homan,8
Honnoria,8
Honoar,8
Honorea,8
Honoriah,8
Houghton,8
Hueston,8
Hughbert,8
Hutchison,8
Ignatus,8
Iisabella,8
Jamesina,8
Jann,8
Jannetta,8
Jassie,8
Je,8
Jeffry,8
Jerard,8
Jermy,8
Jesoph,8
Johanny,8
Johenna,8
Johnana,8
Johnes,8
Jona,8
Josephne,8
Josper,8
Judieth,8
Julah,8
Julan,8
Julin,8
Kateie,8
Katt,8
Keating,8
Keran,8
Kingsmill,8
Lachlan,8
Lally,8
Lawrene,8
Leehan,8
Leeper,8
Leeson,8
Leslia,8
Letica,8
Lisy,8
Lowisa,8
Ludlow,8
Luesa,8
Lylie,8
Lyttle,8
Mageean,8
Maget,8
Magrath,8
Magreth,8
Maimie,8
Manns,8
Maret,8
Margget,8
Martagh,8
Martion,8
Matida,8
Matthw,8
McCarron,8
McClean,8
McClurg,8
McGivern,8
McGowan,8
McGown,8
McMurray,8
McRoberts,8
Meehan,8
Melian,8
Miah,8
Michoel,8
Milligan,8
Minia,8
Molyneux,8
Morria,8
Mother,8
Mrgaret,8
Mury,8
Nally,8
Nane,8
Narry,8
Nason,8
Neillie,8
Noral,8
Noriah,8
Not,8
O'Dea,8
Otway,8
Pa,8
Pathick,8
Percie,8
Plunket,8
Ponsonby,8
Pricilla,8
Quigley,8
Rabie,8
Rath,8
Read,8
Rebbca,8
Rechel,8
Regis,8
Richrd,8
Robecca,8
Roney,8
Rosalina,8
Rosine,8
Salia,8
Salley,8
Sandham,8
Sanuel,8
Sarragh,8
Searah,8
Selenia,8
Sephen,8
Sibiney,8
Sicly,8
Siera,8
Silina,8
Sisley,8
Stratford,8
Susane,8
Sussie,8
Sylevester,8
Sylvister,8
Tadie,8
Tallan,8
Terense,8
Teressia,8
Tho'S,8
Thoman,8
Tohmas,8
Townley,8
Trimble,8
Unnie,8
Usilla,8
Ussher,8
Varonica,8
Vilet,8
Villiers,8
Waddell,8
Watler,8
Watters,8
Welfred,8
Whyte,8
Willmina,8
Wimfred,8
Withelmina,8
Wybrants,8
Aagnes,7
Abbert,7
Abbigal,7
Abinah,7
Abyna,7
Adile,7
Affie,7
Ageness,7
Agnies,7
Agniss,7
Ailbe,7
Aillen,7
Airth,7
Alax,7
Alb,7
Alce,7
Alexande,7
Alexanderina,7
Aley,7
Alfd,7
Alfert,7
Aliace,7
Allies,7
Allise,7
Alphonses,7
Analiza,7
Anastata,7
Anastetia,7
Anderw,7
Anglea,7
Angusta,7
Anice,7
Anme,7
Annastia,7
Ansty,7
Antie,7
Anto,7
Archabold,7
Arme,7
Armitage,7
Athony,7
Atracta,7
Augestine,7
Augustis,7
Balinda,7
Bannon,7
Bdgt,7
Beasie,7
Beaty,7
Benjamina,7
Bertia,7
Bestrice,7
Bettey,7
Blinda,7
Br,7
Brd,7
Bretta,7
Brideget,7
Bridegt,7
Bridgert,7
Bridgitt,7
Bridig,7
Burleigh,7
Burrowes,7
Byan,7
C?,7
Cahir,7
Capel,7
Cassidy,7
Catey,7
Catleen,7
Cavan,7
Cela,7
Celea,7
Chars,7
Cherles,7
Cheyne,7
Chichester,7
Christephor,7
Christiania,7
Christofer,7
Christper,7
Cicly,7
Clande,7
Classon,7
Clegg,7
Clia,7
Colmon,7
Conel,7
Constane,7
Cormae,7
Cornealus,7
Coughlan,7
Cournelious,7
Crowe,7
Curnelius,7
Dainel,7
Danile,7
Danuel,7
Davet,7
Deboria,7
Decourcy,7
Deela,7
Denia,7
Dens,7
Denton,7
Dessa,7
Dinnah,7
Donaghy,7
Donnolly,7
Doratha,7
Doro,7
Ds,7
Dun,7
Dundas,7
Dupre,7
Eaden,7
Eady,7
Eagleson,7
Eddith,7
Edwar,7
Egnas,7
Eillie,7
Eldred,7
Eleena,7
Elenora,7
Elisabith,7
Elisza,7
Eliszabeth,7
Elitia,7
Elizab,7
Elizabeh,7
Elizebet,7
Elizeth,7
Elline,7
Elliner,7
Ellne,7
Ephram,7
Esey,7
Eshel,7
Esie,7
Ethelinda,7
Ethell,7
Ethne,7
Eugens,7
Evas,7
Evileen,7
Fanne,7
Felis,7
Fidelis,7
Finbarr,7
Fortescue,7
Fraderick,7
Francise,7
Franses,7
Frede,7
Fredrich,7
Frida,7
Friderick,7
Gelston,7
Geofrey,7
Geor,7
Gilliland,7
Gorgena,7
Gracy,7
Greig,7
Gustin,7
Gwendeline,7
Haggie,7
Hanaah,7
Hanoah,7
Hanoragh,7
Hanra,7
Harget,7
Hariot,7
Harpur,7
Heaney,7
Heber,7
Heneary,7
Hillas,7
Hillis,7
Honarah,7
Hough,7
Isibella,7
Jamess,7
Jani,7
Jaulia,7
Jeaine,7
Jeamie,7
Jeanet,7
Jeaney,7
Jeany,7
Jehona,7
Jenetta,7
Jeney,7
Jephson,7
Jeraldine,7
Jermh,7
Jerrey,7
Joahanna,7
Jonston,7
Josephe,7
Joshephine,7
Josiphine,7
Jospeh,7
Jph,7
Julla,7
Jully,7
Katheran,7
Kathlien,7
Kato,7
Kavin,7
Ker,7
Kessie,7
Kivlehan,7
Lallie,7
Larah,7
Larunce,7
Latham,7
Laurenc,7
Laurnce,7
Leathem,7
Leitch,7
Leiza,7
Leontia,7
Lerry,7
Letecia,7
Lilion,7
Lissia,7
Livina,7
Lizzi,7
Lizziy,7
Loucinda,7
Louden,7
Lowis,7
Lowther,7
Lucendia,7
Luida,7
Lusey,7
Lusk,7
Lutton,7
Luzzie,7
Madiline,7
Magdelen,7
Magdelene,7
Magg,7
Magrate,7
Mahony,7
Mainnie,7
Maitland,7
Malackey,7
Maregret,7
Margarath,7
Margareite,7
Margarey,7
Marggaret,7
Margratt,7
Marguaret,7
Margurita,7
Marthy,7
Maruice,7
Marvyn,7
Matie,7
Matw,7
McCracken,7
McEvoy,7
McGee,7
McHugh,7
McIntosh,7
McJ,7
McLaughlin,7
McLeod,7
McMaster,7
McMillan,7
McNamara,7
Meichael,7
Mercella,7
Merion,7
Mical,7
Miceal,7
Michaiel,7
Micle,7
Moffett,7
Monaghan,7
Morgoret,7
Morto,7
Moutray,7
Mtilda,7
Mullan,7
Mysie,7
Naby,7
Neilus,7
Nichola,7
Ninian,7
Noonan,7
O'G,7
O'K,7
O'L,7
O'Mahony,7
O'S,7
Omara,7
Ormond,7
Owin,7
Pakenham,7
Panton,7
Parcy,7
Patrich,7
Peden,7
Pereival,7
Perie,7
Persse,7
Phelam,7
Phillipson,7
Prudentia,7
Purdon,7
Rasanna,7
Rashel,7
Regenald,7
Robertha,7
Robirt,7
Robort,7
Rosea,7
Roseleen,7
Roselie,7
Ruxton,7
Saddie,7
Sandford,7
Sandys,7
Saraah,7
Sarak,7
Scisly,7
Service,7
Shiela,7
Silla,7
Silvestor,7
Sinan,7
Smylie,7
Solomn,7
Sopia,7
Speers,7
Stackpoole,7
Stanely,7
Stepher,7
Susam,7
Susian,7
Suson,7
Sybina,7
Tarence,7
Teenie,7
Tena,7
Tenison,7
Terne,7
Thas,7
Thomassina,7
Tomothy,7
Tomás,7
Ton,7
Vencent,7
Vict,7
Waltor,7
Wesly,7
Whilemena,7
Wilham,7
Wilhmina,7
Willhelmina,7
Wilmina,7
Winofred,7
,6
?y,6
Abelia,6
Adessa,6
Affra,6
Aganes,6
Agans,6
Ages,6
Aginess,6
Agn,6
Agnews,6
Ahern,6
Ailleen,6
Aily,6
Alacia,6
Albinia,6
Ales,6
Alesander,6
Alexandera,6
Alfonsus,6
Alin,6
Allexander,6
Anabela,6
Anastasin,6
Anastitia,6
Anastsia,6
Anatatia,6
Andraw,6
Angila,6
Anglia,6
Annea,6
Annnie,6
Annstatia,6
Anora,6
Armanella,6
Arnot,6
Arnott,6
Arthor,6
Atherton,6
Attey,6
Avarina,6
Aylward,6
Bachel,6
Bain,6
Ballantine,6
Baraba,6
Barbar,6
Barnabus,6
Bartholome,6
Batley,6
Beneard,6
Benie,6
Benjanin,6
Bernadetta,6
Besy,6
Beter,6
Betha,6
Birdget,6
Blyth,6
Bornard,6
Branegan,6
Brehan,6
Briddget,6
Bridgiet,6
Bryen,6
Bullen,6
Byers,6
Ca,6
Carberry,6
Caterin,6
Cathcart,6
Catherwood,6
Cathin,6
Cathreen,6
Cathron,6
Cecilie,6
Ceily,6
Cellia,6
Cha,6
Chrisopher,6
Christiphor,6
Christo,6
Christrina,6
Cis,6
Cicy,6
Cleary,6
Colina,6
Colomb,6
Conls,6
Corelius,6
Corl,6
Cornellius,6
Cornolius,6
Creagh,6
Cristinia,6
Crofton,6
Crowly,6
Crumley,6
Dacre,6
Daiel,6
Danill,6
Dannil,6
Deboragh,6
Delacour,6
Dinagh,6
Doddy,6
Domenic,6
Donis,6
Dougherty,6
Downes,6
Downey,6
Driscoll,6
Dulcibella,6
E?,6
Eaneas,6
Echlin,6
Edia,6
Editt,6
Edmend,6
Eelen,6
Eideth,6
Eithne,6
Elaie,6
Eleana,6
Elener,6
Elenn,6
Eleonar,6
Elesa,6
Elexander,6
Eliazbeth,6
Eliziabeth,6
Elizt,6
Elizzabth,6
Elizzbeth,6
Ellean,6
Elles,6
Elllen,6
Ellom,6
Elonar,6
Elspie,6
Elyzabeth,6
Elzzie,6
Emmely,6
En,6
Enest,6
Ennly,6
Ephrim,6
Esmay,6
Essia,6
Euguene,6
Eujene,6
Euphenia,6
Evangaline,6
Evleen,6
F?,6
Fallan,6
Farancis,6
Farish,6
Farmer,6
Farncis,6
Farquhar,6
Farrigal,6
Fed,6
Ferderick,6
Fitzjames,6
Fitzwilliam,6
Follis,6
Forence,6
Fra,6
Franch,6
Franeis,6
Fredy,6
Gaffney,6
Garet,6
Gearthy,6
Geary,6
Geffory,6
Geneveive,6
Georgee,6
Goodhand,6
Goseph,6
Grette,6
Grettie,6
Gretty,6
Haddon,6
Hanaha,6
Hano,6
Hanord,6
Hanoris,6
Hanriette,6
Hants,6
Harbinson,6
Harney,6
Harrieta,6
Harriotte,6
Harvy,6
Harwick,6
Hassie,6
Hawtrey,6
Hearietta,6
Heaton,6
Helin,6
Hemietta,6
Hemphill,6
Henriotta,6
Henrry,6
Hnora,6
Hobson,6
Honie,6
Honnora,6
Horner,6
Hubart,6
Hughy,6
Humphreys,6
Hunnah,6
Hyland,6
Iley,6
Isab,6
Isable,6
Isma,6
Issebella,6
Jaims,6
Jame'S,6
Jamees,6
Jamieson,6
Jardine,6
Jeanny,6
Jellie,6
Jeminia,6
Jenkin,6
Jeo,6
Jereh,6
Jereniah,6
Jeromiah,6
Jerrard,6
Jeseph,6
Jily,6
Joehana,6
Johano,6
Johnina,6
Jonn,6
Jonnah,6
Joremiah,6
Josefine,6
Josehine,6
Josephien,6
Josepline,6
Kanie,6
Katheren,6
Kathlee,6
Kathreen,6
Kiate,6
Kiern,6
Kilpatrick,6
Lacinda,6
Lactitia,6
Laherty,6
Laizzie,6
Lant,6
Latecia,6
Launcelott,6
Lavens,6
Lavinea,6
Lawr,6
Ledia,6
Legor,6
Lenox,6
Lesia,6
Leticha,6
Lettisha,6
Lettita,6
Leua,6
Lewers,6
Lezie,6
Liddie,6
Liggie,6
Lilan,6
Lillien,6
Limothy,6
Loughlan,6
Lowie,6
Lynas,6
Maber,6
MacHiel,6
MacKin,6
Macella,6
Madaleine,6
Maery,6
Magdeline,6
Magrat,6
Mahoney,6
Main,6
Maira,6
Majory,6
Malachia,6
Mansergh,6
Many,6
Marcalla,6
Mareyan,6
Margaert,6
Margareet,6
Margaritt,6
Margarrett,6
Marghret,6
Margiret,6
Margratta,6
Margrie,6
Margte,6
Marguretta,6
Marish,6
Marke,6
Marsalla,6
Marthur,6
Martia,6
Maryn,6
Mathius,6
Maudeline,6
Mauriee,6
Mawhinney,6
Mayann,6
McAlister,6
McB,6
McBriars,6
McCartney,6
McClure,6
McCoy,6
McCready,6
McCullagh,6
McCurdy,6
McE,6
McFarlane,6
McIntyre,6
McMullen,6
Meay,6
Meda,6
Meliora,6
Memie,6
Mergaret,6
Metta,6
Mg,6
Michard,6
Michieal,6
Micholas,6
Mihael,6
Milles,6
Moly,6
Morland,6
Morthy,6
Mynes,6
Naria,6
Nathamel,6
Nathaneal,6
Natt,6
Nera,6
Nesbit,6
Newcombe,6
Newry,6
Nichloas,6
Nicklos,6
Niell,6
Noarh,6
Noctor,6
Norwood,6
O'J,6
O'Keeffe,6
O'T,6
Ogrady,6
Onour,6
Oonah,6
Or,6
Owon,6
Packie,6
Pal,6
Patkrick,6
Patsey,6
Patsie,6
Paty,6
Pedlow,6
Peirse,6
Pelissier,6
Perrie,6
Pether,6
Pettigrew,6
Phares,6
Pheoby,6
Philamena,6
Phoeby,6
Popham,6
Prendergast,6
Pridget,6
Ra,6
Rabert,6
Rachl,6
Rebena,6
Rebert,6
Rhode,6
Riginald,6
Ro,6
Rochfort,6
Rodget,6
Ronan,6
Roseannah,6
Rosemond,6
Rossey,6
Rrichard,6
Sammuel,6
Samuil,6
Sarai,6
Saraoh,6
Sarath,6
Sarra,6
Searagh,6
Sebiney,6
Secelia,6
Seddie,6
Sedie,6
Sheliah,6
Shellah,6
Shelley,6
Sherrard,6
Simms,6
Sina,6
Siss,6
Sophina,6
Speer,6
Spurgeon,6
Stapleton,6
Stevin,6
Stiphen,6
Story,6
Surah,6
Sushana,6
Sushanna,6
Taggart,6
Ter,6
Terns,6
Tessey,6
Thadies,6
Theodesia,6
Theresea,6
Theresia,6
Thoams,6
Timity,6
Tinothy,6
Toler,6
Torence,6
Vall,6
Vernica,6
Vicars,6
Viloet,6
Vincient,6
Wenefrid,6
Wheeler,6
Whelehan,6
Whelemina,6
Wife,6
Wilkie,6
Winfried,6
Wn,6
Woodside,6
Workman,6
du,6
?na,5
?nie,5
Aanie,5
Abbin,5
Abegial,5
Abernethy,5
Abrahm,5
Adilaide,5
Adolphine,5
Agines,5
Agnatius,5
Agnnes,5
Agnues,5
Agustian,5
Aidon,5
Aird,5
Aitken,5
Alaxandra,5
Aleander,5
Alexandrea,5
Alexder,5
Alieen,5
Alleyne,5
Allingham,5
Alphy,5
Amee,5
Ameila,5
Amiee,5
Amina,5
An?,5
Anaslasia,5
Anastica,5
Anasticia,5
Anastisa,5
Andr,5
Anistacia,5
Annastesia,5
Annel,5
Annemaria,5
Annesly,5
Annor,5
Anstia,5
Anstin,5
Archilbald,5
Arland,5
Armie,5
Arnett,5
Arter,5
Askin,5
Athol,5
Atwell,5
Augnes,5
Auld,5
Aurthor,5
Bantry,5
Barabara,5
Baratholomew,5
Barba,5
Barcley,5
Barthew,5
Bartholenew,5
Barthomew,5
Batie,5
Battw,5
Batw,5
Bd,5
Beamish,5
Beatria,5
Bellie,5
Benigna,5
Benjimen,5
Bermingham,5
Bessi,5
Blendia,5
Boal,5
Boland,5
Breakey,5
Brereton,5
Bridid,5
Brighid,5
Brigie,5
Britton,5
Brownlie,5
Bryanna,5
Bte,5
Buchannan,5
Burnick,5
Caelia,5
Cahrine,5
Cann,5
Canstance,5
Cardwell,5
Careline,5
Cargill,5
Cartin,5
Carty,5
Casimir,5
Cassells,5
Cathal,5
Cathelen,5
Cathelin,5
Catherain,5
Cathere,5
Cathraine,5
Cathrerine,5
Cathring,5
Catrien,5
Ceal,5
Ceceilia,5
Ceely,5
Celeia,5
Cellie,5
Challie,5
Charleton,5
Charlotee,5
Chatleen,5
Chiristina,5
Chirstina,5
Chriss,5
Christepher,5
Christophor,5
Chrles,5
Cicel,5
Cland,5
Clarenda,5
Clawson,5
Clemena,5
Coakley,5
Collis,5
Coppin,5
Cornellis,5
Cornellus,5
Courcy,5
Courey,5
Couroy,5
Crampton,5
Crimonin,5
Cristena,5
Ctherine,5
Cunneen,5
Damer,5
Deins,5
Delphina,5
Deminick,5
Diarmuid,5
Dilworth,5
Dineen,5
Dinia,5
Dionysius,5
Divid,5
Dk,5
Dodd,5
Domick,5
Donagh,5
Donohoe,5
Donough,5
Dorkas,5
Duglas,5
Eagan,5
Eagene,5
Easey,5
Eassie,5
Ebby,5
Ebenezar,5
Edath,5
Edeath,5
Edidth,5
Edina,5
Edmoud,5
Eelln,5
Eileene,5
Eirene,5
Either,5
Elebeth,5
Elecia,5
Elenea,5
Eleon,5
Eles,5
Elesbeth,5
Eletia,5
Eliazabeth,5
Elis,5
Elisabth,5
Elisie,5
Elizaa,5
Elizey,5
Elizzebth,5
Ellee,5
Ellein,5
Elyza,5
Elz,5
Elzth,5
Emaly,5
Emey,5
Emie,5
Emilda,5
Emond,5
Enas,5
Eoghan,5
Esler,5
Eston,5
Etha,5
Ethelreda,5
Eudhmonn,5
Eugeine,5
Euginie,5
Eujane,5
Euphimie,5
Evellen,5
Evely,5
Evelyen,5
Faby,5
Fane,5
Farrigle,5
Feely,5
Ferdenand,5
Ferdinard,5
Feremiah,5
Ferran,5
Finan,5
Fitzgrald,5
Fitzherbert,5
Fleetwood,5
Florience,5
Flourance,5
Forstall,5
Freadrick,5
Gailey,5
Gardon,5
Geddis,5
Geffery,5
Geffrey,5
Georgeana,5
Gergina,5
Germiah,5
Gerthrude,5
Gertrnde,5
Gervase,5
Gilmer,5
Gilson,5
Ginney,5
Glascott,5
Govan,5
Gritta,5
Gwedoline,5
Gwendaline,5
Gyles,5
Halpin,5
Hanaroh,5
Handcock,5
Hanne,5
Hanoral,5
Hanore,5
Harriatte,5
Heen,5
Heney,5
Henneritta,5
Hetherington,5
Hodgson,5
Holligan,5
Hon,5
Hona,5
Honner,5
Honon,5
Honore,5
Honoura,5
Honria,5
Honrietta,5
Humpry,5
Hurbert,5
Hyam,5
Ingham,5
Irvina,5
Isaih,5
Iseblla,5
Ivon,5
Izzabella,5
Jabey,5
Jacobina,5
Jalia,5
Jamesie,5
Jamies,5
Jenette,5
Jennia,5
Jeny,5
Jeoffery,5
Jeoseph,5
Jeramia,5
Jerm,5
Jm,5
Joesphine,5
Johane,5
Johania,5
Johannagh,5
Johannie,5
Johena,5
Jola,5
Jop,5
Jophine,5
Joseh,5
Josephan,5
Josept,5
Joshpine,5
Josia,5
Katae,5
Katherne,5
Kathlena,5
Kathrene,5
Katic,5
Katis,5
Katren,5
Keady,5
Kearan,5
Keele,5
Kenedy,5
Keown,5
Kethleen,5
Kilda,5
Kingsberry,5
Kirwan,5
Kyrle,5
L'Amie,5
L?,5
Larince,5
Larmour,5
Larrance,5
Larrey,5
Latetia,5
Lauence,5
Lauerance,5
Lauerence,5
Lauise,5
Lelly,5
Lenah,5
Lendrum,5
Leney,5
Lenord,5
Leslic,5
Lestrange,5
Leviah,5
Levingston,5
Leweza,5
Lillah,5
Lisia,5
Livey,5
Lizzee,5
Loney,5
Longhlin,5
Lonisa,5
Louesa,5
Luccy,5
Luddy,5
Lukie,5
Lyall,5
Lyna,5
Lyness,5
Lyzie,5
Maage,5
Maary,5
Madgee,5
Maev,5
Magart,5
Magia,5
Magreta,5
Magretta,5
Mahan,5
Maida,5
Mairey,5
Majorie,5
Malcohn,5
Malcolmson,5
Malfoy,5
Malichy,5
Mamey,5
Mar?,5
Marcells,5
Maregaret,5
Margar,5
Margeart,5
Margereth,5
Margeretta,5
Margherita,5
Marght,5
Margrtt,5
Margtt,5
Margueritte,5
Marial,5
Marieanne,5
Marinne,5
Markes,5
Marriann,5
Martah,5
Martn,5
Maryalice,5
Maryam,5
Masson,5
Mathiew,5
Matilds,5
Matlida,5
Matrin,5
McAuley,5
McCaig,5
McCleane,5
McClintock,5
McFarland,5
McH,5
McIlroy,5
McJohn,5
McJoseph,5
McKenna,5
McKnight,5
McMurtey,5
McNeilly,5
Meagher,5
Meriam,5
Methew,5
Metthew,5
Mi,5
Michaeal,5
Michaeel,5
Michaele,5
Michaels,5
Micharl,5
Micheael,5
Micheale,5
Michil,5
Mickhael,5
Milliken,5
Minnetta,5
Mn,5
Mobel,5
Moncrieff,5
Montagu,5
Moreton,5
Morget,5
Mt,5
Mulrennan,5
Murning,5
Nable,5
Namie,5
Natheniel,5
Neilly,5
Nelious,5
Neol,5
Newsom,5
Nicholls,5
Nichs,5
Nohar,5
Noran,5
Norea,5
O'A,5
O'Dwyer,5
O'F,5
O'Shea,5
Oc,5
Octavins,5
Octavus,5
Odonohue,5
Pat?,5
Patarick,5
Patirick,5
Patrrick,5
Pats,5
Peet,5
Pelia,5
Perce,5
Percivel,5
Pheby,5
Philop,5
Pring,5
Prudance,5
Purkis,5
Pádraig,5
Qwen,5
Rabbitt,5
Raichel,5
Rawdon,5
Reachal,5
Rebacka,5
Rebbica,5
Rebeccia,5
Rebeckah,5
Reddy,5
Redmon,5
Richel,5
Richerd,5
Rosee,5
Rosellen,5
Rosia,5
Rosinna,5
Rossane,5
Rubert,5
Ruchel,5
Ruddell,5
Ruly,5
Sackville,5
Sairah,5
Sandes,5
Sare,5
Sargh,5
Sarie,5
Scholastica,5
Seaton,5
Secilia,5
Sewell,5
Sh,5
Sharah,5
Sharkey,5
Shusana,5
Sibbina,5
Sicelia,5
Sillie,5
Silvey,5
Sis,5
Smart,5
Son,5
Sopha,5
Sousan,5
Statio,5
Staunton,5
Stawell,5
Stenston,5
Stephn,5
Strachan,5
Stwart,5
Susey,5
Swayne,5
Tadey,5
Tedford,5
Tellie,5
Thaddy,5
Theadocia,5
Thereasa,5
Thody,5
Timethy,5
Timn,5
Twohig,5
Ursilla,5
Vallentine,5
Vickers,5
Wasson,5
Welhelmina,5
Whaley,5
Whilamina,5