RANK,NAME
1,JOHN
2,PETER
3,WILLIAM
4,BRIAN
5,DAVID
6,JAMES
7,MICHAEL
8,RONALD
9,KENNETH
10,GEORGE
11,ROBERT
12,THOMAS
13,ALAN
14,DEREK
15,RAYMOND
16,ANTHONY
17,ROY
18,DONALD
19,DENNIS
20,EDWARD
21,GORDON
22,TERENCE
23,JOSEPH
24,FREDERICK
25,ARTHUR
26,COLIN
27,ERIC
28,RICHARD
29,CHARLES
30,NORMAN
31,LESLIE
32,PATRICK
33,GEOFFREY
34,FRANK
35,ALBERT
36,KEITH
37,LEONARD
38,BERNARD
39,STANLEY
40,GERALD
41,REGINALD
42,FRANCIS
43,MAURICE
44,DOUGLAS
45,HENRY
46,MALCOLM
47,ERNEST
48,HAROLD
49,ALFRED
50,GRAHAM
51,HARRY
52,JACK
53,BARRY
54,WALTER
55,IAN
56,PHILIP
57,CHRISTOPHER
58,BRYAN
59,TREVOR
60,CLIFFORD
61,CYRIL
62,VICTOR
63,PAUL
64,DENIS
65,ALLAN
66,ALEXANDER
67,ROGER
68,MOHAMMED
69,SIDNEY
70,CLIVE
71,DANIEL
72,LAWRENCE
73,HERBERT
74,EDWIN
75,SAMUEL
76,RALPH
77,DERRICK
78,ABDUL
79,ANDREW
80,MARTIN
81,HUGH
82,ROBIN
83,NEVILLE
84,STEPHEN
85,VINCENT
86,JEFFREY
87,IVOR
88,DESMOND
89,WILFRED
90,SYDNEY
91,IVAN
92,BARRIE
93,ROYSTON
94,CECIL
95,NEIL
96,NOEL
97,FRED
98,ARNOLD
99,RODNEY
100,ALEC
