RANK,NAME
1,JOHN
2,DAVID
3,MICHAEL
4,PETER
5,ROBERT
6,ANTHONY
7,BRIAN
8,ALAN
9,WILLIAM
10,JAMES
11,RICHARD
12,KENNETH
13,ROGER
14,KEITH
15,COLIN
16,CHRISTOPHER
17,RAYMOND
18,TERENCE
19,THOMAS
20,BARRY
21,GEORGE
22,GRAHAM
23,IAN
24,MALCOLM
25,GEOFFREY
26,RONALD
27,DEREK
28,PAUL
29,EDWARD
30,ROY
31,PATRICK
32,PHILIP
33,TREVOR
34,DENNIS
35,LESLIE
36,JOSEPH
37,BERNARD
38,CHARLES
39,ERIC
40,STEPHEN
41,MARTIN
42,FREDERICK
43,NORMAN
44,GORDON
45,ANDREW
46,FRANK
47,ARTHUR
48,RODNEY
49,GERALD
50,CLIVE
51,JEFFREY
52,DOUGLAS
53,DONALD
54,FRANCIS
55,STUART
56,VICTOR
57,ROBIN
58,ALLAN
59,LEONARD
60,STANLEY
61,ALBERT
62,MAURICE
63,HENRY
64,HOWARD
65,HARRY
66,ALEXANDER
67,KEVIN
68,CLIFFORD
69,NIGEL
70,BARRIE
71,REGINALD
72,ERNEST
73,ALFRED
74,ADRIAN
75,HAROLD
76,NICHOLAS
77,TIMOTHY
78,MELVYN
79,BRYAN
80,NEIL
81,JACK
82,DANIEL
83,LAWRENCE
84,HUGH
85,DENIS
86,WALTER
87,MOHAMMED
88,TERRY
89,EDWIN
90,RALPH
91,IVAN
92,BRUCE
93,PHILLIP
94,VINCENT
95,GARY
96,TONY
97,SAMUEL
98,CYRIL
99,SIDNEY
100,ROYSTON
