RANK,NAME
1,DAVID
2,JOHN
3,STEPHEN
4,MICHAEL
5,PETER
6,ROBERT
7,PAUL
8,ALAN
9,CHRISTOPHER
10,RICHARD
11,ANTHONY
12,ANDREW
13,IAN
14,JAMES
15,WILLIAM
16,PHILIP
17,BRIAN
18,KEITH
19,GRAHAM
20,KEVIN
21,MARTIN
22,COLIN
23,STEVEN
24,THOMAS
25,KENNETH
26,RAYMOND
27,NIGEL
28,GEOFFREY
29,TERENCE
30,TREVOR
31,MALCOLM
32,MARK
33,BARRY
34,GARY
35,GEORGE
36,NICHOLAS
37,DEREK
38,CHARLES
39,PATRICK
40,TIMOTHY
41,ROGER
42,LESLIE
43,RONALD
44,CLIVE
45,EDWARD
46,NEIL
47,JOSEPH
48,JEFFREY
49,STUART
50,ROY
51,GORDON
52,JONATHAN
53,SIMON
54,ADRIAN
55,DENNIS
56,MOHAMMED
57,PHILLIP
58,ALLAN
59,ROBIN
60,GERALD
61,FRANCIS
62,ERIC
63,BERNARD
64,DONALD
65,FRANK
66,NORMAN
67,FREDERICK
68,HOWARD
69,DOUGLAS
70,JEREMY
71,ALEXANDER
72,ARTHUR
73,DANIEL
74,ABDUL
75,MARTYN
76,LEONARD
77,LAWRENCE
78,GERARD
79,TONY
80,BRYAN
81,CLIFFORD
82,GARRY
83,HENRY
84,MOHAMMAD
85,GARETH
86,STANLEY
87,VINCENT
88,VICTOR
89,HUGH
90,MOHAMED
91,STEWART
92,TERRY
93,ALBERT
94,GREGORY
95,MAURICE
96,JULIAN
97,DENIS
98,GLENN
99,ANTONY
100,HARRY
