RANK,NAME
1,PAUL
2,MARK
3,DAVID
4,ANDREW
5,RICHARD
6,CHRISTOPHER
7,JAMES
8,SIMON
9,MICHAEL
10,MATTHEW
11,STEPHEN
12,LEE
13,JOHN
14,ROBERT
15,DARREN
16,DANIEL
17,STEVEN
18,JASON
19,NICHOLAS
20,JONATHAN
21,IAN
22,NEIL
23,PETER
24,STUART
25,ANTHONY
26,MARTIN
27,KEVIN
28,CRAIG
29,PHILIP
30,GARY
31,SCOTT
32,WAYNE
33,TIMOTHY
34,BENJAMIN
35,ADAM
36,ALAN
37,DEAN
38,ADRIAN
39,CARL
40,THOMAS
41,WILLIAM
42,GRAHAM
43,ALEXANDER
44,COLIN
45,JAMIE
46,GARETH
47,JUSTIN
48,BARRY
49,CHRISTIAN
50,KARL
51,BRIAN
52,EDWARD
53,KEITH
54,MARC
55,NIGEL
56,SEAN
57,SHAUN
58,NATHAN
59,JOSEPH
60,RUSSELL
61,MOHAMMED
62,JEREMY
63,PHILLIP
64,DAMIAN
65,SHANE
66,DUNCAN
67,PATRICK
68,JULIAN
69,DOMINIC
70,CHARLES
71,MARCUS
72,GAVIN
73,TONY
74,ANTONY
75,ROBIN
76,TREVOR
77,GLEN
78,IAIN
79,RYAN
80,MARTYN
81,GREGORY
82,SAMUEL
83,GEORGE
84,OLIVER
85,RAYMOND
86,ABDUL
87,MATHEW
88,STEWART
89,MALCOLM
90,GARRY
91,LEON
92,BRETT
93,TERRY
94,KENNETH
95,LUKE
96,ROGER
97,GLENN
98,LEIGH
99,TERENCE
100,DEREK
