RANK,NAME
1,CHRISTOPHER
2,JAMES
3,DAVID
4,DANIEL
5,MICHAEL
6,MATTHEW
7,ANDREW
8,RICHARD
9,PAUL
10,MARK
11,THOMAS
12,ADAM
13,ROBERT
14,JOHN
15,LEE
16,BENJAMIN
17,STEVEN
18,JONATHAN
19,CRAIG
20,STEPHEN
21,SIMON
22,NICHOLAS
23,PETER
24,ANTHONY
25,ALEXANDER
26,GARY
27,IAN
28,RYAN
29,LUKE
30,JAMIE
31,STUART
32,PHILIP
33,DARREN
34,WILLIAM
35,GARETH
36,MARTIN
37,KEVIN
38,SCOTT
39,DEAN
40,JOSEPH
41,JASON
42,NEIL
43,SAMUEL
44,CARL
45,BEN
46,SEAN
47,TIMOTHY
48,OLIVER
49,ASHLEY
50,WAYNE
51,EDWARD
52,SHAUN
53,AARON
54,MOHAMMED
55,GAVIN
56,LIAM
57,NATHAN
58,ALAN
59,GRAHAM
60,ROSS
61,KARL
62,MARC
63,ADRIAN
64,PHILLIP
65,PATRICK
66,LEWIS
67,COLIN
68,RUSSELL
69,CHARLES
70,SHANE
71,GEORGE
72,SAM
73,MATHEW
74,JACK
75,RICKY
76,DALE
77,TONY
78,JOSHUA
79,ALEX
80,DOMINIC
81,BARRY
82,LEON
83,MOHAMMAD
84,TERRY
85,GREGORY
86,DANNY
87,BRIAN
88,KEITH
89,ANTONY
90,KIERAN
91,JUSTIN
92,BRADLEY
93,JORDAN
94,MARTYN
95,LEIGH
96,ABDUL
97,DAMIEN
98,STEWART
99,ROBIN
100,IAIN
