RANK,NAME
1,THOMAS
2,JAMES
3,JACK
4,DANIEL
5,MATTHEW
6,RYAN
7,JOSHUA
8,LUKE
9,SAMUEL
10,JORDAN
11,ADAM
12,MICHAEL
13,ALEXANDER
14,CHRISTOPHER
15,BENJAMIN
16,JOSEPH
17,LIAM
18,JAKE
19,WILLIAM
20,ANDREW
21,GEORGE
22,LEWIS
23,OLIVER
24,DAVID
25,ROBERT
26,JAMIE
27,NATHAN
28,CONNOR
29,JONATHAN
30,HARRY
31,CALLUM
32,AARON
33,ASHLEY
34,BRADLEY
35,JACOB
36,KIERAN
37,SCOTT
38,SAM
39,JOHN
40,BEN
41,MOHAMMED
42,NICHOLAS
43,KYLE
44,CHARLES
45,MARK
46,SEAN
47,EDWARD
48,STEPHEN
49,RICHARD
50,ALEX
51,PETER
52,DOMINIC
53,JOE
54,REECE
55,LEE
56,RHYS
57,STEVEN
58,ANTHONY
59,CHARLIE
60,PAUL
61,CRAIG
62,JASON
63,DALE
64,ROSS
65,CAMERON
66,LOUIS
67,DEAN
68,CONOR
69,SHANE
70,ELLIOT
71,PATRICK
72,MAX
73,SHAUN
74,HENRY
75,SIMON
76,TIMOTHY
77,MITCHELL
78,BILLY
79,PHILIP
80,JOEL
81,JOSH
82,MARCUS
83,DYLAN
84,CARL
85,ELLIOTT
86,BRANDON
87,MARTIN
88,TOBY
89,STUART
90,GARETH
91,DANNY
92,CHRISTIAN
93,TOM
94,DECLAN
95,KARL
96,MOHAMMAD
97,MATHEW
98,JAY
99,OWEN
100,DARREN
