Rank,Name,Count
1,JACK,10779
2,DANIEL,10338
3,THOMAS,9603
4,JAMES,9385
5,JOSHUA,7887
6,MATTHEW,7426
7,RYAN,6496
8,JOSEPH,6193
9,SAMUEL,6161
10,LIAM,5802
11,JORDAN,5750
12,LUKE,5664
13,CONNOR,5009
14,ALEXANDER,4840
15,BENJAMIN,4805
16,ADAM,4538
17,HARRY,4434
18,JAKE,4331
19,GEORGE,4287
20,CALLUM,4281
21,WILLIAM,4269
22,MICHAEL,4187
23,OLIVER,3655
24,LEWIS,3569
25,CHRISTOPHER,3483
26,KIERAN,2882
27,NATHAN,2744
28,JAMIE,2688
29,ANDREW,2676
30,ROBERT,2644
31,BRADLEY,2557
32,DAVID,2517
33,AARON,2511
34,BEN,2332
35,JACOB,2249
36,MOHAMMED,2112
37,KYLE,2046
38,CHARLIE,1912
39,JONATHAN,1881
40,ASHLEY,1874
41,REECE,1811
42,CAMERON,1791
43,ALEX,1762
44,CHARLES,1738
45,EDWARD,1658
46,JOHN,1649
47,SAM,1638
48,SCOTT,1632
49,SEAN,1594
50,JOE,1567
51,DOMINIC,1519
52,NICHOLAS,1385
53,BRANDON,1337
54,RHYS,1259
55,MARK,1222
56,MAX,1192
57,DYLAN,1186
58,HENRY,1135
59,PETER,1128
60,STEPHEN,1122
61,LOUIS,1100
62,RICHARD,1089
63,CONOR,1081
64,LEE,1053
65,ANTHONY,1045
66,PATRICK,1039
67,TYLER,1007
68,ROSS,1004
69,JASON,1001
70,ELLIOT,919
71,BILLY,914
72,PAUL,898
73,STEVEN,877
74,SHANE,846
75,JOEL,793
76,SHAUN,773
77,TOBY,761
78,CURTIS,757
79,MITCHELL,725
80,DEAN,719
81,CRAIG,705
82,TIMOTHY,691
83,AIDAN,680
83,DECLAN,680
85,MARCUS,674
86,HARRISON,663
87,SIMON,656
88,ELLIOTT,645
89,JAY,639
90,CHRISTIAN,627
91,CALUM,614
92,ETHAN,604
93,RORY,601
94,JOSH,595
95,MACAULEY,577
96,ZACHARY,574
97,MOHAMMAD,567
98,DANNY,565
99,KANE,545
100,OWEN,536
101,COREY,527
102,TOM,493
103,PHILIP,481
104,ISAAC,480
105,LEON,474
106,NIALL,462
107,ELLIS,443
108,MUHAMMAD,441
109,MARTIN,435
110,KARL,413
111,STUART,405
111,ZAK,405
113,HARVEY,401
114,SEBASTIAN,395
115,MATHEW,393
116,CARL,387
117,DALE,373
117,GARETH,373
119,ALFIE,372
120,FREDERICK,362
121,AIDEN,354
121,TAYLOR,354
123,DARREN,343
124,HAYDEN,340
125,GREGORY,339
125,NATHANIEL,339
127,MASON,320
128,GRANT,307
128,OSCAR,307
130,ROBBIE,302
131,LLOYD,299
132,TOBIAS,296
133,ALISTAIR,294
133,MORGAN,294
135,KIERON,281
136,CIARAN,278
136,FRASER,278
138,ARRON,253
138,IAN,253
140,CORY,252
141,KEVIN,250
141,TRISTAN,250
143,MACAULAY,248
144,ANGUS,247
144,TOMMY,247
146,RICKY,242
147,GARY,235
148,SYED,234
149,JORDON,231
150,OMAR,230
151,CONNER,229
152,LAWRENCE,226
153,KEIRAN,224
154,MILES,223
155,STEFAN,222
156,HAMZA,220
157,ALI,218
158,ANTONY,217
159,BRETT,214
159,KURTIS,214
161,KAI,212
162,MOHAMED,210
163,ALAN,209
164,AHMED,206
165,LEVI,205
165,TRAVIS,205
167,TONY,204
168,GUY,203
169,KRISTIAN,202
169,LAURENCE,202
169,LUCAS,202
169,MARC,202
173,ABDUL,201
174,BRENDAN,192
175,JONATHON,190
176,GABRIEL,189
177,HARLEY,186
178,HASSAN,185
178,WESLEY,185
180,PHILLIP,184
181,JUSTIN,182
181,TROY,182
183,CALEB,177
183,MYLES,177
185,BENEDICT,176
185,GAVIN,176
187,DILLON,174
188,FRANCIS,172
188,ROWAN,172
188,ZACK,172
191,TOMAS,170
192,ARCHIE,169
192,EVAN,169
194,ANDRE,167
195,ALASTAIR,166
196,MUHAMMED,165
197,BRAD,164
198,JESSE,161
198,ROBIN,161
200,MAXWELL,160
200,REUBEN,160
202,TODD,159
203,JARED,158
204,ADRIAN,155
204,DREW,155
204,MAXIMILIAN,155
207,BLAKE,154
208,ARRAN,153
209,THEODORE,152
210,FELIX,149
210,LEO,149
212,IEUAN,148
212,KIEREN,148
214,CALVIN,147
215,HAYDN,145
216,BILAL,144
216,HUGO,144
218,ALFRED,142
218,DOUGLAS,142
220,DUNCAN,139
220,HUGH,139
220,JAMAL,139
220,PERRY,139
224,JED,138
225,NOAH,137
226,DAMON,136
226,REGAN,136
226,UMAR,136
226,WARREN,136
230,HAMISH,135
230,JEROME,135
232,NEIL,132
233,CASEY,131
234,ARTHUR,129
234,IBRAHIM,129
236,KURT,128
237,SONNY,127
238,BOBBY,126
239,JON,124
239,SPENCER,124
241,HASAN,123
241,ZAIN,123
243,FERGUS,120
243,THEO,120
245,TYRONE,117
245,VINCENT,117
247,COURTNEY,116
248,CHAD,115
248,FRANKIE,115
250,JUNAID,114
251,BARNABY,113
251,BRIAN,113
251,EMMANUEL,113
251,KALLUM,113
255,EWAN,112
255,LOUIE,112
257,DARYL,111
257,LOGAN,111
257,RUSSELL,111
257,TOMOS,111
261,ALBERT,110
261,FINN,110
263,ALEC,109
263,BAILEY,109
265,JEREMY,108
265,STANLEY,108
267,JOHNATHAN,107
268,USMAN,106
269,HAMZAH,105
269,RONAN,105
271,ZACH,104
272,AMIR,103
272,EUAN,103
274,JAK,102
274,JULIAN,102
276,IMRAN,101
276,ZAC,101
278,GLENN,100
279,FRAZER,99
280,ERIC,98
281,DION,96
281,GLEN,96
283,CHARLEY,95
284,JASPER,94
285,JOSEF,93
286,OWAIN,91
286,YUSUF,91
288,DAMIEN,90
288,MARTYN,90
290,FREDDIE,89
291,ADIL,88
292,ARON,86
292,FRANK,86
294,ABDULLAH,85
294,KYRAN,85
296,BRYN,84
296,DAFYDD,84
296,ROBSON,84
296,WAYNE,84
300,CAIN,83
300,DAMIAN,83
300,LUCA,83
303,ANTONIO,81
303,STEFFAN,81
305,DANE,80
305,JIMMY,80
305,MILO,80
305,SION,80
305,SOHAIL,80
310,KAINE,79
310,TERRY,79
312,ELIJAH,78
312,FINLAY,78
312,JONAH,78
312,KEELAN,78
312,KEIRON,78
312,MAXIMILLIAN,78
312,RAYMOND,78
319,ANTON,76
319,COLIN,76
319,IAIN,76
319,KAMRAN,76
319,MARCO,76
319,SHAQUILLE,76
325,ISMAIL,75
325,JAYDEN,75
327,ASHTON,74
327,MUSTAFA,74
329,ELIOT,73
329,QASIM,73
329,REISS,73
332,ARJUN,72
332,ARUN,72
332,HUW,72
335,ALASDAIR,71
335,DARRYL,71
335,LUIS,71
335,PIERS,71
335,RUPERT,71
335,SAUL,71
341,CALLAM,70
341,GRAHAM,70
341,JAKOB,70
341,ROHAN,70
345,ALED,69
345,DEVON,69
345,KENNETH,69
345,NICOLAS,69
345,ZACHARIAH,69
350,FAISAL,68
351,SIMEON,67
352,KRISTOPHER,66
352,RONNIE,66
354,AMAR,65
354,AUSTIN,65
354,CIAN,65
354,GREG,65
358,ANDREAS,64
358,EDMUND,64
358,JACKSON,64
358,STEWART,64
362,KEIR,63
362,KELVIN,63
364,ASIM,62
365,FABIAN,61
365,HAROON,61
365,KARAN,61
365,PIERCE,61
369,AQIB,60
369,JAC,60
369,JAI,60
369,LEIGHTON,60
369,SOLOMON,60
374,DARIUS,59
374,GEORGIE,59
376,KYE,58
376,TERENCE,58
376,XAVIER,58
379,AAMIR,57
379,ADNAN,57
379,AHMAD,57
379,AKASH,57
379,CONNAH,57
379,KEITH,57
379,KISHAN,57
379,MONTEL,57
379,RHODRI,57
379,SAIF,57
389,BRENDON,56
390,CLAYTON,55
390,DEWI,55
390,KEENAN,55
390,TYRELL,55
394,DENNIS,54
394,HAROLD,54
394,MATT,54
394,MCCAULEY,54
394,MITCHEL,54
399,HUMZA,53
399,JACQUES,53
399,ROY,53
402,ASHLEIGH,52
402,RAHUL,52
402,RAJA,52
402,SHELDON,52
406,AKSHAY,51
406,ASTON,51
406,CAINE,51
406,DEXTER,51
406,HAIDER,51
406,NATHANAEL,51
406,SHAWN,51
406,VICTOR,51
414,AJAY,50
414,ARAN,50
414,AWAIS,50
414,MARLEY,50
414,SAMIR,50
419,BENN,49
419,CALLAN,49
419,NICO,49
419,RUBEN,49
423,EDWIN,48
423,KHALID,48
423,LEIGH,48
423,WILL,48
427,COLE,47
427,EDEN,47
427,GILES,47
427,HOWARD,47
427,RALPH,47
427,RAPHAEL,47
427,SIDNEY,47
427,VISHAL,47
435,BRODIE,46
435,BYRON,46
435,CAI,46
435,ELIAS,46
435,GERAINT,46
435,KEEGAN,46
441,BARRY,45
441,MACKENZIE,45
441,SETH,45
441,WAQAR,45
445,DANYAL,44
445,IVAN,44
445,LUC,44
445,MALIK,44
445,NIKHIL,44
450,AINSLEY,43
450,ASAD,43
450,LAURIE,43
450,RAJAN,43
454,HARRIS,42
454,KIRAN,42
454,MICAH,42
454,SHAH,42
458,BEAU,41
458,JOSS,41
458,KEATON,41
458,RAHEEM,41
458,RAVI,41
458,WAQAS,41
464,ABRAHAM,40
464,CARLTON,40
464,CARWYN,40
464,CODY,40
464,DEREK,40
464,IWAN,40
464,JERMAINE,40
464,SALMAN,40
472,BRUCE,39
472,BRYAN,39
472,CHAY,39
472,CONRAD,39
472,KASIM,39
472,LEONARD,39
472,MALCOLM,39
472,MOHSIN,39
472,RICARDO,39
481,ADEEL,38
481,AMAN,38
481,GERARD,38
481,GETHIN,38
481,JARRAD,38
481,MURRAY,38
481,ROBERTO,38
481,SAQIB,38
489,ABBAS,37
489,ALESSANDRO,37
489,ALLAN,37
489,ASHER,37
489,AYRTON,37
489,BARNEY,37
489,CARLOS,37
489,CHANDLER,37
489,FARHAN,37
489,JARVIS,37
489,KASHIF,37
489,LYNDON,37
489,MALACHI,37
489,NADEEM,37
489,SHAY,37
489,ZEESHAN,37
505,ASA,36
505,KEANU,36
505,KRISHAN,36
505,LORENZO,36
505,MAXIM,36
505,SACHIN,36
505,SAMI,36
505,TARIQ,36
513,BLAINE,35
513,JOHNATHON,35
513,LANCE,35
513,LUKAS,35
513,NABEEL,35
513,UZAIR,35
513,ZACKARY,35
520,BROGAN,34
520,EDDIE,34
520,OSMAN,34
520,RISHI,34
520,SAMUAL,34
520,WADE,34
526,CORMAC,33
526,HUSSAIN,33
526,KAMAL,33
526,KENNY,33
526,LEWYS,33
526,MEHMET,33
526,RUAIRI,33
526,STEPHAN,33
526,SURAJ,33
535,AMANDEEP,32
535,ANDY,32
535,BRADEN,32
535,BRADY,32
535,DALTON,32
535,DANIAL,32
535,ELIS,32
535,EOIN,32
535,GAGE,32
535,IDRIS,32
535,JOHNNY,32
535,KALUM,32
535,MILAN,32
535,RILEY,32
535,ROSHAN,32
535,WASIM,32
535,ZAKARIA,32
552,ELI,31
552,HARRI,31
552,JEFFREY,31
552,JORGE,31
552,KAYNE,31
552,KIAN,31
552,LESLIE,31
552,MONTELL,31
552,NIGEL,31
552,RUFUS,31
552,TARAN,31
552,ZACHERY,31
564,ALISTER,30
564,ASIF,30
564,DAYLE,30
564,JAMIL,30
564,KARIM,30
564,MOHAMAD,30
564,NOEL,30
564,OMARI,30
564,SEAMUS,30
573,CYRUS,29
573,DARNELL,29
573,DARRELL,29
573,DEVANTE,29
573,DILLAN,29
573,DWAYNE,29
573,GARRY,29
573,HASEEB,29
573,HECTOR,29
573,IZAAK,29
573,KIRK,29
573,MIKEY,29
573,MOSES,29
573,SAMMY,29
573,SANJAY,29
588,AADAM,28
588,AADIL,28
588,ANISH,28
588,DILAN,28
588,FABIO,28
588,HAYDON,28
588,HYWEL,28
588,JARRED,28
588,JOSIAH,28
588,KAREEM,28
588,LAMAR,28
588,MANRAJ,28
588,SAMEER,28
588,SAMSON,28
588,STEVE,28
588,TIM,28
588,UMAIR,28
605,ABU,27
605,AKEEM,27
605,AYDEN,27
605,CIERAN,27
605,GIANLUCA,27
605,HASHIM,27
605,HASNAIN,27
605,JEREMIAH,27
605,KINGSLEY,27
605,MOHAMMOD,27
605,NANA,27
605,NICKY,27
605,OSIAN,27
605,ROMAN,27
605,YASIN,27
620,ALEXANDRE,26
620,BRYCE,26
620,CLARK,26
620,DAN,26
620,FRED,26
620,GEOFFREY,26
620,HARIS,26
620,IBRAHEEM,26
620,MACAULY,26
620,MARLON,26
620,SIMRAN,26
620,SUNIL,26
620,VINAY,26
633,AMAAN,25
633,ASHLEE,25
633,ASHRAF,25
633,CAMPBELL,25
633,EMILIO,25
633,EZRA,25
633,FAHAD,25
633,FREDDY,25
633,GIDEON,25
633,JARROD,25
633,JORDEN,25
633,JORDI,25
633,KALEM,25
633,KHALIL,25
633,KIT,25
633,RAJ,25
633,RIAN,25
633,RICHIE,25
633,RIZWAN,25
633,SANDEEP,25
633,WASEEM,25
654,CHE,24
654,CHESTER,24
654,DARRAGH,24
654,DERRY,24
654,DONOVAN,24
654,EAMON,24
654,FAHIM,24
654,FRANCESCO,24
654,JEAN-LUC,24
654,JEEVAN,24
654,JERRY,24
654,JUDE,24
654,KAIN,24
654,KAYLUM,24
654,KYRON,24
654,MATTEO,24
654,NASEEM,24
654,NEAL,24
654,NIKOLAS,24
654,NYLE,24
654,OTIS,24
654,REMI,24
654,RIKKI,24
654,SHYAM,24
654,USAMA,24
654,ZOHAIB,24
680,ABUL,23
680,ADEN,23
680,BERNARD,23
680,DARIEN,23
680,DONALD,23
680,FAIZAN,23
680,GERALD,23
680,HAKEEM,23
680,HUSSEIN,23
680,IESTYN,23
680,JIM,23
680,JOSE,23
680,KAMERON,23
680,KRISTOFER,23
680,LAYTON,23
680,LYLE,23
680,MICHEAL,23
680,MIGUEL,23
680,RICCARDO,23
680,RUARI,23
680,SHAKEEL,23
680,TARIK,23
680,YAHYA,23
680,ZANE,23
704,ALIX,22
704,ARIF,22
704,BRANDAN,22
704,CHAIM,22
704,FINLEY,22
704,GREGOR,22
704,HAL,22
704,HENRI,22
704,IRFAN,22
704,ISAIAH,22
704,JEDD,22
704,JOEY,22
704,JUNIOR,22
704,KUNAL,22
704,MARSHALL,22
704,NAEEM,22
704,NILE,22
704,RHYDIAN,22
704,ROGER,22
704,SAYED,22
704,SHAAN,22
704,SHEIKH,22
704,TALHA,22
704,TYRON,22
728,AARAN,21
728,AMIT,21
728,COLM,21
728,CORRIE,21
728,DYLON,21
728,HUSEYIN,21
728,ISHMAEL,21
728,JAN,21
728,JAVAN,21
728,JONAS,21
728,JUAN,21
728,KADE,21
728,KALVIN,21
728,KAYLEM,21
728,PIERRE,21
728,REES,21
728,RONALD,21
728,SALIM,21
728,SUHAIL,21
728,SULEMAN,21
728,TATE,21
728,TAYLER,21
728,TRE,21
728,TREVOR,21
728,USAMAH,21
728,USMAAN,21
728,ZUBAIR,21
755,AARRON,20
755,AMEER,20
755,AMMAR,20
755,ATIF,20
755,AZEEM,20
755,BRENNAN,20
755,CARTER,20
755,CONNA,20
755,DENIS,20
755,ERIK,20
755,FARHAAN,20
755,FINNIAN,20
755,FLYNN,20
755,FRANKLIN,20
755,GRAEME,20
755,JADEN,20
755,KAAN,20
755,KRIS,20
755,KWAME,20
755,MARIO,20
755,PRINCE,20
755,ROHIT,20
755,SAAD,20
755,SHEA,20
755,SUNNY,20
755,TEDDY,20
755,VIVEK,20
755,YASEEN,20
755,ZAKIR,20
784,ADEM,19
784,AKAASH,19
784,ALEXIS,19
784,AMIN,19
784,ARJAN,19
784,AUGUSTUS,19
784,AUSTEN,19
784,BRANDEN,19
784,CARLO,19
784,CLINTON,19
784,CORI,19
784,EREN,19
784,EUGENE,19
784,FINTAN,19
784,GIOVANNI,19
784,HUMZAH,19
784,JAMIE-LEE,19
784,JAYSON,19
784,JOVAN,19
784,KASEY,19
784,KELSEY,19
784,KONNOR,19
784,MAHDI,19
784,OLUWATOBI,19
784,PAVAN,19
784,PEARCE,19
784,SAHIL,19
784,SAMAD,19
784,SILAS,19
784,TED,19
784,TY,19
784,VIJAY,19
784,YEHUDA,19
784,ZESHAN,19
818,ABDULLAHI,18
818,AHMET,18
818,ALEXANDROS,18
818,ANAND,18
818,ANIL,18
818,ARNOLD,18
818,CEM,18
818,CLAUDE,18
818,CONNAR,18
818,DARIO,18
818,DENZEL,18
818,EMILE,18
818,FARIS,18
818,GURPREET,18
818,HAARIS,18
818,IKRAM,18
818,JAMAAL,18
818,JOHN-PAUL,18
818,KABIR,18
818,KADEEM,18
818,MANDEEP,18
818,MAURICE,18
818,MCAULEY,18
818,NABIL,18
818,OMER,18
818,ORLANDO,18
818,RAHIM,18
818,RIKESH,18
818,ROLAND,18
818,SHAYNE,18
818,TEVIN,18
818,TRYSTAN,18
818,WARWICK,18
818,ZAHID,18
818,ZAID,18
853,AHSAN,17
853,ALBIE,17
853,ARCHIBALD,17
853,ARMAN,17
853,AYDIN,17
853,BRADLEIGH,17
853,CHASE,17
853,CHRIS,17
853,CHRISTY,17
853,COLBY,17
853,CONAL,17
853,DANYAAL,17
853,DARCY,17
853,DARREL,17
853,DOMINICK,17
853,DUANE,17
853,EBRAHIM,17
853,FLETCHER,17
853,FREDERIC,17
853,GIORGIO,17
853,GORDON,17
853,HALLAM,17
853,HARDEEP,17
853,IBRAR,17
853,JACQUE,17
853,JAIME,17
853,JASKARAN,17
853,JOHAN,17
853,JORDAN-LEE,17
853,KEALAN,17
853,LEROY,17
853,LORCAN,17
853,MAHAD,17
853,MARVIN,17
853,NELSON,17
853,OAKLEY,17
853,RAVINDER,17
853,SAEED,17
853,SHAHID,17
853,SOHAIB,17
853,SUFYAN,17
853,TAHMID,17
853,TAYYAB,17
853,ZACHARIAS,17
853,ZACKERY,17
898,AKBAR,16
898,ANEURIN,16
898,AQEEL,16
898,AXEL,16
898,BALRAJ,16
898,BAYLEY,16
898,BILAAL,16
898,BRENT,16
898,BRET,16
898,BROOK,16
898,BRUNO,16
898,CAVAN,16
898,CLIVE,16
898,COBY,16
898,CONALL,16
898,DARIAN,16
898,EMERSON,16
898,GIUSEPPE,16
898,IOAN,16
898,ISSAC,16
898,JAE,16
898,JAGO,16
898,JASPAL,16
898,KESTER,16
898,LEYTON,16
898,LUCIEN,16
898,MENACHEM,16
898,PAOLO,16
898,REGGIE,16
898,REMY,16
898,RICKI,16
898,RICO,16
898,SEBASTIEN,16
898,SHIVAM,16
898,SHOAIB,16
898,TANVIR,16
898,TERRELL,16
898,TORIN,16
898,UMER,16
898,WALEED,16
938,AMARDEEP,15
938,ANAS,15
938,ARSALAN,15
938,BENITO,15
938,BILL,15
938,CAN,15
938,CHARLTON,15
938,CLEMENT,15
938,DENIZ,15
938,DOMINIK,15
938,EMRE,15
938,GIACOMO,15
938,GIANNI,15
938,GLYN,15
938,HARUN,15
938,ISA,15
938,ISRAR,15
938,JETHRO,15
938,JEZ,15
938,KEIREN,15
938,KIERRAN,15
938,KOFI,15
938,KYNAN,15
938,LUCIANO,15
938,LUKA,15
938,RAY,15
938,REAGAN,15
938,SHUAIB,15
938,STEFANO,15
938,STEVIE,15
938,TASHAN,15
938,TOBI,15
938,TREY,15
938,TUDOR,15
938,YOUSEF,15
938,YOUSSEF,15
938,ZAKARIYA,15
938,ZAKI,15
976,AKEEL,14
976,ANTOINE,14
976,ARANDEEP,14
976,ARMAAN,14
976,AYMAN,14
976,BERTRAM,14
976,BILLY-JOE,14
976,BLAIR,14
976,BOBBIE,14
976,CADE,14
976,CAOLAN,14
976,CHI,14
976,CLIFFORD,14
976,CONNAGH,14
976,DEON,14
976,EMIL,14
976,GRADY,14
976,GREGG,14
976,HO,14
976,IFAN,14
976,ILYAS,14
976,JAGDEEP,14
976,JARETH,14
976,JAVIER,14
976,JAWAD,14
976,JAYE,14
976,JESS,14
976,JOBE,14
976,JON-PAUL,14
976,JULIEN,14
976,KALEB,14
976,KALEEM,14
976,KWABENA,14
976,KYLER,14
976,MARCEL,14
976,MAYUR,14
976,MURAT,14
976,MUSA,14
976,NATHANIAL,14
976,NAVEED,14
976,OISIN,14
976,OLUWASEUN,14
976,OSKAR,14
976,OTTO,14
976,PADRAIG,14
976,PARIS,14
976,PEDRO,14
976,RAIHAN,14
976,RAMONE,14
976,RICKIE,14
976,RIVER,14
976,RUAIRIDH,14
976,SANJEEV,14
976,SASHA,14
976,SHABAZ,14
976,SIRAJ,14
976,SUBHAN,14
976,TOLGA,14
976,TOMMIE,14
976,TOMMY-LEE,14
976,TYLA,14
976,WILFRED,14
976,YOUSUF,14
976,ZAYN,14
1040,ABDIRAHMAN,13
1040,ABID,13
1040,ADDISON,13
1040,ADNAAN,13
1040,AJMAL,13
1040,AMINUR,13
1040,AMRIT,13
1040,ARSLAN,13
1040,AZHAR,13
1040,BABATUNDE,13
1040,BEVAN,13
1040,BURAK,13
1040,CHANCE,13
1040,CORIE,13
1040,DANISH,13
1040,EDGAR,13
1040,EDUARDO,13
1040,EZEKIEL,13
1040,FAHEEM,13
1040,FARRELL,13
1040,FERNANDO,13
1040,FIONN,13
1040,FRANCISCO,13
1040,GUS,13
1040,GWILYM,13
1040,HAKAN,13
1040,HAKIM,13
1040,HAMAAD,13
1040,HARPREET,13
1040,HUZAIFAH,13
1040,IHSAN,13
1040,JAMEL,13
1040,JASDEEP,13
1040,JONTY,13
1040,JULIUS,13
1040,KA,13
1040,KAMEN,13
1040,KAYLAN,13
1040,KEANE,13
1040,KEMAL,13
1040,KEVAL,13
1040,KHALED,13
1040,LACHLAN,13
1040,MAHAMED,13
1040,MAHMOUD,13
1040,MONTGOMERY,13
1040,MOSHE,13
1040,NUMAN,13
1040,PRASHANT,13
1040,PRIYESH,13
1040,RAEES,13
1040,RAFE,13
1040,REEGAN,13
1040,REESE,13
1040,REID,13
1040,RODERICK,13
1040,RUDI,13
1040,SHAHBAZ,13
1040,SHIV,13
1040,SYDNEY,13
1040,TAHIR,13
1040,TAREK,13
1040,YOSEF,13
1040,YOUSAF,13
1104,AARONDEEP,12
1104,ABDULRAHMAN,12
1104,ALESSIO,12
1104,ALUN,12
1104,ANEES,12
1104,ANGELO,12
1104,AVINASH,12
1104,BARTHOLOMEW,12
1104,BRODY,12
1104,CALAN,12
1104,CASPAR,12
1104,CERI,12
1104,CHRISTOS,12
1104,CILLIAN,12
1104,COBI,12
1104,CONAH,12
1104,CONAN,12
1104,DAANYAAL,12
1104,DAMION,12
1104,DIMITRI,12
1104,DOMONIC,12
1104,ELIOTT,12
1104,ELISHA,12
1104,EMYR,12
1104,EOGHAN,12
1104,FINBAR,12
1104,GWION,12
1104,HABIB,12
1104,HAIDAR,12
1104,HARSHIL,12
1104,HARVINDER,12
1104,JAWAAD,12
1104,JAYDON,12
1104,JEVON,12
1104,JOAO,12
1104,JORDY,12
1104,KARAM,12
1104,KENAN,12
1104,KIER,12
1104,KOREY,12
1104,KRISTEN,12
1104,MATTHIAS,12
1104,MAXIME,12
1104,MIRAJ,12
1104,MIRZA,12
1104,MOBEEN,12
1104,ONUR,12
1104,PASCAL,12
1104,RAHEEL,12
1104,RAYHAN,12
1104,REGINALD,12
1104,REHAN,12
1104,RUDY,12
1104,SACHA,12
1104,SAJID,12
1104,SHEIK,12
1104,TIARNAN,12
1104,TOMASZ,12
1104,TREMAYNE,12
1104,TYE,12
1104,UWAIS,12
1104,VIRAJ,12
1104,WILLEM,12
1104,YUNUS,12
1168,ABUBAKAR,11
1168,ALVIN,11
1168,AYOMIDE,11
1168,CHARLY,11
1168,CHIRAG,11
1168,CHRISTIE,11
1168,DANIELE,11
1168,DANTE,11
1168,DARAGH,11
1168,DARYLL,11
1168,DEANE,11
1168,DEVAN,11
1168,DILRAJ,11
1168,EARL,11
1168,EDAN,11
1168,ENRICO,11
1168,FILIP,11
1168,FLOYD,11
1168,FOX,11
1168,FREDRICK,11
1168,FYNN,11
1168,GARRETT,11
1168,GAURAV,11
1168,GILBERT,11
1168,HALIL,11
1168,HARRIE,11
1168,HIREN,11
1168,IMAD,11
1168,ISMAEEL,11
1168,JAHANGIR,11
1168,JIMI,11
1168,JOHANNES,11
1168,JOSEFF,11
1168,JOZEF,11
1168,KHURAM,11
1168,KIM,11
1168,KISHEN,11
1168,KRISHNA,11
1168,LINCOLN,11
1168,LINDEN,11
1168,MANISH,11
1168,MARTY,11
1168,MEHDI,11
1168,MEHUL,11
1168,MYRON,11
1168,NASIR,11
1168,NATHEN,11
1168,NICK,11
1168,NICKOLAS,11
1168,NIKESH,11
1168,NYALL,11
1168,PABLO,11
1168,PARMINDER,11
1168,QUENTIN,11
1168,RAMEEZ,11
1168,REED,11
1168,RITCHIE,11
1168,RUARIDH,11
1168,SAFWAN,11
1168,SAKIB,11
1168,SANTINO,11
1168,SHANNON,11
1168,SHAZAD,11
1168,SUFYAAN,11
1168,VINCENZO,11
1168,YASSER,11
1168,ZAHEER,11
1235,ABDI,10
1235,ABRAR,10
1235,ADHAM,10
1235,AEDAN,10
1235,AERON,10
1235,AL,10
1235,ALIM,10
1235,ALLEN,10
1235,AMER,10
1235,AMOS,10
1235,ANWAR,10
1235,ARWEL,10
1235,AYUB,10
1235,BARNABAS,10
1235,BARRIE,10
1235,BILLIE,10
1235,CALE,10
1235,CONNAIRE,10
1235,CONNELL,10
1235,CORIN,10
1235,CULLEN,10
1235,DEV,10
1235,DHIREN,10
1235,DHRUV,10
1235,DOMENICO,10
1235,DYLLAN,10
1235,EAMONN,10
1235,EHSAN,10
1235,GARTH,10
1235,GUTO,10
1235,HADEN,10
1235,HADLEY,10
1235,HAMSA,10
1235,HARVEER,10
1235,IDREES,10
1235,ISMAEL,10
1235,ISRAEL,10
1235,JALAL,10
1235,JASRAJ,10
1235,JAVED,10
1235,JEAN,10
1235,JEFF,10
1235,JESSIE,10
1235,JEVAN,10
1235,JODY,10
1235,KALEN,10
1235,KAVAN,10
1235,KAYLEN,10
1235,KHAN,10
1235,KIEFER,10
1235,KILLIAN,10
1235,KUSHAL,10
1235,LAWSON,10
1235,LEAM,10
1235,LLEWELYN,10
1235,LLYR,10
1235,MAC,10
1235,MACAULLY,10
1235,MAHIR,10
1235,MARCELLO,10
1235,MARTELL,10
1235,MASSIMO,10
1235,MD,10
1235,MELVIN,10
1235,MERLIN,10
1235,MERT,10
1235,MICKEY,10
1235,MIKE,10
1235,MORDECHAI,10
1235,NED,10
1235,NIAL,10
1235,OLIVIER,10
1235,OLUMIDE,10
1235,ORAN,10
1235,OWAIS,10
1235,OZAN,10
1235,PRESTON,10
1235,QUINN,10
1235,RAFAEL,10
1235,ROMARIO,10
1235,SAGAR,10
1235,SHAMAS,10
1235,SHAMUS,10
1235,SHERIDAN,10
1235,SHIRAZ,10
1235,SONNIE,10
1235,SULAIMAN,10
1235,SULAYMAN,10
1235,SULTAN,10
1235,TAI,10
1235,TARANDEEP,10
1235,TARUN,10
1235,TIERNAN,10
1235,TRENT,10
1235,TRISTEN,10
1235,TROI,10
1235,UTHMAN,10
1235,WALID,10
1235,YASIR,10
1235,YISROEL,10
1235,YOUCEF,10
1235,ZAYD,10
1337,AAKASH,9
1337,ABDUR,9
1337,ABEL,9
1337,ADAN,9
1337,AKHIL,9
1337,ALAMIN,9
1337,ALEEM,9
1337,ALEJANDRO,9
1337,ALEKSANDER,9
1337,ALISDAIR,9
1337,ALLISTER,9
1337,ANDREA,9
1337,ANDREI,9
1337,ANKIT,9
1337,ARSLAAN,9
1337,ARUNDEEP,9
1337,ASHWIN,9
1337,BHAVIK,9
1337,BLAISE,9
1337,BRADLEE,9
1337,BRANDON-LEE,9
1337,CAELAN,9
1337,CALAM,9
1337,CALEM,9
1337,CAMRON,9
1337,CASSIUS,9
1337,CHUN,9
1337,CLINT,9
1337,COLTON,9
1337,CONNEL,9
1337,CY,9
1337,DANIAAL,9
1337,DANIYAL,9
1337,DIPESH,9
1337,EMANUEL,9
1337,ERNEST,9
1337,EWEN,9
1337,FABIEN,9
1337,FAIZ,9
1337,FARHAD,9
1337,FINDLAY,9
1337,GARIN,9
1337,GHULAM,9
1337,GINO,9
1337,GUILLAUME,9
1337,HAIDEN,9
1337,HAMID,9
1337,HARI,9
1337,HASIB,9
1337,HISHAM,9
1337,HUSNAIN,9
1337,HUSSNAIN,9
1337,IZAAC,9
1337,JAHMAL,9
1337,JAIMIN,9
1337,JAYCE,9
1337,JAYKE,9
1337,JAZZ,9
1337,JEM,9
1337,JOSHUAH,9
1337,JUDD,9
1337,JULES,9
1337,JUNED,9
1337,KAMRUL,9
1337,KAPIL,9
1337,KELAN,9
1337,KERIM,9
1337,KUSH,9
1337,LINUS,9
1337,LUIGI,9
1337,LUQMAN,9
1337,MACORLEY,9
1337,MAGNUS,9
1337,MAHMOOD,9
1337,MAHOMED,9
1337,MALEK,9
1337,MARKO,9
1337,MARKUS,9
1337,MARTI,9
1337,MATHIAS,9
1337,MCKENZIE,9
1337,MIR,9
1337,MOHMED,9
1337,NADIM,9
1337,NADIR,9
1337,NAHID,9
1337,NASSIM,9
1337,NAZMUL,9
1337,NOOR,9
1337,NORMAN,9
1337,OSAMA,9
1337,PAVANDEEP,9
1337,RAJESH,9
1337,RAMANDEEP,9
1337,RAZA,9
1337,REACE,9
1337,RIDHWAN,9
1337,RIO,9
1337,ROGAN,9
1337,ROHIN,9
1337,SAAGAR,9
1337,SABIR,9
1337,SAFWAAN,9
1337,SAID,9
1337,SALEEM,9
1337,SAMRAJ,9
1337,SATNAM,9
1337,SAXON,9
1337,SEYED,9
1337,SHANIL,9
1337,SHILOH,9
1337,SHLOMO,9
1337,SUKHRAJ,9
1337,SUNDEEP,9
1337,TAHA,9
1337,VOLKAN,9
1337,WAI,9
1337,WALTER,9
1337,YASAR,9
1337,YUSEF,9
1337,ZAKARY,9
1458,ADEL,8
1458,ALWYN,8
1458,AMBROSE,8
1458,AMRIK,8
1458,ANEIL,8
1458,AQEEB,8
1458,ARMANI,8
1458,ARNIE,8
1458,ARSHAD,8
1458,AYODEJI,8
1458,BENJAMEN,8
1458,BHAVIN,8
1458,BRADD,8
1458,BRANNON,8
1458,BRENDEN,8
1458,CHAS,8
1458,CONNALL,8
1458,CORBIN,8
1458,DARSHAN,8
1458,DAVEY,8
1458,DENE,8
1458,DEVONTE,8
1458,DORIAN,8
1458,DRE,8
1458,DUDLEY,8
1458,EBEN,8
1458,ELIEZER,8
1458,EMLYN,8
1458,EROL,8
1458,FERDINAND,8
1458,FIRAT,8
1458,FRAZIER,8
1458,FUAD,8
1458,GAGANDEEP,8
1458,GLYNN,8
1458,GRIFFIN,8
1458,GURDEEP,8
1458,GURJIT,8
1458,HADYN,8
1458,HAFEEZ,8
1458,HAMAD,8
1458,HAMED,8
1458,HAMSE,8
1458,HARJINDER,8
1458,HARMAN,8
1458,HITEN,8
1458,INNES,8
1458,ISHAN,8
1458,JAGJIT,8
1458,JAIDEN,8
1458,JAIMIE,8
1458,JAYESH,8
1458,JAZ,8
1458,JEFFERSON,8
1458,JOHNSON,8
1458,KACEY,8
1458,KAELAN,8
1458,KALLAM,8
1458,KARANDEEP,8
1458,KARANVEER,8
1458,KASSIM,8
1458,KAZI,8
1458,KEGAN,8
1458,KEHINDE,8
1458,KIA,8
1458,KONRAD,8
1458,KORY,8
1458,KYRIACOS,8
1458,LENNOX,8
1458,LEONARDO,8
1458,LIBAN,8
1458,LLEWELLYN,8
1458,LUQMAAN,8
1458,MANINDER,8
1458,MANJINDER,8
1458,MANVEER,8
1458,MARUF,8
1458,MASUD,8
1458,MEHRAN,8
1458,METIN,8
1458,MICHELE,8
1458,MIHIR,8
1458,MITUL,8
1458,MOHIT,8
1458,MOISHE,8
1458,MONTY,8
1458,MUHAMAD,8
1458,MURAD,8
1458,MURTAZA,8
1458,NASSER,8
1458,NAYAN,8
1458,NIKOLA,8
1458,OLLIE,8
1458,PHOENIX,8
1458,QAIS,8
1458,QAMAR,8
1458,RAJIV,8
1458,RAM,8
1458,RASHAUN,8
1458,RASHID,8
1458,REX,8
1458,RIORDAN,8
1458,ROHAIL,8
1458,RUEBEN,8
1458,RUMAN,8
1458,SAHIR,8
1458,SAHR,8
1458,SALIH,8
1458,SERKAN,8
1458,SHAE,8
1458,SHAHRUKH,8
1458,SHAKIL,8
1458,SHAKIR,8
1458,SHAW,8
1458,SID,8
1458,SPIKE,8
1458,STORM,8
1458,TAIWO,8
1458,TALHAH,8
1458,TALIESIN,8
1458,TAYLA,8
1458,TEMITOPE,8
1458,TERRENCE,8
1458,THAI,8
1458,TYRAN,8
1458,VAUGHAN,8
1458,WAHID,8
1458,WESTLEY,8
1458,WING,8
1458,WINSTON,8
1458,YASH,8
1458,ZACHARIE,8
1458,ZOHEB,8
1591,ABDAL,7
1591,ABDALLAH,7
1591,ABDULAZIZ,7
1591,ABDULKADIR,7
1591,ABDULLA,7
1591,ADEEB,7
1591,ADRIANO,7
1591,AKRAM,7
1591,ALEXI,7
1591,AMRITPAL,7
1591,ANDERS,7
1591,ANDRES,7
1591,ARRY,7
1591,ASHISH,7
1591,ASLAM,7
1591,AZIM,7
1591,AZIZ,7
1591,BARIS,7
1591,BENJAMAN,7
1591,BILLY-RAY,7
1591,BLANE,7
1591,BLEDDYN,7
1591,BRAYDEN,7
1591,BRAYDON,7
1591,CEIRAN,7
1591,CHACE,7
1591,CHADD,7
1591,CHARALAMBOS,7
1591,CHETAN,7
1591,CHUKWUEMEKA,7
1591,CLAUDIO,7
1591,COLUM,7
1591,CONNAL,7
1591,CORNELIUS,7
1591,DARRAN,7
1591,DAUD,7
1591,DAVINDER,7
1591,DEKLAN,7
1591,DEMETRIUS,7
1591,DEMPSEY,7
1591,DENNY,7
1591,DENVER,7
1591,DEREECE,7
1591,DERI,7
1591,DERMOT,7
1591,DERRICK,7
1591,DEVIN,7
1591,DEVLIN,7
1591,DIEGO,7
1591,DIETER,7
1591,DINO,7
1591,DUAINE,7
1591,DUKE,7
1591,EATHAN,7
1591,EBENEZER,7
1591,ELVIS,7
1591,EPHRAIM,7
1591,ERROL,7
1591,FAIZAAN,7
1591,FARAZ,7
1591,FEDERICO,7
1591,FIDEL,7
1591,GENE,7
1591,GEORDIE,7
1591,GERWYN,7
1591,GIAN,7
1591,GRUFFYDD,7
1591,GURPAL,7
1591,GURVINDER,7
1591,GWYN,7
1591,HASSAAN,7
1591,HERBIE,7
1591,HUSAIN,7
1591,HUZAIFA,7
1591,IMMANUEL,7
1591,INDERPAL,7
1591,IOLO,7
1591,IQBAL,7
1591,JAGRAJ,7
1591,JAMAHL,7
1591,JARON,7
1591,JARRYD,7
1591,JOHNNIE,7
1591,JOLYON,7
1591,JOTHAM,7
1591,JUN,7
1591,KAILEM,7
1591,KALIM,7
1591,KAYA,7
1591,KEANO,7
1591,KEREM,7
1591,KIRBY,7
1591,KYAL,7
1591,KYAN,7
1591,LAINE,7
1591,LARS,7
1591,LEIF,7
1591,LLION,7
1591,LOUI,7
1591,MALACHY,7
1591,MALIQUE,7
1591,MANPREET,7
1591,MARCOS,7
1591,MD.,7
1591,MESHACH,7
1591,MICKY,7
1591,MIKHAIL,7
1591,MITCH,7
1591,MOHD,7
1591,MOHIB,7
1591,MOIN,7
1591,MUBARAK,7
1591,MUBEEN,7
1591,MUJAHID,7
1591,MUKHTAR,7
1591,MUNEEB,7
1591,NAHEEM,7
1591,NAIM,7
1591,NIKOLAOS,7
1591,NIMA,7
1591,NORTON,7
1591,OLAOLUWA,7
1591,OLUWADAMILOLA,7
1591,PARDEEP,7
1591,PAULO,7
1591,PRABHJOT,7
1591,PRITESH,7
1591,QUINCY,7
1591,QUOC,7
1591,RAFI,7
1591,RAJVEER,7
1591,RAKEEM,7
1591,RAMAN,7
1591,RANJIT,7
1591,REEVE,7
1591,REMEL,7
1591,RHYAN,7
1591,RICK,7
1591,RIZWAAN,7
1591,ROB,7
1591,RODNEY,7
1591,RYHAN,7
1591,SAIFUR,7
1591,SALVATORE,7
1591,SAMY,7
1591,SANTIAGO,7
1591,SAVAN,7
1591,SHAHZAIB,7
1591,SHAI,7
1591,SHAKEAL,7
1591,SHARIF,7
1591,SHOHAIB,7
1591,STEFANOS,7
1591,SUHAIB,7
1591,SULEYMAN,7
1591,TALAL,7
1591,TARRAN,7
1591,TAYYIB,7
1591,TERELL,7
1591,THOM,7
1591,TOMMYLEE,7
1591,TRAE,7
1591,TRAFFORD,7
1591,TREMAINE,7
1591,TYLOR,7
1591,UGUR,7
1591,UMAYR,7
1591,UMUT,7
1591,USAAMAH,7
1591,VIKESH,7
1591,VINNY,7
1591,ZAKARI,7
1591,ZISHAAN,7
1591,ZISHAN,7
1765,AAQIB,6
1765,AATIF,6
1765,ABAS,6
1765,ADAL,6
1765,AFZAL,6
1765,AHAD,6
1765,AKIF,6
1765,AKIRA,6
1765,AMAAD,6
1765,AMAL,6
1765,AMARI,6
1765,AMARPAL,6
1765,AMJAD,6
1765,AMMAAR,6
1765,AMR,6
1765,ANIS,6
1765,ANUJ,6
1765,ARBAAZ,6
1765,ARIEL,6
1765,AROON,6
1765,ARSALAAN,6
1765,ASHFAQ,6
1765,ASSAD,6
1765,AUBREY,6
1765,AUGUSTINE,6
1765,AVROHOM,6
1765,AYDAN,6
1765,AYOUB,6
1765,AYYUB,6
1765,AZAD,6
1765,AZEEZ,6
1765,AZIZUR,6
1765,BASHIR,6
1765,BASIL,6
1765,BENSON,6
1765,BERTIE,6
1765,BJORN,6
1765,BLAYNE,6
1765,BOB,6
1765,BRYCHAN,6
1765,BUSTER,6
1765,CAIRO,6
1765,CAMERAN,6
1765,CARRICK,6
1765,CARY,6
1765,CASSIDY,6
1765,CEDRIC,6
1765,CHARLEE,6
1765,CLARKE,6
1765,COBIE,6
1765,CODIE,6
1765,COHEN,6
1765,CONAGH,6
1765,CONER,6
1765,DAKOTA,6
1765,DALEY,6
1765,DALVIN,6
1765,DAMANI,6
1765,DANI,6
1765,DARWIN,6
1765,DAVY,6
1765,DAYNE,6
1765,DEACON,6
1765,DEEP,6
1765,DEEPAK,6
1765,DEION,6
1765,DEMETRI,6
1765,DENZIL,6
1765,DESMOND,6
1765,DHILAN,6
1765,DIMITRIOS,6
1765,DIMITRIS,6
1765,DOMENIC,6
1765,DOUGAL,6
1765,DOVID,6
1765,DWIGHT,6
1765,DYFAN,6
1765,EDIZ,6
1765,ETIENNE,6
1765,FABRIZIO,6
1765,FARAAZ,6
1765,FARAN,6
1765,FARID,6
1765,FAWAZ,6
1765,FELIPE,6
1765,FENTON,6
1765,FILIPE,6
1765,FINIAN,6
1765,FREDERIK,6
1765,FURQAN,6
1765,GARION,6
1765,GED,6
1765,GEORGIO,6
1765,GETHYN,6
1765,GRIFFITH,6
1765,GRUFFUDD,6
1765,GULAM,6
1765,GURVIR,6
1765,HAMMAAD,6
1765,HAMMAD,6
1765,HARISH,6
1765,HATIM,6
1765,HERBERT,6
1765,IHTISHAM,6
1765,IOANNIS,6
1765,ISHAQ,6
1765,ISLAM,6
1765,JACKY,6
1765,JAD,6
1765,JADE,6
1765,JADON,6
1765,JAHANZEB,6
1765,JAKIR,6
1765,JAMEEL,6
1765,JANAID,6
1765,JATINDER,6
1765,JAXON,6
1765,JAYAN,6
1765,JAYMIE,6
1765,JEAN-PAUL,6
1765,JEDIDIAH,6
1765,JELANI,6
1765,JENSEN,6
1765,JIBRAN,6
1765,JOHN-LUKE,6
1765,JONNY,6
1765,JOOLS,6
1765,KADIR,6
1765,KALON,6
1765,KAMAAL,6
1765,KAMIL,6
1765,KASAM,6
1765,KASH,6
1765,KAVI,6
1765,KEAGAN,6
1765,KEARON,6
1765,KELLEN,6
1765,KEN,6
1765,KENNEDY,6
1765,KENT,6
1765,KESHAV,6
1765,KEVAN,6
1765,KHIZAR,6
1765,KHUSHAL,6
1765,KILIAN,6
1765,KOJO,6
1765,KORI,6
1765,KURRAN,6
1765,KYLAN,6
1765,LAMIN,6
1765,LENNY,6
1765,LINDON,6
1765,LYALL,6
1765,MACAULEE,6
1765,MACAULLEY,6
1765,MAISON,6
1765,MAJED,6
1765,MAJID,6
1765,MAKENZIE,6
1765,MANNAN,6
1765,MANSOOR,6
1765,MANVIR,6
1765,MARCELL,6
1765,MAREK,6
1765,MARIUS,6
1765,MARWAN,6
1765,MATIAS,6
1765,MATTHIEU,6
1765,MAXIMILIEN,6
1765,MCCAWLEY,6
1765,MIKAEL,6
1765,MINESH,6
1765,MITESH,6
1765,MOHAMOD,6
1765,MUHIBUR,6
1765,MUHSIN,6
1765,MUJTABA,6
1765,MUSTAPHA,6
1765,NAFEES,6
1765,NAYIM,6
1765,NIRAJ,6
1765,NISHANT,6
1765,NUMAAN,6
1765,OKAN,6
1765,OLUFEMI,6
1765,OLUWADAMILARE,6
1765,OLUWATOSIN,6
1765,ORRIN,6
1765,PARTH,6
1765,PATRIK,6
1765,PERRI,6
1765,PHILIPPE,6
1765,PRITPAL,6
1765,QAASIM,6
1765,RAFFAELE,6
1765,RAFIQ,6
1765,RAHIL,6
1765,RAJVIR,6
1765,RAKESH,6
1765,RAMON,6
1765,RAMZAN,6
1765,RAOUL,6
1765,RAUL,6
1765,REHAAN,6
1765,REICE,6
1765,REIS,6
1765,RIDWAN,6
1765,ROAN,6
1765,ROBYN,6
1765,RONAK,6
1765,ROWLAND,6
1765,RUBIN,6
1765,RYANDEEP,6
1765,RYLEY,6
1765,SABEEL,6
1765,SADIQ,6
1765,SAMMI,6
1765,SCOT,6
1765,SERGE,6
1765,SERGIO,6
1765,SHADAB,6
1765,SHAN,6
1765,SHERAZ,6
1765,SHEZAD,6
1765,SIDDHARTH,6
1765,SIMONE,6
1765,STAVROS,6
1765,STEPHANE,6
1765,STEPHANOS,6
1765,SUBHAAN,6
1765,SUFIAN,6
1765,SUHAYB,6
1765,SULMAN,6
1765,TARIQUE,6
1765,TAUSEEF,6
1765,TEEJAY,6
1765,TEMITAYO,6
1765,THOR,6
1765,TIMMY,6
1765,TRAYVON,6
1765,TRISTIAN,6
1765,TRISTON,6
1765,TYRONNE,6
1765,VAUGHN,6
1765,VIKASH,6
1765,VIKRAM,6
1765,WAJID,6
1765,WILIAM,6
1765,WILLIS,6
1765,YASSIN,6
1765,YUSUKE,6
1765,YVES,6
1765,ZACHARIA,6
1765,ZAKK,6
1765,ZECHARIAH,6
2020,AARUN,5
2020,AASIM,5
2020,ABD,5
2020,ABDU,5
2020,ABDUR-RAHMAN,5
2020,ABHINAV,5
2020,ABHISHEK,5
2020,ABIR,5
2020,ABRAHIM,5
2020,ACE,5
2020,ACER,5
2020,ADDAM,5
2020,ADRIEN,5
2020,ADRIS,5
2020,AHARON,5
2020,AKIB,5
2020,ALBY,5
2020,ALEXANDA,5
2020,ALEXEI,5
2020,AMANI,5
2020,AMARJIT,5
2020,AMEEN,5
2020,AQIL,5
2020,ARFAN,5
2020,ARI,5
2020,ARLEN,5
2020,ARMIN,5
2020,ARVINDER,5
2020,ARYAN,5
2020,ASAM,5
2020,ASHRAFUL,5
2020,AUBERON,5
2020,AXL,5
2020,AYAZ,5
2020,AYOKUNLE,5
2020,BALAL,5
2020,BALDEEP,5
2020,BAMIDELE,5
2020,BARAN,5
2020,BAXTER,5
2020,BERKAY,5
2020,BHARAT,5
2020,BLADE,5
2020,BLAIZE,5
2020,BLUE,5
2020,BORIS,5
2020,BRAD-LEE,5
2020,BRADLY,5
2020,BRONSON,5
2020,BRYNLEY,5
2020,BRYNN,5
2020,CAIO,5
2020,CAIUS,5
2020,CALLEN,5
2020,CALLUMN,5
2020,CALLUN,5
2020,CAMRAN,5
2020,CANAAN,5
2020,CASSIAN,5
2020,CEIRON,5
2020,CELLAN,5
2020,CHAND,5
2020,CHAUDHARY,5
2020,CHIKE,5
2020,CIARON,5
2020,CONAR,5
2020,CONSTANTINE,5
2020,COSMO,5
2020,CRISPIN,5
2020,CRISTIAN,5
2020,CULLAN,5
2020,D'ARCY,5
2020,DAIRE,5
2020,DARNEL,5
2020,DARRIAN,5
2020,DAVIDE,5
2020,DAVIE,5
2020,DECKLAN,5
2020,DENIRO,5
2020,DERICE,5
2020,DERREN,5
2020,DEVEN,5
2020,DEWAN,5
2020,DILESH,5
2020,DINESH,5
2020,DJANGO,5
2020,DONELL,5
2020,EDOUARD,5
2020,EDSON,5
2020,EMMETT,5
2020,ENES,5
2020,ENZO,5
2020,ERNIE,5
2020,FAHID,5
2020,FAROOQ,5
2020,FARREN,5
2020,FAYSAL,5
2020,FERGAL,5
2020,FILIPPO,5
2020,FINBARR,5
2020,FIRAS,5
2020,FORD,5
2020,FRASIER,5
2020,FREDRIC,5
2020,GARYN,5
2020,GAVINDEEP,5
2020,GENO,5
2020,GEORGES,5
2020,GERRY,5
2020,GRAHAME,5
2020,GULED,5
2020,GURINDER,5
2020,GURJINDER,5
2020,GURMINDER,5
2020,GUSTAVO,5
2020,GWYDION,5
2020,HABEEB,5
2020,HANAD,5
2020,HANI,5
2020,HARAN,5
2020,HARJOT,5
2020,HARKARAN,5
2020,HARMEET,5
2020,HARSH,5
2020,HARVIE,5
2020,HASHAM,5
2020,HAYDER,5
2020,HEATH,5
2020,HENRIK,5
2020,HISHAAM,5
2020,HUSSAN,5
2020,IHSAAN,5
2020,IKE,5
2020,IKENNA,5
2020,IMAN,5
2020,ISHAAQ,5
2020,ISHMAIL,5
2020,IVO,5
2020,JAGROOP,5
2020,JAHID,5
2020,JAHMEL,5
2020,JAIDEEP,5
2020,JAMAINE,5
2020,JARAD,5
2020,JARREN,5
2020,JASPREET,5
2020,JEMAINE,5
2020,JENS,5
2020,JERMAIN,5
2020,JIMMIE,5
2020,JO,5
2020,JOAB,5
2020,JOACHIM,5
2020,JODI,5
2020,JOESPH,5
2020,JOHANN,5
2020,JONJO,5
2020,JORY,5
2020,JOSHAN,5
2020,JOSHUA-JAMES,5
2020,JOVI,5
2020,JUDAH,5
2020,JUSTICE,5
2020,KAASHIF,5
2020,KAILAN,5
2020,KAILEN,5
2020,KAIS,5
2020,KALAN,5
2020,KALLAN,5
2020,KAMAR,5
2020,KAMRON,5
2020,KAREL,5
2020,KAYDEN,5
2020,KAZIM,5
2020,KAZUKI,5
2020,KEIFER,5
2020,KEILAN,5
2020,KERN,5
2020,KIARAN,5
2020,KILE,5
2020,KODY,5
2020,KONNA,5
2020,KONNER,5
2020,KORAY,5
2020,KURAN,5
2020,KWAKU,5
2020,KWOK,5
2020,LABIB,5
2020,LAWRIE,5
2020,LAYNE,5
2020,LESTER,5
2020,LIIBAN,5
2020,LINFORD,5
2020,LLYWELYN,5
2020,LOWELL,5
2020,LUTHER,5
2020,MACSEN,5
2020,MAHER,5
2020,MAN,5
2020,MARCIN,5
2020,MCCAULLEY,5
2020,MICHAL,5
2020,MIKESH,5
2020,MINHAJ,5
2020,MIZAN,5
2020,MOHAMMMED,5
2020,MOHEEN,5
2020,MOHMMED,5
2020,MOHSAN,5
2020,MOIZ,5
2020,MONTAGUE,5
2020,MORRIS,5
2020,MORTIMER,5
2020,MOSTAFA,5
2020,MUDASSAR,5
2020,MUKESH,5
2020,MUNIR,5
2020,MURSHED,5
2020,MUSTAF,5
2020,MUZZAMMIL,5
2020,MYLO,5
2020,NASIM,5
2020,NAVDEEP,5
2020,NAVRAJ,5
2020,NAZIM,5
2020,NAZIR,5
2020,NEEL,5
2020,NEERAJ,5
2020,NIK,5
2020,NIKO,5
2020,NIKOLAI,5
2020,NILS,5
2020,NISHAN,5
2020,NOMAN,5
2020,NUR,5
2020,NURUL,5
2020,OBINNA,5
2020,ODIN,5
2020,OLAMIDE,5
2020,OLUWAROTIMI,5
2020,OLUWASEYI,5
2020,PANAYIOTIS,5
2020,PERRIE,5
2020,PETROS,5
2020,PINCHAS,5
2020,PRANAV,5
2020,PRANAY,5
2020,PRATIK,5
2020,PREM,5
2020,QUINLAN,5
2020,RAJEEV,5
2020,RAMEL,5
2020,RANDALL,5
2020,RANDEEP,5
2020,RANVEER,5
2020,RASHED,5
2020,RASHEL,5
2020,RAYON,5
2020,REAGEN,5
2020,REDFORD,5
2020,REHMAN,5
2020,REZWAN,5
2020,RHIDIAN,5
2020,RHYCE,5
2020,RIAZ,5
2020,RICKY-LEE,5
2020,RIKIN,5
2020,RISHABH,5
2020,RONNY,5
2020,RORIE,5
2020,ROSHANE,5
2020,RYLAN,5
2020,SAFYAN,5
2020,SAMAR,5
2020,SAMUELE,5
2020,SANCHEZ,5
2020,SANJIV,5
2020,SARDAR,5
2020,SAYEED,5
2020,SHABAN,5
2020,SHAHBAAZ,5
2020,SHAHRIYAR,5
2020,SHAIKH,5
2020,SHAMIL,5
2020,SHEHZAD,5
2020,SHOLTO,5
2020,SHYHEIM,5
2020,SIKANDER,5
2020,SIMRANDEEP,5
2020,SOL,5
2020,STAN,5
2020,STONE,5
2020,SUFIYAN,5
2020,SUHAYL,5
2020,SULAIMAAN,5
2020,SULIMAN,5
2020,SULLIVAN,5
2020,SVEN,5
2020,SYLVESTER,5
2020,TAFARI,5
2020,TAIT,5
2020,TALLON,5
2020,TAMEEM,5
2020,TAMER,5
2020,TANIS,5
2020,TANVEER,5
2020,TARELL,5
2020,TARKAN,5
2020,TARYN,5
2020,TAYAB,5
2020,TAYO,5
2020,TAYTE,5
2020,TERREL,5
2020,THADDEUS,5
2020,THIERRY,5
2020,TOR,5
2020,TORAN,5
2020,TYRRELL,5
2020,TYSON,5
2020,UCHENNA,5
2020,VAN,5
2020,VERNON,5
2020,VIET,5
2020,VIREN,5
2020,WAQAAR,5
2020,WAQAAS,5
2020,WILSON,5
2020,WYATT,5
2020,YAAKOV,5
2020,YAASEEN,5
2020,YANNICK,5
2020,YITZCHOK,5
2020,ZAKARIAH,5
2020,ZAKARIYYA,5
2020,ZAYYAN,5
2020,ZEESHAAN,5
2020,ZEN,5
2357,AATISH,4
2357,ABDEL,4
2357,ABDINASIR,4
2357,ABDUL-AZEEZ,4
2357,ABDULHAMID,4
2357,ABDURAHMAN,4
2357,ABIDUL,4
2357,ADARSH,4
2357,ADEDAPO,4
2357,ADEKUNLE,4
2357,AFOLABI,4
2357,AHAMED,4
2357,AIMAN,4
2357,AIMEN,4
2357,AKEEB,4
2357,AKHTAR,4
2357,AKIL,4
2357,AKIM,4
2357,ALAA,4
2357,ALAIN,4
2357,ALBERTO,4
2357,ALDEN,4
2357,ALEKSI,4
2357,ALEXZANDER,4
2357,ALF,4
2357,ALICAN,4
2357,ALVARO,4
2357,AMANVEER,4
2357,AMINE,4
2357,AMRAN,4
2357,ANASTASIOS,4
2357,ANDERSON,4
2357,ANEEL,4
2357,ANGELOS,4
2357,ANKUR,4
2357,ANTONI,4
2357,AQUIB,4
2357,ARANJIT,4
2357,ARIAN,4
2357,ARIC,4
2357,ARMAND,4
2357,ARMON,4
2357,ARRIE,4
2357,ARYA,4
2357,ASH,4
2357,ASHLIE,4
2357,AUGUSTIN,4
2357,AUSTYN,4
2357,AVI,4
2357,AYODELE,4
2357,AYOOLA,4
2357,BABAJIDE,4
2357,BABAR,4
2357,BADEN,4
2357,BASIT,4
2357,BELAL,4
2357,BENJIMAN,4
2357,BENNY,4
2357,BENOIT,4
2357,BENTON,4
2357,BEREN,4
2357,BHUPINDER,4
2357,BILLAL,4
2357,BILLYJOE,4
2357,BINYOMIN,4
2357,BLAIN,4
2357,BODRUL,4
2357,BOLUWATIFE,4
2357,BOYD,4
2357,BRAM,4
2357,BRENNEN,4
2357,BRENTON,4
2357,BROOKE,4
2357,BRYNMOR,4
2357,BUDDY,4
2357,CAEN,4
2357,CAILUM,4
2357,CAL,4
2357,CALEN,4
2357,CAMDEN,4
2357,CANER,4
2357,CARLIN,4
2357,CARMINE,4
2357,CARSON,4
2357,CASHEL,4
2357,CASPER,4
2357,CATHAL,4
2357,CAYLEM,4
2357,CAYLUM,4
2357,CECIL,4
2357,CENK,4
2357,CEYHUN,4
2357,CHADLEY,4
2357,CHAE,4
2357,CHAZ,4
2357,CHEY,4
2357,CIAREN,4
2357,CLARENCE,4
2357,CLAY,4
2357,CLYDE,4
2357,COLT,4
2357,CONSTANTINOS,4
2357,CORAN,4
2357,CORDELL,4
2357,CORRAN,4
2357,CRISTIANO,4
2357,CULLUM,4
2357,CURRAN,4
2357,CYRIL,4
2357,DAANISH,4
2357,DAIN,4
2357,DALIAN,4
2357,DAMILOLA,4
2357,DANIYAAL,4
2357,DARRON,4
2357,DAULTON,4
2357,DAVIAN,4
2357,DAVIN,4
2357,DECLAND,4
2357,DEEJAY,4
2357,DEL,4
2357,DENHAM,4
2357,DENHOLM,4
2357,DENIM,4
2357,DERRON,4
2357,DERRYN,4
2357,DERYN,4
2357,DHANYAL,4
2357,DHAVAL,4
2357,DHILLON,4
2357,DILEN,4
2357,DIQUAN,4
2357,DONAL,4
2357,DONNELL,4
2357,DRU,4
2357,DURRELL,4
2357,DUY,4
2357,EDDY,4
2357,EDISON,4
2357,EDWYN,4
2357,EKUNDAYO,4
2357,ELGAN,4
2357,ELLISON,4
2357,ELY,4
2357,EMAD,4
2357,ERAY,4
2357,ERRAN,4
2357,ESHAN,4
2357,EVANDER,4
2357,FARON,4
2357,FARRIS,4
2357,FAWAD,4
2357,FAZAL,4
2357,FERHAT,4
2357,FLORIAN,4
2357,FORREST,4
2357,FRANCOIS,4
2357,FREDRIK,4
2357,GAGAN,4
2357,GARRICK,4
2357,GEORGIOS,4
2357,GHAZI,4
2357,GIL,4
2357,GOVIND,4
2357,GURCHARAN,4
2357,GURDEV,4
2357,GURJEEVAN,4
2357,GURKIRAT,4
2357,GURVEER,4
2357,HAAROON,4
2357,HAITHAM,4
2357,HAMAS,4
2357,HAMEED,4
2357,HANIF,4
2357,HANNAN,4
2357,HANS,4
2357,HARDEV,4
2357,HARINDER,4
2357,HARLIE,4
2357,HARMINDER,4
2357,HARVIR,4
2357,HAYDAN,4
2357,HENDRIK,4
2357,HERMAN,4
2357,HERSH,4
2357,HIRAM,4
2357,HIRAN,4
2357,HORATIO,4
2357,HUBERT,4
2357,HUNTER,4
2357,HUSAM,4
2357,HUY,4
2357,IANTO,4
2357,IHTISHAAM,4
2357,IKECHUKWU,4
2357,ILIAS,4
2357,IMAAD,4
2357,IMAAN,4
2357,IMAM,4
2357,IMANI,4
2357,IMTIYAZ,4
2357,INAAM,4
2357,INDER,4
2357,INDIANA,4
2357,INIGO,4
2357,ISAM,4
2357,ISHTIAQ,4
2357,ISIAH,4
2357,IZAAZ,4
2357,JABBAR,4
2357,JABIR,4
2357,JACE,4
2357,JACKIE,4
2357,JAGJEEVAN,4
2357,JAKUB,4
2357,JAMAR,4
2357,JAMESON,4
2357,JAMEY,4
2357,JARRET,4
2357,JARRETT,4
2357,JASWINDER,4
2357,JAWWAD,4
2357,JAY-JAY,4
2357,JAYDN,4
2357,JAYED,4
2357,JAYME,4
2357,JAYMEE,4
2357,JEAN-JACQUES,4
2357,JEDIAH,4
2357,JEFFERY,4
2357,JEMAL,4
2357,JENSON,4
2357,JIBRIL,4
2357,JITEN,4
2357,JIVAN,4
2357,JOBIE,4
2357,JOBY,4
2357,JOCELYN,4
2357,JOLON,4
2357,JON-LUC,4
2357,JONOTHAN,4
2357,JOURDAN,4
2357,JUSTUS,4
2357,KAELEM,4
2357,KAILUM,4
2357,KAIRO,4
2357,KAJ,4
2357,KALIB,4
2357,KAMRAAN,4
2357,KARN,4
2357,KARUN,4
2357,KAUSAR,4
2357,KAYLUN,4
2357,KELLAN,4
2357,KENDAL,4
2357,KENTON,4
2357,KEON,4
2357,KERRIN,4
2357,KERRY,4
2357,KETAN,4
2357,KHAI,4
2357,KHALEEL,4
2357,KHARI,4
2357,KHIZER,4
2357,KHURUM,4
2357,KI,4
2357,KIAL,4
2357,KIALL,4
2357,KIE,4
2357,KIERIAN,4
2357,KIN,4
2357,KIRON,4
2357,KLAY,4
2357,KLEIN,4
2357,KLINE,4
2357,KOBI,4
2357,KRISTOFFER,4
2357,LAITH,4
2357,LANE,4
2357,LARRY,4
2357,LATIF,4
2357,LAURENS,4
2357,LAURENT,4
2357,LEMAR,4
2357,LENNIE,4
2357,LENNON,4
2357,LEVENT,4
2357,LEWES,4
2357,LIONEL,4
2357,LLIAM,4
2357,LOIC,4
2357,LORD,4
2357,LUCIAN,4
2357,LUCUS,4
2357,LUI,4
2357,LYNTON,4
2357,MAHAMMED,4
2357,MAHBUB,4
2357,MAHFUZ,4
2357,MAKHAN,4
2357,MANAV,4
2357,MANOJ,4
2357,MANU,4
2357,MANUEL,4
2357,MANVINDER,4
2357,MARIOS,4
2357,MAVERICK,4
2357,MAYANK,4
2357,MAYSON,4
2357,MERRICK,4
2357,MIKAIL,4
2357,MILAD,4
2357,MITEN,4
2357,MONEEB,4
2357,MUHAMMOD,4
2357,NABIEL,4
2357,NAHIM,4
2357,NAHUM,4
2357,NAUMAN,4
2357,NAVJOT,4
2357,NEHEMIAH,4
2357,NEVAN,4
2357,NIAM,4
2357,NICOLAI,4
2357,NIKI,4
2357,NIKITA,4
2357,NILES,4
2357,NIZAMUDDIN,4
2357,NYE,4
2357,OCEAN,4
2357,OGHENETEGA,4
2357,OLADELE,4
2357,OLUSEGUN,4
2357,OLUWADEMILADE,4
2357,OLUWAFEMI,4
2357,OLUWAKOREDE,4
2357,OLUWATIMILEYIN,4
2357,ONKAR,4
2357,OREN,4
2357,OZCAN,4
2357,PADDY,4
2357,PADRAIC,4
2357,PARAM,4
2357,PASQUALE,4
2357,PAVLOS,4
2357,PAWANDEEP,4
2357,PEREZ,4
2357,PERRAN,4
2357,PETAR,4
2357,PETE,4
2357,PHINEAS,4
2357,PIETRO,4
2357,PRIYEN,4
2357,PTOLEMY,4
2357,QAISER,4
2357,QUADE,4
2357,QUAZI,4
2357,QUINTON,4
2357,RADWAN,4
2357,RAEKWON,4
2357,RAHAT,4
2357,RAHATH,4
2357,RAHMAN,4
2357,RAIS,4
2357,RAIYAN,4
2357,RAJANDEEP,4
2357,RAJINDER,4
2357,RAMEZ,4
2357,RAMI,4
2357,RAMZI,4
2357,RANVIR,4
2357,RAYAN,4
2357,RAYHAAN,4
2357,RED,4
2357,REDD,4
2357,REILLY,4
2357,RENE,4
2357,RHETT,4
2357,RHYSE,4
2357,RICCI,4
2357,RIECE,4
2357,ROBBY,4
2357,ROCKY,4
2357,RODRIGO,4
2357,ROHEEL,4
2357,ROMELLO,4
2357,ROMI,4
2357,ROMMEL,4
2357,RON,4
2357,ROYCE,4
2357,RUSHIL,4
2357,RYKER,4
2357,RYLAND,4
2357,RYO,4
2357,SABBIR,4
2357,SAHAL,4
2357,SAHIB,4
2357,SAI,4
2357,SAIFULLAH,4
2357,SAJAD,4
2357,SAJAN,4
2357,SALIK,4
2357,SAMIN,4
2357,SAMPSON,4
2357,SARWAR,4
2357,SAURAV,4
2357,SEANN,4
2357,SEPEHR,4
2357,SERGEN,4
2357,SERHAT,4
2357,SHABAAZ,4
2357,SHABBIR,4
2357,SHAFIQ,4
2357,SHAHED,4
2357,SHAHINUR,4
2357,SHAILEN,4
2357,SHAINE,4
2357,SHAKIB,4
2357,SHAMIM,4
2357,SHAMRAIZ,4
2357,SHAMSUL,4
2357,SHAZAIB,4
2357,SHEM,4
2357,SHIMON,4
2357,SHMUEL,4
2357,SIMRANJEET,4
2357,SINAN,4
2357,SIRAAJ,4
2357,SOFIAN,4
2357,SOFIANE,4
2357,SOTIRIS,4
2357,STEVAN,4
2357,SUNG,4
2357,SUNJAY,4
2357,TADGH,4
2357,TADHG,4
2357,TAHMIDUR,4
2357,TAJ,4
2357,TAJINDER,4
2357,TAL,4
2357,TANZEEL,4
2357,TANZIM,4
2357,TARON,4
2357,TAVIS,4
2357,TAVON,4
2357,TAYLAR,4
2357,TAZ,4
2357,TEIFION,4
2357,TEJ,4
2357,TEJAY,4
2357,TERRANCE,4
2357,THEODOROS,4
2357,THOMAS-LEE,4
2357,TIAGO,4
2357,TILAK,4
2357,TIMON,4
2357,TINASHE,4
2357,TOBIE,4
2357,TOBIN,4
2357,TRAYVOND,4
2357,TREVON,4
2357,TRISHUL,4
2357,TRISTRAM,4
2357,TRUMAN,4
2357,TRUNG,4
2357,TULLY,4
2357,TYLER-JAMES,4
2357,TYREL,4
2357,TYRELLE,4
2357,UBAID,4
2357,UGOCHUKWU,4
2357,URIEL,4
2357,VARUN,4
2357,VEER,4
2357,VIGNESH,4
2357,VIMAL,4
2357,VINESH,4
2357,VISHAAL,4
2357,VISHNU,4
2357,WAHEED,4
2357,WAHIDUL,4
2357,WARIS,4
2357,WARRICK,4
2357,WARSAME,4
2357,WASIF,4
2357,WILFRID,4
2357,YAHYE,4
2357,YAN,4
2357,YECHEZKEL,4
2357,YEHUDAH,4
2357,YIANNIS,4
2357,YONATAN,4
2357,YOUNES,4
2357,YUTA,4
2357,YUUKI,4
2357,ZACARY,4
2357,ZACCHAEUS,4
2357,ZAFAR,4
2357,ZAKARYA,4
2357,ZAKERY,4
2357,ZEBEDEE,4
2357,ZEYAD,4
2357,ZIAD,4
2357,ZION,4
2357,ZIYAD,4
2357,ZUHAIB,4
2863,AAMAN,3
2863,AARIF,3
2863,AAYUSH,3
2863,ABANOUB,3
2863,ABASS,3
2863,ABAYOMI,3
2863,ABDIFATAH,3
2863,ABDIMALIK,3
2863,ABDIWALI,3
2863,ABDOULIE,3
2863,ABDUL-AZIZ,3
2863,ABDUL-KAREEM,3
2863,ABDULAH,3
2863,ABDULAZEEZ,3
2863,ABDULWAHAB,3
2863,ABDUR-RAHMAAN,3
2863,ABDUR-REHMAN,3
2863,ABIODUN,3
2863,ABRAAR,3
2863,ABRAM,3
2863,ABU-BAKR,3
2863,ABUBAKR,3
2863,ABUKAR,3
2863,ADEDAMOLA,3
2863,ADEMOLA,3
2863,ADEOLA,3
2863,ADEOLUWA,3
2863,ADLEY,3
2863,AFJOL,3
2863,AFSAR,3
2863,AHMER,3
2863,AHTSHAM,3
2863,AINSLEIGH,3
2863,AJAI,3
2863,AJANI,3
2863,AJIT,3
2863,AKIEL,3
2863,AKIN,3
2863,AKINTUNDE,3
2863,AKINYEMI,3
2863,ALBION,3
2863,ALEKSANDAR,3
2863,ALEXANDRU,3
2863,ALFREDO,3
2863,ALI-RAZA,3
2863,ALIABBAS,3
2863,ALICK,3
2863,ALIREZA,3
2863,ALLY,3
2863,ALYN,3
2863,AMAD,3
2863,AMARJEET,3
2863,AMARPREET,3
2863,AMARVEER,3
2863,AMARVIR,3
2863,AMIL,3
2863,AMINUL,3
2863,AMIRUL,3
2863,AMISH,3
2863,ANAY,3
2863,ANDI,3
2863,ANDREJ,3
2863,ANDRZEJ,3
2863,ANEEQ,3
2863,ANEESH,3
2863,ANEIRIN,3
2863,ANHAR,3
2863,ANSON,3
2863,ANTONIOS,3
2863,AODHAN,3
2863,ARAFAT,3
2863,ARANDIP,3
2863,ARASH,3
2863,ARBAZ,3
2863,ARDA,3
2863,ARIA,3
2863,ARVIN,3
2863,ARVIND,3
2863,ARYEH,3
2863,ASEEL,3
2863,ASEEM,3
2863,ASHA,3
2863,ASHAN,3
2863,ASHFORD,3
2863,ASHIR,3
2863,ASHKAN,3
2863,ASHLY,3
2863,ASHOK,3
2863,ASID,3
2863,ASRAF,3
2863,ASTEN,3
2863,ATEEQ,3
2863,ATTIF,3
2863,AUGUST,3
2863,AVTAR,3
2863,AXTON,3
2863,AYAN,3
2863,AYDON,3
2863,AYHAN,3
2863,AYMEN,3
2863,AYOBAMI,3
2863,AYRAN,3
2863,AZAM,3
2863,AZIZUL,3
2863,BABAK,3
2863,BABER,3
2863,BALJINDER,3
2863,BALLAL,3
2863,BARTON,3
2863,BAYLEE,3
2863,BEDWYR,3
2863,BENTLEY,3
2863,BERKAN,3
2863,BHAVESH,3
2863,BILLY-JO,3
2863,BINYAMIN,3
2863,BLAZE,3
2863,BLU,3
2863,BRAMWELL,3
2863,BRANDONLEE,3
2863,BRANNAN,3
2863,BRENNON,3
2863,BRICE,3
2863,BRYDEN,3
2863,BRYSON,3
2863,CAGDAS,3
2863,CAILEAN,3
2863,CAILEM,3
2863,CAILEN,3
2863,CAIRAN,3
2863,CALDER,3
2863,CALUMN,3
2863,CAREY,3
2863,CASIM,3
2863,CASPIAN,3
2863,CAWLEY,3
2863,CAYNE,3
2863,CELYN,3
2863,CERITH,3
2863,CHAN,3
2863,CHAVEZ,3
2863,CHEYENNE,3
2863,CHEZNEY,3
2863,CHINO,3
2863,CHIRAAG,3
2863,CHIRON,3
2863,CHRISTIEN,3
2863,CHUKWUDI,3
2863,CIERON,3
2863,CODI,3
2863,COHAN,3
2863,COLLIN,3
2863,CONAUGH,3
2863,CONWAY,3
2863,CORMACK,3
2863,CORTNEY,3
2863,CURTIS-LEE,3
2863,CURTISS,3
2863,CYLE,3
2863,CYNAN,3
2863,DAHIR,3
2863,DALJIT,3
2863,DANIEL-LEE,3
2863,DANILO,3
2863,DANNY-LEE,3
2863,DARBY,3
2863,DARIUSH,3
2863,DAVIS,3
2863,DAWOOD,3
2863,DAWUD,3
2863,DAYLAN,3
2863,DECLEN,3
2863,DEELAN,3
2863,DEIAN,3
2863,DEJAN,3
2863,DEJUAN,3
2863,DELTON,3
2863,DEMETRIOS,3
2863,DENTON,3
2863,DERIAN,3
2863,DEVESH,3
2863,DEVINDER,3
2863,DEVUN,3
2863,DIARMUID,3
2863,DIGBY,3
2863,DIGGORY,3
2863,DJAMEL,3
2863,DOGA,3
2863,DOLTON,3
2863,DOMANIC,3
2863,DOMINIQUE,3
2863,DON,3
2863,DONTE,3
2863,DOUGIE,3
2863,DOV,3
2863,DOYLE,3
2863,DRAVEN,3
2863,DRAY,3
2863,DURSUN,3
2863,DWAIN,3
2863,DYLLON,3
2863,DYSON,3
2863,EDEM,3
2863,EHREN,3
2863,EIFION,3
2863,EIRIAN,3
2863,ELAN,3
2863,ELIE,3
2863,ELIYAHU,3
2863,EMDADUR,3
2863,EMEKA,3
2863,EMIR,3
2863,EMMET,3
2863,EMRAN,3
2863,ENAMUL,3
2863,ENRIQUE,3
2863,ERCAN,3
2863,ERIN,3
2863,ERKAN,3
2863,ESMAIL,3
2863,ETHEN,3
2863,EVANGELOS,3
2863,FAHD,3
2863,FAREED,3
2863,FARRUKH,3
2863,FATIH,3
2863,FAYAZ,3
2863,FAYED,3
2863,FAYZAN,3
2863,FEHZAN,3
2863,FENN,3
2863,FENNER,3
2863,FERAS,3
2863,FEZAN,3
2863,FIAZ,3
2863,FLINN,3
2863,FRANKY,3
2863,FRAZ,3
2863,FREDERICO,3
2863,GAIUS,3
2863,GALEN,3
2863,GAVINDER,3
2863,GAVRIEL,3
2863,GEAROID,3
2863,GERRARD,3
2863,GIANCARLO,3
2863,GILLES,3
2863,GIULIO,3
2863,GODWIN,3
2863,GOPAL,3
2863,GREGOIRE,3
2863,GUISEPPE,3
2863,GULEID,3
2863,GULLIVER,3
2863,GURDAS,3
2863,GURKAMAL,3
2863,GURTEJ,3
2863,GWYNFOR,3
2863,HAASHIM,3
2863,HAAZIQ,3
2863,HABIBUR,3
2863,HABIL,3
2863,HADER,3
2863,HADI,3
2863,HADLEIGH,3
2863,HADRIAN,3
2863,HAIG,3
2863,HAMMED,3
2863,HANISH,3
2863,HANLEY,3
2863,HANNES,3
2863,HANSEL,3
2863,HAO,3
2863,HARITH,3
2863,HARJEET,3
2863,HARJIT,3
2863,HARLAN,3
2863,HARMANPREET,3
2863,HARNEK,3
2863,HARSHIV,3
2863,HASAAN,3
2863,HASHEM,3
2863,HASNAT,3
2863,HASSNAIN,3
2863,HAYDAR,3
2863,HAYTHAM,3
2863,HEFIN,3
2863,HELDER,3
2863,HENRIQUE,3
2863,HESHAM,3
2863,HIMESH,3
2863,HINESH,3
2863,HITESH,3
2863,HIZAR,3
2863,HOSSAM,3
2863,HUDSON,3
2863,HUGHIE,3
2863,HUMPHREY,3
2863,HUSEIN,3
2863,HYDER,3
2863,IFEOLUWA,3
2863,IGOR,3
2863,IMRAAN,3
2863,IMRANUL,3
2863,IMTIAZ,3
2863,INDERDEEP,3
2863,INDERVEER,3
2863,ISAAK,3
2863,ISHAAN,3
2863,ISHFAQ,3
2863,ISSA,3
2863,ITHSHAM,3
2863,IZACK,3
2863,IZAK,3
2863,J,3
2863,JAABIR,3
2863,JABRAAN,3
2863,JABRAN,3
2863,JAFAR,3
2863,JAGDEV,3
2863,JAGJEET,3
2863,JAGTAR,3
2863,JAHAN,3
2863,JAHED,3
2863,JAIDAN,3
2863,JAIKE,3
2863,JAIPAL,3
2863,JALEEL,3
2863,JALIL,3
2863,JAMAYNE,3
2863,JAMEE,3
2863,JANGEER,3
2863,JAQ,3
2863,JARRELL,3
2863,JARRON,3
2863,JARYD,3
2863,JAS,3
2863,JASBIR,3
2863,JASIM,3
2863,JASKIRAT,3
2863,JASVEER,3
2863,JATIN,3
2863,JAVON,3
2863,JAYDAN,3
2863,JAYMI,3
2863,JAYMIN,3
2863,JEAN-BAPTISTE,3
2863,JEREMIE,3
2863,JERON,3
2863,JERONE,3
2863,JERRELL,3
2863,JESAL,3
2863,JHANGIR,3
2863,JIAN,3
2863,JIBRAAN,3
2863,JIN,3
2863,JOAKIM,3
2863,JOASH,3
2863,JOB,3
2863,JOLAN,3
2863,JON-LUKE,3
2863,JONAID,3
2863,JONPAUL,3
2863,JONTI,3
2863,JORELL,3
2863,JOWAN,3
2863,JOYNUL,3
2863,JUBAYER,3
2863,JULIO,3
2863,JUNAED,3
2863,JURAN,3
2863,JURELL,3
2863,JUSTYN,3
2863,KAE,3
2863,KAELUM,3
2863,KAGAN,3
2863,KAIMEN,3
2863,KAISER,3
2863,KALAM,3
2863,KALIL,3
2863,KALLEM,3
2863,KAMALDEEP,3
2863,KAMEL,3
2863,KAR,3
2863,KARAMJIT,3
2863,KARANJEET,3
2863,KARANJIT,3
2863,KARLTON,3
2863,KARRAN,3
2863,KASSAM,3
2863,KAYAN,3
2863,KAYODE,3
2863,KEAN,3
2863,KEANAN,3
2863,KEERAN,3
2863,KEERON,3
2863,KEERTAN,3
2863,KEI,3
2863,KEIL,3
2863,KELECHI,3
2863,KELHAM,3
2863,KELLER,3
2863,KELTON,3
2863,KENDALL,3
2863,KERR,3
2863,KESLEY,3
2863,KEYAN,3
2863,KHAIRUL,3
2863,KHALIF,3
2863,KHANG,3
2863,KHASHIF,3
2863,KHAWAJA,3
2863,KHAYAM,3
2863,KHURRAM,3
2863,KIEL,3
2863,KIENAN,3
2863,KIERREN,3
2863,KIERRON,3
2863,KINGSTON,3
2863,KIRANJIT,3
2863,KIRTAN,3
2863,KIRTIS,3
2863,KODIE,3
2863,KOLADE,3
2863,KONA,3
2863,KONSTANTINOS,3
2863,KRAIG,3
2863,KRISH,3
2863,KRISHEN,3
2863,KRISS,3
2863,KRISTAN,3
2863,KULRAJ,3
2863,KUMAIL,3
2863,KUMAR,3
2863,KWESI,3
2863,KYAH,3
2863,KYRONE,3
2863,L'MAR,3
2863,LAMARR,3
2863,LAQUAN,3
2863,LASZLO,3
2863,LATHAN,3
2863,LATHANIEL,3
2863,LAUREN,3
2863,LAWRANCE,3
2863,LE,3
2863,LEANDRO,3
2863,LEEAM,3
2863,LEIGHAM,3
2863,LEITH,3
2863,LEMUEL,3
2863,LEOPOLD,3
2863,LES,3
2863,LIAS,3
2863,LINTON,3
2863,LLWYD,3
2863,LONNIE,3
2863,LOREN,3
2863,LORENZ,3
2863,LORNE,3
2863,LOUKAS,3
2863,LUAN,3
2863,LUDOVIC,3
2863,LUKMAN,3
2863,LYAM,3
2863,LYNDEN,3
2863,MAAZ,3
2863,MACAULLAY,3
2863,MACAWLEY,3
2863,MACCAULEY,3
2863,MACK,3
2863,MAHAMMAD,3
2863,MAHBOOB,3
2863,MAHESH,3
2863,MAHFUZUR,3
2863,MAJEED,3
2863,MALAKI,3
2863,MALICK,3
2863,MALIN,3
2863,MAMUNUR,3
2863,MANJOT,3
2863,MANRAAJ,3
2863,MANSUR,3
2863,MARCELLUS,3
2863,MARCELO,3
2863,MARKOS,3
2863,MARQUISE,3
2863,MARSHAL,3
2863,MASHUD,3
2863,MASOOD,3
2863,MASRUR,3
2863,MATEEN,3
2863,MATEO,3
2863,MATEUSZ,3
2863,MATHIEU,3
2863,MATIN,3
2863,MATTHIJS,3
2863,MATTIAS,3
2863,MAXAMILLIAN,3
2863,MAXX,3
2863,MAZHAR,3
2863,MAZLUM,3
2863,MCALLISTER,3
2863,MEHBOOB,3
2863,MEHRAAN,3
2863,MEHTAB,3
2863,MELVYN,3
2863,MENELIK,3
2863,MERAN,3
2863,MESHAQ,3
2863,METEHAN,3
2863,MICHEL,3
2863,MIKIE,3
2863,MING,3
2863,MINH,3
2863,MINHAZ,3
2863,MO,3
2863,MOHAMUD,3
2863,MOHEED,3
2863,MOHEEZ,3
2863,MOHIN,3
2863,MOHSEN,3
2863,MOHUMMED,3
2863,MOMIN,3
2863,MONJUR,3
2863,MORDCHE,3
2863,MORTON,3
2863,MOUHAMMED,3
2863,MOUNIR,3
2863,MUBARIK,3
2863,MUBASHAR,3
2863,MUHAIMIN,3
2863,MUHIB,3
2863,MUNGO,3
2863,MUNRAJ,3
2863,MURAAD,3
2863,MUSAB,3
2863,MUZAKKIR,3
2863,MYKEL,3
2863,NAIMUL,3
2863,NAITHAN,3
2863,NAJIIB,3
2863,NAJMUL,3
2863,NAKASH,3
2863,NAMAN,3
2863,NANAK,3
2863,NARAYAN,3
2863,NASIF,3
2863,NASSAR,3
2863,NAVEEN,3
2863,NAVID,3
2863,NAVIN,3
2863,NAVINDER,3
2863,NAYEM,3
2863,NAYM,3
2863,NAZAM,3
2863,NEILESH,3
2863,NEVILLE,3
2863,NEZAR,3
2863,NIAZ,3
2863,NICKI,3
2863,NICOLA,3
2863,NICOLO,3
2863,NICOS,3
2863,NIHAL,3
2863,NIKKI,3
2863,NIKUL,3
2863,NIKUNJ,3
2863,NISHAAN,3
2863,NOMAAN,3
2863,NYRON,3
2863,O'NEIL,3
2863,O'SHEA,3
2863,ODHRAN,3
2863,OGULCAN,3
2863,OLALEKAN,3
2863,OLATOKUNBO,3
2863,OLAWALE,3
2863,OLIUR,3
2863,OLUGBENGA,3
2863,OLUROTIMI,3
2863,OLUWADUROTIMI,3
2863,OMAIR,3
2863,OMRI,3
2863,OREOLUWA,3
2863,ORIN,3
2863,ORSON,3
2863,OSHER,3
2863,OSSAMA,3
2863,OTHMAN,3
2863,OTTIS,3
2863,OZAIR,3
2863,PATRYK,3
2863,PAWAN,3
2863,PAYTON,3
2863,PEARSE,3
2863,PELHAM,3
2863,PEREGRINE,3
2863,PERNELL,3
2863,PHELIM,3
2863,PHILIPP,3
2863,PIERLUIGI,3
2863,PRABHJEET,3
2863,PRAVEEN,3
2863,PRIYANK,3
2863,QASAM,3
2863,QUAID,3
2863,QUINTIN,3
2863,RAE,3
2863,RAGHAV,3
2863,RAHEEB,3
2863,RAHOUL,3
2863,RAIFE,3
2863,RAIHAAN,3
2863,RAITH,3
2863,RAJAH,3
2863,RAJBIR,3
2863,RAJPAL,3
2863,RAJVINDER,3
2863,RAKIBUR,3
2863,RAMAL,3
2863,RAMIZ,3
2863,RANDY,3
2863,RANJODH,3
2863,RASHAD,3
2863,RASHAN,3
2863,RASHEED,3
2863,RAVIN,3
2863,RAYYAN,3
2863,RAZWAN,3
2863,REDMOND,3
2863,REEF,3
2863,REMELL,3
2863,REON,3
2863,REZA,3
2863,RHIAN,3
2863,RHIEN,3
2863,RHUN,3
2863,RICCO,3
2863,RICHMOND,3
2863,RICKYLEE,3
2863,RIDHWAAN,3
2863,RIKEN,3
2863,RILWAN,3
2863,RISHAL,3
2863,RISHAN,3
2863,ROD,3
2863,ROHID,3
2863,ROMAIN,3
2863,ROMEL,3
2863,ROWEN,3
2863,RUARAIDH,3
2863,RUHUL,3
2863,RUPINDER,3
2863,RUSHAN,3
2863,RYAN-LEE,3
2863,RYANN,3
2863,RYE,3
2863,SAAHIL,3
2863,SAAJAN,3
2863,SAAM,3
2863,SABASTIAN,3
2863,SABIAN,3
2863,SAFEER,3
2863,SAFI,3
2863,SAFIAN,3
2863,SAFYAAN,3
2863,SAHAND,3
2863,SAHID,3
2863,SAHIN,3
2863,SAIFUL,3
2863,SAJEEL,3
2863,SAJJAD,3
2863,SALAH,3
2863,SALEH,3
2863,SALEM,3
2863,SALMAAN,3
2863,SAMEET,3
2863,SAMER,3
2863,SAMIH,3
2863,SAMIT,3
2863,SAMM,3
2863,SAMRAN,3
2863,SANJEEVAN,3
2863,SAQAB,3
2863,SARACEN,3
2863,SARAN,3
2863,SAYYED,3
2863,SAYYID,3
2863,SEBASTIAAN,3
2863,SELCUK,3
2863,SENNA,3
2863,SENTHOORAN,3
2863,SEON,3
2863,SERCAN,3
2863,SEUMAS,3
2863,SEZER,3
2863,SHAAM,3
2863,SHABAZZ,3
2863,SHAFQAT,3
2863,SHAHAN,3
2863,SHAHEED,3
2863,SHAHEEN,3
2863,SHAHIR,3
2863,SHAHRIAR,3
2863,SHAHZAD,3
2863,SHAHZEB,3
2863,SHAID,3
2863,SHAKA,3
2863,SHAKEEB,3
2863,SHAKEEM,3
2863,SHAM,3
2863,SHAMAR,3
2863,SHAQUILL,3
2863,SHARAZ,3
2863,SHAYAN,3
2863,SHAYE,3
2863,SHEAMUS,3
2863,SHEKU,3
2863,SHER,3
2863,SHERIFF,3
2863,SHERYAR,3
2863,SHINGO,3
2863,SHIVA,3
2863,SHIVAN,3
2863,SHUAYB,3
2863,SIKANDAR,3
2863,SIMCHA,3
2863,SKY,3
2863,SLAINE,3
2863,SOBAN,3
2863,SOFYAN,3
2863,SOHRAB,3
2863,SPENSER,3
2863,STACY,3
2863,STEFFEN,3
2863,STIRLING,3
2863,STRUAN,3
2863,SUHEL,3
2863,SUJAN,3
2863,SUKHDEEP,3
2863,SUKHDEV,3
2863,SUKHJEEVAN,3
2863,SULEIMAN,3
2863,SUMAIR,3
2863,SUNNI,3
2863,SUNNIE,3
2863,SURJEET,3
2863,SYAM,3
2863,SYEED,3
2863,SYLVAIN,3
2863,SYMON,3
2863,TAARIQ,3
2863,TAHMIDUL,3
2863,TAIMOOR,3
2863,TAKUMI,3
2863,TALEN,3
2863,TALVINDER,3
2863,TAM,3
2863,TAMAR,3
2863,TAMIR,3
2863,TANER,3
2863,TANNER,3
2863,TARANJIT,3
2863,TARO,3
2863,TARQUIN,3
2863,TARREN,3
2863,TARYLL,3
2863,TASHON,3
2863,TAUQEER,3
2863,TAWANDA,3
2863,TAWHEED,3
2863,TAY,3
2863,TAYEB,3
2863,TAYIB,3
2863,TEJAS,3
2863,THANH,3
2863,THEODOR,3
2863,THEOPHILUS,3
2863,THERON,3
2863,TIMUR,3
2863,TITUS,3
2863,TOD,3
2863,TOLUWALOPE,3
2863,TOMMASO,3
2863,TOMMI,3
2863,TONI,3
2863,TORELL,3
2863,TORRAN,3
2863,TORY,3
2863,TOSEEF,3
2863,TRAI,3
2863,TYLAN,3
2863,TYLAR,3
2863,TYREN,3
2863,UMMAR,3
2863,UMOR,3
2863,UZAYR,3
2863,UZOMA,3
2863,VAHID,3
2863,VICENTE,3
2863,VIKTOR,3
2863,VINAYKUMAR,3
2863,VINH,3
2863,VIRAL,3
2863,VITO,3
2863,WAHAAB,3
2863,WAHIDUR,3
2863,WAIN,3
2863,WAJAHAT,3
2863,WEZLEY,3
2863,WIL,3
2863,WILLOW,3
2863,YAIR,3
2863,YAKUB,3
2863,YAMEEN,3
2863,YAMIN,3
2863,YANIS,3
2863,YANN,3
2863,YANNIS,3
2863,YAQOOB,3
2863,YASHAR,3
2863,YAW,3
2863,YAZID,3
2863,YEHYA,3
2863,YOEL,3
2863,YONIS,3
2863,YOUNUS,3
2863,YOUSIF,3
2863,YU,3
2863,YUN,3
2863,YUSEPH,3
2863,YUSOF,3
2863,YUSUPHA,3
2863,ZAAKIR,3
2863,ZAHEED,3
2863,ZAIGHAM,3
2863,ZAIN-UL-ABIDEEN,3
2863,ZAINE,3
2863,ZAMIR,3
2863,ZAVIER,3
2863,ZEB,3
2863,ZEHN,3
2863,ZEIN,3
2863,ZEKI,3
2863,ZESHAAN,3
2863,ZEV,3
2863,ZIA,3
2863,ZIGGY,3
2863,ZIYAAD,3
2863,ZUBIN,3
2863,ZULQARNAIN,3
