Rank,Name,Count
1,JACK,9845
2,THOMAS,9468
3,JAMES,9197
4,DANIEL,7732
5,JOSHUA,7672
6,MATTHEW,7171
7,SAMUEL,6072
8,CALLUM,5600
9,JOSEPH,5411
10,JORDAN,5158
11,CONNOR,5155
12,RYAN,4992
13,LUKE,4934
14,WILLIAM,4879
15,HARRY,4761
16,BENJAMIN,4643
17,GEORGE,4540
18,LEWIS,4518
19,ALEXANDER,4460
20,OLIVER,3970
21,ADAM,3811
22,JAKE,3760
23,MICHAEL,3514
24,LIAM,3486
25,NATHAN,3211
26,KIERAN,2731
27,JACOB,2686
28,CAMERON,2655
29,BEN,2640
30,MOHAMMED,2524
31,AARON,2512
32,CHRISTOPHER,2499
33,BRADLEY,2452
34,JAMIE,2451
35,CHARLIE,2401
36,BRANDON,2142
37,ROBERT,2121
38,KYLE,2016
39,DAVID,1993
40,OWEN,1896
41,CHARLES,1868
42,ANDREW,1808
43,REECE,1729
44,EDWARD,1709
45,DYLAN,1643
46,ALEX,1627
47,ETHAN,1565
48,JONATHAN,1484
49,SAM,1441
50,LOUIS,1433
51,MAX,1418
52,DOMINIC,1366
53,JOHN,1357
54,ASHLEY,1317
55,RHYS,1310
56,HENRY,1244
57,CONOR,1225
58,JOE,1211
59,TYLER,1194
60,SCOTT,1185
61,SEAN,1183
62,NICHOLAS,1090
63,ROSS,1022
64,MORGAN,969
65,ELLIOT,964
66,PATRICK,937
67,PETER,935
68,BILLY,894
69,MARK,891
70,STEPHEN,834
71,ALFIE,808
72,HARRISON,803
73,LEE,801
74,ANTHONY,795
75,MITCHELL,794
76,JOEL,782
77,TOBY,769
78,PAUL,767
79,JAY,754
80,JASON,723
81,AIDAN,712
82,RICHARD,683
83,MOHAMMAD,676
84,ISAAC,666
85,DECLAN,663
86,JOSH,645
87,STEVEN,636
88,MARCUS,625
89,MUHAMMAD,621
90,ELLIOTT,613
91,HARVEY,596
92,TOM,579
93,CHRISTIAN,575
94,KANE,574
95,SHANE,568
96,LEON,564
97,SHAUN,558
98,COREY,545
98,ELLIS,545
100,KAI,528
101,CURTIS,503
102,ZACHARY,496
103,RORY,492
104,TAYLOR,491
105,EWAN,489
106,OSCAR,488
107,CRAIG,484
108,CALUM,483
109,TIMOTHY,477
110,BAILEY,455
110,DANNY,455
112,SEBASTIAN,422
113,MASON,408
114,DEAN,406
115,TOMMY,403
116,NIALL,400
116,SIMON,400
118,FREDERICK,390
119,AIDEN,387
120,ARCHIE,373
121,ZAK,372
122,ROBBIE,358
123,GABRIEL,357
124,NATHANIEL,330
125,MATHEW,323
126,TOBIAS,318
127,PHILIP,315
128,GREGORY,311
129,CIARAN,305
130,MILES,302
131,CONNER,301
132,KIERON,300
133,MARTIN,295
134,HAYDEN,294
134,LUCAS,294
136,CARL,286
137,ANGUS,273
138,DARREN,272
138,EUAN,272
140,FRASER,256
141,JORDON,255
142,HAMZA,252
143,KARL,245
143,TRISTAN,245
145,KEVIN,243
146,NOAH,242
146,SYED,242
148,ALISTAIR,240
148,MOHAMED,240
150,MYLES,239
151,ABDUL,234
152,LOUIE,230
153,REGAN,228
154,CALEB,227
155,ROWAN,224
156,STUART,223
157,BRENDAN,216
158,OMAR,215
159,REUBEN,213
160,IAN,212
161,HASSAN,211
162,ALI,209
163,LLOYD,208
164,MUHAMMED,206
165,LAWRENCE,205
165,LEVI,205
167,EVAN,200
168,BRAD,199
169,ARRON,198
169,DILLON,198
169,SPENCER,198
172,GARETH,197
172,MARC,197
174,ALFRED,193
174,BENEDICT,193
176,LEO,192
177,FELIX,190
177,RONAN,190
179,AHMED,187
179,KEIRAN,187
181,MAXIMILIAN,185
182,FINLEY,184
183,CORY,182
183,FINLAY,182
185,HUGO,181
185,LAURENCE,181
187,KIEREN,177
188,KEENAN,176
189,IBRAHIM,175
189,MAXWELL,175
191,FRANCIS,173
192,HARLEY,172
192,THEODORE,172
194,KALLUM,169
195,FINN,168
196,ALAN,167
196,BLAKE,167
198,BILAL,163
198,KRISTIAN,163
198,TOMAS,163
201,ARTHUR,162
201,MACAULEY,162
203,SONNY,160
204,CALVIN,159
204,GUY,159
206,ZAIN,157
207,IEUAN,156
208,GARY,152
208,LUCA,152
210,WESLEY,151
211,HASAN,149
212,BRETT,148
213,SHAY,147
213,STEFAN,147
213,ZACK,147
216,JESSE,146
217,JARED,145
218,JONATHON,141
218,TRAVIS,141
220,HAMZAH,139
220,TROY,139
222,HAMISH,138
222,RICKY,138
224,EMMANUEL,136
225,TONY,135
225,TYRONE,135
227,KURTIS,134
227,WILL,134
229,ANTONY,133
229,DALE,133
231,THEO,132
232,GRANT,131
232,JAMAL,131
232,UMAR,131
235,ARRAN,130
235,KYE,130
237,OWAIN,127
237,ROBIN,127
239,DREW,126
239,JUSTIN,126
239,LOGAN,126
242,ROHAN,124
242,TOMOS,124
244,GAVIN,123
244,MILO,123
246,AUSTIN,121
247,HUGH,119
247,WARREN,119
249,JAK,117
250,ADIL,115
250,ALASTAIR,115
250,KAINE,115
250,PHILLIP,115
250,TODD,115
255,FRANK,114
256,ADRIAN,113
256,KURT,113
256,STANLEY,113
259,JED,111
260,DOUGLAS,109
260,YUSUF,109
262,BOBBY,108
263,CHARLEY,106
263,JASPER,106
263,USMAN,106
266,FRAZER,105
266,HAYDN,105
266,LUIS,105
269,ZAC,104
270,BARNABY,103
270,NEIL,103
272,IWAN,101
273,FRANKIE,100
274,ARJUN,99
274,FERGUS,99
276,AMIR,97
276,DION,97
278,CASEY,96
278,PERRY,96
280,BRIAN,95
281,CHAD,93
282,ALEC,92
282,JONAH,92
282,SOLOMON,92
285,FREDDIE,91
285,ISMAIL,91
285,JEREMY,91
285,JIMMY,91
285,JULIAN,91
285,JUNAID,91
285,RONNIE,91
285,ZACHARIAH,91
293,ABDULLAH,90
293,DAFYDD,90
293,MUSTAFA,90
296,CALLAN,89
296,PIERS,89
298,DUNCAN,88
298,SION,88
300,ALBERT,87
300,MAXIMILLIAN,87
300,VINCENT,87
303,LEIGHTON,86
304,GLEN,85
304,JACKSON,85
304,JON,85
304,RAHUL,85
308,MACAULAY,84
308,STEFFAN,84
310,JAYDEN,83
311,ANTONIO,82
312,ANDRE,81
312,ARON,81
312,JAI,81
312,NICOLAS,81
312,RUSSELL,81
317,ERIC,80
317,JOSEF,80
317,KEELAN,80
320,BRYN,79
320,COLE,79
322,DAMIEN,78
322,REISS,78
324,CAI,77
324,DAMON,77
326,DEVON,75
327,CODY,74
327,KEIR,74
327,RAJA,74
327,SAUL,74
331,DARNELL,73
331,IMRAN,73
331,KEATON,73
334,ALED,72
334,TARIQ,72
336,ARUN,71
336,ASHTON,71
336,BYRON,71
336,ZACH,71
340,JEROME,70
340,RILEY,70
342,CHANDLER,69
342,JAC,69
342,MARCO,69
345,DARIUS,68
345,HUW,68
345,JAKOB,68
345,KAMRAN,68
345,KEIRON,68
345,KENAN,68
351,CAIN,67
351,DEXTER,67
351,HAROON,67
351,LACHLAN,67
351,SAIF,67
356,ANTON,66
356,CIAN,66
356,CONRAD,66
356,KYRAN,66
356,MITCHEL,66
361,ELIJAH,65
362,BRENDON,64
362,MATT,64
362,SETH,64
365,ALASDAIR,63
365,ZAKARIA,63
367,HAIDER,62
367,KELVIN,62
369,AJAY,61
369,ELIOT,61
369,GLENN,61
369,JOHNATHAN,61
369,KENNETH,61
369,QASIM,61
369,SOHAIL,61
376,ASHER,60
376,CLAYTON,60
376,DENNIS,60
376,KEEGAN,60
376,LEONARDO,60
376,TYRELL,60
382,JACQUES,59
382,RHODRI,59
382,SAMI,59
382,TERRY,59
386,FABIAN,58
386,HARRIS,58
386,MARLEY,58
386,XAVIER,58
390,AQIB,57
390,LUC,57
390,RICARDO,57
393,ADNAN,56
393,CALLAM,56
393,COLIN,56
393,DAMIAN,56
393,MACKENZIE,56
398,AMAN,55
398,CAVAN,55
398,EOIN,55
398,GEORGIE,55
398,GRAHAM,55
398,HARIS,55
398,IAIN,55
398,MAXIM,55
398,NATHANAEL,55
398,RAJAN,55
398,SIMEON,55
409,ALESSANDRO,54
409,FAISAL,54
409,KIRAN,54
412,CAINE,53
412,EDMUND,53
412,GREG,53
415,HARRI,52
415,JUDE,52
415,LUKAS,52
415,SIDNEY,52
419,DALTON,51
419,DANYAL,51
419,EDEN,51
419,RUBEN,51
419,SAMIR,51
424,ASAD,50
424,ASIM,50
424,DANE,50
424,HECTOR,50
424,NIKHIL,50
424,TERENCE,50
430,AADAM,49
430,AHMAD,49
430,JAROD,49
430,JOSIAH,49
430,KEITH,49
430,KHALID,49
430,VICTOR,49
437,AKASH,48
437,ARAN,48
437,KAIN,48
437,KARAN,48
437,KISHAN,48
437,RALPH,48
437,RAPHAEL,48
437,RUPERT,48
445,ABBAS,47
445,AMAR,47
445,ASTON,47
445,CONNAH,47
445,GIANNI,47
445,QUINN,47
445,ROBSON,47
452,BRODIE,46
452,GETHIN,46
452,KOFI,46
452,NICO,46
452,SALMAN,46
452,SHELDON,46
458,ANDREAS,45
458,EDWIN,45
458,JARRAD,45
458,MALACHI,45
462,AWAIS,44
462,CHAY,44
462,DANTE,44
462,IZAAK,44
462,RAYMOND,44
467,HASHIM,43
467,LYNDON,43
467,RAVI,43
470,ABRAHAM,42
470,CARLOS,42
470,FAIZAN,42
470,NABEEL,42
470,RIO,42
470,SEAMUS,42
470,SHAWN,42
477,ASA,41
477,BRANDAN,41
477,BRUCE,41
477,FLYNN,41
477,GERAINT,41
477,GIANLUCA,41
477,HUMZA,41
477,MARTYN,41
477,PIERCE,41
477,RAHEEM,41
477,SAHIL,41
477,SHAQUILLE,41
477,SOL,41
490,DARYL,40
490,HUSSAIN,40
490,JARROD,40
490,JOHNNY,40
490,KARIM,40
490,KASIM,40
490,KOBE,40
490,REAGAN,40
490,REES,40
490,ROBERTO,40
490,SHEA,40
490,WAYNE,40
502,ABU,39
502,ELI,39
502,ELIAS,39
502,JAN,39
502,KASEY,39
502,KIAN,39
502,MATTEO,39
502,OSKAR,39
502,YASIN,39
511,GIOVANNI,38
511,JADEN,38
511,KEANAN,38
511,LEWYS,38
511,MOSES,38
511,STEWART,38
511,TYRON,38
511,USAMA,38
519,BENN,37
519,CORMAC,37
519,DEWI,37
519,IBRAHEEM,37
519,RISHI,37
519,SAMUAL,37
519,WADE,37
526,AMIN,36
526,BAYLEY,36
526,DAN,36
526,EDDIE,36
526,HAROLD,36
526,HASEEB,36
526,HASNAIN,36
526,KAMAL,36
526,MEHMET,36
526,RUFUS,36
526,SURAJ,36
526,UZAIR,36
538,ADEEL,35
538,BRYAN,35
538,CARTER,35
538,CHE,35
538,JEFFREY,35
538,KRISHAN,35
544,BARRY,34
544,DEREK,34
544,GILES,34
544,IVAN,34
544,JEEVAN,34
544,KAMERON,34
544,MURRAY,34
544,ROY,34
544,USMAAN,34
544,ZEESHAN,34
554,AAMIR,33
554,ANIL,33
554,COURTNEY,33
554,FAHIM,33
554,HOWARD,33
554,IDRIS,33
554,KAYNE,33
554,KEANU,33
554,KENNY,33
554,LEONARD,33
554,MALIK,33
554,PIERRE,33
554,RIAN,33
554,RUAIRI,33
554,SACHIN,33
554,SAMEER,33
554,TARAN,33
571,AADIL,32
571,ABDIRAHMAN,32
571,BRENT,32
571,BROGAN,32
571,EZRA,32
571,GAGE,32
571,GEOFFREY,32
571,HAYDON,32
571,MOHSIN,32
571,SANJAY,32
571,SEBASTIEN,32
571,TREVOR,32
571,VISHAL,32
571,ZACKARY,32
585,AARRON,31
585,ARJAN,31
585,DARRYL,31
585,JERMAINE,31
585,KADE,31
585,KALUM,31
585,KHALIL,31
585,KINGSLEY,31
585,KRISTOPHER,31
585,KYRON,31
585,MILAN,31
585,RAHIM,31
585,SAMSON,31
585,SHAH,31
585,SULAIMAN,31
600,AMMAR,30
600,ANISH,30
600,AYMAN,30
600,BEAU,30
600,CIERAN,30
600,FRED,30
600,HAARIS,30
600,HENRI,30
600,ISAIAH,30
600,JARRED,30
600,JOEY,30
600,KIRK,30
600,MICAH,30
600,NABIL,30
600,RONALD,30
600,SULEMAN,30
616,ALLAN,29
616,ASIF,29
616,BRANDEN,29
616,COBY,29
616,DANIAL,29
616,GREGOR,29
616,IESTYN,29
616,IFAN,29
616,LEIGH,29
616,SAQIB,29
616,TED,29
616,TERRELL,29
616,VINAY,29
629,AYDEN,28
629,CHESTER,28
629,DILLAN,28
629,GIDEON,28
629,JONTY,28
629,JORGE,28
629,KAVAN,28
629,LANCE,28
629,LORENZO,28
629,NAEEM,28
629,PRINCE,28
629,REMI,28
629,RICHIE,28
629,TATE,28
629,WAQAR,28
644,CAN,27
644,DOMINIK,27
644,ELIS,27
644,EMIL,27
644,ISMAEEL,27
644,JORDEN,27
644,JOSS,27
644,KALEB,27
644,KALEM,27
644,KIT,27
644,MARCEL,27
644,MARLON,27
644,SUNNY,27
657,BRADEN,26
657,DEON,26
657,FARHAN,26
657,FINNIAN,26
657,GERARD,26
657,LAYTON,26
657,MOHAMMOD,26
657,NATHANIAL,26
657,TEDDY,26
657,TY,26
657,YASH,26
657,ZAKARIYA,26
669,AARAN,25
669,ALISTER,25
669,ARCHIBALD,25
669,ASHLEIGH,25
669,ATIF,25
669,BRADY,25
669,BRYCE,25
669,CARLTON,25
669,CEM,25
669,DILAN,25
669,EUGENE,25
669,GUS,25
669,HAKEEM,25
669,JUNIOR,25
669,KEANE,25
669,OLUWATOBI,25
669,OSMAN,25
669,REGGIE,25
669,ROSHAN,25
669,ZAYN,25
689,AKSHAY,24
689,AMAAN,24
689,AMANDEEP,24
689,ANAS,24
689,BRENNAN,24
689,CONALL,24
689,DENIZ,24
689,EMILIO,24
689,JAMIL,24
689,KAREEM,24
689,KASHIF,24
689,LAURIE,24
689,MARSHALL,24
689,MARVIN,24
689,MIGUEL,24
689,NADEEM,24
689,NASEEM,24
689,NOEL,24
689,REEGAN,24
689,RHYDIAN,24
689,RIZWAN,24
689,ROMAN,24
689,SHIVAM,24
689,TOMMY-LEE,24
689,USAMAH,24
689,WAQAS,24
689,ZAKARY,24
716,AKEEM,23
716,ALBIE,23
716,ARMAN,23
716,BECK,23
716,BERNARD,23
716,BLAINE,23
716,COLM,23
716,FABIO,23
716,FAHAD,23
716,FRANCESCO,23
716,JOHNATHON,23
716,KELAN,23
716,KELSEY,23
716,LORCAN,23
716,LYLE,23
716,MALCOLM,23
716,NICKY,23
716,NILE,23
716,OSAMA,23
716,SAMMY,23
716,YAHYA,23
716,ZAID,23
738,AINSLEY,22
738,ALEXANDRE,22
738,AMEER,22
738,ARIF,22
738,BRANDON-LEE,22
738,BRUNO,22
738,CHASE,22
738,DARRELL,22
738,DWAYNE,22
738,DYLON,22
738,EMRE,22
738,FAHEEM,22
738,FINTAN,22
738,GIORGIO,22
738,HARI,22
738,IOAN,22
738,OTTO,22
738,SUFYAAN,22
738,TALHA,22
738,WASIM,22
738,WILLEM,22
738,ZANE,22
738,ZOHAIB,22
761,AMRIT,21
761,AYRTON,21
761,CARLO,21
761,DANYAAL,21
761,DARRAGH,21
761,FREDERIC,21
761,KAYLUM,21
761,LOCHLAN,21
761,LUKA,21
761,MANRAJ,21
761,NAVEED,21
761,OISIN,21
761,QUENTIN,21
761,SAEED,21
761,SHEIKH,21
761,TOMMIE,21
761,TRYSTAN,21
761,YASSIN,21
761,ZAKIR,21
780,ANTOINE,20
780,AZEEM,20
780,BRADLEIGH,20
780,CHAIM,20
780,FARHAAN,20
780,HADLEY,20
780,HAL,20
780,HAMID,20
780,JAE,20
780,JARVIS,20
780,JAYSON,20
780,JEREMIAH,20
780,JULIUS,20
780,KALVIN,20
780,KYNAN,20
780,MOHAMAD,20
780,MUSA,20
780,NIGEL,20
780,OTIS,20
780,RAHEEL,20
780,RONALDO,20
780,RUARI,20
780,SAYED,20
780,SHABAZ,20
780,SHOAIB,20
780,SOHAIB,20
780,STEVE,20
780,SUNIL,20
780,TAHIR,20
780,UMAIR,20
780,WILFRED,20
780,YASEEN,20
780,ZAKI,20
813,ABDULRAHMAN,19
813,ABID,19
813,ADEM,19
813,ALEJANDRO,19
813,ANAND,19
813,ARMAAN,19
813,AUSTEN,19
813,BERTIE,19
813,BILAAL,19
813,CHRISTY,19
813,CYRUS,19
813,DAANYAAL,19
813,EMILE,19
813,EZEKIEL,19
813,FREDDY,19
813,GORDON,19
813,GURPREET,19
813,ISA,19
813,JACQUE,19
813,JAMIE-LEE,19
813,JAYE,19
813,LAMAR,19
813,MARIO,19
813,MCCAULEY,19
813,NEEL,19
813,PABLO,19
813,ROMARIO,19
813,SHAAN,19
813,SHAKEEL,19
813,STEPHAN,19
813,SUHAIL,19
813,TAHMID,19
813,TRE,19
813,TREY,19
813,TYLA,19
813,UWAIS,19
813,WASEEM,19
850,ADEN,18
850,AHSAN,18
850,AMIT,18
850,ANEES,18
850,ANWAR,18
850,AXEL,18
850,BRODY,18
850,CHRISTOS,18
850,DANIAAL,18
850,DANISH,18
850,DENZEL,18
850,DONOVAN,18
850,EAMON,18
850,FRANKLIN,18
850,GARRY,18
850,HUSSEIN,18
850,JAYDON,18
850,JEAN-LUC,18
850,JOSE,18
850,KOREY,18
850,LOUI,18
850,LUQMAN,18
850,MAGNUS,18
850,MIKEY,18
850,MOSHE,18
850,NASIR,18
850,NED,18
850,OAKLEY,18
850,OMARI,18
850,PAOLO,18
850,RAEES,18
850,RAJ,18
850,SHAE,18
850,SHYAM,18
850,TIM,18
850,VARUN,18
850,ZACHERY,18
887,BARNEY,17
887,BRET,17
887,CAMPBELL,17
887,CAMRON,17
887,CLARK,17
887,CONAH,17
887,CONNA,17
887,DEVANTE,17
887,DEVIN,17
887,EATHAN,17
887,EDGAR,17
887,EMYR,17
887,EOGHAN,17
887,GIUSEPPE,17
887,HABIB,17
887,HAIDAR,17
887,HUSNAIN,17
887,ILYAS,17
887,JAGO,17
887,JEZ,17
887,JORDI,17
887,JUAN,17
887,LENNON,17
887,LESLIE,17
887,MAHAD,17
887,MANVIR,17
887,NELSON,17
887,NICK,17
887,ORLANDO,17
887,PEARCE,17
887,RAFAEL,17
887,SUBHAN,17
887,TARIK,17
887,TRENT,17
887,TYE,17
887,UMER,17
887,ZESHAN,17
924,ABEL,16
924,ADNAAN,16
924,ALEXANDROS,16
924,ALVIN,16
924,ANGELO,16
924,ARBAAZ,16
924,ARMANI,16
924,ASHLEE,16
924,BERTRAM,16
924,CADE,16
924,CONAN,16
924,DARIO,16
924,DENIS,16
924,DOMONIC,16
924,EAMONN,16
924,EREN,16
924,HUMZAH,16
924,HUZAIFAH,16
924,HYWEL,16
924,IKRAM,16
924,JAMAAL,16
924,JERRY,16
924,JIM,16
924,KARAM,16
924,KEIREN,16
924,OLLIE,16
924,PAVAN,16
924,ROHIT,16
924,SHIV,16
924,SUBHAAN,16
924,SULTAN,16
924,TAI,16
924,TAYLER,16
924,YASIR,16
958,ABUBAKAR,15
958,ALIX,15
958,ARNOLD,15
958,CHRIS,15
958,COLBY,15
958,EMERSON,15
958,ERIK,15
958,FARAZ,15
958,FINBAR,15
958,FLETCHER,15
958,HAKIM,15
958,HALLAM,15
958,HAMMAD,15
958,IRFAN,15
958,JAIDEN,15
958,JAIME,15
958,JEVAN,15
958,JOZEF,15
958,JULES,15
958,KAAN,15
958,KAMIL,15
958,KIEFER,15
958,KIERRAN,15
958,KRIS,15
958,LENNY,15
958,MAHDI,15
958,MANDEEP,15
958,MEHDI,15
958,NAZIM,15
958,NIKOLAS,15
958,NYLE,15
958,PADRAIG,15
958,PEDRO,15
958,RAYHAN,15
958,REID,15
958,RICO,15
958,RUDI,15
958,SAAD,15
958,TANVIR,15
958,TAYYAB,15
958,VIVEK,15
958,ZUBAIR,15
1000,AHMET,14
1000,AMEEN,14
1000,ANDY,14
1000,AQEEB,14
1000,AQEEL,14
1000,AVINASH,14
1000,AZIZ,14
1000,BARNABAS,14
1000,BILL,14
1000,BILLY-JOE,14
1000,BRADLEE,14
1000,CAOLAN,14
1000,CATHAL,14
1000,CONAL,14
1000,DERRY,14
1000,DONALD,14
1000,ELIOTT,14
1000,FINDLAY,14
1000,FIRAT,14
1000,FRASIER,14
1000,GERALD,14
1000,GRADY,14
1000,HAMMAAD,14
1000,HARUN,14
1000,JAGDEEP,14
1000,JAWAD,14
1000,JESS,14
1000,JETHRO,14
1000,JOSEFF,14
1000,JUNAYD,14
1000,KALIM,14
1000,KAYLEM,14
1000,LEYTON,14
1000,LINUS,14
1000,MATTHIAS,14
1000,MERT,14
1000,MIRZA,14
1000,NAHID,14
1000,NANA,14
1000,NIAL,14
1000,NUMAAN,14
1000,RAY,14
1000,ROGER,14
1000,SAGAR,14
1000,SID,14
1000,STAN,14
1000,SUFYAN,14
1000,TASHAN,14
1000,TORIN,14
1000,TRAFFORD,14
1000,TYREKE,14
1000,UMUT,14
1000,VAUGHAN,14
1000,WIL,14
1000,ZAHID,14
1055,AAKASH,13
1055,ADITYA,13
1055,AUGUSTUS,13
1055,AYDIN,13
1055,BALRAJ,13
1055,BHAVIK,13
1055,BILLIE,13
1055,CALLEN,13
1055,CHARLY,13
1055,CLAY,13
1055,DANIYAL,13
1055,DARCY,13
1055,DEVAN,13
1055,DEVONTE,13
1055,DHRUV,13
1055,DOMENICO,13
1055,EMANUEL,13
1055,FARIS,13
1055,GOVIND,13
1055,GURVINDER,13
1055,IDREES,13
1055,ISHAQ,13
1055,ISRAR,13
1055,JAVAN,13
1055,JEM,13
1055,JOBE,13
1055,JODY,13
1055,JULIEN,13
1055,KHALEEL,13
1055,KODY,13
1055,KONNOR,13
1055,KUSH,13
1055,KUSHAL,13
1055,KWAME,13
1055,LINTON,13
1055,MAHMOUD,13
1055,MAURICE,13
1055,MAXIME,13
1055,MONTEL,13
1055,NADIM,13
1055,NAIM,13
1055,ORAN,13
1055,OZAN,13
1055,REHAN,13
1055,RIAZ,13
1055,RODNEY,13
1055,SHAHID,13
1055,SHAMUS,13
1055,SIMRAN,13
1055,STORM,13
1055,THOM,13
1055,WALEED,13
1055,WALID,13
1055,WALTER,13
1055,YISROEL,13
1110,ABDI,12
1110,AKBAR,12
1110,ALBY,12
1110,ALESSIO,12
1110,ALUN,12
1110,ANEURIN,12
1110,ANIS,12
1110,ARSALAN,12
1110,AZHAR,12
1110,BROOK,12
1110,CHARLTON,12
1110,CLEMENT,12
1110,COOPER,12
1110,CORBIN,12
1110,CORREY,12
1110,CORRIE,12
1110,DAANISH,12
1110,DANIELE,12
1110,EBRAHIM,12
1110,EWEN,12
1110,FAIZ,12
1110,FAIZAAN,12
1110,GAURAV,12
1110,GWION,12
1110,HAASHIM,12
1110,HAKAN,12
1110,HARDEEP,12
1110,HISHAM,12
1110,HUSEYIN,12
1110,ISHMAEL,12
1110,ISRAEL,12
1110,IZAAC,12
1110,JASPAL,12
1110,JEAN,12
1110,JEDD,12
1110,JOBY,12
1110,JOHN-PAUL,12
1110,JONAS,12
1110,KABIR,12
1110,KAILUM,12
1110,KAYLAN,12
1110,KHAN,12
1110,KIENAN,12
1110,KWAKU,12
1110,LARS,12
1110,LEROY,12
1110,LLYR,12
1110,MAHIR,12
1110,MARKUS,12
1110,MATTHIEU,12
1110,MERLIN,12
1110,MOISHE,12
1110,MONTY,12
1110,NATHEN,12
1110,NIKESH,12
1110,OWAIS,12
1110,PADDY,12
1110,PRIYESH,12
1110,RAFE,12
1110,RAHIL,12
1110,RAIHAN,12
1110,RAMI,12
1110,RASHAAN,12
1110,RAVINDER,12
1110,RAZWAN,12
1110,RICCARDO,12
1110,RUARIDH,12
1110,RYLEY,12
1110,SANDEEP,12
1110,SHAI,12
1110,SHUAIB,12
1110,SYDNEY,12
1110,TERRENCE,12
1110,TIERNAN,12
1110,TRISTEN,12
1110,YOUSSEF,12
1110,YOUSUF,12
1110,ZACHARIAS,12
1188,ABDULLAHI,11
1188,ABUL,11
1188,AKEEL,11
1188,AMARI,11
1188,AQIL,11
1188,ARANDEEP,11
1188,ARIEL,11
1188,ASHRAF,11
1188,ASHWIN,11
1188,AYUB,11
1188,BENITO,11
1188,CHI,11
1188,CLIFFORD,11
1188,DAVEY,11
1188,DENZIL,11
1188,DOMINICK,11
1188,EDAN,11
1188,ETHEN,11
1188,FRANCISCO,11
1188,GARIN,11
1188,GHULAM,11
1188,GIACOMO,11
1188,GUTO,11
1188,HAIDEN,11
1188,HARPREET,11
1188,HARVINDER,11
1188,HUZAIFA,11
1188,JASDEEP,11
1188,JASKARAN,11
1188,JAYKE,11
1188,JOAO,11
1188,JOHAN,11
1188,JORDAN-LEE,11
1188,KAILEM,11
1188,KALON,11
1188,KAYLEN,11
1188,KEALAN,11
1188,KERIM,11
1188,KILLIAN,11
1188,LIBAN,11
1188,LINDEN,11
1188,MARIUS,11
1188,MARTY,11
1188,MATHIEU,11
1188,MCKENZIE,11
1188,MONTGOMERY,11
1188,MORDECHAI,11
1188,MORRIS,11
1188,MUNEEB,11
1188,NADIR,11
1188,NYALL,11
1188,OMER,11
1188,ONUR,11
1188,PAVANDEEP,11
1188,QUINLAN,11
1188,REMY,11
1188,RITCHIE,11
1188,RIVER,11
1188,ROHAIL,11
1188,ROLAND,11
1188,RUI,11
1188,SASHA,11
1188,SCOT,11
1188,SERGIO,11
1188,SHAHZAIB,11
1188,SHAYAN,11
1188,SONNIE,11
1188,SUHAIB,11
1188,SUKHRAJ,11
1188,SULLIVAN,11
1188,TIAGO,11
1188,TOLGA,11
1188,TYRAN,11
1188,VINCENZO,11
1188,ZAKARIYYA,11
1263,ADDISON,10
1263,ADEEB,10
1263,ADEL,10
1263,AKHIL,10
1263,ALEXIS,10
1263,AMARDEEP,10
1263,ANDREA,10
1263,ARVIN,10
1263,AVROHOM,10
1263,BRAYDEN,10
1263,BURHAN,10
1263,CAIRO,10
1263,CAL,10
1263,CALE,10
1263,CARRICK,10
1263,CASPIAN,10
1263,CASSIUS,10
1263,CLARKE,10
1263,CLINTON,10
1263,CONNAGH,10
1263,CORI,10
1263,COSMO,10
1263,DAMION,10
1263,DARA,10
1263,DARSHAN,10
1263,DENNY,10
1263,DHANYAL,10
1263,DIMITRI,10
1263,EBEN,10
1263,EDUARDO,10
1263,ETIENNE,10
1263,FIONN,10
1263,FREDRICK,10
1263,FYNN,10
1263,GULAM,10
1263,GURDEEP,10
1263,GWILYM,10
1263,HADYN,10
1263,HARVEER,10
1263,HERBERT,10
1263,IMAD,10
1263,ISMAEL,10
1263,ISSA,10
1263,JAYAN,10
1263,JAYDAN,10
1263,JEVON,10
1263,JOHANNES,10
1263,KADEEM,10
1263,KALEEM,10
1263,KEAN,10
1263,KHIZAR,10
1263,KIER,10
1263,KONNA,10
1263,KONRAD,10
1263,KORY,10
1263,KWABENA,10
1263,LUCIANO,10
1263,LUCIEN,10
1263,MACAULY,10
1263,MAHAMED,10
1263,MAHMOOD,10
1263,MARKO,10
1263,MAVERICK,10
1263,MENACHEM,10
1263,MICHEAL,10
1263,MIKHAIL,10
1263,MIR,10
1263,MOHIT,10
1263,NASH,10
1263,NASIM,10
1263,PARIS,10
1263,PARMINDER,10
1263,PHOENIX,10
1263,QUINTON,10
1263,RAJIV,10
1263,RAM,10
1263,RAUL,10
1263,REEF,10
1263,REESE,10
1263,RHYCE,10
1263,RICKI,10
1263,RICKIE,10
1263,RIDWAN,10
1263,RYLAN,10
1263,SAHIB,10
1263,SALEEM,10
1263,SALVATORE,10
1263,SAQLAIN,10
1263,SHEM,10
1263,SILAS,10
1263,SPIKE,10
1263,STEFANO,10
1263,SULAYMAN,10
1263,SVEN,10
1263,TADHG,10
1263,TYRRELL,10
1263,USAAMAH,10
1263,VINNY,10
1263,WILSON,10
1263,YOUCEF,10
1263,YOUSEF,10
1263,YOUSIF,10
1263,ZACKERY,10
1263,ZAYD,10
1367,AARONDEEP,9
1367,ABDULAZIZ,9
1367,ADHAM,9
1367,AERON,9
1367,AKRAM,9
1367,AL,9
1367,ALISDAIR,9
1367,AMER,9
1367,AMRIK,9
1367,ARBAZ,9
1367,ARIAN,9
1367,ARSLAN,9
1367,ASHISH,9
1367,AYOMIDE,9
1367,BARAN,9
1367,BASIL,9
1367,BILLAL,9
1367,BLAYNE,9
1367,BLUE,9
1367,BRENDEN,9
1367,CAELAN,9
1367,CALLUN,9
1367,CHETAN,9
1367,CHEY,9
1367,CIARON,9
1367,CONER,9
1367,CONSTANTINOS,9
1367,CY,9
1367,DARAGH,9
1367,DAVIS,9
1367,DEEN,9
1367,DEKLAN,9
1367,DENVER,9
1367,DONTAE,9
1367,DRU,9
1367,EHSAN,9
1367,EMLYN,9
1367,EPHRAIM,9
1367,FERGAL,9
1367,GEORGIOS,9
1367,GLYN,9
1367,GRAEME,9
1367,HAMAD,9
1367,IHSAN,9
1367,ISAAK,9
1367,IVO,9
1367,JENSEN,9
1367,JENSON,9
1367,JONJO,9
1367,JOWAN,9
1367,KAILAN,9
1367,KALAM,9
1367,KALLAM,9
1367,KALLAN,9
1367,KAYA,9
1367,KAYDEN,9
1367,KAZI,9
1367,KEENEN,9
1367,KEHINDE,9
1367,KELLAN,9
1367,KEMAL,9
1367,KHIZER,9
1367,KHURAM,9
1367,KIM,9
1367,KORI,9
1367,KYAN,9
1367,MAHAMMED,9
1367,MAHESH,9
1367,MANISH,9
1367,MANPREET,9
1367,MARCOS,9
1367,MATEO,9
1367,MELVIN,9
1367,MITESH,9
1367,MOHD,9
1367,MONTELL,9
1367,MUHAMED,9
1367,MUHSIN,9
1367,MUJTABA,9
1367,MURAT,9
1367,NASSIM,9
1367,NEAL,9
1367,NILES,9
1367,NIMA,9
1367,NIRAJ,9
1367,OLIVIER,9
1367,OLUWAFEMI,9
1367,OLUWASEUN,9
1367,OWYN,9
1367,PASCAL,9
1367,PATRIK,9
1367,PREM,9
1367,QAMAR,9
1367,RAFI,9
1367,RAKIM,9
1367,RAZA,9
1367,REACE,9
1367,REIS,9
1367,REMEL,9
1367,RHYAN,9
1367,RIORDAN,9
1367,RODERICK,9
1367,SAFYAN,9
1367,SATNAM,9
1367,SHAKIL,9
1367,SHAYNE,9
1367,SHOMARI,9
1367,SIRAJ,9
1367,STEPHANE,9
1367,SUKHVIR,9
1367,SULEIMAN,9
1367,TALHAH,9
1367,TYRIQUE,9
1367,UMAYR,9
1367,VINNIE,9
1367,YOSEF,9
1367,ZION,9
1367,ZIYAD,9
1485,ABDURAHMAN,8
1485,ABUBAKR,8
1485,ADEDAYO,8
1485,ALEEM,8
1485,ALEKSANDER,8
1485,ALEXEI,8
1485,AMMAAR,8
1485,AMOS,8
1485,ANDERSON,8
1485,ANDRES,8
1485,ANUJ,8
1485,ARSHAD,8
1485,ARUNDEEP,8
1485,BARTHOLOMEW,8
1485,BENTLEY,8
1485,BHAVESH,8
1485,BOB,8
1485,BORUCH,8
1485,CANER,8
1485,CASPER,8
1485,CELLAN,8
1485,CHANCE,8
1485,CONNAR,8
1485,CORIE,8
1485,CORIN,8
1485,DAMANI,8
1485,DAOUD,8
1485,DARNELLE,8
1485,DARRAN,8
1485,DARWIN,8
1485,DAWOOD,8
1485,DAYNE,8
1485,DEEPAK,8
1485,DEV,8
1485,DILRAJ,8
1485,DON,8
1485,DONTE,8
1485,ENZO,8
1485,FABRIZIO,8
1485,FARHAD,8
1485,FARID,8
1485,FERNANDO,8
1485,FOX,8
1485,FUAD,8
1485,GRUFFYDD,8
1485,HAFEEZ,8
1485,HANAD,8
1485,HARLAN,8
1485,HERBIE,8
1485,HIMESH,8
1485,HISHAAM,8
1485,HITEN,8
1485,HUBERT,8
1485,IHTISHAM,8
1485,IJAZ,8
1485,IMAN,8
1485,INIGO,8
1485,IOANNIS,8
1485,ISLAM,8
1485,JAHID,8
1485,JAHMAL,8
1485,JAIMIN,8
1485,JAMAINE,8
1485,JAMEEL,8
1485,JAMEL,8
1485,JARAD,8
1485,JASRAJ,8
1485,JAVED,8
1485,JAYME,8
1485,JAZZ,8
1485,JIBRAN,8
1485,JOACHIM,8
1485,JOHANN,8
1485,JUDAH,8
1485,KA,8
1485,KALEN,8
1485,KALLEM,8
1485,KESHAV,8
1485,KETAN,8
1485,KIARAN,8
1485,KILIAN,8
1485,KORAY,8
1485,KRISTEN,8
1485,LEMUEL,8
1485,LINCOLN,8
1485,LOIC,8
1485,LUCIAN,8
1485,LUCUS,8
1485,LUDOVIC,8
1485,LUIGI,8
1485,MAISON,8
1485,MANVEER,8
1485,MAREK,8
1485,MASSIMO,8
1485,MAYUR,8
1485,MIKE,8
1485,MOHMMED,8
1485,MUHAMMOD,8
1485,MUJAHID,8
1485,MYRON,8
1485,NAVIN,8
1485,NORMAN,8
1485,OLAOLUWA,8
1485,OMAIR,8
1485,ORRIN,8
1485,PARTH,8
1485,PAULO,8
1485,PELE,8
1485,PHILIPPE,8
1485,PIRAN,8
1485,QAASIM,8
1485,RAEKWON,8
1485,RAHAT,8
1485,RAJVIR,8
1485,RAKEEM,8
1485,RAMONE,8
1485,RASHAUN,8
1485,RAYAN,8
1485,REEVE,8
1485,REILLY,8
1485,REX,8
1485,ROAN,8
1485,RORIE,8
1485,RUAIRIDH,8
1485,RUDY,8
1485,RUEBEN,8
1485,SAFWAN,8
1485,SAID,8
1485,SAJID,8
1485,SAKIB,8
1485,SALIM,8
1485,SAMAD,8
1485,SAMRAJ,8
1485,SANJEEV,8
1485,SHIMON,8
1485,SHLOMO,8
1485,SHOHAIB,8
1485,SOREN,8
1485,STEVIE,8
1485,SULAIMAAN,8
1485,TANZEEL,8
1485,TAYAB,8
1485,TAYYIB,8
1485,TIGER,8
1485,TITUS,8
1485,TOMASZ,8
1485,TOMMI,8
1485,TREMAINE,8
1485,TYREECE,8
1485,UBAID,8
1485,UTHMAN,8
1485,VIJAY,8
1485,VISHNU,8
1485,WYATT,8
1485,YANNICK,8
1485,YOUNIS,8
1485,ZAKK,8
1642,ABDUL-RAHMAN,7
1642,ABDULKADIR,7
1642,ABDULLA,7
1642,ABDURRAHMAN,7
1642,ABHISHEK,7
1642,ACE,7
1642,AEDAN,7
1642,AKAASH,7
1642,AKIRA,7
1642,ALEXANDA,7
1642,AMAAD,7
1642,AMBROSE,7
1642,ANEEQ,7
1642,ANOOP,7
1642,ARI,7
1642,ARYAN,7
1642,AUBREY,7
1642,AYAZ,7
1642,AYODEJI,7
1642,AZAD,7
1642,BADR,7
1642,BAILLIE,7
1642,BALDEEP,7
1642,BECKHAM,7
1642,BILLY-RAY,7
1642,BLAIR,7
1642,BOBBIE,7
1642,BORIS,7
1642,BURAK,7
1642,CAIUS,7
1642,CAMRAN,7
1642,CARSON,7
1642,CASPAR,7
1642,CEIRAN,7
1642,CHIRAG,7
1642,COBI,7
1642,CODI,7
1642,CONAR,7
1642,CONNAN,7
1642,CONNELL,7
1642,CRISTIAN,7
1642,CULLEN,7
1642,CYLE,7
1642,DAWSON,7
1642,DAWUD,7
1642,DEEP,7
1642,DEMPSEY,7
1642,DERI,7
1642,DERMOT,7
1642,DESMOND,7
1642,DOV,7
1642,DRAY,7
1642,EDIZ,7
1642,ENES,7
1642,ERIN,7
1642,EROL,7
1642,ESHAN,7
1642,FABIEN,7
1642,FARAAZ,7
1642,FAYSAL,7
1642,FINNBAR,7
1642,FORD,7
1642,FORHAD,7
1642,GARYN,7
1642,GEORDIE,7
1642,GINO,7
1642,GREGG,7
1642,HALIL,7
1642,HAMSA,7
1642,HANIF,7
1642,HARMAN,7
1642,HARRIE,7
1642,HUSAM,7
1642,INDER,7
1642,IZAK,7
1642,JAHED,7
1642,JATIN,7
1642,JAVIER,7
1642,JAWAAD,7
1642,JAY-JAY,7
1642,JEDIDIAH,7
1642,JIMI,7
1642,JON-PAUL,7
1642,JOS,7
1642,JUN,7
1642,KADIR,7
1642,KAL,7
1642,KALE,7
1642,KASPAR,7
1642,KAVANAGH,7
1642,KAVI,7
1642,KAYLAM,7
1642,KEAGAN,7
1642,KELTON,7
1642,KEN,7
1642,KERN,7
1642,KESTER,7
1642,KEVAL,7
1642,KHALED,7
1642,KHAWAJA,7
1642,KIRON,7
1642,KOBI,7
1642,KUNAL,7
1642,KYM,7
1642,LAITH,7
1642,LENNOX,7
1642,LLEWELYN,7
1642,LYNDEN,7
1642,MAHAMMAD,7
1642,MAJID,7
1642,MALAKAI,7
1642,MANJINDER,7
1642,MATIAS,7
1642,MIRAJ,7
1642,MOIN,7
1642,MUBARAK,7
1642,MURTAZA,7
1642,NAUMAN,7
1642,NAZAM,7
1642,NICKOLAS,7
1642,NIELS,7
1642,NIKO,7
1642,NOMAN,7
1642,NUMAN,7
1642,OLAMIDE,7
1642,PARAS,7
1642,PERRIE,7
1642,PRESTON,7
1642,QUAID,7
1642,RAJEEV,7
1642,REED,7
1642,RENE,7
1642,REZWAN,7
1642,SACHA,7
1642,SADIQ,7
1642,SAFWAAN,7
1642,SALIH,7
1642,SAMEE,7
1642,SANCHEZ,7
1642,SERKAN,7
1642,SEYED,7
1642,SHAKIR,7
1642,SHAN,7
1642,SHANIL,7
1642,SHANNON,7
1642,SHAYE,7
1642,SHAZAD,7
1642,SHEIK,7
1642,SHERIDAN,7
1642,SIKANDER,7
1642,SOFIANE,7
1642,SOUL,7
1642,STRUAN,7
1642,SUFIYAN,7
1642,SULEYMAN,7
1642,SUNDEEP,7
1642,TAINE,7
1642,TAIWO,7
1642,TALAL,7
1642,TANVEER,7
1642,TARRAN,7
1642,TARUN,7
1642,TEEJAY,7
1642,TIMON,7
1642,TOBIN,7
1642,TRAE,7
1642,TYREL,7
1642,TYRIQ,7
1642,VAUGHN,7
1642,VIKESH,7
1642,VIREN,7
1642,VOLKAN,7
1642,WILIAM,7
1642,YEHUDA,7
1642,YOEL,7
1642,YUNUS,7
1642,ZAINUL,7
1642,ZECHARIAH,7
1642,ZIA,7
1821,AASIM,6
1821,ABDALLAH,6
1821,ABDINASIR,6
1821,ABU-BAKR,6
1821,ADAL,6
1821,ADRIEN,6
1821,AENGUS,6
1821,AHAD,6
1821,AKEEB,6
1821,AKIL,6
1821,ALIM,6
1821,AMIL,6
1821,AMINUL,6
1821,AMMAN,6
1821,AMRITPAL,6
1821,AREEB,6
1821,ART,6
1821,ARVIND,6
1821,ARWEL,6
1821,ASLAM,6
1821,ASSAD,6
1821,AVI,6
1821,AYDAN,6
1821,AZIM,6
1821,BADER,6
1821,BARRIE,6
1821,BENJAMEN,6
1821,BENJIMAN,6
1821,BERKAY,6
1821,BEVAN,6
1821,BLEU,6
1821,BRAD-LEE,6
1821,BRAIDEN,6
1821,CADAN,6
1821,CAILAN,6
1821,CALAN,6
1821,CALEM,6
1821,CAMARON,6
1821,CAMERAN,6
1821,CANE,6
1821,CERI,6
1821,CHARBEL,6
1821,CHUKWUEMEKA,6
1821,CODEY,6
1821,COLLIN,6
1821,COLUM,6
1821,CONSTANTINE,6
1821,CORBEN,6
1821,CORBYN,6
1821,DARIAN,6
1821,DARIEN,6
1821,DAYLE,6
1821,DEACON,6
1821,DEAGLAN,6
1821,DEL,6
1821,DHAVAL,6
1821,DHILLON,6
1821,DIEGO,6
1821,DINO,6
1821,DIOGO,6
1821,DONNELL,6
1821,DOYLE,6
1821,DRE,6
1821,DUANE,6
1821,DWIGHT,6
1821,DYLLAN,6
1821,EARL,6
1821,EBENEZER,6
1821,EDMOND,6
1821,ELIMELECH,6
1821,ENOCH,6
1821,ENRICO,6
1821,FAHD,6
1821,FILIPPO,6
1821,FLOYD,6
1821,FRANCOIS,6
1821,FRAZIER,6
1821,FURQAN,6
1821,GAGANDEEP,6
1821,GIANCARLO,6
1821,GIULIO,6
1821,GRUFFUDD,6
1821,GUILLAUME,6
1821,GURINDER,6
1821,HAAROON,6
1821,HADEN,6
1821,HAMAAD,6
1821,HAMILTON,6
1821,HARKIRAT,6
1821,HARMEET,6
1821,HASHAM,6
1821,HASNAT,6
1821,HEATH,6
1821,HUNTER,6
1821,HUSAIN,6
1821,IBRAR,6
1821,IGNACIO,6
1821,IHTISHAAM,6
1821,ILAN,6
1821,IMAAD,6
1821,IMANI,6
1821,IMMANUEL,6
1821,INDERPAL,6
1821,IQBAL,6
1821,ISSAC,6
1821,JACKY,6
1821,JAHAN,6
1821,JAIMIE,6
1821,JARRYD,6
1821,JEFFERSON,6
1821,JERON,6
1821,JESSIE,6
1821,JIMMIE,6
1821,JODI,6
1821,JOHNNIE,6
1821,JOHNSON,6
1821,JON-LUKE,6
1821,JOSHUA-LEE,6
1821,JOVAN,6
1821,JUSTICE,6
1821,KAELAN,6
1821,KAELUM,6
1821,KARANDEEP,6
1821,KARANVEER,6
1821,KASSIM,6
1821,KAZIM,6
1821,KELLEN,6
1821,KENTON,6
1821,KEREM,6
1821,KHAI,6
1821,KHALEEM,6
1821,KIA,6
1821,KIAL,6
1821,KIELAN,6
1821,KIERNAN,6
1821,KING,6
1821,KOBIE,6
1821,KORBEN,6
1821,KORIE,6
1821,KRAIG,6
1821,KRISTOFER,6
1821,KRISTOFFER,6
1821,KWESI,6
1821,KYLAN,6
1821,LAMIN,6
1821,LARRY,6
1821,LEWES,6
1821,LEWIE,6
1821,LLEWELLYN,6
1821,LOCHLANN,6
1821,LOWELL,6
1821,MAHID,6
1821,MALACHY,6
1821,MALEK,6
1821,MANSOOR,6
1821,MANUEL,6
1821,MARCIN,6
1821,MATEUSZ,6
1821,MATHIAS,6
1821,MD,6
1821,MD.,6
1821,MICHELE,6
1821,MICKY,6
1821,MISHA,6
1821,MONTAGUE,6
1821,MUBARIK,6
1821,MUSTAPHA,6
1821,NAHSHON,6
1821,NAHUM,6
1821,NASSER,6
1821,NAYEEM,6
1821,NEVILLE,6
1821,NIAM,6
1821,NIKITA,6
1821,NIKOLAI,6
1821,NIKOLAOS,6
1821,NILS,6
1821,NIRAV,6
1821,NITESH,6
1821,NORTON,6
1821,OBINNA,6
1821,OCEAN,6
1821,OLUWATOSIN,6
1821,OREN,6
1821,PIETRO,6
1821,PRANAV,6
1821,RAJDEEP,6
1821,RAJESH,6
1821,RAJINDER,6
1821,RAJVEER,6
1821,RAMAN,6
1821,RAMEEZ,6
1821,RAMON,6
1821,RAMZAN,6
1821,RAQEEB,6
1821,RASHID,6
1821,RIKKI,6
1821,ROGAN,6
1821,ROHAAN,6
1821,RONAK,6
1821,ROURKE,6
1821,RUAN,6
1821,RUHUL,6
1821,SABIR,6
1821,SAI,6
1821,SALMAAN,6
1821,SAMY,6
1821,SAVAS,6
1821,SHABAN,6
1821,SHAHAN,6
1821,SHAMAS,6
1821,SHARIF,6
1821,SHAW,6
1821,SHERIFF,6
1821,SHIRAZ,6
1821,SHMUEL,6
1821,SIRAAJ,6
1821,SOLOMAN,6
1821,SONAM,6
1821,SUHAYB,6
1821,SUHAYL,6
1821,SUKHBIR,6
1821,SUKHDEEP,6
1821,SULIMAN,6
1821,TAHA,6
1821,TAHER,6
1821,TAHMIDUR,6
1821,TAIMOOR,6
1821,TAJ,6
1821,TAUQEER,6
1821,TAUSEEF,6
1821,TAYLAN,6
1821,TAYYEB,6
1821,TEAL,6
1821,THEODOROS,6
1821,TIARNAN,6
1821,TRAI,6
1821,TRISTIAN,6
1821,TYLOR,6
1821,TYRESE,6
1821,VIKRAM,6
1821,WAJAHAT,6
1821,WASIF,6
1821,WILLIS,6
1821,YANN,6
1821,YASAR,6
1821,YILMAZ,6
1821,YITZCHOK,6
1821,YOUSAF,6
1821,ZAAKIR,6
1821,ZAIN-UL-ABIDEEN,6
1821,ZAYYAN,6
1821,ZISHAN,6
2074,ABASS,5
2074,ABDUL-AZEEZ,5
2074,ABDULAHI,5
2074,ABDUR,5
2074,ABDUS,5
2074,ABIDUR,5
2074,ABIR,5
2074,ABRAR,5
2074,ACER,5
2074,ADEMOLA,5
2074,AFZAL,5
2074,AIMAN,5
2074,AKIB,5
2074,AKIF,5
2074,AKIN,5
2074,ALBAN,5
2074,ALBI,5
2074,ALEKSANDAR,5
2074,ALFREDO,5
2074,ALLEN,5
2074,ALLY,5
2074,ALP,5
2074,ALY,5
2074,ANDERS,5
2074,ANDRZEJ,5
2074,AODHAN,5
2074,ARFAN,5
2074,ARHAM,5
2074,ARIN,5
2074,ARLEN,5
2074,AROON,5
2074,ARSLAAN,5
2074,ASAM,5
2074,ASHFAQ,5
2074,ASSIM,5
2074,ATEEQ,5
2074,ATHANASIOS,5
2074,ATILLA,5
2074,AUGUSTINE,5
2074,AYAN,5
2074,AYOMIKUN,5
2074,BADEN,5
2074,BAILIE,5
2074,BAILY,5
2074,BALAL,5
2074,BAYLEE,5
2074,BELAL,5
2074,BENJAMAN,5
2074,BENYAMIN,5
2074,BINYOMIN,5
2074,BLADE,5
2074,BLANE,5
2074,BLAZE,5
2074,BLEDDYN,5
2074,BRADLY,5
2074,BRANNON,5
2074,BRINLEY,5
2074,BRONSON,5
2074,BUSTER,5
2074,CAIRAN,5
2074,CALEY,5
2074,CALLEM,5
2074,CAREY,5
2074,CATHAN,5
2074,CEDRIC,5
2074,CEEJAY,5
2074,CHAE,5
2074,CHARLEE,5
2074,CHAS,5
2074,CIERON,5
2074,CLAUDE,5
2074,CLIVE,5
2074,CODIE,5
2074,COLT,5
2074,CORNELIUS,5
2074,CRISPIN,5
2074,CURT,5
2074,DANNIE,5
2074,DARRIAN,5
2074,DAVE,5
2074,DAVIE,5
2074,DAX,5
2074,DECLYN,5
2074,DEIAN,5
2074,DERICK,5
2074,DONELL,5
2074,DONNIE,5
2074,DOVID,5
2074,DUDLEY,5
2074,DWAIN,5
2074,EDOARDO,5
2074,EHREN,5
2074,EMAD,5
2074,EMMET,5
2074,ERAY,5
2074,ERNEST,5
2074,ERROL,5
2074,FAREED,5
2074,FAROUK,5
2074,FARRELL,5
2074,FAYAZ,5
2074,FELIPE,5
2074,FENN,5
2074,FERDINAND,5
2074,FEZAN,5
2074,FINIAN,5
2074,FIRAS,5
2074,FRANKLYN,5
2074,FREDERIK,5
2074,GABE,5
2074,GAVINDEEP,5
2074,GAVINDER,5
2074,GEORGI,5
2074,GIAN,5
2074,GURKARAN,5
2074,GURNAIK,5
2074,GWYDION,5
2074,HABEEB,5
2074,HADI,5
2074,HADRIEN,5
2074,HAMEED,5
2074,HANI,5
2074,HANS,5
2074,HARJEEVAN,5
2074,HARPAL,5
2074,HARSH,5
2074,HARSIMRAN,5
2074,HASHEM,5
2074,HASNAN,5
2074,HEDLEY,5
2074,HERSH,5
2074,HICHAM,5
2074,HIMAT,5
2074,HO,5
2074,HORATIO,5
2074,HUDHAYFAH,5
2074,HUMAID,5
2074,HUSSAM,5
2074,IANTO,5
2074,IFZAL,5
2074,IGOR,5
2074,IMTIAZ,5
2074,IRA,5
2074,IVOR,5
2074,JAD,5
2074,JAGJIT,5
2074,JAMAHL,5
2074,JARLATH,5
2074,JASPREET,5
2074,JAYDN,5
2074,JAYESH,5
2074,JAZ,5
2074,JEAN-PAUL,5
2074,JELANI,5
2074,JI,5
2074,JIHAD,5
2074,JIN,5
2074,JO,5
2074,JOASH,5
2074,JOCELYN,5
2074,JOHN-LUKE,5
2074,JORDON-LEE,5
2074,JORDY,5
2074,JOSHUA-JAMES,5
2074,JOTHAM,5
2074,KADEN,5
2074,KAID,5
2074,KALIB,5
2074,KALLON,5
2074,KAMEN,5
2074,KAMRUL,5
2074,KARUN,5
2074,KASAM,5
2074,KAYODE,5
2074,KEANEN,5
2074,KEILAN,5
2074,KEINAN,5
2074,KEL,5
2074,KELLAND,5
2074,KELLER,5
2074,KENNEDY,5
2074,KERRY,5
2074,KHAYAM,5
2074,KHYLE,5
2074,KIEL,5
2074,KIREN,5
2074,KIYAN,5
2074,KOBY,5
2074,KOJO,5
2074,KRAY,5
2074,KRISTAN,5
2074,KRISTIEN,5
2074,KUBILAY,5
2074,KY,5
2074,KYRIACOS,5
2074,LAWRIE,5
2074,LEAM,5
2074,LEONIDAS,5
2074,LESTER,5
2074,LIONEL,5
2074,LLION,5
2074,LLYWELYN,5
2074,LUCCA,5
2074,LUI,5
2074,LUQMAAN,5
2074,LYALL,5
2074,LYAM,5
2074,MAHMUD,5
2074,MARCELL,5
2074,MARCELLO,5
2074,MARTELL,5
2074,MATEEN,5
2074,MAWGAN,5
2074,MEHUL,5
2074,MEIR,5
2074,MERGIM,5
2074,MESHACH,5
2074,MICKEY,5
2074,MIKA,5
2074,MIKAEL,5
2074,MIKAIL,5
2074,MILEY,5
2074,MINESH,5
2074,MITCH,5
2074,MITUL,5
2074,MOBEEN,5
2074,MOHAN,5
2074,MOHIN,5
2074,MOOSA,5
2074,MUBEEN,5
2074,MURAD,5
2074,MYLO,5
2074,NASAR,5
2074,NASEER,5
2074,NISHIL,5
2074,NIYAZ,5
2074,NOMAAN,5
2074,NOOR,5
2074,OKAN,5
2074,OLALEKAN,5
2074,OLAWALE,5
2074,OLUWASEYI,5
2074,OMID,5
2074,OPEYEMI,5
2074,ORION,5
2074,ORSON,5
2074,OSAMAH,5
2074,OSHER,5
2074,PRANAY,5
2074,PRITESH,5
2074,RAFIQ,5
2074,RAHSAAN,5
2074,RAKESH,5
2074,RAMIZ,5
2074,RANVIR,5
2074,RASHAD,5
2074,RASHEED,5
2074,RED,5
2074,REDMOND,5
2074,REGINALD,5
2074,REHMAN,5
2074,REICE,5
2074,REMELL,5
2074,RHIDIAN,5
2074,RICK,5
2074,RICKY-LEE,5
2074,RIKESH,5
2074,RIYAD,5
2074,ROHIN,5
2074,ROLLO,5
2074,RONNY,5
2074,RUARAIDH,5
2074,RUHEL,5
2074,RUSHIL,5
2074,SA'AD,5
2074,SABBIR,5
2074,SABEEL,5
2074,SALEH,5
2074,SAMUEL-JAMES,5
2074,SARWAR,5
2074,SAVVAS,5
2074,SELIM,5
2074,SHAHRIAR,5
2074,SHAHRIYAR,5
2074,SHAMREZ,5
2074,SHARAZ,5
2074,SHARMARKE,5
2074,SHAZAIB,5
2074,SHERAZ,5
2074,SHEZAD,5
2074,SHIHAB,5
2074,SIDDHARTH,5
2074,SIKANDAR,5
2074,SIMCHA,5
2074,SLATER,5
2074,SOHAN,5
2074,SONNI,5
2074,STEFANOS,5
2074,SUKHJEEVAN,5
2074,SULAYMAAN,5
2074,SUNG,5
2074,TADGH,5
2074,TALIESIN,5
2074,TALLIS,5
2074,TAMER,5
2074,TANNER,5
2074,TARANDEEP,5
2074,TARIN,5
2074,TARIQUE,5
2074,TARRON,5
2074,TAYLA,5
2074,TAYYUB,5
2074,TEMITOPE,5
2074,THAI,5
2074,THEODOR,5
2074,TIMUR,5
2074,TOBI,5
2074,TOR,5
2074,TREMAYNE,5
2074,TYLAN,5
2074,TYREEK,5
2074,TYRELLE,5
2074,TYUS,5
2074,VERNON,5
2074,VINESH,5
2074,VLADIMIR,5
2074,WARWICK,5
2074,WESTLEY,5
2074,WILFRID,5
2074,YAAKOV,5
2074,YAHYAA,5
2074,YAQUB,5
2074,YASSER,5
2074,YONATHAN,5
2074,YUSAF,5
2074,ZACHARIA,5
2074,ZAHEER,5
2074,ZAHIR,5
2074,ZAKARIAH,5
2074,ZAKARIYYAA,5
2074,ZAVIER,5
2074,ZEB,5
2074,ZEKI,5
2074,ZENON,5
2074,ZIGGY,5
2419,AARUN,4
2419,AATIF,4
2419,ABAAS,4
2419,ABAS,4
2419,ABAYOMI,4
2419,ABDUL-RAHEEM,4
2419,ABDULLATIF,4
2419,ABDUR-RAHMAAN,4
2419,ABE,4
2419,ABHAY,4
2419,ABRAHIM,4
2419,ADEKUNLE,4
2419,ADREES,4
2419,AHARON,4
2419,AJMAL,4
2419,AKHLAQ,4
2419,AKIVA,4
2419,AKMAL,4
2419,ALAA,4
2419,ALAIN,4
2419,ALFY,4
2419,ALIAS,4
2419,ALPER,4
2419,ALVARO,4
2419,AMAL,4
2419,AMANJOT,4
2419,AMANVEER,4
2419,AMIRUL,4
2419,AMJAD,4
2419,ANGEL,4
2419,ANTONI,4
2419,AREN,4
2419,ARIA,4
2419,ARJUNA,4
2419,ARLIND,4
2419,ARMAND,4
2419,ARONDEEP,4
2419,ARRY,4
2419,ARWYN,4
2419,ASHA,4
2419,ASHAR,4
2419,ASHRAFUL,4
2419,ATTICUS,4
2419,AUSTYN,4
2419,AYOTUNDE,4
2419,AYYUB,4
2419,BALJEET,4
2419,BARIS,4
2419,BART,4
2419,BAYLEIGH,4
2419,BERKAN,4
2419,BJORN,4
2419,BOBBY-JOE,4
2419,BODEN,4
2419,BOWEN,4
2419,BRAM,4
2419,BRANNAN,4
2419,BRAYDON,4
2419,CAIDEN,4
2419,CALAM,4
2419,CAMDEN,4
2419,CANAAN,4
2419,CARLIN,4
2419,CASSIDY,4
2419,CAYLUM,4
2419,CAYMAN,4
2419,CELT,4
2419,CENK,4
2419,CHACE,4
2419,CHAI,4
2419,CHARALAMBOS,4
2419,CHARLIE-GEORGE,4
2419,CHAUDHRY,4
2419,CHAZ,4
2419,CHEYENNE,4
2419,CHRIST,4
2419,CIANAN,4
2419,CLAUDIO,4
2419,CLINT,4
2419,COHEN,4
2419,CONNEL,4
2419,COREE,4
2419,CORRAN,4
2419,COSKUN,4
2419,CULLAN,4
2419,D'ARCY,4
2419,DAANYAL,4
2419,DADE,4
2419,DAHIR,4
2419,DAKOTA,4
2419,DANYEL,4
2419,DARNEL,4
2419,DAVIDE,4
2419,DAYTON,4
2419,DEANE,4
2419,DECKLAN,4
2419,DECLAND,4
2419,DEINIOL,4
2419,DEMETRI,4
2419,DEMETRIS,4
2419,DENHAM,4
2419,DERICE,4
2419,DEVLIN,4
2419,DHANISH,4
2419,DHIRAJ,4
2419,DHRU,4
2419,DIGBY,4
2419,DIJON,4
2419,DINESH,4
2419,DIPESH,4
2419,DOGUS,4
2419,DOMENIC,4
2419,DONAL,4
2419,EASTON,4
2419,EDDY,4
2419,EDISON,4
2419,EDOUARD,4
2419,EDWYN,4
2419,EESA,4
2419,EHTESHAM,4
2419,EISA,4
2419,ELGAN,4
2419,ELIE,4
2419,ELIEZER,4
2419,ELISHA,4
2419,ELIYAHU,4
2419,ELY,4
2419,ENAM,4
2419,ENAMUL,4
2419,ENDRIT,4
2419,ENVER,4
2419,ERNIE,4
2419,ESA,4
2419,ESSA,4
2419,ETHIAN,4
2419,FARRIS,4
2419,FATIH,4
2419,FAWAZ,4
2419,FEHZAN,4
2419,FEROZ,4
2419,FINBARR,4
2419,FINNLEY,4
2419,FRANCO,4
2419,GABRIELE,4
2419,GALEN,4
2419,GARION,4
2419,GEORGIO,4
2419,GERMAINE,4
2419,GERRY,4
2419,GETHYN,4
2419,GIAN-LUCA,4
2419,GODFREY,4
2419,GOKHAN,4
2419,GRANIT,4
2419,GREIG,4
2419,GRIFFIN,4
2419,GRIFFITH,4
2419,GULED,4
2419,GURPAL,4
2419,GURVEER,4
2419,GURVIR,4
2419,GWYN,4
2419,HABIBUR,4
2419,HADER,4
2419,HARJEET,4
2419,HARNAIK,4
2419,HARNEK,4
2419,HARVIR,4
2419,HASNAAT,4
2419,HAYDER,4
2419,HENRIK,4
2419,HILTON,4
2419,HUDSON,4
2419,HUMPHREY,4
2419,HUSSNAIN,4
2419,HYDER,4
2419,IBRAAHEEM,4
2419,IFTIKHAR,4
2419,IHSAAN,4
2419,IKE,4
2419,IKRAAM,4
2419,INDIANA,4
2419,IOLO,4
2419,IRFAAN,4
2419,ISAAQ,4
2419,ISAK,4
2419,ISHMAIL,4
2419,ISMAA'EEL,4
2419,IZZY,4
2419,JAAN,4
2419,JACKIE,4
2419,JADON,4
2419,JAEDEN,4
2419,JAGRAJ,4
2419,JAHANGIR,4
2419,JAIDAN,4
2419,JAIKE,4
2419,JAMIE-LEIGH,4
2419,JANUSZ,4
2419,JAQUE,4
2419,JARDEL,4
2419,JARETH,4
2419,JARON,4
2419,JASHAN,4
2419,JATINDER,4
2419,JAVON,4
2419,JAXON,4
2419,JAYDEEP,4
2419,JEFF,4
2419,JEFFERY,4
2419,JETT,4
2419,JOAB,4
2419,JOEB,4
2419,JOHIRUL,4
2419,JOHN-JAMES,4
2419,JOJO,4
2419,JOLYON,4
2419,JORDAN-JAMES,4
2419,JOSUAH,4
2419,JOSUE,4
2419,JUSTYN,4
2419,K-CI,4
2419,KABEER,4
2419,KAIDE,4
2419,KAIDEN,4
2419,KAIF,4
2419,KAIRON,4
2419,KAMAR,4
2419,KAMRON,4
2419,KAPIL,4
2419,KARAMVEER,4
2419,KAREL,4
2419,KASEEM,4
2419,KAYLIB,4
2419,KEERAN,4
2419,KEGAN,4
2419,KEI,4
2419,KEIRRAN,4
2419,KELECHI,4
2419,KEYAN,4
2419,KHALIM,4
2419,KHAVAR,4
2419,KI,4
2419,KIAM,4
2419,KIE,4
2419,KIEGAN,4
2419,KILE,4
2419,KIRTAN,4
2419,KIRTIS,4
2419,KISHEN,4
2419,KLAYTON,4
2419,KONNER,4
2419,KONOR,4
2419,KOUROSH,4
2419,KRISHNA,4
2419,KYAL,4
2419,KYERAN,4
2419,KYRONE,4
2419,LAINE,4
2419,LAMARR,4
2419,LAURENT,4
2419,LAWSON,4
2419,LAYNE,4
2419,LEMAR,4
2419,LEOPOLD,4
2419,LEVENT,4
2419,LEWIN,4
2419,LINDON,4
2419,LINFORD,4
2419,LORNE,4
2419,LUAN,4
2419,LUKMAN,4
2419,LYNTON,4
2419,MAC,4
2419,MAHAMUD,4
2419,MAHBUB,4
2419,MAHOMED,4
2419,MAJED,4
2419,MALEEK,4
2419,MALIQUE,4
2419,MANI,4
2419,MANINDER,4
2419,MARIOS,4
2419,MARKOS,4
2419,MARSHAL,4
2419,MARWAN,4
2419,MATTIAS,4
2419,MATTIE,4
2419,MAYOWA,4
2419,MAYSON,4
2419,MAZEN,4
2419,MELVYN,4
2419,MERRICK,4
2419,MEYER,4
2419,MIHIR,4
2419,MILTON,4
2419,MINHAJ,4
2419,MISCHA,4
2419,MISHAEL,4
2419,MOHAMMUD,4
2419,MOHMED,4
2419,MOHMMAD,4
2419,MOHSAN,4
2419,MOHSEN,4
2419,MOMIN,4
2419,MORAD,4
2419,MORTIMER,4
2419,MOSTAFA,4
2419,MOYNUL,4
2419,MUHAMAD,4
2419,MUSTAF,4
2419,MUZZAMMIL,4
2419,NAAIL,4
2419,NAFEES,4
2419,NAHIDUL,4
2419,NAITHAN,4
2419,NAJIB,4
2419,NAVDEEP,4
2419,NAZEEM,4
2419,NIHAL,4
2419,NII,4
2419,NILESH,4
2419,NISHANT,4
2419,NITIN,4
2419,OBAID,4
2419,OBI,4
2419,OGUZHAN,4
2419,OLATUNJI,4
2419,OLUWADARA,4
2419,OLUWADEMILADE,4
2419,OLUWAROTIMI,4
2419,OLUWATIMILEHIN,4
2419,OLUWATOBILOBA,4
2419,ORHAN,4
2419,OSSAMA,4
2419,OSWIN,4
2419,PANAYIOTIS,4
2419,PAPA,4
2419,PARAMVEER,4
2419,PARVEZ,4
2419,PERI,4
2419,PETROS,4
2419,PHIL,4
2419,PIETER,4
2419,PINCHAS,4
2419,PRAKASH,4
2419,PRENTICE,4
2419,PUJAN,4
2419,PUNIT,4
2419,QADEER,4
2419,QAIS,4
2419,QUINCY,4
2419,RAFFAELE,4
2419,RAHMAN,4
2419,RAKIB,4
2419,RAMSEY,4
2419,RAOUL,4
2419,RAYYAN,4
2419,REUEL,4
2419,REYNARD,4
2419,RHETT,4
2419,RICHMOND,4
2419,RIDHWAAN,4
2419,RIECE,4
2419,RIFAT,4
2419,ROARKE,4
2419,ROB,4
2419,ROBAT,4
2419,ROBBY,4
2419,ROBEL,4
2419,ROHAT,4
2419,ROMAIN,4
2419,ROMANO,4
2419,ROMI,4
2419,ROSCOE,4
2419,ROSHAUN,4
2419,ROWEN,4
2419,ROYCE,4
2419,RYAN-JAMES,4
2419,RYDER,4
2419,RYHAN,4
2419,SAAQIB,4
2419,SADIQUR,4
2419,SAHAL,4
2419,SAHIR,4
2419,SAHR,4
2419,SAIFUL,4
2419,SAIFUR,4
2419,SAJAD,4
2419,SAJAN,4
2419,SAJEEL,4
2419,SALAH,4
2419,SALEM,4
2419,SALVADOR,4
2419,SAMAN,4
2419,SAMATAR,4
2419,SAMIUL,4
2419,SAMMI,4
2419,SANJEET,4
2419,SANTIAGO,4
2419,SANTINO,4
2419,SAURAV,4
2419,SAVRAJ,4
2419,SAXON,4
2419,SAYYED,4
2419,SEPEHR,4
2419,SHABAAZ,4
2419,SHABBIR,4
2419,SHADMAN,4
2419,SHAHIL,4
2419,SHAINE,4
2419,SHAKAR,4
2419,SHAKEEB,4
2419,SHANEIL,4
2419,SHAZEB,4
2419,SHER,4
2419,SHILOH,4
2419,SHIVUM,4
2419,SHUAYB,4
2419,SHYHEIM,4
2419,SINA,4
2419,SKYLER,4
2419,STELIOS,4
2419,STEVAN,4
2419,STIRLING,4
2419,SUKHJEET,4
2419,SUKHJINDER,4
2419,SUKHVINDER,4
2419,SUMEET,4
2419,SYAN,4
2419,TABISH,4
2419,TAIG,4
2419,TAITE,4
2419,TAJINDER,4
2419,TAL,4
2419,TALVIN,4
2419,TAMJID,4
2419,TANER,4
2419,TARANJIT,4
2419,TARANVIR,4
2419,TAREK,4
2419,TARYN,4
2419,TAVIAN,4
2419,TAYLAR,4
2419,TEAGUE,4
2419,TEE-JAY,4
2419,TEO,4
2419,TERREL,4
2419,TEVIN,4
2419,THAMIM,4
2419,THIERRY,4
2419,TINO,4
2419,TOBIE,4
2419,TOMMY-JAY,4
2419,TOMMYLEE,4
2419,TORAN,4
2419,TORBEN,4
2419,TREMONT,4
2419,TYLER-JAMES,4
2419,TYREE,4
2419,UGUR,4
2419,UTHMAAN,4
2419,UZAYR,4
2419,VALENTINE,4
2419,VIGNESH,4
2419,WAHEED,4
2419,WAHID,4
2419,WAJID,4
2419,WARRICK,4
2419,WARSAME,4
2419,WAYDE,4
2419,WINSTON,4
2419,YAASEEN,4
2419,YAMEEN,4
2419,YAMIN,4
2419,YASSIR,4
2419,YAW,4
2419,YECHIEL,4
2419,YIANNI,4
2419,ZAFRAN,4
2419,ZAKARIYE,4
2419,ZEKE,4
2901,AABID,3
2901,AARON-LEE,3
2901,AARONJIT,3
2901,AAROON,3
2901,AARYAN,3
2901,ABD,3
2901,ABDAL,3
2901,ABDIFATAH,3
2901,ABDIHAKIM,3
2901,ABDIRISAQ,3
2901,ABDOU,3
2901,ABDUL-AZIZ,3
2901,ABDUL-KARIM,3
2901,ABDUL-SAMAD,3
2901,ABDULAH,3
2901,ABDULKARIM,3
2901,ABDUR-RAHMAN,3
2901,ABED,3
2901,ABIE,3
2901,ABIODUN,3
2901,ADAIR,3
2901,ADAN,3
2901,ADEBAYO,3
2901,ADEDAPO,3
2901,ADEDEJI,3
2901,ADEOLUWA,3
2901,ADETOLA,3
2901,ADEYEMI,3
2901,ADHNAN,3
2901,ADIB,3
2901,ADONIS,3
2901,AGIT,3
2901,AHAMED,3
2901,AHSAAN,3
2901,AJEET,3
2901,AJHAR,3
2901,AKIEL,3
2901,ALARIC,3
2901,ALEXI,3
2901,ALF,3
2901,ALFI,3
2901,ALIREZA,3
2901,ALLISTER,3
2901,AMAAR,3
2901,AMADOU,3
2901,AMANVIR,3
2901,AMINE,3
2901,AMJID,3
2901,AMR,3
2901,AMUN,3
2901,ANANDA,3
2901,ANANT,3
2901,ANDRIY,3
2901,ANEESH,3
2901,ANH,3
2901,ANJUM,3
2901,ANKUR,3
2901,ANOSH,3
2901,ANSAR,3
2901,AQUIB,3
2901,ARAFAT,3
2901,ARASH,3
2901,ARBER,3
2901,ARIFUL,3
2901,ARMIN,3
2901,ARNAUD,3
2901,ARNIE,3
2901,ARREN,3
2901,ARTURO,3
2901,ARUNJIT,3
2901,ARYA,3
2901,ASEEL,3
2901,ASHAAN,3
2901,ASHIL,3
2901,ASHIR,3
2901,ASHVIN,3
2901,AUGUSTIN,3
2901,AVAIS,3
2901,AVNEET,3
2901,AVRAHAM,3
2901,AXL,3
2901,AYMEN,3
2901,AYOBAMI,3
2901,AYODELE,3
2901,AYOOLUWA,3
2901,AZAAN,3
2901,AZAM,3
2901,AZAN,3
2901,AZIZUR,3
2901,BABAR,3
2901,BABATUNDE,3
2901,BABOUCARR,3
2901,BABY,3
2901,BAILEE,3
2901,BALBIR,3
2901,BALTHAZAR,3
2901,BAPTISTE,3
2901,BARCLAY,3
2901,BARDIA,3
2901,BARTON,3
2901,BASSAM,3
2901,BEDE,3
2901,BENAIAH,3
2901,BENEDIKT,3
2901,BEREN,3
2901,BETIM,3
2901,BHARAT,3
2901,BIKRAM,3
2901,BILLY-LEE,3
2901,BLAIZE,3
2901,BLYTH,3
2901,BRAIDY,3
2901,BRANT,3
2901,BRICE,3
2901,BRODI,3
2901,BROOKE,3
2901,BURHANUDDIN,3
2901,C-JAY,3
2901,CAAN,3
2901,CADEN,3
2901,CAHAL,3
2901,CAILUM,3
2901,CAIO,3
2901,CALIB,3
2901,CALLON,3
2901,CAM'RON,3
2901,CAMARA,3
2901,CARN,3
2901,CAVEN,3
2901,CEIRION,3
2901,CEIRON,3
2901,CELVIN,3
2901,CENGIZHAN,3
2901,CEYHAN,3
2901,CHAISE,3
2901,CHANDRESH,3
2901,CHESNEY,3
2901,CHIDI,3
2901,CHRISTAN,3
2901,CHRISTOPH,3
2901,CHRISTOPHE,3
2901,CHUN,3
2901,CHUNG,3
2901,CIEREN,3
2901,CILLIAN,3
2901,CLAITON,3
2901,COEN,3
2901,COHAN,3
2901,COLTON,3
2901,CONAGH,3
2901,CONLAN,3
2901,CONNALL,3
2901,CORBAN,3
2901,CORBY,3
2901,CORRON,3
2901,CURTIS-LEE,3
2901,CURTLY,3
2901,CYRIL,3
2901,DAINE,3
2901,DALLAS,3
2901,DAMILOLA,3
2901,DANIEL-JAMES,3
2901,DANILO,3
2901,DANIYAAL,3
2901,DANNY-LEE,3
2901,DARDAN,3
2901,DARION,3
2901,DARREL,3
2901,DARYLL,3
2901,DAUD,3
2901,DAVIN,3
2901,DAVINDER,3
2901,DAVY,3
2901,DAWIT,3
2901,DE,3
2901,DEANDRE,3
2901,DECKLAND,3
2901,DECLEN,3
2901,DEION,3
2901,DEJON,3
2901,DEJOURN,3
2901,DEKLAND,3
2901,DELROY,3
2901,DEMETRIUS,3
2901,DENILSON,3
2901,DENIRO,3
2901,DENNON,3
2901,DENTON,3
2901,DERYN,3
2901,DESCHANEL,3
2901,DEVANG,3
2901,DEVEN,3
2901,DEVINDER,3
2901,DEVONTAE,3
2901,DHILLAN,3
2901,DHIREN,3
2901,DIARMUID,3
2901,DIDIER,3
2901,DIMITRIOS,3
2901,DIMITRIS,3
2901,DIOR,3
2901,DIRK,3
2901,DIVESH,3
2901,DIYAR,3
2901,DJAMEL,3
2901,DMITRI,3
2901,DOGAN,3
2901,DOLTON,3
2901,DOMINIQUE,3
2901,DONAT,3
2901,DONNY,3
2901,DOUGAL,3
2901,DRAZIC,3
2901,DREN,3
2901,DRILON,3
2901,DRIN,3
2901,DRISS,3
2901,DUSTIN,3
2901,DYFAN,3
2901,DYLLON,3
2901,EESAA,3
2901,EISUKE,3
2901,EITHAN,3
2901,ELIYOHU,3
2901,ELLERY,3
2901,ELLIAS,3
2901,ELLISON,3
2901,ELLISS,3
2901,ELVIS,3
2901,ELWYN,3
2901,EMDADUL,3
2901,EMILIANO,3
2901,EMIN,3
2901,EMIR,3
2901,EMMERSON,3
2901,EMRAH,3
2901,ENGIN,3
2901,ENIS,3
2901,ERAN,3
2901,ERHAN,3
2901,ERSAN,3
2901,ERTAN,3
2901,ERWAN,3
2901,EVANDER,3
2901,FAARIS,3
2901,FABRICE,3
2901,FAIQ,3
2901,FAIYAZ,3
2901,FAIZAL,3
2901,FARDEEN,3
2901,FARON,3
2901,FAROOQ,3
2901,FAZAL,3
2901,FAZAN,3
2901,FEDERICO,3
2901,FEIVEL,3
2901,FENTON,3
2901,FEZAAN,3
2901,FILIP,3
2901,FILIPE,3
2901,FINNAN,3
2901,FINNEGAN,3
2901,FINNLAY,3
2901,FINTON,3
2901,FION,3
2901,FREDRIC,3
2901,FREDRIK,3
2901,FURKAN,3
2901,GAGANPREET,3
2901,GAIGE,3
2901,GARRET,3
2901,GARRETT,3
2901,GARRICK,3
2901,GAVRIEL,3
2901,GED,3
2901,GEORDAN,3
2901,GERRARD,3
2901,GHAZI,3
2901,GILAD,3
2901,GILBERT,3
2901,GILLES,3
2901,GIO,3
2901,GIORDANO,3
2901,GIULIANO,3
2901,GLENDON,3
2901,GLODY,3
2901,GRIFF,3
2901,GUILHERME,3
2901,GULRAIZ,3
2901,GURBIR,3
2901,GURCHETAN,3
2901,GURDEV,3
2901,GURJEEVAN,3
2901,GURJIT,3
2901,GURSIMRAN,3
2901,GURTEJ,3
2901,GUSTAV,3
2901,GUVEN,3
2901,HAFIZ,3
2901,HAFIZUR,3
2901,HAGEN,3
2901,HAITHAM,3
2901,HALDEN,3
2901,HALEEM,3
2901,HAMDAAN,3
2901,HAMED,3
2901,HAMSE,3
2901,HAN,3
2901,HANY,3
2901,HANZALAH,3
2901,HARALD,3
2901,HARBIR,3
2901,HARDEV,3
2901,HARISH,3
2901,HARITH,3
2901,HARJAN,3
2901,HARJOT,3
2901,HARKEERAT,3
2901,HARKIERAN,3
2901,HAROUN,3
2901,HARSHIL,3
2901,HARVEEN,3
2901,HARVIE,3
2901,HASHIR,3
2901,HASIB,3
2901,HASSAAN,3
2901,HATIM,3
2901,HAYDAN,3
2901,HAYDAR,3
2901,HAYDYN,3
2901,HAZIQ,3
2901,HENDRIK,3
2901,HENLEY,3
2901,HERMAN,3
2901,HESHAM,3
2901,HIDEO,3
2901,HIEU,3
2901,HIRAN,3
2901,HIREN,3
2901,HITESH,3
2901,HIZAR,3
2901,HON,3
2901,HORACE,3
2901,HOSAAM,3
2901,HUMAYUN,3
2901,HUNAIN,3
2901,HUSSAN,3
2901,HUY,3
2901,HUZAYFAH,3
2901,HUZEFA,3
2901,IDNAN,3
2901,IDOWU,3
2901,IDRISS,3
2901,IEFAN,3
2901,IFEOLUWA,3
2901,IFEOLUWAPO,3
2901,IFTEKAR,3
2901,IKECHUKWU,3
2901,IKHLAS,3
2901,ILYA,3
2901,ILYAAS,3
2901,IMAAN,3
2901,INDERJIT,3
2901,INDRAJ,3
2901,INNES,3
2901,IRAH,3
2901,ISHAN,3
2901,ISHAQUE,3
2901,ISHMEAL,3
2901,ISHTIAQ,3
2901,ISHWAR,3
2901,ISMAIEL,3
2901,ISRAAR,3
2901,ITSHAM,3
2901,IZAC,3
2901,JABED,3
2901,JABRAAN,3
2901,JACE,3
2901,JACKIR,3
2901,JADAN,3
2901,JAFFAR,3
2901,JAGJEET,3
2901,JAGROOP,3
2901,JAGTAR,3
2901,JAGVIR,3
2901,JAHEDUR,3
2901,JAHIDUL,3
2901,JAIMAL,3
2901,JAIMES,3
2901,JAKKE,3
2901,JAKUB,3
2901,JALAL,3
2901,JAMESON,3
2901,JAMEY,3
2901,JAMIELEE,3
2901,JAMIESON,3
2901,JANSON,3
2901,JAPHET,3
2901,JARRETT,3
2901,JARRON,3
2901,JASBIR,3
2901,JASIM,3
2901,JASVEER,3
2901,JASVINDER,3
2901,JAYLEN,3
2901,JAYMIE,3
2901,JEAN-CLAUDE,3
2901,JEMIAH,3
2901,JERMAIN,3
2901,JERONE,3
2901,JERRELL,3
2901,JESAL,3
2901,JESPER,3
2901,JET,3
2901,JEVEN,3
2901,JITEN,3
2901,JOCK,3
2901,JOHN-HENRY,3
2901,JOHN-JOE,3
2901,JONNY,3
2901,JOOLS,3
2901,JORDACHE,3
2901,JORDAN-REECE,3
2901,JORDELL,3
2901,JOSHAN,3
2901,JOSHPAL,3
2901,JOSHUAH,3
2901,JUBRIL,3
2901,JUDD,3
2901,JUGRAJ,3
2901,JUNAD,3
2901,JUNED,3
2901,JURGEN,3
2901,KACEY,3
2901,KADELL,3
2901,KAIL,3
2901,KAINAN,3
2901,KAISAR,3
2901,KAJ,3
2901,KALAN,3
2901,KALID,3
2901,KALLEN,3
2901,KAMAU,3
2901,KARANJOT,3
2901,KARLOS,3
2901,KARN,3
2901,KARTER,3
2901,KARUM,3
2901,KASHAF,3
2901,KAVIN,3
2901,KAYAN,3
2901,KEAL,3
2901,KEANO,3
2901,KEARAN,3
2901,KEEFE,3
2901,KEELEY,3
2901,KEIAN,3
2901,KELHAM,3
2901,KEMAR,3
2901,KENTARO,3
2901,KEON,3
2901,KERRON,3
2901,KEVAN,3
2901,KEZ,3
2901,KHAALID,3
2901,KHALEEQ,3
2901,KHALIFA,3
2901,KHARI,3
2901,KHI,3
2901,KHUBAIB,3
2901,KHURRAM,3
2901,KHURUM,3
2901,KHUSH,3
2901,KHY,3
2901,KIAO,3
2901,KIARON,3
2901,KIEFFER,3
2901,KIMANI,3
2901,KIMON,3
2901,KIN,3
2901,KINSLEY,3
2901,KISHON,3
2901,KITSON,3
2901,KLAUS,3
2901,KOLE,3
2901,KONSTANTIN,3
2901,KRISS,3
2901,KRISTIN,3
2901,KRISTON,3
2901,KRYSTIAN,3
2901,KUBA,3
2901,KUMAR,3
2901,KURAN,3
2901,KWADWO,3
2901,KYALL,3
2901,KYEL,3
2901,KYI,3
2901,LAMONT,3
2901,LATHAN,3
2901,LEANDRO,3
2901,LEEROY,3
2901,LEESON,3
2901,LENNIE,3
2901,LEV,3
2901,LEWAN,3
2901,LEWISS,3
2901,LOCHAN,3
2901,LOKESH,3
2901,LORIMER,3
2901,LOUEE,3
2901,LUTHER,3
2901,MAAZ,3
2901,MACSEN,3
2901,MADDISON,3
2901,MAHAN,3
2901,MAHBUBUL,3
2901,MAHBUBUR,3
2901,MAHDEE,3
2901,MAHFUZ,3
2901,MAHIN,3
2901,MAKENZIE,3
2901,MAN,3
2901,MANDIP,3
2901,MANESH,3
2901,MANJOT,3
2901,MANOJ,3
2901,MARCELLUS,3
2901,MARCELO,3
2901,MARTIJN,3
2901,MARUF,3
2901,MASE,3
2901,MASHUD,3
2901,MASOOM,3
2901,MASUD,3
2901,MASUM,3
2901,MATTHAUS,3
2901,MATTY,3
2901,MAXIMILIEN,3
2901,MAXIMUS,3
2901,MAXTON,3
2901,MAXX,3
2901,MAZHARUL,3
2901,MCAULEY,3
2901,MEER,3
2901,MEHRAN,3
2901,MEIRION,3
2901,MELCHIZEDEK,3
2901,MEREDITH,3
2901,MERVYN,3
2901,METIN,3
2901,MICHAL,3
2901,MICHALIS,3
2901,MICHEL,3
2901,MIJANUR,3
2901,MIKI,3
2901,MIKYLE,3
2901,MILAD,3
2901,MILLER,3
2901,MILOS,3
2901,MINH,3
2901,MIRAN,3
2901,MIREN,3
2901,MITCHAL,3
2901,MITEN,3
2901,MIZAN,3
2901,MOBIN,3
2901,MOEEZ,3
2901,MONEEB,3
2901,MONIR,3
2901,MONTAGU,3
2901,MONTELLE,3
2901,MORGEN,3
2901,MOSHIN,3
2901,MOUNIR,3
2901,MOUSTAFA,3
2901,MUADH,3
2901,MUAZZAM,3
2901,MUDASSAR,3
2901,MUIZZ,3
2901,MUKESH,3
2901,MUNGO,3
2901,MUNIR,3
2901,MURPHY,3
2901,MUSTAFAH,3
2901,MUZAMMIL,3
2901,NADER,3
2901,NAHEEM,3
2901,NAHIM,3
2901,NAJEEM,3
2901,NAKUL,3
2901,NAMAAN,3
2901,NAQUAN,3
2901,NARESH,3
2901,NASSEM,3
2901,NASSIR,3
2901,NATAN,3
2901,NATHANEAL,3
2901,NATHANUAL,3
2901,NAVEEN,3
2901,NAVRAJ,3
2901,NAWAZ,3
2901,NAYEM,3
2901,NAYTHAN,3
2901,NAZIR,3
2901,NEHEMIAH,3
2901,NESTA,3
2901,NEVIN,3
2901,NICCOLO,3
2901,NICOS,3
2901,NIKLAS,3
2901,NIKOLAUS,3
2901,NIKOS,3
2901,NIKUL,3
2901,NIMESH,3
2901,NNAEMEKA,3
2901,NNAMDI,3
2901,NOLAN,3
2901,NOUMAAN,3
2901,NUNO,3
2901,OAK,3
2901,OBED,3
2901,ODIN,3
2901,OGULCAN,3
2901,OLADAPO,3
2901,OLADIMEJI,3
2901,OLE,3
2901,OLUFEMI,3
2901,OLUROTIMI,3
2901,OLUSOLA,3
2901,OLUWADAMILARE,3
2901,OLUWAPELUMI,3
2901,OLUWATOMIWA,3
2901,ONKAR,3
2901,OPEMIPO,3
2901,OUSAMA,3
2901,OZAIR,3
2901,PARAM,3
2901,PARDEEP,3
2901,PARRIS,3
2901,PASQUALE,3
2901,PAWAN,3
2901,PELLE,3
2901,PERAN,3
2901,PERCY,3
2901,PEREGRINE,3
2901,PERRI,3
2901,PINCHOS,3
2901,PRABHDEEP,3
2901,PRABHJOT,3
2901,PRASHANT,3
2901,PRIYEN,3
2901,QAISER,3
2901,QAYS,3
2901,QUANG,3
2901,QUINLEY,3
2901,QUINTEN,3
2901,QUINTIN,3
2901,QUOC,3
2901,RAEGAN,3
2901,RAGHAV,3
2901,RAGUL,3
2901,RAHAN,3
2901,RAHEES,3
2901,RAHIN,3
2901,RAIHAAN,3
2901,RAJAB,3
2901,RAJPAL,3
2901,RAJUN,3
2901,RAKIN,3
2901,RAMEL,3
2901,RAMEZ,3
2901,RAMIN,3
2901,RANA,3
2901,RANDY,3
2901,RANJEET,3
2901,RANVEER,3
2901,RASHAWN,3
2901,RASHED,3
2901,RAYAAN,3
2901,RAYHAAN,3
2901,REDVERS,3
2901,REIGAN,3
2901,REJWAN,3
2901,RENO,3
2901,RHIAN,3
2901,RHION,3
2901,RHYSS,3
2901,RIAD,3
2901,RIAIN,3
2901,RICCO,3
2901,RINOR,3
2901,RIVALDO,3
2901,RIYAN,3
2901,RIYAZ,3
2901,ROBBIE-LEE,3
2901,ROCKY,3
2901,RODDY,3
2901,RODI,3
2901,ROHEEL,3
2901,ROMAINE,3
2901,ROMEO,3
2901,RON,3
2901,ROSARIO,3
2901,ROSHANE,3
2901,ROWLAND,3
2901,ROYSTON,3
2901,RUAIDHRI,3
2901,RUBEL,3
2901,RUSHAUN,3
2901,RYAN-LEE,3
2901,RYE,3
2901,RYHS,3
2901,RYLIE,3
2901,SAAHIL,3
2901,SAAJAN,3
2901,SAAVAN,3
2901,SADIK,3
2901,SAFYAAN,3
2901,SAHIN,3
2901,SAIFALI,3
2901,SAJJAD,3
2901,SAKARIYA,3
2901,SALAHUDDIN,3
2901,SALAR,3
2901,SAMEET,3
2901,SAMIE,3
2901,SANJEEVAN,3
2901,SANTHOSH,3
2901,SANVIR,3
2901,SARFARAZ,3
2901,SATPAL,3
2901,SAUD,3
2901,SEBASTIANO,3
2901,SELWYN,3
2901,SENNA,3
2901,SERHAT,3
2901,SEVERIANO,3
2901,SEYMOUR,3
2901,SHAHAB,3
2901,SHAHBAAZ,3
2901,SHAHBAZ,3
2901,SHAHED,3
2901,SHAHEEN,3
2901,SHAHIN,3
2901,SHAHIR,3
2901,SHAHRIA,3
2901,SHAHZEB,3
2901,SHAILEN,3
2901,SHAKIEL,3
2901,SHALOM,3
2901,SHAMEN,3
2901,SHAMS,3
2901,SHAQUIL,3
2901,SHARIQ,3
2901,SHAYA,3
2901,SHAYLEN,3
2901,SHELBY,3
2901,SHERIF,3
2901,SHLOIME,3
2901,SHON,3
2901,SHPETIM,3
2901,SHREY,3
2901,SHREYAS,3
2901,SHUHAIB,3
2901,SHUHAN,3
2901,SIMRANJIT,3
2901,SINAN,3
2901,SINCLAIR,3
2901,SOFIAN,3
2901,SOMERSET,3
2901,SONER,3
2901,STACEY,3
2901,STEFFEN,3
2901,STERLING,3
2901,SUFIAN,3
2901,SUKHPAL,3
2901,SUKHPREET,3
2901,SULAMAN,3
2901,SURESH,3
2901,T-JAY,3
2901,TAAHA,3
2901,TAAHIR,3
2901,TAARIQ,3
2901,TAELOR,3
2901,TAHJ,3
2901,TAHLIL,3
2901,TAHMID-UR,3
2901,TALAT,3
2901,TAMEEM,3
2901,TAMIM,3
2901,TAMIR,3
2901,TANAY,3
2901,TANBIR,3
2901,TANIM,3
2901,TARAS,3
2901,TARELL,3
2901,TARKAN,3
2901,TARO,3
2901,TARREN,3
2901,TASEEN,3
2901,TAY,3
2901,TAYFUN,3
2901,TAYIB,3
2901,TAYLOR-JAMES,3
2901,TAYUB,3
2901,TEHMOOR,3
2901,TEILO,3
2901,TEJAS,3
2901,TEMILOLUWA,3
2901,TERELLE,3
2901,TEYTE,3
2901,THADDEUS,3
2901,THANVIR,3
2901,THIBAULT,3
2901,THIEN,3
2901,THOMAS-JAMES,3
2901,THOMAS-JAY,3
2901,TIGHE,3
2901,TIMMY,3
2901,TJAY,3
2901,TOBYN,3
2901,TOLUWALASE,3
2901,TOLUWANI,3
2901,TOMI,3
2901,TOMMASO,3
2901,TOMME,3
2901,TOMOYA,3
2901,TORRIN,3
2901,TRISTRAM,3
2901,TRUMAN,3
2901,TUCKER,3
2901,TUDOR,3
2901,TUDUR,3
2901,TWM,3
2901,TYLAR,3
2901,TYNAN,3
2901,TYRIC,3
2901,TYSON,3
2901,UCHECHUKWU,3
2901,UFUK,3
2901,ULYSSES,3
2901,USSAMA,3
2901,VALENTIN,3
2901,VIKAS,3
2901,VIKTOR,3
2901,VILLE,3
2901,VINCE,3
2901,VINH,3
2901,VIRAJ,3
2901,WAHIDUR,3
2901,WALI,3
2901,WALLACE,3
2901,WESAM,3
2901,WILF,3
2901,WILLOUGHBY,3
2901,WILLOW,3
2901,WISSAM,3
2901,YACINE,3
2901,YAHYE,3
2901,YAKOV,3
2901,YAN,3
2901,YANICK,3
2901,YASSINE,3
2901,YAWAR,3
2901,YEHOSHUA,3
2901,YEHUDAH,3
2901,YESHUA,3
2901,YIANNIS,3
2901,YIN,3
2901,YONATAN,3
2901,YOSEPH,3
2901,YOUNES,3
2901,YOUNUS,3
2901,YUKI,3
2901,YUSUKE,3
2901,YUUKI,3
2901,ZAAHIR,3
2901,ZACHARIE,3
2901,ZACKARIAH,3
2901,ZAHIN,3
2901,ZAIN-UL,3
2901,ZAINE,3
2901,ZAIRE,3
2901,ZAKARI,3
2901,ZAKARIE,3
2901,ZAKEE,3
2901,ZAKERY,3
2901,ZALMAN,3
2901,ZAYAN,3
2901,ZAYNE,3
2901,ZEESHAAN,3
2901,ZEHN,3
2901,ZEN,3
2901,ZESHAAN,3
2901,ZIDANE,3
2901,ZINEDINE,3
2901,ZOHEB,3
2901,ZUBAYR,3
