Rank,Name,Count
1,JACK,9785
2,THOMAS,9454
3,JAMES,8748
4,JOSHUA,7275
5,DANIEL,6935
6,MATTHEW,6152
7,SAMUEL,6123
8,JOSEPH,5875
9,CALLUM,5587
10,WILLIAM,5287
11,RYAN,5080
12,LUKE,4982
13,LEWIS,4916
14,HARRY,4914
15,BENJAMIN,4559
16,JORDAN,4466
17,LIAM,4350
18,GEORGE,4286
19,OLIVER,3958
20,ALEXANDER,3951
21,ADAM,3931
22,CONNOR,3786
23,JAKE,3427
24,CAMERON,3181
25,NATHAN,2870
26,MICHAEL,2869
27,KIERAN,2777
28,JACOB,2746
29,MOHAMMED,2722
30,JAMIE,2500
31,BEN,2485
32,CHARLIE,2350
33,BRADLEY,2336
34,BRANDON,2298
35,OWEN,2201
36,AARON,2151
37,KYLE,1999
38,CHRISTOPHER,1937
39,ROBERT,1853
40,ETHAN,1772
41,CHARLES,1667
42,DAVID,1642
43,EDWARD,1605
44,REECE,1602
45,ALEX,1567
46,DYLAN,1512
47,ANDREW,1497
48,MAX,1431
49,LOUIS,1397
50,SAM,1375
51,HENRY,1359
52,MORGAN,1343
53,JOE,1292
54,RHYS,1270
55,JONATHAN,1248
56,TYLER,1230
57,JOHN,1158
58,SCOTT,1111
58,SEAN,1111
60,DOMINIC,1029
61,NICHOLAS,997
62,HARRISON,961
63,ROSS,917
64,ALFIE,899
65,JAY,890
66,CONOR,866
67,ELLIOT,857
68,ASHLEY,850
69,PATRICK,847
70,JOEL,829
71,BILLY,815
72,PETER,804
73,DECLAN,773
74,STEPHEN,750
75,AIDAN,748
76,MITCHELL,747
77,TOBY,743
78,MARK,715
79,ISAAC,710
80,MOHAMMAD,687
81,ANTHONY,683
82,MUHAMMAD,659
83,JASON,650
84,HARVEY,644
85,TOM,638
86,EWAN,626
87,LEON,599
87,OSCAR,599
89,KAI,584
90,ELLIS,580
91,LEE,562
92,STEVEN,560
93,MARCUS,554
93,PAUL,554
95,ZACHARY,551
96,ELLIOTT,548
97,RICHARD,547
98,TAYLOR,528
99,MASON,511
100,LUCAS,495
101,JOSH,492
102,BAILEY,490
103,KANE,488
104,SHAUN,487
105,CHRISTIAN,478
105,RORY,478
107,COREY,475
108,ARCHIE,451
109,CURTIS,438
110,SHANE,427
111,NIALL,426
112,SEBASTIAN,425
113,AIDEN,422
114,CALUM,409
114,NATHANIEL,409
116,TIMOTHY,404
117,GABRIEL,400
118,ZAK,397
119,FREDERICK,394
120,TOMMY,392
121,DANNY,384
122,CRAIG,383
123,FINLAY,380
124,DEAN,348
124,ROBBIE,348
126,KIERON,339
127,SIMON,321
128,FINLEY,320
129,HAYDEN,310
130,TOBIAS,303
131,CIARAN,289
131,PHILIP,289
133,ALI,288
134,HAMZA,286
135,NOAH,284
136,FRASER,252
136,SYED,252
138,MARTIN,250
139,RONAN,249
140,FINN,247
140,MOHAMED,247
142,MILES,245
143,CARL,243
144,HASSAN,240
144,LOUIE,240
146,GREGORY,238
147,MATHEW,237
147,ROWAN,237
149,ANGUS,236
150,ALFRED,234
151,EVAN,233
151,FELIX,233
151,JORDON,233
151,REGAN,233
155,ABDUL,227
156,EUAN,226
157,TRISTAN,224
158,CONNER,217
158,KARL,217
160,LEO,216
161,CALEB,213
161,OMAR,213
163,KEVIN,210
163,LEVI,210
165,BENEDICT,209
166,LLOYD,207
167,LAURENCE,204
168,MYLES,202
169,AHMED,201
170,MAXWELL,200
171,MUHAMMED,198
172,MAXIMILIAN,197
173,BRENDAN,196
173,HUGO,196
175,ARRON,194
175,IBRAHIM,194
175,REUBEN,194
178,ARTHUR,193
179,LUCA,191
180,ALISTAIR,185
180,LAWRENCE,185
182,BLAKE,184
183,CORY,180
183,STUART,180
185,DILLON,179
185,GARETH,179
187,THEODORE,178
188,SPENCER,176
189,JAYDEN,175
189,ZAIN,175
191,DREW,172
192,FRANCIS,171
193,IEUAN,168
194,DARREN,166
195,KEIRAN,165
195,TOMAS,165
197,BILAL,163
197,ZAC,163
199,STEFAN,162
200,MARC,160
200,STANLEY,160
202,IAN,159
203,JUSTIN,157
203,ROHAN,157
205,LOGAN,156
206,MACAULEY,153
207,JARED,151
208,TROY,149
209,BYRON,147
209,KIEREN,147
209,WILL,147
212,MILO,145
212,THEO,145
214,ANTONY,144
214,ZACK,144
216,HASAN,141
216,SOLOMON,141
218,ABDULLAH,140
218,HAMZAH,140
218,KALLUM,140
218,KEENAN,140
218,KURTIS,140
223,TOMOS,137
224,HARLEY,136
224,WESLEY,136
226,JESSE,135
226,SONNY,135
228,BRETT,134
228,UMAR,134
230,CASEY,133
230,JAMAL,133
232,ALAN,132
232,HAYDN,132
232,OWAIN,132
235,HAMISH,130
235,TRAVIS,130
237,TONY,129
238,CALVIN,128
239,KIAN,127
239,KRISTIAN,127
241,JAK,126
241,TYRONE,126
243,SAUL,124
244,JACKSON,123
244,JED,123
244,YUSUF,123
247,RAHUL,122
248,COLE,120
249,ALBERT,119
249,IWAN,119
249,JUNAID,119
252,WARREN,117
253,AUSTIN,116
253,EMMANUEL,116
253,JASPER,116
256,ARRAN,114
256,GUY,114
258,ADRIAN,113
259,USMAN,112
260,ANDRE,109
261,BRAD,108
261,DAFYDD,108
261,GARY,108
261,HUGH,108
261,JUDE,108
266,CODY,106
266,DALE,106
266,JAI,106
266,KYE,106
266,TYRESE,106
271,DION,103
272,ALASTAIR,102
272,FRANKIE,102
272,FREDDIE,102
275,ADIL,101
275,CIAN,101
275,FRANK,101
275,RICKY,101
279,JONATHON,100
279,VINCENT,100
281,ZACHARIAH,99
282,BOBBY,97
283,AMIR,96
283,FERGUS,96
283,JOSEF,96
283,KAINE,96
283,KURT,96
283,LUIS,96
283,ROBIN,96
290,BARNABY,94
290,PHILLIP,94
292,ALEC,93
292,ANTONIO,93
292,CAIN,93
292,DOUGLAS,93
292,SHAY,93
297,ISMAIL,92
297,KEELAN,92
297,KYRAN,92
297,RILEY,92
297,SHOAIB,92
302,MUSTAFA,90
303,FRAZER,89
303,JADEN,89
303,MARCO,89
306,DAMIEN,88
306,JON,88
308,SHEA,87
309,GRANT,86
310,BRYN,85
310,GAVIN,85
310,JEREMY,85
310,MAXIMILLIAN,85
310,PERRY,85
315,BRIAN,84
315,CALLAN,84
315,RONNIE,84
318,CHAD,83
318,ELIJAH,83
318,JONAH,83
318,LEIGHTON,83
322,ARJUN,82
322,CHARLEY,82
322,JULIAN,82
322,NICOLAS,82
326,JAC,81
326,SION,81
328,ARON,80
328,KEATON,80
330,KAMRAN,79
331,TODD,78
331,ZACH,78
333,ERIC,77
333,IMRAN,77
335,JIMMY,76
335,REISS,76
337,STEFFAN,75
338,AJAY,74
338,DARIUS,74
338,DEVON,74
341,ARUN,73
341,MARLEY,73
341,SAIF,73
344,HARIS,71
344,VICTOR,71
346,NEIL,70
346,NIKHIL,70
348,LACHLAN,69
349,DUNCAN,68
350,JACQUES,67
350,SETH,67
352,ANTON,66
352,DANTE,66
352,KIRAN,66
352,RAPHAEL,66
356,ELIOT,65
356,HUW,65
356,RICARDO,65
359,BRENDON,64
359,HAROON,64
359,QASIM,64
359,RAJAN,64
363,IOAN,63
363,RAJA,63
363,SOHAIL,63
366,AMAN,62
366,ASAD,62
366,COLIN,62
366,KEIR,62
366,RUSSELL,62
371,ADNAN,61
371,DARNELL,61
371,ELIAS,61
371,FLYNN,61
375,AHMAD,60
375,ALED,60
375,CLAYTON,60
375,JAKOB,60
375,KENNETH,60
375,MACKENZIE,60
381,AMAR,59
381,AWAIS,59
381,BRODIE,59
381,CAI,59
381,MACAULAY,59
381,XAVIER,59
387,CHANDLER,58
387,CONRAD,58
387,DEXTER,58
387,GREG,58
387,LUC,58
387,MATT,58
387,PIERS,58
387,SAMIR,58
387,TYREECE,58
396,HARRIS,57
396,KADE,57
396,RUBEN,57
396,TARIQ,57
400,DANE,56
400,HUMZA,56
400,JEROME,56
400,MITCHEL,56
400,RIO,56
400,TYRELL,56
406,ASHER,55
406,EOIN,55
406,KEEGAN,55
406,NATHANAEL,55
406,RHODRI,55
411,ASTON,54
411,DANYAL,54
411,JOHNATHAN,54
411,LUKAS,54
411,MALACHI,54
411,SIDNEY,54
411,TERRY,54
418,AADAM,53
418,ANDREAS,53
418,DAMON,53
418,EDEN,53
418,HUSSAIN,53
423,CAVAN,52
423,FAISAL,52
423,KELVIN,52
426,ASHTON,51
426,ASIM,51
426,BRANDAN,51
426,DAMIAN,51
426,DENNIS,51
426,KHALID,51
426,RALPH,51
426,SAMI,51
434,CARLOS,50
434,HAIDER,50
434,KARAN,50
434,KENAN,50
434,OSIAN,50
434,RAYMOND,50
440,CALLAM,49
440,EDMUND,49
440,HASHIM,49
440,KAMERON,49
440,KEIRON,49
440,MICAH,49
440,REAGAN,49
440,RISHI,49
440,SACHIN,49
440,SHAH,49
440,SOL,49
451,HARRI,48
451,JOSIAH,48
451,OSKAR,48
454,AAMIR,47
454,DALTON,47
454,GIANLUCA,47
454,LEONARDO,47
454,MILAN,47
454,PIERCE,47
454,SHAWN,47
454,SIMEON,47
454,UZAIR,47
463,ALASDAIR,46
463,GLEN,46
463,MAXIM,46
463,WAYNE,46
467,ALESSANDRO,45
467,MALIK,45
467,SAMEER,45
467,ZAKARIA,45
471,EDDIE,44
471,FLETCHER,44
471,HECTOR,44
471,IAIN,44
471,IESTYN,44
471,JEEVAN,44
477,ABU,43
477,HASEEB,43
477,SHIVAM,43
477,ZAKARIYA,43
481,ABRAHAM,42
481,BAYLEY,42
481,BROOKLYN,42
481,CARTER,42
481,FABIAN,42
481,JAYDON,42
481,KAIN,42
481,SHELDON,42
481,UMAIR,42
490,AKASH,41
490,ARAN,41
490,ELI,41
490,GREGOR,41
490,HASNAIN,41
490,IZAAK,41
490,MEHMET,41
490,NABEEL,41
490,SULAIMAN,41
499,CADE,40
499,CAINE,40
499,KEITH,40
499,LORCAN,40
499,NICO,40
499,RIAN,40
499,SEAMUS,40
499,TERENCE,40
507,AADIL,39
507,ANAS,39
507,COLBY,39
507,JOHNNY,39
507,KISHAN,39
507,LEONARD,39
507,MARSHALL,39
507,REES,39
507,ZANE,39
516,AMAAN,38
516,AQIB,38
516,BRYAN,38
516,CHAY,38
516,DAN,38
516,DEWI,38
516,GRAHAM,38
516,HAARIS,38
516,JERMAINE,38
516,MATTEO,38
516,SALMAN,38
516,TREY,38
528,ABBAS,37
528,GEORGIE,37
528,JORGE,37
528,KASIM,37
528,LENNON,37
528,LYNDON,37
528,MARTYN,37
528,QUINN,37
528,TATE,37
528,USMAAN,37
538,ADEEL,36
538,DILLAN,36
538,KRISHAN,36
538,TARAN,36
538,USAMAH,36
538,ZEESHAN,36
544,DANYAAL,35
544,FARHAN,35
544,FRED,35
544,JARROD,35
544,LEWYS,35
544,RUFUS,35
544,RUPERT,35
544,TEDDY,35
544,YASIN,35
553,ALEXANDRE,34
553,GIOVANNI,34
553,IBRAHEEM,34
553,LAYTON,34
553,LEIGH,34
553,RAHIM,34
553,ROBSON,34
553,STEWART,34
553,TY,34
553,WASIM,34
563,CIERAN,33
563,EZRA,33
563,GIDEON,33
563,KELSEY,33
563,KENNY,33
563,KIT,33
563,KOFI,33
563,KYRON,33
563,OAKLEY,33
563,REMI,33
563,ROBERTO,33
563,SAHIL,33
575,BRANDEN,32
575,CARWYN,32
575,FRANKLIN,32
575,HAYDON,32
575,JOEY,32
575,RAVI,32
575,SHAQUILLE,32
575,SUFYAAN,32
575,SURAJ,32
575,WILFRED,32
575,ZUBAIR,32
586,BRENNAN,31
586,BRYCE,31
586,EDWIN,31
586,FABIO,31
586,GILES,31
586,GLENN,31
586,KARIM,31
586,LORENZO,31
586,SAMUAL,31
586,ZACHERY,31
596,BLAINE,30
596,FINNIAN,30
596,HAROLD,30
596,MARCEL,30
596,SAMMY,30
596,TED,30
596,YASEEN,30
603,AMIN,29
603,AYMAN,29
603,BROGAN,29
603,CHE,29
603,CHESTER,29
603,CYRUS,29
603,DILAN,29
603,ERIK,29
603,FRANCESCO,29
603,IFAN,29
603,ISA,29
603,IVAN,29
603,JEREMIAH,29
603,MOSES,29
603,NABIL,29
603,OSMAN,29
603,SAQIB,29
603,TAYLER,29
621,ANIL,28
621,ARCHIBALD,28
621,ASHLEIGH,28
621,DAANYAAL,28
621,DARYL,28
621,DENIS,28
621,EMILIO,28
621,GIANNI,28
621,HENRI,28
621,ISAIAH,28
621,JARRED,28
621,JEFFREY,28
621,KINGSLEY,28
621,MANRAJ,28
621,ROY,28
621,SHAE,28
621,TALHA,28
621,TYE,28
639,ALLAN,27
639,ELIS,27
639,JAGO,27
639,JAMIL,27
639,JORDEN,27
639,KALEB,27
639,KAMAL,27
639,KASEY,27
639,KAVAN,27
639,KEANU,27
639,KRISTOPHER,27
639,MOHAMMOD,27
639,OSAMA,27
639,PIERRE,27
639,SHUAIB,27
639,USAMA,27
655,ABDIRAHMAN,26
655,ASA,26
655,AZHAR,26
655,CAMRON,26
655,COLM,26
655,CORMAC,26
655,DEON,26
655,HAKEEM,26
655,ISRAEL,26
655,JONTY,26
655,JUNIOR,26
655,LAMAR,26
655,LAURIE,26
655,LUKA,26
655,MARIO,26
655,NYLE,26
655,OLLIE,26
655,REEGAN,26
655,RIZWAN,26
655,RUAIRI,26
655,SEBASTIEN,26
655,SUBHAN,26
655,TIM,26
655,ZAYN,26
679,ANDY,25
679,ARIF,25
679,BARNEY,25
679,BRANDON-LEE,25
679,BROOK,25
679,DARRYL,25
679,FINTAN,25
679,GARIN,25
679,GERARD,25
679,HAMMAD,25
679,JOSS,25
679,KALUM,25
679,NAEEM,25
679,ROHIT,25
679,UWAIS,25
679,VINAY,25
679,WADE,25
679,ZESHAN,25
697,AARRON,24
697,ARJAN,24
697,ATIF,24
697,BEAU,24
697,BRUCE,24
697,DANIAL,24
697,HAL,24
697,ISMAEEL,24
697,JAMAAL,24
697,JONAS,24
697,KAYLUM,24
697,MOHSIN,24
697,RAHEEM,24
697,REMY,24
697,SHAKEEL,24
697,SHEIKH,24
697,SHYAM,24
697,TIERNAN,24
697,TYRON,24
697,YAHYA,24
697,ZAID,24
718,AKSHAY,23
718,ALEXANDROS,23
718,AMRIT,23
718,ARBAAZ,23
718,AYDEN,23
718,BRENDEN,23
718,CAMPBELL,23
718,CONNAH,23
718,CORRIE,23
718,DARRAGH,23
718,DONOVAN,23
718,EMRE,23
718,FAHAD,23
718,FREDDY,23
718,JAN,23
718,JARRAD,23
718,KAYNE,23
718,KEANE,23
718,LOCHLAN,23
718,MCKENZIE,23
718,MIGUEL,23
718,NATHANIAL,23
718,ORLANDO,23
718,PRINCE,23
718,REGGIE,23
718,SAMSON,23
718,SHAAN,23
718,STORM,23
718,TOMMY-LEE,23
718,TYREKE,23
718,TYRIQUE,23
718,YOUSEF,23
750,AARAN,22
750,ADEN,22
750,ALBIE,22
750,BILAAL,22
750,BRADLEE,22
750,CHRIS,22
750,EMILE,22
750,FAHIM,22
750,FAIZAN,22
750,GARRY,22
750,GIUSEPPE,22
750,HUSEYIN,22
750,JAIDEN,22
750,JAYE,22
750,JULIUS,22
750,KALEM,22
750,KASHIF,22
750,MAGNUS,22
750,MERT,22
750,OTIS,22
750,REEF,22
750,SHAHID,22
750,TAI,22
750,TANVIR,22
750,ZACKARY,22
750,ZAKARY,22
776,ABDULLAHI,21
776,ABID,21
776,ALEXIS,21
776,AMIT,21
776,ARMAN,21
776,COBY,21
776,DEVAN,21
776,EMIL,21
776,EUGENE,21
776,EZEKIEL,21
776,FAHEEM,21
776,FINBAR,21
776,HOWARD,21
776,IDRIS,21
776,JAE,21
776,KALVIN,21
776,KAREEM,21
776,KEANAN,21
776,KELAN,21
776,KOBE,21
776,MAHDI,21
776,MURRAY,21
776,NOEL,21
776,PABLO,21
776,REHAN,21
776,SAEED,21
776,SAYED,21
776,SILAS,21
776,SUNNY,21
776,TYLA,21
776,VISHAL,21
776,YOUSUF,21
776,YUNUS,21
809,ADEM,20
809,ANTOINE,20
809,BALRAJ,20
809,BARRY,20
809,CAN,20
809,CASPAR,20
809,CASSIUS,20
809,DENVER,20
809,DOMINIK,20
809,EWEN,20
809,GORDON,20
809,HARI,20
809,HUSNAIN,20
809,JOHNATHON,20
809,KAAN,20
809,KHALIL,20
809,LANCE,20
809,LEYTON,20
809,MALCOLM,20
809,MARKUS,20
809,MIRZA,20
809,NILE,20
809,ROMAN,20
809,SHIV,20
809,SUHAIL,20
809,SYDNEY,20
809,TRE,20
809,TYRIQ,20
809,WILLEM,20
809,YASIR,20
809,ZION,20
840,AMANDEEP,19
840,ANEES,19
840,ASHRAF,19
840,CARLO,19
840,CARLTON,19
840,CHRISTY,19
840,DENIZ,19
840,DEVANTE,19
840,DYLON,19
840,GIORGIO,19
840,HAIDAR,19
840,JAROD,19
840,JOSE,19
840,JULES,19
840,KAYLEM,19
840,KOREY,19
840,MAISON,19
840,OLUWATOBI,19
840,RICHIE,19
840,SAAD,19
840,SOHAIB,19
840,STEPHAN,19
840,SULTAN,19
840,TAHIR,19
840,TARIK,19
840,WAQAS,19
840,ZACHARIA,19
840,ZACHARIAS,19
840,ZOHAIB,19
869,AMEER,18
869,AMMAR,18
869,ANISH,18
869,AQEEL,18
869,AYRTON,18
869,BRADY,18
869,BRODY,18
869,COSMO,18
869,DARIO,18
869,DHRUV,18
869,FINDLAY,18
869,HABIB,18
869,HAMAAD,18
869,JESS,18
869,JOHAN,18
869,JOHN-PAUL,18
869,JUNAYD,18
869,LUQMAN,18
869,MARVIN,18
869,MIKEY,18
869,MUSA,18
869,NASIR,18
869,OMARI,18
869,ORAN,18
869,PAOLO,18
869,PHOENIX,18
869,RAFAEL,18
869,RONALD,18
869,SUFYAN,18
869,SULAYMAN,18
869,SUNIL,18
869,TAHMID,18
869,TORIN,18
869,TREVOR,18
869,USAAMAH,18
869,VARUN,18
869,WALEED,18
906,ABDULRAHMAN,17
906,AINSLEY,17
906,AKEEL,17
906,ARMAAN,17
906,ASHWIN,17
906,BECK,17
906,BEVAN,17
906,BILL,17
906,BRADEN,17
906,BRUNO,17
906,CHANCE,17
906,CHASE,17
906,DEREK,17
906,EDGAR,17
906,EOGHAN,17
906,EREN,17
906,FARIS,17
906,GAGE,17
906,GERAINT,17
906,GWION,17
906,HADLEY,17
906,HUZAIFAH,17
906,IZAAC,17
906,JAYDN,17
906,KAYA,17
906,LENNY,17
906,MARLON,17
906,MAXIME,17
906,MCCAULEY,17
906,NED,17
906,OISIN,17
906,RAYAN,17
906,RIVER,17
906,ROSHAN,17
906,SACHA,17
906,SANJAY,17
906,SHAYNE,17
906,STEVIE,17
906,SULEMAN,17
906,TOMMIE,17
906,ZAHID,17
906,ZAKI,17
948,AKEEM,16
948,ALIX,16
948,ANGELO,16
948,ARNOLD,16
948,AUGUSTUS,16
948,BENN,16
948,CASPER,16
948,CLEMENT,16
948,DANISH,16
948,EAMON,16
948,EATHAN,16
948,HAKIM,16
948,ILYAS,16
948,JAVIER,16
948,JODY,16
948,KABIR,16
948,KALEEM,16
948,KARAM,16
948,KYAN,16
948,NADEEM,16
948,NELSON,16
948,SHAKIL,16
948,SHAMAS,16
948,VINNIE,16
948,WALID,16
973,ADEEB,15
973,AHMET,15
973,ALESSIO,15
973,ARSLAN,15
973,ASIF,15
973,AUSTEN,15
973,BARAN,15
973,BERNARD,15
973,BRAYDEN,15
973,BURHAN,15
973,CAOLAN,15
973,COURTNEY,15
973,DEACON,15
973,DIEGO,15
973,DRU,15
973,ETIENNE,15
973,FREDERIC,15
973,FYNN,15
973,HARUN,15
973,HUSSEIN,15
973,HUZAIFA,15
973,ISHMAEL,15
973,ISMAEL,15
973,JASKARAN,15
973,JAWAD,15
973,JEVAN,15
973,JORDAN-LEE,15
973,KODY,15
973,KONNOR,15
973,KORBEN,15
973,MD,15
973,MOHAMAD,15
973,NIKOLAS,15
973,OLUWASEUN,15
973,PARIS,15
973,PEARCE,15
973,RAEES,15
973,RAY,15
973,RICCARDO,15
973,ROGER,15
973,SAQLAIN,15
973,SASHA,15
973,TADHG,15
973,TAINE,15
973,TAYYAB,15
973,TAYYIB,15
973,TIAGO,15
973,UMAYR,15
973,WIL,15
973,YOUSAF,15
973,YOUSSEF,15
973,ZAKARIAH,15
973,ZAKIR,15
973,ZAYD,15
1027,ABDUR,14
1027,ADDISON,14
1027,ADNAAN,14
1027,ALISDAIR,14
1027,AMARDEEP,14
1027,AMEEN,14
1027,ANWAR,14
1027,BRENT,14
1027,DEKLAN,14
1027,DENZEL,14
1027,EAMONN,14
1027,EBEN,14
1027,EBRAHIM,14
1027,GAURAV,14
1027,GIACOMO,14
1027,GLYN,14
1027,GURPREET,14
1027,HUMZAH,14
1027,HYWEL,14
1027,IRFAN,14
1027,ISSAC,14
1027,JAMIE-LEE,14
1027,JAYSON,14
1027,JAZZ,14
1027,JEM,14
1027,JEVON,14
1027,JOZEF,14
1027,KEIREN,14
1027,KHALED,14
1027,KHURRAM,14
1027,KIA,14
1027,KYNAN,14
1027,LENNOX,14
1027,LINUS,14
1027,LYNDEN,14
1027,MAHAD,14
1027,MAJID,14
1027,MONTGOMERY,14
1027,MOSHE,14
1027,MUJAHID,14
1027,NASEEM,14
1027,NICK,14
1027,OLUWASEYI,14
1027,RAYYAN,14
1027,ROHAIL,14
1027,ROLAND,14
1027,RYLAN,14
1027,SANTINO,14
1027,TARUN,14
1027,TERRELL,14
1027,TIARNAN,14
1027,TYLOR,14
1027,WASEEM,14
1027,YASSER,14
1027,YASSIN,14
1082,ALEJANDRO,13
1082,ALISTER,13
1082,ANAND,13
1082,AZEEM,13
1082,BERTIE,13
1082,BLUE,13
1082,CAIRO,13
1082,CORBIN,13
1082,CRISTIAN,13
1082,DAWSON,13
1082,DEEN,13
1082,DHANYAL,13
1082,DIOGO,13
1082,DONELL,13
1082,FINNLEY,13
1082,FIONN,13
1082,GEOFFREY,13
1082,GUILLAUME,13
1082,GURDEEP,13
1082,IZAK,13
1082,JAIME,13
1082,JAMEEL,13
1082,JERRY,13
1082,JOSEFF,13
1082,JULIEN,13
1082,KHALEEL,13
1082,KIER,13
1082,KIRK,13
1082,KYLAN,13
1082,LEROY,13
1082,LIBAN,13
1082,LINDEN,13
1082,LOUI,13
1082,MARCOS,13
1082,MATEO,13
1082,MD.,13
1082,MOIN,13
1082,NASIM,13
1082,NIKITA,13
1082,OWAIS,13
1082,RAYHAN,13
1082,RIAZ,13
1082,SALIM,13
1082,SHAHZAIB,13
1082,SHOHAIB,13
1082,SID,13
1082,TRENT,13
1082,WILSON,13
1130,ABDALLAH,12
1130,ABUL,12
1130,ADHAM,12
1130,AEDAN,12
1130,AKIRA,12
1130,ALBAN,12
1130,ALEKSANDAR,12
1130,ALUN,12
1130,AMMAAR,12
1130,AMMAN,12
1130,ANIS,12
1130,ARBAZ,12
1130,ARBER,12
1130,ARIAN,12
1130,ARMANI,12
1130,AXEL,12
1130,AYOMIDE,12
1130,BARNABAS,12
1130,CEM,12
1130,CHAIM,12
1130,CHIRAG,12
1130,CONNAR,12
1130,CONNELL,12
1130,CORIN,12
1130,DAANISH,12
1130,DARREL,12
1130,DONALD,12
1130,DWAYNE,12
1130,EDAN,12
1130,EMANUEL,12
1130,FAIZAAN,12
1130,FARHAAN,12
1130,FERGAL,12
1130,GREGG,12
1130,GUS,12
1130,HAKAN,12
1130,HAMAD,12
1130,JADON,12
1130,JASDEEP,12
1130,JAYDAN,12
1130,JEZ,12
1130,JOAO,12
1130,KAILUM,12
1130,KAMIL,12
1130,KEON,12
1130,KHIZAR,12
1130,KRISTEN,12
1130,LEWIE,12
1130,MACAULY,12
1130,MASSIMO,12
1130,MURAT,12
1130,MYRON,12
1130,NADIR,12
1130,NEAL,12
1130,NEEL,12
1130,NIKESH,12
1130,OMER,12
1130,PADRAIG,12
1130,RIDWAN,12
1130,RITCHIE,12
1130,RUDI,12
1130,SAFYAN,12
1130,TAHA,12
1130,TARRAN,12
1130,TRAFFORD,12
1130,TYREEK,12
1130,VIJAY,12
1130,YAAKOV,12
1130,YISROEL,12
1199,ADEL,11
1199,ANEURIN,11
1199,ARSALAN,11
1199,ARYAN,11
1199,AZAAN,11
1199,BECKHAM,11
1199,BLAIR,11
1199,CAIUS,11
1199,CATHAL,11
1199,CHRISTOS,11
1199,CLARK,11
1199,CONALL,11
1199,DAWOOD,11
1199,DEVIN,11
1199,DEVONTE,11
1199,DHILLON,11
1199,DUANE,11
1199,EHSAN,11
1199,FAHD,11
1199,FAIZ,11
1199,FRANCISCO,11
1199,FREDRICK,11
1199,FURKAN,11
1199,GULAM,11
1199,GUTO,11
1199,HAIDEN,11
1199,HARVINDER,11
1199,HERBIE,11
1199,JAVAN,11
1199,JEAN,11
1199,JEAN-LUC,11
1199,JEDD,11
1199,JENSEN,11
1199,JIM,11
1199,JOVAN,11
1199,JUAN,11
1199,KALEN,11
1199,KAMEN,11
1199,KEN,11
1199,KEVAL,11
1199,KHURAM,11
1199,KIERRAN,11
1199,KRISHNA,11
1199,LESLIE,11
1199,LINCOLN,11
1199,LLEWELYN,11
1199,LLYWELYN,11
1199,MARKO,11
1199,NAHID,11
1199,NANA,11
1199,NASSER,11
1199,NAVEED,11
1199,NAYAN,11
1199,NIAL,11
1199,NICKY,11
1199,OLUWATOSIN,11
1199,OTTO,11
1199,PAULO,11
1199,PEDRO,11
1199,RAHEEL,11
1199,RAJ,11
1199,RASHEED,11
1199,REESE,11
1199,REID,11
1199,REIS,11
1199,RENE,11
1199,RYLEY,11
1199,SALEH,11
1199,SANDEEP,11
1199,SHAI,11
1199,SHAYAN,11
1199,SOLOMAN,11
1199,STEVE,11
1199,SUKHRAJ,11
1199,SULAIMAAN,11
1199,TAREK,11
1199,TERRENCE,11
1199,TOMASZ,11
1199,UMER,11
1199,VINCENZO,11
1199,WALTER,11
1199,WYATT,11
1281,AAKASH,10
1281,AARONDEEP,10
1281,ABDI,10
1281,ABEL,10
1281,ABUBAKR,10
1281,AERON,10
1281,AHSAN,10
1281,AKBAR,10
1281,AMOS,10
1281,ARCHER,10
1281,AREEB,10
1281,AYDIN,10
1281,AYUB,10
1281,BASIL,10
1281,BENJAMEN,10
1281,BRET,10
1281,CERI,10
1281,CHANDON,10
1281,CHARLTON,10
1281,CHI,10
1281,CLARKE,10
1281,CLIVE,10
1281,CONAN,10
1281,CORBEN,10
1281,CULLEN,10
1281,DANIAAL,10
1281,DARCY,10
1281,DARNEL,10
1281,DARSHAN,10
1281,DEVEN,10
1281,DOMONIC,10
1281,DONTE,10
1281,EESA,10
1281,ENZO,10
1281,FARAAZ,10
1281,FENTON,10
1281,GERALD,10
1281,GIAN,10
1281,GOVIND,10
1281,GRAEME,10
1281,GURPAL,10
1281,GURVEER,10
1281,HADYN,10
1281,HERBERT,10
1281,HUSAIN,10
1281,IBRAR,10
1281,IDREES,10
1281,ISHAQ,10
1281,IVO,10
1281,JAMEL,10
1281,JIMI,10
1281,JOLYON,10
1281,JOWAN,10
1281,KAYDEN,10
1281,KILLIAN,10
1281,KORY,10
1281,KUSH,10
1281,LAITH,10
1281,LEMUEL,10
1281,LYLE,10
1281,MAHMOUD,10
1281,MANVIR,10
1281,MAREK,10
1281,MATTHIAS,10
1281,MIHIR,10
1281,MUNEEB,10
1281,MURTAZA,10
1281,NAIM,10
1281,NIKOLAI,10
1281,OZAN,10
1281,PAVAN,10
1281,PIETRO,10
1281,RAFI,10
1281,RAHAT,10
1281,RAIS,10
1281,RAJIV,10
1281,RAMONE,10
1281,RAUL,10
1281,RAVINDER,10
1281,REACE,10
1281,REON,10
1281,RIYAD,10
1281,RODNEY,10
1281,RUARI,10
1281,RUI,10
1281,SAFWAN,10
1281,SAJID,10
1281,SALMAAN,10
1281,SHAHZEB,10
1281,SHAKIR,10
1281,SHEIK,10
1281,SHERIDAN,10
1281,SUBHAAN,10
1281,TALHAH,10
1281,TIGER,10
1281,TOR,10
1281,TYREESE,10
1281,UMUT,10
1281,VIVEK,10
1281,WAQAR,10
1281,YASH,10
1281,ZAKK,10
1383,ABDUR-RAHMAN,9
1383,ABRAR,9
1383,ADITYA,9
1383,AKRAM,9
1383,ALFI,9
1383,AMARI,9
1383,AMER,9
1383,ANDERSON,9
1383,AQEEB,9
1383,AVINASH,9
1383,AYAZ,9
1383,AYODEJI,9
1383,BALAL,9
1383,BHAVIN,9
1383,BILLY-JOE,9
1383,BRAYDON,9
1383,BRYNLEY,9
1383,CHETAN,9
1383,CORAN,9
1383,CORI,9
1383,DANIELE,9
1383,DANIYAL,9
1383,DAUD,9
1383,DAVE,9
1383,DAWUD,9
1383,DEEPAK,9
1383,DENNY,9
1383,DERRY,9
1383,DILRAJ,9
1383,DOUGAL,9
1383,DWIGHT,9
1383,ELIOTT,9
1383,ENRICO,9
1383,ERIN,9
1383,ERNEST,9
1383,FLOYD,9
1383,FOX,9
1383,GEORGIOS,9
1383,GINO,9
1383,GWILYM,9
1383,HADI,9
1383,HALLAM,9
1383,HAMID,9
1383,HANS,9
1383,HO,9
1383,IKRAM,9
1383,ISHAN,9
1383,ISIAH,9
1383,ISSA,9
1383,JABIR,9
1383,JARVIS,9
1383,JASPAL,9
1383,JASRAJ,9
1383,JAWAAD,9
1383,JESSIE,9
1383,JETHRO,9
1383,JOAB,9
1383,JORDI,9
1383,KADEN,9
1383,KAIDEN,9
1383,KAILAN,9
1383,KALAM,9
1383,KALLAM,9
1383,KAYLEN,9
1383,KEALAN,9
1383,KEILAN,9
1383,KELTON,9
1383,KENNEDY,9
1383,KHARI,9
1383,KIEFER,9
1383,KYRIACOS,9
1383,LINDON,9
1383,LOCHLANN,9
1383,MARCELLO,9
1383,MARWAN,9
1383,MATTIA,9
1383,MAXIMILIEN,9
1383,MOISHE,9
1383,NILES,9
1383,NOOR,9
1383,NUMAAN,9
1383,NYALL,9
1383,OLE,9
1383,PASCAL,9
1383,PATRIK,9
1383,PIRAN,9
1383,PRESTON,9
1383,QAIS,9
1383,QUENTIN,9
1383,RAHIL,9
1383,RAIHAN,9
1383,RAKEEM,9
1383,REEVE,9
1383,REZA,9
1383,RHYDIAN,9
1383,RICO,9
1383,RONALDO,9
1383,SALAH,9
1383,SALEM,9
1383,SANJEEV,9
1383,SCOT,9
1383,SHAHBAZ,9
1383,SHARAZ,9
1383,SHAYE,9
1383,SHAZAD,9
1383,SHILOH,9
1383,SONNIE,9
1383,STAN,9
1383,STEFANO,9
1383,SVEN,9
1383,TALIESIN,9
1383,TANVEER,9
1383,TASHAN,9
1383,THAI,9
1383,TOMMI,9
1383,TYRAN,9
1383,TYSON,9
1383,VIKRAM,9
1383,VINNY,9
1383,YANN,9
1383,YOEL,9
1383,ZAKARIYYA,9
1505,ABDULAHI,8
1505,ADAN,8
1505,AKAASH,8
1505,AKMAL,8
1505,ALBERTO,8
1505,ALLEN,8
1505,ALVIN,8
1505,AMAAD,8
1505,ANDRES,8
1505,ANGEL,8
1505,AQIL,8
1505,ARBAB,8
1505,ARMANDO,8
1505,ART,8
1505,ASAM,8
1505,ASHLEE,8
1505,AYOUB,8
1505,AYUSH,8
1505,AZIM,8
1505,BARIS,8
1505,BERTRAM,8
1505,BHAVIK,8
1505,BLANE,8
1505,BLAZE,8
1505,BOB,8
1505,CADAN,8
1505,CAMDEN,8
1505,CAMERAN,8
1505,CEEJAY,8
1505,CLAY,8
1505,CLIFFORD,8
1505,CODEY,8
1505,COHEN,8
1505,CONAL,8
1505,CONNALL,8
1505,DARAGH,8
1505,DEVLIN,8
1505,DJANGO,8
1505,DOMENICO,8
1505,DONNELL,8
1505,DYLLAN,8
1505,EDOARDO,8
1505,EMERSON,8
1505,EPHRAIM,8
1505,FERNANDO,8
1505,FILIPPO,8
1505,FORREST,8
1505,FRANKLYN,8
1505,FRASIER,8
1505,FREDERIK,8
1505,FREDRIK,8
1505,GHULAM,8
1505,HALIL,8
1505,HAMSA,8
1505,HANNAN,8
1505,HARPREET,8
1505,HARRIE,8
1505,HARSH,8
1505,HARVIR,8
1505,HIREN,8
1505,HISHAM,8
1505,IHSAN,8
1505,IMAAD,8
1505,INDERPAL,8
1505,INIGO,8
1505,IOLO,8
1505,ISHAAQ,8
1505,ISRAR,8
1505,JAD,8
1505,JAKUB,8
1505,JAYMIE,8
1505,JEAN-PIERRE,8
1505,JEFFERSON,8
1505,JOB,8
1505,JOBY,8
1505,JOHANN,8
1505,JOHANNES,8
1505,JUSTICE,8
1505,KALIM,8
1505,KARANDEEP,8
1505,KASSIM,8
1505,KAYLAN,8
1505,KEAN,8
1505,KEREM,8
1505,KERN,8
1505,KESTER,8
1505,KHALEEM,8
1505,KHAN,8
1505,KISHEN,8
1505,KRIS,8
1505,KRISTOFER,8
1505,KUNAL,8
1505,LARS,8
1505,LAWSON,8
1505,LENNIE,8
1505,LLION,8
1505,LLYR,8
1505,LUCCA,8
1505,LUCIANO,8
1505,LUQMAAN,8
1505,MAC,8
1505,MADISON,8
1505,MAHIR,8
1505,MAURICE,8
1505,MEHDI,8
1505,MELVIN,8
1505,MERLIN,8
1505,MICHEAL,8
1505,MIKA,8
1505,MOBEEN,8
1505,MONTEL,8
1505,MONTY,8
1505,MORDECHAI,8
1505,MUHSIN,8
1505,MUJTABA,8
1505,NADIM,8
1505,NAZMUL,8
1505,NIGEL,8
1505,NIYAZ,8
1505,NOMAAN,8
1505,OLAMIDE,8
1505,OLUWADAMILOLA,8
1505,OLUWAFEMI,8
1505,PREM,8
1505,QAMAR,8
1505,QUINTON,8
1505,RAFE,8
1505,RAMI,8
1505,RASHAD,8
1505,RAVEN,8
1505,RED,8
1505,RHYAN,8
1505,RODRIGO,8
1505,ROHIN,8
1505,ROMARIO,8
1505,RYAN-LEE,8
1505,SAID,8
1505,SALVATORE,8
1505,SHAKUR,8
1505,SHAMUS,8
1505,SHLOMO,8
1505,SIMRAN,8
1505,SIRAJ,8
1505,STEFFEN,8
1505,SUHAYL,8
1505,SULIMAN,8
1505,THOM,8
1505,TOMMYLEE,8
1505,TRAE,8
1505,TRYSTAN,8
1505,VALENTINO,8
1505,VAUGHAN,8
1505,VAUGHN,8
1505,WAJID,8
1505,YAHYE,8
1505,YITZCHOK,8
1505,YOUCEF,8
1505,ZAINUL,8
1505,ZESHAAN,8
1664,ABDURAHMAN,7
1664,ABE,7
1664,AFZAL,7
1664,ALEEM,7
1664,AMRIK,7
1664,ANKIT,7
1664,ANOOP,7
1664,ANUJ,7
1664,ARVIND,7
1664,ARWEL,7
1664,ASH,7
1664,AUBREY,7
1664,AVAIS,7
1664,AYDAN,7
1664,AYOTUNDE,7
1664,AZIZ,7
1664,BAILLIE,7
1664,BAILY,7
1664,BENOIT,7
1664,BERKAY,7
1664,BILLY-RAY,7
1664,BLAISE,7
1664,BRADLEIGH,7
1664,BROOKE,7
1664,BUSTER,7
1664,CALLEN,7
1664,CANAAN,7
1664,CASSIAN,7
1664,CHARLEE,7
1664,CODIE,7
1664,CONNA,7
1664,CORIE,7
1664,CORNELIUS,7
1664,CRISPIN,7
1664,DAKOTA,7
1664,DANI,7
1664,DARRELL,7
1664,DAVIN,7
1664,DECLAND,7
1664,DINO,7
1664,DOMINICK,7
1664,DOVID,7
1664,EDSON,7
1664,ELISHA,7
1664,ELVIS,7
1664,ESA,7
1664,FABIEN,7
1664,FABRIZIO,7
1664,FARAZ,7
1664,FARID,7
1664,FEZAAN,7
1664,FILIP,7
1664,FINNLAY,7
1664,FIRAT,7
1664,FURQAAN,7
1664,GARYN,7
1664,GEORDIE,7
1664,GRUFFYDD,7
1664,GWYN,7
1664,HABIBUR,7
1664,HALLUM,7
1664,HAMMAAD,7
1664,HANIF,7
1664,HARDEEP,7
1664,HARMAN,7
1664,HASNAAT,7
1664,HUSAM,7
1664,IBRAAHEEM,7
1664,IFEOLUWA,7
1664,IHSAAN,7
1664,IJAZ,7
1664,ILAN,7
1664,IMAD,7
1664,IMMANUEL,7
1664,INDERJIT,7
1664,IOANNIS,7
1664,JAGDEEP,7
1664,JAHED,7
1664,JAIMIE,7
1664,JASPREET,7
1664,JAVED,7
1664,JAYAN,7
1664,JAYME,7
1664,JEFF,7
1664,JELANI,7
1664,JENSON,7
1664,JIBRAN,7
1664,JOCELYN,7
1664,JON-PAUL,7
1664,KADEEM,7
1664,KAILEM,7
1664,KALLAN,7
1664,KALON,7
1664,KARSTEN,7
1664,KAVI,7
1664,KELLAN,7
1664,KETAN,7
1664,KHAI,7
1664,KIELAN,7
1664,KONRAD,7
1664,KORAY,7
1664,KORI,7
1664,KURRAN,7
1664,KUSHAL,7
1664,KWABENA,7
1664,KYAL,7
1664,LESTER,7
1664,LUCIAN,7
1664,MAHAMED,7
1664,MAHAMMED,7
1664,MAHESH,7
1664,MAHMOOD,7
1664,MAHOMED,7
1664,MANDEEP,7
1664,MANUEL,7
1664,MARIUS,7
1664,MARTY,7
1664,MEHRAN,7
1664,MURAD,7
1664,MYLO,7
1664,NARAYAN,7
1664,NASH,7
1664,NIAM,7
1664,NIAZ,7
1664,NUMAN,7
1664,OLIVIER,7
1664,OLUWATOBILOBA,7
1664,OMAIR,7
1664,OREN,7
1664,ORIN,7
1664,ORION,7
1664,PARTH,7
1664,PATRIC,7
1664,PAVANDEEP,7
1664,PRANAV,7
1664,PRAVEEN,7
1664,QAASIM,7
1664,RAMEEZ,7
1664,RAMEL,7
1664,RASHAAN,7
1664,RASHID,7
1664,RAYHAAN,7
1664,RHYCE,7
1664,RODERICK,7
1664,ROHAAN,7
1664,RUEBEN,7
1664,SADIQ,7
1664,SAHIR,7
1664,SALEEM,7
1664,SAMIUL,7
1664,SANCHEZ,7
1664,SAXON,7
1664,SEYED,7
1664,SHABAZ,7
1664,SHAMIM,7
1664,SHLOIME,7
1664,SHMUEL,7
1664,SINAN,7
1664,SIRAAJ,7
1664,SKYE,7
1664,STELIOS,7
1664,SUHAIB,7
1664,TAARIQ,7
1664,TAHER,7
1664,TAIWO,7
1664,TAVIS,7
1664,TEMITOPE,7
1664,TERREL,7
1664,TIMUR,7
1664,TITUS,7
1664,TRISTEN,7
1664,UBAID,7
1664,USAYD,7
1664,UTHMAN,7
1664,UZAYR,7
1664,VIREN,7
1664,WILIAM,7
1664,WILLIS,7
1664,XANDER,7
1664,YAKOV,7
1664,YIANNIS,7
1664,YOSEF,7
1664,ZACKERY,7
1664,ZAYNE,7
1664,ZISHAN,7
1664,ZUHAYR,7
1850,AASIM,6
1850,ABDALLA,6
1850,ABDULAZIZ,6
1850,ABDULLA,6
1850,ABDURRAHMAN,6
1850,ABUBAKAR,6
1850,AHRON,6
1850,AIMAN,6
1850,AJMAL,6
1850,AL,6
1850,ALAA,6
1850,ALEKSANDER,6
1850,ALEXEI,6
1850,ALLY,6
1850,AMAAR,6
1850,AMAL,6
1850,AMANI,6
1850,AMR,6
1850,AMRITPAL,6
1850,AMUN,6
1850,ANASS,6
1850,ANEESH,6
1850,AODHAN,6
1850,ARUNDEEP,6
1850,ARVIN,6
1850,ASHA,6
1850,ASHISH,6
1850,ASHVIN,6
1850,ASSAD,6
1850,AUGUSTINE,6
1850,BARTHOLOMEW,6
1850,BEDE,6
1850,BILLIE,6
1850,BJORN,6
1850,BLAYNE,6
1850,BORIS,6
1850,BRADD,6
1850,BRANDYN,6
1850,BRINLEY,6
1850,BUDDY,6
1850,CAILEAN,6
1850,CAL,6
1850,CALAN,6
1850,CALE,6
1850,CHAE,6
1850,CHARLY,6
1850,CHRISTIE,6
1850,CHUKWUEMEKA,6
1850,CIERON,6
1850,CLINTON,6
1850,COBI,6
1850,CONAH,6
1850,CONLAN,6
1850,CONSTANTINE,6
1850,COOPER,6
1850,CORRAN,6
1850,COSIMO,6
1850,CULLAN,6
1850,DARDAN,6
1850,DARIEN,6
1850,DEAGLAN,6
1850,DEJAN,6
1850,DEMETRI,6
1850,DESMOND,6
1850,DEV,6
1850,DHIREN,6
1850,DONAL,6
1850,DORIAN,6
1850,DRE,6
1850,DYFAN,6
1850,EBENEZER,6
1850,EDIZ,6
1850,EDUARDO,6
1850,EMMET,6
1850,EMMETT,6
1850,ENES,6
1850,ENOCH,6
1850,ERNIE,6
1850,FAARIS,6
1850,FARHAD,6
1850,FARREN,6
1850,FEDERICO,6
1850,FINIAN,6
1850,FLORIAN,6
1850,FRANCO,6
1850,FRAZIER,6
1850,FREDRIC,6
1850,FURQAN,6
1850,GAGANDEEP,6
1850,GILBERT,6
1850,GRADY,6
1850,GRUFFUDD,6
1850,GULED,6
1850,GURDIT,6
1850,GURJEEVAN,6
1850,GURVINDER,6
1850,GURVIR,6
1850,HALEEM,6
1850,HARJOT,6
1850,HARMINDER,6
1850,HARVIE,6
1850,HASSAAN,6
1850,HIMMAT,6
1850,HISHAAM,6
1850,HUDSON,6
1850,IKENNA,6
1850,IQBAL,6
1850,ISAAK,6
1850,ISLAM,6
1850,ISRAAR,6
1850,JACQUE,6
1850,JADAN,6
1850,JAGROOP,6
1850,JARAD,6
1850,JASMEET,6
1850,JAVEN,6
1850,JAYCOB,6
1850,JAZ,6
1850,JO,6
1850,JOBE,6
1850,JORDY,6
1850,JUNED,6
1850,KADIR,6
1850,KAELAN,6
1850,KAMAR,6
1850,KEHINDE,6
1850,KEIGAN,6
1850,KELECHI,6
1850,KELLEN,6
1850,KEMAL,6
1850,KENT,6
1850,KHALIFA,6
1850,KI,6
1850,KIMANI,6
1850,KOBI,6
1850,KOJO,6
1850,KYRONE,6
1850,LATHAM,6
1850,LAURENT,6
1850,LAYNE,6
1850,LAYTH,6
1850,LEX,6
1850,LUCIEN,6
1850,LUDOVIC,6
1850,LYALL,6
1850,MACK,6
1850,MAHAMMAD,6
1850,MANPREET,6
1850,MANSOOR,6
1850,MARIOS,6
1850,MARUF,6
1850,MATHIAS,6
1850,MEER,6
1850,MICHELE,6
1850,MICKY,6
1850,MIKE,6
1850,MILLAN,6
1850,MINHAJ,6
1850,MIR,6
1850,MITCH,6
1850,MITESH,6
1850,MOHAMUD,6
1850,MOHIT,6
1850,MONTAGUE,6
1850,MUBARAK,6
1850,MUHAMMOD,6
1850,MUSAB,6
1850,MUSTAPHA,6
1850,NAHUM,6
1850,NASSIM,6
1850,NATHEN,6
1850,NAZIM,6
1850,NEERAJ,6
1850,NIKLAS,6
1850,NIKOS,6
1850,NILS,6
1850,NISHAN,6
1850,NOMAN,6
1850,NURUL,6
1850,ODIN,6
1850,OKAN,6
1850,OLUWAPELUMI,6
1850,OLUWATIMILEHIN,6
1850,OMID,6
1850,ONUR,6
1850,PADDY,6
1850,PARDEEP,6
1850,PRASHANT,6
1850,PRIYAN,6
1850,PUNEET,6
1850,RAJDEEP,6
1850,RAMZAN,6
1850,RAZA,6
1850,REHAAN,6
1850,REILLY,6
1850,RION,6
1850,RISHABH,6
1850,RISHAN,6
1850,ROBBY,6
1850,ROURKE,6
1850,RUDY,6
1850,RUSHIL,6
1850,RYHAN,6
1850,SAAJAN,6
1850,SAHIB,6
1850,SAI,6
1850,SAJJAD,6
1850,SAMAD,6
1850,SANTIAGO,6
1850,SARBJIT,6
1850,SAWAN,6
1850,SHAKIB,6
1850,SHAYAAN,6
1850,SHAZAIB,6
1850,SPIKE,6
1850,STEPHANOS,6
1850,STERLING,6
1850,SUKHDEEP,6
1850,SUNDEEP,6
1850,TAJ,6
1850,TAO,6
1850,TARYN,6
1850,TAYYEB,6
1850,TEMILOLUWA,6
1850,THIERRY,6
1850,TREMAYNE,6
1850,TYRECE,6
1850,TYREE,6
1850,UGUR,6
1850,VALENTINE,6
1850,VIKAS,6
1850,VIRAJ,6
1850,VOLKAN,6
1850,WAI,6
1850,WAJAHAT,6
1850,WILFRID,6
1850,YACINE,6
1850,YANNICK,6
1850,YONIS,6
1850,YOUNIS,6
1850,YUSEF,6
1850,YUTA,6
1850,ZAAKIR,6
1850,ZAYYAN,6
1850,ZECHARIAH,6
1850,ZEIN,6
1850,ZUHAIR,6
2097,AAQIB,5
2097,AASHIR,5
2097,AATIF,5
2097,ABAAS,5
2097,ABDIAZIZ,5
2097,ABDULKADIR,5
2097,ABDULMALIK,5
2097,ABDUR-RAHEEM,5
2097,ABHINAV,5
2097,ABHISHEK,5
2097,ACER,5
2097,ADEMOLA,5
2097,ADRIEN,5
2097,AKEEB,5
2097,AKIB,5
2097,AKIM,5
2097,AKSHAR,5
2097,ALBY,5
2097,ALDEN,5
2097,AMIL,5
2097,AMINUR,5
2097,AMMAD,5
2097,ANJUM,5
2097,ANMOL,5
2097,ARMAND,5
2097,ARNAV,5
2097,ARNIE,5
2097,ARREN,5
2097,ARSHAD,5
2097,ARWYN,5
2097,ARYA,5
2097,AVI,5
2097,AVRAHAM,5
2097,AYMEN,5
2097,BAILEE,5
2097,BAILIE,5
2097,BAYLEE,5
2097,BAYLIE,5
2097,BENITO,5
2097,BENJAMAN,5
2097,BENNY,5
2097,BENTLEY,5
2097,BERKAN,5
2097,BHAVESH,5
2097,BILLAL,5
2097,BLU,5
2097,BORUCH,5
2097,BOYD,5
2097,BRENTON,5
2097,BURAK,5
2097,CADEN,5
2097,CAMRAN,5
2097,CANER,5
2097,CARRICK,5
2097,CECIL,5
2097,CELLAN,5
2097,CELYN,5
2097,CHAUDHRY,5
2097,CHEY,5
2097,CHIDI,5
2097,CHUN,5
2097,CLAUDE,5
2097,CLYDE,5
2097,CONER,5
2097,CONNAGH,5
2097,CONRAN,5
2097,CORBY,5
2097,CORBYN,5
2097,CORREY,5
2097,CRAWFORD,5
2097,CREEGAN,5
2097,CURRAN,5
2097,CY,5
2097,DAANYAL,5
2097,DADE,5
2097,DANIYAAL,5
2097,DARA,5
2097,DARIAN,5
2097,DARYLL,5
2097,DAVEY,5
2097,DAVIS,5
2097,DEIO,5
2097,DENIRO,5
2097,DHANISH,5
2097,DIESEL,5
2097,DIGBY,5
2097,DIMITRI,5
2097,DOGAN,5
2097,DON,5
2097,DUDLEY,5
2097,EDOUARD,5
2097,EESAA,5
2097,ELDON,5
2097,ELIEZER,5
2097,ELYAS,5
2097,EMAD,5
2097,EMYR,5
2097,ENDRIT,5
2097,ENIS,5
2097,ENNIS,5
2097,ESSA,5
2097,ETHEN,5
2097,FARRELL,5
2097,FAYEZ,5
2097,FAYSAL,5
2097,FINDLEY,5
2097,FINNBAR,5
2097,FINNBARR,5
2097,FINTON,5
2097,FLINT,5
2097,FLORIN,5
2097,FORD,5
2097,FUAD,5
2097,GARTH,5
2097,GERRARD,5
2097,GIL,5
2097,GRIFFIN,5
2097,GURSIMRAN,5
2097,GWYDION,5
2097,HAASHIM,5
2097,HADLEIGH,5
2097,HAMED,5
2097,HAMSE,5
2097,HARPAL,5
2097,HARVEER,5
2097,HASAAN,5
2097,HASHEM,5
2097,HASIB,5
2097,HASSNAIN,5
2097,HATIM,5
2097,HEDD,5
2097,HUBERT,5
2097,HUSSNAIN,5
2097,ILYAAS,5
2097,IMAN,5
2097,INAAM,5
2097,ISHAAN,5
2097,IVOR,5
2097,JABER,5
2097,JAHID,5
2097,JAHMAL,5
2097,JAIDAN,5
2097,JALAL,5
2097,JAMESON,5
2097,JARETH,5
2097,JASVIR,5
2097,JATIN,5
2097,JAYKE,5
2097,JEDIDIAH,5
2097,JEFFERY,5
2097,JEMEL,5
2097,JEVEN,5
2097,JIN,5
2097,JONSON,5
2097,JORAWAR,5
2097,JORDYN,5
2097,JOS,5
2097,JOURDAN,5
2097,JUDAH,5
2097,JUHEL,5
2097,KACEY,5
2097,KAIF,5
2097,KAIRO,5
2097,KALAN,5
2097,KALIL,5
2097,KAMAAL,5
2097,KAMAHL,5
2097,KARANJIT,5
2097,KARUN,5
2097,KAVANAGH,5
2097,KAZI,5
2097,KEARAN,5
2097,KEELEN,5
2097,KEI,5
2097,KELL,5
2097,KELLAND,5
2097,KENTON,5
2097,KESHAV,5
2097,KHRISTIAN,5
2097,KIE,5
2097,KIERRON,5
2097,KING,5
2097,KIYAN,5
2097,KOBIE,5
2097,KOLAWOLE,5
2097,KWAKU,5
2097,KWAME,5
2097,KYRO,5
2097,LAIGHTON,5
2097,LARRY,5
2097,LEIGHAM,5
2097,LLEWELLYN,5
2097,LOKI,5
2097,LOREN,5
2097,LYAM,5
2097,LYON,5
2097,MACAULLY,5
2097,MACSEN,5
2097,MAHMUD,5
2097,MAN,5
2097,MANISH,5
2097,MANJOT,5
2097,MARCELL,5
2097,MARCELO,5
2097,MARLOWE,5
2097,MAROOF,5
2097,MATEUSZ,5
2097,MATHIEU,5
2097,MATTHIEU,5
2097,MAYUR,5
2097,MAZIN,5
2097,MEIRION,5
2097,MENACHEM,5
2097,MEURIG,5
2097,MIRAJ,5
2097,MONTELL,5
2097,MORGEN,5
2097,MUBASHIR,5
2097,MUDASSAR,5
2097,MUHAMAD,5
2097,MUHAMED,5
2097,NAVDEEP,5
2097,NAWAZ,5
2097,NAZEEM,5
2097,NIHAL,5
2097,NIKKI,5
2097,NIMA,5
2097,NIRAV,5
2097,NISHIL,5
2097,NOLAN,5
2097,NORMAN,5
2097,OBED,5
2097,OBINNA,5
2097,OLANREWAJU,5
2097,OLLY,5
2097,OLUTOBI,5
2097,OPEYEMI,5
2097,ORRIN,5
2097,OSSAMA,5
2097,OWYN,5
2097,OZAIR,5
2097,OZGUR,5
2097,PAVEL,5
2097,PHILIPPE,5
2097,PIETER,5
2097,PRAKASH,5
2097,PRENTICE,5
2097,PRIYAM,5
2097,PRIYEN,5
2097,QAYS,5
2097,QUINLAN,5
2097,RAEKWON,5
2097,RAJESH,5
2097,RAKIM,5
2097,RALF,5
2097,RAMON,5
2097,REED,5
2097,REMEL,5
2097,RENO,5
2097,REZWAN,5
2097,RIDHWAN,5
2097,RIECE,5
2097,ROB,5
2097,ROGAN,5
2097,RONIN,5
2097,ROSHAAN,5
2097,ROWEN,5
2097,RUAIRIDH,5
2097,RUBIN,5
2097,RUHEL,5
2097,SABIR,5
2097,SAFIAN,5
2097,SAHID,5
2097,SAIFUL,5
2097,SALIH,5
2097,SALVADOR,5
2097,SAMMIE,5
2097,SAURAV,5
2097,SEBASTIANO,5
2097,SERGIO,5
2097,SERKAN,5
2097,SHAFIQ,5
2097,SHAMIL,5
2097,SHANNON,5
2097,SHAYLEN,5
2097,SHERIF,5
2097,SHIVAN,5
2097,SHUAYB,5
2097,SHYHEIM,5
2097,SIKANDER,5
2097,SKY,5
2097,SOBAAN,5
2097,SOFIAN,5
2097,SOREN,5
2097,STEVAN,5
2097,SULMAN,5
2097,SYD,5
2097,TAFARI,5
2097,TALVIN,5
2097,TANBIR,5
2097,TARANDEEP,5
2097,TARANJIT,5
2097,TARANVIR,5
2097,TAUHEED,5
2097,TAYLAN,5
2097,TEALE,5
2097,TEJ,5
2097,THADDEUS,5
2097,TIMON,5
2097,TOLULOPE,5
2097,TORBEN,5
2097,TREMAINE,5
2097,TYREISS,5
2097,TYREL,5
2097,TYRELLE,5
2097,VIKESH,5
2097,WASIF,5
2097,WILF,5
2097,YAMIN,5
2097,YAN,5
2097,YASAR,5
2097,YASSINE,5
2097,YEHUDA,5
2097,ZAFRAN,5
2097,ZAHIR,5
2097,ZEKE,5
2097,ZIA,5
2097,ZOHEB,5
2425,AAREN,4
2425,AARUN,4
2425,AAYUSH,4
2425,ABD,4
2425,ABDISHAKUR,4
2425,ABDOU,4
2425,ABDULRAHIM,4
2425,ABIDUR,4
2425,ABUBAKARR,4
2425,ACE,4
2425,ADENIYI,4
2425,ADEWALE,4
2425,ADI,4
2425,ADIB,4
2425,ADREES,4
2425,AFTAB,4
2425,AKHIL,4
2425,AKIL,4
2425,AKIVA,4
2425,ALAIN,4
2425,ALBION,4
2425,ALDO,4
2425,ALEXANDA,4
2425,ALEXI,4
2425,ALEXZANDER,4
2425,ALFREDO,4
2425,ALFY,4
2425,ALON,4
2425,AMARN,4
2425,AMARU,4
2425,AMINUL,4
2425,AMRAN,4
2425,ANDERS,4
2425,ANDI,4
2425,ANEIRIN,4
2425,ANGELOS,4
2425,ANSON,4
2425,ANTHONIE,4
2425,ANTONINO,4
2425,ARAFAT,4
2425,ARANDEEP,4
2425,AREES,4
2425,ARLEN,4
2425,ARLIND,4
2425,ARNE,4
2425,ARRY,4
2425,ARTURO,4
2425,ASHAR,4
2425,ASHDON,4
2425,ASTEN,4
2425,ATO,4
2425,ATTICUS,4
2425,AUGUSTIN,4
2425,AULON,4
2425,AZAD,4
2425,BADR,4
2425,BARON,4
2425,BASHIR,4
2425,BAYLEIGH,4
2425,BILLYJOE,4
2425,BLADE,4
2425,BOAZ,4
2425,BOBBIE,4
2425,BRAD-LEE,4
2425,BRADON,4
2425,BRICE,4
2425,CADELL,4
2425,CAELAN,4
2425,CAERON,4
2425,CAILEN,4
2425,CAILUM,4
2425,CALAM,4
2425,CALEM,4
2425,CAM'RON,4
2425,CAMARON,4
2425,CAMEREN,4
2425,CAMERON-JAMES,4
2425,CANE,4
2425,CARLITO,4
2425,CARSON,4
2425,CARY,4
2425,CAYMAN,4
2425,CEDRIC,4
2425,CEIRAN,4
2425,CEIRION,4
2425,CENK,4
2425,CHANDAN,4
2425,CHARALAMBOS,4
2425,CLAUDIO,4
2425,CLEM,4
2425,CLINT,4
2425,COBIE,4
2425,COLLIN,4
2425,COLLINS,4
2425,COLUM,4
2425,CONAR,4
2425,CUAN,4
2425,CYLE,4
2425,D'ANDRE,4
2425,DAIRE,4
2425,DAMION,4
2425,DANESH,4
2425,DANNY-LEE,4
2425,DARION,4
2425,DARRION,4
2425,DAVINDER,4
2425,DAYNE,4
2425,DAYTON,4
2425,DE,4
2425,DEANDRE,4
2425,DEEP,4
2425,DEIAN,4
2425,DEINIOL,4
2425,DEION,4
2425,DEMETRIUS,4
2425,DEMPSEY,4
2425,DENILSON,4
2425,DEWAN,4
2425,DHILAN,4
2425,DILWAR,4
2425,DIMITRIS,4
2425,DJAMEL,4
2425,DOGUKAN,4
2425,DONTAI,4
2425,DOULTON,4
2425,DOV,4
2425,DOYLE,4
2425,DREN,4
2425,DYLLON,4
2425,EASHAN,4
2425,EFAN,4
2425,EFE,4
2425,EGZON,4
2425,EITAN,4
2425,EITHAN,4
2425,ELGAN,4
2425,ELLERY,4
2425,EMIR,4
2425,EMRYS,4
2425,EVANDER,4
2425,EVANGELOS,4
2425,FAISEL,4
2425,FARAH,4
2425,FAREED,4
2425,FATIH,4
2425,FAWWAZ,4
2425,FELIPE,4
2425,FENN,4
2425,FINNEGAN,4
2425,FLORENT,4
2425,FRAIZER,4
2425,GAETAN,4
2425,GAIGE,4
2425,GARRETT,4
2425,GAVINDER,4
2425,GENE,4
2425,GEORGI,4
2425,GEORGIO,4
2425,GERRY,4
2425,GERWYN,4
2425,GODWIN,4
2425,GUISEPPE,4
2425,GURINDER,4
2425,GURMUKH,4
2425,GWERN,4
2425,HAAMID,4
2425,HABEEB,4
2425,HAFEEZ,4
2425,HAMAS,4
2425,HAMDAN,4
2425,HAMILTON,4
2425,HANAD,4
2425,HANLEY,4
2425,HARISH,4
2425,HARJEET,4
2425,HARJEEVAN,4
2425,HARJINDER,4
2425,HARJIT,4
2425,HARKARAN,4
2425,HARLEE,4
2425,HARPER,4
2425,HASHIR,4
2425,HAYDYN,4
2425,HAYYAN,4
2425,HIMESH,4
2425,HIRAM,4
2425,HIROKI,4
2425,HOLDEN,4
2425,HUMAYUN,4
2425,HUNTER,4
2425,HUSSAM,4
2425,IFTIKHAR,4
2425,IMTIAZ,4
2425,INDIANA,4
2425,INDIGO,4
2425,ISAAQ,4
2425,ISHAK,4
2425,ITHSHAM,4
2425,JACKIE,4
2425,JAGJIT,4
2425,JAMARL,4
2425,JAMIELEE,4
2425,JANEK,4
2425,JARDEL,4
2425,JARLATH,4
2425,JARRELL,4
2425,JASWINDER,4
2425,JAXON,4
2425,JAYA,4
2425,JAYLEN,4
2425,JEAN-PAUL,4
2425,JETMIR,4
2425,JETT,4
2425,JOASH,4
2425,JOHN-JOSEPH,4
2425,JOHNNIE,4
2425,JONJO,4
2425,JONNIE,4
2425,JONNY,4
2425,JORDANE,4
2425,JOSHUA-JAMES,4
2425,JOSUE,4
2425,JUDD,4
2425,JUGRAJ,4
2425,KACI,4
2425,KAELUM,4
2425,KAIDE,4
2425,KAL,4
2425,KALIB,4
2425,KAMAU,4
2425,KAMRON,4
2425,KAPIL,4
2425,KAR,4
2425,KARTER,4
2425,KASPER,4
2425,KEAGAN,4
2425,KEANEN,4
2425,KEATAN,4
2425,KEGAN,4
2425,KEIGHTON,4
2425,KEIL,4
2425,KENTO,4
2425,KERRY,4
2425,KESLEY,4
2425,KHIZER,4
2425,KHYLE,4
2425,KIARAN,4
2425,KIEL,4
2425,KIENAN,4
2425,KIERNAN,4
2425,KION,4
2425,KIRON,4
2425,KOLE,4
2425,KONNER,4
2425,KRAIG,4
2425,KRISHNAN,4
2425,KYI,4
2425,KYM,4
2425,KYMANI,4
2425,KYREN,4
2425,LABIB,4
2425,LAINE,4
2425,LAMARR,4
2425,LANDON,4
2425,LANE,4
2425,LATRELL,4
2425,LAWRIE,4
2425,LAZARUS,4
2425,LEEVI,4
2425,LEONE,4
2425,LEOPOLD,4
2425,LEUTRIM,4
2425,LEVIN,4
2425,LEWIN,4
2425,LIONEL,4
2425,LIRIM,4
2425,LOUIX,4
2425,LUTHER,4
2425,MACE,4
2425,MACEY,4
2425,MAKENZIE,4
2425,MALIQUE,4
2425,MANAV,4
2425,MANI,4
2425,MANTAS,4
2425,MANVEER,4
2425,MARSHAL,4
2425,MARTELL,4
2425,MASUM,4
2425,MATTIE,4
2425,MATTY,4
2425,MAXIMUS,4
2425,MAZHAR,4
2425,MAZHARUL,4
2425,MCAULEY,4
2425,MEHUL,4
2425,MEIR,4
2425,MICAIAH,4
2425,MIKAEEL,4
2425,MIKEL,4
2425,MILLER,4
2425,MILOS,4
2425,MING,4
2425,MINHAZ,4
2425,MODOU,4
2425,MOHAMOUD,4
2425,MOHD,4
2425,MOHIB,4
2425,MOINUDDIN,4
2425,MOMIN,4
2425,MOSAN,4
2425,MOUHAMED,4
2425,MOUNIR,4
2425,MUBEEN,4
2425,MUBIN,4
2425,MUHIBUR,4
2425,MUKHTAR,4
2425,MUNGO,4
2425,MUNIR,4
2425,MUSTAF,4
2425,MUSTAFE,4
2425,NADER,4
2425,NAFEES,4
2425,NAHOM,4
2425,NAJIB,4
2425,NATHON,4
2425,NAVEEN,4
2425,NAVRAJ,4
2425,NAYEEM,4
2425,NAYIM,4
2425,NICCOLO,4
2425,NIKOLA,4
2425,NILAY,4
2425,NIRAJ,4
2425,NIRAL,4
2425,NITESH,4
2425,NUR,4
2425,OCEAN,4
2425,ODHRAN,4
2425,OLAWALE,4
2425,OLUFEMI,4
2425,OLUMIDE,4
2425,OLUSEYI,4
2425,OLUWATOMISIN,4
2425,OM,4
2425,ORHAN,4
2425,OSAMAH,4
2425,OSHER,4
2425,OSKA,4
2425,OSSIAN,4
2425,OUSAMA,4
2425,OUSMAN,4
2425,PADRAIC,4
2425,PANASHE,4
2425,PANAYIOTIS,4
2425,PARAS,4
2425,PASHA,4
2425,PERRIE,4
2425,PINCHOS,4
2425,PIP,4
2425,PRAISE,4
2425,PRANAY,4
2425,PRITAM,4
2425,PRITESH,4
2425,QUAID,4
2425,QUINCY,4
2425,QUINTIN,4
2425,RAHAN,4
2425,RAIHAAN,4
2425,RAIYAN,4
2425,RAJAH,4
2425,RAJINDER,4
2425,RAJVEER,4
2425,RAKEEB,4
2425,RAKIB,4
2425,RAMADAN,4
2425,RAMAN,4
2425,RASHARN,4
2425,REDD,4
2425,REDWAN,4
2425,REGINALD,4
2425,REICE,4
2425,REX,4
2425,RIAD,4
2425,RICK,4
2425,RICKI,4
2425,RIEGAN,4
2425,RIKESH,4
2425,RIKU,4
2425,RIYAN,4
2425,RIYAZ,4
2425,ROCKY,4
2425,ROHIL,4
2425,RONI,4
2425,ROSARIO,4
2425,ROYCE,4
2425,RUAIDHRI,4
2425,RUBEL,4
2425,RUSHANE,4
2425,RYLEE,4
2425,SAAGAR,4
2425,SABRI,4
2425,SAGAR,4
2425,SAHAL,4
2425,SAHIN,4
2425,SAIFULLAH,4
2425,SAIFUR,4
2425,SAJAN,4
2425,SAJEEL,4
2425,SAKARIYE,4
2425,SAKIB,4
2425,SAMEH,4
2425,SAMIE,4
2425,SAMRAJ,4
2425,SANJIV,4
2425,SARFARAZ,4
2425,SARFRAZ,4
2425,SAYYED,4
2425,SEIF,4
2425,SENAN,4
2425,SERHAT,4
2425,SHABAAN,4
2425,SHAHAN,4
2425,SHAHRIAR,4
2425,SHAHRIYAR,4
2425,SHAILEN,4
2425,SHAKEIL,4
2425,SHAMRAIZ,4
2425,SHARMARKE,4
2425,SHIHAB,4
2425,SHIMON,4
2425,SHIRAZ,4
2425,SHOLOM,4
2425,SIMONE,4
2425,SLATER,4
2425,STEPHANE,4
2425,SUFIAN,4
2425,SUKHBIR,4
2425,SUKHPAL,4
2425,SUKHVEER,4
2425,SULAMAN,4
2425,SULLIVAN,4
2425,SUMEET,4
2425,T,4
2425,T-JAY,4
2425,TAHJ,4
2425,TAHMIDUR,4
2425,TAIDGH,4
2425,TAJINDER,4
2425,TALON,4
2425,TAMEEM,4
2425,TANE,4
2425,TANER,4
2425,TANZEEL,4
2425,TARREN,4
2425,TASEEN,4
2425,TAYNE,4
2425,TEAGUE,4
2425,TEDDIE,4
2425,TEE-JAY,4
2425,TEEJAY,4
2425,TEJAN,4
2425,TEJAS,4
2425,TEJAY,4
2425,TEVIN,4
2425,THE,4
2425,THEODOR,4
2425,THIBAULT,4
2425,TIAN,4
2425,TOBI,4
2425,TOBIAH,4
2425,TOBIE,4
2425,TOBIN,4
2425,TOLGA,4
2425,TOLUWANI,4
2425,TOMEK,4
2425,TOMMASO,4
2425,TOMMY-JOE,4
2425,TRAI,4
2425,TREVON,4
2425,TRISTON,4
2425,TUDOR,4
2425,TULLY,4
2425,TYLAN,4
2425,UBAIDULLAH,4
2425,UCHECHUKWU,4
2425,UGOCHUKWU,4
2425,UMMAR,4
2425,VEER,4
2425,VITO,4
2425,VITTORIO,4
2425,WAHAB,4
2425,WAHID,4
2425,WALLACE,4
2425,WASIL,4
2425,WILLOUGHBY,4
2425,WINSTON,4
2425,YAHIA,4
2425,YANNIS,4
2425,YITZCHAK,4
2425,YOGESH,4
2425,YONAH,4
2425,YOUNES,4
2425,ZACKARIAH,4
2425,ZAHEER,4
2425,ZAINE,4
2425,ZAKARI,4
2425,ZAMAN,4
2425,ZAMEER,4
2425,ZEB,4
2425,ZEBEDEE,4
2425,ZEESHAAN,4
2425,ZEN,4
2425,ZENON,4
2425,ZIDANE,4
2425,ZOHIB,4
2425,ZULFIKAR,4
2425,ZVI,4
2943,A.J.,3
2943,AADITYA,3
2943,AARIF,3
2943,AARONVEER,3
2943,AARYAN,3
2943,ABBAAS,3
2943,ABDEL,3
2943,ABDELRAHMAN,3
2943,ABDIKARIM,3
2943,ABDILLAHI,3
2943,ABDIRAHIM,3
2943,ABDIRISAQ,3
2943,ABDUL-AZEEZ,3
2943,ABDUL-AZIZ,3
2943,ABDUL-HASEEB,3
2943,ABDUL-MALIK,3
2943,ABDUL-RAHMAN,3
2943,ABDULBASIT,3
2943,ABDULHAKIM,3
2943,ABDUR-REHMAN,3
2943,ABDURRAHIM,3
2943,ABDUS,3
2943,ABHIJEET,3
2943,ABIR,3
2943,ABSAR,3
2943,ABU-BAKR,3
2943,ADDAM,3
2943,ADEKUNLE,3
2943,ADEYINKA,3
2943,ADONIS,3
2943,AENGUS,3
2943,AFZAAL,3
2943,AGIT,3
2943,AHAD,3
2943,AIDON,3
2943,AJAZ,3
2943,AJHAR,3
2943,AJIT,3
2943,AKEAL,3
2943,AKIF,3
2943,AKINOLA,3
2943,AKWASI,3
2943,AL-AMIN,3
2943,ALBIN,3
2943,ALEN,3
2943,ALI-AKBAR,3
2943,ALMIR,3
2943,ALOM,3
2943,ALPHONSO,3
2943,ALTON,3
2943,AMANDIP,3
2943,AMANJEET,3
2943,AMANPREET,3
2943,AMARJIT,3
2943,AMARNI,3
2943,AMARVEER,3
2943,AMINE,3
2943,AMOR,3
2943,AMRAJ,3
2943,ANDREI,3
2943,ANDREJ,3
2943,ANELKA,3
2943,ANGAD,3
2943,ANKUSH,3
2943,ANSAR,3
2943,ANTONI,3
2943,ARHAM,3
2943,ARI,3
2943,ARIA,3
2943,ARION,3
2943,ARIQ,3
2943,ARLO,3
2943,ARMARI,3
2943,ARRUN,3
2943,ARSALAAN,3
2943,ARTUR,3
2943,ARYAAN,3
2943,ASHAN,3
2943,ASHARN,3
2943,ASHIR,3
2943,ASHLIN,3
2943,ASHLY,3
2943,ASHWYN,3
2943,ASLAN,3
2943,ASSIM,3
2943,ASWIN,3
2943,ATEEQ,3
2943,ATHANASIOS,3
2943,ATHAR,3
2943,ATUL,3
2943,AURYN,3
2943,AUZAIR,3
2943,AVROHOM,3
2943,AYOOLA,3
2943,AZHARUL,3
2943,BABATUNDE,3
2943,BABY,3
2943,BADEN,3
2943,BAILEY-JAMES,3
2943,BALJINDER,3
2943,BALLAL,3
2943,BART,3
2943,BEDWYR,3
2943,BELAL,3
2943,BENJI,3
2943,BENNETT,3
2943,BENZION,3
2943,BERDAN,3
2943,BERK,3
2943,BERKE,3
2943,BILLY-DEAN,3
2943,BINYAMIN,3
2943,BINYOMIN,3
2943,BLEDDYN,3
2943,BODRUL,3
2943,BOSTON,3
2943,BOWEN,3
2943,BRADAN,3
2943,BRADIE,3
2943,BRADLY,3
2943,BRAIDEN,3
2943,BRANNON,3
2943,BRAY,3
2943,BRENNON,3
2943,BRINDLEY,3
2943,BROGEN,3
2943,BULENT,3
2943,BYRAN,3
2943,CAEL,3
2943,CAERAN,3
2943,CAIDEN,3
2943,CAIO,3
2943,CALEDON,3
2943,CALIB,3
2943,CARADOG,3
2943,CARLIN,3
2943,CASH,3
2943,CASSIDY,3
2943,CAVEN,3
2943,CAYNE,3
2943,CEE,3
2943,CEI,3
2943,CELAL,3
2943,CEMAL,3
2943,CENGIZ,3
2943,CERITH,3
2943,CESAR,3
2943,CHADD,3
2943,CHADLEY,3
2943,CHARAN,3
2943,CHARLIE-GEORGE,3
2943,CHAUDHARY,3
2943,CHAUDRY,3
2943,CHAUNCEY,3
2943,CHESNEY,3
2943,CHINEDUM,3
2943,CHIRAAG,3
2943,CHRISTOPH,3
2943,CHRISTOPHE,3
2943,CIARON,3
2943,CILLIAN,3
2943,CJ,3
2943,CLIFF,3
2943,CLIRIM,3
2943,COEN,3
2943,CONAGH,3
2943,CONNAIRE,3
2943,CONNAN,3
2943,CONSTANTINOS,3
2943,CORBAN,3
2943,CORNELL,3
2943,CUBA,3
2943,CYNAN,3
2943,CYRIL,3
2943,D'ANGELO,3
2943,DAFYD,3
2943,DAHNISH,3
2943,DALEY,3
2943,DALLAN,3
2943,DALRAJ,3
2943,DANNI,3
2943,DANNIEL,3
2943,DARIN,3
2943,DARNELLE,3
2943,DARON,3
2943,DARRIAN,3
2943,DARRIUS,3
2943,DARRON,3
2943,DARYLE,3
2943,DAVIE,3
2943,DAVY,3
2943,DAX,3
2943,DECKLAN,3
2943,DEEPESH,3
2943,DEJUAN,3
2943,DEL,3
2943,DELANEY,3
2943,DELROY,3
2943,DENNON,3
2943,DERMOT,3
2943,DERREN,3
2943,DERRI,3
2943,DERVIS,3
2943,DERYN,3
2943,DEVANG,3
2943,DEVAUNTE,3
2943,DEVESH,3
2943,DEVONTAE,3
2943,DEWAYNE,3
2943,DHANYAAL,3
2943,DHRU,3
2943,DIARMUID,3
2943,DIGGORY,3
2943,DILEEP,3
2943,DILLEN,3
2943,DILLION,3
2943,DIPESH,3
2943,DJ,3
2943,DJORDJE,3
2943,DOLTON,3
2943,DOMINIQUE,3
2943,DONTAE,3
2943,DONTAY,3
2943,DORAN,3
2943,DRAZIC,3
2943,DREY,3
2943,DRIN,3
2943,DRUE,3
2943,DRUMMOND,3
2943,DURAN,3
2943,DURELL,3
2943,DUSAN,3
2943,DWAINE,3
2943,EARL,3
2943,EBAN,3
2943,EBRIMA,3
2943,ED,3
2943,EDDY,3
2943,EDMOND,3
2943,EDON,3
2943,EDRIS,3
2943,EDUARD,3
2943,EDWYN,3
2943,EISUKE,3
2943,ELAN,3
2943,ELIO,3
2943,ELIYOHU,3
2943,ELLYS,3
2943,ELY,3
2943,ELYS,3
2943,EMDADUR,3
2943,EMRAN,3
2943,ERBLIN,3
2943,ERVIN,3
2943,ESHAN,3
2943,EUGENIO,3
2943,EUROS,3
2943,FABIANO,3
2943,FAHID,3
2943,FAHIMUL,3
2943,FARDEEN,3
2943,FARDIN,3
2943,FARES,3
2943,FARLEY,3
2943,FARON,3
2943,FARRIS,3
2943,FAWAZ,3
2943,FAYED,3
2943,FEROZE,3
2943,FEZHAN,3
2943,FILIPE,3
2943,FINAN,3
2943,FINBARR,3
2943,FORBES,3
2943,FOSTER,3
2943,FRANCOIS,3
2943,FRANKIE-LEE,3
2943,FYNLEY,3
2943,GAIUS,3
2943,GAR,3
2943,GARAN,3
2943,GARVEY,3
2943,GENO,3
2943,GENT,3
2943,GENTIAN,3
2943,GEORGES,3
2943,GIANCARLO,3
2943,GIANFRANCO,3
2943,GIULIO,3
2943,GORAN,3
2943,GULLIVER,3
2943,GUNEY,3
2943,GURDEV,3
2943,GURJIT,3
2943,GURKAN,3
2943,GURTEJ,3
2943,GUVEN,3
2943,GWYNDAF,3
2943,HADDEN,3
2943,HADEN,3
2943,HAGAN,3
2943,HAITHAM,3
2943,HALIM,3
2943,HANAAN,3
2943,HANI,3
2943,HANLON,3
2943,HANZALAH,3
2943,HAQEEM,3
2943,HARALAMBOS,3
2943,HARBIR,3
2943,HARLAN,3
2943,HARNEK,3
2943,HAROUN,3
2943,HARRAJ,3
2943,HARRYSON,3
2943,HARSHIL,3
2943,HARTEJ,3
2943,HARVIN,3
2943,HASAAM,3
2943,HASANAIN,3
2943,HASNAN,3
2943,HASSEN,3
2943,HAYTHAM,3
2943,HAZAR,3
2943,HAZIQ,3
2943,HEFIN,3
2943,HENDRY,3
2943,HENRIQUE,3
2943,HESHAM,3
2943,HICHAM,3
2943,HILTON,3
2943,HIZAR,3
2943,HORATIO,3
2943,HUMAIR,3
2943,HUMPHREY,3
2943,HUNG,3
2943,HUSAYN,3
2943,HUSNEIN,3
2943,HUSSAN,3
2943,HUXLEY,3
2943,IANTO,3
2943,IDRISS,3
2943,IEAUN,3
2943,IGNATIUS,3
2943,IKECHI,3
2943,IKECHUKWU,3
2943,IKRAAM,3
2943,ILIAS,3
2943,ILIJA,3
2943,IMAAN,3
2943,INSHAAL,3
2943,ISAAM,3
2943,ISAMBARD,3
2943,ISHMAM,3
2943,ISMAA'EEL,3
2943,ISMET,3
2943,IYAZ,3
2943,IZAAZ,3
2943,JABARI,3
2943,JABE,3
2943,JAEDON,3
2943,JAEGER,3
2943,JAHANGIR,3
2943,JAIMEE,3
2943,JAIMIN,3
2943,JAISAL,3
2943,JAKIR,3
2943,JAMAHL,3
2943,JAMALI,3
2943,JAMEY,3
2943,JANAID,3
2943,JANZEN,3
2943,JAPHET,3
2943,JAQ,3
2943,JAQUES,3
2943,JARDELL,3
2943,JARON,3
2943,JASBIR,3
2943,JASKIRAN,3
2943,JATINDER,3
2943,JAWWAD,3
2943,JAYCE,3
2943,JAYDEEP,3
2943,JAYDYN,3
2943,JAYMES,3
2943,JAYMIN,3
2943,JAYVON,3
2943,JEAN-BAPTISTE,3
2943,JEEVEN,3
2943,JEMAL,3
2943,JERELL,3
2943,JEROEN,3
2943,JESAL,3
2943,JEVAUGHN,3
2943,JEWEL,3
2943,JEZZ,3
2943,JITESH,3
2943,JOACHIM,3
2943,JOHNSON,3
2943,JONOTHAN,3
2943,JONTI,3
2943,JOOLS,3
2943,JORDANLEE,3
2943,JOSHUA-LEE,3
2943,JOSHUAH,3
2943,JOTHAM,3
2943,JUJHAR,3
2943,KABEER,3
2943,KAEL,3
2943,KAIDAN,3
2943,KAILAM,3
2943,KAINAN,3
2943,KAIS,3
2943,KAISER,3
2943,KAJ,3
2943,KALE,3
2943,KALEEL,3
2943,KALMAN,3
2943,KAMREN,3
2943,KAMRUL,3
2943,KAMRUN,3
2943,KARAMJIT,3
2943,KARANVEER,3
2943,KARLOS,3
2943,KARLTON,3
2943,KARTIK,3
2943,KASHANE,3
2943,KASIE,3
2943,KAVEN,3
2943,KAWSAR,3
2943,KAYDE,3
2943,KAYLEB,3
2943,KEAH,3
2943,KEANO,3
2943,KEAREN,3
2943,KEELEY,3
2943,KEENON,3
2943,KEES,3
2943,KEETON,3
2943,KEINAN,3
2943,KELLER,3
2943,KENDALL,3
2943,KENECHUKWU,3
2943,KERON,3
2943,KEVAN,3
2943,KHADAR,3
2943,KHALIM,3
2943,KHAWAJA,3
2943,KHUSHAL,3
2943,KIEN,3
2943,KIETAN,3
2943,KILE,3
2943,KIM,3
2943,KIN,3
2943,KIREAN,3
2943,KIREN,3
2943,KISHI,3
2943,KITT,3
2943,KIYA,3
2943,KIYANI,3
2943,KLAYTON,3
2943,KLEIN,3
2943,KOBY,3
2943,KODI,3
2943,KOLADE,3
2943,KONNA,3
2943,KONSTANTINE,3
2943,KORIE,3
2943,KRAY,3
2943,KRISTAN,3
2943,KRZYSZTOF,3
2943,KUBILAY,3
2943,KY,3
2943,KYRESE,3
2943,LAMAAR,3
2943,LAMIN,3
2943,LASZLO,3
2943,LAURENS,3
2943,LAW,3
2943,LAWRANCE,3
2943,LAWTON,3
2943,LEAM,3
2943,LEANDRO,3
2943,LEEROY,3
2943,LEIF,3
2943,LEMAR,3
2943,LEOM,3
2943,LEONIDAS,3
2943,LEVON,3
2943,LEWES,3
2943,LEXUS,3
2943,LIAN,3
2943,LIIBAAN,3
2943,LLIAM,3
2943,LOCHLAINN,3
2943,LORNE,3
2943,LOU,3
2943,LOUKAS,3
2943,LUAN,3
2943,LUKMAN,3
2943,LUTFI,3
2943,LYNDAN,3
2943,LYSANDER,3
2943,MAALIK,3
2943,MADOC,3
2943,MAHAMOUD,3
2943,MAHAZ,3
2943,MAHER,3
2943,MAHFUZUR,3
2943,MAHMUT,3
2943,MALICK,3
2943,MANH,3
2943,MANSUR,3
2943,MANVINDER,3
2943,MARLOW,3
2943,MARQUES,3
2943,MASOOD,3
2943,MASOUD,3
2943,MASSIMILIANO,3
2943,MATEOS,3
2943,MATEUS,3
2943,MATTHEUS,3
2943,MATTHEW-JAMES,3
2943,MAURIZIO,3
2943,MAVERICK,3
2943,MAXIMILLION,3
2943,MAYER,3
2943,MAYOWA,3
2943,MAYSON,3
2943,MEHRAB,3
2943,MEILIR,3
2943,MENELIK,3
2943,MERRICK,3
2943,MERVYN,3
2943,METE,3
2943,MICHAL,3
2943,MICHALIS,3
2943,MICHEL,3
2943,MICK,3
2943,MIJANUR,3
2943,MIKKEL,3
2943,MILEN,3
2943,MILEY,3
2943,MILLAR,3
2943,MIN,3
2943,MINH,3
2943,MINHAZUL,3
2943,MIRO,3
2943,MIROSLAV,3
2943,MISCHA,3
2943,MOHAMMUD,3
2943,MOHIN,3
2943,MOHSEN,3
2943,MOHUMMED,3
2943,MORRIS,3
2943,MORTIMER,3
2943,MOUSA,3
2943,MOYOSOREOLUWA,3
2943,MUAAZ,3
2943,MUAWIYAH,3
2943,MUAZ,3
2943,MUHMMAD,3
2943,MUNEER,3
2943,MURDO,3
2943,MUSTAFAA,3
2943,MUZAMMIL,3
2943,MYKAL,3
2943,NADAV,3
2943,NAHEED,3
2943,NAHEEM,3
2943,NAHIM,3
2943,NAHSHON,3
2943,NAIMUL,3
2943,NAJEEB,3
2943,NAJMUL,3
2943,NAKUL,3
2943,NAMAN,3
2943,NAQIB,3
2943,NARAIN,3
2943,NASAR,3
2943,NASSIR,3
2943,NATHANEAL,3
2943,NAUMAN,3
2943,NAVID,3
2943,NAVJOT,3
2943,NAZAM,3
2943,NAZIR,3
2943,NEHEMIAH,3
2943,NEWTON,3
2943,NICKOLAS,3
2943,NICLAS,3
2943,NICOLAI,3
2943,NIROSHAN,3
2943,NITIN,3
2943,NIVEN,3
2943,NIZAM,3
2943,NIZAMUL,3
2943,NNAEMEKA,3
2943,NNAMDI,3
2943,NOA,3
2943,NOAM,3
2943,NORBERT,3
2943,NORTON,3
2943,NOSSON,3
2943,NOUMAAN,3
2943,NOUMAN,3
2943,NUMAIR,3
2943,NYAL,3
2943,NYE,3
2943,OBAID,3
2943,OBI,3
2943,OLADIMEJI,3
2943,OLATUNDE,3
2943,OLUKAYODE,3
2943,OLUSEUN,3
2943,OLUWADAMILARE,3
2943,OLUWAGBENGA,3
2943,OLUWANIFEMI,3
2943,OLUWASEGUN,3
2943,OLUWASHOLA,3
2943,OLUWATOMI,3
2943,ONDER,3
2943,ONKAR,3
2943,ONNI,3
2943,OPEOLUWA,3
2943,ORSON,3
2943,OUSSAMA,3
2943,OZCAN,3
2943,OZKAN,3
2943,PACEY,3
2943,PARAMVEER,3
2943,PARAN,3
2943,PATRYK,3
2943,PAULIUS,3
2943,PAVINDER,3
2943,PAVITAR,3
2943,PAWAN,3
2943,PEARSE,3
2943,PELE,3
2943,PERCY,3
2943,PERRIN,3
2943,PETAR,3
2943,PETROS,3
2943,PHELIM,3
2943,PHIL,3
2943,PIERO,3
2943,PINCHAS,3
2943,PRASANNA,3
2943,PRATIK,3
2943,PREMAL,3
2943,PRESLEY,3
2943,PRITPAL,3
2943,QADAR,3
2943,QASAM,3
2943,QENDRIM,3
2943,RA'EES,3
2943,RAFAY,3
2943,RAFIQ,3
2943,RAGHAV,3
2943,RAI,3
2943,RAJPAL,3
2943,RAMANDEEP,3
2943,RAMESH,3
2943,RAMIN,3
2943,RANA,3
2943,RANDELL,3
2943,RANULPH,3
2943,RAQEEB,3
2943,RASHAAD,3
2943,RASHAUN,3
2943,RASHED,3
2943,RAZEEN,3
2943,READE,3
2943,REDFORD,3
2943,REDMOND,3
2943,REMMEL,3
2943,REMMIE,3
2943,REUEL,3
2943,RHAIN,3
2943,RICKIE,3
2943,RIDLEY,3
2943,RISHAB,3
2943,RISHIL,3
2943,RITESH,3
2943,RIZA,3
2943,ROAN,3
2943,ROBI,3
2943,ROLLO,3
2943,ROMAINE,3
2943,ROME,3
2943,ROMEL,3
2943,ROMEO,3
2943,ROMERO,3
2943,RON,3
2943,ROONEY,3
2943,RORIE,3
2943,ROWLAND,3
2943,RUHUL,3
2943,RUMAN,3
2943,RUNE,3
2943,RUSSEL,3
2943,RYLEIGH,3
2943,RYO,3
2943,SABBIR,3
2943,SADAQAT,3
2943,SAFWAAN,3
2943,SAIM,3
2943,SAJAD,3
2943,SALLAH,3
2943,SAMATAR,3
2943,SAMER,3
2943,SAMET,3
2943,SAMUELE,3
2943,SAMY,3
2943,SANI,3
2943,SANTOSH,3
2943,SAQAB,3
2943,SARAN,3
2943,SATNAM,3
2943,SATPAL,3
2943,SATVEER,3
2943,SAVRAJ,3
2943,SAVVAS,3
2943,SAYEED,3
2943,SAYYID,3
2943,SEAMAS,3
2943,SHABAN,3
2943,SHABIR,3
2943,SHADI,3
2943,SHAHEEN,3
2943,SHAHEER,3
2943,SHAHIDUR,3
2943,SHAHJAHAN,3
2943,SHAHRYAR,3
2943,SHAIKH,3
2943,SHAIN,3
2943,SHAJAN,3
2943,SHAN,3
2943,SHANEEL,3
2943,SHAREEF,3
2943,SHARIF,3
2943,SHARIQ,3
2943,SHEHRYAR,3
2943,SHER,3
2943,SHERAZ,3
2943,SHKELQIM,3
2943,SHOIAB,3
2943,SHOIB,3
2943,SHOMARI,3
2943,SHREYAN,3
2943,SHULEM,3
2943,SHUN,3
2943,SIAM,3
2943,SIDDARTH,3
2943,SIMRANJIT,3
2943,SOHAN,3
2943,STAFFORD,3
2943,SUHAYB,3
2943,SUHEL,3
2943,SUKHJEEVAN,3
2943,SUKHPREET,3
2943,SUKHVIR,3
2943,SULAYMAAN,3
2943,SULEIMAN,3
2943,SULIMAAN,3
2943,SUMIT,3
2943,SYLVAN,3
2943,SYLVESTER,3
2943,SYRUS,3
2943,TAAHIR,3
2943,TADGH,3
2943,TAHSIN,3
2943,TAIGH,3
2943,TAIKI,3
2943,TAL,3
2943,TALLON,3
2943,TALVINDER,3
2943,TAM,3
2943,TAMIM,3
2943,TAMOOR,3
2943,TANIS,3
2943,TANISH,3
2943,TANNER,3
2943,TANZIM,3
2943,TARAS,3
2943,TAREEQ,3
2943,TARELL,3
2943,TARKAN,3
2943,TASHI,3
2943,TASHON,3
2943,TATENDA,3
2943,TAUSIF,3
2943,TAWHEED,3
2943,TAYIB,3
2943,TAYLA,3
2943,TAYLON,3
2943,TAYYUB,3
2943,TEIGE,3
2943,TEMITAYO,3
2943,TENDAI,3
2943,TERELL,3
2943,THABIT,3
2943,THAMIM,3
2943,THANE,3
2943,THIBAUT,3
2943,THOMAS-JAY,3
2943,THURSTON,3
2943,TIERAN,3
2943,TIJAN,3
2943,TIMMY,3
2943,TIMO,3
2943,TIRATH,3
2943,TIREE,3
2943,TJ,3
2943,TOLUNAY,3
2943,TOLUWALOPE,3
2943,TOMER,3
2943,TONI,3
2943,TORE,3
2943,TRAY,3
2943,TREI,3
2943,TREYNAE,3
2943,TRISTRAM,3
2943,TRUAN,3
2943,TRUNG,3
2943,TUDUR,3
2943,TYLAH,3
2943,TYLAR,3
2943,TYLER-JAMES,3
2943,TYRESSE,3
2943,TYRIC,3
2943,TYRICK,3
2943,TYRIN,3
2943,TYRUS,3
2943,UMANG,3
2943,URIEL,3
2943,VALMIR,3
2943,VASILE,3
2943,VEGAS,3
2943,VENKATA,3
2943,VERNON,3
2943,VIDUR,3
2943,VIGAN,3
2943,VIKTOR,3
2943,VINEET,3
2943,VIRAN,3
2943,VISHNU,3
2943,WAIL,3
2943,WAQAAR,3
2943,WARIS,3
2943,WARWICK,3
2943,WESTLEIGH,3
2943,WEZLEY,3
2943,WOODY,3
2943,YACOUB,3
2943,YAQOOB,3
2943,YAQUB,3
2943,YAW,3
2943,YECHIEL,3
2943,YI,3
2943,YLLI,3
2943,YNYR,3
2943,YOAV,3
2943,YOHANN,3
2943,YOONIS,3
2943,YOSSI,3
2943,YOUNESS,3
2943,YOUSIF,3
2943,YURI,3
2943,YVAN,3
2943,ZAAHID,3
2943,ZACARIA,3
2943,ZACARY,3
2943,ZACHARIUS,3
2943,ZAEEM,3
2943,ZAFRAAN,3
2943,ZAHEED,3
2943,ZAKARIYE,3
2943,ZAKER,3
2943,ZANDER,3
2943,ZEV,3
2943,ZHI,3
2943,ZIAN,3
2943,ZIDAN,3
2943,ZIGGY,3
2943,ZORAN,3
2943,ZUHAIB,3
