Rank,Name,Count
1,JACK,9000
2,THOMAS,8337
3,JOSHUA,7182
4,JAMES,7026
5,DANIEL,5759
6,HARRY,5662
7,SAMUEL,5259
8,JOSEPH,5256
9,MATTHEW,4839
10,LEWIS,4636
11,LUKE,4610
12,OLIVER,4534
13,WILLIAM,4459
14,BENJAMIN,4238
15,CALLUM,4142
16,ADAM,3866
17,GEORGE,3858
18,RYAN,3758
19,JAKE,3415
20,ALEXANDER,3366
21,ETHAN,3195
22,MOHAMMED,3011
23,CAMERON,2911
24,LIAM,2901
25,CONNOR,2896
26,JORDAN,2789
27,DYLAN,2610
28,JACOB,2595
29,NATHAN,2582
30,JAMIE,2559
31,BEN,2403
32,CHARLIE,2250
33,MICHAEL,2237
34,KIERAN,2101
35,MAX,1976
36,BRADLEY,1923
37,OWEN,1897
38,BRANDON,1895
39,LOUIS,1864
40,AARON,1776
41,TYLER,1722
42,KYLE,1649
43,REECE,1586
44,EDWARD,1451
45,ALEX,1435
46,DAVID,1425
47,ROBERT,1421
48,CHRISTOPHER,1375
49,HARRISON,1345
50,CHARLES,1290
51,JOE,1279
52,RHYS,1205
53,HENRY,1196
54,ALFIE,1189
55,SAM,1132
56,ANDREW,1126
57,MORGAN,1122
58,JOHN,995
59,JAY,983
60,ARCHIE,969
61,HARVEY,964
62,JOEL,926
63,TOBY,924
64,KAI,922
65,TAYLOR,909
66,JONATHAN,884
67,SEAN,883
68,ELLIOT,863
69,MUHAMMAD,861
70,DOMINIC,859
71,SCOTT,832
72,KIAN,814
73,MOHAMMAD,797
74,LEON,795
75,ISAAC,793
76,PATRICK,783
77,OSCAR,782
78,BILLY,730
78,LUCAS,730
80,AIDAN,717
81,DECLAN,711
82,NICHOLAS,686
83,MARCUS,644
84,EWAN,619
85,MASON,613
86,PETER,609
87,BAILEY,599
88,MITCHELL,596
89,TOM,586
90,JOSH,567
91,ELLIS,553
92,JASON,541
93,CONOR,540
94,ZACHARY,538
95,ASHLEY,536
96,KANE,530
97,MARK,522
98,ANTHONY,521
99,STEPHEN,515
100,ROSS,511
101,FINLAY,504
101,LEO,504
103,ZAK,495
104,KIERON,461
105,LEE,460
106,SEBASTIAN,432
107,ELLIOTT,423
108,PAUL,420
109,COREY,403
110,CHRISTIAN,402
110,FREDERICK,402
112,GABRIEL,399
113,RICHARD,391
114,ROBBIE,386
115,DANNY,385
116,TOMMY,375
117,FINLEY,374
117,LUCA,374
119,SHANE,358
120,AIDEN,351
121,LOGAN,350
121,SHAUN,350
123,EUAN,348
123,NATHANIEL,348
125,HAMZA,344
126,STEVEN,341
127,CRAIG,338
127,JUDE,338
127,LOUIE,338
130,EVAN,330
131,HAYDEN,322
132,CURTIS,321
133,ALI,320
133,NOAH,320
135,RORY,316
136,FINN,313
137,JAYDEN,309
138,NIALL,304
139,TRAVIS,302
140,DEAN,298
141,MOHAMED,290
142,THEO,289
143,TOBIAS,284
144,TIMOTHY,283
145,FELIX,270
146,MUHAMMED,268
147,RILEY,265
148,HASSAN,263
149,ALFRED,262
150,CIARAN,261
150,MILES,261
152,REUBEN,253
152,SYED,253
154,CALEB,242
155,IBRAHIM,241
156,CALUM,240
157,SIMON,239
158,MAXWELL,237
159,LEVI,234
160,ABDUL,232
161,MYLES,230
162,ZAIN,229
163,AHMED,225
163,DREW,225
165,ANGUS,214
165,SONNY,214
167,OMAR,213
167,PHILIP,213
169,HARLEY,212
170,AMAAN,210
170,ROWAN,210
172,KEVIN,205
172,TRISTAN,205
174,FREDDIE,202
174,MATHEW,202
176,COLE,197
177,DILLON,196
177,MARTIN,196
177,TOMAS,196
180,FRASER,194
180,MAXIMILIAN,194
182,ARTHUR,193
183,THEODORE,192
184,CAIN,191
185,STANLEY,186
186,GUY,182
187,BLAKE,181
187,MARSHALL,181
189,LLOYD,180
190,HUGO,179
191,BYRON,178
192,BRENDAN,177
192,CARL,177
194,KYE,174
195,BENEDICT,172
196,ZACK,169
197,ABDULLAH,167
197,JORDON,167
199,CASEY,160
200,HASAN,159
201,CONNER,158
202,HAMZAH,156
202,REGAN,156
204,CORY,155
205,GREGORY,154
206,BILAL,153
206,DARREN,153
208,TROY,152
209,FRANCIS,150
209,YUSUF,150
211,ZAC,148
212,JADEN,147
213,ARRON,143
213,CIAN,143
215,KEIRAN,142
215,LUIS,142
215,WILL,142
218,ROHAN,140
218,STUART,140
220,UMAR,139
221,JASPER,138
222,CODY,137
222,FRANKIE,137
222,IEUAN,137
222,JUSTIN,137
226,OWAIN,136
227,JACKSON,134
228,KARL,133
229,SPENCER,130
230,ALISTAIR,129
231,ADIL,128
231,TODD,128
233,ISMAIL,127
233,JARED,127
235,SOLOMON,126
235,TYRESE,126
237,ANTONY,124
238,RONNIE,123
239,LAWRENCE,121
240,TOMOS,120
241,KAINE,119
241,SETH,119
243,JAK,118
243,KRISTIAN,118
245,EMMANUEL,116
245,JAMAL,116
247,JAI,115
248,AMIR,114
248,MAXIMUS,114
250,AUSTIN,113
250,GARETH,113
250,WESLEY,113
253,VINCENT,112
254,JONAH,111
254,TONY,111
256,DANE,110
257,ALBERT,109
258,AMAN,108
259,BARNABY,107
259,HAYDN,107
259,KALLUM,107
259,SHAY,107
263,JUNAID,106
264,ANDRE,105
264,DAFYDD,105
264,WARREN,105
267,DEVON,104
267,JESSE,104
267,USMAN,104
270,ALAN,103
270,RONAN,103
270,RUBEN,103
273,ARJUN,101
273,ARRAN,101
275,KURTIS,100
275,MILO,100
277,BOBBY,99
277,MARC,99
279,BRIAN,98
279,ELIJAH,98
279,FERGUS,98
279,HAMISH,98
279,ROBIN,98
279,STEFAN,98
285,IAN,96
285,JED,96
285,JENSON,96
285,LAURENCE,96
285,MUSTAFA,96
290,FRANK,95
290,LEIGHTON,95
290,SAUL,95
293,ADRIAN,94
293,BRAD,94
293,RAHUL,94
296,HUGH,93
297,ALEC,92
297,IWAN,92
297,MACKENZIE,92
297,RIO,92
297,SAMEER,92
297,TYRONE,92
303,BROOKLYN,91
304,MARLEY,90
305,AJAY,89
305,CAI,89
305,JAC,89
305,KIEREN,89
309,JIMMY,88
309,JON,88
309,KYRAN,88
312,DION,87
312,ERIC,87
314,HARRIS,86
314,KEATON,86
316,SAMI,85
317,AHMAD,84
317,ALASTAIR,84
317,JOSIAH,84
317,MAXIMILLIAN,84
321,ANTON,83
321,DANYAL,83
321,KEENAN,83
324,CHAD,82
324,DOUGLAS,82
324,HAROON,82
327,AWAIS,81
327,HARRI,81
327,ZACHARIAH,81
330,CAINE,80
331,IOAN,79
331,ZACH,79
333,DAMIEN,78
333,HARIS,78
333,JOSEF,78
333,KAMRAN,78
337,GARY,77
337,MACAULEY,77
339,CARTER,75
339,XAVIER,75
341,BRETT,74
341,CALVIN,74
341,HAIDER,74
344,KHALID,73
344,LENNON,73
346,EDEN,72
347,ADNAN,71
347,BRYN,71
347,JAKOB,71
347,KEELAN,71
347,MARCO,71
352,FLYNN,70
352,KURT,70
352,MALACHI,70
352,PHILLIP,70
356,CHARLEY,69
356,JULIAN,69
356,KEIRON,69
359,ARON,68
359,DALE,68
359,JONATHON,68
359,REISS,68
363,ANTONIO,67
363,LUC,67
365,ELIAS,66
365,JENSEN,66
365,KIRAN,66
365,LUKAS,66
365,RICKY,66
370,ARUN,65
370,ASTON,65
370,IESTYN,65
370,IMRAN,65
370,SAMIR,65
375,KAIN,64
375,SAHIL,64
375,SOL,64
378,FABIAN,63
378,FRAZER,63
378,RAPHAEL,63
378,SAIF,63
378,SION,63
383,COLIN,62
383,DARNELL,62
383,HASHIM,62
386,HUW,61
386,LACHLAN,61
386,NEIL,61
386,NICOLAS,61
386,VICTOR,61
391,BRENDON,60
391,STEFFAN,60
391,TARIQ,60
394,TEDDY,59
394,TYRELL,59
396,DAMIAN,58
396,DENNIS,58
396,NIKHIL,58
396,RUSSELL,58
396,UZAIR,58
401,JEREMY,57
401,SOHAIL,57
401,TYREECE,57
401,WAYNE,57
401,ZAKARIA,57
406,ABRAHAM,56
406,GAVIN,56
406,QASIM,56
406,RAHEEM,56
410,ASAD,55
410,HASNAIN,55
412,BRODIE,54
412,MAXIM,54
414,KAMERON,53
414,RALPH,53
416,DEXTER,52
416,FARHAN,52
416,JEROME,52
416,KASIM,52
416,RAJA,52
421,CAVAN,51
421,CLAYTON,51
421,HECTOR,51
421,IVAN,51
421,RIAN,51
421,SIDNEY,51
421,ZEESHAN,51
428,GRANT,50
428,KELVIN,50
428,NEO,50
428,SULAIMAN,50
428,ZANE,50
433,ASHTON,49
433,AYMAN,49
433,CARLOS,49
433,DARIUS,49
433,EOIN,49
433,FAISAL,49
433,HUMZA,49
433,IAIN,49
433,KEIR,49
433,LUKA,49
433,TED,49
444,AADAM,48
444,AMAR,48
444,MALIK,48
444,MITCHEL,48
444,OSIAN,48
444,SHEA,48
444,ZAKARIYA,48
451,ISAIAH,47
452,BEAU,46
452,DAMON,46
452,DANYAAL,46
452,EDDIE,46
452,JAYDON,46
452,JOHNATHAN,46
452,LEONARDO,46
452,RAYMOND,46
460,ANDREAS,45
460,CALLAN,45
460,DAANYAAL,45
460,FLETCHER,45
460,HASEEB,45
460,JACQUES,45
460,JAHEIM,45
460,KARAN,45
460,ROMAN,45
460,RUFUS,45
460,SALMAN,45
460,TARAN,45
460,UMAIR,45
473,ABU,44
473,BRANDAN,44
473,CONRAD,44
473,DILLAN,44
473,HUSSAIN,44
473,KIRK,44
473,OSKAR,44
473,RICARDO,44
473,SHAH,44
482,DUNCAN,43
482,OLLIE,43
484,ALED,42
484,ALESSANDRO,42
484,CADE,42
484,DANTE,42
484,ELI,42
484,FREDDY,42
484,ISMAEEL,42
484,KEEGAN,42
484,LAYTON,42
484,RAJAN,42
484,RHODRI,42
495,ARCHIBALD,41
495,BAYLEY,41
495,CORMAC,41
495,DALTON,41
495,FRED,41
495,IZAAK,41
495,KENNETH,41
495,YASIN,41
503,ARYAN,40
503,CHE,40
503,EDWIN,40
503,FARIS,40
503,KADE,40
503,MOHAMMOD,40
503,OAKLEY,40
510,ASHER,39
510,BRANDEN,39
510,GRAHAM,39
510,HARI,39
510,KYRON,39
510,MILAN,39
510,NATHANAEL,39
510,WADE,39
518,DAN,38
518,DENIS,38
518,EREN,38
518,JOEY,38
518,KARIM,38
518,SEAMUS,38
524,ELIOT,37
524,JEEVAN,37
524,KEANU,37
524,LEONARD,37
524,LORCAN,37
524,MEHMET,37
524,PIERCE,37
524,TERRY,37
524,ZAID,37
533,ARAN,36
533,BRYCE,36
533,COLBY,36
533,IBRAHEEM,36
533,KEANE,36
533,MATTEO,36
533,OWAIS,36
533,SAMMY,36
533,TREY,36
533,VINNIE,36
533,XANDER,36
544,ANAS,35
544,ARJAN,35
544,ASIM,35
544,BRENNAN,35
544,CHANDLER,35
544,FINNLEY,35
544,FINTAN,35
544,JORGE,35
544,KAYA,35
544,KAYNE,35
544,KENNY,35
544,QUINN,35
544,ROCCO,35
544,RYLEY,35
544,TERENCE,35
559,AADIL,34
559,AMEER,34
559,BRYAN,34
559,CIERAN,34
559,EDMUND,34
559,GLEN,34
559,HAYDON,34
559,ILYAS,34
559,JERMAINE,34
559,JOHNNY,34
559,LORENZO,34
559,NICO,34
559,PIERS,34
559,RUPERT,34
559,SHAWN,34
559,SHOAIB,34
559,TY,34
576,ADEEL,33
576,BROGAN,33
576,GEORGIE,33
576,JAMIL,33
576,KAREEM,33
576,KEITH,33
576,LAURIE,33
576,MATT,33
576,MICAH,33
576,MIGUEL,33
576,RAYYAN,33
576,ROHIT,33
576,SAQIB,33
576,TAYLER,33
590,DANISH,32
590,FAHIM,32
590,FAIZAN,32
590,GETHIN,32
590,GREG,32
590,HAARIS,32
590,ISA,32
590,KADEN,32
590,REAGAN,32
590,SHIVAM,32
590,USMAAN,32
590,YASEEN,32
602,ABBAS,31
602,ANDY,31
602,ANGELO,31
602,COBY,31
602,FRANKLIN,31
602,IDRIS,31
602,JUAN,31
602,KIT,31
602,MOHSIN,31
602,MOSES,31
602,ROAN,31
602,ROBSON,31
602,SACHIN,31
602,STEWART,31
602,ZACKARY,31
617,AAMIR,30
617,ABUBAKAR,30
617,ALASDAIR,30
617,ALLAN,30
617,BRADY,30
617,DEACON,30
617,EMRE,30
617,FINNIAN,30
617,GILES,30
617,JAIDEN,30
617,JEREMIAH,30
617,KOFI,30
617,LYNDON,30
617,MANRAJ,30
617,MUSA,30
617,RICO,30
617,SAMSON,30
617,SHEIKH,30
617,TALHA,30
617,TYE,30
617,UWAIS,30
638,BARNEY,29
638,BILAAL,29
638,CALLAM,29
638,CAMRON,29
638,CHAY,29
638,DANIAL,29
638,DEWI,29
638,ELIS,29
638,EMILE,29
638,FAIZAAN,29
638,GIANLUCA,29
638,KAYLUM,29
638,KENAN,29
638,LEWYS,29
638,ROBERTO,29
638,SPIKE,29
654,ALEXANDRE,28
654,BLAINE,28
654,CASPAR,28
654,KOBE,28
654,MAHIR,28
654,NABIL,28
654,NED,28
654,PERRY,28
654,RAHIM,28
654,SUBHAN,28
654,ZAKI,28
654,ZAYN,28
654,ZION,28
654,ZUBAIR,28
668,AKASH,27
668,ARIF,27
668,BROOK,27
668,CAMPBELL,27
668,FABIO,27
668,GREGOR,27
668,HAL,27
668,HUSNAIN,27
668,JUNIOR,27
668,MARTYN,27
668,MD,27
668,MOHAMAD,27
668,NOEL,27
668,RAEES,27
668,ROY,27
668,SAMUAL,27
668,SEBASTIEN,27
668,SHAAN,27
686,ABDULLAHI,26
686,ADEN,26
686,AMIN,26
686,AMMAR,26
686,CARLO,26
686,DILAN,26
686,EMIL,26
686,HABIB,26
686,JAMAAL,26
686,JOSS,26
686,KAMAL,26
686,MACAULAY,26
686,MONTGOMERY,26
686,OSAMA,26
686,REGGIE,26
686,SUFYAAN,26
686,TAI,26
686,TORIN,26
686,USAMAH,26
686,WAQAS,26
686,WILFRED,26
707,ABDIRAHMAN,25
707,AHSAN,25
707,AKSHAY,25
707,ASA,25
707,BRODY,25
707,CONALL,25
707,DARRYL,25
707,DHRUV,25
707,FENTON,25
707,FRANCESCO,25
707,FYNN,25
707,HAKEEM,25
707,HENRI,25
707,JONAS,25
707,JONTY,25
707,LEYTON,25
707,OTTO,25
707,RAVI,25
707,SHAE,25
707,SIMEON,25
707,YOUSEF,25
728,ADDISON,24
728,ALBIE,24
728,AYRTON,24
728,BENN,24
728,BRADEN,24
728,CYRUS,24
728,DONOVAN,24
728,DYLON,24
728,EZEKIEL,24
728,GIDEON,24
728,JAIME,24
728,JEFFREY,24
728,LENNOX,24
728,LUQMAN,24
728,MARCEL,24
728,MARIO,24
728,OISIN,24
728,ORLANDO,24
728,RAFAEL,24
728,REHAN,24
728,TIM,24
728,USAMA,24
728,VISHAL,24
751,ADEM,23
751,ALEXANDROS,23
751,AQIB,23
751,CAN,23
751,CASSIUS,23
751,CHASE,23
751,DEVAN,23
751,EHSAN,23
751,EUGENE,23
751,FARHAAN,23
751,GUS,23
751,IFAN,23
751,JAGO,23
751,JARRED,23
751,JAYDAN,23
751,JOSE,23
751,KALEEM,23
751,KHALIL,23
751,KISHAN,23
751,KRISHAN,23
751,MARLON,23
751,MIKEY,23
751,MONTY,23
751,MOSHE,23
751,NIKOLAS,23
751,ORAN,23
751,OSMAN,23
751,PABLO,23
751,PIERRE,23
751,RAYHAN,23
751,ROSHAN,23
751,SAAD,23
751,SAYED,23
751,SUNNY,23
751,TRYSTAN,23
786,AMIT,22
786,AMRIT,22
786,AQEEL,22
786,AYDEN,22
786,BARRY,22
786,BERTIE,22
786,BRUCE,22
786,COURTNEY,22
786,DENIZ,22
786,GIOVANNI,22
786,HUSSEIN,22
786,IKRAM,22
786,JAMIE-LEE,22
786,JAWAD,22
786,JULES,22
786,KALUM,22
786,KORBEN,22
786,LENNY,22
786,MAGNUS,22
786,MCKENZIE,22
786,MERLIN,22
786,MURRAY,22
786,NADIR,22
786,OTIS,22
786,PHOENIX,22
786,REMI,22
786,TAHA,22
786,VIVEK,22
814,AMARI,21
814,ASIF,21
814,CARWYN,21
814,CHAIM,21
814,CHESTER,21
814,DARCY,21
814,DAWUD,21
814,FAHAD,21
814,HAMMAD,21
814,HERBIE,21
814,HISHAM,21
814,HOWARD,21
814,JOHNATHON,21
814,KAIDEN,21
814,KALEM,21
814,KASEY,21
814,KIE,21
814,LOCHLAN,21
814,NABEEL,21
814,OZAN,21
814,REES,21
814,RISHI,21
814,RITCHIE,21
814,RYLAN,21
814,SAEED,21
814,TAHMID,21
814,TYRIQUE,21
814,ZAYD,21
842,AARAN,20
842,ABDI,20
842,ABDULRAHMAN,20
842,AMANDEEP,20
842,ANISH,20
842,CAELAN,20
842,CONNAH,20
842,DANIYAL,20
842,DARIO,20
842,ERIK,20
842,FAHEEM,20
842,GLENN,20
842,HAROLD,20
842,HUMZAH,20
842,JAN,20
842,JOAO,20
842,KAAN,20
842,KASHIF,20
842,KAVAN,20
842,KINGSLEY,20
842,MARVIN,20
842,MASSIMO,20
842,MAXIME,20
842,MERT,20
842,NADEEM,20
842,RAYAN,20
842,REEGAN,20
842,SAFWAN,20
842,SALIM,20
842,SHAKEEL,20
842,SILAS,20
842,SUBHAAN,20
842,SUHAIL,20
842,TATE,20
842,TREVOR,20
842,YASH,20
842,YOUSIF,20
842,YOUSSEF,20
842,ZACHERY,20
842,ZAKARIAH,20
842,ZAKIR,20
883,AKRAM,19
883,ARMAN,19
883,BRADLEE,19
883,BRENDEN,19
883,BRUNO,19
883,CHRIS,19
883,DARYL,19
883,EZRA,19
883,GERARD,19
883,HUSEYIN,19
883,HUZAIFAH,19
883,JAE,19
883,JAYSON,19
883,JORDEN,19
883,KABIR,19
883,LEROY,19
883,LOUI,19
883,NATHANIAL,19
883,NYLE,19
883,OLUWATOBI,19
883,PEDRO,19
883,REMY,19
883,RIAZ,19
883,RUAIRI,19
883,SHELDON,19
883,SHYAM,19
883,STEVE,19
910,ABDUR,18
910,ALVIN,18
910,ARMAAN,18
910,AYUB,18
910,DARRAGH,18
910,DEON,18
910,DOMINIK,18
910,DWAYNE,18
910,EDAN,18
910,EMILIO,18
910,ETIENNE,18
910,FABIEN,18
910,FINDLAY,18
910,GIANNI,18
910,HADLEY,18
910,HAIDAR,18
910,ISMAEL,18
910,JARVIS,18
910,JIM,18
910,KELSEY,18
910,KOBI,18
910,LANCE,18
910,NELSON,18
910,PRINCE,18
910,RAY,18
910,RHYDIAN,18
910,RIDWAN,18
910,STEPHAN,18
910,SUFYAN,18
910,SUNIL,18
910,TARUN,18
910,TRE,18
910,TRENT,18
910,VINAY,18
910,WILLEM,18
910,YAHYA,18
910,YOUSUF,18
947,ALEXIS,17
947,ANIL,17
947,AXEL,17
947,BRAYDEN,17
947,CARLTON,17
947,CEM,17
947,CONAN,17
947,COSMO,17
947,DAWSON,17
947,DENVER,17
947,DONELL,17
947,EESA,17
947,HAMID,17
947,ISHAAN,17
947,JAMEEL,17
947,JARROD,17
947,JODY,17
947,JOSEFF,17
947,JULIUS,17
947,JUNAYD,17
947,KALEB,17
947,KODY,17
947,MAHDI,17
947,MAISON,17
947,MUNEEB,17
947,NICKY,17
947,RICHIE,17
947,ROMARIO,17
947,RONALD,17
947,SHUAIB,17
947,SYDNEY,17
947,THIERRY,17
947,TIAGO,17
947,TYREESE,17
947,ZESHAN,17
947,ZOHAIB,17
983,ANAND,16
983,ATIF,16
983,AUGUSTUS,16
983,AZEEM,16
983,BRANDON-LEE,16
983,CLARK,16
983,DAANISH,16
983,EBRAHIM,16
983,GAGE,16
983,GEOFFREY,16
983,HARUN,16
983,HERBERT,16
983,ISAAK,16
983,JEM,16
983,JEZ,16
983,KIER,16
983,KRISTOPHER,16
983,LEWIE,16
983,LUCIAN,16
983,LUCIEN,16
983,MANVIR,16
983,MAURICE,16
983,MICHEAL,16
983,NAEEM,16
983,NASIR,16
983,OLUWASEUN,16
983,REEF,16
983,REID,16
983,RIZWAN,16
983,SACHA,16
983,SAID,16
983,SHAKIR,16
983,SHIV,16
983,SURAJ,16
983,TAHIR,16
983,TERRELL,16
983,TIERNAN,16
983,VINCENZO,16
983,WALEED,16
983,WAQAR,16
983,WARWICK,16
983,WIL,16
983,WILSON,16
983,YASIR,16
1027,ABID,15
1027,ADNAAN,15
1027,ALEJANDRO,15
1027,AMMAN,15
1027,ASHWIN,15
1027,AZHAR,15
1027,BERNARD,15
1027,CAIUS,15
1027,CLINTON,15
1027,CLIVE,15
1027,CORIE,15
1027,DARSHAN,15
1027,DAVIS,15
1027,DENZEL,15
1027,DEVIN,15
1027,DEVLIN,15
1027,DIOGO,15
1027,FINBAR,15
1027,GERAINT,15
1027,GLYN,15
1027,HAMAAD,15
1027,ISHAN,15
1027,ISHAQ,15
1027,ISRAEL,15
1027,IZAAC,15
1027,JASKARAN,15
1027,JESS,15
1027,JOBE,15
1027,KALVIN,15
1027,KAMIL,15
1027,KONNOR,15
1027,LAMAR,15
1027,LESLIE,15
1027,LINCOLN,15
1027,LINUS,15
1027,LLEWELLYN,15
1027,MALCOLM,15
1027,MARKO,15
1027,NUMAAN,15
1027,PADRAIG,15
1027,PAVAN,15
1027,REON,15
1027,SANJAY,15
1027,SID,15
1027,STAN,15
1027,SULAYMAN,15
1027,TANVIR,15
1027,TARIK,15
1027,YOUSAF,15
1027,YUNUS,15
1027,ZAKARY,15
1078,AARRON,14
1078,ABDULAHI,14
1078,ABDULAZIZ,14
1078,ABEL,14
1078,ABHAY,14
1078,ADEL,14
1078,AINSLEY,14
1078,AKEEL,14
1078,ALEKSANDAR,14
1078,ALESSIO,14
1078,ALISTER,14
1078,ANTOINE,14
1078,ARMANI,14
1078,BARNABAS,14
1078,BILL,14
1078,BLADE,14
1078,BRENT,14
1078,CLAY,14
1078,CLEMENT,14
1078,COLM,14
1078,DEREK,14
1078,DEV,14
1078,EDGAR,14
1078,FRANCISCO,14
1078,FREDERIC,14
1078,GERALD,14
1078,GIUSEPPE,14
1078,HAMAD,14
1078,IDREES,14
1078,IRFAN,14
1078,ISHMAEL,14
1078,JAMEL,14
1078,JARRAD,14
1078,JOVAN,14
1078,KALLAN,14
1078,KARAM,14
1078,KAYLEM,14
1078,KYAN,14
1078,LEIGH,14
1078,LUCIANO,14
1078,MANDEEP,14
1078,NICK,14
1078,NOOR,14
1078,PACEY,14
1078,PARIS,14
1078,RAFE,14
1078,RAHAT,14
1078,RAHIL,14
1078,RAUL,14
1078,REESE,14
1078,REILLY,14
1078,SANTINO,14
1078,SHAYAN,14
1078,SUKHRAJ,14
1078,SULTAN,14
1078,TYRON,14
1078,VIKRAM,14
1135,ABDULLA,13
1135,ABDUR-RAHMAN,13
1135,ANIS,13
1135,ANWAR,13
1135,ASHRAF,13
1135,BILLY-JOE,13
1135,CAOLAN,13
1135,CARRICK,13
1135,CASPER,13
1135,CHRISTY,13
1135,CRISTIAN,13
1135,DAMION,13
1135,DARA,13
1135,DAWOOD,13
1135,DEEN,13
1135,DIEGO,13
1135,EAMON,13
1135,EDUARDO,13
1135,EMANUEL,13
1135,ENRIQUE,13
1135,FAIZ,13
1135,GARRY,13
1135,GWION,13
1135,ISSAC,13
1135,JORDAN-LEE,13
1135,KALAN,13
1135,KAYDEN,13
1135,KEON,13
1135,KOBY,13
1135,KYMANI,13
1135,MACSEN,13
1135,MAHAMMED,13
1135,MALACHY,13
1135,MANVEER,13
1135,MIRZA,13
1135,MORDECHAI,13
1135,MURAT,13
1135,MYRON,13
1135,NANA,13
1135,NIKITA,13
1135,NILE,13
1135,PADDY,13
1135,PAVANDEEP,13
1135,QAIS,13
1135,RAJVEER,13
1135,RAMI,13
1135,RIVER,13
1135,RIYAD,13
1135,ROLAND,13
1135,SAHIB,13
1135,SAHIR,13
1135,SEYED,13
1135,SHAHID,13
1135,SHAQUILLE,13
1135,SHAYE,13
1135,SHAYNE,13
1135,SOHAIB,13
1135,SULAIMAAN,13
1135,TADHG,13
1135,TAYYAB,13
1135,TOMMY-LEE,13
1135,TYLA,13
1135,UMAYR,13
1135,VAUGHAN,13
1135,VIJAY,13
1135,YASSIN,13
1135,ZACHARIAS,13
1202,AERON,12
1202,AHMET,12
1202,AIMAN,12
1202,AKAASH,12
1202,AKIF,12
1202,ALEEM,12
1202,AMAAD,12
1202,ARVIN,12
1202,AYUSH,12
1202,BARAN,12
1202,BERKAY,12
1202,BLAISE,12
1202,BLAYNE,12
1202,BRAYDON,12
1202,CALAN,12
1202,CHANCE,12
1202,CHRISTOS,12
1202,CIARON,12
1202,CORBIN,12
1202,DANIAAL,12
1202,DEVANTE,12
1202,DEVONTE,12
1202,DORIAN,12
1202,EAMONN,12
1202,EDDY,12
1202,ELIOTT,12
1202,EMIR,12
1202,ERAY,12
1202,GURDEEP,12
1202,GURJEEVAN,12
1202,GWILYM,12
1202,HAASHIM,12
1202,HADI,12
1202,HAKAN,12
1202,HARMAN,12
1202,HAYDAR,12
1202,HUDSON,12
1202,HUZAIFA,12
1202,IMAD,12
1202,JAKUB,12
1202,JAVIER,12
1202,JEAN,12
1202,JERRY,12
1202,JIMI,12
1202,JOZEF,12
1202,KAILUM,12
1202,KASSIM,12
1202,KEANAN,12
1202,KELAN,12
1202,KOREY,12
1202,LAWSON,12
1202,LYNDEN,12
1202,MAC,12
1202,MAHAD,12
1202,MAHMOUD,12
1202,MARKUS,12
1202,MATEO,12
1202,MUHAMED,12
1202,NASEEM,12
1202,OMER,12
1202,RAKEEM,12
1202,RAMONE,12
1202,RAYHAAN,12
1202,REED,12
1202,REIS,12
1202,REX,12
1202,SALEH,12
1202,SANDEEP,12
1202,SHAHZAIB,12
1202,SHUAYB,12
1202,SIRAJ,12
1202,STEVIE,12
1202,SULEMAN,12
1202,TEO,12
1202,THOM,12
1202,TOMMI,12
1202,TRAFFORD,12
1202,VIRAJ,12
1202,WALID,12
1202,WALTER,12
1202,WOODY,12
1202,YISROEL,12
1202,ZAKARIYYA,12
1202,ZAKK,12
1286,ABDALLA,11
1286,ABDURAHMAN,11
1286,ABHISHEK,11
1286,ADHAM,11
1286,AL,11
1286,ALBI,11
1286,ALEKSANDER,11
1286,ALIX,11
1286,AMAAR,11
1286,AMMAAR,11
1286,ANEES,11
1286,ARBAAZ,11
1286,ARBAZ,11
1286,AREEB,11
1286,ARNOLD,11
1286,ARSLAN,11
1286,ARVIND,11
1286,AYMEN,11
1286,BLANE,11
1286,BLUE,11
1286,BROOKE,11
1286,BURAK,11
1286,CALE,11
1286,CONNA,11
1286,CONNELL,11
1286,CORBEN,11
1286,CORI,11
1286,D'ANDRE,11
1286,DHANYAL,11
1286,DONALD,11
1286,DRE,11
1286,EATHAN,11
1286,ELVIS,11
1286,ENZO,11
1286,FERDINAND,11
1286,FILIP,11
1286,GARIN,11
1286,GRUFFUDD,11
1286,GURPREET,11
1286,HALLAM,11
1286,HAMSA,11
1286,HARDEEP,11
1286,HARVIE,11
1286,ILIAS,11
1286,IMMANUEL,11
1286,JAYDN,11
1286,JAYKE,11
1286,JEVAN,11
1286,JEVON,11
1286,JOSHAN,11
1286,KACEY,11
1286,KEN,11
1286,KEREM,11
1286,KILLIAN,11
1286,KRISTEN,11
1286,LIBAN,11
1286,LYLE,11
1286,MACK,11
1286,MARIUS,11
1286,MELVIN,11
1286,NASSER,11
1286,NAVEED,11
1286,NAYAN,11
1286,NIAL,11
1286,NIHAL,11
1286,OLIVIER,11
1286,PAULO,11
1286,RAHEEL,11
1286,RAJVIR,11
1286,RASHID,11
1286,RAVINDER,11
1286,ROGER,11
1286,RUI,11
1286,SALVATORE,11
1286,SAMAD,11
1286,SAMIUL,11
1286,TALHAH,11
1286,TAREK,11
1286,TAYLAN,11
1286,TEEJAY,11
1286,TIGER,11
1286,TOLGA,11
1286,TYRHYS,11
1286,UMER,11
1286,USAAMAH,11
1286,VARUN,11
1286,WASEEM,11
1286,WASIM,11
1286,WILF,11
1286,YAAKOV,11
1286,YANIS,11
1286,YEHUDA,11
1286,ZACKERY,11
1379,ABUL,10
1379,ADITYA,10
1379,AKBAR,10
1379,ALBAN,10
1379,AMEEN,10
1379,ARYA,10
1379,AUSTEN,10
1379,BALRAJ,10
1379,BARTHOLOMEW,10
1379,CADEN,10
1379,CLINT,10
1379,CONAL,10
1379,CORBAN,10
1379,DARRELL,10
1379,DAUD,10
1379,DAYNE,10
1379,DENNY,10
1379,DHILLON,10
1379,DILRAJ,10
1379,EBENEZER,10
1379,EDISON,10
1379,EESAA,10
1379,ELIAN,10
1379,EMERSON,10
1379,EMYR,10
1379,ENOCH,10
1379,ENRICO,10
1379,ERNEST,10
1379,FARAAZ,10
1379,FARAZ,10
1379,FEDERICO,10
1379,FERNANDO,10
1379,FIRAS,10
1379,GILBERT,10
1379,HADYN,10
1379,HAIDEN,10
1379,HALIL,10
1379,HANAD,10
1379,HAYYAN,10
1379,HUNTER,10
1379,HUSAIN,10
1379,IHSAN,10
1379,JOHN-PAUL,10
1379,KALIM,10
1379,KAYLAN,10
1379,KEALAN,10
1379,KEIREN,10
1379,KENNEDY,10
1379,KIEN,10
1379,KWAME,10
1379,LLEYTON,10
1379,LUDOVIC,10
1379,LUQMAAN,10
1379,MANAV,10
1379,MANPREET,10
1379,MARCOS,10
1379,MARTY,10
1379,MATTHIAS,10
1379,MOHMMAD,10
1379,MOIN,10
1379,MUAAZ,10
1379,MUJAHID,10
1379,MUJTABA,10
1379,NEEL,10
1379,NIGEL,10
1379,QUENTIN,10
1379,RAFFERTY,10
1379,RAIHAN,10
1379,RAMON,10
1379,ROMEO,10
1379,RUDI,10
1379,RUDY,10
1379,SAMEE,10
1379,SAMRAJ,10
1379,SHAHBAZ,10
1379,SHAKIL,10
1379,SHAZAIB,10
1379,SHEIK,10
1379,SOFIAN,10
1379,TAYYIB,10
1379,TEON,10
1379,THAI,10
1379,TOBEY,10
1379,TYREE,10
1379,UTHMAN,10
1379,VINNY,10
1379,YUSEF,10
1379,ZEESHAAN,10
1467,AARONDEEP,9
1467,ABDALLAH,9
1467,ABUBAKR,9
1467,AEDAN,9
1467,ALBIN,9
1467,AMJAD,9
1467,AMOS,9
1467,AMRITPAL,9
1467,ANDERSON,9
1467,ANTONI,9
1467,AQIL,9
1467,ARANDEEP,9
1467,ARIAN,9
1467,AVROHOM,9
1467,AYAAN,9
1467,AYOUB,9
1467,AZIM,9
1467,AZIZ,9
1467,BASIL,9
1467,BRADLEIGH,9
1467,CAIRO,9
1467,CARSON,9
1467,CLIFFORD,9
1467,CODEY,9
1467,CONNALL,9
1467,CONNAR,9
1467,CORAN,9
1467,CY,9
1467,DAVEY,9
1467,DAX,9
1467,DENZIL,9
1467,DESMOND,9
1467,DHILAN,9
1467,DON,9
1467,DWIGHT,9
1467,EDMOND,9
1467,ENDRIT,9
1467,EPHRAIM,9
1467,ESHAN,9
1467,ETHEN,9
1467,FARDEEN,9
1467,FENN,9
1467,FIONN,9
1467,FLOYD,9
1467,GENE,9
1467,GIAN,9
1467,GORDON,9
1467,GRIFFIN,9
1467,GUTO,9
1467,HAKIM,9
1467,HARJOT,9
1467,IMAAD,9
1467,IVO,9
1467,JAEDEN,9
1467,JAHIEM,9
1467,JASRAJ,9
1467,JAVAN,9
1467,JAYAN,9
1467,JETHRO,9
1467,JIBRAN,9
1467,JONNY,9
1467,JUDAH,9
1467,JULIEN,9
1467,KA,9
1467,KAIRO,9
1467,KAMAAL,9
1467,KAMAR,9
1467,KAMRON,9
1467,KELLY,9
1467,KHALEEL,9
1467,KRISHNA,9
1467,KUNAL,9
1467,KUSH,9
1467,KUSHAL,9
1467,KY,9
1467,LLEWELYN,9
1467,LOCHLANN,9
1467,LYAM,9
1467,MAHER,9
1467,MAJID,9
1467,MALAKAI,9
1467,MARSHAL,9
1467,MAZIN,9
1467,MCCAULEY,9
1467,MD.,9
1467,MEHDI,9
1467,MERGIM,9
1467,MIHIR,9
1467,MIKA,9
1467,MUBEEN,9
1467,MURTAZA,9
1467,MUSTAPHA,9
1467,NADIM,9
1467,NASIM,9
1467,NAZIM,9
1467,NIKOLAI,9
1467,NIRAV,9
1467,PAOLO,9
1467,RAFI,9
1467,RAJ,9
1467,RANVEER,9
1467,RAOUL,9
1467,RASHARN,9
1467,RENE,9
1467,ROCKY,9
1467,RONNY,9
1467,RUARI,9
1467,SALEEM,9
1467,SHABAZ,9
1467,SHAHZAD,9
1467,SHAKUR,9
1467,SHANNON,9
1467,SHILOH,9
1467,SHIMON,9
1467,SKY,9
1467,STEFANO,9
1467,SULAYMAAN,9
1467,SULLIVAN,9
1467,TAHER,9
1467,TALIESIN,9
1467,TOBI,9
1467,TOBIE,9
1467,TOMMIE,9
1467,TRAE,9
1467,YASSER,9
1467,YOSEF,9
1467,YUVRAJ,9
1467,ZEN,9
1595,ABDULKADIR,8
1595,ABU-BAKR,8
1595,ADEEB,8
1595,AHAD,8
1595,AHARON,8
1595,AJMAL,8
1595,ALLY,8
1595,ANDI,8
1595,ANDREA,8
1595,ARCHER,8
1595,ASHLEE,8
1595,ASHLEIGH,8
1595,AYDAN,8
1595,AYOMIDE,8
1595,AZAAN,8
1595,BADR,8
1595,BENITO,8
1595,BENNY,8
1595,BLAIR,8
1595,BRYNLEY,8
1595,CAEL,8
1595,CAIDEN,8
1595,CAILAN,8
1595,CAYDEN,8
1595,CLAUDE,8
1595,CODIE,8
1595,DAINE,8
1595,DARIAN,8
1595,DAVIDE,8
1595,DERRY,8
1595,DEVEN,8
1595,DIYAR,8
1595,DOMENICO,8
1595,DOMINICK,8
1595,DOMONIC,8
1595,DONTE,8
1595,EARL,8
1595,EBEN,8
1595,EFAN,8
1595,ELIEZER,8
1595,ENIS,8
1595,ERIN,8
1595,FAARIS,8
1595,FAYEZ,8
1595,FAZAN,8
1595,FERGAL,8
1595,FINNLAY,8
1595,FURQAN,8
1595,GRAEME,8
1595,GUILLAUME,8
1595,GURVEER,8
1595,GWYN,8
1595,HISHAAM,8
1595,HRITHIK,8
1595,HYWEL,8
1595,IMAN,8
1595,ISSA,8
1595,JABIR,8
1595,JACE,8
1595,JADON,8
1595,JAGDEEP,8
1595,JAIDON,8
1595,JAROD,8
1595,JATINDER,8
1595,JAYE,8
1595,JAZZ,8
1595,JIBRIL,8
1595,JOHNNIE,8
1595,JON-PAUL,8
1595,JONJO,8
1595,JOS,8
1595,KACI,8
1595,KAEL,8
1595,KAELAN,8
1595,KALLAM,8
1595,KAMARI,8
1595,KEAGAN,8
1595,KEAN,8
1595,KEIAN,8
1595,KES,8
1595,KESHAV,8
1595,KHALED,8
1595,KIARAN,8
1595,KIENAN,8
1595,KIERRAN,8
1595,KYLAN,8
1595,KYNAN,8
1595,LAITH,8
1595,LARS,8
1595,LAURENT,8
1595,LUCUS,8
1595,LUIGI,8
1595,LUTHER,8
1595,MAHAMED,8
1595,MAHIN,8
1595,MAHMOOD,8
1595,MAN,8
1595,MANUEL,8
1595,MARWAN,8
1595,MEMPHIS,8
1595,MICKEY,8
1595,MINHAJ,8
1595,MITESH,8
1595,MOBEEN,8
1595,MOISHE,8
1595,MUKHTAR,8
1595,MUSAB,8
1595,MUZZAMMIL,8
1595,NAHID,8
1595,NAVDEEP,8
1595,NUMAN,8
1595,OLUWADAMILOLA,8
1595,OMARI,8
1595,ONUR,8
1595,ORIN,8
1595,PARSA,8
1595,PASCAL,8
1595,PRANAV,8
1595,PRESLEY,8
1595,PRESTON,8
1595,QAASIM,8
1595,QAYS,8
1595,RAMAN,8
1595,RASHAAN,8
1595,RHYSE,8
1595,RONALDO,8
1595,RUAIRIDH,8
1595,RUBIN,8
1595,RUEBEN,8
1595,SAAHIL,8
1595,SAJAN,8
1595,SERGIO,8
1595,SERKAN,8
1595,SHAI,8
1595,SHLOMO,8
1595,SIMBARASHE,8
1595,SULEIMAN,8
1595,TAIWO,8
1595,TANNER,8
1595,TARIQUE,8
1595,TEGAN,8
1595,TERRENCE,8
1595,TITUS,8
1595,TYLOR,8
1595,UMUT,8
1595,USAYD,8
1595,YOUCEF,8
1595,YOUNES,8
1595,YVES,8
1595,ZACHARIA,8
1595,ZEKE,8
1746,AAKASH,7
1746,ABASS,7
1746,ABDUL-RAHMAN,7
1746,ABRAR,7
1746,AHAMED,7
1746,AKEEM,7
1746,AKIRA,7
1746,ALBION,7
1746,ALEXEI,7
1746,ALIM,7
1746,ALUN,7
1746,AMINUL,7
1746,ANDRES,7
1746,ARBER,7
1746,ARIEL,7
1746,ARION,7
1746,ARNAV,7
1746,ARSALAN,7
1746,ARUNDEEP,7
1746,ASH,7
1746,ASHVIN,7
1746,AVAIS,7
1746,AVRAHAM,7
1746,AYAZ,7
1746,AYDIN,7
1746,AYYUB,7
1746,BABATUNDE,7
1746,BAILEE,7
1746,BAILY,7
1746,BAYLEIGH,7
1746,BECK,7
1746,BEVAN,7
1746,BILLAL,7
1746,BJORN,7
1746,BLAIZE,7
1746,BLAZE,7
1746,BOB,7
1746,BOBBIE,7
1746,BORIS,7
1746,BOYD,7
1746,BRADLY,7
1746,BRAY,7
1746,BUSTER,7
1746,CAMERAN,7
1746,CHARLTON,7
1746,CHEY,7
1746,CILLIAN,7
1746,CORRAN,7
1746,CORREY,7
1746,DAKOTA,7
1746,DANI,7
1746,DAVE,7
1746,DEANDRE,7
1746,DEINIOL,7
1746,DESTINY,7
1746,DIMITRI,7
1746,DINO,7
1746,DONAL,7
1746,DONNELL,7
1746,DRU,7
1746,DYLLAN,7
1746,ELAN,7
1746,ELISHA,7
1746,ELY,7
1746,EOGHAN,7
1746,EWEN,7
1746,FAYSAL,7
1746,FINIAN,7
1746,FRANKLYN,7
1746,GABRIELE,7
1746,GARRETT,7
1746,GERRY,7
1746,GINO,7
1746,GIORGIO,7
1746,GLORY,7
1746,GURVINDER,7
1746,HAMED,7
1746,HAMMAAD,7
1746,HAMSE,7
1746,HARITH,7
1746,HARRIE,7
1746,HARSH,7
1746,HASSAAN,7
1746,HUMPHREY,7
1746,IBRAR,7
1746,IFTIKHAR,7
1746,IHSAAN,7
1746,IRFAAN,7
1746,ISIAH,7
1746,IVOR,7
1746,JACQUE,7
1746,JAD,7
1746,JADYN,7
1746,JARAD,7
1746,JARON,7
1746,JASDEEP,7
1746,JEAN-LUC,7
1746,JOAB,7
1746,JOASH,7
1746,JOB,7
1746,JORDI,7
1746,JUN,7
1746,KADEEM,7
1746,KAIRAN,7
1746,KALAM,7
1746,KAZI,7
1746,KEMAL,7
1746,KENTON,7
1746,KEVAL,7
1746,KHAN,7
1746,KHURAM,7
1746,KIA,7
1746,KIAL,7
1746,KILE,7
1746,KIYA,7
1746,KORI,7
1746,KRAY,7
1746,KYAH,7
1746,KYRONE,7
1746,LARRY,7
1746,LEANDRO,7
1746,LEIF,7
1746,LENNIE,7
1746,LEONIDAS,7
1746,LEX,7
1746,LUCCA,7
1746,LUCIUS,7
1746,LYALL,7
1746,MARCELLO,7
1746,MARIOS,7
1746,MENACHEM,7
1746,MICHAL,7
1746,MIKAIL,7
1746,MOHD,7
1746,MOHMMED,7
1746,MURAD,7
1746,NICKOLAS,7
1746,NIKO,7
1746,NILS,7
1746,NIRAJ,7
1746,OLLY,7
1746,OLUWAFEMI,7
1746,OREN,7
1746,ORION,7
1746,PAPA,7
1746,RALF,7
1746,RAMSEY,7
1746,RASHEED,7
1746,REHAAN,7
1746,REHMAN,7
1746,REICE,7
1746,REZWAN,7
1746,RHYCE,7
1746,RICCARDO,7
1746,RIKKI,7
1746,RITIK,7
1746,RIYADH,7
1746,RODNEY,7
1746,RODRIGO,7
1746,ROURKE,7
1746,RYLEE,7
1746,SABBIR,7
1746,SAFWAAN,7
1746,SAGAR,7
1746,SAIM,7
1746,SALAH,7
1746,SALMAAN,7
1746,SASHA,7
1746,SAUD,7
1746,SAXON,7
1746,SCOT,7
1746,SERHAT,7
1746,SHLOIME,7
1746,SHREY,7
1746,SUFIAN,7
1746,SUHAIB,7
1746,SUHAYB,7
1746,SUKHDEV,7
1746,SULIMAN,7
1746,TAFARI,7
1746,TANVEER,7
1746,TAO,7
1746,TAWHEED,7
1746,TAYAB,7
1746,TEJ,7
1746,THEODOR,7
1746,TIAN,7
1746,TOBIN,7
1746,TOMASZ,7
1746,TOR,7
1746,TRISTEN,7
1746,TRISTON,7
1746,TYREKE,7
1746,TYRESSE,7
1746,TYRIQ,7
1746,UBAID,7
1746,WYATT,7
1746,YAKOV,7
1746,YIANNIS,7
1746,YITZCHOK,7
1746,ZAHID,7
1746,ZAINE,7
1746,ZESHAAN,7
1949,AASIM,6
1949,ABDEL,6
1949,ABDISHAKUR,6
1949,ABDUL-AZEEZ,6
1949,ABE,6
1949,ADAL,6
1949,ADIN,6
1949,AGHA,6
1949,AKHIL,6
1949,AKSHAT,6
1949,ALBY,6
1949,ALEXANDA,6
1949,ALFI,6
1949,ALFREDO,6
1949,AMANI,6
1949,AMARDEEP,6
1949,AMINUR,6
1949,ANDREI,6
1949,ANDREJ,6
1949,ANDREY,6
1949,ANEURIN,6
1949,ANGEL,6
1949,ANMOL,6
1949,ANOOP,6
1949,ANSON,6
1949,ARASH,6
1949,ARI,6
1949,ARLO,6
1949,ARNIE,6
1949,ARSHAD,6
1949,ART,6
1949,ARTUR,6
1949,ARWEL,6
1949,ASHAN,6
1949,ASSAD,6
1949,AVI,6
1949,BAILIE,6
1949,BAILLIE,6
1949,BARIS,6
1949,BASHAR,6
1949,BASHIR,6
1949,BAYLEE,6
1949,BENJAMYN,6
1949,BERTRAM,6
1949,BLU,6
1949,BRAD-LEE,6
1949,BRANNAN,6
1949,BRENTON,6
1949,BUDDY,6
1949,CALEM,6
1949,CANAAN,6
1949,CARLIN,6
1949,CASPIAN,6
1949,CASS,6
1949,CASSIAN,6
1949,CEIRON,6
1949,CELLAN,6
1949,CERI,6
1949,CHAE,6
1949,CHAZ,6
1949,CHI,6
1949,CHIGOZIE,6
1949,CHUKWUEMEKA,6
1949,CLARKE,6
1949,CLYDE,6
1949,CYRIL,6
1949,DALLAS,6
1949,DANIELE,6
1949,DARAGH,6
1949,DAVIN,6
1949,DECKLAN,6
1949,DEIO,6
1949,DEJEAN,6
1949,DERI,6
1949,DERMOT,6
1949,DOUGAL,6
1949,DRAY,6
1949,DUANE,6
1949,DUDLEY,6
1949,DUKE,6
1949,DWAIN,6
1949,EITHAN,6
1949,ELLISON,6
1949,ELOZOR,6
1949,ELYAS,6
1949,EMEKA,6
1949,ERNIE,6
1949,ESA,6
1949,ESHAAN,6
1949,FAIYAZ,6
1949,FARLEY,6
1949,FEZAAN,6
1949,FINNEGAN,6
1949,FOX,6
1949,FRASIER,6
1949,FREDERICO,6
1949,FREDRICK,6
1949,GAGANDEEP,6
1949,GEORGIO,6
1949,GHULAM,6
1949,GRADY,6
1949,GRUFFYDD,6
1949,HADLEIGH,6
1949,HANI,6
1949,HANNAN,6
1949,HANS,6
1949,HANZALAH,6
1949,HARPREET,6
1949,HARVEER,6
1949,HARVIR,6
1949,HAYTHAM,6
1949,HENRIK,6
1949,HOLDEN,6
1949,IJAZ,6
1949,ILAN,6
1949,IMAAN,6
1949,INIGO,6
1949,ISAK,6
1949,JAAN,6
1949,JABEZ,6
1949,JAIDEEP,6
1949,JAMIELEE,6
1949,JARDEL,6
1949,JASPAL,6
1949,JASPREET,6
1949,JAVON,6
1949,JAWAAD,6
1949,JAZ,6
1949,JEFF,6
1949,JEFFERSON,6
1949,JESSIE,6
1949,JOESEPH,6
1949,JOHANNES,6
1949,JORDYN,6
1949,JOTHAM,6
1949,KACPER,6
1949,KAILEM,6
1949,KASPER,6
1949,KAVIN,6
1949,KEANO,6
1949,KELECHI,6
1949,KEOWN,6
1949,KESTER,6
1949,KETAN,6
1949,KHIZAR,6
1949,KHIZER,6
1949,KI,6
1949,KIAM,6
1949,KOBIE,6
1949,KODI,6
1949,KONRAD,6
1949,KORAY,6
1949,KORY,6
1949,KRIS,6
1949,KRISTOFER,6
1949,KWABENA,6
1949,KWASI,6
1949,KYERON,6
1949,LEAM,6
1949,LLYR,6
1949,LLYWELYN,6
1949,LORNE,6
1949,LOUKAS,6
1949,MABON,6
1949,MADISON,6
1949,MANSOOR,6
1949,MANSUR,6
1949,MAREK,6
1949,MATIN,6
1949,MATTHIEU,6
1949,MAVERICK,6
1949,MEIR,6
1949,MIKAEL,6
1949,MIR,6
1949,MITCH,6
1949,MONEEB,6
1949,MONTEL,6
1949,MUHSIN,6
1949,MURPHY,6
1949,MYLO,6
1949,NAHIM,6
1949,NAHUM,6
1949,NAIM,6
1949,NASH,6
1949,NASSIM,6
1949,NAUMAN,6
1949,NAYEEM,6
1949,NEHEMIAH,6
1949,NILES,6
1949,NISHAN,6
1949,NIYAZ,6
1949,NUMAIR,6
1949,NYALL,6
1949,NYE,6
1949,OBED,6
1949,OBINNA,6
1949,OLUWASEYI,6
1949,OSHER,6
1949,OSSIAN,6
1949,OTHMAN,6
1949,PANASHE,6
1949,PARAS,6
1949,PIRAN,6
1949,PREM,6
1949,QUINCY,6
1949,RAIS,6
1949,RAMIZ,6
1949,RASHAD,6
1949,REEVE,6
1949,REGINALD,6
1949,RIKI,6
1949,RIVALDO,6
1949,ROHAAN,6
1949,RON,6
1949,RONAK,6
1949,RUSHIL,6
1949,SABEEL,6
1949,SAKIB,6
1949,SAMER,6
1949,SANTIAGO,6
1949,SEREN,6
1949,SHAFIQ,6
1949,SHAHAN,6
1949,SHAMAR,6
1949,SHAZAD,6
1949,SINAN,6
1949,SKYLER,6
1949,SOHAN,6
1949,SONNIE,6
1949,SOREN,6
1949,SOUL,6
1949,STORM,6
1949,SUFIYAN,6
1949,SURYA,6
1949,TAINE,6
1949,TALAL,6
1949,TALAN,6
1949,TASHAN,6
1949,TAWHID,6
1949,TAYE,6
1949,TAYLA,6
1949,TAYYEB,6
1949,TEJAY,6
1949,TOMMASO,6
1949,TREMAINE,6
1949,TUDOR,6
1949,TYRECE,6
1949,TYREEK,6
1949,TYREL,6
1949,TYRELLE,6
1949,UZAYR,6
1949,VALENTINE,6
1949,VEER,6
1949,VIREN,6
1949,WILLIS,6
1949,WINSTON,6
1949,YACINE,6
1949,YANN,6
1949,YAQUB,6
1949,YASAR,6
1949,YAW,6
1949,YOEL,6
1949,YONIS,6
1949,ZAFAR,6
1949,ZAHIR,6
1949,ZEB,6
1949,ZIA,6
1949,ZIAD,6
1949,ZIGGY,6
1949,ZISHAAN,6
1949,ZUHAYR,6
2220,AAQIB,5
2220,AAYUSH,5
2220,ABD,5
2220,ABDUR-RAHEEM,5
2220,ABDURRAHMAN,5
2220,ADAN,5
2220,ADETOKUNBO,5
2220,ADI,5
2220,ADRIEN,5
2220,AIMEN,5
2220,AJIT,5
2220,AKIVA,5
2220,ALBERTO,5
2220,ALEXI,5
2220,ALF,5
2220,ALFY,5
2220,ALIEU,5
2220,ALPER,5
2220,AMBROSE,5
2220,AMER,5
2220,AMINE,5
2220,AMUN,5
2220,ANEIL,5
2220,ANEIRIN,5
2220,ANIKET,5
2220,ARCHY,5
2220,AREN,5
2220,ARIN,5
2220,ARIS,5
2220,ARLIND,5
2220,ARMANDO,5
2220,ARREN,5
2220,ARRY,5
2220,ARVINDER,5
2220,ASHISH,5
2220,ASHKAN,5
2220,AYAN,5
2220,AYODELE,5
2220,AYOOB,5
2220,AZAM,5
2220,AZHARUL,5
2220,BARRIE,5
2220,BECKHAM,5
2220,BHAVESH,5
2220,BHAVIN,5
2220,BILLIE,5
2220,BOAZ,5
2220,BRAIDY,5
2220,BRET,5
2220,BRINLEY,5
2220,BROCK,5
2220,BRYCHAN,5
2220,BYRAN,5
2220,CAIO,5
2220,CAL,5
2220,CALLUN,5
2220,CAMDEN,5
2220,CAMILO,5
2220,CANE,5
2220,CANER,5
2220,CATHAN,5
2220,CAVELL,5
2220,CEEJAY,5
2220,CHARLY,5
2220,COHEN,5
2220,CONER,5
2220,CONSTANTIN,5
2220,CONSTANTINE,5
2220,CRISPIN,5
2220,CULLEN,5
2220,DAANYAL,5
2220,DANIYAAL,5
2220,DARDAN,5
2220,DAVY,5
2220,DEEPAK,5
2220,DEMPSEY,5
2220,DERREN,5
2220,DERRON,5
2220,DEVESH,5
2220,DHIREN,5
2220,DOV,5
2220,DOVID,5
2220,DYFAN,5
2220,EASHAN,5
2220,ED,5
2220,EMMET,5
2220,EMRYS,5
2220,ENES,5
2220,ERDEM,5
2220,ERJON,5
2220,ESSA,5
2220,FABRIZIO,5
2220,FAHD,5
2220,FAIZAL,5
2220,FARHAD,5
2220,FAROOQ,5
2220,FEHZAN,5
2220,FINDLEY,5
2220,FIRAT,5
2220,FLORIAN,5
2220,FREDERIK,5
2220,FREDRIK,5
2220,FUAD,5
2220,FURKAN,5
2220,FYNLEY,5
2220,GAVRIEL,5
2220,GEORDIE,5
2220,GEORGIOS,5
2220,GIACOMO,5
2220,GODWIN,5
2220,GOKHAN,5
2220,GULAM,5
2220,GURDIT,5
2220,HAARITH,5
2220,HABIBUR,5
2220,HALEEM,5
2220,HAMILTON,5
2220,HANIF,5
2220,HAO,5
2220,HARLAN,5
2220,HARVIN,5
2220,HUGHIE,5
2220,ILYAAS,5
2220,IMTIAZ,5
2220,INNES,5
2220,IOANNIS,5
2220,IQBAL,5
2220,ISHAAQ,5
2220,ISLAM,5
2220,ISMAAEEL,5
2220,ISRAR,5
2220,IZAIAH,5
2220,IZAK,5
2220,JADE,5
2220,JAEDON,5
2220,JAFAR,5
2220,JAHED,5
2220,JAIMIE,5
2220,JAMAR,5
2220,JANAID,5
2220,JATIN,5
2220,JAVID,5
2220,JAWWAD,5
2220,JAY-LEE,5
2220,JAYA,5
2220,JAYLAN,5
2220,JAYLEE,5
2220,JAYME,5
2220,JAYMIE,5
2220,JEAN-PAUL,5
2220,JERICHO,5
2220,JESSY,5
2220,JETT,5
2220,JOACHIM,5
2220,JOHAN,5
2220,JORDY,5
2220,JOSHUA-JAMES,5
2220,KADIR,5
2220,KAELIN,5
2220,KAID,5
2220,KAMEN,5
2220,KEILAN,5
2220,KELLAN,5
2220,KERIM,5
2220,KHADAR,5
2220,KHURRAM,5
2220,KIELAN,5
2220,KIRTIS,5
2220,KIYAN,5
2220,KOLE,5
2220,KONNA,5
2220,KWAKU,5
2220,KYA,5
2220,KYAL,5
2220,KYI,5
2220,KYM,5
2220,KYRIACOS,5
2220,KYSON,5
2220,LABIB,5
2220,LAMARR,5
2220,LAUCHLAN,5
2220,LESTER,5
2220,LEWES,5
2220,LEWI,5
2220,LEWIN,5
2220,LINDON,5
2220,LINTON,5
2220,LOUIX,5
2220,LUDO,5
2220,LUDOVICO,5
2220,LUI,5
2220,MAHAMMAD,5
2220,MAHBUB,5
2220,MAHFUZ,5
2220,MALACHAI,5
2220,MALEK,5
2220,MALIQ,5
2220,MANASSEH,5
2220,MANU,5
2220,MARKOS,5
2220,MARLEE,5
2220,MARTELL,5
2220,MASSIMILIANO,5
2220,MASUM,5
2220,MATEUSZ,5
2220,MATIAS,5
2220,MATISSE,5
2220,MATTY,5
2220,MAWGAN,5
2220,MAXIMILIEN,5
2220,METIN,5
2220,MIKEL,5
2220,MILAD,5
2220,MILLAN,5
2220,MILTON,5
2220,MIRAJ,5
2220,MOHAMEDAMIN,5
2220,MOHSEN,5
2220,MORRIS,5
2220,MUBARAK,5
2220,MUBARIK,5
2220,MUHAMAD,5
2220,MUIZZ,5
2220,MUNIR,5
2220,MUZAMIL,5
2220,NADER,5
2220,NAHEEM,5
2220,NAJIB,5
2220,NAMAN,5
2220,NATAN,5
2220,NEAL,5
2220,NIKOLA,5
2220,NIMA,5
2220,NIZAR,5
2220,NOAM,5
2220,NUH,5
2220,NYAL,5
2220,OLAMIDE,5
2220,OLUWADEMILADE,5
2220,OLUWAMAYOWA,5
2220,OLUWATIMILEHIN,5
2220,OLUWATOMISIN,5
2220,OMAIR,5
2220,OMID,5
2220,OREOLUWA,5
2220,OSAMAH,5
2220,PA,5
2220,PARTH,5
2220,PEARCE,5
2220,PELE,5
2220,PERRAN,5
2220,PHILIPPE,5
2220,PHINEAS,5
2220,PIETER,5
2220,PINCHOS,5
2220,PRANAY,5
2220,PRASHANT,5
2220,PRAVEEN,5
2220,PUNIT,5
2220,RAEL,5
2220,RAHMAN,5
2220,RAJDEEP,5
2220,RAJIV,5
2220,RAMY,5
2220,RANDEEP,5
2220,RANVIR,5
2220,RAYAAN,5
2220,REMELL,5
2220,RENALDO,5
2220,RENATO,5
2220,RENO,5
2220,REZA,5
2220,RIECE,5
2220,ROHAIL,5
2220,ROHIN,5
2220,ROMAINE,5
2220,RORIE,5
2220,RUHAN,5
2220,SAFYAN,5
2220,SAIFUL,5
2220,SAIFULLAH,5
2220,SAJJAD,5
2220,SAKARIYA,5
2220,SALEM,5
2220,SALIH,5
2220,SAMATAR,5
2220,SAMY,5
2220,SAQLAIN,5
2220,SAYF,5
2220,SAYFUL,5
2220,SEB,5
2220,SHAHAAB,5
2220,SHALOM,5
2220,SHAMIM,5
2220,SHARIF,5
2220,SHAYA,5
2220,SHAYAAN,5
2220,SHAYDEN,5
2220,SHERAZ,5
2220,SHERIDAN,5
2220,SHIVA,5
2220,SHIVRAJ,5
2220,SIDDHARTH,5
2220,SIMRAN,5
2220,SIMRANJEET,5
2220,SOUFIAN,5
2220,STEFANOS,5
2220,STIRLING,5
2220,STONE,5
2220,SUKHDEEP,5
2220,SVEN,5
2220,SYLVESTER,5
2220,T-JAY,5
2220,TAIMUR,5
2220,TAKUDZWA,5
2220,TALVINDER,5
2220,TAMER,5
2220,TAMIR,5
2220,TANER,5
2220,TAREQ,5
2220,TARRAN,5
2220,TARYN,5
2220,TAUHEED,5
2220,TAY,5
2220,TEIFION,5
2220,TEJINDER,5
2220,TERREL,5
2220,THIBAULT,5
2220,THOR,5
2220,TINASHE,5
2220,TJ,5
2220,TJAY,5
2220,TOHEED,5
2220,TOMMYLEE,5
2220,TRAI,5
2220,TRISTIAN,5
2220,TRISTRAM,5
2220,TYRAN,5
2220,TYRRELL,5
2220,TYSON,5
2220,UGUR,5
2220,UMAAN,5
2220,URIEL,5
2220,VALENTIN,5
2220,VALENTINO,5
2220,VAUGHN,5
2220,VIET,5
2220,VIKESH,5
2220,VINCE,5
2220,VISHNU,5
2220,VOLKAN,5
2220,WASIF,5
2220,YAMIN,5
2220,YAQOOB,5
2220,YAZAN,5
2220,YONI,5
2220,YUNIS,5
2220,YUSIF,5
2220,ZAINUL,5
2220,ZAMAN,5
2220,ZAYYAN,5
2220,ZEIN,5
2220,ZEPH,5
2220,ZEPHANIAH,5
2220,ZEV,5
2220,ZICO,5
2220,ZISHAN,5
2587,AASHISH,4
2587,ABAS,4
2587,ABDIAZIZ,4
2587,ABDIFATAH,4
2587,ABDIRAHIM,4
2587,ABDULHAKIM,4
2587,ABDULKARIM,4
2587,ABDULLAAH,4
2587,ABDULMALIK,4
2587,ABDUS,4
2587,ABDUS-SAMAD,4
2587,ABSHIR,4
2587,ADONAI,4
2587,ADONIS,4
2587,ADRIANO,4
2587,AFTAB,4
2587,AFZAL,4
2587,AGIT,4
2587,AHNAF,4
2587,AJAI,4
2587,AKIB,4
2587,AL-AMIN,4
2587,ALEN,4
2587,ALEXANDRU,4
2587,ALEXZANDER,4
2587,ALIYAAN,4
2587,AMADOU,4
2587,AMAL,4
2587,AMINOOR,4
2587,AMOL,4
2587,AMR,4
2587,ANEESH,4
2587,ANGELUS,4
2587,ANH,4
2587,ANIQ,4
2587,ANTONINO,4
2587,ANUJ,4
2587,ARDI,4
2587,ARHAM,4
2587,ARIA,4
2587,ARIFUL,4
2587,ARLIE,4
2587,ARMAND,4
2587,ARNE,4
2587,ARNO,4
2587,ARRUN,4
2587,ASHA,4
2587,ASHDON,4
2587,ASHRAFUL,4
2587,ATEEQ,4
2587,ATTICUS,4
2587,AUBREY,4
2587,AUGUST,4
2587,AUGUSTINE,4
2587,AURYN,4
2587,AYHAN,4
2587,BAMIDELE,4
2587,BARNES,4
2587,BEDWYR,4
2587,BELAL,4
2587,BENNETT,4
2587,BENSON,4
2587,BENTLEY,4
2587,BERKAN,4
2587,BEXLEY,4
2587,BHAVIK,4
2587,BILLY-LEE,4
2587,BLAIN,4
2587,BLEON,4
2587,BO,4
2587,BORA,4
2587,BRAIDEN,4
2587,BRANDYN,4
2587,BRANNON,4
2587,BRYNMOR,4
2587,BRYNN,4
2587,CADAN,4
2587,CADELL,4
2587,CALLAGHAN,4
2587,CALUMN,4
2587,CAMRAN,4
2587,CEYHUN,4
2587,CHARLEE,4
2587,CHAUDHRY,4
2587,CHIRAG,4
2587,CHRISTAN,4
2587,CHRISTIE,4
2587,CHUN,4
2587,COBI,4
2587,COLT,4
2587,CONAILL,4
2587,CONSTANTINOS,4
2587,CORBYN,4
2587,COREN,4
2587,CORIN,4
2587,CORNELIUS,4
2587,D'ANGELO,4
2587,DAANIYAL,4
2587,DADE,4
2587,DAGAN,4
2587,DAIRE,4
2587,DALEY,4
2587,DAMANI,4
2587,DAMILOLA,4
2587,DANILO,4
2587,DARIEN,4
2587,DARREL,4
2587,DARRIUS,4
2587,DAVIE,4
2587,DE,4
2587,DEACAN,4
2587,DECHLAN,4
2587,DECLAND,4
2587,DEEGAN,4
2587,DEEP,4
2587,DEJAN,4
2587,DEJAUN,4
2587,DEMETRI,4
2587,DENTON,4
2587,DERICK,4
2587,DESHAWN,4
2587,DEVONTA,4
2587,DEWAYNE,4
2587,DHANISH,4
2587,DIDIER,4
2587,DIGBY,4
2587,DIMITRIS,4
2587,DINESH,4
2587,DIOR,4
2587,DJAMEL,4
2587,DONTAY,4
2587,DOUGIE,4
2587,DOULTON,4
2587,DRAE,4
2587,DYFED,4
2587,EDIZ,4
2587,EDWYN,4
2587,EESAH,4
2587,EHSAAN,4
2587,EISA,4
2587,EITAN,4
2587,EL,4
2587,ELIE,4
2587,ELVIN,4
2587,EMANUELE,4
2587,EMIN,4
2587,EMMETT,4
2587,EMRAH,4
2587,ENNIS,4
2587,ERON,4
2587,ESMOND,4
2587,ESTEBAN,4
2587,ETHAN-JAMES,4
2587,EVANDER,4
2587,FANE,4
2587,FARID,4
2587,FARON,4
2587,FAROUK,4
2587,FARRELL,4
2587,FARRIS,4
2587,FAYAZ,4
2587,FIDEL,4
2587,FINBARR,4
2587,FINNBARR,4
2587,FINTON,4
2587,FIZAN,4
2587,FLINN,4
2587,FLYN,4
2587,FRANCO,4
2587,FREDRIC,4
2587,FUAAD,4
2587,FURQAAN,4
2587,FYNLAY,4
2587,GALEN,4
2587,GARTH,4
2587,GAURAV,4
2587,GEM,4
2587,GENTRIT,4
2587,GLODY,4
2587,GOVIND,4
2587,GULED,4
2587,GURDEV,4
2587,GURINDER,4
2587,GURSEWAK,4
2587,GURVIR,4
2587,HAAMID,4
2587,HAAROON,4
2587,HADEN,4
2587,HAFIZ,4
2587,HAIDYN,4
2587,HAMEED,4
2587,HANSON,4
2587,HARISHAN,4
2587,HARISON,4
2587,HARJEET,4
2587,HARMEET,4
2587,HAROUN,4
2587,HARPER,4
2587,HARVINDER,4
2587,HASHAM,4
2587,HASIM,4
2587,HASNAAT,4
2587,HASNAT,4
2587,HASSNAIN,4
2587,HAYDER,4
2587,HAYDYN,4
2587,HAZEM,4
2587,HEATH,4
2587,HO,4
2587,HUMAYUN,4
2587,HUSEIN,4
2587,HUSNAYN,4
2587,IFOR,4
2587,IFTEKHAR,4
2587,IHTISHAAM,4
2587,IKENNA,4
2587,ILYES,4
2587,INDERPAL,4
2587,ITAI,4
2587,IZIAH,4
2587,J,4
2587,JACKIE,4
2587,JAEDAN,4
2587,JAGRAJ,4
2587,JAGVEER,4
2587,JAHEEM,4
2587,JAIDEV,4
2587,JALAL,4
2587,JANSEN,4
2587,JARETH,4
2587,JAVAUN,4
2587,JAVED,4
2587,JAYCE,4
2587,JAYMIN,4
2587,JEDD,4
2587,JEFFERY,4
2587,JELANI,4
2587,JEORGE,4
2587,JEREMIE,4
2587,JESAL,4
2587,JIA,4
2587,JIN,4
2587,JO,4
2587,JOBY,4
2587,JODI,4
2587,JOHNSON,4
2587,JORDELL,4
2587,JOWAN,4
2587,JUDD,4
2587,KAIF,4
2587,KAILAN,4
2587,KAIRON,4
2587,KAIUS,4
2587,KALE,4
2587,KALEN,4
2587,KALID,4
2587,KAMALI,4
2587,KAMERAN,4
2587,KARANDEEP,4
2587,KARLOS,4
2587,KARTIK,4
2587,KASPAR,4
2587,KASSIUS,4
2587,KAVEN,4
2587,KAYDON,4
2587,KAYLEB,4
2587,KAZIM,4
2587,KEANEN,4
2587,KEARAN,4
2587,KEELEN,4
2587,KEERAN,4
2587,KEHINDE,4
2587,KEIGHAN,4
2587,KELLER,4
2587,KELTON,4
2587,KERAN,4
2587,KEVAN,4
2587,KEYLAN,4
2587,KHAI,4
2587,KHY,4
2587,KIAH,4
2587,KIEAN,4
2587,KIEFER,4
2587,KIEL,4
2587,KILIAN,4
2587,KING,4
2587,KIREN,4
2587,KLEVIS,4
2587,KOJO,4
2587,KONNER,4
2587,KORBAN,4
2587,KOUROSH,4
2587,KRISTJAN,4
2587,KRISTOFFER,4
2587,KRYSTIAN,4
2587,KWADWO,4
2587,KYLER,4
2587,KYPROS,4
2587,KYREECE,4
2587,KYREN,4
2587,LAINE,4
2587,LAQUAN,4
2587,LATEEF,4
2587,LATRELL,4
2587,LAYTH,4
2587,LEANDER,4
2587,LEEROY,4
2587,LEESON,4
2587,LEMUEL,4
2587,LEOPOLD,4
2587,LEXX,4
2587,LORD,4
2587,LORENZ,4
2587,LUCIO,4
2587,LUCKY,4
2587,LYON,4
2587,MACE,4
2587,MADHAV,4
2587,MAHFUZUR,4
2587,MAHIM,4
2587,MAJEED,4
2587,MAKENZIE,4
2587,MAKSIM,4
2587,MALAKI,4
2587,MALO,4
2587,MARCELO,4
2587,MARTI,4
2587,MARZUQ,4
2587,MATHUSHAN,4
2587,MATTIAS,4
2587,MATTIE,4
2587,MAXX,4
2587,MESHACH,4
2587,MIAN,4
2587,MICHEL,4
2587,MICKY,4
2587,MIKAEEL,4
2587,MIKHAIL,4
2587,MILEY,4
2587,MILLER,4
2587,MILOS,4
2587,MITUL,4
2587,MOHIB,4
2587,MOHMED,4
2587,MOMIN,4
2587,MOOSA,4
2587,MOSTAFA,4
2587,MUADH,4
2587,MUAZ,4
2587,MUBASHER,4
2587,MUBASHIR,4
2587,MUHANNAD,4
2587,MUHMMAD,4
2587,MUNIB,4
2587,MUNTASIR,4
2587,MUSTAQEEM,4
2587,NAFTOLI,4
2587,NASSIR,4
2587,NATE,4
2587,NAVEEN,4
2587,NAVRAJ,4
2587,NAZIR,4
2587,NEMO,4
2587,NEVIN,4
2587,NIAM,4
2587,NIKOS,4
2587,NILESH,4
2587,NISHIL,4
2587,NOE,4
2587,NOLAN,4
2587,NOMAN,4
2587,NORMAN,4
2587,NORTON,4
2587,OKAN,4
2587,OLAKUNLE,4
2587,OLUMIDE,4
2587,OLUWAROTIMI,4
2587,ONKAR,4
2587,OUSSAMA,4
2587,OWYN,4
2587,OZ,4
2587,OZZY,4
2587,PANAYIOTIS,4
2587,PATRIK,4
2587,PIOTR,4
2587,PRABHJOT,4
2587,PRIYESH,4
2587,QUAID,4
2587,QUINLAN,4
2587,RAEKWON,4
2587,RAFAY,4
2587,RAHEES,4
2587,RAIF,4
2587,RAJESH,4
2587,RAKIB,4
2587,RAMANDEEP,4
2587,RAMZAN,4
2587,RAMZI,4
2587,REDWAN,4
2587,REFOEL,4
2587,REUBAN,4
2587,REUEL,4
2587,RHIAN,4
2587,RHYAN,4
2587,RICCO,4
2587,RIDLEY,4
2587,RIK,4
2587,RIKHIL,4
2587,RION,4
2587,RISHABH,4
2587,RIYAN,4
2587,ROBEL,4
2587,ROBYN,4
2587,RODI,4
2587,ROGAN,4
2587,ROLLO,4
2587,ROMAAN,4
2587,ROSHAAN,4
2587,ROSHANE,4
2587,ROYSTON,4
2587,RUAN,4
2587,RUARIDH,4
2587,RUBEL,4
2587,RUHUL,4
2587,RYON,4
2587,RYU,4
2587,SA'AD,4
2587,SAABIR,4
2587,SAAJAN,4
2587,SABIR,4
2587,SADIQ,4
2587,SAHAL,4
2587,SAHL,4
2587,SAI,4
2587,SAKARIA,4
2587,SAMIN,4
2587,SAMMI,4
2587,SAMMUEL,4
2587,SAMPSON,4
2587,SAMUELE,4
2587,SANCHEZ,4
2587,SANDER,4
2587,SANDY,4
2587,SANG,4
2587,SANJEEV,4
2587,SARFRAZ,4
2587,SARMAD,4
2587,SAYEED,4
2587,SERHAN,4
2587,SHABAAZ,4
2587,SHABIR,4
2587,SHAHRUKH,4
2587,SHAIN,4
2587,SHAKEEM,4
2587,SHAMAS,4
2587,SHAMUS,4
2587,SHARJEEL,4
2587,SHAW,4
2587,SHAYDON,4
2587,SHAYLAN,4
2587,SHAZAN,4
2587,SHERYAAR,4
2587,SHERYAR,4
2587,SHIHAB,4
2587,SHMUEL,4
2587,SHOHAIB,4
2587,SIDDHANT,4
2587,SINCLAIR,4
2587,SIRAAJ,4
2587,SIYAM,4
2587,STEELE,4
2587,STRUAN,4
2587,SULEYMAN,4
2587,SUNNI,4
2587,T,4
2587,TAAHA,4
2587,TADIWANASHE,4
2587,TAE,4
2587,TAHIRUL,4
2587,TAIMOOR,4
2587,TAL,4
2587,TALON,4
2587,TAM,4
2587,TAMEEM,4
2587,TAMJID,4
2587,TANAKA,4
2587,TANBIR,4
2587,TAPIWA,4
2587,TARANDEEP,4
2587,TARICK,4
2587,TARKAN,4
2587,TARO,4
2587,TARON,4
2587,TARRON,4
2587,TAUSEEF,4
2587,TAYLOR-JAY,4
2587,TAYO,4
2587,TEAGAN,4
2587,TEHMUR,4
2587,TEJAS,4
2587,TEMITOPE,4
2587,TEOMAN,4
2587,THADDEUS,4
2587,THORNE,4
2587,TIMMY,4
2587,TOBIAH,4
2587,TOLUWALASE,4
2587,TORRIN,4
2587,TREVON,4
2587,TRUAN,4
2587,TUHEED,4
2587,UDAY,4
2587,ULAS,4
2587,UTHER,4
2587,UTHMAAN,4
2587,VASILE,4
2587,VISHAN,4
2587,VLADISLAV,4
2587,WAJAHAT,4
2587,WARIS,4
2587,WASSIM,4
2587,WEI,4
2587,YACOB,4
2587,YAHYE,4
2587,YANNI,4
2587,YANNICK,4
2587,YASSIR,4
2587,YEHOSHUA,4
2587,YILMAZ,4
2587,YONG,4
2587,YOUNIS,4
2587,YURI,4
2587,YUSAF,4
2587,ZAHEER,4
2587,ZAIM,4
2587,ZAINUD-DEEN,4
2587,ZAKARIYAH,4
2587,ZAKERY,4
2587,ZAKRIA,4
2587,ZAMEER,4
2587,ZAN,4
2587,ZANDER,4
2587,ZAVIER,4
2587,ZED,4
2587,ZEPHAN,4
2587,ZIDAN,4
2587,ZVI,4
3134,A,3
3134,A-JAY,3
3134,AABID,3
3134,AAMAR,3
3134,AAQIL,3
3134,ABAYOMI,3
3134,ABDIKADIR,3
3134,ABDIKARIM,3
3134,ABDILLAHI,3
3134,ABDOULAYE,3
3134,ABDOURAHMAN,3
3134,ABDUL-RAHEEM,3
3134,ABDULHAKEEM,3
3134,ABDULQADIR,3
3134,ABIDUR,3
3134,ABIE,3
3134,ABIR,3
3134,ABISHAKE,3
3134,ABU-BAKAR,3
3134,ACER,3
3134,ADAMA,3
3134,ADEEM,3
3134,ADEMOLA,3
3134,ADEREMI,3
3134,ADETAYO,3
3134,ADEWALE,3
3134,ADHNAN,3
3134,ADIB,3
3134,ADISON,3
3134,AENGUS,3
3134,AFAQ,3
3134,AFFAN,3
3134,AHMER,3
3134,AHSAAN,3
3134,AIRON,3
3134,AJIBOLA,3
3134,AKIKUR,3
3134,AKINOLA,3
3134,AKSHAR,3
3134,ALBANO,3
3134,ALEXANDRO,3
3134,ALFONSO,3
3134,ALISDAIR,3
3134,ALLEN,3
3134,ALP,3
3134,ALTAF,3
3134,ALTIN,3
3134,ALYX,3
3134,AMAD,3
3134,AMANPREET,3
3134,AMANUEL,3
3134,AMARNI,3
3134,AMARU,3
3134,AMIL,3
3134,AMIRUL,3
3134,AMRIK,3
3134,ANAKIN,3
3134,ANAM,3
3134,ANDRIY,3
3134,ANEEQ,3
3134,ANGELOS,3
3134,ANIQUE,3
3134,ANJUM,3
3134,ANKIT,3
3134,ANTONIS,3
3134,ANTWAN,3
3134,AODHAN,3
3134,ARAVIND,3
3134,ARBRI,3
3134,ARDEN,3
3134,ARJON,3
3134,ARLEY,3
3134,ARMEL,3
3134,ARMIN,3
3134,ARNAUD,3
3134,ARNIT,3
3134,AROON,3
3134,ARSHIA,3
3134,ARSLAAN,3
3134,ARWYN,3
3134,ARYEH,3
3134,ASADULLAH,3
3134,ASHAAN,3
3134,ASHIM,3
3134,ASHIR,3
3134,ATEEB,3
3134,ATTA,3
3134,AUSTYN,3
3134,AVERY,3
3134,AVINASH,3
3134,AYAAZ,3
3134,AYDN,3
3134,AYDON,3
3134,AYODEJI,3
3134,AYOKUNLE,3
3134,AYOMIKUN,3
3134,AYOOLUWA,3
3134,AYUUB,3
3134,AZAD,3
3134,AZIZUR,3
3134,BABAR,3
3134,BADEN,3
3134,BAPTISTE,3
3134,BARON,3
3134,BARTOSZ,3
3134,BAYDEN,3
3134,BAYLIE,3
3134,BEDE,3
3134,BEDIRHAN,3
3134,BENI,3
3134,BENJAMEN,3
3134,BENJAMINE,3
3134,BENYAMIN,3
3134,BERT,3
3134,BHARAT,3
3134,BHARGAV,3
3134,BHAVEN,3
3134,BIJAN,3
3134,BILLY-RAY,3
3134,BLAYZE,3
3134,BLEDDYN,3
3134,BLESSING,3
3134,BON,3
3134,BORUCH,3
3134,BOWEN,3
3134,BRACKEN,3
3134,BRADON,3
3134,BRAM,3
3134,BRAN,3
3134,BRANDO,3
3134,BRAYDAN,3
3134,BRAYDN,3
3134,BRICE,3
3134,BRODEY,3
3134,BRONSON,3
3134,BROOKLAN,3
3134,BRYDON,3
3134,BYREN,3
3134,C,3
3134,CABHAN,3
3134,CAE,3
3134,CAILEAN,3
3134,CAILUM,3
3134,CAIRAN,3
3134,CALDER,3
3134,CALLEN,3
3134,CAMBELL,3
3134,CAMEREN,3
3134,CAMREN,3
3134,CARLITO,3
3134,CASSIDY,3
3134,CATO,3
3134,CAYAN,3
3134,CAYNE,3
3134,CEDRIC,3
3134,CENGIZ,3
3134,CERITH,3
3134,CEYHAN,3
3134,CHADLEY,3
3134,CHANDAN,3
3134,CHANDON,3
3134,CHAYIM,3
3134,CHOUDARY,3
3134,CHOUDHRY,3
3134,CHRISTIAAN,3
3134,CHRISTOPH,3
3134,CIAREN,3
3134,CIERON,3
3134,CIHAN,3
3134,CLARENCE,3
3134,COBAIN,3
3134,COBIE,3
3134,COEL,3
3134,COLUMBUS,3
3134,CONAR,3
3134,CONLAN,3
3134,CONNAL,3
3134,CONNAN,3
3134,CONNEL,3
3134,CONNOR-JOE,3
3134,COREE,3
3134,COREY-LEE,3
3134,CORRIE,3
3134,CREE,3
3134,CUAN,3
3134,CUBA,3
3134,CURT,3
3134,CYLE,3
3134,CYNAN,3
3134,DALJIT,3
3134,DALVIN,3
3134,DAMARI,3
3134,DANNIE,3
3134,DANTAE,3
3134,DANVIR,3
3134,DAOUD,3
3134,DARNEL,3
3134,DASHIELL,3
3134,DAWID,3
3134,DEAGLAN,3
3134,DEAKON,3
3134,DEIAN,3
3134,DEIVIDAS,3
3134,DEKLAN,3
3134,DEL,3
3134,DELANEY,3
3134,DEMETRIOS,3
3134,DEMETRIS,3
3134,DENE,3
3134,DENIL,3
3134,DENILSON,3
3134,DENON,3
3134,DERRICK,3
3134,DERYN,3
3134,DESHAAN,3
3134,DEVAK,3
3134,DEVRIM,3
3134,DHANYAAL,3
3134,DHIRAJ,3
3134,DHRU,3
3134,DHYLAN,3
3134,DIANTE,3
3134,DIARMUID,3
3134,DILLION,3
3134,DJANGO,3
3134,DOGUKAN,3
3134,DOMINIQUE,3
3134,DONAVAN,3
3134,DONG,3
3134,DONNIE,3
3134,DONTAE,3
3134,DONTAI,3
3134,DOYLE,3
3134,DRAKE,3
3134,DREY,3
3134,DRISS,3
3134,DRYDEN,3
3134,DUC,3
3134,DYLLON,3
3134,EATHEN,3
3134,EDOUARD,3
3134,EDSON,3
3134,EDUARD,3
3134,EGAN,3
3134,EGZON,3
3134,EHAB,3
3134,EKIN,3
3134,EKOW,3
3134,ELGAN,3
3134,ELLIAS,3
3134,ELLYS,3
3134,ELTON,3
3134,ELWYN,3
3134,EMLYN,3
3134,ENIOLA,3
3134,ENVER,3
3134,ERIM,3
3134,ERIS,3
3134,ERKAN,3
3134,ERMAL,3
3134,ERROL,3
3134,ERVIS,3
3134,ERWAN,3
3134,ETHANIEL,3
3134,EWART,3
3134,FADIL,3
3134,FARES,3
3134,FARZAN,3
3134,FAWWAZ,3
3134,FAYZAN,3
3134,FELIPE,3
3134,FERHAN,3
3134,FEROZ,3
3134,FILIPE,3
3134,FIN,3
3134,FINNBAR,3
3134,FISNIK,3
3134,FLORENT,3
3134,FLORIS,3
3134,FREY,3
3134,FYN,3
3134,GARON,3
3134,GARREN,3
3134,GARYN,3
3134,GERASIMOS,3
3134,GERI,3
3134,GERMAIN,3
3134,GHANIM,3
3134,GIL,3
3134,GIORGI,3
3134,GIULIO,3
3134,GOBIND,3
3134,GODFREY,3
3134,GONCALO,3
3134,GORAN,3
3134,GORKEM,3
3134,GRANIT,3
3134,GRAY,3
3134,GREGG,3
3134,GREGOIRE,3
3134,GRIFFITH,3
3134,GRIFFYDD,3
3134,GUNEY,3
3134,GURDAS,3
3134,GURJEET,3
3134,GURJOT,3
3134,GURNEK,3
3134,GYAN,3
3134,HAANI,3
3134,HAASHIR,3
3134,HABEN,3
3134,HABIBUL,3
3134,HADY,3
3134,HAFEEZ,3
3134,HALIM,3
3134,HAMIM,3
3134,HAN,3
3134,HANLEY,3
3134,HANNIBAL,3
3134,HANZLAH,3
3134,HARBIR,3
3134,HARDEV,3
3134,HARISH,3
3134,HARJEEVAN,3
3134,HARJIVAN,3
3134,HARLAND,3
3134,HARLEIGH,3
3134,HARLY,3
3134,HARMANPREET,3
3134,HARMINDER,3
3134,HARNAM,3
3134,HASHAAM,3
3134,HASIB,3
3134,HAYDAN,3
3134,HAZIQ,3
3134,HEDD,3
3134,HENDRIK,3
3134,HERSHY,3
3134,HESHAM,3
3134,HILTON,3
3134,HIMMAT,3
3134,HITEN,3
3134,HOBIE,3
3134,HOK,3
3134,HUBERT,3
3134,HUEY,3
3134,HUMAID,3
3134,HUNAIN,3
3134,HUSNI,3
3134,HUSSAM,3
3134,HUSSAN,3
3134,HUSSIEN,3
3134,HUSSNAIN,3
3134,HYDER,3
3134,IBRAAHEEM,3
3134,IFEOLUWA,3
3134,IFRAZ,3
3134,IGNACIO,3
3134,IGOR,3
3134,IKE,3
3134,IKHLAS,3
3134,IMDAD,3
3134,IMTIYAZ,3
3134,INAYAT,3
3134,INDER,3
3134,INDERJIT,3
3134,INDERVEER,3
3134,INDIANA,3
3134,IOLO,3
3134,IORWERTH,3
3134,ISAHAQ,3
3134,ISAM,3
3134,ISAMBARD,3
3134,ISHER,3
3134,ISHMAIL,3
3134,ISMAIEL,3
3134,ISMET,3
3134,IUAN,3
3134,IYANUOLUWA,3
3134,JABED,3
3134,JABRAN,3
3134,JAGJEET,3
3134,JAGPAL,3
3134,JAGPREET,3
3134,JAHI,3
3134,JAHMAL,3
3134,JAIMAN,3
3134,JAIMIN,3
3134,JAIPAL,3
3134,JAIVEER,3
3134,JALIL,3
3134,JAMAINE,3
3134,JAMARI,3
3134,JAMELL,3
3134,JAMIEL,3
3134,JAMIESON,3
3134,JANADE,3
3134,JAQ,3
3134,JAQUE,3
3134,JARELL,3
3134,JARI,3
3134,JARRELL,3
3134,JARRETT,3
3134,JARRYD,3
3134,JAVARN,3
3134,JAVEL,3
3134,JAVONE,3
3134,JAXON,3
3134,JAY-JAY,3
3134,JAYCOB,3
3134,JAYDEE,3
3134,JAYLEN,3
3134,JAYMEE,3
3134,JAYRAJ,3
3134,JAYSEN,3
3134,JAYVIR,3
3134,JEAN-PIERRE,3
3134,JEDEDIAH,3
3134,JEDIAH,3
3134,JEROEN,3
3134,JESPER,3
3134,JET,3
3134,JIANG,3
3134,JIHAD,3
3134,JJ,3
3134,JOAKIM,3
3134,JOAL,3
3134,JOAQUIN,3
3134,JOCK,3
3134,JOHANN,3
3134,JON-LUKE,3
3134,JOSHUA-LEE,3
3134,JOSHUAH,3
3134,JOSUE,3
3134,JOVAWN,3
3134,JUBRIL,3
3134,JUNG,3
3134,JUPITER,3
3134,KAAMIL,3
3134,KAELEN,3
3134,KAIREECE,3
3134,KAIS,3
3134,KAL,3
3134,KALLEM,3
3134,KALLEN,3
3134,KALLIS,3
3134,KAMARL,3
3134,KAPIL,3
3134,KAR,3
3134,KARAMVIR,3
3134,KARNA,3
3134,KARNAN,3
3134,KARTAR,3
3134,KASAM,3
3134,KASIB,3
3134,KAVANAGH,3
3134,KAWSAR,3
3134,KAYAN,3
3134,KAYDAN,3
3134,KAYDE,3
3134,KAYLEN,3
3134,KAYODE,3
3134,KAYRA,3
3134,KEATAN,3
3134,KEATEN,3
3134,KEEAN,3
3134,KEGAN,3
3134,KEI,3
3134,KELLEN,3
3134,KEMAR,3
3134,KENECHUKWU,3
3134,KENJI,3
3134,KENT,3
3134,KEVEN,3
3134,KEWELL,3
3134,KHARI,3
3134,KHAWAJA,3
3134,KHAYA,3
3134,KHYE,3
3134,KIALL,3
3134,KIAN-LEE,3
3134,KIEGAN,3
3134,KIERNAN,3
3134,KION,3
3134,KIP,3
3134,KIRON,3
3134,KIRPAL,3
3134,KISHEN,3
3134,KISHOR,3
3134,KODIE,3
3134,KOHEI,3
3134,KONSTANTIN,3
3134,KRISH,3
3134,KRISHEN,3
3134,KRISHNAN,3
3134,KRISS,3
3134,KUBILAY,3
3134,KULDIP,3
3134,KURAN,3
3134,KWESI,3
3134,KYEL,3
3134,KYRIQUE,3
3134,LAIRD,3
3134,LAITON,3
3134,LANCELOT,3
3134,LATHAM,3
3134,LAURANCE,3
3134,LAWRIE,3
3134,LAZER,3
3134,LEA,3
3134,LEART,3
3134,LEEON,3
3134,LENNARD,3
3134,LEONE,3
3134,LEVIN,3
3134,LEVON,3
3134,LEWIS-JOHN,3
3134,LEXUS,3
3134,LIAN,3
3134,LINDEN,3
3134,LLION,3
3134,LOCRYN,3
3134,LORENT,3
3134,LORIK,3
3134,LORIS,3
3134,LOYD,3
3134,LUAN,3
3134,LUCAN,3
3134,LUKUS,3
3134,MACEY,3
3134,MAESON,3
3134,MAHMUD,3
3134,MAHOMED,3
3134,MALAKYE,3
3134,MALIN,3
3134,MALIQUE,3
3134,MAMUN,3
3134,MANAS,3
3134,MANI,3
3134,MANINDER,3
3134,MANKARAN,3
3134,MANNI,3
3134,MANNY,3
3134,MANUS,3
3134,MARCELLUS,3
3134,MARJAN,3
3134,MARK-,3
3134,MARKELL,3
3134,MARMADUKE,3
3134,MASOOD,3
3134,MASUD,3
3134,MASUDUR,3
3134,MATAS,3
3134,MATEEN,3
3134,MATHIAS,3
3134,MATHIEU,3
3134,MATTIA,3
3134,MAXAMILLIAN,3
3134,MAXIMILLION,3
3134,MAZEN,3
3134,MAZLUM,3
3134,MCKINLEY,3
3134,MEER,3
3134,MEHTAB,3
3134,MELIH,3
3134,MENDEL,3
3134,MENELIK,3
3134,MICHALIS,3
3134,MICHIEL,3
3134,MIHAJLO,3
3134,MIKE,3
3134,MINESH,3
3134,MINHAJUL,3
3134,MIRAN,3
3134,MITCHALL,3
3134,MIZANUR,3
3134,MOAAD,3
3134,MOHAMUD,3
3134,MOHEED,3
3134,MOHIT,3
3134,MOHUMMED,3
3134,MOIZ,3
3134,MONTAGUE,3
3134,MONTE,3
3134,MONTELL,3
3134,MORGEN,3
3134,MORLEY,3
3134,MORTIMER,3
3134,MOUMIN,3
3134,MOUNIR,3
3134,MUAAD,3
3134,MUAAWIYAH,3
3134,MUBASHAR,3
3134,MUHAMMUD,3
3134,MUHIB,3
3134,MUJEEB,3
3134,MURDO,3
3134,MUSHARRAF,3
3134,MUSTAF,3
3134,MUSTAFAA,3
3134,MUSTAKIM,3
3134,NADHIR,3
3134,NAIMUR,3
3134,NAJEEB,3
3134,NAM,3
3134,NAQEEB,3
3134,NAQIB,3
3134,NATHEN,3
3134,NAWFAL,3
3134,NAZMUL,3
3134,NEERAJ,3
3134,NEHAL,3
3134,NETHAN,3
3134,NEVILLE,3
3134,NIAH,3
3134,NIALLE,3
3134,NICCOLO,3
3134,NIDAL,3
3134,NIHAAL,3
3134,NIKESH,3
3134,NIKLAS,3
3134,NIKOLAJ,3
3134,NIKOLAOS,3
3134,NILAY,3
3134,NIR,3
3134,NIRVAN,3
3134,NISHAAN,3
3134,NITHARSHAN,3
3134,NITHIN,3
3134,NITIN,3
3134,NOA,3
3134,NOMAAN,3
3134,NORBERT,3
3134,NOSSON,3
3134,NURUL,3
3134,NYLES,3
3134,OBERON,3
3134,OBI,3
3134,OCEAN,3
3134,ODIN,3
3134,ODINAKACHUKWU,3
3134,ODUNAYO,3
3134,OGHENETEGA,3
3134,OGULCAN,3
3134,OLADAPO,3
3134,OLAJIDE,3
3134,OLALEKAN,3
3134,OLAOLUWA,3
3134,OLAYEMI,3
3134,OLE,3
3134,OLUKAYODE,3
3134,OLUMUYIWA,3
3134,OLUWATOBILOBA,3
3134,OLUWATOMI,3
3134,OLUYEMI,3
3134,OM,3
3134,OMRAN,3
3134,OPEOLUWA,3
3134,OPEYEMI,3
3134,ORRAN,3
3134,OVIE,3
3134,OZGUR,3
3134,PADRAIC,3
3134,PARAMVEER,3
3134,PARMVEER,3
3134,PARVESH,3
3134,PAVANVEER,3
3134,PAVEL,3
3134,PETAR,3
3134,PETROS,3
3134,PIERSE,3
3134,PINCHAS,3
3134,PRATIK,3
3134,PRAVIN,3
3134,PRIYAN,3
3134,PRYCE,3
3134,PUNEET,3
3134,QADEER,3
3134,QAISER,3
3134,QAMAR,3
3134,QUINTEN,3
3134,RADWAN,3
3134,RAE,3
3134,RAFFAELE,3
3134,RAGHAV,3
3134,RAHAIL,3
3134,RAHEIM,3
3134,RAI,3
3134,RAJBIR,3
3134,RAJKUMAR,3
3134,RAJVINDER,3
3134,RAMAZAN,3
3134,RAMEEZ,3
3134,RANBIR,3
3134,RANDALL,3
3134,RASHAAD,3
3134,RASHAUN,3
3134,RAUMAAN,3
3134,RAYVON,3
3134,RAYYAAN,3
3134,RAZA,3
3134,REACE,3
3134,REAGON,3
3134,REDOUANE,3
3134,REGIS,3
3134,REHEEM,3
3134,REIGAN,3
3134,REMEL,3
3134,RENNY,3
3134,RHETT,3
3134,RICHMOND,3
3134,RICKARDO,3
3134,RICKESH,3
3134,RICKI,3
3134,RIDHWAN,3
3134,RIDWAAN,3
3134,RIEGAN,3
3134,RITHIK,3
3134,RIVERS,3
3134,RIYADHUL,3
3134,ROB,3
3134,ROBAT,3
3134,RODDY,3
3134,RODERICK,3
3134,ROMI,3
3134,RONIN,3
3134,ROSSI,3
3134,ROYCE,3
3134,RUAIDHRI,3
3134,RUSSEL,3
3134,RY,3
3134,RYAN-LEE,3
3134,RYDER,3
3134,RYLIE,3
3134,SAAM,3
3134,SABIAN,3
3134,SADIK,3
3134,SAFYAAN,3
3134,SAIF-ULLAH,3
3134,SAJID,3
3134,SAJITH,3
3134,SAJJAN,3
3134,SALAHUDDIN,3
3134,SAMAAD,3
3134,SAMAN,3
3134,SAMBA,3
3134,SAMED,3
3134,SAMIE,3
3134,SAMIH,3
3134,SAMIM,3
3134,SAMYAN,3
3134,SARFARAZ,3
3134,SAROSH,3
3134,SARVESH,3
3134,SATNAM,3
3134,SATYAM,3
3134,SAYEM,3
3134,SEFA,3
3134,SEIF,3
3134,SENAN,3
3134,SEON,3
3134,SEPEHR,3
3134,SERAN,3
3134,SERCAN,3
3134,SERGE,3
3134,SEZGIN,3
3134,SHABBIR,3
3134,SHADMAN,3
3134,SHAHADOT,3
3134,SHAHED,3
3134,SHAHRIAR,3
3134,SHAHVEZ,3
3134,SHAILEN,3
3134,SHAMMAI,3
3134,SHAMS,3
3134,SHAN,3
3134,SHANIL,3
3134,SHARAF,3
3134,SHARAZ,3
3134,SHARIQ,3
3134,SHAZEB,3
3134,SHAZIB,3
3134,SHERIF,3
3134,SHEY,3
3134,SHOAN,3
3134,SHOLTO,3
3134,SHORIF,3
3134,SHU'AIB,3
3134,SHUN,3
3134,SIKANDER,3
3134,SIU,3
3134,SOBAAN,3
3134,SOFIANE,3
3134,SONI,3
3134,SONNI,3
3134,STAMFORD,3
3134,STEPHANE,3
3134,STYLIANOS,3
3134,SUDAIS,3
3134,SUHAYL,3
3134,SUKHVIR,3
3134,SUMEET,3
3134,SUNVIR,3
3134,SUTHARSAN,3
3134,SYD,3
3134,SYEDUL,3
3134,TAAHIR,3
3134,TAARIQ,3
3134,TADIWA,3
3134,TAHEED,3
3134,TAIG,3
3134,TAIT,3
3134,TAJWAR,3
3134,TALEN,3
3134,TALLIS,3
3134,TALVIN,3
3134,TAMIM,3
3134,TAMOOR,3
3134,TANIS,3
3134,TANMAY,3
3134,TASEEN,3
3134,TAYFUN,3
3134,TAYLAR,3
3134,TAYMUR,3
3134,TAZ,3
3134,TEE,3
3134,TEE-JAY,3
3134,TEILO,3
3134,TERELL,3
3134,TEVIN,3
3134,THANE,3
3134,THANUSHAN,3
3134,THARSHAN,3
3134,THEODOROS,3
3134,THIBAUD,3
3134,TIARNAN,3
3134,TIEN,3
3134,TIMUR,3
3134,TOMER,3
3134,TOMI,3
3134,TONI,3
3134,TORAN,3
3134,TREMAYNE,3
3134,TYLER-JAMES,3
3134,TYLER-LEE,3
3134,TYRECK,3
3134,TYRIEK,3
3134,TYRIK,3
3134,TZVI,3
3134,UMANG,3
3134,UMAYER,3
3134,UMESH,3
3134,UMUTCAN,3
3134,UNAIS,3
3134,USAID,3
3134,UWAYS,3
3134,VARINDER,3
3134,VED,3
3134,VEDAT,3
3134,VERNON,3
3134,VERON,3
3134,VIKTOR,3
3134,VIRAN,3
3134,VITHUSAN,3
3134,WAJID,3
3134,WALLACE,3
3134,WAN,3
3134,WARSAME,3
3134,WESTLEY,3
3134,WEZLEY,3
3134,WILLLIAM,3
3134,WING,3
3134,WISDOM,3
3134,YAASEEN,3
3134,YACQUB,3
3134,YAHIA,3
3134,YAHYAA,3
3134,YAKUB,3
3134,YAMA,3
3134,YAMEEN,3
3134,YANICK,3
3134,YANNIS,3
3134,YASHRAJ,3
3134,YASSAR,3
3134,YEHUDAH,3
3134,YIGIT,3
3134,YNYR,3
3134,YONAH,3
3134,YOUNESS,3
3134,YUSSUF,3
3134,YUTA,3
3134,ZAAKIR,3
3134,ZACARIAH,3
3134,ZACCARIA,3
3134,ZACHARIE,3
3134,ZAEEM,3
3134,ZAFIR,3
3134,ZAIN-UL,3
3134,ZAKARI,3
3134,ZAKARIYE,3
3134,ZAKARIYYAA,3
3134,ZAKEE,3
3134,ZAKRIYA,3
3134,ZALMAN,3
3134,ZAYAAN,3
3134,ZAYAN,3
3134,ZAYED,3
3134,ZECHARIAH,3
3134,ZENON,3
3134,ZIDANE,3
3134,ZINEDINE,3
3134,ZIYAAD,3
3134,ZIYAD,3
3134,ZOHAIR,3
3134,ZOHIB,3
3134,ZUHAIB,3
