Rank,Name,Count
1,JACK,9100
2,JOSHUA,8170
3,THOMAS,7438
4,JAMES,6377
5,DANIEL,5565
6,BENJAMIN,5095
7,SAMUEL,5067
8,JOSEPH,5051
9,WILLIAM,5037
10,OLIVER,4794
11,HARRY,4551
12,MATTHEW,4367
13,LUKE,4342
14,LEWIS,4273
15,GEORGE,3677
16,CALLUM,3640
17,ADAM,3527
18,ETHAN,3523
19,ALEXANDER,3423
20,RYAN,3344
21,BEN,3190
22,MOHAMMED,3098
23,LIAM,2927
24,NATHAN,2793
25,JAKE,2778
26,CONNOR,2775
27,CAMERON,2756
28,DYLAN,2599
29,CHARLIE,2585
30,JACOB,2537
31,OWEN,2349
32,JAMIE,2240
33,MAX,2050
34,KIERAN,1979
35,MICHAEL,1955
36,AARON,1902
37,BRANDON,1848
38,TYLER,1790
39,BRADLEY,1772
40,KYLE,1767
41,LOUIS,1721
42,ALEX,1707
43,JORDAN,1634
44,REECE,1607
45,HARVEY,1468
46,EDWARD,1376
47,DAVID,1320
48,CHARLES,1309
49,ALFIE,1306
50,ROBERT,1244
51,HENRY,1242
52,HARRISON,1222
53,RHYS,1202
54,JOE,1187
55,ARCHIE,1165
56,CHRISTOPHER,1110
57,SAM,1069
58,TOBY,1047
59,KAI,1037
60,MORGAN,1001
61,MUHAMMAD,979
62,JAY,971
63,ISAAC,931
64,JOHN,916
65,MOHAMMAD,900
66,ANDREW,898
67,AIDAN,891
68,KIAN,876
69,JOEL,858
70,OSCAR,836
70,TAYLOR,836
72,LUCAS,796
73,LEON,790
74,SEAN,784
75,DOMINIC,782
76,ELLIOT,775
77,FINLAY,744
78,BAILEY,734
78,SCOTT,734
80,JONATHAN,725
81,BILLY,709
82,PATRICK,693
83,ELLIS,661
84,JOSH,657
85,MASON,654
86,EWAN,651
87,NICHOLAS,627
88,LEO,601
89,DECLAN,594
90,TOM,581
91,FINLEY,550
92,MARCUS,546
93,ANTHONY,542
94,JASON,540
95,ASHLEY,529
96,SEBASTIAN,527
97,PETER,504
98,ZACHARY,502
99,GABRIEL,491
100,KIERON,488
101,MARK,479
102,MITCHELL,477
103,LOGAN,476
104,LUCA,473
105,COREY,465
106,FREDERICK,452
106,JUDE,452
108,ZAK,445
109,HAYDEN,435
110,JAYDEN,434
111,ROSS,423
112,STEPHEN,422
113,LEE,420
114,CHRISTIAN,419
115,ELLIOTT,416
116,LOUIE,415
117,AIDEN,405
118,NOAH,404
119,CONOR,396
120,NATHANIEL,394
121,PAUL,385
122,RILEY,378
123,ALI,377
124,FINN,376
125,TOMMY,373
126,KANE,365
127,TOBIAS,346
128,NIALL,344
129,EVAN,341
130,HAMZA,336
131,EUAN,335
132,MUHAMMED,328
133,STEVEN,327
134,DANNY,325
135,SHANE,319
135,SHAUN,319
137,THEO,317
138,RORY,311
139,MOHAMED,306
140,CIARAN,301
140,RICHARD,301
142,ALFRED,298
142,MILES,298
144,CURTIS,293
145,HARLEY,284
146,FELIX,283
147,ZAIN,280
148,IBRAHIM,277
148,LEVI,277
150,TRAVIS,276
151,SYED,267
152,FREDDIE,265
153,ABDUL,260
154,REUBEN,259
155,CALUM,254
156,SONNY,252
157,ROBBIE,251
158,CRAIG,250
159,SPENCER,248
160,AHMED,247
161,TRISTAN,246
162,TIMOTHY,244
163,DEAN,241
163,THEODORE,241
165,JADEN,240
166,ANGUS,238
167,HASSAN,232
168,MAXWELL,231
169,ROHAN,229
170,AMAAN,225
171,DILLON,224
172,COLE,218
173,CALEB,216
174,BLAKE,215
174,MAXIMILIAN,215
176,DREW,214
177,HUGO,205
177,ROWAN,205
179,RIO,203
180,MYLES,200
180,SIMON,200
182,OMAR,194
183,KYE,193
184,KEVIN,192
185,ABDULLAH,191
185,ARTHUR,191
185,ZACK,191
188,YUSUF,184
189,FRASER,182
189,MACKENZIE,182
189,PHILIP,182
189,SHAY,182
193,HASAN,177
194,STANLEY,176
195,MATHEW,175
196,CIAN,174
196,GUY,174
198,BENEDICT,173
198,BRENDAN,173
200,REGAN,171
201,JUSTIN,169
202,HAMZAH,167
203,CODY,166
203,LLOYD,166
203,UMAR,166
206,MARTIN,165
207,EMMANUEL,163
208,BILAL,161
208,LUIS,161
210,ELIJAH,160
210,FRANKIE,160
212,FRANCIS,159
212,JAK,159
214,TOMAS,158
215,BYRON,157
216,TODD,146
217,CASEY,145
217,JARED,145
217,MARSHALL,145
220,HAYDN,143
221,CARL,142
221,DARREN,142
223,JACKSON,141
224,JASPER,140
225,CORY,139
226,ZAC,138
227,CONNER,135
227,KORBEN,135
227,WILL,135
230,RONNIE,130
230,WESLEY,130
232,RUBEN,128
233,LEIGHTON,127
233,MARC,127
235,JONAH,126
235,TOMOS,126
237,GARETH,125
237,ISMAIL,125
239,ALAN,124
239,GREGORY,124
239,IEUAN,124
242,MUSTAFA,121
243,OWAIN,120
243,TROY,120
245,AUSTIN,119
245,CAIN,119
247,ALISTAIR,118
247,IAN,118
247,JAI,118
247,SETH,118
251,ANDRE,117
251,JORDON,117
253,ARRON,115
254,KALLUM,114
255,KEIRAN,113
255,MALACHI,113
257,XAVIER,112
258,IWAN,111
258,JAMAL,111
258,STEFAN,111
261,HAMISH,110
262,KRISTIAN,108
262,LAURENCE,108
264,FLYNN,107
264,ROBIN,107
264,STUART,107
267,BARNABY,106
267,CARTER,106
269,HUGH,104
269,SOLOMON,104
271,ZACHARIAH,103
272,CAI,102
272,JAC,102
272,LAWRENCE,102
275,ALBERT,101
275,ARRAN,101
275,JESSE,101
278,ADIL,100
278,ARJUN,100
278,IESTYN,100
278,LENNON,100
278,TYRESE,100
283,AMAN,98
283,BROOKLYN,98
283,DANYAL,98
283,KARL,98
287,AJAY,97
287,BRETT,97
287,DAFYDD,97
287,FRANK,97
291,AHMAD,96
291,AMIR,96
291,KEELAN,96
294,BOBBY,94
294,JED,94
296,JENSON,93
296,KURT,93
298,ANTON,92
298,HAROON,92
298,JAKOB,92
301,ERIC,91
301,TEDDY,91
303,DAMIAN,90
304,ADRIAN,89
304,BRIAN,89
304,JUNAID,89
304,USMAN,89
304,VINCENT,89
309,FERGUS,88
310,ANTONY,86
310,HAIDER,86
310,IOAN,86
310,KYRAN,86
314,MAXIMILLIAN,85
314,SAIF,85
314,TONY,85
317,HARRIS,84
317,KAMRAN,84
319,LUKAS,83
319,VICTOR,83
321,ARON,82
321,KIRAN,82
321,KURTIS,82
321,SAUL,82
325,ALEC,81
325,DEVON,81
325,DOUGLAS,81
325,MARLEY,81
325,SAMEER,81
330,JIMMY,80
330,WARREN,80
332,ANTONIO,79
332,RAHUL,79
334,AADAM,77
334,HARIS,77
334,MAXIMUS,77
337,ADNAN,76
338,ALASTAIR,75
338,AWAIS,75
338,DION,75
338,JON,75
338,MARCO,75
343,GAVIN,74
343,JAIDEN,74
343,RONAN,74
343,SAMI,74
347,ARUN,73
347,JULIAN,73
347,TYRONE,73
350,CHAD,72
350,LUC,72
350,RAPHAEL,72
353,SHEA,71
353,SION,71
353,ZACH,71
353,ZAKARIYA,71
357,JEREMY,70
357,JONATHON,70
359,ARYAN,69
359,DANTE,69
361,MILO,68
361,SAMIR,68
363,BRYN,67
363,DAMIEN,67
363,JOSEF,67
366,BRODIE,66
366,KAINE,66
366,KEATON,66
366,KHALID,66
366,SIDNEY,66
371,CALVIN,65
371,LACHLAN,65
373,BRAD,64
373,CORBEN,64
373,ELIAS,64
373,IMRAN,64
373,JAYDON,64
373,KIEREN,64
379,HUSSAIN,63
379,KEEGAN,63
379,OLLIE,63
382,ASTON,62
382,HASHIM,62
382,MACAULEY,62
382,NICOLAS,62
382,SOL,62
382,STEFFAN,62
382,TED,62
389,ASHTON,61
389,CLAYTON,61
389,FARHAN,61
392,DUNCAN,60
392,GARY,60
394,HARRI,59
394,PHILLIP,59
394,SAHIL,59
397,DEXTER,58
397,EDEN,58
397,QASIM,58
400,IVAN,57
400,KAIN,57
400,LAYTON,57
403,BAYLEY,56
403,BEAU,56
403,HUW,56
403,NEO,56
403,RAJA,56
403,REISS,56
403,RIAN,56
403,TYREECE,56
411,CHARLEY,55
411,FLETCHER,55
411,HECTOR,55
411,KENNETH,55
411,RAHEEM,55
411,ROMAN,55
417,ABBAS,54
417,ABU,54
417,ALED,54
417,COLBY,54
417,CORMAC,54
417,OSIAN,54
417,TARAN,54
417,TARIQ,54
417,UMAIR,54
426,AMAR,53
426,FRAZER,53
426,HASNAIN,53
426,JOSIAH,53
426,ZANE,53
431,EDDIE,52
431,JEROME,52
431,LEONARD,52
431,MCKENZIE,52
431,ZAKARIA,52
436,DANE,51
436,FABIAN,51
436,ISA,51
436,JEREMIAH,51
436,NIKHIL,51
436,SACHIN,51
436,YAHYA,51
443,DALE,50
443,KEENAN,50
443,KEIRON,50
443,KIT,50
443,RAYMOND,50
443,SULAIMAN,50
449,ASHER,49
449,AYMAN,49
449,BARNEY,49
449,EOIN,49
449,HAARIS,49
449,JOHNNY,49
449,KAMERON,49
449,LEONARDO,49
449,RICKY,49
458,ARCHIBALD,48
458,BRENDON,48
458,KADE,48
458,KYRON,48
458,SHOAIB,48
463,ABRAHAM,47
463,DALTON,47
463,KIRK,47
463,PIERS,47
463,ZEESHAN,47
468,ALESSANDRO,46
468,ANAS,46
468,CARLOS,46
468,COBY,46
468,COLIN,46
468,HASEEB,46
468,JERMAINE,46
468,NATHANAEL,46
468,NEIL,46
468,RISHI,46
468,RUFUS,46
468,SHAH,46
468,UZAIR,46
481,ASAD,45
481,BRODY,45
481,DANYAAL,45
481,GETHIN,45
481,JACQUES,45
481,JAGO,45
481,KADEN,45
481,LORCAN,45
481,MATTEO,45
481,NICO,45
481,OAKLEY,45
481,ROCCO,45
493,FAISAL,44
493,JENSEN,44
493,LUKA,44
493,MALIK,44
493,RALPH,44
493,ROSHAN,44
493,TY,44
493,TYRELL,44
493,YASIN,44
502,BLAINE,43
502,CAINE,43
502,CAMRON,43
502,DENNIS,43
502,MILAN,43
502,OSKAR,43
502,RAYYAN,43
509,ADEEL,42
509,CHE,42
509,KEIR,42
509,LEYTON,42
509,SALMAN,42
509,SIMEON,42
509,YASH,42
516,BRANDAN,41
516,CONRAD,41
516,EDMUND,41
516,EMILE,41
516,GEORGIE,41
516,IBRAHEEM,41
516,KELVIN,41
516,RYLEY,41
524,ANDREAS,40
524,CAVAN,40
524,DAN,40
524,DARNELL,40
524,ELIS,40
524,FARIS,40
524,KARIM,40
524,MOHSIN,40
524,RICARDO,40
524,XANDER,40
534,DAMON,39
534,ELI,39
534,ELIOT,39
534,KARAN,39
534,LORENZO,39
534,MUSA,39
534,PIERCE,39
534,SEAMUS,39
534,SHAWN,39
534,SUFYAAN,39
534,TAI,39
534,TERRY,39
546,ABDULLAHI,38
546,ALASDAIR,38
546,ARMAAN,38
546,BROGAN,38
546,CADEN,38
546,CALLAN,38
546,DARCY,38
546,FRED,38
546,ILYAS,38
546,JAHEIM,38
546,MEHMET,38
546,RAJAN,38
546,ZAYN,38
559,ABDIRAHMAN,37
559,BRENNAN,37
559,BRYAN,37
559,DAANYAAL,37
559,HAYDON,37
559,HUMZA,37
559,NABEEL,37
559,PERRY,37
559,ZAID,37
568,ANISH,36
568,CADE,36
568,GRANT,36
568,HUSNAIN,36
568,KALEB,36
568,MAXIM,36
568,RUSSELL,36
568,UWAIS,36
568,WAYNE,36
577,DEACON,35
577,DILLAN,35
577,JEEVAN,35
577,PHOENIX,35
577,RHODRI,35
577,SHAAN,35
577,SOHAIL,35
577,TREY,35
577,ZAYD,35
586,AADIL,34
586,AMIN,34
586,BRADEN,34
586,BRUNO,34
586,FAHAD,34
586,FAIZAAN,34
586,IZAAK,34
586,KOFI,34
586,MATT,34
586,QUINN,34
586,RAFAEL,34
586,REAGAN,34
586,RUPERT,34
586,SACHA,34
600,ANGELO,33
600,GERARD,33
600,HARI,33
600,JOEY,33
600,JORGE,33
600,LAURIE,33
600,MICAH,33
600,SAMMY,33
600,SHIVAM,33
600,TERENCE,33
600,ZOHAIB,33
611,ADEN,32
611,ANDY,32
611,ARJAN,32
611,ASIM,32
611,DENZEL,32
611,DEWI,32
611,EHSAN,32
611,FAHEEM,32
611,GIOVANNI,32
611,HAMMAD,32
611,KENAN,32
611,KENNY,32
611,LENNY,32
611,MITCHEL,32
611,MONTGOMERY,32
611,MURRAY,32
611,NED,32
611,RAYHAN,32
611,ROAN,32
611,TYE,32
611,VINNIE,32
611,ZAKI,32
633,AARAN,31
633,AMMAR,31
633,CIERAN,31
633,DANIAL,31
633,EDWIN,31
633,FINTAN,31
633,FREDDY,31
633,GLENN,31
633,JAN,31
633,JUAN,31
633,KRISHAN,31
633,LUQMAN,31
633,NABIL,31
633,PRINCE,31
633,RAEES,31
633,REEGAN,31
633,RICO,31
633,ROY,31
633,SUBHAAN,31
633,SUBHAN,31
633,TALHA,31
633,USMAAN,31
633,YASEEN,31
656,ABDULRAHMAN,30
656,AKASH,30
656,DILAN,30
656,EMRE,30
656,EREN,30
656,FENTON,30
656,ISMAEEL,30
656,JAMIL,30
656,KOBE,30
656,PIERRE,30
656,ROMEO,30
656,SAAD,30
656,TATE,30
656,WADE,30
656,YOUSUF,30
671,AAMIR,29
671,ALEXANDRE,29
671,AMARI,29
671,ARAN,29
671,ARMAN,29
671,AZAAN,29
671,DENIS,29
671,FABIO,29
671,FINNIAN,29
671,HENRI,29
671,ISAIAH,29
671,JOHNATHAN,29
671,JOSS,29
671,KASHIF,29
671,NANA,29
671,OWAIS,29
671,ROHIT,29
671,SHEIKH,29
671,WILFRED,29
671,WOODY,29
691,ARIF,28
691,CARWYN,28
691,DENIZ,28
691,FAIZAN,28
691,IDRIS,28
691,KAYNE,28
691,LAMAR,28
691,LENNOX,28
691,LEWYS,28
691,MARCEL,28
691,MERT,28
691,MONTY,28
691,NOEL,28
691,ORLANDO,28
691,REGGIE,28
691,RUDI,28
691,SEBASTIEN,28
691,SHELDON,28
691,SULEMAN,28
710,BROOK,27
710,DANIYAL,27
710,FINDLAY,27
710,GRAHAM,27
710,JUNIOR,27
710,KAYLUM,27
710,KEANE,27
710,MANRAJ,27
710,MOSES,27
710,OISIN,27
710,SILAS,27
710,VISHAL,27
722,ABDI,26
722,ABDUR,26
722,AHSAN,26
722,ALBIE,26
722,ALEJANDRO,26
722,ALEXANDROS,26
722,AQIB,26
722,ASA,26
722,BRYCE,26
722,CALLAM,26
722,CAMPBELL,26
722,CHANDLER,26
722,DAANISH,26
722,DONOVAN,26
722,ERIK,26
722,FAHIM,26
722,GLEN,26
722,HUZAIFAH,26
722,JOSE,26
722,KASIM,26
722,KIE,26
722,MAHIR,26
722,MAISON,26
722,OTTO,26
722,REHAN,26
722,RIZWAN,26
722,SPIKE,26
722,SUNNY,26
722,TAHA,26
722,THIERRY,26
722,TYLA,26
753,AKSHAY,25
753,BILAAL,25
753,BRANDEN,25
753,CASPAR,25
753,CASSIUS,25
753,DANISH,25
753,DAWUD,25
753,DEV,25
753,EUGENE,25
753,EZRA,25
753,FARHAAN,25
753,FYNN,25
753,GIDEON,25
753,GREGOR,25
753,HAL,25
753,JAMEEL,25
753,KAIDEN,25
753,KAYDEN,25
753,KISHAN,25
753,MALAKAI,25
753,MOHAMMOD,25
753,PAOLO,25
753,RAUL,25
753,ROBSON,25
753,SAMSON,25
753,SAQIB,25
753,TORIN,25
753,YOUSEF,25
781,ASHWIN,24
781,AYUB,24
781,CARLO,24
781,CYRUS,24
781,DHRUV,24
781,FINNLEY,24
781,FRANCESCO,24
781,GIANLUCA,24
781,HADLEY,24
781,JAYDAN,24
781,JEVON,24
781,KAREEM,24
781,KAYA,24
781,KEITH,24
781,LLEYTON,24
781,LOUI,24
781,MAHDI,24
781,RAFE,24
781,RAHIM,24
781,SAMUAL,24
781,SANJAY,24
781,VINAY,24
781,YUNUS,24
781,ZACKARY,24
805,ADDISON,23
805,CHAY,23
805,DARIUS,23
805,EMANUEL,23
805,EZEKIEL,23
805,HABIB,23
805,HERBIE,23
805,IAIN,23
805,JONAS,23
805,JOVAN,23
805,JULIUS,23
805,KAMIL,23
805,KODY,23
805,MALACHY,23
805,MARKUS,23
805,MICHEAL,23
805,RAVI,23
805,SYDNEY,23
805,ZUBAIR,23
824,ABID,22
824,BARAN,22
824,BARRY,22
824,CHRIS,22
824,FARDEEN,22
824,GILES,22
824,HAIDAR,22
824,ISHAQ,22
824,IZAAC,22
824,JAWAD,22
824,KAAN,22
824,KALUM,22
824,KEAN,22
824,MARIO,22
824,OSAMA,22
824,PARIS,22
824,PEDRO,22
824,RAYAN,22
824,SAEED,22
824,STAN,22
824,SUHAIL,22
824,TANVIR,22
824,TOBEY,22
824,TYRIQUE,22
848,ARLO,21
848,AYDEN,21
848,CORBIN,21
848,EDAN,21
848,FRANKLIN,21
848,GERAINT,21
848,JADON,21
848,JEFFREY,21
848,JULES,21
848,KOBY,21
848,MIRZA,21
848,MOHAMAD,21
848,RIDWAN,21
848,SAFWAN,21
848,SHAE,21
848,SHAYAN,21
848,SHYAM,21
848,TAHMID,21
848,TYREESE,21
848,VIKRAM,21
848,ZAKARIAH,21
869,ABUBAKAR,20
869,ADEM,20
869,ANEURIN,20
869,ANTOINE,20
869,AQEEL,20
869,ATIF,20
869,BENN,20
869,BERTIE,20
869,BRUCE,20
869,CORBAN,20
869,DEVIN,20
869,EESA,20
869,ELVIS,20
869,ERNEST,20
869,GEOFFREY,20
869,HAKEEM,20
869,HISHAM,20
869,IKRAM,20
869,JAIME,20
869,JARRAD,20
869,JAYSON,20
869,JONTY,20
869,JUNAYD,20
869,KAVAN,20
869,KELSEY,20
869,KHALIL,20
869,LEMAR,20
869,MARVIN,20
869,MIGUEL,20
869,MIKEY,20
869,OMER,20
869,RONALD,20
869,RUAIRI,20
869,SHAKIL,20
869,SULAYMAN,20
869,YASIR,20
869,YOUSAF,20
869,YOUSSEF,20
907,ADNAAN,19
907,AMEER,19
907,AMRIT,19
907,AUGUSTUS,19
907,AXEL,19
907,AYOUB,19
907,BERNARD,19
907,BRENDEN,19
907,CHASE,19
907,CHESTER,19
907,CLEMENT,19
907,COOPER,19
907,COURTNEY,19
907,DAWSON,19
907,DEON,19
907,DEVAN,19
907,DIEGO,19
907,ETIENNE,19
907,GIANNI,19
907,GREG,19
907,GUTO,19
907,HARUN,19
907,HARVIE,19
907,ISHAAN,19
907,JAYDN,19
907,KUSH,19
907,LANCE,19
907,LEIGH,19
907,ORAN,19
907,OTIS,19
907,RAJVEER,19
907,REES,19
907,REX,19
907,SAYED,19
907,STEWART,19
907,SUFYAN,19
907,SULTAN,19
907,TARUN,19
907,TERRELL,19
907,WALEED,19
907,WARWICK,19
907,WILLEM,19
907,ZACHARIAS,19
950,ABEL,18
950,AKRAM,18
950,ALESSIO,18
950,AREEB,18
950,AZEEM,18
950,CASPER,18
950,CLARK,18
950,DEVANTE,18
950,DEVONTE,18
950,DIOGO,18
950,DWAYNE,18
950,ENRICO,18
950,ENRIQUE,18
950,HAROLD,18
950,ISMAEL,18
950,JAKUB,18
950,JOLYON,18
950,JUDAH,18
950,KABIR,18
950,KAMAL,18
950,KAYLAN,18
950,KEALAN,18
950,KORBAN,18
950,KRISH,18
950,KRISTOPHER,18
950,LOCHLAN,18
950,LUCIAN,18
950,MAHAD,18
950,MAHAMED,18
950,MALCOLM,18
950,MANVIR,18
950,NATHANIAL,18
950,NELSON,18
950,NILE,18
950,NOOR,18
950,OLUWATOBI,18
950,OLUWATOBILOBA,18
950,PABLO,18
950,RIAZ,18
950,RICHIE,18
950,RONALDO,18
950,SOHAIB,18
950,ZION,18
993,ABDURRAHMAN,17
993,ALVIN,17
993,ANIS,17
993,ARVIN,17
993,AYRTON,17
993,BRADY,17
993,BRAYDEN,17
993,CONALL,17
993,COSMO,17
993,DAANYAL,17
993,DYLON,17
993,EMIL,17
993,EMILIO,17
993,HAMAAD,17
993,HARVIR,17
993,HOWARD,17
993,ISHAN,17
993,JARROD,17
993,JASKARAN,17
993,JEAN,17
993,KALEEM,17
993,KAZI,17
993,KEANU,17
993,KOBI,17
993,KOREY,17
993,LEROY,17
993,LINCOLN,17
993,NIKOLAS,17
993,OSMAN,17
993,RAIHAN,17
993,REESE,17
993,ROBERTO,17
993,SID,17
993,SUNIL,17
993,SURAJ,17
993,TALHAH,17
993,TIM,17
993,TRENT,17
993,TRYSTAN,17
993,ZAKIR,17
1033,ADITYA,16
1033,AHMET,16
1033,AZHAR,16
1033,BRANDON-LEE,16
1033,CADAN,16
1033,CAELAN,16
1033,CHAIM,16
1033,CONNAH,16
1033,DARRYL,16
1033,DOMINIK,16
1033,EOGHAN,16
1033,FREDERIC,16
1033,GARIN,16
1033,GRIFFIN,16
1033,ISHMAEL,16
1033,JAIDAN,16
1033,JAMIE-LEE,16
1033,JEM,16
1033,JERRY,16
1033,JIM,16
1033,KALVIN,16
1033,KIER,16
1033,KWAME,16
1033,LUIGI,16
1033,LYLE,16
1033,MANAV,16
1033,MARCOS,16
1033,MARLON,16
1033,MATEO,16
1033,MYRON,16
1033,NAEEM,16
1033,NASSER,16
1033,RAY,16
1033,REILLY,16
1033,REON,16
1033,RIVER,16
1033,SAID,16
1033,SHUAIB,16
1033,TAYLER,16
1033,THAI,16
1033,TREVOR,16
1033,UMAYR,16
1033,ZACHERY,16
1033,ZESHAN,16
1077,ALISTER,15
1077,ANIL,15
1077,ARMANI,15
1077,ASHRAF,15
1077,AYUSH,15
1077,BALRAJ,15
1077,COLM,15
1077,CORBYN,15
1077,CRISTIAN,15
1077,DARYL,15
1077,DAUD,15
1077,DIYAR,15
1077,EDUARDO,15
1077,EWEN,15
1077,FARAZ,15
1077,GAGE,15
1077,GARRY,15
1077,GUS,15
1077,HADI,15
1077,HAMAD,15
1077,HAMID,15
1077,HUSSEIN,15
1077,IRFAN,15
1077,JAXON,15
1077,JOAO,15
1077,JORDEN,15
1077,KASEY,15
1077,KELAN,15
1077,KHALED,15
1077,KODI,15
1077,LAWSON,15
1077,LESLIE,15
1077,LIBAN,15
1077,LYNDON,15
1077,MAC,15
1077,MAGNUS,15
1077,MAURICE,15
1077,MOSHE,15
1077,PACEY,15
1077,PAVAN,15
1077,PRESTON,15
1077,REMI,15
1077,ROMARIO,15
1077,RUDY,15
1077,RYLAN,15
1077,SAJID,15
1077,SHAKEEL,15
1077,TARIK,15
1077,TAYYAB,15
1077,TAYYIB,15
1077,WALID,15
1128,ABDALLAH,14
1128,ABHAY,14
1128,AKEEM,14
1128,ALLAN,14
1128,AMOS,14
1128,ANAND,14
1128,ARIAN,14
1128,ARYA,14
1128,ASIF,14
1128,AYOMIDE,14
1128,BLAISE,14
1128,CAN,14
1128,CEM,14
1128,CLARKE,14
1128,COBI,14
1128,CORI,14
1128,DARRAGH,14
1128,DEREK,14
1128,EBEN,14
1128,EDDY,14
1128,ELIOTT,14
1128,FAIZ,14
1128,FILIP,14
1128,FIONN,14
1128,FLOYD,14
1128,GERALD,14
1128,HAMMAAD,14
1128,HERBERT,14
1128,HUMZAH,14
1128,HUZAIFA,14
1128,JOHAN,14
1128,JOSEFF,14
1128,LINUS,14
1128,LUQMAAN,14
1128,MD,14
1128,MUHSIN,14
1128,NADEEM,14
1128,NADIM,14
1128,NICKY,14
1128,PADRAIG,14
1128,RASHID,14
1128,REID,14
1128,RHYDIAN,14
1128,RUARI,14
1128,RUEBEN,14
1128,SAFWAAN,14
1128,SAI,14
1128,SALEEM,14
1128,SHAQUILLE,14
1128,SUHAIB,14
1128,TIAGO,14
1128,TIGER,14
1128,TOMMY-LEE,14
1128,UMER,14
1128,UMUT,14
1128,VIVEK,14
1128,WAQAS,14
1128,WILSON,14
1128,YASSER,14
1128,YUSEF,14
1128,YUVRAJ,14
1128,ZACKERY,14
1190,AARYAN,13
1190,ALEXIS,13
1190,AMAAR,13
1190,AMIT,13
1190,ANEES,13
1190,BENITO,13
1190,BEVAN,13
1190,BLUE,13
1190,CARSON,13
1190,CHI,13
1190,CONAN,13
1190,CORIN,13
1190,DEEN,13
1190,DONALD,13
1190,ENES,13
1190,FINBAR,13
1190,FINNLAY,13
1190,FRANCISCO,13
1190,GIACOMO,13
1190,GIUSEPPE,13
1190,HAIDEN,13
1190,HUSEYIN,13
1190,IMMANUEL,13
1190,IVO,13
1190,JAEDEN,13
1190,JARRED,13
1190,JARVIS,13
1190,JAYE,13
1190,JOHNATHON,13
1190,JOSHAN,13
1190,JOZEF,13
1190,KACEY,13
1190,KAMRON,13
1190,KOBIE,13
1190,KRIS,13
1190,KWABENA,13
1190,LUCCA,13
1190,LUI,13
1190,MASSIMO,13
1190,MERLIN,13
1190,MIKHAIL,13
1190,NASEEM,13
1190,NASIR,13
1190,NATE,13
1190,NIGEL,13
1190,NYLE,13
1190,PRANAV,13
1190,PRESLEY,13
1190,RAFFERTY,13
1190,RIORDAN,13
1190,RUI,13
1190,SANDEEP,13
1190,SANTINO,13
1190,SHLOIME,13
1190,SHUAYB,13
1190,STEVE,13
1190,TYREKE,13
1190,TYRON,13
1190,VAUGHAN,13
1190,VINCENZO,13
1190,VINNY,13
1190,WASEEM,13
1190,ZANDER,13
1253,AAQIB,12
1253,ABDULAHI,12
1253,ABDUR-RAHMAN,12
1253,ABU-BAKR,12
1253,AKEEL,12
1253,AMMAN,12
1253,ANDERSON,12
1253,ASHLEE,12
1253,AYAAN,12
1253,AYMEN,12
1253,AYUUB,12
1253,BLADE,12
1253,BORIS,12
1253,BUDDY,12
1253,BUSTER,12
1253,CHRISTOS,12
1253,DARIO,12
1253,DOMINICK,12
1253,EAMONN,12
1253,ESA,12
1253,FABIEN,12
1253,GRUFFYDD,12
1253,HAKAN,12
1253,HAKIM,12
1253,INIGO,12
1253,JACE,12
1253,JAE,12
1253,JAHIEM,12
1253,JAMAAL,12
1253,JEZ,12
1253,JODY,12
1253,JONNY,12
1253,KEMAL,12
1253,KINGSLEY,12
1253,MACAULAY,12
1253,MACSEN,12
1253,MAHMOOD,12
1253,MARTYN,12
1253,MATHIEU,12
1253,MATTHIAS,12
1253,MEHDI,12
1253,MERGIM,12
1253,MORDECHAI,12
1253,MUJAHID,12
1253,NADIR,12
1253,NAIM,12
1253,NEEL,12
1253,OLE,12
1253,OMARI,12
1253,RAJ,12
1253,REHAAN,12
1253,ROGER,12
1253,SALIM,12
1253,SAMAD,12
1253,SANTIAGO,12
1253,SAXON,12
1253,SHAHID,12
1253,SONNIE,12
1253,STEVIE,12
1253,STORM,12
1253,SUKHRAJ,12
1253,TAYO,12
1253,TIERNAN,12
1253,TINASHE,12
1253,TYLOR,12
1253,YOUNES,12
1253,ZAHID,12
1253,ZAKARY,12
1253,ZAKK,12
1322,ABUBAKR,11
1322,AEDAN,11
1322,AKIVA,11
1322,ALBERTO,11
1322,ALEKSANDAR,11
1322,ALEKSANDER,11
1322,ALEXEI,11
1322,ANDREI,11
1322,ANDRES,11
1322,AQIL,11
1322,ARNOLD,11
1322,BAILLIE,11
1322,BARIS,11
1322,BASIL,11
1322,BECK,11
1322,BILL,11
1322,BRADLEE,11
1322,BRADLY,11
1322,BRANNON,11
1322,BRENT,11
1322,BROOKE,11
1322,BURHAN,11
1322,CHRISTY,11
1322,CONNA,11
1322,DAWOOD,11
1322,DEANDRE,11
1322,DERMOT,11
1322,DERRY,11
1322,EATHAN,11
1322,EDGAR,11
1322,EFAN,11
1322,ENZO,11
1322,FINDLEY,11
1322,FRANKLYN,11
1322,GIORGIO,11
1322,GORDON,11
1322,HADYN,11
1322,HANIF,11
1322,HARJOT,11
1322,HAYDYN,11
1322,HUEY,11
1322,IBRAAHEEM,11
1322,IMAD,11
1322,ISRAEL,11
1322,ISSAC,11
1322,JAIDON,11
1322,JAVAN,11
1322,JEVAN,11
1322,JOBE,11
1322,JOHN-PAUL,11
1322,KAIRON,11
1322,KEREM,11
1322,KHALEEL,11
1322,KILLIAN,11
1322,KORY,11
1322,LEX,11
1322,LUCIEN,11
1322,MALIQUE,11
1322,MARKO,11
1322,MARWAN,11
1322,MATHIAS,11
1322,MUBARAK,11
1322,MUSTAPHA,11
1322,ONUR,11
1322,OZAN,11
1322,PAULO,11
1322,QUINCY,11
1322,RAHIL,11
1322,RAJVIR,11
1322,RAZA,11
1322,REEF,11
1322,REMY,11
1322,RONIN,11
1322,SALEH,11
1322,SHAYNE,11
1322,SHEIK,11
1322,SHIV,11
1322,SUHAYB,11
1322,TADHG,11
1322,TAHIR,11
1322,TRE,11
1322,UTHMAN,11
1322,VARUN,11
1322,WINSTON,11
1322,YEHUDA,11
1322,YISROEL,11
1322,YOSEF,11
1322,ZIDANE,11
1322,ZISHAN,11
1411,ABDULAZIZ,10
1411,ALEEM,10
1411,ALVARO,10
1411,AMANDEEP,10
1411,ANDREA,10
1411,ARCHER,10
1411,ARNAV,10
1411,AYDIN,10
1411,BABATUNDE,10
1411,BARNABAS,10
1411,BAXTER,10
1411,BAYLEE,10
1411,BERKAY,10
1411,BLANE,10
1411,BLAYNE,10
1411,BURAK,10
1411,CAIRO,10
1411,CHANCE,10
1411,CLAY,10
1411,CODIE,10
1411,CYLE,10
1411,D'ANDRE,10
1411,DAMION,10
1411,DARIAN,10
1411,DARSHAN,10
1411,DAVIS,10
1411,DIARMUID,10
1411,DON,10
1411,DONELL,10
1411,DONNELL,10
1411,DYLLAN,10
1411,EAMON,10
1411,EBRAHIM,10
1411,ELISHA,10
1411,ELLISON,10
1411,ENOCH,10
1411,FAWAZ,10
1411,FAYSAL,10
1411,FEDERICO,10
1411,FERGAL,10
1411,FINNAN,10
1411,GAURAV,10
1411,GHULAM,10
1411,GULAM,10
1411,IHSAN,10
1411,IMAAD,10
1411,JADAN,10
1411,JAVIER,10
1411,JETHRO,10
1411,JIBRIL,10
1411,JONJO,10
1411,JORDAN-LEE,10
1411,KASPER,10
1411,KAYLEM,10
1411,KEANAN,10
1411,KEIAN,10
1411,KEON,10
1411,KHAI,10
1411,KORAY,10
1411,KYAN,10
1411,KYLAN,10
1411,LEWIE,10
1411,LINDEN,10
1411,MAHMOUD,10
1411,MAJID,10
1411,MARCELLO,10
1411,MATIAS,10
1411,MAXIME,10
1411,MIKE,10
1411,MITCH,10
1411,MUKHTAR,10
1411,MUNEEB,10
1411,MURAT,10
1411,MURTAZA,10
1411,MUSAB,10
1411,NAVEED,10
1411,NAVRAJ,10
1411,NUMAN,10
1411,OLAMIDE,10
1411,ORSON,10
1411,OZZY,10
1411,PEARCE,10
1411,QAIS,10
1411,RAYAAN,10
1411,RICCARDO,10
1411,RITCHIE,10
1411,SAHIB,10
1411,SHAI,10
1411,SHIMON,10
1411,SINA,10
1411,SULLIVAN,10
1411,TEEJAY,10
1411,TEO,10
1411,THOM,10
1411,TOBI,10
1411,TOLGA,10
1411,TOMMI,10
1411,UZAYR,10
1411,VALENTINO,10
1411,WAQAR,10
1411,WASIM,10
1411,WIL,10
1411,YAHYE,10
1411,YITZCHOK,10
1411,YOUSIF,10
1411,ZACHARIA,10
1411,ZAINE,10
1411,ZAVIER,10
1519,AARRON,9
1519,ABDULLA,9
1519,ABUL,9
1519,ADEL,9
1519,AERON,9
1519,AKAASH,9
1519,AKHIL,9
1519,AL,9
1519,AMAAD,9
1519,AMBROSE,9
1519,AMINE,9
1519,AMMAAR,9
1519,ANDERS,9
1519,ANEIRIN,9
1519,ANWAR,9
1519,ARYAAN,9
1519,AUSTEN,9
1519,BERKAN,9
1519,BERTRAM,9
1519,BRANDYN,9
1519,BRAYDON,9
1519,BROCK,9
1519,CAIUS,9
1519,CAMERAN,9
1519,CARRICK,9
1519,CHUKWUEMEKA,9
1519,CLIVE,9
1519,COHEN,9
1519,CONNELL,9
1519,CORRIE,9
1519,CRISPIN,9
1519,DANIELE,9
1519,DARNEL,9
1519,DARRELL,9
1519,DAYNE,9
1519,DENVER,9
1519,DINO,9
1519,DONTAE,9
1519,DONTAY,9
1519,DONTE,9
1519,DRE,9
1519,ELYAS,9
1519,EMIR,9
1519,FREDRICK,9
1519,GAGANDEEP,9
1519,GERRY,9
1519,GRUFFUDD,9
1519,GURVIR,9
1519,GWILYM,9
1519,GWION,9
1519,HALLAM,9
1519,HANAD,9
1519,HISHAAM,9
1519,HYWEL,9
1519,ILHAN,9
1519,ISHAAQ,9
1519,JAMEL,9
1519,JASRAJ,9
1519,JAWAAD,9
1519,JAYMIE,9
1519,JIMI,9
1519,JOACHIM,9
1519,KAILUM,9
1519,KEN,9
1519,KHIZER,9
1519,KIEFER,9
1519,KIEN,9
1519,KIM,9
1519,KYA,9
1519,LEANDRO,9
1519,LLYR,9
1519,LUCIUS,9
1519,MACE,9
1519,MALAKI,9
1519,MD.,9
1519,MELVIN,9
1519,MEMPHIS,9
1519,MICKY,9
1519,MUHAMED,9
1519,NAHUM,9
1519,NAJIB,9
1519,NASIM,9
1519,NICK,9
1519,OLLY,9
1519,OLUWATIMILEHIN,9
1519,ORIN,9
1519,PANASHE,9
1519,PARSA,9
1519,PRAVEEN,9
1519,QUINLAN,9
1519,RAHEEL,9
1519,RAIFE,9
1519,RAYHAAN,9
1519,REIS,9
1519,RHYAN,9
1519,RION,9
1519,RIYAD,9
1519,ROCKY,9
1519,RODNEY,9
1519,ROSCOE,9
1519,SAKIB,9
1519,SALMAAN,9
1519,SHAHEER,9
1519,SHAKIR,9
1519,SHAMAR,9
1519,SHAMUS,9
1519,SHAW,9
1519,SHILOH,9
1519,SHLOMO,9
1519,SOFIAN,9
1519,STEFANO,9
1519,STEPHAN,9
1519,STIRLING,9
1519,SULEIMAN,9
1519,TAKUDZWA,9
1519,TALIESIN,9
1519,TAUHEED,9
1519,TAYE,9
1519,TEON,9
1519,TERRENCE,9
1519,TOMMIE,9
1519,TRAFFORD,9
1519,TYREEK,9
1519,TYRIQ,9
1519,VIJAY,9
1519,WALTER,9
1519,YAAKOV,9
1519,YAQUB,9
1519,YOEL,9
1519,YUSAF,9
1519,ZECHARIAH,9
1519,ZEESHAAN,9
1651,ABD,8
1651,ABDURRAHMAAN,8
1651,ABHISHEK,8
1651,ADHAM,8
1651,ADRIEN,8
1651,AKIRA,8
1651,ALIX,8
1651,AMER,8
1651,AREN,8
1651,ARI,8
1651,ARSALAN,8
1651,ARSLAN,8
1651,ASH,8
1651,ASHLEIGH,8
1651,AZAN,8
1651,BENSON,8
1651,BILLAL,8
1651,BOB,8
1651,CAEL,8
1651,CAIDEN,8
1651,CALE,8
1651,CAMRAN,8
1651,CARLTON,8
1651,CLINTON,8
1651,CONAL,8
1651,DARWIN,8
1651,DAVIN,8
1651,DEEPAK,8
1651,DENHOLM,8
1651,DENNY,8
1651,DHILLON,8
1651,DORIAN,8
1651,DRU,8
1651,EDISON,8
1651,ELTON,8
1651,ENIS,8
1651,ERAY,8
1651,FAARIS,8
1651,FAHD,8
1651,FENN,8
1651,FIZAAN,8
1651,FREDERIK,8
1651,GIAN,8
1651,GURVEER,8
1651,HAASHIM,8
1651,HALEEM,8
1651,HAMSE,8
1651,HASSNAIN,8
1651,HAYDAR,8
1651,HEATH,8
1651,HITEN,8
1651,IMAAN,8
1651,IMAN,8
1651,IOLO,8
1651,ISSA,8
1651,JACKY,8
1651,JACQUE,8
1651,JAHEEM,8
1651,JAYKE,8
1651,JEFFERSON,8
1651,JOBY,8
1651,KAILAN,8
1651,KALLAN,8
1651,KARAM,8
1651,KASSIM,8
1651,KAVIN,8
1651,KEION,8
1651,KEIREN,8
1651,KEYAN,8
1651,KHIZAR,8
1651,KIAH,8
1651,KIENAN,8
1651,KIERRAN,8
1651,KONRAD,8
1651,KYREN,8
1651,LLEWELLYN,8
1651,LLEWELYN,8
1651,LLION,8
1651,LOCHLANN,8
1651,LUCUS,8
1651,MACK,8
1651,MAHAMMED,8
1651,MAHIN,8
1651,MANDEEP,8
1651,MANVEER,8
1651,MATTIAS,8
1651,MAZIN,8
1651,MCCAULEY,8
1651,MICHAL,8
1651,MICHELE,8
1651,MICKEY,8
1651,MOHMMED,8
1651,MUAAZ,8
1651,MUDASSAR,8
1651,MUHAMMOD,8
1651,MUJTABA,8
1651,NAUMAN,8
1651,NAYAN,8
1651,NIAL,8
1651,NIAM,8
1651,ODIN,8
1651,OLUWADAMILOLA,8
1651,OREN,8
1651,ORION,8
1651,PATRYK,8
1651,PETROS,8
1651,QUENTIN,8
1651,RAEKWON,8
1651,RAFI,8
1651,RASHAD,8
1651,RENE,8
1651,RIYADH,8
1651,RIZWAAN,8
1651,RONIT,8
1651,RUAIRIDH,8
1651,RYLEE,8
1651,SABIR,8
1651,SADIQ,8
1651,SAFYAAN,8
1651,SAIM,8
1651,SALVATORE,8
1651,SAMIUL,8
1651,SHABAZ,8
1651,SIAM,8
1651,SIRAJ,8
1651,SOREN,8
1651,SYD,8
1651,T-JAY,8
1651,TAFARI,8
1651,TALVIN,8
1651,TANVEER,8
1651,TARANVIR,8
1651,TAREK,8
1651,TEILO,8
1651,TREMAINE,8
1651,TRISTEN,8
1651,TRISTON,8
1651,TYLAN,8
1651,VAUGHN,8
1651,VIRAJ,8
1651,WASIF,8
1651,WILF,8
1651,YAKOV,8
1651,YAMIN,8
1651,ZAHIR,8
1651,ZAKARIYYA,8
1651,ZIA,8
1651,ZIYAD,8
1799,AASIM,7
1799,ABDIFATAH,7
1799,ADAN,7
1799,AHAD,7
1799,ALBI,7
1799,ALFONSO,7
1799,ALIM,7
1799,AMAL,7
1799,AMARDEEP,7
1799,AMEEN,7
1799,AMR,7
1799,ANDI,7
1799,ANGEL,7
1799,ANMOL,7
1799,ARBAAZ,7
1799,ARDA,7
1799,ARLEY,7
1799,AUBREY,7
1799,AVAIS,7
1799,AYDAN,7
1799,BRICE,7
1799,BRYNN,7
1799,CAYLUM,7
1799,CERI,7
1799,CHIRAG,7
1799,CIARON,7
1799,CIERON,7
1799,CONLAN,7
1799,CORIE,7
1799,DANIAAL,7
1799,DAVEY,7
1799,DAVIDE,7
1799,DAVY,7
1799,DENON,7
1799,DENZIL,7
1799,DERRICK,7
1799,DESMOND,7
1799,DEVLIN,7
1799,DIGBY,7
1799,DIMITRI,7
1799,DJANGO,7
1799,DOMONIC,7
1799,DONNY,7
1799,DUANE,7
1799,ED,7
1799,EHREN,7
1799,EISA,7
1799,EMERSON,7
1799,ERIN,7
1799,ERNIE,7
1799,ESHAN,7
1799,FARAAZ,7
1799,FERDINAND,7
1799,FERNANDO,7
1799,FRANKY,7
1799,GLYN,7
1799,GURDEEP,7
1799,GURVINDER,7
1799,HABEEB,7
1799,HARISH,7
1799,HARPREET,7
1799,HASAAN,7
1799,IDREES,7
1799,IHTISHAM,7
1799,IKE,7
1799,ILIAS,7
1799,ISAAK,7
1799,ISAM,7
1799,JAGJEET,7
1799,JAMAR,7
1799,JANSEN,7
1799,JASDEEP,7
1799,JAYLEN,7
1799,JAYME,7
1799,JEAN-LUC,7
1799,JEDD,7
1799,JIBRAN,7
1799,JOAQUIN,7
1799,JODI,7
1799,JOS,7
1799,JOTHAM,7
1799,KAELAN,7
1799,KAELIN,7
1799,KAILEN,7
1799,KALE,7
1799,KALEM,7
1799,KAMREN,7
1799,KAVI,7
1799,KAYDON,7
1799,KEILAN,7
1799,KENNEDY,7
1799,KERIM,7
1799,KESHAV,7
1799,KETAN,7
1799,KEVAL,7
1799,KHAN,7
1799,KIEAN,7
1799,KIEGAN,7
1799,KIELAN,7
1799,KILIAN,7
1799,KONNOR,7
1799,KUSHAL,7
1799,KYMANI,7
1799,LAITH,7
1799,LAMARR,7
1799,LARRY,7
1799,LARS,7
1799,LEMUEL,7
1799,LINDON,7
1799,LOUIX,7
1799,LUCIANO,7
1799,MAHER,7
1799,MAHFUZ,7
1799,MALI,7
1799,MARIUS,7
1799,MARLY,7
1799,MARSHAL,7
1799,MARTELL,7
1799,MARTY,7
1799,MEIR,7
1799,MENACHEM,7
1799,MENELIK,7
1799,MIKAEL,7
1799,MIKAIL,7
1799,MILTON,7
1799,MIR,7
1799,MOBEEN,7
1799,MOOSA,7
1799,MUHAMAD,7
1799,MUNIR,7
1799,MURPHY,7
1799,NATHEN,7
1799,NAVIN,7
1799,NEAL,7
1799,NIHAL,7
1799,NIKLAS,7
1799,NIKOLAI,7
1799,NILS,7
1799,NIRAJ,7
1799,NIYAZ,7
1799,OLUWAFEMI,7
1799,OLUWASEYI,7
1799,OMAIR,7
1799,OSWALD,7
1799,OWYN,7
1799,OZ,7
1799,PARAMVEER,7
1799,PASCAL,7
1799,PAVANDEEP,7
1799,PHILIPP,7
1799,PRABHJOT,7
1799,PRAVIN,7
1799,PREM,7
1799,QAASIM,7
1799,RAIS,7
1799,RALF,7
1799,RAMONE,7
1799,RED,7
1799,REED,7
1799,REGINALD,7
1799,REHMAN,7
1799,REICE,7
1799,RICCO,7
1799,RIDWAAN,7
1799,RIYAZ,7
1799,RODRIGO,7
1799,ROHAAN,7
1799,ROHAIL,7
1799,ROLAND,7
1799,ROMERO,7
1799,ROSHANE,7
1799,RUARIDH,7
1799,SAJJAD,7
1799,SALEM,7
1799,SALIH,7
1799,SAQLAIN,7
1799,SHAFIQ,7
1799,SHAHZAIB,7
1799,SHAIKH,7
1799,SHERIDAN,7
1799,SIMRAN,7
1799,SOLOMAN,7
1799,TAINE,7
1799,TAVIS,7
1799,TAWHID,7
1799,TAYAB,7
1799,TAYLA,7
1799,TAYLAN,7
1799,TAYYEB,7
1799,TEE-JAY,7
1799,TEJAS,7
1799,THEODOR,7
1799,TOBIE,7
1799,TOBIN,7
1799,TOMASZ,7
1799,TRAE,7
1799,UBAID,7
1799,VALENTINE,7
1799,VITO,7
1799,WYN,7
1799,YONIS,7
1799,YOUCEF,7
1799,YUNIS,7
1799,ZAKARIYE,7
1799,ZESHAAN,7
1799,ZINEDINE,7
2005,ABDUL-RAHMAN,6
2005,ABDUR-RAHEEM,6
2005,ABDURAHMAN,6
2005,ABUBAKER,6
2005,ADEEB,6
2005,AJEET,6
2005,ALLEN,6
2005,ANES,6
2005,ANOOP,6
2005,ANUJ,6
2005,ARIS,6
2005,ARSHAD,6
2005,ARWEL,6
2005,ASHDON,6
2005,ASHVIN,6
2005,AVI,6
2005,AYAZ,6
2005,AYODELE,6
2005,AZIM,6
2005,BABY,6
2005,BAILEIGH,6
2005,BAILIE,6
2005,BAYLEIGH,6
2005,BECKHAM,6
2005,BENJAMYN,6
2005,BILLY-JOE,6
2005,BOLUWATIFE,6
2005,BRADLEIGH,6
2005,BRAY,6
2005,CAMDEN,6
2005,CAOLAN,6
2005,CASSIAN,6
2005,CASSIDY,6
2005,CHARLEE,6
2005,CHARLY,6
2005,CLINT,6
2005,CODI,6
2005,COREE,6
2005,DAKOTA,6
2005,DANI,6
2005,DARAGH,6
2005,DARIEN,6
2005,DAVE,6
2005,DEJON,6
2005,DEMPSEY,6
2005,DENIRO,6
2005,DEVEN,6
2005,DHIREN,6
2005,DOVID,6
2005,DWAINE,6
2005,EARL,6
2005,EDOARDO,6
2005,EPHRAIM,6
2005,ESHAAN,6
2005,ESSA,6
2005,ETHEN,6
2005,FARHAD,6
2005,FARUQ,6
2005,FAYZAN,6
2005,FELIPE,6
2005,FINNBAR,6
2005,FINNEGAN,6
2005,FIRAS,6
2005,FRANCO,6
2005,FREDRIK,6
2005,GINO,6
2005,GRADY,6
2005,GUSTAV,6
2005,HADEN,6
2005,HAMAS,6
2005,HAMSA,6
2005,HANNAN,6
2005,HANZALAH,6
2005,HARMAN,6
2005,HARVEER,6
2005,HASSAAN,6
2005,HAYTHAM,6
2005,HUDSON,6
2005,HUGHIE,6
2005,HUMPHREY,6
2005,IBRAR,6
2005,IKRAAM,6
2005,ILYA,6
2005,IMAM,6
2005,INNES,6
2005,IOANNIS,6
2005,ISAAM,6
2005,ISHRAQ,6
2005,ISMA'EEL,6
2005,IZAK,6
2005,JABEZ,6
2005,JAHMAL,6
2005,JAHMAR,6
2005,JAIDEV,6
2005,JAMIELEE,6
2005,JASPREET,6
2005,JAVED,6
2005,JAXSON,6
2005,JEFF,6
2005,JETT,6
2005,JOHANNES,6
2005,JORDI,6
2005,JOSHUAH,6
2005,JULIANO,6
2005,KAIF,6
2005,KALEN,6
2005,KALIM,6
2005,KAMARI,6
2005,KARANVIR,6
2005,KAYAN,6
2005,KAZIM,6
2005,KEEAN,6
2005,KEIGAN,6
2005,KELECHI,6
2005,KENT,6
2005,KHATEEB,6
2005,KI,6
2005,KIA,6
2005,KIARAN,6
2005,KIERNAN,6
2005,KLEVIS,6
2005,KORBYN,6
2005,KORI,6
2005,KRISHNA,6
2005,KRISHNAN,6
2005,KRISTEN,6
2005,KUNAL,6
2005,KWESI,6
2005,LENNIE,6
2005,LEWI,6
2005,LINTON,6
2005,LUAN,6
2005,LUDOVIC,6
2005,LYDON,6
2005,MAKAI,6
2005,MANPREET,6
2005,MANUEL,6
2005,MANVINDER,6
2005,MASUD,6
2005,MATIN,6
2005,MATTY,6
2005,MAXIMILIEN,6
2005,MAXX,6
2005,MAZEN,6
2005,MIAN,6
2005,MIHIR,6
2005,MILLAN,6
2005,MILLER,6
2005,MINHAJ,6
2005,MIRAJ,6
2005,MOHAN,6
2005,MOHMED,6
2005,MOIN,6
2005,MOISHE,6
2005,MOMIN,6
2005,MONTAGUE,6
2005,MOUSSA,6
2005,MUBASHIR,6
2005,MUBEEN,6
2005,MUNGO,6
2005,MURAD,6
2005,MUTASIM,6
2005,MUZZAMMIL,6
2005,NARAYAN,6
2005,NASSIM,6
2005,NASSIR,6
2005,NIKITA,6
2005,NIKOLA,6
2005,NIMA,6
2005,NYALL,6
2005,OLUFEMI,6
2005,ONKAR,6
2005,OSKA,6
2005,PADDY,6
2005,PATRIK,6
2005,PAWAN,6
2005,PETAR,6
2005,PRATHAM,6
2005,RABBI,6
2005,RADWAN,6
2005,RAJPAL,6
2005,RAMON,6
2005,RAYON,6
2005,REACE,6
2005,REEVE,6
2005,REO,6
2005,RHETT,6
2005,ROHIN,6
2005,ROMAAN,6
2005,RONAK,6
2005,RONI,6
2005,RUHAN,6
2005,SAAHIL,6
2005,SAAHIR,6
2005,SAIFULLAH,6
2005,SAJAD,6
2005,SAKARIYE,6
2005,SAMEE,6
2005,SASHA,6
2005,SEB,6
2005,SELIM,6
2005,SERHAT,6
2005,SHAHBAZ,6
2005,SHAKIB,6
2005,SHAMIL,6
2005,SHAYAAN,6
2005,SHAYE,6
2005,SHAZAD,6
2005,SHAZAIB,6
2005,SHIVEN,6
2005,SHMUEL,6
2005,SHOHAIB,6
2005,SINAN,6
2005,SIVAKUMAR,6
2005,SUFIYAN,6
2005,SUKHDEEP,6
2005,SULAYMAAN,6
2005,T,6
2005,T.,6
2005,TALON,6
2005,TAMEEM,6
2005,TAO,6
2005,TAREQ,6
2005,TARRAN,6
2005,TASHAN,6
2005,TEJ,6
2005,THOR,6
2005,TINOTENDA,6
2005,TJ,6
2005,TYNE,6
2005,TYRECE,6
2005,TYREE,6
2005,TYRELLE,6
2005,TYSON,6
2005,UBAYD,6
2005,VINESH,6
2005,WALLACE,6
2005,WILIAM,6
2005,WILLOUGHBY,6
2005,YACINE,6
2005,YASSIN,6
2005,YEHUDAH,6
2005,YUKI,6
2005,ZAKERY,6
2005,ZAYYAN,6
2005,ZEB,6
2005,ZEBEDEE,6
2005,ZIAD,6
2005,ZUHAIR,6
2254,ABDEL,5
2254,ABDELRAHMAN,5
2254,ABDIAZIZ,5
2254,ABDINASIR,5
2254,ABDIRAHIM,5
2254,ABDOULIE,5
2254,ABDULKADIR,5
2254,ABDULLAAH,5
2254,ABDULQADIR,5
2254,ABIR,5
2254,ABISHEK,5
2254,ABRAR,5
2254,ABSHIR,5
2254,ADIN,5
2254,ADONIS,5
2254,ADRIANO,5
2254,AFTAB,5
2254,AINSLEY,5
2254,AJANI,5
2254,AJMAL,5
2254,AKBAR,5
2254,AKIL,5
2254,AKMAL,5
2254,ALBAN,5
2254,ALBY,5
2254,ALDO,5
2254,ALFREDO,5
2254,ALHAJI,5
2254,ALLISTER,5
2254,ALPHA,5
2254,ALUN,5
2254,AMINUR,5
2254,AMRITPAL,5
2254,ANDRI,5
2254,ANGELOS,5
2254,ANTONI,5
2254,AQEEB,5
2254,ARAM,5
2254,ARBER,5
2254,ARIN,5
2254,ARMAND,5
2254,ARRY,5
2254,ASHAR,5
2254,ASLAN,5
2254,ATA,5
2254,AUGUSTINE,5
2254,AVRAHAM,5
2254,AYAN,5
2254,BARON,5
2254,BARUCH,5
2254,BEREN,5
2254,BERZAN,5
2254,BHAVESH,5
2254,BLAIZE,5
2254,BLAZE,5
2254,BLU,5
2254,BO,5
2254,BOAZ,5
2254,BORUCH,5
2254,BOSTON,5
2254,BRAIDEN,5
2254,BRET,5
2254,BYRAN,5
2254,C,5
2254,CALEN,5
2254,CAM'RON,5
2254,CAMREN,5
2254,CASPIAN,5
2254,CATHAL,5
2254,CHARAN,5
2254,CHARLTON,5
2254,CHEY,5
2254,CHIBUIKE,5
2254,CHINEDU,5
2254,CHRISTAN,5
2254,CHRISTIE,5
2254,CILLIAN,5
2254,CLAUDIO,5
2254,COBAN,5
2254,CONNALL,5
2254,CONSTANTINE,5
2254,COREN,5
2254,CORNELIUS,5
2254,CRAWFORD,5
2254,CY,5
2254,CYNAN,5
2254,CYRIL,5
2254,DALEY,5
2254,DANIYAAL,5
2254,DAOUD,5
2254,DARA,5
2254,DARREL,5
2254,DAWID,5
2254,DAYTON,5
2254,DEAKON,5
2254,DEEGAN,5
2254,DEJAUN,5
2254,DERI,5
2254,DERREN,5
2254,DERYN,5
2254,DESHAWN,5
2254,DEVESH,5
2254,DHANYAL,5
2254,DHILAN,5
2254,DIARMAID,5
2254,DOLTON,5
2254,DONAL,5
2254,DOUGAL,5
2254,DYFAN,5
2254,EASHAN,5
2254,EBAN,5
2254,EBENEZER,5
2254,EDDISON,5
2254,EESAA,5
2254,ELIAN,5
2254,ELIEZER,5
2254,EROL,5
2254,FADI,5
2254,FAIYAZ,5
2254,FARES,5
2254,FARREN,5
2254,FEZAAN,5
2254,FINAN,5
2254,FINNEN,5
2254,FIRAZ,5
2254,FLINN,5
2254,FUAD,5
2254,FURKAN,5
2254,FYNLEY,5
2254,GARYN,5
2254,GENE,5
2254,GEORGIO,5
2254,GERRARD,5
2254,GOVIND,5
2254,GUILHERME,5
2254,GUILLAUME,5
2254,GURDAS,5
2254,GURDEV,5
2254,GURJEET,5
2254,GURJEEVAN,5
2254,HALIL,5
2254,HAN,5
2254,HANAN,5
2254,HARDEEP,5
2254,HARISON,5
2254,HARITH,5
2254,HARJAN,5
2254,HARJEEVAN,5
2254,HARLAN,5
2254,HARMEET,5
2254,HAROUN,5
2254,HARPER,5
2254,HARSH,5
2254,HARSIMRAN,5
2254,HASHIR,5
2254,HASIB,5
2254,HASNAAT,5
2254,HICHAM,5
2254,HUBERT,5
2254,HUMAYUN,5
2254,HUNTER,5
2254,HUSAIN,5
2254,HUSAM,5
2254,HUSSNAIN,5
2254,IGOR,5
2254,IHTISHAAM,5
2254,IKECHUKWU,5
2254,IMANI,5
2254,IMTIAZ,5
2254,INDY,5
2254,IVOR,5
2254,J,5
2254,JAHED,5
2254,JALEN,5
2254,JAMAHL,5
2254,JAY-JAY,5
2254,JAYCE,5
2254,JAZZ,5
2254,JEAN-,5
2254,JEAN-PAUL,5
2254,JEAN-PIERRE,5
2254,JEDIDIAH,5
2254,JERICHO,5
2254,JESHURUN,5
2254,JEVAUGHN,5
2254,JOCELYN,5
2254,JON-PAUL,5
2254,JOOLS,5
2254,JUNED,5
2254,KACPER,5
2254,KADEEM,5
2254,KAEL,5
2254,KAIA,5
2254,KAILEM,5
2254,KAIRAN,5
2254,KAIRO,5
2254,KAIYA,5
2254,KAL,5
2254,KALAM,5
2254,KALAN,5
2254,KALON,5
2254,KAMAAL,5
2254,KAMAR,5
2254,KARANVEER,5
2254,KARTER,5
2254,KAYLEN,5
2254,KEGAN,5
2254,KELSON,5
2254,KEMAR,5
2254,KEOWN,5
2254,KESTON,5
2254,KEVAN,5
2254,KEYON,5
2254,KHADAR,5
2254,KHIAN,5
2254,KHURAM,5
2254,KION,5
2254,KIYAN,5
2254,KORBIN,5
2254,KRYSTIAN,5
2254,KURAN,5
2254,KWAKU,5
2254,KWASI,5
2254,KWEKU,5
2254,KY,5
2254,KYAL,5
2254,KYERON,5
2254,KYI,5
2254,KYNAN,5
2254,KYRONE,5
2254,LABIB,5
2254,LARSSON,5
2254,LEONE,5
2254,LEONIDAS,5
2254,LESTER,5
2254,LUTHER,5
2254,LYAM,5
2254,LYNDEN,5
2254,MAAZ,5
2254,MACAULY,5
2254,MACIEJ,5
2254,MAHOMED,5
2254,MANSOOR,5
2254,MAREK,5
2254,MARIOS,5
2254,MATTHIEU,5
2254,MATTIA,5
2254,MAVERICK,5
2254,MAYSON,5
2254,MEHUL,5
2254,MILOS,5
2254,MOHAMOUD,5
2254,MOHD,5
2254,MOHSAN,5
2254,MOIZ,5
2254,MONTEL,5
2254,MONTELL,5
2254,MORGEN,5
2254,MUBARIK,5
2254,MUHMMAD,5
2254,NAFTALI,5
2254,NAHID,5
2254,NAHIM,5
2254,NATAN,5
2254,NAZIM,5
2254,NAZIR,5
2254,NESTOR,5
2254,NILES,5
2254,NUMAAN,5
2254,NUMAIR,5
2254,OLIVIER,5
2254,OLUWASEUN,5
2254,OLUWATIMILEYIN,5
2254,OM,5
2254,OMID,5
2254,OREOLUWA,5
2254,ORRIN,5
2254,PAPA,5
2254,PARTH,5
2254,PASQUALE,5
2254,PERCY,5
2254,PHILIPPE,5
2254,PIOTR,5
2254,PIRAN,5
2254,PRASHANT,5
2254,QAZI,5
2254,RA'EES,5
2254,RAHAT,5
2254,RAIHAAN,5
2254,RAJU,5
2254,RAKIM,5
2254,RAMSEY,5
2254,RANVIR,5
2254,RASHARN,5
2254,REAF,5
2254,REMELL,5
2254,RHIAN,5
2254,RHYSE,5
2254,RIDLEY,5
2254,RISHABH,5
2254,RIYAN,5
2254,ROMAIN,5
2254,RON,5
2254,ROURKE,5
2254,RRON,5
2254,RUSHIL,5
2254,RYE,5
2254,RYLIE,5
2254,SAJJAN,5
2254,SAMATAR,5
2254,SAMER,5
2254,SAMIE,5
2254,SAMIN,5
2254,SAMRAJ,5
2254,SAMUELE,5
2254,SARAN,5
2254,SAYF,5
2254,SENNEN,5
2254,SEPEHR,5
2254,SEYED,5
2254,SHABAN,5
2254,SHARIF,5
2254,SHAYDEN,5
2254,SHEM,5
2254,SHEMAR,5
2254,SHERWIN,5
2254,SHREY,5
2254,SHREYAS,5
2254,SIRAAJ,5
2254,SKY,5
2254,SOHRAB,5
2254,SOUL,5
2254,STEFANOS,5
2254,SUBER,5
2254,SUJAN,5
2254,SULAIMAAN,5
2254,SULIMAN,5
2254,SUNDEEP,5
2254,TADGH,5
2254,TAFADZWA,5
2254,TAJINDER,5
2254,TAKUMI,5
2254,TALAL,5
2254,TALYN,5
2254,TATENDA,5
2254,TAUSEEF,5
2254,TAWHEED,5
2254,TAYTE,5
2254,TEJAN,5
2254,THADDEUS,5
2254,THEON,5
2254,TIEN,5
2254,TOMI,5
2254,TREMAYNE,5
2254,TYRIK,5
2254,UBAIDULLAH,5
2254,ULAS,5
2254,UNAIS,5
2254,UNAYS,5
2254,URI,5
2254,VERNON,5
2254,VIKTOR,5
2254,WARIS,5
2254,WILFRID,5
2254,WILLIS,5
2254,YAASEEN,5
2254,YANN,5
2254,YANNICK,5
2254,YAW,5
2254,YEHOSHUA,5
2254,YIANNIS,5
2254,YING,5
2254,YOUNIS,5
2254,YURI,5
2254,ZAFRAN,5
2254,ZAINUL,5
2254,ZEPHANIAH,5
2254,ZIDAN,5
2254,ZIGGY,5
2254,ZUBAYR,5
2254,ZUHAYR,5
2254,ZULQARNAIN,5
2636,A-JAY,4
2636,AAMER,4
2636,AARONDEEP,4
2636,AATIF,4
2636,AAYUSH,4
2636,ABAS,4
2636,ABBAAS,4
2636,ABDALLA,4
2636,ABDOU,4
2636,ABDUL-,4
2636,ABDUL-RAHEEM,4
2636,ABDULAZEEZ,4
2636,ABDULMALIK,4
2636,ABDULRAHEEM,4
2636,ABDUR-RAHMAAN,4
2636,ABHINAV,4
2636,ABIDUR,4
2636,ABRAAR,4
2636,ABUKAR,4
2636,ACE,4
2636,ADAAM,4
2636,ADEDAMOLA,4
2636,ADEDAYO,4
2636,ADEMOLA,4
2636,ADIT,4
2636,ADRIEL,4
2636,AHARON,4
2636,AHMAR,4
2636,AHNAF,4
2636,AHREN,4
2636,AIMAN,4
2636,AJ,4
2636,AKIB,4
2636,AKIF,4
2636,ALAND,4
2636,ALBIN,4
2636,ALDEN,4
2636,ALEKSI,4
2636,ALEXANDRU,4
2636,ALEXEY,4
2636,ALEXI,4
2636,ALFI,4
2636,ALIEU,4
2636,ALISDAIR,4
2636,ALIYAN,4
2636,ALON,4
2636,ALTIN,4
2636,ALWYN,4
2636,AMARNI,4
2636,AMJAD,4
2636,ANAY,4
2636,ANDREJ,4
2636,ANDREY,4
2636,ANEEQ,4
2636,ANKIT,4
2636,ANSHUL,4
2636,ANSON,4
2636,ARANDEEP,4
2636,ARCHY,4
2636,ARDIT,4
2636,ARGJENT,4
2636,ARIA,4
2636,ARIFUL,4
2636,ARLIND,4
2636,ARMIN,4
2636,ART,4
2636,ARTIN,4
2636,ARUNDEEP,4
2636,ASHIR,4
2636,ASHISH,4
2636,ASHUR,4
2636,ASSEM,4
2636,ASTIN,4
2636,ASWIN,4
2636,ATEEQ,4
2636,AUM,4
2636,AVIGDOR,4
2636,AVROHOM,4
2636,AYDON,4
2636,AYOMIKUN,4
2636,AYYUB,4
2636,AZAD,4
2636,AZIZ,4
2636,BADEN,4
2636,BADR,4
2636,BAILY,4
2636,BAPTISTE,4
2636,BARTHOLOMEW,4
2636,BASHIR,4
2636,BATUHAN,4
2636,BEDWYR,4
2636,BENJIMAN,4
2636,BENNY,4
2636,BENTLEY,4
2636,BERDAN,4
2636,BERNIE,4
2636,BERT,4
2636,BERTAN,4
2636,BHAVAN,4
2636,BHAVIK,4
2636,BINYAMEEN,4
2636,BLADEN,4
2636,BLAIN,4
2636,BLEDDYN,4
2636,BLESSING,4
2636,BOBBIE,4
2636,BODHI,4
2636,BORA,4
2636,BOYD,4
2636,BRIGHT,4
2636,BRIJESH,4
2636,BRINLEY,4
2636,BRONSON,4
2636,BURHAAN,4
2636,CADELL,4
2636,CAILAN,4
2636,CAIO,4
2636,CAIRAN,4
2636,CALAN,4
2636,CAMBELL,4
2636,CAMILO,4
2636,CANER,4
2636,CARLIN,4
2636,CAYDEN,4
2636,CAYLEM,4
2636,CEDRIC,4
2636,CENGIZ,4
2636,CEYHUN,4
2636,CHAE,4
2636,CIAREN,4
2636,CLARENCE,4
2636,COBAIN,4
2636,COBIE,4
2636,CONNAR,4
2636,CONSTANTINOS,4
2636,CORBY,4
2636,CORDELL,4
2636,CRISTIANO,4
2636,CUBA,4
2636,DAGAN,4
2636,DAMILOLA,4
2636,DANESH,4
2636,DANILO,4
2636,DARYLL,4
2636,DAVANTE,4
2636,DAVIE,4
2636,DAWOUD,4
2636,DECLYN,4
2636,DEIAN,4
2636,DEJAN,4
2636,DELVIN,4
2636,DEONDRE,4
2636,DERON,4
2636,DESHAUN,4
2636,DEVONTAY,4
2636,DIMITRIOS,4
2636,DOGAN,4
2636,DOMENICO,4
2636,DORAN,4
2636,DOUGIE,4
2636,DRAY,4
2636,DWIGHT,4
2636,DYLAN-JAMES,4
2636,EDIZ,4
2636,EGAN,4
2636,EHSAAN,4
2636,EHSEN,4
2636,EITHAN,4
2636,EJAZ,4
2636,ELGAN,4
2636,ELIO,4
2636,EMAD,4
2636,EMRYS,4
2636,ENDRI,4
2636,ENDRIT,4
2636,ERDEM,4
2636,ERION,4
2636,ERROL,4
2636,ESAH,4
2636,ESMOND,4
2636,FADIL,4
2636,FAIQ,4
2636,FARDIN,4
2636,FARRON,4
2636,FAWAD,4
2636,FAYYAZ,4
2636,FILIPPO,4
2636,FINBARR,4
2636,FIRAT,4
2636,FLAVIO,4
2636,FLYN,4
2636,FORD,4
2636,FORREST,4
2636,FRANCOIS,4
2636,FRAZIER,4
2636,GABE,4
2636,GABRIELE,4
2636,GAIGE,4
2636,GARRICK,4
2636,GARTH,4
2636,GIBRIL,4
2636,GILBERT,4
2636,GIULIO,4
2636,GLYNN,4
2636,GODWIN,4
2636,GOKHAN,4
2636,GORAN,4
2636,GRAEME,4
2636,GRANIT,4
2636,GREGG,4
2636,GUISEPPE,4
2636,GURPREET,4
2636,GURRAJ,4
2636,GUSTAVO,4
2636,GWYDION,4
2636,GWYN,4
2636,HAFEEZ,4
2636,HALIM,4
2636,HAMED,4
2636,HANI,4
2636,HANNES,4
2636,HANS,4
2636,HARDY,4
2636,HAREES,4
2636,HARLAND,4
2636,HARON,4
2636,HARPAL,4
2636,HARRIE,4
2636,HARRISH,4
2636,HARVIN,4
2636,HAYYAN,4
2636,HAZIQ,4
2636,HEFIN,4
2636,HENOC,4
2636,HENRIK,4
2636,HERB,4
2636,HIREN,4
2636,HUMAID,4
2636,HUSSAM,4
2636,HUSSAN,4
2636,HUXLEY,4
2636,HUZAYFAH,4
2636,IANTO,4
2636,IDIRIS,4
2636,IFEANYICHUKWU,4
2636,IFTIKHAR,4
2636,IJAZ,4
2636,IKENNA,4
2636,ILAN,4
2636,IMTIYAZ,4
2636,INDERPAL,4
2636,ION,4
2636,IRFAAN,4
2636,IRSHAAD,4
2636,ISAAQ,4
2636,ISAK,4
2636,ISHAR,4
2636,ISLAM,4
2636,ISMA'IL,4
2636,IZAIAH,4
2636,JABER,4
2636,JACKIE,4
2636,JAD,4
2636,JADYN,4
2636,JAEDAN,4
2636,JAEDON,4
2636,JAGDEEP,4
2636,JAIMIN,4
2636,JAKK,4
2636,JALAL,4
2636,JAMALL,4
2636,JAMESON,4
2636,JANNAI,4
2636,JARON,4
2636,JAVELL,4
2636,JAVON,4
2636,JEDIAH,4
2636,JEFFERY,4
2636,JELANI,4
2636,JESPER,4
2636,JESS,4
2636,JOAB,4
2636,JOASH,4
2636,JOHANN,4
2636,JOHNNIE,4
2636,JOSUE,4
2636,JUBAIR,4
2636,JUDD,4
2636,JULIEN,4
2636,JUSTYN,4
2636,JYE,4
2636,KABEER,4
2636,KAELUM,4
2636,KAIE,4
2636,KAIUS,4
2636,KALID,4
2636,KAMARNI,4
2636,KAMERAN,4
2636,KARANDEEP,4
2636,KARUN,4
2636,KASHEF,4
2636,KASPAR,4
2636,KAVISH,4
2636,KEATAN,4
2636,KEIL,4
2636,KELBY,4
2636,KELLAN,4
2636,KELTON,4
2636,KENDALL,4
2636,KERN,4
2636,KERON,4
2636,KES,4
2636,KESTER,4
2636,KEWELL,4
2636,KHALIFA,4
2636,KHAWAJA,4
2636,KHI,4
2636,KHURRAM,4
2636,KIEL,4
2636,KIPP,4
2636,KIREN,4
2636,KISHEN,4
2636,KOBEN,4
2636,KOBEY,4
2636,KOLE,4
2636,KONNER,4
2636,KRAY,4
2636,KRISHI,4
2636,KRISTAN,4
2636,KRISTIAAN,4
2636,KRISTOFER,4
2636,KWADWO,4
2636,KYREECE,4
2636,KYRELL,4
2636,KYRIACOS,4
2636,LADISLAV,4
2636,LAQUAN,4
2636,LATRELL,4
2636,LAURENT,4
2636,LEIF,4
2636,LEITH,4
2636,LEOPOLD,4
2636,LEVAN,4
2636,LEWIN,4
2636,LIIBAN,4
2636,LLIFON,4
2636,LOKI,4
2636,LORIS,4
2636,LOTFI,4
2636,LUKMAAN,4
2636,LUKMAN,4
2636,MADHAV,4
2636,MADISON,4
2636,MAHINUR,4
2636,MAHIRUL,4
2636,MAKENZIE,4
2636,MAN,4
2636,MANI,4
2636,MANJOT,4
2636,MANNY,4
2636,MANSOUR,4
2636,MARKOS,4
2636,MARLIE,4
2636,MARLOW,4
2636,MARNI,4
2636,MASSIMILIANO,4
2636,MATEEN,4
2636,MATEUSZ,4
2636,MATHIS,4
2636,MATTIS,4
2636,MAXIMO,4
2636,MAZHAR,4
2636,MIKAEEL,4
2636,MIKKEL,4
2636,MIROSLAV,4
2636,MOHAMMUD,4
2636,MOHAMUD,4
2636,MOHID,4
2636,MOSTAFA,4
2636,MOURAD,4
2636,MUBASHAR,4
2636,MUBIN,4
2636,MUHANNAD,4
2636,MUNASHE,4
2636,MUSTAFAA,4
2636,NAFIS,4
2636,NAFTOLI,4
2636,NAHIAN,4
2636,NAQEEB,4
2636,NASEER,4
2636,NASH,4
2636,NASIF,4
2636,NAVID,4
2636,NAYEEM,4
2636,NEVAN,4
2636,NEVILLE,4
2636,NIAZ,4
2636,NIELS,4
2636,NII,4
2636,NILESH,4
2636,NINO,4
2636,NIROSHAN,4
2636,NIRUJAN,4
2636,NOA,4
2636,NOAM,4
2636,NOLAN,4
2636,NOMAN,4
2636,NUNO,4
2636,OBED,4
2636,OCEAN,4
2636,OLUWASEGUN,4
2636,OLUWATOSIN,4
2636,OMAN,4
2636,ORRAN,4
2636,OSHER,4
2636,OSSIAN,4
2636,OTHMAN,4
2636,OWAN,4
2636,OZGUR,4
2636,PAISLEY,4
2636,PARDEEP,4
2636,PAVLOS,4
2636,PHARRELL,4
2636,PHIL,4
2636,PRANAY,4
2636,PRITESH,4
2636,PUNEET,4
2636,QAYS,4
2636,RAHEIM,4
2636,RAHMAN,4
2636,RAIF,4
2636,RAJEEV,4
2636,RAKEEM,4
2636,RAMI,4
2636,RAMIN,4
2636,RAMZAN,4
2636,RAMZI,4
2636,RANDY,4
2636,RASHAAN,4
2636,RAYNE,4
2636,REEVES,4
2636,REIF,4
2636,RHYCE,4
2636,RIAD,4
2636,RICKI,4
2636,RIDA,4
2636,RIDHWAAN,4
2636,RISHAB,4
2636,RITHIK,4
2636,RIVALDO,4
2636,RIZA,4
2636,ROCK,4
2636,ROGAN,4
2636,ROLLO,4
2636,ROMELL,4
2636,ROMELLO,4
2636,ROYSTON,4
2636,RUBIN,4
2636,RUDOLPH,4
2636,RUSSEL,4
2636,RYAAN,4
2636,RYLEIGH,4
2636,RYO,4
2636,SA'AD,4
2636,SAABIR,4
2636,SAAJAN,4
2636,SABIAN,4
2636,SAFYAN,4
2636,SAGAR,4
2636,SAHID,4
2636,SAHIR,4
2636,SAMY,4
2636,SARDAR,4
2636,SARIM,4
2636,SARMAD,4
2636,SASCHA,4
2636,SATNAM,4
2636,SAUD,4
2636,SAURAV,4
2636,SAYYED,4
2636,SAYYID,4
2636,SCOT,4
2636,SEBASTIAAN,4
2636,SEIF,4
2636,SELWYN,4
2636,SERGE,4
2636,SERKAN,4
2636,SHABBIR,4
2636,SHAHEED,4
2636,SHAHRIYAR,4
2636,SHAHRUKH,4
2636,SHAKEEM,4
2636,SHAKIEL,4
2636,SHAM,4
2636,SHAMAS,4
2636,SHARAF,4
2636,SHARAZ,4
2636,SHERAZ,4
2636,SHIRAZ,4
2636,SHIVAN,4
2636,SHIVRAJ,4
2636,SHNEUR,4
2636,SIKANDAR,4
2636,SIMAO,4
2636,SIMCHA,4
2636,SIU,4
2636,SOFIANE,4
2636,SRIRAM,4
2636,STAVROS,4
2636,SUDAIS,4
2636,SUFIYAAN,4
2636,SUMEET,4
2636,SYLVESTER,4
2636,SYRUS,4
2636,TADIWA,4
2636,TAHMIDUL,4
2636,TAILOR,4
2636,TAIT,4
2636,TAL,4
2636,TAMJID,4
2636,TANAKA,4
2636,TARIQUE,4
2636,TARON,4
2636,TARRON,4
2636,TARYN,4
2636,TAYLOR-JAMES,4
2636,TAYLOR-JAY,4
2636,TEAL,4
2636,TEDDIE,4
2636,TEGAN,4
2636,THARUN,4
2636,THE,4
2636,THEODOROS,4
2636,TIAN,4
2636,TIARNAN,4
2636,TIMUR,4
2636,TITO,4
2636,TITUS,4
2636,TJAY,4
2636,TOHEED,4
2636,TOLUWALASE,4
2636,TOLUWANI,4
2636,TOMEK,4
2636,TONI,4
2636,TOR,4
2636,TORBEN,4
2636,TRISTIN,4
2636,TRUMAN,4
2636,TYLAR,4
2636,TYLER-JAMES,4
2636,TYLER-JAY,4
2636,TYLER-LEE,4
2636,TYRESSE,4
2636,TYRHYS,4
2636,TYRRELL,4
2636,TZVI,4
2636,UBAYDULLAH,4
2636,UMAAN,4
2636,USAMA,4
2636,UTHMAAN,4
2636,VASILIS,4
2636,VERON,4
2636,VINCE,4
2636,VINNI,4
2636,WAHEED,4
2636,WAJID,4
2636,XANE,4
2636,YAMEEN,4
2636,YANIS,4
2636,YASER,4
2636,YIANNI,4
2636,YONATAN,4
2636,YUSIF,4
2636,YVES,4
2636,ZAAKIR,4
2636,ZAEEM,4
2636,ZAFIR,4
2636,ZAKARI,4
2636,ZAMEER,4
2636,ZAYAN,4
2636,ZED,4
2636,ZEKE,4
2636,ZENON,4
2636,ZEV,4
2636,ZHEN,4
2636,ZISHAAN,4
2636,ZIYAAD,4
2636,ZUHAIB,4
2636,ZURIEL,4
3225,AARUN,3
3225,AASIF,3
3225,ABAAN,3
3225,ABDILLAHI,3
3225,ABDIMALIK,3
3225,ABDIRIZAK,3
3225,ABDULKARIM,3
3225,ABDULMAJEED,3
3225,ABDUS,3
3225,ABE,3
3225,ABED,3
3225,ABHIJIT,3
3225,ABISHAN,3
3225,ACER,3
3225,ACKEEM,3
3225,ADARSH,3
3225,ADEDEJI,3
3225,ADEOLUWA,3
3225,ADI,3
3225,ADIE,3
3225,ADLANE,3
3225,ADONIJAH,3
3225,ADYAN,3
3225,AFFAAN,3
3225,AFNAN,3
3225,AFZAL,3
3225,AGON,3
3225,AGUSTIN,3
3225,AIRON,3
3225,AJANTHAN,3
3225,AJWAD,3
3225,AKASHDEEP,3
3225,AKBER,3
3225,AKHEEL,3
3225,AKIN,3
3225,AKSHAT,3
3225,AL-AMIN,3
3225,ALBION,3
3225,ALDIN,3
3225,ALEKSA,3
3225,ALEN,3
3225,ALEXANDA,3
3225,ALFY,3
3225,ALGERNON,3
3225,ALI-RAZA,3
3225,ALICK,3
3225,ALIJAH,3
3225,ALIOUNE,3
3225,ALLY,3
3225,ALPER,3
3225,ALTON,3
3225,ALYAAN,3
3225,AMAD,3
3225,AMANI,3
3225,AMARA,3
3225,AMIIR,3
3225,AMON,3
3225,AMRAIZ,3
3225,AMRIK,3
3225,ANAKIN,3
3225,ANEEL,3
3225,ANEESH,3
3225,ANESU,3
3225,ANGE,3
3225,ANIRUDH,3
3225,ANSH,3
3225,ARAFAT,3
3225,ARASH,3
3225,ARBAZ,3
3225,ARDEN,3
3225,ARDI,3
3225,ARFAN,3
3225,ARHAM,3
3225,ARIEL,3
3225,ARLEN,3
3225,ARSLAAN,3
3225,ARTUR,3
3225,ARTURO,3
3225,ARUNVEER,3
3225,ARYEH,3
3225,ASAN,3
3225,ASHA,3
3225,ASHARN,3
3225,ASHLIE,3
3225,ASHLIN,3
3225,ASIL,3
3225,ASSAD,3
3225,ATEEB,3
3225,ATLEY,3
3225,ATTICUS,3
3225,AUGUSTE,3
3225,AURYN,3
3225,AUZAIR,3
3225,AVIRAJ,3
3225,AVRAJ,3
3225,AVROHAM,3
3225,AYODEJI,3
3225,AYOTUNDE,3
3225,BADAL,3
3225,BARNES,3
3225,BARNIE,3
3225,BARRINGTON,3
3225,BAYRAM,3
3225,BECKS,3
3225,BEDRAN,3
3225,BELAL,3
3225,BENIAH,3
3225,BENJAMEN,3
3225,BENJAMINE,3
3225,BENOIT,3
3225,BENYAMIN,3
3225,BERES,3
3225,BERK,3
3225,BERTRAND,3
3225,BHARAT,3
3225,BHAVIN,3
3225,BILLY-JAY,3
3225,BILLYLEE,3
3225,BINYAMIN,3
3225,BLAIR,3
3225,BLAYN,3
3225,BLERTON,3
3225,BODEN,3
3225,BODIE,3
3225,BONO,3
3225,BORAN,3
3225,BOWEN,3
3225,BRAEDON,3
3225,BRAN,3
3225,BRANDO,3
3225,BRANON,3
3225,BRENDAN-LEE,3
3225,BRENNON,3
3225,BRIN,3
3225,BRODI,3
3225,BRUIN,3
3225,BRYNLEY,3
3225,CAILUM,3
3225,CAIRON,3
3225,CALAM,3
3225,CALLEN,3
3225,CALOGERO,3
3225,CALVYN,3
3225,CAMARAN,3
3225,CANAAN,3
3225,CANE,3
3225,CARLITO,3
3225,CARN,3
3225,CARVER,3
3225,CELLAN,3
3225,CELT,3
3225,CELTON,3
3225,CHADWICK,3
3225,CHANG,3
3225,CHARBEL,3
3225,CHARLI,3
3225,CHAUDHARY,3
3225,CHAUDHRY,3
3225,CHAYSE,3
3225,CHAZ,3
3225,CHEIKH,3
3225,CHIDERA,3
3225,CHIDI,3
3225,CHOUDHRY,3
3225,CHRIST,3
3225,CHUKWUMA,3
3225,CHUN,3
3225,CLEM,3
3225,CLIFFORD,3
3225,COBEN,3
3225,COBEY,3
3225,COEL,3
3225,COEN,3
3225,COLEBY,3
3225,COLTON,3
3225,CONAH,3
3225,CONRAN,3
3225,CORAN,3
3225,CORLEY,3
3225,CORRAN,3
3225,CORREY,3
3225,COSTAS,3
3225,COWAN,3
3225,CREE,3
3225,CULLUM,3
3225,CURT,3
3225,DAHA,3
3225,DAHIR,3
3225,DAIM,3
3225,DAINE,3
3225,DALLAS,3
3225,DALVINDER,3
3225,DAMAN,3
3225,DANANN,3
3225,DANNISH,3
3225,DANNYLEE,3
3225,DARELL,3
3225,DARIN,3
3225,DARRIN,3
3225,DARSH,3
3225,DASHIELL,3
3225,DAVIAN,3
3225,DAYLAN,3
3225,DAYLE,3
3225,DE,3
3225,DEAGLAN,3
3225,DECLEN,3
3225,DEIO,3
3225,DEIVIDAS,3
3225,DEJEAN,3
3225,DELANEY,3
3225,DEMETRIOS,3
3225,DEMITRI,3
3225,DENILSON,3
3225,DENUM,3
3225,DESEAN,3
3225,DEVRAJ,3
3225,DEVYN,3
3225,DEX,3
3225,DHANESH,3
3225,DHANYAAL,3
3225,DHIAN,3
3225,DHRU,3
3225,DHYLAN,3
3225,DIDIER,3
3225,DIESEL,3
3225,DIJON,3
3225,DILLEN,3
3225,DIMITRIS,3
3225,DINESH,3
3225,DIOR,3
3225,DIVYESH,3
3225,DONNIE,3
3225,DORRELL,3
3225,DRAE,3
3225,DRAGAN,3
3225,DREY,3
3225,DUKE,3
3225,EBRIMA,3
3225,EDOUARD,3
3225,EDSON,3
3225,EESAH,3
3225,EINION,3
3225,EISAA,3
3225,EITAN,3
3225,EKAM,3
3225,ELAN,3
3225,ELDON,3
3225,ELIE,3
3225,ELIYAHU,3
3225,ELLERY,3
3225,ELLIS-JAY,3
3225,ELVIN,3
3225,EMILIANO,3
3225,EMIRHAN,3
3225,EMLYN,3
3225,EMMETT,3
3225,EMON,3
3225,EMRAH,3
3225,EMRAN,3
3225,EMYR,3
3225,ENOCK,3
3225,ERI,3
3225,ERJON,3
3225,ERVIN,3
3225,ERWIN,3
3225,ESPEN,3
3225,ETHAN-JAMES,3
3225,EYAD,3
3225,EYTAN,3
3225,EZANA,3
3225,FADHIL,3
3225,FAHMI,3
3225,FAIZAL,3
3225,FARID,3
3225,FAROOQ,3
3225,FARRELL,3
3225,FARZAD,3
3225,FAWWAZ,3
3225,FAZAN,3
3225,FERRIS,3
3225,FEZAN,3
3225,FINLEIGH,3
3225,FINTON,3
3225,FLORIAN,3
3225,FORTUNE,3
3225,FOX,3
3225,FRANCIE,3
3225,FRITZ,3
3225,FURQAN,3
3225,FUZAIL,3
3225,GAELEN,3
3225,GARRETT,3
3225,GAVRIEL,3
3225,GENO,3
3225,GEOFF,3
3225,GEORDAN,3
3225,GEORGES,3
3225,GEORGIOS,3
3225,GEORGY,3
3225,GERMAIN,3
3225,GIAN-LUCA,3
3225,GIANCARLO,3
3225,GIBSON,3
3225,GIL,3
3225,GIO,3
3225,GIOVANI,3
3225,GIRISH,3
3225,GIULIANO,3
3225,GOKDENIZ,3
3225,GONCALO,3
3225,GULED,3
3225,GUNEY,3
3225,GURJOT,3
3225,GWERN,3
3225,HAAMID,3
3225,HABIBUR,3
3225,HABIL,3
3225,HADEED,3
3225,HADRIEN,3
3225,HAFIZ,3
3225,HANAAN,3
3225,HARISS,3
3225,HARISSON,3
3225,HARJAS,3
3225,HARJEET,3
3225,HARJIT,3
3225,HARKARAN,3
3225,HARLIE,3
3225,HARVEY-LEE,3
3225,HARVI,3
3225,HARVINDER,3
3225,HASSEN,3
3225,HAVEN,3
3225,HAYDAN,3
3225,HAYDER,3
3225,HELDER,3
3225,HERSH,3
3225,HIMAT,3
3225,HIRAM,3
3225,HIZAR,3
3225,HOPE,3
3225,HRISHI,3
3225,HRITIK,3
3225,HUMAYL,3
3225,HUSAAM,3
3225,HUSSEN,3
3225,HUZAYFA,3
3225,HYRUM,3
3225,IEAUN,3
3225,IFEANYI,3
3225,IFEOLUWA,3
3225,IHSAAN,3
3225,ILIR,3
3225,ILYAAS,3
3225,IMANUEL,3
3225,INAAM,3
3225,INDIANA,3
3225,IQBAL,3
3225,ISAA,3
3225,ISAH,3
3225,ISHAK,3
3225,ISHER,3
3225,ISHMAIL,3
3225,ISMAAEEL,3
3225,ISRAR,3
3225,JAABIR,3
3225,JAAN,3
3225,JABARI,3
3225,JABRIL,3
3225,JACEY,3
3225,JAEDYN,3
3225,JAGGER,3
3225,JAGROOP,3
3225,JAGVEER,3
3225,JAGVIR,3
3225,JAHANGIR,3
3225,JAHANZEB,3
3225,JAHIDUL,3
3225,JAHROME,3
3225,JAIDEEP,3
3225,JAIDYN,3
3225,JAIMAL,3
3225,JAIMIE,3
3225,JAIRAJ,3
3225,JAIRUS,3
3225,JAMARI,3
3225,JAN-MICHAEL,3
3225,JANAID,3
3225,JANOSHAN,3
3225,JAREL,3
3225,JARETH,3
3225,JARI,3
3225,JAROD,3
3225,JARRYD,3
3225,JATIN,3
3225,JAVAE,3
3225,JAVARNE,3
3225,JAVID,3
3225,JAYAN,3
3225,JAYCOB,3
3225,JAYJAY,3
3225,JAYMZ,3
3225,JAYON,3
3225,JEDEDIAH,3
3225,JEMAL,3
3225,JERMAIN,3
3225,JESSIE,3
3225,JETON,3
3225,JEVEN,3
3225,JIA,3
3225,JIBRAEL,3
3225,JIHAD,3
3225,JIN,3
3225,JING,3
3225,JOB,3
3225,JOESEPH,3
3225,JOHB,3
3225,JOHN-JAMES,3
3225,JOHNPAUL,3
3225,JOHNSON,3
3225,JOOST,3
3225,JORDANLEE,3
3225,JORDY,3
3225,JORGEN,3
3225,JOWAN,3
3225,JOY,3
3225,JUBEL,3
3225,JUJHAR,3
3225,JULEN,3
3225,JURGEN,3
3225,JUSTICE,3
3225,KA,3
3225,KACI,3
3225,KADAN,3
3225,KAEDEN,3
3225,KAGAN,3
3225,KAHLIL,3
3225,KAID,3
3225,KAIDON,3
3225,KAITO,3
3225,KAJAN,3
3225,KALIL,3
3225,KALYAN,3
3225,KAMARL,3
3225,KAMRAAN,3
3225,KAMRUL,3
3225,KARAMJEET,3
3225,KARLO,3
3225,KARNELL,3
3225,KARTHIK,3
3225,KARTIK,3
3225,KASHAN,3
3225,KASIE,3
3225,KAY,3
3225,KAYDAN,3
3225,KAYDE,3
3225,KAYLUN,3
3225,KAYODE,3
3225,KAYRA,3
3225,KEAGAN,3
3225,KEHINDE,3
3225,KEINAN,3
3225,KEIRYN,3
3225,KEL,3
3225,KELLEN,3
3225,KELLEY,3
3225,KELLUM,3
3225,KELLY,3
3225,KENDAL,3
3225,KENDRICK,3
3225,KENTON,3
3225,KENZIE,3
3225,KEONE,3
3225,KERRY,3
3225,KESSER,3
3225,KHALIM,3
3225,KHALIS,3
3225,KHUBAIB,3
3225,KHUSHAL,3
3225,KHYE,3
3225,KHYLE,3
3225,KHYRON,3
3225,KIAL,3
3225,KIAM,3
3225,KIANE,3
3225,KIARON,3
3225,KIMARNI,3
3225,KIYA,3
3225,KONNA,3
3225,KONSTANTINOS,3
3225,KORBON,3
3225,KOUROSH,3
3225,KRZYSZTOF,3
3225,KUBILAY,3
3225,KUDAKWASHE,3
3225,KURRAN,3
3225,KWAJO,3
3225,KWOK,3
3225,KYERAN,3
3225,KYLER,3
3225,KYSON,3
3225,LAMIN,3
3225,LANDON,3
3225,LASZLO,3
3225,LATIF,3
3225,LAVAN,3
3225,LAVELL,3
3225,LAWRIE,3
3225,LAYTH,3
3225,LEAM,3
3225,LEEVI,3
3225,LEI,3
3225,LEXX,3
3225,LIAN,3
3225,LION,3
3225,LIONEL,3
3225,LLAYTON,3
3225,LLYWELYN,3
3225,LOCHLAIN,3
3225,LONNIE,3
3225,LORIK,3
3225,LORIMER,3
3225,LUCAIS,3
3225,LUCAN,3
3225,LUCIO,3
3225,LUCKY,3
3225,LUDOVICO,3
3225,LUEY,3
3225,LUIZ,3
3225,LUKASZ,3
3225,LYSANDER,3
3225,MACEY,3
3225,MACKAI,3
3225,MACKENSIE,3
3225,MAHAMAD,3
3225,MAHAMMAD,3
3225,MAHEE,3
3225,MAK,3
3225,MAKOMBORERO,3
3225,MALAKIE,3
3225,MALO,3
3225,MAMADOU,3
3225,MANAS,3
3225,MANDIP,3
3225,MANISH,3
3225,MANU,3
3225,MARCELO,3
3225,MARKEL,3
3225,MARLEE,3
3225,MARLI,3
3225,MARLOWE,3
3225,MARUF,3
3225,MARVELLOUS,3
3225,MASOOD,3
3225,MATAS,3
3225,MATEUS,3
3225,MATHEUS,3
3225,MATHYS,3
3225,MATIS,3
3225,MAWGAN,3
3225,MAXAMILLIAN,3
3225,MAXIE,3
3225,MAYAN,3
3225,MAYUR,3
3225,MCKYE,3
3225,MEHRAN,3
3225,MELIH,3
3225,MENDY,3
3225,MERIC,3
3225,MERVIN,3
3225,MERVYN,3
3225,MESHULEM,3
3225,MEURIG,3
3225,MICHEL,3
3225,MIKA,3
3225,MIKEL,3
3225,MILEY,3
3225,MILLAR,3
3225,MIN,3
3225,MIRO,3
3225,MODOU,3
3225,MOHAD,3
3225,MOHSEN,3
3225,MOMODOU,3
3225,MONTE,3
3225,MORDECHI,3
3225,MORITZ,3
3225,MORRIS,3
3225,MOSA,3
3225,MOSS,3
3225,MUBASHER,3
3225,MUDATHIR,3
3225,MUEEZ,3
3225,MUIZ,3
3225,MUNASAR,3
3225,MUNTASIR,3
3225,MURDO,3
3225,MUSE,3
3225,MUSTAFE,3
3225,NABHAN,3
3225,NADER,3
3225,NAFEES,3
3225,NAHOM,3
3225,NAMEER,3
3225,NASAR,3
3225,NAT,3
3225,NAUMAAN,3
3225,NAVDEEP,3
3225,NAVEEN,3
3225,NAZEEM,3
3225,NECO,3
3225,NEDAL,3
3225,NEERAJ,3
3225,NIBRAS,3
3225,NICLAS,3
3225,NICOLA,3
3225,NIKO,3
3225,NISHANT,3
3225,NNAMDI,3
3225,NOUR,3
3225,NUR,3
3225,NYAL,3
3225,NYE,3
3225,OBI,3
3225,OBINNA,3
3225,OKAN,3
3225,OLANREWAJU,3
3225,OLLIVER,3
3225,OLUWAKAYODE,3
3225,OLUWAROTIMI,3
3225,OLUWATAMILORE,3
3225,OLUWATENIOLA,3
3225,OMARIE,3
3225,OMRAN,3
3225,ONYEKACHI,3
3225,OSBORN,3
3225,OSEI,3
3225,OTHNIEL,3
3225,OUSAMA,3
3225,OWIN,3
3225,OZCAN,3
3225,PA,3
3225,PADRAIC,3
3225,PARMINDER,3
3225,PASHA,3
3225,PATRIC,3
3225,PAVIN,3
3225,PAVLE,3
3225,PELE,3
3225,PERCIVAL,3
3225,PHILIPPOS,3
3225,PHINEAS,3
3225,PIETER,3
3225,PIETRO,3
3225,PIP,3
3225,PRABVEER,3
3225,PRAVEER,3
3225,PRIYAN,3
3225,PROSPER,3
3225,QADEER,3
3225,QAMAR,3
3225,QUAID,3
3225,QUINTON,3
3225,RAEGAN,3
3225,RAFIQ,3
3225,RAHAN,3
3225,RAHEEB,3
3225,RAHEES,3
3225,RAHIB,3
3225,RAHIEM,3
3225,RAIYAAN,3
3225,RAIYAN,3
3225,RAJAT,3
3225,RAJDEEP,3
3225,RAJESH,3
3225,RAJIV,3
3225,RAKIB,3
3225,RALPHIE,3
3225,RAMAN,3
3225,RAMARNI,3
3225,RAMEL,3
3225,RAMELL,3
3225,RAMEZ,3
3225,RAMSAY,3
3225,RAMTIN,3
3225,RANDOLPH,3
3225,RANJOT,3
3225,RANVEER,3
3225,RAOUL,3
3225,RAQEEB,3
3225,RASHAAD,3
3225,RASHAUN,3
3225,RASHAWN,3
3225,RASHEED,3
3225,RAVINDER,3
3225,RAZIK,3
3225,REAGEN,3
3225,REDA,3
3225,REDWAN,3
3225,REEFE,3
3225,REILY,3
3225,REUEL,3
3225,REZA,3
3225,RHION,3
3225,RHY,3
3225,RIDHWAN,3
3225,RIECE,3
3225,RIKESH,3
3225,RIKHIL,3
3225,RIPLEY,3
3225,RITESH,3
3225,RITIK,3
3225,RITVIK,3
3225,RIYADUL,3
3225,ROBAT,3
3225,ROBEL,3
3225,RODI,3
3225,ROHIL,3
3225,ROLANDO,3
3225,ROMAINE,3
3225,ROMANO,3
3225,ROMEY,3
3225,ROONEY,3
3225,RORI,3
3225,RUAN,3
3225,RUEL,3
3225,RUHAAN,3
3225,RUHEL,3
3225,RYANDEEP,3
3225,RYDER,3
3225,RYHAN,3
3225,SAADIQ,3
3225,SAAIM,3
3225,SABASTIAN,3
3225,SABEEL,3
3225,SABER,3
3225,SAED,3
3225,SAFEER,3
3225,SAFI,3
3225,SAFIAN,3
3225,SAFIYAN,3
3225,SAGE,3
3225,SAHAD,3
3225,SAHEB,3
3225,SAHEL,3
3225,SAHIN,3
3225,SAHR,3
3225,SAIHAAN,3
3225,SAJAN,3
3225,SAJEEL,3
3225,SAKARIYA,3
3225,SALAH,3
3225,SALIEU,3
3225,SALIK,3
3225,SALVADOR,3
3225,SAMAAD,3
3225,SAMET,3
3225,SAMEUL,3
3225,SAMIT,3
3225,SAMIULLAH,3
3225,SANCHEZ,3
3225,SANDY,3
3225,SANEL,3
3225,SANJEEV,3
3225,SAVRAJ,3
3225,SAYEED,3
3225,SEMIH,3
3225,SEREN,3
3225,SERGIO,3
3225,SERHAN,3
3225,SEUNG,3
3225,SEZER,3
3225,SHAHAAB,3
3225,SHAHAN,3
3225,SHAHARIAR,3
3225,SHAHIN,3
3225,SHAHIR,3
3225,SHAHNAWAZ,3
3225,SHAHRYAR,3
3225,SHAHZEB,3
3225,SHAIYAN,3
3225,SHAKA,3
3225,SHAKAI,3
3225,SHAKUR,3
3225,SHALIN,3
3225,SHAMMAI,3
3225,SHAMMAS,3
3225,SHANLEY,3
3225,SHANNON,3
3225,SHARAD,3
3225,SHARJEEL,3
3225,SHARMAKE,3
3225,SHARMARKE,3
3225,SHAYLAN,3
3225,SHAZEB,3
3225,SHEHZAD,3
3225,SHEMAIAH,3
3225,SHERIFF,3
3225,SHERYAAR,3
3225,SHIHAB,3
3225,SHIVA,3
3225,SHUAB,3
3225,SHULEM,3
3225,SIDAR,3
3225,SIDDARTH,3
3225,SIDDHARTH,3
3225,SIDDHARTHA,3
3225,SIMONE,3
3225,SKYE,3
3225,SKYLER,3
3225,SOFYAN,3
3225,SOHAM,3
3225,SRITHARAN,3
3225,STEVAN,3
3225,SUFIAN,3
3225,SUHAYL,3
3225,SUHEYB,3
3225,SUKHDEV,3
3225,SULAMAN,3
3225,SULEYMAN,3
3225,SUNNI,3
3225,SUREN,3
3225,SUTHARSAN,3
3225,SUYASH,3
3225,SVEN,3
3225,TADIWANASHE,3
3225,TAFARA,3
3225,TAIG,3
3225,TAITE,3
3225,TAJAY,3
3225,TALAN,3
3225,TALIB,3
3225,TALLIS,3
3225,TALLON,3
3225,TAM,3
3225,TAMIR,3
3225,TANAY,3
3225,TANWEER,3
3225,TANZIL,3
3225,TAPIWA,3
3225,TAQI,3
3225,TARAK,3
3225,TARANDEEP,3
3225,TARO,3
3225,TARRIN,3
3225,TASEEN,3
3225,TASHAUN,3
3225,TASHINGA,3
3225,TAUQEER,3
3225,TAWANA,3
3225,TAWFIQ,3
3225,TAYEB,3
3225,TAYYUB,3
3225,TEE,3
3225,TEIFION,3
3225,TEIGUE,3
3225,TEJAY,3
3225,TEMILOLUWA,3
3225,TEMITAYO,3
3225,TERELL,3
3225,THANUSAN,3
3225,THELONIOUS,3
3225,THEOPHILUS,3
3225,THERON,3
3225,THIBAULT,3
3225,THOMAS-JAY,3
3225,TIERAN,3
3225,TIGHE,3
3225,TIMO,3
3225,TINO,3
3225,TOBECHUKWU,3
3225,TOCHUKWU,3
3225,TOLULOPE,3
3225,TOMMY-JAY,3
3225,TOMMY-RAY,3
3225,TORRAN,3
3225,TORRIN,3
3225,TRAY,3
3225,TRISTRAM,3
3225,TUAN,3
3225,TUCKER,3
3225,TUDOR,3
3225,TUSHAR,3
3225,TWM,3
3225,TYGER,3
3225,TYLAH,3
3225,TYLER-,3
3225,TYREACE,3
3225,TYREAK,3
3225,TYREL,3
3225,TYREN,3
3225,UGOCHUKWU,3
3225,UGUR,3
3225,UGURCAN,3
3225,UMBERTO,3
3225,UMUTCAN,3
3225,USAID,3
3225,USAMAH,3
3225,UWAYS,3
3225,VASSILIOS,3
3225,VEER,3
3225,VIKESH,3
3225,VIKRAMJIT,3
3225,VINIT,3
3225,VIREN,3
3225,VISHNU,3
3225,VLADIMIR,3
3225,WAHIDUR,3
3225,WAI,3
3225,WAJAAHAT,3
3225,WAN,3
3225,WAQAAR,3
3225,WARRICK,3
3225,WARSAME,3
3225,WEN,3
3225,WING,3
3225,XAN,3
3225,YAASIR,3
3225,YACOUB,3
3225,YAD,3
3225,YAFET,3
3225,YAHIYA,3
3225,YAMAN,3
3225,YAN,3
3225,YASAR,3
3225,YASSINE,3
3225,YASSIR,3
3225,YAZID,3
3225,YECHIEL,3
3225,YNYR,3
3225,YOGESH,3
3225,YOONUS,3
3225,YOSEPH,3
3225,YOUNG,3
3225,YUEN,3
3225,ZACCHAEUS,3
3225,ZACHARI,3
3225,ZACKARIA,3
3225,ZAIN-ALI,3
3225,ZAIN-UL,3
3225,ZAKARIYAH,3
3225,ZAKEE,3
3225,ZARIF,3
3225,ZAYAAN,3
3225,ZAYDAN,3
3225,ZEKI,3
3225,ZEN,3
3225,ZENNON,3
3225,ZEPHYR,3
3225,ZEUS,3
3225,ZHANE,3
3225,ZI,3
3225,ZOLTAN,3
3225,ZULKARNAIN,3
