Rank,Name,Count
1,JACK,9037
2,JOSHUA,8190
3,THOMAS,7213
4,JAMES,6305
5,DANIEL,5794
6,OLIVER,5062
7,BENJAMIN,4999
8,SAMUEL,4970
9,WILLIAM,4904
10,JOSEPH,4828
11,HARRY,4644
12,MATTHEW,4480
13,LEWIS,4056
14,LUKE,3958
15,ETHAN,3924
16,GEORGE,3479
17,ALFIE,3450
18,ADAM,3404
19,CALLUM,3363
20,ALEXANDER,3252
21,MOHAMMED,3174
22,RYAN,3147
23,CAMERON,2979
24,CHARLIE,2936
25,CONNOR,2930
26,BEN,2904
27,JACOB,2903
28,DYLAN,2886
29,LIAM,2683
30,NATHAN,2574
31,JAKE,2551
32,JAMIE,2312
33,OWEN,2282
34,MAX,2154
35,TYLER,2143
36,HARVEY,2104
37,KIERAN,2099
38,MICHAEL,1987
39,KYLE,1823
40,BRANDON,1720
41,LOUIS,1699
42,ALEX,1689
43,AARON,1636
44,BRADLEY,1582
45,EDWARD,1412
46,REECE,1380
47,HARRISON,1359
48,CHARLES,1302
49,DAVID,1264
50,ARCHIE,1216
51,TOBY,1200
52,RHYS,1186
53,HENRY,1159
54,JORDAN,1158
55,JOE,1126
56,KAI,1119
57,KIAN,1094
58,MORGAN,1069
59,CHRISTOPHER,1057
60,ROBERT,1054
61,MUHAMMAD,1048
62,OSCAR,992
63,SAM,981
64,ISAAC,942
65,JAY,929
66,JOHN,920
67,SEAN,866
68,FINLAY,860
69,JOEL,846
70,MOHAMMAD,845
71,DOMINIC,842
72,AIDAN,838
72,LUCAS,838
74,LEON,824
75,ANDREW,820
76,TAYLOR,807
77,LEO,774
78,ELLIOT,771
79,JONATHAN,753
80,BAILEY,750
81,PATRICK,742
82,SCOTT,713
83,FINLEY,710
84,BILLY,703
85,ELLIS,677
86,LOGAN,656
87,MASON,654
88,SEBASTIAN,637
89,TOM,629
90,SPENCER,617
91,NICHOLAS,607
92,DECLAN,604
93,JOSH,598
94,NOAH,597
95,EWAN,552
96,ANTHONY,543
97,JUDE,537
98,LUCA,536
99,COREY,526
100,MARCUS,521
101,PETER,520
102,ZACHARY,516
103,GABRIEL,502
104,FREDERICK,497
105,RILEY,494
106,MITCHELL,489
107,JASON,484
108,MARK,483
109,ZAK,474
110,JAYDEN,471
111,LOUIE,470
112,CIARAN,462
113,AIDEN,456
114,EVAN,451
115,ASHLEY,449
116,NATHANIEL,441
117,FREDDIE,436
118,HAYDEN,432
119,FINN,428
120,ELLIOTT,418
121,CHRISTIAN,399
122,REUBEN,396
123,DANNY,393
124,CONOR,392
125,ALFRED,389
126,THEO,385
127,MACKENZIE,381
128,KANE,378
129,TOMMY,376
130,LEE,374
131,HAMZA,364
132,RORY,360
133,ALI,354
133,KIERON,354
135,ROSS,346
136,STEPHEN,345
137,PAUL,340
138,IBRAHIM,331
139,MOHAMED,322
139,MUHAMMED,322
139,SHAUN,322
142,TOBIAS,321
143,COLE,318
144,SHANE,317
145,HARLEY,312
146,ABDUL,308
146,EUAN,308
148,RICHARD,306
149,SYED,305
150,AHMED,303
151,LEVI,302
152,FELIX,301
152,STEVEN,301
154,JUSTIN,297
154,ZAIN,297
156,TRISTAN,290
157,SONNY,285
158,CALEB,268
159,TRAVIS,262
160,BLAKE,261
160,ROHAN,261
162,NIALL,259
163,ROWAN,257
164,CALUM,252
165,MARSHALL,242
165,THEODORE,242
167,CURTIS,237
168,ARTHUR,233
169,MAXWELL,232
170,DILLON,230
171,RIO,228
171,TYRESE,228
173,MILES,227
174,ROBBIE,223
175,HUGO,221
176,DEAN,220
177,FLYNN,217
177,STANLEY,217
179,ELIJAH,216
180,ZACK,215
181,HASSAN,214
182,ABDULLAH,212
183,KEVIN,211
184,OMAR,209
185,CODY,208
185,FRANKIE,208
187,ANGUS,207
187,CRAIG,207
189,SHAY,205
190,YUSUF,201
191,JADEN,197
191,MAXIMILIAN,197
193,EMMANUEL,195
194,CIAN,194
195,FRASER,193
195,RONNIE,193
195,TOMAS,193
198,DREW,192
199,TIMOTHY,191
200,BOBBY,189
201,KYE,188
201,MALACHI,188
203,REGAN,184
204,AMAAN,181
205,BENEDICT,176
205,HASAN,176
207,CORY,175
208,SIMON,174
209,FRANCIS,173
210,MARTIN,171
211,JASPER,166
212,CARL,161
212,UMAR,161
214,LLOYD,160
214,RUBEN,160
216,BILAL,158
216,MATHEW,158
218,MYLES,156
219,PHILIP,153
219,SETH,153
219,WILL,153
222,BRENDAN,149
222,LENNON,149
224,ALISTAIR,145
224,ASHTON,145
224,CONNER,145
227,CASEY,144
227,LUIS,144
229,JACKSON,142
229,ZAC,142
231,DARREN,141
231,TROY,141
233,CAI,138
233,JAK,138
235,ADIL,137
235,ALBERT,137
235,OWAIN,137
238,GUY,135
238,HAYDN,135
240,MCKENZIE,134
241,ROMAN,132
241,SOLOMON,132
243,BYRON,131
243,HAMZAH,131
245,JAMAL,130
246,IEUAN,129
246,JONAH,129
248,BARNABY,127
249,JARED,126
249,JENSON,126
249,MARLEY,126
252,ISMAIL,125
253,GREGORY,124
254,FRANK,122
254,JIMMY,122
256,MUSTAFA,121
256,SAMI,121
258,ARRON,119
258,JAC,119
258,JAI,119
261,KARL,118
262,LAWRENCE,117
263,ARRAN,116
263,VINCENT,116
265,ADRIAN,115
266,ROBIN,114
267,ANTONY,113
267,MARC,113
267,WESLEY,113
270,BROOKLYN,112
270,GARETH,112
270,LEIGHTON,112
270,XAVIER,112
274,ANDRE,110
275,DEVON,109
275,KRISTIAN,109
275,TODD,109
278,AMAN,108
278,STUART,108
280,DAMIEN,107
280,JED,107
280,JESSE,107
280,KEATON,107
280,ZACHARIAH,107
285,USMAN,106
286,HARIS,105
287,BRIAN,104
287,KEIRAN,104
289,HARRIS,103
290,AUSTIN,101
291,ALEC,100
291,CAIN,100
291,FERGUS,100
294,KEELAN,99
294,NEO,99
296,ALAN,98
296,IESTYN,98
298,IWAN,97
299,LAURENCE,96
300,AJAY,95
300,ANTON,95
300,ARJUN,95
300,BRYN,95
304,HUGH,94
305,DAFYDD,92
305,ERIC,92
305,MAXIMUS,92
308,AHMAD,91
308,CARTER,91
308,HAMISH,91
308,IAN,91
308,RAHUL,91
313,AMIR,90
313,MILO,90
315,ARYAN,89
315,TOMOS,89
317,JENSEN,88
317,JOSEF,88
317,SAIF,88
320,JAKOB,87
320,JOSIAH,87
320,TEDDY,87
320,ZACH,87
324,HAROON,86
324,TYRONE,86
326,BEAU,85
326,SAMEER,85
328,EDEN,84
329,AWAIS,83
329,BRETT,83
329,CALVIN,83
332,DOUGLAS,82
332,KALLUM,82
332,RAPHAEL,82
332,STEFAN,82
332,WARREN,82
337,DION,81
337,KYRAN,81
337,XANDER,81
340,DANYAL,80
340,IOAN,80
340,JON,80
340,RONAN,80
344,CAMRON,79
344,FLETCHER,79
344,LAYTON,79
344,LUKAS,79
344,OAKLEY,79
344,UZAIR,79
350,ARUN,78
350,JAIDEN,78
350,JAYDON,78
350,JEREMY,78
350,SAHIL,78
350,SAUL,78
350,SHEA,78
357,IMRAN,77
357,JORDON,77
357,KEEGAN,77
360,ARON,76
360,DAMIAN,76
360,KURTIS,76
360,NED,76
360,TONY,76
365,CHAD,75
365,DEXTER,75
365,JUNAID,75
365,KAMRAN,75
365,MARCO,75
370,JULIAN,74
371,FABIAN,72
371,LACHLAN,72
371,OSIAN,72
371,SIDNEY,72
371,TY,72
371,ZAKARIA,72
377,ANTONIO,71
377,OLLIE,71
379,GARY,70
379,KHALID,70
381,AADAM,69
381,BAYLEY,69
381,BRAD,69
381,PHARRELL,69
381,SAMIR,69
381,TED,69
381,YAHYA,69
388,ASTON,68
388,BRODIE,68
388,HASHIM,68
388,KURT,68
388,NICOLAS,68
388,ZAKARIYA,68
394,HAIDER,67
394,KEENAN,67
394,KIRAN,67
394,RALPH,67
398,COBY,66
398,NICO,66
398,QASIM,66
401,ADNAN,65
401,CARLOS,65
401,LUC,65
401,LUKA,65
401,TYREECE,65
406,DANTE,64
406,ELIAS,64
406,FREDDY,64
406,KADEN,64
406,KIEREN,64
406,SION,64
406,VICTOR,64
406,VINNIE,64
414,ANAS,63
414,ISA,63
414,KAINE,63
414,MALACHY,63
418,ALASTAIR,62
418,HARRI,62
418,KADE,62
418,PHILLIP,62
418,STEFFAN,62
423,ALESSANDRO,61
423,DALE,61
423,HUSSAIN,61
423,MATTEO,61
423,MAXIMILLIAN,61
428,DENNIS,60
428,JERMAINE,60
428,RYLEY,60
428,TYRELL,60
432,ARMAAN,59
432,CHARLEY,59
432,JOHNNY,59
432,SOL,59
432,TARAN,59
437,ABDIRAHMAN,58
437,JONATHON,58
437,MUSA,58
437,ROCCO,58
441,JEROME,57
441,MACAULEY,57
441,MIKEY,57
441,MILAN,57
445,ABU,56
445,IBRAHEEM,56
445,OSKAR,56
448,ARCHIBALD,55
448,CLAYTON,55
448,DARNELL,55
448,ISAIAH,55
448,TYE,55
453,FARHAN,54
453,GETHIN,54
453,HAARIS,54
453,JAGO,54
453,KAMERON,54
453,LEONARDO,54
453,PIERCE,54
453,REISS,54
461,DEACON,53
461,EDDIE,53
461,KAYDEN,53
461,LEMAR,53
461,NATHANAEL,53
461,QUINN,53
461,RAJA,53
461,TARIQ,53
469,ASAD,52
469,LENNY,52
469,RUFUS,52
469,RUPERT,52
473,ABBAS,51
473,ABRAHAM,51
473,ASHER,51
473,HUW,51
473,LEONARD,51
473,WILFRED,51
479,CIERAN,50
479,COLBY,50
479,DALTON,50
479,ELIOT,50
479,GAVIN,50
479,HASNAIN,50
479,HECTOR,50
479,RAJAN,50
479,SUBHAN,50
479,THIERRY,50
479,UMAIR,50
490,ALBIE,49
490,DUNCAN,49
490,FRAZER,49
490,KEANE,49
490,KEIRON,49
490,KELVIN,49
490,MICAH,49
490,RAHEEM,49
490,ROMEO,49
499,BRENDON,48
499,CADEN,48
499,DENIS,48
499,ELI,48
499,HASEEB,48
499,IVAN,48
499,KOFI,48
499,LEWYS,48
499,NEIL,48
499,SACHIN,48
509,ABDULLAHI,47
509,AMAR,47
509,DANE,47
509,LAMAR,47
509,MALIK,47
514,BARNEY,46
514,FAISAL,46
514,GEORGIE,46
514,RIAN,46
514,ZEESHAN,46
519,AYMAN,45
519,COLIN,45
519,CONRAD,45
519,EOIN,45
519,FINNLEY,45
519,FRED,45
519,IZAAK,45
519,JOEY,45
519,KAIN,45
519,RICKY,45
519,SAMUAL,45
519,SOHAIL,45
531,DANYAAL,44
531,FAIZAN,44
531,FINDLAY,44
531,JEEVAN,44
531,OISIN,44
531,RUSSELL,44
537,ANISH,43
537,BLAINE,43
537,BRYCE,43
537,CORMAC,43
537,MAXIM,43
537,ORLANDO,43
537,RAYYAN,43
537,TERRY,43
537,ZANE,43
546,DILLAN,42
546,EDWIN,42
546,ISMAEEL,42
546,KIT,42
546,LEYTON,42
546,REAGAN,42
546,RICARDO,42
546,RUDY,42
546,SHAH,42
546,SHAWN,42
546,WOODY,42
546,YASIN,42
558,BRODY,41
558,BROGAN,41
558,BROOK,41
558,MALAKAI,41
558,PRINCE,41
558,SIMEON,41
558,TAI,41
565,ALEXANDRE,40
565,ANDREAS,40
565,DEWI,40
565,EMRE,40
565,GREGOR,40
565,IDRIS,40
565,JAHEIM,40
565,PIERS,40
565,RAYMOND,40
565,RICO,40
565,SAAD,40
565,WAYNE,40
577,AMIN,39
577,AZAAN,39
577,HARI,39
577,ILYAS,39
577,JOHNATHAN,39
577,MITCHEL,39
577,RAFAEL,39
577,YOUSUF,39
577,ZAYN,39
586,BRUNO,38
586,ELIS,38
586,FAIZAAN,38
586,FARIS,38
586,FYNN,38
586,HUMZA,38
586,JEREMIAH,38
586,KOBE,38
586,NIKHIL,38
586,RUDI,38
586,SUBHAAN,38
586,TATE,38
586,ZAID,38
599,ABDULRAHMAN,37
599,ARAN,37
599,CAINE,37
599,CHE,37
599,DAMON,37
599,DAN,37
599,EHSAN,37
599,EZRA,37
599,JAMIL,37
599,JONTY,37
599,KAIDEN,37
599,KEITH,37
599,PHOENIX,37
599,RISHI,37
599,SAMSON,37
599,SPIKE,37
615,ANDY,36
615,ARJAN,36
615,ARMAN,36
615,CADE,36
615,DARCY,36
615,DIEGO,36
615,FINTAN,36
615,HUSNAIN,36
615,JAN,36
615,JONNY,36
615,KEANU,36
615,KEIR,36
615,KORBEN,36
615,RAYHAN,36
615,SEAMUS,36
615,SEBASTIEN,36
615,SHAYAN,36
615,TORIN,36
633,BRADY,35
633,FAHAD,35
633,FREDERIC,35
633,KENNETH,35
633,MEHMET,35
633,RAFE,35
633,RAHIM,35
633,ROSHAN,35
633,SHOAIB,35
642,ADEN,34
642,DAANISH,34
642,DENZEL,34
642,HERBIE,34
642,JORGE,34
642,KIRK,34
642,KRISH,34
642,KYRON,34
642,MONTY,34
642,MURRAY,34
642,TALHA,34
653,AMARI,33
653,ASIM,33
653,BRANDAN,33
653,BRAYDEN,33
653,BRUCE,33
653,BRYAN,33
653,CALLAN,33
653,CASPAR,33
653,CHASE,33
653,DANISH,33
653,DENIZ,33
653,EESA,33
653,FAHIM,33
653,HAMMAD,33
653,JUAN,33
653,KRISHAN,33
653,LORENZO,33
653,MACAULAY,33
653,MATT,33
653,MIGUEL,33
653,MOHAMAD,33
653,MOSES,33
653,NABIL,33
653,RAEES,33
653,SHAE,33
653,SHEIKH,33
653,YASH,33
680,BRANDEN,32
680,DEVAN,32
680,DHRUV,32
680,EMILIO,32
680,FAHEEM,32
680,HENRI,32
680,KAREEM,32
680,KHALIL,32
680,NABEEL,32
680,PADDY,32
680,RAUL,32
680,REEGAN,32
680,REES,32
680,SHAAN,32
680,ZAKI,32
695,AKASH,31
695,AYUB,31
695,CASPER,31
695,CHRIS,31
695,CYRUS,31
695,DANIAL,31
695,ERIK,31
695,GIOVANNI,31
695,GRAHAM,31
695,JACQUES,31
695,JUNAYD,31
695,MARIO,31
695,MONTGOMERY,31
695,REGGIE,31
695,ROBSON,31
710,AEDAN,30
710,ANGELO,30
710,AQIB,30
710,DARIUS,30
710,EDMUND,30
710,GLEN,30
710,HAYDON,30
710,JAYDAN,30
710,JOSE,30
710,JOSS,30
710,MAHDI,30
710,MOHAMMOD,30
710,MOHSIN,30
710,NIGEL,30
710,REILLY,30
710,ROAN,30
710,SALMAN,30
710,SHELDON,30
710,SULAIMAN,30
710,USMAAN,30
710,UWAIS,30
731,ABDI,29
731,ALED,29
731,AMMAR,29
731,CARLO,29
731,EMILE,29
731,GERARD,29
731,IDREES,29
731,JARVIS,29
731,JONAS,29
731,KISHAN,29
731,KYAN,29
731,LOUI,29
731,MARCEL,29
731,SUNNY,29
731,YOUSEF,29
746,AADIL,28
746,ABUBAKAR,28
746,ARIF,28
746,BENN,28
746,EREN,28
746,EUGENE,28
746,HADLEY,28
746,JULIUS,28
746,KASHIF,28
746,NOEL,28
746,OTIS,28
746,OTTO,28
746,PABLO,28
746,STAN,28
746,TAYLER,28
761,AAMIR,27
761,ABDULAHI,27
761,ALASDAIR,27
761,ARMANI,27
761,BRADEN,27
761,CORBEN,27
761,DILAN,27
761,ELVIS,27
761,FRANCESCO,27
761,GRANT,27
761,HUSSEIN,27
761,HUZAIFAH,27
761,ISHAQ,27
761,JEFFREY,27
761,JULES,27
761,KALEB,27
761,KOBY,27
761,LORCAN,27
761,MAHIR,27
761,MARVIN,27
761,RAIHAN,27
761,RAYAN,27
761,REHAN,27
761,RHODRI,27
761,ROBERTO,27
761,SAYED,27
761,SUFYAN,27
761,TERENCE,27
761,TIAGO,27
761,TREVOR,27
761,YASIR,27
761,YUVRAJ,27
761,ZACKARY,27
761,ZOHAIB,27
795,ASA,26
795,BARAN,26
795,CAVAN,26
795,CHAY,26
795,FABIO,26
795,FENTON,26
795,JAMAAL,26
795,KAAN,26
795,KASEY,26
795,LANCE,26
795,LAURIE,26
795,LUQMAN,26
795,NANA,26
795,OSMAN,26
795,OWAIS,26
795,PERRY,26
795,SULEMAN,26
795,TOBEY,26
813,ABDUR,25
813,ADDISON,25
813,ADEEL,25
813,AYDEN,25
813,BRAYDON,25
813,EZEKIEL,25
813,FINNIAN,25
813,GIANLUCA,25
813,HARUN,25
813,JADON,25
813,JAMIE-LEE,25
813,KAYA,25
813,MAGNUS,25
813,NICKY,25
813,RIZWAN,25
813,ROY,25
813,SAFWAN,25
813,SAMMY,25
813,WILLEM,25
813,ZAYD,25
833,ADITYA,24
833,AHSAN,24
833,ALVIN,24
833,BRANDON-LEE,24
833,BRENNAN,24
833,CHESTER,24
833,DAANYAAL,24
833,GILES,24
833,JAKUB,24
833,JUNIOR,24
833,KARAM,24
833,KASIM,24
833,KELAN,24
833,KEON,24
833,KODY,24
833,LLEYTON,24
833,MANAV,24
833,MANRAJ,24
833,PIERRE,24
833,REESE,24
833,RHYDIAN,24
833,RONALD,24
833,SAEED,24
833,SAID,24
833,SILAS,24
833,SUFYAAN,24
833,TAHMID,24
833,TREY,24
833,TRYSTAN,24
833,WADE,24
833,YASEEN,24
833,ZION,24
865,AARAN,23
865,ABID,23
865,AKSHAY,23
865,ALESSIO,23
865,AYRTON,23
865,BERNARD,23
865,CAMPBELL,23
865,DONOVAN,23
865,ETIENNE,23
865,GERALD,23
865,GIDEON,23
865,HAKEEM,23
865,HISHAM,23
865,HUSEYIN,23
865,JAYDN,23
865,KABIR,23
865,KENNY,23
865,LAWSON,23
865,MATTHIAS,23
865,REX,23
865,TAYLAN,23
865,VISHAL,23
865,VIVEK,23
865,ZAKIR,23
889,ALLAN,22
889,ANIS,22
889,AREEB,22
889,CORBIN,22
889,EDAN,22
889,GUS,22
889,IAIN,22
889,KAMAL,22
889,KARAN,22
889,KINGSLEY,22
889,LYNDON,22
889,MARLON,22
889,NADEEM,22
889,NATHANIAL,22
889,PAVAN,22
889,RAFFERTY,22
889,REMI,22
889,ROMARIO,22
889,SACHA,22
889,SHIV,22
889,TAYYAB,22
889,VALENTINO,22
889,ZAKK,22
912,ANEURIN,21
912,BARRY,21
912,CEM,21
912,CHAIM,21
912,CHANDLER,21
912,COSMO,21
912,DANIYAL,21
912,DEV,21
912,DOMINIK,21
912,EMIL,21
912,FARHAAN,21
912,FIONN,21
912,HEATH,21
912,HUZAIFA,21
912,JAWAD,21
912,JEAN,21
912,JODY,21
912,KYAL,21
912,MAHAMED,21
912,MARWAN,21
912,MIRZA,21
912,OLUWATOBI,21
912,OMARI,21
912,OMER,21
912,REMY,21
912,RIDWAN,21
912,RUEBEN,21
912,SAHIB,21
912,SHIVAM,21
912,TAHIR,21
912,VINCENZO,21
912,YUNUS,21
912,ZUBAIR,21
945,AMANDEEP,20
945,AMEEN,20
945,CALLAM,20
945,CORIN,20
945,DARRAGH,20
945,EDGAR,20
945,ERNEST,20
945,FRANKLIN,20
945,HAMID,20
945,IFAN,20
945,IRFAN,20
945,ISMAEL,20
945,ISSA,20
945,JAYSON,20
945,JEM,20
945,KARIM,20
945,LENNOX,20
945,LEROY,20
945,LOCHLAN,20
945,LUCCA,20
945,NAEEM,20
945,OM,20
945,PRESLEY,20
945,ROHIT,20
945,SHAKEEL,20
945,SID,20
945,SYDNEY,20
945,TYLA,20
945,VINAY,20
945,WILSON,20
945,ZANDER,20
976,ABEL,19
976,AINSLEY,19
976,ANEES,19
976,BECK,19
976,CASSIUS,19
976,COLM,19
976,CORBAN,19
976,EMERSON,19
976,FINNLAY,19
976,FRANCISCO,19
976,JOLYON,19
976,JOVAN,19
976,KALUM,19
976,KAMRON,19
976,MALCOLM,19
976,MARCOS,19
976,MARTYN,19
976,MD,19
976,MERT,19
976,MOSHE,19
976,NICK,19
976,NIKOLAS,19
976,PARIS,19
976,PRANAV,19
976,RAVI,19
976,RONALDO,19
976,SANTIAGO,19
976,SAQIB,19
976,SULAYMAN,19
976,SURAJ,19
976,TAHA,19
976,TALHAH,19
976,TARUN,19
976,WALEED,19
976,ZAKARIYYA,19
1011,ABDURRAHMAN,18
1011,ALEJANDRO,18
1011,AYAAN,18
1011,BAYLEE,18
1011,CONALL,18
1011,DAWUD,18
1011,DEEN,18
1011,ENRIQUE,18
1011,FINBAR,18
1011,GAGE,18
1011,HABIB,18
1011,HAL,18
1011,ISHAN,18
1011,ISSAC,18
1011,JAIME,18
1011,JOAO,18
1011,KAIF,18
1011,KRISTOPHER,18
1011,LUCIAN,18
1011,LUCIEN,18
1011,LYNDEN,18
1011,MAHAD,18
1011,MEHDI,18
1011,NASIR,18
1011,RAJVEER,18
1011,RIVER,18
1011,ROCKY,18
1011,RYLEE,18
1011,SAFWAAN,18
1011,SALIM,18
1011,SOHAIB,18
1011,SULTAN,18
1011,TANVIR,18
1011,TAYYIB,18
1011,TIM,18
1011,TOMMIE,18
1011,TRENT,18
1011,UMER,18
1011,VARUN,18
1011,VINNY,18
1011,ZACHARIA,18
1011,ZAHID,18
1053,AKEEM,17
1053,AMRIT,17
1053,ANTOINE,17
1053,ARIAN,17
1053,ASHRAF,17
1053,ASIF,17
1053,BILAAL,17
1053,CODIE,17
1053,DARYL,17
1053,DAWOOD,17
1053,DERREN,17
1053,DEVIN,17
1053,DEVONTE,17
1053,DIESEL,17
1053,DRE,17
1053,FABIEN,17
1053,GEOFFREY,17
1053,GIANNI,17
1053,IMMANUEL,17
1053,JAMEEL,17
1053,JEVON,17
1053,KAVAN,17
1053,KENAN,17
1053,KIE,17
1053,KOBI,17
1053,KUSH,17
1053,ORAN,17
1053,PEDRO,17
1053,STEPHAN,17
1053,STEVIE,17
1053,STEWART,17
1053,SUHAIL,17
1053,TOMMY-LEE,17
1053,TYLOR,17
1053,UBAID,17
1053,WALID,17
1053,YOUSIF,17
1053,YOUSSEF,17
1053,ZAKARY,17
1092,ABDALLAH,16
1092,ADEM,16
1092,AHAD,16
1092,ALEXANDROS,16
1092,AMEER,16
1092,AMMAN,16
1092,ANGEL,16
1092,ARI,16
1092,ARVIN,16
1092,AVROHOM,16
1092,AYUSH,16
1092,BERTIE,16
1092,CORI,16
1092,DARRYL,16
1092,DIOGO,16
1092,EAMON,16
1092,GORDON,16
1092,GRIFFIN,16
1092,GRUFFYDD,16
1092,HAMAAD,16
1092,HAROLD,16
1092,HARVIE,16
1092,HOWARD,16
1092,HUDSON,16
1092,INIGO,16
1092,ISLAM,16
1092,JOZEF,16
1092,KHALEEL,16
1092,LEANDRO,16
1092,LESLIE,16
1092,LEWIE,16
1092,MERLIN,16
1092,NADIM,16
1092,NILE,16
1092,RAY,16
1092,RAYHAAN,16
1092,RICHIE,16
1092,RYLAN,16
1092,TANAKA,16
1092,TARIK,16
1132,AHMET,15
1132,AL,15
1132,ALEXIS,15
1132,AMOS,15
1132,ANDREI,15
1132,ANWAR,15
1132,ASHWIN,15
1132,AUGUSTUS,15
1132,BALRAJ,15
1132,BERDAN,15
1132,BROOKE,15
1132,CALE,15
1132,CORBYN,15
1132,DARIO,15
1132,DEVANTE,15
1132,DWAYNE,15
1132,FREDRICK,15
1132,GIUSEPPE,15
1132,GLENN,15
1132,GWION,15
1132,HAMAD,15
1132,IHSAAN,15
1132,JASKARAN,15
1132,JAVIER,15
1132,JOSEFF,15
1132,KAYLAN,15
1132,KAYLUM,15
1132,LAITH,15
1132,LINUS,15
1132,MACK,15
1132,MAISON,15
1132,MAKENZIE,15
1132,MAURICE,15
1132,MEKHI,15
1132,MIKAIL,15
1132,MUNEEB,15
1132,NAIM,15
1132,NASEEM,15
1132,NAYAN,15
1132,NELSON,15
1132,OLIVIER,15
1132,PACEY,15
1132,REID,15
1132,RIAZ,15
1132,RIYAD,15
1132,ROHAAN,15
1132,SANDEEP,15
1132,SHAHZAIB,15
1132,STEVE,15
1132,TAYE,15
1132,TOMASZ,15
1132,UTHMAN,15
1132,WAQAS,15
1132,WASIM,15
1132,WILF,15
1132,ZIGGY,15
1188,AKRAM,14
1188,AMAAR,14
1188,AQEEL,14
1188,ARLO,14
1188,ARYA,14
1188,AYOMIDE,14
1188,BAILEE,14
1188,BASIL,14
1188,BRADLEE,14
1188,CAELAN,14
1188,CAL,14
1188,CARLTON,14
1188,CODEY,14
1188,DAVE,14
1188,DAWSON,14
1188,DENVER,14
1188,DEON,14
1188,DEVLIN,14
1188,DYLON,14
1188,EATHAN,14
1188,EBENEZER,14
1188,EHREN,14
1188,EMANUEL,14
1188,EMIR,14
1188,ENIS,14
1188,ESA,14
1188,FLOYD,14
1188,FUAD,14
1188,GIORGIO,14
1188,GLYN,14
1188,JACQUE,14
1188,JARRED,14
1188,JIM,14
1188,JOBE,14
1188,JORDAN-LEE,14
1188,JUDAH,14
1188,KALEEM,14
1188,KEAN,14
1188,KEILAN,14
1188,KHIZAR,14
1188,KORY,14
1188,LEIGH,14
1188,LIBAN,14
1188,LLEWELLYN,14
1188,MURTAZA,14
1188,MUSTAPHA,14
1188,NEEL,14
1188,NIKITA,14
1188,PAOLO,14
1188,RUAIRI,14
1188,SANJAY,14
1188,SAXON,14
1188,SHAI,14
1188,SHAYE,14
1188,SHMUEL,14
1188,SIRAJ,14
1188,TAUHEED,14
1188,TEDDIE,14
1188,TYREESE,14
1188,UMAYR,14
1248,AARYAN,13
1248,ABDULLA,13
1248,ADNAAN,13
1248,AMR,13
1248,ARNAV,13
1248,ATIF,13
1248,AXEL,13
1248,BLAYNE,13
1248,BRENDEN,13
1248,CADAN,13
1248,CAM'RON,13
1248,CASSIDY,13
1248,CHANCE,13
1248,CLAY,13
1248,CLEMENT,13
1248,CLINTON,13
1248,COOPER,13
1248,COURTNEY,13
1248,DAVIS,13
1248,DILRAJ,13
1248,DONELL,13
1248,EBEN,13
1248,ENOCH,13
1248,ESHAN,13
1248,FREDRIK,13
1248,GENE,13
1248,GIAN,13
1248,HAIDAR,13
1248,HAMSA,13
1248,HANAD,13
1248,HARVINDER,13
1248,HERBERT,13
1248,ISHAAN,13
1248,ISHAAQ,13
1248,IZAK,13
1248,JACE,13
1248,KALEM,13
1248,KESHAV,13
1248,KODI,13
1248,KWAME,13
1248,LINCOLN,13
1248,MARKUS,13
1248,MARSHAL,13
1248,MASSIMO,13
1248,MELVIN,13
1248,MEMPHIS,13
1248,MIHIR,13
1248,MORDECHAI,13
1248,NIKOLAI,13
1248,NOOR,13
1248,NYLE,13
1248,OLLY,13
1248,PHARELL,13
1248,PRESTON,13
1248,RAHAT,13
1248,RAIFE,13
1248,RAJVIR,13
1248,REGINALD,13
1248,RODRIGO,13
1248,ROMAIN,13
1248,SAAHIL,13
1248,SAMAD,13
1248,SHAHID,13
1248,SHAMUS,13
1248,SULEIMAN,13
1248,TAINE,13
1248,TIGER,13
1248,TINASHE,13
1248,TOBI,13
1248,TYREE,13
1248,TYRESSE,13
1248,TYSON,13
1248,VINCE,13
1248,WALTER,13
1248,YONIS,13
1248,YOSEF,13
1248,ZAHIR,13
1248,ZIYAD,13
1326,ADAN,12
1326,ALEEM,12
1326,AMAAD,12
1326,ANIL,12
1326,ARDA,12
1326,AVI,12
1326,BORIS,12
1326,BRAIDEN,12
1326,BRANNON,12
1326,CARRICK,12
1326,CHI,12
1326,CHRISTY,12
1326,COEL,12
1326,CONNAH,12
1326,DARRELL,12
1326,DARWIN,12
1326,DENNY,12
1326,DEREK,12
1326,DERMOT,12
1326,EBRAHIM,12
1326,ELIEZER,12
1326,EWEN,12
1326,FARAZ,12
1326,FARRELL,12
1326,GRUFFUDD,12
1326,GURJEEVAN,12
1326,HADI,12
1326,HANNAN,12
1326,HARPREET,12
1326,HARSH,12
1326,IMAAD,12
1326,IMAD,12
1326,IOLO,12
1326,JAHIEM,12
1326,JAIDON,12
1326,JAMEL,12
1326,JARRAD,12
1326,JARROD,12
1326,JAXON,12
1326,JIMI,12
1326,JONJO,12
1326,KAILUM,12
1326,KAIRAN,12
1326,KEANAN,12
1326,KIA,12
1326,KOREY,12
1326,KYMANI,12
1326,LUIGI,12
1326,LUQMAAN,12
1326,MAC,12
1326,MICHEAL,12
1326,MIKE,12
1326,MORRIS,12
1326,MUJAHID,12
1326,NIAM,12
1326,NIHAL,12
1326,OZZY,12
1326,PREM,12
1326,QUENTIN,12
1326,RAMI,12
1326,RASHID,12
1326,RAYAAN,12
1326,RUARI,12
1326,SAMIUL,12
1326,SANTINO,12
1326,SASHA,12
1326,SHAKIL,12
1326,SHAKIR,12
1326,SHUAIB,12
1326,SOUL,12
1326,STEFANO,12
1326,SULAIMAAN,12
1326,TADHG,12
1326,TEO,12
1326,TERRELL,12
1326,TOMMI,12
1326,TRISTEN,12
1326,TYRECE,12
1326,VIKRAM,12
1326,YANNICK,12
1326,YISROEL,12
1326,YUSEF,12
1326,ZACKERY,12
1326,ZINEDINE,12
1410,ABU-BAKR,11
1410,AKEEL,11
1410,ALLEN,11
1410,AMINE,11
1410,ARBAAZ,11
1410,ARNOLD,11
1410,ARSALAN,11
1410,AUGUSTINE,11
1410,AYAZ,11
1410,AZHAR,11
1410,BARTHOLOMEW,11
1410,BERKAY,11
1410,BLUE,11
1410,BOYD,11
1410,BRET,11
1410,BROCK,11
1410,CAIRO,11
1410,CASPIAN,11
1410,DAANYAL,11
1410,DAUD,11
1410,DEANDRE,11
1410,DHILLON,11
1410,EDISON,11
1410,ELISHA,11
1410,ELLISON,11
1410,EPHRAIM,11
1410,FAIZ,11
1410,FEDERICO,11
1410,FENN,11
1410,FERDINAND,11
1410,FLYN,11
1410,FYNLEY,11
1410,GAURAV,11
1410,GERRARD,11
1410,GHULAM,11
1410,GREG,11
1410,HANS,11
1410,HARMAN,11
1410,HASSAAN,11
1410,HUEY,11
1410,HUMZAH,11
1410,HUSAIN,11
1410,HUSAM,11
1410,IHSAN,11
1410,IKRAM,11
1410,IMAAN,11
1410,ISAAK,11
1410,ISRAEL,11
1410,IVOR,11
1410,JEDD,11
1410,JERICHO,11
1410,JEVAN,11
1410,JOHNATHON,11
1410,KALIM,11
1410,KAMIL,11
1410,KAYNE,11
1410,KEIAN,11
1410,KESTER,11
1410,KHALED,11
1410,KIEN,11
1410,KONNOR,11
1410,KONRAD,11
1410,KORI,11
1410,KRISHNA,11
1410,KYREN,11
1410,LESTER,11
1410,LEX,11
1410,LLEWELYN,11
1410,MANVEER,11
1410,MARKO,11
1410,MIKAEL,11
1410,MUHSIN,11
1410,MURPHY,11
1410,NASIM,11
1410,NATE,11
1410,OLUWATIMILEHIN,11
1410,OREN,11
1410,PASCAL,11
1410,QAIS,11
1410,QUINCY,11
1410,RAHEEL,11
1410,RAMIZ,11
1410,REEF,11
1410,REHAAN,11
1410,REON,11
1410,RUHAN,11
1410,RUI,11
1410,SABIR,11
1410,SALEH,11
1410,SALMAAN,11
1410,SONNIE,11
1410,STORM,11
1410,SUKHRAJ,11
1410,TAREK,11
1410,TEEJAY,11
1410,THAI,11
1410,TIERNAN,11
1410,TRAFFORD,11
1410,TYRON,11
1410,YAHYE,11
1410,YANN,11
1410,YITZCHOK,11
1410,YOUNIS,11
1513,ABDURAHMAN,10
1513,ABUBAKR,10
1513,AERON,10
1513,ALEKSANDAR,10
1513,ALISTER,10
1513,AMMAAR,10
1513,ANAKIN,10
1513,ARIEL,10
1513,ATEEQ,10
1513,ATTICUS,10
1513,AVINASH,10
1513,AYDIN,10
1513,AYMEN,10
1513,AYOUB,10
1513,AZEEM,10
1513,BAXTER,10
1513,BENITO,10
1513,BENOIT,10
1513,BILL,10
1513,BLAISE,10
1513,BLANE,10
1513,BRADLY,10
1513,CONAL,10
1513,CONAN,10
1513,CORBY,10
1513,CRISTIAN,10
1513,CULLEN,10
1513,D'ANDRE,10
1513,DANILO,10
1513,DARSHAN,10
1513,DERRICK,10
1513,DERRY,10
1513,DIGBY,10
1513,DONTE,10
1513,DOVID,10
1513,DRU,10
1513,ELIOTT,10
1513,ENRICO,10
1513,ENZO,10
1513,FARDEEN,10
1513,FAYSAL,10
1513,FERNANDO,10
1513,GWILYM,10
1513,HAMMAAD,10
1513,HARDEEP,10
1513,HAYTHAM,10
1513,HAYYAN,10
1513,ILAN,10
1513,IZAAC,10
1513,JAHMAL,10
1513,JAIDAN,10
1513,JAWAAD,10
1513,JAY-JAY,10
1513,JAYKE,10
1513,JEDIDIAH,10
1513,JERRY,10
1513,JOAB,10
1513,JOHAN,10
1513,JORDEN,10
1513,JORDI,10
1513,KACPER,10
1513,KALEN,10
1513,KAYLEM,10
1513,KENNEDY,10
1513,KENZIE,10
1513,KRIS,10
1513,KYNAN,10
1513,LARS,10
1513,LOKI,10
1513,LOUIX,10
1513,MAHMOUD,10
1513,MAHMUD,10
1513,MANVIR,10
1513,MATEO,10
1513,MATTIA,10
1513,MICKEY,10
1513,MICKY,10
1513,MIKHAIL,10
1513,NADIR,10
1513,NAVRAJ,10
1513,NIKOLA,10
1513,ODIN,10
1513,OLUWAFEMI,10
1513,PADRAIG,10
1513,RAJ,10
1513,RAMEEZ,10
1513,RAYANE,10
1513,REO,10
1513,RICCARDO,10
1513,RITCHIE,10
1513,ROGAN,10
1513,ROMANO,10
1513,RONI,10
1513,SAJID,10
1513,SALVATORE,10
1513,SERGIO,10
1513,SHAKUR,10
1513,SHAQUILLE,10
1513,SHARIF,10
1513,SHAYNE,10
1513,SHYAM,10
1513,SOREN,10
1513,SUHAIB,10
1513,SULLIVAN,10
1513,SYD,10
1513,TRE,10
1513,TYREEK,10
1513,VAUGHAN,10
1513,WIL,10
1513,YAASEEN,10
1513,YOUNES,10
1513,YOUSAF,10
1513,ZACHARIAS,10
1513,ZAVIER,10
1513,ZIDANE,10
1513,ZURIEL,10
1629,AAQIB,9
1629,AARONDEEP,9
1629,ABDUR-RAHMAN,9
1629,ACE,9
1629,ADEL,9
1629,AJMAL,9
1629,AKIF,9
1629,ALBAN,9
1629,ALBERTO,9
1629,ALBY,9
1629,ALFIE-LEE,9
1629,AMIT,9
1629,ANTONI,9
1629,ARCHY,9
1629,ARLIND,9
1629,AYODEJI,9
1629,AZAN,9
1629,BAILY,9
1629,BARIS,9
1629,BERKAN,9
1629,BERTAN,9
1629,BEVAN,9
1629,BLESSING,9
1629,BRINLEY,9
1629,BUDDY,9
1629,BURHAN,9
1629,CAOLAN,9
1629,CAYDEN,9
1629,CHARLY,9
1629,CIARON,9
1629,CLAUDE,9
1629,CLIVE,9
1629,COBEY,9
1629,COBI,9
1629,DANIELE,9
1629,DARNEL,9
1629,DAVEY,9
1629,DIMITRI,9
1629,DONTAE,9
1629,EDWYN,9
1629,EITHAN,9
1629,ELIO,9
1629,FELIPE,9
1629,FRANCO,9
1629,FRANKLYN,9
1629,GINO,9
1629,GUILLAUME,9
1629,GURKARAN,9
1629,GUTO,9
1629,HAASHIM,9
1629,HAKIM,9
1629,HARJOT,9
1629,HARVIR,9
1629,HUGHIE,9
1629,JABIR,9
1629,JAE,9
1629,JALEN,9
1629,JAMESON,9
1629,JARELL,9
1629,JIA,9
1629,JOHANNES,9
1629,JULIEN,9
1629,KAIRO,9
1629,KAVIN,9
1629,KEAGAN,9
1629,KEALAN,9
1629,KELLAN,9
1629,KELSEY,9
1629,KEN,9
1629,KHAI,9
1629,KIEAN,9
1629,KIEL,9
1629,KIER,9
1629,KOBIE,9
1629,KUSHAL,9
1629,KWABENA,9
1629,KYLAN,9
1629,LEWI,9
1629,LEXUS,9
1629,LLYR,9
1629,LUI,9
1629,MADISON,9
1629,MANDEEP,9
1629,MANUEL,9
1629,MAREK,9
1629,MARIUS,9
1629,MATEUSZ,9
1629,MATHIEU,9
1629,MAXIME,9
1629,MEER,9
1629,MEIR,9
1629,MILLAN,9
1629,MILTON,9
1629,MOISHE,9
1629,MONTAGUE,9
1629,MUNASHE,9
1629,MUSAB,9
1629,MYRON,9
1629,NUMAAN,9
1629,NYE,9
1629,OLUWASEUN,9
1629,ORIN,9
1629,ORION,9
1629,ORSON,9
1629,PARDEEP,9
1629,PARTH,9
1629,PIETRO,9
1629,QUINLAN,9
1629,RAEKWON,9
1629,RAFI,9
1629,RAM,9
1629,REIS,9
1629,RIDWAAN,9
1629,RIORDAN,9
1629,ROGER,9
1629,ROLAND,9
1629,ROSHAUN,9
1629,SAI,9
1629,SAIM,9
1629,SAKIB,9
1629,SHAHAN,9
1629,SHAYDEN,9
1629,SHLOIME,9
1629,SIMRAN,9
1629,SUHAYB,9
1629,TADIWA,9
1629,TARRIN,9
1629,TREMAYNE,9
1629,VAUGHN,9
1629,VIJAY,9
1629,WAQAR,9
1629,WASEEM,9
1629,WASIF,9
1629,YAQUB,9
1629,YASSIN,9
1629,ZACHERY,9
1629,ZAKARIAH,9
1629,ZAKARIYE,9
1629,ZECHARIAH,9
1629,ZEN,9
1629,ZESHAN,9
1629,ZIAD,9
1771,AASIM,8
1771,ABDALLA,8
1771,ABDEL,8
1771,ABHAY,8
1771,ABHISHEK,8
1771,ADEMOLA,8
1771,ALEKSANDER,8
1771,ALEXEI,8
1771,ALFI,8
1771,ALFREDO,8
1771,ALIEU,8
1771,AMADOU,8
1771,AMANI,8
1771,ANDI,8
1771,ARBER,8
1771,ARYAAN,8
1771,ASHAN,8
1771,ASHVIN,8
1771,AUSTEN,8
1771,AYDAN,8
1771,AZAD,8
1771,AZIZ,8
1771,BATUHAN,8
1771,BENJAMEN,8
1771,BENSON,8
1771,BENYAMIN,8
1771,BLADE,8
1771,BRENT,8
1771,CAIDEN,8
1771,CAIO,8
1771,CAIRAN,8
1771,CALAN,8
1771,CAMDEN,8
1771,CHAZ,8
1771,CHINEDU,8
1771,CLARK,8
1771,COBIE,8
1771,COHEN,8
1771,CYNAN,8
1771,DARA,8
1771,DARREL,8
1771,DHILAN,8
1771,DHIREN,8
1771,DUANE,8
1771,DWIGHT,8
1771,DYFAN,8
1771,EASHAN,8
1771,EDDY,8
1771,EDUARDO,8
1771,ENES,8
1771,ERIN,8
1771,ETHEN,8
1771,FAARIS,8
1771,FARHAD,8
1771,FILIP,8
1771,FINNAN,8
1771,FLINN,8
1771,FURQAN,8
1771,GAGANDEEP,8
1771,GARRY,8
1771,GEORDIE,8
1771,GERRY,8
1771,GIACOMO,8
1771,GOVIND,8
1771,GRADY,8
1771,GULAM,8
1771,HADYN,8
1771,HAIDEN,8
1771,HARJEEVAN,8
1771,HARLAN,8
1771,HARVIN,8
1771,HAYDAR,8
1771,HISHAAM,8
1771,HUSSNAIN,8
1771,HYWEL,8
1771,ILHAN,8
1771,ISAAM,8
1771,ISHMAEL,8
1771,JADAN,8
1771,JAHEEM,8
1771,JAYCE,8
1771,JAYME,8
1771,JEFFERSON,8
1771,JESS,8
1771,JIBRAN,8
1771,JIBRIL,8
1771,JOHNNIE,8
1771,JOOLS,8
1771,JOS,8
1771,JOSHAN,8
1771,JOSHUA-JAMES,8
1771,JOTHAM,8
1771,JOWAN,8
1771,JUDD,8
1771,JULIO,8
1771,KACEY,8
1771,KADIR,8
1771,KAIRON,8
1771,KAIS,8
1771,KALAN,8
1771,KALVIN,8
1771,KAVI,8
1771,KENTON,8
1771,KEYAN,8
1771,KEYON,8
1771,KIAH,8
1771,KIARAN,8
1771,KIELAN,8
1771,KILLIAN,8
1771,KING,8
1771,KIYAN,8
1771,KORAY,8
1771,KRISTAN,8
1771,KRISTEN,8
1771,LEIF,8
1771,LUCIANO,8
1771,LYSANDER,8
1771,MAHAMMED,8
1771,MAHER,8
1771,MAHMOOD,8
1771,MATIAS,8
1771,MESHACH,8
1771,MICHAL,8
1771,MITCH,8
1771,MOHAMUD,8
1771,MUHAMED,8
1771,MUJTABA,8
1771,NAHOM,8
1771,NAJIB,8
1771,NATHEN,8
1771,NEAL,8
1771,NOMAAN,8
1771,NUMAN,8
1771,ODHRAN,8
1771,OLE,8
1771,ONEIL,8
1771,OSAMA,8
1771,PAVANDEEP,8
1771,PEARCE,8
1771,RAIHAAN,8
1771,RAIYAN,8
1771,RALF,8
1771,RAVEN,8
1771,RAYYAAN,8
1771,REEVE,8
1771,REMELL,8
1771,REZWAN,8
1771,RHYAN,8
1771,RHYSE,8
1771,RIYADH,8
1771,RODDY,8
1771,RODI,8
1771,RON,8
1771,RUBIN,8
1771,RUSHIL,8
1771,SAAIM,8
1771,SADIQ,8
1771,SALAH,8
1771,SALEEM,8
1771,SERKAN,8
1771,SHAHZEB,8
1771,SHALOM,8
1771,SHAMAR,8
1771,SHAN,8
1771,SHAZAIB,8
1771,SHILOH,8
1771,SUFIAN,8
1771,SUNDEEP,8
1771,T-JAY,8
1771,TALIESIN,8
1771,TANVEER,8
1771,TEVIN,8
1771,THABO,8
1771,TIMUR,8
1771,TITUS,8
1771,TJ,8
1771,TOBIN,8
1771,TUSHAR,8
1771,TYLAR,8
1771,TYLER-JAY,8
1771,TYREL,8
1771,TYRIQUE,8
1771,UGUR,8
1771,VITO,8
1771,YAKOV,8
1771,YASSER,8
1771,YIANNIS,8
1771,ZAAKIR,8
1771,ZAINE,8
1771,ZEV,8
1771,ZIA,8
1962,AARRON,7
1962,ABDULAZIZ,7
1962,ABUBAKER,7
1962,ACER,7
1962,ADEEB,7
1962,ADETOKUNBO,7
1962,ADHAM,7
1962,ADONIS,7
1962,AKAASH,7
1962,AKIVA,7
1962,ALEXZANDER,7
1962,ALFONSO,7
1962,ALIM,7
1962,ALIX,7
1962,ALVARO,7
1962,ANDRES,7
1962,ANKIT,7
1962,ARHAM,7
1962,ARIYAN,7
1962,ARLIE,7
1962,ARNIE,7
1962,ASHLEE,7
1962,ASHLEIGH,7
1962,BAILIE,7
1962,BAILLIE,7
1962,BASHIR,7
1962,BECKHAM,7
1962,BELAL,7
1962,BEREN,7
1962,BERK,7
1962,BOB,7
1962,BOBBIE,7
1962,BOLUWATIFE,7
1962,BRANDYN,7
1962,BURAK,7
1962,CAEL,7
1962,CALLUN,7
1962,CAMERAN,7
1962,CAMRAN,7
1962,CATHAL,7
1962,CEEJAY,7
1962,CHAE,7
1962,CILLIAN,7
1962,CLARKE,7
1962,CONNA,7
1962,CONNAGH,7
1962,CORIE,7
1962,DAINTON,7
1962,DANIAAL,7
1962,DAVY,7
1962,DELANO,7
1962,DEMETRI,7
1962,DEMPSEY,7
1962,DESMOND,7
1962,DEVEN,7
1962,DEVESH,7
1962,DIMITRIOS,7
1962,DINO,7
1962,DOLTON,7
1962,DOMENICO,7
1962,DONAL,7
1962,DONNELL,7
1962,DONTAY,7
1962,DORIAN,7
1962,DUDLEY,7
1962,EAMONN,7
1962,ED,7
1962,EDUARD,7
1962,EESAH,7
1962,EFAN,7
1962,EISA,7
1962,EOGHAN,7
1962,FARRIS,7
1962,FAWWAZ,7
1962,FINDLEY,7
1962,FOSTER,7
1962,GABRIELE,7
1962,GARIN,7
1962,GEORDAN,7
1962,GERAINT,7
1962,GODWIN,7
1962,GULED,7
1962,HALEEM,7
1962,HANIF,7
1962,HANZALAH,7
1962,HARLEE,7
1962,HAROUN,7
1962,HASHIR,7
1962,HUSAAM,7
1962,IBAAD,7
1962,IFTIKHAR,7
1962,IMAN,7
1962,INNES,7
1962,ISMA'IL,7
1962,JADYN,7
1962,JAEDEN,7
1962,JAEDON,7
1962,JAMAR,7
1962,JERMAIN,7
1962,JET,7
1962,JETHRO,7
1962,JEZ,7
1962,JOACHIM,7
1962,JOAQUIN,7
1962,JOBY,7
1962,JOHN-PAUL,7
1962,JUSTICE,7
1962,KAMAAL,7
1962,KASRA,7
1962,KAYDON,7
1962,KAYLEN,7
1962,KEMAL,7
1962,KEMAR,7
1962,KEREM,7
1962,KHIZER,7
1962,KI,7
1962,KODIE,7
1962,KOLE,7
1962,KORBAN,7
1962,KYRESE,7
1962,LARRY,7
1962,LAYNE,7
1962,LEONIDAS,7
1962,LIONEL,7
1962,LOCHLANN,7
1962,LUCIUS,7
1962,LUDOVIC,7
1962,LUTHER,7
1962,MADDOX,7
1962,MAHAMMAD,7
1962,MALAKI,7
1962,MALIQUE,7
1962,MANI,7
1962,MARCELL,7
1962,MARUF,7
1962,MATAS,7
1962,MATTIAS,7
1962,MAWGAN,7
1962,MAZHAR,7
1962,MAZIN,7
1962,MENACHEM,7
1962,MERVYN,7
1962,MIKAEEL,7
1962,MUEEZ,7
1962,MUHAMMOD,7
1962,NAHID,7
1962,NASIF,7
1962,NAVEED,7
1962,NIAL,7
1962,NINO,7
1962,NIYAZ,7
1962,NORMAN,7
1962,OCEAN,7
1962,OLUWADAMILOLA,7
1962,OLUWATOBILOBA,7
1962,OLUWATOMIWA,7
1962,ONUR,7
1962,OZAN,7
1962,PARAMVIR,7
1962,PARSA,7
1962,PEARSE,7
1962,PHILIPPE,7
1962,PIRAN,7
1962,PRANAY,7
1962,PTOLEMY,7
1962,QAASIM,7
1962,RAKEEM,7
1962,RASHAUN,7
1962,RENE,7
1962,RHETT,7
1962,RION,7
1962,RISHABH,7
1962,RIZWAAN,7
1962,ROBBY,7
1962,RONAK,7
1962,RONNY,7
1962,ROONEY,7
1962,SABIAN,7
1962,SAIHAAN,7
1962,SALVADOR,7
1962,SAMEE,7
1962,SAMET,7
1962,SANCHEZ,7
1962,SAQLAIN,7
1962,SARAN,7
1962,SAYHAN,7
1962,SHABAZ,7
1962,SHAFI,7
1962,SHEMAR,7
1962,SHLOMO,7
1962,SHOLTO,7
1962,SIDDHARTH,7
1962,SUNIL,7
1962,SYLVESTER,7
1962,TAFARI,7
1962,TAHER,7
1962,TALAL,7
1962,TASHAN,7
1962,TAUSEEF,7
1962,TAYLOR-JAY,7
1962,TEJAS,7
1962,TEJAY,7
1962,TEON,7
1962,TERRENCE,7
1962,THADDEUS,7
1962,THEODOR,7
1962,TIAN,7
1962,TINOTENDA,7
1962,TOBIE,7
1962,TOMMYLEE,7
1962,TOR,7
1962,TRAE,7
1962,TYLAN,7
1962,TYLER-JAMES,7
1962,UZAYR,7
1962,VIRAJ,7
1962,WAI,7
1962,WAN,7
1962,WARWICK,7
1962,WILIAM,7
1962,WILLOUGHBY,7
1962,YAN,7
1962,YASAR,7
1962,YEHUDA,7
1962,ZAYAN,7
1962,ZEB,7
1962,ZESHAAN,7
2189,AAKASH,6
2189,ABD,6
2189,ABDIMALIK,6
2189,ABDIRAHIM,6
2189,ABDUL-RAHMAN,6
2189,ABDULKADIR,6
2189,ABDULMALIK,6
2189,ABDUR-RAHMAAN,6
2189,ABDUS,6
2189,ABED,6
2189,ADI,6
2189,AJWAD,6
2189,AKHIL,6
2189,AKIB,6
2189,ALEXANDA,6
2189,ALEXANDRU,6
2189,ALLY,6
2189,AMAL,6
2189,AMARU,6
2189,AMINUR,6
2189,AMISH,6
2189,AMJAD,6
2189,ANAND,6
2189,ANDREA,6
2189,ANKUSH,6
2189,ANOOP,6
2189,ANSON,6
2189,AODHAN,6
2189,AQIL,6
2189,ARASH,6
2189,ARAV,6
2189,ARCHER,6
2189,ARIA,6
2189,ARMANDO,6
2189,ART,6
2189,ARVIND,6
2189,ASH,6
2189,ASHISH,6
2189,AVERY,6
2189,AYYUB,6
2189,BABY,6
2189,BARRIE,6
2189,BAWAN,6
2189,BENJY,6
2189,BENTLEY,6
2189,BILLAL,6
2189,BJORN,6
2189,BLEDDYN,6
2189,BLEND,6
2189,BLU,6
2189,BRADLEIGH,6
2189,BRAEDEN,6
2189,BRAM,6
2189,BUSTER,6
2189,CAIUS,6
2189,CANER,6
2189,CARLIN,6
2189,CARSON,6
2189,CEMAL,6
2189,CHARLTON,6
2189,CHIRAG,6
2189,CIANAN,6
2189,CLIFFORD,6
2189,COBAIN,6
2189,CONLAN,6
2189,CORAN,6
2189,CURT,6
2189,CYRIL,6
2189,DALEY,6
2189,DAMION,6
2189,DARIEN,6
2189,DARION,6
2189,DAWDA,6
2189,DAYTON,6
2189,DEVRAJ,6
2189,DHANISH,6
2189,DHANYAAL,6
2189,DIAZ,6
2189,DOMONIC,6
2189,DON,6
2189,DOV,6
2189,DYLLAN,6
2189,EHSAAN,6
2189,ELIYOHU,6
2189,ELVIN,6
2189,EMYR,6
2189,ENDRIT,6
2189,ERAY,6
2189,ERKAN,6
2189,FARES,6
2189,FARID,6
2189,FERGAL,6
2189,FEZAAN,6
2189,FINNEGAN,6
2189,FIZAN,6
2189,FREDERIK,6
2189,GILBERT,6
2189,GODFREY,6
2189,GORAN,6
2189,GRAEME,6
2189,GUSTAV,6
2189,HAADI,6
2189,HAAMID,6
2189,HABEEB,6
2189,HAFEEZ,6
2189,HAFIZ,6
2189,HAKAN,6
2189,HAMED,6
2189,HAN,6
2189,HARVEER,6
2189,HASNAT,6
2189,HAYDAN,6
2189,HEDLEY,6
2189,HO,6
2189,HUSAYN,6
2189,HUSSAN,6
2189,IKENNA,6
2189,IMANI,6
2189,INDIANA,6
2189,ISHMAIL,6
2189,ISIAH,6
2189,IVO,6
2189,JABRIL,6
2189,JAIPAL,6
2189,JASDEEP,6
2189,JAYMIE,6
2189,JELANI,6
2189,JEREMIE,6
2189,JESSIE,6
2189,JJ,6
2189,JONNIE,6
2189,JOSUE,6
2189,JUN,6
2189,KADEEM,6
2189,KAIDAN,6
2189,KAILAN,6
2189,KAILEM,6
2189,KAIYA,6
2189,KALE,6
2189,KARAMVEER,6
2189,KARANVIR,6
2189,KASPAR,6
2189,KAYAN,6
2189,KEANO,6
2189,KEHINDE,6
2189,KELECHI,6
2189,KHALIFA,6
2189,KIENAN,6
2189,KIERNAN,6
2189,KIERRAN,6
2189,KIM,6
2189,KION,6
2189,KISHEN,6
2189,KOUROSH,6
2189,KRAY,6
2189,KRISTOFER,6
2189,KYRELL,6
2189,LAWRIE,6
2189,LEMUEL,6
2189,LENNARD,6
2189,LENNIE,6
2189,LINDEN,6
2189,LOIC,6
2189,LORD,6
2189,LYALL,6
2189,LYLE,6
2189,MAAZ,6
2189,MAJID,6
2189,MAKSYMILIAN,6
2189,MALI,6
2189,MALIN,6
2189,MANNY,6
2189,MANPREET,6
2189,MARCELLUS,6
2189,MASSIMILIANO,6
2189,MAVERICK,6
2189,MAYSON,6
2189,MCKINLEY,6
2189,MEHUL,6
2189,MICHELE,6
2189,MIKEL,6
2189,MILAD,6
2189,MING,6
2189,MIRAN,6
2189,MOBEEN,6
2189,MOHMMED,6
2189,MOIZ,6
2189,MOMODOU,6
2189,MORTEN,6
2189,MUAAZ,6
2189,MUBARAK,6
2189,MUBEEN,6
2189,MUHAMAD,6
2189,MUHMMAD,6
2189,MUNIR,6
2189,MURAD,6
2189,NATNAEL,6
2189,NETANEL,6
2189,NICKOLAS,6
2189,NIKOLAOS,6
2189,NOMAN,6
2189,NOUR,6
2189,OLUWADAMILARE,6
2189,OSKA,6
2189,OZZIE,6
2189,PARAMVEER,6
2189,PATRIC,6
2189,PATRIK,6
2189,PAULO,6
2189,PAVEL,6
2189,PIOTR,6
2189,PRAVIN,6
2189,PRITHVI,6
2189,RAHEIM,6
2189,RANVEER,6
2189,RANVIR,6
2189,RASHAAN,6
2189,RASHAD,6
2189,RAVINDER,6
2189,RAZA,6
2189,REACE,6
2189,RED,6
2189,REMEL,6
2189,RENATO,6
2189,RHYCE,6
2189,ROBEL,6
2189,RODERICK,6
2189,RODNEY,6
2189,RONIT,6
2189,RUMAN,6
2189,RYANN,6
2189,SA'AD,6
2189,SAAJAN,6
2189,SAJJAD,6
2189,SAMAN,6
2189,SANJEEV,6
2189,SASCHA,6
2189,SEPEHR,6
2189,SEYED,6
2189,SHABAAZ,6
2189,SHAHBAZ,6
2189,SHAIKH,6
2189,SHARAN,6
2189,SHEIK,6
2189,SHEM,6
2189,SHIMON,6
2189,SUFIYAAN,6
2189,SUFIYAN,6
2189,SULEYMAN,6
2189,SVEN,6
2189,TADIWANASHE,6
2189,TAJ,6
2189,TALIB,6
2189,TALON,6
2189,TALVIN,6
2189,TAM,6
2189,TANAY,6
2189,TARYN,6
2189,TAWHID,6
2189,TEAGAN,6
2189,THOMAS-JAMES,6
2189,TIMMY,6
2189,TOLGA,6
2189,TYRELLE,6
2189,TYRHYS,6
2189,UBAYD,6
2189,UMUT,6
2189,VANSH,6
2189,VERNON,6
2189,VIET,6
2189,WAHAB,6
2189,WALLACE,6
2189,WEI,6
2189,WILFRID,6
2189,YAW,6
2189,YU,6
2189,YURI,6
2189,ZAKARI,6
2189,ZAYYAN,6
2189,ZEKI,6
2189,ZISHAN,6
2470,AARAV,5
2470,ABASS,5
2470,ABBAAS,5
2470,ABDIFATAH,5
2470,ABDILLAHI,5
2470,ABDIRISAQ,5
2470,ABSAR,5
2470,ABSHIR,5
2470,ADEDAMOLA,5
2470,ADRIANO,5
2470,ADRIEL,5
2470,ADRIEN,5
2470,AHARON,5
2470,AIDON,5
2470,AJANI,5
2470,AKBAR,5
2470,AKIRA,5
2470,AKMAL,5
2470,ALBI,5
2470,ALEKSANDR,5
2470,ALFY,5
2470,ALLISTER,5
2470,ALPHA,5
2470,AMARDEEP,5
2470,AMER,5
2470,AMRAJ,5
2470,ANAY,5
2470,ANDERSON,5
2470,ANEIRIN,5
2470,ANGE,5
2470,ANIKET,5
2470,ANS,5
2470,ANSH,5
2470,ANTONINO,5
2470,ARBEN,5
2470,ARDEN,5
2470,AREN,5
2470,ARIN,5
2470,ARIS,5
2470,ARSH,5
2470,ARSHAD,5
2470,ARSHIA,5
2470,ARSLAN,5
2470,ARWYN,5
2470,ARYEH,5
2470,ASHFAQ,5
2470,AYHAN,5
2470,AYOTUNDE,5
2470,AYUUB,5
2470,AZIM,5
2470,BARON,5
2470,BENJIMAN,5
2470,BENNY,5
2470,BERTRAM,5
2470,BILLIE,5
2470,BLEU,5
2470,BORAN,5
2470,BORUCH,5
2470,BOWEN,5
2470,BRADIE,5
2470,BRANDONLEE,5
2470,BRAY,5
2470,BRODI,5
2470,BRONSON,5
2470,BRYNMOR,5
2470,CAEDEN,5
2470,CALEN,5
2470,CAYLAN,5
2470,CEDRIC,5
2470,CEIRAN,5
2470,CHAS,5
2470,CHRISTOS,5
2470,CJAY,5
2470,CLAUDIO,5
2470,CLINT,5
2470,CODI,5
2470,COLLINS,5
2470,COLT,5
2470,CORDELL,5
2470,CORNELL,5
2470,CORRIE,5
2470,CYLE,5
2470,DAFFYDD,5
2470,DANNYLEE,5
2470,DAOUD,5
2470,DARAGH,5
2470,DARIAN,5
2470,DAWID,5
2470,DEEP,5
2470,DEIAN,5
2470,DEJAN,5
2470,DEKLAN,5
2470,DENHOLM,5
2470,DESHAUN,5
2470,DESHAWN,5
2470,DESTINY,5
2470,DIARMUID,5
2470,DIOR,5
2470,DIVINE,5
2470,DIYAR,5
2470,DJANGO,5
2470,DOMANIC,5
2470,DONALD,5
2470,DONNEL,5
2470,DOYLE,5
2470,DUKE,5
2470,EASA,5
2470,EDRIC,5
2470,EESAA,5
2470,EGAN,5
2470,ELIAN,5
2470,ELYAS,5
2470,ENEA,5
2470,ERVIS,5
2470,ESSA,5
2470,ESSAM,5
2470,FAKHIR,5
2470,FARAAZ,5
2470,FAREED,5
2470,FAROUK,5
2470,FARREN,5
2470,FARRON,5
2470,FAWAD,5
2470,FAWAZ,5
2470,FEROZ,5
2470,FINAN,5
2470,FINBARR,5
2470,FINIAN,5
2470,FINNBAR,5
2470,FINTON,5
2470,FIRAS,5
2470,FOX,5
2470,FRANKY,5
2470,FRASIER,5
2470,GAUTAM,5
2470,GIULIANO,5
2470,GURJEET,5
2470,GURPREET,5
2470,HALIL,5
2470,HALLAM,5
2470,HAMAS,5
2470,HAMDAN,5
2470,HAMIM,5
2470,HAMZE,5
2470,HAREES,5
2470,HARISH,5
2470,HARJEET,5
2470,HARSHIL,5
2470,HASNAAT,5
2470,HENRIK,5
2470,HEZEKIAH,5
2470,HIMMAT,5
2470,HUBERT,5
2470,HUDHAYFA,5
2470,HUXLEY,5
2470,IFEOLUWA,5
2470,IJAZ,5
2470,IKECHUKWU,5
2470,ILIAS,5
2470,IMTIAZ,5
2470,INDERJEET,5
2470,IOANNIS,5
2470,ISAAQ,5
2470,ISRAR,5
2470,IZIAH,5
2470,JACKIE,5
2470,JADE,5
2470,JAEDAN,5
2470,JAHANGIR,5
2470,JALAL,5
2470,JARDEL,5
2470,JARON,5
2470,JASPAR,5
2470,JATIN,5
2470,JAVAN,5
2470,JAYLAN,5
2470,JEFFERY,5
2470,JERELL,5
2470,JESPER,5
2470,JETT,5
2470,JOASH,5
2470,JODI,5
2470,JOHANN,5
2470,JOHNSON,5
2470,JORDY,5
2470,JOSHUAH,5
2470,JOY,5
2470,JUBAIR,5
2470,KACY,5
2470,KAELAN,5
2470,KAIE,5
2470,KAILEN,5
2470,KAIUS,5
2470,KALAM,5
2470,KALLAN,5
2470,KARANDEEP,5
2470,KAUSAR,5
2470,KAZI,5
2470,KELLY,5
2470,KELTON,5
2470,KENT,5
2470,KEVAL,5
2470,KEVEN,5
2470,KHUSH,5
2470,KIMI,5
2470,KIPP,5
2470,KLAIDI,5
2470,KONNA,5
2470,KONNER,5
2470,KONSTANTINOS,5
2470,KRISHNAN,5
2470,KYREECE,5
2470,LANDON,5
2470,LATHAN,5
2470,LEWES,5
2470,LINTON,5
2470,LOUKAS,5
2470,LUAN,5
2470,LUAY,5
2470,LUCUS,5
2470,LUEY,5
2470,LYAM,5
2470,MACSEN,5
2470,MAHIN,5
2470,MANAN,5
2470,MANSOOR,5
2470,MARCELLO,5
2470,MARIAN,5
2470,MATHIAS,5
2470,MATHUSHAN,5
2470,MATTY,5
2470,MAXIMILIEN,5
2470,MAXIMILLION,5
2470,MAXTON,5
2470,MENDEL,5
2470,MICKEL,5
2470,MIKA,5
2470,MIKOLAJ,5
2470,MIR,5
2470,MISHA,5
2470,MITHUN,5
2470,MOHIB,5
2470,MOHMMAD,5
2470,MOIN,5
2470,MOOSA,5
2470,MORGEN,5
2470,MUBASHIR,5
2470,MUKHTAR,5
2470,MUSSA,5
2470,MUSTAFE,5
2470,MUZZAMMIL,5
2470,NAEL,5
2470,NAFTOLI,5
2470,NASAR,5
2470,NASSER,5
2470,NAVJOT,5
2470,NAYEEM,5
2470,NAYIM,5
2470,NEHEMIAH,5
2470,NEWTON,5
2470,NIHAAL,5
2470,NIRAN,5
2470,NISHANT,5
2470,NOA,5
2470,NOLAN,5
2470,NUR,5
2470,NYAL,5
2470,NYALL,5
2470,O'SHEA,5
2470,OBINNA,5
2470,OGUZHAN,5
2470,OLADIPUPO,5
2470,OLAOLUWA,5
2470,OLUSEGUN,5
2470,OLUWASEYI,5
2470,OLUWATIMILEYIN,5
2470,OLUWATOYOSI,5
2470,OMAIR,5
2470,OMID,5
2470,OZGUR,5
2470,PANASHE,5
2470,PANAYIOTIS,5
2470,PARAS,5
2470,PATRYK,5
2470,PAVLOS,5
2470,PHARELLE,5
2470,PINCHOS,5
2470,PRABHJOT,5
2470,PRAISE,5
2470,RAHIL,5
2470,RAJAB,5
2470,RAMAN,5
2470,RAMEL,5
2470,RAMON,5
2470,RAMZAN,5
2470,RAMZI,5
2470,RATU,5
2470,RAYON,5
2470,REGEN,5
2470,REYHAN,5
2470,RICCO,5
2470,RICHMOND,5
2470,RIYAAN,5
2470,ROHAIL,5
2470,ROHIN,5
2470,ROKAS,5
2470,ROMAAN,5
2470,ROME,5
2470,ROWLAND,5
2470,RUAIRIDH,5
2470,RUAN,5
2470,RYLEIGH,5
2470,RYLIE,5
2470,SAFIAN,5
2470,SAFYAN,5
2470,SAGAR,5
2470,SAHIR,5
2470,SAIFULLAH,5
2470,SAIFUR,5
2470,SALAHUDDIN,5
2470,SALIH,5
2470,SAMIN,5
2470,SAMMI,5
2470,SAMRAJ,5
2470,SAMUELE,5
2470,SAMY,5
2470,SARIM,5
2470,SATVIR,5
2470,SAUD,5
2470,SEIF,5
2470,SERHAT,5
2470,SHAHIN,5
2470,SHAHMEER,5
2470,SHAKIB,5
2470,SHAZEB,5
2470,SHIHAB,5
2470,SHUAYB,5
2470,SIKANDAR,5
2470,SIMBARASHE,5
2470,SIRAAJ,5
2470,SOHAN,5
2470,STERLING,5
2470,STIRLING,5
2470,SUKHVIR,5
2470,SUNG,5
2470,SZYMON,5
2470,TAKUNDA,5
2470,TAMIM,5
2470,TANBIR,5
2470,TARANVEER,5
2470,TARON,5
2470,TAUSIF,5
2470,TAWANA,5
2470,TEAGUE,5
2470,TEGAN,5
2470,TEMILOLUWA,5
2470,TENZIN,5
2470,TERELL,5
2470,THEON,5
2470,THEOPHILUS,5
2470,THIAGO,5
2470,THIBAUT,5
2470,THOM,5
2470,THOR,5
2470,TIARNAN,5
2470,TOMI,5
2470,UBAIDULLAH,5
2470,USAYD,5
2470,VAIBHAV,5
2470,VALENTIN,5
2470,VALENTINE,5
2470,VEER,5
2470,VIKTOR,5
2470,VIREN,5
2470,VLADIMIR,5
2470,YAQOOB,5
2470,YOEL,5
2470,YUSIF,5
2470,ZADE,5
2470,ZAHEER,5
2470,ZAINUL,5
2470,ZAKARIYAH,5
2470,ZEBEDEE,5
2470,ZEKE,5
2470,ZEPHANIAH,5
2470,ZIYAAD,5
2470,ZUBAYR,5
2857,AARIAN,4
2857,AAYUSH,4
2857,ABDILAHI,4
2857,ABDINASIR,4
2857,ABDISHAKUR,4
2857,ABDOULIE,4
2857,ABDUL-,4
2857,ABDUL-KAREEM,4
2857,ABDULRAHEEM,4
2857,ABDUR-RAHEEM,4
2857,ABDURRAHMAAN,4
2857,ABIR,4
2857,ABRAHIM,4
2857,ABRAR,4
2857,ACKEEM,4
2857,ADAIR,4
2857,ADARSH,4
2857,ADDAM,4
2857,ADEOLUWA,4
2857,ADEYEMI,4
2857,ADIN,4
2857,ADON,4
2857,AFZAL,4
2857,AHRON,4
2857,AHSEN,4
2857,AJ,4
2857,AKIL,4
2857,ALARIC,4
2857,ALBION,4
2857,ALDO,4
2857,ALHAJI,4
2857,ALUN,4
2857,ALWYN,4
2857,ALYX,4
2857,AMANPREET,4
2857,AMIL,4
2857,AMORY,4
2857,ANDERS,4
2857,ANEEQ,4
2857,ANIK,4
2857,ANIQ,4
2857,ANMOL,4
2857,ANNAS,4
2857,ANUJ,4
2857,ARAFAT,4
2857,ARDIT,4
2857,ARMAND,4
2857,ARMIN,4
2857,ARNAS,4
2857,ARNE,4
2857,ARSALAAN,4
2857,ASHDON,4
2857,ASHIR,4
2857,ASSAM,4
2857,ASSAN,4
2857,ATA,4
2857,ATAKAN,4
2857,ATHAN,4
2857,ATILLA,4
2857,AUGUSTIN,4
2857,AUM,4
2857,AUREL,4
2857,BAKARY,4
2857,BARNABAS,4
2857,BAYLEIGH,4
2857,BAYLIE,4
2857,BAYRAM,4
2857,BEDE,4
2857,BEDWYR,4
2857,BENI,4
2857,BENJAMYN,4
2857,BENTON,4
2857,BERKE,4
2857,BERT,4
2857,BERTRAND,4
2857,BILLY-JOE,4
2857,BINYAMEEN,4
2857,BLAIN,4
2857,BLAIZE,4
2857,BLAZE,4
2857,BOAZ,4
2857,BOBBI,4
2857,BODIE,4
2857,BRAD-LEE,4
2857,BRYNN,4
2857,BYRAN,4
2857,CAILUM,4
2857,CAMARON,4
2857,CAN,4
2857,CANE,4
2857,CAREY,4
2857,CELLAN,4
2857,CELT,4
2857,CHARLEE,4
2857,CHESKY,4
2857,CHETAN,4
2857,CHIBUEZE,4
2857,CHIDUBEM,4
2857,CHRISTIE,4
2857,CHRISTON,4
2857,CHUKWUEMEKA,4
2857,CHUKWUMA,4
2857,CJ,4
2857,CLEM,4
2857,COBAN,4
2857,COBEN,4
2857,COLEBY,4
2857,COLLIN,4
2857,COLTON,4
2857,CONNALL,4
2857,CONNAR,4
2857,CONSTANTINOS,4
2857,CORREY,4
2857,CRISTIANO,4
2857,CY,4
2857,D',4
2857,DAHIR,4
2857,DALLAS,4
2857,DANESH,4
2857,DANIEL-JAMES,4
2857,DANIYAAL,4
2857,DANNIE,4
2857,DANNY-LEE,4
2857,DARSH,4
2857,DAVIAN,4
2857,DAVIDE,4
2857,DAVIE,4
2857,DAVINDER,4
2857,DAVION,4
2857,DE,4
2857,DE'ANDRE,4
2857,DEAKON,4
2857,DECLAND,4
2857,DEEPAK,4
2857,DEINIOL,4
2857,DEMARNI,4
2857,DEMETRIUS,4
2857,DENIM,4
2857,DENZIL,4
2857,DEVONTAY,4
2857,DHANUSH,4
2857,DHRU,4
2857,DINARI,4
2857,DIXON,4
2857,DMITRI,4
2857,DOGUKAN,4
2857,DOMINICK,4
2857,DOMINIQUE,4
2857,DOMINYKAS,4
2857,DONNIE,4
2857,DONNY,4
2857,DOUGIE,4
2857,DREY,4
2857,EASON,4
2857,EDMOND,4
2857,EHTESHAM,4
2857,EKAM,4
2857,ELAN,4
2857,ELIE,4
2857,ELION,4
2857,ELIYAHU,4
2857,EMEKA,4
2857,EMLYN,4
2857,EMRYS,4
2857,ENNIS,4
2857,ERBLIN,4
2857,ERIM,4
2857,ERMAL,4
2857,ERVIN,4
2857,ERWIN,4
2857,ERYK,4
2857,ESHAAN,4
2857,ETHAN-JAMES,4
2857,EVANDER,4
2857,EXAUCE,4
2857,FABRIZIO,4
2857,FADIL,4
2857,FAIYAZ,4
2857,FARAI,4
2857,FARLEY,4
2857,FARON,4
2857,FAROUQ,4
2857,FEYSAL,4
2857,FEZAN,4
2857,FILIPE,4
2857,FINLEIGH,4
2857,FITZROY,4
2857,FLORIN,4
2857,FORD,4
2857,FRANCOIS,4
2857,FRAZ,4
2857,FREDRIC,4
2857,FURKAN,4
2857,FYNLAY,4
2857,GANESH,4
2857,GEM,4
2857,GENO,4
2857,GENTRIT,4
2857,GEORGES,4
2857,GEORGIO,4
2857,GEORGIOS,4
2857,GHALIB,4
2857,GIAAN,4
2857,GIANMARCO,4
2857,GIO,4
2857,GLODI,4
2857,GLORY,4
2857,GODFRED,4
2857,GREGG,4
2857,GREGOIRE,4
2857,GULLIVER,4
2857,GURDEEP,4
2857,GURJOT,4
2857,GURSIMRAN,4
2857,GURVEER,4
2857,HABIBUR,4
2857,HALIM,4
2857,HAMEED,4
2857,HARITH,4
2857,HARLIE,4
2857,HARRIE,4
2857,HARVEE,4
2857,HATIM,4
2857,HEDD,4
2857,HESHAM,4
2857,HILAL,4
2857,HIREN,4
2857,HUNTER,4
2857,HUY,4
2857,HYUN,4
2857,IKER,4
2857,ILYES,4
2857,IMTIYAZ,4
2857,INAAM,4
2857,INAYAT,4
2857,IRA,4
2857,ISAM,4
2857,ISHMAM,4
2857,ISHRAQ,4
2857,ISSAM,4
2857,JACEY,4
2857,JACKY,4
2857,JAGRAJ,4
2857,JAHMALI,4
2857,JAHMEL,4
2857,JAHREL,4
2857,JAIMIE,4
2857,JAKK,4
2857,JALEEL,4
2857,JAMA,4
2857,JARAD,4
2857,JARETH,4
2857,JAROD,4
2857,JASHAN,4
2857,JASPREET,4
2857,JASRAJ,4
2857,JATINDER,4
2857,JAVANTE,4
2857,JAVARN,4
2857,JAVON,4
2857,JAYCOB,4
2857,JAYE,4
2857,JAYEN,4
2857,JAYMIN,4
2857,JEFF,4
2857,JERALD,4
2857,JIHAD,4
2857,JOAQUIM,4
2857,JOBIE,4
2857,JOCELYN,4
2857,JOHNPAUL,4
2857,JOLAN,4
2857,JON-PAUL,4
2857,JONTI,4
2857,JORDYN,4
2857,JOVEN,4
2857,JOVI,4
2857,JUBRIL,4
2857,KAASHIF,4
2857,KAEDEN,4
2857,KAIYAN,4
2857,KAJ,4
2857,KALID,4
2857,KALIL,4
2857,KALUB,4
2857,KAMANI,4
2857,KAMAR,4
2857,KAMARI,4
2857,KARTIK,4
2857,KASPER,4
2857,KAYLIN,4
2857,KAYLON,4
2857,KAYSAN,4
2857,KAZIM,4
2857,KEELIN,4
2857,KEERAN,4
2857,KEERAT,4
2857,KEETAN,4
2857,KEGAN,4
2857,KEINAN,4
2857,KEIREN,4
2857,KELBY,4
2857,KELLEN,4
2857,KEONI,4
2857,KERIM,4
2857,KERON,4
2857,KETAN,4
2857,KEVON,4
2857,KHADAR,4
2857,KHALIF,4
2857,KHAN,4
2857,KHARI,4
2857,KHATEEB,4
2857,KHIAN,4
2857,KHUSHAL,4
2857,KIEFER,4
2857,KIERYN,4
2857,KILIAN,4
2857,KIMANI,4
2857,KLEVIS,4
2857,KOBEY,4
2857,KRISTJAN,4
2857,KRISTOFFER,4
2857,KRYSTIAN,4
2857,KWESI,4
2857,KY-MANI,4
2857,KYA,4
2857,KYRIACOS,4
2857,KYRIAKOS,4
2857,KYRO,4
2857,LABEEB,4
2857,LAIGHTON,4
2857,LAKHAN,4
2857,LATRELL,4
2857,LAWTON,4
2857,LAYTH,4
2857,LEAM,4
2857,LEEROY,4
2857,LEITH,4
2857,LEWIN,4
2857,LORIMER,4
2857,LUDOVICO,4
2857,MACE,4
2857,MACENZIE,4
2857,MAHFUZ,4
2857,MAHI,4
2857,MAHMUDUL,4
2857,MAHOMED,4
2857,MALACHAI,4
2857,MALACHIE,4
2857,MALAKIE,4
2857,MALAKYE,4
2857,MALEK,4
2857,MALIQ,4
2857,MALO,4
2857,MAMADOU,4
2857,MANASSEH,4
2857,MARLI,4
2857,MARLO,4
2857,MARLY,4
2857,MARTELL,4
2857,MARTY,4
2857,MASOUD,4
2857,MASUD,4
2857,MATAN,4
2857,MATEEN,4
2857,MATIN,4
2857,MATISSE,4
2857,MATTEUS,4
2857,MAXI,4
2857,MAXX,4
2857,MAZEN,4
2857,MCAULEY,4
2857,MCCAULEY,4
2857,MD.,4
2857,MEHRAN,4
2857,MERAJ,4
2857,MERRICK,4
2857,MERTCAN,4
2857,MICHEL,4
2857,MIHAI,4
2857,MILLEN,4
2857,MILOS,4
2857,MODOU,4
2857,MOHAMEDAMIN,4
2857,MOHMED,4
2857,MONEEB,4
2857,MORLEY,4
2857,MOTTI,4
2857,MOUHAMED,4
2857,MOUNIR,4
2857,MUAMMAR,4
2857,MUBARIK,4
2857,MUHIB,4
2857,MUIZZ,4
2857,MUNSIF,4
2857,MUNTASIR,4
2857,MUNTAZIR,4
2857,MUNYARADZI,4
2857,MUZAMMIL,4
2857,MYLO,4
2857,NACHMAN,4
2857,NADER,4
2857,NAJEEB,4
2857,NAJIM,4
2857,NAM,4
2857,NASSIM,4
2857,NAVDEEP,4
2857,NAVEEN,4
2857,NAVID,4
2857,NAZEEM,4
2857,NAZIR,4
2857,NAZMUL,4
2857,NECATI,4
2857,NEVAN,4
2857,NEVILLE,4
2857,NICOLO,4
2857,NIKKI,4
2857,NIKLAS,4
2857,NIKO,4
2857,NIMA,4
2857,NISHAN,4
2857,NITIN,4
2857,NUMAIR,4
2857,NURI,4
2857,OBI,4
2857,OLUWASEGUN,4
2857,ORLAN,4
2857,OTHMAN,4
2857,OWYN,4
2857,OZAIR,4
2857,PAVITAR,4
2857,PERCY,4
2857,PEREZ,4
2857,PETAR,4
2857,PETE,4
2857,PETROS,4
2857,PIERO,4
2857,PRATIK,4
2857,PRIYAN,4
2857,QUINTON,4
2857,RADWAN,4
2857,RAEF,4
2857,RAFAY,4
2857,RAFFAELE,4
2857,RAIF,4
2857,RAJESH,4
2857,RAJUN,4
2857,RAKEEB,4
2857,RAKIM,4
2857,RAMANDEEP,4
2857,RAMIRO,4
2857,RAMIS,4
2857,RAMONE,4
2857,RAOUL,4
2857,RASHEED,4
2857,RASMUS,4
2857,REDD,4
2857,REDON,4
2857,REED,4
2857,REIGAN,4
2857,RENO,4
2857,REUEL,4
2857,REYAN,4
2857,RHYLEY,4
2857,RICKI,4
2857,RIDLEY,4
2857,RILWAN,4
2857,RITESH,4
2857,RIYAAD,4
2857,RIYAN,4
2857,ROHAT,4
2857,ROLLO,4
2857,ROMAINE,4
2857,ROMAO,4
2857,ROSSI,4
2857,ROURKE,4
2857,ROWEN,4
2857,ROYSTON,4
2857,RUAIDHRI,4
2857,RYDER,4
2857,RYO,4
2857,SAABIR,4
2857,SABER,4
2857,SABOOR,4
2857,SAFEER,4
2857,SAHIN,4
2857,SAHR,4
2857,SAIFUL,4
2857,SAKARIA,4
2857,SALEM,4
2857,SAMED,4
2857,SAMIE,4
2857,SAMUEL-JAMES,4
2857,SAN,4
2857,SANDY,4
2857,SANTHOSH,4
2857,SARDAR,4
2857,SARMAD,4
2857,SAURAV,4
2857,SAYEED,4
2857,SCOT,4
2857,SEFA,4
2857,SEMIH,4
2857,SENNEN,4
2857,SHABIR,4
2857,SHAD,4
2857,SHADMAN,4
2857,SHAFIQ,4
2857,SHAHIL,4
2857,SHAHRIAR,4
2857,SHAKAI,4
2857,SHAKEEM,4
2857,SHAKIEL,4
2857,SHANNON,4
2857,SHASHANK,4
2857,SHAYAAN,4
2857,SHAZAD,4
2857,SHER,4
2857,SHEY,4
2857,SHIRAZ,4
2857,SHIVEN,4
2857,SHLOIMY,4
2857,SIDHARTH,4
2857,SIKANDER,4
2857,SINAN,4
2857,SOFIAN,4
2857,SOHAM,4
2857,SPENSER,4
2857,STEPHANE,4
2857,SUHEYB,4
2857,SUKHDEV,4
2857,TAAHA,4
2857,TADGH,4
2857,TAILOR,4
2857,TAL,4
2857,TALYN,4
2857,TANATSWA,4
2857,TANER,4
2857,TANNER,4
2857,TANZIM,4
2857,TAO,4
2857,TARANDEEP,4
2857,TARELL,4
2857,TAREQ,4
2857,TARRAN,4
2857,TATENDA,4
2857,TAY,4
2857,TAYLA,4
2857,TAYYEB,4
2857,TAYYUB,4
2857,TEJAN,4
2857,TEMITOPE,4
2857,THABANI,4
2857,THARUN,4
2857,THIBAUD,4
2857,THOMAS-JAY,4
2857,TIJAN,4
2857,TIMUCIN,4
2857,TOLUWANI,4
2857,TOMMASO,4
2857,TORR,4
2857,TUDUR,4
2857,TULLY,4
2857,TWM,4
2857,TZVI,4
2857,UBAYDULLAH,4
2857,UCHENNA,4
2857,UMIT,4
2857,URIAH,4
2857,URIEL,4
2857,VINESH,4
2857,VINNI,4
2857,VITOR,4
2857,WAHEED,4
2857,WARIS,4
2857,WARRICK,4
2857,WESTLEY,4
2857,WEZLEY,4
2857,WIKTOR,4
2857,WILLIS,4
2857,WISAM,4
2857,WYATT,4
2857,YAAMEEN,4
2857,YAFET,4
2857,YAMIN,4
2857,YANNIS,4
2857,YASER,4
2857,YAZAN,4
2857,YI,4
2857,YIU,4
2857,YOHAN,4
2857,YONATAN,4
2857,YOSSI,4
2857,YOUCEF,4
2857,YUSAF,4
2857,YVES,4
2857,ZACARIAH,4
2857,ZACHARI,4
2857,ZACHARIUS,4
2857,ZAHIN,4
2857,ZAKRIA,4
2857,ZEESHAAN,4
2857,ZEIN,4
2857,ZEYAD,4
2857,ZHI,4
2857,ZIYAN,4
2857,ZUBEYR,4
2857,ZUHAIB,4
2857,ZUHAIR,4
3467,AADHAM,3
3467,AAHAD,3
3467,AAQIL,3
3467,AATIF,3
3467,ABAAS,3
3467,ABDELRAHMAN,3
3467,ABDELRAHMANE,3
3467,ABDIKARIM,3
3467,ABDIRIZAK,3
3467,ABDUL-AZIZ,3
3467,ABDULA,3
3467,ABDULLAAH,3
3467,ABDULMAJID,3
3467,ABDULRAHIM,3
3467,ABDUS-SAMAD,3
3467,ABE,3
3467,ABHINAV,3
3467,ABHIRAJ,3
3467,ABIDUR,3
3467,ABIEL,3
3467,ABISHAN,3
3467,ABU-HURAIRA,3
3467,ABUZAR,3
3467,ABYAN,3
3467,ADAM-JAMES,3
3467,ADEMIDE,3
3467,ADEOLA,3
3467,ADIE,3
3467,ADREES,3
3467,ADRIATIK,3
3467,AEDDAN,3
3467,AFTAB,3
3467,AGHA,3
3467,AGIM,3
3467,AGUSTIN,3
3467,AHAMED,3
3467,AHREN,3
3467,AHSANUL,3
3467,AIMAN,3
3467,AIMAR,3
3467,AINSLIE,3
3467,AJAI,3
3467,AJEET,3
3467,AJIT,3
3467,AKEAL,3
3467,AKINOLA,3
3467,AKINTUNDE,3
3467,ALAIN,3
3467,ALAND,3
3467,ALBIN,3
3467,ALEN,3
3467,ALEXANDRO,3
3467,ALFEE,3
3467,ALICAN,3
3467,ALICK,3
3467,ALIJAH,3
3467,ALISDAIR,3
3467,ALIYAAN,3
3467,ALP,3
3467,ALPER,3
3467,ALUSINE,3
3467,ALWIN,3
3467,ALY,3
3467,AMAD,3
3467,AMANVEER,3
3467,AMARIE,3
3467,AMARN,3
3467,AMARNI,3
3467,AMEYA,3
3467,AMIRUL,3
3467,AMUN,3
3467,ANASTASIOS,3
3467,ANDILE,3
3467,ANDREJ,3
3467,ANESU,3
3467,ANGAD,3
3467,ANISUR,3
3467,ANSEL,3
3467,ANTWONE,3
3467,ANUSHAN,3
3467,AQEEB,3
3467,ARAGORN,3
3467,ARAM,3
3467,ARANDEEP,3
3467,ARBAB,3
3467,ARDI,3
3467,ARIC,3
3467,ARIFUR,3
3467,ARLEN,3
3467,ARNEZ,3
3467,ARRY,3
3467,ARSHDEEP,3
3467,ARTUR,3
3467,ARTURO,3
3467,ARUNVIR,3
3467,AS'AD,3
3467,ASHA,3
3467,ASHAY,3
3467,ASHDEN,3
3467,ASHLIN,3
3467,ASSAD,3
3467,ASWIN,3
3467,ATEEB,3
3467,ATTA,3
3467,AUBREY,3
3467,AUGUSTO,3
3467,AURELIEN,3
3467,AVRAHAM,3
3467,AYODELE,3
3467,AYONITEMI,3
3467,AZZAM,3
3467,BADER,3
3467,BADR,3
3467,BALAL,3
3467,BALDEEP,3
3467,BARZAN,3
3467,BASEL,3
3467,BASHAR,3
3467,BASHEER,3
3467,BASIT,3
3467,BENJI,3
3467,BENJIMIN,3
3467,BENYAMEEN,3
3467,BERAT,3
3467,BERHAN,3
3467,BERZAN,3
3467,BETZALEL,3
3467,BEVIS,3
3467,BEZALEL,3
3467,BHAVIK,3
3467,BILLY-JAY,3
3467,BLAIR,3
3467,BOBBY-LEE,3
3467,BOBBYJOE,3
3467,BONIFACE,3
3467,BRADYN,3
3467,BRAHIM,3
3467,BRAULIO,3
3467,BRENNON,3
3467,BRENTON,3
3467,BRICE,3
3467,BRODEN,3
3467,BRYCHAN,3
3467,BRYNLEY,3
3467,BRYSON,3
3467,CAHAL,3
3467,CAILAN,3
3467,CALAM,3
3467,CALEM,3
3467,CALLEN,3
3467,CALLIUM,3
3467,CALLUM-JAY,3
3467,CALOGERO,3
3467,CAMEREN,3
3467,CAMREN,3
3467,CARDELL,3
3467,CARLITO,3
3467,CASSIAN,3
3467,CAYAN,3
3467,CAYCE,3
3467,CAYLUM,3
3467,CAYMAN,3
3467,CELYN,3
3467,CENK,3
3467,CERI,3
3467,CHARLIE-JACK,3
3467,CHARLIE-JAMES,3
3467,CHAYTON,3
3467,CHIGOZIE,3
3467,CHIMA,3
3467,CHINONSO,3
3467,CHRISTAN,3
3467,CHRISTEN,3
3467,CHRISTIAAN,3
3467,CHRISTO,3
3467,CHUKWUEBUKA,3
3467,CIAREN,3
3467,CIERON,3
3467,CIHAN,3
3467,CIRAN,3
3467,CIRO,3
3467,CLAYDON,3
3467,CLIFF,3
3467,COADY,3
3467,COFI,3
3467,COHAN,3
3467,COLWYN,3
3467,CONNAN,3
3467,CORBURN,3
3467,COREE,3
3467,CORLEY,3
3467,CORNELIUS,3
3467,CORY-LEE,3
3467,COSMIN,3
3467,COURAGE,3
3467,COWAN,3
3467,CRISPIN,3
3467,CRISTOPHER,3
3467,CUAN,3
3467,CUTHBERT,3
3467,D'ANGELO,3
3467,DAAN,3
3467,DAANIYAL,3
3467,DAGAN,3
3467,DAIJON,3
3467,DAINE,3
3467,DAIRE,3
3467,DAIYAAN,3
3467,DAIYAN,3
3467,DALVIR,3
3467,DAMARIO,3
3467,DAMILOLA,3
3467,DANIIL,3
3467,DANYL,3
3467,DARIUSH,3
3467,DARWYN,3
3467,DASHIELL,3
3467,DAYA,3
3467,DAYAN,3
3467,DEEGAN,3
3467,DEIO,3
3467,DEIVIDAS,3
3467,DEJAUN,3
3467,DELANEY,3
3467,DELVIN,3
3467,DEMARCO,3
3467,DEMARIO,3
3467,DENBY,3
3467,DENI,3
3467,DENIRO,3
3467,DEONDRE,3
3467,DERI,3
3467,DERIN,3
3467,DERYN,3
3467,DEX,3
3467,DEYAN,3
3467,DHANESH,3
3467,DHANI,3
3467,DHANYAL,3
3467,DHARAM,3
3467,DHAVAL,3
3467,DHIAN,3
3467,DIALLO,3
3467,DILEEP,3
3467,DILESH,3
3467,DILIP,3
3467,DILON,3
3467,DIPESH,3
3467,DIRK,3
3467,DIVIN,3
3467,DOMENIC,3
3467,DOUGAL,3
3467,DUSTIN,3
3467,DWAIN,3
3467,DYLAN-JAMES,3
3467,DYLLON,3
3467,EATHEN,3
3467,EBAN,3
3467,EBRIMA,3
3467,EDDISON,3
3467,EDIZ,3
3467,EDOARDO,3
3467,EDON,3
3467,EDOUARD,3
3467,EDSON,3
3467,EDVIN,3
3467,EFE,3
3467,EITAN,3
3467,EKOW,3
3467,ELGAN,3
3467,ELIA,3
3467,ELLIS-JAY,3
3467,ELOHIM,3
3467,ELOZOR,3
3467,ELTON,3
3467,ELWYN,3
3467,EMAD,3
3467,EMDADUL,3
3467,EMIEL,3
3467,EMIRCAN,3
3467,EMMANUAL,3
3467,EMMETT,3
3467,ENGJELL,3
3467,ERAN,3
3467,ERDEM,3
3467,ERDI,3
3467,ERICK,3
3467,EROL,3
3467,ERTAN,3
3467,ESAA,3
3467,ESMOND,3
3467,ETHANIEL,3
3467,EVANS,3
3467,FAAKHIR,3
3467,FAHMID,3
3467,FAIZAL,3
3467,FAOLAN,3
3467,FARAH,3
3467,FAROOQ,3
3467,FARRAN,3
3467,FARRUKH,3
3467,FARUQ,3
3467,FARZAD,3
3467,FAYAZ,3
3467,FAYZAN,3
3467,FENNER,3
3467,FERHAT,3
3467,FERRELL,3
3467,FIACHRA,3
3467,FIDAH,3
3467,FILIPPO,3
3467,FIN,3
3467,FINLAN,3
3467,FINNLEE,3
3467,FIONNTAN,3
3467,FIRAT,3
3467,FLORIAN,3
3467,FORTUNE,3
3467,FRANKI,3
3467,FREDERICO,3
3467,FYNNLEY,3
3467,GABE,3
3467,GALLAGHER,3
3467,GARAN,3
3467,GARRETT,3
3467,GARVEY,3
3467,GARYN,3
3467,GAVRIEL,3
3467,GENESIS,3
3467,GEORGEY,3
3467,GEORGI,3
3467,GERALLT,3
3467,GERWYN,3
3467,GIANCARLO,3
3467,GIL,3
3467,GILAD,3
3467,GOKUL,3
3467,GOPAL,3
3467,GRIFFITH,3
3467,GUIDO,3
3467,GURDEV,3
3467,GURDIT,3
3467,GURINDER,3
3467,GURNAM,3
3467,GURPAL,3
3467,GURSEVAK,3
3467,GURSHARAN,3
3467,GUSTAF,3
3467,GWYN,3
3467,GYAN,3
3467,HADEED,3
3467,HADEN,3
3467,HAIDAN,3
3467,HALIT,3
3467,HAMMED,3
3467,HAMSE,3
3467,HANI,3
3467,HANLEY,3
3467,HARAJAN,3
3467,HARDY,3
3467,HARESH,3
3467,HARISHAN,3
3467,HARISS,3
3467,HARIZ,3
3467,HARJINDER,3
3467,HARJYOT,3
3467,HARKIRAT,3
3467,HARLEIGH,3
3467,HARMANDEEP,3
3467,HARMEET,3
3467,HARNEK,3
3467,HARRISH,3
3467,HARRISSON,3
3467,HARRY-JAMES,3
3467,HASANAYN,3
3467,HASHAAM,3
3467,HASHAM,3
3467,HASNAN,3
3467,HAYDER,3
3467,HAYDYN,3
3467,HAZIQ,3
3467,HENDRIK,3
3467,HENNING,3
3467,HENOC,3
3467,HENOCH,3
3467,HERSH,3
3467,HOLDEN,3
3467,HOLLAND,3
3467,HORACE,3
3467,HORATIO,3
3467,HOSSAM,3
3467,HOWIE,3
3467,HRITHIK,3
3467,HUDHAIFA,3
3467,HUDHAIFAH,3
3467,HUDHAYFAH,3
3467,HUMAYD,3
3467,HUMAYUN,3
3467,HUMPHREY,3
3467,HURSH,3
3467,HUSEIN,3
3467,IBRAR,3
3467,IBUKUNOLUWA,3
3467,IFEDAYO,3
3467,IKE,3
3467,ILIA,3
3467,ILIYAN,3
3467,ILYA,3
3467,ILYAAS,3
3467,IMDAD,3
3467,INDIGO,3
3467,INDRA,3
3467,IORI,3
3467,IORWERTH,3
3467,IRFAAN,3
3467,ISAK,3
3467,ISHAK,3
3467,ISMAIEL,3
3467,J,3
3467,JACOBI,3
3467,JACOPO,3
3467,JACY,3
3467,JAFAR,3
3467,JAGAN,3
3467,JAGDEEP,3
3467,JAGPAL,3
3467,JAGVEER,3
3467,JAHARI,3
3467,JAHDEL,3
3467,JAHIME,3
3467,JAHMAI,3
3467,JAHMARI,3
3467,JAICOB,3
3467,JAIDYN,3
3467,JAIMIN,3
3467,JAKE-LEE,3
3467,JAKSON,3
3467,JAMAHL,3
3467,JAMAINE,3
3467,JAMARIO,3
3467,JAMEIL,3
3467,JAMES-LEE,3
3467,JAMIAH,3
3467,JAMIESON,3
3467,JAMIN,3
3467,JANOS,3
3467,JARRELL,3
3467,JASPAL,3
3467,JAVELL,3
3467,JAVEN,3
3467,JAVID,3
3467,JAX,3
3467,JAXX,3
3467,JAY-,3
3467,JAYAN,3
3467,JAYCEE,3
3467,JAYDYN,3
3467,JAYJAY,3
3467,JAYLON,3
3467,JAYMEE,3
3467,JAYMES,3
3467,JAZ,3
3467,JEAN-LUC,3
3467,JEAN-PIERRE,3
3467,JEEVEN,3
3467,JEHAN,3
3467,JEMAINE,3
3467,JEVONTE,3
3467,JIE,3
3467,JINAY,3
3467,JIRI,3
3467,JIVAN,3
3467,JO,3
3467,JOAKIM,3
3467,JOB,3
3467,JOHNY,3
3467,JONTE,3
3467,JORJ,3
3467,JOSHKUN,3
3467,JOSUHA,3
3467,JULLIAN,3
3467,KA,3
3467,KACI,3
3467,KADEER,3
3467,KADIN,3
3467,KAEL,3
3467,KAELEM,3
3467,KAELEN,3
3467,KAGAN,3
3467,KAIA,3
3467,KAIDE,3
3467,KAILASH,3
3467,KAILEB,3
3467,KAJAN,3
3467,KAL,3
3467,KALLEM,3
3467,KALLIS,3
3467,KALON,3
3467,KAM'RON,3
3467,KAMEN,3
3467,KAMRAAN,3
3467,KARANVEER,3
3467,KARNELL,3
3467,KARUM,3
3467,KASHAAN,3
3467,KASPARAS,3
3467,KAVANAGH,3
3467,KAYCEE,3
3467,KAYDAN,3
3467,KAYDE,3
3467,KAYO,3
3467,KAYODE,3
3467,KEBBA,3
3467,KEERON,3
3467,KEES,3
3467,KEI,3
3467,KENECHI,3
3467,KES,3
3467,KEVELL,3
3467,KEZ,3
3467,KHALIS,3
3467,KHANH,3
3467,KHAWAJA,3
3467,KHAYA,3
3467,KIALL,3
3467,KIARN,3
3467,KIEDIS,3
3467,KIERON-LEE,3
3467,KIN,3
3467,KIP,3
3467,KIREN,3
3467,KIRILL,3
3467,KIRON,3
3467,KIRTIS,3
3467,KITT,3
3467,KLAIDAS,3
3467,KLAJDI,3
3467,KLAUDIO,3
3467,KLEO,3
3467,KLEON,3
3467,KOBEN,3
3467,KRISHEN,3
3467,KRISHI,3
3467,KUNDAI,3
3467,KWAKU,3
3467,KWASI,3
3467,KWEKU,3
3467,KYERON,3
3467,KYLER,3
3467,KYMARNI,3
3467,KYSON,3
3467,LAINE,3
3467,LAMARR,3
3467,LARSSON,3
3467,LAVAN,3
3467,LAWEN,3
3467,LAWRANCE,3
3467,LAZAR,3
3467,LEEVI,3
3467,LEMARR,3
3467,LENARD,3
3467,LEONEL,3
3467,LEVAN,3
3467,LEVON,3
3467,LI,3
3467,LIAN,3
3467,LIBAAN,3
3467,LINDON,3
3467,LIOR,3
3467,LLION,3
3467,LLYWELYN,3
3467,LOGUN,3
3467,LOK,3
3467,LORENZ,3
3467,LORIK,3
3467,LORIS,3
3467,LORNE,3
3467,LOUCA,3
3467,LOUCAS,3
3467,LOWELL,3
3467,LOYD,3
3467,LUCAN,3
3467,LUDO,3
3467,LUKASZ,3
3467,LUKMAN,3
3467,LYDON,3
3467,LYES,3
3467,MABON,3
3467,MACAULLEY,3
3467,MACAULY,3
3467,MACEY,3
3467,MACIEJ,3
3467,MAHBUB,3
3467,MAHESH,3
3467,MAHIB,3
3467,MAHIRUL,3
3467,MAHMUT,3
3467,MAHTAB,3
3467,MAJHARUL,3
3467,MAKAEEL,3
3467,MAKSIM,3
3467,MAKSYM,3
3467,MALAKHI,3
3467,MALEEK,3
3467,MAMUN,3
3467,MANISH,3
3467,MANJOT,3
3467,MANOLO,3
3467,MANSUKH,3
3467,MANU,3
3467,MARLEE,3
3467,MARLOW,3
3467,MARSEL,3
3467,MASHAL,3
3467,MASROOR,3
3467,MASUM,3
3467,MATHUSAN,3
3467,MATIS,3
3467,MATS,3
3467,MATTIE,3
3467,MATTIS,3
3467,MAXAMILIAN,3
3467,MELIH,3
3467,MERGIM,3
3467,MERRILL,3
3467,MERSON,3
3467,METIN,3
3467,MIKAH,3
3467,MIN,3
3467,MINH,3
3467,MINHAJ,3
3467,MINHAZ,3
3467,MIRAZ,3
3467,MOAD,3
3467,MOBOLAJI,3
3467,MOHAMMUD,3
3467,MOHAN,3
3467,MONTAGU,3
3467,MONTEL,3
3467,MORDECAI,3
3467,MOSS,3
3467,MOSTAFA,3
3467,MOUSTAFA,3
3467,MUAADH,3
3467,MUAD,3
3467,MUAZ,3
3467,MUAZZAM,3
3467,MUDASSAR,3
3467,MUDASSIR,3
3467,MUFARO,3
3467,MUHANAD,3
3467,MUJAAHID,3
3467,MUNGO,3
3467,MUNRO,3
3467,MURAT,3
3467,MUSAAB,3
3467,MUSTAFAA,3
3467,MUZAMIL,3
3467,NAFTALI,3
3467,NAHEEM,3
3467,NAHUM,3
3467,NAITHAN,3
3467,NALIN,3
3467,NAMAAN,3
3467,NAMIR,3
3467,NAOD,3
3467,NAQEEB,3
3467,NASH,3
3467,NASSIR,3
3467,NASSOR,3
3467,NATAN,3
3467,NATANAEL,3
3467,NAUMAN,3
3467,NAVIN,3
3467,NAVNEET,3
3467,NAYEB,3
3467,NAYEM,3
3467,NAZIM,3
3467,NEMANJA,3
3467,NEVIN,3
3467,NIAZ,3
3467,NICCOLO,3
3467,NICOLAI,3
3467,NIK,3
3467,NIKASH,3
3467,NIKIL,3
3467,NIKOS,3
3467,NILAY,3
3467,NILES,3
3467,NILESH,3
3467,NIRAJ,3
3467,NIRVAN,3
3467,NITESH,3
3467,NITHIN,3
3467,NIVEN,3
3467,NIXON,3
3467,NIZAM,3
3467,NNAMDI,3
3467,NOAM,3
3467,NOE,3
3467,NOJUS,3
3467,NORTH,3
3467,NORTON,3
3467,NUMAYR,3
3467,NURUL,3
3467,O'NEIL,3
3467,O'NEILL,3
3467,OBAID,3
3467,OBAN,3
3467,OKAN,3
3467,OLADAPO,3
3467,OLATUNDE,3
3467,OLAYEMI,3
3467,OLEK,3
3467,OLLI,3
3467,OLUFEMI,3
3467,OLUWADEMILADE,3
3467,OLUWAKAYODE,3
3467,OLUWAKOREDE,3
3467,OLUWATOMISIN,3
3467,OLUWATOSIN,3
3467,OLUWATUNMISE,3
3467,OMARIE,3
3467,OMARION,3
3467,OMAYR,3
3467,ORI,3
3467,ORRIN,3
3467,ORVILLE,3
3467,OSEI,3
3467,OSHANE,3
3467,OSSIAN,3
3467,OTHNIEL,3
3467,OUSMAN,3
3467,OZCAN,3
3467,PAISLEY,3
3467,PALVINDER,3
3467,PARMVEER,3
3467,PAWAN,3
3467,PAYTON,3
3467,PELE,3
3467,PENIEL,3
3467,PERRI,3
3467,PHIL,3
3467,PHINEAS,3
3467,PHONG,3
3467,PINCHAS,3
3467,PIP,3
3467,PIUS,3
3467,PRATHAM,3
3467,PRAVEEN,3
3467,PRITESH,3
3467,PRITHVIRAJ,3
3467,QAZI,3
3467,QUAID,3
3467,QUINTIN,3
3467,RAAFAY,3
3467,RAFEE,3
3467,RAFFI,3
3467,RAFIQ,3
3467,RAFIUL,3
3467,RAGHAV,3
3467,RAHEES,3
3467,RAHIB,3
3467,RAHMAN,3
3467,RAHMONE,3
3467,RAHSAAN,3
3467,RAI,3
3467,RAIS,3
3467,RAJANDEEP,3
3467,RAJIB,3
3467,RAJIV,3
3467,RAKIB,3
3467,RAKIN,3
3467,RAMARIO,3
3467,RAMSAY,3
3467,RAMSEY,3
3467,RAMY,3
3467,RANA,3
3467,RANJEET,3
3467,RAOUF,3
3467,RAQIB,3
3467,RASUL,3
3467,RAUMAAN,3
3467,RAUSHAN,3
3467,RAYMUND,3
3467,REDA,3
3467,REDWAN,3
3467,REHMAN,3
3467,REICE,3
3467,REMO,3
3467,RENALDO,3
3467,RENELL,3
3467,REWAN,3
3467,REZA,3
3467,RHEECE,3
3467,RHEO,3
3467,RHIDIAN,3
3467,RHUN,3
3467,RIDHWAN,3
3467,RIISE,3
3467,RIKIN,3
3467,RINOR,3
3467,RISHIKESH,3
3467,RITHIK,3
3467,RIVALDO,3
3467,RIVEN,3
3467,RIVERS,3
3467,RIYAZ,3
3467,ROBAT,3
3467,ROBLEH,3
3467,ROHIL,3
3467,ROHITH,3
3467,ROJHAT,3
3467,ROLANDO,3
3467,ROMAR,3
3467,ROMEL,3
3467,ROMERO,3
3467,ROMMEL,3
3467,ROMONE,3
3467,ROMY,3
3467,RONIN,3
3467,ROSCO,3
3467,ROSHANE,3
3467,ROYCE,3
3467,RUBENS,3
3467,RUDIE,3
3467,RUSLAN,3
3467,RUSSEL,3
3467,RYAD,3
3467,RYAN-LEE,3
3467,RYANDEEP,3
3467,RYE,3
3467,RYHAN,3
3467,SAAHIR,3
3467,SABEEH,3
3467,SABEEL,3
3467,SABIH,3
3467,SABRI,3
3467,SACARIO,3
3467,SAGE,3
3467,SAHAL,3
3467,SAHEEL,3
3467,SAKARIYE,3
3467,SALAHUDIN,3
3467,SAMARTH,3
3467,SAMAY,3
3467,SAMEEM,3
3467,SAMEH,3
3467,SAMMUEL,3
3467,SAMPSON,3
3467,SANJEEVAN,3
3467,SARAM,3
3467,SATINDER,3
3467,SAVRAJ,3
3467,SAVVAS,3
3467,SAYFULLAH,3
3467,SAYYAM,3
3467,SE,3
3467,SEB,3
3467,SELBY,3
3467,SELIM,3
3467,SELWYN,3
3467,SENAN,3
3467,SERDAR,3
3467,SEVAK,3
3467,SHADRACH,3
3467,SHAHAB,3
3467,SHAHBAAZ,3
3467,SHAHEER,3
3467,SHAHMIR,3
3467,SHAHRIYAR,3
3467,SHAHRUKH,3
3467,SHAHZAD,3
3467,SHAILEN,3
3467,SHAIN,3
3467,SHAMAS,3
3467,SHAMREZ,3
3467,SHAQUAN,3
3467,SHAREEF,3
3467,SHARUJAN,3
3467,SHASHWAT,3
3467,SHAYON,3
3467,SHERAZ,3
3467,SHERIDAN,3
3467,SHI,3
3467,SHIVRAJ,3
3467,SHLOME,3
3467,SHOHAIB,3
3467,SHREY,3
3467,SHREYAS,3
3467,SHYAN,3
3467,SIAM,3
3467,SIMAO,3
3467,SIMONE,3
3467,SIMRANJEET,3
3467,SINA,3
3467,SIYAM,3
3467,SIYAR,3
3467,SKY,3
3467,SKYE,3
3467,SOHAYB,3
3467,SOLOMAN,3
3467,SONER,3
3467,SONNI,3
3467,SPIROS,3
3467,SRULI,3
3467,STANISLAV,3
3467,STEPAN,3
3467,STEVAN,3
3467,STRUAN,3
3467,SUHAYL,3
3467,SUKHDEEP,3
3467,SUKHJEEVAN,3
3467,SUKHVEER,3
3467,SULAYMAAN,3
3467,SULEMAAN,3
3467,SULIMAN,3
3467,SUMIT,3
3467,SYAM,3
3467,TAARIQ,3
3467,TAASEEN,3
3467,TAIWO,3
3467,TAJAY,3
3467,TAKUDZWA,3
3467,TAKUDZWANASHE,3
3467,TAKUMI,3
3467,TAMAR,3
3467,TAMEEM,3
3467,TAMIR,3
3467,TANIS,3
3467,TANZIL,3
3467,TAPIWA,3
3467,TAQI,3
3467,TARANJIT,3
3467,TARANVIR,3
3467,TARAS,3
3467,TAREEQ,3
3467,TAREN,3
3467,TARKAN,3
3467,TARREN,3
3467,TASEEN,3
3467,TAUFIQ,3
3467,TAYAB,3
3467,TAYLAR,3
3467,TAYLOR-,3
3467,TAYLOR-LEE,3
3467,TAYMUR,3
3467,TEIGUE,3
3467,TEMIDAYO,3
3467,TEMITAYO,3
3467,TEMUJIN,3
3467,TEODOR,3
3467,THANDO,3
3467,THANE,3
3467,THANUSAN,3
3467,THANUSHAN,3
3467,THEODOROS,3
3467,THERON,3
3467,TIMO,3
3467,TINO,3
3467,TIO,3
3467,TISHAUN,3
3467,TOBENNA,3
3467,TOBIAH,3
3467,TOHEED,3
3467,TOLUWALASE,3
3467,TONDERAI,3
3467,TOREN,3
3467,TORRAN,3
3467,TORSTEN,3
3467,TRAI,3
3467,TREMAINE,3
3467,TRISTIN,3
3467,TRISTYN,3
3467,TRUMAN,3
3467,TUDOR,3
3467,TYI,3
3467,TYLER-,3
3467,TYLER-JACK,3
3467,TYNE,3
3467,TYRAE,3
3467,TYREASE,3
3467,TYREEQ,3
3467,TYREKE,3
3467,UMMAR,3
3467,UMRAN,3
3467,UNAIS,3
3467,UNAYS,3
3467,USAID,3
3467,USHER,3
3467,UZOCHUKWU,3
3467,VASILE,3
3467,VEGAS,3
3467,VELI,3
3467,VERON,3
3467,VIAN,3
3467,VIKAS,3
3467,VIKESH,3
3467,VINEET,3
3467,VINEETH,3
3467,VINOD,3
3467,VISHNU,3
3467,VITHUSAN,3
3467,VITHUSHAN,3
3467,VRAJ,3
3467,VUKASIN,3
3467,WAEL,3
3467,WAHID,3
3467,WAJID,3
3467,WARSAME,3
3467,WESAM,3
3467,WILBUR,3
3467,WING,3
3467,WINSTON,3
3467,WOLFGANG,3
3467,WOODROW,3
3467,XANDA,3
3467,XIAN,3
3467,YAAKOV,3
3467,YACINE,3
3467,YACOB,3
3467,YACQUB,3
3467,YAD,3
3467,YADAV,3
3467,YANIS,3
3467,YANNI,3
3467,YARED,3
3467,YASEER,3
3467,YASIIN,3
3467,YASSINE,3
3467,YAZID,3
3467,YECHIEL,3
3467,YEHOSHUA,3
3467,YEHUDAH,3
3467,YESHAYA,3
3467,YNYR,3
3467,YOANN,3
3467,YONATHAN,3
3467,YONI,3
3467,YOOSUF,3
3467,YORK,3
3467,YOSEPH,3
3467,YOUNESS,3
3467,YOUNG,3
3467,YUNIS,3
3467,YUSSUF,3
3467,ZAAHID,3
3467,ZAIN-UL,3
3467,ZAKARYA,3
3467,ZAKHARY,3
3467,ZAKIY,3
3467,ZAKRIYA,3
3467,ZALMAN,3
3467,ZAMAN,3
3467,ZAN,3
3467,ZENDEN,3
3467,ZHEN,3
3467,ZOAIB,3
3467,ZOHAIR,3
3467,ZORAWAR,3
3467,ZUBER,3
3467,ZUHAYR,3
