Rank,Name,Count
1,JACK,7434
2,JOSHUA,7167
3,THOMAS,6792
4,JAMES,5654
5,OLIVER,5516
6,DANIEL,5270
7,SAMUEL,5219
8,WILLIAM,5106
9,HARRY,4638
10,JOSEPH,4523
11,BENJAMIN,4414
12,CHARLIE,4033
13,LUKE,3771
14,CALLUM,3637
15,MATTHEW,3633
16,JAKE,3552
17,GEORGE,3540
18,ETHAN,3528
19,LEWIS,3343
20,MOHAMMED,3146
21,JACOB,3057
22,ALEXANDER,3015
23,ALFIE,3005
24,DYLAN,2990
25,RYAN,2933
26,ADAM,2869
27,HARVEY,2431
28,LIAM,2390
29,TYLER,2331
30,CONNOR,2321
31,MAX,2279
32,BEN,2204
33,JAMIE,2197
34,CAMERON,2121
35,NATHAN,2108
36,OWEN,2013
37,LEO,1723
38,ARCHIE,1685
39,BRADLEY,1643
39,HARRISON,1643
41,KYLE,1638
42,MICHAEL,1627
43,LOUIS,1611
44,HENRY,1595
45,AARON,1557
46,EDWARD,1552
47,BRANDON,1433
48,TOBY,1374
49,CHARLES,1372
50,KIERAN,1352
51,NOAH,1346
52,MUHAMMAD,1318
53,ALEX,1302
53,ISAAC,1302
55,OSCAR,1262
56,REECE,1256
57,FINLAY,1172
58,LUCAS,1126
59,RHYS,1102
60,MASON,1087
61,DAVID,1079
62,BAILEY,1061
63,KIAN,1052
64,FINLEY,1049
65,JOE,1028
66,KAI,1024
67,SAM,1009
68,MOHAMMAD,990
69,JOEL,978
70,HARLEY,959
71,BILLY,955
72,JOHN,946
73,ROBERT,938
74,RILEY,917
75,LEON,914
76,CHRISTOPHER,908
77,LOGAN,895
78,AIDAN,865
79,FREDDIE,843
80,MORGAN,825
81,JAY,820
82,ELLIOT,797
83,LUCA,784
84,JAYDEN,769
85,TAYLOR,761
86,DOMINIC,756
87,ELLIS,754
88,ANDREW,723
89,SEBASTIAN,692
90,EWAN,677
91,COREY,665
92,PATRICK,651
93,JONATHAN,650
94,SEAN,638
95,ZACHARY,625
96,GABRIEL,611
97,EVAN,607
98,FREDERICK,606
99,SCOTT,595
100,ZAK,582
101,HAYDEN,578
102,REUBEN,567
103,JUDE,560
104,TOM,542
105,FINN,538
106,NICHOLAS,535
107,LOUIE,534
108,DECLAN,511
109,MACKENZIE,510
110,AIDEN,504
111,ANTHONY,499
112,BOBBY,497
113,JOSH,493
114,SONNY,484
115,ASHLEY,477
116,CHRISTIAN,476
117,JORDAN,475
118,THEO,467
119,CODY,456
120,NATHANIEL,453
121,ASHTON,449
122,CALUM,447
123,TOMMY,442
124,PETER,439
125,ELLIOTT,438
126,JASON,432
127,MARCUS,426
128,IBRAHIM,422
129,COLE,407
130,ALI,397
131,CALEB,388
132,DANNY,387
133,MARK,383
134,MUHAMMED,382
135,ARTHUR,375
136,MITCHELL,371
137,PAUL,368
137,TOBIAS,368
139,MAXWELL,366
140,CIARAN,365
141,BLAKE,361
142,RORY,357
143,FELIX,354
144,MCKENZIE,345
144,STANLEY,345
146,MOHAMED,341
147,LEE,322
147,ROWAN,322
149,LEVI,318
150,FRANKIE,314
151,KANE,313
152,HAMZA,311
153,ZAIN,307
154,ROHAN,306
155,ELIJAH,300
156,RIO,299
157,AHMED,297
158,EUAN,292
158,THEODORE,292
160,RONNIE,291
161,SHAY,289
162,CONOR,288
163,SYED,284
164,SHANE,283
164,TRISTAN,283
166,ALFRED,281
167,ABDUL,279
168,STEPHEN,278
169,YUSUF,271
170,KENZIE,268
171,STEVEN,267
172,RICHARD,255
172,RUBEN,255
172,ZACK,255
175,JENSON,253
176,LUIS,250
177,KEVIN,249
177,ROBBIE,249
179,HUGO,248
179,MILES,248
181,SETH,242
182,SHAUN,241
183,ABDULLAH,239
184,SPENCER,235
185,OMAR,234
186,HASSAN,233
187,CIAN,227
188,EMMANUEL,226
189,NIALL,225
190,DILLON,223
191,MALACHI,218
192,TROY,216
193,ROMAN,215
193,ROSS,215
195,JASPER,213
196,MAXIMILIAN,209
197,AMAAN,205
198,KIERON,204
199,FLYNN,202
200,TRAVIS,201
201,FRASER,195
202,KYE,192
203,LENNON,187
204,CURTIS,185
204,TIMOTHY,185
206,JUSTIN,184
206,MYLES,184
208,ANGUS,179
209,VINCENT,178
209,WILL,178
211,BENEDICT,177
212,JESSE,176
213,KEANE,175
214,ALBERT,174
214,JADEN,174
216,FRANCIS,172
216,MARTIN,172
218,TOMAS,170
219,FRANK,167
220,UMAR,165
221,DEAN,164
222,LLOYD,160
222,MUSTAFA,160
224,ARYAN,159
225,HASAN,158
226,MARLEY,157
227,ISMAIL,156
227,SIMON,156
229,BILAL,155
229,OLLIE,155
231,DREW,153
231,MARSHALL,153
231,TY,153
234,BARNABY,152
235,JAIDEN,151
236,CAI,148
236,JACKSON,148
238,MILO,147
239,CASEY,146
239,SAMI,146
241,ALAN,144
241,REGAN,144
243,CORY,143
243,CRAIG,143
245,LEIGHTON,142
245,SOLOMON,142
247,KAIDEN,141
247,ZACH,141
249,ZAC,139
250,DARREN,138
251,JIMMY,137
252,XAVIER,136
253,IEUAN,135
253,MATHEW,135
255,ADRIAN,134
255,ARJUN,134
257,KAYDEN,133
258,KADEN,132
259,BEAU,131
260,AMAN,128
260,AUSTIN,128
260,PHILIP,128
260,RAPHAEL,128
264,AHMAD,125
264,HARRIS,125
264,LAYTON,125
267,KRISTIAN,124
268,ROCCO,121
268,TEDDY,121
270,CONNER,120
270,JAI,120
270,WARREN,120
273,JONAH,119
273,OWAIN,119
275,SAHIL,118
276,CARTER,117
276,GUY,117
276,HAYDN,117
276,MAXIMUS,117
276,TOMOS,117
281,CAIN,116
281,HUGH,116
283,TYRESE,115
284,BRENDAN,114
284,JAMAL,114
284,KARL,114
287,JAYDON,113
288,AMIR,112
288,FREDDY,112
288,LAWRENCE,112
288,ROBIN,112
292,COBY,110
292,IOAN,110
292,REGGIE,110
295,DEXTER,109
295,KEIRAN,109
297,BYRON,108
297,LUKAS,108
299,BRIAN,107
299,XANDER,107
301,ADIL,106
301,LUKA,106
301,SIDNEY,106
304,ANDRE,105
304,HARIS,105
304,JEREMY,105
304,SAMEER,105
308,BROOKLYN,104
308,ISA,104
310,ASTON,103
310,BRODIE,103
310,JED,103
313,ERIC,102
313,IWAN,102
313,LEONARDO,102
316,DENNIS,101
316,HAMZAH,101
316,JAK,101
316,JULIAN,101
320,KALLUM,100
320,LENNY,100
322,ARMAAN,99
322,JOEY,99
322,JOHNNY,99
325,CHARLEY,98
325,RONAN,98
325,SAIF,98
328,ALISTAIR,97
328,RALPH,97
328,ZACHARIAH,97
331,ARUN,96
331,JENSEN,96
331,RUFUS,96
331,RYLEY,96
335,CAMRON,95
335,JARED,95
335,KHALID,95
335,STUART,95
339,CONRAD,94
339,JAC,94
341,CARL,93
342,ABDIRAHMAN,92
342,ARRON,92
342,FINNLEY,92
342,HAIDER,92
342,OSIAN,92
347,EDEN,91
347,NICOLAS,91
349,FERGUS,90
349,FLETCHER,90
349,WESLEY,90
349,ZAKARIYA,90
353,AJAY,89
353,ARRAN,89
353,DAMIEN,89
353,HAMISH,89
353,ISAIAH,89
353,KAMRAN,89
359,DEVON,88
359,GREGORY,88
359,IESTYN,88
359,SAUL,88
363,ANTONIO,87
363,NED,87
365,ELIAS,86
365,IVAN,86
365,KEATON,86
365,SHEA,86
365,TED,86
370,BRYN,85
370,MUSA,85
370,OAKLEY,85
370,ZANE,85
374,AADAM,84
374,DAMIAN,84
376,ANTONY,83
376,MARCO,83
376,YAHYA,83
379,ARON,82
379,JOSIAH,82
379,LAURENCE,82
379,TONY,82
383,KYRAN,81
384,STEFAN,80
384,VINNIE,80
386,KEEGAN,79
386,MATTEO,79
388,GETHIN,78
388,IAN,78
388,JAKOB,78
388,MAXIMILLIAN,78
388,VICTOR,78
393,DANYAL,77
393,JAKUB,77
395,AYMAN,76
395,EDDIE,76
395,HASHIM,76
395,PHOENIX,76
395,USMAN,76
395,UZAIR,76
401,ANAS,75
401,CADEN,75
401,DANTE,75
401,IMRAN,75
401,MALACHY,75
406,ALEC,74
406,OSKAR,74
406,OTIS,74
409,TYRONE,73
410,HUSSAIN,72
410,MILAN,72
412,DOUGLAS,71
412,KEELAN,71
412,KURTIS,71
412,RAFAEL,71
412,WYATT,71
417,NICO,70
417,QASIM,70
417,RAHUL,70
417,ROMEO,70
421,ANTON,69
421,FARHAN,69
421,HAROON,69
421,LUC,69
421,MONTY,69
426,ALBIE,68
426,DAFYDD,68
426,RAYAN,68
426,TODD,68
430,AWAIS,67
430,CLAYTON,67
430,JERMAINE,67
430,SION,67
434,IBRAHEEM,66
434,JOSE,66
434,MACAULEY,66
434,TYRELL,66
438,ALASTAIR,65
438,ARDA,65
438,ELI,65
438,ISMAEEL,65
442,BRYAN,64
442,MARC,64
442,RAYYAN,64
445,ADNAN,63
445,ASHER,63
445,AYUB,63
445,BRODY,63
445,CAYDEN,63
445,EMRE,63
445,GARETH,63
445,JOSEF,63
445,LEYTON,63
445,MICAH,63
445,ORLANDO,63
445,YASIN,63
457,CALVIN,62
457,DANIYAL,62
457,FRAZER,62
457,ZAKARIA,62
461,ALESSANDRO,61
461,BARNEY,61
461,BRETT,61
461,EESA,61
461,JON,61
461,JUNIOR,61
461,LACHLAN,61
461,MIKEY,61
461,NEO,61
461,PRINCE,61
471,CHAD,60
471,FABIAN,60
471,HECTOR,60
474,HARRI,59
474,JONATHON,59
474,KIEREN,59
477,ABRAHAM,58
477,DEACON,58
477,FYNN,58
477,JAGO,58
477,KADE,58
477,KYAN,58
477,LORENZO,58
477,RAJA,58
477,REHAN,58
477,RUDY,58
487,ARCHIBALD,57
487,AYDEN,57
487,CASPAR,57
487,FRED,57
487,KYRON,57
487,WILFRED,57
493,AYAAN,56
493,CARLOS,56
493,DUNCAN,56
493,GEORGIE,56
493,HASNAIN,56
493,JEREMIAH,56
493,KEENAN,56
493,ROAN,56
493,SAMIR,56
502,GAVIN,55
502,LEONARD,55
502,RAHEEM,55
502,SHAH,55
506,ANGELO,54
506,DENIS,54
506,MONTGOMERY,54
506,NOEL,54
506,PHILLIP,54
506,ZAID,54
512,BAYLEY,53
512,DIEGO,53
512,ELIS,53
512,FINDLAY,53
512,JONNY,53
512,KENNETH,53
512,PHARRELL,53
512,RISHI,53
520,AMAR,52
520,EOIN,52
520,HASEEB,52
520,KELVIN,52
520,TYREECE,52
525,ADDISON,51
525,ASAD,51
525,DION,51
525,FAIZAN,51
525,JEEVAN,51
525,NEIL,51
525,RICKY,51
525,RICO,51
525,SIMEON,51
525,TATE,51
535,BRAYDEN,50
535,CHE,50
535,DALTON,50
535,HENRI,50
535,ILYAS,50
535,KOBE,50
535,LOUI,50
535,MADDOX,50
535,MARCEL,50
544,ANDREAS,49
544,BRENDON,49
544,BRUNO,49
544,BRYCE,49
544,HUMZA,49
544,HUW,49
544,KIRAN,49
544,NIKHIL,49
544,QUINN,49
544,TAHA,49
544,TALHA,49
544,ZAYN,49
544,ZEESHAN,49
557,ABDULRAHMAN,48
557,BROGAN,48
557,DAN,48
557,JEROME,48
557,JOHNATHAN,48
557,KAINE,48
557,SOL,48
557,UMAIR,48
565,ABU,47
565,CORMAC,47
565,EDWIN,47
565,FARIS,47
565,KEIRON,47
565,MARIO,47
565,RAYMOND,47
565,TARAN,47
565,TERRY,47
574,CHASE,46
574,DAMON,46
574,GARY,46
574,HAARIS,46
574,JUNAID,46
574,KAYNE,46
574,KODY,46
574,MAXIM,46
574,PIERCE,46
574,RAEES,46
574,SEBASTIEN,46
574,STEFFAN,46
574,SUBHAN,46
574,SULAIMAN,46
574,YASEEN,46
574,YASH,46
590,ALED,45
590,BROOK,45
590,CAIDEN,45
590,COLBY,45
590,DOMINIK,45
590,KALEB,45
590,KIT,45
590,KRISH,45
590,MALAKAI,45
590,MEHMET,45
590,RIAN,45
590,RUDI,45
590,SHAYNE,45
590,SUBHAAN,45
590,TARIQ,45
605,ABDULLAHI,44
605,ANDY,44
605,BRANDAN,44
605,COHEN,44
605,EZRA,44
605,HARI,44
605,KACPER,44
605,SAMSON,44
605,SHAE,44
605,TYE,44
615,CHRIS,43
615,CYRUS,43
615,DENIZ,43
615,ELIOT,43
615,EZEKIEL,43
615,FILIP,43
615,KAMERON,43
615,MALIK,43
615,MOSES,43
615,RAYHAN,43
615,RUPERT,43
615,SALMAN,43
615,ZION,43
628,ARMAN,42
628,DHRUV,42
628,IDRIS,42
628,KAIN,42
628,LEWIE,42
628,MIGUEL,42
628,NATHANAEL,42
628,OMARI,42
628,PIERS,42
628,YUNUS,42
638,DARCY,41
638,FAHAD,41
638,IZAAK,41
638,KENNY,41
638,MAHIR,41
638,NABIL,41
638,NANA,41
638,OLIVIER,41
638,OTTO,41
638,RAJAN,41
638,RIDWAN,41
638,SAMMY,41
638,TIAGO,41
638,WAYNE,41
638,YOUSUF,41
653,AARYAN,40
653,ADEN,40
653,ARJAN,40
653,BRAD,40
653,CASSIUS,40
653,COLIN,40
653,DANISH,40
653,DILLAN,40
653,MAHDI,40
653,MAISON,40
653,MILLER,40
653,REEGAN,40
653,YUVRAJ,40
666,AADIL,39
666,DEWI,39
666,JAYDAN,39
666,JONTY,39
666,KARIM,39
666,LAWSON,39
666,REILLY,39
666,RICARDO,39
666,ROSHAN,39
666,SEAMUS,39
666,YOUSEF,39
666,ZAYD,39
678,AMARI,38
678,ASA,38
678,COOPER,38
678,DANE,38
678,FAISAL,38
678,FARHAAN,38
678,FREDERIC,38
678,HAYDON,38
678,KARAN,38
678,KEIR,38
678,KOBI,38
678,SAAD,38
678,WOODY,38
691,ABBAS,37
691,ALVIN,37
691,CAELAN,37
691,DALE,37
691,ENZO,37
691,JAN,37
691,KEANU,37
691,LANCE,37
691,MAKENZIE,37
691,OISIN,37
691,SAMUAL,37
691,SHAWN,37
691,SUFYAN,37
691,WADE,37
705,BRADEN,36
705,CODIE,36
705,ESHAN,36
705,ISHAAN,36
705,JACQUES,36
705,KOFI,36
705,PADDY,36
705,PATRYK,36
705,REMY,36
705,RUSSELL,36
705,TAI,36
716,AMIN,35
716,AMMAR,35
716,AYOMIDE,35
716,BRUCE,35
716,KASIM,35
716,MOSHE,35
716,RAHIM,35
716,STEVIE,35
716,TEEJAY,35
716,THIERRY,35
726,ARAN,34
726,AYUSH,34
726,BRADY,34
726,CIERAN,34
726,DANIAL,34
726,DANYAAL,34
726,DILAN,34
726,FABIO,34
726,FENTON,34
726,GREGOR,34
726,JAMIL,34
726,JORGE,34
726,KEON,34
726,MEKHI,34
726,MURRAY,34
726,NYLE,34
726,OWAIS,34
726,RAFFERTY,34
726,RYLEE,34
726,SACHIN,34
726,ZAKI,34
747,CASPER,33
747,DENZEL,33
747,EDMUND,33
747,EREN,33
747,FRANCESCO,33
747,FRANKLIN,33
747,ISHAN,33
747,JOSS,33
747,KINGSLEY,33
747,KORBEN,33
747,LLEYTON,33
747,LUQMAN,33
747,NIGEL,33
747,RAJVEER,33
747,REAGAN,33
747,RYLAN,33
747,SHAAN,33
747,SUFYAAN,33
747,ZOHAIB,33
766,ARLO,32
766,AZAAN,32
766,CORBAN,32
766,GRANT,32
766,KAMIL,32
766,KANYE,32
766,KODI,32
766,KOREY,32
766,KURT,32
766,LORCAN,32
766,MITCHEL,32
766,SACHA,32
766,SHEIKH,32
766,SOHAIL,32
766,ZACKARY,32
781,ABDUR,31
781,CODEY,31
781,GIDEON,31
781,KYLAN,31
781,LEWYS,31
781,LUCCA,31
781,PRESTON,31
788,ASIM,30
788,CADE,30
788,CARLO,30
788,CAVAN,30
788,DAWID,30
788,FINNIAN,30
788,GIANLUCA,30
788,JAMAAL,30
788,JOAO,30
788,KOBY,30
788,MAGNUS,30
788,MATT,30
788,RAIHAN,30
788,RONALD,30
788,SHAYAN,30
788,SPIKE,30
788,SULEMAN,30
788,TORIN,30
788,YASIR,30
807,ABID,29
807,AKASH,29
807,ANISH,29
807,BERTIE,29
807,CALLAN,29
807,CARWYN,29
807,DARRAGH,29
807,DAWUD,29
807,FAHIM,29
807,HADLEY,29
807,HAMMAD,29
807,JAWAD,29
807,JEFFREY,29
807,KAMAL,29
807,KRISHAN,29
807,LUCIEN,29
807,MATEO,29
807,OSMAN,29
807,REESE,29
807,VINNY,29
827,ALASDAIR,28
827,ALEXANDRE,28
827,ARYA,28
827,BARAN,28
827,CAINE,28
827,EAMON,28
827,EMILIO,28
827,ERIK,28
827,FINTAN,28
827,HADI,28
827,HAIDAR,28
827,ISMAEL,28
827,ISRAEL,28
827,JORDON,28
827,KARAM,28
827,KEITH,28
827,KRISHNA,28
827,LEROY,28
827,PERRY,28
827,SHOAIB,28
827,SUNNY,28
827,TYLA,28
827,VALENTINO,28
850,ADITYA,27
850,AKSHAY,27
850,ALEJANDRO,27
850,ALESSIO,27
850,AMOS,27
850,AUGUSTUS,27
850,BRANDON-LEE,27
850,DEEN,27
850,ETIENNE,27
850,FIONN,27
850,HUSSEIN,27
850,JONAS,27
850,JULES,27
850,KAYA,27
850,KORY,27
850,LOCHLAN,27
850,OLUWATOBI,27
850,PRESLEY,27
850,RAUL,27
850,REMI,27
850,SAFWAN,27
850,SILAS,27
872,ABUBAKAR,26
872,ARIF,26
872,BRANDEN,26
872,BRENNAN,26
872,CHESTER,26
872,EHSAN,26
872,HABIB,26
872,HARVIE,26
872,HEATH,26
872,KHALIL,26
872,LUCIAN,26
872,OMER,26
872,PRANAV,26
872,REISS,26
872,SID,26
872,TRYSTAN,26
872,ZAKARY,26
872,ZAKIR,26
872,ZANDER,26
891,ABEL,25
891,AMMAAR,25
891,CARSON,25
891,CHAIM,25
891,CORBEN,25
891,DAANYAAL,25
891,DEVONTE,25
891,EUGENE,25
891,FAIZAAN,25
891,GERRARD,25
891,HAMID,25
891,IMAAD,25
891,JUAN,25
891,JUNAYD,25
891,LAITH,25
891,LEMAR,25
891,LENNOX,25
891,LYNDON,25
891,MALCOLM,25
891,RAFE,25
891,REX,25
891,RHODRI,25
891,RIVER,25
891,RUEBEN,25
891,SAID,25
891,SHAYAAN,25
891,TREY,25
891,WILLEM,25
919,ACE,24
919,ALEXANDROS,24
919,ALEXIS,24
919,AXEL,24
919,CAMPBELL,24
919,CLARK,24
919,CONAL,24
919,DAWSON,24
919,DEVAN,24
919,EMANUEL,24
919,ERNEST,24
919,GENE,24
919,HERBERT,24
919,IFAN,24
919,ISSAC,24
919,KASEY,24
919,KAYLEM,24
919,KENAN,24
919,KISHAN,24
919,MATEUSZ,24
919,MYLO,24
919,PABLO,24
919,RAY,24
919,RONNY,24
919,SANTINO,24
919,STEVE,24
919,SULAYMAN,24
919,TAYLAN,24
919,TAYYAB,24
919,TERENCE,24
919,TOBEY,24
919,UWAIS,24
919,WALEED,24
919,YOUSAF,24
919,ZAYAN,24
954,ABDULAHI,23
954,ADEEL,23
954,ALEXANDRU,23
954,ARIAN,23
954,BLAINE,23
954,BRAYDON,23
954,DERREN,23
954,DEV,23
954,FAIZ,23
954,GRAHAM,23
954,HAMAAD,23
954,HAROLD,23
954,HUSNAIN,23
954,JULIUS,23
954,KAYLAN,23
954,MARLON,23
954,MOHSIN,23
954,MUNEEB,23
954,NATE,23
954,NIKOLAS,23
954,PEDRO,23
954,SAYED,23
954,SHELDON,23
954,SULTAN,23
954,SZYMON,23
954,T-JAY,23
954,VEER,23
954,ZUBAIR,23
982,AKRAM,22
982,ALEKSANDER,22
982,AMRIT,22
982,ANWAR,22
982,ASHWIN,22
982,BERNARD,22
982,CEM,22
982,CRISTIAN,22
982,DARIUS,22
982,EDAN,22
982,FAHEEM,22
982,GIOVANNI,22
982,HARUN,22
982,HERBIE,22
982,HUDSON,22
982,JAEDEN,22
982,KAREEM,22
982,KAYDON,22
982,KORI,22
982,LEX,22
982,MAC,22
982,MIRZA,22
982,NOA,22
982,PARIS,22
982,RYDER,22
982,TAHIR,22
982,TALHAH,22
982,TAYLER,22
982,TIERNAN,22
982,UBAID,22
982,VARUN,22
982,ZAKK,22
1014,ARCHER,21
1014,AYMEN,21
1014,CORBIN,21
1014,DARRELL,21
1014,DONOVAN,21
1014,EWEN,21
1014,FINNAN,21
1014,GIACOMO,21
1014,HISHAM,21
1014,HUSEYIN,21
1014,HUZAIFAH,21
1014,ISSA,21
1014,JAHEIM,21
1014,JAIDAN,21
1014,JAIME,21
1014,JOBE,21
1014,JUDAH,21
1014,KABIR,21
1014,LAURIE,21
1014,LESLIE,21
1014,MOHAMMOD,21
1014,NELSON,21
1014,NICKY,21
1014,PAOLO,21
1014,RICHIE,21
1014,ROY,21
1014,SHAKEEL,21
1014,SHIV,21
1014,TAHMID,21
1014,TERRELL,21
1014,TYLER-JAMES,21
1014,USMAAN,21
1014,ZAHID,21
1047,ABDI,20
1047,ABDUR-RAHMAN,20
1047,ABDURRAHMAN,20
1047,ADEM,20
1047,AHSAN,20
1047,ALLAN,20
1047,AMEER,20
1047,ATIF,20
1047,BILAAL,20
1047,DAANISH,20
1047,EBEN,20
1047,ELVIS,20
1047,ENRICO,20
1047,ESA,20
1047,FINBAR,20
1047,FINNLAY,20
1047,GERARD,20
1047,GILBERT,20
1047,GILES,20
1047,GREG,20
1047,HARMAN,20
1047,IGOR,20
1047,ISHAQ,20
1047,JAVIER,20
1047,JIMI,20
1047,JOSEFF,20
1047,LINUS,20
1047,MAHAD,20
1047,MANRAJ,20
1047,MICHAL,20
1047,NAYAN,20
1047,OLUWATOBILOBA,20
1047,ORAN,20
1047,PIERRE,20
1047,REON,20
1047,RHYDIAN,20
1047,SAHIB,20
1047,SASHA,20
1047,SONNIE,20
1047,STAN,20
1047,SUKHRAJ,20
1047,T,20
1047,TARUN,20
1047,TIM,20
1047,TREVOR,20
1047,VIVEK,20
1047,WILSON,20
1047,YOUSIF,20
1095,AARAN,19
1095,AAYUSH,19
1095,ABDURAHMAN,19
1095,AHAD,19
1095,ANEURIN,19
1095,ANTONI,19
1095,AQIB,19
1095,ARNAV,19
1095,BAILEE,19
1095,BAYLEE,19
1095,BRENT,19
1095,CHAY,19
1095,CODI,19
1095,CONALL,19
1095,DIESEL,19
1095,DWAYNE,19
1095,EDGAR,19
1095,EMILE,19
1095,GIORGIO,19
1095,GLEN,19
1095,JAY-JAY,19
1095,JEAN,19
1095,JOHN-PAUL,19
1095,JUN,19
1095,KEAGAN,19
1095,KYMANI,19
1095,LENNIE,19
1095,LUCIUS,19
1095,MASSIMO,19
1095,MATAS,19
1095,MAURICE,19
1095,MOHAMAD,19
1095,NABEEL,19
1095,ROCKY,19
1095,SANTIAGO,19
1095,SHAHZAIB,19
1095,SYDNEY,19
1095,VINAY,19
1095,YEHUDA,19
1095,YOSEF,19
1135,AEDAN,18
1135,ANSH,18
1135,AYOUB,18
1135,BORIS,18
1135,CAIRO,18
1135,CAN,18
1135,CORI,18
1135,DARNELL,18
1135,DAWOOD,18
1135,DEON,18
1135,DEVIN,18
1135,DIMITRI,18
1135,DONALD,18
1135,EMERSON,18
1135,EPHRAIM,18
1135,FARRELL,18
1135,FERDINAND,18
1135,FLOYD,18
1135,FRANCISCO,18
1135,FRANKY,18
1135,GAGE,18
1135,GURVEER,18
1135,HUBERT,18
1135,HUNTER,18
1135,HUZAIFA,18
1135,IMAD,18
1135,INDIANA,18
1135,JAEDON,18
1135,JAXON,18
1135,JOZEF,18
1135,KAIF,18
1135,KAMRON,18
1135,KEANAN,18
1135,KRISTOPHER,18
1135,MAHMOUD,18
1135,MARCOS,18
1135,MARKUS,18
1135,MARSHAL,18
1135,MARVIN,18
1135,MERT,18
1135,MIKHAIL,18
1135,MUSAB,18
1135,NATHANIAL,18
1135,NEEL,18
1135,OMARION,18
1135,ORSON,18
1135,RODRIGO,18
1135,RUAIRI,18
1135,SHAQUILLE,18
1135,SHIVAM,18
1135,SUHAYB,18
1135,SURAJ,18
1135,WILF,18
1135,YAQUB,18
1135,YOUSSEF,18
1190,AAMIR,17
1190,AHMET,17
1190,AMANDEEP,17
1190,AMEEN,17
1190,ANDREI,17
1190,ANTOINE,17
1190,ASH,17
1190,ASHRAF,17
1190,AYRTON,17
1190,BASIL,17
1190,CAILAN,17
1190,CHARLY,17
1190,CILLIAN,17
1190,CLAY,17
1190,DIOGO,17
1190,EDUARDO,17
1190,EMIL,17
1190,FABIEN,17
1190,FREDRICK,17
1190,IVOR,17
1190,JADON,17
1190,JAMEL,17
1190,JAMIE-LEE,17
1190,JARRED,17
1190,JAYDN,17
1190,JOHAN,17
1190,KAVAN,17
1190,KAYLUM,17
1190,KEAN,17
1190,KOBIE,17
1190,KONRAD,17
1190,MAHAMED,17
1190,MAHAMMED,17
1190,MANAV,17
1190,MANVEER,17
1190,MARTYN,17
1190,MATTHIAS,17
1190,MUJAHID,17
1190,MURPHY,17
1190,OCEAN,17
1190,OLUWATIMILEHIN,17
1190,PARTH,17
1190,RAYHAAN,17
1190,ROBERTO,17
1190,ROMARIO,17
1190,RYLEIGH,17
1190,SALIM,17
1190,SOHAIB,17
1190,TADHG,17
1190,TARIK,17
1190,TINASHE,17
1190,TRISTEN,17
1190,TYRON,17
1190,VAUGHAN,17
1190,VINCENZO,17
1190,WALID,17
1246,ADNAAN,16
1246,ANGEL,16
1246,ASIF,16
1246,BLAISE,16
1246,BRADLEE,16
1246,BRENDEN,16
1246,BROOKE,16
1246,BUDDY,16
1246,CORIN,16
1246,COSMO,16
1246,DAVEY,16
1246,DIYAR,16
1246,DOMINICK,16
1246,ELISHA,16
1246,ENES,16
1246,ENOCH,16
1246,GIANNI,16
1246,GINO,16
1246,GUTO,16
1246,HAL,16
1246,HAMAD,16
1246,IOLO,16
1246,IRFAN,16
1246,IZAAC,16
1246,JAIDON,16
1246,JASKARAN,16
1246,JERRY,16
1246,JIM,16
1246,KALEM,16
1246,KESHAV,16
1246,MACAULAY,16
1246,MARIUS,16
1246,MARKO,16
1246,MELVIN,16
1246,MIKAEL,16
1246,MIKE,16
1246,MONTAGUE,16
1246,MUBARAK,16
1246,NILE,16
1246,OLLY,16
1246,PADRAIG,16
1246,QAIS,16
1246,REEF,16
1246,RIYAD,16
1246,RIZWAN,16
1246,SUHAIB,16
1246,SULLIVAN,16
1246,TEGAN,16
1246,TOMMY-LEE,16
1246,TRENT,16
1246,TYLOR,16
1246,TYSON,16
1246,YAHYE,16
1299,AAYAN,15
1299,ABDULAZIZ,15
1299,ALAND,15
1299,ALBY,15
1299,ALISTER,15
1299,AQEEL,15
1299,AREEB,15
1299,ARVIN,15
1299,AUSTEN,15
1299,AYDIN,15
1299,AYUUB,15
1299,BARTOSZ,15
1299,BENN,15
1299,BLADE,15
1299,BOBBIE,15
1299,CARLTON,15
1299,COLM,15
1299,CRISTIANO,15
1299,DARRYL,15
1299,DAVE,15
1299,DENNY,15
1299,DENVER,15
1299,DON,15
1299,EDISON,15
1299,ELYAS,15
1299,ESHAAN,15
1299,GERAINT,15
1299,GIUSEPPE,15
1299,HAASHIM,15
1299,HADYN,15
1299,HAMMAAD,15
1299,HANI,15
1299,HARLEE,15
1299,IAIN,15
1299,IMAAN,15
1299,JAROD,15
1299,JAYCE,15
1299,JIA,15
1299,JOBY,15
1299,JOLYON,15
1299,JOVAN,15
1299,KALEN,15
1299,KALUM,15
1299,KENNEDY,15
1299,KILLIAN,15
1299,KUSH,15
1299,LLION,15
1299,MAVERICK,15
1299,MERLIN,15
1299,MICKY,15
1299,NAEEM,15
1299,NIKITA,15
1299,PAVAN,15
1299,PHARELL,15
1299,RAMI,15
1299,RAYAAN,15
1299,REGINALD,15
1299,REHAAN,15
1299,REID,15
1299,RIYAN,15
1299,ROBSON,15
1299,RYLIE,15
1299,SAAHIL,15
1299,SAIFULLAH,15
1299,SHAD,15
1299,SHUAIB,15
1299,SOLOMAN,15
1299,TEDDIE,15
1299,TJ,15
1299,TOBI,15
1299,TOBIN,15
1299,UMER,15
1299,VAUGHN,15
1299,WALTER,15
1299,YAMIN,15
1299,ZACHARIA,15
1299,ZESHAN,15
1299,ZHI,15
1377,AARAV,14
1377,ABDALLAH,14
1377,ABDULLA,14
1377,ABUBAKR,14
1377,ADEL,14
1377,ALLEN,14
1377,ALPHA,14
1377,ARHAM,14
1377,ARMANI,14
1377,ARNOLD,14
1377,AZAN,14
1377,BALRAJ,14
1377,BECK,14
1377,BERTRAM,14
1377,BLESSING,14
1377,BOYD,14
1377,CHRISTY,14
1377,COBEY,14
1377,COEN,14
1377,DAGAN,14
1377,DARYL,14
1377,DEVEN,14
1377,EDDY,14
1377,EFAN,14
1377,EISA,14
1377,FUAD,14
1377,HANS,14
1377,HARSH,14
1377,HASIB,14
1377,IHSAN,14
1377,ISHMAEL,14
1377,JACE,14
1377,JAE,14
1377,JAYLEN,14
1377,JAYSON,14
1377,JEVAN,14
1377,JEVON,14
1377,JOHNSON,14
1377,JOSHAN,14
1377,KAAN,14
1377,KAELAN,14
1377,KAROL,14
1377,KEALAN,14
1377,KENZI,14
1377,KHAI,14
1377,KIEFER,14
1377,KRYSTIAN,14
1377,KYAL,14
1377,LARRY,14
1377,LEANDRO,14
1377,LUAN,14
1377,LUCIANO,14
1377,MARWAN,14
1377,MAXIME,14
1377,MICHEAL,14
1377,NAJIB,14
1377,NEHEMIAH,14
1377,NICK,14
1377,NIHAL,14
1377,RAFI,14
1377,RAJ,14
1377,REES,14
1377,ROLAND,14
1377,SAI,14
1377,SAMIUL,14
1377,SAMY,14
1377,SANJAY,14
1377,SHAHID,14
1377,SHIMON,14
1377,STEWART,14
1377,TAYE,14
1377,TOMASZ,14
1377,TRE,14
1377,UMAYR,14
1377,VISHAL,14
1377,YASSIN,14
1377,YU,14
1377,ZACHARIAS,14
1377,ZACHERY,14
1456,ADHAM,13
1456,AKEEL,13
1456,AKIRA,13
1456,AMAAR,13
1456,ANIS,13
1456,ART,13
1456,ATTICUS,13
1456,AVI,13
1456,AYDAN,13
1456,AZEEM,13
1456,BARNABAS,13
1456,BRAIDEN,13
1456,CHESNEY,13
1456,CONAN,13
1456,CONNAH,13
1456,CORBYN,13
1456,CRUZ,13
1456,DANIELE,13
1456,DAUD,13
1456,DAVIN,13
1456,DAVIS,13
1456,DEREK,13
1456,DRE,13
1456,EBENEZER,13
1456,ELLISON,13
1456,ERION,13
1456,FRANZ,13
1456,GERALD,13
1456,GODWIN,13
1456,HAKEEM,13
1456,HARVEER,13
1456,IDREES,13
1456,INIGO,13
1456,JAMEEL,13
1456,JEM,13
1456,JOWAN,13
1456,KAIRO,13
1456,KELAN,13
1456,KODIE,13
1456,KRIS,13
1456,KWABENA,13
1456,KWAME,13
1456,KYNAN,13
1456,LEIGH,13
1456,LYNDEN,13
1456,MACK,13
1456,MACSEN,13
1456,MADOC,13
1456,MALAKI,13
1456,MANI,13
1456,MEHDI,13
1456,MICKEY,13
1456,MIR,13
1456,MOISHE,13
1456,NIKOLAI,13
1456,OM,13
1456,OREN,13
1456,OZAN,13
1456,QUENTIN,13
1456,RAVI,13
1456,RAZA,13
1456,ROHIT,13
1456,RONALDO,13
1456,RONI,13
1456,RUARI,13
1456,SAIM,13
1456,SALEH,13
1456,SAQIB,13
1456,SHAHZEB,13
1456,SHAI,13
1456,SHYAM,13
1456,SUHAIL,13
1456,TAUHEED,13
1456,TYLER-JAY,13
1456,TYREESE,13
1456,YASER,13
1456,YOUCEF,13
1456,ZIYAD,13
1534,ABHINAV,12
1534,ADAN,12
1534,ADYAN,12
1534,AJ,12
1534,ALEXEI,12
1534,ALIX,12
1534,AMR,12
1534,ANTWONE,12
1534,ARI,12
1534,ARLEY,12
1534,ARSALAN,12
1534,AZIZ,12
1534,BILL,12
1534,CAIUS,12
1534,CLINTON,12
1534,COBI,12
1534,COURTNEY,12
1534,CUBA,12
1534,DAMION,12
1534,DHILLON,12
1534,DOMONIC,12
1534,EBRAHIM,12
1534,EESAA,12
1534,ELIEZER,12
1534,EMIR,12
1534,ENRIQUE,12
1534,ERIN,12
1534,FARAZ,12
1534,FARDEEN,12
1534,FARREN,12
1534,FEDERICO,12
1534,GLENN,12
1534,HISHAAM,12
1534,ILYAAS,12
1534,ISHAAQ,12
1534,JADAN,12
1534,JEDIDIAH,12
1534,JETHRO,12
1534,JOAB,12
1534,JOS,12
1534,JOSHUAH,12
1534,KAILEN,12
1534,KALEEM,12
1534,KEN,12
1534,KIER,12
1534,KRISTEN,12
1534,LINCOLN,12
1534,MACIEJ,12
1534,MAHMOOD,12
1534,MANUEL,12
1534,MIKAEEL,12
1534,MOHMMED,12
1534,NADIR,12
1534,NAVEED,12
1534,NOLAN,12
1534,NOOR,12
1534,OZZY,12
1534,PANASHE,12
1534,RAJVIR,12
1534,REEVE,12
1534,RIYADH,12
1534,RODNEY,12
1534,ROGAN,12
1534,ROGER,12
1534,RON,12
1534,ROSSI,12
1534,RUDRA,12
1534,SADIQ,12
1534,SAEED,12
1534,SAJID,12
1534,SHAKUR,12
1534,SHALOM,12
1534,SHLOMO,12
1534,SIRAJ,12
1534,STORM,12
1534,TANAKA,12
1534,TANAY,12
1534,TANVIR,12
1534,TEJAY,12
1534,TOBIE,12
1534,YISROEL,12
1534,ZAHIR,12
1534,ZAKARIYYA,12
1617,ABDALLA,11
1617,ABU-BAKR,11
1617,AERON,11
1617,AKEEM,11
1617,ALFIE-LEE,11
1617,AMIT,11
1617,ANDERSON,11
1617,ARCHY,11
1617,ARIN,11
1617,ASHLEE,11
1617,BARRY,11
1617,BENSON,11
1617,CALLAM,11
1617,CAM'RON,11
1617,CASSIAN,11
1617,CHANCE,11
1617,CHARLTON,11
1617,CHRISTOS,11
1617,CLEMENT,11
1617,COBIE,11
1617,COEL,11
1617,CORNELIUS,11
1617,CYRIL,11
1617,DAINTON,11
1617,DERMOT,11
1617,DEVANTE,11
1617,DONELL,11
1617,DONNELL,11
1617,FAYSAL,11
1617,FENN,11
1617,FINDLEY,11
1617,FLINN,11
1617,FRANCO,11
1617,FREDRIK,11
1617,GOVIND,11
1617,GUS,11
1617,GWILYM,11
1617,HANZALAH,11
1617,HARVIR,11
1617,HORATIO,11
1617,HYWEL,11
1617,IMMANUEL,11
1617,IVO,11
1617,JARVIS,11
1617,JAVAN,11
1617,KACEY,11
1617,KAILEM,11
1617,KASHIF,11
1617,KASPER,11
1617,KAYAN,11
1617,KEIAN,11
1617,KELSEY,11
1617,KEMAL,11
1617,KI,11
1617,KIE,11
1617,KION,11
1617,KYRELL,11
1617,LARS,11
1617,LATRELL,11
1617,LEIF,11
1617,LIBAN,11
1617,LUQMAAN,11
1617,MAKSYMILIAN,11
1617,MANVIR,11
1617,MATHIAS,11
1617,MCCAULEY,11
1617,MEMPHIS,11
1617,MESHACH,11
1617,MUAAZ,11
1617,MUHSIN,11
1617,NASIR,11
1617,NIAM,11
1617,OLAMIDE,11
1617,PASCAL,11
1617,PREM,11
1617,RAHEEL,11
1617,RAHIL,11
1617,RAIYAN,11
1617,RAVEN,11
1617,RAYN,11
1617,RIAZ,11
1617,RUI,11
1617,SAFWAAN,11
1617,SAMAD,11
1617,SAMEE,11
1617,SERGIO,11
1617,SHUAYB,11
1617,STEPHAN,11
1617,SULEIMAN,11
1617,TANVEER,11
1617,TITUS,11
1617,TOMMYLEE,11
1617,VED,11
1617,WARRICK,11
1617,YASSER,11
1617,YONIS,11
1617,YOUNES,11
1617,ZACKERY,11
1617,ZIGGY,11
1716,AAQIB,10
1716,ACER,10
1716,AL,10
1716,ALBION,10
1716,ALEKSANDAR,10
1716,ALEN,10
1716,AMBROSE,10
1716,AMINE,10
1716,ANIL,10
1716,ARIEL,10
1716,ASHDON,10
1716,AUBREY,10
1716,AYYUB,10
1716,BASHIR,10
1716,BAXTER,10
1716,BEDE,10
1716,BILLY-JOE,10
1716,CAOLAN,10
1716,CASSIDY,10
1716,CEEJAY,10
1716,CLARKE,10
1716,CLAUDE,10
1716,CLAUDIO,10
1716,CORAN,10
1716,DAKOTA,10
1716,DARA,10
1716,DARIO,10
1716,DAYTON,10
1716,DHILAN,10
1716,DIGBY,10
1716,DORIAN,10
1716,DYLON,10
1716,EAMONN,10
1716,EMLYN,10
1716,FREDERIK,10
1716,FYNLEY,10
1716,GAURAV,10
1716,GORDON,10
1716,GRIFFIN,10
1716,GRUFFYDD,10
1716,HAIDEN,10
1716,HAITHAM,10
1716,HAMED,10
1716,HARITH,10
1716,HARPREET,10
1716,HUMZAH,10
1716,IKRAM,10
1716,IZAK,10
1716,JAD,10
1716,JADYN,10
1716,JAIMIE,10
1716,JEFF,10
1716,JETT,10
1716,JIBRAN,10
1716,JOHANN,10
1716,JOHANNES,10
1716,JONJO,10
1716,JUSTICE,10
1716,KAIDAN,10
1716,KALVIN,10
1716,KELLEN,10
1716,KENZO,10
1716,KEREM,10
1716,KHUSH,10
1716,KIEN,10
1716,KIYAN,10
1716,LAYNE,10
1716,LIAN,10
1716,LINDEN,10
1716,LLEWELYN,10
1716,LOCHLANN,10
1716,LOKI,10
1716,LUIGI,10
1716,LUTHER,10
1716,MAJID,10
1716,MAREK,10
1716,MAXIMILIEN,10
1716,MAXX,10
1716,MOOSA,10
1716,MURTAZA,10
1716,NAHID,10
1716,NASEEM,10
1716,NASSER,10
1716,NAVEEN,10
1716,NEAL,10
1716,NICOLO,10
1716,NIKO,10
1716,NOJUS,10
1716,NUMAAN,10
1716,ORION,10
1716,OUSMAN,10
1716,PARSA,10
1716,PEARCE,10
1716,PTOLEMY,10
1716,QAASIM,10
1716,RALF,10
1716,RALPHIE,10
1716,RAM,10
1716,RANVEER,10
1716,REO,10
1716,RITCHIE,10
1716,ROHAAN,10
1716,RYAAN,10
1716,SABIR,10
1716,SALAHUDDIN,10
1716,SARIM,10
1716,SHAYE,10
1716,SHMUEL,10
1716,SKY,10
1716,SOFIAN,10
1716,SULIMAN,10
1716,TALIESIN,10
1716,TATENDA,10
1716,TAYYIB,10
1716,TEMILOLUWA,10
1716,TIAN,10
1716,TIMUR,10
1716,TOMI,10
1716,TOMMI,10
1716,TOMMIE,10
1716,TYRAN,10
1716,TYRELLE,10
1716,TYRESSE,10
1716,URIEL,10
1716,UTHMAN,10
1716,VIJAY,10
1716,VIKTOR,10
1716,WARWICK,10
1716,WASEEM,10
1716,WIKTOR,10
1716,YANNIS,10
1716,YAW,10
1716,ZEBEDEE,10
1716,ZIA,10
1716,ZUBIN,10
1851,AADI,9
1851,AAHIL,9
1851,ABD,9
1851,ABDIRAHIM,9
1851,ABDULMALIK,9
1851,ABHISHEK,9
1851,ABRAR,9
1851,ADRIANO,9
1851,AHARON,9
1851,AINSLEY,9
1851,ALEEM,9
1851,AMMAN,9
1851,ANEIRIN,9
1851,AQIL,9
1851,ARASH,9
1851,ARIA,9
1851,ARION,9
1851,ASHVIN,9
1851,ATA,9
1851,AUGUSTINE,9
1851,AVROHOM,9
1851,BABY,9
1851,BAILIE,9
1851,BEVAN,9
1851,BJORN,9
1851,BLAZE,9
1851,BOBBY-LEE,9
1851,BOSTON,9
1851,BRADLEIGH,9
1851,BRYCHAN,9
1851,BRYNLEY,9
1851,BURHAN,9
1851,CARRICK,9
1851,CATHAL,9
1851,CHANDLER,9
1851,CLIFFORD,9
1851,CLIVE,9
1851,CORIE,9
1851,DAANYAL,9
1851,DARREL,9
1851,DWIGHT,9
1851,EMIRHAN,9
1851,EMYR,9
1851,ENIS,9
1851,ERAY,9
1851,ESSA,9
1851,FAWAZ,9
1851,FELIPE,9
1851,FERNANDO,9
1851,GARRY,9
1851,GEOFFREY,9
1851,GERRY,9
1851,GIAN,9
1851,GRUFFUDD,9
1851,GUILLAUME,9
1851,GWION,9
1851,HANIF,9
1851,HANNAN,9
1851,HASHIR,9
1851,HAYDYN,9
1851,HAYTHAM,9
1851,HAYYAN,9
1851,HOWARD,9
1851,HUEY,9
1851,HUXLEY,9
1851,ILIAS,9
1851,ISAAK,9
1851,JEREMIE,9
1851,JET,9
1851,JODY,9
1851,JOHNATHON,9
1851,JORDY,9
1851,KAILUM,9
1851,KAJUS,9
1851,KAYLEN,9
1851,KEGAN,9
1851,KEYAAN,9
1851,KEYAN,9
1851,KIRK,9
1851,KOLE,9
1851,KONNOR,9
1851,KUBA,9
1851,LELAND,9
1851,LUDOVIC,9
1851,MABON,9
1851,MAKAI,9
1851,MAKSIM,9
1851,MANISH,9
1851,MATEUS,9
1851,MATHIEU,9
1851,MATTHIEU,9
1851,MENACHEM,9
1851,MIKAIL,9
1851,MOBEEN,9
1851,MUAD,9
1851,MURAT,9
1851,MYRON,9
1851,NYALL,9
1851,OLUWADAMILOLA,9
1851,PARAMVEER,9
1851,RALFIE,9
1851,REDWAN,9
1851,REIS,9
1851,REN,9
1851,RENE,9
1851,RHYAN,9
1851,ROMAIN,9
1851,ROMERO,9
1851,RYAN-LEE,9
1851,SA'AD,9
1851,SAKARIYA,9
1851,SALMAAN,9
1851,SALVADOR,9
1851,SALVATORE,9
1851,SEBASTIANO,9
1851,SHAKIL,9
1851,SOREN,9
1851,STEFANO,9
1851,SULAIMAAN,9
1851,SULEYMAN,9
1851,TAFARI,9
1851,TAREK,9
1851,TERRENCE,9
1851,THIAGO,9
1851,THOM,9
1851,TIGER,9
1851,TINOTENDA,9
1851,TOR,9
1851,TRISTON,9
1851,UNAIS,9
1851,VIKRAM,9
1851,VISHNU,9
1851,WIL,9
1851,YUSEF,9
1851,ZAINE,9
1851,ZAKARIYE,9
1851,ZAYYAN,9
1851,ZEESHAAN,9
1851,ZI,9
1851,ZIDANE,9
1991,AASIM,8
1991,ABDUR-RAHEEM,8
1991,ADRIEN,8
1991,AHNAF,8
1991,AJANI,8
1991,AKIVA,8
1991,AKSHAT,8
1991,AL-AMIN,8
1991,ALBERTO,8
1991,ALBI,8
1991,ALBIN,8
1991,AMANI,8
1991,ANDRES,8
1991,ANEES,8
1991,ANESU,8
1991,ANH,8
1991,ARAV,8
1991,ARJEN,8
1991,ARUNDEEP,8
1991,AWAB,8
1991,AYAN,8
1991,AYAZ,8
1991,BENTLEY,8
1991,BENYAMIN,8
1991,BILLAL,8
1991,BLANE,8
1991,BLUE,8
1991,BOLUWATIFE,8
1991,BRODI,8
1991,BURAK,8
1991,BUSTER,8
1991,CADAN,8
1991,CAIO,8
1991,CALAN,8
1991,CAMREN,8
1991,CERI,8
1991,CHARLEE,8
1991,CHUKWUEMEKA,8
1991,COHAN,8
1991,COLLINS,8
1991,CONSTANTIN,8
1991,CULLEN,8
1991,DALLAS,8
1991,DAVIE,8
1991,DEIAN,8
1991,DEIVIDAS,8
1991,DEMPSEY,8
1991,DHIREN,8
1991,DILRAJ,8
1991,DINO,8
1991,DIVINE,8
1991,DJANGO,8
1991,DOVID,8
1991,DUDLEY,8
1991,DYFAN,8
1991,EASHAN,8
1991,EATHAN,8
1991,ED,8
1991,EOGHAN,8
1991,ERVIN,8
1991,ETHEN,8
1991,FARHAD,8
1991,FARLEY,8
1991,FIDEL,8
1991,FINIAN,8
1991,FRANCOIS,8
1991,FRANKLYN,8
1991,GAGANDEEP,8
1991,GAIUS,8
1991,GETHYN,8
1991,GHULAM,8
1991,GURJEEVAN,8
1991,GURSHAN,8
1991,GUSTAVO,8
1991,HARVEY-LEE,8
1991,HEDLEY,8
1991,HENDRIK,8
1991,HERSHY,8
1991,HUGHIE,8
1991,HUSAIN,8
1991,IAGO,8
1991,IFEOLUWA,8
1991,ILAN,8
1991,ILYA,8
1991,JACY,8
1991,JAMESON,8
1991,JEDD,8
1991,JOB,8
1991,JORDI,8
1991,JOSHUA-LEE,8
1991,KABEER,8
1991,KADIR,8
1991,KAEDEN,8
1991,KAIRAN,8
1991,KAISER,8
1991,KALIM,8
1991,KAMARI,8
1991,KARANVEER,8
1991,KASPAR,8
1991,KASSIM,8
1991,KENTON,8
1991,KERIM,8
1991,KHALEEL,8
1991,KHIZAR,8
1991,KIEAN,8
1991,KILIAN,8
1991,KING,8
1991,KRISHNAN,8
1991,KWAKU,8
1991,LABIB,8
1991,LINTON,8
1991,LLEWELLYN,8
1991,MANSOOR,8
1991,MEER,8
1991,MILLAN,8
1991,MILTON,8
1991,MINH,8
1991,MORDECHAI,8
1991,MORLEY,8
1991,MORRIS,8
1991,MUBASHIR,8
1991,MUKHTAR,8
1991,MUSTAPHA,8
1991,MUZZAMMIL,8
1991,NADEEM,8
1991,NAHUM,8
1991,NASSIM,8
1991,NYE,8
1991,O'SHEA,8
1991,ODIN,8
1991,OLUWADEMILADE,8
1991,OLUWATOSIN,8
1991,OWYN,8
1991,PATRIK,8
1991,PAULO,8
1991,PIOTR,8
1991,PRECIOUS,8
1991,QUINCY,8
1991,RADWAN,8
1991,RAHEIM,8
1991,RAHMAN,8
1991,RAYANE,8
1991,RICHMOND,8
1991,RIDHWAN,8
1991,RISHABH,8
1991,SALEM,8
1991,SALIH,8
1991,SAMET,8
1991,SANDEEP,8
1991,SEB,8
1991,SHAHEER,8
1991,SHAKIR,8
1991,SHAMAR,8
1991,SHAYDEN,8
1991,SINA,8
1991,SUFIAN,8
1991,SUFIYAN,8
1991,SYD,8
1991,TADIWA,8
1991,TADIWANASHE,8
1991,TAE,8
1991,TAO,8
1991,TEO,8
1991,THADDEUS,8
1991,TOMMASO,8
1991,TYLAN,8
1991,UMUT,8
1991,USAYD,8
1991,UZAYR,8
1991,VERNON,8
1991,VINCE,8
1991,WASIM,8
1991,YAASEEN,8
1991,YANIS,8
1991,YASSINE,8
1991,YI,8
1991,YIGIT,8
1991,YOEL,8
1991,ZAAKIR,8
1991,ZAYAAN,8
1991,ZAYNE,8
1991,ZEB,8
1991,ZUBAYR,8
2174,AAKASH,7
2174,ABDIFATAH,7
2174,ADEEB,7
2174,ADITHYA,7
2174,AKHIL,7
2174,ALDO,7
2174,ALEXANDRO,7
2174,ALFIE-JAY,7
2174,ALIM,7
2174,AMAAD,7
2174,AMARDEEP,7
2174,AMINUR,7
2174,ANAND,7
2174,ANAY,7
2174,ANDREA,7
2174,ANDREY,7
2174,ARMAND,7
2174,ARMANDO,7
2174,ARYAAN,7
2174,ASHDEN,7
2174,ATEEQ,7
2174,AVINASH,7
2174,BARTHOLOMEW,7
2174,BATUHAN,7
2174,BENITO,7
2174,BERKAN,7
2174,BILLIE,7
2174,BOBBY-JACK,7
2174,BORAN,7
2174,BRADLY,7
2174,BRENTON,7
2174,CAEL,7
2174,CAILEN,7
2174,CAMARON,7
2174,CARLITO,7
2174,CEDRIC,7
2174,CEIRAN,7
2174,CIERON,7
2174,CLARENCE,7
2174,CLYDE,7
2174,CONLAN,7
2174,CONNA,7
2174,CYLE,7
2174,CYNAN,7
2174,DAIYAAN,7
2174,DANI,7
2174,DERI,7
2174,DERIN,7
2174,DERON,7
2174,DESHAWN,7
2174,DESMOND,7
2174,DESTINY,7
2174,DEVLIN,7
2174,DEVONTAE,7
2174,DHARAM,7
2174,DONNY,7
2174,DONTAE,7
2174,DRAKE,7
2174,DRAVEN,7
2174,DRAY,7
2174,DRU,7
2174,EDIZ,7
2174,EDOARDO,7
2174,EFE,7
2174,EKIN,7
2174,ELAN,7
2174,ELHAM,7
2174,ELIOTT,7
2174,ELY,7
2174,FAARIS,7
2174,FADIL,7
2174,FARID,7
2174,FAVOUR,7
2174,FINLEE,7
2174,FINTON,7
2174,FREDRIC,7
2174,FYNNLEY,7
2174,GARYN,7
2174,GEORGIOS,7
2174,GIBRIL,7
2174,GRADY,7
2174,GRIFF,7
2174,GULED,7
2174,GURPREET,7
2174,HAMDAN,7
2174,HAMEED,7
2174,HAMSA,7
2174,HANAD,7
2174,HAO,7
2174,HARLAN,7
2174,HARLEM,7
2174,HARMEET,7
2174,HAROUN,7
2174,HENLEY,7
2174,HENRIK,7
2174,HERSH,7
2174,IMAN,7
2174,ISAAM,7
2174,ISAM,7
2174,ISHAK,7
2174,J,7
2174,JABIR,7
2174,JAMARI,7
2174,JARROD,7
2174,JAYAN,7
2174,JAYKE,7
2174,JAYME,7
2174,JEAN-LUC,7
2174,JESS,7
2174,JIAN,7
2174,JIBREEL,7
2174,JIBRIL,7
2174,JIN,7
2174,JOAQUIN,7
2174,JOASH,7
2174,JOHNNIE,7
2174,JOSHUA-JAMES,7
2174,JULIO,7
2174,KAIDE,7
2174,KAIE,7
2174,KAIRON,7
2174,KALAN,7
2174,KAMANI,7
2174,KEION,7
2174,KEIREN,7
2174,KELLAN,7
2174,KELLY,7
2174,KHALED,7
2174,KOJO,7
2174,KUDAKWASHE,7
2174,KUSHAL,7
2174,KYDEN,7
2174,KYON,7
2174,KYREN,7
2174,LAITON,7
2174,LAMAR,7
2174,LAMIN,7
2174,LEWI,7
2174,LEWIN,7
2174,LLYR,7
2174,LOIC,7
2174,LUI,7
2174,MACE,7
2174,MALACHAI,7
2174,MANSUR,7
2174,MANU,7
2174,MASSIMILIANO,7
2174,MATEEN,7
2174,MAYSON,7
2174,MCAULEY,7
2174,MD,7
2174,MILOSZ,7
2174,MUHAIMIN,7
2174,MUJTABA,7
2174,NADER,7
2174,NAQEEB,7
2174,NATAN,7
2174,NAYEEM,7
2174,NEHAN,7
2174,NICCOLO,7
2174,NICKOLAS,7
2174,NIKOLAOS,7
2174,NILS,7
2174,NOUR,7
2174,NUMAIR,7
2174,NUNO,7
2174,OLUWASEYI,7
2174,OMARIO,7
2174,OSSIAN,7
2174,PAVEL,7
2174,PAWEL,7
2174,PAYTON,7
2174,PEYTON,7
2174,PHILIPPE,7
2174,PIETRO,7
2174,PIRAN,7
2174,PRANAY,7
2174,QUINLAN,7
2174,RAIS,7
2174,RAJDEEP,7
2174,RAKEEM,7
2174,RAMSEY,7
2174,RAMY,7
2174,REHMAN,7
2174,REMUS,7
2174,RHYLEY,7
2174,RICCARDO,7
2174,ROHAT,7
2174,ROKAS,7
2174,ROME,7
2174,RUBIN,7
2174,RUSHIL,7
2174,SAHEL,7
2174,SALAH,7
2174,SAMIH,7
2174,SAUD,7
2174,SAVIO,7
2174,SEYED,7
2174,SHAHRIAR,7
2174,SHAYLAN,7
2174,SHEIK,7
2174,SHELTON,7
2174,SHERIF,7
2174,SHOLOM,7
2174,SHREY,7
2174,SIDDHARTH,7
2174,SOFIANE,7
2174,STANISLAW,7
2174,SULAYMAAN,7
2174,SURYA,7
2174,TAHSEEN,7
2174,TAHSIN,7
2174,TAKUNDA,7
2174,TAMER,7
2174,TANATSWA,7
2174,TANNER,7
2174,TAPIWA,7
2174,TAWANA,7
2174,TAWHID,7
2174,TAYLA,7
2174,TEILO,7
2174,TERELL,7
2174,THAI,7
2174,THARUN,7
2174,THOR,7
2174,TIMO,7
2174,TINO,7
2174,TRISTIAN,7
2174,TURNER,7
2174,TYLAR,7
2174,TYREE,7
2174,VANSH,7
2174,YAASIR,7
2174,YAN,7
2174,YOUNIS,7
2174,YURI,7
2174,ZAHEER,7
2174,ZAIM,7
2174,ZAKARIAH,7
2174,ZECHARIAH,7
2174,ZEPHANIAH,7
2174,ZEPHYR,7
2174,ZEV,7
2174,ZUHAIB,7
2418,ABDEL,6
2418,ABDELLAH,6
2418,ABDELRAHMAN,6
2418,ABDIHAKIM,6
2418,ABDIKARIM,6
2418,ABDOULIE,6
2418,ABDUL-AZIZ,6
2418,ABDUL-RAHMAN,6
2418,ABDULRAHIM,6
2418,ABDULWAHAB,6
2418,ADAR,6
2418,ADETOKUNBO,6
2418,ADI,6
2418,AFFAN,6
2418,AIMAN,6
2418,AIMEN,6
2418,AKBAR,6
2418,AKIM,6
2418,ALBAN,6
2418,ALEXI,6
2418,ALFIE-JAMES,6
2418,ALFONSO,6
2418,ALFREDO,6
2418,ALLISTER,6
2418,ALYAN,6
2418,AMARVEER,6
2418,AMER,6
2418,AMRIK,6
2418,ANDI,6
2418,AODHAN,6
2418,ARA,6
2418,ARNAS,6
2418,ARVIND,6
2418,ASWIN,6
2418,AYODELE,6
2418,BAYLEIGH,6
2418,BENJI,6
2418,BENNETT,6
2418,BOAZ,6
2418,BODIE,6
2418,BRAEDEN,6
2418,BRAEDON,6
2418,BRAM,6
2418,BRAXTON,6
2418,BRAY,6
2418,BRAYDAN,6
2418,BRET,6
2418,BRICE,6
2418,BRODEN,6
2418,BRODEY,6
2418,BRONSON,6
2418,C-JAY,6
2418,CAL,6
2418,CELLAN,6
2418,CELYN,6
2418,CHAYSE,6
2418,CHI,6
2418,CHRISTIANO,6
2418,CIANAN,6
2418,COBEN,6
2418,COLT,6
2418,CONSTANTINOS,6
2418,CORBY,6
2418,CORLEY,6
2418,CORRAN,6
2418,DAKSH,6
2418,DAMARI,6
2418,DANIYAAL,6
2418,DARSHAN,6
2418,DARWIN,6
2418,DENLEY,6
2418,DHANYAL,6
2418,DIMITRIOS,6
2418,DONNIE,6
2418,DOYLE,6
2418,EARL,6
2418,EBRIMA,6
2418,EDMOND,6
2418,EDSON,6
2418,EDUARD,6
2418,EHSAAN,6
2418,EITHAN,6
2418,ELGAN,6
2418,ELIAN,6
2418,EMMETT,6
2418,ERNIE,6
2418,FAIYAZ,6
2418,FALAK,6
2418,FAREED,6
2418,FERGAL,6
2418,FILIPE,6
2418,FINLEIGH,6
2418,FIZAN,6
2418,FLAVIO,6
2418,FLYN,6
2418,FOSTER,6
2418,FOX,6
2418,FREDERICO,6
2418,FURQAN,6
2418,GARTH,6
2418,GIL,6
2418,GOBIND,6
2418,GONCALO,6
2418,GUILHERME,6
2418,GULAM,6
2418,GWYN,6
2418,HAADI,6
2418,HAKAN,6
2418,HAKIM,6
2418,HAMIM,6
2418,HARLIE,6
2418,HARSHIL,6
2418,HASSAAN,6
2418,HAYDAR,6
2418,HENRIQUE,6
2418,HEZEKIAH,6
2418,HILMI,6
2418,HIROKI,6
2418,IBRAAHEEM,6
2418,IHSAAN,6
2418,IHTISHAAM,6
2418,IORWERTH,6
2418,ISAK,6
2418,ISIAH,6
2418,J-JAY,6
2418,JAAN,6
2418,JABRIL,6
2418,JAHEEM,6
2418,JAHMAL,6
2418,JALEN,6
2418,JAMAR,6
2418,JARAD,6
2418,JARRELL,6
2418,JASRAJ,6
2418,JAYLAN,6
2418,JAYMIE,6
2418,JESSIE,6
2418,JEWEL,6
2418,JEZ,6
2418,JO,6
2418,JOACHIM,6
2418,JODI,6
2418,JOOLS,6
2418,JOVI,6
2418,JULIEN,6
2418,KA,6
2418,KAEL,6
2418,KAELIN,6
2418,KAID,6
2418,KAILAN,6
2418,KALLAN,6
2418,KAMEN,6
2418,KARAMVEER,6
2418,KARUN,6
2418,KASRA,6
2418,KAVISH,6
2418,KEEAN,6
2418,KEIGAN,6
2418,KENECHUKWU,6
2418,KENZY,6
2418,KESTER,6
2418,KHAN,6
2418,KITT,6
2418,KODEY,6
2418,KORAY,6
2418,KRAY,6
2418,KWEKU,6
2418,KYRESE,6
2418,LANDON,6
2418,LEAM,6
2418,LEANDER,6
2418,LEDION,6
2418,LEEJAY,6
2418,LEEROY,6
2418,LIONEL,6
2418,LOUIX,6
2418,LUKASZ,6
2418,LYON,6
2418,LYSANDER,6
2418,MAAHIR,6
2418,MAHER,6
2418,MAHMUD,6
2418,MALICK,6
2418,MANSOUR,6
2418,MARCELLO,6
2418,MARCIN,6
2418,MARLOW,6
2418,MARLY,6
2418,MARTY,6
2418,MATHEUS,6
2418,MATIAS,6
2418,MATTIA,6
2418,MATTIAS,6
2418,MAURICIO,6
2418,MAXIMO,6
2418,MAZIN,6
2418,MCKYE,6
2418,MERRICK,6
2418,MICHEE,6
2418,MICKIE,6
2418,MIHIR,6
2418,MIKA,6
2418,MIKYLE,6
2418,MINHAZ,6
2418,MIRAJ,6
2418,MODOU,6
2418,MOEEZ,6
2418,MOHAN,6
2418,MOMIN,6
2418,MOSTAFA,6
2418,MUAZ,6
2418,MUHMMAD,6
2418,MUIZZ,6
2418,MUMIN,6
2418,MUNASHE,6
2418,NAFIS,6
2418,NAFTALI,6
2418,NASHAUN,6
2418,NAZIM,6
2418,NEDAS,6
2418,NEVAN,6
2418,NIAL,6
2418,NIELS,6
2418,NIKESH,6
2418,NIKODEM,6
2418,NISHAN,6
2418,NIYAZ,6
2418,NYAL,6
2418,OBIE,6
2418,ODHRAN,6
2418,OLAF,6
2418,OLUMIDE,6
2418,OLUWASEUN,6
2418,OLUWATOMISIN,6
2418,OMID,6
2418,ONUR,6
2418,ORIN,6
2418,PANAYIOTIS,6
2418,PATRIC,6
2418,PERRAN,6
2418,PHELAN,6
2418,PHINEAS,6
2418,PRAVEEN,6
2418,QI,6
2418,RAEKWON,6
2418,RAGHAV,6
2418,RAIF,6
2418,RAIHAAN,6
2418,RAMEEZ,6
2418,RAQEEB,6
2418,RASHID,6
2418,RAUF,6
2418,RAYYAAN,6
2418,REDD,6
2418,REZA,6
2418,RHILEY,6
2418,RION,6
2418,RIORDAN,6
2418,ROBINSON,6
2418,RODERICK,6
2418,RODI,6
2418,ROHIN,6
2418,ROMAAN,6
2418,ROSHAAN,6
2418,ROSHAUN,6
2418,RUARIDH,6
2418,RUBAN,6
2418,SAABIR,6
2418,SAHAND,6
2418,SAIFUL,6
2418,SAMER,6
2418,SAMRAJ,6
2418,SAN,6
2418,SAXON,6
2418,SAYEED,6
2418,SENNEN,6
2418,SHABAN,6
2418,SHABAZ,6
2418,SHAMAS,6
2418,SHARIF,6
2418,SHREYAS,6
2418,SIDDHANT,6
2418,SOHAN,6
2418,SOUL,6
2418,STERLING,6
2418,SUDAIS,6
2418,SUNNI,6
2418,SYAN,6
2418,SYLVESTER,6
2418,TAL,6
2418,TARO,6
2418,TAVIS,6
2418,TAYLOR-JAMES,6
2418,TAYLOR-JAY,6
2418,TEE-JAY,6
2418,TEEGAN,6
2418,TEJAS,6
2418,TEON,6
2418,TERREL,6
2418,THEODOR,6
2418,TIMON,6
2418,TJAY,6
2418,TOBECHI,6
2418,TOLUWANIMI,6
2418,TORRIN,6
2418,TUAN,6
2418,TYEE,6
2418,TYREL,6
2418,TYRIQUE,6
2418,UBAYDULLAH,6
2418,VITO,6
2418,VLADIMIR,6
2418,WAEL,6
2418,WAQAR,6
2418,WASSIM,6
2418,WEZLEY,6
2418,WILIAM,6
2418,WILLIS,6
2418,WOLFGANG,6
2418,WOODROW,6
2418,YAD,6
2418,YAHYAA,6
2418,YAKUB,6
2418,YANNICK,6
2418,YAQOOB,6
2418,YASSIR,6
2418,YIANNIS,6
2418,YUNIS,6
2418,YUSAF,6
2418,ZAEEM,6
2418,ZAMEER,6
2418,ZAYDAN,6
2418,ZEN,6
2418,ZEPHAN,6
2418,ZUHAIR,6
2418,ZUHAYR,6
2754,AADITYA,5
2754,AARIZ,5
2754,AARRON,5
2754,ABAAN,5
2754,ABDIRASHID,5
2754,ABDISAMAD,5
2754,ABDUS,5
2754,ABHAY,5
2754,ABIOLA,5
2754,ABYAN,5
2754,ADON,5
2754,ADRIEL,5
2754,AFNAN,5
2754,AFZAL,5
2754,AKMAL,5
2754,ALEKSANDR,5
2754,ALEXZANDER,5
2754,ALIEU,5
2754,ALUN,5
2754,ALWYN,5
2754,AMANVEER,5
2754,AMARE,5
2754,AMARU,5
2754,AMEN,5
2754,AMJAD,5
2754,AMMAD,5
2754,ANAKIN,5
2754,ANEESH,5
2754,ANIQ,5
2754,ANS,5
2754,ANSEL,5
2754,ANSON,5
2754,ARIYAN,5
2754,ARTUR,5
2754,ASADULLAH,5
2754,ASHLEIGH,5
2754,ASHLIN,5
2754,ASHRAFUL,5
2754,ATHARVA,5
2754,AUGUSTIN,5
2754,AUSTYN,5
2754,AYYAN,5
2754,BAILY,5
2754,BARTLOMIEJ,5
2754,BASIT,5
2754,BAYLIE,5
2754,BEDIRHAN,5
2754,BENI,5
2754,BENJAMAN,5
2754,BERDAN,5
2754,BERT,5
2754,BILLY-JAY,5
2754,BLAYZE,5
2754,BLU,5
2754,BRAD-LEE,5
2754,BRAIDY,5
2754,BRANNON,5
2754,CAIDAN,5
2754,CALDER,5
2754,CALE,5
2754,CALEN,5
2754,CALIN,5
2754,CAMDEN,5
2754,CAMERAN,5
2754,CAMERON-LEE,5
2754,CAMRAN,5
2754,CARLIN,5
2754,CASPIAN,5
2754,CELT,5
2754,CEMAL,5
2754,CENK,5
2754,CHACE,5
2754,CHIMA,5
2754,CHISOM,5
2754,CHRIST,5
2754,CIAREN,5
2754,CONNELL,5
2754,CY,5
2754,DALEY,5
2754,DAMAN,5
2754,DAMILOLA,5
2754,DARAGH,5
2754,DARIAN,5
2754,DARIUSH,5
2754,DASHIELL,5
2754,DAVIDE,5
2754,DAVONTE,5
2754,DAVY,5
2754,DAYNE,5
2754,DEANDRE,5
2754,DEIO,5
2754,DELAN,5
2754,DELANEY,5
2754,DEMAR,5
2754,DENZIL,5
2754,DERRY,5
2754,DERYN,5
2754,DESHAUN,5
2754,DEVRIM,5
2754,DOMANIC,5
2754,DOMENICO,5
2754,DOMINIQUE,5
2754,DONTAY,5
2754,DONTE,5
2754,DOV,5
2754,DUANE,5
2754,DYLLAN,5
2754,EDON,5
2754,EESAH,5
2754,EGE,5
2754,ELIE,5
2754,ELVIN,5
2754,EMIN,5
2754,EMRAN,5
2754,ERON,5
2754,ESAH,5
2754,ETHYN,5
2754,EURON,5
2754,FADI,5
2754,FARES,5
2754,FAROUK,5
2754,FARUQ,5
2754,FATIH,5
2754,FAWAD,5
2754,FAYZAN,5
2754,FEN,5
2754,FEROZ,5
2754,FILIPPO,5
2754,FINNEGAN,5
2754,FIRAT,5
2754,FLORIAN,5
2754,FORD,5
2754,FRAN,5
2754,FURQAAN,5
2754,GABRIELE,5
2754,GARAN,5
2754,GAVAN,5
2754,GBOLAHAN,5
2754,GEORDIE,5
2754,GERWYN,5
2754,GLYN,5
2754,GURDEEP,5
2754,GURSHAAN,5
2754,HABEEB,5
2754,HADLEIGH,5
2754,HALIM,5
2754,HAMDAAN,5
2754,HAMILTON,5
2754,HAMSE,5
2754,HAN,5
2754,HANAAN,5
2754,HARISH,5
2754,HARJIT,5
2754,HARPER,5
2754,HASSNAIN,5
2754,HAYDER,5
2754,HILTON,5
2754,HOANG,5
2754,HOLDEN,5
2754,HUMPHREY,5
2754,HUSAAM,5
2754,HUSSNAIN,5
2754,IDO,5
2754,IEAUN,5
2754,IHTISHAM,5
2754,IKECHUKWU,5
2754,INDY,5
2754,INNES,5
2754,ISAAQ,5
2754,ISAH,5
2754,ISHMAIL,5
2754,ISLAM,5
2754,ISSAH,5
2754,JABARI,5
2754,JABED,5
2754,JACEY,5
2754,JACKY,5
2754,JAGJEET,5
2754,JAGROOP,5
2754,JAIVEER,5
2754,JALAL,5
2754,JALEEL,5
2754,JAMAINE,5
2754,JAMEY,5
2754,JAMIELEE,5
2754,JANAID,5
2754,JANEK,5
2754,JAQUAN,5
2754,JARELL,5
2754,JASIM,5
2754,JAVID,5
2754,JAVON,5
2754,JAY-J,5
2754,JAYJAY,5
2754,JAZIAH,5
2754,JEFFERSON,5
2754,JEFFERY,5
2754,JERICHO,5
2754,JESPER,5
2754,JIBRAAN,5
2754,JJ,5
2754,JOAH,5
2754,JOSUE,5
2754,JOTHAM,5
2754,JUDD,5
2754,KACIE,5
2754,KADEEM,5
2754,KADYN,5
2754,KAIAN,5
2754,KALE,5
2754,KAMAU,5
2754,KAROLIS,5
2754,KARTHIK,5
2754,KAVI,5
2754,KAVIN,5
2754,KAYDN,5
2754,KAYLEB,5
2754,KAZIM,5
2754,KEANO,5
2754,KEBBA,5
2754,KELECHI,5
2754,KELTON,5
2754,KENDALL,5
2754,KEVON,5
2754,KEYON,5
2754,KHADAR,5
2754,KHIZER,5
2754,KIANE,5
2754,KIENAN,5
2754,KIERNAN,5
2754,KILE,5
2754,KIM,5
2754,KOEN,5
2754,KONSTANTINOS,5
2754,KORBAN,5
2754,KWADWO,5
2754,KYREECE,5
2754,KYRIACOS,5
2754,KYRIAKOS,5
2754,LAIGHTON,5
2754,LAYTH,5
2754,LEART,5
2754,LENNAN,5
2754,LEONIDAS,5
2754,LINDON,5
2754,LOUKAS,5
2754,LUCUS,5
2754,LUIZ,5
2754,LUKMAN,5
2754,LYLE,5
2754,MAAZ,5
2754,MACAULY,5
2754,MADISON,5
2754,MAHIN,5
2754,MAHMUT,5
2754,MALIKAI,5
2754,MALIKI,5
2754,MANAN,5
2754,MANDEEP,5
2754,MANJOT,5
2754,MANMOHAN,5
2754,MARIOS,5
2754,MARLI,5
2754,MARLOWE,5
2754,MASUD,5
2754,MATIN,5
2754,MATTY,5
2754,MCKENZI,5
2754,MD.,5
2754,MEHAR,5
2754,MEHUL,5
2754,MEIR,5
2754,MICHEL,5
2754,MICHELE,5
2754,MIKEL,5
2754,MIKKEL,5
2754,MIKOLAJ,5
2754,MILAD,5
2754,MILLEN,5
2754,MIRAN,5
2754,MOHIB,5
2754,MOHIT,5
2754,MOHMMAD,5
2754,MOHSEN,5
2754,MOIN,5
2754,MORTEN,5
2754,MORTON,5
2754,MOUAD,5
2754,MUDASIR,5
2754,MUHAMAD,5
2754,MUHAMED,5
2754,MUHAMMOD,5
2754,MUHAMMUD,5
2754,MUHANAD,5
2754,MUKTAR,5
2754,MUZAMMIL,5
2754,NADIM,5
2754,NASHAWN,5
2754,NASIF,5
2754,NASIM,5
2754,NATHANEAL,5
2754,NAZIR,5
2754,NEEKO,5
2754,NELLY,5
2754,NEWTON,5
2754,NII,5
2754,NIKLAS,5
2754,NIKOLA,5
2754,NISHAAN,5
2754,NIVEN,5
2754,NOE,5
2754,NOMAAN,5
2754,NOMAN,5
2754,NYASHA,5
2754,OBI,5
2754,OLAOLUWA,5
2754,OLE,5
2754,OLISAEMEKA,5
2754,OLUFEMI,5
2754,OLUSEGUN,5
2754,OLUWAMAYOWA,5
2754,ORGITO,5
2754,OSIRIS,5
2754,OSKA,5
2754,OSSIE,5
2754,OTHMAN,5
2754,PAA,5
2754,PACEY,5
2754,PAPA,5
2754,PASHA,5
2754,PAVANDEEP,5
2754,PERCY,5
2754,PETAR,5
2754,PRABHJOT,5
2754,PRAISE,5
2754,RA'EES,5
2754,RADLEY,5
2754,RAFFI,5
2754,RAFIQ,5
2754,RAIDEN,5
2754,RALPHY,5
2754,RAMIZ,5
2754,RAMONE,5
2754,RANDALL,5
2754,RANULPH,5
2754,RASHAUN,5
2754,RASHEED,5
2754,RATU,5
2754,RAYON,5
2754,RECEP,5
2754,RED,5
2754,REED,5
2754,REICE,5
2754,REMELL,5
2754,REMO,5
2754,REUEL,5
2754,REUVEN,5
2754,REYAN,5
2754,RIAD,5
2754,RICCO,5
2754,RISHAB,5
2754,RISHAN,5
2754,ROBEL,5
2754,ROJHAT,5
2754,RONAK,5
2754,ROURKE,5
2754,ROYCE,5
2754,RUAN,5
2754,RUDIE,5
2754,RUSHANE,5
2754,SABIAN,5
2754,SAFIAN,5
2754,SAHIR,5
2754,SAJAN,5
2754,SAKIB,5
2754,SAMAY,5
2754,SAMPSON,5
2754,SANAD,5
2754,SANJEEV,5
2754,SAYHAN,5
2754,SCOT,5
2754,SEIF,5
2754,SELORM,5
2754,SERKAN,5
2754,SHAHBAZ,5
2754,SHAHMEER,5
2754,SHAILAN,5
2754,SHAILEN,5
2754,SHAZAD,5
2754,SHAZAIB,5
2754,SHLOIME,5
2754,SIDAR,5
2754,SIMBARASHE,5
2754,SONNI,5
2754,STIRLING,5
2754,SUFIYAAN,5
2754,SULIEMAN,5
2754,SUNIL,5
2754,TAFARA,5
2754,TAHER,5
2754,TAINE,5
2754,TAIT,5
2754,TAITE,5
2754,TAJ,5
2754,TAKUDZWA,5
2754,TAKUMI,5
2754,TALAN,5
2754,TAMEEM,5
2754,TANA,5
2754,TANISH,5
2754,TANUSH,5
2754,TARKAN,5
2754,TARYN,5
2754,TAWHEED,5
2754,TAYAB,5
2754,TAYYEB,5
2754,TEAGUE,5
2754,TEE,5
2754,TEJ,5
2754,TEJINDER,5
2754,TEMITOPE,5
2754,TION,5
2754,TOBECHUKWU,5
2754,TOBIAH,5
2754,TOHEED,5
2754,TOLGA,5
2754,TOLUWALASE,5
2754,TRAFFORD,5
2754,TUSHAR,5
2754,TYMON,5
2754,TYRIQ,5
2754,UBAYD,5
2754,VALENTIN,5
2754,VEDANT,5
2754,VIET,5
2754,VITHUSHAN,5
2754,VLADISLAV,5
2754,WALLACE,5
2754,WAQAS,5
2754,WEI,5
2754,WEN,5
2754,WILBUR,5
2754,WINSTON,5
2754,XANDA,5
2754,YAHIA,5
2754,YOONIS,5
2754,YUSHA,5
2754,YUSIF,5
2754,ZACKARIAH,5
2754,ZARAK,5
2754,ZENON,5
2754,ZICO,5
2754,ZINEDINE,5
2754,ZOHEB,5
3208,AARIYAN,4
3208,AARONDEEP,4
3208,AARUN,4
3208,ABAN,4
3208,ABDIHAMID,4
3208,ABDIMAJID,4
3208,ABDIRISAQ,4
3208,ABDISHAKUR,4
3208,ABDUL-RAHIM,4
3208,ABDURRAHMAAN,4
3208,ABDURREHMAN,4
3208,ABE,4
3208,ABHIJEET,4
3208,ABIDUR,4
3208,ABISHAN,4
3208,ABNER,4
3208,ABUL,4
3208,ADARSH,4
3208,ADEBOWALE,4
3208,ADESH,4
3208,ADIB,4
3208,AFONSO,4
3208,AJAI,4
3208,AJIT,4
3208,AKAM,4
3208,AKIF,4
3208,AKIL,4
3208,AKWASI,4
3208,ALAM,4
3208,ALEXEY,4
3208,ALFI,4
3208,ALFIE-JACK,4
3208,ALLY,4
3208,ALP,4
3208,AMADOU,4
3208,AMIL,4
3208,AMRITPAL,4
3208,ANDERS,4
3208,ANDREJ,4
3208,ANEEK,4
3208,ANEEQ,4
3208,ANGAD,4
3208,ANMOL,4
3208,ANNAS,4
3208,ANSAR,4
3208,ARAM,4
3208,ARAVIND,4
3208,ARBAAZ,4
3208,ARBER,4
3208,ARCHI,4
3208,ARDEN,4
3208,ARDIT,4
3208,AREN,4
3208,ARIS,4
3208,ARNAUD,4
3208,ARNIE,4
3208,ARREN,4
3208,ARSALAAN,4
3208,ARSLAN,4
3208,ARTIN,4
3208,ARYEH,4
3208,ASHA,4
3208,ASHAN,4
3208,ASHFAQ,4
3208,ASHKAN,4
3208,ASHMIT,4
3208,ASHOK,4
3208,ASJAD,4
3208,AUM,4
3208,AURYN,4
3208,AVERY,4
3208,AVRAHAM,4
3208,AVRAM,4
3208,AXL,4
3208,AYMAAN,4
3208,AYOMIKUN,4
3208,AZLAN,4
3208,AZMAT,4
3208,BABOUCARR,4
3208,BADER,4
3208,BAI,4
3208,BAILLIE,4
3208,BALDEEP,4
3208,BARIS,4
3208,BASSAM,4
3208,BELAL,4
3208,BENNY,4
3208,BERAT,4
3208,BERKAY,4
3208,BERNIE,4
3208,BERTAN,4
3208,BHAVESH,4
3208,BILLIE-JOE,4
3208,BILLY-RAY,4
3208,BINYAMIN,4
3208,BLEDDYN,4
3208,BO,4
3208,BOB,4
3208,BOBBI,4
3208,BOBBY-JOE,4
3208,BORA,4
3208,BRACKEN,4
3208,BRAE,4
3208,BRAIDON,4
3208,BRANDEN-LEE,4
3208,BROCK,4
3208,BRYNN,4
3208,CAEDEN,4
3208,CALUB,4
3208,CAMERON-JAMES,4
3208,CAYDAN,4
3208,CAYDON,4
3208,CAYLAN,4
3208,CAYLEM,4
3208,CAYLUM,4
3208,CAYMAN,4
3208,CECIL,4
3208,CHAE,4
3208,CHARLIE-JAMES,4
3208,CHARLIE-RAY,4
3208,CHEN,4
3208,CHIDERA,4
3208,CHRISTIAAN,4
3208,CHUKWUMA,4
3208,CHUN,4
3208,CIARON,4
3208,CJ,4
3208,COBAN,4
3208,COBURN,4
3208,COLTON,4
3208,CONNALL,4
3208,CONSTANTINO,4
3208,CORRIE,4
3208,CRISPIN,4
3208,DAHIR,4
3208,DAMANI,4
3208,DANESH,4
3208,DANY,4
3208,DANYLO,4
3208,DARIS,4
3208,DARYN,4
3208,DE,4
3208,DECLYN,4
3208,DEINIOL,4
3208,DELVIN,4
3208,DEMARIO,4
3208,DEMETRI,4
3208,DEMIR,4
3208,DENNON,4
3208,DERRICK,4
3208,DERRYN,4
3208,DEVRAJ,4
3208,DEVRAN,4
3208,DEVUN,4
3208,DHANRAJ,4
3208,DMITRI,4
3208,DOGAN,4
3208,DOMINYKAS,4
3208,DONAVAN,4
3208,DOUGAL,4
3208,DOUGIE,4
3208,DOVYDAS,4
3208,DWAIN,4
3208,DYLEN,4
3208,DYLLON,4
3208,EDI,4
3208,EDOUARD,4
3208,EITAN,4
3208,EKAM,4
3208,ELISEI,4
3208,ELIYOHU,4
3208,ELWIN,4
3208,EMMET,4
3208,ENIOLA,4
3208,ERDEM,4
3208,ERFAN,4
3208,ERGUN,4
3208,ERIKAS,4
3208,ERROL,4
3208,ERWIN,4
3208,ESTEBAN,4
3208,EXAUCE,4
3208,FABRIZIO,4
3208,FAHD,4
3208,FARAAZ,4
3208,FARAI,4
3208,FARDIN,4
3208,FARON,4
3208,FARRIS,4
3208,FAWWAZ,4
3208,FAYEZ,4
3208,FAZIL,4
3208,FEHZAAN,4
3208,FEMI,4
3208,FINBARR,4
3208,FIRAS,4
3208,FRANCISZEK,4
3208,FRANKEE,4
3208,FRANTISEK,4
3208,FURKAN,4
3208,GARIN,4
3208,GARRETT,4
3208,GARV,4
3208,GENESIS,4
3208,GEORDAN,4
3208,GEORGI,4
3208,GIANFRANCO,4
3208,GIO,4
3208,GLORY,4
3208,GODFREY,4
3208,GODWILL,4
3208,GRADI,4
3208,GRAYSON,4
3208,GULLIVER,4
3208,GURSEWAK,4
3208,GURTAJ,4
3208,HAAMID,4
3208,HAASHIR,4
3208,HADEN,4
3208,HALEEM,4
3208,HALLAM,4
3208,HAMD,4
3208,HANEEF,4
3208,HANZALA,4
3208,HARAS,4
3208,HARESH,4
3208,HARLEIGH,4
3208,HARLY,4
3208,HARRISSON,4
3208,HARVIN,4
3208,HARVINDER,4
3208,HASHAM,4
3208,HAYAAN,4
3208,HEAVEN,4
3208,HELDER,4
3208,HENRYK,4
3208,HERSHEL,4
3208,HEW,4
3208,HIMMAT,4
3208,HIREN,4
3208,HOBIE,4
3208,HUDEYFA,4
3208,HUDHAYFAH,4
3208,HUMAYUN,4
3208,HUSAYN,4
3208,IBAAD,4
3208,IFEANYICHUKWU,4
3208,IFTIKHAR,4
3208,IGNACIO,4
3208,IKE,4
3208,IKPONMWOSA,4
3208,IKRAAM,4
3208,IMTIAZ,4
3208,IMTIYAAZ,4
3208,IMTIYAZ,4
3208,IRA,4
3208,IRFAAN,4
3208,ISHRAQ,4
3208,ISMA'IL,4
3208,ISRAR,4
3208,IZAAN,4
3208,IZAC,4
3208,JACKIE,4
3208,JACQUE,4
3208,JAEDYN,4
3208,JAFFAR,4
3208,JAHIEM,4
3208,JAHMARI,4
3208,JAIDEEP,4
3208,JAMA,4
3208,JAREN,4
3208,JAROME,4
3208,JARRAD,4
3208,JASDEEP,4
3208,JASMEET,4
3208,JATHUSHAN,4
3208,JAVED,4
3208,JAX,4
3208,JAYCOB,4
3208,JAYEN,4
3208,JAYRAJ,4
3208,JAZIB,4
3208,JEDIAH,4
3208,JEMAL,4
3208,JENKIN,4
3208,JERMAIN,4
3208,JIBRAEEL,4
3208,JIMMI,4
3208,JISHNU,4
3208,JORDAN-LEE,4
3208,JOSIAS,4
3208,JOY,4
3208,JOZEPH,4
3208,JUSTYN,4
3208,JYE,4
3208,KADIN,4
3208,KADON,4
3208,KAEDAN,4
3208,KAELEM,4
3208,KAIS,4
3208,KAISAAN,4
3208,KAITO,4
3208,KALIL,4
3208,KALON,4
3208,KAMALI,4
3208,KARNYE,4
3208,KARSON,4
3208,KARTIK,4
3208,KASH,4
3208,KATHAN,4
3208,KAYRA,4
3208,KAZI,4
3208,KC,4
3208,KEANEN,4
3208,KEERAN,4
3208,KEHINDE,4
3208,KEILAN,4
3208,KELSON,4
3208,KEMAR,4
3208,KENJI,4
3208,KERVIN,4
3208,KHALIS,4
3208,KHAMANI,4
3208,KHATTAB,4
3208,KHAWAJA,4
3208,KHAYA,4
3208,KHYE,4
3208,KIAL,4
3208,KIARAN,4
3208,KIEGAN,4
3208,KIEL,4
3208,KIELAN,4
3208,KIERRAN,4
3208,KIMANI,4
3208,KINSEY,4
3208,KIPP,4
3208,KLAYTON,4
3208,KORBYN,4
3208,KORIE,4
3208,KRISTAN,4
3208,KRISTOFER,4
3208,KRISTOFFER,4
3208,KUNAL,4
3208,KWASI,4
3208,KY,4
3208,KY-MANI,4
3208,KYA,4
3208,KYI,4
3208,KYRO,4
3208,LADISLAV,4
3208,LAKE,4
3208,LAWAND,4
3208,LEMUEL,4
3208,LEXUS,4
3208,LEXX,4
3208,LIN,4
3208,LINO,4
3208,LLAYTON,4
3208,LORD,4
3208,LOYD,4
3208,LUDOVICO,4
3208,LYALL,4
3208,LYAM,4
3208,MAAHIN,4
3208,MACKENZY,4
3208,MADDISON,4
3208,MAHAMMAD,4
3208,MAHFUZUR,4
3208,MALAKIE,4
3208,MALLORY,4
3208,MALVIN,4
3208,MANNY,4
3208,MARKEL,4
3208,MARNI,4
3208,MARQUIS,4
3208,MARTYNAS,4
3208,MATEJ,4
3208,MAXENCE,4
3208,MAXIMILLION,4
3208,MAYAN,4
3208,MEHRAN,4
3208,MEILYR,4
3208,MEKAI,4
3208,MERAN,4
3208,METEHAN,4
3208,MICAIAH,4
3208,MICKEL,4
3208,MIKA'IL,4
3208,MIKHAEL,4
3208,MIN,4
3208,MINHAJ,4
3208,MIRACLE,4
3208,MITESH,4
3208,MOHEED,4
3208,MOHID,4
3208,MOMODOU,4
3208,MORGEN,4
3208,MOUSSA,4
3208,MUAAD,4
3208,MUAADH,4
3208,MUADH,4
3208,MUAWIYAH,4
3208,MUBARIK,4
3208,MUBASHSHIR,4
3208,MUBEEN,4
3208,MUDIWA,4
3208,MUEEZ,4
3208,MUHANNAD,4
3208,MUHIB,4
3208,MUIZ,4
3208,MUKUND,4
3208,MUSAAB,4
3208,MUSTAFAA,4
3208,NAFEES,4
3208,NAFTOLI,4
3208,NAIM,4
3208,NATHEN,4
3208,NAUMAN,4
3208,NAVID,4
3208,NAVIN,4
3208,NAYEN,4
3208,NEVIN,4
3208,NIAZ,4
3208,NICOLA,4
3208,NIKKI,4
3208,NIKOS,4
3208,NILESH,4
3208,NIMA,4
3208,NOAH-JAMES,4
3208,NORBERT,4
3208,NUH,4
3208,OBAID,4
3208,OBED,4
3208,OBINNA,4
3208,OKAN,4
3208,OLANREWAJU,4
3208,OLATOKUNBO,4
3208,OLIWER,4
3208,OLIWIER,4
3208,OLLI,4
3208,OLUKAYODE,4
3208,OLUWADUROTIMI,4
3208,OLUWANIFEMI,4
3208,OLUWASEGUN,4
3208,OLUWASEYITAN,4
3208,OLUWATONI,4
3208,OPEMIPO,4
3208,ORRIN,4
3208,OSHANE,4
3208,OTHNIEL,4
3208,OUMAR,4
3208,OZ,4
3208,PANAGIOTIS,4
3208,PARAM,4
3208,PARAMVIR,4
3208,PAWAN,4
3208,PERCIVAL,4
3208,PHIL,4
3208,POLAT,4
3208,PREET,4
3208,QAMAR,4
3208,QAZI,4
3208,QUADE,4
3208,QUIN,4
3208,QUINTEN,4
3208,RAEGAN,4
3208,RAFAL,4
3208,RAFAY,4
3208,RAHEES,4
3208,RAINE,4
3208,RAKAN,4
3208,RAMAN,4
3208,RAMARNI,4
3208,RAMIN,4
3208,RANA,4
3208,RANVIR,4
3208,RASHAD,4
3208,RAVINDER,4
3208,REMEL,4
3208,RENATO,4
3208,RENELL,4
3208,REUBAN,4
3208,REUBYN,4
3208,RHEMA,4
3208,RHETT,4
3208,RHYDER,4
3208,RHYLEE,4
3208,RHYLIE,4
3208,RIAAN,4
3208,RIDHWAAN,4
3208,RIDLEY,4
3208,RIECE,4
3208,RIELY,4
3208,RIISE,4
3208,RIMON,4
3208,RIPLEY,4
3208,RIZWAAN,4
3208,ROBIUL,4
3208,ROHAIL,4
3208,ROMANO,4
3208,RONALDAS,4
3208,ROONEY,4
3208,ROREY,4
3208,ROYSTON,4
3208,RUBENS,4
3208,RUHAN,4
3208,RUNE,4
3208,RYANDEEP,4
3208,RYDEN,4
3208,RYHAN,4
3208,RYO,4
3208,SAAHIR,4
3208,SAAJID,4
3208,SAAMI,4
3208,SABEEH,4
3208,SABEEL,4
3208,SAFYAN,4
3208,SAIHAAN,4
3208,SAIHAJ,4
3208,SAIHOU,4
3208,SALAHUDEEN,4
3208,SALEEM,4
3208,SAMARTH,4
3208,SAMIN,4
3208,SAMMI,4
3208,SAMMIE,4
3208,SANTHOSH,4
3208,SARFARAZ,4
3208,SAWYER,4
3208,SE,4
3208,SHABBIR,4
3208,SHADI,4
3208,SHAMIL,4
3208,SHAN,4
3208,SHAQUAN,4
3208,SHARMAKE,4
3208,SHAURYA,4
3208,SHAW,4
3208,SHAWAIZ,4
3208,SHAYDON,4
3208,SHAYLEN,4
3208,SHAZEB,4
3208,SHEM,4
3208,SHERIFF,4
3208,SHIHAB,4
3208,SHILOH,4
3208,SHIVAN,4
3208,SHIVANSH,4
3208,SHOMARI,4
3208,SHWAN,4
3208,SIDHARTH,4
3208,SILVIO,4
3208,SINAN,4
3208,SKYE,4
3208,SONER,4
3208,SONNEY,4
3208,STRUAN,4
3208,SUHAYL,4
3208,SUHEYB,4
3208,SUKHDEEP,4
3208,SULLY,4
3208,SUMIT,4
3208,SUNI,4
3208,SVEN,4
3208,SYRUS,4
3208,TAAHA,4
3208,TADAS,4
3208,TAFADZWA,4
3208,TALLON,4
3208,TAMIM,4
3208,TANBEER,4
3208,TANZIL,4
3208,TARANJIT,4
3208,TARANVEER,4
3208,TARANVIR,4
3208,TAREQ,4
3208,TARON,4
3208,TASEEN,4
3208,TAUSEEF,4
3208,TAWANDA,4
3208,TEAGAN,4
3208,TENDAI,4
3208,THATO,4
3208,THEODOROS,4
3208,THIERNO,4
3208,TIERAN,4
3208,TOLULOPE,4
3208,TOMMY-JAY,4
3208,TREMAINE,4
3208,TREMAYNE,4
3208,TRENTON,4
3208,TUDOR,4
3208,TYNE,4
3208,TYRECE,4
3208,TYREEK,4
3208,TYREES,4
3208,TYREN,4
3208,TYRHYS,4
3208,TYRUS,4
3208,UCHECHUKWU,4
3208,USAMAH,4
3208,USHER,4
3208,UTHMAAN,4
3208,VICTORY,4
3208,VIR,4
3208,VIRAJ,4
3208,VISHVA,4
3208,VITOR,4
3208,WAHAB,4
3208,WARSAME,4
3208,WESTLEY,4
3208,XING,4
3208,YAKOV,4
3208,YAMEEN,4
3208,YASAR,4
3208,YASEER,4
3208,YASIIN,4
3208,YAZAN,4
3208,YEHOSHUA,4
3208,YEHUDAH,4
3208,YOHAN,4
3208,YONATAN,4
3208,YOSHUA,4
3208,YUSSUF,4
3208,ZACKARIYA,4
3208,ZAFAR,4
3208,ZAINUL,4
3208,ZAKARI,4
3208,ZAKARIAS,4
3208,ZAKRIA,4
3208,ZAKRIYA,4
3208,ZAVIER,4
3208,ZED,4
3208,ZEIN,4
3208,ZESHAAN,4
3208,ZIAD,4
3208,ZIAN,4
3208,ZIDAAN,4
3208,ZIYAAD,4
3208,ZURIEL,4
3208,ZVI,4
3849,A-JAY,3
3849,AAMER,3
3849,AAQIL,3
3849,AARIAN,3
3849,AARIF,3
3849,AARIN,3
3849,AAROON,3
3849,AARUSH,3
3849,AASHIR,3
3849,AATIF,3
3849,AAYAAN,3
3849,ABBAAS,3
3849,ABDIAZIZ,3
3849,ABDIKARIN,3
3849,ABDIKHALIQ,3
3849,ABDILAHI,3
3849,ABDILLAHI,3
3849,ABDIMALIK,3
3849,ABDINASIR,3
3849,ABDIRIZAK,3
3849,ABDUL-LATEEF,3
3849,ABDUL-MALIK,3
3849,ABDUL-RAHEEM,3
3849,ABDUL-WAHAAB,3
3849,ABDULA,3
3849,ABDULHADI,3
3849,ABDULKADIR,3
3849,ABDULKAREEM,3
3849,ABDULLAAH,3
3849,ABDULMAJID,3
3849,ABDULQADIR,3
3849,ABDULSALAM,3
3849,ABDUR-RAHIM,3
3849,ABHI,3
3849,ABINESH,3
3849,ABIR,3
3849,ABRAM,3
3849,ABU-BAKAR,3
3849,ABUKAR,3
3849,ADA,3
3849,ADEBAYO,3
3849,ADEBOLA,3
3849,ADEKUNLE,3
3849,ADEMOLA,3
3849,ADEWALE,3
3849,ADIN,3
3849,ADIT,3
3849,ADONAY,3
3849,ADONIS,3
3849,AFAAN,3
3849,AHAN,3
3849,AHREN,3
3849,AHRON,3
3849,AIMAR,3
3849,AKAASH,3
3849,AKIB,3
3849,ALAIN,3
3849,ALARIC,3
3849,ALEXANDAR,3
3849,ALEXY,3
3849,ALFY,3
3849,ALHAJI,3
3849,ALICAN,3
3849,ALICK,3
3849,ALISDAIR,3
3849,ALIYAAN,3
3849,ALIYAN,3
3849,ALMAS,3
3849,ALONZO,3
3849,ALPER,3
3849,ALTIN,3
3849,ALVEY,3
3849,ALVI,3
3849,ALY,3
3849,AMAANI,3
3849,AMAD,3
3849,AMADEUS,3
3849,AMADU,3
3849,AMAL,3
3849,AMANJIT,3
3849,AMID,3
3849,AMIEL,3
3849,AMIIN,3
3849,AMINUL,3
3849,AMON,3
3849,AMRAN,3
3849,ANASS,3
3849,ANDRIUS,3
3849,ANDRIY,3
3849,ANGELOS,3
3849,ANGELUS,3
3849,ANIRUDH,3
3849,ANKIT,3
3849,ANTONIN,3
3849,ANTONINO,3
3849,AQEEB,3
3849,ARAFATH,3
3849,ARANN,3
3849,ARBAZ,3
3849,ARBEN,3
3849,ARCHIT,3
3849,ARDI,3
3849,ARDIL,3
3849,ARFON,3
3849,ARJUNVEER,3
3849,ARLIE,3
3849,ARMEND,3
3849,ARNE,3
3849,ARNO,3
3849,ARO,3
3849,ARPAN,3
3849,ARPIT,3
3849,ARRUN,3
3849,ARSHAD,3
3849,ARSHAN,3
3849,ARSHDEEP,3
3849,ARSHIA,3
3849,ARSLAAN,3
3849,ARTURO,3
3849,ARUSH,3
3849,ARYO,3
3849,ASAF,3
3849,ASAM,3
3849,ASHAZ,3
3849,ASHIK,3
3849,ASHWYN,3
3849,ASIL,3
3849,ASVIN,3
3849,ATAKAN,3
3849,ATHARV,3
3849,AUDEN,3
3849,AUGUST,3
3849,AVAIS,3
3849,AWEN,3
3849,AYDON,3
3849,AYOBAMI,3
3849,AYOTUNDE,3
3849,AZAD,3
3849,AZARIAH,3
3849,AZHAR,3
3849,AZLAAN,3
3849,BABATUNDE,3
3849,BADEN,3
3849,BAILEIGH,3
3849,BAILEY-JAY,3
3849,BAPTISTE,3
3849,BARRIE,3
3849,BASHAR,3
3849,BASHEER,3
3849,BASIM,3
3849,BAWAN,3
3849,BAZIL,3
3849,BEAUMONT,3
3849,BEDWYR,3
3849,BENAS,3
3849,BENCE,3
3849,BENET,3
3849,BENIAMIN,3
3849,BENJAMEN,3
3849,BENJIMAN,3
3849,BENJIMIN,3
3849,BENJY,3
3849,BEREN,3
3849,BERKE,3
3849,BHAVIN,3
3849,BILLY-DEAN,3
3849,BILLY-LEE,3
3849,BINYOMIN,3
3849,BLAIR,3
3849,BLAYDE,3
3849,BLAYNE,3
3849,BLESS,3
3849,BLESSINGS,3
3849,BODE,3
3849,BON,3
3849,BONIFACE,3
3849,BORUCH,3
3849,BOTOND,3
3849,BOWIE,3
3849,BRAEDYN,3
3849,BRANDON-JAMES,3
3849,BRANDONLEE,3
3849,BRAYDN,3
3849,BRECON,3
3849,BRINLEY,3
3849,BRODAN,3
3849,BROGHAN,3
3849,BRYNMOR,3
3849,BRYSON,3
3849,BURT,3
3849,CAELUM,3
3849,CAERWYN,3
3849,CAIAN,3
3849,CAILUM,3
3849,CALAM,3
3849,CAMEREN,3
3849,CAMILO,3
3849,CARMELO,3
3849,CARMINE,3
3849,CARNELL,3
3849,CATHAN,3
3849,CAULEY,3
3849,CAVALLI,3
3849,CAVELL,3
3849,CAVEN,3
3849,CAYAN,3
3849,CAYLEN,3
3849,CAYLON,3
3849,CEIAN,3
3849,CESAR,3
3849,CHAI,3
3849,CHAISE,3
3849,CHARAN,3
3849,CHARLI,3
3849,CHARLIE-GEORGE,3
3849,CHARLIE-JAY,3
3849,CHARLIE-JOE,3
3849,CHENG,3
3849,CHEZNEY,3
3849,CHIDI,3
3849,CHIDIEBERE,3
3849,CHIEDOZIE,3
3849,CHIGOZIE,3
3849,CHINUA,3
3849,CHIRAG,3
3849,CHOUDHARY,3
3849,CHOUDHRY,3
3849,CHRISTIE,3
3849,CHRISTOPHE,3
3849,CHUKWUEBUKA,3
3849,CIRAN,3
3849,CIVAN,3
3849,CONAH,3
3849,CONLEY,3
3849,CONNAR,3
3849,CONNEL,3
3849,CORTEZ,3
3849,CORUM,3
3849,COSIMO,3
3849,COWAN,3
3849,CYPRIAN,3
3849,D'ANDRE,3
3849,D'ANGELO,3
3849,D'SHAUN,3
3849,DAITON,3
3849,DAIYAN,3
3849,DALI,3
3849,DANIELIUS,3
3849,DANIIL,3
3849,DAOUD,3
3849,DARCEY,3
3849,DAREN,3
3849,DARIN,3
3849,DARON,3
3849,DARRAN,3
3849,DARRION,3
3849,DARRON,3
3849,DARRYN,3
3849,DARSH,3
3849,DASHIEL,3
3849,DASTAN,3
3849,DAVIES,3
3849,DAWIT,3
3849,DAWOUD,3
3849,DEANO,3
3849,DECLEN,3
3849,DEDAN,3
3849,DEEGAN,3
3849,DEELAN,3
3849,DEEP,3
3849,DEEPAK,3
3849,DEION,3
3849,DEJEAN,3
3849,DELANO,3
3849,DEMARI,3
3849,DENAS,3
3849,DENIM,3
3849,DEONDRE,3
3849,DEQUAN,3
3849,DEREN,3
3849,DERICK,3
3849,DERRAN,3
3849,DERRELL,3
3849,DEVANSH,3
3849,DEVONTAI,3
3849,DHANUSH,3
3849,DIAZ,3
3849,DIGGORY,3
3849,DILON,3
3849,DILPREET,3
3849,DINESH,3
3849,DIONISIO,3
3849,DIONTAE,3
3849,DIOR,3
3849,DIPESH,3
3849,DJIBRIL,3
3849,DRAVID,3
3849,DREY,3
3849,DRILON,3
3849,DRIN,3
3849,DUARTE,3
3849,DYLAN-JAMES,3
3849,EBAN,3
3849,EDAS,3
3849,EDDISON,3
3849,EDEM,3
3849,EDGARAS,3
3849,EFAZ,3
3849,EHTESHAM,3
3849,EIMANTAS,3
3849,EISSA,3
3849,EJAZ,3
3849,ELDEN,3
3849,ELDON,3
3849,ELDRIDGE,3
3849,ELION,3
3849,ELJON,3
3849,ELKAN,3
3849,ELROY,3
3849,ELTON,3
3849,ELVY,3
3849,ELWYN,3
3849,EMAAD,3
3849,EMAD,3
3849,EMRAH,3
3849,ERAN,3
3849,ERGI,3
3849,ERHAN,3
3849,ERICK,3
3849,ERIS,3
3849,ERMIR,3
3849,EROL,3
3849,EROS,3
3849,ERRON,3
3849,ERWAN,3
3849,ERYK,3
3849,ESAM,3
3849,ESDRAS,3
3849,ESPEN,3
3849,ETHAN-LEE,3
3849,EVERTON,3
3849,EVREN,3
3849,EYAD,3
3849,FAAKHIR,3
3849,FAHMI,3
3849,FAITH,3
3849,FAIZAL,3
3849,FANE,3
3849,FARAH,3
3849,FARHAAD,3
3849,FARMAN,3
3849,FAROUQ,3
3849,FAWAAZ,3
3849,FAYZAAN,3
3849,FEARGHUS,3
3849,FERDIE,3
3849,FERHAT,3
3849,FEZAAN,3
3849,FEZAN,3
3849,FIACHRA,3
3849,FIAZ,3
3849,FINNEN,3
3849,FINNTAN,3
3849,FLINT,3
3849,FOREST,3
3849,FOUAD,3
3849,FRAISER,3
3849,FRASIER,3
3849,GABRIELIUS,3
3849,GARRETH,3
3849,GAUTAM,3
3849,GAVINDEEP,3
3849,GED,3
3849,GEDEON,3
3849,GEM,3
3849,GEO,3
3849,GEORGIO,3
3849,GEORGIY,3
3849,GEORGY,3
3849,GEROME,3
3849,GHAZI,3
3849,GIANCARLO,3
3849,GILAD,3
3849,GLYNN,3
3849,GRIFFITH,3
3849,GRIFFYDD,3
3849,GURJEET,3
3849,GURKAN,3
3849,GURMAN,3
3849,GURNOOR,3
3849,GURSHARAN,3
3849,GURTARAN,3
3849,GURTEJ,3
3849,GUSTAS,3
3849,GUSTAV,3
3849,GYAN,3
3849,HAAD,3
3849,HAAZIQ,3
3849,HACI,3
3849,HAFEEZ,3
3849,HALEN,3
3849,HALIL,3
3849,HAMEEM,3
3849,HANSEL,3
3849,HARDY,3
3849,HARISS,3
3849,HARIZ,3
3849,HARJEEVAN,3
3849,HARJOT,3
3849,HARKRISHAN,3
3849,HARLEY-JAMES,3
3849,HARLEY-JAY,3
3849,HARNAM,3
3849,HARRIE,3
3849,HARRISH,3
3849,HARU,3
3849,HARVEY-JAY,3
3849,HARVI,3
3849,HASAAN,3
3849,HASIN,3
3849,HAYAN,3
3849,HAYDAN,3
3849,HAYDEN-LEE,3
3849,HAYYAAN,3
3849,HEFIN,3
3849,HENOC,3
3849,HIEU,3
3849,HIMANSHU,3
3849,HIMAT,3
3849,HISSAN,3
3849,HITEN,3
3849,HOWIE,3
3849,HRITIK,3
3849,HUNAIN,3
3849,HUSSIEN,3
3849,HYDER,3
3849,HYUN,3
3849,IBRAR,3
3849,IBUKUNOLUWA,3
3849,IDDO,3
3849,IDIRIS,3
3849,IGGY,3
3849,IHTESHAM,3
3849,IJAZ,3
3849,ILHAN,3
3849,ILLAN,3
3849,IMAM,3
3849,IMRAAN,3
3849,INDERDEEP,3
3849,INDERJIT,3
3849,INDIGO,3
3849,INDRA,3
3849,INESH,3
3849,IOANNIS,3
3849,IQBAAL,3
3849,IQBAL,3
3849,IRTIZA,3
3849,IS'HAQ,3
3849,ISAC,3
3849,ISHE,3
3849,ISHTIAQ,3
3849,ISMAAEEL,3
3849,ISMAAEL,3
3849,ISMET,3
3849,ITAI,3
3849,IZACK,3
3849,JABBAR,3
3849,JABEZ,3
3849,JABREEL,3
3849,JACOBUS,3
3849,JAGAN,3
3849,JAGDEV,3
3849,JAGRAJ,3
3849,JAGTAR,3
3849,JAGVEER,3
3849,JAHMAI,3
3849,JAHMAR,3
3849,JAHNAI,3
3849,JALIL,3
3849,JAMAHL,3
3849,JAMAI,3
3849,JAMMAL,3
3849,JAPHETH,3
3849,JAROSLAV,3
3849,JASIAH,3
3849,JASKEERAT,3
3849,JASKIRAT,3
3849,JASKIRIT,3
3849,JASPAR,3
3849,JASPREET,3
3849,JASVEER,3
3849,JASVINDER,3
3849,JAVARN,3
3849,JAYDEE,3
3849,JAYESH,3
3849,JAYVEN,3
3849,JEAN-,3
3849,JELANI,3
3849,JEMUEL,3
3849,JERON,3
3849,JERREL,3
3849,JERRELL,3
3849,JERZY,3
3849,JESIAH,3
3849,JESUS,3
3849,JESWIN,3
3849,JEYLAN,3
3849,JINESH,3
3849,JOBAN,3
3849,JOBEY,3
3849,JOESEPH,3
3849,JOHN-HENRY,3
3849,JOHN-JOE,3
3849,JONEL,3
3849,JONTE,3
3849,JOSHIM,3
3849,JOVIAN,3
3849,JOZIAH,3
3849,JOZSEF,3
3849,JUBAIR,3
3849,JUDGE,3
3849,JUEL,3
3849,JUJHAR,3
3849,JUPITER,3
3849,JURGEN,3
3849,K-CI,3
3849,KAAMIL,3
3849,KACI,3
3849,KACY,3
3849,KADAN,3
3849,KAEDYN,3
3849,KAEMON,3
3849,KAGAN,3
3849,KAGE,3
3849,KAIDON,3
3849,KAII,3
3849,KAILASH,3
3849,KAILIB,3
3849,KAILLUM,3
3849,KAIREN,3
3849,KAIZEN,3
3849,KAJ,3
3849,KAL,3
3849,KALAM,3
3849,KALANI,3
3849,KALEL,3
3849,KALID,3
3849,KALLEN,3
3849,KALO,3
3849,KAMAR,3
3849,KAMEL,3
3849,KAMREN,3
3849,KAMRUN,3
3849,KANAV,3
3849,KANI,3
3849,KARANVIR,3
3849,KARMANI,3
3849,KAVEN,3
3849,KAVYA,3
3849,KAY,3
3849,KAYCEE,3
3849,KAYLE,3
3849,KAYLON,3
3849,KAYON,3
3849,KAYSAN,3
3849,KAYSON,3
3849,KEARAN,3
3849,KEATEN,3
3849,KEEYAN,3
3849,KEIL,3
3849,KEINAN,3
3849,KEITON,3
3849,KELYAN,3
3849,KENDAL,3
3849,KENDRICK,3
3849,KENRICK,3
3849,KENT,3
3849,KENYON,3
3849,KESHAN,3
3849,KESTON,3
3849,KETAN,3
3849,KEVAL,3
3849,KHALAM,3
3849,KHALIFA,3
3849,KHAMARNI,3
3849,KHAYAM,3
3849,KHIAN,3
3849,KHIZR,3
3849,KHUBAIB,3
3849,KHURAM,3
3849,KHYREN,3
3849,KIAM,3
3849,KIMI,3
3849,KINGSTON,3
3849,KIP,3
3849,KIRBY,3
3849,KIREN,3
3849,KIRILL,3
3849,KIRIN,3
3849,KIRUBEL,3
3849,KLEVIS,3
3849,KODA,3
3849,KOLAWOLE,3
3849,KOLBY,3
3849,KONNER,3
3849,KOVAN,3
3849,KRISTUPAS,3
3849,KRZYSZTOF,3
3849,KUN,3
3849,KWESI,3
3849,KYSON,3
3849,LAIGAN,3
3849,LAKSHYA,3
3849,LANE,3
3849,LARSON,3
3849,LASZLO,3
3849,LATHAN,3
3849,LAZARUS,3
3849,LEBRON,3
3849,LEMMY,3
3849,LENARD,3
3849,LEOPOLD,3
3849,LERONE,3
3849,LESEDI,3
3849,LESLEY,3
3849,LEVY,3
3849,LEWES,3
3849,LEWIS-LEE,3
3849,LEWY,3
3849,LEXI,3
3849,LIANG,3
3849,LIBAAN,3
3849,LIEM,3
3849,LIOR,3
3849,LIS,3
3849,LOGEN,3
3849,LOGUN,3
3849,LORIK,3
3849,LUEY,3
3849,MA'AZ,3
3849,MAALIK,3
3849,MAANAS,3
3849,MACAULLY,3
3849,MACENZIE,3
3849,MAHAMUD,3
3849,MAHEER,3
3849,MAHFUZ,3
3849,MAHI,3
3849,MAHIDUL,3
3849,MAHIRUL,3
3849,MAJOR,3
3849,MAK,3
3849,MAKAAY,3
3849,MAKENZY,3
3849,MAKSYM,3
3849,MALACKI,3
3849,MALEK,3
3849,MALIN,3
3849,MAMADOU,3
3849,MANASSEH,3
3849,MANMEET,3
3849,MANPREET,3
3849,MARLEE,3
3849,MARQUISE,3
3849,MARTELL,3
3849,MARTI,3
3849,MARUF,3
3849,MASE,3
3849,MASOOD,3
3849,MATEI,3
3849,MATH,3
3849,MATHIS,3
3849,MATHUSAN,3
3849,MATHYS,3
3849,MATISSE,3
3849,MATTI,3
3849,MATTIE,3
3849,MAVRICK,3
3849,MAXAMILLIAN,3
3849,MAXIMILIANO,3
3849,MAYOWA,3
3849,MAZHAR,3
3849,MC,3
3849,MCKENNA,3
3849,MECHEL,3
3849,MEKAIL,3
3849,MEKHAI,3
3849,MELIH,3
3849,MELVYN,3
3849,MENDEL,3
3849,MERLYN,3
3849,METE,3
3849,MIKIE,3
3849,MILLAR,3
3849,MILOS,3
3849,MIRO,3
3849,MISHAEL,3
3849,MITCH,3
3849,MITCHALL,3
3849,MKENZIE,3
3849,MOBASHER,3
3849,MOHAMED-AMIN,3
3849,MOHAMEDAMIN,3
3849,MOHANED,3
3849,MOHOMMED,3
3849,MOHSAN,3
3849,MOIZ,3
3849,MOLIK,3
3849,MONTANA,3
3849,MORAD,3
3849,MORRISON,3
3849,MOUHAMED,3
3849,MOUSTAPHA,3
3849,MU'AAZ,3
3849,MUBAREK,3
3849,MUHAMMET,3
3849,MUHUMMED,3
3849,MUNDHIR,3
3849,MUNIR,3
3849,MUNTASIR,3
3849,MURTADHA,3
3849,MUS'AB,3
3849,MUSADDIQ,3
3849,MUSCAB,3
3849,MUSE,3
3849,MUSTAF,3
3849,MUSTAFE,3
3849,MUZAMIL,3
3849,MYKIE,3
3849,NABHAN,3
3849,NAFTULI,3
3849,NAHIAN,3
3849,NAHOM,3
3849,NAHOME,3
3849,NAIMUR,3
3849,NAJIIB,3
3849,NAKUL,3
3849,NAM,3
3849,NAPHTALI,3
3849,NASH,3
3849,NATHANEL,3
3849,NATHON,3
3849,NAVDEEP,3
3849,NAVJOT,3
3849,NAVRAJ,3
3849,NAWEED,3
3849,NAYEEMUL,3
3849,NAYSHARN,3
3849,NAZEEM,3
3849,NAZMUL,3
3849,NERO,3
3849,NETANEL,3
3849,NEVILLE,3
3849,NICOLAI,3
3849,NIKOLAUS,3
3849,NIKOLOZ,3
3849,NIMROD,3
3849,NINO,3
3849,NIRAJ,3
3849,NITHIN,3
3849,NOAM,3
3849,NOOH,3
3849,NUMAN,3
3849,NURADIN,3
3849,NUREIN,3
3849,NUUH,3
3849,O'SHAY,3
3849,OGUZHAN,3
3849,OJAS,3
3849,OJAY,3
3849,OKTAY,3
3849,OLABODE,3
3849,OLADAPO,3
3849,OLADIPUPO,3
3849,OLTION,3
3849,OLUTOBI,3
3849,OLUWAFEMI,3
3849,OLUWAFERANMI,3
3849,OLUWAFOLAJIMI,3
3849,OLUWAGBEMIGA,3
3849,OLUWAPELUMI,3
3849,OLUWASHINAYOMI,3
3849,OLUWATIMILEYIN,3
3849,OLUWATOMIWA,3
3849,OMARIAN,3
3849,OMKAR,3
3849,OREOLUWA,3
3849,OSAYANDE,3
3849,OSEI,3
3849,OSHER,3
3849,OSHIAN,3
3849,OZAIR,3
3849,OZGUR,3
3849,OZKAN,3
3849,OZZIE,3
3849,PA,3
3849,PAISLEY,3
3849,PAPE,3
3849,PARIN,3
3849,PARKER,3
3849,PARMEET,3
3849,PARYS,3
3849,PATRICIO,3
3849,PAVLOS,3
3849,PAWANDEEP,3
3849,PEACE,3
3849,PEREZ,3
3849,PETR,3
3849,PHARREL,3
3849,PHI,3
3849,PIETER,3
3849,PIRAVEEN,3
3849,PRABHDEEP,3
3849,QASSIM,3
3849,QAYS,3
3849,QUAID,3
3849,QUDUS,3
3849,QUINTON,3
3849,QUOC,3
3849,RAB,3
3849,RAED,3
3849,RAEESE,3
3849,RAFFAELE,3
3849,RAFIK,3
3849,RAHAN,3
3849,RAHAT,3
3849,RAHSAAN,3
3849,RAI,3
3849,RAID,3
3849,RAIFE,3
3849,RAITH,3
3849,RAJAB,3
3849,RAKIM,3
3849,RAKIN,3
3849,RAMEL,3
3849,RAMON,3
3849,RAMTIN,3
3849,RAMZI,3
3849,RANDY,3
3849,RANJIT,3
3849,RASHAAN,3
3849,RASHARN,3
3849,RAUNAK,3
3849,RAVEEN,3
3849,RAVIN,3
3849,RAWA,3
3849,RAWDON,3
3849,RAYNE,3
3849,RE,3
3849,REAGEN,3
3849,RECO,3
3849,REILEY,3
3849,REJWAN,3
3849,RENELLE,3
3849,RENO,3
3849,REY,3
3849,REYES,3
3849,REYHAN,3
3849,REZWAN,3
3849,RHIAN,3
3849,RHYLAN,3
3849,RHYON,3
3849,RIDA,3
3849,RIDDICK,3
3849,RIKESH,3
3849,RIKKI,3
3849,RISHIKESH,3
3849,RITHIK,3
3849,RIVALDO,3
3849,RIYAAD,3
3849,ROALD,3
3849,ROB,3
3849,ROBAT,3
3849,ROBBIE-LEE,3
3849,ROBBY,3
3849,RODIN,3
3849,ROJ,3
3849,ROJAN,3
3849,ROMAHN,3
3849,ROMAINE,3
3849,ROMELL,3
3849,RONIT,3
3849,RONNI,3
3849,RONNIE-LEE,3
3849,ROSCOE,3
3849,ROSH,3
3849,ROWEN,3
3849,RUADHAN,3
3849,RUAIDHRI,3
3849,RUSLAN,3
3849,RYLAND,3
3849,RYU,3
3849,SAAIM,3
3849,SAALIH,3
3849,SABBIR,3
3849,SAED,3
3849,SAFI,3
3849,SAHAL,3
3849,SAHID,3
3849,SAHILL,3
3849,SAHIN,3
3849,SAJED,3
3849,SAJJAD,3
3849,SALAHUDIN,3
3849,SAMEH,3
3849,SAMI-UL,3
3849,SAMIE,3
3849,SAMIUR,3
3849,SAMRAN,3
3849,SAMUELE,3
3849,SANCHEZ,3
3849,SANDY,3
3849,SANIL,3
3849,SANJEEVAN,3
3849,SAQLAIN,3
3849,SARMAD,3
3849,SARTHAK,3
3849,SARWAR,3
3849,SATWINDER,3
3849,SAVVAS,3
3849,SAYF,3
3849,SAYYID,3
3849,SEANN,3
3849,SEANPAUL,3
3849,SELWYN,3
3849,SENA,3
3849,SENAN,3
3849,SENYO,3
3849,SEREN,3
3849,SERGE,3
3849,SERHAT,3
3849,SEVAN,3
3849,SHAAHID,3
3849,SHAAKIR,3
3849,SHABAAZ,3
3849,SHADRACH,3
3849,SHAFI,3
3849,SHAHAB,3
3849,SHAHAN,3
3849,SHAHARYAR,3
3849,SHAHED,3
3849,SHAHEED,3
3849,SHAHEIM,3
3849,SHAHRIYAR,3
3849,SHAHZAD,3
3849,SHAKIB,3
3849,SHAKIEL,3
3849,SHAMS,3
3849,SHAYYAN,3
3849,SHEMAR,3
3849,SHEN,3
3849,SHER,3
3849,SHEY,3
3849,SHI,3
3849,SHIRAZ,3
3849,SHNEUR,3
3849,SHON,3
3849,SHUHAN,3
3849,SHYAN,3
3849,SHYNE,3
3849,SIAKA,3
3849,SIAM,3
3849,SIDARTH,3
3849,SIDDHARTHA,3
3849,SIMAO,3
3849,SIMAR,3
3849,SIMBA,3
3849,SIMRAN,3
3849,SIRAAJ,3
3849,SIRIUS,3
3849,SIYAAM,3
3849,SIYAR,3
3849,SOHAM,3
3849,SOMTOCHUKWU,3
3849,SON,3
3849,SOROUSH,3
3849,SRIRAM,3
3849,STAFFORD,3
3849,STANISLAV,3
3849,STEED,3
3849,STEFANOS,3
3849,STEVIE-LEE,3
3849,STONE,3
3849,SUJAN,3
3849,SUJAY,3
3849,SUJITH,3
3849,SUKHJEEVAN,3
3849,SUKHJOT,3
3849,SUKHMAN,3
3849,SUKHVEER,3
3849,TADEUSZ,3
3849,TAIGA,3
3849,TAIMOOR,3
3849,TAIMUR,3
3849,TAIWO,3
3849,TAIYAB,3
3849,TAJAY,3
3849,TALIS,3
3849,TALON,3
3849,TALVIN,3
3849,TAMIR,3
3849,TANE,3
3849,TANER,3
3849,TANMAY,3
3849,TAONA,3
3849,TAPIWANASHE,3
3849,TARIAN,3
3849,TARN,3
3849,TARRAN,3
3849,TARRON,3
3849,TASHAN,3
3849,TAWONGA,3
3849,TAWQIR,3
3849,TAYLEN,3
3849,TAYLON,3
3849,TAYO,3
3849,TAYUB,3
3849,TEGH,3
3849,TEJVIR,3
3849,TEMITAYO,3
3849,TENNYSON,3
3849,TEOMAN,3
3849,TEVIN,3
3849,THARAN,3
3849,THEMBA,3
3849,THEON,3
3849,THOMAS-JAMES,3
3849,THOMSON,3
3849,TIAAN,3
3849,TIGHE,3
3849,TIJAN,3
3849,TILAK,3
3849,TIMOTHEE,3
3849,TIRAN,3
3849,TITOBIOLUWA,3
3849,TOBIASZ,3
3849,TOBY-JAMES,3
3849,TOMIWA,3
3849,TOMMY-JOE,3
3849,TORRAN,3
3849,TOURE,3
3849,TREVON,3
3849,TRISTIN,3
3849,TRU,3
3849,TRUONG,3
3849,TRYFAN,3
3849,TYLAH,3
3849,TYLER-JOHN,3
3849,TYLER-LEE,3
3849,TYMOTEUSZ,3
3849,TYNAN,3
3849,TYR,3
3849,TYRIECE,3
3849,TYRRELL,3
3849,TZVI,3
3849,UBAIDULLAH,3
3849,UBHAY,3
3849,UCHENNA,3
3849,UDIT,3
3849,UGO,3
3849,UGUR,3
3849,ULAS,3
3849,ULRICH,3
3849,UQBAH,3
3849,URI,3
3849,URWAH,3
3849,USAMA,3
3849,UZOMA,3
3849,VASILIS,3
3849,VENKATA,3
3849,VIALLI,3
3849,VICENTE,3
3849,VIGGO,3
3849,VIKASH,3
3849,VINEET,3
3849,VINESH,3
3849,VINNEY,3
3849,VINNI,3
3849,VIRAAJ,3
3849,VIREN,3
3849,VISHAAL,3
3849,VISHAY,3
3849,VITHUSAN,3
3849,WAHHAJ,3
3849,WAHID,3
3849,WAIL,3
3849,WAJAHAT,3
3849,WALKER,3
3849,WAN,3
3849,WAYDE,3
3849,WESTON,3
3849,WILFRID,3
3849,WILKIE,3
3849,WILLIE,3
3849,WILLOUGHBY,3
3849,WILLOW,3
3849,WILLS,3
3849,WISAM,3
3849,WISDOM,3
3849,WOLF,3
3849,WU,3
3849,XAN,3
3849,XIAN,3
3849,XIANG,3
3849,YAAKOV,3
3849,YACINE,3
3849,YACOB,3
3849,YACQUB,3
3849,YAEL,3
3849,YANIK,3
3849,YANN,3
3849,YAQEEN,3
3849,YAROSLAV,3
3849,YASHRAJ,3
3849,YASHUA,3
3849,YECHESKEL,3
3849,YESTIN,3
3849,YIANNI,3
3849,YISRAEL,3
3849,YITZCHOK,3
3849,YOOSUF,3
3849,YOSEPH,3
3849,YOSSEF,3
3849,YOTAM,3
3849,YUAN,3
3849,YUE,3
3849,YUV,3
3849,YUVAN,3
3849,ZAAHIR,3
3849,ZACHARI,3
3849,ZACKARI,3
3849,ZACKARIA,3
3849,ZAFRAN,3
3849,ZAHI,3
3849,ZAIB,3
3849,ZAIDEN,3
3849,ZAIN-UL,3
3849,ZAIN-UL-ABIDEEN,3
3849,ZAKARIYAH,3
3849,ZAKARYA,3
3849,ZAKKARY,3
3849,ZALMAN,3
3849,ZAMAAN,3
3849,ZARAR,3
3849,ZAYDEN,3
3849,ZE,3
3849,ZEUS,3
3849,ZHENG,3
3849,ZISHAAN,3
3849,ZISHAN,3
3849,ZOHAIR,3
3849,ZULQARNAIN,3
3849,ZUNAIR,3
3849,ZYAD,3
3849,ZYAN,3
