Rank,Name,Count
1,JACK,7606
2,THOMAS,6530
3,OLIVER,6438
4,JOSHUA,6038
5,HARRY,5851
6,DANIEL,5205
7,CHARLIE,5194
8,WILLIAM,5148
9,JAMES,5136
10,ALFIE,5014
11,SAMUEL,4825
12,GEORGE,3939
13,JOSEPH,3871
14,BENJAMIN,3638
15,ETHAN,3544
16,LEWIS,3468
17,MOHAMMED,3436
18,JAKE,3351
19,DYLAN,3256
20,JACOB,3155
21,LUKE,3125
22,ALEXANDER,3087
23,CALLUM,3055
24,MATTHEW,2969
25,RYAN,2817
26,ADAM,2449
27,LIAM,2401
28,TYLER,2396
29,HARVEY,2189
30,HARRISON,2123
31,MAX,2121
32,JAYDEN,2118
33,ARCHIE,1948
34,CAMERON,1919
35,HENRY,1867
36,JAMIE,1821
37,CONNOR,1817
38,MUHAMMAD,1815
39,LUCAS,1782
40,EDWARD,1780
41,OSCAR,1777
42,ISAAC,1762
43,LEO,1697
44,NATHAN,1689
45,OWEN,1677
46,FINLEY,1643
47,MICHAEL,1600
48,BEN,1585
49,AARON,1509
50,NOAH,1480
51,KYLE,1478
52,TOBY,1477
53,LOGAN,1468
54,CHARLES,1454
55,MASON,1450
56,RHYS,1426
57,RILEY,1400
58,ALEX,1355
59,FINLAY,1343
60,LOUIS,1338
61,KIERAN,1281
62,KAI,1198
63,DAVID,1188
64,FREDDIE,1175
65,REECE,1172
66,BRANDON,1167
67,KIAN,1126
68,BRADLEY,1098
69,HARLEY,1091
70,BAILEY,1079
71,MOHAMMAD,1026
72,LUCA,999
73,THEO,974
74,LEON,907
75,JOHN,905
76,SAM,869
77,HAYDEN,868
78,AIDAN,867
79,ASHTON,862
80,JOEL,858
81,EVAN,857
82,ZACHARY,854
83,ELLIS,851
84,ROBERT,831
85,JOE,822
86,CHRISTOPHER,814
87,SEBASTIAN,798
88,REUBEN,791
89,BILLY,786
90,TAYLOR,784
91,ELLIOT,776
92,GABRIEL,758
93,COREY,702
94,MORGAN,701
95,JAY,674
96,LOUIE,668
97,SEAN,664
98,DOMINIC,655
99,ANDREW,629
100,FREDERICK,627
101,ZAK,626
102,JONATHAN,588
103,SONNY,580
104,BLAKE,577
105,PATRICK,570
106,IBRAHIM,558
107,FINN,547
108,EWAN,544
109,AIDEN,540
110,JUDE,539
111,CODY,522
112,BOBBY,513
113,PETER,504
114,STANLEY,496
115,MARCUS,489
116,NICHOLAS,486
117,MUHAMMED,478
118,FELIX,472
119,MCKENZIE,463
119,TOM,463
121,CALEB,458
122,ANTHONY,454
123,ALI,441
124,RORY,439
125,CHRISTIAN,436
126,DECLAN,435
126,ELLIOTT,435
128,TRISTAN,428
129,JASON,419
129,NATHANIEL,419
131,SETH,414
132,ASHLEY,408
133,JORDAN,405
134,FRANKIE,404
135,ARTHUR,402
136,JOSH,401
137,MOHAMED,396
138,MAXWELL,394
139,MACKENZIE,393
140,ALFRED,392
141,THEODORE,390
142,DANNY,377
143,ELIJAH,374
143,ROWAN,374
145,CALUM,371
146,ZACK,363
147,COLE,362
147,MARK,362
147,TOBIAS,362
150,RONNIE,361
151,LEVI,355
152,SCOTT,351
153,LENNON,349
153,YUSUF,349
155,HAMZA,344
156,TOMMY,343
157,ZAIN,340
158,SYED,337
159,JAKUB,335
160,ROHAN,334
161,AHMED,327
162,RIO,326
163,ABDULLAH,316
164,JADEN,310
165,ZAC,306
166,SHAY,304
167,KEVIN,302
168,KAYDEN,301
169,ABDUL,298
170,FRASER,296
171,SPENCER,295
172,EMMANUEL,294
173,EUAN,292
174,PAUL,287
175,ZACH,282
176,KYRAN,281
177,VINCENT,277
178,JESSE,275
179,HUGO,274
180,MITCHELL,271
181,STEPHEN,270
182,KYE,267
183,MILES,264
184,SHAUN,263
185,LEE,262
186,JASPER,261
187,LEIGHTON,260
188,ALBERT,258
188,OLLIE,258
190,SHANE,255
191,STEVEN,252
192,RICHARD,250
193,JACKSON,249
194,RUBEN,246
195,HASSAN,244
195,JENSON,244
197,OMAR,241
198,CONOR,240
199,LAYTON,238
200,JUSTIN,236
201,AUSTIN,234
202,KANE,233
203,KACPER,232
203,PRESTON,232
205,ARYAN,231
206,WARREN,229
207,ADRIAN,227
208,MAXIMILIAN,226
209,TOMAS,221
210,AYAAN,219
211,CIARAN,215
211,MALACHI,215
213,KENZIE,214
214,CURTIS,212
215,TROY,211
216,CIAN,209
216,JAIDEN,209
216,KAIDEN,209
219,LINCOLN,208
219,MARLEY,208
221,FLYNN,199
222,DEAN,197
222,MILO,197
222,MYLES,197
225,FRANCIS,195
226,ALAN,193
226,DILLON,193
228,MUSTAFA,191
229,ROBBIE,190
230,BROOKLYN,189
230,FRANK,189
232,LUKAS,188
232,TEDDY,188
234,LELAND,182
234,MARTIN,182
236,ROMAN,181
236,WILL,181
238,JONAH,178
239,TIMOTHY,176
240,CARTER,174
240,DEXTER,174
242,BILAL,172
242,ISMAIL,172
242,NIALL,172
245,VICTOR,171
246,KADEN,170
247,CORY,169
247,XAVIER,169
249,UMAR,168
250,ROCCO,166
251,TRAVIS,165
252,SIMON,164
253,FILIP,160
254,AMAAN,159
254,KIERON,159
254,REGAN,159
257,DREW,158
258,OSKAR,157
259,BARNABY,156
259,FLETCHER,156
261,HARIS,155
261,JIMMY,155
263,SAMI,153
264,ANGUS,152
264,ERIC,152
264,LEONARDO,152
267,DEVON,151
267,FREDDY,151
269,HASAN,149
269,LUIS,149
269,ROSS,149
272,ARJUN,148
273,MAXIMUS,147
273,RUFUS,147
275,CAI,146
276,PHILIP,145
276,RAPHAEL,145
276,RAYAN,145
279,ASTON,144
280,BEAU,143
281,CADEN,142
281,JAYDON,142
281,ZAKARIYA,142
284,KRISTIAN,141
285,CAIDEN,139
286,ZACHARIAH,138
287,SIDNEY,137
287,ZANE,137
289,MICAH,135
290,REGGIE,134
291,JENSEN,132
291,REHAN,132
291,SOLOMON,132
294,KEATON,130
294,KRISH,130
296,IOAN,129
296,NICOLAS,129
298,CASEY,128
298,IEUAN,128
300,DOMINIK,127
300,ROBIN,127
302,BRENDAN,125
302,PATRYK,125
304,RAFAEL,124
305,JARED,123
305,MARSHALL,123
305,OAKLEY,123
308,AHMAD,122
308,MATEUSZ,122
308,MUSA,122
308,TOMOS,122
312,BRIAN,121
312,DAWID,121
312,RALPH,121
315,KEEGAN,120
316,JAC,119
316,LLOYD,119
316,RYLEY,119
319,DAMIEN,118
319,FERGUS,118
321,ISA,117
322,HAYDN,116
322,JAI,116
322,KEIRAN,116
325,MIKEY,115
326,CONNER,114
326,TYRESE,114
328,AMIR,113
328,CARL,113
330,ALISTAIR,111
330,DARREN,111
330,JOSIAH,111
330,LUKA,111
330,OLIVIER,111
330,OWAIN,111
336,CAYDEN,110
336,DAMIAN,110
336,DENNIS,110
336,SZYMON,110
336,TY,110
336,YAHYA,110
342,ISAIAH,109
342,JULIAN,109
342,MONTY,109
345,GETHIN,106
345,IAN,106
345,LEYTON,106
345,TED,106
349,AAYAN,105
349,ARUN,105
351,CALVIN,104
351,ELI,104
351,ELIAS,104
351,HARRI,104
351,HASHIM,104
356,ARRAN,103
356,KEANE,103
356,RAYHAN,103
356,VINNIE,103
360,LENNY,102
361,ANDRE,101
361,DANTE,101
361,FINNLEY,101
361,LAWRENCE,101
361,PHOENIX,101
366,HARRIS,100
366,RAYYAN,100
368,FARHAN,99
368,JAK,99
368,JOHNNY,99
371,CHARLEY,98
371,COBY,98
371,HAMISH,98
371,JAMAL,98
371,MARCO,98
376,BENEDICT,97
376,JAN,97
376,KHALID,97
379,BRAYDEN,96
379,JEREMY,96
381,BYRON,95
381,CRAIG,95
381,FABIAN,95
384,ADIL,94
384,ANTONY,94
386,ALEC,93
386,DOUGLAS,93
386,EESA,93
386,GUY,93
386,LAURENCE,93
386,MATHEW,93
392,EDDIE,92
392,HAMZAH,92
392,OSIAN,92
392,WESLEY,92
392,WYATT,92
397,ANAS,91
397,CAIN,91
397,EDEN,91
400,ALBIE,90
400,HUGH,90
400,IESTYN,90
400,JED,90
400,JUNIOR,90
400,TYRONE,90
406,AMAN,89
406,CLAYTON,89
406,SAIF,89
409,ABDIRAHMAN,88
409,MARCEL,88
409,XANDER,88
412,LORENZO,87
412,ROMEO,87
412,SAHIL,87
415,SUBHAN,86
416,HAIDER,85
416,IMRAN,85
416,SHAYNE,85
416,STEFAN,85
416,TONY,85
416,USMAN,85
422,ANTONIO,84
422,FRAZER,84
422,MATTEO,84
422,RONAN,84
426,AJAY,83
427,DEACON,82
427,MONTGOMERY,82
427,NED,82
427,ZAKARIA,82
431,RUPERT,81
431,SHEA,81
433,ARMAAN,80
433,AYMAN,80
433,KYRON,80
436,ARRON,79
436,BRYN,79
436,CAMRON,79
436,CHASE,79
436,JOEY,79
441,ANTON,78
441,DIEGO,78
441,IWAN,78
441,JEREMIAH,78
441,KARL,78
441,LEONARD,78
441,MACAULEY,78
441,MAXIMILLIAN,78
441,YASEEN,78
441,YASIN,78
441,ZAID,78
452,GEORGIE,77
452,IVAN,77
454,KALEB,76
454,SAUL,76
456,KAMIL,75
456,KYAN,75
458,BRODIE,74
458,BRODY,74
458,HAROON,74
458,IBRAHEEM,74
458,JAKOB,74
458,MICHAL,74
458,PRINCE,74
465,ARON,73
465,ISMAEEL,73
465,KAMRAN,73
465,MARC,73
465,NEO,73
470,AADAM,72
470,GREGORY,72
472,DANYAL,71
472,HUSSAIN,71
474,COHEN,70
474,ORLANDO,70
476,AWAIS,69
476,JONAS,69
476,SAMSON,69
476,STUART,69
476,TYRELL,69
476,ZEESHAN,69
482,BROGAN,68
482,CONRAD,68
482,FRED,68
482,ILYAS,68
482,JAYDAN,68
487,AYDEN,67
487,BARTOSZ,67
487,BRUNO,67
487,QUINN,67
487,TERRY,67
492,ASHER,66
492,CASPER,66
492,ENZO,66
492,JON,66
492,LACHLAN,66
492,MILLER,66
492,OTIS,66
492,REHAAN,66
492,WOODY,66
501,ANDREAS,65
501,JOSEF,65
501,JUNAID,65
501,MALIK,65
501,MAXIM,65
501,RUDY,65
501,WILFRED,65
508,RISHI,64
509,ARCHIBALD,63
509,COOPER,63
509,DION,63
509,JEROME,63
509,MAKSYMILIAN,63
509,MALACHY,63
509,NIKHIL,63
509,RYLEE,63
517,HECTOR,62
517,SEBASTIEN,62
519,CARLOS,61
519,EZEKIEL,61
519,KAYNE,61
519,KEELAN,61
519,NICO,61
519,OTTO,61
519,TARAN,61
526,FINDLAY,60
526,JERMAINE,60
526,MADDOX,60
526,MAHDI,60
526,MAISON,60
526,UZAIR,60
532,ADNAN,59
532,BRYAN,59
532,HARI,59
532,MOSES,59
532,OLIWIER,59
532,SAMEER,59
538,ARDA,58
538,DHRUV,58
538,HUDSON,58
538,MILAN,58
538,ZAYD,58
543,ABRAHAM,57
543,BAYLEY,57
543,EZRA,57
543,FARIS,57
543,JAGO,57
543,MALAKAI,57
543,RAJA,57
543,YUVRAJ,57
551,ABDULLAHI,56
551,ALESSANDRO,56
551,ARMAN,56
551,CASPAR,56
551,RIAN,56
551,SHAYAN,56
551,TODD,56
551,TYE,56
551,YASIR,56
560,AARYAN,55
560,FYNN,55
560,KALLUM,55
560,KELVIN,55
560,KIRAN,55
560,PHILLIP,55
560,RAHUL,55
567,ALEKSANDER,54
567,CODEY,54
567,COLIN,54
567,EOIN,54
567,MIKOLAJ,54
567,QASIM,54
567,STEFFAN,54
567,SUBHAAN,54
575,DENIS,53
575,EDWIN,53
575,KOBI,53
575,NATHANAEL,53
575,ZAKI,53
580,ELIS,52
580,IZAAK,52
580,RAYMOND,52
580,SHAWN,52
584,BARNEY,51
584,MAGNUS,51
584,RAHEEM,51
584,RICKY,51
584,WIKTOR,51
589,ALASTAIR,50
589,AMARI,50
589,ANGELO,50
589,GAVIN,50
589,HENRI,50
589,HERBIE,50
589,IDRIS,50
589,KURTIS,50
589,PIOTR,50
589,RAIHAN,50
589,RYLAN,50
589,SAAD,50
589,SION,50
589,SOL,50
603,ADDISON,49
603,ANDY,49
603,HAARIS,49
603,HASNAIN,49
603,LUCIAN,49
603,NOEL,49
603,RICARDO,49
603,RUSSELL,49
603,SALMAN,49
603,SHAE,49
603,SULAIMAN,49
603,TIAGO,49
603,UMAIR,49
603,ZION,49
617,BRETT,48
617,HASEEB,48
617,HUW,48
617,REAGAN,48
617,SHAAN,48
622,CARSON,47
622,CHRIS,47
622,DARCY,47
622,RAYAAN,47
622,RIDWAN,47
622,RUDI,47
622,SAMIR,47
622,SANTIAGO,47
622,TATE,47
631,ADITYA,46
631,ARJAN,46
631,CHE,46
631,DUNCAN,46
631,IGOR,46
631,RAFFERTY,46
631,ROSHAN,46
638,ABDULRAHMAN,45
638,ALVIN,45
638,AYUB,45
638,DENIZ,45
638,FABIO,45
638,HAYDON,45
638,ISHAAN,45
638,JAXON,45
638,KEENAN,45
638,RAY,45
638,SEAMUS,45
638,TAHA,45
638,YOUSEF,45
651,AMAR,44
651,ARLO,44
651,BRAYDON,44
651,DARRAGH,44
651,ERIK,44
651,FAIZAN,44
651,FENTON,44
651,KRYSTIAN,44
651,MARIO,44
651,MD,44
651,MIGUEL,44
651,TYREECE,44
651,ZAYN,44
664,ALED,43
664,ARAN,43
664,CASSIUS,43
664,COLBY,43
664,EMIL,43
664,EMRE,43
664,ERNEST,43
664,ESHAN,43
664,GARY,43
664,KARIM,43
664,RAEES,43
664,WAYNE,43
664,YOUSUF,43
677,CHESTER,42
677,CYRUS,42
677,KODY,42
677,LORCAN,42
677,PABLO,42
677,REEGAN,42
677,SIMEON,42
684,ANTONI,41
684,CAELAN,41
684,DALTON,41
684,EMILIO,41
684,FARHAAN,41
684,GARETH,41
684,KADE,41
684,KAINE,41
684,KAMERON,41
684,KOBY,41
684,KYLAN,41
684,LUC,41
684,NANA,41
684,YASH,41
698,ABEL,40
698,ABUBAKAR,40
698,BRENDON,40
698,CRUZ,40
698,DENZEL,40
698,EDMUND,40
698,JEFFREY,40
698,LYNDON,40
698,MACIEJ,40
698,MOHAMAD,40
698,NIKODEM,40
698,RONALD,40
698,TARIQ,40
711,ABU,39
711,ALEXANDRE,39
711,DANISH,39
711,DAWSON,39
711,DAWUD,39
711,DEWI,39
711,FAISAL,39
711,FINTAN,39
711,ISRAEL,39
711,JOAO,39
711,KRISHAN,39
711,LENNIE,39
711,MEHMET,39
711,RAFE,39
711,RAYHAAN,39
711,REX,39
711,SHAH,39
711,TALHA,39
711,TOMASZ,39
711,YUNUS,39
731,DAN,38
731,ISHAQ,38
731,KAMAL,38
731,KAYLUM,38
731,KINGSLEY,38
731,KOBE,38
731,PRANAV,38
731,REILLY,38
731,RICO,38
731,RUEBEN,38
731,VINNY,38
742,ASA,37
742,BRUCE,37
742,DALE,37
742,DARIUS,37
742,FAHAD,37
742,FRANKLIN,37
742,HADI,37
742,HENLEY,37
742,JEEVAN,37
742,JOHNATHAN,37
742,JONTY,37
742,JUAN,37
742,KAIN,37
742,KIT,37
742,KIYAN,37
742,KONRAD,37
742,LAWSON,37
742,LENNOX,37
742,MATAS,37
742,ROAN,37
742,SID,37
742,SUFYAN,37
764,AMMAR,36
764,CADE,36
764,DANIYAL,36
764,EREN,36
764,ISMAEL,36
764,KENNY,36
764,KIEREN,36
764,LEWYS,36
764,MATEO,36
764,MURRAY,36
764,MYLO,36
764,OWAIS,36
776,FAIZAAN,35
776,FRANCESCO,35
776,ISSAC,35
776,MAHIR,35
776,NEIL,35
776,WADE,35
782,ABBAS,34
782,ARNAV,34
782,CILLIAN,34
782,DAMON,34
782,DILLAN,34
782,ERYK,34
782,FINNLAY,34
782,GIDEON,34
782,JONATHON,34
782,KAREEM,34
782,OMARI,34
782,RIVER,34
782,SAMMY,34
782,SAYED,34
782,SILAS,34
782,TAYLAN,34
782,ZAKIR,34
799,ASIM,33
799,AZAAN,33
799,BERTIE,33
799,BRADEN,33
799,CRISTIANO,33
799,DEEN,33
799,DILAN,33
799,GENE,33
799,HEATH,33
799,JORGE,33
799,JOSE,33
799,KAAN,33
799,KEANU,33
799,KOFI,33
799,KORBEN,33
799,MAKENZIE,33
799,OSMAN,33
799,RHYDIAN,33
799,WILLEM,33
799,YAQUB,33
799,ZAKARY,33
820,AADIL,32
820,AMIN,32
820,ARYA,32
820,AYAN,32
820,BRYCE,32
820,CAVAN,32
820,EDGAR,32
820,HADLEY,32
820,HARUN,32
820,IFAN,32
820,JOHAN,32
820,JOHN-PAUL,32
820,JONNY,32
820,KASPER,32
820,KENNETH,32
820,KOREY,32
820,LOUI,32
820,LUCCA,32
820,LUQMAN,32
820,MATT,32
820,OISIN,32
820,SHEIKH,32
820,SOHAIL,32
820,SUFYAAN,32
820,TERENCE,32
820,TRYSTAN,32
820,ZAINE,32
820,ZUBAIR,32
848,ANISH,31
848,BRAD,31
848,CAINE,31
848,CHAIM,31
848,CLARK,31
848,FIONN,31
848,GIOVANNI,31
848,JULES,31
848,KAYA,31
848,KAYDON,31
848,KURT,31
848,NIKITA,31
848,OLLY,31
848,REMY,31
848,SAMUAL,31
848,STEVIE,31
848,TYLOR,31
865,ABDUR,30
865,ASAD,30
865,CALLAN,30
865,DAFYDD,30
865,DAVEY,30
865,EHSAN,30
865,FREDRICK,30
865,IRFAN,30
865,KEIRON,30
865,LAURIE,30
865,ROCKY,30
865,RODRIGO,30
865,SACHIN,30
865,SULAYMAN,30
865,TREY,30
865,TYLA,30
865,WILSON,30
865,ZAYAN,30
883,ADEM,29
883,ADEN,29
883,DEV,29
883,FAHIM,29
883,HUSSEIN,29
883,JAYDN,29
883,JETHRO,29
883,KARAM,29
883,KAROL,29
883,NABIL,29
883,OLAF,29
883,RAJAN,29
883,REISS,29
883,RICHIE,29
883,RYLIE,29
883,SHOAIB,29
883,SUNNY,29
883,SYDNEY,29
883,TORIN,29
902,ABDUR-RAHMAN,28
902,AYDIN,28
902,BRADY,28
902,BROOK,28
902,CARLO,28
902,DANYAAL,28
902,HAKEEM,28
902,HUMZA,28
902,JACE,28
902,JAYLEN,28
902,LOCHLAN,28
902,LUCIEN,28
902,MAREK,28
902,NABEEL,28
902,NATE,28
902,NIGEL,28
902,RAHIM,28
902,REMI,28
902,RYDER,28
902,SHAYAAN,28
902,SHIVAM,28
902,TEO,28
902,TOBEY,28
902,ZAKARIYYA,28
926,ABDURAHMAN,27
926,ARMANI,27
926,DAINTON,27
926,DANIAL,27
926,EISA,27
926,ELIOT,27
926,ELISHA,27
926,GILBERT,27
926,GWION,27
926,HUNTER,27
926,ISSA,27
926,JADON,27
926,JOVAN,27
926,JULIUS,27
926,KARAN,27
926,KYMANI,27
926,MASSIMO,27
926,MITCHEL,27
926,MOHSIN,27
926,PIERS,27
926,REGINALD,27
926,RHODRI,27
926,SAHIB,27
926,SHILOH,27
926,SULTAN,27
926,TOMMY-LEE,27
952,ALEJANDRO,26
952,ANTOINE,26
952,ARIF,26
952,AYOMIDE,26
952,CODIE,26
952,CORBIN,26
952,DWAYNE,26
952,EBEN,26
952,EMERSON,26
952,EPHRAIM,26
952,ESA,26
952,FINNIAN,26
952,FRANKY,26
952,GERRARD,26
952,GIANLUCA,26
952,GIORGIO,26
952,HARLEE,26
952,JEM,26
952,KEAGAN,26
952,KENZO,26
952,LEONIDAS,26
952,MURPHY,26
952,NELSON,26
952,NOOR,26
952,OMER,26
952,PADDY,26
952,PAWEL,26
952,RIZWAN,26
952,SACHA,26
952,SANTINO,26
952,TADHG,26
952,TAI,26
952,VEER,26
952,ZAHID,26
952,ZANDER,26
987,ALASDAIR,25
987,AMOS,25
987,ARCHER,25
987,BRENNAN,25
987,CORBAN,25
987,CORBEN,25
987,CORMAC,25
987,DANE,25
987,DEVAN,25
987,FLOYD,25
987,FREDERIC,25
987,GIACOMO,25
987,HUBERT,25
987,IOLO,25
987,KASEY,25
987,KASHIF,25
987,KAYLEM,25
987,KHALIL,25
987,KOBIE,25
987,LEROY,25
987,MOSHE,25
987,NIHAL,25
987,NIKOLAS,25
987,OLUWATOBI,25
987,PIERRE,25
987,RAUL,25
987,YASSIN,25
1014,AARAV,24
1014,ABDALLAH,24
1014,ADEEL,24
1014,AHSAN,24
1014,AKASH,24
1014,ALEXANDRU,24
1014,AMEEN,24
1014,ARTUR,24
1014,ASHWIN,24
1014,AYUSH,24
1014,BLAINE,24
1014,COSMO,24
1014,DENNY,24
1014,DONOVAN,24
1014,EDISON,24
1014,ELVIS,24
1014,ENOCH,24
1014,JAEDEN,24
1014,JAIDON,24
1014,KEIR,24
1014,KEON,24
1014,KWAME,24
1014,LEWIE,24
1014,MARVIN,24
1014,MATTHIAS,24
1014,NEEL,24
1014,NOJUS,24
1014,OCEAN,24
1014,PIERCE,24
1014,RAFI,24
1014,SAEED,24
1014,SAFWAN,24
1014,SAID,24
1014,SHIV,24
1014,SULLIVAN,24
1014,TEDDIE,24
1014,THIERRY,24
1014,VALENTINO,24
1014,WALID,24
1053,ANIS,23
1053,ANWAR,23
1053,AQIB,23
1053,ARIAN,23
1053,AXEL,23
1053,AYOUB,23
1053,BARAN,23
1053,BARTLOMIEJ,23
1053,BOYD,23
1053,CAMPBELL,23
1053,DEREK,23
1053,KACEY,23
1053,KAELAN,23
1053,KAMARI,23
1053,LANCE,23
1053,MAHAD,23
1053,OM,23
1053,REO,23
1053,SHELDON,23
1053,SONNIE,23
1053,TYLER-JAMES,23
1053,WILF,23
1053,YOUSSEF,23
1053,ZHI,23
1053,ZI,23
1053,ZINEDINE,23
1079,AARUSH,22
1079,ALLEN,22
1079,AMEER,22
1079,AMRIT,22
1079,BRAIDEN,22
1079,BRANDAN,22
1079,CARWYN,22
1079,CHAD,22
1079,DAWOOD,22
1079,DEON,22
1079,DONALD,22
1079,DORIAN,22
1079,EMILE,22
1079,ETIENNE,22
1079,IDREES,22
1079,IMMANUEL,22
1079,INIGO,22
1079,ISHAN,22
1079,JERRY,22
1079,KAEDEN,22
1079,KODI,22
1079,KRISHNA,22
1079,LLEYTON,22
1079,MANAV,22
1079,MIKAEL,22
1079,MIKAIL,22
1079,NASIR,22
1079,NEHEMIAH,22
1079,ORSON,22
1079,PAOLO,22
1079,PEDRO,22
1079,PHARRELL,22
1079,REEF,22
1079,REES,22
1079,REESE,22
1079,SHAKEEL,22
1079,SHAYE,22
1079,SUHAYB,22
1079,TAHIR,22
1079,TARUN,22
1079,TIM,22
1079,TOBI,22
1079,TOMMIE,22
1079,UBAID,22
1079,ZACKARY,22
1079,ZOHAIB,22
1125,AAMIR,21
1125,AHMET,21
1125,ALBY,21
1125,ALLAN,21
1125,BRANDON-LEE,21
1125,CEM,21
1125,DEVIN,21
1125,DYLON,21
1125,EBENEZER,21
1125,ERNIE,21
1125,HAL,21
1125,HAMID,21
1125,HARVIE,21
1125,HUSNAIN,21
1125,IZAAC,21
1125,JAYLAN,21
1125,JAYSON,21
1125,JORDON,21
1125,JUDAH,21
1125,KAJUS,21
1125,KAYDAN,21
1125,KISHAN,21
1125,KUBA,21
1125,LARRY,21
1125,MAHAMED,21
1125,MARLON,21
1125,MAURICE,21
1125,OLUWATIMILEHIN,21
1125,OMARION,21
1125,PERRY,21
1125,ROMARIO,21
1125,RONALDO,21
1125,ROY,21
1125,SOREN,21
1125,SULEMAN,21
1125,TALAN,21
1125,TAYE,21
1125,VARUN,21
1125,WARWICK,21
1125,WIL,21
1125,YEHUDA,21
1125,ZACHARIA,21
1125,ZACHERY,21
1125,ZAKK,21
1169,AARAN,20
1169,AKRAM,20
1169,ARYAAN,20
1169,AUSTEN,20
1169,CLEMENT,20
1169,DAYTON,20
1169,FAIZ,20
1169,FRANCISCO,20
1169,GUS,20
1169,HABIB,20
1169,HAMMAD,20
1169,HAROLD,20
1169,HERBERT,20
1169,HUGHIE,20
1169,ISAAK,20
1169,ISHAAQ,20
1169,JAIME,20
1169,JAMIL,20
1169,JAWAD,20
1169,JOZEF,20
1169,KENAN,20
1169,MALAKI,20
1169,MARCIN,20
1169,MARKUS,20
1169,MERT,20
1169,OLUWATOBILOBA,20
1169,PRANAY,20
1169,RYLEIGH,20
1169,TAYYAB,20
1169,TIERNAN,20
1169,UMER,20
1169,WALEED,20
1201,ABDURRAHMAN,19
1201,ABUBAKR,19
1201,ACE,19
1201,ALEXANDROS,19
1201,ALEXIS,19
1201,ASHDEN,19
1201,AVI,19
1201,BEVAN,19
1201,BORIS,19
1201,CRISTIAN,19
1201,DIESEL,19
1201,DOMINYKAS,19
1201,EAMON,19
1201,FINNAN,19
1201,GAGE,19
1201,GRUFFYDD,19
1201,HAIDAR,19
1201,HARLAN,19
1201,HARVEER,19
1201,HUSAIN,19
1201,HUZAIFA,19
1201,HUZAIFAH,19
1201,IHSAN,19
1201,JACQUES,19
1201,JAMAAL,19
1201,JIBRIL,19
1201,JOSEFF,19
1201,KABIR,19
1201,KAMRON,19
1201,KAYLEN,19
1201,KEITH,19
1201,LAITON,19
1201,LINUS,19
1201,LUKASZ,19
1201,MARWAN,19
1201,MICHEAL,19
1201,MONTAGUE,19
1201,MURTAZA,19
1201,OREN,19
1201,PRESLEY,19
1201,PTOLEMY,19
1201,ROBERTO,19
1201,RONNY,19
1201,RUAIRI,19
1201,STEWART,19
1201,TAMIM,19
1201,VINCENZO,19
1201,YANIS,19
1201,YISROEL,19
1201,YOUSAF,19
1201,ZAVIER,19
1252,ABID,18
1252,AEDAN,18
1252,AERON,18
1252,AKSHAY,18
1252,ALAND,18
1252,AMMAAR,18
1252,ANDREI,18
1252,ANEES,18
1252,ANEURIN,18
1252,AREEB,18
1252,ARNOLD,18
1252,AYMEN,18
1252,AYUUB,18
1252,AYYUB,18
1252,BARRY,18
1252,BILL,18
1252,BORAN,18
1252,CAIO,18
1252,CAIRO,18
1252,CARRICK,18
1252,CIERAN,18
1252,DARNELL,18
1252,DEANO,18
1252,GRUFFUDD,18
1252,GUTO,18
1252,HORATIO,18
1252,JAE,18
1252,JAHEIM,18
1252,JAMIE-LEE,18
1252,JAYDEN-LEE,18
1252,JIA,18
1252,KAIDAN,18
1252,KAIF,18
1252,KALEM,18
1252,KASIM,18
1252,KAYLAN,18
1252,KIE,18
1252,KUSH,18
1252,LANDON,18
1252,LEYLAND,18
1252,MEKHI,18
1252,MICKY,18
1252,NATHANIAL,18
1252,NILE,18
1252,NOA,18
1252,ORAN,18
1252,SANJAY,18
1252,SHAI,18
1252,SPIKE,18
1252,STAN,18
1252,TRISTEN,18
1252,VIKTOR,18
1252,YASSER,18
1252,YOUSIF,18
1306,AARIZ,17
1306,ALESSIO,17
1306,ARHAM,17
1306,ARIEL,17
1306,ASH,17
1306,BERNARD,17
1306,BILAAL,17
1306,CHAY,17
1306,CHRISTOS,17
1306,CINAR,17
1306,CORIN,17
1306,DERREN,17
1306,DEVONTE,17
1306,DIOGO,17
1306,DIVINE,17
1306,ELYAS,17
1306,EMANUEL,17
1306,FINBAR,17
1306,FRANCISZEK,17
1306,GETHYN,17
1306,GIAN,17
1306,GIANNI,17
1306,HARSH,17
1306,HUEY,17
1306,JARVIS,17
1306,JEAN,17
1306,KEIAN,17
1306,KINGSTON,17
1306,KODIE,17
1306,LARS,17
1306,MANRAJ,17
1306,MANUEL,17
1306,MARKO,17
1306,MAXIME,17
1306,MILOSZ,17
1306,MUSAB,17
1306,NATAN,17
1306,NATANIEL,17
1306,NYLE,17
1306,OZAN,17
1306,PARTH,17
1306,RAVI,17
1306,REIS,17
1306,REON,17
1306,SAI,17
1306,SULEIMAN,17
1306,TAHMID,17
1306,TEEJAY,17
1306,TERRELL,17
1306,TYREESE,17
1306,YITZCHOK,17
1306,YOSEF,17
1306,YUSEF,17
1306,ZACKERY,17
1306,ZAKARIAH,17
1361,ABDULAHI,16
1361,ABDULAZIZ,16
1361,AHAD,16
1361,AJ,16
1361,AQEEL,16
1361,ARI,16
1361,ARVIN,16
1361,ASHRAF,16
1361,ATIF,16
1361,AVROHOM,16
1361,BARNABAS,16
1361,BENTLEY,16
1361,BLAISE,16
1361,BLESSING,16
1361,BRANDEN,16
1361,COBI,16
1361,CONALL,16
1361,DARA,16
1361,DARRYL,16
1361,DHILAN,16
1361,DIGBY,16
1361,DIYAR,16
1361,DONTE,16
1361,ELVIN,16
1361,FREDRIK,16
1361,GRAHAM,16
1361,GRANT,16
1361,HAIDEN,16
1361,HASHIR,16
1361,HUSEYIN,16
1361,JOBE,16
1361,JODY,16
1361,JOSS,16
1361,JUN,16
1361,JUNAYD,16
1361,KAIRAN,16
1361,KALEEM,16
1361,KALUM,16
1361,KALVIN,16
1361,KAYSON,16
1361,KEIGAN,16
1361,KEILAN,16
1361,KHALED,16
1361,KOLE,16
1361,KORY,16
1361,KRRISH,16
1361,KYAL,16
1361,LAITH,16
1361,LEELAND,16
1361,LEX,16
1361,LUI,16
1361,MACAULAY,16
1361,MANI,16
1361,MATIAS,16
1361,MIKE,16
1361,MOOSA,16
1361,NADIR,16
1361,NAEEM,16
1361,NEEV,16
1361,NICK,16
1361,ONUR,16
1361,PAULO,16
1361,QAIS,16
1361,RAMI,16
1361,RAYYAAN,16
1361,RIAZ,16
1361,RODNEY,16
1361,SAFWAAN,16
1361,SAWYER,16
1361,STEPHAN,16
1361,STEVE,16
1361,TALIESIN,16
1361,TAYLER,16
1361,TRENT,16
1361,TREVOR,16
1361,TYMOTEUSZ,16
1361,YAHYE,16
1361,ZACHARIAS,16
1361,ZAHIR,16
1440,AL,15
1440,ALBERTO,15
1440,ARIN,15
1440,ASHDON,15
1440,AUGUSTUS,15
1440,AYDAN,15
1440,BECK,15
1440,BOBBIE,15
1440,CAIUS,15
1440,CARLTON,15
1440,CASSIAN,15
1440,CASSIDY,15
1440,CODI,15
1440,DONNY,15
1440,DONTAE,15
1440,EDDY,15
1440,EMIR,15
1440,FABIEN,15
1440,FREDERIK,15
1440,GLEN,15
1440,GORDON,15
1440,GRAYSON,15
1440,HARISH,15
1440,HARVEY-LEE,15
1440,HAYDER,15
1440,HAYYAN,15
1440,HISHAM,15
1440,ISAK,15
1440,IVO,15
1440,JAIDYN,15
1440,JESSIE,15
1440,KAVAN,15
1440,KELAN,15
1440,KENNEDY,15
1440,KRZYSZTOF,15
1440,LEANDRO,15
1440,LEMUEL,15
1440,MAC,15
1440,MAKAI,15
1440,MAKSIM,15
1440,MATTIAS,15
1440,MAYSON,15
1440,MAZIN,15
1440,MEHDI,15
1440,MELVIN,15
1440,MIKAEEL,15
1440,MIKHAIL,15
1440,MIRZA,15
1440,MOISHE,15
1440,NADEEM,15
1440,NIKOLAI,15
1440,ODIN,15
1440,RAHEEL,15
1440,RAJVEER,15
1440,ROHIT,15
1440,RUAN,15
1440,SUHAIB,15
1440,SUKHRAJ,15
1440,THEODOR,15
1440,TYMON,15
1440,USMAAN,15
1440,VAUGHAN,15
1440,VIVEK,15
1440,WALTER,15
1440,ZAYNE,15
1440,ZEN,15
1506,ABHINAV,14
1506,ADAN,14
1506,AFFAN,14
1506,AKEEL,14
1506,ALBI,14
1506,ARASH,14
1506,BENAS,14
1506,BLUE,14
1506,BRADLEE,14
1506,BUDDY,14
1506,CADAN,14
1506,CAEL,14
1506,CLINTON,14
1506,COLM,14
1506,DAANYAAL,14
1506,DESMOND,14
1506,DIMITRI,14
1506,DONNIE,14
1506,EFAN,14
1506,EFE,14
1506,ELWOOD,14
1506,ESHAAN,14
1506,EUGENE,14
1506,FAARIS,14
1506,FEDERICO,14
1506,GERARD,14
1506,GILES,14
1506,GREGOR,14
1506,HAMSA,14
1506,IMAAN,14
1506,IMAD,14
1506,JASKARAN,14
1506,JAY-JAY,14
1506,JAYAN,14
1506,JEDIDIAH,14
1506,JOHANNES,14
1506,JULIEN,14
1506,KEALAN,14
1506,KEANAN,14
1506,KEREM,14
1506,KILLIAN,14
1506,KRISTOPHER,14
1506,LIONEL,14
1506,LUCIANO,14
1506,MARCOS,14
1506,MARTYN,14
1506,MUHAMED,14
1506,MUJTABA,14
1506,OLUWADAMILARE,14
1506,PAVAN,14
1506,QUINLAN,14
1506,RAGHAV,14
1506,ROHAAN,14
1506,RUARI,14
1506,SAAHIL,14
1506,SABIR,14
1506,SAJID,14
1506,SALVADOR,14
1506,SIDDHARTH,14
1506,STEFANO,14
1506,TALAL,14
1506,TJ,14
1506,TRISTON,14
1506,TYLER-JAY,14
1506,UZAYR,14
1506,VAUGHN,14
1506,VIKRAM,14
1506,WASIM,14
1506,WILLIS,14
1506,YI,14
1506,YOUNES,14
1506,YU,14
1578,ABDI,13
1578,ALEEM,13
1578,ANAND,13
1578,ANGAD,13
1578,ANGEL,13
1578,ANSH,13
1578,ARAFAT,13
1578,ARLEY,13
1578,BALRAJ,13
1578,BASIL,13
1578,BENN,13
1578,BRYNLEY,13
1578,CAN,13
1578,CHACE,13
1578,COBIE,13
1578,COEL,13
1578,COHAN,13
1578,DAANISH,13
1578,DARIO,13
1578,DAVE,13
1578,DEVEN,13
1578,DONNELL,13
1578,DOVYDAS,13
1578,EAMONN,13
1578,EDUARDO,13
1578,ENRICO,13
1578,ENRIQUE,13
1578,FINLEE,13
1578,FYNLEY,13
1578,GERAINT,13
1578,GODWIN,13
1578,HAMAD,13
1578,HAYDAR,13
1578,ISAAM,13
1578,ISIAH,13
1578,IVOR,13
1578,JAMEEL,13
1578,JAVIER,13
1578,JAYCE,13
1578,KAIDON,13
1578,KAIRO,13
1578,KIMI,13
1578,KIRK,13
1578,LEIF,13
1578,LEWIN,13
1578,LIBAN,13
1578,LLEWELLYN,13
1578,MAHMOUD,13
1578,MARSHAL,13
1578,MATTY,13
1578,MEMPHIS,13
1578,MIKEL,13
1578,MORRIS,13
1578,MUAAZ,13
1578,NADIM,13
1578,NAYAN,13
1578,NICKY,13
1578,OLUWAFEMI,13
1578,OLUWASEUN,13
1578,ORION,13
1578,OZZY,13
1578,PIRAN,13
1578,QUINCY,13
1578,REHMAN,13
1578,RIYAD,13
1578,ROME,13
1578,ROSSI,13
1578,SARIM,13
1578,SAXON,13
1578,SHAMAR,13
1578,SOHAN,13
1578,STANISLAW,13
1578,T,13
1578,TALHAH,13
1578,TARIK,13
1578,TAYLOR-JAMES,13
1578,TINASHE,13
1578,TYRON,13
1578,UTHMAN,13
1578,UWAIS,13
1578,VINCE,13
1578,WINSTON,13
1578,WISDOM,13
1578,WOJCIECH,13
1578,YOUNIS,13
1578,ZEBEDEE,13
1578,ZIA,13
1578,ZIDANE,13
1666,AARRON,12
1666,AAYUSH,12
1666,ABDALLA,12
1666,ABDULMALIK,12
1666,ADRIEL,12
1666,ADRIEN,12
1666,ATTICUS,12
1666,AYOBAMI,12
1666,AYRTON,12
1666,AZEEM,12
1666,AZHAR,12
1666,BAYLEE,12
1666,BERNARDO,12
1666,BLADE,12
1666,CAIDAN,12
1666,CHUKWUEMEKA,12
1666,COEN,12
1666,CONLAN,12
1666,DAUD,12
1666,DENVER,12
1666,DUDLEY,12
1666,EARL,12
1666,EBRAHIM,12
1666,ELLISON,12
1666,ENES,12
1666,FAHEEM,12
1666,FARRELL,12
1666,FRANCO,12
1666,FRASIER,12
1666,GINO,12
1666,GIUSEPPE,12
1666,GLENN,12
1666,GRACJAN,12
1666,GURVEER,12
1666,HAADI,12
1666,HAMMAAD,12
1666,HAO,12
1666,HARMAN,12
1666,ISAM,12
1666,JASRAJ,12
1666,JETT,12
1666,JEVON,12
1666,JIMI,12
1666,JOAQUIN,12
1666,JOSHUA-JAMES,12
1666,KAILUM,12
1666,KALAN,12
1666,KAVIN,12
1666,KEAN,12
1666,KELECHI,12
1666,KELLEN,12
1666,KESTER,12
1666,KEYAAN,12
1666,KIEFER,12
1666,LUCIUS,12
1666,MACK,12
1666,MALCOLM,12
1666,MARIUS,12
1666,MICKEY,12
1666,MILLEN,12
1666,MOHAMMOD,12
1666,MUNEEB,12
1666,NIAM,12
1666,NORBERT,12
1666,NYE,12
1666,PARIS,12
1666,PARKER,12
1666,RALPHIE,12
1666,RAMAN,12
1666,REID,12
1666,RICCARDO,12
1666,ROLAND,12
1666,SAQIB,12
1666,SHAKIR,12
1666,SHAYDEN,12
1666,SIAM,12
1666,SOHAIB,12
1666,SULIMAN,12
1666,TANVIR,12
1666,TAYYIB,12
1666,THARUN,12
1666,TITUS,12
1666,TRE,12
1666,USAYD,12
1666,VIRAJ,12
1666,VISHNU,12
1666,WASSIM,12
1666,YAMEEN,12
1666,YOUCEF,12
1666,ZIYAD,12
1756,ABDUL-RAHMAN,11
1756,ABDULLA,11
1756,ABIR,11
1756,ADHAM,11
1756,ADRIANO,11
1756,ADYAN,11
1756,AKEEM,11
1756,AMINE,11
1756,ANDERSON,11
1756,ARMANDAS,11
1756,ASHVIN,11
1756,AUBREY,11
1756,BAILY,11
1756,BERAT,11
1756,BRENT,11
1756,CHANCE,11
1756,CLAUDE,11
1756,CLAY,11
1756,CONAL,11
1756,CORI,11
1756,DANIELE,11
1756,DARWIN,11
1756,DAVIS,11
1756,DERIN,11
1756,DOUGAL,11
1756,DOUGIE,11
1756,DYLLAN,11
1756,EBRIMA,11
1756,EDAN,11
1756,EKIN,11
1756,ELIEZER,11
1756,EMYR,11
1756,ETHEN,11
1756,FELIPE,11
1756,FERNANDO,11
1756,FINDLEY,11
1756,FINIAN,11
1756,FLORIAN,11
1756,FUAD,11
1756,GERALD,11
1756,GHULAM,11
1756,GIL,11
1756,GWILYM,11
1756,HARLEM,11
1756,HARLIE,11
1756,IKENNA,11
1756,IKRAM,11
1756,IMAAD,11
1756,ISHMAEL,11
1756,JARROD,11
1756,JAYCOB,11
1756,JET,11
1756,JIBREEL,11
1756,JJ,11
1756,JOBY,11
1756,JOSHAN,11
1756,KAISER,11
1756,KALEL,11
1756,KAYAN,11
1756,KEANO,11
1756,KEYAN,11
1756,KHALEEL,11
1756,KHIZAR,11
1756,KIEL,11
1756,KYREECE,11
1756,KYRELL,11
1756,LAKSH,11
1756,LAYTH,11
1756,LEOPOLD,11
1756,LEWI,11
1756,LLYR,11
1756,LOKI,11
1756,LUDOVIC,11
1756,LYLE,11
1756,MABON,11
1756,MALEK,11
1756,MANVEER,11
1756,MATEEN,11
1756,MCKENZI,11
1756,MICAIAH,11
1756,MUBARAK,11
1756,MUHSIN,11
1756,MUSTAPHA,11
1756,OLE,11
1756,OLUWAFERANMI,11
1756,PADRAIG,11
1756,PAPA,11
1756,PIETRO,11
1756,QUENTIN,11
1756,RAFAL,11
1756,RAFFAELE,11
1756,RAIF,11
1756,RAYANE,11
1756,RHYLEY,11
1756,RION,11
1756,RUI,11
1756,SAHEL,11
1756,SAIFULLAH,11
1756,SAIM,11
1756,SALAH,11
1756,SALEH,11
1756,SALIM,11
1756,SALMAAN,11
1756,SALVATORE,11
1756,SAMY,11
1756,SASHA,11
1756,SERGIO,11
1756,SHIMON,11
1756,SHREYAS,11
1756,SUFIAN,11
1756,SULEYMAN,11
1756,SYD,11
1756,TAFARI,11
1756,TANAKA,11
1756,TAWHID,11
1756,TEJAY,11
1756,TITAS,11
1756,TOMMI,11
1756,TRISTIAN,11
1756,VANSH,11
1756,VISHAL,11
1756,WARRICK,11
1756,YOUNUS,11
1756,YUNIS,11
1756,ZAKARIYAH,11
1756,ZAYAAN,11
1756,ZEKE,11
1756,ZIAD,11
1756,ZIGGY,11
1885,AADITYA,10
1885,ABDULKADIR,10
1885,ABYAN,10
1885,ADI,10
1885,ALEKSANDAR,10
1885,ALFI,10
1885,ALFIE-LEE,10
1885,ALONSO,10
1885,AMAAR,10
1885,AMADOU,10
1885,AMBROSE,10
1885,AMER,10
1885,ANAY,10
1885,ANDREA,10
1885,ANIL,10
1885,ARIYAN,10
1885,ARLEN,10
1885,AVRAM,10
1885,AZAN,10
1885,BADR,10
1885,BAILEE,10
1885,BENYAMIN,10
1885,BERTRAM,10
1885,BILLY-JOE,10
1885,BORYS,10
1885,C-JAY,10
1885,CAEDEN,10
1885,CALAN,10
1885,CAMRAN,10
1885,CAVALLI,10
1885,CHARLEE,10
1885,CHEN,10
1885,CLARKE,10
1885,CONNAH,10
1885,CONNAR,10
1885,DAKOTA,10
1885,DANIELIUS,10
1885,DARRELL,10
1885,DEIVIDAS,10
1885,DESTINY,10
1885,EBAN,10
1885,EDUARD,10
1885,EESAA,10
1885,EGE,10
1885,EOGHAN,10
1885,FARAZ,10
1885,FARES,10
1885,FERDINAND,10
1885,FERGAL,10
1885,GUILHERME,10
1885,HAASHIM,10
1885,HAKIM,10
1885,HAMAAD,10
1885,HANIF,10
1885,HARLEIGH,10
1885,HAYDAN,10
1885,HENRIK,10
1885,HESTON,10
1885,IAGO,10
1885,IAIN,10
1885,IHSAAN,10
1885,IKECHUKWU,10
1885,ILIAS,10
1885,IMAN,10
1885,INAYAT,10
1885,INDY,10
1885,IZAK,10
1885,JAD,10
1885,JAIDAN,10
1885,JARON,10
1885,JAYE,10
1885,JAYLON,10
1885,JIBRAN,10
1885,JIN,10
1885,JOAB,10
1885,JOHNSON,10
1885,JUSTICE,10
1885,KAIDYN,10
1885,KALLAN,10
1885,KARANDEEP,10
1885,KHAI,10
1885,KHAMANI,10
1885,KORAY,10
1885,KORI,10
1885,KORNEL,10
1885,KRIS,10
1885,KWABENA,10
1885,KYREN,10
1885,KYSON,10
1885,LEYLAN,10
1885,LUIGI,10
1885,MACSEN,10
1885,MALACHAI,10
1885,MANNY,10
1885,MAVERICK,10
1885,MODOU,10
1885,MOHMMED,10
1885,MORDECHAI,10
1885,MUJAHID,10
1885,MUNASHE,10
1885,NASEEM,10
1885,NAZIR,10
1885,NOLAN,10
1885,OLAMIDE,10
1885,ORIN,10
1885,PARSA,10
1885,PASCAL,10
1885,PATRIK,10
1885,PAVEL,10
1885,RAFFI,10
1885,RASHID,10
1885,REED,10
1885,RITCHIE,10
1885,RONI,10
1885,RUDRA,10
1885,RUSHIL,10
1885,SAMAD,10
1885,SEB,10
1885,SHLOMO,10
1885,STERLING,10
1885,SUHAIL,10
1885,SULAIMAAN,10
1885,TANISH,10
1885,TOBIASZ,10
1885,TOBIE,10
1885,TOBIN,10
1885,TYSON,10
1885,VALENTINE,10
1885,VED,10
1885,VIET,10
1885,VIJAY,10
1885,WASEEM,10
1885,WEN,10
1885,WILBUR,10
1885,WILIAM,10
1885,ZAHEER,10
1885,ZECHARIAH,10
1885,ZUHAIR,10
2023,AAHIL,9
2023,AASHIR,9
2023,ABDUS,9
2023,AKIVA,9
2023,ALBIN,9
2023,ALISTER,9
2023,ALLY,9
2023,AMANDEEP,9
2023,AMANI,9
2023,AMMAN,9
2023,AMR,9
2023,ANDREY,9
2023,AODHAN,9
2023,ARA,9
2023,ARBER,9
2023,ARCHY,9
2023,ARLIE,9
2023,ARMIN,9
2023,ARSALAN,9
2023,ARSH,9
2023,ARVIND,9
2023,ASIF,9
2023,AUGUSTIN,9
2023,AUGUSTINE,9
2023,AYYAN,9
2023,AZAD,9
2023,BAILIE,9
2023,BAXTER,9
2023,BENITO,9
2023,BENNY,9
2023,BENOIT,9
2023,BERKAY,9
2023,BJORN,9
2023,BOAZ,9
2023,BODHI,9
2023,BRAYDAN,9
2023,BRENDEN,9
2023,BRET,9
2023,BROOKE,9
2023,CASH,9
2023,CAYLUM,9
2023,CHANDLER,9
2023,CHINEDU,9
2023,CHRISTIANO,9
2023,CORBYN,9
2023,COURTNEY,9
2023,DARSH,9
2023,DARYL,9
2023,DAVIDE,9
2023,DENZIL,9
2023,DEVANTE,9
2023,DEVONTAE,9
2023,DYLAN-JAMES,9
2023,EDWYN,9
2023,ELIOTT,9
2023,EMRYS,9
2023,ENIS,9
2023,ERIS,9
2023,ERON,9
2023,FAREED,9
2023,FAWAZ,9
2023,FINLEIGH,9
2023,FORTUNE,9
2023,FREY,9
2023,GAURAV,9
2023,GEORGI,9
2023,GIANCARLO,9
2023,GLYN,9
2023,GURVIR,9
2023,GUSTAVO,9
2023,HALLAM,9
2023,HANAD,9
2023,HARPER,9
2023,HARVINDER,9
2023,HASSAAN,9
2023,HAYDYN,9
2023,HENDRIX,9
2023,HISHAAM,9
2023,HOWARD,9
2023,HOWIE,9
2023,IMRAAN,9
2023,INDIANA,9
2023,ISLAM,9
2023,J,9
2023,JAEDON,9
2023,JALEN,9
2023,JAMEL,9
2023,JAMESON,9
2023,JAVAN,9
2023,JAX,9
2023,JAXSON,9
2023,JAYKE,9
2023,JERMAIN,9
2023,JIM,9
2023,JOHANN,9
2023,JONNIE,9
2023,JOSUE,9
2023,KALLAI,9
2023,KENZI,9
2023,KHUSH,9
2023,KIA,9
2023,KIEAN,9
2023,KION,9
2023,KONSTANTIN,9
2023,KYDEN,9
2023,LAMIN,9
2023,LANDEN,9
2023,LELAN,9
2023,LEMAR,9
2023,LINDEN,9
2023,LOIC,9
2023,MADOC,9
2023,MAHMOOD,9
2023,MAJID,9
2023,MAMADOU,9
2023,MANTAS,9
2023,MARTY,9
2023,MATEUS,9
2023,MAWGAN,9
2023,MCCAULEY,9
2023,MEER,9
2023,MICHEL,9
2023,MIKA,9
2023,MILLAN,9
2023,MOHAMUD,9
2023,MOMIN,9
2023,MUAZ,9
2023,MUNIR,9
2023,MURAT,9
2023,MUZAMMIL,9
2023,NAHID,9
2023,NIHAAL,9
2023,NIKOLAOS,9
2023,NOAM,9
2023,NYASHA,9
2023,OBIE,9
2023,OLUWADEMILADE,9
2023,OMID,9
2023,OSKA,9
2023,PEARCE,9
2023,PERCY,9
2023,RADWAN,9
2023,RAFAY,9
2023,RAIFE,9
2023,RAIYAN,9
2023,RAMONE,9
2023,RAMY,9
2023,REEVE,9
2023,REZA,9
2023,REZWAN,9
2023,RHILEY,9
2023,RHYAN,9
2023,RHYLEE,9
2023,RIDWAAN,9
2023,RIYAN,9
2023,RIYAZ,9
2023,ROBSON,9
2023,ROMANO,9
2023,RONAK,9
2023,ROWEN,9
2023,SALEM,9
2023,SENNEN,9
2023,SHAHZAIB,9
2023,SHAQUILLE,9
2023,SHAYDON,9
2023,TAIO,9
2023,TAMEEM,9
2023,TANNER,9
2023,TATENDA,9
2023,THAI,9
2023,THOMAS-JAMES,9
2023,TIAN,9
2023,TIMUR,9
2023,TJAY,9
2023,TOMMASO,9
2023,TYRAN,9
2023,TYREE,9
2023,VLADIMIR,9
2023,WEI,9
2023,YAKOV,9
2023,YAN,9
2023,YANN,9
2023,YAW,9
2023,YONATAN,9
2023,YONIS,9
2023,YUSIF,9
2023,ZEB,9
2023,ZIYAAD,9
2211,ABDIMALIK,8
2211,ABDULQADIR,8
2211,ABDULRAHIM,8
2211,ABHAY,8
2211,ABHISHEK,8
2211,ADEEB,8
2211,ADEL,8
2211,AFONSO,8
2211,AINSLEY,8
2211,AKSHAR,8
2211,ALBION,8
2211,ALEKS,8
2211,ALF,8
2211,ALFIE-JAMES,8
2211,ALFIE-JAY,8
2211,ALFY,8
2211,ALIEU,8
2211,ALPHA,8
2211,AMAAD,8
2211,AMADU,8
2211,ANDI,8
2211,ANDRES,8
2211,ANIRUDH,8
2211,ANUJ,8
2211,ARIJUS,8
2211,ARSLAN,8
2211,ARTIN,8
2211,AZIM,8
2211,BASIT,8
2211,BEREN,8
2211,BERKAN,8
2211,BLAZE,8
2211,BLU,8
2211,BOBBY-LEE,8
2211,BURAK,8
2211,BURHAN,8
2211,CAELEN,8
2211,CAOLAN,8
2211,CARLITO,8
2211,CHARLI,8
2211,CHARLIE-RAY,8
2211,CHARLY,8
2211,COBEN,8
2211,COLLINS,8
2211,CONNA,8
2211,CULLEN,8
2211,CY,8
2211,CYPRIAN,8
2211,DAMARI,8
2211,DANIELS,8
2211,DANIIL,8
2211,DARSHAN,8
2211,DAVIE,8
2211,DEANDRE,8
2211,DOMANIC,8
2211,DOMAS,8
2211,DRAKE,8
2211,DYFAN,8
2211,EASHAN,8
2211,ED,8
2211,EDIZ,8
2211,EESAH,8
2211,ELAN,8
2211,ELTON,8
2211,EMAAD,8
2211,EMAD,8
2211,EMIRHAN,8
2211,EMLYN,8
2211,ESSA,8
2211,EWEN,8
2211,FARDEEN,8
2211,FARHAD,8
2211,FARLEY,8
2211,FINAN,8
2211,FORREST,8
2211,FRAZIER,8
2211,FREDERICO,8
2211,FURKAN,8
2211,GARRY,8
2211,GRADY,8
2211,GREG,8
2211,GRIFF,8
2211,GRIFFIN,8
2211,GRZEGORZ,8
2211,GURJEEVAN,8
2211,HADYN,8
2211,HAKAN,8
2211,HALIL,8
2211,HANZALAH,8
2211,HARISON,8
2211,HARSHIL,8
2211,HOLDEN,8
2211,HUMPHREY,8
2211,HUSAM,8
2211,HUSSNAIN,8
2211,HUXLEY,8
2211,ILAN,8
2211,IOANNIS,8
2211,ISAAQ,8
2211,JABARI,8
2211,JABIR,8
2211,JADAN,8
2211,JARRED,8
2211,JASIM,8
2211,JAYDEEP,8
2211,JAYMIE,8
2211,JEDD,8
2211,JEREMIE,8
2211,JESPER,8
2211,JESS,8
2211,JING,8
2211,JOACHIM,8
2211,JOHNNIE,8
2211,JON-PAUL,8
2211,JONJO,8
2211,KA,8
2211,KAILEN,8
2211,KANYE,8
2211,KARSON,8
2211,KAYSAN,8
2211,KEGAN,8
2211,KELLAN,8
2211,KEN,8
2211,KHAN,8
2211,KIARAN,8
2211,KIEN,8
2211,KIENAN,8
2211,KOEN,8
2211,KONNOR,8
2211,KWAKU,8
2211,LESLIE,8
2211,LOUKAS,8
2211,LUCUS,8
2211,LUTHER,8
2211,LYNDEN,8
2211,MADISON,8
2211,MANU,8
2211,MARTYNAS,8
2211,MASON-LEE,8
2211,MASUD,8
2211,MATHEUS,8
2211,MATHIAS,8
2211,MAXIMILIEN,8
2211,MAXIMILLION,8
2211,MEIR,8
2211,MENACHEM,8
2211,MING,8
2211,MIR,8
2211,MYRON,8
2211,NASIM,8
2211,NATHEN,8
2211,NAVEED,8
2211,NAVIN,8
2211,NEDAS,8
2211,NEVIN,8
2211,NILS,8
2211,NIMA,8
2211,NUMAN,8
2211,OLANREWAJU,8
2211,OLUWANIFEMI,8
2211,PENIEL,8
2211,PHELAN,8
2211,PHIL,8
2211,PRAISE,8
2211,RAJ,8
2211,RALF,8
2211,RAZA,8
2211,REACE,8
2211,RENE,8
2211,RENZO,8
2211,REUBAN,8
2211,REUEL,8
2211,RICCO,8
2211,RIDHWAN,8
2211,RIDLEY,8
2211,RISHABH,8
2211,ROBBY,8
2211,ROBEL,8
2211,RODERICK,8
2211,ROSCOE,8
2211,SALAHUDDIN,8
2211,SALIH,8
2211,SAMIUL,8
2211,SANDEEP,8
2211,SARAN,8
2211,SHAN,8
2211,SHARIF,8
2211,SHIVEN,8
2211,SHUAIB,8
2211,SIMBARASHE,8
2211,STIRLING,8
2211,STORM,8
2211,SUDAIS,8
2211,T-JAY,8
2211,TADIWANASHE,8
2211,TAKUNDA,8
2211,TANE,8
2211,TANVEER,8
2211,TARANVEER,8
2211,TARRAN,8
2211,TEGAN,8
2211,TEJAS,8
2211,TEMILOLUWA,8
2211,TEON,8
2211,TERELL,8
2211,TIEN,8
2211,TOLUWANIMI,8
2211,TOMI,8
2211,TRAFFORD,8
2211,TWM,8
2211,UMUT,8
2211,URIEL,8
2211,VINAY,8
2211,VITTORIO,8
2211,VIVAAN,8
2211,WILFRID,8
2211,YANNICK,8
2211,YASER,8
2211,YASSINE,8
2211,YING,8
2211,ZEESHAAN,8
2211,ZEPHANIAH,8
2211,ZEV,8
2211,ZIDAN,8
2435,ABD,7
2435,ABDEL,7
2435,ABDIFATAH,7
2435,ABDISHAKUR,7
2435,ABDULWAHAB,7
2435,ABDUR-RAHEEM,7
2435,ABRAHIM,7
2435,ABU-BAKR,7
2435,ABUBAKER,7
2435,ABUL,7
2435,ACER,7
2435,ADEDAMOLA,7
2435,ADEMIDE,7
2435,AHARON,7
2435,AHYAN,7
2435,AIMAN,7
2435,AIRONAS,7
2435,AKBAR,7
2435,ALBAN,7
2435,ALIX,7
2435,ALIYAN,7
2435,ALYAAN,7
2435,AMAL,7
2435,AMARVEER,7
2435,AMOGH,7
2435,ANH,7
2435,ANOOP,7
2435,ANSON,7
2435,ARMANDO,7
2435,ARSHIA,7
2435,ASHIR,7
2435,ASHLEE,7
2435,ASHTON-LEE,7
2435,AUN,7
2435,AYODEJI,7
2435,AZIZ,7
2435,BAYLEIGH,7
2435,BENIAMIN,7
2435,BENSON,7
2435,BILLY-RAY,7
2435,BLAIR,7
2435,BLEU,7
2435,BOBBI,7
2435,BODIE,7
2435,BOGDAN,7
2435,BRACKEN,7
2435,BRADLY,7
2435,BRINLEY,7
2435,BROCK,7
2435,BRODEN,7
2435,BRYNN,7
2435,C,7
2435,CAELUM,7
2435,CAIAN,7
2435,CALLAM,7
2435,CAM'RON,7
2435,CEEJAY,7
2435,CHARLIE-JAY,7
2435,CHAYSE,7
2435,CHENG,7
2435,CJ,7
2435,COBEY,7
2435,CONNOR-JAY,7
2435,CONSTANTIN,7
2435,CORBY,7
2435,CORNELIUS,7
2435,CYRIL,7
2435,DALLAS,7
2435,DAMION,7
2435,DANIYAAL,7
2435,DARIN,7
2435,DAX,7
2435,DEACAN,7
2435,DEIO,7
2435,DELANO,7
2435,DEMPSEY,7
2435,DEVRAJ,7
2435,DILRAJ,7
2435,DINO,7
2435,DJANGO,7
2435,DOMINICK,7
2435,DON,7
2435,DOVID,7
2435,DRE,7
2435,DUANE,7
2435,EATHAN,7
2435,EDDISON,7
2435,ELY,7
2435,EMEKA,7
2435,EMILIS,7
2435,EMMERSON,7
2435,ERAY,7
2435,ERIKAS,7
2435,ERJON,7
2435,EROL,7
2435,ESAH,7
2435,EVIN,7
2435,EVREN,7
2435,FALLON,7
2435,FARID,7
2435,FARRIS,7
2435,FENN,7
2435,FINBARR,7
2435,FINTON,7
2435,FRANCOIS,7
2435,GABRIELE,7
2435,GABRIELIUS,7
2435,GEOFFREY,7
2435,GEORDIE,7
2435,GEORGIO,7
2435,GIBRIL,7
2435,GONCALO,7
2435,GRAY,7
2435,GURSHAN,7
2435,GUSTAV,7
2435,HANS,7
2435,HARITH,7
2435,HARJOT,7
2435,HARKIRAT,7
2435,HARLEN,7
2435,HARRIE,7
2435,HEZEKIAH,7
2435,HIMMAT,7
2435,IDRISS,7
2435,IJAZ,7
2435,INNES,7
2435,ISMA'IL,7
2435,JAHAN,7
2435,JAHIEM,7
2435,JALAL,7
2435,JAMIESON,7
2435,JAPHETH,7
2435,JARRELL,7
2435,JEFF,7
2435,JEVAN,7
2435,JIMMI,7
2435,JOHNPAUL,7
2435,JOLYON,7
2435,JOOLS,7
2435,JORDEN,7
2435,JORDI,7
2435,JOSHUAH,7
2435,JOWAN,7
2435,KADAN,7
2435,KAID,7
2435,KAIRON,7
2435,KAL,7
2435,KARANVEER,7
2435,KARTER,7
2435,KASPAR,7
2435,KASRA,7
2435,KAYHAN,7
2435,KAZI,7
2435,KEITON,7
2435,KEMAL,7
2435,KENDAL,7
2435,KENDRICK,7
2435,KENZIE-LEE,7
2435,KENZY,7
2435,KES,7
2435,KESHAV,7
2435,KHIAN,7
2435,KIEGAN,7
2435,KIM,7
2435,KIMANI,7
2435,KOJO,7
2435,KORBAN,7
2435,KY,7
2435,KYRO,7
2435,LATHAN,7
2435,LEART,7
2435,LEIGH,7
2435,LEILAND,7
2435,LEVON,7
2435,LLION,7
2435,LLYWELYN,7
2435,LOGUN,7
2435,LONNIE,7
2435,LUAN,7
2435,LUQMAAN,7
2435,LYALL,7
2435,MADHAV,7
2435,MAHAMMED,7
2435,MAHIN,7
2435,MALAKHI,7
2435,MALEEK,7
2435,MALICK,7
2435,MALIKI,7
2435,MANSOUR,7
2435,MARIUSZ,7
2435,MATEI,7
2435,MATEJ,7
2435,MATIN,7
2435,MATTHIEU,7
2435,MATTI,7
2435,MAXX,7
2435,MAXYMILIAN,7
2435,MERLIN,7
2435,MIAN,7
2435,MIROSLAV,7
2435,MOBEEN,7
2435,MOEEZ,7
2435,MUHAMMOD,7
2435,MUIZ,7
2435,MUKHTAR,7
2435,MUNYARADZI,7
2435,MUSSA,7
2435,MUSTAF,7
2435,MUSTAFAA,7
2435,MUSTAFE,7
2435,NAHUM,7
2435,NAJEEB,7
2435,NICKOLAS,7
2435,NICOLO,7
2435,NII,7
2435,NORMAN,7
2435,OBAN,7
2435,OLIVER-JAMES,7
2435,OLUWADAMILOLA,7
2435,OLUWATIMILEYIN,7
2435,OLUWATOMIWA,7
2435,OSSIAN,7
2435,OTHMAN,7
2435,PACEY,7
2435,PREM,7
2435,PRITHVI,7
2435,QUINTON,7
2435,RAHAT,7
2435,RAIDEN,7
2435,RAMSEY,7
2435,RANVEER,7
2435,REDFORD,7
2435,REDWAN,7
2435,REN,7
2435,REYAN,7
2435,REYHAN,7
2435,RHIAN,7
2435,RIAD,7
2435,RIPLEY,7
2435,ROGER,7
2435,ROHAIL,7
2435,ROHAT,7
2435,ROJUS,7
2435,ROKAS,7
2435,RORIE,7
2435,ROUX,7
2435,RUBIN,7
2435,RUSLAN,7
2435,SAJAN,7
2435,SAJJAD,7
2435,SAKARIYA,7
2435,SAKARIYE,7
2435,SAMEE,7
2435,SAMMI,7
2435,SAMPSON,7
2435,SANTHOSH,7
2435,SARDAR,7
2435,SHABAN,7
2435,SHAHEER,7
2435,SHAKUR,7
2435,SHAMARI,7
2435,SHAMUS,7
2435,SHAYLAN,7
2435,SHAYON,7
2435,SHEM,7
2435,SHLOIME,7
2435,SHMUEL,7
2435,SHYAM,7
2435,SIRAJ,7
2435,SOLOMAN,7
2435,SONNI,7
2435,STANTON,7
2435,SYLVESTER,7
2435,SYRUS,7
2435,TAINE,7
2435,TAO,7
2435,TEAGAN,7
2435,THOM,7
2435,TIGER,7
2435,TOLULOPE,7
2435,TOR,7
2435,TYLER-JOHN,7
2435,TYRELLE,7
2435,TYRHYS,7
2435,TYRIQUE,7
2435,UBAYD,7
2435,UMAYR,7
2435,WAHAB,7
2435,WAHID,7
2435,WARIS,7
2435,XIAO,7
2435,YAMIN,7
2435,YASSIR,7
2435,YIANNIS,7
2435,YIGIT,7
2435,YOEL,7
2435,YOHAN,7
2435,YONG,7
2435,ZAKAI,7
2435,ZAKARIYE,7
2435,ZAYYAN,7
2435,ZEKI,7
2435,ZEPHYR,7
2435,ZIDAAN,7
2435,ZUHAIB,7
2435,ZURIEL,7
2741,A,6
2741,AADI,6
2741,AARIYAN,6
2741,ADEBAYO,6
2741,ADEMOLA,6
2741,ADIB,6
2741,ADITHYA,6
2741,AKAASH,6
2741,AKIF,6
2741,ALDO,6
2741,ALEKSANDR,6
2741,ALEKSANDRS,6
2741,ALEXANDA,6
2741,ALHAJI,6
2741,ALIYAAN,6
2741,ALLISTER,6
2741,AMANVEER,6
2741,AMEN,6
2741,ANEESH,6
2741,ANESU,6
2741,ANIQ,6
2741,ANS,6
2741,ANSEL,6
2741,ARION,6
2741,ARIS,6
2741,ARJEN,6
2741,ARNAS,6
2741,ART,6
2741,ARTURO,6
2741,ASHA,6
2741,ASHAR,6
2741,AUSTYN,6
2741,AVRAHAM,6
2741,AYODELE,6
2741,AYOMIKUN,6
2741,AZARIAH,6
2741,BARIS,6
2741,BARON,6
2741,BARTEK,6
2741,BAWAN,6
2741,BENEDIKT,6
2741,BERNIE,6
2741,BILLIE,6
2741,BLADEN,6
2741,BLAYNE,6
2741,BOB,6
2741,BOLUWATIFE,6
2741,BRAEDEN,6
2741,BRAEDON,6
2741,BRANDYN,6
2741,BRANNON,6
2741,BRAYAN,6
2741,CAIRAN,6
2741,CALE,6
2741,CAMERAN,6
2741,CARLSON,6
2741,CATHAL,6
2741,CAYLAN,6
2741,CEIRAN,6
2741,CELLAN,6
2741,CHARLIE-GEORGE,6
2741,CHI,6
2741,CHRISTO,6
2741,CHRISTY,6
2741,CONSTANTINOS,6
2741,COREY-JAY,6
2741,COREY-LEE,6
2741,DAIYAN,6
2741,DAKSH,6
2741,DANI,6
2741,DARNEL,6
2741,DAVI,6
2741,DEEGAN,6
2741,DEIAN,6
2741,DENIM,6
2741,DENTON,6
2741,DERI,6
2741,DEVESH,6
2741,DHILLON,6
2741,DIAMOND,6
2741,DOMENICO,6
2741,DONATO,6
2741,DONELL,6
2741,DONTAY,6
2741,EDOUARD,6
2741,EDRIC,6
2741,EISSA,6
2741,ELIO,6
2741,EMIN,6
2741,ERIN,6
2741,EVYN,6
2741,EXAUCE,6
2741,EYAD,6
2741,FAHD,6
2741,FARRAN,6
2741,FATIH,6
2741,FAVOUR,6
2741,FAWAD,6
2741,FAYZAN,6
2741,FINNBAR,6
2741,FIYINFOLUWA,6
2741,FLYN,6
2741,FRAISER,6
2741,FRANKI,6
2741,FREDRIC,6
2741,FURQAN,6
2741,FYNNLEY,6
2741,GAGANDEEP,6
2741,GAIUS,6
2741,GARIN,6
2741,GASPARD,6
2741,GENO,6
2741,GERRY,6
2741,GIULIO,6
2741,GLORY,6
2741,GOBIND,6
2741,GOVIND,6
2741,GRANTAS,6
2741,GREAT,6
2741,GURJOT,6
2741,GURSHAAN,6
2741,GUSTAS,6
2741,HAASHIR,6
2741,HABEEB,6
2741,HADEN,6
2741,HAFEEZ,6
2741,HAMDAN,6
2741,HAN,6
2741,HANAN,6
2741,HANI,6
2741,HANO,6
2741,HAREES,6
2741,HASHAM,6
2741,HASNAT,6
2741,IFTIKHAR,6
2741,ILYAAS,6
2741,IMTIYAZ,6
2741,INIOLUWA,6
2741,IOSIF,6
2741,IZAAN,6
2741,JAABIR,6
2741,JACKIE,6
2741,JADYN,6
2741,JAFAR,6
2741,JAMARI,6
2741,JAMIEL,6
2741,JARELL,6
2741,JAVON,6
2741,JAYDEE,6
2741,JAZZ,6
2741,JEAN-PAUL,6
2741,JERICHO,6
2741,JERRARD,6
2741,JESHUA,6
2741,JIBRAEEL,6
2741,JIYAN,6
2741,JOAQUIM,6
2741,JOHN-JAMES,6
2741,JUSTAS,6
2741,KABEER,6
2741,KAEL,6
2741,KAISON,6
2741,KALE,6
2741,KALEN,6
2741,KALIB,6
2741,KALIL,6
2741,KARAMVEER,6
2741,KARTHIK,6
2741,KASON,6
2741,KAVI,6
2741,KAYLE,6
2741,KEEAN,6
2741,KELTON,6
2741,KENDALL,6
2741,KENECHUKWU,6
2741,KEVINAS,6
2741,KIARON,6
2741,KILIAN,6
2741,KING,6
2741,KLEVIS,6
2741,KOBEY,6
2741,KODEY,6
2741,KRISTAN,6
2741,KRISTUPAS,6
2741,KYLEN,6
2741,KYRESE,6
2741,KYROS,6
2741,LAWAND,6
2741,LEALAND,6
2741,LESTER,6
2741,LINKOLN,6
2741,LLEWELYN,6
2741,LOCHLANN,6
2741,LORD,6
2741,LUCAN,6
2741,LUCIO,6
2741,LYSANDER,6
2741,MAAHIR,6
2741,MAAZ,6
2741,MACKAI,6
2741,MAHER,6
2741,MANDEEP,6
2741,MANSOOR,6
2741,MANSUR,6
2741,MANVIR,6
2741,MARCELLO,6
2741,MARQUES,6
2741,MATHIS,6
2741,MATTIA,6
2741,MATTIE,6
2741,MAURO,6
2741,MAXIMO,6
2741,MAXTON,6
2741,MAYAN,6
2741,MD.,6
2741,MICHELE,6
2741,MIHIR,6
2741,MILTON,6
2741,MIRAJ,6
2741,MIRAN,6
2741,MOIN,6
2741,MOMODOU,6
2741,MUBASHIR,6
2741,MUHAMAD,6
2741,MUNIB,6
2741,MUZZAMMIL,6
2741,MYKA,6
2741,NAFTOLI,6
2741,NAIM,6
2741,NARAYAN,6
2741,NEAL,6
2741,NEHAN,6
2741,NIKO,6
2741,NISHAAN,6
2741,NISHAN,6
2741,NOE,6
2741,NOMAAN,6
2741,NOUR,6
2741,NUMAAN,6
2741,OAKLEIGH,6
2741,OBI,6
2741,OBINNA,6
2741,OLLI,6
2741,OLLIVER,6
2741,OLUWATOSIN,6
2741,OSWALD,6
2741,OUSMAN,6
2741,OZZIE,6
2741,PANASHE,6
2741,PARAS,6
2741,PELE,6
2741,PERCIVAL,6
2741,PIJUS,6
2741,PINCHAS,6
2741,PRABHJOT,6
2741,PRAVIN,6
2741,RAFEE,6
2741,RAIS,6
2741,RAKEEM,6
2741,RAMON,6
2741,RANVIR,6
2741,RASHARN,6
2741,RASHAUN,6
2741,RASHED,6
2741,RAYN,6
2741,RED,6
2741,RENATO,6
2741,REYAAN,6
2741,RILEE,6
2741,RILEY-JAY,6
2741,RISHIT,6
2741,RITHIK,6
2741,RODI,6
2741,ROGAN,6
2741,ROHIN,6
2741,ROHITH,6
2741,ROMAAN,6
2741,ROMAIN,6
2741,ROMAINE,6
2741,ROMERO,6
2741,ROMI,6
2741,RON,6
2741,RONIN,6
2741,ROSHAAN,6
2741,RYAN-LEE,6
2741,RYANDEEP,6
2741,RYO,6
2741,SAFI,6
2741,SAHAND,6
2741,SAHIR,6
2741,SAKIB,6
2741,SALEEM,6
2741,SAQLAIN,6
2741,SASCHA,6
2741,SAUD,6
2741,SERHAN,6
2741,SEYED,6
2741,SHABAZ,6
2741,SHAHID,6
2741,SHAHZEB,6
2741,SHAKIEL,6
2741,SHALOM,6
2741,SHAMAS,6
2741,SHAMIR,6
2741,SHAYEN,6
2741,SHAZAIB,6
2741,SHEMAR,6
2741,SHLOK,6
2741,SHOLTO,6
2741,SHULEM,6
2741,SIDDHANT,6
2741,SOFIANE,6
2741,SOHAM,6
2741,SOUL,6
2741,SULAYMAAN,6
2741,SULEMAAN,6
2741,SURAJ,6
2741,TAAHA,6
2741,TAFARA,6
2741,TAIWO,6
2741,TAMER,6
2741,TAREK,6
2741,TARELL,6
2741,TARON,6
2741,TAYON,6
2741,TEJ,6
2741,TEODOR,6
2741,TERRENCE,6
2741,TEVEZ,6
2741,TIBOR,6
2741,TIMMY,6
2741,TIMO,6
2741,TINOTENDA,6
2741,TOLUWANI,6
2741,TRAE,6
2741,TREMAINE,6
2741,TRENTON,6
2741,TYLER-LEE,6
2741,VITO,6
2741,WAHEED,6
2741,WASIF,6
2741,XI,6
2741,YAASEEN,6
2741,YAASIR,6
2741,YACINE,6
2741,YAD,6
2741,YAHIA,6
2741,YANNIS,6
2741,YONI,6
2741,YUSSUF,6
2741,ZADE,6
2741,ZAFIR,6
2741,ZHENG,6
2741,ZUBAYR,6
3095,A-JAY,5
3095,AADIT,5
3095,AARIAN,5
3095,AASIM,5
3095,AATIF,5
3095,ABDIKARIM,5
3095,ABDILLAHI,5
3095,ABDINASIR,5
3095,ABDIRAHIM,5
3095,ABDOULIE,5
3095,ABDUL-RAHEEM,5
3095,ABDULRAHEEM,5
3095,ABDUR-RAHMAAN,5
3095,ABE,5
3095,ABIZER,5
3095,ADAR,5
3095,ADEBOWALE,5
3095,ADOMAS,5
3095,AFNAN,5
3095,AHYAAN,5
3095,AKHIL,5
3095,AKIN,5
3095,ALARIC,5
3095,ALDEN,5
3095,ALEXEI,5
3095,ALEXI,5
3095,ALFIE-JOE,5
3095,ALFONSO,5
3095,ALFREDO,5
3095,ALHASSAN,5
3095,ALIF,5
3095,ALP,5
3095,AMARIO,5
3095,AMROM,5
3095,ANANT,5
3095,ANDRZEJ,5
3095,ANEEQ,5
3095,ANMOL,5
3095,ANSHUL,5
3095,ANTWONE,5
3095,ANUSH,5
3095,APOLLO,5
3095,AQIL,5
3095,ARAM,5
3095,ARAV,5
3095,ARCHI,5
3095,AREEZ,5
3095,ARFAN,5
3095,ARHUM,5
3095,ARIA,5
3095,ARKADIUSZ,5
3095,ARLIND,5
3095,ARNE,5
3095,ARNIE,5
3095,ASHAZ,5
3095,ASHFAQ,5
3095,ASHLEIGH,5
3095,ATHARVA,5
3095,AUGUST,5
3095,AUGUSTAS,5
3095,AVINASH,5
3095,AYAZ,5
3095,AYMAAN,5
3095,AZAM,5
3095,BAI,5
3095,BEAR,5
3095,BENCE,5
3095,BENJAMEN,5
3095,BHAVYA,5
3095,BINYAMEEN,5
3095,BLAZEJ,5
3095,BLESSED,5
3095,BOWEN,5
3095,BOWIE,5
3095,BRAJAN,5
3095,BRAY,5
3095,BRICE,5
3095,BRIGHT,5
3095,BRYSON,5
3095,CAERWYN,5
3095,CAILEN,5
3095,CALLUM-JAY,5
3095,CAMBELL,5
3095,CAMERON-LEE,5
3095,CAMILO,5
3095,CASPIAN,5
3095,CAYDON,5
3095,CAYLEN,5
3095,CHARBEL,5
3095,CHAYCE,5
3095,CHETAN,5
3095,CHUN,5
3095,CIANAN,5
3095,CLARENCE,5
3095,CLIFFORD,5
3095,CLIVE,5
3095,CLYDE,5
3095,CONAN,5
3095,CONNELL,5
3095,CORDELL,5
3095,CORIE,5
3095,CUAN,5
3095,D'ANDRE,5
3095,D'ANGELO,5
3095,DAMANI,5
3095,DAMILOLA,5
3095,DANNY-LEE,5
3095,DARCEY,5
3095,DAREN,5
3095,DARIAN,5
3095,DARIEN,5
3095,DAVION,5
3095,DAYNE,5
3095,DAYYAN,5
3095,DE,5
3095,DEAGLAN,5
3095,DEL,5
3095,DEMARIO,5
3095,DEMETRIUS,5
3095,DENLEY,5
3095,DERICK,5
3095,DERMOT,5
3095,DESHAWN,5
3095,DESIRE,5
3095,DEVRIM,5
3095,DHIREN,5
3095,DIEZEL,5
3095,DIOR,5
3095,DOMONIC,5
3095,DONAL,5
3095,DOV,5
3095,DYLLON,5
3095,EASA,5
3095,EDMOND,5
3095,EGOR,5
3095,EHREN,5
3095,EITHAN,5
3095,EKENE,5
3095,EKOW,5
3095,ELIAN,5
3095,ELIYOHU,5
3095,ELLIAS,5
3095,ELMO,5
3095,EMRAN,5
3095,ENDRIT,5
3095,ENEA,5
3095,ERFAN,5
3095,ERION,5
3095,ESSIEN,5
3095,ESTEBAN,5
3095,EVANS,5
3095,FADI,5
3095,FADIL,5
3095,FARAI,5
3095,FARON,5
3095,FARREN,5
3095,FAWWAZ,5
3095,FIDEL,5
3095,FILIPE,5
3095,FILIPPO,5
3095,FIZAAN,5
3095,FLINN,5
3095,FRAIZER,5
3095,FRANZ,5
3095,FREDDI,5
3095,FYNLAY,5
3095,GARRETT,5
3095,GAUTAM,5
3095,GAVRIEL,5
3095,GENESIS,5
3095,GEORGIOS,5
3095,GIAAN,5
3095,GRIFFITH,5
3095,GULAM,5
3095,GURDIT,5
3095,HAARITH,5
3095,HABEEL,5
3095,HAMDAAN,5
3095,HAMED,5
3095,HAMILTON,5
3095,HAMZE,5
3095,HANZALA,5
3095,HARESH,5
3095,HARJAN,5
3095,HARLEY-JAY,5
3095,HAROUN,5
3095,HARVEYLEE,5
3095,HARVIN,5
3095,HEDLEY,5
3095,HENOK,5
3095,HITESH,5
3095,HO,5
3095,HONG,5
3095,HUMAID,5
3095,IBRAR,5
3095,IGNACIO,5
3095,IGNACY,5
3095,IGNAS,5
3095,ILIA,5
3095,INDERVEER,5
3095,IORWERTH,5
3095,IRFAAN,5
3095,ISREAL,5
3095,ISSAM,5
3095,JABEZ,5
3095,JACEK,5
3095,JACKY,5
3095,JAELAN,5
3095,JAHANZEB,5
3095,JAHID,5
3095,JAHMAL,5
3095,JAIMIE,5
3095,JALEEL,5
3095,JAMEY,5
3095,JAMIELEE,5
3095,JASDEEP,5
3095,JASPREET,5
3095,JAVED,5
3095,JAWAAD,5
3095,JAY-DEE,5
3095,JAYDEN-JAMES,5
3095,JEHU,5
3095,JERRELL,5
3095,JESSY,5
3095,JEVONTE,5
3095,JIMMIE,5
3095,JOBIE,5
3095,JONJOE,5
3095,JORDAN-LEE,5
3095,JORDY,5
3095,JOS,5
3095,JOTHAM,5
3095,JOVI,5
3095,JUDD,5
3095,JUJHAR,5
3095,JULIO,5
3095,JULIUSZ,5
3095,KAAMIL,5
3095,KACI,5
3095,KAELEM,5
3095,KAIAN,5
3095,KAIS,5
3095,KAIYAN,5
3095,KAL-EL,5
3095,KALLEN,5
3095,KAMREN,5
3095,KAR,5
3095,KARANVIR,5
3095,KAROLIS,5
3095,KARTIK,5
3095,KAVEN,5
3095,KAYDE,5
3095,KAYRA,5
3095,KEATEN,5
3095,KEETON,5
3095,KEIREN,5
3095,KELLY,5
3095,KELSEY,5
3095,KEMAR,5
3095,KENTON,5
3095,KENYON,5
3095,KETAN,5
3095,KEYON,5
3095,KHALIFA,5
3095,KHURAM,5
3095,KIAL,5
3095,KLAUDIUSZ,5
3095,KLAYTON,5
3095,KONNER,5
3095,KORBYN,5
3095,KRAY,5
3095,KRISTEN,5
3095,KSAWERY,5
3095,KUNAL,5
3095,KUSHAL,5
3095,KYREE,5
3095,KYRONE,5
3095,LAKE,5
3095,LAMAR,5
3095,LATRELL,5
3095,LAURENT,5
3095,LAURYNAS,5
3095,LAWRIE,5
3095,LAYLAND,5
3095,LE,5
3095,LEANDER,5
3095,LEBRON,5
3095,LEELAN,5
3095,LEEROY,5
3095,LENNARD,5
3095,LIAN,5
3095,LINCON,5
3095,LINKON,5
3095,LOGHAN,5
3095,LORIK,5
3095,LORIS,5
3095,LOUEY,5
3095,LOUIX,5
3095,LOWEN,5
3095,LUKUS,5
3095,MAHFUZ,5
3095,MAHFUZUR,5
3095,MALAKYE,5
3095,MANPREET,5
3095,MARCELL,5
3095,MARLEE,5
3095,MARLI,5
3095,MARLO,5
3095,MARSDEN,5
3095,MATAN,5
3095,MAZEN,5
3095,MCCORLEY,5
3095,MCKINLEY,5
3095,MEHRAJ,5
3095,MENDEL,5
3095,MENDY,5
3095,MICKAEL,5
3095,MICKIE,5
3095,MINH,5
3095,MISBAH,5
3095,MISHA,5
3095,MOHAMMED-,5
3095,MOHMED,5
3095,MOSTAFA,5
3095,MUAD,5
3095,MUHAMMET,5
3095,MUIZZ,5
3095,NAJIB,5
3095,NAMAN,5
3095,NAQEEB,5
3095,NASSER,5
3095,NAVID,5
3095,NAVNEET,5
3095,NAVRAJ,5
3095,NEVAEH,5
3095,NIKLAS,5
3095,NIRAJ,5
3095,NNAMDI,5
3095,NOMAN,5
3095,NUH,5
3095,NUMAIR,5
3095,NYAL,5
3095,NYRON,5
3095,ODHRAN,5
3095,OLAOLUWA,5
3095,OLEG,5
3095,OLIWER,5
3095,OLUWASEGUN,5
3095,OLUWASEMILORE,5
3095,ORI,5
3095,OSAMA,5
3095,OSSIE,5
3095,PANAGIOTIS,5
3095,PARAM,5
3095,PETE,5
3095,PEYTON,5
3095,PHARELL,5
3095,PHEONIX,5
3095,PHILIPP,5
3095,PHINEAS,5
3095,PRATHAM,5
3095,PRATIK,5
3095,PRAVEEN,5
3095,PRIYESH,5
3095,QAASIM,5
3095,QI,5
3095,QUILLAN,5
3095,RAAHIL,5
3095,RADLEY,5
3095,RADOSLAW,5
3095,RAHIL,5
3095,RAIHAAN,5
3095,RALFIE,5
3095,RAMIRO,5
3095,RANA,5
3095,RANDY,5
3095,RATU,5
3095,RAVEN,5
3095,RAWA,5
3095,REFOEL,5
3095,REMIGIUSZ,5
3095,REMUS,5
3095,RENO,5
3095,RHIDIAN,5
3095,RHYSE,5
3095,RICHMOND,5
3095,RIFAT,5
3095,RIORDAN,5
3095,RISHAN,5
3095,RIYADH,5
3095,ROCKO,5
3095,RONIT,5
3095,ROSHAUN,5
3095,ROYCE,5
3095,RUARIDH,5
3095,RUBYN,5
3095,SAABIR,5
3095,SAAIM,5
3095,SABER,5
3095,SADIQ,5
3095,SAFIAN,5
3095,SAFYAN,5
3095,SAMAR,5
3095,SAMED,5
3095,SAMET,5
3095,SAMIM,5
3095,SAMUELE,5
3095,SANAD,5
3095,SAYEED,5
3095,SAYF,5
3095,SEBASTIANO,5
3095,SENAN,5
3095,SHAD,5
3095,SHAHAB,5
3095,SHAHIN,5
3095,SHAMEER,5
3095,SHAURYA,5
3095,SHREY,5
3095,SHUAYB,5
3095,SI,5
3095,SIKANDAR,5
3095,SIMAO,5
3095,SIMONAS,5
3095,SINA,5
3095,SINAN,5
3095,SIYAM,5
3095,SKYE,5
3095,SKYLER,5
3095,SONNEY,5
3095,SUFIYAAN,5
3095,SUFIYAN,5
3095,SUSHANT,5
3095,TADIWA,5
3095,TAE,5
3095,TAHER,5
3095,TAIYO,5
3095,TAKUDZWA,5
3095,TAL,5
3095,TALIB,5
3095,TALVIN,5
3095,TANISHQ,5
3095,TANZIL,5
3095,TAPIWA,5
3095,TAREN,5
3095,TAWANDA,5
3095,TAY,5
3095,TAYLA,5
3095,TAYLEN,5
3095,TAYLON,5
3095,TAYLOR-JAY,5
3095,TEE-JAY,5
3095,TESLIM,5
3095,THABO,5
3095,TIMON,5
3095,TOBILOBA,5
3095,TOLGA,5
3095,TOMMYLEE,5
3095,TYLAN,5
3095,TYLAR,5
3095,TYREL,5
3095,TYRESSE,5
3095,TYRUS,5
3095,UBAIDULLAH,5
3095,UBAYDULLAH,5
3095,UCHENNA,5
3095,UDAY,5
3095,UGUR,5
3095,USAMA,5
3095,VALENTIN,5
3095,VERNON,5
3095,VERON,5
3095,VIGGO,5
3095,VIHAAN,5
3095,VINEET,5
3095,WAJID,5
3095,WALLACE,5
3095,WAQAR,5
3095,WOODROW,5
3095,YAHYAA,5
3095,YANNI,5
3095,YAQOOB,5
3095,YASHVEER,5
3095,YECHESKEL,5
3095,YILMAZ,5
3095,YISRAEL,5
3095,YLLI,5
3095,YUN,5
3095,YURI,5
3095,YUSHA,5
3095,ZAIM,5
3095,ZAKRIYA,5
3095,ZEYAD,5
3095,ZUHAYR,5
3095,ZVI,5
3589,AADARSH,4
3589,AAKASH,4
3589,AAQIB,4
3589,AARIB,4
3589,AARIF,4
3589,AARNAV,4
3589,AARON-JAMES,4
3589,AARONDEEP,4
3589,AARONVEER,4
3589,AARYA,4
3589,ABAAN,4
3589,ABDALRAHMAN,4
3589,ABDERAHMANE,4
3589,ABDERRAHMANE,4
3589,ABDILADIF,4
3589,ABDIMAJID,4
3589,ABDIRIZAK,4
3589,ABDISALAM,4
3589,ABDUL-AHAD,4
3589,ABDULAAHI,4
3589,ABDULAH,4
3589,ABDULHADI,4
3589,ABDULKAREEM,4
3589,ABDUR-REHMAN,4
3589,ABDURRAHMAAN,4
3589,ABHIJAY,4
3589,ABHIRAM,4
3589,ABIOLA,4
3589,ABISHAN,4
3589,ADAMA,4
3589,ADARSH,4
3589,ADEDEJI,4
3589,ADEYEMI,4
3589,ADIN,4
3589,ADISON,4
3589,ADIT,4
3589,ADVAITH,4
3589,AFTAB,4
3589,AHAN,4
3589,AHNAF,4
3589,AILBE,4
3589,AIREN,4
3589,AJANI,4
3589,AJEET,4
3589,AJWAD,4
3589,AKIRA,4
3589,AKSEL,4
3589,AKSHAT,4
3589,AKSHAYAN,4
3589,AKSHITH,4
3589,AL-AMEEN,4
3589,AL-AMIN,4
3589,ALAIN,4
3589,ALEK,4
3589,ALEKSEI,4
3589,ALGERNON,4
3589,ALIM,4
3589,ALPHIE,4
3589,ALTAF,4
3589,ALUSINE,4
3589,ALVARO,4
3589,ALWYN,4
3589,AMARION,4
3589,AMARU,4
3589,AMAURY,4
3589,AMIL,4
3589,AMRAJ,4
3589,AMRITPAL,4
3589,ANDILE,4
3589,ANDREJ,4
3589,ANDRIES,4
3589,ANES,4
3589,ANGELOS,4
3589,ANGELUS,4
3589,ANKIT,4
3589,ANNAS,4
3589,ANTONIS,4
3589,ANUOLUWA,4
3589,ARAFATH,4
3589,ARBAAZ,4
3589,ARDEN,4
3589,ARINZECHUKWU,4
3589,ARMINAS,4
3589,ARQAM,4
3589,ARREN,4
3589,ARTEM,4
3589,ARUNDEEP,4
3589,ARYEH,4
3589,ASHISH,4
3589,ASHTEN,4
3589,ASWIN,4
3589,ATHARV,4
3589,AUM,4
3589,AVNISH,4
3589,AXL,4
3589,AYOMIPOSI,4
3589,AYOOB,4
3589,AYOOLA,4
3589,AZLAN,4
3589,BABY,4
3589,BADAR,4
3589,BAILLIE,4
3589,BAM,4
3589,BARTHOLOMEW,4
3589,BASHIR,4
3589,BASIM,4
3589,BATU,4
3589,BAYDEN,4
3589,BENARD,4
3589,BENJAMIN-JAMES,4
3589,BENJIMAN,4
3589,BENNI,4
3589,BERT,4
3589,BERTRAND,4
3589,BETHEL,4
3589,BHAVESH,4
3589,BHAVIK,4
3589,BHUVAN,4
3589,BILLAL,4
3589,BINYAMIN,4
3589,BLERTON,4
3589,BO,4
3589,BOBBY-JACK,4
3589,BOBI,4
3589,BODEN,4
3589,BODI,4
3589,BOYAN,4
3589,BRADAN,4
3589,BRADLEIGH,4
3589,BRAE,4
3589,BRANNAN,4
3589,BRINDLEY,4
3589,BRODI,4
3589,BRYCHAN,4
3589,BRYDON,4
3589,BRYNLEE,4
3589,BUKHARI,4
3589,CAEDMON,4
3589,CAELEB,4
3589,CAID,4
3589,CAIDON,4
3589,CAILAN,4
3589,CAILEAN,4
3589,CALEM,4
3589,CALLEN,4
3589,CAMDEN,4
3589,CAMRYN,4
3589,CASS,4
3589,CAVEN,4
3589,CAYDAN,4
3589,CAYDE,4
3589,CAYLE,4
3589,CEDRIC,4
3589,CELT,4
3589,CEMAL,4
3589,CERI,4
3589,CESAR,4
3589,CEYHAN,4
3589,CHARLTON,4
3589,CHIBUEZE,4
3589,CHIBUIKE,4
3589,CHIDUBEM,4
3589,CHIRAG,4
3589,CHRISTIE,4
3589,CIAREN,4
3589,CLAUDIO,4
3589,COBAN,4
3589,CODEN,4
3589,COLT,4
3589,CONNOR-LEE,4
3589,CONSTANTINE,4
3589,CORAN,4
3589,CORRY,4
3589,CORWIN,4
3589,CUBA,4
3589,CURTIS-LEE,4
3589,CUTHBERT,4
3589,DAHIR,4
3589,DAIN,4
3589,DAKARAI,4
3589,DALEY,4
3589,DALHA,4
3589,DALZIEL,4
3589,DANESH,4
3589,DANIEL-JAMES,4
3589,DANIL,4
3589,DARBY,4
3589,DARIUSH,4
3589,DARREL,4
3589,DAVY,4
3589,DEAKIN,4
3589,DEAKON,4
3589,DEIGHTON,4
3589,DEJON,4
3589,DEMIR,4
3589,DENHOLM,4
3589,DENIRO,4
3589,DENZELL,4
3589,DERRICK,4
3589,DERRYN,4
3589,DERYN,4
3589,DESHON,4
3589,DEVLIN,4
3589,DHRU,4
3589,DILAKSHAN,4
3589,DIMITAR,4
3589,DIMITRIOS,4
3589,DIMITRIS,4
3589,DIONIS,4
3589,DIREN,4
3589,DIVIN,4
3589,DIYAN,4
3589,DJIBRIL,4
3589,DOLTON,4
3589,DONNACHA,4
3589,DONNEL,4
3589,DRAVEN,4
3589,DUSAN,4
3589,EASON,4
3589,EASTON,4
3589,EBUBECHI,4
3589,EDSON,4
3589,EFOSA,4
3589,EGAN,4
3589,EGHOSA,4
3589,EHAN,4
3589,EIFION,4
3589,EIMANTAS,4
3589,EITAN,4
3589,EJAZ,4
3589,ELIE,4
3589,ELIKEM,4
3589,ELISEI,4
3589,ENIOLA,4
3589,ERAN,4
3589,ERMAL,4
3589,EROS,4
3589,ETINOSA,4
3589,EVANN,4
3589,EYTHAN,4
3589,FAIZAL,4
3589,FAOLAN,4
3589,FARAN,4
3589,FARRON,4
3589,FARUK,4
3589,FAYSAL,4
3589,FAZAN,4
3589,FERHAT,4
3589,FERRIS,4
3589,FINNEGAN,4
3589,FIRAS,4
3589,FLAVIO,4
3589,FOREST,4
3589,FOSTER,4
3589,FRAN,4
3589,FRANCK,4
3589,FRANKLYN,4
3589,FREDDIE-LEE,4
3589,FRIEDRICH,4
3589,FURQAAN,4
3589,FYN,4
3589,GAD,4
3589,GAEL,4
3589,GAL,4
3589,GANESH,4
3589,GIANNIS,4
3589,GIOVANI,4
3589,GODFRED,4
3589,GUILLAUME,4
3589,GULED,4
3589,GULEED,4
3589,GURDEEP,4
3589,GURJAS,4
3589,GWYN,4
3589,HABIBUR,4
3589,HADID,4
3589,HALEEM,4
3589,HARAN,4
3589,HARIZ,4
3589,HARJAS,4
3589,HARLEY-JOE,4
3589,HARRY-JAMES,4
3589,HARTEJ,4
3589,HARVEY-JAY,4
3589,HARVIR,4
3589,HAYYAAN,4
3589,HENRIQUE,4
3589,HERSH,4
3589,HERSHEL,4
3589,HEYDON,4
3589,HILAL,4
3589,HRISHIKESH,4
3589,HUDAYFAH,4
3589,HUSEIN,4
3589,HUSSAM,4
3589,HUSSIEN,4
3589,HYWEL,4
3589,IANTO,4
3589,IFEANYICHUKWU,4
3589,IFEOLUWA,4
3589,IGGY,4
3589,ILYES,4
3589,IMTIAZ,4
3589,INDI,4
3589,IORI,4
3589,ISAH,4
3589,ISAMBARD,4
3589,ISHER,4
3589,ISHMAIL,4
3589,ISHRAQ,4
3589,ISMAAEEL,4
3589,IWO,4
3589,IYAD,4
3589,IZAC,4
3589,IZHAN,4
3589,IZUCHUKWU,4
3589,J-JAY,4
3589,JACCOB,4
3589,JACK-JAMES,4
3589,JACOBUS,4
3589,JACUB,4
3589,JACY,4
3589,JAHMAI,4
3589,JAIDEV,4
3589,JAIRAJ,4
3589,JAISON,4
3589,JAIVEER,4
3589,JAMA,4
3589,JAMAINE,4
3589,JAMEIL,4
3589,JAQ,4
3589,JAQUAN,4
3589,JARDEL,4
3589,JARET,4
3589,JAROSLAV,4
3589,JASHAN,4
3589,JASMEET,4
3589,JASON-LEE,4
3589,JASPAR,4
3589,JASVEER,4
3589,JATIN,4
3589,JAVONTE,4
3589,JAWWAD,4
3589,JAXX,4
3589,JAY-LEE,4
3589,JAYEN,4
3589,JAZIB,4
3589,JEAN-LUC,4
3589,JEMUEL,4
3589,JEREMI,4
3589,JEZ,4
3589,JIRI,4
3589,JIVAN,4
3589,JOASH,4
3589,JODEN,4
3589,JOHN-JOSEPH,4
3589,JOHNATHON,4
3589,JOJO,4
3589,JONATAN,4
3589,JONPAUL,4
3589,JORIS,4
3589,JOSIAS,4
3589,JUSTINAS,4
3589,KADYN,4
3589,KAELEN,4
3589,KAILAN,4
3589,KAILASH,4
3589,KAILEM,4
3589,KAJETAN,4
3589,KALID,4
3589,KALIM,4
3589,KAMANI,4
3589,KANNAN,4
3589,KAREL,4
3589,KASEN,4
3589,KASHAN,4
3589,KASSIM,4
3589,KAVEL,4
3589,KAYAL,4
3589,KAYDN,4
3589,KAYNAN,4
3589,KAZIM,4
3589,KEANON,4
3589,KEHINDE,4
3589,KEKELI,4
3589,KELBY,4
3589,KELSON,4
3589,KENT,4
3589,KEONI,4
3589,KERRY,4
3589,KHAALID,4
3589,KHAWAJA,4
3589,KHAYA,4
3589,KHYE,4
3589,KHYLE,4
3589,KI,4
3589,KIDUS,4
3589,KIEDIS,4
3589,KIERNAN,4
3589,KIN,4
3589,KIP,4
3589,KIREN,4
3589,KOHAN,4
3589,KONSTANTINOS,4
3589,KOOPER,4
3589,KORBIN,4
3589,KRISHNAN,4
3589,KRISTOFER,4
3589,KUMAYL,4
3589,KWASI,4
3589,KWESI,4
3589,KY-MANI,4
3589,KYNAN,4
3589,LABEEB,4
3589,LADISLAV,4
3589,LASZLO,4
3589,LATHUSAN,4
3589,LAUCHLAN,4
3589,LAYLEN,4
3589,LAZAR,4
3589,LAZARUS,4
3589,LEEVI,4
3589,LEIGHLAN,4
3589,LENI,4
3589,LENON,4
3589,LEVAN,4
3589,LEVY,4
3589,LEWY,4
3589,LIN,4
3589,LINAS,4
3589,LINDON,4
3589,LINTON,4
3589,LONAN,4
3589,LORENZ,4
3589,LOUCA,4
3589,LUIZ,4
3589,LUKAH,4
3589,LUYANDA,4
3589,MACE,4
3589,MACORLEY,4
3589,MAEL,4
3589,MAHAAN,4
3589,MAHAMUD,4
3589,MAHBUB,4
3589,MAHI,4
3589,MAKS,4
3589,MAKSYM,4
3589,MALIKAI,4
3589,MALIQUE,4
3589,MAN,4
3589,MANASSE,4
3589,MANN,4
3589,MARCELO,4
3589,MARCIO,4
3589,MARJAN,4
3589,MARKUSS,4
3589,MARLOW,4
3589,MARLOWE,4
3589,MARLY,4
3589,MARQUEZ,4
3589,MARTIM,4
3589,MARUF,4
3589,MARZUQ,4
3589,MATHIEU,4
3589,MATUS,4
3589,MAXENCE,4
3589,MAYANK,4
3589,MAYOWA,4
3589,MCAULEY,4
3589,MEESAM,4
3589,MEHUL,4
3589,MEMET,4
3589,MERDAN,4
3589,MESHACH,4
3589,METIN,4
3589,MICK,4
3589,MIHAI,4
3589,MIKIE,4
3589,MILAD,4
3589,MILEY,4
3589,MINHAJ,4
3589,MKENZIE,4
3589,MOAZZAM,4
3589,MOHAMMED-ALI,4
3589,MOHANAD,4
3589,MOHID,4
3589,MOHIT,4
3589,MOHSEN,4
3589,MOIZ,4
3589,MOSS,4
3589,MUAAD,4
3589,MUAADH,4
3589,MUADH,4
3589,MUBAARAK,4
3589,MUBEEN,4
3589,MUDASSAR,4
3589,MUFARO,4
3589,MUHAMMAD-ALI,4
3589,MUNASAR,4
3589,MUNEER,4
3589,MUNESU,4
3589,MUNGO,4
3589,MURAD,4
3589,NAFIS,4
3589,NAHOM,4
3589,NALI,4
3589,NAM,4
3589,NASH,4
3589,NASSIM,4
3589,NATHANEAL,4
3589,NATNAEL,4
3589,NAVJOT,4
3589,NAZIM,4
3589,NERO,4
3589,NEVAN,4
3589,NIAH,4
3589,NIKOLA,4
3589,NISHIL,4
3589,NIXON,4
3589,NIYAM,4
3589,NIYAZ,4
3589,NORTON,4
3589,NOUMAN,4
3589,NUNO,4
3589,O'SHEA,4
3589,OBED,4
3589,OLISAEMEKA,4
3589,OLUSEGUN,4
3589,OLUWAFOLAJIMI,4
3589,OLUWAMAYOWA,4
3589,OLUWATAMILORE,4
3589,OMARIE,4
3589,OMARIO,4
3589,OMRAN,4
3589,ONDREJ,4
3589,OREOLUWA,4
3589,ORESTAS,4
3589,ORGES,4
3589,OSAGIE,4
3589,OSKARAS,4
3589,OSWIN,4
3589,OZAIR,4
3589,PAARTH,4
3589,PADRAIC,4
3589,PASHA,4
3589,PATRICE,4
3589,PAWANDEEP,4
3589,PAYTON,4
3589,PETROS,4
3589,PHILIPPOS,4
3589,PRABDEEP,4
3589,PRITAM,4
3589,PROSPER,4
3589,QASSIM,4
3589,QUINTIN,4
3589,RAAHIM,4
3589,RAFFAEL,4
3589,RAHEES,4
3589,RAHEIM,4
3589,RAHIEM,4
3589,RAKAN,4
3589,RAKIN,4
3589,RALPHY,4
3589,RAMADAN,4
3589,RAMIZ,4
3589,RANULPH,4
3589,RAOUL,4
3589,RASHAAN,4
3589,RASMUS,4
3589,RAUMAAN,4
3589,RAYEN,4
3589,RAYNE,4
3589,RAZVAN,4
3589,REDD,4
3589,REHMAAN,4
3589,REICE,4
3589,REILEY,4
3589,REMELL,4
3589,RICKI,4
3589,RIDA,4
3589,RIHAN,4
3589,RIKKI,4
3589,RILEY-JAMES,4
3589,RINOR,4
3589,RISHON,4
3589,RITVIK,4
3589,RIYAAN,4
3589,RODDY,4
3589,ROLLO,4
3589,ROMEY,4
3589,RORI,4
3589,RUEBAN,4
3589,RUHAN,4
3589,RYAAN,4
3589,RYAN-JAMES,4
3589,RYKER,4
3589,RYLEA,4
3589,SAAHIR,4
3589,SAAJAN,4
3589,SABIAN,4
3589,SACHIT,4
3589,SAFEER,4
3589,SAFYAAN,4
3589,SAGAR,4
3589,SAHID,4
3589,SAHL,4
3589,SAIHAAN,4
3589,SAIKOU,4
3589,SAJED,4
3589,SAMAN,4
3589,SAMAY,4
3589,SAMEEM,4
3589,SAMIH,4
3589,SAMIULLAH,4
3589,SANCHEZ,4
3589,SAOOD,4
3589,SARWAR,4
3589,SAVIO,4
3589,SEKOU,4
3589,SENAY,4
3589,SERGE,4
3589,SEVE,4
3589,SEWERYN,4
3589,SHAAKIR,4
3589,SHAHAN,4
3589,SHAHEEN,4
3589,SHAHMEER,4
3589,SHAHYAN,4
3589,SHAIKH,4
3589,SHAKIB,4
3589,SHAKIL,4
3589,SHANNON,4
3589,SHARIQ,4
3589,SHEKH,4
3589,SHERIF,4
3589,SHIA,4
3589,SHRAVAN,4
3589,SHUBHAM,4
3589,SHWAN,4
3589,SIDAR,4
3589,SIMRAN,4
3589,SIRAAJ,4
3589,SKY,4
3589,SONI,4
3589,SONNY-LEE,4
3589,STAVROS,4
3589,STEPHANE,4
3589,SUHAAN,4
3589,SUHAYL,4
3589,SUKHMAN,4
3589,SUMIT,4
3589,SUNIL,4
3589,SWAYAM,4
3589,SY,4
3589,SYON,4
3589,TAAHIR,4
3589,TAASEEN,4
3589,TAEGAN,4
3589,TAHMEED,4
3589,TAIT,4
3589,TAMIR,4
3589,TANER,4
3589,TAPIWANASHE,4
3589,TARREN,4
3589,TARYN,4
3589,TAUHEED,4
3589,TAURAS,4
3589,TAUSEEF,4
3589,TAWANA,4
3589,TAYO,4
3589,TAYTE,4
3589,TAYUB,4
3589,TAYYEB,4
3589,TEEGAN,4
3589,TEILO,4
3589,TEMIDAYO,4
3589,TEMITAYO,4
3589,TEMITOPE,4
3589,TENDO,4
3589,TEYMOUR,4
3589,THADDEUS,4
3589,THEOPHILUS,4
3589,THIAGO,4
3589,THIJS,4
3589,TIARNAN,4
3589,TILAK,4
3589,TIMOTHEE,4
3589,TION,4
3589,TOLUWALASE,4
3589,TOMER,4
3589,TONI,4
3589,TOPRAK,4
3589,TORRIN,4
3589,TORYN,4
3589,TREASURE,4
3589,TUSHAR,4
3589,TY-REECE,4
3589,TYAN,4
3589,TYEE,4
3589,TYLER-RHYS,4
3589,TYRECE,4
3589,TYRRELL,4
3589,TZVI,4
3589,UCHE,4
3589,UNAIS,4
3589,VASILEIOS,4
3589,VEDANT,4
3589,VENKATA,4
3589,VIGNESH,4
3589,VINAYAK,4
3589,VINNI,4
3589,VLADISLAV,4
3589,VYOM,4
3589,WAEL,4
3589,WAI,4
3589,WAQAS,4
3589,WESTLEY,4
3589,WILLOUGHBY,4
3589,WILLOW,4
3589,YACOB,4
3589,YAFET,4
3589,YAKUB,4
3589,YANG,4
3589,YANNIK,4
3589,YASINE,4
3589,YAZAN,4
3589,YEHOSHUA,4
3589,YOHANN,4
3589,YORK,4
3589,YOSEPH,4
3589,YUG,4
3589,ZAAKIR,4
3589,ZACHARI,4
3589,ZACKARIAH,4
3589,ZACKARIYA,4
3589,ZAIDEN,4
3589,ZARIF,4
3589,ZAYDEN,4
3589,ZAYED,4
3589,ZEDAN,4
3589,ZEIN,4
3589,ZHEN,4
3589,ZICO,4
3589,ZOHEB,4
4333,AABAN,3
4333,AAMAN,3
4333,AAQIL,3
4333,AAREN,3
4333,AASHISH,3
4333,AAYAAN,3
4333,ABAN,3
4333,ABBAAS,3
4333,ABDARAHMAN,3
4333,ABDELKARIM,3
4333,ABDIMAJIID,3
4333,ABDIQANI,3
4333,ABDU,3
4333,ABDUL-AZIZ,3
4333,ABDUL-HAADI,3
4333,ABDUL-HADI,3
4333,ABDULA,3
4333,ABDULAHAD,3
4333,ABDULKARIM,3
4333,ABDULLAAHI,3
4333,ABDULLATIF,3
4333,ABDULMAJID,3
4333,ABDULMALEK,3
4333,ABDULSALAM,3
4333,ABDURRAHEEM,3
4333,ABED,3
4333,ABEEL,3
4333,ABEER,3
4333,ABHIJEET,3
4333,ABIDEEN,3
4333,ABIDUR,3
4333,ABILASH,3
4333,ABISHEK,3
4333,ABOUBACAR,3
4333,ABRAM,3
4333,ABRAR,3
4333,ACHILLES,3
4333,ADAAM,3
4333,ADDIS,3
4333,ADEBOYE,3
4333,ADEE,3
4333,ADELEKE,3
4333,ADEOLU,3
4333,ADETUNJI,3
4333,ADIE,3
4333,ADISA,3
4333,ADITH,3
4333,ADNAAN,3
4333,ADVAIT,3
4333,AEDDAN,3
4333,AFEEF,3
4333,AGASTYA,3
4333,AHAMED,3
4333,AHMAR,3
4333,AHSEN,3
4333,AIDY,3
4333,AIRIDAS,3
4333,AIRON,3
4333,AISOSA,3
4333,AIYAN,3
4333,AJAI,3
4333,AJAN,3
4333,AJIT,3
4333,AKIL,3
4333,AKINLOLU,3
4333,AKITO,3
4333,AKMAL,3
4333,AKSH,3
4333,AKWASI,3
4333,ALAMIN,3
4333,ALDRICH,3
4333,ALEKSANDRAS,3
4333,ALEM,3
4333,ALEND,3
4333,ALEXANDAR,3
4333,ALEXANDRO,3
4333,ALEXIE,3
4333,ALEXIOS,3
4333,ALFIE-,3
4333,ALFIE-RAY,3
4333,ALIAKBAR,3
4333,ALIN,3
4333,ALISDAIR,3
4333,ALMAMY,3
4333,ALMIR,3
4333,ALOK,3
4333,ALONZO,3
4333,ALPER,3
4333,ALPEREN,3
4333,ALROY,3
4333,ALTAY,3
4333,AMADEUS,3
4333,AMANJOT,3
4333,AMANULLAH,3
4333,AMAREE,3
4333,AMARIE,3
4333,AMAY,3
4333,AMEL,3
4333,AMEYA,3
4333,AMIEL,3
4333,AMIIN,3
4333,AMIT,3
4333,AMITAI,3
4333,AMJAD,3
4333,AMMAD,3
4333,AMRO,3
4333,ANDRAS,3
4333,ANEIRIN,3
4333,ANEL,3
4333,ANTONINO,3
4333,ANTWAN,3
4333,ARANDEEP,3
4333,ARCHEY,3
4333,ARCHIE-LEE,3
4333,ARDI,3
4333,ARHAN,3
4333,ARIEN,3
4333,ARISH,3
4333,ARJUNA,3
4333,ARNAUD,3
4333,ARNO,3
4333,AROLD,3
4333,AROON,3
4333,AROZ,3
4333,ARRUN,3
4333,ARSALAAN,3
4333,ARSHAD,3
4333,ARTIOM,3
4333,ARUL,3
4333,ARVID,3
4333,ARWAND,3
4333,ARWYN,3
4333,ASANTE,3
4333,ASHAN,3
4333,ASHTON-JAMES,3
4333,ASHVEEN,3
4333,ASHWYN,3
4333,ASSAD,3
4333,ATA,3
4333,ATEEQ,3
4333,ATHAN,3
4333,ATILA,3
4333,ATILLA,3
4333,ATIQ,3
4333,AUDEN,3
4333,AUREL,3
4333,AVANISH,3
4333,AYDON,3
4333,AZIAH,3
4333,BABAK,3
4333,BAFFOUR,3
4333,BAIDEN,3
4333,BAILEIGH,3
4333,BAILEY-JAMES,3
4333,BAILEY-JOE,3
4333,BAKARY,3
4333,BALEN,3
4333,BALIN,3
4333,BALTHAZAR,3
4333,BARCLAY,3
4333,BARDIA,3
4333,BARKLEY,3
4333,BARRIE,3
4333,BASHEER,3
4333,BASSEL,3
4333,BATUHAN,3
4333,BAY,3
4333,BAYRAM,3
4333,BELAL,3
4333,BENAIAH,3
4333,BENI,3
4333,BENJI,3
4333,BENNET,3
4333,BERNARDAS,3
4333,BERTAN,3
4333,BHARGAV,3
4333,BHAVIN,3
4333,BILAWAL,3
4333,BILLI,3
4333,BILLY-DEAN,3
4333,BILLY-LEE,3
4333,BILLYJOE,3
4333,BING,3
4333,BLAYKE,3
4333,BLEDDYN,3
4333,BLYTH,3
4333,BOBBY-JOE,3
4333,BON,3
4333,BORA,3
4333,BORUCH,3
4333,BOSTON,3
4333,BRAIDAN,3
4333,BRAYDEN-LEE,3
4333,BRENNEN,3
4333,BRODEY,3
4333,BRYNMOR,3
4333,BRYON,3
4333,BULUT,3
4333,BURHAAN,3
4333,BURT,3
4333,BUSTER,3
4333,CABHAN,3
4333,CADELL,3
4333,CAELIN,3
4333,CAGAN,3
4333,CAINAN,3
4333,CAL,3
4333,CALIB,3
4333,CALLUN,3
4333,CALYB,3
4333,CAMERON-JAMES,3
4333,CAMREN,3
4333,CANAAN,3
4333,CAREY,3
4333,CARLYLE,3
4333,CARNELL,3
4333,CARTIER,3
4333,CASON,3
4333,CAVELL,3
4333,CAYDN,3
4333,CAYLEM,3
4333,CAYO,3
4333,CECIL,3
4333,CELYN,3
4333,CERITH,3
4333,CEZARY,3
4333,CHAI,3
4333,CHAITANYA,3
4333,CHARLIE-JACK,3
4333,CHARLIE-JOE,3
4333,CHASEY,3
4333,CHAUDHRY,3
4333,CHERNO,3
4333,CHESNEY,3
4333,CHIAGOZIEM,3
4333,CHIBUIKEM,3
4333,CHIDIEBERE,3
4333,CHIEF,3
4333,CHIJIOKE,3
4333,CHIMA,3
4333,CHINEDUM,3
4333,CHRISTAN,3
4333,CHRISTOFF,3
4333,CHRISTOPH,3
4333,CHRISTOPHE,3
4333,CHUKWUKA,3
4333,CIARON,3
4333,CJAY,3
4333,CLEON,3
4333,CLINT,3
4333,COBAIN,3
4333,COLLIN,3
4333,CONNEL,3
4333,CONNOR-JAMES,3
4333,CORBON,3
4333,CORMACK,3
4333,CORREY,3
4333,COSIMO,3
4333,COSTA,3
4333,CRAWFORD,3
4333,CREEGAN,3
4333,CRIS,3
4333,CUMA,3
4333,CYNAN,3
4333,D',3
4333,D'ARCY,3
4333,DAANYAL,3
4333,DADE,3
4333,DAFFYDD,3
4333,DAITON,3
4333,DALEEP,3
4333,DAMAN,3
4333,DAMARLEY,3
4333,DAMARNI,3
4333,DAMILARE,3
4333,DAMIR,3
4333,DANA,3
4333,DANAS,3
4333,DANIAAL,3
4333,DANILA,3
4333,DANNAN,3
4333,DANTAY,3
4333,DANY,3
4333,DANYAR,3
4333,DAOUD,3
4333,DAOUDA,3
4333,DARDAN,3
4333,DARIUSZ,3
4333,DARRION,3
4333,DARYAN,3
4333,DAVIAN,3
4333,DAVINDER,3
4333,DAWIT,3
4333,DAWOUD,3
4333,DE',3
4333,DEAGO,3
4333,DEAKEN,3
4333,DEANE,3
4333,DECLYN,3
4333,DEEJAY,3
4333,DEELAN,3
4333,DEEP,3
4333,DEJAN,3
4333,DELLAN,3
4333,DELVIN,3
4333,DEMAR,3
4333,DEMARI,3
4333,DENAS,3
4333,DENIL,3
4333,DENILSON,3
4333,DENON,3
4333,DEONTE,3
4333,DERON,3
4333,DERRY,3
4333,DESHAUN,3
4333,DESTIN,3
4333,DETROY,3
4333,DEVLYN,3
4333,DEVYN,3
4333,DHAIRYA,3
4333,DHANANJAY,3
4333,DHIRAJ,3
4333,DIAZ,3
4333,DIETER,3
4333,DIJON,3
4333,DILLION,3
4333,DILPREET,3
4333,DIVYAN,3
4333,DOGUKAN,3
4333,DOMANTAS,3
4333,DORUK,3
4333,DREY,3
4333,DRIN,3
4333,DRU,3
4333,DRYDEN,3
4333,DUKE,3
4333,DWAIN,3
4333,DWAINE,3
4333,DYLAN-JOHN,3
4333,DYLEN,3
4333,EDGARAS,3
4333,EDOARDO,3
4333,EDRIS,3
4333,EDVINAS,3
4333,EESSA,3
4333,EFRAIM,3
4333,EFREN,3
4333,EHSAAN,3
4333,EHSEN,3
4333,EINAR,3
4333,EJIRO,3
4333,EL,3
4333,ELDON,3
4333,ELGAN,3
4333,ELIYAHU,3
4333,ELIYAS,3
4333,ELLYS,3
4333,ELROY,3
4333,ELSON,3
4333,ELYS,3
4333,ELYSTAN,3
4333,EMAAN,3
4333,EMANUELE,3
4333,EMERY,3
4333,EMILIANO,3
4333,EMMETT,3
4333,EMORY,3
4333,ENDA,3
4333,ENRIKAS,3
4333,ERDEM,3
4333,ERIND,3
4333,ERKAN,3
4333,ERVINAS,3
4333,ESAA,3
4333,ESAAH,3
4333,ESOSA,3
4333,ESSAH,3
4333,ETHAN-LEE,3
4333,ETTORE,3
4333,EVANDER,3
4333,EVANGELOS,3
4333,EYHAB,3
4333,EYITAYO,3
4333,EZANA,3
4333,FAAIZ,3
4333,FABRICE,3
4333,FABRIZIO,3
4333,FAHMID,3
4333,FAIYAZ,3
4333,FARAH,3
4333,FARDIN,3
4333,FARKHAN,3
4333,FAROUK,3
4333,FARZAN,3
4333,FAUSTAS,3
4333,FAYAZ,3
4333,FAZAL,3
4333,FEBIN,3
4333,FERDAWS,3
4333,FERDIA,3
4333,FERGUSON,3
4333,FEROZ,3
4333,FERRAN,3
4333,FEZAN,3
4333,FIIFI,3
4333,FISNIK,3
4333,FLORIN,3
4333,FOLARIN,3
4333,FORD,3
4333,FRYDERYK,3
4333,FYNNLAY,3
4333,GABE,3
4333,GABRIAL,3
4333,GARMON,3
4333,GED,3
4333,GEDEON,3
4333,GEDIMINAS,3
4333,GEORGEY,3
4333,GERONIMO,3
4333,GERSHON,3
4333,GHALIB,3
4333,GIANLUCCA,3
4333,GIORGI,3
4333,GIVEN,3
4333,GODFREY,3
4333,GODSWILL,3
4333,GODWILL,3
4333,GOHAR,3
4333,GORAN,3
4333,GRACIAN,3
4333,GRADI,3
4333,GRAYDON,3
4333,GRUFF,3
4333,GRYFF,3
4333,GULLIVER,3
4333,GURDAS,3
4333,GURKARAN,3
4333,GURKIRAT,3
4333,GURNOOR,3
4333,GURPREET,3
4333,GURTEJ,3
4333,GUSTAF,3
4333,GWYNFOR,3
4333,HADEE,3
4333,HADRIAN,3
4333,HAFIZ,3
4333,HAGAN,3
4333,HAITHAM,3
4333,HAMAS,3
4333,HANEEF,3
4333,HANNAN,3
4333,HANZ,3
4333,HARDY,3
4333,HARETH,3
4333,HARISHAN,3
4333,HARJEEVAN,3
4333,HARJIT,3
4333,HARLUN,3
4333,HARLYN,3
4333,HARNEK,3
4333,HARON,3
4333,HARPREET,3
4333,HARRISEN,3
4333,HARRY-LEE,3
4333,HARRYSON,3
4333,HARSHAAN,3
4333,HARVEY-JACK,3
4333,HARVEY-JAMES,3
4333,HASAAN,3
4333,HASHEM,3
4333,HASIB,3
4333,HASSAM,3
4333,HASSNAIN,3
4333,HATIM,3
4333,HAYAAN,3
4333,HAYTHAM,3
4333,HAZIQ,3
4333,HERVE,3
4333,HEZRON,3
4333,HICHAM,3
4333,HILTON,3
4333,HIMANSHU,3
4333,HIREN,3
4333,HIRO,3
4333,HRIDAY,3
4333,HRISHI,3
4333,HRISTO,3
4333,HUDAYFI,3
4333,HUDHAIFAH,3
4333,HUMAM,3
4333,HUMAYUN,3
4333,HUMZAH,3
4333,HUSAYN,3
4333,HUSSEN,3
4333,HUZAYFA,3
4333,HUZEFA,3
4333,HYRUM,3
4333,IBAAD,3
4333,IBRAAHEEM,3
4333,IDIRIS,3
4333,IFECHUKWUDE,3
4333,IFOR,3
4333,IHAB,3
4333,IKE,3
4333,IKJOT,3
4333,ILAI,3
4333,ILYA,3
4333,IMAAM,3
4333,INDERJEET,3
4333,INDERJIT,3
4333,INDIE,3
4333,ION,3
4333,IQBAL,3
4333,IRVIN,3
4333,ISAA,3
4333,ISAAH,3
4333,ISAHAK,3
4333,ISHAK,3
4333,ISMAAEL,3
4333,ISMAILA,3
4333,ISSAH,3
4333,ISTVAN,3
4333,IYMAN,3
4333,JAAFAR,3
4333,JABRIL,3
4333,JACEY,3
4333,JACOBI,3
4333,JACOBO,3
4333,JACOPO,3
4333,JACQUE,3
4333,JAELEN,3
4333,JAGGER,3
4333,JAGJEET,3
4333,JAHAZIEL,3
4333,JAHLEEL,3
4333,JAHMAR,3
4333,JAHMARI,3
4333,JAIDEEP,3
4333,JAIMAN,3
4333,JAIRUS,3
4333,JAKE-LEE,3
4333,JAMIAH,3
4333,JAMISON,3
4333,JANUSH,3
4333,JAREN,3
4333,JARRAD,3
4333,JASHANDEEP,3
4333,JASKARN,3
4333,JASPAL,3
4333,JAVARI,3
4333,JAYDYN,3
4333,JAYME,3
4333,JAYQUAN,3
4333,JAYSEN,3
4333,JEAN-PIERRE,3
4333,JEET,3
4333,JEFFERSON,3
4333,JEFFERY,3
4333,JEHIEL,3
4333,JERON,3
4333,JESHURUN,3
4333,JESSE-JAMES,3
4333,JESSE-LEE,3
4333,JI,3
4333,JIAN,3
4333,JIBRAAN,3
4333,JIBRIEL,3
4333,JIE,3
4333,JOB,3
4333,JOBAN,3
4333,JOBEY,3
4333,JOBI,3
4333,JOCK,3
4333,JOEB,3
4333,JOHN-,3
4333,JOHN-TERRY,3
4333,JOHNLEE,3
4333,JOHNY,3
4333,JOLAN,3
4333,JONES,3
4333,JONI,3
4333,JORY,3
4333,JOSEY,3
4333,JOSHUA-DAVID,3
4333,JOSHUA-LEE,3
4333,JOVANI,3
4333,JOY,3
4333,JUBAIR,3
4333,JUGRAJ,3
4333,JUSTUS,3
4333,KAEDON,3
4333,KAELUN,3
4333,KAI-REECE,3
4333,KAIA,3
4333,KAIDE,3
4333,KAIHAN,3
4333,KAILAS,3
4333,KAILIN,3
4333,KAINAN,3
4333,KAIYA,3
4333,KAIYON,3
4333,KALAM,3
4333,KALANI,3
4333,KALOYAN,3
4333,KAMARION,3
4333,KAMRYN,3
4333,KAMSI,3
4333,KAMSIYOCHUKWU,3
4333,KANAAN,3
4333,KARELL,3
4333,KARLOS,3
4333,KARTAR,3
4333,KARTEL,3
4333,KARUM,3
4333,KAUSHIK,3
4333,KAVISH,3
4333,KAVISHAN,3
4333,KAWSAR,3
4333,KAYCEE,3
4333,KAYDIN,3
4333,KAYIN,3
4333,KAYLEB,3
4333,KAYLIB,3
4333,KAZ,3
4333,KAZIMIERZ,3
4333,KEAL,3
4333,KEATAN,3
4333,KEBRON,3
4333,KEELIN,3
4333,KEERAN,3
4333,KEI,3
4333,KELDON,3
4333,KELLUM,3
4333,KELSO,3
4333,KEMARI,3
4333,KEONE,3
4333,KERIAN,3
4333,KERR,3
4333,KERRIGAN,3
4333,KEVAN,3
4333,KEYLAN,3
4333,KHADAR,3
4333,KHALIS,3
4333,KHANDAKER,3
4333,KHIZER,3
4333,KHUSHAL,3
4333,KHYAN,3
4333,KIAH,3
4333,KIAN-JAMES,3
4333,KIEON,3
4333,KIER,3
4333,KIERRAN,3
4333,KIERYN,3
4333,KINLEY,3
4333,KIPP,3
4333,KIRILL,3
4333,KIRTAN,3
4333,KISHON,3
4333,KISHORE,3
4333,KLAY,3
4333,KOBINA,3
4333,KOREDE,3
4333,KORIE,3
4333,KRISHIV,3
4333,KRISTOFERS,3
4333,KRISTOFFER,3
4333,KRUZ,3
4333,KUDAKWASHE,3
4333,KWADWO,3
4333,KYDON,3
4333,KYELL,3
4333,KYERAN,3
4333,KYERON,3
4333,KYLER,3
4333,KYLON,3
4333,KYRIE,3
4333,KYRUN,3
4333,KYTE,3
4333,LAIGHTON,3
4333,LAKSHYA,3
4333,LAMEK,3
4333,LANCELOT,3
4333,LANO,3
4333,LAQUAN,3
4333,LATEEF,3
4333,LATHAM,3
4333,LATIF,3
4333,LAXMAN,3
4333,LAYLAN,3
4333,LAYTHAM,3
4333,LEDION,3
4333,LEDLEY,3
4333,LEESON,3
4333,LEITH,3
4333,LEMARI,3
4333,LEN,3
4333,LEO-JAY,3
4333,LEONEL,3
4333,LEUAN,3
4333,LEV,3
4333,LEVIE,3
4333,LIAM-JAMES,3
4333,LIIBAN,3
4333,LINKIN,3
4333,LLEU,3
4333,LOCHLAIN,3
4333,LOGAN-JAY,3
4333,LOGEN,3
4333,LOHAN,3
4333,LOUCAS,3
4333,LOUGHLIN,3
4333,LOWAN,3
4333,LUAY,3
4333,LUCIOUS,3
4333,LUCKY,3
4333,LUEY,3
4333,LUUK,3
4333,LYAM,3
4333,LYDON,3
4333,LYNCOLN,3
4333,LYNCON,3
4333,LYON,3
4333,MAALIK,3
4333,MACIEK,3
4333,MACKENZY,3
4333,MACS,3
4333,MADDISON,3
4333,MAESON,3
4333,MAHAMAD,3
4333,MAHAMOOD,3
4333,MAHEEN,3
4333,MAHESH,3
4333,MAHIM,3
4333,MAHLI,3
4333,MAHMUDUL,3
4333,MAHOMED,3
4333,MAISAM,3
4333,MAK,3
4333,MALAKIE,3
4333,MALIKYE,3
4333,MALIN,3
4333,MALO,3
4333,MALONE,3
4333,MAMOON,3
4333,MANAS,3
4333,MANASSEH,3
4333,MANDIP,3
4333,MANISH,3
4333,MANUS,3
4333,MARIAN,3
4333,MARKEL,3
4333,MARQUISE,3
4333,MARTELL,3
4333,MARTON,3
4333,MARVEL,3
4333,MARVELOUS,3
4333,MASOOD,3
4333,MASSIMILIANO,3
4333,MATAI,3
4333,MATHEO,3
4333,MATS,3
4333,MATTEUS,3
4333,MAYUR,3
4333,MAZHAR,3
4333,MCCOY,3
4333,MCKAI,3
4333,MCKENZIE-JOHN,3
4333,MCKYE,3
4333,MEHER,3
4333,MEHRAB,3
4333,MEKAI,3
4333,MELAD,3
4333,MELIK,3
4333,MELWIN,3
4333,METE,3
4333,MIHAIL,3
4333,MIKA'IL,3
4333,MIKEAL,3
4333,MIKHAEL,3
4333,MIKKEL,3
4333,MIKYLE,3
4333,MILIND,3
4333,MILLAR,3
4333,MILUN,3
4333,MINHAJUL,3
4333,MIQUEL,3
4333,MIRACLE,3
4333,MIRKO,3
4333,MIRO,3
4333,MITCHELL-LEE,3
4333,MITESH,3
4333,MITHUN,3
4333,MITHUSH,3
4333,MIZAN,3
4333,MOBOLAJI,3
4333,MOHAMMED-YUSUF,3
4333,MOHAN,3
4333,MOHD,3
4333,MOHIBULLAH,3
4333,MOHMMAD,3
4333,MOISE,3
4333,MONEEB,3
4333,MONTEL,3
4333,MORRISON,3
4333,MORTEN,3
4333,MORTON,3
4333,MOUNIR,3
4333,MOUSSA,3
4333,MU'AAD,3
4333,MUAWWIZ,3
4333,MUAYAD,3
4333,MUBASHAR,3
4333,MUBASHER,3
4333,MUHAMMAD-,3
4333,MUHAMMED-ALI,3
4333,MUHUMMAD,3
4333,MUHUMMED,3
4333,MUJEEB,3
4333,MUNAWAR,3
4333,MUNTASIR,3
4333,MUQEET,3
4333,MUSADDIQ,3
4333,MUSAH,3
4333,MUSCAB,3
4333,MUSHTABA,3
4333,MUSTAFAH,3
4333,MUZAMIL,3
4333,MYAN,3
4333,MYKIE,3
4333,MYLAN,3
4333,NABIIL,3
4333,NACHMAN,3
4333,NADIIR,3
4333,NAGLIS,3
4333,NAHEEM,3
4333,NAJAM,3
4333,NAOD,3
4333,NARCIS,3
4333,NARYAN,3
4333,NASHARN,3
4333,NASR,3
4333,NATANAEL,3
4333,NAUMAN,3
4333,NAWAF,3
4333,NAWAZ,3
4333,NAWFAL,3
4333,NAYTE,3
4333,NAZEEM,3
4333,NECO,3
4333,NEERAJ,3
4333,NEIRIN,3
4333,NEVILLE,3
4333,NEYO,3
4333,NICCOLO,3
4333,NICHOLAI,3
4333,NIELS,3
4333,NIHAR,3
4333,NIK,3
4333,NIKIL,3
4333,NIKOS,3
4333,NILAY,3
4333,NILESH,3
4333,NINO,3
4333,NIRAV,3
4333,NIRVAAN,3
4333,NISHANT,3
4333,NISHCHAL,3
4333,NITHIN,3
4333,NIV,3
4333,NIVEN,3
4333,NOBEL,3
4333,NOSAKHARE,3
4333,NOUREDDINE,3
4333,O'SHAI,3
4333,OAK,3
4333,OBAID,3
4333,OBALOLUWA,3
4333,OCTAVIO,3
4333,OGHENETEGA,3
4333,OGUZ,3
4333,OKAN,3
4333,OLAJUWON,3
4333,OLATUNBOSUN,3
4333,OLIN,3
4333,OLUWAJOMILOJU,3
4333,OLUWASEYI,3
4333,OLUWATOMI,3
4333,OLUWATUNMISE,3
4333,OLWETHU,3
4333,OMKAR,3
4333,ONYEKACHI,3
4333,OPEYEMI,3
4333,ORIAN,3
4333,ORREN,3
4333,OSHI,3
4333,OTHNIEL,3
4333,OWYN,3
4333,PA,3
4333,PAA,3
4333,PAISLEY,3
4333,PAK,3
4333,PARISH,3
4333,PARTHIV,3
4333,PAULIUS,3
4333,PAVANDEEP,3
4333,PAVOL,3
4333,PEARSE,3
4333,PENG,3
4333,PEPE,3
4333,PERRAN,3
4333,PETR,3
4333,PHAT,3
4333,PHILIPPE,3
4333,PIERO,3
4333,PINCHOS,3
4333,PIP,3
4333,PRANEEL,3
4333,PRECIOUS,3
4333,PREET,3
4333,PRENTICE,3
4333,PRESTEN,3
4333,PRESTON-LEE,3
4333,PRITESH,3
4333,PRIYAN,3
4333,PROMISE,3
4333,PRZEMYSLAW,3
4333,QAIM,3
4333,QUAN,3
4333,QUIN,3
4333,QUINCEY,3
4333,RAAHUL,3
4333,RAAID,3
4333,RADMAN,3
4333,RAFIK,3
4333,RAHAAN,3
4333,RAHAND,3
4333,RAHIB,3
4333,RAHMAAN,3
4333,RAHMAN,3
4333,RAIN,3
4333,RAIYAAN,3
4333,RAJUN,3
4333,RAJVIR,3
4333,RAKESH,3
4333,RAKIM,3
4333,RAKSHAN,3
4333,RAM,3
4333,RAMEL,3
4333,RAMSAY,3
4333,RAMZAN,3
4333,RAMZI,3
4333,RANI,3
4333,RAQIB,3
4333,RARES,3
4333,RASAN,3
4333,RASHAD,3
4333,RASHAWN,3
4333,RASHEED,3
4333,RAVINDER,3
4333,RAZEEN,3
4333,REDA,3
4333,REDMOND,3
4333,REEYAN,3
4333,REGGI,3
4333,REGIS,3
4333,REHEEM,3
4333,REIGN,3
4333,REISE,3
4333,REMIEL,3
4333,RENALDAS,3
4333,RENAS,3
4333,RENELL,3
4333,RENIS,3
4333,RESUL,3
4333,REUBYN,3
4333,REUVEN,3
4333,REWAN,3
4333,RHUBEN,3
4333,RHUN,3
4333,RHYLIE,3
4333,RICHARDO,3
4333,RIDHWAAN,3
4333,RIECE,3
4333,RILEY-SCOTT,3
4333,RISHAB,3
4333,RISHARN,3
4333,RISHIKESH,3
4333,RITHVIK,3
4333,RIVERS,3
4333,RIZA,3
4333,ROBERT-LEE,3
4333,ROCO,3
4333,ROEN,3
4333,ROMELL,3
4333,ROMELLE,3
4333,ROMY,3
4333,RONN,3
4333,ROREY,3
4333,ROSH,3
4333,ROSKO,3
4333,ROURKE,3
4333,RUBENS,3
4333,RUBY,3
4333,RUDIE,3
4333,RUHAAN,3
4333,RUNAKO,3
4333,RUSHAUN,3
4333,RUSHI,3
4333,RUSSEL,3
4333,RUSTAM,3
4333,RYANN,3
4333,RYEN,3
4333,RYLAND,3
4333,RYON,3
4333,SAADIQ,3
4333,SAAM,3
4333,SAAMI,3
4333,SABBIR,3
4333,SABIH,3
4333,SAED,3
4333,SAGE,3
4333,SAHAJ,3
4333,SAHAL,3
4333,SAHAN,3
4333,SAHIBDEEP,3
4333,SAIF-ULLAH,3
4333,SAINT,3
4333,SAIYAM,3
4333,SAJIDUR,3
4333,SAJJAN,3
4333,SAKO,3
4333,SALAHUDIN,3
4333,SALUM,3
4333,SAMAAD,3
4333,SAMARTH,3
4333,SAMBA,3
4333,SAMEEN,3
4333,SAMIT,3
4333,SAMRAJ,3
4333,SAMRATH,3
4333,SAMUEL-JAMES,3
4333,SAN,3
4333,SANDY,3
4333,SANJEEV,3
4333,SANJEEVAN,3
4333,SANJIT,3
4333,SANTANA,3
4333,SARJAN,3
4333,SARP,3
4333,SARTHAK,3
4333,SATVEER,3
4333,SAYAN,3
4333,SAYEF,3
4333,SAYHAN,3
4333,SAYID,3
4333,SAYYAM,3
4333,SAYYED,3
4333,SEAN-PAUL,3
4333,SEBASTIAAN,3
4333,SEMIH,3
4333,SEN,3
4333,SENON,3
4333,SERAJ,3
4333,SERKAN,3
4333,SEVEN,3
4333,SEYAM,3
4333,SEYON,3
4333,SHABBIR,3
4333,SHAFI,3
4333,SHAFIQ,3
4333,SHAHED,3
4333,SHAHIR,3
4333,SHAHNAWAZ,3
4333,SHAHRIAR,3
4333,SHAHRIYAR,3
4333,SHAHYAAN,3
4333,SHAHZAIN,3
4333,SHAKYE,3
4333,SHAMAL,3
4333,SHAMIL,3
4333,SHAQUILE,3
4333,SHAREEF,3
4333,SHARIFF,3
4333,SHARUSAN,3
4333,SHAZIL,3
4333,SHEIK,3
4333,SHELTON,3
4333,SHEMIAH,3
4333,SHENG,3
4333,SHERVIN,3
4333,SHERWIN,3
4333,SHI,3
4333,SHIVAN,3
4333,SHUN,3
4333,SHYON,3
4333,SIAN,3
4333,SIDDHARTHA,3
4333,SIDHARTH,3
4333,SILVESTER,3
4333,SIMCHA,3
4333,SIOR,3
4333,SIR,3
4333,SIYAR,3
4333,SMITH,3
4333,SOBAN,3
4333,SOFIAN,3
4333,SOFYAN,3
4333,SOLLIE,3
4333,SOLLY,3
4333,SOMTOCHUKWU,3
4333,SORA,3
4333,SOTIRIS,3
4333,SOUFIAN,3
4333,SOULEYMANE,3
4333,SUHAN,3
4333,SUHEIB,3
4333,SUKHDEV,3
4333,SUKHPREET,3
4333,SUKHWINDER,3
4333,SULIEMAN,3
4333,SULMAN,3
4333,SURYA,3
4333,SUVAN,3
4333,SVEN,3
4333,SYLVAN,3
4333,SYLWESTER,3
4333,TAARIQ,3
4333,TADAS,3
4333,TAHAR,3
4333,TAHEEM,3
4333,TAHSIN,3
4333,TAIKI,3
4333,TAITE,3
4333,TAJUS,3
4333,TAKUMI,3
4333,TALEN,3
4333,TALLAN,3
4333,TALLIS,3
4333,TAMJID,3
4333,TAMLIN,3
4333,TANAY,3
4333,TANZEEL,3
4333,TARANDEEP,3
4333,TARANVIR,3
4333,TARKAN,3
4333,TARO,3
4333,TASHFEEN,3
4333,TASHIF,3
4333,TAWANANYASHA,3
4333,TAWANASHE,3
4333,TAWHEED,3
4333,TAWSIF,3
4333,TAYAB,3
4333,TAYAN,3
4333,TAYDEN,3
4333,TAYIB,3
4333,TAYSHAUN,3
4333,TAYSHON,3
4333,TAYYUB,3
4333,TEAN,3
4333,TEIGAN,3
4333,TEJAN,3
4333,TELVIN,3
4333,TENDAI,3
4333,TENZIN,3
4333,TEOMAN,3
4333,TERREL,3
4333,TEVIN,3
4333,THABISO,3
4333,THALHA,3
4333,THANE,3
4333,THEHAN,3
4333,THENUK,3
4333,THEON,3
4333,THIBAULT,3
4333,THIVYAN,3
4333,THOMAS-JAY,3
4333,THOMAS-JOHN,3
4333,THOMPSON,3
4333,THOR,3
4333,THURSTON,3
4333,TIAAN,3
4333,TIANO,3
4333,TIJAN,3
4333,TIJANI,3
4333,TIMILEYIN,3
4333,TIMOFEY,3
4333,TIN,3
4333,TINAYE,3
4333,TIOLUWANIMI,3
4333,TIZIANO,3
4333,TOBENNA,3
4333,TOBIAH,3
4333,TOBYN,3
4333,TOLUWALOPE,3
4333,TOMASS,3
4333,TOMIWA,3
4333,TOMO,3
4333,TORAN,3
4333,TORRAN,3
4333,TOURE,3
4333,TREVON,3
4333,TRISHAN,3
4333,TRISTAN-LEE,3
4333,TYREES,3
4333,TYREKE,3
4333,TYRONNE,3
4333,TYSHAUN,3
4333,TZE,3
4333,UBAYDAH,3
4333,UCHECHUKWU,3
4333,UGOCHUKWU,3
4333,UJJWAL,3
4333,ULAS,3
4333,UMMAR,3
4333,URIAH,3
4333,USAID,3
4333,USHER,3
4333,UTHMAAN,3
4333,UTKARSH,3
4333,VADIM,3
4333,VALERIO,3
4333,VAN,3
4333,VASILIS,3
4333,VEERAN,3
4333,VILIUS,3
4333,VILLADS,3
4333,VIR,3
4333,VIREN,3
4333,VOLKAN,3
4333,VOLODYMYR,3
4333,VRISHIN,3
4333,WAHIDUR,3
4333,WAIZ,3
4333,WALKER,3
4333,WARNAKULASURIYA,3
4333,WESAM,3
4333,WEZLEY,3
4333,WISSAM,3
4333,WYN,3
4333,XABI,3
4333,XAN,3
4333,XANDA,3
4333,XIANG,3
4333,XIN,3
4333,YAAKOV,3
4333,YAAMEEN,3
4333,YACOUB,3
4333,YAFIET,3
4333,YAHIYA,3
4333,YALIN,3
4333,YAMIKANI,3
4333,YANKY,3
4333,YASHRAJ,3
4333,YEHUDAH,3
4333,YEKCAN,3
4333,YIANNI,3
4333,YISHAI,3
4333,YOAV,3
4333,YOHANNES,3
4333,YONAH,3
4333,YOONIS,3
4333,YOSHUA,3
4333,YOSSI,3
4333,YOSUF,3
4333,YOURI,3
4333,YOUSHA,3
4333,YUTONG,3
4333,YUVAL,3
4333,YUVAN,3
4333,YUVRAAJ,3
4333,ZACARIAH,3
4333,ZACARY,3
4333,ZACHARIE,3
4333,ZACKARIYAH,3
4333,ZAEEM,3
4333,ZAHIN,3
4333,ZAIN-UL-ABIDEEN,3
4333,ZAINUD-DEEN,3
4333,ZAKAR,3
4333,ZAKARI,3
4333,ZAKERIA,3
4333,ZAKRIA,3
4333,ZAMIR,3
4333,ZANA,3
4333,ZARAR,3
4333,ZEKERIYA,3
4333,ZENITH,3
4333,ZESHAAN,3
4333,ZESHAN,3
4333,ZEYAN,3
4333,ZHUO,3
4333,ZISHAN,3
4333,ZOHAIR,3
4333,ZORAIZ,3
4333,ZORAWAR,3
4333,ZUBEYR,3
4333,ZYAD,3
4333,ZYAN,3
