Rank,Name,Count
1,JACK,8010
2,OLIVER,7417
3,THOMAS,6062
4,HARRY,6008
5,JOSHUA,5716
6,ALFIE,5566
7,CHARLIE,5291
8,DANIEL,5191
9,JAMES,5170
10,WILLIAM,5169
11,SAMUEL,4624
12,GEORGE,4214
13,JOSEPH,3764
14,LEWIS,3482
15,ETHAN,3451
16,MOHAMMED,3442
17,DYLAN,3373
18,BENJAMIN,3275
19,ALEXANDER,3215
20,JACOB,3127
21,RYAN,3048
22,LIAM,2986
23,JAKE,2793
24,MAX,2708
25,LUKE,2582
26,TYLER,2575
27,CALLUM,2543
28,MATTHEW,2531
29,JAYDEN,2519
30,OSCAR,2432
31,ARCHIE,2316
32,ADAM,2313
33,RILEY,2203
34,HARVEY,2195
35,HARRISON,2153
36,LUCAS,2103
37,MUHAMMAD,2081
38,HENRY,2003
39,ISAAC,1948
40,LEO,1903
41,CONNOR,1877
42,EDWARD,1825
43,FINLEY,1808
44,LOGAN,1707
45,NOAH,1678
46,CAMERON,1627
47,ALEX,1611
48,OWEN,1607
49,RHYS,1600
50,NATHAN,1586
51,JAMIE,1533
52,MICHAEL,1517
53,MASON,1493
54,TOBY,1382
55,AARON,1362
56,CHARLES,1346
57,BEN,1339
58,THEO,1295
59,LOUIS,1205
60,FINLAY,1200
60,FREDDIE,1200
62,LEON,1138
63,HARLEY,1135
64,DAVID,1134
65,MOHAMMAD,1106
66,REECE,1096
67,KIAN,1093
68,KAI,1057
69,KYLE,1030
70,BRANDON,1012
71,HAYDEN,1007
72,ZACHARY,995
73,KIERAN,975
74,LUCA,974
75,ASHTON,955
76,BAILEY,939
77,SEBASTIAN,914
78,GABRIEL,912
79,SAM,901
80,EVAN,890
81,BRADLEY,849
82,ELLIOT,821
83,JOHN,810
84,TAYLOR,791
85,JOE,786
86,COREY,778
87,REUBEN,768
88,JOEL,766
89,ELLIS,764
89,ROBERT,764
91,AIDAN,749
91,BLAKE,749
93,LOUIE,729
94,CHRISTOPHER,725
95,EWAN,722
96,JAY,687
97,MORGAN,681
98,BILLY,678
99,SEAN,649
100,ZAK,624
101,ARTHUR,608
102,FREDERICK,606
103,JUDE,603
104,AIDEN,598
105,DOMINIC,563
106,IBRAHIM,559
107,CODY,558
108,SONNY,552
109,CALEB,539
110,BOBBY,533
111,ANDREW,532
112,STANLEY,519
113,JONATHAN,503
114,MUHAMMED,501
115,PATRICK,499
116,RONNIE,491
117,FELIX,481
118,NICHOLAS,476
119,FINN,471
120,NATHANIEL,468
121,MCKENZIE,463
122,ZAC,455
123,DECLAN,453
124,SETH,450
124,TRISTAN,450
126,ANTHONY,449
127,MARCUS,444
128,THEODORE,442
129,ALFRED,436
129,ALI,436
129,JAKUB,436
132,MOHAMED,430
133,KAYDEN,426
134,ELLIOTT,425
135,PETER,423
136,ELIJAH,421
137,FRANKIE,415
138,COLE,413
139,JASON,404
140,TOM,401
141,ZACK,400
142,RORY,396
143,JOSH,394
144,MAXWELL,391
145,SYED,383
145,TOBIAS,383
147,TOMMY,375
148,CHRISTIAN,373
149,ROWAN,366
150,OLLIE,363
151,JORDAN,362
152,MACKENZIE,361
153,LEVI,360
154,YUSUF,359
155,RIO,355
156,AHMED,350
157,DANNY,346
158,KACPER,341
159,ASHLEY,338
160,AUSTIN,332
160,HAMZA,332
162,ROHAN,330
163,ZAIN,315
164,HUGO,314
165,KAIDEN,311
166,ABDULLAH,308
167,AYAAN,301
168,MARLEY,299
168,ZACH,299
170,ABDUL,298
171,ALBERT,294
172,EUAN,293
173,MARK,292
173,PAUL,292
175,FILIP,291
176,SCOTT,289
177,FRASER,287
178,SPENCER,278
179,DEXTER,275
180,EMMANUEL,274
181,CALUM,269
181,MILO,269
183,SHAY,264
184,KEVIN,263
184,LENNON,263
184,MILES,263
187,KENZIE,262
188,RUBEN,260
189,LEIGHTON,259
190,MITCHELL,258
191,JACKSON,257
192,LEE,256
193,JUSTIN,253
194,STEPHEN,246
195,LAYTON,244
196,JASPER,241
196,MAXIMILIAN,241
198,CONOR,240
198,WARREN,240
200,RICHARD,239
201,SHANE,237
202,KYE,235
203,ADRIAN,234
204,JADEN,230
205,ARYAN,229
206,JESSE,228
206,ROMAN,228
208,KANE,225
209,OMAR,223
210,MALACHI,221
210,MUSTAFA,221
212,ROCCO,218
213,MYLES,216
214,CIAN,214
214,HASSAN,214
216,STEVEN,213
217,BEAU,212
217,SHAUN,212
219,DILLON,211
220,OSKAR,210
220,VINCENT,210
222,JAIDEN,209
222,TROY,209
224,KADEN,207
225,ISMAIL,205
226,ALAN,204
227,BROOKLYN,203
228,CIARAN,202
228,LUKAS,202
228,WILL,202
231,MATEUSZ,193
232,FLYNN,192
232,JENSON,192
234,XAVIER,191
235,PRESTON,190
236,CURTIS,189
236,JONAH,189
238,SIMON,188
239,PATRYK,187
240,BILAL,186
241,TEDDY,184
242,ZANE,180
243,DEAN,179
244,ASTON,177
244,RAPHAEL,177
246,SIDNEY,176
247,BARNABY,175
247,KIERON,175
249,TOMAS,174
250,DAWID,173
251,MICAH,172
251,UMAR,172
253,JAYDON,171
253,TRAVIS,171
255,LELAND,170
256,LINCOLN,169
256,NIALL,169
258,CARTER,168
258,FRANCIS,168
260,MARTIN,167
260,SAMI,167
262,MAXIMUS,166
263,CADEN,165
263,CAYDEN,165
263,VICTOR,165
266,FRANK,164
267,AMAAN,163
267,CASEY,163
269,RAYYAN,162
270,REGAN,161
271,OLIVIER,160
272,GETHIN,159
273,ANGUS,158
274,RAYAN,157
274,RUFUS,157
276,RYLEY,156
276,TIMOTHY,156
278,CORY,154
279,MUSA,151
279,ZAKARIYA,151
281,REGGIE,150
282,DREW,148
282,HASAN,148
282,YAHYA,148
285,NICOLAS,147
285,RAFAEL,147
287,AHMAD,146
287,DEVON,146
289,CAI,145
289,CAIDEN,145
289,LEONARDO,145
289,REHAN,145
293,HARRIS,144
294,BRAYDEN,141
295,DOMINIK,140
295,SZYMON,140
297,AMIR,139
298,ARJUN,138
298,FREDDY,138
298,LENNY,138
301,JOSIAH,137
302,DAMIAN,136
302,HARIS,136
302,HAYDN,136
305,KYRAN,134
306,JAI,132
306,KEEGAN,132
306,OAKLEY,132
306,RALPH,132
310,KRISTIAN,130
310,ROSS,130
312,JIMMY,129
312,JUNIOR,129
314,MARCEL,128
314,SOLOMON,128
316,FLETCHER,127
316,VINNIE,127
318,ROBBIE,124
318,ZACHARIAH,124
320,ERIC,123
321,HARRI,122
321,JARED,122
321,RYLEE,122
324,BRIAN,121
324,ISA,121
326,ELI,120
326,JAN,120
326,LLOYD,120
329,ISAIAH,119
329,JAC,119
331,CONNER,118
331,LUKA,118
333,FARHAN,117
333,LUIS,117
333,TOMOS,117
336,FINNLEY,115
336,MICHAL,115
336,TED,115
339,DAMIEN,114
339,LAWRENCE,114
341,ALBIE,113
341,CALVIN,113
341,PHILIP,113
344,AYMAN,112
344,IOAN,112
344,KEIRAN,112
344,MARCO,112
344,ROBIN,112
349,HUGH,111
349,JENSEN,111
349,OSIAN,111
349,OWAIN,111
353,DANTE,109
354,ARMAAN,108
354,HAIDER,108
354,TYRESE,108
354,XANDER,108
358,ALISTAIR,107
358,WILFRED,107
360,AAYAN,105
360,LAURENCE,105
362,DEACON,104
362,IEUAN,104
364,BRODY,103
364,EDDIE,103
364,KHALID,103
364,PHOENIX,103
368,COHEN,102
368,DARREN,102
368,MONTY,102
371,COBY,101
371,ELIAS,101
371,HAROON,101
371,LEYTON,101
371,MAKSYMILIAN,101
371,SAIF,101
371,TONY,101
378,BRODIE,100
378,FABIAN,100
378,JED,100
378,WIKTOR,100
382,BENEDICT,99
382,BYRON,99
382,JEREMIAH,99
385,CASPER,98
385,JULIAN,98
387,ANAS,97
387,IVAN,97
387,MIKEY,97
390,CLAYTON,96
390,EESA,96
390,MARSHALL,96
390,USMAN,96
394,JAYDAN,95
394,KAMIL,95
394,YUVRAJ,95
397,ALEKSANDER,94
397,CHASE,94
397,KEATON,94
397,MATHEW,94
401,ALEC,93
401,CHARLEY,93
401,LEONARD,93
404,ADIL,92
405,ANTONY,91
405,CARL,91
405,FRAZER,91
405,IGOR,91
405,MALAKAI,91
405,NEO,91
405,ROMEO,91
412,FERGUS,90
412,JOEY,90
412,JOHNNY,90
412,KAMRAN,90
412,KOBI,90
412,KRISH,90
418,ABDIRAHMAN,89
418,ARUN,89
418,HAMZAH,89
418,IAN,89
422,BARTOSZ,88
422,BRENDAN,88
422,HAMISH,88
422,KYAN,88
422,RAYHAN,88
427,GUY,87
428,DANIYAL,86
428,MILAN,86
430,ANDRE,85
430,ARCHIBALD,85
430,COOPER,85
430,IBRAHEEM,85
430,SAHIL,85
435,ANTONIO,84
435,KALEB,84
437,ANTON,83
437,ARON,83
437,JAMAL,83
437,JEREMY,83
437,SHAYNE,83
437,SUBHAN,83
437,WYATT,83
444,AJAY,82
444,CRAIG,82
444,JAK,82
444,TY,82
444,ZAKARIA,82
449,RONAN,81
450,HENLEY,80
450,IESTYN,80
450,MATTEO,80
453,BRUNO,79
453,FARIS,79
453,HECTOR,79
453,MIKOLAJ,79
453,NED,79
458,ASHER,78
458,QUINN,78
458,YASEEN,78
461,AADAM,77
461,DENNIS,77
461,DIEGO,77
461,OTIS,77
465,ANTONI,76
465,AYDEN,76
465,HASHIM,76
465,ILYAS,76
465,JAKOB,76
465,RUDY,76
471,AMAN,75
471,ESHAN,75
471,ISMAEEL,75
471,LORENZO,75
471,MACIEJ,75
471,YASIN,75
477,CAIN,74
477,FRED,74
477,HUSSAIN,74
477,SUBHAAN,74
481,BRYN,73
481,ISHAAN,73
481,STEFAN,73
484,ARDA,72
484,BARNEY,72
484,CAMRON,72
484,ENZO,72
484,JAGO,72
489,BROGAN,71
489,CONRAD,71
489,FYNN,71
489,MONTGOMERY,71
489,NICO,71
489,SAUL,71
489,UZAIR,71
496,ARRAN,70
496,EDEN,70
496,PRINCE,70
496,ZAID,70
500,ADEN,69
500,ADNAN,69
500,CAELAN,69
500,EZRA,69
500,MAXIMILLIAN,69
500,OLIWIER,69
500,RIAN,69
500,RUPERT,69
508,DOUGLAS,68
508,KALLUM,68
508,MAGNUS,68
508,MAISON,68
508,RISHI,68
508,SAMSON,68
514,HARI,67
514,JONAS,67
514,KYRON,67
514,RAFFERTY,67
518,ARRON,66
518,BRAYDON,66
518,BRYAN,66
518,KEANE,66
518,WESLEY,66
523,ABRAHAM,65
523,DION,65
523,EOIN,65
523,OTTO,65
527,AARYAN,64
527,CHESTER,64
527,DHRUV,64
527,KEELAN,64
527,MACAULEY,64
527,MADDOX,64
527,MALACHY,64
527,SAMEER,64
527,TYRONE,64
536,DENIS,63
536,MAXIM,63
538,ADITYA,62
538,HUDSON,62
538,LACHLAN,62
538,SHEA,62
538,TOMASZ,62
538,ZEESHAN,62
544,ALESSANDRO,61
544,DANYAL,61
544,EDWIN,61
544,ISRAEL,61
544,IWAN,61
544,RICO,61
550,HEATH,60
550,MARC,60
550,MARIO,60
550,MOSES,60
550,RAIHAN,60
550,TARAN,60
550,UMAIR,60
557,AMAR,59
557,CRUZ,59
557,GREGORY,59
557,JAXON,59
557,MYLO,59
557,NIKODEM,59
557,RICKY,59
557,SAMIR,59
557,WOODY,59
557,YASH,59
567,ADDISON,58
567,AMARI,58
567,ARLO,58
567,AYAN,58
567,CYRUS,58
567,GEORGIE,58
567,HASNAIN,58
567,HUBERT,58
567,KOBE,58
567,PIOTR,58
577,CASSIUS,57
577,DENIZ,57
577,KAROL,57
577,KURTIS,57
577,RAYMOND,57
577,ZAYAN,57
583,KADE,56
583,KARL,56
583,KELVIN,56
583,KRYSTIAN,56
583,NATHANAEL,56
583,SULAIMAN,56
589,KEENAN,55
589,MIGUEL,55
589,REHAAN,55
589,ZION,55
593,HUW,54
593,ORLANDO,54
593,OWAIS,54
593,PHILLIP,54
597,ABDULRAHMAN,53
597,GIOVANNI,53
597,HASEEB,53
597,REAGAN,53
597,SANTIAGO,53
597,SEBASTIEN,53
597,TYRELL,53
604,ANDREAS,52
604,AYUB,52
604,COLBY,52
604,DILLAN,52
604,FAIZAN,52
604,JUNAID,52
604,MAHDI,52
604,NOEL,52
604,RAHEEM,52
613,CARSON,51
613,DUNCAN,51
613,ELIS,51
613,ERIK,51
613,IZAAK,51
613,JOSEF,51
613,KOBY,51
613,MALIK,51
613,QASIM,51
613,REILLY,51
613,TATE,51
613,WAYNE,51
613,ZAKI,51
626,AMMAR,50
626,ANGELO,50
626,AZAAN,50
626,CARLOS,50
626,LOUI,50
626,NIKHIL,50
626,STUART,50
626,TERRY,50
634,EISA,49
634,IMRAN,49
634,MILLER,49
634,RUEBEN,49
634,TYE,49
634,YUNUS,49
640,CASPAR,48
640,CHE,48
640,FREDERIC,48
640,JEROME,48
640,JONNY,48
640,NATE,48
640,RAJA,48
640,RUDI,48
640,SHAYAN,48
649,EMRE,47
649,ERNEST,47
649,EZEKIEL,47
649,KAYNE,47
649,KYLAN,47
649,SALMAN,47
649,SION,47
649,TODD,47
649,ZAYD,47
658,AWAIS,46
658,GAVIN,46
658,KONRAD,46
658,MATAS,46
658,RUSSELL,46
658,RYLAN,46
658,SHAE,46
658,TAHA,46
658,YOUSUF,46
658,ZAKIR,46
668,ABDULLAHI,45
668,ABU,45
668,ARMAN,45
668,DALE,45
668,DAWUD,45
668,DENZEL,45
668,HENRI,45
668,NIKOLAS,45
668,RAY,45
668,RAYAAN,45
668,REEGAN,45
668,TIAGO,45
668,ZAYN,45
681,CHRIS,44
681,JERMAINE,44
681,KURT,44
684,ABBAS,43
684,ABUBAKAR,43
684,ARNAV,43
684,AYDIN,43
684,BRUCE,43
684,DARCY,43
684,GARETH,43
684,GENE,43
684,KIRAN,43
684,KOREY,43
684,KUBA,43
684,RAFE,43
684,SUFYAN,43
684,SUNNY,43
684,TALHA,43
699,ALED,42
699,ARTUR,42
699,CODIE,42
699,CORBIN,42
699,EBEN,42
699,ERYK,42
699,HAARIS,42
699,KEIRON,42
699,KODY,42
699,LAWSON,42
699,PABLO,42
699,STEFFAN,42
699,YASIR,42
712,ABDUR,41
712,ANDREI,41
712,DORIAN,41
712,EHSAN,41
712,EMIL,41
712,EREN,41
712,HERBIE,41
712,ISHAQ,41
712,JEEVAN,41
712,LUCCA,41
712,MOHAMAD,41
712,REX,41
712,RIDWAN,41
712,SEAMUS,41
712,SHAH,41
712,ZACKARY,41
728,ALEXANDRE,40
728,ARJAN,40
728,JIA,40
728,JOSE,40
728,KARIM,40
728,KASPER,40
728,KAYLUM,40
728,KINGSLEY,40
728,KIT,40
728,LUC,40
728,LUCIAN,40
728,OMARI,40
728,OSMAN,40
728,ROCKY,40
728,ROSHAN,40
728,SAMMY,40
728,SHAAN,40
728,SILAS,40
746,BAYLEY,39
746,GARY,39
746,KAMERON,39
746,KENNETH,39
746,LENNOX,39
746,LUKASZ,39
746,MEHMET,39
746,NEIL,39
746,SAFWAN,39
746,SIMEON,39
746,TRYSTAN,39
757,ALEXANDRU,38
757,ASA,38
757,BRENDON,38
757,COLIN,38
757,CORBEN,38
757,EDMUND,38
757,FABIO,38
757,HUSSEIN,38
757,JONTY,38
757,KAYDON,38
757,MATEO,38
757,MD,38
757,RAFI,38
757,RAHUL,38
757,RICARDO,38
757,RIVER,38
757,RONALD,38
757,SHAWN,38
775,ABEL,37
775,ALVIN,37
775,BRETT,37
775,EMERSON,37
775,FINDLAY,37
775,FRANKY,37
775,KRZYSZTOF,37
775,NATAN,37
775,RAYHAAN,37
775,RYDER,37
775,SOL,37
775,TAI,37
775,TREY,37
775,WILSON,37
789,ANDY,36
789,ASAD,36
789,CODEY,36
789,FAISAL,36
789,FRANKLIN,36
789,GIDEON,36
789,HUMZA,36
789,JON,36
789,PAWEL,36
789,RAJAN,36
789,RONNY,36
789,SULAYMAN,36
789,TYREECE,36
789,VEER,36
803,ALASTAIR,35
803,ARAN,35
803,BERTIE,35
803,DARIUS,35
803,HADI,35
803,ISMAEL,35
803,JAIDON,35
803,KAINE,35
803,KENNY,35
803,NELSON,35
803,PEDRO,35
803,ROAN,35
803,SAAD,35
803,SID,35
803,TAYLAN,35
818,AMIN,34
818,DAMON,34
818,DEV,34
818,DILAN,34
818,DONOVAN,34
818,FAHAD,34
818,JADON,34
818,KINGSTON,34
818,LUQMAN,34
818,NEEL,34
818,NIKITA,34
818,OISIN,34
818,OLLY,34
818,SACHA,34
818,SHEIKH,34
818,TARIQ,34
818,TOBEY,34
818,WILLEM,34
836,EMANUEL,33
836,ESA,33
836,FRANCISCO,33
836,GILBERT,33
836,JAWAD,33
836,JAYLEN,33
836,JORGE,33
836,KAYLEM,33
836,LEWIE,33
836,MURTAZA,33
836,NABIL,33
836,RIZWAN,33
836,WADE,33
836,WALTER,33
850,BOBBIE,32
850,BRYCE,32
850,FAHEEM,32
850,HAYDON,32
850,ISHAN,32
850,JOHAN,32
850,JORDON,32
850,KEON,32
850,MOSHE,32
850,REMY,32
850,RYLIE,32
850,TERENCE,32
850,TYLER-JAMES,32
850,WALEED,32
850,YOUSEF,32
850,YU,32
850,ZACHERY,32
867,AARAV,31
867,AMEER,31
867,AXEL,31
867,BRADY,31
867,CORMAC,31
867,DAWSON,31
867,DEON,31
867,EDGAR,31
867,EMILIO,31
867,ENOCH,31
867,FAIZAAN,31
867,GERARD,31
867,IFAN,31
867,JACE,31
867,JOAO,31
867,JOHNATHAN,31
867,JULES,31
867,KAAN,31
867,KAJUS,31
867,LAURIE,31
867,LYNDON,31
867,MILOSZ,31
867,MOHSIN,31
867,OLAF,31
867,OMER,31
867,SANTINO,31
867,ZACHARIAS,31
894,ADEM,30
894,AYOMIDE,30
894,CADE,30
894,CAINE,30
894,CHAD,30
894,CLARK,30
894,DEWI,30
894,DONTE,30
894,FARHAAN,30
894,GRUFFYDD,30
894,HADLEY,30
894,ISSAC,30
894,LEONIDAS,30
894,MONTAGUE,30
894,OLUWATOBI,30
894,PRESLEY,30
894,RAHIM,30
894,REISS,30
894,REMI,30
894,ROY,30
894,TRENT,30
894,YOUSSEF,30
916,AKASH,29
916,AMEEN,29
916,ARIAN,29
916,ASHWIN,29
916,BROOK,29
916,CARLO,29
916,DALTON,29
916,ELIOT,29
916,FENTON,29
916,FIONN,29
916,HAMMAD,29
916,HARUN,29
916,JACQUES,29
916,JONATHON,29
916,KARAN,29
916,KAREEM,29
916,KIEREN,29
916,LAITH,29
916,LANDON,29
916,LENNIE,29
916,LORCAN,29
916,NABEEL,29
916,PADDY,29
916,PERRY,29
916,TYMOTEUSZ,29
916,YAQUB,29
916,ZOHAIB,29
943,ALEXANDROS,28
943,DARNELL,28
943,DARRAGH,28
943,ELVIS,28
943,EMILE,28
943,FEDERICO,28
943,FRANCISZEK,28
943,IDRIS,28
943,IRFAN,28
943,JEFFREY,28
943,KAIDAN,28
943,KASIM,28
943,MAKENZIE,28
943,MARKUS,28
943,MIKAIL,28
943,NANA,28
943,PIERRE,28
943,RAEES,28
943,RODRIGO,28
943,SULEMAN,28
943,YOSEF,28
964,AARUSH,27
964,ABID,27
964,ALLAN,27
964,BORIS,27
964,CAIRO,27
964,DANE,27
964,DEEN,27
964,ESHAAN,27
964,FINTAN,27
964,HAROLD,27
964,JAIDAN,27
964,JUAN,27
964,KABIR,27
964,KAYLAN,27
964,KRISHAN,27
964,LOCHLAN,27
964,MIKHAIL,27
964,OM,27
964,SHIVAM,27
964,STEVIE,27
964,TYLOR,27
964,VALENTINO,27
964,YOUSAF,27
987,AARIZ,26
987,AKRAM,26
987,ALASDAIR,26
987,ALEJANDRO,26
987,ARIF,26
987,BARTLOMIEJ,26
987,BRANDEN,26
987,CAVAN,26
987,CILLIAN,26
987,DAN,26
987,DANIAL,26
987,DEVAN,26
987,EFE,26
987,GIANLUCA,26
987,GRAYSON,26
987,HARVEY-LEE,26
987,HASHIR,26
987,ISSA,26
987,JAYDEN-LEE,26
987,JEM,26
987,JULIUS,26
987,KAYA,26
987,KEIR,26
987,KHALIL,26
987,MAHIR,26
987,MURRAY,26
987,RHODRI,26
987,SACHIN,26
987,SAMUAL,26
987,SHIV,26
987,TAYYAB,26
987,TEO,26
987,TYREESE,26
987,UBAID,26
987,VIKTOR,26
987,ZAKARIYYA,26
987,ZUBAIR,26
1024,AEDAN,25
1024,ALEXIS,25
1024,BILAAL,25
1024,DANISH,25
1024,FINNLAY,25
1024,IOLO,25
1024,JIMI,25
1024,JUN,25
1024,KALUM,25
1024,KEITH,25
1024,KOBIE,25
1024,KODI,25
1024,LANCE,25
1024,LEROY,25
1024,LEX,25
1024,LINDEN,25
1024,MANUEL,25
1024,PRANAV,25
1024,RAUL,25
1024,RAVI,25
1024,RICHIE,25
1024,STANISLAW,25
1024,TOMMY-LEE,25
1024,VINNY,25
1048,ABDURRAHMAN,24
1048,ADYAN,24
1048,AHAD,24
1048,AMOS,24
1048,ARIN,24
1048,BRAD,24
1048,BRENNAN,24
1048,COEN,24
1048,EPHRAIM,24
1048,FERDINAND,24
1048,HERBERT,24
1048,HUSEYIN,24
1048,JAYSON,24
1048,KAMRON,24
1048,KARAM,24
1048,KEANU,24
1048,KENAN,24
1048,KIYAN,24
1048,KOFI,24
1048,MAC,24
1048,MACSEN,24
1048,MAHAMED,24
1048,MANRAJ,24
1048,MARWAN,24
1048,MIKAEEL,24
1048,MUSAB,24
1048,NIGEL,24
1048,NIHAL,24
1048,PHARRELL,24
1048,SAYED,24
1048,SHAYAAN,24
1048,SUHAIB,24
1048,SULTAN,24
1048,TAYLER,24
1048,TEDDIE,24
1048,TYLA,24
1048,ZHI,24
1085,ABUBAKR,23
1085,ALESSIO,23
1085,BRAIDEN,23
1085,BUDDY,23
1085,CORBAN,23
1085,DAINTON,23
1085,DEVONTE,23
1085,ETIENNE,23
1085,FINNIAN,23
1085,GRANT,23
1085,HARLAN,23
1085,HUNTER,23
1085,IDREES,23
1085,IMAAD,23
1085,INDIANA,23
1085,IZAAC,23
1085,JAMIL,23
1085,JASKARAN,23
1085,JAYDN,23
1085,JEAN,23
1085,KAELAN,23
1085,KAIN,23
1085,LEWYS,23
1085,MASSIMO,23
1085,MATIAS,23
1085,NATANIEL,23
1085,REESE,23
1085,REGINALD,23
1085,SHILOH,23
1085,SHUAIB,23
1085,SOHAIL,23
1085,SPIKE,23
1085,SUFYAAN,23
1085,SULLIVAN,23
1085,SYDNEY,23
1085,TJ,23
1085,WILF,23
1085,YASSIN,23
1085,ZANDER,23
1124,AAHIL,22
1124,AAMIR,22
1124,AHSAN,22
1124,ANISH,22
1124,ANTOINE,22
1124,ATIF,22
1124,BERNARD,22
1124,CALLAN,22
1124,CARLTON,22
1124,CHAIM,22
1124,CLEMENT,22
1124,CORDELL,22
1124,DARA,22
1124,EDISON,22
1124,FRANCESCO,22
1124,GRACJAN,22
1124,HAMID,22
1124,HARLEE,22
1124,JOZEF,22
1124,JUDAH,22
1124,KAYLEN,22
1124,KEAGAN,22
1124,MARLON,22
1124,NOA,22
1124,PIERS,22
1124,RANVEER,22
1124,RHYDIAN,22
1124,SAHIB,22
1124,TOBI,22
1124,WILLOUGHBY,22
1124,YOUSIF,22
1124,YUSEF,22
1156,ANDERSON,21
1156,ARVIN,21
1156,AUSTEN,21
1156,AYDAN,21
1156,AYOUB,21
1156,BLAINE,21
1156,BRADEN,21
1156,BRANDAN,21
1156,CAIO,21
1156,CAMPBELL,21
1156,COBEY,21
1156,DIOGO,21
1156,DYLLAN,21
1156,ELISHA,21
1156,EMIR,21
1156,EOGHAN,21
1156,ESSA,21
1156,FLOYD,21
1156,FYNLEY,21
1156,GETHYN,21
1156,HAL,21
1156,HARMAN,21
1156,HISHAM,21
1156,ISHAAQ,21
1156,ISHMAEL,21
1156,IVO,21
1156,KAIF,21
1156,KHALED,21
1156,MACAULAY,21
1156,MAHAD,21
1156,MAKSIM,21
1156,MALAKI,21
1156,MATT,21
1156,MIKAEL,21
1156,OLE,21
1156,ORAN,21
1156,ORION,21
1156,ORSON,21
1156,PAOLO,21
1156,PIERCE,21
1156,ROBERTO,21
1156,RONALDO,21
1156,SAID,21
1156,SAIM,21
1156,TAIO,21
1156,TAYE,21
1156,TIERNAN,21
1156,TYMON,21
1156,VAUGHAN,21
1156,ZAKK,21
1206,ABDULAHI,20
1206,ALFIE-LEE,20
1206,ANGEL,20
1206,AREEB,20
1206,ARI,20
1206,AYUSH,20
1206,BRANDON-LEE,20
1206,CEM,20
1206,CORBYN,20
1206,CRISTIAN,20
1206,EDUARD,20
1206,EUGENE,20
1206,FREDRICK,20
1206,HUSNAIN,20
1206,HUZAIFAH,20
1206,JAEDEN,20
1206,JAMAAL,20
1206,KAMAL,20
1206,KENZO,20
1206,KRIS,20
1206,MARCIN,20
1206,MAYSON,20
1206,MEKHI,20
1206,MUJTABA,20
1206,MUNEEB,20
1206,NEHEMIAH,20
1206,NOOR,20
1206,REO,20
1206,RUAIRI,20
1206,SEB,20
1206,STEVE,20
1206,TAHMID,20
1206,TORIN,20
1206,YEHUDA,20
1206,YISROEL,20
1206,ZIGGY,20
1242,AADIL,19
1242,ADEEL,19
1242,ARHAM,19
1242,ARYA,19
1242,AUBREY,19
1242,AVI,19
1242,BENTLEY,19
1242,CARWYN,19
1242,COBI,19
1242,COLTON,19
1242,CONALL,19
1242,DANYAAL,19
1242,DIGBY,19
1242,EBENEZER,19
1242,EDUARDO,19
1242,EESAA,19
1242,FELIPE,19
1242,FERNANDO,19
1242,FREDRIK,19
1242,HAIDAR,19
1242,HAIDEN,19
1242,ISAAK,19
1242,JASE,19
1242,JIBRIL,19
1242,JOHANNES,19
1242,JOHN-PAUL,19
1242,JOSEFF,19
1242,JOVAN,19
1242,KAJETAN,19
1242,KENZI,19
1242,KISHAN,19
1242,KODIE,19
1242,KRISHNA,19
1242,KYMANI,19
1242,MAREK,19
1242,MITCHEL,19
1242,MUBARAK,19
1242,NOJUS,19
1242,NORBERT,19
1242,PTOLEMY,19
1242,RAJVEER,19
1242,RUDRA,19
1242,SASHA,19
1242,SHAI,19
1242,SOHAIB,19
1242,SONNIE,19
1242,STAN,19
1242,TAHIR,19
1242,WINSTON,19
1242,YACINE,19
1242,YOUNES,19
1242,ZI,19
1294,AARAN,18
1294,ABDALLAH,18
1294,ABDUR-RAHMAN,18
1294,ABHINAV,18
1294,ADRIEL,18
1294,AHMET,18
1294,AKSHAY,18
1294,ALBAN,18
1294,AMRIT,18
1294,ARNOLD,18
1294,ASHDON,18
1294,BAILEE,18
1294,BLAISE,18
1294,BLESSING,18
1294,CHAY,18
1294,CHRISTOS,18
1294,CORIN,18
1294,COSMO,18
1294,DENNY,18
1294,DERREN,18
1294,DWAYNE,18
1294,ENES,18
1294,FAHIM,18
1294,GIORGIO,18
1294,GUS,18
1294,HAKEEM,18
1294,HARPER,18
1294,HARVIE,18
1294,HUZAIFA,18
1294,JUNAYD,18
1294,KACEY,18
1294,KALEM,18
1294,KEIGAN,18
1294,MAHMOUD,18
1294,MALCOLM,18
1294,MARIUS,18
1294,MEHDI,18
1294,MIKEL,18
1294,NILE,18
1294,RAMZI,18
1294,RANVIR,18
1294,RHILEY,18
1294,ROME,18
1294,SANJAY,18
1294,SHAKEEL,18
1294,SHAYDEN,18
1294,TEEJAY,18
1294,TYSON,18
1294,YAHYE,18
1343,ALFIE-JAMES,17
1343,AMANI,17
1343,ANEURIN,17
1343,AQEEL,17
1343,ARMANI,17
1343,ARYAAN,17
1343,ASHDEN,17
1343,AYRTON,17
1343,BARNABAS,17
1343,BARRY,17
1343,BLUE,17
1343,CODI,17
1343,CRISTIANO,17
1343,DIVINE,17
1343,EDAN,17
1343,FARREN,17
1343,FINNAN,17
1343,GHULAM,17
1343,HABIB,17
1343,IHSAN,17
1343,JAMEEL,17
1343,JIM,17
1343,JOBE,17
1343,KASEY,17
1343,KRISTOPHER,17
1343,LINUS,17
1343,LLYR,17
1343,LUCUS,17
1343,MACK,17
1343,MARCOS,17
1343,MARVIN,17
1343,MELVIN,17
1343,MICKEY,17
1343,MIRZA,17
1343,NEEV,17
1343,NYLE,17
1343,OLUWATOBILOBA,17
1343,PAVAN,17
1343,PREM,17
1343,RAFAL,17
1343,REID,17
1343,REON,17
1343,RHYLEY,17
1343,RIYAD,17
1343,ROSSI,17
1343,RYLEIGH,17
1343,SALEH,17
1343,SALIM,17
1343,SAMAD,17
1343,SHELDON,17
1343,TYLER-JAY,17
1343,UTHMAN,17
1343,WIL,17
1343,WILLIS,17
1343,WOJCIECH,17
1343,YOUCEF,17
1343,ZACHARIA,17
1343,ZACKERY,17
1343,ZAKARY,17
1343,ZIDAN,17
1403,ABDURAHMAN,16
1403,ADNAAN,16
1403,ALBY,16
1403,AMAAR,16
1403,AQIB,16
1403,ASHRAF,16
1403,BARAN,16
1403,BURAK,16
1403,CONNAH,16
1403,DEVEN,16
1403,DOMINICK,16
1403,DOMINYKAS,16
1403,FABIEN,16
1403,FLORIAN,16
1403,GERRARD,16
1403,GIACOMO,16
1403,GLEN,16
1403,GRZEGORZ,16
1403,HAYTHAM,16
1403,JAE,16
1403,JAMIE-LEE,16
1403,JAYDEN-JAMES,16
1403,JEDIDIAH,16
1403,JETHRO,16
1403,JODY,16
1403,JOSS,16
1403,KAILEN,16
1403,KALVIN,16
1403,KAMARI,16
1403,KEYAAN,16
1403,KIEAN,16
1403,KORY,16
1403,LEWI,16
1403,LLEYTON,16
1403,LUQMAAN,16
1403,MAXIME,16
1403,MURPHY,16
1403,NATHANIAL,16
1403,OMARION,16
1403,PARTH,16
1403,PAULO,16
1403,ROGER,16
1403,RUARI,16
1403,SARIM,16
1403,STEWART,16
1403,TERRELL,16
1403,THIERRY,16
1403,TRISTEN,16
1403,UMER,16
1403,VARUN,16
1403,VINAY,16
1403,VIVEK,16
1403,YANIS,16
1403,YI,16
1457,AAYUSH,15
1457,ABDULAZIZ,15
1457,ACE,15
1457,ARCHER,15
1457,ASIM,15
1457,BAYLEE,15
1457,BECK,15
1457,BOYD,15
1457,BRODEN,15
1457,CADAN,15
1457,CYRIL,15
1457,DANIELIUS,15
1457,DENVER,15
1457,DIMITRI,15
1457,DONTAY,15
1457,DRAKE,15
1457,GRAHAM,15
1457,HAO,15
1457,HUXLEY,15
1457,JAMESON,15
1457,JAVAN,15
1457,JIN,15
1457,KAILUM,15
1457,KAIRO,15
1457,KALEEM,15
1457,KAYDAN,15
1457,KENNEDY,15
1457,KORI,15
1457,KYSON,15
1457,LEANDRO,15
1457,LEYLAND,15
1457,LIBAN,15
1457,MAKAI,15
1457,MANAV,15
1457,MATTIA,15
1457,MERT,15
1457,MICKY,15
1457,MORRIS,15
1457,NICK,15
1457,OLIWER,15
1457,OMID,15
1457,PRANAY,15
1457,RALPHIE,15
1457,RAZA,15
1457,REEF,15
1457,ROHAAN,15
1457,ROHIT,15
1457,SAQIB,15
1457,SAXON,15
1457,SUKHRAJ,15
1457,TADHG,15
1457,TALIESIN,15
1457,TRE,15
1457,TRISTON,15
1511,ADEEB,14
1511,AHYAN,14
1511,ALEXEI,14
1511,ANAY,14
1511,ARCHY,14
1511,ATTICUS,14
1511,BASIL,14
1511,BILL,14
1511,BLAZE,14
1511,BLU,14
1511,BODHI,14
1511,CALE,14
1511,CARRICK,14
1511,CJ,14
1511,COEL,14
1511,CONAN,14
1511,DAANYAAL,14
1511,DARRELL,14
1511,DAUD,14
1511,DAWOOD,14
1511,EDDY,14
1511,ENRICO,14
1511,ENRIQUE,14
1511,ERNIE,14
1511,FRANCO,14
1511,GERALD,14
1511,GIUSEPPE,14
1511,GORDON,14
1511,GREGOR,14
1511,GRIFF,14
1511,GUILHERME,14
1511,HANS,14
1511,HOWARD,14
1511,HUGHIE,14
1511,ILYA,14
1511,JARRED,14
1511,JARVIS,14
1511,JAXSON,14
1511,JAY-JAY,14
1511,JEDD,14
1511,KALEN,14
1511,KANYE,14
1511,KARSON,14
1511,KASHIF,14
1511,KAYSON,14
1511,KERIM,14
1511,LOKI,14
1511,LUCIEN,14
1511,MANVEER,14
1511,MARKO,14
1511,MATHIAS,14
1511,MICHEAL,14
1511,MIKE,14
1511,MUHSIN,14
1511,NAEEM,14
1511,NICKY,14
1511,OZAN,14
1511,PIRAN,14
1511,QAIS,14
1511,QUINLAN,14
1511,RAIF,14
1511,RAYYAAN,14
1511,RHYLEE,14
1511,RUI,14
1511,SABIR,14
1511,SAI,14
1511,SAJID,14
1511,SAMY,14
1511,SAWYER,14
1511,SHAHEER,14
1511,T-JAY,14
1511,TAFARI,14
1511,TALHAH,14
1511,TANVEER,14
1511,TOBIASZ,14
1511,UWAIS,14
1511,VEDANT,14
1511,WALID,14
1511,WASIM,14
1511,WEI,14
1511,YAKOV,14
1511,YASSER,14
1511,ZAHID,14
1511,ZAINE,14
1511,ZAYAAN,14
1596,AADI,13
1596,ABIR,13
1596,ACER,13
1596,AERON,13
1596,AKEEM,13
1596,ALEEM,13
1596,ALEXI,13
1596,ALFREDO,13
1596,ANAND,13
1596,ANEES,13
1596,ANIS,13
1596,ANWAR,13
1596,AYMEN,13
1596,AYUUB,13
1596,AZEEM,13
1596,BENAS,13
1596,BENN,13
1596,BENNY,13
1596,BROOKE,13
1596,CAIDAN,13
1596,CASSIDY,13
1596,CHACE,13
1596,COREY-LEE,13
1596,CORI,13
1596,DAVE,13
1596,DAVEY,13
1596,DEIO,13
1596,DEREK,13
1596,DEVIN,13
1596,DHILAN,13
1596,DONALD,13
1596,ELIEZER,13
1596,ELLISON,13
1596,ELVIN,13
1596,ELYAS,13
1596,ESAH,13
1596,FAWAZ,13
1596,GABRIELE,13
1596,GILES,13
1596,GRIFFIN,13
1596,GRUFFUDD,13
1596,GURVEER,13
1596,HAMAAD,13
1596,HANAD,13
1596,HAYYAN,13
1596,HUSAIN,13
1596,HUSSNAIN,13
1596,IMAD,13
1596,INIGO,13
1596,IVOR,13
1596,JACEK,13
1596,JAVIER,13
1596,JAYLAN,13
1596,JOBY,13
1596,JOHANN,13
1596,JOHNATHON,13
1596,KAYLEB,13
1596,KENZIE-LEE,13
1596,KESHAV,13
1596,KIE,13
1596,KYRELL,13
1596,LAITON,13
1596,LEOPOLD,13
1596,LORIS,13
1596,MANI,13
1596,MAURICE,13
1596,MAZIN,13
1596,MEMPHIS,13
1596,MIR,13
1596,MURAT,13
1596,NADEEM,13
1596,OLI,13
1596,OLUWADEMILADE,13
1596,OLUWATIMILEYIN,13
1596,OSSIAN,13
1596,QUENTIN,13
1596,RAHEEL,13
1596,RAIHAAN,13
1596,RAIYAN,13
1596,RALF,13
1596,RASHID,13
1596,RIYADH,13
1596,RONAK,13
1596,RONIN,13
1596,ROSCOE,13
1596,RUAN,13
1596,SALAH,13
1596,SALAHUDDIN,13
1596,SEYED,13
1596,SHOAIB,13
1596,SHYAM,13
1596,SIDDHARTH,13
1596,SOHAN,13
1596,SOREN,13
1596,SUHAIL,13
1596,SULEYMAN,13
1596,SURAJ,13
1596,TADIWA,13
1596,TALAN,13
1596,TAMEEM,13
1596,TANAKA,13
1596,TAYO,13
1596,VINCE,13
1596,WARRICK,13
1596,WARWICK,13
1596,ZACHARIYA,13
1596,ZAYNE,13
1596,ZECHARIAH,13
1596,ZIAD,13
1596,ZIDANE,13
1706,AAQIB,12
1706,ABDIMALIK,12
1706,ADAN,12
1706,ADHAM,12
1706,ADI,12
1706,ALEKS,12
1706,ALFI,12
1706,ALPHA,12
1706,AMMAAR,12
1706,ARIEL,12
1706,ARIYAN,12
1706,ARLEN,12
1706,ART,12
1706,ASIF,12
1706,AYODEJI,12
1706,AZAN,12
1706,AZHAR,12
1706,BO,12
1706,BRADLEE,12
1706,BRYNLEY,12
1706,CAIUS,12
1706,CAYLUM,12
1706,CIERAN,12
1706,CLAY,12
1706,DAANISH,12
1706,DARIO,12
1706,DARRYL,12
1706,DARSH,12
1706,DARWIN,12
1706,DARYL,12
1706,DAYTON,12
1706,DON,12
1706,DONNIE,12
1706,DONTAE,12
1706,DUKE,12
1706,EAMONN,12
1706,EESAH,12
1706,EHSAAN,12
1706,ELWOOD,12
1706,FARLEY,12
1706,FENN,12
1706,FILIPPO,12
1706,GAGE,12
1706,GODWIN,12
1706,GUTO,12
1706,HABEEB,12
1706,HAMDAN,12
1706,HARLIE,12
1706,HARVEER,12
1706,HAYDAN,12
1706,HORATIO,12
1706,HOWIE,12
1706,IHSAAN,12
1706,IJAZ,12
1706,IMAN,12
1706,INDIGO,12
1706,IOANNIS,12
1706,JAHEIM,12
1706,JERRY,12
1706,KAILAN,12
1706,KAVIN,12
1706,KAYDN,12
1706,KEAN,12
1706,KEVINAS,12
1706,KUSH,12
1706,KYAL,12
1706,KYDEN,12
1706,LEELAN,12
1706,LEELAND,12
1706,LELAN,12
1706,LUCIUS,12
1706,MAHAMMED,12
1706,MALACHAI,12
1706,MARLY,12
1706,MAXX,12
1706,MCKENZI,12
1706,MILAD,12
1706,MIROSLAV,12
1706,MOISHE,12
1706,MUNASHE,12
1706,NADIR,12
1706,NAYAN,12
1706,NEHAN,12
1706,NIKO,12
1706,OREN,12
1706,OUSMAN,12
1706,PACEY,12
1706,PERCY,12
1706,RAHIL,12
1706,REES,12
1706,RHYAN,12
1706,SADIQ,12
1706,SAKIB,12
1706,SALIH,12
1706,SERGIO,12
1706,SHAHID,12
1706,SHAYE,12
1706,SHIMON,12
1706,SOFIAN,12
1706,STEPHAN,12
1706,SUHAYB,12
1706,TANVIR,12
1706,TARUN,12
1706,TAYLOR-JAMES,12
1706,TEJAS,12
1706,THOM,12
1706,TIM,12
1706,TINASHE,12
1706,TJAY,12
1706,TOBIN,12
1706,TOMMI,12
1706,TOMMIE,12
1706,TRAFFORD,12
1706,TYREE,12
1706,UMUT,12
1706,WILBUR,12
1706,WISDOM,12
1706,ZAHIR,12
1706,ZAYYAN,12
1706,ZEBEDEE,12
1706,ZEKE,12
1706,ZINEDINE,12
1828,ABDI,11
1828,ALAND,11
1828,ALBERTO,11
1828,ALEKSANDAR,11
1828,ALEKSANDR,11
1828,AMINE,11
1828,ANDRZEJ,11
1828,ANSH,11
1828,ARNAS,11
1828,ASHVIN,11
1828,AUGUSTUS,11
1828,AYYUB,11
1828,BABY,11
1828,BARTEK,11
1828,BAXTER,11
1828,BOBBY-LEE,11
1828,BODIE,11
1828,BORYS,11
1828,CAELEN,11
1828,CASPIAN,11
1828,CASSIAN,11
1828,CAVALLI,11
1828,CHARLEE,11
1828,CHRISTO,11
1828,CHRISTY,11
1828,CLARKE,11
1828,CLINTON,11
1828,COBEN,11
1828,CORNELIUS,11
1828,DAMION,11
1828,DAX,11
1828,DJANGO,11
1828,EAMON,11
1828,EDOARDO,11
1828,EFAN,11
1828,EMILIS,11
1828,ERAY,11
1828,FAARIS,11
1828,FINBAR,11
1828,FINDLEY,11
1828,FINLEE,11
1828,FOX,11
1828,FURQAN,11
1828,GABRIELIUS,11
1828,GLENN,11
1828,GUSTAV,11
1828,GWION,11
1828,HARSH,11
1828,HASSAAN,11
1828,HOLDEN,11
1828,HUEY,11
1828,ILYAAS,11
1828,IMAAN,11
1828,INDIE,11
1828,JAIME,11
1828,JAMARI,11
1828,JOSHAN,11
1828,JOSHUA-JAMES,11
1828,KADYN,11
1828,KAEDEN,11
1828,KASPAR,11
1828,KAYAN,11
1828,KAYSAN,11
1828,KESTER,11
1828,KHAI,11
1828,KIRK,11
1828,KRYSPIN,11
1828,KWABENA,11
1828,LARRY,11
1828,LEMAR,11
1828,LEMUEL,11
1828,LEWIN,11
1828,LUAN,11
1828,LUCIANO,11
1828,LYLE,11
1828,MADOC,11
1828,MAKS,11
1828,MATHEUS,11
1828,MATIN,11
1828,MOOSA,11
1828,MUHAMED,11
1828,MYRON,11
1828,NARAYAN,11
1828,NASIR,11
1828,NAVJOT,11
1828,OBI,11
1828,OLUWADAMILARE,11
1828,OZZY,11
1828,PARKER,11
1828,RAJ,11
1828,RALFIE,11
1828,RIAD,11
1828,RIYAN,11
1828,ROLAND,11
1828,ROMARIO,11
1828,RONI,11
1828,RUBIN,11
1828,SAMRAJ,11
1828,SHAHZAIB,11
1828,SHAQUILLE,11
1828,SHAURYA,11
1828,SHLOMO,11
1828,SIMBARASHE,11
1828,SOHAM,11
1828,SONNI,11
1828,SUDAIS,11
1828,SUFIYAN,11
1828,SUHAAN,11
1828,T,11
1828,TALON,11
1828,TAMIM,11
1828,TAREK,11
1828,TARIK,11
1828,TAYYIB,11
1828,THEODOR,11
1828,THIAGO,11
1828,TIMUR,11
1828,TRISTIAN,11
1828,VAUGHN,11
1828,VISHAL,11
1828,WEN,11
1828,YING,11
1828,YOEL,11
1828,ZAVIER,11
1828,ZUHAIB,11
1953,ABDALLA,10
1953,ABDULRAHIM,10
1953,ABDUR-RAHMAAN,10
1953,ABHAY,10
1953,ADRIEN,10
1953,ARBER,10
1953,ARCHIE-LEE,10
1953,AVRAM,10
1953,AVROHOM,10
1953,AZIZ,10
1953,BILLY-JOE,10
1953,BLADE,10
1953,BORAN,10
1953,BRADLEIGH,10
1953,BRAEDEN,10
1953,BRENDEN,10
1953,CAMDEN,10
1953,CHANCE,10
1953,CHUKWUEMEKA,10
1953,CLAUDIO,10
1953,COBIE,10
1953,COHAN,10
1953,CYNAN,10
1953,CYPRIAN,10
1953,DANIELS,10
1953,DEIAN,10
1953,DEIVIDAS,10
1953,DESMOND,10
1953,DOUGIE,10
1953,DOVYDAS,10
1953,DYLON,10
1953,EASHAN,10
1953,ELIYOHU,10
1953,ERIS,10
1953,EWEN,10
1953,FAREED,10
1953,FARRIS,10
1953,FAYSAL,10
1953,FREDERIK,10
1953,GABE,10
1953,GAVRIEL,10
1953,GERAINT,10
1953,GIL,10
1953,GINO,10
1953,GONCALO,10
1953,HAADI,10
1953,HADYN,10
1953,HAKIM,10
1953,HAMAD,10
1953,HAMED,10
1953,HARITH,10
1953,HARLEY-JAY,10
1953,HENRIQUE,10
1953,HUSAYN,10
1953,IAIN,10
1953,IMMANUEL,10
1953,IMTIYAZ,10
1953,JAD,10
1953,JAEDON,10
1953,JAIVEER,10
1953,JAYCE,10
1953,JAYKE,10
1953,JEFF,10
1953,JEFFERSON,10
1953,JETT,10
1953,JEVAN,10
1953,JOAB,10
1953,JOAQUIN,10
1953,JOHNNIE,10
1953,JULIEN,10
1953,KAISER,10
1953,KAL-EL,10
1953,KAZI,10
1953,KEIAN,10
1953,KENZY,10
1953,KEYAN,10
1953,KHALEEL,10
1953,KHAN,10
1953,KILLIAN,10
1953,KRISTAN,10
1953,KYREN,10
1953,LAYNE,10
1953,LEALAND,10
1953,LEIGH,10
1953,LEONEL,10
1953,LLYWELYN,10
1953,MAAZ,10
1953,MALAKIE,10
1953,MALEK,10
1953,MANVIR,10
1953,MARTY,10
1953,MATTHIAS,10
1953,MILEY,10
1953,MOHAMMOD,10
1953,MOHMMED,10
1953,MUADH,10
1953,MUNIR,10
1953,NASSER,10
1953,NEAL,10
1953,NIAM,10
1953,NILS,10
1953,NISHAAN,10
1953,NIYAM,10
1953,NUNO,10
1953,OBAID,10
1953,ODIN,10
1953,OMED,10
1953,OSKARAS,10
1953,OWYN,10
1953,PADRAIG,10
1953,PASCAL,10
1953,RAEF,10
1953,RAFFAELE,10
1953,RAIDEN,10
1953,RAMI,10
1953,RAMONE,10
1953,REED,10
1953,RIAZ,10
1953,RIDWAAN,10
1953,RIELY,10
1953,RUARIDH,10
1953,SAAHIL,10
1953,SAEED,10
1953,SAMIUL,10
1953,SHAHAN,10
1953,SHAKUR,10
1953,SHEIK,10
1953,SHIVEN,10
1953,STEFANO,10
1953,SUFIAN,10
1953,TEON,10
1953,THOMAS-JAMES,10
1953,THOR,10
1953,TIGER,10
1953,VINCENZO,10
1953,WILIAM,10
1953,YAMIN,10
1953,YAN,10
1953,YAQOOB,10
1953,YAZAN,10
1953,YITZCHOK,10
1953,YONATAN,10
1953,YUNIS,10
1953,ZAEEM,10
2097,ABDINASIR,9
2097,ABDULLA,9
2097,ABYAN,9
2097,ADEMOLA,9
2097,AIRONAS,9
2097,AKHIL,9
2097,AKIVA,9
2097,ALBIN,9
2097,ALFIE-JAY,9
2097,ALFIE-JOE,9
2097,ALFONSO,9
2097,ALIX,9
2097,AMR,9
2097,AODHAN,9
2097,AQIL,9
2097,ARASH,9
2097,ARAV,9
2097,ARLEY,9
2097,ARMANDAS,9
2097,ARVIND,9
2097,AWAB,9
2097,AYYAN,9
2097,BALRAJ,9
2097,BAWAN,9
2097,BECKETT,9
2097,BERKAY,9
2097,BERNARDO,9
2097,BERTRAM,9
2097,BOB,9
2097,BRAJAN,9
2097,BRAYDAN,9
2097,CAILAN,9
2097,CAMERON-JAMES,9
2097,CAYDON,9
2097,CHEN,9
2097,CONSTANTIN,9
2097,CONSTANTINE,9
2097,DAKSH,9
2097,DARIAN,9
2097,DARSHAN,9
2097,DAVIN,9
2097,DAVY,9
2097,DERRICK,9
2097,DEVANTE,9
2097,DIYAR,9
2097,DRAVEN,9
2097,EHREN,9
2097,EMRYS,9
2097,ENIS,9
2097,FARAZ,9
2097,FARDEEN,9
2097,FARID,9
2097,FINTON,9
2097,FLINN,9
2097,FRANKLYN,9
2097,FRASIER,9
2097,FYNNLEY,9
2097,GEORGIOS,9
2097,GIANCARLO,9
2097,GRAY,9
2097,GRIFFITH,9
2097,GUSTAVO,9
2097,HAMILTON,9
2097,HAMMAAD,9
2097,HAMSA,9
2097,HAN,9
2097,HARISH,9
2097,HARISON,9
2097,HARRIE,9
2097,HASSNAIN,9
2097,HEDLEY,9
2097,HENDRIX,9
2097,HISHAAM,9
2097,HOPE,9
2097,ILIAS,9
2097,ISLAM,9
2097,IZAK,9
2097,JABIR,9
2097,JAHIEM,9
2097,JAMEL,9
2097,JIBRAN,9
2097,JOHNSON,9
2097,JOLYON,9
2097,JORDEN,9
2097,JOTHAM,9
2097,KAEL,9
2097,KAIRON,9
2097,KALE,9
2097,KASON,9
2097,KAYDE,9
2097,KAYDEN-LEE,9
2097,KEGAN,9
2097,KEN,9
2097,KENDALL,9
2097,KEREM,9
2097,KHYE,9
2097,KIEFER,9
2097,KING,9
2097,KONNOR,9
2097,KORAY,9
2097,KORBEN,9
2097,KORNEL,9
2097,KRISTUPAS,9
2097,LESLIE,9
2097,LEV,9
2097,LLION,9
2097,LYNDEN,9
2097,MANSUR,9
2097,MANTAS,9
2097,MARLOW,9
2097,MATEJ,9
2097,MATEUS,9
2097,MATTHIEU,9
2097,MAVERICK,9
2097,MAXIMILIEN,9
2097,MENACHEM,9
2097,MING,9
2097,MOHID,9
2097,MOIZ,9
2097,MOMIN,9
2097,MUBASHIR,9
2097,NATHEN,9
2097,NEVIN,9
2097,NOLAN,9
2097,OBIE,9
2097,OBINNA,9
2097,OCEAN,9
2097,OLAMIDE,9
2097,OLUWATOMISIN,9
2097,OLUWATONI,9
2097,ONUR,9
2097,ORIN,9
2097,PAPA,9
2097,PARSA,9
2097,PAVEL,9
2097,QUINCY,9
2097,RAFAY,9
2097,RAYN,9
2097,RICCO,9
2097,RIDHWAN,9
2097,ROBSON,9
2097,ROKAS,9
2097,RYAAN,9
2097,SAFI,9
2097,SAFWAAN,9
2097,SAHIR,9
2097,SALMAAN,9
2097,SELIM,9
2097,SENAN,9
2097,SHABAZ,9
2097,SHAD,9
2097,SHMUEL,9
2097,STORM,9
2097,SURYA,9
2097,TAMER,9
2097,TANAY,9
2097,TATENDA,9
2097,TAYLEN,9
2097,TAYLOR-JAY,9
2097,THAI,9
2097,THARUN,9
2097,TIAN,9
2097,TIMO,9
2097,TORRIN,9
2097,TYLAN,9
2097,TYRON,9
2097,VALENTINE,9
2097,VIHAAN,9
2097,VIKRAM,9
2097,VLADIMIR,9
2097,WASEEM,9
2097,WOODROW,9
2097,YAKUB,9
2097,YIGIT,9
2097,YURI,9
2097,ZAKARIAH,9
2097,ZAKARIYE,9
2097,ZENON,9
2097,ZEPHANIAH,9
2276,AATIF,8
2276,ABD,8
2276,ABDULBASIT,8
2276,ABRAR,8
2276,ABU-BAKR,8
2276,AFAN,8
2276,AFFAN,8
2276,AJEET,8
2276,AKBAR,8
2276,AL,8
2276,ALBI,8
2276,ALFIE-JACK,8
2276,ALIEU,8
2276,ALISTER,8
2276,AMANDEEP,8
2276,AMIT,8
2276,ANDRES,8
2276,ANESU,8
2276,ANGAD,8
2276,ANH,8
2276,ARMAND,8
2276,ARMANDO,8
2276,ASH,8
2276,AVRAHAM,8
2276,AYOMIKUN,8
2276,BARTHOLOMEW,8
2276,BAYLEIGH,8
2276,BENIAMIN,8
2276,BENYAMIN,8
2276,BILAWAL,8
2276,BILLIE,8
2276,BLEDDYN,8
2276,BOBBI,8
2276,BODE,8
2276,BOLUWATIFE,8
2276,BRAEDON,8
2276,BRONSON,8
2276,BUSTER,8
2276,CALAN,8
2276,CAOLAN,8
2276,CASH,8
2276,CHIDUBEM,8
2276,CHRISTIANO,8
2276,CLAUDE,8
2276,CLIVE,8
2276,COLM,8
2276,DAKOTA,8
2276,DALEY,8
2276,DARIN,8
2276,DARIUSZ,8
2276,DHARAM,8
2276,DHIREN,8
2276,DHYAN,8
2276,DIESEL,8
2276,DOMAS,8
2276,DONNELL,8
2276,DYFAN,8
2276,DYLAN-JAMES,8
2276,EASA,8
2276,EBAN,8
2276,EGE,8
2276,ELIAN,8
2276,EMIRHAN,8
2276,ERICK,8
2276,EVREN,8
2276,FAHD,8
2276,FARRELL,8
2276,FAVOUR,8
2276,FINIAN,8
2276,FINNEGAN,8
2276,FLINT,8
2276,FLYN,8
2276,FOSTER,8
2276,FRAISER,8
2276,FRAIZER,8
2276,FRANCOIS,8
2276,FUAD,8
2276,GARRY,8
2276,GAURAV,8
2276,GIAN,8
2276,GIANNI,8
2276,GRANTAS,8
2276,GURVIR,8
2276,GUSTAS,8
2276,GWILYM,8
2276,HAAMID,8
2276,HANIF,8
2276,HANZALAH,8
2276,HARJOT,8
2276,HARLEIGH,8
2276,HARLEM,8
2276,HARPREET,8
2276,HARRY-JAMES,8
2276,HAYDAR,8
2276,HUMPHREY,8
2276,IAGO,8
2276,IANTO,8
2276,IGNAS,8
2276,IKECHUKWU,8
2276,INDI,8
2276,IRA,8
2276,ISAM,8
2276,IZAAN,8
2276,JACKIE,8
2276,JACKY,8
2276,JAIDYN,8
2276,JAYAN,8
2276,JAYDYN,8
2276,JEVON,8
2276,JING,8
2276,JOASH,8
2276,JOB,8
2276,JOHNPAUL,8
2276,JOOLS,8
2276,JUJHAR,8
2276,JUSTICE,8
2276,KADIR,8
2276,KAIDON,8
2276,KAIDYN,8
2276,KALLEN,8
2276,KARANVEER,8
2276,KAVAN,8
2276,KAYHAN,8
2276,KEALAN,8
2276,KEHINDE,8
2276,KEILAN,8
2276,KENDRICK,8
2276,KHAALID,8
2276,KHYAN,8
2276,KIMANI,8
2276,KLAYTON,8
2276,KOEN,8
2276,KWAME,8
2276,KYRO,8
2276,LAMIN,8
2276,LARS,8
2276,LAWAND,8
2276,LINDON,8
2276,LIONEL,8
2276,LOIC,8
2276,LOWAN,8
2276,LUI,8
2276,MACE,8
2276,MAHMOOD,8
2276,MAHMUD,8
2276,MALAKYE,8
2276,MALEEK,8
2276,MALI,8
2276,MAMADOU,8
2276,MARIAN,8
2276,MARLEE,8
2276,MARLI,8
2276,MARLIE,8
2276,MATEI,8
2276,MATHEO,8
2276,MD.,8
2276,MEHRAN,8
2276,MILLAN,8
2276,MOHAMEDAMIN,8
2276,MOHANAD,8
2276,MUAAD,8
2276,MUHANAD,8
2276,MUJAHID,8
2276,MUKHTAR,8
2276,MUSTAPHA,8
2276,MUZAMMIL,8
2276,NAHOM,8
2276,NAIM,8
2276,NAVID,8
2276,NICKOLAS,8
2276,NIKOLAI,8
2276,OTHNIEL,8
2276,PANAGIOTIS,8
2276,PANASHE,8
2276,PETAR,8
2276,PINCHOS,8
2276,RADWAN,8
2276,RAFFI,8
2276,RAHMAN,8
2276,RAJVIR,8
2276,RANDY,8
2276,RICCARDO,8
2276,RIDLEY,8
2276,RIPLEY,8
2276,RITCHIE,8
2276,RIYAAN,8
2276,ROMAINE,8
2276,RON,8
2276,ROWEN,8
2276,RUHAN,8
2276,RYAN-LEE,8
2276,RYO,8
2276,SA'AD,8
2276,SAIFULLAH,8
2276,SAJAD,8
2276,SAVIO,8
2276,SENNEN,8
2276,SHAN,8
2276,SHAYDON,8
2276,SIKANDAR,8
2276,SINAN,8
2276,SIRAJ,8
2276,TAKUNDA,8
2276,TANISH,8
2276,TAO,8
2276,TARANVEER,8
2276,TAWHID,8
2276,TAY,8
2276,TEGAN,8
2276,TEJAY,8
2276,TEMILOLUWA,8
2276,TEMITOPE,8
2276,TERREL,8
2276,TINOTENDA,8
2276,TITAS,8
2276,TOBENNA,8
2276,TRENTON,8
2276,TREVOR,8
2276,TUDOR,8
2276,TYRELLE,8
2276,UBAYD,8
2276,UMAYR,8
2276,USMAAN,8
2276,VALENTIN,8
2276,VIGGO,8
2276,VIVAAN,8
2276,VLAD,8
2276,YAASIR,8
2276,YAW,8
2276,ZAKARYA,8
2276,ZIA,8
2507,AABAN,7
2507,AAQIL,7
2507,ABDUL-RAHEEM,7
2507,ABDULLAAH,7
2507,ABISHAN,7
2507,ADARSH,7
2507,ADOMAS,7
2507,AHNAF,7
2507,AILBE,7
2507,AIMAN,7
2507,AINSLEY,7
2507,AJANI,7
2507,AKIRA,7
2507,ALLEN,7
2507,AMAL,7
2507,AMBROSE,7
2507,AMIEL,7
2507,AMRIK,7
2507,ANAKIN,7
2507,ANDREA,7
2507,ANDREJ,7
2507,ANEESH,7
2507,ANS,7
2507,ARAD,7
2507,ARKADIUSZ,7
2507,ARSALAAN,7
2507,ASEEM,7
2507,ASHAR,7
2507,ASHISH,7
2507,AYHAM,7
2507,AYODELE,7
2507,AYOOB,7
2507,BADER,7
2507,BASHIR,7
2507,BASIT,7
2507,BASTIAN,7
2507,BAY,7
2507,BEDWYR,7
2507,BELAL,7
2507,BJORN,7
2507,BLAIZE,7
2507,BLAYNE,7
2507,BLAZEJ,7
2507,BOWEN,7
2507,BRACKEN,7
2507,BRAY,7
2507,BRAYAN,7
2507,BRINLEY,7
2507,CAEL,7
2507,CALLUM-JAMES,7
2507,CAMREN,7
2507,CANER,7
2507,CHARLTON,7
2507,CHARLY,7
2507,CHAYSE,7
2507,CHIJIOKE,7
2507,CHINEDU,7
2507,CIANAN,7
2507,CINAR,7
2507,COLLINS,7
2507,CONNELL,7
2507,COURTNEY,7
2507,DAMARI,7
2507,DANI,7
2507,DANILO,7
2507,DANIYAAL,7
2507,DANNY-LEE,7
2507,DAWOUD,7
2507,DEEGAN,7
2507,DEEPAK,7
2507,DEMPSEY,7
2507,DERIN,7
2507,DESHAWN,7
2507,DOMONIC,7
2507,DONG,7
2507,DRE,7
2507,EARL,7
2507,EBUBECHUKWU,7
2507,EDDISON,7
2507,EHAN,7
2507,ELHAM,7
2507,EMAAN,7
2507,ERIN,7
2507,ERON,7
2507,ESTEBAN,7
2507,FAIZ,7
2507,FAUSTAS,7
2507,FAWAD,7
2507,FINLEIGH,7
2507,FLORIN,7
2507,FORREST,7
2507,FURQAAN,7
2507,GEOFFREY,7
2507,GEORDIE,7
2507,HAITHAM,7
2507,HANI,7
2507,HARVIR,7
2507,HASAAN,7
2507,HESTON,7
2507,HUSAAM,7
2507,HUZAYFAH,7
2507,IDRISS,7
2507,IKE,7
2507,IKENNA,7
2507,ILAN,7
2507,ILYES,7
2507,IMTIAZ,7
2507,INAYAT,7
2507,ISAC,7
2507,ISIAH,7
2507,JACEY,7
2507,JAGDEEP,7
2507,JARRAD,7
2507,JASHANDEEP,7
2507,JAVON,7
2507,JAYDEE,7
2507,JAYJAY,7
2507,JERICHO,7
2507,JOVI,7
2507,JOWAN,7
2507,JUDD,7
2507,JUSTYN,7
2507,KA,7
2507,KALAN,7
2507,KARAMVEER,7
2507,KARTAR,7
2507,KARTER,7
2507,KARTIK,7
2507,KARUN,7
2507,KASSIM,7
2507,KAVISH,7
2507,KAYRA,7
2507,KEIREN,7
2507,KELAN,7
2507,KELLY,7
2507,KEMAL,7
2507,KENLEY,7
2507,KOLE,7
2507,KORBYN,7
2507,KY-MANI,7
2507,KYRESE,7
2507,LAKE,7
2507,LATHAN,7
2507,LAYTH,7
2507,LEEROY,7
2507,LEWIS-JAMES,7
2507,LI,7
2507,LLEWELYN,7
2507,MAALIK,7
2507,MARTIM,7
2507,MAWGAN,7
2507,MAZEN,7
2507,MEIR,7
2507,MERLIN,7
2507,MIAN,7
2507,MIHIR,7
2507,MIKA,7
2507,MIN,7
2507,MIRAJ,7
2507,MIRAN,7
2507,MOHSEN,7
2507,MOSTAFA,7
2507,MUZZAMMIL,7
2507,NAFEES,7
2507,NAHUM,7
2507,NAJIB,7
2507,NAOD,7
2507,NASIM,7
2507,NAVDEEP,7
2507,NAVEEN,7
2507,NEWTON,7
2507,NEYO,7
2507,NII,7
2507,NIZAR,7
2507,NORMAN,7
2507,NYALL,7
2507,OCTAVIAN,7
2507,OLLI,7
2507,OLLIVER,7
2507,OLUWADAMILOLA,7
2507,OLUWAFEMI,7
2507,OLUWATAMILORE,7
2507,OLUWATOMIWA,7
2507,OLUWATOSIN,7
2507,ORHAN,7
2507,OSAMA,7
2507,OSKA,7
2507,OSWALD,7
2507,PATRIK,7
2507,PIETRO,7
2507,PINCHAS,7
2507,PRZEMYSLAW,7
2507,QAZI,7
2507,QUINTON,7
2507,RADLEY,7
2507,RAI,7
2507,RAJAB,7
2507,RAM,7
2507,RAMIRO,7
2507,RAMON,7
2507,RAMSAY,7
2507,RAMY,7
2507,RANA,7
2507,REEHAN,7
2507,REEVE,7
2507,REILY,7
2507,REZWAN,7
2507,RISHAAN,7
2507,ROLLO,7
2507,SAAIM,7
2507,SAHAND,7
2507,SAIHAAN,7
2507,SAUD,7
2507,SCOT,7
2507,SEMIH,7
2507,SHAKIL,7
2507,SHAKIR,7
2507,SHAZEB,7
2507,SHREY,7
2507,SHREYAS,7
2507,SHUAYB,7
2507,SIDDHANT,7
2507,TAAHA,7
2507,TAHSIN,7
2507,TAINE,7
2507,TANATSWA,7
2507,TANBIR,7
2507,TASHINGA,7
2507,TAWANA,7
2507,TEAGAN,7
2507,TEILO,7
2507,TENIOLA,7
2507,TERELL,7
2507,TERRENCE,7
2507,THEODOROS,7
2507,THEON,7
2507,THERON,7
2507,THOMAS-JAY,7
2507,THURSTON,7
2507,TIMMY,7
2507,TOMMASO,7
2507,TOMMY-JAY,7
2507,TOMMYLEE,7
2507,TOURE,7
2507,TRAE,7
2507,UGUR,7
2507,URIAH,7
2507,URIEL,7
2507,UZAYR,7
2507,VADIM,7
2507,VANSH,7
2507,VIREN,7
2507,WAHAB,7
2507,XIN,7
2507,YACQUB,7
2507,YAD,7
2507,YAHIA,7
2507,YANN,7
2507,YONA,7
2507,YONIS,7
2507,YOUNIS,7
2507,ZAYDAN,7
2507,ZAYED,7
2507,ZEESHAAN,7
2507,ZEV,7
2507,ZISHAN,7
2507,ZIYAAD,7
2507,ZIYAD,7
2775,AARNAV,6
2775,ABDELLAH,6
2775,ABDUL-KAREEM,6
2775,ABDUL-RAHMAN,6
2775,ABDULMALIK,6
2775,ABDUR-RAHEEM,6
2775,ABE,6
2775,ADA,6
2775,ADEL,6
2775,ADITHYA,6
2775,ADRIANO,6
2775,ADVAITH,6
2775,AHRON,6
2775,AJ,6
2775,AKEEL,6
2775,AKIF,6
2775,AKMAL,6
2775,AKSHAR,6
2775,ALBION,6
2775,ALDEN,6
2775,ALDO,6
2775,ALEN,6
2775,ALEX-JAMES,6
2775,ALEXZANDER,6
2775,ALFIE-JOHN,6
2775,ALFY,6
2775,ALIM,6
2775,ALP,6
2775,ALYAAN,6
2775,AMADOU,6
2775,AMANUEL,6
2775,AMARDEEP,6
2775,AMARE,6
2775,AMMAN,6
2775,ANEEQ,6
2775,ANIL,6
2775,ANIRUDH,6
2775,ARA,6
2775,ARAS,6
2775,AREEN,6
2775,ARIJUS,6
2775,ARION,6
2775,ARIZ,6
2775,ARMIN,6
2775,ARTIE,6
2775,ARTURO,6
2775,ARUSH,6
2775,ASHIR,6
2775,ASHLEE,6
2775,ASHTON-LEE,6
2775,ASTIN,6
2775,ATTILA,6
2775,AUGUST,6
2775,AUGUSTINE,6
2775,AUSTYN,6
2775,AVINASH,6
2775,AWAD,6
2775,AYOBAMI,6
2775,BADEN,6
2775,BAILEY-JAY,6
2775,BAILLIE,6
2775,BASSAM,6
2775,BATUHAN,6
2775,BENSON,6
2775,BERAT,6
2775,BOAZ,6
2775,BOBBY-JOE,6
2775,BRAE,6
2775,BRAEDAN,6
2775,BRET,6
2775,BRYCHAN,6
2775,C-JAY,6
2775,CAEDEN,6
2775,CAESAR,6
2775,CAIAN,6
2775,CALEN,6
2775,CALIB,6
2775,CALLAM,6
2775,CAM'RON,6
2775,CAYLEB,6
2775,CEDRIC,6
2775,CEEJAY,6
2775,CEIRAN,6
2775,CELT,6
2775,CERI,6
2775,CHENG,6
2775,CHIDERA,6
2775,CHINEDUM,6
2775,CHUKWUEBUKA,6
2775,CJAY,6
2775,CLIFFORD,6
2775,CODY-LEE,6
2775,CONNA,6
2775,CONNOR-LEE,6
2775,CORRAN,6
2775,DALLAS,6
2775,DAMARNI,6
2775,DAVIDE,6
2775,DECLYN,6
2775,DEIMANTAS,6
2775,DERON,6
2775,DERRY,6
2775,DEVRAN,6
2775,DHILLON,6
2775,DIARMUID,6
2775,DIMITRIS,6
2775,DINO,6
2775,DIYAN,6
2775,DONNY,6
2775,DOV,6
2775,DOVID,6
2775,DRIN,6
2775,DRU,6
2775,DUSAN,6
2775,DYAKO,6
2775,DZIUGAS,6
2775,EDIZ,6
2775,EDMOND,6
2775,EESSA,6
2775,ELAN,6
2775,ELIE,6
2775,ELIMELECH,6
2775,ELLIAS,6
2775,EMLYN,6
2775,EMYR,6
2775,ENIOLA,6
2775,ETHEN,6
2775,FARES,6
2775,FARHAD,6
2775,FAYZAAN,6
2775,FINAN,6
2775,FIRAT,6
2775,FIYINFOLUWA,6
2775,FRANKI,6
2775,FRANKIE-LEE,6
2775,FYNLAY,6
2775,GAEL,6
2775,GLORY,6
2775,GLYN,6
2775,GREG,6
2775,GRUFF,6
2775,GURMUKH,6
2775,GURPREET,6
2775,HADEN,6
2775,HALLAM,6
2775,HANZALA,6
2775,HARLAND,6
2775,HAROUN,6
2775,HARSHIL,6
2775,HARVEY-JAMES,6
2775,HARVIN,6
2775,HASNAT,6
2775,HAYYAAN,6
2775,HONG,6
2775,IBRAAHEEM,6
2775,IFEOLUWA,6
2775,IGNACY,6
2775,IKRAM,6
2775,IOSIF,6
2775,ISAAQ,6
2775,ISAH,6
2775,ISMAAEEL,6
2775,IZAIAH,6
2775,JABRIL,6
2775,JADAN,6
2775,JAGVEER,6
2775,JAHMAI,6
2775,JAHMARI,6
2775,JAIRAJ,6
2775,JALAL,6
2775,JALEN,6
2775,JARROD,6
2775,JASIM,6
2775,JAX,6
2775,JAYE,6
2775,JAYESH,6
2775,JAYLON,6
2775,JAYMES,6
2775,JEET,6
2775,JESSIE,6
2775,JESSY,6
2775,JET,6
2775,JIAN,6
2775,JJ,6
2775,JOACHIM,6
2775,JOAQUIM,6
2775,JOSHUAH,6
2775,KAELEN,6
2775,KAHLIL,6
2775,KAIS,6
2775,KAISON,6
2775,KALEL,6
2775,KAMREN,6
2775,KARANDEEP,6
2775,KAROLIS,6
2775,KAZIM,6
2775,KEANO,6
2775,KELSON,6
2775,KELTON,6
2775,KEYON,6
2775,KHALIFA,6
2775,KHALIS,6
2775,KHIZAR,6
2775,KHY,6
2775,KIAN-LEE,6
2775,KIEN,6
2775,KILIAN,6
2775,KIP,6
2775,KODEY,6
2775,KRRISH,6
2775,KSAWIER,6
2775,KUDAKWASHE,6
2775,KYI,6
2775,LANDEN,6
2775,LASZLO,6
2775,LAYLAN,6
2775,LEGEND,6
2775,LEILAND,6
2775,LENNI,6
2775,LESTER,6
2775,LEVENTE,6
2775,LEVON,6
2775,LEXUS,6
2775,LINCON,6
2775,LOCHLANN,6
2775,LOGHAN,6
2775,LONNIE,6
2775,LOWEN,6
2775,LUCAN,6
2775,LUCIO,6
2775,LUIGI,6
2775,MABON,6
2775,MACKINLEY,6
2775,MADHAV,6
2775,MADISON,6
2775,MAHER,6
2775,MALAKHI,6
2775,MALICK,6
2775,MALIQUE,6
2775,MANAS,6
2775,MARCELL,6
2775,MARCELLO,6
2775,MARCELO,6
2775,MARLO,6
2775,MARSHAL,6
2775,MARTYNAS,6
2775,MARUF,6
2775,MASEN,6
2775,MASON-LEE,6
2775,MATHIEU,6
2775,MATTI,6
2775,MATTIAS,6
2775,MATUS,6
2775,MAXYMILIAN,6
2775,MIESZKO,6
2775,MIKIE,6
2775,MIRACLE,6
2775,MITCH,6
2775,MOBEEN,6
2775,MODOU,6
2775,MOISE,6
2775,MOMODOU,6
2775,MONTEL,6
2775,MORLEY,6
2775,MUEEZ,6
2775,MUHAMMET,6
2775,MUHMMAD,6
2775,MUSSA,6
2775,NAGLIS,6
2775,NAMAN,6
2775,NAVEED,6
2775,NAVRAJ,6
2775,NAZIR,6
2775,NEDAS,6
2775,NEHAL,6
2775,NIAL,6
2775,NIKLAS,6
2775,NIKOLAY,6
2775,NISHAN,6
2775,NOAM,6
2775,NOMAN,6
2775,NOUR,6
2775,NYASHA,6
2775,OBED,6
2775,OLUMIDE,6
2775,OLUWASEUN,6
2775,OLUWATIMILEHIN,6
2775,ORRIN,6
2775,PARAMVEER,6
2775,PARMEET,6
2775,PHARELL,6
2775,PHINEAS,6
2775,PIETER,6
2775,PIYUSH,6
2775,PRAISE,6
2775,PRATIK,6
2775,PRIYAN,6
2775,RAFFAEL,6
2775,RAGHAV,6
2775,RAHAT,6
2775,RAMSEY,6
2775,RAWA,6
2775,REHMAN,6
2775,REMELL,6
2775,REMIGIUSZ,6
2775,REUEL,6
2775,RICHMOND,6
2775,RIELLY,6
2775,RIKKI,6
2775,RION,6
2775,RISHABH,6
2775,RIZWAAN,6
2775,ROBERTS,6
2775,RONIT,6
2775,ROREY,6
2775,ROWLAND,6
2775,RYLAND,6
2775,SAJAN,6
2775,SAKARIYE,6
2775,SEBASTIANO,6
2775,SHABAAN,6
2775,SHALOM,6
2775,SHLOIME,6
2775,SHULEM,6
2775,SINA,6
2775,SOUL,6
2775,STEFANOS,6
2775,SYAN,6
2775,SYD,6
2775,SYLVESTER,6
2775,TADIWANASHE,6
2775,TAHEEM,6
2775,TAIT,6
2775,TAIWO,6
2775,TAKUDZWA,6
2775,TANE,6
2775,TANNER,6
2775,TANUSH,6
2775,TANZIL,6
2775,TASEEN,6
2775,TAUHEED,6
2775,TAYLA,6
2775,TAYON,6
2775,TEMITAYO,6
2775,TENZIN,6
2775,THABO,6
2775,THEOPHILUS,6
2775,TITUS,6
2775,TOBIE,6
2775,TOCHUKWU,6
2775,TOMMY-JOE,6
2775,TORRAN,6
2775,TREYVON,6
2775,TRISTYN,6
2775,TYLAR,6
2775,TYLER-JOE,6
2775,TYREN,6
2775,TYRESSE,6
2775,USAYD,6
2775,VASCO,6
2775,VIJAY,6
2775,VIRAJ,6
2775,VITO,6
2775,VLADISLAV,6
2775,WALI,6
2775,WILFRID,6
2775,XI,6
2775,YACOB,6
2775,YAMEEN,6
2775,YOAN,6
2775,YOSSI,6
2775,YOUNUS,6
2775,YUSHA,6
2775,YUUSUF,6
2775,ZAAKIR,6
2775,ZACKARIAH,6
2775,ZACKARIYA,6
2775,ZAKARI,6
2775,ZARIF,6
2775,ZEB,6
2775,ZEPHYR,6
2775,ZICO,6
2775,ZUBIN,6
3158,A,5
3158,A-JAY,5
3158,AADITYA,5
3158,AAREN,5
3158,AASHIR,5
3158,ABDEL,5
3158,ABDELRAHMAN,5
3158,ABDIFATAH,5
3158,ABDIQANI,5
3158,ABDIRAHIM,5
3158,ABDIRASHID,5
3158,ABDOULIE,5
3158,ABDULWAHID,5
3158,ABIDUR,5
3158,ACHILLES,5
3158,ADAMA,5
3158,ADAR,5
3158,ADEOLUWA,5
3158,AFONSO,5
3158,AGHA,5
3158,AHSEN,5
3158,AIKEN,5
3158,AIRIDAS,5
3158,AJMAL,5
3158,AJWAD,5
3158,AKAASH,5
3158,AKIL,5
3158,AKSEL,5
3158,AKSHAT,5
3158,AKSHAYAN,5
3158,ALEXANDAR,5
3158,ALFIE-GEORGE,5
3158,ALISDAIR,5
3158,ALWIN,5
3158,AMARVEER,5
3158,AMEN,5
3158,AMER,5
3158,AMINUL,5
3158,AMJAD,5
3158,AMON,5
3158,ANDERS,5
3158,ANDREY,5
3158,ANGE,5
3158,ANIQ,5
3158,ANKIT,5
3158,ANNAS,5
3158,ANOOP,5
3158,ANSON,5
3158,ANTWAN,5
3158,ANTWONE,5
3158,ARANDEEP,5
3158,ARBAAZ,5
3158,AREN,5
3158,ARFAN,5
3158,ARIA,5
3158,ARKAN,5
3158,ARREN,5
3158,ARSHDEEP,5
3158,ARTIN,5
3158,ASHAZ,5
3158,ATHARV,5
3158,AUGUSTIN,5
3158,AYAZ,5
3158,AYMAAN,5
3158,AYOKUNLE,5
3158,AZAD,5
3158,AZAM,5
3158,AZIM,5
3158,AZLAN,5
3158,BABATUNDE,5
3158,BAILEIGH,5
3158,BARACK,5
3158,BAYDEN,5
3158,BEDE,5
3158,BENITO,5
3158,BEVAN,5
3158,BINYAMIN,5
3158,BLAIR,5
3158,BLAYZE,5
3158,BOSCO,5
3158,BOWIE,5
3158,BRAEDYN,5
3158,BRANDO,5
3158,BRANDYN,5
3158,BRIGHT,5
3158,BROCK,5
3158,BURHAAN,5
3158,CAILUM,5
3158,CAIRAN,5
3158,CAL,5
3158,CAN,5
3158,CASON,5
3158,CATHAL,5
3158,CAVELL,5
3158,CAYDAN,5
3158,CELLAN,5
3158,CHISOM,5
3158,CHOUDHRY,5
3158,CHRISTIAAN,5
3158,CIARON,5
3158,CIHAN,5
3158,CLYDE,5
3158,CODEN,5
3158,CODY-JAY,5
3158,CORDE,5
3158,COREY-JAMES,5
3158,CORLEY,5
3158,COWEN,5
3158,CUBA,5
3158,CULLEN,5
3158,D'ANDRE,5
3158,DAHIR,5
3158,DAIJON,5
3158,DAITON,5
3158,DAMARIO,5
3158,DANIIL,5
3158,DANIL,5
3158,DANTAY,5
3158,DANYAR,5
3158,DARAGH,5
3158,DAVIE,5
3158,DAYLAN,5
3158,DE,5
3158,DEAKON,5
3158,DEANGELO,5
3158,DEEP,5
3158,DEJAUN,5
3158,DELANO,5
3158,DEMARCO,5
3158,DEMIR,5
3158,DENNIE,5
3158,DERI,5
3158,DESTINY,5
3158,DEVRAJ,5
3158,DEVRIM,5
3158,DHRU,5
3158,DIMITRIOS,5
3158,DMITRI,5
3158,DOMENICO,5
3158,DUANE,5
3158,EBRAHIM,5
3158,EDRIS,5
3158,EDWYN,5
3158,EFOSA,5
3158,EFRAIM,5
3158,EITAN,5
3158,EITHAN,5
3158,EJAZ,5
3158,ELIO,5
3158,ELION,5
3158,ELIOTT,5
3158,ELISEI,5
3158,ELY,5
3158,EMIN,5
3158,ERDEM,5
3158,ERIKAS,5
3158,ERION,5
3158,ERVIN,5
3158,ERWIN,5
3158,EVANAS,5
3158,EXAUCE,5
3158,EZANA,5
3158,FAROOQ,5
3158,FARRAN,5
3158,FARRON,5
3158,FARZAN,5
3158,FERRIS,5
3158,FILIPE,5
3158,FORD,5
3158,FOUAD,5
3158,FRANZ,5
3158,FREDERICO,5
3158,FREDRIC,5
3158,GAGANDEEP,5
3158,GANESH,5
3158,GARRETT,5
3158,GARTH,5
3158,GARV,5
3158,GENNARO,5
3158,GEORGIO,5
3158,GIBRIL,5
3158,GIOVANI,5
3158,GIULIO,5
3158,GODWILL,5
3158,GOVIND,5
3158,GURMAN,5
3158,GURSHAN,5
3158,GWYDION,5
3158,HAKAN,5
3158,HALEEM,5
3158,HANNAN,5
3158,HARDEEP,5
3158,HARDEV,5
3158,HARLOW,5
3158,HARVINDER,5
3158,HASIN,5
3158,HENRIK,5
3158,HERSHY,5
3158,HUDHAYFAH,5
3158,HUMAYL,5
3158,HUMAYUN,5
3158,HUSSAM,5
3158,HYDER,5
3158,IMAM,5
3158,INDRA,5
3158,IRFAAN,5
3158,IRTAZA,5
3158,IS'HAAQ,5
3158,ISAA,5
3158,ISHMEET,5
3158,IUSTIN,5
3158,IWO,5
3158,JACK-JAMES,5
3158,JADYN,5
3158,JAGRAJ,5
3158,JAGVIR,5
3158,JAHAN,5
3158,JAIMIE,5
3158,JALEEL,5
3158,JASDEEP,5
3158,JASRAJ,5
3158,JAWAAD,5
3158,JAYCOB,5
3158,JAYME,5
3158,JAYMIE,5
3158,JAYVON,5
3158,JEAN-LUC,5
3158,JEFFERY,5
3158,JELANI,5
3158,JEREMIASZ,5
3158,JESSE-JAMES,5
3158,JIBRAEL,5
3158,JIMMI,5
3158,JOKUBAS,5
3158,JONATAN,5
3158,JONJO,5
3158,JONNIE,5
3158,JORELL,5
3158,JOY,5
3158,KADAN,5
3158,KAEDON,5
3158,KAIDE,5
3158,KAIRAN,5
3158,KAIZER,5
3158,KALIL,5
3158,KALUB,5
3158,KAMAR,5
3158,KARANVIR,5
3158,KARTHIK,5
3158,KARUM,5
3158,KAVEN,5
3158,KAVI,5
3158,KAYIN,5
3158,KAYLON,5
3158,KEANEN,5
3158,KEATAN,5
3158,KEBBA,5
3158,KEERAN,5
3158,KEMUEL,5
3158,KENECHUKWU,5
3158,KENT,5
3158,KEONI,5
3158,KHADAR,5
3158,KIEDIS,5
3158,KIENAN,5
3158,KIMI,5
3158,KIYAAN,5
3158,KOBEN,5
3158,KOJO,5
3158,KRISTEN,5
3158,KRISTERS,5
3158,KUDZAI,5
3158,KWEKU,5
3158,KYERON,5
3158,KYIAN,5
3158,KYMARNI,5
3158,KYNAN,5
3158,KYREECE,5
3158,LACHLANN,5
3158,LAKSH,5
3158,LAKSHYA,5
3158,LAMAR,5
3158,LAYLEN,5
3158,LEBRON,5
3158,LEEJAY,5
3158,LEIGHLAND,5
3158,LEIGHTON-JAMES,5
3158,LENNARD,5
3158,LEVI-JAY,5
3158,LEYLAN,5
3158,LIAN,5
3158,LIN,5
3158,LLEWELLYN,5
3158,LOGAN-LEE,5
3158,LOHAN,5
3158,LOUKA,5
3158,LUDOVICO,5
3158,LUKMAN,5
3158,LYON,5
3158,M,5
3158,MACIEK,5
3158,MAEL,5
3158,MAKSYM,5
3158,MANAN,5
3158,MANSOUR,5
3158,MARIN,5
3158,MARLEY-JAY,5
3158,MARLOWE,5
3158,MARTINS,5
3158,MARTYN,5
3158,MARVELLOUS,5
3158,MASOUD,5
3158,MATAN,5
3158,MATE,5
3158,MATHIS,5
3158,MATHYS,5
3158,MATISSE,5
3158,MATTIS,5
3158,MAURICIO,5
3158,MAXIMO,5
3158,MAYANK,5
3158,MCKINLEY,5
3158,MICHA,5
3158,MICHELE,5
3158,MICKAEL,5
3158,MIKAH,5
3158,MILLEN,5
3158,MILTON,5
3158,MIQDAD,5
3158,MKENZIE,5
3158,MOEEZ,5
3158,MOHMED,5
3158,MOHMMAD,5
3158,MOUSSA,5
3158,MU'AWIYAH,5
3158,MUAADH,5
3158,MUAD,5
3158,MUHAMAD,5
3158,MUHAMMOD,5
3158,MUS'AB,5
3158,MUSTAF,5
3158,MUSTAFE,5
3158,MUZAMIL,5
3158,NADIM,5
3158,NAFTALI,5
3158,NARYAN,5
3158,NASEEM,5
3158,NASSIM,5
3158,NATNAEL,5
3158,NAYEEM,5
3158,NEIRIN,5
3158,NEVAN,5
3158,NEVILLE,5
3158,NIAZ,5
3158,NIHAAL,5
3158,NIKOLA,5
3158,NIKOLAOS,5
3158,NIKOS,5
3158,NIMA,5
3158,NNAMDI,5
3158,OAKLEE,5
3158,OBADIAH,5
3158,ODHRAN,5
3158,OGHENETEGA,5
3158,OLADIPO,5
3158,OLSI,5
3158,OLUWANIFEMI,5
3158,OMKAR,5
3158,OREOLUWA,5
3158,ORRAN,5
3158,OSSIE,5
3158,PA,5
3158,PARIS,5
3158,PERRAN,5
3158,PEYTON,5
3158,PIP,5
3158,PROMISE,5
3158,QUAID,5
3158,RADOSLAW,5
3158,RAFEE,5
3158,RAINE,5
3158,RAIS,5
3158,RAITH,5
3158,RAKEEM,5
3158,RAMEEZ,5
3158,RAQEEB,5
3158,RARES,5
3158,RASHAWN,5
3158,RASHEED,5
3158,RASMUS,5
3158,RATU,5
3158,RAYANE,5
3158,RAYEN,5
3158,RAYON,5
3158,REDFORD,5
3158,REHOBOTH,5
3158,REYAN,5
3158,REZA,5
3158,RIHAN,5
3158,RILEY-JAMES,5
3158,RISHON,5
3158,RITHIK,5
3158,ROARY,5
3158,ROBBY,5
3158,ROBEL,5
3158,RODNEY,5
3158,ROMAIN,5
3158,ROMANO,5
3158,ROMEL,5
3158,ROMERO,5
3158,RONNI,5
3158,ROYCE,5
3158,RYANDEEP,5
3158,RYE,5
3158,SABASTIAN,5
3158,SABIAN,5
3158,SAFYAN,5
3158,SAGAR,5
3158,SAHL,5
3158,SAKARIYA,5
3158,SALAHUDEEN,5
3158,SALEM,5
3158,SALVADOR,5
3158,SALVATORE,5
3158,SAMAR,5
3158,SAMARTH,5
3158,SAMATAR,5
3158,SAMEE,5
3158,SAMIULLAH,5
3158,SAMPSON,5
3158,SAMRATH,5
3158,SAMUELE,5
3158,SANAD,5
3158,SANDER,5
3158,SANTOSH,5
3158,SARMAD,5
3158,SASCHA,5
3158,SAURAV,5
3158,SAYID,5
3158,SHABIR,5
3158,SHADRACH,5
3158,SHAFIUL,5
3158,SHAHBAZ,5
3158,SHAHEEN,5
3158,SHAHWAIZ,5
3158,SHAMAR,5
3158,SHAMAS,5
3158,SHAMS,5
3158,SHARIF,5
3158,SHAYON,5
3158,SHELBY,5
3158,SHER,5
3158,SHERIFF,5
3158,SHI,5
3158,SHIVAN,5
3158,SHOLOM,5
3158,SIDDHARTHA,5
3158,SIMONAS,5
3158,SKYE,5
3158,SKYLER,5
3158,SOBAN,5
3158,SOFIANE,5
3158,SOLOMAN,5
3158,SRIRAM,5
3158,STIRLING,5
3158,SUFIYAAN,5
3158,SULAYMAAN,5
3158,SULEIMAN,5
3158,SUMIT,5
3158,SYON,5
3158,SYRUS,5
3158,TAFADZWA,5
3158,TAFARA,5
3158,TAJUS,5
3158,TALAL,5
3158,TALIN,5
3158,TARELL,5
3158,TARYN,5
3158,TAWFIQ,5
3158,TAWHEED,5
3158,TAWSEEF,5
3158,TAYYUB,5
3158,TEIFI,5
3158,TEMIDAYO,5
3158,TENNYSON,5
3158,TEODOR,5
3158,THANE,5
3158,TILAK,5
3158,TIMON,5
3158,TION,5
3158,TOLGA,5
3158,TONI,5
3158,TOPRAK,5
3158,TORAN,5
3158,TREMAYNE,5
3158,TYLAH,5
3158,TYLER-JOHN,5
3158,TYNAN,5
3158,TYRAN,5
3158,TYREL,5
3158,TYRIQUE,5
3158,TZVI,5
3158,UBAYDULLAH,5
3158,VED,5
3158,VYOM,5
3158,WAEL,5
3158,WARIS,5
3158,WASIF,5
3158,WING,5
3158,WREN,5
3158,XIAO,5
3158,YAAKOV,5
3158,YACOUB,5
3158,YAQOUB,5
3158,YASSIR,5
3158,YOHAN,5
3158,YUN,5
3158,YUVAN,5
3158,ZAFAR,5
3158,ZAHEER,5
3158,ZAHI,5
3158,ZAKARIYAH,5
3158,ZAMAN,5
3158,ZARRAR,5
3158,ZARYAB,5
3158,ZEN,5
3158,ZEPH,5
3158,ZHEN,5
3158,ZURIEL,5
3687,AADIT,4
3687,AAHAN,4
3687,AARRON,4
3687,AASIM,4
3687,ABAAS,4
3687,ABAN,4
3687,ABDILLAHI,4
3687,ABDISALAM,4
3687,ABDISAMAD,4
3687,ABDUL-AHAD,4
3687,ABDUL-MALIK,4
3687,ABDULAH,4
3687,ABDULKADIR,4
3687,ABDULRAHEEM,4
3687,ABDUR-REHMAN,4
3687,ABISAN,4
3687,ABISHEK,4
3687,ABRAAR,4
3687,ABRAHIM,4
3687,ABUBAKER,4
3687,ADEDAMOLA,4
3687,ADETOKUNBO,4
3687,ADETOMIWA,4
3687,ADEWALE,4
3687,ADVAY,4
3687,ADWIN,4
3687,AFTAB,4
3687,AFZAL,4
3687,AJAI,4
3687,AKIM,4
3687,AL-AMIN,4
3687,ALAMIN,4
3687,ALBARAA,4
3687,ALBEY,4
3687,ALEKSAS,4
3687,ALEXANDA,4
3687,ALEXAVIER,4
3687,ALEXEY,4
3687,ALFEY,4
3687,ALFIE-RAY,4
3687,ALIJAH,4
3687,ALIN,4
3687,ALIYAN,4
3687,ALVARO,4
3687,AMANVEER,4
3687,AMANVIR,4
3687,AMARII,4
3687,AMARION,4
3687,AMARNI,4
3687,AMIIN,4
3687,AMRITPAL,4
3687,ANDILE,4
3687,ANEEL,4
3687,ANJOLAOLUWA,4
3687,ANSELM,4
3687,ANTONINO,4
3687,ANUOLUWAPO,4
3687,ARAFAT,4
3687,ARAVIND,4
3687,ARBRI,4
3687,ARDEN,4
3687,ARIS,4
3687,ARJUNA,4
3687,ARNO,4
3687,ARO,4
3687,ARSH,4
3687,ARSHAD,4
3687,ARUNDEEP,4
3687,ARYEH,4
3687,ASADULLAH,4
3687,ASANTE,4
3687,ASHA,4
3687,ATA,4
3687,AUGUSTAS,4
3687,AUM,4
3687,AVERY,4
3687,AXL,4
3687,AYANFEOLUWA,4
3687,AYHAN,4
3687,AYOKUNMI,4
3687,AZARIAH,4
3687,AZRIEL,4
3687,BADAR,4
3687,BAHRAM,4
3687,BAILEY-RAY,4
3687,BAILY,4
3687,BALEN,4
3687,BAMIDELE,4
3687,BARIS,4
3687,BARON,4
3687,BAYLEN,4
3687,BENJI,4
3687,BENJIMAN,4
3687,BENOIT,4
3687,BENZION,4
3687,BERK,4
3687,BERT,4
3687,BEXLEY,4
3687,BHAVYA,4
3687,BILLAL,4
3687,BLESS,4
3687,BODEN,4
3687,BODI,4
3687,BOE,4
3687,BOGDAN,4
3687,BOSTON,4
3687,BOTAN,4
3687,BRADLEY-JOHN,4
3687,BRAM,4
3687,BRANDONLEE,4
3687,BRENNEN,4
3687,BRENT,4
3687,BRICE,4
3687,BRYNMOR,4
3687,BRYNN,4
3687,BRYSON,4
3687,BURHAN,4
3687,BURTON,4
3687,C,4
3687,CADYN,4
3687,CAEDAN,4
3687,CAELUM,4
3687,CAILEN,4
3687,CAIRON,4
3687,CALIN,4
3687,CAMERON-JAY,4
3687,CAMILO,4
3687,CAMRAN,4
3687,CANAAN,4
3687,CASIMIR,4
3687,CASS,4
3687,CAYLAN,4
3687,CEIAN,4
3687,CEIRION,4
3687,CEYHAN,4
3687,CEZARY,4
3687,CHARAN,4
3687,CHARLIE-JAMES,4
3687,CHARLIE-RAY,4
3687,CHAYTON,4
3687,CHESNEY,4
3687,CHIBUIKE,4
3687,CHIBUIKEM,4
3687,CHINONSO,4
3687,CHUKWUDI,4
3687,CHUKWUNONSO,4
3687,CHUN,4
3687,CLARENCE,4
3687,CLOVIS,4
3687,COBAN,4
3687,COLBEY,4
3687,COLBIE,4
3687,COLT,4
3687,CONNAR,4
3687,CONSTANTINOS,4
3687,CORBY,4
3687,CORDEL,4
3687,COURAGE,4
3687,CY,4
3687,DAANYAL,4
3687,DAIRE,4
3687,DANIELE,4
3687,DANILA,4
3687,DAREN,4
3687,DARLINGTON,4
3687,DARNEL,4
3687,DARRON,4
3687,DASHIEL,4
3687,DASHIELL,4
3687,DAYYAN,4
3687,DEACAN,4
3687,DEANDRE,4
3687,DEJUAN,4
3687,DEMARIO,4
3687,DENIEL,4
3687,DENTON,4
3687,DERRON,4
3687,DESHAN,4
3687,DEVANSH,4
3687,DEVYN,4
3687,DHANIYAL,4
3687,DHARMIK,4
3687,DHIAN,4
3687,DHIRAJ,4
3687,DHRUVA,4
3687,DIEZEL,4
3687,DILLION,4
3687,DILRAJ,4
3687,DIMITAR,4
3687,DIREN,4
3687,DOMANIC,4
3687,DONELL,4
3687,DONNEL,4
3687,DONTAI,4
3687,DOUGAL,4
3687,DRILON,4
3687,DUDLEY,4
3687,DURAN,4
3687,DWAINE,4
3687,DYLLON,4
3687,EASHAR,4
3687,EDAS,4
3687,EDON,4
3687,EIMANTAS,4
3687,EISAH,4
3687,EL,4
3687,ELDON,4
3687,ELEAZAR,4
3687,ELTON,4
3687,ELWYN,4
3687,EMMETT,4
3687,EN,4
3687,ERAN,4
3687,ERJON,4
3687,ERKAN,4
3687,ESROM,4
3687,ESSIEN,4
3687,ETHAN-LEE,4
3687,EUN,4
3687,EVANN,4
3687,EVYN,4
3687,FABRIZIO,4
3687,FADIL,4
3687,FAIYAZ,4
3687,FARON,4
3687,FAROUK,4
3687,FARZAD,4
3687,FAYZAN,4
3687,FIACHRA,4
3687,FIN,4
3687,FINNBAR,4
3687,FINNLEE,4
3687,FRAN,4
3687,FRANEK,4
3687,FRAZIER,4
3687,FREY,4
3687,FURKAN,4
3687,GALEN,4
3687,GALLAGHER,4
3687,GARYN,4
3687,GEORGI,4
3687,GEOVANNI,4
3687,GERRY,4
3687,GHEORGHE,4
3687,GIVEN,4
3687,GOBIND,4
3687,GULLIVER,4
3687,GURDIT,4
3687,GURJOT,4
3687,GURPAL,4
3687,GURSHAAN,4
3687,GURTEJ,4
3687,HAARITH,4
3687,HAASHIM,4
3687,HABEEL,4
3687,HALIL,4
3687,HAMAS,4
3687,HANAAN,4
3687,HANEEF,4
3687,HANO,4
3687,HANSEL,4
3687,HARDY,4
3687,HARIZ,4
3687,HARJEEVAN,4
3687,HARKIRAT,4
3687,HARLY,4
3687,HARMEET,4
3687,HARTLEY,4
3687,HARUKI,4
3687,HASHEM,4
3687,HASIB,4
3687,HAYAN,4
3687,HAYDYN,4
3687,HAZIQ,4
3687,HEET,4
3687,HEINRICH,4
3687,HERSHEL,4
3687,HESHAM,4
3687,HEZEKIAH,4
3687,HILTON,4
3687,HIRO,4
3687,HIZAR,4
3687,HRIDAY,4
3687,HYWEL,4
3687,IBRAHIMA,4
3687,IDIRIS,4
3687,IEAUN,4
3687,IFTIKHAR,4
3687,IGGY,4
3687,IHTESHAM,4
3687,IMRAAN,4
3687,INDY,4
3687,INNES,4
3687,IONUT,4
3687,IQBAL,4
3687,ISAK,4
3687,ISHAK,4
3687,ISHMAIL,4
3687,ISHVEER,4
3687,ISMA'IL,4
3687,ISRAR,4
3687,IYAD,4
3687,IZZAK,4
3687,J,4
3687,JACOB-JAMES,4
3687,JACOBE,4
3687,JAEL,4
3687,JAHARI,4
3687,JAHID,4
3687,JAHLEEL,4
3687,JAHSIAH,4
3687,JAIDEEP,4
3687,JAIDEN-LEE,4
3687,JAILEN,4
3687,JAKOBUS,4
3687,JAMAI,4
3687,JAMAINE,4
3687,JAMARLEY,4
3687,JAMAUL,4
3687,JAMES-DEAN,4
3687,JAMIESON,4
3687,JAMIN,4
3687,JAMISON,4
3687,JANAI,4
3687,JAROSLAV,4
3687,JAVEN,4
3687,JAXEN,4
3687,JAYDEN-JOHN,4
3687,JAYDEV,4
3687,JAYEN,4
3687,JAZIAH,4
3687,JEDEDIAH,4
3687,JENS,4
3687,JEREMIE,4
3687,JESIAH,4
3687,JESS,4
3687,JESSE-LEE,4
3687,JEZIAH,4
3687,JIE,4
3687,JO,4
3687,JOBAN,4
3687,JOCELYN,4
3687,JONA,4
3687,JORDI,4
3687,JOS,4
3687,JOSHUA-LEE,4
3687,JOZIAH,4
3687,JUBRIL,4
3687,JUELZ,4
3687,JUKE,4
3687,JULIO,4
3687,JUSTAS,4
3687,KAAMIL,4
3687,KACI,4
3687,KADON,4
3687,KAELUM,4
3687,KAILEM,4
3687,KAIUS,4
3687,KAIYAN,4
3687,KALIB,4
3687,KALOYAN,4
3687,KAMAI,4
3687,KAMALI,4
3687,KAMARNI,4
3687,KAMSIYOCHUKWU,4
3687,KARDO,4
3687,KAREL,4
3687,KAREM,4
3687,KASRA,4
3687,KAUAN,4
3687,KAYAAN,4
3687,KAYDIN,4
3687,KAYODE,4
3687,KEANAN,4
3687,KEETON,4
3687,KELECHI,4
3687,KELLAN,4
3687,KELSEY,4
3687,KEMARI,4
3687,KENDAL,4
3687,KENTON,4
3687,KEO,4
3687,KERNIUS,4
3687,KERR,4
3687,KEYLAN,4
3687,KHAMANI,4
3687,KHATTAB,4
3687,KHIZER,4
3687,KHRISH,4
3687,KHUSHAL,4
3687,KIEGAN,4
3687,KIELAN,4
3687,KIM,4
3687,KINSEY,4
3687,KION,4
3687,KISAN,4
3687,KISHEN,4
3687,KLAUDIUSZ,4
3687,KOBEY,4
3687,KONNER,4
3687,KONSTANTIN,4
3687,KONSTANTINOS,4
3687,KORBAN,4
3687,KORDIAN,4
3687,KOREN,4
3687,KORIE,4
3687,KOSISOCHUKWU,4
3687,KRISTOFER,4
3687,KRISTOFERS,4
3687,KRISTON,4
3687,KUSHAL,4
3687,KY,4
3687,KYDON,4
3687,KYON,4
3687,KYREE,4
3687,KYREL,4
3687,KYRONE,4
3687,LABIB,4
3687,LADISLAV,4
3687,LAIGHTON,4
3687,LAILAND,4
3687,LAKAI,4
3687,LAMINE,4
3687,LATRELL,4
3687,LAYLAND,4
3687,LEART,4
3687,LEDION,4
3687,LEIF,4
3687,LEUAN,4
3687,LEWIS-JAY,4
3687,LONG,4
3687,LORAN,4
3687,LORENZ,4
3687,LORIK,4
3687,LOWELL,4
3687,LUDO,4
3687,LUDOVIC,4
3687,LUIE,4
3687,LYALL,4
3687,LYSANDER,4
3687,MAANAV,4
3687,MACEO,4
3687,MADDISON,4
3687,MAHD,4
3687,MAHIN,4
3687,MAIWAND,4
3687,MAJID,4
3687,MALIKAI,4
3687,MALIKI,4
3687,MAN,4
3687,MANASSEH,4
3687,MANNY,4
3687,MANSOOR,4
3687,MARINO,4
3687,MARIOS,4
3687,MARKELL,4
3687,MARQUISE,4
3687,MARTINO,4
3687,MARZUQ,4
3687,MASHAL,4
3687,MASSIMILIANO,4
3687,MATEEN,4
3687,MATEJA,4
3687,MATTY,4
3687,MATVEY,4
3687,MAURITS,4
3687,MAXI,4
3687,MAXTON,4
3687,MAYUR,4
3687,MCCAULEY,4
3687,MEER,4
3687,MEHRAJ,4
3687,MENDY,4
3687,MERVYN,4
3687,MICHEL,4
3687,MIHAI,4
3687,MIKA'IL,4
3687,MIKI,4
3687,MIKYLE,4
3687,MILEN,4
3687,MILUN,4
3687,MINDAUGAS,4
3687,MINHAJ,4
3687,MITHIL,4
3687,MOHAN,4
3687,MOHANED,4
3687,MOHIB,4
3687,MOHIT,4
3687,MORDCHE,4
3687,MORDECAI,4
3687,MORDECHAI,4
3687,MORTEN,4
3687,MOSS,4
3687,MOSTYN,4
3687,MUAAZ,4
3687,MUATH,4
3687,MUBARIK,4
3687,MUDASIR,4
3687,MUDASSIR,4
3687,MUHANNAD,4
3687,MUIZ,4
3687,MUNGO,4
3687,MUNIB,4
3687,MUNTASIR,4
3687,MUSAAB,4
3687,MUTASIM,4
3687,NAPHTALI,4
3687,NAQEEB,4
3687,NASH,4
3687,NASIF,4
3687,NASSAR,4
3687,NATANAEL,4
3687,NATHANEAL,4
3687,NESTOR,4
3687,NICOLAI,4
3687,NICOLO,4
3687,NISHANT,4
3687,NIYAZ,4
3687,NOE,4
3687,NOOH,4
3687,NUH,4
3687,ODEN,4
3687,OKAN,4
3687,OLAJUWON,4
3687,OLAMILEKAN,4
3687,OLATOMIWA,4
3687,OLAYINKA,4
3687,OLIVER-JAMES,4
3687,OLTI,4
3687,OLUSOLA,4
3687,OLUWABUKUNMI,4
3687,OLUWADARA,4
3687,OLUWAFERANMI,4
3687,OLUWAJOMILOJU,4
3687,OLUWAKAYODE,4
3687,OLUWASEMILORE,4
3687,OLUWASEYI,4
3687,ORESTAS,4
3687,OSAHON,4
3687,OSAZE,4
3687,OSEI,4
3687,OSHER,4
3687,OZZIE,4
3687,PAVANDEEP,4
3687,PAVLO,4
3687,PELE,4
3687,PHIL,4
3687,PHILIPP,4
3687,PRECIOUS,4
3687,PRIYESH,4
3687,PRYCE,4
3687,QI,4
3687,RAAHIL,4
3687,RAAJAN,4
3687,RAHEIM,4
3687,RAKAN,4
3687,RAMAN,4
3687,RANDALL,4
3687,RAOUL,4
3687,RASHED,4
3687,RAVEN,4
3687,RAYNE,4
3687,REDWAN,4
3687,REILEY,4
3687,REIS,4
3687,REN,4
3687,RENATO,4
3687,RENO,4
3687,RENZO,4
3687,REUBAN,4
3687,RHYLIE,4
3687,RIDHWAAN,4
3687,RIELEY,4
3687,RIFAT,4
3687,RILLEY,4
3687,RIORDAN,4
3687,RISHAN,4
3687,RITVIK,4
3687,RIVEN,4
3687,RIVERS,4
3687,RIYAAD,4
3687,ROBERTAS,4
3687,ROCH,4
3687,ROGAN,4
3687,ROJHAT,4
3687,ROMAAN,4
3687,RONAV,4
3687,RONIK,4
3687,RORI,4
3687,ROSHAAN,4
3687,ROURKE,4
3687,RUARAIDH,4
3687,RUBAN,4
3687,RUDOLF,4
3687,RUEBAN,4
3687,RYAN-JAMES,4
3687,RYKER,4
3687,RYLY,4
3687,SAAJAN,4
3687,SAAM,4
3687,SABBIR,4
3687,SABRI,4
3687,SAED,4
3687,SAFEER,4
3687,SAHAJ,4
3687,SAHD,4
3687,SAIFAN,4
3687,SAIYAN,4
3687,SAJJAD,4
3687,SAKETH,4
3687,SALAHUDIN,4
3687,SAMIH,4
3687,SAMIM,4
3687,SAMIUR,4
3687,SAMMIE,4
3687,SANDEEP,4
3687,SANDY,4
3687,SANTHOSH,4
3687,SARAN,4
3687,SARDAR,4
3687,SATNAM,4
3687,SAVRAJ,4
3687,SAYAM,4
3687,SAYEED,4
3687,SAYEM,4
3687,SAYF,4
3687,SAYHAN,4
3687,SEBASTIAAN,4
3687,SEIF,4
3687,SELBY,4
3687,SENNA,4
3687,SERHAT,4
3687,SEWERYN,4
3687,SHAFIN,4
3687,SHAFIQ,4
3687,SHAHZEB,4
3687,SHAIN,4
3687,SHAMUS,4
3687,SHARMARKE,4
3687,SHAWAIZ,4
3687,SHAYLAN,4
3687,SHILO,4
3687,SHIRAZ,4
3687,SHIVRAJ,4
3687,SHKO,4
3687,SHOLTO,4
3687,SHRAVAN,4
3687,SHUBH,4
3687,SHUBHAM,4
3687,SHURAIM,4
3687,SHYON,4
3687,SIDHARTH,4
3687,SIMCHA,4
3687,SIMONE,4
3687,SKY,4
3687,SOHAYB,4
3687,SOMA,4
3687,SOULEYMANE,4
3687,STANISLAV,4
3687,STELIOS,4
3687,SUHAYL,4
3687,SULAIMON,4
3687,SULIAMAN,4
3687,TAITE,4
3687,TALEN,4
3687,TALIB,4
3687,TAMAS,4
3687,TANER,4
3687,TAPIWANASHE,4
3687,TARRAN,4
3687,TAYAB,4
3687,TAYDEN,4
3687,TAYLON,4
3687,TEAGUE,4
3687,TEE-JAY,4
3687,TEIFION,4
3687,TEJ,4
3687,TEOMAN,4
3687,THEHAN,4
3687,THIBAUT,4
3687,TIARNAN,4
3687,TIBOR,4
3687,TIGHE,4
3687,TIMILEHIN,4
3687,TORSTEN,4
3687,TUSHAR,4
3687,TYLER-LEE,4
3687,TYLER-SCOTT,4
3687,TYRONNE,4
3687,UBAIDULLAH,4
3687,UGONNA,4
3687,UNAIS,4
3687,UTKU,4
3687,UYIOSA,4
3687,VEERAN,4
3687,VICENTE,4
3687,VIET,4
3687,VITOR,4
3687,VITTORIO,4
3687,VRAJ,4
3687,WAQAR,4
3687,WASIQ,4
3687,WAYDE,4
3687,WENTWORTH,4
3687,WILLIAMS,4
3687,WOLFGANG,4
3687,XIAN,4
3687,YAHYAA,4
3687,YANNICK,4
3687,YANNIS,4
3687,YARON,4
3687,YASHRAJ,4
3687,YASSEEN,4
3687,YAZEED,4
3687,YE,4
3687,YEHOSHUA,4
3687,YEHUDAH,4
3687,YILMAZ,4
3687,YLLI,4
3687,YOUNAS,4
3687,YOUSOF,4
3687,YUKI,4
3687,YUSAF,4
3687,YUSSUF,4
3687,YVES,4
3687,ZACARIAH,4
3687,ZACHARIYAH,4
3687,ZADOK,4
3687,ZAHIN,4
3687,ZAIDAN,4
3687,ZAIM,4
3687,ZAKAI,4
3687,ZAKAREYA,4
3687,ZAKERY,4
3687,ZAKRIA,4
3687,ZAKY,4
3687,ZALMAN,4
3687,ZE,4
3687,ZED,4
3687,ZESHAN,4
3687,ZEYAD,4
3687,ZOHAIR,4
3687,ZORAIZ,4
3687,ZUHAYR,4
3687,ZVI,4
4432,AAHAD,3
4432,AALIYAN,3
4432,AAMAN,3
4432,AAREZ,3
4432,AARIAN,3
4432,AARIC,3
4432,AARIYAN,3
4432,AARUN,3
4432,AAYAAN,3
4432,AAZAN,3
4432,ABASS,3
4432,ABBAAS,3
4432,ABDELMALEK,3
4432,ABDIRAHIIM,3
4432,ABDIRAZAQ,3
4432,ABDOUL,3
4432,ABDU,3
4432,ABDUL-,3
4432,ABDUL-ALEEM,3
4432,ABDUL-BAASIT,3
4432,ABDULAI,3
4432,ABDULALEEM,3
4432,ABDULFATAH,3
4432,ABDULILAH,3
4432,ABDULKARIM,3
4432,ABDULLATEEF,3
4432,ABDULMAJEED,3
4432,ABDULQADIR,3
4432,ABDULSAMAD,3
4432,ABDULWAHAB,3
4432,ABDURAHEEM,3
4432,ABDURAHIM,3
4432,ABDURRAHIM,3
4432,ABDURRAHMAAN,3
4432,ABDUS-SAMAD,3
4432,ABDUSSAMAD,3
4432,ABHIRAM,3
4432,ABHISHEK,3
4432,ABIDUL,3
4432,ABIE,3
4432,ABILASH,3
4432,ABIODUN,3
4432,ABISHAI,3
4432,ACHILLE,3
4432,ADAMO,3
4432,ADE,3
4432,ADEDOTUN,3
4432,ADEMIDE,3
4432,ADHVAITH,3
4432,ADIE,3
4432,ADIEL,3
4432,ADIT,3
4432,ADIYAN,3
4432,ADONAY,3
4432,ADONIS,3
4432,ADRIANS,3
4432,ADVIK,3
4432,AEDDAN,3
4432,AFIQ,3
4432,AFOLABI,3
4432,AGAM,3
4432,AGASTYA,3
4432,AHAAN,3
4432,AHAMED,3
4432,AHARON,3
4432,AIDON,3
4432,AIDY,3
4432,AIYAN,3
4432,AKAAL,3
4432,AKIA,3
4432,AKIB,3
4432,AKIN,3
4432,AL-AMEEN,3
4432,ALAA,3
4432,ALAIN,3
4432,ALDRIN,3
4432,ALECK,3
4432,ALEK,3
4432,ALEKSANDRS,3
4432,ALEKSEI,3
4432,ALESIO,3
4432,ALEXANDRO,3
4432,ALHAJI,3
4432,ALI-ABBAS,3
4432,ALIF,3
4432,ALIOUNE,3
4432,ALISHAN,3
4432,ALISHER,3
4432,ALIYAAN,3
4432,ALMAS,3
4432,ALMIR,3
4432,ALONSO,3
4432,ALONZO,3
4432,ALPER,3
4432,ALVYN,3
4432,ALYAN,3
4432,AMAAD,3
4432,AMADEO,3
4432,AMANPREET,3
4432,AMARJOT,3
4432,AMIAS,3
4432,AMIRUL,3
4432,AMISH,3
4432,AMOGH,3
4432,AMORY,3
4432,AMRAJ,3
4432,ANDI,3
4432,ANEIRIN,3
4432,ANES,3
4432,ANESH,3
4432,ANIK,3
4432,ANMOL,3
4432,ANOSH,3
4432,ANTONIN,3
4432,ARANVEER,3
4432,ARBAB,3
4432,ARHAN,3
4432,ARHUM,3
4432,ARIB,3
4432,ARIFUL,3
4432,ARINZE,3
4432,ARIYA,3
4432,ARJEN,3
4432,ARJUNVEER,3
4432,ARKA,3
4432,ARLAN,3
4432,ARLIE,3
4432,ARMARNI,3
4432,ARMEL,3
4432,ARMEND,3
4432,ARNAUD,3
4432,ARNIE,3
4432,AROZ,3
4432,ARSALAN,3
4432,ARSEN,3
4432,ARSHIA,3
4432,ARSLAN,3
4432,ARTEM,3
4432,ARTJOM,3
4432,ARTJOMS,3
4432,ARUSHAN,3
4432,ARWYN,3
4432,ARYAVEER,3
4432,ASEEB,3
4432,ASHAAN,3
4432,ASHFAQ,3
4432,ASHMEET,3
4432,ASHOK,3
4432,ASHON,3
4432,ASHTON-JAMES,3
4432,ASHTYN,3
4432,ASHVIR,3
4432,ASJAD,3
4432,ASLAN,3
4432,ASWIN,3
4432,ATHAN,3
4432,ATHUL,3
4432,AUN,3
4432,AURYN,3
4432,AUZAIR,3
4432,AVANEESH,3
4432,AVANISH,3
4432,AVISH,3
4432,AVISHAI,3
4432,AYANDA,3
4432,AYDON,3
4432,AYMERIC,3
4432,AYO,3
4432,AYOOLA,3
4432,AYYAAN,3
4432,AZRAF,3
4432,AZZAM,3
4432,BAILEY-JAMES,3
4432,BAILEY-RAE,3
4432,BAO,3
4432,BAPTISTE,3
4432,BARAA,3
4432,BARAKA,3
4432,BARCLAY,3
4432,BARDIA,3
4432,BARUN,3
4432,BASIM,3
4432,BATU,3
4432,BAYLIE,3
4432,BAYRAM,3
4432,BEDIRHAN,3
4432,BENAIAH,3
4432,BENCE,3
4432,BENEDEK,3
4432,BENEDIKT,3
4432,BERDAN,3
4432,BERKE,3
4432,BERTRAND,3
4432,BERZAN,3
4432,BETUEL,3
4432,BHAVESH,3
4432,BILLY-JAMES,3
4432,BILLY-JOHN,3
4432,BILLYJOE,3
4432,BINIAM,3
4432,BLADEN,3
4432,BLENDI,3
4432,BLEU,3
4432,BOBBY-DEAN,3
4432,BOBBY-JAMES,3
4432,BOBBY-RAY,3
4432,BON,3
4432,BORISLAV,3
4432,BRADIE,3
4432,BRADLY,3
4432,BRAIAN,3
4432,BRAIDON,3
4432,BRAMWELL,3
4432,BRAN,3
4432,BRANDON-,3
4432,BRANDON-LEIGH,3
4432,BRENNON,3
4432,BREYDON,3
4432,BROGHAN,3
4432,BROOKLIN,3
4432,BROOKS,3
4432,CADELL,3
4432,CAELEB,3
4432,CAGAN,3
4432,CAGDAS,3
4432,CAIDEN-LEE,3
4432,CAILLEN,3
4432,CALLUM-JAY,3
4432,CALLUN,3
4432,CALVERT,3
4432,CAMERAN,3
4432,CAMEREN,3
4432,CARLIN,3
4432,CARLITO,3
4432,CARMINE,3
4432,CASTOR,3
4432,CATHAN,3
4432,CAUA,3
4432,CAULEY,3
4432,CAVEN,3
4432,CAYDEN-LEE,3
4432,CAYLEM,3
4432,CAYLEN,3
4432,CAYSON,3
4432,CENGIZ,3
4432,CERITH,3
4432,CESAR,3
4432,CHAI,3
4432,CHANDLER,3
4432,CHARLIE-GEORGE,3
4432,CHARLIE-JACK,3
4432,CHARLIE-JOE,3
4432,CHAS,3
4432,CHAUDHARY,3
4432,CHAZ,3
4432,CHEY,3
4432,CHIDI,3
4432,CHIEMENA,3
4432,CHIGOZIE,3
4432,CHIMA,3
4432,CHRIS-JUNIOR,3
4432,CHRIST,3
4432,CHRISTAN,3
4432,CHRISTOPHER-JAMES,3
4432,CIAREN,3
4432,CIERON,3
4432,CODEY-LEE,3
4432,COLLIN,3
4432,CONAL,3
4432,CONNOR-JAMES,3
4432,CORDAE,3
4432,COREY-JAY,3
4432,CORRIE,3
4432,CORTEZ,3
4432,CORY-LEE,3
4432,COSIMO,3
4432,COSMIN,3
4432,CRAIG-JUNIOR,3
4432,CRIMEA,3
4432,CRIS,3
4432,CRISPIN,3
4432,CRUZE,3
4432,CYRAN,3
4432,DAEGAN,3
4432,DAIN,3
4432,DAMIANO,3
4432,DANAS,3
4432,DANEEL,3
4432,DANEIL,3
4432,DANEL,3
4432,DANIS,3
4432,DANTAE,3
4432,DANUSH,3
4432,DANUT,3
4432,DAOUD,3
4432,DARDAN,3
4432,DARIQ,3
4432,DARON,3
4432,DARRAN,3
4432,DARREL,3
4432,DARRIAN,3
4432,DARRIUS,3
4432,DAVI,3
4432,DAVON,3
4432,DAYA,3
4432,DAYAAN,3
4432,DAYNE,3
4432,DEAGAN,3
4432,DEAKIN,3
4432,DECKLAN,3
4432,DEEYAN,3
4432,DEJAY,3
4432,DEJON,3
4432,DELANEY,3
4432,DELROY,3
4432,DEMBA,3
4432,DEMETRI,3
4432,DENHOLM,3
4432,DENI,3
4432,DENZIL,3
4432,DERRYN,3
4432,DESEAN,3
4432,DEX,3
4432,DEYAN,3
4432,DHAIRYA,3
4432,DHEEN,3
4432,DHYLAN,3
4432,DIAN,3
4432,DIANDRE,3
4432,DIAR,3
4432,DIAZ,3
4432,DIETER,3
4432,DIJON,3
4432,DILEN,3
4432,DILHAN,3
4432,DINESH,3
4432,DIXON,3
4432,DIYA,3
4432,DMITRIY,3
4432,DMITRY,3
4432,DOLTON,3
4432,DOMANTAS,3
4432,DOMENIC,3
4432,DONAVAN,3
4432,DONAVON,3
4432,DONI,3
4432,DONNACHA,3
4432,DORRIAN,3
4432,DURIEL,3
4432,DWIGHT,3
4432,DYFED,3
4432,DYLAN-RHYS,3
4432,DYLEN,3
4432,EADEN,3
4432,EASHEN,3
4432,EASON,3
4432,EATHAN,3
4432,EBON,3
4432,EBRIMA,3
4432,ED,3
4432,EDI,3
4432,EDUARDS,3
4432,EDVIN,3
4432,EDVINAS,3
4432,EESHAN,3
4432,EGAN,3
4432,EHAB,3
4432,EIFION,3
4432,EKAM,3
4432,EKENE,3
4432,EKLAVYA,3
4432,ELDEN,3
4432,ELGAN,3
4432,ELHAAM,3
4432,ELIA,3
4432,ELIAB,3
4432,ELIAH,3
4432,ELIAM,3
4432,ELIEL,3
4432,ELIJA,3
4432,ELLIJAH,3
4432,ELMI,3
4432,ELON,3
4432,ELSON,3
4432,EMAAD,3
4432,EMAD,3
4432,EMILIANO,3
4432,EMMAUNEL,3
4432,EMMERSON,3
4432,EMMET,3
4432,EMON,3
4432,EMRAN,3
4432,ENDRI,3
4432,ENDRIT,3
4432,ENRIKAS,3
4432,ERALD,3
4432,ERENCAN,3
4432,ESEOGHENE,3
4432,ESEOSA,3
4432,ETHAN-JAMES,3
4432,ETHANIEL,3
4432,ETIEN,3
4432,EVANDER,3
4432,EYAD,3
4432,EYOB,3
4432,EYTHAN,3
4432,EZAAN,3
4432,EZRIEL,3
4432,FABIANO,3
4432,FADHIL,3
4432,FADI,3
4432,FAIQ,3
4432,FALLON,3
4432,FARAN,3
4432,FARDIN,3
4432,FATIH,3
4432,FAUZAN,3
4432,FAZAL,3
4432,FAZIL,3
4432,FERRAN,3
4432,FIDA,3
4432,FIIFI,3
4432,FINBARR,3
4432,FINLEY-J,3
4432,FIZAN,3
4432,FLAVIO,3
4432,FORBES,3
4432,FORHAD,3
4432,FRANKEE,3
4432,FREDDI,3
4432,FREDI,3
4432,FREEDOM,3
4432,FYN,3
4432,FYNTON,3
4432,GAIGE,3
4432,GARIN,3
4432,GAUTAM,3
4432,GAUTHAM,3
4432,GAVINDEEP,3
4432,GAZI,3
4432,GED,3
4432,GEO,3
4432,GEROME,3
4432,GERWYN,3
4432,GHALIB,3
4432,GIAN-LUCA,3
4432,GIBSON,3
4432,GILAD,3
4432,GIULIANO,3
4432,GLEB,3
4432,GODFRED,3
4432,GODFREY,3
4432,GODSWILL,3
4432,GOPAL,3
4432,GORAN,3
4432,GUILLAUME,3
4432,GUILLERMO,3
4432,GULED,3
4432,GURDAS,3
4432,GURJAS,3
4432,GURJEEVAN,3
4432,GURKARAN,3
4432,GURKIRAT,3
4432,GURSEVAK,3
4432,GUSTAVE,3
4432,GWYN,3
4432,GYLES,3
4432,GYTIS,3
4432,HAASHIR,3
4432,HAAZIQ,3
4432,HADLEIGH,3
4432,HADRIAN,3
4432,HAFEEZ,3
4432,HAFIZUR,3
4432,HAI,3
4432,HAMMAM,3
4432,HAMSE,3
4432,HAMZE,3
4432,HANAN,3
4432,HANK,3
4432,HANNES,3
4432,HANSON,3
4432,HAREES,3
4432,HARESH,3
4432,HARJAAP,3
4432,HARJAP,3
4432,HARLEY-JAMES,3
4432,HARLEY-OWEN,3
4432,HARLYN,3
4432,HARNEET,3
4432,HARNEK,3
4432,HARON,3
4432,HARRISH,3
4432,HARRISSON,3
4432,HARRY-LEE,3
4432,HARRYSON,3
4432,HARSHITH,3
4432,HARVI,3
4432,HASHAAM,3
4432,HASHMEET,3
4432,HASIM,3
4432,HATIM,3
4432,HAVISH,3
4432,HAYAAN,3
4432,HAYDEN-JAMES,3
4432,HAZIM,3
4432,HAZRAT,3
4432,HEFIN,3
4432,HEKTOR,3
4432,HEMAN,3
4432,HENDRIK,3
4432,HENNING,3
4432,HENRIE,3
4432,HENRIKAS,3
4432,HERO,3
4432,HIEU,3
4432,HIMANSHU,3
4432,HIMMAT,3
4432,HORACE,3
4432,HRISHI,3
4432,HRITHIK,3
4432,HUDAIFAH,3
4432,HUKAM,3
4432,HUNAYN,3
4432,HURAIRAH,3
4432,HUSNAYN,3
4432,HUSSIEN,3
4432,HYRUM,3
4432,IACOV,3
4432,IBAAD,3
4432,IBUKUNOLUWA,3
4432,IKHLAAS,3
4432,IKRAAM,3
4432,ILIA,3
4432,IMANI,3
4432,INIOLUWA,3
4432,IORI,3
4432,IRVIN,3
4432,ISHAAC,3
4432,ISHAR,3
4432,ISHRAQ,3
4432,ISHTIAQ,3
4432,ISMAAEL,3
4432,ISSEY,3
4432,IVANDRO,3
4432,IYANUOLUWA,3
4432,IZACK,3
4432,IZHAAR,3
4432,JAAN,3
4432,JAAZIAH,3
4432,JABARI,3
4432,JABRAN,3
4432,JACK-RYAN,3
4432,JACOPO,3
4432,JADAINE,3
4432,JADEN-LEE,3
4432,JAEDAN,3
4432,JAELEN,3
4432,JAFAR,3
4432,JAGGER,3
4432,JAHDELL,3
4432,JAHMAL,3
4432,JAHNI,3
4432,JAHREL,3
4432,JAHVON,3
4432,JAHZIAH,3
4432,JAIMESON,3
4432,JAIRUS,3
4432,JAKK,3
4432,JALIL,3
4432,JAMA,3
4432,JAMAR,3
4432,JAMEY,3
4432,JAMIAH,3
4432,JAMIEL,3
4432,JAMIELEE,3
4432,JANI,3
4432,JANIS,3
4432,JANUSHAN,3
4432,JAQUAN,3
4432,JARAD,3
4432,JAROM,3
4432,JARON,3
4432,JASPAR,3
4432,JASPREET,3
4432,JASVEER,3
4432,JATHUSAN,3
4432,JATIN,3
4432,JAVANNI,3
4432,JAVANTE,3
4432,JAVARN,3
4432,JAVARNI,3
4432,JAVAUGHN,3
4432,JAVED,3
4432,JAVELL,3
4432,JAVONTE,3
4432,JAY-DEE,3
4432,JAY-LEE,3
4432,JAYCEN,3
4432,JAYDEN-LEIGH,3
4432,JAYDEN-LEWIS,3
4432,JEAN-PIERRE,3
4432,JEDRZEJ,3
4432,JEHU,3
4432,JEORGE,3
4432,JEREMI,3
4432,JESHAN,3
4432,JEVONTE,3
4432,JEWEL,3
4432,JI,3
4432,JIBREEL,3
4432,JIHAN,3
4432,JIMMY-LEE,3
4432,JIREH,3
4432,JIRI,3
4432,JIVIN,3
4432,JIYAN,3
4432,JOBIE,3
4432,JOHN-HENRY,3
4432,JOHN-JOSEPH,3
4432,JOHNIE,3
4432,JOHNY,3
4432,JOLEON,3
4432,JONES,3
4432,JONPAUL,3
4432,JORDAN-LEE,3
4432,JORDELL,3
4432,JORIS,3
4432,JOSUE,3
4432,JOVANI,3
4432,JUBAIR,3
4432,JURGEN,3
4432,JUSTIN-LEE,3
4432,JUVRAJ,3
4432,JYE,3
4432,KABEER,3
4432,KADEEM,3
4432,KAEDAN,3
4432,KAELEM,3
4432,KAHAN,3
4432,KAIDEN-JAY,3
4432,KAIDEN-LEE,3
4432,KAIM,3
4432,KAISAN,3
4432,KAIYEN,3
4432,KAJ,3
4432,KALIN,3
4432,KALLE,3
4432,KAMALPREET,3
4432,KAMARL,3
4432,KAPILAN,3
4432,KARAMDEEP,3
4432,KARLIS,3
4432,KARLOS,3
4432,KARLTON,3
4432,KASPARAS,3
4432,KAVYA,3
4432,KAYDEN-JAMES,3
4432,KAYLIB,3
4432,KAYLUB,3
4432,KAYN,3
4432,KEAON,3
4432,KEATEN,3
4432,KEEAN,3
4432,KEI,3
4432,KEION,3
4432,KELLEN,3
4432,KELSTON,3
4432,KEMANI,3
4432,KEMANIE,3
4432,KEMAR,3
4432,KENAI,3
4432,KENDON,3
4432,KENJI,3
4432,KENYON,3
4432,KESTON,3
4432,KEVAN,3
4432,KEVEN,3
4432,KEWIN,3
4432,KEYSHAWN,3
4432,KHALEB,3
4432,KHALEED,3
4432,KHANDOKAR,3
4432,KHAWAJA,3
4432,KHI,3
4432,KHIAN,3
4432,KHURRAM,3
4432,KHUSH,3
4432,KIA,3
4432,KIAN-JAMES,3
4432,KIARNO,3
4432,KIEON,3
4432,KIERNAN,3
4432,KIMON,3
4432,KIN,3
4432,KIRBY,3
4432,KIRON,3
4432,KIRTAN,3
4432,KISHOR,3
4432,KITT,3
4432,KLAIDAS,3
4432,KLEO,3
4432,KOHEI,3
4432,KOHL,3
4432,KOLBIE,3
4432,KONDRAD,3
4432,KONNA,3
4432,KORBIN,3
4432,KORNELIUSZ,3
4432,KOSMA,3
4432,KRAY,3
4432,KRISHIV,3
4432,KSAWERY,3
4432,KUBILAY,3
4432,KUMAIL,3
4432,KUNAL,3
4432,KURUN,3
4432,KWADWO,3
4432,KYDAN,3
4432,KYLEN,3
4432,KYLUM,3
4432,KYRIACOS,3
4432,KYRIE,3
4432,LAIRD,3
4432,LAISON,3
4432,LAKELAN,3
4432,LAKEN,3
4432,LAKSHAY,3
4432,LARSON,3
4432,LATHUSHAN,3
4432,LATRELLE,3
4432,LAWAN,3
4432,LAWTON,3
4432,LAYTAN,3
4432,LAZAR,3
4432,LE,3
4432,LEANDER,3
4432,LEANDROS,3
4432,LEDJON,3
4432,LEDLEY,3
4432,LEEAM,3
4432,LEEON,3
4432,LEI,3
4432,LEIGHLAN,3
4432,LEN,3
4432,LENARD,3
4432,LENON,3
4432,LEON-JAMES,3
4432,LEONE,3
4432,LESEDI,3
4432,LEVAN,3
4432,LEVEN,3
4432,LEVY,3
4432,LIANG,3
4432,LOGAN-JAMES,3
4432,LOGON,3
4432,LOHITH,3
4432,LOK,3
4432,LOMAX,3
4432,LONDON,3
4432,LORD,3
4432,LOUIX,3
4432,LOURENS,3
4432,LOYD,3
4432,LUCAH,3
4432,LUCAS-JAMES,3
4432,LUCAS-LEE,3
4432,LUCKY,3
4432,LUEY,3
4432,LUIZ,3
4432,LUYANDA,3
4432,LYNCOLN,3
4432,LYRIC,3
4432,MAAZIN,3
4432,MACEN,3
4432,MADDEN,3
4432,MADDIX,3
4432,MAHAMAD,3
4432,MAHAMMAD,3
4432,MAHDY,3
4432,MAHEER,3
4432,MAHFUJ,3
4432,MAHFUZ,3
4432,MAHID,3
4432,MAHOMED,3
4432,MAJD,3
4432,MAKHI,3
4432,MAKO,3
4432,MALAKEY,3
4432,MALIN,3
4432,MALIQ,3
4432,MAMOON,3
4432,MANFRED,3
4432,MANNIX,3
4432,MANOJ,3
4432,MANPREET,3
4432,MANRAAJ,3
4432,MANSUUR,3
4432,MANTHAN,3
4432,MANU,3
4432,MARC-ANTHONY,3
4432,MARCELI,3
4432,MARCU,3
4432,MARDIN,3
4432,MARKEL,3
4432,MARKUSS,3
4432,MARSDEN,3
4432,MARSEL,3
4432,MARVEL,3
4432,MASE,3
4432,MASON-JAY,3
4432,MASOOD,3
4432,MASROOR,3
4432,MASUD,3
4432,MATHEWS,3
4432,MATTHEO,3
4432,MATTIE,3
4432,MATYAS,3
4432,MAXENCE,3
4432,MAXIE,3
4432,MAXIMILLION,3
4432,MAXXIE,3
4432,MAYAN,3
4432,MAYOWA,3
4432,MCKAI,3
4432,MCKENNA,3
4432,MCKENZY,3
4432,MEESAM,3
4432,MEET,3
4432,MEHUL,3
4432,MEKENZIE,3
4432,MELCHIZEDEK,3
4432,MEMET,3
4432,MESSIAH,3
4432,METE,3
4432,MICAIAH,3
4432,MICK,3
4432,MIHAIL,3
4432,MIKHAEL,3
4432,MIKKO,3
4432,MILOS,3
4432,MINH,3
4432,MITHUSH,3
4432,MOFEOLUWA,3
4432,MOHAMED-AMIN,3
4432,MOHAMMED-ALI,3
4432,MOHAMMED-FARHAN,3
4432,MOHAMUD,3
4432,MOHANNAD,3
4432,MOISES,3
4432,MOMEN,3
4432,MONROE,3
4432,MONTANA,3
4432,MONTE,3
4432,MORITZ,3
4432,MORTAZA,3
4432,MORTON,3
4432,MOTTY,3
4432,MOUAD,3
4432,MU'AADH,3
4432,MUAWIYAH,3
4432,MUAZ,3
4432,MUBEEN,3
4432,MUDASER,3
4432,MUDIWA,3
4432,MUEED,3
4432,MUHAMMAD-IBRAHIM,3
4432,MUHAMMED-ALI,3
4432,MUHUMMAD,3
4432,MUIZZ,3
4432,MUSSE,3
4432,MYKA,3
4432,NABIIL,3
4432,NADAV,3
4432,NAFTULI,3
4432,NAHID,3
4432,NAHIYAN,3
4432,NAHOME,3
4432,NAM,3
4432,NAMIT,3
4432,NAMO,3
4432,NASSIR,3
4432,NAT,3
4432,NATHNAEL,3
4432,NAVARRO,3
4432,NAVIN,3
4432,NAWEED,3
4432,NAWID,3
4432,NAZEEM,3
4432,NEHAAN,3
4432,NEIKO,3
4432,NEILAN,3
4432,NICHOLAI,3
4432,NICKLAS,3
4432,NICOY,3
4432,NIDAL,3
4432,NIELS,3
4432,NIHAD,3
4432,NILESH,3
4432,NIMESH,3
4432,NINO,3
4432,NIRAV,3
4432,NIRUSHAN,3
4432,NIVEN,3
4432,NOMAAN,3
4432,NORIK,3
4432,NORTON,3
4432,NOSAKHARE,3
4432,NOSSON,3
4432,NOVAK,3
4432,NUMAAN,3
4432,NUMAIR,3
4432,NUMAN,3
4432,NUR,3
4432,NYAH,3
4432,NYE,3
4432,OAKLEIGH,3
4432,OBIAJULU,3
4432,ODAFE,3
4432,ODYSSEAS,3
4432,OGULCAN,3
4432,OLADIMEJI,3
4432,OLANREWAJU,3
4432,OLAOLUWA,3
4432,OLASENI,3
4432,OLIE,3
4432,OLISAEMEKA,3
4432,OLIVER-JOHN,3
4432,OLIVERS,3
4432,OLIVIA,3
4432,OLORUNTOBA,3
4432,OLUFEMI,3
4432,OLUWADUROTIMI,3
4432,OLUWAFIKAYO,3
4432,OLUWAGBEMIGA,3
4432,OLUWAKOREDE,3
4432,OLUWAMAYOMIKUN,3
4432,OLUWATISHE,3
4432,OLUWATUNMISE,3
4432,OMAIR,3
4432,OMOTAYO,3
4432,ONDER,3
4432,ONDREJ,3
4432,OPEYEMI,3
4432,ORREN,3
4432,OSBERT,3
4432,OSTIN,3
4432,OTHMAN,3
4432,OZ,3
4432,OZIAS,3
4432,OZWALD,3
4432,PAA,3
4432,PAAPA,3
4432,PAARTH,3
4432,PANAYIOTIS,3
4432,PARAM,3
4432,PARMVIR,3
4432,PARTHA,3
4432,PASHA,3
4432,PATRICE,3
4432,PAULIE,3
4432,PAVLE,3
4432,PAYTON,3
4432,PAYWAND,3
4432,PEACE,3
4432,PEARCE,3
4432,PERCIVAL,3
4432,PEREZ,3
4432,PHARIS,3
4432,PHILEMON,3
4432,PHILIPPE,3
4432,PIJUS,3
4432,PIRRAN,3
4432,POYRAZ,3
4432,PRABHDEEP,3
4432,PRATHAM,3
4432,PRAVEEN,3
4432,PRITAM,3
4432,PRITESH,3
4432,PRITHVI,3
4432,PROSPER,3
4432,QASID,3
4432,QAYS,3
4432,QUADE,3
4432,QUDUS,3
4432,QUINTEN,3
4432,QUSAY,3
4432,RABI,3
4432,RADEK,3
4432,RADI,3
4432,RADU,3
4432,RAED,3
4432,RAEEF,3
4432,RAFFE,3
4432,RAFIQ,3
4432,RAHAAN,3
4432,RAHIB,3
4432,RAIFE,3
4432,RAJUN,3
4432,RAKESH,3
4432,RAKIN,3
4432,RAKSHAN,3
4432,RAMADAN,3
4432,RAMEL,3
4432,RAMIN,3
4432,RAMIZ,3
4432,RANDOLPH,3
4432,RANJIT,3
4432,RANULPH,3
4432,RAOUF,3
4432,RAPHEAL,3
4432,RAS,3
4432,RASHAD,3
4432,REACE,3
4432,REAN,3
4432,REDA,3
4432,REEVES,3
4432,REEYAN,3
4432,REIGEN,3
4432,REILLEY,3
4432,REKAN,3
4432,REMARIO,3
4432,REMIEL,3
4432,REMIREZ,3
4432,REMUS,3
4432,RENAT,3
4432,RENE,3
4432,RENIS,3
4432,REVAN,3
4432,REYAAN,3
4432,REYHAN,3
4432,RHETT,3
4432,RHIAN,3
4432,RHUBEN,3
4432,RHUN,3
4432,RHYLEIGH,3
4432,RICARDAS,3
4432,RICK,3
4432,RICKEY,3
4432,RIEGAN,3
4432,RIEN,3
4432,RIHAAN,3
4432,RIK,3
4432,RIKU,3
4432,RILEY-JAY,3
4432,RILWAN,3
4432,RIQUELME,3
4432,RISH,3
4432,RISHAB,3
4432,RISHAD,3
4432,RISHIL,3
4432,RITIK,3
4432,RODDY,3
4432,ROHAIL,3
4432,ROHIN,3
4432,ROHITH,3
4432,ROJAN,3
4432,ROLAN,3
4432,ROMAL,3
4432,ROMI,3
4432,ROONEY,3
4432,ROQUE,3
4432,ROSCO,3
4432,ROWLEY,3
4432,ROYDON,3
4432,RUDOLPH,3
4432,RUDRAKSH,3
4432,RUEL,3
4432,RUFARO,3
4432,RUMAAN,3
4432,RUSHIL,3
4432,RUSSEL,3
4432,RUSTAM,3
4432,RUZGAR,3
4432,RYANN,3
4432,RYHAN,3
4432,RYSZARD,3
4432,SAAID,3
4432,SAALIH,3
4432,SAAMIR,3
4432,SAAVAN,3
4432,SABER,3
4432,SAFAL,3
4432,SAFIN,3
4432,SAGE,3
4432,SAHAL,3
4432,SAHEL,3
4432,SAIFUL,3
4432,SAIHAN,3
4432,SAIMON,3
4432,SAJED,3
4432,SAJJAN,3
4432,SALAAH,3
4432,SALEEM,3
4432,SAMER,3
4432,SAMET,3
4432,SAMI-ULLAH,3
4432,SAMIT,3
4432,SAMMER,3
4432,SANCHEZ,3
4432,SANJEEV,3
4432,SANJIV,3
4432,SAQLAIN,3
4432,SAREM,3
4432,SARUJAN,3
4432,SARVESH,3
4432,SAVVA,3
4432,SAYAN,3
4432,SAYFULLAH,3
4432,SAYHAAN,3
4432,SCOTT-LEE,3
4432,SELASE,3
4432,SELWYN,3
4432,SENA,3
4432,SERAFIM,3
4432,SERDAR,3
4432,SERGIUSZ,3
4432,SERKAN,3
4432,SETHAN,3
4432,SEVA,3
4432,SEVEN,3
4432,SEYAR,3
4432,SEYON,3
4432,SHAFI,3
4432,SHAHMEER,3
4432,SHAHRUKH,3
4432,SHAHZAD,3
4432,SHAIKH,3
4432,SHAILEN,3
4432,SHAKAI,3
4432,SHANNON,3
4432,SHAQUAN,3
4432,SHARAD,3
4432,SHARAN,3
4432,SHAREEF,3
4432,SHARUJAN,3
4432,SHASHANK,3
4432,SHAUNAK,3
4432,SHAYA,3
4432,SHAZAD,3
4432,SHEHROZE,3
4432,SHEHRYAR,3
4432,SHEK,3
4432,SHEKH,3
4432,SHEM,3
4432,SHENG,3
4432,SHIA,3
4432,SHIHAAB,3
4432,SHIHAB,3
4432,SHIVA,3
4432,SHLOK,3
4432,SHOURYA,3
4432,SI,3
4432,SIAM,3
4432,SIDAR,3
4432,SIDDIQ,3
4432,SIMAR,3
4432,SIPHO,3
4432,SIR,3
4432,SIRAAJ,3
4432,SIYAR,3
4432,SMARAN,3
4432,SMIT,3
4432,SOFYAN,3
4432,SOHRAB,3
4432,SONNEY,3
4432,SOROSH,3
4432,SOTERIS,3
4432,SRI,3
4432,STAVROS,3
4432,STELLAN,3
4432,STEPAN,3
4432,SUHAN,3
4432,SUJAN,3
4432,SUKHMAN,3
4432,SULAIMAAN,3
4432,SULDAN,3
4432,SUNIL,3
4432,SURYANSH,3
4432,SUVAN,3
4432,SWITHIN,3
4432,SYLVAIN,3
4432,TAAVI,3
4432,TADEUSZ,3
4432,TADGH,3
4432,TAHER,3
4432,TAHMEED,3
4432,TAHSEEN,3
4432,TAILOR,3
4432,TAIM,3
4432,TAIMUR,3
4432,TAJ,3
4432,TAJAY,3
4432,TALLIS,3
4432,TALYN,3
4432,TAM,3
4432,TAMIR,3
4432,TAMJID,3
4432,TANA,3
4432,TANIM,3
4432,TANJIM,3
4432,TANMAY,3
4432,TAPIWA,3
4432,TAQI,3
4432,TARANDEEP,3
4432,TARANVIR,3
4432,TARAS,3
4432,TARKAN,3
4432,TARO,3
4432,TARON,3
4432,TARQUIN,3
4432,TARRICK,3
4432,TAUSEEF,3
4432,TAVONGA,3
4432,TAWANDA,3
4432,TAWHIDUL,3
4432,TAWQIR,3
4432,TAYEB,3
4432,TAYIB,3
4432,TAYLOR-JACK,3
4432,TAYLOR-LEE,3
4432,TAYM,3
4432,TAYNE,3
4432,TAYSHAWN,3
4432,TAYTE,3
4432,TAYTEN,3
4432,TAYVON,3
4432,TAZIM,3
4432,TEGH,3
4432,TEOFILO,3
4432,TEQUAN,3
4432,THABISO,3
4432,THADDEUS,3
4432,THAINE,3
4432,THANUSH,3
4432,THEODEN,3
4432,THIBAULT,3
4432,TIJAN,3
4432,TIMOTEJ,3
4432,TIMUCIN,3
4432,TIN,3
4432,TINAYE,3
4432,TIO,3
4432,TIRAS,3
4432,TOBILOBA,3
4432,TOBYN,3
4432,TOLUWALASHE,3
4432,TOMMY-RAY,3
4432,TOR,3
4432,TORBEN,3
4432,TORITSEJU,3
4432,TORREN,3
4432,TORRES,3
4432,TRAVIS-LEE,3
4432,TREASURE,3
4432,TREMAINE,3
4432,TRISTAN-LEE,3
4432,TRISTIN,3
4432,TRYFAN,3
4432,TUCKER,3
4432,TUDUR,3
4432,TULLY,3
4432,TYLER-REECE,3
4432,TYLO,3
4432,TYRECE,3
4432,TYRRELL,3
4432,UCHENNA,3
4432,UGOCHUKWU,3
4432,ULTAN,3
4432,ULUS,3
4432,UMAR-FAROOQ,3
4432,UMIT,3
4432,UNATHI,3
4432,UNAYS,3
4432,USHER,3
4432,UTHMAAN,3
4432,UZOMA,3
4432,VAIBHAV,3
4432,VAKARIS,3
4432,VASIL,3
4432,VASILE,3
4432,VERNON,3
4432,VIKAS,3
4432,VILIUS,3
4432,VINICIUS,3
4432,VINNIE-LEE,3
4432,VIR,3
4432,VISHNU,3
4432,VOLKAN,3
4432,VOLODYMYR,3
4432,WAAIL,3
4432,WAASIL,3
4432,WADI,3
4432,WAHID,3
4432,WAJID,3
4432,WALED,3
4432,WALT,3
4432,WAN,3
4432,WAQAS,3
4432,WARSAME,3
4432,WASSIM,3
4432,WAYLON,3
4432,WESTLEY,3
4432,WESTON,3
4432,WEZLEY,3
4432,WILDER,3
4432,WILHELM,3
4432,WILLARD,3
4432,WILLOW,3
4432,WYLIE,3
4432,WYNN,3
4432,XIANG,3
4432,XING,3
4432,XU,3
4432,YAACOV,3
4432,YAASEEN,3
4432,YAASIN,3
4432,YAHIYA,3
4432,YAMAN,3
4432,YANNIK,3
4432,YAROSLAV,3
4432,YASER,3
4432,YAZID,3
4432,YIN,3
4432,YISHAI,3
4432,YISRAEL,3
4432,YONAH,3
4432,YOOSUF,3
4432,YOSEPH,3
4432,YOTAM,3
4432,YUBO,3
4432,YUG,3
4432,YUNES,3
4432,YUTA,3
4432,YUTO,3
4432,YUUKI,3
4432,ZAAFIR,3
4432,ZACHARIE,3
4432,ZAFIR,3
4432,ZAIDEN,3
4432,ZAKKAI,3
4432,ZAKKARY,3
4432,ZAKRIYA,3
4432,ZAMIN,3
4432,ZAMIR,3
4432,ZAYDAAN,3
4432,ZAYDEN,3
4432,ZEIN,3
4432,ZEKI,3
4432,ZEPHAN,3
4432,ZESHAAN,3
4432,ZEVI,3
4432,ZHE,3
4432,ZHUO,3
4432,ZIAN,3
4432,ZIYA,3
4432,ZORAN,3
4432,ZORAVAR,3
4432,ZSOMBOR,3
4432,ZUBAYR,3
4432,ZUBEIR,3
4432,ZUHAIR,3
4432,ZUHAYB,3
4432,ZUHEYB,3
4432,ZYAD,3
4432,ZYON,3
