Rank,Name,Count
1,OLIVER,7364
2,JACK,7090
3,HARRY,6143
4,ALFIE,5536
5,JOSHUA,5526
6,THOMAS,5520
7,CHARLIE,5409
8,WILLIAM,5247
9,JAMES,4544
10,DANIEL,4444
11,GEORGE,4347
12,SAMUEL,4314
13,ETHAN,3729
14,JOSEPH,3613
15,BENJAMIN,3319
16,MOHAMMED,3300
17,LUCAS,3276
18,JACOB,3214
19,DYLAN,3201
20,ARCHIE,3069
21,LEWIS,3008
22,ALEXANDER,2981
23,OSCAR,2943
24,LIAM,2784
25,MAX,2762
26,JAYDEN,2667
27,JAKE,2456
28,CALLUM,2438
29,RILEY,2406
30,RYAN,2398
31,TYLER,2366
32,NOAH,2250
33,LUKE,2220
34,ADAM,2199
35,LOGAN,2196
36,MUHAMMAD,2162
37,HENRY,2143
38,MATTHEW,2122
39,HARVEY,2077
40,LEO,2011
41,ISAAC,1979
42,HARRISON,1951
43,FINLEY,1905
44,EDWARD,1795
45,MASON,1718
46,CONNOR,1670
47,OWEN,1630
48,JAMIE,1573
48,NATHAN,1573
50,ALEX,1478
51,MICHAEL,1385
52,CAMERON,1378
53,FREDDIE,1356
54,AARON,1354
55,THEO,1323
56,HARLEY,1290
57,TOBY,1284
58,CHARLES,1225
59,RHYS,1208
60,LEON,1155
61,FINLAY,1093
62,MOHAMMAD,1073
62,SEBASTIAN,1073
64,DAVID,1072
65,BEN,1069
66,LOUIS,1067
67,ZACHARY,1020
68,KAI,1012
69,ASHTON,1005
70,EVAN,973
71,KIAN,956
72,LUCA,936
73,AIDEN,900
74,KYLE,892
75,GABRIEL,886
76,REECE,867
77,HAYDEN,864
78,AIDAN,858
79,REUBEN,854
80,JOEL,836
81,BAILEY,822
82,BRANDON,801
83,JOHN,762
84,LOUIE,757
85,ELLIS,756
86,KIERAN,752
87,ELLIOT,738
88,SAM,735
89,TAYLOR,731
90,BRADLEY,730
91,ROBERT,719
92,JOE,713
93,ARTHUR,712
94,CHRISTOPHER,651
95,EWAN,636
96,FREDERICK,635
97,MORGAN,634
98,JUDE,627
98,STANLEY,627
100,AUSTIN,626
101,BLAKE,623
102,JAY,620
103,BILLY,617
104,BOBBY,615
104,CALEB,615
106,COREY,610
107,KAYDEN,573
108,SONNY,560
109,CODY,558
110,IBRAHIM,557
111,DOMINIC,547
112,ZAK,516
113,MUHAMMED,515
114,MCKENZIE,512
115,OLLIE,511
116,SETH,507
117,NATHANIEL,498
118,ZAC,496
119,TRISTAN,495
120,PATRICK,493
121,FRANKIE,486
122,FELIX,485
123,JAKUB,483
124,MARLEY,481
125,DEXTER,476
126,FINN,471
127,JONATHAN,468
128,ALI,457
129,ANDREW,455
130,NICHOLAS,454
131,RONNIE,453
132,SEAN,448
133,PETER,443
134,ELLIOTT,437
134,YUSUF,437
136,DECLAN,436
137,TOMMY,434
138,THEODORE,433
139,ANTHONY,428
140,COLE,419
140,ELIJAH,419
142,RORY,418
143,JENSON,417
144,MAXWELL,409
145,JASON,406
146,ALFRED,391
147,LEVI,390
148,JORDAN,389
149,AYAAN,388
150,MOHAMED,387
151,TOM,372
152,ZACK,371
153,MARCUS,368
154,ASHLEY,367
155,KENZIE,357
155,ROWAN,357
157,RIO,352
157,TOBIAS,352
159,HAMZA,351
160,ALBERT,348
160,JOSH,348
162,AHMED,344
163,SYED,342
164,HUGO,339
165,CHRISTIAN,336
165,ZAIN,336
167,FILIP,323
168,KACPER,318
169,ABDUL,316
170,ABDULLAH,315
170,ROMAN,315
172,RUBEN,313
173,KAIDEN,311
174,OSKAR,310
175,MILO,307
176,DANNY,305
177,SPENCER,302
178,BEAU,295
179,LAYTON,291
180,JASPER,289
180,LENNON,289
180,MAXIMILIAN,289
183,LEIGHTON,285
184,KEVIN,284
184,MARK,284
184,SHAY,284
187,ASTON,279
188,JACKSON,272
188,MACKENZIE,272
190,ADRIAN,262
191,EUAN,257
192,EMMANUEL,255
193,ALAN,253
194,JUSTIN,251
195,ZACH,247
196,VINCENT,245
197,MILES,243
198,FRASER,241
198,JAIDEN,241
198,ROHAN,241
198,SCOTT,241
202,LUKAS,240
202,XAVIER,240
204,KYE,238
205,JADEN,231
206,HASSAN,229
207,CARTER,228
208,JESSE,225
209,RICHARD,222
210,STEPHEN,220
211,TEDDY,217
212,JONAH,215
212,RAYAN,215
214,ARYAN,212
215,PAUL,211
216,FLYNN,208
216,REGGIE,208
218,DOMINIK,207
218,MALACHI,207
218,MUSTAFA,207
221,MATEUSZ,205
222,RAPHAEL,204
223,MITCHELL,201
224,STEVEN,200
225,CALUM,199
225,LEE,199
225,WARREN,199
228,FREDDY,197
228,KADEN,197
228,WILL,197
231,MYLES,196
231,SHAUN,196
233,ISMAIL,195
233,OMAR,195
235,CIAN,193
235,SHANE,193
237,CAYDEN,190
238,CIARAN,186
239,CONOR,185
239,LINCOLN,185
239,RYLEY,185
242,SIDNEY,183
243,BROOKLYN,182
244,RAFAEL,180
245,JENSEN,179
245,KANE,179
247,BARNABY,178
247,MUSA,178
247,SZYMON,178
250,TROY,177
251,CADEN,176
251,REGAN,176
251,ROCCO,176
254,RUFUS,175
254,VICTOR,175
256,FLETCHER,174
257,CURTIS,173
257,MARTIN,173
259,DILLON,172
259,FRANK,172
261,TRAVIS,171
261,UMAR,171
263,PRESTON,170
263,SAMI,170
265,JAYDON,169
266,NICOLAS,167
267,AHMAD,166
268,KIERON,165
268,MICAH,165
268,ZAKARIYA,165
271,TIMOTHY,164
272,MARCEL,163
273,ZANE,161
274,ERIC,159
274,FRANCIS,159
274,TOMAS,159
277,BILAL,156
277,LEONARDO,156
279,MAXIMUS,154
280,BRODY,153
280,CASEY,153
280,SOLOMON,153
283,ISA,152
284,DAWID,151
284,NIALL,151
284,PATRYK,151
284,RAYYAN,151
284,RYLEE,151
289,ARJUN,150
289,GETHIN,150
291,ALBIE,148
291,AMAAN,148
293,JIMMY,145
294,CAIDEN,144
294,CHASE,144
294,RALPH,144
297,HASAN,143
297,JOSIAH,143
299,CAI,142
299,JAN,142
301,SIMON,140
302,HARIS,139
303,ANGUS,138
303,DEAN,138
305,COBY,136
305,PHILIP,136
307,ROBBIE,135
308,ELI,134
309,EESA,133
309,YAHYA,133
311,ARLO,132
312,HARRIS,131
313,VINNIE,130
313,WILFRED,130
315,JULIAN,129
316,BRODIE,127
316,LLOYD,127
316,OLIVIER,127
319,ELIAS,125
319,JARED,125
319,LENNY,125
319,MAKSYMILIAN,125
323,ISAIAH,124
323,OLLY,124
323,TOMOS,124
326,LORENZO,123
326,REHAN,123
328,AAYAN,121
328,ALEKSANDER,121
330,DEVON,120
330,FINNLEY,120
330,MICHAL,120
333,JUNIOR,119
333,TYRESE,119
335,DREW,118
335,KYRAN,118
335,TED,118
338,PHOENIX,117
338,ROSS,117
340,JAI,116
340,KALEB,116
340,OSIAN,116
343,JAC,115
343,JOEY,115
343,KEEGAN,115
343,MONTY,115
347,AMIR,114
347,KHALID,114
349,FARHAN,113
349,IVAN,113
351,AYMAN,112
351,CORY,112
353,XANDER,111
354,ARMAAN,110
354,LELAND,110
354,OAKLEY,110
357,DAMIAN,109
357,ZACHARIAH,109
359,BRAYDEN,108
359,DANTE,108
359,IEUAN,108
362,BRENDAN,107
362,DARREN,107
362,HECTOR,107
362,LUKA,107
366,DEACON,106
366,IOAN,106
366,KRISTIAN,106
366,LUIS,106
366,ROBIN,106
366,RUPERT,106
366,SAHIL,106
366,YUVRAJ,106
374,HENLEY,105
374,LEONARD,105
376,AYDEN,104
376,BARTOSZ,104
376,BRIAN,104
376,JAMAL,104
376,OLIWIER,104
381,CALVIN,103
381,KYRON,103
383,CARL,102
383,CHARLEY,102
385,ANTONI,101
385,DOUGLAS,101
385,HUGH,101
385,LAWRENCE,101
385,MALAKAI,101
385,MIKEY,101
391,ALISTAIR,100
391,COHEN,100
391,JOHNNY,100
391,RAYHAN,100
391,WIKTOR,100
396,ADEN,99
396,COOPER,99
396,MAXIMILLIAN,99
399,CONNER,98
399,HAMISH,98
399,HARRI,98
399,HUSSAIN,98
403,KEATON,97
404,DAMIEN,96
404,LEYTON,96
406,FABIAN,95
406,HAYDN,95
408,CASPER,94
408,CLAYTON,94
408,CRAIG,94
408,EDDIE,94
408,KEIRAN,94
408,MARSHALL,94
408,NIKODEM,94
408,OWAIN,94
416,OTIS,93
417,ANTONIO,92
417,DENNIS,92
417,JEREMY,92
417,MONTGOMERY,92
417,ZAKARIA,92
422,EDEN,91
422,KRISH,91
424,AMAN,90
424,BYRON,90
424,HASHIM,90
427,ANTONY,89
427,ASHER,89
427,FRAZER,89
427,LAURENCE,89
427,MAISON,89
432,AADAM,87
432,AARAV,87
432,ANDRE,87
432,MATHEW,87
432,SUBHAN,87
432,TY,87
438,ANAS,86
438,DANIYAL,86
438,HAIDER,86
438,JEREMIAH,86
442,IMRAN,85
442,RUDY,85
444,FARIS,84
444,RONAN,84
444,SAIF,84
447,BENEDICT,83
448,IGOR,82
448,KAMRAN,82
448,STEFAN,82
451,FERGUS,81
451,HEATH,81
451,MARCO,81
454,ESHAN,80
454,GUY,80
454,KAMIL,80
457,HARI,79
457,ISHAAN,79
457,MAXIM,79
457,YASIN,79
461,CAELAN,78
461,JAXON,78
461,JED,78
461,MIKOLAJ,78
461,PIOTR,78
461,ROMEO,78
461,TONY,78
468,HAMZAH,77
468,JAYDAN,77
468,MATTEO,77
468,QUINN,77
468,REAGAN,77
473,AARYAN,76
473,CONRAD,76
473,IBRAHEEM,76
476,ABDIRAHMAN,75
476,EZRA,75
476,IWAN,75
476,SAMSON,75
476,ZAYAN,75
481,ABRAHAM,74
481,KRYSTIAN,74
481,SHEA,74
481,WESLEY,74
485,AJAY,73
485,CRUZ,73
485,JONAS,73
485,MADDOX,73
485,MALACHY,73
485,OTTO,73
491,ANTON,72
491,CASSIUS,72
491,ILYAS,72
494,ALESSANDRO,71
494,GEORGIE,71
494,JAKOB,71
494,YASEEN,71
498,ARRON,70
498,CAMRON,70
498,DION,70
498,ENZO,70
498,HUDSON,70
498,JAK,70
498,UZAIR,70
505,AMARI,69
505,ARCHIBALD,69
505,ARUN,69
505,CAIN,69
505,JAGO,69
505,KALLUM,69
505,MALIK,69
505,RYLAN,69
505,USMAN,69
514,ARON,68
514,KYAN,68
514,LACHLAN,68
514,NICO,68
514,PRINCE,68
514,ZAID,68
520,CHESTER,67
520,HASNAIN,67
520,KIT,67
520,WYATT,67
524,ABBAS,66
524,ALEC,66
524,FAIZAN,66
524,MOSES,66
524,SAMIR,66
524,SHAYAN,66
530,ADIL,65
530,SAUL,65
532,ARRAN,64
532,NEO,64
532,RISHI,64
535,AYUB,63
535,BARNEY,63
535,CARLOS,63
535,COLBY,63
535,ISMAEEL,63
535,NATHANAEL,63
535,RAHEEM,63
535,RAYMOND,63
535,SULAIMAN,63
544,AZAAN,62
544,CYRUS,62
544,EZEKIEL,62
544,GREGORY,62
544,IESTYN,62
544,LUCIAN,62
544,NOEL,62
544,TALHA,62
552,ADDISON,61
552,AYAN,61
552,BRAYDON,61
552,FRED,61
552,IAN,61
552,KONRAD,61
558,CASPAR,60
558,DANYAL,60
558,KODY,60
558,MILAN,60
558,STUART,60
563,CARSON,59
563,KEELAN,59
563,MARC,59
563,NATE,59
563,NIKHIL,59
563,OWAIS,59
563,ZION,59
570,BRYAN,58
570,KARL,58
570,RAFFERTY,58
570,RAYAAN,58
570,TYE,58
570,ZAYD,58
576,CHE,57
576,GARY,57
576,TAHA,57
576,VEER,57
576,YASIR,57
581,ABDULLAHI,56
581,BROGAN,56
581,BRUNO,56
581,CODEY,56
581,NEIL,56
581,RAIHAN,56
581,RICKY,56
581,WOODY,56
589,ABDULRAHMAN,55
589,ARDA,55
589,FYNN,55
589,KOBE,55
589,MATAS,55
589,TARAN,55
589,ZEESHAN,55
596,ABU,54
596,ASA,54
596,BRYN,54
596,DENIS,54
596,DILAN,54
596,HAROON,54
596,IDRIS,54
596,KELVIN,54
596,MYLO,54
596,NIKOLAS,54
596,RICO,54
596,SANTIAGO,54
596,SION,54
596,TOMASZ,54
610,DIEGO,53
610,EDWIN,53
610,ERNEST,53
610,KENNY,53
610,MARIO,53
610,REEGAN,53
610,TIAGO,53
617,ADNAN,52
617,GIOVANNI,52
617,HUBERT,52
617,KOBI,52
617,ORLANDO,52
617,PAWEL,52
617,PHILLIP,52
617,RUEBEN,52
617,SAMEER,52
617,ZAKI,52
627,AMAR,51
627,COLIN,51
627,DHRUV,51
627,DILLAN,51
627,EREN,51
627,JEEVAN,51
627,KADE,51
627,KEIRON,51
627,KYLAN,51
627,NED,51
627,QASIM,51
627,REILLY,51
627,SEBASTIEN,51
627,TERRY,51
641,DENZEL,50
641,EISA,50
641,MACAULEY,50
641,RAFE,50
641,UMAIR,50
641,YOUSUF,50
641,YUNUS,50
648,FRANCISZEK,49
648,MACIEJ,49
648,MAHDI,49
648,RAJA,49
648,RIAN,49
648,WILSON,49
654,AYDIN,48
654,HASEEB,48
654,RAY,48
654,RIVER,48
654,SHAYAAN,48
654,SUBHAAN,48
654,TYRONE,48
654,ZAKIR,48
662,CHRIS,47
662,KAROL,47
662,MATEO,47
662,SHAAN,47
662,YASH,47
667,ANGELO,46
667,DAINTON,46
667,KURTIS,46
667,MILLER,46
667,RICARDO,46
667,RUSSELL,46
667,SHEIKH,46
667,TYLER-JAMES,46
675,CORMAC,45
675,DARIUS,45
675,DAWUD,45
675,ISHAQ,45
675,OISIN,45
675,REX,45
675,ZACKARY,45
682,AMMAR,44
682,BRUCE,44
682,EOIN,44
682,ERYK,44
682,HARUN,44
682,IZAAK,44
682,JERMAINE,44
682,JOSEF,44
682,KIRAN,44
682,LUCCA,44
682,REGINALD,44
682,REHAAN,44
682,SAMMY,44
682,TEDDIE,44
696,DENIZ,43
696,ELIS,43
696,EMRE,43
696,FAHAD,43
696,HUW,43
696,ISSAC,43
696,JAYLEN,43
696,JON,43
696,JONNY,43
696,KEANE,43
696,KHALIL,43
696,MOSHE,43
696,SIMEON,43
696,STEFFAN,43
696,ZAYN,43
711,ANDREAS,42
711,CAIRON,42
711,DALE,42
711,JEROME,42
711,LYNDON,42
711,MARKUS,42
711,NATAN,42
711,RUDI,42
711,SHAYNE,42
711,SONNIE,42
711,TATE,42
711,TYRELL,42
711,WAYNE,42
724,ARJAN,41
724,AYOMIDE,41
724,DEON,41
724,EDMUND,41
724,ISMAEL,41
724,LENNOX,41
724,LEONIDAS,41
724,OLAF,41
724,RAHUL,41
724,RYLIE,41
724,SAAD,41
724,SALMAN,41
724,SHAWN,41
737,CORBEN,40
737,DAFYDD,40
737,DEV,40
737,ESA,40
737,JUNAID,40
737,KAYDON,40
737,MAGNUS,40
737,SUFYAN,40
737,TRYSTAN,40
737,VINNY,40
737,YAQUB,40
748,EMILIO,39
748,ERIK,39
748,GIDEON,39
748,JOHAN,39
748,KAJUS,39
748,KARAM,39
748,KINGSLEY,39
748,NOJUS,39
748,RONNY,39
748,SHAE,39
748,SYDNEY,39
748,TAYLAN,39
760,ABDURRAHMAN,38
760,ADITYA,38
760,ALED,38
760,ALEXANDRE,38
760,ARIAN,38
760,ARMAN,38
760,AWAIS,38
760,BERTIE,38
760,CILLIAN,38
760,EMIL,38
760,FRANKLIN,38
760,NATANIEL,38
760,NIHAL,38
760,RIDWAN,38
760,ROCKY,38
760,SAFWAN,38
760,WOJCIECH,38
777,ALASTAIR,37
777,ARAN,37
777,ARTUR,37
777,CADE,37
777,HADI,37
777,KAELAN,37
777,KAINE,37
777,KOBY,37
777,KRISHAN,37
777,KRZYSZTOF,37
777,LAURIE,37
777,LUQMAN,37
777,PABLO,37
777,PEDRO,37
777,REMI,37
777,TODD,37
777,TYMOTEUSZ,37
777,TYREECE,37
795,ABUBAKAR,36
795,AMIN,36
795,ASHWIN,36
795,EDGAR,36
795,FABIO,36
795,JORGE,36
795,KAMERON,36
795,LOCHLAN,36
795,MIGUEL,36
795,NIKITA,36
795,OMARI,36
795,STEVIE,36
795,SUFYAAN,36
795,SULAYMAN,36
809,ANDY,35
809,AYUSH,35
809,DORIAN,35
809,EHSAN,35
809,GENE,35
809,HENRI,35
809,ISRAEL,35
809,JOSE,35
809,JUN,35
809,KAREEM,35
809,KAYLEM,35
809,KAYLUM,35
809,KEYAAN,35
809,KUBA,35
809,NABIL,35
809,OMER,35
809,ROAN,35
809,ROSHAN,35
809,SILAS,35
809,TYLOR,35
809,YOUSEF,35
809,YU,35
831,ARNAV,34
831,BARTLOMIEJ,34
831,BRADY,34
831,CODIE,34
831,DEVAN,34
831,HAARIS,34
831,HERBIE,34
831,JIA,34
831,KAAN,34
831,KARIM,34
831,LAWSON,34
831,MUSAB,34
831,ORSON,34
831,RAUL,34
831,RODRIGO,34
831,SOL,34
831,TREY,34
848,ABEL,33
848,ADEM,33
848,AMEEN,33
848,ARMANI,33
848,CAIRO,33
848,DARIN,33
848,DEWI,33
848,FRANKY,33
848,FREDERIC,33
848,HUNTER,33
848,HUSSEIN,33
848,IFAN,33
848,IHSAN,33
848,JOAO,33
848,LEWIE,33
848,MOHAMAD,33
848,MOHSIN,33
848,RONALD,33
848,SAHIB,33
848,STANISLAW,33
868,ALVIN,32
868,CAINE,32
868,DAWSON,32
868,DEEN,32
868,DUNCAN,32
868,EBEN,32
868,EMERSON,32
868,FRANCESCO,32
868,JAIDON,32
868,JUDAH,32
868,KAYNE,32
868,MARVIN,32
868,NABEEL,32
868,SACHIN,32
868,SAMUAL,32
868,SPIKE,32
884,ANDREI,31
884,BAYLEY,31
884,CLARK,31
884,JAYDEN-LEE,31
884,JEFFREY,31
884,JONTY,31
884,KARAN,31
884,KENNETH,31
884,KOREY,31
884,LENNIE,31
884,LUC,31
884,MIKAIL,31
884,MURRAY,31
884,NANA,31
884,OSMAN,31
884,RAFI,31
884,RAYHAAN,31
884,TAI,31
884,TAYLER,31
884,ZAKARY,31
904,ADYAN,30
904,ALLAN,30
904,ASAD,30
904,BRYCE,30
904,EFE,30
904,EMANUEL,30
904,EOGHAN,30
904,FINTAN,30
904,GAVIN,30
904,LOUI,30
904,NEEL,30
904,NELSON,30
904,PADDY,30
904,PIERS,30
904,RAEES,30
904,RAJAN,30
904,SULTAN,30
904,TERENCE,30
904,TYMON,30
923,ABDUR,29
923,AMEER,29
923,DALTON,29
923,DAMON,29
923,ELIOT,29
923,GARETH,29
923,HADLEY,29
923,HARLEE,29
923,JAX,29
923,JOVAN,29
923,KABIR,29
923,KAYA,29
923,KAYLAN,29
923,LAITH,29
923,LEWYS,29
923,LORCAN,29
923,MEHMET,29
923,REMY,29
923,SUNNY,29
923,TOBEY,29
923,WILLEM,29
944,ABDUR-RAHMAN,28
944,ALEXANDRU,28
944,AMOS,28
944,AXEL,28
944,BRENDON,28
944,CARLTON,28
944,DAN,28
944,DIVINE,28
944,EFAN,28
944,ERNIE,28
944,FAIZAAN,28
944,HAMMAD,28
944,HAYDON,28
944,HUMZA,28
944,IDREES,28
944,ISHAN,28
944,KASPER,28
944,MARWAN,28
944,MITCHEL,28
944,SEAMUS,28
944,SHAH,28
944,SHAYE,28
944,TAIO,28
944,TARIQ,28
944,TORIN,28
944,TYSON,28
944,VIKTOR,28
944,ZANDER,28
972,AAHIL,27
972,ABUBAKR,27
972,AHSAN,27
972,AKRAM,27
972,ALEJANDRO,27
972,ANDERSON,27
972,BENAS,27
972,BRETT,27
972,CHACE,27
972,CORBIN,27
972,DARCY,27
972,DARRAGH,27
972,ELISHA,27
972,EMILE,27
972,ENOCH,27
972,FENTON,27
972,GRAYSON,27
972,HUZAIFA,27
972,JUAN,27
972,KASIM,27
972,KEANU,27
972,LLEYTON,27
972,MAKENZIE,27
972,MANVEER,27
972,MAYSON,27
972,MIKHAIL,27
972,MONTAGUE,27
972,MUHAMED,27
972,PHARRELL,27
972,PRESLEY,27
972,SACHA,27
972,SAYED,27
972,SID,27
972,SOREN,27
972,WALTER,27
972,ZACHERY,27
1008,ABDULAHI,26
1008,ABDULAZIZ,26
1008,AHAD,26
1008,BRANDON-LEE,26
1008,CALLAN,26
1008,CHAD,26
1008,FAISAL,26
1008,FINDLAY,26
1008,HAROLD,26
1008,HARVEY-LEE,26
1008,HERBERT,26
1008,HUSEYIN,26
1008,JOHN-PAUL,26
1008,KEENAN,26
1008,LUCIEN,26
1008,LUCUS,26
1008,LUKASZ,26
1008,MAHAD,26
1008,MEHDI,26
1008,MIKAEL,26
1008,RAJVEER,26
1008,ROY,26
1008,SHILOH,26
1008,WADE,26
1008,YOSEF,26
1033,AARIZ,25
1033,AARUSH,25
1033,ARCHER,25
1033,ARVIN,25
1033,ASHDON,25
1033,BRADEN,25
1033,CAMPBELL,25
1033,CORBAN,25
1033,ESSA,25
1033,FEDERICO,25
1033,GIANLUCA,25
1033,HAMID,25
1033,HUZAIFAH,25
1033,INIGO,25
1033,JAMIL,25
1033,JAXSON,25
1033,KAIRON,25
1033,KEON,25
1033,KIEREN,25
1033,KUSH,25
1033,KYMANI,25
1033,LANCE,25
1033,MEKHI,25
1033,OLUWATOBI,25
1033,RICHIE,25
1033,SAEED,25
1033,SANTINO,25
1033,SHIVAM,25
1033,SOHAIL,25
1033,TEEJAY,25
1033,VALENTINO,25
1033,YEHUDA,25
1033,YOUSAF,25
1033,YOUSSEF,25
1067,ADEEL,24
1067,ANISH,24
1067,ARIEL,24
1067,ARYA,24
1067,BRANDAN,24
1067,CARWYN,24
1067,CAVAN,24
1067,COSMO,24
1067,DANYL,24
1067,DARWIN,24
1067,ESHAAN,24
1067,FAHIM,24
1067,FREDRICK,24
1067,HAIDEN,24
1067,HAKEEM,24
1067,HARMAN,24
1067,HISHAM,24
1067,IOLO,24
1067,ISSA,24
1067,JORDON,24
1067,JULIUS,24
1067,KAIDAN,24
1067,KODI,24
1067,MALCOLM,24
1067,MANRAJ,24
1067,MIKAEEL,24
1067,MILOSZ,24
1067,PRANAV,24
1067,RYDER,24
1067,TEO,24
1067,ZACHARIAS,24
1067,ZOHAIB,24
1099,AADI,23
1099,AARAN,23
1099,ABDURAHMAN,23
1099,ALBY,23
1099,ALEXIS,23
1099,ALFIE-LEE,23
1099,ANIS,23
1099,AUSTEN,23
1099,AVI,23
1099,AYDAN,23
1099,CARLO,23
1099,DENNY,23
1099,DEREK,23
1099,FARHAAN,23
1099,GRACJAN,23
1099,GRUFFYDD,23
1099,HABIB,23
1099,JOHNATHAN,23
1099,KAIN,23
1099,KEITH,23
1099,KENZI,23
1099,KENZO,23
1099,LEX,23
1099,MACSEN,23
1099,MAHIR,23
1099,MATTHIAS,23
1099,MD,23
1099,NIKOLAI,23
1099,REISS,23
1099,RUAN,23
1099,SEB,23
1099,STEVE,23
1099,YOUSIF,23
1099,ZAKK,23
1133,ABDALLAH,22
1133,ABID,22
1133,AHMET,22
1133,ALASDAIR,22
1133,ALESSIO,22
1133,AMMAAR,22
1133,ARIF,22
1133,BERNARD,22
1133,BOBBIE,22
1133,BORYS,22
1133,BUDDY,22
1133,COEN,22
1133,CONALL,22
1133,DANYAAL,22
1133,DESMOND,22
1133,ELIOTT,22
1133,EPHRAIM,22
1133,FYNLEY,22
1133,GREGOR,22
1133,IZAAN,22
1133,JACQUES,22
1133,JADON,22
1133,JAYLAN,22
1133,KRISHNA,22
1133,LINUS,22
1133,MACAULAY,22
1133,MALAKI,22
1133,MARLON,22
1133,ORIN,22
1133,RAHIM,22
1133,RALPHIE,22
1133,RAVI,22
1133,RYLEIGH,22
1133,SHELDON,22
1133,SHIV,22
1133,SIDDHARTH,22
1133,SULEMAN,22
1133,SULLIVAN,22
1133,THIERRY,22
1133,TYLER-JAY,22
1133,ZAYAAN,22
1133,ZUBAIR,22
1175,ADRIEL,21
1175,AEDAN,21
1175,ALAND,21
1175,ARI,21
1175,ASIM,21
1175,BRAEDEN,21
1175,CAIO,21
1175,CHAIM,21
1175,CORIN,21
1175,DARSH,21
1175,DAYTON,21
1175,ENRIQUE,21
1175,ETIENNE,21
1175,FINNIAN,21
1175,FIONN,21
1175,GILBERT,21
1175,HASHIR,21
1175,HESTON,21
1175,JAWAD,21
1175,JAYSON,21
1175,JETT,21
1175,JIBRIL,21
1175,KAIRO,21
1175,KAYLEN,21
1175,KISHAN,21
1175,KOFI,21
1175,KURT,21
1175,LEROY,21
1175,MAREK,21
1175,NATHANIAL,21
1175,NEHEMIAH,21
1175,ORION,21
1175,PERRY,21
1175,RAFAL,21
1175,REESE,21
1175,REON,21
1175,ROBERTO,21
1175,ROBSON,21
1175,ROMARIO,21
1175,RUAIRI,21
1175,WINSTON,21
1175,ZAVIER,21
1175,ZHI,21
1218,ALEXANDROS,20
1218,AREEB,20
1218,ARYAAN,20
1218,ATTICUS,20
1218,AYAZ,20
1218,BRENNAN,20
1218,CRISTIAN,20
1218,DANE,20
1218,DANISH,20
1218,DARA,20
1218,DONOVAN,20
1218,EDISON,20
1218,FAHEEM,20
1218,GILES,20
1218,GWION,20
1218,HAIDAR,20
1218,HUMPHREY,20
1218,HUSNAIN,20
1218,ISAAK,20
1218,JAEDEN,20
1218,JEM,20
1218,JERRY,20
1218,JIMI,20
1218,JOSEFF,20
1218,KAMRON,20
1218,KASEY,20
1218,KEIR,20
1218,KIYAN,20
1218,LANDON,20
1218,LOKI,20
1218,MAKAI,20
1218,MIKEL,20
1218,MORDECHAI,20
1218,NICK,20
1218,NYLE,20
1218,OCEAN,20
1218,ORAN,20
1218,PAOLO,20
1218,PARKER,20
1218,QAIS,20
1218,REID,20
1218,REO,20
1218,RIZWAN,20
1218,WILF,20
1218,ZACHARIA,20
1218,ZAINE,20
1218,ZI,20
1265,ALBERTO,19
1265,AQIB,19
1265,AUGUSTUS,19
1265,AYOUB,19
1265,BENNY,19
1265,BILAAL,19
1265,BORIS,19
1265,CYPRIAN,19
1265,DAWOOD,19
1265,ENES,19
1265,ENRICO,19
1265,FRANCISCO,19
1265,GIAN,19
1265,HAO,19
1265,IRFAN,19
1265,JONATHON,19
1265,KAJETAN,19
1265,KEREM,19
1265,KEYAN,19
1265,KINGSTON,19
1265,KWAME,19
1265,LINDEN,19
1265,MAXIME,19
1265,NAYAN,19
1265,NICKY,19
1265,NORBERT,19
1265,OLE,19
1265,SAI,19
1265,SALEH,19
1265,SARIM,19
1265,SHAURYA,19
1265,TAHIR,19
1265,TYREESE,19
1265,WALEED,19
1265,YUSEF,19
1265,ZACKERY,19
1265,ZAKARIYYA,19
1302,ANEES,18
1302,ANEURIN,18
1302,ANTOINE,18
1302,AQEEL,18
1302,ARMANDAS,18
1302,AYYAN,18
1302,AYYUB,18
1302,BARNABAS,18
1302,BARRY,18
1302,BECK,18
1302,BODHI,18
1302,BRANDEN,18
1302,BROOK,18
1302,CORBYN,18
1302,DANIELIUS,18
1302,DOMINYKAS,18
1302,ELVIS,18
1302,FERNANDO,18
1302,ILIAS,18
1302,IMAD,18
1302,JACE,18
1302,JAHEIM,18
1302,JOHANN,18
1302,JULES,18
1302,KAEDEN,18
1302,KALEEM,18
1302,KAYDN,18
1302,KAYSON,18
1302,KOBIE,18
1302,KORNEL,18
1302,LEOPOLD,18
1302,LUCIUS,18
1302,MAHMOUD,18
1302,MANUEL,18
1302,MELVIN,18
1302,MICHEAL,18
1302,MOHAMMOD,18
1302,MUBARAK,18
1302,OM,18
1302,RALF,18
1302,RHYLEE,18
1302,ROKAS,18
1302,RUI,18
1302,SAID,18
1302,SAQIB,18
1302,SHIVEN,18
1302,SHUAIB,18
1302,SUHAIB,18
1302,SUHAYB,18
1302,TAHMID,18
1302,TOBI,18
1302,TRISTEN,18
1302,TYLA,18
1302,WILLOUGHBY,18
1302,YOUCEF,18
1302,ZIYAD,18
1358,AAYUSH,17
1358,ACE,17
1358,AKASH,17
1358,AKSHAY,17
1358,ALFIE-JAMES,17
1358,AMAAR,17
1358,ANWAR,17
1358,ARHAM,17
1358,ARIYAN,17
1358,ATIF,17
1358,BAILEE,17
1358,BARACK,17
1358,BRAIDEN,17
1358,BURHAN,17
1358,CASH,17
1358,CASPIAN,17
1358,COBIE,17
1358,CRISTIANO,17
1358,DANIAL,17
1358,DEIVIDAS,17
1358,DIMITRI,17
1358,DWAYNE,17
1358,EDAN,17
1358,FAIZ,17
1358,GERARD,17
1358,GIANNI,17
1358,GIORGIO,17
1358,HAYTHAM,17
1358,HUEY,17
1358,IVO,17
1358,JAMIE-LEE,17
1358,JAYDEN-JAMES,17
1358,JETHRO,17
1358,JODY,17
1358,KAILAN,17
1358,KALEN,17
1358,KAYLEB,17
1358,KEAGAN,17
1358,KORBEN,17
1358,LEWI,17
1358,MAC,17
1358,MAKSIM,17
1358,MARKO,17
1358,MASSIMO,17
1358,MUBASHIR,17
1358,NAEEM,17
1358,NOA,17
1358,OLUWATOBILOBA,17
1358,PERCY,17
1358,PIERCE,17
1358,RAGHAV,17
1358,RANVEER,17
1358,RHYLEY,17
1358,ROLAND,17
1358,SABIR,17
1358,SERGIO,17
1358,SHAHID,17
1358,SUKHRAJ,17
1358,TAYE,17
1358,TRENT,17
1358,VIVEK,17
1358,WARRICK,17
1358,WIL,17
1358,YASSER,17
1358,YI,17
1358,YOUNES,17
1358,ZAHID,17
1425,AADIL,16
1425,ALEKS,16
1425,AMANI,16
1425,ANDRES,16
1425,ANGAD,16
1425,ANGEL,16
1425,ASHDEN,16
1425,AUBREY,16
1425,BALRAJ,16
1425,BENTLEY,16
1425,CHRISTY,16
1425,CODI,16
1425,DHILAN,16
1425,DIGBY,16
1425,DONTAE,16
1425,EASHAN,16
1425,EBRAHIM,16
1425,GRAHAM,16
1425,GUS,16
1425,HARPER,16
1425,HUGHIE,16
1425,IMAAD,16
1425,JAIDAN,16
1425,JAMAAL,16
1425,JAMESON,16
1425,JARVIS,16
1425,JASKARAN,16
1425,JOWAN,16
1425,KAMARI,16
1425,KAYDAN,16
1425,KING,16
1425,KRIS,16
1425,LARS,16
1425,MACK,16
1425,MATHEUS,16
1425,MATHIAS,16
1425,MATIAS,16
1425,MATT,16
1425,MEMPHIS,16
1425,MOISHE,16
1425,MORRIS,16
1425,MUHSIN,16
1425,MUJTABA,16
1425,NEEV,16
1425,NIAM,16
1425,NIGEL,16
1425,OLLI,16
1425,RAFAY,16
1425,RANVIR,16
1425,RASHID,16
1425,RHILEY,16
1425,RHODRI,16
1425,RIYAD,16
1425,ROHAAN,16
1425,ROSSI,16
1425,SALIM,16
1425,SANJAY,16
1425,SHAHZAIB,16
1425,SHMUEL,16
1425,TALIESIN,16
1425,TAYYAB,16
1425,TJ,16
1425,TOBIASZ,16
1425,TOMMY-LEE,16
1425,TUDOR,16
1425,TYRON,16
1425,USMAAN,16
1425,VAUGHAN,16
1425,ZEKE,16
1494,AAMIR,15
1494,ABDI,15
1494,ABDULLA,15
1494,AERON,15
1494,AHYAN,15
1494,ALBAN,15
1494,ALEKSANDAR,15
1494,ALFIE-JAY,15
1494,ARLEY,15
1494,AUM,15
1494,BLAINE,15
1494,BLUE,15
1494,CAIUS,15
1494,CASS,15
1494,CIERAN,15
1494,CLAY,15
1494,COHAN,15
1494,CONNAH,15
1494,DAANISH,15
1494,DARSHAN,15
1494,DIOGO,15
1494,DONTE,15
1494,EDUARD,15
1494,EMIR,15
1494,ETHEN,15
1494,FINLEE,15
1494,FINNLAY,15
1494,FLOYD,15
1494,GINO,15
1494,GIUSEPPE,15
1494,GRAY,15
1494,GWILYM,15
1494,HAKAN,15
1494,HANAD,15
1494,HENRIK,15
1494,HOLDEN,15
1494,IMMANUEL,15
1494,IZAAC,15
1494,JAIME,15
1494,JAYDN,15
1494,KAIDON,15
1494,KAVAN,15
1494,KENAN,15
1494,KHAI,15
1494,KYREN,15
1494,LOGHAN,15
1494,MAHMOOD,15
1494,MANAV,15
1494,MARIUS,15
1494,MICAIAH,15
1494,MICKEY,15
1494,MIKE,15
1494,NIHAAL,15
1494,NOAM,15
1494,NOOR,15
1494,OREN,15
1494,PIRAN,15
1494,RENE,15
1494,ROHIT,15
1494,RUARI,15
1494,RUDRA,15
1494,SHAYDEN,15
1494,SINAN,15
1494,TIM,15
1494,TOMMIE,15
1494,UBAID,15
1494,UBAYD,15
1494,UMER,15
1494,WEN,15
1494,WILBUR,15
1494,YISROEL,15
1494,ZAKARIAH,15
1494,ZAYNE,15
1494,ZEPHANIAH,15
1568,ABDULMALIK,14
1568,AKEEL,14
1568,ALBI,14
1568,AMRIT,14
1568,ARIN,14
1568,ARNAS,14
1568,ARNOLD,14
1568,AYMEN,14
1568,AZAN,14
1568,AZEEM,14
1568,BABY,14
1568,BAXTER,14
1568,BLAZE,14
1568,BRODEY,14
1568,CHANCE,14
1568,CLEMENT,14
1568,CONAN,14
1568,DIESEL,14
1568,DINO,14
1568,DON,14
1568,DONALD,14
1568,DOVYDAS,14
1568,DYLLAN,14
1568,ELWOOD,14
1568,FERDINAND,14
1568,GERALD,14
1568,GORDON,14
1568,GRANT,14
1568,GRIFFIN,14
1568,HARLAN,14
1568,HARLEM,14
1568,HARLOW,14
1568,HARSH,14
1568,HARVEER,14
1568,HAYYAN,14
1568,HORATIO,14
1568,HUXLEY,14
1568,IVOR,14
1568,JABIR,14
1568,JAE,14
1568,JEDIDIAH,14
1568,JOHANNES,14
1568,KALEM,14
1568,KALVIN,14
1568,KEALAN,14
1568,KODIE,14
1568,LEIF,14
1568,LLEWELYN,14
1568,LYLE,14
1568,MAHAMED,14
1568,MALEK,14
1568,MARCIN,14
1568,MARCOS,14
1568,MATEUS,14
1568,MATTIAS,14
1568,MAURICE,14
1568,MIRZA,14
1568,OWYN,14
1568,PATRIK,14
1568,PAVAN,14
1568,QUENTIN,14
1568,RHYAN,14
1568,RHYDIAN,14
1568,RISHAN,14
1568,SAIFULLAH,14
1568,SALAHUDDIN,14
1568,SHAI,14
1568,SHAKEEL,14
1568,SHIMON,14
1568,STAN,14
1568,STEPHAN,14
1568,TALHAH,14
1568,TANVIR,14
1568,TOBIE,14
1568,TREVOR,14
1568,VIHAAN,14
1568,WALID,14
1568,WASSIM,14
1568,YACINE,14
1568,YANIS,14
1568,YASSIN,14
1649,ABDIMALIK,13
1649,ADRIANO,13
1649,ALPHA,13
1649,ANEEQ,13
1649,ANSH,13
1649,ARMANDO,13
1649,AYHAM,13
1649,AYUUB,13
1649,BARAN,13
1649,BARTEK,13
1649,BJORN,13
1649,BLESSING,13
1649,BODIE,13
1649,BOYD,13
1649,BRAD,13
1649,BRAY,13
1649,BUSTER,13
1649,CAELEN,13
1649,CEM,13
1649,COBEY,13
1649,COLTON,13
1649,CULLEN,13
1649,DARRELL,13
1649,DENVER,13
1649,DEVIN,13
1649,DHILLON,13
1649,EESAA,13
1649,ELIEZER,13
1649,ELYAS,13
1649,EUGENE,13
1649,FRAISER,13
1649,FRANKLYN,13
1649,GEOFFREY,13
1649,GETHYN,13
1649,GIACOMO,13
1649,GRUFFUDD,13
1649,HAL,13
1649,HAMAD,13
1649,HANI,13
1649,HOWARD,13
1649,HUSAM,13
1649,IGNACY,13
1649,ILYA,13
1649,ISHAAQ,13
1649,JAIVEER,13
1649,JAMEEL,13
1649,JAVIER,13
1649,JEAN,13
1649,JIM,13
1649,JOAQUIN,13
1649,JOBY,13
1649,JOHNNIE,13
1649,JOSHUA-JAMES,13
1649,JULIEN,13
1649,KAL-EL,13
1649,KAMAL,13
1649,KASHIF,13
1649,KENZIE-LEE,13
1649,KHALED,13
1649,KIE,13
1649,KRISTOPHER,13
1649,KSAWERY,13
1649,LAWAND,13
1649,LEANDRO,13
1649,LIONEL,13
1649,LOCHLANN,13
1649,LUI,13
1649,MANNY,13
1649,MASON-LEE,13
1649,MAZIN,13
1649,MIROSLAV,13
1649,MUNEEB,13
1649,NADIR,13
1649,NASEEM,13
1649,OZAN,13
1649,OZZY,13
1649,PREM,13
1649,RAHEEL,13
1649,RAMI,13
1649,RANULPH,13
1649,RAYYAAN,13
1649,SAFWAAN,13
1649,SALAH,13
1649,SAWYER,13
1649,SHREYAS,13
1649,SOHAN,13
1649,SOUL,13
1649,SULEIMAN,13
1649,TEJAS,13
1649,TERRENCE,13
1649,TIERNAN,13
1649,TIMUR,13
1649,TINASHE,13
1649,TRAE,13
1649,UTHMAN,13
1649,UZAYR,13
1649,VALENTINE,13
1649,YAD,13
1649,ZEBEDEE,13
1649,ZIA,13
1749,ADEEB,12
1749,AFFAN,12
1749,AKHIL,12
1749,AL,12
1749,AMR,12
1749,ANDERS,12
1749,ARAV,12
1749,ART,12
1749,AUSTYN,12
1749,BARIS,12
1749,BASIL,12
1749,BLU,12
1749,BRENDEN,12
1749,CAILEN,12
1749,CALE,12
1749,CASSIAN,12
1749,CASSIDY,12
1749,CAYDON,12
1749,CLARKE,12
1749,COBEN,12
1749,COBI,12
1749,CORDELL,12
1749,DANIELS,12
1749,DANIIL,12
1749,DOUGIE,12
1749,DYFAN,12
1749,EDUARDO,12
1749,EESAH,12
1749,EHSAAN,12
1749,EMLYN,12
1749,EWEN,12
1749,EYAD,12
1749,FELIPE,12
1749,FRAIZER,12
1749,FRANCO,12
1749,GLEN,12
1749,GURVEER,12
1749,GUTO,12
1749,HAMDAN,12
1749,HARRIE,12
1749,HARVIE,12
1749,HASSAAN,12
1749,IAGO,12
1749,ISHMAEL,12
1749,ISIAH,12
1749,IZAK,12
1749,JAIDEEP,12
1749,JAYAN,12
1749,JOZEF,12
1749,JUJHAR,12
1749,KAIRAN,12
1749,KAISER,12
1749,KARSON,12
1749,KAZI,12
1749,KENLEY,12
1749,KHALEEL,12
1749,KIRILL,12
1749,KONNOR,12
1749,KORAY,12
1749,KORI,12
1749,KRISTUPAS,12
1749,LAITON,12
1749,LEELAND,12
1749,LUCAN,12
1749,LUIGI,12
1749,MARTYN,12
1749,MCCAULEY,12
1749,MCKENZIE-LEE,12
1749,MOEEZ,12
1749,MOOSA,12
1749,MUAD,12
1749,MURPHY,12
1749,MURTAZA,12
1749,MUSTAPHA,12
1749,MYRON,12
1749,NAVRAJ,12
1749,NIKO,12
1749,NILE,12
1749,OLUWADAMILOLA,12
1749,PRAISE,12
1749,RAEF,12
1749,RAIYAN,12
1749,RAMIN,12
1749,RAMONE,12
1749,REUBAN,12
1749,REYHAN,12
1749,RIYAN,12
1749,ROGAN,12
1749,RONI,12
1749,ROSCOE,12
1749,RYAAN,12
1749,SASHA,12
1749,SAXON,12
1749,SHOAIB,12
1749,SHREY,12
1749,SIDDHANT,12
1749,SOHAIB,12
1749,SUHAIL,12
1749,SYON,12
1749,TADHG,12
1749,TALAL,12
1749,TEMILOLUWA,12
1749,THOM,12
1749,UMUT,12
1749,VALENTIN,12
1749,VINAY,12
1749,VIVAAN,12
1749,WARWICK,12
1749,YOUNIS,12
1749,ZAKARIYAH,12
1859,AADIT,11
1859,ABU-BAKR,11
1859,ADNAAN,11
1859,ALEXEI,11
1859,ALFI,11
1859,ALVARO,11
1859,ANAND,11
1859,ANAY,11
1859,ARASH,11
1859,ARCHY,11
1859,ARLEN,11
1859,ARMAND,11
1859,ARTIN,11
1859,ASHAZ,11
1859,ASHRAF,11
1859,AYRTON,11
1859,AZLAN,11
1859,BAYLEE,11
1859,BLAISE,11
1859,BLAZEJ,11
1859,BRODEN,11
1859,BRONSON,11
1859,CEDRIC,11
1859,CINAR,11
1859,CJ,11
1859,CONAL,11
1859,COREY-LEE,11
1859,DARIAN,11
1859,DARIO,11
1859,DARNELL,11
1859,DARYL,11
1859,DAUD,11
1859,DAVEY,11
1859,DERRY,11
1859,DESTINY,11
1859,DEVONTE,11
1859,DRAKE,11
1859,EAMONN,11
1859,EARL,11
1859,EBAN,11
1859,EBRIMA,11
1859,EDDY,11
1859,ENIS,11
1859,FABIEN,11
1859,FARRELL,11
1859,FINNEGAN,11
1859,FREDERIK,11
1859,GAVRIEL,11
1859,GERRARD,11
1859,GULED,11
1859,HADYN,11
1859,HANIF,11
1859,HARLEY-JAY,11
1859,HUSAYN,11
1859,HYWEL,11
1859,IMRAAN,11
1859,INDIANA,11
1859,IONUT,11
1859,JACEK,11
1859,JACKY,11
1859,JAD,11
1859,JAEDON,11
1859,JALAL,11
1859,JARRED,11
1859,KAIF,11
1859,KAIYAN,11
1859,KALUM,11
1859,KAYAN,11
1859,KESHAV,11
1859,KHYAN,11
1859,KIEFER,11
1859,KILLIAN,11
1859,KORY,11
1859,LARRY,11
1859,LEBRON,11
1859,LINDON,11
1859,LOGAN-JAY,11
1859,LOIC,11
1859,LUCAS-JAMES,11
1859,LYNDEN,11
1859,MALACHAI,11
1859,MARSHAL,11
1859,MARTY,11
1859,MAXX,11
1859,MAXYMILIAN,11
1859,MIRAN,11
1859,MOSTAFA,11
1859,NASIR,11
1859,NILS,11
1859,NIYAM,11
1859,NOLAN,11
1859,OLUWANIFEMI,11
1859,PACEY,11
1859,PARIS,11
1859,PARSA,11
1859,PASCAL,11
1859,RAHAT,11
1859,RAIHAAN,11
1859,REEF,11
1859,REEVE,11
1859,RIAD,11
1859,RICCO,11
1859,RIDLEY,11
1859,RION,11
1859,ROGER,11
1859,SAIM,11
1859,SALEM,11
1859,SAMEE,11
1859,SHAQUILLE,11
1859,SUDAIS,11
1859,SULIMAN,11
1859,TAMEEM,11
1859,THEOPHILUS,11
1859,TIGER,11
1859,TRISTON,11
1859,TZVI,11
1859,VISHNU,11
1859,YAKUB,11
1859,ZAEEM,11
1859,ZAHIR,11
1859,ZAYYAN,11
1859,ZIDAN,11
1981,ABDUL-RAHMAN,10
1981,ACER,10
1981,ADEMOLA,10
1981,ADHAM,10
1981,AJ,10
1981,ALEEM,10
1981,ALEKSANDR,10
1981,ALIX,10
1981,ANMOL,10
1981,ARKADIUSZ,10
1981,ASTIN,10
1981,AVROHOM,10
1981,AZIM,10
1981,AZIZ,10
1981,BAILY,10
1981,BERAT,10
1981,BO,10
1981,BRENT,10
1981,CARRICK,10
1981,CHAY,10
1981,CHAYSE,10
1981,CHRISTOS,10
1981,CLINTON,10
1981,COURTNEY,10
1981,DAKOTA,10
1981,DAMION,10
1981,DANI,10
1981,DAVI,10
1981,DERI,10
1981,DEVEN,10
1981,DEVRAN,10
1981,DOUGAL,10
1981,DUANE,10
1981,DUSAN,10
1981,DYLON,10
1981,ED,10
1981,EKIN,10
1981,EMMETT,10
1981,ERDEM,10
1981,ESAH,10
1981,FAREED,10
1981,FARID,10
1981,FENN,10
1981,FINNAN,10
1981,FINTON,10
1981,FURKAN,10
1981,GAEL,10
1981,GEORGI,10
1981,GODWIN,10
1981,HAADI,10
1981,HAASHIM,10
1981,HAMAAD,10
1981,HAMED,10
1981,HARVEY-JAY,10
1981,HARVIN,10
1981,HENDRIX,10
1981,IHSAAN,10
1981,IMAAN,10
1981,INDIE,10
1981,IRA,10
1981,ISAC,10
1981,ISLAM,10
1981,J,10
1981,JACOBY,10
1981,JASIM,10
1981,JAYCE,10
1981,JONJO,10
1981,JUSTICE,10
1981,KADYN,10
1981,KAILUM,10
1981,KALAN,10
1981,KARANVEER,10
1981,KASON,10
1981,KASRA,10
1981,KAVIN,10
1981,KEIGAN,10
1981,KELAN,10
1981,KHIZAR,10
1981,KIEN,10
1981,KION,10
1981,KWADWO,10
1981,LAKE,10
1981,LAYTH,10
1981,LEYLAND,10
1981,MADOC,10
1981,MAHER,10
1981,MANVIR,10
1981,MARLOW,10
1981,MATTIA,10
1981,MERT,10
1981,MICKY,10
1981,MIHIR,10
1981,MOHIB,10
1981,MUAAD,10
1981,MUHAMAD,10
1981,MURAT,10
1981,NAMAN,10
1981,NAVEED,10
1981,NAVID,10
1981,NEAL,10
1981,NIKOLA,10
1981,NISHAN,10
1981,ODIN,10
1981,OTHNIEL,10
1981,PA,10
1981,PARAM,10
1981,PRANAY,10
1981,PRATHAM,10
1981,PTOLEMY,10
1981,QUINCY,10
1981,RAHIL,10
1981,RAHMAN,10
1981,RAIFE,10
1981,RAJVIR,10
1981,RAZA,10
1981,RIAZ,10
1981,RIDWAAN,10
1981,RILEE,10
1981,ROMERO,10
1981,RONAK,10
1981,RUBIN,10
1981,SENAN,10
1981,SHUAYB,10
1981,SIRAJ,10
1981,T-JAY,10
1981,TANAKA,10
1981,TANISH,10
1981,TAYLOR-JAY,10
1981,THAI,10
1981,TOMMASO,10
1981,TRE,10
1981,TYRAN,10
1981,VAUGHN,10
1981,VISHAL,10
1981,VRAJ,10
1981,WASEEM,10
1981,WASIM,10
1981,YAHYE,10
1981,YAQOOB,10
1981,YECHIEL,10
1981,ZAKARIYE,10
1981,ZEB,10
1981,ZECHARIAH,10
1981,ZEPHAN,10
1981,ZIGGY,10
2126,AASIM,9
2126,ABDULRAHEEM,9
2126,ABHINAV,9
2126,ABRAR,9
2126,ABUL,9
2126,ADAR,9
2126,ADEL,9
2126,ADI,9
2126,AHNAF,9
2126,AKIVA,9
2126,ALEK,9
2126,ALFIE-JOE,9
2126,ALISTER,9
2126,ALLEN,9
2126,AMANVEER,9
2126,AMIT,9
2126,ANDREY,9
2126,AODHAN,9
2126,AREN,9
2126,ARSALAAN,9
2126,ARSALAN,9
2126,ARSH,9
2126,ATA,9
2126,AUGUSTIN,9
2126,AUGUSTINE,9
2126,AZAM,9
2126,BENITO,9
2126,BILL,9
2126,BRADLEE,9
2126,BRAE,9
2126,BROCK,9
2126,BRYNLEY,9
2126,BRYNN,9
2126,CADAN,9
2126,CAEDEN,9
2126,CALAN,9
2126,CAMDEN,9
2126,CEZARY,9
2126,CHENG,9
2126,CHUKWUEMEKA,9
2126,CLAUDE,9
2126,CLAUDIO,9
2126,CODY-LEE,9
2126,CONSTANTIN,9
2126,CORNELIUS,9
2126,D'ANDRE,9
2126,DAANYAAL,9
2126,DAKSH,9
2126,DAREN,9
2126,DARRYL,9
2126,DAX,9
2126,DEIMANTAS,9
2126,DEIO,9
2126,DEMARCO,9
2126,DENZIL,9
2126,DERIN,9
2126,DEVANSH,9
2126,DEVANTE,9
2126,DILRAJ,9
2126,DOMANTAS,9
2126,DOMAS,9
2126,DOV,9
2126,EBENEZER,9
2126,EDDISON,9
2126,EHAN,9
2126,ELVIN,9
2126,EMILIS,9
2126,EVIN,9
2126,FARES,9
2126,FARLEY,9
2126,FINLEIGH,9
2126,FLORIN,9
2126,FUAD,9
2126,FURQAN,9
2126,GRIFF,9
2126,GUILHERME,9
2126,GURPREET,9
2126,HAKIM,9
2126,HAMSA,9
2126,HARLEY-JAMES,9
2126,HARLIE,9
2126,HATIM,9
2126,HAYDAR,9
2126,HEZEKIAH,9
2126,HOWIE,9
2126,IAIN,9
2126,IANTO,9
2126,IOSIF,9
2126,JACY,9
2126,JASE,9
2126,JASRAJ,9
2126,JAY-JAY,9
2126,JAYKE,9
2126,JAYLEE,9
2126,JIAN,9
2126,JIN,9
2126,JOACHIM,9
2126,JOHNSON,9
2126,JOTHAM,9
2126,JUNAYD,9
2126,KACEY,9
2126,KADAN,9
2126,KAISON,9
2126,KALIB,9
2126,KAYSAN,9
2126,KEEAN,9
2126,KEMAR,9
2126,KEVINAS,9
2126,KHIZER,9
2126,KIEAN,9
2126,KIRK,9
2126,KLAYTON,9
2126,KOLE,9
2126,KYDEN,9
2126,KYMARNI,9
2126,LEIGH,9
2126,LEMAR,9
2126,LEMUEL,9
2126,LESLIE,9
2126,LEWIN,9
2126,LUAN,9
2126,LUCIANO,9
2126,MALI,9
2126,MALICK,9
2126,MANSOUR,9
2126,MARKAS,9
2126,MARLEE,9
2126,MARLIE,9
2126,MATEEN,9
2126,MAWGAN,9
2126,MAXIMO,9
2126,MEER,9
2126,MEIR,9
2126,MENACHEM,9
2126,MILLAN,9
2126,MOHID,9
2126,MOHIT,9
2126,MUADH,9
2126,NAOD,9
2126,NARAYAN,9
2126,NAZIM,9
2126,NEVAN,9
2126,NII,9
2126,NISHAAN,9
2126,NIZAR,9
2126,OBI,9
2126,OLI,9
2126,OLIWER,9
2126,OLUWATIMILEHIN,9
2126,OLUWATIMILEYIN,9
2126,OSSIAN,9
2126,OTHMAN,9
2126,PADRAIG,9
2126,PAULO,9
2126,PIERRE,9
2126,PRZEMYSLAW,9
2126,QUINTON,9
2126,RAFFAELE,9
2126,RAMAN,9
2126,RISHAB,9
2126,ROMAAN,9
2126,RONALDO,9
2126,SAAHIL,9
2126,SAHIR,9
2126,SALMAAN,9
2126,SAMAD,9
2126,SAMY,9
2126,SHALOM,9
2126,SHLOIME,9
2126,SINA,9
2126,STEWART,9
2126,STIRLING,9
2126,STORM,9
2126,TAIT,9
2126,TATENDA,9
2126,TAY,9
2126,TAYLOR-JAMES,9
2126,TAYO,9
2126,THOR,9
2126,TJAY,9
2126,TOLUWALASE,9
2126,VANSH,9
2126,VARUN,9
2126,VINCENZO,9
2126,VIRAJ,9
2126,YAN,9
2126,YIGIT,9
2126,YOEL,9
2126,YUSAF,9
2126,ZAYDAN,9
2126,ZEN,9
2126,ZINEDINE,9
2318,AADITYA,8
2318,ABDIRAHIM,8
2318,ABDUL-MALIK,8
2318,ABDUR-RAHMAAN,8
2318,ABYAN,8
2318,ADITHYA,8
2318,AGASTYA,8
2318,AIMAN,8
2318,AKBAR,8
2318,AKIL,8
2318,ALFIE-JACK,8
2318,ALIEU,8
2318,AMANDEEP,8
2318,ARAS,8
2318,ARDIL,8
2318,ARNIE,8
2318,ASHTON-LEE,8
2318,ASHVIN,8
2318,ASWIN,8
2318,AUGUSTAS,8
2318,BASIT,8
2318,BENSON,8
2318,BENYAMIN,8
2318,BINYAMIN,8
2318,BOAZ,8
2318,BOBBI,8
2318,BROOKE,8
2318,BURAK,8
2318,CAIAN,8
2318,CALLAM,8
2318,CAOLAN,8
2318,CAYLEM,8
2318,CECIL,8
2318,CESAR,8
2318,CHARLEE,8
2318,CHARLIE-JAMES,8
2318,CHARLIE-JAY,8
2318,COLLINS,8
2318,CONNOR-JAMES,8
2318,CONSTANTINE,8
2318,DAVIDE,8
2318,DEMETRI,8
2318,DESHAWN,8
2318,DIMITRIOS,8
2318,DOMINICK,8
2318,DONELL,8
2318,DONNIE,8
2318,DOVID,8
2318,DUKE,8
2318,DYLAN-JAMES,8
2318,EAMON,8
2318,EDIZ,8
2318,EDWYN,8
2318,EIFION,8
2318,ELIAN,8
2318,ELIO,8
2318,ERFAN,8
2318,ERIKAS,8
2318,ERIS,8
2318,FAARIS,8
2318,FARAI,8
2318,FILIPPO,8
2318,FINIAN,8
2318,FLINT,8
2318,FLYN,8
2318,FOX,8
2318,FREDRIK,8
2318,GASPARD,8
2318,GEORGIOS,8
2318,GIL,8
2318,GLENN,8
2318,GWYDION,8
2318,HANZALAH,8
2318,HARJOT,8
2318,HAROUN,8
2318,HARRY-JAMES,8
2318,HARVIR,8
2318,HAYDER,8
2318,IKE,8
2318,IKECHUKWU,8
2318,IKENNA,8
2318,IKRAM,8
2318,INDY,8
2318,ISAK,8
2318,IZAIAH,8
2318,JADYN,8
2318,JAHSIAH,8
2318,JAIRAJ,8
2318,JASDEEP,8
2318,JAVON,8
2318,JAYCOB,8
2318,JAYDEE,8
2318,JAYJAY,8
2318,JAYME,8
2318,JAYMIE,8
2318,JEFFERSON,8
2318,JEFFERY,8
2318,JEVAN,8
2318,JO,8
2318,JONNIE,8
2318,JORDY,8
2318,JOSHAN,8
2318,KAEL,8
2318,KAILEM,8
2318,KAILEN,8
2318,KAINAN,8
2318,KALE,8
2318,KANYE,8
2318,KASH,8
2318,KASPAR,8
2318,KAVI,8
2318,KAYDEN-LEE,8
2318,KAYHAN,8
2318,KEAN,8
2318,KELSON,8
2318,KERIM,8
2318,KESTER,8
2318,KEYON,8
2318,KLAIDAS,8
2318,KOBEY,8
2318,KODEY,8
2318,KSAWIER,8
2318,KWAKU,8
2318,KYRELL,8
2318,KYRESE,8
2318,LABEEB,8
2318,LATHAM,8
2318,LEESON,8
2318,LIBAN,8
2318,LLION,8
2318,LOGUN,8
2318,LOWEN,8
2318,MAAZ,8
2318,MADISON,8
2318,MAKSYM,8
2318,MALAKIE,8
2318,MALIQUE,8
2318,MANI,8
2318,MARCELL,8
2318,MARLY,8
2318,MAZEN,8
2318,MERLIN,8
2318,MIKA,8
2318,MIR,8
2318,MOISE,8
2318,MOIZ,8
2318,MUHANAD,8
2318,NAITIK,8
2318,NASSIM,8
2318,NAVEEN,8
2318,NIAL,8
2318,NICKOLAS,8
2318,NIKOLAOS,8
2318,NUH,8
2318,NYASHA,8
2318,OLIVER-JAMES,8
2318,OLUWADEMILADE,8
2318,OLUWASEMILORE,8
2318,OLUWASEYI,8
2318,OLUWATOMIWA,8
2318,ONUR,8
2318,PARTH,8
2318,PAVEL,8
2318,PEARCE,8
2318,PEYTON,8
2318,PIETRO,8
2318,QUINLAN,8
2318,RAIDEN,8
2318,RAIF,8
2318,RAMZI,8
2318,RED,8
2318,REILEY,8
2318,REMELL,8
2318,RICCARDO,8
2318,RILEY-JAMES,8
2318,RILEY-JAY,8
2318,RISHABH,8
2318,RITHIK,8
2318,RODNEY,8
2318,ROME,8
2318,SAIFAN,8
2318,SAMARTH,8
2318,SEWERYN,8
2318,SHAHEER,8
2318,SHAKIR,8
2318,SHAYA,8
2318,SHEIK,8
2318,SOFIAN,8
2318,SOHAM,8
2318,SUFIAN,8
2318,T,8
2318,TAAHA,8
2318,TADIWA,8
2318,TAMIR,8
2318,TAPIWA,8
2318,TARUN,8
2318,TARYN,8
2318,TAYLA,8
2318,TAYLON,8
2318,TAYYIB,8
2318,TERRELL,8
2318,THIAGO,8
2318,TINOTENDA,8
2318,TOMMI,8
2318,TRAI,8
2318,TREVON,8
2318,TWM,8
2318,TYRELLE,8
2318,VASILE,8
2318,VEDANT,8
2318,VIR,8
2318,WEI,8
2318,WILIAM,8
2318,YACOUB,8
2318,YAW,8
2318,YISHAI,8
2318,YITZCHOK,8
2318,YONATAN,8
2318,YONIS,8
2318,YOUNUS,8
2318,YUG,8
2318,YUSHA,8
2318,ZACHARIE,8
2318,ZEESHAAN,8
2318,ZEPH,8
2318,ZESHAN,8
2544,AARNAV,7
2544,ABD,7
2544,ABDUL-RAHEEM,7
2544,ABDULKADIR,7
2544,ABDULWAHAB,7
2544,ABDURRAHMAAN,7
2544,ADAN,7
2544,ADONIS,7
2544,ADRIEN,7
2544,AHARON,7
2544,AIDYN,7
2544,AKEEM,7
2544,AKIRA,7
2544,ALEXI,7
2544,ALEXZANDER,7
2544,ALFREDO,7
2544,ALFY,7
2544,AMARII,7
2544,AMEN,7
2544,AMINE,7
2544,ANAKIN,7
2544,ANDREJ,7
2544,ANEIRIN,7
2544,ANESU,7
2544,ANIL,7
2544,ANUJ,7
2544,ANZAR,7
2544,ARAM,7
2544,ARCHEY,7
2544,ARIA,7
2544,ARION,7
2544,ARIS,7
2544,ARLIE,7
2544,ARMINAS,7
2544,ARONAS,7
2544,ARUSH,7
2544,ARYEH,7
2544,ASH,7
2544,ASHA,7
2544,ASLAN,7
2544,AURELIEN,7
2544,AXL,7
2544,AYOBAMI,7
2544,AZHAR,7
2544,BADEN,7
2544,BAILIE,7
2544,BALTHAZAR,7
2544,BAY,7
2544,BENIAMIN,7
2544,BENJI,7
2544,BERNIE,7
2544,BILLY-JOE,7
2544,BLADE,7
2544,BOBBY-JOE,7
2544,BOBBY-LEE,7
2544,BODE,7
2544,BOLUWATIFE,7
2544,BOWEN,7
2544,BRADLEIGH,7
2544,BRAYAN,7
2544,BRINLEY,7
2544,BURHANUDDIN,7
2544,CAESAR,7
2544,CAILAN,7
2544,CAN,7
2544,CAVEN,7
2544,CAYDAN,7
2544,CHARLY,7
2544,CHAYCE,7
2544,CHEN,7
2544,COEL,7
2544,COLBIE,7
2544,CYNAN,7
2544,DAITON,7
2544,DALEY,7
2544,DANIELE,7
2544,DANIYAAL,7
2544,DANNY-LEE,7
2544,DASHIELL,7
2544,DEIAN,7
2544,DEMPSEY,7
2544,DENAS,7
2544,DEVESH,7
2544,DOMONIC,7
2544,EDON,7
2544,EDOUARD,7
2544,EGE,7
2544,ELJAY,7
2544,ELLISON,7
2544,EMAD,7
2544,EMIRHAN,7
2544,EMRAN,7
2544,EMRYS,7
2544,ERION,7
2544,EVANS,7
2544,FARDEEN,7
2544,FAWWAZ,7
2544,FINAN,7
2544,FINBAR,7
2544,FLORIAN,7
2544,FYNNLEY,7
2544,GABRIELE,7
2544,GAGE,7
2544,GAIUS,7
2544,GAURAV,7
2544,GEORDIE,7
2544,GIO,7
2544,GONCALO,7
2544,GRADY,7
2544,GRZEGORZ,7
2544,GURJOT,7
2544,GURMAN,7
2544,GURSHAAN,7
2544,HAAZIQ,7
2544,HARON,7
2544,HARSHIL,7
2544,HUMZAH,7
2544,HUSSNAIN,7
2544,INAYAT,7
2544,IOANNIS,7
2544,ISAM,7
2544,IYAD,7
2544,JAMEL,7
2544,JAVAN,7
2544,JERMAIN,7
2544,JESSIE,7
2544,JOAB,7
2544,JOBAN,7
2544,JOLYON,7
2544,JON-PAUL,7
2544,JORDEN,7
2544,JULIO,7
2544,JULIUSZ,7
2544,KADIR,7
2544,KAIUS,7
2544,KALEL,7
2544,KASHAN,7
2544,KAYRA,7
2544,KEERAN,7
2544,KEHINDE,7
2544,KENZY,7
2544,KIM,7
2544,KINSLEY,7
2544,KNOX,7
2544,KOHEN,7
2544,KOLBY,7
2544,KORBYN,7
2544,KRYSPIN,7
2544,KUNAL,7
2544,KUSHAL,7
2544,KWABENA,7
2544,KYERON,7
2544,KYREECE,7
2544,KYRO,7
2544,KYSON,7
2544,LAMAR,7
2544,LAURENT,7
2544,LEEROY,7
2544,LELAN,7
2544,LEYLAN,7
2544,LLEWELLYN,7
2544,LLYR,7
2544,LUDOVIC,7
2544,LUQMAAN,7
2544,MABON,7
2544,MACORLEY,7
2544,MALAKYE,7
2544,MANSOOR,7
2544,MANTAS,7
2544,MARCELLO,7
2544,MATHIEU,7
2544,MATIN,7
2544,MAXI,7
2544,MCAULEY,7
2544,MEHRAN,7
2544,MERVYN,7
2544,MIESZKO,7
2544,MUKHTAR,7
2544,MUNASHE,7
2544,MUZAMMIL,7
2544,NAFTALI,7
2544,NAHID,7
2544,NAHUM,7
2544,NAIM,7
2544,NAM,7
2544,NEYO,7
2544,NICOLO,7
2544,NIYAZ,7
2544,NORMAN,7
2544,NOUR,7
2544,OBINNA,7
2544,OLAMILEKAN,7
2544,OLUWADAMILARE,7
2544,ORRIN,7
2544,OUSMAN,7
2544,OZZIE,7
2544,PANASHE,7
2544,PAPA,7
2544,PERRAN,7
2544,PRABHJOT,7
2544,PRAVEEN,7
2544,RADOSLAW,7
2544,RAM,7
2544,RAMY,7
2544,RANDY,7
2544,RARES,7
2544,RAZVAN,7
2544,REED,7
2544,REES,7
2544,REIS,7
2544,ROARY,7
2544,ROHAT,7
2544,RONEL,7
2544,RONIN,7
2544,SAFI,7
2544,SAJAD,7
2544,SAKSHAM,7
2544,SALVATORE,7
2544,SAMIULLAH,7
2544,SAMMI,7
2544,SAN,7
2544,SEYED,7
2544,SHAFI,7
2544,SHAHEEN,7
2544,SHAKIL,7
2544,SHAKUR,7
2544,SHAMARI,7
2544,SHAMAS,7
2544,SHAN,7
2544,SHENG,7
2544,SHIA,7
2544,SHLOMO,7
2544,SONNI,7
2544,SUFIYAN,7
2544,SURAJ,7
2544,SYD,7
2544,SYLVESTER,7
2544,SYRUS,7
2544,TADIWANASHE,7
2544,TAFARA,7
2544,TAHEEM,7
2544,TAJUS,7
2544,TAKUDZWA,7
2544,TALAN,7
2544,TAMER,7
2544,TANNER,7
2544,TAO,7
2544,TARIK,7
2544,TASEEN,7
2544,TAWHID,7
2544,TEGAN,7
2544,TEMITAYO,7
2544,TEVEZ,7
2544,THEODOR,7
2544,THIBAULT,7
2544,THOMAS-JAY,7
2544,TIAN,7
2544,TIBOR,7
2544,TOBIN,7
2544,TOLUWANI,7
2544,TOLUWANIMI,7
2544,TRISTIAN,7
2544,TRISTYN,7
2544,UMAYR,7
2544,URIEL,7
2544,UTHMAAN,7
2544,UWAIS,7
2544,VED,7
2544,VIJAY,7
2544,VIKRAM,7
2544,VIREN,7
2544,VLADIMIR,7
2544,WILFRID,7
2544,WILLIS,7
2544,WISDOM,7
2544,WREN,7
2544,YAAKOV,7
2544,YACOB,7
2544,YAHIA,7
2544,YANNICK,7
2544,YANNIS,7
2544,YASSINE,7
2544,YAZAN,7
2544,YEHOSHUA,7
2544,YUNIS,7
2544,YUSIF,7
2544,ZAIN-UL-ABIDEEN,7
2544,ZEPHYR,7
2544,ZEV,7
2544,ZIAD,7
2544,ZIDANE,7
2544,ZISHAN,7
2544,ZOHAIR,7
2837,ABAAN,6
2837,ABASS,6
2837,ABDALLA,6
2837,ABDOULIE,6
2837,ABDULMAJID,6
2837,ABDULSAMAD,6
2837,ABDUS,6
2837,ABHAY,6
2837,ABHIRAM,6
2837,ABRAHIM,6
2837,ADARSH,6
2837,ADEDAMOLA,6
2837,ADIY,6
2837,ADRIJUS,6
2837,AHREN,6
2837,AILBE,6
2837,AINSLEY,6
2837,AJANI,6
2837,AKSEL,6
2837,AKSHAT,6
2837,ALEXANDR,6
2837,ALFIE-RAY,6
2837,ALFONSO,6
2837,ALPEREN,6
2837,ANDI,6
2837,ANDRZEJ,6
2837,ANTWON,6
2837,ARDI,6
2837,ARIZ,6
2837,ARREN,6
2837,ARSHAN,6
2837,ARTEM,6
2837,ASHAR,6
2837,ASHLEE,6
2837,ASIF,6
2837,AUGUST,6
2837,AVERY,6
2837,AVRAM,6
2837,AVTAR,6
2837,BAILEY-JAMES,6
2837,BARDIA,6
2837,BARTHOLOMEW,6
2837,BASHIR,6
2837,BASSAM,6
2837,BAWAN,6
2837,BEAR,6
2837,BELAL,6
2837,BENCE,6
2837,BERNARDO,6
2837,BERTRAM,6
2837,BHAVYA,6
2837,BILLIE,6
2837,BINYOMIN,6
2837,BLEU,6
2837,BODEN,6
2837,BOGDAN,6
2837,BORAN,6
2837,BOSTON,6
2837,BRET,6
2837,CADYN,6
2837,CAIDAN,6
2837,CALLEN,6
2837,CALLUM-JAMES,6
2837,CAMILO,6
2837,CASIMIR,6
2837,CELYN,6
2837,CHAI,6
2837,CHARLIE-RAY,6
2837,CHARLTON,6
2837,CHINEDU,6
2837,CHRISTIANO,6
2837,CHUKWUDI,6
2837,CIARON,6
2837,COLM,6
2837,CONNAGH,6
2837,CONNOR-LEE,6
2837,CORRAN,6
2837,D'ANGELO,6
2837,DANIEL-JAMES,6
2837,DANILO,6
2837,DANYAR,6
2837,DAVY,6
2837,DAYYAN,6
2837,DEAKON,6
2837,DEANDRE,6
2837,DEEP,6
2837,DEMARI,6
2837,DERMOT,6
2837,DERREN,6
2837,DEVONTAE,6
2837,DHYEY,6
2837,DRAVEN,6
2837,EATHAN,6
2837,EDVINAS,6
2837,EL,6
2837,ELIE,6
2837,ELIYOHU,6
2837,ELY,6
2837,EMILS,6
2837,ERNESTO,6
2837,ERON,6
2837,ESTEBAN,6
2837,ETHAN-LEE,6
2837,EVREN,6
2837,EYTHAN,6
2837,FABRICIO,6
2837,FAROOQ,6
2837,FARREN,6
2837,FARRIS,6
2837,FAUSTAS,6
2837,FIDEL,6
2837,FILIPE,6
2837,FINDLEY,6
2837,FINNBAR,6
2837,FIYINFOLUWA,6
2837,FLAVIO,6
2837,FORTUNE,6
2837,FOSTER,6
2837,FRANKI,6
2837,FRANKIE-LEE,6
2837,FRASIER,6
2837,FRAZIER,6
2837,GABE,6
2837,GEORGIO,6
2837,GHULAM,6
2837,GURDEEP,6
2837,GURJEEVAN,6
2837,GURKIRAT,6
2837,HABEEB,6
2837,HANNAN,6
2837,HARDY,6
2837,HARITH,6
2837,HARLEN,6
2837,HARLEY-JOE,6
2837,HARNOOR,6
2837,HARTLEY,6
2837,HARVEY-JAMES,6
2837,HASHAM,6
2837,HASNAT,6
2837,HAYDEN-LEE,6
2837,HAYDYN,6
2837,HENOK,6
2837,HENRIQUE,6
2837,HERSHEL,6
2837,HIMMAT,6
2837,HIRO,6
2837,HISHAAM,6
2837,HRITHIK,6
2837,HUSAIN,6
2837,IBAAD,6
2837,IBUKUNOLUWA,6
2837,IDRISS,6
2837,ILAN,6
2837,ILYAAS,6
2837,ILYES,6
2837,INNES,6
2837,IONATAN,6
2837,ISAAM,6
2837,ISAAQ,6
2837,ISACC,6
2837,ISHER,6
2837,ISRAR,6
2837,JABEZ,6
2837,JABRIL,6
2837,JACOB-JAMES,6
2837,JAHARI,6
2837,JAHZIAH,6
2837,JAIDYN,6
2837,JAMAINE,6
2837,JARELL,6
2837,JARON,6
2837,JAYEN,6
2837,JESPER,6
2837,JEVON,6
2837,JIYAN,6
2837,JOHNATHON,6
2837,JOJO,6
2837,JUDD,6
2837,JUSTINAS,6
2837,KAEDON,6
2837,KAELEN,6
2837,KAITO,6
2837,KALUB,6
2837,KASPARAS,6
2837,KAYLIB,6
2837,KAZIM,6
2837,KEANAN,6
2837,KELECHI,6
2837,KELLEN,6
2837,KELLY,6
2837,KELSEY,6
2837,KESHAWN,6
2837,KHAN,6
2837,KHUSH,6
2837,KIDUS,6
2837,KITT,6
2837,KLEVIS,6
2837,KOEN,6
2837,KONNER,6
2837,KONSTANTIN,6
2837,KRISTERS,6
2837,KYI,6
2837,KYNAN,6
2837,LAKSH,6
2837,LANDEN,6
2837,LATHAN,6
2837,LAYLAN,6
2837,LEANDER,6
2837,LEEVI,6
2837,LEILAND,6
2837,LEONEL,6
2837,LEV,6
2837,LINCON,6
2837,LONDON,6
2837,MAHAMMED,6
2837,MAHIN,6
2837,MAMADOU,6
2837,MARIAN,6
2837,MARIOS,6
2837,MARLI,6
2837,MARTIM,6
2837,MARTYNAS,6
2837,MATEJ,6
2837,MATHIS,6
2837,MATTI,6
2837,MATTY,6
2837,MATUS,6
2837,MATYAS,6
2837,MAXIMOS,6
2837,MESHACH,6
2837,MESSI,6
2837,MIHAI,6
2837,MIKHAEL,6
2837,MIKKEL,6
2837,MILAD,6
2837,MILEY,6
2837,MING,6
2837,MIRAJ,6
2837,MITCH,6
2837,MOMIN,6
2837,MORTIMER,6
2837,MUAAZ,6
2837,MUAZ,6
2837,MUEEZ,6
2837,MUHAMMAD-ALI,6
2837,MUJAHID,6
2837,MUNIR,6
2837,MURAD,6
2837,MUS'AB,6
2837,MUZZAMMIL,6
2837,NADEEM,6
2837,NALI,6
2837,NESTOR,6
2837,NEVIN,6
2837,NIKLAS,6
2837,NOMAN,6
2837,NUMAAN,6
2837,NUMAIR,6
2837,NUMAN,6
2837,NYE,6
2837,O'SHEA,6
2837,OAK,6
2837,OLAOLUWA,6
2837,OLUWAFERANMI,6
2837,OLUWASEUN,6
2837,OMARIO,6
2837,OMARION,6
2837,ONDREJ,6
2837,OREOLUWA,6
2837,OSCA,6
2837,PAISLEY,6
2837,PAVANDEEP,6
2837,PAYTON,6
2837,PEREZ,6
2837,PIP,6
2837,RAI,6
2837,RAJ,6
2837,RAMADAN,6
2837,RAMAZAN,6
2837,RAMEL,6
2837,RAMIRO,6
2837,RAMSEY,6
2837,RASHEED,6
2837,RATU,6
2837,RAUF,6
2837,RAYANE,6
2837,REHMAN,6
2837,REMIGIUSZ,6
2837,RENO,6
2837,RENZO,6
2837,RHIAN,6
2837,RHYLAN,6
2837,RISHON,6
2837,RITCHIE,6
2837,RIYAZ,6
2837,ROMAIN,6
2837,RONNIE-LEE,6
2837,ROWEN,6
2837,RUADHAN,6
2837,RUARIDH,6
2837,RUBAN,6
2837,RUSHIL,6
2837,RYLAND,6
2837,SAABIR,6
2837,SABIAN,6
2837,SAHAL,6
2837,SAKARIYE,6
2837,SAKIB,6
2837,SAMAY,6
2837,SAMET,6
2837,SAMIUL,6
2837,SAMPSON,6
2837,SAMUELE,6
2837,SANTHOSH,6
2837,SAYAN,6
2837,SAYHAN,6
2837,SEMIH,6
2837,SHAD,6
2837,SHAHEEM,6
2837,SHARIF,6
2837,SHAYLAN,6
2837,SHEHRYAR,6
2837,SHLOK,6
2837,SHUBH,6
2837,SHULEM,6
2837,SHYAM,6
2837,SIMBARASHE,6
2837,SIYAM,6
2837,SKY,6
2837,SOMTOCHUKWU,6
2837,STEFANO,6
2837,SUHAAN,6
2837,SUKHVEER,6
2837,SULAIMAAN,6
2837,SULAYMAAN,6
2837,TAILOR,6
2837,TAITE,6
2837,TAMIM,6
2837,TANAY,6
2837,TANMAY,6
2837,TANVEER,6
2837,TANZIL,6
2837,TANZIM,6
2837,TARANVEER,6
2837,TAREK,6
2837,TARRAN,6
2837,TAWANA,6
2837,TAWHEED,6
2837,TAYAN,6
2837,TAYDEN,6
2837,TEE-JAY,6
2837,TEJAY,6
2837,TENDAI,6
2837,TERREL,6
2837,THOMAS-JAMES,6
2837,THOMAS-LEE,6
2837,TIMO,6
2837,TIMOTEI,6
2837,TISHAN,6
2837,TOLGA,6
2837,TYLAH,6
2837,TYLAN,6
2837,TYRHYS,6
2837,UCHECHUKWU,6
2837,UDAY,6
2837,USAYD,6
2837,VIGGO,6
2837,VINCE,6
2837,VINICIUS,6
2837,VITO,6
2837,VLADISLAV,6
2837,WASIF,6
2837,WOODROW,6
2837,YAMEEN,6
2837,YASSIR,6
2837,YUAN,6
2837,ZACARY,6
2837,ZACKARIYA,6
2837,ZADE,6
2837,ZAIDEN,6
2837,ZAKERY,6
2837,ZE,6
2837,ZED,6
2837,ZEYAD,6
2837,ZHENG,6
2837,ZORAN,6
2837,ZUBAYR,6
2837,ZUBIN,6
2837,ZURIEL,6
2837,ZVI,6
3227,AABAN,5
3227,AAQIB,5
3227,AAQIL,5
3227,AARIAN,5
3227,AARIYAN,5
3227,AASHIR,5
3227,AAYAAN,5
3227,ABAS,5
3227,ABDOULAYE,5
3227,ABDULAH,5
3227,ABDULBASIT,5
3227,ABDULHAMEED,5
3227,ABDULKAREEM,5
3227,ABDUR-RAHEEM,5
3227,ABE,5
3227,ABHIRAJ,5
3227,ABIR,5
3227,ABISHAN,5
3227,ABUBAKER,5
3227,ADAS,5
3227,ADEBAYO,5
3227,ADIB,5
3227,AFOLABI,5
3227,AFONSO,5
3227,AIDEN-JAMES,5
3227,AIDEN-LEE,5
3227,AL-AMIN,5
3227,ALARIC,5
3227,ALBION,5
3227,ALEKSEI,5
3227,ALES,5
3227,ALEXANDRO,5
3227,ALEXEY,5
3227,ALF,5
3227,ALFEE,5
3227,ALISDAIR,5
3227,ALPHIE,5
3227,ALUN,5
3227,AMARNI,5
3227,AMBROSE,5
3227,AMJAD,5
3227,AMMAN,5
3227,AMOGH,5
3227,ANGE,5
3227,ANH,5
3227,ANIKET,5
3227,ANOOP,5
3227,ANSON,5
3227,ARCHI,5
3227,ARCHIE-LEE,5
3227,ARCHIT,5
3227,ARES,5
3227,ARFAN,5
3227,ARHUM,5
3227,ARIC,5
3227,ARIE,5
3227,ARLAN,5
3227,ARLIND,5
3227,ARMIN,5
3227,ARO,5
3227,ARTURO,5
3227,ASHIR,5
3227,ASHKAN,5
3227,ASHLEIGH,5
3227,ASTEN,5
3227,ATEEB,5
3227,ATHARV,5
3227,AUDEN,5
3227,AURELIO,5
3227,AVRAHAM,5
3227,AWAB,5
3227,AYMAAN,5
3227,AZZAM,5
3227,BADER,5
3227,BENAIAH,5
3227,BENN,5
3227,BENOIT,5
3227,BERTRAND,5
3227,BERZAN,5
3227,BEVAN,5
3227,BILLY-RAY,5
3227,BLANE,5
3227,BRADLY,5
3227,BRAIDON,5
3227,BRAM,5
3227,BRANDONLEE,5
3227,BRYSON,5
3227,BURHAAN,5
3227,C,5
3227,CAIDON,5
3227,CAIRAN,5
3227,CALIN,5
3227,CAM'RON,5
3227,CAMRAN,5
3227,CANAAN,5
3227,CEEJAY,5
3227,CELT,5
3227,CHANDLER,5
3227,CHI,5
3227,CHIDI,5
3227,CHIMAOBI,5
3227,CHUKWUMA,5
3227,CLYDE,5
3227,CONNA,5
3227,CORNELL,5
3227,CUBA,5
3227,CY,5
3227,CYRIL,5
3227,DAANYAL,5
3227,DAIYAN,5
3227,DALLAS,5
3227,DAMARIO,5
3227,DAMIR,5
3227,DANILA,5
3227,DANY,5
3227,DAREEN,5
3227,DASHIEL,5
3227,DAVID-JAMES,5
3227,DAWIT,5
3227,DAYAN,5
3227,DAYNTON,5
3227,DE,5
3227,DEJON,5
3227,DEJUAN,5
3227,DEMETRIOS,5
3227,DEMETRIUS,5
3227,DENISLAV,5
3227,DHYAN,5
3227,DIGGORY,5
3227,DIXON,5
3227,DONAEO,5
3227,DONNACHA,5
3227,DONTAY,5
3227,DRE,5
3227,DRU,5
3227,DUDLEY,5
3227,EASA,5
3227,EASON,5
3227,EDI,5
3227,EDOARDO,5
3227,EDSON,5
3227,EESHAN,5
3227,EIMANTAS,5
3227,ELGAN,5
3227,ELIAH,5
3227,ELLERY,5
3227,ELLIAS,5
3227,ELOHIM,5
3227,EMMERSON,5
3227,ENDRIT,5
3227,ERAY,5
3227,ERGUN,5
3227,ERIN,5
3227,ESAM,5
3227,EXAUCE,5
3227,FAHD,5
3227,FALLON,5
3227,FARAZ,5
3227,FARHAD,5
3227,FAVOUR,5
3227,FERDAWS,5
3227,FERGAL,5
3227,FINLEY-JAMES,5
3227,FINNIGAN,5
3227,FIONNLAGH,5
3227,FIRAS,5
3227,FLAVIUS,5
3227,FLINN,5
3227,FRANEK,5
3227,FRANKEY,5
3227,FREDDI,5
3227,FURQAAN,5
3227,FYFE,5
3227,GABRIELIS,5
3227,GABRIELIUS,5
3227,GARRY,5
3227,GERAINT,5
3227,GERRY,5
3227,GIOVANI,5
3227,GIVEN,5
3227,GODFREY,5
3227,GRANTAS,5
3227,GRIFFYDD,5
3227,GULAM,5
3227,GUSTAS,5
3227,GUSTAV,5
3227,GUSTAVO,5
3227,HAAMID,5
3227,HADEN,5
3227,HADRIAN,5
3227,HALEN,5
3227,HALIT,5
3227,HALLAM,5
3227,HAMD,5
3227,HAMILTON,5
3227,HAMMAAD,5
3227,HAMZE,5
3227,HAN,5
3227,HANS,5
3227,HANSON,5
3227,HANZALA,5
3227,HARISH,5
3227,HARJAN,5
3227,HARLEY-RAY,5
3227,HARRISON-LEE,5
3227,HARSHAL,5
3227,HARUKI,5
3227,HASAAN,5
3227,HASHEM,5
3227,HERKUS,5
3227,HILMI,5
3227,HOANG,5
3227,HONG,5
3227,IBRAAHEEM,5
3227,IBRAHEM,5
3227,IGNACIO,5
3227,IGNAS,5
3227,IJAZ,5
3227,IKER,5
3227,IMAN,5
3227,INDRA,5
3227,ISHMAIL,5
3227,ITAI,5
3227,IWO,5
3227,IZAC,5
3227,JABARI,5
3227,JACOPO,5
3227,JAFAR,5
3227,JAHEEM,5
3227,JAHMAI,5
3227,JAHMAL,5
3227,JAHMARI,5
3227,JAIMIE,5
3227,JAKSON,5
3227,JALEN,5
3227,JAMAR,5
3227,JARROD,5
3227,JASPREET,5
3227,JAVANNI,5
3227,JAVID,5
3227,JAY-LEE,5
3227,JAYE,5
3227,JAYMES,5
3227,JEDD,5
3227,JEDIAH,5
3227,JEHU,5
3227,JELANI,5
3227,JERICHO,5
3227,JERRELL,5
3227,JIBRAN,5
3227,JOAKIM,5
3227,JOAQUIM,5
3227,JOASH,5
3227,JOB,5
3227,JOBE,5
3227,JORDAN-LEE,5
3227,JOSHUAH,5
3227,JOSS,5
3227,JOSUE,5
3227,JUBRIL,5
3227,JUSTAS,5
3227,KAIZER,5
3227,KALIM,5
3227,KALLAN,5
3227,KALLEN,5
3227,KAMAAL,5
3227,KAMREN,5
3227,KARAMVEER,5
3227,KAROLIS,5
3227,KARTAR,5
3227,KARTER,5
3227,KASS,5
3227,KAYDE,5
3227,KAYNAN,5
3227,KEANO,5
3227,KEERAT,5
3227,KEGAN,5
3227,KEIAN,5
3227,KELLAN,5
3227,KEMAL,5
3227,KEN,5
3227,KENDALL,5
3227,KENECHUKWU,5
3227,KEONI,5
3227,KHYE,5
3227,KIELAN,5
3227,KIERAN-LEE,5
3227,KIMANI,5
3227,KIRIN,5
3227,KOBEN,5
3227,KODEE,5
3227,KORDIAN,5
3227,KRAY,5
3227,KRISTOFER,5
3227,KUDZAI,5
3227,KWESI,5
3227,KY,5
3227,KYDAN,5
3227,KYELAN,5
3227,KYRIACOS,5
3227,KYRUN,5
3227,LABIB,5
3227,LAITEN,5
3227,LAMEK,5
3227,LEALAN,5
3227,LESTER,5
3227,LEUAN,5
3227,LEVI-JAY,5
3227,LEVIN,5
3227,LEVON,5
3227,LIVIO,5
3227,LLYWELYN,5
3227,LORENZ,5
3227,LOUCAS,5
3227,LOUIX,5
3227,LUCIO,5
3227,LUKUS,5
3227,LUTHER,5
3227,LYRIC,5
3227,MAANAV,5
3227,MAEL,5
3227,MAHFUZ,5
3227,MAJID,5
3227,MALLY,5
3227,MANAS,5
3227,MANPREET,5
3227,MANU,5
3227,MARCELO,5
3227,MARLO,5
3227,MARLOWE,5
3227,MASOOD,5
3227,MATE,5
3227,MATEI,5
3227,MAVERICK,5
3227,MAYAN,5
3227,MCKENNA,5
3227,MCKYE,5
3227,MD.,5
3227,MENDEL,5
3227,MIAN,5
3227,MICHAEL-LEE,5
3227,MICKAEL,5
3227,MIN,5
3227,MINH,5
3227,MIRON,5
3227,MOHAN,5
3227,MORLEY,5
3227,MOTTY,5
3227,MOUHAMED,5
3227,MOUSA,5
3227,MUAADH,5
3227,MUBARIK,5
3227,MUHANNAD,5
3227,MUIZZ,5
3227,NABIIL,5
3227,NADIM,5
3227,NAFTOLI,5
3227,NAGLIS,5
3227,NAHOM,5
3227,NASH,5
3227,NASSER,5
3227,NICOLAI,5
3227,NIRAV,5
3227,NISHANT,5
3227,NIXON,5
3227,NOE,5
3227,OBED,5
3227,OLAMIDE,5
3227,OLANREWAJU,5
3227,OLAYINKA,5
3227,OLUWAKAYODE,5
3227,OLUWAMAYOWA,5
3227,OMED,5
3227,OPEYEMI,5
3227,ORI,5
3227,ORRY,5
3227,OSKARAS,5
3227,PASHA,5
3227,PEACE,5
3227,PETAR,5
3227,PETE,5
3227,PHILIPPE,5
3227,PHINEAS,5
3227,PRATIK,5
3227,PREET,5
3227,PROMISE,5
3227,PROSPER,5
3227,QAMAR,5
3227,QI,5
3227,QUIN,5
3227,RAAHIL,5
3227,RADIN,5
3227,RADLEY,5
3227,RAHAND,5
3227,RAHEL,5
3227,RAIYAAN,5
3227,RAMSAY,5
3227,RANA,5
3227,RAYNE,5
3227,REI,5
3227,REILY,5
3227,REMEL,5
3227,REN,5
3227,RENAN,5
3227,REYAN,5
3227,REZWAN,5
3227,RHYLIE,5
3227,RICHMOND,5
3227,RIDHA,5
3227,RIELY,5
3227,RIFAT,5
3227,RIHAN,5
3227,RILEY-JOE,5
3227,ROBERTS,5
3227,RODERICK,5
3227,ROMELL,5
3227,RON,5
3227,ROYSTON,5
3227,RUHAN,5
3227,RYU,5
3227,SAAMI,5
3227,SABRI,5
3227,SAIMONAS,5
3227,SALAAR,5
3227,SALAHUDEEN,5
3227,SALAR,5
3227,SALIH,5
3227,SALIK,5
3227,SALVADOR,5
3227,SAMER,5
3227,SAMIH,5
3227,SAMRAJ,5
3227,SAMRATH,5
3227,SANDRO,5
3227,SANDY,5
3227,SARDAR,5
3227,SEBASTIANO,5
3227,SELIM,5
3227,SENNEN,5
3227,SERGE,5
3227,SEYON,5
3227,SHAHEED,5
3227,SHAHMEER,5
3227,SHAKIEL,5
3227,SHAMUS,5
3227,SHAZAIB,5
3227,SHELBY,5
3227,SHRAVAN,5
3227,SHUBHAM,5
3227,SIKANDER,5
3227,SIVAN,5
3227,SKYE,5
3227,SKYLER,5
3227,SOLOMAN,5
3227,SRI,5
3227,STANISLAV,5
3227,SUFIYAAN,5
3227,SUJAY,5
3227,SULEYMAN,5
3227,TAFADZWA,5
3227,TAFARI,5
3227,TAHSEEN,5
3227,TAIWO,5
3227,TAMAS,5
3227,TANJIM,5
3227,TAVONGA,5
3227,TAYLOR-LEE,5
3227,TAYON,5
3227,TAYTE,5
3227,TEEGAN,5
3227,TEILO,5
3227,TEJ,5
3227,TEMITOPE,5
3227,TEODOR,5
3227,TEOMAN,5
3227,TEQUAN,5
3227,TIMMY,5
3227,TINAYE,5
3227,TITAS,5
3227,TITUS,5
3227,TOBENNA,5
3227,TRAFFORD,5
3227,TUCKER,5
3227,TYLAR,5
3227,TYLER-LEE,5
3227,TYRECE,5
3227,TYREE,5
3227,TYRESSE,5
3227,UBAIDULLAH,5
3227,UGNIUS,5
3227,VAKARIS,5
3227,VERNON,5
3227,WAHAB,5
3227,WAHID,5
3227,WARIS,5
3227,XIAO,5
3227,XIN,5
3227,XU,5
3227,YAASIN,5
3227,YAASIR,5
3227,YAIR,5
3227,YAMIN,5
3227,YASER,5
3227,YESHAYA,5
3227,YNYR,5
3227,YOAN,5
3227,YOHAN,5
3227,YURI,5
3227,YUVRAAJ,5
3227,ZACHARIYA,5
3227,ZAKAREEYA,5
3227,ZAKARI,5
3227,ZANA,5
3227,ZARIF,5
3227,ZEUS,5
3227,ZIAN,5
3227,ZUHAYR,5
3744,A-JAY,4
3744,AADEN,4
3744,AALIYAN,4
3744,AARIB,4
3744,AARON-JAMES,4
3744,AARRON,4
3744,AATIF,4
3744,ABAYOMI,4
3744,ABDEL,4
3744,ABDIAZIZ,4
3744,ABDILAHI,4
3744,ABDOUL,4
3744,ABDUL-REHMAN,4
3744,ABDUL-SAMI,4
3744,ABDULHAMID,4
3744,ABDULKARIM,4
3744,ABIOLA,4
3744,ABNER,4
3744,ABSHIR,4
3744,ABU-BAKAR,4
3744,ABUBACARR,4
3744,ABUBAKKAR,4
3744,ABUKAR,4
3744,ABUZAR,4
3744,ACHILLE,4
3744,ADHRIT,4
3744,ADLEY,4
3744,AFRAZ,4
3744,AFZAL,4
3744,AHAMED,4
3744,AHRON,4
3744,AIDAS,4
3744,AIRIDAS,4
3744,AJEET,4
3744,AKAASH,4
3744,AKAIN,4
3744,AKSHIT,4
3744,ALAMIN,4
3744,ALANAS,4
3744,ALBARA,4
3744,ALDEN,4
3744,ALEKSY,4
3744,ALFIE-JAI,4
3744,ALGERNON,4
3744,ALIM,4
3744,ALIREZA,4
3744,ALIYAN,4
3744,ALLY,4
3744,ALONSO,4
3744,ALPHONSE,4
3744,ALWIN,4
3744,ALY,4
3744,ALYAAN,4
3744,AMADOU,4
3744,AMAL,4
3744,AMARE,4
3744,AMARU,4
3744,AMER,4
3744,AMRITPAL,4
3744,ANASHE,4
3744,ANEESH,4
3744,ANIRUDH,4
3744,ANJOLAOLUWA,4
3744,ANKIT,4
3744,ANNAS,4
3744,ANOSH,4
3744,ANSELM,4
3744,ANSHUL,4
3744,ANUOLUWAPO,4
3744,ANWAAR,4
3744,ARA,4
3744,ARAFAT,4
3744,ARAFATH,4
3744,ARAZ,4
3744,ARBER,4
3744,ARCHEE,4
3744,ARDEN,4
3744,AREEZ,4
3744,ARIB,4
3744,ARNAUD,4
3744,ARNO,4
3744,ARNOLDAS,4
3744,ARSHMAN,4
3744,ARSLAN,4
3744,ARUNDEEP,4
3744,ARWEL,4
3744,ASANTE,4
3744,ASHAN,4
3744,ASHON,4
3744,ASSAN,4
3744,ASTON-LEE,4
3744,ATHARVA,4
3744,AURON,4
3744,AVAN,4
3744,AVIK,4
3744,AVIN,4
3744,AVINASH,4
3744,AYODEJI,4
3744,AYOMIKUN,4
3744,AYOOLUWA,4
3744,AZAD,4
3744,AZARIAH,4
3744,AZEEZ,4
3744,BABATUNDE,4
3744,BADR,4
3744,BARNIE,4
3744,BARON,4
3744,BASHAR,4
3744,BAWER,4
3744,BECKETT,4
3744,BEDIRHAN,4
3744,BENEDEK,4
3744,BERKAN,4
3744,BERKAY,4
3744,BILLY-LEE,4
3744,BLEDDYN,4
3744,BLEND,4
3744,BOBBY-JAMES,4
3744,BODI,4
3744,BOSCO,4
3744,BOWIE,4
3744,BRACKEN,4
3744,BRAJAN,4
3744,BRAYDN,4
3744,BROGAN-LEE,4
3744,BROGEN,4
3744,BROOKLIN,4
3744,BRYCHAN,4
3744,C-JAY,4
3744,CAEL,4
3744,CAERWYN,4
3744,CAL,4
3744,CALON,4
3744,CAMERAN,4
3744,CAMRYN,4
3744,CAREY,4
3744,CARLITO,4
3744,CATHAL,4
3744,CAULEY,4
3744,CAVALLI,4
3744,CAVELL,4
3744,CAYLUM,4
3744,CEJAY,4
3744,CELLAN,4
3744,CENGIZ,4
3744,CHAISE,4
3744,CHANIEL,4
3744,CHARLI,4
3744,CHARLIE-GEORGE,4
3744,CHASEY,4
3744,CHEIKH,4
3744,CHIBUEZE,4
3744,CHIEDOZIE,4
3744,CHIGOZIE,4
3744,CHINONSO,4
3744,CHIRAG,4
3744,CHRISTO,4
3744,CHRISTOPHE,4
3744,CIWAN,4
3744,CLINT,4
3744,CLIVE,4
3744,COBAN,4
3744,CODY-JAMES,4
3744,CONLAN,4
3744,CORI,4
3744,CORTEZ,4
3744,CORVIN,4
3744,COSMIN,4
3744,CROYDE,4
3744,CRUZE,4
3744,DAGAN,4
3744,DAHIR,4
3744,DAIJON,4
3744,DAIYAAN,4
3744,DAMEER,4
3744,DANA,4
3744,DANAI,4
3744,DANAS,4
3744,DANIL,4
3744,DANIS,4
3744,DARAGH,4
3744,DARCEY,4
3744,DARIUSH,4
3744,DARRON,4
3744,DARYAN,4
3744,DAVE,4
3744,DAVIAN,4
3744,DAVIE,4
3744,DAVIN,4
3744,DAVION,4
3744,DEACAN,4
3744,DECLYN,4
3744,DEEJAY,4
3744,DELAN,4
3744,DEMARIO,4
3744,DEMBA,4
3744,DEMIR,4
3744,DEMITRI,4
3744,DENTON,4
3744,DEONDRE,4
3744,DESHAUN,4
3744,DEVLIN,4
3744,DEVONTAY,4
3744,DEVRIM,4
3744,DHAIRYA,4
3744,DHARAM,4
3744,DHRU,4
3744,DHYLAN,4
3744,DIAR,4
3744,DIAZ,4
3744,DILLION,4
3744,DILPREET,4
3744,DIMITRIS,4
3744,DJIBRIL,4
3744,DONNELL,4
3744,DORUK,4
3744,DWAIN,4
3744,DYLLON,4
3744,EBON,4
3744,EBUBECHUKWU,4
3744,EDRIC,4
3744,EDRIS,4
3744,EGAN,4
3744,EITAN,4
3744,ELAN,4
3744,ELDON,4
3744,ELHAM,4
3744,ELIA,4
3744,ELION,4
3744,ELISEI,4
3744,ELIYAHU,4
3744,ELNATHAN,4
3744,ELSON,4
3744,EMILIAN,4
3744,EMIN,4
3744,EMYR,4
3744,ENSAR,4
3744,ERJON,4
3744,ERNESTAS,4
3744,ERRON,4
3744,ERWIN,4
3744,ETAN,4
3744,ETHAN-JAMES,4
3744,ETHYN,4
3744,EYTAN,4
3744,EZANA,4
3744,EZRIEL,4
3744,FAAIZ,4
3744,FARAN,4
3744,FARRON,4
3744,FARUQ,4
3744,FARZAD,4
3744,FATEH,4
3744,FAUZAN,4
3744,FAYYAZ,4
3744,FAYZAN,4
3744,FAZAL,4
3744,FELIKS,4
3744,FEROZ,4
3744,FERRAN,4
3744,FIN,4
3744,FIZAAN,4
3744,FIZAN,4
3744,FLORENT,4
3744,FORREST,4
3744,FRANCK,4
3744,FREDDIE-LEE,4
3744,FREDERICO,4
3744,FREEMAN,4
3744,FYN,4
3744,FYNLAY,4
3744,FYNLEE,4
3744,GAGANDEEP,4
3744,GARRETT,4
3744,GAUTAM,4
3744,GAUTHAM,4
3744,GEDEON,4
3744,GENO,4
3744,GIBRIL,4
3744,GIORGI,4
3744,GOVIND,4
3744,GREG,4
3744,GUILLAUME,4
3744,GUNNAR,4
3744,GURCHARAN,4
3744,GURDAS,4
3744,GURSAHIB,4
3744,HAARITH,4
3744,HAASHIR,4
3744,HALEEM,4
3744,HAMDAAN,4
3744,HAMSE,4
3744,HANNES,4
3744,HARKARAN,4
3744,HARMEET,4
3744,HARNEK,4
3744,HARRINGTON,4
3744,HARRY-LEE,4
3744,HARVI,4
3744,HASIB,4
3744,HAYAAN,4
3744,HAYYAAN,4
3744,HAZEM,4
3744,HENRYK,4
3744,HERMAN,4
3744,HERO,4
3744,HERSHY,4
3744,HILAL,4
3744,HIRAD,4
3744,HIREN,4
3744,HOLY,4
3744,HORACE,4
3744,HRIDAY,4
3744,HUDAIFA,4
3744,HUDEYFA,4
3744,HUMAIR,4
3744,HUSAAM,4
3744,HYDER,4
3744,IFEANYICHUKWU,4
3744,IFECHUKWU,4
3744,IGNATIUS,4
3744,IHAB,4
3744,ILIA,4
3744,ILIAN,4
3744,IMANI,4
3744,IMTIAZ,4
3744,IMTIYAZ,4
3744,INDI,4
3744,ION,4
3744,IOSUA,4
3744,ISAAH,4
3744,ISHWAR,4
3744,ISMAILA,4
3744,ISREAL,4
3744,ISSAM,4
3744,JAAN,4
3744,JACEY,4
3744,JACOBUS,4
3744,JAGRAJ,4
3744,JAHID,4
3744,JAHIEM,4
3744,JAHMAR,4
3744,JAHVEL,4
3744,JAIMAN,4
3744,JAIMESON,4
3744,JAIRUS,4
3744,JAMARI,4
3744,JANEK,4
3744,JANOS,4
3744,JARDELL,4
3744,JARRELL,4
3744,JASHAN,4
3744,JASSIM,4
3744,JATIN,4
3744,JAY-JUNIOR,4
3744,JAYCEE,4
3744,JAYDAN-LEE,4
3744,JAYDYN,4
3744,JAZIAH,4
3744,JAZZ,4
3744,JEAN-PAUL,4
3744,JENIL,4
3744,JERAMIAH,4
3744,JERED,4
3744,JESS,4
3744,JET,4
3744,JI,4
3744,JIBRAAN,4
3744,JIMMI,4
3744,JING,4
3744,JOAH,4
3744,JOHNPAUL,4
3744,JOKUBAS,4
3744,JOS,4
3744,JOSEPH-JAMES,4
3744,JOVANI,4
3744,JOVANNI,4
3744,JOVI,4
3744,JOZIAH,4
3744,JOZSEF,4
3744,KACI,4
3744,KAELEB,4
3744,KAIAN,4
3744,KAID,4
3744,KAIS,4
3744,KAISAN,4
3744,KAIYA,4
3744,KAL,4
3744,KARDO,4
3744,KARLTON,4
3744,KARSEN,4
3744,KARTEL,4
3744,KARUM,4
3744,KASPIAN,4
3744,KAYLAM,4
3744,KAYO,4
3744,KAYON,4
3744,KAZUKI,4
3744,KEBBA,4
3744,KEETON,4
3744,KEI,4
3744,KEION,4
3744,KELTON,4
3744,KENAI,4
3744,KENNEDY,4
3744,KENTON,4
3744,KENZIE-JAMES,4
3744,KERIAN,4
3744,KERON,4
3744,KHALIFA,4
3744,KHANG,4
3744,KHUBAIB,4
3744,KHUSHAL,4
3744,KHWAJA,4
3744,KI,4
3744,KIANO,4
3744,KIEGAN,4
3744,KIER,4
3744,KIERNAN,4
3744,KIP,4
3744,KIPP,4
3744,KIRBY,4
3744,KIRIL,4
3744,KIYON,4
3744,KONOR,4
3744,KONSTANTINOS,4
3744,KORBAN,4
3744,KORBIN,4
3744,KOSTAS,4
3744,KRISHIV,4
3744,KUDAKWASHE,4
3744,KUMAIL,4
3744,KYERAN,4
3744,KYLER,4
3744,KYREESE,4
3744,KYREL,4
3744,KYROS,4
3744,LACHLANN,4
3744,LADISLAV,4
3744,LAKEN,4
3744,LAMINE,4
3744,LASHAWN,4
3744,LASZLO,4
3744,LAWRIE,4
3744,LAYLAND,4
3744,LAYTON-LEE,4
3744,LENNI,4
3744,LERON,4
3744,LEVENT,4
3744,LEVI-JAMES,4
3744,LEVY,4
3744,LEWIS-LEE,4
3744,LEWY,4
3744,LIAM-JAMES,4
3744,LIVIU,4
3744,LOCHLAIN,4
3744,LOGAN-JAMES,4
3744,LOGAN-LEE,4
3744,LORD,4
3744,LORIS,4
3744,LOTANNA,4
3744,LOUAY,4
3744,LOUEY,4
3744,LYON,4
3744,MACE,4
3744,MADOX,4
3744,MAHD,4
3744,MAHID,4
3744,MAHMUD,4
3744,MAHMUT,4
3744,MAIWAND,4
3744,MAKAIO,4
3744,MAKS,4
3744,MAKSIMILIAN,4
3744,MALIQ,4
3744,MANNI,4
3744,MARCELLUS,4
3744,MARCIO,4
3744,MARIUSZ,4
3744,MARTINS,4
3744,MASIH,4
3744,MASROOR,4
3744,MASUM,4
3744,MATH,4
3744,MATHYS,4
3744,MATTHIEU,4
3744,MAXIMILIANO,4
3744,MAXIMILIEN,4
3744,MAYANK,4
3744,MCKAI,4
3744,MCKENZI,4
3744,MCKINLEY,4
3744,MEET,4
3744,MELAD,4
3744,MERRICK,4
3744,METIN,4
3744,MICHAEL-JOHN,4
3744,MICHELE,4
3744,MIKAYEEL,4
3744,MIKEE,4
3744,MIKYLE,4
3744,MILEN,4
3744,MILTON,4
3744,MINA,4
3744,MIRACLE,4
3744,MIZAN,4
3744,MOBEEN,4
3744,MOHANAD,4
3744,MOHMMED,4
3744,MOKSH,4
3744,MONTE,4
3744,MONTEL,4
3744,MORDCHE,4
3744,MOTTI,4
3744,MUBEEN,4
3744,MUFARO,4
3744,MUHAMMAD-YUSUF,4
3744,MUHIB,4
3744,MUHMMAD,4
3744,MUSAWER,4
3744,MUSCAB,4
3744,MUSTAFAA,4
3744,MUSTAFE,4
3744,MUZAMEL,4
3744,MUZAMIL,4
3744,MYAN,4
3744,NAFIS,4
3744,NAQEEB,4
3744,NASHE,4
3744,NASIF,4
3744,NASIM,4
3744,NASRI,4
3744,NATHAN-LEE,4
3744,NATHEN,4
3744,NAVJOT,4
3744,NAZAR,4
3744,NEHAN,4
3744,NEIRIN,4
3744,NEWTON,4
3744,NIAH,4
3744,NIDAL,4
3744,NIMA,4
3744,NIRAJ,4
3744,NITHUSHAN,4
3744,NNAMDI,4
3744,NOBLE,4
3744,NUR,4
3744,OAKLEIGH,4
3744,OBIE,4
3744,OCTAVIAN,4
3744,ODHRAN,4
3744,OGHOSA,4
3744,OGUZHAN,4
3744,OLAJIDE,4
3744,OLAJUWON,4
3744,OLALEKAN,4
3744,OLASUBOMI,4
3744,OLIVERS,4
3744,OLLIVER,4
3744,OLSI,4
3744,OLUFEMI,4
3744,OLUWAFEMI,4
3744,OLUWAJOMILOJU,4
3744,OMARIAN,4
3744,OMID,4
3744,OMRAN,4
3744,ORESTAS,4
3744,ORHAN,4
3744,OSHAE,4
3744,OSHAN,4
3744,OSHER,4
3744,OSKA,4
3744,OSSIE,4
3744,OUSAINOU,4
3744,OUSMANE,4
3744,OVIE,4
3744,OZ,4
3744,PAULIE,4
3744,PAULIUS,4
3744,PAVLOS,4
3744,PENIEL,4
3744,PHARELL,4
3744,PHEONIX,4
3744,PHILIPP,4
3744,PIETER,4
3744,PINCHOS,4
3744,PORTER,4
3744,QAYS,4
3744,QAZI,4
3744,RAAHIM,4
3744,RADWAN,4
3744,RAE,4
3744,RAFAN,4
3744,RAFEH,4
3744,RAFID,4
3744,RAHEES,4
3744,RAID,4
3744,RAITH,4
3744,RAJAB,4
3744,RAJDEEP,4
3744,RAKAN,4
3744,RANBIR,4
3744,RAOUF,4
3744,RASHAAN,4
3744,REAGEN,4
3744,REDD,4
3744,REDMOND,4
3744,REDWAN,4
3744,REIGAN,4
3744,REUEL,4
3744,REWAN,4
3744,RHUN,4
3744,RHYLEIGH,4
3744,RIEN,4
3744,RIKARDO,4
3744,RIKU,4
3744,RIORDAN,4
3744,RIPLEY,4
3744,RITESH,4
3744,RITVIK,4
3744,RIYAAN,4
3744,RIZWAAN,4
3744,ROBBY,4
3744,ROBEL,4
3744,ROBERTAS,4
3744,RODDY,4
3744,ROHIN,4
3744,ROJUS,4
3744,ROMANI,4
3744,ROMEY,4
3744,RONIT,4
3744,RORIE,4
3744,ROUX,4
3744,ROWLAND,4
3744,RUSLAN,4
3744,RYDEN,4
3744,RYKER,4
3744,RYSZARD,4
3744,SA'AD,4
3744,SAALIH,4
3744,SADIQ,4
3744,SAFIAN,4
3744,SAGAR,4
3744,SAHAN,4
3744,SAHAND,4
3744,SAHIBJOT,4
3744,SAHR,4
3744,SAJJAD,4
3744,SALAHUDIN,4
3744,SAMAN,4
3744,SAMIT,4
3744,SAMYAR,4
3744,SANAD,4
3744,SANTANA,4
3744,SARAN,4
3744,SARMAD,4
3744,SATNAM,4
3744,SAUD,4
3744,SAYEED,4
3744,SEAN-PAUL,4
3744,SEIF,4
3744,SENNA,4
3744,SERKAN,4
3744,SHADI,4
3744,SHAFIUL,4
3744,SHAHAB,4
3744,SHAHAN,4
3744,SHAHZAIN,4
3744,SHAHZEB,4
3744,SHAKAI,4
3744,SHAZEB,4
3744,SHEMAIAH,4
3744,SHIHAB,4
3744,SHILO,4
3744,SHIVA,4
3744,SHRAY,4
3744,SHRIRAM,4
3744,SHUN,4
3744,SHYNE,4
3744,SIAM,4
3744,SIAVASH,4
3744,SIDAR,4
3744,SIDHARTH,4
3744,SIMAS,4
3744,SIMCHA,4
3744,SIRAAJ,4
3744,SOHRAB,4
3744,SONNY-LEE,4
3744,STAVROS,4
3744,SUBEER,4
3744,SUJAL,4
3744,SUKHDEEP,4
3744,SUNIL,4
3744,SWALEY,4
3744,SYLAR,4
3744,TADGH,4
3744,TAE,4
3744,TAHER,4
3744,TAHSIN,4
3744,TAINE,4
3744,TALEN,4
3744,TALIB,4
3744,TALYN,4
3744,TAMJID,4
3744,TANATSWA,4
3744,TANE,4
3744,TAPIWANASHE,4
3744,TARANVIR,4
3744,TAUHEED,4
3744,TAUSIF,4
3744,TAVIS,4
3744,TAWAN,4
3744,TAWFIQ,4
3744,TAWSEEF,4
3744,TAYLAR,4
3744,TAYYEB,4
3744,TEGH,4
3744,TEGID,4
3744,TEIGAN,4
3744,TEJVEER,4
3744,TEMUJIN,4
3744,TEMUULEN,4
3744,TESLIM,4
3744,THABO,4
3744,THANUSH,4
3744,THARUN,4
3744,TIEN,4
3744,TIMAS,4
3744,TIMOTHEE,4
3744,TINO,4
3744,TIO,4
3744,TION,4
3744,TOBYN,4
3744,TOMI,4
3744,TOR,4
3744,TORBEN,4
3744,TOREN,4
3744,TORRIN,4
3744,TREMAINE,4
3744,TRISTIN,4
3744,TRUMAN,4
3744,TUAN,4
3744,TYLER-JAKE,4
3744,TYRIQUE,4
3744,UBAYDULLAH,4
3744,UGOCHUKWU,4
3744,UGONNA,4
3744,VINAYAK,4
3744,VOLKAN,4
3744,VYOM,4
3744,WAEL,4
3744,WAHEED,4
3744,WAJID,4
3744,WAQAS,4
3744,WITOLD,4
3744,XIAN,4
3744,XZAVIER,4
3744,YAASEEN,4
3744,YACQUB,4
3744,YAQOUB,4
3744,YAROSLAV,4
3744,YIANNIS,4
3744,YING,4
3744,YONI,4
3744,YOSHI,4
3744,ZAAKIR,4
3744,ZACARIAH,4
3744,ZAHER,4
3744,ZAHIN,4
3744,ZAIDAN,4
3744,ZAKARIE,4
3744,ZAKARIYYAH,4
3744,ZAMIN,4
3744,ZAYDEN,4
3744,ZESHAAN,4
3744,ZIAH,4
3744,ZIEMOWIT,4
3744,ZIYAAD,4
3744,ZIYAN,4
3744,ZORAWAR,4
3744,ZSOLT,4
3744,ZUBEYR,4
3744,ZYON,4
4527,A.J.,3
4527,AAHAN,3
4527,AAKARSH,3
4527,AAKASH,3
4527,AAMER,3
4527,AAMIL,3
4527,AAREZ,3
4527,AARSH,3
4527,AARVIN,3
4527,AARYA,3
4527,ABDAL,3
4527,ABDELAZIZ,3
4527,ABDERAHMAN,3
4527,ABDIKARIM,3
4527,ABDILLAHI,3
4527,ABDINASIR,3
4527,ABDIRASHID,3
4527,ABDOU,3
4527,ABDUL-AZIZ,3
4527,ABDUL-HADI,3
4527,ABDUL-RAHIM,3
4527,ABDULAI,3
4527,ABDULAZEEZ,3
4527,ABDULHADI,3
4527,ABDULHAKEEM,3
4527,ABDULHALIM,3
4527,ABDULQADIR,3
4527,ABDULREHMAN,3
4527,ABDUR-RAHIM,3
4527,ABDURRAHEEM,3
4527,ABDURREHMAN,3
4527,ABDUS-SAMAD,3
4527,ABDUSALAM,3
4527,ABED,3
4527,ABHI,3
4527,ABHIJITH,3
4527,ABHISHEK,3
4527,ABIJAH,3
4527,ABINASH,3
4527,ABINESH,3
4527,ABISHEK,3
4527,ABOUBACAR,3
4527,ABU-SUFYAN,3
4527,ADAMAS,3
4527,ADEDAYO,3
4527,ADENIYI,3
4527,ADIE,3
4527,ADISON,3
4527,ADIYAN,3
4527,ADOMAS,3
4527,ADVAIT,3
4527,ADVIK,3
4527,AFNAN,3
4527,AGHA,3
4527,AHSEN,3
4527,AHYAAN,3
4527,AIDON,3
4527,AIRONAS,3
4527,AKIB,3
4527,AKIM,3
4527,AKIN,3
4527,AKSH,3
4527,AKSHAYAN,3
4527,ALBE,3
4527,ALDIN,3
4527,ALDO,3
4527,ALEKSIS,3
4527,ALEND,3
4527,ALENS,3
4527,ALEXANDA,3
4527,ALEXANDAR,3
4527,ALEXANDER-JAMES,3
4527,ALFEY,3
4527,ALFFI,3
4527,ALFIE-JOHN,3
4527,ALFIN,3
4527,ALHAGIE,3
4527,ALHASSAN,3
4527,ALIF,3
4527,ALIN,3
4527,ALISINA,3
4527,ALLAM,3
4527,ALLISTER,3
4527,ALMAN,3
4527,ALMIR,3
4527,ALONZO,3
4527,ALTON,3
4527,ALVY,3
4527,ALWYN,3
4527,AMAAD,3
4527,AMAANI,3
4527,AMAD,3
4527,AMADEUSZ,3
4527,AMADU,3
4527,AMARA,3
4527,AMARDEEP,3
4527,AMARIE,3
4527,AMARO,3
4527,AMAURI,3
4527,AMISH,3
4527,AMITAI,3
4527,AMRAN,3
4527,AMRINDER,3
4527,AN,3
4527,ANATOLE,3
4527,ANDRAS,3
4527,ANDREW-JAMES,3
4527,ANES,3
4527,ANIQ,3
4527,ANISS,3
4527,ANKUSH,3
4527,ANS,3
4527,ANSEL,3
4527,ANTONIOS,3
4527,ARAD,3
4527,ARAF,3
4527,ARBAAZ,3
4527,ARCHIE-JAY,3
4527,AREECE,3
4527,AREEN,3
4527,AREZ,3
4527,ARHAAN,3
4527,ARINZE,3
4527,ARIQ,3
4527,ARISH,3
4527,ARJAY,3
4527,ARMARNI,3
4527,AROS,3
4527,ARRUN,3
4527,ARSHDEEP,3
4527,ARSHIA,3
4527,ARSLAAN,3
4527,ARTIE,3
4527,ARTURS,3
4527,ARVIND,3
4527,ARYAMAN,3
4527,ASAPH,3
4527,ASARU,3
4527,ASER,3
4527,ASGHAR,3
4527,ASHFAQ,3
4527,ASHVEER,3
4527,ASHVIK,3
4527,ASSAD,3
4527,ATREYU,3
4527,ATTILA,3
4527,AURELIUS,3
4527,AURYN,3
4527,AVANEESH,3
4527,AVNEET,3
4527,AWAD,3
4527,AWWAL,3
4527,AYAAT,3
4527,AYHAN,3
4527,AZIAH,3
4527,BABAK,3
4527,BABOUCARR,3
4527,BAHAND,3
4527,BAI,3
4527,BAILEY-RAE,3
4527,BAKARI,3
4527,BALIN,3
4527,BALINT,3
4527,BANUJAN,3
4527,BAPTISTE,3
4527,BARCLAY,3
4527,BAREZ,3
4527,BASEM,3
4527,BASIM,3
4527,BATUHAN,3
4527,BAYDEN,3
4527,BAYLEIGH,3
4527,BEAUMONT,3
4527,BEDE,3
4527,BEDWYR,3
4527,BELIEVE,3
4527,BENDE,3
4527,BENET,3
4527,BENETT,3
4527,BENNETT,3
4527,BENTON,3
4527,BERDAN,3
4527,BEREN,3
4527,BERK,3
4527,BERKE,3
4527,BERT,3
4527,BHARATH,3
4527,BIAGIO,3
4527,BILLAL,3
4527,BILLY-JAY,3
4527,BINYAMEEN,3
4527,BISHOP,3
4527,BLAIZE,3
4527,BLAYNE,3
4527,BLIN,3
4527,BOBBY-JACK,3
4527,BOBBY-JAY,3
4527,BORUCH,3
4527,BOTAN,3
4527,BOWDEN,3
4527,BRAEDAN,3
4527,BRAEDON,3
4527,BRAIDEN-LEE,3
4527,BRAN,3
4527,BRANDYN,3
4527,BRAYDAN,3
4527,BREMNER,3
4527,BRIGHT,3
4527,BRILEY,3
4527,BRYCEN,3
4527,BUKHARI,3
4527,BURTON,3
4527,CADELL,3
4527,CADON,3
4527,CAEDYN,3
4527,CAELEB,3
4527,CAGAN,3
4527,CAGDAS,3
4527,CAILEAN,3
4527,CAILUM,3
4527,CALEM,3
4527,CALEN,3
4527,CALIB,3
4527,CALIX,3
4527,CALLAGHAN,3
4527,CAMERON-JAMES,3
4527,CAMERON-JAY,3
4527,CAMREN,3
4527,CARLIN,3
4527,CARMELO,3
4527,CASTIEL,3
4527,CAYLAN,3
4527,CAYLEB,3
4527,CEBRAIL,3
4527,CEDRICK,3
4527,CHAE,3
4527,CHANNING,3
4527,CHARBEL,3
4527,CHARL,3
4527,CHARLIE-DEAN,3
4527,CHARLIE-JOE,3
4527,CHAUDHRY,3
4527,CHIDERA,3
4527,CHIDIEBERE,3
4527,CHIDOZIE,3
4527,CHIEMEKA,3
4527,CHIKEZIE,3
4527,CHINEDUM,3
4527,CHINOMSO,3
4527,CHISOM,3
4527,CHRISTAN,3
4527,CHUKWUEBUKA,3
4527,CHUKWUKA,3
4527,CHUKWUNONSO,3
4527,CHUN,3
4527,CIANAN,3
4527,CIRO,3
4527,CJAY,3
4527,COADY,3
4527,COBAIN,3
4527,CODEN,3
4527,CODY-JAY,3
4527,CONAGH,3
4527,CONNAR,3
4527,CONNER-LEE,3
4527,CONNOR-JAY,3
4527,CONSTANTINOS,3
4527,CORBON,3
4527,COREE,3
4527,COREY-JAMES,3
4527,CORLEY,3
4527,CORNEL,3
4527,CORRADO,3
4527,COSMOS,3
4527,COWAN,3
4527,CRAWFORD,3
4527,CRISPIN,3
4527,CRUISE,3
4527,CYRYL,3
4527,D'ARCY,3
4527,D'MARCO,3
4527,DAEJON,3
4527,DAHEN,3
4527,DAIRE,3
4527,DAITHI,3
4527,DAIWIK,3
4527,DAJAN,3
4527,DALI,3
4527,DALZIEL,3
4527,DAMANDEEP,3
4527,DAMARI,3
4527,DANIAAL,3
4527,DANIEL-JUNIOR,3
4527,DANTAE,3
4527,DANYLO,3
4527,DAQUAN,3
4527,DAREK,3
4527,DARELL,3
4527,DARIUSZ,3
4527,DARNEL,3
4527,DARON,3
4527,DARRIEN,3
4527,DAVIS,3
4527,DAWDA,3
4527,DAXTON,3
4527,DAYA,3
4527,DAYNE,3
4527,DE'ANDRE,3
4527,DEAKEN,3
4527,DEANO,3
4527,DEEPAK,3
4527,DEEYAN,3
4527,DEIGHTON,3
4527,DEJAUN,3
4527,DEJAY,3
4527,DELANEY,3
4527,DELANO,3
4527,DELIGHT,3
4527,DENBY,3
4527,DENI,3
4527,DENIRO,3
4527,DENNI,3
4527,DENNON,3
4527,DENON,3
4527,DERRON,3
4527,DEVYN,3
4527,DHIR,3
4527,DHIREN,3
4527,DIAMOND,3
4527,DIARMUID,3
4527,DIEZEL,3
4527,DIHAIN,3
4527,DIJON,3
4527,DILEN,3
4527,DIN,3
4527,DINESH,3
4527,DINIS,3
4527,DIONTE,3
4527,DIOR,3
4527,DIVESH,3
4527,DIVYAN,3
4527,DJ,3
4527,DMITRI,3
4527,DOMANIC,3
4527,DONTAYE,3
4527,DORON,3
4527,DRAGOS,3
4527,DRAVID,3
4527,DREN,3
4527,DUY,3
4527,DZIUGAS,3
4527,EARNEST,3
4527,EASTON,3
4527,EDIS,3
4527,EDMOND,3
4527,EFRAIM,3
4527,EGOR,3
4527,EHREN,3
4527,EJAZ,3
4527,EKAM,3
4527,EKENE,3
4527,ELDEN,3
4527,ELDIN,3
4527,ELEAZAR,3
4527,ELIYAH,3
4527,ELLYS,3
4527,ELMER,3
4527,ELROY,3
4527,ELTON,3
4527,EMAAD,3
4527,EMON,3
4527,ENOSH,3
4527,ERAN,3
4527,ERHAN,3
4527,ERICK,3
4527,ERKAN,3
4527,EROS,3
4527,ERVIN,3
4527,ESMOND,3
4527,ESOSA,3
4527,ESPEN,3
4527,ESSAH,3
4527,ESSIEN,3
4527,ETINOSA,3
4527,EVANGELOS,3
4527,EVERT,3
4527,EVON,3
4527,EVYN,3
4527,EYAL,3
4527,EZEL,3
4527,EZRAH,3
4527,FAELAN,3
4527,FAHMID,3
4527,FARDIN,3
4527,FARON,3
4527,FARRAN,3
4527,FARREL,3
4527,FAWAD,3
4527,FAWAZ,3
4527,FAYAZ,3
4527,FAYSAL,3
4527,FEISAL,3
4527,FERHAN,3
4527,FERRIS,3
4527,FINBARR,3
4527,FODAY,3
4527,FORD,3
4527,FOREST,3
4527,FOUAD,3
4527,FRANKE,3
4527,FRANKEE,3
4527,FREDDIE-JAY,3
4527,FREDRIC,3
4527,FRYDERYK,3
4527,GABIN,3
4527,GAD,3
4527,GAIGE,3
4527,GALVIN,3
4527,GARVEY,3
4527,GASTON,3
4527,GED,3
4527,GEORGES,3
4527,GEOVANNI,3
4527,GERRAN,3
4527,GERWYN,3
4527,GETHEN,3
4527,GIBSON,3
4527,GILEAD,3
4527,GILLEN,3
4527,GILLY,3
4527,GLODY,3
4527,GODWILL,3
4527,GOKHAN,3
4527,GORAN,3
4527,GOURAV,3
4527,GRAEME,3
4527,GRAYDON,3
4527,GREGOIRE,3
4527,GREYSON,3
4527,GRIFFITH,3
4527,GRIGORIOS,3
4527,GRIGORIY,3
4527,GUILLERMO,3
4527,GULLIVER,3
4527,GUNEET,3
4527,GUNEY,3
4527,GURINDER,3
4527,GURMAAN,3
4527,GURTEJ,3
4527,GURVIR,3
4527,GVIDAS,3
4527,HABIBULLAH,3
4527,HAFIZ,3
4527,HAGEN,3
4527,HALIL,3
4527,HAMMAM,3
4527,HANAAN,3
4527,HANLEY,3
4527,HARDEEP,3
4527,HARESH,3
4527,HARGUN,3
4527,HARISHAN,3
4527,HARISON,3
4527,HARIZ,3
4527,HARJAS,3
4527,HARJIT,3
4527,HARJOVAN,3
4527,HARJUN,3
4527,HARKEERAT,3
4527,HARLAND,3
4527,HARLEIGH,3
4527,HARLEY-JOHN,3
4527,HARLI,3
4527,HARLY,3
4527,HARMANDEEP,3
4527,HARPREET,3
4527,HARRY-GEORGE,3
4527,HARU,3
4527,HARUUN,3
4527,HARVEE,3
4527,HARVEY-LEIGH,3
4527,HARVINDER,3
4527,HASSAM,3
4527,HASSNAIN,3
4527,HASTYAR,3
4527,HAYAN,3
4527,HAYDAN,3
4527,HAYTHEM,3
4527,HAZIQ,3
4527,HEDD,3
4527,HEDLEY,3
4527,HEITOR,3
4527,HENRICK,3
4527,HENRY-JAMES,3
4527,HET,3
4527,HEWAD,3
4527,HIDEAKI,3
4527,HILTON,3
4527,HIMANSHU,3
4527,HIROTO,3
4527,HOGAN,3
4527,HOSAM,3
4527,HRISHI,3
4527,HUCKLEBERRY,3
4527,HUMAYD,3
4527,HUNAIN,3
4527,HURAIRAH,3
4527,HUSSIEN,3
4527,IASON,3
4527,IBRAR,3
4527,IBTISAM,3
4527,IDRISSA,3
4527,IHTISHAM,3
4527,IJAAZ,3
4527,IKPONMWOSA,3
4527,ILERIOLUWA,3
4527,ILJA,3
4527,ILLYA,3
4527,ILYAN,3
4527,INDER,3
4527,INDERVEER,3
4527,INDIGO,3
4527,INIOLUWA,3
4527,IRVINE,3
4527,IRWIN,3
4527,ISAA,3
4527,ISAH,3
4527,ISHAK,3
4527,ISHVEER,3
4527,ISMA'IL,3
4527,ISMAAEEL,3
4527,ISMAEIL,3
4527,IULIAN,3
4527,IZAN,3
4527,IZAYAH,3
4527,IZHAN,3
4527,IZIAH,3
4527,IZYAAN,3
4527,J-JAY,3
4527,JABER,3
4527,JACEN,3
4527,JACOB-LEE,3
4527,JACOBI,3
4527,JACSON,3
4527,JADAN,3
4527,JADE,3
4527,JAELAN,3
4527,JAHED,3
4527,JAIDEN-LEE,3
4527,JAIDEV,3
4527,JAILEN,3
4527,JAIMIN,3
4527,JAISON,3
4527,JAIYDEN,3
4527,JAKOBI,3
4527,JAKOBY,3
4527,JALAAL,3
4527,JALIL,3
4527,JAMES-DEAN,3
4527,JAMEY,3
4527,JAMIAH,3
4527,JAMIEL,3
4527,JAMIELEE,3
4527,JAMIESON,3
4527,JAMISON,3
4527,JAQUAN,3
4527,JARETH,3
4527,JARNO,3
4527,JAROD,3
4527,JAROSLAV,3
4527,JARRAD,3
4527,JASHANPREET,3
4527,JASKEERAT,3
4527,JASKIRAT,3
4527,JASON-JAMES,3
4527,JATHUSAN,3
4527,JAVELL,3
4527,JAVI,3
4527,JAWAAD,3
4527,JAY-D,3
4527,JAYCEON,3
4527,JAYDEN-JAY,3
4527,JAYDEN-JOHN,3
4527,JAYDEN-LEIGH,3
4527,JAYDEV,3
4527,JAYESH,3
4527,JAYVEER,3
4527,JAYVON,3
4527,JAZIB,3
4527,JEAN-PIERRE,3
4527,JEET,3
4527,JEFF,3
4527,JEHAD,3
4527,JEHOVANI,3
4527,JENISH,3
4527,JEREMI,3
4527,JERIAH,3
4527,JESIAH,3
4527,JESSE-JAMES,3
4527,JIBRAEEL,3
4527,JIBREEL,3
4527,JITESH,3
4527,JJ,3
4527,JOBEY,3
4527,JOBIE,3
4527,JOE-LEWIS,3
4527,JOELL,3
4527,JOEN,3
4527,JOHN-JOSEPH,3
4527,JOHNNY-LEE,3
4527,JOHNY,3
4527,JOLE,3
4527,JONASZ,3
4527,JONATAN,3
4527,JONES,3
4527,JONSON,3
4527,JORAWAR,3
4527,JOSHKUN,3
4527,JOSHUA-JAY,3
4527,JOSIAS,3
4527,JOSUA,3
4527,JOVANNY,3
4527,JOVIN,3
4527,JUNIOR-JAY,3
4527,JURGEN,3
4527,JUSTIN-LEE,3
4527,JUVRAJ,3
4527,K-JAY,3
4527,KA,3
4527,KAAMIL,3
4527,KABEER,3
4527,KAEDYN,3
4527,KAELEM,3
4527,KAELUM,3
4527,KAIDEN-LEE,3
4527,KAIDYN,3
4527,KAIHAN,3
4527,KAII,3
4527,KAILEB,3
4527,KAILLUM,3
4527,KAIM,3
4527,KAINEN,3
4527,KAION,3
4527,KAIREN,3
4527,KAISAAN,3
4527,KALDEN,3
4527,KALEEL,3
4527,KALUP,3
4527,KAMAR,3
4527,KAMARAN,3
4527,KAMEN,3
4527,KANAV,3
4527,KANG,3
4527,KANISHK,3
4527,KAR,3
4527,KARAMVIR,3
4527,KARANDEEP,3
4527,KARDEL,3
4527,KARLO,3
4527,KARLOS,3
4527,KARTHIK,3
4527,KASE,3
4527,KASJAN,3
4527,KASSIUS,3
4527,KATHAN,3
4527,KAVALLI,3
4527,KAVEN,3
4527,KAY,3
4527,KAYAAN,3
4527,KAYCEE,3
4527,KAYEN,3
4527,KAYLON,3
4527,KAYODE,3
4527,KAYWAN,3
4527,KEDUS,3
4527,KEEGAN-LEE,3
4527,KEETAN,3
4527,KEEYAN,3
4527,KEILAN,3
4527,KELLEY,3
4527,KEMARI,3
4527,KENDAL,3
4527,KENDON,3
4527,KENDRICK,3
4527,KENJI,3
4527,KENZIE-JAY,3
4527,KEO,3
4527,KEOGH,3
4527,KEONE,3
4527,KEVELLE,3
4527,KEVON,3
4527,KEWAN,3
4527,KEYLAN,3
4527,KHAALID,3
4527,KHAMANI,3
4527,KHATTAB,3
4527,KHAYA,3
4527,KHI,3
4527,KHIAN,3
4527,KHIYAN,3
4527,KHUZAYMAH,3
4527,KHYBER,3
4527,KHYLE,3
4527,KIA,3
4527,KIAAN,3
4527,KIAM,3
4527,KIEON,3
4527,KIN,3
4527,KINAN,3
4527,KINGDAVID,3
4527,KIO,3
4527,KITO,3
4527,KITSON,3
4527,KIYAAN,3
4527,KLAUDIUSZ,3
4527,KLEDI,3
4527,KLEON,3
4527,KOBAN,3
4527,KOBINA,3
4527,KOBURN,3
4527,KOHL,3
4527,KOJI,3
4527,KOKI,3
4527,KOOPER,3
4527,KORDEL,3
4527,KOREN,3
4527,KORNELIUSZ,3
4527,KOSISOCHUKWU,3
4527,KOUROSH,3
4527,KRISHANTH,3
4527,KRISTAN,3
4527,KRISTEN,3
4527,KRISTOF,3
4527,KRISTOFFER,3
4527,KRRISH,3
4527,KUPAKWASHE,3
4527,KY'MANI,3
4527,KYAS,3
4527,KYEDEN,3
4527,KYON,3
4527,L-JAY,3
4527,LAIRD,3
4527,LAMBROS,3
4527,LAMIN,3
4527,LANDER,3
4527,LATEEF,3
4527,LATIF,3
4527,LATRELL,3
4527,LAWIN,3
4527,LAYNE,3
4527,LAYTON-JAMES,3
4527,LAZAR,3
4527,LAZARUS,3
4527,LEALAND,3
4527,LEANDRE,3
4527,LEDION,3
4527,LEE-JAY,3
4527,LEELAN,3
4527,LEI,3
4527,LEIGHTON-JAMES,3
4527,LEN,3
4527,LENNAN,3
4527,LEO-JAMES,3
4527,LEON-JUNIOR,3
4527,LEONARDAS,3
4527,LEONE,3
4527,LEVENTE,3
4527,LEWIS-JAMES,3
4527,LI,3
4527,LIIBAAN,3
4527,LINDAN,3
4527,LINKON,3
4527,LINTON,3
4527,LJ,3
4527,LLEU,3
4527,LLEW,3
4527,LOGON,3
4527,LOK,3
4527,LONG,3
4527,LORIK,3
4527,LOUCA,3
4527,LOUIE-JAY,3
4527,LOUKAS,3
4527,LOWELL,3
4527,LUAY,3
4527,LUCAS-JACK,3
4527,LUCAS-JAY,3
4527,LUCCAS,3
4527,LUDWIG,3
4527,LUIE,3
4527,LUKMAN,3
4527,LUQA,3
4527,LYALL,3
4527,MAAHIR,3
4527,MAALIK,3
4527,MACAULY,3
4527,MACEN,3
4527,MACEO,3
4527,MACKENZI,3
4527,MACKENZIE-LEE,3
4527,MACKENZY,3
4527,MADAR,3
4527,MAHAAN,3
4527,MAHAMAD,3
4527,MAHAMUD,3
4527,MAHAVEER,3
4527,MAHDY,3
4527,MAJUS,3
4527,MAKAIL,3
4527,MAKEL,3
4527,MAL,3
4527,MALAKHAI,3
4527,MALAKHI,3
4527,MALEEK,3
4527,MALIKAI,3
4527,MALVIN,3
4527,MAMADI,3
4527,MANEET,3
4527,MANKARAN,3
4527,MANROOP,3
4527,MANUS,3
4527,MARDIN,3
4527,MARKUSS,3
4527,MARLEI,3
4527,MARLEY-LEE,3
4527,MARLEY-RAE,3
4527,MARNI,3
4527,MARTON,3
4527,MARUF,3
4527,MARVYN,3
4527,MARWAAN,3
4527,MARWOOD,3
4527,MASON-JAMES,3
4527,MASON-JAY,3
4527,MATHEWS,3
4527,MATIS,3
4527,MATISSE,3
4527,MATTHEWS,3
4527,MATTHYS,3
4527,MAURICIO,3
4527,MAXAMILLION,3
4527,MAXENCE,3
4527,MAXIMILLION,3
4527,MAXTON,3
4527,MAXWEL,3
4527,MAXYMILLIAN,3
4527,MAYOWA,3
4527,MAYUR,3
4527,MCKENZEE,3
4527,MCKENZIE-JAY,3
4527,MEHRAJ,3
4527,MEHUL,3
4527,MEILIR,3
4527,MERTCAN,3
4527,MERVIN,3
4527,MESSIAH,3
4527,METE,3
4527,MICHA,3
4527,MICHEE,3
4527,MICKEL,3
4527,MIHAEL,3
4527,MIHRAN,3
4527,MIKA'IL,3
4527,MIKAH,3
4527,MIKS,3
4527,MILANO,3
4527,MILLAR,3
4527,MILLEN,3
4527,MIRAC,3
4527,MISBAH,3
4527,MISHAEL,3
4527,MOBARAK,3
4527,MODASER,3
4527,MODOU,3
4527,MOFOPEFOLUWA,3
4527,MOHAMED-AMIN,3
4527,MOHAMMED-IBRAHIM,3
4527,MOHAMMED-MUSTAFA,3
4527,MOHAMOUD,3
4527,MOHANNAD,3
4527,MOHMMAD,3
4527,MOKSHA,3
4527,MOMEN,3
4527,MORGHAN,3
4527,MORITZ,3
4527,MORNE,3
4527,MORTEN,3
4527,MORTON,3
4527,MORUS,3
4527,MOSOPEFOLUWA,3
4527,MOSTYN,3
4527,MOUNIR,3
4527,MOUSSA,3
4527,MOYINOLUWA,3
4527,MOYOSOREOLUWA,3
4527,MUAWIYAH,3
4527,MUDASIR,3
4527,MUDASSIR,3
4527,MUEEN,3
4527,MUFADDAL,3
4527,MUHAIMIN,3
4527,MUHAMMAD-IBRAHIM,3
4527,MUHAMMAD-UMAR,3
4527,MUNIB,3
4527,MUNRO,3
4527,MUNTAZIR,3
4527,MURAAD,3
4527,MUSADDIQ,3
4527,MUSSA,3
4527,MUSTAKIM,3
4527,MUZAKIR,3
4527,MYCAH,3
4527,MYKA,3
4527,MYKAH,3
4527,MYKIE,3
4527,NAEL,3
4527,NAITE,3
4527,NAJIB,3
4527,NAJIM,3
4527,NASRUDIN,3
4527,NATNAEL,3
4527,NAVDEEP,3
4527,NAVIN,3
4527,NAWAF,3
4527,NAWAZ,3
4527,NAYLAN,3
4527,NECO,3
4527,NEERAJ,3
4527,NEIDAS,3
4527,NEKO,3
4527,NEVAEH,3
4527,NEVEN,3
4527,NEVILLE,3
4527,NEYLAN,3
4527,NICCOLO,3
4527,NIKASH,3
4527,NIKKI,3
4527,NILAY,3
4527,NIRVAN,3
4527,NISAR,3
4527,NITHIN,3
4527,NNAEMEKA,3
4527,NOOH,3
4527,NORIK,3
4527,NORRIS,3
4527,NOSSON,3
4527,NURADIN,3
4527,O'NEIL,3
4527,OBADIAH,3
4527,OBAFEMI,3
4527,OKAN,3
4527,OLADIMEJI,3
4527,OLAREWAJU,3
4527,OLATOMIWA,3
4527,OLUKAYODE,3
4527,OLUTOBI,3
4527,OLUWAPELUMI,3
4527,OLUWASEGUN,3
4527,OLUWATAMILORE,3
4527,OLUWATISHE,3
4527,OLUWATOFUNMI,3
4527,OLUWATOMISIN,3
4527,OLUWATONI,3
4527,OLUWATUMININU,3
4527,OMAIR,3
4527,OMI,3
4527,ONYEKACHI,3
4527,ONYX,3
4527,OPEMIPO,3
4527,ORRAN,3
4527,ORREN,3
4527,OSAMA,3
4527,OSARETIN,3
4527,OSAZEE,3
4527,OSBERT,3
4527,OSHEA,3
4527,OSIRIS,3
4527,OSTYN,3
4527,OSWALD,3
4527,OUMAR,3
4527,OWEN-JAMES,3
4527,OWURA,3
4527,OWYNN,3
4527,OZGUR,3
4527,PAA,3
4527,PAAVAN,3
4527,PADRAIC,3
4527,PANAYIOTIS,3
4527,PARAS,3
4527,PAVOL,3
4527,PEI,3
4527,PELE,3
4527,PELHAM,3
4527,PERCIVAL,3
4527,PETER-JUNIOR,3
4527,PETR,3
4527,PETRUS,3
4527,PHELIM,3
4527,PHIL,3
4527,PHILBERT,3
4527,PHILEMON,3
4527,PIPER,3
4527,POYRAZ,3
4527,PRADYUN,3
4527,PRAJIT,3
4527,PRATYUSH,3
4527,PRITHVI,3
4527,PRIYAN,3
4527,PRIYANSH,3
4527,PRIYANSHU,3
4527,QAASIM,3
4527,QIAN,3
4527,RAAFAY,3
4527,RAAID,3
4527,RAAJ,3
4527,RAAJAN,3
4527,RAED,3
4527,RAEEF,3
4527,RAFEE,3
4527,RAFFAEL,3
4527,RAFFI,3
4527,RAINE,3
4527,RAJINDER,3
4527,RAKEEM,3
4527,RAKIM,3
4527,RALFIE,3
4527,RALPHY,3
4527,RAMA,3
4527,RAMON,3
4527,RAND,3
4527,RANDALL,3
4527,RAOUL,3
4527,RAQEEB,3
4527,RASHAAD,3
4527,RASHAD,3
4527,RASHARN,3
4527,RASHED,3
4527,RASMUS,3
4527,RAWA,3
4527,RAWAZ,3
4527,RAYDEN,3
4527,RAYN,3
4527,RAYON,3
4527,REDAS,3
4527,REEHAN,3
4527,REEYAN,3
4527,REHOBOTH,3
4527,REIAN,3
4527,REJUS,3
4527,REMIEL,3
4527,REMO,3
4527,RENATO,3
4527,RENELL,3
4527,RERELOLUWA,3
4527,REUBIN,3
4527,REUVEN,3
4527,REYAAN,3
4527,REYYAN,3
4527,REZA,3
4527,RHEO,3
4527,RHEUBEN,3
4527,RHION,3
4527,RICK,3
4527,RICKY-JUNIOR,3
4527,RIGBY,3
4527,RILLEY,3
4527,RISHAV,3
4527,RITHWIK,3
4527,RITIK,3
4527,RIVERS,3
4527,RIYADH,3
4527,RIYEN,3
4527,ROARK,3
4527,ROARKE,3
4527,ROB,3
4527,ROBEN,3
4527,ROCKIE,3
4527,ROCKO,3
4527,RODI,3
4527,ROHN,3
4527,ROJHAT,3
4527,ROMA,3
4527,ROMAINE,3
4527,ROMANO,3
4527,ROMARNI,3
4527,ROMEL,3
4527,ROMIR,3
4527,RONAV,3
4527,RONELL,3
4527,RONNELL,3
4527,RONON,3
4527,ROQUE,3
4527,ROSTAM,3
4527,RUDIE,3
4527,RUDYARD,3
4527,RUMAAN,3
4527,RUMI,3
4527,RUSSELL-JAMES,3
4527,RYAN-JAMES,3
4527,RYAN-LEE,3
4527,RYANDEEP,3
4527,RYANLEE,3
4527,RYDAN,3
4527,RYLEI,3
4527,SAADI,3
4527,SAAM,3
4527,SABA,3
4527,SABIN,3
4527,SABOOR,3
4527,SADIK,3
4527,SAFAL,3
4527,SAHIBDEEP,3
4527,SAHILL,3
4527,SAHL,3
4527,SAIEM,3
4527,SAIF-ULLAH,3
4527,SAIFUL,3
4527,SAJAN,3
4527,SAKARIA,3
4527,SAKARIYA,3
4527,SALAH-UDDIN,3
4527,SALEEM,3
4527,SAMAR,3
4527,SAMATAR,3
4527,SAMED,3
4527,SAMEED,3
4527,SAMMIE,3
4527,SAMMUEL,3
4527,SANAN,3
4527,SANDIS,3
4527,SARO,3
4527,SAVIO,3
4527,SAYAM,3
4527,SAYEM,3
4527,SAYIM,3
4527,SAYYED,3
4527,SCOTTY,3
4527,SEHAJ,3
4527,SEKOU,3
4527,SEM,3
4527,SENA,3
4527,SERAFIN,3
4527,SEREF,3
4527,SERHAN,3
4527,SEVERYN,3
4527,SEYIT,3
4527,SHABAN,3
4527,SHADRACH,3
4527,SHAFIN,3
4527,SHAHBAZ,3
4527,SHAHEIM,3
4527,SHAHIR,3
4527,SHAHMIR,3
4527,SHAHRIAR,3
4527,SHAIKH,3
4527,SHAILEN,3
4527,SHAKIB,3
4527,SHAM,3
4527,SHAMMAH,3
4527,SHAQUAN,3
4527,SHARAF,3
4527,SHARIQ,3
4527,SHASHANK,3
4527,SHAYON,3
4527,SHAZAD,3
4527,SHEHROZE,3
4527,SHEM,3
4527,SHER,3
4527,SHERAZ,3
4527,SHERIF,3
4527,SHERVIN,3
4527,SHI,3
4527,SHIRAZ,3
4527,SHKO,3
4527,SHLOIMY,3
4527,SHOHAIB,3
4527,SHOLOM,3
4527,SHOURYA,3
4527,SHREYANSH,3
4527,SHRIHAN,3
4527,SHYAN,3
4527,SHYHEIM,3
4527,SIAN,3
4527,SIDDARTH,3
4527,SIDDHANTH,3
4527,SIDDHARTHA,3
4527,SIMAO,3
4527,SIMONAS,3
4527,SIMRAN,3
4527,SIPHO,3
4527,SKYLAR,3
4527,SOBAN,3
4527,SOBHAN,3
4527,SOHUM,3
4527,SORA,3
4527,SOTIRIOS,3
4527,SOUFIANE,3
4527,SRIRAM,3
4527,STANTON,3
4527,STAR,3
4527,STEFANOS,3
4527,STEPAN,3
4527,STEWIE,3
4527,STRUAN,3
4527,SUHEYB,3
4527,SUJAN,3
4527,SUMEET,3
4527,SUREN,3
4527,SURESH,3
4527,SURYA,3
4527,SWARUP,3
4527,TADEUSZ,3
4527,TAEJON,3
4527,TAIDEN,3
4527,TAIGAN,3
4527,TAIM,3
4527,TAJAUN,3
4527,TAJAY,3
4527,TAKUNDA,3
4527,TAL,3
4527,TALLIS,3
4527,TAN,3
4527,TANAV,3
4527,TANBIR,3
4527,TARIRO,3
4527,TARO,3
4527,TARREN,3
4527,TASHI,3
4527,TAYLOR-JAKE,3
4527,TAYUB,3
4527,TEAGAN,3
4527,TEAGUE,3
4527,TEIFI,3
4527,TEJAN,3
4527,TELMO,3
4527,TENDAYI,3
4527,TENDEKAI,3
4527,TENZIN,3
4527,TEON,3
4527,TERELL,3
4527,THANH,3
4527,THEMBA,3
4527,THEON,3
4527,THIBAUD,3
4527,THIJS,3
4527,TIAM,3
4527,TIGHE,3
4527,TIJAN,3
4527,TOBECHI,3
4527,TOCHUKWU,3
4527,TOLUWALOPE,3
4527,TOMMYLEE,3
4527,TOPRAK,3
4527,TORAN,3
4527,TORRAN,3
4527,TORYN,3
4527,TRAVON,3
4527,TREMAYNE,3
4527,TREVIN,3
4527,TRINITY,3
4527,TRU,3
4527,TURKI,3
4527,TUVIA,3
4527,TYGER,3
4527,TYHAN,3
4527,TYLER-JACK,3
4527,TYLER-JOE,3
4527,UBAYDAH,3
4527,UGUR,3
4527,UMMAR,3
4527,UNAIS,3
4527,UNATHI,3
4527,UQBAH,3
4527,URIAH,3
4527,UTKU,3
4527,VAIBHAV,3
4527,VAKKAS,3
4527,VARSHAN,3
4527,VASCO,3
4527,VICENZO,3
4527,VICTORY,3
4527,VIHAN,3
4527,VISHAAL,3
4527,VITTORIO,3
4527,VIVAN,3
4527,VIVIAN,3
4527,VOLVY,3
4527,VYTAUTAS,3
4527,WAHAJ,3
4527,WAI,3
4527,WAIS,3
4527,WAN,3
4527,WARICK,3
4527,WASAY,3
4527,WASI,3
4527,WAYLON,3
4527,WESTON,3
4527,WEZLEY,3
4527,WILFIE,3
4527,WISAM,3
4527,WOJTEK,3
4527,WOLFE,3
4527,WOLFGANG,3
4527,WYN,3
4527,XAVION,3
4527,XENON,3
4527,XI,3
4527,YACUB,3
4527,YAGO,3
4527,YAHYAA,3
4527,YAKOB,3
4527,YAKOV,3
4527,YAKUP,3
4527,YANG,3
4527,YANN,3
4527,YASAR,3
4527,YASHAS,3
4527,YASHVIR,3
4527,YAYA,3
4527,YAZEN,3
4527,YEKTA,3
4527,YESHUA,3
4527,YIANNI,3
4527,YISSOCHOR,3
4527,YITZI,3
4527,YOHANN,3
4527,YORDAN,3
4527,YOSSI,3
4527,YOUSF,3
4527,YOUSOF,3
4527,YUHAO,3
4527,YUN,3
4527,YUV,3
4527,YVES,3
4527,ZAAHID,3
4527,ZAAHIR,3
4527,ZACCAI,3
4527,ZACHARI,3
4527,ZACKARIA,3
4527,ZACKARIAH,3
4527,ZADOK,3
4527,ZAHED,3
4527,ZAHEER,3
4527,ZAHI,3
4527,ZAIDAAN,3
4527,ZAKAI,3
4527,ZAKARYA,3
4527,ZAKRIYA,3
4527,ZAKY,3
4527,ZAMIR,3
4527,ZARAK,3
4527,ZARAR,3
4527,ZARGHAM,3
4527,ZARYAAB,3
4527,ZARYAB,3
4527,ZAVION,3
4527,ZAYED,3
4527,ZEBULUN,3
4527,ZEIN,3
4527,ZEKI,3
4527,ZENO,3
4527,ZHUO,3
4527,ZICO,3
4527,ZIDAAN,3
4527,ZISHAAN,3
4527,ZIYA,3
4527,ZOLTAN,3
4527,ZORAVAR,3
4527,ZUHAIB,3
4527,ZUHAYB,3
