Rank,Name,Count
1,HARRY,7523
2,OLIVER,7007
3,JACK,6844
4,ALFIE,5524
5,CHARLIE,5516
6,THOMAS,5353
7,JACOB,5047
8,JAMES,4945
9,JOSHUA,4786
10,WILLIAM,4632
11,ETHAN,4581
12,GEORGE,4347
13,RILEY,4226
14,DANIEL,3928
15,SAMUEL,3803
16,NOAH,3287
17,OSCAR,3251
18,JOSEPH,3089
19,MOHAMMED,3054
20,MAX,3043
21,DYLAN,2962
22,MUHAMMAD,2854
23,ALEXANDER,2819
24,ARCHIE,2805
25,BENJAMIN,2789
26,LUCAS,2716
27,LEO,2664
28,HENRY,2625
29,JAKE,2619
30,LOGAN,2549
31,TYLER,2520
32,JAYDEN,2353
33,ISAAC,2352
34,FINLEY,2245
35,MASON,2171
36,RYAN,2151
37,HARRISON,2122
38,ADAM,2062
39,LEWIS,2035
40,EDWARD,1935
41,LUKE,1830
42,FREDDIE,1819
43,MATTHEW,1743
44,LIAM,1690
45,ZACHARY,1664
46,CALLUM,1580
47,SEBASTIAN,1493
48,CONNOR,1471
49,JAMIE,1445
50,THEO,1407
51,TOBY,1389
52,HARVEY,1388
53,MICHAEL,1364
54,NATHAN,1319
55,HARLEY,1308
56,KAI,1211
57,DAVID,1163
58,AARON,1147
59,ALEX,1129
60,CHARLES,1090
61,AIDEN,1077
62,LEON,1069
63,MOHAMMAD,1037
64,LUCA,982
65,TOMMY,980
66,FINLAY,967
67,JENSON,966
68,ARTHUR,961
68,LOUIS,961
70,RHYS,946
71,OWEN,943
72,REUBEN,941
73,OLLIE,933
74,LOUIE,887
75,GABRIEL,874
76,BOBBY,869
77,CAMERON,848
78,DEXTER,833
79,BLAKE,831
80,STANLEY,824
81,KIAN,800
82,EVAN,770
83,JUDE,764
84,FRANKIE,756
85,ELLIOT,755
86,HAYDEN,747
87,ASHTON,727
88,JOEL,712
89,CALEB,709
90,BAILEY,704
91,ELIJAH,701
92,TAYLOR,696
93,ROBERT,694
94,KAYDEN,686
95,KYLE,683
96,FREDERICK,669
97,BEN,667
98,REECE,656
99,JACKSON,647
100,JOHN,645
101,AIDAN,637
101,SETH,637
103,ELLIS,636
104,COREY,634
105,BRADLEY,615
106,BILLY,611
107,ELLIOTT,601
108,SONNY,590
108,TOBIAS,590
110,RORY,586
111,CHRISTOPHER,582
112,SAM,579
113,MUHAMMED,568
114,IBRAHIM,567
115,CODY,566
116,AUSTIN,559
117,AYAAN,547
118,BRANDON,538
119,NATHANIEL,535
120,DOMINIC,534
121,PATRICK,509
122,OLLY,507
123,ZAC,506
124,THEODORE,505
125,KAIDEN,502
126,JAY,500
126,MORGAN,500
128,YUSUF,497
129,KIERAN,495
130,ALBERT,493
131,FELIX,492
131,MAXWELL,492
131,TRISTAN,492
134,JAKUB,490
135,ROWAN,473
136,FINN,469
137,ZAIN,459
138,JASPER,453
139,HUGO,448
140,JOE,443
141,ANDREW,435
142,RONNIE,426
143,EWAN,425
144,ALI,417
145,FILIP,414
146,ZACK,410
147,JONATHAN,406
148,NICHOLAS,398
149,DECLAN,397
149,LEVI,397
151,COLE,394
151,MOHAMED,394
153,ANTHONY,393
154,ZAK,392
155,PETER,381
156,TEDDY,380
157,MARLEY,376
158,ALFRED,365
159,JASON,360
160,RIO,359
161,LAYTON,358
162,ABDULLAH,352
162,FLYNN,352
164,ELI,350
165,SYED,349
166,XAVIER,347
167,MILO,345
168,JONAH,342
168,ZACH,342
170,MARCUS,338
171,JAIDEN,335
172,MAXIMILIAN,328
172,ROMAN,328
174,KACPER,324
175,AHMED,320
176,RUBEN,318
177,MCKENZIE,314
178,LENNON,313
178,REGGIE,313
178,SEAN,313
181,OSKAR,312
182,DANNY,309
183,SPENCER,307
184,JESSE,304
185,MILES,303
186,JENSEN,299
187,BEAU,296
188,HAMZA,295
188,LEIGHTON,295
190,ABDUL,284
191,ROHAN,281
192,JADEN,280
192,ROCCO,280
194,CARTER,274
195,FRASER,273
196,KEVIN,271
197,TOM,270
198,MARK,268
199,ALAN,263
200,JAXON,262
201,ASHLEY,261
201,JOSH,261
203,VINCENT,259
204,CHRISTIAN,257
204,PRESTON,257
206,EMMANUEL,255
206,SHAY,255
208,ASTON,249
208,HASSAN,249
210,LUKAS,246
211,TRAVIS,239
212,MYLES,233
213,RYLEY,232
214,ADRIAN,231
215,BRODY,228
215,LEONARDO,228
217,JORDAN,227
218,ALBIE,226
218,MAXIMUS,226
220,FLETCHER,224
220,RAYYAN,224
222,OAKLEY,220
222,OMAR,220
224,DOMINIK,219
225,MALACHI,218
226,MUSA,217
227,KENZIE,216
228,BARNABY,214
229,MUSTAFA,213
230,RALPH,212
230,VINNIE,212
232,ARYAN,209
233,ZANE,208
234,EUAN,207
235,CAYDEN,206
235,CHASE,206
237,RICHARD,201
237,TED,201
239,RUFUS,200
240,RAPHAEL,199
241,FRANK,198
241,ISMAIL,198
241,SCOTT,198
244,JUSTIN,196
244,MARTIN,196
246,ELIAS,195
246,JUNIOR,195
248,CAIDEN,194
248,CIAN,194
248,KANE,194
251,ERIC,193
252,RAYAN,192
253,ISAIAH,190
253,ZAKARIYA,190
255,STEPHEN,189
255,VICTOR,189
257,FREDDY,188
257,YAHYA,188
259,RYLEE,185
259,SIDNEY,185
259,UMAR,185
262,KADEN,183
263,CASEY,182
263,PAUL,182
265,LENNY,180
266,MITCHELL,179
267,KYE,176
268,PATRYK,173
269,MATEUSZ,172
269,WILL,172
271,ARJUN,166
271,LINCOLN,166
273,CONOR,165
273,JOEY,165
275,BROOKLYN,164
276,SZYMON,163
277,JAI,160
277,RAFAEL,160
279,MICAH,159
279,SHANE,159
281,ARLO,158
281,DAWID,158
281,LEE,158
284,BENTLEY,157
284,COOPER,157
284,MARCEL,157
287,RUPERT,156
288,ISA,155
289,CIARAN,154
289,TOMAS,154
291,FRANCIS,153
291,TROY,153
293,JULIAN,152
294,JIMMY,150
295,FABIAN,149
295,FINNLEY,149
295,SAMI,149
298,MICHAL,148
298,NIALL,148
298,ROBIN,148
298,STEVEN,148
298,TIMOTHY,148
303,JAN,147
303,NICOLAS,147
305,BILAL,146
305,DILLON,146
305,MARSHALL,146
305,SIMON,146
305,WILFRED,146
310,BRODIE,145
310,CADEN,145
310,MACKENZIE,145
313,JOSIAH,144
314,RYLAN,143
315,COHEN,141
315,ZAYN,141
317,AHMAD,140
317,JEREMIAH,140
317,SOLOMON,140
320,BRAYDEN,139
321,AMIR,138
321,HECTOR,138
323,EESA,137
323,IVAN,137
325,KALEB,136
325,OLIVIER,136
325,SHAUN,136
328,CURTIS,135
328,GETHIN,135
330,DEVON,134
331,HARRIS,133
331,HASAN,133
333,LUKA,130
333,WARREN,130
333,ZACHARIAH,130
336,DAMIAN,129
336,JARED,129
338,ALEKSANDER,128
338,ANGUS,128
338,HENLEY,128
341,COBY,127
341,DEAN,127
341,LUIS,127
341,ROMEO,127
341,YUVRAJ,127
346,KYRON,126
346,REGAN,126
348,ANTONI,125
349,HARIS,124
349,HUGH,124
349,KEEGAN,124
349,PHOENIX,124
349,XANDER,124
354,ENZO,123
355,HARRI,122
356,BRIAN,121
356,EDDIE,121
356,PHILIP,121
359,AARAV,120
360,JAYDON,117
361,CALUM,115
361,IBRAHEEM,115
361,LEONARD,115
364,AMAAN,114
364,NICO,114
366,OSIAN,113
367,JAC,112
368,LLOYD,111
369,AYDEN,109
369,LAWRENCE,109
371,JOHNNY,108
371,MAKSYMILIAN,108
371,MONTY,108
371,TOMOS,108
375,AYMAN,107
375,CAI,107
375,LORENZO,107
378,KAMIL,106
378,RAFFERTY,106
380,WYATT,105
381,CASPER,104
381,MIKEY,104
381,QUINN,104
384,ANAS,103
384,DOUGLAS,103
384,KYRAN,103
384,SUBHAN,103
388,LAURENCE,102
388,RONAN,102
390,CAELAN,101
390,OLIWIER,101
392,ALISTAIR,100
392,CLAYTON,100
392,DENNIS,100
392,GRAYSON,100
392,MATTEO,100
392,MAXIMILLIAN,100
392,MIKOLAJ,100
392,MYLO,100
392,OTIS,100
401,CRUZ,99
401,DANTE,99
401,HAIDER,99
401,HUDSON,99
401,KYAN,99
401,REHAN,99
407,BYRON,98
407,JAMAL,98
407,ROBBIE,98
407,ZAKARIA,98
411,FARHAN,97
411,LEYTON,97
413,HUSSAIN,96
413,KOBI,96
413,RUDY,96
416,ARMAAN,95
416,BERTIE,95
416,DEACON,95
416,KRISH,95
420,BENEDICT,94
420,IOAN,94
420,MARCO,94
420,YASIN,94
424,DANIYAL,93
425,CORY,92
425,EDEN,92
425,IESTYN,92
425,MAISON,92
425,NIKODEM,92
425,WIKTOR,92
431,CALVIN,91
431,ILYAS,91
431,MAXIM,91
431,PRINCE,91
435,KHALID,90
436,ASHER,89
436,STEFAN,89
438,CONNER,88
439,FRAZER,87
439,NATE,87
441,DENIS,86
441,DREW,86
441,EZRA,86
444,ANTONIO,85
444,CHARLEY,85
444,FRANKLIN,85
444,HASHIM,85
444,IGOR,85
449,CARSON,84
449,IDRIS,84
449,JAKOB,84
449,MILAN,84
449,TYRESE,84
449,ZAYAN,84
455,AZAAN,83
455,EDWIN,83
455,JEREMY,83
458,ANDRE,82
458,ARON,82
458,CASSIUS,82
458,DAMIEN,82
458,HAMISH,82
458,HEATH,82
464,KOBE,81
464,MONTGOMERY,81
464,SAHIL,81
467,AADAM,80
467,LUCIAN,80
467,OWAIN,80
470,AAYAN,79
470,DHRUV,79
470,JAXSON,79
473,AARYAN,78
473,BRENDAN,78
473,DARREN,78
473,HUNTER,78
473,MALAKAI,78
473,SHAYAN,78
479,AJAY,77
479,KEATON,77
479,KIERON,77
479,MALIK,77
479,SAIF,77
484,HAYDN,76
484,ISHAAN,76
486,AMARI,75
486,ANTONY,75
486,BARTOSZ,75
486,IMRAN,75
490,HARI,74
490,HUBERT,74
490,SAMSON,74
490,WOODY,74
490,ZACKARY,74
495,DION,73
495,ESHAN,73
495,IAN,73
495,KYLAN,73
495,RAYHAN,73
495,TONY,73
501,ABEL,72
501,EZEKIEL,72
501,NATAN,72
501,REX,72
501,RIVER,72
501,TATE,72
507,ISMAEEL,71
507,OTTO,71
507,UZAIR,71
510,DIEGO,70
510,KODY,70
510,LACHLAN,70
510,TYLER-JAMES,70
514,ABDIRAHMAN,69
514,RIAN,69
516,ADDISON,68
516,ANTON,68
516,ARRAN,68
516,CAIN,68
516,GEORGIE,68
516,HERBIE,68
516,SAUL,68
516,TOMASZ,68
524,BRYAN,67
524,KOBY,67
524,PIOTR,67
524,SULAIMAN,67
528,AYAN,66
528,BUDDY,66
528,KEELAN,66
528,KRISTIAN,66
528,LELAND,66
528,RICO,66
528,VEER,66
528,YOUSUF,66
528,ZAYD,66
537,ARJAN,65
537,FARIS,65
537,JAGO,65
537,MALACHY,65
537,MATAS,65
537,OLAF,65
537,SAMIR,65
537,USMAN,65
537,YASEEN,65
546,ABRAHAM,64
546,ANGELO,64
546,KINGSLEY,64
546,MADDOX,64
546,MATHEW,64
546,NED,64
546,NEIL,64
546,NOEL,64
546,RAYAAN,64
546,TREY,64
546,WESLEY,64
557,CASPAR,63
557,CRAIG,63
557,ERNEST,63
557,HAROON,63
557,IEUAN,63
557,KAROL,63
557,KEIRAN,63
557,ZAID,63
565,ABDULRAHMAN,62
565,BARNEY,62
565,DALTON,62
565,ESA,62
565,HAMZAH,62
565,HASNAIN,62
565,ISRAEL,62
565,JONAS,62
565,SEBASTIEN,62
565,SHAE,62
565,YOUSEF,62
576,BRUNO,61
576,CONRAD,61
576,FRED,61
576,TEDDIE,61
580,ALEC,60
580,ARUN,60
580,EOIN,60
580,GUY,60
580,IWAN,60
580,RAJA,60
580,TOMMY-LEE,60
580,ZION,60
588,CHESTER,59
588,FRANCISZEK,59
588,JAYLEN,59
588,ORLANDO,59
588,RAFE,59
588,TAYLAN,59
594,ADYAN,58
594,CARLOS,58
594,FYNN,58
594,KADE,58
594,MARIO,58
594,ROSS,58
594,RYLIE,58
594,VINNY,58
602,ABDULLAHI,57
602,AMAN,57
602,ANDREI,57
602,DAWSON,57
602,ERIK,57
602,JAK,57
602,KAELAN,57
602,MARC,57
602,MATEO,57
602,MOSES,57
602,REEGAN,57
602,TAHA,57
602,YUNUS,57
615,ADEN,56
615,ADIL,56
615,EISA,56
615,FAIZAN,56
615,ISHAQ,56
615,KEYAAN,56
621,ADITYA,55
621,BRAYDON,55
621,KAMRAN,55
621,REAGAN,55
621,YASIR,55
626,BROGAN,54
626,COLBY,54
626,KARL,54
626,RAHEEM,54
626,YAQUB,54
631,ARCHIBALD,53
631,AYUB,53
631,DILLAN,53
631,ELIS,53
631,EMIL,53
631,JACE,53
631,RAIHAN,53
638,AYDIN,52
638,CYRUS,52
638,DAWUD,52
638,HADI,52
638,HENRI,52
638,HUW,52
638,MILLER,52
638,NATHANAEL,52
638,ZEESHAN,52
647,GREGORY,51
647,JUDAH,51
647,NIKOLAS,51
647,PARKER,51
647,TOMMIE,51
652,ANDREAS,50
652,ARMAN,50
652,DANYAL,50
652,DORIAN,50
652,MAHDI,50
652,NIKHIL,50
652,REILLY,50
652,RIDWAN,50
652,RISHI,50
652,SHEA,50
662,AARUSH,49
662,CARL,49
662,FRANKY,49
662,KALLUM,49
662,MACIEJ,49
662,MAKSIM,49
662,RUDI,49
662,SHAAN,49
662,SHAYAAN,49
671,ADNAN,48
671,ALESSANDRO,48
671,CHE,48
671,DEV,48
671,GIDEON,48
671,KAJUS,48
671,LAITH,48
671,NEO,48
671,TALHA,48
671,WILSON,48
681,AARIZ,47
681,ASA,47
681,ASHWIN,47
681,CHRIS,47
681,DARIUS,47
681,EMIR,47
681,HADLEY,47
681,KAYLUM,47
681,KHALIL,47
681,MIGUEL,47
681,QASIM,47
681,SUBHAAN,47
681,SUFYAN,47
681,TIAGO,47
681,WOJCIECH,47
696,ALFIE-JAMES,46
696,FERGUS,46
696,LYNDON,46
696,OISIN,46
696,SALMAN,46
701,ABBAS,45
701,ABUBAKAR,45
701,ARTUR,45
701,CODEY,45
701,DAMON,45
701,JAYDAN,45
701,KASPER,45
701,KRYSTIAN,45
701,LAWSON,45
701,MOHAMAD,45
701,PAWEL,45
701,REMY,45
701,RYDER,45
701,SANTIAGO,45
701,SID,45
701,STEFFAN,45
701,ZAKI,45
718,AMMAR,44
718,ARAN,44
718,ARCHER,44
718,BRUCE,44
718,DILAN,44
718,EBEN,44
718,JAYDEN-LEE,44
718,JEEVAN,44
718,KAYLEN,44
718,LUQMAN,44
718,MAGNUS,44
718,NOJUS,44
718,PHILLIP,44
718,WALTER,44
732,AMAR,43
732,COLIN,43
732,DENIZ,43
732,EDMUND,43
732,HERBERT,43
732,KENNY,43
732,LENNOX,43
732,LUCCA,43
732,RUEBEN,43
732,SAAD,43
732,SULLIVAN,43
743,ABU,42
743,CALLAN,42
743,GIOVANNI,42
743,HUMZA,42
743,ISSAC,42
743,KAYDON,42
743,KONRAD,42
743,LORCAN,42
743,NATANIEL,42
743,SAFWAN,42
743,SHAH,42
743,STUART,42
743,TERRY,42
743,TY,42
743,VIKTOR,42
743,ZAYAAN,42
759,ALASTAIR,41
759,ARNAV,41
759,AXEL,41
759,DOMINYKAS,41
759,ELIOT,41
759,ISMAEL,41
759,TARAN,41
759,TYMON,41
767,ARRON,40
767,AYRTON,40
767,EDGAR,40
767,ERNIE,40
767,KARIM,40
767,KOREY,40
767,KURTIS,40
767,MACAULEY,40
767,MIKAEEL,40
767,OMER,40
767,OWAIS,40
767,RAYMOND,40
767,SAMEER,40
767,ZAKARY,40
781,DUNCAN,39
781,FENTON,39
781,HUSSEIN,39
781,JAX,39
781,JONNY,39
781,KAYLAN,39
781,KIT,39
781,MOHSIN,39
781,ORSON,39
781,RAY,39
781,REID,39
781,REMI,39
781,SAMMY,39
781,SION,39
781,ZAINE,39
781,ZANDER,39
781,ZAYNE,39
798,ALEXANDRU,38
798,ANDY,38
798,AYUSH,38
798,CILLIAN,38
798,DENZEL,38
798,DOUGIE,38
798,EMILIO,38
798,HUEY,38
798,LOCHLAN,38
798,MEHMET,38
798,REHAAN,38
798,RICKY,38
798,SOL,38
798,ZACHERY,38
812,AMEER,37
812,CAIRO,37
812,CLARK,37
812,EMRE,37
812,FRANCESCO,37
812,HASEEB,37
812,ISSA,37
812,JUNAID,37
812,KARAM,37
812,KAREEM,37
812,KUBA,37
812,MAHIR,37
812,MUSAB,37
812,PADDY,37
812,ROCKY,37
812,RONNY,37
812,SANTINO,37
812,SIMEON,37
812,TYRELL,37
831,ALEJANDRO,36
831,AMIN,36
831,CORBEN,36
831,DRAKE,36
831,EHSAN,36
831,FIONN,36
831,JEROME,36
831,KELVIN,36
831,LEANDRO,36
831,MIKAIL,36
831,ROSHAN,36
831,SAHIB,36
831,VIHAAN,36
831,YASH,36
845,DANIELIUS,35
845,GAVIN,35
845,IFAN,35
845,JONTY,35
845,LEWIE,35
845,WALEED,35
845,YOUSIF,35
852,AAHIL,34
852,ABDUR,34
852,BOBBIE,34
852,BORYS,34
852,DARCY,34
852,DEVAN,34
852,EMERSON,34
852,GENE,34
852,HUXLEY,34
852,IHSAN,34
852,JIA,34
852,JORGE,34
852,JOSEF,34
852,JOVAN,34
852,LENNIE,34
852,LEONIDAS,34
852,LYLE,34
852,MD,34
852,PERCY,34
852,REGINALD,34
852,RICARDO,34
852,RILEY-JAMES,34
852,RONALD,34
852,RUSSELL,34
852,SHEIKH,34
852,SONNIE,34
878,ABDURRAHMAN,33
878,ALESSIO,33
878,ALEXANDRE,33
878,ANISH,33
878,ARIAN,33
878,CADE,33
878,DEEN,33
878,ESHAAN,33
878,FAIZAAN,33
878,HARUN,33
878,JON,33
878,JOSE,33
878,KAMERON,33
878,KAYNE,33
878,KENNETH,33
878,KODI,33
878,LAURIE,33
878,MOSHE,33
878,OMARI,33
878,OSMAN,33
878,PATRIK,33
878,RALPHIE,33
878,RALPHY,33
878,STANISLAW,33
878,TARIQ,33
878,TYLER-JAY,33
878,TYMOTEUSZ,33
878,YUSEF,33
878,ZAVIER,33
907,ALVIN,32
907,CHAIM,32
907,CODIE,32
907,DEWI,32
907,GILBERT,32
907,HAARIS,32
907,IZAAK,32
907,KAIDAN,32
907,KEIRON,32
907,KIRAN,32
907,LANDON,32
907,MACSEN,32
907,NANA,32
907,NIHAL,32
907,RANVEER,32
907,RICHIE,32
907,SACHIN,32
907,SAYED,32
907,SHAURYA,32
907,SUNNY,32
907,TAI,32
907,TYRONE,32
929,ADEM,31
929,ALLAN,31
929,CAIO,31
929,FREDERIC,31
929,GINO,31
929,JAMIL,31
929,JOHNATHAN,31
929,KAINE,31
929,KENZO,31
929,MAYSON,31
929,NELSON,31
929,RAHUL,31
929,RILEY-JAY,31
929,RIZWAN,31
929,SULAYMAN,31
944,AYOMIDE,30
944,BODHI,30
944,CARWYN,30
944,DONALD,30
944,ERYK,30
944,FINTAN,30
944,KAYAN,30
944,LUC,30
944,PABLO,30
944,RAEES,30
944,RHYLEY,30
944,SHAYNE,30
944,TRYSTAN,30
944,YISROEL,30
958,ATTICUS,29
958,BAXTER,29
958,BENAS,29
958,CLAY,29
958,DIGBY,29
958,ELISHA,29
958,ETIENNE,29
958,FINNIAN,29
958,GARETH,29
958,GERARD,29
958,JAEDEN,29
958,JUAN,29
958,LOKI,29
958,NABIL,29
958,RAJVEER,29
958,RODRIGO,29
958,UMAIR,29
958,ZAKARIYYA,29
976,AADIL,28
976,AMOS,28
976,ANSH,28
976,ARHAM,28
976,ARNAS,28
976,ARYA,28
976,AYOUB,28
976,BARTLOMIEJ,28
976,CHAD,28
976,FAHAD,28
976,HARMAN,28
976,IZAAC,28
976,KAYA,28
976,LOUI,28
976,LUCIEN,28
976,MANRAJ,28
976,MERT,28
976,MIKHAIL,28
976,PRANAV,28
976,RAJAN,28
976,SAIM,28
976,SHAWN,28
976,SHIV,28
999,AAYUSH,27
999,ALED,27
999,ALFIE-LEE,27
999,DALE,27
999,DARSH,27
999,DAWOOD,27
999,EREN,27
999,FAISAL,27
999,FINDLAY,27
999,FINNLAY,27
999,HAIDEN,27
999,IZAAN,27
999,JAYSON,27
999,JOHN-JAMES,27
999,KABIR,27
999,KAEDEN,27
999,KAMAL,27
999,KOBIE,27
999,KRZYSZTOF,27
999,LUKASZ,27
999,MARKUS,27
999,MILOSZ,27
999,MUJTABA,27
999,NOA,27
999,SEB,27
1024,ALEKS,26
1024,ARVIN,26
1024,BORIS,26
1024,BRYCE,26
1024,BRYN,26
1024,COEN,26
1024,DOVYDAS,26
1024,FREDRICK,26
1024,FYNLEY,26
1024,GARY,26
1024,HAMMAD,26
1024,ISHAAQ,26
1024,ISHAN,26
1024,JADON,26
1024,JOAO,26
1024,KAAN,26
1024,KEIR,26
1024,KIYAN,26
1024,KSAWERY,26
1024,NIAM,26
1024,NIKITA,26
1045,ABDUR-RAHMAN,25
1045,ALBY,25
1045,ANDERSON,25
1045,ARAS,25
1045,AWAIS,25
1045,BRAIDEN,25
1045,CAMRON,25
1045,CHACE,25
1045,CORBIN,25
1045,CORMAC,25
1045,DAFYDD,25
1045,DAINTON,25
1045,DARIN,25
1045,EDUARD,25
1045,EMANUEL,25
1045,HARLEE,25
1045,JARVIS,25
1045,JEFFREY,25
1045,JONATHON,25
1045,KAILAN,25
1045,KAJETAN,25
1045,KEENAN,25
1045,KRISHAN,25
1045,LANCE,25
1045,MARLON,25
1045,MARWAN,25
1045,MATIAS,25
1045,PEDRO,25
1045,RAHIM,25
1045,RUAIRI,25
1045,SACHA,25
1045,SAEED,25
1045,SAI,25
1045,SEAMUS,25
1045,SHAYE,25
1045,SIDDHARTH,25
1045,SUFYAAN,25
1045,TEEJAY,25
1045,TERENCE,25
1045,TYE,25
1045,VALENTINO,25
1045,ZACHARIA,25
1087,ABUBAKR,24
1087,ASAD,24
1087,BRADY,24
1087,BRETT,24
1087,EDISON,24
1087,ELVIS,24
1087,ELWOOD,24
1087,FABIO,24
1087,FRANCISCO,24
1087,GUS,24
1087,HARPER,24
1087,INDIANA,24
1087,IRFAN,24
1087,JAIDON,24
1087,JOHN-PAUL,24
1087,JULES,24
1087,JUN,24
1087,KISHAN,24
1087,LEROY,24
1087,MARVIN,24
1087,MEHDI,24
1087,MIRZA,24
1087,NEEL,24
1087,RAFI,24
1087,RHODRI,24
1087,RUAN,24
1087,RYLEIGH,24
1087,SALEH,24
1087,SARIM,24
1087,SILAS,24
1087,STEVIE,24
1087,SYDNEY,24
1087,TAYYAB,24
1087,YOSEF,24
1087,YOUSSEF,24
1087,YU,24
1087,ZOHAIB,24
1124,AFFAN,23
1124,ARYAAN,23
1124,BLUE,23
1124,DAN,23
1124,DANISH,23
1124,ENES,23
1124,ENOCH,23
1124,FARHAAN,23
1124,HUZAIFA,23
1124,JED,23
1124,JIBRIL,23
1124,KASEY,23
1124,LINUS,23
1124,MARCIN,23
1124,MATT,23
1124,SHIMON,23
1124,SOREN,23
1124,SULEMAN,23
1124,TODD,23
1124,TRENT,23
1124,TYREECE,23
1124,UTHMAN,23
1124,WADE,23
1124,WILBUR,23
1124,WILF,23
1124,WILLEM,23
1124,WINSTON,23
1124,YASSIN,23
1124,YOUSAF,23
1124,YUG,23
1124,ZACKERY,23
1124,ZAKARIYAH,23
1124,ZAKIR,23
1124,ZIYAD,23
1158,AAMIR,22
1158,ABDURAHMAN,22
1158,ACE,22
1158,ADAN,22
1158,ARDA,22
1158,AREEB,22
1158,ARI,22
1158,ARIN,22
1158,ARMANDAS,22
1158,AYAZ,22
1158,CASSIAN,22
1158,COBEY,22
1158,COSMO,22
1158,DANIELS,22
1158,DEREK,22
1158,DWAYNE,22
1158,EFE,22
1158,EMILE,22
1158,FLOYD,22
1158,HAROLD,22
1158,IDREES,22
1158,IOLO,22
1158,JAMESON,22
1158,JAVIER,22
1158,JAY-JAY,22
1158,JAYAN,22
1158,JERMAINE,22
1158,JIMI,22
1158,JOHAN,22
1158,KAIRON,22
1158,KALEM,22
1158,KAYDAN,22
1158,KAYLEM,22
1158,KAYSAN,22
1158,KEON,22
1158,KOFI,22
1158,MANVEER,22
1158,MASSIMO,22
1158,OM,22
1158,REO,22
1158,ROY,22
1158,SAID,22
1158,SAMUAL,22
1158,SHILOH,22
1158,TIMUR,22
1158,UBAID,22
1158,VIVAAN,22
1158,YAKOV,22
1158,YITZCHOK,22
1158,ZI,22
1158,ZUBAIR,22
1209,ABHINAV,21
1209,AKRAM,21
1209,ALEXANDROS,21
1209,ALFIE-JAY,21
1209,AMEEN,21
1209,AUBREY,21
1209,AYMEN,21
1209,BLAINE,21
1209,CINAR,21
1209,CLEMENT,21
1209,DEIVIDAS,21
1209,DEON,21
1209,EDAN,21
1209,EKAM,21
1209,EPHRAIM,21
1209,GIANLUCA,21
1209,HAMID,21
1209,HAO,21
1209,HARLAN,21
1209,HARVEY-LEE,21
1209,HAYDON,21
1209,HISHAM,21
1209,HUGHIE,21
1209,ISAAK,21
1209,IVO,21
1209,JETT,21
1209,JULIUS,21
1209,KAILEN,21
1209,KAIN,21
1209,KASIM,21
1209,KEAGAN,21
1209,KHALED,21
1209,KOLE,21
1209,MATHIAS,21
1209,MAXI,21
1209,MAXX,21
1209,ORION,21
1209,PRESLEY,21
1209,RAYHAAN,21
1209,ROAN,21
1209,TRISTEN,21
1209,VARUN,21
1251,AHAD,20
1251,AJ,20
1251,AMAAR,20
1251,ANAY,20
1251,ANTOINE,20
1251,BERNARD,20
1251,BLESSING,20
1251,BRENDON,20
1251,CAIUS,20
1251,CARLO,20
1251,DARRAGH,20
1251,DEVIN,20
1251,DOMAS,20
1251,EYAD,20
1251,HARLEY-JAY,20
1251,ISHMAEL,20
1251,IVOR,20
1251,JACQUES,20
1251,JAE,20
1251,JAIME,20
1251,JAWAD,20
1251,JAYLAN,20
1251,JEM,20
1251,JERRY,20
1251,JIM,20
1251,JOWAN,20
1251,KAIRO,20
1251,MAHAD,20
1251,MAKAI,20
1251,MANUEL,20
1251,MAREK,20
1251,MICKEY,20
1251,MORRIS,20
1251,MURRAY,20
1251,NAEEM,20
1251,NAYAN,20
1251,NIKO,20
1251,NOLAN,20
1251,OLUWATOBILOBA,20
1251,REISS,20
1251,RHILEY,20
1251,RHYLEE,20
1251,RION,20
1251,RIYAN,20
1251,RUDRA,20
1251,SOHAIL,20
1251,TADHG,20
1251,TEO,20
1251,TORIN,20
1251,VED,20
1251,YEHUDA,20
1251,ZAKARIAH,20
1303,ABDALLAH,19
1303,ANGAD,19
1303,ARAV,19
1303,ASIM,19
1303,BAYLEY,19
1303,CARLTON,19
1303,CASPIAN,19
1303,CHARLIE-JAMES,19
1303,GRANT,19
1303,HUZAIFAH,19
1303,JAMIE-LEE,19
1303,JASE,19
1303,JAYDEN-JAMES,19
1303,JODY,19
1303,KAISON,19
1303,KARAN,19
1303,KAVIN,19
1303,KAYSON,19
1303,KINGSTON,19
1303,KUSH,19
1303,LEOPOLD,19
1303,LEX,19
1303,MAC,19
1303,MACK,19
1303,MANI,19
1303,MANNY,19
1303,MAXIME,19
1303,MIKAEL,19
1303,OLUWATOBI,19
1303,PIERCE,19
1303,RAHEEL,19
1303,RAUL,19
1303,ROME,19
1303,SHIVAM,19
1303,SULTAN,19
1303,VAUGHAN,19
1303,WAYNE,19
1303,YOUNES,19
1303,ZAKK,19
1342,ABDULAZIZ,18
1342,AHMET,18
1342,AMMAAR,18
1342,ANEURIN,18
1342,AYYAN,18
1342,BAYLEE,18
1342,BENYAMIN,18
1342,BRENNAN,18
1342,COHAN,18
1342,CONAN,18
1342,CULLEN,18
1342,DAANISH,18
1342,DARA,18
1342,DEVLIN,18
1342,DHILAN,18
1342,DHYAN,18
1342,DONTE,18
1342,EAMON,18
1342,EDDY,18
1342,FERNANDO,18
1342,GWILYM,18
1342,HABIB,18
1342,HANZALAH,18
1342,HARSH,18
1342,INDY,18
1342,JAIDAN,18
1342,JETHRO,18
1342,JOSHUA-JAMES,18
1342,KAIDON,18
1342,KAMARI,18
1342,KENAN,18
1342,KYMANI,18
1342,KYREN,18
1342,LLEYTON,18
1342,LUCIANO,18
1342,MATEI,18
1342,MATTHIAS,18
1342,MOISHE,18
1342,MONTAGUE,18
1342,MURPHY,18
1342,NABEEL,18
1342,OZZY,18
1342,PIETRO,18
1342,RAIF,18
1342,RAVI,18
1342,REON,18
1342,RUI,18
1342,SHAKEEL,18
1342,STEVE,18
1342,T-JAY,18
1342,TYSON,18
1342,WALID,18
1342,YI,18
1342,YUSIF,18
1342,ZHI,18
1342,ZIGGY,18
1398,AIMAN,17
1398,ANIS,17
1398,ARNOLD,17
1398,BODIE,17
1398,BRANDEN,17
1398,BRAXTON,17
1398,CEEJAY,17
1398,CHARLEE,17
1398,CORIN,17
1398,CYPRIAN,17
1398,DARWIN,17
1398,DAYTON,17
1398,EASHAN,17
1398,EMILIS,17
1398,EOGHAN,17
1398,ERIKAS,17
1398,ESSA,17
1398,FRANKLYN,17
1398,GURVEER,17
1398,HAKEEM,17
1398,HAL,17
1398,HORATIO,17
1398,INIGO,17
1398,KAELEN,17
1398,KAMRON,17
1398,KARSON,17
1398,KEANE,17
1398,KEREM,17
1398,KRISHNA,17
1398,LUCIUS,17
1398,MALAKI,17
1398,MANAV,17
1398,MARKUSS,17
1398,MEIR,17
1398,MUADH,17
1398,MURTAZA,17
1398,NILE,17
1398,OLAMIDE,17
1398,OLLI,17
1398,QUENTIN,17
1398,ROHAAN,17
1398,ROSSI,17
1398,TOBIASZ,17
1398,TYLA,17
1398,TYLOR,17
1398,TYREESE,17
1398,WEI,17
1398,YANIS,17
1398,ZIDANE,17
1447,AARAN,16
1447,ALBAN,16
1447,AQEEL,16
1447,AQIB,16
1447,ARIEL,16
1447,ARIF,16
1447,ARMANI,16
1447,ARONAS,16
1447,AUGUSTUS,16
1447,AVI,16
1447,AZEEM,16
1447,BOE,16
1447,CAMPBELL,16
1447,CAVAN,16
1447,CONNAH,16
1447,CRISTIANO,16
1447,DANIAL,16
1447,DANYAAL,16
1447,DENNY,16
1447,DEVEN,16
1447,DILRAJ,16
1447,DIOGO,16
1447,DONNIE,16
1447,EFAN,16
1447,ELYAS,16
1447,ETHAN-JAMES,16
1447,FINLEE,16
1447,FLORIAN,16
1447,GIACOMO,16
1447,GIORGIO,16
1447,GRACJAN,16
1447,GRAHAM,16
1447,GRIFF,16
1447,HARVEER,16
1447,HASHIR,16
1447,ISIAH,16
1447,JACK-JAMES,16
1447,JAMEEL,16
1447,JASRAJ,16
1447,JOBE,16
1447,JOZEF,16
1447,KAIYAN,16
1447,KAYLEB,16
1447,KEIAN,16
1447,KEYAN,16
1447,KHALEEL,16
1447,KIEREN,16
1447,KING,16
1447,KODIE,16
1447,LEWI,16
1447,MAHAMED,16
1447,MANTAS,16
1447,MARKO,16
1447,MUHAMED,16
1447,NEHEMIAH,16
1447,NIKOLAI,16
1447,NYLE,16
1447,OLIVER-JAMES,16
1447,ORAN,16
1447,RAHMAN,16
1447,RAIDEN,16
1447,RUBIN,16
1447,SAXON,16
1447,SOHAN,16
1447,STIRLING,16
1447,SUDAIS,16
1447,TAIO,16
1447,TAJUS,16
1447,TIM,16
1447,TJ,16
1447,TOBIN,16
1447,WASIM,16
1447,YASSER,16
1447,ZACHARIAS,16
1447,ZAHIR,16
1522,ABDULAHI,15
1522,AHSAN,15
1522,ALASDAIR,15
1522,ALBI,15
1522,ANAND,15
1522,ANWAR,15
1522,ARTIN,15
1522,AVROHOM,15
1522,AYDAN,15
1522,AYYUB,15
1522,AZAN,15
1522,AZIZ,15
1522,AZLAN,15
1522,BERAT,15
1522,BLAZE,15
1522,BOAZ,15
1522,BOBBI,15
1522,BRANDON-LEE,15
1522,CEM,15
1522,CHAY,15
1522,COBI,15
1522,COBIE,15
1522,CORBYN,15
1522,DAUD,15
1522,DIMITRI,15
1522,DONTAE,15
1522,DYLLAN,15
1522,EBRAHIM,15
1522,EESAH,15
1522,ELLISON,15
1522,EMMETT,15
1522,FAHIM,15
1522,FOX,15
1522,FREDRIK,15
1522,GREYSON,15
1522,GUTO,15
1522,HAIDAR,15
1522,HARLEM,15
1522,JAYCE,15
1522,JAYCOB,15
1522,JEDIDIAH,15
1522,JOSEFF,15
1522,KACEY,15
1522,KALVIN,15
1522,KAMEEL,15
1522,KAYDEN-LEE,15
1522,KEALAN,15
1522,KEANU,15
1522,KEITH,15
1522,KONNOR,15
1522,KORNEL,15
1522,KURT,15
1522,KYDEN,15
1522,LARS,15
1522,MAURICE,15
1522,MIKEL,15
1522,NICK,15
1522,PAOLO,15
1522,PERRY,15
1522,QUINLAN,15
1522,RAIYAN,15
1522,RAYYAAN,15
1522,RENE,15
1522,RIAZ,15
1522,RIDWAAN,15
1522,ROBERTO,15
1522,ROBSON,15
1522,ROLAND,15
1522,STAN,15
1522,SUHAIB,15
1522,SUHAYB,15
1522,THEODOR,15
1522,TOBEY,15
1522,TOBIE,15
1522,TOMI,15
1522,TYRON,15
1522,UZAYR,15
1522,YACINE,15
1600,ADHAM,14
1600,AEDAN,14
1600,ALBION,14
1600,AMRIT,14
1600,ARTEM,14
1600,AUSTEN,14
1600,BABY,14
1600,BALRAJ,14
1600,BECK,14
1600,BENNY,14
1600,BERTRAM,14
1600,BLAZEJ,14
1600,BO,14
1600,CAMDEN,14
1600,CASTIEL,14
1600,CHRISTOS,14
1600,COBEN,14
1600,DAKSH,14
1600,DEIO,14
1600,DENAS,14
1600,DENVER,14
1600,DIVINE,14
1600,DOV,14
1600,ETHEN,14
1600,EZEL,14
1600,FAHEEM,14
1600,GABRIELIUS,14
1600,GIAN,14
1600,GIL,14
1600,GRIFFIN,14
1600,GRUFFYDD,14
1600,HARLOW,14
1600,HENDRIX,14
1600,IANIS,14
1600,JAYDN,14
1600,JOSS,14
1600,KAIF,14
1600,KAVAN,14
1600,KEGAN,14
1600,KELLAN,14
1600,KENNEDY,14
1600,KWAME,14
1600,LEMUEL,14
1600,LEWYS,14
1600,LINDEN,14
1600,LLION,14
1600,LLYR,14
1600,MACAULAY,14
1600,MAHMOUD,14
1600,MANVIR,14
1600,MARIUS,14
1600,MARLOW,14
1600,MATEUS,14
1600,MICHEAL,14
1600,NATHANIAL,14
1600,NIGEL,14
1600,OBINNA,14
1600,OCEAN,14
1600,PHARRELL,14
1600,PREM,14
1600,RIDLEY,14
1600,ROGER,14
1600,ROMARIO,14
1600,RUARI,14
1600,SALAHUDDIN,14
1600,SALMAAN,14
1600,SHAHZAIB,14
1600,SHAHZAIN,14
1600,SHAYDEN,14
1600,SHELDON,14
1600,SHLOIME,14
1600,SHREY,14
1600,STORM,14
1600,SULEIMAN,14
1600,TALAL,14
1600,TALIESIN,14
1600,TAMIM,14
1600,TANVEER,14
1600,TAYLOR-JAMES,14
1600,TIAN,14
1600,TRAE,14
1600,USMAAN,14
1600,VINCENZO,14
1600,WARRICK,14
1600,YAD,14
1600,ZAEEM,14
1600,ZAHEER,14
1600,ZEPHANIAH,14
1688,ADEEL,13
1688,ADEL,13
1688,ADRIEL,13
1688,AHYAN,13
1688,ALAND,13
1688,ANDRES,13
1688,ANDREY,13
1688,ANEES,13
1688,ARIYAN,13
1688,ARLEY,13
1688,BARNABAS,13
1688,BASIL,13
1688,BILAAL,13
1688,BILL,13
1688,BRADEN,13
1688,CAELEN,13
1688,COLTON,13
1688,CORDELL,13
1688,CRISTIAN,13
1688,DANE,13
1688,DIESEL,13
1688,DONOVAN,13
1688,DRE,13
1688,EDDISON,13
1688,EMRYS,13
1688,FAARIS,13
1688,FAVOUR,13
1688,FRANKIE-LEE,13
1688,FREDERIK,13
1688,GEOFFREY,13
1688,GRAY,13
1688,GUSTAS,13
1688,HAMAD,13
1688,HARJOT,13
1688,HARVEY-JAMES,13
1688,HUMPHREY,13
1688,HUSNAIN,13
1688,IHSAAN,13
1688,ILYAAS,13
1688,ISAC,13
1688,JORDON,13
1688,KAILUM,13
1688,KARANVEER,13
1688,KASHIF,13
1688,KORY,13
1688,KRISTOPHER,13
1688,LEO-JAMES,13
1688,LOGAN-JAMES,13
1688,LUAN,13
1688,LUCUS,13
1688,LUQMAAN,13
1688,MALACHAI,13
1688,MASON-LEE,13
1688,MATHEUS,13
1688,MATTY,13
1688,MAVERICK,13
1688,MIKA,13
1688,MIR,13
1688,NAVRAJ,13
1688,NOAM,13
1688,OBI,13
1688,ODIN,13
1688,OLUWAFERANMI,13
1688,OZAN,13
1688,PARTH,13
1688,PAVAN,13
1688,PAVEL,13
1688,PIERRE,13
1688,RAHAT,13
1688,RAMONE,13
1688,RASHID,13
1688,REYANSH,13
1688,RHYDIAN,13
1688,RIYAD,13
1688,SAHIR,13
1688,SAIFAN,13
1688,SALEM,13
1688,SAMIUL,13
1688,SASHA,13
1688,SHAI,13
1688,SHOAIB,13
1688,SIMAS,13
1688,SPIKE,13
1688,STEPHAN,13
1688,SUHAIL,13
1688,SYLVESTER,13
1688,THOM,13
1688,TINASHE,13
1688,TOBI,13
1688,TOR,13
1688,TREVOR,13
1688,TYLAN,13
1688,UMER,13
1688,VALENTIN,13
1688,VANSH,13
1688,WIL,13
1688,WILLOUGHBY,13
1688,WOODROW,13
1688,YAQOOB,13
1688,ZEKE,13
1788,ABU-BAKR,12
1788,ACER,12
1788,ADRIANO,12
1788,ADVIK,12
1788,AKASH,12
1788,AKEEM,12
1788,ALBERTO,12
1788,ALEKSANDR,12
1788,ALIEU,12
1788,ANMOL,12
1788,ARIA,12
1788,ART,12
1788,ARUSH,12
1788,ASTIN,12
1788,AUGUSTAS,12
1788,AUSTYN,12
1788,AVERY,12
1788,BAILEE,12
1788,BRENDEN,12
1788,BROOK,12
1788,BURHAN,12
1788,BUSTER,12
1788,CADAN,12
1788,CHAISE,12
1788,CHINEDU,12
1788,CHRISTO,12
1788,CLARKE,12
1788,CONALL,12
1788,CORBAN,12
1788,DANIIL,12
1788,DARAGH,12
1788,DARIO,12
1788,DASTAN,12
1788,DAVI,12
1788,DAYYAN,12
1788,DERREN,12
1788,DIYAN,12
1788,DUDLEY,12
1788,DYLAN-JAMES,12
1788,EBENEZER,12
1788,EDUARDO,12
1788,EHAN,12
1788,ELAN,12
1788,ELIAN,12
1788,ELIOTT,12
1788,EUGENE,12
1788,FELIPE,12
1788,FRAISER,12
1788,FRAZIER,12
1788,GILES,12
1788,GIUSEPPE,12
1788,HAMAAD,12
1788,HARLEY-JAMES,12
1788,HAYYAN,12
1788,HEZEKIAH,12
1788,IANTO,12
1788,IGNACY,12
1788,IMAN,12
1788,IMMANUEL,12
1788,IONUT,12
1788,JACOB-JAMES,12
1788,JENSON-JAMES,12
1788,JOHANNES,12
1788,JOHNATHON,12
1788,JOTHAM,12
1788,KAIRAN,12
1788,KAL-EL,12
1788,KASON,12
1788,KENLEY,12
1788,KERIM,12
1788,KESHAV,12
1788,KEVINAS,12
1788,KIAAN,12
1788,KIRK,12
1788,KORI,12
1788,KRISTUPAS,12
1788,LAITON,12
1788,LARRY,12
1788,LEIGH,12
1788,LEONEL,12
1788,LUCAS-JAMES,12
1788,LYNDEN,12
1788,MAAZ,12
1788,MALEK,12
1788,MARTY,12
1788,MELVIN,12
1788,MIHRAN,12
1788,MIROSLAV,12
1788,MOIZ,12
1788,MUBARAK,12
1788,NUH,12
1788,OSKARAS,12
1788,PIERS,12
1788,PRANAY,12
1788,QUINTON,12
1788,RAJ,12
1788,RAMI,12
1788,RILEY-JOE,12
1788,RONI,12
1788,ROSCOE,12
1788,RUARIDH,12
1788,RYAAN,12
1788,SALAH,12
1788,SAWYER,12
1788,SHALOM,12
1788,SHLOK,12
1788,SONNI,12
1788,TAHEEM,12
1788,TAYLEN,12
1788,TEJAS,12
1788,TERRENCE,12
1788,THEOPHILUS,12
1788,THOMAS-JAY,12
1788,TOMMI,12
1788,VLADISLAV,12
1788,YAKUB,12
1788,YIGIT,12
1788,YUNIS,12
1788,YUSHA,12
1788,ZECHARIAH,12
1788,ZEPHYR,12
1909,AABAN,11
1909,AADI,11
1909,ABD,11
1909,ABDUL-RAHEEM,11
1909,ABHAY,11
1909,ABYAN,11
1909,ALEXEI,11
1909,ALFIE-JACK,11
1909,ALPHA,11
1909,AMANI,11
1909,ANGEL,11
1909,ARIJUS,11
1909,ARMANDO,11
1909,ASHDON,11
1909,AYHAM,11
1909,AYUUB,11
1909,AZAD,11
1909,BENIAMIN,11
1909,BENSON,11
1909,BOBBY-LEE,11
1909,BOYD,11
1909,BRAD,11
1909,BRAEDEN,11
1909,BRANDAN,11
1909,BRODEY,11
1909,CAEL,11
1909,CAINE,11
1909,CAIRON,11
1909,CALLEN,11
1909,CASH,11
1909,CHANCE,11
1909,CHAYCE,11
1909,CHRISTY,11
1909,CLINTON,11
1909,D'ANDRE,11
1909,DANNY-LEE,11
1909,DARNELL,11
1909,DARYL,11
1909,DASHIELL,11
1909,DEMPSEY,11
1909,DEVONTE,11
1909,DOLTON,11
1909,DOMANTAS,11
1909,DOMINICK,11
1909,DON,11
1909,DYFAN,11
1909,ENRICO,11
1909,EVREN,11
1909,FARES,11
1909,FEDERICO,11
1909,FERDINAND,11
1909,GAGE,11
1909,GIANNI,11
1909,GLENN,11
1909,GODWIN,11
1909,HARLIE,11
1909,HARRY-JAMES,11
1909,HESTON,11
1909,ILIAS,11
1909,INNES,11
1909,ISMA'IL,11
1909,JASKIRAT,11
1909,JEAN,11
1909,JEFFERSON,11
1909,JET,11
1909,JUNAYD,11
1909,KENZIE-LEE,11
1909,KSAWIER,11
1909,KUZEY,11
1909,LEMAR,11
1909,LEWIN,11
1909,LIBAN,11
1909,LOIC,11
1909,LUCAN,11
1909,MAHMOOD,11
1909,MALCOLM,11
1909,MARTIM,11
1909,MATTIA,11
1909,MATYAS,11
1909,MAYANK,11
1909,MCKENZIE-LEE,11
1909,MIKAYEEL,11
1909,MOHID,11
1909,MOMIN,11
1909,MOOSA,11
1909,MORDECHAI,11
1909,MUAAD,11
1909,MUAAZ,11
1909,MUSTAPHA,11
1909,NOAH-JAMES,11
1909,NOOR,11
1909,NORBERT,11
1909,OLI,11
1909,OLUWADEMILADE,11
1909,OLUWATIMILEHIN,11
1909,ONUR,11
1909,PARSA,11
1909,PTOLEMY,11
1909,RAFAL,11
1909,RAIFE,11
1909,RAMZI,11
1909,REED,11
1909,REESE,11
1909,ROKAS,11
1909,SAIFULLAH,11
1909,SALIM,11
1909,SAMAR,11
1909,SEYED,11
1909,SHAYLAN,11
1909,SHLOMO,11
1909,SOHAM,11
1909,STEFANO,11
1909,SUFIAN,11
1909,TAHMID,11
1909,TARUN,11
1909,TAWHID,11
1909,TAYLER,11
1909,TEODOR,11
1909,TIERNAN,11
1909,TUDOR,11
1909,UMUT,11
1909,WASEEM,11
1909,YAHYE,11
1909,YAMEEN,11
1909,YANNICK,11
1909,YASSINE,11
1909,YOUNIS,11
1909,ZACKARIYA,11
1909,ZAHID,11
1909,ZINEDINE,11
2039,AARNAV,10
2039,ABDALLA,10
2039,ABDUL-RAHMAN,10
2039,ABDULLA,10
2039,ABID,10
2039,ABIR,10
2039,ADITHYA,10
2039,ADRIEN,10
2039,AIRONAS,10
2039,ALDEN,10
2039,ALEKSANDAR,10
2039,ALFY,10
2039,ALLEN,10
2039,ANDREA,10
2039,ANDRZEJ,10
2039,ARMINAS,10
2039,ARTIE,10
2039,AUM,10
2039,AVRAHAM,10
2039,BARRY,10
2039,BLAISE,10
2039,BLEDDYN,10
2039,BLEU,10
2039,BOWEN,10
2039,BRAJAN,10
2039,CAOLAN,10
2039,CASS,10
2039,CAYLEB,10
2039,CHARLIE-JAY,10
2039,CHEN,10
2039,CJ,10
2039,CODI,10
2039,CONSTANTIN,10
2039,CONSTANTINE,10
2039,CORNELIUS,10
2039,DAKOTA,10
2039,DAVEY,10
2039,DAX,10
2039,DERRY,10
2039,DESMOND,10
2039,DEVESH,10
2039,DHARAM,10
2039,DINO,10
2039,DONTAY,10
2039,DOUGAL,10
2039,EASON,10
2039,EATHAN,10
2039,EDIZ,10
2039,EDWYN,10
2039,EHSAAN,10
2039,ELISEI,10
2039,FAIZ,10
2039,FAWAZ,10
2039,FRANCO,10
2039,FRASIER,10
2039,GERRARD,10
2039,GERRY,10
2039,GETHYN,10
2039,GRUFFUDD,10
2039,GURSHAAN,10
2039,GURSHAN,10
2039,HABEEB,10
2039,HALIL,10
2039,HARRIE,10
2039,HARVIE,10
2039,HASSAAN,10
2039,HIMMAT,10
2039,HOWARD,10
2039,HUSAYN,10
2039,HYWEL,10
2039,IGNAS,10
2039,IMAAD,10
2039,IOSIF,10
2039,IZAK,10
2039,JABRIL,10
2039,JAD,10
2039,JALAL,10
2039,JALEN,10
2039,JEET,10
2039,JING,10
2039,JOBAN,10
2039,JOHNNIE,10
2039,JUSTICE,10
2039,KAISER,10
2039,KALEN,10
2039,KIRILL,10
2039,KOHEN,10
2039,KONSTANTINOS,10
2039,KRISTIANS,10
2039,KUSHAL,10
2039,KYRO,10
2039,LESLIE,10
2039,LEVENTE,10
2039,LEVON,10
2039,LUI,10
2039,LUIGI,10
2039,LYSANDER,10
2039,MAJID,10
2039,MARLO,10
2039,MASON-JAMES,10
2039,MAWGAN,10
2039,MCKINLEY,10
2039,MEKHI,10
2039,MERLIN,10
2039,MOHAMMOD,10
2039,MOISE,10
2039,MUHAMAD,10
2039,MUNASHE,10
2039,MUZAMMIL,10
2039,NADIR,10
2039,NAHUM,10
2039,NARAYAN,10
2039,NASRI,10
2039,NICKY,10
2039,OLANREWAJU,10
2039,OLE,10
2039,OLUWASEMILORE,10
2039,OLUWATIMILEYIN,10
2039,OREN,10
2039,QUINCY,10
2039,RAHAND,10
2039,RAJVIR,10
2039,RAMAN,10
2039,RANVIR,10
2039,REEF,10
2039,RHYLIE,10
2039,RILEE,10
2039,RILEIGH,10
2039,RISHAAN,10
2039,ROWEN,10
2039,RUBAN,10
2039,SAJID,10
2039,SAJJAD,10
2039,SALVADOR,10
2039,SAN,10
2039,SHADRACH,10
2039,SHAHEER,10
2039,SHIVEN,10
2039,SHREYAS,10
2039,SOUL,10
2039,SULEYMAN,10
2039,TAIT,10
2039,TAMEEM,10
2039,TASEEN,10
2039,TAYLOR-JAY,10
2039,TITAS,10
2039,TOMMY-JAY,10
2039,TYREE,10
2039,VIGGO,10
2039,VITO,10
2039,WEN,10
2039,ZEBEDEE,10
2039,ZIA,10
2039,ZOHAIR,10
2039,ZUHAIR,10
2194,AADITYA,9
2194,AAQIB,9
2194,AARISH,9
2194,ABDINASIR,9
2194,ABDULLAAH,9
2194,ABDUR-RAHMAAN,9
2194,ABE,9
2194,ADRIANS,9
2194,AKBAR,9
2194,AKSHAJ,9
2194,ALEXI,9
2194,ALFIE-GEORGE,9
2194,ALFIE-JOHN,9
2194,ALISTER,9
2194,ALVARO,9
2194,AMINE,9
2194,AODHAN,9
2194,ARASH,9
2194,ARCHIE-LEE,9
2194,ARMIN,9
2194,ARNIE,9
2194,ARTURS,9
2194,AZLAAN,9
2194,BAILEY-JAMES,9
2194,BARAN,9
2194,BARTEK,9
2194,BENCE,9
2194,BILLIE,9
2194,BRODEN,9
2194,BRONSON,9
2194,CAIDAN,9
2194,CALAN,9
2194,CAN,9
2194,CHARLTON,9
2194,CHARLY,9
2194,CHINONSO,9
2194,CHUKWUEMEKA,9
2194,CLAUDE,9
2194,CLYDE,9
2194,CONNOR-JAMES,9
2194,DAREN,9
2194,DARSHAN,9
2194,DAVE,9
2194,DEMETRI,9
2194,DEVYN,9
2194,ED,9
2194,EDMOND,9
2194,EIMANTAS,9
2194,ENIS,9
2194,ERON,9
2194,ERROL,9
2194,ERVIN,9
2194,FAREED,9
2194,FARLEY,9
2194,FARREN,9
2194,FARRIS,9
2194,FELIKS,9
2194,FENN,9
2194,FINNEGAN,9
2194,FIRAS,9
2194,FURQAN,9
2194,GEORGI,9
2194,GONCALO,9
2194,GREGOR,9
2194,GURNOOR,9
2194,GUSTAVS,9
2194,HAMDAN,9
2194,HAN,9
2194,HANAD,9
2194,HANIF,9
2194,HARITH,9
2194,HARTLEY,9
2194,HAYTHAM,9
2194,HENRIK,9
2194,HOWIE,9
2194,HUSAIN,9
2194,IKE,9
2194,ILAN,9
2194,INDIGO,9
2194,IOANNIS,9
2194,ISAM,9
2194,JABIR,9
2194,JACEK,9
2194,JAHEIM,9
2194,JAKSON,9
2194,JASKARAN,9
2194,JAXEN,9
2194,JAYME,9
2194,JESSE-JAMES,9
2194,JIBRAN,9
2194,JOASH,9
2194,JOBY,9
2194,JOHANN,9
2194,JOKUBAS,9
2194,JONJO,9
2194,JORIS,9
2194,JOSHAN,9
2194,KAIDEN-LEE,9
2194,KALE,9
2194,KALEEM,9
2194,KALEL,9
2194,KAVISH,9
2194,KAYDEN-JAMES,9
2194,KEAN,9
2194,KENZI,9
2194,KEVINS,9
2194,KILLIAN,9
2194,KIYAAN,9
2194,KORAY,9
2194,LAYTH,9
2194,LEBRON,9
2194,LEV,9
2194,LIONEL,9
2194,LLEWELYN,9
2194,LOUKAS,9
2194,MALICK,9
2194,MAMADOU,9
2194,MARTYNAS,9
2194,MATIN,9
2194,MAXIMILIEN,9
2194,MAXIMILLION,9
2194,MAXYMILIAN,9
2194,MEER,9
2194,MICAIAH,9
2194,MIHIR,9
2194,MIKA'IL,9
2194,MIKE,9
2194,MILLAN,9
2194,MUJAHID,9
2194,MURAD,9
2194,MYRON,9
2194,NALI,9
2194,NAMAN,9
2194,NASIR,9
2194,NAVID,9
2194,OLLIVER,9
2194,OLUWASEUN,9
2194,OLUWATOMIWA,9
2194,OMID,9
2194,ORIN,9
2194,OSWALD,9
2194,OWYN,9
2194,PETROS,9
2194,PEYTON,9
2194,RAFAY,9
2194,RAFFAELE,9
2194,RALF,9
2194,RAM,9
2194,RAMSEY,9
2194,RATU,9
2194,RED,9
2194,REES,9
2194,REUEL,9
2194,RIELLY,9
2194,ROARY,9
2194,ROHIT,9
2194,RONIN,9
2194,RUZGAR,9
2194,SAAHIL,9
2194,SADIQ,9
2194,SAHIBJOT,9
2194,SAMUELE,9
2194,SARTAJ,9
2194,SEVE,9
2194,SHAD,9
2194,SHAHAN,9
2194,SHIA,9
2194,SHMUEL,9
2194,SHUAIB,9
2194,SUKHRAJ,9
2194,TAFARI,9
2194,TARANVEER,9
2194,TATENDA,9
2194,THOMAS-JAMES,9
2194,TIGER,9
2194,TOMMYLEE,9
2194,TOMS,9
2194,TYLAR,9
2194,VEDANT,9
2194,VINCE,9
2194,VIREN,9
2194,VLAD,9
2194,WAHAB,9
2194,WARWICK,9
2194,YAAKOV,9
2194,YAN,9
2194,YASSIR,9
2194,YOUCEF,9
2194,YURI,9
2194,YUSAF,9
2194,ZARIF,9
2194,ZAYED,9
2194,ZEN,9
2194,ZIAD,9
2194,ZIDAN,9
2194,ZUHAIB,9
2390,AARON-JAMES,8
2390,AASHIR,8
2390,ABAAN,8
2390,ABDULKARIM,8
2390,ABDULMALIK,8
2390,ABDULRAHIM,8
2390,ABDUS,8
2390,ABHIJOT,8
2390,ADISON,8
2390,ADONIS,8
2390,AFONSO,8
2390,AHARON,8
2390,AKEEL,8
2390,AKSHAY,8
2390,ALEXIS,8
2390,ALEXZANDER,8
2390,AMAAD,8
2390,AMBROSE,8
2390,AMER,8
2390,ANIL,8
2390,ANIRUDH,8
2390,ARCHY,8
2390,ARHAAN,8
2390,ARIS,8
2390,ARYAMAN,8
2390,ASHDEN,8
2390,ASHRAF,8
2390,ASHTON-JAY,8
2390,ASIF,8
2390,ATHARV,8
2390,ATIF,8
2390,AUGUSTIN,8
2390,AVINASH,8
2390,AVRAM,8
2390,AXL,8
2390,AZARIAH,8
2390,BERKAY,8
2390,BILLY-JOE,8
2390,BINYOMIN,8
2390,BLAIR,8
2390,BLAKELY,8
2390,CAEDEN,8
2390,CAELEB,8
2390,CAMERON-JAMES,8
2390,CELT,8
2390,CEZARY,8
2390,CHAYSE,8
2390,CHUKWUKA,8
2390,COLBIE,8
2390,CORI,8
2390,COURTNEY,8
2390,DAANYAAL,8
2390,DANIELIS,8
2390,DANTAE,8
2390,DAVIS,8
2390,DENLEY,8
2390,DHAIRYA,8
2390,DHIREN,8
2390,DRU,8
2390,EGAN,8
2390,ELIEZER,8
2390,ELNATHAN,8
2390,ELY,8
2390,EMAD,8
2390,EMILIJUS,8
2390,ERDI,8
2390,ERFAN,8
2390,EWEN,8
2390,FABIEN,8
2390,FARID,8
2390,FAYZAN,8
2390,FILIPE,8
2390,FINLEIGH,8
2390,FRAIZER,8
2390,FREDRIC,8
2390,GABRIELE,8
2390,GEORGIO,8
2390,GUNEY,8
2390,GURJEEVAN,8
2390,HAASHIM,8
2390,HARDY,8
2390,HARLEN,8
2390,HARVI,8
2390,HUSEYIN,8
2390,ILYA,8
2390,INDIE,8
2390,ISAA,8
2390,ISSAM,8
2390,IZAIAH,8
2390,JAEDON,8
2390,JAHMAI,8
2390,JAIDEN-LEE,8
2390,JAIVEER,8
2390,JAMAAL,8
2390,JAYDEN-JOHN,8
2390,JAYLON,8
2390,JIBREEL,8
2390,JIN,8
2390,JOAB,8
2390,JOACHIM,8
2390,JOVI,8
2390,KAAMIL,8
2390,KAIDE,8
2390,KAIS,8
2390,KAISAN,8
2390,KALAN,8
2390,KALIB,8
2390,KASPIAN,8
2390,KAVI,8
2390,KAYDN,8
2390,KAYRA,8
2390,KAZI,8
2390,KEO,8
2390,KESTER,8
2390,KEYON,8
2390,KHALIFA,8
2390,KIEFER,8
2390,KIEN,8
2390,KODEY,8
2390,KORBEN,8
2390,KYLEN,8
2390,LASZLO,8
2390,LEELAND,8
2390,LENNARD,8
2390,LEYLAND,8
2390,LOGUN,8
2390,LOWEN,8
2390,LUCIO,8
2390,LUDOVIC,8
2390,MADHAV,8
2390,MADOC,8
2390,MAKENZIE,8
2390,MAKSYM,8
2390,MALIKAI,8
2390,MARLOWE,8
2390,MARSHAL,8
2390,MARTYN,8
2390,MEHRAN,8
2390,MENACHEM,8
2390,MICKY,8
2390,MILEY,8
2390,MIRAN,8
2390,MORTEN,8
2390,MUHSIN,8
2390,MUNASAR,8
2390,MUS'AB,8
2390,NAEL,8
2390,NAHOM,8
2390,NAIM,8
2390,NARYAN,8
2390,NAVEED,8
2390,NEAL,8
2390,NEEV,8
2390,NIDAL,8
2390,OLUWAJOMILOJU,8
2390,PANAYIOTIS,8
2390,PARMVEER,8
2390,PAULO,8
2390,PERCIVAL,8
2390,PIRAN,8
2390,QAIS,8
2390,RAEF,8
2390,RAFIQ,8
2390,RAHIL,8
2390,REEVE,8
2390,REIS,8
2390,REN,8
2390,RENZO,8
2390,ROBERTAS,8
2390,RODIN,8
2390,ROJUS,8
2390,RONAK,8
2390,RONALDO,8
2390,SAMAD,8
2390,SAMARTH,8
2390,SAMRAJ,8
2390,SANTHOSH,8
2390,SAQIB,8
2390,SAUD,8
2390,SERGIO,8
2390,SHAKIL,8
2390,SHAN,8
2390,SIDDHANT,8
2390,SKYLER,8
2390,STEWART,8
2390,SUHAAN,8
2390,SYRUS,8
2390,TANAY,8
2390,TANUSH,8
2390,TAYE,8
2390,TAYO,8
2390,TEMILOLUWA,8
2390,TEON,8
2390,THIERRY,8
2390,THOR,8
2390,TIMO,8
2390,TOLUWALASE,8
2390,TOMASS,8
2390,TOMMASO,8
2390,TORBEN,8
2390,TREMAINE,8
2390,UMAYR,8
2390,VIKRAM,8
2390,VISHNU,8
2390,VIVEK,8
2390,VLADIMIR,8
2390,WAHID,8
2390,WILFRID,8
2390,WISDOM,8
2390,XAVI,8
2390,YACQUB,8
2390,YANNIS,8
2390,YOHAN,8
2390,YONIS,8
2390,YUVRAAJ,8
2390,ZACARY,8
2390,ZACKARIAH,8
2390,ZAIDEN,8
2390,ZAYDAN,8
2390,ZEPHAN,8
2390,ZEV,8
2390,ZHEN,8
2390,ZICO,8
2613,A,7
2613,A-JAY,7
2613,AARIB,7
2613,ABDIFATAH,7
2613,ABDOULIE,7
2613,ABDUL-HADI,7
2613,ABDULHADI,7
2613,ABDULREHMAN,7
2613,ABDULSAMAD,7
2613,ABHIRAJ,7
2613,ABRAR,7
2613,ABUBAKER,7
2613,ADAMAS,7
2613,ADIB,7
2613,ADRIJUS,7
2613,AERON,7
2613,AFZAL,7
2613,AKIL,7
2613,AKIVA,7
2613,ALIM,7
2613,ALYAAN,7
2613,AMR,7
2613,ANSON,7
2613,ARAFAT,7
2613,ARES,7
2613,ARION,7
2613,ARLAN,7
2613,ARSALAN,7
2613,ARSHMAN,7
2613,ASHAZ,7
2613,ASHTON-JAMES,7
2613,ASHTON-LEE,7
2613,ATHARVA,7
2613,AYAAZ,7
2613,AYODEJI,7
2613,BALAZS,7
2613,BARTHOLOMEW,7
2613,BEAR,7
2613,BENNETT,7
2613,BENOIT,7
2613,BERNARDO,7
2613,BEVAN,7
2613,BILLY-RAY,7
2613,BLU,7
2613,BOBBY-JOE,7
2613,BRACKEN,7
2613,BRAIDON,7
2613,BRINLEY,7
2613,BRODI,7
2613,CARLITO,7
2613,CEDRIC,7
2613,CHANNING,7
2613,CHARLIE-JOE,7
2613,CHENG,7
2613,CHI,7
2613,CHIBUIKEM,7
2613,CHIDUBEM,7
2613,CHRISTIAAN,7
2613,CODY-JAY,7
2613,CONNOR-LEE,7
2613,DAIYAN,7
2613,DANAR,7
2613,DANIL,7
2613,DANYL,7
2613,DEEP,7
2613,DEIVIDS,7
2613,DESTINY,7
2613,DEVANSH,7
2613,DIXON,7
2613,DOVID,7
2613,EARL,7
2613,EBAN,7
2613,EBRIMA,7
2613,EDOARDO,7
2613,EDVINAS,7
2613,EESAA,7
2613,ELDEN,7
2613,EMILIANO,7
2613,EMRAN,7
2613,ENIOLA,7
2613,ERDEM,7
2613,FARAN,7
2613,FARDEEN,7
2613,FAUSTAS,7
2613,FINDLEY,7
2613,FINIAN,7
2613,FINTON,7
2613,FLYN,7
2613,GARRY,7
2613,GAURAV,7
2613,GRADY,7
2613,GRZEGORZ,7
2613,GUILHERME,7
2613,GURJOT,7
2613,HAADI,7
2613,HAKIM,7
2613,HANS,7
2613,HARJAS,7
2613,HARRY-LEE,7
2613,HARVIN,7
2613,HENSON,7
2613,HET,7
2613,HOLDEN,7
2613,HUMAYL,7
2613,IKECHUKWU,7
2613,ILHAM,7
2613,IMTIAZ,7
2613,IS'HAAQ,7
2613,ISAAM,7
2613,ISAK,7
2613,IUSTIN,7
2613,IWO,7
2613,IYAD,7
2613,JACOBY,7
2613,JAHAN,7
2613,JAKOBI,7
2613,JAMES-JUNIOR,7
2613,JASIAH,7
2613,JASMEET,7
2613,JAYCEE,7
2613,JAYMES,7
2613,JELANI,7
2613,JOAQUIN,7
2613,JONATAN,7
2613,JOSIAS,7
2613,JUJHAR,7
2613,JULIUSZ,7
2613,JUSTAS,7
2613,KACI,7
2613,KADIR,7
2613,KAIDYN,7
2613,KAIUS,7
2613,KALUM,7
2613,KASPARAS,7
2613,KASRA,7
2613,KAVYA,7
2613,KAYAAN,7
2613,KAYON,7
2613,KEILAN,7
2613,KELECHI,7
2613,KHAI,7
2613,KITT,7
2613,KLAY,7
2613,KOEN,7
2613,KRISHIV,7
2613,KRISTERS,7
2613,KRUZ,7
2613,KWABENA,7
2613,KY,7
2613,KYSON,7
2613,LAKSH,7
2613,LAMIN,7
2613,LATHAN,7
2613,LAWI,7
2613,LAYNE,7
2613,LOCHLANN,7
2613,LOGAN-JAY,7
2613,LOGAN-LEE,7
2613,LOGHAN,7
2613,LORIS,7
2613,LUDO,7
2613,LUTHER,7
2613,MAHER,7
2613,MALAKYE,7
2613,MARCELL,7
2613,MARCELO,7
2613,MARIAN,7
2613,MARLEY-JAY,7
2613,MARLIE,7
2613,MAXEN,7
2613,MEMPHIS,7
2613,MESHACH,7
2613,METE,7
2613,METIN,7
2613,MITCHEL,7
2613,MUEEZ,7
2613,NAHID,7
2613,NASSER,7
2613,NAZIM,7
2613,NIKOLAOS,7
2613,NIRAV,7
2613,NISHAAN,7
2613,NOBLE,7
2613,NUMAN,7
2613,OAK,7
2613,OJAS,7
2613,OLLEY,7
2613,OLUWADAMILARE,7
2613,ORESTAS,7
2613,ORRIN,7
2613,OSKA,7
2613,OSSIAN,7
2613,OTHNIEL,7
2613,PADRAIG,7
2613,PARAM,7
2613,PAULIUS,7
2613,PAYTON,7
2613,PEREZ,7
2613,PETR,7
2613,PRATHAM,7
2613,RAFFI,7
2613,RANA,7
2613,RAND,7
2613,RAZA,7
2613,REHMAN,7
2613,REILY,7
2613,RHUBEN,7
2613,RHYLAN,7
2613,RICARDS,7
2613,RICHMOND,7
2613,RISHAB,7
2613,RITCHIE,7
2613,RIYAAN,7
2613,ROBERTS,7
2613,RODNEY,7
2613,RUSLAN,7
2613,RYDEN,7
2613,SA'AD,7
2613,SAFI,7
2613,SAHAJ,7
2613,SAHAND,7
2613,SAHIBDEEP,7
2613,SALIH,7
2613,SAMIULLAH,7
2613,SANDEEP,7
2613,SELIM,7
2613,SENAN,7
2613,SEWERYN,7
2613,SHREYAN,7
2613,SIAM,7
2613,SIMAO,7
2613,SIRAJ,7
2613,SOHAIB,7
2613,STANISLAV,7
2613,SULIMAN,7
2613,SULLY,7
2613,SYON,7
2613,T,7
2613,TAFARA,7
2613,TAHIR,7
2613,TAHSIN,7
2613,TAIWO,7
2613,TAKUDZWA,7
2613,TANVIR,7
2613,TAREK,7
2613,TARIK,7
2613,TAWANDA,7
2613,TAYLON,7
2613,TAYYIB,7
2613,TEAGAN,7
2613,TEJ,7
2613,TENDAI,7
2613,TENZIN,7
2613,THAI,7
2613,THIAGO,7
2613,TITUS,7
2613,TOMA,7
2613,TOMMY-JOE,7
2613,TOPRAK,7
2613,TRE,7
2613,TWM,7
2613,UBAIDULLAH,7
2613,UWAIS,7
2613,VALENTINE,7
2613,VASILE,7
2613,VAUGHN,7
2613,VIJAY,7
2613,VINAY,7
2613,VIRAJ,7
2613,WASSIM,7
2613,WOLFGANG,7
2613,YAZAN,7
2613,YONATAN,7
2613,YUVAN,7
2613,ZACHARI,7
2613,ZAIDAN,7
2613,ZAYYAN,7
2613,ZUBAYR,7
2613,ZURIEL,7
2892,AARRON,6
2892,ABDUL-KAREEM,6
2892,ABDULQADIR,6
2892,ACHILLES,6
2892,ADVAY,6
2892,AFRAZ,6
2892,AHNAF,6
2892,AIDEN-JAMES,6
2892,AJANI,6
2892,AKHIL,6
2892,AKIN,6
2892,AKSEL,6
2892,AL,6
2892,ALDO,6
2892,ALEEM,6
2892,ALFIE-JOE,6
2892,ALFONSO,6
2892,AMON,6
2892,ANAKIN,6
2892,ANDI,6
2892,ANEEQ,6
2892,ANEIRIN,6
2892,ANGELOS,6
2892,ANUSH,6
2892,AQIL,6
2892,ARBER,6
2892,ARDIL,6
2892,AREN,6
2892,ARISH,6
2892,ASH,6
2892,ASHAN,6
2892,ASHLEE,6
2892,ASHVIN,6
2892,ASLAN,6
2892,AUGUST,6
2892,AYMAAN,6
2892,AZHAR,6
2892,BADEN,6
2892,BAPTISTE,6
2892,BELAL,6
2892,BENAIAH,6
2892,BENJI,6
2892,BERNIE,6
2892,BHAVYA,6
2892,BINYAMIN,6
2892,BLAYZE,6
2892,BODE,6
2892,BOSTON,6
2892,BOTOND,6
2892,BOUBACAR,6
2892,BRAEDON,6
2892,BRAY,6
2892,BRENT,6
2892,BRILEY,6
2892,BRYSON,6
2892,BURHANUDDIN,6
2892,CAESAR,6
2892,CAILEN,6
2892,CALE,6
2892,CALLUM-JAMES,6
2892,CAMERON-LEE,6
2892,CAMILO,6
2892,CANAAN,6
2892,CAYDAN,6
2892,CAYDN,6
2892,CAYLAN,6
2892,CAYLEN,6
2892,CHARLIE-GEORGE,6
2892,CHISOM,6
2892,CHUKWUDI,6
2892,CIERAN,6
2892,CLARENCE,6
2892,CODY-JAMES,6
2892,COLLIN,6
2892,CYNAN,6
2892,DAITON,6
2892,DANILA,6
2892,DARIAN,6
2892,DARIUSZ,6
2892,DARRYL,6
2892,DAYNE,6
2892,DEEJAY,6
2892,DEION,6
2892,DEMIR,6
2892,DERRICK,6
2892,DEVONTAE,6
2892,DEVRAJ,6
2892,DEYAAN,6
2892,DHEER,6
2892,DHIAN,6
2892,DHILLON,6
2892,DIAMOND,6
2892,DILANAS,6
2892,DIMITRIOS,6
2892,DOMENICO,6
2892,DOMINIKS,6
2892,DONATAS,6
2892,DONNY,6
2892,DREY,6
2892,DUANE,6
2892,DYLANN,6
2892,DYLON,6
2892,EISAH,6
2892,EISSA,6
2892,EITAN,6
2892,EKAMPREET,6
2892,ELDON,6
2892,ELGAN,6
2892,ELIO,6
2892,EMIRHAN,6
2892,EMLYN,6
2892,ERICK,6
2892,ERIN,6
2892,ERIS,6
2892,ESSIEN,6
2892,EVANS,6
2892,FARHAD,6
2892,FARON,6
2892,FARRON,6
2892,FIDEL,6
2892,FINBAR,6
2892,FINNAN,6
2892,FLAVIO,6
2892,FLAVIUS,6
2892,FRANKEY,6
2892,FRANZ,6
2892,FURKAN,6
2892,GABRIELS,6
2892,GASPARD,6
2892,GERAINT,6
2892,GIULIO,6
2892,GLEB,6
2892,GLEN,6
2892,GLYN,6
2892,GORDON,6
2892,GRUFF,6
2892,GURKIRAT,6
2892,GURMAN,6
2892,GWION,6
2892,HADEN,6
2892,HADLEIGH,6
2892,HADYN,6
2892,HAFEEZ,6
2892,HALLAM,6
2892,HANI,6
2892,HARJEEVAN,6
2892,HARLEIGH,6
2892,HARLEY-JOE,6
2892,HAROUN,6
2892,HARRISSON,6
2892,HARVEY-JAY,6
2892,HARVIR,6
2892,HASNAT,6
2892,HENDRIK,6
2892,HENRIKAS,6
2892,HERKUS,6
2892,HUDAYFA,6
2892,HUDHAIFA,6
2892,HUSSAM,6
2892,IBRAAHEEM,6
2892,IDEN,6
2892,IKENNA,6
2892,IKER,6
2892,IKRAM,6
2892,ILYES,6
2892,IMAAN,6
2892,IONATAN,6
2892,JABEZ,6
2892,JACKIE,6
2892,JACUB,6
2892,JACY,6
2892,JADAN,6
2892,JAFAR,6
2892,JAIDYN,6
2892,JAIRAJ,6
2892,JALEEL,6
2892,JAMES-DEAN,6
2892,JAMIAH,6
2892,JANSEN,6
2892,JASPREET,6
2892,JAXXON,6
2892,JAYEN,6
2892,JAYJAY,6
2892,JAYMIE,6
2892,JAYVEER,6
2892,JEFFERY,6
2892,JEVON,6
2892,JIMMY-LEE,6
2892,JOAQUIM,6
2892,JOBI,6
2892,JOHN-JUNIOR,6
2892,JOHNSON,6
2892,JOLYON,6
2892,JORAWAR,6
2892,JORGIE,6
2892,KAEDON,6
2892,KAIAN,6
2892,KAIHAN,6
2892,KAIZER,6
2892,KAMSIYOCHUKWU,6
2892,KARAMVEER,6
2892,KAROLIS,6
2892,KARTER,6
2892,KASH,6
2892,KAYNEN,6
2892,KAZIM,6
2892,KEIGAN,6
2892,KEION,6
2892,KEMARI,6
2892,KEN,6
2892,KENZY,6
2892,KHAN,6
2892,KHARI,6
2892,KHIZAR,6
2892,KHUSHAL,6
2892,KIE,6
2892,KIEAN,6
2892,KLAYTON,6
2892,KONNER,6
2892,KONSTANTIN,6
2892,KORBIN,6
2892,KORDIAN,6
2892,KRISTOFERS,6
2892,KWAKU,6
2892,KYNAN,6
2892,KYON,6
2892,KYRELL,6
2892,KYRESE,6
2892,LAMAR,6
2892,LATIF,6
2892,LAWAND,6
2892,LAWY,6
2892,LEELAN,6
2892,LEEROY,6
2892,LESTER,6
2892,LEVAN,6
2892,LINDON,6
2892,LLEWELLYN,6
2892,LORIK,6
2892,LOUIE-JAY,6
2892,LUAY,6
2892,LUCA-JAMES,6
2892,M,6
2892,MADISON,6
2892,MAESON,6
2892,MAHD,6
2892,MAHIN,6
2892,MAKS,6
2892,MANJOT,6
2892,MARCELLO,6
2892,MARCOS,6
2892,MARLEE,6
2892,MARLI,6
2892,MARLY,6
2892,MARNI,6
2892,MASON-JAY,6
2892,MATHIS,6
2892,MATVEY,6
2892,MAXIMILIANO,6
2892,MIKS,6
2892,MILAD,6
2892,MIRAJ,6
2892,MOHAMUD,6
2892,MOHIB,6
2892,MOUSSA,6
2892,MUAD,6
2892,MUBASHIR,6
2892,MUHAMMAD-ALI,6
2892,MUHAMMAD-YUSUF,6
2892,MUKHTAR,6
2892,NAJIB,6
2892,NAWAF,6
2892,NAZIR,6
2892,NICKOLAS,6
2892,NICOLO,6
2892,NIK,6
2892,NIKLAS,6
2892,NIKOLA,6
2892,NIKOLAY,6
2892,NILS,6
2892,NORMAN,6
2892,NUNO,6
2892,ODHRAN,6
2892,OLIVERS,6
2892,OLLIE-JAY,6
2892,OLUWASEYI,6
2892,OLUWATOSIN,6
2892,OREOLUWA,6
2892,OSHER,6
2892,OUSMAN,6
2892,PACEY,6
2892,PASHA,6
2892,PEARCE,6
2892,PHEONIX,6
2892,PIP,6
2892,PREET,6
2892,PRZEMYSLAW,6
2892,QAZI,6
2892,RADLEY,6
2892,RAEGAN,6
2892,RAFAN,6
2892,RAGHAV,6
2892,RAIHAAN,6
2892,RAMY,6
2892,RAUNAK,6
2892,RENATO,6
2892,RICCARDO,6
2892,RISHAN,6
2892,RIVERS,6
2892,RIYADH,6
2892,ROBEL,6
2892,RODERICK,6
2892,ROHIN,6
2892,ROMAINE,6
2892,RON,6
2892,ROSHAUN,6
2892,RUDYARD,6
2892,RUHAN,6
2892,RUSHIL,6
2892,RYAN-LEE,6
2892,SAABIR,6
2892,SAAMI,6
2892,SABIR,6
2892,SAKIB,6
2892,SALAHUDEEN,6
2892,SALEEM,6
2892,SALVATORE,6
2892,SAMMI,6
2892,SARTHAK,6
2892,SARVESH,6
2892,SENNEN,6
2892,SEYON,6
2892,SHAHEEM,6
2892,SHAKAI,6
2892,SHAKUR,6
2892,SHAMAS,6
2892,SHAQUILLE,6
2892,SHARIF,6
2892,SHAYDON,6
2892,SHAYLEN,6
2892,SHAZIL,6
2892,SHEIK,6
2892,SHERIFF,6
2892,SHIVA,6
2892,SHUAYB,6
2892,SIDDHARTHA,6
2892,SIMBARASHE,6
2892,SIMCHA,6
2892,SINA,6
2892,SINAN,6
2892,SKY,6
2892,SOFIAN,6
2892,SONNY-LEE,6
2892,STANLEE,6
2892,STRUAN,6
2892,SUCCESS,6
2892,SUKHMAN,6
2892,SULAIMAAN,6
2892,SURAJ,6
2892,SYD,6
2892,TADAS,6
2892,TAITE,6
2892,TAIYON,6
2892,TALON,6
2892,TAMJID,6
2892,TAO,6
2892,TAVISH,6
2892,TAWHEED,6
2892,TAYON,6
2892,TEE-JAY,6
2892,TEGAN,6
2892,TERRELL,6
2892,THANE,6
2892,TIMOTEI,6
2892,TIMOTHEE,6
2892,TIRTH,6
2892,TOMMEE,6
2892,TRISTON,6
2892,TYLER-LEE,6
2892,UBAYD,6
2892,UCHECHUKWU,6
2892,UGNIUS,6
2892,UTHMAAN,6
2892,VINNI,6
2892,VIR,6
2892,WAFI,6
2892,WILLIS,6
2892,WITOLD,6
2892,XIN,6
2892,YACOUB,6
2892,YAHIA,6
2892,YANN,6
2892,ZACCHAEUS,6
2892,ZACHARIE,6
2892,ZAHI,6
2892,ZAIN-UL-ABIDEEN,6
2892,ZAIYAN,6
2892,ZAKARIYE,6
2892,ZAKIAH,6
2892,ZAYDEN,6
2892,ZEB,6
2892,ZEESHAAN,6
2892,ZEYAD,6
2892,ZHIR,6
2892,ZISHAN,6
2892,ZIYAAD,6
2892,ZIYAN,6
2892,ZOLTAN,6
3300,AAKASH,5
3300,AARIYAN,5
3300,ABDEL,5
3300,ABDELRAHMAN,5
3300,ABDI,5
3300,ABDIMALIK,5
3300,ABDISHAKUR,5
3300,ABDU,5
3300,ABDUL-AHAD,5
3300,ABDURRAHMAAN,5
3300,ABHIRAM,5
3300,ABHISHEK,5
3300,ABRAHIM,5
3300,ADARSH,5
3300,ADEWALE,5
3300,ADI,5
3300,ADNAAN,5
3300,ADON,5
3300,AGAM,5
3300,AGASTYA,5
3300,AHAAN,5
3300,AIDYN,5
3300,AINSLEY,5
3300,AJAI,5
3300,AJEET,5
3300,AKAAL,5
3300,AKAASH,5
3300,AKSHAR,5
3300,AKSHAYEN,5
3300,ALAM,5
3300,ALBEY,5
3300,ALBIN,5
3300,ALEXANDAR,5
3300,ALEXANDRO,5
3300,ALFEY,5
3300,ALFI,5
3300,ALFIE-THOMAS,5
3300,ALFREDO,5
3300,ALHAJI,5
3300,ALI-AKBAR,5
3300,ALIF,5
3300,ALLISTER,5
3300,ALYAN,5
3300,AMAL,5
3300,ANASS,5
3300,ANATOLE,5
3300,ANDREJ,5
3300,ANDRIUS,5
3300,ARA,5
3300,ARBAAZ,5
3300,ARCHIE-JAMES,5
3300,ARCHIE-JAY,5
3300,AREZ,5
3300,ARIB,5
3300,ARIO,5
3300,ARIZ,5
3300,ARKADIUSZ,5
3300,ARLIE,5
3300,ARMAND,5
3300,ARMANDEEP,5
3300,ARSHAN,5
3300,ARUNDEEP,5
3300,ATILLA,5
3300,ATTILA,5
3300,AUGUSTINE,5
3300,AURELIO,5
3300,AURYN,5
3300,AYDON,5
3300,AYOOLUWA,5
3300,AZIAH,5
3300,AZIM,5
3300,BADR,5
3300,BAI,5
3300,BARIS,5
3300,BASTIAN,5
3300,BAY,5
3300,BAYDEN,5
3300,BECKETT,5
3300,BENETT,5
3300,BERKE,5
3300,BOBI,5
3300,BOLUWATIFE,5
3300,BRAYAN,5
3300,BRAYDAN,5
3300,BRIGHT,5
3300,BROCK,5
3300,BURAK,5
3300,CAEDAN,5
3300,CAIAN,5
3300,CAILAN,5
3300,CAISON,5
3300,CARSTEN,5
3300,CASON,5
3300,CAVELL,5
3300,CELLAN,5
3300,CHARLIE-RAY,5
3300,CHIBUIKE,5
3300,CHRISTIANO,5
3300,CODY-LEE,5
3300,COEL,5
3300,COLM,5
3300,CORBY,5
3300,COREY-JAMES,5
3300,COREY-JAY,5
3300,CORRAN,5
3300,CRUZE,5
3300,CYRIL,5
3300,D'ANGELO,5
3300,DALEY,5
3300,DAMARI,5
3300,DAMILOLA,5
3300,DAMION,5
3300,DANI,5
3300,DANILO,5
3300,DAREEN,5
3300,DARIEN,5
3300,DARRELL,5
3300,DARYAN,5
3300,DAVIDE,5
3300,DAVY,5
3300,DEAKON,5
3300,DEEGAN,5
3300,DEIGHTON,5
3300,DENIEL,5
3300,DENZELL,5
3300,DEREN,5
3300,DERIN,5
3300,DERON,5
3300,DESHAUN,5
3300,DEVANTE,5
3300,DEWAN,5
3300,DIAR,5
3300,DILSHAAN,5
3300,DIMITAR,5
3300,DIMITRIS,5
3300,DIOR,5
3300,DIYON,5
3300,DJANGO,5
3300,DRAVEN,5
3300,DRIN,5
3300,DUKE,5
3300,DWIJ,5
3300,EAMONN,5
3300,EDRIC,5
3300,EDVARDAS,5
3300,EHAAN,5
3300,EITHAN,5
3300,ELHAM,5
3300,ELIE,5
3300,ELION,5
3300,ELYON,5
3300,EMERY,5
3300,EMILIAN,5
3300,EMMET,5
3300,ERAY,5
3300,ESAH,5
3300,ESTEBAN,5
3300,EVANDER,5
3300,EZAAN,5
3300,EZRAH,5
3300,FADI,5
3300,FALLON,5
3300,FARAZ,5
3300,FAROUK,5
3300,FAZAL,5
3300,FINNBAR,5
3300,FOSTER,5
3300,FRANKI,5
3300,FRANTISEK,5
3300,FREDDI,5
3300,FREDDIE-JOE,5
3300,FYNLAY,5
3300,FYNNLEY,5
3300,GARYN,5
3300,GAUTHAM,5
3300,GHULAM,5
3300,GIBRIL,5
3300,GIO,5
3300,GOODLUCK,5
3300,GRIFFITH,5
3300,GUILLAUME,5
3300,GURSAHIB,5
3300,GURTEJ,5
3300,GURVIR,5
3300,GUSTAV,5
3300,GUSTAW,5
3300,HAITHAM,5
3300,HAKAN,5
3300,HALEN,5
3300,HALIM,5
3300,HAMED,5
3300,HAMMAAD,5
3300,HAMSA,5
3300,HANLEY,5
3300,HANNES,5
3300,HANSEL,5
3300,HARNOOR,5
3300,HARRISON-JAMES,5
3300,HARSHAL,5
3300,HARVINDER,5
3300,HASIB,5
3300,HAVISH,5
3300,HAZIQ,5
3300,HEALEY,5
3300,HEDD,5
3300,HENLY,5
3300,HENRIQUE,5
3300,HENRY-JAMES,5
3300,HENRYK,5
3300,HERSHY,5
3300,HISHAAM,5
3300,HOSEA,5
3300,HUDHAYFAH,5
3300,HUNOR,5
3300,HUSAM,5
3300,HUSSNAIN,5
3300,IAGO,5
3300,IAIN,5
3300,IBRAHIIM,5
3300,IFEOLUWA,5
3300,IGNACIO,5
3300,IMAD,5
3300,IMAM,5
3300,IMRAAN,5
3300,ION,5
3300,IS'HAQ,5
3300,ISAAQ,5
3300,ISAH,5
3300,ISHER,5
3300,ISREAL,5
3300,JACKSON-JAMES,5
3300,JACKY,5
3300,JACOB-LEE,5
3300,JADYN,5
3300,JAHMAL,5
3300,JAHMARNI,5
3300,JAI-JAI,5
3300,JAICOB,5
3300,JAIDEN-JAMES,5
3300,JAINIL,5
3300,JAIRUS,5
3300,JARON,5
3300,JARRED,5
3300,JAXON-JAMES,5
3300,JAXX,5
3300,JAYDEE,5
3300,JAYKE,5
3300,JEAN-BAPTISTE,5
3300,JEFF,5
3300,JERICHO,5
3300,JESS,5
3300,JIMMIE,5
3300,JJ,5
3300,JONA,5
3300,JONNIE,5
3300,JORDEN,5
3300,JORDI,5
3300,JULIEN,5
3300,KABEER,5
3300,KAEDYN,5
3300,KAILEM,5
3300,KAL,5
3300,KAMANI,5
3300,KANISHK,5
3300,KARANVIR,5
3300,KARSTEN,5
3300,KAUAN,5
3300,KAVEN,5
3300,KAYDE,5
3300,KAYHAN,5
3300,KAYLON,5
3300,KEHINDE,5
3300,KELAN,5
3300,KELLEN,5
3300,KELLY,5
3300,KENJI,5
3300,KENZIE-JAY,5
3300,KHALIQ,5
3300,KHIAN,5
3300,KHIZER,5
3300,KIAL,5
3300,KIAS,5
3300,KILIAN,5
3300,KIRBY,5
3300,KOBEY,5
3300,KOLBY,5
3300,KORBAN,5
3300,KORBYN,5
3300,KORIE,5
3300,KOSHAN,5
3300,KOSTAS,5
3300,KOUROSH,5
3300,KRIS,5
3300,KRISTAN,5
3300,KRITHIK,5
3300,KRRISH,5
3300,KUMAIL,5
3300,KWADWO,5
3300,KWESI,5
3300,KYMARNI,5
3300,KYREECE,5
3300,LAKEN,5
3300,LAURENT,5
3300,LAWRIE,5
3300,LAYTEN,5
3300,LEDION,5
3300,LEEJAY,5
3300,LEIF,5
3300,LEILAND,5
3300,LELAN,5
3300,LEYLAN,5
3300,LI,5
3300,LONDON,5
3300,LONG,5
3300,LOURENCO,5
3300,LUEY,5
3300,MABON,5
3300,MACKAI,5
3300,MACKINLEY,5
3300,MAEL,5
3300,MAHAMMED,5
3300,MALAKIE,5
3300,MANSOUR,5
3300,MARIOS,5
3300,MARTINS,5
3300,MARUF,5
3300,MASEN,5
3300,MATEEN,5
3300,MATTIAS,5
3300,MATUS,5
3300,MAZEN,5
3300,MAZIN,5
3300,MELVYN,5
3300,MESSIAH,5
3300,MIHAI,5
3300,MIKIE,5
3300,MILLEN,5
3300,MISHA,5
3300,MONROE,5
3300,MONTE,5
3300,MORDECAI,5
3300,MORTON,5
3300,MOSTAFA,5
3300,MUBEEN,5
3300,MUDASIR,5
3300,MUHANAD,5
3300,MUHANNAD,5
3300,MUHMMAD,5
3300,MUNEEB,5
3300,MUNIR,5
3300,MUSSA,5
3300,MUSTAFAA,5
3300,MUTASIM,5
3300,MUZZAMMIL,5
3300,NAAIL,5
3300,NAITHAN,5
3300,NAKAI,5
3300,NAMISH,5
3300,NAOD,5
3300,NASEEM,5
3300,NATNAEL,5
3300,NAVDEEP,5
3300,NAVIN,5
3300,NAZAR,5
3300,NEILAS,5
3300,NEWTON,5
3300,NEYO,5
3300,NICODEM,5
3300,NICOLA,5
3300,NIHAAL,5
3300,NIKS,5
3300,NISHIL,5
3300,NOAR,5
3300,NOE,5
3300,NOMAN,5
3300,NYALL,5
3300,NYE,5
3300,OAKLEE,5
3300,OBIE,5
3300,OLAMIPOSI,5
3300,OLIWER,5
3300,OLUWADARA,5
3300,OLUWADARASIMI,5
3300,OLUWANIFEMI,5
3300,OLUWATAMILORE,5
3300,OLUWATOMISIN,5
3300,OMAIR,5
3300,OMARION,5
3300,OMRAN,5
3300,OSAMA,5
3300,OSCA,5
3300,OSCAR-JAMES,5
3300,OSKARS,5
3300,OZ,5
3300,PAA,5
3300,PAISLEY,5
3300,PANASHE,5
3300,PASCAL,5
3300,PHINEAS,5
3300,PIJUS,5
3300,PINCHOS,5
3300,POYRAZ,5
3300,PRAISE,5
3300,PRITHVI,5
3300,PRIYAN,5
3300,QASSIM,5
3300,QI,5
3300,RAAHIL,5
3300,RAIENS,5
3300,RAIS,5
3300,RAIYAAN,5
3300,RAJAB,5
3300,RAKAN,5
3300,RALFIE,5
3300,RAMEL,5
3300,RAMZY,5
3300,RANBIR,5
3300,RANJODH,5
3300,RAPHEL,5
3300,RAQIB,5
3300,RAVEN,5
3300,RAYANE,5
3300,RAYDEN,5
3300,RAYNE,5
3300,REJUS,5
3300,REMELL,5
3300,REMIEL,5
3300,RENO,5
3300,REUBAN,5
3300,REYAN,5
3300,REYHAN,5
3300,REZA,5
3300,RICCO,5
3300,RILEY-JAI,5
3300,RILEY-SCOTT,5
3300,RIO-JAMES,5
3300,RIORDAN,5
3300,RITHISH,5
3300,RIYAZ,5
3300,ROCKO,5
3300,ROHAIL,5
3300,ROLLO,5
3300,ROMAIN,5
3300,RONIT,5
3300,RONNIE-JAMES,5
3300,ROOP,5
3300,RUAIRIDH,5
3300,RYKER,5
3300,RYLEE-JAY,5
3300,SAAM,5
3300,SAGE,5
3300,SAHAL,5
3300,SALAAR,5
3300,SAVIO,5
3300,SAYAN,5
3300,SEELEY,5
3300,SEKOU,5
3300,SERGE,5
3300,SHAHBAZ,5
3300,SHAHID,5
3300,SHAMEER,5
3300,SHAREEF,5
3300,SHER,5
3300,SHIVAN,5
3300,SHIVESH,5
3300,SHLOIMY,5
3300,SHRAVAN,5
3300,SHULEM,5
3300,SHURAIM,5
3300,STERLING,5
3300,SURYA,5
3300,TADEUSZ,5
3300,TAHSEEN,5
3300,TAIDEN,5
3300,TANAKA,5
3300,TANISH,5
3300,TANNER,5
3300,TANZEEL,5
3300,TARANVIR,5
3300,TAWANA,5
3300,TAY,5
3300,TEMITOPE,5
3300,TERRANCE,5
3300,THEODOROS,5
3300,TIEN,5
3300,TIMMY,5
3300,TOBENNA,5
3300,TOMMIE-LEE,5
3300,TOMMY-JAMES,5
3300,TOREN,5
3300,TORSTEN,5
3300,TRAVIS-LEE,5
3300,TUAN,5
3300,TYLER-JOHN,5
3300,TYRAN,5
3300,TYRECE,5
3300,TYRHYS,5
3300,TZVI,5
3300,UCHENNA,5
3300,URIEL,5
3300,VAKARIS,5
3300,VICTORY,5
3300,VIGO,5
3300,VISHAL,5
3300,WAJAHAT,5
3300,WARIS,5
3300,WESTLEY,5
3300,WILIAM,5
3300,WINTER,5
3300,YAFI,5
3300,YAMEN,5
3300,YAMIN,5
3300,YAQOUB,5
3300,YASER,5
3300,YECHIEL,5
3300,YESHAYA,5
3300,YISRAEL,5
3300,YOAV,5
3300,YOEL,5
3300,YONAH,5
3300,YOUNUS,5
3300,YUAN,5
3300,ZACCAI,5
3300,ZACHARIYA,5
3300,ZAFAR,5
3300,ZALAN,5
3300,ZE,5
3300,ZENO,5
3300,ZIAH,5
3300,ZSOMBOR,5
3830,AADARSH,4
3830,AADYA,4
3830,AAHAN,4
3830,AAMIL,4
3830,AARIS,4
3830,AASHISH,4
3830,ABDIKADIR,4
3830,ABDILAHI,4
3830,ABDIQANI,4
3830,ABDIRASHID,4
3830,ABDISALAM,4
3830,ABDOUL,4
3830,ABDUL-,4
3830,ABDUL-MALIK,4
3830,ABDUL-REHMAN,4
3830,ABDULHAKIM,4
3830,ABDULLAAHI,4
3830,ABDULRAHEEM,4
3830,ABDULWAHAB,4
3830,ABDUR-RAHEEM,4
3830,ABDURRAHEEM,4
3830,ABDURRAHIM,4
3830,ABEER,4
3830,ABIDUR,4
3830,ABINASH,4
3830,ABISAN,4
3830,ABISHAN,4
3830,ABU-BAKAR,4
3830,ABUBACARR,4
3830,ADA,4
3830,ADAR,4
3830,ADEEB,4
3830,ADIAN,4
3830,ADLEY,4
3830,ADONAI,4
3830,ADYAAN,4
3830,AIRIDAS,4
3830,AIRON,4
3830,AJIT,4
3830,AJMAL,4
3830,AKAM,4
3830,AKAR,4
3830,AKIF,4
3830,AKINTAYO,4
3830,AKIRA,4
3830,AL-AMIN,4
3830,ALEK,4
3830,ALEKSEJS,4
3830,ALEKSIS,4
3830,ALEXANDR,4
3830,ALEXEY,4
3830,ALFIE-JAI,4
3830,ALFIE-RAY,4
3830,ALIJAH,4
3830,ALIX,4
3830,ALMAN,4
3830,ALONSO,4
3830,ALPEREN,4
3830,ALUSINE,4
3830,ALWYN,4
3830,AMADEUSZ,4
3830,AMANDEEP,4
3830,AMARION,4
3830,AMARVEER,4
3830,AMEN,4
3830,AMJAD,4
3830,AMRO,4
3830,ANDREW-JUNIOR,4
3830,ANEESH,4
3830,ANES,4
3830,ANSEL,4
3830,ANSELM,4
3830,ANUJ,4
3830,APOLLO,4
3830,ARAIZ,4
3830,ARAM,4
3830,ARBEN,4
3830,ARDI,4
3830,ARJEN,4
3830,ARLEN,4
3830,ARNO,4
3830,ARO,4
3830,ARREN,4
3830,ARSENIY,4
3830,ARTJOMS,4
3830,ARTURO,4
3830,ARUNAS,4
3830,ARUSHAN,4
3830,ARYEH,4
3830,ASHA,4
3830,ASHAR,4
3830,ASHMEET,4
3830,ASHVEER,4
3830,ASTEN,4
3830,ASTON-JAY,4
3830,ATA,4
3830,ATAL,4
3830,ATEEB,4
3830,ATLAS,4
3830,AUBIN,4
3830,AUN,4
3830,AURELIEN,4
3830,AURON,4
3830,AVANEESH,4
3830,AVEN,4
3830,AVIK,4
3830,AVNISH,4
3830,AWESOME,4
3830,AWS,4
3830,AYOBAMI,4
3830,AYOMIPO,4
3830,AYOOLA,4
3830,AYOTOMIWA,4
3830,BABATUNDE,4
3830,BAHEER,4
3830,BAILEY-JAY,4
3830,BALTEJ,4
3830,BAO,4
3830,BARON,4
3830,BASIT,4
3830,BATUHAN,4
3830,BAWAN,4
3830,BENITO,4
3830,BENN,4
3830,BILLY-LEE,4
3830,BINYAMEEN,4
3830,BLADE,4
3830,BLAIZE,4
3830,BLANE,4
3830,BLAYKE,4
3830,BLAYNE,4
3830,BOBBY-JACK,4
3830,BOBBY-JAMES,4
3830,BODEN,4
3830,BOWIE,4
3830,BRAIDAN,4
3830,BRAIENS,4
3830,BRAX,4
3830,BRET,4
3830,BRODIE-LEE,4
3830,BROGEN,4
3830,BROGHAN,4
3830,BRYCHAN,4
3830,BRYDON,4
3830,BRYNLEY,4
3830,BULUT,4
3830,CAGAN,4
3830,CAHILL,4
3830,CAIDON,4
3830,CAL,4
3830,CALEM,4
3830,CALLAM,4
3830,CALLUM-JOHN,4
3830,CAM'RON,4
3830,CAMERAN,4
3830,CASSIDY,4
3830,CATHAL,4
3830,CAVALLI,4
3830,CAYLUM,4
3830,CEZAR,4
3830,CHESKY,4
3830,CHESNEY,4
3830,CHIBUEZE,4
3830,CHIEDOZIE,4
3830,CHIGOZIE,4
3830,CHINEDUM,4
3830,CHRISTOPHER-JAMES,4
3830,CHUN,4
3830,CLIVE,4
3830,COBAN,4
3830,COBY-JAY,4
3830,COLT,4
3830,CONNA,4
3830,CONSTANTINOS,4
3830,COREY-LEE,4
3830,CRISPIN,4
3830,CROSBY,4
3830,CROYDE,4
3830,CUBA,4
3830,DAHEN,4
3830,DANIYAAL,4
3830,DANVIR,4
3830,DAOUD,4
3830,DARION,4
3830,DARIS,4
3830,DAVIDS,4
3830,DAYAAN,4
3830,DEAKIN,4
3830,DEANO,4
3830,DECLAN-JAMES,4
3830,DEIMANTAS,4
3830,DELAN,4
3830,DEMARCO,4
3830,DEMARI,4
3830,DEMETRIOS,4
3830,DEMILADE,4
3830,DENIRO,4
3830,DENNIE,4
3830,DEVARSH,4
3830,DEVRAN,4
3830,DHRUVA,4
3830,DIGGORY,4
3830,DISHAN,4
3830,DIYAKO,4
3830,DIYARI,4
3830,DMITRIJS,4
3830,DMITRY,4
3830,DONELL,4
3830,DONNACHA,4
3830,DORUK,4
3830,DRAGOS,4
3830,DUMITRU,4
3830,EBON,4
3830,EBUBECHUKWU,4
3830,EDEM,4
3830,EDON,4
3830,EDOUARD,4
3830,EDRIS,4
3830,EDSON,4
3830,EFRAIM,4
3830,EGE,4
3830,EGOR,4
3830,EIDENAS,4
3830,EITO,4
3830,EKAMJIT,4
3830,EKAMJOT,4
3830,EKIN,4
3830,EL,4
3830,ELCHONON,4
3830,ELGIN,4
3830,ELIAB,4
3830,ELIAH,4
3830,ELIYAS,4
3830,ELLERY,4
3830,ELOHIM,4
3830,ELSON,4
3830,ELWIN,4
3830,ELWYN,4
3830,ELYES,4
3830,EMAAD,4
3830,EMIN,4
3830,EMYR,4
3830,ENRIQUE,4
3830,ENSAR,4
3830,ERVINAS,4
3830,ETHAN-LEE,4
3830,EXAUCE,4
3830,EYMEN,4
3830,FAAIZ,4
3830,FAIZAL,4
3830,FARAI,4
3830,FAROOQ,4
3830,FARUQ,4
3830,FERGAL,4
3830,FERRIS,4
3830,FIN,4
3830,FINAN,4
3830,FINLEY-JAMES,4
3830,FINLEY-JAY,4
3830,FIYINFOLUWA,4
3830,FORREST,4
3830,FORTUNE,4
3830,FRANEK,4
3830,FREDDIE-JAMES,4
3830,FREDDIE-LEE,4
3830,FREDERICO,4
3830,FUAD,4
3830,FYN,4
3830,GAGANDEEP,4
3830,GARV,4
3830,GAZI,4
3830,GEDEON,4
3830,GENO,4
3830,GEORDIE,4
3830,GEORGEY,4
3830,GEORGIE-LEE,4
3830,GERALD,4
3830,GHAZI,4
3830,GILBY,4
3830,GULAM,4
3830,GULED,4
3830,GURKARAN,4
3830,GURSEVAK,4
3830,GURTAAJ,4
3830,GWERN,4
3830,GYAAN,4
3830,HAMEED,4
3830,HANSON,4
3830,HARISH,4
3830,HARLEY-JACK,4
3830,HARLEY-JAE,4
3830,HARLEY-RAY,4
3830,HARLY,4
3830,HARMANPREET,4
3830,HARPREET,4
3830,HARRY-JAY,4
3830,HARRY-JOE,4
3830,HARSHAN,4
3830,HARVEY-JOE,4
3830,HASHEM,4
3830,HASHMAT,4
3830,HASSAM,4
3830,HATIM,4
3830,HAYAAN,4
3830,HAYDAR,4
3830,HAYDEN-JAMES,4
3830,HAYDER,4
3830,HAYYAAN,4
3830,HE,4
3830,HEKTOR,4
3830,HENLEE,4
3830,HERSH,4
3830,HIEU,4
3830,HIREN,4
3830,HIRO,4
3830,HOANG,4
3830,HRISTO,4
3830,HRITHIK,4
3830,HUDHAIFAH,4
3830,HURAIRAH,4
3830,HUZAYFAH,4
3830,HYDER,4
3830,IBAAD,4
3830,IBUKUNOLUWA,4
3830,IKRAAM,4
3830,INAYAT,4
3830,INDI,4
3830,IRFAAN,4
3830,ISHAK,4
3830,ISRAR,4
3830,ITAI,4
3830,IYAS,4
3830,IZAYAH,4
3830,IZIAH,4
3830,J,4
3830,JABBAR,4
3830,JABER,4
3830,JACK-DANIEL,4
3830,JACOBI,4
3830,JADEN-JAMES,4
3830,JAHEEM,4
3830,JAHID,4
3830,JAHIEM,4
3830,JAHKAI,4
3830,JAHMARI,4
3830,JAHZIAH,4
3830,JAILEN,4
3830,JAIMIE,4
3830,JAIMIN,4
3830,JAMAI,4
3830,JAMARI,4
3830,JAMEL,4
3830,JAROSLAV,4
3830,JARRELL,4
3830,JARROD,4
3830,JASH,4
3830,JASHAN,4
3830,JATIN,4
3830,JAWAAD,4
3830,JAYMIN,4
3830,JAYVEN,4
3830,JAZIAH,4
3830,JENS,4
3830,JEREMI,4
3830,JEREMIASZ,4
3830,JERZY,4
3830,JESIAH,4
3830,JESSE-LEE,4
3830,JEZIAH,4
3830,JIE,4
3830,JIREH,4
3830,JOESPH,4
3830,JOHN-JOE,4
3830,JON-PAUL,4
3830,JOOLS,4
3830,JOSEPH-JAMES,4
3830,JOSUE,4
3830,JOVANI,4
3830,JOVUN,4
3830,JOZIAH,4
3830,JUKE,4
3830,JUPITER,4
3830,JUSTINAS,4
3830,JUSTUS,4
3830,KADMIEL,4
3830,KADYN,4
3830,KAELEM,4
3830,KAELON,4
3830,KAID,4
3830,KAILASH,4
3830,KAILUN,4
3830,KAIRAV,4
3830,KAITO,4
3830,KALYAN,4
3830,KAMALI,4
3830,KAMAU,4
3830,KAMERAN,4
3830,KANAV,4
3830,KARDELL,4
3830,KARLIS,4
3830,KARLO,4
3830,KARMAN,4
3830,KARTAR,4
3830,KARTHIK,4
3830,KARTIK,4
3830,KASPAR,4
3830,KAVARN,4
3830,KAYDEN-JAY,4
3830,KAYIN,4
3830,KEANO,4
3830,KEERAN,4
3830,KEERAT,4
3830,KENDAL,4
3830,KENDALL,4
3830,KENECHUKWU,4
3830,KENT,4
3830,KENTON,4
3830,KEVAN,4
3830,KHALEEM,4
3830,KHAQAN,4
3830,KHAWAJA,4
3830,KHUSH,4
3830,KHYLAN,4
3830,KHYRAN,4
3830,KIANO,4
3830,KIARAN,4
3830,KIEGAN,4
3830,KIELAN,4
3830,KISHAAN,4
3830,KISHEN,4
3830,KLAUDIJUS,4
3830,KNOX,4
3830,KOHL,4
3830,KOLTON,4
3830,KONSTANTY,4
3830,KRISTOF,4
3830,KRISTOFER,4
3830,KUMAYL,4
3830,KUNASHE,4
3830,KUNJ,4
3830,KY-MANI,4
3830,KYLER,4
3830,KYLUN,4
3830,KYRHYS,4
3830,KYRUN,4
3830,LAKAI,4
3830,LANDEN,4
3830,LAS,4
3830,LATEEF,4
3830,LATHAM,4
3830,LAURIS,4
3830,LAWAN,4
3830,LAYLAND,4
3830,LAYLEN,4
3830,LAYSON,4
3830,LAYTON-LEE,4
3830,LEANDER,4
3830,LEANDRE,4
3830,LEE-JUNIOR,4
3830,LEESON,4
3830,LEEVI,4
3830,LEITH,4
3830,LENI,4
3830,LENNI,4
3830,LEONE,4
3830,LEVEN,4
3830,LEVI-JAMES,4
3830,LEXUS,4
3830,LEYO,4
3830,LIAM-JAMES,4
3830,LIBERTY,4
3830,LINCON,4
3830,LORD,4
3830,LOUAY,4
3830,LOUIX,4
3830,LOWAN,4
3830,LU'AY,4
3830,LUCAS-JOHN,4
3830,LUIZ,4
3830,MAHBUB,4
3830,MAHEEN,4
3830,MAHMUD,4
3830,MAHRUS,4
3830,MAIWAND,4
3830,MAKSIMS,4
3830,MALAKHI,4
3830,MALEEK,4
3830,MALI,4
3830,MALIQ,4
3830,MALIQUE,4
3830,MALLORY,4
3830,MALVIN,4
3830,MANISH,4
3830,MARIN,4
3830,MAROUANE,4
3830,MASOOD,4
3830,MASUD,4
3830,MATE,4
3830,MATEJ,4
3830,MATISS,4
3830,MATTHIEU,4
3830,MAURYCY,4
3830,MAXIE,4
3830,MAXWEL,4
3830,MAYER,4
3830,MCKENZIE-JAY,4
3830,MEKAI,4
3830,MELCHIZEDEK,4
3830,MERON,4
3830,MESSI,4
3830,MIAN,4
3830,MICHAEL-JAMES,4
3830,MILTON,4
3830,MING,4
3830,MITHUN,4
3830,MOBEEN,4
3830,MOEEZ,4
3830,MOHAMEDAMIN,4
3830,MOHAMMED-IBRAHIM,4
3830,MOHAN,4
3830,MOMODOU,4
3830,MORLEY,4
3830,MOSS,4
3830,MOSTYN,4
3830,MOTTI,4
3830,MOUHAMADOU,4
3830,MOUHAMED,4
3830,MUAADH,4
3830,MUAYYAD,4
3830,MUAZ,4
3830,MUDASSIR,4
3830,MUHAMMAD-AYAAN,4
3830,MUHAMMAD-IBRAHIM,4
3830,MUHAMMAD-ISA,4
3830,MUHIB,4
3830,MUIZ,4
3830,MUJEEB,4
3830,MUNAWAR,4
3830,MUSAH,4
3830,MUSSAB,4
3830,NADEEM,4
3830,NADIM,4
3830,NAFIS,4
3830,NAITIK,4
3830,NAQEEB,4
3830,NASIF,4
3830,NATHEN,4
3830,NAVJOT,4
3830,NAYEEM,4
3830,NESTOR,4
3830,NEVIN,4
3830,NICCOLO,4
3830,NICOLAE,4
3830,NIKASH,4
3830,NILAY,4
3830,NIVAAN,4
3830,NIXON,4
3830,NNAEMEKA,4
3830,NOOH,4
3830,NOVAK,4
3830,OAKLEIGH,4
3830,OBADIAH,4
3830,OBAID,4
3830,OCTAVIUS,4
3830,OGUZHAN,4
3830,OHENEBA,4
3830,OLADIMEJI,4
3830,OLAMILEKAN,4
3830,OLAOLUWA,4
3830,OLASUBOMI,4
3830,OLATOKUNBO,4
3830,OLATOMIWA,4
3830,OLEG,4
3830,OLIE,4
3830,OLLIE-JAMES,4
3830,OLTI,4
3830,OLUWAFEMI,4
3830,OLUWAPELUMI,4
3830,OLUWASEYIFUNMI,4
3830,OLUWATOFUNMI,4
3830,ONDREJ,4
3830,ORREN,4
3830,OSSIE,4
3830,OSTYN,4
3830,OTHMAN,4
3830,OZKAN,4
3830,PA,4
3830,PARAMVEER,4
3830,PARAMVIR,4
3830,PARIS,4
3830,PATRIKAS,4
3830,PAUL-JUNIOR,4
3830,PAVANDEEP,4
3830,PAVLOS,4
3830,PETER-JUNIOR,4
3830,PETRU,4
3830,PHILIPPE,4
3830,PIERO,4
3830,PRABHDEEP,4
3830,PRABHNOOR,4
3830,PRESTON-JAMES,4
3830,PREZLEY,4
3830,PRIYANSH,4
3830,QAASIM,4
3830,QUINTEN,4
3830,QUINTIN,4
3830,RABAH,4
3830,RADOSLAW,4
3830,RADU,4
3830,RAFA,4
3830,RAFFAEL,4
3830,RAHIEM,4
3830,RAI,4
3830,RAJBIR,4
3830,RAKEEM,4
3830,RAKIN,4
3830,RAMADAN,4
3830,RAMIAH,4
3830,RAMIN,4
3830,RAMSAY,4
3830,RAMZAN,4
3830,RANDY,4
3830,RAOUL,4
3830,RASHEED,4
3830,RAWA,4
3830,RAWAND,4
3830,RAYEN,4
3830,REDA,4
3830,REGGIE-LEE,4
3830,RENARS,4
3830,RESUL,4
3830,REUBYN,4
3830,REY,4
3830,RHEO,4
3830,RHEON,4
3830,RHIAN,4
3830,RHYAN,4
3830,RHYLEIGH,4
3830,RICK,4
3830,RIDHA,4
3830,RIEN,4
3830,RIHARDS,4
3830,RIKO,4
3830,RILEY-J,4
3830,RILEY-JACK,4
3830,RILEY-JOHN,4
3830,RILEY-LEE,4
3830,RIPLEY,4
3830,RISHABH,4
3830,RISHIT,4
3830,RIVAN,4
3830,RJ,4
3830,RODDY,4
3830,RODI,4
3830,ROMAYNE,4
3830,ROMEY,4
3830,ROREY,4
3830,ROYSTON,4
3830,RUARAIDH,4
3830,RUBENS,4
3830,RUDOLF,4
3830,RUMI,4
3830,RUSTY,4
3830,RYAD,4
3830,RYAN-JAMES,4
3830,RYDAN,4
3830,RYLAND,4
3830,RYLEE-JAMES,4
3830,RYO,4
3830,SAAIM,4
3830,SAAQIB,4
3830,SAATVIK,4
3830,SAFIULLAH,4
3830,SAFWAAN,4
3830,SAIHAAN,4
3830,SAJAN,4
3830,SAMER,4
3830,SAMPSON,4
3830,SAMUEL-JAMES,4
3830,SANAD,4
3830,SANDER,4
3830,SANJAY,4
3830,SARDAR,4
3830,SAYHAN,4
3830,SEBASTIANO,4
3830,SEMIH,4
3830,SENNA,4
3830,SERHAT,4
3830,SHAFAY,4
3830,SHAHZAD,4
3830,SHAIKH,4
3830,SHAILEN,4
3830,SHAKIB,4
3830,SHAKIR,4
3830,SHAMIL,4
3830,SHARIQ,4
3830,SHAYDN,4
3830,SHEM,4
3830,SHERAZ,4
3830,SHION,4
3830,SHKO,4
3830,SHRIYAN,4
3830,SHRIYANS,4
3830,SHUBH,4
3830,SIDDARTH,4
3830,SIMONAS,4
3830,SIYAR,4
3830,SKYE,4
3830,SNEH,4
3830,SOHIL,4
3830,SOHRAB,4
3830,SOHUM,4
3830,SOMTOCHUKWU,4
3830,SONNEY,4
3830,SRI,4
3830,STELLAN,4
3830,STEWIE,4
3830,SUBAIR,4
3830,SUFIYAN,4
3830,SUKHPREET,4
3830,SYLWESTER,4
3830,TAAHA,4
3830,TADIWANASHE,4
3830,TAHMEED,4
3830,TAIM,4
3830,TAINE,4
3830,TALAN,4
3830,TAMAS,4
3830,TANIM,4
3830,TANZIL,4
3830,TAPIWANASHE,4
3830,TARYN,4
3830,TASHINGA,4
3830,TAWFEEQ,4
3830,TAYAB,4
3830,TAYDEN,4
3830,TAYTE,4
3830,TEDDI,4
3830,TEEGAN,4
3830,TEGH,4
3830,TEILO,4
3830,TEJAY,4
3830,TENNYSON,4
3830,TEYEN,4
3830,THANUSHAN,4
3830,THEON,4
3830,THOMAS-JOHN,4
3830,TIJAN,4
3830,TIMAS,4
3830,TIMOFEY,4
3830,TINO,4
3830,TINOTENDA,4
3830,TOBIAH,4
3830,TOBY-LEE,4
3830,TRAFFORD,4
3830,TRAI,4
3830,TREASURE,4
3830,TRISTIAN,4
3830,TYLER-JOE,4
3830,TYREN,4
3830,TYRUS,4
3830,UBAY,4
3830,USAYD,4
3830,VAIBHAV,4
3830,VEERAN,4
3830,VEJAS,4
3830,VENKATA,4
3830,VERON,4
3830,VIBHAV,4
3830,VICENTE,4
3830,VIHAN,4
3830,VIKASH,4
3830,VIKTORAS,4
3830,VINEET,4
3830,VINICIUS,4
3830,VITOR,4
3830,VITTORIO,4
3830,VUK,4
3830,VYOM,4
3830,WAQAR,4
3830,WASI,4
3830,WASIF,4
3830,WESTON,4
3830,WREN,4
3830,XAN,4
3830,XANE,4
3830,XAVIAR,4
3830,YAASEEN,4
3830,YAHYAA,4
3830,YASAR,4
3830,YASHVEER,4
3830,YAW,4
3830,YEHOSHUA,4
3830,YESHUA,4
3830,YING,4
3830,YISHAI,4
3830,YITZCHAK,4
3830,YNYR,4
3830,YOBEL,4
3830,YONI,4
3830,YOSEPH,4
3830,YUSUPHA,4
3830,ZADE,4
3830,ZAIM,4
3830,ZAKARYA,4
3830,ZAKERY,4
3830,ZAKRIYA,4
3830,ZAKWAN,4
3830,ZARYAB,4
3830,ZAVIYAR,4
3830,ZEIN,4
3830,ZENON,4
3830,ZEPH,4
3830,ZIAN,4
3830,ZIHENG,4
3830,ZORAWAR,4
3830,ZUHAYR,4
4647,AADEN,3
4647,AADIT,3
4647,AALIM,3
4647,AARIN,3
4647,AARO,3
4647,AARON-JAY,3
4647,AARONVEER,3
4647,AARYA,3
4647,AARYN,3
4647,ABAN,3
4647,ABAS,3
4647,ABDELLAH,3
4647,ABDELMALEK,3
4647,ABDIASIS,3
4647,ABDIHAMID,3
4647,ABDIRAHIM,3
4647,ABDIRIZAK,3
4647,ABDOULAYE,3
4647,ABDOURAHMAN,3
4647,ABDUL-HAKEEM,3
4647,ABDUL-SAMI,3
4647,ABDUL-WAHHAB,3
4647,ABDULBASIT,3
4647,ABDULLOH,3
4647,ABDULSALAM,3
4647,ABDUS-SAMI,3
4647,ABHI,3
4647,ABHIMANYU,3
4647,ABUHURAIRAH,3
4647,ABUL,3
4647,ADAAM,3
4647,ADAMA,3
4647,ADAS,3
4647,ADEMIDE,3
4647,ADEMOLA,3
4647,ADEOLU,3
4647,ADEOLUWA,3
4647,ADESH,3
4647,ADETOLA,3
4647,ADEWUMI,3
4647,ADHAVAN,3
4647,ADHRIT,3
4647,ADIN,3
4647,ADOMAS,3
4647,ADONIJAH,3
4647,ADRIAAN,3
4647,AEDEN,3
4647,AENGUS,3
4647,AFFAAN,3
4647,AFNAN,3
4647,AGAMJOT,3
4647,AGHA,3
4647,AGNIUS,3
4647,AGRON,3
4647,AGUSTIN,3
4647,AHAN,3
4647,AHIL,3
4647,AHREN,3
4647,AHRON,3
4647,AHYAAN,3
4647,AIDEN-LEE,3
4647,AIMEN,3
4647,AIREN,3
4647,AJAX,3
4647,AJWAD,3
4647,AKAALDEEP,3
4647,AKAI,3
4647,AKI,3
4647,AKIO,3
4647,AKSHAN,3
4647,AKSHAYAN,3
4647,ALAA,3
4647,ALANAS,3
4647,ALARIC,3
4647,ALAZAR,3
4647,ALEKSA,3
4647,ALEKSANDRS,3
4647,ALEKSS,3
4647,ALEX-JAY,3
4647,ALEXANDER-JAMES,3
4647,ALEXAVIER,3
4647,ALFIE-J,3
4647,ALFIE-JUNIOR,3
4647,ALHASAN,3
4647,ALHASSAN,3
4647,ALISDAIR,3
4647,ALIYAAN,3
4647,ALMAAN,3
4647,ALMIR,3
4647,ALP,3
4647,ALPER,3
4647,ALPHIE,3
4647,ALPHONS,3
4647,ALVI,3
4647,ALVY,3
4647,ALWIN,3
4647,ALY,3
4647,AMAD,3
4647,AMADEUS,3
4647,AMANVIR,3
4647,AMARE,3
4647,AMARII,3
4647,AMID,3
4647,AMIIN,3
4647,AMINUL,3
4647,AMINUR,3
4647,AMRITPAL,3
4647,ANASTASIOS,3
4647,ANDILE,3
4647,ANDRE-JUNIOR,3
4647,ANESU,3
4647,ANH,3
4647,ANHAD,3
4647,ANIK,3
4647,ANIKET,3
4647,ANIQ,3
4647,ANISUR,3
4647,ANJOLAOLUWA,3
4647,ANKIT,3
4647,ANNAS,3
4647,ANOTIDAISHE,3
4647,ANRAJ,3
4647,ANSAR,3
4647,ANSHPREET,3
4647,ANTHONY-JAMES,3
4647,ANTONIN,3
4647,ANTONIOS,3
4647,ANTWAN,3
4647,ANUJAN,3
4647,AQEEB,3
4647,ARAFAAT,3
4647,ARAMIS,3
4647,ARANN,3
4647,ARBI,3
4647,ARCHI,3
4647,ARCHIBOLD,3
4647,ARCHIT,3
4647,ARDEN,3
4647,AREEN,3
4647,AREL,3
4647,ARFAN,3
4647,ARIOS,3
4647,ARJON,3
4647,ARLOW,3
4647,ARMANDS,3
4647,ARMANN,3
4647,ARNAUD,3
4647,ARNIS,3
4647,ARPAN,3
4647,ARRY,3
4647,ARSALAAN,3
4647,ARSH,3
4647,ARSLAAN,3
4647,ARTHUR-JAMES,3
4647,ARTIOM,3
4647,ARTIS,3
4647,ARUNVEER,3
4647,ARVIND,3
4647,ARWIN,3
4647,ARWYN,3
4647,ARYAV,3
4647,ARYO,3
4647,ASANTE,3
4647,ASGER,3
4647,ASHAI,3
4647,ASHBY,3
4647,ASHIR,3
4647,ASHRAFUL,3
4647,ASIL,3
4647,ASLAM,3
4647,ASPEN,3
4647,ASVIN,3
4647,ASWIN,3
4647,ATANAS,3
4647,ATHAN,3
4647,ATTA,3
4647,ATUL,3
4647,AUBERON,3
4647,AUDEN,3
4647,AUDIE,3
4647,AURELIUS,3
4647,AVIGHNA,3
4647,AVIJOT,3
4647,AVISHAI,3
4647,AVNEET,3
4647,AVRAJ,3
4647,AVRUMI,3
4647,AYHAN,3
4647,AYHEM,3
4647,AYOKUNLE,3
4647,AYOMIKUN,3
4647,AYOOB,3
4647,AYYASH,3
4647,AZIYAH,3
4647,BABAJIDE,3
4647,BABUCARR,3
4647,BADER,3
4647,BAILEIGH,3
4647,BAILY,3
4647,BAKARY,3
4647,BARDIA,3
4647,BARNES,3
4647,BARUCH,3
4647,BASHEER,3
4647,BASHIR,3
4647,BASIM,3
4647,BATU,3
4647,BEAUMONT,3
4647,BEAUREGARD,3
4647,BEDE,3
4647,BEHZAD,3
4647,BENEDIKT,3
4647,BENICIO,3
4647,BENNIE,3
4647,BENTLEE,3
4647,BENYAMEEN,3
4647,BEREN,3
4647,BERKAN,3
4647,BERT,3
4647,BERTY,3
4647,BERZAN,3
4647,BHAVDEEP,3
4647,BIJAN,3
4647,BILLYBOB,3
4647,BIVON,3
4647,BJORN,3
4647,BLADEN,3
4647,BLAYDEN,3
4647,BLESSED,3
4647,BOB,3
4647,BOBBY-GEORGE,3
4647,BOBBY-RAY,3
4647,BOGDAN,3
4647,BORUCH,3
4647,BOSCO,3
4647,BRADEY,3
4647,BRADLEE,3
4647,BRADYN,3
4647,BRAE,3
4647,BRAELYN,3
4647,BRANNON,3
4647,BRIJESH,3
4647,BROOKE,3
4647,BROOKS,3
4647,BRYNN,3
4647,BUBACARR,3
4647,BUCK,3
4647,BUKHARI,3
4647,CABHAN,3
4647,CADEN-LEE,3
4647,CAELAB,3
4647,CAELUM,3
4647,CAIDEN-LEE,3
4647,CAILEB,3
4647,CALDER,3
4647,CALIB,3
4647,CAMREN,3
4647,CARMINE,3
4647,CARNEY,3
4647,CARRICK,3
4647,CARSEN,3
4647,CARVELL,3
4647,CASSIEL,3
4647,CAYDEN-JAY,3
4647,CAYLE,3
4647,CECIL,3
4647,CEDRI,3
4647,CEIAN,3
4647,CEIRON,3
4647,CELYN,3
4647,CEMAL,3
4647,CESAR,3
4647,CHAE,3
4647,CHAEL,3
4647,CHAI,3
4647,CHAICE,3
4647,CHAITANYA,3
4647,CHANAN,3
4647,CHANDLER,3
4647,CHARLIE-JOHN,3
4647,CHAUDHARY,3
4647,CHIDIEBERE,3
4647,CHIKAMSO,3
4647,CHIKE,3
4647,CHIMA,3
4647,CHIRAG,3
4647,CHRIST,3
4647,CHRISTAN,3
4647,CHRISTIE,3
4647,CHUKWUMA,3
4647,CHUMA,3
4647,CIARON,3
4647,CIRO,3
4647,CLAUDIO,3
4647,CLIFFORD,3
4647,COADY,3
4647,COBAIN,3
4647,CONLAN,3
4647,CONNALL,3
4647,CORDEN,3
4647,CORIE,3
4647,CORNELL,3
4647,CORRADO,3
4647,CORREY,3
4647,COSMIN,3
4647,COVEY,3
4647,CY,3
4647,DAANYAL,3
4647,DAI,3
4647,DAIN,3
4647,DAIWIK,3
4647,DAJUAN,3
4647,DALLAS,3
4647,DAMARIO,3
4647,DANAS,3
4647,DANIELE,3
4647,DANNIE,3
4647,DANNY-JAY,3
4647,DARBY,3
4647,DAREK,3
4647,DARO,3
4647,DARREL,3
4647,DARYLL,3
4647,DAVIAN,3
4647,DAVID-JAMES,3
4647,DAVIE,3
4647,DAWIT,3
4647,DAWOUD,3
4647,DAYAL,3
4647,DE'ANDRE,3
4647,DEACAN,3
4647,DEAKEN,3
4647,DECLAND,3
4647,DECON,3
4647,DEE-JAY,3
4647,DEINIOL,3
4647,DEIVID,3
4647,DEIVYDAS,3
4647,DEJAN,3
4647,DELANO,3
4647,DELON,3
4647,DEMAR,3
4647,DEMARIO,3
4647,DEMBA,3
4647,DENI,3
4647,DENNON,3
4647,DERI,3
4647,DERICK,3
4647,DERMOT,3
4647,DESHAWN,3
4647,DESTAN,3
4647,DEVAM,3
4647,DEVRIM,3
4647,DEX,3
4647,DHANANJAY,3
4647,DHANYAAL,3
4647,DHANYAL,3
4647,DHARM,3
4647,DHARMA,3
4647,DHEVAN,3
4647,DHIR,3
4647,DHIYAN,3
4647,DHRISH,3
4647,DHRUVIN,3
4647,DIAN,3
4647,DIETER,3
4647,DIHAIN,3
4647,DILJOT,3
4647,DILON,3
4647,DILSHAN,3
4647,DILVEER,3
4647,DIONDRE,3
4647,DIVYESH,3
4647,DMITRIJ,3
4647,DMITRIY,3
4647,DOMANIC,3
4647,DOMINIKAS,3
4647,DOMONIC,3
4647,DRACO,3
4647,DRAY,3
4647,DRILON,3
4647,DRUMMOND,3
4647,DUSAN,3
4647,DUSTIN,3
4647,DWIGHT,3
4647,DYLAN-LEE,3
4647,DYLEN,3
4647,DYLLON,3
4647,EADEN,3
4647,EASA,3
4647,EASHER,3
4647,EBBEN,3
4647,EBRAHEEM,3
4647,ECTOR,3
4647,EESHAN,3
4647,EETHAN,3
4647,EFOSA,3
4647,EGHOSA,3
4647,EINAR,3
4647,EJAZ,3
4647,EKAMJEET,3
4647,EKAMVEER,3
4647,EKANSH,3
4647,EKENE,3
4647,ELEAZAR,3
4647,ELIEL,3
4647,ELIJA,3
4647,ELIJAH-MOSES,3
4647,ELIJAS,3
4647,ELIJUS,3
4647,ELIYOHU,3
4647,ELMORE,3
4647,ELOY,3
4647,ELTON,3
4647,EMAAN,3
4647,EMMANOUIL,3
4647,ENDRI,3
4647,ENGIN,3
4647,ENOCK,3
4647,ENZI,3
4647,ENZZO,3
4647,EPHRAM,3
4647,EPHRON,3
4647,ERGYS,3
4647,ERJON,3
4647,ERNESTO,3
4647,EROL,3
4647,ESKIL,3
4647,ESKILD,3
4647,ESROM,3
4647,ETHAN-JACK,3
4647,ETHYN,3
4647,ETIEN,3
4647,EVANAS,3
4647,EVERTON,3
4647,EVIN,3
4647,EVYN,3
4647,EXCELLENT,3
4647,EXODUS,3
4647,EYAL,3
4647,EYOB,3
4647,EYTAN,3
4647,EZANA,3
4647,EZIO,3
4647,FABRICIO,3
4647,FABRIZIO,3
4647,FAHD,3
4647,FAITH,3
4647,FANUEL,3
4647,FATEH,3
4647,FAUZAN,3
4647,FAWWAZ,3
4647,FAYAAZ,3
4647,FAYEZ,3
4647,FAYSAL,3
4647,FEODOR,3
4647,FERDOUS,3
4647,FERDOWS,3
4647,FERHAT,3
4647,FEROZ,3
4647,FERRAN,3
4647,FESTUS,3
4647,FINNIGAN,3
4647,FINNLEA,3
4647,FINNLY,3
4647,FIONNAN,3
4647,FIRAT,3
4647,FITZROY,3
4647,FLAVIAN,3
4647,FLINN,3
4647,FLINT,3
4647,FLORENT,3
4647,FLORIN,3
4647,FODAY,3
4647,FRANKIE-JAMES,3
4647,FRITZ,3
4647,FRYDERYK,3
4647,FYFE,3
4647,FYNLEE,3
4647,GABOR,3
4647,GABRIAN,3
4647,GABRIELIS,3
4647,GAGAN,3
4647,GALILEO,3
4647,GAMAL,3
4647,GAUTAM,3
4647,GAVRIEL,3
4647,GENNARO,3
4647,GEOFF,3
4647,GEORGES,3
4647,GEORGIOS,3
4647,GERGELY,3
4647,GERGO,3
4647,GERSON,3
4647,GHASSAN,3
4647,GIANCARLO,3
4647,GIBRAN,3
4647,GIORGI,3
4647,GIOVANI,3
4647,GOBIND,3
4647,GOUTHAM,3
4647,GOVIND,3
4647,GRAEME,3
4647,GREAT,3
4647,GUILLERMO,3
4647,GURANSH,3
4647,GWYDION,3
4647,GYTIS,3
4647,HAARITH,3
4647,HAAZIQ,3
4647,HACI,3
4647,HAMAS,3
4647,HAMDAAN,3
4647,HANAN,3
4647,HANISH,3
4647,HANNAN,3
4647,HANNO,3
4647,HANO,3
4647,HANY,3
4647,HANZALA,3
4647,HARDEEP,3
4647,HAREEM,3
4647,HARESH,3
4647,HARJODH,3
4647,HARKARAN,3
4647,HARKIRAT,3
4647,HARKRISHAN,3
4647,HARLI,3
4647,HARLYN,3
4647,HARON,3
4647,HARRINGTON,3
4647,HARSHDEEP,3
4647,HARSHIL,3
4647,HARSUKH,3
4647,HARVEY-DEAN,3
4647,HARVEY-JACK,3
4647,HARVEY-LEIGH,3
4647,HASAAN,3
4647,HASHAM,3
4647,HASNAYN,3
4647,HASSNAIN,3
4647,HASTIN,3
4647,HAZIM,3
4647,HEDLEY,3
4647,HEERA,3
4647,HEINRICH,3
4647,HEMISH,3
4647,HENDERSON,3
4647,HENOK,3
4647,HENOS,3
4647,HENRIJS,3
4647,HERB,3
4647,HERO,3
4647,HEULYN,3
4647,HILTON,3
4647,HO,3
4647,HONG,3
4647,HORACE,3
4647,HRISHI,3
4647,HRISHIKESH,3
4647,HUCKLEBERRY,3
4647,HUD,3
4647,HUDAIFA,3
4647,HUDEYFA,3
4647,HUMAYD,3
4647,HUMAYUN,3
4647,HUSEIN,3
4647,HYAB,3
4647,IACOV,3
4647,IASON,3
4647,IBRAAHIM,3
4647,IDRISS,3
4647,IESA,3
4647,IFRAZ,3
4647,IGGY,3
4647,IGNATIUS,3
4647,IJAAZ,3
4647,IKHLAS,3
4647,ILAI,3
4647,ILIE,3
4647,ILYAZ,3
4647,IMANI,3
4647,INIOLUWA,3
4647,IOSUA,3
4647,IQBAL,3
4647,IRA,3
4647,IRAH,3
4647,IREOLUWA,3
4647,IRTIZA,3
4647,IRVIN,3
4647,IS-HAAQ,3
4647,ISHEANESU,3
4647,ISLAM,3
4647,ISLEY,3
4647,ITAMAR,3
4647,ITHIEL,3
4647,IVON,3
4647,IYAZ,3
4647,IZACK,3
4647,IZUCHUKWU,3
4647,IZYAN,3
4647,JABRIIL,3
4647,JACEY,3
4647,JACOPO,3
4647,JADORE,3
4647,JAELAN,3
4647,JAFFAR,3
4647,JAGAT,3
4647,JAGDEEP,3
4647,JAGRAJ,3
4647,JAHANZAIB,3
4647,JAHRELL,3
4647,JAICE,3
4647,JAIDEEP,3
4647,JAISAL,3
4647,JAIVAL,3
4647,JAIVIN,3
4647,JAIVIR,3
4647,JAKEY,3
4647,JALEES,3
4647,JALIL,3
4647,JAMAINE,3
4647,JAMAR,3
4647,JAMES-JOHN,3
4647,JAMES-LEE,3
4647,JAMES-THOMAS,3
4647,JAMIEL,3
4647,JANAV,3
4647,JANEK,3
4647,JANOS,3
4647,JAPNOOR,3
4647,JAPVEER,3
4647,JAQ,3
4647,JARAD,3
4647,JARED-JAMES,3
4647,JAROD,3
4647,JARRAD,3
4647,JARRYD,3
4647,JARYD,3
4647,JASDEEP,3
4647,JASHANPREET,3
4647,JASNOOR,3
4647,JASPAL,3
4647,JASTIN,3
4647,JAVAN,3
4647,JAVARNI,3
4647,JAVELL,3
4647,JAWDAN,3
4647,JAYDEEP,3
4647,JAYDEN-CRUZ,3
4647,JAYDEN-LEIGH,3
4647,JAYDYN,3
4647,JAZIB,3
4647,JAZZ,3
4647,JEAN-PAUL,3
4647,JEDRZEJ,3
4647,JEEVUN,3
4647,JEHAD,3
4647,JEHAN,3
4647,JEHIEL,3
4647,JEMUEL,3
4647,JENSON-JAY,3
4647,JEORGE,3
4647,JERIMIAH,3
4647,JERMIAH,3
4647,JEVAN,3
4647,JEVAUGHN,3
4647,JIAN,3
4647,JIAYI,3
4647,JIBRIIL,3
4647,JIGAR,3
4647,JIMMY-JOE,3
4647,JISHNU,3
4647,JIVRAJ,3
4647,JIYAN,3
4647,JO,3
4647,JOAH,3
4647,JOBEY,3
4647,JOELL,3
4647,JOHANAN,3
4647,JOHN-HENRY,3
4647,JOHN-JOSEPH,3
4647,JOHNJAMES,3
4647,JOHNPAUL,3
4647,JOJO,3
4647,JONAN,3
4647,JONES,3
4647,JONTI,3
4647,JORAM,3
4647,JORDAINE,3
4647,JORDAN-JAMES,3
4647,JOSHUA-LEE,3
4647,JOSHUAH,3
4647,JUBRIL,3
4647,JUEL,3
4647,JUELS,3
4647,JULIO,3
4647,KADEN-JAMES,3
4647,KADON,3
4647,KAEL,3
4647,KAI-JAMES,3
4647,KAI-MCKENZIE,3
4647,KAILUB,3
4647,KAINAN,3
4647,KAIRYN,3
4647,KAIYON,3
4647,KAIZEN,3
4647,KALID,3
4647,KALIL,3
4647,KALIN,3
4647,KALLAN,3
4647,KALLEN,3
4647,KAMARLEY,3
4647,KAMARNI,3
4647,KARANDEEP,3
4647,KARDO,3
4647,KARELL,3
4647,KARIKALAN,3
4647,KARTA,3
4647,KARTEL,3
4647,KARUN,3
4647,KASEEM,3
4647,KASJAN,3
4647,KASSIM,3
4647,KASSIUS,3
4647,KAUA,3
4647,KAVEL,3
4647,KAVELL,3
4647,KAVELLE,3
4647,KAYDON-JAY,3
4647,KAYLIB,3
4647,KAYLUB,3
4647,KAYODE,3
4647,KAZEEM,3
4647,KEANAN,3
4647,KEARNO,3
4647,KEBBA,3
4647,KEI,3
4647,KEITON,3
4647,KELSON,3
4647,KELTON,3
4647,KEMAL,3
4647,KENDRICK,3
4647,KENENNA,3
4647,KENNIE,3
4647,KENTO,3
4647,KEOGH,3
4647,KESHAUN,3
4647,KESHAWN,3
4647,KESTON,3
4647,KEYON'DRE,3
4647,KEZIAH,3
4647,KHAYDEN,3
4647,KHWAJA,3
4647,KHYE,3
4647,KIA,3
4647,KIAH,3
4647,KIDUS,3
4647,KIEL,3
4647,KIER,3
4647,KIERAN-LEE,3
4647,KIMI,3
4647,KINLEY,3
4647,KIO,3
4647,KION,3
4647,KIP,3
4647,KIPP,3
4647,KIPRAS,3
4647,KIRAT,3
4647,KIREN,3
4647,KIRIL,3
4647,KIRILLS,3
4647,KIRIN,3
4647,KIRIT,3
4647,KIRON,3
4647,KITSON,3
4647,KITTO,3
4647,KLEVIS,3
4647,KNIGHT,3
4647,KOBEE,3
4647,KOBEN,3
4647,KOBIE-LEE,3
4647,KODA,3
4647,KOHAN,3
4647,KOJO,3
4647,KOLAWOLE,3
4647,KONOR,3
4647,KORDELL,3
4647,KORNELIJUS,3
4647,KORNELIUSZ,3
4647,KOSISOCHUKWU,3
4647,KOSMA,3
4647,KOVAN,3
4647,KRISHEN,3
4647,KRISTIYAN,3
4647,KUDAKWASHE,3
4647,KULRAJ,3
4647,KUNAL,3
4647,KUZIVA,3
4647,KYA,3
4647,KYANN,3
4647,KYELAN,3
4647,KYERAN,3
4647,KYERON,3
4647,KYI,3
4647,KYLIAN,3
4647,KYMARI,3
4647,KYREE,3
4647,KYREL,3
4647,KYRIACOS,3
4647,KYRONE,3
4647,L-JAY,3
4647,LA'KAI,3
4647,LAGAN,3
4647,LAIGHTON,3
4647,LAINE,3
4647,LAKHAI,3
4647,LAMARI,3
4647,LAMEK,3
4647,LANE,3
4647,LARSON,3
4647,LASHAWN,3
4647,LAUCHLAN,3
4647,LAURANCE,3
4647,LAVELL,3
4647,LAWE,3
4647,LAYKE,3
4647,LAYLON,3
4647,LAYTHAN,3
4647,LAYTON-JAMES,3
4647,LAYTON-JAY,3
4647,LAZO,3
4647,LEART,3
4647,LEI,3
4647,LEIGHLAND,3
4647,LEIGHTON-JAMES,3
4647,LEIGHTON-LEE,3
4647,LENNAN,3
4647,LENNART,3
4647,LENOX,3
4647,LEVENT,3
4647,LEVY,3
4647,LIAN,3
4647,LIAS,3
4647,LILY,3
4647,LINARDS,3
4647,LINAS,3
4647,LINKOLN,3
4647,LION,3
4647,LISTON,3
4647,LIVIO,3
4647,LLYWELYN,3
4647,LOAY,3
4647,LOGAN-JACK,3
4647,LOGEN,3
4647,LOHAN,3
4647,LORENZ,3
4647,LOUCA,3
4647,LOVELL,3
4647,LUCAH,3
4647,LUCKY,3
4647,LUDOVICO,3
4647,LUIE,3
4647,LUV,3
4647,LYAM,3
4647,LYCAN,3
4647,LYDON,3
4647,LYON,3
4647,MACE,3
4647,MACKY,3
4647,MAHAMEDAMIN,3
4647,MAHAMMAD,3
4647,MAHEER,3
4647,MAHI,3
4647,MAKSIMILIAN,3
4647,MALIKYE,3
4647,MALIN,3
4647,MANFRED,3
4647,MANPREET,3
4647,MANRAAJ,3
4647,MANTRA,3
4647,MARCIO,3
4647,MARLEY-JAMES,3
4647,MARQUES,3
4647,MARTEL,3
4647,MARTELL,3
4647,MARTINO,3
4647,MARTON,3
4647,MARVELLOUS,3
4647,MARZUQ,3
4647,MASSIMILIANO,3
4647,MASUM,3
4647,MATAN,3
4647,MATEJA,3
4647,MATHIEU,3
4647,MATIS,3
4647,MATTI,3
4647,MATTIE,3
4647,MATVEI,3
4647,MATVIY,3
4647,MAXIMO,3
4647,MAXTON,3
4647,MAYAN,3
4647,MAYOWA,3
4647,MAZHAR,3
4647,MCCAULEY,3
4647,MCKAI,3
4647,MD.,3
4647,MEET,3
4647,MEGH,3
4647,MEHAR,3
4647,MEHRAB,3
4647,MEHTAB,3
4647,MENDEL,3
4647,MERAJ,3
4647,MERVIN,3
4647,MICHAEL-JUNIOR,3
4647,MICHAIL,3
4647,MICHELE,3
4647,MICKIE,3
4647,MIHIN,3
4647,MIKHEL,3
4647,MILANO,3
4647,MILLAR,3
4647,MILUN,3
4647,MINH,3
4647,MINHAJ,3
4647,MIRAC,3
4647,MIRACLE,3
4647,MIRCEA,3
4647,MIRON,3
4647,MISHAEL,3
4647,MITCH,3
4647,MITHIL,3
4647,MIZAN,3
4647,MOBIN,3
4647,MODOU,3
4647,MOEED,3
4647,MOHAB,3
4647,MOHAMMAD-ALI,3
4647,MOHAMMAD-YUSUF,3
4647,MOHAMMED-ADAM,3
4647,MOHAMMEDALI,3
4647,MOHANAD,3
4647,MOHD,3
4647,MOHIT,3
4647,MOHMMED,3
4647,MOHSEN,3
4647,MOKSH,3
4647,MOLIK,3
4647,MONTI,3
4647,MOTTY,3
4647,MU'ADH,3
4647,MUDASSAR,3
4647,MUHAMMAD-HASSAN,3
4647,MUHAMMAD-UZAIR,3
4647,MUHUMMED,3
4647,MUMIN,3
4647,MUNRAJ,3
4647,MUNTASIR,3
4647,MUQTADIR,3
4647,MURSALEEN,3
4647,MUSCAB,3
4647,MUSE,3
4647,MUSTAFAH,3
4647,MUSTAFE,3
4647,MYCAH,3
4647,MYKOLAS,3
4647,MYLIE,3
4647,MYRAN,3
4647,NABIIL,3
4647,NACHMAN,3
4647,NACHMEN,3
4647,NADAV,3
4647,NAFTOLI,3
4647,NAGLIS,3
4647,NAITE,3
4647,NALY,3
4647,NAPHTALI,3
4647,NASER,3
4647,NASIM,3
4647,NASR,3
4647,NASSIM,3
4647,NATAS,3
4647,NAUMAN,3
4647,NAWAZ,3
4647,NAYEF,3
4647,NEDAS,3
4647,NEHAN,3
4647,NEMUEL,3
4647,NERIAH,3
4647,NERO,3
4647,NIAZ,3
4647,NIBODH,3
4647,NIKKO,3
4647,NIKOLAJ,3
4647,NIMA,3
4647,NIRMIT,3
4647,NISHAL,3
4647,NISHAN,3
4647,NISHANT,3
4647,NITHISH,3
4647,NIYAH,3
4647,NIYAM,3
4647,NNAMDI,3
4647,NOH,3
4647,NOORUL,3
4647,NOSAKHARE,3
4647,NOSSON,3
4647,NUMAIR,3
4647,NURADIN,3
4647,NURUL,3
4647,NYAL,3
4647,O'SHEA,3
4647,OAKLEN,3
4647,OAKLY,3
4647,ODEN,3
4647,OGHENEMARO,3
4647,OKAN,3
4647,OLADELE,3
4647,OLAJUWON,3
4647,OLAOLUWAKITAN,3
4647,OLAWALE,3
4647,OLIN,3
4647,OLIVER-JACK,3
4647,OLIVER-JAY,3
4647,OLIVERIS,3
4647,OLLE,3
4647,OLLY-JAMES,3
4647,OLLY-RAY,3
4647,OLUFEMI,3
4647,OLUWADAMISI,3
4647,OLUWASIJIBOMI,3
4647,OLUWATONI,3
4647,OMARIO,3
4647,ONNI,3
4647,ONYEKACHI,3
4647,ORHAN,3
4647,ORSEN,3
4647,OSAMUDIAMEN,3
4647,OSIRIS,3
4647,OSKER,3
4647,OTAVIO,3
4647,OUSMANE,3
4647,OWI,3
4647,OZZIE,3
4647,PANAGIOTIS,3
4647,PATRIKS,3
4647,PAVOL,3
4647,PEPE,3
4647,PERRAN,3
4647,PERRIN,3
4647,PETAR,3
4647,PHARELL,3
4647,PHINN,3
4647,PIERSON,3
4647,PINCHAS,3
4647,PIO,3
4647,PORTER,3
4647,PRABHJOT,3
4647,PRABHVEER,3
4647,PRANEEL,3
4647,PRANEIL,3
4647,PRANSHU,3
4647,PRATYUSH,3
4647,PROSPER,3
4647,PUJAN,3
4647,QAIM,3
4647,QUADE,3
4647,QUAID,3
4647,QUINTUS,3
4647,RAAJAN,3
4647,RADEK,3
4647,RADIN,3
4647,RADVIN,3
4647,RADWAN,3
4647,RAEKWON,3
4647,RAFAAN,3
4647,RAFAT,3
4647,RAFEL,3
4647,RAHEIM,3
4647,RAHIB,3
4647,RAHMAAN,3
4647,RAID,3
4647,RAJDEEP,3
4647,RAKIM,3
4647,RAKSHAN,3
4647,RALFS,3
4647,RAMIR,3
4647,RAMON,3
4647,RANELL,3
4647,RASHARN,3
4647,RASTY,3
4647,RAUF,3
4647,RAVEL,3
4647,RAVINDER,3
4647,RAYDON,3
4647,RAYN,3
4647,RAYON,3
4647,RAZEEN,3
4647,REAGEN,3
4647,REAVE,3
4647,REG,3
4647,REI,3
4647,REILEY,3
4647,REILLEY,3
4647,REM,3
4647,REMAN,3
4647,REMIAH,3
4647,REMIGIUSZ,3
4647,REMMI,3
4647,RENELL,3
4647,REZWAN,3
4647,RHEAN,3
4647,RHUN,3
4647,RHYCE,3
4647,RHYS-JAMES,3
4647,RIAD,3
4647,RICHY,3
4647,RIDHAAN,3
4647,RIDHWAN,3
4647,RIFAT,3
4647,RIKARDO,3
4647,RIKKI,3
4647,RILAN,3
4647,RILEY-,3
4647,RILEY-DEAN,3
4647,RILLEY,3
4647,RINALDS,3
4647,RISHON,3
4647,RITHIK,3
4647,RIZWAAN,3
4647,ROCK,3
4647,ROGAN,3
4647,ROMAAN,3
4647,ROMANO,3
4647,ROMAR,3
4647,ROMIE,3
4647,RONAR,3
4647,RONEL,3
4647,RONY,3
4647,ROSCO,3
4647,ROURKE,3
4647,ROYCE,3
4647,ROZH,3
4647,RUADHAN,3
4647,RUDIE,3
4647,RUEBAN,3
4647,RUO,3
4647,RUSSEL,3
4647,RYAN-JUNIOR,3
4647,RYHAN,3
4647,RYLE,3
4647,RYLEA,3
4647,RYLEI,3
4647,RYLEN,3
4647,RYLEY-JAMES,3
4647,RYSZARD,3
4647,RYU,3
4647,SAAHIR,3
4647,SAAN,3
4647,SABBIR,3
4647,SAFIN,3
4647,SAHARSH,3
4647,SAHEL,3
4647,SAHIBPREET,3
4647,SAHIN,3
4647,SAIFUL,3
4647,SAIKOU,3
4647,SAINT,3
4647,SAJAD,3
4647,SAJEEL,3
4647,SAKARIYE,3
4647,SALOMON,3
4647,SAMAN,3
4647,SAMARVIR,3
4647,SAMAY,3
4647,SAMET,3
4647,SAMIK,3
4647,SAMIM,3
4647,SAMIP,3
4647,SAMMAN,3
4647,SAMY,3
4647,SANCHEZ,3
4647,SANDRO,3
4647,SANDY,3
4647,SARJAN,3
4647,SARTAAJ,3
4647,SARUNAS,3
4647,SAVAS,3
4647,SAYEED,3
4647,SAYF,3
4647,SAYYED,3
4647,SCOT,3
4647,SEHAJVEER,3
4647,SEN,3
4647,SENA,3
4647,SENNAN,3
4647,SEON,3
4647,SERCAN,3
4647,SEYAR,3
4647,SHA,3
4647,SHABAN,3
4647,SHABIR,3
4647,SHADMAN,3
4647,SHAFIN,3
4647,SHAHEED,3
4647,SHAHIR,3
4647,SHAHZEB,3
4647,SHAKEEM,3
4647,SHAMAR,3
4647,SHAMARI,3
4647,SHAMMAH,3
4647,SHAMMAI,3
4647,SHANAY,3
4647,SHARAN,3
4647,SHARUN,3
4647,SHASHANK,3
4647,SHAUNAK,3
4647,SHAYA,3
4647,SHAYMUS,3
4647,SHAYON,3
4647,SHEHAB,3
4647,SHELBY,3
4647,SHEN,3
4647,SHERVIN,3
4647,SHERWIN,3
4647,SHIVANSH,3
4647,SHOMARI,3
4647,SHON,3
4647,SHREYANSH,3
4647,SHREYASH,3
4647,SHUJA,3
4647,SHYAM,3
4647,SHYAN,3
4647,SIDDIQ,3
4647,SIDHARTH,3
4647,SIKANDAR,3
4647,SIMAR,3
4647,SIMONE,3
4647,SIMRAN,3
4647,SIYAM,3
4647,SMITH,3
4647,SOFYAN,3
4647,SOLOMAN,3
4647,SORIN,3
4647,SPARSH,3
4647,SRIHARI,3
4647,SRIKAR,3
4647,STEFANOS,3
4647,STELIOS,3
4647,SUKHJOT,3
4647,SUKHVIR,3
4647,SUMAIR,3
4647,SUMEDH,3
4647,SURIYA,3
4647,SVEN,3
4647,SYLAS,3
4647,TADIWA,3
4647,TAFHEEM,3
4647,TAHAA,3
4647,TAIGAN,3
4647,TAIMUR,3
4647,TAKUMA,3
4647,TAKUMI,3
4647,TAL,3
4647,TALEN,3
4647,TALHAA,3
4647,TALHAH,3
4647,TALLON,3
4647,TAMARI,3
4647,TAMZID,3
4647,TANAV,3
4647,TAOFEEK,3
4647,TAPIWA,3
4647,TARANDEEP,3
4647,TARELL,3
4647,TARKAN,3
4647,TARRAN,3
4647,TASHAN,3
4647,TAUHEED,3
4647,TAUHID,3
4647,TAVION,3
4647,TAVIS,3
4647,TAWANANYASHA,3
4647,TAYEM,3
4647,TAYEN,3
4647,TAYM,3
4647,TAYMOUR,3
4647,TAYSHAUN,3
4647,TAYVON,3
4647,TEDDY-JAMES,3
4647,TEGHVEER,3
4647,TEJVEER,3
4647,TEMITAYO,3
4647,TENNESSEE,3
4647,TERREL,3
4647,THABANI,3
4647,THADY,3
4647,THANH,3
4647,THARUN,3
4647,THIAN,3
4647,THIERNO,3
4647,THOMAS-LEE,3
4647,THURSTON,3
4647,TIAAN,3
4647,TIANYI,3
4647,TIBERIUS,3
4647,TIBOR,3
4647,TIEREN,3
4647,TIMILEHIN,3
4647,TIMON,3
4647,TINAYE,3
4647,TIO,3
4647,TISHAAN,3
4647,TITOBILOLUWA,3
4647,TJAY,3
4647,TOBYN,3
4647,TOCHUKWU,3
4647,TOLULOPE,3
4647,TOLUWANI,3
4647,TOLUWANIMI,3
4647,TOMIWA,3
4647,TOMOKI,3
4647,TORAN,3
4647,TREMAYNE,3
4647,TRISTAN-LEE,3
4647,TRISTYN,3
4647,TUMELO,3
4647,TURAN,3
4647,TYBERIUS,3
4647,TYGER,3
4647,TYLER-JAI,3
4647,TYNAN,3
4647,TYNE,3
4647,TYRELLE,3
4647,TYRION,3
4647,UBAIDAH,3
4647,UBAYDULLAH,3
4647,UGOCHUKWU,3
4647,ULYSSES,3
4647,UMRAN,3
4647,UNAIS,3
4647,UNATHI,3
4647,UNAYS,3
4647,URAV,3
4647,URIAH,3
4647,USAMA,3
4647,USAMAH,3
4647,USHER,3
4647,UYIOSA,3
4647,UZOMA,3
4647,VADIM,3
4647,VALDEMAR,3
4647,VASILIS,3
4647,VEERAJ,3
4647,VERNON,3
4647,VIGNESH,3
4647,VILIUS,3
4647,VINNIE-LEE,3
4647,VINUSH,3
4647,VISHAN,3
4647,VLADIMIRS,3
4647,VRAJ,3
4647,VUONG,3
4647,VYAN,3
4647,WAARIS,3
4647,WAEL,3
4647,WAHHAJ,3
4647,WALI,3
4647,WALT,3
4647,WAYDE,3
4647,WOJTEK,3
4647,WYN,3
4647,WYSTAN,3
4647,XAVIAN,3
4647,XION,3
4647,XUAN,3
4647,XZAVIER,3
4647,YAACOV,3
4647,YAFET,3
4647,YAKOUB,3
4647,YAKUP,3
4647,YANI,3
4647,YANNI,3
4647,YARAN,3
4647,YASHWANTH,3
4647,YAYA,3
4647,YAZDAN,3
4647,YAZEED,3
4647,YAZEN,3
4647,YEGOR,3
4647,YEHONATAN,3
4647,YEHUDAH,3
4647,YLLI,3
4647,YOAN,3
4647,YOGESH,3
4647,YOGI,3
4647,YONG,3
4647,YOOSUF,3
4647,YORI,3
4647,YOSHUA,3
4647,YOSSI,3
4647,YOSUF,3
4647,YOUSHA,3
4647,YUKI,3
4647,YVAN,3
4647,ZAAMIN,3
4647,ZABIAN,3
4647,ZABIR,3
4647,ZACCARY,3
4647,ZACKARIA,3
4647,ZAFIR,3
4647,ZAIB,3
4647,ZAIRE,3
4647,ZAKARIYYAH,3
4647,ZAKEE,3
4647,ZAKKARY,3
4647,ZAMIR,3
4647,ZARRAR,3
4647,ZAVION,3
4647,ZAYDAAN,3
4647,ZEKI,3
4647,ZESHAAN,3
4647,ZEUS,3
4647,ZEYN,3
4647,ZHE,3
4647,ZIANI,3
4647,ZIDAAN,3
4647,ZIEMOWIT,3
4647,ZIHAN,3
4647,ZIXUAN,3
4647,ZIYAAN,3
4647,ZORAIZ,3
4647,ZVI,3
4647,ZYAN,3
4647,ZYON,3
