Rank,Name,Count
1,HARRY,7168
2,OLIVER,6669
3,JACK,6230
4,CHARLIE,5571
5,JACOB,5286
6,THOMAS,4893
7,ALFIE,4843
8,RILEY,4825
9,WILLIAM,4590
10,JAMES,4495
11,JOSHUA,4444
12,GEORGE,4408
13,ETHAN,4221
14,NOAH,3912
15,SAMUEL,3499
16,DANIEL,3404
17,OSCAR,3289
18,MAX,3220
19,MUHAMMAD,3161
20,LEO,3134
21,TYLER,3125
22,JOSEPH,3074
23,ARCHIE,3062
24,HENRY,2928
25,LUCAS,2858
26,MOHAMMED,2853
27,ALEXANDER,2836
28,DYLAN,2800
29,LOGAN,2700
30,ISAAC,2682
31,MASON,2625
32,BENJAMIN,2564
33,JAKE,2423
34,FINLEY,2248
35,HARRISON,2224
36,EDWARD,2088
37,JAYDEN,1977
38,FREDDIE,1936
39,ADAM,1907
40,ZACHARY,1722
41,SEBASTIAN,1705
42,RYAN,1675
43,LEWIS,1654
44,THEO,1629
45,LUKE,1557
46,HARLEY,1543
47,MATTHEW,1518
48,HARVEY,1456
49,TOBY,1398
50,LIAM,1374
51,CALLUM,1322
52,ARTHUR,1310
53,MICHAEL,1302
54,JENSON,1284
55,TOMMY,1281
56,NATHAN,1212
57,BOBBY,1186
58,CONNOR,1152
59,DAVID,1148
60,MOHAMMAD,1125
61,LUCA,1117
62,CHARLES,1088
63,KAI,1075
64,JAMIE,1070
65,ALEX,1064
66,BLAKE,1046
66,FRANKIE,1046
68,REUBEN,1014
69,AARON,959
70,DEXTER,955
71,JUDE,920
72,LEON,918
73,OLLIE,907
74,STANLEY,890
75,ELLIOT,876
76,GABRIEL,858
77,CAMERON,849
78,OWEN,839
79,LOUIE,832
80,AIDEN,825
81,LOUIS,815
82,ELIJAH,792
83,FINLAY,791
84,RHYS,769
85,CALEB,763
86,EVAN,744
87,FREDERICK,733
88,HUGO,724
89,KIAN,701
90,SONNY,686
91,SETH,683
92,KAYDEN,678
93,TAYLOR,677
94,KYLE,676
95,ELLIOTT,672
96,ROBERT,660
97,THEODORE,655
98,BAILEY,646
99,RORY,642
100,ELLIS,627
101,JOEL,621
102,BRADLEY,619
102,HAYDEN,619
104,JOHN,618
105,RONNIE,599
106,OLLY,596
107,IBRAHIM,594
108,AUSTIN,588
109,ALBERT,579
110,BILLY,574
111,ASHTON,566
112,CHRISTOPHER,563
113,JACKSON,560
114,FELIX,558
115,AYAAN,555
116,DOMINIC,546
117,COREY,540
118,BEN,536
118,NATHANIEL,536
120,AIDAN,535
121,MUHAMMED,533
122,REECE,528
123,CODY,526
124,SAM,522
125,MAXWELL,521
126,YUSUF,507
127,PATRICK,487
128,TOBIAS,486
129,JASPER,482
130,JAKUB,472
131,FINN,469
131,KAIDEN,469
133,ROMAN,467
134,TRISTAN,464
135,CARTER,461
136,ZAC,451
137,ROWAN,449
138,MORGAN,448
139,ALI,440
140,JAY,438
141,TEDDY,422
142,ANTHONY,414
142,SYED,414
144,FILIP,412
145,ELI,402
146,FLYNN,401
147,JOE,399
148,REGGIE,398
149,NICHOLAS,397
150,SPENCER,394
151,COLE,388
151,LEVI,388
153,ANDREW,387
154,EWAN,385
155,ZACK,383
156,BRANDON,382
157,AHMED,377
158,ALFRED,375
159,ABDULLAH,363
159,MAXIMILIAN,363
161,MILO,361
161,ZAIN,361
163,LAYTON,360
163,XAVIER,360
165,JASON,359
166,ZAK,357
167,LEIGHTON,354
167,MARCUS,354
169,MARLEY,345
170,JONATHAN,344
171,KIERAN,343
172,BEAU,341
172,KACPER,341
172,RUBEN,341
175,DECLAN,340
176,JOEY,336
177,MOHAMED,334
178,ALAN,330
178,KEVIN,330
180,JONAH,324
181,OSKAR,317
182,ABDUL,314
183,VINCENT,312
184,PETER,311
185,JAIDEN,301
185,MILES,301
185,ROCCO,301
188,ALBIE,297
189,HAMZA,295
189,LUKAS,295
191,JENSEN,291
192,JAXON,290
193,RALPH,287
194,RIO,286
194,ZACH,286
196,TOM,285
197,SHAY,282
198,JESSE,281
199,FRASER,276
199,LENNON,276
199,MYLES,276
199,RAYYAN,276
203,BRODY,273
204,ROHAN,270
205,DANNY,269
205,MAXIMUS,269
207,PRESTON,268
208,ADRIAN,267
209,MCKENZIE,263
210,JORDAN,259
211,BARNABY,258
211,COOPER,258
213,MUSA,257
214,MARK,250
214,SEAN,250
216,ASHLEY,248
217,OAKLEY,247
218,CHASE,246
219,YAHYA,241
220,CHRISTIAN,237
220,FLETCHER,237
220,TRAVIS,237
223,DOMINIK,235
223,MUSTAFA,235
225,ZAKARIYA,233
226,FRANK,227
226,OMAR,227
226,TED,227
229,VINNIE,226
230,EMMANUEL,225
230,LEONARDO,225
232,RAYAN,223
233,MALACHI,221
234,ERIC,220
235,RYLEY,219
236,RAPHAEL,218
236,RUFUS,218
238,FREDDY,212
238,HUNTER,212
240,SIDNEY,211
241,KYE,209
242,CONOR,208
243,JOSH,204
244,ARYAN,200
244,HASSAN,200
244,JUNIOR,200
247,ARLO,198
247,ELIAS,198
249,RICHARD,197
249,ROBIN,197
251,ISMAIL,196
251,KENZIE,196
253,MARCEL,195
254,EESA,190
254,EUAN,190
256,FRANCIS,188
256,JAN,188
258,ARJUN,186
259,ASTON,183
259,MARTIN,183
259,PAUL,183
259,RAFAEL,183
263,CASEY,182
263,LINCOLN,182
265,CIAN,179
266,ZAYN,178
267,CAYDEN,177
268,RUPERT,176
269,BENTLEY,174
269,LENNY,174
271,PHILIP,172
271,SCOTT,172
273,RYLAN,171
274,SIMON,170
274,VICTOR,170
274,XANDER,170
277,CAIDEN,169
277,HUDSON,169
279,ROMEO,168
279,UMAR,168
281,FINNLEY,166
282,OLIVIER,165
283,ISAIAH,164
283,RYLEE,164
285,ALEKSANDER,163
286,NIALL,161
286,PHOENIX,161
288,JOSIAH,160
288,TIMOTHY,160
290,HARRIS,158
290,MICAH,158
290,MITCHELL,158
293,WILFRED,157
294,AMIR,156
295,BRODIE,155
295,JIMMY,155
297,BILAL,154
297,ZANE,154
299,ANTONI,152
299,BROOKLYN,152
299,DAMIAN,152
299,FABIAN,152
299,JEREMIAH,152
299,SZYMON,152
299,TOMAS,152
306,PATRYK,151
307,HECTOR,149
307,STEPHEN,149
309,JADEN,148
309,TROY,148
311,ASHER,146
311,NICOLAS,146
313,SAMI,145
314,DOUGLAS,144
314,MYLO,144
316,DAWID,143
316,WILL,143
318,COHEN,142
319,AHMAD,141
319,SOLOMON,141
321,EDDIE,139
321,JUSTIN,139
321,STEFAN,139
324,LORENZO,138
324,MATEUSZ,138
326,ISA,137
326,JULIAN,137
328,JAI,136
329,MONTY,135
330,HENLEY,134
330,OSIAN,134
332,COBY,133
332,HARIS,133
332,STEVEN,133
332,ZACHARIAH,133
336,GRAYSON,132
336,MARSHALL,132
338,RAFFERTY,131
339,HARRI,130
339,LUKA,130
341,HASAN,129
341,IBRAHEEM,129
343,AYDEN,128
343,LEONARD,128
343,REGAN,128
346,AARAV,127
346,CASPER,127
346,KALEB,127
349,DILLON,125
349,HEATH,125
349,NICO,125
349,OTIS,125
349,ZAYAN,125
354,AMAAN,124
354,IVAN,124
356,BUDDY,122
356,ROBBIE,122
358,LEE,121
359,CURTIS,120
359,EZRA,120
359,GETHIN,120
362,MONTGOMERY,119
363,SHANE,118
364,DEVON,117
364,MAISON,117
366,LUIS,116
367,CARSON,115
367,JAC,115
367,TATE,115
370,BENEDICT,114
370,KADEN,114
372,KANE,113
372,KEEGAN,113
372,LEYTON,113
375,EDEN,112
375,MACKENZIE,112
375,OTTO,112
378,BRIAN,111
378,DEAN,111
380,AZAAN,110
380,ENZO,110
382,CIARAN,109
382,ERNEST,109
382,MAKSYMILIAN,109
382,TOMOS,109
386,BARNEY,108
386,CLAYTON,108
386,MARCO,108
389,BRAYDEN,107
389,CADEN,107
389,KYRAN,107
389,MALAKAI,107
393,KYRON,106
393,LAURENCE,106
395,ILYAS,104
395,MICHAL,104
395,RONAN,104
398,HUGH,103
398,LUCIAN,103
398,MIKOLAJ,103
398,TYLER-JAMES,103
402,HUSSAIN,102
402,QUINN,102
404,WARREN,101
405,ALISTAIR,100
405,ARMAAN,100
405,DANTE,100
408,ANGUS,98
408,CASSIUS,98
408,CHARLEY,98
411,HARI,97
411,JARED,97
411,LAWRENCE,97
411,NATE,97
415,CALVIN,96
415,EZEKIEL,96
415,HAYDN,96
415,KHALID,96
419,AYMAN,95
419,JAKOB,95
419,REHAN,95
422,BERTIE,94
422,CRUZ,94
422,KYAN,94
425,DEACON,93
425,DENNIS,93
425,DREW,93
425,PARKER,93
429,AYAN,92
429,HASHIM,92
429,WIKTOR,92
429,ZAKARIA,92
429,ZION,92
434,AADAM,91
434,DAMIEN,91
434,DOUGIE,91
434,IOAN,91
434,KAMIL,91
434,KRISTIAN,91
440,IDRIS,90
440,JOHNNY,90
440,LELAND,90
440,MALIK,90
440,SUBHAN,90
445,NIKODEM,89
445,NOEL,89
445,OLIWIER,89
445,RUDY,89
445,YASEEN,89
450,FRANKLIN,88
450,HAMISH,88
450,JAXSON,88
450,REX,88
454,CAELAN,87
454,IMRAN,87
454,KRISH,87
454,SHAUN,87
454,WYATT,87
454,YUVRAJ,87
460,ANAS,86
460,ARON,86
460,CAI,86
460,DENIS,86
460,EDWIN,86
460,ZAYD,86
466,AAYAN,85
466,MATTEO,85
466,WOODY,85
469,HAIDER,84
469,IGOR,84
469,JAYDON,84
469,LLOYD,84
473,AMARI,83
473,BRUNO,83
473,KOBE,83
476,KEATON,81
476,LAWSON,81
478,ANTONIO,80
478,ARCHIBALD,80
478,BRENDAN,80
478,FERGUS,80
478,ISMAEEL,80
478,MIKEY,80
484,ARCHER,79
484,CORY,79
484,FRAZER,79
484,KOBI,79
484,MILAN,79
484,RAFE,79
490,JONAS,78
490,PRINCE,78
492,DANIYAL,77
492,DIEGO,77
492,FARIS,77
492,JAMAL,77
492,LACHLAN,77
492,SANTIAGO,77
498,BRYAN,76
498,HENRI,76
498,ISSAC,76
498,JEREMY,76
498,MAXIM,76
498,MAXIMILLIAN,76
498,RIVER,76
505,AJAY,75
505,MATAS,75
507,AYDIN,74
507,CALUM,74
507,CHESTER,74
507,DARREN,74
507,YASIN,74
507,YUNUS,74
513,COLBY,73
513,JACE,73
515,AARYAN,72
515,ADDISON,72
515,BARTOSZ,72
515,GEORGIE,72
515,KYLAN,72
515,PIOTR,72
515,SAUL,72
522,BYRON,71
522,CAIN,71
522,ESHAN,71
522,IAN,71
526,ANTON,70
526,AYUB,70
526,GUY,70
526,MARIO,70
526,MILLER,70
526,RIAN,70
526,TAYLAN,70
526,VEER,70
534,RAYAAN,69
534,SAHIL,69
534,TOMMY-LEE,69
534,WALTER,69
538,IESTYN,68
538,KIT,68
538,NED,68
538,TONY,68
542,ADIL,67
542,ARNAV,67
542,DARIUS,67
542,FARHAN,67
542,NATHANAEL,67
542,RICO,67
542,USMAN,67
549,ABEL,66
549,ANDRE,66
549,DORIAN,66
549,ESA,66
549,HERBIE,66
549,MADDOX,66
549,SEBASTIEN,66
549,SHAE,66
549,SHAYAN,66
549,ZACKARY,66
559,ERIK,65
559,IEUAN,65
559,JAYDAN,65
559,KIERON,65
559,REEGAN,65
559,TEDDIE,65
559,WESLEY,65
566,ABDIRAHMAN,64
566,EOIN,64
566,MALACHY,64
569,BRAXTON,63
569,CODEY,63
569,DHRUV,63
569,KEYAAN,63
569,KOBY,63
569,REILLY,63
569,TOMASZ,63
569,VINNY,63
577,ABDULRAHMAN,62
577,CRAIG,62
577,EISA,62
577,FAIZAN,62
577,FRANCISZEK,62
577,HAROON,62
577,ORLANDO,62
577,RAYHAN,62
577,ZAID,62
586,HUBERT,61
586,ISRAEL,61
588,HAMZAH,60
588,QASIM,60
588,RAHEEM,60
588,TREY,60
592,ABRAHAM,59
592,ADYAN,59
592,ANTONY,59
592,CONNER,59
592,CYRUS,59
592,GREGORY,59
592,KASPER,59
592,NATAN,59
592,PHILLIP,59
592,RAY,59
592,SAMIR,59
592,SAMSON,59
592,TALHA,59
592,TYRESE,59
606,AAHIL,58
606,ANGELO,58
606,CARL,58
606,CASPAR,58
606,DENIZ,58
606,FYNN,58
606,KAELAN,58
606,MARC,58
606,MIKAEEL,58
606,MOSES,58
606,OWAIN,58
606,REMY,58
606,SULAIMAN,58
619,ISHAAN,57
619,KEELAN,57
619,KODY,57
619,MATHEW,57
619,NEO,57
619,REAGAN,57
625,ARRAN,56
625,DILAN,56
625,FRED,56
625,KADE,56
625,MAGNUS,56
625,ORSON,56
625,ROSS,56
625,RUDI,56
625,SHAYAAN,56
634,ADNAN,55
634,AXEL,55
634,BODHI,55
634,JEEVAN,55
634,ROCKY,55
634,VIHAAN,55
640,AMAN,54
640,ANDREI,54
640,ARJAN,54
640,DAMON,54
640,JAGO,54
640,MAHDI,54
640,UZAIR,54
640,YAQUB,54
640,YOUSEF,54
649,KRYSTIAN,53
649,OLAF,53
649,SAIF,53
649,TARAN,53
649,YOUSUF,53
654,ALEC,52
654,BROGAN,52
654,EMIR,52
654,KEIRAN,52
654,LENNIE,52
654,LOCHLAN,52
654,REID,52
654,RUEBEN,52
654,RYDER,52
654,RYLIE,52
654,TAHA,52
654,TYLER-JAY,52
666,ABDULLAHI,51
666,IWAN,51
666,LUCIEN,51
666,MIGUEL,51
666,TOMMIE,51
671,ALESSANDRO,50
671,BAXTER,50
671,ELIS,50
671,HADLEY,50
671,KAMRAN,50
671,KARIM,50
671,KINGSLEY,50
671,MATEO,50
671,RAIHAN,50
671,RILEY-JAMES,50
671,TYRONE,50
682,ASA,49
682,CAIRO,49
682,CARLOS,49
682,DRAKE,49
682,EMIL,49
682,ERYK,49
682,HASNAIN,49
682,KAROL,49
682,LENNOX,49
682,LEONIDAS,49
682,RAYMOND,49
682,RILEY-JAY,49
682,YASIR,49
695,ADITYA,48
695,DALTON,48
695,DILLAN,48
695,EDGAR,48
695,ISHAQ,48
695,NIKHIL,48
695,SION,48
695,ZAKARIYYA,48
695,ZEESHAN,48
704,ADEN,47
704,ALEXANDRU,47
704,ALVIN,47
704,ANDY,47
704,BOBBIE,47
704,CLARK,47
704,DION,47
704,EMILIO,47
704,FRANKY,47
704,HUW,47
704,KAJUS,47
704,KENNY,47
704,LOKI,47
704,SAMEER,47
704,TYMON,47
719,ANDREAS,46
719,ARHAM,46
719,ARUN,46
719,CALLAN,46
719,EDISON,46
719,HUZAIFA,46
719,JOHAN,46
719,KALLUM,46
719,NIKOLAS,46
719,SAAD,46
719,SAFWAN,46
719,SAHIB,46
719,SHEA,46
719,TY,46
719,TYRELL,46
734,ALFIE-JAMES,45
734,CHACE,45
734,CILLIAN,45
734,CONRAD,45
734,DAWSON,45
734,DAWUD,45
734,GIDEON,45
734,JAYLEN,45
734,JUNAID,45
734,LUCCA,45
734,MACSEN,45
734,NEIL,45
734,OISIN,45
734,RIDWAN,45
748,ALASTAIR,44
748,EBEN,44
748,FABIO,44
748,OWAIS,44
748,RICARDO,44
748,SUBHAAN,44
754,ABDUR,43
754,ABU,43
754,ARRON,43
754,BRUCE,43
754,CHRIS,43
754,COLIN,43
754,JUDAH,43
754,MD,43
754,OSMAN,43
754,SHAAN,43
754,STEFFAN,43
765,ALEXANDRE,42
765,ARMAN,42
765,ATTICUS,42
765,DOMINYKAS,42
765,KAREEM,42
765,KAYLAN,42
765,KUBA,42
765,MAKSIM,42
765,MIKHAIL,42
765,NATANIEL,42
765,NIKITA,42
765,OMARI,42
765,OMER,42
765,RALPHIE,42
765,REMI,42
765,RICKY,42
765,RISHI,42
765,ZAYNE,42
783,AMAR,41
783,ARIAN,41
783,ARTUR,41
783,DENZEL,41
783,HAARIS,41
783,HUXLEY,41
783,KARL,41
783,MACIEJ,41
783,MARKUS,41
783,UMAIR,41
793,ABUBAKAR,40
793,ALFIE-LEE,40
793,AMIN,40
793,ANSH,40
793,HUEY,40
793,JAX,40
793,LEANDRO,40
793,LUKASZ,40
793,NELSON,40
793,NOJUS,40
793,RAJA,40
793,VIKTOR,40
805,AARIZ,39
805,ADEM,39
805,ALEXANDROS,39
805,AMMAR,39
805,AYRTON,39
805,DANIELIUS,39
805,EDMUND,39
805,HARLEE,39
805,KAYLEN,39
805,KONRAD,39
805,MACAULEY,39
805,REGINALD,39
805,RICHIE,39
805,WILSON,39
805,WOJCIECH,39
805,ZACHERY,39
821,AARUSH,38
821,ABBAS,38
821,ABDURRAHMAN,38
821,EDUARD,38
821,ERNIE,38
821,ISMAEL,38
821,JOVAN,38
821,KENZO,38
821,LUQMAN,38
821,LYNDON,38
821,MIKAIL,38
821,MOHAMAD,38
821,SALMAN,38
821,SUFYAN,38
821,SUNNY,38
821,VIVAAN,38
837,ACE,37
837,BENAS,37
837,BRYN,37
837,DEEN,37
837,EHSAN,37
837,ELWOOD,37
837,ETIENNE,37
837,JAK,37
837,KELVIN,37
837,KSAWERY,37
837,MAHIR,37
837,MALAKI,37
837,NANA,37
837,PERRY,37
837,ROAN,37
852,ALBY,36
852,DEV,36
852,EREN,36
852,GIOVANNI,36
852,HARPER,36
852,HASEEB,36
852,KHALIL,36
852,KOREY,36
852,LAITH,36
852,STUART,36
852,TYMOTEUSZ,36
852,VALENTINO,36
852,YASH,36
852,ZANDER,36
866,ALFIE-JAY,35
866,ARAN,35
866,ARI,35
866,BERAT,35
866,CLAY,35
866,ELIOT,35
866,HERBERT,35
866,JOSEF,35
866,KABIR,35
866,KAYAN,35
866,KAYLUM,35
866,LANDON,35
866,MOSHE,35
866,PADDY,35
866,RUSSELL,35
866,SEB,35
866,SOL,35
866,TRYSTAN,35
866,ZAKI,35
885,BRAYDON,34
885,EMANUEL,34
885,EMILE,34
885,HADI,34
885,HUMZA,34
885,JORGE,34
885,JOSE,34
885,KOBIE,34
885,KRISHAN,34
885,LORCAN,34
885,PRESLEY,34
885,RAEES,34
885,RODRIGO,34
885,STANISLAW,34
885,TERRY,34
885,ZAKK,34
901,BORIS,33
901,BORYS,33
901,DAFYDD,33
901,ENOCH,33
901,FRANCESCO,33
901,HARLAN,33
901,HENDRIX,33
901,IFAN,33
901,ISSA,33
901,JAYDEN-LEE,33
901,JAYSON,33
901,JERMAINE,33
901,KIRAN,33
901,KIYAN,33
901,LAURIE,33
901,MAREK,33
901,MEHMET,33
901,PAWEL,33
901,RALPHY,33
901,REHAAN,33
901,RONNY,33
901,SID,33
901,SUFYAAN,33
901,SULAYMAN,33
901,TIMUR,33
901,ZAYAAN,33
927,ALED,32
927,AMOS,32
927,AYYUB,32
927,CADE,32
927,COLTON,32
927,DARRAGH,32
927,DENNY,32
927,IZAAK,32
927,JEROME,32
927,JONTY,32
927,KAAN,32
927,KARAM,32
927,KELLAN,32
927,KEON,32
927,KODI,32
927,KYMANI,32
927,MAYSON,32
927,SACHIN,32
927,SIDDHARTH,32
927,WILBUR,32
947,AMEER,31
947,AWAIS,31
947,BRADY,31
947,CRISTIAN,31
947,EMERSON,31
947,EMILIS,31
947,EPHRAIM,31
947,GAVIN,31
947,HARMAN,31
947,IOLO,31
947,RAFI,31
947,SANTINO,31
947,TIAGO,31
947,TYSON,31
947,ZAKIR,31
962,ANISH,30
962,AUSTEN,30
962,DANYAL,30
962,ESHAAN,30
962,FAHAD,30
962,FREDRICK,30
962,GERARD,30
962,HUSSEIN,30
962,JON,30
962,KURTIS,30
962,LEWIE,30
962,PERCY,30
962,SHILOH,30
962,SOREN,30
962,WAYNE,30
977,ALESSIO,29
977,ARIN,29
977,CODIE,29
977,CORBEN,29
977,DANISH,29
977,DOMAS,29
977,FAIZAAN,29
977,FINDLAY,29
977,GARETH,29
977,GARY,29
977,GILBERT,29
977,GINO,29
977,HARLOW,29
977,IVO,29
977,KUSH,29
977,MATTHIAS,29
977,SHIV,29
977,SILAS,29
977,TAIO,29
977,TERENCE,29
977,YOSEF,29
998,AVI,28
998,AYUSH,28
998,BLAINE,28
998,CAMRON,28
998,CHAIM,28
998,CORMAC,28
998,GENE,28
998,GURVEER,28
998,HAMMAD,28
998,IZAAN,28
998,JUN,28
998,KAMERON,28
998,KENNETH,28
998,LYLE,28
998,MILOSZ,28
998,ODIN,28
998,ORION,28
998,RONALD,28
998,SAI,28
998,SHELDON,28
998,SULEMAN,28
998,WINSTON,28
998,ZAKARY,28
1021,ARYA,27
1021,BRAIDEN,27
1021,CARLTON,27
1021,COEN,27
1021,DANIELS,27
1021,DARCY,27
1021,DEWI,27
1021,DOVYDAS,27
1021,EDUARDO,27
1021,FINNIAN,27
1021,FIONN,27
1021,FRANCISCO,27
1021,GURNOOR,27
1021,HAMID,27
1021,HASHIR,27
1021,IHSAN,27
1021,JAVIER,27
1021,KAINE,27
1021,KAYA,27
1021,LUCIUS,27
1021,MONTAGUE,27
1021,MURRAY,27
1021,RAHUL,27
1021,RAJAN,27
1021,RUAIRI,27
1021,SHAH,27
1021,SIMEON,27
1021,TARIQ,27
1021,TAYYAB,27
1021,YASSIN,27
1051,ABDULAZIZ,26
1051,ABDURAHMAN,26
1051,ANEURIN,26
1051,ARIYAN,26
1051,AUBREY,26
1051,AYAZ,26
1051,AYOUB,26
1051,BAYLEY,26
1051,CAIO,26
1051,CASPIAN,26
1051,CHE,26
1051,CINAR,26
1051,ELISHA,26
1051,GRUFFYDD,26
1051,HARUN,26
1051,JAYCE,26
1051,JOZEF,26
1051,KAIRO,26
1051,KASEY,26
1051,KAYNE,26
1051,LANCE,26
1051,MANRAJ,26
1051,MATEI,26
1051,MATIAS,26
1051,NIHAL,26
1051,RAJVEER,26
1051,REON,26
1051,ROME,26
1051,SACHA,26
1051,SEAMUS,26
1051,TEO,26
1051,TORIN,26
1051,TYREECE,26
1051,VINCENZO,26
1051,WADE,26
1086,AKRAM,25
1086,ALEJANDRO,25
1086,AMRIT,25
1086,ARONAS,25
1086,ASHWIN,25
1086,ASIM,25
1086,COBIE,25
1086,DARSH,25
1086,DEREK,25
1086,DONOVAN,25
1086,EUGENE,25
1086,FLOYD,25
1086,FREDERIC,25
1086,HAIDEN,25
1086,INDIANA,25
1086,IZAAC,25
1086,JOHN-PAUL,25
1086,KARTER,25
1086,KAYDON,25
1086,KENAN,25
1086,KRZYSZTOF,25
1086,KUZEY,25
1086,MARWAN,25
1086,MEHDI,25
1086,NABIL,25
1086,NOA,25
1086,PATRIK,25
1086,PEDRO,25
1086,PIERRE,25
1086,SAYED,25
1086,SONNIE,25
1086,SULTAN,25
1086,THEODOR,25
1119,ALEKSANDR,24
1119,ARLEY,24
1119,ARMANDAS,24
1119,BASIL,24
1119,BRYCE,24
1119,CARLO,24
1119,CHARLIE-JAMES,24
1119,DAN,24
1119,DANE,24
1119,DIGBY,24
1119,EMRYS,24
1119,HARLEY-JAMES,24
1119,HARVEER,24
1119,ISHAN,24
1119,IVOR,24
1119,JONNY,24
1119,JUAN,24
1119,KAIDAN,24
1119,KAILEN,24
1119,KAYLEM,24
1119,MARKO,24
1119,MATHIAS,24
1119,MAXI,24
1119,MIKEL,24
1119,MUSAB,24
1119,SAMMY,24
1119,SHAI,24
1119,SHAYNE,24
1119,SULLIVAN,24
1119,SYDNEY,24
1119,TAYLOR-JAMES,24
1119,YISROEL,24
1119,YOUNES,24
1152,ALLAN,23
1152,AMAAR,23
1152,ARMANI,23
1152,DARA,23
1152,DAWOOD,23
1152,EFAN,23
1152,EKAM,23
1152,EMMETT,23
1152,FINNLAY,23
1152,FYNLEY,23
1152,GABRIELIUS,23
1152,HARLEY-JAY,23
1152,HUSEYIN,23
1152,JAMIL,23
1152,JARVIS,23
1152,JOHN-JAMES,23
1152,JULIUS,23
1152,LUC,23
1152,MALCOLM,23
1152,MANVEER,23
1152,NOLAN,23
1152,ROSHAN,23
1152,RUDRA,23
1152,SHEIKH,23
1152,SHIVAM,23
1152,TADHG,23
1152,TAI,23
1152,THIERRY,23
1152,TODD,23
1152,TYE,23
1152,UTHMAN,23
1152,WALEED,23
1152,WILF,23
1152,WILLIS,23
1152,YOUSIF,23
1152,YUSEF,23
1152,ZACKERY,23
1152,ZAINE,23
1152,ZAKARIYAH,23
1191,AHMET,22
1191,ALEXIS,22
1191,AMMAAR,22
1191,ANGAD,22
1191,AYOMIDE,22
1191,BRENNAN,22
1191,CHARLEE,22
1191,COSMO,22
1191,DAINTON,22
1191,DARWIN,22
1191,DEIVIDAS,22
1191,DEON,22
1191,DEVLIN,22
1191,DWAYNE,22
1191,EDDY,22
1191,FAISAL,22
1191,FINTAN,22
1191,HARTLEY,22
1191,INDY,22
1191,INIGO,22
1191,ISHAAQ,22
1191,JOSHAN,22
1191,KAEDEN,22
1191,KEANE,22
1191,LINUS,22
1191,MAHAD,22
1191,MARKUSS,22
1191,MASON-LEE,22
1191,NEHEMIAH,22
1191,OREN,22
1191,RANVEER,22
1191,REYANSH,22
1191,RISHAAN,22
1191,STEVIE,22
1191,SUDAIS,22
1191,YOUSSEF,22
1191,ZAVIER,22
1191,ZI,22
1229,AAYUSH,21
1229,AHSAN,21
1229,AHYAN,21
1229,AJ,21
1229,BOWEN,21
1229,COBEY,21
1229,CORBIN,21
1229,DAYTON,21
1229,DEVIN,21
1229,DONTAE,21
1229,ELYAS,21
1229,FLORIAN,21
1229,GETHYN,21
1229,HARLEN,21
1229,HOWARD,21
1229,HUGHIE,21
1229,IRFAN,21
1229,ISHMAEL,21
1229,JAIDAN,21
1229,JAWAD,21
1229,JAYCOB,21
1229,JAYLAN,21
1229,JERRY,21
1229,JIBRIL,21
1229,JOAO,21
1229,KEIR,21
1229,KHALED,21
1229,LOGAN-JAMES,21
1229,LOUI,21
1229,MAJUS,21
1229,MANAV,21
1229,MARLON,21
1229,MAXX,21
1229,MIKAEL,21
1229,OSKARAS,21
1229,RAHIM,21
1229,RHODRI,21
1229,ROKAS,21
1229,SALEH,21
1229,YOUSAF,21
1229,ZUBAIR,21
1270,ABDALLAH,20
1270,ALBAN,20
1270,ALBI,20
1270,ALEKS,20
1270,ANDERSON,20
1270,ANWAR,20
1270,ASAD,20
1270,ASHAR,20
1270,BARNABAS,20
1270,BRENDON,20
1270,BRETT,20
1270,CALLEN,20
1270,CLEMENT,20
1270,CULLEN,20
1270,DEVAN,20
1270,DUNCAN,20
1270,EOGHAN,20
1270,FOX,20
1270,GIANLUCA,20
1270,HUZAIFAH,20
1270,IGNACY,20
1270,JOHANN,20
1270,KACEY,20
1270,KARAN,20
1270,KEAGAN,20
1270,KEENAN,20
1270,KURT,20
1270,LEX,20
1270,MARIUS,20
1270,MOISHE,20
1270,OLIVER-JAMES,20
1270,OM,20
1270,RAUL,20
1270,RIDLEY,20
1270,RIZWAN,20
1270,ROY,20
1270,SAIFULLAH,20
1270,SAXON,20
1270,SHAHEER,20
1270,TOBIASZ,20
1270,WILLEM,20
1270,YI,20
1270,ZAEEM,20
1313,AABAN,19
1313,ADAN,19
1313,ANAY,19
1313,AYMEN,19
1313,AYYAN,19
1313,AZAN,19
1313,BEAR,19
1313,CARWYN,19
1313,CASSIAN,19
1313,CHAD,19
1313,DALE,19
1313,DANIAL,19
1313,DARNELL,19
1313,ELVIS,19
1313,EMRE,19
1313,FAHEEM,19
1313,FRANKLYN,19
1313,GRANT,19
1313,HAKEEM,19
1313,HUMPHREY,19
1313,IDREES,19
1313,JACQUES,19
1313,JADON,19
1313,JOHANNES,19
1313,JOSHUA-JAMES,19
1313,JULES,19
1313,KAMAL,19
1313,KAYSON,19
1313,KEANU,19
1313,KIRILL,19
1313,LAITON,19
1313,LEWYS,19
1313,LUCAS-JAMES,19
1313,MANUEL,19
1313,MAXIME,19
1313,MICKY,19
1313,MUBARAK,19
1313,NABEEL,19
1313,NAYAN,19
1313,NIKO,19
1313,OLI,19
1313,OLUWATOBI,19
1313,PRANAV,19
1313,RHYLEE,19
1313,SAIM,19
1313,SHAYDEN,19
1313,SHAYE,19
1313,SPIKE,19
1313,TOBI,19
1313,TRENT,19
1313,TRISTEN,19
1313,YANIS,19
1313,YU,19
1313,ZIDAN,19
1367,AAMIR,18
1367,ABDUR-RAHMAN,18
1367,ABUBAKR,18
1367,ADRIEL,18
1367,ALBERTO,18
1367,AQIB,18
1367,ARAS,18
1367,ARDA,18
1367,ARVIN,18
1367,AUGUSTUS,18
1367,BABY,18
1367,BAYLEE,18
1367,BLEU,18
1367,BODIE,18
1367,BRADEN,18
1367,BUSTER,18
1367,CHANCE,18
1367,COHAN,18
1367,EHAN,18
1367,ENES,18
1367,ESSA,18
1367,FAIZ,18
1367,FENTON,18
1367,HAROLD,18
1367,HESTON,18
1367,HISHAM,18
1367,JACK-JAMES,18
1367,JAEDEN,18
1367,JAMESON,18
1367,JAYDEN-JAMES,18
1367,JETHRO,18
1367,JODY,18
1367,JOHNATHAN,18
1367,JOWAN,18
1367,KALEEM,18
1367,KARSON,18
1367,KASON,18
1367,KAYDAN,18
1367,KAYLEB,18
1367,KEIRON,18
1367,KORNEL,18
1367,MACAULAY,18
1367,MARKAS,18
1367,MARVIN,18
1367,MICKEY,18
1367,MIKE,18
1367,MOHID,18
1367,MOOSA,18
1367,MUNEEB,18
1367,NAEEM,18
1367,NEEL,18
1367,NIKOLAI,18
1367,RAFAY,18
1367,RAIF,18
1367,RAVI,18
1367,REED,18
1367,RUI,18
1367,TAYLER,18
1367,THOMAS-JAMES,18
1367,TITUS,18
1367,TUDOR,18
1367,YEHUDA,18
1367,ZACHARIA,18
1430,ABHINAV,17
1430,AHAD,17
1430,ALFIE-JACK,17
1430,ALFIE-JOE,17
1430,AQEEL,17
1430,AREEB,17
1430,ARYAAN,17
1430,ASH,17
1430,AYDAN,17
1430,AZLAN,17
1430,BARTLOMIEJ,17
1430,BENCE,17
1430,BRANDON-LEE,17
1430,BRAX,17
1430,CAIUS,17
1430,CASTIEL,17
1430,CHAYCE,17
1430,CORBAN,17
1430,CORBYN,17
1430,DAKSH,17
1430,DONALD,17
1430,DONNIE,17
1430,EASHAN,17
1430,FARHAAN,17
1430,FINLEE,17
1430,FREDERIK,17
1430,GHULAM,17
1430,GRIFFIN,17
1430,GUS,17
1430,GUSTAS,17
1430,GWION,17
1430,HARRY-JAMES,17
1430,HAYDON,17
1430,HAYTHAM,17
1430,IMAAD,17
1430,JASRAJ,17
1430,JAY-JAY,17
1430,JEFFREY,17
1430,JETT,17
1430,KAILAN,17
1430,KAVIN,17
1430,KAYSAN,17
1430,KEREM,17
1430,KRISHNA,17
1430,MACK,17
1430,MASSIMO,17
1430,MIKA,17
1430,MORDECHAI,17
1430,MUAAZ,17
1430,MUJTABA,17
1430,MURTAZA,17
1430,NICK,17
1430,NYLE,17
1430,OCEAN,17
1430,OZZIE,17
1430,PABLO,17
1430,PAVEL,17
1430,RION,17
1430,ROBERTO,17
1430,RUARI,17
1430,RUZGAR,17
1430,SAID,17
1430,SHAKEEL,17
1430,SHAURYA,17
1430,SHAWN,17
1430,TAYLEN,17
1430,THIAGO,17
1430,THOM,17
1430,TOBIE,17
1430,TYLA,17
1430,UZAYR,17
1430,WALID,17
1430,WOODROW,17
1430,YOUNIS,17
1430,ZACHARIAS,17
1430,ZEPHANIAH,17
1430,ZIDANE,17
1507,AADIL,16
1507,ABID,16
1507,ABU-BAKR,16
1507,ACER,16
1507,AEDAN,16
1507,ALASDAIR,16
1507,AMEEN,16
1507,BERTRAM,16
1507,BLAZEJ,16
1507,BOBBI,16
1507,CAMDEN,16
1507,CASH,16
1507,CHRISTOS,16
1507,COBEN,16
1507,DENVER,16
1507,DEVEN,16
1507,DHILAN,16
1507,EBRAHIM,16
1507,EFE,16
1507,ELIOTT,16
1507,FABIEN,16
1507,FAREED,16
1507,FARLEY,16
1507,FEDERICO,16
1507,GEORGI,16
1507,HAMDAN,16
1507,HARVIE,16
1507,IHSAAN,16
1507,ISAAK,16
1507,IZAIAH,16
1507,JAHZIAH,16
1507,JED,16
1507,JIA,16
1507,JONATHON,16
1507,KAISON,16
1507,KAJETAN,16
1507,KALEN,16
1507,KAMARI,16
1507,KAMRON,16
1507,KEITH,16
1507,KEVINAS,16
1507,KHALEEL,16
1507,KINGSTON,16
1507,KOLE,16
1507,KORBEN,16
1507,KWAME,16
1507,LEROY,16
1507,LIONEL,16
1507,LOGAN-LEE,16
1507,LUCIANO,16
1507,LUCUS,16
1507,MAC,16
1507,MANTAS,16
1507,MAVERICK,16
1507,MICHEAL,16
1507,NIAM,16
1507,NOOR,16
1507,PIRAN,16
1507,RAIFE,16
1507,RAMSEY,16
1507,REESE,16
1507,REO,16
1507,RIAZ,16
1507,RIYAD,16
1507,RIYAN,16
1507,ROBSON,16
1507,ROJUS,16
1507,RONI,16
1507,RUAN,16
1507,RUARIDH,16
1507,RYLEIGH,16
1507,SABIR,16
1507,SHLOMO,16
1507,TAJUS,16
1507,THEODOROS,16
1507,TIM,16
1507,TYLOR,16
1507,VLAD,16
1507,YOUCEF,16
1507,ZAYDAN,16
1507,ZEKE,16
1507,ZOHAIB,16
1589,A,15
1589,ANGEL,15
1589,ANTOINE,15
1589,ARCHIE-LEE,15
1589,ARIF,15
1589,ARMIN,15
1589,ART,15
1589,ARTIN,15
1589,AUGUST,15
1589,BILLY-JOE,15
1589,BLAISE,15
1589,BLUE,15
1589,BOBBY-LEE,15
1589,BRODEN,15
1589,BRONSON,15
1589,CAMPBELL,15
1589,DARIN,15
1589,DAVI,15
1589,DEANDRE,15
1589,DIESEL,15
1589,ERIKAS,15
1589,FRANEK,15
1589,GEOFFREY,15
1589,GERALD,15
1589,HAO,15
1589,HORATIO,15
1589,HUSAIN,15
1589,IANIS,15
1589,ILAN,15
1589,IMMANUEL,15
1589,JEAN,15
1589,JEDIDIAH,15
1589,KAELEN,15
1589,KAIN,15
1589,KAIRON,15
1589,KAIYAN,15
1589,KALE,15
1589,KEYAN,15
1589,KHIZAR,15
1589,KING,15
1589,KODIE,15
1589,KOFI,15
1589,KORAY,15
1589,LEOPOLD,15
1589,LEVENTE,15
1589,LLEYTON,15
1589,MAKAI,15
1589,MAKSIMS,15
1589,MEIR,15
1589,MILAD,15
1589,MIRZA,15
1589,MORRIS,15
1589,MURPHY,15
1589,MUSTAPHA,15
1589,NIGEL,15
1589,NORBERT,15
1589,NYE,15
1589,OLUWATOBILOBA,15
1589,OZAN,15
1589,OZZY,15
1589,PAOLO,15
1589,PHARRELL,15
1589,PHINEAS,15
1589,PIETRO,15
1589,SENNA,15
1589,SHALOM,15
1589,SHIMON,15
1589,SHUAIB,15
1589,TAHMID,15
1589,TAMIM,15
1589,TAYTE,15
1589,THEON,15
1589,UMER,15
1589,VIRAJ,15
1589,WARWICK,15
1589,YANNIS,15
1589,YASSER,15
1589,YOHAN,15
1589,ZAKARIAH,15
1589,ZAYDEN,15
1669,ABDULHADI,14
1669,ABYAN,14
1669,AFFAN,14
1669,ALEKSANDAR,14
1669,AMINE,14
1669,ARAV,14
1669,ARIEL,14
1669,ARIS,14
1669,ASHTON-LEE,14
1669,BARAN,14
1669,BAY,14
1669,BENIAMIN,14
1669,BERNARD,14
1669,BILAAL,14
1669,BROOK,14
1669,CLARKE,14
1669,CRISTIANO,14
1669,DALEY,14
1669,DALLAS,14
1669,DARIAN,14
1669,DARIO,14
1669,DOVID,14
1669,DRE,14
1669,EBENEZER,14
1669,ELIAN,14
1669,ENRICO,14
1669,ERAY,14
1669,FRANCO,14
1669,FRASIER,14
1669,FRAZIER,14
1669,GIORGIO,14
1669,GRACJAN,14
1669,GRUFFUDD,14
1669,HABIB,14
1669,HARJOT,14
1669,HUSNAIN,14
1669,IZAK,14
1669,JAD,14
1669,JOKUBAS,14
1669,JOTHAM,14
1669,KAYDEN-LEE,14
1669,KIAAN,14
1669,KISHAN,14
1669,KONNOR,14
1669,KRISTOPHER,14
1669,KYRELL,14
1669,KYREN,14
1669,MAHAMED,14
1669,MARCOS,14
1669,MASEN,14
1669,MATT,14
1669,MERT,14
1669,MILLEN,14
1669,MOHSIN,14
1669,NAEL,14
1669,NASIR,14
1669,NAVRAJ,14
1669,NILE,14
1669,ORAN,14
1669,PAVAN,14
1669,QUINCY,14
1669,RAHMAN,14
1669,RAIYAN,14
1669,REISS,14
1669,RHILEY,14
1669,RHYLEY,14
1669,ROHAAN,14
1669,SAEED,14
1669,SALAHUDDIN,14
1669,SALEEM,14
1669,SHAHAN,14
1669,SIMAS,14
1669,SUKHRAJ,14
1669,TANISH,14
1669,TEODOR,14
1669,TERRELL,14
1669,TIERNAN,14
1669,TYLER-LEE,14
1669,TZVI,14
1669,VALENTIN,14
1669,VEDANT,14
1669,VINCE,14
1669,VIREN,14
1669,VISHNU,14
1669,YAD,14
1669,YAKUB,14
1669,YOEL,14
1756,AADI,13
1756,AADITYA,13
1756,ABHAY,13
1756,ADEEL,13
1756,ADVIK,13
1756,AERON,13
1756,AKSHAY,13
1756,ALPHA,13
1756,ANDREA,13
1756,ANIS,13
1756,ARLEN,13
1756,ARLIE,13
1756,ARNAS,13
1756,AXL,13
1756,AZEEM,13
1756,BECK,13
1756,BLAZE,13
1756,BLESSING,13
1756,BOAZ,13
1756,BOGDAN,13
1756,BRODEY,13
1756,CAILAN,13
1756,CHAYSE,13
1756,CYPRIAN,13
1756,DANYAAL,13
1756,DAUD,13
1756,DAVEY,13
1756,DAYYAN,13
1756,DIMITRI,13
1756,DYFAN,13
1756,EAMON,13
1756,EHSAAN,13
1756,FYNNLEY,13
1756,GIUSEPPE,13
1756,GORDON,13
1756,GRAHAM,13
1756,GWILYM,13
1756,HANIF,13
1756,HARLEM,13
1756,HARSH,13
1756,HEZEKIAH,13
1756,ILIAS,13
1756,JASKARAN,13
1756,JAYAN,13
1756,JAYJAY,13
1756,JENSON-JAMES,13
1756,JIMI,13
1756,JOBY,13
1756,KAISER,13
1756,KAMEEL,13
1756,KARANVEER,13
1756,KASIM,13
1756,KRISTERS,13
1756,KRISTUPAS,13
1756,KYDEN,13
1756,LEMUEL,13
1756,LEONEL,13
1756,LEWI,13
1756,LINDEN,13
1756,LONDON,13
1756,LUQMAAN,13
1756,LUTHER,13
1756,MAHER,13
1756,MAHMOUD,13
1756,MARLOWE,13
1756,MASSIMILIANO,13
1756,MEMPHIS,13
1756,MERLIN,13
1756,MIR,13
1756,NATHANIAL,13
1756,OLUWADAMILOLA,13
1756,OLUWADEMILADE,13
1756,PARTH,13
1756,RAFFI,13
1756,RAMI,13
1756,RANVIR,13
1756,RENE,13
1756,RIAD,13
1756,SALIM,13
1756,SAMUAL,13
1756,SHAHZAIB,13
1756,SHOAIB,13
1756,SIDDHANT,13
1756,TAHIR,13
1756,TANVEER,13
1756,TAYO,13
1756,THOR,13
1756,TIAN,13
1756,TYLAN,13
1756,URIEL,13
1756,UWAIS,13
1756,YAKOV,13
1756,YUSHA,13
1756,ZECHARIAH,13
1756,ZIYAD,13
1756,ZUBAYR,13
1852,AARNAV,12
1852,ABDUL-RAHMAN,12
1852,ABDULAHI,12
1852,ABDURRAHEEM,12
1852,ABE,12
1852,ADOMAS,12
1852,AKEEM,12
1852,AL,12
1852,ALLEN,12
1852,ARCHIE-JAMES,12
1852,ARCHY,12
1852,ARMAND,12
1852,ATTILA,12
1852,BENYAMIN,12
1852,BILL,12
1852,BO,12
1852,CAINE,12
1852,CAVAN,12
1852,CHIDUBEM,12
1852,CYRIL,12
1852,DOMANTAS,12
1852,DUKE,12
1852,EDDISON,12
1852,ELNATHAN,12
1852,EMYR,12
1852,FELIPE,12
1852,FENN,12
1852,FERDINAND,12
1852,GIACOMO,12
1852,GIAN,12
1852,GILES,12
1852,GRAY,12
1852,GRIFF,12
1852,GRUFF,12
1852,HAMED,12
1852,HARVEY-LEE,12
1852,HARVIR,12
1852,ILYAAS,12
1852,ISAM,12
1852,JAEDON,12
1852,JAIVEER,12
1852,JASE,12
1852,JAYKE,12
1852,JET,12
1852,JIM,12
1852,JOACHIM,12
1852,JONJO,12
1852,JUDD,12
1852,KAIDON,12
1852,KAIRAN,12
1852,KENZIE-LEE,12
1852,KIEAN,12
1852,KILLIAN,12
1852,KOHEN,12
1852,KWAKU,12
1852,KYREECE,12
1852,LARRY,12
1852,LAYTH,12
1852,LLYR,12
1852,LOIC,12
1852,MABON,12
1852,MANI,12
1852,MATHEUS,12
1852,MATTIAS,12
1852,MAURICE,12
1852,MEKHI,12
1852,MYRON,12
1852,ODHRAN,12
1852,OLLI,12
1852,OLUWASEYI,12
1852,ORESTAS,12
1852,PARIS,12
1852,PARSA,12
1852,QUENTIN,12
1852,RAFFAELE,12
1852,RALF,12
1852,RALFS,12
1852,RAYHAAN,12
1852,RAYYAAN,12
1852,RHYDIAN,12
1852,RICCARDO,12
1852,RISHABH,12
1852,ROARY,12
1852,ROBERTS,12
1852,ROMARIO,12
1852,RONIN,12
1852,SAJID,12
1852,SASHA,12
1852,SENAN,12
1852,SHAKIR,12
1852,SHAYLAN,12
1852,SHMUEL,12
1852,SIRAJ,12
1852,STEFANO,12
1852,SULEIMAN,12
1852,TARUN,12
1852,TEON,12
1852,THAI,12
1852,TOMI,12
1852,UBAID,12
1852,USMAAN,12
1852,VAKARIS,12
1852,VALENTINE,12
1852,VANSH,12
1852,VED,12
1852,VITO,12
1852,WIL,12
1852,YANNICK,12
1852,ZEPHYR,12
1852,ZIGGY,12
1962,ABRAR,11
1962,ADEL,11
1962,ADRIANO,11
1962,ADRIANS,11
1962,AKAAL,11
1962,AL-AMEEN,11
1962,ALAND,11
1962,ARMINAS,11
1962,ARVIND,11
1962,ASHAZ,11
1962,ASHDON,11
1962,ASHTON-JAMES,11
1962,ATILLA,11
1962,AYUUB,11
1962,AZIZ,11
1962,BARTHOLOMEW,11
1962,BLU,11
1962,BORUCH,11
1962,CAIRON,11
1962,CAOLAN,11
1962,COBI,11
1962,CONAN,11
1962,COREY-JAMES,11
1962,CORNELIUS,11
1962,DAMION,11
1962,DARYL,11
1962,DASHIELL,11
1962,DAVIS,11
1962,DEMPSEY,11
1962,DIMITRIOS,11
1962,DIOGO,11
1962,DIVINE,11
1962,DIYAN,11
1962,DOMINICK,11
1962,DYLON,11
1962,EDOARDO,11
1962,EESAA,11
1962,EESAH,11
1962,EITHAN,11
1962,ELVIN,11
1962,EMLYN,11
1962,ETHAN-JAMES,11
1962,ETHEN,11
1962,FARRELL,11
1962,FERNANDO,11
1962,FILIPPO,11
1962,FINLEIGH,11
1962,FLORIN,11
1962,FRANKIE-LEE,11
1962,GAGE,11
1962,GIO,11
1962,HAADI,11
1962,HAL,11
1962,HAMAAD,11
1962,HAMAD,11
1962,HANZALAH,11
1962,HARLIE,11
1962,HARRY-LEE,11
1962,HARVEY-JAMES,11
1962,HENRIK,11
1962,HOWIE,11
1962,HYWEL,11
1962,IMRAAN,11
1962,ISIAH,11
1962,IYAD,11
1962,JACOB-JAMES,11
1962,JACOBY,11
1962,JAIDON,11
1962,JAMEEL,11
1962,JAXEN,11
1962,JAYDN,11
1962,JEM,11
1962,JESSE-JAMES,11
1962,JOAQUIN,11
1962,JON-PAUL,11
1962,JOSS,11
1962,JUSTICE,11
1962,KADIR,11
1962,KAIF,11
1962,KAILUM,11
1962,KAVAN,11
1962,KEIGAN,11
1962,KERIM,11
1962,KIYAAN,11
1962,KONSTANTINOS,11
1962,KRIS,11
1962,KYMARNI,11
1962,LAWY,11
1962,LAYNE,11
1962,LEIGH,11
1962,LLEWELYN,11
1962,LOWEN,11
1962,MAAZ,11
1962,MALAKYE,11
1962,MALEK,11
1962,MARCIN,11
1962,MASON-JAMES,11
1962,MATEEN,11
1962,MAXYMILIAN,11
1962,MCKINLEY,11
1962,MICAIAH,11
1962,MIKAYEEL,11
1962,NAVEED,11
1962,NICKY,11
1962,NISHAAN,11
1962,NOAM,11
1962,NYALL,11
1962,OBI,11
1962,OBINNA,11
1962,PEYTON,11
1962,QUINTON,11
1962,RAEF,11
1962,RAGHAV,11
1962,RAHEEL,11
1962,RAMAN,11
1962,RAMIN,11
1962,RAMZI,11
1962,RARES,11
1962,RAYN,11
1962,REYAN,11
1962,ROGAN,11
1962,ROGER,11
1962,RONALDO,11
1962,ROWEN,11
1962,SAMAR,11
1962,SAN,11
1962,SANDRO,11
1962,SARIM,11
1962,SARTAJ,11
1962,SAWYER,11
1962,SERGIO,11
1962,SOFIAN,11
1962,SOHAM,11
1962,STEPHAN,11
1962,STEWART,11
1962,SULEYMAN,11
1962,T-JAY,11
1962,TERRENCE,11
1962,TIMMY,11
1962,TINASHE,11
1962,TJ,11
1962,TOBEY,11
1962,TOBIN,11
1962,TOMMASO,11
1962,TREYVON,11
1962,TWM,11
1962,TYLER-JOHN,11
1962,TYREESE,11
1962,UGOCHUKWU,11
1962,WILLOUGHBY,11
1962,YAQOOB,11
1962,YITZCHOK,11
1962,YONATAN,11
1962,YUSIF,11
1962,ZAHEER,11
2117,AADIT,10
2117,AARAN,10
2117,ABDALLA,10
2117,AHNAF,10
2117,AKSHAYAN,10
2117,ALBION,10
2117,ALEXANDR,10
2117,ALEXEI,10
2117,ANDRES,10
2117,ANDREY,10
2117,ANEES,10
2117,ANEIRIN,10
2117,ANIRUDH,10
2117,AREN,10
2117,ARIJUS,10
2117,ARTEM,10
2117,ASHRAF,10
2117,ASIF,10
2117,AUGUSTAS,10
2117,AUSTYN,10
2117,AVROHOM,10
2117,AYODEJI,10
2117,BADEN,10
2117,BENNY,10
2117,BERKAY,10
2117,BINYAMIN,10
2117,BRAEDEN,10
2117,BRAM,10
2117,BRAYAN,10
2117,CODI,10
2117,CODY-LEE,10
2117,CONSTANTIN,10
2117,CYNAN,10
2117,DAANISH,10
2117,DAKOTA,10
2117,DANIIL,10
2117,DARYAN,10
2117,DE'ANDRE,10
2117,DHIAN,10
2117,DHIREN,10
2117,EBAN,10
2117,EDIZ,10
2117,EDWYN,10
2117,ELIEZER,10
2117,ELIO,10
2117,ELY,10
2117,FAARIS,10
2117,FAHIM,10
2117,FARREN,10
2117,FINDLEY,10
2117,GEORGIO,10
2117,GIL,10
2117,GODWIN,10
2117,GONCALO,10
2117,GUNEY,10
2117,GURSHAAN,10
2117,GUTO,10
2117,HAASHIM,10
2117,HARDY,10
2117,HARLEIGH,10
2117,HARRIE,10
2117,HOLDEN,10
2117,HUSAYN,10
2117,IANTO,10
2117,IGNAS,10
2117,IOSIF,10
2117,JALAL,10
2117,JAMAAL,10
2117,JOASH,10
2117,KAAMIL,10
2117,KAIAN,10
2117,KAILEB,10
2117,KAINAN,10
2117,KAISAN,10
2117,KALVIN,10
2117,KAROLIS,10
2117,KASSIM,10
2117,KASSIUS,10
2117,KAVISH,10
2117,KAYAAN,10
2117,KEGAN,10
2117,KIRK,10
2117,KYSON,10
2117,LARS,10
2117,LEO-JAMES,10
2117,LEYLAND,10
2117,LUCAN,10
2117,MAKS,10
2117,MANNY,10
2117,MARLO,10
2117,MATEJ,10
2117,MAZIN,10
2117,MELVIN,10
2117,MIHAI,10
2117,MIHIR,10
2117,MIHRAN,10
2117,MING,10
2117,MIRAN,10
2117,MUADH,10
2117,MUHAMMAD-ALI,10
2117,MUNIR,10
2117,NAHOM,10
2117,NAKSH,10
2117,NEEV,10
2117,NEHAN,10
2117,NIXON,10
2117,OBIE,10
2117,OLUWADARASIMI,10
2117,OLUWASEUN,10
2117,OLUWATOMIWA,10
2117,PADRAIG,10
2117,PARAM,10
2117,PARAMVEER,10
2117,PIERCE,10
2117,PIP,10
2117,PRAISE,10
2117,QAIS,10
2117,QUINLAN,10
2117,RED,10
2117,REEVE,10
2117,REN,10
2117,RISHAN,10
2117,RIYADH,10
2117,ROMAIN,10
2117,RYLAND,10
2117,SAHIR,10
2117,SAIFAN,10
2117,SEYED,10
2117,SHUAYB,10
2117,SKYLER,10
2117,SOHAIB,10
2117,SONNI,10
2117,SOUL,10
2117,STEVE,10
2117,SUKHMAN,10
2117,TADEUSZ,10
2117,TALON,10
2117,TAMAS,10
2117,TAWHEED,10
2117,TAYLOR-JAY,10
2117,TEEJAY,10
2117,TIMAS,10
2117,TOMMYLEE,10
2117,TYRON,10
2117,VAUGHAN,10
2117,WARRICK,10
2117,WILFRID,10
2117,YAZAN,10
2117,ZACHARIYA,10
2117,ZACKARIYA,10
2117,ZAVIYAR,10
2117,ZHI,10
2117,ZIAD,10
2270,AAQIB,9
2270,ABDUL-RAHEEM,9
2270,ABDULKADIR,9
2270,ABDULLA,9
2270,ABIR,9
2270,AFONSO,9
2270,AGASTYA,9
2270,AKBAR,9
2270,AKIVA,9
2270,AKSHAJ,9
2270,ALFIE-JOHN,9
2270,ALISTER,9
2270,ANAND,9
2270,ANH,9
2270,ARAFAT,9
2270,ARAM,9
2270,ARBER,9
2270,ARISH,9
2270,ARNIE,9
2270,ARSALAN,9
2270,ARSH,9
2270,ARTURO,9
2270,ARTURS,9
2270,ARUSH,9
2270,ASHDEN,9
2270,ATHARV,9
2270,ATIF,9
2270,AUGUSTINE,9
2270,AVRAM,9
2270,AVYUKT,9
2270,BASTIAN,9
2270,BENAIAH,9
2270,BENSON,9
2270,BHAVYA,9
2270,BOBBY-JOE,9
2270,BOWIE,9
2270,BOYD,9
2270,BROCK,9
2270,BURHAN,9
2270,CAEDEN,9
2270,CAELEN,9
2270,CAIAN,9
2270,CARRICK,9
2270,CAYDON,9
2270,CEEJAY,9
2270,CELLAN,9
2270,CELT,9
2270,CEZARY,9
2270,CHARLY,9
2270,CHEN,9
2270,CHUKWUEMEKA,9
2270,CORIN,9
2270,DAMARI,9
2270,DANI,9
2270,DAREN,9
2270,DAX,9
2270,DEIO,9
2270,DERIN,9
2270,DERRY,9
2270,DESMOND,9
2270,DEVONTE,9
2270,DHYAN,9
2270,DINO,9
2270,DOMINIKS,9
2270,DON,9
2270,DONTE,9
2270,EBRIMA,9
2270,EKAMJOT,9
2270,EVIN,9
2270,EYAD,9
2270,FAOLAN,9
2270,FELIKS,9
2270,FILIPE,9
2270,FOREST,9
2270,FRAISER,9
2270,FREDRIK,9
2270,FURQAN,9
2270,FYFE,9
2270,GEORGIOS,9
2270,GLEN,9
2270,GREYSON,9
2270,GRZEGORZ,9
2270,GUSTAVO,9
2270,HAIDAR,9
2270,HAITHAM,9
2270,HALLAM,9
2270,HASSAAN,9
2270,HIMMAT,9
2270,HUDHAYFAH,9
2270,IMAAN,9
2270,IMAD,9
2270,IONATAN,9
2270,ISAAM,9
2270,IWO,9
2270,JACOBI,9
2270,JAICOB,9
2270,JAIDYN,9
2270,JALEN,9
2270,JAY-J,9
2270,JAZZ,9
2270,JEREMIASZ,9
2270,JEVAN,9
2270,JIN,9
2270,JOBE,9
2270,JORDON,9
2270,JOSEFF,9
2270,JOZIAH,9
2270,KAIDEN-LEE,9
2270,KAITO,9
2270,KALAN,9
2270,KAYDE,9
2270,KEALAN,9
2270,KENJI,9
2270,KENZY,9
2270,KILIAN,9
2270,KOBEY,9
2270,KONSTANTIN,9
2270,KYDON,9
2270,LAMIN,9
2270,LAWAND,9
2270,LEBRON,9
2270,LEMAR,9
2270,LENNI,9
2270,LESTER,9
2270,LINDON,9
2270,LLEWELLYN,9
2270,MAJID,9
2270,MARLEE,9
2270,MATEUS,9
2270,MCKENZIE-LEE,9
2270,MEER,9
2270,MEHRAN,9
2270,MENACHEM,9
2270,MOTTY,9
2270,MUSSA,9
2270,NADEEM,9
2270,NEDAS,9
2270,OBAN,9
2270,OLAOLUWA,9
2270,OLE,9
2270,OLLIE-JAMES,9
2270,ORIN,9
2270,PAULIUS,9
2270,PIJUS,9
2270,RADLEY,9
2270,RAFAL,9
2270,RAIHAAN,9
2270,REUEL,9
2270,RHYLAN,9
2270,RILEE,9
2270,RILEY-LEE,9
2270,RISHAB,9
2270,ROMAINE,9
2270,RUBAN,9
2270,SALVADOR,9
2270,SAMARTH,9
2270,SAMIUL,9
2270,SAQIB,9
2270,SHAHZAIN,9
2270,SIMONAS,9
2270,SIRAC,9
2270,STAN,9
2270,STIRLING,9
2270,SUHAIB,9
2270,SUHAYB,9
2270,TAIT,9
2270,TALIESIN,9
2270,TANAKA,9
2270,TAYE,9
2270,TIBERIUS,9
2270,TIGER,9
2270,TOMMY-JAY,9
2270,TOR,9
2270,TRE,9
2270,TRISTON,9
2270,UMAYR,9
2270,VIAAN,9
2270,VIGGO,9
2270,VINAY,9
2270,XAVI,9
2270,YAHYE,9
2270,ZAIDEN,9
2270,ZAIM,9
2270,ZE,9
2270,ZEPHAN,9
2270,ZIDAAN,9
2270,ZIYAAD,9
2270,ZULQARNAIN,9
2458,AARON-JAMES,8
2458,ABD,8
2458,ABDI,8
2458,ABDULKAREEM,8
2458,ADEEB,8
2458,ADI,8
2458,ADLEY,8
2458,ADONAI,8
2458,AJAI,8
2458,ALEKSANDRS,8
2458,ALFI,8
2458,ALFIE-GEORGE,8
2458,ALFREDO,8
2458,ALPHIE,8
2458,AMANI,8
2458,ANDI,8
2458,ANSON,8
2458,ARDIL,8
2458,ARHAAN,8
2458,ARNOLD,8
2458,ARTIE,8
2458,ASHVIN,8
2458,ASLAN,8
2458,ATA,8
2458,AUM,8
2458,AYHAM,8
2458,BAILEE,8
2458,BERNIE,8
2458,BLAIR,8
2458,BLAKELY,8
2458,BOE,8
2458,BOLUWATIFE,8
2458,BRAN,8
2458,BRENT,8
2458,BRODI,8
2458,BRYSON,8
2458,CASS,8
2458,CASSIDY,8
2458,CAVALLI,8
2458,CAYLAN,8
2458,CAYLEB,8
2458,CEE-JAY,8
2458,CELYN,8
2458,CHAISE,8
2458,CHANNING,8
2458,CLAUDE,8
2458,CLINTON,8
2458,COBAN,8
2458,COEL,8
2458,CONALL,8
2458,COREY-LEE,8
2458,COURTNEY,8
2458,DANILO,8
2458,DARAGH,8
2458,DARRELL,8
2458,DEIAN,8
2458,DEIVIDS,8
2458,DENAS,8
2458,DEVONTAE,8
2458,DHANI,8
2458,DHILLON,8
2458,DILRAJ,8
2458,DIYAR,8
2458,DOLTON,8
2458,EASON,8
2458,EBUBECHUKWU,8
2458,EDAN,8
2458,EDON,8
2458,EDSON,8
2458,ELISEI,8
2458,ELLIAS,8
2458,ELLISON,8
2458,ERNESTO,8
2458,ERON,8
2458,ESAH,8
2458,ETHAN-LEE,8
2458,EVREN,8
2458,FAUSTAS,8
2458,FAYZAN,8
2458,FINBAR,8
2458,FLINN,8
2458,FORREST,8
2458,FRANKI,8
2458,FRANKIE-JOE,8
2458,GLYN,8
2458,GURJEEVAN,8
2458,GUSTAV,8
2458,HAKIM,8
2458,HAMILTON,8
2458,HAMSA,8
2458,HAN,8
2458,HANNAN,8
2458,HARLEY-JAI,8
2458,HARLEY-JOE,8
2458,HAYDER,8
2458,HUMAYL,8
2458,HUMZAH,8
2458,IFEOLUWA,8
2458,ILYES,8
2458,INDIE,8
2458,ISAA,8
2458,ISAAQ,8
2458,ISLAM,8
2458,IZIAH,8
2458,JACEK,8
2458,JAIRAJ,8
2458,JAKSON,8
2458,JAMIE-LEE,8
2458,JANIS,8
2458,JASKIRAT,8
2458,JAZIB,8
2458,JEFFERSON,8
2458,JIBREEL,8
2458,JOHNSON,8
2458,JUJHAR,8
2458,JULIEN,8
2458,JUNAYD,8
2458,JUSTAS,8
2458,KADYN,8
2458,KAIRAV,8
2458,KAL-EL,8
2458,KANYE,8
2458,KARTAR,8
2458,KASHIF,8
2458,KASRA,8
2458,KAYHAN,8
2458,KEIAN,8
2458,KEILAN,8
2458,KEN,8
2458,KENNEDY,8
2458,KESHAV,8
2458,KESTER,8
2458,KHALIFA,8
2458,KIEFER,8
2458,KIEREN,8
2458,KITT,8
2458,KOA,8
2458,KOUROSH,8
2458,KUSHAL,8
2458,KYLEN,8
2458,KYLER,8
2458,LAKSH,8
2458,LEIF,8
2458,LELAN,8
2458,LEUAN,8
2458,LEYLAN,8
2458,LUIGI,8
2458,LYSANDER,8
2458,MAHAMMED,8
2458,MAKSYM,8
2458,MALACHAI,8
2458,MANJOT,8
2458,MARTIM,8
2458,MARTINS,8
2458,MARTY,8
2458,MARTYN,8
2458,MATIN,8
2458,MATVEY,8
2458,MAWGAN,8
2458,MAYAN,8
2458,MAYANK,8
2458,MIHAIL,8
2458,MIKA'IL,8
2458,MILTON,8
2458,MIRAJ,8
2458,MITCHEL,8
2458,MOHIB,8
2458,MORLEY,8
2458,MOSTAFA,8
2458,MUAAD,8
2458,MUHAMAD,8
2458,MUHAMMAD-UMAR,8
2458,MUMIN,8
2458,NAGLIS,8
2458,NALI,8
2458,NARAYAN,8
2458,NAVIN,8
2458,NEIDAS,8
2458,NICOLO,8
2458,NIKOLA,8
2458,NINO,8
2458,NIRVAN,8
2458,NISHAN,8
2458,OLAMIDE,8
2458,OLIVERS,8
2458,OLUWATIMILEYIN,8
2458,OMARION,8
2458,ORRIN,8
2458,OSAMA,8
2458,OSCAR-JAMES,8
2458,OUSMAN,8
2458,PASCAL,8
2458,PEREZ,8
2458,PRANSHU,8
2458,PREM,8
2458,PRIYAN,8
2458,RAFAN,8
2458,RAHAT,8
2458,RAI,8
2458,RAIDEN,8
2458,RAINE,8
2458,RANBIR,8
2458,RASHID,8
2458,RENARS,8
2458,RICCO,8
2458,RIDWAAN,8
2458,RILEY-JAI,8
2458,ROHIT,8
2458,ROSCOE,8
2458,RUBIN,8
2458,RYKER,8
2458,RYU,8
2458,SALAH,8
2458,SALIH,8
2458,SALMAAN,8
2458,SAMAD,8
2458,SAMMI,8
2458,SAMRAJ,8
2458,SAYAN,8
2458,SELIM,8
2458,SHAD,8
2458,SHAHAAN,8
2458,SHAHID,8
2458,SHAZAIN,8
2458,SHIVAN,8
2458,SHLOK,8
2458,SHREYAS,8
2458,SOHAIL,8
2458,STANISLAV,8
2458,STERLING,8
2458,SUFIYAN,8
2458,SURAJ,8
2458,TASEEN,8
2458,TAY,8
2458,TAYDEN,8
2458,TEJAS,8
2458,TOMMY-JAMES,8
2458,TORBEN,8
2458,TREVOR,8
2458,TUCKER,8
2458,TYGER,8
2458,TYLER-JOE,8
2458,TYREE,8
2458,VARUN,8
2458,VIKRAM,8
2458,VIVEK,8
2458,VLADIMIR,8
2458,WASSIM,8
2458,WINTER,8
2458,YAHIA,8
2458,YIGIT,8
2458,YONIS,8
2458,YOSEPH,8
2458,YOUNUS,8
2458,ZADE,8
2458,ZAHIR,8
2458,ZAKAI,8
2458,ZAKARIYYAH,8
2458,ZEV,8
2458,ZINEDINE,8
2458,ZOHAIR,8
2458,ZUHAIB,8
2458,ZUHAIR,8
2721,AADHAV,7
2721,AASIM,7
2721,ABDUL-AHAD,7
2721,ABDUL-MALIK,7
2721,ABDULMALIK,7
2721,ABDULRAHEEM,7
2721,ABDUS,7
2721,ABHI,7
2721,ADAMS,7
2721,ADISON,7
2721,ADIYAN,7
2721,ADRIEN,7
2721,AHAAN,7
2721,AIMAN,7
2721,AIRONAS,7
2721,AJANI,7
2721,AJEET,7
2721,AKASH,7
2721,AKIRA,7
2721,ALDO,7
2721,ALEEM,7
2721,ALFIE-JAI,7
2721,ALIM,7
2721,ALTON,7
2721,AMADOU,7
2721,AMARII,7
2721,AMIEL,7
2721,ANDERS,7
2721,ANDREJ,7
2721,AODHAN,7
2721,ARION,7
2721,ARIZ,7
2721,ARNO,7
2721,ARTJOMS,7
2721,ATAL,7
2721,AURELIO,7
2721,AVIRAJ,7
2721,AWAB,7
2721,AYMAAN,7
2721,AZARIAH,7
2721,AZHAR,7
2721,BADER,7
2721,BALRAJ,7
2721,BARRY,7
2721,BINYAMEEN,7
2721,BJORN,7
2721,BLAIZE,7
2721,BLEDDYN,7
2721,BOSTON,7
2721,BRANDEN,7
2721,BRENDEN,7
2721,BRIGHT,7
2721,CADAN,7
2721,CAEL,7
2721,CAELUM,7
2721,CAILEN,7
2721,CEDRIC,7
2721,CEM,7
2721,CHANDLER,7
2721,CHARLIE-JACK,7
2721,CHARLIE-JAY,7
2721,CHI,7
2721,CHRISTOPHER-JAMES,7
2721,CLARENCE,7
2721,COBY-JAY,7
2721,COLLIN,7
2721,COLT,7
2721,CONNAH,7
2721,CONSTANTINE,7
2721,CORLEY,7
2721,CSABA,7
2721,D'ANDRE,7
2721,DAKARAI,7
2721,DAMIR,7
2721,DANIL,7
2721,DASTAN,7
2721,DEMARCO,7
2721,DHAIRYA,7
2721,DHIYAN,7
2721,DIAMOND,7
2721,DIMITAR,7
2721,DOMANIC,7
2721,DONELL,7
2721,DOV,7
2721,DRAY,7
2721,DUC,7
2721,DYLAN-JAMES,7
2721,EATHAN,7
2721,ELIYAHU,7
2721,ELJAY,7
2721,EMILIJUS,7
2721,ERION,7
2721,EVERETT,7
2721,EWEN,7
2721,FAAZ,7
2721,FARAZ,7
2721,FAWAZ,7
2721,FERRIS,7
2721,FINIAN,7
2721,FINLEY-JAMES,7
2721,FLAVIO,7
2721,FLINT,7
2721,FRAIZER,7
2721,FUAD,7
2721,GABRIELE,7
2721,GAEL,7
2721,GASPARD,7
2721,GERAINT,7
2721,GIANNI,7
2721,GIULIO,7
2721,GOVIND,7
2721,GREGOR,7
2721,GUILHERME,7
2721,GUSTAVS,7
2721,HAAZIQ,7
2721,HAMDAAN,7
2721,HARVEY-JAY,7
2721,HASAAN,7
2721,HAYDAR,7
2721,HAYYAN,7
2721,HENDRIK,7
2721,HERSHY,7
2721,HOSEA,7
2721,HUSSNAIN,7
2721,IAGO,7
2721,ILYA,7
2721,INDIGO,7
2721,IOANNIS,7
2721,JABRIL,7
2721,JAE,7
2721,JAGDEEP,7
2721,JAHMARI,7
2721,JAHSIAH,7
2721,JAIDEN-LEE,7
2721,JAINIL,7
2721,JAMARI,7
2721,JAXX,7
2721,JAYMIE,7
2721,JAZIAH,7
2721,JEDD,7
2721,JEFF,7
2721,JEREMI,7
2721,JESSIE,7
2721,JEVON,7
2721,JIMMY-LEE,7
2721,JJ,7
2721,JOBAN,7
2721,JOHNNIE,7
2721,JORDI,7
2721,KALEL,7
2721,KALEM,7
2721,KALLEN,7
2721,KAMARNI,7
2721,KARAMVEER,7
2721,KARTIK,7
2721,KASEN,7
2721,KASH,7
2721,KASJAN,7
2721,KAVELL,7
2721,KAYDN,7
2721,KELLY,7
2721,KEMAL,7
2721,KENLEY,7
2721,KHAI,7
2721,KIMANI,7
2721,KIRIL,7
2721,KLAYTON,7
2721,KOEN,7
2721,KOLBY,7
2721,KORI,7
2721,KORY,7
2721,KRISHIV,7
2721,KRUZ,7
2721,KWABENA,7
2721,KYRIE,7
2721,KYRO,7
2721,KYRUN,7
2721,LAMAR,7
2721,LANDEN,7
2721,LASZLO,7
2721,LAWI,7
2721,LAYTON-JAMES,7
2721,LEIGHTON-JAMES,7
2721,LEVON,7
2721,LEWIN,7
2721,LIBAN,7
2721,LLYWELYN,7
2721,LOCHLANN,7
2721,LOGHAN,7
2721,LORD,7
2721,LUCAS-JAY,7
2721,LUCIO,7
2721,LUDO,7
2721,LYON,7
2721,MAHMOOD,7
2721,MAJD,7
2721,MANAN,7
2721,MANSOOR,7
2721,MARCELL,7
2721,MARIAN,7
2721,MARIUSZ,7
2721,MARLOW,7
2721,MASUD,7
2721,MATTY,7
2721,METE,7
2721,MICHELE,7
2721,MIESZKO,7
2721,MILEY,7
2721,MIROSLAV,7
2721,MOISHY,7
2721,MUAD,7
2721,MUBASHIR,7
2721,MUHAMED,7
2721,MUHAMMAD-YUSUF,7
2721,MUHIB,7
2721,MUHSIN,7
2721,MUJAHID,7
2721,MUZAMMIL,7
2721,NADER,7
2721,NADIM,7
2721,NAFTOLI,7
2721,NAMAN,7
2721,NASRI,7
2721,NATAS,7
2721,NATHEN,7
2721,NAVDEEP,7
2721,NEAL,7
2721,NEVAN,7
2721,NILS,7
2721,NNAMDI,7
2721,NUH,7
2721,OLIWER,7
2721,OLLY-JAY,7
2721,OLUWAFEMI,7
2721,OLUWAFERANMI,7
2721,OLUWANIFEMI,7
2721,OLUWASEMILORE,7
2721,OLUWATOMISIN,7
2721,OMID,7
2721,OSKA,7
2721,OSTIN,7
2721,OTHNIEL,7
2721,PAPA,7
2721,PATRIKS,7
2721,PAULO,7
2721,PHEONIX,7
2721,PIERS,7
2721,QUADE,7
2721,RADIN,7
2721,RAED,7
2721,RAEGAN,7
2721,RAHEIM,7
2721,RAMIRO,7
2721,RANELL,7
2721,RANULPH,7
2721,RAVEN,7
2721,RAYANE,7
2721,RAYEN,7
2721,REEF,7
2721,RIYAAN,7
2721,ROMANO,7
2721,RON,7
2721,SAFWAAN,7
2721,SAGE,7
2721,SALEM,7
2721,SAMPSON,7
2721,SAMY,7
2721,SAUD,7
2721,SEIF,7
2721,SHAHIR,7
2721,SHAYEN,7
2721,SHIA,7
2721,SHIVEN,7
2721,SHLOIME,7
2721,SHREYAN,7
2721,SOHAN,7
2721,SUHAAN,7
2721,SUHAIL,7
2721,SULIMAN,7
2721,SYLVESTER,7
2721,TADIWA,7
2721,TAHEEM,7
2721,TALHAH,7
2721,TAMEEM,7
2721,TAWANA,7
2721,TAYON,7
2721,TENZIN,7
2721,THOMAS-JAY,7
2721,TIEN,7
2721,TIMO,7
2721,TINOTENDA,7
2721,TITAS,7
2721,TOMS,7
2721,TOPRAK,7
2721,TRAE,7
2721,UTHMAAN,7
2721,VIVAN,7
2721,WESTON,7
2721,WILIAM,7
2721,YAAKOV,7
2721,YACOB,7
2721,YACQUB,7
2721,YASSINE,7
2721,YNYR,7
2721,YUNIS,7
2721,YURI,7
2721,YUVAN,7
2721,YUVRAAJ,7
2721,ZAFIR,7
2721,ZAHID,7
2721,ZARRAR,7
2721,ZAYED,7
2721,ZEB,7
2721,ZEBEDEE,7
2721,ZEYAD,7
2721,ZHEN,7
2721,ZIA,7
2721,ZISHAN,7
3039,AARIYAN,6
3039,ABAAN,6
3039,ABDEL,6
3039,ABDELRAHMAN,6
3039,ABDIMALIK,6
3039,ABDUL-HADI,6
3039,ABDULWAHAB,6
3039,ABDUR-RAHEEM,6
3039,ABDUR-REHMAN,6
3039,ABINASH,6
3039,ABUBAKER,6
3039,ADEDAYO,6
3039,ADETOKUNBO,6
3039,ADON,6
3039,AIDEN-JAMES,6
3039,AIRIDAS,6
3039,AJIT,6
3039,AKIF,6
3039,AKIL,6
3039,AKOREDE,6
3039,AKSH,6
3039,AKSHAR,6
3039,ALEK,6
3039,ALEXZANDER,6
3039,ALFY,6
3039,ALIF,6
3039,ALVARO,6
3039,ALY,6
3039,AMAAD,6
3039,AMER,6
3039,AMIT,6
3039,AMJAD,6
3039,AMR,6
3039,ANDRZEJ,6
3039,ANES,6
3039,ANIL,6
3039,ANMOL,6
3039,ARASH,6
3039,AREZ,6
3039,ARIA,6
3039,ARJEN,6
3039,ARMANDO,6
3039,ARO,6
3039,ARTIOM,6
3039,ARYEH,6
3039,ATHAN,6
3039,ATREYU,6
3039,AUDEN,6
3039,AURELIEN,6
3039,AVYAN,6
3039,AYOMIKUN,6
3039,AYOOLA,6
3039,BAILEY-JAY,6
3039,BAO,6
3039,BAWAN,6
3039,BAYDEN,6
3039,BEAUMONT,6
3039,BENJY,6
3039,BLAYKE,6
3039,BOBBY-JAY,6
3039,BOBBY-RAY,6
3039,BRADLEE,6
3039,BRINLEY,6
3039,CALAN,6
3039,CAM'RON,6
3039,CAMERON-JAMES,6
3039,CASON,6
3039,CAVANI,6
3039,CHAEL,6
3039,CHARLIE-JOHN,6
3039,CHENG,6
3039,CHRISTIANO,6
3039,CJ,6
3039,CLAUDIO,6
3039,COBAIN,6
3039,CRISPIN,6
3039,CRUIZ,6
3039,CRUZE,6
3039,CUBA,6
3039,D'ANGELO,6
3039,DAIRE,6
3039,DAIWIK,6
3039,DAMILOLA,6
3039,DANA,6
3039,DANIYAAL,6
3039,DARRYL,6
3039,DAVE,6
3039,DAVIN,6
3039,DEIMANTAS,6
3039,DEMARIO,6
3039,DEMIR,6
3039,DENLEY,6
3039,DHARAM,6
3039,DIMITRIS,6
3039,DOMONIC,6
3039,DONNY,6
3039,DOUGAL,6
3039,DREY,6
3039,DYLLAN,6
3039,EAMONN,6
3039,EASA,6
3039,EBON,6
3039,ED,6
3039,EDVARDAS,6
3039,EITAN,6
3039,ELIJUS,6
3039,ELIYAS,6
3039,EMILIAN,6
3039,EMIN,6
3039,ENIS,6
3039,ENRIQUE,6
3039,ERDI,6
3039,ERROL,6
3039,ESPEN,6
3039,ESTEBAN,6
3039,EVANAS,6
3039,EZAAN,6
3039,EZEL,6
3039,FABRIZIO,6
3039,FARRAN,6
3039,FAVOUR,6
3039,FAWWAZ,6
3039,FAYAAZ,6
3039,FINNBAR,6
3039,FINTON,6
3039,FRANKEY,6
3039,FRANKIE-JAY,6
3039,GABRIELS,6
3039,GARRY,6
3039,GAVRIEL,6
3039,GERRARD,6
3039,GERRY,6
3039,GLENN,6
3039,GRIFFITH,6
3039,GURJOT,6
3039,GURSHAN,6
3039,GURVIR,6
3039,HADYN,6
3039,HANI,6
3039,HANLEY,6
3039,HANO,6
3039,HARISH,6
3039,HAROUN,6
3039,HARRISON-LEE,6
3039,HARRY-JACK,6
3039,HARVINDER,6
3039,HAZIQ,6
3039,HENRIQUE,6
3039,HENRYK,6
3039,IACOV,6
3039,IBRAAHEEM,6
3039,IJAZ,6
3039,IKECHUKWU,6
3039,IMAN,6
3039,IMTIAZ,6
3039,INNES,6
3039,IRA,6
3039,ISAH,6
3039,ISAK,6
3039,ISHAK,6
3039,JABIR,6
3039,JAIME,6
3039,JAMES-DEAN,6
3039,JAROSLAV,6
3039,JARRED,6
3039,JASIAH,6
3039,JASIM,6
3039,JASON-JUNIOR,6
3039,JASSIM,6
3039,JATIN,6
3039,JAVAN,6
3039,JAYESH,6
3039,JEET,6
3039,JESIAH,6
3039,JIBRAEEL,6
3039,JIBRAN,6
3039,JOHN-JUNIOR,6
3039,JOJO,6
3039,JORIS,6
3039,JULIO,6
3039,KABEER,6
3039,KAILEM,6
3039,KAIZER,6
3039,KALIL,6
3039,KALLAN,6
3039,KAMANI,6
3039,KARTHIK,6
3039,KAYDEN-JAY,6
3039,KAYRA,6
3039,KAZI,6
3039,KEAN,6
3039,KEBBA,6
3039,KEEAN,6
3039,KEEYAN,6
3039,KEHINDE,6
3039,KELLEN,6
3039,KELTON,6
3039,KENDALL,6
3039,KENECHUKWU,6
3039,KENZI,6
3039,KENZIE-JAY,6
3039,KHUSH,6
3039,KINAN,6
3039,KING-DAVID,6
3039,KIRAT,6
3039,KOBIE-LEE,6
3039,KODEY,6
3039,KONNER,6
3039,KOOPER,6
3039,KRISHANG,6
3039,KRISTOFERS,6
3039,KSAWIER,6
3039,KY-MANI,6
3039,LARSSON,6
3039,LATHAN,6
3039,LAWIN,6
3039,LAYLAND,6
3039,LEART,6
3039,LEELAN,6
3039,LESLIE,6
3039,LETO,6
3039,LEWIS-JAMES,6
3039,LEXUS,6
3039,LLION,6
3039,LOGUN,6
3039,LORENZ,6
3039,LUAN,6
3039,LUI,6
3039,MACS,6
3039,MADHAV,6
3039,MAHD,6
3039,MAHIN,6
3039,MALICK,6
3039,MANASSEH,6
3039,MARCELLO,6
3039,MARLEY-JAMES,6
3039,MATHIS,6
3039,MATTHIEU,6
3039,MATTIA,6
3039,MATYAS,6
3039,MAXIMILIANO,6
3039,MAXIMILIEN,6
3039,MAXIMILLION,6
3039,MAXTON,6
3039,MEET,6
3039,MILLAN,6
3039,MOHAMMAD-AYAAN,6
3039,MOHAMMOD,6
3039,MOISE,6
3039,MOMODOU,6
3039,MUBEEN,6
3039,MUHAMMAD-YAHYA,6
3039,MUHANNAD,6
3039,MURAD,6
3039,MURAT,6
3039,NADAV,6
3039,NADIR,6
3039,NAJIB,6
3039,NAOD,6
3039,NASSER,6
3039,NATNAEL,6
3039,NAVJOT,6
3039,NEVIN,6
3039,NIKOLAY,6
3039,NOMAN,6
3039,NOUR,6
3039,NUMAAN,6
3039,NUNO,6
3039,OBADIAH,6
3039,OBALOLUWA,6
3039,OLLIE-JAY,6
3039,ONUR,6
3039,OREOLUWA,6
3039,ORI,6
3039,OWYN,6
3039,PATRIKAS,6
3039,PAULIE,6
3039,PEREGRINE,6
3039,PETAR,6
3039,PETR,6
3039,PHELAN,6
3039,PRANAY,6
3039,PRINCETON,6
3039,QAASIM,6
3039,QI,6
3039,RAAHIL,6
3039,RAAJAN,6
3039,RADWAN,6
3039,RAFFAEL,6
3039,RAIENS,6
3039,RAJ,6
3039,RAM,6
3039,RAMELL,6
3039,RAMY,6
3039,RANA,6
3039,RATU,6
3039,RAYLAN,6
3039,RAYNE,6
3039,REHMAN,6
3039,RENELL,6
3039,REYHAN,6
3039,RICARDS,6
3039,RIELLY,6
3039,RIHAN,6
3039,RILEIGH,6
3039,RILEY-JOE,6
3039,RISHON,6
3039,RITCHIE,6
3039,RIVEN,6
3039,ROHIN,6
3039,ROMERO,6
3039,RUSLAN,6
3039,RYAAN,6
3039,RYAN-LEE,6
3039,SA'AD,6
3039,SAAM,6
3039,SADIQ,6
3039,SAHAND,6
3039,SAHIBJOT,6
3039,SAMER,6
3039,SANJAY,6
3039,SANTHOSH,6
3039,SEBASTIANO,6
3039,SHAKIL,6
3039,SHAYON,6
3039,SHREY,6
3039,SHYAM,6
3039,SIMBARASHE,6
3039,SKY,6
3039,STORM,6
3039,SURYA,6
3039,SYON,6
3039,TAE,6
3039,TAHER,6
3039,TAHSIN,6
3039,TAJ,6
3039,TANNER,6
3039,TANVIR,6
3039,TARIK,6
3039,TATENDA,6
3039,TATUM,6
3039,TAUSEEF,6
3039,TEE-JAY,6
3039,TEGAN,6
3039,TEILO,6
3039,TEJ,6
3039,TEMITAYO,6
3039,THEO-JAMES,6
3039,TOBIAH,6
3039,TOMMY-JOE,6
3039,TRAYVON,6
3039,TREMAINE,6
3039,TRISTIAN,6
3039,TRISTYN,6
3039,TYLER-JAI,6
3039,TYREN,6
3039,UMUT,6
3039,VEERAN,6
3039,VINNI,6
3039,VIRAAJ,6
3039,VIRAT,6
3039,VIYAN,6
3039,VYOM,6
3039,WAFIQ,6
3039,WASI,6
3039,WASIF,6
3039,WAYDE,6
3039,WEI,6
3039,WISDOM,6
3039,WITOLD,6
3039,YAN,6
3039,ZACKARIAH,6
3039,ZARIF,6
3039,ZAYYAN,6
3039,ZEN,6
3039,ZEPH,6
3039,ZURIEL,6
3416,A-JAY,5
3416,AAHAN,5
3416,AAMIL,5
3416,AARYA,5
3416,AAYAAN,5
3416,ABDIAZIZ,5
3416,ABDISHAKUR,5
3416,ABDOU,5
3416,ABDOULIE,5
3416,ABDUL-HAADI,5
3416,ABDULBASIT,5
3416,ABDULQADIR,5
3416,ABHIRAJ,5
3416,ABHISHEK,5
3416,ABIEL,5
3416,ABOUBACAR,5
3416,ABRAHIM,5
3416,ADHRIT,5
3416,ADRIJUS,5
3416,ADY,5
3416,AHAN,5
3416,AHYAAN,5
3416,AILBE,5
3416,AISTIS,5
3416,AIVARAS,5
3416,AJMAL,5
3416,AKAASH,5
3416,AKAM,5
3416,AKEEL,5
3416,AKHIL,5
3416,AKIM,5
3416,AKSEL,5
3416,AKSHAN,5
3416,AL-AMIN,5
3416,ALEN,5
3416,ALEXEY,5
3416,ALEXI,5
3416,ALFIE-THOMAS,5
3416,ALFONSO,5
3416,ALIEU,5
3416,ALMIR,5
3416,ALONSO,5
3416,ALP,5
3416,ALYAN,5
3416,AMANDEEP,5
3416,AMARNI,5
3416,AMARVEER,5
3416,AMRIK,5
3416,ARAD,5
3416,ARLIND,5
3416,AROS,5
3416,ARRY,5
3416,ARSAL,5
3416,ARSLAN,5
3416,ASHVEER,5
3416,ASHWYN,5
3416,ASPEN,5
3416,ASWIN,5
3416,ATEEB,5
3416,AUGUSTIN,5
3416,AVERY,5
3416,AVINAASH,5
3416,AVRAHAM,5
3416,AZAIAH,5
3416,AZIM,5
3416,AZUOLAS,5
3416,AZZAM,5
3416,BAILEY-JAMES,5
3416,BARIS,5
3416,BARON,5
3416,BASHIR,5
3416,BASSAM,5
3416,BATUHAN,5
3416,BEDE,5
3416,BELTRAN,5
3416,BEREN,5
3416,BERISH,5
3416,BERT,5
3416,BEVAN,5
3416,BILLIE,5
3416,BILLY-JAY,5
3416,BILLY-RAY,5
3416,BLAYNE,5
3416,BOB,5
3416,BOBBY-JAMES,5
3416,BODEN,5
3416,BOHDAN,5
3416,BOSCO,5
3416,BRAD,5
3416,BRAEDON,5
3416,BRAIDON,5
3416,BRAJAN,5
3416,BRANDAN,5
3416,BRAY,5
3416,BRILEY,5
3416,BRODY-LEE,5
3416,BROOKE,5
3416,BRYNLEY,5
3416,BUDDIE,5
3416,BURAK,5
3416,BURHANUDDIN,5
3416,CADEL,5
3416,CAIDAN,5
3416,CAINAN,5
3416,CAL,5
3416,CALIN,5
3416,CAMRAN,5
3416,CAYDEN-JAMES,5
3416,CAYLEN,5
3416,CHARLIE-GEORGE,5
3416,CHARLIE-JOE,5
3416,CHARLIE-RAY,5
3416,CHARLTON,5
3416,CHAUDHRY,5
3416,CHAY,5
3416,CHAYTON,5
3416,CHINEDU,5
3416,CHISOM,5
3416,CHRISTY,5
3416,CHUKWUDUBEM,5
3416,CHUKWUEBUKA,5
3416,CLYDE,5
3416,CODY-JAY,5
3416,CONAL,5
3416,CONNOR-JAMES,5
3416,CONNOR-JAY,5
3416,CORAN,5
3416,CORBY,5
3416,CORI,5
3416,CORNELL,5
3416,CORRAN,5
3416,DAITON,5
3416,DANAS,5
3416,DANIELE,5
3416,DANY,5
3416,DANYL,5
3416,DAVIE,5
3416,DAVY,5
3416,DEACAN,5
3416,DEEGAN,5
3416,DELANEY,5
3416,DENIRO,5
3416,DERMOT,5
3416,DEVESH,5
3416,DIAN,5
3416,DIAR,5
3416,DILPREET,5
3416,DOMENICO,5
3416,DONAL,5
3416,DONIEL,5
3416,DRU,5
3416,DUANE,5
3416,DUDLEY,5
3416,DUSAN,5
3416,DUSTIN,5
3416,EASTON,5
3416,EDMOND,5
3416,EDRIS,5
3416,EDVINAS,5
3416,EJAZ,5
3416,ELAN,5
3416,ELION,5
3416,ELISEO,5
3416,ELLERY,5
3416,ELTON,5
3416,EMAD,5
3416,EMANUELE,5
3416,EMILS,5
3416,EMIRHAN,5
3416,EMMET,5
3416,ERDEM,5
3416,ERIS,5
3416,EROS,5
3416,ETHAN-JAY,5
3416,ETHYN,5
3416,EVANDER,5
3416,EYMEN,5
3416,FADIL,5
3416,FARAN,5
3416,FARON,5
3416,FAROUK,5
3416,FEROZ,5
3416,FILIPPOS,5
3416,FINEAS,5
3416,FINNEGAN,5
3416,FIRAS,5
3416,FORD,5
3416,FOSTER,5
3416,FRANZ,5
3416,FREDDIE-JAMES,5
3416,FREDDIE-LEE,5
3416,GAGANDEEP,5
3416,GAURAV,5
3416,GENESIS,5
3416,GILLAN,5
3416,GRADY,5
3416,GRYFF,5
3416,GUILLAUME,5
3416,GURSEVAK,5
3416,GYAN,5
3416,HABIBUR,5
3416,HAKAN,5
3416,HALIL,5
3416,HANIEL,5
3416,HARDEEP,5
3416,HARITH,5
3416,HARLAND,5
3416,HARLEY-LEE,5
3416,HARON,5
3416,HARRY-JAY,5
3416,HARTEJ,5
3416,HARUKI,5
3416,HARVIN,5
3416,HASHEM,5
3416,HASSNAIN,5
3416,HATIM,5
3416,HEATHCLIFF,5
3416,HENLY,5
3416,HENRY-JAMES,5
3416,HERKUS,5
3416,HUMAID,5
3416,HUMAYD,5
3416,IBRAAHIM,5
3416,IDEN,5
3416,IFTIKHAR,5
3416,IKRAM,5
3416,ILIA,5
3416,ILIYA,5
3416,INDRA,5
3416,IORI,5
3416,ISMA'IL,5
3416,ISSAM,5
3416,IYAAD,5
3416,IZAC,5
3416,JABER,5
3416,JACUB,5
3416,JAELEN,5
3416,JAFAR,5
3416,JAGRAJ,5
3416,JAHEIM,5
3416,JAHMAI,5
3416,JAIDEV,5
3416,JAMEL,5
3416,JAMISON,5
3416,JARELL,5
3416,JARROD,5
3416,JAS,5
3416,JASHAN,5
3416,JAXON-JAMES,5
3416,JAYME,5
3416,JAYMES,5
3416,JAYRON,5
3416,JAYSEN,5
3416,JAYVION,5
3416,JENSON-LEE,5
3416,JERIEL,5
3416,JESS,5
3416,JIBRAEL,5
3416,JIBRAIL,5
3416,JIYAN,5
3416,JOLYON,5
3416,JOOLS,5
3416,JOVI,5
3416,JUNIOR-JAY,5
3416,JUSTINAS,5
3416,KA,5
3416,KACI,5
3416,KADEEM,5
3416,KAEL,5
3416,KAHIL,5
3416,KAID,5
3416,KAIUS,5
3416,KALIB,5
3416,KAMALI,5
3416,KAMARLEY,5
3416,KAMSIYOCHUKWU,5
3416,KANISH,5
3416,KASPAR,5
3416,KASPIAN,5
3416,KAVYA,5
3416,KAYLON,5
3416,KAYSEN,5
3416,KEANO,5
3416,KELSON,5
3416,KENDAL,5
3416,KENTON,5
3416,KERR,5
3416,KHALIS,5
3416,KHAMARI,5
3416,KHAWAJA,5
3416,KHAYA,5
3416,KHIAN,5
3416,KHIZER,5
3416,KIE,5
3416,KIELAN,5
3416,KIEN,5
3416,KIMI,5
3416,KIRBY,5
3416,KLAY,5
3416,KLEVIS,5
3416,KORNELIUSZ,5
3416,KRISTIANS,5
3416,KRISTOF,5
3416,KRISTOFER,5
3416,KRYSPIN,5
3416,KYERON,5
3416,LAIGHTON,5
3416,LAKE,5
3416,LAYLEN,5
3416,LEALAND,5
3416,LEANDER,5
3416,LEEROY,5
3416,LEEVI,5
3416,LEILAND,5
3416,LENARD,5
3416,LEO-JAY,5
3416,LEONID,5
3416,LEV,5
3416,LEVIN,5
3416,LOCHLAINN,5
3416,LOGEN,5
3416,LOK,5
3416,LONNIE,5
3416,LUAY,5
3416,LUDOVIC,5
3416,LUDWIG,5
3416,LUIZ,5
3416,LYNDEN,5
3416,MACAULY,5
3416,MADOC,5
3416,MAEL,5
3416,MAHMUD,5
3416,MALEEK,5
3416,MALIKAI,5
3416,MAMADOU,5
3416,MANRAAJ,5
3416,MANSOUR,5
3416,MANVIR,5
3416,MARCELO,5
3416,MARINO,5
3416,MARSHAL,5
3416,MARTYNAS,5
3416,MASROOR,5
3416,MATH,5
3416,MATTEUS,5
3416,MAYER,5
3416,MAZEN,5
3416,MEHRAB,5
3416,MEHTAB,5
3416,MERVYN,5
3416,MINHAJ,5
3416,MIRACLE,5
3416,MITCH,5
3416,MODOU,5
3416,MOHAMMED-AYAAN,5
3416,MOHAMUD,5
3416,MOINUDDIN,5
3416,MONROE,5
3416,MORDECAI,5
3416,MOTIEJUS,5
3416,MUEEZ,5
3416,MUHAMMAD-IBRAHIM,5
3416,MUHAMMAD-RAYYAN,5
3416,MUHAMMET,5
3416,MUNASAR,5
3416,NAFTULI,5
3416,NASSIM,5
3416,NAVID,5
3416,NAWFAL,5
3416,NICCOLO,5
3416,NICKOLAS,5
3416,NICOLAI,5
3416,NIKAS,5
3416,NIKOLAOS,5
3416,NIKS,5
3416,NIMROD,5
3416,NITHIN,5
3416,NOAH-JAMES,5
3416,NOMAAN,5
3416,OAKLEIGH,5
3416,ODYSSEAS,5
3416,OGHENEMARO,5
3416,OLLY-JAMES,5
3416,OLUWAJOBA,5
3416,OLUWAJOMILOJU,5
3416,OLUWAPELUMI,5
3416,OLUWATIMILEHIN,5
3416,OLUWATONI,5
3416,ONYX,5
3416,ORHAN,5
3416,OSSIE,5
3416,OSWALD,5
3416,OUSMANE,5
3416,PANASHE,5
3416,PARAS,5
3416,PASHA,5
3416,PAVANDEEP,5
3416,PEARSE,5
3416,PEPE,5
3416,PHILIPPE,5
3416,PHINEHAS,5
3416,PINCHOS,5
3416,PLATON,5
3416,PRABHDEEP,5
3416,PRABHNOOR,5
3416,PRZEMYSLAW,5
3416,QAZI,5
3416,QUIN,5
3416,RA'ID,5
3416,RA'NELL,5
3416,RAAFI,5
3416,RADOSLAW,5
3416,RAFIQ,5
3416,RAHIB,5
3416,RAIYAAN,5
3416,RAJDEEP,5
3416,RAJVIR,5
3416,RAKAN,5
3416,RAMON,5
3416,RAND,5
3416,RASHAAD,5
3416,RASHEED,5
3416,RAZA,5
3416,RAZVAN,5
3416,RECO,5
3416,REES,5
3416,REIS,5
3416,REMEL,5
3416,REMIAH,5
3416,RHEO,5
3416,RHYLIE,5
3416,RHYTHM,5
3416,RIAAN,5
3416,RIDHAAN,5
3416,RIELY,5
3416,RILEY-JOHN,5
3416,RITVIK,5
3416,RODIN,5
3416,ROHAIL,5
3416,ROLAND,5
3416,ROLLO,5
3416,RONAK,5
3416,RONAV,5
3416,RONNI,5
3416,ROONEY,5
3416,ROSSI,5
3416,RUHAAN,5
3416,RUHAN,5
3416,RUMI,5
3416,RUSTAM,5
3416,RYDEN,5
3416,RYLEN,5
3416,RYO,5
3416,RYSZARD,5
3416,SABIAN,5
3416,SALAHUDEEN,5
3416,SALVATORE,5
3416,SARAN,5
3416,SASCHA,5
3416,SEHAJ,5
3416,SEKOU,5
3416,SELBY,5
3416,SENAY,5
3416,SEVE,5
3416,SEVERIANO,5
3416,SEWERYN,5
3416,SHAKAI,5
3416,SHAKIB,5
3416,SHAKUR,5
3416,SHARIF,5
3416,SHAWAIZ,5
3416,SHAZIL,5
3416,SHER,5
3416,SHERLOCK,5
3416,SHERVIN,5
3416,SHERWIN,5
3416,SHOLOM,5
3416,SHRIYAN,5
3416,SHULEM,5
3416,SIDDHARTHA,5
3416,SIDDIQ,5
3416,SIDHARTH,5
3416,SINAN,5
3416,SIYAM,5
3416,SPARSH,5
3416,STANLEE,5
3416,STANLIE,5
3416,STEFANOS,5
3416,STELLAN,5
3416,SWAYLEY,5
3416,SYLWESTER,5
3416,SYMON,5
3416,T,5
3416,TADEAS,5
3416,TAFADZWA,5
3416,TAINE,5
3416,TAIWO,5
3416,TALAL,5
3416,TAMJID,5
3416,TANAY,5
3416,TANUSH,5
3416,TANZIL,5
3416,TAO,5
3416,TARANVEER,5
3416,TAURAS,5
3416,TAWHID,5
3416,TAWSEEF,5
3416,TAYM,5
3416,TEAGAN,5
3416,TERELL,5
3416,TERRANCE,5
3416,THARUN,5
3416,THEODEN,5
3416,THURSTON,5
3416,TIMOFEY,5
3416,TINAYE,5
3416,TOBENNA,5
3416,TOBILOBA,5
3416,TOMMEE,5
3416,TOMMIE-LEE,5
3416,TOREN,5
3416,TREASURE,5
3416,TRENTON,5
3416,TURNER,5
3416,TYLAR,5
3416,TYLEN,5
3416,UBAYD,5
3416,UBAYDULLAH,5
3416,UDHAM,5
3416,UGNIUS,5
3416,ULYSSES,5
3416,USAMAH,5
3416,USAYD,5
3416,VADIM,5
3416,VASILE,5
3416,VAUGHN,5
3416,VAYUN,5
3416,VITTORIO,5
3416,VLADISLAV,5
3416,WAHID,5
3416,WALLACE,5
3416,WASEEM,5
3416,WEN,5
3416,YACINE,5
3416,YAFET,5
3416,YAHYAA,5
3416,YANG,5
3416,YANN,5
3416,YASER,5
3416,YAW,5
3416,YEHOSHUA,5
3416,YOSSI,5
3416,YOUNAS,5
3416,YOUSOF,5
3416,YUG,5
3416,YUSAF,5
3416,YUSSUF,5
3416,YVES,5
3416,ZACKARIA,5
3416,ZAHEEN,5
3416,ZAIDAN,5
3416,ZAKIAH,5
3416,ZEIN,5
3416,ZENO,5
3416,ZEVI,5
3416,ZICO,5
3416,ZIYA,5
3416,ZORAVAR,5
3416,ZORAWAR,5
3416,ZUBIN,5
3416,ZYON,5
3987,ABDIHAFID,4
3987,ABDOUL,4
3987,ABDOURAHMAN,4
3987,ABDUL-SAMI,4
3987,ABDULAH,4
3987,ABDULLAAH,4
3987,ABDURRAHMAAN,4
3987,ABEER,4
3987,ABHIJAY,4
3987,ABHIJOT,4
3987,ABYAAN,4
3987,ADAAM,4
3987,ADEDEJI,4
3987,ADIEL,4
3987,ADIT,4
3987,ADIY,4
3987,ADONIS,4
3987,AGAMDEEP,4
3987,AGAMJOT,4
3987,AHARON,4
3987,AHIL,4
3987,AIDAS,4
3987,AIDEN-JAY,4
3987,AIMEN,4
3987,AKARSH,4
3987,AKOS,4
3987,ALARIC,4
3987,ALDEN,4
3987,ALEKSAS,4
3987,ALEXANDER-JAMES,4
3987,ALFFI,4
3987,ALFIE-RAY,4
3987,ALIHAN,4
3987,ALIN,4
3987,ALIX,4
3987,ALLISTER,4
3987,ALPER,4
3987,ALTAY,4
3987,ALYAS,4
3987,AMADEUS,4
3987,AMARA,4
3987,AMARE,4
3987,AMBROSE,4
3987,AMIL,4
3987,AMMAN,4
3987,AMRY,4
3987,ANAKIN,4
3987,ANDRIUS,4
3987,ANIRUDDHA,4
3987,ANJAY,4
3987,ANNAS,4
3987,ANSHVEER,4
3987,ANTHONY-JAMES,4
3987,AQIL,4
3987,ARBAAZ,4
3987,ARCHIMEDES,4
3987,AREEZ,4
3987,ARFAN,4
3987,ARHAN,4
3987,ARIB,4
3987,ARIK,4
3987,ARLAN,4
3987,ARSHDEEP,4
3987,ARTEMY,4
3987,ARTI,4
3987,ARTYOM,4
3987,ARWEL,4
3987,ARWIN,4
3987,ARYAMAN,4
3987,ARYO,4
3987,ASHAN,4
3987,ASHKAN,4
3987,ASHLEY-JUNIOR,4
3987,ATHARVA,4
3987,ATIKSH,4
3987,ATLAS,4
3987,AUBERON,4
3987,AURELIUS,4
3987,AYAT,4
3987,AYOBAMI,4
3987,AYRON,4
3987,AZAD,4
3987,AZIAH,4
3987,AZLAAN,4
3987,AZRIEL,4
3987,BABATUNDE,4
3987,BADR,4
3987,BAILEY-RAY,4
3987,BAILIE,4
3987,BARTEK,4
3987,BAWAR,4
3987,BAYLEIGH,4
3987,BELAL,4
3987,BENETT,4
3987,BENJI,4
3987,BENN,4
3987,BERNARDO,4
3987,BEXLEY,4
3987,BINYOMIN,4
3987,BOBBY-JACK,4
3987,BOBBY-JAI,4
3987,BORISLAV,4
3987,BOTAN,4
3987,BOTOND,4
3987,BOUBACAR,4
3987,BRADIE,4
3987,BRADLEY-JAMES,4
3987,BRAMWELL,4
3987,BRANDYN,4
3987,BRANNON,4
3987,BRAYLEN,4
3987,C-JAY,4
3987,CAESAR,4
3987,CAIDEN-LEE,4
3987,CALI,4
3987,CAMILO,4
3987,CARLISLE,4
3987,CARLITO,4
3987,CARSEN,4
3987,CARTER-JAMES,4
3987,CATHAL,4
3987,CAYLUM,4
3987,CAYSON,4
3987,CESAR,4
3987,CEZAR,4
3987,CHARAN,4
3987,CHAUDHARY,4
3987,CHESNEY,4
3987,CHEY,4
3987,CHIBUIKEM,4
3987,CHIDERA,4
3987,CHIGOZIE,4
3987,CHRISTO,4
3987,CHRISTOPH,4
3987,CHUKWUDI,4
3987,CHUKWUKA,4
3987,CIERAN,4
3987,CLIVE,4
3987,CODIE-JAMES,4
3987,CODY-JAMES,4
3987,COLEBY,4
3987,COLM,4
3987,COSIMO,4
3987,CROYDE,4
3987,DAHEN,4
3987,DAIJON,4
3987,DAIYAN,4
3987,DANIELIS,4
3987,DANTAE,4
3987,DARIM,4
3987,DAVID-JAMES,4
3987,DAVIDS,4
3987,DAVIT,4
3987,DAYLE,4
3987,DEEP,4
3987,DEMARI,4
3987,DEMBA,4
3987,DEMILADE,4
3987,DENTON,4
3987,DEREN,4
3987,DERICK,4
3987,DERON,4
3987,DESTINY,4
3987,DEVANSH,4
3987,DHANESH,4
3987,DIAZ,4
3987,DIGGORY,4
3987,DILANAS,4
3987,DIVYANSH,4
3987,DIXON,4
3987,DMITRIJ,4
3987,DMITRIY,4
3987,DOMINION,4
3987,DOMINIQUE,4
3987,DONNELL,4
3987,DRYSTAN,4
3987,DUARTE,4
3987,DWIJ,4
3987,DZIUGAS,4
3987,EARL,4
3987,EDI,4
3987,EDIN,4
3987,EESHAN,4
3987,EGE,4
3987,EIDANAS,4
3987,EIMANTAS,4
3987,EISSA,4
3987,EITA,4
3987,EKAMVEER,4
3987,ELDON,4
3987,ELIAB,4
3987,ELIMELECH,4
3987,ELIYOHU,4
3987,ELYAN,4
3987,EMRAN,4
3987,ENNIS,4
3987,ENSAR,4
3987,ERICK,4
3987,ERNESTAS,4
3987,ERVIN,4
3987,ESROM,4
3987,ETHANIEL,4
3987,EVANN,4
3987,EVYN,4
3987,EZANA,4
3987,EZRAH,4
3987,FABIANO,4
3987,FARAI,4
3987,FARHAD,4
3987,FARID,4
3987,FARRIS,4
3987,FATEH,4
3987,FATIH,4
3987,FAWAD,4
3987,FAWZAN,4
3987,FAYAZ,4
3987,FAYYAD,4
3987,FAZAL,4
3987,FENIX,4
3987,FINNAN,4
3987,FLYN,4
3987,FORTUNE,4
3987,FRANCIE,4
3987,FRANKEE,4
3987,FRANKO,4
3987,FREDRIC,4
3987,FREY,4
3987,FURKAN,4
3987,FYNLEE,4
3987,GABOR,4
3987,GABRIELIS,4
3987,GAGAN,4
3987,GAUTAM,4
3987,GAUTHAM,4
3987,GENNARO,4
3987,GEORGES,4
3987,GERGO,4
3987,GHAZI,4
3987,GILBY,4
3987,GIOVANI,4
3987,GLEB,4
3987,GOODLUCK,4
3987,GREG,4
3987,GRIFFYDD,4
3987,GURTAJ,4
3987,GURTEJ,4
3987,GWYN,4
3987,HADRIEN,4
3987,HAFEEZ,4
3987,HAFIZ,4
3987,HAIDER-ALI,4
3987,HALEEM,4
3987,HALEN,4
3987,HAMIM,4
3987,HAMOOD,4
3987,HANAD,4
3987,HANS,4
3987,HANSEL,4
3987,HANSON,4
3987,HARISON,4
3987,HARJAS,4
3987,HARKIRAT,4
3987,HARLEY-RAY,4
3987,HARLI,4
3987,HARLO,4
3987,HARMEET,4
3987,HARSHAAN,4
3987,HARYAD,4
3987,HAVEN,4
3987,HAYDAN,4
3987,HAYDEN-JAMES,4
3987,HAYDYN,4
3987,HEDD,4
3987,HEDLEY,4
3987,HENIL,4
3987,HISHAAM,4
3987,HORACE,4
3987,HORIA,4
3987,HRIAN,4
3987,HUNAIN,4
3987,HUNOR,4
3987,HUY,4
3987,HUZAYL,4
3987,IAIN,4
3987,IBRAHIMA,4
3987,IBUKUNOLUWA,4
3987,IDRISS,4
3987,IGNATIUS,4
3987,IKE,4
3987,IKENNA,4
3987,IKER,4
3987,ILHAN,4
3987,ILIYAS,4
3987,IMANI,4
3987,INDIO,4
3987,IONUT,4
3987,IQBAL,4
3987,IRAH,4
3987,IRVING,4
3987,IS'HAQ,4
3987,ISAC,4
3987,ISAIAS,4
3987,ISAMBARD,4
3987,ISRAR,4
3987,ISREAL,4
3987,ISSAK,4
3987,IYAZ,4
3987,IZACK,4
3987,JACK-DEAN,4
3987,JACKSON-JAMES,4
3987,JACKY,4
3987,JAELAN,4
3987,JAGGER,4
3987,JAHKAI,4
3987,JAIDEEP,4
3987,JAINEEL,4
3987,JAISON,4
3987,JAIVEN,4
3987,JAKK,4
3987,JAMAR,4
3987,JAMES-LEE,4
3987,JARIYAH,4
3987,JASMEET,4
3987,JASPREET,4
3987,JASVEER,4
3987,JAVEN,4
3987,JAVID,4
3987,JAYE,4
3987,JAYEN,4
3987,JAYIN,4
3987,JEAN-PIERRE,4
3987,JEDIAH,4
3987,JEHAN,4
3987,JERIAH,4
3987,JERICHO,4
3987,JESPER,4
3987,JIHAD,4
3987,JIMMIE,4
3987,JING,4
3987,JOB,4
3987,JOEY-JAMES,4
3987,JOHN-JOE,4
3987,JOHNATHON,4
3987,JOHNPAUL,4
3987,JONATAN,4
3987,JONES,4
3987,JORAWAR,4
3987,JORDY,4
3987,JOSEPH-JAMES,4
3987,JOSHUA-JAY,4
3987,JOSHUAH,4
3987,JOSUE,4
3987,JOZSEF,4
3987,JULIUSZ,4
3987,JUNO,4
3987,JYE,4
3987,KABISHAYAN,4
3987,KADMIEL,4
3987,KAELEB,4
3987,KAHLIL,4
3987,KAIDEN-SCOTT,4
3987,KAILON,4
3987,KAIREN,4
3987,KAIROS,4
3987,KAIS,4
3987,KAISEN,4
3987,KALOYAN,4
3987,KALP,4
3987,KALUM,4
3987,KAMAAL,4
3987,KANISHK,4
3987,KARSEN,4
3987,KARSTEN,4
3987,KASSEM,4
3987,KASSIDY,4
3987,KAUAN,4
3987,KAVI,4
3987,KAYAHAN,4
3987,KAYDEN-JAMES,4
3987,KAYLAM,4
3987,KAYLUN,4
3987,KAZIM,4
3987,KEION,4
3987,KELSEY,4
3987,KEMAR,4
3987,KENAI,4
3987,KENSHIRO,4
3987,KEVINS,4
3987,KEYON,4
3987,KHALEN,4
3987,KHALIF,4
3987,KIEL,4
3987,KIER,4
3987,KINLEY,4
3987,KION,4
3987,KNOX,4
3987,KOBEN,4
3987,KONOR,4
3987,KORBYN,4
3987,KORDIAN,4
3987,KRISHAV,4
3987,KRISZTIAN,4
3987,KRITHIK,4
3987,KRRISH,4
3987,KWESI,4
3987,KY,4
3987,KYELAN,4
3987,KYLO,4
3987,KYNAN,4
3987,KYREE,4
3987,KYRELLE,4
3987,KYRONE,4
3987,LAISON,4
3987,LAKEN,4
3987,LARSON,4
3987,LAS,4
3987,LAWRIE,4
3987,LAYLAN,4
3987,LAYTON-LEE,4
3987,LAZO,4
3987,LEDION,4
3987,LEELAND,4
3987,LEGEND,4
3987,LEITH,4
3987,LENNARD,4
3987,LEVY,4
3987,LEWAN,4
3987,LINAS,4
3987,LJ,4
3987,LONG,4
3987,LOUIE-JAMES,4
3987,LOUIX,4
3987,LOUKA,4
3987,LOUKAS,4
3987,LOURENCO,4
3987,LOVELL,4
3987,LUBOMIR,4
3987,LUCA-JAMES,4
3987,LUDWIK,4
3987,LUEY,4
3987,LUIE,4
3987,MAAHIR,4
3987,MAANAS,4
3987,MACE,4
3987,MACEO,4
3987,MADISON,4
3987,MAHAAN,4
3987,MAIKLS,4
3987,MAKAR,4
3987,MALAKHI,4
3987,MALLY,4
3987,MANN,4
3987,MANSUR,4
3987,MANVIK,4
3987,MARCELLUS,4
3987,MARIN,4
3987,MARK-JUNIOR,4
3987,MARKOS,4
3987,MARLY,4
3987,MARNI,4
3987,MARUF,4
3987,MARVEL,4
3987,MASA,4
3987,MASON-JOHN,4
3987,MATE,4
3987,MATEN,4
3987,MAULIK,4
3987,MAZHAR,4
3987,MECHEL,4
3987,MEHMED,4
3987,MENDEL,4
3987,MERON,4
3987,MESSI,4
3987,MESSIAH,4
3987,METIN,4
3987,MEYER,4
3987,MIAN,4
3987,MICHAEL-JUNIOR,4
3987,MIHAILO,4
3987,MIKKO,4
3987,MILLAR,4
3987,MIO,4
3987,MIQDAD,4
3987,MIRAC,4
3987,MIRO,4
3987,MOEEZ,4
3987,MOHAMED-AMIN,4
3987,MOHAMMED-ISA,4
3987,MOHAMMEDALI,4
3987,MOHANNED,4
3987,MOHSEN,4
3987,MONTE,4
3987,MOSIAH,4
3987,MOSTYN,4
3987,MOTTI,4
3987,MOUHAMED,4
3987,MUAADH,4
3987,MUAZ,4
3987,MUHAMMAD-,4
3987,MUHAMMAD-AYAAN,4
3987,MUHAMMAD-EESA,4
3987,MUHAMMAD-ISA,4
3987,MUHAMMOD,4
3987,MUKHTAR,4
3987,MUNASHE,4
3987,MUSAAB,4
3987,MUSTAF,4
3987,MUZAMIL,4
3987,NAHID,4
3987,NAHUM,4
3987,NAJEEB,4
3987,NAKAI,4
3987,NAMEER,4
3987,NAMISH,4
3987,NASER,4
3987,NASH,4
3987,NAVEEN,4
3987,NAWAF,4
3987,NAWAZ,4
3987,NAZIM,4
3987,NEILAS,4
3987,NEMO,4
3987,NEVAAN,4
3987,NEVILLE,4
3987,NIAH,4
3987,NIHAAL,4
3987,NIK,4
3987,NIMA,4
3987,NIRAN,4
3987,NIRVAAN,4
3987,NIRVAIR,4
3987,NISCHAL,4
3987,NISHIL,4
3987,NIYAZ,4
3987,NOAR,4
3987,NOHA,4
3987,NOOH,4
3987,NOSSON,4
3987,NOUMAN,4
3987,NUMAN,4
3987,NUR,4
3987,NURAZ,4
3987,NYAH,4
3987,NYAL,4
3987,OBED,4
3987,OCTAVIAN,4
3987,OGUZ,4
3987,OJAS,4
3987,OLADIPO,4
3987,OLAJIDE,4
3987,OLAMILEKAN,4
3987,OLAMIPOSI,4
3987,OLANREWAJU,4
3987,OLGIERD,4
3987,OLUFEMI,4
3987,OLUMIDE,4
3987,OLUWADAMILARE,4
3987,OLUWAKOREDE,4
3987,OLUWAMAYOMIKUN,4
3987,OLUWATAMILORE,4
3987,OLY,4
3987,OMKAR,4
3987,ONKAR,4
3987,ORITSE,4
3987,OSAYANDE,4
3987,OSINACHI,4
3987,OSIRIS,4
3987,OTHMAN,4
3987,OZGUR,4
3987,PAAVAN,4
3987,PACEY,4
3987,PANAYIOTIS,4
3987,PARAMVIR,4
3987,PAUL-JUNIOR,4
3987,PAYTON,4
3987,PEACE,4
3987,PEARCE,4
3987,PELE,4
3987,PENIEL,4
3987,PETRU,4
3987,PHARELL,4
3987,PHIL,4
3987,PHONG,4
3987,PINCHAS,4
3987,PRABH,4
3987,PRABHJOT,4
3987,PRANESH,4
3987,PRATYUSH,4
3987,PROSPER,4
3987,RADOSLAV,4
3987,RAEED,4
3987,RAEFE,4
3987,RAFSAN,4
3987,RAHAND,4
3987,RAHIL,4
3987,RAINER,4
3987,RALFIE,4
3987,RAMAZAN,4
3987,RAMONE,4
3987,RANDY,4
3987,RAO,4
3987,RAUNAK,4
3987,RAUSHAN,4
3987,RAWEN,4
3987,REDA,4
3987,REEHAN,4
3987,REILEY,4
3987,REMAY,4
3987,REMUS,4
3987,RENAS,4
3987,RENEL,4
3987,RENNY,4
3987,REUBAN,4
3987,REUBYN,4
3987,REYYAN,4
3987,REZA,4
3987,RHIYAN,4
3987,RHUBEN,4
3987,RIDAS,4
3987,RIEN,4
3987,ROBBY,4
3987,ROBEL,4
3987,ROBINSON,4
3987,ROBY,4
3987,RODERICK,4
3987,RODI,4
3987,RONIT,4
3987,RONNIE-JAY,4
3987,RONNIE-LEE,4
3987,RORAN,4
3987,ROSHAAN,4
3987,ROYCE,4
3987,RUBEN-JAMES,4
3987,RUEBAN,4
3987,RUSTY,4
3987,RYAN-JAMES,4
3987,RYHAN,4
3987,SAAMI,4
3987,SAARIM,4
3987,SAAVAN,4
3987,SAFAL,4
3987,SAFI,4
3987,SAIMON,4
3987,SAJJAD,4
3987,SAKARIYE,4
3987,SALAAR,4
3987,SALAR,4
3987,SAMARDEEP,4
3987,SAMIK,4
3987,SAMUELE,4
3987,SANAD,4
3987,SANDY,4
3987,SARMAD,4
3987,SARTAAJ,4
3987,SARTHAK,4
3987,SASWIN,4
3987,SAVIO,4
3987,SAVVA,4
3987,SAYHAN,4
3987,SAYID,4
3987,SAYYID,4
3987,SEELEY,4
3987,SEHAJPREET,4
3987,SENA,4
3987,SENNEN,4
3987,SERAJ,4
3987,SERGEY,4
3987,SEYON,4
3987,SHADI,4
3987,SHAHBAZ,4
3987,SHAHEEN,4
3987,SHAHIN,4
3987,SHAHMIR,4
3987,SHAHROZ,4
3987,SHAHZAD,4
3987,SHAN,4
3987,SHAQUILLE,4
3987,SHARAN,4
3987,SHAYDON,4
3987,SHAZAD,4
3987,SHEHZAD,4
3987,SHEIK,4
3987,SHERIFF,4
3987,SHEY,4
3987,SHIVANSH,4
3987,SHRIHAN,4
3987,SIAM,4
3987,SIDAR,4
3987,SIDI,4
3987,SIEM,4
3987,SMARAN,4
3987,SMITH,4
3987,SOBHAN,4
3987,SOLLY,4
3987,SONNEY,4
3987,SONNY-LEE,4
3987,SORIN,4
3987,STANTON,4
3987,STRUAN,4
3987,SUFIAN,4
3987,SUYASH,4
3987,SVEN,4
3987,SWAYAM,4
3987,SWAYZE,4
3987,SYD,4
3987,TAAHA,4
3987,TADAS,4
3987,TADIWANASHE,4
3987,TAHMEED,4
3987,TANISHQ,4
3987,TANZIM,4
3987,TAPIWA,4
3987,TARN,4
3987,TASHAN,4
3987,TAUHEED,4
3987,TAVIS,4
3987,TAYEM,4
3987,TAYLON,4
3987,TAYSIR,4
3987,TAYT,4
3987,TAYVON,4
3987,TEDD,4
3987,TEDDY-LEE,4
3987,TEEGAN,4
3987,TEIFI,4
3987,TEJAY,4
3987,TEJVEER,4
3987,TEMIDAYO,4
3987,TEMILOLUWA,4
3987,TENNYSON,4
3987,THABO,4
3987,THANE,4
3987,THEOPHILUS,4
3987,THOMAS-JUNIOR,4
3987,TIAM,4
3987,TIJAN,4
3987,TIMILEHIN,4
3987,TIMURS,4
3987,TIN,4
3987,TIRTH,4
3987,TOBECHUKWU,4
3987,TOMASS,4
3987,TOMMI,4
3987,TONIS,4
3987,TONY-JUNIOR,4
3987,TORRES,4
3987,TORSTEN,4
3987,TYLON,4
3987,TYRION,4
3987,UBAIDAH,4
3987,UBAIDULLAH,4
3987,UBAYDAH,4
3987,UGUR,4
3987,UNATHI,4
3987,VASILEIOS,4
3987,VICENTE,4
3987,VICTORY,4
3987,VIET,4
3987,VIJAY,4
3987,VIKTORS,4
3987,VILIUS,4
3987,VIR,4
3987,VIRAN,4
3987,VISHAL,4
3987,VOLKAN,4
3987,VU,4
3987,VYAN,4
3987,WAHAB,4
3987,WAIZ,4
3987,WALKER,4
3987,WARIS,4
3987,WILFIE,4
3987,WILLOW,4
3987,WINNER,4
3987,WISSAM,4
3987,WOLF,4
3987,WOLFIE,4
3987,WREN,4
3987,WYNN,4
3987,XAWERY,4
3987,XIAN,4
3987,XIAO,4
3987,XIN,4
3987,YAFI,4
3987,YAKOUB,4
3987,YAMEEN,4
3987,YAQOUB,4
3987,YASHRAJ,4
3987,YASSIR,4
3987,YAZID,4
3987,YEDIDYA,4
3987,YOHANNES,4
3987,YUCHEN,4
3987,YUHAO,4
3987,YUSSEF,4
3987,ZABIULLAH,4
3987,ZACARIAS,4
3987,ZACARY,4
3987,ZACCHAEUS,4
3987,ZACHARIE,4
3987,ZAHI,4
3987,ZAIN-UL-ABIDEEN,4
3987,ZAIRE,4
3987,ZAKARI,4
3987,ZAKARIYE,4
3987,ZAKRIYA,4
3987,ZALAN,4
3987,ZDENEK,4
3987,ZENON,4
3987,ZESHAN,4
3987,ZETENY,4
3987,ZHENG,4
3987,ZIAH,4
3987,ZIAN,4
3987,ZOLTAN,4
3987,ZORAIZ,4
3987,ZSOMBOR,4
3987,ZYAN,4
4805,AADHAM,3
4805,AADHITHYA,3
4805,AADYA,3
4805,AARIAN,3
4805,AARIN,3
4805,AARRON,3
4805,AARUSAN,3
4805,AASHIR,3
4805,AASHISH,3
4805,AATHISH,3
4805,AAYDEN,3
4805,ABAAS,3
4805,ABAS,3
4805,ABDALRAHMAN,3
4805,ABDELLAH,3
4805,ABDIFATAH,3
4805,ABDIKARIM,3
4805,ABDILAHI,3
4805,ABDILLAHI,3
4805,ABDIQANI,3
4805,ABDIRAHIM,3
4805,ABDIRISAQ,3
4805,ABDISAMAD,3
4805,ABDUL-AZIZ,3
4805,ABDUL-HAKEEM,3
4805,ABDULAI,3
4805,ABDULHAKIM,3
4805,ABDULHAMEED,3
4805,ABDULHAMID,3
4805,ABDULKADER,3
4805,ABDULKARIM,3
4805,ABDULRAHIM,3
4805,ABDULREHMAN,3
4805,ABDULSAMAD,3
4805,ABHIMANYU,3
4805,ABOU,3
4805,ABRAM,3
4805,ABUBACARR,3
4805,ABUL,3
4805,ABYAD,3
4805,ACHILLES,3
4805,ACHINTYA,3
4805,ADA,3
4805,ADAMAS,3
4805,ADAR,3
4805,ADAS,3
4805,ADDAI,3
4805,ADDYSON,3
4805,ADEMOLA,3
4805,ADETAYO,3
4805,ADETOLA,3
4805,ADIB,3
4805,ADIN,3
4805,ADITHYA,3
4805,ADNAAN,3
4805,ADOM,3
4805,ADVAITH,3
4805,AENEAS,3
4805,AFEEF,3
4805,AGAMPREET,3
4805,AGUSTIN,3
4805,AHMED-RAZA,3
4805,AIDEN-LEE,3
4805,AIDON,3
4805,AIKAM,3
4805,AIMAL,3
4805,AINSLEY,3
4805,AISA,3
4805,AISEA,3
4805,AJAN,3
4805,AJESH,3
4805,AJUS,3
4805,AKAI,3
4805,AKEIN,3
4805,AKIB,3
4805,AKIEL,3
4805,AKINTAYO,3
4805,AKINTUNDE,3
4805,AKMAL,3
4805,AKSHAT,3
4805,AKSHATH,3
4805,ALAM,3
4805,ALAMEEN,3
4805,ALANAS,3
4805,ALBARAA,3
4805,ALBEE,3
4805,ALBEY,3
4805,ALEKSANDRAS,3
4805,ALESIO,3
4805,ALEXANDAR,3
4805,ALFIE-,3
4805,ALFIEE,3
4805,ALIOU,3
4805,ALISAN,3
4805,ALISDAIR,3
4805,ALIYAAN,3
4805,ALIYAN,3
4805,ALMAN,3
4805,ALMEER,3
4805,ALONZO,3
4805,ALVAR,3
4805,ALVIE,3
4805,ALWYN,3
4805,AMAD,3
4805,AMARN,3
4805,AMEN,3
4805,AMIIN,3
4805,AMORY,3
4805,AN,3
4805,ANANT,3
4805,ANATOLE,3
4805,ANDREJS,3
4805,ANDREW-JAMES,3
4805,ANDREW-JUNIOR,3
4805,ANEEQ,3
4805,ANIKET,3
4805,ANJOLAOLUWA,3
4805,ANKIT,3
4805,ANOTIDAISHE,3
4805,ANOUSH,3
4805,ANSEL,3
4805,ANSHDEEP,3
4805,ANSHU,3
4805,ANTONIN,3
4805,ANUJ,3
4805,ANUSH,3
4805,ANZAR,3
4805,AQEEB,3
4805,ARANDEEP,3
4805,ARAZ,3
4805,ARCHEE,3
4805,ARCHI,3
4805,ARCHIBOLD,3
4805,ARCHIEBALD,3
4805,ARDAN,3
4805,ARDEN,3
4805,ARHUM,3
4805,ARIE,3
4805,ARINZE,3
4805,ARIYAAN,3
4805,ARJUNA,3
4805,ARJUNAN,3
4805,ARLOW,3
4805,ARMANDS,3
4805,ARPAN,3
4805,ARREN,3
4805,ARRISON,3
4805,ARSHAD,3
4805,ARSHAN,3
4805,ARTA,3
4805,ARTE,3
4805,ARTHAV,3
4805,ARTJOM,3
4805,ARUJAN,3
4805,ARUNA,3
4805,ARWYN,3
4805,ARYAV,3
4805,ARYAZ,3
4805,ARYN,3
4805,ASAAD,3
4805,ASADULLAH,3
4805,ASER,3
4805,ASHMAAN,3
4805,ASHVATH,3
4805,ASHWATH,3
4805,ASTON-JAY,3
4805,ASTON-LEE,3
4805,ATAKAN,3
4805,ATHANASIOS,3
4805,ATHAR,3
4805,AUN,3
4805,AUSTIN-JAMES,3
4805,AVEN,3
4805,AVINASH,3
4805,AVISHAI,3
4805,AVIV,3
4805,AVTAR,3
4805,AWAAB,3
4805,AWESOME,3
4805,AYAAT,3
4805,AYAD,3
4805,AYANDA,3
4805,AYANSH,3
4805,AYO,3
4805,AYOOLUWA,3
4805,AYOTUNDE,3
4805,AYYOUB,3
4805,BAILEIGH,3
4805,BAILEY-LEE,3
4805,BAILEY-RAE,3
4805,BAKARY,3
4805,BALAJI,3
4805,BALAZS,3
4805,BALDWIN,3
4805,BALIAN,3
4805,BALINT,3
4805,BALTHAZAR,3
4805,BAPTISTE,3
4805,BARCLAY,3
4805,BARIMA,3
4805,BARNIE,3
4805,BARUCH,3
4805,BASIT,3
4805,BASSEL,3
4805,BATU,3
4805,BECKETT,3
4805,BEDIRHAN,3
4805,BEHZAD,3
4805,BELA,3
4805,BENEDEK,3
4805,BENICIO,3
4805,BENITO,3
4805,BENJAMEN,3
4805,BENJAMIM,3
4805,BENNIE,3
4805,BENOIT,3
4805,BERK,3
4805,BERKAN,3
4805,BERTRAND,3
4805,BETZALEL,3
4805,BHARGAV,3
4805,BHAVJOT,3
4805,BILLAL,3
4805,BILLI,3
4805,BILLY-JAMES,3
4805,BILLYRAY,3
4805,BLADE,3
4805,BLADEN,3
4805,BLESS,3
4805,BLYTHE,3
4805,BODI,3
4805,BOHAN,3
4805,BOOKER,3
4805,BOYAN,3
4805,BOYCE,3
4805,BRADAN,3
4805,BRADLEIGH,3
4805,BRAEDAN,3
4805,BRAIDY,3
4805,BRAITH,3
4805,BRANSON,3
4805,BRAYDN,3
4805,BRAYEN,3
4805,BREEZE,3
4805,BRIJESH,3
4805,BROGUN,3
4805,BRUK,3
4805,BRYANT,3
4805,BRYNN,3
4805,BUSBY,3
4805,C,3
4805,CAEDON,3
4805,CAILEB,3
4805,CAILLEN,3
4805,CAILUM,3
4805,CAISON,3
4805,CALDER,3
4805,CALE,3
4805,CALEN,3
4805,CALIB,3
4805,CALIXTE,3
4805,CALLAM,3
4805,CALLUN,3
4805,CAMARON,3
4805,CARSTEN,3
4805,CARTER-JAY,3
4805,CAS,3
4805,CASSIEN,3
4805,CASTOR,3
4805,CATALIN,3
4805,CAVELL,3
4805,CAVEN,3
4805,CAYDAN,3
4805,CAYDE,3
4805,CEIRAN,3
4805,CEIRON,3
4805,CERI,3
4805,CHAICE,3
4805,CHANG,3
4805,CHARLI,3
4805,CHARLIE-CRAIG,3
4805,CHARLIE-LEE,3
4805,CHERNO,3
4805,CHETAN,3
4805,CHIAGOZIEM,3
4805,CHIBUEZE,3
4805,CHIDIEBERE,3
4805,CHINEMELUM,3
4805,CHIRAG,3
4805,CHRISTIAAN,3
4805,CHRISTOFER,3
4805,CHRISTOPHE,3
4805,CHUKWUBUIKEM,3
4805,CHUN,3
4805,CIERON,3
4805,CIRO,3
4805,CLIFFORD,3
4805,COBY-JAMES,3
4805,COBY-LEE,3
4805,CODEN,3
4805,CODY-RAY,3
4805,COLBEY,3
4805,COLWYN,3
4805,CONNA,3
4805,CONSTANTINO,3
4805,CORDELL,3
4805,COREY-JAY,3
4805,COREY-LEIGH,3
4805,COREY-TAYLOR,3
4805,CORTEZ,3
4805,COSTANTINO,3
4805,COVEY,3
4805,COWAN,3
4805,CRUIZE,3
4805,CUTHBERT,3
4805,CYAN,3
4805,DACRE,3
4805,DAFI,3
4805,DAI,3
4805,DAITHI,3
4805,DAIVIK,3
4805,DANAI,3
4805,DANESH,3
4805,DANILA,3
4805,DANNY-JAY,3
4805,DANNY-JOE,3
4805,DANNY-JUNIOR,3
4805,DANNY-LEE,3
4805,DANYEL,3
4805,DARASIMI,3
4805,DARBY,3
4805,DARIUSZ,3
4805,DARIYAN,3
4805,DARVIN,3
4805,DARWYN,3
4805,DAVID-JUNIOR,3
4805,DAVIDAS,3
4805,DAWIT,3
4805,DAWOUD,3
4805,DAYA,3
4805,DAYLAN,3
4805,DEAKON,3
4805,DEANGELO,3
4805,DEEYAN,3
4805,DEINIOL,3
4805,DELANO,3
4805,DEMETRI,3
4805,DEMIAN,3
4805,DENISS,3
4805,DENNIE,3
4805,DENZELL,3
4805,DERREN,3
4805,DERRICK,3
4805,DESHAWN,3
4805,DESIRE,3
4805,DESTIN,3
4805,DEVANTE,3
4805,DEVARN,3
4805,DEVRAJ,3
4805,DEVRAN,3
4805,DEWAN,3
4805,DEYAN,3
4805,DHANVEER,3
4805,DHARMIK,3
4805,DHRU,3
4805,DHYEY,3
4805,DHYLAN,3
4805,DIDIER,3
4805,DIHEIN,3
4805,DILLEN,3
4805,DIONYSUS,3
4805,DJANGO,3
4805,DJIBRIL,3
4805,DMITRIJS,3
4805,DMITRY,3
4805,DOMINIKAS,3
4805,DONNACHA,3
4805,DRAE,3
4805,DRAVEN,3
4805,DRAYDEN,3
4805,DRUE,3
4805,DUBEM,3
4805,DYLAN-LEE,3
4805,DYLEN,3
4805,EBADUR,3
4805,EBUBEKIR,3
4805,EDEM,3
4805,EDIJS,3
4805,EDION,3
4805,EDOUARD,3
4805,EDRIC,3
4805,EDVARDS,3
4805,EDVIN,3
4805,EESSA,3
4805,EGAN,3
4805,EGOR,3
4805,EIDEN,3
4805,EISAH,3
4805,EKAMJEET,3
4805,EKAMJIT,3
4805,EKREM,3
4805,ELANAS,3
4805,ELDEN,3
4805,ELGAN,3
4805,ELIAH,3
4805,ELIE,3
4805,ELIJAS,3
4805,ELIKEM,3
4805,ELIM,3
4805,ELWIN,3
4805,ELWYN,3
4805,EMAAD,3
4805,EMARI,3
4805,EMILIANO,3
4805,EMMERSON,3
4805,ENIOLA,3
4805,ENNIO,3
4805,ENVER,3
4805,ENZI,3
4805,ERFAN,3
4805,ERIN,3
4805,EROL,3
4805,ERWIN,3
4805,ESSAM,3
4805,ESTON,3
4805,EVANGELOS,3
4805,EVANS,3
4805,EWYN,3
4805,EXODUS,3
4805,EYOEL,3
4805,EYTAN,3
4805,EZAN,3
4805,EZIO,3
4805,FAAIZ,3
4805,FABRICIO,3
4805,FAHD,3
4805,FAHMID,3
4805,FAIQ,3
4805,FAIZAL,3
4805,FANE,3
4805,FAREN,3
4805,FARUK,3
4805,FAUZAN,3
4805,FAWAAZ,3
4805,FAYSAL,3
4805,FAZER,3
4805,FEDOR,3
4805,FEIVEL,3
4805,FEN,3
4805,FERGAL,3
4805,FIDEL,3
4805,FILIPS,3
4805,FINAN,3
4805,FINCH,3
4805,FINLEY-JAY,3
4805,FOUAD,3
4805,FRANCOIS,3
4805,FRANKIE-DEAN,3
4805,FRANKIE-JAMES,3
4805,FREDDI,3
4805,FREDDY-LEE,3
4805,FREDERICO,3
4805,FRYDERYK,3
4805,GABE,3
4805,GAIUS,3
4805,GAIZKA,3
4805,GASTON,3
4805,GENSON,3
4805,GEORDIE,3
4805,GEORGE-JAMES,3
4805,GHALIB,3
4805,GIA,3
4805,GIOVANNY,3
4805,GIRAY,3
4805,GLADWIN,3
4805,GLYNN,3
4805,GODFREY,3
4805,GODSON,3
4805,GODWILL,3
4805,GONZALO,3
4805,GOODNESS,3
4805,GRAYDON,3
4805,GUGLIELMO,3
4805,GULLIVER,3
4805,GURANSH,3
4805,GURDEEP,3
4805,GURDIT,3
4805,GURSAHIB,3
4805,GURSEHAJ,3
4805,GURTARAN,3
4805,HAARITH,3
4805,HABEEB,3
4805,HABIBULLAH,3
4805,HADEED,3
4805,HADLEIGH,3
4805,HADRIAN,3
4805,HAI,3
4805,HALIM,3
4805,HAMDI,3
4805,HAMDY,3
4805,HAMEED,3
4805,HAMIZ,3
4805,HAMMAAD,3
4805,HAMMED,3
4805,HANAN,3
4805,HANEEF,3
4805,HANZALA,3
4805,HAOXUAN,3
4805,HARESH,3
4805,HARGUN,3
4805,HARIHARAN,3
4805,HARKEERAT,3
4805,HARLEY-RAE,3
4805,HARLYN,3
4805,HARPREET,3
4805,HARRISH,3
4805,HARRY-GEORGE,3
4805,HARRY-JOHN,3
4805,HARSAHIB,3
4805,HARSHIL,3
4805,HARVEY-JAI,3
4805,HARVEY-JOE,3
4805,HARVI,3
4805,HASNAAT,3
4805,HATEM,3
4805,HAVISH,3
4805,HAZE,3
4805,HAZEM,3
4805,HAZIM,3
4805,HEALEY,3
4805,HEAVEN,3
4805,HEMISH,3
4805,HENLEE,3
4805,HENOCH,3
4805,HENOS,3
4805,HENRIKAS,3
4805,HENRY-THOMAS,3
4805,HENSON,3
4805,HET,3
4805,HICHAM,3
4805,HILAL,3
4805,HILMI,3
4805,HILTON,3
4805,HIRO,3
4805,HIROTO,3
4805,HIS,3
4805,HONG,3
4805,HRIDAY,3
4805,HRIDHAAN,3
4805,HRISHI,3
4805,HRISTO,3
4805,HRITHIK,3
4805,HUCKLEBERRY,3
4805,HURLEY,3
4805,HUSAM,3
4805,HUSSIN,3
4805,HUZEFA,3
4805,IBAAD,3
4805,IBRAHIIM,3
4805,IESA,3
4805,IFOR,3
4805,IGGY,3
4805,IGNACIO,3
4805,IHTISHAM,3
4805,IKRAAM,3
4805,ILJA,3
4805,ILLYAS,3
4805,IOSUA,3
4805,IRFAAN,3
4805,IS'HAAQ,3
4805,ISHAAC,3
4805,ISHMAIL,3
4805,ISSAH,3
4805,ISZAC,3
4805,ITAMAR,3
4805,IUSTIN,3
4805,IVEN,3
4805,IYANUOLUWA,3
4805,IZAYAH,3
4805,IZZY,3
4805,J'ZIAH,3
4805,JAABIR,3
4805,JAAZIAH,3
4805,JACKIE,3
4805,JACOB-JOHN,3
4805,JACOB-LEE,3
4805,JACQUE,3
4805,JADAN,3
4805,JAFER,3
4805,JAHAN,3
4805,JAHLEEL,3
4805,JAHMAL,3
4805,JAHVANI,3
4805,JAHVARN,3
4805,JAHVEL,3
4805,JAHVON,3
4805,JAHVONTE,3
4805,JAICE,3
4805,JAIDEN-JAMES,3
4805,JAIGO,3
4805,JAIPAL,3
4805,JAIRUS,3
4805,JAIVYN,3
4805,JAIYAN,3
4805,JAKEY,3
4805,JAMIE-SCOTT,3
4805,JAMMAL,3
4805,JANUSZ,3
4805,JAPHETH,3
4805,JARETH,3
4805,JAROSLAW,3
4805,JARRETT,3
4805,JASH,3
4805,JASHANPREET,3
4805,JASIEL,3
4805,JASKEERAT,3
4805,JASNOOR,3
4805,JASPA,3
4805,JAVAE,3
4805,JAVARI,3
4805,JAXXON,3
4805,JAYDYN,3
4805,JAYGO,3
4805,JAYLON,3
4805,JAYMEE,3
4805,JAYVON,3
4805,JAZ,3
4805,JAZIEL,3
4805,JEAN-LUC,3
4805,JEEVUN,3
4805,JENSON-JAY,3
4805,JESHUA,3
4805,JESUS,3
4805,JEZIAH,3
4805,JIGAR,3
4805,JIMMY-JAMES,3
4805,JIREH,3
4805,JIRI,3
4805,JISHNU,3
4805,JIVRAJ,3
4805,JOAB,3
4805,JOAH,3
4805,JOBEY,3
4805,JOHN-THOMAS,3
4805,JOHNWILLIAM,3
4805,JOHNY,3
4805,JON-JAMES,3
4805,JONASZ,3
4805,JONNIE,3
4805,JORDYN,3
4805,JORY,3
4805,JOS,3
4805,JOSHUA-JOHN,3
4805,JOSHUA-LEWIS,3
4805,JOSHVEER,3
4805,JOUD,3
4805,JOVANI,3
4805,JOVIN,3
4805,JOWEN,3
4805,JOY,3
4805,JULIANO,3
4805,JUNHAO,3
4805,JUNIOR-JAMES,3
4805,KABISHAN,3
4805,KAELON,3
4805,KAELUM,3
4805,KAI-JAMES,3
4805,KAIDE,3
4805,KAIDYN,3
4805,KAIHAN,3
4805,KAILUB,3
4805,KAIO,3
4805,KAIRELL,3
4805,KAIYA,3
4805,KAL,3
4805,KALUB,3
4805,KALYAN,3
4805,KAMAI,3
4805,KAMARLI,3
4805,KANAV,3
4805,KARAMBA,3
4805,KARANVIR,3
4805,KAREL,3
4805,KARIS,3
4805,KARISH,3
4805,KARLOS,3
4805,KARLTON,3
4805,KASHAN,3
4805,KAVALLI,3
4805,KAVEEN,3
4805,KAYETAN,3
4805,KAYLE,3
4805,KAYLUB,3
4805,KAZIAH,3
4805,KAZIMIERZ,3
4805,KAZUKI,3
4805,KEANDRE,3
4805,KEANEN,3
4805,KEATON-LEE,3
4805,KEIFER,3
4805,KEITON,3
4805,KELAN,3
4805,KELDON,3
4805,KELECHI,3
4805,KELYN,3
4805,KENDRICK,3
4805,KENT,3
4805,KENZIE-JAMES,3
4805,KEONI,3
4805,KESAVAN,3
4805,KETAN,3
4805,KEVAN,3
4805,KHAALID,3
4805,KHADEEM,3
4805,KHAIRO,3
4805,KHALAM,3
4805,KHALEED,3
4805,KHALEL,3
4805,KHAQAN,3
4805,KHARI,3
4805,KHIZR,3
4805,KHUSHAL,3
4805,KHYAN,3
4805,KHYE,3
4805,KHYLAN,3
4805,KHYREE,3
4805,KIAH,3
4805,KIAN-LEE,3
4805,KIEDIS,3
4805,KIERNAN,3
4805,KIM,3
4805,KINZA,3
4805,KIRTAN,3
4805,KIRUTHIK,3
4805,KOBAN,3
4805,KODA,3
4805,KODEN,3
4805,KOLI,3
4805,KOLTON,3
4805,KORBIN,3
4805,KORIE,3
4805,KORNELIJUS,3
4805,KRISTIYAN,3
4805,KRUM,3
4805,KUMAYL,3
4805,KUNAL,3
4805,KUNASHE,3
4805,KWASI,3
4805,KYAL,3
4805,KYI,3
4805,KYRON-JAMES,3
4805,LADISLAV,3
4805,LAINE,3
4805,LAKAI,3
4805,LAKSHAN,3
4805,LAKSHYA,3
4805,LARENZO,3
4805,LATEEF,3
4805,LATIF,3
4805,LATRELL,3
4805,LAUCHLAN,3
4805,LAURENS,3
4805,LAURENT,3
4805,LAURYNAS,3
4805,LAWEN,3
4805,LE,3
4805,LEHAT,3
4805,LEIGHLAN,3
4805,LELAND-JAMES,3
4805,LEO-JOHN,3
4805,LEON-JAMES,3
4805,LEONHARD,3
4805,LEONIDES,3
4805,LESLEY,3
4805,LEUL,3
4805,LEVI-JAMES,3
4805,LEWIS-JAY,3
4805,LEWY,3
4805,LIBAAN,3
4805,LINCOLN-JAY,3
4805,LINCON,3
4805,LINO,3
4805,LIOR,3
4805,LIPA,3
4805,LOCHAN,3
4805,LOCHLAIN,3
4805,LOGAN-JACK,3
4805,LOGAN-JAY,3
4805,LOGAN-JOHN,3
4805,LOGAN-KAI,3
4805,LOGAN-THOMAS,3
4805,LOHAN,3
4805,LOHITH,3
4805,LOTANNA,3
4805,LOUCA,3
4805,LOUIE-JOHN,3
4805,LOXLEY,3
4805,LUCA-JAY,3
4805,LUCAS-LEE,3
4805,LUDOVICO,3
4805,LUEN,3
4805,LUKE-JAMES,3
4805,LUKUS,3
4805,LUUK,3
4805,M'KAI,3
4805,MACEN,3
4805,MACKAI,3
4805,MACKINLEY,3
4805,MADOX,3
4805,MAHAMAD,3
4805,MAHAMOUD,3
4805,MAHAN,3
4805,MAHFUZUR,3
4805,MAHI,3
4805,MAHID,3
4805,MAHITH,3
4805,MAKENZIE,3
4805,MAKO,3
4805,MAKSIMILIAN,3
4805,MALAKIA,3
4805,MALAKIE,3
4805,MALI,3
4805,MALIKYE,3
4805,MANEET,3
4805,MANNI,3
4805,MANPREET,3
4805,MANUS,3
4805,MARIS,3
4805,MARKIYAN,3
4805,MARLEY-JAI,3
4805,MARQUIS,3
4805,MARTINAS,3
4805,MARVELLOUS,3
4805,MASOOD,3
4805,MASUM,3
4805,MATAIO,3
4805,MATIS,3
4805,MATTHEO,3
4805,MATTI,3
4805,MATUS,3
4805,MAURISIO,3
4805,MAXIMOS,3
4805,MAXMILIAN,3
4805,MAXON,3
4805,MAXWEL,3
4805,MAYAMIKO,3
4805,MAYOWA,3
4805,MAZLUM,3
4805,MCAULEY,3
4805,MCCARTNEY,3
4805,MCCAULEY,3
4805,MCKENZI,3
4805,MD.,3
4805,MEHER,3
4805,MEHUL,3
4805,MEILECH,3
4805,MEILYR,3
4805,MELVYN,3
4805,MERDI,3
4805,MESHACH,3
4805,MESUM,3
4805,MICHAEL-JAMES,3
4805,MICHAIL,3
4805,MICHALIS,3
4805,MICHEL,3
4805,MICK,3
4805,MICKYLE,3
4805,MIKAAL,3
4805,MIKAH,3
4805,MIKHAEL,3
4805,MIKLOS,3
4805,MINH,3
4805,MIQUEL,3
4805,MIRKO,3
4805,MIRON,3
4805,MISHA,3
4805,MISHAN,3
4805,MOAAZ,3
4805,MOHAMEDAMIIN,3
4805,MOHAMEDAMIN,3
4805,MOHAMMAD-HASSAN,3
4805,MOHAMMED-DEEN,3
4805,MOHAMMED-HASSAN,3
4805,MOHAMMED-MUSA,3
4805,MOHUMMED,3
4805,MOISES,3
4805,MOISHI,3
4805,MOIZ,3
4805,MOKSH,3
4805,MOMIN,3
4805,MORGAN-JAMES,3
4805,MORGAN-LEE,3
4805,MORITZ,3
4805,MOSOPEFOLUWA,3
4805,MOUHAMADOU,3
4805,MOUNIR,3
4805,MOUSSA,3
4805,MUAWIYAH,3
4805,MUBARAQ,3
4805,MUBARIK,3
4805,MUHAMMAD-MUSTAFA,3
4805,MUHANAD,3
4805,MUHMMAD,3
4805,MUHTASIM,3
4805,MUHUMMAD,3
4805,MUNACHI,3
4805,MUNACHIMSO,3
4805,MUNACHISO,3
4805,MUNEEF,3
4805,MUNIB,3
4805,MUNTAZIR,3
4805,MUS'AB,3
4805,MUSAWWIR,3
4805,MUSHTAQ,3
4805,MUZZAMMIL,3
4805,MYKA,3
4805,NAAEL,3
4805,NACHMAN,3
4805,NAFTALI,3
4805,NAHIAN,3
4805,NAHIL,3
4805,NAIM,3
4805,NALY,3
4805,NARCIS,3
4805,NAREN,3
4805,NARYAN,3
4805,NASEEM,3
4805,NASEER,3
4805,NATANAEL,3
4805,NAURIS,3
4805,NAVTEJ,3
4805,NAWAB,3
4805,NAYEEM,3
4805,NAYLEN,3
4805,NAZAR,3
4805,NEEKO,3
4805,NEHMIA,3
4805,NERO,3
4805,NEVEN,3
4805,NEWTON,3
4805,NEYMAR,3
4805,NEYO,3
4805,NGUYEN,3
4805,NIAL,3
4805,NIBRAS,3
4805,NICKOY,3
4805,NICOLAE,3
4805,NII,3
4805,NIKUNJ,3
4805,NILAY,3
4805,NIRAV,3
4805,NISHANT,3
4805,NITAI,3
4805,NITIN,3
4805,NIYAM,3
4805,NIYAN,3
4805,NOAH-JACK,3
4805,NOAH-JAY,3
4805,NOAH-LEE,3
4805,NOE,3
4805,NORMAN,3
4805,NUMAIR,3
4805,NURI,3
4805,NUUH,3
4805,OAK,3
4805,OAKLAN,3
4805,OBAID,3
4805,OBERON,3
4805,OGHENETEGA,3
4805,OKIKIOLA,3
4805,OLABODE,3
4805,OLIVER-JAY,3
4805,OLLIE-JOE,3
4805,OLUWADUROTIMI,3
4805,OLUWAFOLABOMI,3
4805,OLUWAJUWONLO,3
4805,OLUWAKAYODE,3
4805,OLUWALONIMI,3
4805,OLUWAMAYOWA,3
4805,OLUWASEGUN,3
4805,OLUWATOFUNMI,3
4805,OMAID,3
4805,OMAIR,3
4805,OMARIO,3
4805,ONDREJ,3
4805,ONYEKACHI,3
4805,ORREN,3
4805,ORSEN,3
4805,OSAZE,3
4805,OSCAR-JACK,3
4805,OSCAR-LEE,3
4805,OSKARS,3
4805,OSSIAN,3
4805,OSTEN,3
4805,OSTYN,3
4805,OSWIN,3
4805,OSZKAR,3
4805,OUMAR,3
4805,OVIE,3
4805,OZWALD,3
4805,PAARTH,3
4805,PAISLEY,3
4805,PANAGIOTIS,3
4805,PANAV,3
4805,PATRICE,3
4805,PAULS,3
4805,PAVISHAN,3
4805,PAXTON,3
4805,PENUEL,3
4805,PERCIVAL,3
4805,PETE,3
4805,PETRAS,3
4805,PHARAOH,3
4805,POYRAZ,3
4805,PRABVEER,3
4805,PRAJWAL,3
4805,PRANJAL,3
4805,PRAYAN,3
4805,PREET,3
4805,PRESLAV,3
4805,PRESTON-JAMES,3
4805,PRESTON-LEE,3
4805,PRIYANSH,3
4805,PRYCE,3
4805,PTOLEMY,3
4805,QAYYIM,3
4805,QUAID,3
4805,QUSAI,3
4805,RADU,3
4805,RAFAELE,3
4805,RAFAT,3
4805,RAFFY,3
4805,RAFIUL,3
4805,RAHATH,3
4805,RAHI,3
4805,RAHIEM,3
4805,RAIMONDS,3
4805,RAIN,3
4805,RAITH,3
4805,RAJUN,3
4805,RAMAE,3
4805,RAMIR,3
4805,RAMSAY,3
4805,RAMYAR,3
4805,RAMZAN,3
4805,RAMZY,3
4805,RANEL,3
4805,RAS,3
4805,RASAN,3
4805,RASHARN,3
4805,RASHAWN,3
4805,RASMUS,3
4805,RAURI,3
4805,RAVINDER,3
4805,RAWA,3
4805,RAWAND,3
4805,REAGON,3
4805,REI,3
4805,REIGAN,3
4805,REIGN,3
4805,REJUS,3
4805,REMIE,3
4805,REMIEL,3
4805,RENDIJS,3
4805,RENLY,3
4805,RENNEL,3
4805,RENZO,3
4805,REUBIN,3
4805,RHIAN,3
4805,RHOME,3
4805,RHUN,3
4805,RHYAN,3
4805,RHYDER,3
4805,RICCI,3
4805,RICH,3
4805,RIDHA,3
4805,RIDHWAAN,3
4805,RIDHWAN,3
4805,RILEY-,3
4805,RILEY-DEAN,3
4805,RILEY-JACK,3
4805,RILEY-JAE,3
4805,RILEY-PAUL,3
4805,RILEY-SCOTT,3
4805,RILEY-THOMAS,3
4805,RIORDAN,3
4805,RISHAV,3
4805,RISHIK,3
4805,RISHIT,3
4805,RIVAN,3
4805,RIVERS,3
4805,RIYAAD,3
4805,ROARKE,3
4805,ROB,3
4805,ROBERTAS,3
4805,ROCKO,3
4805,RODNEY,3
4805,ROHAT,3
4805,ROHITH,3
4805,ROJAN,3
4805,ROKO,3
4805,ROMAEO,3
4805,ROMAN-LEE,3
4805,ROMARI,3
4805,ROMEL,3
4805,RONEL,3
4805,RONSON,3
4805,ROREY,3
4805,ROUX,3
4805,ROYSTON,3
4805,RUAIRIDH,3
4805,RUBENS,3
4805,RUBYN,3
4805,RYLEA,3
4805,RYLEY-JAY,3
4805,RYOMA,3
4805,SAAIM,3
4805,SABASTIAN,3
4805,SABIN,3
4805,SAFIULLAH,3
4805,SAFYAAN,3
4805,SAHAL,3
4805,SAHAN,3
4805,SAHEJ,3
4805,SAHEL,3
4805,SAHIN,3
4805,SAIFUL,3
4805,SAIHOU,3
4805,SAISH,3
4805,SAIYAN,3
4805,SAJAD,3
4805,SAJAN,3
4805,SAJEEV,3
4805,SAKIB,3
4805,SAMARJOT,3
4805,SAMEE,3
4805,SAMEED,3
4805,SAMRAAT,3
4805,SANCHIT,3
4805,SANKALP,3
4805,SANTANA,3
4805,SANTOS,3
4805,SANVEER,3
4805,SARAVANAN,3
4805,SARDAR,3
4805,SATHVIK,3
4805,SATVIK,3
4805,SAUMYA,3
4805,SAVIOUR,3
4805,SAVVAS,3
4805,SAYEED,3
4805,SAYFULLAH,3
4805,SEAN-JUNIOR,3
4805,SEBASTIAAN,3
4805,SEIJI,3
4805,SEIM,3
4805,SERGE,3
4805,SERKAN,3
4805,SHAARAV,3
4805,SHABAAN,3
4805,SHAEDON,3
4805,SHAHEEM,3
4805,SHAHMEER,3
4805,SHAHZEB,3
4805,SHAIDEN,3
4805,SHAMAR,3
4805,SHAMS,3
4805,SHAMSHER,3
4805,SHANE-JUNIOR,3
4805,SHAREEF,3
4805,SHARJEEL,3
4805,SHASHANK,3
4805,SHAYLEN,3
4805,SHAZEB,3
4805,SHEHROZ,3
4805,SHEHRYAR,3
4805,SHEMAIAH,3
4805,SHERIDAN,3
4805,SHI,3
4805,SHIHAB,3
4805,SHIRAZ,3
4805,SHIVESH,3
4805,SHLOIMY,3
4805,SHOLTO,3
4805,SHRAGA,3
4805,SHRAVAN,3
4805,SHRI,3
4805,SHRIYANS,3
4805,SIDDHANTH,3
4805,SIEGFRIED,3
4805,SIMAO,3
4805,SIMCHA,3
4805,SINA,3
4805,SINCLAIR,3
4805,SIR,3
4805,SIYAAM,3
4805,SKYE,3
4805,SLOAN,3
4805,SMAYAN,3
4805,SOFIANE,3
4805,SOHIL,3
4805,SOLOMAN,3
4805,SOMKENECHUKWU,3
4805,SOMTOCHUKWU,3
4805,SOROUSH,3
4805,SRI,3
4805,SRIRAM,3
4805,SRULI,3
4805,SUBEER,3
4805,SUCCESS,3
4805,SUHAS,3
4805,SUHAYL,3
4805,SUJAN,3
4805,SULAYMAAN,3
4805,SULLY,3
4805,SUNVEER,3
4805,SUTHARSAN,3
4805,SUYOG,3
4805,SWALEY,3
4805,SWARAN,3
4805,SYLVAN,3
4805,SYMEON,3
4805,SZABOLCS,3
4805,TAASEEN,3
4805,TABISH,3
4805,TADISA,3
4805,TAEJON,3
4805,TAELAN,3
4805,TAFARA,3
4805,TAFARI,3
4805,TAHSEEN,3
4805,TAITE,3
4805,TAKUDZWANASHE,3
4805,TAKUNDA,3
4805,TAM,3
4805,TAMAN,3
4805,TAMER,3
4805,TAMIR,3
4805,TANBIR,3
4805,TANE,3
4805,TANER,3
4805,TANIELA,3
4805,TANITOLUWA,3
4805,TANMAY,3
4805,TANZEEL,3
4805,TARANDEEP,3
4805,TARON,3
4805,TARRAN,3
4805,TAVISH,3
4805,TAWANANYASHA,3
4805,TAWFIQ,3
4805,TAYLOR-LEE,3
4805,TAYLUN,3
4805,TAYYIB,3
4805,TEDDI,3
4805,TEDDY-JAY,3
4805,TEGH,3
4805,TEGHBIR,3
4805,TEJVIR,3
4805,TEMIDIRE,3
4805,TEMITOPE,3
4805,TENDAI,3
4805,TENIOLA,3
4805,TEOMAN,3
4805,THANDO,3
4805,THEOPHILE,3
4805,THIBAULT,3
4805,TIMON,3
4805,TIMOTHEE,3
4805,TING,3
4805,TIRION,3
4805,TIVON,3
4805,TJAY,3
4805,TOBY-LEE,3
4805,TOBYN,3
4805,TOLUWANI,3
4805,TOMAZ,3
4805,TOMMY-RAY,3
4805,TOMOKI,3
4805,TOYIN,3
4805,TRAI,3
4805,TREMAYNE,3
4805,TREYDEN,3
4805,TREYSON,3
4805,TRISHAN,3
4805,TRISTRAM,3
4805,TYLAH,3
4805,TYLER-GEORGE,3
4805,TYLER-JACOB,3
4805,TYLER-SCOTT,3
4805,TYRECE,3
4805,TYREEK,3
4805,TYRELLE,3
4805,TYRIQUE,3
4805,TYTUS,3
4805,UDAY,3
4805,UDONNA,3
4805,UGONNA,3
4805,UNAIS,3
4805,UNAYS,3
4805,URIAH,3
4805,URIJAH,3
4805,VALTERS,3
4805,VAN,3
4805,VENKATA,3
4805,VIAN,3
4805,VIDHUN,3
4805,VIDUR,3
4805,VIGO,3
4805,VIHAN,3
4805,VINEET,3
4805,VINSON,3
4805,VIRGIL,3
4805,VISAKAN,3
4805,VISHAAL,3
4805,VOJTECH,3
4805,WAEL,3
4805,WAHAJ,3
4805,WAJID,3
4805,WALI,3
4805,WASIM,3
4805,WEZLEY,3
4805,WILDAN,3
4805,WILHELM,3
4805,WING,3
4805,WYNNE,3
4805,XIANG,3
4805,XUAN,3
4805,YAASIR,3
4805,YACOUB,3
4805,YAGIZ,3
4805,YAGO,3
4805,YAHHYA,3
4805,YAIR,3
4805,YAMEN,3
4805,YANKY,3
4805,YAPHET,3
4805,YAQUUB,3
4805,YARED,3
4805,YASHAR,3
4805,YAT,3
4805,YAVOR,3
4805,YAVUZ,3
4805,YEHUDAH,3
4805,YESSINE,3
4805,YIN,3
4805,YISHAI,3
4805,YITIAN,3
4805,YIYANG,3
4805,YONAEL,3
4805,YONG,3
4805,YOSYAS,3
4805,YUDHVEER,3
4805,YUGAN,3
4805,YUN,3
4805,YUNES,3
4805,YUTO,3
4805,YVAN,3
4805,ZACHARI,3
4805,ZACHARYA,3
4805,ZACKARYA,3
4805,ZADOK,3
4805,ZAHIN,3
4805,ZAI,3
4805,ZAIDE,3
4805,ZAIYAN,3
4805,ZAKAR,3
4805,ZAKAREEYA,3
4805,ZAKERIYA,3
4805,ZAKKI,3
4805,ZAKWAN,3
4805,ZARYAB,3
4805,ZAYVIER,3
4805,ZED,3
4805,ZEDEKIAH,3
4805,ZEESHAAN,3
4805,ZEKERIYA,3
4805,ZEKI,3
4805,ZEUS,3
4805,ZEYD,3
4805,ZHYAR,3
4805,ZIHAN,3
4805,ZIRUI,3
4805,ZIXUAN,3
4805,ZOHEB,3
4805,ZOLA,3
4805,ZSOLT,3
4805,ZUHAYR,3
4805,ZULFIQAR,3
4805,ZVI,3
