Rank,Name,Count
1,OLIVER,6649
2,JACK,5804
3,HARRY,5379
4,JACOB,5050
5,CHARLIE,4642
6,THOMAS,4405
7,GEORGE,4320
8,OSCAR,4269
9,JAMES,4167
10,WILLIAM,4134
11,NOAH,4085
12,ALFIE,3868
13,JOSHUA,3812
14,MUHAMMAD,3588
15,HENRY,3572
16,LEO,3414
17,ARCHIE,3099
18,ETHAN,3061
19,JOSEPH,3041
20,FREDDIE,3023
21,SAMUEL,3021
22,ALEXANDER,2978
23,LOGAN,2813
24,DANIEL,2775
25,ISAAC,2636
26,MAX,2602
27,MOHAMMED,2536
28,BENJAMIN,2490
29,MASON,2470
30,LUCAS,2445
31,EDWARD,2417
32,HARRISON,2214
33,JAKE,2207
34,DYLAN,2188
35,RILEY,2177
36,FINLEY,2115
37,THEO,2008
38,SEBASTIAN,1965
39,ADAM,1790
40,ZACHARY,1670
41,ARTHUR,1649
42,TOBY,1352
43,JAYDEN,1334
44,LUKE,1322
45,HARLEY,1303
46,LEWIS,1236
47,TYLER,1235
48,HARVEY,1228
49,MATTHEW,1216
50,DAVID,1209
51,REUBEN,1166
52,MICHAEL,1139
53,ELIJAH,1125
54,KIAN,1123
55,TOMMY,1120
56,MOHAMMAD,1116
57,BLAKE,1106
58,LUCA,1101
59,THEODORE,1090
60,STANLEY,1059
61,JENSON,1058
62,NATHAN,1055
63,CHARLES,1037
64,FRANKIE,1030
65,JUDE,1018
66,TEDDY,1017
67,LOUIE,1015
68,LOUIS,999
69,RYAN,989
70,HUGO,956
71,BOBBY,922
72,ELLIOTT,914
73,DEXTER,908
74,OLLIE,906
75,ALEX,903
76,LIAM,902
77,KAI,858
78,GABRIEL,842
79,CONNOR,841
80,AARON,819
81,FREDERICK,815
82,CALLUM,803
83,ELLIOT,780
84,ALBERT,778
85,LEON,765
86,RONNIE,756
87,RORY,755
88,JAMIE,749
89,AUSTIN,707
90,SETH,694
91,IBRAHIM,669
92,OWEN,663
93,CALEB,648
94,ELLIS,641
95,SONNY,640
96,ROBERT,631
97,JOEY,627
98,FELIX,614
99,FINLAY,611
100,JACKSON,602
101,JOHN,601
102,EVAN,596
103,AIDEN,594
104,AYAAN,586
105,YUSUF,581
106,BAILEY,571
107,JASPER,570
107,JOEL,570
109,REGGIE,568
110,ROMAN,557
111,MUHAMMED,548
112,JESSE,546
113,CODY,541
114,KAYDEN,537
115,JAXON,535
115,PATRICK,535
117,ALBIE,534
118,CARTER,530
119,MAXWELL,525
120,TOBIAS,524
121,DOMINIC,521
122,BILLY,516
123,CAMERON,513
123,ELI,513
125,ALFRED,511
126,RHYS,509
127,ROWAN,502
128,FINN,488
129,NATHANIEL,482
130,BRADLEY,470
131,KYLE,460
132,ALI,458
133,KAIDEN,437
134,RALPH,430
135,ANTHONY,422
136,CHRISTOPHER,419
137,FLYNN,418
137,ROCCO,418
139,NICHOLAS,413
140,SAM,405
141,ARLO,397
141,FILIP,397
141,JAKUB,397
144,ASHTON,392
145,ZAC,379
146,MILO,378
147,COREY,376
148,SYED,375
149,ABDULLAH,373
149,BRODY,373
149,JONAH,373
152,LEVI,369
152,PETER,369
154,LEIGHTON,368
155,TED,366
156,AIDAN,364
156,BEN,364
158,RUBEN,361
159,HAYDEN,360
160,JENSEN,359
161,MILES,356
162,JASON,353
163,TRISTAN,350
164,MAXIMILIAN,348
165,OLLY,346
166,RUPERT,345
167,REECE,344
168,MOHAMED,343
169,TAYLOR,339
170,SPENCER,336
171,COLE,335
171,JONATHAN,335
173,KACPER,334
174,VINCENT,332
175,LAYTON,321
176,MORGAN,316
176,ZAIN,316
178,LEONARDO,315
179,ZACK,312
180,KEVIN,309
181,PARKER,308
182,ABDUL,307
182,ANDREW,307
182,MYLES,307
185,AHMED,306
186,OAKLEY,303
187,ALAN,302
187,BEAU,302
189,ERIC,301
189,MUSA,301
191,OSKAR,297
192,ELIAS,294
193,MARLEY,292
193,YAHYA,292
195,JOE,291
195,LINCOLN,291
197,FRANK,290
198,HUNTER,289
199,BARNABY,285
199,FREDDY,285
199,JAY,285
199,ZAK,285
203,MAXIMUS,284
204,RAYYAN,283
205,HAMZA,280
206,EWAN,275
206,KIERAN,275
208,VINNIE,274
209,DANNY,272
210,COOPER,271
211,BRANDON,269
212,JORDAN,268
213,EZRA,266
213,LENNY,266
213,RIO,266
216,CHASE,263
216,MARCUS,263
218,GRAYSON,262
218,MARK,262
220,FRASER,258
221,RAYAN,257
222,ROHAN,256
223,FRANCIS,255
224,XAVIER,254
225,FLETCHER,251
226,LUKAS,249
226,ZACH,249
228,CHRISTIAN,248
229,OMAR,246
230,ZAKARIYA,245
231,RAPHAEL,243
232,MARCEL,239
232,ROBIN,239
234,HUDSON,237
235,EESA,234
235,WILFRED,234
237,ADRIAN,232
237,LENNON,232
239,ZAYN,231
240,EMMANUEL,230
240,ISAIAH,230
240,TOM,230
243,ANTONI,227
243,MUSTAFA,227
243,VICTOR,227
246,MALACHI,226
247,MARTIN,220
248,DOMINIK,218
248,PRESTON,218
250,DECLAN,217
251,UMAR,212
252,SIDNEY,208
253,ISMAIL,204
253,SHAY,204
255,ARJUN,197
255,JAIDEN,197
255,SEAN,197
258,ARYAN,196
258,JAXSON,196
260,RUFUS,195
261,JAN,190
262,BRODIE,189
263,JUNIOR,188
264,JOSH,185
264,LEONARD,185
266,XANDER,184
267,REX,181
267,RICHARD,181
269,CASPER,180
269,CIAN,180
269,HASSAN,180
269,MARSHALL,180
269,TRAVIS,180
274,TIMOTHY,178
275,RAFAEL,175
276,DOUGLAS,171
276,HECTOR,171
278,AARAV,170
278,JULIAN,170
280,AHMAD,169
280,ALEKSANDER,169
282,CASEY,166
283,NICOLAS,165
284,OTIS,164
285,JIMMY,162
285,TROY,162
287,NICO,161
288,FABIAN,160
288,HARRIS,160
288,PHILIP,160
291,IDRIS,159
291,JOSIAH,159
291,SAMI,159
294,TOMAS,156
295,ASHLEY,155
295,JAX,155
295,NIALL,155
298,HARRI,154
299,BENTLEY,153
299,NATAN,153
301,BUDDY,152
301,COBY,152
301,CONOR,152
301,JEREMIAH,152
305,PAUL,150
305,SIMON,150
305,TATE,150
308,CAIDEN,149
308,JADEN,149
308,MCKENZIE,149
308,MILAN,149
312,LORENZO,148
313,MICAH,147
314,ASHER,146
314,QUINN,146
316,COHEN,145
316,EDDIE,145
318,AYDEN,144
318,STEFAN,144
320,SOLOMON,142
321,EDEN,141
321,HARIS,141
321,OSIAN,141
321,OTTO,141
321,WYATT,141
326,IBRAHEEM,140
326,KYE,140
328,BERTIE,139
328,FRANKLIN,139
330,ROMEO,138
331,PHOENIX,137
332,ENZO,136
332,OLIVIER,136
334,LUKA,135
335,ABEL,134
335,LUIS,134
335,RUDY,134
338,FINNLEY,133
338,STEPHEN,133
338,ZACHARIAH,133
341,BENEDICT,132
341,ZANE,132
343,EUAN,131
344,NIKODEM,129
345,DAMIAN,128
345,IVAN,128
345,JACE,128
345,MONTY,128
349,BILAL,126
350,DAWID,122
350,TEDDIE,122
352,HUGH,121
353,ARON,120
354,SCOTT,119
355,BODHI,118
355,CLARK,118
355,KALEB,118
355,ROBBIE,118
359,AMIR,116
359,ARCHER,116
359,ASTON,116
359,CHESTER,116
359,LAURENCE,116
364,DEACON,115
365,DENNIS,114
365,RAFFERTY,114
367,ERIK,112
367,RAFE,112
369,CARSON,111
369,NATE,111
369,SZYMON,111
372,AYMAN,110
372,ISA,110
374,AADAM,109
374,BROOKLYN,109
374,NOEL,109
374,ZAYD,109
378,ANGUS,108
378,BRIAN,108
378,JAC,108
381,CASSIUS,107
381,CRUZ,107
381,DENIS,107
381,ILYAS,107
381,KHALID,107
381,KOBI,107
381,PATRYK,107
388,DOUGIE,106
388,JAI,106
388,KEEGAN,106
391,ALISTAIR,105
391,JOHNNY,105
393,RONAN,104
393,ZAYAN,104
395,HASHIM,103
395,LAWRENCE,103
397,CLAYTON,102
397,ERNEST,102
397,FRANCISZEK,102
397,IGOR,102
397,MAKSYMILIAN,102
402,ANAS,101
402,EZEKIEL,101
402,KANE,101
402,MATTEO,101
406,AZAAN,100
406,HUSSAIN,100
406,KYRAN,100
409,DILLON,99
409,JEREMY,99
409,KENZIE,99
409,LAWSON,99
409,MATEUSZ,99
409,TOMOS,99
409,WOODY,99
409,ZAKARIA,99
417,ISMAEEL,98
417,YASEEN,98
419,CALVIN,97
419,LEE,97
419,MONTGOMERY,97
419,ZION,97
423,HEATH,96
423,HENLEY,96
423,MYLO,96
426,ANTONIO,95
426,MARCO,95
426,REHAN,95
429,BARNEY,94
429,BRAYDEN,94
429,DANTE,94
429,DIEGO,94
429,WALTER,94
434,CURTIS,93
434,DANIYAL,93
434,LEYTON,93
434,REMY,93
438,COLBY,92
438,IMRAN,92
438,MIKOLAJ,92
438,STEVEN,92
442,BRUNO,91
442,DEVON,91
442,HASAN,91
442,JUSTIN,91
442,KYRON,91
442,MALAKAI,91
442,WILL,91
449,KOBE,90
449,MITCHELL,90
449,SHANE,90
452,ARMAAN,88
452,JAGO,88
452,RYLEE,88
455,DARIUS,87
455,LELAND,87
457,AXEL,86
457,BRYAN,86
457,DEAN,86
457,HAIDER,86
457,MIKEY,86
457,SULAIMAN,86
463,AYAN,85
463,AYDIN,85
463,CAI,85
463,EDWIN,85
463,JAKOB,85
463,KRISH,85
463,SANTIAGO,85
463,VINNY,85
471,AAYAN,84
471,HARI,84
471,IOAN,84
471,YUNUS,84
475,AAHIL,83
475,ABRAHAM,83
475,CAYDEN,83
475,HAMISH,83
475,KIT,83
475,LUCIAN,83
475,MALIK,83
475,RUEBEN,83
483,GEORGIE,82
483,JONAS,82
485,AMARI,81
485,ANTONY,81
485,HENRI,81
485,MICHAL,81
489,FRANKY,80
489,IAN,80
489,KAMIL,80
489,MAGNUS,80
489,MATAS,80
489,RYLEY,80
495,AMAAN,79
495,CADEN,79
495,GETHIN,79
495,KADEN,79
495,RUDI,79
495,YAQUB,79
495,YASIN,79
502,KODY,78
502,OLIWIER,78
502,PRINCE,78
502,REGINALD,78
502,RYDER,78
507,RAHEEM,77
507,SUBHAN,77
509,CORY,76
509,JAMAL,76
509,LENNOX,76
509,YUVRAJ,76
513,AARYAN,75
513,DAMIEN,75
513,MOSES,75
513,RAY,75
513,REGAN,75
513,WIKTOR,75
519,LOKI,74
520,ANDRE,73
520,CAELAN,73
520,DALTON,73
520,KRISTIAN,73
520,KYLAN,73
520,LLOYD,73
520,MILLER,73
527,ALEXANDRU,72
527,ELIS,72
527,KASPER,72
527,KEYAAN,72
527,ZAYAAN,72
532,FRAZER,71
532,VIHAAN,71
534,ABU,70
534,ANGELO,70
534,ISHAAN,70
534,ISSAC,70
534,MAISON,70
534,SEBASTIEN,70
540,FARIS,69
540,ISRAEL,69
542,KOBY,68
542,PIOTR,68
544,FERGUS,67
544,GUY,67
544,LENNIE,67
544,RICO,67
544,USMAN,67
544,VEER,67
550,ANDREI,66
550,CHARLEY,66
550,CILLIAN,66
550,ERNIE,66
550,JARED,66
550,KEATON,66
550,KINGSLEY,66
550,KYAN,66
558,LACHLAN,65
558,LOCHLAN,65
558,MAXIM,65
558,WARREN,65
562,AARIZ,64
562,CIARAN,64
562,SULLIVAN,64
562,TONY,64
566,ARJAN,63
566,BYRON,63
566,DREW,63
566,ISHAQ,63
566,NED,63
566,ORSON,63
566,RIVER,63
566,YOUSUF,63
574,ABDULRAHMAN,62
574,DAWUD,62
574,KEELAN,62
574,KHALIL,62
574,MIGUEL,62
574,NIKOLAS,62
574,RIAN,62
574,SAMIR,62
574,VIVAAN,62
583,AYUB,61
583,CAIN,61
583,CASPAR,61
583,MACSEN,61
583,MADDOX,61
583,RALPHIE,61
583,REAGAN,61
583,SAUL,61
583,SHAUN,61
592,ESA,60
592,FRED,60
592,JAYLEN,60
592,RAYMOND,60
592,TYMON,60
597,ABBAS,59
597,ARCHIBALD,59
597,LORCAN,59
597,MATEO,59
597,NOJUS,59
597,PERCY,59
597,SAHIL,59
597,TOMASZ,59
605,BRAXTON,58
605,HADLEY,58
605,MACKENZIE,58
605,MAXIMILLIAN,58
605,QASIM,58
605,YOUSEF,58
611,DAWSON,57
611,MIKAEEL,57
611,OWAIN,57
611,SAMSON,57
611,ZACKARY,57
616,COEN,56
616,DORIAN,56
616,EDISON,56
616,IEUAN,56
616,MARIO,56
616,OISIN,56
616,ORLANDO,56
616,TAHA,56
624,BRUCE,55
624,FARHAN,55
624,KADE,55
624,MATHEW,55
624,RAYAAN,55
624,SHAYAN,55
624,UZAIR,55
624,ZAID,55
632,ABDIRAHMAN,54
632,ALEC,54
632,ANTON,54
632,ARAN,54
632,BROGAN,54
632,CARL,54
632,EISA,54
632,EMIL,54
632,JOVAN,54
632,RISHI,54
632,TYLER-JAMES,54
643,ARHAM,53
643,CALLAN,53
643,DHRUV,53
643,GIOVANNI,53
643,LUCCA,53
643,SAIF,53
643,WESLEY,53
650,ALESSANDRO,52
650,AMMAR,52
650,BRENDAN,52
650,DARCY,52
650,EMILIO,52
650,NIKITA,52
650,OLAF,52
650,TOMMIE,52
650,ZAKARIYYA,52
659,ABDURRAHMAN,51
659,ALBY,51
659,ATTICUS,51
659,DENIZ,51
659,FRANCESCO,51
659,KARIM,51
659,NEO,51
659,REID,51
659,RONNY,51
659,ROSS,51
659,WILSON,51
670,CRAIG,50
670,ESHAN,50
670,HARPER,50
670,HUBERT,50
670,JEEVAN,50
670,LEONIDAS,50
670,MAHDI,50
670,NATHANAEL,50
670,TALHA,50
670,TOMMY-LEE,50
680,MEHMET,49
680,REEGAN,49
680,TIAGO,49
680,ZAYNE,49
684,ADIL,48
684,ADYAN,48
684,AJAY,48
684,ASA,48
684,BARTOSZ,48
684,COLIN,48
684,EDMUND,48
684,HAMZAH,48
684,ISMAEL,48
684,KAREEM,48
684,ORION,48
695,CALUM,47
695,GREGORY,47
695,HAROON,47
695,HAYDN,47
695,JAYCE,47
695,JAYDON,47
695,KAJUS,47
695,KAYLAN,47
695,KAYSON,47
695,LYLE,47
695,MALACHY,47
695,MATTHIAS,47
695,RAJA,47
695,RICARDO,47
695,TYRESE,47
710,EMERSON,46
710,HENDRIX,46
710,LAITH,46
710,WINSTON,46
714,ADDISON,45
714,ANDREAS,45
714,CAIRO,45
714,CONRAD,45
714,DARREN,45
714,EMMETT,45
714,GIDEON,45
714,HASNAIN,45
714,HERBIE,45
714,KENNY,45
714,MAHIR,45
714,PHILLIP,45
714,SAFWAN,45
714,SULAYMAN,45
714,ZAKI,45
714,ZANDER,45
730,ADEN,44
730,ADITYA,44
730,ALEXANDRE,44
730,AMOS,44
730,CYRUS,44
730,ISSA,44
730,IWAN,44
730,JUDAH,44
730,MATEI,44
730,MD,44
730,SAAD,44
730,TAYLAN,44
730,TREY,44
730,ZEESHAN,44
744,ADNAN,43
744,ARRAN,43
744,ARUN,43
744,AYRTON,43
744,BORIS,43
744,DANYAL,43
744,HUXLEY,43
744,KARL,43
744,RAYHAN,43
744,TYMOTEUSZ,43
754,DEEN,42
754,DENNY,42
754,EMIR,42
754,HUW,42
754,IESTYN,42
754,IFAN,42
754,JOHAN,42
754,MIKAEL,42
754,NEIL,42
754,RALPHY,42
754,ZAYYAN,42
765,ABUBAKR,41
765,ALEJANDRO,41
765,ARTUR,41
765,CARLOS,41
765,EDGAR,41
765,FYNN,41
765,HAARIS,41
765,HADI,41
765,HUGHIE,41
765,KAMRAN,41
765,KIERON,41
765,MILOSZ,41
765,SANTINO,41
765,SUFYAN,41
765,WILBUR,41
765,WOJCIECH,41
781,AMAN,40
781,AMAR,40
781,ARI,40
781,BENAS,40
781,BUSTER,40
781,DENZEL,40
781,DILAN,40
781,FAIZAN,40
781,JAK,40
781,KABIR,40
781,KAELAN,40
781,OWAIS,40
781,ROCKY,40
781,SHAE,40
781,STEFFAN,40
781,TEO,40
797,ACE,39
797,CHACE,39
797,CORMAC,39
797,EDUARD,39
797,KOBIE,39
797,REMI,39
797,RIDWAN,39
797,SIMEON,39
805,ALASTAIR,38
805,AYAZ,38
805,DAMON,38
805,EMANUEL,38
805,EREN,38
805,ERYK,38
805,ETIENNE,38
805,FIONN,38
805,HUEY,38
805,IDREES,38
805,JAYDAN,38
805,KIYAN,38
805,KRZYSZTOF,38
805,LUQMAN,38
805,MACIEJ,38
805,NATANIEL,38
805,PEDRO,38
805,RONALD,38
805,STANISLAW,38
805,ZAKARIYAH,38
825,ABDUR,37
825,ANDY,37
825,ARNAV,37
825,CORBEN,37
825,FREDRICK,37
825,HASHIR,37
825,KLAY,37
825,NOLAN,37
825,ROME,37
825,TRYSTAN,37
825,VIKTOR,37
825,WILF,37
837,ABUBAKAR,36
837,AUSTEN,36
837,AYOUB,36
837,BAXTER,36
837,CASPIAN,36
837,DANIELIUS,36
837,ELIOT,36
837,HUSSEIN,36
837,JAYSON,36
837,JORGE,36
837,MAREK,36
837,NELSON,36
837,ODIN,36
837,SALMAN,36
837,SID,36
837,UMAIR,36
837,VIAAN,36
854,ABDULLAHI,35
854,ASHWIN,35
854,ISHAN,35
854,JETT,35
854,LYNDON,35
854,MARC,35
854,MOHAMAD,35
854,RILEY-JAMES,35
854,RUAIRI,35
854,SHEIKH,35
854,SONNIE,35
854,SYDNEY,35
866,AKRAM,34
866,ALVIN,34
866,ARIAN,34
866,ARRON,34
866,AUBREY,34
866,DOMINYKAS,34
866,HARLAN,34
866,JON,34
866,JONNY,34
866,KAIRO,34
866,LEANDRO,34
866,LEWIE,34
866,MATIAS,34
866,MIKAIL,34
866,MUSAB,34
866,NIKHIL,34
866,OSMAN,34
866,PADDY,34
866,RAFI,34
866,ROSCOE,34
866,SHAYAAN,34
866,TEODOR,34
866,ZAINE,34
889,AFFAN,33
889,ALFIE-JAMES,33
889,ARMAN,33
889,AVI,33
889,BRYN,33
889,COLTON,33
889,DRAKE,33
889,EBEN,33
889,ELYAS,33
889,EMRE,33
889,FREDERIC,33
889,GARY,33
889,HERBERT,33
889,JOSE,33
889,JUNAID,33
889,KELLAN,33
889,KENZO,33
889,KRYSTIAN,33
889,LUCIEN,33
889,MATHIAS,33
889,MAVERICK,33
889,MOSHE,33
889,OMER,33
889,SEB,33
889,SILAS,33
889,SULTAN,33
889,THIAGO,33
916,ALEXANDROS,32
916,ANSH,32
916,ARNIE,32
916,BOBBIE,32
916,CAIO,32
916,DARA,32
916,ELWOOD,32
916,EMILIS,32
916,EOIN,32
916,FOX,32
916,HUMZA,32
916,KODI,32
916,MAKSIM,32
916,PRESLEY,32
916,RAIHAN,32
916,SAHIB,32
916,STUART,32
916,SUBHAAN,32
916,TYRELL,32
935,AARAN,31
935,ARONAS,31
935,ARYAAN,31
935,AYYUB,31
935,BLAINE,31
935,CHRIS,31
935,CODEY,31
935,DEV,31
935,GAVIN,31
935,IOSIF,31
935,IVOR,31
935,KALLUM,31
935,KAYAN,31
935,KENNETH,31
935,MARKUS,31
935,NIKO,31
935,RANVEER,31
935,RICHIE,31
935,SHEA,31
935,SUFYAAN,31
935,TERRY,31
935,YASIR,31
935,YOUSIF,31
935,ZIGGY,31
959,AARUSH,30
959,ARAS,30
959,AVERY,30
959,BENNY,30
959,CAIUS,30
959,CONNER,30
959,CRISTIAN,30
959,DEVAN,30
959,DEWI,30
959,DUKE,30
959,EDUARDO,30
959,EHSAN,30
959,GRIFF,30
959,JAYDEN-LEE,30
959,JUAN,30
959,KENAN,30
959,KUBA,30
959,LUCIANO,30
959,MIKHAIL,30
959,PERRY,30
959,REHAAN,30
959,REILLY,30
959,RHODRI,30
959,RUSSELL,30
959,TARAN,30
959,TIMUR,30
959,YANIS,30
959,YASH,30
959,ZIDAN,30
988,AJ,29
988,ARIYAN,29
988,BRAYDON,29
988,CLAY,29
988,DARRAGH,29
988,DILLAN,29
988,EFAN,29
988,FAHAD,29
988,FYNLEY,29
988,GIORGIO,29
988,JAVIER,29
988,JED,29
988,KARAM,29
988,KAROL,29
988,KAYLEN,29
988,KELVIN,29
988,KEYAN,29
988,KONRAD,29
988,MALAKI,29
988,RAIFE,29
988,ROHAAN,29
988,SOL,29
988,TOBI,29
988,WADE,29
1012,ABDUR-RAHMAN,28
1012,ALFIE-LEE,28
1012,AMIN,28
1012,BERNARD,28
1012,CHAIM,28
1012,DION,28
1012,FRANCO,28
1012,GILBERT,28
1012,GREYSON,28
1012,KASON,28
1012,NANA,28
1012,OLIVER-JAMES,28
1012,RILEY-JAY,28
1012,RUDRA,28
1012,SAMAR,28
1012,THEODOR,28
1012,TYRONE,28
1012,TYSON,28
1012,VALENTINO,28
1012,YOUSSEF,28
1012,ZAKARY,28
1012,ZAKIR,28
1012,ZAKK,28
1035,ALESSIO,27
1035,BERTRAM,27
1035,BORYS,27
1035,DARIN,27
1035,DARWIN,27
1035,DENVER,27
1035,DONOVAN,27
1035,ESSA,27
1035,FINTAN,27
1035,GABRIELIUS,27
1035,GERARD,27
1035,HARUN,27
1035,ISHAAQ,27
1035,JASE,27
1035,JAYAN,27
1035,JEROME,27
1035,KAYA,27
1035,KAYLUM,27
1035,KOLE,27
1035,LAURIE,27
1035,RAEES,27
1035,ROY,27
1035,SAYED,27
1035,STEVIE,27
1035,TORIN,27
1035,WAYNE,27
1061,ALEXIS,26
1061,AMEER,26
1061,ARYA,26
1061,BLUE,26
1061,EKAM,26
1061,ELISHA,26
1061,ELLISON,26
1061,HAMDAN,26
1061,HUMPHREY,26
1061,IMMANUEL,26
1061,JEFFREY,26
1061,JONTY,26
1061,JULES,26
1061,KAINE,26
1061,KARSON,26
1061,KURTIS,26
1061,MAYSON,26
1061,NOA,26
1061,PAWEL,26
1061,QUENTIN,26
1061,REON,26
1061,REYANSH,26
1061,RICKY,26
1061,SACHIN,26
1061,SAI,26
1061,SALAHUDDIN,26
1061,SHAAN,26
1061,TAI,26
1061,UTHMAN,26
1061,ZAVIER,26
1061,ZEKE,26
1061,ZEPHANIAH,26
1093,ARVIN,25
1093,CARLO,25
1093,CAYSON,25
1093,CHANCE,25
1093,COBIE,25
1093,DAFYDD,25
1093,FABIO,25
1093,FLOYD,25
1093,FRANCISCO,25
1093,GENE,25
1093,JETHRO,25
1093,JUN,25
1093,KAILEN,25
1093,MIRZA,25
1093,NEHEMIAH,25
1093,OREN,25
1093,RAJVEER,25
1093,RODRIGO,25
1093,SHIV,25
1093,SOREN,25
1093,SUNNY,25
1093,TYLER-JAY,25
1093,ZAYDAN,25
1093,ZUBAIR,25
1117,ADEM,24
1117,AEDAN,24
1117,ALBERTO,24
1117,ASAD,24
1117,CADE,24
1117,DARIO,24
1117,GRIFFIN,24
1117,GRUFFYDD,24
1117,HARLEY-JAMES,24
1117,IHSAN,24
1117,IVO,24
1117,KAL-EL,24
1117,KARTER,24
1117,KINGSTON,24
1117,LEOPOLD,24
1117,LINUS,24
1117,MERT,24
1117,MICKEY,24
1117,PATRIK,24
1117,RAUL,24
1117,RAYHAAN,24
1117,ROLAND,24
1117,SEAMUS,24
1117,SION,24
1117,TUDOR,24
1117,YANNIS,24
1117,ZACHERY,24
1144,AADIL,23
1144,ALASDAIR,23
1144,ALFIE-JAY,23
1144,ARIN,23
1144,ARNOLD,23
1144,AUGUST,23
1144,AYUSH,23
1144,AYYAN,23
1144,COHAN,23
1144,DEREK,23
1144,DIGBY,23
1144,DYFAN,23
1144,FINDLAY,23
1144,GINO,23
1144,HASEEB,23
1144,INDIANA,23
1144,JOWAN,23
1144,KAIN,23
1144,KEON,23
1144,KING,23
1144,KUSH,23
1144,LANCE,23
1144,MACAULEY,23
1144,MARVIN,23
1144,MURTAZA,23
1144,NEEL,23
1144,OMARI,23
1144,ROSHAN,23
1144,SAMMY,23
1144,SULEIMAN,23
1144,UBAID,23
1144,YEHUDA,23
1144,ZAKARIAH,23
1144,ZAYDEN,23
1178,ABDALLAH,22
1178,AHYAN,22
1178,ALEKS,22
1178,ALEKSANDR,22
1178,ALLAN,22
1178,ARLEY,22
1178,AZLAN,22
1178,BARKLEY,22
1178,BRADY,22
1178,CASTIEL,22
1178,CHARLIE-JAMES,22
1178,DEON,22
1178,DEVIN,22
1178,EMILE,22
1178,ENOCH,22
1178,GARETH,22
1178,GEORGI,22
1178,HAIDEN,22
1178,HARMAN,22
1178,IZAAK,22
1178,JARVIS,22
1178,JULIUS,22
1178,KASH,22
1178,KAYDON,22
1178,KEREM,22
1178,KOA,22
1178,LEROY,22
1178,LEYLAND,22
1178,LOUI,22
1178,MANUEL,22
1178,MEHDI,22
1178,MICHEAL,22
1178,PABLO,22
1178,ROKAS,22
1178,SAMEER,22
1178,SARIM,22
1178,SHAH,22
1178,SHAWN,22
1178,SHLOK,22
1178,TARIQ,22
1178,TOMI,22
1178,TREVOR,22
1178,ZACKERY,22
1178,ZECHARIAH,22
1178,ZOHAIB,22
1223,ABU-BAKR,21
1223,AHMET,21
1223,ALBI,21
1223,AMMAAR,21
1223,ANAY,21
1223,ARDA,21
1223,ARMANDAS,21
1223,CALLEN,21
1223,CARLTON,21
1223,CHAD,21
1223,CHE,21
1223,CORBIN,21
1223,DUNCAN,21
1223,DWAYNE,21
1223,EHAN,21
1223,ELIOTT,21
1223,EMRYS,21
1223,FINNLAY,21
1223,GUS,21
1223,HARLEE,21
1223,HARLEY-JAY,21
1223,HAROLD,21
1223,HUZAIFA,21
1223,INIGO,21
1223,IZAAC,21
1223,JACQUES,21
1223,JOAO,21
1223,KASIM,21
1223,KAYNE,21
1223,KIMI,21
1223,KORBEN,21
1223,KURT,21
1223,LANDON,21
1223,LOGAN-JAMES,21
1223,LUCUS,21
1223,LUTHER,21
1223,MAKAI,21
1223,MAXIME,21
1223,MOISHE,21
1223,MURRAY,21
1223,NABIL,21
1223,NIHAL,21
1223,NIKOLAI,21
1223,OZZY,21
1223,PHARRELL,21
1223,PIERRE,21
1223,RYKER,21
1223,RYLIE,21
1223,SALEH,21
1223,SHAURYA,21
1223,TAJUS,21
1223,THIERRY,21
1223,TOBIASZ,21
1223,VIRAJ,21
1223,YOSEF,21
1223,YOUSAF,21
1223,YUSHA,21
1223,ZAHIR,21
1281,AABAN,20
1281,ABDULMALIK,20
1281,ARIEL,20
1281,BARNABAS,20
1281,BENCE,20
1281,BRENDON,20
1281,CONAN,20
1281,DALEY,20
1281,DARSH,20
1281,DAWOOD,20
1281,DHILAN,20
1281,ELVIS,20
1281,ESHAAN,20
1281,HAYYAN,20
1281,HUSNAIN,20
1281,IZAAN,20
1281,JAMESON,20
1281,JAMIL,20
1281,JAXX,20
1281,JAYCOB,20
1281,JEDIDIAH,20
1281,JERMAINE,20
1281,JOKUBAS,20
1281,JOSEF,20
1281,KOFI,20
1281,LOWEN,20
1281,MICAIAH,20
1281,MIKEL,20
1281,NAEEM,20
1281,NIAM,20
1281,NILE,20
1281,ORAN,20
1281,RAHIM,20
1281,RAHUL,20
1281,RAJAN,20
1281,RICCARDO,20
1281,RUAN,20
1281,RUBIN,20
1281,SPIKE,20
1281,TEEJAY,20
1281,TERENCE,20
1281,TJ,20
1281,TYE,20
1281,WALEED,20
1281,ZI,20
1281,ZIYAD,20
1327,AAYUSH,19
1327,ABDURAHMAN,19
1327,AUGUSTAS,19
1327,BEAR,19
1327,BOWEN,19
1327,CAMDEN,19
1327,CARWYN,19
1327,CINAR,19
1327,DAINTON,19
1327,DALE,19
1327,DAYTON,19
1327,DOMAS,19
1327,DONNIE,19
1327,FINLEE,19
1327,FINNIAN,19
1327,FORREST,19
1327,HARVEY-LEE,19
1327,INDY,19
1327,IOLO,19
1327,JERRY,19
1327,JOHN-PAUL,19
1327,KAEDEN,19
1327,KAMERON,19
1327,KAYLEM,19
1327,KEAGAN,19
1327,KEENAN,19
1327,KENDRICK,19
1327,KODIE,19
1327,KOEN,19
1327,KORNEL,19
1327,LIONEL,19
1327,MACK,19
1327,MAURICE,19
1327,MOHSIN,19
1327,NYLE,19
1327,PRANAV,19
1327,RAVI,19
1327,SHIVAM,19
1327,SIDDHARTH,19
1327,TY,19
1327,VINCENZO,19
1327,VLAD,19
1327,ZACHARIA,19
1370,ABDULAZIZ,18
1370,AMEEN,18
1370,AREN,18
1370,ARMANI,18
1370,AVROHOM,18
1370,BABY,18
1370,BAY,18
1370,BERAT,18
1370,BODIE,18
1370,CHAYSE,18
1370,CLEMENT,18
1370,CODIE,18
1370,CORBAN,18
1370,ENES,18
1370,EPHRAIM,18
1370,FARHAAN,18
1370,GUTO,18
1370,HARLOW,18
1370,HARVEER,18
1370,HENRYK,18
1370,IGNACY,18
1370,JADON,18
1370,JIMI,18
1370,KAIYAN,18
1370,KALEL,18
1370,KAMAL,18
1370,KAYSAN,18
1370,KIAAN,18
1370,KIRAN,18
1370,KOREY,18
1370,KRISHAN,18
1370,KRISHNA,18
1370,KSAWERY,18
1370,LARRY,18
1370,LEV,18
1370,LUC,18
1370,MANRAJ,18
1370,MELVIN,18
1370,MIKE,18
1370,PAOLO,18
1370,RAMI,18
1370,RUI,18
1370,SAIM,18
1370,SALIM,18
1370,TAIO,18
1370,THEON,18
1370,TODD,18
1370,VANSH,18
1370,VLADIMIR,18
1370,YAZAN,18
1370,ZAEEM,18
1421,ABAAN,17
1421,ADOMAS,17
1421,AREEB,17
1421,AYDAN,17
1421,AZARIAH,17
1421,AZIZ,17
1421,BENYAMIN,17
1421,BRAX,17
1421,CAMPBELL,17
1421,CLARKE,17
1421,CRISTIANO,17
1421,DAN,17
1421,DAVI,17
1421,DEIVIDAS,17
1421,DOMINIKS,17
1421,ELNATHAN,17
1421,EYAD,17
1421,FAHEEM,17
1421,FAISAL,17
1421,FAIZAAN,17
1421,FEDERICO,17
1421,FRANKIE-LEE,17
1421,FREDRIK,17
1421,GEOFFREY,17
1421,GURVEER,17
1421,HAO,17
1421,HARVIE,17
1421,HEZEKIAH,17
1421,IOANNIS,17
1421,JASKARAN,17
1421,JASRAJ,17
1421,JAWAD,17
1421,JAYLAN,17
1421,JIBRIL,17
1421,JOSHUA-JAMES,17
1421,JOZEF,17
1421,KAJETAN,17
1421,KEANU,17
1421,LARS,17
1421,LUKASZ,17
1421,MAHAMED,17
1421,MAHMOUD,17
1421,MANVEER,17
1421,MARKUSS,17
1421,MARLOW,17
1421,MATTIA,17
1421,MONTAGUE,17
1421,MORRIS,17
1421,MUJTABA,17
1421,NICK,17
1421,OSKARAS,17
1421,PAVEL,17
1421,RISHAAN,17
1421,RIYAN,17
1421,ROAN,17
1421,RUARI,17
1421,SAID,17
1421,SHAYNE,17
1421,SHILOH,17
1421,SUDAIS,17
1421,SULEMAN,17
1421,TAMIM,17
1421,TIAN,17
1421,TYRION,17
1421,WOODROW,17
1486,AADI,16
1486,AAMIR,16
1486,ALED,16
1486,ALFIE-JOE,16
1486,ANEURIN,16
1486,ANGEL,16
1486,ANISH,16
1486,ANWAR,16
1486,ARMANDO,16
1486,AUGUSTUS,16
1486,AXL,16
1486,BARCLAY,16
1486,BLAISE,16
1486,BLU,16
1486,BOAZ,16
1486,COBEY,16
1486,CONSTANTINE,16
1486,CORIN,16
1486,COSMO,16
1486,DANIAL,16
1486,DIOGO,16
1486,EOGHAN,16
1486,ERICK,16
1486,ERIKAS,16
1486,FENTON,16
1486,FINBAR,16
1486,HAMAD,16
1486,HARTLEY,16
1486,HUZAIFAH,16
1486,IANIS,16
1486,IGNAS,16
1486,IRFAN,16
1486,JIBREEL,16
1486,KAIDAN,16
1486,KAMARI,16
1486,KARAN,16
1486,KASEY,16
1486,KAVIN,16
1486,KHALEEL,16
1486,KHALIFA,16
1486,LEWI,16
1486,LLEWELYN,16
1486,LUCAS-JAMES,16
1486,MARIUS,16
1486,MARLOWE,16
1486,MARTINS,16
1486,MARWAN,16
1486,MASSIMO,16
1486,MAXX,16
1486,MIROSLAV,16
1486,MOISE,16
1486,MOOSA,16
1486,MURPHY,16
1486,NIKOLAOS,16
1486,OM,16
1486,RADLEY,16
1486,RAHEEL,16
1486,REEF,16
1486,REIS,16
1486,RENE,16
1486,RONIN,16
1486,RYLEIGH,16
1486,SACHA,16
1486,SAEED,16
1486,SAIFULLAH,16
1486,SAMARTH,16
1486,SAWYER,16
1486,SAXON,16
1486,SHALOM,16
1486,SHREY,16
1486,STAN,16
1486,THOMAS-JAMES,16
1486,YI,16
1486,ZIDANE,16
1560,ADAN,15
1560,AHSAN,15
1560,ANDERSON,15
1560,ARCHIE-JAMES,15
1560,ARIS,15
1560,ARLIE,15
1560,ASHAR,15
1560,BILL,15
1560,BO,15
1560,BRYSON,15
1560,CAOLAN,15
1560,CASSIAN,15
1560,CONNAH,15
1560,DANIIL,15
1560,DAUD,15
1560,DHYAN,15
1560,DIVINE,15
1560,EFE,15
1560,ENIS,15
1560,EUGENE,15
1560,FATEH,15
1560,FERNANDO,15
1560,FRANKLYN,15
1560,FRAZIER,15
1560,GEORGIOS,15
1560,GERRARD,15
1560,GIANLUCA,15
1560,HAIDAR,15
1560,HAKEEM,15
1560,HAYDON,15
1560,HISHAM,15
1560,JAEDEN,15
1560,JAIDAN,15
1560,JAIME,15
1560,JAYDEN-JAMES,15
1560,JULIEN,15
1560,KAIRON,15
1560,KAISER,15
1560,KAISON,15
1560,KALVIN,15
1560,KEIRAN,15
1560,KESHAV,15
1560,KEVINAS,15
1560,KHALED,15
1560,KYDEN,15
1560,LLEWYN,15
1560,LLEYTON,15
1560,LUCIUS,15
1560,MAC,15
1560,MOHID,15
1560,NIKOLA,15
1560,RAIDEN,15
1560,RARES,15
1560,REES,15
1560,ROBERTO,15
1560,SASHA,15
1560,SEHAJ,15
1560,SHMUEL,15
1560,TALIESIN,15
1560,TANNER,15
1560,TRENT,15
1560,TYREECE,15
1560,VINCE,15
1560,WILLEM,15
1560,YASSIN,15
1560,YOEL,15
1560,YOUNES,15
1560,YU,15
1560,ZAHID,15
1560,ZAIDEN,15
1630,ABYAN,14
1630,ADEEL,14
1630,AHAD,14
1630,AILBE,14
1630,AKSHAY,14
1630,ALFIE-JACK,14
1630,ALFIE-JOHN,14
1630,ALYAN,14
1630,AMAAR,14
1630,ARMIN,14
1630,ARSALAN,14
1630,AUDEN,14
1630,AUSTYN,14
1630,AYMEN,14
1630,AYOMIDE,14
1630,BARTLOMIEJ,14
1630,BOBBY-LEE,14
1630,BRYCE,14
1630,CEZARY,14
1630,DAKSH,14
1630,DANIELS,14
1630,DEVLIN,14
1630,EAMON,14
1630,EBENEZER,14
1630,EDOARDO,14
1630,EHSAAN,14
1630,ELIEZER,14
1630,ELIO,14
1630,FAREED,14
1630,FLORIAN,14
1630,GRUFFUDD,14
1630,GWION,14
1630,HAMID,14
1630,HARVEY-JAY,14
1630,ILAN,14
1630,ILIAS,14
1630,IZAIAH,14
1630,JACOB-JAMES,14
1630,JAD,14
1630,JAY-JAY,14
1630,JAYLON,14
1630,JIM,14
1630,JOBY,14
1630,JOHN-JAMES,14
1630,JOHNATHAN,14
1630,KAAN,14
1630,KALEN,14
1630,KERIM,14
1630,KRISTOPHER,14
1630,KYREN,14
1630,LEO-JAMES,14
1630,LEWYS,14
1630,MAJUS,14
1630,MARCOS,14
1630,MARKO,14
1630,MARTIM,14
1630,MASON-JAMES,14
1630,MIKA,14
1630,NABEEL,14
1630,NARAYAN,14
1630,NAYAN,14
1630,NORBERT,14
1630,NUH,14
1630,OLIVERS,14
1630,OLUWADEMILADE,14
1630,PERCIVAL,14
1630,QAIS,14
1630,QUINCY,14
1630,REISS,14
1630,RIAAN,14
1630,RUARIDH,14
1630,RUZGAR,14
1630,SABIR,14
1630,SHAI,14
1630,SHAYE,14
1630,SHAYLAN,14
1630,SHIMON,14
1630,STEVE,14
1630,TADHG,14
1630,TAYO,14
1630,TIBERIUS,14
1630,TIGER,14
1630,TIM,14
1630,UMUT,14
1630,UTHMAAN,14
1630,VARUN,14
1630,VAUGHN,14
1630,YAKOV,14
1630,YAQOOB,14
1630,YUSEF,14
1630,ZIAD,14
1721,AADITYA,13
1721,ABDUL-RAHMAN,13
1721,ADRIANO,13
1721,ADRIANS,13
1721,ADRIEL,13
1721,AKEEM,13
1721,ALDEN,13
1721,AMRIT,13
1721,ANAND,13
1721,ANDREY,13
1721,ANGAD,13
1721,ARAM,13
1721,ARIF,13
1721,ARNAS,13
1721,ARSH,13
1721,ARTIN,13
1721,ARTURO,13
1721,ASH,13
1721,AZAD,13
1721,AZEEM,13
1721,BARAN,13
1721,BAYLEE,13
1721,BEAUDEN,13
1721,BECK,13
1721,BOBBI,13
1721,BRADEN,13
1721,CASH,13
1721,CEEJAY,13
1721,CHAISE,13
1721,CHRISTOS,13
1721,COBEN,13
1721,COLT,13
1721,DANISH,13
1721,DESMOND,13
1721,DEVEN,13
1721,DIMITRI,13
1721,EMLYN,13
1721,ENRIQUE,13
1721,ETHEN,13
1721,EZEL,13
1721,FELIPE,13
1721,FREDERIK,13
1721,GABRIELE,13
1721,GIACOMO,13
1721,GUSTAS,13
1721,GWILYM,13
1721,HABIB,13
1721,HAL,13
1721,HAMMAD,13
1721,HANZALAH,13
1721,HARLEN,13
1721,HENRY-JAMES,13
1721,HORATIO,13
1721,INDIGO,13
1721,JOTHAM,13
1721,KEIR,13
1721,KENLEY,13
1721,KHIZAR,13
1721,LEVENTE,13
1721,LEX,13
1721,LINDEN,13
1721,LOGAN-LEE,13
1721,LUAN,13
1721,LUDOVIC,13
1721,MAHAD,13
1721,MIRAN,13
1721,NALI,13
1721,OLI,13
1721,OLUWADARASIMI,13
1721,OLUWATOBI,13
1721,RAIYAN,13
1721,RAMSEY,13
1721,RENZO,13
1721,RIAZ,13
1721,RIYAD,13
1721,ROGER,13
1721,ROSSI,13
1721,SAHIR,13
1721,SALAH,13
1721,SENAN,13
1721,SHAYDEN,13
1721,SKYLER,13
1721,SOHAIB,13
1721,STIRLING,13
1721,SUFIAN,13
1721,THOR,13
1721,TOBEY,13
1721,TOBIE,13
1721,TOBIN,13
1721,TRISTEN,13
1721,TZVI,13
1721,VALENTINE,13
1721,VED,13
1721,VIGGO,13
1721,YOUCEF,13
1721,ZAKAI,13
1721,ZEBEDEE,13
1721,ZUHAYR,13
1819,ACER,12
1819,ADEL,12
1819,AKASH,12
1819,AKIVA,12
1819,AL,12
1819,ALBAN,12
1819,ALBION,12
1819,ALONSO,12
1819,AMADOU,12
1819,ANIS,12
1819,ARCHIE-LEE,12
1819,ARHAAN,12
1819,ARTIE,12
1819,ARTURS,12
1819,AVRAM,12
1819,AWAIS,12
1819,BASTIAN,12
1819,BECKETT,12
1819,BOE,12
1819,BRETT,12
1819,BROCK,12
1819,BRONSON,12
1819,BURHANUDDIN,12
1819,CAL,12
1819,CAVAN,12
1819,CHARLIE-RAY,12
1819,CHAYCE,12
1819,CODI,12
1819,CYPRIAN,12
1819,DALLAS,12
1819,DAX,12
1819,DAYYAN,12
1819,DEMIR,12
1819,DIMITAR,12
1819,DIYAN,12
1819,DOVID,12
1819,EDDISON,12
1819,ELISEI,12
1819,EVANDER,12
1819,FILIPE,12
1819,FRAIZER,12
1819,FRANEK,12
1819,GETHYN,12
1819,GILES,12
1819,GRAHAM,12
1819,HANS,12
1819,HARLEM,12
1819,HARVEY-JAMES,12
1819,IHSAAN,12
1819,IMAAN,12
1819,IONUT,12
1819,IZIAH,12
1819,IZYAN,12
1819,JABIR,12
1819,JACK-JAMES,12
1819,JAIVEER,12
1819,JOAQUIN,12
1819,JOHANNES,12
1819,JORDI,12
1819,JORIS,12
1819,JOSEFF,12
1819,KAIDEN-LEE,12
1819,KAIDON,12
1819,KAIF,12
1819,KALOYAN,12
1819,KARANVEER,12
1819,KAVISH,12
1819,KAYDAN,12
1819,KIYAAN,12
1819,KLAYTON,12
1819,KOBEY,12
1819,KONSTANTINOS,12
1819,KORY,12
1819,KUZEY,12
1819,KYMANI,12
1819,KYRO,12
1819,KYSON,12
1819,LAYTH,12
1819,LEELAN,12
1819,LEMUEL,12
1819,LUQMAAN,12
1819,MAJID,12
1819,MANAV,12
1819,MARTYNAS,12
1819,MARVELLOUS,12
1819,MASON-LEE,12
1819,MATHIS,12
1819,MATT,12
1819,MEMPHIS,12
1819,MICKY,12
1819,NOAH-JAMES,12
1819,OCEAN,12
1819,OZZIE,12
1819,PARTH,12
1819,PRAISE,12
1819,QUINTON,12
1819,RAFAY,12
1819,RANVIR,12
1819,RASHID,12
1819,ROGAN,12
1819,RONI,12
1819,RYLAN,12
1819,SAFWAAN,12
1819,SALVADOR,12
1819,SERGIO,12
1819,STORM,12
1819,TAWHID,12
1819,TEDDY-JAMES,12
1819,UWAIS,12
1819,VICENTE,12
1819,VITO,12
1819,WILLIS,12
1819,YASSER,12
1819,YOUNIS,12
1819,ZACHARIAS,12
1819,ZEPHYR,12
1935,ABE,11
1935,ADAMAS,11
1935,AERON,11
1935,AGASTYA,11
1935,AHNAF,11
1935,AKAAL,11
1935,ALEXZANDER,11
1935,ALIYAN,11
1935,ALYAAN,11
1935,ANTOINE,11
1935,ARAV,11
1935,ARIZ,11
1935,ARMAND,11
1935,ART,11
1935,ASIM,11
1935,AVEER,11
1935,AYHAM,11
1935,AZAN,11
1935,AZLAAN,11
1935,BERNARDO,11
1935,BILLY-JOE,11
1935,BOBI,11
1935,BOSTON,11
1935,BRAIDEN,11
1935,BRINLEY,11
1935,BRODEY,11
1935,CAEL,11
1935,CAILAN,11
1935,CAIRON,11
1935,CAMRON,11
1935,CHARLIE-JAY,11
1935,COBI,11
1935,CONSTANTIN,11
1935,DANI,11
1935,DOLTON,11
1935,DOMINICK,11
1935,DONTE,11
1935,EASA,11
1935,EBAN,11
1935,EDAN,11
1935,EDWYN,11
1935,ELIJUS,11
1935,ENSAR,11
1935,ERROL,11
1935,EVERETT,11
1935,FREDDIE-JAMES,11
1935,GIULIO,11
1935,GODWIN,11
1935,HAMAAD,11
1935,HARLIE,11
1935,HARRY-JAMES,11
1935,HENRIQUE,11
1935,HIMMAT,11
1935,HOWARD,11
1935,HOWIE,11
1935,HUDHAYFAH,11
1935,HUSAYN,11
1935,HUSEYIN,11
1935,ILYAAS,11
1935,IMAAD,11
1935,IRA,11
1935,ISAAK,11
1935,ISHMAEL,11
1935,JAMIE-LEE,11
1935,JAXEN,11
1935,JOSHAN,11
1935,KAIUS,11
1935,KAL,11
1935,KARTAR,11
1935,KAYDEN-LEE,11
1935,KEIAN,11
1935,KEITH,11
1935,KIAN-LEE,11
1935,KOHEN,11
1935,KOLBY,11
1935,KRISTUPAS,11
1935,KWAKU,11
1935,KWAME,11
1935,KYLEN,11
1935,KYRELL,11
1935,LAYLAND,11
1935,LEANDER,11
1935,LEEROY,11
1935,LEIF,11
1935,LOIC,11
1935,MAHER,11
1935,MAHMOOD,11
1935,MALCOLM,11
1935,MALEEK,11
1935,MARCELL,11
1935,MARLON,11
1935,MARTY,11
1935,MATTIAS,11
1935,MATYAS,11
1935,MAXIMO,11
1935,MIAN,11
1935,MIHAI,11
1935,MIR,11
1935,MOSTAFA,11
1935,MUAAZ,11
1935,MUHAMMAD-YUSUF,11
1935,NASEEM,11
1935,NEIDAS,11
1935,NIHAAL,11
1935,NOOR,11
1935,OSSIAN,11
1935,OZAN,11
1935,PIETRO,11
1935,RAEF,11
1935,RAIF,11
1935,RAM,11
1935,RAMAN,11
1935,REED,11
1935,REN,11
1935,REO,11
1935,RIZWAN,11
1935,RONALDO,11
1935,ROWEN,11
1935,RUHAN,11
1935,SAIFAN,11
1935,SAMUAL,11
1935,SHLOIME,11
1935,SHLOMO,11
1935,SHYAM,11
1935,SONNI,11
1935,SULEYMAN,11
1935,TAHIR,11
1935,TANAY,11
1935,TANVEER,11
1935,TARUN,11
1935,TEJAS,11
1935,THADDEUS,11
1935,TOBY-JAMES,11
1935,TOMMI,11
1935,TOMMY-JAY,11
1935,TYLOR,11
1935,TYRON,11
1935,VALENTIN,11
1935,VIRAAJ,11
1935,WASEEM,11
1935,YACINE,11
1935,YOHAN,11
1935,ZHI,11
1935,ZINEDINE,11
2079,AARIB,10
2079,AARIYAN,10
2079,ABDALLA,10
2079,ABDUL-HADI,10
2079,ABDULAHI,10
2079,ABDULHADI,10
2079,ABID,10
2079,ADRIEN,10
2079,AINSLEY,10
2079,AIRONAS,10
2079,AKBAR,10
2079,AKSEL,10
2079,ALIEU,10
2079,ALLEN,10
2079,ALPHA,10
2079,ANOOP,10
2079,APOLLO,10
2079,AQEEL,10
2079,AQIB,10
2079,ARISH,10
2079,ARLEN,10
2079,ATIF,10
2079,AZIAH,10
2079,BAILEY-JAMES,10
2079,BALRAJ,10
2079,BARRY,10
2079,BERKIN,10
2079,BOBBY-JOE,10
2079,BODE,10
2079,BOGDAN,10
2079,BRAM,10
2079,BRENNAN,10
2079,BRYNLEY,10
2079,BURHAN,10
2079,CAEDEN,10
2079,CALAN,10
2079,CAVALLI,10
2079,CEDRIC,10
2079,CJ,10
2079,CONALL,10
2079,CORBYN,10
2079,DANYAAL,10
2079,DAVIS,10
2079,DAWOUD,10
2079,DEVANSH,10
2079,DINO,10
2079,DIYAR,10
2079,DOMANTAS,10
2079,DOVYDAS,10
2079,EBRAHIM,10
2079,EDIZ,10
2079,ELIAN,10
2079,EMIN,10
2079,EMMET,10
2079,EYMEN,10
2079,EZRAH,10
2079,FAIZ,10
2079,FERDINAND,10
2079,FINNEGAN,10
2079,FREDDIE-LEE,10
2079,GIAN,10
2079,GORDON,10
2079,GRAY,10
2079,GRUFF,10
2079,GRZEGORZ,10
2079,GULLIVER,10
2079,GUSTAV,10
2079,GUSTAVO,10
2079,HAKIM,10
2079,ILYA,10
2079,JACOBY,10
2079,JAIRAJ,10
2079,JAMAAL,10
2079,JAMEEL,10
2079,JAYKE,10
2079,JEAN,10
2079,JJ,10
2079,JOACHIM,10
2079,JUDD,10
2079,KALEEM,10
2079,KAVI,10
2079,KAYLEB,10
2079,KEALAN,10
2079,KENNEDY,10
2079,KHUSH,10
2079,KRISHIV,10
2079,KRISTIANS,10
2079,LAMAR,10
2079,LEONEL,10
2079,LLYWELYN,10
2079,LOGAN-JAY,10
2079,LUCAN,10
2079,LUIGI,10
2079,MABON,10
2079,MACAULAY,10
2079,MACE,10
2079,MAMADOU,10
2079,MANNY,10
2079,MARKAS,10
2079,MATEUS,10
2079,MATHEUS,10
2079,MATIN,10
2079,MATTY,10
2079,MCKINLEY,10
2079,MEKHI,10
2079,MIKA'IL,10
2079,MILTON,10
2079,MIRAC,10
2079,MORDECHAI,10
2079,MUADH,10
2079,MUAWIYAH,10
2079,MUHAMMAD-IBRAHIM,10
2079,NICKOLAS,10
2079,NIGEL,10
2079,NOMAN,10
2079,NYE,10
2079,OBI,10
2079,OLUWATIMILEHIN,10
2079,OSCAR-JAMES,10
2079,OUSMAN,10
2079,PAVAN,10
2079,PEYTON,10
2079,PIERCE,10
2079,RAGHAV,10
2079,RAJ,10
2079,RAMIN,10
2079,RAYYAAN,10
2079,RAZA,10
2079,REYAN,10
2079,REZA,10
2079,RICCO,10
2079,RITCHIE,10
2079,ROBSON,10
2079,ROUX,10
2079,SALAHUDEEN,10
2079,SALVATORE,10
2079,SAMAD,10
2079,SAMY,10
2079,SELIM,10
2079,SEVE,10
2079,SHAHZAIB,10
2079,SHELDON,10
2079,SHIA,10
2079,SHUAIB,10
2079,SIRAJ,10
2079,SOHAN,10
2079,SUHAYB,10
2079,SURAJ,10
2079,TAYLER,10
2079,TEMIDAYO,10
2079,TERRELL,10
2079,THEO-JAMES,10
2079,THORIN,10
2079,TIERNAN,10
2079,TIMOTEI,10
2079,UBAYD,10
2079,URIAH,10
2079,VAUGHAN,10
2079,VEDANT,10
2079,VISHNU,10
2079,WARIS,10
2079,WILFRID,10
2079,WILLOUGHBY,10
2079,YISROEL,10
2079,YONATAN,10
2079,YOSSI,10
2079,YUNIS,10
2079,YUVRAAJ,10
2079,ZUBAYR,10
2248,AARIN,9
2248,ABD,9
2248,ABDOULIE,9
2248,ADAS,9
2248,ADONAI,9
2248,AHARON,9
2248,AIMAN,9
2248,AKIF,9
2248,ALEKSANDAR,9
2248,ALFI,9
2248,AMEN,9
2248,ANDRES,9
2248,ANES,9
2248,ANIRUDH,9
2248,ARES,9
2248,ARIJUS,9
2248,ARION,9
2248,ARSHAN,9
2248,ARTEM,9
2248,ATLAS,9
2248,ATTILA,9
2248,AVINASH,9
2248,BARTEK,9
2248,BAYLEY,9
2248,BERKAY,9
2248,BINYAMIN,9
2248,BINYOMIN,9
2248,BLAIZE,9
2248,BLEDDYN,9
2248,BLEU,9
2248,BOLUWATIFE,9
2248,BRAY,9
2248,BRAYAN,9
2248,CAINE,9
2248,CASON,9
2248,CHANNING,9
2248,CHIDUBEM,9
2248,CODY-LEE,9
2248,DANE,9
2248,DARIAN,9
2248,DASHIELL,9
2248,DEMPSEY,9
2248,DENAS,9
2248,DESTINY,9
2248,DEVONTE,9
2248,DHIAN,9
2248,DILANAS,9
2248,DJANGO,9
2248,DON,9
2248,DONTAE,9
2248,DUDLEY,9
2248,EARL,9
2248,EASON,9
2248,EISSA,9
2248,ELIA,9
2248,ELIMELECH,9
2248,ELLERY,9
2248,ENNIS,9
2248,ERNESTO,9
2248,FARES,9
2248,FARLEY,9
2248,FAVOUR,9
2248,FLORIN,9
2248,FRASIER,9
2248,GABE,9
2248,GAURAV,9
2248,GERALD,9
2248,GRACJAN,9
2248,GREGOR,9
2248,GUILHERME,9
2248,GUNEY,9
2248,GURNOOR,9
2248,HAADI,9
2248,HAROUN,9
2248,HARVIN,9
2248,HASSAAN,9
2248,HEKTOR,9
2248,IKECHUKWU,9
2248,IMAN,9
2248,IONATAN,9
2248,ISMA'IL,9
2248,JAFAR,9
2248,JAHEIM,9
2248,JAHZIAH,9
2248,JARROD,9
2248,JESSE-JAMES,9
2248,JESSIE,9
2248,JOEY-JAMES,9
2248,JOHN-JUNIOR,9
2248,JONATHON,9
2248,JONJO,9
2248,JUNAYD,9
2248,JUSTICE,9
2248,KADIR,9
2248,KAILAN,9
2248,KALE,9
2248,KAYDEN-JAMES,9
2248,KEILAN,9
2248,KELLEN,9
2248,KIEREN,9
2248,KIRILL,9
2248,KNOX,9
2248,KOAH,9
2248,KODEY,9
2248,LAKE,9
2248,LAKSH,9
2248,LATHAN,9
2248,LEART,9
2248,LEWIN,9
2248,LLYR,9
2248,LOCHLANN,9
2248,LUCIO,9
2248,LUDO,9
2248,MARCELLO,9
2248,MARCELO,9
2248,MARTYN,9
2248,MATE,9
2248,MAXIMILIANO,9
2248,MAXYMILIAN,9
2248,MAYAN,9
2248,MAZIN,9
2248,MEIR,9
2248,MENACHEM,9
2248,MESHACH,9
2248,MIHRAN,9
2248,MILLAN,9
2248,MILLEN,9
2248,MINH,9
2248,MOIZ,9
2248,MUHAMMAD-ALI,9
2248,MUHSIN,9
2248,MUSTAPHA,9
2248,NAKSH,9
2248,NAVRAJ,9
2248,NICOLAE,9
2248,NILS,9
2248,NIXON,9
2248,NOAM,9
2248,OAK,9
2248,OLIWER,9
2248,OLUWADAMILOLA,9
2248,OLUWASEMILORE,9
2248,OLUWATOBILOBA,9
2248,ONUR,9
2248,ORESTAS,9
2248,ORIN,9
2248,OTHNIEL,9
2248,PARAMVEER,9
2248,PIERS,9
2248,PTOLEMY,9
2248,QUINLAN,9
2248,RAFAL,9
2248,RAHAND,9
2248,RAHIL,9
2248,RAHMAN,9
2248,RALF,9
2248,REUBAN,9
2248,RILEY-LEE,9
2248,RIYADH,9
2248,ROBERTS,9
2248,ROJUS,9
2248,ROMAAN,9
2248,ROMARIO,9
2248,ROYCE,9
2248,RUDIE,9
2248,SALIH,9
2248,SAMUIL,9
2248,SARTAJ,9
2248,SENNEN,9
2248,SEYED,9
2248,SHAKAI,9
2248,SHAKEEL,9
2248,SOHRAB,9
2248,STEFANO,9
2248,STRUAN,9
2248,SUHAAN,9
2248,SUHAIB,9
2248,TADEUSZ,9
2248,TAIT,9
2248,TALHAH,9
2248,TAYE,9
2248,TAYLEN,9
2248,TAYYAB,9
2248,TEJ,9
2248,TERRENCE,9
2248,THEODOROS,9
2248,TIMMY,9
2248,TRAE,9
2248,TWM,9
2248,TYLER-JOHN,9
2248,TYRELLE,9
2248,USMAAN,9
2248,VINAY,9
2248,VIRAT,9
2248,VIREN,9
2248,VLADISLAV,9
2248,WALID,9
2248,WARWICK,9
2248,WOLF,9
2248,WOLFGANG,9
2248,YAKUB,9
2248,YAMEEN,9
2248,YAMIN,9
2248,YOAN,9
2248,YUG,9
2248,ZAIDAN,9
2248,ZALAN,9
2248,ZAVIYAR,9
2248,ZAYED,9
2248,ZOLTAN,9
2248,ZORAWAR,9
2459,AARNAV,8
2459,ABDELRAHMAN,8
2459,ABDUL-AHAD,8
2459,ABDURRAHMAAN,8
2459,ABHAY,8
2459,ABHINAV,8
2459,ABIR,8
2459,ADHRIT,8
2459,ADLEY,8
2459,ADYAAN,8
2459,AFONSO,8
2459,AKHIL,8
2459,AKOREDE,8
2459,ALAND,8
2459,ALARIC,8
2459,ALEEM,8
2459,ALFIE-GEORGE,8
2459,ALFIE-JAI,8
2459,ALIJAH,8
2459,ALMAN,8
2459,ALONZO,8
2459,ALVARO,8
2459,AMANI,8
2459,AMBROSE,8
2459,ANDRAS,8
2459,ANDREJ,8
2459,ARAFAT,8
2459,ARCHY,8
2459,ARDEN,8
2459,ARO,8
2459,ARTJOM,8
2459,ATHARV,8
2459,AUGUSTIN,8
2459,AVIRAJ,8
2459,AYAAZ,8
2459,BENIAMIN,8
2459,BENICIO,8
2459,BILLY-RAY,8
2459,BJORN,8
2459,BLESSING,8
2459,BODEN,8
2459,BRAD,8
2459,BRAEDEN,8
2459,BRAJAN,8
2459,CELT,8
2459,CHUKWUEMEKA,8
2459,CLAUDE,8
2459,CORDELL,8
2459,COREY-LEE,8
2459,CULLEN,8
2459,CYNAN,8
2459,DAKOTA,8
2459,DAMION,8
2459,DAMIR,8
2459,DARSHAN,8
2459,DARYL,8
2459,DAVEY,8
2459,DAVIDE,8
2459,DEIAN,8
2459,DIMITRIOS,8
2459,DMITRY,8
2459,DONALD,8
2459,DYLAN-JAMES,8
2459,EAMONN,8
2459,EDDY,8
2459,EESAH,8
2459,ELAN,8
2459,ELIGH,8
2459,EMILS,8
2459,ENRICO,8
2459,ERAY,8
2459,EVREN,8
2459,FAHIM,8
2459,FARAN,8
2459,FARREN,8
2459,FAWAZ,8
2459,FREDDI,8
2459,GIUSEPPE,8
2459,GLEB,8
2459,GURKIRAT,8
2459,GURMAN,8
2459,GUSTAVS,8
2459,HALIL,8
2459,HAMILTON,8
2459,HANI,8
2459,HANNAN,8
2459,HARLEY-RAY,8
2459,HARRIE,8
2459,HARVIR,8
2459,HAYTHAM,8
2459,HAZIQ,8
2459,HESTON,8
2459,HUMAYL,8
2459,IAGO,8
2459,INDIE,8
2459,IOSUA,8
2459,IS'HAAQ,8
2459,ISAAQ,8
2459,IYAD,8
2459,IZAK,8
2459,JEM,8
2459,JENSON-LEE,8
2459,JEREMI,8
2459,JESPER,8
2459,JIBRAN,8
2459,JIN,8
2459,JOAH,8
2459,JOHNSON,8
2459,JOSS,8
2459,JOVI,8
2459,JUJHAR,8
2459,KAELEN,8
2459,KAIS,8
2459,KAMEEL,8
2459,KASHIF,8
2459,KASPAR,8
2459,KASPIAN,8
2459,KAYAAN,8
2459,KAZI,8
2459,KEIRON,8
2459,KIAN-JAMES,8
2459,KORBAN,8
2459,KORI,8
2459,LAWAND,8
2459,LEELAND,8
2459,LEIGH,8
2459,LENNI,8
2459,LEYLAN,8
2459,LIBAN,8
2459,LYSANDER,8
2459,MAHAMMED,8
2459,MAKS,8
2459,MALAKYE,8
2459,MANI,8
2459,MARCELLUS,8
2459,MARCIN,8
2459,MARLO,8
2459,MAXI,8
2459,MERLIN,8
2459,MILAD,8
2459,MIRAJ,8
2459,MOUSA,8
2459,MUBARAK,8
2459,MUBASHIR,8
2459,MUHAMAD,8
2459,MUHAMED,8
2459,MUJAHID,8
2459,MURAD,8
2459,NAFTULI,8
2459,NASIR,8
2459,NATNAEL,8
2459,NEAL,8
2459,NEEV,8
2459,NEYMAR,8
2459,NICKY,8
2459,NIKOS,8
2459,NISHAAN,8
2459,NYALL,8
2459,OBIE,8
2459,OLE,8
2459,OLLIE-JAY,8
2459,OSAMA,8
2459,PACEY,8
2459,PASHA,8
2459,PHILIPPOS,8
2459,PINCHOS,8
2459,RADIN,8
2459,RAI,8
2459,RAJVIR,8
2459,RAKAN,8
2459,RALFS,8
2459,RAMZI,8
2459,RAZVAN,8
2459,REESE,8
2459,REEVE,8
2459,REYHAN,8
2459,RHILEY,8
2459,RHYDIAN,8
2459,RHYLEE,8
2459,RIDLEY,8
2459,RIDWAAN,8
2459,RIHAN,8
2459,ROARY,8
2459,ROHIT,8
2459,ROMAIN,8
2459,ROSCO,8
2459,RUHAAN,8
2459,RYSZARD,8
2459,SALMAAN,8
2459,SAMRAJ,8
2459,SHAD,8
2459,SHAHAN,8
2459,SHAHEEN,8
2459,SHAYDON,8
2459,SHIVANSH,8
2459,SHREYAS,8
2459,SIDDHARTHA,8
2459,SOHAIL,8
2459,SOHAM,8
2459,SOLOMAN,8
2459,SULIMAN,8
2459,TAHMID,8
2459,TAMEEM,8
2459,TAO,8
2459,TAYDEN,8
2459,TAYTE,8
2459,TAYYIB,8
2459,THARUN,8
2459,TITUS,8
2459,TJAY,8
2459,TOMMASO,8
2459,TOMMY-JAMES,8
2459,TOMS,8
2459,TRE,8
2459,TYLAN,8
2459,TYLER-LEE,8
2459,TYREESE,8
2459,TYTUS,8
2459,UMER,8
2459,VIHAN,8
2459,WALI,8
2459,WIL,8
2459,WISDOM,8
2459,WOJTEK,8
2459,XZAVIER,8
2459,YAHYAA,8
2459,YONIS,8
2459,ZE,8
2459,ZEB,8
2459,ZEN,8
2459,ZENON,8
2690,ABDEL,7
2690,ABDI,7
2690,ABDUL-KAREEM,7
2690,ABDUL-RAHEEM,7
2690,ABDULREHMAN,7
2690,ABDUR-RAHEEM,7
2690,ABHIMANYU,7
2690,ABRAM,7
2690,ADEEB,7
2690,ADI,7
2690,ADVAIT,7
2690,ADVIK,7
2690,AJAI,7
2690,AKAASH,7
2690,AKACHUKWU,7
2690,AKSHAYAN,7
2690,ALEK,7
2690,ALEKSS,7
2690,ALEKSY,7
2690,ALEXEI,7
2690,ALFFI,7
2690,ALFREDO,7
2690,ALISTER,7
2690,ALMIR,7
2690,AMINE,7
2690,ANAKIN,7
2690,ANDERS,7
2690,ANEES,7
2690,ANSON,7
2690,AODHAN,7
2690,ARCHEY,7
2690,ARSLAN,7
2690,ARTIOM,7
2690,ASEEL,7
2690,ASHDON,7
2690,ASHVIN,7
2690,ASIF,7
2690,ATHARVA,7
2690,AUGUSTINE,7
2690,AVRAJ,7
2690,AVYUKT,7
2690,AYODEJI,7
2690,AYUUB,7
2690,AZAIAH,7
2690,BADR,7
2690,BASHIR,7
2690,BASIL,7
2690,BAWAN,7
2690,BENNIE,7
2690,BENSON,7
2690,BOTOND,7
2690,BRANDON-LEE,7
2690,BRODEN,7
2690,BROOK,7
2690,CADAN,7
2690,CAELEN,7
2690,CARSEN,7
2690,CELYN,7
2690,CEM,7
2690,CHI,7
2690,CHISOM,7
2690,CHUKWUEBUKA,7
2690,CLINTON,7
2690,CONNELL,7
2690,COURTNEY,7
2690,CYRIL,7
2690,DAREN,7
2690,DEIO,7
2690,DERI,7
2690,DERIN,7
2690,DERRICK,7
2690,DEVARSH,7
2690,DHIREN,7
2690,DONNY,7
2690,DOV,7
2690,DRE,7
2690,EASTON,7
2690,EDIN,7
2690,EDMOND,7
2690,EDVARDS,7
2690,EESAA,7
2690,EHAAN,7
2690,ELIYAS,7
2690,EMRAN,7
2690,ESAH,7
2690,ETHAN-JAMES,7
2690,FARRIS,7
2690,FLINT,7
2690,FOREST,7
2690,FORTUNE,7
2690,FRANKIE-JOE,7
2690,FRANKO,7
2690,FYFE,7
2690,FYNNLEY,7
2690,GAEL,7
2690,GAGE,7
2690,GIANNI,7
2690,GLEN,7
2690,GRANT,7
2690,GURJEEVAN,7
2690,GURMUKH,7
2690,GURSAHIB,7
2690,GYAN,7
2690,HADEED,7
2690,HAITHAM,7
2690,HAKAN,7
2690,HARDY,7
2690,HARISH,7
2690,HARKIRAT,7
2690,HARLAND,7
2690,HARON,7
2690,HASSNAIN,7
2690,HAYDER,7
2690,HENOS,7
2690,HENRIK,7
2690,HERSH,7
2690,HILTON,7
2690,HISHAAM,7
2690,IACOV,7
2690,IAIN,7
2690,IANTO,7
2690,IKENNA,7
2690,JACOBI,7
2690,JAE,7
2690,JAIRUS,7
2690,JAKSON,7
2690,JASIAH,7
2690,JASIM,7
2690,JEFFERSON,7
2690,JIA,7
2690,JIMMIE,7
2690,JING,7
2690,JOAB,7
2690,JODY,7
2690,JOEY-LEE,7
2690,JOHNPAUL,7
2690,JUNIOR-JAY,7
2690,KAIAN,7
2690,KAILEB,7
2690,KAILEM,7
2690,KALLEN,7
2690,KAMARNI,7
2690,KASPARAS,7
2690,KAYODE,7
2690,KEANE,7
2690,KEGAN,7
2690,KELLIN,7
2690,KENZI,7
2690,KEVINS,7
2690,KHYAN,7
2690,KILIAN,7
2690,KILLIAN,7
2690,KISHAN,7
2690,KRISTAPS,7
2690,KRISTOF,7
2690,KWABENA,7
2690,KYLER,7
2690,KYRESE,7
2690,LAITON,7
2690,LASZLO,7
2690,LAYTON-JAMES,7
2690,LEIGHTON-JAMES,7
2690,LLEWELLYN,7
2690,LLION,7
2690,LONDON,7
2690,LORIK,7
2690,MAAZ,7
2690,MACS,7
2690,MADHAV,7
2690,MALEK,7
2690,MANJOT,7
2690,MARSHAL,7
2690,MASEN,7
2690,MATTHIEU,7
2690,MAWGAN,7
2690,MAXTON,7
2690,MIKAH,7
2690,MIKAYEEL,7
2690,MIRON,7
2690,MONROE,7
2690,MORLEY,7
2690,MOUHAMED,7
2690,MOUSSA,7
2690,MUAD,7
2690,MUBEEN,7
2690,MUIZ,7
2690,MURAT,7
2690,MUSSA,7
2690,NAEL,7
2690,NAHOM,7
2690,NASSER,7
2690,NAZIR,7
2690,NEWTON,7
2690,NICOLAI,7
2690,NIKOLAY,7
2690,NIRVAAN,7
2690,NOE,7
2690,NOUR,7
2690,OAKLEIGH,7
2690,OLAOLUWA,7
2690,OLLI,7
2690,OLUWAFERANMI,7
2690,PETR,7
2690,PETRU,7
2690,PREM,7
2690,QUADE,7
2690,RAFFAEL,7
2690,RAMONE,7
2690,REUEL,7
2690,RILEY-JOE,7
2690,RION,7
2690,ROMAINE,7
2690,RON,7
2690,RONAK,7
2690,SAAHIL,7
2690,SAHAJ,7
2690,SAIHAAN,7
2690,SAJID,7
2690,SALAAR,7
2690,SAMAY,7
2690,SAMIULLAH,7
2690,SANTOS,7
2690,SAQIB,7
2690,SAUD,7
2690,SAYAN,7
2690,SEHEJ,7
2690,SENNA,7
2690,SHAHEER,7
2690,SHAKIR,7
2690,SHAYA,7
2690,SHAZAIN,7
2690,SIMAS,7
2690,STANISLAV,7
2690,SUFIYAN,7
2690,SULAIMAAN,7
2690,SYLVESTER,7
2690,SYON,7
2690,TAMER,7
2690,TAYLON,7
2690,TAYM,7
2690,TEDDI,7
2690,TEDDY-RAY,7
2690,TEMILOLUWA,7
2690,TEMITOPE,7
2690,THEOPHILUS,7
2690,THIBAULT,7
2690,THOMAS-JAY,7
2690,TIEN,7
2690,TINASHE,7
2690,TOBIAH,7
2690,TOBY-LEE,7
2690,TOMASS,7
2690,TOMMEE,7
2690,VAKARIS,7
2690,VIVEK,7
2690,VYAN,7
2690,WOLFE,7
2690,XAVI,7
2690,YAMAN,7
2690,YASER,7
2690,YASSINE,7
2690,YITZCHOK,7
2690,YOUNUS,7
2690,YUSIF,7
2690,YUSSUF,7
2690,YUVAN,7
2690,ZACHARIYA,7
2690,ZAHEER,7
2690,ZEPHAN,7
2690,ZEV,7
2690,ZEYAD,7
2690,ZIA,7
2690,ZISHAN,7
2690,ZUHAIB,7
2964,A,6
2964,AAHAN,6
2964,AARIAN,6
2964,ABDOUL,6
2964,ABDUL-HAKEEM,6
2964,ABDUL-MALIK,6
2964,ABDULAHAD,6
2964,ABDULAZEEZ,6
2964,ABDULKADIR,6
2964,ABDULLA,6
2964,ABDULLAAH,6
2964,ABDULSALAM,6
2964,ABDURRAHEEM,6
2964,ABISHAN,6
2964,ABUZAR,6
2964,ADARSH,6
2964,ADVAY,6
2964,AHAAN,6
2964,AHRON,6
2964,AIDYN,6
2964,AJIT,6
2964,ALEKSEY,6
2964,ALEN,6
2964,ALFIE-RAY,6
2964,ALIYAAN,6
2964,ALVI,6
2964,AMARII,6
2964,ANDREA,6
2964,ANIKET,6
2964,ARCHIE-JAY,6
2964,ARCHIE-JOHN,6
2964,ARHUM,6
2964,ARJEN,6
2964,ARLIND,6
2964,ARMINAS,6
2964,ARNO,6
2964,ARRY,6
2964,ARSEN,6
2964,ARTJOMS,6
2964,ARUSH,6
2964,ARYEH,6
2964,ASHRAF,6
2964,ASLAN,6
2964,ATA,6
2964,ATES,6
2964,AVIK,6
2964,AVYAAN,6
2964,AYAD,6
2964,AZHAR,6
2964,BAKER,6
2964,BALTHAZAR,6
2964,BANE,6
2964,BARAA,6
2964,BENEDEK,6
2964,BENETT,6
2964,BENNETT,6
2964,BERNIE,6
2964,BERT,6
2964,BEVAN,6
2964,BHAVIN,6
2964,BLAKELY,6
2964,BOBBY-RAY,6
2964,BOSCO,6
2964,CAIAN,6
2964,CAIRAN,6
2964,CALIN,6
2964,CANAAN,6
2964,CARLITO,6
2964,CARTER-JAMES,6
2964,CASS,6
2964,CESAR,6
2964,CEZAR,6
2964,CHARLEE,6
2964,CHARLIE-GEORGE,6
2964,CHAYTON,6
2964,CHENG,6
2964,CLIVE,6
2964,COBAIN,6
2964,CONAL,6
2964,CONSTANTINOS,6
2964,COREY-JAMES,6
2964,CORNELIUS,6
2964,CREW,6
2964,DAANISH,6
2964,DAMARI,6
2964,DANAR,6
2964,DANIELE,6
2964,DANIELIS,6
2964,DANNY-LEE,6
2964,DAOUD,6
2964,DARNELL,6
2964,DASTAN,6
2964,DEANDRE,6
2964,DENIRO,6
2964,DERREN,6
2964,DERRY,6
2964,DEVONTAE,6
2964,DEWAN,6
2964,DIAR,6
2964,DILRAJ,6
2964,DIMITRIS,6
2964,DONAL,6
2964,DOUGAL,6
2964,DRAY,6
2964,DUARTE,6
2964,DUSAN,6
2964,EASHAN,6
2964,EBBEN,6
2964,EDVIN,6
2964,EDVINAS,6
2964,EFOSA,6
2964,EITAN,6
2964,EITHAN,6
2964,ELIEL,6
2964,EMAAD,6
2964,EMEKA,6
2964,EMIRHAN,6
2964,EMYR,6
2964,FARAZ,6
2964,FARHAD,6
2964,FENN,6
2964,FIDEL,6
2964,FINCH,6
2964,FLYN,6
2964,FOSTER,6
2964,FRAISER,6
2964,FRANKEY,6
2964,FREDDIE-JAY,6
2964,FREDDIE-RAY,6
2964,GABRIELS,6
2964,GERRY,6
2964,GERSHON,6
2964,GLENN,6
2964,GRYFF,6
2964,HAMMAAD,6
2964,HARJOT,6
2964,HARKARAN,6
2964,HARLEIGH,6
2964,HARLEY-LEE,6
2964,HARNEK,6
2964,HARSHIL,6
2964,HATIM,6
2964,HAVISH,6
2964,HRIDHAAN,6
2964,HUD,6
2964,HUMAYUN,6
2964,HUSAIN,6
2964,IKRAM,6
2964,IMAD,6
2964,IS'HAQ,6
2964,ISAAC-JAMES,6
2964,ISACC,6
2964,ISAIA,6
2964,ISAM,6
2964,ISHER,6
2964,JACK-JUNIOR,6
2964,JACKSON-JAMES,6
2964,JAGGER,6
2964,JAGRAJ,6
2964,JAIDON,6
2964,JAMARI,6
2964,JAROSLAV,6
2964,JARRAD,6
2964,JAVAN,6
2964,JAYDN,6
2964,JAYVON,6
2964,JENIL,6
2964,JENSON-JAMES,6
2964,JERIAH,6
2964,JET,6
2964,JOHANN,6
2964,JOHNNIE,6
2964,JONA,6
2964,JONATAN,6
2964,JUBRIL,6
2964,JUGRAJ,6
2964,JULIO,6
2964,JUSTINAS,6
2964,KACEY,6
2964,KADYN,6
2964,KAEL,6
2964,KAILUM,6
2964,KAINAN,6
2964,KAISAN,6
2964,KAITO,6
2964,KAIZER,6
2964,KALEM,6
2964,KAREL,6
2964,KAROLIS,6
2964,KASEN,6
2964,KAYDE,6
2964,KAYDN,6
2964,KAYSEN,6
2964,KAZEEM,6
2964,KEIGAN,6
2964,KEMAL,6
2964,KENJI,6
2964,KENT,6
2964,KHALI,6
2964,KHYRAN,6
2964,KIDUS,6
2964,KIEN,6
2964,KINAN,6
2964,KONNOR,6
2964,KORAY,6
2964,KRISTOFER,6
2964,KSAWIER,6
2964,KUMAYL,6
2964,KWADWO,6
2964,KYRIE,6
2964,LAS,6
2964,LAWIN,6
2964,LAYLEN,6
2964,LAYNE,6
2964,LAZAR,6
2964,LAZO,6
2964,LEMAR,6
2964,LEUAN,6
2964,LEVON,6
2964,LIAN,6
2964,LIOR,6
2964,LOCKE,6
2964,LONNIE,6
2964,LOXLEY,6
2964,LYRIC,6
2964,MAKENZIE,6
2964,MAKSIMS,6
2964,MALACHAI,6
2964,MALIKAI,6
2964,MANASSEH,6
2964,MANTAS,6
2964,MANU,6
2964,MANVIR,6
2964,MARIOS,6
2964,MATEEN,6
2964,MATHEO,6
2964,MAXIMILLION,6
2964,MEHAR,6
2964,MEHMED,6
2964,MEHRAN,6
2964,MELVYN,6
2964,MIHAIL,6
2964,MIHIR,6
2964,MIKHAEL,6
2964,MILLAR,6
2964,MOAYAD,6
2964,MOEEZ,6
2964,MOMIN,6
2964,MOSTYN,6
2964,MOTTY,6
2964,MUAZ,6
2964,MUDASSIR,6
2964,MUHAMMAD-MUSTAFA,6
2964,MUIZZ,6
2964,MUNEER,6
2964,NAFEES,6
2964,NAMAN,6
2964,NATHANIAL,6
2964,NAVJOT,6
2964,NAYEL,6
2964,NAZIM,6
2964,NEIKO,6
2964,NEITAS,6
2964,NEON,6
2964,NERO,6
2964,NEVAN,6
2964,NIKLAS,6
2964,NIMROD,6
2964,NIRVAIR,6
2964,NIRVAN,6
2964,NISHAN,6
2964,NIVAAN,6
2964,NORMAN,6
2964,NOUMAN,6
2964,OBALOLUWA,6
2964,OBINNA,6
2964,ODHRAN,6
2964,OLEG,6
2964,OLUWASEUN,6
2964,OMID,6
2964,ONDREJ,6
2964,OSCAR-LEE,6
2964,PANAGIOTIS,6
2964,PANAYIOTIS,6
2964,PARAM,6
2964,PARKER-JAMES,6
2964,PARSA,6
2964,PAULO,6
2964,PENIEL,6
2964,PHEONIX,6
2964,PHINEAS,6
2964,PIP,6
2964,PIRAN,6
2964,POYRAZ,6
2964,PREET,6
2964,QUSAI,6
2964,RAFFAELE,6
2964,RAMADAN,6
2964,RAMIRO,6
2964,RAMY,6
2964,RANA,6
2964,RANDY,6
2964,RANELL,6
2964,RAURI,6
2964,RAYDEN,6
2964,RAYLAN,6
2964,RAYN,6
2964,RED,6
2964,REGGIE-LEE,6
2964,REJUS,6
2964,RENO,6
2964,REYAAN,6
2964,RHETT,6
2964,RHYLEY,6
2964,RIAD,6
2964,RIVAN,6
2964,ROBBY,6
2964,ROMANO,6
2964,ROMARI,6
2964,RONAV,6
2964,ROYAL,6
2964,RUAIRIDH,6
2964,RUBAN,6
2964,RUDEY,6
2964,RYAAN,6
2964,SA'AD,6
2964,SADIQ,6
2964,SAHAND,6
2964,SAHEJ,6
2964,SAJJAD,6
2964,SAMPSON,6
2964,SAN,6
2964,SHADRACH,6
2964,SHAHID,6
2964,SHAHIR,6
2964,SHAHZAD,6
2964,SHAHZAIN,6
2964,SHIVEN,6
2964,SHOURYA,6
2964,SHREYAN,6
2964,SHUAYB,6
2964,SIMBARASHE,6
2964,SINA,6
2964,SINAN,6
2964,SIRAC,6
2964,SKY,6
2964,SOFIAN,6
2964,SOUL,6
2964,SRI,6
2964,STELIOS,6
2964,STELLAN,6
2964,STEPHAN,6
2964,STERLING,6
2964,STEWART,6
2964,SUHAIL,6
2964,SULAYMAAN,6
2964,SULLY,6
2964,TAFARI,6
2964,TAHEEM,6
2964,TAKSH,6
2964,TANAKA,6
2964,TANVIR,6
2964,TASEEN,6
2964,TEE-JAY,6
2964,TEEGAN,6
2964,TEGH,6
2964,TENZIN,6
2964,TILAK,6
2964,TITAS,6
2964,TOBECHUKWU,6
2964,TORBEN,6
2964,TYGER,6
2964,TYLER-JAI,6
2964,UGOCHUKWU,6
2964,USAYD,6
2964,UZAYR,6
2964,VEERAN,6
2964,VIVAN,6
2964,VIYAN,6
2964,WILDAN,6
2964,XIN,6
2964,YAD,6
2964,YAHYE,6
2964,YANNICK,6
2964,YASAR,6
2964,YASHVEER,6
2964,YAW,6
2964,YOAV,6
2964,YURI,6
2964,ZAAKIR,6
2964,ZACCHAEUS,6
2964,ZEIN,6
2964,ZENO,6
2964,ZIAH,6
2964,ZIAN,6
2964,ZIDAAN,6
2964,ZUHAIR,6
2964,ZVI,6
3362,AALIYAN,5
3362,AARIF,5
3362,AARIT,5
3362,AARON-JAMES,5
3362,AARYA,5
3362,AAYAAN,5
3362,AAYANSH,5
3362,ABAN,5
3362,ABDERAHMAN,5
3362,ABDIMALIK,5
3362,ABDUL-MOMIN,5
3362,ABHIJOT,5
3362,ABHIRAJ,5
3362,ABINASH,5
3362,ABRAR,5
3362,ADEDAMOLA,5
3362,ADEMIDE,5
3362,ADHVIK,5
3362,ADIN,5
3362,ADON,5
3362,ADVAITH,5
3362,AFNAN,5
3362,AHYAAN,5
3362,AJAN,5
3362,AJEET,5
3362,AJMAL,5
3362,AKAY,5
3362,AKIN,5
3362,AKSHAR,5
3362,ALAIN,5
3362,ALBIE-JAMES,5
3362,ALDO,5
3362,ALEXI,5
3362,ALIAS,5
3362,ALWYN,5
3362,ALY,5
3362,AMAD,5
3362,AMADEUSZ,5
3362,AMAURY,5
3362,AMER,5
3362,AMR,5
3362,ANDREW-JUNIOR,5
3362,ANDRZEJ,5
3362,ANEIRIN,5
3362,ANGELOS,5
3362,ANIL,5
3362,ANMOL,5
3362,ANSEL,5
3362,ANTONIN,5
3362,ANTONIS,5
3362,ARA,5
3362,ARAD,5
3362,ARAMIS,5
3362,ARBEN,5
3362,ARCHIE-RAY,5
3362,AREES,5
3362,AREEZ,5
3362,AREL,5
3362,ARFAN,5
3362,ARKAN,5
3362,ARKIN,5
3362,ARLAN,5
3362,ARNI,5
3362,ARTO,5
3362,ARTY,5
3362,ARYAMAN,5
3362,ASHAZ,5
3362,ASHVEER,5
3362,ATHAN,5
3362,ATILLA,5
3362,AUM,5
3362,AURELIO,5
3362,AVIN,5
3362,AVIRAL,5
3362,AVRAHAM,5
3362,AVYAN,5
3362,AWAB,5
3362,AWSTIN,5
3362,AZAM,5
3362,AZUOLAS,5
3362,BABOUCARR,5
3362,BAILEY-RAE,5
3362,BARTHOLOMEW,5
3362,BENDEGUZ,5
3362,BENJI,5
3362,BHAVYA,5
3362,BILAAL,5
3362,BILLYJOE,5
3362,BLAIR,5
3362,BLAYNE,5
3362,BLAZEJ,5
3362,BOB,5
3362,BOBBY-GEORGE,5
3362,BOBBY-JOHN,5
3362,BOWIE,5
3362,BRAE,5
3362,BRAEDON,5
3362,BRANDAN,5
3362,BRENDEN,5
3362,BRODIE-LEE,5
3362,BRODY-LEE,5
3362,BRYCHAN,5
3362,BUZZ,5
3362,C-JAY,5
3362,CALE,5
3362,CALEB-JAMES,5
3362,CALIX,5
3362,CAMARI,5
3362,CAN,5
3362,CARTER-LEE,5
3362,CASEN,5
3362,CASSIEL,5
3362,CATHAL,5
3362,CAYLEB,5
3362,CAYLEN,5
3362,CECIL,5
3362,CHARLY,5
3362,CHINONSO,5
3362,CHRISTOPHER-JUNIOR,5
3362,CLARENCE,5
3362,CLAUDIO,5
3362,COBAN,5
3362,COBY-JAMES,5
3362,CODY-JAY,5
3362,COLETON,5
3362,CUBA,5
3362,DAHIR,5
3362,DAMIANO,5
3362,DAMILOLA,5
3362,DANILA,5
3362,DANY,5
3362,DARRELL,5
3362,DARRYL,5
3362,DARSHIL,5
3362,DAVE,5
3362,DAVIAN,5
3362,DAVIDS,5
3362,DAVIN,5
3362,DAYAN,5
3362,DEIMANTAS,5
3362,DEIVIDS,5
3362,DENLEY,5
3362,DERICK,5
3362,DESHAWN,5
3362,DEVRAN,5
3362,DHAIRYA,5
3362,DHARAM,5
3362,DIESEL,5
3362,DIPSON,5
3362,DONTAY,5
3362,DREY,5
3362,DUANE,5
3362,DYLLAN,5
3362,DYLON,5
3362,EBRIMA,5
3362,EBUBECHUKWU,5
3362,EDI,5
3362,EDOUARD,5
3362,EDRIS,5
3362,EDUARDS,5
3362,EIFION,5
3362,EKAMVEER,5
3362,ELDON,5
3362,ELI-JAMES,5
3362,ELIE,5
3362,ELVIN,5
3362,ELWYN,5
3362,ELY,5
3362,ELYAN,5
3362,ELYON,5
3362,EMAD,5
3362,EMILIANO,5
3362,ERDEM,5
3362,ERNESTS,5
3362,ETHYN,5
3362,EYOB,5
3362,EZAAN,5
3362,FAARIS,5
3362,FARRELL,5
3362,FAWAD,5
3362,FINBARR,5
3362,FINIAN,5
3362,FRANKIE-JAY,5
3362,FRYDERYK,5
3362,FURKAN,5
3362,FYNLAY,5
3362,GERGO,5
3362,GHAZI,5
3362,GIL,5
3362,GRANTAS,5
3362,GUNNER,5
3362,GURFATEH,5
3362,GURSEVAK,5
3362,GURSHAAN,5
3362,HABEEB,5
3362,HALLAM,5
3362,HANAD,5
3362,HANSON,5
3362,HARITH,5
3362,HARJEEVAN,5
3362,HARLO,5
3362,HARRISON-LEE,5
3362,HARRY-LEE,5
3362,HARSHAAN,5
3362,HAYDAN,5
3362,HENIL,5
3362,HENRIE,5
3362,HENSON,5
3362,HERKUS,5
3362,HET,5
3362,HILAL,5
3362,HOSEA,5
3362,HRISTO,5
3362,HUSSNAIN,5
3362,IBRAAHEEM,5
3362,IDEN,5
3362,IGNATIUS,5
3362,ILHAM,5
3362,ILJA,5
3362,IMAM,5
3362,ISAAM,5
3362,ISAK,5
3362,ISTVAN,5
3362,IUSTIN,5
3362,IYAAZ,5
3362,IYANUOLUWA,5
3362,JABARI,5
3362,JACEK,5
3362,JACOB-LEE,5
3362,JAHMARI,5
3362,JAMAINE,5
3362,JAMIESON,5
3362,JANOS,5
3362,JASHAN,5
3362,JAXXON,5
3362,JAYJAY,5
3362,JAYME,5
3362,JAZIAH,5
3362,JAZIB,5
3362,JAZZ,5
3362,JEDAIAH,5
3362,JEDEDIAH,5
3362,JEFFERY,5
3362,JERZY,5
3362,JEVON,5
3362,JOBAN,5
3362,JOHN-JOSEPH,5
3362,JON-PAUL,5
3362,JORDAN-JAMES,5
3362,JORDY,5
3362,JUKE,5
3362,KAAMIL,5
3362,KADEEM,5
3362,KAESON,5
3362,KAIDE,5
3362,KAIDEN-JAMES,5
3362,KAIRAN,5
3362,KAIRAV,5
3362,KALLAN,5
3362,KAMRON,5
3362,KANISH,5
3362,KARAMVEER,5
3362,KARLIS,5
3362,KARTHIK,5
3362,KARTIK,5
3362,KASRA,5
3362,KASSIM,5
3362,KAVELL,5
3362,KAYDEN-JAY,5
3362,KAYEN,5
3362,KAYLON,5
3362,KAZIM,5
3362,KEANAN,5
3362,KEBBA,5
3362,KEHINDE,5
3362,KELLY,5
3362,KENECHI,5
3362,KHALEED,5
3362,KHALIF,5
3362,KHIAN,5
3362,KIE,5
3362,KIEAN,5
3362,KIEFER,5
3362,KIELAN,5
3362,KIER,5
3362,KINLEY,5
3362,KIP,5
3362,KIRIL,5
3362,KIRK,5
3362,KLAIDAS,5
3362,KOBAN,5
3362,KOBEN,5
3362,KOHAN,5
3362,KORDELL,5
3362,KOVAN,5
3362,KRIS,5
3362,KRISTOFERS,5
3362,KRUZ,5
3362,KUDAKWASHE,5
3362,KWASI,5
3362,KYEN,5
3362,KYNAN,5
3362,KYRUN,5
3362,LAINE,5
3362,LAKEN,5
3362,LANDEN,5
3362,LAURENT,5
3362,LAYLAN,5
3362,LAYTON-JAY,5
3362,LAYTON-LEE,5
3362,LAZER,5
3362,LEALAND,5
3362,LEEVI,5
3362,LEIGHLAND,5
3362,LENNARD,5
3362,LEO-JAY,5
3362,LEONARDAS,5
3362,LEONDRE,5
3362,LESLIE,5
3362,LINDON,5
3362,LORENZ,5
3362,LOVELL,5
3362,LUCAH,5
3362,LUDOVICO,5
3362,LUDWIK,5
3362,LUKE-JUNIOR,5
3362,LYNDEN,5
3362,MAAHIR,5
3362,MAANAV,5
3362,MAHAMAD,5
3362,MAHD,5
3362,MAKSYM,5
3362,MALAKIE,5
3362,MALIKI,5
3362,MALIQUE,5
3362,MANMEET,5
3362,MANNI,5
3362,MANSOUR,5
3362,MARLIN,5
3362,MASON-JAY,5
3362,MASOUD,5
3362,MASSIMILIANO,5
3362,MATEJ,5
3362,MATH,5
3362,MATTIE,5
3362,MCCAULEY,5
3362,MENDEL,5
3362,METE,5
3362,METEHAN,5
3362,MICHAEL-JAMES,5
3362,MICHELE,5
3362,MICIAH,5
3362,MING,5
3362,MIQDAD,5
3362,MIRWAIS,5
3362,MISHAEL,5
3362,MOHAMUD,5
3362,MONTE,5
3362,MUAAD,5
3362,MUHAMMAD-,5
3362,MUKHTAR,5
3362,MUNEEB,5
3362,MUNIR,5
3362,MUTASIM,5
3362,MYKOLAS,5
3362,NADIM,5
3362,NADIR,5
3362,NAVEED,5
3362,NAVIN,5
3362,NIAL,5
3362,NIKKO,5
3362,NITHIN,5
3362,OAKLEE,5
3362,OBADIAH,5
3362,OBAFEMI,5
3362,OJAS,5
3362,OLIVER-JACK,5
3362,OLIVERIS,5
3362,OLLIE-JAMES,5
3362,OLUWANIFEMI,5
3362,OLUWATOMIWA,5
3362,OLUWATONI,5
3362,ORHAN,5
3362,ORRIN,5
3362,OSHER,5
3362,OZ,5
3362,PEREZ,5
3362,PORTER,5
3362,PRATHAM,5
3362,PRAVEEN,5
3362,PRIYAN,5
3362,PROSPER,5
3362,QUIN,5
3362,QUINTIN,5
3362,RAED,5
3362,RAFFI,5
3362,RAHIB,5
3362,RAIYAAN,5
3362,RAKEEM,5
3362,RANBIR,5
3362,RAND,5
3362,RANULPH,5
3362,RAQEEB,5
3362,RASMUS,5
3362,RAYNE,5
3362,REUBYN,5
3362,REY,5
3362,RHYAN,5
3362,RICARDS,5
3362,RILEY-JAI,5
3362,RILEY-JOHN,5
3362,RISHIK,5
3362,RITHVIK,5
3362,RITVIK,5
3362,RIVERS,5
3362,ROCO,5
3362,ROEL,5
3362,ROLLO,5
3362,ROMA,5
3362,RONIT,5
3362,ROSHAAN,5
3362,ROYSTON,5
3362,RUSTAM,5
3362,RYLAND,5
3362,SAAHIR,5
3362,SAAM,5
3362,SAFEER,5
3362,SAFIULLAH,5
3362,SAHIBJOT,5
3362,SAIFAAN,5
3362,SAIMON,5
3362,SAJAN,5
3362,SAKARIYA,5
3362,SALAHUDIN,5
3362,SALEM,5
3362,SANAD,5
3362,SANJAY,5
3362,SANVEER,5
3362,SASCHA,5
3362,SEHAJDEEP,5
3362,SELBY,5
3362,SEWERYN,5
3362,SHAHEEM,5
3362,SHAILEN,5
3362,SHAYLEN,5
3362,SHAYON,5
3362,SHEIK,5
3362,SHERIFF,5
3362,SHOAIB,5
3362,SHOLTO,5
3362,SIDDHANT,5
3362,SIDHARTH,5
3362,SIYAM,5
3362,SIYAR,5
3362,SKYLAR,5
3362,STANLEE,5
3362,SUKHPREET,5
3362,SURYA,5
3362,SYRUS,5
3362,TAHER,5
3362,TAHSIN,5
3362,TAIWO,5
3362,TALAL,5
3362,TANISH,5
3362,TANUSH,5
3362,TARANVEER,5
3362,TARIK,5
3362,TATUM,5
3362,TAURAS,5
3362,TAWHEED,5
3362,TEILO,5
3362,TEMITAYO,5
3362,TENNYSON,5
3362,THEHAN,5
3362,THELONIOUS,5
3362,THERON,5
3362,THIBAUT,5
3362,THIVEN,5
3362,TIMON,5
3362,TIMURS,5
3362,TOBENNA,5
3362,TOR,5
3362,TOREN,5
3362,TORSTEN,5
3362,TREMAINE,5
3362,TREMAYNE,5
3362,TREYVON,5
3362,TYLA,5
3362,UGONNA,5
3362,UMAYR,5
3362,URI,5
3362,UZZIAH,5
3362,VASCO,5
3362,VICTORY,5
3362,VIET,5
3362,VIKRAM,5
3362,VILIAM,5
3362,VINCENTAS,5
3362,VIYAAN,5
3362,WAFI,5
3362,WALKER,5
3362,WAQAS,5
3362,WARSAME,5
3362,WEN,5
3362,WESTLEY,5
3362,WILIAM,5
3362,WILLIAMS,5
3362,WILLOW,5
3362,WREN,5
3362,YAAKOV,5
3362,YACOB,5
3362,YACQUB,5
3362,YAKOUB,5
3362,YASSIR,5
3362,YAVOR,5
3362,YESHAYA,5
3362,YICHEN,5
3362,YITZI,5
3362,YOSEPH,5
3362,YUAN,5
3362,YUVI,5
3362,ZAHRAN,5
3362,ZAIRE,5
3362,ZAKARI,5
3362,ZAKARIYE,5
3362,ZAROON,5
3362,ZARYAB,5
3362,ZEKI,5
3362,ZEVI,5
3362,ZIYAN,5
3362,ZOHAAN,5
3362,ZOHAIR,5
3362,ZYON,5
3895,A-JAY,4
3895,AADVIK,4
3895,AAKASH,4
3895,AAREZ,4
3895,AARIV,4
3895,AARYAV,4
3895,AAVAI,4
3895,ABDUL-HAADI,4
3895,ABDULKARIM,4
3895,ABDULQADIR,4
3895,ABDULSAMAD,4
3895,ABDUR-REHMAN,4
3895,ABDUS,4
3895,ABENEZER,4
3895,ABRIEL,4
3895,ACHILLES,4
3895,ADAM-JUNIOR,4
3895,ADAR,4
3895,ADHIRAJ,4
3895,ADIAN,4
3895,ADIY,4
3895,ADNAAN,4
3895,ADONIS,4
3895,ADRIJUS,4
3895,AFFAAN,4
3895,AGAMPREET,4
3895,AHEED,4
3895,AHMADOU,4
3895,AISTIS,4
3895,AKIM,4
3895,AKIRA,4
3895,AKOS,4
3895,AKSHAJ,4
3895,AL-AMEEN,4
3895,ALBEY,4
3895,ALEKSANDRS,4
3895,ALEKSEJS,4
3895,ALEXANDAR,4
3895,ALEXANDER-JAMES,4
3895,ALEXEY,4
3895,ALFY,4
3895,ALIF,4
3895,ALIM,4
3895,ALIX,4
3895,ALP,4
3895,AMAY,4
3895,AMIL,4
3895,AMJAD,4
3895,ANANT,4
3895,ANDI,4
3895,ANDREW-JAMES,4
3895,ANTHONY-JAMES,4
3895,ANUSH,4
3895,ANZAR,4
3895,ARAF,4
3895,ARAZ,4
3895,ARBAAZ,4
3895,ARCHIBOLD,4
3895,ARIAS,4
3895,ARIO,4
3895,ARLOW,4
3895,ARMEL,4
3895,AROOSH,4
3895,ARSENE,4
3895,ARSHAD,4
3895,ARTEMIS,4
3895,ARTHUR-JAMES,4
3895,ARTYOM,4
3895,ARVIND,4
3895,ARWIN,4
3895,ASHLEY-JAMES,4
3895,ASHTON-LEE,4
3895,ASLAM,4
3895,ASWIN,4
3895,ATAS,4
3895,ATHANASIOS,4
3895,AURELIEN,4
3895,AURYN,4
3895,AVANEESH,4
3895,AVAR,4
3895,AWWAB,4
3895,AYRON,4
3895,BAILEE,4
3895,BAILIE,4
3895,BALAZS,4
3895,BAO,4
3895,BARNY,4
3895,BASSAM,4
3895,BENAIAH,4
3895,BENEDIKT,4
3895,BEREN,4
3895,BERTRAND,4
3895,BESIAN,4
3895,BILLIE,4
3895,BILLY-JAMES,4
3895,BLAIN,4
3895,BLAYKE,4
3895,BOBBY-JAMES,4
3895,BOJIDAR,4
3895,BORAN,4
3895,BORISLAV,4
3895,BOWE,4
3895,BOYD,4
3895,BRADLEE,4
3895,BRADLEY-JAMES,4
3895,BRAMWELL,4
3895,BRAN,4
3895,BROOKS,4
3895,BURAK,4
3895,BURTON,4
3895,CADYN,4
3895,CAELUM,4
3895,CAILEAN,4
3895,CAILEB,4
3895,CAILEN,4
3895,CAISON,4
3895,CALLUM-JAMES,4
3895,CAM'RON,4
3895,CARLISLE,4
3895,CARTER-JAE,4
3895,CARTER-JAY,4
3895,CASSIDY,4
3895,CASTOR,4
3895,CAVANI,4
3895,CELLAN,4
3895,CEMAL,4
3895,CHADLEY,4
3895,CHANDLER,4
3895,CHARLI,4
3895,CHARLIE-JACK,4
3895,CHAY,4
3895,CHEIKH,4
3895,CHIBUZO,4
3895,CHIGOZIRIM,4
3895,CHRISTIAAN,4
3895,CHRISTOPHE,4
3895,CHRISTY,4
3895,CHUKWUDUBEM,4
3895,CHUN,4
3895,CLYDE,4
3895,COBY-LEE,4
3895,COLBIE,4
3895,COREY-JAY,4
3895,CREE,4
3895,CRUZE,4
3895,DAEGAN,4
3895,DAHEN,4
3895,DAIMON,4
3895,DAITON,4
3895,DANAS,4
3895,DANIEL-JUNIOR,4
3895,DANNY-JAMES,4
3895,DANVIR,4
3895,DARCEY,4
3895,DARION,4
3895,DARIS,4
3895,DAVUT,4
3895,DAVY,4
3895,DAYA,4
3895,DEAKON,4
3895,DEINIOL,4
3895,DEION,4
3895,DEMARI,4
3895,DEMBA,4
3895,DEMID,4
3895,DENNIE,4
3895,DEONTAE,4
3895,DEVAM,4
3895,DHANESH,4
3895,DHILLON,4
3895,DHRUVAN,4
3895,DHYAAN,4
3895,DIAGO,4
3895,DIAMOND,4
3895,DIAZ,4
3895,DILSHAAN,4
3895,DINIS,4
3895,DIXON,4
3895,DIYAAN,4
3895,DIYON,4
3895,DJIBRIL,4
3895,DOMANIC,4
3895,DOMENICO,4
3895,DRAVEN,4
3895,EATHAN,4
3895,EBON,4
3895,ED,4
3895,EDSON,4
3895,EFREN,4
3895,EGE,4
3895,EJAZ,4
3895,ELDEN,4
3895,ELHAM,4
3895,ELIAKIM,4
3895,ELIJAH-JAMES,4
3895,ELTON,4
3895,EMERY,4
3895,EMILIAN,4
3895,EMILIJUS,4
3895,ERGI,4
3895,ERIS,4
3895,EROL,4
3895,ESPEN,4
3895,ESTEBAN,4
3895,EVANAS,4
3895,EVANGELOS,4
3895,EVANS,4
3895,FAAIZ,4
3895,FABRIZIO,4
3895,FADIL,4
3895,FATIH,4
3895,FAYAZ,4
3895,FELIKS,4
3895,FENIX,4
3895,FERAS,4
3895,FEROZ,4
3895,FILIPPOS,4
3895,FIN,4
3895,FINDLEY,4
3895,FINLEY-JAMES,4
3895,FINLEY-JAY,4
3895,FINNAN,4
3895,FINNICK,4
3895,FIRAS,4
3895,FLAVIO,4
3895,FLINN,4
3895,FRANKEE,4
3895,FRANKIE-JAMES,4
3895,FRANKIE-RAY,4
3895,FRANTISEK,4
3895,FREDDIE-JOE,4
3895,FREDERICO,4
3895,FRITZ,4
3895,FUAD,4
3895,FURQAN,4
3895,FYN,4
3895,GAETANO,4
3895,GAGANDEEP,4
3895,GAUTAM,4
3895,GAUTHAM,4
3895,GAVRIEL,4
3895,GEORDIE,4
3895,GEORGIO,4
3895,GHULAM,4
3895,GIBRIL,4
3895,GIOVANI,4
3895,GONCALO,4
3895,GREY,4
3895,GRIFFITH,4
3895,GULAM,4
3895,GURKARAN,4
3895,GURSHAN,4
3895,GURTEJ,4
3895,GURVIR,4
3895,GUSTAVE,4
3895,GWERN,4
3895,HAARITH,4
3895,HAASHIM,4
3895,HAAZIQ,4
3895,HABIBULLAH,4
3895,HALEN,4
3895,HAMDAAN,4
3895,HAMED,4
3895,HANIF,4
3895,HANO,4
3895,HANZALA,4
3895,HARGUN,4
3895,HARIN,4
3895,HARIT,4
3895,HARLEY-JOE,4
3895,HARLYN,4
3895,HARRISON-JAMES,4
3895,HARSH,4
3895,HARVI,4
3895,HARYAD,4
3895,HASAAN,4
3895,HAZE,4
3895,HAZEM,4
3895,HAZIM,4
3895,HENRIJS,4
3895,HERMAN,4
3895,HERO,4
3895,HERSHI,4
3895,HEWAD,4
3895,HOLDEN,4
3895,HOLLIS,4
3895,HREHAAN,4
3895,HRITHIK,4
3895,HYLTON,4
3895,HYWEL,4
3895,IACOB,4
3895,IASON,4
3895,IBAAD,4
3895,IBRAHIMA,4
3895,IDRISS,4
3895,IFOR,4
3895,IJAZ,4
3895,IKE,4
3895,ILIYA,4
3895,IMRAAN,4
3895,INDIO,4
3895,INNES,4
3895,IREMIDE,4
3895,IRFAAN,4
3895,IRTAZA,4
3895,ISAA,4
3895,ISAC,4
3895,ISIAH,4
3895,ISRAR,4
3895,IZAN,4
3895,IZAYAH,4
3895,JABRIL,4
3895,JACOB-GEORGE,4
3895,JACUB,4
3895,JAELEN,4
3895,JAHAAN,4
3895,JAICOB,4
3895,JAIDYN,4
3895,JALAL,4
3895,JALIL,4
3895,JAMES-DEAN,4
3895,JAXTON,4
3895,JAY-J,4
3895,JAYEN,4
3895,JEET,4
3895,JEREMIASZ,4
3895,JETSON,4
3895,JEZREEL,4
3895,JIBRAEEL,4
3895,JIBRAEL,4
3895,JIMMI,4
3895,JIYAN,4
3895,JOAQUIM,4
3895,JOLYON,4
3895,JON-JAMES,4
3895,JONES,4
3895,JONI,4
3895,JOOLS,4
3895,JORAWAR,4
3895,JORDON,4
3895,JORDYN,4
3895,JOSEPH-JAMES,4
3895,JOSHUA-LEE,4
3895,JOZIAH,4
3895,JUSTAS,4
3895,KABEER,4
3895,KADIN,4
3895,KAELUM,4
3895,KAIREN,4
3895,KALIB,4
3895,KAMALI,4
3895,KAMAR,4
3895,KAMARLEY,4
3895,KAMDEN,4
3895,KAMILIS,4
3895,KANISHK,4
3895,KANYE,4
3895,KARSEN,4
3895,KAVAN,4
3895,KAVEER,4
3895,KAY,4
3895,KAYLE,4
3895,KAYLUB,4
3895,KAYRA,4
3895,KEEAN,4
3895,KEEGAN-LEE,4
3895,KELECHI,4
3895,KENECHUKWU,4
3895,KEO,4
3895,KESTER,4
3895,KHAALID,4
3895,KHADAR,4
3895,KHAI,4
3895,KHAMARNI,4
3895,KHARI,4
3895,KHAWAJA,4
3895,KHAYDEN,4
3895,KIEDIS,4
3895,KIPRAS,4
3895,KITAI,4
3895,KITT,4
3895,KIYON,4
3895,KLEO,4
3895,KOAN,4
3895,KOBEE,4
3895,KOJO,4
3895,KOUROSH,4
3895,KRAY,4
3895,KRISHAV,4
3895,KRISTERS,4
3895,KRISTIYAN,4
3895,KRUZE,4
3895,KUNAL,4
3895,KUSHAL,4
3895,KY-MANI,4
3895,LADISLAV,4
3895,LAITHAN,4
3895,LATHAM,4
3895,LATRELL,4
3895,LAURYNAS,4
3895,LAVIN,4
3895,LAWE,4
3895,LAWRIE,4
3895,LAYAD,4
3895,LEBRON,4
3895,LEDION,4
3895,LEHAT,4
3895,LEILAN,4
3895,LENARD,4
3895,LENOX,4
3895,LEO-JOHN,4
3895,LEONIS,4
3895,LETO,4
3895,LEWIS-JAMES,4
3895,LEWY,4
3895,LINKOLN,4
3895,LINTON,4
3895,LLEW,4
3895,LOGHAN,4
3895,LOGON,4
3895,LOHAN,4
3895,LOURENCO,4
3895,LUCAS-JAY,4
3895,LUCJAN,4
3895,LUX,4
3895,LYALL,4
3895,LYAM,4
3895,MADALIN,4
3895,MAEL,4
3895,MAHEEN,4
3895,MAHEER,4
3895,MAHRUS,4
3895,MAJD,4
3895,MALICK,4
3895,MALIN,4
3895,MAMADU,4
3895,MAN,4
3895,MANN,4
3895,MANSOOR,4
3895,MARAT,4
3895,MARIAN,4
3895,MARK-JUNIOR,4
3895,MARKOS,4
3895,MARKS,4
3895,MARLEE,4
3895,MARQUEZ,4
3895,MARTI,4
3895,MATISS,4
3895,MATTHEW-JAMES,4
3895,MAXENCE,4
3895,MAXIMILIEN,4
3895,MAYOWA,4
3895,MAZEN,4
3895,MCKENZIE-LEE,4
3895,MD.,4
3895,MEER,4
3895,MEHRAB,4
3895,MEHTAB,4
3895,MESSI,4
3895,MICHAEL-JOHN,4
3895,MICHEL,4
3895,MICKAEL,4
3895,MIESZKO,4
3895,MIHAILS,4
3895,MIKYLE,4
3895,MINDAUGAS,4
3895,MINHAJ,4
3895,MIRACLE,4
3895,MIRO,4
3895,MJ,4
3895,MOAD,4
3895,MOBIN,4
3895,MOTTI,4
3895,MOUNIR,4
3895,MU'ADH,4
3895,MUDASSAR,4
3895,MUHAMMAD-ADAM,4
3895,MUHAMMAD-AYAAN,4
3895,MUHAMMAD-EESA,4
3895,MUHAMMAD-IBRAHEEM,4
3895,MUHAMMAD-ISMAEEL,4
3895,MUHAMMAD-MUSA,4
3895,MUHAMMAD-YAHYA,4
3895,MUHAMMET,4
3895,MUHANAD,4
3895,MUHANNAD,4
3895,MUMIN,4
3895,MUNASHE,4
3895,MUS'AB,4
3895,MUSTAFAA,4
3895,MUZAMIL,4
3895,MUZZAMMIL,4
3895,MYRON,4
3895,NADAL,4
3895,NADER,4
3895,NAFTOLI,4
3895,NAHUM,4
3895,NAIF,4
3895,NAIM,4
3895,NAJIB,4
3895,NAQEEB,4
3895,NASEER,4
3895,NASRI,4
3895,NATHEN,4
3895,NEITANAS,4
3895,NEVAAN,4
3895,NEVILLE,4
3895,NICOLO,4
3895,NIKOLASS,4
3895,NIKS,4
3895,NOOH,4
3895,NORIK,4
3895,NOVAK,4
3895,NURUL,4
3895,NYAH,4
3895,OCTAVIAN,4
3895,OGUZ,4
3895,OLAN,4
3895,OLLIE-RAY,4
3895,OLUWADARA,4
3895,OLUWATAMILORE,4
3895,OLUWATIMILEYIN,4
3895,OLUWATOMISIN,4
3895,OLUWATONILOBA,4
3895,OMAIR,4
3895,ONYEKACHI,4
3895,ONYX,4
3895,OSKA,4
3895,OSTIN,4
3895,OSWALD,4
3895,OSWIN,4
3895,OWYN,4
3895,OZIAS,4
3895,PADRAIC,4
3895,PANASHE,4
3895,PAPA,4
3895,PARAMVIR,4
3895,PARMEET,4
3895,PASCAL,4
3895,PATRIC,4
3895,PAULIE,4
3895,PEACE,4
3895,PHELAN,4
3895,PHILIPP,4
3895,PHILIPPE,4
3895,PIETER,4
3895,PIPPIN,4
3895,POLAT,4
3895,PRABHDEEP,4
3895,PRABHNOOR,4
3895,PRANAY,4
3895,PRANESH,4
3895,RAAHIL,4
3895,RADU,4
3895,RAEEF,4
3895,RAFFEY,4
3895,RAFIQ,4
3895,RAGNAR,4
3895,RAIAN,4
3895,RAJDEEP,4
3895,RALFIE,4
3895,RASHAD,4
3895,RASHED,4
3895,RATU,4
3895,RAYDON,4
3895,RAYON,4
3895,REDA,4
3895,REFOEL,4
3895,REGGY,4
3895,REHMAN,4
3895,REKAR,4
3895,REMAI,4
3895,RENAS,4
3895,REUBEN-JAMES,4
3895,REYES,4
3895,REZWAN,4
3895,RHEO,4
3895,RHOME,4
3895,RICK,4
3895,RIKI,4
3895,RISHABH,4
3895,RISHAN,4
3895,RIYAZ,4
3895,RIZA,4
3895,ROCH,4
3895,ROCKO,4
3895,ROHAM,4
3895,ROMANN,4
3895,ROMELL,4
3895,ROMEY,4
3895,RONEL,4
3895,RONNIE-JAMES,4
3895,RONNIE-LEE,4
3895,RONNIE-RAY,4
3895,RUEBAN,4
3895,RUSHI,4
3895,RUSLAN,4
3895,RYAN-JAMES,4
3895,RYAN-LEE,4
3895,SAAVAN,4
3895,SAIMONAS,4
3895,SAIYAN,4
3895,SAKSHAM,4
3895,SALEEM,4
3895,SAMIT,4
3895,SAMIUL,4
3895,SAMRATH,4
3895,SANDOR,4
3895,SANDRO,4
3895,SARAN,4
3895,SARDAR,4
3895,SASHVIN,4
3895,SAVVAS,4
3895,SAYEED,4
3895,SE,4
3895,SEELEY,4
3895,SEIF,4
3895,SELWYN,4
3895,SENAY,4
3895,SEPEHR,4
3895,SERGE,4
3895,SERHAT,4
3895,SEVERIANO,4
3895,SHAFI,4
3895,SHAHAB,4
3895,SHAHMEER,4
3895,SHAN,4
3895,SHARIF,4
3895,SHARVIN,4
3895,SHAYEN,4
3895,SHELBY,4
3895,SHEM,4
3895,SHIVA,4
3895,SHON,4
3895,SHRAGA,4
3895,SHRIHAN,4
3895,SHUBH,4
3895,SHUHAN,4
3895,SOBHAN,4
3895,STAVROS,4
3895,STEFANOS,4
3895,SUKHMAN,4
3895,SWAYLEY,4
3895,SYD,4
3895,TADIWANASHE,4
3895,TALAN,4
3895,TALIS,4
3895,TALVIN,4
3895,TAMAN,4
3895,TAPIWANASHE,4
3895,TAVISH,4
3895,TAWANA,4
3895,TAYLOR-JAY,4
3895,TAYON,4
3895,TAYSON,4
3895,TEDDY-LEE,4
3895,TEJVEER,4
3895,THAI,4
3895,THIAN,4
3895,THOM,4
3895,THOMAS-LEE,4
3895,TIMAS,4
3895,TINOTENDA,4
3895,TOBILOBA,4
3895,TOLUWANIMI,4
3895,TOMMIE-LEE,4
3895,TOMMY-JOHN,4
3895,TOMOKI,4
3895,TOPRAK,4
3895,TORRIN,4
3895,TREYON,4
3895,TRISHAN,4
3895,TRISTON,4
3895,TUCKER,4
3895,TULLY,4
3895,TYRIAN,4
3895,TYRIQUE,4
3895,UBAIDULLAH,4
3895,UDAY,4
3895,UYIOSA,4
3895,VADIM,4
3895,VEERAJ,4
3895,VENKATA,4
3895,VERNON,4
3895,VIBHAV,4
3895,VINSON,4
3895,VIR,4
3895,VRAJ,4
3895,VU,4
3895,WAHAB,4
3895,WAHID,4
3895,WESAM,4
3895,WEST,4
3895,WESTON,4
3895,WINSLOW,4
3895,WINTER,4
3895,WISAM,4
3895,WYN,4
3895,YAHIA,4
3895,YAIR,4
3895,YASEN,4
3895,YAZEED,4
3895,YECHIEL,4
3895,YEHOSHUA,4
3895,YIFAN,4
3895,YING,4
3895,YISHAI,4
3895,YONI,4
3895,YOUSOF,4
3895,YUCHEN,4
3895,ZAAHIR,4
3895,ZACHARI,4
3895,ZACHARIE,4
3895,ZACKARIA,4
3895,ZACKARIAH,4
3895,ZADE,4
3895,ZAHI,4
3895,ZAINUDDIN,4
3895,ZAIYAN,4
3895,ZAKARIE,4
3895,ZAKERY,4
3895,ZAKY,4
3895,ZAN,4
3895,ZARIF,4
3895,ZEBEDIAH,4
3895,ZEBULUN,4
3895,ZENTE,4
3895,ZEUS,4
3895,ZICO,4
3895,ZIHAN,4
3895,ZIYAAD,4
3895,ZIYAAN,4
3895,ZOHAN,4
3895,ZSOMBOR,4
3895,ZUBEYR,4
3895,ZURIEL,4
3895,ZYAN,4
4632,AABID,3
4632,AADAN,3
4632,AAKIF,3
4632,AAQIL,3
4632,AARON-JUNIOR,3
4632,AARYZ,3
4632,AASIM,3
4632,AAVISH,3
4632,AAYDEN,3
4632,ABDAAL,3
4632,ABDELMOUMEN,3
4632,ABDERRAHMAN,3
4632,ABDIHAFID,3
4632,ABDIKARIM,3
4632,ABDILLAHI,3
4632,ABDIQANI,3
4632,ABDIRISAK,3
4632,ABDOULAYE,3
4632,ABDUALLAH,3
4632,ABDUL-HAKIM,3
4632,ABDUL-KARIM,3
4632,ABDUL-MATEEN,3
4632,ABDUL-RAHIM,3
4632,ABDULHAKEEM,3
4632,ABDULLATEEF,3
4632,ABDULMAJID,3
4632,ABDULRAHEEM,3
4632,ABDULRAHIM,3
4632,ABDUS-SAMAD,3
4632,ABEER,3
4632,ABIE,3
4632,ABIJOT,3
4632,ABU-BAKAR,3
4632,ADEBOWALE,3
4632,ADEMOLA,3
4632,ADETOKUNBO,3
4632,ADEYEMI,3
4632,ADHEEM,3
4632,ADIB,3
4632,ADIEL,3
4632,ADRIANAS,3
4632,ADSHAYAN,3
4632,AEON,3
4632,AFAN,3
4632,AFOLARIN,3
4632,AFRAZ,3
4632,AFZAL,3
4632,AHARAN,3
4632,AHIL,3
4632,AHMAD-RAZA,3
4632,AHREN,3
4632,AIDAN-JAMES,3
4632,AIDAS,3
4632,AIDY,3
4632,AIRIDAS,3
4632,AISSA,3
4632,AIYUSH,3
4632,AKASHDEEP,3
4632,AKIL,3
4632,ALAGIE,3
4632,ALANAS,3
4632,ALARIK,3
4632,ALBIN,3
4632,ALDION,3
4632,ALDRIN,3
4632,ALECSANDER,3
4632,ALEKSANDRAS,3
4632,ALEKSAS,3
4632,ALEXANDA,3
4632,ALEXANDRO,3
4632,ALFIE-RYAN,3
4632,ALFONSO,3
4632,ALHAJI,3
4632,ALI-HASSAN,3
4632,ALIN,3
4632,ALIREZA,3
4632,ALOYSIUS,3
4632,ALPER,3
4632,ALPHONSE,3
4632,ALSTON,3
4632,ALVAR,3
4632,ALVIE,3
4632,ALWALEED,3
4632,AMADEUS,3
4632,AMANDEEP,3
4632,AMARDEEP,3
4632,AMARE,3
4632,AMARION,3
4632,AMARNI,3
4632,AMARU,3
4632,AMED,3
4632,AMINUL,3
4632,AMIT,3
4632,AMITOJ,3
4632,AMRO,3
4632,AMROM,3
4632,AN,3
4632,ANANDA,3
4632,ANASHE,3
4632,ANDRIA,3
4632,ANIK,3
4632,ANKIT,3
4632,ANNAS,3
4632,ANOKH,3
4632,ANOUAR,3
4632,ANSAR,3
4632,ANTONINO,3
4632,ANUJ,3
4632,AQIL,3
4632,ARAFATH,3
4632,ARASH,3
4632,ARBER,3
4632,ARCHIMEDES,3
4632,ARDI,3
4632,ARDIL,3
4632,AREEF,3
4632,ARINZE,3
4632,ARIYA,3
4632,ARIYAAN,3
4632,ARJUNAN,3
4632,ARKA,3
4632,ARKADIUSZ,3
4632,ARKADY,3
4632,ARLI,3
4632,ARNAUD,3
4632,ARPAN,3
4632,ARSALAAN,3
4632,ARSHAAN,3
4632,ARSHMAN,3
4632,ARTEMAS,3
4632,ARTIS,3
4632,ARVAN,3
4632,ARVID,3
4632,ARYE,3
4632,ASER,3
4632,ASHDEN,3
4632,ASHFAQ,3
4632,ASHKAN,3
4632,ASHLAN,3
4632,ASHTON-JAMES,3
4632,ASIR,3
4632,ASPEN,3
4632,ASSAD,3
4632,ASSAN,3
4632,ASSEM,3
4632,ASTIN,3
4632,ASTON-JAMES,3
4632,ATANAS,3
4632,ATEEB,3
4632,ATHELSTAN,3
4632,ATILA,3
4632,AUBERON,3
4632,AURELIUS,3
4632,AUSAR,3
4632,AVEN,3
4632,AVIEL,3
4632,AVISHAI,3
4632,AVNER,3
4632,AVYUKTH,3
4632,AWAAB,3
4632,AWS,3
4632,AYAANSH,3
4632,AYANSH,3
4632,AYHAN,3
4632,AYOMIKUN,3
4632,AYOOLUWA,3
4632,AZARI,3
4632,AZAT,3
4632,AZIM,3
4632,AZMEER,3
4632,BADEN,3
4632,BAE,3
4632,BAHOZ,3
4632,BAHRAM,3
4632,BAILEY-RAY,3
4632,BAILY,3
4632,BALIN,3
4632,BALJOT,3
4632,BALVEER,3
4632,BARCLEY,3
4632,BART,3
4632,BASIT,3
4632,BASTIEN,3
4632,BATU,3
4632,BAYLEIGH,3
4632,BEAUMONT,3
4632,BEDWYR,3
4632,BEHZAD,3
4632,BENITO,3
4632,BENJAMIM,3
4632,BENOIT,3
4632,BEVON,3
4632,BEZALEL,3
4632,BHAVIK,3
4632,BHAVISH,3
4632,BILLAL,3
4632,BINYAMEEN,3
4632,BLADEN,3
4632,BLANE,3
4632,BLAZE,3
4632,BLESSED,3
4632,BOBBY-JACK,3
4632,BODI,3
4632,BOOKER,3
4632,BORUCH,3
4632,BOTAN,3
4632,BOYCIE,3
4632,BOZHIDAR,3
4632,BRACKEN,3
4632,BRADYN,3
4632,BRAIDON,3
4632,BRANDONLEE,3
4632,BRAYEN,3
4632,BRAYLON,3
4632,BRECON,3
4632,BRENTON,3
4632,BRIGHT,3
4632,BROC,3
4632,BRODEE,3
4632,BROGEN,3
4632,BROOKE,3
4632,BUCKLEY,3
4632,BURHAAN,3
4632,CABHAN,3
4632,CAERWYN,3
4632,CAESAR,3
4632,CAIDAN,3
4632,CAINAN,3
4632,CALLUN,3
4632,CALUB,3
4632,CAMERAN,3
4632,CAMERON-JAMES,3
4632,CAMILLE,3
4632,CAMRAN,3
4632,CARSON-JAMES,3
4632,CAYDON,3
4632,CAYLAN,3
4632,CAYLUM,3
4632,CAYMAN,3
4632,CHAEL,3
4632,CHARLIE-DEAN,3
4632,CHARLTON,3
4632,CHAUDHARY,3
4632,CHAZ,3
4632,CHEN,3
4632,CHERNO,3
4632,CHESKY,3
4632,CHIBUIKEM,3
4632,CHIDERA,3
4632,CHIKAMSO,3
4632,CHIMAOBI,3
4632,CHIME,3
4632,CHINEDU,3
4632,CHINO,3
4632,CHINUA,3
4632,CHINUALUMOGU,3
4632,CHRISTAKIS,3
4632,CHRISTOPHER-JAMES,3
4632,CHUKWUNONSO,3
4632,CIERAN,3
4632,CIWAN,3
4632,CJAY,3
4632,CLAUDIU,3
4632,CLOUD,3
4632,COAST,3
4632,COBURN,3
4632,COBY-RAY,3
4632,COEL,3
4632,COHAN-JAY,3
4632,COLEBY,3
4632,COLLINS,3
4632,COLM,3
4632,CONLAN,3
4632,CONNOR-JAMES,3
4632,COREE,3
4632,COREN,3
4632,CORI,3
4632,CORIE,3
4632,CORRAN,3
4632,CORRIN,3
4632,CORY-LEE,3
4632,COSIMO,3
4632,COSMIN,3
4632,COULTON,3
4632,COVE,3
4632,COWEN,3
4632,CREED,3
4632,CRISPIN,3
4632,CRISTOBAL,3
4632,CROSBY,3
4632,CRUIZE,3
4632,CY,3
4632,DABAN,3
4632,DAITHI,3
4632,DAIVIK,3
4632,DAIYAAN,3
4632,DAMANVEER,3
4632,DANTAE,3
4632,DANVEER,3
4632,DARBY,3
4632,DARIEN,3
4632,DARIUSH,3
4632,DARON,3
4632,DASH,3
4632,DAVIE,3
4632,DAXTON,3
4632,DAYAL,3
4632,DEAKIN,3
4632,DECLYN,3
4632,DEEGAN,3
4632,DEEYAN,3
4632,DEIGHTON,3
4632,DEINAS,3
4632,DEJAN,3
4632,DELAN,3
4632,DELANEY,3
4632,DELROY,3
4632,DEMARCO,3
4632,DEMETRIS,3
4632,DEMIAN,3
4632,DEMILADE,3
4632,DEMITRI,3
4632,DENES,3
4632,DENI,3
4632,DENISS,3
4632,DENTON,3
4632,DERON,3
4632,DESHAUN,3
4632,DEVANTE,3
4632,DEVYN,3
4632,DEX,3
4632,DEXTER-JAMES,3
4632,DHANI,3
4632,DHANUSH,3
4632,DHIAAN,3
4632,DHRU,3
4632,DHRUVA,3
4632,DHYLAN,3
4632,DIGGORY,3
4632,DILANS,3
4632,DILLEN,3
4632,DILON,3
4632,DIOR,3
4632,DISHAN,3
4632,DIVAM,3
4632,DOGAN,3
4632,DOMENIKS,3
4632,DOMINIKAS,3
4632,DONAVON,3
4632,DORUK,3
4632,DOULTON,3
4632,DOVI,3
4632,DRAGOS,3
4632,DRU,3
4632,DRUMMOND,3
4632,DRUV,3
4632,DUSTIN,3
4632,DYAKO,3
4632,DYLAN-LEE,3
4632,EDON,3
4632,EDRIC,3
4632,EIDENAS,3
4632,EIMANTAS,3
4632,EISAH,3
4632,EKTORAS,3
4632,EL,3
4632,ELDAD,3
4632,ELEAZAR,3
4632,ELGAN,3
4632,ELIAH,3
4632,ELIAV,3
4632,ELIJA,3
4632,ELIJAS,3
4632,ELIYOHU,3
4632,ELLIAS,3
4632,ELMER,3
4632,ELMI,3
4632,ELOGHOSA,3
4632,ELOY,3
4632,ELYOTT,3
4632,EMANUELE,3
4632,EMILEO,3
4632,EMIRCAN,3
4632,ENDIJS,3
4632,ENO,3
4632,ENVER,3
4632,EPHRA,3
4632,ERAN,3
4632,ERDI,3
4632,ERFAN,3
4632,ERIKS,3
4632,ERION,3
4632,ERMAL,3
4632,ERMIAS,3
4632,ERON,3
4632,EROS,3
4632,ERWAN,3
4632,ERWIN,3
4632,ESMOND,3
4632,ESSAH,3
4632,ESSAM,3
4632,ESTYN,3
4632,ETANAS,3
4632,EVAAN,3
4632,EVEREST,3
4632,EVIN,3
4632,EVRON,3
4632,EWEN,3
4632,EYTAN,3
4632,EZEQUIEL,3
4632,EZIO,3
4632,FABION,3
4632,FADI,3
4632,FAHD,3
4632,FAIQ,3
4632,FAITH,3
4632,FARAI,3
4632,FARID,3
4632,FARON,3
4632,FAROOQ,3
4632,FARRAN,3
4632,FARRON,3
4632,FAWZAAN,3
4632,FAWZAN,3
4632,FAYSAL,3
4632,FAZAL,3
4632,FENIL,3
4632,FERENC,3
4632,FERGAL,3
4632,FERGUSON,3
4632,FERHAN,3
4632,FERRIS,3
4632,FIDELIS,3
4632,FILIPPO,3
4632,FINAN,3
4632,FINNBAR,3
4632,FINNLY,3
4632,FINTON,3
4632,FLAVIUS,3
4632,FOY,3
4632,FRANKIE-GEORGE,3
4632,FRANKIE-JOHN,3
4632,FRANKIE-RAE,3
4632,FREY,3
4632,GARRY,3
4632,GARV,3
4632,GASPARD,3
4632,GEDIMINAS,3
4632,GENNARO,3
4632,GEORGE-WILLIAM,3
4632,GEORGES,3
4632,GEORGIY,3
4632,GERAINT,3
4632,GEVORG,3
4632,GHASSAN,3
4632,GHEORGHE,3
4632,GIANCARLO,3
4632,GIBSON,3
4632,GIFT,3
4632,GIO,3
4632,GIORGI,3
4632,GIULIANO,3
4632,GLYN,3
4632,GOBIND,3
4632,GONZALO,3
4632,GRAEME,3
4632,GRAYSEN,3
4632,GREAT,3
4632,GREG,3
4632,GUILLAUME,3
4632,GUILLERMO,3
4632,GULED,3
4632,GUNNAR,3
4632,GUREKAM,3
4632,GURJOT,3
4632,GURMAAN,3
4632,GURPREET,3
4632,GURTAJ,3
4632,GWYN,3
4632,HADEN,3
4632,HADID,3
4632,HADIS,3
4632,HADLEY-JAMES,3
4632,HADYN,3
4632,HAFEEZ,3
4632,HAFIZUR,3
4632,HAGAN,3
4632,HAIDER-ALI,3
4632,HALEEM,3
4632,HAMDI,3
4632,HAMEEM,3
4632,HAMIDULLAH,3
4632,HAMMAM,3
4632,HANAN,3
4632,HANEEF,3
4632,HANIEL,3
4632,HAORAN,3
4632,HARDEEP,3
4632,HARDIT,3
4632,HAREL,3
4632,HARESH,3
4632,HARISON,3
4632,HARLEY-JOHN,3
4632,HARLEY-REECE,3
4632,HARNOOR,3
4632,HARRINGTON,3
4632,HARRISON-BLAKE,3
4632,HARRY-DAVID,3
4632,HARRY-JOE,3
4632,HART,3
4632,HARU,3
4632,HARUKI,3
4632,HARUTO,3
4632,HARUUN,3
4632,HARVEY-JOE,3
4632,HARVEY-RAY,3
4632,HARVY,3
4632,HASHAAM,3
4632,HAWDAM,3
4632,HAYAAN,3
4632,HAYES,3
4632,HAYSAM,3
4632,HEATHCLIFF,3
4632,HEBRON,3
4632,HEITOR,3
4632,HENDRIK,3
4632,HENG,3
4632,HENLEIGH,3
4632,HENRIKAS,3
4632,HEYAN,3
4632,HEZRON,3
4632,HICHEM,3
4632,HIROTO,3
4632,HITANSH,3
4632,HITEN,3
4632,HOPE,3
4632,HRIDAY,3
4632,HRIDAYA,3
4632,HRISHI,3
4632,HUDAIFA,3
4632,HUDAYFA,3
4632,HUDHAYFA,3
4632,HUMZAH,3
4632,HUNOR,3
4632,HUNTER-JAMES,3
4632,HURAIRAH,3
4632,HUSSAM,3
4632,IBRAAHIM,3
4632,IDAN,3
4632,IDIRIS,3
4632,IHTESHAM,3
4632,IKER,3
4632,ILAY,3
4632,ILESH,3
4632,ILHAN,3
4632,ILIR,3
4632,ILYES,3
4632,IMRE,3
4632,IMTIYAZ,3
4632,INDI,3
4632,INIOLUWA,3
4632,ION,3
4632,IONEL,3
4632,IORI,3
4632,IQBAL,3
4632,IREOLUWA,3
4632,IRETOMIWA,3
4632,IRVING,3
4632,IS-HAAQ,3
4632,ISAAC-LEE,3
4632,ISAH,3
4632,ISAQ,3
4632,ISHAK,3
4632,ISHRAT,3
4632,ISIDORE,3
4632,ISLAM,3
4632,ISSAH,3
4632,IVAYLO,3
4632,IWINOSA,3
4632,IYANU,3
4632,IZAC,3
4632,IZHAAN,3
4632,J,3
4632,JACHIN,3
4632,JACK-THOMAS,3
4632,JACKY,3
4632,JACOBIE,3
4632,JACOPO,3
4632,JADE,3
4632,JADIEL,3
4632,JAELAN,3
4632,JAGJOT,3
4632,JAHAN,3
4632,JAHKAI,3
4632,JAHKYE,3
4632,JAHMAINE,3
4632,JAHMAL,3
4632,JAHMANI,3
4632,JAHMIAH,3
4632,JAHSIAH,3
4632,JAIDEEP,3
4632,JAILAN,3
4632,JAKEY,3
4632,JALEN,3
4632,JAMEL,3
4632,JAMES-JUNIOR,3
4632,JAMESDEAN,3
4632,JAMIE-DEAN,3
4632,JARETH,3
4632,JAROD,3
4632,JASHANPREET,3
4632,JASJOT,3
4632,JASKIRAT,3
4632,JASNOOR,3
4632,JASON-JUNIOR,3
4632,JASPAL,3
4632,JASSER,3
4632,JAVELL,3
4632,JAWDAN,3
4632,JAY-JAMES,3
4632,JAYCEN,3
4632,JAYDEV,3
4632,JAYGO,3
4632,JAYKOB,3
4632,JENS,3
4632,JENSEN-JAMES,3
4632,JERMAIN,3
4632,JESHURUN,3
4632,JESUS,3
4632,JEVAN,3
4632,JIAN,3
4632,JIBRIEL,3
4632,JIHAN,3
4632,JIMMY-RAY,3
4632,JISHNU,3
4632,JIVRAJ,3
4632,JO,3
4632,JOASH,3
4632,JOB,3
4632,JOBE,3
4632,JOBEY,3
4632,JOELL,3
4632,JOEY-JAY,3
4632,JOHN-FRANCIS,3
4632,JOHN-PATRICK,3
4632,JOHN-RILEY,3
4632,JOHNJAMES,3
4632,JOLE,3
4632,JONAH-JAMES,3
4632,JONAN,3
4632,JONJOE,3
4632,JOREL,3
4632,JOS,3
4632,JOVANNI,3
4632,JOVEN,3
4632,JOY,3
4632,JUBAL,3
4632,JUDI,3
4632,JULIUSZ,3
4632,JUNO,3
4632,KABILAN,3
4632,KACI,3
4632,KAELIN,3
4632,KAGAN,3
4632,KAHLIL,3
4632,KAI-JAMES,3
4632,KAI-REECE,3
4632,KAIEN,3
4632,KAII,3
4632,KAIYON,3
4632,KAJ,3
4632,KALAN,3
4632,KALIL,3
4632,KALIM,3
4632,KALLE,3
4632,KALUB,3
4632,KALUM,3
4632,KALVYN,3
4632,KAMAI,3
4632,KAMARLI,3
4632,KAMSIYOCHI,3
4632,KAMSIYOCHUKWU,3
4632,KANAV,3
4632,KANHAIYA,3
4632,KARAS,3
4632,KAREM,3
4632,KARLO,3
4632,KARLTON,3
4632,KARTHIKEYA,3
4632,KASHI,3
4632,KASJAN,3
4632,KASSIDY,3
4632,KASSIUS,3
4632,KATHAN,3
4632,KATHIR,3
4632,KAVARI,3
4632,KAYCEE,3
4632,KAYEL,3
4632,KAYLAM,3
4632,KAYN,3
4632,KAYSAAN,3
4632,KAYVAN,3
4632,KEDUS,3
4632,KEELEN,3
4632,KEION,3
4632,KEIREN,3
4632,KEITA,3
4632,KEIYAN,3
4632,KEJAUN,3
4632,KELAN,3
4632,KEMUEL,3
4632,KEN,3
4632,KENDALL,3
4632,KENDAN,3
4632,KENTARO,3
4632,KENTON,3
4632,KENZEE,3
4632,KENZY,3
4632,KESTON,3
4632,KEYON,3
4632,KHALEEM,3
4632,KHALIS,3
4632,KHAMANI,3
4632,KHAN,3
4632,KHATTAB,3
4632,KHAYAN,3
4632,KHIZER,3
4632,KHWAJA,3
4632,KHYE,3
4632,KHYLAN,3
4632,KI,3
4632,KIAN-JAY,3
4632,KIEGAN,3
4632,KIMANI,3
4632,KINLEE,3
4632,KINSLEY,3
4632,KIRILS,3
4632,KIRO,3
4632,KIRUTHIK,3
4632,KLAUDIUSZ,3
4632,KOBEY-JAMES,3
4632,KOBI-JAY,3
4632,KODEN,3
4632,KOHL,3
4632,KOLTON,3
4632,KONSTANTIN,3
4632,KONSTANTY,3
4632,KOOPER,3
4632,KORBY,3
4632,KOREN,3
4632,KORNELIUSZ,3
4632,KRISHAY,3
4632,KRISHNAN,3
4632,KRISTOFF,3
4632,KRON,3
4632,KRRISH,3
4632,KUPAKWASHE,3
4632,KYAL,3
4632,KYELAN,3
4632,KYIAN,3
4632,KYREECE,3
4632,KYRONE,3
4632,KYRUS,3
4632,L-JAY,3
4632,LAIGHTON,3
4632,LAIKEN,3
4632,LAKAI,3
4632,LARELL,3
4632,LARENZ,3
4632,LARENZO,3
4632,LARSON,3
4632,LARSSON,3
4632,LAWA,3
4632,LAWI,3
4632,LAWY,3
4632,LAYKE,3
4632,LEE-JAY,3
4632,LEGEND,3
4632,LEILAND,3
4632,LELAN,3
4632,LEON-JAMES,3
4632,LEONARDS,3
4632,LEONAS,3
4632,LESTER,3
4632,LEVI-JAMES,3
4632,LEVII,3
4632,LEVIN,3
4632,LEVY,3
4632,LEWAN,3
4632,LIJAH,3
4632,LINAS,3
4632,LJ,3
4632,LOCHLAIN,3
4632,LOGAN-JACK,3
4632,LOGAN-JOHN,3
4632,LORIS,3
4632,LOU,3
4632,LOUAY,3
4632,LOUEN,3
4632,LOUGHLIN,3
4632,LOUIE-JAY,3
4632,LOUIS-JAMES,3
4632,LOUKAS,3
4632,LOVELLE,3
4632,LUAY,3
4632,LUCKY,3
4632,LUEN,3
4632,LUEY,3
4632,LUI,3
4632,LUIE,3
4632,LYAS,3
4632,LYDON,3
4632,LYNCOLN,3
4632,LYNTON,3
4632,LYON,3
4632,MAAN,3
4632,MACARIO,3
4632,MACEO,3
4632,MADDEN,3
4632,MADISON,3
4632,MADOC,3
4632,MAHBEER,3
4632,MAHFUZ,3
4632,MAHID,3
4632,MAIKLS,3
4632,MAISON-LEE,3
4632,MAIWAND,3
4632,MAJED,3
4632,MALLY,3
4632,MAM,3
4632,MANAN,3
4632,MANAS,3
4632,MANFRED,3
4632,MANIT,3
4632,MANNAN,3
4632,MANROOP,3
4632,MANTEJ,3
4632,MARCEAU,3
4632,MARCELI,3
4632,MARCU,3
4632,MAREKS,3
4632,MARIN,3
4632,MARLI,3
4632,MARLIE,3
4632,MARNI,3
4632,MARTELL,3
4632,MARTON,3
4632,MARVEL,3
4632,MARVYN,3
4632,MASEEH,3
4632,MASOOD,3
4632,MASROOR,3
4632,MASUUD,3
4632,MATEJUS,3
4632,MATHIEU,3
4632,MATISSE,3
4632,MATVEY,3
4632,MAURICIO,3
4632,MAURYCY,3
4632,MAXEN,3
4632,MAYNARD,3
4632,MEDHANSH,3
4632,MEEKAL,3
4632,MEESUM,3
4632,MEIRION,3
4632,MEKAIL,3
4632,MERRICK,3
4632,METODI,3
4632,MICHAEL-JUNIOR,3
4632,MICHOEL,3
4632,MICK,3
4632,MICKEL,3
4632,MIHNEA,3
4632,MIKAI,3
4632,MIKEAL,3
4632,MILEN,3
4632,MIN,3
4632,MIRKO,3
4632,MISHAL,3
4632,MITCH,3
4632,MITHUN,3
4632,MOBEEN,3
4632,MOHAMMED-ALI,3
4632,MOHAMMED-ARMAAN,3
4632,MOHAMMED-AYAAN,3
4632,MOHAMMED-YUSUF,3
4632,MOHAMOUD,3
4632,MOHAN,3
4632,MOHIB,3
4632,MOHMMED,3
4632,MOHSEN,3
4632,MOI,3
4632,MOISHY,3
4632,MOKSH,3
4632,MOMEN,3
4632,MOMODOU,3
4632,MONTAGU,3
4632,MORDCHE,3
4632,MORDECAI,3
4632,MORGAN-LEE,3
4632,MORTEN,3
4632,MORUS,3
4632,MOSS,3
4632,MOUAD,3
4632,MOUSTAPHA,3
4632,MOZES,3
4632,MUAADH,3
4632,MUDASIR,3
4632,MUEEZ,3
4632,MUFADDAL,3
4632,MUHAMADU,3
4632,MUHAMMAD-HUSSAIN,3
4632,MUHAMMAD-ISMAIL,3
4632,MUHAMMAD-KAIF,3
4632,MUHAMMAD-RAYAN,3
4632,MUHAMMAD-ZAKARIYA,3
4632,MUHAMMED-ALI,3
4632,MUHAMMED-AYAAN,3
4632,MUHAMMED-IBRAHIM,3
4632,MUNACHI,3
4632,MUNRO,3
4632,MURDO,3
4632,MURTADHA,3
4632,MUSAAB,3
4632,MUSADDIQ,3
4632,MUSAH,3
4632,MUSAID,3
4632,MUSE,3
4632,MUSTAFE,3
4632,MUSTAQEEM,3
4632,MUZAKKIR,3
4632,MYLAN,3
4632,MYRAN,3
4632,NA'IL,3
4632,NABIIL,3
4632,NADEEM,3
4632,NAFTALI,3
4632,NAHEL,3
4632,NAHID,3
4632,NAHYAAN,3
4632,NAHYAN,3
4632,NAITHAN,3
4632,NAOKI,3
4632,NARYAN,3
4632,NASER,3
4632,NASHE,3
4632,NASIM,3
4632,NASSIM,3
4632,NASSIR,3
4632,NATANAEL,3
4632,NATAS,3
4632,NATHANEAL,3
4632,NAVID,3
4632,NEDAS,3
4632,NEESON,3
4632,NEHAN,3
4632,NETANEL,3
4632,NEVEN,3
4632,NEVIN,3
4632,NEVYN,3
4632,NIAZ,3
4632,NICCOLO,3
4632,NICODEMUS,3
4632,NII,3
4632,NIKAN,3
4632,NIKAS,3
4632,NIKLAUS,3
4632,NIKUNJ,3
4632,NIMA,3
4632,NINO,3
4632,NIRAN,3
4632,NIRAV,3
4632,NITAI,3
4632,NITHARSAN,3
4632,NIYAH,3
4632,NIYAM,3
4632,NJ,3
4632,NNAEMEKA,3
4632,NOAR,3
4632,NOL,3
4632,NOSSON,3
4632,NOVA,3
4632,NOYAN,3
4632,NUBAID,3
4632,NURUDDIN,3
4632,NYAL,3
4632,NYLES,3
4632,O'SHAE,3
4632,O'SHANE,3
4632,OAKLEN,3
4632,OBAID,3
4632,OBAN,3
4632,OBIORA,3
4632,ODINAKACHUKWU,3
4632,ODYSSEAS,3
4632,OGHENEBRUME,3
4632,OGHENETEGA,3
4632,OGHENETEJIRI,3
4632,OLADIPUPO,3
4632,OLAMIDE,3
4632,OLANREWAJU,3
4632,OLAYINKA,3
4632,OLISAEMEKA,3
4632,OLIVER-DANIEL,3
4632,OLIVER-GEORGE,3
4632,OLIVER-JOHN,3
4632,OLLY-JAMES,3
4632,OLUFEMI,3
4632,OLUMIDE,3
4632,OLUWADAMILARE,3
4632,OLUWAKAYODE,3
4632,OLUWAKOREDE,3
4632,OLUWATISE,3
4632,OLUWATOSIN,3
4632,OMOTAYO,3
4632,ONIAS,3
4632,ONOSETALE,3
4632,OPEOLUWA,3
4632,OREOLUWA,3
4632,ORESTIS,3
4632,ORI,3
4632,ORPHEUS,3
4632,ORRY,3
4632,OSAZEE,3
4632,OSCA,3
4632,OSCAR-JAY,3
4632,OSIRIS,3
4632,OSKER,3
4632,OSSIE,3
4632,OSTYN,3
4632,OTTAVIO,3
4632,OZAIR,3
4632,OZIL,3
4632,PAARTH,3
4632,PADRAIG,3
4632,PAISLEY,3
4632,PARIN,3
4632,PARIS,3
4632,PAU,3
4632,PAVIT,3
4632,PAVOL,3
4632,PAXTON,3
4632,PAYTON,3
4632,PEARCE,3
4632,PELE,3
4632,PEREGRINE,3
4632,PERRI,3
4632,PERSEUS,3
4632,PETAR,3
4632,PETE,3
4632,PHIL,3
4632,PHINNAEUS,3
4632,PIERO,3
4632,PIJUS,3
4632,PRABH,3
4632,PRABHJOT,3
4632,PRAJWAL,3
4632,PRANISH,3
4632,PRAYAN,3
4632,PRECIOUS,3
4632,PRESTON-JAMES,3
4632,PRESTON-LEE,3
4632,PRINCEWILL,3
4632,PRIYANSH,3
4632,PURAN,3
4632,QAASIM,3
4632,QUAID,3
4632,QUAN,3
4632,QUINTEN,3
4632,RAAM,3
4632,RABI,3
4632,RACHIT,3
4632,RACIM,3
4632,RADOSLAV,3
4632,RAFA,3
4632,RAFAN,3
4632,RAFEE,3
4632,RAHAT,3
4632,RAHEES,3
4632,RAIN,3
4632,RAITH,3
4632,RAMEEZ,3
4632,RAMEY,3
4632,RAMIZ,3
4632,RAMON,3
4632,RASTISLAV,3
4632,RAUNAK,3
4632,RAVEN,3
4632,RAWAD,3
4632,RAYANE,3
4632,RAYANSH,3
4632,RAYDAN,3
4632,RAYEN,3
4632,RAYSHAWN,3
4632,RE'KAI,3
4632,REDD,3
4632,REDFORD,3
4632,REEYAN,3
4632,REGIS,3
4632,REHMAAN,3
4632,REIGN,3
4632,REMELL,3
4632,REMINGTON,3
4632,RENELL,3
4632,RENLEY,3
4632,RENLY,3
4632,REWAN,3
4632,REYAANSH,3
4632,REYON,3
4632,RHIAN,3
4632,RHIEN,3
4632,RHION,3
4632,RHUBEN,3
4632,RHUN,3
4632,RHYDER,3
4632,RICHMOND,3
4632,RICKY-LEE,3
4632,RIDHAM,3
4632,RIDHWAN,3
4632,RIHAAN,3
4632,RIKAI,3
4632,RIKO,3
4632,RILEE,3
4632,RILEY-JACK,3
4632,RILEY-MASON,3
4632,RIO-JAMES,3
4632,RISHANTH,3
4632,RITHISH,3
4632,RIVAAN,3
4632,RIYAAD,3
4632,RIYEN,3
4632,RIYON,3
4632,ROBERTAS,3
4632,ROBY,3
4632,ROCCO-LEE,3
4632,ROCK,3
4632,RODERICK,3
4632,RODI,3
4632,ROGUE,3
4632,ROHAT,3
4632,ROHEN,3
4632,ROMAI,3
4632,ROMANS,3
4632,ROMARNI,3
4632,ROMELLO,3
4632,ROMERO,3
4632,ROMIE,3
4632,ROOP,3
4632,ROREY,3
4632,ROWLAND,3
4632,ROYEM,3
4632,ROZH,3
4632,RUBENS,3
4632,RUDHRA,3
4632,RUDOLF,3
4632,RUDYARD,3
4632,RUEDI,3
4632,RUMAAN,3
4632,RUMI,3
4632,RUNE,3
4632,RUSHIL,3
4632,RYAN-JUNIOR,3
4632,RYANVEER,3
4632,RYE,3
4632,RYU,3
4632,SAADIQ,3
4632,SAATVIK,3
4632,SABEEH,3
4632,SABER,3
4632,SABIAN,3
4632,SACHITH,3
4632,SADDIQ,3
4632,SAHIBVIR,3
4632,SAHIBZADA,3
4632,SAHID,3
4632,SAIDOU,3
4632,SAIFUL,3
4632,SAIHAN,3
4632,SAJMON,3
4632,SAKIB,3
4632,SALIK,3
4632,SAMARVIR,3
4632,SAMET,3
4632,SAMIH,3
4632,SAMIM,3
4632,SAMRAT,3
4632,SAMYOG,3
4632,SANCHEZ,3
4632,SANEESH,3
4632,SANTHOSH,3
4632,SANTO,3
4632,SARMAD,3
4632,SASWIN,3
4632,SATHVIK,3
4632,SAURAV,3
4632,SAVIO,3
4632,SAVRAAJ,3
4632,SAYF,3
4632,SAYHAAN,3
4632,SAYYED,3
4632,SAYYID,3
4632,SCOT,3
4632,SEBASTIAAN,3
4632,SEBASTIANO,3
4632,SEBASTIANS,3
4632,SEFA,3
4632,SERAPHIM,3
4632,SEVAK,3
4632,SEWA,3
4632,SEYON,3
4632,SHAFAYAT,3
4632,SHAFIN,3
4632,SHAHAAN,3
4632,SHAHIL,3
4632,SHAHZEB,3
4632,SHAIDEN,3
4632,SHAIK,3
4632,SHAKIB,3
4632,SHAKUR,3
4632,SHAMAR,3
4632,SHAQUILLE,3
4632,SHAREEF,3
4632,SHARWIN,3
4632,SHAUL,3
4632,SHEPHERD,3
4632,SHER,3
4632,SHERVIN,3
4632,SHINJI,3
4632,SHIVAANSH,3
4632,SHIVRAJ,3
4632,SHKO,3
4632,SHO,3
4632,SHOLA,3
4632,SHOLOM,3
4632,SIDDARTH,3
4632,SILVAN,3
4632,SIMAO,3
4632,SIMBA,3
4632,SIMCHA,3
4632,SIMRAN,3
4632,SIRIUS,3
4632,SIXTEN,3
4632,SIYAAM,3
4632,SOFIANE,3
4632,SOLIMAN,3
4632,SOMTOCHUKWU,3
4632,SONNY-JAMES,3
4632,SRIHAN,3
4632,SRIJAN,3
4632,SRULI,3
4632,STANLEIGH,3
4632,STANTON,3
4632,SUCCESS,3
4632,SUFIYAAN,3
4632,SUHAYL,3
4632,T-JAY,3
4632,TAAHA,3
4632,TAANISH,3
4632,TADGH,3
4632,TAEO,3
4632,TAFARA,3
4632,TAHMEED,3
4632,TAHSEEN,3
4632,TAIM,3
4632,TAINE,3
4632,TAITE,3
4632,TALEB,3
4632,TALIN,3
4632,TALON,3
4632,TAM,3
4632,TAMAS,3
4632,TAMJEED,3
4632,TANZIL,3
4632,TARO,3
4632,TARRAN,3
4632,TARRELL,3
4632,TAYEB,3
4632,TAYLOR-JOE,3
4632,TEAL,3
4632,TEDDY-JAY,3
4632,TEGBIR,3
4632,TEJVIR,3
4632,TEON,3
4632,TERRY-JAMES,3
4632,TERVEL,3
4632,THANE,3
4632,THASHVIN,3
4632,THEMBA,3
4632,THEO-JOHN,3
4632,THEO-PAUL,3
4632,THEODEN,3
4632,THORNTON,3
4632,THURSTON,3
4632,TIAM,3
4632,TIMOFEY,3
4632,TIMOTHEE,3
4632,TIRENIOLUWA,3
4632,TITO,3
4632,TOBYN,3
4632,TOLGA,3
4632,TOMA,3
4632,TOMMY-DEAN,3
4632,TOMMY-JOE,3
4632,TORREN,3
4632,TRAVAE,3
4632,TRAYVON,3
4632,TRISTYN,3
4632,TYLAR,3
4632,TYLER-JACOB,3
4632,TYRAE,3
4632,TYRAN,3
4632,TYRECE,3
4632,TYREE,3
4632,TYREN,3
4632,TYRESSE,3
4632,UBAYDAH,3
4632,UCHENNA,3
4632,UGNIUS,3
4632,UGUR,3
4632,UNAI,3
4632,UNAIS,3
4632,UNAYS,3
4632,URIEL,3
4632,USAMAH,3
4632,VAHIN,3
4632,VALEN,3
4632,VALERIO,3
4632,VALI,3
4632,VASIL,3
4632,VASILE,3
4632,VELIZAR,3
4632,VERON,3
4632,VIAN,3
4632,VIKRANT,3
4632,VINNI,3
4632,VISHAL,3
4632,VISHRUTH,3
4632,VISHWA,3
4632,VIVIAN,3
4632,VYTIS,3
4632,WADAAN,3
4632,WADAN,3
4632,WAHEED,3
4632,WAI,3
4632,WALIULLAH,3
4632,WASSIM,3
4632,WAYDE,3
4632,WILLIAM-JAMES,3
4632,WITOLD,3
4632,WOODIE,3
4632,WYNN,3
4632,XAVERY,3
4632,XERXES,3
4632,XIAO,3
4632,XYLO,3
4632,YAASIR,3
4632,YACIN,3
4632,YACOUB,3
4632,YAGO,3
4632,YAN,3
4632,YANG,3
4632,YARED,3
4632,YAROSLAV,3
4632,YAVUZ,3
4632,YAZEN,3
4632,YEKTA,3
4632,YIANNIS,3
4632,YISRAEL,3
4632,YNYR,3
4632,YOCHANAN,3
4632,YOONSUNG,3
4632,YOUNAS,3
4632,YOUSSOUF,3
4632,YTHAN,3
4632,YUSAF,3
4632,YUVAAN,3
4632,YUVIN,3
4632,Z'MARI,3
4632,ZACARY,3
4632,ZACCAI,3
4632,ZACCARIA,3
4632,ZACKARIYA,3
4632,ZADOK,3
4632,ZAFAR,3
4632,ZAHAR,3
4632,ZAI,3
4632,ZAIIN,3
4632,ZAIM,3
4632,ZAIN-UL-ABIDEEN,3
4632,ZAKAREE,3
4632,ZAKARYA,3
4632,ZAKHARY,3
4632,ZAKRIYA,3
4632,ZANDA,3
4632,ZARAAR,3
4632,ZARAK,3
4632,ZAYDAAN,3
4632,ZEHN,3
4632,ZEYD,3
4632,ZHEN,3
4632,ZIXUAN,3
4632,ZORAIZ,3
4632,ZSIGMOND,3
4632,ZULQARNAIN,3