Rank,Name,Count
1,OLIVER,6941
2,JACK,5371
3,HARRY,5308
4,GEORGE,4869
5,JACOB,4850
6,CHARLIE,4831
7,NOAH,4148
8,WILLIAM,4083
9,THOMAS,4075
10,OSCAR,4066
11,JAMES,3912
12,MUHAMMAD,3730
13,HENRY,3581
14,ALFIE,3540
15,LEO,3468
16,JOSHUA,3394
17,FREDDIE,3219
18,ETHAN,2940
19,ARCHIE,2912
20,ISAAC,2829
21,JOSEPH,2786
22,ALEXANDER,2759
23,SAMUEL,2705
24,DANIEL,2622
25,LOGAN,2610
26,EDWARD,2593
27,LUCAS,2448
28,MAX,2407
29,MOHAMMED,2332
30,BENJAMIN,2328
31,MASON,2263
32,HARRISON,2241
33,THEO,2103
34,JAKE,2013
35,SEBASTIAN,1988
36,FINLEY,1978
37,ARTHUR,1966
38,ADAM,1903
38,DYLAN,1903
40,RILEY,1728
41,ZACHARY,1644
42,TEDDY,1430
43,DAVID,1394
44,TOBY,1363
45,THEODORE,1302
46,ELIJAH,1294
47,MATTHEW,1279
48,JENSON,1223
49,JAYDEN,1219
50,HARVEY,1190
51,REUBEN,1188
52,HARLEY,1175
53,LUCA,1167
54,MICHAEL,1165
55,HUGO,1153
56,LEWIS,1148
57,FRANKIE,1112
58,LUKE,1095
59,STANLEY,1078
60,TOMMY,1075
61,JUDE,1040
62,BLAKE,1024
63,LOUIE,1002
64,NATHAN,997
65,GABRIEL,989
66,CHARLES,985
67,BOBBY,983
68,MOHAMMAD,976
69,RYAN,955
70,TYLER,948
71,ELLIOTT,938
72,ALBERT,933
73,ELLIOT,926
74,RORY,912
75,ALEX,900
76,FREDERICK,875
77,OLLIE,873
78,LOUIS,854
79,DEXTER,850
80,JAXON,837
81,LIAM,836
82,JACKSON,818
83,CALLUM,798
83,RONNIE,798
85,LEON,795
86,KAI,775
87,AARON,773
88,ROMAN,763
89,AUSTIN,751
90,ELLIS,721
91,JAMIE,708
91,REGGIE,708
93,SETH,703
94,CARTER,689
95,FELIX,680
96,IBRAHIM,674
97,SONNY,670
98,KIAN,665
99,CALEB,659
100,CONNOR,642
101,OWEN,621
102,ARLO,619
103,DOMINIC,618
104,JASPER,608
105,ROBERT,605
106,TOBIAS,604
107,ALBIE,601
108,JOHN,594
109,JOEL,591
110,JESSE,573
111,ROWAN,572
112,AIDEN,566
113,EVAN,554
114,ALFRED,552
115,YUSUF,549
116,CODY,546
117,JOEY,543
117,PATRICK,543
119,ELI,538
120,BILLY,534
121,MUHAMMED,532
122,RALPH,529
123,FINLAY,520
124,NATHANIEL,517
125,AYAAN,514
126,FINN,512
127,EZRA,502
128,MAXWELL,496
129,LINCOLN,479
130,BAILEY,474
131,CHRISTOPHER,454
132,CAMERON,451
133,HUNTER,446
134,KAYDEN,439
135,MILO,434
136,RHYS,426
137,ALI,425
138,AIDAN,421
139,ROCCO,414
140,NICHOLAS,410
141,BRADLEY,407
142,PARKER,397
143,RUPERT,396
144,ANTHONY,388
145,VINCENT,387
146,ABDULLAH,386
147,COOPER,385
148,BRODY,381
148,FILIP,381
150,TED,379
151,JAKUB,375
151,KYLE,375
153,RUBEN,374
153,SPENCER,374
155,LEVI,373
156,SYED,372
157,FLYNN,371
158,HAYDEN,368
158,JONAH,368
160,LEONARDO,366
160,MAXIMILIAN,366
162,MUSA,362
163,JASON,355
164,KAIDEN,352
165,BEN,350
166,OAKLEY,348
166,OLLY,348
168,MILES,347
168,TRISTAN,347
170,ALAN,346
171,ASHTON,343
172,GRAYSON,340
173,ERIC,338
174,COREY,337
175,KEVIN,336
176,HUDSON,335
177,PETER,330
177,SAM,330
177,ZAC,330
180,COLE,327
181,MAXIMUS,325
182,MOHAMED,323
183,AHMED,320
184,RAYAN,310
184,WILFRED,310
186,VINNIE,307
187,FRANK,306
188,HAMZA,305
189,ELIAS,304
190,ABDUL,300
191,JENSEN,299
191,JONATHAN,299
193,BEAU,298
194,MARCUS,297
194,MYLES,297
196,KACPER,296
197,MORGAN,292
198,JAXSON,291
198,TAYLOR,291
200,JORDAN,290
201,LEIGHTON,287
201,ZACK,287
203,ANDREW,284
204,LAYTON,283
204,MARLEY,283
206,JOE,281
207,BARNABY,280
207,ZAIN,280
209,YAHYA,279
210,XAVIER,274
211,ZAKARIYA,272
212,BRANDON,266
212,REX,266
214,CHRISTIAN,265
214,OSKAR,265
214,RAYYAN,265
217,JAX,260
217,OMAR,260
219,CHASE,257
220,ZAYN,255
221,FREDDY,254
222,LENNY,253
223,MARCEL,252
223,ROHAN,252
223,ZAK,252
226,EESA,251
226,REECE,251
228,FLETCHER,250
228,ROBIN,250
230,SIDNEY,249
231,CHESTER,247
231,MUSTAFA,247
233,RAPHAEL,245
234,DANNY,239
235,DOMINIK,237
235,FRANCIS,237
235,JAY,237
238,ANTONI,235
239,EMMANUEL,234
240,FRASER,227
240,LUKAS,227
242,MARTIN,226
243,ISAIAH,222
244,ADRIAN,218
245,DECLAN,217
245,EDDIE,217
245,EWAN,217
245,MARK,217
249,VICTOR,212
250,RUFUS,210
251,JAN,206
252,TOM,204
252,UMAR,204
254,OTTO,203
255,LEONARD,201
256,RICHARD,200
257,ARYAN,199
258,ISMAIL,198
258,OTIS,198
260,RAFAEL,197
261,CASEY,196
262,HASSAN,195
262,SHAY,195
264,AHMAD,194
265,MALACHI,193
265,ZACH,193
267,RIO,192
268,KIERAN,191
268,PRESTON,191
270,FABIAN,190
271,LENNON,188
272,JULIAN,187
273,HARRIS,186
273,TRAVIS,186
275,JOSIAH,185
276,NICOLAS,183
277,BRODIE,179
277,LORENZO,179
277,XANDER,179
280,IDRIS,177
281,CASPER,174
281,RAFE,174
283,JUNIOR,171
284,ASHER,170
284,SEAN,170
286,PAUL,169
287,AARAV,167
287,NICO,167
289,RAFFERTY,164
290,ABEL,163
290,IVAN,163
292,OSIAN,161
293,NATAN,160
293,QUINN,160
295,ARJUN,158
295,SOLOMON,158
297,COHEN,157
298,DAMIAN,156
299,COBY,155
299,HECTOR,155
299,MARSHALL,155
302,ANGUS,153
302,BUDDY,153
302,EDEN,153
305,BERTIE,152
305,BODHI,152
305,DOUGLAS,152
305,MONTY,152
309,CIAN,151
309,EUAN,151
309,HARIS,151
312,AYDEN,150
313,ENZO,149
313,ERNEST,149
313,LOCHLAN,149
313,PHILIP,149
317,ISA,148
317,PHOENIX,148
319,SZYMON,147
320,ALEKSANDER,146
321,ASTON,145
322,AADAM,143
322,BENTLEY,143
322,HARRI,143
322,MICAH,143
322,SAMI,143
322,TROY,143
322,WYATT,143
329,JEREMIAH,142
329,JIMMY,142
331,JAIDEN,141
331,MILAN,141
331,RUDY,141
334,AMIR,140
334,BILAL,140
334,REMY,140
337,ARCHER,139
337,TOMAS,139
339,CAIDEN,137
339,TEDDIE,137
341,BENEDICT,136
341,BROOKLYN,136
341,FRANKLIN,136
344,CONOR,135
345,SIMON,134
346,HUGH,133
346,ROMEO,133
348,JOSH,132
348,LUKA,132
348,TIMOTHY,132
351,DENIS,131
351,STEFAN,131
353,NIALL,130
354,MIKOLAJ,129
355,KALEB,128
355,KIT,128
357,STEPHEN,127
358,MYLO,126
359,NIKODEM,125
359,TATE,125
361,MATTEO,124
362,LUIS,123
363,AXEL,122
363,FINNLEY,122
363,IBRAHEEM,122
363,LACHLAN,122
363,ZAYD,122
368,ASHLEY,120
368,DENNIS,120
368,KANE,120
371,DOUGIE,119
372,NOEL,118
373,ILYAS,117
373,LAWRENCE,117
373,MONTGOMERY,117
373,OLIVIER,117
377,HENLEY,116
377,ZACHARIAH,116
379,JAC,115
379,LAURENCE,115
379,NATE,115
379,RONAN,115
383,BRIAN,114
383,CARSON,114
385,ARON,113
385,JACE,113
387,HEATH,112
388,CAELAN,110
388,FRANCISZEK,110
390,AYAN,109
390,BRAYDEN,109
390,BRUNO,109
393,HUSSAIN,108
393,ISMAEEL,108
393,RIVER,108
393,WALTER,108
397,DIEGO,107
397,SCOTT,107
399,DARIUS,106
399,EZEKIEL,106
399,HAMISH,106
399,IOAN,106
403,STEVEN,105
404,ALISTAIR,104
404,CILLIAN,104
406,CRUZ,103
406,DEACON,103
406,ERIK,103
406,MAGNUS,103
410,LEYTON,102
410,REGAN,102
410,SANTIAGO,102
410,ZAKARIA,102
414,CLARK,101
415,KOBI,100
416,ANTONIO,99
416,CALVIN,99
416,LAWSON,99
416,MAXIM,99
420,DAWID,98
420,HAIDER,98
420,WOODY,98
423,BARNEY,97
423,DEAN,97
423,JADEN,97
423,MALIK,97
423,MARCO,97
423,ZANE,97
429,ALEXANDRU,96
429,ANAS,96
429,HASAN,96
429,HASHIM,96
429,KHALID,96
429,KYE,96
435,AZAAN,95
435,REGINALD,95
437,ROBBIE,94
438,AYMAN,93
438,CALUM,93
438,EDISON,93
438,RALPHIE,93
442,AAHIL,92
442,OLIWIER,92
442,ZAYAN,92
445,AYDIN,91
445,CAI,91
445,CURTIS,91
445,JAKOB,91
445,MCKENZIE,91
450,JOHNNY,90
450,JUSTIN,90
450,KOBY,90
450,LUCIAN,90
450,MIKEY,90
450,ROGAN,90
456,BRYAN,89
456,EDWIN,89
456,KYRON,89
456,MITCHELL,89
456,TOMOS,89
461,AAYAN,88
461,ARCHIBALD,88
461,SULAIMAN,88
461,ZION,88
465,CAYDEN,87
465,DANTE,87
465,MAKSYMILIAN,87
465,PATRYK,87
465,SAMSON,87
470,ABRAHAM,86
470,DAWSON,86
472,CASSIUS,85
472,HARI,85
472,IGOR,85
472,ORSON,85
476,MARIO,84
476,MILLER,84
478,AARYAN,83
478,ANDREI,83
478,KRISH,83
478,MICHAL,83
482,COLBY,82
482,HENRI,82
482,YUVRAJ,82
485,DILLON,81
485,ERNIE,81
485,MADDOX,81
485,PERCY,81
489,ANDRE,80
489,LOKI,80
489,MALAKAI,80
489,RYDER,80
493,IAN,79
493,WILL,79
493,YASIN,79
493,ZAYAAN,79
497,AMAAN,78
497,JEREMY,78
497,JONAS,78
500,CLAYTON,77
500,IMRAN,77
500,JAGO,77
500,KEEGAN,77
500,PRINCE,77
500,YASEEN,77
506,DEVON,76
506,EMIL,76
506,FRAZER,76
506,GUY,76
506,ISSAC,76
506,KOBE,76
506,KRISTIAN,76
506,KYRAN,76
506,OLAF,76
506,RAHEEM,76
506,SHANE,76
506,YOUSUF,76
518,ALBY,75
518,DANIYAL,75
518,DREW,75
518,JAI,75
518,REHAN,75
523,KADEN,74
523,NIKOLAS,74
523,YUNUS,74
526,AMARI,73
526,ELIS,73
526,LEE,73
526,MATEO,73
526,MATEUSZ,73
526,RAY,73
526,RUDI,73
526,WESLEY,73
526,WIKTOR,73
526,YAQUB,73
536,ARMAAN,72
536,KINGSLEY,72
538,BYRON,71
538,DAMIEN,71
538,DOMINYKAS,71
538,ROSS,71
538,SHAUN,71
543,ARJAN,70
543,ATTICUS,70
543,BRAXTON,70
543,DALTON,70
543,KYLAN,70
543,LENNOX,70
543,REAGAN,70
543,TOMASZ,70
543,TYMON,70
543,VINNY,70
553,CADEN,69
553,ISRAEL,69
553,WILBUR,69
553,YOUSEF,69
557,AJAY,68
557,KASPER,68
557,RIAN,68
557,RICO,68
557,RUEBEN,68
557,ZAKARIYYA,68
563,GETHIN,67
563,KAMIL,67
565,ABDULRAHMAN,66
565,COEN,66
565,KAYSON,66
565,MAISON,66
565,MAXIMILLIAN,66
565,ORLANDO,66
571,EDUARD,65
571,FARIS,65
571,KEATON,65
571,LEONIDAS,65
571,MATEI,65
571,SULLIVAN,65
577,FERGUS,64
577,HENDRIX,64
577,JUDAH,64
577,KODY,64
577,NED,64
577,NOLAN,64
577,VEER,64
577,WARREN,64
577,ZAID,64
586,BRUCE,63
586,ESA,63
586,FRED,63
586,JAMAL,63
586,KENZIE,63
586,LELAND,63
586,LENNIE,63
586,MATAS,63
586,SHAYAN,63
586,SUBHAN,63
586,TALHA,63
597,CAIRO,62
597,EMERSON,62
597,FRANKY,62
597,SALMAN,62
601,ANDREAS,61
601,FARHAN,61
601,GEORGIE,61
601,HAROON,61
601,JAYCE,61
601,KAREEM,61
601,MIGUEL,61
601,NATHANAEL,61
601,ORION,61
601,PIOTR,61
601,RAYAAN,61
612,ADYAN,60
612,DORIAN,60
612,MIKAEEL,60
612,TOMMY-LEE,60
612,UZAIR,60
612,ZANDER,60
618,ADDISON,59
618,ANGELO,59
618,EDMUND,59
618,HARPER,59
618,LAITH,59
623,BROGAN,58
623,EISA,58
623,ERYK,58
626,CIARAN,57
626,FYNN,57
626,HUXLEY,57
629,HUBERT,56
629,ISHAQ,56
629,KYAN,56
629,MOSES,56
633,AYUB,55
633,ISHAAN,55
633,KARIM,55
633,RAYMOND,55
633,RISHI,55
633,VIVAAN,55
633,WINSTON,55
640,ANTONY,54
640,ARHAM,54
640,KADE,54
640,KIAAN,54
640,MATHEW,54
640,SULAYMAN,54
646,CAIN,53
646,CARL,53
646,EMANUEL,53
646,HADLEY,53
646,JARED,53
646,OMER,53
646,SAUL,53
646,STANISLAW,53
646,ZAYNE,53
646,ZAYYAN,53
656,AARIZ,52
656,ADNAN,52
656,ARI,52
656,AYYUB,52
656,DAWUD,52
656,EMMETT,52
656,HADI,52
656,HARLAN,52
656,HERBIE,52
656,KAIRO,52
656,MD,52
656,RONNY,52
656,RYLEY,52
656,USMAN,52
656,VIKTOR,52
671,ABBAS,51
671,EOIN,51
671,FRANCESCO,51
671,HAMZAH,51
671,JETT,51
671,SAMIR,51
677,AVI,50
677,DENIZ,50
677,KEYAAN,50
677,OISIN,50
677,VIHAAN,50
682,ANTON,49
682,ARMAN,49
682,CALLAN,49
682,EREN,49
682,HASNAIN,49
682,JAYLEN,49
682,KAJUS,49
682,MACSEN,49
682,TONY,49
682,WILSON,49
692,GIOVANNI,48
692,HUSSEIN,48
692,IDREES,48
692,IEUAN,48
692,LORCAN,48
692,MIKAEL,48
692,MIKAIL,48
692,ODIN,48
692,RALPHY,48
692,TOMMIE,48
702,ALEC,47
702,AMOS,47
702,ARTUR,47
702,ASA,47
702,AVERY,47
702,AYAZ,47
702,BARTOSZ,47
702,CASPAR,47
702,DANIELIUS,47
702,EDGAR,47
702,GREYSON,47
702,JOVAN,47
702,LLOYD,47
702,NOJUS,47
702,OWAIN,47
702,VALENTINO,47
702,ZACKARY,47
719,ABDIRAHMAN,46
719,HUEY,46
719,KABIR,46
719,KHALIL,46
719,KUBA,46
719,QASIM,46
719,SAIF,46
719,SEBASTIEN,46
727,ALESSANDRO,45
727,ALEXIS,45
727,ALFIE-JAMES,45
727,FAIZAN,45
727,ISMAEL,45
727,LUCCA,45
727,LUQMAN,45
727,MACKENZIE,45
727,MAHDI,45
727,NEO,45
727,SAHIL,45
727,TAHA,45
727,TIAGO,45
740,ADIL,44
740,BAXTER,44
740,BRENDAN,44
740,CLAY,44
740,DARCY,44
740,DHRUV,44
740,EMILIO,44
740,FOX,44
740,HERBERT,44
740,ISHAAQ,44
740,PHILLIP,44
740,REEGAN,44
740,SAFWAN,44
753,ACE,43
753,ALVIN,43
753,AMMAR,43
753,CARLOS,43
753,CORY,43
753,DARREN,43
753,IESTYN,43
753,MALACHY,43
753,ROSCOE,43
753,SAHIB,43
753,SHAE,43
753,TYLER-JAMES,43
765,ABDURRAHMAN,42
765,ARNIE,42
765,ARRAN,42
765,BRAYDON,42
765,DEEN,42
765,GIDEON,42
765,GREGORY,42
765,KEELAN,42
765,KENNY,42
765,MILOSZ,42
765,RAJA,42
765,RONALD,42
765,TARAN,42
765,TYRESE,42
779,AUBREY,41
779,AYOUB,41
779,COLTON,41
779,CONRAD,41
779,CYRUS,41
779,EMIR,41
779,JAYDON,41
779,KOBIE,41
779,MEHMET,41
779,REYANSH,41
779,SUFYAN,41
790,AMAN,40
790,CHRIS,40
790,DENNY,40
790,FIONN,40
790,HASHIR,40
790,JEEVAN,40
790,JORGE,40
790,KALLUM,40
790,KAYLAN,40
790,NIKITA,40
790,PADDY,40
790,RAIFE,40
790,SEB,40
790,TEO,40
790,TEODOR,40
790,ZAKI,40
790,ZIDAN,40
807,AARUSH,39
807,ALEJANDRO,39
807,ARAN,39
807,DILAN,39
807,GUS,39
807,HAYDN,39
807,IWAN,39
807,JAK,39
807,KARTER,39
807,MIKHAIL,39
807,PRESLEY,39
807,REMI,39
807,RICKY,39
807,VIAAN,39
821,ANDY,38
821,CASPIAN,38
821,COLIN,38
821,CRAIG,38
821,DEV,38
821,HAARIS,38
821,RIAAN,38
821,RICARDO,38
821,SHEIKH,38
821,STEFFAN,38
821,YANIS,38
821,YOUSSEF,38
833,ABDALLAH,37
833,ALEXANDRE,37
833,ARIAN,37
833,ASHWIN,37
833,CLARKE,37
833,EFAN,37
833,FRANKLYN,37
833,IFAN,37
833,ISSA,37
833,JOSE,37
833,KAROL,37
833,KIERON,37
833,LEANDRO,37
833,MAKSIM,37
833,NIAM,37
833,RODRIGO,37
833,ROME,37
833,RUAIRI,37
833,SANTINO,37
833,SHAYAAN,37
833,TAYLAN,37
833,WOJCIECH,37
833,YASH,37
856,ABDULLAHI,36
856,AMIN,36
856,ARONAS,36
856,BEAR,36
856,CAYSON,36
856,DION,36
856,ELYAS,36
856,FREDRICK,36
856,HARLOW,36
856,IGNACY,36
856,KAYLEN,36
856,NATANIEL,36
856,NIKHIL,36
856,OMARI,36
856,REID,36
856,SULTAN,36
856,TYMOTEUSZ,36
873,AUSTEN,35
873,BENAS,35
873,BORYS,35
873,ELVIS,35
873,HUGHIE,35
873,IVOR,35
873,MATIAS,35
873,NIHAL,35
873,OWAIS,35
873,ROCKY,35
873,SHAH,35
873,SHEA,35
873,THEODOR,35
873,YASIR,35
873,ZEESHAN,35
888,ABDUR,34
888,ALASTAIR,34
888,FRANCO,34
888,FYNLEY,34
888,HUW,34
888,KENNETH,34
888,KIYAN,34
888,KODI,34
888,KUSH,34
888,LYLE,34
888,RILEY-JAMES,34
888,SIMEON,34
888,TIMUR,34
888,TREY,34
888,YASSIN,34
903,ABU,33
903,ABUBAKAR,33
903,ADITYA,33
903,ALESSIO,33
903,ANDERSON,33
903,ARNOLD,33
903,CHARLEY,33
903,DANYAL,33
903,DENZEL,33
903,EBEN,33
903,ELIOT,33
903,ENOCH,33
903,HUZAIFA,33
903,IANIS,33
903,JOAO,33
903,JULIUS,33
903,MAHIR,33
903,RAFI,33
903,RANVEER,33
903,RAUL,33
903,RUSSELL,33
903,SYDNEY,33
903,YANNIS,33
903,ZIGGY,33
927,ADEN,32
927,AHYAN,32
927,BORIS,32
927,DONNIE,32
927,ESSA,32
927,FLOYD,32
927,KAELAN,32
927,KENDRICK,32
927,KLAY,32
927,LOWEN,32
927,MARC,32
927,MATTHIAS,32
927,OSMAN,32
927,PATRIK,32
927,RAYHAN,32
927,RICHIE,32
927,RYLEE,32
927,SAXON,32
927,SEAMUS,32
927,SHIV,32
927,TERRY,32
927,TRYSTAN,32
927,TYRELL,32
950,ABDUR-RAHMAN,31
950,ABUBAKR,31
950,ARUN,31
950,AXL,31
950,AYRTON,31
950,BOBBIE,31
950,CHACE,31
950,CHE,31
950,CODIE,31
950,CORBEN,31
950,CRISTIAN,31
950,DEWI,31
950,ELWOOD,31
950,GRUFFYDD,31
950,JAYSON,31
950,JONTY,31
950,JUAN,31
950,KAMRAN,31
950,KELVIN,31
950,MARKUS,31
950,MAYSON,31
950,PABLO,31
950,SHILOH,31
950,SILAS,31
950,SOREN,31
950,VLAD,31
950,ZAVIER,31
977,AAMIR,30
977,AFFAN,30
977,BERNARD,30
977,BRYN,30
977,DAMON,30
977,DAWOOD,30
977,EMRYS,30
977,JAYDAN,30
977,JUNAID,30
977,KAISON,30
977,LEOPOLD,30
977,MACAULEY,30
977,MONTAGUE,30
977,NEIL,30
977,PRANAV,30
977,RAEES,30
977,SAAD,30
977,SUNNY,30
977,THEON,30
996,ALBI,29
996,ALFIE-LEE,29
996,AMAR,29
996,ARNAV,29
996,BENNY,29
996,BUSTER,29
996,CADE,29
996,CALLEN,29
996,CONAN,29
996,DALE,29
996,DARA,29
996,EDDISON,29
996,EMILIS,29
996,GABRIELIUS,29
996,HARMAN,29
996,HUMPHREY,29
996,INDIANA,29
996,KAJETAN,29
996,KARSON,29
996,KURTIS,29
996,NANA,29
996,PEDRO,29
996,SAMMY,29
996,STUART,29
996,TADHG,29
996,TUDOR,29
996,UMAIR,29
996,ZAKARIYAH,29
1024,AUGUSTUS,28
1024,DAN,28
1024,DUKE,28
1024,EKAM,28
1024,GAVIN,28
1024,GENE,28
1024,HAMMAD,28
1024,HARUN,28
1024,MOHAMAD,28
1024,NEHEMIAH,28
1024,PAWEL,28
1024,RARES,28
1024,ROY,28
1024,SID,28
1024,STIRLING,28
1024,SULEIMAN,28
1024,WILF,28
1024,WOODROW,28
1024,YOSEF,28
1024,YOUSAF,28
1024,YOUSIF,28
1024,ZAKARIAH,28
1046,ARRON,27
1046,ARVIN,27
1046,CAIO,27
1046,CARLO,27
1046,DARRAGH,27
1046,DARWIN,27
1046,EHSAN,27
1046,FAHAD,27
1046,FRANCISCO,27
1046,GILBERT,27
1046,INDY,27
1046,JED,27
1046,KAINE,27
1046,KARL,27
1046,KENZO,27
1046,KEON,27
1046,KRZYSZTOF,27
1046,LIONEL,27
1046,LUCIEN,27
1046,MACIEJ,27
1046,MATHIAS,27
1046,RILEY-JAY,27
1046,ROAN,27
1046,ROSHAN,27
1046,SALEH,27
1046,SAMEER,27
1046,VINCENZO,27
1046,YEHUDA,27
1074,ADEM,26
1074,ARIYAN,26
1074,ARTIE,26
1074,CHAIM,26
1074,DOMAS,26
1074,ETIENNE,26
1074,GERARD,26
1074,HAKEEM,26
1074,HORATIO,26
1074,HUZAIFAH,26
1074,JONNY,26
1074,KAAN,26
1074,KAISER,26
1074,KAMAL,26
1074,KAYAN,26
1074,LUAN,26
1074,MANUEL,26
1074,MICKEY,26
1074,RIDWAN,26
1074,SUBHAAN,26
1074,ZAYDAN,26
1095,DAVI,25
1095,DEVAN,25
1095,EMRE,25
1095,HARTLEY,25
1095,ISHAN,25
1095,JASE,25
1095,JAXX,25
1095,JERMAINE,25
1095,JEROME,25
1095,JERRY,25
1095,JOSHUA-JAMES,25
1095,KAYA,25
1095,KELLAN,25
1095,KRYSTIAN,25
1095,KSAWERY,25
1095,LAURIE,25
1095,LEWIE,25
1095,MARVIN,25
1095,MERT,25
1095,MUSAB,25
1095,OLIVER-JAMES,25
1095,PERRY,25
1095,SION,25
1095,SONNIE,25
1095,TOBI,25
1095,ZIDANE,25
1121,ABDURAHMAN,24
1121,ALEXANDROS,24
1121,ARIS,24
1121,AWAIS,24
1121,CAMDEN,24
1121,CHAD,24
1121,CHANCE,24
1121,DENVER,24
1121,DILLAN,24
1121,DIYAN,24
1121,DRAKE,24
1121,FABIO,24
1121,FAISAL,24
1121,FINDLAY,24
1121,GRIFF,24
1121,HASEEB,24
1121,IVO,24
1121,JACOB-JAMES,24
1121,JAYAN,24
1121,JOKUBAS,24
1121,JOZEF,24
1121,KAMARI,24
1121,KARAM,24
1121,KEREM,24
1121,KILLIAN,24
1121,LANDON,24
1121,MARKO,24
1121,MARLOW,24
1121,NABIL,24
1121,NIKO,24
1121,RAJVEER,24
1121,RIYAN,24
1121,SHAAN,24
1121,TAJUS,24
1121,THIERRY,24
1121,TOBIASZ,24
1121,TYLER-JAY,24
1121,ZAKIR,24
1159,ADRIEL,23
1159,AHSAN,23
1159,AKRAM,23
1159,ALEKSANDR,23
1159,ANSH,23
1159,ARYAAN,23
1159,BRYCE,23
1159,DARIN,23
1159,ESHAN,23
1159,GARY,23
1159,GWILYM,23
1159,HAIDEN,23
1159,JAMIL,23
1159,JETHRO,23
1159,JON,23
1159,JOSEF,23
1159,KOHEN,23
1159,MAHER,23
1159,MARTY,23
1159,MASSIMO,23
1159,NELSON,23
1159,OZZY,23
1159,RAIHAN,23
1159,REILLY,23
1159,ROHAAN,23
1159,SALAHUDDIN,23
1159,ZEKE,23
1186,ADOMAS,22
1186,ALASDAIR,22
1186,ALFIE-JAY,22
1186,ANISH,22
1186,ANWAR,22
1186,ATTILA,22
1186,AUGUST,22
1186,AYUSH,22
1186,BARAN,22
1186,BARKLEY,22
1186,BERTRAM,22
1186,BLAINE,22
1186,BOWEN,22
1186,BRADY,22
1186,DONALD,22
1186,DWAYNE,22
1186,FINNIAN,22
1186,HARLEE,22
1186,HARVEY-LEE,22
1186,JARVIS,22
1186,JAXEN,22
1186,JAYDEN-LEE,22
1186,JOTHAM,22
1186,JOWAN,22
1186,KAMERON,22
1186,KASEY,22
1186,KEYAN,22
1186,KIRILL,22
1186,KONRAD,22
1186,KOREY,22
1186,LAYTH,22
1186,LOCKIE,22
1186,MEMPHIS,22
1186,MORRIS,22
1186,MOSHE,22
1186,MURPHY,22
1186,NOA,22
1186,ORAN,22
1186,REHAAN,22
1186,REYAN,22
1186,SAI,22
1186,SHIVAM,22
1186,SHMUEL,22
1186,SUFYAAN,22
1186,TARIQ,22
1186,THIAGO,22
1186,TY,22
1186,TYRONE,22
1186,VLADIMIR,22
1186,ZEPHANIAH,22
1236,ALYAN,21
1236,AMEEN,21
1236,ANAY,21
1236,APOLLO,21
1236,ASAD,21
1236,ASH,21
1236,ATLAS,21
1236,AVEER,21
1236,AZAD,21
1236,BARNABAS,21
1236,BLAISE,21
1236,CONNER,21
1236,DAFYDD,21
1236,DARIAN,21
1236,DONOVAN,21
1236,ELISHA,21
1236,EPHRAIM,21
1236,ERICK,21
1236,FREDERIC,21
1236,HAADI,21
1236,HARLEY-JAMES,21
1236,JAMESON,21
1236,JAWAD,21
1236,JOHAN,21
1236,JUN,21
1236,LARS,21
1236,LUKASZ,21
1236,LYNDON,21
1236,MALAKI,21
1236,MALCOLM,21
1236,MARIUS,21
1236,MICAIAH,21
1236,MIHAI,21
1236,MIRAN,21
1236,RAJAN,21
1236,SAIM,21
1236,STEVIE,21
1236,TAI,21
1236,TODD,21
1236,VANSH,21
1236,YUSEF,21
1236,ZACHERY,21
1236,ZEPHYR,21
1279,AARAN,20
1279,ABU-BAKR,20
1279,ALBERTO,20
1279,ALED,20
1279,ALEKS,20
1279,ARAS,20
1279,ARDA,20
1279,ARMANDAS,20
1279,ASHAR,20
1279,BENIAMIN,20
1279,CARWYN,20
1279,CASTIEL,20
1279,COSMO,20
1279,EMILE,20
1279,ESHAAN,20
1279,EUGENE,20
1279,EYAD,20
1279,FRANKIE-LEE,20
1279,GODWIN,20
1279,HARLEY-JAY,20
1279,HUMZA,20
1279,IZAAN,20
1279,JADON,20
1279,JIBREEL,20
1279,JOHN-PAUL,20
1279,KING,20
1279,KINGSTON,20
1279,KORNEL,20
1279,KURT,20
1279,MANRAJ,20
1279,MOISE,20
1279,OLI,20
1279,PIERRE,20
1279,QUENTIN,20
1279,QUINCY,20
1279,QUINTON,20
1279,RAHUL,20
1279,REIGN,20
1279,REON,20
1279,RHODRI,20
1279,ROWEN,20
1279,RYKER,20
1279,SHIMON,20
1279,STAN,20
1279,VIRAJ,20
1279,YAZAN,20
1279,ZAIDEN,20
1279,ZAYDEN,20
1327,AEDAN,19
1327,ARMANI,19
1327,BILLY-JOE,19
1327,CAIUS,19
1327,CODEY,19
1327,CORBIN,19
1327,DARYL,19
1327,DEON,19
1327,DEVIN,19
1327,DIGBY,19
1327,FATEH,19
1327,FORREST,19
1327,GEORGI,19
1327,GIANLUCA,19
1327,GILES,19
1327,HAROLD,19
1327,IOSIF,19
1327,IZAAK,19
1327,JAIVEER,19
1327,JAVIER,19
1327,JEFFREY,19
1327,JIBRIL,19
1327,JOHANNES,19
1327,KAIRON,19
1327,KASON,19
1327,KAYDON,19
1327,KAYLUM,19
1327,KEAGAN,19
1327,KENAN,19
1327,LOUI,19
1327,LUTHER,19
1327,MARLO,19
1327,MARLON,19
1327,MATTIA,19
1327,MAXX,19
1327,MEHDI,19
1327,MIKE,19
1327,MUADH,19
1327,NAYAN,19
1327,NEEL,19
1327,RAIDEN,19
1327,ROBERTS,19
1327,ROKAS,19
1327,RUAN,19
1327,RUDRA,19
1327,SALVADOR,19
1327,SOL,19
1327,UTHMAN,19
1327,WAYNE,19
1327,YUSHA,19
1327,ZACKERY,19
1327,ZAKARY,19
1327,ZIYAD,19
1380,ALLAN,18
1380,ARIJUS,18
1380,ARIN,18
1380,BLU,18
1380,BODIE,18
1380,BRAX,18
1380,BRETT,18
1380,COHAN,18
1380,CORBAN,18
1380,CRISTIANO,18
1380,DALEY,18
1380,DANIELS,18
1380,DARSH,18
1380,EBRAHIM,18
1380,EDDY,18
1380,ELIO,18
1380,ELLISON,18
1380,ENRICO,18
1380,FELIKS,18
1380,GINO,18
1380,GRIFFIN,18
1380,GRUFF,18
1380,GUILHERME,18
1380,GUSTAS,18
1380,HABIB,18
1380,HISHAM,18
1380,IOLO,18
1380,ISHMAEL,18
1380,JESSE-JAMES,18
1380,JULES,18
1380,KAIN,18
1380,KAYNE,18
1380,KHIZAR,18
1380,KIRAN,18
1380,KRISHNA,18
1380,KYMANI,18
1380,LARRY,18
1380,LEROY,18
1380,LLEYTON,18
1380,LUCIANO,18
1380,MAHAD,18
1380,MASON-LEE,18
1380,MAVERICK,18
1380,MAXIME,18
1380,NYLE,18
1380,RALF,18
1380,RIYAD,18
1380,RIZWAN,18
1380,ROLAND,18
1380,ROMARIO,18
1380,SACHA,18
1380,SERGIO,18
1380,SHAURYA,18
1380,SHAWN,18
1380,SULEMAN,18
1380,TERENCE,18
1380,VARUN,18
1380,VED,18
1380,VIRAAJ,18
1380,WALI,18
1380,WILLEM,18
1380,YOUNES,18
1442,AADIL,17
1442,AHAD,17
1442,ALBAN,17
1442,ALEEM,17
1442,ALIJAH,17
1442,ANEURIN,17
1442,ARCHIE-LEE,17
1442,ARYA,17
1442,AYMEN,17
1442,BABY,17
1442,BENYAMIN,17
1442,BERNIE,17
1442,BRYSON,17
1442,CAINE,17
1442,CASSIAN,17
1442,CORMAC,17
1442,DANYAAL,17
1442,DAUD,17
1442,DAVEY,17
1442,DIVINE,17
1442,DUNCAN,17
1442,EBENEZER,17
1442,EDUARDO,17
1442,ELIOTT,17
1442,ENES,17
1442,FEDERICO,17
1442,FINTAN,17
1442,FRANEK,17
1442,FREDDIE-LEE,17
1442,GIORGIO,17
1442,GUTO,17
1442,HARLIE,17
1442,IMMANUEL,17
1442,IUSTIN,17
1442,JACQUES,17
1442,JUDD,17
1442,KAIUS,17
1442,KAL-EL,17
1442,KARAN,17
1442,KEANU,17
1442,KEENAN,17
1442,KRISHAN,17
1442,KUZEY,17
1442,LANCE,17
1442,MAHMOUD,17
1442,MARCOS,17
1442,MAURICE,17
1442,MENACHEM,17
1442,MIKEL,17
1442,MUAZ,17
1442,NAEL,17
1442,NAKSH,17
1442,NIKOLAI,17
1442,NILE,17
1442,NUH,17
1442,OSCAR-JAMES,17
1442,OZZIE,17
1442,RAHEEL,17
1442,RAYYAAN,17
1442,RICCARDO,17
1442,ROBERTO,17
1442,RUI,17
1442,SAWYER,17
1442,TREVOR,17
1442,WADE,17
1442,YOUNIS,17
1442,ZEBEDEE,17
1442,ZUBAIR,17
1442,ZUBAYR,17
1511,AARIB,16
1511,ADAN,16
1511,AFONSO,16
1511,AHMET,16
1511,AKEEM,16
1511,ARMIN,16
1511,AVROHOM,16
1511,AYDAN,16
1511,BASIL,16
1511,BJORN,16
1511,BOAZ,16
1511,BRONSON,16
1511,CAMPBELL,16
1511,CARTER-JAMES,16
1511,CHARLIE-JAMES,16
1511,COBIE,16
1511,CONSTANTINE,16
1511,DANE,16
1511,DARIO,16
1511,EFE,16
1511,ELIJUS,16
1511,EVERETT,16
1511,FAIZ,16
1511,FAIZAAN,16
1511,FARHAAN,16
1511,FERDINAND,16
1511,GARETH,16
1511,GRAY,16
1511,HAMID,16
1511,HENRYK,16
1511,HOWARD,16
1511,ILYA,16
1511,IZAAC,16
1511,JAD,16
1511,JAMEEL,16
1511,JENSON-JAMES,16
1511,JOHN-JAMES,16
1511,JOSS,16
1511,KEIRAN,16
1511,KYRIE,16
1511,LEVENTE,16
1511,LEWYS,16
1511,LEYLAND,16
1511,LYSANDER,16
1511,MACK,16
1511,MANI,16
1511,MANVEER,16
1511,MOOSA,16
1511,MURRAY,16
1511,NAEEM,16
1511,NOAH-JAMES,16
1511,NORMAN,16
1511,ODHRAN,16
1511,OLIVERS,16
1511,PAVEL,16
1511,PIETRO,16
1511,RAYHAAN,16
1511,RHYDIAN,16
1511,ROUX,16
1511,RYLAN,16
1511,SARIM,16
1511,SAYED,16
1511,SHAYLAN,16
1511,SUHAIB,16
1511,THORIN,16
1511,TJ,16
1511,TOBIN,16
1511,TORIN,16
1511,UMER,16
1511,WALEED,16
1511,YIGIT,16
1511,YISROEL,16
1511,YU,16
1511,ZAINE,16
1511,ZEV,16
1586,ABHINAV,15
1586,ADAMAS,15
1586,ADVIK,15
1586,AJ,15
1586,ALBION,15
1586,ALEKSANDAR,15
1586,ALYAAN,15
1586,ANDRES,15
1586,ARIEL,15
1586,ARLEN,15
1586,ARLEY,15
1586,ARTIN,15
1586,AYYAN,15
1586,BENCE,15
1586,BENNETT,15
1586,BLUE,15
1586,BOGDAN,15
1586,BRYNLEY,15
1586,CHARLIE-JAY,15
1586,CORBYN,15
1586,DANIAL,15
1586,DEREK,15
1586,DRE,15
1586,EASON,15
1586,EESAH,15
1586,ELISEI,15
1586,ENIS,15
1586,GEORGIOS,15
1586,GORDON,15
1586,GRACJAN,15
1586,HAMDAN,15
1586,HARLEM,15
1586,HARLEN,15
1586,IAGO,15
1586,ILIAS,15
1586,INIGO,15
1586,ISAAK,15
1586,KAIF,15
1586,KALEL,15
1586,KEVINAS,15
1586,KHALED,15
1586,KIRK,15
1586,KODIE,15
1586,KOLE,15
1586,LAKSH,15
1586,LAWAND,15
1586,LEO-JAMES,15
1586,LEWI,15
1586,LOGAN-JAMES,15
1586,MANNY,15
1586,MARCELL,15
1586,MAREK,15
1586,MARLOWE,15
1586,MARTIM,15
1586,MATEUS,15
1586,MIHAIL,15
1586,MIROSLAV,15
1586,MIRZA,15
1586,MOISHE,15
1586,MONROE,15
1586,MUHSIN,15
1586,MUJTABA,15
1586,MURTAZA,15
1586,MUZAMMIL,15
1586,NICK,15
1586,NIKOLAY,15
1586,OLUWATOBILOBA,15
1586,OM,15
1586,OSKARAS,15
1586,RAFFAELE,15
1586,RAGHAV,15
1586,RANVIR,15
1586,REO,15
1586,RICCO,15
1586,SALIH,15
1586,SALIM,15
1586,SAMAR,15
1586,SHAHZAIB,15
1586,STEVE,15
1586,SYLVESTER,15
1586,TAHIR,15
1586,TEDDI,15
1586,TEEJAY,15
1586,TOMI,15
1586,URIEL,15
1586,ZACKARIYA,15
1586,ZECHARIAH,15
1673,AAYUSH,14
1673,ABDULAZIZ,14
1673,ADRIANS,14
1673,AILBE,14
1673,AMEER,14
1673,ANDERS,14
1673,ARCHIE-JAMES,14
1673,AREEB,14
1673,AREN,14
1673,ARTURO,14
1673,ASIM,14
1673,AYOMIDE,14
1673,AZARIAH,14
1673,AZLAN,14
1673,BARCLAY,14
1673,BENSON,14
1673,BLEU,14
1673,BRAEDEN,14
1673,BRINLEY,14
1673,BURHANUDDIN,14
1673,CAL,14
1673,CAMRON,14
1673,CASH,14
1673,CEDRIC,14
1673,CLEMENT,14
1673,COBEN,14
1673,COLT,14
1673,CONSTANTIN,14
1673,DAMARI,14
1673,DAX,14
1673,DAYTON,14
1673,DIMITRI,14
1673,DOVYDAS,14
1673,DYLAN-JAMES,14
1673,EDAN,14
1673,ELDON,14
1673,EMMET,14
1673,EOGHAN,14
1673,FRAIZER,14
1673,GABRIELS,14
1673,GEOFFREY,14
1673,GRANT,14
1673,GURFATEH,14
1673,HAIDAR,14
1673,HAL,14
1673,HAROUN,14
1673,HESTON,14
1673,HUSEYIN,14
1673,IMAAD,14
1673,ISAAQ,14
1673,JAIME,14
1673,JAYCOB,14
1673,JAYDEN-JAMES,14
1673,JAYLON,14
1673,JIA,14
1673,JOAQUIN,14
1673,JORIS,14
1673,KAIDAN,14
1673,KASIM,14
1673,KAYAAN,14
1673,KAYDEN-LEE,14
1673,KAYLEM,14
1673,KEITH,14
1673,KISHAN,14
1673,KNOX,14
1673,KOBEY,14
1673,KOLBY,14
1673,KORBEN,14
1673,KRISTUPAS,14
1673,KYREN,14
1673,LEMUEL,14
1673,LEX,14
1673,LLEWELYN,14
1673,LOIC,14
1673,LUC,14
1673,LUQMAAN,14
1673,MACAULAY,14
1673,MAKSYM,14
1673,MARKUSS,14
1673,MATIN,14
1673,MICKY,14
1673,MOHSIN,14
1673,MUHAMED,14
1673,NIVAAN,14
1673,OCEAN,14
1673,OZAN,14
1673,RAIF,14
1673,RASHID,14
1673,RAVI,14
1673,RAYDEN,14
1673,RAZVAN,14
1673,REED,14
1673,REEVE,14
1673,RIDLEY,14
1673,RION,14
1673,RUARI,14
1673,SALAH,14
1673,SHAI,14
1673,SHAYDEN,14
1673,SHLOK,14
1673,SIDDHARTH,14
1673,SPIKE,14
1673,THEO-JAMES,14
1673,TIAN,14
1673,TOBEY,14
1673,TOMMY-JAY,14
1673,TRENT,14
1673,TYRION,14
1673,TYSON,14
1673,VALENTIN,14
1673,WILLOUGHBY,14
1673,YAQOOB,14
1673,ZAEEM,14
1786,ABDULHADI,13
1786,ACER,13
1786,ADAS,13
1786,AGASTYA,13
1786,ALFIE-JOHN,13
1786,AMEN,13
1786,ANGAD,13
1786,ANIS,13
1786,ARISH,13
1786,ARNAS,13
1786,ARNO,13
1786,ARSH,13
1786,ARTEM,13
1786,ASHRAF,13
1786,ASLAN,13
1786,ATHARV,13
1786,BAY,13
1786,BERAT,13
1786,BRAIDEN,13
1786,BRAM,13
1786,BRENNAN,13
1786,CEM,13
1786,CEZAR,13
1786,CHAISE,13
1786,CHRISTOS,13
1786,COBEY,13
1786,COBI,13
1786,DALLAS,13
1786,DEMIR,13
1786,DOMINICK,13
1786,EASHAN,13
1786,EASTON,13
1786,EDWYN,13
1786,ELIEZER,13
1786,ELNATHAN,13
1786,FAHEEM,13
1786,FERNANDO,13
1786,FLAVIUS,13
1786,FLORIAN,13
1786,GABRIELE,13
1786,GURNOOR,13
1786,GUSTAV,13
1786,HARITH,13
1786,HARVEER,13
1786,HAYDER,13
1786,HUSAYN,13
1786,IONUT,13
1786,IRFAN,13
1786,JACOBY,13
1786,JAYJAY,13
1786,JONJO,13
1786,JORDI,13
1786,JOSHAN,13
1786,KAIYAN,13
1786,KAYLEB,13
1786,KEN,13
1786,KERIM,13
1786,KOEN,13
1786,KRISTIANS,13
1786,KRISTOF,13
1786,LEIF,13
1786,LINUS,13
1786,LOURENCO,13
1786,LUCAS-JAMES,13
1786,LUCIUS,13
1786,MAC,13
1786,MAKAI,13
1786,MARCIN,13
1786,MARWAN,13
1786,MATYAS,13
1786,MAXIMILIANO,13
1786,NAYEL,13
1786,NIHAAL,13
1786,NIKOLA,13
1786,NOOR,13
1786,OREN,13
1786,ORIN,13
1786,PERCIVAL,13
1786,PEYTON,13
1786,RAHIM,13
1786,RAJVIR,13
1786,RALFS,13
1786,RAMSEY,13
1786,REISS,13
1786,RHYLEE,13
1786,RIAZ,13
1786,RONI,13
1786,RUZGAR,13
1786,SAIFAN,13
1786,SHAHZAIN,13
1786,SHAYE,13
1786,SHAYNE,13
1786,SUDAIS,13
1786,TAHMID,13
1786,TAIM,13
1786,TAIO,13
1786,TANISH,13
1786,TEDDY-JAMES,13
1786,THOR,13
1786,TIERNAN,13
1786,TOMMASO,13
1786,TOMMY-JAMES,13
1786,TWM,13
1786,VAUGHN,13
1786,VIREN,13
1786,VIVAN,13
1786,YAKUB,13
1786,ZACHARIA,13
1786,ZAHID,13
1786,ZAIDAN,13
1786,ZAKK,13
1786,ZEN,13
1786,ZEYAD,13
1786,ZOHAIB,13
1786,ZORAWAR,13
1786,ZUHAIR,13
1902,AADI,12
1902,ABRAM,12
1902,AERON,12
1902,AKSEL,12
1902,AL,12
1902,ALVARO,12
1902,AMBROSE,12
1902,ANGEL,12
1902,ARAM,12
1902,ARDEN,12
1902,ARMINAS,12
1902,ARSALAN,12
1902,ART,12
1902,AYLAN,12
1902,AZIAH,12
1902,BALRAJ,12
1902,BARTLOMIEJ,12
1902,BEAUDEN,12
1902,BENJI,12
1902,BINYAMEEN,12
1902,BOBBI,12
1902,BOWIE,12
1902,BRAYAN,12
1902,CAOLAN,12
1902,CHAYSE,12
1902,CONALL,12
1902,CUBA,12
1902,DANIIL,12
1902,DANISH,12
1902,DERRICK,12
1902,DHILAN,12
1902,DOMANTAS,12
1902,DONTE,12
1902,EDIZ,12
1902,EMANUELE,12
1902,EMILIAN,12
1902,ERIKAS,12
1902,GAEL,12
1902,GURVEER,12
1902,GWION,12
1902,HANZALAH,12
1902,HARRY-JAMES,12
1902,HEZEKIAH,12
1902,IANTO,12
1902,IGNAS,12
1902,ISIAH,12
1902,JACEK,12
1902,JACK-JAMES,12
1902,JASRAJ,12
1902,JAY-JAY,12
1902,JEDIDIAH,12
1902,JET,12
1902,JJ,12
1902,JUJHAR,12
1902,KACEY,12
1902,KALE,12
1902,KASH,12
1902,KAYSAN,12
1902,KEIR,12
1902,KENLEY,12
1902,KILIAN,12
1902,KORAY,12
1902,KYDEN,12
1902,KYRO,12
1902,LAITON,12
1902,LAKE,12
1902,LEV,12
1902,LLEWELLYN,12
1902,LOCHLANN,12
1902,LOGAN-LEE,12
1902,MAAZ,12
1902,MALEEK,12
1902,MARCELO,12
1902,MASON-JAMES,12
1902,MATTIAS,12
1902,MIESZKO,12
1902,MIRAJ,12
1902,MUBARAK,12
1902,MUHAMMAD-YUSUF,12
1902,NALI,12
1902,NASSER,12
1902,NEHAN,12
1902,NIKOLAOS,12
1902,NIXON,12
1902,OBIE,12
1902,PARIS,12
1902,PARTH,12
1902,RAFAY,12
1902,RENZO,12
1902,RISHAAN,12
1902,ROBSON,12
1902,RUDIE,12
1902,SAEED,12
1902,SAMARTH,12
1902,SAMIUL,12
1902,SENAN,12
1902,SENNEN,12
1902,SHAHEER,12
1902,SHLOIME,12
1902,SHUAIB,12
1902,SKYLER,12
1902,SOFIAN,12
1902,STEPHAN,12
1902,SULEYMAN,12
1902,TAMIM,12
1902,TAYYAB,12
1902,THOMAS-JAMES,12
1902,TIMOTHEE,12
1902,TRE,12
1902,UBAYD,12
1902,UZAYR,12
1902,WALID,12
1902,WIL,12
1902,WILFRID,12
1902,WREN,12
1902,YOUNUS,12
1902,ZACHARIAS,12
1902,ZYAN,12
2020,A,11
2020,ABDALLA,11
2020,ABDUL-HADI,11
2020,ABDUL-RAHEEM,11
2020,ABDUL-RAHMAN,11
2020,ABDURRAHEEM,11
2020,ABE,11
2020,ABHAY,11
2020,ADEEB,11
2020,AMADOU,11
2020,ANDREA,11
2020,AQEEL,11
2020,ARIF,11
2020,ARMANDO,11
2020,AUDEN,11
2020,AUGUSTAS,11
2020,AUSTYN,11
2020,BARRY,11
2020,BECK,11
2020,BERT,11
2020,BILL,11
2020,BLAIR,11
2020,BLAZE,11
2020,BO,11
2020,BOBBY-JOE,11
2020,BOBI,11
2020,BRAN,11
2020,BRENDON,11
2020,BROOK,11
2020,CAESAR,11
2020,CAVAN,11
2020,CHANNING,11
2020,CHAY,11
2020,CINAR,11
2020,CJ,11
2020,DAINTON,11
2020,DARSHAN,11
2020,DAVIDE,11
2020,DEVANSH,11
2020,DOLTON,11
2020,EHAN,11
2020,EMLYN,11
2020,ETHAN-JAMES,11
2020,EVANAS,11
2020,FAARIS,11
2020,FARES,11
2020,FARID,11
2020,FARLEY,11
2020,FILIPE,11
2020,FOREST,11
2020,GIUSEPPE,11
2020,GUSTAVO,11
2020,HAO,11
2020,HENRIK,11
2020,HENRY-JAMES,11
2020,IHSAAN,11
2020,IOANNIS,11
2020,IONATAN,11
2020,JAHSIAH,11
2020,JAHZIAH,11
2020,JAIDAN,11
2020,JAMAAL,11
2020,JAMIE-LEE,11
2020,JAYKE,11
2020,JOHANN,11
2020,JOHNATHAN,11
2020,JONATHON,11
2020,KAILEN,11
2020,KALLEN,11
2020,KAMSIYOCHUKWU,11
2020,KAVIN,11
2020,KHALIFA,11
2020,KITT,11
2020,KIYAAN,11
2020,KODEY,11
2020,KYLEN,11
2020,LENNARD,11
2020,LINDEN,11
2020,LUCUS,11
2020,MAHAMED,11
2020,MAJUS,11
2020,MARKAS,11
2020,MARTINS,11
2020,MARTYN,11
2020,MATEJ,11
2020,MAYAN,11
2020,MEIR,11
2020,MOIZ,11
2020,MUAD,11
2020,MUNEEB,11
2020,NAHOM,11
2020,OLAMIDE,11
2020,OSWALD,11
2020,PAOLO,11
2020,PARAMVEER,11
2020,PHARRELL,11
2020,QAIS,11
2020,RAMI,11
2020,REEF,11
2020,REN,11
2020,RENE,11
2020,RIVAN,11
2020,SAHIR,11
2020,SALAHUDEEN,11
2020,SALEEM,11
2020,SAMPSON,11
2020,SASHA,11
2020,SELIM,11
2020,SHAHAN,11
2020,SHELDON,11
2020,SHREY,11
2020,STERLING,11
2020,STEWART,11
2020,TERRELL,11
2020,TINASHE,11
2020,TOMS,11
2020,TORBEN,11
2020,TYREECE,11
2020,UBAID,11
2020,UMUT,11
2020,VAUGHAN,11
2020,VEDANT,11
2020,WALKER,11
2020,YAAKOV,11
2020,YAKOV,11
2020,YASSER,11
2020,YOHAN,11
2020,YUVAAN,11
2020,ZIAN,11
2020,ZINEDINE,11
2150,AARISH,10
2150,ABDULMALIK,10
2150,ABDUR-RAHEEM,10
2150,ADONAI,10
2150,AHAAN,10
2150,AKASH,10
2150,AKIVA,10
2150,ALEK,10
2150,ALIEU,10
2150,ALPHA,10
2150,ANES,10
2150,ANH,10
2150,ANIK,10
2150,ARAV,10
2150,AREEZ,10
2150,ARES,10
2150,ARHAAN,10
2150,ARIZ,10
2150,ARLIE,10
2150,AVYAN,10
2150,AYANSH,10
2150,BAILEY-JAMES,10
2150,BALTHAZAR,10
2150,BAYLEY,10
2150,BECKETT,10
2150,BELLAMY,10
2150,BERKAY,10
2150,BOBBY-LEE,10
2150,BOSTON,10
2150,CAIRON,10
2150,CEZARY,10
2150,CULLEN,10
2150,DAKSH,10
2150,DANIYAAL,10
2150,DHIREN,10
2150,DRAGOS,10
2150,DUDLEY,10
2150,ELIAN,10
2150,ELIYAS,10
2150,ELVIN,10
2150,ERDEM,10
2150,ETHEN,10
2150,EVREN,10
2150,FABIEN,10
2150,FARRELL,10
2150,FENN,10
2150,FENTON,10
2150,FEROZ,10
2150,FINNLAY,10
2150,FREDDIE-JAY,10
2150,FREDERICO,10
2150,GERALD,10
2150,GERRARD,10
2150,GHULAM,10
2150,GIACOMO,10
2150,HARRIE,10
2150,HARVEY-JAMES,10
2150,HAYTHAM,10
2150,HAYYAN,10
2150,HERKUS,10
2150,HUSNAIN,10
2150,IHSAN,10
2150,ILYAAS,10
2150,IZAIAH,10
2150,JAHEIM,10
2150,JAYLAN,10
2150,JEAN,10
2150,JIBRAN,10
2150,JIM,10
2150,JOACHIM,10
2150,JOBY,10
2150,JOEY-JAMES,10
2150,JOHNNIE,10
2150,JOZIAH,10
2150,KAIDEN-LEE,10
2150,KAILAN,10
2150,KALEEM,10
2150,KALEM,10
2150,KALEN,10
2150,KARANVEER,10
2150,KAYDAN,10
2150,KEANE,10
2150,KENNEDY,10
2150,KENTON,10
2150,KHUSH,10
2150,KOA,10
2150,KONSTANTINOS,10
2150,KYLO,10
2150,LAKEN,10
2150,LASZLO,10
2150,LEELAN,10
2150,LEONEL,10
2150,LEVON,10
2150,LINDON,10
2150,LOGAN-JAY,10
2150,MABON,10
2150,MADHAV,10
2150,MAKS,10
2150,MARCELLUS,10
2150,MATHEUS,10
2150,MATT,10
2150,MAXI,10
2150,MEER,10
2150,MEKHI,10
2150,MERLIN,10
2150,MICHEAL,10
2150,MIHRAN,10
2150,MIKA,10
2150,MILLAN,10
2150,MIRAC,10
2150,MORDECHAI,10
2150,MUHAMAD,10
2150,MUNIR,10
2150,MUSSA,10
2150,NEYMAR,10
2150,NOVA,10
2150,NUNO,10
2150,OBI,10
2150,OLEG,10
2150,ORESTAS,10
2150,ORI,10
2150,OSKA,10
2150,OUSMAN,10
2150,OWYN,10
2150,PETRU,10
2150,PRANAY,10
2150,PRANEEL,10
2150,PREM,10
2150,RAMAN,10
2150,RAYN,10
2150,RISHAN,10
2150,RIYAAN,10
2150,ROCKO,10
2150,ROGER,10
2150,RONIN,10
2150,ROSCO,10
2150,RUARIDH,10
2150,RYLIE,10
2150,RYSZARD,10
2150,SAID,10
2150,SAJID,10
2150,SALVATORE,10
2150,SAMY,10
2150,SHAYA,10
2150,SHOAIB,10
2150,SINAN,10
2150,SUHAYB,10
2150,SULIMAN,10
2150,TAFARI,10
2150,TALIESIN,10
2150,TANVIR,10
2150,TASEEN,10
2150,TAWHEED,10
2150,TAYE,10
2150,TIGER,10
2150,TITUS,10
2150,TUCKER,10
2150,WILLIS,10
2150,YACINE,10
2150,YAD,10
2150,YASSINE,10
2150,YONATAN,10
2150,YOSSI,10
2150,YUG,10
2150,ZAHIR,10
2150,ZI,10
2150,ZIA,10
2150,ZOLTAN,10
2150,ZURIEL,10
2319,AABAN,9
2319,ABIR,9
2319,ADEL,9
2319,ADHAM,9
2319,ADRIANO,9
2319,AFNAN,9
2319,AIMAN,9
2319,AJEET,9
2319,AKIRA,9
2319,AKSHAYAN,9
2319,ALEXZANDER,9
2319,ALFIE-JACK,9
2319,ALLEN,9
2319,AMJAD,9
2319,AMMAAR,9
2319,AMRIT,9
2319,ANAKIN,9
2319,ANDI,9
2319,ARAFAT,9
2319,ARTURS,9
2319,ASIL,9
2319,ATA,9
2319,AUGUSTIN,9
2319,AYODEJI,9
2319,AZAN,9
2319,AZEEM,9
2319,AZHAAN,9
2319,AZIZ,9
2319,BARTEK,9
2319,BILAAL,9
2319,BILLY-RAY,9
2319,BLEDDYN,9
2319,BODE,9
2319,BODEN,9
2319,BOE,9
2319,BRANDON-LEE,9
2319,BROCK,9
2319,BUZZ,9
2319,CAEDEN,9
2319,CHARLTON,9
2319,CODI,9
2319,CONNAH,9
2319,DAKOTA,9
2319,DAMIR,9
2319,DANI,9
2319,DARIS,9
2319,DARNELL,9
2319,DEIVIDAS,9
2319,DESMOND,9
2319,DEVEN,9
2319,DHIAN,9
2319,DHYAN,9
2319,DIMITRIOS,9
2319,DIOGO,9
2319,EAMONN,9
2319,EESAA,9
2319,ELIGH,9
2319,ERAY,9
2319,EVANDER,9
2319,EZRAH,9
2319,FILIPPO,9
2319,FLAVIO,9
2319,FLINT,9
2319,FREDERIK,9
2319,FREY,9
2319,GIAN,9
2319,GRAHAM,9
2319,HAKIM,9
2319,HAMAD,9
2319,HARLEIGH,9
2319,HILTON,9
2319,HIMMAT,9
2319,INNES,9
2319,IORI,9
2319,IVAAN,9
2319,JARROD,9
2319,JEM,9
2319,JEREMI,9
2319,KAEDEN,9
2319,KAELEN,9
2319,KAIAN,9
2319,KAISAN,9
2319,KAIZER,9
2319,KAL,9
2319,KARLOS,9
2319,KAROLIS,9
2319,KARTAR,9
2319,KEHINDE,9
2319,KELLEN,9
2319,KHARI,9
2319,KIAN-LEE,9
2319,KORY,9
2319,KRISTOPHER,9
2319,KRUZ,9
2319,KWAME,9
2319,LATHAN,9
2319,LAUCHLAN,9
2319,LEVI-JAMES,9
2319,LLEW,9
2319,LLION,9
2319,LOWAN,9
2319,LUCAN,9
2319,MANTAS,9
2319,MATE,9
2319,MAXYMILIAN,9
2319,MUAWIYAH,9
2319,MUHAMMAD-ISMAEEL,9
2319,NATNAEL,9
2319,NEAL,9
2319,NICKOLAS,9
2319,NICOLAE,9
2319,NIGEL,9
2319,NILS,9
2319,NIMROD,9
2319,OTHNIEL,9
2319,PETAR,9
2319,PIRAN,9
2319,POYRAZ,9
2319,RAAHIM,9
2319,RADIN,9
2319,RADLEY,9
2319,RAIYAN,9
2319,RAMY,9
2319,RANBIR,9
2319,RAYEN,9
2319,RED,9
2319,REESE,9
2319,REGGIE-LEE,9
2319,REIS,9
2319,RICARDS,9
2319,ROARY,9
2319,RYAAN,9
2319,RYLEIGH,9
2319,SALAR,9
2319,SAMUAL,9
2319,SHAILEN,9
2319,SHAKEEL,9
2319,SHALOM,9
2319,SHEM,9
2319,SHIVEN,9
2319,SHIVRAJ,9
2319,SHLOMO,9
2319,SIRAJ,9
2319,SUFIYAN,9
2319,SURAJ,9
2319,TARUN,9
2319,TAYO,9
2319,TIMOTEI,9
2319,TOBIE,9
2319,TOMASS,9
2319,TOMMI,9
2319,TYGER,9
2319,TYLAN,9
2319,VIGGO,9
2319,VINAY,9
2319,VINCE,9
2319,VISHNU,9
2319,WASSIM,9
2319,WISDOM,9
2319,YAMEEN,9
2319,YOUCEF,9
2319,YUVAN,9
2319,ZAVIYAR,9
2319,ZORAIZ,9
2483,AADVIK,8
2483,ABDUL-AZIZ,8
2483,ABDULAHI,8
2483,ABDUR-RAHMAAN,8
2483,ABEER,8
2483,AHRON,8
2483,AHYAAN,8
2483,AKBAR,8
2483,AKIF,8
2483,ALAND,8
2483,ALEKSANDRS,8
2483,ALEXANDAR,8
2483,ALFIE-GEORGE,8
2483,ALFIE-JOE,8
2483,ALFY,8
2483,ALISTER,8
2483,ALONSO,8
2483,AMR,8
2483,ANDREY,8
2483,ANTOINE,8
2483,AQIB,8
2483,ARASH,8
2483,ARION,8
2483,ARLIND,8
2483,ARSHAN,8
2483,ARTY,8
2483,ARYAV,8
2483,AVRAJ,8
2483,AYUUB,8
2483,AZAIAH,8
2483,BAYDEN,8
2483,BINYAMIN,8
2483,BLAKELY,8
2483,BLAYNE,8
2483,BRADEN,8
2483,BRAMWELL,8
2483,BRAY,8
2483,BRODEY,8
2483,BURAK,8
2483,CALAN,8
2483,CAMERON-JAMES,8
2483,CAN,8
2483,CASIAN,8
2483,CASS,8
2483,CEEJAY,8
2483,CELT,8
2483,CELYN,8
2483,CHAYCE,8
2483,CHIDERA,8
2483,CODY-LEE,8
2483,CONNOR-JAMES,8
2483,CYPRIAN,8
2483,DAANISH,8
2483,DANIEL-JUNIOR,8
2483,DAREN,8
2483,DARYAN,8
2483,DAWOUD,8
2483,DEIMANTAS,8
2483,DEIVIDS,8
2483,DENAS,8
2483,DEVLIN,8
2483,DHARAM,8
2483,DMITRY,8
2483,DON,8
2483,DORUK,8
2483,EBAN,8
2483,EDOARDO,8
2483,EFRAIM,8
2483,ELCHONON,8
2483,ENSAR,8
2483,ERIS,8
2483,ERROL,8
2483,EYMEN,8
2483,FADIL,8
2483,FARRIS,8
2483,FAWAD,8
2483,FELIPE,8
2483,FLORIN,8
2483,FRANKIE-JAMES,8
2483,FRAZIER,8
2483,FREDDIE-JAMES,8
2483,FREDRIK,8
2483,GASPARD,8
2483,GRUFFUDD,8
2483,HAMAAD,8
2483,HAMILTON,8
2483,HANSON,8
2483,HARDY,8
2483,HARISON,8
2483,HARSH,8
2483,HARVEY-JAY,8
2483,HARVIR,8
2483,HEATHCLIFF,8
2483,HEDLEY,8
2483,HOLDEN,8
2483,HUCKLEBERRY,8
2483,HUMZAH,8
2483,HUNOR,8
2483,IMRAAN,8
2483,IS'HAAQ,8
2483,ISAC,8
2483,ISHAK,8
2483,IZYAN,8
2483,JABIR,8
2483,JAE,8
2483,JAHMAI,8
2483,JAXON-JAMES,8
2483,JEFFERY,8
2483,JENSON-LEE,8
2483,JERIAH,8
2483,JIMI,8
2483,JOASH,8
2483,JUNAYD,8
2483,KAEL,8
2483,KAILUM,8
2483,KAISEN,8
2483,KALVIN,8
2483,KAMRON,8
2483,KASPAR,8
2483,KAYRA,8
2483,KEILAN,8
2483,KEIRON,8
2483,KEMAL,8
2483,KEYON,8
2483,KHAI,8
2483,KHALEEL,8
2483,KLAYTON,8
2483,KOFI,8
2483,KRISHIV,8
2483,LAYLAND,8
2483,LEDION,8
2483,LEEROY,8
2483,LEVISON,8
2483,LINK,8
2483,LOCRYN,8
2483,LOGAN-JOHN,8
2483,LORIS,8
2483,MACE,8
2483,MAKAR,8
2483,MALICK,8
2483,MAMADOU,8
2483,MANAV,8
2483,MANJOT,8
2483,MANVIR,8
2483,MARCELLO,8
2483,MARLEE,8
2483,MARTYNAS,8
2483,MIKAH,8
2483,MILOS,8
2483,MUAADH,8
2483,MUBASHIR,8
2483,MUHAMMAD-ALI,8
2483,MYRON,8
2483,NAFTALI,8
2483,NARAYAN,8
2483,NASEEM,8
2483,NASIR,8
2483,NATAS,8
2483,NISHAAN,8
2483,NOE,8
2483,NOOH,8
2483,NORBERT,8
2483,OBADIAH,8
2483,OLLI,8
2483,OMID,8
2483,OSCAR-LEE,8
2483,PASHA,8
2483,PAULO,8
2483,PENIEL,8
2483,PERRAN,8
2483,PHINEAS,8
2483,PRAISE,8
2483,QUADE,8
2483,RADU,8
2483,RAEF,8
2483,RAFAL,8
2483,RAHIL,8
2483,RAJ,8
2483,RAMZI,8
2483,RAVEN,8
2483,REMUS,8
2483,RITCHIE,8
2483,ROJUS,8
2483,ROLLO,8
2483,ROMAIN,8
2483,RYU,8
2483,SACHIN,8
2483,SAIFULLAH,8
2483,SHAD,8
2483,SHIVAN,8
2483,STEFANOS,8
2483,SUHAIL,8
2483,SYD,8
2483,TANNER,8
2483,TAYLEN,8
2483,TEILO,8
2483,THADDEUS,8
2483,TIBERIUS,8
2483,TOBIAH,8
2483,TOMMY-JOE,8
2483,TREYVON,8
2483,TRISTEN,8
2483,UMAYR,8
2483,VASIL,8
2483,VIRAT,8
2483,VITO,8
2483,VITTORIO,8
2483,WASIF,8
2483,WESTON,8
2483,WILIAM,8
2483,WOJTEK,8
2483,WOLF,8
2483,YI,8
2483,YONIS,8
2483,YUSIF,8
2483,ZAKARYA,8
2483,ZALAN,8
2483,ZAVIAN,8
2483,ZEKI,8
2483,ZHI,8
2483,ZICO,8
2483,ZISHAN,8
2483,ZIYAN,8
2483,ZULQARNAIN,8
2707,A-JAY,7
2707,AAKIF,7
2707,AARIV,7
2707,AARIYAN,7
2707,ABDIMALIK,7
2707,ABHIRAM,7
2707,ABUL,7
2707,ADEEL,7
2707,ADI,7
2707,ADLEY,7
2707,ADONIS,7
2707,AHARON,7
2707,AHIL,7
2707,AIYAZ,7
2707,AJIT,7
2707,AKEEL,7
2707,ALDEN,7
2707,ALEKSY,7
2707,ALEXEI,7
2707,ALEXI,7
2707,ALIN,7
2707,AMAAR,7
2707,ANAND,7
2707,ANESU,7
2707,ANIRUDH,7
2707,ANSEL,7
2707,AODHAN,7
2707,ARAD,7
2707,ARFAN,7
2707,ARIB,7
2707,ARIUS,7
2707,ARKADIUSZ,7
2707,ARSLAN,7
2707,ARTJOM,7
2707,ARWEL,7
2707,ARWYN,7
2707,ASHDON,7
2707,ATIF,7
2707,AUGUSTINE,7
2707,AVRAM,7
2707,AYAD,7
2707,AZRIEL,7
2707,AZUOLAS,7
2707,BAILEE,7
2707,BASIM,7
2707,BENETT,7
2707,BERNARDO,7
2707,BLAZEJ,7
2707,BRAD,7
2707,BURT,7
2707,CAEL,7
2707,CALE,7
2707,CALEN,7
2707,CAROL,7
2707,CARRICK,7
2707,CARSEN,7
2707,CARTER-LEE,7
2707,CASON,7
2707,CASSIDY,7
2707,CAVALLI,7
2707,CHARLIE-GEORGE,7
2707,CHAYTON,7
2707,CLIVE,7
2707,COBAN,7
2707,CYNAN,7
2707,DAHEN,7
2707,DANIEL-JAMES,7
2707,DANIELIS,7
2707,DAOUD,7
2707,DAVIS,7
2707,DEIO,7
2707,DEVRAJ,7
2707,DHILLON,7
2707,DHIYAN,7
2707,DIYAR,7
2707,DOMENICO,7
2707,DONNY,7
2707,DUANE,7
2707,EBRIMA,7
2707,EDVARDAS,7
2707,EDVINAS,7
2707,EMAD,7
2707,EMRAN,7
2707,ERDI,7
2707,ESAH,7
2707,EZAAN,7
2707,EZEL,7
2707,FAOLAN,7
2707,FARHAD,7
2707,FAVOUR,7
2707,FERRIS,7
2707,FOSTER,7
2707,FRAISER,7
2707,FRANKIE-JAY,7
2707,FURQAN,7
2707,GAVRIEL,7
2707,GIULIO,7
2707,GURMAN,7
2707,GURTAJ,7
2707,GURVIR,7
2707,GUSTAVS,7
2707,GWYDION,7
2707,HAASHIM,7
2707,HAFIZ,7
2707,HALIL,7
2707,HAMDAAN,7
2707,HAMEED,7
2707,HANLEY,7
2707,HARJOT,7
2707,HARLAND,7
2707,HAYDON,7
2707,HAZIM,7
2707,HEKTOR,7
2707,HENIL,7
2707,HENRIE,7
2707,HENSON,7
2707,HISHAAM,7
2707,HOWIE,7
2707,HRIDHAAN,7
2707,IAIN,7
2707,IZAK,7
2707,IZIAH,7
2707,JACOBI,7
2707,JACUB,7
2707,JAEDEN,7
2707,JAGRAJ,7
2707,JAHMARI,7
2707,JAMES-JUNIOR,7
2707,JASIAH,7
2707,JASIM,7
2707,JASNOOR,7
2707,JAXXON,7
2707,JEORGE,7
2707,JERON,7
2707,JERRELL,7
2707,JESIAH,7
2707,JIBRAEEL,7
2707,JIYAAN,7
2707,JOBE,7
2707,JOS,7
2707,JULIEN,7
2707,JUNIOR-JAMES,7
2707,JURAJ,7
2707,JUSTICE,7
2707,KABEER,7
2707,KAIDE,7
2707,KALLAN,7
2707,KALUM,7
2707,KAMEEL,7
2707,KASEN,7
2707,KAVAN,7
2707,KAVISH,7
2707,KAYDEN-JAMES,7
2707,KAYHAN,7
2707,KAZI,7
2707,KAZIM,7
2707,KELAN,7
2707,KENZI,7
2707,KESHAV,7
2707,KESTER,7
2707,KOBAN,7
2707,KOHAN,7
2707,KORBIN,7
2707,KRISTERS,7
2707,KRISTOFER,7
2707,KSAWIER,7
2707,KWABENA,7
2707,KYLER,7
2707,KYSON,7
2707,LAYNE,7
2707,LEBRON,7
2707,LEELAND,7
2707,LEO-JAY,7
2707,LEONARDAS,7
2707,LESLIE,7
2707,LIBAN,7
2707,LINCOLN-JAMES,7
2707,LOCHIE,7
2707,LOCKLAN,7
2707,LOHAN,7
2707,LUAY,7
2707,LUCIO,7
2707,LUCKY,7
2707,LUDOVIC,7
2707,MALEK,7
2707,MALIQUE,7
2707,MANSOUR,7
2707,MASUD,7
2707,MATHYS,7
2707,MATISSE,7
2707,MATUS,7
2707,MATVEY,7
2707,MAXIMO,7
2707,MAZEN,7
2707,MAZIN,7
2707,MELVIN,7
2707,MESSIAH,7
2707,MILEY,7
2707,MOHID,7
2707,MORLEY,7
2707,MOUHAMED,7
2707,MUAAZ,7
2707,MUS'AB,7
2707,MUSTAPHA,7
2707,NADEEM,7
2707,NADIM,7
2707,NADIR,7
2707,NAHYAN,7
2707,NAVRAJ,7
2707,NERIAH,7
2707,NEVAN,7
2707,NICOLO,7
2707,NIRVAAN,7
2707,NOAM,7
2707,OBAID,7
2707,OBAN,7
2707,OLIWER,7
2707,OLLIE-JAMES,7
2707,OLLIE-JAY,7
2707,OLUWADAMILARE,7
2707,ONUR,7
2707,OREOLUWA,7
2707,ORRIN,7
2707,OUMAR,7
2707,PAVAN,7
2707,PEREGRINE,7
2707,PEREZ,7
2707,PHEONIX,7
2707,PINCHOS,7
2707,PORTER,7
2707,QUINLAN,7
2707,RAFA,7
2707,RAFAN,7
2707,RAGNAR,7
2707,RAMADAN,7
2707,RANULPH,7
2707,RAYANE,7
2707,REEYAN,7
2707,REJAN,7
2707,REJUS,7
2707,REMEL,7
2707,RENATO,7
2707,REY,7
2707,REYAAN,7
2707,RIAD,7
2707,ROHIT,7
2707,RONALDO,7
2707,ROYCE,7
2707,RUBYN,7
2707,RUHAAN,7
2707,SAAM,7
2707,SAFWAAN,7
2707,SAMAD,7
2707,SAMIULLAH,7
2707,SAMRAJ,7
2707,SAMUELE,7
2707,SAMUIL,7
2707,SARTAJ,7
2707,SAYAAM,7
2707,SHAKIR,7
2707,SHAKUR,7
2707,SHUAYB,7
2707,SINA,7
2707,SOHAM,7
2707,STEFANO,7
2707,SUHAAN,7
2707,SUKHRAJ,7
2707,T-JAY,7
2707,TAHSIN,7
2707,TAIWO,7
2707,TAMEEM,7
2707,TARIK,7
2707,TAYM,7
2707,TEMITAYO,7
2707,THEODOROS,7
2707,TIM,7
2707,TITAN,7
2707,TITAS,7
2707,TOPRAK,7
2707,TYE,7
2707,UTHMAAN,7
2707,VALENTINE,7
2707,VEDANSH,7
2707,VIAN,7
2707,WAEL,7
2707,WYN,7
2707,XAVI,7
2707,YAASIR,7
2707,YAHIA,7
2707,YAHYE,7
2707,YITZCHOK,7
2707,YOEL,7
2707,ZAKAI,7
2707,ZAROON,7
2707,ZAYED,7
2707,ZEVI,7
2707,ZIDAAN,7
3004,AABID,6
3004,AAHAN,6
3004,AARYA,6
3004,ABAAN,6
3004,ABDI,6
3004,ABDUL-HAKEEM,6
3004,ABDULRAHEEM,6
3004,ABDULWAHAB,6
3004,ABID,6
3004,ABRAR,6
3004,ABYAN,6
3004,ADAM-JUNIOR,6
3004,ADRIEN,6
3004,ADVITH,6
3004,AJAN,6
3004,AKSH,6
3004,AKSHAY,6
3004,ALDO,6
3004,ALFIE-JAI,6
3004,ALFONSO,6
3004,ALIYAN,6
3004,ALMIR,6
3004,ALPHIE,6
3004,ALTAY,6
3004,AMARII,6
3004,AMAY,6
3004,AMIEL,6
3004,AMIIN,6
3004,ANDRZEJ,6
3004,ANMOL,6
3004,ANOOP,6
3004,ANTHONY-JAMES,6
3004,ARCHIE-RAY,6
3004,ARCHY,6
3004,ARDAN,6
3004,AREL,6
3004,ARSAL,6
3004,ARSHAAN,6
3004,ARTIOM,6
3004,ASHAZ,6
3004,ASHVIK,6
3004,ASHVIN,6
3004,ATAL,6
3004,ATHARVA,6
3004,AUM,6
3004,AURELIO,6
3004,AYAANSH,6
3004,AYHAM,6
3004,AYODELE,6
3004,BAILEY-RAY,6
3004,BASHIR,6
3004,BEAUMONT,6
3004,BELA,6
3004,BENN,6
3004,BERKIN,6
3004,BERTRAND,6
3004,BOYD,6
3004,BRAJAN,6
3004,BRAYLON,6
3004,BURHAN,6
3004,CADAN,6
3004,CARLTON,6
3004,CECIL,6
3004,CHARLIE-JACK,6
3004,CHARLY,6
3004,CHIDUBEM,6
3004,CHRISTOPHER-JUNIOR,6
3004,CIERAN,6
3004,CLYDE,6
3004,CODY-JAY,6
3004,CONNELL,6
3004,CONSTANTINOS,6
3004,DANILO,6
3004,DANNY-LEE,6
3004,DARIUSZ,6
3004,DARRYL,6
3004,DAVIN,6
3004,DEACAN,6
3004,DEEP,6
3004,DEIAN,6
3004,DEIVID,6
3004,DENIRO,6
3004,DENNIE,6
3004,DENZIL,6
3004,DHIAAN,6
3004,DIMITAR,6
3004,DIMITRIS,6
3004,DIYAAN,6
3004,DONTAY,6
3004,DYLLAN,6
3004,EAMON,6
3004,EARL,6
3004,EASA,6
3004,EBUBECHUKWU,6
3004,ED,6
3004,EESHAN,6
3004,EGHOSA,6
3004,ELDEN,6
3004,ELEAZAR,6
3004,ELIH,6
3004,ELON,6
3004,ELWYN,6
3004,ELY,6
3004,EMILIANO,6
3004,EMIN,6
3004,ERGI,6
3004,ERNESTO,6
3004,ETTORE,6
3004,FADI,6
3004,FAUSTAS,6
3004,FINBAR,6
3004,FINNBAR,6
3004,FINNEGAN,6
3004,FRANKEE,6
3004,FRANKEY,6
3004,FRANKIE-JOE,6
3004,FRASIER,6
3004,FREDDI,6
3004,FRYDERYK,6
3004,FURKAN,6
3004,GENESIS,6
3004,GEO,6
3004,GIANNI,6
3004,GIBRIL,6
3004,GLEB,6
3004,GLENN,6
3004,GREGOR,6
3004,GUNEY,6
3004,GURSEHAJ,6
3004,GURTEJ,6
3004,GUSTAW,6
3004,HAAZIQ,6
3004,HABEEB,6
3004,HAMED,6
3004,HANAD,6
3004,HANS,6
3004,HARFATEH,6
3004,HARISH,6
3004,HARNEK,6
3004,HAROLDAS,6
3004,HARRISON-JAMES,6
3004,HARSAHIB,6
3004,HARVIE,6
3004,HENDERSON,6
3004,HENDRIK,6
3004,IACOV,6
3004,IBRAHIMA,6
3004,IKENNA,6
3004,ILAN,6
3004,ILHAN,6
3004,ILIYA,6
3004,IMAD,6
3004,INDIE,6
3004,IRA,6
3004,IREOLUWA,6
3004,ISAAC-JAMES,6
3004,ISLAM,6
3004,ISSAM,6
3004,IULIAN,6
3004,JAGJOT,6
3004,JAHAZIEL,6
3004,JAIDON,6
3004,JAIRAJ,6
3004,JAKSON,6
3004,JALEN,6
3004,JAMEL,6
3004,JAMIE-JUNIOR,6
3004,JAPHETH,6
3004,JASHAN,6
3004,JASKIRAT,6
3004,JAY-J,6
3004,JEFFERSON,6
3004,JENSON-JAY,6
3004,JERICHO,6
3004,JIN,6
3004,JOAB,6
3004,JOBIE,6
3004,JODY,6
3004,JOHNSON,6
3004,JOIE,6
3004,JORDY,6
3004,JOSEFF,6
3004,JOVI,6
3004,JUKE,6
3004,JULEN,6
3004,KAESON,6
3004,KAMREN,6
3004,KARTHIK,6
3004,KASPIAN,6
3004,KASSIUS,6
3004,KAYSEN,6
3004,KEALAN,6
3004,KENJI,6
3004,KIAN-JAMES,6
3004,KOBY-LEE,6
3004,KOJO,6
3004,KORDELL,6
3004,KORI,6
3004,KRISHAV,6
3004,KYAAN,6
3004,LAMIN,6
3004,LAWI,6
3004,LEALAND,6
3004,LEILAN,6
3004,LEONID,6
3004,LEWIN,6
3004,LLYWELYN,6
3004,LOUIE-JAMES,6
3004,LOUKAS,6
3004,LUCIOUS,6
3004,LUCJAN,6
3004,LUDO,6
3004,LYNDEN,6
3004,LYON,6
3004,MAAHIR,6
3004,MACEO,6
3004,MADDEN,6
3004,MAHAMUD,6
3004,MAHID,6
3004,MAJD,6
3004,MAKSIMS,6
3004,MARIAN,6
3004,MARIN,6
3004,MASSIMILIANO,6
3004,MATHIS,6
3004,MATTHEW-JAMES,6
3004,MATTY,6
3004,MAURICIO,6
3004,MAWGAN,6
3004,MCCAULEY,6
3004,MEHTAB,6
3004,MENASHE,6
3004,METE,6
3004,MICHAEL-JUNIOR,6
3004,MIHIR,6
3004,MIR,6
3004,MITCH,6
3004,MOEEZ,6
3004,MOISHY,6
3004,MOMIN,6
3004,MOSTYN,6
3004,MOUSA,6
3004,MUAAD,6
3004,MUBARIK,6
3004,MUHAMMAD-IBRAHIM,6
3004,MURAD,6
3004,MUZAMIL,6
3004,NAFTOLI,6
3004,NAFTULI,6
3004,NATANAEL,6
3004,NATHANIAL,6
3004,NEEKO,6
3004,NEEV,6
3004,NEVIN,6
3004,NICCOLO,6
3004,NICKY,6
3004,NUMAIR,6
3004,O'SHEA,6
3004,OAKLEE,6
3004,OCTAVIAN,6
3004,OKTAWIAN,6
3004,OLLIVER,6
3004,OLUWADARASIMI,6
3004,OLUWADEMILADE,6
3004,OLUWASEYI,6
3004,OLUWATOBI,6
3004,OSCAR-JAY,6
3004,OSHAN,6
3004,OSTIN,6
3004,PAPA,6
3004,PASCAL,6
3004,PHELAN,6
3004,PREET,6
3004,PROSPER,6
3004,PTOLEMY,6
3004,RADWAN,6
3004,RAFFI,6
3004,RAHMAN,6
3004,RAMIZ,6
3004,RAMON,6
3004,RAMONE,6
3004,RANA,6
3004,RAUF,6
3004,RAWAND,6
3004,REDA,6
3004,REGGIE-JAMES,6
3004,REUBAN,6
3004,REUEL,6
3004,RISHABH,6
3004,RISHIK,6
3004,RIYADH,6
3004,ROBBY,6
3004,RODDY,6
3004,ROMAO,6
3004,ROMERO,6
3004,RONNIE-RAY,6
3004,ROSSI,6
3004,RUBIN,6
3004,RUHAN,6
3004,SABIR,6
3004,SADIQ,6
3004,SALEM,6
3004,SAMRAT,6
3004,SAMYAR,6
3004,SAN,6
3004,SANDOR,6
3004,SAUD,6
3004,SAYYID,6
3004,SEBASTIANO,6
3004,SEELEY,6
3004,SEVE,6
3004,SEYED,6
3004,SHAHID,6
3004,SHAKAI,6
3004,SHARWIN,6
3004,SHIVANSH,6
3004,SHULEM,6
3004,SI,6
3004,SIMAS,6
3004,SKYE,6
3004,SOHAIL,6
3004,SOHAN,6
3004,SRULY,6
3004,STELLAN,6
3004,TADEUSZ,6
3004,TAHMEED,6
3004,TANAKA,6
3004,TANAY,6
3004,TANVEER,6
3004,TARANVEER,6
3004,TAWANANYASHA,6
3004,TAWHID,6
3004,TAYLON,6
3004,TAYYIB,6
3004,TEDDY-JOHN,6
3004,TEDDY-RAY,6
3004,TEE-JAY,6
3004,TERRENCE,6
3004,TOREN,6
3004,TREMAINE,6
3004,TRISTAN-JAMES,6
3004,TYLA,6
3004,TYLER-LEE,6
3004,TYLOR,6
3004,URIAH,6
3004,USAYD,6
3004,USMAAN,6
3004,VAKARIS,6
3004,VEERAN,6
3004,VIYAAN,6
3004,VRAJ,6
3004,VYOM,6
3004,WARWICK,6
3004,WOLFGANG,6
3004,YASER,6
3004,YAZEED,6
3004,YUNIS,6
3004,YURI,6
3004,YUVRAAJ,6
3004,YVES,6
3004,ZACKARIA,6
3004,ZAHEEN,6
3004,ZAHIN,6
3004,ZANA,6
3004,ZARIF,6
3004,ZARYAB,6
3004,ZIAH,6
3004,ZIHAN,6
3004,ZSOMBOR,6
3373,AADITYA,5
3373,AARIN,5
3373,AARNAV,5
3373,AASIM,5
3373,AAYANSH,5
3373,ABD,5
3373,ABDUL-RAHIM,5
3373,ABDULBASIT,5
3373,ABDULQADIR,5
3373,ABDUS,5
3373,ABUBACARR,5
3373,ACHILLES,5
3373,ADAMS,5
3373,ADEDAMOLA,5
3373,ADIB,5
3373,ADIYAN,5
3373,ADONIJAH,5
3373,ADYAAN,5
3373,AGHA,5
3373,AISTIS,5
3373,AJMAL,5
3373,AKSHAJ,5
3373,AL-AMIN,5
3373,ALBEY,5
3373,ALEKSANDRAS,5
3373,ALEKSEY,5
3373,ALEKSI,5
3373,ALEKSS,5
3373,ALEXANDER-JAMES,5
3373,ALEXANDR,5
3373,ALFFI,5
3373,ALFREDO,5
3373,ALIM,5
3373,ALONZO,5
3373,ALWYN,5
3373,AMANDEEP,5
3373,AMANUEL,5
3373,AMARVEER,5
3373,AMAZIAH,5
3373,AMINE,5
3373,AMRIK,5
3373,ANDRAS,5
3373,ANDREJ,5
3373,ARAF,5
3373,ARBER,5
3373,AREEN,5
3373,ARLAN,5
3373,ARLOW,5
3373,AROS,5
3373,ARVI,5
3373,ASAIAH,5
3373,ASHTON-JAMES,5
3373,ASHTON-LEE,5
3373,ASIF,5
3373,AUN,5
3373,AVINASH,5
3373,AVYAAN,5
3373,AWWAL,5
3373,AYHAN,5
3373,BADEN,5
3373,BAILIE,5
3373,BASIT,5
3373,BASTIAN,5
3373,BASTIEN,5
3373,BAWAN,5
3373,BEAUX,5
3373,BENAIAH,5
3373,BENEDEK,5
3373,BENNI,5
3373,BILLY-JAY,5
3373,BLAYZE,5
3373,BOBBY-JAMES,5
3373,BOBBY-RAY,5
3373,BODI,5
3373,BOHAN,5
3373,BORISLAV,5
3373,BORUCH,5
3373,BOYAN,5
3373,BRAYLIN,5
3373,BRIGHT,5
3373,BRODIE-LEE,5
3373,BRUK,5
3373,C-JAY,5
3373,CAILEN,5
3373,CALDER,5
3373,CAMRAN,5
3373,CAULEY,5
3373,CAVELL,5
3373,CAYDE,5
3373,CAYDON,5
3373,CAYLEN,5
3373,CAYLUM,5
3373,CHARLEE,5
3373,CHARLIE-RAY,5
3373,CHENG,5
3373,CHIDI,5
3373,CHINEDU,5
3373,CHRISTIANO,5
3373,CLINTON,5
3373,COBY-JAMES,5
3373,COBYN,5
3373,CODY-JAMES,5
3373,COLBIE,5
3373,COLETON,5
3373,COREY-JAMES,5
3373,CORTEZ,5
3373,COSMIN,5
3373,CREE,5
3373,CRISPIN,5
3373,CRUIZ,5
3373,CUTHBERT,5
3373,CYRIL,5
3373,D'ANDRE,5
3373,D'ANGELO,5
3373,DANIEL-LEE,5
3373,DANIL,5
3373,DARIEN,5
3373,DAVE,5
3373,DAXTON,5
3373,DEION,5
3373,DELANO,5
3373,DEMARI,5
3373,DEMPSEY,5
3373,DERIN,5
3373,DERRY,5
3373,DESTINY,5
3373,DEVONTE,5
3373,DEYAN,5
3373,DIAMOND,5
3373,DILANAS,5
3373,DINIS,5
3373,DJANGO,5
3373,DOMINIKS,5
3373,DONTAE,5
3373,DOUGAL,5
3373,DOV,5
3373,DRACO,5
3373,DUARTE,5
3373,DYFAN,5
3373,DYLON,5
3373,EDVIN,5
3373,EHSAAN,5
3373,EIFION,5
3373,EITAN,5
3373,ELAN,5
3373,ELIMELECH,5
3373,ELOI,5
3373,ELSON,5
3373,ELYON,5
3373,EMAAD,5
3373,EMYR,5
3373,ENEA,5
3373,ENRIC,5
3373,ERFAN,5
3373,ERON,5
3373,ERVIN,5
3373,ESSAM,5
3373,FAAIZ,5
3373,FAHD,5
3373,FAHIM,5
3373,FAREED,5
3373,FARREN,5
3373,FAWAZ,5
3373,FAZAL,5
3373,FIN,5
3373,FINDLEY,5
3373,FINLEY-JAMES,5
3373,FLYN,5
3373,FRANZ,5
3373,FUAD,5
3373,GABE,5
3373,GABRIELIS,5
3373,GAIUS,5
3373,GARRY,5
3373,GERSHON,5
3373,GRYFF,5
3373,GRZEGORZ,5
3373,GUNNAR,5
3373,GURJOT,5
3373,GURPREET,5
3373,GUSTAVE,5
3373,HAASHIR,5
3373,HAMIM,5
3373,HAN,5
3373,HANK,5
3373,HANSEL,5
3373,HARGUN,5
3373,HARLEY-JOE,5
3373,HARNOOR,5
3373,HARRINGTON,5
3373,HARRY-LEE,5
3373,HARVEY-JAI,5
3373,HARVIN,5
3373,HASAAN,5
3373,HEAVEN,5
3373,HENRIKAS,5
3373,HENRIQUE,5
3373,HEYAN,5
3373,HUDAIFA,5
3373,HUDAYFA,5
3373,HUDHAYFAH,5
3373,HUGAS,5
3373,HUSAIN,5
3373,HUSAM,5
3373,HYWEL,5
3373,IANNIS,5
3373,IBAAD,5
3373,IBAD,5
3373,IFECHUKWU,5
3373,IGNATIUS,5
3373,IKER,5
3373,IKRAM,5
3373,ILIAN,5
3373,ION,5
3373,ISAAM,5
3373,ISRAFIL,5
3373,IYAD,5
3373,JABRIL,5
3373,JACKY,5
3373,JACOB-JAY,5
3373,JACOB-JOHN,5
3373,JACOB-LEE,5
3373,JAFAR,5
3373,JAICOB,5
3373,JAIDEEP,5
3373,JAINIL,5
3373,JAMARI,5
3373,JAMES-DEAN,5
3373,JAMESDEAN,5
3373,JAMIESON,5
3373,JANEK,5
3373,JARRED,5
3373,JASDEEP,5
3373,JAYDN,5
3373,JAYEN,5
3373,JAZIAH,5
3373,JEDD,5
3373,JEDIAH,5
3373,JEFF,5
3373,JENSEN-JAMES,5
3373,JETSON,5
3373,JIBRAEL,5
3373,JOAH,5
3373,JOAQUIM,5
3373,JOBEY,5
3373,JOHNY,5
3373,JON-PAUL,5
3373,JOOLS,5
3373,KACE,5
3373,KADEEM,5
3373,KAI-JAMES,5
3373,KAIEN,5
3373,KAILEM,5
3373,KALIB,5
3373,KANAV,5
3373,KARMAN,5
3373,KARSTEN,5
3373,KASRA,5
3373,KAYEN,5
3373,KAYLUN,5
3373,KEBBA,5
3373,KELDON,5
3373,KENECHUKWU,5
3373,KENZIE-JAMES,5
3373,KENZIE-LEE,5
3373,KEVINS,5
3373,KHAALID,5
3373,KHALIF,5
3373,KHALIFAH,5
3373,KHIAN,5
3373,KIELAN,5
3373,KIEN,5
3373,KIP,5
3373,KIRIL,5
3373,KIRIN,5
3373,KIVANC,5
3373,KONNOR,5
3373,KONSTANTIN,5
3373,KOSISOCHUKWU,5
3373,KRISTOFERS,5
3373,KRISTOFFER,5
3373,KUMAYL,5
3373,KWAKU,5
3373,KYON,5
3373,KYREECE,5
3373,KYRIACOS,5
3373,KYZER,5
3373,LADISLAV,5
3373,LAMAR,5
3373,LARSSON,5
3373,LAWIN,5
3373,LAZARUS,5
3373,LEANDRE,5
3373,LEMAR,5
3373,LEONAS,5
3373,LEWYN,5
3373,LIAN,5
3373,LINCON,5
3373,LINTON,5
3373,LLEWYN,5
3373,LLYR,5
3373,LONDON,5
3373,LORIK,5
3373,LOUIE-JAY,5
3373,LOWELL,5
3373,LOXLEY,5
3373,LUCA-JAY,5
3373,LUI,5
3373,MACKINLEY,5
3373,MADALIN,5
3373,MAEL,5
3373,MAHMOOD,5
3373,MANAN,5
3373,MANASSEH,5
3373,MANROOP,5
3373,MARIUSZ,5
3373,MATEEN,5
3373,MAXEN,5
3373,MAXENCE,5
3373,MAXIMOS,5
3373,MEHRAN,5
3373,METIN,5
3373,MILLEN,5
3373,MINH,5
3373,MOHAMMED-ALI,5
3373,MOMODOU,5
3373,MUHAMMAD-MUSA,5
3373,MUHAMMAD-ZAKARIYA,5
3373,MUHAMMET,5
3373,MUIZ,5
3373,MUNACHIMSO,5
3373,MUTASIM,5
3373,NABEEL,5
3373,NAMEER,5
3373,NARCIS,5
3373,NARYAN,5
3373,NASH,5
3373,NASRI,5
3373,NAUFAL,5
3373,NAVJOT,5
3373,NAZIAH,5
3373,NERO,5
3373,NICCO,5
3373,NIKLAS,5
3373,NIKLAUS,5
3373,NIKOS,5
3373,NINO,5
3373,NIRVAIR,5
3373,NISHAN,5
3373,NITHUSH,5
3373,NOBEL,5
3373,NOVAK,5
3373,NURAIZ,5
3373,NYAL,5
3373,NYALL,5
3373,NYE,5
3373,OAKLEY-JAMES,5
3373,OJAS,5
3373,OLIVER-GEORGE,5
3373,OLIVER-JACK,5
3373,OLUWAFIKAYOMI,5
3373,OLUWATIMILEHIN,5
3373,ORESTIS,5
3373,ORLAN,5
3373,OSAMA,5
3373,OSCAR-GEORGE,5
3373,OSSIE,5
3373,OSTYN,5
3373,OTHMAN,5
3373,OZ,5
3373,PADRAIG,5
3373,PANAGIOTIS,5
3373,PARKER-JAMES,5
3373,PARSA,5
3373,PARTHIV,5
3373,PAUL-JUNIOR,5
3373,PELE,5
3373,PERSEUS,5
3373,PIERCE,5
3373,PIERS,5
3373,PIJUS,5
3373,PIP,5
3373,PRISH,5
3373,PRIYANSH,5
3373,PRZEMYSLAW,5
3373,QUIN,5
3373,RAFFAEL,5
3373,RAFFAELLO,5
3373,RAHAND,5
3373,RAIENS,5
3373,RAKAN,5
3373,RAKEEM,5
3373,RALFIE,5
3373,RAMEEZ,5
3373,RAMSAY,5
3373,REDFORD,5
3373,REMARNI,5
3373,REMIEL,5
3373,REUBYN,5
3373,REZA,5
3373,RIDWAAN,5
3373,RILEY-JACK,5
3373,RILEY-LEE,5
3373,RILEY-THOMAS,5
3373,RITHVIK,5
3373,RODNEY,5
3373,ROHAIL,5
3373,ROHIN,5
3373,ROMI,5
3373,RON,5
3373,RONAV,5
3373,RONNIE-LEE,5
3373,ROQUE,5
3373,RUBAN,5
3373,RUDOLF,5
3373,RUMI,5
3373,RUSTAM,5
3373,RUSTY,5
3373,RYLAND,5
3373,SA'AD,5
3373,SAADI,5
3373,SAAIM,5
3373,SABIN,5
3373,SAHAL,5
3373,SAHAS,5
3373,SAHIBJOT,5
3373,SAIHAAN,5
3373,SAINT,5
3373,SAJAN,5
3373,SAMUEL-JAMES,5
3373,SANAV,5
3373,SANDRO,5
3373,SARDAR,5
3373,SARMAD,5
3373,SAVIO,5
3373,SAYHAN,5
3373,SEHAJ,5
3373,SENNA,5
3373,SHAHEEN,5
3373,SHAHMEER,5
3373,SHAMAR,5
3373,SHAYLEN,5
3373,SHERLOCK,5
3373,SHIVAAN,5
3373,SHK,5
3373,SHMIEL,5
3373,SHREYAS,5
3373,SIDDHARTHA,5
3373,SIMBARASHE,5
3373,SIYAM,5
3373,SKY,5
3373,SOMTOCHUKWU,5
3373,SONNI,5
3373,STANISLAV,5
3373,STAVROS,5
3373,STORM,5
3373,SULAIMAAN,5
3373,SULAYMAAN,5
3373,SULLY,5
3373,SYMEON,5
3373,TADGH,5
3373,TAIT,5
3373,TAMJID,5
3373,TANUSH,5
3373,TAO,5
3373,TARON,5
3373,TATUM,5
3373,TAYLER,5
3373,TAYLOR-JAMES,5
3373,TAYLOR-JAY,5
3373,TAYTE,5
3373,TEDDY-LEE,5
3373,TEJ,5
3373,TEON,5
3373,THARUN,5
3373,THEOPHILUS,5
3373,THIERNO,5
3373,THOM,5
3373,TIBOR,5
3373,TIEN,5
3373,TIMAS,5
3373,TOBECHUKWU,5
3373,TOBY-LEE,5
3373,TORSTEN,5
3373,TRAYVON,5
3373,TRISHAN,5
3373,TRISTON,5
3373,TURAN,5
3373,TYLER-JOHN,5
3373,TYREE,5
3373,TYRON,5
3373,TYRUS,5
3373,TYTUS,5
3373,UGNIUS,5
3373,UGONNA,5
3373,VASCO,5
3373,VASILE,5
3373,VIVEK,5
3373,WAHAB,5
3373,WARIS,5
3373,WASEEM,5
3373,WASI,5
3373,WINTER,5
3373,WITOLD,5
3373,XZAVIER,5
3373,YACOUB,5
3373,YAHIYA,5
3373,YAMAN,5
3373,YAMEN,5
3373,YAN,5
3373,YANN,5
3373,YARO,5
3373,YASEER,5
3373,YASSEEN,5
3373,YAZEN,5
3373,YECHEZKEL,5
3373,YEHOSHUA,5
3373,YESHUA,5
3373,YOAN,5
3373,YONAH,5
3373,YORDAN,5
3373,YUSAF,5
3373,ZACCHAEUS,5
3373,ZAHRAN,5
3373,ZAKARI,5
3373,ZAKARIYE,5
3373,ZAKWAN,5
3373,ZARAAN,5
3373,ZEB,5
3373,ZEUS,5
3373,ZIAD,5
3373,ZIYAAD,5
3373,ZIYAAN,5
3373,ZOHAAN,5
3373,ZORAVAR,5
3908,AADESH,4
3908,AADHAV,4
3908,AALIM,4
3908,AANAV,4
3908,AAREN,4
3908,AARON-JAY,4
3908,AARVIN,4
3908,AARYAV,4
3908,AASHIR,4
3908,AAYAAN,4
3908,ABASS,4
3908,ABDEL,4
3908,ABDIRASHID,4
3908,ABDOU,4
3908,ABDOUL,4
3908,ABDOULIE,4
3908,ABDUL-MALIK,4
3908,ABDUL-QADIR,4
3908,ABDUL-REHMAN,4
3908,ABDULKADIR,4
3908,ABDULKAREEM,4
3908,ABDULRAHIM,4
3908,ABDULREHMAN,4
3908,ABDULSAMAD,4
3908,ABDUS-SAMI,4
3908,ABHI,4
3908,ABHIJEET,4
3908,ABUBAKER,4
3908,ADEBAYO,4
3908,ADEMOLA,4
3908,ADEWALE,4
3908,ADHRIT,4
3908,ADISON,4
3908,ADON,4
3908,ADONAY,4
3908,ADVAITH,4
3908,ADVAY,4
3908,ADY,4
3908,AESON,4
3908,AGAM,4
3908,AHNAF,4
3908,AIDAAN,4
3908,AIDYN,4
3908,AJAI,4
3908,AKAM,4
3908,AKOREDE,4
3908,AKOS,4
3908,AKSHARAN,4
3908,AKSHITH,4
3908,ALAIN,4
3908,ALAM,4
3908,ALARIC,4
3908,ALBEE,4
3908,ALBIE-JAY,4
3908,ALBUS,4
3908,ALDOUS,4
3908,ALDRIN,4
3908,ALEHANDRO,4
3908,ALEKSEI,4
3908,ALEN,4
3908,ALEXEY,4
3908,ALEXIOS,4
3908,ALF,4
3908,ALIYAAN,4
3908,ALPER,4
3908,ALPEREN,4
3908,ALPHONSE,4
3908,ALTAN,4
3908,ALTEO,4
3908,ALVIE,4
3908,AMAD,4
3908,AMADEUS,4
3908,AMANI,4
3908,AMARE,4
3908,AMIL,4
3908,AN,4
3908,ANAIAH,4
3908,ANASHE,4
3908,ANDOR,4
3908,ANEES,4
3908,ANEESH,4
3908,ANEIRIN,4
3908,ANUJ,4
3908,AQIL,4
3908,ARA,4
3908,ARAFATH,4
3908,ARAZ,4
3908,ARBI,4
3908,ARCHEY,4
3908,ARCHIE-JAI,4
3908,ARCHIE-JAY,4
3908,ARDIL,4
3908,ARETAS,4
3908,ARIO,4
3908,ARKAN,4
3908,ARLOWE,4
3908,ARMANDS,4
3908,ARNI,4
3908,ARO,4
3908,ARSHAD,4
3908,ARSHIA,4
3908,ARSHVEER,4
3908,ARTEMIJS,4
3908,ARTEMIS,4
3908,ARTHUR-JOHN,4
3908,ARTJOMS,4
3908,ARUSHAN,4
3908,ARVIND,4
3908,ARYAMAN,4
3908,ARYEH,4
3908,ASHA,4
3908,ASHAAN,4
3908,ASHIR,4
3908,ASRIEL,4
3908,ASSER,4
3908,ATES,4
3908,AUGUSTE,4
3908,AURYN,4
3908,AUSTIN-JAMES,4
3908,AVNER,4
3908,AVYUKT,4
3908,AZAM,4
3908,AZARI,4
3908,AZHAR,4
3908,BAKARY,4
3908,BAKER,4
3908,BALAZS,4
3908,BALINT,4
3908,BARON,4
3908,BARTHOLOMEW,4
3908,BAYLEE,4
3908,BEDWYR,4
3908,BENEDIKTAS,4
3908,BENICIO,4
3908,BERZAN,4
3908,BLADE,4
3908,BLANE,4
3908,BLAYKE,4
3908,BOB,4
3908,BOBBY-JAI,4
3908,BOBBY-JAY,4
3908,BOLUWATIFE,4
3908,BRAE,4
3908,BRANDEN,4
3908,BRAYLEN,4
3908,BRENIN,4
3908,BRENTON,4
3908,BRODEN,4
3908,BRODERICK,4
3908,BRODI,4
3908,BRODY-LEE,4
3908,CADEL,4
3908,CAELEN,4
3908,CAELUM,4
3908,CAERWYN,4
3908,CAETANO,4
3908,CAIAN,4
3908,CAISON,4
3908,CALLUN,4
3908,CALON,4
3908,CAMILLE,4
3908,CAMILO,4
3908,CARL-JUNIOR,4
3908,CARLITO,4
3908,CARMELO,4
3908,CAYLEB,4
3908,CESARE,4
3908,CETIN,4
3908,CHAE,4
3908,CHAEL,4
3908,CHARLIE-JOE,4
3908,CHARLIE-JUNIOR,4
3908,CHARLIE-LEE,4
3908,CHEIKH,4
3908,CHESKY,4
3908,CHIBUEZE,4
3908,CHIDINDU,4
3908,CHINONSO,4
3908,CHUKWUEMEKA,4
3908,CIHAN,4
3908,CLAUDE,4
3908,CLIFFORD,4
3908,COLLINS,4
3908,CONNOR-LEE,4
3908,CONSTANTINO,4
3908,CORBY,4
3908,CORDELL,4
3908,COREY-LEE,4
3908,CORNEL,4
3908,COSTAS,4
3908,CRAWFORD,4
3908,CREWE,4
3908,CYAN,4
3908,DACIAN,4
3908,DAITON,4
3908,DAMAN,4
3908,DANA,4
3908,DANAIL,4
3908,DARBY,4
3908,DARDAN,4
3908,DARRELL,4
3908,DARRON,4
3908,DAVID-JAMES,4
3908,DAWIT,4
3908,DAYYAN,4
3908,DEEGAN,4
3908,DEJAN,4
3908,DEMITRI,4
3908,DENHOLM,4
3908,DENISLAV,4
3908,DENISS,4
3908,DENTON,4
3908,DERMOT,4
3908,DESHAWN,4
3908,DEVONTAE,4
3908,DEVRAN,4
3908,DHAIRYA,4
3908,DHARSHAN,4
3908,DHRUVA,4
3908,DHRUVIN,4
3908,DHYLAN,4
3908,DIAR,4
3908,DIDIER,4
3908,DIESEL,4
3908,DILSHAN,4
3908,DIVAM,4
3908,DRAVEN,4
3908,DREY,4
3908,DUMITRU,4
3908,DUSAN,4
3908,DUSTIN,4
3908,EASAH,4
3908,EDMOND,4
3908,EIMANTAS,4
3908,EISSA,4
3908,EITA,4
3908,EKAMJOT,4
3908,EKAMVEER,4
3908,ELGAN,4
3908,ELIA,4
3908,ELIE,4
3908,ELIJAH-JAMES,4
3908,ELIYAHU,4
3908,ELOHIM,4
3908,ELYAN,4
3908,EMERY,4
3908,EMILS,4
3908,EMIRHAN,4
3908,ENDA,4
3908,ENOH,4
3908,EROL,4
3908,EROS,4
3908,ERRON,4
3908,ETHAN-LEE,4
3908,ETHYN,4
3908,EZIO,4
3908,FARAN,4
3908,FARON,4
3908,FARRAN,4
3908,FARRON,4
3908,FARZAN,4
3908,FAYZAN,4
3908,FERGAL,4
3908,FEYNMAN,4
3908,FIACHRA,4
3908,FINIAN,4
3908,FINLEE,4
3908,FINTON,4
3908,FIRAS,4
3908,FREDDIE-GEORGE,4
3908,FREDDIE-JOE,4
3908,FREDDIE-RAY,4
3908,FYFE,4
3908,FYNNLEY,4
3908,GAURAV,4
3908,GEORGES,4
3908,GEORGY,4
3908,GHYLL,4
3908,GONCALO,4
3908,GONZALO,4
3908,GRAYSEN,4
3908,GREG,4
3908,GREGORIO,4
3908,GREY,4
3908,GRIFFITH,4
3908,GUILLERMO,4
3908,GURKIRAT,4
3908,GURNEK,4
3908,GURPAL,4
3908,GURSAHIB,4
3908,GURSHAAN,4
3908,GWYN,4
3908,HADLEIGH,4
3908,HAITHAM,4
3908,HANI,4
3908,HANIEL,4
3908,HANISH,4
3908,HARJAN,4
3908,HARKIRAT,4
3908,HARLEY-JAI,4
3908,HARLEY-RAY,4
3908,HARLO,4
3908,HARMAAN,4
3908,HARPREET,4
3908,HARRISON-LEE,4
3908,HARRYSON,4
3908,HARSHIV,4
3908,HARSHVEER,4
3908,HARSIMRAN,4
3908,HARUUN,4
3908,HARVI,4
3908,HASANAIN,4
3908,HASSAAN,4
3908,HASSNAIN,4
3908,HAYAAN,4
3908,HAYDAR,4
3908,HAYDEN-JAMES,4
3908,HAZIQ,4
3908,HENOK,4
3908,HERB,4
3908,HERO,4
3908,HERSHY,4
3908,HO,4
3908,HORACE,4
3908,HRISTO,4
3908,HUD,4
3908,HUMAYL,4
3908,HUNTER-JAMES,4
3908,HUSSAM,4
3908,HUSSNAIN,4
3908,HUZAYFAH,4
3908,IBRAAHEEM,4
3908,IDEN,4
3908,IFEOLUWA,4
3908,IFOR,4
3908,IGGY,4
3908,IGNACIO,4
3908,IKECHUKWU,4
3908,IKRAAM,4
3908,ILIE,4
3908,ILIYAS,4
3908,ILYES,4
3908,IMAAN,4
3908,IMARI,4
3908,INDIGO,4
3908,INIOLUWA,4
3908,IONEL,4
3908,IS'HAQ,4
3908,ISAK,4
3908,ISMAILA,4
3908,ISSIAH,4
3908,IWINOSA,4
3908,IYAAZ,4
3908,IZAC,4
3908,IZAN,4
3908,IZAYAH,4
3908,J,4
3908,JACK-JUNIOR,4
3908,JACKSON-JAMES,4
3908,JACO,4
3908,JAGGER,4
3908,JAGJEEVAN,4
3908,JAHIEM,4
3908,JAIDEN-LEE,4
3908,JAIRUS,4
3908,JAITON,4
3908,JAIVON,4
3908,JAKE-JUNIOR,4
3908,JAKOBI,4
3908,JAMES-JOHN,4
3908,JAPMAN,4
3908,JARON,4
3908,JASIR,4
3908,JAVID,4
3908,JAXON-LEE,4
3908,JAYCEON,4
3908,JAYMES,4
3908,JAYVEER,4
3908,JEET,4
3908,JEMAL,4
3908,JENS,4
3908,JESPER,4
3908,JESSE-LEE,4
3908,JESSIE,4
3908,JESWIN,4
3908,JEZIAH,4
3908,JING,4
3908,JIRI,4
3908,JIYAN,4
3908,JOBAN,4
3908,JODHVEER,4
3908,JOEY-LEE,4
3908,JOHN-JOE,4
3908,JOHN-JUNIOR,4
3908,JOHN-MICHAEL,4
3908,JOLYON,4
3908,JONA,4
3908,JONI,4
3908,JONNIE,4
3908,JORAWAR,4
3908,JORDON,4
3908,JOSEPH-JAMES,4
3908,JOVANNI,4
3908,JOY,4
3908,JUELZ,4
3908,JULIO,4
3908,JUPITER,4
3908,KACI,4
3908,KAII,4
3908,KAILEB,4
3908,KAINAN,4
3908,KAIO,4
3908,KAITO,4
3908,KALIL,4
3908,KALON,4
3908,KALOYAN,4
3908,KAMARLEY,4
3908,KAMARNI,4
3908,KAMYAR,4
3908,KARAMVEER,4
3908,KASSIM,4
3908,KAVEER,4
3908,KAVELL,4
3908,KAVI,4
3908,KAVIR,4
3908,KAYDEN-JAY,4
3908,KAYLON,4
3908,KAYODE,4
3908,KEAN,4
3908,KEANO,4
3908,KEEAN,4
3908,KEEYAN,4
3908,KEIAN,4
3908,KELECHI,4
3908,KEMAR,4
3908,KENDAL,4
3908,KENDALL,4
3908,KEYLAN,4
3908,KHANH,4
3908,KHUBAYB,4
3908,KHYAN,4
3908,KIEREN,4
3908,KIMI,4
3908,KINAN,4
3908,KIRAT,4
3908,KIRUBEL,4
3908,KLAUS,4
3908,KOBI-JAMES,4
3908,KODA,4
3908,KONSTANTY,4
3908,KORBAN,4
3908,KORDIAN,4
3908,KOTA,4
3908,KRAY,4
3908,KUNASHE,4
3908,KUNJ,4
3908,KY-MANI,4
3908,KYDON,4
3908,KYREE,4
3908,KYZA,4
3908,LABIB,4
3908,LAEL,4
3908,LANZ,4
3908,LATIF,4
3908,LAVELL,4
3908,LAWRIE,4
3908,LAYLEN,4
3908,LAYTON-JAMES,4
3908,LAZER,4
3908,LEART,4
3908,LEDLEY,4
3908,LEE-JUNIOR,4
3908,LEESON,4
3908,LEIGH,4
3908,LEIGHLAN,4
3908,LENARD,4
3908,LENNI,4
3908,LEONE,4
3908,LEVIN,4
3908,LEWAN,4
3908,LIOR,4
3908,LJ,4
3908,LOCKE,4
3908,LONAN,4
3908,LOUCA,4
3908,LOVELL,4
3908,LUCA-JAMES,4
3908,LUCAH,4
3908,LUIE,4
3908,LUIGI,4
3908,LUIZ,4
3908,LUX,4
3908,LYNCON,4
3908,MAALIK,4
3908,MAAN,4
3908,MAHEER,4
3908,MAHMUD,4
3908,MAJID,4
3908,MAKENZIE,4
3908,MALIQ,4
3908,MANSOOR,4
3908,MARCU,4
3908,MARKOS,4
3908,MARMADUKE,4
3908,MARSHAL,4
3908,MARTI,4
3908,MASEN,4
3908,MASOUD,4
3908,MATAN,4
3908,MATH,4
3908,MATHEO,4
3908,MATHIEU,4
3908,MATIS,4
3908,MATTHIEU,4
3908,MATVEI,4
3908,MATVEJ,4
3908,MAURO,4
3908,MAURYCY,4
3908,MAXTON,4
3908,MAYON,4
3908,MCAULEY,4
3908,MEDHANSH,4
3908,MEHTAAB,4
3908,MELIH,4
3908,MESHACH,4
3908,MIAN,4
3908,MICHAEL-JAMES,4
3908,MICHAIL,4
3908,MICHELANGELO,4
3908,MIKA'IL,4
3908,MIKAYEEL,4
3908,MIKHAEL,4
3908,MIKO,4
3908,MILANO,4
3908,MILLAR,4
3908,MINHAJ,4
3908,MIRACLE,4
3908,MOAYAD,4
3908,MOFEOLUWA,4
3908,MOHAMMED-MUSA,4
3908,MOHAMMOD,4
3908,MOHIT,4
3908,MOHNISH,4
3908,MONTANA,4
3908,MONTE,4
3908,MORDECAI,4
3908,MORTIMER,4
3908,MOSTAFA,4
3908,MOTTI,4
3908,MOUSSA,4
3908,MU'ADH,4
3908,MUBEEN,4
3908,MUHAMMAD-EESA,4
3908,MUHAMMAD-HASHIM,4
3908,MUMIN,4
3908,MURAT,4
3908,MUZZAMMIL,4
3908,MYKAH,4
3908,NAVEED,4
3908,NAVEEN,4
3908,NAVIN,4
3908,NAWAZ,4
3908,NAZIR,4
3908,NEESON,4
3908,NIAZ,4
3908,NICODEM,4
3908,NICOLAI,4
3908,NIHAD,4
3908,NIK,4
3908,NIKAN,4
3908,NIKKI,4
3908,NIMA,4
3908,NITYA,4
3908,NIVAN,4
3908,NIVEN,4
3908,NIYAM,4
3908,NOAR,4
3908,NOBLE,4
3908,NOMAN,4
3908,NORAIZ,4
3908,NUBAID,4
3908,OAKLAN,4
3908,OAKLEIGH,4
3908,OBINNA,4
3908,ODEN,4
3908,OHENE,4
3908,OLAYEMI,4
3908,OLE,4
3908,OLEK,4
3908,OLIN,4
3908,OLIVER-JOHN,4
3908,OLLY-JAY,4
3908,OLUWAFEMI,4
3908,OLUWAKOREDE,4
3908,OLUWANIFEMI,4
3908,OLUWASEMILORE,4
3908,OLUWASEUN,4
3908,OLUWATIMILEYIN,4
3908,OLUWATOMISIN,4
3908,OLUWATONI,4
3908,OLUWATOSIN,4
3908,OMED,4
3908,OMOBOLAJI,4
3908,ONKAR,4
3908,ONYX,4
3908,OPIE,4
3908,OSAGIE,4
3908,OSAZE,4
3908,OSKARS,4
3908,PANASHE,4
3908,PANTH,4
3908,PARAM,4
3908,PARIN,4
3908,PATRIC,4
3908,PAVLOS,4
3908,PEARCE,4
3908,PETER-JAMES,4
3908,PETR,4
3908,PHARAOH,4
3908,PHELIX,4
3908,PHILIPPOS,4
3908,PINCHAS,4
3908,POLAT,4
3908,PRABHNOOR,4
3908,PRATEEK,4
3908,PRATIK,4
3908,PRESTON-LEE,4
3908,PRIYAN,4
3908,QAASIM,4
3908,QUINTEN,4
3908,RA'NELL,4
3908,RAAFI,4
3908,RAAJVEER,4
3908,RADOSLAV,4
3908,RADOSLAW,4
3908,RAED,4
3908,RAFAELS,4
3908,RAI,4
3908,RAIHAAN,4
3908,RAJAB,4
3908,RAM,4
3908,RAND,4
3908,RAQEEB,4
3908,RASHAUN,4
3908,RASHEED,4
3908,RAWA,4
3908,RAYANSH,4
3908,REDD,4
3908,REES,4
3908,REGGIE-JAY,4
3908,REGGIE-RAY,4
3908,REHMAN,4
3908,REMIE,4
3908,RENWA,4
3908,REXFORD,4
3908,REYHAN,4
3908,REYNOLD,4
3908,RHIAN,4
3908,RHION,4
3908,RICHMOND,4
3908,RIDHAAN,4
3908,RIDHWAN,4
3908,RIHAAN,4
3908,RIHAN,4
3908,RILEY-JAE,4
3908,RILEY-JOE,4
3908,RILEY-RAY,4
3908,RIPLEY,4
3908,RIYON,4
3908,ROBEL,4
3908,ROBY,4
3908,ROEN,4
3908,ROHAT,4
3908,ROMA,4
3908,ROMEN,4
3908,RONAK,4
3908,RONEL,4
3908,RONNIE-JAMES,4
3908,RORIE,4
3908,ROSHAAN,4
3908,ROYAL,4
3908,RUAIRIDH,4
3908,RUDR,4
3908,RUFAEL,4
3908,RYDEN,4
3908,RYYAN,4
3908,SAABIR,4
3908,SAALIH,4
3908,SADEED,4
3908,SAFAL,4
3908,SAIKOU,4
3908,SAISH,4
3908,SALAAR,4
3908,SALAHUDIN,4
3908,SAMBA,4
3908,SAMER,4
3908,SANTOS,4
3908,SAQIB,4
3908,SATHVIK,4
3908,SAVIOUR,4
3908,SAYAN,4
3908,SAYYED,4
3908,SEBASTIAO,4
3908,SEM,4
3908,SENAY,4
3908,SERAFIM,4
3908,SERHAT,4
3908,SERKAN,4
3908,SEWERYN,4
3908,SHAHEEM,4
3908,SHAKIB,4
3908,SHAKIL,4
3908,SHAQUAN,4
3908,SHAQUILLE,4
3908,SHARIF,4
3908,SHAUNAK,4
3908,SHAWAIZ,4
3908,SHAYDON,4
3908,SHAYLON,4
3908,SHAZAIB,4
3908,SHEERAN,4
3908,SHIA,4
3908,SHIVA,4
3908,SHLOIMY,4
3908,SHREYAN,4
3908,SHRIYAN,4
3908,SHYAM,4
3908,SIDDH,4
3908,SIDDHANT,4
3908,SIRIUS,4
3908,SIYAR,4
3908,SKYLAR,4
3908,SOFIANE,4
3908,SOHAAN,4
3908,SOUL,4
3908,SRIYAN,4
3908,STANLEE,4
3908,STOYAN,4
3908,SUFIAN,4
3908,SUKHMAN,4
3908,SUYOG,4
3908,SVEN,4
3908,SYON,4
3908,T,4
3908,TADAS,4
3908,TAKUNDA,4
3908,TALHAH,4
3908,TALON,4
3908,TAMAS,4
3908,TANZIL,4
3908,TAWFIQ,4
3908,TAY,4
3908,TAYON,4
3908,TEDDIE-JAMES,4
3908,TEJAS,4
3908,TEJAY,4
3908,TEMIDAYO,4
3908,TENDAI,4
3908,TERELL,4
3908,THABO,4
3908,THATCHER,4
3908,TIMMY,4
3908,TIMOFEJ,4
3908,TIMOFEY,4
3908,TOBIA,4
3908,TOBY-JAMES,4
3908,TODOR,4
3908,TOMMIE-LEE,4
3908,TOMMY-JAI,4
3908,TOMMYLEE,4
3908,TREI,4
3908,TRENTON,4
3908,TREVELL,4
3908,TRUMAN,4
3908,TYLEN,4
3908,TYLER-JACK,4
3908,TYRELLE,4
3908,TZVI,4
3908,UBAIDULLAH,4
3908,UGOCHUKWU,4
3908,UNAIS,4
3908,VALERIO,4
3908,VASILEIOS,4
3908,VEDANTH,4
3908,VICENTE,4
3908,VICTORY,4
3908,VIHAN,4
3908,VIJAY,4
3908,VIKRAM,4
3908,VINICIUS,4
3908,VINNI,4
3908,VIRAAT,4
3908,VISHRUTH,4
3908,VITOR,4
3908,VIVIAN,4
3908,VIYAN,4
3908,VOLKAN,4
3908,WAFI,4
3908,WALLACE,4
3908,WAN,4
3908,WASIM,4
3908,WESTLEY,4
3908,WILEY,4
3908,WILLIAMS,4
3908,WYNN,4
3908,WYNTER,4
3908,XABIER,4
3908,XAVIAN,4
3908,YA'QUB,4
3908,YAGO,4
3908,YAHYAA,4
3908,YAVUZ,4
3908,YAW,4
3908,YAZDAN,4
3908,YICHEN,4
3908,YONAS,4
3908,YONI,4
3908,YOOSUF,4
3908,YOSUF,4
3908,YOTAM,4
3908,YUSSUF,4
3908,ZAAKIR,4
3908,ZACARIAH,4
3908,ZACARIAS,4
3908,ZACKARIAH,4
3908,ZADE,4
3908,ZAHEER,4
3908,ZAIM,4
3908,ZAKARIYYAH,4
3908,ZAMAN,4
3908,ZAYYAAN,4
3908,ZE,4
3908,ZEDEKIAH,4
3908,ZEON,4
3908,ZEPHAN,4
3908,ZEPHYRUS,4
3908,ZIXUAN,4
3908,ZVI,4
3908,ZYON,4
4747,AADARSH,3
4747,AADHAM,3
4747,AADHEEN,3
4747,AADHI,3
4747,AADHVIK,3
4747,AADIDEV,3
4747,AADIT,3
4747,AAHAAN,3
4747,AAJAY,3
4747,AAKASH,3
4747,AALIYAAN,3
4747,AALIYAN,3
4747,AANAY,3
4747,AAQIB,3
4747,AARAIZ,3
4747,AARIAN,3
4747,AARON-JAMES,3
4747,AARON-JUNIOR,3
4747,AARUN,3
4747,ABDELMALEK,3
4747,ABDIKARIM,3
4747,ABDILLAHI,3
4747,ABDINASIR,3
4747,ABDINUR,3
4747,ABDIRIZAK,3
4747,ABDUL-AZEEZ,3
4747,ABDUL-HAKIM,3
4747,ABDUL-MANNAN,3
4747,ABDUL-MUIZ,3
4747,ABDUL-SAMAD,3
4747,ABDUL-SAMI,3
4747,ABDUL-WAHHAB,3
4747,ABDUL-WASAY,3
4747,ABDULAHAD,3
4747,ABDULAI,3
4747,ABDULHAKIM,3
4747,ABDULLAAH,3
4747,ABDUR-REHMAN,3
4747,ABED,3
4747,ABIEL,3
4747,ABIRAJ,3
4747,ABOUBAKAR,3
4747,ABU-HURAIRA,3
4747,ADAR,3
4747,ADARSH,3
4747,ADEBOLA,3
4747,ADEEN,3
4747,ADEOLUWA,3
4747,ADIYAAN,3
4747,ADOM,3
4747,ADRIAAN,3
4747,ADRIN,3
4747,ADVIT,3
4747,AFAAN,3
4747,AFAN,3
4747,AFFAAN,3
4747,AFNAAN,3
4747,AFTAB,3
4747,AGAMVEER,3
4747,AGUSTIN,3
4747,AHAMED,3
4747,AHAN,3
4747,AIDAS,3
4747,AILAN,3
4747,AIRONAS,3
4747,AJANI,3
4747,AJUS,3
4747,AKAAL,3
4747,AKAI,3
4747,AKARSH,3
4747,AKHIL,3
4747,AKIL,3
4747,AKSHAR,3
4747,AL-YASA,3
4747,ALAMIN,3
4747,ALBIE-LEE,3
4747,ALBORZ,3
4747,ALEKSEJ,3
4747,ALESIO,3
4747,ALEX-JAMES,3
4747,ALEX-JUNIOR,3
4747,ALEXANDRO,3
4747,ALFFIE,3
4747,ALFIE-RAY,3
4747,ALFIE-THOMAS,3
4747,ALHAJI,3
4747,ALHASAN,3
4747,ALIF,3
4747,ALIYU,3
4747,ALLY,3
4747,ALMAN,3
4747,ALONIAB,3
4747,ALVAN,3
4747,ALVI,3
4747,ALVIS,3
4747,ALY,3
4747,ALYAS,3
4747,AMAAD,3
4747,AMADEO,3
4747,AMANVIR,3
4747,AMARION,3
4747,AMARIS,3
4747,AMARNI,3
4747,AMED,3
4747,AMELIO,3
4747,AMER,3
4747,AMID,3
4747,AMITOJ,3
4747,AMJED,3
4747,AMON,3
4747,ANANTH,3
4747,ANASS,3
4747,ANATOLE,3
4747,ANDREW-JOHN,3
4747,ANDREW-JUNIOR,3
4747,ANEEQ,3
4747,ANGELOS,3
4747,ANGELUS,3
4747,ANHAD,3
4747,ANIV,3
4747,ANKUSH,3
4747,ANNAS,3
4747,ANSHUL,3
4747,ANTHONY-JUNIOR,3
4747,ANTONIE,3
4747,ANUAR,3
4747,ANUOLUWAPO,3
4747,ANUSH,3
4747,ANZAR,3
4747,APOLLON,3
4747,ARANVEER,3
4747,ARCHIBOLD,3
4747,ARCHIE-LEIGH,3
4747,ARHAAM,3
4747,ARHAN,3
4747,ARIA,3
4747,ARIE,3
4747,ARIHAAN,3
4747,ARINZE,3
4747,ARISTOTELIS,3
4747,ARIV,3
4747,ARLI,3
4747,ARMAND,3
4747,ARMANJ,3
4747,ARNAUD,3
4747,ARNE,3
4747,ARPAD,3
4747,ARRON-JUNIOR,3
4747,ARSEN,3
4747,ARSENIJ,3
4747,ARSHMAN,3
4747,ARTAN,3
4747,ARTHUR-GEORGE,3
4747,ARTHUR-JAMES,3
4747,ARTIS,3
4747,ARTURAS,3
4747,ARUSH,3
4747,ARWIN,3
4747,ARYAVEER,3
4747,ARZAAN,3
4747,ASAAD,3
4747,ASAPH,3
4747,ASEEL,3
4747,ASHBY,3
4747,ASHLEE,3
4747,ASHLEY-JUNIOR,3
4747,ASIER,3
4747,ASPEN,3
4747,ASTIJUS,3
4747,ASTIN,3
4747,ATHAN,3
4747,ATHANASIOS,3
4747,ATHAR,3
4747,ATHAVAN,3
4747,ATILLA,3
4747,AUBERON,3
4747,AURELIUS,3
4747,AURON,3
4747,AVANEESH,3
4747,AVEN,3
4747,AVIEL,3
4747,AVIGDOR,3
4747,AVIJOT,3
4747,AVIK,3
4747,AVIRAJ,3
4747,AWAB,3
4747,AYAAZ,3
4747,AYDENN,3
4747,AYMAAN,3
4747,AYOBAMI,3
4747,AYOMIKUN,3
4747,AYON,3
4747,AYYOUB,3
4747,AZAI,3
4747,AZEEZ,3
4747,AZRAEL,3
4747,BADER,3
4747,BAFFOUR,3
4747,BAILEY-JAY,3
4747,BAILEY-LEE,3
4747,BAKO,3
4747,BALIAN,3
4747,BALVEER,3
4747,BAM,3
4747,BAPTISTE,3
4747,BARCLEY,3
4747,BARIS,3
4747,BASEL,3
4747,BATUHAN,3
4747,BAYLEN,3
4747,BEHRAM,3
4747,BEHZAD,3
4747,BELAL,3
4747,BELTRAN,3
4747,BENEAMIN,3
4747,BENEDIKT,3
4747,BENI,3
4747,BENNIE,3
4747,BENOIT,3
4747,BEREN,3
4747,BETZALEL,3
4747,BILLAL,3
4747,BILLY-LEE,3
4747,BLAIN,3
4747,BLESSED,3
4747,BLESSING,3
4747,BOBBY-GEORGE,3
4747,BOHEN,3
4747,BORIL,3
4747,BOYCIE,3
4747,BRADAN,3
4747,BRAJEN,3
4747,BRANDAN,3
4747,BRANNON,3
4747,BRAXSON,3
4747,BRAYDAN,3
4747,BRAYDEN-LEE,3
4747,BRAYEN,3
4747,BRAYLAN,3
4747,BRENT,3
4747,BRICE,3
4747,BROOKLIN,3
4747,BRYCHAN,3
4747,BRYNMOR,3
4747,BUSBY,3
4747,C,3
4747,CAILAN,3
4747,CAILEAN,3
4747,CAIRAN,3
4747,CALIN,3
4747,CALLUM-JAMES,3
4747,CAMREN,3
4747,CANER,3
4747,CARL-JAMES,3
4747,CARLISLE,3
4747,CARNEY,3
4747,CARY,3
4747,CASEN,3
4747,CASHEL,3
4747,CASIMIR,3
4747,CATALIN,3
4747,CATO,3
4747,CAVANI,3
4747,CEDAR,3
4747,CEDRICK,3
4747,CEIRION,3
4747,CELLAN,3
4747,CEMAL,3
4747,CEMLYN,3
4747,CESAR,3
4747,CESUR,3
4747,CHARAN,3
4747,CHARLES-JUNIOR,3
4747,CHARLIE-JOHN,3
4747,CHAUDHRY,3
4747,CHEN,3
4747,CHI,3
4747,CHIAGOZIEM,3
4747,CHIBUIKEM,3
4747,CHIDIEBUBE,3
4747,CHIGOZIE,3
4747,CHIMAOBIM,3
4747,CHISOM,3
4747,CHRISTIAAN,3
4747,CHRISTOPHER-JAMES,3
4747,CHRISTOPHER-JAY,3
4747,CHUKA,3
4747,CHUKWUDUBEM,3
4747,CIRO,3
4747,CIWAN,3
4747,CLARENCE,3
4747,CLEVELAND,3
4747,CLINT,3
4747,COBY-JAY,3
4747,COBY-LEE,3
4747,CODEN,3
4747,CODIE-JAMES,3
4747,CONOR-JAMES,3
4747,COREY-JAY,3
4747,CORIN,3
4747,CORNELIUS,3
4747,CORRADO,3
4747,CRIMEA,3
4747,CRUE,3
4747,CSABA,3
4747,DAEVON,3
4747,DAGIM,3
4747,DAHAT,3
4747,DAIVIK,3
4747,DAMARION,3
4747,DAMILOLA,3
4747,DAMION,3
4747,DANAS,3
4747,DANER,3
4747,DANIEL-JOSEPH,3
4747,DANIILS,3
4747,DANILA,3
4747,DANIS,3
4747,DANNY-JUNIOR,3
4747,DARAGH,3
4747,DARCEY,3
4747,DARO,3
4747,DARRYN,3
4747,DARYLL,3
4747,DASH,3
4747,DASHIELL,3
4747,DASTAN,3
4747,DAULTON,3
4747,DAVIDS,3
4747,DAVIDSON,3
4747,DAVIE,3
4747,DAVIT,3
4747,DEAKIN,3
4747,DEAN-JUNIOR,3
4747,DEANDRE,3
4747,DEINIOL,3
4747,DEJUAN,3
4747,DEMETRIOS,3
4747,DEMETRIS,3
4747,DEMETRIUS,3
4747,DEMID,3
4747,DEMILADE,3
4747,DENIM,3
4747,DENLEY,3
4747,DENYS,3
4747,DENZELL,3
4747,DEONDRE,3
4747,DERICK,3
4747,DERON,3
4747,DEVYAN,3
4747,DEWAN,3
4747,DEX,3
4747,DHARMIK,3
4747,DHARUN,3
4747,DHYAAN,3
4747,DHYEY,3
4747,DIHEIN,3
4747,DILANS,3
4747,DILLION,3
4747,DILRAJ,3
4747,DIONIS,3
4747,DIVYAM,3
4747,DMITRI,3
4747,DOMINIC-JOHN,3
4747,DOMINIQUE,3
4747,DONAL,3
4747,DONATELLO,3
4747,DONNACHA,3
4747,DOVI,3
4747,DOVID,3
4747,DOVIDAS,3
4747,EBON,3
4747,EBUBEKIR,3
4747,EDDIE-JAMES,3
4747,EDGARAS,3
4747,EDIN,3
4747,EDON,3
4747,EDOSA,3
4747,EDOUARD,3
4747,EDVARDS,3
4747,EFEZINO,3
4747,EFOSA,3
4747,EFREM,3
4747,EHAAN,3
4747,EHAB,3
4747,EHREN,3
4747,EIJAZ,3
4747,EINAR,3
4747,EINORAS,3
4747,EITHAN,3
4747,EJAZ,3
4747,EKTORAS,3
4747,EL,3
4747,ELIASZ,3
4747,ELIJAS,3
4747,ELIOENAI,3
4747,ELIYA,3
4747,ELJAY,3
4747,ELLERY,3
4747,ELLIAS,3
4747,ELLIJAH,3
4747,ELLIOTT-JAMES,3
4747,ELOUAN,3
4747,ELOZOR,3
4747,ELYES,3
4747,EMAAN,3
4747,EMILIJUS,3
4747,EMMANOUIL,3
4747,ENDIJS,3
4747,ENNIS,3
4747,ENRIQUE,3
4747,EPHRAM,3
4747,EPHREM,3
4747,ERHAN,3
4747,ERIKO,3
4747,ERIND,3
4747,ERLANDAS,3
4747,ERLIS,3
4747,ERNESTAS,3
4747,ERROLL,3
4747,ERSIN,3
4747,ERVINAS,3
4747,ERWIN,3
4747,ESAAM,3
4747,ESER,3
4747,ESROM,3
4747,ESSEY,3
4747,ESSIEN,3
4747,ESTEBAN,3
4747,EUGENIO,3
4747,EVIN,3
4747,EVYN,3
4747,EZEQUIEL,3
4747,FAHED,3
4747,FAIQ,3
4747,FAIYAZ,3
4747,FAIZAL,3
4747,FALLON,3
4747,FARAI,3
4747,FAROUK,3
4747,FATIH,3
4747,FAWZAN,3
4747,FAYYAD,3
4747,FAYYAZ,3
4747,FERENC,3
4747,FESTUS,3
4747,FILIPPOS,3
4747,FINBARR,3
4747,FINNICK,3
4747,FORBES,3
4747,FORD,3
4747,FRANCOIS,3
4747,FREDI,3
4747,FREEMAN,3
4747,FRIEDRICH,3
4747,FYNLAY,3
4747,GABOR,3
4747,GABRIAL,3
4747,GANESH,3
4747,GASPAR,3
4747,GAUTAM,3
4747,GAUTHAM,3
4747,GEORDIE,3
4747,GEORG,3
4747,GEORGE-JAMES,3
4747,GERAINT,3
4747,GERGO,3
4747,GERRY,3
4747,GETHYN,3
4747,GHALIB,3
4747,GHAZI,3
4747,GIL,3
4747,GIO,3
4747,GIORGI,3
4747,GJERGJ,3
4747,GLEN,3
4747,GOBIND,3
4747,GOLDEN,3
4747,GOWTHAM,3
4747,GRADY,3
4747,GREAT,3
4747,GREYSEN,3
4747,GUILLAUME,3
4747,GURDAS,3
4747,GURDIT,3
4747,GURMAAN,3
4747,GURSAHEJ,3
4747,GURSHAN,3
4747,HABIL,3
4747,HADDON,3
4747,HADID,3
4747,HADRIAN,3
4747,HADRIEL,3
4747,HAI,3
4747,HAIDER-ALI,3
4747,HALIM,3
4747,HALIT,3
4747,HALLAM,3
4747,HANEEF,3
4747,HANIF,3
4747,HANNAN,3
4747,HANNIEL,3
4747,HANZALA,3
4747,HARALD,3
4747,HARESH,3
4747,HARJAS,3
4747,HARLEY-JAE,3
4747,HARLEY-LEE,3
4747,HARON,3
4747,HARRISH,3
4747,HARROOP,3
4747,HARRY-JAY,3
4747,HARRY-JOHN,3
4747,HARSHAAN,3
4747,HARSHIL,3
4747,HARVEE,3
4747,HARVEY-GEORGE,3
4747,HASIB,3
4747,HASIM,3
4747,HAVAL,3
4747,HAYDAN,3
4747,HAYES,3
4747,HEDD,3
4747,HEMIL,3
4747,HENRY-JOHN,3
4747,HENRY-LEE,3
4747,HERCULES,3
4747,HET,3
4747,HETANSH,3
4747,HEZRON,3
4747,HILAL,3
4747,HIRO,3
4747,HOPE,3
4747,HOSEA,3
4747,HRIDAAN,3
4747,HRIDAY,3
4747,HUBERTAS,3
4747,HUDAYFAH,3
4747,HUDHAIFA,3
4747,HUMAYD,3
4747,HUMPHRY,3
4747,HUNTER-RAY,3
4747,HURAIRA,3
4747,IARLA,3
4747,IBUKUNOLUWA,3
4747,IDAN,3
4747,IDRISS,3
4747,IFEANYI,3
4747,IFEANYICHUKWU,3
4747,IKECHUKWUKA,3
4747,IKHLAS,3
4747,IMAN,3
4747,INAAM,3
4747,INDIO,3
4747,INDRA,3
4747,IOANE,3
4747,IOSUA,3
4747,IRAH,3
4747,IRVIN,3
4747,IS-HAAQ,3
4747,ISAAC-LEE,3
4747,ISAM,3
4747,ISHAR,3
4747,ISMA'EEL,3
4747,ISMA'IL,3
4747,ISMET,3
4747,ISSAH,3
4747,ITAMAR,3
4747,ITHIEL,3
4747,IVAYLO,3
4747,IWO,3
4747,IZACK,3
4747,IZZAT,3
4747,IZZY,3
4747,J-JAY,3
4747,JABE,3
4747,JACINTO,3
4747,JACKSON-LEE,3
4747,JACOB-JOSEPH,3
4747,JACOPO,3
4747,JAGDEEP,3
4747,JAHKAI,3
4747,JAILON,3
4747,JAISON,3
4747,JALAL,3
4747,JAMISON,3
4747,JAREK,3
4747,JARLATH,3
4747,JARRELL,3
4747,JASIEL,3
4747,JASKARAN,3
4747,JASMEET,3
4747,JAVAN,3
4747,JAVEN,3
4747,JAVON,3
4747,JAXON-JOHN,3
4747,JAY-JUNIOR,3
4747,JAYCEE,3
4747,JAYON,3
4747,JAYRAJ,3
4747,JAYVEN,3
4747,JEDAIAH,3
4747,JELANI,3
4747,JEMUEL,3
4747,JERAHMEEL,3
4747,JERALD,3
4747,JERAMIAH,3
4747,JEREMIE,3
4747,JERSEY,3
4747,JESHURUN,3
4747,JESSE-JOE,3
4747,JESUS,3
4747,JEVON,3
4747,JIAHAO,3
4747,JIMMIE,3
4747,JIMMY-LEE,3
4747,JIRO,3
4747,JOAKIM,3
4747,JOCK,3
4747,JOHAAN,3
4747,JONATHAN-JAMES,3
4747,JORA,3
4747,JORDEN,3
4747,JOSEPH-JOHN,3
4747,JOSHUA-JUNIOR,3
4747,JOSHUAH,3
4747,JOSIAS,3
4747,JOSUE,3
4747,JUGRAJ,3
4747,JUSTAS,3
4747,JUVRAJ,3
4747,KAELEB,3
4747,KAHIL,3
4747,KAIDON,3
4747,KAIDYN,3
4747,KAIM,3
4747,KAIOH,3
4747,KAIRAN,3
4747,KAIREN,3
4747,KAIRYN,3
4747,KAIYA,3
4747,KALAM,3
4747,KALANI,3
4747,KALMAN,3
4747,KAMALI,3
4747,KAMARL,3
4747,KANWAR,3
4747,KANYE,3
4747,KARANDEEP,3
4747,KARANVIR,3
4747,KAREL,3
4747,KARLIS,3
4747,KARLO,3
4747,KARSEN,3
4747,KARTEL,3
4747,KASIAN,3
4747,KASPARAS,3
4747,KASSIDY,3
4747,KAVARNI,3
4747,KAY,3
4747,KAYCE,3
4747,KAYDE,3
4747,KAYDEN-JOHN,3
4747,KAYLAB,3
4747,KAYLN,3
4747,KAYLUB,3
4747,KAYSER,3
4747,KAYTON,3
4747,KEELEN,3
4747,KEGAN,3
4747,KEIDEN,3
4747,KEIGAN,3
4747,KEMARI,3
4747,KENAI,3
4747,KENLEE,3
4747,KENNIE,3
4747,KENON,3
4747,KENZIE-JAY,3
4747,KENZY,3
4747,KEVAL,3
4747,KEVON,3
4747,KHALAM,3
4747,KHALEEQ,3
4747,KHAWAJA,3
4747,KHAYAL,3
4747,KHRISTIAN,3
4747,KHYREE,3
4747,KHYRON,3
4747,KIARNO,3
4747,KIDUS,3
4747,KIKO,3
4747,KIM,3
4747,KINGSLEIGH,3
4747,KIRILLS,3
4747,KITAI,3
4747,KITSON,3
4747,KIYANSH,3
4747,KLAVS,3
4747,KLEVIS,3
4747,KNIGHT,3
4747,KOBEE,3
4747,KODEN,3
4747,KOJI,3
4747,KOLOS,3
4747,KONAN,3
4747,KORBYN,3
4747,KOUSHIK,3
4747,KOVAN,3
4747,KRASIMIR,3
4747,KRIS,3
4747,KRISHANG,3
4747,KRISHAY,3
4747,KRISTAPS,3
4747,KRISTIYAN,3
4747,KRIT,3
4747,KRUM,3
4747,KRYSTOF,3
4747,KUDUS,3
4747,KUMAIL,3
4747,KUSHAGRA,3
4747,KUSHAL,3
4747,KWESI,3
4747,KY'MANI,3
4747,KYELAN,3
4747,KYLON,3
4747,KYREESE,3
4747,KYRESE,3
4747,KYRIAKOS,3
4747,KYRIAN,3
4747,KYRON-JAMES,3
4747,LAHAN,3
4747,LAINE,3
4747,LAITYN,3
4747,LARKIN,3
4747,LARSON,3
4747,LATHEN,3
4747,LAURENT,3
4747,LAVAND,3
4747,LAVELLE,3
4747,LAWA,3
4747,LAWAN,3
4747,LAWEN,3
4747,LAWIE,3
4747,LAWTON,3
4747,LAYDEN,3
4747,LAYKEN,3
4747,LAYLAN,3
4747,LAYSON,3
4747,LAYTON-LEE,3
4747,LEANDER,3
4747,LEANDROS,3
4747,LEDIO,3
4747,LEEGAN,3
4747,LEHAT,3
4747,LEIGHTON-JAMES,3
4747,LENY,3
4747,LEO-JOHN,3
4747,LEONDRE,3
4747,LEOS,3
4747,LESTER,3
4747,LEUL,3
4747,LEVEN,3
4747,LEVII,3
4747,LEWIS-JUNIOR,3
4747,LEWY,3
4747,LEXON,3
4747,LEYLAN,3
4747,LIAS,3
4747,LINAS,3
4747,LINKON,3
4747,LOCHLAINN,3
4747,LOCHLEN,3
4747,LOCKLYN,3
4747,LOGUN,3
4747,LOHITH,3
4747,LOK,3
4747,LORIEN,3
4747,LORNE,3
4747,LOTFI,3
4747,LOUAY,3
4747,LOUIS-JAMES,3
4747,LOVELLE,3
4747,LUCAS-JAY,3
4747,LUCAS-JOHN,3
4747,LUDOVICO,3
4747,LUDWIK,3
4747,LUKE-JUNIOR,3
4747,LYAM,3
4747,MAANAV,3
4747,MAHAAN,3
4747,MAHBEER,3
4747,MAHBIR,3
4747,MAHD,3
4747,MAHFUZ,3
4747,MAHMUT,3
4747,MAKARIOS,3
4747,MALI,3
4747,MALIKAI,3
4747,MALVIN,3
4747,MAN,3
4747,MANPREET,3
4747,MANU,3
4747,MARCEAU,3
4747,MARLEY-JAMES,3
4747,MARLEY-JOE,3
4747,MARQUEZ,3
4747,MARSHALL-LEE,3
4747,MARTON,3
4747,MARWAAN,3
4747,MASON-LEIGH,3
4747,MASROOR,3
4747,MASRUR,3
4747,MATAEO,3
4747,MATAI,3
4747,MATISS,3
4747,MATTHEUS,3
4747,MAVEN,3
4747,MAXIMILLION,3
4747,MAXON,3
4747,MAXSON,3
4747,MAYANK,3
4747,MAYER,3
4747,MCKENZI,3
4747,MCKENZIE-LEE,3
4747,MENDEL,3
4747,MESHILEM,3
4747,MESSI,3
4747,MICHAI,3
4747,MICHELE,3
4747,MIDAS,3
4747,MIKKO,3
4747,MILEN,3
4747,MIN,3
4747,MING,3
4747,MIO,3
4747,MIREN,3
4747,MITKO,3
4747,MOAAD,3
4747,MOAZ,3
4747,MOEZ,3
4747,MOHAK,3
4747,MOHAMMAD-MUSTAFA,3
4747,MOHAMMED-DEEN,3
4747,MOHAMMED-ZAKARIYA,3
4747,MOHAMUD,3
4747,MOHD,3
4747,MOHIB,3
4747,MOKSH,3
4747,MONTAGU,3
4747,MORRIE,3
4747,MORTEN,3
4747,MOSIAH,3
4747,MOSS,3
4747,MOTIEJUS,3
4747,MOTTEL,3
4747,MUBIN,3
4747,MUDASIR,3
4747,MUDASSAR,3
4747,MUEEZ,3
4747,MUHAB,3
4747,MUHAMMAD-ABDULLAH,3
4747,MUHAMMAD-ADAM,3
4747,MUHAMMAD-AYAAN,3
4747,MUHAMMAD-DEEN,3
4747,MUHAMMAD-HAMZA,3
4747,MUHAMMAD-ISA,3
4747,MUHAMMAD-ISMAIL,3
4747,MUHAMMAD-MUSTAFA,3
4747,MUHAMMAD-RAYYAN,3
4747,MUHAMMAD-UZAIR,3
4747,MUHAMMAD-YAHYA,3
4747,MUHAMMAD-ZAYN,3
4747,MUHIB,3
4747,MUJIB,3
4747,MUKUL,3
4747,MUNASHE,3
4747,MUNESU,3
4747,MURSAL,3
4747,MUSAA,3
4747,MUSAWER,3
4747,MUSTAFAA,3
4747,MUSTHAFA,3
4747,MYAN,3
4747,NABHAN,3
4747,NAETOCHUKWU,3
4747,NAHI,3
4747,NAHUM,3
4747,NAITIK,3
4747,NAJIB,3
4747,NAKAI,3
4747,NALY,3
4747,NAMAN,3
4747,NAMO,3
4747,NASSIM,3
4747,NATANEL,3
4747,NAVID,3
4747,NAWFAL,3
4747,NAWID,3
4747,NAYEM,3
4747,NAYLOR,3
4747,NAZIM,3
4747,NECTARIE,3
4747,NEDW,3
4747,NEIDAS,3
4747,NEIRIN,3
4747,NEITAS,3
4747,NESTOR,3
4747,NEVILLE,3
4747,NEWTON,3
4747,NEYO,3
4747,NGUYEN,3
4747,NICOLAAS,3
4747,NIEL,3
4747,NIHAN,3
4747,NII,3
4747,NIKITAS,3
4747,NIKKO,3
4747,NILAN,3
4747,NIRVAN,3
4747,NIYAZ,3
4747,NNAEMEKA,3
4747,NOAH-JAY,3
4747,NOAH-JOHN,3
4747,NOMAAN,3
4747,NOUH,3
4747,NOUMAN,3
4747,NOUR,3
4747,NOYAN,3
4747,NUMAAN,3
4747,NUMAN,3
4747,NURADIN,3
4747,NUWAIR,3
4747,NYAH,3
4747,OBALOLUWA,3
4747,OBY,3
4747,OCTAVIO,3
4747,OCTAVIUS,3
4747,OGHENETEGA,3
4747,OKECHUKWU,3
4747,OLAOLUWA,3
4747,OLASUBOMI,3
4747,OLATUNJI,3
4747,OLUWADAMILOJU,3
4747,OLUWADUROTIMI,3
4747,OLUWAFERANMI,3
4747,OLUWAKAYODE,3
4747,OLUWAROTIMI,3
4747,OLUWATAMILORE,3
4747,OLUWATOMIWA,3
4747,OMARIO,3
4747,OMARION,3
4747,OMOTAYO,3
4747,OMRAN,3
4747,ONDREJ,3
4747,OREST,3
4747,ORFEAS,3
4747,ORHAN,3
4747,ORLIN,3
4747,ORRAN,3
4747,ORRIE,3
4747,OSBOURNE,3
4747,OSCAR-JAI,3
4747,OSCAR-THOMAS,3
4747,OSHER,3
4747,OSSIAN,3
4747,OSWIN,3
4747,OTNIEL,3
4747,OTO,3
4747,OTSO,3
4747,OZKAN,3
4747,PA,3
4747,PAARTH,3
4747,PAISLEY,3
4747,PARAS,3
4747,PARMEET,3
4747,PAULIE,3
4747,PAVLE,3
4747,PAX,3
4747,PAXTON,3
4747,PELAYO,3
4747,PEREGRIN,3
4747,PETROS,3
4747,PIR,3
4747,PRABHGUN,3
4747,PRABHVIR,3
4747,PRANIT,3
4747,PRANITH,3
4747,PRANSHU,3
4747,PRATHAM,3
4747,PRESLAV,3
4747,PRIAM,3
4747,PRINCETON,3
4747,PRITHVI,3
4747,QASSIM,3
4747,QAZI,3
4747,QUILLAN,3
4747,QUINCEY,3
4747,QUINTIN,3
4747,RAAYAN,3
4747,RADOMIR,3
4747,RADVIN,3
4747,RAE,3
4747,RAEGAN,3
4747,RAFEE,3
4747,RAFEL,3
4747,RAFF,3
4747,RAFFY,3
4747,RAHAT,3
4747,RAHIEM,3
4747,RAIN,3
4747,RAITH,3
4747,RAIYAAN,3
4747,RALPHY-LEE,3
4747,RAMAZAN,3
4747,RAMEL,3
4747,RAMIN,3
4747,RANDY,3
4747,RANELL,3
4747,RANJOT,3
4747,RARESH,3
4747,RASAN,3
4747,RAVIN,3
4747,RAVJOT,3
4747,RAWEN,3
4747,RAYEES,3
4747,RAYIRTH,3
4747,RAYNE,3
4747,RAYON,3
4747,RAZA,3
4747,RAZI,3
4747,REECE-JUNIOR,3
4747,REFOEL,3
4747,REG,3
4747,REGGI,3
4747,REI,3
4747,REIKO,3
4747,REMAI,3
4747,REMIGIUSZ,3
4747,RENALDAS,3
4747,RENEL,3
4747,RENLEY,3
4747,RENNIE,3
4747,REVAN,3
4747,REVE,3
4747,REWAN,3
4747,REYON,3
4747,RHEMA,3
4747,RHEON,3
4747,RHILEY,3
4747,RHIYAN,3
4747,RHUN,3
4747,RHYLEY,3
4747,RHYTHM,3
4747,RICHARDO,3
4747,RICOH,3
4747,RIFAT,3
4747,RIHARDS,3
4747,RIKKI,3
4747,RILEY-GEORGE,3
4747,RILEY-JOHN,3
4747,RINGO,3
4747,RIO-JAMES,3
4747,RIYAAD,3
4747,RIYANSH,3
4747,RIZA,3
4747,RIZWAAN,3
4747,ROBERTAS,3
4747,ROBI,3
4747,ROBYN,3
4747,ROCH,3
4747,ROCKIE,3
4747,RODERICK,3
4747,ROI,3
4747,ROMAN-JAMES,3
4747,ROMAN-LEE,3
4747,ROMANN,3
4747,ROMEL,3
4747,ROMELL,3
4747,ROMELO,3
4747,RONIT,3
4747,RONNI,3
4747,RONNIE-GEORGE,3
4747,ROONEY,3
4747,ROOP,3
4747,RORY-JAY,3
4747,ROSHAUN,3
4747,ROURKE,3
4747,ROYSTON,3
4747,RUBEN-JAMES,3
4747,RUBIO,3
4747,RUDYARD,3
4747,RUEBEN-JAMES,3
4747,RUEL,3
4747,RUMAAN,3
4747,RUNE,3
4747,RYAD,3
4747,RYDAL,3
4747,RYE,3
4747,RYO,3
4747,SAAHIR,3
4747,SAAMI,3
4747,SAAMIR,3
4747,SAARIM,3
4747,SAATHVIK,3
4747,SADIK,3
4747,SAFI,3
4747,SAGE,3
4747,SAHAJDEEP,3
4747,SAHAND,3
4747,SAHIN,3
4747,SAJAD,3
4747,SAJJAD,3
4747,SAJMON,3
4747,SAKI,3
4747,SALADIN,3
4747,SAMARVIR,3
4747,SAMBHAV,3
4747,SAMIK,3
4747,SAMIM,3
4747,SAMIT,3
4747,SAMIUR,3
4747,SAMRAAJ,3
4747,SAMRATH,3
4747,SANAD,3
4747,SANDER,3
4747,SANJAY,3
4747,SANJITH,3
4747,SANTI,3
4747,SANUSI,3
4747,SARAN,3
4747,SAROSH,3
4747,SAVRAJ,3
4747,SAVYA,3
4747,SAYF,3
4747,SAYON,3
4747,SEHEJ,3
4747,SEIF,3
4747,SEKOU,3
4747,SEMIH,3
4747,SENON,3
4747,SERAFIN,3
4747,SERAJ,3
4747,SERGEY,3
4747,SERGIU,3
4747,SERIGNE,3
4747,SEYON,3
4747,SHAHIR,3
4747,SHAHWAIZ,3
4747,SHAHZAD,3
4747,SHAHZADA,3
4747,SHAIDEN,3
4747,SHAIKH,3
4747,SHAKIEL,3
4747,SHAMEEL,3
4747,SHAREEF,3
4747,SHARVIL,3
4747,SHAUL,3
4747,SHAYON,3
4747,SHAZIL,3
4747,SHEMAR,3
4747,SHERIFF,3
4747,SHIFAN,3
4747,SHRAGA,3
4747,SHRAGI,3
4747,SHRAY,3
4747,SHREYANSH,3
4747,SHUBHAM,3
4747,SHURAIM,3
4747,SIAM,3
4747,SIDHARTH,3
4747,SIKANDAR,3
4747,SILVIU,3
4747,SIMBA,3
4747,SIMONE,3
4747,SIRAC,3
4747,SMITH,3
4747,SOHAIB,3
4747,SRI,3
4747,SRIHAN,3
4747,STANLEY-JAMES,3
4747,STAR,3
4747,STEPHANE,3
4747,STEPHANOS,3
4747,SUJAY,3
4747,SURAFEL,3
4747,SUYEN,3
4747,SWAYAM,3
4747,SWAYLEY,3
4747,SYRUS,3
4747,TAAHA,3
4747,TAFADZWA,3
4747,TAHEEM,3
4747,TAIGA,3
4747,TAIGAN,3
4747,TAIMOOR,3
4747,TAJVEER,3
4747,TAKUDZWA,3
4747,TAKUMI,3
4747,TALAL,3
4747,TALAN,3
4747,TAMAY,3
4747,TAMER,3
4747,TAMJEED,3
4747,TANER,3
4747,TANMAY,3
4747,TANUJ,3
4747,TANZEEL,3
4747,TAREK,3
4747,TAREN,3
4747,TAREQ,3
4747,TARRAN,3
4747,TAU,3
4747,TAURAS,3
4747,TAVIS,3
4747,TAYLA,3
4747,TAYSON,3
4747,TAYTEN,3
4747,TEDDY-JACK,3
4747,TEIFI,3
4747,TERRANCE,3
4747,TERRY-JUNIOR,3
4747,TESTIMONY,3
4747,THADY,3
4747,THAI,3
4747,THAINE,3
4747,THEO-GEORGE,3
4747,THEO-JACK,3
4747,THEODORE-JAMES,3
4747,THIAN,3
4747,THIBAULT,3
4747,THOMAS-HENRY,3
4747,THOMAS-JAY,3
4747,THOMAS-LEE,3
4747,TIMO,3
4747,TIMON,3
4747,TINO,3
4747,TJAY,3
4747,TOMA,3
4747,TOMI-LEE,3
4747,TOMMY-J,3
4747,TOMMY-JACK,3
4747,TOMMY-RAY,3
4747,TONY-JUNIOR,3
4747,TOR,3
4747,TORRAN,3
4747,TRAE,3
4747,TREMAYNE,3
4747,TRISTYN,3
4747,TRIUMPH,3
4747,TYGA,3
4747,TYLER-JAI,3
4747,TYLER-RAY,3
4747,TYR,3
4747,TYREESE,3
4747,TYREN,3
4747,TYRIAN,3
4747,UDHAM,3
4747,ULAS,3
4747,UNAI,3
4747,URI,3
4747,USAID,3
4747,USAMA,3
4747,USAMAH,3
4747,UWAIS,3
4747,UWAYS,3
4747,UYIOSA,3
4747,VADIM,3
4747,VAISHNAV,3
4747,VIET,3
4747,VIKRANT,3
4747,VINCENTAS,3
4747,VIR,3
4747,VISHESH,3
4747,VLADISLAV,3
4747,VRISHANK,3
4747,WAYDE,3
4747,WEI,3
4747,WEST,3
4747,WILBERT,3
4747,WILFIE,3
4747,WILHELM,3
4747,WYLIE,3
4747,YAASEEN,3
4747,YACQUB,3
4747,YAKSH,3
4747,YAKUP,3
4747,YANNICK,3
4747,YAQEEN,3
4747,YAQOUB,3
4747,YASSIR,3
4747,YAVOR,3
4747,YECHIEL,3
4747,YEGOR,3
4747,YIDEL,3
4747,YILMAZ,3
4747,YITZCHAK,3
4747,YOHANN,3
4747,YONA,3
4747,YOSIF,3
4747,YOU,3
4747,YOUNAS,3
4747,YUGAN,3
4747,YUSHUA,3
4747,YUVEN,3
4747,YUVIN,3
4747,ZACHARI,3
4747,ZACHARIE,3
4747,ZACHARYA,3
4747,ZACKARIYAH,3
4747,ZAHI,3
4747,ZAINUL,3
4747,ZAIRE,3
4747,ZAKIAH,3
4747,ZAKRIYA,3
4747,ZAKY,3
4747,ZAMEER,3
4747,ZAMIL,3
4747,ZAYLEN,3
4747,ZAYON,3
4747,ZEEDAN,3
4747,ZEKAI,3
4747,ZEKIAH,3
4747,ZENO,3
4747,ZENON,3
4747,ZEPH,3
4747,ZHENG,3
4747,ZIKORA,3
4747,ZIYA,3
4747,ZOHAN,3
4747,ZORA,3
4747,ZUBEYR,3
4747,ZULFIQAR,3
4747,ZYLUS,3