1,A.
1,Aarin
1,Aasootah
2,Abbey
1,Abbey-Gayle
1,Abbigale
3,Abby
1,Abby-Ann
1,Abbygirl
1,Abere
1,Abida
9,Abigail
1,Abigale
1,Acacia
1,Acayla
1,Achara
2,Ada
1,Addison
1,Addy
1,Adean
1,Adelaide
2,Adelaine
5,Adele
1,Adeline
1,Adelle
1,Adison
1,Adora-Ruth
1,Adoria
1,Adrian
1,Adriana
4,Adrianna
1,Adriauhna
1,Adrienna
8,Adrienne
1,Aerina
1,Aeron
2,Afton
3,Aganetha
1,Agape
2,Agatha
1,Agnieszka
1,Ahalya
3,Aidan
1,Aielah
3,Aileen
21,Aimee
1,Aimee-Frances
1,Aimsley
1,Ainsleigh
9,Ainsley
1,Ainsly
1,Aisa
6,Aisha
1,Aislinn
1,Ajuma
1,Akke
1,Akky
1,Akuokor
1,Akweley
4,Alaina
1,Alaire
1,Alaisha
30,Alana
3,Alanah
1,Alanha
1,Alanise
38,Alanna
17,Alannah
1,Alanthea
2,Alaura
1,Alayna
1,Alaynah
1,Alaynna
1,Alberta
1,Albertine
1,Aleanna
4,Alecia
1,Aleena
1,Aleesha
1,Aleigh
2,Aleigha
3,Aleisha
1,Alejandria
1,Aleksandra
2,Alena
1,Alesa
5,Alesha
6,Alessandra
6,Alex
17,Alexa
141,Alexandra
1,Alexandra-Rae
5,Alexandrea
17,Alexandria
1,Alexei
1,Alexi
1,Alexia
2,Alexie
22,Alexis
1,Alezah
1,Alhan
2,Ali
5,Alia
2,Alice
66,Alicia
1,Alida
1,Aliina
2,Alina
1,Alinda
1,Aline
6,Alisa
1,Alisan
29,Alisha
1,Alishah
1,Alishia
28,Alison
9,Alissa
13,Alix
1,Alixandra
1,Alixe
3,Aliza
2,Allana
1,Allanah
1,Allannah
1,Allicia
2,Allie
1,Allise
1,Allisha
63,Allison
1,Allissa
1,Allora
1,Allynne
3,Allysa
1,Allysen
1,Allysha
1,Allysia
5,Allyson
3,Allyssa
1,Altiera
1,Alya
1,Alyce
12,Alycia
4,Alysa
5,Alyse
24,Alysha
2,Alyshah
6,Alyshia
2,Alysia
1,Alysia-Marie
9,Alyson
161,Alyssa
1,Alyssa-Iman
1,Alyssa-Lyn
1,Alysse
3,Alyssha
1,Alyssia
1,Alysson
1,Alyxandra
1,Amaira
2,Amal
1,Amalie
1,Amanada
336,Amanda
3,Amanda-Lee
1,Amanda-Rae
1,Amandeep
1,Amandep
2,Amani
2,Amanjot
2,Amany
5,Amara
1,Amarens
3,Amaris
1,Amarra
1,Ambar
115,Amber
1,Amber-Leigh
3,Amberly
1,Amber-Lynn
1,Ambersunrise
1,Ambika
1,Ambur
1,Ameena
23,Amelia
1,Amelle
1,Amerika
1,Amery
1,Amey
1,Ami
9,Amie
1,Amilyn
3,Amina
1,Aminah
3,Amira
1,Amirha
1,Amita
1,Amna
1,Amorelle
1,Amreet
1,Amrit
2,Amrita
111,Amy
1,Amy-Jo
1,Amylee
1,Amyny
1,Amythest
1,An
3,Ana
1,Anahita
1,Anais
1,Analisha
9,Anastasia
2,Andee
95,Andrea
1,Andree
1,Andria
1,Andrianna
1,Aneka
1,Anesea
1,Aneta
1,Anetta
1,Anfesa
1,Anfeya
11,Angel
56,Angela
2,Angele
1,Angelese
3,Angelica
2,Angelika
9,Angelina
4,Angeline
1,Angelinia
1,Angelique
2,Angella
1,Angelle
1,Angel-Leaha
2,Angie
1,Anglina
1,Anh-Thu
1,Anica
1,Anicia
1,Aniika
2,Anika
1,Anise-Marie
2,Anisha
19,Anita
1,Anjan
1,Anjanelle
2,Ann
47,Anna
1,Annabella
1,Annabelle
1,Annalee
2,Annaliese
1,Annalisa
3,Annamaria
2,Annamarie
1,Anna-Marie
9,Anne
1,Anneliese
3,Annelise
1,Annesa
2,Annette
1,Annick
7,Annie
2,Annika
1,Annissa
1,Annmarie
1,Ann-Marie
1,Anood
1,Anthea
1,Antje
1,Antoinette
4,Antonia
1,Antonia-Jackie
1,Antonina
1,Anudeep
1,Anuoluwapo
1,Anya
32,April
1,Aqueena
1,Ara
1,Araura
1,Arden
2,Aria
2,Ariana
5,Arianna
1,Arianne
28,Ariel
1,Ariele
1,Ariell
1,Ariella
11,Arielle
2,Arina
1,Arithaea
1,Arlea
1,Armanda
1,Arra
1,Arrisa
1,Arshdeep
1,Arti
1,Arwa
2,Arynn
2,Asha
1,Ashika
1,Ashlea
1,Ashleah
1,Ashlea-Marie
15,Ashlee
1,Ashleen
32,Ashleigh
1,Ash-leigh
1,Ashleigh-Ann
1,Ashleigh-Mae
389,Ashley
2,Ashley-Ann
2,Ashley-Anne
1,Ashley-Dawn
2,Ashli
3,Ashlie
1,Ashliegh
1,Ashline
1,Ashllee
4,Ashly
7,Ashlyn
3,Ashlynn
2,Ashten
1,Ashton
1,Ashtyn
1,Ashwine
1,Ashwini
1,Asia
1,Asia-Marie
3,Asma
1,Asmaa
1,Assma
1,Atalaya
1,Athanasia
1,Athena
1,Attenyo
1,Aubraye
1,Aubrey
1,Aubrynne
3,Audra
11,Audrey
1,Aurelea
1,Auriele
1,Aurielle
6,Aurora
2,Austen
1,Autum
3,Autumn
2,Ava
1,Avarie
1,Avelene
1,Avenlaya
2,Averi
1,Averil
5,Avery
1,Awo-Akua
1,Ayan
9,Ayla
1,Aylisha
2,Aymie
1,Ayra
2,Aysha
2,Aysia
1,Aziza
3,Azra
24,Baby
3,Bailee
40,Bailey
1,Bailie
2,Baillie
1,Balie
1,Baneet
9,Barbara
2,Barbra
1,Barkha
1,Bashaier
3,Baylee
2,Bayley
2,Bayli
5,Beatrice
1,Beatrix
2,Beau
1,Becca
1,Bekki-Dawn
4,Belinda
1,Belynda
1,Bengilina
1,Berlin
1,Berlynn
2,Bernadette
1,Bernice
2,Bertha
7,Beth
1,Bethan
1,Bethani
2,Bethanie
1,Bethanniey-Ann
19,Bethany
1,Bethany-Jean
1,Bethel
1,Betsy
2,Betty
1,Bettyann
1,Bevan
1,Beverley
7,Beverly
1,BeverlyAnn
1,Beverlyn
8,Bianca
3,Billie
1,Billie-Jean
2,Blaine
2,Blair
1,Blaire
1,Blakeny
1,Blaze
1,Blue
3,Bobbi
7,Bobbie
1,Bobbie-Jo
1,Bobbie-Lee
1,Bobbi-Jo
1,Bobby
1,Bojana
2,Bonita
7,Bonnie
1,Bonnie-Marie
1,Botaina
1,Bounheng
1,Braah
1,Bradi
1,Bradie
2,Brady
1,Brady-Leigh
1,Braedon
1,Braedyn
1,Braelene
1,Braidee
1,Braidy
2,Brandee
19,Brandi
2,Brandie
1,Brandi-Lee
1,Brandi-Lynn
2,Brandin
14,Brandy
1,Branwen
1,Brayanna
1,Braylee
1,Brayln
1,Brealyn
4,Breana
2,Breane
5,Breann
32,Breanna
35,Breanne
1,Breannyn
3,Bree
1,Breean
1,Breeanna
1,Breeanne
1,Breena
1,Breianne
5,Brenda
1,Brenda-Ann
7,Brenna
1,Brenna-Lynn
3,Brett
1,Brettnie
9,Briana
49,Brianna
1,Brianna-Daile
27,Brianne
1,Briar
5,Bridget
2,Bridgette
2,Brieanna
3,Brielle
1,Brigitte
1,Brilee
1,Brina
1,Brinae
1,Briony
1,Brita
1,Britanee
1,Britaney
3,Britani
4,Britany
1,Briteney
1,Britiney
1,Britiny
1,Britlyn
13,Britney
1,Britni
1,Britny
1,Brittanee
2,Brittaney
4,Brittani
2,Brittania
2,Brittanie
1,Brittanney
256,Brittany
1,Brittany-Ann
1,Brittany-Marie
2,Britteny
1,Brittinni-Rose
1,Brittnay
1,Brittne
1,Brittnee
61,Brittney
2,Brittni
2,Brittny
1,Brodie
1,Brodii
1,Brogan
3,Bronte
1,Bronwen
2,Bronwyn
26,Brooke
1,Brooklin
8,Brooklyn
2,Brooklynn
1,Bryana
5,Bryanna
1,Bryanna-Marie
3,Bryanne
1,Brydie
2,Bryn
3,Bryna
1,Bryneal
1,Brynley
2,Brynn
3,Brynna
1,Brynne
1,Bryse
1,Bryttany
1,Bryttnee
1,C.
1,Caa-Xai
2,Cady
1,Caedin
1,Caelin
3,Cailey
1,Cailin
1,Caillie
1,Caisia
1,Caitlan
80,Caitlin
2,Caitlind
19,Caitlyn
2,Caitlynn
1,Cajsa
1,Calandra
1,Caleda
1,Caleigh
1,Calen
1,Caley
5,Cali
1,Calida
1,Calie
1,Calinna
1,Calissa
2,Calli
8,Callie
1,Camby
3,Camilla
17,Camille
1,Canako
25,Candace
1,Candase
21,Candice
1,Candy
1,Candyce
1,Caoimhe
2,Caprice
18,Cara
1,Carah
1,Cara-Jean
1,Caralee
1,Carannda
1,Caren
1,Caresa
1,Carey
1,Cari
1,Cariane
1,Cari-Ann
1,Carianne
1,Carin
4,Carina
3,Carisa
18,Carissa
10,Carla
1,Carlea
12,Carlee
3,Carleen
2,Carleigh
8,Carlene
17,Carley
1,Carleyne
3,Carli
7,Carlie
1,Carlin
1,Carlina
1,Carline
3,Carling
52,Carly
1,Carly-Ann
1,Carlye
4,Carlyn
1,Carlynn
1,Carmain
1,Carmel
1,Carmelita
1,Carmelle
19,Carmen
1,Carmiella
11,Carol
1,Carolann
1,Carolanne
1,Carole
1,Carolee
2,Carolina
16,Caroline
16,Carolyn
1,Carolynn
1,Carra
1,Carren
1,Carri
14,Carrie
1,Carrie-Ann
1,Carry
1,Carsey
1,Carsyn
1,Caryn
1,Casadie
5,Casandra
11,Casey
1,Cashton
1,Casia
1,Casondra
123,Cassandra
1,Cassey
1,Cassi
1,Cassia
1,Cassidie
16,Cassidy
4,Cassie
4,Cassondra
1,Catalina
2,Catarina
3,Caterina
34,Catherine
1,Catherine-Ann
1,Catheryn
3,Cathleen
1,Cathlyn
1,Cathrine
2,Cathryn
1,Cathy
1,Catlyn
2,Catrina
1,Cauline
1,Cavelle
1,Cayce
5,Cayla
1,Caylah
3,Caylee
5,Cayley
1,Cayli
2,Caylie
1,Caylyn
2,Ceanna
4,Ceara
1,Ceciley
3,Cecilia
1,Cekwinn
1,Celena
11,Celeste
2,Celia
3,Celina
1,Celina-Dee
4,Celine
1,Cellene
1,Celynn
1,Cerys
1,Cesalee
1,Chackriya
1,Chaelyn
1,Chail
1,Chaila
1,Chailina
1,Chalain
1,Chalan
1,Chalene
1,Chalsey
1,Champagne
1,Chancie
1,Chanda
2,Chandel
1,Chandelle
8,Chandra
1,Chandri
6,Chanel
1,Chanel-Anna
7,Chanelle
1,Chanise
2,Chantae
1,Chantai
1,Chantaille
34,Chantal
2,Chantalle
1,Chantay
1,Chante
1,Chanteesa
45,Chantel
1,Chantele
1,Chantell
60,Chantelle
1,Chantelyn
1,Chantiesa
1,Chardaye
1,Charis
5,Charissa
1,Charita
1,Charitha
3,Charity
2,Charla
1,Charlea
1,Charlee
15,Charlene
1,Charli
1,Charlie
10,Charlotte
1,Charlsey
2,Charlsie
12,Charmaine
5,Charmayne
2,Charnele
1,Charnelle
1,Chartesha
2,Chasidy
2,Chasity
3,Chassidy
1,Chau
1,Chauneece
1,Chava
1,Chavonne
1,Chaya
1,Chayla
1,Cheantel
1,Cheavy
1,Chelcia
1,Chelisa
1,Chellsey
144,Chelsea
1,Chelsea-Mary
1,Chelsea-Rayne
1,Chelseigh
49,Chelsey
3,Chelsi
2,Chelsia
9,Chelsie
2,Chelsy
1,Chelynne
1,Chenelle
1,Chenessa
1,Chenise
1,Cherae
1,Cheralyn
1,Cherean
1,Cherelle
2,Cherese
2,Cheri
1,Cheri-Ann
1,Cherice
1,Cheridy
1,Cherie
1,Cherie-Lynn
2,Cherilyn
1,Cherilynn
3,Cherise
2,Cherish
1,Cherissa
1,Cherraine
1,Cherry
18,Cheryl
1,Chesa
1,Cheuk
1,Chevess
1,Chevonne
2,Cheyann
1,Cheyanna
11,Cheyanne
1,Cheyene
1,Cheyenna
34,Cheyenne
1,Cheyla
1,Cheylenne
1,Cheylynn
1,Cheyney
1,Cheyyene
1,Chez
1,Chi
1,Chiarra
1,Chitwan
1,Chivaun
16,Chloe
1,Chooshina
1,Chris
1,Chrisandra
1,Chrissy
5,Christa
3,Christal
2,Christen
1,Christena
1,Christian
1,Christiana
2,Christiane
1,Christi-Ann
8,Christie
1,Christien
64,Christina
1,Christinaa
90,Christine
5,Christy
2,Chrystal
1,Chrystin
2,Chrystina
1,Chyane
4,Chyanne
1,Chyloe
1,Chyna
2,Chynna
1,Chynna-Lynn
1,Chyvonne
1,Ciana
1,Cianna
4,Ciara
1,Ciarra
1,Cidnee
1,Ciera
3,Cierra
1,Cilicia
1,Cimone
17,Cindy
30,Claire
6,Clara
3,Clare
2,Clarice
1,Clarie
7,Clarissa
1,Claryssa
1,Claudia
1,Cleopatra
1,Cliffina
1,Clorissa
1,Cocheana
2,Codi
3,Cody
1,Colbi
4,Colby
1,Colette
16,Colleen
2,Collette
6,Connie
1,Constance
1,Constantina
1,Cora
7,Coral
1,Cora-Lea
2,Coralee
3,Cora-Lee
3,Coralie
1,Cordia
1,Corea
1,Coreena
2,Corey
1,Corie
1,Corin
6,Corinne
4,Corissa
2,Corrie
1,Corrina
3,Corrine
2,Corrisa
2,Corrissa
5,Cortney
1,Cory
1,Cory-Lynn
1,Corynn
1,Corynne
1,Courissa
1,Courtenay
2,Courtnay
1,Courtneay
1,Courtnee
1,Courtner
144,Courtney
2,Courtney-Lynn
1,Courtnie
3,Cree
1,Creely
1,Crisellyn
2,Crista
1,Cristin
1,Cristy
1,Crysta
56,Crystal
1,Cyerra
1,Cyntayia
24,Cynthia
2,Cyrena
1,Czarina
1,Dacota
1,Daela
1,Daena
1,Daimey
2,Daina
3,Daisy
1,Daiten
2,Dakoda
30,Dakota
3,Dakotah
3,Dalal
1,Dalbir
1,Dalcy
1,Dalene
1,Dali
1,Dalila
6,Dallas
2,Dalyce
1,Damara
38,Dana
6,Danae
1,Danaka
1,Danby
1,Danea
1,Daneel
1,Daneka
2,Danelle
1,Danessa
2,Dani
1,Dania
11,Danica
4,Daniela
2,Daniell
5,Daniella
186,Danielle
1,Danielle-Marie
1,Danijela
3,Danika
2,Danita
1,Dannica
1,Danyela
1,Danyell
1,Danyelle
1,Danyn-Marie
1,Dao
2,Daphne
2,Darby
2,Darcee
1,Darcel
5,Darci
9,Darcie
1,Darci-Lynn
2,Darcy
1,Darel
2,Daria
1,Darian
1,Darione
5,Darla
1,Darlene
1,Darryl
1,Daryl-Ann
1,Davida
1,Davis
9,Dawn
1,Dawna
1,Dawnaline
1,Dawnelle
1,Daycia
1,Dayle
1,Daylene
2,Daylin
1,Daylyn
13,Dayna
1,Daynika
1,Daysi
2,Deana
1,Deandra
36,Deanna
6,Deanne
5,Debbie
1,Debby
1,Debera
11,Deborah
3,Debra
1,Dedria
1,Dee-Anna
2,Deedra
1,Deedre
1,Deeonna
1,Deep
2,Deidra
1,Deidre
1,Delaina
1,Delaine
4,Delaney
1,Delaniah
1,Delanie
1,Delayne
1,Delese
1,Delia
1,Delilah
2,Della
1,Delores
1,Delphie
1,Delvyna
1,Dema
1,Demetria
5,Demi
1,Demi-Rae
2,Dena
1,Denai
1,Denelda
1,Denica-Rose
1,Denim
11,Denise
1,Deniz
1,Dennai
1,Dennise
1,Denyse
1,Derya
1,Desaray
1,Desdemona
1,Desenda
1,Deseree
1,Deserie
1,Desha
1,Desina
6,Desirae
1,Desi-Rae
2,Desirea
34,Desiree
1,Desiri
1,Dessarae
1,Dessirae
1,Destani
1,Destinee
14,Destiny
1,Desurae
1,Devann
1,Devany
1,Deven
1,De-Vena
2,Devin
1,Devlyn
22,Devon
1,Devona
4,Devyn
1,Dezarae
1,Dezirae
1,Dharisha
1,Dialia
2,Diamond
23,Diana
1,Diandra
8,Diane
4,Dianna
2,Dianne
1,Diannetha
1,Dimitra
1,Dimplejit
3,Dina
1,Dinnika
3,Dionne
1,Dirinda
1,Divya
1,Dixie
1,Doan
1,Dollery
1,Dominic
2,Dominika
21,Dominique
1,Dominque
1,Don
1,Donelle
1,Doni
1,Donielle
9,Donna
1,Donna-Lee
1,Donna-Marie
1,Dora
3,Doreen
1,Dorey
1,Doris
3,Dorothy
1,Dougless
1,Dovey
1,Dreannon
1,Dreena
3,Drew
1,Drewlene
1,Dru
1,Duah
1,Dulcie
1,Dusti
3,Dusty
1,Dyane
1,Dyanna
1,Dylan
1,Dyvonna-Jo
1,Eagle
1,Ealat-Orvalis
1,Earlene
4,Eden
2,Edith
1,Edna
1,Edyta
2,Eileen
1,Eirene
3,Elaina
7,Elaine
1,Elan
2,Elana
1,Elanore
1,Elbetia
2,Eleah
4,Eleanor
1,Eleesha
1,Elen
4,Elena
1,Elena-Marie
1,Elferda
1,Elice
2,Elicia
1,Elida
4,Elisa
3,Elisabeth
10,Elise
6,Elisha
1,Elishia
6,Elissa
1,Elisse
1,Eliza
98,Elizabeth
1,Elize
2,Ella
1,Ellan
1,Ellca
7,Ellen
1,Ellenie
1,Elli
1,Ellis
1,Ellise
1,Ellise-Rae
1,Ellisha
1,Ellora
1,Ellory
1,Ellycia
1,Ellysa
1,Eloisa
2,Elora
1,Eloura
1,Elsa
2,Elsie
1,Elvira
1,Elya
1,Elysa
11,Elyse
3,Elysia
3,Elyssa
1,Ema
4,Eman
3,Ember
3,Emelia
3,Emerald
1,Emerencz
1,Emilia
6,Emilie
1,Emilie-Claire
134,Emily
1,Emilyne
54,Emma
1,Emma-Claire
2,Emmalee
1,Emma-Lee
1,Emmalynn
1,Emmanuelle
1,Emonie
1,Enas
1,Engelica
1,Enid
1,Epiphany
1,Erann
43,Erica
1,Ericah
5,Ericka
24,Erika
1,Erika-Jean
1,Erika-Lynn
126,Erin
1,Erinn
1,Erin-Rae
1,Errin
3,Eryn
1,Esraa
1,Essentra-Lyn
1,Estelle
1,Ester
14,Esther
1,Eternity
1,Ethel
1,Etta
9,Eva
1,Eva-Marie
3,Evangeline
1,Evania
1,Evann
1,Evanna
1,Evdokia
3,Eve
1,Eveangeline
7,Evelyn
1,Fabiola
1,Fadia
2,Faith
1,Faith-Lindsay
1,Faline
3,Fallon
1,Falon
1,Falynne
1,Farhana
1,Faria
1,Fariba
1,Fariha
1,Faron
3,Farrah
1,Farren
1,Farrin
1,Farwa
1,Faryn
1,Farynne
1,Fateen
1,Faten
6,Fatima
1,Faun
1,Fawn
1,Fawzia
2,Faye
1,Feden
1,Felanikia
1,Felecia
1,Feleciana
15,Felicia
3,Felicity
3,Felisha
1,Fenna
1,Feofania
1,Fia
1,Fidelina
1,Fierra
1,Finan
11,Fiona
1,Fizza
3,Flora
2,Florence
1,Flurina
1,Forrest
1,Fran
5,Frances
1,Francesca
1,Francheska
1,Francine
1,Francki
1,Franki
1,Frankie
1,Freda
1,Freddi
1,Fredelle
5,Frieda
3,Gabriel
5,Gabriela
1,Gabriele
4,Gabriella
21,Gabrielle
1,Gada
1,Gagan
1,Gagneet
1,Gail
1,Gar
1,Garman
1,Gayatri
2,Gayle
2,Gaylene
1,Gazelle
1,Geana
1,Geena
1,Gemini
1,Genene
1,Geneva
10,Genevieve
1,Genevive
1,Genifer
1,Genna
1,Gennifer
1,Georgette
8,Georgia
7,Georgina
1,Geraldine
1,Germaine
1,Gertrude
1,Getruda
1,Ghada
1,Ghilliane
1,Gia
1,Gianna
14,Gillian
13,Gina
1,Gina-Marie
2,Ginelle
1,Ginette
2,Ginger
1,Ginnelle
1,Gisele
1,Giverny
3,Glenda
1,Glenielia
1,Glenna
1,Glennis
1,Glenora
1,Glenys
6,Gloria
2,Glory
1,Glynis
1,Gourangi
14,Grace
1,Gracey
1,Grainne
1,Grazia
2,Gretchen
1,Guilaine
1,Guizhu
1,Gurmeet
1,Gurneet
5,Gurpreet
1,Gursharan
1,Gussen
1,Gwendalin
3,Gwendolyn
1,Gyda
1,Gyna
1,Gypsy-Cree
1,Ha
1,Hafsah
3,Hailee
15,Hailey
1,Hailey-Marie
2,Hailie
1,Hala
1,Halea
1,Halee
4,Haleigh
28,Haley
2,Halie
1,Halli
1,Hanaa
1,Hanady
7,Hanan
1,Hananne
1,Haned
2,Haneen
1,Hang
1,Hanhmi
1,Hania
8,Hanna
52,Hannah
2,Hannan
1,Hardeep
3,Harjot
1,Harjyot
2,Harleen
1,Harlequine
1,Harley
1,Harlyn
2,Harmony
1,Harpreet
1,Harris
1,Harumi
1,Hasina
1,Hattie
1,Hayle
29,Hayley
1,Haylie
2,Hazel
1,Hdida
94,Heather
1,Heather-Mhairi
1,Heaven
1,Heba
1,Hee-Eun
1,Heena
13,Heidi
1,Helaine
13,Helen
9,Helena
1,Helene
1,Helina
1,Henady
1,Hend
1,Henna
1,Hennie
1,Henrietta
1,Herina
1,Hew
1,Hiam
20,Hilary
2,Hilda
1,Hill
5,Hillary
1,Hilwea
1,Himgauri
1,Hoang
1,Hoda
1,Holli
2,Hollie
1,Hollis
49,Holly
1,Hollyanne
1,Hong
1,Honor
11,Hope
1,Houda
1,Houstyn
1,Howaida
1,Huda
1,Hue
1,Huey
1,Hunter
1,Huong
1,Husnita
1,Hyatt
1,Ida
3,Iesha
1,Ifteen
1,Ijeoma
2,Ilana
1,Ileshia
1,Iluminada
2,Iman
1,Incas-Princess
1,India
1,Ines
2,Ingrid
2,Iola
1,Iqhra
1,Iqra
1,Iradele
1,Ireen
1,Irem
5,Irene
3,Iris
2,Isabel
1,Isabell
6,Isabella
2,Isabelle
1,Isis
2,Isobel
1,Isobella
1,Isra
3,Ivana
1,Ivory
1,Ivy
1,Ivy-Jo
2,Jaala
1,Jabeen
1,Jabin
1,Jace
1,Jaceil
4,Jacey
1,Jacie-Lee
1,Jacinda
3,Jacinta
1,Jacinthe
1,Jackeileen
3,Jackie
2,Jacklyn
2,Jacklynn
1,Jaclin
23,Jaclyn
1,Jac-Lyn
1,Jaclynn
1,Jacolene
1,Jacqalyn
54,Jacqueline
8,Jacquelyn
2,Jacquelynn
1,Jacquie-Lee
1,Jacquline
2,Jacy
1,Jacyntha
3,Jada
31,Jade
2,Jadene
1,Jadie
1,Jae
1,Jael
1,Jaela
1,Jaelene
2,Jaelynn
9,Jaime
7,Jaimee
2,Jaimi
6,Jaimie
1,Jalaine
1,Jalayne
1,Jaleesa
1,Jaleigha
1,Jalene
1,Jalesa
2,Jalessa
1,Jalina
1,Jaline
2,Jalisa
1,Jalissa
1,Jalisse
1,Jalysa
2,Jalyssa
1,Jamana
3,Jamee
4,Jami
48,Jamie
1,Jamiee
4,Jamie-Lee
1,Jamiemay
1,Jamila
1,Jamilee
1,Jamilia
1,Jamilyn
1,Jan
5,Jana
1,Janaiah
1,Janaina
1,Janan
1,Jana-Rae
2,Janay
2,Janaya
1,Janaye
4,Jane
2,Janeen
1,Janeesa
3,Janel
1,Janell
49,Janelle
1,Janeska
8,Janessa
9,Janet
1,Janett
1,Janette
14,Janice
1,Janilyn
2,Janina
16,Janine
3,Janis
1,Janita
3,Janna
1,Jannan
1,Jannell
3,Jannelle
1,Jantina
1,Janz
1,Jaquelene
1,Jaquelyn
1,Jaquelynne
1,Jarina
1,Jarolyn
1,Jaryn
1,Jascelyne
1,Jasheend
2,Jasleen
1,Jasman
1,Jasmeet
1,Jasmen
5,Jasmin
45,Jasmine
1,Jasmyn
1,Jasmyne
1,Jasneet
1,Jasnit
1,Jaspal
4,Jaspreet
1,Jasreen
1,Jasyntha
1,Jaszmina
1,Jaxsy
1,Jay
1,Jaycee
1,Jayci
1,Jaycy
4,Jayda
1,Jaydee
1,Jayden
1,Jayel
2,Jayelle
2,Jayleen
5,Jaylene
1,Jaylyn
1,Jaylynn
1,Jaylynne
6,Jayme
2,Jaymee
1,Jayme-Lee
1,Jaymie
1,Jayna
2,Jayne
1,Jazann
10,Jazmin
3,Jazmine
1,Jazslyn
1,Jazz
1,Jean
1,Jeana
1,Jeanelle
1,Jeanessa
1,Jeanette
1,Jeanianne
5,Jeanine
1,Jeanne
4,Jeannie
1,Jeannine
1,Jedidiah
1,Jee-Hyun
2,Jelena
1,Jelesa
1,Jemeillia
1,Jemina
1,Jemma
1,Jen
11,Jena
1,Jenae
1,Jenaia
1,Jena-Marie
8,Jenelle
10,Jenessa
2,Jenica
3,Jenifer
1,Jenifer-Dayle
1,Jenifer-Lee
1,Jenine
136,Jenna
1,Jenna-Dawn
1,Jennafer
1,Jenna-Lee
1,Jenna-Rose
1,Jennea
1,Jenneka
2,Jennesa
3,Jennessa
2,Jenni
1,Jennica
1,Jennie
244,Jennifer
1,Jennifer-Dawn
1,Jennifer-Lea
2,Jennifer-Lynn
1,Jenniffer
1,Jennine
20,Jenny
1,Jeorden
1,Jera
1,Jere
1,Jeremella
1,Jerica
1,Jericka
1,Jerilyn
1,Jerilynn
1,Jerlynn
1,Jerra-Lee
2,Jerri
1,Jerrika
1,Jesenia
1,Jeshayna
1,Jesi
1,Jesica
1,Jesika
2,Jess
7,Jessa
2,Jessalyn
1,Jessa-Lynn
11,Jesse
1,Jesselyn
3,Jessi
1,Jessi-Ann
484,Jessica
1,Jessica-Ann
1,Jessica-Dawn
30,Jessie
1,Jessie-Elise
2,Jessie-Lee
3,Jessika
1,Jessika-Djana
1,Jessilynn
1,Jesslyn
2,Jessy
2,Jessyca
1,Jetsun
2,Jewel
1,Jewell
1,Jewelle
1,Jewels
1,Jewelz
1,Jewett
1,Jho-Anne
1,Jhordyn
1,Jilana
1,Jilayna
1,Jilisa
1,Jilissa
18,Jill
1,Jillaine
1,Jillanne
1,Jilleena
1,Jillene
53,Jillian
2,Jillianne
2,Jillisa
1,Jina
1,Jinelle
1,Jiradchaya
1,Joalee
2,Joan
1,Joanie
1,Joann
13,Joanna
19,Joanne
1,Joat
1,Jobi
37,Jocelyn
2,Jocelyne
1,Jocelynn
1,Jodeana
1,Jodene
23,Jodi
5,Jodie
1,Jodi-Lynn
1,Jodi-Lynne
1,Jodine
13,Jody
1,Joel
1,Jo-El
1,Joeleen
8,Joelle
1,Joelynn
1,Joesie
3,Joey
7,Johanna
1,Jolayne
1,Jolena
15,Jolene
2,Jolisa
1,Jolissa
2,Jonelle
3,Joni
1,Jonica
1,Jonie
45,Jordan
9,Jordana
2,Jordann
3,Jordanna
4,Jordanne
2,Jorden
3,Jordon
8,Jordyn
1,Jordynn
2,Jorey
3,Jori
1,Jorinda
1,Jorja
1,Jorrie
1,Jory
1,Josalyne
1,Josann
1,Joscelyn
1,Joscelyne
5,Josee
1,Joselyne
8,Josephine
1,Josette
7,Josie
2,Joslyn
1,Joslynn
1,Jossette
1,Josy
1,Jourdon
1,Jovanna
1,Jovita
2,Joy
1,Joyana
4,Joyce
1,Joycelin
1,Joycelynn
1,Joyoti
1,Juanita
1,Judie
5,Judith
8,Judy
1,Jugvir
1,Juli
86,Julia
1,Julian
4,Juliana
6,Julianna
5,Julianne
45,Julie
1,Juliene
1,Juliette
1,Julina
1,Juline
1,Julisa
1,Juman
3,June
1,Jusleen
1,Justeen
1,Justice
1,Justiena
1,Justin
9,Justina
41,Justine
1,Justyne
1,Jylaine
1,Jyllina
1,Jyllisa
1,Jynnia
1,Kacee
1,Kacey
1,Kachelle
4,Kacie
1,Kadion
1,Kadreena
1,Kady
1,Kaegan
3,Kaela
1,Kaelan
3,Kaeleigh
1,Kaeli
1,Kaely
1,Kahli
1,Kahylin
1,Kai
1,Kaiden
1,Kaija
5,Kaila
1,Kailah
1,Kaileah
8,Kailee
14,Kailey
1,Kailey-Rae
1,Kailie-Lynne
2,Kaily
3,Kailyn
1,Kailynn
2,Kaisha
6,Kaitlan
37,Kaitlin
74,Kaitlyn
1,Kaitlynd
4,Kaitlynn
3,Kala
2,Kalee
4,Kaleigh
7,Kaley
7,Kali
1,Kalia
1,Kalida
4,Kalie
1,Kalila
3,Kalina
2,Kalista
1,Kalista.Gayle
2,Kalli
4,Kallie
2,Kally
1,Kallyn
1,Kalyca
1,Kalyn
1,Kalynn
1,Kalyssa
1,Kami
1,Kamia
1,Kamilia
1,Kamilleah
1,Kanchan
2,Kandace
1,Kandi
4,Kandice
1,Kandice-Ann
2,Kandis
1,Kandise
1,Kandra
1,Kaneesha
1,Kanisha
1,Kantiga
1,Kanwaldeep
1,Kaora
40,Kara
1,Kara-Dawn
1,Karalee
1,Karalynn
1,Kara-Lynne
18,Karen
1,Karena
1,Karenjit
1,Karessa
1,Karey
14,Kari
1,Kariann
1,Kari-Anne
2,Karie
1,Karilee
1,Karilyn
1,Kari-Lynn
3,Karin
2,Karina
2,Karine
2,Karis
3,Karisa
14,Karissa
1,Karista
11,Karla
12,Karlee
1,Kar-Lee
3,Karleigh
1,Karlena
8,Karlene
4,Karley
11,Karli
1,Karliana
8,Karlie
1,Karlie-Marie
1,Karli-Marie
1,Karlina
1,Karlon
15,Karly
4,Karlyn
1,Karmela
2,Karmen
1,Karmyn
1,Karolina
1,Karolyn
1,Karolyne
1,Karra
1,Karson
2,Karyn
2,Karyssa
3,Kasandra
1,Kasara
1,Kasarah
1,Kaselle
4,Kasey
1,Kashia
2,Kasi
1,Kasie
1,Kasondra
25,Kassandra
5,Kassi
1,Kassidee
2,Kassidy
5,Kassie
1,Kassondra
8,Katarina
2,Katarzyna
19,Kate
1,Kate-Anne
3,Katelan
9,Katelin
1,Kateline
1,Katelinn
79,Katelyn
1,Katelynd
1,Katelyne
10,Katelynn
1,Katelynne
1,Kate-Lynne
1,Kateri
4,Katerina
1,Katey
2,Katharina
6,Katharine
1,Katheren
2,Katherina
93,Katherine
1,Katherinna
4,Katheryn
55,Kathleen
1,Kathlein
1,Kathlin
1,Kathrina
2,Kathrine
49,Kathryn
1,Kathryne
1,Kathrynn
4,Kathy
1,Kathyrn
1,Kati
1,Kati-Ann
29,Katie
2,Katlin
8,Katlyn
6,Katlynn
1,Katreena
1,Katrice
1,Katricia-Lynn
1,Katrin
59,Katrina
2,Katrine
3,Katryna
1,Katsni
1,Kattie
3,Katy
2,Katya
1,Kaura-Lea
1,Kawther
4,Kaycee
1,Kayda
1,Kayelynn
272,Kayla
1,Kayla-Dawn
1,Kaylah
1,Kaylamary
1,Kayla-May
1,Kaylan
1,Kaylana
1,Kayla-Rae
1,Kayle
1,Kaylea
1,Kaylean
31,Kaylee
6,Kayleen
1,Kayleena
1,Kaylee-Rose
8,Kayleigh
1,Kaylen
5,Kaylene
7,Kayley
6,Kaylie
7,Kaylin
1,Kaylita
6,Kaylyn
5,Kaylynn
1,Kaylynne
1,Kayma
2,Kaytlin
2,Kaytlyn
2,Kaytlynn
1,Kaytlynne
1,Kealy
2,Keanna
4,Keara
1,Kearsten
1,Kearston
2,Keeley
1,Keelin
8,Keely
1,Keera
1,Keesa
1,Keesha
1,Keeshay
1,Keeva
1,Keiferli
1,Keiko
2,Keira
2,Keisha
1,Keishee
2,Kelcey
2,Kelci
2,Kelcie
2,Kelcy
1,Kelda
1,Kellee
2,Kelley
9,Kelli
7,Kellie
1,Kellie-Ann
1,Kellie-Anne
1,Kellie-Marie
1,Kellsy
47,Kelly
1,Kelly-Ann
2,Kelsea
1,Kelsea-Rae
190,Kelsey
9,Kelsi
12,Kelsie
3,Kelsy
1,Kelta
2,Kelti
9,Keltie
2,Kelty
1,Kendal
5,Kendall
4,Kendell
1,Kendie
1,Kendis
53,Kendra
1,Kendyl
1,Keneisha
1,Kennan
8,Kennedy
4,Kenzie
5,Keri
1,Kerianne
1,Kerilyn
1,Kerra
1,Kerra-Lynn
10,Kerri
1,Kerrianne
1,Kerrie
1,Kerri-Lynn
1,Kerrin
1,Kerrstyn
11,Kerry
1,Kersten
2,Kerstin
1,Kerstyn
1,Kertisha
1,Keryl
1,Kesha
1,Keshena
7,Keshia
1,Keslin
1,Kessa
1,Kestrel
1,Kestyn
1,Keturah
1,Keven
3,Kevyn
1,Keyanna
1,Keyly
1,Keyona
1,Kezia
1,Khamara
1,Khatidja
1,Kholood
1,Khrista
1,Khrystal
1,Khushpreet
1,Kiah
4,Kiara
2,Kiarra
1,Kiello
5,Kiera
1,Kieran
2,Kierra
3,Kiersten
1,Kierstin
1,Kieu
1,Kiidra
1,Kila
1,Kiley
5,Kim
1,Kimarie
1,Kimberle
5,Kimberlee
2,Kimber-Lee
29,Kimberley
105,Kimberly
1,Kimerly
1,Kimia
1,Kimiko
1,Kinda
1,Kindrie
1,Kinsey
1,Kiomi
1,Kiona
8,Kira
2,Kiran
1,Kirandeep
1,Kiranjit
1,Kirbi
4,Kirby
1,Kiri-Christina
1,Kirklin
65,Kirsten
2,Kirsti
12,Kirstie
10,Kirstin
8,Kirsty
3,Kirstyn
1,Kit
2,Kitty
2,Kiya
1,Kizza
1,Klaudia
1,K-Lynn
1,Kodi
1,Kodi-Jean
1,Kohl
1,Kokoro
1,Kolbey
3,Kolby
2,Koral
1,Kora-Lee
1,Korbi
1,Koreen
4,Kori
1,Korina
1,Korrine
2,Kortney
1,Kortni
1,Kory
2,Kourtney
1,Kourtnie
1,Kricket
1,Kripa
1,Krisha
1,Krishelle
1,Krishlene
1,Krislena
1,Krissten
2,Krissy
39,Krista
2,Kristal
1,Krista-Lynn
2,Kristan
1,Kristel
67,Kristen
1,Kristena
12,Kristi
1,Kristia
1,Kristia-Anne
1,Kristian
2,Kristianna
14,Kristie
1,Kristilee
37,Kristin
49,Kristina
21,Kristine
1,Kristol
20,Kristy
5,Kristyn
5,Krysta
22,Krystal
2,Krystaline
4,Krysten
1,Krystiana
1,Krystie
3,Krystin
3,Krystine
2,Krystle
2,Krystyna
1,Kumiko
2,Kya
1,Kye
34,Kyla
11,Kylee
2,Kylen
1,Kylene
23,Kylie
1,Kylie-Ann
1,Kymberlee
1,Kyndra
1,Kynisha
9,Kyra
1,Kyra-Ann
1,Kyrie
1,Kyrsten
1,Kyrstie
1,La
1,Lace
1,Laceigh
26,Lacey
2,Laci
2,Lacie
6,Lacy
1,Laena
1,Lail
1,Lain
2,Laine
1,Lainey
1,Lais
1,Lakeisha
1,Lameas
6,Lana
1,Lanaya
1,Lancy
1,Lane
1,Lanissa
1,Lannette
10,Lara
1,Larenn
2,Larisha
34,Larissa
1,Laronda
1,Larramie
2,Larrisa
1,Larrissa
1,Larrissa-Mae
2,Larysa
5,Laryssa
1,Lashanda
1,Latanya
3,Latasha
1,Latesha
1,Laticia
1,Latifa
1,Latisha
2,Latoya
104,Laura
1,Lauraine
1,Lauralee
3,Laura-Lee
1,Laura-Marie
11,Laurel
3,Laurelle
119,Lauren
1,Laurena
1,Laurene
1,Lauri
1,Lauriane
5,Laurie
1,Laurie-Anne
2,Laurin
4,Lauryn
1,Lavannah
1,Lavonna
1,Lavonne
1,Layla
1,Layna
1,Layne
2,Le
2,Lea
1,Leaetta
1,Leagh
66,Leah
1,Leaha
1,Lea-Marie
1,Leandra
1,Leann
4,Leanna
26,Leanne
1,Le-Anne
1,Leauna
1,Lechell
1,Lee
1,Leeaira
3,Lee-Ann
1,Leeanne
1,Lee-Anne
1,Leela
2,Leena
1,Leezanne
1,Leigah
4,Leigh
1,Leigha
1,Leila
1,Lelannie
11,Lena
1,Lenka
1,Lenore
2,Leona
2,Leonie
1,Leonna
1,Lequyen
1,Lesa
1,Lesday
4,Lesley
15,Leslie
1,Leslie-Jane
1,Letayah
1,Letecia
2,Letisha
2,Letitia
1,Lexi
1,Lexus
1,Lexy
1,Lexya
1,Leyna
4,Lia
1,Liana
2,Lianna
1,Lianne
1,Lida
1,Liia
1,Liisa
3,Lila
1,Lilian
1,Lillena
4,Lillian
1,Lilly
4,Lily
3,Lina
19,Linda
1,Linden
100,Lindsay
45,Lindsey
2,Lindsy
3,Lindy
1,Linea
1,Linette
1,Linh
6,Linnea
3,Linsey
1,Linsi
80,Lisa
1,Lisa-Anne
1,Lisa-Marie
1,Lisha
1,Lison
1,Little
1,Liza
1,Liza-Jane
1,Lizette
1,Lizzie
1,Llanna
1,Llorenda
3,Logan
1,Loissa
1,Lona
1,Londa
1,Loni-May
3,Lora
2,Loralee
1,Loralyn
1,Lorelei
1,Lorelle
2,Loren
1,Lorena
1,Lorene
1,Lorenza
3,Loretta
11,Lori
2,Lorianne
1,Lori-Anne
1,Lorilee
1,Lori-Lynn
1,Lorina
2,Lorinda
4,Lorissa
2,Lorna
4,Lorraine
1,Lorrinda
1,Louann
1,Louanna
1,Lou-Anne
5,Louisa
6,Louise
1,Louise-Marie
1,Louma
1,Lovene
1,Lovette
1,Luana
2,Lucia
3,Lucie
1,Lucie-Claude
1,Lucienne
2,Lucille
1,Lucinda
6,Lucy
1,Luisa
1,Lunden
1,Lundie
1,Luvena
1,Luzia
1,Ly
1,Lychelle
1,Lyda
6,Lydia
2,Lyla
1,Lyna
1,Lynae
1,Lynda
1,Lyndal
1,Lyndel
1,Lynden
4,Lyndsay
1,Lyndsay-Jordan
7,Lyndsey
1,Lynea
1,Lynell
6,Lynette
7,Lynn
1,Lynnaya
1,Lynndsie
3,Lynne
1,Lynoya
2,Lynsey
1,Lynsie
1,Lyric
1,Lyris
1,Lyrissa
1,Mabel
1,Macey
1,Mackayla
22,Mackenzie
1,Mackie
1,Macy
1,Madaleine
1,Madalena
1,Madasyn
1,Maddie
1,Maddisen
8,Maddison
1,Maddyson
4,Madelaine
6,Madeleine
13,Madeline
1,Madelyn
2,Madina
2,Madisen
54,Madison
2,Madyson
1,Mae
5,Maegan
1,Magda
1,Magdalena
1,Magel
12,Maggie
1,Maha
1,Mahala
1,Mai
3,Maia
1,Maica
1,Maiella
1,Maile
1,Mailinh
1,Maimuna
1,Mairead
1,Mairi
1,Maite
1,Maja
1,Majell
1,Majken
1,Makaila
1,Makayla
1,Makendra
1,Makenzie
1,Makrina
1,Mala
2,Malak
1,Maleah
1,Maligne
2,Malika
1,Malinda
1,Malisha
1,Mallorie
10,Mallory
1,Malory
1,Manal
1,Manda
1,Mandeep
2,Mandi
1,Mandolin
6,Mandy
1,Manefa
2,Manisha
1,Manit
1,Manjari
1,Manjeet
2,Manjot
1,Manpreet
1,Manraj
1,Manreet
1,Marah
1,Maranda
1,Marben
2,Marcela
4,Marcella
1,Marcey
1,Marci
3,Marcia
4,Marcie
2,Marcy
1,Mardou
1,Maren
1,Marena
10,Margaret
3,Margaretha
1,Margarita
1,Margaux
1,Margo
4,Margot
2,Marguerite
1,Mari
37,Maria
26,Mariah
1,Mariah-Jane
1,Mariah-Lynn
9,Mariam
1,Mariamanda
3,Marianna
6,Marianne
2,Marica
35,Marie
1,Marie-Claire
1,Marie-Claude
1,Marie-Denise
1,Marie-Frederick
2,Marie-Helene
2,Mariel
2,Marielle
2,Marie-Pier
1,Mariessa
1,Marieve
1,Marija
2,Marika
1,Mariko
1,Marilee
1,Marilena
5,Marilyn
1,Marilyne
1,Marin
22,Marina
1,Marinda
1,Mariola
3,Marion
1,Maris
10,Marisa
32,Marissa
1,Marissa-Rose
1,Marita
1,Marja
1,Marjorie
1,Marketa
2,Markie
1,Marla
2,Marlaina
1,Marlayna
3,Marlee
1,Marleesa
2,Marlena
3,Marlene
1,Marley
1,Marli
1,Marlise
2,Marlo
1,Marlynn
1,Mar-Lynn
1,Marlyse
1,Marnie
1,Marrisa
1,Marta
1,Marteki
9,Martha
5,Martina
2,Martine
1,Marvella
2,Marwa
1,Marwia
60,Mary
1,Marya
2,Maryann
1,Maryanne
1,Mary-Anne
1,Mary-Beth
1,Maryem
1,Mary-Jean
1,Mary-Jessie
1,Maryjo
1,Mary-Kathryn
1,Mary-Kim
1,Mary-Lynn
1,Maryna
1,Marynah
1,Mary-Rose
1,Maryse
1,Marysia
1,Masha
1,Mashayla
1,Mataya
1,Mathia
1,Matilda
2,Mattea
1,Matthew
1,Mattie
1,Maud
1,Maura
3,Maureen
1,Maurie
1,Mavish
2,Maxine
3,Maya
3,Mayada
1,May-Lee
1,Mayra
2,Mckayla
2,Mckenzie
1,McKenzie
49,Meagan
10,Meaghan
1,Meaghen
1,Meagyn
1,Measha-Marie
1,Meeca
1,Meelan
1,Meg
1,Megali
248,Megan
2,Megann
2,Meggan
49,Meghan
1,Meghann
1,Meghean
1,Mehgan
1,Mei
1,Meirna
1,Mekaiah
1,Melanee
49,Melanie
1,Melannie
1,Melany
1,Melena
4,Melina
9,Melinda
3,Melisa
194,Melissa
1,Mella
3,Mellisa
3,Mellissa
8,Melody
2,Melony
4,Melyssa
1,Memphis
1,Mena
1,Menaka
1,Mercadies
7,Mercedes
1,Mercedes-Rae
4,Meredith
1,Merran
1,Merril
1,Merrily
1,Meryl
1,Meryl-Lyn
1,Mesa
1,Mhairi
6,Mia
1,Mianna
3,Micaela
1,Micaila
1,Micayla
7,Michaela
1,Michala
1,Micheala
1,Michel
2,Michela
9,Michele
1,Michella
178,Michelle
1,Michelle-Andree
1,Michiko
1,Michlyn
1,Michyla
1,Mickaela
1,Mickala
1,Mickayla
1,Mickella
1,Micquelle
1,Midori
1,Mieka
4,Mika
7,Mikaela
2,Mikaila
1,Mikasa
3,Mikayla
1,Mik-El
1,Mikelle
1,Mikenlee
1,Miki
1,Mikki
1,Mila
1,Mildred
1,Millicent
1,Millisa
1,Mimi
2,Mindy
1,Mio
2,Miquela
2,Mira
52,Miranda
2,Miriah
3,Miriam
1,Miriame
1,Mirinda
1,Miryah
1,Mischa
1,Mishala
2,Mishayla
1,Misheila
1,Mishka
1,Missy
1,Misti
6,Misty
1,Mistyana
1,Mistylee
1,Mithra
1,Mizuka
1,Moe
3,Moira
1,Molieka
2,Mollie
13,Molly
2,Mona
1,Mong
16,Monica
12,Monika
15,Monique
1,Monira
3,Montana
1,Montanna
1,Morah
64,Morgan
1,Morgana
1,Morganna
1,Morganne
1,Moria
2,Moriah
1,Morning
2,Morningstar
1,Morven
1,Moyra
1,Muge
1,Mumtaz
1,Munisha
1,Muriam
1,Murphy
1,Murriel
3,My
1,Mya
1,Mychaela
1,Myka
1,Mykayla
1,Myla
1,Mylan
1,Mylandra
1,Mylthie
1,Myra
1,Myra-Brie
3,Myranda
1,Myreen
1,Myriah
1,Myrina
1,Mystic
2,Nabila
1,Nada
1,Nadean
1,Nadene
10,Nadia
17,Nadine
1,Nadiya
1,Naeela
1,Nagat
1,Nahil
1,Naina
1,Naiomi
4,Nakita
1,Nalisa
13,Nancy
1,Nanyen
1,Naomahlathi
28,Naomi
1,Nashina
1,Nasim
1,Nastasia
1,Natalee
6,Natalia
39,Natalie
1,Natalis
1,Natalka
1,Natalya
109,Natasha
1,Natasha-Dawn
1,Natashia
1,Natasia
1,Nataya
3,Nathalie
1,Nathania
1,Natiesha
1,Natisha
1,Natishka
1,Natsumi
1,Natyscha
1,Naushin
2,Navdeep
1,Naveen
3,Navneet
1,Navpreet
1,Naween
1,Neasa
1,Neda
1,Neelam
1,Neelum
2,Neena
1,Neetika
1,Neha
2,Neissa
1,Nelissa
1,Nella
1,Nellie
1,Nellie-Paige
1,Nemia
2,Nena
1,Nenneya
1,Neonila
1,Nepin
1,Nerissa
1,Neshaan
1,Neshama
2,Nevada
1,Nga
1,Ngaire-Anne
2,Ngoc
1,Nguyet-Nhi
1,Nhi
1,Nhu
1,Nica
1,Niccela
1,Nichelle
1,Nichol
2,Nichola
12,Nichole
1,Nicholl
1,Nichol-La
3,Nicholle
1,Nicisha
1,Nickneet
1,Nickola
1,Nickole
2,Nicol
4,Nicola
276,Nicole
2,Nicoleen
7,Nicolette
2,Nicolle
1,Nicollette
1,Nidhi
1,Nidia
1,Nikara
1,Niketa
2,Niki
7,Nikita
1,Nikitan
9,Nikki
1,Nikki-Dawn
2,Nikkita
1,Nikkol
1,Nikola
2,Nikole
1,Nilden
1,Nimat
6,Nina
1,Nina-Louise
1,Niomie
1,Niroshi
1,Nirvanna
1,Nissa
1,Nissren
1,Nitanis
1,Nitasha
1,Nixen
1,Nkemakolam
1,Noel
1,Noelani
5,Noelle
1,Noemi
1,Nokomi
3,Nora
1,Norahani
2,Noreen
2,Norma
1,Nova
1,Novak
1,Nura
1,Nykita
1,Nykita-Marie
1,Nykkol
2,Nyla
1,Nyomi
1,Nyssa
2,Nytasha
1,Oakley
1,Oana
2,Ocean
1,Odessa
2,Ofelia
1,Oksana
1,Ola
1,Olga
1,Olimpiada
51,Olivia
1,Olivin
1,Omolola
1,Omyah
1,Ondrea
1,Opal
1,Opinder
1,Oralee
1,Oriana
1,Oriel
1,Orysia
1,Paayal
2,Page
52,Paige
1,Paloma
24,Pamela
1,Pamila
1,Pana
1,Paoyu
1,Parbhjeet
1,Parveen
3,Pascale
1,Patia
3,Patience
1,Patrica
22,Patricia
1,Patrizia
1,Patsy
17,Paula
1,Paulette
8,Paulina
1,Paulinda
8,Pauline
1,Pavenjoot
1,Pawandeep
2,Payge
1,Pearl
1,Peetinder
1,Pegah
1,Peggy
1,Pei
1,Penelope
2,Penny
1,Perry
1,Persis
1,Petra
1,Petra-Ann
1,Petra-Celli
1,Phan
1,Phelan
4,Phoenix
1,Phylicia
1,Pianky
2,Piper
1,Pondy
1,Pooja
1,Porscha
1,Porschea
1,Prabhjot
1,Prabpreet
1,Praneeka
1,Praveen
1,Pravini
1,Preet
1,Preeti
1,Preetkamal
1,Preetpaul
1,Premita
1,Presley
1,Preslie
1,Prianka
1,Pricilla
7,Priscilla
4,Priya
1,Priyadarshani
1,Priyakna
1,Pullave
3,Puneet
1,Qixia
1,Quadelle
1,Querida
3,Quincy
1,Quinlan
1,Quinn
1,Quyen
2,Rabia
12,Rachael
1,Racheal
105,Rachel
20,Rachelle
1,Racquel
2,Rae
1,Raeanda
1,Raeann
4,Rae-Ann
5,Raeanne
3,Rae-Anne
2,Raechel
1,Raeesa
3,Raegan
1,Raehann
1,Raeleen
6,Raelene
1,Raelle
2,Raelyn
3,Rae-Lynn
1,Raena
1,Raenna
1,Raeshelle
1,Raewyn
1,Raife
1,Rain
3,Raina
1,Rainbow
1,Raine
1,Rainee
1,Raisa
1,Rajneek
1,Rajveen
1,Raman
1,Ramanjit
1,Ramiza
1,Ramneek
1,Ramneet
1,Ramona
4,Rana
1,Randa
1,Randalin
1,Randall
1,Randee
20,Randi
1,Randi-ann
1,Randi-Dawn
2,Randie
2,Randi-Lee
1,Randi-Lyn
1,Randi-Lynn
1,Randy
1,Ranee
1,Ranita
1,Ranna
2,Ranya
1,Raphaele
4,Raquel
1,Rasela-Pierina
1,Rasha
1,Ratinder
1,Rava
1,Raveen
1,Raveena
12,Raven
2,Ravinder
1,Ravneet
2,Raya
1,Rayal
1,Rayanne
1,Raychael
1,Rayel
1,Rayelle
1,Rayleen
2,Raylene
4,Rayna
2,Rayne
1,Rayven
1,Reachel
1,Reachelle
2,Reagan
1,Reaghan
1,Reah
1,Reann
2,Reanna
5,Reanne
5,Reba
4,Rebeca
198,Rebecca
1,Rebeccah
1,Rebecca-Joye
1,Rebecca-Lou
2,Rebecka
2,Rebeka
11,Rebekah
2,Rebekka
1,Rebekkah
2,Rechelle
1,Reesa
1,Reeva
2,Regan
1,Regeena
1,Regine
1,Rehaab
1,Rehab
1,Reilly
1,Reima
1,Reina
1,Reinette
1,Reiza
3,Rema
1,Reme
2,Remi
1,Remilekun
1,Rena
1,Renae
1,Renata
1,Renay
1,Renaye
3,Rene
23,Renee
1,Renessa
1,Reneta
1,Rennette
1,Resam
1,Reshma
1,Rett
1,Reyna
5,Rhea
1,Rheanna
1,Rhekia
1,Rhian
1,Rhiana
3,Rhianna
1,Rhiannan
2,Rhianne
7,Rhiannon
1,Rhianon
3,Rhoda
1,Rhodielyn
5,Rhonda
2,Ria
1,Riane
1,Riann
1,Rianna
1,Riannon
1,Richele
11,Richelle
3,Ricki
1,Ricki-Lynn
1,Rickki
1,Rihanna
1,Rikki
1,Rikki-Lee
1,Rikki-Leigh
1,Rikki-Lynne
3,Riley
1,Riona
6,Rita
1,Roanne
1,Roba
3,Roberta
1,Robi
19,Robin
1,Roburta
48,Robyn
1,Robynne
16,Rochelle
1,Roddinna
1,Rohini
1,Roise
1,Roisin
1,Rolanda
1,Rolene
1,Romy
1,Rona
2,Ronda
1,Ronni
1,Rory
5,Rosa
1,Rosalie
3,Rosalind
1,Rosalyn
1,Rosann
5,Rosanna
3,Rosanne
1,Rosathya
4,Rose
1,Roseanna
1,Roseanne
1,Rose-Anne
1,Rose-Eva
1,Roselynn
2,Rosemarie
2,Rosemary
2,Rosie
1,Roslynn
1,Rosslynn
1,Rosylynn
1,Rowanne
1,Rowen
1,Rowena
1,Rowida
8,Roxanne
1,Roxie
1,Roxy
1,Roya
1,Rozanne
1,Ruby
1,Rukiya
1,Rupali
1,Ruquaiyeh
6,Ruth
1,Ruth-Ann
1,Rya
1,Ryan
1,Ryanna
1,Ryanne
2,Rylee
1,Ryleigh
1,Rylie
1,Saada
2,Saadia
3,Sabina
1,Sabine
1,Sable
1,Sabrena
1,Sabrene
29,Sabrina
1,Sabrine
3,Sacha
1,Sadey
2,Sadie
1,Sadie-Avalon
1,Sadiya
1,Safaa
1,Safia
1,Safiya
3,Sage
1,Sahara
1,Sahra
1,Saia
1,Saidee-Anne
1,Saidy
2,Saige
1,Sajda
1,Sajida
1,Sajneet
3,Salima
1,Salina
1,Salinda
4,Sally
1,Samah
1,Samanda
329,Samantha
1,Samantha-Jo
1,Samantha-Lee
1,Samanthan
3,Samara
1,Samarah
1,Samatha
1,Samia
1,Sammatha
1,Sammia
1,Sammi-Joe
1,Sammi-Rae
3,Sana
1,Sancia
2,Sandeep
1,Sandeep-Kaur
1,Sandi
21,Sandra
1,Sandrina
4,Sandy
2,Sania
1,Sanije
1,Sanja
1,Sanjana
1,Sanna
3,Santana
1,Santos
1,Saphire
1,Sapideh
95,Sara
359,Sarah
1,Sarah-Jane
1,Sarah-Joanne
1,Sarah-Marie
1,Sara-Jo
1,Saraya
1,Sarena
1,Saria
6,Sarina
1,Sarjenka
1,Sarra
2,Sascha
16,Sasha
1,Saskia
1,Satinder
1,Savala
4,Savana
1,Savanah
1,Savanaha
7,Savanna
10,Savannah
1,Savannah-Jean
2,Sawyer
1,Scaachi
1,Scarlet
1,Scarlett
1,Schantel
1,Scirocco
1,Scotia
1,Sean
4,Seanna
1,Sedem
1,Seeta
1,Segen
1,Seham
1,Sehr
4,Selena
6,Selina
1,Selinah
1,Semhar
1,Sena
1,Sequia
1,Sereana-Loveigh
8,Serena
1,Serene
1,Serenna
1,Sereta
1,Serica
1,Shabreena
1,Shadia
2,Shae
1,Shae-Ann
2,Shaela
1,Shaelene
1,Shaelyn
1,Shae-Lynn
1,Shaghayegh
1,Shahala
1,Shahina
1,Shahlaa
1,Shahleen
1,Shail
1,Shailey
1,Shaima
5,Shaina
1,Shaista
1,Shala
1,Shalaine
1,Shalayne
1,Shalea
4,Shaleen
4,Shalene
1,Shalina
1,Shalini
1,Shalisa
1,Shalissa
1,Shaliza
1,Shalla
2,Shallyn
1,Shalom
1,Shalyn
1,Sham
1,Shamala
1,Shamsher
4,Shana
1,Shanae
1,Shanah
1,Shanai
1,Shanarita
1,Shanda
1,Shandal
4,Shandel
3,Shandelle
1,Shandhi
1,Shandi
1,Shandon
1,Shandrea
1,Shaneece
1,Shaneen
1,Shaneese
3,Shanel
8,Shanelle
1,Shani
1,Shanice
1,Shaniece
1,Shanika
1,Shaniqua
1,Shanise
1,Shanita
1,Shanlee
1,Shanley
5,Shanna
1,Shannah
1,Shannaye
1,Shannel
1,Shannelle
49,Shannon
1,Shannyn
1,Shanta
1,Shantal
1,Shantee
7,Shantel
1,Shantele
2,Shantell
1,Shantelle
1,Shanti
1,Shantyl
2,Shara
1,Sharai
1,Sharan
1,Sharelle
2,Shari
1,Sharidan
1,Sharise
1,Sharissa
10,Sharla
1,Sharleanne
2,Sharlee
1,Sharleen
1,Sharlene
1,Sharly
1,Sharmaine
1,Sharnjeet
1,Sharolyn
1,Sharolyne
13,Sharon
1,Sharon-Rose
1,Sharrese
1,Sharyl
1,Shasha
3,Shasta
1,Shaughn-Marie
14,Shauna
1,Shaunarae
1,Shaunee
1,Shauni
1,Shauntel
1,Shauntelle
2,Shawn
21,Shawna
2,Shawnee
1,Shawnee-Dawn
1,Shawnee-Lynn
1,Shawney
2,Shawntel
1,Shay
1,Shayanne
2,Shaye
21,Shayla
1,Shaylan
1,Shayla-Rae
1,Shayle
1,Shaylea
5,Shayleen
1,Shaylen
1,Shaylena
10,Shaylene
3,Shaylin
1,Shaylina
2,Shaylyn
1,Shaylynn
1,Shaymaa
7,Shayna
1,Shayne
1,Shayona
1,Shazeen
1,Shazia
2,Shea
1,Shealene
1,Shealyn
1,Shealynne
15,Sheena
1,Sheena-Marie
1,Sheetal
13,Sheila
1,Sheilagh
1,Sheilla
1,Shekyra
1,Shelaina
1,Shelane
1,Shelayna
2,Shelbee
5,Shelbi
3,Shelbie
146,Shelby
1,Shelby-Ann
1,Shelesa
1,Shelina
1,Shelisa
1,Shelise
1,Sheliza
1,Shellaine
6,Shelley
1,Shellie
1,Shelly
1,Shelyse
1,Shen
1,Shena
1,Shenae
1,Sheneeka
1,Shennay
1,Shera
1,Sherae
1,Shera-Lee
1,Sherece
4,Sheree
1,Shereen
2,Sheri
1,Sheri-Ann
1,Sherianne
1,Sherice
1,Sheridin
1,Sherilyn
1,Sherilynn
1,Sherise
1,Sheriza
5,Sherri
1,Sherrie
6,Sherry
1,Shery
2,Sheryl
1,Sherylann
1,Sheyenne
1,Sheyln
1,Shianna
6,Shianne
1,Shicole
1,Shieeda
1,Shillelagh
2,Shilo
2,Shiloh
1,Shimah
1,Shinal
1,Shinnea
1,Shiralee
1,Shirine
6,Shirley
1,Shivani
1,Shizuka
1,Shon
1,Shona
1,Shonna
1,Shontelle
2,Shyann
2,Shyanne
1,Shyenne
8,Shyla
1,Shylee
1,Shyler
2,Shylo
1,Shyloe
1,Shyloh
1,Shyrstyne
1,Si
1,Sian
4,Sidney
1,Sidonie
5,Sienna
9,Sierra
1,Silvia
1,Simanpreet
1,Simina
7,Simone
1,Simran
1,Simranjit
1,Sina
4,Sinead
1,Sineade
1,Sinette
1,Sinna
4,Siobhan
1,Sirena
2,Siri
10,Skye
2,Skyelar
6,Skylar
2,Skyler
2,Sloane
4,Sofia
1,Soja
1,Sokun
1,Solara
1,Soleil-Marie
1,Somanjit
1,Sommer
2,Sonam
1,Sonamdeep
1,Sondous
6,Sonia
4,Sonja
1,Sonny
6,Sonya
1,Soojin
1,Sopeamony
14,Sophia
9,Sophie
3,Soraya
1,Sorcha
1,Sorsha
1,Sothea
1,Souad
1,Spencer
17,Stacey
1,Stacey-Lynn
8,Staci
2,Stacia
7,Stacie
15,Stacy
2,Starla
1,Starlit
1,Starr-Lynn
1,Starsha
6,Stefani
1,Stefania
15,Stefanie
1,Stefannie
1,Stefany
1,Steffani
3,Steffanie
3,Steffany
1,Steffi
1,Stenia
3,Stephani
294,Stephanie
2,Stephany
6,Stephenie
1,Stesha
4,Stevie
1,Stryanna
1,Suane
1,Suceil
1,Sue-Len
1,Sugar
1,Suhad
1,Sujin
1,Sukhdeep
1,Sukhjit
1,Sultana
1,Sumar
1,Sumeet
2,Summar
7,Summer
1,Sundeep
1,Suneet
1,Sunny
2,Supriya
1,Suranjan
17,Susan
10,Susanna
2,Susannah
1,Susanne
1,Sussan
2,Suzan
3,Suzanna
9,Suzanne
1,Suzette
1,Swan
1,Swastika
66,Sydney
4,Sydni
1,Sylina
6,Sylvia
1,Sylvie
1,Sylwia
1,Symone
1,Syndney
1,Synthia
1,Syreena
1,Syrena
1,Szilvia
1,Szilvia-Margaret
4,Tabatha
1,Tabbathia
1,Tabby
1,Tabea
7,Tabitha
1,Tacita
1,Tacy
1,Taegan
1,Taeler
1,Taelor
1,Taelyn
1,Tahirah
1,Tahnee
1,Tahnika
1,Tai
1,Tai-Ann
2,Taigen
1,Taija
2,Tait
1,Tajali
1,Takara
2,Takisha
2,Tala
1,Talena
1,Talesa
3,Talia
1,Talina
3,Talisa
1,Talissa
1,Talitha
1,Tallia
1,Talysha
45,Tamara
1,Tamara-Jean
1,Tamaris
1,Tamehra
1,Tami
1,Tamika
1,Tamira
1,Tammam
1,Tammara
8,Tammy
2,Tamra
1,Tana
1,Tanara
1,Tancee
1,Tane
1,Taneda
2,Tanesha
1,Taneshia
1,Tanessa
11,Tania
1,Tania-Leigh
1,Tanice
2,Tanika
1,Tanille
10,Tanis
2,Tanisha
1,Tanisha-Lynn
2,Tanita
3,Tannis
1,Tansie
1,Tanvir
22,Tanya
1,Tanya-Leale
1,Tanysha
1,Tanyssa
30,Tara
2,Tarah
1,Tarah-Lynn
1,Taralee
1,Tara-Leigh
3,Taralyn
1,Tara-Lyn
1,Tara-Lynn
1,Taranjan
1,Tarensa
1,Tarin
1,Tarra
1,Tarryl
1,Tarryn
27,Taryn
1,Tascha
18,Tasha
1,Tasha-Lee
1,Tashawny
1,Tasheena
1,Tasheena-Cree
1,Tashia
1,Tashiana
1,Tashika
1,Tashima
4,Tashina
1,Tateanna
5,Tatiana
1,Tatianna
2,Tatum
1,Tatyaana
1,Tausha
1,Tawnee
1,Tawny
1,Taya
1,Tayenne
1,Tayla
10,Tayler
75,Taylor
1,Taylor-Ann
1,Taylor-Don
1,Taylore
1,Taylr
1,Taylyr
1,Tayna
1,Tayt
7,Teagan
1,Teah
1,Teale
2,Teanna
1,Teddiane
1,Teddi-Anna
1,Teea
2,Teela
1,Teenie-Rose
11,Tegan
1,Teghan
1,Teghpreet
1,Tehya
3,Teigan
1,Teisha
1,Teja
1,Tejal
1,Temika
1,Tempest
1,Tempestt
1,Tenatah
1,Tenaya
2,Teneille
5,Tenille
1,Tenisha
1,Tenneil
1,Tenneille
1,Tennille
1,Tequisha
1,Tera
1,Tereasa
1,Teren
9,Teresa
1,Teresia
1,Teressa
7,Teri
1,Terilee
1,Terilyn
1,Teri-Lynn
3,Terra
2,Terrah
1,Terrelle
6,Terri
1,Terri-Ann
1,Terrianna
1,Terri-Lyn
3,Terri-Lynn
1,Terrisa
2,Teryl
1,Teryn
1,Tesha
1,Tesia
1,Tesla
10,Tess
29,Tessa
1,TessAnna
1,Tessia
1,Tetyana
2,Teyah
1,Thaina
1,Thais
2,Thalia
1,Thamas
1,Thao
3,Thea
2,Thelma
1,Thera
12,Theresa
2,Therese
1,The-Vy
3,Thi
2,Thien
1,Thimna
1,Thomalena
1,Thomasina
1,Thu
1,Thuc
1,Thuy
1,Thy
16,Tia
1,Tia-Ashley
9,Tiana
2,Tianda
12,Tianna
1,Tianna-Lee
1,Tiara
1,Tiera
1,Tierney
1,Tierra-Lynn
1,Tifani
1,Tiffani
1,Tiffanie
48,Tiffany
1,Tiffany-Josee
1,Tiila
2,Tijana
1,Tila
1,Tilla
1,Tilly
1,Timbrel
1,Timothea
1,Timyra
18,Tina
1,Tina-Marie
1,Tinna
1,Tirza
1,Tirzah
3,Tisha
1,Tneshia
1,To
1,Toby-Diane
1,Tolieanne
1,Tomal
1,Tomia
1,Tomikka
1,Tomiko
1,Tomi-Lee
1,Toneille
9,Toni
1,Tonia
1,Tonice
2,Tonielle
1,Toni-Lyn
2,Toni-Lynn
1,Tonni
4,Tonya
1,Torey
4,Tori
1,Torinda
1,Torri
2,Torrie
1,Tory
1,Touria
6,Tracey
3,Traci
14,Tracy
1,Tracy-Lynn
1,Trammy
1,Tran
2,Trang
1,Travonne
1,Trelena
1,Trialaine
1,Tricha
1,Trichelle
7,Tricia
8,Trina
1,Trinda
1,Trinh
3,Trinity
1,Trish
7,Trisha
1,Trishtana
1,Trisia
4,Trista
2,Tristan
3,Tristen
3,Tristin
1,Tristina
1,Tristine
1,Triston
4,Tristyn
2,Truc
3,Trudy
1,Trystin
1,Tsarina
1,Tsue
1,Tuyet
3,Twyla
1,Tya
1,Tyana
1,Tyanna
1,Tyler
1,Tylisha
1,Tyne
1,Tynea
1,Tyneal
1,Tynessa
1,Tyniel
1,Tynisha
2,Tyra
1,Tyrad
1,Tyson
1,Ubah
1,Ulli
1,Ursula
1,Uyen-Phuong
1,Vail
1,Vairlynn
1,Valarie
1,Valentia
11,Valerie
2,Vanesa
59,Vanessa
1,Vania
1,Vanita
1,Vannessa
1,Vanyelle
1,Varsha
2,Vassa
1,Velishia
4,Vera
1,Verda
1,Verlene
1,Verlyn
18,Veronica
2,Veronika
2,Veronique
1,Vicki
1,Vicki-Pauline
1,Vickpreet
4,Vicky
119,Victoria
1,Victoria-Lynn
1,Victorya
1,Vida
1,Vienna
1,Viki
2,Viktoria
1,Vilma
1,Vina
1,Vincenza
1,Viola
2,Violet
1,Virgina
4,Virginia
1,Vivi
6,Vivian
1,Vy
1,Wacey
1,Wallis
1,Warlean
1,Wednah
10,Wendy
1,Weronika
1,Whisper
1,Whitley
25,Whitney
4,Willow
1,Wing
3,Winnie
1,Winona
1,Winter
1,Wyalleen
1,Wynona
1,Wyome
1,Xaviera
1,Xuan
1,Yalda
1,Yanika
2,Yasmeen
4,Yasmin
1,Yassmeen
2,Yesenia
1,Yesim
1,Yessica
1,Yi
1,Yin
1,Yognimala
3,Yolanda
1,Yuen
1,Yuen-Ling
1,Yuen-Ting
1,Yuzu
3,Yvette
5,Yvonne
1,Zaahira
1,Zabreana
1,Zahnyka
1,Zainab
2,Zakiya
2,Zayna
1,Zayna-Lee
1,Zediwa
1,Zehr
1,Zeineb
1,Zena
1,Ziana
1,Zineb
16,Zoe
4,Zoey
1,Zoie
2,Zoya
1,Zubeida