1,Aadra
1,Aanchalpreet
1,Aaron
1,Abalene
5,Abbey
1,Abbeygael
1,Abbie
4,Abbigail
2,Abbigale
10,Abby
2,Abbygail
1,Abbygail-Ann
1,Abbygale
1,Abi
19,Abigail
2,Abigayle
1,Abrielle
1,Acacia
1,Acadia
1,Adara
1,Addie
1,Addie-Jane
1,Addison
1,Adelaide
1,Adelheid
2,Adeline
1,Adell
7,Adelle
1,Adelyn
1,Adena
3,Adina
1,Adora
5,Adriana
5,Adrianna
4,Adrianne
1,Adriel
1,Adrienna
4,Adrienne
1,Aelita
2,Afshan
1,Afsha-Raveena
1,Afton
2,Aganetha
1,Agata
3,Agatha
3,Agnes
1,Agnieszka
1,Aiah
3,Aidan
1,Aiden
1,Aileen-Vu
1,Ailine
1,Ailis
1,Ailisha
13,Aimee
1,Ainsleigh
4,Ainsley
1,Airelle
1,Airieanna
7,Aisha
1,Aisia
1,Aiya
1,Aiyana
1,Aiza
1,Akasha
1,Akela-Lynn
1,Akeyla
1,Akina
1,Akira
1,Aksana
1,Alaa
2,Alaina
23,Alana
1,Alanah
1,Alana-Sue
1,Alandra
2,Alanis
26,Alanna
8,Alannah
1,Alanndra
1,Alanne
1,Alaura
1,Alayna
2,Alayne
1,Alaynna
1,Alaysha
1,Alda
1,Alea
4,Aleah
1,Aleaha
1,Aleasha
2,Alecia
1,Aleesha
1,Aleia
1,Aleigha
1,Aleksey
5,Alesha
1,Alessandra
1,Alessia
1,Aleta
4,Alex
21,Alexa
1,Alexadra
149,Alexandra
1,Alexandras
1,Alexandre
3,Alexandrea
28,Alexandria
1,Alex-Anne
1,Alexcene
3,Alexi
2,Alexia
46,Alexis
1,Alexsis
1,Alexus
1,Aleysha
1,Alham
2,Ali
5,Alia
1,Alia-Terrae
6,Alice
2,Alicen
37,Alicia
1,Alida
1,Aliesha
6,Alina
1,Aline
4,Alisa
1,Alisar
1,Alisen
22,Alisha
26,Alison
5,Alissa
1,Alita
1,Alithia
1,Alitta
6,Alix
2,Alixandra
3,Aliya
1,Aliza
3,Allana
1,Allandra
1,Allannah
1,Allayna
2,Allegra
1,Allessandra
1,Allexis
1,Alley
1,Alliah
1,Allicia
2,Allie
3,Allisa
1,Allishia
43,Allison
1,Allix
2,Ally
4,Allysa
4,Allysha
5,Allyson
5,Allyssa
2,Alma
1,Almira
4,Alora
1,Alyanna
1,Alyce
1,Alychia
3,Alycia
1,Alyda
2,Alyna
1,Alynna
1,Alynne
1,Alysa
1,Alyse
16,Alysha
4,Alyshia
2,Alysia
6,Alyson
127,Alyssa
1,Alyssa-Marie
1,Alysse
1,Alyssha
4,Alyx
1,Alyxandria
1,Amadea
1,Amadew
2,Amal
1,Aman
170,Amanda
1,Amanda-Joy
1,Amandeep
2,Amani
2,Amanie
1,Amansat
3,Amara
1,Amaris
1,Amarjot
95,Amber
1,Amber-Lee
1,Amberleigh
2,Amberly
2,Amberlynn
1,Amber-Lynn
1,Ambreah
1,Ambrosia
1,Ameera
16,Amelia
1,Ameliea
1,Ami
4,Amie
1,Amina
1,Aminah
1,Amira
1,Aml
1,Amneet
1,Amrinder
1,Amrit
2,Amrita
94,Amy
1,Amy-Lynn
2,An
1,Ana-Andrijana
1,Anabel
1,Anah
1,Analisa
1,Ana-Maria
1,Anastacia
7,Anastasia
2,Andi
1,Andie
1,Andra
43,Andrea
1,Andreana
1,Andreannah
1,Andreea
1,Andria
1,Andriana
1,Aneesha
1,Aneisha
1,Aneishah
1,Anelise
1,Anessa
2,Anfisa
6,Angel
55,Angela
1,Angela-Unwana
1,Angele
1,Angeli
12,Angelica
1,Angelika
9,Angelina
1,Angeline
6,Angelique
1,Angelyn
3,Angie
1,Anh
1,Ania
1,Anica
4,Anika
1,Aniko
1,Anila
1,Anisa
1,Anisah
3,Anisha
4,Anissa
11,Anita
1,Anita-Marie
1,Anjali
1,Anjela
1,Ankica
2,Anmol
1,Anmoljot
3,Ann
42,Anna
1,Annalena
1,Annalies
1,Annaliese
2,Annalise
1,Annamaria
1,Annamarie
3,Anna-Marie
1,Anna-Marisa
12,Anne
5,Annelise
1,Annemaire
4,Anne-Marie
1,Annesha
12,Annie
1,Annigje
2,Annika
1,Annisha
1,AnnMarie
1,Ann-Marie
1,Anny
1,Anreen
3,Antonia
1,Anupreet
1,Anurag
3,Anya
1,Anyssa
1,Apolinaria
1,Appaloni
25,April
1,Aquielle
1,Aralyn
3,Arden
1,Ardo
1,Aren
2,Aretha
1,Arezu
1,Ariah
3,Ariana
1,Ariane
5,Arianna
2,Arianne
9,Ariel
1,Ariele
1,Ariella
5,Arielle
1,Arista
1,Arizza
1,Arleen
3,Arlene
1,Arlynn
1,Armine
1,Arpin
1,Arreanna
1,Arrianna
1,Arvind
1,Aryn
1,Arynn
1,Asha
1,Ashana
1,Ashely
3,Ashlea
16,Ashlee
1,Ash-Lee
1,Ashlee-Lynn
1,Ashleen
45,Ashleigh
1,Ashlen
1,Ashlene
287,Ashley
1,Ashley-Ann
1,Ashley-Marie
1,Ashli
4,Ashlie
1,Ashlin
2,Ashly
1,Ashly-Lynn
7,Ashlyn
4,Ashlynn
1,Ashlynne
1,Ashna
1,Ashten
1,Ashtin
1,Ashtinn
11,Ashton
3,Ashtyn
2,Asia
1,Asialee
1,Asma
4,Aspen
1,Assma
1,Assmaa
2,Astrid
2,Ataya
1,Athaley
3,Athena
1,Atia
1,Atlanta
1,Aubrey
3,Audra
2,Audrey
1,Audreyona
1,Augustina
1,Aulora
1,Aureanna
1,Aurelia
2,Aurora
6,Autumn
3,Ava
1,Avalon
1,Avari
1,Aveen
1,Averi
12,Avery
1,Avigail
1,Avital
3,Ayah
1,Ayan
1,Aydan
1,Ayden
1,Ayeisha
2,Ayesha
1,Ayisha
5,Ayla
1,Aylannah
1,Ayleigh
1,Ayllissa
1,Aymara
1,Ayrin
4,Aysha
1,Ayushi
1,Ayushie
1,Azia
3,Azra
1,Azure
23,Baby
5,Bailee
39,Bailey
1,Bailey-Anne
1,Baillee
1,Baillie
2,Baily
1,Baljeet
1,Balkeerat
1,Baneet
1,Bao
1,Bara
1,Barayah
9,Barbara
1,Basia
1,Basma
1,Baylee
2,Bayley
2,Baylie
1,Bearwon
1,Beatriz
1,Becki
5,Becky
1,Beejal
1,Beenish
1,Behir
1,Bekky
1,Belinda
1,Bella
1,Belle
1,Bellecia
1,Belle-Lana
1,Bennita
1,Berina
3,Bernadette
1,Bernadine
2,Bernice
2,Bertha
1,Bertha-Lyn
8,Beth
1,Bethan
1,Bethann
15,Bethany
1,Bettiel
2,Bettina
2,Betty
1,Bettyel
1,Beverley
1,Beverly
1,Bhaavna
1,Bhan
2,Bhavneet
10,Bianca
1,Bianka
1,Billee
2,Billi
2,Billie
1,Billie-Jo
1,Billi-Jean
1,Birken
1,Bismilla
2,Blaine
1,Blair
2,Blaire
1,Blanche
1,Blare
1,Blossom
6,Bobbi
1,Bobbie
2,Bobbi-Jo
1,Bobbi-Lee
1,Bobby
1,Bobi
1,Bobi-Sue
1,Bohdahna
11,Bonnie
1,Braden
1,Bradi
1,Brady
1,Braedan-Elysse
1,Braelene
1,Braelyn
1,Braelynn
3,Brandee
10,Brandi
1,Brandilyn
1,Brandon
13,Brandy
1,Brandyn
1,Braunwyn
1,Brayanna
1,Braydel
1,Brayden
1,Braydi
1,Braye
1,Breagh
4,Breana
3,Breann
38,Breanna
39,Breanne
1,Breawna
1,Brecken
7,Bree
1,Breeanna
2,Bree-Anna
2,Bree-Anne
1,Bregane
1,Brein
1,Brenam
10,Brenda
1,Brenley
10,Brenna
2,Breton
6,Brett
1,Brettany
1,Brette
1,Brettnee
1,Brettney
1,Bretton
2,Bria
1,Bria-Anne
9,Briana
2,Briane
2,Briann
49,Brianna
1,Briannam
19,Brianne
1,Briar
1,Bricklyn
5,Bridget
1,Bridgette
1,Brieana
1,Brieann
2,Brieanne
2,Brielle
1,Briena
2,Brienna
2,Brienne
2,Brigid
3,Brigitte
1,Briley
2,Brina
1,Brinda
1,Brinita
1,Brinn
2,Brita
1,Britani
1,Britanny
3,Britany
1,Briten
1,Britnee
12,Britney
3,Britni
1,Britny
3,Brittaney
4,Brittani
1,Brittania
3,Brittanie
1,Brittani-Paige
187,Brittany
1,Brittany-Jean
1,Brittene
1,Brittina
1,Brittine
1,Brittini
1,Brittnee
1,Brittnei
49,Brittney
1,Brittney-Ann
3,Brittni
1,Brittnie
1,Brittny
1,Brocho
2,Broghan
1,Bromlynn
1,Bronson
2,Bronte
3,Bronwen
6,Bronwyn
1,Bronya
1,Brook
64,Brooke
2,Brookelyn
1,Brookelynn
17,Brooklyn
1,Brooklyne
2,Brooklynn
1,Browyn
1,Brttany
10,Bryanna
1,Bryanne
1,Brycal
1,Bryce
2,Bryden
1,Bryn
3,Brynn
2,Brynne
1,Bunny
1,Bushra
1,Buthiena
1,Cabrini
1,Caelan
1,Caelea
1,Caely
1,Cailah
3,Caileigh
2,Cailey
1,Cailin
1,Cailyn
2,Cairo
59,Caitlin
1,Caitlind
1,Caitlinn
25,Caitlyn
3,Caitlynn
1,Caitrin
1,Cala
3,Caleigh
1,Calene
2,Caley
2,Cali
1,Calista
2,Calla
1,Calli
2,Callie
1,Calsea
1,Calsy
1,Calyca
1,Cam
2,Cambria
2,Cameo
1,Camie
1,Camila
1,Camilla
11,Camille
1,Camillia
1,Cammie
2,Camrie
1,Camryn
16,Candace
1,Candalyn
9,Candice
1,Candle
19,Cara
1,Caralyn
1,Caren
1,Caressa
1,Caresse
1,Carey
1,Carey-Lyn
2,Cari
1,Carianne
1,Carien
2,Carina
11,Carissa
1,Carita
7,Carla
1,Carlae
1,Carleah
1,Carleana
10,Carlee
3,Carleen
1,Carlena
3,Carlene
17,Carley
6,Carli
5,Carlie
1,Carlin
1,Carlina
1,Carline
2,Carling
1,Carlissa
1,Carlita
50,Carly
1,Carlyn
1,Carlyna
1,Carlyn-Toby
1,Carman
1,Carmella
24,Carmen
3,Carol
1,Carol-Ann
1,Carolina
7,Caroline
13,Carolyn
1,Carri
1,Carrianne
8,Carrie
1,Carrieann
1,Carrie-Lynn
1,Carrington
1,Caryn
1,Caryna
7,Casandra
1,Casaundra
1,Cascara
1,Casera
15,Casey
1,Casey-Jo
1,Casha
1,Casi
107,Cassandra
1,Cassandria
1,Cassara-Dawn
1,Cassi
1,Cassia
2,Cassidee
41,Cassidy
7,Cassie
3,Catharine
30,Catherine
1,Cathlene
1,Cathrine
1,Cathryn
1,Cathryn-Rose
5,Cathy
1,Catlin
5,Catrina
1,Catriona
1,Caussandra
4,Cayla
4,Caylee
1,Cayleigh
1,Caylen
8,Cayley
1,Caylynn
1,Cayman
1,Cazandra
2,Ceanna
1,Cecelia-Jean
3,Cecilia
1,Cecillia
3,Cecily
1,Ceilidh
1,Ceinwen
1,Celena
2,Celene
5,Celeste
1,Celestina
2,Celia
5,Celina
17,Celine
1,Ce'Nedra
1,Centaine
1,Cera
1,Cerys
1,Cezanne
1,Chadya
1,Chai
1,Chailene
1,Chaitra
1,Chalene
1,Challyn
2,Chalsea
1,Chance
1,Chandani
1,Chandel
1,Chandler
1,Chandni
4,Chandra
1,Chandyn
8,Chanel
1,Chanell
7,Chanelle
1,Chanen
1,Chanice
1,Chanis
1,Chanisse
1,Chanmany
1,Channa
2,Channel
1,Channelle
1,Channsomaley
1,Chanrethy
23,Chantal
1,Chantaye
1,Chantayne
1,Chante
1,Chantee
22,Chantel
1,Chantele
2,Chantell
33,Chantelle
1,Chantina
1,Chanting
1,Charae
1,Charieis
1,Charise
5,Charissa
1,Charisy
4,Charity
1,Charity-Dawn
1,Charla
1,Charlaine
2,Charlee
9,Charlene
2,Charley
2,Charlie
19,Charlotte
1,Charly
1,Charlye
1,Charly-Jean
1,Charlyn
1,Charlynn
2,Charmain
3,Charmaine
2,Charmayne
1,Charnel
1,Charry
1,Chasidy
5,Chasity
1,Chastyn
1,Chayenne
2,Chayla
1,Chaylane
1,Chaylea
1,Chaylene
1,Cheanyel
1,Chelan
1,Chelice
1,Chellsea
1,Chelsay
97,Chelsea
1,Chelseana
2,Chelsee
31,Chelsey
3,Chelsi
8,Chelsie
1,Chelsy
1,Chelyn
1,Chenay
1,Chenice
2,Chenise
1,Cheri
1,Cherica
1,Cherie
2,Cherilyn
3,Cherish
2,Cherisse
1,Cherokee
1,Cherrain
1,Cherry
5,Cheryl
1,Cherylin
1,Chevonne
4,Cheyanna
11,Cheyanne
1,Cheyene
1,Cheyenna
36,Cheyenne
1,Cheynah
1,Chi
3,Chiara
29,Chloe
1,Chloe'
1,Chong-Yee
1,Chorissa
1,Chrissandra
8,Christa
1,Christa-Jay
1,Christal
1,Christa-Marie
1,Christel
1,Christiana
1,Christiane
1,Christianna
6,Christie
1,Christi-Lynn
1,Christin
68,Christina
45,Christine
1,Christine-Leigh
6,Christy
1,Christy-Lela
2,Chrystal
1,Chrystal-Lynn
1,Chrytal
1,Chyane
1,Chyanne
1,Chyenne
1,Chynna-Dawn
1,Chyrese
2,Cianna
11,Ciara
2,Ciera
5,Cierra
1,Cindarella
8,Cindy
1,Cissey
1,Cissy
1,Claira
30,Claire
1,Clancy-Lee
7,Clara
5,Clare
1,Claren
1,Clarinda
7,Clarissa
1,Clarisse
1,Claudean
10,Claudia
1,Clea
1,Cleo
3,Codi
2,Codie
2,Cody
5,Colby
2,Colette
9,Colleen
3,Collette
9,Connie
2,Connor
2,Constance
1,Contessa
3,Cora
1,Cora-Beth
8,Coral
1,Coralee
1,Cora-Lynn
1,Corbyn
1,Cordelia
3,Coreen
1,Coreena
3,Corey
2,Cori
2,Corina
3,Corinne
3,Corissa
1,Corri
3,Corrie
1,Corrina
5,Corrine
1,Corrissa
1,Cortlinh
3,Cortney
1,Corvynn
3,Cory
1,Cote
1,Courtenay
1,Courteney
1,Courtlyn
137,Courtney
1,Courtnie
1,Courtny
1,Cree
1,Crissy
1,Crista
5,Cristina
3,Crysta
30,Crystal
1,Crystal-Leighe
1,Crysti-Lynn
1,Crystin
1,Cubbie
1,Curdana
1,Cydnee
2,Cydney
19,Cynthia
1,Cyrstal
1,Dacy
1,Daelyn
2,Dahlia
2,Daija
2,Daina
1,Daisa
1,Daisy
27,Dakota
1,Dalaine
1,Dalainee
1,Dalaney
1,Dale
1,Dalena
1,Daley
1,Dalia
10,Dallas
1,Dalyce
2,Dalyn
1,Dalynn
22,Dana
4,Danae
1,Danalyn
1,Daneen
1,Danelle
2,Dani
1,Dania
18,Danica
1,Danie
1,Daniela
1,Daniele
3,Daniella
154,Danielle
1,Danik
13,Danika
1,Dani-Marie
1,Danisha
2,Danita
1,Dannica
3,Dannielle
4,Danya
1,Danyal
1,Dapane
1,Daphanie
2,Daphne
1,Daphni
2,Dara
1,Daragh
2,Dara-Lee
1,Darbee
1,Darbi
8,Darby
6,Darci
3,Darcie
2,Darcy
1,Dareian
14,Darian
1,Dariana
3,Darien
1,Darienne
1,Darion
1,Dariynn
2,Darla
5,Darlene
1,Darlyn
1,Daron
1,Darralyn
2,Darrian
1,Darryl
1,Darsi
1,Daryene
1,Darylyn
1,Dausha
1,Davida
1,Davina
1,Davine
10,Dawn
2,Dawna
1,Dawnielle
1,Dawnn
2,Dawnya
1,Daylen
1,Daylene
1,Daylon
13,Dayna
1,Dayton
1,Deana
1,Deandra
1,Deanette
27,Deanna
1,Deanndra
1,Deanne
2,Debbie
7,Deborah
2,Debra
1,Debrah
1,Declynn
1,Dedra
1,Dee
1,Deekota
3,Deena
1,Deidra
1,Deithra
1,Deja-Rhayne
2,Delainey
1,Delana
1,Delane
12,Delaney
1,Delani
2,Delanie
1,Delany
1,Deleted
1,Delfina
1,Delijah
1,Della
1,Dellainie
1,Delores
1,Delrae
1,Demetra
4,Demi
1,Demitri
2,Denae
1,Deneah
1,Denele
3,Denelle
1,Deni
1,Deniesha
2,Denika
1,Denim
1,Denique
6,Denise
4,Denisha
1,Denishea
1,Denna
1,Dennelle
1,Deryn
1,Deseria
8,Desirae
2,Desiray
2,Desire
1,Desirea
28,Desiree
1,Dessa
1,Destany
1,Destinee
1,Destinee-Dawn
2,Destiney
19,Destiny
1,Destyn
3,Devan
1,Devann
1,Devika
3,Devin
1,Devinne
9,Devon
1,Devonee
1,Devoney
2,Devyn
1,Deysy
1,Dezerea
1,Dhannie-Marie
1,Dhanvini
1,Dia
1,Diamante
2,Diamond
10,Diana
2,Diandra
2,Diane
3,Dianna
1,Dianne
1,Diep
1,Dieu
1,Dilleen
2,Dina
2,Dionne
1,Divine
1,Divya
13,Dominique
1,Domique
1,Donalyn
8,Donna
2,Dora
1,Doreen
1,Dorian
1,Doris
1,Dorita
1,Dorlena
5,Dorothy
1,Doryanna
1,Drae
3,Drew
1,Drewann
1,Drsane
1,Dulcey
1,Dulcie
1,Dusti
1,Dusty
1,Duyen
1,Dyana
1,Dyanna
2,Dylan
1,Dylana
1,Dyniesha
2,E.
1,Ebberly
1,Ebbyan
1,Ebony
5,Echo
1,Eda
1,Edel
2,Eden
1,Eden-Dawn
1,Edith
1,Edna
1,Ehhlam
1,Ehrn
1,Eilee
3,Eileen
1,Eilene
2,Eilish
1,Eira
1,Eireann
1,Ekaterina
1,Ekta
1,Elahea
1,Elaina
6,Elaine
1,Elaisha
1,Elan
5,Eleanor
2,Elena
1,Elexandra
2,Elisa
1,Elisabet
8,Elisabeth
20,Elise
1,Elisha
1,Elisse
3,Eliza
71,Elizabeth
1,Elke
3,Ella
8,Ellen
1,Ellie
1,Elliott
1,Ellory
1,Elly
1,Ellyne
1,Ellysa
1,Elodie
2,Elora
1,Elorah
1,Elsa
1,Elsie
1,Elspeth
1,Elvira
2,Elya
1,Elyas
7,Elyse
2,Elysia
3,Elyssa
1,Elzbeth
1,Emalee
1,Emalie
1,Emaly
5,Eman
1,Emanuelle
2,Emelia
1,Emely
1,Emelyne
1,Emera
1,Emerance
1,Emerice
1,Emery
1,Emilea
2,Emilee
4,Emilia
19,Emilie
1,Emilly
211,Emily
1,Emily-Anne
1,Emily-Rose
83,Emma
1,Emma.
2,Emmalee
1,Emma-Lee
1,Emmalyn
1,Emma-Marie
1,Emman
2,Emmy
1,Emny
1,Enes
2,Enya
53,Erica
2,Ericka
24,Erika
1,Erika-Ann
105,Erin
3,Erinn
1,Errika
1,Erycia
1,Eryn
1,Esperansa
1,Esra
1,Essance
1,Ester
7,Esther
1,Eunice
5,Eva
1,Evan
2,Evangeline
1,Evann
1,Evdoksia
2,Eve
8,Evelyn
1,Evelyne
2,Ewa
1,Exandra
1,Fadya
1,Fae
9,Faith
1,Falan
3,Fallon
3,Falon
1,Falynn
1,Famida-Natasha
2,Farah
1,Farhana
3,Farrah
1,Farren
7,Fatima
1,Faustyna
2,Fawn
3,Faye
1,Faythe
2,Feather
1,Feda
1,Felecia
1,Felice
15,Felicia
1,Felisha
1,Fen
1,Feona
1,Feven
5,Fiona
2,Florance
1,Florence
1,Florianne
1,Florida
1,Flurina
1,Folashade
1,Fontana
2,Forest
1,Forrest
6,Frances
4,Francesca
3,Francine
2,Francis
1,Francisca
2,Frankie
1,Freda
1,Freedom
1,Freida
1,Frescian
1,Frieda
1,Gabrelle
2,Gabriela
1,Gabriele
10,Gabriella
40,Gabrielle
1,Gaby
1,Gaelyn
1,Gaia
2,Gail
1,Gaillyn
1,Gailyn
1,Gala
1,Galen
1,Ganesa
1,Gayatri
3,Gayle
1,Geena
1,Gem
2,Gemma
1,Genavieve
1,Genel
1,Genelle
1,Genesis
5,Geneva
8,Genevieve
1,Genevra
1,Genieva
1,Gennelle
12,Georgia
1,Georgiana
1,Georgie
1,Georgina
1,Geraldine
1,Gerbeth
2,Geri
1,Geri-Ann
1,Gerri
1,Gerri-Anne
1,Gesiena
2,Getruda
1,Ghadir
3,Gia
1,Gianfranca
2,Gianna
1,Gigi
1,Gillain
7,Gillian
1,Gillianne
1,Gillina
9,Gina
1,Ginan
1,Ginny
1,Gisela
3,Giselle
1,Gizem-Yasemin
1,Glenda
2,Glenna
4,Gloria
1,Glykaria
1,Glynna
1,Gofran
1,Golara
21,Grace
1,Gracel
1,Guneet
1,Gunreet
1,Gureen
1,Gurjot
1,Gurkiran
1,Gurleen
1,Gurmika
1,Gurnesh
1,Gurnir
2,Gurpreet
1,Gursimrat
1,Gurtej
1,Ha
1,Hadeel
1,Hadya
1,Hafsa
1,Hager
1,Hailea
2,Hailee
1,Haileigh
54,Hailey
1,Hailie
1,Haillee
1,Haily
2,Hala
1,Haleigh
77,Haley
2,Hali
1,Halla
1,Halle
1,Hallee
1,Halley
2,Hallie
1,Halsey
1,Hamreena
1,Han
1,Hanaa
2,Hanady
1,Hanan
9,Hanna
73,Hannah
1,Hannahh
1,Hannan
1,Hannien
1,Harina
1,Harinder
1,Harjot
1,Harlee
3,Harley
2,Harlie
1,Harmanjot-Kaur
1,Harmeet
1,Harmonjot
1,Harmony
2,Harpreet
1,Hattie
1,Haven
1,Hayden
2,Haylea
5,Haylee
3,Hayleigh
52,Hayley
2,Haylie
3,Hazel
1,Healal
59,Heather
1,Heather-Lynn
1,Heaven
3,Heba
7,Heidi
1,Heleana
9,Helen
7,Helena
1,Helene
1,Helen-Jane
1,Helga
1,Heloisa
1,Henita
1,Herleen
1,Heyne
1,Hibah
1,Hiedi
1,Hien
12,Hilary
7,Hillary
1,Hina
1,Hing
1,Hira
1,Hitomi
1,Hiu
2,Hoan
2,Hoang
1,Hoi
1,Holland
2,Holli
1,Hollie
36,Holly
1,Honesty
1,Hong
1,Honiefel
19,Hope
1,Huda
1,Hue
2,Hunter
1,Huyen
1,Hylann
2,Ida
1,Idil
1,Ildiko
1,Ileana
1,Ileanna
1,Ilhaam
1,Ilish
1,Ilissia
1,Illyana
1,Iman
1,Imann
1,Indica
1,Indo
1,Indra
1,Inga
1,Ingrid
3,Iqra
1,Irena
2,Irene
2,Iris
3,Isabel
14,Isabella
13,Isabelle
1,Islay
1,Ismat
1,Isobelle
1,Isra'A
1,Issaf
1,Issra
1,Iva
1,Ivana
1,Ivanna
1,Ivneet
1,Ivnoor
1,Ivory
6,Ivy
1,Iyisha
1,Izabel
1,Izabelle
1,Jacalynn
1,Jacanita
1,Jacelyn
7,Jacey
4,Jacie
1,Jacinda
3,Jacinta
6,Jackie
1,Jacklin
4,Jacklyn
2,Jacklynn
16,Jaclyn
2,Jaclynn
47,Jacqueline
7,Jacquelyn
2,Jacy
1,Jacyn
4,Jada
26,Jade
1,Jadelin
1,Jadelyn
6,Jaden
2,Jadyn
2,Jaeden
1,Jaelie
3,Jaelyn
1,Jaelyne
2,Jaelynn
1,Jahaan
1,Jahleesa
1,Jaide
1,Jaidee
2,Jaiden
2,Jaidyn
8,Jaime
3,Jaimee
1,Jaime-Lee
1,Jaime-Lynn
1,Jaimie
1,Jaimsi
1,Jaina
1,Jaipreet
1,Jalaina
1,Jalayna
1,Jaleesa
2,Jalene
1,Jalia
1,Jaliegh
2,Jalina
1,Jalisa
1,Jamee
1,Jameela
1,Jami
59,Jamie
1,Jamie-Lee
1,Jamie-Lyn
1,Jamie-Lynn
1,Jamila
1,Jamilah
1,Jamilee
1,Jamileh
1,Jamylee
1,Jamyn
1,Jan
8,Jana
1,Janaan
2,Janae
1,Janalyn
1,Janan
1,Janay
1,Janayha
6,Jane
1,Janeen
1,Janeill
2,Janell
42,Janelle
1,Janesha
8,Janessa
8,Janet
1,Janette
1,Janeva
10,Janice
1,Janie
1,Janina
18,Janine
6,Janna
1,Janyce
1,Janyne
3,Jaqueline
1,Jaquelyn
1,Jaquelynn
1,Jardelle
1,Jaretdean
1,Jaron
1,Jarrah
1,Jarvelle
1,Jasandra
1,Jasbinder
2,Jasdeep
1,Jasjot
1,Jaskiran
1,Jaskirn
2,Jasleen
1,Jaslyn
1,Jaslynn
1,Jasmeen
1,Jasmeet
8,Jasmin
71,Jasmine
4,Jasmyn
1,Jasmyn-Marie
1,Jasndeep
1,Jasper
5,Jaspreet
1,Jaspreet-Kaur
1,Jasprit
1,Jassica
1,Jasta
1,Javielle
4,Jaycee
1,Jayceen
1,Jaycie
1,Jayda
4,Jayde
1,Jaydean
1,Jaydee
4,Jayden
1,Jaydin
1,Jaye
1,Jayla
1,Jaylee
3,Jayleen
7,Jaylene
1,Jay-Lynn
2,Jayme
2,Jaymee
1,Jayme-Lynn
1,Jaymie
4,Jayne
1,Jayzlynn
1,Jazela
2,Jazmin
6,Jazmine
2,Jazmyn
1,Jazzlyn
1,Jazzmin
1,Jazzmyn
4,Jean
4,Jeanette
3,Jeanine
1,Jeann
1,Jeannine
1,Jehan
1,Jelena
1,Jeline
1,Jellisa
1,Jelyssa
2,Jena
2,Jenae
1,Jenalee
1,Jenalle
1,Jenay
2,Jenaya
1,Jenaye
1,Jenell
12,Jenelle
6,Jenessa
5,Jenica
4,Jenifer
1,Jeniffer
1,Jenilou
4,Jenine
105,Jenna
1,Jennae
2,Jennafer
2,Jennah
1,Jenna-Joanne
1,Jennalee
1,Jenna-Lee
2,Jenna-Leigh
1,Jenna-Rae
1,Jennavieve
1,Jenneica
1,Jennele
1,Jennelle
3,Jennica
1,Jennie
158,Jennifer
1,Jennifer-Carol
1,Jennine
15,Jenny
1,Jensen
1,Jenyse
1,Jeorgia
1,Jeorjia
1,Jerica
2,Jerika
1,Jerilynn
1,Jerri
4,Jerrica
1,Jesa
1,Jesara
1,Jese
2,Jesica
1,Jesiebelle
5,Jessa
1,Jessalin
5,Jessalyn
1,Jessannee
7,Jesse
1,Jesse-Lee
1,Jessey
5,Jessi
340,Jessica
1,Jessica-Anne-Marie
1,Jessica-Joy
1,Jessica-Rae
1,Jessica-Yvonne
1,Jessicca
30,Jessie
1,Jessie-Lee
1,Jessie-Sarah
2,Jessika
1,Jessine
2,Jesslyn
3,Jessy
1,Jessyca
1,Jestice
4,Jewel
1,Jewelisa
1,Jewels
1,Jholeann
1,Jhorina-Lynne
1,Jia
1,Jia-Hueih
1,Jianna
1,Jihane
1,Jilayne
1,Jilene
11,Jill
2,Jillayne
1,Jillene
32,Jillian
2,Jillisa
1,Jinan
1,Jing
1,Jinny
1,Jintana
1,Joahna
1,Joan
1,Joanie
16,Joanna
1,Jo-Anna
18,Joanne
1,Jocalyn
21,Jocelyn
1,Jocelyna
1,Joclyn
1,Jodene
16,Jodi
4,Jodie
3,Jody
1,Joeleana
1,Joella
3,Joelle
2,Joey
9,Johanna
2,Johnna
2,Jolayne
1,Jo-Lee
2,Joleen
11,Jolene
1,Joley
1,Jolie
1,Jolina
1,Jolisa
1,Jolise
1,Jolynn
1,Jonah
61,Jordan
4,Jordana
1,Jordan-Lee
2,Jordann
2,Jordanna
1,Jordanne
1,Jorden
1,Jordie
1,Jordon
22,Jordyn
2,Jordyne
3,Jordynn
1,Jorgi
1,Jorian
1,Jory
1,Joscelyn
4,Josee
1,Joselyne
5,Josephine
1,Josette
2,Josey
10,Josie
1,Josilan
1,Joslyn
1,Jossalyn
1,Joty-Amanda
1,Jouvia
1,Jovana
1,Jovanna
1,Jovannah
1,Jowmiin
3,Joy
6,Joyce
2,Juanita
4,Judith
5,Judy
1,Julaine
1,Juleigh
1,Julena
56,Julia
11,Juliana
1,Juliane
2,Juliann
9,Julianna
2,Julianne
32,Julie
1,Julien
1,Juliene
1,Juliet
1,Juliette
1,Jumana
2,June
1,Junia
1,Jurney
1,Justess
6,Justice
9,Justina
27,Justine
1,Justyce
3,Justyne
1,Jylesa
1,Jyotika
1,Jyra
1,Ka
1,Kacee
4,Kacey
1,Kachey
1,Kachina
1,Kachuri
1,Kaci
2,Kacie
1,Kacie-Marie
2,Kacy
1,Kadejha
1,Kadence
3,Kaela
1,Kaeley
1,Kaeli
1,Kaeliegh
2,Kaelyn
1,Kaelynn
1,Kahala
1,Kahaliah
1,Kaidyn
1,Kaighlie
7,Kaila
4,Kailee
1,Kaileea
1,Kaileen
1,Kaileigh
1,Kailene
12,Kailey
1,Kailin
1,Kaily
3,Kailyn
1,Kaira
1,Kaisa
1,Kaitlan
1,Kaitland
39,Kaitlin
1,Kaitlind
1,Kaitl'N
91,Kaitlyn
5,Kaitlynn
1,Kaiton
1,Kaiyah
1,Kai-Yee
3,Kajal
1,Kala
1,Kalavati
1,Kaleen
5,Kaleigh
1,Kalen
1,Kalena
3,Kalene
6,Kaley
4,Kali
2,Kalie
1,Kali-Marie
2,Kalina
2,Kalinda
1,Kalir-Jade
1,Kalisha
2,Kalisse
1,Kalista
1,Kalla
1,Kallan
1,Kalli
1,Kallie
1,Kally
1,Kaly
2,Kalyn
3,Kalyna
1,Kalysta
1,Kamala
1,Kamea
1,Kameko
1,Kamela
1,Kamile
1,Kamille
1,Kanako
2,Kandace
1,Kandas
1,Kandi
2,Kandice
1,Kandis
1,Kandy
1,Kaneesha
1,Kaneisha
1,Kanesha
1,Kaniica
1,Kanisha
1,Kansas
1,Kapree
24,Kara
1,Karaleen
1,Kara-Leigh
2,Kara-Lynn
1,Karamjeet
1,Karandeep
23,Karen
1,Karey
6,Kari
1,Kari-Ana
1,Karilyn
1,Karilynn
1,Karima
1,Karin
5,Karina
1,Karisa
1,Karishma
6,Karissa
1,Kariya
2,Karla
16,Karlee
2,Karleen
1,Karleigh
1,Karlen
2,Karlene
1,Karlenea
7,Karley
13,Karli
4,Karlie
1,Karlina
1,Karlli
16,Karly
1,Karma
1,Karmelle
1,Karmen
1,Karmin
1,Karmoon
1,Karmyn
1,Karol
1,Karolina
1,Karolinka-Anna
1,Karrah
1,Karren
1,Karrie
1,Karsyn
2,Karyssa
1,Kas
5,Kasandra
4,Kasey
1,Kasey-Mae
1,Kasha
1,Kashlynn
5,Kasia
1,Kasiana
1,Kasie
1,Kaskia
1,Kasper
27,Kassandra
1,Kassandra-Alexis
1,Kassey
2,Kassi
11,Kassidy
1,Kassie
1,Kassiopeia
1,Kassy
1,Kastyn
1,Katalina
2,Katana
1,Katanna
15,Katarina
3,Katarzyna
13,Kate
3,Katelin
71,Katelyn
3,Katelyne
11,Katelynn
2,Kate-Lynn
1,Kateri
3,Katerina
1,Kateysha
3,Katharina
4,Katharine
2,Katherina
57,Katherine
1,Kathie
49,Kathleen
1,Kathrin
3,Kathrine
33,Kathryn
1,Kathryne
6,Kathy
1,Kathyrn
1,Katianna
34,Katie
1,Katie-Ann
1,Katiesue
4,Katlin
3,Katlyn
1,Katlyne
3,Katlynn
1,Katrean
45,Katrina
1,Katrinaa
1,Katrina-Sarah
1,Kattina
1,Kattlyn
3,Katya
1,Kavita
1,Kawther
2,Kay
1,Kaya
1,Kayanna
1,Kayce
3,Kaycee
1,Kaycee-Jo
1,Kayce-Jo
1,Kaycie
172,Kayla
1,Kaylaa
1,Kayla-Ann
1,Kayla-Anne
1,Kayla-Dawn
1,Kayla-Lynn
1,Kayla-Marie
2,Kaylan
2,Kayle
2,Kaylea
34,Kaylee
6,Kayleen
8,Kayleigh
1,Kaylen
7,Kaylene
8,Kayley
2,Kayli
7,Kaylie
5,Kaylin
1,Kaylon
4,Kaylyn
1,Kaylyne
2,Kaylynne
1,Kayne
2,Kaysha
1,Kayta
1,Kayte
1,Kaytland
1,Kaytlin
1,Kaytlyn
1,Kaytlyne
1,Kaytlynn
1,KC
1,Keah
2,Keana
2,Keandra
5,Keanna
3,Keara
1,Kearsten
1,Kearstyn
1,Keashea
2,Keegan
4,Keely
1,Keena
1,Keera
1,Keesha
1,Kehew-Neepin
1,Keiana
1,Keiko
2,Keila
8,Keira
10,Keisha
1,Kelby
1,Kelby-Lee
2,Kelcey
2,Kelci
2,Kelcie
1,Kelisha
1,Kelissa
1,Kellcie
1,Kellee
2,Kelley
1,Kelley-Anne
6,Kelli
1,Kelli-Anne
4,Kellie
2,Kellsey
1,Kellsy
40,Kelly
1,Kelly-Ann
1,Kelly-Grace
1,Kellyn
5,Kelsea
1,Kelsee
141,Kelsey
1,Kelsey-Ann
1,Kelsey-Rose
7,Kelsi
10,Kelsie
3,Kelsy
2,Keltey
2,Kelti
2,Keltie
1,Keltyrose
1,Kelynn
1,Kendahl
10,Kendal
1,Kendalin
10,Kendall
1,Kendall-Jo
1,Kendallyn
1,Kendil
51,Kendra
2,Kendyl
1,Kenedi
1,Kennadee
1,Kennebrew
2,Kennedie
29,Kennedy
1,Kennidi
2,Kennidy
1,Kennzee
3,Kenya
1,Kenzi
3,Kenzie
5,Keri
2,Kerianne
1,Kerra
3,Kerri
2,Kerrie
1,Kerri-Lynn
1,Kerrin
1,Kerrisa
3,Kerry
1,Kerryn
2,Kerstin
1,Kerstyn
1,Kesha
3,Keshia
1,Kesley
1,Keslynn
1,Kestrel
1,Ketzia
1,Kevyn
1,Keyana
1,Keyanna
1,Keylyn
4,Kezia
2,Keziah
1,Khadiga
2,Khadija
1,Khalehla
1,Khalida
1,Kharis
1,Khoulood
1,Khristen
1,Kia
1,Kiah
1,Kialena
6,Kiana
1,Kiandra
2,Kianna
9,Kiara
1,Kiea
1,Kielee
9,Kiera
4,Kierra
1,Kierra-Lee
3,Kiersten
1,Kieryn
9,Kim
1,Kimberlee
1,Kimber-Lee
22,Kimberley
2,Kimberlie
81,Kimberly
1,Kimberlyn
1,Kimdeep
1,Kimiko
1,Kimpy
2,Kindra
1,Kinga
1,Kinsey
18,Kira
1,Kirah
5,Kiran
3,Kirandeep
1,Kiranpreet
1,Kirby
1,Kirndeep
1,Kirra
32,Kirsten
4,Kirsti
2,Kirstie
7,Kirstin
1,Kirstina
1,Kirstin-Amanda
3,Kirsty
4,Kirstyn
1,Kis
1,Kisa
1,Kisha
1,Kisi
1,Kizzie
1,Kjrsti
2,Klara
1,Klarissa
1,Klarrisa
1,Kleesha
1,Kneisha
2,Kodi
1,Kodie
3,Kolbi
2,Kolby
1,Komal
1,Komalpreet
3,Kora
1,Koral
1,Kora-Lea
1,Koree
1,Koreen
2,Kori
1,Korin
1,Korrie
3,Kortney
1,Kory
1,Koryn
6,Kourtney
1,Kren
1,Kris
1,Krismina
1,Krisna
1,Krissa
27,Krista
6,Kristal
1,Kristalynn
1,Kristan
1,Kristana
1,Krista-Shae
73,Kristen
7,Kristi
1,Kristian
1,Kristiane
5,Kristie
1,Kristi-Leigh
24,Kristin
29,Kristina
8,Kristine
8,Kristy
1,Kristy-Lee
3,Kristyn
1,Kristyna
1,Krizandra
1,Krizia
6,Krysta
14,Krystal
1,Krystan
7,Krysten
3,Krystin
2,Krystina
3,Krystyna
1,Krystyne
1,Ksenia
1,Kulvinder
1,Kyana
1,Kyandra
2,Kyanna
1,Kyanna-Lee
1,Kyara
24,Kyla
1,Kylea
1,Kyleah
9,Kylee
3,Kylene
1,Kyler
1,Kyley
2,Kyli
21,Kylie
1,Ky-Nam
1,Kyo
18,Kyra
1,Kyra-Anne
1,Kyra-Lyn
1,Kyra-Rae
1,Kyri
2,Kyria
1,Kyrie
2,Kyrissa
1,Kyrsten
2,La
1,Lacee
24,Lacey
1,Lachlan
1,Laci
2,Lacie
1,Laci-Rae
3,Lacy
1,Lahela
1,Lai
1,Laide
1,Laiken
1,Laina
2,Laine
1,Lainey
1,Lainie
1,Lakeisha
1,Lakeisia
1,Laken
1,Lakota
1,Lamees
1,Lamia
1,Lan
5,Lana
1,Lanae
1,Lanaya
1,Landon
1,Laney
1,Laney-Rae
1,Langlie
1,Lani
1,Lanice
1,Lanita
1,Laqueta
4,Lara
1,Larae
1,Laralynn
2,Laramie
1,La-Ree
1,Laressa
3,Larisa
32,Larissa
1,Larryssa
1,Laryssa
1,Lasheka
2,Latasha
1,La'Tasha
1,Lateesha
1,Latiesha
1,Latifa
4,Latisha
1,Latonia
75,Laura
1,Lauralee
1,Laura-Lee
1,Lauran
7,Laurel
98,Lauren
1,Laurenne
5,Laurie
1,Laurielle
1,Laurin
1,Laurina
1,Laurisa
2,Laurissa
1,Layelle
2,Layla
2,Layne
1,Lazarra
1,Le
4,Lea
41,Leah
1,Leaha
1,Leahanna
3,Leandra
2,Leanna
15,Leanne
3,Lee
1,Leeandra
1,Leeann
1,Leeanne
1,Lee-Anne
1,Leeannea
1,Leena
1,Leesha
1,Lei
2,Leigh
1,Leigha
1,Leighanne
1,Leighton
3,Leila
1,Leina
1,Leisha
6,Lena
2,Lenaya
1,Lenona
7,Leona
1,Lera
1,Lesa
1,Les-Leigh
5,Lesley
7,Leslie
1,Leslie-Ann
3,Leticia
1,Letisha
1,Letitia
1,Levon
1,Lexi
3,Lexie
1,Lexis
1,Leyal
1,Lezlie
3,Li
2,Lia
3,Liana
1,Liane
1,Lianne
1,Lidia
1,Liesl
1,Liewen
1,Liezel
4,Lila
3,Lilian
1,Lilianne
4,Lillian
6,Lily
5,Lina
1,Lincolin
18,Linda
1,Lindamae
1,Lindee
1,Lindi
61,Lindsay
29,Lindsey
1,Lindsie
1,Lindsy
2,Lindy
1,Lindzey
2,Linh
1,Linnea
1,Linneae
54,Lisa
1,Lise
2,Livia
2,Liza
1,Lizabeth
1,Lizzie
1,Llewellyn
1,Llewelyn
1,Llorenda
5,Logan
1,Logen
1,Lois
2,London
1,Lora
1,Loree-Jon
1,Loreena
1,Lorelei
1,Loren
2,Lorena
1,Lorenn
6,Loretta
10,Lori
1,Lorilynn
1,Lorinda
4,Lorna
3,Lorraine
1,Louisa
3,Louise
1,Lowella
1,Lua
1,Luana
1,Luanne
1,Luba
1,Lubna
1,Lucia
1,Luciana
2,Lucinda
4,Lucy
2,Luella
1,Luisa
1,Lutoya
1,Luwam
10,Lydia
2,Lyla
1,Lyn
1,Lynae
2,Lynda
1,Lynde
1,Lynden
3,Lyndsay
2,Lyndsey
1,Lynea
2,Lynelle
2,Lynette
2,Lynn
2,Lynne
2,Lynnette
1,Lynney
1,Lynnzee
2,Lynsey
2,Lynzee
1,Lyon
1,Lyse
1,Lyssa
1,Mac
1,Macall
2,Macey
54,Mackenzie
1,Mackenzie-Rae
1,Maclaine
1,Macrina
1,Macy
2,Madalyn
1,Madalynn
7,Maddison
2,Madeena
4,Madelaine
13,Madeleine
15,Madeline
1,Madelyn
1,Madelyne
1,Madicyn
1,Madigan
4,Madisen
91,Madison
1,Madisson
5,Madisyn
1,Madolyn
1,Madysen
3,Madyson
5,Maegan
2,Maegen
1,Maelynn
1,Magaretha
1,Magda
2,Magdalena
8,Maggie
1,Maggie-Lynn
1,Maggie-Mae
2,Maha
1,Mahala
1,Mahdis
1,Mahnoor
1,Mahwish
1,Maia
2,Maija
1,Mai-Ly
1,Mairi
1,Mairin
1,Maitland
3,Maja
1,Majda
1,Majeda
1,Makaella
1,Makaila
11,Makayla
1,Makena
1,Makenna
1,Makenzi
7,Makenzie
1,Makinna
1,Malaak-Monaire
1,Malachi
1,Malak
2,Malena
1,Malerie
1,Malia
1,Malindi
8,Mallory
1,Malorie
1,Mana
1,Manal
1,Manar
1,Mandee
1,Mandi
1,Mandie
1,Mandip
8,Mandy
2,Manisha
1,Manjot
1,Manon
2,Manpreet
1,Manvir
6,Maranda
1,Maranelle
1,Marcela
2,Marcella
1,Marcelle
1,Marcie
1,Mareike
1,Maren
14,Margaret
1,Margareta
2,Margaretha
1,Margarita
1,Margot
1,Margret
2,Marguerite
1,Mari
37,Maria
27,Mariah
5,Mariam
1,Mariame
1,Mariamna
1,Marian
2,Mariana
1,Marianne
30,Marie
1,Marie-Anne
1,Marie-Claude
1,Marie-Julie
1,Marielle
2,Marie-Lynn
1,Mariena
1,Marija
1,Marika
1,Mariki
1,Mariko
1,Marilee
1,Marilyn
18,Marina
1,Marinna
2,Marion
12,Marisa
2,Marisha
30,Marissa
1,Marit
1,Mariya
1,Marjolaine
1,Marjorie
2,Marla
1,Marlea
6,Marlee
1,Marleigh
2,Marlena
6,Marley
1,Marleya
2,Marli
2,Marlo
1,Marni
2,Marnie
1,Marque
1,Marquella
1,Marquess
1,Marrisa
1,Marsadi
1,Marsha
3,Martha
2,Martika
4,Martina
1,Martiza
3,Marty
1,Marwa
31,Mary
4,Maryam
2,Maryann
1,Mary-Ann
1,Maryanne
1,Mary-Christina
1,Maryellen
1,Maryem
1,Mary-Jean
1,Mary-Kate
1,Marylee
1,Maryn
1,Maryse
1,Matalina
1,Mataya
1,Matayla
1,Mathea
1,Maticyn
2,Mattea
1,Matteah
1,Mattia
1,Mattilynn
1,Matyna
1,Maude
2,Maura
1,Maureen
1,Maureen-Ann-Marie
1,Mavis
1,Maxene
2,Maxine
1,May
3,Maya
1,Mayla
1,Maysa
1,Mckaila
1,Mckala
7,Mckayla
1,McKayla
5,Mckenna
1,McKenna-Margaret
1,McKennzie
14,Mckenzie
1,McKenzie
2,McKinley
1,Mckinley
49,Meagan
3,Meagen
19,Meaghan
1,Meara
3,Meg
242,Megan
1,Megan-Lindsay
1,Megan-Lynn
1,Meganne
1,Megean
1,Megen
1,Meggie
1,Megha
54,Meghan
1,Megumi
1,Mehgan
2,Meika
2,Mekayla
3,Melaina
34,Melanie
1,Melina
5,Melinda
146,Melissa
1,Mellissa
2,Melodie
10,Melody
1,Melonie
1,Melva
1,Melynda
1,Melyssa
1,Memorie
1,Memuna
4,Meranda
16,Mercedes
2,Mercedez
3,Meredith
4,Merissa
1,Meygan
1,Mhairie
1,Mhari
6,Mia
5,Micaela
1,Micah
1,Michael
41,Michaela
1,Michaeleen
1,Michaelia
3,Michaella
1,Michalei
1,Michayla
1,Micheal
3,Michela
3,Michele
1,Michelie
2,Micheline
134,Michelle
3,Mickayla
1,Mickenzie
1,Mickey-Ann
1,Mickie
1,Mickilli
1,Mickyla
1,Miguela
1,Mika
19,Mikaela
4,Mikaila
4,Mikala
1,Mikassa
38,Mikayla
1,Mikaylla
1,Mikeala
1,Mikeltie
1,Mikhajlena
1,Mikhala
1,Mikhayla
2,Mila
1,Milagro
1,Milan
1,Milana
1,Mildred
1,Mileena
1,Milena
1,Milica
1,Milla
1,Millie
1,Milto
1,Mimi
1,Mina
1,Minako
1,Minja
1,Min-Jee
1,Minnella
1,Mion
2,Mira
88,Miranda
1,Miranda.Kiyomi
1,Mireille
2,Miriah
3,Miriam
1,Miryam
1,Misha
2,Mishayla
1,Missy
1,Misty
2,Miya
1,Moe
1,Mohagany
2,Moira
1,Mollee
1,Mollie
16,Molly
2,Mona
1,Monaco
1,Mondanna
1,Moneet
1,Monette
21,Monica
4,Monika
14,Monique
11,Montana
1,Montanna
1,Montanya
1,Morgaine
113,Morgan
2,Morgann
2,Morganne
1,Morgen
1,Morgenne
1,Morghan
1,Moriah
1,Morissa
1,Morning
1,Morningsong
1,Morningstar
1,Moushumi
1,Mozanga
1,Muranda
1,Murphy
1,My
1,Myah
1,Myann
1,Myca
1,Mycah
1,Mykaella
1,Mykala
4,Mykayla
1,Mykela
1,Myla
1,Mylee
1,Mylie
3,Myra
7,Myranda
2,Myriah
1,Myshannah
1,Myshayla
1,Mysoun
1,Mystaya
1,Naadiva
1,Naba
2,Nada
1,Nadeeka
1,Nadege
1,Nadeya
5,Nadia
23,Nadine
1,Nahanni
1,Naila-Kanwal
1,Najebe
1,Najla
1,Najwa
1,Nakia
5,Nakita
1,Nakota-Weya
1,Nalissa
1,Namgyal
14,Nancy
1,Nancy-Ann
23,Naomi
1,Naresse
1,Narissa
1,Naryman
1,Nasra
8,Natalia
1,Nataliah
33,Natalie
1,Natalka
1,Nataly
1,Natalya-Teresita
78,Natasha
1,Natashia
1,Natawnie
1,Nataya
3,Nathalie
1,Natifa
1,Natully
1,Naudeep
1,Naushin
1,Navarana
1,Navdeep
1,Navinder
1,Navjot
1,Navpreet
1,Navreen
1,Navseerat
1,Nee-Ann
1,Neelam
1,Neelofar
1,Neetu
1,Negin
2,Neha
1,Nehaa
1,Neiomi
1,Neira
1,Nekesa
1,Nella
1,Nellie
1,Nena
3,Nerissa
1,Nesrine
1,Nessa
1,Nessrin
1,Neta
1,Netha
5,Nevada
1,Nevenka
1,Neysa
1,Ngan
1,Nghi
2,Ngoc
1,Nhat
1,Nhi
1,Niamh
1,Niccole
2,Nichelle
10,Nichole
1,Nicholette
1,Nicholl
1,Nicki
1,Nickisha
6,Nicola
280,Nicole
1,Nicolete
1,Nicoletta
7,Nicolette
1,Nicoll
2,Nicolle
1,Nicota
1,Nikayla
1,Niketa
2,Niki
1,Nikisha
1,Nikishia
12,Nikita
1,Nikketa
11,Nikki
1,Nikkita
1,Nikola
2,Nikole
1,Nikoletta
2,Nikolina
3,Nina
2,Nisa
1,Nisha
1,Nishat
2,Nissa
1,Nitika
1,Nitisha
3,Noel
5,Noelle
1,Noha
1,Nola
1,Noni
1,Noor-Alhoda
1,Noorisa
1,Noorpreet
3,Nora
1,Noreen
1,Norma
1,Nour
1,Nowel
1,Nura
1,Nuram
1,Nurit
1,Nuseba
1,Nuuro
1,Nycole
1,Nyemal
1,Nyola
1,Nyssa
1,Oakley
4,Ocean
2,Odessa
2,Oksana
35,Olivia
1,Onysha
1,Oriana
1,Orysha
1,Osai
1,Oshana
1,Oshea
2,Page
76,Paige
2,Paije
4,Paisley
1,Paiten
8,Pamela
1,Pandeep
1,Paneet
1,Parbjot
1,Paris
1,Parmdeep
1,Parveen
1,Parvin
1,Pascale
1,Paschia
1,Pastory
22,Patricia
1,Patrishia
1,Patrisia
2,Patrycja
11,Paula
1,Paulena
1,Pauliana
9,Paulina
6,Pauline
1,Pavandeep
1,Pawandeep
1,Paxten
1,Paxton
9,Payton
2,Pearl
1,Peggy
1,Peony
1,Persephanie
1,Petal
1,Petra
4,Peyton
1,Phantasma
1,Phenix
1,Pherris
2,Phoebe
1,Phoebe-Liesle
1,Phoenicia
4,Phoenix
3,Phuong
1,Pia
1,Piper
1,Porscha
1,Portia
1,Prabhjot
1,Prabhki
3,Preet
1,Preslee
3,Presley
1,Preyanka
1,Pricilla
1,Priscella
5,Priscilla
5,Priya
1,Priyadarshini
1,Priyanka
1,Purisha
1,Quarilene
1,Queen
1,Queenie
1,Queenstar
1,Quincee
1,Quinlan
1,Quinlyn
7,Quinn
1,Quyen
1,Quynh
1,Rabab
1,Rabea
1,Raberta
1,Rabina
15,Rachael
1,Rachalle
2,Racheal
100,Rachel
21,Rachelle
1,Rachel-Leah
1,Rachel-Mary
2,Radhika
3,Rae
1,Raeann
2,Rae-Ann
3,Raeanne
2,Raechelle
3,Raegan
2,Raelee
1,Rae-Lee
1,Raeleen
4,Raelene
1,Raelyn
2,Rae-Lynn
1,Raelynne
1,Raene
1,Rafaela
1,Raili
1,Raina
1,Raine
1,Rainie-Rae
1,Raiven
1,Rajaa
1,Rajdeep
1,Rajneet
1,Raman
4,Ramandeep
1,Ramanpreet
1,Ramina
1,Ramneet
4,Ramona
1,Rana
3,Randa
1,Randeep
13,Randi
1,Randie
1,Randi-Elaine
1,Randi-Lea
2,Randi-Lee
1,Randi-Lynn
1,Randina
1,Ranell
2,Rania
6,Raquel
1,Raquelle
1,Rasa
1,Rashelle
1,Rashma
2,Raveen
10,Raven
4,Ravneet
1,Ravyn
1,Rawan
1,Rawana
1,Rawhida
1,Rayaan
1,Rayane
1,Rayanna
2,Rayanne
1,Raye
4,Rayel
1,Rayelle
1,Rayla
1,Raylea
1,Raylee
4,Rayleen
6,Raylene
1,Ray-Lynn
2,Rayna
1,Rayna-Lynn
1,Rayne
1,Raynna
1,Razan
6,Reagan
2,Reah
1,Reale
1,Realyn
1,Reann
2,Reanna
4,Reanne
1,Re-Anne
1,Reba
1,Rebbeca
1,Rebbecca
3,Rebeca
155,Rebecca
1,Rebeccah
1,Rebeka
8,Rebekah
2,Rebekka
1,Reberta
1,Reedan
4,Reem
1,Reema
1,Reesha
1,Reeti
6,Regan
2,Regina
1,Reille
1,Reizel
1,Relinda
2,Rema
1,Rema-Lynne
1,Remie
1,Remy-Rose
2,Rena
1,Renae
1,Renalda
1,Renaye
1,Rene
5,Renee
1,Renette
1,Renita
1,Renz
1,Retillia
1,Reva
1,Reylene
2,Reyna
1,Rhaea
1,Rhania
1,Rhay-Lyn
3,Rhea
1,Rheannan
2,Rheanne
1,Rhett
1,Rheyanne
1,Rheyzen
1,Rhian
1,Rhiann
2,Rhianna
1,Rhiannah
3,Rhianne
11,Rhiannon
1,Rhoda
7,Rhonda
1,Riana
6,Rianna
1,Rianna-Rae
2,Rianne
1,Riayn
10,Richelle
1,Richelle-Lynn
1,Ricki
1,Rickilynn
2,Riel
1,Rielle
1,Riham
2,Rikki
1,Rikki-Lee
1,Rikki-Lynn
14,Riley
3,Rima
3,Rina
2,Risa
2,Rita
1,Ritanna
1,Ritchell
1,River
1,Riyana
1,Roanna
2,Robbi-Lee
5,Roberta
1,Roberta-Lynn
12,Robin
50,Robyn
1,Robyn.Gelia
1,Robyn-Lynn
1,Rochael
16,Rochelle
1,Roda
1,Roebi
1,Roisin
1,Rola
1,Romella
1,Romney
1,Romy
1,Rona
1,Ronai
1,Ronan
1,Ronilyn
1,Ronita
1,Ronna
1,Ronny
5,Rosa
1,Rosa.J.
1,Rosalie
2,Rosanna
1,Rosaria
4,Rose
1,Roseanna
1,Roseanne
1,Rosella
1,Roselyn
1,Roselynn
2,Rosemarie
1,Rose-Marie
3,Rosemary
1,Rosette
1,Roshel
1,Roshni
1,Rosita
1,Roslyn
1,Rossana
4,Rowan
1,Rowanne
1,Rowena
5,Roxanne
1,Roxxie
2,Royal
1,Rozlyn
4,Ruby
1,Rudy
1,Rula
5,Ruth
1,Rutta
1,Ryan
1,Ryann
1,Rychelle
1,Rylea
9,Rylee
2,Ryleigh
1,Ryleigh-Raye
1,Ryley
3,Rylie
1,Ryynn
1,Saba
3,Sabina
1,Sabreen
1,Sabrena-Ann
1,Sabriena
32,Sabrina
1,Sacha
1,Sade
1,Sadee
9,Sadie
1,Sadie.Elise
1,Sadie-Marie
1,Sae
1,Safa
1,Safia
1,Sagal
4,Sage
5,Sahar
1,Sahara
1,Saher
1,Sahra
1,Sahril
1,Saige
1,Saima
1,Saiya
1,Sajeda
1,Sakina
3,Salena
1,Salix
1,Sallie
5,Sally
1,Sallyma
1,Salome
1,Salsabeel
1,Samah
252,Samantha
1,Samantha-Ann
1,Samantha-Jean
7,Samara
1,Samatha
1,Samaya
1,Sameera
2,Samer
1,Samera
2,Samia
3,Samira
1,Samiyeh
1,Sammer
1,Sammy
1,Samone
1,Samreet
1,San
1,Sanaa
1,Sanam
1,Sanamjit
1,Sancia
4,Sandeep
1,Sandhya
1,Sandip
14,Sandra
6,Sandy
1,Sania
6,Santana
1,Santanna
1,Santeria
2,Santina
1,Saphire
1,Sapir
1,Sappho
74,Sara
262,Sarah
2,Sarah-Ann
2,Sarah-Anne
1,Sarah-Jayne
1,Sarah-Lynn
1,Sara-Jessica
1,Sara-Lynn
1,Sareena
1,Saren
1,Sarena
1,Sargun
1,Sarha
1,Sari
2,Saria
1,Sarifa
1,Sarika
1,Sarina
1,Sarita
1,Sarpreet
3,Sarrah
9,Sasha
1,Sashey
1,Sashlina
2,Saskia
1,Satindar
1,Savana
5,Savanah
11,Savanna
18,Savannah
1,Savneet
1,Savonia
1,Savroop
1,Sawyer
1,Saxon
1,Saylor
1,Schae
1,Schandra
1,Schyanne
1,Scotia
1,Se
1,Sean
2,Seana
5,Seanna
1,Seanna-Joye
1,Seanne
2,Selah
1,Selam
6,Selena
1,Selena-Rose
2,Selene
6,Selina
1,Semantha
1,Seneca
1,September
1,Sequoya
1,Serafia
1,Serah
1,Seraiah
1,Seranda
1,Sereen
1,Sereena
15,Serena
2,Serenity
1,Serianna
2,Serina
1,Serine
1,Sevanna
1,Sevde
1,Seyda
1,Shadia
1,Shady
7,Shae
1,Shae-Ann
2,Shaela
1,Shaelene
9,Shaelyn
1,Shae-Lyn
1,Shae-Lyne
6,Shaelynn
3,Shae-Lynn
1,Shaena
1,Shahina
1,Shaileeh
2,Shailyn
1,Shailynn
1,Shai-Lynne
4,Shaina
1,Shala
1,Shalane
3,Shalayne
1,Sha-Leah
1,Shalee
1,Shaleen
1,Shaleena
1,Shaleene
3,Shalene
1,Shalese
1,Shaley
1,Shalice
1,Shalieh
1,Shalina
1,Shallon
1,Shalom
1,Shalon
2,Shalyn
2,Shalynn
1,Shamar
1,Shamelle
1,Shamir
1,Shanai
1,Shanaia
5,Shanda
1,Shandaya
1,Shandee
1,Shandel
2,Shandi
1,Shandie
1,Shandra
2,Shandy
2,Shanea
1,Shaneil
2,Shanel
13,Shanelle
1,Shanene
4,Shania
2,Shanice
2,Shaniece
1,Shanille
1,Shaniqua
1,Shaniqwa-Chanel
1,Shanissa
6,Shanna
1,Shannah
1,Shannan
1,Shannita
51,Shannon
1,Shanon
1,Shantea
4,Shantel
1,Shantelle
1,Shanyce
1,Shaoli
1,Shaqaela
1,Sharaya
1,Sharene
1,Sharida
1,Shariffa
1,Sharis
1,Sharissa
4,Sharla
1,Sharlea
2,Sharlene
1,Sharley
1,Sharlotte
1,Sharmain
1,Sharnelle
10,Sharon
1,Sharondeep
1,Sharronah
1,Sharyn
1,Shatha
1,Shaun
7,Shauna
1,Shaunda
1,Shauni
1,Shauny
1,Shavon
3,Shavonne
1,Shawanda
1,Shawn
6,Shawna
1,Shawny
1,Shay
1,Shayal
2,Shayann
1,Shay-Ann
1,Shayde
1,Shaye
25,Shayla
1,Shayla-Ann
1,Shaylah-Chantay
7,Shaylee
1,Shay-Lee
1,Shaylee-Emily
1,Shayleen
1,Shayleigh
1,Shayleka
10,Shaylene
1,Shayli
3,Shaylin
5,Shaylyn
2,Shaylynn
13,Shayna
4,Shayne
1,Shazia
3,Shea
1,Shealyn
1,Shealynn
1,Shea-Lynn
1,Shea-Marie
1,Sheannah
1,Shee
1,Sheelisa
6,Sheena
1,Sheenah
1,Sheenal-Priya
1,Sheetal
5,Sheila
1,Shekhina
1,Shelanda
1,Shelayne
1,Shelbe-Lynn
1,Shelbey
2,Shelbi
3,Shelbie
111,Shelby
1,Shelby-Llyn
1,Shelby-Lynn
1,Shelena
1,Shelina
1,Shelise
2,Shellby
1,Shelley
8,Shelly
1,Shelyna
1,Shenan
1,Sheneen
1,Shenelle
1,Shenese
1,Shennez
1,Shequel
1,Sherani
1,Shereen
1,Sherelle
2,Sherese
1,Sheri
1,Sherice
3,Sheridan
1,Sherie
1,Sherin
1,Sherine
1,Sherinna
1,Sherralynn
1,Sherranna
1,Sherri
1,Sherrill
1,Sherry
2,Sheryl
1,Sheryl-Lynn
1,Shevana
1,Shevroleigh
2,Sheyanne
1,Sheynice
1,Shi
1,Shiamaa
1,Shiannah
3,Shianne
1,Shiean
1,Shienne
1,Shifairah
1,Shikara
3,Shiloh
1,Shima
1,Shinahya
2,Shirin
6,Shirley
1,Shivangni
1,Shivani
1,Shivaughn
1,Shnaye
1,Shonara
1,Shonda
1,Shonda-Rae
1,Shontana
1,Shoshana
1,Shoukia
1,Shovonne
1,Shrefee
1,Shubhdeep
3,Shyan
1,Shy-An
1,Shyann
1,Shyanna
5,Shyanne
1,Shyelle
7,Shyla
1,Shyleen
4,Shylo
1,Shylo-Dawn
1,Shylough-Marie
1,Shylynn
1,Shynabreann
1,Shyrelle
1,Sian
2,Siana
2,Sianna
5,Sidney
1,Siena
1,Siera
24,Sierra
1,Signe
1,Silena
2,Silken
1,Simerjeet
1,Simmi
1,Simmond
9,Simone
2,Simonne
3,Simran
1,Simranjeet
1,Simrat
2,Simren
1,Simrpreet
1,Sin
6,Siobhan
1,Sioux
1,Sirisha
5,Sky
11,Skye
1,Skyla
11,Skylar
1,Skylee
1,Skyler
1,Skylyn
1,Sloan
3,Sloane
1,Sneh
1,Sneha
1,Snjolaug
1,Snoor
1,Sofia
1,Sokha
1,Soleil
1,Solomia
1,Solveig
1,Somee
2,Sommer
6,Sonia
2,Sonja
1,Sonum
6,Sonya
1,Soondis
8,Sophia
16,Sophie
1,Sophie-Jeanne
1,Sora
1,Soren
1,Souad
1,Soumaya
2,Spenser
1,Sraiya-Dawn
13,Stacey
4,Staci
2,Stacie
9,Stacy
1,Star
1,Stefan
3,Stefania
10,Stefanie
1,Steffane
1,Steffaney
2,Steffanie
2,Steffi
2,Stella
1,Stephaine
1,Stephani
1,Stephania
127,Stephanie
1,Stephany
1,Stephen
1,Stephenie
1,Stevanie
2,Stevie
1,Stevie-Lynn
2,Storm
1,Stormy
1,Sujin
1,Suk
1,Sukaina
1,Sukhjeet
1,Sukhleen
2,Sumeet
1,Sumerlea
12,Summer
1,Summerlee
1,Summin
1,Sunita
1,Sunna
11,Susan
6,Susanna
3,Susannah
5,Susie
1,Su-Ting
1,Suuanna
3,Suzanna
6,Suzanne
1,Suze
1,Suzette
1,Svea
1,Svetlana
1,Swayze
1,Sybil
117,Sydney
1,Sydney-Fae
1,Sydni
4,Sydnie
1,Sylvana
2,Sylvanna
10,Sylvia
1,Sylvie
1,Sylyanne
1,Syrandin
1,Sysarah
1,Syvannah
2,Tabatha
1,Tabbie
2,Tabea
2,Tabetha
7,Tabitha
1,Tachara
1,Tadra
1,Taelor
1,Taelynn
2,Taelyr
1,Tahlia
2,Tahnee
1,Taige
2,Taija
1,Tailor
2,Taisa
1,Taiya
1,Takala
1,Takara
1,Takeiyah
1,Talea
1,Taleah
1,Talena
5,Talia
1,Talina
1,Ta'Lina
2,Talisa
1,Talisha
1,Talissa
2,Talitha
1,Tallis-Andra
1,Talyah
1,Talyse
1,Talyssa
1,Tamanna
1,Tamar
27,Tamara
1,Tamara-Jocelyne
1,Tameka
1,Tamera
1,Tamia
1,Tamieka
1,Tamika
1,Tammi
1,Tammi-Jo
8,Tammy
2,Tamra
1,Tanasha
1,Tanaya
1,Tanea
1,Taneal
1,Taneasha
1,Taneen
2,Taneesha
1,Tani
1,Tania
1,Taniel
2,Taniesha
1,Tanika
11,Tanis
13,Tanisha
1,Tanisyn
2,Tanita
1,Tanneil
5,Tannis
1,Tansy
1,Tansy-Lynn
8,Tanya
1,Tanzila
37,Tara
3,Tarah
1,Tara-Lynn
1,Tara-Lynne
2,Taran
1,Taren
1,Tarika
1,Tarissa
1,Tarryn
24,Taryn
11,Tasha
3,Tasheena
1,Tashena
1,Tasia
1,Tasmine
1,Tasneem
1,Tate
7,Tatiana
1,Tatianna
1,Tatiyanna
1,Tatjana
3,Tatum
3,Tatyana
1,Tatyanna
1,Tavia
1,Tawna
1,Tawnee-Kimwasin
3,Tawni
1,Tawnie
1,Tawnisha
1,Tawny
1,Tawnya
7,Taya
2,Tayah
6,Tayla
1,Taylene
11,Tayler
1,Tayleur
1,Tayller
217,Taylor
1,Taylor-Anne
1,Taylore
1,Taylor-Rae
1,Tayna
1,Tazma-Jean
1,Tazmia
1,Taznim
6,Teagan
1,Teagen
1,Teaghan
1,Teagyn
2,Teal
2,Teala
1,Teale
1,Teanika
4,Teanna
1,Tearrah
1,Teasha
1,Teddi
1,Teddi-Lynn
1,Teddy
1,Teeghan
1,Teena
1,Teerin
1,Teesha
7,Tegan
2,Teghan
1,Teianna
2,Teighan
1,Teila
1,Teila-Ann
1,Teir
1,Teirjah
1,Teirney
1,Teja
1,Tejpreet
1,Tekarra
1,Teleni
1,Tempest
1,Temure
1,Teneah
2,Teneal
1,Teneale
1,Tenessa
1,Tenielle
3,Tenille
1,Tenise
1,Tenisha
1,Tenita
1,Tenniel-Jayde
1,Tennille
1,Tennique
1,Tennita
1,Teola
1,Teolynn
9,Teresa
1,Teressa
2,Teri
1,Teri-Anna
1,Teri-Lee
1,Terilynn
2,Terra
7,Terri
1,Terri-Lynn
1,Terrin
1,Teryn
5,Tess
30,Tessa
1,Tessah
1,Tessneem
1,Teya
1,Teyanna
1,Teylour
1,Tfeyinwa
4,Thanh
1,Thara
2,Thea
1,Thelma
2,Theodora
10,Theresa
1,Therese
1,Thersa
5,Thi
1,Thimna
1,Thora
1,Thu
1,Thuy
1,Thuy-Lieu
6,Tia
1,Tiah
7,Tiana
1,Tiandra
15,Tianna
1,Tianna-Danielle
1,Tianne
3,Tiara
1,Tida
2,Tiegan
1,Tierra-Lynn
1,Tiesha
1,Tiexera
4,Tiffanie
42,Tiffany
1,Tikesha
1,Tilisha
1,Tima
1,Timmy
11,Tina
1,Tinbete
1,Tineke
1,Tinita
1,Tique
2,Tirzah
1,Tirzia
1,Titia
1,Tobi
1,Tobie
1,Tomara
1,Ton
5,Toni
2,Tonia
1,Tonicha
3,Tonisha
1,Tonjra
2,Tonya
1,Toraleigh
1,Toree
1,Torey-Lyn
35,Tori
1,Tori-Anne
2,Torie
1,Torilyn
1,Torin
2,Torri
1,Torry
4,Tory
1,Tosca
1,Tova
1,Tovah
2,Tracey
6,Tracy
1,Trang
1,Traycene
1,Treauna
1,Treena
1,Trehia
1,Tremaine
2,Trenna
1,Triann
2,Tricia
3,Trina
1,Trinh
4,Trinity
1,Trinni
1,Trisa
8,Trisha
2,Trista
1,Tristan
1,Tristen
1,Tristyn
1,Truda
2,Trudy
1,Trystin
1,Tu
2,Tulsa
3,Twyla
1,Twylla
1,Tyann
1,Tyanna
1,Tyeema
1,Tykara
2,Tyla
1,Tylar
1,Tyleena
2,Tyler
1,Tylyn
1,Tymara
1,Tyneal
1,Tynica
1,Tynita
7,Tyra
1,Tyrene
1,Tyresha
1,Tyris
1,Tysir
1,Tzivyah
1,Umama
1,Umber
1,Urge
1,Ursula
1,Vaelin
1,Valarie
1,Valda
1,Valene
1,Valentina
1,Valeri
13,Valerie
1,Valeska
1,Vaneda
1,Vanesha
48,Vanessa
1,Vangy
2,Vanna
1,Vannesa
1,Vassiliki
1,Veda
1,Vehin
1,Venessa
1,Venessia
1,Verlane
20,Veronica
1,Veronika
2,Veronique
3,Vicki
3,Vickie
3,Vicky
1,Vicky-Huynh
102,Victoria
1,Victoria-Anne
1,Victory
1,Vienna
1,Viktoria
1,Vilinh
1,Vinita
1,Vinnie
3,Violet
1,Violetta
1,Viona
1,Vipasha
6,Virginia
1,Vitheavie
1,Vi-Van
1,Vivelyn
15,Vivian
1,Vivien
1,Vivienne
1,Volelle
2,Vy
2,Wafa
1,Wanita
1,Wendi
9,Wendy
1,Wesli
1,Whitley
18,Whitney
1,Wilcy
1,Willene
3,Willow
1,Winney
2,Winnie
1,Winona
1,Winta
1,Withney
2,Wren
2,Wynne
2,Wynona
1,Wynonna
1,Wyonna
1,Xandra
1,Xandria
1,Xaverie
1,Xayna
1,Y
1,Yagmur
1,Yanara
1,Yannicia
1,Yarrow
1,Yasaman
2,Yasemin
1,Yasmeen
3,Yasmin
2,Yasmine
1,Yen
1,Yesser
1,Yngred
2,Yolanda
1,Yuvie-Evelyn
5,Yvonne
1,Zabrina
1,Zahra
1,Zainab
1,Zara
1,Zarleigh
1,Zayleen
1,Zaylen-Marie
1,Zeenat
2,Zena
1,Zevida
22,Zoe
2,Zoey
1,Zora
1,Zoulfa
1,Zowie
1,Zoya
1,Zsofia