1,.Alexandra
1,Aaliyah
1,Aalyah
1,Aalysa
1,Aamna
1,Aaren
1,Aarin
1,Abagael
11,Abbey
1,Abbigail
2,Abbigale
12,Abby
1,Abbygail
1,Abbygale
3,Abeer
1,Abhijot
1,Abida
1,Abigael
55,Abigail
1,Abigale
3,Abigayle
1,Abigeal
1,Abira
1,Abreanna
3,Acacia
1,Acadia
1,Adah
1,Adair
1,Adara
5,Addison
1,Addyson
1,Adeela
1,Adela
4,Adele
1,Adelia
1,Adelina
3,Adeline
1,Adelynn
1,Adila
2,Adina
1,Adison
1,Adonia
1,Adria
8,Adriana
1,Adriane
9,Adrianna
2,Adrianne
1,Adriel
1,Adrien
1,Adrienna
5,Adrienne
1,Adrina
1,Adut
1,Adyah
1,Aedan
1,Aeisha
1,Aelya
1,Aeramis
1,Aerial
1,Afanacia
1,Afrah
1,Afsah
1,Aganetha
1,Agata
4,Agatha
2,Agnes
1,Agnieszka
1,Ahlam
1,Ahlena
1,Ahrani
1,Aiapay
4,Aidan
1,Aideen
5,Aiden
2,Aileen
1,Ailsa
1,Aiman
1,Aime
12,Aimee
1,Aimie
1,Aine
2,Ainsley
4,Aisha
2,Aisling
3,Aislinn
1,Aiyah
2,Aiyana
2,Aja
1,Akaisha
2,Akansha
1,Akem
1,Akesha
1,Akia
1,Akshpreet
1,Akua
1,Alaa
1,Alaina
1,Alam
12,Alana
1,Alanah
3,Alandra
1,Alanea
2,Alanis
7,Alanna
3,Alannah
1,Alannis
1,Alanta
2,Alaska
1,Alaura
1,Alaya
1,Alayah
1,Alayiah
2,Alba
1,Aleace
1,Aleah
1,Aleaha
4,Aleena
1,Aleesa
1,Aleesha
2,Aleigha
2,Aleisha
1,Alejandra
1,Aleka
3,Alena
1,Alesha
1,Aleshia
1,Alesi
1,Alessandra
1,Aleta
1,Alethea
1,Aletheia
4,Alex
23,Alexa
102,Alexandra
1,Alexandre
3,Alexandrea
34,Alexandria
6,Alexi
16,Alexia
4,Alexie
36,Alexis
1,Alexsana
1,Alexzan
1,Alexzandra
1,Aleysha
1,Ali
1,Alia
1,Aliah
2,Aliana
1,Alianna
7,Alice
1,Alicen
27,Alicia
1,Alida
1,Alieda
1,Aliena
1,Aliese
1,Aliesha
1,Alik
1,Alika
1,Aliky
2,Alina
1,Aline
8,Alisa
1,Alise
15,Alisha
2,Alishah
1,Alishea
22,Alison
17,Alissa
3,Alix
1,Aliya
4,Aliyah
1,Alizeton
2,Allana
1,Allanah
2,Alle
1,Alleen
1,Allen
1,Allexis
2,Alley
1,Allicia
6,Allie
2,Allisha
48,Allison
2,Allissa
2,Alliyah
1,Allora
10,Ally
1,Allyna
3,Allysa
2,Allyse
16,Allyson
3,Allyssa
1,Alma
1,Almas
1,Alora
1,Alora-Leigh
1,Aluel
1,Aluet
1,Alva
1,Alvina
12,Alycia
1,Alyea
1,Alyisa
4,Alysa
1,Alyse
16,Alysha
1,Alyshia
3,Alysia
4,Alyson
110,Alyssa
1,Alyssa-Rae
1,Alyssha
3,Alyssia
2,Alyvia
1,Alyxandrea
1,Amaal
1,Amaani
1,Amaia
2,Amal
2,Amalia
1,Amalia-Dawn
1,Amanat
105,Amanda
1,Amanda-Rae
1,Amandine
2,Amani
1,Amanjot
2,Amara
1,Amarah
1,Amaranta
1,Amarillys
1,Amaris
1,Amaya
102,Amber
1,Amber-Jane
1,Amberlea
1,Amberly
1,Ambra
1,Ambria
1,Ambrosia
1,Ameen
1,Ameena
1,Amela
18,Amelia
3,Amethyst
3,Amie
4,Amina
1,Aminah
1,Aminata
2,Amira
1,Ammara
1,Amna
1,Amneet
1,Amreen
1,Amrisha
5,Amrit
2,Amrita
1,Amry
89,Amy
1,Amy-Lynn
7,Ana
1,Anabel
1,Anabelle
1,Anah
1,Anais
1,Anastacia
4,Anastasia
1,Anasthasia
1,Anayat
1,Andee
1,Andeep
2,Andie
1,Andra
1,Andraya
35,Andrea
1,Andrea-Elise
1,Andree
1,Andrena
2,Andria
1,Aneesa
1,Aneet
1,Anela
1,Anelina
1,Anfia
20,Angel
37,Angela
1,Angelene
10,Angelica
1,Angelie
1,Angelika
3,Angelina
1,Angeline
4,Angelique
1,Angelisa
1,Angelita
1,Angelle
1,Angie
1,Angili
1,Ania
1,Aniessia
7,Anika
1,Anikka
2,Aniqa
4,Anisa
1,Anise
1,Anisha
1,Aniston
8,Anita
1,Anjali
1,Anjalie
1,Anjelic
1,Anjelica
1,Anjelie
1,Anju
1,Anmol
5,Ann
52,Anna
1,Annabell
1,Annabelle
1,Anna-Claire
1,Annah
1,Annaika
1,Annaliese
3,Annalise
1,Annamaria
1,Annamarie
4,Anna-Marie
1,Annamay
1,Annary
1,Annastasia
9,Anne
1,Anneke
4,Annelise
1,Annemarie
3,Anne-Marie
1,Annemiek
1,Annessa
2,Annette
14,Annie
1,Annik
5,Annika
1,Annikki
1,Annissa
1,Annjali
1,Annysa
1,Annyssa
2,Anosha
3,Antonia
1,Antonina
1,Anusha
3,Anya
1,Anyka
1,Anysha
1,Aphia
1,Apolline
17,April
1,Aprilvonna
1,Apurva
1,Aquinna
1,Ara
1,Arabelle
1,Araynna
2,Arden
1,Ardith
1,Areina
1,Aria
1,Ariam
7,Ariana
1,Ariane
7,Arianna
2,Arianne
1,Arieahn
10,Ariel
1,Ariella
9,Arielle
1,Arika
1,Ariss
1,Arizona
1,Arleen
4,Arlene
1,Arlyssa
1,Armina
1,Arosha
1,Arpanpreet
1,Arrah
2,Arrianna
1,Arshiel
1,Arwa
1,Arwinder
1,Aryka
1,Aryssa
1,Asha
2,Asheley
1,Ashely
1,Ashira
1,Ashlea
1,Ashleagh
8,Ashlee
15,Ashleigh
1,Ashlen
1,Ashlene
156,Ashley
1,Ashly
17,Ashlyn
4,Ashlynn
1,Ashlynna
1,Ashlynne
1,Ashmeena
1,Ashna
1,Ashtin
2,Ashton
4,Ashtyn
1,Ashwan
1,Ashwineet
1,Ashwita
4,Asia
1,Asiya
1,Asma
1,Asmaa
1,Asna
4,Aspen
1,Aspyn
1,Asraa
1,Assmaa
1,Astra
2,Astrid
1,Asya
1,Atameka
1,Atera
1,Athalie
1,Athea
7,Athena
1,Atira
3,Aubrey
1,Aubrianna
6,Audrey
1,August
1,Aukje
1,Aulora
1,Aunya
3,Aura
1,Aurabelle
1,Aurelle
1,Aurilia
19,Aurora
1,Aurore
29,Autumn
1,Autumn-Jade
1,Auvneet
6,Ava
1,Avasha
1,Averie
19,Avery
1,Averyanna
1,Avesta
1,Avi
1,Avjot
1,Avleen
3,Avneet
1,Avril
1,Avry
4,Aya
3,Ayah
1,Ayan
1,Ayanna
1,Aydea
4,Ayesha
4,Ayla
1,Aylah
1,Aylyssa
2,Aysia
1,Ayzia
1,Azaria
1,Azearah
2,Aziza
1,Azzaira
28,Baby
1,Baeleigh
1,Baely
5,Bailee
82,Bailey
2,Bailey-Ann
1,Bailie
2,Baillie
3,Baily
1,Baiyinah
1,Baldeep
1,Baley
1,Baljeet
1,Baljyot
1,Bana
1,Baraha
2,Barbara
3,Barbie
1,Barbra
1,Basma
1,Batoul
1,Batya
1,Bayaan
1,Baylea
8,Baylee
1,Bay-Lee
1,Bayleigh
1,Baylie
1,Bebe
1,Beckie
3,Becky
2,Bella
2,Belle
1,Bernadette
1,Bernitta
1,Bertrena
3,Beth
21,Bethany
1,Bethlehem
1,Betsy
1,Betty
1,Beverly
1,Beyza
1,Bezawit
1,Bhanu
1,Bharti
12,Bianca
1,Bianka
1,Billi
4,Billie
1,Billie-Jean
1,Billie-Jo
1,Billie-Rose
1,Billi-Jean
1,Binhthy
1,Birsen-Gulsen
2,Blair
1,Blaire
1,Blaise
1,Blanche
1,Blythe
6,Bobbi
1,Bobbi-Joe
1,Bobi
1,Bohdana
1,Bond
4,Bonnie
1,Braelyn
1,Braide
1,Brandee
6,Brandi
1,Brandis
5,Brandy
2,Braxtyn
2,Brea
1,Breagh
3,Breana
3,Breane
8,Breann
62,Breanna
25,Breanne
1,Breanne-Lee
2,Bree
2,Breeann
1,BreeAnn
1,Bree-Ann
2,Breeanna
1,BreeAnna
1,Breeanne
1,Breena
1,Breigh
1,Breila
1,Brelene
4,Brenda
1,Brendyn
14,Brenna
2,Brennah
1,Brenna-Lee
1,Breslyn
1,Bret
1,Breton
3,Brett
1,Brette
1,Bretteny
1,Bretyca-Raye
1,Bretyn
1,Bri
2,Bria
1,Briahnna
14,Briana
1,Briann
53,Brianna
1,Brianna-Jan
19,Brianne
2,Briar
1,Briawna
1,Bricelle
3,Bridget
1,Bridgett
1,Bridgit
1,Brie
1,Brieana
3,Brieanna
1,Brie-Anne
5,Brielle
2,Brienna
1,Brigette
1,Brighton
1,Brigitt
3,Brigitte
1,Brin
1,Britany
7,Britney
2,Britta
3,Brittaney
2,Brittani
1,Brittanie
96,Brittany
1,Brittany-Marie
1,Brittia
1,Brittiney
1,Brittiny
1,Brittnay
34,Brittney
1,Brittni
3,Brittny
1,Brittony
1,Brodie
5,Bronte
1,Bronwen
3,Bronwyn
4,Brook
95,Brooke
3,Brookelyn
1,Brookelynn
2,Brooke-Lynn
3,Brooklin
71,Brooklyn
10,Brooklynn
2,Brook-Lynn
1,Brooklynne
1,Brookwynn
1,Broolyn
1,Brunilda
3,Bryana
8,Bryanna
4,Bryanne
1,Brydelle
1,Brylei
5,Bryn
1,Bryndelle
12,Brynn
2,Brynna
3,Brynne
1,Brynnen
1,Bryton
1,C.
1,Caddia-Nina
2,Cadence
1,Cady
1,Caecilie
1,Caelin
1,Caelyn
1,Caihla
1,Cailan
3,Cailey
5,Cailin
2,Cailyn
1,Caitlan
1,Caitland
47,Caitlin
22,Caitlyn
2,Caitlynn
1,Cala
1,Calah
1,Calais
1,Caleigh
1,Caleih
1,Caley
4,Cali
1,Calie
14,Calista
2,Calla
1,Callee
1,Calley
1,Calli
3,Callie
1,Callista
1,Cally
1,Callysta
1,Calyssa
1,Camebridge
4,Cameron
1,Camielle
2,Camila
1,Camile
2,Camilla
12,Camille
1,Camillia
1,CamiLynn
1,Camisha
2,Cammi
1,Cammie
2,Cammy
6,Camryn
1,Camrynn
7,Candace
1,Candi
3,Candice
1,Candita
1,Candra
1,Caoilin
1,Capri
1,Caprice
8,Cara
1,Caralyn
1,Cariad
1,Cari-Anne
2,Carina
1,Caris
7,Carissa
2,Carla
8,Carlee
2,Carleen
1,Carleigh
3,Carlene
7,Carley
2,Carli
1,Carlie
1,Carlin
1,Carlina
1,Carline
1,Carlisle
32,Carly
1,Carlyanne
1,Carlye
1,Carlyn
1,Carma
1,Carmelina
1,Carmelita
1,Carmell
21,Carmen
1,Carol
1,Carol-Ann
1,Carole
1,Carolean
3,Carolina
11,Caroline
7,Carolyn
1,Carrera
3,Carrie
1,Carry
1,Carsen
3,Carson
2,Carter
2,Casandra
17,Casey
2,Casidy
3,Casie
1,Cassadie
79,Cassandra
1,Cassara
1,Cassaundra
1,Cassey
2,Cassia
1,Cassidie
77,Cassidy
7,Cassie
1,Cassy
4,Catalina
1,Catelyn
26,Catherine
1,Cathrine
1,Cathryn
2,Cathy
1,Catlin
1,Catlyn
1,Catrin
2,Catrina
1,Catriona
1,Cayce
5,Cayla
3,Caylee
1,Caylee-Shae
2,Cayleigh
1,Cayley
2,Caylin
1,Caylyn
1,Caymen
1,Cealy
1,Ceanna
3,Ceara
1,Cecile
8,Cecilia
1,Cedar
1,Cee
1,Cegwun
1,Ceilidh
3,Celena
4,Celeste
1,Celia
1,Celiah
6,Celina
1,Celina-Ruth
12,Celine
1,Cera
1,Cerenity
1,Ceridwen
1,Cerise
1,Cerysha
1,Ceryssa
1,Cessely
1,Chabrie
1,Chae
1,Chaelyn
1,Chainie
1,Chali
1,Chalynnfay
2,Chance
1,Chanda
1,Chandlar
1,Chandler
1,Chandni
1,Chandra
5,Chanel
3,Chanelle
1,Channie
1,Chantael
17,Chantal
1,Chantay
1,Chantayne
1,Chante
14,Chantel
3,Chantell
22,Chantelle
1,Chantida
1,Chanyce-Taylor
1,Chappy
1,Char
1,Charissa
1,Chariti
1,Charity
2,Charlea
1,Charlee
1,Charleena
3,Charlene
3,Charley
1,Charli
1,Charlie
1,Charlisse
12,Charlotte
1,Charly
2,Charmaine
1,Charmane
1,Charmayne
1,Charnel
1,Charolette
4,Chase
5,Chasity
1,Chassidy
2,Chastity
1,Chataya
1,Chaundra
1,Chaye-Lynn
1,Chayla
1,Chaylynn
1,Chayna
1,Chayse
1,Chea
1,Chealsey
1,Chelaine
2,Chelan
1,Chelby
1,Chelcea
1,Chelise
66,Chelsea
1,Chelsee
15,Chelsey
1,Chelsia
3,Chelsie
1,Chelsy
1,Chenell
1,Cheney
3,Chenoa
1,Cherai
1,Cheraya
2,Cherise
1,Cherish
1,Cheron
5,Cheryl
1,Chevine
2,Cheyann
3,Cheyanna
14,Cheyanne
1,Chey-Anne
2,Cheyene
33,Cheyenne
1,Cheylina
1,Chiara
1,Chiny
50,Chloe
1,Chloe'
1,Chole
1,Chrisandra
3,Chrissy
4,Christa
1,Christalyn
2,Christan
1,Christeana
1,Christeen
1,Christel
1,Christelle
3,Christen
1,Christi
1,Christian
1,Christiana
3,Christie
2,Christin
25,Christina
39,Christine
4,Christy
1,Christyann
2,Chrystal
1,Chrystyna
1,Chuk
1,Chyann
1,Chyanna
7,Chyanne
2,Chyna
1,Chynna
1,Chyrel
1,Ciabha
2,Ciana
2,Cianna
8,Ciara
2,Ciarra
5,Cierra
1,Cilena
1,Cinda
9,Cindy
1,Cinnamon
1,Citlalmina
38,Claire
1,Clancee
7,Clara
8,Clare
1,Clarisa
3,Clarissa
1,Clarisse
22,Claudia
2,Cleo
1,Cloe
1,Cloey
1,Cobe
1,Coco
1,Codi
1,Cody
1,Colby
2,Cole
1,Colette
1,Colinda
3,Colleen
1,Collette
1,Colt
1,Connie
2,Constance
6,Cora
1,Coral
1,Coralee
1,Coralie
1,Cordelle
1,Coreen
1,Coreena
4,Cori
1,Corianne
2,Corina
5,Corinne
5,Corissa
1,Corli
1,Corlissa
2,Cornelia
1,Corrina
1,Corrinna
1,Corry
1,Corryn
2,Cortney
1,Cortnie
1,Corynn
1,Coti
1,Courteny
1,Courtlynn
1,Courtnay
1,Courtnee
93,Courtney
1,Courtney-Anne
2,Courtnie
1,Courtny
3,Cree
1,Cree-Ann
1,Crisabel
1,Cristal
4,Cristina
1,Cristine
1,Crying
12,Crystal
1,Crystal-Ann
1,Cyan
6,Cydney
1,Cyndel
1,Cyndi
1,Cyndora
8,Cynthia
1,Cypryss
1,Cyra
1,Dacia
1,Dacoda
1,Daejah
1,Daelin
1,Dae-Lynn
1,Dagny
1,Dahlea
1,Dahlela
1,Dahlia
2,Dailynn
3,Daina
1,Daisie
3,Daisy
31,Dakota
1,Dakota-Leigh
1,Dalal
1,Dalaney
1,Dalen
1,Dalena
1,Dalina
3,Dallas
1,Dallynn
1,Dalus
1,Daly
1,Dalyce
2,Damara
1,Damaris
28,Dana
4,Danae
1,Danalynn-Star
2,Danelle
1,Daneri
3,Dani
1,Dania
14,Danica
4,Daniela
1,Daniele
1,Danielelle
5,Daniella
89,Danielle
1,Daniesha
20,Danika
1,Danise
2,Danita
1,Danja
2,Danna
1,Danni
1,Dannielle
1,Dannika
1,Dannon
1,Dante
1,Dantee
4,Danya
1,Danycka
2,Danyelle
3,Danyka
1,Danylla
1,Daphiny
5,Daphne
2,Dara
1,Daralee
1,Darbi
1,Darbi-Jennifer
5,Darby
1,D'Arby
1,Darby-rae
1,Darcea-Lyn
6,Darci
1,Darcia
3,Darcie
2,Daria
11,Darian
1,Dariane
1,Darielle
3,Darien
1,Darienne
2,Darla
1,Darrah
1,Darshina
1,Daryann
1,Daryka
1,Daryle
1,Darylynn
1,Daryn
2,Dasha
1,Dashia
1,Davan
2,Davina
1,Davis
1,Davmaney
3,Dawn
1,Dawnlyn
4,Dawson
1,Daya
1,Dayla
2,Dayle
1,Daylene
1,Dayn
13,Dayna
1,DaynaRae
1,Daysha-Rea
1,Dayton
4,Daytona
5,Deana
3,Deandra
9,Deanna
1,Deashly
6,Debbie
1,Debenice
7,Deborah
1,Debra
1,December
1,Dee
1,Deema
2,Deidra
1,Deidre
1,Deirdra
1,Deirdre
1,Deisis
4,Deja
1,Dela
3,Delaina
1,Delaine
1,Delainee
1,Delainey
1,Delaini
20,Delaney
4,Delanie
1,Delanna
1,Delany
1,Delayne
1,Delaynee
1,Delenn
1,Delenna
1,Delfina
1,Delicia
1,Delilah
1,Delina-Rae
1,Della
1,Demara
1,Demi
1,Demitria
1,Dena
3,Denae
1,Denai
1,Denea
1,Deneale
1,Dene'ka
1,Denica
1,Deniea
2,Denika
1,Denisa
5,Denise
1,Deniz
2,Dennise
1,Denver
1,Desarae
1,Deserae
1,Deshane
2,Desirae
1,Desire
18,Desiree
1,Desiri
1,Destany
1,Destinee
2,Destiney
1,Destini
27,Destiny
1,Detisha
1,Devaney
1,Devany
3,Devin
1,Devin-Lin
2,Devon
1,Devonee
3,Devyn
2,Dezarae
4,Dharma
1,Diamond
9,Diana
1,Diandra
6,Diane
1,Diann
1,Didi
1,Dililah
1,Dilpreet
1,Dinae
1,Dinah
2,Dionne
1,Diontae
1,Disha
3,Divya
1,D'Jhonna
1,Doctor
1,Dolly
16,Dominique
3,Dominque
1,Domonique
1,Dondra
1,Doneca
1,Donella
5,Donna
1,Doraya
2,Doreen
1,Doria
1,Dorianna
1,Dorinda
2,Doris
2,Dorothy
1,Dorothy-Jane
1,Dotti
1,Draiven
1,Dreana
8,Drew
1,Dru
1,Druscilla
1,Drusila
1,Duha
1,Dunya
1,Dusty-Lynn
1,Dyanna
1,Dylana
1,Dylann
1,Dystynee
1,Ebhoni
1,Ebonie
1,Echo
1,Edana
11,Eden
2,Edith
1,Edna
1,Edyn
1,Efeoghene
1,Eftehia
1,Ehdrea
1,Ehisann
3,Eileen
1,Eilidh
1,Eilis
1,Eilish
4,Elaine
1,Elan
2,Elana
1,Elayna
1,Eldenia
3,Eleanor
8,Elena
1,Elhaam
1,Elia
2,Eliana
1,Eline
2,Elisa
9,Elisabeth
13,Elise
2,Elisha
1,Elisia
3,Elissa
1,Elita
4,Eliza
68,Elizabeth
4,Ella
1,Ellanna-Marie
3,Ellen
1,Ellena
1,Ellery
4,Ellie
1,Ellison
1,Elnora
1,Eloise
3,Elora
1,Elorah
1,Elorna
1,Elouise
2,Elsa
1,Elsbeth
1,Elsie
1,Elu
1,Elya
5,Elyse
2,Elyssa
1,Elysse
1,Ema
1,Emaan
1,Emalee
1,Emaleen
1,Emaly
2,Ember
1,Emberlee
1,Emelia
1,Emelie
1,Emely
1,Emerald
1,Emery
1,Emilea
7,Emilee
1,Emiley
2,Emilia
11,Emilie
1,Emilly
285,Emily
1,Emilyanne
205,Emma
1,Emmah
4,Emmalee
2,Emma-lee
1,Emma-Lee
1,Emmaline
1,Emma-lynn
1,Emmanuel
1,Emmanuela
2,Emmanuelle
1,Emma-Rae
1,Emme
1,Emmi
1,Emmy
1,Ena
1,Enafa
1,Enya
1,Ephrosyne
1,Ereda
27,Erica
2,Ericka
1,Erienne
33,Erika
1,Erikah
1,Erika-Lynn
64,Erin
1,Erinn
1,Erinne
1,Ersie-Anastasia
1,Eryka
1,Erykah
3,Eryn
1,Erynn
2,Esmeralda
1,Esperanza
1,Essence
1,Estelle
6,Esther
1,Esther-Eugenia
1,Etana
1,Eternity
1,Eugenia
1,Eugenie
2,Eunice
9,Eva
1,Evalynn
1,Evangelina
2,Evangeline
4,Eve
7,Evelyn
1,Evhan
1,Evva
1,Eyram
1,Fadumo
1,Fadwa
1,Fahmo
1,Faima
34,Faith
1,Fallaine
1,Fallin
4,Fallon
1,Farah
1,Faron
3,Farrah
3,Fatima
1,Fatma
1,Fay
1,Fayanne
2,Faye
1,Fayth
2,Feather
5,Felicia
1,Felicite
6,Felicity
1,Felisa
1,Fenya
1,Ferron
1,Feven
1,Fion
10,Fiona
1,Firdowse
3,Flora
1,Florence
1,Forance
1,Frances
2,Francesca
1,Francine
1,Francis
1,Frankie
3,Frieda
2,Gabriel
5,Gabriela
1,Gabriele
7,Gabriella
1,Gabriellah
35,Gabrielle
1,Gadeer
3,Gagandeep
1,Gaganpreet
1,Gaia
1,Gail
1,Galadrielle
1,Gauravdeep
1,Geena
1,Geet
3,Gemma
1,Gena
1,Genai
5,Geneva
2,Genevier
7,Genevieve
1,Genivee
3,Genna
1,Gennice
1,Georgena
20,Georgia
1,Georgina
1,Geralynn
1,Geri
1,Gertruda
1,Gertrude
2,Getruda
1,Gila
18,Gillian
8,Gina
2,Ginelle
1,Ginger
2,Ginny
1,Giona
1,Giovannina
1,Girl
3,Giselle
1,Glance
1,Glenda
4,Gloria
1,Gloriana
1,Gloryah
1,Golden
54,Grace
1,Gracen
1,Gracia
6,Gracie
1,Gray
1,Graysee
1,Grayson
1,Grazia
1,Greta
1,Guneet
1,Gurjeet
1,Gurjeevan
1,Gurjit
1,Gurkeerat
1,Gurkirat
7,Gurleen
1,Gurneet
3,Gurpreet
1,Gursimran
1,Gursimren
1,Guylaine
1,Gwendolyn
1,Gwendolyne
1,Gwennyth
1,Gwyneth
1,Ha
1,Habiba
1,Hadia
1,Hadien
1,Hadiyah
1,Haely
1,Haidee
1,Haiden
5,Hailee
1,Haileigh
77,Hailey
2,Hailie
1,Haily
1,Hajar
1,Hajer
1,Halee
6,Haleigh
58,Haley
1,Halima
8,Halle
1,Halley
2,Hallie
1,Hamreet
2,Hana
2,Hanako
1,Hanan
1,Hanaua
1,Haneefa
1,Haneen
1,Hanh
1,Hani
21,Hanna
146,Hannah
1,Hannan
1,Hardip
1,Harjivan
2,Harjot
2,Harleen
2,Harleigh
5,Harley
1,Harli
2,Harlie
1,Harly
2,Harman
1,Harmandeep
1,Harmeet
1,Harminderpreet
1,Harmoni
4,Harmonie
4,Harmony
1,Harnaz
1,Harnoor
2,Harper
1,Harpreet
1,Harprit
1,Harpriya
2,Harriet
1,Harseem
1,Harshini
1,Harsimar
4,Harsimran
1,Haskirat
1,Hasnaa
2,Haven
1,Havey
1,Hawa
2,Hayden
1,Hayfa
13,Haylee
1,HayLee
1,Hayleigh
71,Hayley
5,Haylie
2,Hazel
31,Heather
2,Heaven
1,Heaven-Lee
14,Heidi
1,Helaenna
1,Helayna
8,Helen
7,Helena
1,Hendrikje
1,Henna
1,Hera
1,Hervinalynn
1,Hiba
1,Hibah
1,Hien
1,Hilal
3,Hilary
1,Hilary-Anne
1,Hilda
4,Hillary
1,Hiranpreet
1,Hollee
1,Hollen
1,Holley
1,Hollie
26,Holly
1,Hollyann
2,Hong
1,Honor
18,Hope
1,Hothan
1,Houston
1,Huda
1,Hudson
16,Hunter
1,Hunter-Lea
2,Huynh
1,Ida
1,Ieisha
1,Ikeasha
1,Ikitsowaakiiyi
1,Ikram
2,Ilana
1,Ilayah
1,Ileyda
1,Iliana
1,Ilianna
1,Ilsa
1,Imaan
7,Iman
1,Inara
1,Indica
1,Inessa
1,Infiniti
1,Ingrid
1,Insha
1,Iona
1,Iqra
5,Ireland
4,Irene
2,Iris
1,Isabeau
14,Isabel
1,Isabell
29,Isabella
27,Isabelle
2,Isha
1,Ishani
2,Isobel
1,Isobelle
2,Isra
1,Issaff
1,Ivana
1,Ivena
1,Ivona
4,Ivy
1,Iyeala
1,Iza
3,Izabella
1,Izabelle
1,J.
1,Jaala
1,Jacalyn
1,Jacelyn
4,Jacey
1,Jacey-Anne
1,Jaci
1,Jacilyn
1,Jacina
3,Jacinda
2,Jacinta
3,Jackie
1,Jackielyn
2,Jacklyn
8,Jaclyn
16,Jacqueline
3,Jacquelyn
1,Jacqulynn
3,Jacy
1,Jacyanne
1,Jacyln
16,Jada
56,Jade
1,Jade-An
1,Jade-Eliza
1,Jadeene
1,Jadelynn
1,Jade-Lynn
10,Jaden
2,Jadeyn
10,Jadyn
1,Jadyne
1,Jadzia
1,Jaedin
1,Jaedyn
1,Jaela
3,Jaelyn
1,Jagat
1,Jagjeet
1,Jagvir
1,Jaida
2,Jaide
4,Jaiden
1,Jaidene
4,Jaidyn
1,Jailyn
11,Jaime
6,Jaimie
1,Jaira
1,Jalayna
1,Jaleen
1,Jaleesa
1,Jalene
1,Jalisa
1,Jalyse
1,Jamaerah
1,Jamaica
1,Jame
1,Jamee
2,Jameela
1,Jamelle
1,James
2,Jami
39,Jamie
1,Jamie-Ann
1,Jamie-Lea
1,Jamie-Lee
1,Jamila
1,Jana
10,Janae
1,Janai
1,Janan
1,Janat
1,Janay
4,Janaya
1,Janaye
1,Jandarck
9,Jane
1,Janea
1,Janeen
1,Janel
2,Janell
21,Janelle
12,Janessa
3,Janet
1,Janey
4,Janice
1,Janina
6,Janine
1,Janitta
3,Janna
1,Jannah
1,Jannan
1,Janne
2,Jannelle
1,Jannette
1,Janyne
1,Japrit
1,Jaqueline
1,Jarita
1,Jaryn
1,Jasey
1,Jashan
1,Jasinta
1,Jaskiran
3,Jasleen
1,Jaslin
1,Jasline
1,Jasman
1,Jasmeen
1,Jasmeet
8,Jasmin
40,Jasmine
1,Jasmine-Lee
1,Jasminie
1,Jasmon
1,Jasmyn
1,Jasneet
1,Jasnoor
1,Jasper
1,Jaspreet
1,Jasreen
1,Jawna
1,Jaxon
1,Jaxyn
1,Jay
1,Jaya
5,Jaycee
1,Jaycee-Lee
3,Jaycie
2,Jayd
8,Jayda
1,Jaydan
12,Jayde
1,Jaydean
1,Jaydee
25,Jayden
1,Jaydh
4,Jaydin
1,Jaydyn
1,Jayla
2,Jaylee
1,Jayleen
1,Jay-leena
1,Jayleene
1,Jayleisa
11,Jaylene
1,Jayley
3,Jaylyn
2,Jaylynn
4,Jayme
3,Jaymee
1,Jaymi
4,Jaymie
7,Jayna
1,Jayney-Dee
1,Jazelynn
6,Jazlyn
1,Jazlynn
1,Jazmeen
4,Jazmin
3,Jazmine
1,Jazzella
1,Jazzlynn
1,Jazzmin
5,Jean
1,Jeanaye
1,Jeannelle
1,Jeannette
1,Jeannine
1,Jedrienne
1,Jeevan
1,Jeevanjot
2,Jehan
2,Jelaina
2,Jelena
1,Jemina
1,Jenae
1,Jenaea
3,Jenai
1,Jenal
1,Jenalee
1,Jenasie
1,Jenay
2,Jenaya
2,Jenell
7,Jenelle
1,Jenesa
4,Jenessa
1,Jeneva
2,Jenica
1,Jenice
1,Jenita
80,Jenna
2,Jennae
1,Jennafer
1,Jennah
3,Jennessa
1,Jennica
3,Jennie
84,Jennifer
1,Jennifer-Lee
1,Jennine
13,Jenny
4,Jensen
1,Jenyla
1,Jeran
2,Jeri
1,Jerica
1,Jerica-Eve
1,Jericho
2,Jerri
1,Jerrica
1,Jerusa
1,Jesalyn
1,Jessa
1,Jessah
2,Jessalin
1,Jessalyn
1,Jessalyne
4,Jesse
1,Jesseca
1,Jessey
1,Jessi
213,Jessica
1,Jessica-Dawn
1,Jessicca
19,Jessie
1,Jessie-Lee
2,Jessika
1,Jessy
1,Jetta
12,Jewel
1,Jewelia
1,Jewelianna
1,Jewell
1,Jewelle
1,Jewels
1,Jezreel
1,Jhadina
1,Jia
1,Jiaxi
1,Jihan
1,Jilaine
1,Jilesa
6,Jill
1,Jillane
22,Jillian
1,Jillianne
1,Jissica
1,Jiwon
1,Joan-Grace
1,Joan-Micah
1,Joann
10,Joanna
6,Joanne
1,Jocassy
22,Jocelyn
2,Jocelyne
2,Jocelynn
1,Joceolynn
1,Jodessa
4,Jodi
3,Jodie
1,Jodi-Lynn
5,Jody
1,Joefy
8,Joelle
1,Joely
1,Joelynn
8,Johanna
2,Johnette
1,Jolane
1,Jolayne
1,Jolecia
2,Joleen
1,Jolena
9,Jolene
1,Jolie
1,Joline
1,Jolleen
1,Jolyn
1,Jomanna
1,Jomarie
1,Jonah
1,Jonalyn
2,Joni
1,Jonie
2,Jonna
91,Jordan
4,Jordana
2,Jordanna
1,Jordanna-Rose
3,Jorden
1,Jordi
1,Jordin
2,Jordon
33,Jordyn
1,Jordyne
4,Jordynn
1,Jorgia
1,Jorgie
1,Jori
1,Jorien
1,Jorja
1,Jorja-Joe
1,Jory
1,Joscelin
1,Joscelyn
6,Josee
1,Josefine
1,Joselyn
1,Joselyne
1,Joselynn
7,Josephine
1,Josette
1,Josey
1,Joshlyn
11,Josie
1,Josie-Ann
1,Josie-Anne
1,Josy
1,Joule
1,Journey
1,Jovita
1,Joy
1,Joyanna
5,Joyce
1,Joycelyn
1,Juanita
5,Judith
14,Judy
1,Juel
1,Juhaina
1,Juhlia
1,Julena
1,Jules
1,Juli
106,Julia
2,Julian
10,Juliana
13,Julianna
10,Julianne
23,Julie
1,Juliea
2,Julie-Ann
2,Julie-Anne
1,Juliene
2,Julienne
1,Juliet
1,Julin
1,Julisa
1,Julissa
1,Jullien
1,Julyssa
1,Junelle
1,June-Starr
2,Junia
1,Junior
1,Jupneet
1,Jurina
1,Justah
9,Justice
7,Justina
23,Justine
1,Justis
1,Justyce
1,Jyllize
1,K.
1,Ka
2,Kacee
1,Kacey
4,Kacie
1,Kacy
1,Kadee
1,Kaden
1,Kadi
3,Kadie
1,Kadlynn
1,Kaegan
3,Kaela
1,Kae-Leah
1,Kaelean
2,Kaeleigh
2,Kaelen
1,Kaeley
1,Kaelie
1,Kaeliegh
2,Kaelin
10,Kaelyn
1,Kaelynn
1,Kahlesa
1,Kahsha
1,Kaicee
1,Kaidyn
1,Kaiian
2,Kaija
4,Kaila
1,Kailan
1,Kailea
6,Kailee
1,Kaileen
2,Kaileigh
1,Kailese
11,Kailey
3,Kailin
3,Kailyn
1,Kailynn
1,Kainat
1,Kaira
2,Kaisha
33,Kaitlin
73,Kaitlyn
2,Kaitlynd
16,Kaitlynn
1,Kaitlynne
2,Kaja
1,Kalandra
2,Kalea
1,Kalei
7,Kaleigh
1,Kalena
1,Kalesta
3,Kaley
9,Kali
1,Kalicia
2,Kalie
1,Kali-Jean
1,Kalina
6,Kalista
1,Kalista-Lee
1,Kallandra
1,Kallee
1,Kalley
3,Kalli
3,Kallie
3,Kallista
2,Kally
1,Kallyn
1,Kallysta
1,Kalyn
1,Kalyna
1,Kalynn
1,Kalysa
1,Kamela
1,Kameron
1,Kamiesha
1,Kamika
1,Kamila
1,Kamilia
1,Kami-Lynn
1,Kamina
1,Kamiya
1,Kammirron
1,Kamryn
1,Kamrynn
1,Kandice
1,Kandra
1,Kandy
1,Kanisha
1,Kansas
14,Kara
1,Karalee
1,Karamvir
1,Kareen
14,Karen
4,Karena
1,Karendeep
1,Karesha
4,Kari
1,Kari-Ann
1,Karianna
1,Karie
1,Karilynn
1,Karin
4,Karina
3,Karis
12,Karissa
2,Kariya
2,Karla
14,Karlee
1,Karleigh
1,Karlene
5,Karley
5,Karli
1,Karlia
4,Karlie
1,Karlin
11,Karly
1,Karlyn
1,Karlynn
1,Karma
1,Karman
1,Karmen
1,Karmveer
1,Karoline
1,Karolyn
2,Karyssa
1,Kasandera
7,Kasandra
2,Kasey
2,Kasha
1,Kashae
1,Kashia
1,Kashina
1,Kashley
1,Kashly
4,Kasia
2,Kasidy
9,Kassandra
2,Kassi
1,Kassia
1,Kassidee
26,Kassidy
1,Kassie
1,Kasstidy
1,Kastleen
1,Kastyn
1,Katana
3,Katarina
3,Katarzyna
1,Katayla
1,Katcheri
27,Kate
1,Katee
1,Kateleen
1,Katelin
49,Katelyn
3,Katelyne
10,Katelynn
3,Kate-Lynn
1,Katelynne
1,Kate-Lynne
2,Katerina
1,KaTessa
2,Katey
1,Kathaleen
4,Katharina
5,Katharine
3,Katherina
59,Katherine
1,Katheryn
1,Kathirene
22,Kathleen
1,Kathrene
2,Kathrin
1,Kathrina
1,Kathrina.L.
34,Kathryn
3,Kathy
1,Kati
1,Katianne
33,Katie
1,Katilynn
1,Katira
2,Katja
3,Katlin
7,Katlyn
1,Katlyne
2,Katlynn
35,Katrina
3,Katrine
1,Kattie
3,Katy
4,Katya
1,Katyanna
1,Kaur
1,Kaureen
1,Kaushali
1,Kavin
3,Kaya
1,Kayan
1,Kayanna
1,Kaybree
3,Kaycee
2,Kaycie
1,Kayden
1,Kaydrien
1,Kayen
1,Kayenta
115,Kayla
2,Kaylah
1,Kayla-Marie
2,Kaylan
1,Kaylana
1,Kaylann
40,Kaylee
1,Kaylee-Anne
1,Kayleen
1,Kaylei
5,Kayleigh
2,Kaylen
1,Kaylene
12,Kayley
1,Kayli
7,Kaylie
1,Kaylie-Ann
13,Kaylin
1,Kaylinn
6,Kaylyn
2,Kaylynn
1,Kay-Lynn
1,Kaytie
1,Kaytlin
1,Kaytlyn
1,Kaytlynn
1,Kayzia
1,Kc
1,Kealey-Shay
3,Kealy
6,Keana
2,Keandra
7,Keanna
1,Keannah
1,Keanne
11,Keara
1,Kearstyn
1,Keary-Lee
1,Keashawna
2,Keaton
1,Keeanna
1,Keegan
1,Keelan
2,Keelee
9,Keeley
1,Keelie
1,Keelin
16,Keely
1,Keely-Anne
1,Keely-Shaye
1,Keenya-Tyree
1,Keeona
1,Keera
1,Keerstin
1,Keerstyne
1,Keerti
6,Keesha
1,Kehler
1,Keiawna
1,Keilah
1,Keilani
1,Keina
7,Keira
1,Keirah
2,Keiran
1,Keirsten
1,Keirstyn
1,Keiryn
5,Keisha
1,Keitha
2,Kelby
1,Kelby-Lee
3,Kelci
1,Kelcie
1,Kelechi
1,Keleeja
1,Kellee
5,Kelli
8,Kellie
30,Kelly
1,Kellyann
1,Kelsea
1,Kelsea-Kombe
1,Kelsee
73,Kelsey
2,Kelsi
9,Kelsie
1,Keltie
1,Kenadee
1,Kenadi
1,Kenady
7,Kendal
15,Kendall
1,Kendel
2,Kendell
1,Kendi
48,Kendra
1,Kendyl
1,Kendyll
2,Kenedi
1,Kenesha
1,Kenisha
4,Kenna
1,Kennadi
1,Kennady
1,Kennady-Lea
3,Kennedi
56,Kennedy
1,Kenyn
2,Kenzi
1,Kenzie
1,Kererra
1,Keri
1,Kerigan
1,Kerra
3,Kerri
1,Kerrie
1,Kerrin
2,Kersten
3,Kerstin
1,Kes
1,Kess
1,Kesslynn
1,Kestra
1,Keva
1,Kevi
1,Keya
1,Keyana
1,Keyanna-May
1,Keyanne
1,Keyawni
2,Keyla
2,Keylee
1,Keyli
1,Keyra
1,Keytha
2,Kezia
2,Keziah
1,Khadijah
1,Khadije
1,Khadra
1,Khalie
1,Kheloud
1,Khethiwe
1,Khianna
1,Khillat
1,Khizrah
1,Khushveer
3,Kia
3,Kiah
24,Kiana
1,Kiandra
10,Kianna
1,Kiannah
1,Kianni
17,Kiara
2,Kiarra
1,Kieauna
1,Kiendra
14,Kiera
3,Kieran
6,Kierra
6,Kiersten
1,Kierston
1,Kierstyn
1,Kiho
1,Kiley
1,Killoran
2,Kim
2,Kimberlee
7,Kimberley
30,Kimberly
1,Kimberlyn
1,Kimi
1,Kimisha
1,Kimran
1,Kina
1,Kindra-Lee
1,Kinler
1,Kiona
33,Kira
1,Kiraleah
2,Kiran
2,Kirandeep
1,Kiranpreet
1,Kiranvir
1,Kirbi
2,Kiri
1,Kirissa
35,Kirsten
4,Kirstin
1,Kirsty
1,Kirstynn
2,Kitana
1,Kiteira
1,Kitra
1,Kitrina
1,Kitty
1,Kiya
1,Kjara
1,Kladi
1,Klara
1,Klaudia
1,Klervi
2,Kobe
1,Kobi
1,Kodee-Leigh
1,Kodi
1,Kolbee
2,Kolby
3,Komal
1,Komalpreet
1,Kora
2,Koral
1,Korby-Lee
1,Korey
4,Kori
1,Kori-Anne
1,Korin
1,Korina
1,Kornelia
1,Korri
1,Korrie
1,Korri-Lynne
1,Kortney
4,Kourtney
1,Kourtney-Lee
1,Kourtni
1,Kourtny
1,Kree
1,Kress
1,Krishauna
1,Krislyn
1,Krissy
10,Krista
2,Kristal
2,Kristan
1,Kristeena
42,Kristen
3,Kristi
1,Kristiana
1,Kristianna
2,Kristie
15,Kristin
7,Kristina
3,Kristine
8,Kristy
2,Kristyn
1,Kristyna
1,Krysia
1,Krysta
2,Krystal
1,Krystan
1,Krystele
4,Krystina
1,Kshira
1,Kulood
1,Kurya
1,Kwanita
1,Kya
1,Kyana
1,Kyanne
1,Kyesha
1,Kyia
39,Kyla
8,Kylee
1,Ky-Lee
1,Kyleen
3,Kyleigh
21,Kylie
1,Kyndra
45,Kyra
1,Kyra-Layne
1,Kyran
1,Kyrann
1,Kyrelle
1,Kyrene
1,Kyrie-Lynn
1,Kyrsten
1,Kyrstie
1,Kytrina
1,Laaryssa
1,Lace-Ann
4,Lacey
1,Lacinda
1,Laci-Rae
1,Lacrisha
1,Laila
3,Laine
1,Lainey
1,Lainie
1,Lakeisha-Anne
1,Lakeyscha
2,Lakisha
1,Lakita
1,Lakoda
2,Lakota
1,Lama
1,LaMona
6,Lana
1,Lanae
1,Landry
1,Lane
1,Lanee
1,Lanell
1,Laquijha
8,Lara
2,Laramie
1,Lareeca
1,Larel
1,Lariesha
24,Larissa
3,Larysa
1,Laryssa
1,Latasha
1,Lateasha
1,Latiah
1,Latoya
1,Lattia
46,Laura
1,Lauragrace
1,Laura-Ho
1,Lauralee
1,Laura-Lee
1,Laura-Lynn
6,Laurel
77,Lauren
3,Laurie
2,Laurin
1,Laurina
2,Laurissa
5,Lauryn
1,Lawanda
1,Layelle
1,Layla
1,Layna
4,Layne
1,Lazara
1,Lea
29,Leah
1,Leah-Marie
1,Leandra
5,Leanna
15,Leanne
1,LeDelle
1,Lee
1,Leeanna
1,Lee-Anna
3,Leeanne
3,Leela
1,Leena
1,Leena-Marie
1,Leeora
1,Leesa
1,Leetia
1,Leeza
1,Leia
1,Leiana
3,Leigh
2,Leigha
3,Leila
2,Leilani
1,Lela
2,Lelaina
9,Lena
1,Lena-Mae
1,Lenaya
1,Lene
1,Lenora
1,Lenore
2,Leona
1,Leopordina
1,LeQueasha
1,Lesa
1,Lesha
1,Leslea
1,Leslee
1,Lesley
7,Leslie
1,Leslie-Ann
2,Leticia
1,Letitia
1,Lexcy
10,Lexi
10,Lexie
1,Lexis
4,Lexus
5,Lexy
1,Lexynn
2,Lia
1,Lialah
1,Liana
1,Liane
1,Libby
1,Liberty
1,Lieithe
1,Liesil
1,Liesl
1,Ligia
2,Lila
2,Lilia
1,Liliane
1,Lilith
2,Lilli
4,Lillian
1,Lillianna
2,Lilly
8,Lily
1,Lilybeth
1,Lily-Maria
3,Lina
5,Linda
25,Lindsay
13,Lindsey
2,Lindy
1,Linea
2,Linh
1,Linna
1,Linnae
1,Linnea
1,Linsey
1,Linzee
1,Linzie
25,Lisa
1,Lise
1,Lisle
1,Lissette
2,Livia
1,Lizzetta
1,Loa-Kae
1,Loana
4,Logan
1,Lola
4,London
1,Londyn
1,Lonna
1,Lora-Lae
1,Loran
1,Loreena
1,Lorell
1,Lorellee
1,Loren
2,Lorena
1,Lorenn
1,Loretta
7,Lori
1,Loriana
1,Lori-Ann
1,Lorianne
1,Loriel
1,Lorilee
1,Lori-lee
1,Lorilei
1,Lorisha
1,Lorissa
1,Lorna
4,Lorraine
1,Loryn
1,Lou-Ann
1,Louisa
3,Louise
1,Lourdes
1,Lovely
3,Lucia
1,Lucille
2,Lucinda
2,Lucy
1,Luisa
1,Luka
1,Lundyn
7,Lydia
1,Lyla
1,Lyna
2,Lyndsay
2,Lyndsey
1,Lynette
1,Lynh
1,Lynn
1,Lynnaya
1,Lynnelle
1,Lynnette
1,Lynx
1,Lyrissa
1,Lyssa
1,Maaike
2,Mabel
1,Macey
1,Machayla
1,Macheala
1,MacKensy
1,Mackenzi
98,Mackenzie
24,MacKenzie
1,Mackinley
1,MacLean
1,Macrina
3,Macy
1,Macyn
1,Madalitso
4,Madalyn
1,Madalynn
1,Maddalynne
9,Maddison
1,Madeeha
5,Madelaine
20,Madeleine
1,Madeliene
1,Madelin
29,Madeline
3,Madelyn
1,Madelynn
1,Madeson
1,Madiajeh
1,Madilynne
5,Madisen
205,Madison
1,MADISON
1,Madisson
6,Madisyn
3,Madysen
5,Madyson
4,Maegan
1,Maeson
1,Maeva
1,Maeve
2,Magdalena
1,Magdalene
1,Magee
8,Maggie
1,Maggie-May
1,Maghen
1,Maha
1,Mahaila
1,Mahima
1,Mahina
1,Mahnoor
1,Mahogany
1,Mahtab
6,Maia
1,Maice
1,Maii
3,Maija
1,Maira
2,Mairead
1,Mairi
2,Maisie
1,Maiya
1,Maja
1,Majada
1,Makala
23,Makayla
1,Makaylah
1,Makaylia
1,Makda
1,Makena
4,Makenna
1,Makennah
1,Makenzee
7,Makenzie
1,MaKenzie
1,Makenzy
1,Malahat-Naila
2,Malak
1,Malayna
1,Malee
1,Maleea
2,Malena
1,Mali
1,Malia
1,Malika
1,Malina
1,Malissa
1,Malja
1,Mallaidh
1,Mallarie
9,Mallory
1,Malorie
1,Mana
2,Manaal
1,Manbir
1,Mandee
1,Mandeep
1,Mandi
1,Mandie
1,Mandolin
5,Mandy
2,Maneet
1,Manette
1,Manisha
1,Manjot
1,Mankirat
2,Mankirn
1,Manmohanmeet
1,Mannat
1,Manpreet
1,Manveer
1,Mara
1,Marae
2,Maranda
1,Marcedes
1,Marcela
1,Marcelyn
1,Marci
1,Marcie
1,Marcy
5,Maren
1,Marena
10,Margaret
1,Margaretha
1,Margaret-Jenny
1,Margie
1,Margit
1,Margo
1,Margory
1,Margrath
1,Margret
2,Marguerite
1,Mari
42,Maria
29,Mariah
10,Mariam
1,Mariam-Baqir-
1,Mariame
1,Marianna
2,Marianne
13,Marie
1,Marie-Antoinette
1,Mariejoe
1,Marie-Josee
1,Marieka
1,Marieke
1,Mariel
2,Marielle
1,Marie-Pier
1,Marie-Therese
1,Marifel
1,Marija
1,Marika
2,Marilyn
15,Marina
2,Maris
8,Marisa
31,Marissa
1,Marita
1,Marium
1,Markaya
1,Markee
1,Markie
1,Marlayna
1,Marleah
5,Marlee
3,Marlena
1,Marlene
4,Marley
3,Marlo
1,Marly
1,Marnie
1,Marquee
1,Marram
1,Marrin
1,Marrissa
1,Marta
6,Martha
1,Marthe-Victoria
1,Martika
5,Martina
1,Martins
1,Marty
1,Marwa
48,Mary
1,Maryan
2,Maryann
2,Mary-Ann
1,MaryAnna
1,Maryanna
1,Maryann-
2,Maryanne
1,Mary-Anne
1,Mary-Claire
1,Mary-Elizabeth
1,Maryne
1,Mary-Neige
1,Marysela
1,Marysol
4,Mason
1,Masuma
1,Mataya
1,Mathea
1,Mathilda
1,Mathushana
2,Matilda
4,Mattea
1,Mattie
1,Mattisen
1,Matyra
2,Maureen
1,Maurence
1,Maurian
1,Mave
1,Maven
5,Maxine
1,May
21,Maya
1,Mayada
1,Mayamona
2,MayBeth
1,Maybry
1,Maylen
1,Mayson
1,Mcaley
1,McKaila
2,McKayla
1,Mckayla
1,McKaylah
1,McKaylie
1,McKegney
8,McKenna
5,Mckenna
1,McKennzie
1,McKenzi
18,McKenzie
5,Mckenzie
1,McKinley
1,Mckinley
1,McKinna-Shae
31,Meagan
12,Meaghan
2,Meah
1,Meaza
1,Mechale
1,Medea
1,Medina
1,Meena
1,Meenal
3,Meg
175,Megan
1,Megann
1,Megara
1,Megdaline
1,Megen
1,Megg
1,Meggan
29,Meghan
1,Meghna
1,Mehakpreet
1,Mehala
1,Meicah
1,Mekenna
1,Mek'Wun
1,Melania
31,Melanie
1,Meldina
1,Melia
4,Melina
3,Melinda
1,Melisa
60,Melissa
1,Melissa-Anne
2,Melissa-Lynn
1,Melissa-Marie
1,Melkael
3,Mellisa
1,Melodie
3,Melody
1,Melyssa
1,Memory
1,Mendelle
2,Meranda
1,Mercades
1,Mercedee
16,Mercedes
3,Mercedez
1,Meredith
1,Merica
1,Merina
1,Meriska
4,Merissa
1,Merna
1,Meron
1,Merwa
1,Meylee
18,Mia
1,Miah
1,Mianna
1,Miaree
1,Mica
3,Micaela
2,Micayla
25,Michaela
1,Michaela-Maree
1,Michaella
1,Michaely
1,Michala
1,Michalan
1,Michalia
1,Michayla
4,Micheala
1,Michela
2,Michele
1,Micheline
1,Michella
67,Michelle
2,Mickayla
1,Mickenzie
1,Mienna
3,Mika
24,Mikaela
2,Mikaila
1,Mikailie
4,Mikala
1,Mikalia
44,Mikayla
1,Mikena
2,Mikenna
1,Mikhaela
3,Mikhaila
1,Miki
1,Mikita
1,Mikylie
1,Mila
1,Milana-Draga
1,Milann
1,Mildred
1,Mileana
2,Mileena
1,Milene
1,Millay
1,Millinea
1,Mindy
1,Minka
1,Minna-Louise
5,Mira
1,Mirabela
44,Miranda
1,Mireille
1,Mirhae
3,Miriam
1,Mirta
1,Misa
1,Misha
1,Mishayla
4,Misty
6,Miya
1,Miyah
1,Moesha
1,Moira
1,Molli
14,Molly
1,Mominah
1,Moneira
23,Monica
6,Monika
1,Monikka
5,Monique
1,Monisha
1,Montaha
15,Montana
2,Montanna
97,Morgan
1,Morgann
1,Morganne
3,Morgen
3,Morghan
2,Moriah
2,Morning
1,Morningstar
2,Morrigan
1,Morrighan
1,Moyesha
1,Msgana
1,Mulunesh
1,Muna
1,Munroe
1,Munvir
1,Muranda
1,Murie
1,Muskanpreet
2,My
2,Mya
4,Myah
1,Mychayla
1,Myckala
3,Mykaela
2,Mykala
1,Mykalah
1,Mykale
2,Mykayla
1,Mykelti
1,Mykenna
1,Mykenzie
1,Mykhaela
1,Mylaine
1,Mylanda
1,Mylena
2,Myra
2,Myranda
1,Myriah
1,Myrian
1,Myrika
1,Myrna
1,Mytaya
1,Mytayla
2,Nabila
1,Nabilah
1,Nada
1,Nadalyn
1,Nadayge
2,Nadeen
8,Nadia
9,Nadine
1,Nadreen
2,Nadya
1,Naeema
1,Nafisa
1,Nahonni
1,Naiha
1,Naila
1,Naiomy
1,Naiosha
1,Najat
1,Najwa
2,Nakayla
1,NaKayla
3,Nakita
1,Nakota
2,Nalin
1,Nallie
1,Nancy
23,Naomi
1,Nareesa
2,Narissa
1,Narisse
1,Naseem
1,Nasrine
1,Nastasia
1,Nastassja
1,Natacha
1,Nataleah
9,Natalia
43,Natalie
1,Nataly
2,Natalya
1,Natane
64,Natasha
2,Natashia
1,Natassja
1,Nataya
1,Nataysha
2,Nathalie
1,Natia
1,Natisha
1,Natishya
3,Navdeep
1,Navi
1,Navjot
1,Navneet
2,Navpreet
1,Navreen
1,Navreet
1,Navrin
1,Nawal
1,Neala
1,Nedaa
1,Neela
1,Neely
2,Neesha
3,Neha
1,Nehal
1,Nella
1,Nelleke
1,Nellie
1,Nerissa
1,Neshan
1,Nessa
2,Nessreen
1,Nesta
1,Neta
1,Netania
1,Nettie
11,Nevada
1,Neveen
1,Neyoma
1,Neysa
2,Nga
1,Ngoc
1,Ni'
1,Nia
1,Niamh
2,Niaomi
1,Nicala
3,Nichole
1,Nicki
1,Nickitta
1,Nicky
1,Nicol
8,Nicola
147,Nicole
6,Nicolette
1,Nieva
1,Nika
2,Nikayla
1,Nikeyta
1,Niki
1,Nikiesha
2,Nikisha
17,Nikita
3,Nikki
1,Nikkita
1,Nikko
1,Nimra
2,Nimrat
1,Nimrit
9,Nina
1,Niomi
1,Nisha
1,Nisreen
1,Nita
1,Nitara
1,Niya
1,Niyanah
1,Nneka
2,Noa
1,Noaah
3,Noah
2,Noel
2,Noella
5,Noelle
1,Noema
1,Noor
1,Noorani
2,Nora
1,Norissa
1,Norma
3,Nour
1,Novalyne
1,Nurelhuda
1,Nyakume
1,Nyasha
1,Nylrry
4,Ocean
2,Oceana
1,Octovia
1,Odellia
3,Odessa
1,Ogkayan
74,Olivia
1,Oluwakemi
1,Olyssa
1,Omayma
1,Onna
1,Onya
1,Ophelia
1,Ophelie
1,Ophir
1,Orenda
1,Ortensia
1,Oxana
3,Page
72,Paige
1,Paisley
1,Palavi
1,Paloma
1,Pamala
1,Pamalpreet
2,Pamela
1,Pandora
1,Parhana
1,Parigul
10,Paris
4,Parker
1,Parmeet
1,Parul
1,Parus
3,Patience
1,Patrice
10,Patricia
1,Patrisha
1,Patrycia
3,Paula
1,Paule
2,Paulina
8,Pauline
1,Paulla
1,Pavenpreet
1,Pavneet
1,Payal
1,Payden
1,Payge
16,Payton
1,Pearl
2,Peighton
3,Perri
1,Persephony
1,Persia
2,Petra
13,Peyton
1,Phaedra
1,Phanthipha
1,Phelicia
1,Pheonix
5,Phoenix
2,Piper
1,Poonam
1,Posy
2,Prabdeep
1,Prabhjot
1,Prabhsimran
1,Prabneet
1,Praneeta
1,Precious
2,Preet
1,Presley
1,Pricilla
1,Princess
5,Priscilla
1,Priththa
1,Pritika
2,Priya
3,Priyanka
1,Pryhcia
1,Puneet
1,Queenie
4,Queeny
1,Queeny-Dieu
1,Queren
1,Quest
1,Quin
1,Quincy
2,Quinlan
4,Quinn
1,Quinne
1,Quinn-Marie
1,Quyanna
12,Rachael
2,Racheal
133,Rachel
10,Rachelle
1,Rachel-Lynn
1,Racquel
1,Rady
6,Rae
1,Raeana
2,Raeann
1,RaeAnn
2,Raeanna
5,Raeanne
2,Rae-Anne
1,Rae-lee
1,Raeleen
1,RaeLeene
6,Raelene
1,Raeley
2,Raelyn
5,Raelynn
1,Rae-Lynn
1,Raelynne
1,Raeven
1,Rafia
1,Rahanuma
1,Raheema
1,Raheena
1,Rahma
1,Rai-Lynne
1,Rain
5,Raina
1,Rainah
1,Rainbow
3,Raine
1,Rajan
2,Rajneet
1,Ralene
2,Rama
2,Raman
1,Ramandeep
1,Ramanpreet
1,Ramneek
1,Rana
1,Randeep
1,Randell
5,Randi
1,Randi-Jade
1,Ranelle
1,Rania
1,Ranjoat
1,Ranzell
1,Raphaela
2,Raphaelle
4,Raquel
1,Raquelle
1,Rasanpreet
1,Raveena
9,Raven
2,Ravia
1,Ravjot
3,Ravneet
2,Rawan
1,Rawda
2,Raya
1,Rayane
2,Rayann
1,Raydelle
1,Raydyn
1,Rayel
1,Rayelle
1,Rayhanah
1,Raylah
2,Raylee
1,Rayleen
1,Raylena
5,Raylene
1,Rayliegh
1,Raylynn
1,Rayn
6,Rayna
3,Rayne
1,Raynee
1,Raynell
1,Rayven
1,Razan
1,Razia
7,Reagan
1,Reagan-Marie
1,Reagen
1,Ream
5,Reanna
2,Reanne
1,Reannin
1,Reba
1,Rebeca
141,Rebecca
2,Rebecca-Lynn
1,Rebecka
10,Rebekah
3,Rebekkah
1,Rechelle
3,Reece
1,Reed
1,Reegan
5,Reem
2,Reema
1,Reemi
2,Reese
1,Reetika
1,Reeva
10,Regan
1,Regina
1,Regine
1,Reice
1,Reid
1,Reighanna
3,Reilly
1,Reim
1,Reina
1,Remy
2,Renae
1,Renalene
1,Renalle
2,Renata
2,Rene
2,Renea
11,Renee
2,Renelle
1,Renita
1,Reseda
1,Revestin
1,Revina
1,Reyanne
1,Reyna
5,Rhea
1,Rhean
1,Rheana
1,Rheannon
1,Rhegan
5,Rhianna
1,Rhianne
8,Rhiannon
1,Rhoda
6,Rhonda
1,Rhyann
1,Rhylah-Anne
1,Rhyleigh
1,Rhyver
1,Rian
1,Riana
3,Riane
4,Rianna
1,Rianne
1,Riannon
1,Rianon
1,Richanda
1,Richele
5,Ricki
1,Ricole
1,Riel
2,Rieley
1,Rigel
1,Rihanna
1,Rikayla
1,Riki
1,Rikki
1,Rilea
1,Rilee
1,Rileigh
14,Riley
1,Rimneet
1,Rina
1,Risa
1,Risha
3,Rita
4,River
1,Roba
4,Roberta
5,Robin
41,Robyn
1,Robynn
6,Rochelle
1,Rodas
1,Rogan
1,Roisin
1,Rojean
1,Rokelle
1,Rolanda
1,Romesa
1,Ronalei
1,Roneesha
1,Roniksha
3,Rosa
1,Rosalia
2,Rosalie
1,Rosalind
1,Rosaline
1,Rosalyn
1,Rosanna
9,Rose
1,Rosealeigh
1,Rosedeep
1,Rosemary
1,Roshini
1,Rosie
1,Rosslyn
5,Rowan
1,Rowanne
1,Roxann
6,Roxanne
1,Roxie
1,Roxolana
1,Roxy
1,Roya
1,Rozlyn
1,Ruah
1,Rubina
3,Ruby
1,Ruhani
1,Rukash
1,Rumdeep
1,Rumneek
1,Ruo
1,Rupinder
1,Rupsikha
1,Rushninder
4,Ruth
1,Ruthanne
4,Ryann
2,Ryanne
1,Ryia
2,Rylan
11,Rylee
1,Ry-Lee
1,Rylee-Jean
2,Ryleigh
2,Ryley
2,Rylie
1,Rynne
1,Rywayda
1,Saada
1,Saba
1,Sabah
1,Sabeak
1,Sabheen
1,Sabina
1,Sabine
1,Sabreen
27,Sabrina
1,Sabryna
1,Sadee
1,Sadia
9,Sadie
1,Sadiqa
1,Safah
1,Safia
1,Safira
1,Sagan
18,Sage
1,Saher
1,Sahlysse
1,Saida
1,Sa'ida
1,Saidy
3,Saige
1,Saihaj
1,Saira
1,Sajeeda
1,Salassie
3,Salena
2,Salina
1,Salina-Grace
8,Sally
2,Salma
1,Salome
166,Samantha
1,Samantha-Anne
1,Samantha-Liegh
1,Samar
4,Samara
1,Samarah
1,Samatha
1,Sami
2,Samia
1,Samicka
5,Samira
1,Sammi
3,Sana
1,Sancia
12,Sandra
3,Sandy
2,Sannah
1,Santana
1,Santi
1,Santina
1,Saoirse
1,Sapneet
1,Sapphire
69,Sara
1,Saraa
255,Sarah
2,Sarah-Jane
1,Sarah-Jo
1,Sarahlyn
1,Sarah-Margaret
1,Saralea
1,Sara-Lee
1,Saranne
1,Sareena
1,Sarena
1,Sarha
1,Sariana
4,Sarina
1,Sarscha
1,Sascha
15,Sasha
1,Saskia
1,Satasha
1,Saterra
1,Satinay
1,Sativa
1,Satoya
1,SauMan
3,Savana
2,Savanah
1,Savana-Mae
8,Savanna
38,Savannah
1,Saveena
1,Savhannah
1,Savita
1,Savreet
1,Savrin
3,Sawyer
1,Saydie
2,Sayge
1,Sayla
1,Scarlett
1,Schyler
4,Seanna
1,Seba
1,Sedene
1,Seela
1,Seham
1,Seidi
23,Selena
1,Selene
1,Selenna
1,Selest
6,Selina
1,Selma
1,Sema
1,Seneca
1,Senia
1,Senya
2,Sequoia
1,Sera
1,Serafina
1,Serean
1,Sereen
1,Sereena
19,Serena
2,Serene
6,Serenity
1,Seriena
1,Sesselja
1,Setiva
1,Sevanna
1,Sevina
1,Shaaden
1,Shabnam
1,Shaconna
2,Shaden
1,Shades
1,Shadie
14,Shae
1,Shaeann
1,Shaela
1,Shaelagh
1,Shaelea
1,Shaelee
19,Shaelyn
6,Shae-Lyn
1,Shaelyne
7,Shaelynn
18,Shae-Lynn
1,Shaelynne
1,Shae-Lynne
1,Shaenna
1,Shahailas
2,Shaila
1,Shaila-Rae
1,Shaileen
1,Shailene
1,Shailja
1,Shailla
1,Shailyn
3,Shailynn
1,ShaiLynn
1,Shai-Lynn
1,Shaima
3,Shaina
1,Shaine
2,Shala
1,Shalaina
1,Shalaine
1,Shalaize
1,Shalayna
2,Shalean
1,Shaleece
1,ShaLeen
1,Shaleen
1,Shaleena
1,Shalene
1,Shalina
1,Shallyn
1,Shalom
2,Shalonda
2,Shalyn
1,Shalynn
1,Shamah
1,Shamaila
1,Shamaya
1,Shamira
1,Shamsa
3,Shana
3,Shanae
1,Shana-Lea
1,Shana-Tai
2,Shanay
2,Shanaya
1,Shanaz
3,Shanda
1,Shandell
1,Shandice
1,Shanea
1,Shaneese
2,Shanel
2,Shanell
5,Shanelle
1,Shaney
1,Shan-E-Zahera
1,Shani
16,Shania
1,Shania-Lee
3,Shanice
1,Shanieka
1,Shanika-Marie
1,Shanille
1,Shanique
2,Shanita
3,Shanna
1,Shannah
1,Shannen
28,Shannon
1,Shannyn
1,Shantay
6,Shantel
3,Shantelle
1,Shaquila
1,Sharan
1,Sharanda
1,Sharise
1,Sharissa
2,Sharla
2,Sharlene
1,Sharmaine
1,Sharnpreet
4,Sharon
1,Sharona
1,Sharonpreet
1,Shasa
1,Shasta
8,Shauna
1,Shauneen
1,Shaunice
1,Shauni-Rae
1,Shaun-Tai
2,Shauntay
1,Shavana
1,Shavaughn
1,Shavon
1,Shavonne
1,Shawn
9,Shawna
1,Shawna-Ann
1,Shawnae
1,Shawnay
1,Shawnita
1,Shawnte
3,Shay
1,Shayal
1,Shayan
5,Shayanne
1,Shayde
3,Shaye
1,Shayelene
1,Shaye-Lynn
1,Shaye-Lynne
37,Shayla
2,Shaylan
1,Shay-Lane
1,Shayla-Rose
1,Shaylean
8,Shaylee
1,Shayleen
2,Shayleigh
1,Shaylen
11,Shaylene
1,Shayley
2,Shayli
1,Shaylie
8,Shaylin
1,Shaylona
5,Shaylyn
1,Shay-Lyne
3,Shaylynn
1,Shay-Lynn
1,Shayma
15,Shayna
1,Shaynna
1,Shayodi
1,Shayse
1,Shaznai
1,Shaznay
7,Shea
1,Shealee
3,Sheena
2,Sheetal
3,Sheila
1,Shei-Li
1,Shelanna
2,Shelbea
2,Shelbee
2,Shelbie
88,Shelby
1,Shellaine
1,Shelley
2,Shelly
1,Shelly-Ann
1,Shelwen
1,Shenali
1,Shenika
1,Shennah
1,Shennaya
1,Sherena
1,Sherene
2,Sheri
1,Sheridan
1,Sheriden
1,Sherie
3,Sherilyn
1,Sherissa
1,Sheriz
1,Sherra-Lynn
3,Sherry
1,Sherry-Anne
1,Sheryce
1,Sheryl
1,Sheryllyn
1,Shetin
1,Shevay
1,Shevon
1,Sheyanne
1,Sheyla
1,Sheytana
1,Shiana
1,Shiane
2,Shiann
2,Shianna
3,Shianne
1,Shidell
1,Shie
1,Shiloh
1,Shinal
1,Shirlee
4,Shirley
1,Shivania
1,Shivanjali
1,Shonda
1,Shoshone
1,Shovonne
1,Shreya
1,Shu-A
1,Shulene
1,Shweta
2,Shyan
2,Shyanna
9,Shyanne
10,Shyla
1,Shylona
1,Shyndal
2,Shyvonne
3,Sianna
1,Sidnee
11,Sidney
1,Sidnie
1,Sieanna
3,Siena
6,Sienna
1,Siera
42,Sierra
1,Sierrah
1,Silken
1,Silver
1,Silver-Maria
1,Simaran
1,Simeet
1,Simiran
4,Simone
1,Simonne
16,Simran
1,Simrandeep
1,Simrat
1,Simren
1,Simrin
1,Sinclair
1,Sinjin
6,Siobhan
1,Sithiji
1,Sjolene
2,Sky
1,Skyanne
9,Skye
2,Skyla
1,Skylah
24,Skylar
1,Skylar-Dawn
1,Skylar-Lee
8,Skyler
1,Skylor
1,Skylynn
1,Skyra
2,Sloan
2,Sloane
4,Sofia
1,Sofie
1,SoHa
1,Sojourn
1,Solana
2,Solange
1,Solina-Ka-Young
1,Solomiya
2,Somer
2,Sommer
1,Sonal
1,Sonali
8,Sonia
1,Sonica
3,Sonja
1,Sonjya
1,Sonya
20,Sophia
21,Sophie
1,Sorayya
1,Soren
1,Sorida
1,Soyeon
6,Spencer
9,Stacey
2,Stacie
2,Stacy
2,Star
1,Starla
1,Stefani
1,Steffany
1,Stelianie
2,Stella
73,Stephanie
1,Stephany
1,Stephene
1,Stephenie
3,Stevie
2,Stoney
1,Storie
1,Storm
1,Stormi
1,Suhana
1,Sukhdeep
1,Sukhmani
3,Sukhpreet
2,Sumaya
1,Summar
20,Summer
1,Summor
1,Sumner
1,Sunni
1,Supreet
1,Sureiya
1,Sureya
1,Surina
4,Susan
2,Susana
6,Susanna
1,Susanne
1,Susie
1,Sutton
1,Suzannah
2,Suzanne
1,Suzette
1,Suzy
1,Syanne
1,Sydelle
4,Sydnee
122,Sydney
2,Sydni
3,Sydnie
1,Sydny
1,Syeda
1,Sylena
1,Sylinda
1,Sylvana
1,Sylvia
1,Sylvian
1,Symrin
1,Synthia
1,Syraine
1,Sytra
1,T.
1,Ta
2,Tabatha
1,Tabbitha-Anne
1,Tabea
1,Tabitha
1,Tacee
1,Taejah
1,Taeler
1,Taelor
1,Taeryn
1,Tahkaya
1,Tahlia
1,Tahlisha
1,Tahnee
1,Tai
1,Taia
1,Taiessa
1,Taija
3,Taisha
1,Taishia
1,Tait
2,Taiya
1,Taja
1,Takara
1,Takeena
1,Takeisha
1,Talajah
1,TaLeesha
9,Talia
1,Talis
1,Talise
1,Talissa
1,Tallulah
1,Talyn
1,Talynn
1,Talyssa
17,Tamara
1,Tamara-Ann
1,Tamarrah
1,Tamera
1,Tamera-Leigh
2,Tamia
4,Tamika
1,Tamika-Josphine
11,Tammy
1,Tamyra
1,Tana-Rae
1,Taneasha
1,Taneeka
1,Tangiene
2,Tania
1,Tanielle
2,Taniesha
2,Tanika
5,Tanis
1,Tanisa
5,Tanisha
1,Tanishia
1,Tanita
1,Tanith
1,Tanjot
1,Tannan
2,Tanner
2,Tannis
1,Tannisha
1,Tansley
1,Tanvee
1,Tanveer
1,Tanvir
5,Tanya
1,Tanysha
22,Tara
1,Tarab
1,Tarah
1,Taran
1,Taranah
1,Tarandeep
2,Taren
1,Tarina
1,Taris
1,Tarissa
1,Tarnjit
1,Tarrah
1,Tarrell
1,Tarrena
1,Tarri
18,Taryn
1,Tash
9,Tasha
1,Tasha-Lee
1,Tashana
1,Tashaye
1,Tashayna
1,Tasheena
1,Tashiah
1,Tashina-Rae
3,Tasia
1,Tasson
3,Tate
8,Tatiana
3,Tatianna
1,Tatiiana
1,Tatijana
3,Tatjana
2,Tatjanna
1,Tattyana
10,Tatum
1,Tatyana
1,Tatyjania
1,Taurie
1,Tavia
1,Tavneet
1,Tawnee
1,Tawni
1,Tawnya
7,Taya
2,Tayah
1,Taygan
5,Tayla
1,Taylar
6,Tayler
1,Taylin
1,Taylissa
265,Taylor
1,TAylor
2,Taylore
1,Taylor-Lee
1,Taylor-Sage
1,Taylor-Sydney
1,Taylyn
1,Taytem
1,Taytianna
1,Taytum
1,Tayva
1,Tazara
1,Tazmisha
3,Tea
14,Teagan
1,Teagen
1,Teaghan
2,Teah
1,Teala
3,Teanna
1,Tearsa
1,Teaya
1,Teerah
2,Teesha
1,Teevian
4,Tegan
1,Tehzeeb
1,Tei-Ann
3,Teigan
1,Teisha
1,Telesa
1,Telesha
1,Telia
1,Telisa
1,Telyn
1,Temara
1,Tenaya
1,Teneille
1,Tenescia
2,Tenille
1,Tenise
1,Tennielle
1,Tenzin
2,Teona
1,Teonna
1,Tera
1,Terann
9,Teresa
1,Teresa-Chau
1,Teresa-Rayne
1,Terese
1,Teri
1,Terin
1,Terra
1,Terrane
4,Terri
1,Teryl
1,Terynn
1,Teshenna
1,Tesia
1,Tesla
2,Teslin
1,Teslyn
6,Tess
16,Tessa
1,Tessalee
1,Tessia
1,Tessy
1,Teya
1,Teyarah
1,Teylor
1,Thalea
2,Thalia
3,Thao
1,Thaya
1,Thaydra
7,Thea
1,Theanna
1,Thelma
1,Theodora
6,Theresa
2,Therese
1,Thimna
1,Thiyang
1,Thu
2,Thuy
1,Thyra
10,Tia
12,Tiana
1,Tianah
1,Tiana-Lee
1,Tiana-Marie
1,Tiann
28,Tianna
4,Tiara
1,Tiarha
1,Tia-Rose
2,Tiarra
1,Tiashya
1,Tiawah
1,Tiegan
1,Tielle
1,Tiera
2,Tierra
2,Tiffani
23,Tiffany
1,Tiffany-Jo
1,Tigris
1,Tikara
1,Timaj
1,Timberly
1,Timeera
1,Timora
14,Tina
1,Tineka
1,Tinisha
3,Tinita
1,Tinna
1,Tirzah-Rhayne
1,Tisha
1,Titilayo
1,T'Keyah
1,T'Nessa
1,Toby
1,Tobynn
1,Tome
1,Tomi
5,Toni
1,Toni-Jaye
1,Tonille
1,Tonirose
2,Tonisha
1,Tonya
1,Tonyann
1,Tonye
1,Tooba
1,Topeka
1,Torfa
13,Tori
1,Torie
1,Torri
2,Tory
1,Tosha
1,Tova
2,Traci
1,Tracie
6,Tracy
1,Tradyn
1,Tram
1,Trang
1,Treasure
1,Treeva
1,Trendina
2,Tressa
1,Tressa-Ray
1,Treva
1,Trevyn
2,Tricia
1,Triesta
5,Trina
1
1,Trinidy
5,Trinique
3,Trinity
1,Trisha
1,Trisity
6,Trisstian
2,Trista
6,Tristan
3,Tristen
1,Tristin
1,Trixia
2,Truc
2,Trudi
1,True
1,Truth
1,Trynae
1,Tullea
1,Tuong
1,Tupanga
1,Tuyen
2,Tuyet
1,Twyla
1,Twylla
1,Ty
1,Tyaira
1,Tyann
1,Tyanna
1,Tyanna-Lee
2,Tyeesha
1,Tyesha
3,Tyianna-Marie
1,Tyiesha
2,Tyjana
2,Tyla
1,Tylar
1,Tyler
1,Tylisha
1,Tylo
1,Tylyn
1,Tymara
1,Tynaya
1,Tyne
1,Tyne-Marie
25,Typhani
1,Tyra
1,Tyrah
1,Tyranni-Jean
1,Tyresse
1,Tyrra
1,Tyrsa
1,Ubah
1,Uleanya
1,Uma
2,Una
1,Ursula
1,Vaidhehi
2,Valene
2,Valentina
10,Valeria
1,Valerie
1,Valina-Kae
47,Valorie
1,Vanessa
1,Vania
1,Vannessa
1,Vasiliki
1,Velvet
18,Venessa
1,Veronica
3,Veronika
1,Veronique
5,Vicki
87,Vicky
1,Victoria
1,Victoria-Chloe
1,Victorianna
1,Victory
4,Vidalia
1,Vienna
1,Vikki
1,Vikktoria
1,Viktoria
2,Vildana
1,Vina
1,Vineeta
2,Viola
8,Violet
1,Virginia
11,Visolela
1,Vivian
2,Vivica
1,Vivien
1,Voke
1,Vy-Thuy
1,Waad
1,Wafaa
1,Wanda
1,Waylanda
1,Wedad
2,Wei
3,Wen
2,Wendy
1,Weronika
1,Weslee
1,Wesley
1,Weynalem
7,Whitley
1,Whitney
1,Willa
10,Willena
1,Willow
1,Wind
2,Wing
2,Winnie
1,Winona
1,Winta
1,Winter
2,Wylma
1,Wynne
1,Wynona
1,Wynter
1,Wyntyr
1,Xandra
1,Xandria
1,Xsawna
1,Xyrina
1,Y
1,Yae
1,Yajna
1,Yamini
1,Yancy
1,Yandene
1,Yanira
1,Yannie
1,Yarlie
6,Yashera
1,Yasmeen
2,Yasmen
5,Yasmin
1,Yasmine
1,Yassmen
1,Yazmeen
1,Yazmine
1,Yesenia
3,Yohana
1,Yolanda
1,Yoshelle
1,Ysabel
1,Ysabella
1,Ysabelle
2,Yvana
1,Yvonne
1,Zabrina
1,Zaele
1,Zaige
1,Zainab
1,Zalisha
1,Zanib
1,Zany
1,Zara
1,Zarian
1,Zaryn
1,Zealia
1,Zeenat
1,Zehra
1,Zena
1,Zhenya
1,Zion
45,Zipora
3,Zoe
1,Zoee
5,Zoe-Ocean
1,Zoey
1,Zoha
1,Zoie
1,Zophia
1,Zoriana
1,Zouis
1,Zoya
1,Zrinna
1,Zshanee
1,Zuha
Frequency Zuzu