1,Aalayah
5,Aaliyah
1,Aanelle
1,Aasima
1,A'Aya
1,Aayla
1,Abagayl
1,Abaigeal
9,Abbey
1,Abbi
1,Abbie
2,Abbigail
22,Abby
1,Abbygail
1,Abbygale
1,Abby-Lea
1,Abby-lynn
1,Abeeha
2,Abena
1,Abigael
54,Abigail
1,Abigale
1,Abigayle
1,Abilene
1,Abniah
1,Abrahanna
1,Abrar
1,Abriel
1,Abygael
1,Abygail
2,Acacia
1,Ada
1,Adaiah
2,Adara
1,Addelaine
1,Addie
5,Addison
1,Addysen
3,Adele
1,Adelin
1,Adelle
1,Aden
3,Adia
1,Adiki
3,Adina
1,Adoncia
1,Adora
1,Adria
8,Adriana
1,Adrianah
8,Adrianna
1,Adrieanna
1,Adrielle
2,Adrien
5,Adrienne
2,Adrionna
1,Aekam
1,Aemilia
1,Aerin
1,Afanasia
1,Afnaan
1,Afnan
1,Afreen
1,Afrin
3,Aganetha
1,Ahawi
1,Ahdia
1,Ahlam
1,Ahlianna
1,Ahpunii
1,Ahryn
1,Ahuva
1,Aia
4,Aidan
1,Aiden
1,Aiesha
1,Ailbhe
1,Aileena
1,Ailene
1,Aili
1,Ailie
1,Ailin
1,Ailish
12,Aimee
1,Aimey
2,Aimie
6,Ainsley
2,Ainslie
1,Aireal
8,Aisha
1,Aishah
1,Aishwarya
1,Aisleigh
2,Aisling
4,Aislinn
1,Aislyn
1,Aislynn
2,Aiyana
1,Aiyanna
1,Aiysha
1,Aja
1,Ajda
2,Akira
1,Akosha
1,Akshaya
1,Alaa
5,Alaina
1,Alaine
12,Alana
1,Alanah
1,Alandra
1,Alanis
9,Alanna
4,Alannah
1,Alarie
2,Alaura
1,Alayah
5,Alayna
2,Alaynah
1,Albane
1,Albanie
1,Albertine
1,Aldonza
2,Aleah
1,Aleanna
1,Aleasha
2,Alecia
2,Aleena
1,Aleesa
2,Aleesha
1,Aleia
5,Aleisha
1,Alejandra
2,Aleksandra
1,Aleksis
2,Alena
1,Aleria
1,Alesandra
4,Alesha
1,Aleshia
1,Aleska
2,Alessandra
2,Alessia
1,Aleta
7,Alex
24,Alexa
109,Alexandra
2,Alexandrea
21,Alexandria
1,Alexandria-Lee
1,Alexanna
2,Alexi
4,Alexia
2,Alexie
1,Alexina
67,Alexis
1,Alexius
1,Alexsandra
3,Alexus
1,Alexxandra
2,Alexya
1,Alexzanderia
1,Alexzandria
3,Ali
8,Alia
1,Aliah
1,Aliana
1,Alianna
1,Alica
4,Alice
27,Alicia
2,Alida
1,Alier
1,Aliera
1,Aliesha
3,Alina
4,Alisa
1,Alise
7,Alisha
2,Alishia
1,Alisi
12,Alison
8,Alissa
1,Alissety
2,Alix
2,Alixx
4,Aliya
5,Aliyah
1,Alizza
1,Allaha
1,Allana
1,Allanah
4,Allegra
1,Allena
1,Allesandra
1,Allesha
1,Allessandra
1,Alley
3,Allie
1,Allisha
44,Allison
1,Allissa
1,Allisyn
1,Alliyah
1,Alliye
3,Ally
1,Allyah
6,Allysa
1,Allyse
2,Allysha
10,Allyson
3,Allyssa
1,Almira
1,Alondra
2,Alora
1,Alphonsine
1,Aluda
1,Alura-Jane
1,Alvira
1,Alx
1,Alyas
4,Alycia
1,Alyicia
2,Alyna
2,Alynne
4,Alysa
1,Alyse
10,Alysha
1,Alysha-Ann
2,Alyshia
2,Alysia
5,Alyson
113,Alyssa
1,Alyssandra
1,Alysse
2,Alyssia
1,Alyxandra
2,Amalia
1,Aman
105,Amanda
2,Amandeep
2,Amani
1,Amanjot
1,Amannie
4,Amanpreet
3,Amara
1,Amaran
1,Amaya
60,Amber
1,Amberly
3,Amber-Lynn
1,Ambika
1,Ambre
1,Ambreena
1,Ameera
1,Amela
20,Amelia
2,Amelie
1,Ameris
3,Amie
3,Amina
3,Amira
1,Amirah
1,Amita
1,Ammara
1,Ammera
1,Amne
1,Amorina
1,Amreet
1,Amrit
1,Amrita
75,Amy
1,Amy-Joy
1,Amy-Lee
2,Amylia
3,Ana
1,Anah
2,Anais
1,Analiese
1,Analisa
1,Anam
1,Anamika
1,Ananya
11,Anastasia
2,Andee
1,Andi
5,Andie
1,Andra
35,Andrea
1,Andree-Anne
1,Andrei
3,Andreya
1,Andriana
1,Anelise
1,Anesa
20,Angel
13,Angela
1,Angele
1,Angelene
1,Angelic
7,Angelica
1,Angelika
3,Angelina
2,Angeline
2,Angelique
1,Angelita
1,Angellica
3,Angie
1,Anh
1,Ania
1,Anik
11,Anika
1,Anika-Jenelle
1,Aniqa
1,Anique
1,Anise
1,Anishia
2,Anissa
1,Anissah
7,Anita
1,Anja
2,Anjali
1,Anjalyne
1,Anjeli
1,Ankita
1,Anmol
1,Anmoljit
2,Ann
59,Anna
1,Annabel
1,Annabella
4,Annabelle
1,Annabeth
1,Annaja
1,Annaka
1,Annaliese
3,Annalise
1,AnnaLise
1,Anna-Lise
1,Annalyn
1,AnnaMarie
1,Annamarie
1,Anna-Marie
1,Anna-Michelle
10,Anne
1,Anneicia
1,Anneka
2,Annelise
1,Annemarie
1,Annessa
1,Annette
1,Annicole
12,Annie
8,Annika
1,Annilee
1,Annmarie
1,Ann-Marie
1,Anoela
1,Anok
1,Anoosha
1,Ansley
1,Anthonia
1,Anthroniki
1,Antoinette
1,Antonia
1,Anupa
1,Anupma
1,Anuraj
1,Anushri
3,Anya
1,Aoife
17,April
1,Aprilann
1,Aprille
2,Apryl
1,Aqila
6,Arden
1,Areeba
1,Argelia
1,Argentina
2,Arial
1,Arialla
10,Ariana
1,Ariana-Jade
2,Ariane
15,Arianna
1,Arianne
1,Ariba
16,Ariel
2,Arielle
1,Arieta
1,Arin
1,Aris
1,Arisa
2,Arizona
1,Arlana
1,Arlene
1,Arman
1,Aroob
1,Arshpreet
1,Arshvir
1,Arthi
1,Arulia
1,Arwen
1,Arya
1,Aryanna
4,Aryn
1,Arynne
3,Asha
1,Ashaila
1,Ashbey
1,Ashi
1,Ashima
1,Ashlan
1,Ashlea
1,Ashleah
7,Ashlee
5,Ashleigh
1,Ashlene
137,Ashley
1,Ashley-Anne
1,Ashley-Chelsea
2,Ashlie
1,Ashly
15,Ashlyn
7,Ashlynn
2,Ashna
1,Ashpinder
1,Ashten
8,Ashton
2,Ashtyn
6,Asia
1,Asifa
1,Asil
1,Asiya
1,Askiw-Kayatota
1,Asli
1,Asmaa
6,Aspen
1,Aspyn
1,Assumpta
2,Astrid
1,Asya
9,Athena
1,Athena-Lee
1,Athia
1,Attashia
3,Aubrey
1,Aubrey-Anne
1,Aubryn
1,Audra
5,Audrey
1,August
1,Aundrea
1,Aura
1,Aurianna
8,Aurora
1,Ausha
1,Autiqa
1,Autum
27,Autumn
1,Autumn-Sky
8,Ava
2,Avalon
1,Avaneet
1,Aven
1,Averey
1,Averi
1,Averie
26,Avery
1,Averyanna
1,Avery-Lynn
1,Aviane
1,Aviva
6,Avneet
1,Avrille
1,Awstynn-Maree
1,Axee
2,Aya
2,Ayah
1,Ayahnooriman
1,Ayanna
1,Ayanna-Bailey
2,Ayden
1,Ayeasha
1,Ayena
1,Ayesha
6,Ayla
1,Aymi
1,Ayrie
1,Aysa
1,Aysha
1,Aysia
1,Azalea
2,Azaria
1,Azeeza
1,Azlyn
1,Azra
1,Baaloon
38,Baby
1,Bacardi
1,Bae-Lee
1,Baeleigh
1,Bahiyyih
4,Bailee
59,Bailey
1,Bailey-Lynn
1,Baili
1,Baillie
1,Baily
1,Balbina
2,Baldeep
1,Bani
8,Barbara
1,Batol
1,Bayan
1,Baylea
4,Baylee
1,BayLee
2,Bayleigh
3,Bayley
1,Bayli
5,Baylie
2,Beatrice
1,Becka
3,Becky
1,Belle
1,Bellona
1,Benin
1,Benita
1,Bentleigh
1,Bergen
1,Bernadette
2,Bernice
1,Bertha
4,Beth
23,Bethany
1,Bethel
1,Bethel-Easter
2,Betty
2,Beverley
1,Beverly
1,Bevleen
1,Beyonce
1,Bhan
1,Bhavandeep
1,Bhavisha
1,Bhavleen
8,Bianca
2,Bijal
1,Billi
4,Billie
1,Binafshah
1,Bineeta
1,Blaenau
2,Blair
2,Blaire
1,Blaise
2,Blanca
1,Blandine
1,Blane
1,Blayre
1,Blaze
3,Bobbi
1,BobbiAnn
2,Bobbie
1,Bonita
2,Bonnie
1,Botayna
1,Bracken
1,Bradee
1,Bradie
1,Brady
1,Braedan
1,Braelynn
1,Braelynne
1,Brandee
11,Brandi
1,Brandie
6,Brandy
1,Brandy-Marie
3,Braxton
2,Braydee
1,Brayden
1,Braylee
1,Brayleigh
2,Brea
1,Brea-Anna
2,Breagh
3,Breana
6,Breann
1,BreAnn
63,Breanna
1,Breannah
22,Breanne
2,Bree
1,Breea
1,Breeanna
1,Breeanne
1,Breeze
2,Breigh
1,Breighann
1,BreLynn
1,Bren
3,Brenda
1,Brenlyn
17,Brenna
1,Brennan
3,Brett
1,Breyanna
2,Bria
6,Briana
1,Brianagh
76,Brianna
1,Briannagh
1,Brianna-Marie
17,Brianne
1,Bri-Anne
1,Briar
7,Bridget
1,Bridgit
1,Bridgitte
2,Brie
2,Brieann
1,BrieAnn
4,Brieanna
1,Brie'enna
2,Brielle
1,Briggs
1,Brighanna-Jaimz
2,Brigitte
1,Brina
2,Brinley
1,Brinlyn
1,Brinnley
1,Briony
1,Britannie
3,Britany
1,Britnee
20,Britney
1,Britni
1,Britta
1,Brittaney
3,Brittani
94,Brittany
1,Britteny
3,Brittnay
38,Brittney
1,Brittni
2,Brittny
1,Briyahna
1,Brock
1,Brodie
1,Bronte
10,Bronwyn
7,Brook
101,Brooke
1,Brookelyn
5,Brooke-Lynn
1,Brooklin
63,Brooklyn
2,Brooklyne
16,Brooklynn
1,Brooklynne
1,Browyn
1,Bryana
1,Bryann
12,Bryanna
2,Bryanne
1,Bryar-Rose
2,Bryce
2,Brydie
1,Brye-Ann
5,Bryn
4,Bryna
22,Brynn
2,Brynna
3,Brynne
1,Bryth
1,Bryttany
1,Cabri
4,Cadence
1,Cadian
2,Caelan
1,Caelen
1,Caeley
1,Caeli
1,Caelin
1,Caera
1,Caetlin
1,Caia
2,Cailee
1,Caileen
1,Caileigh
3,Cailin
1,Caillean
4,Cailyn
1,Caira
1,Caisha
1,Caissa
1,Caissie
1,Caite
1,Caithlin
38,Caitlin
1,Caitlyin
29,Caitlyn
3,Caitlynn
1,Calandra
1,Caledonia
3,Caleigh
2,Caley
2,Cali
1,Calida
1,Calina
11,Calista
2,Calla
1,Calli
9,Callie
2,Callista
2,Cally
1,Callysa
1,Calvina
2,Calyssa
2,Calysta
1,Cambell
2,Cambria
1,Cambrie
1,Cameo
1,Cameran
11,Cameron
3,Camila
2,Camilla
7,Camille
1,Camis
1,Camisha
19,Camryn
4,Candace
1,Candice
2,Capri
11,Cara
1,Caralee
1,Cara-lynn
2,Cari
5,Carina
10,Carissa
6,Carla
6,Carlee
2,Carleigh
2,Carlene
2,Carley
1,Carley-Mae
2,Carlie
2,Carlin
1,Carling
1,Carlita
33,Carly
3,Carlyn
1,Carlyne
1,Carlynn
1,Carman
2,Carmelle
24,Carmen
3,Carol
1,Carolanne
1,Carol-Anne
1,Carole
1,Carolene
2,Carolina
10,Caroline
1,Carolle-Ann
1,Carollynn
6,Carolyn
2,Carolynn
4,Carrie
2,Carrington
2,Carson
4,Casandra
7,Casey
1,Casey-Lynn
1,Casi
1,Casidee
1,Casidy
1,Casie
1,Cassady
68,Cassandra
1,Cassi
1,Cassia
106,Cassidy
1,Cassidy-Lynn
8,Cassie
1,Cassyn
1,Catalina
2,Cate
1,Catelynn
1,Catharina
1,Cathelyne
29,Catherine
1,Cathie
2,Cathleen
1,Cathryn
2,Cathy
1,Catie
3,Catrina
1,Caycee
4,Cayla
2,Caylee
3,Cayleigh
1,Caylen
1,Caylene
7,Cayley
1,Caylie
1,Caylin
2,Caylyn
1,Caylynn
1,Caysi
1,Caysie
1,Caytlynn
1,Cazandra
2,Ceanna
1,Ceara
1,Cecile
4,Cecilia
1,Ceiledh
6,Ceilidh
1,Celeina
3,Celena
2,Celene
10,Celeste
3,Celia
9,Celina
7,Celine
1,Celyn
3,Cera
1,Cerah
1,Ceyenne
1,Chaely
1,Chalce
1,Chance
1,Chancey
3,Chandra
12,Chanel
1,Chanell
1,Chanelle
1,Chanice
1,Chaniece
1,Chansie
10,Chantal
1,Chantalee
1,Chantal-Jane
2,Chantalle
20,Chantel
9,Chantelle
1,Chanyda
1,Chao
3,Charis
1,Charish
4,Charissa
2,Charity
2,Charla
1,Charlee
1,Charleigha
6,Charlene
2,Charley
1,Charleze
1,Charli
4,Charlie
1,Charlie-Beth
1,Charlie-May
1,Charline
10,Charlotte
4,Charmaine
1,Chasey
1,Chasidy
1,Chasitty
2,Chasity
1,Chassidy
1,Chatanvir
1,Chau
2,Chavonne
1,Chay-anna
1,Chayia
2,Chayla
1,Chayna
1,Chaysa
1,Chealynn
1,Chela
1,Chelse
65,Chelsea
1,Chelsea-Anne
1,Chelsea-Lynn
20,Chelsey
1,Chelsi
1,Chelsie
2,Chelsy
1,Chen
1,Chenelle
1,Chenlu
1,Chenoa
1,Cheri
1,Cherice
2,Cherise
1,Cherish
1,Cherissa
1,Cherita
1,Cherrisa
2,Cheryl
1,Chesley
1,Chevaun
1,Cheyan
1,Cheyann
1,Cheyanna
15,Cheyanne
31,Cheyenne
1,Cheyla
1,Cheyleigh
1,Chiamaka
3,Chiara
1,Chicquita
1,Chiloh
79,Chloe
1,Chloee
1,Chloyee
1,Chnar
1,Chrissa
4,Christa
1,Christal
1,Christa-Lee
1,Christences
1,Christi
1,Christian
2,Christiana
4,Christie
30,Christina
24,Christine
4,Christy
1,Christy-Ann
1,Chrisy
1,Chudear
7,Chyanne
1,Chynna
1,Cian
3,Ciana
9,Ciara
2,Ciarra
1,Cicily
1,Cidney
1,Cielle
1,Cienna
2,Ciera
4,Cierra
1,Cieyva
1,Cinamon
13,Cindy
1,Cisely-Ann
1,Clair
55,Claire
8,Clara
6,Clare
1,Clarice
1,Clarisa
1,Clarise
4,Clarissa
11,Claudia
1,Claudine
1,Claudy
1,Cleodra
1,Clerie
3,Cloe
1,Cloe-Soleil
1,Cloey
1,Codie
1,Cody
1,Colbi
1,Colby
2,Cole
2,Colette
3,Colleen
1,Connie
1,Constance
1,Contessa
1,Copelan
4,Cora
1,Cora-Ann
5,Coral
1,Cora-Lea
1,Coralie
1,Corey
1,Corey-Dale
2,Cori
1,Corie-Lynn
1,Corina
1,Corisa
1,Corissa
1,Corlynn
1,Cornelia
2,Corrina
1,Corrine
1,Cortina
1,Cortney
1,Coryn
1,Cosette
1,Courteney
1,Courtlyn
2,Courtnee
90,Courtney
2,Cree
1,Crimson
1,Cristina
1,Cristine
1,Crysta
17,Crystal
2,Cydney
1,Cydny
1,Cyera
1,Cymantha-Lee
1,Cynder
9,Cynthia
1,Cypriana
1,Cyrena
2,Daania
1,Dacey
1,Dachelle
1,Dacia
1,Daelyn
1,Dailey
1,Daimery
1,Daisia
2,Daisy
13,Dakota
1,Dalainey
1,Dalal
1,Daleen
1,Dalen
1,Dalena
1,Daley
1,Dalia
1,Dalila
1,Dalis
5,Dallas
1,Dallis
1,Dalya
2,Dalyce
1,Dalyn
1,Daman
2,Damaris
1,Damiane
31,Dana
1,Danaca
2,Danae
1,Danai
1,Dana-Lynne
2,Danaya
1,Daneca
1,Daneige
1,Daneka
1,Danelia
2,Danelle
2,Dani
15,Danica
1,Danicah
1,Daniele
7,Daniella
68,Danielle
1,Daniellia
11,Danika
1,Danikka
1,Danisa
1,Danita
1,Danitta
2,Danna
2,Dannica
1,Danni-Rae
1,Dante
1,Danya
1,Danyal
2,Danyelle
2,Danyka
2,Daphne
1,Daquotah-Lynn
3,Dara
1,Darbi
1,Darbi-Jean
15,Darby
3,Darci
1,Darcia
3,Daria
7,Darian
1,Dariann
1,Darice
2,Darien
1,Darla
3,Darlene
1,Darrian
2,Darrien
1,Darrion
1,Daryl-Lynn
1,Dasa
2,Dasha
2,Dawn
1,Dawna
1,Dawnarae
4,Dawson
1,Dawsyn
2,Dayle
1,Daylene
1,Daylin
1,Daylyn
1,Dayme
1,Dayn
6,Dayna
1,Daynee
1,Dayonarah
1,Dayra-Lynn
1,Dayton
1,Daytona
1,Daytona-Marie
2,Deana
1,Deandra
16,Deanna
3,Deanne
6,Deborah
1,Debra
1,Deconnia
1,Deianeira
1,Deidra
1,Deidre
1,Deirdre
2,Deja
1,De'ja
1,Delaina
1,Delainah
1,Delaine
1,Delainey
1,Delaini
19,Delaney
3,Delanie
1,DeLayna
1,Delayna
1,Delband
2,Delilah
1,Delissa
1,Della
1,Dellia
1,Demetra
5,Demi
3,Dena
2,Denae
1,Denali
1,Deniell
1,Denika
1,Denina
1,Denine
1,Denisa
6,Denise
1,Denna
1,Dennea
1,Denni
1,Denssyl
2,Denver
1,Deonna
1,Derian
1,Derica
1,Desarae
2,Desirae
1,Desirae-Alanna
2,Desirea
10,Desiree
3,Destany
4,Destinee
1,Destiney
31,Destiny
1,Destyny
3,Devan
1,Devanee
1,Deven
1,Devianni
2,Devin
3,Devon
6,Devyn
3,Devynn
1,Dezarae
1,Dezerae
1,Dezirae
1,Deziray
1,Dezirea
1,Dharla
2,Dharma
1,Diadem
2,Diamond
9,Diana
1,Dianarah
1,Diandra
6,Diane
1,Dianna
1,Dibya
2,Diksha
1,Diljot
1,Dilpreet
1,Dina
1,Dion
1,Dione
1,Disha
1,Diviya
2,Divya
1,D'Maris
1,Do
13,Dominique
1,Dominque
1,Donelle
3,Donna
3,Doreen
1,Dorienne
1,Dorlisa
5,Dorothy
1,Douney
11,Drew
1,Dru
1,Drue
1,Druvika
1,Duhaa
1,Dunika
1,Duniya
1,Dymond
1,Eamily
1,Eastynn
1,Ebonie
4,Ebony
1,Ebtehage
1,Ecaterina
2,Echo
1,Eda
6,Eden
2,Edie
2,Edith
2,Edna
1,Edyn
1,Eesha
1,Eghe-Osa
1,Eifa
1,Eila
2,Eileen
1,Eilidh
1,Eireland
1,Ekaterina
1,Ekin
1,Ekta
3,Elaina
6,Elaine
1,Elainna
1,Elan
2,Elana
1,Elanah
1,Elatia
1,Elayna
4,Eleanor
1,Eleena
1,Eleese
10,Elena
1,Elham
1,Elia
1,Eliana
1,Elicia
1,Elida
2,Elisa
7,Elisabeth
9,Elise
2,Elisha
1,Elissabeth
1,Elite
3,Eliza
84,Elizabeth
14,Ella
4,Elle
4,Ellen
1,Ellery
1,Ellianne
2,Ellie
1,Ellin
1,Ellina
1,Elliott
1,Ellis
1,Ellissa
1,Ellysa
1,Ellyssa
1,Elnora
1,Elora
1,Elsa
5,Elsie
1,Elura
1,Elyan
5,Elyse
1,Elysha
5,Elyssa
1,Emaghea
4,Emalee
1,Eman
1,Ember
1,Emei
2,Emelia
2,Emelie
3,Emerald
4,Emerson
1,Emery
2,Emi
9,Emilee
6,Emilia
18,Emilie
1,Emilija
1,Emiline
275,Emily
1,Emily-Ann
2,Emily-Jane
1,Emily-May
1,Emirye
1,Emjay
192,Emma
1,Emma-Belle
1,Emma-Jean
3,Emma-Lee
1,Emmaleen
1,Emma-Leigh
1,Emmalie
1,Emma-May
1,Emme
1,Emmilee
1,Emmily
1,Emmy
1,Emyrson
1,Eniah-Allah
1,Enya
1,Ephemia
1,Epiphany
1,Ereeb
1,Eri
31,Erica
37,Erika
73,Erin
1,Erinn
1,Erin-Robyn
1,Erykah
1,Erykka
2,Eryn
2,Erynn
1,Esmaa
3,Esme
1,Esra
1,Essraa
1,Estelle
6,Esther
2,Eunice
17,Eva
1,Evangelena
1,Evangelina
5,Evangeline
1,Evanne
9,Eve
1,Eveleen
1,Evelien
1,Evelina
10,Evelyn
1,Evelyne
1,Everest
1,Evonie
1,Evynn
1,Eyota
1,Fabiana
1,Fabiola
1,Fabrice
38,Faith
2,Faiza
1,Fajran
1,Faleen
1,Falin
1,Fallan
1,Fallon
1,Falyn
1,Farah
1,Farhi
1,Fariha
1,Farnaz
2,Farrah
1,Fatem
1,Fatema
10,Fatima
1,Fatima-Zahra
1,Fattima
1,Faustina
2,Faven
1,Fawn
2,Fayth
1,Faythe
2,Feather
1,Feimoon
8,Felicia
7,Felicity
1,Ffyona
1,Filiz
1,Fion
5,Fiona
1,Florence
1,Floria
1,Floriane
1,Folasayo
1,Fortesa
1,Fosta
4,Frances
4,Francesca
2,Franchesca
1,Francoise
2,Frankie
1,Frankie-Ann
1,Freedom
1,Freida
2,Freya
1,Gaberielle
3,Gabriel
3,Gabriela
8,Gabriella
1,Gabriella-Nancy
38,Gabrielle
1,Gabryelle
2,Gagandeep
1,Ganit
1,Garey
1,Garrina
1,Gavrielle
3,Geena
1,Geerthana
5,Gemma
1,Gena
1,Geneece
1,Genesis
2,Geneva
8,Genevieve
1,Genie
1,Genna
1,Georden
27,Georgia
1,Georgi-Ann
1,Georgia-Rae
3,Georgina
1,Geraldine
1,Geri-Ann
1,Gerica
1,Gerilynn
1,Gertruda
1,Gertrude
1,Gessina
1,Getroda
2,Getruda
1,Ghada
1,Ghazal
1,Gheed
1,Ghofrane
1,Gia
1,Gianna
17,Gillian
5,Gina
1,Gina-Mae
1,Giovanna
3,Giselle
1,Giuliana
1,Gladys
1,Glenna
1,Glennikka
5,Gloria
1,Gloria-Ray
2,Glynnis
1,Gountene
64,Grace
1,Gracelyn
1,Gracen
1,Graciana
9,Gracie
1,Graciela
1,Gracyn
1,Graysen
2,Greer
1,Greta
1,Gretchen
2,Gretta
1,Gucci
1,Guen
1,Guinevere
1,Guneet
1,Guramrit
1,Gurbir
1,Gurjot
1,Gurkomal
1,Gurleen
1,Gurneer
1,Gurnoor
1,Gurpreet
1,Gurraj
1,Gursimran
1,Gursimren
1,Gurvinder
2,Gwendolyn
3,Gwyneth
1,Gwynneth
1,Hadley
1,Haesel
1,Haidan
1,Haidyn
2,Haile
8,Hailee
1,Hailei
70,Hailey
1,Hailie
2,Haille
1,Hailley
2,Haily
1,HaJer
1,Hajir
1,Hajur
1,Hala
1,Halat
1,Haleah
3,Halee
3,Haleigh
1,Haleisha
74,Haley
1,Hali
3,Halie
1,Halima
1,Halla
12,Halle
3,Halley
7,Hallie
1,Hamere
1,Han
9,Hana
1,Hanah
1,Hanako
1,Hanan
1,Haneen
1,Hanina
38,Hanna
174,Hannah
1,Hannah-Lee
1,Hannah-Marie
1,Hannan
1,Harbir
1,Harjas
1,Harkarn
2,Harkiran
1,Harland
2,Harlee
6,Harleen
1,Harleigh
4,Harley
1,Harli
1,Harlie
1,Harlynna
2,Harman
1,Harmeet
1,Harmehar
1,Harmehek
11,Harmony
1,Harnaaz
1,Harneet
2,Harper
1,Harpreet
1,Harriet
1,Harshiya
1,Harsimrit
1,Haruka
1,Harvinder
1,Hasea
1,Hatice
1,Hau
3,Haven
1,Hawa
1,Hawriaa
1,Hayat
1,Hayden
2,Haylea
18,Haylee
1,Haylee-Dawn
1,Haylee-Jo
1,Hayleigh
1,Haylen
58,Hayley
4,Haylie
1,Hayven
1,Hazal
3,Hazel
26,Heather
5,Heaven
1,Heaven-Leigh
1,Hei
9,Heidi
2,Helaina
1,Helana
1,Heleen
10,Helen
9,Helena
1,Helena-Ivanna
1,Helina
1,Hero
1,Hester
1,Heyam
1,Hibah-Allah
3,Hilary
2,Hilda
1,Hilde
2,Hillary
1,Hillina
1,Himath
1,Hina
1,Hinnah
2,Hoda
1,Holli
3,Hollie
31,Holly
1,Holly-Ann
1,Hong
31,Hope
1,Houada
2,Huda
1,Hudson
1,Hue
14,Hunter
1,Huynh
1,Ida
1,Ieasha
1,Iesha
1,Ikama
1,Ikram
1,Ilayna
1,Illianna
1,Ilse
1,Ilyanna
1,Imaan
1,Imaara
1,Imajyn
3,Iman
2,Inaara
1,Inara
2,India
1,Indigo
1,Indya
1,Ines
1,Ingelise
1,Inka
1,Innes
1,Iphagenia
4,Ireland
2,Irene
1,Irene-Mae
1,Irina
3,Iris
15,Isabel
1,Isabela
2,Isabell
26,Isabella
29,Isabelle
1,Isadora
1,Iscah
2,Isha
1,Isibeal
1,Isis
1,Isla
1,Isobel
2,Iva
4,Ivana
2,Ivanna
1,Ivoree
2,Ivory
9,Ivy
1,Iyla
2,Izabel
1,Izabell
1,Izabella
1,Jacaida
1,Jace
2,Jacee
6,Jacey
2,Jacinta
1,Jacki
3,Jackie
2,Jacklyn
1,Jacky
7,Jaclyn
1,Jaclynn
1,Jacoba
22,Jacqueline
3,Jacquelyn
1,Jacquelynn
1,Jacqulene
1,Jacynda
20,Jada
1,Jadah
64,Jade
2,Jadelyn
2,Jade-Lynn
13,Jaden
1,Jadon
1,Jadranka
1,Jadrien
1,Jadsea
8,Jadyn
1,Jae
2,Jaeda
2,Jaedan
1,Jaeden
3,Jaedyn
1,Jae-leigh
1,Jaelen
1,Jaeli
1,Jaelinn
5,Jaelyn
1,Jaelynn
1,Jagjyot
1,Jahvae
2,Jaida
7,Jaiden
1,Jaidenn
1,Jaidii
1,Jaidon
3,Jaidyn
8,Jaime
1,Jaimee
7,Jaimie
3,Jaina
1,Jaira
1,Jaisy
1,Jaiveer
1,Jalene
4,Jami
40,Jamie
1,Jamiee-Lynn
1,Jamie-Lee
1,Jamile
1,Jamilyn
4,Jana
6,Janae
1,Janai
1,Janaki
1,Janalynn
1,Janay
4,Janaya
1,Janaye
8,Jane
2,Janea
17,Janelle
1,Janesa
8,Janessa
1,Janet
1,Janica
5,Janice
1,Janina
7,Janine
1,Janis
3,Janita
5,Janna
2,Jannell
1,Janvi
1,Japleen
1,Jaquelyn
1,Jaquelynn
1,Jasanpreet
1,Jasaya
1,Jasdeep
1,Jashandeep
1,Jashanjit
1,Jashley
1,Jasiel
1,Jaskaran
1,Jaskeerat
4,Jasleen
4,Jaslyn
1,Jaslynn
1,Jasman
2,Jasmeen
1,Jasmeet
1,Jasmen
8,Jasmin
52,Jasmine
3,Jasmyn
1,Jasmynn
1,Jasneen
3,Jaspreet
1,Jassennia
1,Jastyn
1,Jaurie
1,Javairia
1,Javonna
1,Jayanna
1,Jayce
1,Jaycee
1,Jaycie
2,Jayd
13,Jayda
1,Jaydan
5,Jayde
1,Jaydean
18,Jayden
1,Jaydene
1,Jaydon
2,Jaye
1,Jaylan
2,Jaylee
2,Jayleen
1,Jaylen
5,Jaylene
1,Jayliegh
2,Jaylin
1,Jaylyn
4,Jaylynn
1,Jaylynne
9,Jayme
1,Jaymie
3,Jayna
2,Jayne
5,Jazlyn
2,Jazlynn
1,Jazmenn
5,Jazmin
5,Jazmine
1,Jazmyn
1,Jazzan
3,Jean
1,Jeanelle
1,Jeanette
1,Jeanice
2,Jeanine
1,Jeannette
1,Jeannie
1,Jeannine
1,Jecelyn
1,Jedda
1,Jeehan
1,Jeena
1,Jelaine
1,Jelayna
2,Jelena
1,Jelian
2,Jemma
1,Jemra
4,Jena
6,Jenae
1,Jenan
1,Jenay
3,Jenaya
3,Jenelle
8,Jenessa
1,Jenica
1,Jenice
2,Jenifer
1,Jenissa
110,Jenna
1,Jennae
1,Jennah
1,Jennaie
2,Jennelle
1,Jennessa
1,Jennet
1,Jennie
1,Jennielyn
60,Jennifer
1,Jennifer-Mary
1,Jennille
12,Jenny
1,Jenny-Ann
1,Jennyfer
4,Jensen
1,Jeralyn
1,Jerelyn
1,Jerianne
1,Jerica
1,Jerusha
1,Jeryn
1,Jesa
1,Jeshaiah
1,Jesica
1,Jesika
5,Jessa
2,Jessalyn
1,Jessame
1,Jessamie
1,Jessandra
10,Jesse
1,Jesse-Linn
1,Jessenia
2,Jessi
215,Jessica
18,Jessie
1,Jessie-Rose
2,Jessika
2,Jesslyn
2,Jessy
1,Jessyka
1,Jestine
1,Jesy
1,Jesyka
10,Jewel
1,Jezaiah
1,Jhaylen
1,Ji
1,Jianna
2,Jill
37,Jillian
1,Jillianne
1,Jillian-Rose
2,Jinan
1,Jing
1,Jiwoo
1,Joann
5,Joanna
3,Joanne
1,Jo-Anne
1,Joary
1,Jocasta
20,Jocelyn
1,Jocelynn
1,JoDee
5,Jodi
6,Jodie
1,Joella
10,Joelle
1,Johana
3,Johanna
1,Johnna
2,Joleen
2,Jolena
10,Jolene
1,Jolie
1,Joline
1,Jolisa
1,Jolynne
1,Jona
1,Jonell
1,Jonelle
1,Jonika
1,Jordain
71,Jordan
5,Jordana
1,Jordanah
1,Jordanna
1,Jordanne
5,Jorden
1,Jordin
2,Jordon
1,Jordy
46,Jordyn
1,Jordyne
2,Jordynn
1,Jorgia
2,Jori
1,Jorllet
1,Joscelyn
1,Josea
1,Josee
1,Joseline
1,Joselyn
10,Josephine
2,Josey
11,Josie
1,Joslynn
1,Jourdana
1,Jourdyn
4,Journey
3,Joy
5,Joyce
1,Joyelle
1,Jozee
1,Juanisha
4,Judith
3,Judy
2,Juile
1,Julee
1,Jules
89,Julia
1,Julian
10,Juliana
1,Juliann
18,Julianna
5,Julianne
26,Julie
1,Julie-Anne
1,Julie-anne
2,Julienne
4,Juliet
1,Julieta
2,Juliette
1,Jullian
1,Junae
1,June
2,Junia
1,Jurney
1,Justeen
13,Justice
7,Justina
15,Justine
1,Justinea
1,Justus
1,Justyce
1,Jyoti
1,Ka
1,Kacee
2,Kacey
2,Kaci
1,Kacy
2,Kadence
1,Kadie
1,KadiJa
1,Kadralynn
1,Kadry
2,Kady
1,Kae
1,Kaehli
7,Kaela
1,Kaelee
4,Kaeli
2,Kaelie
5,Kaelyn
1,Kaetlyn
1,Kahleen
1,Kahsandra
1,Kaiden
1,Kail
5,Kaila
1,Kailah
2,Kailan
1,Kailea
3,Kailee
1,Kaileen
3,Kaileigh
19,Kailey
4,Kailyn
1,Kaisha
1,Kaite
3,Kaitlan
21,Kaitlin
99,Kaitlyn
16,Kaitlynn
3,Kaja
1,Kajal
1,Kala
1,Kalaya
2,Kalea
5,Kaleigh
4,Kalena
10,Kaley
11,Kali
1,Kali-Ann
1,Kalianna
2,Kalie
1,Kalika
2,Kalina
1,Kalista
1,Kalle
1,Kallee
1,Kalley
5,Kalli
7,Kallie
4,Kallista
1,Kaloni
1,Kalyn
4,Kalyna
1,Kalynn
1,Kalynna
1,Kalysta
1,Kamalpreet
1,Kamarah
2,Kamea
1,Kami
1,Kamila
1,Kamilah
1,Kamille
1,Kamlyn
1,Kamrey
1,Kamry
11,Kamryn
1,Kana
1,Kani
1,Kanise
1,Kansas
9,Kara
1,Karah
1,Karalee
1,Karali
1,Kara-Lyne
1,Kara-Lynn
11,Karen
1,Karena
1,Kareyna
2,Karima
5,Karina
1,Karis
2,Karisma
6,Karissa
1,Karissa-Gene
1,Karissa-Lyn
4,Karla
13,Karlee
3,Karleen
3,Karleigh
2,Karley
2,Karli
2,Karlie
1,Karlin
1,Karlum
8,Karly
1,Karman
2,Karmen
1,Karmin
1,Karmyn
1,Karolina
1,Karoline
1,Karrah
1,Karri
1,Karrie
1,Karrina
1,Karris
1,Karsen
2,Karson
1,Karsyn
1,Kary
1,Karyn
3,Kasandra
1,Kasen
6,Kasey
1,Kashalee
6,Kasia
1,Kasidi
1,Kasmira
16,Kassandra
1,Kassandre
1,Kassey-Lynn
4,Kassi
23,Kassidy
2,Kassie
2,Kassondra
1,Kassy
1,Kasydi
1,Katanna
1,Katarena
1,Katariina
15,Katarina
1,Katarinya
2,Katarzyna
30,Kate
2,Katelin
57,Katelyn
1,Katelynd
1,Katelyne
9,Katelynn
1,Kate-Lynn
2,Kateri
11,Katerina
1,Kateryna
1,Katey
6,Katharina
6,Katharine
1,Katheleen
1,Kathera-gina
2,Katherina
51,Katherine
1,Katheryn
30,Kathleen
2,Kathrine
34,Kathryn
1,Kathryne
2,Kathy
1,Kathya
3,Katia
1,Katiana
1,Katica
34,Katie
1,Katie-Ann
1,Katilin
1,Katina
1,Katiya
4,Katlyn
1,Katlynn
1,Katria
1,Katrice
1,Katrien
1,Katriina
38,Katrina
2,Katryna
1,Kattilyna
1,Katy
1,Katya
1,Kavanah
1,Kavita
2,Kaya
1,Kayah
1,Kayanna
1,Kayanne
3,Kaycee
1,Kayci
1,Kaycie
118,Kayla
4,Kaylah
1,Kayla-Lynn
1,Kayla-Marie
2,Kaylan
4,Kaylea
50,Kaylee
2,Kayleen
1,Kaylei
10,Kayleigh
2,KayLeigh
1,Kaylem
2,Kaylene
10,Kayley
1,Kayley-Anne
6,Kayli
7,Kaylie
7,Kaylin
1,Kaylis
1,Kayly
6,Kaylyn
2,Kaylynn
1,KayLynn
1,Kay-Lynn
5,Kaytlin
3,Kaytlyn
1,Keaira
1,Keairra
1,Kealey
3,Keana
1,KeAndra
12,Keanna
9,Keara
1,Kearra
1,Kearsten
1,Kee-Ana
1,Keearah
5,Keegan
6,Keeley
1,Keelie
6,Keely
1,Keesha
1,Keeshia
1,Keesilla
1,Keiara
1,Keigan
1,Keighlann
1,Keily
1,Keilyn
1,Keilynn
6,Keira
6,Keisha
1,Keishya
1,Kelby
1,Kelcey
1,Kelcie
1,Keldan
1,Kella
3,Kelli
1,Kellianne
3,Kellie
1,Kellie-Anne
18,Kelly
1,Kelly-Ann
3,Kelsea
64,Kelsey
1,Kelsi
9,Kelsie
1,Kelsi-Lynn
1,Kelti
5,Keltie
1,Kenadee
1,Kenadie
6,Kendal
15,Kendall
1,Kendalynn
1,Kendel
1,Kendell
51,Kendra
1,Kendyl
2,Kenedi
1,Keniesha
1,Kenisha
4,Kenna
1,Kennadi
1,Kennady
5,Kennedi
2,Kennedie
55,Kennedy
1,Kennedy-Rhaye
1,Kennidi
1,Kennidy
1,Kennisha
1,Kenya
10,Kenzie
1,Keoma
1,Keona
1,Keora
2,Kera
1,Keri
1,Kerisa-Dawn
1,Kerra
1,Kerri
1,Kerri-Glennys
4,Kerry
1,Kerstin
1,Kerstyn
1,Kesara
1,Kesha
1,Kesina
1,Kesla
1,Kes-Leigh
1,Kessa
2,Kessia
1,Keturah
2,Keyana
1,Keyandra
2,Keyanna
1,Keyannah
1,Keyara
1,Keyelle
1,Keyra
3,Kezia
1,Keziah
1,Kezziah
1,Khadijah
1,Khali
1,Khalia
1,Khally
1,Khayla
2,Khloe
1,KhushBoo
1,Khyrra
3,Kia
1,Kiah
22,Kiana
2,Kiandra
1,Kiani
12,Kianna
1,KiAnna
1,Kianna-Rae
42,Kiara
1,Kiarah
1,Kiara-Leigh
3,Kiarra
1,Kieara
1,Kienna
24,Kiera
1,Kieran
2,Kieren
8,Kierra
7,Kiersten
1,Kierstyn
1,Kiesha
1,Kiki
3,Kiley
4,Kim
1,Kimamawinyan
1,Kimber-Anne
2,Kimberlee
1,Kimberleigh
6,Kimberley
23,Kimberly
1,Kimberly-Rose
1,Kimiko
2,Kindra
2,Kinga
1,Kinley
2,Kinsey
1,Kioko
1,Kiona
1,Kipty
33,Kira
1,Kiran
2,Kirandeep
2,Kiranjit
1,Kiranpreet
1,Kirat
1,Kiri
1,Kirin
1,Kirra
1,Kirsta
1,Kirstan
31,Kirsten
1,Kirstien
4,Kirstin
1,Kirsty
2,Kirstyn
1,Kirya
1,Kisa
1,Kisara
1,Kisha
1,Kishae
1,Kita
1,Kitona
1,Kitty
1,Kiya
2,Kiyana
1,Kiy-anna
1,Kjerstie
1,Kjeryn
1,Klara
2,Klarissa
2,Klaudia
1,Klea
1,Klisha
1,K-Lyn
1,Koby
1,Kolbie
3,Kolby
1,Kora
1,Korae
1,Korah
1,Kora-Lyn
1,Korbyn
1,Korea
1,Korey
1,Kori
1,Kori-Anne
2,Korie
1,Kori-Lee
1,Korrie
2,Kortnee
2,Kortney
1,Kory
2,Kourtnee
4,Kourtney
1,Kreannah
9,Krista
1,Kristal-Dawn
1,Kristalyn
1,Kristelle
43,Kristen
2,Kristi
1,Kristiana
3,Kristie
11,Kristin
17,Kristina
4,Kristine
7,Kristy
2,Kristyn
1,Kryslyn
2,Krysta
6,Krystal
1,Krysten
1,Krystie
1,Krystin
2,Krystyna
1,Kuljit
1,Kunchok
1,Kura
1,Kurstin
1,Kurstyn
1,Kushboo
2,Kwanita
1,Kya
2,Kyanna
2,Kyara
1,Kyianna
29,Kyla
1,Kyla-Marie
10,Kylee
1,Kylei
2,Kyleigh
2,Kylene
1,Kyler
1,Kyley
21,Kylie
1,Kyndal
32,Kyra
1,Kyraya
1,Kyrie
1,Kyrien
1,Kyro
1,Kyrsten
1,Kyshia
7,Lacey
1,Lachlan
1,Lacie
1,Laci-Rae
1,Lacy
1,Ladora
1,Laela
1,Lahra
1,Laiela
1,Laike
3,Laila
1,Laina
2,Laine
1,Lainey
4,Lakeisha
2,Lakisha
2,Lakota
1,Lakyn
1,Lalainie
1,Lamar
1,Lamya
5,Lana
2,Lanae
1,Lan-Anh
1,Lanaya
1,Lancie
1,Lander
1,Landra
1,Landry
1,Laneesa
2,Lania
1,Laniah
1,Laokadia
8,Lara
1,Larah
1,Laramey
1,Laramie
1,Laraya
1,Laree
1,Laressa
1,Larisa
17,Larissa
2,Laryssa
1,LaShonda
1,Latasha
1,Latisa
4,Latisha
1,Latrell
1,Latysha
1,Latysia
1,Lauchlyn
1,Launa
59,Laura
1,Laura-Helena
6,Laurel
113,Lauren
3,Laurissa
1,Laurissa-Joy
1,Lauryl
17,Lauryn
1,Laurynn
1,Lavinia
1,Lavpreet
2,Layal
3,Layla
5,Layne
2,Lea
50,Leah
1,Leahandra
1,Leandra
1,Leann
4,Leanna
5,Leanne
1,Lee
1,Leeann
1,Lee-Ann
2,Leeanna
1,Leela
4,Leena
1,Leeya
1,Legacy
2,Leia
1,Leiah
1,Leigh
1,Leigh-Erin
2,Leila
8,Lena
1,Lenae
1,Lenette
1,Leneyah
1,Lenika
1,Lenora
4,Leona
1,Leoneese
1,Leonore
1,Leren
1,Leslee
1,Lesleigh
1,Lesley
2,Leslie
1,Lesly
1,Leslyn
1,Lessika
3,Leticia
3,Letitia
1,Levae
3,Levi
1,Lexandra
1,Lexanna
9,Lexi
1,Lexia
7,Lexie
2,Lexis
1,Lexsys
3,Lexus
1,Leya
1,Leyal
1,Lezza
1,Lian
1,Liane
2,Lianne
1,Liberity
4,Liberty
1,Lidya
1,Liemaa
1,Liessa
1,Liezel
2,Lila
1,Lilanne
1,Lilee
2,Liliana
1,Liliann
2,Lilianna
1,Lilith
5,Lillian
1,Lillianna
1,Lillianne
1,Lilly
11,Lily
1,Lily-Ann
1,Lily-Jean
4,Lina
4,Linda
25,Lindsay
3,Lindsey
1,Lindsi
1,Lindy
1,Linh
1,Linna
1,Linnae
3,Linnea
1,Linzie
1,Liona
25,Lisa
1,Lisanna
1,Lisbeth
2,Lise
1,Liselotte
1,Lissa
1,Lita
2,Livia
1,Liviah
1,Liyla
1,Lochlyn
1,Loell
8,Logan
2,Loghan
1,Login
1,Logyn
1,Lola
1,Londyn
1,Lora
1,Loreen
2,Loreena
1,Loren
1,Lorena
2,Loretta
2,Lori
1,Loriana
1,Lorien
1,Lorietta
1,Lorilie
2,Lorna
2,Lorraine
1,Lorren
1,Loryn
1,Lotus
3,Louise
1,Louiseana
1,Louszanna
1,Lovejot
2,Loveleen
1,Love-Lyn
1,Lowanda
1,Lubna
1,Luchia
1,Lucille
1,Lucillestar
2,Lucinda
1,Lucretia
5,Lucy
1,Luisa
1,Lukia
2,Luna
1,Lyala
8,Lydia
1,Lynacy
1,Lynae
1,Lynay
3,Lynda
2,Lyndsay
3,Lyndsey
1,Lyndsie
1,Lynette
2,Lynn
1,Lynne
1,Lynzee
5,Lyric
1,Lyrical
1,Lyse
1,Lyssana
1,Maarya
1,Mabel
1,MaCady
1,Macartney
3,Macayla
1,Macey
1,Macey-Jo
1,Mackayla
1,Mackenizie
6,Mackenna
1,MacKenna
1,Mackenzey
1,Mackenzi
111,Mackenzie
29,MacKenzie
1,Macy
1,Madaline
1,Madalyn
1,Maddie
5,Maddison
4,Madelaine
9,Madeleine
1,Madelin
1,Madelina
29,Madeline
7,Madelyn
2,Madelyne
1,Madilyn
4,Madisen
220,Madison
3,Madisson
4,Madisyn
1,Madiya
3,Madyson
1,Madysun
1,Mae
2,Maegan
1,Maegen
1,Maela
1,Maeranne
4,Maeve
1,Maezie
1,Magaretha
3,Magdalena
2,Magdalene
9,Maggie
1,Maggy
1,Maha
1,Mahala
1,Maham
1,Mahek
1,Maheny
1,Mahtob
1,Mai
12,Maia
2,Maiah
2,Maida
1,Maighdlin
2,Maija
1,Maija-Leeza
1,Mairead
1,Mairi
1,Maisa
2,Maisie
4,Maiya
2,Maja
2,Makaila
1,Makaila-Ann
1,Makara
36,Makayla
1,MaKayla
6,Makena
22,Makenna
1,MaKenna
5,Makenzie
1,MaKenzie
1,Makoda
2,Malaak
1,Malaika
1,Malak
1,Malana
1,Maleah
1,Malia
1,Maliha
1,Malika
1,Malina
10,Mallory
1,Malyah
3,Manal
1,Manar
1,Mandi
2,Mandy
1,Manesha
1,Manesseh
2,Manisha
4,Manjot
1,Mankeerat
1,Manmeet
1,Manoah
2,Manpreet
1,Manpriya
1,Mansi
5,Mara
1,Marabel
1,Marae
1,Maraim
2,Maranda
1,Marcede
2,Marcella
1,Marcy
1,Mareena
6,Maren
1,Marena
15,Margaret
1,Margo
1,Margreat
2,Marguerite
1,Mari
33,Maria
1,Maria-Elena
34,Mariah
1,Mariah-Taylor
10,Mariam
1,Mariama
1,Marian
1,Mariana
1,Marianna
1,Marianne
17,Marie
1,Marie-eve
2,Marielle
1,Marie-Louise
1,Mariem
1,Marijke
1,Marilyn
1,Marilynn
6,Marin
11,Marina
1,Marion
1,Mari-Rose
4,Marisa
31,Marissa
1,Marita
1,Marlar
4,Marlee
2,Marlene
3,Marley
1,Marlie
1,Marlise
1,Marly
1,Marokh
1,Marquise
1,Marrisa
1,Marrissa
1,Marta
7,Martha
2,Martie
6,Martina
2,Marwa
40,Mary
1,Maryah
7,Maryam
2,Maryann
1,Marycarmen
1,Maryjo
1,Marykate
1,Mary-Louise
1,Marym
2,Maryn
1,Mary-Rose
1,Marzena
2,Mataya
1,Mateya
1,Mathilde
1,Matilda
1,Mattayha
5,Mattea
1,Matteya
1,Mattia
1,Mattise
1,Maude
1,Maureen
1,Max
1,Maxence
1,Maxime
3,Maxine
2,May
23,Maya
2,Mayada
1,Maybellene
1,Maybritt
1,Maycie
1,Maygen
1,Maylynn
1,Maymie
1,Maymon
1,Mayuree
4,McKayla
1,Mckayla
2,McKendra
24,McKenna
6,Mckenna
1,Mckennah
1,McKenna-Macy
1,McKensey
1,McKensie
1,McKenzee
1,Mckenzee
15,McKenzie
2,Mckenzie
3,McKinley
1,McLaine
1,Meadbh
20,Meagan
11,Meaghan
1,Meaghin
1,Meakin
1,Medeana
1,Medena
2,Medina
1,Meezhgan
2,Meg
184,Megan
2,Meggan
2,Megha
29,Meghan
1,Meghanne
1,Meghyn
1,Mehakpreet
1,Mehkwan
1,Mehreen
1,Meigan
2,Meighan
2,Meira
1,Meisha
1,Melaina
13,Melanie
1,Melia
1,Melicia
2,Melina
4,Melinda
52,Melissa
1,Mellissa
1,Melodie
6,Melody
1,Melynna
1,Meranda
1,Mercede
16,Mercedes
2,Mercedez
6,Meredith
1,Meriah
1,Meriam
1,Meritchell
2,Merry
1,Meryl
1,Mettannah
1,Meyada
9,Mia
1,Mianna
1,Mia-Rae
5,Micaela
1,Micaella
2,Micah
1,Micah-Rhea
2,Micayla
30,Michaela
1,Michaelea
1,Michal
2,Michayla
1,Michaylah
1,Micheala
2,Michel
1,Michele
52,Michelle
1,Mickaela
2,Mickayla
1,Mickenna
1,Mickenzie
1,Midori
1,Miina
1,Mika
10,Mikaela
1,Mikaela-Rae
1,Mikahla
1,Mikala
1,Mikalina
1,Mikara
47,Mikayla
1,Mikenzie
2,Mikhaila
2,Mikhayla
1,Mikiah
1,Mikka
1,Mikwan
2,Mikyla
2,Mila
1,Milena
1,Milica
1,Milla
1,Mina
1,Mindy
1,Minelle
1,Minh
7,Mira
1,Mirabel
1,Miracle
1,Miral
30,Miranda
1,Miranna
1,Mireille
1,Mirella
1,Miriah
3,Miriam
1,Mishaela
1,Mishal
2,Mishayla
1,Mistii-Rae
2,Misty
1,Mittsu
1,Mobieka
1,Moia
5,Moira
1,Moji
1,Mollie
14,Molly
1,Momina-Bint-E
2,Mona
1,Moneeka
1,Monet
14,Monica
5,Monika
7,Monique
7,Montana
90,Morgan
1,Morgana
1,Morgan-Jean
1,Morgen
2,Morghan
1,Moriah
1,Morissa
2,Morning
1,MorningStar
1,Morsal-Sumaia
1,Moumita
1,Munire
1,Munseet
1,Murphy
1,Musabe
9,Mya
4,Myah
2,Myha
2,Myia
1,Myja
2,Mykala
1,Mykalah
2,Mykayla
1,Mykelti
1,MyKenzie
1,Mykenzie
1,Mykyla
3,Myra
1,Myrandra
1,Myria
1,Myrina
1,Myrna
1,Mysoun
1,Naajia
1,Nacalla
2,Nada
1,Nadeen
11,Nadia
1,Nadien
1,Nadilie
8,Nadine
3,Nadiya
1,Nafeesa
1,Nagam
1,Nahanni
1,Naiya
1,Najwa
1,Nakia
1,Nakida
1,Nakisa
1,Nakita
1,Naktina
8,Nancy
33,Naomi
1,Naomie
1,Nareiman
1,NaRhyse
1,Narmeen
1,Nasiba
1,Nasima
1,Nassreen
1,Nastasia
1,Natali
10,Natalia
45,Natalie
1,Natalie-Julia
1,Natalka
1,Natallya
1,Nataly
4,Natalya
1,Natanis
2,Natascha
53,Natasha
1,Natashia
3,Natasia
1,Nataz
1,Natesa
1,Nathalia
4,Nathalie
1,Naticia
1,Naudia
1,Navarra
3,Navjot
3,Navneet
2,Navpreet
1,Navya
1,Nawal
1,Nazereen
1,Nazhat
1,Neebinas
2,Neelam
1,Neelufar
1,Neera
1,Neesha
1,Neha
1,Nekaelly
1,Nelina
1,Nelisha
1,Nella
1,Nellie
1,Neressa
1,Nesha
1,Nesochi
1,Nesreen
3,Nevada
2,Neve
1,Nevyn
1,Neyha
1,Neyoma
1,Nezshona
1,Ngoc
1,Nhi
1,Nhu
1,Nica-Erin
4,Nichelle
1,Nichelle-Joyce
5,Nichole
1,Nicholette
1,Nicholle
2,Nickita
1,Nico
3,Nicola
1,Nicola-Rae
153,Nicole
4,Nicolette
1,Nicolle
1,Nika
1,Nikaela
1,Nikale
1,Nikaya
1,Nikhayla
1,Niki
15,Nikita
5,Nikki
1,Nikola
1,Nimesha
1,Nimrah-Ahmad
13,Nina
1,Ninotchka
1,Nioami
2,Nipin
2,Nisha
1,Nita
1,Nkemjika
1,Noam
2,Noel
1,Noelani
1,Noella
2,Noelle
1,Noon
5,Noor
1,Nooralhwoda
2,Nora
1,Noreece
1,Noreen
1,Noreena
1,Nosheen
4,Nour
1,Nourhann
1,N'shya
1,Nyadongni
2,Nyagoa
1,Nyakang
1,Nyalok
1,Nyaruot
1,Nyatoang
1,Nyawura
2,Nycailah
1,Nykaea
1,Nyla
1,Nyssa
4,Ocean
1,Oceana
1,Oceane
1,Oceanna
1,Octavia
5,Odessa
1,Odyssa
1,Ohnesty
1,Oke-Tw'sha
1,Oksana
1,Oleceiya
1,Olive
1,Olivette
83,Olivia
1,Olivia-Marie
1,Olivya
1,Oluwafikemi
1,Olyanna
1,Onastasia
1,Ophelie
1,Ophilia
3,Oriana
2,Orianna
1,Oriona
1,Osheanna
1,Oshioke
1,Paayal
2,Pacey
2,Page
90,Paige
2,Paighton
1,Paislea
2,Paisley
1,Paityn
1,Pamaldeep
6,Pamela
1,Paola
3,Paris
3,Parker
1,Parmjit
1,Parmpreet
1,Parmraj
2,Parneet
1,Parsimran
1,Parveer
1,Parys
2,Pascale
1,Patan
2,Patience
1,Patra
1,Patria
12,Patricia
1,Patsy
5,Paula
1,Paula-Marie
3,Paulina
5,Pauline
1,Pavneet
1,Paxton
1,Paxtyn
2,Payden
1,Paytan
3,Payten
26,Payton
1,Pearl
1,Peighton
1,Pendra
1,Penny
1,Peri
1,Perkha
4,Petra
4,Peyton
1,Phillipa
1,Philomena
7,Phoebe
8,Phoenix
1,Phyllis
1,Pia
1,Piera
7,Piper
1,Pollyanna
1,Poppy
1,Porscha
1,Portia
2,Prabdeep
1,Prabhjot
1,Prabhpreet
1,Prairie
1,Prakaipeth
1,Precious
3,Presley
1,Prichelle
3,Priscilla
1,Prisilla
5,Priya
1,Priyanka
1,Promise
2,Puneet
2,Pyper
1,Qudas
2,Quincy
9,Quinn
1,Quinnlan
1,Quinn-Lynn
1,Quinterra
1,Quynh
1,Quynn
1,Qwaitlyn
1,Rabia-Derya
17,Rachael
3,Racheal
128,Rachel
2,Rachel-Ann
1,Rachel-Anne
1,Rachel-Katherine
7,Rachelle
1,Rachel-Lynne
1,Raeann
2,Rae-Ann
1,Raeanna
3,Raeanne
1,Rae-Anne
1,Rae-anne
2,Raechelle
3,Raegan
2,Raegen
1,Raeghan
1,Raelee
2,Raeleigh
3,Raelene
3,Raelyn
1,Raelynn
3,Rae-Lynn
1,Raena
1,Raeshanda
2,Raghad
1,Raha
1,Rahannah
1,Raiden
1,Raija
1,Rain
2,Raina
4,Raine
1,Raisa
1,Raissa
1,Raiya
1,Raiyah
1,Rajah
1,Rajdeep
1,Rajina
1,Rajneet
1,Rajve
1,Raka
2,Ralena
1,Ramanit
2,Ramanjot
1,Ramjot
1,Ramneek
1,Ramona
1,Rana
1,Ranae
1,Randeep
11,Randi
1,Raneda
2,Raneem
1,Raneen
1,Raniya
1,Ranna
1,Raphaelle
5,Raquel
1,Raquelynn
1,Rasti
1,Rauen
14,Raven
1,Ravin
1,Ravleen
2,Ravneet
1,Rawan
2,Raya
1,Rayan
1,Rayann
2,Rayanne
1,Raychael
1,Raychael-Leigh
1,Rayden
1,Rayeann
1,Rayel
2,Rayelle
2,Raygan
1,Raygen
1,Raylee
2,Rayleigh
4,Raylene
2,Raylynn
1,Ray-Lynn
1,Rayn
7,Rayna
2,Rayne
1,Raynelle
1,Raynika
2,Rayven
1,Rayvn
2,Reagan
1,Reagane
1,Reagann
1,Reagen
1,Reah
1,Rean
1,Reann
4,Reanna
7,Reanne
1,Reba
115,Rebecca
1,Rebeccah
3,Rebecka
4,Rebeka
13,Rebekah
2,Rebekka
1,Rechell
1,Redha
1,Reece
3,Reegan
1,Reem
1,Reena
1,Reesa
8,Reese
5,Regan
1,Regina
1,Reheb
3,Reid
1,Reighann
2,Reilly
1,Rein
1,Reis
1,Rema
1,Remington
1,Rena
5,Renae
1,Renata
5,Rene
28,Renee
1,Ressa
1,Revenelle
1,Rewa
1,Reya-Lynn
1,Reyanne
1,Rezika
1,Rhaya
1,Rhayne
1,Rheagan
1,Rhea-Lynn
2,Rheanna
1,Rheanne
1,Rhelle
1,Rhendala
5,Rhianna
7,Rhiannon
1,Rhianon
2,Rhoda
1,Rhys
1,Riane
2,Rianna
3,Richelle
1,Rickida
1,Riel
1,Rielle
1,Rikea
1,Rikkal
2,Rikki
22,Riley
1,Rinael
1,Rindhem
1,Riona
1,Risa
7,Rita
2,Ritu
3,River
1,Roanna
1,Robbi
1,Robeah
1,Roberta
14,Robin
22,Robyn
1,Robynn
7,Rochelle
1,Rockaelle
1,Roesha
1,Roisin
1,Romi
1,Rona
1,Ronnia
1,Roobee
1,Roopinder
6,Rosa
1,Rosaleigh
1,Rosalie
1,Rosalyn
1,Rosalynn
2,Rosanna
1,Rosannaanne
2,Rosanne
8,Rose
1,Roseanna
1,Roseanne
1,Rosecelindah
1,Rosemarie
1,Rose-Marie
2,Rosemary
2,Roshni
1,Rosio
1,Rouhya
1,Rowaida
7,Rowan
2,Roxanne
1,Roxoliana
1,Rozlyn
1,Rubina
4,Ruby
1,Rudi
1,Ruhi
1,Rumaan
1,Rumnique
1,Rupali
1,Rupdeep
4,Ruth
1,Ruthanne
2,Ryan
1,Ryana
4,Ryann
2,Ryanna
4,Ryanne
1,Ryjellica
1,Rylan
11,Rylee
4,Ryleigh
6,Ryley
5,Rylie
1,Rylin
1,Saachi
1,Saania
1,Sabbrin
1,Sabian
1,Sabina
2,Sabine
2,Sable
1,Sabreina
1,Sabrena
29,Sabrina
1,Sabrinna
1,Sabryn
1,Sabryna
3,Sacha
1,Sachi
1,Sadi
1,Sadia
13,Sadie
1,Sa'diyah
1,Saera
1,Safaa
1,Safia
1,Safire
1,Safiya
9,Sage
1,Sahana
1,Sahra
1,Saiba
5,Saige
1,Saigen
1,Sailah
1,Saira
2,Saja
1,Sajeda
1,Sakura
1,Saleen
2,Salina
1,Sallie
3,Sally
4,Salma
1,Samah
1,Samandra
190,Samantha
1,Samantha-Jamie
1,Samantha-Jo
1,Samantha-Taelyr
6,Samara
1,Samia
2,Samina
3,Samira
1,Sammi
1,Sammi-Leigh
1,Samone
1,Samra
1,Samsam
1,Sana
1,Sandaldeep
2,Sandeep
10,Sandra
1,Sandrine
2,Sandy
1,Sangam
1,Sania
1,Sanjana
2,Santana
1,Sanya
1,Saoirse
1,Saphirah
1,Saphire
2,Sapphire
69,Sara
1,Sara-Ellyse
1,Sarafina
1,Sara-Grace
247,Sarah
2,Sarah-Anne
1,Sarahlyn
1,Sarahrose
1,Sara-Jane
1,Saralee
1,Saralene
1,Sara-Maya
1,Sarbkali
1,Sareen
1,Sareena
1,Saren
1,Sarenna
3,Sarina
1,Sarra
1,Sasa
11,Sasha
1,Sassa
1,Satcha
4,Savanah
16,Savanna
30,Savannah
1,Savina-Rose
1,Savneet
2,Sawyer
1,Saydee
1,Sayley
1,Saylor
5,Scarlett
1,Scarlette-Rose
1,Schae
1,Schrise
1,Schylar
1,Seaira
1,Sean
1,Seanida
4,Seanna
1,Seirra
1,Sejla
1,Selaam
3,Seleena
16,Selena
4,Selina
2,Selma
1,Sendy
1,Seneda
1,Senna
1,Senshara
1,Sen-Ting
1,Senya
1,Sepehko
1,Serafina
1,Serana
1,Sereen
23,Serena
1,Serendipity
5,Serenity
1,Serenna
2,Serina
1,Shadaine
1,Shada-Marie
1,Shaddel
1,Shadeen
1,Shadia
1,Shady
4,Shae
1,Shael
1,Shaelah
2,Shaelee
1,Shaelen
2,Shaelin
1,Shaely
13,Shaelyn
1,Shaelyne
9,Shaelynn
12,Shae-Lynn
3,Shae-lynn
3,Shae-Lynne
1,Shaena
1,Shagun
1,Shahara
2,Shaheen
1,Shai
1,Shaia
1,Shaida
1,Shaidiah
1,Shaifali
1,Shailee
1,Shailey
2,Shailyn
3,Shaina
1,Shaine
1,Shaira
1,Shakeena
1,Shakera
1,Shakina
1,Shala
1,Shalagh
1,Shalayna
1,Shalayne
2,Shalee
1,Shaleen
1,Shalene
2,Shaley
1,Shalin
1,Shalina
1,Shaline
1,Shalom
1,Shalyn
3,Shalynn
1,Shalysa
1,Shalyse
1,Shamayah
1,Shamayia
1,Shammah
1,Shan
2,Shana
1,Shanacie
1,Shanae
1,Shanaly
1,Shanaya
1,Shanda
1,Shandel
1,Shandell
2,Shandra
1,Shane
1,Shanee
5,Shanelle
1,Shanese
1,Shanetah
1,Shani
9,Shania
2,Shanice
1,Shanika
2,Shanise
1,Shanley
1,Shanly
1,Shanna
2,Shannan
1,Shannara
1,Shannel
19,Shannon
1,Shantal
2,Shantel
1,Shanzay
1,Shanze
1,Shanzey
1,Sharae
1,Sharda
1,Sharie
1,Sharlee
3,Sharleen
1,Sharlene
1,Sharlie
6,Sharmaine
1,Sharmeen
1,Sharnae
4,Sharon
1,Shasta
1,Shatha
1,Shaughnessy
3,Shauna
1,Shauni
1,Shaunita
1,Shaunna
1,Shavannah
1,Shavaughna
1,Shavoni
2,Shavonne
2,Shawna
1,Shawna-Rae
1,Shawnay
1,Shawnese
2,Shay
1,Shayal
1,Shayan
3,Shayanna
2,Shayanne
1,Shayd
3,Shayden
1,Shaydon
5,Shaye
1,Shaye-Lynne
40,Shayla
2,Shaylah
1,Shayla-Marie
1,Shaylan
1,Shayla-Rae
5,Shaylee
1,Shayleen
3,Shaylene
1,Shaylie
5,Shaylin
1,Shaylon
2,Shaylyn
1,Shaylynd
3,Shaylynn
3,Shay-Lynn
19,Shayna
1,Shayna-Rae
1,Shayne
1,Shaynna
1,Shaziya
4,Shea
1,Shealane
1,Shealie
1,Shealyn
1,Shealynn
2,Shea-Lynn
1,Shea-lynn
1,Shee-Anna
1,Sheeanne
6,Sheena
1,Sheeta-Sunshine
1,Shefali
1,Sheigh
1,Sheighlynn
3,Sheila
1,Shekaya
1,Shekinah
1,Shekoofa
1,Shelah
1,Shelayah
1,Shelayna
3,Shelbi
1,Shelbie
67,Shelby
1,Shelby-Rae
1,Shellbi
2,Shelly
1,Shelyha
1,Sheradan
1,Sherana
1,Shereefa
5,Sheridan
1,Sherika
1,Sherilyn
2,Sherise
1,Sherra
1,Sheryl
1,Sheryl-Ann
1,Shevaun
2,Shiane
5,Shianne
1,Shicoby
2,Shilo
1,Shiloh
1,Shinesta
1,Shiobhan
1,Shione
3,Shira
1,Shiraye
1,Shirish
3,Shirley
3,Shivani
1,Shiza
1,Shohreh
1,Shona
1,Shoshanna
1,Shoshonie
1,Shulamis
1,Shya
1,Shyann
1,Shyanna
6,Shyanne
1,Shy-Anne
14,Shyla
1,Shylah
1,Shylar
1,Shylee
1,Shylo
1,Shynika
1,Shyonna
1,Shyrena
1,Shyrina
1,Siainna
2,Sianna
1,Sianne
1,Siara
1,Siarrah
12,Sidney
2,Sidra
2,Sienna
2,Siera
48,Sierra
1,Sierra-Dawn
2,Sierrah
1,Sierra-Page
2,Silvana
1,Silvarose
1,Silvia
1,Simona
10,Simone
14,Simran
2,Simrandeep
1,Simranjit
3,Simrin
2,Simrit
2,Sinead
1,Sing
1,Sin-Tung
3,Siobhan
1,Siobheal
1,Siobhon
1,Siouan
1,Siranda
1,Sirene
1,Siri
1,Sivneet
1,Skler
1,Sky
1,Skyblue
10,Skye
1,Skyelar
4,Skyla
15,Skylar
1,Skylee
1,Skylen
8,Skyler
1,Skylette
2,Skylin
1,Skyy
1,Sloan
1,Sneh
1,Sneha
8,Sofia
1,Sofia-Rose
1,Soha
1,Solace
1,Solange
2,Soleil
1,Solina
1,Sollena
1,Solveig
1,Sommer
1,Sona
2,Sonali
6,Sonia
4,Sonja
1,Sonny
6,Sonya
1,Sophi
31,Sophia
1,Sophia-Alexandra
32,Sophie
1,Sophie-Ann
1,Sophy
1,Soraya
1,Soroya
2,Souad
1,Souria
1,Sovenva
1,Sravya
4,Stacey
1,Staci
2,Stacy
1,Starla
1,Starle
1,Starleen
2,Starr
1,Statia
6,Stefanie
1,Stefany
1,Steffany
2,Stella
1,Stelle
69,Stephanie
1,Stephanie-
1,Stephany
1,Stevi
3,Stevie
1,Stirling
1,Storm
1,Subhneet
1,Sue
1,Suhare
1,Sujood
1,Sukana
1,Sukhdeep
1,Sukhmani
1,Sukhneet
1,Sukhreeta
1,Sulekha
1,Sullivan
1,Sumayah
1,Sumeet
1,Summar
24,Summer
1,Suna
1,Suneet
1,Sunni
1,Sunrise
2,Sunset
1,Surani
1,Suraya
11,Susan
4,Susana
6,Susanna
2,Susanne
1,Susie
7,Suzanne
1,Suzzie
1,Sweet
1,Syaira
1,Syanne
1,Sydnay
2,Sydnee
173,Sydney
1,Sydni
1,Sylvi
5,Sylvia
3,Sylvie
1,Synclair
1,Synthia
1,Syrena
1,T
1,Taaliya
1,Tabatha
1,Tabatha-Faye
1,Tabaya
3,Tabea
1,Taber
8,Tabitha
1,Tacey
1,Taci
1,Tacie
1,Tae
1,Taegan
1,Taegen
1,Taeleiha
1,Taeler
1,Taelienna
1,Taelin
2,Taelor
1,Taeva
3,Taeya
1,Tagen
2,Tahlia
1,Tahnee
1,Tahner
2,Tahnia
1,Taiba
2,Taigen
1,Taijence
2,Taila
1,Tait
1,Taite
1,Taitlyn
2,Taiya
1,Tajma
2,Takara
1,Tala
1,Talaya
1,Talea
1,Talen
1,Talese
22,Talia
1,Taliah
1,Talisa
1,Talisha
1,Talissa
1,Talitha
1,Tally
1,Talvin
1,Talyn
1,Talyna
1,Talysha
1,Tamana
1,Tamanah-Nafis
14,Tamara
2,Tameka
1,Tamia
1,Tamira
1,Tammi-Lynn
2,Tammy
1,Tandra
1,Taneesha
1,Taneil
1,Taneille
4,Taneisha
1,Tanel
2,Tanesha
1,Tanessa
1,Tania
1,Tanielle
1,Tanika
1,Tanille
5,Tanis
1,Tanise
10,Tanisha
1,Tanja
1,Tanna
1,T-Anna
3,Tanya
3,Tanysha
1,Tapanga
16,Tara
1,Taralynn
1,Taranjit
1,Tarika
1,Tariss
1,Tarnaveer
1,Tarn-Jit
1,Taron
1,Tarra
16,Taryn
1,Taryn-Lee
1,Tarynn
1,Tasbih-Batoul
1,Taschina
7,Tasha
1,Tashayla
1,Tasheena
2,Tasia
1,Tasleem
1,Tasnim
3,Tate
7,Tatiana
3,Tatianna
1,Tatiyana
1,Tatriana
8,Tatum
1,Tatumn
5,Tatyana
1,Tatyanna
1,Tatyannah
1,Tatyiana
2,Tatym
1,Taurean
1,Tavarann
1,Taver
1,Tavia
1,Tavieka
1,Tawasol
1,Tawny
2,Taya
1,Tayah
1,Taye
4,Tayla
1,Taylar
8,Tayler
244,Taylor
1,Taylor-Dawn
1,Taylore
1,Taylour
3,Tea
17,Teagan
1,Teagen
1,Teal
2,Teale
2,Teana
11,Teanna
1,Teara
1,Tearra
1,Tearza
1,Teayana
1,Tecia
1,Tedora
4,Teegan
1,Teela
5,Tegan
1,Tegwyn
1,Tehgann
1,Tehja-Alexandra
1,Tehreem
4,Teigan
1,Teigha
1,Teighan
1,Teisha
1,Tejay
1,Tekarra
1,Telissa
1,Temika
1,Temple
2,Tenaya
1,Teneesha
1,Teneille
1,Tenika
1,Tenille
1,Tenisha
1,Tennille
6,Teresa
1,Terez
1,Tereza
3,Teri
1,Terica
2,Terra
1,Terren
4,Terri
1,Terri-jo
1,Terry
1,Teryl
1,Teryn
1,Tesha
7,Tess
26,Tessa
1,Tessa-Tamara
1,Teva
1,Teyah
1,Teyana
4,Thalia
1,Thanh
1,ThanhVan
7,Thea
1,Theo
7,Theresa
1,Thi
1,Thien
1,Thori
1,Thresa
1,Thu
2,Thuy
1,Thuy-An
23,Tia
1,Tiahna
18,Tiana
27,Tianna
1,Tiannah
11,Tiara
1,Tiara-Lynn
1,Tiauna
1,Tiaura-Lee
1,Tiaya
1,Tieanna
1,Tiegan
1,Tieja
1,Tienna
2,Tierra
1,Tierza
1,Tifany
19,Tiffany
1,Tiger
1,Tilayna
1,Timika
1,Timira
1,Timyko
6,Tina
1,Tinniea
1,Tiona
1,Tipi
2,Tira
1,Tirese
1,Tirza
1,Tirzah
1,Tishawni
1,T'Nia
2,Tobi
1,Toby
7,Toni
1,Tonie
1,Tonishah
1,Topanga
1,Toree
19,Tori
1,Torianna
1,Torrey
1,Torri
2,Torrie
1,Tory
1,Toryanse
1,Totchianna
5,Tracey
6,Tracy
1,Trafina
1,Trailynn
1,Tralynn
1,Treasure
1,Treena
1,Trenidy
1,Tricia
1,Tricity
1,Trina
1,Trinda
23,Trinity
6,Trisha
1,Trishia
2,Trista
4,Tristan
2,Tristen
1,Tristian
1,Tristyn
1,Troie
1,Troy
1,Truc
1,Trudie
4,Trudy
1,Truelee
1,Trynity
1,Trystanne
1,Tsage
1,Tu
1,Tuesday
1,Tulsa
1,Tureen
1,Tutchone
1,Twinkle
3,Twyla
1,Ty
1,Tyana
1,T'yanna
1,Tyela
2,Tyesha
1,Tyja
2,Tyla
1,Tylaire
1,Tylann
1,Tylar
2,Tyleigh
4,Tyler
1,Tylia
1,Tyller
2,Tylyn
1,Tyne
1,Tynesha
1,Tynisha
23,Tyra
1,Tyra-Lee
1,Tyres
1,Tyrian
1,Tyriek
1,Tyrra
1,Tyryn
1,Tysha
1,Ulana
1,Valene
1,Valenna
1,Valentina
1,Valeria
10,Valerie
1,Valisia
1,Valora
45,Vanessa
1,Vanessa-Lynn
1,Vannessa
1,Veda
1,Velvet
2,Venessa
2,Venus
1,Vera
1,Verdah
2,Verna
1,Verneet
18,Veronica
1,Veyda
1,Vianca
2,Vicki
2,Vicky
93,Victoria
1,Victoria-Marie
1,Victoria-Rosa
2,Vienna
2,Viktoria
1,Vina
1,Vinessa
9,Violet
1,Vira
3,Virginia
1,Virpal
1,Vita
1,Viva
1,ViVi
15,Vivian
1,Vivianna
1,Vivienne
1,Vybhavi
1,Waasnode
1,Wajiha
1,Wan
1,Wanatda
1,Waverly
1,We'am
1,Wedad
2,Wendy
1,Werejin
1,Whitley
4,Whitney
1,Wilhelmina
7,Willow
1,Wind
1,Winnie
1,Winny
2,Winter
1,Wylie
1,Wyllo
2,Wynter
1,Xandra
1,Xena
1,Xhoniva
1,Xie
1,Xiomara
1,Xochilt
1,Xue
1,Yael
1,Yaelle
1,Yamini
1,Yaneek
1,Yanira
1,Yashjeet
5,Yasmeen
6,Yasmin
9,Yasmine
1,Yejide
1,Yemisi
1,Yen
1,Yi
1,Yoojin
1,Ysanna
1,Yulisa
1,Yumeko
2,Yvette
4,Yvonne
1,Zaahidah
1,Zahori
2,Zahra
1,Zahraa
1,Zaida
3,Zainab
1,Zainb
2,Zaineb
1,ZamZam
1,Zana
1,Zandra
1,Zaneta
1,Zara
1,Zaraina
1,Zarleigh
1,Zavannah
1,Zeandra
2,Zehra
1,Zehraa
1,Zeina
1,Zelda
1,Zena
1,Zenna
1,Zeyana
1,Zhane
1,Zhinna
1,Zillah
1,Zion
1,Zita-Anne
35,Zoe
1,Zoeanna
1,Zoee
8,Zoey
1,Zoha
2,Zoie
1,Zsofi
1,Zyna