1,Aabida
1,Aakriti
6,Aaliyah
1,Aamena
1,Aarika
1,Aariyana
1,Aaron
1,Aarrianna
1,Aarushi
1,Aashi
2,Abagail
1,Abaigael
1,Abbe
10,Abbey
1,Abbi
2,Abbie
1,Abbieleigh
7,Abbigail
2,Abbigale
2,Abbigayle
20,Abby
3,Abbygail
1,Abbygail-Lila
1,Abbygale
2,Abby-Lynn
1,Abby-Marie
1,Abiana
1,Abigael
58,Abigail
2,Abigale
2,Abigayle
1,Abilene
1,Abree
1,Abriam
1,Abriy
1,Abroo
2,Abygail
3,Acacia
1,Acelyn
1,Achol
1,Adalaide
1,Adanna
1,Adannaya
2,Adara
1,Adden
1,Addis
4,Addison
1,Addyson
1,Adelaide
2,Adele
1,Adeline
1,Adema
1,Adhle
1,Adi
1,Adia
1,Adielleen
1,Adoncia
1,Adora
3,Adria
6,Adriana
1,Adriane
6,Adrianna
2,Adrianne
1,Adrieana
1,Adriel
1,Adrien
8,Adrienne
1,Adryan
1,Adryann
1,Adyson
1,Aedyn
1,Aemon
1,Aeresnna
1,Afroze
1,Afton
1,Aganetha
1,Agat
1,Agata
3,Agatha
1,Agathe-Mae
2,Ahlam
1,Ahlya
1,Ahneasha
1,Ahsley-Rose
1,Aicha
7,Aidan
1,Aiden
1,Aileenn
1,Ailish
12,Aimee
4,Aimie
1,Aine
1,Ainsleigh
6,Ainsley
1,Ainslie
1,Airam
1,Airianna
1,Airika
1,Aisan
6,Aisha
2,Aishah
1,Aishia
1,Aishlin
4,Aislinn
1,Aislyn
1,Aislynn
1,Aislynne
1,Aiya
2,Aiyana
1,Aizon
1,Akash
1,Akasha
1,Akashdeep
1,Akayla
1,Akaysha
1,Akeema
2,Akira
1,Akiva
1,Akke
1,Akosua
January, 2001
1,Akzana
1,Ala
1,Alaa
7,Alaina
1,Alainna
1,Alaira
13,Alana
1,Alanah
1,Alandra
1,Alanis
8,Alanna
4,Alannah
1,Alaura
7,Alayna
1,Alaysha
1,Alaysia
1,Alberta
2,Alea
4,Aleah
1,Aleara
1,Alease
1,Aleasha
1,Aleashea
2,Aleena
2,Aleesha
1,Aleeya
1,Aleeyah
2,Aleeza
2,Aleisha
1,Alejandra
3,Aleksandra
3,Alena
1,Alera
3,Alesha
3,Alessandra
1,Alessandria
3,Alessia
1,Aleta
1,Aletha
2,Alethea
1,Alethia
10,Alex
21,Alexa
95,Alexandra
1,Alexandra-Rebecca
2,Alexandrea
23,Alexandria
3,Alexi
11,Alexia
64,Alexis
1,Alexsandra
3,Alexus
1,Alexys
1,Alezaundra
1,Ali
4,Alia
1,Aliasha
5,Alice
1,Aliceah
31,Alicia
1,Alida
1,Alieka
1,Aliera
5,Alina
3,Alisa
12,Alisha
1,Alishah
1,Alishia
1,Alisia
13,Alison
11,Alissa
1,Alissar
1,Alissa-Roni
1,Alisyn
4,Alivia
3,Alix
1,Alixandra
1,Alixx
4,Aliya
6,Aliyah
1,Aliza
1,Allannah
1,Allayna
1,Allecia
1,Allegra
1,Allena
1,Allene
1,Alley
1,Alleya
1,Alli
1,Allia
2,Allie
31,Allison
1,Allissa
2,Allora
3,Ally
1,Allycen
1,Allysa
1,Allysan
6,Allyson
4,Allyssa
1,Allyxjandria
1,Alondra
3,Alora
1,Alphonsine
1,Althaea
2,Althea
1,Alura
1,Aluxandra
1,Alwxandria
1,Alyana
3,Alycia
1,Alyna
1,Alys
1,Alysandra
1,Alyse
8,Alysha
1,Alyshah
2,Alyshia
2,Alysia
1,Alysia-Marie
7,Alyson
113,Alyssa
January, 2001
1,Alyvia
2,Alyx
1,Alyxandra
1,Alzhra
1,Ama
1,Amal
1,Amaly
1,Amanbir
82,Amanda
1,Amanda-Hubn-Huynh
1,Amanda-Jones
1,Amany
2,Amar
3,Amara
1,Amarachi
1,Amarae
1,Amaranta
1,Amaris
1,Amarnie
1,Amatul
51,Amber
2,Amber-Lynn
1,Amber-Lynne
1,Amber-Marie
1,Ambriel
1,Ameena
1,Amel
20,Amelia
1,Amell
1,Amellia
1,Amena
1,America
1,Amethyst
2,Ami
1,Amica
1,Amie
1,Amila
1,Amilia
3,Amilie
4,Amina
2,Aminah
4,Amira
1,Amirah
2,Amisha
1,Amitdeep
1,Amlika
1,Amna
1,Amnish
1,Amou
1,Amrit
1,Amrita
92,Amy
1,Amye
5,Ana
1,Anabella
1,Anabelle
1,Anah
1,Analea
1,Analia
1,Analiese
1,Analise
1,Ana-Maria
10,Anastasia
1,Anastasia-Marie
1,Anazi
3,Andi
26,Andrea
1,Andreah
1,Andrie
1,Andrina
1,Aneeka
1,Aneesha
1,Aneisha
1,Anfia
17,Angel
23,Angela
1,Angele
1,Angelia
11,Angelica
1,Angelika
1,Angelin
13,Angelina
2,Angeline
1,Angelique
1,Anica
1,Aniela
19,Anika
1,Anikyne
1,Anila
1,Anisha
2,Anissa
8,Anita
2,Anjali
1,Ankita
1,Ankush
1,Anmol
1,Anmoldeep
4,Ann
61,Anna
1,Anna-Bella
3,Annabelle
1,Annabeth
1,Annalese
3,Annalise
2,Anna-Maria
4,Anna-Marie
1,Anna-May
7,Anne
1,Anneka
1,Anneke
1,Anneli
3,Anneliese
2,Annelise
4,Anne-Marie
5,Annette
1,Annick
19,Annie
17,Annika
1,Annissa
1,Ann-Marie
1,Anny
1,Anok
1,Anoop
January, 2001
1,Anoushka
1,Anshu
1,Antoinette
2,Antonia
1,Anusha
1,Anwar
1,Anwyn
2,Anya
1,Aobhin
1,Aoife
1,Aphrodite
1,Apollonia
10,April
1,Aqsa
1,Ara
1,Aradhana
2,Araya
1,Arba
2,Arden
1,Areej-E-Zehra
2,Aria
1,Ariadne
8,Ariana
4,Ariane
12,Arianna
1,Arianne
11,Ariel
4,Arielle
1,Aries
2,Arika
1,Arilyn
1,Arista
1,Aristaea
1,Aritee
1,Arleen
1,Aroob
1,Arpanjot
1,Artemis
1,Artina
1,Arupa
1,Aryana
1,Aryanna
1,Arys
5,Asha
1,Ashely
1,Ashiana
1,Ashita
10,Ashlee
1,Ashleen
9,Ashleigh
144,Ashley
1,Ashley-Morgan
1,Ashli
1,Ashliegh
3,Ashlin
3,Ashly
20,Ashlyn
7,Ashlynn
1,Ashlynne
1,Ashly-Paige
1,Ashten
4,Ashton
2,Ashtyn
1,Ashwariya
1,Ashyana
4,Asia
1,Asiyah
2,Asma
7,Aspen
1,Aspyn
1,Aspynn
1,Asra
1,Assia
1,Astrid
1,Ataiya
2,Athena
1,Athina
1,Atina
1,Atlantis
1,Atredies
4,Aubrey
2,Audra
5,Audrey
2,Augustine
1,Aula
1,Aundrea
2,Aura
2,Aurelia
1,Auriel
1,Aurin
8,Aurora
1,Austyn
1,Autum
1,Autume-Rain
15,Autumn
21,Ava
1,Avalea
2,Avalon
1,Ava-Marie
1,Avenlea
1,Averey
2,Averi
25,Avery
1,Avhie
1,Avion
1,Aviya
1,Avjot
2,Avneet
1,Avrey
1,Avriana
1,Avrielle
2,Avril
1,Avrill
1,Avy
1,Awiet
1,Aya
6,Ayah
1,Ayaka
1,Ayana
1,Ayanna
2,Ayat
1,Ayda
1,Aydan
January, 2001
3,Ayden
1,Ayely
2,Ayesha
10,Ayla
1,Aylla
1,Ayman
1,Ayronn
2,Aysha
1,Ayvree
1,Ayyat
1,Azhalay
1,Azia
1,Azlyn
1,Azra
1,Azra-Sultan
1,Bahiea
6,Bailee
2,Baileigh
70,Bailey
2,Bailie
1,Bailley
1,Baillie
1,Baljot
1,Balnoor
1,Balsie
1,Barbie
1,Batoul
4,Baylee
2,Bayley
1,Baylie
1,BB
1,Beatial
3,Beatrice
1,Beauty
3,Becky
1,Bee
1,Bela
2,Bella
2,Belle
1,Beretta
1,Berleen
2,Bernadette
4,Bertha
1,Bessie
8,Beth
1,Bethanie
23,Bethany
1,Bettiel
1,Betty
1,Bevan
1,Beverley
1,Beverly
1,Beyounch
1,Bhaveesha
1,Bhavini
1,Bhavneet
1,Bhreagh
10,Bianca
1,BiancaMaria
1,Bienrose
3,Billie
2,Billy
2,Blair
5,Blaire
1,Blake
1,Blanka
1,Blaze
1,Blondelle
1,Bobbi
1,Bobbie
1,Bobbi-Jo
1,Bradean
1,Bradi
1,Bradi-Anne
4,Braelyn
2,Braelynn
1,Braelynne
1,Brailey
1,Braleigh
3,Brandi
1,Brandi-Lee
1,Brandon
4,Brandy
1,Brannon
4,Brayden
1,Braylea
2,Brea
4,Breana
2,Breann
44,Breanna
1,Breanna-Reese
13,Breanne
2,Bree
1,Breea
2,Breeana
1,BreeAnn
1,Breeann
3,Breena
1,Brekell
3,Brenda
1,Brendzy
16,Brenna
2,Brennah
1,Brenna-Lynn
1,Breton
1,Bretonnie
1,Brett
1,Brettney
1,Bretton
1,Bria
10,Briana
1,Brianda
1,Briann
82,Brianna
1,Bri-Anna
10,Brianne
1,Briar
5,Bridget
2,Bridgette
1,Bridgit
3,Brie
1,Brieal
1,Brieann
January, 2001
3,Brieanne
1,Brie-Anne
1,Brieawna
9,Brielle
2,Brighid
1,Brigid
1,Brigit
1,Brigitte
1,Briley
1,Brin
1,Brina
1,Brissa
1,Britain
1,Britanie
1,Britannia
1,Britany
1,Brithany
15,Britney
1,Britnie
1,Brittaney
2,Brittani
2,Brittanie
39,Brittany
1,Brittany-Ann
1,Brittany-Diana
1,Brittiany
1,Brittnee
22,Brittney
1,Brittni
1,Brodi
1,Bronte
1,Bronwen
13,Bronwyn
1,Bronwynn
6,Brook
75,Brooke
2,Brookelyn
1,Brooke -Lyn
1,Brookelynn
1,Brooke -Lynn
2,Brooklin
84,Brooklyn
1,Brook-Lyn
16,Brooklynn
1,Brooklynne
1,Brownwyn
3,Bryana
2,Bryanna
1,Bryanne
1,Bryce
1,Bryer
3,Brylee
7,Bryn
1,Bryna
1,Brynley
14,Brynn
4,Brynna
4,Brynne
1,Burke
1,Burlyn
1,Bushara
1,Buvneet
1,C.Jae
1,Cachell
1,Cachius
3,Cadence
1,Cady
1,Cael
1,Caelan
2,Caeleigh
1,Caelestis
1,Caeli
1,Caelia
1,Caelin
3,Caelyn
1,Caileah
2,Caileigh
2,Cailey
2,Cailin
1,Cailley
2,Cailyn
1,Cailynn
1,Cailynne
32,Caitlin
20,Caitlyn
1,Caitriona
1,Caityn
1,Calee
6,Caleigh
1,Caley
2,Cali
1,Calie
11,Calista
1,Calla
1,Callandra
2,Callen
2,Calley
6,Callie
1,Cally
1,Calyn
1,Calyne
1,Calynne
1,Calyssa
1,Calysta
1,Cambell
1,Cambrey
1,Cambria
8,Cameron
1,Cameryn
5,Camille
1,Camilyn
1,Cammy
1,Campbell
1,Camren
1,Camrie
20,Camryn
6,Candace
5,Candice
1,Candiss
1,Caoimhe
1,Capri
10,Cara
1,Cara-Joy
January, 2001
1,Caralee
1,Carelyn
9,Carissa
2,Carla
5,Carlee
1,Carleen
4,Carley
3,Carli
3,Carlie
1,Carlie-ann
21,Carly
1,Carmela
1,Carmella
20,Carmen
1,Carmina
1,Carmyn
3,Carol
1,Carolin
3,Carolina
12,Caroline
1,Carol-Joy
6,Carolyn
1,Carolynn-Ann
1,Carra
1,Carri
4,Carrie
1,Carrington
2,Carsyn
2,Carter
1,Carylanne
1,Caryn
1,Carys
5,Casandra
7,Casey
1,Cason
58,Cassandra
1,Cassedi
1,Cassia
1,Cassidi
80,Cassidy
7,Cassie
1,Cassiel
1,Cat
1,Catarina
2,Catelynn
1,Catey
1,Catharine
20,Catherine
1,Cathie
1,Cathleen
1,Cathryn
3,Catriona
1,Cayce
1,Cayden
1,Cayenne
4,Cayla
1,Caylee
2,Cayleigh
7,Cayley
1,Caylin
1,Caylyn
1,Ceaira
3,Ceanna
2,Ceara
1,CeCelia
1,Cecile
2,Cecilia
5,Ceili
2,Ceilidh
1,Ceilie
1,Celene
4,Celeste
1,Celia
7,Celina
5,Celine
1,Celisity
1,Ce'Nedra
1,Centurie
1,Ceri
1,Cestra
1,Cevanna
1,Ceyanna
1,Chaahat
1,Chace
1,Chaelah-Ann
1,Chaeli
1,Chai
1,Chaley-Anne
1,Chalize
1,Challen
1,Chana
2,Chance
1,Chandelle
1,Chandni
2,Chandra
4,Chanel
3,Chanelle
1,Channce
1,Chanpreet
16,Chantal
2,Chante
11,Chantel
14,Chantelle
1,Chantey
1,Chanti
1,Chanyn
1,Charife
1,Charis
6,Charity
3,Charlee
5,Charlene
1,Charlese
1,Charli
1,Charliah
1,Charlise
4,Charlize
19,Charlotte
3,Charly
1,Charlye
1,Charmae
1,Charmain
5,Charmaine
1,Charnell
January, 2001
1,Chasey-James
4,Chasity
1,Chassidy
1,Chassity
2,Chastity
1,Chavez
1,Chaylee
1,Chaysah
1,Chayse
1,Chelan
1,Chelisa
1,Chelse
53,Chelsea
18,Chelsey
1,Chenelle
1,Chenoa
1,Cherakee
1,Cheralyn
1,Cheralynn
1,Cheranda
1,Chereese
1,Cherice
1,Cheriden
1,Cherie
1,Cherise
2,Cherish
1,Cherlen
1,Cherokee
1,Cherry
4,Cheryl
1,Cherylea
1,Chevanna
1,Chevaughn
1,Chey
2,Cheyanna
6,Cheyanne
22,Cheyenne
1,Cheyleen
2,Cheylene
2,Cheylin
1,Chianna
3,Chiara
1,Chimoni
77,Chloe
6,Chloi
3,Chlok
1,Chlve
1,Chrissie
2,Christa
1,Christal
1,ChristiAnn
1,Christianne
3,Christie
1,Christin
41,Christina
21,Christine
1,Christi-Noelle
1,Christobelle
1,Christopher
3,Christy
1,Christyanna
1,Chyanne
1,Ciana
2,Cianna
9,Ciara
3,Cienna
2,Cierra
1,Ciilm
1,Ciline
1,Cindell
12,Cindy
2,Clair
47,Claire
6,Clara
5,Clare
1,Clarisa
11,Clarissa
8,Claudia
2,Claudine
1,Cleopatra
1,Clodagh
2,Cloe
1,Clorissa
1,Cloyee
1,Cnantal
1,Cobi
1,Coby-Dawn
1,Codee
2,Codi
1,Colbi
2,Colby
1,Cole
2,Colette
4,Colleen
1,Connie
1,Constance
8,Cora
4,Coral
1,Coralee
1,Coralie
1,Coralynn
1,Corbin
1,Corey
1,Corinne
1,Corinthe
2,Corissa
1,Corliss
1,Corly
1,Cornelia
1,Cornella
1,Corra
1,Corrall
1,Correne
1,Corrie
1,Corrin
1,Corrina
2,Cortney
1,Cortni
1,Cory
1,Cory-Lee
1,Coryn
1,Costantina
1,Couper
January, 2001
1,Courteney
1,Courtlyn
68,Courtney
1,Courtney-Lynn
1,Courtni
1,Courtnie
1,Cree
1,Creeann
1,Crishiallie
1,Cristal
1,Cristan
1,Cristiana
1,Cristin
1,Cristina
8,Crystal
2,Cyan
1,Cyanne
1,Cydnee
1,Cydney
1,Cydnie
1,Cyerra
1,Cylie
1,Cylliena
1,Cyndy
11,Cynthia
1,Cyrel
2,Dacey
1,Daegan
1,Daejalee
1,Daelyn
1,Daidien
1,Daidrien
8,Daisy
1,Daityn
1,Dakhota
2,Dakoda
30,Dakota
1,Dakotah
1,Dale-Lyn
1,Dalen
1,Dallas
1,Dallee
1,Dallis
1,Dalliz
1,Dalresha
1,Dalynn
1,Dalynna
1,Damara
1,Damaris
1,Damian
14,Dana
4,Danae
1,Danah
1,Danai
2,Danak
1,Daneet
2,Danelle
1,Danette
3,Dani
1,Dania
1,Danialle
13,Danica
2,Daniela
3,Daniella
63,Danielle
14,Danika
1,Danikah
1,Danikka
1,D'Anneka
3,Danni
1,Dannica
1,Dannielle
1,Danni-Lee
1,Dante
1,Danusia
3,Danya
1,Danyah
1,Danyia
1,Dao
6,Daphne
4,Dara
1,Darae
1,Darah
1,Darbi
16,Darby
1,Darby-Jayne
1,Darcey
3,Darci
1,Darcy
6,Daria
8,Darian
1,Dariane
1,Darienne
1,Dariyan
1,Darla
5,Darlene
1,Darleth
1,Darrah
1,Darrell
1,Daryan
1,Daryl
1,Daryna
1,Dasheena
1,Davaney
1,Davina
1,Davita
4,Dawn
1,Dawnella
1,Dawn-Marie
2,Dawson
1,Daxxon
1,Dayelle
1,Daylee
1,Daylon
1,Dayn
9,Dayna
1,Daysha
1,Dazlyn
1,De
1,Deaira
2,Deana
1,Deandra
10,Deanna
January, 2001
1,Deannah
1,DeAnne
4,Debbie
1,Debonaire
1,Debreanna
1,Deena
1,Deidra
2,Deirdre
1,Deisha
1,Deistany
1,Deja
2,Delaina
1,Delaine
3,Delainey
1,Delana
18,Delaney
1,Delanie
1,Delanya
1,Delayna
1,Delayne
1,Delayni
1,Delcia
2,Delia
1,Deliane
5,Delilah
1,Delise
1,Delona
1,Demetra
1,Demi
3,Denae
1,Denai
1,Denait
2,Denay
1,Deneka
1,Denell
1,Denesha
1,Deni
1,Denielle
1,Denika
5,Denise
1,Dennah
1,Dennai
1,Deprise
1,Deryn
2,Desarae
1,Desarai
1,Deserae
1,Desha
1,Deshann
3,Desirae
1,Desirea
8,Desiree
1,Desrie
1,Desserae
5,Destinee
1,Destiney
2,Destinie
32,Destiny
1,Destiny-Jade
1,Destiny-Raye
1,Destyni
3,Devan
4,Devin
1,Devlynn
3,Devon
1,Devonee
1,Devon-Rae
1,Devorah
1,Devroop
4,Devyn
1,Devynn
1,Deziere-Anna
1,Dezire
1,Deziree
1,Dhalia
1,Dharma
1,Dhyanavi
2,Diamond
10,Diana
2,Diane
2,Dianna
1,Dianne
1,Didimo
1,Dija
2,Dilpreet
1,Dima
1,Dina
1,Dione
1,Dionna
1,Dionne
3,Divya
1,Dixen
1,Djellza
1,Dominic
4,Dominique
1,Domnika
1,Domonique
1,Donica
7,Donna
2,Dora
1,Dorah
1,Dorathea
1,Dorathy
1,Doreen
1,Dorianna
1,Dorianne
1,Doris
5,Dorothy
1,Dorothy-Anne
1,Dorsetta
1,Doua'a
1,Dove
1,Draaven
1,Draya
1,Dresden
7,Drew
1,Dreyvin
1,Drucilla
1,Drusilla
1,Duchess
2,Dylan
1,Dylana
1,Dylanna
January, 2001
1,Dynaya
1,Eagle
1,Earon
1,Eavy
1,Ebony
1,Echo
1,Echodawn
3,Eda
1,Edan
1,Edana
17,Eden
3,Edith
1,Edleenna
2,Edna
1,Edris
1,Edynne
1,Ee
1,Eeman
1,Eianna
3,Eileen
1,Eilleen
1,Ekram
1,Ekta
1,Ektaa
1,Elaina
3,Elaine
1,Elana
1,Elanna
1,Elara
1,Elayna
1,Eleanor
1,Electra
7,Elena
1,Elesabeth
1,Elescia
2,Elexa
1,Elexia
1,Elham
1,Eliah
3,Eliana
1,Eliana-Inez
1,Elianna
2,Elif
1,Elinor
1,Eliora
1,Eliot
2,Elisa
7,Elisabeth
16,Elise
4,Elisha
3,Elissa
1,Elita
1,Eliya
6,Eliza
72,Elizabeth
1,Elizaveta
15,Ella
2,Elle
5,Ellen
1,Elli
1,Ellianna
5,Ellie
1,Ellise
1,Ellisha
1,Elliza
1,Eloise
1,Elora
2,Elsa
1,Elsie
1,Elyn
1,Elysa
2,Elyse
1,Elysia
1,Elyssa
1,Elza
1,Ema
1,Emalee
1,Emaly
3,Eman
3,Ember
1,Emelie
1,Emely
1,Emersen
1,Emerson
8,Emilee
1,Emileigh
1,Emiley
1,Emili
6,Emilia
10,Emilie
1,Emilija
1,Emille
1,Emillie
277,Emily
1,Emily-Ann
1,Emilyanne
1,Emilyia
1,Emilymae
1,Emily-Marie
1,Emira
1,Emlyn
182,Emma
1,Emma-Anne
1,Emma-Jayne
3,Emmalee
1,Emmaleigh
1,Emmalie
1,Emmaline
1,Emmalyh
1,Emma-Mae-Carmel
1,Emmarae
1,Emmarie
1,Emme
1,Emmi
1,Emmily
1,Emmma
1,Emmulou
2,Emmy
1,Emmylou
1,Emy
1,Ena
1,Enaam
1,Enrika
January, 2001
1,Eriana
31,Erica
1,EricaLynn
1,Ericka
31,Erika
47,Erin
1,Erjeta
1,Erna
1,Ernita
1,Erona
3,Eryka
1,Erykah
8,Eryn
2,Erynn
1,Esfahan
2,Esha
1,Esprit
1,Estelle
12,Esther
1,Estie
1,Eunice
1,Eu-Rie
7,Eva
1,Eva-Maria
1,Evan
2,Evangeline
1,Evanne
9,Eve
1,Eveliina
1,Eveline
9,Evelyn
1,Evie
1,Evyr
1,Ewa
1,Ezra
2,Ezri
1,Fadhrera
1,Faethe
45,Faith
1,faith
1,Faithanne
1,Faith-Anne
1,Faithe
1,Faith-Marie
1,Falicity
2,Fallon
1,Falon
1,Famke
1,Fantasy
1,Farah
1,Fardosa
1,Fareeha
3,Farrah
1,Fatema
1,Faten
4,Fatima
2,Fatimah
1,Fatuma
1,Faustina
1,Faven
2,Fawn
9,Felicia
5,Felicity
1,Feliechia
1,Femke
1,Fereba
1,Feven
1,Fevrusa
1,Filore
7,Fiona
1,Fionnuala
1,Fiora
1,Fiza
3,Flora
4,Florence
1,Foster
1,Fouzie
1,Franalynn
1,Francene
6,Frances
1,Francesca
1,Francis
1,Fransline
1,Franziska
1,Frederika
1,Freedom
1,Frieda
1,Gabby
1,Gabrieal
1,Gabriel
8,Gabriela
8,Gabriella
39,Gabrielle
1,Gail
1,Gaillen
1,Galadriel
1,Ganika
1,Garilyn
1,Gearya
1,Gemini
2,Gemma
1,Gena
1,Genelle
1,Geneva
1,Geneve
10,Genevieve
1,Geneviive
1,Geniva
1,Genna
1,Genoise
1,Georgeanne
2,Georgena
1,Georgette
32,Georgia
3,Georgina
1,Geraldine
1,Geri
1,Germaine
1,Gerrie-Mae
1,Gertruda
1,Gertrude
1,Ghadeer
1,Ghausia
January, 2001
2,Gia
1,Giada
3,Gianna
1,Gianne
19,Gillian
6,Gina
1,Giovanna
2,Gisele
4,Giselle
1,Gisselle
2,Giulia
1,Giulianna
1,Glaiza
1,Glenda
1,Glengelyn
1,Gloia
9,Gloria
1,Glorya
1,Godween
94,Grace
3,Grace-Anne
21,Gracie
1,Gracielle
3,Gracyn
1,Grayce
1,Graycie
1,Grayli
1,Graysann
1,Greer
2,Greta
1,Guilliana
1,Guntaas
1,Guramrit
1,Gurjot
1,Gurkaran
1,Gurkirat
6,Gurleen
1,Gurman
1,Gurneet
3,Gurpreet
1,Gurreet
1,Gursimren
1,Gurvir
2,Gwen
1,Gwendalyn
1,Gwendoline
1,Gwendolyn
1,Gwendora
1,Gwenyth
1,Gwynedde
4,Gwyneth
1,Gyanjot
1,Gyatri
1,Ha
1,Haania
1,Habiba
1,Hadassah
2,Hadeel
1,Hadeer
1,Hadley
1,Hadya
1,Hae-in
1,Haely
1,Hafsa
1,Hafsah
1,Haile
1,Hailea
4,Hailee
1,Haileigh
84,Hailey
1,Hailey-Jade
1,Haily
1,Halaena
1,Halah
1,Halaina
1,Halbine
1,Haleema
4,Haleigh
1,Halema
56,Haley
1,Haley-Jean
2,Hali
4,Halie
1,Halimadhol
1,Halla
7,Halle
2,Hallee
1,Hallelujah
1,Halley
1,Halli
8,Hallie
1,Hally
1,Halyn
1,Hamdi-Najah
6,Hana
1,Hanah
4,Hanan
1,Hanane
2,Haneen
1,Hanein
24,Hanna
244,Hannah
1,Hannah-Grace
1,Hannan
1,Hanne
1,Hariklia
1,Harjot
1,Harkeerat
2,Harleen
1,Harleigh
5,Harley
1,Harli
1,Harlie
1,Harline
1,Harliv
2,Harman
1,Harmanpreet
1,Harmeen
1,Harmoney
4,Harmony
1,Harnoor
1,Harper
1,Harpreet
January, 2001
1,Harriet
2,Harsimran
1,Harsukhbir
1,Haruka
4,Haven
1,Hawra
1,Haya
1,Hayden
14,Haylee
1,Hayleigh
30,Hayley
1,Hayleyanne
4,Haylie
1,Hayven
2,Hazel
1,Heart
14,Heather
5,Heaven
1,Heavenly
1,Heba
11,Heidi
1,Helainna
1,Helayna
6,Helen
8,Helena
1,Helene
2,Henna
1,Hermella
1,Hevyn
2,Hiba
1,Hien
2,Hilda
1,Hildy
1,Hilhna
2,Hillary
1,Himani
1,Hina
1,Hiyab
1,Ho
1,Ho-Ching
1,Hoda
1,Holland
1,Hollie
27,Holly
2,Honesty
26,Hope
1,Hope-Leah
1,Hosneara
1,Houda
1,Houston
1,Huda
1,Hue
1,Hufsa
1,Humbeline
11,Hunter
1,Hyunjin
1,Hyunyoung
1,Icelyn
1,Ida
1,Ieesha
1,Ileen
1,Ilisabelle
1,Ilise
1,Illiona
1,Imaan
1,Imaara
2,Iman
1,Imelda
1,Imilie
2,Imogen
1,Inaya
4,India
1,Indiana
1,Indianna
1,Indica
1,Indira
1,Indya
1,Inessa
1,Inga-Danja
1,Ioana-Ilinca
1,Iona
6,Ireland
1,Irem
1,Irene
1,Irina
7,Iris
1,Irissa
1,Irkoo
15,Isabel
2,Isabell
31,Isabella
32,Isabelle
4,Isha
1,Isidora
1,Isis
1,Isla
3,Isobel
1,Israel
1,Issabella
1,Issoaf
1,Itaf
4,Ivana
1,Ivey
1,Ivonna
1,Ivorie
1,Ivory
8,Ivy
1,Iwa
1,Iya
1,Iyatt
1,Iyla
1,Izaballa
1,Izabel
1,Izabella
2,Jaala
1,Jaasmyn
6,Jacey
3,Jacinta
1,Jackelin
1,Jackie
3,Jacklyn
1,Jackson
7,Jaclyn
January, 2001
1,Jacob
1,Jacomina
1,Jacqean
9,Jacqueline
1,Jacy
1,Jacyntha
18,Jada
1,Jada-Joy
1,Jadalyn
70,Jade
2,Jadelynn
15,Jaden
1,Jadesola
1,Jadice
7,Jadyn
1,Jadzia
1,Jaed
1,Jaeda
1,Jaeden
1,Jaedon
5,Jaedyn
2,Jael
1,Jaelle
2,Jaelyn
1,Jaelynne
1,Jagreet
1,Jahnique
1,Jaia
1,Jaicey
5,Jaida
2,Jaide
14,Jaiden
4,Jaidyn
1,Jaihon
1,Jaillean
8,Jaime
2,Jaimee
1,Jaime-Lynn
1,Jaimey
7,Jaimie
2,Jaina
1,Jaipreet
1,Jaka
1,Jalaya
1,Jaleesa
3,Jalen
1,Jalila
1,Jalind
1,Jallelle
1,Jalmaine
1,Jalyce
1,Jalynn
1,Jalyse
1,Jam
1,Jamal
1,Jameelia
1,Jameica
3,Jamey
2,Jami
25,Jamie
1,Jamiela
1,Jamie-Leah
1,Jamie-Lee
1,Jamie-Lynn
1,Jamisyn
4,Jana
9,Janae
1,Janaia
1,Janan
3,Janaya
11,Jane
1,Janee
1,Janeissa
2,Janell
22,Janelle
3,Janessa
6,Janet
1,Janette
1,Janeva
1,Janeya
4,Janice
2,Janine
4,Janna
1,Jannah
1,Jannell
1,Jannice
1,Janny
1,Janoah
1,Janyl
1,Japjeet
1,Japneet
1,Jaqueline
1,Jasanpreet
1,Jasdeep
1,Jasey
1,Jashnoor
1,Jasie
1,Jasjit
1,Jasjot
3,Jasleen
1,Jasmean
2,Jasmeen
3,Jasmeet
1,Jasmene
8,Jasmin
59,Jasmine
1,Jasmine-Asha
1,Jasmine-Lee
1,Jasmine-Rae
3,Jasmyn
2,Jasmyne
1,Jasneel
1,Jasnit
2,Jasper
2,Jaspreet
1,Jasreen
1,Jasreet
1,Jassandra
1,Jasslyne
1,Jasvine
1,Jaya
7,Jaycee
1,Jaycene
January, 2001
1,Jaycie
7,Jayda
1,Jaydaan
1,Jaydalyn
1,Jaydan
7,Jayde
32,Jayden
1,Jaydin
1,Jaydon
1,Jayla
1,Jaylee
1,Jay-Lee
1,Jayleen
5,Jaylene
3,Jaylin
3,Jaylynn
1,Jay-Lynn
2,Jaylynne
7,Jayme
2,Jaymee
1,Jayme-Lee
4,Jaymie
4,Jayna
1,Jaynie
1,Jazeeba
3,Jazlyn
1,Jazmeyne
5,Jazmin
2,Jazmine
1,Jazmyn
2,Jazmyne
1,Jazzlynn
1,Jean
1,Jeanann
1,Jeanelle
1,Jeanille
1,Jeanique
3,Jeanna
1,Jeannette
1,Jeevan
1,Jeevandeep
1,Jehad
1,Jehan
1,Jehda
1,Jelayna
2,Jelena
1,Jelsey
2,Jemma
1,Jena
5,Jenae
1,Jenai
1,Jenalee
1,Jenan
1,Jen-Ann
2,Jenay
3,Jenaya
1,Jenayah
9,Jenelle
2,Jenessa
1,Jenevieve
3,Jenica
1,Jenie
1,Jenise
105,Jenna
1,Jennagree
1,Jennah
1,Jennalee
1,Jenna-Lyn
1,Jenna-Mae
1,Jenna-Marie
1,Jennelle
1,Jennessa
1,Jennica
50,Jennifer
1,Jennika
1,Jennis
13,Jenny
1,Jenoah
7,Jensen
1,Jerah
1,Jeramie
1,Jeri
1,Jerica
1,Jerika
1,Jerilee
1,Jerralyn
3,Jerrica
1,Jesha
1,Jesica
3,Jessa
1,Jessabelle
1,Jessalyn
1,Jessann
8,Jesse
1,Jesseca
1,Jessee
1,Jesse-Lee
1,Jessi
198,Jessica
25,Jessie
2,Jessika
1,Jessilyn
1,Jessi-Rae
2,Jessy
1,Jestean
1,Jetta
2,Jeunesse
12,Jewel
1,Jewel-Shea
1,Jewles
1,Jewlia
1,Jeyne
1,Jezlyn
1,Jezrial
1,Jgehan
1,Jhasmin
1,Jhonna
1,Jia
1,Jianna
5,Jill
1,Jillana
1,Jillanna
1,Jilleon
January, 2001
1,Jilliam
40,Jillian
1,Jillina
1,Jilvanna
1,Jinee
1,Jing
1,Jireh
1,Jo
2,Joan
1,Joanie
1,Jo-Ann
5,Joanna
5,Joanne
1,Jobelle
1,Jo-Belle
1,Jobenjit
20,Jocelyn
2,Jocelynn
2,Jodee
1,Jodi
2,Jodie
1,Jody
1,Jodyn
4,Joelle
1,Joely
1,Joelyn
1,Joenica
1,Johaih
4,Johanna
1,Johnalee
1,Johnette
1,Joklle
1,Jolayna
2,Jolee
1,Joleen
11,Jolene
1,Joletta
1,Jolie
1,Jolyn
2,Jonah
1,Jonaya
1,Jonina
1,Jonna
1,Jora
49,Jordan
3,Jordana
1,Jordann
3,Jordanna
1,Jordayne
2,Jorden
1,Jordi-Lane
1,Jordin
1,Jordy
34,Jordyn
1,Jordynn
1,Jordynne
2,Jorja
1,Josalynn
1,Josei
1,Joseph
1,Josephina
12,Josephine
1,Josephine-Babs
1,Josey
1,Joshiphine
1,Joshlyn
1,Josi
1,Josiah
18,Josie
1,Josie-Leah
1,Josiena
2,Joslynn
1,Journee
1,Journey
1,Jovana
1,Jovita
1,Joy
10,Joyce
1,Jubieta
1,Judaine
1,Jude
5,Judith
5,Judy
1,Judzeah
1,Judzia
2,Jule
1,Juleanne
3,Jules
101,Julia
1,Julian
10,Juliana
14,Julianna
10,Julianne
33,Julie
1,Julieann
2,Julieanna
1,Julie-Anna
1,Julien
3,Juliet
6,Juliette
1,Julissa
1,Julitta
1,Jullieanna
1,Julliet
1,Jumana
1,Jumanah
1,Jurnee
1,Jurni
13,Justice
1,Justicte-Rose
4,Justina
11,Justine
1,Justyce
1,Jyla
1,Jylian
1,Jynae
1,Jyoti
1,Kabrie
2,Kacey
1,Kacia
4,Kacie
1,Kacy
1,Kadeem
January, 2001
1,Kadeja
1,Kadesia
1,Kadi
2,Kadie
1,Kadijah
2,Kady
1,Kaede
1,Kaedon
1,Kaedyn
3,Kaela
3,Kaelan
1,Kaelei
1,Kaeleigh
1,Kaelen
1,Kaeley
3,Kaeli
2,Kaely
6,Kaelyn
1,Kaelynn
1,Kahlan
1,Kahlen
2,Kaia
1,Kaija
1,Kaijsa
1,Kaila
1,Kailah
2,Kailea
8,Kailee
1,Kailee-Ann
1,Kailee-Rae
17,Kailey
1,Kaili
1,Kailin
1,Kaily
13,Kailyn
1,Kainat
1,Kaitean
2,Kaitlan
27,Kaitlin
104,Kaitlyn
14,Kaitlynn
1,Kaitlynne
1,Kaitryn
1,Kaja
1,Kala
1,Kalaina
1,Kalee
5,Kaleigh
1,Kaleigha
1,Kaleisha
5,Kaley
1,Kaley-Ann
13,Kali
1,Kalia
1,Kalie
2,Kalin
2,Kalina
2,Kalinda
2,Kalista
1,Kallan
3,Kallee
2,Kalli
6,Kallie
1,Kallisha
2,Kallista
2,Kally
1,Kally-Ann
1,Kallyn
5,Kalyn
2,Kalyna
2,Kalysta
1,Kamara
1,Kameryn
1,Kameryne
1,Kami
2,Kamilla
1,Kamisha
1,Kamrin
11,Kamryn
1,Kanchan
1,Kandra
2,Kansas
1,Kaoiah
17,Kara
1,Karah
2,Karalee
1,Kara-Lee
1,Kara-Lynn
1,Kareema
14,Karen
1,Karenna
1,Karenveer
1,Karez
3,Kari
1,Karianne
1,Kari-Jo
1,Karima
8,Karina
1,Karine
1,Karinne
1,Karis
2,Karisa
1,Karishma
1,Karisma
5,Karissa
3,Karla
7,Karlee
1,Karleigh
1,Karley
1,Karleya
6,Karli
4,Karlie
9,Karly
2,Karlyna
1,Karma
1,Karman
2,Karmen
1,Karmon
1,Karmy
1,Karol
2,Karolina
1,Karrie
1,Karsen
January, 2001
1,Karson
2,Karsyn
1,Karter
1,Karyna
1,Karys
1,Kasadi
4,Kasandra
1,Kasey
2,Kasha
1,Kashaye
1,Kashlyn
1,Kasidy
1,Kassadee
16,Kassandra
1,Kassandra-Morrahgin
1,Kassaundra
1,Kassee
1,Kassi
5,Kassia
22,Kassidy
2,Kassie
1,Kassy
1,Kastewin
1,Katalin
1,Katalina
1,Katana
1,Katanna
7,Katarina
1,Katawnie
36,Kate
1,Katea
1,Katelene
3,Katelin
44,Katelyn
17,Katelynn
3,Kate-Lynn
3,Katelynne
1,Kate-Lynne
1,Katen
2,Kateri
5,Katerina
1,Kateryna
1,Katey
1,Katharina
1,Katharina-Maria
1,Katharine
70,Katherine
1,Katherine-Eugenia
1,Katheryn
21,Kathleen
28,Kathryn
1,Kathy
2,Kati
3,Katia
1,Katianna
29,Katie
1,Katielee
1,Katilyn
1,Katja
2,Katlyn
1,Katlynn
1,Katriana
1,Katrien
1,Katrin
35,Katrina
1,Katrina-Lynn
2,Katrine
1,Katrisha
3,Katy
2,Katya
1,Kauthar
2,Kaya
1,Kayanna
5,Kaycee
1,Kaycee-Jay
1,Kayci
1,Kaydee
80,Kayla
1,Kayla-Ann
1,Kayla-Dawn
1,Kayla-Shay
1,Kaylawnni
3,Kayle
1,Kayleah
54,Kaylee
1,Kay-Lee
3,Kayleen
6,Kayleigh
1,Kaylen
2,Kaylene
11,Kayley
2,Kayli
1,Kaylia
9,Kaylie
7,Kaylin
1,Kaylinn
6,Kaylyn
2,Kaylynn
1,Kaytee
1,Kaytlen
1,Kaytlynn
2,Keagan
1,Kealey
1,Kealy
7,Keana
1,Keandra
12,Keanna
1,Keannah
1,Keanne
1,Keanu
6,Keara
1,Kearra
1,Kearstin
2,Keasha
1,Keatyn
1,Keauna
1,Keayra
1,Keayre
1,Kee
1,Keeanna
2,Keegan
1,Keeleigh
1,Keeley
January, 2001
8,Keely
3,Keelyn
1,Keerat
2,Keesha
1,Kefira
2,Keiana
1,Keicia
1,Keifer
1,Keily
6,Keira
3,Keirsten
1,Keish
7,Keisha
1,Keishia
1,Keithlyn
1,Kelaila
1,Kelby
1,Kelci
1,Kelita
1,Kelli
9,Kellie
1,Kellita
1,Kellsie
18,Kelly
1,Kelsea
38,Kelsey
5,Kelsi
4,Kelsie
1,Kelso
1,Kelsy
1,Kelti
2,Keltie
1,Kenadee
1,Kenadi
2,Kenadie
2,Kendal
7,Kendall
1,Kendel
49,Kendra
1,Kendrick
1,Keneeshia
1,Keneila
1,Kenesha
1,Kenginston
1,Kenia
1,Kenidee
1,Kenidi
2,Kenidy
1,Kenley
7,Kenna
1,Kennady
1,Kennedey
2,Kennedie
68,Kennedy
1,Kenora
1,Kensley
1,Kenslie
1,Kenya
5,Kenzie
1,Kenzie-Taylor
1,Kerdessa
1,Keren
1,Keri
1,Kerie
1,Keris
1,Kerissa
1,Keritha
1,Kerowny
1,Kerra
1,Kerri
1,Kerriann
1,Kerri-Ann
3,Kerry
1,Kerstin
1,Kerstyn
1,Kesha
1,Keshet
1,Keshia
1,Kessa
1,Kestrel
1,Ketiya
2,Keyana
3,Keyanna
1,Keyara
1,Keylei
1,Kezia
1,Keziarene
1,Khadija
1,Khadijah
1,Khalaila
1,Khalood
1,Khang
1,Kharisma
1,Khezya
1,Khizra
1,Khloe
1,Khloie
1,Khristina
2,Khyla
1,Kia
23,Kiana
1,Kiand
2,Kiandra
13,Kianna
1,Kiannah
37,Kiara
5,Kiarra
1,Kiavna
1,Kiayana
1,Kieana
1,Kieara
1,Kienna
22,Kiera
1,Kierah
1,Kiera-Lynn
1,Kieran
1,Kiernan
11,Kierra
5,Kiersten
1,Kierstin
1,Kija
3,Kiley
6,Kim
January, 2001
2,Kimberlee
6,Kimberley
1,Kimberlie
22,Kimberly
1,Kimbrya
1,Kinder
1,Kindra
1,Kinesha
1,Kineta
4,Kinley
2,Kinsey
1,Kinza
1,Kinzie
1,Kiona
23,Kira
1,Kirah
1,Kira-lynn
3,Kiran
1,Kirandeep
1,Kirin
1,Kirklyn
1,Kirra
18,Kirsten
1,Kirsti
1,Kirstian
2,Kirstin
4,Kirstyn
1,Kisakaw
1,Kisha
1,Kishan
1,Kishauna
1,Kitana
1,Kitauna
2,Kiyana
1,Kiyerra
1,Kiyomi
1,Klair
1,Klarissa
1,Kleantha
1,Knute
1,Koalene
1,Koayla
1,Kodee
1,Kodi
2,Kodie
1,Kohlby
1,Kokoro
2,Kolby
1,Kolista
2,Komal
1,Konstantina
4,Kora
1,Korah
1,Koral
1,Kora-Lyn
2,Korbyn
1,Kori
1,Kori-Anna
2,Korina
1,Korlee
1,Kortni
1,Korvette
1,Kosovare
4,Kourtney
1,Kowsar
1,Kreestel
1,Kris
1,Krisania
1,Krishna
9,Krista
1,Kristal
1,Kristamarie
28,Kristen
3,Kristi
5,Kristie
9,Kristin
13,Kristina
2,Kristine
1,Kristny
4,Kristy
3,Kristyn
1,Kristyna
1,Kristyne
1,Kriveena
1,Krizza
7,Krysta
6,Krystal
1,Krystalynn
1,Krysten
1,Krystina
1,Kseina
1,Ksenia
1,Kuamba
1,Kumi
1,Kya
1,Kyara
2,Kyera
1,Kyiera
28,Kyla
1,Kylah
12,Kylee
2,Kyleigh
14,Kylie
1,Kylin
1,Kynlie
34,Kyra
1,Kyrah
1,Kyra-Rae
1,Kyrianna
1,Kyrie
2,Kyrin
2,Kyrstin
1,Kysa
1,Kyssa
1,Kytt
1,L.
1,La
1,Laara
1,Lace
7,Lacey
3,Lachelle
1,Lacie
1,Lacie-Jae
January, 2001
1,Lactriva
2,Lacy
1,Ladawn
1,Laeba
1,Laeken
1,Lael
1,Laiken
1,Laikynn
3,Laila
1,Lailah
1,Laisa
1,Lake
1,Laken
1,Lakeysha
1,Lakoda
2,Lakota
1,Laleh
1,Lalia
1,Lamara
1,Lameese
1,Lan
3,Lana
1,Lanae
1,Landice
1,Landis
1,Landra
1,Lanea
1,Laneah
1,Laney
1,Langley
1,Lanna
1,Laora
11,Larissa
1,Larissah
1,Lashae
1,Lashaya
1,Latavia
1,Lateasha
1,LaToya
1,Latrice
1,Latricia
28,Laura
1,Laureen
5,Laurel
1,Laurelle
112,Lauren
1,Laurene
1,Laurie
1,Laurie-Anne
1,Laurin
1,Laurissa
16,Lauryn
2,Lavina
1,Lavren
1,Laycee
1,Laycie
4,Layla
2,Layne
1,Laynie
1,Le
33,Leah
1,Leaha
2,Leana
1,LeAnn
1,Leann
5,Leanna
4,Leanne
1,Leavi
1,Leeanna
1,LeeAnne
1,Leeda
2,Leela
1,Leen
1,Leena
1,Leesha
2,Leeza
2,Leigh
3,Leila
1,Leilani
1,Lejia
1,Lella
1,Lena
1,Lenassa
1,Lenneah
1,Lenora
1,Lenore
8,Leona
1,Lescia
1,Lesia
1,Lesleigh
4,Leslie
1,Leticia
1,Letitia
1,Levy
1,Lexa
9,Lexi
9,Lexie
1,Lexi-Mae
1,Lexis
2,Lexus
1,Lexxes
1,Lexy
1,Leyla
3,Lia
1,Liana
1,Lianna
1,Lianne
1,Liberty
1,Libirty
1,Liesbeth
1,Liesl
1,Lila
3,Lili
3,Lilian
1,Lili-Ann
2,Lilianna
1,Lilli
1,Lillia
5,Lillian
1,Lilly
14,Lily
2,Lilyann
4,Lina
January, 2001
1,Lincoln
10,Linda
17,Lindsay
15,Lindsey
1,Lindy
3,Linh
2,Linnea
1,Linsey
1,Linzi
24,Lisa
1,Liselle
2,Liv
1,Livia
1,Livian
1,Lizelle
1,Lizeth
1,Llyr
1,Loan
1,Lochlyn
1,Lochlynn
3,Logan
1,Logyn
2,Lois
1,Lok
2,Lola
2,Lora
2,Loretta
3,Lori
1,Lori-Mae
2,Lorna
1,Lorra
2,Lorraine
1,Lorry
1,Lot
1,Louillan
2,Louise
1,Lovejot
2,Loveleen
1,Lovelin
1,Lovepreet
2,Lucille
1,Lucky
8,Lucy
1,Lucy-Ann
1,Luella
1,Lujan
1,Luna
1,Lwam
6,Lydia
1,Lyla
1,Lyla-Jean
1,Lyn
1,Lyna
2,Lyndell
1,Lyndi
1,Lyndsay
1,Lynece
2,Lynette
1,Lyniah
1,Lynn
1,Lynnae
2,Lynne
1,Lynnita
1,Lynnsay
1,Lyra
1,Lyvia
1,Lyzza
1,Maakaa'kii
1,Maansi
1,Maariah
1,Mabel
1,Macaela
1,Macaley
2,Macayla
2,Macen
2,Macey
1,Machaila
1,Maci
2,Mackayla
1,MacKenize
6,Mackenna
2,MacKenna
148,Mackenzie
26,MacKenzie
1,Mackenzie-Lynn
1,Mackina
1,Mackinley
1,Mackinley-ann
8,Macy
1,Madalaina
3,Madalyn
1,Madalynn
1,Madalynne
1,Maddesyn
2,Maddie
15,Maddison
2,Madelaine
14,Madeleine
37,Madeline
1,Madeline-Dale
7,Madelyn
2,Madelyne
1,Madelynn
1,Madilyn
1,Madina
7,Madisen
187,Madison
1,Madisson
3,Madisyn
1,Madisynn
1,Madonna
2,Madysen
6,Madyson
1,Madysson
2,Mae
7,Maegan
1,Maelen
1,Maelene
1,Maelle
1,Maeran
3,Maeve
1,Magdalen
1,Magdelene
January, 2001
1,Magen
13,Maggie
1,Maggie-Jayne
1,Maghan
1,Magnolia
1,Mah
1,Maha
1,Maheema
2,Maheen
1,Mahnoor
1,Mahrya
1,Mahtya
1,Mai
11,Maia
1,Maile
1,Mailey
2,Mairi
1,Maisa
1,Maisie
1,Maisy
1,Maitland
1,Maitlynn
1,Maitraya
1,Maiya
1,Maizel
1,Maja
5,Makaela
1,Makala
1,Makana
33,Makayla
1,Makayla-Lynn
4,Makena
1,Makendra
17,Makenna
1,MaKenna
1,Makenzi
7,Makenzie
1,Makia
1,Mako
1,Makyla
2,Malak
1,Malayah
1,Malea
1,Maleah
1,Maleeha
1,Maleigha
1,Malhar
1,Mali
1,Maliha
3,Malika
2,Malina
1,Mallay
4,Mallory
1,Manahel
2,Manal
1,Manar
1,Manasi
1,Mandeep
1,Mandepp
1,Mandi
1,Mandie
1,Mandip
4,Mandy
1,Manisha
1,Manita
1,Manja
1,Manmeet
1,Mannvir
1,Manpreet
1,Mansukh
2,Manvir
1,Mara
1,Marah
1,Mara-Jade
1,Maral-Sonia
1,Maralyn
1,Marawe
1,Marcedece
2,Marcella
1,Marci
1,Maree
4,Maren
1,Maressa
1,Margaratha
16,Margaret
38,Maria
18,Mariah
1,Marialejandra
1,MariaLuisa
6,Mariam
1,Mariam-Eva
1,Mariameya
1,Marian
1,Mariane
4,Marianne
11,Marie
1,Mariecris
1,Marielle
1,Marigan
2,Marigona
1,Marijke
1,Mariko
1,Marilyn
12,Marina
1,Marinda
1,Marion
5,Marisa
1,Mariska
23,Marissa
1,Marit
1,Marita
1,Marixa
2,Mariyah
4,Marlee
1,Marleigh
1,Marleina
3,Marlene
5,Marley
1,Marleyna
1,Marlo
1,Marnath
1,Marquita
1,Marriam
January, 2001
1,Marrissa
1,Marsaiteze
2,Marta
6,Martha
1,Martie
7,Martina
1,Martine
1,Martyna
5,Marwa
1,Marwah
32,Mary
1,Maryam
3,Maryann
1,Maryanne
1,Maryelle
1,Maryium
1,Mary-Jane
1,Mary-Jean
2,Maryn
1,Maryssa
1,Masha
1,Mason
1,Matah
1,Matasin
5,Mataya
1,Mathia
1,Mathilde
2,Matilda
7,Mattea
1,Matti
2,Mattia
3,Mattie
1,Mattilyn
1,Maureen
1,Maurghan
1,Maveena
1,Maxime
2,Maxine
2,May
33,Maya
1,Mayah
1,Mayenn
1,Maylee
1,Maylene
1,Maysa
1,Maysaa
1,Mayu
1,Mazel
1,Mazlyn
1,McClay
1,McCrory
1,McKayia
10,McKayla
1,Mckena
20,McKenna
6,Mckenna
2,McKennah
1,McKenzi
17,McKenzie
1,Mckenzie
1,Mckenzie-Rae
1,Mckinlee
2,McKinley
1,McKynzie
1,Meadhbh
2,Meadow
19,Meagan
1,Meagen
5,Meaghan
1,Medasia
1,Meeca
1,Meegan
2,Meera
5,Meg
165,Megan
2,Megha
32,Meghan
1,Meghann
1,Meghna
1,Megyn
1,Meirna
2,Mekayla
1,Mekenna
1,Mekwan
15,Melanie
1,Melany
2,Melat
1,Melenna
1,Meliha
1,Melika
1,Melila
6,Melina
4,Melinda
1,Melishia
39,Melissa
1,Melissa-Rae
1,Melodee
8,Melody
1,Melveena
1,Melynda
1,Melyssa
1,Menal
1,Menerva
1,Menhel
1,Mercedees
9,Mercedes
1,Mercy
4,Meredith
1,Merisha
3,Merissa
1,Meri-Tegan
1,Merranda
1,Merren
1,Merrin
1,Merve
1,Mesha
1,Mhaylee
13,Mia
1,Mianna
8,Micah
1,Micaila
2,Micayla
1,Michael
January, 2001
25,Michaela
1,Michaella
1,Michaila
2,Micheala
1,Michela
1,Michele
1,Michell
51,Michelle
1,Mickala
4,Mickayla
1,Mickelle
1,Mickey
1,Mickinley
1,Miclain
1,Mihayla
1,Mika
16,Mikaela
1,Mikaelee
1,Mikah
1,Mikaila
1,Mikailla
1,Mikala
1,Mikalya
1,Mikarla
52,Mikayla
1,MiKayla
1,Mikela
3,Mikenna
1,Mikenzie
1,Mikhaila
2,Mikhayla
1,Mikki
1,Mila
1,Milae
1,Milaina
2,Milan
4,Milana
1,Milbery
1,Mileah
1,Milena
1,Milina
1,Milisande
1,Milley
2,Millie
1,Milodie
1,Mimi
1,Mindy
1,Minh
1,Min-Kyoung
1,Minnatullah
1,Mira
17,Miranda
2,Mireille
2,Mireya
1,Miriah
4,Miriam
1,Mirian
1,Mirna
1,Miryn
1,Misha
1,Mishelle-Monika
1,Mishyla
1,Missy
2,Misty
2,Miya
1,Miyah
1,Miyah-Mae
1,Mkinnah
4,Moira
19,Molly
1,Momo
6,Mona
1,Monaya
11,Monica
3,Monika
1,Monike
5,Monique
1,Monisha
9,Montana
1,Montana-Jean
1,Montana-Rae
1,Montanna
86,Morgan
1,Morgan-Eden
1,Morgan-Leigh
1,Morgann
1,Morgen
2,Moriah
1,Mulki
2,Muna
1,Munesah
2,Muni
1,Muniira
1,Munira
1,Muraam
1,Muskan
1,Mutahira
1,My
18,Mya
7,Myah
1,Mya-Jane
1,Myia
1,Mykaela
1,Mykah
1,Mykala
1,Mykayla
1,Mykelti
1,Mykenzie
2,Myla
1,Myla-Anne
1,Myra
2,Myranda
3,Myriam
1,Myrissa
1,Mystyn
1,Naankeet
3,Nada
1,Nadene
18,Nadia
7,Nadine
1,Nahomi
1,Naia
1,Naiomi
January, 2001
1,Najla
1,Najma
1,Nakayo
1,Nakia
1,Nakisha
1,Nakoda
2,Nakota
1,Nameerah
1,Namoos
1,Nana
7,Nancy
1,Nanette
1,Naokah
28,Naomi
1,Naraya
1,Narissa
1,Narisse
1,Nasha
16,Natalia
1,Nataliah
33,Natalie
4,Natalya
1,Natascha
43,Natasha
1,Natasia
1,Natausha
1,Nataya
1,Natehja
1,Nathalie
1,Nathaly
2,Nathasha
1,Nati
1,Natile
1,Natonia
1,Natsumi
1,Naturlyn
1,Natuscha
1,Nautica
1,Navita
1,Navjot
4,Navneet
2,Navpreet
1,Navreet
1,Navrit
1,Nawaal
1,Nayab
1,Nayana
1,Naydaura
1,Nayha
1,Nayla
1,Nazifah
1,Nazish
1,Neav
1,Neel
1,Neelam
1,Neena
1,Neeti
1,Neeve
1,Neewana
2,Neha
1,Neige
1,Neika
1,Nela
1,Nelina
1,Nelissa
1,Nell
2,Nella
2,Nellie
1,Neshama
1,Neshira
1,Nesrien
1,Nessa
1,Nessajane
4,Nevada
3,Neve
1,Nevin
3,Ngoc
1,Nhi
1,Nia
1,Niah
2,Niamh
1,Niayah
1,Nichelle
1,Nicholas
4,Nichole
1,Nicholle
1,Nicketa
3,Nicola
116,Nicole
4,Nicolle
1,Nicolle-Ann
2,Nida
1,Nidhi
1,Nieve
1,Niharika
1,Nika
1,Niki
1,Nikisha
17,Nikita
1,Nikitia
5,Nikki
1,Nikkisha
1,Nikole
2,Nikolette
1,Nikoma
1,Nimra
1,Nimrit
10,Nina
1,Niomi
1,Nirmol
1,Nitaljah
1,Nitanis
1,Nitraya
1,Nivi
1,Niya
1,Nizakat
1,Nkaya
1,Nneka
1,Noa
1,Noah
3,Noelle
1,Noga
1,Noimie
January, 2001
1,Nolena
1,Noor
1,Noor-Brittney
2,Nora
1,Norah
1,Norma
1,Nouha
2,Nour
1,Nour-Alhoda
1,Nours
1,Nova
1,Novena
1,Nuha
1,Nusrat
1,Nyabuke
1,Nyadholi
2,Nyah
1,Nyahoal
1,Nyamach
1,Nyaroup
1,Nyat
1,Nyathijin
1,Nyayiel
1,Nyehok
1,Nyetoang
2,Nyomi
5,Ocean
1,Ocianne
1,Octavia
2,Odessa
1,Oksana
99,Olivia
1,Oluchi
1,Olwen
1,Olyvia
1,Omayia
1,Oneesa
1,Onyinye
3,Opal
1,Oranab
1,Oranne
1,Oriana
1,Orianna
1,Osa
1,Oumaima
1,Padmaja
1,Paeton
1,Page
1,Paget
1,Paidon
80,Paige
1,Paige-Lynn
1,Paighton
1,Paisley
2,Paiton
2,Paityn
1,Pall
1,Paloma
1,Palveen
3,Pamela
1,Pandora
1,Panika
1,Paradise
1,Pari
5,Paris
2,Parker
2,Parneet
1,Parres
1,Parwana
1,Pascale
11,Patricia
1,Paula
1,Pauleen
6,Paulina
5,Pauline
1,Pavlina
2,Pavneet
2,Paxton
3,Payten
1,Paytin
55,Payton
1,Paytra
1,Paytyn
2,Pearl
1,Pearlie
1,Peeha
1,Peighten
1,Peka
1,Penina
1,Peri
1,Perla
1,Perveen
5,Petra
11,Peyton
1,Phebe
1,Pheobe
4,Pheonix
4,Phoebe
2,Phoenix
1,Phung
2,Phuong
1,Phynix
1,Piera
13,Piper
1,Polina
1,Polly
1,Pompeia
2,Pooja
1,Porscha
6,Portia
1,Prabh
1,Prabhleen
1,Prableen
1,Pravjit
1,Prea
1,Preanka
2,Precious
1,Preet
1,Preeti
2,Presley
1,Preslie
2,Priscilla
1,Pritika
January, 2001
1,Priya
2,Priyanka
4,Puneet
1,Pyper
1,Qaila
1,Qaisara
1,Quenie
1,Querida
1,Quiana
1,Quidje-bo
1,Quinan
1,Quincy
1,Quinlyn
8,Quinn
1,Quinnlyn
1,Quissianna
1,Quistis
1,Qurstine
19,Rachael
94,Rachel
1,Rachele
13,Rachelle
1,Racquel
3,Rae
1,Raeanah
1,Raeann
3,Raeanna
1,Rae-anna
1,Rae-anne
1,Raeanne-Marie
1,Raedon
6,Raegan
1,Raeghan
1,Rael
1,Rae-Lee
1,Raeleigh
4,Raelene
1,Raelie
1,Raeline
1,Raelle
5,Raelyn
3,Raelynn
2,Rae-Lynn
1,Raelynne
1,Raenna
1,Raheal
1,Rahwa
1,Raimee
2,Rain
3,Raina
1,Raine
1,Rainna
1,Rainne
1,Rainy
1,Raiya
1,Rajaa
2,Rajdeep
1,Ramita
1,Ramneek
1,Ramneet
1,Ramona
1,Ramsha
4,Rana
1,Randa
1,Randelle
5,Randi
1,Randina
1,Rane
1,Raneem
1,Raneen
1,Ranelle
3,Rania
1,Ranielle
1,Ranim
3,Raquel
1,Raquelle
1,Rashana
1,Rauann
1,Rava
1,Ravanjot
1,Ravdeep
1,Raveen
7,Raven
1,Ravin
1,Ravneet
1,Ravyn
3,Raya
1,Rayah
1,Rayann
2,Rayanne
1,Raychel
1,Rayden
3,Rayel
2,Rayelle
1,Raye-Lynn
1,Rayen
1,Raygen
1,Rayleen
2,Raylene
1,Raylyn
1,Raylynda
6,Rayna
5,Rayne
1,Raynelle
1,Razan
5,Reagan
1,Reaghan
1,Reainha
1,Realle
1,Reann
5,Reanna
3,Reanne
1,Reannen
1,Reath
1,Reatha
1,Reaven
1,Reba
1,Rebeca
92,Rebecca
1,Rebecca-lyn
1,Rebecca-Lynn
3,Rebecka
17,Rebekah
January, 2001
1,Rebekka
1,Rebekkah
7,Reece
2,Reed
5,Reegan
3,Reem
1,Reema
3,Reena
11,Reese
13,Regan
1,Reghan
2,Reha
1,Rehab
1,Reham
1,Reid
2,Reiley
5,Reilly
1,Reishi
2,Rema
1,Reme
1,Remidey
4,Renae
2,Renata
1,Renatta
1,Renay
1,Renbir
2,Rene
1,Reneby
8,Renee
1,Renei
9,Renie
1,Renisha
2,Renita
1,Renna
1,Rennelle
1,Renzelle
1,Reocrisina
1,Resida
1,Reyanna
1,Reyanne
1,Reyhan
2,Reyna
1,Reyne
2,Rezan
1,Rhaeannon
2,Rheanna
1,Rhenolda
5,Rhianna
6,Rhiannon
1,Rhien
1,Rhiley
1,Rhoda
1,Rhyann
1,Rhyjenn
1,Rhyleigh
3,Rhys
2,Ria
1,Rian
3,Riana
1,Riane
2,Rianna
3,Rianne
2,Richelle
1,Ricki
1,Ridah
1,Rieley
1,Rielle
1,Riely
1,Riesa
1,Rika
1,Riki
1,Rikke
1,Rileigh
16,Riley
1,Rili
1,Rima
1,Rina
2,Riona
1,Ripley
5,Rita
1,Ritika
1,River
1,Riya
1,Roanne
1,Roanne-Mae
1,Robert
3,Roberta
1,Robi
13,Robin
32,Robyn
1,Robynne
6,Rochelle
1,Rodenna
1,Roisin
1,Rojin
1,Rojine
1,Ronda
1,Ronell
1,Ronelle
1,Roni
1,Ronin-Mae
2,Rori
1,Rory
2,Rosa
1,Rosalee
2,Rosalie
1,Rosalind
1,Rosalyn
1,Rosalynd
1,Rosa-Maria
3,Rosanna
1,Rosanne
8,Rose
1,Rosea-Maria
2,Roseanne
2,Rosemarie
2,Rosemary
1,Roshanne
1,Rosie
1,Rossalyn
1,Rosslyn
7,Rowan
1,Rowen
January, 2001
1,Rowyn
4,Roxanne
1,Roz
1,Rozellia
1,Rsismn
2,Ruby
1,Rudi
1,Rula
1,Rupneet
1,Ruqaia
1,Ruta
4,Ruth
1,Ruvina
6,Ryan
1,Ryane
3,Ryann
1,Ryean
1,Ryelli
1,Ryiah
2,Rylan
1,Rylea
16,Rylee
1,RyLee
4,Ryleigh
4,Ryley
5,Rylie
1,Ryliegh
1,Saadia
2,Saba
1,Sabina
1,Sabra
2,Sabree
23,Sabrina
1,Sabryna
1,Sadda
1,Sade
1,Sadee
1,Sadey
1,Sadhvi
2,Sadi
2,Sadia
14,Sadie
1,Sady
1,Saffia
1,Saffirean
1,Saffron
1,Safia
1,Safiya
1,Safrina
1,Sagan
6,Sage
1,Sahana
4,Sahar
1,Sahara
1,Sahiba
2,Sahra
1,Sahro
3,Saidee
3,Saige
1,Saima
1,Sainthavi
1,Saira
2,Saja
1,Saje
2,Sajida
2,Sakura
1,Saleena
1,Saleh
1,Salena
2,Salina
1,Sally
2,Salma
1,Saloni
2,Samah
1,Samaninder
151,Samantha
1,Samantha-Lynn
2,Samar
5,Samara
1,Samarah
1,Samara-Irene
1,Samara-Lyn
1,Sameera
1,Samina
1,Samira
1,Sammey
1,Sammie
1,Sammy
1,Samrawit
1,Samukeliso
1,Samyha
1,Sana
1,Sanam
6,Sandra
1,Sanduni
2,Sandy
1,Sanei
1,Sanela
1,Sang
1,Sangam
1,Sanisha
1,Sanjana
1,Sanman
1,Sanshira
2,Santana
1,Sanya
1,Saquoia
67,Sara
1,Sara-Ann
1,Sara-Dawn
1,Sarafina
245,Sarah
2,Sarah-Lynn
1,Sarai
1,Sara-Jane
1,Sarceena
1,Sarea
1,Sargun
1,Sari
1,Sarina
1,Saron
7,Sasha
5,Saskia
January, 2001
1,Sathvika
1,Sathya
1,Sauannah
1,Savana
7,Savanah
6,Savanna
40,Savannah
1,Savannha
1,Saveena
1,Savhanah
1,Sawaira
1,Sawyer
1,Sawyer-Ann
1,Saya
1,Sayaka
1,Sayda
1,Sayge
1,Sayla
2,Scarlet
1,Scarlett
1,Schae-Lynn
1,Scotlyn
2,Sean
1,Seanachie
5,Seanna
1,Sedona
1,Seeley
1,Sehaj
1,Seinab
1,Seirra
1,Sekoya
1,Selah
15,Selena
1,Selia
7,Selina
1,Selome
1,Sema
1,Semi
1,Senaiah-Jeanne
1,Sen-Kay
1,Senna
1,Sephra
1,Sequin
1,Sequinn
2,Sera
1,Seraphie
1,Seraphin
1,Sereena
1,Seren
22,Serena
1,Serene
5,Serenity
1,Sereya
3,Serina
1,Serra
1,Seryna
1,Sevanna
1,Shadie
1,Shady
13,Shae
1,Shaecyn
1,Shaela
1,Shaelea
1,Shaelee
1,Shaeleen
4,Shaelene
1,Shaelin
1,Shae-Lin
12,Shaelyn
2,Shae-Lyn
5,Shaelynn
1,ShaeLynn
5,Shae-Lynn
1,Shae-lynn
1,Shaelynne
1,Shae-Lynne
1,Shagerri
1,Shahanah
1,Shahed
1,Shahn
1,Shai
1,Shaide
9,Shaina
1,Shaindel
1,Shakeera
1,Shakiba
1,Shakira
1,Shakirah
1,Shalane
2,Shalee
1,Shaleen
1,Shaleisa
1,Shalena
1,Shalini
1,Shallen
1,Shallynn
1,Shalyn
1,Shalynn
1,Shalysia
2,Shana
1,Shanae
1,Shanaira
1,Shana-Lyne
1,Shanaz
2,Shandelle
2,Shanee
1,Shaneen
1,Shanel
1,Shanele
1,Shanell
3,Shanelle
1,Shanene
1,Shaneta
11,Shania
2,Shanice
1,Shanille
1,Shanissa
1,Shanley
2,Shanna
1,Shanna-Lynn
1,Shanna-Rae
1,Shannelle
19,Shannon
January, 2001
1,Shanon
3,Shantae
1,Shantal
1,Shante
1,Shantell
4,Shantelle
1,Shanti
1,Shara
1,Sharandeep
1,Sharayah
1,Sharena
1,Shari
1,Sharidyn
1,Sharissa
1,Sharisse
1,Sharla
1,Sharley
1,Sharman
1,Sharmayne
1,Sharolyn
5,Sharon
1,Sharvani
1,Shataya
1,Shataya-Lyn
1,Shaun
11,Shauna
1,Shaundah
1,Shauntel
1,Shauntelle
1,Shavaun
1,Shavonie
1,Shawkay
5,Shawna
1,Shawnassie
1,Shawnessy
1,Shawnika
4,Shay
2,Shaya
1,Shayd
1,Shayden
4,Shaye
1,Shaye-Lynn
1,Shayene
24,Shayla
1,Shaylah
1,Shayle
2,Shaylea
1,Shayleah
1,Shay-Leah
8,Shaylee
1,Shayleen
3,Shayleigh
4,Shaylene
1,Shayley
1,Shaylie
1,Shaylin
5,Shaylyn
3,Shaylynn
2,Shay-Lynn
1,Shaylynne
13,Shayna
2,Shayne
1,Shaynna
1,Shazeda
3,Shea
2,Sheah
1,Shealie
2,Shealyn
2,Shealynn
2,Shea-Lynn
1,Sheena
1,Sheetal
1,Sheiva
5,Shelbey
1,Shelbie
52,Shelby
1,Shelisha
1,Shellaine
1,Shelley
4,Shelly
1,Shelly-Anne
1,Shelssie
1,Shelyse
1,Shenise
2,Shenisha
1,Shenisse
1,Sheradan
1,Sheree
1,Shereen
3,Sheridan
1,Sheridyn
4,Sherry
2,Sheryl
1,Sherylee
2,Sheyanne
1,Sheyenne
1,Sheyne
1,Shezel
1,Shiane
4,Shianne
1,Shila
1,Shiloe
1,Shima
1,Shiori
1,Shira
1,Shireen
2,Shirley
1,Shivangi
1,Shivani
1,Shivneet
2,Shiza
1,Shkurt
2,Shona
1,Shontia
1,Shoshanah
1,Shukri
1,Shulamit
1,Shyana
1,Shyann
1,Shy-Ann
1,Shy-ann
1,Shyanna
6,Shyanne
January, 2001
1,Shyesha
7,Shyla
2,Shylah
1,Shyla-Tyne
1,Shylyn
1,Shy-Lynn
1,Shyraly
1,Shzkonna
1,Sia
1,Siana
1,Siara
1,Siarah
1,Siarra
1,Siarrah
1,Sibn
7,Sidney
1,Sidrah
1,Siena
4,Sienna
1,Siera
48,Sierra
1,Sierrah
1,Sierra-Rae
1,Sietara
1,Signa
1,Signe
1,Silver
1,Sima
1,Simer
1,Simmy
1,Simona
9,Simone
12,Simran
1,Simrandeep
1,Simranjeet
2,Simrat
1,SImren
1,Sin
1,Sindy
1,Sinead
1,Siniye
1,Siobahn
2,Siobhan
1,Skaia
1,Sky
8,Skye
1,Skye-Lee
9,Skyla
16,Skylar
1,Skylayna
1,Skylend
2,Skyler
1,Skylir
1,Skyller
1,Skylur
1,Skylyn
1,Sloan
2,Sneha
4,Sofia
4,Sofie
1,Sofija
1,Sola
1,Solana
2,Soleil
1,Soley
1,Sommer
1,Sona
1,Sonali
1,Sonam
4,Sonia
1,Sonique
3,Sonja
1,Sonje
1,Sonora
4,Sonya
1,Sonyalynn
1,Sophanuth
43,Sophia
43,Sophie
1,Sophiya
1,Sorscha
1,Souriya
1,Soyoon
3,Spencer
1,Spenser
4,Stacey
3,Staci
1,Stacie
3,Star
2,Starla
1,Starla-Jean
1,Stasia
1,Stawsha
1,Stefani
1,Stefania
5,Stefanie
1,Stefanie-Lin
1,Stela
1,Stepanie
1,Stephaine
1,Stephaney
1,Stephani
55,Stephanie
1,Stephany
1,Stephiane
1,Stephie
2,Sterling
2,Storm
1,Sue
1,Suk
1,Sukhleen
1,Suki
1,Sukie
1,Sullivan
1,Suman
1,Sumana
1,Sumandeep
1,Sumaya
1,Sumeyye
14,Summer
1,Sunaina
1,Suniya
1,Sunni
January, 2001
1,Surah
6,Susan
2,Susana
1,Susanah
7,Susanna
1,Susannah
1,Susie
1,Suuban
1,Suzana
1,Suzannah
5,Suzanne
1,Sydne
4,Sydnee
158,Sydney
1,Sydney-Anne
7,Sydni
3,Sydnie
1,Syenna
4,Sylvia
2,Sylvie
1,Symantha
1,Symone
1,Symphony
1,Taaliyah
1,Tabark
2,Tabitha
1,Taegan
2,Taelor
1,Taelyn
1,Taewyn
2,Taeya
1,Tahanie
1,Tahlia
1,Tahmar
1,Tahnee
1,Tai
4,Taija
1,Taitum
1,Taiya
1,Taiylor
1,Tajana
1,Tajrin
1,Takara
1,Takhajwak
1,Takisha
1,Takoa
1,Talayna
1,Taleyah
1,Tali
14,Talia
1,Taliah
3,Talissa
1,Taliya
1,Tallea
1,Talyn
1,Talyn-Alena
1,Talynn
1,Tam
1,Taman
13,Tamara
1,Tamber
1,Tamber-Jo
1,Tameeka
1,Tameera
2,Tameka
1,Tamequa
4,Tammy
1,Tamryn
1,Tanaya
1,Taneesha
2,Taneisha
3,Tanesha
1,Tania
1,Taniel
1,Tanielle
1,Tanieya
2,Tanika
2,Tanille
2,Tanis
8,Tanisha
1,Tanishia
1,Tanita
1,Tanjot
1,Tanna
1,T'anna
1,Tannah
1,Tanner
1,Tannin
1,Tannisha
1,Tanora
1,Tanpreet
1,Tansie
1,Tanveer
6,Tanya
1,Tanysha
1,Tapanga
16,Tara
2,Tarah
2,Taran
1,Tara-Ray
1,Tarijat
1,Tarryn
18,Taryn
1,Taryna
1,Tarynn
9,Tasha
1,Tashmeen
3,Tasia
1,Tassa
1,Tassia
1,Tataina
5,Tatiana
6,Tatianna
1,Tatijana
1,Tatiyana
1,Tatjana
1,Tatjiana
1,Tattyanna
9,Tatum
3,Tatyana
1,Tatyanah
1,Taurie
2,Tavia
January, 2001
1,Tavin
9,Taya
1,Tayden
2,Tayla
2,Taylar
1,Tayleigh
11,Tayler
189,Taylor
1,Taylor-Lynn
1,Taysia
1,Taytum
11,Teagan
1,Teaghan
1,Teah
1,Teaira
1,Teajveen
2,Teal
3,Teanna
1,Tearya
1,Teasha
1,Teba
1,Teddy
3,Teegan
1,Teena
1,Teesha
8,Tegan
1,Tehara
1,Teheira
2,Tehya
1,Teia
1,Teiah
4,Teigan
1,Teigen
1,Teighan
1,Teighlor
1,Teira
1,Teisha
1,Tejvir
1,Telayne
1,Tempest
2,Tenaya
1,Teneea
1,Tenika
1,Tenille
1,Tennessa
1,Tennille
1,Tenzin
1,Teo
1,Teodora
1,Teona
6,Teresa
1,Terese
1,Terra
3,Terri
1,Terria
1,Terrilynn
1,Terri-Lynn
1,Terrin
1,Tesla
5,Tess
28,Tessa
1,Tetris
1,Teya
1,Teyana
1,Teyl
1,Thalene
6,Thalia
1,Thanh
6,Thea
1,Theda
5,Theresa
2,Therese
3,Thi
2,Thien
1,Thomson
1,Thricia
1,Thu
1,Thuc
29,Tia
1,Tiah
1,Tiamo
20,Tiana
1,Ti'ana-Marie
28,Tianna
1,Tiannah
1,Tianna-Rae
3,Tiara
1,Tiari
2,Tiarra
1,Tiauna
1,Tiea
1,Tieanna
2,Tiegan
1,Tien
1,Tienna
1,Tiernan
4,Tierra
1,Tiessa
2,Tiffani
20,Tiffany
1,Tikvah
1,Tillea
1,Tilly
9,Tina
1,Tinaya
2,Ting
1,Tirza
1,Tirzah
1,Tivanna
1,Tiyonne
1,Tkyia
1,Tobin
1,Toline
6,Toni
1,Torey
15,Tori
1,Toria
2,Tory
1,Tracey
5,Tracy
2,Trae
1,Traelyn
2,Tran
January, 2001
1,Treasa
1,Treasure
2,Tressa
1,Treysha
1,Triana
2,Tricia
1,Trinadee
1,Trinidy
1,Triniti
52,Trinity
4,Trisha
1,Trishna
4,Trista
1,Trista-lee
2,Tristan
1,Tristana
1,Tristein
1,Tristen
4,Tristin
2,Truc
1,Trudie
4,Trudy
1,True
1,Tryna
1,Tryse
1,Trystan
1,Trysten
1,Tuffy
1,Tulika
1,Tully
1,Tuscany
1,Tuyet
1,Ty
1,Tya
1,Tyaesha
1,Tyan
1,Tyana
1,T'yanna
1,Tyara
1,Tyeisha
1,Tyese
1,Tyla
1,Ty-La-Moon
3,Tylar
1,Tylene
5,Tyler
1,Tylissa
1,Tylo
1,Tymika
1,Tynee
1,Tynesha-Dawn
14,Tyra
2,Tyrah
1,Tyra-Lea
1,Tyreece
1,Tyressa
1,Tyrin
1,Tyshae
1,Tytiana
1,Tze
1,Ursella
1,Ursula
1,Utay
1,Vada
1,Valaria-Lauren
1,Valencia
3,Valerie
1,Valkyrie
1,Vallary
1,Valleena
1,Valli
1,Valorie
1,Valycia
1,Vanesa
35,Vanessa
1,Vanica
1,Vanisa
1,Vannessa
1,Vaughn
1,Veena
1,Velvet
1,Venessa
1,Venetia
1,Venjot
1,Vera
1,Vera-Leigh
1,Vernonica
16,Veronica
2,Veronika
2,Vi
1,Viana
2,Vianca
1,Vianney
3,Vicky
1,Vicotia
104,Victoria
1,Victoriya
1,Victory
1,Vienna
1,Viktoria
1,Vilde
1,Vina
1,Vinshie
3,Violet
1,Violette
2,Virginia
3,Virginie
1,Vironique
1,Vishaka
1,Vishvdeep
1,Vittoria
13,Vivian
1,Vivien
1,Vy
1,Wade
1,Wafa
1,Wallis
1,Warrenesa
1,Weaam
3,Wendy
2,Whisper
1,White
8,Whitney
January, 2001
1,Whylie
1,Whyome
1,Willa
6,Willow
1,Wing
1,Winnie
1,Winta
2,Winter
1,Winter-Star
1,Witleigh
1,Wren
1,Wyatt
1,Wynonna
4,Wynter
1,Xandra
1,Xanna
1,Xavery
1,Xenia
1,Yael
1,Yageen
1,Yasamin
1,Yasemin
1,Yashmeen
3,Yasmeen
2,Yasmin
3,Yasmine
1,Yau
1,Yazmin
1,Yeanna
1,Yesilyn
1,Yiona
1,Yi-Shiuan
1,Yohanna
1,Yoo-Kyoung
1,Youma
3,Yousra
1,Yovana
1,Ysannah
1,Yuki
1,Yumn
1,Yuri
1,Yuria
1,Yusra
1,Yvanna
1,Yvette
1,Yvie
4,Yvonne
1,Zahara
1,Zaheya
3,Zahra
1,Zahraa
1,Zaiheb
1,Zailey
1,Zaina
2,Zainab
1,Zakeisha
1,Zakiya
1,Zanae
1,Zanib
1,Zanna
2,Zara
1,Zayda
1,Zayna
1,Zaynab
1,Zdene
1,Zeenat
1,Zeleste
1,Zetta
1,Zhi
1,Zhonna
1,Zia
2,Ziana
1,Ziera
1,Zinab
3,Ziyana
43,Zoe
7,Zoey
1,Zofia
2,Zoi
1,Zoie
6,Zok
2,Zowie
2,Zoya
1,Zuzana
1,Zve
1,Zyanna
1,Zynab