Name,Number of Babies,Rank
Matthew,410,1
Ryan,381,2
James,352,3
Conor,312,4
Andrew,275,5
Jordan,266,6
Michael,263,7
Jack,259,8
David,246,9
Adam,236,10
Aaron,221,11
Daniel,208,12
Christopher,204,13
Mark,199,14
Thomas,186,15
Sean,185,16
John,182,17
Jamie,165,18
Patrick,164,19
Nathan,154,20
Jonathan,145,21
Joshua,138,22
Dylan,135,23
Peter,135,23
Stephen,135,23
William,131,26
Paul,123,27
Caolan,117,28
Ciaran,112,29
Ross,106,30
Luke,105,31
Kyle,102,32
Niall,102,32
Callum,99,34
Robert,96,35
Joseph,95,36
Benjamin,92,37
Scott,90,38
Samuel,89,39
Connor,87,40
Ben,85,41
Jason,82,42
Lee,82,42
Curtis,80,44
Dean,77,45
Shane,77,45
Gareth,75,47
Liam,74,48
Martin,70,49
Ronan,66,50
Philip,65,51
Darren,62,52
Rory,59,53
Declan,58,54
Eoin,56,55
Ruairi,52,56
Gary,51,57
Gerard,51,57
Steven,50,59
Alexander,49,60
Aidan,48,61
Brandon,48,61
Ethan,48,61
Jake,47,64
Stuart,47,64
Cameron,45,66
Gavin,45,66
Corey,43,68
Craig,43,68
Anthony,42,70
Kevin,42,70
Shea,42,70
Brendan,41,73
Cormac,41,73
Brian,40,75
Lewis,40,75
Reece,40,75
Cathal,39,78
Owen,39,78
Tiarnan,39,78
Richard,37,81
Oisin,36,82
Timothy,36,82
Joel,34,84
Neil,34,84
Rhys,34,84
Harry,33,87
Darragh,31,88
Padraig,31,88
Barry,30,90
Marc,30,90
Conall,28,92
Karl,27,93
Jacob,25,94
Kieran,25,94
Colin,24,96
Colm,24,96
Daire,24,96
Simon,24,96
Calum,23,100
Francis,23,100
Oliver,23,100
Sam,23,100
Bradley,22,104
Dillon,22,104
Edward,22,104
Glenn,22,104
Josh,22,104
Conal,21,109
Eoghan,21,109
Jonathon,21,109
Tiernan,21,109
Marcus,20,113
Pearse,20,113
Tyler,20,113
Kurtis,19,116
Nicholas,19,116
Dominic,18,118
Odhran,18,118
Seamus,18,118
Charles,17,121
Justin,17,121
Shaun,17,121
Calvin,16,124
Daryl,16,124
George,16,124
Leon,16,124
Louis,16,124
Alex,15,129
Eamon,15,129
Emmett,15,129
Glen,15,129
Ian,15,129
Pierce,15,129
Shay,15,129
Alan,14,136
Rian,14,136
Stewart,14,136
Ashley,13,139
Graeme,13,139
Johnathan,13,139
Dale,12,142
Darryl,12,142
Jay,12,142
Keith,12,142
Lorcan,12,142
Micheal,12,142
Raymond,12,142
Reuben,12,142
Stefan,12,142
Zachary,12,142
Adrian,11,152
Aodhan,11,152
Brad,11,152
Eamonn,11,152
Evan,11,152
Oran,11,152
Taylor,11,152
Tristan,11,152
Carl,10,160
Charlie,10,160
Damian,10,160
Donal,10,160
Ewan,10,160
Henry,10,160
Macauley,10,160
Robbie,10,160
Conan,9,168
Damien,9,168
Emmet,9,168
Eunan,9,168
Gerald,9,168
Hugh,9,168
Jackson,9,168
Keelan,9,168
Noel,9,168
Tomas,9,168
Zak,9,168
Alistair,8,179
Bryan,8,179
Caoimhin,8,179
Christian,8,179
Cillian,8,179
Dara,8,179
Dermot,8,179
Diarmuid,8,179
Fearghal,8,179
Joe,8,179
Killian,8,179
Malachy,8,179
Terence,8,179
Caleb,7,192
Caomhan,7,192
Carter,7,192
Danny,7,192
Deaglan,7,192
Enda,7,192
Finbar,7,192
Fintan,7,192
Graham,7,192
Grant,7,192
Jordon,7,192
Kealan,7,192
Kenneth,7,192
Lucas,7,192
Tom,7,192
Tony,7,192
Tyrone,7,192
Warren,7,192
Bailey,6,210
Cahir,6,210
Christy,6,210
Conchur,6,210
Fergal,6,210
Fionntan,6,210
Isaac,6,210
Jarlath,6,210
Jon,6,210
Kelvin,6,210
Kristian,6,210
Logan,6,210
Max,6,210
Peadar,6,210
Pearce,6,210
Phillip,6,210
Travis,6,210
Alastair,5,227
Albert,5,227
Anton,5,227
Blaine,5,227
Blake,5,227
Callan,5,227
Che,5,227
Cory,5,227
Fergus,5,227
Gabriel,5,227
Garrett,5,227
Gregory,5,227
Jude,5,227
Kristopher,5,227
Lloyd,5,227
Mitchell,5,227
Morgan,5,227
Myles,5,227
Piaras,5,227
Robin,5,227
Sean-Paul,5,227
Troy,5,227
Angus,4,248
Arron,4,248
Brett,4,248
Cahal,4,248
Cal,4,248
Colum,4,248
Conrad,4,248
Darrell,4,248
Dennis,4,248
Desmond,4,248
Duncan,4,248
Euan,4,248
Eugene,4,248
Jeffrey,4,248
Kurt,4,248
Manus,4,248
Nathaniel,4,248
Tobias,4,248
Trevor,4,248
Vincent,4,248
Wayne,4,248
Zach,4,248
Aedan,3,271
Aiden,3,271
Alister,3,271
Antoin,3,271
Arran,3,271
Bailie,3,271
Benn,3,271
Bernard,3,271
Breandan,3,271
Cailum,3,271
Caolain,3,271
Chris,3,271
Christie,3,271
Cianan,3,271
Clark,3,271
Clifford,3,271
Cody,3,271
Conn,3,271
Deane,3,271
Domhnall,3,271
Don,3,271
Elliot,3,271
Eric,3,271
Feargal,3,271
Finn,3,271
Frazer,3,271
Geoffrey,3,271
Giles,3,271
Gordon,3,271
Hamish,3,271
Harvey,3,271
Hayden,3,271
Iain,3,271
Jaime,3,271
Jared,3,271
Jesse,3,271
Johnny,3,271
Kane,3,271
Kirk,3,271
Leo,3,271
Lyndon,3,271
Mairtin,3,271
Malcolm,3,271
Marco,3,271
Mitchel,3,271
Naoise,3,271
Nigel,3,271
Omar,3,271
Padraic,3,271
Pauric,3,271
Rohan,3,271
Rowan,3,271
Roy,3,271
Ruari,3,271
Russell,3,271
Saul,3,271
Scot,3,271
Toby,3,271
Zac,3,271
