Name,Number of Babies,Rank
Matthew,409,1
Ryan,358,2
James,352,3
Jack,345,4
Adam,304,5
Conor,267,6
Michael,243,7
Jordan,226,8
Daniel,212,9
Aaron,199,10
David,182,11
Mark,173,12
Thomas,173,12
Andrew,171,14
Dylan,164,15
Jamie,153,16
Nathan,150,17
Christopher,141,18
Joshua,141,18
Sean,141,18
John,136,21
Patrick,129,22
Luke,126,23
Callum,116,24
Peter,112,25
Stephen,112,25
Ciaran,110,27
Niall,110,27
William,109,29
Ben,101,30
Ronan,101,30
Caolan,99,32
Paul,99,32
Cameron,98,34
Ethan,98,34
Liam,97,36
Ross,96,37
Eoin,95,38
Jonathan,94,39
Benjamin,93,40
Scott,93,40
Kyle,86,42
Samuel,84,43
Joseph,80,44
Lewis,77,45
Connor,74,46
Owen,74,46
Robert,73,48
Jake,71,49
Odhran,71,49
Jason,70,51
Reece,70,51
Oisin,65,53
Alexander,63,54
Curtis,62,55
Ruairi,56,56
Oran,55,57
Rory,54,58
Darren,52,59
Shane,50,60
Kevin,49,61
Lee,49,61
Padraig,49,61
Dean,47,64
Harry,47,64
Rhys,47,64
Gareth,45,67
Shea,45,67
Tiarnan,45,67
Brandon,42,70
Joel,41,71
Philip,41,71
Aidan,40,73
Martin,40,73
Tyler,39,75
Sam,37,76
Conall,36,77
Cormac,36,77
Richard,36,77
Tiernan,36,77
Craig,35,81
Anthony,33,82
Declan,33,82
Josh,33,82
Steven,33,82
Eoghan,32,86
Brendan,31,87
Corey,31,87
Gavin,31,87
Brian,30,90
Timothy,30,90
Bradley,29,92
Morgan,29,92
Stuart,29,92
Gerard,28,95
Jacob,28,95
Gary,27,97
Jay,27,97
Cathal,26,99
Darragh,26,99
Marc,26,99
Calum,25,102
Oliver,25,102
Kieran,23,104
Calvin,22,105
Simon,22,105
Alan,21,107
Alex,21,107
Ewan,21,107
Karl,21,107
Francis,20,111
Aodhan,19,112
Tom,19,112
Charles,18,114
Charlie,18,114
Daire,18,114
Lorcan,18,114
Emmet,17,118
Ian,17,118
Taylor,17,118
Dillon,16,121
Micheal,16,121
Nicholas,16,121
Seamus,16,121
Shaun,16,121
Barry,15,126
Christian,15,126
Eamon,15,126
Glenn,15,126
Henry,15,126
Neil,15,126
Reuben,15,126
Robbie,15,126
Damien,14,134
Eamonn,14,134
George,14,134
Louis,14,134
Marcus,14,134
Pearse,14,134
Bailey,13,140
Colm,13,140
Donal,13,140
Hugh,13,140
Justin,13,140
Caoimhin,12,145
Carl,12,145
Colin,12,145
Conan,12,145
Dara,12,145
Leon,12,145
Tomas,12,145
Caleb,11,152
Conal,11,152
Diarmuid,11,152
Edward,11,152
Jarlath,11,152
Stewart,11,152
Dale,10,158
Daryl,10,158
Emmett,10,158
Isaac,10,158
Jordon,10,158
Jude,10,158
Keelan,10,158
Shay,10,158
Troy,10,158
Adrian,9,167
Blake,9,167
Brad,9,167
Cory,9,167
Euan,9,167
Evan,9,167
Fintan,9,167
Graham,9,167
Harrison,9,167
Jackson,9,167
Jonathon,9,167
Kane,9,167
Keith,9,167
Max,9,167
Noel,9,167
Peadar,9,167
Rian,9,167
Stefan,9,167
Zachary,9,167
Angus,8,186
Ashley,8,186
Carter,8,186
Cathair,8,186
Darryl,8,186
Dominic,8,186
Eugene,8,186
Fearghal,8,186
Kurtis,8,186
Lucas,8,186
Saul,8,186
Tony,8,186
Tristan,8,186
Alastair,7,199
Breandan,7,199
Cian,7,199
Domhnall,7,199
Fergus,7,199
Joe,7,199
Jonah,7,199
Pearce,7,199
Pierce,7,199
Robin,7,199
Zach,7,199
Cain,6,210
Che,6,210
Dion,6,210
Gabriel,6,210
Kai,6,210
Kelvin,6,210
Pauric,6,210
Travis,6,210
Turlough,6,210
Zak,6,210
Anton,5,220
Blaine,5,220
Cai,5,220
Cianan,5,220
Cillian,5,220
Damian,5,220
Dermot,5,220
Fergal,5,220
Finn,5,220
Gerald,5,220
Keelin,5,220
Malachy,5,220
Mitchell,5,220
Nigel,5,220
Phillip,5,220
Raymond,5,220
Regan,5,220
Trevor,5,220
Vincent,5,220
Warren,5,220
Zack,5,220
Aiden,4,241
Alistair,4,241
Bailie,4,241
Billy,4,241
Brett,4,241
Brogan,4,241
Bryan,4,241
Caelan,4,241
Cahir,4,241
Caomhan,4,241
Cathaoir,4,241
Conaire,4,241
Daithi,4,241
Deaglan,4,241
Desmond,4,241
Douglas,4,241
Drew,4,241
Fionn,4,241
Glen,4,241
Johnathan,4,241
Jon,4,241
Jordan-Lee,4,241
Kealan,4,241
Keenan,4,241
Kenneth,4,241
Leigh,4,241
Leo,4,241
Levi,4,241
Manus,4,241
Micah,4,241
Mohammad,4,241
Nathaniel,4,241
Nicolas,4,241
Sean-Paul,4,241
Terence,4,241
Wayne,4,241
Andy,3,277
Antoin,3,277
Aron,3,277
Bernard,3,277
Brooklyn,3,277
Bruce,3,277
Cailean,3,277
Callan,3,277
Caolin,3,277
Cody,3,277
Conn,3,277
Connaire,3,277
Connell,3,277
Connlaoth,3,277
Corin,3,277
Damon,3,277
Danny,3,277
Daragh,3,277
Dawson,3,277
Dennis,3,277
Denver,3,277
Devon,3,277
Elijah,3,277
Elliott,3,277
Enda,3,277
Finley,3,277
Fionntan,3,277
Frazer,3,277
Frederick,3,277
Garth,3,277
Gordon,3,277
Grant,3,277
Gregor,3,277
Gregory,3,277
Guy,3,277
Jackie,3,277
John-Paul,3,277
Kel,3,277
Kelan,3,277
Killian,3,277
Kris,3,277
Kristian,3,277
Martyn,3,277
Miceal,3,277
Mohammed,3,277
Myles,3,277
Noah,3,277
Orrin,3,277
Oscar,3,277
Phelim,3,277
Pol,3,277
Reese,3,277
Rowan,3,277
Sebastian,3,277
Tommy,3,277
Ultan,3,277
Victor,3,277
Zac,3,277
