Name,Number of Babies,Rank
Jack,375,1
Matthew,317,2
Adam,279,3
James,270,4
Ryan,265,5
Joshua,229,6
Conor,202,7
Ben,195,8
Daniel,188,9
Dylan,176,10
Michael,169,11
Aaron,164,12
Jamie,164,12
Thomas,163,14
Ethan,158,15
Nathan,143,16
Luke,132,17
Patrick,126,18
John,116,19
David,114,20
Callum,110,21
Benjamin,106,22
Sean,106,22
Eoin,104,24
Lewis,103,25
Andrew,102,26
Oisin,98,27
Mark,94,28
Shea,94,28
Cameron,93,30
Christopher,92,31
Jake,89,32
Niall,82,33
Samuel,81,34
Joseph,78,35
Harry,75,36
Peter,75,36
Joel,74,38
William,74,38
Ronan,73,40
Kyle,71,41
Caolan,69,42
Ciaran,68,43
Scott,68,43
Shane,67,45
Jordan,66,46
Rory,66,46
Jay,65,48
Robert,65,48
Reece,64,50
Stephen,64,50
Connor,60,52
Jonathan,60,52
Liam,60,52
Owen,60,52
Alexander,59,56
Odhran,59,56
Ross,55,58
Darragh,54,59
Aidan,51,60
Charlie,51,60
Paul,51,60
Lee,50,63
Josh,48,64
Rhys,46,65
Sam,46,65
Tiernan,46,65
Alex,45,68
Oran,44,69
Jason,43,70
Jude,43,70
Jacob,41,72
Ruairi,40,73
Taylor,40,73
Tyler,39,75
Dean,37,76
Oliver,37,76
Bradley,36,78
Cormac,35,79
Finn,34,80
Anthony,33,81
Corey,33,81
Curtis,33,81
Declan,33,81
Tom,33,81
Martin,32,86
Robbie,32,86
Brandon,31,88
Calum,30,89
Craig,30,89
Bailey,29,91
Brendan,29,91
Ewan,29,91
Tiarnan,29,91
Conall,28,95
Kai,28,95
Cathal,26,97
Eoghan,26,97
Reuben,26,97
Gareth,25,100
Kevin,25,100
Leo,25,100
Louis,25,100
Marcus,25,100
Shay,25,100
Daire,24,106
Padraig,24,106
Caleb,23,108
Darren,23,108
Charles,22,110
Dara,22,110
Carter,21,112
Max,21,112
Seamus,21,112
Evan,20,115
Justin,20,115
Lorcan,20,115
Nicholas,20,115
Brian,19,119
Gerard,19,119
Kian,19,119
Marc,19,119
Pearse,19,119
Stuart,19,119
Blake,18,125
Cian,18,125
Colm,18,125
Edward,18,125
Karl,18,125
Kieran,18,125
Philip,18,125
Aodhan,17,132
Fionn,17,132
Steven,17,132
Timothy,17,132
Travis,17,132
Leon,16,137
Richard,16,137
Gavin,15,139
Logan,15,139
Morgan,15,139
Tomas,15,139
Alan,14,143
Carson,14,143
Diarmuid,14,143
Francis,14,143
Isaac,14,143
Shaun,14,143
Cahir,13,149
Cain,13,149
Jackson,13,149
Keelan,13,149
Neil,13,149
Cole,12,154
Conal,12,154
Eamon,12,154
Harvey,12,154
Hugh,12,154
Lucas,12,154
Micheal,12,154
Pierce,12,154
Caoimhin,11,162
Cody,11,162
Danny,11,162
Emmett,11,162
Enda,11,162
Harrison,11,162
Henry,11,162
Joe,11,162
Noah,11,162
Simon,11,162
Barry,10,172
Calvin,10,172
Dillon,10,172
Euan,10,172
Spencer,10,172
Tristan,10,172
Zach,10,172
Zak,10,172
Christian,9,180
Conan,9,180
Dominic,9,180
Donal,9,180
Emmet,9,180
Finlay,9,180
Glenn,9,180
Mason,9,180
Rian,9,180
Rio,9,180
Stewart,9,180
Toby,9,180
Tony,9,180
Anton,8,193
Cillian,8,193
Deaglan,8,193
Flynn,8,193
Glen,8,193
Jamie-Lee,8,193
Oscar,8,193
Alfie,7,200
Bobby,7,200
Caelan,7,200
Darryl,7,200
Eamonn,7,200
Gary,7,200
George,7,200
Kristian,7,200
Luca,7,200
Zac,7,200
Angus,6,210
Bernard,6,210
Blaine,6,210
Bryan,6,210
Che,6,210
Conn,6,210
Conrad,6,210
Eugene,6,210
Fergal,6,210
Hayden,6,210
Jarlath,6,210
Jonah,6,210
Malachi,6,210
Mitchell,6,210
Pearce,6,210
Piaras,6,210
Se,6,210
Todd,6,210
Troy,6,210
Adrian,5,229
Ashley,5,229
Brandon-Lee,5,229
Brooklyn,5,229
Cahal,5,229
Cathair,5,229
Colin,5,229
Conaill,5,229
Corin,5,229
Cory,5,229
Dale,5,229
Dawson,5,229
Elliott,5,229
Eunan,5,229
Fearghal,5,229
Fergus,5,229
Fiachra,5,229
Fintan,5,229
Ian,5,229
Johnathan,5,229
Jonathon,5,229
Kane,5,229
Keith,5,229
Kieron,5,229
Levi,5,229
Malachy,5,229
Nathaniel,5,229
Omar,5,229
Peadar,5,229
Rowan,5,229
Sebastian,5,229
Tyrone,5,229
Vincent,5,229
Zachary,5,229
Alec,4,263
Andy,4,263
Antoin,4,263
Archie,4,263
Bailie,4,263
Billy,4,263
Brett,4,263
Byron,4,263
Caomhan,4,263
Conleth,4,263
Coran,4,263
Damien,4,263
Daryl,4,263
Dermot,4,263
Drew,4,263
Fionnbharr,4,263
Fiontan,4,263
Frank,4,263
Hugo,4,263
Ivan,4,263
Jody,4,263
Keenan,4,263
Killian,4,263
Lawrence,4,263
Mackenzie,4,263
Marshall,4,263
Muhammad,4,263
Riley,4,263
Ruari,4,263
Saul,4,263
Senan,4,263
Seth,4,263
Stefan,4,263
Tobias,4,263
Trevor,4,263
Warren,4,263
Aedan,3,299
Aiden,3,299
Ali,3,299
Aodh,3,299
Arron,3,299
Benn,3,299
Bradlee,3,299
Brodie,3,299
Carl,3,299
Carlo,3,299
Cathan,3,299
Chad,3,299
Cianan,3,299
Clarke,3,299
Colum,3,299
Corrie,3,299
Cristian,3,299
Dan,3,299
Dennis,3,299
Deon,3,299
Devon,3,299
Elliot,3,299
Ellis,3,299
Felix,3,299
Fionntan,3,299
Francisco,3,299
Frederick,3,299
Gabriel,3,299
Garbhan,3,299
Gerald,3,299
Giovanni,3,299
Iain,3,299
Jacky,3,299
Jakob,3,299
Jared,3,299
Kiernan,3,299
Kirk,3,299
Kristopher,3,299
Kurtis,3,299
Laurence,3,299
Lennon,3,299
Luka,3,299
Mohammad,3,299
Mohammed,3,299
Myles,3,299
Nathanael,3,299
Neal,3,299
Noel,3,299
Raymond,3,299
Regan,3,299
Robin,3,299
Rohan,3,299
Rossa,3,299
Setanta,3,299
Tadhg,3,299
Terence,3,299
Theo,3,299
Theodore,3,299
Tim,3,299
Turlough,3,299
Tyrese,3,299
Wayne,3,299
Zack,3,299
