Name,Number of Babies,Rank
Jack,353,1
Matthew,289,2
James,269,3
Adam,238,4
Daniel,234,5
Ben,226,6
Ryan,226,6
Dylan,200,8
Conor,194,9
Jamie,194,9
Joshua,177,11
Thomas,175,12
Ethan,174,13
Aaron,151,14
Luke,145,15
Michael,142,16
Sean,139,17
Callum,133,18
David,121,19
Patrick,117,20
John,116,21
Lewis,116,21
Eoin,113,23
Oisin,113,23
Jake,111,25
Shea,110,26
Andrew,102,27
Nathan,101,28
Samuel,96,29
Ciaran,91,30
Mark,91,30
Benjamin,86,32
Joseph,86,32
Christopher,85,34
William,81,35
Scott,78,36
Cameron,77,37
Harry,76,38
Kyle,76,38
Peter,75,40
Cormac,73,41
Jonathan,67,42
Ronan,67,42
Niall,63,44
Odhran,62,45
Stephen,62,45
Connor,61,47
Darragh,61,47
Reece,61,47
Jay,60,50
Rory,60,50
Aidan,58,52
Joel,58,52
Charlie,57,54
Tiernan,57,54
Ross,56,56
Caolan,54,57
Lee,54,57
Shane,54,57
Alexander,53,60
Jude,52,61
Liam,50,62
Oliver,49,63
Owen,49,63
Paul,49,63
Sam,49,63
Corey,47,67
Josh,46,68
Alex,45,69
Jacob,45,69
Rhys,45,69
Oran,44,72
Robert,44,72
Brandon,40,74
Eoghan,40,74
Jason,40,74
Jordan,40,74
Max,40,74
Tyler,38,79
Caleb,35,80
Carter,35,80
Lorcan,34,82
Tom,34,82
Louis,33,84
Bradley,32,85
Pearse,32,85
Reuben,32,85
Ruairi,32,85
Calum,31,89
Aodhan,30,90
Daire,30,90
Declan,30,90
Finn,30,90
Marc,30,90
Evan,29,95
Dara,28,96
Bailey,27,97
Curtis,27,97
Fionn,27,97
Kevin,27,97
Martin,27,97
Taylor,27,97
Brian,26,103
Conall,26,103
Shay,26,103
Tiarnan,26,103
Padraig,25,107
Anthony,24,108
Charles,24,108
Marcus,24,108
Noah,24,108
Cathal,23,112
Dean,23,112
Dillon,23,112
Kian,23,112
Kieran,23,112
Darren,22,117
Gary,22,117
Harvey,22,117
Leo,22,117
Craig,21,121
Kai,21,121
Morgan,21,121
Logan,20,124
Cian,19,125
Gerard,19,125
Joe,19,125
Justin,19,125
Leon,19,125
Ewan,18,130
Isaac,18,130
Zach,18,130
Caoimhin,17,133
Donal,17,133
Robbie,17,133
Toby,17,133
Conal,16,137
Conan,16,137
Gareth,16,137
George,16,137
Henry,16,137
Steven,16,137
Brendan,15,143
Cody,15,143
Finlay,15,143
Micheal,15,143
Rian,15,143
Alan,14,148
Blake,14,148
Cain,14,148
Lucas,14,148
Mackenzie,14,148
Neil,14,148
Stuart,14,148
Timothy,14,148
Zak,14,148
Eamon,13,157
Edward,13,157
Emmet,13,157
Francis,13,157
Mason,13,157
Oscar,13,157
Philip,13,157
Bobby,12,164
Cahir,12,164
Calvin,12,164
Cathair,12,164
Hugh,12,164
Alfie,11,169
Carl,11,169
Euan,11,169
Karl,11,169
Nicholas,11,169
Simon,11,169
Christian,10,175
Cillian,10,175
Cory,10,175
Diarmuid,10,175
Killian,10,175
Myles,10,175
Tomas,10,175
Carson,9,182
Che,9,182
Colm,9,182
Danny,9,182
Dominic,9,182
Emmett,9,182
Keelan,9,182
Seamus,9,182
Travis,9,182
Zack,9,182
Cole,8,192
Dale,8,192
Darryl,8,192
Fintan,8,192
Harrison,8,192
Jackson,8,192
Johnny,8,192
Kane,8,192
Kurtis,8,192
Levi,8,192
Nathaniel,8,192
Pierce,8,192
Riley,8,192
Saul,8,192
Shaun,8,192
Theo,8,192
Tristan,8,192
Troy,8,192
Adrian,7,210
Barry,7,210
Fergal,7,210
Malachy,7,210
Noel,7,210
Raymond,7,210
Richard,7,210
Tony,7,210
Zachary,7,210
Aron,6,219
Billy,6,219
Blaine,6,219
Bryn,6,219
Caelan,6,219
Colin,6,219
Daryl,6,219
Deaglan,6,219
Flynn,6,219
Gabriel,6,219
Harley,6,219
Kristian,6,219
Luca,6,219
Spencer,6,219
Terry,6,219
Todd,6,219
Ahmad,5,235
Angus,5,235
Archie,5,235
Bernard,5,235
Bryan,5,235
Ciaron,5,235
Conleth,5,235
Conrad,5,235
Damien,5,235
Denis,5,235
Dermot,5,235
Devin,5,235
Drew,5,235
Eunan,5,235
Felix,5,235
Fionntan,5,235
Fiontan,5,235
Frederick,5,235
Jarlath,5,235
Jeremy,5,235
Kelvin,5,235
Miceal,5,235
Pearce,5,235
Piaras,5,235
Rio,5,235
Rowan,5,235
Stefan,5,235
Tadhg,5,235
Tommy,5,235
Abdul,4,264
Andy,4,264
Ashley,4,264
Bailie,4,264
Blair,4,264
Brady,4,264
Brodie,4,264
Cal,4,264
Caomhan,4,264
Daithi,4,264
Damian,4,264
Eli,4,264
Elliot,4,264
Elliott,4,264
Emmanuel,4,264
Enda,4,264
Fionnan,4,264
Frank,4,264
Gavin,4,264
Glen,4,264
Graham,4,264
Grant,4,264
Ian,4,264
Jakob,4,264
Jayden,4,264
Jed,4,264
Jody,4,264
Jonah,4,264
Kealan,4,264
Keith,4,264
Kirk,4,264
Lachlan,4,264
Luis,4,264
Lukas,4,264
McKenzie,4,264
Mitchell,4,264
Roan,4,264
Rogan,4,264
Se,4,264
Sol,4,264
Will,4,264
Aedan,3,305
Ahmed,3,305
Aiden,3,305
Alec,3,305
Alvin,3,305
Arthur,3,305
Ashton,3,305
Austin,3,305
Benn,3,305
Brody,3,305
Brooklyn,3,305
Cailum,3,305
Callan,3,305
Casey,3,305
Charly,3,305
Codie,3,305
Colum,3,305
Conchur,3,305
Corin,3,305
Cuan,3,305
Dualta,3,305
Eathan,3,305
Edwin,3,305
Ellis,3,305
Fearghal,3,305
Fergus,3,305
Fiachra,3,305
Finbar,3,305
Guy,3,305
Iain,3,305
Jac,3,305
Joey,3,305
John-Paul,3,305
Jonathon,3,305
Josiah,3,305
Judah,3,305
Jun,3,305
Keelin,3,305
Kenzie,3,305
Lloyd,3,305
Lughaidh,3,305
Maitiu,3,305
Manus,3,305
Marco,3,305
Maximilian,3,305
Mohammed,3,305
Padraic,3,305
Paidi,3,305
Pauric,3,305
Pol,3,305
Regan,3,305
Riain,3,305
Rioghan,3,305
Robin,3,305
Roy,3,305
Ruadhan,3,305
Ruben,3,305
Russell,3,305
Sebastian,3,305
Senan,3,305
Terence,3,305
Trevor,3,305
Tristin,3,305
Tylor,3,305
Tyrone,3,305
Ultan,3,305
Vincent,3,305
Zac,3,305
