Name,Number of Babies,Rank
Jack,321,1
Daniel,270,2
James,250,3
Matthew,230,4
Ryan,219,5
Harry,191,6
Ethan,189,7
Charlie,188,8
Adam,167,9
Conor,167,9
Noah,164,11
Jamie,163,12
Thomas,157,13
Joshua,155,14
Dylan,149,15
Oliver,142,16
Luke,123,17
Callum,120,18
Ben,115,19
Jake,113,20
Michael,111,21
Sean,109,22
Oisin,108,23
Jacob,106,24
Aaron,104,25
Alfie,103,26
Nathan,102,27
Lucas,96,28
Joseph,93,29
Lewis,92,30
Ronan,92,30
Patrick,84,32
Shea,83,33
Eoin,81,34
Tyler,81,34
William,80,36
Darragh,79,37
Corey,78,38
Rhys,77,39
Benjamin,76,40
John,76,40
Odhran,76,40
Liam,75,43
Samuel,75,43
Alex,71,45
David,71,45
Max,71,45
Caleb,70,48
Jude,70,48
Jay,68,50
Joel,68,50
Finn,67,52
Alexander,66,53
Jayden,65,54
Caolan,63,55
Logan,63,55
Isaac,62,57
Aidan,60,58
Cormac,60,58
Kyle,60,58
Rory,59,61
Cillian,54,62
Ollie,53,63
Reuben,53,63
Sam,53,63
Riley,52,66
Ruairi,52,66
Tiernan,50,68
Oscar,49,69
Andrew,48,70
Leon,48,70
Peter,47,72
Zach,46,73
Cameron,45,74
Ciaran,45,74
Connor,45,74
Reece,45,74
Christopher,44,78
Evan,43,79
Aodhan,42,80
Fionn,42,80
Kai,42,80
Robert,42,80
Mark,41,84
Josh,40,85
Shane,40,85
Eoghan,39,87
Lorcan,37,88
Mason,37,88
Zac,37,88
Archie,36,91
Carter,36,91
Daithi,36,91
Dara,36,91
Charles,35,95
Cody,35,95
Harvey,35,95
Niall,35,95
Tom,35,95
Padraig,34,100
Leo,33,101
Calum,32,102
Blake,31,103
Owen,31,103
Paul,31,103
Shay,31,103
Luca,30,107
Stephen,30,107
Bobby,29,109
Martin,29,109
Oran,29,109
Caoimhin,28,112
Jason,28,112
Jonah,28,112
Olly,28,112
Seth,28,112
Brandon,27,117
Cian,26,118
Daire,26,118
Jackson,26,118
Kevin,26,118
Marcus,26,118
Pearse,25,123
Cole,24,124
Conall,24,124
Theo,24,124
Dean,23,127
Henry,23,127
Lee,23,127
Robbie,23,127
Ross,23,127
Ashton,22,132
Ewan,22,132
Joe,22,132
Taylor,22,132
Toby,22,132
Tomas,22,132
Zachary,22,132
Finlay,21,139
Jakub,21,139
Micheal,21,139
Cathal,20,142
Jonathan,20,142
Tiarnan,20,142
Zak,20,142
Conan,19,146
Scott,19,146
Brody,18,148
Christian,18,148
Eli,18,148
Anthony,17,151
Cahir,17,151
Calvin,17,151
Kian,17,151
Louis,17,151
Lukas,17,151
Rowan,17,151
Alan,16,158
Bailey,16,158
Brendan,16,158
Danny,16,158
George,16,158
Kenzie,16,158
Zack,16,158
Adrian,15,165
Caden,15,165
Curtis,15,165
Declan,15,165
Dominik,15,165
Elijah,15,165
Sebastian,15,165
Steven,15,165
Carson,14,173
Dillon,14,173
Edward,14,173
Filip,14,173
Gary,14,173
Jenson,14,173
Jordan,14,173
Justin,14,173
Rian,14,173
Tristan,14,173
Caiden,13,183
Cayden,13,183
Fintan,13,183
Freddie,13,183
Gerard,13,183
Austin,12,188
Brian,12,188
Conal,12,188
Daragh,12,188
Darren,12,188
Euan,12,188
Hayden,12,188
Kaiden,12,188
Kayden,12,188
Kieran,12,188
Micah,12,188
Peadar,12,188
Senan,12,188
Szymon,12,188
Bradley,11,202
Brooklyn,11,202
Dominic,11,202
Gabriel,11,202
Jaden,11,202
Jaxon,11,202
Marc,11,202
Timothy,11,202
Travis,11,202
Caelan,10,211
Diarmuid,10,211
Donal,10,211
Frankie,10,211
Harrison,10,211
Hugh,10,211
Jesse,10,211
Mateusz,10,211
Philip,10,211
Robin,10,211
Will,10,211
Dawid,9,222
Harley,9,222
Jan,9,222
Milo,9,222
Neil,9,222
Richard,9,222
Saul,9,222
Simon,9,222
Blaine,8,230
Francis,8,230
Jensen,8,230
Johnny,8,230
Kacper,8,230
Kane,8,230
Keelan,8,230
Levi,8,230
Mikolaj,8,230
Morgan,8,230
Myles,8,230
Nicholas,8,230
Olivier,8,230
Oliwier,8,230
Patryk,8,230
Seamus,8,230
Sonny,8,230
Tadhg,8,230
Arthur,7,248
Cohen,7,248
Colin,7,248
Colm,7,248
Cruz,7,248
Enda,7,248
Felix,7,248
Fiachra,7,248
Jarlath,7,248
Kealan,7,248
Kodi,7,248
Lennon,7,248
Louie,7,248
Oskar,7,248
Rio,7,248
Rocco,7,248
Ruben,7,248
Tobias,7,248
Ty,7,248
Angus,6,267
Billy,6,267
Brogan,6,267
Cadan,6,267
Cain,6,267
Carl,6,267
Casey,6,267
Cathair,6,267
Cathan,6,267
Coby,6,267
Conn,6,267
Dale,6,267
Damian,6,267
Dawson,6,267
Dominykas,6,267
Drew,6,267
Eamon,6,267
Elliot,6,267
Elliott,6,267
Flynn,6,267
Fraser,6,267
Gareth,6,267
Hugo,6,267
Karl,6,267
Matas,6,267
Preston,6,267
Reagan,6,267
Roan,6,267
Ryley,6,267
Shaun,6,267
Spencer,6,267
Stefan,6,267
Stuart,6,267
Tommy,6,267
Troy,6,267
Wiktor,6,267
Aedan,5,303
Ali,5,303
Aston,5,303
Che,5,303
Chris,5,303
Christy,5,303
Connlaodh,5,303
Cooper,5,303
Cory,5,303
Culann,5,303
Donncha,5,303
Eamonn,5,303
Emmett,5,303
Erik,5,303
Fearghal,5,303
Finley,5,303
Fionntan,5,303
Gavin,5,303
Igor,5,303
Joey,5,303
Josiah,5,303
Junior,5,303
Kaden,5,303
Killian,5,303
Kristian,5,303
Lochlan,5,303
Malachy,5,303
Marcel,5,303
Miceal,5,303
Mikey,5,303
Noel,5,303
Orin,5,303
Ralph,5,303
Shae,5,303
Tony,5,303
Ultan,5,303
Aiden,4,339
Aleksander,4,339
Alfred,4,339
Benas,4,339
Brayden,4,339
Brodie,4,339
Cadhan,4,339
Caidan,4,339
Cailum,4,339
Cathaoir,4,339
Clark,4,339
Conchur,4,339
Coran,4,339
Dallan,4,339
Darryl,4,339
Daryl,4,339
Denis,4,339
Donnacha,4,339
Emmet,4,339
Eric,4,339
Fabian,4,339
Fergal,4,339
Finnian,4,339
Fiontan,4,339
Frederick,4,339
Hubert,4,339
Jaiden,4,339
Jared,4,339
Jim,4,339
Kain,4,339
Keith,4,339
Marley,4,339
Mckenzie,4,339
Michal,4,339
Murray,4,339
Nathaniel,4,339
Nicolas,4,339
Paddy,4,339
Pauric,4,339
Pearce,4,339
Phelim,4,339
Pijus,4,339
Pol,4,339
Reid,4,339
Rudi,4,339
Solomon,4,339
Torin,4,339
Tymon,4,339
Albert,3,387
Alistair,3,387
Alvin,3,387
Andre,3,387
Arnas,3,387
Aryan,3,387
Asher,3,387
Bartosz,3,387
Beau,3,387
Borys,3,387
Breandan,3,387
Bryan,3,387
Cabhan,3,387
Caelum,3,387
Cai,3,387
Cailean,3,387
Cal,3,387
Callan,3,387
Caoilte,3,387
Caomhan,3,387
Charley,3,387
Chase,3,387
Clarke,3,387
Cohan,3,387
Colby,3,387
Corin,3,387
Corran,3,387
Damhan,3,387
Damien,3,387
Dan,3,387
Dexter,3,387
Diego,3,387
Dion,3,387
Domas,3,387
Edwin,3,387
Elias,3,387
Emilis,3,387
Eryk,3,387
Eugene,3,387
Eunan,3,387
Finbar,3,387
Fletcher,3,387
Franciszek,3,387
Graham,3,387
Gustas,3,387
Ibrahim,3,387
Jai,3,387
Jasper,3,387
Jaxson,3,387
Jody,3,387
Johnathan,3,387
Jonas,3,387
Joss,3,387
Jun,3,387
Kadyn,3,387
Kajus,3,387
Kalvin,3,387
Kamil,3,387
Karol,3,387
Kayleb,3,387
Keegan,3,387
Kelan,3,387
Kevinas,3,387
Kieron,3,387
Konrad,3,387
Kristopher,3,387
Kristupas,3,387
Krystian,3,387
Krzysztof,3,387
Kyran,3,387
Lennox,3,387
Lloyd,3,387
Luka,3,387
Mackenzie,3,387
Maksim,3,387
Maksymilian,3,387
Maxwell,3,387
Mitchell,3,387
Mylo,3,387
Naoise,3,387
Nataniel,3,387
Nikodem,3,387
Phillip,3,387
Phoenix,3,387
Quinn,3,387
Regan,3,387
Rogan,3,387
Ronnie,3,387
Rylan,3,387
Rylee,3,387
Rylie,3,387
Shayne,3,387
Stanislaw,3,387
Tajus,3,387
Tomasz,3,387
Tristin,3,387
Wojciech,3,387
Xavier,3,387
Zachariah,3,387
Zane,3,387
