Name,Number of Babies,Rank
Jack,285,1
James,276,2
Daniel,236,3
Charlie,224,4
Harry,193,5
Noah,190,6
Oliver,155,7
Ethan,153,8
Jacob,148,9
Thomas,147,10
Matthew,146,11
Adam,145,12
Jake,139,13
Ryan,128,14
Logan,121,15
Mason,121,15
Alfie,120,17
Conor,119,18
Luke,114,19
Michael,111,20
Joshua,108,21
Oisin,104,22
Joseph,100,23
Oscar,99,24
Dylan,97,25
Alexander,92,26
Leo,92,26
Sean,92,26
Max,90,29
Jamie,86,30
Riley,85,31
Lucas,84,32
Isaac,83,33
Caleb,81,34
Jude,81,34
Ronan,81,34
Nathan,79,37
Ben,77,38
Darragh,74,39
Finn,73,40
Patrick,72,41
Alex,70,42
Callum,70,42
Ollie,69,44
Samuel,69,44
Lewis,66,46
William,65,47
Cillian,63,48
Rory,63,48
Shea,63,48
Henry,61,51
Aaron,59,52
Benjamin,56,53
John,56,53
Archie,55,55
Eoin,55,55
Jayden,54,57
Fionn,53,58
Liam,52,59
David,50,60
Reuben,50,60
Theo,48,62
Carter,47,63
Joel,47,63
Aodhan,46,65
Bobby,46,65
Kai,46,65
Niall,46,65
Zach,46,65
Caolan,45,70
Cian,45,70
Sam,45,70
Lorcan,44,73
George,43,74
Daire,42,75
Odhran,42,75
Ruairi,42,75
Kian,41,78
Kyle,41,78
Cormac,39,80
Danny,39,80
Tom,39,80
Corey,38,83
Elijah,38,83
Rhys,37,85
Aidan,36,86
Blake,36,86
Christopher,36,86
Jonah,36,86
Jaxon,35,90
Josh,35,90
Peter,35,90
Andrew,34,93
Freddie,34,93
Tommy,34,93
Eoghan,33,96
Jay,33,96
Connor,32,98
Harrison,32,98
Robert,32,98
Tyler,32,98
Zachary,32,98
Caiden,31,103
Daithi,31,103
Harley,30,105
Mark,30,105
Seth,30,105
Dara,29,108
Tiernan,29,108
Conan,28,110
Jenson,28,110
Leon,28,110
Robbie,28,110
Shane,28,110
Harvey,27,115
Reece,27,115
Gabriel,26,117
Anthony,25,118
Brody,25,118
Edward,25,118
Kaiden,25,118
Luca,25,118
Owen,25,118
Cameron,24,124
Eli,24,124
Finlay,24,124
Tomas,24,124
Ciaran,23,128
Joey,23,128
Scott,23,128
Sebastian,23,128
Evan,22,132
Jakub,22,132
Toby,22,132
Caoimhin,21,135
Cathal,21,135
Charles,21,135
Cole,21,135
Joe,21,135
Senan,21,135
Shay,21,135
Austin,20,142
Francis,20,142
Padraig,20,142
Arthur,19,145
Cody,19,145
Jackson,19,145
Kayden,19,145
Oskar,19,145
Sonny,19,145
Zac,19,145
Bradley,18,152
Hugh,18,152
Micah,18,152
Oran,18,152
Stephen,18,152
Calvin,17,157
Conall,17,157
Donnacha,17,157
Flynn,17,157
Jonathan,17,157
Louis,17,157
Martin,17,157
Brian,16,164
Brodie,16,164
Carson,16,164
Filip,16,164
Jason,16,164
Kevin,16,164
Rian,16,164
Cohen,15,171
Olly,15,171
Paul,15,171
Rowan,15,171
Alan,14,175
Colton,14,175
Cooper,14,175
Levi,14,175
Lukas,14,175
Myles,14,175
Seamus,14,175
Tiarnan,14,175
Troy,14,175
Aiden,13,184
Calum,13,184
Donal,13,184
Gerard,13,184
Micheal,13,184
Robin,13,184
Theodore,13,184
Brandon,12,191
Cahir,12,191
Elliott,12,191
Enda,12,191
Felix,12,191
Frankie,12,191
Hugo,12,191
Jaxson,12,191
Kacper,12,191
Pearse,12,191
Tobias,12,191
Callan,11,202
Curtis,11,202
Dominic,11,202
Eric,11,202
Hunter,11,202
Jordan,11,202
Louie,11,202
Ross,11,202
Saul,11,202
Will,11,202
Zak,11,202
Antoni,10,213
Cruz,10,213
Dominik,10,213
Finley,10,213
Jared,10,213
Jensen,10,213
Junior,10,213
Keelan,10,213
Marcus,10,213
Nathaniel,10,213
Preston,10,213
Szymon,10,213
Ted,10,213
Travis,10,213
Zack,10,213
Bailey,9,228
Billy,9,228
Brendan,9,228
Caden,9,228
Caodhan,9,228
Dean,9,228
Dexter,9,228
Donncha,9,228
Emmet,9,228
Euan,9,228
Fintan,9,228
Hudson,9,228
Morgan,9,228
Parker,9,228
Philip,9,228
Bentley,8,243
Cain,8,243
Cathaoir,8,243
Declan,8,243
Eunan,8,243
Ewan,8,243
Fiachra,8,243
Jan,8,243
Jarlath,8,243
Jasper,8,243
Johnny,8,243
Kaleb,8,243
Kieran,8,243
Killian,8,243
Malachy,8,243
Paidi,8,243
Peadar,8,243
Rio,8,243
Rocco,8,243
Teddy,8,243
Tristan,8,243
Aronas,7,264
Barra,7,264
Caelan,7,264
Cathair,7,264
Christian,7,264
Ezra,7,264
Fraser,7,264
Frazer,7,264
Jaiden,7,264
Jesse,7,264
Jonas,7,264
Keegan,7,264
Lee,7,264
Maxwell,7,264
Roman,7,264
Rossa,7,264
Steven,7,264
Anton,6,281
Arlo,6,281
Ashton,6,281
Casey,6,281
Cayden,6,281
Colm,6,281
Conal,6,281
Cory,6,281
Daragh,6,281
Deaglan,6,281
Elliot,6,281
Faolan,6,281
Fergal,6,281
Finbar,6,281
Freddy,6,281
Gareth,6,281
Hayden,6,281
Jace,6,281
Jakob,6,281
Jax,6,281
Kealan,6,281
Kobi,6,281
Koby,6,281
Lennon,6,281
Marc,6,281
Marcel,6,281
Matas,6,281
Milo,6,281
Nicholas,6,281
Quinn,6,281
Ruan,6,281
Ruben,6,281
Rylie,6,281
Timothy,6,281
Aleksander,5,315
Barry,5,315
Bernard,5,315
Brogan,5,315
Damien,5,315
Devin,5,315
Donnchadh,5,315
Eamon,5,315
Ellis,5,315
Fabian,5,315
Frank,5,315
Jaden,5,315
John-Paul,5,315
Kaden,5,315
Kody,5,315
Korey,5,315
Kyron,5,315
Leighton,5,315
Lincoln,5,315
Lochlainn,5,315
Lochlan,5,315
Luka,5,315
Malachi,5,315
Mikey,5,315
orin,5,315
Phoenix,5,315
Regan,5,315
Richard,5,315
Shaun,5,315
Taylor,5,315
Vincent,5,315
Adas,4,346
AJ,4,346
Angelo,4,346
Angus,4,346
Braxton,4,346
Brooklyn,4,346
Caidan,4,346
Che,4,346
Christy,4,346
Coen,4,346
Conn,4,346
Connla,4,346
Danielius,4,346
Dermot,4,346
Dillon,4,346
Dominykas,4,346
Drew,4,346
Eamonn,4,346
Eddie,4,346
Eden,4,346
Emilis,4,346
Emmett,4,346
Enzo,4,346
Fionntan,4,346
Frederick,4,346
Gary,4,346
Gustas,4,346
Harris,4,346
Igor,4,346
Josiah,4,346
Kylan,4,346
Laurence,4,346
Leyton,4,346
Maksymilian,4,346
Marshall,4,346
Mateusz,4,346
Miceal,4,346
Nataniel,4,346
Nicolas,4,346
Nikolas,4,346
Noel,4,346
Oliwier,4,346
Patryk,4,346
Ralph,4,346
Raymond,4,346
Reilly,4,346
Rogan,4,346
Rudi,4,346
Stuart,4,346
Tadhg,4,346
Tajus,4,346
Tate,4,346
Abel,3,398
Adrian,3,398
Ahmed,3,398
Ajay,3,398
Albert,3,398
Alfred,3,398
Antonio,3,398
Arijus,3,398
aron,3,398
Artur,3,398
Avery,3,398
Barney,3,398
Beau,3,398
Blaine,3,398
Borys,3,398
Boston,3,398
Braden,3,398
Bryan,3,398
Casper,3,398
Cathan,3,398
Clarke,3,398
Coist,3,398
Colin,3,398
Conlan,3,398
Conleth,3,398
Conrad,3,398
Coran,3,398
Daibhin,3,398
Daimhin,3,398
Darryl,3,398
Davin,3,398
Dawid,3,398
Diarmuid,3,398
Dillan,3,398
Diyar,3,398
Dorian,3,398
Dovydas,3,398
Edwin,3,398
Emil,3,398
Emmanuel,3,398
Fergus,3,398
Finnian,3,398
Franciszek,3,398
Franklin,3,398
Fred,3,398
Gearoid,3,398
Gethin,3,398
Harper,3,398
Ian,3,398
Idris,3,398
Issac,3,398
Jai,3,398
Jayce,3,398
Jett,3,398
Jim,3,398
Jimmy,3,398
Judah,3,398
Kajus,3,398
Kallum,3,398
Karl,3,398
Karol,3,398
Keaton,3,398
Kenzie,3,398
Kingsley,3,398
Kobe,3,398
Kodi,3,398
Kolton,3,398
Kristian,3,398
Kyan,3,398
Lennox,3,398
Leonardo,3,398
Lorenzo,3,398
Lyle,3,398
Maitiu,3,398
Markus,3,398
Marley,3,398
Michal,3,398
Mikolaj,3,398
Miles,3,398
Murray,3,398
Neil,3,398
Nikodem,3,398
Nojus,3,398
Norman,3,398
Odin,3,398
Olivier,3,398
Otis,3,398
Paraic,3,398
Pauric,3,398
Piotr,3,398
Raphael,3,398
Ray,3,398
Rayyan,3,398
Roan,3,398
Rohan,3,398
Ronnie,3,398
Ruadhan,3,398
Rudy,3,398
Rylee,3,398
Ryley,3,398
Santiago,3,398
Simon,3,398
Sol,3,398
Solomon,3,398
Spencer,3,398
Stanley,3,398
stefan,3,398
Tony,3,398
Ultan,3,398
Victor,3,398
Woody,3,398
Xavier,3,398
Zachariah,3,398
Zane,3,398
