Name,Number of Babies,Rank
Chloe,434,1
Emma,305,2
Rebecca,254,3
Amy,245,4
Lauren,235,5
Hannah,233,6
Shannon,228,7
Sarah,227,8
Rachel,219,9
Megan,218,10
Caitlin,207,11
Niamh,181,12
Courtney,177,13
Nicole,161,14
Laura,157,15
Sophie,157,15
Katie,134,17
Jessica,124,18
Aoife,120,19
Anna,115,20
Ciara,114,21
Lucy,113,22
Aimee,110,23
Erin,110,23
Emily,105,25
Caoimhe,94,26
Claire,94,26
Catherine,93,28
Ellen,80,29
Leah,76,30
Eimear,75,31
Bethany,72,32
Victoria,72,32
Natasha,67,34
Chelsea,66,35
Danielle,66,35
Jade,65,37
Aine,64,38
Olivia,64,38
Orla,63,40
Rachael,63,40
Holly,62,42
Zoe,61,43
Charlotte,59,44
Naomi,58,45
Kirsty,56,46
Molly,54,47
Shauna,54,47
Grace,53,49
Kathryn,50,50
Louise,50,50
Rebekah,50,50
Gemma,49,53
Alexandra,48,54
Sinead,48,54
Katherine,45,56
Tara,45,56
Melissa,44,58
Roisin,42,59
Aisling,38,60
Bronagh,38,60
Cliodhna,38,60
Grainne,38,60
Georgia,37,64
Maria,37,64
Samantha,37,64
Alice,36,67
Robyn,36,67
Beth,35,69
Kate,35,69
Clodagh,34,71
Jennifer,34,71
Jordan,33,73
Mary,33,73
Kirsten,32,75
Ruth,32,75
Stephanie,32,75
Cara,31,78
Clare,31,78
Abigail,30,80
Lisa,30,80
Morgan,30,80
Lydia,29,83
Leanne,28,84
Chantelle,27,85
Elizabeth,27,85
Emer,27,85
Eve,27,85
Jane,27,85
Natalie,27,85
Alana,26,91
Amber,26,91
Kerry,26,91
Nicola,25,94
Taylor,25,94
Abbie,24,96
Michaela,24,96
Dearbhla,23,98
Eva,23,98
Maeve,23,98
Meabh,23,98
Sorcha,23,98
Fiona,22,103
Jodie,22,103
Ashleigh,21,105
Colleen,21,105
Lois,21,105
Paige,21,105
Annie,20,109
Hollie,20,109
Toni,20,109
Carla,19,112
Caroline,19,112
Julie,19,112
Orlagh,19,112
Sian,19,112
Zara,19,112
Alison,18,118
Nikita,18,118
Orlaith,18,118
Alanna,17,121
Brooke,17,121
Claudia,17,121
Jenna,17,121
Jenny,17,121
Michelle,17,121
Rhiannon,17,121
Sara,17,121
Andrea,16,129
Carly,16,129
Demi,16,129
Jasmine,16,129
Jemma,16,129
Kathleen,16,129
Kerri,16,129
Fionnuala,15,136
Hayley,15,136
Alicia,14,138
Aoibheann,14,138
Cora,14,138
Helen,14,138
Jill,14,138
Kelsey,14,138
Nadine,14,138
Aislinn,13,145
Catriona,13,145
Ellie,13,145
Joanna,13,145
Karen,13,145
Mollie,13,145
Siobhan,13,145
Stacey,13,145
Tierna,13,145
Yasmin,13,145
Alex,12,155
Christina,12,155
Francesca,12,155
Jayne,12,155
Karla,12,155
Kayleigh,12,155
Margaret,12,155
Phoebe,12,155
Tiarna,12,155
Alannah,11,164
Amanda,11,164
Clara,11,164
Cliona,11,164
Eimhear,11,164
Jacqueline,11,164
Katrina,11,164
Kerrie,11,164
Mairead,11,164
Tiffany,11,164
Alisha,10,174
Casey,10,174
Christine,10,174
Dearbhail,10,174
Dervla,10,174
Kaitlin,10,174
Kiera,10,174
Laoise,10,174
Leona,10,174
Meghan,10,174
Nadia,10,174
Seana,10,174
Susan,10,174
Tammy,10,174
Una,10,174
Ashley,9,189
Brittany,9,189
Deborah,9,189
Gabrielle,9,189
Joanne,9,189
Kelly,9,189
Rhianna,9,189
Shauneen,9,189
Antonia,8,197
Brianna,8,197
Caitriona,8,197
Ella,8,197
Faye,8,197
Heather,8,197
Jamie,8,197
Judith,8,197
Kaitlyn,8,197
Lara,8,197
Marie,8,197
Patricia,8,197
Sasha,8,197
Shelby,8,197
Tamara,8,197
Tori,8,197
Abby,7,213
Aideen,7,213
Aoibhinn,7,213
Cailin,7,213
Charlene,7,213
Cody,7,213
Courteney,7,213
Elaine,7,213
Julia,7,213
Katlyn,7,213
Katy,7,213
Kirstie,7,213
Paula,7,213
Sharon,7,213
Simone,7,213
Tia,7,213
Aisha,6,229
Amie,6,229
Ann,6,229
Anne,6,229
Cassie,6,229
Dearbhaile,6,229
Deirbhile,6,229
Diane,6,229
Eadaoin,6,229
Edel,6,229
Eimer,6,229
Erica,6,229
Georgina,6,229
Helena,6,229
Jamie-Lee,6,229
Josephine,6,229
Kara,6,229
Keeva,6,229
Kirstin,6,229
Kylie,6,229
Lauryn,6,229
Lorna,6,229
Mia,6,229
Neve,6,229
Roise,6,229
Rose,6,229
Shania,6,229
Siofra,6,229
Skye,6,229
Teresa,6,229
Therese,6,229
Ursula,6,229
Abbey,5,261
Ana,5,261
Bethan,5,261
Bronach,5,261
Caitilin,5,261
Caitlyn,5,261
Chantel,5,261
Chelsey,5,261
Connie,5,261
Dara,5,261
Demi-Lee,5,261
Denise,5,261
Eilis,5,261
Eleanor,5,261
Elle,5,261
Erinn,5,261
Faith,5,261
Geraldine,5,261
Heidi,5,261
Imogen,5,261
India,5,261
Iona,5,261
Jasmin,5,261
Keely,5,261
Lucie,5,261
Lucinda,5,261
Monica,5,261
Nina,5,261
Oonagh,5,261
Regan,5,261
Riona,5,261
Sacha,5,261
Savannah,5,261
Serena,5,261
Shaneen,5,261
Shanice,5,261
Suzanne,5,261
Tiegan,5,261
Whitney,5,261
Abbi,4,300
Aileen,4,300
Ailish,4,300
Angela,4,300
Annalise,4,300
April,4,300
Ashton,4,300
Brenna,4,300
Bridget,4,300
Bronwyn,4,300
Caragh,4,300
Carrie,4,300
Celine,4,300
Cerys,4,300
Chelsie,4,300
Cherith,4,300
Chloe-Louise,4,300
Clarissa,4,300
Daire,4,300
Daisy,4,300
Ebony,4,300
Elisha,4,300
Eloise,4,300
Emma-Louise,4,300
Enya,4,300
Esther,4,300
Frances,4,300
Karis,4,300
Katelyn,4,300
Kayley,4,300
Kellie,4,300
Kyra,4,300
Leigh,4,300
Linda,4,300
Lindsey,4,300
Lisa-Marie,4,300
Lorraine,4,300
Lucia,4,300
Madison,4,300
Martha,4,300
Martina,4,300
Melanie,4,300
Miriam,4,300
Naoise,4,300
Raicheal,4,300
Rhianne,4,300
Rosie,4,300
Ruby,4,300
Saoirse,4,300
Sarah-Jayne,4,300
Seaneen,4,300
Shona,4,300
Summer,4,300
Adele,3,353
Ailise,3,353
Aislin,3,353
Amy-Leigh,3,353
Annabel,3,353
Ann-Marie,3,353
Ava,3,353
Bailey,3,353
Billie,3,353
Blaithin,3,353
Blathnaid,3,353
Brenda,3,353
Briege,3,353
Brona,3,353
Caithlin,3,353
Carlie,3,353
Carol,3,353
Cathryn,3,353
Ceara,3,353
Charly,3,353
Charmaine,3,353
Codie,3,353
Daniella,3,353
Dawn,3,353
Devon,3,353
Donna,3,353
Eden,3,353
Elena,3,353
Elise,3,353
Evie,3,353
Geri,3,353
Gillian,3,353
Haley,3,353
Hope,3,353
Jenni,3,353
Jessie,3,353
Jordyn,3,353
Joy,3,353
Julie-Ann,3,353
Kayla,3,353
Keeley,3,353
Keira,3,353
Keisha,3,353
Kendra,3,353
Kennedy,3,353
Kenzie,3,353
Kerri-Ann,3,353
Keziah,3,353
Laureen,3,353
Leoni,3,353
Lori,3,353
Lynn,3,353
Marianne,3,353
Martine,3,353
Meadbh,3,353
Meg,3,353
Mikaela,3,353
Moya,3,353
Naimh,3,353
Naoimh,3,353
Naomh,3,353
Nichola,3,353
Nichole,3,353
Nikki,3,353
Noelle,3,353
Nuala,3,353
Orfhlaith,3,353
Orlaigh,3,353
Poppy,3,353
Reanne,3,353
Rebekka,3,353
Rhea,3,353
Rochelle,3,353
Samara,3,353
Sandra,3,353
Sarah-Louise,3,353
Shonagh,3,353
Sophia,3,353
Sophie-Louise,3,353
Susannah,3,353
Suzannah,3,353
Tabitha,3,353
Tammy-Lee,3,353
Taylor-Leigh,3,353
Tegan,3,353
Teri,3,353
Tessa,3,353
Tracey,3,353
Wendy,3,353
