Name,Number of Babies,Rank
Katie,307,1
Emma,260,2
Sophie,217,3
Ellie,216,4
Amy,193,5
Sarah,189,6
Niamh,187,7
Chloe,179,8
Aimee,175,9
Rachel,168,10
Caitlin,163,11
Hannah,160,12
Lucy,158,13
Jessica,149,14
Anna,145,15
Aoife,145,15
Erin,136,17
Leah,135,18
Megan,134,19
Emily,131,20
Grace,125,21
Lauren,119,22
Rebecca,119,22
Cara,116,24
Molly,115,25
Ellen,86,26
Ella,85,27
Olivia,84,28
Holly,82,29
Shannon,80,30
Abbie,77,31
Caoimhe,74,32
Ciara,72,33
Eimear,72,33
Mia,68,35
Charlotte,66,36
Abigail,62,37
Eva,59,38
Nicole,59,38
Laura,57,40
Jodie,53,41
Zoe,52,42
Courtney,50,43
Zara,50,43
Eve,49,45
Rebekah,48,46
Louise,47,47
Catherine,46,48
Orla,43,49
Tara,43,49
Aine,41,51
Clodagh,41,51
Naomi,41,51
Beth,36,54
Bethany,36,54
Georgia,36,54
Alex,35,57
Madison,35,57
Alexandra,34,59
Cliodhna,32,60
Gemma,32,60
Hollie,32,60
Morgan,32,60
Sinead,32,60
Alice,31,65
Kirsty,31,65
Victoria,30,67
Brooke,29,68
Maria,29,68
Cora,28,70
Kathryn,28,70
Lily,28,70
Robyn,28,70
Bronagh,27,74
Faith,27,74
Amber,26,76
Katelyn,26,76
Lara,26,76
Lydia,26,76
Mary,26,76
Natasha,26,76
Chelsea,25,82
Elizabeth,25,82
Kate,25,82
Abby,24,85
Melissa,24,85
Rhianna,24,85
Kerry,23,88
Jenna,22,89
Annie,21,90
Kaitlin,21,90
Katherine,21,90
Maeve,21,90
Rachael,21,90
Shauna,20,95
Sophia,20,95
Aisling,19,97
Alicia,19,97
Aoibheann,19,97
Caitlyn,19,97
Claire,19,97
Faye,19,97
Jade,19,97
Mollie,19,97
Mya,19,97
Saoirse,19,97
Sorcha,18,107
Alana,17,108
Alisha,17,108
Christina,17,108
Evie,17,108
Jennifer,17,108
Meabh,17,108
Natalie,17,108
Paige,17,108
Rhiannon,17,108
Abi,16,117
Cerys,16,117
Dearbhla,16,117
Kiera,16,117
Ruth,16,117
Casey,15,122
Colleen,15,122
Demi,15,122
Kaitlyn,15,122
Kayleigh,15,122
Sasha,15,122
Alanna,14,128
Clara,14,128
Danielle,14,128
Jane,14,128
Kelly,14,128
Kirsten,14,128
Michaela,14,128
Michelle,14,128
Orlaith,14,128
Sara,14,128
Taylor,14,128
Aaliyah,13,139
Alannah,13,139
Carla,13,139
Cassie,13,139
Connie,13,139
Lois,13,139
Nadine,13,139
Phoebe,13,139
Rose,13,139
Rosie,13,139
Tori,13,139
Ava,12,150
Elle,12,150
Jenny,12,150
Kerri,12,150
Naoise,12,150
Amelia,11,155
Brianna,11,155
Carly,11,155
Chantelle,11,155
Elisha,11,155
Grainne,11,155
Jasmine,11,155
Lisa,11,155
Roise,11,155
Roisin,11,155
Ruby,11,155
Samantha,11,155
Sian,11,155
Skye,11,155
Alyssa,10,169
Caragh,10,169
Clare,10,169
Claudia,10,169
Eleanor,10,169
Elise,10,169
Helen,10,169
Joanna,10,169
Jodi,10,169
Kayla,10,169
Kelsey,10,169
Stephanie,10,169
Tia,10,169
Yasmin,10,169
Charley,9,183
Cliona,9,183
Enya,9,183
Freya,9,183
Jemma,9,183
Jody,9,183
Kathleen,9,183
Katy,9,183
Keira,9,183
Maia,9,183
Maya,9,183
Nadia,9,183
Nikita,9,183
Orlagh,9,183
Poppy,9,183
Rhea,9,183
Tegan,9,183
Aoibhinn,8,200
Charlie,8,200
Ellie-Mae,8,200
Fiona,8,200
Isabella,8,200
Jude,8,200
Lana,8,200
Shania,8,200
Stacey,8,200
Tierna,8,200
Trinity,8,200
Abbi,7,211
Aislinn,7,211
Amie,7,211
Annabel,7,211
Aoibhin,7,211
Ashleigh,7,211
Caroline,7,211
Daisy,7,211
Emer,7,211
Esther,7,211
Heather,7,211
Isabelle,7,211
Kacey,7,211
Kara,7,211
Maddison,7,211
Martha,7,211
Millie,7,211
Nicola,7,211
Rosa,7,211
Scarlett,7,211
Shona,7,211
Sienna,7,211
Susan,7,211
Tamzin,7,211
Tanya,7,211
Toni,7,211
Alix,6,237
Amy-Lee,6,237
Andrea,6,237
Angel,6,237
Aoibh,6,237
Arianna,6,237
Bobbie,6,237
Carys,6,237
Ciarrai,6,237
Dara,6,237
Dervla,6,237
Eabha,6,237
Ebony,6,237
Eloise,6,237
Emilie,6,237
Fionnuala,6,237
Hayley,6,237
Iona,6,237
Jayne,6,237
Joanne,6,237
Jorja,6,237
Keeley,6,237
Keisha,6,237
Kelsie,6,237
Kyla,6,237
Leia,6,237
Leona,6,237
Lucia,6,237
Mackenzie,6,237
Maebh,6,237
Mary-Kate,6,237
Meghan,6,237
Paris,6,237
Summer,6,237
Tammy,6,237
Tiana,6,237
Abbey,5,273
Alanah,5,273
Alison,5,273
Amelie,5,273
Ashley,5,273
Bailey,5,273
Billie,5,273
Blaithin,5,273
Blathnaid,5,273
Bonnie,5,273
Brogan,5,273
Caitriona,5,273
Carrie,5,273
Constance,5,273
Darcie,5,273
Demi-Leigh,5,273
Eadaoin,5,273
Eden,5,273
Eilis,5,273
Eireann,5,273
Eirinn,5,273
Emma-Louise,5,273
Francesca,5,273
Gracie,5,273
Honor,5,273
Imogen,5,273
Jamie,5,273
Josephine,5,273
Kaela,5,273
Karen,5,273
Keeva,5,273
Kerrie,5,273
Kirstin,5,273
Mairead,5,273
Marie,5,273
Melanie,5,273
Nikki,5,273
Nina,5,273
Riona,5,273
Seana,5,273
Siobhan,5,273
Una,5,273
Vicky,5,273
Aideen,4,316
Alexa,4,316
Ana,4,316
Anastasia,4,316
Angela,4,316
Annabelle,4,316
Arabella,4,316
Cadhla,4,316
Cait,4,316
Casie,4,316
Cate,4,316
Catriona,4,316
Charlize,4,316
Christine,4,316
Codie,4,316
Darcy,4,316
Demi-Lee,4,316
Erinn,4,316
Fay,4,316
Halle,4,316
Harriet,4,316
Heidi,4,316
Hope,4,316
Isobel,4,316
Judith,4,316
Judy,4,316
Julia,4,316
Julie,4,316
Katie-Leigh,4,316
Katlyn,4,316
Kellie,4,316
Kezia,4,316
Kirstyn,4,316
Laurie,4,316
Lauryn,4,316
Layla,4,316
Leanne,4,316
Maddie,4,316
Madeline,4,316
Marianne,4,316
Marissa,4,316
Matilda,4,316
Neamh,4,316
Oonagh,4,316
Reagan,4,316
Regan,4,316
Ria,4,316
Rosemary,4,316
Saffron,4,316
Seaneen,4,316
Serena,4,316
Siofra,4,316
Sofia,4,316
Stella,4,316
Tabitha,4,316
Xin,4,316
Aimee-Lee,3,372
Aisha,3,372
Alysha,3,372
Amanda,3,372
Antonia,3,372
Aobh,3,372
Aoibhe,3,372
April,3,372
Asha,3,372
Autumn,3,372
Becky,3,372
Billie-Jo,3,372
Broghan,3,372
Brona,3,372
Bronwyn,3,372
Caiomhe,3,372
Carmen,3,372
Carolyn,3,372
Catelyn,3,372
Cathy,3,372
Chardonnay,3,372
Cindy,3,372
Cody,3,372
Dearbhail,3,372
Deborah,3,372
Deirbhile,3,372
Donna,3,372
Drew,3,372
Edel,3,372
Elinor,3,372
Eliza,3,372
Ellie-Louise,3,372
Elyse,3,372
Emilia,3,372
Felicity,3,372
Frances,3,372
Gabriella,3,372
Gabrielle,3,372
Gina,3,372
Hallie,3,372
Hana,3,372
India,3,372
Isla,3,372
Jamie-Lee,3,372
Jean,3,372
Jena,3,372
Jersey,3,372
Jessie,3,372
Jill,3,372
Jordan,3,372
Joy,3,372
Karis,3,372
Kasey,3,372
Katharine,3,372
Katie-Lee,3,372
Keely,3,372
Keila,3,372
Kennedy,3,372
Kenzie,3,372
Keri,3,372
Kiana,3,372
Kieva,3,372
Kim,3,372
Kitty,3,372
Laoise,3,372
Larissa,3,372
Lea,3,372
Letitia,3,372
Lia,3,372
Lilli,3,372
Lola,3,372
Loren,3,372
Lori,3,372
Lucie,3,372
Macy,3,372
Maddy,3,372
Madeleine,3,372
Makenzie,3,372
Margaret,3,372
Maryam,3,372
McKenzie,3,372
Meaghan,3,372
Miya,3,372
Monica,3,372
Moya,3,372
Nancy,3,372
Nia,3,372
Orlaigh,3,372
Paula,3,372
Philippa,3,372
Reanna,3,372
Rhian,3,372
Rhianne,3,372
Rianna,3,372
Rioghnach,3,372
Roma,3,372
Sarah-Jane,3,372
Shanice,3,372
Simone,3,372
Susannah,3,372
Suzanna,3,372
Suzannah,3,372
Tanisha,3,372
Teigan,3,372
Tess,3,372
Thea,3,372
Tiernagh,3,372
Tiffany,3,372
Toluwanimi,3,372
Tori-Lee,3,372
