Name,Number of Babies,Rank
Katie,290,1
Emma,220,2
Ellie,217,3
Sophie,196,4
Niamh,189,5
Hannah,185,6
Amy,181,7
Sarah,173,8
Anna,165,9
Leah,163,10
Chloe,160,11
Aoife,156,12
Caitlin,156,12
Lucy,156,12
Rachel,151,15
Erin,149,16
Rebecca,148,17
Aimee,146,18
Jessica,143,19
Emily,128,20
Megan,128,20
Grace,125,22
Molly,114,23
Lauren,109,24
Cara,96,25
Ella,93,26
Holly,90,27
Nicole,80,28
Abigail,76,29
Eva,76,29
Shannon,76,29
Eimear,75,32
Abbie,74,33
Ciara,73,34
Charlotte,72,35
Olivia,72,35
Caoimhe,70,37
Ellen,70,37
Eve,69,39
Mia,66,40
Madison,53,41
Jodie,51,42
Laura,51,42
Zara,46,44
Aine,44,45
Bethany,43,46
Kate,40,47
Beth,39,48
Orla,38,49
Zoe,38,49
Alicia,37,51
Clodagh,37,51
Naomi,37,51
Ruby,37,51
Catherine,36,55
Courtney,36,55
Brooke,35,57
Cliodhna,35,57
Faith,34,59
Orlaith,34,59
Rebekah,34,59
Evie,33,62
Mollie,33,62
Elizabeth,32,64
Paige,31,65
Ava,30,66
Maria,30,66
Mary,30,66
Morgan,30,66
Alexandra,29,70
Amber,29,70
Hollie,28,72
Tara,28,72
Alex,27,74
Cora,27,74
Georgia,27,74
Jenna,27,74
Rhianna,27,74
Victoria,27,74
Lara,26,80
Natasha,26,80
Rachael,26,80
Isabella,25,83
Katelyn,25,83
Louise,25,83
Alice,24,86
Jasmine,24,86
Kirsten,24,86
Amelia,23,89
Kayla,23,89
Sophia,23,89
Abi,22,92
Annie,22,92
Melissa,22,92
Sinead,22,92
Kaitlyn,21,96
Kirsty,21,96
Rhiannon,21,96
Alisha,20,99
Chantelle,20,99
Gemma,20,99
Jane,20,99
Jennifer,20,99
Lois,20,99
Robyn,20,99
Casey,19,106
Samantha,19,106
Saoirse,19,106
Aisling,18,109
Daisy,18,109
Lisa,18,109
Maeve,18,109
Meabh,18,109
Abby,17,114
Bronagh,17,114
Clara,17,114
Connie,17,114
Danielle,17,114
Demi,17,114
Elle,17,114
Kacey,17,114
Lily,17,114
Michaela,17,114
Mya,17,114
Rose,17,114
Alana,16,126
Natalie,16,126
Rosie,16,126
Ruth,16,126
Sasha,16,126
Sienna,16,126
Tori,16,126
Dearbhla,15,133
Kaci,15,133
Katy,15,133
Shauna,15,133
Sorcha,15,133
Aoibhinn,14,138
Ashleigh,14,138
Caitlyn,14,138
Claire,14,138
Colleen,14,138
Faye,14,138
Grainne,14,138
Lydia,14,138
Roisin,14,138
Sara,14,138
Alanna,13,148
Aoibheann,13,148
Caragh,13,148
Carly,13,148
Cassie,13,148
Kathryn,13,148
Kelsey,13,148
Kerry,13,148
Poppy,13,148
Scarlett,13,148
Summer,13,148
Alannah,12,159
Aoibhin,12,159
Chelsea,12,159
Clare,12,159
Emer,12,159
Fiona,12,159
Kara,12,159
Kayleigh,12,159
Serena,12,159
Tia,12,159
Jayne,11,169
Jodi,11,169
Katherine,11,169
Lucie,11,169
Nikita,11,169
Phoebe,11,169
Skye,11,169
Taylor,11,169
Aaliyah,10,177
Aideen,10,177
Brianna,10,177
Carla,10,177
Cerys,10,177
Charlie,10,177
Hayley,10,177
Kerri,10,177
Lucia,10,177
Mackenzie,10,177
Maddison,10,177
Maya,10,177
Millie,10,177
Stephanie,10,177
Tierna,10,177
Toni,10,177
Abbi,9,193
Andrea,9,193
Charley,9,193
Cody,9,193
Eabha,9,193
Ebony,9,193
Elisha,9,193
Heather,9,193
Kathleen,9,193
Kiera,9,193
Orlagh,9,193
Paris,9,193
Roise,9,193
Shona,9,193
Stacey,9,193
Teagan,9,193
Aislinn,8,209
Aoibh,8,209
Blaithin,8,209
Darcy,8,209
Eadaoin,8,209
Eleanor,8,209
Gracie,8,209
Hanna,8,209
Hope,8,209
Joanne,8,209
Josie,8,209
Keeley,8,209
Martha,8,209
Nina,8,209
Shania,8,209
Sian,8,209
Tamzin,8,209
Alyssa,7,226
Annabelle,7,226
Blathnaid,7,226
Christina,7,226
Cliona,7,226
Dearbhail,7,226
Ellie-Mae,7,226
Enya,7,226
Erika,7,226
Freya,7,226
Imogen,7,226
Isabelle,7,226
Jemma,7,226
Jorja,7,226
Joy,7,226
Julia,7,226
Kaitlin,7,226
Keela,7,226
Keira,7,226
Kyla,7,226
Lia,7,226
Madeline,7,226
Melanie,7,226
Sarah-Jane,7,226
Sofia,7,226
Susan,7,226
Una,7,226
Yasmin,7,226
Aleesha,6,254
Alexandria,6,254
Aoibhe,6,254
Becky,6,254
Caroline,6,254
Charis,6,254
Chelsey,6,254
Ciarrai,6,254
Claudia,6,254
Codi,6,254
Codie,6,254
Demi-Lee,6,254
Demi-Leigh,6,254
Eden,6,254
Eimhear,6,254
Halle,6,254
Lana,6,254
Laoise,6,254
Meghan,6,254
Naoise,6,254
Nicola,6,254
Roma,6,254
Shanice,6,254
Tegan,6,254
Angel,5,278
Ashley,5,278
Billie,5,278
Carrie,5,278
Charlee,5,278
Dakota,5,278
Dara,5,278
Eireann,5,278
Elena,5,278
Eloise,5,278
Erinn,5,278
Farrah,5,278
Gabrielle,5,278
Georgina,5,278
Heidi,5,278
Isabel,5,278
Isla,5,278
Jacqueline,5,278
Jade,5,278
Katrina,5,278
Keeva,5,278
Kenzie,5,278
Kerrie,5,278
Kezia,5,278
Leia,5,278
Leona,5,278
Libby,5,278
Macy,5,278
Mairead,5,278
Meadhbh,5,278
Michelle,5,278
Muireann,5,278
Orlaigh,5,278
Riley,5,278
Riona,5,278
Rionach,5,278
Rosa,5,278
Seana,5,278
Siobhan,5,278
Trinity,5,278
Ailish,4,318
Amie,4,318
Amiee,4,318
Ana,4,318
Annabel,4,318
Autumn,4,318
Bobbi,4,318
Bonnie,4,318
Breanna,4,318
Brogan,4,318
Cadhla,4,318
Daniella,4,318
Darcey,4,318
Denise,4,318
Eileen,4,318
Felicity,4,318
Fionnuala,4,318
Gabriella,4,318
Harley,4,318
Iona,4,318
Jamie,4,318
Jazmin,4,318
Jenny,4,318
Jia,4,318
Joanna,4,318
Judith,4,318
Julie,4,318
Kadie,4,318
Kady,4,318
Karolina,4,318
Keely,4,318
Kellie,4,318
Kelly,4,318
Keri,4,318
Laila,4,318
Laurie,4,318
Lena,4,318
Lilly,4,318
Lisa-Marie,4,318
Lorna,4,318
Maggie,4,318
Maia,4,318
Maisy,4,318
Margaret,4,318
Mary-Kate,4,318
Miya,4,318
Nadine,4,318
Nia,4,318
Nuala,4,318
Patrice,4,318
Ria,4,318
Sadie,4,318
Shakira,4,318
Stella,4,318
Susannah,4,318
Tabitha,4,318
Talia,4,318
Tanisha,4,318
Therese,4,318
Abbey,3,377
Adele,3,377
Aileen,3,377
Aisha,3,377
Alison,3,377
Alix,3,377
Ally,3,377
Amanda,3,377
Amy-Leigh,3,377
Anastacia,3,377
Anita,3,377
Ann,3,377
Anna-Marie,3,377
Annalise,3,377
Anne,3,377
Anya,3,377
Asha,3,377
Bethan,3,377
Brenna,3,377
Bronwyn,3,377
Caitilin,3,377
Caitriona,3,377
Carys,3,377
Cassidy,3,377
Cayla,3,377
Chelsie,3,377
Cheyenne,3,377
Christine,3,377
Danni,3,377
Darci,3,377
Deirbhile,3,377
Dervla,3,377
Eibhlin,3,377
Eilidh,3,377
Eilis,3,377
Eilish,3,377
Elise,3,377
Ella-Rose,3,377
Ellie-Rose,3,377
Emilie,3,377
Emma-Louise,3,377
Eryn,3,377
Esther,3,377
Francesca,3,377
Gabriela,3,377
Helen,3,377
Honey,3,377
Isobel,3,377
Jamie-Leigh,3,377
Jasmin,3,377
Jill,3,377
Josephine,3,377
Karina,3,377
Karla,3,377
Kasey,3,377
Katie-Leigh,3,377
Katie-Rose,3,377
Kaylah,3,377
Kelis,3,377
Kelsie,3,377
Kenzi,3,377
Kira,3,377
Kirstyn,3,377
Kristen,3,377
Kyra,3,377
Lauryn,3,377
Leanna,3,377
Leanne,3,377
Leigh,3,377
Lola,3,377
Maddie,3,377
Marissa,3,377
Martina,3,377
Meagan,3,377
Mischa,3,377
Myah,3,377
Myia,3,377
Nakita,3,377
Nancy,3,377
Neamh,3,377
Nyah,3,377
Ocean,3,377
Orna,3,377
Pippa,3,377
Reanna,3,377
Rhea,3,377
Rianna,3,377
Saffron,3,377
Sally,3,377
Samara,3,377
Saorla,3,377
Shana,3,377
Shanna,3,377
Shauneen,3,377
Tammy,3,377
Taryn,3,377
Teighan,3,377
Tess,3,377
Thea,3,377
Tiana,3,377
Tiarna,3,377
Tiegan,3,377
Tiffany,3,377
Vanessa,3,377
Yazmin,3,377
Yvonne,3,377
