Name,Number of Babies,Rank
Sophie,265,1
Grace,234,2
Emily,206,3
Sophia,179,4
Lily,170,5
Chloe,167,6
Lucy,167,6
Jessica,164,8
Olivia,164,8
Eva,162,10
Ella,157,11
Katie,156,12
Ellie,152,13
Anna,149,14
Aoife,146,15
Emma,145,16
Mia,145,16
Ruby,143,18
Sarah,130,19
Erin,125,20
Niamh,124,21
Hannah,122,22
Cara,115,23
Leah,115,23
Ava,105,25
Molly,103,26
Aimee,91,27
Holly,91,27
Amy,89,29
Evie,86,30
Caoimhe,85,31
Megan,83,32
Amelia,81,33
Charlotte,80,34
Isabella,76,35
Abbie,70,36
Caitlin,70,36
Rebecca,69,38
Abigail,68,39
Kayla,65,40
Brooke,64,41
Hollie,62,42
Faith,61,43
Maisie,60,44
Annie,58,45
Zoe,58,45
Poppy,57,47
Isla,55,48
Cora,51,49
Rachel,51,49
Ellen,49,51
Lexi,49,51
Zara,49,51
Madison,48,54
Mya,48,54
Lauren,47,56
Eimear,43,57
Sienna,43,57
Eabha,41,59
Mollie,41,59
Scarlett,41,59
Clodagh,39,62
Eve,39,62
Freya,39,62
Nicole,39,62
Saoirse,39,62
Alice,38,67
Julia,37,68
Heidi,36,69
Bethany,34,70
Ciara,34,70
Darcy,34,70
Georgia,34,70
Kate,34,70
Summer,33,75
Daisy,32,76
Shannon,32,76
Aine,31,78
Beth,31,78
Elizabeth,31,78
Victoria,31,78
Farrah,30,82
Phoebe,30,82
Bella,29,84
Faye,29,84
Lexie,29,84
Naomi,29,84
Orla,29,84
Connie,28,89
Laura,28,89
Lucia,28,89
Rose,28,89
Alexandra,27,93
Casey,27,93
Lara,27,93
Maria,27,93
Sofia,27,93
Clara,25,98
Rebekah,25,98
Alexis,24,100
Cliodhna,24,100
Emilia,24,100
Lacey,24,100
Meabh,24,100
Robyn,24,100
Amber,23,106
Aoibheann,23,106
Cassie,23,106
Gracie,23,106
Kara,23,106
Lilly,23,106
Maja,23,106
Rosie,23,106
Imogen,22,114
Kacey,22,114
Kayleigh,22,114
Willow,22,114
Catherine,21,118
Jodie,21,118
Katelyn,21,118
Lola,21,118
Orlaith,21,118
Annabelle,20,123
Caragh,20,123
Kaci,20,123
Lydia,20,123
Alesha,19,127
Alicia,19,127
Jasmine,19,127
Lucie,19,127
Mary,19,127
Isabelle,18,132
Maya,18,132
Michaela,18,132
Alannah,17,135
Eden,17,135
Layla,17,135
Lillie,17,135
Martha,17,135
Miley,17,135
Skye,17,135
Alana,16,142
Kacie,16,142
Lena,16,142
Maddison,16,142
Tara,16,142
Hayley,15,147
Jenna,15,147
Maeve,15,147
Matilda,15,147
Paige,15,147
Savannah,15,147
Taylor,15,147
Carly,14,154
Eliza,14,154
Jorja,14,154
Kyla,14,154
Pippa,14,154
Roise,14,154
Alex,13,160
Danielle,13,160
Darcie,13,160
Lily-rose,13,160
Maisy,13,160
Melissa,13,160
Sara,13,160
Tia,13,160
Alanna,12,168
Aoibh,12,168
Aoibhe,12,168
Aoibhinn,12,168
Blathnaid,12,168
Cadhla,12,168
Courtney,12,168
Dearbhla,12,168
Iona,12,168
Katherine,12,168
Lois,12,168
Rosa,12,168
Abi,11,180
Alexa,11,180
Brianna,11,180
Esther,11,180
Hope,11,180
Macie,11,180
Nicola,11,180
Zofia,11,180
Zuzanna,11,180
Aaliyah,10,189
Alisha,10,189
Amelie,10,189
Bronagh,10,189
Charley,10,189
Darcey,10,189
Elle,10,189
Elsie,10,189
Hanna,10,189
Kaitlyn,10,189
Katy,10,189
Kelsey,10,189
Khloe,10,189
Maggie,10,189
Nina,10,189
Riona,10,189
Samantha,10,189
Sorcha,10,189
Aoibhin,9,207
Caitlyn,9,207
Carragh,9,207
Eireann,9,207
Eloise,9,207
Gabriella,9,207
Gemma,9,207
Lana,9,207
Nadia,9,207
Natalia,9,207
Penny,9,207
Rachael,9,207
Roisin,9,207
Sasha,9,207
Thea,9,207
Tilly,9,207
Wiktoria,9,207
Aisling,8,224
Angel,8,224
Annabel,8,224
Arianna,8,224
Autumn,8,224
Beatrice,8,224
Blaithin,8,224
Claudia,8,224
Demi,8,224
Emer,8,224
Emilie,8,224
Georgie,8,224
Grainne,8,224
Jennifer,8,224
Laoise,8,224
Leyla,8,224
Maia,8,224
Millie,8,224
Neve,8,224
Nikola,8,224
Sinead,8,224
Vanessa,8,224
Abby,7,246
Aideen,7,246
Aliyah,7,246
Carla,7,246
Carys,7,246
Cerys,7,246
Claire,7,246
Eirinn,7,246
Elise,7,246
Ella-rose,7,246
Ellie-mae,7,246
Fiona,7,246
Gabriela,7,246
Isabel,7,246
Jane,7,246
Jessie,7,246
Joanna,7,246
Kathryn,7,246
Kerry,7,246
Kyra,7,246
Lila,7,246
Macy,7,246
Margaret,7,246
Morgan,7,246
Naoise,7,246
Rihanna,7,246
Riley,7,246
Shania,7,246
Shauna,7,246
Tianna,7,246
Zoey,7,246
Abbey,6,277
Alyssa,6,277
Ann,6,277
Billie,6,277
Bonnie,6,277
Charlie,6,277
Chelsea,6,277
Colleen,6,277
Eilidh,6,277
Eimhear,6,277
Elena,6,277
Evelyn,6,277
Fianna,6,277
Francesca,6,277
Georgina,6,277
Hallie,6,277
India,6,277
Kaylee,6,277
Keeley,6,277
Kylie,6,277
Leona,6,277
Libby,6,277
Lottie,6,277
Maci,6,277
Meghan,6,277
Michelle,6,277
Natalie,6,277
Natasha,6,277
Nia,6,277
Orlagh,6,277
Siofra,6,277
Tiana,6,277
Tori,6,277
Yasmin,6,277
Ariana,5,311
Auguste,5,311
Belle,5,311
Bobbi,5,311
Caela,5,311
Callie,5,311
Clare,5,311
Daniella,5,311
Ebony,5,311
Eibhlin,5,311
Eilis,5,311
Eleanor,5,311
Elsa,5,311
Ema,5,311
Enya,5,311
Erica,5,311
Eva-rose,5,311
Fiadh,5,311
Florence,5,311
Gabija,5,311
Gabriele,5,311
Halle,5,311
Helen,5,311
Helena,5,311
Isobel,5,311
Kaitlin,5,311
Kamile,5,311
Kathleen,5,311
Keeva,5,311
Kiera,5,311
Kirsten,5,311
Kirsty,5,311
Leila,5,311
Lily-mae,5,311
Lori,5,311
Louise,5,311
Lyla,5,311
Mae,5,311
Maire,5,311
Mairead,5,311
Miah,5,311
Myla,5,311
Nevaeh,5,311
Rhea,5,311
Ria,5,311
Sadie,5,311
Saorla,5,311
Tamzin,5,311
Tanisha,5,311
Teagan,5,311
Teja,5,311
Viktoria,5,311
Addison,4,363
Adele,4,363
Aleksandra,4,363
Alicja,4,363
Amanda,4,363
Amiee,4,363
Ana,4,363
Andrea,4,363
Angelina,4,363
Anna-may,4,363
Ashleigh,4,363
Ashley,4,363
Ayla,4,363
Brianne,4,363
Brooklyn,4,363
Cali,4,363
Coleen,4,363
Coragh,4,363
Danni,4,363
Dara,4,363
Diana,4,363
Edie,4,363
Eibhleann,4,363
Eire,4,363
Elija,4,363
Ellie-rose,4,363
Emilija,4,363
Erinn,4,363
Esme,4,363
Gabrielle,4,363
Goda,4,363
Honor,4,363
Jamie,4,363
Jayla,4,363
Jenny,4,363
Jersey,4,363
Jesse,4,363
Jodi,4,363
Kadie,4,363
Karis,4,363
Karlie,4,363
Karolina,4,363
Kasey,4,363
Keisha,4,363
Kelly,4,363
Kendra,4,363
Kerrie,4,363
Kezia,4,363
Kimberly,4,363
Kinga,4,363
Leigha,4,363
Liliana,4,363
Lisa,4,363
Macey,4,363
Madeleine,4,363
Mary-kate,4,363
Meaghan,4,363
Mila,4,363
Miriam,4,363
Miya,4,363
Nancy,4,363
Oliwia,4,363
Patrycja,4,363
Paulina,4,363
Peyton,4,363
Poppie,4,363
Regan,4,363
Ruth,4,363
Rylee,4,363
Sadhbh,4,363
Sally,4,363
Sarah-jane,4,363
Seana,4,363
Serena,4,363
Sierra,4,363
Stella,4,363
Stephanie,4,363
Susanna,4,363
Talia,4,363
Tess,4,363
Tiarna,4,363
Abbi,3,444
Adriana,3,444
Agata,3,444
Aime,3,444
Aimee-lee,3,444
Aimee-rose,3,444
Aishlinn,3,444
Aislinn,3,444
Anna-rose,3,444
Anya,3,444
April,3,444
Arabella,3,444
Bailey,3,444
Beibhinn,3,444
Bethan,3,444
Brannagh,3,444
Brea,3,444
Cailyn,3,444
Caitriona,3,444
Carrie,3,444
Cayla,3,444
Charis,3,444
Christina,3,444
Cliona,3,444
Codie,3,444
Dakota,3,444
Dana,3,444
Daria,3,444
Dearbhaile,3,444
Eadaoin,3,444
Effie,3,444
Elisha,3,444
Ellie-may,3,444
Emme,3,444
Emmie,3,444
Eryn,3,444
Etain,3,444
Farah,3,444
Fia,3,444
Fionnuala,3,444
Hana,3,444
Harley,3,444
Harriet,3,444
Indi,3,444
Jade,3,444
Jasmin,3,444
Jazmin,3,444
Jemima,3,444
Jemma,3,444
Jill,3,444
Johanna,3,444
Joni,3,444
Josie,3,444
Joy,3,444
Juno,3,444
Kaela,3,444
Kaia,3,444
Kaileigh,3,444
Kaja,3,444
Karina,3,444
Karla,3,444
Katie-leigh,3,444
Katie-louise,3,444
Katrina,3,444
Kayley,3,444
Keira,3,444
Kimberley,3,444
Laila,3,444
Lilianna,3,444
Lillianna,3,444
Lilly-mae,3,444
Lily-may,3,444
Lorelai,3,444
Louisa,3,444
Luci,3,444
Maddie,3,444
Maiya,3,444
Marissa,3,444
Martina,3,444
Marykate,3,444
Mckenzie,3,444
Meadhbh,3,444
Miley-rose,3,444
Naomh,3,444
Nikita,3,444
Nikole,3,444
Nora,3,444
Patricia,3,444
Paula,3,444
Peggy,3,444
Pixie,3,444
Poppi,3,444
Quinn,3,444
Rosanna,3,444
Rowan,3,444
Sandra,3,444
Scarlet,3,444
Shanice,3,444
Sheila,3,444
Shirley,3,444
Sian,3,444
Susan,3,444
Tabitha,3,444
Tamara,3,444
Tegan,3,444
Teresa,3,444
Therese,3,444
Toni,3,444
Trinity,3,444
Tulisa,3,444
Ugne,3,444
Una,3,444
Urte,3,444
Vanesa,3,444
Vilte,3,444
Violet,3,444
Vivien,3,444
Weronika,3,444
Xin,3,444
Yvie,3,444
Zarah,3,444
Ziva,3,444
