Name,Number of Babies,Rank
Sophie,250,1
Emily,218,2
Grace,198,3
Amelia,186,4
Jessica,173,5
Sophia,173,5
Lucy,172,7
Katie,163,8
Eva,162,9
Aoife,153,10
Chloe,143,11
Ella,141,12
Lily,140,13
Olivia,140,13
Mia,139,15
Ellie,136,16
Anna,134,17
Emma,134,17
Erin,133,19
Sarah,120,20
Hannah,114,21
Ruby,111,22
Cara,106,23
Leah,100,24
Molly,97,25
Ava,89,26
Holly,88,27
Charlotte,82,28
Niamh,81,29
Evie,78,30
Isabella,76,31
Isla,76,31
Caitlin,75,33
Amy,71,34
Caoimhe,68,35
Zara,68,35
Mollie,66,37
Abbie,64,38
Megan,64,38
Poppy,63,40
Aimee,62,41
Hollie,62,41
Annie,60,43
Maisie,59,44
Eimear,55,45
Georgia,55,45
Brooke,54,47
Sofia,51,48
Mya,50,49
Abigail,49,50
Madison,49,50
Zoe,49,50
Rebecca,48,53
Lexi,47,54
Faith,46,55
Lauren,46,55
Rose,46,55
Scarlett,46,55
Ellen,44,59
Sienna,44,59
Bethany,42,61
Clodagh,41,62
Freya,41,62
Eve,40,64
Rachel,40,64
Bella,39,66
Phoebe,39,66
Faye,38,68
Lacey,38,68
Farrah,37,70
Cora,36,71
Eabha,36,71
Elizabeth,35,73
Kayla,35,73
Lola,35,73
Daisy,33,76
Clara,32,77
Orlaith,32,77
Lydia,31,79
Miley,31,79
Gracie,30,81
Nicole,30,81
Saoirse,30,81
Alexis,29,84
Alice,29,84
Darcy,29,84
Meabh,29,84
Summer,29,84
Catherine,28,89
Lara,28,89
Layla,28,89
Lucia,28,89
Rosie,28,89
Beth,27,94
Eden,27,94
Heidi,27,94
Naomi,27,94
Kate,26,98
Laura,26,98
Aine,25,100
Shannon,25,100
Alexandra,24,102
Amber,24,102
Cassie,24,102
Jasmine,24,102
Casey,23,106
Lilly,23,106
Paige,23,106
Aoibheann,22,109
Ciara,22,109
Emilia,22,109
Isabelle,22,109
Lexie,22,109
Maria,22,109
Alicia,20,115
Aoibhe,20,115
Cliodhna,20,115
Julia,20,115
Maja,20,115
Maya,20,115
Rosa,20,115
Skye,20,115
Connie,19,123
Orla,19,123
Tara,19,123
Aoibhinn,18,126
Jenna,18,126
Robyn,18,126
Lucie,17,129
Tilly,17,129
Courtney,16,131
Darcey,16,131
Lena,16,131
Martha,16,131
Victoria,16,131
Gabriella,15,136
Kaitlyn,15,136
Melissa,15,136
Cadhla,14,139
Kara,14,139
Maddie,14,139
Mary,14,139
Quinn,14,139
Rebekah,14,139
Saorlaith,14,139
Aaliyah,13,146
Alesha,13,146
Alex,13,146
Alyssa,13,146
Amelie,13,146
Autumn,13,146
Elena,13,146
Eliza,13,146
Elsie,13,146
Gabrielle,13,146
Imogen,13,146
Lillie,13,146
Maddison,13,146
Maggie,13,146
Sara,13,146
Taylor,13,146
Willow,13,146
Aisling,12,163
Alisha,12,163
Fianna,12,163
Kacey,12,163
Maci,12,163
Matilda,12,163
Natalia,12,163
Tia,12,163
Vanessa,12,163
Annabel,11,172
Brianna,11,172
Dearbhla,11,172
Fiadh,11,172
Hope,11,172
Jessie,11,172
Jorgie,11,172
Katelyn,11,172
Khloe,11,172
Lyla,11,172
Maeve,11,172
Millie,11,172
Myah,11,172
Myla,11,172
Tori,11,172
Alanna,10,187
Annabelle,10,187
Caragh,10,187
Carly,10,187
Chelsea,10,187
Darcie,10,187
Eireann,10,187
Elise,10,187
Emer,10,187
Gemma,10,187
Jennifer,10,187
Jodie,10,187
Kaci,10,187
Roisin,10,187
Teagan,10,187
Tianna,10,187
Alexa,9,203
April,9,203
Aria,9,203
Caitlyn,9,203
Charley,9,203
Eleanor,9,203
Hanna,9,203
Harriet,9,203
Jorja,9,203
Katherine,9,203
Kathleen,9,203
Kayleigh,9,203
Kelsey,9,203
Lana,9,203
Leona,9,203
Lila,9,203
Lily-rose,9,203
Lottie,9,203
Louisa,9,203
Macey,9,203
Macy,9,203
Michaela,9,203
Natasha,9,203
Pippa,9,203
Rachael,9,203
Tegan,9,203
Abby,8,229
Alannah,8,229
Alicja,8,229
Ana,8,229
Aoibh,8,229
Ayla,8,229
Blaithin,8,229
Bonnie,8,229
Bronagh,8,229
Charlie,8,229
Cliona,8,229
Dakota,8,229
Danielle,8,229
Ella-rose,8,229
Eloise,8,229
Emily-rose,8,229
Emme,8,229
Enya,8,229
Florence,8,229
Hayley,8,229
Iona,8,229
Kyla,8,229
Kyra,8,229
Leila,8,229
Libby,8,229
Lois,8,229
Macie,8,229
Maisy,8,229
Mylie,8,229
Natalie,8,229
Orlagh,8,229
Ria,8,229
Roise,8,229
Rylee,8,229
Sadie,8,229
Savannah,8,229
Shauna,8,229
Siofra,8,229
Yasmin,8,229
Arya,7,268
Carla,7,268
Claire,7,268
Elle,7,268
Ellie-rose,7,268
Felicity,7,268
Frankie,7,268
Grainne,7,268
Hallie,7,268
Isobel,7,268
Jade,7,268
Joanna,7,268
Keeley,7,268
Keira,7,268
Kelly,7,268
Lacie,7,268
Leigha,7,268
Lily-mae,7,268
Margaret,7,268
Meghan,7,268
Miah,7,268
Mila,7,268
Morgan,7,268
Muireann,7,268
Nevaeh,7,268
Nicola,7,268
Polly,7,268
Samanta,7,268
Stella,7,268
Abbey,6,297
Belle,6,297
Brooklyn,6,297
Cerys,6,297
Darci,6,297
Demi,6,297
Ebony,6,297
Emelia,6,297
Emilie,6,297
Eryn,6,297
Fionnuala,6,297
Harper,6,297
Ivy,6,297
Jenny,6,297
Kacie,6,297
Katy,6,297
Kaylee,6,297
Laila,6,297
Louise,6,297
Milena,6,297
Miya,6,297
Naoise,6,297
Nina,6,297
Penny,6,297
Rhea,6,297
Ruth,6,297
Samantha,6,297
Scarlet,6,297
Shona,6,297
Sorcha,6,297
Tierna,6,297
Violet,6,297
Zuzanna,6,297
Abi,5,330
Aideen,5,330
Aleisha,5,330
Amira,5,330
Andrea,5,330
Angel,5,330
Angela,5,330
Angelina,5,330
Arianna,5,330
Caila,5,330
Cait,5,330
Callie,5,330
Cayla,5,330
Claudia,5,330
Dara,5,330
Eadaoin,5,330
Eileen,5,330
Eliana,5,330
Ellie-mae,5,330
Ellie-may,5,330
Elsa,5,330
Erica,5,330
Evelyn,5,330
Gabriela,5,330
Genevieve,5,330
India,5,330
Izzy,5,330
Jane,5,330
Josie,5,330
Kaitlin,5,330
Kamile,5,330
Karis,5,330
Kathryn,5,330
Keeva,5,330
Kiara,5,330
Kirsten,5,330
Kora,5,330
Maebh,5,330
Maia,5,330
Mea,5,330
Meah,5,330
Nikola,5,330
Oliwia,5,330
Rhia,5,330
Riley,5,330
Saorla,5,330
Sasha,5,330
Savanna,5,330
Sinead,5,330
Tulisa,5,330
Una,5,330
Weronika,5,330
Wiktoria,5,330
Ailbhe,4,383
Aislinn,4,383
Alana,4,383
Ariana,4,383
Aurora,4,383
Beatrice,4,383
Blathnaid,4,383
Brogan,4,383
Carmen,4,383
Carys,4,383
Chelsey,4,383
Claragh,4,383
Clare,4,383
Colleen,4,383
Daria,4,383
Dervla,4,383
Devon,4,383
Eimhear,4,383
Eirinn,4,383
Emilija,4,383
Esme,4,383
Francesca,4,383
Gabriele,4,383
Georgie,4,383
Hailey,4,383
Halle,4,383
Harley,4,383
Honor,4,383
Indi,4,383
Juliette,4,383
Kaiya,4,383
Karina,4,383
Katarzyna,4,383
Kelsie,4,383
Kimberley,4,383
Kourtney,4,383
Laci,4,383
Leja,4,383
Liliana,4,383
Lilly-rose,4,383
Lily-may,4,383
Lyra,4,383
Mairead,4,383
Milana,4,383
Nadia,4,383
Nadine,4,383
Paula,4,383
Paulina,4,383
Penelope,4,383
Peyton,4,383
Rihanna,4,383
Riona,4,383
Rubie,4,383
Sadhbh,4,383
Saffron,4,383
Safiya,4,383
Samara,4,383
Scarlett-rose,4,383
Serena,4,383
Skylar,4,383
Teaghan,4,383
Tess,4,383
Tessa,4,383
Tiana,4,383
Tiarna,4,383
Toni,4,383
Viktoria,4,383
Zoey,4,383
Abbi,3,451
Aimee-leigh,3,451
Aisha,3,451
Alexandria,3,451
Aliya,3,451
Amelia-rose,3,451
Annabella,3,451
Annie-rose,3,451
Aoibhin,3,451
Arina,3,451
Ashleigh,3,451
Austeja,3,451
Beibhinn,3,451
Bethan,3,451
Bianka,3,451
Bobbi,3,451
Bobbie,3,451
Broghan,3,451
Caela,3,451
Caiti,3,451
Cassidy,3,451
Ceili,3,451
Chantelle,3,451
Christina,3,451
Ciarrai,3,451
Crystal,3,451
Daniela,3,451
Danika,3,451
Darla,3,451
Deborah,3,451
Edie,3,451
Eilidh,3,451
Eilish,3,451
Elisha,3,451
Ella-louise,3,451
Ellie-grace,3,451
Emeli,3,451
Emilee,3,451
Emmie,3,451
Erinn,3,451
Esther,3,451
Etain,3,451
Eva-rose,3,451
Evelina,3,451
Farah,3,451
Fatima,3,451
Fia,3,451
Fiona,3,451
Georgina,3,451
Goda,3,451
Gracie-mae,3,451
Helena,3,451
Isobelle,3,451
Jacinta,3,451
Jersey,3,451
Jill,3,451
Jodi,3,451
Johanna,3,451
Joy,3,451
Karolina,3,451
Katie-rose,3,451
Kaycee,3,451
Kayla-rose,3,451
Kayley,3,451
Kim,3,451
Kimberly,3,451
Kitty,3,451
Klara,3,451
Klaudia,3,451
Kristen,3,451
Lexi-rose,3,451
Lily-anna,3,451
Lily-anne,3,451
Linda,3,451
Madeleine,3,451
Madisson,3,451
Mae,3,451
Maizie,3,451
Martyna,3,451
Mary-kate,3,451
Maryam,3,451
Michelle,3,451
Miriam,3,451
Moya,3,451
Nancy,3,451
Neala,3,451
Nela,3,451
Nikita,3,451
Nuala,3,451
Oonagh,3,451
Patrycja,3,451
Priya,3,451
Reese,3,451
Rioghnach,3,451
Robin,3,451
Roxanne,3,451
Rua,3,451
Sarah-louise,3,451
Saskia,3,451
Seren,3,451
Serenity,3,451
Sian,3,451
Skyler,3,451
Stacey,3,451
Teja,3,451
Thea,3,451
Trinity,3,451
Yazmin,3,451
Zofia,3,451
