﻿osgb4000000074335935,http://data.ordnancesurvey.co.uk/id/4000000074335935,Voe,,,,populatedPlace,Hamlet,433507.620,1181090.580,5000,25000,433264.640,1180857.341,433764.640,1181357.341,ZE2,http://data.ordnancesurvey.co.uk/id/postcodedistrict/ZE2,,,,,,,Shetland Islands,http://data.ordnancesurvey.co.uk/id/7000000000030514,http://data.ordnancesurvey.co.uk/ontology/admingeo/UnitaryAuthority,Scotland,http://data.ordnancesurvey.co.uk/id/7000000000041429,Scotland,http://data.ordnancesurvey.co.uk/id/country/scotland,,,http://sws.geonames.org/2634946
osgb4000000074335923,http://data.ordnancesurvey.co.uk/id/4000000074335923,Housetter,,,,populatedPlace,Hamlet,436409.080,1184645.310,5000,25000,436272.448,1184191.458,436925.523,1185121.472,ZE2,http://data.ordnancesurvey.co.uk/id/postcodedistrict/ZE2,,,,,,,Shetland Islands,http://data.ordnancesurvey.co.uk/id/7000000000030514,http://data.ordnancesurvey.co.uk/ontology/admingeo/UnitaryAuthority,Scotland,http://data.ordnancesurvey.co.uk/id/7000000000041429,Scotland,http://data.ordnancesurvey.co.uk/id/country/scotland,,,http://sws.geonames.org/2646509
osgb4000000074335636,http://data.ordnancesurvey.co.uk/id/4000000074335636,Skelberry,,,,populatedPlace,Other Settlement,436438.700,1186540.500,15000,25000,436180.357,1186329.334,436680.357,1186829.334,ZE2,http://data.ordnancesurvey.co.uk/id/postcodedistrict/ZE2,,,,,,,Shetland Islands,http://data.ordnancesurvey.co.uk/id/7000000000030514,http://data.ordnancesurvey.co.uk/ontology/admingeo/UnitaryAuthority,Scotland,http://data.ordnancesurvey.co.uk/id/7000000000041429,Scotland,http://data.ordnancesurvey.co.uk/id/country/scotland,,,
osgb4000000074541555,http://data.ordnancesurvey.co.uk/id/4000000074541555,Scarff,,,,populatedPlace,Other Settlement,424446.000,1180100.000,15000,25000,424188.691,1179866.525,424688.691,1180366.525,ZE2,http://data.ordnancesurvey.co.uk/id/postcodedistrict/ZE2,,,,,,,Shetland Islands,http://data.ordnancesurvey.co.uk/id/7000000000030514,http://data.ordnancesurvey.co.uk/ontology/admingeo/UnitaryAuthority,Scotland,http://data.ordnancesurvey.co.uk/id/7000000000041429,Scotland,http://data.ordnancesurvey.co.uk/id/country/scotland,,,
osgb4000000074555376,http://data.ordnancesurvey.co.uk/id/4000000074555376,North Roe,,,,populatedPlace,Village,436774.020,1189342.290,12000,250000,436009.999,1188248.327,437396.101,1190151.292,ZE2,http://data.ordnancesurvey.co.uk/id/postcodedistrict/ZE2,,,,,,,Shetland Islands,http://data.ordnancesurvey.co.uk/id/7000000000030514,http://data.ordnancesurvey.co.uk/ontology/admingeo/UnitaryAuthority,Scotland,http://data.ordnancesurvey.co.uk/id/7000000000041429,Scotland,http://data.ordnancesurvey.co.uk/id/country/scotland,,http://dbpedia.org/resource/North_Roe,http://sws.geonames.org/2641273
osgb4000000074555022,http://data.ordnancesurvey.co.uk/id/4000000074555022,Heylor,,,,populatedPlace,Hamlet,429374.600,1180799.270,5000,25000,428917.367,1180541.793,429792.077,1181124.936,ZE2,http://data.ordnancesurvey.co.uk/id/postcodedistrict/ZE2,,,,,,,Shetland Islands,http://data.ordnancesurvey.co.uk/id/7000000000030514,http://data.ordnancesurvey.co.uk/ontology/admingeo/UnitaryAuthority,Scotland,http://data.ordnancesurvey.co.uk/id/7000000000041429,Scotland,http://data.ordnancesurvey.co.uk/id/country/scotland,,,
osgb4000000074555380,http://data.ordnancesurvey.co.uk/id/4000000074555380,Hamnavoe,,,,populatedPlace,Hamlet,423748.000,1180615.000,5000,25000,423537.220,1180311.901,424037.220,1180811.901,ZE2,http://data.ordnancesurvey.co.uk/id/postcodedistrict/ZE2,,,,,,,Shetland Islands,http://data.ordnancesurvey.co.uk/id/7000000000030514,http://data.ordnancesurvey.co.uk/ontology/admingeo/UnitaryAuthority,Scotland,http://data.ordnancesurvey.co.uk/id/7000000000041429,Scotland,http://data.ordnancesurvey.co.uk/id/country/scotland,,,
osgb4000000074555377,http://data.ordnancesurvey.co.uk/id/4000000074555377,Sandvoe,,,,populatedPlace,Other Settlement,436152.910,1190899.010,15000,25000,435883.749,1190657.231,436383.749,1191157.231,ZE2,http://data.ordnancesurvey.co.uk/id/postcodedistrict/ZE2,,,,,,,Shetland Islands,http://data.ordnancesurvey.co.uk/id/7000000000030514,http://data.ordnancesurvey.co.uk/ontology/admingeo/UnitaryAuthority,Scotland,http://data.ordnancesurvey.co.uk/id/7000000000041429,Scotland,http://data.ordnancesurvey.co.uk/id/country/scotland,,,
osgb4000000074555019,http://data.ordnancesurvey.co.uk/id/4000000074555019,Ollaberry,,,,populatedPlace,Village,436110.000,1180306.000,8000,250000,435730.187,1179710.851,436734.493,1180913.796,ZE2,http://data.ordnancesurvey.co.uk/id/postcodedistrict/ZE2,,,,,,,Shetland Islands,http://data.ordnancesurvey.co.uk/id/7000000000030514,http://data.ordnancesurvey.co.uk/ontology/admingeo/UnitaryAuthority,Scotland,http://data.ordnancesurvey.co.uk/id/7000000000041429,Scotland,http://data.ordnancesurvey.co.uk/id/country/scotland,,,http://sws.geonames.org/2640979
osgb4000000074335813,http://data.ordnancesurvey.co.uk/id/4000000074335813,Isbister,,,,populatedPlace,Other Settlement,437163.240,1190964.580,15000,25000,436911.232,1190718.333,437411.232,1191218.333,ZE2,http://data.ordnancesurvey.co.uk/id/postcodedistrict/ZE2,,,,,,,Shetland Islands,http://data.ordnancesurvey.co.uk/id/7000000000030514,http://data.ordnancesurvey.co.uk/ontology/admingeo/UnitaryAuthority,Scotland,http://data.ordnancesurvey.co.uk/id/7000000000041429,Scotland,http://data.ordnancesurvey.co.uk/id/country/scotland,,,
ZE29RL,http://data.ordnancesurvey.co.uk/id/postcodeunit/ZE29RL,ZE2 9RL,,,,other,Postcode,429458.000,1180809.000,3500,18000,,,,,,,Heylor,http://data.ordnancesurvey.co.uk/id/4000000074555022,http://www.ordnancesurvey.co.uk/xml/codelists/localtype.xml#hamlet,,,,Shetland Islands,http://data.ordnancesurvey.co.uk/id/7000000000030514,http://data.ordnancesurvey.co.uk/ontology/admingeo/UnitaryAuthority,Scotland,http://data.ordnancesurvey.co.uk/id/7000000000041429,Scotland,http://data.ordnancesurvey.co.uk/id/country/scotland,,,
ZE29SA,http://data.ordnancesurvey.co.uk/id/postcodeunit/ZE29SA,ZE2 9SA,,,,other,Postcode,436647.000,1180622.000,3500,18000,,,,,,,Ollaberry,http://data.ordnancesurvey.co.uk/id/4000000074555019,http://www.ordnancesurvey.co.uk/xml/codelists/localtype.xml#village,,,,Shetland Islands,http://data.ordnancesurvey.co.uk/id/7000000000030514,http://data.ordnancesurvey.co.uk/ontology/admingeo/UnitaryAuthority,Scotland,http://data.ordnancesurvey.co.uk/id/7000000000041429,Scotland,http://data.ordnancesurvey.co.uk/id/country/scotland,,,
ZE29RZ,http://data.ordnancesurvey.co.uk/id/postcodeunit/ZE29RZ,ZE2 9RZ,,,,other,Postcode,436673.000,1185041.000,3500,18000,,,,,,,Housetter,http://data.ordnancesurvey.co.uk/id/4000000074335923,http://www.ordnancesurvey.co.uk/xml/codelists/localtype.xml#hamlet,,,,Shetland Islands,http://data.ordnancesurvey.co.uk/id/7000000000030514,http://data.ordnancesurvey.co.uk/ontology/admingeo/UnitaryAuthority,Scotland,http://data.ordnancesurvey.co.uk/id/7000000000041429,Scotland,http://data.ordnancesurvey.co.uk/id/country/scotland,,,
ZE29XG,http://data.ordnancesurvey.co.uk/id/postcodeunit/ZE29XG,ZE2 9XG,,,,other,Postcode,436402.000,1189333.000,3500,18000,,,,,,,North Roe,http://data.ordnancesurvey.co.uk/id/4000000074555376,http://www.ordnancesurvey.co.uk/xml/codelists/localtype.xml#village,,,,Shetland Islands,http://data.ordnancesurvey.co.uk/id/7000000000030514,http://data.ordnancesurvey.co.uk/ontology/admingeo/UnitaryAuthority,Scotland,http://data.ordnancesurvey.co.uk/id/7000000000041429,Scotland,http://data.ordnancesurvey.co.uk/id/country/scotland,,,
ZE29RX,http://data.ordnancesurvey.co.uk/id/postcodeunit/ZE29RX,ZE2 9RX,,,,other,Postcode,434301.000,1182411.000,3500,18000,,,,,,,,,,,,,Shetland Islands,http://data.ordnancesurvey.co.uk/id/7000000000030514,http://data.ordnancesurvey.co.uk/ontology/admingeo/UnitaryAuthority,Scotland,http://data.ordnancesurvey.co.uk/id/7000000000041429,Scotland,http://data.ordnancesurvey.co.uk/id/country/scotland,,,
ZE29RY,http://data.ordnancesurvey.co.uk/id/postcodeunit/ZE29RY,ZE2 9RY,,,,other,Postcode,436704.000,1189486.000,3500,18000,,,,,,,North Roe,http://data.ordnancesurvey.co.uk/id/4000000074555376,http://www.ordnancesurvey.co.uk/xml/codelists/localtype.xml#village,,,,Shetland Islands,http://data.ordnancesurvey.co.uk/id/7000000000030514,http://data.ordnancesurvey.co.uk/ontology/admingeo/UnitaryAuthority,Scotland,http://data.ordnancesurvey.co.uk/id/7000000000041429,Scotland,http://data.ordnancesurvey.co.uk/id/country/scotland,,,
fbbf4fda-f14a-4105-b04d-590b18b90fa2,http://data.ordnancesurvey.co.uk/id/fbbf4fda-f14a-4105-b04d-590b18b90fa2,Runnadale,,,,transportNetwork,Section Of Named Road,436664.900,1180641.044,1000,25000,436616.000,1180605.309,436726.556,1180666.710,ZE2,http://data.ordnancesurvey.co.uk/id/postcodedistrict/ZE2,Ollaberry,http://data.ordnancesurvey.co.uk/id/4000000074555019,http://www.ordnancesurvey.co.uk/xml/codelists/localtype.xml#village,,,,Shetland Islands,http://data.ordnancesurvey.co.uk/id/7000000000030514,http://data.ordnancesurvey.co.uk/ontology/admingeo/UnitaryAuthority,Scotland,http://data.ordnancesurvey.co.uk/id/7000000000041429,Scotland,http://data.ordnancesurvey.co.uk/id/country/scotland,osgb4000000003224743,,
osgb5000005105269751,http://data.ordnancesurvey.co.uk/id/5000005105269751,Anniesland,,,,transportNetwork,Named Road,436455.610,1189356.633,1000,20000,436427.690,1189356.633,436455.610,1189356.898,ZE2,http://data.ordnancesurvey.co.uk/id/postcodedistrict/ZE2,North Roe,http://data.ordnancesurvey.co.uk/id/4000000074555376,http://www.ordnancesurvey.co.uk/xml/codelists/localtype.xml#village,,,,Shetland Islands,http://data.ordnancesurvey.co.uk/id/7000000000030514,http://data.ordnancesurvey.co.uk/ontology/admingeo/UnitaryAuthority,Scotland,http://data.ordnancesurvey.co.uk/id/7000000000041429,Scotland,http://data.ordnancesurvey.co.uk/id/country/scotland,,,
osgb4000000003224743,http://data.ordnancesurvey.co.uk/id/4000000003224743,Runnadale,,,,transportNetwork,Named Road,436664.900,1180641.044,1000,20000,436616.000,1180605.309,436731.797,1180666.710,ZE2,http://data.ordnancesurvey.co.uk/id/postcodedistrict/ZE2,Ollaberry,http://data.ordnancesurvey.co.uk/id/4000000074555019,http://www.ordnancesurvey.co.uk/xml/codelists/localtype.xml#village,,,,Shetland Islands,http://data.ordnancesurvey.co.uk/id/7000000000030514,http://data.ordnancesurvey.co.uk/ontology/admingeo/UnitaryAuthority,Scotland,http://data.ordnancesurvey.co.uk/id/7000000000041429,Scotland,http://data.ordnancesurvey.co.uk/id/country/scotland,,,
ZE29RT,http://data.ordnancesurvey.co.uk/id/postcodeunit/ZE29RT,ZE2 9RT,,,,other,Postcode,436140.000,1180059.000,3500,18000,,,,,,,Ollaberry,http://data.ordnancesurvey.co.uk/id/4000000074555019,http://www.ordnancesurvey.co.uk/xml/codelists/localtype.xml#village,,,,Shetland Islands,http://data.ordnancesurvey.co.uk/id/7000000000030514,http://data.ordnancesurvey.co.uk/ontology/admingeo/UnitaryAuthority,Scotland,http://data.ordnancesurvey.co.uk/id/7000000000041429,Scotland,http://data.ordnancesurvey.co.uk/id/country/scotland,,,
