﻿osgb4000000074541568,http://data.ordnancesurvey.co.uk/id/4000000074541568,Punds,,,,populatedPlace,Suburban Area,440386.352,1111481.189,1000,25000,440153.927,1111206.737,440653.927,1111706.737,ZE3,http://data.ordnancesurvey.co.uk/id/postcodedistrict/ZE3,,,,,,,Shetland Islands,http://data.ordnancesurvey.co.uk/id/7000000000030514,http://data.ordnancesurvey.co.uk/ontology/admingeo/UnitaryAuthority,Scotland,http://data.ordnancesurvey.co.uk/id/7000000000041429,Scotland,http://data.ordnancesurvey.co.uk/id/country/scotland,,,
osgb4000000074541577,http://data.ordnancesurvey.co.uk/id/4000000074541577,Southpunds,,,,populatedPlace,Suburban Area,440974.530,1119726.020,5000,25000,440546.960,1119607.475,441094.918,1120336.406,ZE2,http://data.ordnancesurvey.co.uk/id/postcodedistrict/ZE2,,,,,,,Shetland Islands,http://data.ordnancesurvey.co.uk/id/7000000000030514,http://data.ordnancesurvey.co.uk/ontology/admingeo/UnitaryAuthority,Scotland,http://data.ordnancesurvey.co.uk/id/7000000000041429,Scotland,http://data.ordnancesurvey.co.uk/id/country/scotland,,,
osgb4000000074555369,http://data.ordnancesurvey.co.uk/id/4000000074555369,Grutness,,,,populatedPlace,Other Settlement,440553.000,1110089.000,15000,25000,440263.851,1109758.383,440763.851,1110258.383,ZE3,http://data.ordnancesurvey.co.uk/id/postcodedistrict/ZE3,,,,,,,Shetland Islands,http://data.ordnancesurvey.co.uk/id/7000000000030514,http://data.ordnancesurvey.co.uk/ontology/admingeo/UnitaryAuthority,Scotland,http://data.ordnancesurvey.co.uk/id/7000000000041429,Scotland,http://data.ordnancesurvey.co.uk/id/country/scotland,,http://dbpedia.org/resource/Grutness,
osgb4000000074555009,http://data.ordnancesurvey.co.uk/id/4000000074555009,Sumburgh,,,,populatedPlace,Other Settlement,440030.920,1110536.740,15000,25000,439787.705,1109293.257,440419.227,1110716.020,ZE3,http://data.ordnancesurvey.co.uk/id/postcodedistrict/ZE3,,,,,,,Shetland Islands,http://data.ordnancesurvey.co.uk/id/7000000000030514,http://data.ordnancesurvey.co.uk/ontology/admingeo/UnitaryAuthority,Scotland,http://data.ordnancesurvey.co.uk/id/7000000000041429,Scotland,http://data.ordnancesurvey.co.uk/id/country/scotland,,,http://sws.geonames.org/2636544
ZE39JN,http://data.ordnancesurvey.co.uk/id/postcodeunit/ZE39JN,ZE3 9JN,,,,other,Postcode,440383.000,1109391.000,3500,18000,,,,,,,,,,,,,Shetland Islands,http://data.ordnancesurvey.co.uk/id/7000000000030514,http://data.ordnancesurvey.co.uk/ontology/admingeo/UnitaryAuthority,Scotland,http://data.ordnancesurvey.co.uk/id/7000000000041429,Scotland,http://data.ordnancesurvey.co.uk/id/country/scotland,,,
ZE29JQ,http://data.ordnancesurvey.co.uk/id/postcodeunit/ZE29JQ,ZE2 9JQ,,,,other,Postcode,440184.000,1116576.000,3500,18000,,,,,,,,,,,,,Shetland Islands,http://data.ordnancesurvey.co.uk/id/7000000000030514,http://data.ordnancesurvey.co.uk/ontology/admingeo/UnitaryAuthority,Scotland,http://data.ordnancesurvey.co.uk/id/7000000000041429,Scotland,http://data.ordnancesurvey.co.uk/id/country/scotland,,,
ZE29JJ,http://data.ordnancesurvey.co.uk/id/postcodeunit/ZE29JJ,ZE2 9JJ,,,,other,Postcode,440397.000,1115578.000,3500,18000,,,,,,,Boddam,http://data.ordnancesurvey.co.uk/id/4000000074335762,http://www.ordnancesurvey.co.uk/xml/codelists/localtype.xml#village,,,,Shetland Islands,http://data.ordnancesurvey.co.uk/id/7000000000030514,http://data.ordnancesurvey.co.uk/ontology/admingeo/UnitaryAuthority,Scotland,http://data.ordnancesurvey.co.uk/id/7000000000041429,Scotland,http://data.ordnancesurvey.co.uk/id/country/scotland,,,
osgb4000000003222293,http://data.ordnancesurvey.co.uk/id/4000000003222293,Dalsetter Wynd,,,,transportNetwork,Named Road,440383.000,1115583.000,2000,20000,440254.000,1115513.000,440547.000,1115653.000,ZE2,http://data.ordnancesurvey.co.uk/id/postcodedistrict/ZE2,Boddam,http://data.ordnancesurvey.co.uk/id/4000000074335762,http://www.ordnancesurvey.co.uk/xml/codelists/localtype.xml#village,,,,Shetland Islands,http://data.ordnancesurvey.co.uk/id/7000000000030514,http://data.ordnancesurvey.co.uk/ontology/admingeo/UnitaryAuthority,Scotland,http://data.ordnancesurvey.co.uk/id/7000000000041429,Scotland,http://data.ordnancesurvey.co.uk/id/country/scotland,,,
