﻿osgb4000000074555012,http://data.ordnancesurvey.co.uk/id/4000000074555012,Sella Ness,,,,populatedPlace,Other Settlement,440128.000,1173105.000,15000,25000,439612.077,1172682.282,440470.330,1174084.491,ZE2,http://data.ordnancesurvey.co.uk/id/postcodedistrict/ZE2,,,,,,,Shetland Islands,http://data.ordnancesurvey.co.uk/id/7000000000030514,http://data.ordnancesurvey.co.uk/ontology/admingeo/UnitaryAuthority,Scotland,http://data.ordnancesurvey.co.uk/id/7000000000041429,Scotland,http://data.ordnancesurvey.co.uk/id/country/scotland,,,
osgb4000000074559134,http://data.ordnancesurvey.co.uk/id/4000000074559134,Lunning,,,,populatedPlace,Hamlet,450389.700,1166625.830,5000,25000,450116.285,1166509.718,450679.315,1167009.718,ZE2,http://data.ordnancesurvey.co.uk/id/postcodedistrict/ZE2,,,,,,,Shetland Islands,http://data.ordnancesurvey.co.uk/id/7000000000030514,http://data.ordnancesurvey.co.uk/ontology/admingeo/UnitaryAuthority,Scotland,http://data.ordnancesurvey.co.uk/id/7000000000041429,Scotland,http://data.ordnancesurvey.co.uk/id/country/scotland,,,
osgb4000000074566363,http://data.ordnancesurvey.co.uk/id/4000000074566363,Marrister,,,,populatedPlace,Hamlet,454407.000,1163930.000,5000,25000,454298.823,1163876.683,454801.532,1164500.035,ZE2,http://data.ordnancesurvey.co.uk/id/postcodedistrict/ZE2,,,,,,,Shetland Islands,http://data.ordnancesurvey.co.uk/id/7000000000030514,http://data.ordnancesurvey.co.uk/ontology/admingeo/UnitaryAuthority,Scotland,http://data.ordnancesurvey.co.uk/id/7000000000041429,Scotland,http://data.ordnancesurvey.co.uk/id/country/scotland,,http://dbpedia.org/resource/Marrister,
osgb4000000074543384,http://data.ordnancesurvey.co.uk/id/4000000074543384,Vats-houll,,,,populatedPlace,Hamlet,456927.000,1165838.000,5000,25000,456718.211,1165614.894,457218.211,1166114.894,ZE2,http://data.ordnancesurvey.co.uk/id/postcodedistrict/ZE2,,,,,,,Shetland Islands,http://data.ordnancesurvey.co.uk/id/7000000000030514,http://data.ordnancesurvey.co.uk/ontology/admingeo/UnitaryAuthority,Scotland,http://data.ordnancesurvey.co.uk/id/7000000000041429,Scotland,http://data.ordnancesurvey.co.uk/id/country/scotland,,http://dbpedia.org/resource/Vats-houll,
osgb4000000074554661,http://data.ordnancesurvey.co.uk/id/4000000074554661,Copister,,,,populatedPlace,Hamlet,448251.000,1178922.000,5000,25000,447764.356,1178538.616,448414.669,1179220.001,ZE2,http://data.ordnancesurvey.co.uk/id/postcodedistrict/ZE2,,,,,,,Shetland Islands,http://data.ordnancesurvey.co.uk/id/7000000000030514,http://data.ordnancesurvey.co.uk/ontology/admingeo/UnitaryAuthority,Scotland,http://data.ordnancesurvey.co.uk/id/7000000000041429,Scotland,http://data.ordnancesurvey.co.uk/id/country/scotland,,http://dbpedia.org/resource/Copister,
osgb4000000074335770,http://data.ordnancesurvey.co.uk/id/4000000074335770,Saltness,,,,populatedPlace,Hamlet,454202.000,1162643.000,5000,25000,453893.350,1162359.726,454393.350,1162859.726,ZE2,http://data.ordnancesurvey.co.uk/id/postcodedistrict/ZE2,,,,,,,Shetland Islands,http://data.ordnancesurvey.co.uk/id/7000000000030514,http://data.ordnancesurvey.co.uk/ontology/admingeo/UnitaryAuthority,Scotland,http://data.ordnancesurvey.co.uk/id/7000000000041429,Scotland,http://data.ordnancesurvey.co.uk/id/country/scotland,,http://dbpedia.org/resource/Saltness,
osgb4000000074335937,http://data.ordnancesurvey.co.uk/id/4000000074335937,Huxter,,,,populatedPlace,Hamlet,456046.103,1162392.628,5000,25000,455825.901,1162148.716,456325.901,1162648.716,ZE2,http://data.ordnancesurvey.co.uk/id/postcodedistrict/ZE2,,,,,,,Shetland Islands,http://data.ordnancesurvey.co.uk/id/7000000000030514,http://data.ordnancesurvey.co.uk/ontology/admingeo/UnitaryAuthority,Scotland,http://data.ordnancesurvey.co.uk/id/7000000000041429,Scotland,http://data.ordnancesurvey.co.uk/id/country/scotland,,,
osgb4000000074335650,http://data.ordnancesurvey.co.uk/id/4000000074335650,Kirkabister,,,,populatedPlace,Hamlet,448673.000,1166400.000,5000,25000,448426.021,1166033.306,448926.021,1166737.094,ZE2,http://data.ordnancesurvey.co.uk/id/postcodedistrict/ZE2,,,,,,,Shetland Islands,http://data.ordnancesurvey.co.uk/id/7000000000030514,http://data.ordnancesurvey.co.uk/ontology/admingeo/UnitaryAuthority,Scotland,http://data.ordnancesurvey.co.uk/id/7000000000041429,Scotland,http://data.ordnancesurvey.co.uk/id/country/scotland,,,
osgb4000000074554657,http://data.ordnancesurvey.co.uk/id/4000000074554657,Laxo,,,,populatedPlace,Hamlet,444565.000,1163585.000,5000,25000,444244.639,1162898.573,445080.276,1163702.743,ZE2,http://data.ordnancesurvey.co.uk/id/postcodedistrict/ZE2,,,,,,,Shetland Islands,http://data.ordnancesurvey.co.uk/id/7000000000030514,http://data.ordnancesurvey.co.uk/ontology/admingeo/UnitaryAuthority,Scotland,http://data.ordnancesurvey.co.uk/id/7000000000041429,Scotland,http://data.ordnancesurvey.co.uk/id/country/scotland,,,
osgb4000000074559497,http://data.ordnancesurvey.co.uk/id/4000000074559497,Houlland,,,,populatedPlace,Hamlet,450457.000,1179782.000,5000,25000,450247.661,1179652.656,450823.653,1180152.656,ZE2,http://data.ordnancesurvey.co.uk/id/postcodedistrict/ZE2,,,,,,,Shetland Islands,http://data.ordnancesurvey.co.uk/id/7000000000030514,http://data.ordnancesurvey.co.uk/ontology/admingeo/UnitaryAuthority,Scotland,http://data.ordnancesurvey.co.uk/id/7000000000041429,Scotland,http://data.ordnancesurvey.co.uk/id/country/scotland,,,
osgb4000000074335649,http://data.ordnancesurvey.co.uk/id/4000000074335649,Gardin,,,,populatedPlace,Hamlet,448591.000,1165565.000,5000,25000,448393.342,1165431.406,448893.342,1165931.406,ZE2,http://data.ordnancesurvey.co.uk/id/postcodedistrict/ZE2,,,,,,,Shetland Islands,http://data.ordnancesurvey.co.uk/id/7000000000030514,http://data.ordnancesurvey.co.uk/ontology/admingeo/UnitaryAuthority,Scotland,http://data.ordnancesurvey.co.uk/id/7000000000041429,Scotland,http://data.ordnancesurvey.co.uk/id/country/scotland,,,
osgb4000000074555010,http://data.ordnancesurvey.co.uk/id/4000000074555010,Collafirth,,,,populatedPlace,Hamlet,443068.000,1168808.000,5000,25000,442703.714,1168729.834,443203.714,1169379.398,ZE2,http://data.ordnancesurvey.co.uk/id/postcodedistrict/ZE2,,,,,,,Shetland Islands,http://data.ordnancesurvey.co.uk/id/7000000000030514,http://data.ordnancesurvey.co.uk/ontology/admingeo/UnitaryAuthority,Scotland,http://data.ordnancesurvey.co.uk/id/7000000000041429,Scotland,http://data.ordnancesurvey.co.uk/id/country/scotland,,,
osgb4000000074554662,http://data.ordnancesurvey.co.uk/id/4000000074554662,Ulsta,,,,populatedPlace,Other Settlement,446530.000,1179761.000,15000,25000,446124.702,1179424.652,446696.406,1180711.594,ZE2,http://data.ordnancesurvey.co.uk/id/postcodedistrict/ZE2,,,,,,,Shetland Islands,http://data.ordnancesurvey.co.uk/id/7000000000030514,http://data.ordnancesurvey.co.uk/ontology/admingeo/UnitaryAuthority,Scotland,http://data.ordnancesurvey.co.uk/id/7000000000041429,Scotland,http://data.ordnancesurvey.co.uk/id/country/scotland,,http://dbpedia.org/resource/Ulsta,http://sws.geonames.org/2635188
osgb4000000074559132,http://data.ordnancesurvey.co.uk/id/4000000074559132,Challister,,,,populatedPlace,Hamlet,456680.000,1165346.000,5000,25000,456155.066,1165045.358,456733.177,1165573.197,ZE2,http://data.ordnancesurvey.co.uk/id/postcodedistrict/ZE2,,,,,,,Shetland Islands,http://data.ordnancesurvey.co.uk/id/7000000000030514,http://data.ordnancesurvey.co.uk/ontology/admingeo/UnitaryAuthority,Scotland,http://data.ordnancesurvey.co.uk/id/7000000000041429,Scotland,http://data.ordnancesurvey.co.uk/id/country/scotland,,http://dbpedia.org/resource/Challister,
osgb4000000074554663,http://data.ordnancesurvey.co.uk/id/4000000074554663,Brough,,,,populatedPlace,Other Settlement,443655.060,1177381.060,15000,25000,443401.514,1177136.976,443901.514,1177636.976,ZE2,http://data.ordnancesurvey.co.uk/id/postcodedistrict/ZE2,,,,,,,Shetland Islands,http://data.ordnancesurvey.co.uk/id/7000000000030514,http://data.ordnancesurvey.co.uk/ontology/admingeo/UnitaryAuthority,Scotland,http://data.ordnancesurvey.co.uk/id/7000000000041429,Scotland,http://data.ordnancesurvey.co.uk/id/country/scotland,,,
osgb4000000074558753,http://data.ordnancesurvey.co.uk/id/4000000074558753,Sandwick,,,,populatedPlace,Hamlet,454167.070,1161752.090,5000,25000,453947.295,1161487.531,454605.844,1161987.531,ZE2,http://data.ordnancesurvey.co.uk/id/postcodedistrict/ZE2,,,,,,,Shetland Islands,http://data.ordnancesurvey.co.uk/id/7000000000030514,http://data.ordnancesurvey.co.uk/ontology/admingeo/UnitaryAuthority,Scotland,http://data.ordnancesurvey.co.uk/id/7000000000041429,Scotland,http://data.ordnancesurvey.co.uk/id/country/scotland,,"http://dbpedia.org/resource/Sandwick,_Whalsay",
osgb4000000074559496,http://data.ordnancesurvey.co.uk/id/4000000074559496,Littlester,,,,populatedPlace,Hamlet,451086.090,1179961.930,5000,25000,450858.794,1179805.377,451502.312,1180305.377,ZE2,http://data.ordnancesurvey.co.uk/id/postcodedistrict/ZE2,,,,,,,Shetland Islands,http://data.ordnancesurvey.co.uk/id/7000000000030514,http://data.ordnancesurvey.co.uk/ontology/admingeo/UnitaryAuthority,Scotland,http://data.ordnancesurvey.co.uk/id/7000000000041429,Scotland,http://data.ordnancesurvey.co.uk/id/country/scotland,,,
osgb4000000074541561,http://data.ordnancesurvey.co.uk/id/4000000074541561,Voe,,,,populatedPlace,Village,440557.480,1163125.390,19000,250000,439795.661,1162084.016,441178.111,1164979.627,ZE2,http://data.ordnancesurvey.co.uk/id/postcodedistrict/ZE2,,,,,,,Shetland Islands,http://data.ordnancesurvey.co.uk/id/7000000000030514,http://data.ordnancesurvey.co.uk/ontology/admingeo/UnitaryAuthority,Scotland,http://data.ordnancesurvey.co.uk/id/7000000000041429,Scotland,http://data.ordnancesurvey.co.uk/id/country/scotland,,,http://sws.geonames.org/2634947
osgb4000000074335852,http://data.ordnancesurvey.co.uk/id/4000000074335852,Hamnavoe,,,,populatedPlace,Hamlet,449833.070,1171322.010,5000,25000,449606.302,1171064.499,450106.302,1171564.499,ZE2,http://data.ordnancesurvey.co.uk/id/postcodedistrict/ZE2,,,,,,,Shetland Islands,http://data.ordnancesurvey.co.uk/id/7000000000030514,http://data.ordnancesurvey.co.uk/ontology/admingeo/UnitaryAuthority,Scotland,http://data.ordnancesurvey.co.uk/id/7000000000041429,Scotland,http://data.ordnancesurvey.co.uk/id/country/scotland,,,
osgb4000000074555011,http://data.ordnancesurvey.co.uk/id/4000000074555011,Graven,,,,populatedPlace,Other Settlement,440710.000,1173405.000,15000,25000,440603.191,1173069.092,441570.337,1173794.374,ZE2,http://data.ordnancesurvey.co.uk/id/postcodedistrict/ZE2,,,,,,,Shetland Islands,http://data.ordnancesurvey.co.uk/id/7000000000030514,http://data.ordnancesurvey.co.uk/ontology/admingeo/UnitaryAuthority,Scotland,http://data.ordnancesurvey.co.uk/id/7000000000041429,Scotland,http://data.ordnancesurvey.co.uk/id/country/scotland,,,
osgb4000000074541570,http://data.ordnancesurvey.co.uk/id/4000000074541570,Skaw,,,,populatedPlace,Hamlet,458476.000,1166072.000,5000,25000,458416.011,1166003.144,459205.269,1166666.714,ZE2,http://data.ordnancesurvey.co.uk/id/postcodedistrict/ZE2,,,,,,,Shetland Islands,http://data.ordnancesurvey.co.uk/id/7000000000030514,http://data.ordnancesurvey.co.uk/ontology/admingeo/UnitaryAuthority,Scotland,http://data.ordnancesurvey.co.uk/id/7000000000041429,Scotland,http://data.ordnancesurvey.co.uk/id/country/scotland,,"http://dbpedia.org/resource/Skaw,_Whalsay",
osgb4000000074558754,http://data.ordnancesurvey.co.uk/id/4000000074558754,Symbister,,,,populatedPlace,Village,454383.000,1162269.000,11000,250000,453509.935,1161948.665,455214.115,1162737.919,ZE2,http://data.ordnancesurvey.co.uk/id/postcodedistrict/ZE2,,,,,,,Shetland Islands,http://data.ordnancesurvey.co.uk/id/7000000000030514,http://data.ordnancesurvey.co.uk/ontology/admingeo/UnitaryAuthority,Scotland,http://data.ordnancesurvey.co.uk/id/7000000000041429,Scotland,http://data.ordnancesurvey.co.uk/id/country/scotland,,http://dbpedia.org/resource/Symbister,http://sws.geonames.org/8426371
osgb4000000074554658,http://data.ordnancesurvey.co.uk/id/4000000074554658,Vidlin,,,,populatedPlace,Hamlet,447850.150,1165418.170,5000,25000,447366.466,1164893.852,448130.577,1165862.385,ZE2,http://data.ordnancesurvey.co.uk/id/postcodedistrict/ZE2,,,,,,,Shetland Islands,http://data.ordnancesurvey.co.uk/id/7000000000030514,http://data.ordnancesurvey.co.uk/ontology/admingeo/UnitaryAuthority,Scotland,http://data.ordnancesurvey.co.uk/id/7000000000041429,Scotland,http://data.ordnancesurvey.co.uk/id/country/scotland,,http://dbpedia.org/resource/Vidlin,
osgb4000000074558752,http://data.ordnancesurvey.co.uk/id/4000000074558752,Clate,,,,populatedPlace,Hamlet,454546.000,1161313.250,5000,25000,454240.220,1161085.361,454740.220,1161585.361,ZE2,http://data.ordnancesurvey.co.uk/id/postcodedistrict/ZE2,,,,,,,Shetland Islands,http://data.ordnancesurvey.co.uk/id/7000000000030514,http://data.ordnancesurvey.co.uk/ontology/admingeo/UnitaryAuthority,Scotland,http://data.ordnancesurvey.co.uk/id/7000000000041429,Scotland,http://data.ordnancesurvey.co.uk/id/country/scotland,,http://dbpedia.org/resource/Clate,
osgb4000000074335938,http://data.ordnancesurvey.co.uk/id/4000000074335938,Billister,,,,populatedPlace,Hamlet,447975.370,1160324.420,5000,25000,447662.850,1159786.504,448162.850,1160679.998,ZE2,http://data.ordnancesurvey.co.uk/id/postcodedistrict/ZE2,,,,,,,Shetland Islands,http://data.ordnancesurvey.co.uk/id/7000000000030514,http://data.ordnancesurvey.co.uk/ontology/admingeo/UnitaryAuthority,Scotland,http://data.ordnancesurvey.co.uk/id/7000000000041429,Scotland,http://data.ordnancesurvey.co.uk/id/country/scotland,,,
osgb4000000074566687,http://data.ordnancesurvey.co.uk/id/4000000074566687,Firth,,,,populatedPlace,Village,444346.000,1174162.000,8000,250000,443468.144,1173202.064,444770.657,1174429.052,ZE2,http://data.ordnancesurvey.co.uk/id/postcodedistrict/ZE2,,,,,,,Shetland Islands,http://data.ordnancesurvey.co.uk/id/7000000000030514,http://data.ordnancesurvey.co.uk/ontology/admingeo/UnitaryAuthority,Scotland,http://data.ordnancesurvey.co.uk/id/7000000000041429,Scotland,http://data.ordnancesurvey.co.uk/id/country/scotland,,,
osgb4000000074554659,http://data.ordnancesurvey.co.uk/id/4000000074554659,Swining,,,,populatedPlace,Hamlet,445945.620,1166526.370,5000,25000,445772.877,1166030.087,446515.930,1166839.645,ZE2,http://data.ordnancesurvey.co.uk/id/postcodedistrict/ZE2,,,,,,,Shetland Islands,http://data.ordnancesurvey.co.uk/id/7000000000030514,http://data.ordnancesurvey.co.uk/ontology/admingeo/UnitaryAuthority,Scotland,http://data.ordnancesurvey.co.uk/id/7000000000041429,Scotland,http://data.ordnancesurvey.co.uk/id/country/scotland,,,
osgb4000000074559135,http://data.ordnancesurvey.co.uk/id/4000000074559135,Brough,,,,populatedPlace,Suburban Area,451991.700,1179463.737,3000,25000,451654.530,1179192.160,452154.530,1179692.160,ZE2,http://data.ordnancesurvey.co.uk/id/postcodedistrict/ZE2,,,,,,,Shetland Islands,http://data.ordnancesurvey.co.uk/id/7000000000030514,http://data.ordnancesurvey.co.uk/ontology/admingeo/UnitaryAuthority,Scotland,http://data.ordnancesurvey.co.uk/id/7000000000041429,Scotland,http://data.ordnancesurvey.co.uk/id/country/scotland,,,
osgb4000000074554656,http://data.ordnancesurvey.co.uk/id/4000000074554656,Gillsbreck,,,,populatedPlace,Hamlet,448202.000,1165268.000,5000,25000,448110.476,1165097.103,448653.396,1165597.103,ZE2,http://data.ordnancesurvey.co.uk/id/postcodedistrict/ZE2,,,,,,,Shetland Islands,http://data.ordnancesurvey.co.uk/id/7000000000030514,http://data.ordnancesurvey.co.uk/ontology/admingeo/UnitaryAuthority,Scotland,http://data.ordnancesurvey.co.uk/id/7000000000041429,Scotland,http://data.ordnancesurvey.co.uk/id/country/scotland,,,
osgb4000000074559133,http://data.ordnancesurvey.co.uk/id/4000000074559133,Hamister,,,,populatedPlace,Village,454385.000,1163372.000,7000,250000,454128.265,1162866.232,455022.723,1163869.015,ZE2,http://data.ordnancesurvey.co.uk/id/postcodedistrict/ZE2,,,,,,,Shetland Islands,http://data.ordnancesurvey.co.uk/id/7000000000030514,http://data.ordnancesurvey.co.uk/ontology/admingeo/UnitaryAuthority,Scotland,http://data.ordnancesurvey.co.uk/id/7000000000041429,Scotland,http://data.ordnancesurvey.co.uk/id/country/scotland,,http://dbpedia.org/resource/Hamister,
osgb4000000074566035,http://data.ordnancesurvey.co.uk/id/4000000074566035,Brough,,,,populatedPlace,Village,455539.340,1164990.680,9000,250000,454841.752,1164349.228,456149.501,1165299.346,ZE2,http://data.ordnancesurvey.co.uk/id/postcodedistrict/ZE2,,,,,,,Shetland Islands,http://data.ordnancesurvey.co.uk/id/7000000000030514,http://data.ordnancesurvey.co.uk/ontology/admingeo/UnitaryAuthority,Scotland,http://data.ordnancesurvey.co.uk/id/7000000000041429,Scotland,http://data.ordnancesurvey.co.uk/id/country/scotland,,"http://dbpedia.org/resource/Brough,_Shetland",
osgb4000000074566686,http://data.ordnancesurvey.co.uk/id/4000000074566686,Levaneap,,,,populatedPlace,Hamlet,448650.040,1163495.730,5000,25000,448441.044,1162955.217,448941.044,1163592.144,ZE2,http://data.ordnancesurvey.co.uk/id/postcodedistrict/ZE2,,,,,,,Shetland Islands,http://data.ordnancesurvey.co.uk/id/7000000000030514,http://data.ordnancesurvey.co.uk/ontology/admingeo/UnitaryAuthority,Scotland,http://data.ordnancesurvey.co.uk/id/7000000000041429,Scotland,http://data.ordnancesurvey.co.uk/id/country/scotland,,,
osgb4000000074559131,http://data.ordnancesurvey.co.uk/id/4000000074559131,Isbister,,,,populatedPlace,Hamlet,457761.570,1164053.070,5000,25000,457194.431,1163715.809,458169.689,1164550.310,ZE2,http://data.ordnancesurvey.co.uk/id/postcodedistrict/ZE2,,,,,,,Shetland Islands,http://data.ordnancesurvey.co.uk/id/7000000000030514,http://data.ordnancesurvey.co.uk/ontology/admingeo/UnitaryAuthority,Scotland,http://data.ordnancesurvey.co.uk/id/7000000000041429,Scotland,http://data.ordnancesurvey.co.uk/id/country/scotland,,"http://dbpedia.org/resource/Isbister,_Shetland",
osgb4000000074541558,http://data.ordnancesurvey.co.uk/id/4000000074541558,Skelberry,,,,populatedPlace,Hamlet,447351.820,1163534.800,5000,25000,447054.786,1163255.331,447577.597,1163878.692,ZE2,http://data.ordnancesurvey.co.uk/id/postcodedistrict/ZE2,,,,,,,Shetland Islands,http://data.ordnancesurvey.co.uk/id/7000000000030514,http://data.ordnancesurvey.co.uk/ontology/admingeo/UnitaryAuthority,Scotland,http://data.ordnancesurvey.co.uk/id/7000000000041429,Scotland,http://data.ordnancesurvey.co.uk/id/country/scotland,,,
ZE29TF,http://data.ordnancesurvey.co.uk/id/postcodeunit/ZE29TF,ZE2 9TF,,,,other,Postcode,444541.000,1174269.000,3500,18000,,,,,,,Firth,http://data.ordnancesurvey.co.uk/id/4000000074566687,http://www.ordnancesurvey.co.uk/xml/codelists/localtype.xml#village,,,,Shetland Islands,http://data.ordnancesurvey.co.uk/id/7000000000030514,http://data.ordnancesurvey.co.uk/ontology/admingeo/UnitaryAuthority,Scotland,http://data.ordnancesurvey.co.uk/id/7000000000041429,Scotland,http://data.ordnancesurvey.co.uk/id/country/scotland,,,
ZE29QD,http://data.ordnancesurvey.co.uk/id/postcodeunit/ZE29QD,ZE2 9QD,,,,other,Postcode,446094.000,1163696.000,3500,18000,,,,,,,,,,,,,Shetland Islands,http://data.ordnancesurvey.co.uk/id/7000000000030514,http://data.ordnancesurvey.co.uk/ontology/admingeo/UnitaryAuthority,Scotland,http://data.ordnancesurvey.co.uk/id/7000000000041429,Scotland,http://data.ordnancesurvey.co.uk/id/country/scotland,,,
ZE29TU,http://data.ordnancesurvey.co.uk/id/postcodeunit/ZE29TU,ZE2 9TU,,,,other,Postcode,440032.000,1175079.000,3500,18000,,,,,,,,,,,,,Shetland Islands,http://data.ordnancesurvey.co.uk/id/7000000000030514,http://data.ordnancesurvey.co.uk/ontology/admingeo/UnitaryAuthority,Scotland,http://data.ordnancesurvey.co.uk/id/7000000000041429,Scotland,http://data.ordnancesurvey.co.uk/id/country/scotland,,,
ZE29RB,http://data.ordnancesurvey.co.uk/id/postcodeunit/ZE29RB,ZE2 9RB,,,,other,Postcode,444956.000,1175289.000,3500,18000,,,,,,,,,,,,,Shetland Islands,http://data.ordnancesurvey.co.uk/id/7000000000030514,http://data.ordnancesurvey.co.uk/ontology/admingeo/UnitaryAuthority,Scotland,http://data.ordnancesurvey.co.uk/id/7000000000041429,Scotland,http://data.ordnancesurvey.co.uk/id/country/scotland,,,
ZE29AL,http://data.ordnancesurvey.co.uk/id/postcodeunit/ZE29AL,ZE2 9AL,,,,other,Postcode,455560.000,1164911.000,3500,18000,,,,,,,Brough,http://data.ordnancesurvey.co.uk/id/4000000074566035,http://www.ordnancesurvey.co.uk/xml/codelists/localtype.xml#village,,,,Shetland Islands,http://data.ordnancesurvey.co.uk/id/7000000000030514,http://data.ordnancesurvey.co.uk/ontology/admingeo/UnitaryAuthority,Scotland,http://data.ordnancesurvey.co.uk/id/7000000000041429,Scotland,http://data.ordnancesurvey.co.uk/id/country/scotland,,,
ZE29AQ,http://data.ordnancesurvey.co.uk/id/postcodeunit/ZE29AQ,ZE2 9AQ,,,,other,Postcode,454771.000,1162355.000,3500,18000,,,,,,,Symbister,http://data.ordnancesurvey.co.uk/id/4000000074558754,http://www.ordnancesurvey.co.uk/xml/codelists/localtype.xml#village,,,,Shetland Islands,http://data.ordnancesurvey.co.uk/id/7000000000030514,http://data.ordnancesurvey.co.uk/ontology/admingeo/UnitaryAuthority,Scotland,http://data.ordnancesurvey.co.uk/id/7000000000041429,Scotland,http://data.ordnancesurvey.co.uk/id/country/scotland,,,
ZE29AN,http://data.ordnancesurvey.co.uk/id/postcodeunit/ZE29AN,ZE2 9AN,,,,other,Postcode,456915.000,1165793.000,3500,18000,,,,,,,Vats-houll,http://data.ordnancesurvey.co.uk/id/4000000074543384,http://www.ordnancesurvey.co.uk/xml/codelists/localtype.xml#hamlet,,,,Shetland Islands,http://data.ordnancesurvey.co.uk/id/7000000000030514,http://data.ordnancesurvey.co.uk/ontology/admingeo/UnitaryAuthority,Scotland,http://data.ordnancesurvey.co.uk/id/7000000000041429,Scotland,http://data.ordnancesurvey.co.uk/id/country/scotland,,,
ZE29AZ,http://data.ordnancesurvey.co.uk/id/postcodeunit/ZE29AZ,ZE2 9AZ,,,,other,Postcode,452013.000,1179470.000,3500,18000,,,,,,,Burravoe,http://data.ordnancesurvey.co.uk/id/4000000074559495,http://www.ordnancesurvey.co.uk/xml/codelists/localtype.xml#village,,,,Shetland Islands,http://data.ordnancesurvey.co.uk/id/7000000000030514,http://data.ordnancesurvey.co.uk/ontology/admingeo/UnitaryAuthority,Scotland,http://data.ordnancesurvey.co.uk/id/7000000000041429,Scotland,http://data.ordnancesurvey.co.uk/id/country/scotland,,,
ZE29AG,http://data.ordnancesurvey.co.uk/id/postcodeunit/ZE29AG,ZE2 9AG,,,,other,Postcode,454375.000,1161569.000,3500,18000,,,,,,,Sandwick,http://data.ordnancesurvey.co.uk/id/4000000074558753,http://www.ordnancesurvey.co.uk/xml/codelists/localtype.xml#hamlet,,,,Shetland Islands,http://data.ordnancesurvey.co.uk/id/7000000000030514,http://data.ordnancesurvey.co.uk/ontology/admingeo/UnitaryAuthority,Scotland,http://data.ordnancesurvey.co.uk/id/7000000000041429,Scotland,http://data.ordnancesurvey.co.uk/id/country/scotland,,,
ZE29QB,http://data.ordnancesurvey.co.uk/id/postcodeunit/ZE29QB,ZE2 9QB,,,,other,Postcode,448404.000,1165295.000,3500,18000,,,,,,,Gillsbreck,http://data.ordnancesurvey.co.uk/id/4000000074554656,http://www.ordnancesurvey.co.uk/xml/codelists/localtype.xml#hamlet,,,,Shetland Islands,http://data.ordnancesurvey.co.uk/id/7000000000030514,http://data.ordnancesurvey.co.uk/ontology/admingeo/UnitaryAuthority,Scotland,http://data.ordnancesurvey.co.uk/id/7000000000041429,Scotland,http://data.ordnancesurvey.co.uk/id/country/scotland,,,
ZE29AJ,http://data.ordnancesurvey.co.uk/id/postcodeunit/ZE29AJ,ZE2 9AJ,,,,other,Postcode,457832.000,1164164.000,3500,18000,,,,,,,Isbister,http://data.ordnancesurvey.co.uk/id/4000000074559131,http://www.ordnancesurvey.co.uk/xml/codelists/localtype.xml#hamlet,,,,Shetland Islands,http://data.ordnancesurvey.co.uk/id/7000000000030514,http://data.ordnancesurvey.co.uk/ontology/admingeo/UnitaryAuthority,Scotland,http://data.ordnancesurvey.co.uk/id/7000000000041429,Scotland,http://data.ordnancesurvey.co.uk/id/country/scotland,,,
ZE29TH,http://data.ordnancesurvey.co.uk/id/postcodeunit/ZE29TH,ZE2 9TH,,,,other,Postcode,445211.000,1175373.000,3500,18000,,,,,,,Mossbank,http://data.ordnancesurvey.co.uk/id/4000000074554660,http://www.ordnancesurvey.co.uk/xml/codelists/localtype.xml#village,,,,Shetland Islands,http://data.ordnancesurvey.co.uk/id/7000000000030514,http://data.ordnancesurvey.co.uk/ontology/admingeo/UnitaryAuthority,Scotland,http://data.ordnancesurvey.co.uk/id/7000000000041429,Scotland,http://data.ordnancesurvey.co.uk/id/country/scotland,,,
ZE29QE,http://data.ordnancesurvey.co.uk/id/postcodeunit/ZE29QE,ZE2 9QE,,,,other,Postcode,446296.000,1166247.000,3500,18000,,,,,,,Swining,http://data.ordnancesurvey.co.uk/id/4000000074554659,http://www.ordnancesurvey.co.uk/xml/codelists/localtype.xml#hamlet,,,,Shetland Islands,http://data.ordnancesurvey.co.uk/id/7000000000030514,http://data.ordnancesurvey.co.uk/ontology/admingeo/UnitaryAuthority,Scotland,http://data.ordnancesurvey.co.uk/id/7000000000041429,Scotland,http://data.ordnancesurvey.co.uk/id/country/scotland,,,
ZE29QZ,http://data.ordnancesurvey.co.uk/id/postcodeunit/ZE29QZ,ZE2 9QZ,,,,other,Postcode,440790.000,1164101.000,3500,18000,,,,,,,Voe,http://data.ordnancesurvey.co.uk/id/4000000074541561,http://www.ordnancesurvey.co.uk/xml/codelists/localtype.xml#village,,,,Shetland Islands,http://data.ordnancesurvey.co.uk/id/7000000000030514,http://data.ordnancesurvey.co.uk/ontology/admingeo/UnitaryAuthority,Scotland,http://data.ordnancesurvey.co.uk/id/7000000000041429,Scotland,http://data.ordnancesurvey.co.uk/id/country/scotland,,,
ZE29AH,http://data.ordnancesurvey.co.uk/id/postcodeunit/ZE29AH,ZE2 9AH,,,,other,Postcode,456079.000,1162385.000,3500,18000,,,,,,,Huxter,http://data.ordnancesurvey.co.uk/id/4000000074335937,http://www.ordnancesurvey.co.uk/xml/codelists/localtype.xml#hamlet,,,,Shetland Islands,http://data.ordnancesurvey.co.uk/id/7000000000030514,http://data.ordnancesurvey.co.uk/ontology/admingeo/UnitaryAuthority,Scotland,http://data.ordnancesurvey.co.uk/id/7000000000041429,Scotland,http://data.ordnancesurvey.co.uk/id/country/scotland,,,
ZE29FB,http://data.ordnancesurvey.co.uk/id/postcodeunit/ZE29FB,ZE2 9FB,,,,other,Postcode,454485.000,1162158.000,3500,18000,,,,,,,Symbister,http://data.ordnancesurvey.co.uk/id/4000000074558754,http://www.ordnancesurvey.co.uk/xml/codelists/localtype.xml#village,,,,Shetland Islands,http://data.ordnancesurvey.co.uk/id/7000000000030514,http://data.ordnancesurvey.co.uk/ontology/admingeo/UnitaryAuthority,Scotland,http://data.ordnancesurvey.co.uk/id/7000000000041429,Scotland,http://data.ordnancesurvey.co.uk/id/country/scotland,,,
ZE29UP,http://data.ordnancesurvey.co.uk/id/postcodeunit/ZE29UP,ZE2 9UP,,,,other,Postcode,440246.000,1172957.000,3500,18000,,,,,,,Sella Ness,http://data.ordnancesurvey.co.uk/id/4000000074555012,http://www.ordnancesurvey.co.uk/xml/codelists/localtype.xml#otherSettlement,,,,Shetland Islands,http://data.ordnancesurvey.co.uk/id/7000000000030514,http://data.ordnancesurvey.co.uk/ontology/admingeo/UnitaryAuthority,Scotland,http://data.ordnancesurvey.co.uk/id/7000000000041429,Scotland,http://data.ordnancesurvey.co.uk/id/country/scotland,,,
ZE29TS,http://data.ordnancesurvey.co.uk/id/postcodeunit/ZE29TS,ZE2 9TS,,,,other,Postcode,454437.000,1163405.000,3500,18000,,,,,,,Hamister,http://data.ordnancesurvey.co.uk/id/4000000074559133,http://www.ordnancesurvey.co.uk/xml/codelists/localtype.xml#village,,,,Shetland Islands,http://data.ordnancesurvey.co.uk/id/7000000000030514,http://data.ordnancesurvey.co.uk/ontology/admingeo/UnitaryAuthority,Scotland,http://data.ordnancesurvey.co.uk/id/7000000000041429,Scotland,http://data.ordnancesurvey.co.uk/id/country/scotland,,,
ZE29AB,http://data.ordnancesurvey.co.uk/id/postcodeunit/ZE29AB,ZE2 9AB,,,,other,Postcode,454264.000,1162315.000,3500,18000,,,,,,,Symbister,http://data.ordnancesurvey.co.uk/id/4000000074558754,http://www.ordnancesurvey.co.uk/xml/codelists/localtype.xml#village,,,,Shetland Islands,http://data.ordnancesurvey.co.uk/id/7000000000030514,http://data.ordnancesurvey.co.uk/ontology/admingeo/UnitaryAuthority,Scotland,http://data.ordnancesurvey.co.uk/id/7000000000041429,Scotland,http://data.ordnancesurvey.co.uk/id/country/scotland,,,
ZE29QT,http://data.ordnancesurvey.co.uk/id/postcodeunit/ZE29QT,ZE2 9QT,,,,other,Postcode,443503.000,1176574.000,3500,18000,,,,,,,,,,,,,Shetland Islands,http://data.ordnancesurvey.co.uk/id/7000000000030514,http://data.ordnancesurvey.co.uk/ontology/admingeo/UnitaryAuthority,Scotland,http://data.ordnancesurvey.co.uk/id/7000000000041429,Scotland,http://data.ordnancesurvey.co.uk/id/country/scotland,,,
ZE29AA,http://data.ordnancesurvey.co.uk/id/postcodeunit/ZE29AA,ZE2 9AA,,,,other,Postcode,454065.000,1162174.000,3500,18000,,,,,,,Symbister,http://data.ordnancesurvey.co.uk/id/4000000074558754,http://www.ordnancesurvey.co.uk/xml/codelists/localtype.xml#village,,,,Shetland Islands,http://data.ordnancesurvey.co.uk/id/7000000000030514,http://data.ordnancesurvey.co.uk/ontology/admingeo/UnitaryAuthority,Scotland,http://data.ordnancesurvey.co.uk/id/7000000000041429,Scotland,http://data.ordnancesurvey.co.uk/id/country/scotland,,,
ZE29TL,http://data.ordnancesurvey.co.uk/id/postcodeunit/ZE29TL,ZE2 9TL,,,,other,Postcode,444428.000,1174088.000,3500,18000,,,,,,,Firth,http://data.ordnancesurvey.co.uk/id/4000000074566687,http://www.ordnancesurvey.co.uk/xml/codelists/localtype.xml#village,,,,Shetland Islands,http://data.ordnancesurvey.co.uk/id/7000000000030514,http://data.ordnancesurvey.co.uk/ontology/admingeo/UnitaryAuthority,Scotland,http://data.ordnancesurvey.co.uk/id/7000000000041429,Scotland,http://data.ordnancesurvey.co.uk/id/country/scotland,,,
ZE29AY,http://data.ordnancesurvey.co.uk/id/postcodeunit/ZE29AY,ZE2 9AY,,,,other,Postcode,452042.000,1179837.000,3500,18000,,,,,,,Burravoe,http://data.ordnancesurvey.co.uk/id/4000000074559495,http://www.ordnancesurvey.co.uk/xml/codelists/localtype.xml#village,,,,Shetland Islands,http://data.ordnancesurvey.co.uk/id/7000000000030514,http://data.ordnancesurvey.co.uk/ontology/admingeo/UnitaryAuthority,Scotland,http://data.ordnancesurvey.co.uk/id/7000000000041429,Scotland,http://data.ordnancesurvey.co.uk/id/country/scotland,,,
ZE29BE,http://data.ordnancesurvey.co.uk/id/postcodeunit/ZE29BE,ZE2 9BE,,,,other,Postcode,447954.000,1178697.000,3500,18000,,,,,,,Copister,http://data.ordnancesurvey.co.uk/id/4000000074554661,http://www.ordnancesurvey.co.uk/xml/codelists/localtype.xml#hamlet,,,,Shetland Islands,http://data.ordnancesurvey.co.uk/id/7000000000030514,http://data.ordnancesurvey.co.uk/ontology/admingeo/UnitaryAuthority,Scotland,http://data.ordnancesurvey.co.uk/id/7000000000041429,Scotland,http://data.ordnancesurvey.co.uk/id/country/scotland,,,
ZE29UB,http://data.ordnancesurvey.co.uk/id/postcodeunit/ZE29UB,ZE2 9UB,,,,other,Postcode,447864.000,1165477.000,3500,18000,,,,,,,Vidlin,http://data.ordnancesurvey.co.uk/id/4000000074554658,http://www.ordnancesurvey.co.uk/xml/codelists/localtype.xml#hamlet,,,,Shetland Islands,http://data.ordnancesurvey.co.uk/id/7000000000030514,http://data.ordnancesurvey.co.uk/ontology/admingeo/UnitaryAuthority,Scotland,http://data.ordnancesurvey.co.uk/id/7000000000041429,Scotland,http://data.ordnancesurvey.co.uk/id/country/scotland,,,
ZE29AW,http://data.ordnancesurvey.co.uk/id/postcodeunit/ZE29AW,ZE2 9AW,,,,other,Postcode,459095.000,1166405.000,3500,18000,,,,,,,Skaw,http://data.ordnancesurvey.co.uk/id/4000000074541570,http://www.ordnancesurvey.co.uk/xml/codelists/localtype.xml#hamlet,,,,Shetland Islands,http://data.ordnancesurvey.co.uk/id/7000000000030514,http://data.ordnancesurvey.co.uk/ontology/admingeo/UnitaryAuthority,Scotland,http://data.ordnancesurvey.co.uk/id/7000000000041429,Scotland,http://data.ordnancesurvey.co.uk/id/country/scotland,,,
ZE29RA,http://data.ordnancesurvey.co.uk/id/postcodeunit/ZE29RA,ZE2 9RA,,,,other,Postcode,445190.000,1175436.000,3500,18000,,,,,,,Mossbank,http://data.ordnancesurvey.co.uk/id/4000000074554660,http://www.ordnancesurvey.co.uk/xml/codelists/localtype.xml#village,,,,Shetland Islands,http://data.ordnancesurvey.co.uk/id/7000000000030514,http://data.ordnancesurvey.co.uk/ontology/admingeo/UnitaryAuthority,Scotland,http://data.ordnancesurvey.co.uk/id/7000000000041429,Scotland,http://data.ordnancesurvey.co.uk/id/country/scotland,,,
ZE29TQ,http://data.ordnancesurvey.co.uk/id/postcodeunit/ZE29TQ,ZE2 9TQ,,,,other,Postcode,445152.000,1175434.000,3500,18000,,,,,,,Mossbank,http://data.ordnancesurvey.co.uk/id/4000000074554660,http://www.ordnancesurvey.co.uk/xml/codelists/localtype.xml#village,,,,Shetland Islands,http://data.ordnancesurvey.co.uk/id/7000000000030514,http://data.ordnancesurvey.co.uk/ontology/admingeo/UnitaryAuthority,Scotland,http://data.ordnancesurvey.co.uk/id/7000000000041429,Scotland,http://data.ordnancesurvey.co.uk/id/country/scotland,,,
ZE29QF,http://data.ordnancesurvey.co.uk/id/postcodeunit/ZE29QF,ZE2 9QF,,,,other,Postcode,448727.000,1169462.000,3500,18000,,,,,,,,,,,,,Shetland Islands,http://data.ordnancesurvey.co.uk/id/7000000000030514,http://data.ordnancesurvey.co.uk/ontology/admingeo/UnitaryAuthority,Scotland,http://data.ordnancesurvey.co.uk/id/7000000000041429,Scotland,http://data.ordnancesurvey.co.uk/id/country/scotland,,,
ZE29PZ,http://data.ordnancesurvey.co.uk/id/postcodeunit/ZE29PZ,ZE2 9PZ,,,,other,Postcode,442958.000,1168893.000,3500,18000,,,,,,,Collafirth,http://data.ordnancesurvey.co.uk/id/4000000074555010,http://www.ordnancesurvey.co.uk/xml/codelists/localtype.xml#hamlet,,,,Shetland Islands,http://data.ordnancesurvey.co.uk/id/7000000000030514,http://data.ordnancesurvey.co.uk/ontology/admingeo/UnitaryAuthority,Scotland,http://data.ordnancesurvey.co.uk/id/7000000000041429,Scotland,http://data.ordnancesurvey.co.uk/id/country/scotland,,,
ZE29QR,http://data.ordnancesurvey.co.uk/id/postcodeunit/ZE29QR,ZE2 9QR,,,,other,Postcode,441181.000,1173700.000,3500,18000,,,,,,,Graven,http://data.ordnancesurvey.co.uk/id/4000000074555011,http://www.ordnancesurvey.co.uk/xml/codelists/localtype.xml#otherSettlement,,,,Shetland Islands,http://data.ordnancesurvey.co.uk/id/7000000000030514,http://data.ordnancesurvey.co.uk/ontology/admingeo/UnitaryAuthority,Scotland,http://data.ordnancesurvey.co.uk/id/7000000000041429,Scotland,http://data.ordnancesurvey.co.uk/id/country/scotland,,,
ZE29BQ,http://data.ordnancesurvey.co.uk/id/postcodeunit/ZE29BQ,ZE2 9BQ,,,,other,Postcode,454564.000,1162273.000,3500,18000,,,,,,,Symbister,http://data.ordnancesurvey.co.uk/id/4000000074558754,http://www.ordnancesurvey.co.uk/xml/codelists/localtype.xml#village,,,,Shetland Islands,http://data.ordnancesurvey.co.uk/id/7000000000030514,http://data.ordnancesurvey.co.uk/ontology/admingeo/UnitaryAuthority,Scotland,http://data.ordnancesurvey.co.uk/id/7000000000041429,Scotland,http://data.ordnancesurvey.co.uk/id/country/scotland,,,
ZE29PX,http://data.ordnancesurvey.co.uk/id/postcodeunit/ZE29PX,ZE2 9PX,,,,other,Postcode,440452.000,1162936.000,3500,18000,,,,,,,Voe,http://data.ordnancesurvey.co.uk/id/4000000074541561,http://www.ordnancesurvey.co.uk/xml/codelists/localtype.xml#village,,,,Shetland Islands,http://data.ordnancesurvey.co.uk/id/7000000000030514,http://data.ordnancesurvey.co.uk/ontology/admingeo/UnitaryAuthority,Scotland,http://data.ordnancesurvey.co.uk/id/7000000000041429,Scotland,http://data.ordnancesurvey.co.uk/id/country/scotland,,,
ZE29PT,http://data.ordnancesurvey.co.uk/id/postcodeunit/ZE29PT,ZE2 9PT,,,,other,Postcode,440849.000,1164697.000,3500,18000,,,,,,,Voe,http://data.ordnancesurvey.co.uk/id/4000000074541561,http://www.ordnancesurvey.co.uk/xml/codelists/localtype.xml#village,,,,Shetland Islands,http://data.ordnancesurvey.co.uk/id/7000000000030514,http://data.ordnancesurvey.co.uk/ontology/admingeo/UnitaryAuthority,Scotland,http://data.ordnancesurvey.co.uk/id/7000000000041429,Scotland,http://data.ordnancesurvey.co.uk/id/country/scotland,,,
ZE29AE,http://data.ordnancesurvey.co.uk/id/postcodeunit/ZE29AE,ZE2 9AE,,,,other,Postcode,454372.000,1163498.000,3500,18000,,,,,,,Hamister,http://data.ordnancesurvey.co.uk/id/4000000074559133,http://www.ordnancesurvey.co.uk/xml/codelists/localtype.xml#village,,,,Shetland Islands,http://data.ordnancesurvey.co.uk/id/7000000000030514,http://data.ordnancesurvey.co.uk/ontology/admingeo/UnitaryAuthority,Scotland,http://data.ordnancesurvey.co.uk/id/7000000000041429,Scotland,http://data.ordnancesurvey.co.uk/id/country/scotland,,,
ZE29PU,http://data.ordnancesurvey.co.uk/id/postcodeunit/ZE29PU,ZE2 9PU,,,,other,Postcode,440820.000,1163951.000,3500,18000,,,,,,,Voe,http://data.ordnancesurvey.co.uk/id/4000000074541561,http://www.ordnancesurvey.co.uk/xml/codelists/localtype.xml#village,,,,Shetland Islands,http://data.ordnancesurvey.co.uk/id/7000000000030514,http://data.ordnancesurvey.co.uk/ontology/admingeo/UnitaryAuthority,Scotland,http://data.ordnancesurvey.co.uk/id/7000000000041429,Scotland,http://data.ordnancesurvey.co.uk/id/country/scotland,,,
ZE29XQ,http://data.ordnancesurvey.co.uk/id/postcodeunit/ZE29XQ,ZE2 9XQ,,,,other,Postcode,440369.000,1164159.000,3500,18000,,,,,,,Voe,http://data.ordnancesurvey.co.uk/id/4000000074541561,http://www.ordnancesurvey.co.uk/xml/codelists/localtype.xml#village,,,,Shetland Islands,http://data.ordnancesurvey.co.uk/id/7000000000030514,http://data.ordnancesurvey.co.uk/ontology/admingeo/UnitaryAuthority,Scotland,http://data.ordnancesurvey.co.uk/id/7000000000041429,Scotland,http://data.ordnancesurvey.co.uk/id/country/scotland,,,
ZE29UN,http://data.ordnancesurvey.co.uk/id/postcodeunit/ZE29UN,ZE2 9UN,,,,other,Postcode,440933.000,1176450.000,3500,18000,,,,,,,,,,,,,Shetland Islands,http://data.ordnancesurvey.co.uk/id/7000000000030514,http://data.ordnancesurvey.co.uk/ontology/admingeo/UnitaryAuthority,Scotland,http://data.ordnancesurvey.co.uk/id/7000000000041429,Scotland,http://data.ordnancesurvey.co.uk/id/country/scotland,,,
ZE29AP,http://data.ordnancesurvey.co.uk/id/postcodeunit/ZE29AP,ZE2 9AP,,,,other,Postcode,455286.000,1164514.000,3500,18000,,,,,,,Brough,http://data.ordnancesurvey.co.uk/id/4000000074566035,http://www.ordnancesurvey.co.uk/xml/codelists/localtype.xml#village,,,,Shetland Islands,http://data.ordnancesurvey.co.uk/id/7000000000030514,http://data.ordnancesurvey.co.uk/ontology/admingeo/UnitaryAuthority,Scotland,http://data.ordnancesurvey.co.uk/id/7000000000041429,Scotland,http://data.ordnancesurvey.co.uk/id/country/scotland,,,
ZE29TE,http://data.ordnancesurvey.co.uk/id/postcodeunit/ZE29TE,ZE2 9TE,,,,other,Postcode,444085.000,1173936.000,3500,18000,,,,,,,Firth,http://data.ordnancesurvey.co.uk/id/4000000074566687,http://www.ordnancesurvey.co.uk/xml/codelists/localtype.xml#village,,,,Shetland Islands,http://data.ordnancesurvey.co.uk/id/7000000000030514,http://data.ordnancesurvey.co.uk/ontology/admingeo/UnitaryAuthority,Scotland,http://data.ordnancesurvey.co.uk/id/7000000000041429,Scotland,http://data.ordnancesurvey.co.uk/id/country/scotland,,,
ZE29QA,http://data.ordnancesurvey.co.uk/id/postcodeunit/ZE29QA,ZE2 9QA,,,,other,Postcode,448129.000,1164894.000,3500,18000,,,,,,,,,,,,,Shetland Islands,http://data.ordnancesurvey.co.uk/id/7000000000030514,http://data.ordnancesurvey.co.uk/ontology/admingeo/UnitaryAuthority,Scotland,http://data.ordnancesurvey.co.uk/id/7000000000041429,Scotland,http://data.ordnancesurvey.co.uk/id/country/scotland,,,
osgb4000000003224669,http://data.ordnancesurvey.co.uk/id/4000000003224669,Norbrek,,,,transportNetwork,Named Road,440901.000,1164000.000,1000,20000,440892.300,1163947.800,440917.647,1164056.793,ZE2,http://data.ordnancesurvey.co.uk/id/postcodedistrict/ZE2,Voe,http://data.ordnancesurvey.co.uk/id/4000000074541561,http://www.ordnancesurvey.co.uk/xml/codelists/localtype.xml#village,,,,Shetland Islands,http://data.ordnancesurvey.co.uk/id/7000000000030514,http://data.ordnancesurvey.co.uk/ontology/admingeo/UnitaryAuthority,Scotland,http://data.ordnancesurvey.co.uk/id/7000000000041429,Scotland,http://data.ordnancesurvey.co.uk/id/country/scotland,,,
osgb4000000003225186,http://data.ordnancesurvey.co.uk/id/4000000003225186,Tripwell,,,,transportNetwork,Named Road,455268.000,1164512.000,1000,20000,455244.000,1164494.000,455328.000,1164536.000,ZE2,http://data.ordnancesurvey.co.uk/id/postcodedistrict/ZE2,Brough,http://data.ordnancesurvey.co.uk/id/4000000074566035,http://www.ordnancesurvey.co.uk/xml/codelists/localtype.xml#village,,,,Shetland Islands,http://data.ordnancesurvey.co.uk/id/7000000000030514,http://data.ordnancesurvey.co.uk/ontology/admingeo/UnitaryAuthority,Scotland,http://data.ordnancesurvey.co.uk/id/7000000000041429,Scotland,http://data.ordnancesurvey.co.uk/id/country/scotland,,,
osgb4000000003222334,http://data.ordnancesurvey.co.uk/id/4000000003222334,Rayburn Road,,,,transportNetwork,Named Road,445166.000,1175393.000,1000,20000,445043.000,1175358.000,445265.788,1175425.000,ZE2,http://data.ordnancesurvey.co.uk/id/postcodedistrict/ZE2,Mossbank,http://data.ordnancesurvey.co.uk/id/4000000074554660,http://www.ordnancesurvey.co.uk/xml/codelists/localtype.xml#village,,,,Shetland Islands,http://data.ordnancesurvey.co.uk/id/7000000000030514,http://data.ordnancesurvey.co.uk/ontology/admingeo/UnitaryAuthority,Scotland,http://data.ordnancesurvey.co.uk/id/7000000000041429,Scotland,http://data.ordnancesurvey.co.uk/id/country/scotland,,,
osgb4000000003224375,http://data.ordnancesurvey.co.uk/id/4000000003224375,Hamarsgarth,,,,transportNetwork,Named Road,445200.028,1175365.211,1000,20000,445187.728,1175348.928,445205.629,1175400.311,ZE2,http://data.ordnancesurvey.co.uk/id/postcodedistrict/ZE2,Mossbank,http://data.ordnancesurvey.co.uk/id/4000000074554660,http://www.ordnancesurvey.co.uk/xml/codelists/localtype.xml#village,,,,Shetland Islands,http://data.ordnancesurvey.co.uk/id/7000000000030514,http://data.ordnancesurvey.co.uk/ontology/admingeo/UnitaryAuthority,Scotland,http://data.ordnancesurvey.co.uk/id/7000000000041429,Scotland,http://data.ordnancesurvey.co.uk/id/country/scotland,,,
osgb4000000003224668,http://data.ordnancesurvey.co.uk/id/4000000003224668,Norderhoull,,,,transportNetwork,Named Road,440811.700,1164107.500,1000,20000,440789.725,1164070.381,440846.700,1164141.911,ZE2,http://data.ordnancesurvey.co.uk/id/postcodedistrict/ZE2,Voe,http://data.ordnancesurvey.co.uk/id/4000000074541561,http://www.ordnancesurvey.co.uk/xml/codelists/localtype.xml#village,,,,Shetland Islands,http://data.ordnancesurvey.co.uk/id/7000000000030514,http://data.ordnancesurvey.co.uk/ontology/admingeo/UnitaryAuthority,Scotland,http://data.ordnancesurvey.co.uk/id/7000000000041429,Scotland,http://data.ordnancesurvey.co.uk/id/country/scotland,,,
osgb4000000003222404,http://data.ordnancesurvey.co.uk/id/4000000003222404,Queeness Road,,,,transportNetwork,Named Road,447843.000,1165449.000,1000,20000,447843.000,1165418.174,447850.156,1165486.000,ZE2,http://data.ordnancesurvey.co.uk/id/postcodedistrict/ZE2,Vidlin,http://data.ordnancesurvey.co.uk/id/4000000074554658,http://www.ordnancesurvey.co.uk/xml/codelists/localtype.xml#hamlet,,,,Shetland Islands,http://data.ordnancesurvey.co.uk/id/7000000000030514,http://data.ordnancesurvey.co.uk/ontology/admingeo/UnitaryAuthority,Scotland,http://data.ordnancesurvey.co.uk/id/7000000000041429,Scotland,http://data.ordnancesurvey.co.uk/id/country/scotland,,,
osgb4000000003222257,http://data.ordnancesurvey.co.uk/id/4000000003222257,Isles Road,,,,transportNetwork,Named Road,440865.600,1164192.600,7000,20000,440815.000,1163688.000,440973.900,1164702.300,ZE2,http://data.ordnancesurvey.co.uk/id/postcodedistrict/ZE2,Voe,http://data.ordnancesurvey.co.uk/id/4000000074541561,http://www.ordnancesurvey.co.uk/xml/codelists/localtype.xml#village,,,,Shetland Islands,http://data.ordnancesurvey.co.uk/id/7000000000030514,http://data.ordnancesurvey.co.uk/ontology/admingeo/UnitaryAuthority,Scotland,http://data.ordnancesurvey.co.uk/id/7000000000041429,Scotland,http://data.ordnancesurvey.co.uk/id/country/scotland,,,
osgb4000000003222949,http://data.ordnancesurvey.co.uk/id/4000000003222949,Ferry View,,,,transportNetwork,Named Road,446513.123,1179771.565,1000,20000,446513.123,1179761.000,446530.000,1179787.729,ZE2,http://data.ordnancesurvey.co.uk/id/postcodedistrict/ZE2,Ulsta,http://data.ordnancesurvey.co.uk/id/4000000074554662,http://www.ordnancesurvey.co.uk/xml/codelists/localtype.xml#otherSettlement,,,,Shetland Islands,http://data.ordnancesurvey.co.uk/id/7000000000030514,http://data.ordnancesurvey.co.uk/ontology/admingeo/UnitaryAuthority,Scotland,http://data.ordnancesurvey.co.uk/id/7000000000041429,Scotland,http://data.ordnancesurvey.co.uk/id/country/scotland,,,
osgb4000000003222405,http://data.ordnancesurvey.co.uk/id/4000000003222405,Meadow Bank Road,,,,transportNetwork,Named Road,452020.000,1179453.000,1000,20000,451991.000,1179446.109,452034.222,1179462.000,ZE2,http://data.ordnancesurvey.co.uk/id/postcodedistrict/ZE2,Burravoe,http://data.ordnancesurvey.co.uk/id/4000000074559495,http://www.ordnancesurvey.co.uk/xml/codelists/localtype.xml#village,,,,Shetland Islands,http://data.ordnancesurvey.co.uk/id/7000000000030514,http://data.ordnancesurvey.co.uk/ontology/admingeo/UnitaryAuthority,Scotland,http://data.ordnancesurvey.co.uk/id/7000000000041429,Scotland,http://data.ordnancesurvey.co.uk/id/country/scotland,,,
osgb4000000003224670,http://data.ordnancesurvey.co.uk/id/4000000003224670,Hillside,,,,transportNetwork,Named Road,440891.100,1163936.700,1000,20000,440881.974,1163893.196,440892.300,1163947.800,ZE2,http://data.ordnancesurvey.co.uk/id/postcodedistrict/ZE2,Voe,http://data.ordnancesurvey.co.uk/id/4000000074541561,http://www.ordnancesurvey.co.uk/xml/codelists/localtype.xml#village,,,,Shetland Islands,http://data.ordnancesurvey.co.uk/id/7000000000030514,http://data.ordnancesurvey.co.uk/ontology/admingeo/UnitaryAuthority,Scotland,http://data.ordnancesurvey.co.uk/id/7000000000041429,Scotland,http://data.ordnancesurvey.co.uk/id/country/scotland,,,
osgb4000000003222425,http://data.ordnancesurvey.co.uk/id/4000000003222425,Norrendal,,,,transportNetwork,Named Road,454418.000,1163389.000,1000,20000,454385.000,1163372.000,454418.000,1163429.950,ZE2,http://data.ordnancesurvey.co.uk/id/postcodedistrict/ZE2,Hamister,http://data.ordnancesurvey.co.uk/id/4000000074559133,http://www.ordnancesurvey.co.uk/xml/codelists/localtype.xml#village,,,,Shetland Islands,http://data.ordnancesurvey.co.uk/id/7000000000030514,http://data.ordnancesurvey.co.uk/ontology/admingeo/UnitaryAuthority,Scotland,http://data.ordnancesurvey.co.uk/id/7000000000041429,Scotland,http://data.ordnancesurvey.co.uk/id/country/scotland,,,
ZE29XF,http://data.ordnancesurvey.co.uk/id/postcodeunit/ZE29XF,ZE2 9XF,,,,other,Postcode,440920.000,1164007.000,3500,18000,,,,,,,Voe,http://data.ordnancesurvey.co.uk/id/4000000074541561,http://www.ordnancesurvey.co.uk/xml/codelists/localtype.xml#village,,,,Shetland Islands,http://data.ordnancesurvey.co.uk/id/7000000000030514,http://data.ordnancesurvey.co.uk/ontology/admingeo/UnitaryAuthority,Scotland,http://data.ordnancesurvey.co.uk/id/7000000000041429,Scotland,http://data.ordnancesurvey.co.uk/id/country/scotland,,,
ZE29AD,http://data.ordnancesurvey.co.uk/id/postcodeunit/ZE29AD,ZE2 9AD,,,,other,Postcode,454237.000,1162697.000,3500,18000,,,,,,,Saltness,http://data.ordnancesurvey.co.uk/id/4000000074335770,http://www.ordnancesurvey.co.uk/xml/codelists/localtype.xml#hamlet,,,,Shetland Islands,http://data.ordnancesurvey.co.uk/id/7000000000030514,http://data.ordnancesurvey.co.uk/ontology/admingeo/UnitaryAuthority,Scotland,http://data.ordnancesurvey.co.uk/id/7000000000041429,Scotland,http://data.ordnancesurvey.co.uk/id/country/scotland,,,
ZE29TD,http://data.ordnancesurvey.co.uk/id/postcodeunit/ZE29TD,ZE2 9TD,,,,other,Postcode,444892.000,1175033.000,3500,18000,,,,,,,Mossbank,http://data.ordnancesurvey.co.uk/id/4000000074554660,http://www.ordnancesurvey.co.uk/xml/codelists/localtype.xml#village,,,,Shetland Islands,http://data.ordnancesurvey.co.uk/id/7000000000030514,http://data.ordnancesurvey.co.uk/ontology/admingeo/UnitaryAuthority,Scotland,http://data.ordnancesurvey.co.uk/id/7000000000041429,Scotland,http://data.ordnancesurvey.co.uk/id/country/scotland,,,
ZE29AF,http://data.ordnancesurvey.co.uk/id/postcodeunit/ZE29AF,ZE2 9AF,,,,other,Postcode,454333.000,1163266.000,3500,18000,,,,,,,Hamister,http://data.ordnancesurvey.co.uk/id/4000000074559133,http://www.ordnancesurvey.co.uk/xml/codelists/localtype.xml#village,,,,Shetland Islands,http://data.ordnancesurvey.co.uk/id/7000000000030514,http://data.ordnancesurvey.co.uk/ontology/admingeo/UnitaryAuthority,Scotland,http://data.ordnancesurvey.co.uk/id/7000000000041429,Scotland,http://data.ordnancesurvey.co.uk/id/country/scotland,,,
ZE29TG,http://data.ordnancesurvey.co.uk/id/postcodeunit/ZE29TG,ZE2 9TG,,,,other,Postcode,445181.000,1175504.000,3500,18000,,,,,,,Mossbank,http://data.ordnancesurvey.co.uk/id/4000000074554660,http://www.ordnancesurvey.co.uk/xml/codelists/localtype.xml#village,,,,Shetland Islands,http://data.ordnancesurvey.co.uk/id/7000000000030514,http://data.ordnancesurvey.co.uk/ontology/admingeo/UnitaryAuthority,Scotland,http://data.ordnancesurvey.co.uk/id/7000000000041429,Scotland,http://data.ordnancesurvey.co.uk/id/country/scotland,,,
osgb4000000074559495,http://data.ordnancesurvey.co.uk/id/4000000074559495,Burravoe,,,,populatedPlace,Village,452019.982,1179858.417,9000,250000,451678.261,1179243.759,452779.195,1180628.798,ZE2,http://data.ordnancesurvey.co.uk/id/postcodedistrict/ZE2,,,,,,,Shetland Islands,http://data.ordnancesurvey.co.uk/id/7000000000030514,http://data.ordnancesurvey.co.uk/ontology/admingeo/UnitaryAuthority,Scotland,http://data.ordnancesurvey.co.uk/id/7000000000041429,Scotland,http://data.ordnancesurvey.co.uk/id/country/scotland,,http://dbpedia.org/resource/Burravoe,http://sws.geonames.org/2654244
osgb4000000074554660,http://data.ordnancesurvey.co.uk/id/4000000074554660,Mossbank,,,,populatedPlace,Village,445089.000,1175128.000,8000,250000,444785.737,1174589.916,445343.747,1175751.174,ZE2,http://data.ordnancesurvey.co.uk/id/postcodedistrict/ZE2,,,,,,,Shetland Islands,http://data.ordnancesurvey.co.uk/id/7000000000030514,http://data.ordnancesurvey.co.uk/ontology/admingeo/UnitaryAuthority,Scotland,http://data.ordnancesurvey.co.uk/id/7000000000041429,Scotland,http://data.ordnancesurvey.co.uk/id/country/scotland,,,http://sws.geonames.org/2642147
