﻿osgb4000000074335831,http://data.ordnancesurvey.co.uk/id/4000000074335831,Mill Bay,,,,populatedPlace,Hamlet,356661.000,1036213.000,5000,25000,356564.334,1035657.635,357102.233,1036627.868,KW17,http://data.ordnancesurvey.co.uk/id/postcodedistrict/KW17,,,,,,,Orkney Islands,http://data.ordnancesurvey.co.uk/id/7000000000029961,http://data.ordnancesurvey.co.uk/ontology/admingeo/UnitaryAuthority,Scotland,http://data.ordnancesurvey.co.uk/id/7000000000041429,Scotland,http://data.ordnancesurvey.co.uk/id/country/scotland,,,
osgb4000000074556872,http://data.ordnancesurvey.co.uk/id/4000000074556872,Veness,,,,populatedPlace,Other Settlement,357367.440,1029611.760,15000,25000,357037.279,1028726.079,357826.537,1030128.638,KW17,http://data.ordnancesurvey.co.uk/id/postcodedistrict/KW17,,,,,,,Orkney Islands,http://data.ordnancesurvey.co.uk/id/7000000000029961,http://data.ordnancesurvey.co.uk/ontology/admingeo/UnitaryAuthority,Scotland,http://data.ordnancesurvey.co.uk/id/7000000000041429,Scotland,http://data.ordnancesurvey.co.uk/id/country/scotland,,,
osgb4000000074556874,http://data.ordnancesurvey.co.uk/id/4000000074556874,West Side,,,,populatedPlace,Other Settlement,353371.000,1032477.000,15000,25000,353192.507,1032148.720,353692.507,1032828.435,KW17,http://data.ordnancesurvey.co.uk/id/postcodedistrict/KW17,,,,,,,Orkney Islands,http://data.ordnancesurvey.co.uk/id/7000000000029961,http://data.ordnancesurvey.co.uk/ontology/admingeo/UnitaryAuthority,Scotland,http://data.ordnancesurvey.co.uk/id/7000000000041429,Scotland,http://data.ordnancesurvey.co.uk/id/country/scotland,,,
osgb4000000074556499,http://data.ordnancesurvey.co.uk/id/4000000074556499,Burroughston,,,,populatedPlace,Other Settlement,353761.250,1020966.620,15000,25000,353338.874,1020490.017,354053.432,1021157.796,KW17,http://data.ordnancesurvey.co.uk/id/postcodedistrict/KW17,,,,,,,Orkney Islands,http://data.ordnancesurvey.co.uk/id/7000000000029961,http://data.ordnancesurvey.co.uk/ontology/admingeo/UnitaryAuthority,Scotland,http://data.ordnancesurvey.co.uk/id/7000000000041429,Scotland,http://data.ordnancesurvey.co.uk/id/country/scotland,,,
osgb4000000074577928,http://data.ordnancesurvey.co.uk/id/4000000074577928,Backaland,,,,populatedPlace,Other Settlement,356247.620,1030229.280,15000,25000,356122.349,1029686.255,356690.409,1031174.269,KW17,http://data.ordnancesurvey.co.uk/id/postcodedistrict/KW17,,,,,,,Orkney Islands,http://data.ordnancesurvey.co.uk/id/7000000000029961,http://data.ordnancesurvey.co.uk/ontology/admingeo/UnitaryAuthority,Scotland,http://data.ordnancesurvey.co.uk/id/7000000000041429,Scotland,http://data.ordnancesurvey.co.uk/id/country/scotland,,http://dbpedia.org/resource/Backaland,
osgb4000000074557241,http://data.ordnancesurvey.co.uk/id/4000000074557241,Calfsound,,,,populatedPlace,Other Settlement,357591.890,1037956.470,15000,25000,357042.308,1037463.169,358123.137,1038498.742,KW17,http://data.ordnancesurvey.co.uk/id/postcodedistrict/KW17,,,,,,,Orkney Islands,http://data.ordnancesurvey.co.uk/id/7000000000029961,http://data.ordnancesurvey.co.uk/ontology/admingeo/UnitaryAuthority,Scotland,http://data.ordnancesurvey.co.uk/id/7000000000041429,Scotland,http://data.ordnancesurvey.co.uk/id/country/scotland,,,
osgb4000000074575081,http://data.ordnancesurvey.co.uk/id/4000000074575081,Frotoft,,,,populatedPlace,Other Settlement,340700.990,1027486.700,15000,25000,338672.601,1027250.272,341080.892,1028545.041,KW17,http://data.ordnancesurvey.co.uk/id/postcodedistrict/KW17,,,,,,,Orkney Islands,http://data.ordnancesurvey.co.uk/id/7000000000029961,http://data.ordnancesurvey.co.uk/ontology/admingeo/UnitaryAuthority,Scotland,http://data.ordnancesurvey.co.uk/id/7000000000041429,Scotland,http://data.ordnancesurvey.co.uk/id/country/scotland,,,
osgb4000000074335889,http://data.ordnancesurvey.co.uk/id/4000000074335889,Tingwall,,,,populatedPlace,Hamlet,340007.890,1022821.640,5000,25000,339274.911,1022440.599,340300.440,1023521.429,KW17,http://data.ordnancesurvey.co.uk/id/postcodedistrict/KW17,,,,,,,Orkney Islands,http://data.ordnancesurvey.co.uk/id/7000000000029961,http://data.ordnancesurvey.co.uk/ontology/admingeo/UnitaryAuthority,Scotland,http://data.ordnancesurvey.co.uk/id/7000000000041429,Scotland,http://data.ordnancesurvey.co.uk/id/country/scotland,,,
osgb4000000074577931,http://data.ordnancesurvey.co.uk/id/4000000074577931,Cusbay,,,,populatedPlace,Hamlet,355543.810,1037994.230,5000,25000,354991.696,1037960.036,355660.296,1038900.097,KW17,http://data.ordnancesurvey.co.uk/id/postcodedistrict/KW17,,,,,,,Orkney Islands,http://data.ordnancesurvey.co.uk/id/7000000000029961,http://data.ordnancesurvey.co.uk/ontology/admingeo/UnitaryAuthority,Scotland,http://data.ordnancesurvey.co.uk/id/7000000000041429,Scotland,http://data.ordnancesurvey.co.uk/id/country/scotland,,,
osgb4000000074554270,http://data.ordnancesurvey.co.uk/id/4000000074554270,Brinian,,,,populatedPlace,Village,343223.000,1027684.000,13000,250000,342361.746,1027268.027,344403.809,1028145.096,KW17,http://data.ordnancesurvey.co.uk/id/postcodedistrict/KW17,,,,,,,Orkney Islands,http://data.ordnancesurvey.co.uk/id/7000000000029961,http://data.ordnancesurvey.co.uk/ontology/admingeo/UnitaryAuthority,Scotland,http://data.ordnancesurvey.co.uk/id/7000000000041429,Scotland,http://data.ordnancesurvey.co.uk/id/country/scotland,,http://dbpedia.org/resource/Brinian,
osgb4000000074541572,http://data.ordnancesurvey.co.uk/id/4000000074541572,Sourin,,,,populatedPlace,Other Settlement,343399.520,1031552.160,15000,25000,342077.968,1030340.357,344371.859,1032383.193,KW17,http://data.ordnancesurvey.co.uk/id/postcodedistrict/KW17,,,,,,,Orkney Islands,http://data.ordnancesurvey.co.uk/id/7000000000029961,http://data.ordnancesurvey.co.uk/ontology/admingeo/UnitaryAuthority,Scotland,http://data.ordnancesurvey.co.uk/id/7000000000041429,Scotland,http://data.ordnancesurvey.co.uk/id/country/scotland,,,
osgb4000000074577929,http://data.ordnancesurvey.co.uk/id/4000000074577929,Guith,,,,populatedPlace,Hamlet,355335.420,1036667.480,5000,25000,354925.900,1036161.151,355700.070,1036910.187,KW17,http://data.ordnancesurvey.co.uk/id/postcodedistrict/KW17,,,,,,,Orkney Islands,http://data.ordnancesurvey.co.uk/id/7000000000029961,http://data.ordnancesurvey.co.uk/ontology/admingeo/UnitaryAuthority,Scotland,http://data.ordnancesurvey.co.uk/id/7000000000041429,Scotland,http://data.ordnancesurvey.co.uk/id/country/scotland,,,
KW172AB,http://data.ordnancesurvey.co.uk/id/postcodeunit/KW172AB,KW17 2AB,,,,other,Postcode,356596.000,1037850.000,3500,18000,,,,,,,,,,,,,Orkney Islands,http://data.ordnancesurvey.co.uk/id/7000000000029961,http://data.ordnancesurvey.co.uk/ontology/admingeo/UnitaryAuthority,Scotland,http://data.ordnancesurvey.co.uk/id/7000000000041429,Scotland,http://data.ordnancesurvey.co.uk/id/country/scotland,,,
KW172HB,http://data.ordnancesurvey.co.uk/id/postcodeunit/KW172HB,KW17 2HB,,,,other,Postcode,340215.000,1022889.000,3500,18000,,,,,,,Tingwall,http://data.ordnancesurvey.co.uk/id/4000000074335889,http://www.ordnancesurvey.co.uk/xml/codelists/localtype.xml#hamlet,,,,Orkney Islands,http://data.ordnancesurvey.co.uk/id/7000000000029961,http://data.ordnancesurvey.co.uk/ontology/admingeo/UnitaryAuthority,Scotland,http://data.ordnancesurvey.co.uk/id/7000000000041429,Scotland,http://data.ordnancesurvey.co.uk/id/country/scotland,,,
KW172TY,http://data.ordnancesurvey.co.uk/id/postcodeunit/KW172TY,KW17 2TY,,,,other,Postcode,343486.000,1021921.000,3500,18000,,,,,,,,,,,,,Orkney Islands,http://data.ordnancesurvey.co.uk/id/7000000000029961,http://data.ordnancesurvey.co.uk/ontology/admingeo/UnitaryAuthority,Scotland,http://data.ordnancesurvey.co.uk/id/7000000000041429,Scotland,http://data.ordnancesurvey.co.uk/id/country/scotland,,,
KW172HA,http://data.ordnancesurvey.co.uk/id/postcodeunit/KW172HA,KW17 2HA,,,,other,Postcode,340233.000,1022230.000,3500,18000,,,,,,,,,,,,,Orkney Islands,http://data.ordnancesurvey.co.uk/id/7000000000029961,http://data.ordnancesurvey.co.uk/ontology/admingeo/UnitaryAuthority,Scotland,http://data.ordnancesurvey.co.uk/id/7000000000041429,Scotland,http://data.ordnancesurvey.co.uk/id/country/scotland,,,
KW172QD,http://data.ordnancesurvey.co.uk/id/postcodeunit/KW172QD,KW17 2QD,,,,other,Postcode,346797.000,1029553.000,3500,18000,,,,,,,,,,,,,Orkney Islands,http://data.ordnancesurvey.co.uk/id/7000000000029961,http://data.ordnancesurvey.co.uk/ontology/admingeo/UnitaryAuthority,Scotland,http://data.ordnancesurvey.co.uk/id/7000000000041429,Scotland,http://data.ordnancesurvey.co.uk/id/country/scotland,,,
KW172AA,http://data.ordnancesurvey.co.uk/id/postcodeunit/KW172AA,KW17 2AA,,,,other,Postcode,356219.000,1030832.000,3500,18000,,,,,,,Backaland,http://data.ordnancesurvey.co.uk/id/4000000074577928,http://www.ordnancesurvey.co.uk/xml/codelists/localtype.xml#otherSettlement,,,,Orkney Islands,http://data.ordnancesurvey.co.uk/id/7000000000029961,http://data.ordnancesurvey.co.uk/ontology/admingeo/UnitaryAuthority,Scotland,http://data.ordnancesurvey.co.uk/id/7000000000041429,Scotland,http://data.ordnancesurvey.co.uk/id/country/scotland,,,
KW172PT,http://data.ordnancesurvey.co.uk/id/postcodeunit/KW172PT,KW17 2PT,,,,other,Postcode,340045.000,1027655.000,3500,18000,,,,,,,Frotoft,http://data.ordnancesurvey.co.uk/id/4000000074575081,http://www.ordnancesurvey.co.uk/xml/codelists/localtype.xml#otherSettlement,,,,Orkney Islands,http://data.ordnancesurvey.co.uk/id/7000000000029961,http://data.ordnancesurvey.co.uk/ontology/admingeo/UnitaryAuthority,Scotland,http://data.ordnancesurvey.co.uk/id/7000000000041429,Scotland,http://data.ordnancesurvey.co.uk/id/country/scotland,,,
KW172PY,http://data.ordnancesurvey.co.uk/id/postcodeunit/KW172PY,KW17 2PY,,,,other,Postcode,343564.000,1027588.000,3500,18000,,,,,,,Brinian,http://data.ordnancesurvey.co.uk/id/4000000074554270,http://www.ordnancesurvey.co.uk/xml/codelists/localtype.xml#village,,,,Orkney Islands,http://data.ordnancesurvey.co.uk/id/7000000000029961,http://data.ordnancesurvey.co.uk/ontology/admingeo/UnitaryAuthority,Scotland,http://data.ordnancesurvey.co.uk/id/7000000000041429,Scotland,http://data.ordnancesurvey.co.uk/id/country/scotland,,,
KW172EB,http://data.ordnancesurvey.co.uk/id/postcodeunit/KW172EB,KW17 2EB,,,,other,Postcode,352728.000,1020020.000,3500,18000,,,,,,,,,,,,,Orkney Islands,http://data.ordnancesurvey.co.uk/id/7000000000029961,http://data.ordnancesurvey.co.uk/ontology/admingeo/UnitaryAuthority,Scotland,http://data.ordnancesurvey.co.uk/id/7000000000041429,Scotland,http://data.ordnancesurvey.co.uk/id/country/scotland,,,
KW172QA,http://data.ordnancesurvey.co.uk/id/postcodeunit/KW172QA,KW17 2QA,,,,other,Postcode,344308.000,1026427.000,3500,18000,,,,,,,,,,,,,Orkney Islands,http://data.ordnancesurvey.co.uk/id/7000000000029961,http://data.ordnancesurvey.co.uk/ontology/admingeo/UnitaryAuthority,Scotland,http://data.ordnancesurvey.co.uk/id/7000000000041429,Scotland,http://data.ordnancesurvey.co.uk/id/country/scotland,,,
KW172EZ,http://data.ordnancesurvey.co.uk/id/postcodeunit/KW172EZ,KW17 2EZ,,,,other,Postcode,341583.000,1020301.000,3500,18000,,,,,,,Gorseness,http://data.ordnancesurvey.co.uk/id/4000000074578146,http://www.ordnancesurvey.co.uk/xml/codelists/localtype.xml#otherSettlement,,,,Orkney Islands,http://data.ordnancesurvey.co.uk/id/7000000000029961,http://data.ordnancesurvey.co.uk/ontology/admingeo/UnitaryAuthority,Scotland,http://data.ordnancesurvey.co.uk/id/7000000000041429,Scotland,http://data.ordnancesurvey.co.uk/id/country/scotland,,,
KW172PZ,http://data.ordnancesurvey.co.uk/id/postcodeunit/KW172PZ,KW17 2PZ,,,,other,Postcode,343550.000,1027560.000,3500,18000,,,,,,,Brinian,http://data.ordnancesurvey.co.uk/id/4000000074554270,http://www.ordnancesurvey.co.uk/xml/codelists/localtype.xml#village,,,,Orkney Islands,http://data.ordnancesurvey.co.uk/id/7000000000029961,http://data.ordnancesurvey.co.uk/ontology/admingeo/UnitaryAuthority,Scotland,http://data.ordnancesurvey.co.uk/id/7000000000041429,Scotland,http://data.ordnancesurvey.co.uk/id/country/scotland,,,
KW172PU,http://data.ordnancesurvey.co.uk/id/postcodeunit/KW172PU,KW17 2PU,,,,other,Postcode,343591.000,1027638.000,3500,18000,,,,,,,Brinian,http://data.ordnancesurvey.co.uk/id/4000000074554270,http://www.ordnancesurvey.co.uk/xml/codelists/localtype.xml#village,,,,Orkney Islands,http://data.ordnancesurvey.co.uk/id/7000000000029961,http://data.ordnancesurvey.co.uk/ontology/admingeo/UnitaryAuthority,Scotland,http://data.ordnancesurvey.co.uk/id/7000000000041429,Scotland,http://data.ordnancesurvey.co.uk/id/country/scotland,,,
KW172PR,http://data.ordnancesurvey.co.uk/id/postcodeunit/KW172PR,KW17 2PR,,,,other,Postcode,343834.000,1031120.000,3500,18000,,,,,,,Sourin,http://data.ordnancesurvey.co.uk/id/4000000074541572,http://www.ordnancesurvey.co.uk/xml/codelists/localtype.xml#otherSettlement,,,,Orkney Islands,http://data.ordnancesurvey.co.uk/id/7000000000029961,http://data.ordnancesurvey.co.uk/ontology/admingeo/UnitaryAuthority,Scotland,http://data.ordnancesurvey.co.uk/id/7000000000041429,Scotland,http://data.ordnancesurvey.co.uk/id/country/scotland,,,
osgb4000000003265898,http://data.ordnancesurvey.co.uk/id/4000000003265898,B9063,,,,transportNetwork,Numbered Road,356346.756,1033872.342,52000,250000,356130.000,1030020.585,357921.253,1038066.759,KW17,http://data.ordnancesurvey.co.uk/id/postcodedistrict/KW17,,,,,,,Orkney Islands,http://data.ordnancesurvey.co.uk/id/7000000000029961,http://data.ordnancesurvey.co.uk/ontology/admingeo/UnitaryAuthority,Scotland,http://data.ordnancesurvey.co.uk/id/7000000000041429,Scotland,http://data.ordnancesurvey.co.uk/id/country/scotland,,,
osgb4000000003265702,http://data.ordnancesurvey.co.uk/id/4000000003265702,Hillock Road,,,,transportNetwork,Named Road,353772.142,1022337.431,1000,20000,353686.888,1022268.357,353905.347,1022382.540,KW17,http://data.ordnancesurvey.co.uk/id/postcodedistrict/KW17,,,,,,,Orkney Islands,http://data.ordnancesurvey.co.uk/id/7000000000029961,http://data.ordnancesurvey.co.uk/ontology/admingeo/UnitaryAuthority,Scotland,http://data.ordnancesurvey.co.uk/id/7000000000041429,Scotland,http://data.ordnancesurvey.co.uk/id/country/scotland,,,
osgb4000000003265824,http://data.ordnancesurvey.co.uk/id/4000000003265824,Johnstons Road,,,,transportNetwork,Named Road,343568.290,1027530.797,1000,20000,343516.551,1027526.116,343611.899,1027572.188,KW17,http://data.ordnancesurvey.co.uk/id/postcodedistrict/KW17,Brinian,http://data.ordnancesurvey.co.uk/id/4000000074554270,http://www.ordnancesurvey.co.uk/xml/codelists/localtype.xml#village,,,,Orkney Islands,http://data.ordnancesurvey.co.uk/id/7000000000029961,http://data.ordnancesurvey.co.uk/ontology/admingeo/UnitaryAuthority,Scotland,http://data.ordnancesurvey.co.uk/id/7000000000041429,Scotland,http://data.ordnancesurvey.co.uk/id/country/scotland,,,
osgb4000000003265896,http://data.ordnancesurvey.co.uk/id/4000000003265896,B9064,,,,transportNetwork,Numbered Road,341674.526,1032454.207,38000,250000,338442.459,1027469.943,344365.018,1032813.800,KW17,http://data.ordnancesurvey.co.uk/id/postcodedistrict/KW17,,,,,,,Orkney Islands,http://data.ordnancesurvey.co.uk/id/7000000000029961,http://data.ordnancesurvey.co.uk/ontology/admingeo/UnitaryAuthority,Scotland,http://data.ordnancesurvey.co.uk/id/7000000000041429,Scotland,http://data.ordnancesurvey.co.uk/id/country/scotland,,,
osgb4000000003265601,http://data.ordnancesurvey.co.uk/id/4000000003265601,Gorseness Road,,,,transportNetwork,Named Road,340895.099,1021929.802,20000,28000,338075.000,1018581.739,342058.701,1022821.637,KW17,http://data.ordnancesurvey.co.uk/id/postcodedistrict/KW17,,,,,,,Orkney Islands,http://data.ordnancesurvey.co.uk/id/7000000000029961,http://data.ordnancesurvey.co.uk/ontology/admingeo/UnitaryAuthority,Scotland,http://data.ordnancesurvey.co.uk/id/7000000000041429,Scotland,http://data.ordnancesurvey.co.uk/id/country/scotland,,,
osgb4000000003265913,http://data.ordnancesurvey.co.uk/id/4000000003265913,B9065,,,,transportNetwork,Numbered Road,343430.319,1027591.899,3000,250000,343223.000,1027492.011,343636.753,1027684.000,KW17,http://data.ordnancesurvey.co.uk/id/postcodedistrict/KW17,Brinian,http://data.ordnancesurvey.co.uk/id/4000000074554270,http://www.ordnancesurvey.co.uk/xml/codelists/localtype.xml#village,,,,Orkney Islands,http://data.ordnancesurvey.co.uk/id/7000000000029961,http://data.ordnancesurvey.co.uk/ontology/admingeo/UnitaryAuthority,Scotland,http://data.ordnancesurvey.co.uk/id/7000000000041429,Scotland,http://data.ordnancesurvey.co.uk/id/country/scotland,,,
b7c25fcc-155b-4399-b620-29f641596aca,http://data.ordnancesurvey.co.uk/id/b7c25fcc-155b-4399-b620-29f641596aca,Gorseness Road,,,,transportNetwork,Section Of Named Road,341539.138,1020054.293,4000,25000,341271.043,1019731.041,341586.556,1020356.269,KW17,http://data.ordnancesurvey.co.uk/id/postcodedistrict/KW17,Gorseness,http://data.ordnancesurvey.co.uk/id/4000000074578146,http://www.ordnancesurvey.co.uk/xml/codelists/localtype.xml#otherSettlement,,,,Orkney Islands,http://data.ordnancesurvey.co.uk/id/7000000000029961,http://data.ordnancesurvey.co.uk/ontology/admingeo/UnitaryAuthority,Scotland,http://data.ordnancesurvey.co.uk/id/7000000000041429,Scotland,http://data.ordnancesurvey.co.uk/id/country/scotland,osgb4000000003265601,,
