﻿osgb4000000074575197,http://data.ordnancesurvey.co.uk/id/4000000074575197,Valtos,eng,Bhaltos,gla,populatedPlace,Village,109348.800,936707.250,4000,250000,108919.216,936540.107,109567.706,937148.383,HS2,http://data.ordnancesurvey.co.uk/id/postcodedistrict/HS2,,,,,,,Na h-Eileanan an Iar,http://data.ordnancesurvey.co.uk/id/7000000000030022,http://data.ordnancesurvey.co.uk/ontology/admingeo/UnitaryAuthority,Scotland,http://data.ordnancesurvey.co.uk/id/7000000000041429,Scotland,http://data.ordnancesurvey.co.uk/id/country/scotland,,,http://sws.geonames.org/2635019
osgb4000000074577581,http://data.ordnancesurvey.co.uk/id/4000000074577581,Lundal,gla,Lundale,eng,populatedPlace,Hamlet,118424.000,932665.000,5000,25000,118302.936,932116.084,118881.047,933126.525,HS2,http://data.ordnancesurvey.co.uk/id/postcodedistrict/HS2,,,,,,,Na h-Eileanan an Iar,http://data.ordnancesurvey.co.uk/id/7000000000030022,http://data.ordnancesurvey.co.uk/ontology/admingeo/UnitaryAuthority,Scotland,http://data.ordnancesurvey.co.uk/id/7000000000041429,Scotland,http://data.ordnancesurvey.co.uk/id/country/scotland,,,
osgb4000000074574117,http://data.ordnancesurvey.co.uk/id/4000000074574117,Giosla,,,,populatedPlace,Hamlet,112795.510,925779.130,5000,25000,112580.289,925527.098,113080.289,926027.098,HS2,http://data.ordnancesurvey.co.uk/id/postcodedistrict/HS2,,,,,,,Na h-Eileanan an Iar,http://data.ordnancesurvey.co.uk/id/7000000000030022,http://data.ordnancesurvey.co.uk/ontology/admingeo/UnitaryAuthority,Scotland,http://data.ordnancesurvey.co.uk/id/7000000000041429,Scotland,http://data.ordnancesurvey.co.uk/id/country/scotland,,,
osgb4000000074575471,http://data.ordnancesurvey.co.uk/id/4000000074575471,Eadar Dha Fhadhail,,,,populatedPlace,Other Settlement,104406.310,932173.140,15000,25000,103706.119,931693.995,105375.109,932820.062,HS2,http://data.ordnancesurvey.co.uk/id/postcodedistrict/HS2,,,,,,,Na h-Eileanan an Iar,http://data.ordnancesurvey.co.uk/id/7000000000030022,http://data.ordnancesurvey.co.uk/ontology/admingeo/UnitaryAuthority,Scotland,http://data.ordnancesurvey.co.uk/id/7000000000041429,Scotland,http://data.ordnancesurvey.co.uk/id/country/scotland,,http://dbpedia.org/resource/Ardroil,
osgb4000000074542757,http://data.ordnancesurvey.co.uk/id/4000000074542757,Breaclete,eng,Breacleit,gla,populatedPlace,Village,116086.000,936975.000,10000,250000,115811.361,936117.838,116429.691,937686.289,HS2,http://data.ordnancesurvey.co.uk/id/postcodedistrict/HS2,,,,,,,Na h-Eileanan an Iar,http://data.ordnancesurvey.co.uk/id/7000000000030022,http://data.ordnancesurvey.co.uk/ontology/admingeo/UnitaryAuthority,Scotland,http://data.ordnancesurvey.co.uk/id/7000000000041429,Scotland,http://data.ordnancesurvey.co.uk/id/country/scotland,,http://dbpedia.org/resource/Breaclete,http://sws.geonames.org/2654837
osgb4000000074574639,http://data.ordnancesurvey.co.uk/id/4000000074574639,Barraglom,,,,populatedPlace,Hamlet,116590.000,934581.000,5000,25000,116469.911,934417.519,116987.701,934917.519,HS2,http://data.ordnancesurvey.co.uk/id/postcodedistrict/HS2,,,,,,,Na h-Eileanan an Iar,http://data.ordnancesurvey.co.uk/id/7000000000030022,http://data.ordnancesurvey.co.uk/ontology/admingeo/UnitaryAuthority,Scotland,http://data.ordnancesurvey.co.uk/id/7000000000041429,Scotland,http://data.ordnancesurvey.co.uk/id/country/scotland,,,
osgb4000000074575194,http://data.ordnancesurvey.co.uk/id/4000000074575194,Cairisiadar,gla,Carishader,eng,populatedPlace,Hamlet,109629.000,933375.000,5000,25000,109371.655,932568.704,110201.125,933493.689,HS2,http://data.ordnancesurvey.co.uk/id/postcodedistrict/HS2,,,,,,,Na h-Eileanan an Iar,http://data.ordnancesurvey.co.uk/id/7000000000030022,http://data.ordnancesurvey.co.uk/ontology/admingeo/UnitaryAuthority,Scotland,http://data.ordnancesurvey.co.uk/id/7000000000041429,Scotland,http://data.ordnancesurvey.co.uk/id/country/scotland,,,
osgb4000000074336681,http://data.ordnancesurvey.co.uk/id/4000000074336681,Bhalasaigh,,,,populatedPlace,Hamlet,114973.000,936231.000,5000,25000,114438.963,936017.287,115062.322,936831.684,HS2,http://data.ordnancesurvey.co.uk/id/postcodedistrict/HS2,,,,,,,Na h-Eileanan an Iar,http://data.ordnancesurvey.co.uk/id/7000000000030022,http://data.ordnancesurvey.co.uk/ontology/admingeo/UnitaryAuthority,Scotland,http://data.ordnancesurvey.co.uk/id/7000000000041429,Scotland,http://data.ordnancesurvey.co.uk/id/country/scotland,,,
osgb4000000074575195,http://data.ordnancesurvey.co.uk/id/4000000074575195,Meavaig,eng,Miabhaig,gla,populatedPlace,Hamlet,108567.510,934609.760,5000,25000,108532.127,934252.782,109150.457,935016.903,HS2,http://data.ordnancesurvey.co.uk/id/postcodedistrict/HS2,,,,,,,Na h-Eileanan an Iar,http://data.ordnancesurvey.co.uk/id/7000000000030022,http://data.ordnancesurvey.co.uk/ontology/admingeo/UnitaryAuthority,Scotland,http://data.ordnancesurvey.co.uk/id/7000000000041429,Scotland,http://data.ordnancesurvey.co.uk/id/country/scotland,,,
osgb4000000074336950,http://data.ordnancesurvey.co.uk/id/4000000074336950,Geisiadar,,,,populatedPlace,Other Settlement,111462.600,932163.120,15000,25000,111286.975,931156.089,111880.174,932282.166,HS2,http://data.ordnancesurvey.co.uk/id/postcodedistrict/HS2,,,,,,,Na h-Eileanan an Iar,http://data.ordnancesurvey.co.uk/id/7000000000030022,http://data.ordnancesurvey.co.uk/ontology/admingeo/UnitaryAuthority,Scotland,http://data.ordnancesurvey.co.uk/id/7000000000041429,Scotland,http://data.ordnancesurvey.co.uk/id/country/scotland,,,
osgb4000000074543331,http://data.ordnancesurvey.co.uk/id/4000000074543331,Kneep,eng,Cnip,gla,populatedPlace,Village,109571.990,936542.687,3000,250000,109410.704,936270.069,109910.704,936770.069,HS2,http://data.ordnancesurvey.co.uk/id/postcodedistrict/HS2,,,,,,,Na h-Eileanan an Iar,http://data.ordnancesurvey.co.uk/id/7000000000030022,http://data.ordnancesurvey.co.uk/ontology/admingeo/UnitaryAuthority,Scotland,http://data.ordnancesurvey.co.uk/id/7000000000041429,Scotland,http://data.ordnancesurvey.co.uk/id/country/scotland,,http://dbpedia.org/resource/Kneep,
osgb4000000074577582,http://data.ordnancesurvey.co.uk/id/4000000074577582,Carnais,,,,populatedPlace,Hamlet,103451.000,931467.000,5000,25000,102951.680,931222.100,103558.013,932390.655,HS2,http://data.ordnancesurvey.co.uk/id/postcodedistrict/HS2,,,,,,,Na h-Eileanan an Iar,http://data.ordnancesurvey.co.uk/id/7000000000030022,http://data.ordnancesurvey.co.uk/ontology/admingeo/UnitaryAuthority,Scotland,http://data.ordnancesurvey.co.uk/id/7000000000041429,Scotland,http://data.ordnancesurvey.co.uk/id/country/scotland,,,
osgb4000000074576034,http://data.ordnancesurvey.co.uk/id/4000000074576034,Àird Uig,,,,populatedPlace,Hamlet,104944.000,937987.000,5000,25000,104681.847,937570.952,105181.847,938375.002,HS2,http://data.ordnancesurvey.co.uk/id/postcodedistrict/HS2,,,,,,,Na h-Eileanan an Iar,http://data.ordnancesurvey.co.uk/id/7000000000030022,http://data.ordnancesurvey.co.uk/ontology/admingeo/UnitaryAuthority,Scotland,http://data.ordnancesurvey.co.uk/id/7000000000041429,Scotland,http://data.ordnancesurvey.co.uk/id/country/scotland,,http://dbpedia.org/resource/Aird_Uig,http://sws.geonames.org/2657603
osgb4000000074574382,http://data.ordnancesurvey.co.uk/id/4000000074574382,Crùlabhig,,,,populatedPlace,Hamlet,117481.000,933323.000,5000,25000,116824.968,933186.847,117785.146,933744.858,HS2,http://data.ordnancesurvey.co.uk/id/postcodedistrict/HS2,,,,,,,Na h-Eileanan an Iar,http://data.ordnancesurvey.co.uk/id/7000000000030022,http://data.ordnancesurvey.co.uk/ontology/admingeo/UnitaryAuthority,Scotland,http://data.ordnancesurvey.co.uk/id/7000000000041429,Scotland,http://data.ordnancesurvey.co.uk/id/country/scotland,,,
osgb4000000074543402,http://data.ordnancesurvey.co.uk/id/4000000074543402,Timsgearraidh,gla,Timsgarry,eng,populatedPlace,Village,105052.000,933969.000,9000,250000,104796.998,933166.933,105918.038,934619.757,HS2,http://data.ordnancesurvey.co.uk/id/postcodedistrict/HS2,,,,,,,Na h-Eileanan an Iar,http://data.ordnancesurvey.co.uk/id/7000000000030022,http://data.ordnancesurvey.co.uk/ontology/admingeo/UnitaryAuthority,Scotland,http://data.ordnancesurvey.co.uk/id/7000000000041429,Scotland,http://data.ordnancesurvey.co.uk/id/country/scotland,,http://dbpedia.org/resource/Timsgarry,
osgb4000000074336678,http://data.ordnancesurvey.co.uk/id/4000000074336678,Iarsiadar,,,,populatedPlace,Hamlet,116522.500,933908.370,5000,25000,115856.602,933609.316,116761.481,934117.051,HS2,http://data.ordnancesurvey.co.uk/id/postcodedistrict/HS2,,,,,,,Na h-Eileanan an Iar,http://data.ordnancesurvey.co.uk/id/7000000000030022,http://data.ordnancesurvey.co.uk/ontology/admingeo/UnitaryAuthority,Scotland,http://data.ordnancesurvey.co.uk/id/7000000000041429,Scotland,http://data.ordnancesurvey.co.uk/id/country/scotland,,,
osgb4000000074336673,http://data.ordnancesurvey.co.uk/id/4000000074336673,Riof,,,,populatedPlace,Hamlet,110846.000,934546.000,5000,25000,110442.425,934367.248,111437.785,934867.248,HS2,http://data.ordnancesurvey.co.uk/id/postcodedistrict/HS2,,,,,,,Na h-Eileanan an Iar,http://data.ordnancesurvey.co.uk/id/7000000000030022,http://data.ordnancesurvey.co.uk/ontology/admingeo/UnitaryAuthority,Scotland,http://data.ordnancesurvey.co.uk/id/7000000000041429,Scotland,http://data.ordnancesurvey.co.uk/id/country/scotland,,,
osgb4000000074543330,http://data.ordnancesurvey.co.uk/id/4000000074543330,Uigean,gla,Uigen,eng,populatedPlace,Hamlet,109488.000,934466.000,5000,25000,109205.756,934261.678,109758.736,934761.678,HS2,http://data.ordnancesurvey.co.uk/id/postcodedistrict/HS2,,,,,,,Na h-Eileanan an Iar,http://data.ordnancesurvey.co.uk/id/7000000000030022,http://data.ordnancesurvey.co.uk/ontology/admingeo/UnitaryAuthority,Scotland,http://data.ordnancesurvey.co.uk/id/7000000000041429,Scotland,http://data.ordnancesurvey.co.uk/id/country/scotland,,,
osgb4000000074574922,http://data.ordnancesurvey.co.uk/id/4000000074574922,Einacleit,,,,populatedPlace,Hamlet,112168.350,928367.300,5000,25000,112044.905,927898.541,112544.905,928833.573,HS2,http://data.ordnancesurvey.co.uk/id/postcodedistrict/HS2,,,,,,,Na h-Eileanan an Iar,http://data.ordnancesurvey.co.uk/id/7000000000030022,http://data.ordnancesurvey.co.uk/ontology/admingeo/UnitaryAuthority,Scotland,http://data.ordnancesurvey.co.uk/id/7000000000041429,Scotland,http://data.ordnancesurvey.co.uk/id/country/scotland,,,
osgb4000000074574921,http://data.ordnancesurvey.co.uk/id/4000000074574921,Tacleit,gla,Hacklete,eng,populatedPlace,Other Settlement,115197.380,934754.500,15000,25000,114635.022,934287.972,115826.441,935057.122,HS2,http://data.ordnancesurvey.co.uk/id/postcodedistrict/HS2,,,,,,,Na h-Eileanan an Iar,http://data.ordnancesurvey.co.uk/id/7000000000030022,http://data.ordnancesurvey.co.uk/ontology/admingeo/UnitaryAuthority,Scotland,http://data.ordnancesurvey.co.uk/id/7000000000041429,Scotland,http://data.ordnancesurvey.co.uk/id/country/scotland,,,
osgb4000000074336675,http://data.ordnancesurvey.co.uk/id/4000000074336675,Crothair,,,,populatedPlace,Hamlet,115270.000,939817.000,5000,25000,115020.947,939570.288,115520.947,940070.288,HS2,http://data.ordnancesurvey.co.uk/id/postcodedistrict/HS2,,,,,,,Na h-Eileanan an Iar,http://data.ordnancesurvey.co.uk/id/7000000000030022,http://data.ordnancesurvey.co.uk/ontology/admingeo/UnitaryAuthority,Scotland,http://data.ordnancesurvey.co.uk/id/7000000000041429,Scotland,http://data.ordnancesurvey.co.uk/id/country/scotland,,,
osgb4000000074543404,http://data.ordnancesurvey.co.uk/id/4000000074543404,Tolastadh a' Chaolais,gla,Tolsta Chaolais,eng,populatedPlace,Village,119488.240,937985.250,11000,250000,118986.617,937424.694,120364.045,939174.123,HS2,http://data.ordnancesurvey.co.uk/id/postcodedistrict/HS2,,,,,,,Na h-Eileanan an Iar,http://data.ordnancesurvey.co.uk/id/7000000000030022,http://data.ordnancesurvey.co.uk/ontology/admingeo/UnitaryAuthority,Scotland,http://data.ordnancesurvey.co.uk/id/7000000000041429,Scotland,http://data.ordnancesurvey.co.uk/id/country/scotland,,,
osgb4000000074577580,http://data.ordnancesurvey.co.uk/id/4000000074577580,Circebost,gla,Kirkibost,eng,populatedPlace,Village,118777.930,934722.630,12000,250000,117203.861,933875.560,119112.296,935715.483,HS2,http://data.ordnancesurvey.co.uk/id/postcodedistrict/HS2,,,,,,,Na h-Eileanan an Iar,http://data.ordnancesurvey.co.uk/id/7000000000030022,http://data.ordnancesurvey.co.uk/ontology/admingeo/UnitaryAuthority,Scotland,http://data.ordnancesurvey.co.uk/id/7000000000041429,Scotland,http://data.ordnancesurvey.co.uk/id/country/scotland,,,
osgb4000000074575196,http://data.ordnancesurvey.co.uk/id/4000000074575196,Cliobh,gla,Cliff,eng,populatedPlace,Hamlet,108315.000,936022.000,5000,25000,108000.612,935650.312,108500.612,936379.243,HS2,http://data.ordnancesurvey.co.uk/id/postcodedistrict/HS2,,,,,,,Na h-Eileanan an Iar,http://data.ordnancesurvey.co.uk/id/7000000000030022,http://data.ordnancesurvey.co.uk/ontology/admingeo/UnitaryAuthority,Scotland,http://data.ordnancesurvey.co.uk/id/7000000000041429,Scotland,http://data.ordnancesurvey.co.uk/id/country/scotland,,"http://dbpedia.org/resource/Cliff,_Lewis",
osgb4000000074543403,http://data.ordnancesurvey.co.uk/id/4000000074543403,Mangarstadh,gla,Mangersta,eng,populatedPlace,Other Settlement,101051.000,931494.000,15000,25000,100636.607,931200.046,101292.542,931911.112,HS2,http://data.ordnancesurvey.co.uk/id/postcodedistrict/HS2,,,,,,,Na h-Eileanan an Iar,http://data.ordnancesurvey.co.uk/id/7000000000030022,http://data.ordnancesurvey.co.uk/ontology/admingeo/UnitaryAuthority,Scotland,http://data.ordnancesurvey.co.uk/id/7000000000041429,Scotland,http://data.ordnancesurvey.co.uk/id/country/scotland,,,
osgb4000000074575763,http://data.ordnancesurvey.co.uk/id/4000000074575763,Tobson,,,,populatedPlace,Other Settlement,114123.000,938570.000,15000,25000,113569.273,938073.369,114735.562,938767.110,HS2,http://data.ordnancesurvey.co.uk/id/postcodedistrict/HS2,,,,,,,Na h-Eileanan an Iar,http://data.ordnancesurvey.co.uk/id/7000000000030022,http://data.ordnancesurvey.co.uk/ontology/admingeo/UnitaryAuthority,Scotland,http://data.ordnancesurvey.co.uk/id/7000000000041429,Scotland,http://data.ordnancesurvey.co.uk/id/country/scotland,,,
HS29DW,http://data.ordnancesurvey.co.uk/id/postcodeunit/HS29DW,HS2 9DW,,,,other,Postcode,119522.000,938145.000,3500,18000,,,,,,,Tolastadh a' Chaolais / Tolsta Chaolais,http://data.ordnancesurvey.co.uk/id/4000000074543404,http://www.ordnancesurvey.co.uk/xml/codelists/localtype.xml#village,,,,Na h-Eileanan an Iar,http://data.ordnancesurvey.co.uk/id/7000000000030022,http://data.ordnancesurvey.co.uk/ontology/admingeo/UnitaryAuthority,Scotland,http://data.ordnancesurvey.co.uk/id/7000000000041429,Scotland,http://data.ordnancesurvey.co.uk/id/country/scotland,,,
HS29LN,http://data.ordnancesurvey.co.uk/id/postcodeunit/HS29LN,HS2 9LN,,,,other,Postcode,118468.000,932790.000,3500,18000,,,,,,,Lundal / Lundale,http://data.ordnancesurvey.co.uk/id/4000000074577581,http://www.ordnancesurvey.co.uk/xml/codelists/localtype.xml#hamlet,,,,Na h-Eileanan an Iar,http://data.ordnancesurvey.co.uk/id/7000000000030022,http://data.ordnancesurvey.co.uk/ontology/admingeo/UnitaryAuthority,Scotland,http://data.ordnancesurvey.co.uk/id/7000000000041429,Scotland,http://data.ordnancesurvey.co.uk/id/country/scotland,,,
HS29EW,http://data.ordnancesurvey.co.uk/id/postcodeunit/HS29EW,HS2 9EW,,,,other,Postcode,112896.000,925712.000,3500,18000,,,,,,,Giosla,http://data.ordnancesurvey.co.uk/id/4000000074574117,http://www.ordnancesurvey.co.uk/xml/codelists/localtype.xml#hamlet,,,,Na h-Eileanan an Iar,http://data.ordnancesurvey.co.uk/id/7000000000030022,http://data.ordnancesurvey.co.uk/ontology/admingeo/UnitaryAuthority,Scotland,http://data.ordnancesurvey.co.uk/id/7000000000041429,Scotland,http://data.ordnancesurvey.co.uk/id/country/scotland,,,
HS29HE,http://data.ordnancesurvey.co.uk/id/postcodeunit/HS29HE,HS2 9HE,,,,other,Postcode,109052.000,934329.000,3500,18000,,,,,,,Meavaig / Miabhaig,http://data.ordnancesurvey.co.uk/id/4000000074575195,http://www.ordnancesurvey.co.uk/xml/codelists/localtype.xml#hamlet,,,,Na h-Eileanan an Iar,http://data.ordnancesurvey.co.uk/id/7000000000030022,http://data.ordnancesurvey.co.uk/ontology/admingeo/UnitaryAuthority,Scotland,http://data.ordnancesurvey.co.uk/id/7000000000041429,Scotland,http://data.ordnancesurvey.co.uk/id/country/scotland,,,
HS29LY,http://data.ordnancesurvey.co.uk/id/postcodeunit/HS29LY,HS2 9LY,,,,other,Postcode,118304.000,934282.000,3500,18000,,,,,,,Circebost / Kirkibost,http://data.ordnancesurvey.co.uk/id/4000000074577580,http://www.ordnancesurvey.co.uk/xml/codelists/localtype.xml#village,,,,Na h-Eileanan an Iar,http://data.ordnancesurvey.co.uk/id/7000000000030022,http://data.ordnancesurvey.co.uk/ontology/admingeo/UnitaryAuthority,Scotland,http://data.ordnancesurvey.co.uk/id/7000000000041429,Scotland,http://data.ordnancesurvey.co.uk/id/country/scotland,,,
HS29ET,http://data.ordnancesurvey.co.uk/id/postcodeunit/HS29ET,HS2 9ET,,,,other,Postcode,105695.000,933417.000,3500,18000,,,,,,,Timsgearraidh / Timsgarry,http://data.ordnancesurvey.co.uk/id/4000000074543402,http://www.ordnancesurvey.co.uk/xml/codelists/localtype.xml#village,,,,Na h-Eileanan an Iar,http://data.ordnancesurvey.co.uk/id/7000000000030022,http://data.ordnancesurvey.co.uk/ontology/admingeo/UnitaryAuthority,Scotland,http://data.ordnancesurvey.co.uk/id/7000000000041429,Scotland,http://data.ordnancesurvey.co.uk/id/country/scotland,,,
HS29NB,http://data.ordnancesurvey.co.uk/id/postcodeunit/HS29NB,HS2 9NB,,,,other,Postcode,114804.000,936583.000,3500,18000,,,,,,,Bhalasaigh,http://data.ordnancesurvey.co.uk/id/4000000074336681,http://www.ordnancesurvey.co.uk/xml/codelists/localtype.xml#hamlet,,,,Na h-Eileanan an Iar,http://data.ordnancesurvey.co.uk/id/7000000000030022,http://data.ordnancesurvey.co.uk/ontology/admingeo/UnitaryAuthority,Scotland,http://data.ordnancesurvey.co.uk/id/7000000000041429,Scotland,http://data.ordnancesurvey.co.uk/id/country/scotland,,,
HS29JD,http://data.ordnancesurvey.co.uk/id/postcodeunit/HS29JD,HS2 9JD,,,,other,Postcode,105437.000,934058.000,3500,18000,,,,,,,Timsgearraidh / Timsgarry,http://data.ordnancesurvey.co.uk/id/4000000074543402,http://www.ordnancesurvey.co.uk/xml/codelists/localtype.xml#village,,,,Na h-Eileanan an Iar,http://data.ordnancesurvey.co.uk/id/7000000000030022,http://data.ordnancesurvey.co.uk/ontology/admingeo/UnitaryAuthority,Scotland,http://data.ordnancesurvey.co.uk/id/7000000000041429,Scotland,http://data.ordnancesurvey.co.uk/id/country/scotland,,,
HS29HU,http://data.ordnancesurvey.co.uk/id/postcodeunit/HS29HU,HS2 9HU,,,,other,Postcode,110817.000,934555.000,3500,18000,,,,,,,Riof,http://data.ordnancesurvey.co.uk/id/4000000074336673,http://www.ordnancesurvey.co.uk/xml/codelists/localtype.xml#hamlet,,,,Na h-Eileanan an Iar,http://data.ordnancesurvey.co.uk/id/7000000000030022,http://data.ordnancesurvey.co.uk/ontology/admingeo/UnitaryAuthority,Scotland,http://data.ordnancesurvey.co.uk/id/7000000000041429,Scotland,http://data.ordnancesurvey.co.uk/id/country/scotland,,,
HS29EU,http://data.ordnancesurvey.co.uk/id/postcodeunit/HS29EU,HS2 9EU,,,,other,Postcode,104348.000,932113.000,3500,18000,,,,,,,Eadar Dha Fhadhail,http://data.ordnancesurvey.co.uk/id/4000000074575471,http://www.ordnancesurvey.co.uk/xml/codelists/localtype.xml#otherSettlement,,,,Na h-Eileanan an Iar,http://data.ordnancesurvey.co.uk/id/7000000000030022,http://data.ordnancesurvey.co.uk/ontology/admingeo/UnitaryAuthority,Scotland,http://data.ordnancesurvey.co.uk/id/7000000000041429,Scotland,http://data.ordnancesurvey.co.uk/id/country/scotland,,,
HS29JJ,http://data.ordnancesurvey.co.uk/id/postcodeunit/HS29JJ,HS2 9JJ,,,,other,Postcode,105457.000,934356.000,3500,18000,,,,,,,Timsgearraidh / Timsgarry,http://data.ordnancesurvey.co.uk/id/4000000074543402,http://www.ordnancesurvey.co.uk/xml/codelists/localtype.xml#village,,,,Na h-Eileanan an Iar,http://data.ordnancesurvey.co.uk/id/7000000000030022,http://data.ordnancesurvey.co.uk/ontology/admingeo/UnitaryAuthority,Scotland,http://data.ordnancesurvey.co.uk/id/7000000000041429,Scotland,http://data.ordnancesurvey.co.uk/id/country/scotland,,,
HS29HS,http://data.ordnancesurvey.co.uk/id/postcodeunit/HS29HS,HS2 9HS,,,,other,Postcode,109635.000,936552.000,3500,18000,,,,,,,Kneep / Cnip,http://data.ordnancesurvey.co.uk/id/4000000074543331,http://www.ordnancesurvey.co.uk/xml/codelists/localtype.xml#village,,,,Na h-Eileanan an Iar,http://data.ordnancesurvey.co.uk/id/7000000000030022,http://data.ordnancesurvey.co.uk/ontology/admingeo/UnitaryAuthority,Scotland,http://data.ordnancesurvey.co.uk/id/7000000000041429,Scotland,http://data.ordnancesurvey.co.uk/id/country/scotland,,,
HS29HX,http://data.ordnancesurvey.co.uk/id/postcodeunit/HS29HX,HS2 9HX,,,,other,Postcode,109515.000,934472.000,3500,18000,,,,,,,Uigean / Uigen,http://data.ordnancesurvey.co.uk/id/4000000074543330,http://www.ordnancesurvey.co.uk/xml/codelists/localtype.xml#hamlet,,,,Na h-Eileanan an Iar,http://data.ordnancesurvey.co.uk/id/7000000000030022,http://data.ordnancesurvey.co.uk/ontology/admingeo/UnitaryAuthority,Scotland,http://data.ordnancesurvey.co.uk/id/7000000000041429,Scotland,http://data.ordnancesurvey.co.uk/id/country/scotland,,,
HS29ND,http://data.ordnancesurvey.co.uk/id/postcodeunit/HS29ND,HS2 9ND,,,,other,Postcode,115177.000,934744.000,3500,18000,,,,,,,Tacleit / Hacklete,http://data.ordnancesurvey.co.uk/id/4000000074574921,http://www.ordnancesurvey.co.uk/xml/codelists/localtype.xml#otherSettlement,,,,Na h-Eileanan an Iar,http://data.ordnancesurvey.co.uk/id/7000000000030022,http://data.ordnancesurvey.co.uk/ontology/admingeo/UnitaryAuthority,Scotland,http://data.ordnancesurvey.co.uk/id/7000000000041429,Scotland,http://data.ordnancesurvey.co.uk/id/country/scotland,,,
HS29LU,http://data.ordnancesurvey.co.uk/id/postcodeunit/HS29LU,HS2 9LU,,,,other,Postcode,116088.000,936318.000,3500,18000,,,,,,,Breaclete / Breacleit,http://data.ordnancesurvey.co.uk/id/4000000074542757,http://www.ordnancesurvey.co.uk/xml/codelists/localtype.xml#village,,,,Na h-Eileanan an Iar,http://data.ordnancesurvey.co.uk/id/7000000000030022,http://data.ordnancesurvey.co.uk/ontology/admingeo/UnitaryAuthority,Scotland,http://data.ordnancesurvey.co.uk/id/7000000000041429,Scotland,http://data.ordnancesurvey.co.uk/id/country/scotland,,,
HS29JE,http://data.ordnancesurvey.co.uk/id/postcodeunit/HS29JE,HS2 9JE,,,,other,Postcode,105571.000,934409.000,3500,18000,,,,,,,Timsgearraidh / Timsgarry,http://data.ordnancesurvey.co.uk/id/4000000074543402,http://www.ordnancesurvey.co.uk/xml/codelists/localtype.xml#village,,,,Na h-Eileanan an Iar,http://data.ordnancesurvey.co.uk/id/7000000000030022,http://data.ordnancesurvey.co.uk/ontology/admingeo/UnitaryAuthority,Scotland,http://data.ordnancesurvey.co.uk/id/7000000000041429,Scotland,http://data.ordnancesurvey.co.uk/id/country/scotland,,,
HS29EP,http://data.ordnancesurvey.co.uk/id/postcodeunit/HS29EP,HS2 9EP,,,,other,Postcode,111247.000,930418.000,3500,18000,,,,,,,,,,,,,Na h-Eileanan an Iar,http://data.ordnancesurvey.co.uk/id/7000000000030022,http://data.ordnancesurvey.co.uk/ontology/admingeo/UnitaryAuthority,Scotland,http://data.ordnancesurvey.co.uk/id/7000000000041429,Scotland,http://data.ordnancesurvey.co.uk/id/country/scotland,,,
HS29HJ,http://data.ordnancesurvey.co.uk/id/postcodeunit/HS29HJ,HS2 9HJ,,,,other,Postcode,112502.000,929770.000,3500,18000,,,,,,,,,,,,,Na h-Eileanan an Iar,http://data.ordnancesurvey.co.uk/id/7000000000030022,http://data.ordnancesurvey.co.uk/ontology/admingeo/UnitaryAuthority,Scotland,http://data.ordnancesurvey.co.uk/id/7000000000041429,Scotland,http://data.ordnancesurvey.co.uk/id/country/scotland,,,
HS29NA,http://data.ordnancesurvey.co.uk/id/postcodeunit/HS29NA,HS2 9NA,,,,other,Postcode,114114.000,938499.000,3500,18000,,,,,,,Tobson,http://data.ordnancesurvey.co.uk/id/4000000074575763,http://www.ordnancesurvey.co.uk/xml/codelists/localtype.xml#otherSettlement,,,,Na h-Eileanan an Iar,http://data.ordnancesurvey.co.uk/id/7000000000030022,http://data.ordnancesurvey.co.uk/ontology/admingeo/UnitaryAuthority,Scotland,http://data.ordnancesurvey.co.uk/id/7000000000041429,Scotland,http://data.ordnancesurvey.co.uk/id/country/scotland,,,
HS29HH,http://data.ordnancesurvey.co.uk/id/postcodeunit/HS29HH,HS2 9HH,,,,other,Postcode,112209.000,928316.000,3500,18000,,,,,,,Einacleit,http://data.ordnancesurvey.co.uk/id/4000000074574922,http://www.ordnancesurvey.co.uk/xml/codelists/localtype.xml#hamlet,,,,Na h-Eileanan an Iar,http://data.ordnancesurvey.co.uk/id/7000000000030022,http://data.ordnancesurvey.co.uk/ontology/admingeo/UnitaryAuthority,Scotland,http://data.ordnancesurvey.co.uk/id/7000000000041429,Scotland,http://data.ordnancesurvey.co.uk/id/country/scotland,,,
HS29EY,http://data.ordnancesurvey.co.uk/id/postcodeunit/HS29EY,HS2 9EY,,,,other,Postcode,100984.000,931439.000,3500,18000,,,,,,,Mangarstadh / Mangersta,http://data.ordnancesurvey.co.uk/id/4000000074543403,http://www.ordnancesurvey.co.uk/xml/codelists/localtype.xml#otherSettlement,,,,Na h-Eileanan an Iar,http://data.ordnancesurvey.co.uk/id/7000000000030022,http://data.ordnancesurvey.co.uk/ontology/admingeo/UnitaryAuthority,Scotland,http://data.ordnancesurvey.co.uk/id/7000000000041429,Scotland,http://data.ordnancesurvey.co.uk/id/country/scotland,,,
HS29JF,http://data.ordnancesurvey.co.uk/id/postcodeunit/HS29JF,HS2 9JF,,,,other,Postcode,104047.000,933717.000,3500,18000,,,,,,,,,,,,,Na h-Eileanan an Iar,http://data.ordnancesurvey.co.uk/id/7000000000030022,http://data.ordnancesurvey.co.uk/ontology/admingeo/UnitaryAuthority,Scotland,http://data.ordnancesurvey.co.uk/id/7000000000041429,Scotland,http://data.ordnancesurvey.co.uk/id/country/scotland,,,
HS29LX,http://data.ordnancesurvey.co.uk/id/postcodeunit/HS29LX,HS2 9LX,,,,other,Postcode,118796.000,934740.000,3500,18000,,,,,,,Circebost / Kirkibost,http://data.ordnancesurvey.co.uk/id/4000000074577580,http://www.ordnancesurvey.co.uk/xml/codelists/localtype.xml#village,,,,Na h-Eileanan an Iar,http://data.ordnancesurvey.co.uk/id/7000000000030022,http://data.ordnancesurvey.co.uk/ontology/admingeo/UnitaryAuthority,Scotland,http://data.ordnancesurvey.co.uk/id/7000000000041429,Scotland,http://data.ordnancesurvey.co.uk/id/country/scotland,,,
HS29LP,http://data.ordnancesurvey.co.uk/id/postcodeunit/HS29LP,HS2 9LP,,,,other,Postcode,116365.000,933894.000,3500,18000,,,,,,,Iarsiadar,http://data.ordnancesurvey.co.uk/id/4000000074336678,http://www.ordnancesurvey.co.uk/xml/codelists/localtype.xml#hamlet,,,,Na h-Eileanan an Iar,http://data.ordnancesurvey.co.uk/id/7000000000030022,http://data.ordnancesurvey.co.uk/ontology/admingeo/UnitaryAuthority,Scotland,http://data.ordnancesurvey.co.uk/id/7000000000041429,Scotland,http://data.ordnancesurvey.co.uk/id/country/scotland,,,
HS29EX,http://data.ordnancesurvey.co.uk/id/postcodeunit/HS29EX,HS2 9EX,,,,other,Postcode,103307.000,931968.000,3500,18000,,,,,,,Carnais,http://data.ordnancesurvey.co.uk/id/4000000074577582,http://www.ordnancesurvey.co.uk/xml/codelists/localtype.xml#hamlet,,,,Na h-Eileanan an Iar,http://data.ordnancesurvey.co.uk/id/7000000000030022,http://data.ordnancesurvey.co.uk/ontology/admingeo/UnitaryAuthority,Scotland,http://data.ordnancesurvey.co.uk/id/7000000000041429,Scotland,http://data.ordnancesurvey.co.uk/id/country/scotland,,,
HS29JH,http://data.ordnancesurvey.co.uk/id/postcodeunit/HS29JH,HS2 9JH,,,,other,Postcode,113660.000,922440.000,3500,18000,,,,,,,,,,,,,Na h-Eileanan an Iar,http://data.ordnancesurvey.co.uk/id/7000000000030022,http://data.ordnancesurvey.co.uk/ontology/admingeo/UnitaryAuthority,Scotland,http://data.ordnancesurvey.co.uk/id/7000000000041429,Scotland,http://data.ordnancesurvey.co.uk/id/country/scotland,,,
HS29JA,http://data.ordnancesurvey.co.uk/id/postcodeunit/HS29JA,HS2 9JA,,,,other,Postcode,104919.000,937996.000,3500,18000,,,,,,,Àird Uig,http://data.ordnancesurvey.co.uk/id/4000000074576034,http://www.ordnancesurvey.co.uk/xml/codelists/localtype.xml#hamlet,,,,Na h-Eileanan an Iar,http://data.ordnancesurvey.co.uk/id/7000000000030022,http://data.ordnancesurvey.co.uk/ontology/admingeo/UnitaryAuthority,Scotland,http://data.ordnancesurvey.co.uk/id/7000000000041429,Scotland,http://data.ordnancesurvey.co.uk/id/country/scotland,,,
HS29HR,http://data.ordnancesurvey.co.uk/id/postcodeunit/HS29HR,HS2 9HR,,,,other,Postcode,109239.000,936824.000,3500,18000,,,,,,,Valtos / Bhaltos,http://data.ordnancesurvey.co.uk/id/4000000074575197,http://www.ordnancesurvey.co.uk/xml/codelists/localtype.xml#village,,,,Na h-Eileanan an Iar,http://data.ordnancesurvey.co.uk/id/7000000000030022,http://data.ordnancesurvey.co.uk/ontology/admingeo/UnitaryAuthority,Scotland,http://data.ordnancesurvey.co.uk/id/7000000000041429,Scotland,http://data.ordnancesurvey.co.uk/id/country/scotland,,,
HS29HL,http://data.ordnancesurvey.co.uk/id/postcodeunit/HS29HL,HS2 9HL,,,,other,Postcode,111782.000,931628.000,3500,18000,,,,,,,Geisiadar,http://data.ordnancesurvey.co.uk/id/4000000074336950,http://www.ordnancesurvey.co.uk/xml/codelists/localtype.xml#otherSettlement,,,,Na h-Eileanan an Iar,http://data.ordnancesurvey.co.uk/id/7000000000030022,http://data.ordnancesurvey.co.uk/ontology/admingeo/UnitaryAuthority,Scotland,http://data.ordnancesurvey.co.uk/id/7000000000041429,Scotland,http://data.ordnancesurvey.co.uk/id/country/scotland,,,
HS29EL,http://data.ordnancesurvey.co.uk/id/postcodeunit/HS29EL,HS2 9EL,,,,other,Postcode,113618.000,927221.000,3500,18000,,,,,,,,,,,,,Na h-Eileanan an Iar,http://data.ordnancesurvey.co.uk/id/7000000000030022,http://data.ordnancesurvey.co.uk/ontology/admingeo/UnitaryAuthority,Scotland,http://data.ordnancesurvey.co.uk/id/7000000000041429,Scotland,http://data.ordnancesurvey.co.uk/id/country/scotland,,,
HS29HP,http://data.ordnancesurvey.co.uk/id/postcodeunit/HS29HP,HS2 9HP,,,,other,Postcode,108237.000,935969.000,3500,18000,,,,,,,Cliobh / Cliff,http://data.ordnancesurvey.co.uk/id/4000000074575196,http://www.ordnancesurvey.co.uk/xml/codelists/localtype.xml#hamlet,,,,Na h-Eileanan an Iar,http://data.ordnancesurvey.co.uk/id/7000000000030022,http://data.ordnancesurvey.co.uk/ontology/admingeo/UnitaryAuthority,Scotland,http://data.ordnancesurvey.co.uk/id/7000000000041429,Scotland,http://data.ordnancesurvey.co.uk/id/country/scotland,,,
HS29EN,http://data.ordnancesurvey.co.uk/id/postcodeunit/HS29EN,HS2 9EN,,,,other,Postcode,113760.000,923994.000,3500,18000,,,,,,,,,,,,,Na h-Eileanan an Iar,http://data.ordnancesurvey.co.uk/id/7000000000030022,http://data.ordnancesurvey.co.uk/ontology/admingeo/UnitaryAuthority,Scotland,http://data.ordnancesurvey.co.uk/id/7000000000041429,Scotland,http://data.ordnancesurvey.co.uk/id/country/scotland,,,
HS29ER,http://data.ordnancesurvey.co.uk/id/postcodeunit/HS29ER,HS2 9ER,,,,other,Postcode,110034.000,932933.000,3500,18000,,,,,,,Cairisiadar / Carishader,http://data.ordnancesurvey.co.uk/id/4000000074575194,http://www.ordnancesurvey.co.uk/xml/codelists/localtype.xml#hamlet,,,,Na h-Eileanan an Iar,http://data.ordnancesurvey.co.uk/id/7000000000030022,http://data.ordnancesurvey.co.uk/ontology/admingeo/UnitaryAuthority,Scotland,http://data.ordnancesurvey.co.uk/id/7000000000041429,Scotland,http://data.ordnancesurvey.co.uk/id/country/scotland,,,
HS29HW,http://data.ordnancesurvey.co.uk/id/postcodeunit/HS29HW,HS2 9HW,,,,other,Postcode,108659.000,934873.000,3500,18000,,,,,,,Meavaig / Miabhaig,http://data.ordnancesurvey.co.uk/id/4000000074575195,http://www.ordnancesurvey.co.uk/xml/codelists/localtype.xml#hamlet,,,,Na h-Eileanan an Iar,http://data.ordnancesurvey.co.uk/id/7000000000030022,http://data.ordnancesurvey.co.uk/ontology/admingeo/UnitaryAuthority,Scotland,http://data.ordnancesurvey.co.uk/id/7000000000041429,Scotland,http://data.ordnancesurvey.co.uk/id/country/scotland,,,
osgb5000005165170103,http://data.ordnancesurvey.co.uk/id/5000005165170103,Leana Ruadh,,,,transportNetwork,Named Road,105489.000,934351.000,1000,20000,105440.454,934338.029,105500.180,934353.973,HS2,http://data.ordnancesurvey.co.uk/id/postcodedistrict/HS2,Timsgearraidh / Timsgarry,http://data.ordnancesurvey.co.uk/id/4000000074543402,http://www.ordnancesurvey.co.uk/xml/codelists/localtype.xml#village,,,,Na h-Eileanan an Iar,http://data.ordnancesurvey.co.uk/id/7000000000030022,http://data.ordnancesurvey.co.uk/ontology/admingeo/UnitaryAuthority,Scotland,http://data.ordnancesurvey.co.uk/id/7000000000041429,Scotland,http://data.ordnancesurvey.co.uk/id/country/scotland,,,
osgb4000000003307854,http://data.ordnancesurvey.co.uk/id/4000000003307854,B8059,,,,transportNetwork,Numbered Road,118743.000,931606.000,35000,250000,116464.000,928848.083,120411.492,934260.000,HS2,http://data.ordnancesurvey.co.uk/id/postcodedistrict/HS2,,,,,,,Na h-Eileanan an Iar,http://data.ordnancesurvey.co.uk/id/7000000000030022,http://data.ordnancesurvey.co.uk/ontology/admingeo/UnitaryAuthority,Scotland,http://data.ordnancesurvey.co.uk/id/7000000000041429,Scotland,http://data.ordnancesurvey.co.uk/id/country/scotland,,,
HS29LS,http://data.ordnancesurvey.co.uk/id/postcodeunit/HS29LS,HS2 9LS,,,,other,Postcode,116738.000,934534.000,3500,18000,,,,,,,Barraglom,http://data.ordnancesurvey.co.uk/id/4000000074574639,http://www.ordnancesurvey.co.uk/xml/codelists/localtype.xml#hamlet,,,,Na h-Eileanan an Iar,http://data.ordnancesurvey.co.uk/id/7000000000030022,http://data.ordnancesurvey.co.uk/ontology/admingeo/UnitaryAuthority,Scotland,http://data.ordnancesurvey.co.uk/id/7000000000041429,Scotland,http://data.ordnancesurvey.co.uk/id/country/scotland,,,
HS29LT,http://data.ordnancesurvey.co.uk/id/postcodeunit/HS29LT,HS2 9LT,,,,other,Postcode,116023.000,936741.000,3500,18000,,,,,,,Breaclete / Breacleit,http://data.ordnancesurvey.co.uk/id/4000000074542757,http://www.ordnancesurvey.co.uk/xml/codelists/localtype.xml#village,,,,Na h-Eileanan an Iar,http://data.ordnancesurvey.co.uk/id/7000000000030022,http://data.ordnancesurvey.co.uk/ontology/admingeo/UnitaryAuthority,Scotland,http://data.ordnancesurvey.co.uk/id/7000000000041429,Scotland,http://data.ordnancesurvey.co.uk/id/country/scotland,,,
HS29JG,http://data.ordnancesurvey.co.uk/id/postcodeunit/HS29JG,HS2 9JG,,,,other,Postcode,105744.000,934476.000,3500,18000,,,,,,,Timsgearraidh / Timsgarry,http://data.ordnancesurvey.co.uk/id/4000000074543402,http://www.ordnancesurvey.co.uk/xml/codelists/localtype.xml#village,,,,Na h-Eileanan an Iar,http://data.ordnancesurvey.co.uk/id/7000000000030022,http://data.ordnancesurvey.co.uk/ontology/admingeo/UnitaryAuthority,Scotland,http://data.ordnancesurvey.co.uk/id/7000000000041429,Scotland,http://data.ordnancesurvey.co.uk/id/country/scotland,,,
HS29LW,http://data.ordnancesurvey.co.uk/id/postcodeunit/HS29LW,HS2 9LW,,,,other,Postcode,117520.000,933504.000,3500,18000,,,,,,,Crùlabhig,http://data.ordnancesurvey.co.uk/id/4000000074574382,http://www.ordnancesurvey.co.uk/xml/codelists/localtype.xml#hamlet,,,,Na h-Eileanan an Iar,http://data.ordnancesurvey.co.uk/id/7000000000030022,http://data.ordnancesurvey.co.uk/ontology/admingeo/UnitaryAuthority,Scotland,http://data.ordnancesurvey.co.uk/id/7000000000041429,Scotland,http://data.ordnancesurvey.co.uk/id/country/scotland,,,
HS29LZ,http://data.ordnancesurvey.co.uk/id/postcodeunit/HS29LZ,HS2 9LZ,,,,other,Postcode,115231.000,939827.000,3500,18000,,,,,,,Crothair,http://data.ordnancesurvey.co.uk/id/4000000074336675,http://www.ordnancesurvey.co.uk/xml/codelists/localtype.xml#hamlet,,,,Na h-Eileanan an Iar,http://data.ordnancesurvey.co.uk/id/7000000000030022,http://data.ordnancesurvey.co.uk/ontology/admingeo/UnitaryAuthority,Scotland,http://data.ordnancesurvey.co.uk/id/7000000000041429,Scotland,http://data.ordnancesurvey.co.uk/id/country/scotland,,,
osgb4000000003308268,http://data.ordnancesurvey.co.uk/id/4000000003308268,B8011,,,,transportNetwork,Numbered Road,111847.201,928703.070,116000,250000,105987.000,924219.760,123776.000,934612.000,HS2,http://data.ordnancesurvey.co.uk/id/postcodedistrict/HS2,,,,,,,Na h-Eileanan an Iar,http://data.ordnancesurvey.co.uk/id/7000000000030022,http://data.ordnancesurvey.co.uk/ontology/admingeo/UnitaryAuthority,Scotland,http://data.ordnancesurvey.co.uk/id/7000000000041429,Scotland,http://data.ordnancesurvey.co.uk/id/country/scotland,,,
