﻿osgb4000000074577103,http://data.ordnancesurvey.co.uk/id/4000000074577103,Coig Peighinnean Bhuirgh,gla,Five Penny Borve,eng,populatedPlace,Suburban Area,140795.951,955987.292,9000,25000,139957.504,955260.293,141350.009,956391.389,HS2,http://data.ordnancesurvey.co.uk/id/postcodedistrict/HS2,,,,,,,Na h-Eileanan an Iar,http://data.ordnancesurvey.co.uk/id/7000000000030022,http://data.ordnancesurvey.co.uk/ontology/admingeo/UnitaryAuthority,Scotland,http://data.ordnancesurvey.co.uk/id/7000000000041429,Scotland,http://data.ordnancesurvey.co.uk/id/country/scotland,,,
osgb4000000074543108,http://data.ordnancesurvey.co.uk/id/4000000074543108,Tolastadh bho Thuath,gla,North Tolsta,eng,populatedPlace,Village,153623.000,947133.000,13000,250000,152778.307,946124.574,154512.656,948190.183,HS2,http://data.ordnancesurvey.co.uk/id/postcodedistrict/HS2,,,,,,,Na h-Eileanan an Iar,http://data.ordnancesurvey.co.uk/id/7000000000030022,http://data.ordnancesurvey.co.uk/ontology/admingeo/UnitaryAuthority,Scotland,http://data.ordnancesurvey.co.uk/id/7000000000041429,Scotland,http://data.ordnancesurvey.co.uk/id/country/scotland,,http://dbpedia.org/resource/North_Tolsta,http://sws.geonames.org/2641242
osgb4000000074542608,http://data.ordnancesurvey.co.uk/id/4000000074542608,Gabhsann bho Dheas,gla,South Galson,eng,populatedPlace,Village,143776.000,958726.000,7000,250000,143034.088,958221.181,144084.756,959211.518,HS2,http://data.ordnancesurvey.co.uk/id/postcodedistrict/HS2,,,,,,,Na h-Eileanan an Iar,http://data.ordnancesurvey.co.uk/id/7000000000030022,http://data.ordnancesurvey.co.uk/ontology/admingeo/UnitaryAuthority,Scotland,http://data.ordnancesurvey.co.uk/id/7000000000041429,Scotland,http://data.ordnancesurvey.co.uk/id/country/scotland,,,
osgb4000000074578037,http://data.ordnancesurvey.co.uk/id/4000000074578037,Griais,gla,Gress,eng,populatedPlace,Village,148761.680,942495.070,12000,250000,148135.101,941810.029,149959.931,942875.774,HS2,http://data.ordnancesurvey.co.uk/id/postcodedistrict/HS2,,,,,,,Na h-Eileanan an Iar,http://data.ordnancesurvey.co.uk/id/7000000000030022,http://data.ordnancesurvey.co.uk/ontology/admingeo/UnitaryAuthority,Scotland,http://data.ordnancesurvey.co.uk/id/7000000000041429,Scotland,http://data.ordnancesurvey.co.uk/id/country/scotland,,http://dbpedia.org/resource/Gress,
osgb4000000074542607,http://data.ordnancesurvey.co.uk/id/4000000074542607,Borgh,gla,Borve,eng,populatedPlace,Other Settlement,140987.100,956294.200,15000,25000,139771.509,955260.229,141978.398,957829.138,HS2,http://data.ordnancesurvey.co.uk/id/postcodedistrict/HS2,,,,,,,Na h-Eileanan an Iar,http://data.ordnancesurvey.co.uk/id/7000000000030022,http://data.ordnancesurvey.co.uk/ontology/admingeo/UnitaryAuthority,Scotland,http://data.ordnancesurvey.co.uk/id/7000000000041429,Scotland,http://data.ordnancesurvey.co.uk/id/country/scotland,,"http://dbpedia.org/resource/Borve,_Lewis",http://sws.geonames.org/2655151
osgb4000000074336947,http://data.ordnancesurvey.co.uk/id/4000000074336947,Gleann Tholastaidh,,,,populatedPlace,Hamlet,152445.930,944645.000,5000,25000,152200.859,944372.694,152700.859,944872.694,HS2,http://data.ordnancesurvey.co.uk/id/postcodedistrict/HS2,,,,,,,Na h-Eileanan an Iar,http://data.ordnancesurvey.co.uk/id/7000000000030022,http://data.ordnancesurvey.co.uk/ontology/admingeo/UnitaryAuthority,Scotland,http://data.ordnancesurvey.co.uk/id/7000000000041429,Scotland,http://data.ordnancesurvey.co.uk/id/country/scotland,,,
osgb4000000074540913,http://data.ordnancesurvey.co.uk/id/4000000074540913,Bail ' Ard Bhuirgh,,,,populatedPlace,Suburban Area,141611.133,956752.987,8000,25000,140975.207,956084.736,141978.395,957277.534,HS2,http://data.ordnancesurvey.co.uk/id/postcodedistrict/HS2,,,,,,,Na h-Eileanan an Iar,http://data.ordnancesurvey.co.uk/id/7000000000030022,http://data.ordnancesurvey.co.uk/ontology/admingeo/UnitaryAuthority,Scotland,http://data.ordnancesurvey.co.uk/id/7000000000041429,Scotland,http://data.ordnancesurvey.co.uk/id/country/scotland,,,
osgb4000000074577339,http://data.ordnancesurvey.co.uk/id/4000000074577339,Mealabost Bhuirgh,gla,Melbost Borve,eng,populatedPlace,Suburban Area,141280.000,957616.000,5000,25000,140897.578,957120.318,141718.793,957829.074,HS2,http://data.ordnancesurvey.co.uk/id/postcodedistrict/HS2,,,,,,,Na h-Eileanan an Iar,http://data.ordnancesurvey.co.uk/id/7000000000030022,http://data.ordnancesurvey.co.uk/ontology/admingeo/UnitaryAuthority,Scotland,http://data.ordnancesurvey.co.uk/id/7000000000041429,Scotland,http://data.ordnancesurvey.co.uk/id/country/scotland,,,
osgb4000000074543171,http://data.ordnancesurvey.co.uk/id/4000000074543171,Gabhsann bho Thuath,,,,populatedPlace,Other Settlement,144418.000,959227.000,15000,25000,143989.237,958537.891,145220.876,959347.249,HS2,http://data.ordnancesurvey.co.uk/id/postcodedistrict/HS2,,,,,,,Na h-Eileanan an Iar,http://data.ordnancesurvey.co.uk/id/7000000000030022,http://data.ordnancesurvey.co.uk/ontology/admingeo/UnitaryAuthority,Scotland,http://data.ordnancesurvey.co.uk/id/7000000000041429,Scotland,http://data.ordnancesurvey.co.uk/id/country/scotland,,,
osgb4000000074575193,http://data.ordnancesurvey.co.uk/id/4000000074575193,New Tolsta,eng,Bail' Ur Tholastaidh,gla,populatedPlace,Hamlet,153308.000,948297.000,5000,25000,153110.088,947990.390,153668.098,948708.564,HS2,http://data.ordnancesurvey.co.uk/id/postcodedistrict/HS2,,,,,,,Na h-Eileanan an Iar,http://data.ordnancesurvey.co.uk/id/7000000000030022,http://data.ordnancesurvey.co.uk/ontology/admingeo/UnitaryAuthority,Scotland,http://data.ordnancesurvey.co.uk/id/7000000000041429,Scotland,http://data.ordnancesurvey.co.uk/id/country/scotland,,http://dbpedia.org/resource/Bail'_%C3%99r_Tholastaidh,
osgb4000000074337461,http://data.ordnancesurvey.co.uk/id/4000000074337461,Bac,,,,populatedPlace,Other Settlement,147733.290,940856.400,15000,25000,147245.772,939567.601,149135.952,941560.320,HS2,http://data.ordnancesurvey.co.uk/id/postcodedistrict/HS2,,,,,,,Na h-Eileanan an Iar,http://data.ordnancesurvey.co.uk/id/7000000000030022,http://data.ordnancesurvey.co.uk/ontology/admingeo/UnitaryAuthority,Scotland,http://data.ordnancesurvey.co.uk/id/7000000000041429,Scotland,http://data.ordnancesurvey.co.uk/id/country/scotland,,"http://dbpedia.org/resource/Back,_Lewis",http://sws.geonames.org/2656680
HS20LH,http://data.ordnancesurvey.co.uk/id/postcodeunit/HS20LH,HS2 0LH,,,,other,Postcode,147810.000,941387.000,3500,18000,,,,,,,Bac,http://data.ordnancesurvey.co.uk/id/4000000074337461,http://www.ordnancesurvey.co.uk/xml/codelists/localtype.xml#otherSettlement,,,,Na h-Eileanan an Iar,http://data.ordnancesurvey.co.uk/id/7000000000030022,http://data.ordnancesurvey.co.uk/ontology/admingeo/UnitaryAuthority,Scotland,http://data.ordnancesurvey.co.uk/id/7000000000041429,Scotland,http://data.ordnancesurvey.co.uk/id/country/scotland,,,
HS20LN,http://data.ordnancesurvey.co.uk/id/postcodeunit/HS20LN,HS2 0LN,,,,other,Postcode,148386.000,940094.000,3500,18000,,,,,,,Bac,http://data.ordnancesurvey.co.uk/id/4000000074337461,http://www.ordnancesurvey.co.uk/xml/codelists/localtype.xml#otherSettlement,,,,Na h-Eileanan an Iar,http://data.ordnancesurvey.co.uk/id/7000000000030022,http://data.ordnancesurvey.co.uk/ontology/admingeo/UnitaryAuthority,Scotland,http://data.ordnancesurvey.co.uk/id/7000000000041429,Scotland,http://data.ordnancesurvey.co.uk/id/country/scotland,,,
HS20NF,http://data.ordnancesurvey.co.uk/id/postcodeunit/HS20NF,HS2 0NF,,,,other,Postcode,153041.000,946519.000,3500,18000,,,,,,,Tolastadh bho Thuath / North Tolsta,http://data.ordnancesurvey.co.uk/id/4000000074543108,http://www.ordnancesurvey.co.uk/xml/codelists/localtype.xml#village,,,,Na h-Eileanan an Iar,http://data.ordnancesurvey.co.uk/id/7000000000030022,http://data.ordnancesurvey.co.uk/ontology/admingeo/UnitaryAuthority,Scotland,http://data.ordnancesurvey.co.uk/id/7000000000041429,Scotland,http://data.ordnancesurvey.co.uk/id/country/scotland,,,
HS20LJ,http://data.ordnancesurvey.co.uk/id/postcodeunit/HS20LJ,HS2 0LJ,,,,other,Postcode,148602.000,940094.000,3500,18000,,,,,,,Bac,http://data.ordnancesurvey.co.uk/id/4000000074337461,http://www.ordnancesurvey.co.uk/xml/codelists/localtype.xml#otherSettlement,,,,Na h-Eileanan an Iar,http://data.ordnancesurvey.co.uk/id/7000000000030022,http://data.ordnancesurvey.co.uk/ontology/admingeo/UnitaryAuthority,Scotland,http://data.ordnancesurvey.co.uk/id/7000000000041429,Scotland,http://data.ordnancesurvey.co.uk/id/country/scotland,,,
HS20RR,http://data.ordnancesurvey.co.uk/id/postcodeunit/HS20RR,HS2 0RR,,,,other,Postcode,141523.000,957224.000,3500,18000,,,,,,,Borgh / Borve,http://data.ordnancesurvey.co.uk/id/4000000074542607,http://www.ordnancesurvey.co.uk/xml/codelists/localtype.xml#otherSettlement,,,,Na h-Eileanan an Iar,http://data.ordnancesurvey.co.uk/id/7000000000030022,http://data.ordnancesurvey.co.uk/ontology/admingeo/UnitaryAuthority,Scotland,http://data.ordnancesurvey.co.uk/id/7000000000041429,Scotland,http://data.ordnancesurvey.co.uk/id/country/scotland,,,
HS20LA,http://data.ordnancesurvey.co.uk/id/postcodeunit/HS20LA,HS2 0LA,,,,other,Postcode,147926.000,940084.000,3500,18000,,,,,,,Bac,http://data.ordnancesurvey.co.uk/id/4000000074337461,http://www.ordnancesurvey.co.uk/xml/codelists/localtype.xml#otherSettlement,,,,Na h-Eileanan an Iar,http://data.ordnancesurvey.co.uk/id/7000000000030022,http://data.ordnancesurvey.co.uk/ontology/admingeo/UnitaryAuthority,Scotland,http://data.ordnancesurvey.co.uk/id/7000000000041429,Scotland,http://data.ordnancesurvey.co.uk/id/country/scotland,,,
HS20RT,http://data.ordnancesurvey.co.uk/id/postcodeunit/HS20RT,HS2 0RT,,,,other,Postcode,140928.000,955826.000,3500,18000,,,,,,,Borgh / Borve,http://data.ordnancesurvey.co.uk/id/4000000074542607,http://www.ordnancesurvey.co.uk/xml/codelists/localtype.xml#otherSettlement,,,,Na h-Eileanan an Iar,http://data.ordnancesurvey.co.uk/id/7000000000030022,http://data.ordnancesurvey.co.uk/ontology/admingeo/UnitaryAuthority,Scotland,http://data.ordnancesurvey.co.uk/id/7000000000041429,Scotland,http://data.ordnancesurvey.co.uk/id/country/scotland,,,
HS20LB,http://data.ordnancesurvey.co.uk/id/postcodeunit/HS20LB,HS2 0LB,,,,other,Postcode,147972.000,940361.000,3500,18000,,,,,,,Bac,http://data.ordnancesurvey.co.uk/id/4000000074337461,http://www.ordnancesurvey.co.uk/xml/codelists/localtype.xml#otherSettlement,,,,Na h-Eileanan an Iar,http://data.ordnancesurvey.co.uk/id/7000000000030022,http://data.ordnancesurvey.co.uk/ontology/admingeo/UnitaryAuthority,Scotland,http://data.ordnancesurvey.co.uk/id/7000000000041429,Scotland,http://data.ordnancesurvey.co.uk/id/country/scotland,,,
HS20SH,http://data.ordnancesurvey.co.uk/id/postcodeunit/HS20SH,HS2 0SH,,,,other,Postcode,143762.000,958720.000,3500,18000,,,,,,,Gabhsann bho Dheas / South Galson,http://data.ordnancesurvey.co.uk/id/4000000074542608,http://www.ordnancesurvey.co.uk/xml/codelists/localtype.xml#village,,,,Na h-Eileanan an Iar,http://data.ordnancesurvey.co.uk/id/7000000000030022,http://data.ordnancesurvey.co.uk/ontology/admingeo/UnitaryAuthority,Scotland,http://data.ordnancesurvey.co.uk/id/7000000000041429,Scotland,http://data.ordnancesurvey.co.uk/id/country/scotland,,,
HS20NE,http://data.ordnancesurvey.co.uk/id/postcodeunit/HS20NE,HS2 0NE,,,,other,Postcode,153518.000,947508.000,3500,18000,,,,,,,Tolastadh bho Thuath / North Tolsta,http://data.ordnancesurvey.co.uk/id/4000000074543108,http://www.ordnancesurvey.co.uk/xml/codelists/localtype.xml#village,,,,Na h-Eileanan an Iar,http://data.ordnancesurvey.co.uk/id/7000000000030022,http://data.ordnancesurvey.co.uk/ontology/admingeo/UnitaryAuthority,Scotland,http://data.ordnancesurvey.co.uk/id/7000000000041429,Scotland,http://data.ordnancesurvey.co.uk/id/country/scotland,,,
HS20SG,http://data.ordnancesurvey.co.uk/id/postcodeunit/HS20SG,HS2 0SG,,,,other,Postcode,143212.000,957911.000,3500,18000,,,,,,,,,,,,,Na h-Eileanan an Iar,http://data.ordnancesurvey.co.uk/id/7000000000030022,http://data.ordnancesurvey.co.uk/ontology/admingeo/UnitaryAuthority,Scotland,http://data.ordnancesurvey.co.uk/id/7000000000041429,Scotland,http://data.ordnancesurvey.co.uk/id/country/scotland,,,
HS20NQ,http://data.ordnancesurvey.co.uk/id/postcodeunit/HS20NQ,HS2 0NQ,,,,other,Postcode,154190.000,946777.000,3500,18000,,,,,,,Tolastadh bho Thuath / North Tolsta,http://data.ordnancesurvey.co.uk/id/4000000074543108,http://www.ordnancesurvey.co.uk/xml/codelists/localtype.xml#village,,,,Na h-Eileanan an Iar,http://data.ordnancesurvey.co.uk/id/7000000000030022,http://data.ordnancesurvey.co.uk/ontology/admingeo/UnitaryAuthority,Scotland,http://data.ordnancesurvey.co.uk/id/7000000000041429,Scotland,http://data.ordnancesurvey.co.uk/id/country/scotland,,,
HS20NA,http://data.ordnancesurvey.co.uk/id/postcodeunit/HS20NA,HS2 0NA,,,,other,Postcode,149057.000,940577.000,3500,18000,,,,,,,Bac,http://data.ordnancesurvey.co.uk/id/4000000074337461,http://www.ordnancesurvey.co.uk/xml/codelists/localtype.xml#otherSettlement,,,,Na h-Eileanan an Iar,http://data.ordnancesurvey.co.uk/id/7000000000030022,http://data.ordnancesurvey.co.uk/ontology/admingeo/UnitaryAuthority,Scotland,http://data.ordnancesurvey.co.uk/id/7000000000041429,Scotland,http://data.ordnancesurvey.co.uk/id/country/scotland,,,
HS20RX,http://data.ordnancesurvey.co.uk/id/postcodeunit/HS20RX,HS2 0RX,,,,other,Postcode,140753.000,955995.000,3500,18000,,,,,,,Borgh / Borve,http://data.ordnancesurvey.co.uk/id/4000000074542607,http://www.ordnancesurvey.co.uk/xml/codelists/localtype.xml#otherSettlement,,,,Na h-Eileanan an Iar,http://data.ordnancesurvey.co.uk/id/7000000000030022,http://data.ordnancesurvey.co.uk/ontology/admingeo/UnitaryAuthority,Scotland,http://data.ordnancesurvey.co.uk/id/7000000000041429,Scotland,http://data.ordnancesurvey.co.uk/id/country/scotland,,,
HS20NP,http://data.ordnancesurvey.co.uk/id/postcodeunit/HS20NP,HS2 0NP,,,,other,Postcode,153884.000,946486.000,3500,18000,,,,,,,Tolastadh bho Thuath / North Tolsta,http://data.ordnancesurvey.co.uk/id/4000000074543108,http://www.ordnancesurvey.co.uk/xml/codelists/localtype.xml#village,,,,Na h-Eileanan an Iar,http://data.ordnancesurvey.co.uk/id/7000000000030022,http://data.ordnancesurvey.co.uk/ontology/admingeo/UnitaryAuthority,Scotland,http://data.ordnancesurvey.co.uk/id/7000000000041429,Scotland,http://data.ordnancesurvey.co.uk/id/country/scotland,,,
HS20NB,http://data.ordnancesurvey.co.uk/id/postcodeunit/HS20NB,HS2 0NB,,,,other,Postcode,149298.000,942242.000,3500,18000,,,,,,,Griais / Gress,http://data.ordnancesurvey.co.uk/id/4000000074578037,http://www.ordnancesurvey.co.uk/xml/codelists/localtype.xml#village,,,,Na h-Eileanan an Iar,http://data.ordnancesurvey.co.uk/id/7000000000030022,http://data.ordnancesurvey.co.uk/ontology/admingeo/UnitaryAuthority,Scotland,http://data.ordnancesurvey.co.uk/id/7000000000041429,Scotland,http://data.ordnancesurvey.co.uk/id/country/scotland,,,
HS20RY,http://data.ordnancesurvey.co.uk/id/postcodeunit/HS20RY,HS2 0RY,,,,other,Postcode,148003.000,941296.000,3500,18000,,,,,,,Bac,http://data.ordnancesurvey.co.uk/id/4000000074337461,http://www.ordnancesurvey.co.uk/xml/codelists/localtype.xml#otherSettlement,,,,Na h-Eileanan an Iar,http://data.ordnancesurvey.co.uk/id/7000000000030022,http://data.ordnancesurvey.co.uk/ontology/admingeo/UnitaryAuthority,Scotland,http://data.ordnancesurvey.co.uk/id/7000000000041429,Scotland,http://data.ordnancesurvey.co.uk/id/country/scotland,,,
HS20LQ,http://data.ordnancesurvey.co.uk/id/postcodeunit/HS20LQ,HS2 0LQ,,,,other,Postcode,148478.000,940678.000,3500,18000,,,,,,,Bac,http://data.ordnancesurvey.co.uk/id/4000000074337461,http://www.ordnancesurvey.co.uk/xml/codelists/localtype.xml#otherSettlement,,,,Na h-Eileanan an Iar,http://data.ordnancesurvey.co.uk/id/7000000000030022,http://data.ordnancesurvey.co.uk/ontology/admingeo/UnitaryAuthority,Scotland,http://data.ordnancesurvey.co.uk/id/7000000000041429,Scotland,http://data.ordnancesurvey.co.uk/id/country/scotland,,,
HS20RS,http://data.ordnancesurvey.co.uk/id/postcodeunit/HS20RS,HS2 0RS,,,,other,Postcode,141461.000,956549.000,3500,18000,,,,,,,Borgh / Borve,http://data.ordnancesurvey.co.uk/id/4000000074542607,http://www.ordnancesurvey.co.uk/xml/codelists/localtype.xml#otherSettlement,,,,Na h-Eileanan an Iar,http://data.ordnancesurvey.co.uk/id/7000000000030022,http://data.ordnancesurvey.co.uk/ontology/admingeo/UnitaryAuthority,Scotland,http://data.ordnancesurvey.co.uk/id/7000000000041429,Scotland,http://data.ordnancesurvey.co.uk/id/country/scotland,,,
HS20NT,http://data.ordnancesurvey.co.uk/id/postcodeunit/HS20NT,HS2 0NT,,,,other,Postcode,154452.000,946792.000,3500,18000,,,,,,,Tolastadh bho Thuath / North Tolsta,http://data.ordnancesurvey.co.uk/id/4000000074543108,http://www.ordnancesurvey.co.uk/xml/codelists/localtype.xml#village,,,,Na h-Eileanan an Iar,http://data.ordnancesurvey.co.uk/id/7000000000030022,http://data.ordnancesurvey.co.uk/ontology/admingeo/UnitaryAuthority,Scotland,http://data.ordnancesurvey.co.uk/id/7000000000041429,Scotland,http://data.ordnancesurvey.co.uk/id/country/scotland,,,
HS20LD,http://data.ordnancesurvey.co.uk/id/postcodeunit/HS20LD,HS2 0LD,,,,other,Postcode,147813.000,941037.000,3500,18000,,,,,,,Bac,http://data.ordnancesurvey.co.uk/id/4000000074337461,http://www.ordnancesurvey.co.uk/xml/codelists/localtype.xml#otherSettlement,,,,Na h-Eileanan an Iar,http://data.ordnancesurvey.co.uk/id/7000000000030022,http://data.ordnancesurvey.co.uk/ontology/admingeo/UnitaryAuthority,Scotland,http://data.ordnancesurvey.co.uk/id/7000000000041429,Scotland,http://data.ordnancesurvey.co.uk/id/country/scotland,,,
HS20JZ,http://data.ordnancesurvey.co.uk/id/postcodeunit/HS20JZ,HS2 0JZ,,,,other,Postcode,147630.000,940040.000,3500,18000,,,,,,,Bac,http://data.ordnancesurvey.co.uk/id/4000000074337461,http://www.ordnancesurvey.co.uk/xml/codelists/localtype.xml#otherSettlement,,,,Na h-Eileanan an Iar,http://data.ordnancesurvey.co.uk/id/7000000000030022,http://data.ordnancesurvey.co.uk/ontology/admingeo/UnitaryAuthority,Scotland,http://data.ordnancesurvey.co.uk/id/7000000000041429,Scotland,http://data.ordnancesurvey.co.uk/id/country/scotland,,,
HS20NW,http://data.ordnancesurvey.co.uk/id/postcodeunit/HS20NW,HS2 0NW,,,,other,Postcode,153993.000,947131.000,3500,18000,,,,,,,Tolastadh bho Thuath / North Tolsta,http://data.ordnancesurvey.co.uk/id/4000000074543108,http://www.ordnancesurvey.co.uk/xml/codelists/localtype.xml#village,,,,Na h-Eileanan an Iar,http://data.ordnancesurvey.co.uk/id/7000000000030022,http://data.ordnancesurvey.co.uk/ontology/admingeo/UnitaryAuthority,Scotland,http://data.ordnancesurvey.co.uk/id/7000000000041429,Scotland,http://data.ordnancesurvey.co.uk/id/country/scotland,,,
HS20SJ,http://data.ordnancesurvey.co.uk/id/postcodeunit/HS20SJ,HS2 0SJ,,,,other,Postcode,144588.000,958952.000,3500,18000,,,,,,,Gabhsann bho Thuath,http://data.ordnancesurvey.co.uk/id/4000000074543171,http://www.ordnancesurvey.co.uk/xml/codelists/localtype.xml#otherSettlement,,,,Na h-Eileanan an Iar,http://data.ordnancesurvey.co.uk/id/7000000000030022,http://data.ordnancesurvey.co.uk/ontology/admingeo/UnitaryAuthority,Scotland,http://data.ordnancesurvey.co.uk/id/7000000000041429,Scotland,http://data.ordnancesurvey.co.uk/id/country/scotland,,,
HS20NJ,http://data.ordnancesurvey.co.uk/id/postcodeunit/HS20NJ,HS2 0NJ,,,,other,Postcode,153798.000,947075.000,3500,18000,,,,,,,Tolastadh bho Thuath / North Tolsta,http://data.ordnancesurvey.co.uk/id/4000000074543108,http://www.ordnancesurvey.co.uk/xml/codelists/localtype.xml#village,,,,Na h-Eileanan an Iar,http://data.ordnancesurvey.co.uk/id/7000000000030022,http://data.ordnancesurvey.co.uk/ontology/admingeo/UnitaryAuthority,Scotland,http://data.ordnancesurvey.co.uk/id/7000000000041429,Scotland,http://data.ordnancesurvey.co.uk/id/country/scotland,,,
HS20RU,http://data.ordnancesurvey.co.uk/id/postcodeunit/HS20RU,HS2 0RU,,,,other,Postcode,141133.000,955981.000,3500,18000,,,,,,,Borgh / Borve,http://data.ordnancesurvey.co.uk/id/4000000074542607,http://www.ordnancesurvey.co.uk/xml/codelists/localtype.xml#otherSettlement,,,,Na h-Eileanan an Iar,http://data.ordnancesurvey.co.uk/id/7000000000030022,http://data.ordnancesurvey.co.uk/ontology/admingeo/UnitaryAuthority,Scotland,http://data.ordnancesurvey.co.uk/id/7000000000041429,Scotland,http://data.ordnancesurvey.co.uk/id/country/scotland,,,
HS20LF,http://data.ordnancesurvey.co.uk/id/postcodeunit/HS20LF,HS2 0LF,,,,other,Postcode,147946.000,940648.000,3500,18000,,,,,,,Bac,http://data.ordnancesurvey.co.uk/id/4000000074337461,http://www.ordnancesurvey.co.uk/xml/codelists/localtype.xml#otherSettlement,,,,Na h-Eileanan an Iar,http://data.ordnancesurvey.co.uk/id/7000000000030022,http://data.ordnancesurvey.co.uk/ontology/admingeo/UnitaryAuthority,Scotland,http://data.ordnancesurvey.co.uk/id/7000000000041429,Scotland,http://data.ordnancesurvey.co.uk/id/country/scotland,,,
HS20NH,http://data.ordnancesurvey.co.uk/id/postcodeunit/HS20NH,HS2 0NH,,,,other,Postcode,153533.000,947460.000,3500,18000,,,,,,,Tolastadh bho Thuath / North Tolsta,http://data.ordnancesurvey.co.uk/id/4000000074543108,http://www.ordnancesurvey.co.uk/xml/codelists/localtype.xml#village,,,,Na h-Eileanan an Iar,http://data.ordnancesurvey.co.uk/id/7000000000030022,http://data.ordnancesurvey.co.uk/ontology/admingeo/UnitaryAuthority,Scotland,http://data.ordnancesurvey.co.uk/id/7000000000041429,Scotland,http://data.ordnancesurvey.co.uk/id/country/scotland,,,
HS20NR,http://data.ordnancesurvey.co.uk/id/postcodeunit/HS20NR,HS2 0NR,,,,other,Postcode,154129.000,946776.000,3500,18000,,,,,,,Tolastadh bho Thuath / North Tolsta,http://data.ordnancesurvey.co.uk/id/4000000074543108,http://www.ordnancesurvey.co.uk/xml/codelists/localtype.xml#village,,,,Na h-Eileanan an Iar,http://data.ordnancesurvey.co.uk/id/7000000000030022,http://data.ordnancesurvey.co.uk/ontology/admingeo/UnitaryAuthority,Scotland,http://data.ordnancesurvey.co.uk/id/7000000000041429,Scotland,http://data.ordnancesurvey.co.uk/id/country/scotland,,,
osgb4000000003311232,http://data.ordnancesurvey.co.uk/id/4000000003311232,Sraid Na H-Eaglaise,,,,transportNetwork,Named Road,148308.252,940145.400,1000,20000,148302.541,940047.817,148349.100,940267.376,HS2,http://data.ordnancesurvey.co.uk/id/postcodedistrict/HS2,Bac,http://data.ordnancesurvey.co.uk/id/4000000074337461,http://www.ordnancesurvey.co.uk/xml/codelists/localtype.xml#otherSettlement,,,,Na h-Eileanan an Iar,http://data.ordnancesurvey.co.uk/id/7000000000030022,http://data.ordnancesurvey.co.uk/ontology/admingeo/UnitaryAuthority,Scotland,http://data.ordnancesurvey.co.uk/id/7000000000041429,Scotland,http://data.ordnancesurvey.co.uk/id/country/scotland,,,
8bf80017-ad84-4bbf-89b5-2a4169ad5b1d,http://data.ordnancesurvey.co.uk/id/8bf80017-ad84-4bbf-89b5-2a4169ad5b1d,Rathad An T-Seann Sgoil,,,,transportNetwork,Section Of Named Road,147688.808,940054.982,2000,25000,147534.647,939921.504,147839.771,940178.305,HS2,http://data.ordnancesurvey.co.uk/id/postcodedistrict/HS2,Bac,http://data.ordnancesurvey.co.uk/id/4000000074337461,http://www.ordnancesurvey.co.uk/xml/codelists/localtype.xml#otherSettlement,,,,Na h-Eileanan an Iar,http://data.ordnancesurvey.co.uk/id/7000000000030022,http://data.ordnancesurvey.co.uk/ontology/admingeo/UnitaryAuthority,Scotland,http://data.ordnancesurvey.co.uk/id/7000000000041429,Scotland,http://data.ordnancesurvey.co.uk/id/country/scotland,osgb4000000003311231,,
osgb4000000003307708,http://data.ordnancesurvey.co.uk/id/4000000003307708,New Street,,,,transportNetwork,Named Road,140612.000,955435.000,4000,20000,140504.000,955153.608,140723.202,955721.000,HS2,http://data.ordnancesurvey.co.uk/id/postcodedistrict/HS2,,,,,,,Na h-Eileanan an Iar,http://data.ordnancesurvey.co.uk/id/7000000000030022,http://data.ordnancesurvey.co.uk/ontology/admingeo/UnitaryAuthority,Scotland,http://data.ordnancesurvey.co.uk/id/7000000000041429,Scotland,http://data.ordnancesurvey.co.uk/id/country/scotland,,,
03fa9d18-c405-4a70-966e-261fcb55ef2b,http://data.ordnancesurvey.co.uk/id/03fa9d18-c405-4a70-966e-261fcb55ef2b,New Street,,,,transportNetwork,Section Of Named Road,147782.902,941423.116,3000,25000,147524.778,941261.641,148024.068,941522.630,HS2,http://data.ordnancesurvey.co.uk/id/postcodedistrict/HS2,Bac,http://data.ordnancesurvey.co.uk/id/4000000074337461,http://www.ordnancesurvey.co.uk/xml/codelists/localtype.xml#otherSettlement,,,,Na h-Eileanan an Iar,http://data.ordnancesurvey.co.uk/id/7000000000030022,http://data.ordnancesurvey.co.uk/ontology/admingeo/UnitaryAuthority,Scotland,http://data.ordnancesurvey.co.uk/id/7000000000041429,Scotland,http://data.ordnancesurvey.co.uk/id/country/scotland,osgb4000000003307703,,
osgb4000000003307703,http://data.ordnancesurvey.co.uk/id/4000000003307703,New Street,,,,transportNetwork,Named Road,147701.625,941453.762,4000,20000,147339.971,941261.641,148024.068,941558.514,HS2,http://data.ordnancesurvey.co.uk/id/postcodedistrict/HS2,Bac,http://data.ordnancesurvey.co.uk/id/4000000074337461,http://www.ordnancesurvey.co.uk/xml/codelists/localtype.xml#otherSettlement,,,,Na h-Eileanan an Iar,http://data.ordnancesurvey.co.uk/id/7000000000030022,http://data.ordnancesurvey.co.uk/ontology/admingeo/UnitaryAuthority,Scotland,http://data.ordnancesurvey.co.uk/id/7000000000041429,Scotland,http://data.ordnancesurvey.co.uk/id/country/scotland,,,
osgb4000000003307707,http://data.ordnancesurvey.co.uk/id/4000000003307707,New Street,,,,transportNetwork,Named Road,153801.000,947094.000,3000,20000,153529.000,947055.000,154020.000,947102.000,HS2,http://data.ordnancesurvey.co.uk/id/postcodedistrict/HS2,Tolastadh bho Thuath / North Tolsta,http://data.ordnancesurvey.co.uk/id/4000000074543108,http://www.ordnancesurvey.co.uk/xml/codelists/localtype.xml#village,,,,Na h-Eileanan an Iar,http://data.ordnancesurvey.co.uk/id/7000000000030022,http://data.ordnancesurvey.co.uk/ontology/admingeo/UnitaryAuthority,Scotland,http://data.ordnancesurvey.co.uk/id/7000000000041429,Scotland,http://data.ordnancesurvey.co.uk/id/country/scotland,,,
osgb4000000003307743,http://data.ordnancesurvey.co.uk/id/4000000003307743,School Road,,,,transportNetwork,Named Road,153592.000,947472.000,3000,20000,153375.579,947416.972,153788.000,947525.000,HS2,http://data.ordnancesurvey.co.uk/id/postcodedistrict/HS2,Tolastadh bho Thuath / North Tolsta,http://data.ordnancesurvey.co.uk/id/4000000074543108,http://www.ordnancesurvey.co.uk/xml/codelists/localtype.xml#village,,,,Na h-Eileanan an Iar,http://data.ordnancesurvey.co.uk/id/7000000000030022,http://data.ordnancesurvey.co.uk/ontology/admingeo/UnitaryAuthority,Scotland,http://data.ordnancesurvey.co.uk/id/7000000000041429,Scotland,http://data.ordnancesurvey.co.uk/id/country/scotland,,,
osgb4000000003311234,http://data.ordnancesurvey.co.uk/id/4000000003311234,Pairc Bhatasgeir,gla,( Vatisker Park ),eng,transportNetwork,Named Road,147602.384,940043.738,1000,20000,147574.604,940012.210,147688.808,940130.676,HS2,http://data.ordnancesurvey.co.uk/id/postcodedistrict/HS2,Bac,http://data.ordnancesurvey.co.uk/id/4000000074337461,http://www.ordnancesurvey.co.uk/xml/codelists/localtype.xml#otherSettlement,,,,Na h-Eileanan an Iar,http://data.ordnancesurvey.co.uk/id/7000000000030022,http://data.ordnancesurvey.co.uk/ontology/admingeo/UnitaryAuthority,Scotland,http://data.ordnancesurvey.co.uk/id/7000000000041429,Scotland,http://data.ordnancesurvey.co.uk/id/country/scotland,,,
osgb4000000003308269,http://data.ordnancesurvey.co.uk/id/4000000003308269,B895,,,,transportNetwork,Numbered Road,149114.000,941576.000,85000,250000,142389.000,935606.000,153795.900,948618.000,HS2,http://data.ordnancesurvey.co.uk/id/postcodedistrict/HS2,,,,,,,Na h-Eileanan an Iar,http://data.ordnancesurvey.co.uk/id/7000000000030022,http://data.ordnancesurvey.co.uk/ontology/admingeo/UnitaryAuthority,Scotland,http://data.ordnancesurvey.co.uk/id/7000000000041429,Scotland,http://data.ordnancesurvey.co.uk/id/country/scotland,,,
osgb4000000003307706,http://data.ordnancesurvey.co.uk/id/4000000003307706,Hill Street,,,,transportNetwork,Named Road,153398.655,947054.734,6000,20000,153184.915,946544.900,153506.499,947416.972,HS2,http://data.ordnancesurvey.co.uk/id/postcodedistrict/HS2,Tolastadh bho Thuath / North Tolsta,http://data.ordnancesurvey.co.uk/id/4000000074543108,http://www.ordnancesurvey.co.uk/xml/codelists/localtype.xml#village,,,,Na h-Eileanan an Iar,http://data.ordnancesurvey.co.uk/id/7000000000030022,http://data.ordnancesurvey.co.uk/ontology/admingeo/UnitaryAuthority,Scotland,http://data.ordnancesurvey.co.uk/id/7000000000041429,Scotland,http://data.ordnancesurvey.co.uk/id/country/scotland,,,
osgb4000000003307789,http://data.ordnancesurvey.co.uk/id/4000000003307789,Broadbay View,,,,transportNetwork,Named Road,147912.070,940061.008,2000,20000,147793.844,939972.792,148042.809,940143.978,HS2,http://data.ordnancesurvey.co.uk/id/postcodedistrict/HS2,Bac,http://data.ordnancesurvey.co.uk/id/4000000074337461,http://www.ordnancesurvey.co.uk/xml/codelists/localtype.xml#otherSettlement,,,,Na h-Eileanan an Iar,http://data.ordnancesurvey.co.uk/id/7000000000030022,http://data.ordnancesurvey.co.uk/ontology/admingeo/UnitaryAuthority,Scotland,http://data.ordnancesurvey.co.uk/id/7000000000041429,Scotland,http://data.ordnancesurvey.co.uk/id/country/scotland,,,
6bb0dd2a-3d01-482a-93c9-206ba8d0ce8a,http://data.ordnancesurvey.co.uk/id/6bb0dd2a-3d01-482a-93c9-206ba8d0ce8a,New Street,,,,transportNetwork,Section Of Named Road,140542.000,955660.000,2000,25000,140504.000,955477.031,140637.000,955721.000,HS2,http://data.ordnancesurvey.co.uk/id/postcodedistrict/HS2,Borgh / Borve,http://data.ordnancesurvey.co.uk/id/4000000074542607,http://www.ordnancesurvey.co.uk/xml/codelists/localtype.xml#otherSettlement,,,,Na h-Eileanan an Iar,http://data.ordnancesurvey.co.uk/id/7000000000030022,http://data.ordnancesurvey.co.uk/ontology/admingeo/UnitaryAuthority,Scotland,http://data.ordnancesurvey.co.uk/id/7000000000041429,Scotland,http://data.ordnancesurvey.co.uk/id/country/scotland,osgb4000000003307708,,
osgb4000000003311231,http://data.ordnancesurvey.co.uk/id/4000000003311231,Rathad An T-Seann Sgoil,,,,transportNetwork,Named Road,147688.808,940054.982,2000,20000,147513.000,939921.504,147839.771,940195.000,HS2,http://data.ordnancesurvey.co.uk/id/postcodedistrict/HS2,Bac,http://data.ordnancesurvey.co.uk/id/4000000074337461,http://www.ordnancesurvey.co.uk/xml/codelists/localtype.xml#otherSettlement,,,,Na h-Eileanan an Iar,http://data.ordnancesurvey.co.uk/id/7000000000030022,http://data.ordnancesurvey.co.uk/ontology/admingeo/UnitaryAuthority,Scotland,http://data.ordnancesurvey.co.uk/id/7000000000041429,Scotland,http://data.ordnancesurvey.co.uk/id/country/scotland,,,
osgb4000000003311233,http://data.ordnancesurvey.co.uk/id/4000000003311233,Rathad Na Sgoile,,,,transportNetwork,Named Road,148087.072,940237.019,3000,20000,147839.771,939921.504,148167.397,940371.000,HS2,http://data.ordnancesurvey.co.uk/id/postcodedistrict/HS2,Bac,http://data.ordnancesurvey.co.uk/id/4000000074337461,http://www.ordnancesurvey.co.uk/xml/codelists/localtype.xml#otherSettlement,,,,Na h-Eileanan an Iar,http://data.ordnancesurvey.co.uk/id/7000000000030022,http://data.ordnancesurvey.co.uk/ontology/admingeo/UnitaryAuthority,Scotland,http://data.ordnancesurvey.co.uk/id/7000000000041429,Scotland,http://data.ordnancesurvey.co.uk/id/country/scotland,,,
osgb4000000003309648,http://data.ordnancesurvey.co.uk/id/4000000003309648,Sraid Na H-Eaglaise,,,,transportNetwork,Named Road,140942.000,955839.000,3000,20000,140829.000,955613.000,141005.000,956017.000,HS2,http://data.ordnancesurvey.co.uk/id/postcodedistrict/HS2,Borgh / Borve,http://data.ordnancesurvey.co.uk/id/4000000074542607,http://www.ordnancesurvey.co.uk/xml/codelists/localtype.xml#otherSettlement,,,,Na h-Eileanan an Iar,http://data.ordnancesurvey.co.uk/id/7000000000030022,http://data.ordnancesurvey.co.uk/ontology/admingeo/UnitaryAuthority,Scotland,http://data.ordnancesurvey.co.uk/id/7000000000041429,Scotland,http://data.ordnancesurvey.co.uk/id/country/scotland,,,
HS20NN,http://data.ordnancesurvey.co.uk/id/postcodeunit/HS20NN,HS2 0NN,,,,other,Postcode,153402.000,948343.000,3500,18000,,,,,,,New Tolsta / Bail' Ur Tholastaidh,http://data.ordnancesurvey.co.uk/id/4000000074575193,http://www.ordnancesurvey.co.uk/xml/codelists/localtype.xml#hamlet,,,,Na h-Eileanan an Iar,http://data.ordnancesurvey.co.uk/id/7000000000030022,http://data.ordnancesurvey.co.uk/ontology/admingeo/UnitaryAuthority,Scotland,http://data.ordnancesurvey.co.uk/id/7000000000041429,Scotland,http://data.ordnancesurvey.co.uk/id/country/scotland,,,
HS20ND,http://data.ordnancesurvey.co.uk/id/postcodeunit/HS20ND,HS2 0ND,,,,other,Postcode,152372.000,944660.000,3500,18000,,,,,,,Gleann Tholastaidh,http://data.ordnancesurvey.co.uk/id/4000000074336947,http://www.ordnancesurvey.co.uk/xml/codelists/localtype.xml#hamlet,,,,Na h-Eileanan an Iar,http://data.ordnancesurvey.co.uk/id/7000000000030022,http://data.ordnancesurvey.co.uk/ontology/admingeo/UnitaryAuthority,Scotland,http://data.ordnancesurvey.co.uk/id/7000000000041429,Scotland,http://data.ordnancesurvey.co.uk/id/country/scotland,,,
HS20NL,http://data.ordnancesurvey.co.uk/id/postcodeunit/HS20NL,HS2 0NL,,,,other,Postcode,153644.000,947679.000,3500,18000,,,,,,,Tolastadh bho Thuath / North Tolsta,http://data.ordnancesurvey.co.uk/id/4000000074543108,http://www.ordnancesurvey.co.uk/xml/codelists/localtype.xml#village,,,,Na h-Eileanan an Iar,http://data.ordnancesurvey.co.uk/id/7000000000030022,http://data.ordnancesurvey.co.uk/ontology/admingeo/UnitaryAuthority,Scotland,http://data.ordnancesurvey.co.uk/id/7000000000041429,Scotland,http://data.ordnancesurvey.co.uk/id/country/scotland,,,
HS20LE,http://data.ordnancesurvey.co.uk/id/postcodeunit/HS20LE,HS2 0LE,,,,other,Postcode,148330.000,940070.000,3500,18000,,,,,,,Bac,http://data.ordnancesurvey.co.uk/id/4000000074337461,http://www.ordnancesurvey.co.uk/xml/codelists/localtype.xml#otherSettlement,,,,Na h-Eileanan an Iar,http://data.ordnancesurvey.co.uk/id/7000000000030022,http://data.ordnancesurvey.co.uk/ontology/admingeo/UnitaryAuthority,Scotland,http://data.ordnancesurvey.co.uk/id/7000000000041429,Scotland,http://data.ordnancesurvey.co.uk/id/country/scotland,,,
HS20NG,http://data.ordnancesurvey.co.uk/id/postcodeunit/HS20NG,HS2 0NG,,,,other,Postcode,153322.000,946947.000,3500,18000,,,,,,,Tolastadh bho Thuath / North Tolsta,http://data.ordnancesurvey.co.uk/id/4000000074543108,http://www.ordnancesurvey.co.uk/xml/codelists/localtype.xml#village,,,,Na h-Eileanan an Iar,http://data.ordnancesurvey.co.uk/id/7000000000030022,http://data.ordnancesurvey.co.uk/ontology/admingeo/UnitaryAuthority,Scotland,http://data.ordnancesurvey.co.uk/id/7000000000041429,Scotland,http://data.ordnancesurvey.co.uk/id/country/scotland,,,
HS20LP,http://data.ordnancesurvey.co.uk/id/postcodeunit/HS20LP,HS2 0LP,,,,other,Postcode,146754.000,940274.000,3500,18000,,,,,,,Col,http://data.ordnancesurvey.co.uk/id/4000000074337459,http://www.ordnancesurvey.co.uk/xml/codelists/localtype.xml#otherSettlement,,,,Na h-Eileanan an Iar,http://data.ordnancesurvey.co.uk/id/7000000000030022,http://data.ordnancesurvey.co.uk/ontology/admingeo/UnitaryAuthority,Scotland,http://data.ordnancesurvey.co.uk/id/7000000000041429,Scotland,http://data.ordnancesurvey.co.uk/id/country/scotland,,,
osgb4000000003311236,http://data.ordnancesurvey.co.uk/id/4000000003311236,Ionad Phoil,,,,transportNetwork,Named Road,147723.422,940008.903,1000,20000,147709.458,939992.430,147733.563,940020.294,HS2,http://data.ordnancesurvey.co.uk/id/postcodedistrict/HS2,Bac,http://data.ordnancesurvey.co.uk/id/4000000074337461,http://www.ordnancesurvey.co.uk/xml/codelists/localtype.xml#otherSettlement,,,,Na h-Eileanan an Iar,http://data.ordnancesurvey.co.uk/id/7000000000030022,http://data.ordnancesurvey.co.uk/ontology/admingeo/UnitaryAuthority,Scotland,http://data.ordnancesurvey.co.uk/id/7000000000041429,Scotland,http://data.ordnancesurvey.co.uk/id/country/scotland,,,
osgb4000000003309684,http://data.ordnancesurvey.co.uk/id/4000000003309684,Gearra Mor,,,,transportNetwork,Named Road,141114.000,955979.000,1000,20000,141097.000,955947.000,141136.000,955983.000,HS2,http://data.ordnancesurvey.co.uk/id/postcodedistrict/HS2,Borgh / Borve,http://data.ordnancesurvey.co.uk/id/4000000074542607,http://www.ordnancesurvey.co.uk/xml/codelists/localtype.xml#otherSettlement,,,,Na h-Eileanan an Iar,http://data.ordnancesurvey.co.uk/id/7000000000030022,http://data.ordnancesurvey.co.uk/ontology/admingeo/UnitaryAuthority,Scotland,http://data.ordnancesurvey.co.uk/id/7000000000041429,Scotland,http://data.ordnancesurvey.co.uk/id/country/scotland,,,
