﻿osgb4000000074555963,http://data.ordnancesurvey.co.uk/id/4000000074555963,Kinlochbervie,,,,populatedPlace,Village,222098.200,956361.080,9000,250000,221793.624,955836.984,223145.913,956837.367,IV27,http://data.ordnancesurvey.co.uk/id/postcodedistrict/IV27,,,,,,,Highland,http://data.ordnancesurvey.co.uk/id/7000000000029638,http://data.ordnancesurvey.co.uk/ontology/admingeo/UnitaryAuthority,Scotland,http://data.ordnancesurvey.co.uk/id/7000000000041429,Scotland,http://data.ordnancesurvey.co.uk/id/country/scotland,,http://dbpedia.org/resource/Kinlochbervie,http://sws.geonames.org/2645401
osgb4000000074555964,http://data.ordnancesurvey.co.uk/id/4000000074555964,Oldshoremore,,,,populatedPlace,Hamlet,220933.000,958579.000,5000,25000,220375.985,958229.879,221235.623,959672.656,IV27,http://data.ordnancesurvey.co.uk/id/postcodedistrict/IV27,,,,,,,Highland,http://data.ordnancesurvey.co.uk/id/7000000000029638,http://data.ordnancesurvey.co.uk/ontology/admingeo/UnitaryAuthority,Scotland,http://data.ordnancesurvey.co.uk/id/7000000000041429,Scotland,http://data.ordnancesurvey.co.uk/id/country/scotland,,http://dbpedia.org/resource/Oldshoremore,http://sws.geonames.org/2640992
osgb4000000074555565,http://data.ordnancesurvey.co.uk/id/4000000074555565,Achriesgill,,,,populatedPlace,Hamlet,225583.000,954061.000,5000,25000,224729.451,953911.605,225830.381,954630.479,IV27,http://data.ordnancesurvey.co.uk/id/postcodedistrict/IV27,,,,,,,Highland,http://data.ordnancesurvey.co.uk/id/7000000000029638,http://data.ordnancesurvey.co.uk/ontology/admingeo/UnitaryAuthority,Scotland,http://data.ordnancesurvey.co.uk/id/7000000000041429,Scotland,http://data.ordnancesurvey.co.uk/id/country/scotland,,http://dbpedia.org/resource/Achriesgill,http://sws.geonames.org/2657711
osgb4000000074555962,http://data.ordnancesurvey.co.uk/id/4000000074555962,Badcall,,,,populatedPlace,Hamlet,223711.890,955862.890,5000,25000,223588.302,955496.490,224256.902,955996.490,IV27,http://data.ordnancesurvey.co.uk/id/postcodedistrict/IV27,,,,,,,Highland,http://data.ordnancesurvey.co.uk/id/7000000000029638,http://data.ordnancesurvey.co.uk/ontology/admingeo/UnitaryAuthority,Scotland,http://data.ordnancesurvey.co.uk/id/7000000000041429,Scotland,http://data.ordnancesurvey.co.uk/id/country/scotland,,"http://dbpedia.org/resource/Badcall,_Rhiconich",http://sws.geonames.org/2656660
osgb4000000074555566,http://data.ordnancesurvey.co.uk/id/4000000074555566,Inshegra,,,,populatedPlace,Hamlet,225003.000,954971.000,5000,25000,224616.410,954881.827,225116.410,955384.543,IV27,http://data.ordnancesurvey.co.uk/id/postcodedistrict/IV27,,,,,,,Highland,http://data.ordnancesurvey.co.uk/id/7000000000029638,http://data.ordnancesurvey.co.uk/ontology/admingeo/UnitaryAuthority,Scotland,http://data.ordnancesurvey.co.uk/id/7000000000041429,Scotland,http://data.ordnancesurvey.co.uk/id/country/scotland,,http://dbpedia.org/resource/Inshegra,
osgb4000000074555563,http://data.ordnancesurvey.co.uk/id/4000000074555563,Rhiconich,,,,populatedPlace,Hamlet,225685.590,952478.580,5000,25000,225376.539,952202.394,225876.539,952780.509,IV27,http://data.ordnancesurvey.co.uk/id/postcodedistrict/IV27,,,,,,,Highland,http://data.ordnancesurvey.co.uk/id/7000000000029638,http://data.ordnancesurvey.co.uk/ontology/admingeo/UnitaryAuthority,Scotland,http://data.ordnancesurvey.co.uk/id/7000000000041429,Scotland,http://data.ordnancesurvey.co.uk/id/country/scotland,,http://dbpedia.org/resource/Rhiconich,http://sws.geonames.org/2639463
osgb4000000074555961,http://data.ordnancesurvey.co.uk/id/4000000074555961,Rhuvoult,,,,populatedPlace,Hamlet,224384.260,954804.870,5000,25000,224121.172,954563.967,224704.312,955063.967,IV27,http://data.ordnancesurvey.co.uk/id/postcodedistrict/IV27,,,,,,,Highland,http://data.ordnancesurvey.co.uk/id/7000000000029638,http://data.ordnancesurvey.co.uk/ontology/admingeo/UnitaryAuthority,Scotland,http://data.ordnancesurvey.co.uk/id/7000000000041429,Scotland,http://data.ordnancesurvey.co.uk/id/country/scotland,,,
osgb4000000074555564,http://data.ordnancesurvey.co.uk/id/4000000074555564,Achlyness,,,,populatedPlace,Hamlet,224852.000,952500.000,5000,25000,224678.513,952077.350,225426.893,952919.279,IV27,http://data.ordnancesurvey.co.uk/id/postcodedistrict/IV27,,,,,,,Highland,http://data.ordnancesurvey.co.uk/id/7000000000029638,http://data.ordnancesurvey.co.uk/ontology/admingeo/UnitaryAuthority,Scotland,http://data.ordnancesurvey.co.uk/id/7000000000041429,Scotland,http://data.ordnancesurvey.co.uk/id/country/scotland,,http://dbpedia.org/resource/Achylyness,http://sws.geonames.org/2657729
IV274SL,http://data.ordnancesurvey.co.uk/id/postcodeunit/IV274SL,IV27 4SL,,,,other,Postcode,230560.000,956447.000,3500,18000,,,,,,,,,,,,,Highland,http://data.ordnancesurvey.co.uk/id/7000000000029638,http://data.ordnancesurvey.co.uk/ontology/admingeo/UnitaryAuthority,Scotland,http://data.ordnancesurvey.co.uk/id/7000000000041429,Scotland,http://data.ordnancesurvey.co.uk/id/country/scotland,,,
IV274RD,http://data.ordnancesurvey.co.uk/id/postcodeunit/IV274RD,IV27 4RD,,,,other,Postcode,222612.000,956070.000,3500,18000,,,,,,,Kinlochbervie,http://data.ordnancesurvey.co.uk/id/4000000074555963,http://www.ordnancesurvey.co.uk/xml/codelists/localtype.xml#village,,,,Highland,http://data.ordnancesurvey.co.uk/id/7000000000029638,http://data.ordnancesurvey.co.uk/ontology/admingeo/UnitaryAuthority,Scotland,http://data.ordnancesurvey.co.uk/id/7000000000041429,Scotland,http://data.ordnancesurvey.co.uk/id/country/scotland,,,
IV274SA,http://data.ordnancesurvey.co.uk/id/postcodeunit/IV274SA,IV27 4SA,,,,other,Postcode,222685.000,955926.000,3500,18000,,,,,,,Kinlochbervie,http://data.ordnancesurvey.co.uk/id/4000000074555963,http://www.ordnancesurvey.co.uk/xml/codelists/localtype.xml#village,,,,Highland,http://data.ordnancesurvey.co.uk/id/7000000000029638,http://data.ordnancesurvey.co.uk/ontology/admingeo/UnitaryAuthority,Scotland,http://data.ordnancesurvey.co.uk/id/7000000000041429,Scotland,http://data.ordnancesurvey.co.uk/id/country/scotland,,,
IV274SH,http://data.ordnancesurvey.co.uk/id/postcodeunit/IV274SH,IV27 4SH,,,,other,Postcode,223869.000,947060.000,3500,18000,,,,,,,,,,,,,Highland,http://data.ordnancesurvey.co.uk/id/7000000000029638,http://data.ordnancesurvey.co.uk/ontology/admingeo/UnitaryAuthority,Scotland,http://data.ordnancesurvey.co.uk/id/7000000000041429,Scotland,http://data.ordnancesurvey.co.uk/id/country/scotland,,,
IV274RJ,http://data.ordnancesurvey.co.uk/id/postcodeunit/IV274RJ,IV27 4RJ,,,,other,Postcode,225234.000,954481.000,3500,18000,,,,,,,Achriesgill,http://data.ordnancesurvey.co.uk/id/4000000074555565,http://www.ordnancesurvey.co.uk/xml/codelists/localtype.xml#hamlet,,,,Highland,http://data.ordnancesurvey.co.uk/id/7000000000029638,http://data.ordnancesurvey.co.uk/ontology/admingeo/UnitaryAuthority,Scotland,http://data.ordnancesurvey.co.uk/id/7000000000041429,Scotland,http://data.ordnancesurvey.co.uk/id/country/scotland,,,
IV274RA,http://data.ordnancesurvey.co.uk/id/postcodeunit/IV274RA,IV27 4RA,,,,other,Postcode,224761.000,952847.000,3500,18000,,,,,,,Achlyness,http://data.ordnancesurvey.co.uk/id/4000000074555564,http://www.ordnancesurvey.co.uk/xml/codelists/localtype.xml#hamlet,,,,Highland,http://data.ordnancesurvey.co.uk/id/7000000000029638,http://data.ordnancesurvey.co.uk/ontology/admingeo/UnitaryAuthority,Scotland,http://data.ordnancesurvey.co.uk/id/7000000000041429,Scotland,http://data.ordnancesurvey.co.uk/id/country/scotland,,,
IV274RZ,http://data.ordnancesurvey.co.uk/id/postcodeunit/IV274RZ,IV27 4RZ,,,,other,Postcode,222622.000,955962.000,3500,18000,,,,,,,Kinlochbervie,http://data.ordnancesurvey.co.uk/id/4000000074555963,http://www.ordnancesurvey.co.uk/xml/codelists/localtype.xml#village,,,,Highland,http://data.ordnancesurvey.co.uk/id/7000000000029638,http://data.ordnancesurvey.co.uk/ontology/admingeo/UnitaryAuthority,Scotland,http://data.ordnancesurvey.co.uk/id/7000000000041429,Scotland,http://data.ordnancesurvey.co.uk/id/country/scotland,,,
IV274RY,http://data.ordnancesurvey.co.uk/id/postcodeunit/IV274RY,IV27 4RY,,,,other,Postcode,222190.000,956281.000,3500,18000,,,,,,,Kinlochbervie,http://data.ordnancesurvey.co.uk/id/4000000074555963,http://www.ordnancesurvey.co.uk/xml/codelists/localtype.xml#village,,,,Highland,http://data.ordnancesurvey.co.uk/id/7000000000029638,http://data.ordnancesurvey.co.uk/ontology/admingeo/UnitaryAuthority,Scotland,http://data.ordnancesurvey.co.uk/id/7000000000041429,Scotland,http://data.ordnancesurvey.co.uk/id/country/scotland,,,
IV274RS,http://data.ordnancesurvey.co.uk/id/postcodeunit/IV274RS,IV27 4RS,,,,other,Postcode,220869.000,958717.000,3500,18000,,,,,,,Oldshoremore,http://data.ordnancesurvey.co.uk/id/4000000074555964,http://www.ordnancesurvey.co.uk/xml/codelists/localtype.xml#hamlet,,,,Highland,http://data.ordnancesurvey.co.uk/id/7000000000029638,http://data.ordnancesurvey.co.uk/ontology/admingeo/UnitaryAuthority,Scotland,http://data.ordnancesurvey.co.uk/id/7000000000041429,Scotland,http://data.ordnancesurvey.co.uk/id/country/scotland,,,
IV274RX,http://data.ordnancesurvey.co.uk/id/postcodeunit/IV274RX,IV27 4RX,,,,other,Postcode,221155.000,954959.000,3500,18000,,,,,,,,,,,,,Highland,http://data.ordnancesurvey.co.uk/id/7000000000029638,http://data.ordnancesurvey.co.uk/ontology/admingeo/UnitaryAuthority,Scotland,http://data.ordnancesurvey.co.uk/id/7000000000041429,Scotland,http://data.ordnancesurvey.co.uk/id/country/scotland,,,
IV274RW,http://data.ordnancesurvey.co.uk/id/postcodeunit/IV274RW,IV27 4RW,,,,other,Postcode,222666.000,956131.000,3500,18000,,,,,,,Kinlochbervie,http://data.ordnancesurvey.co.uk/id/4000000074555963,http://www.ordnancesurvey.co.uk/xml/codelists/localtype.xml#village,,,,Highland,http://data.ordnancesurvey.co.uk/id/7000000000029638,http://data.ordnancesurvey.co.uk/ontology/admingeo/UnitaryAuthority,Scotland,http://data.ordnancesurvey.co.uk/id/7000000000041429,Scotland,http://data.ordnancesurvey.co.uk/id/country/scotland,,,
IV274RB,http://data.ordnancesurvey.co.uk/id/postcodeunit/IV274RB,IV27 4RB,,,,other,Postcode,220938.000,950868.000,3500,18000,,,,,,,,,,,,,Highland,http://data.ordnancesurvey.co.uk/id/7000000000029638,http://data.ordnancesurvey.co.uk/ontology/admingeo/UnitaryAuthority,Scotland,http://data.ordnancesurvey.co.uk/id/7000000000041429,Scotland,http://data.ordnancesurvey.co.uk/id/country/scotland,,,
IV274RP,http://data.ordnancesurvey.co.uk/id/postcodeunit/IV274RP,IV27 4RP,,,,other,Postcode,222538.000,956222.000,3500,18000,,,,,,,Kinlochbervie,http://data.ordnancesurvey.co.uk/id/4000000074555963,http://www.ordnancesurvey.co.uk/xml/codelists/localtype.xml#village,,,,Highland,http://data.ordnancesurvey.co.uk/id/7000000000029638,http://data.ordnancesurvey.co.uk/ontology/admingeo/UnitaryAuthority,Scotland,http://data.ordnancesurvey.co.uk/id/7000000000041429,Scotland,http://data.ordnancesurvey.co.uk/id/country/scotland,,,
IV274RQ,http://data.ordnancesurvey.co.uk/id/postcodeunit/IV274RQ,IV27 4RQ,,,,other,Postcode,223948.000,955836.000,3500,18000,,,,,,,Badcall,http://data.ordnancesurvey.co.uk/id/4000000074555962,http://www.ordnancesurvey.co.uk/xml/codelists/localtype.xml#hamlet,,,,Highland,http://data.ordnancesurvey.co.uk/id/7000000000029638,http://data.ordnancesurvey.co.uk/ontology/admingeo/UnitaryAuthority,Scotland,http://data.ordnancesurvey.co.uk/id/7000000000041429,Scotland,http://data.ordnancesurvey.co.uk/id/country/scotland,,,
IV274PA,http://data.ordnancesurvey.co.uk/id/postcodeunit/IV274PA,IV27 4PA,,,,other,Postcode,225404.000,945339.000,3500,18000,,,,,,,,,,,,,Highland,http://data.ordnancesurvey.co.uk/id/7000000000029638,http://data.ordnancesurvey.co.uk/ontology/admingeo/UnitaryAuthority,Scotland,http://data.ordnancesurvey.co.uk/id/7000000000041429,Scotland,http://data.ordnancesurvey.co.uk/id/country/scotland,,,
IV274RR,http://data.ordnancesurvey.co.uk/id/postcodeunit/IV274RR,IV27 4RR,,,,other,Postcode,222023.000,956297.000,3500,18000,,,,,,,Kinlochbervie,http://data.ordnancesurvey.co.uk/id/4000000074555963,http://www.ordnancesurvey.co.uk/xml/codelists/localtype.xml#village,,,,Highland,http://data.ordnancesurvey.co.uk/id/7000000000029638,http://data.ordnancesurvey.co.uk/ontology/admingeo/UnitaryAuthority,Scotland,http://data.ordnancesurvey.co.uk/id/7000000000041429,Scotland,http://data.ordnancesurvey.co.uk/id/country/scotland,,,
IV274QG,http://data.ordnancesurvey.co.uk/id/postcodeunit/IV274QG,IV27 4QG,,,,other,Postcode,233883.000,957679.000,3500,18000,,,,,,,,,,,,,Highland,http://data.ordnancesurvey.co.uk/id/7000000000029638,http://data.ordnancesurvey.co.uk/ontology/admingeo/UnitaryAuthority,Scotland,http://data.ordnancesurvey.co.uk/id/7000000000041429,Scotland,http://data.ordnancesurvey.co.uk/id/country/scotland,,,
IV274RG,http://data.ordnancesurvey.co.uk/id/postcodeunit/IV274RG,IV27 4RG,,,,other,Postcode,223049.000,956520.000,3500,18000,,,,,,,Kinlochbervie,http://data.ordnancesurvey.co.uk/id/4000000074555963,http://www.ordnancesurvey.co.uk/xml/codelists/localtype.xml#village,,,,Highland,http://data.ordnancesurvey.co.uk/id/7000000000029638,http://data.ordnancesurvey.co.uk/ontology/admingeo/UnitaryAuthority,Scotland,http://data.ordnancesurvey.co.uk/id/7000000000041429,Scotland,http://data.ordnancesurvey.co.uk/id/country/scotland,,,
IV274RL,http://data.ordnancesurvey.co.uk/id/postcodeunit/IV274RL,IV27 4RL,,,,other,Postcode,225762.000,952372.000,3500,18000,,,,,,,Rhiconich,http://data.ordnancesurvey.co.uk/id/4000000074555563,http://www.ordnancesurvey.co.uk/xml/codelists/localtype.xml#hamlet,,,,Highland,http://data.ordnancesurvey.co.uk/id/7000000000029638,http://data.ordnancesurvey.co.uk/ontology/admingeo/UnitaryAuthority,Scotland,http://data.ordnancesurvey.co.uk/id/7000000000041429,Scotland,http://data.ordnancesurvey.co.uk/id/country/scotland,,,
IV274RE,http://data.ordnancesurvey.co.uk/id/postcodeunit/IV274RE,IV27 4RE,,,,other,Postcode,221915.000,956309.000,3500,18000,,,,,,,Kinlochbervie,http://data.ordnancesurvey.co.uk/id/4000000074555963,http://www.ordnancesurvey.co.uk/xml/codelists/localtype.xml#village,,,,Highland,http://data.ordnancesurvey.co.uk/id/7000000000029638,http://data.ordnancesurvey.co.uk/ontology/admingeo/UnitaryAuthority,Scotland,http://data.ordnancesurvey.co.uk/id/7000000000041429,Scotland,http://data.ordnancesurvey.co.uk/id/country/scotland,,,
osgb4000000003340004,http://data.ordnancesurvey.co.uk/id/4000000003340004,Manse Road,,,,transportNetwork,Named Road,223081.418,956456.137,3000,20000,222985.000,956245.000,223121.163,956651.000,IV27,http://data.ordnancesurvey.co.uk/id/postcodedistrict/IV27,Kinlochbervie,http://data.ordnancesurvey.co.uk/id/4000000074555963,http://www.ordnancesurvey.co.uk/xml/codelists/localtype.xml#village,,,,Highland,http://data.ordnancesurvey.co.uk/id/7000000000029638,http://data.ordnancesurvey.co.uk/ontology/admingeo/UnitaryAuthority,Scotland,http://data.ordnancesurvey.co.uk/id/7000000000041429,Scotland,http://data.ordnancesurvey.co.uk/id/country/scotland,,,
osgb4000000003340065,http://data.ordnancesurvey.co.uk/id/4000000003340065,Innes Place,,,,transportNetwork,Named Road,222708.672,956133.289,1000,20000,222678.000,956092.799,222732.882,956145.000,IV27,http://data.ordnancesurvey.co.uk/id/postcodedistrict/IV27,Kinlochbervie,http://data.ordnancesurvey.co.uk/id/4000000074555963,http://www.ordnancesurvey.co.uk/xml/codelists/localtype.xml#village,,,,Highland,http://data.ordnancesurvey.co.uk/id/7000000000029638,http://data.ordnancesurvey.co.uk/ontology/admingeo/UnitaryAuthority,Scotland,http://data.ordnancesurvey.co.uk/id/7000000000041429,Scotland,http://data.ordnancesurvey.co.uk/id/country/scotland,,,
osgb4000000003340338,http://data.ordnancesurvey.co.uk/id/4000000003340338,Inchard Place,,,,transportNetwork,Named Road,222608.022,956032.866,1000,20000,222548.338,955928.000,222644.000,956108.693,IV27,http://data.ordnancesurvey.co.uk/id/postcodedistrict/IV27,Kinlochbervie,http://data.ordnancesurvey.co.uk/id/4000000074555963,http://www.ordnancesurvey.co.uk/xml/codelists/localtype.xml#village,,,,Highland,http://data.ordnancesurvey.co.uk/id/7000000000029638,http://data.ordnancesurvey.co.uk/ontology/admingeo/UnitaryAuthority,Scotland,http://data.ordnancesurvey.co.uk/id/7000000000041429,Scotland,http://data.ordnancesurvey.co.uk/id/country/scotland,,,
osgb4000000003340035,http://data.ordnancesurvey.co.uk/id/4000000003340035,Bervie Road,,,,transportNetwork,Named Road,222181.120,956320.257,1000,20000,222163.340,956270.795,222219.393,956370.467,IV27,http://data.ordnancesurvey.co.uk/id/postcodedistrict/IV27,Kinlochbervie,http://data.ordnancesurvey.co.uk/id/4000000074555963,http://www.ordnancesurvey.co.uk/xml/codelists/localtype.xml#village,,,,Highland,http://data.ordnancesurvey.co.uk/id/7000000000029638,http://data.ordnancesurvey.co.uk/ontology/admingeo/UnitaryAuthority,Scotland,http://data.ordnancesurvey.co.uk/id/7000000000041429,Scotland,http://data.ordnancesurvey.co.uk/id/country/scotland,,,
IV274RH,http://data.ordnancesurvey.co.uk/id/postcodeunit/IV274RH,IV27 4RH,,,,other,Postcode,224527.000,954895.000,3500,18000,,,,,,,Rhuvoult,http://data.ordnancesurvey.co.uk/id/4000000074555961,http://www.ordnancesurvey.co.uk/xml/codelists/localtype.xml#hamlet,,,,Highland,http://data.ordnancesurvey.co.uk/id/7000000000029638,http://data.ordnancesurvey.co.uk/ontology/admingeo/UnitaryAuthority,Scotland,http://data.ordnancesurvey.co.uk/id/7000000000041429,Scotland,http://data.ordnancesurvey.co.uk/id/country/scotland,,,
IV274RN,http://data.ordnancesurvey.co.uk/id/postcodeunit/IV274RN,IV27 4RN,,,,other,Postcode,225522.000,952274.000,3500,18000,,,,,,,Rhiconich,http://data.ordnancesurvey.co.uk/id/4000000074555563,http://www.ordnancesurvey.co.uk/xml/codelists/localtype.xml#hamlet,,,,Highland,http://data.ordnancesurvey.co.uk/id/7000000000029638,http://data.ordnancesurvey.co.uk/ontology/admingeo/UnitaryAuthority,Scotland,http://data.ordnancesurvey.co.uk/id/7000000000041429,Scotland,http://data.ordnancesurvey.co.uk/id/country/scotland,,,
osgb4000000003340118,http://data.ordnancesurvey.co.uk/id/4000000003340118,B801,,,,transportNetwork,Numbered Road,224561.000,955346.000,26000,250000,221972.313,952368.000,225685.768,956370.609,IV27,http://data.ordnancesurvey.co.uk/id/postcodedistrict/IV27,,,,,,,Highland,http://data.ordnancesurvey.co.uk/id/7000000000029638,http://data.ordnancesurvey.co.uk/ontology/admingeo/UnitaryAuthority,Scotland,http://data.ordnancesurvey.co.uk/id/7000000000041429,Scotland,http://data.ordnancesurvey.co.uk/id/country/scotland,,,
