﻿osgb4000000074541410,http://data.ordnancesurvey.co.uk/id/4000000074541410,Smoo,,,,populatedPlace,Hamlet,241562.070,967043.800,5000,25000,241391.082,966754.379,241891.082,967317.408,IV27,http://data.ordnancesurvey.co.uk/id/postcodedistrict/IV27,,,,,,,Highland,http://data.ordnancesurvey.co.uk/id/7000000000029638,http://data.ordnancesurvey.co.uk/ontology/admingeo/UnitaryAuthority,Scotland,http://data.ordnancesurvey.co.uk/id/7000000000041429,Scotland,http://data.ordnancesurvey.co.uk/id/country/scotland,,,
osgb4000000074555200,http://data.ordnancesurvey.co.uk/id/4000000074555200,Achnahuaigh,,,,populatedPlace,Suburban Area,257997.000,964190.000,4000,25000,257884.144,963739.312,258442.145,964267.151,IV27,http://data.ordnancesurvey.co.uk/id/postcodedistrict/IV27,,,,,,,Highland,http://data.ordnancesurvey.co.uk/id/7000000000029638,http://data.ordnancesurvey.co.uk/ontology/admingeo/UnitaryAuthority,Scotland,http://data.ordnancesurvey.co.uk/id/7000000000041429,Scotland,http://data.ordnancesurvey.co.uk/id/country/scotland,,,
osgb4000000074555199,http://data.ordnancesurvey.co.uk/id/4000000074555199,Talmine,,,,populatedPlace,Suburban Area,258528.270,963137.580,10000,25000,258220.955,962331.725,258874.475,963875.043,IV27,http://data.ordnancesurvey.co.uk/id/postcodedistrict/IV27,,,,,,,Highland,http://data.ordnancesurvey.co.uk/id/7000000000029638,http://data.ordnancesurvey.co.uk/ontology/admingeo/UnitaryAuthority,Scotland,http://data.ordnancesurvey.co.uk/id/7000000000041429,Scotland,http://data.ordnancesurvey.co.uk/id/country/scotland,,"http://dbpedia.org/resource/Talmine,_Sutherland",http://sws.geonames.org/2636295
osgb4000000074336613,http://data.ordnancesurvey.co.uk/id/4000000074336613,Hope,,,,populatedPlace,Hamlet,247485.000,960122.000,5000,25000,247179.782,959886.208,247679.782,960386.208,IV27,http://data.ordnancesurvey.co.uk/id/postcodedistrict/IV27,,,,,,,Highland,http://data.ordnancesurvey.co.uk/id/7000000000029638,http://data.ordnancesurvey.co.uk/ontology/admingeo/UnitaryAuthority,Scotland,http://data.ordnancesurvey.co.uk/id/7000000000041429,Scotland,http://data.ordnancesurvey.co.uk/id/country/scotland,,,
osgb4000000074555960,http://data.ordnancesurvey.co.uk/id/4000000074555960,Diuranais,gla,Durness,eng,populatedPlace,Village,240296.790,967795.420,9000,250000,239897.667,966788.279,241219.351,968074.251,IV27,http://data.ordnancesurvey.co.uk/id/postcodedistrict/IV27,,,,,,,Highland,http://data.ordnancesurvey.co.uk/id/7000000000029638,http://data.ordnancesurvey.co.uk/ontology/admingeo/UnitaryAuthority,Scotland,http://data.ordnancesurvey.co.uk/id/7000000000041429,Scotland,http://data.ordnancesurvey.co.uk/id/country/scotland,,http://dbpedia.org/resource/Durness,http://sws.geonames.org/2650621
osgb4000000074555202,http://data.ordnancesurvey.co.uk/id/4000000074555202,Melness,,,,populatedPlace,Other Settlement,258473.000,963000.000,15000,25000,255941.938,960753.217,259049.922,965346.342,IV27,http://data.ordnancesurvey.co.uk/id/postcodedistrict/IV27,,,,,,,Highland,http://data.ordnancesurvey.co.uk/id/7000000000029638,http://data.ordnancesurvey.co.uk/ontology/admingeo/UnitaryAuthority,Scotland,http://data.ordnancesurvey.co.uk/id/7000000000041429,Scotland,http://data.ordnancesurvey.co.uk/id/country/scotland,,http://dbpedia.org/resource/Melness,http://sws.geonames.org/2642771
osgb4000000074554462,http://data.ordnancesurvey.co.uk/id/4000000074554462,Midtown,,,,populatedPlace,Suburban Area,258033.760,960955.410,6000,25000,257904.246,960753.217,258829.235,961406.300,IV27,http://data.ordnancesurvey.co.uk/id/postcodedistrict/IV27,,,,,,,Highland,http://data.ordnancesurvey.co.uk/id/7000000000029638,http://data.ordnancesurvey.co.uk/ontology/admingeo/UnitaryAuthority,Scotland,http://data.ordnancesurvey.co.uk/id/7000000000041429,Scotland,http://data.ordnancesurvey.co.uk/id/country/scotland,,,
osgb4000000074555562,http://data.ordnancesurvey.co.uk/id/4000000074555562,West Strathan,,,,populatedPlace,Suburban Area,256832.000,964602.000,10000,25000,256179.956,963352.223,257127.553,964961.762,IV27,http://data.ordnancesurvey.co.uk/id/postcodedistrict/IV27,,,,,,,Highland,http://data.ordnancesurvey.co.uk/id/7000000000029638,http://data.ordnancesurvey.co.uk/ontology/admingeo/UnitaryAuthority,Scotland,http://data.ordnancesurvey.co.uk/id/7000000000041429,Scotland,http://data.ordnancesurvey.co.uk/id/country/scotland,,,
osgb4000000074554832,http://data.ordnancesurvey.co.uk/id/4000000074554832,Skinnet,,,,populatedPlace,Suburban Area,258847.110,961700.590,7000,25000,258544.044,961311.227,259044.044,962361.886,IV27,http://data.ordnancesurvey.co.uk/id/postcodedistrict/IV27,,,,,,,Highland,http://data.ordnancesurvey.co.uk/id/7000000000029638,http://data.ordnancesurvey.co.uk/ontology/admingeo/UnitaryAuthority,Scotland,http://data.ordnancesurvey.co.uk/id/7000000000041429,Scotland,http://data.ordnancesurvey.co.uk/id/country/scotland,,,
osgb4000000074579092,http://data.ordnancesurvey.co.uk/id/4000000074579092,Portnancon,,,,populatedPlace,Other Settlement,242533.000,960498.000,15000,25000,241819.542,959902.450,242784.750,960857.597,IV27,http://data.ordnancesurvey.co.uk/id/postcodedistrict/IV27,,,,,,,Highland,http://data.ordnancesurvey.co.uk/id/7000000000029638,http://data.ordnancesurvey.co.uk/ontology/admingeo/UnitaryAuthority,Scotland,http://data.ordnancesurvey.co.uk/id/7000000000041429,Scotland,http://data.ordnancesurvey.co.uk/id/country/scotland,,http://dbpedia.org/resource/Portnancon,http://sws.geonames.org/2640019
osgb4000000074555567,http://data.ordnancesurvey.co.uk/id/4000000074555567,Sangobeg,,,,populatedPlace,Hamlet,242883.010,966061.950,5000,25000,242507.100,965869.612,243007.100,966462.802,IV27,http://data.ordnancesurvey.co.uk/id/postcodedistrict/IV27,,,,,,,Highland,http://data.ordnancesurvey.co.uk/id/7000000000029638,http://data.ordnancesurvey.co.uk/ontology/admingeo/UnitaryAuthority,Scotland,http://data.ordnancesurvey.co.uk/id/7000000000041429,Scotland,http://data.ordnancesurvey.co.uk/id/country/scotland,,http://dbpedia.org/resource/Sangobeg,http://sws.geonames.org/2638526
osgb4000000074555201,http://data.ordnancesurvey.co.uk/id/4000000074555201,Portvasgo,eng,Port Vasgo,eng,populatedPlace,Suburban Area,258369.800,964813.470,3000,25000,258121.766,964567.618,258621.766,965067.618,IV27,http://data.ordnancesurvey.co.uk/id/postcodedistrict/IV27,,,,,,,Highland,http://data.ordnancesurvey.co.uk/id/7000000000029638,http://data.ordnancesurvey.co.uk/ontology/admingeo/UnitaryAuthority,Scotland,http://data.ordnancesurvey.co.uk/id/7000000000041429,Scotland,http://data.ordnancesurvey.co.uk/id/country/scotland,,,
IV274PR,http://data.ordnancesurvey.co.uk/id/postcodeunit/IV274PR,IV27 4PR,,,,other,Postcode,240354.000,967837.000,3500,18000,,,,,,,Diuranais / Durness,http://data.ordnancesurvey.co.uk/id/4000000074555960,http://www.ordnancesurvey.co.uk/xml/codelists/localtype.xml#village,,,,Highland,http://data.ordnancesurvey.co.uk/id/7000000000029638,http://data.ordnancesurvey.co.uk/ontology/admingeo/UnitaryAuthority,Scotland,http://data.ordnancesurvey.co.uk/id/7000000000041429,Scotland,http://data.ordnancesurvey.co.uk/id/country/scotland,,,
IV274QH,http://data.ordnancesurvey.co.uk/id/postcodeunit/IV274QH,IV27 4QH,,,,other,Postcode,241541.000,967075.000,3500,18000,,,,,,,Smoo,http://data.ordnancesurvey.co.uk/id/4000000074541410,http://www.ordnancesurvey.co.uk/xml/codelists/localtype.xml#hamlet,,,,Highland,http://data.ordnancesurvey.co.uk/id/7000000000029638,http://data.ordnancesurvey.co.uk/ontology/admingeo/UnitaryAuthority,Scotland,http://data.ordnancesurvey.co.uk/id/7000000000041429,Scotland,http://data.ordnancesurvey.co.uk/id/country/scotland,,,
IV274YU,http://data.ordnancesurvey.co.uk/id/postcodeunit/IV274YU,IV27 4YU,,,,other,Postcode,258661.000,962459.000,3500,18000,,,,,,,Melness,http://data.ordnancesurvey.co.uk/id/4000000074555202,http://www.ordnancesurvey.co.uk/xml/codelists/localtype.xml#otherSettlement,,,,Highland,http://data.ordnancesurvey.co.uk/id/7000000000029638,http://data.ordnancesurvey.co.uk/ontology/admingeo/UnitaryAuthority,Scotland,http://data.ordnancesurvey.co.uk/id/7000000000041429,Scotland,http://data.ordnancesurvey.co.uk/id/country/scotland,,,
IV274YT,http://data.ordnancesurvey.co.uk/id/postcodeunit/IV274YT,IV27 4YT,,,,other,Postcode,257974.000,964194.000,3500,18000,,,,,,,Melness,http://data.ordnancesurvey.co.uk/id/4000000074555202,http://www.ordnancesurvey.co.uk/xml/codelists/localtype.xml#otherSettlement,,,,Highland,http://data.ordnancesurvey.co.uk/id/7000000000029638,http://data.ordnancesurvey.co.uk/ontology/admingeo/UnitaryAuthority,Scotland,http://data.ordnancesurvey.co.uk/id/7000000000041429,Scotland,http://data.ordnancesurvey.co.uk/id/country/scotland,,,
IV274YQ,http://data.ordnancesurvey.co.uk/id/postcodeunit/IV274YQ,IV27 4YQ,,,,other,Postcode,258547.000,962435.000,3500,18000,,,,,,,Melness,http://data.ordnancesurvey.co.uk/id/4000000074555202,http://www.ordnancesurvey.co.uk/xml/codelists/localtype.xml#otherSettlement,,,,Highland,http://data.ordnancesurvey.co.uk/id/7000000000029638,http://data.ordnancesurvey.co.uk/ontology/admingeo/UnitaryAuthority,Scotland,http://data.ordnancesurvey.co.uk/id/7000000000041429,Scotland,http://data.ordnancesurvey.co.uk/id/country/scotland,,,
IV274YR,http://data.ordnancesurvey.co.uk/id/postcodeunit/IV274YR,IV27 4YR,,,,other,Postcode,258335.000,961229.000,3500,18000,,,,,,,Melness,http://data.ordnancesurvey.co.uk/id/4000000074555202,http://www.ordnancesurvey.co.uk/xml/codelists/localtype.xml#otherSettlement,,,,Highland,http://data.ordnancesurvey.co.uk/id/7000000000029638,http://data.ordnancesurvey.co.uk/ontology/admingeo/UnitaryAuthority,Scotland,http://data.ordnancesurvey.co.uk/id/7000000000041429,Scotland,http://data.ordnancesurvey.co.uk/id/country/scotland,,,
IV274PZ,http://data.ordnancesurvey.co.uk/id/postcodeunit/IV274PZ,IV27 4PZ,,,,other,Postcode,240593.000,967294.000,3500,18000,,,,,,,Diuranais / Durness,http://data.ordnancesurvey.co.uk/id/4000000074555960,http://www.ordnancesurvey.co.uk/xml/codelists/localtype.xml#village,,,,Highland,http://data.ordnancesurvey.co.uk/id/7000000000029638,http://data.ordnancesurvey.co.uk/ontology/admingeo/UnitaryAuthority,Scotland,http://data.ordnancesurvey.co.uk/id/7000000000041429,Scotland,http://data.ordnancesurvey.co.uk/id/country/scotland,,,
IV274PN,http://data.ordnancesurvey.co.uk/id/postcodeunit/IV274PN,IV27 4PN,,,,other,Postcode,240132.000,967742.000,3500,18000,,,,,,,Diuranais / Durness,http://data.ordnancesurvey.co.uk/id/4000000074555960,http://www.ordnancesurvey.co.uk/xml/codelists/localtype.xml#village,,,,Highland,http://data.ordnancesurvey.co.uk/id/7000000000029638,http://data.ordnancesurvey.co.uk/ontology/admingeo/UnitaryAuthority,Scotland,http://data.ordnancesurvey.co.uk/id/7000000000041429,Scotland,http://data.ordnancesurvey.co.uk/id/country/scotland,,,
IV274QA,http://data.ordnancesurvey.co.uk/id/postcodeunit/IV274QA,IV27 4QA,,,,other,Postcode,241613.000,967158.000,3500,18000,,,,,,,Smoo,http://data.ordnancesurvey.co.uk/id/4000000074541410,http://www.ordnancesurvey.co.uk/xml/codelists/localtype.xml#hamlet,,,,Highland,http://data.ordnancesurvey.co.uk/id/7000000000029638,http://data.ordnancesurvey.co.uk/ontology/admingeo/UnitaryAuthority,Scotland,http://data.ordnancesurvey.co.uk/id/7000000000041429,Scotland,http://data.ordnancesurvey.co.uk/id/country/scotland,,,
IV274PS,http://data.ordnancesurvey.co.uk/id/postcodeunit/IV274PS,IV27 4PS,,,,other,Postcode,240258.000,967795.000,3500,18000,,,,,,,Diuranais / Durness,http://data.ordnancesurvey.co.uk/id/4000000074555960,http://www.ordnancesurvey.co.uk/xml/codelists/localtype.xml#village,,,,Highland,http://data.ordnancesurvey.co.uk/id/7000000000029638,http://data.ordnancesurvey.co.uk/ontology/admingeo/UnitaryAuthority,Scotland,http://data.ordnancesurvey.co.uk/id/7000000000041429,Scotland,http://data.ordnancesurvey.co.uk/id/country/scotland,,,
IV274PP,http://data.ordnancesurvey.co.uk/id/postcodeunit/IV274PP,IV27 4PP,,,,other,Postcode,240334.000,967610.000,3500,18000,,,,,,,Diuranais / Durness,http://data.ordnancesurvey.co.uk/id/4000000074555960,http://www.ordnancesurvey.co.uk/xml/codelists/localtype.xml#village,,,,Highland,http://data.ordnancesurvey.co.uk/id/7000000000029638,http://data.ordnancesurvey.co.uk/ontology/admingeo/UnitaryAuthority,Scotland,http://data.ordnancesurvey.co.uk/id/7000000000041429,Scotland,http://data.ordnancesurvey.co.uk/id/country/scotland,,,
IV274QE,http://data.ordnancesurvey.co.uk/id/postcodeunit/IV274QE,IV27 4QE,,,,other,Postcode,245125.000,965430.000,3500,18000,,,,,,,,,,,,,Highland,http://data.ordnancesurvey.co.uk/id/7000000000029638,http://data.ordnancesurvey.co.uk/ontology/admingeo/UnitaryAuthority,Scotland,http://data.ordnancesurvey.co.uk/id/7000000000041429,Scotland,http://data.ordnancesurvey.co.uk/id/country/scotland,,,
IV274QB,http://data.ordnancesurvey.co.uk/id/postcodeunit/IV274QB,IV27 4QB,,,,other,Postcode,242189.000,966975.000,3500,18000,,,,,,,Leirinmore,http://data.ordnancesurvey.co.uk/id/4000000074555959,http://www.ordnancesurvey.co.uk/xml/codelists/localtype.xml#hamlet,,,,Highland,http://data.ordnancesurvey.co.uk/id/7000000000029638,http://data.ordnancesurvey.co.uk/ontology/admingeo/UnitaryAuthority,Scotland,http://data.ordnancesurvey.co.uk/id/7000000000041429,Scotland,http://data.ordnancesurvey.co.uk/id/country/scotland,,,
osgb4000000003340378,http://data.ordnancesurvey.co.uk/id/4000000003340378,Druim Bhlar,,,,transportNetwork,Named Road,241520.916,967058.387,1000,20000,241511.479,967043.794,241562.072,967094.998,IV27,http://data.ordnancesurvey.co.uk/id/postcodedistrict/IV27,Smoo,http://data.ordnancesurvey.co.uk/id/4000000074541410,http://www.ordnancesurvey.co.uk/xml/codelists/localtype.xml#hamlet,,,,Highland,http://data.ordnancesurvey.co.uk/id/7000000000029638,http://data.ordnancesurvey.co.uk/ontology/admingeo/UnitaryAuthority,Scotland,http://data.ordnancesurvey.co.uk/id/7000000000041429,Scotland,http://data.ordnancesurvey.co.uk/id/country/scotland,,,
osgb4000000003340005,http://data.ordnancesurvey.co.uk/id/4000000003340005,School Road,,,,transportNetwork,Named Road,240333.162,967333.185,4000,20000,240300.707,967015.301,240461.727,967676.249,IV27,http://data.ordnancesurvey.co.uk/id/postcodedistrict/IV27,,,,,,,Highland,http://data.ordnancesurvey.co.uk/id/7000000000029638,http://data.ordnancesurvey.co.uk/ontology/admingeo/UnitaryAuthority,Scotland,http://data.ordnancesurvey.co.uk/id/7000000000041429,Scotland,http://data.ordnancesurvey.co.uk/id/country/scotland,,,
osgb4000000003340086,http://data.ordnancesurvey.co.uk/id/4000000003340086,Cornhill Road,,,,transportNetwork,Named Road,258663.270,962485.463,1000,20000,258594.456,962406.000,258687.000,962536.027,IV27,http://data.ordnancesurvey.co.uk/id/postcodedistrict/IV27,Melness,http://data.ordnancesurvey.co.uk/id/4000000074555202,http://www.ordnancesurvey.co.uk/xml/codelists/localtype.xml#otherSettlement,,,,Highland,http://data.ordnancesurvey.co.uk/id/7000000000029638,http://data.ordnancesurvey.co.uk/ontology/admingeo/UnitaryAuthority,Scotland,http://data.ordnancesurvey.co.uk/id/7000000000041429,Scotland,http://data.ordnancesurvey.co.uk/id/country/scotland,,,
79e1655d-6d56-429e-90dd-5c93e0a8deaf,http://data.ordnancesurvey.co.uk/id/79e1655d-6d56-429e-90dd-5c93e0a8deaf,School Road,,,,transportNetwork,Section Of Named Road,240361.510,967487.181,4000,25000,240300.707,967015.301,240461.727,967676.249,IV27,http://data.ordnancesurvey.co.uk/id/postcodedistrict/IV27,Diuranais / Durness,http://data.ordnancesurvey.co.uk/id/4000000074555960,http://www.ordnancesurvey.co.uk/xml/codelists/localtype.xml#village,,,,Highland,http://data.ordnancesurvey.co.uk/id/7000000000029638,http://data.ordnancesurvey.co.uk/ontology/admingeo/UnitaryAuthority,Scotland,http://data.ordnancesurvey.co.uk/id/7000000000041429,Scotland,http://data.ordnancesurvey.co.uk/id/country/scotland,osgb4000000003340005,,
osgb4000000003340012,http://data.ordnancesurvey.co.uk/id/4000000003340012,Hames Place,,,,transportNetwork,Named Road,240331.000,967836.000,1000,20000,240296.790,967795.417,240367.597,967890.816,IV27,http://data.ordnancesurvey.co.uk/id/postcodedistrict/IV27,Diuranais / Durness,http://data.ordnancesurvey.co.uk/id/4000000074555960,http://www.ordnancesurvey.co.uk/xml/codelists/localtype.xml#village,,,,Highland,http://data.ordnancesurvey.co.uk/id/7000000000029638,http://data.ordnancesurvey.co.uk/ontology/admingeo/UnitaryAuthority,Scotland,http://data.ordnancesurvey.co.uk/id/7000000000041429,Scotland,http://data.ordnancesurvey.co.uk/id/country/scotland,,,
IV274QD,http://data.ordnancesurvey.co.uk/id/postcodeunit/IV274QD,IV27 4QD,,,,other,Postcode,242632.000,966137.000,3500,18000,,,,,,,Sangobeg,http://data.ordnancesurvey.co.uk/id/4000000074555567,http://www.ordnancesurvey.co.uk/xml/codelists/localtype.xml#hamlet,,,,Highland,http://data.ordnancesurvey.co.uk/id/7000000000029638,http://data.ordnancesurvey.co.uk/ontology/admingeo/UnitaryAuthority,Scotland,http://data.ordnancesurvey.co.uk/id/7000000000041429,Scotland,http://data.ordnancesurvey.co.uk/id/country/scotland,,,
IV274YP,http://data.ordnancesurvey.co.uk/id/postcodeunit/IV274YP,IV27 4YP,,,,other,Postcode,258821.000,961781.000,3500,18000,,,,,,,Melness,http://data.ordnancesurvey.co.uk/id/4000000074555202,http://www.ordnancesurvey.co.uk/xml/codelists/localtype.xml#otherSettlement,,,,Highland,http://data.ordnancesurvey.co.uk/id/7000000000029638,http://data.ordnancesurvey.co.uk/ontology/admingeo/UnitaryAuthority,Scotland,http://data.ordnancesurvey.co.uk/id/7000000000041429,Scotland,http://data.ordnancesurvey.co.uk/id/country/scotland,,,
IV274YS,http://data.ordnancesurvey.co.uk/id/postcodeunit/IV274YS,IV27 4YS,,,,other,Postcode,258530.000,962806.000,3500,18000,,,,,,,Melness,http://data.ordnancesurvey.co.uk/id/4000000074555202,http://www.ordnancesurvey.co.uk/xml/codelists/localtype.xml#otherSettlement,,,,Highland,http://data.ordnancesurvey.co.uk/id/7000000000029638,http://data.ordnancesurvey.co.uk/ontology/admingeo/UnitaryAuthority,Scotland,http://data.ordnancesurvey.co.uk/id/7000000000041429,Scotland,http://data.ordnancesurvey.co.uk/id/country/scotland,,,
IV274PY,http://data.ordnancesurvey.co.uk/id/postcodeunit/IV274PY,IV27 4PY,,,,other,Postcode,240410.000,967753.000,3500,18000,,,,,,,Diuranais / Durness,http://data.ordnancesurvey.co.uk/id/4000000074555960,http://www.ordnancesurvey.co.uk/xml/codelists/localtype.xml#village,,,,Highland,http://data.ordnancesurvey.co.uk/id/7000000000029638,http://data.ordnancesurvey.co.uk/ontology/admingeo/UnitaryAuthority,Scotland,http://data.ordnancesurvey.co.uk/id/7000000000041429,Scotland,http://data.ordnancesurvey.co.uk/id/country/scotland,,,
osgb4000000003340104,http://data.ordnancesurvey.co.uk/id/4000000003340104,Joseph Mackay Court,,,,transportNetwork,Named Road,258531.425,962421.564,1000,20000,258522.999,962403.292,258556.400,962454.979,IV27,http://data.ordnancesurvey.co.uk/id/postcodedistrict/IV27,Melness,http://data.ordnancesurvey.co.uk/id/4000000074555202,http://www.ordnancesurvey.co.uk/xml/codelists/localtype.xml#otherSettlement,,,,Highland,http://data.ordnancesurvey.co.uk/id/7000000000029638,http://data.ordnancesurvey.co.uk/ontology/admingeo/UnitaryAuthority,Scotland,http://data.ordnancesurvey.co.uk/id/7000000000041429,Scotland,http://data.ordnancesurvey.co.uk/id/country/scotland,,,
osgb4000000074555959,http://data.ordnancesurvey.co.uk/id/4000000074555959,Leirinmore,,,,populatedPlace,Hamlet,242161.970,966617.050,5000,25000,241834.622,966482.916,242488.150,967211.848,IV27,http://data.ordnancesurvey.co.uk/id/postcodedistrict/IV27,,,,,,,Highland,http://data.ordnancesurvey.co.uk/id/7000000000029638,http://data.ordnancesurvey.co.uk/ontology/admingeo/UnitaryAuthority,Scotland,http://data.ordnancesurvey.co.uk/id/7000000000041429,Scotland,http://data.ordnancesurvey.co.uk/id/country/scotland,,http://dbpedia.org/resource/Leirinmore,
