﻿osgb4000000074570667,http://data.ordnancesurvey.co.uk/id/4000000074570667,Marrel,,,,populatedPlace,Hamlet,301905.880,917045.400,5000,25000,301560.594,916708.754,302060.594,917427.628,KW8,http://data.ordnancesurvey.co.uk/id/postcodedistrict/KW8,,,,,,,Highland,http://data.ordnancesurvey.co.uk/id/7000000000029638,http://data.ordnancesurvey.co.uk/ontology/admingeo/UnitaryAuthority,Scotland,http://data.ordnancesurvey.co.uk/id/7000000000041429,Scotland,http://data.ordnancesurvey.co.uk/id/country/scotland,,,
osgb4000000074570663,http://data.ordnancesurvey.co.uk/id/4000000074570663,West Helmsdale,,,,populatedPlace,Village,302054.120,915496.110,9000,250000,301345.585,914818.575,302707.933,916216.105,KW8,http://data.ordnancesurvey.co.uk/id/postcodedistrict/KW8,,,,,,,Highland,http://data.ordnancesurvey.co.uk/id/7000000000029638,http://data.ordnancesurvey.co.uk/ontology/admingeo/UnitaryAuthority,Scotland,http://data.ordnancesurvey.co.uk/id/7000000000041429,Scotland,http://data.ordnancesurvey.co.uk/id/country/scotland,,http://dbpedia.org/resource/West_Helmsdale,
osgb4000000074570662,http://data.ordnancesurvey.co.uk/id/4000000074570662,Gartymore,,,,populatedPlace,Other Settlement,301543.630,914490.540,15000,25000,301094.234,913888.561,301752.784,915115.170,KW8,http://data.ordnancesurvey.co.uk/id/postcodedistrict/KW8,,,,,,,Highland,http://data.ordnancesurvey.co.uk/id/7000000000029638,http://data.ordnancesurvey.co.uk/ontology/admingeo/UnitaryAuthority,Scotland,http://data.ordnancesurvey.co.uk/id/7000000000041429,Scotland,http://data.ordnancesurvey.co.uk/id/country/scotland,,http://dbpedia.org/resource/Gartymore,
osgb4000000074570665,http://data.ordnancesurvey.co.uk/id/4000000074570665,Navidale,,,,populatedPlace,Other Settlement,303483.000,916782.000,15000,25000,303306.153,915673.181,304231.142,916879.675,KW8,http://data.ordnancesurvey.co.uk/id/postcodedistrict/KW8,,,,,,,Highland,http://data.ordnancesurvey.co.uk/id/7000000000029638,http://data.ordnancesurvey.co.uk/ontology/admingeo/UnitaryAuthority,Scotland,http://data.ordnancesurvey.co.uk/id/7000000000041429,Scotland,http://data.ordnancesurvey.co.uk/id/country/scotland,,,http://sws.geonames.org/2641855
osgb4000000074570664,http://data.ordnancesurvey.co.uk/id/4000000074570664,East Helmsdale,,,,populatedPlace,Village,302659.620,915425.840,9000,250000,302210.253,915094.996,303607.782,916291.444,KW8,http://data.ordnancesurvey.co.uk/id/postcodedistrict/KW8,,,,,,,Highland,http://data.ordnancesurvey.co.uk/id/7000000000029638,http://data.ordnancesurvey.co.uk/ontology/admingeo/UnitaryAuthority,Scotland,http://data.ordnancesurvey.co.uk/id/7000000000041429,Scotland,http://data.ordnancesurvey.co.uk/id/country/scotland,,http://dbpedia.org/resource/West_Helmsdale,
osgb4000000074570661,http://data.ordnancesurvey.co.uk/id/4000000074570661,Portgower,,,,populatedPlace,Village,300541.720,913306.080,7000,250000,300320.056,913209.906,301385.804,913777.963,KW8,http://data.ordnancesurvey.co.uk/id/postcodedistrict/KW8,,,,,,,Highland,http://data.ordnancesurvey.co.uk/id/7000000000029638,http://data.ordnancesurvey.co.uk/ontology/admingeo/UnitaryAuthority,Scotland,http://data.ordnancesurvey.co.uk/id/7000000000041429,Scotland,http://data.ordnancesurvey.co.uk/id/country/scotland,,http://dbpedia.org/resource/Portgower,http://sws.geonames.org/2640057
KW86HJ,http://data.ordnancesurvey.co.uk/id/postcodeunit/KW86HJ,KW8 6HJ,,,,other,Postcode,301509.000,914509.000,3500,18000,,,,,,,Gartymore,http://data.ordnancesurvey.co.uk/id/4000000074570662,http://www.ordnancesurvey.co.uk/xml/codelists/localtype.xml#otherSettlement,,,,Highland,http://data.ordnancesurvey.co.uk/id/7000000000029638,http://data.ordnancesurvey.co.uk/ontology/admingeo/UnitaryAuthority,Scotland,http://data.ordnancesurvey.co.uk/id/7000000000041429,Scotland,http://data.ordnancesurvey.co.uk/id/country/scotland,,,
KW86JA,http://data.ordnancesurvey.co.uk/id/postcodeunit/KW86JA,KW8 6JA,,,,other,Postcode,302726.000,915380.000,3500,18000,,,,,,,East Helmsdale,http://data.ordnancesurvey.co.uk/id/4000000074570664,http://www.ordnancesurvey.co.uk/xml/codelists/localtype.xml#village,,,,Highland,http://data.ordnancesurvey.co.uk/id/7000000000029638,http://data.ordnancesurvey.co.uk/ontology/admingeo/UnitaryAuthority,Scotland,http://data.ordnancesurvey.co.uk/id/7000000000041429,Scotland,http://data.ordnancesurvey.co.uk/id/country/scotland,,,
KW86LQ,http://data.ordnancesurvey.co.uk/id/postcodeunit/KW86LQ,KW8 6LQ,,,,other,Postcode,302950.000,915310.000,3500,18000,,,,,,,East Helmsdale,http://data.ordnancesurvey.co.uk/id/4000000074570664,http://www.ordnancesurvey.co.uk/xml/codelists/localtype.xml#village,,,,Highland,http://data.ordnancesurvey.co.uk/id/7000000000029638,http://data.ordnancesurvey.co.uk/ontology/admingeo/UnitaryAuthority,Scotland,http://data.ordnancesurvey.co.uk/id/7000000000041429,Scotland,http://data.ordnancesurvey.co.uk/id/country/scotland,,,
KW86HW,http://data.ordnancesurvey.co.uk/id/postcodeunit/KW86HW,KW8 6HW,,,,other,Postcode,300471.000,913300.000,3500,18000,,,,,,,Portgower,http://data.ordnancesurvey.co.uk/id/4000000074570661,http://www.ordnancesurvey.co.uk/xml/codelists/localtype.xml#village,,,,Highland,http://data.ordnancesurvey.co.uk/id/7000000000029638,http://data.ordnancesurvey.co.uk/ontology/admingeo/UnitaryAuthority,Scotland,http://data.ordnancesurvey.co.uk/id/7000000000041429,Scotland,http://data.ordnancesurvey.co.uk/id/country/scotland,,,
KW86LH,http://data.ordnancesurvey.co.uk/id/postcodeunit/KW86LH,KW8 6LH,,,,other,Postcode,302852.000,915398.000,3500,18000,,,,,,,East Helmsdale,http://data.ordnancesurvey.co.uk/id/4000000074570664,http://www.ordnancesurvey.co.uk/xml/codelists/localtype.xml#village,,,,Highland,http://data.ordnancesurvey.co.uk/id/7000000000029638,http://data.ordnancesurvey.co.uk/ontology/admingeo/UnitaryAuthority,Scotland,http://data.ordnancesurvey.co.uk/id/7000000000041429,Scotland,http://data.ordnancesurvey.co.uk/id/country/scotland,,,
KW86LF,http://data.ordnancesurvey.co.uk/id/postcodeunit/KW86LF,KW8 6LF,,,,other,Postcode,303123.000,915313.000,3500,18000,,,,,,,East Helmsdale,http://data.ordnancesurvey.co.uk/id/4000000074570664,http://www.ordnancesurvey.co.uk/xml/codelists/localtype.xml#village,,,,Highland,http://data.ordnancesurvey.co.uk/id/7000000000029638,http://data.ordnancesurvey.co.uk/ontology/admingeo/UnitaryAuthority,Scotland,http://data.ordnancesurvey.co.uk/id/7000000000041429,Scotland,http://data.ordnancesurvey.co.uk/id/country/scotland,,,
KW86LA,http://data.ordnancesurvey.co.uk/id/postcodeunit/KW86LA,KW8 6LA,,,,other,Postcode,303103.000,915198.000,3500,18000,,,,,,,East Helmsdale,http://data.ordnancesurvey.co.uk/id/4000000074570664,http://www.ordnancesurvey.co.uk/xml/codelists/localtype.xml#village,,,,Highland,http://data.ordnancesurvey.co.uk/id/7000000000029638,http://data.ordnancesurvey.co.uk/ontology/admingeo/UnitaryAuthority,Scotland,http://data.ordnancesurvey.co.uk/id/7000000000041429,Scotland,http://data.ordnancesurvey.co.uk/id/country/scotland,,,
KW86JR,http://data.ordnancesurvey.co.uk/id/postcodeunit/KW86JR,KW8 6JR,,,,other,Postcode,302950.000,915439.000,3500,18000,,,,,,,East Helmsdale,http://data.ordnancesurvey.co.uk/id/4000000074570664,http://www.ordnancesurvey.co.uk/xml/codelists/localtype.xml#village,,,,Highland,http://data.ordnancesurvey.co.uk/id/7000000000029638,http://data.ordnancesurvey.co.uk/ontology/admingeo/UnitaryAuthority,Scotland,http://data.ordnancesurvey.co.uk/id/7000000000041429,Scotland,http://data.ordnancesurvey.co.uk/id/country/scotland,,,
KW86LG,http://data.ordnancesurvey.co.uk/id/postcodeunit/KW86LG,KW8 6LG,,,,other,Postcode,302975.000,915380.000,3500,18000,,,,,,,East Helmsdale,http://data.ordnancesurvey.co.uk/id/4000000074570664,http://www.ordnancesurvey.co.uk/xml/codelists/localtype.xml#village,,,,Highland,http://data.ordnancesurvey.co.uk/id/7000000000029638,http://data.ordnancesurvey.co.uk/ontology/admingeo/UnitaryAuthority,Scotland,http://data.ordnancesurvey.co.uk/id/7000000000041429,Scotland,http://data.ordnancesurvey.co.uk/id/country/scotland,,,
KW86JY,http://data.ordnancesurvey.co.uk/id/postcodeunit/KW86JY,KW8 6JY,,,,other,Postcode,302869.000,915361.000,3500,18000,,,,,,,East Helmsdale,http://data.ordnancesurvey.co.uk/id/4000000074570664,http://www.ordnancesurvey.co.uk/xml/codelists/localtype.xml#village,,,,Highland,http://data.ordnancesurvey.co.uk/id/7000000000029638,http://data.ordnancesurvey.co.uk/ontology/admingeo/UnitaryAuthority,Scotland,http://data.ordnancesurvey.co.uk/id/7000000000041429,Scotland,http://data.ordnancesurvey.co.uk/id/country/scotland,,,
KW86JF,http://data.ordnancesurvey.co.uk/id/postcodeunit/KW86JF,KW8 6JF,,,,other,Postcode,302701.000,915464.000,3500,18000,,,,,,,East Helmsdale,http://data.ordnancesurvey.co.uk/id/4000000074570664,http://www.ordnancesurvey.co.uk/xml/codelists/localtype.xml#village,,,,Highland,http://data.ordnancesurvey.co.uk/id/7000000000029638,http://data.ordnancesurvey.co.uk/ontology/admingeo/UnitaryAuthority,Scotland,http://data.ordnancesurvey.co.uk/id/7000000000041429,Scotland,http://data.ordnancesurvey.co.uk/id/country/scotland,,,
KW86JH,http://data.ordnancesurvey.co.uk/id/postcodeunit/KW86JH,KW8 6JH,,,,other,Postcode,302842.000,915491.000,3500,18000,,,,,,,East Helmsdale,http://data.ordnancesurvey.co.uk/id/4000000074570664,http://www.ordnancesurvey.co.uk/xml/codelists/localtype.xml#village,,,,Highland,http://data.ordnancesurvey.co.uk/id/7000000000029638,http://data.ordnancesurvey.co.uk/ontology/admingeo/UnitaryAuthority,Scotland,http://data.ordnancesurvey.co.uk/id/7000000000041429,Scotland,http://data.ordnancesurvey.co.uk/id/country/scotland,,,
KW86JU,http://data.ordnancesurvey.co.uk/id/postcodeunit/KW86JU,KW8 6JU,,,,other,Postcode,302874.000,915230.000,3500,18000,,,,,,,East Helmsdale,http://data.ordnancesurvey.co.uk/id/4000000074570664,http://www.ordnancesurvey.co.uk/xml/codelists/localtype.xml#village,,,,Highland,http://data.ordnancesurvey.co.uk/id/7000000000029638,http://data.ordnancesurvey.co.uk/ontology/admingeo/UnitaryAuthority,Scotland,http://data.ordnancesurvey.co.uk/id/7000000000041429,Scotland,http://data.ordnancesurvey.co.uk/id/country/scotland,,,
KW86JJ,http://data.ordnancesurvey.co.uk/id/postcodeunit/KW86JJ,KW8 6JJ,,,,other,Postcode,302709.000,915579.000,3500,18000,,,,,,,East Helmsdale,http://data.ordnancesurvey.co.uk/id/4000000074570664,http://www.ordnancesurvey.co.uk/xml/codelists/localtype.xml#village,,,,Highland,http://data.ordnancesurvey.co.uk/id/7000000000029638,http://data.ordnancesurvey.co.uk/ontology/admingeo/UnitaryAuthority,Scotland,http://data.ordnancesurvey.co.uk/id/7000000000041429,Scotland,http://data.ordnancesurvey.co.uk/id/country/scotland,,,
KW86JX,http://data.ordnancesurvey.co.uk/id/postcodeunit/KW86JX,KW8 6JX,,,,other,Postcode,302909.000,915275.000,3500,18000,,,,,,,East Helmsdale,http://data.ordnancesurvey.co.uk/id/4000000074570664,http://www.ordnancesurvey.co.uk/xml/codelists/localtype.xml#village,,,,Highland,http://data.ordnancesurvey.co.uk/id/7000000000029638,http://data.ordnancesurvey.co.uk/ontology/admingeo/UnitaryAuthority,Scotland,http://data.ordnancesurvey.co.uk/id/7000000000041429,Scotland,http://data.ordnancesurvey.co.uk/id/country/scotland,,,
KW86JZ,http://data.ordnancesurvey.co.uk/id/postcodeunit/KW86JZ,KW8 6JZ,,,,other,Postcode,302857.000,915231.000,3500,18000,,,,,,,East Helmsdale,http://data.ordnancesurvey.co.uk/id/4000000074570664,http://www.ordnancesurvey.co.uk/xml/codelists/localtype.xml#village,,,,Highland,http://data.ordnancesurvey.co.uk/id/7000000000029638,http://data.ordnancesurvey.co.uk/ontology/admingeo/UnitaryAuthority,Scotland,http://data.ordnancesurvey.co.uk/id/7000000000041429,Scotland,http://data.ordnancesurvey.co.uk/id/country/scotland,,,
KW86JP,http://data.ordnancesurvey.co.uk/id/postcodeunit/KW86JP,KW8 6JP,,,,other,Postcode,302887.000,915480.000,3500,18000,,,,,,,East Helmsdale,http://data.ordnancesurvey.co.uk/id/4000000074570664,http://www.ordnancesurvey.co.uk/xml/codelists/localtype.xml#village,,,,Highland,http://data.ordnancesurvey.co.uk/id/7000000000029638,http://data.ordnancesurvey.co.uk/ontology/admingeo/UnitaryAuthority,Scotland,http://data.ordnancesurvey.co.uk/id/7000000000041429,Scotland,http://data.ordnancesurvey.co.uk/id/country/scotland,,,
KW86JS,http://data.ordnancesurvey.co.uk/id/postcodeunit/KW86JS,KW8 6JS,,,,other,Postcode,303711.000,916008.000,3500,18000,,,,,,,Navidale,http://data.ordnancesurvey.co.uk/id/4000000074570665,http://www.ordnancesurvey.co.uk/xml/codelists/localtype.xml#otherSettlement,,,,Highland,http://data.ordnancesurvey.co.uk/id/7000000000029638,http://data.ordnancesurvey.co.uk/ontology/admingeo/UnitaryAuthority,Scotland,http://data.ordnancesurvey.co.uk/id/7000000000041429,Scotland,http://data.ordnancesurvey.co.uk/id/country/scotland,,,
KW86HU,http://data.ordnancesurvey.co.uk/id/postcodeunit/KW86HU,KW8 6HU,,,,other,Postcode,301787.000,916770.000,3500,18000,,,,,,,Marrel,http://data.ordnancesurvey.co.uk/id/4000000074570667,http://www.ordnancesurvey.co.uk/xml/codelists/localtype.xml#hamlet,,,,Highland,http://data.ordnancesurvey.co.uk/id/7000000000029638,http://data.ordnancesurvey.co.uk/ontology/admingeo/UnitaryAuthority,Scotland,http://data.ordnancesurvey.co.uk/id/7000000000041429,Scotland,http://data.ordnancesurvey.co.uk/id/country/scotland,,,
KW86HH,http://data.ordnancesurvey.co.uk/id/postcodeunit/KW86HH,KW8 6HH,,,,other,Postcode,302049.000,915429.000,3500,18000,,,,,,,West Helmsdale,http://data.ordnancesurvey.co.uk/id/4000000074570663,http://www.ordnancesurvey.co.uk/xml/codelists/localtype.xml#village,,,,Highland,http://data.ordnancesurvey.co.uk/id/7000000000029638,http://data.ordnancesurvey.co.uk/ontology/admingeo/UnitaryAuthority,Scotland,http://data.ordnancesurvey.co.uk/id/7000000000041429,Scotland,http://data.ordnancesurvey.co.uk/id/country/scotland,,,
KW86JQ,http://data.ordnancesurvey.co.uk/id/postcodeunit/KW86JQ,KW8 6JQ,,,,other,Postcode,302748.000,915531.000,3500,18000,,,,,,,East Helmsdale,http://data.ordnancesurvey.co.uk/id/4000000074570664,http://www.ordnancesurvey.co.uk/xml/codelists/localtype.xml#village,,,,Highland,http://data.ordnancesurvey.co.uk/id/7000000000029638,http://data.ordnancesurvey.co.uk/ontology/admingeo/UnitaryAuthority,Scotland,http://data.ordnancesurvey.co.uk/id/7000000000041429,Scotland,http://data.ordnancesurvey.co.uk/id/country/scotland,,,
KW86HL,http://data.ordnancesurvey.co.uk/id/postcodeunit/KW86HL,KW8 6HL,,,,other,Postcode,300630.000,913380.000,3500,18000,,,,,,,Portgower,http://data.ordnancesurvey.co.uk/id/4000000074570661,http://www.ordnancesurvey.co.uk/xml/codelists/localtype.xml#village,,,,Highland,http://data.ordnancesurvey.co.uk/id/7000000000029638,http://data.ordnancesurvey.co.uk/ontology/admingeo/UnitaryAuthority,Scotland,http://data.ordnancesurvey.co.uk/id/7000000000041429,Scotland,http://data.ordnancesurvey.co.uk/id/country/scotland,,,
KW86HT,http://data.ordnancesurvey.co.uk/id/postcodeunit/KW86HT,KW8 6HT,,,,other,Postcode,302629.000,915629.000,3500,18000,,,,,,,East Helmsdale,http://data.ordnancesurvey.co.uk/id/4000000074570664,http://www.ordnancesurvey.co.uk/xml/codelists/localtype.xml#village,,,,Highland,http://data.ordnancesurvey.co.uk/id/7000000000029638,http://data.ordnancesurvey.co.uk/ontology/admingeo/UnitaryAuthority,Scotland,http://data.ordnancesurvey.co.uk/id/7000000000041429,Scotland,http://data.ordnancesurvey.co.uk/id/country/scotland,,,
KW86JE,http://data.ordnancesurvey.co.uk/id/postcodeunit/KW86JE,KW8 6JE,,,,other,Postcode,302736.000,915478.000,3500,18000,,,,,,,East Helmsdale,http://data.ordnancesurvey.co.uk/id/4000000074570664,http://www.ordnancesurvey.co.uk/xml/codelists/localtype.xml#village,,,,Highland,http://data.ordnancesurvey.co.uk/id/7000000000029638,http://data.ordnancesurvey.co.uk/ontology/admingeo/UnitaryAuthority,Scotland,http://data.ordnancesurvey.co.uk/id/7000000000041429,Scotland,http://data.ordnancesurvey.co.uk/id/country/scotland,,,
KW86HN,http://data.ordnancesurvey.co.uk/id/postcodeunit/KW86HN,KW8 6HN,,,,other,Postcode,300829.000,913445.000,3500,18000,,,,,,,Portgower,http://data.ordnancesurvey.co.uk/id/4000000074570661,http://www.ordnancesurvey.co.uk/xml/codelists/localtype.xml#village,,,,Highland,http://data.ordnancesurvey.co.uk/id/7000000000029638,http://data.ordnancesurvey.co.uk/ontology/admingeo/UnitaryAuthority,Scotland,http://data.ordnancesurvey.co.uk/id/7000000000041429,Scotland,http://data.ordnancesurvey.co.uk/id/country/scotland,,,
KW86LD,http://data.ordnancesurvey.co.uk/id/postcodeunit/KW86LD,KW8 6LD,,,,other,Postcode,303147.000,915236.000,3500,18000,,,,,,,East Helmsdale,http://data.ordnancesurvey.co.uk/id/4000000074570664,http://www.ordnancesurvey.co.uk/xml/codelists/localtype.xml#village,,,,Highland,http://data.ordnancesurvey.co.uk/id/7000000000029638,http://data.ordnancesurvey.co.uk/ontology/admingeo/UnitaryAuthority,Scotland,http://data.ordnancesurvey.co.uk/id/7000000000041429,Scotland,http://data.ordnancesurvey.co.uk/id/country/scotland,,,
KW86JG,http://data.ordnancesurvey.co.uk/id/postcodeunit/KW86JG,KW8 6JG,,,,other,Postcode,302629.000,915557.000,3500,18000,,,,,,,East Helmsdale,http://data.ordnancesurvey.co.uk/id/4000000074570664,http://www.ordnancesurvey.co.uk/xml/codelists/localtype.xml#village,,,,Highland,http://data.ordnancesurvey.co.uk/id/7000000000029638,http://data.ordnancesurvey.co.uk/ontology/admingeo/UnitaryAuthority,Scotland,http://data.ordnancesurvey.co.uk/id/7000000000041429,Scotland,http://data.ordnancesurvey.co.uk/id/country/scotland,,,
KW86JW,http://data.ordnancesurvey.co.uk/id/postcodeunit/KW86JW,KW8 6JW,,,,other,Postcode,302808.000,915616.000,3500,18000,,,,,,,East Helmsdale,http://data.ordnancesurvey.co.uk/id/4000000074570664,http://www.ordnancesurvey.co.uk/xml/codelists/localtype.xml#village,,,,Highland,http://data.ordnancesurvey.co.uk/id/7000000000029638,http://data.ordnancesurvey.co.uk/ontology/admingeo/UnitaryAuthority,Scotland,http://data.ordnancesurvey.co.uk/id/7000000000041429,Scotland,http://data.ordnancesurvey.co.uk/id/country/scotland,,,
KW86JL,http://data.ordnancesurvey.co.uk/id/postcodeunit/KW86JL,KW8 6JL,,,,other,Postcode,302522.000,915766.000,3500,18000,,,,,,,East Helmsdale,http://data.ordnancesurvey.co.uk/id/4000000074570664,http://www.ordnancesurvey.co.uk/xml/codelists/localtype.xml#village,,,,Highland,http://data.ordnancesurvey.co.uk/id/7000000000029638,http://data.ordnancesurvey.co.uk/ontology/admingeo/UnitaryAuthority,Scotland,http://data.ordnancesurvey.co.uk/id/7000000000041429,Scotland,http://data.ordnancesurvey.co.uk/id/country/scotland,,,
KW86LE,http://data.ordnancesurvey.co.uk/id/postcodeunit/KW86LE,KW8 6LE,,,,other,Postcode,303272.000,915326.000,3500,18000,,,,,,,East Helmsdale,http://data.ordnancesurvey.co.uk/id/4000000074570664,http://www.ordnancesurvey.co.uk/xml/codelists/localtype.xml#village,,,,Highland,http://data.ordnancesurvey.co.uk/id/7000000000029638,http://data.ordnancesurvey.co.uk/ontology/admingeo/UnitaryAuthority,Scotland,http://data.ordnancesurvey.co.uk/id/7000000000041429,Scotland,http://data.ordnancesurvey.co.uk/id/country/scotland,,,
KW86HX,http://data.ordnancesurvey.co.uk/id/postcodeunit/KW86HX,KW8 6HX,,,,other,Postcode,302120.000,917463.000,3500,18000,,,,,,,,,,,,,Highland,http://data.ordnancesurvey.co.uk/id/7000000000029638,http://data.ordnancesurvey.co.uk/ontology/admingeo/UnitaryAuthority,Scotland,http://data.ordnancesurvey.co.uk/id/7000000000041429,Scotland,http://data.ordnancesurvey.co.uk/id/country/scotland,,,
osgb4000000003379387,http://data.ordnancesurvey.co.uk/id/4000000003379387,Lilleshall Street,,,,transportNetwork,Named Road,302721.000,915477.000,1000,20000,302640.574,915355.028,302797.807,915579.707,KW8,http://data.ordnancesurvey.co.uk/id/postcodedistrict/KW8,East Helmsdale,http://data.ordnancesurvey.co.uk/id/4000000074570664,http://www.ordnancesurvey.co.uk/xml/codelists/localtype.xml#village,,,,Highland,http://data.ordnancesurvey.co.uk/id/7000000000029638,http://data.ordnancesurvey.co.uk/ontology/admingeo/UnitaryAuthority,Scotland,http://data.ordnancesurvey.co.uk/id/7000000000041429,Scotland,http://data.ordnancesurvey.co.uk/id/country/scotland,,,
osgb4000000003379311,http://data.ordnancesurvey.co.uk/id/4000000003379311,Sutherland Street,,,,transportNetwork,Named Road,302799.000,915423.000,2000,20000,302661.009,915289.000,302995.000,915518.932,KW8,http://data.ordnancesurvey.co.uk/id/postcodedistrict/KW8,East Helmsdale,http://data.ordnancesurvey.co.uk/id/4000000074570664,http://www.ordnancesurvey.co.uk/xml/codelists/localtype.xml#village,,,,Highland,http://data.ordnancesurvey.co.uk/id/7000000000029638,http://data.ordnancesurvey.co.uk/ontology/admingeo/UnitaryAuthority,Scotland,http://data.ordnancesurvey.co.uk/id/7000000000041429,Scotland,http://data.ordnancesurvey.co.uk/id/country/scotland,,,
osgb4000000003379274,http://data.ordnancesurvey.co.uk/id/4000000003379274,Navidale Road,,,,transportNetwork,Named Road,303767.465,916143.841,9000,20000,302979.000,915505.000,303871.199,916856.150,KW8,http://data.ordnancesurvey.co.uk/id/postcodedistrict/KW8,Navidale,http://data.ordnancesurvey.co.uk/id/4000000074570665,http://www.ordnancesurvey.co.uk/xml/codelists/localtype.xml#otherSettlement,,,,Highland,http://data.ordnancesurvey.co.uk/id/7000000000029638,http://data.ordnancesurvey.co.uk/ontology/admingeo/UnitaryAuthority,Scotland,http://data.ordnancesurvey.co.uk/id/7000000000041429,Scotland,http://data.ordnancesurvey.co.uk/id/country/scotland,,,
osgb4000000003379385,http://data.ordnancesurvey.co.uk/id/4000000003379385,Rockview Place,,,,transportNetwork,Named Road,303129.000,915353.000,1000,20000,303019.946,915287.000,303186.920,915512.367,KW8,http://data.ordnancesurvey.co.uk/id/postcodedistrict/KW8,East Helmsdale,http://data.ordnancesurvey.co.uk/id/4000000074570664,http://www.ordnancesurvey.co.uk/xml/codelists/localtype.xml#village,,,,Highland,http://data.ordnancesurvey.co.uk/id/7000000000029638,http://data.ordnancesurvey.co.uk/ontology/admingeo/UnitaryAuthority,Scotland,http://data.ordnancesurvey.co.uk/id/7000000000041429,Scotland,http://data.ordnancesurvey.co.uk/id/country/scotland,,,
osgb4000000003379281,http://data.ordnancesurvey.co.uk/id/4000000003379281,Shore Street,,,,transportNetwork,Named Road,302890.000,915208.000,3000,20000,302640.574,915187.207,303108.039,915355.028,KW8,http://data.ordnancesurvey.co.uk/id/postcodedistrict/KW8,East Helmsdale,http://data.ordnancesurvey.co.uk/id/4000000074570664,http://www.ordnancesurvey.co.uk/xml/codelists/localtype.xml#village,,,,Highland,http://data.ordnancesurvey.co.uk/id/7000000000029638,http://data.ordnancesurvey.co.uk/ontology/admingeo/UnitaryAuthority,Scotland,http://data.ordnancesurvey.co.uk/id/7000000000041429,Scotland,http://data.ordnancesurvey.co.uk/id/country/scotland,,,
osgb4000000003379383,http://data.ordnancesurvey.co.uk/id/4000000003379383,Farr Crescent,,,,transportNetwork,Named Road,303090.703,915304.640,1000,20000,303062.086,915304.640,303090.703,915311.405,KW8,http://data.ordnancesurvey.co.uk/id/postcodedistrict/KW8,East Helmsdale,http://data.ordnancesurvey.co.uk/id/4000000074570664,http://www.ordnancesurvey.co.uk/xml/codelists/localtype.xml#village,,,,Highland,http://data.ordnancesurvey.co.uk/id/7000000000029638,http://data.ordnancesurvey.co.uk/ontology/admingeo/UnitaryAuthority,Scotland,http://data.ordnancesurvey.co.uk/id/7000000000041429,Scotland,http://data.ordnancesurvey.co.uk/id/country/scotland,,,
osgb4000000003379517,http://data.ordnancesurvey.co.uk/id/4000000003379517,Trentham Street,,,,transportNetwork,Named Road,302760.961,915366.251,1000,20000,302716.914,915301.664,302840.000,915483.000,KW8,http://data.ordnancesurvey.co.uk/id/postcodedistrict/KW8,East Helmsdale,http://data.ordnancesurvey.co.uk/id/4000000074570664,http://www.ordnancesurvey.co.uk/xml/codelists/localtype.xml#village,,,,Highland,http://data.ordnancesurvey.co.uk/id/7000000000029638,http://data.ordnancesurvey.co.uk/ontology/admingeo/UnitaryAuthority,Scotland,http://data.ordnancesurvey.co.uk/id/7000000000041429,Scotland,http://data.ordnancesurvey.co.uk/id/country/scotland,,,
osgb4000000003379516,http://data.ordnancesurvey.co.uk/id/4000000003379516,Stittenham Street,,,,transportNetwork,Named Road,302661.814,915528.735,1000,20000,302661.814,915528.735,302694.000,915579.000,KW8,http://data.ordnancesurvey.co.uk/id/postcodedistrict/KW8,East Helmsdale,http://data.ordnancesurvey.co.uk/id/4000000074570664,http://www.ordnancesurvey.co.uk/xml/codelists/localtype.xml#village,,,,Highland,http://data.ordnancesurvey.co.uk/id/7000000000029638,http://data.ordnancesurvey.co.uk/ontology/admingeo/UnitaryAuthority,Scotland,http://data.ordnancesurvey.co.uk/id/7000000000041429,Scotland,http://data.ordnancesurvey.co.uk/id/country/scotland,,,
osgb4000000003379310,http://data.ordnancesurvey.co.uk/id/4000000003379310,Stafford Street,,,,transportNetwork,Named Road,302884.206,915367.416,2000,20000,302794.779,915246.978,302979.000,915510.000,KW8,http://data.ordnancesurvey.co.uk/id/postcodedistrict/KW8,East Helmsdale,http://data.ordnancesurvey.co.uk/id/4000000074570664,http://www.ordnancesurvey.co.uk/xml/codelists/localtype.xml#village,,,,Highland,http://data.ordnancesurvey.co.uk/id/7000000000029638,http://data.ordnancesurvey.co.uk/ontology/admingeo/UnitaryAuthority,Scotland,http://data.ordnancesurvey.co.uk/id/7000000000041429,Scotland,http://data.ordnancesurvey.co.uk/id/country/scotland,,,
6231792e-53e9-4165-8ef3-a1c6fb4c48b3,http://data.ordnancesurvey.co.uk/id/6231792e-53e9-4165-8ef3-a1c6fb4c48b3,Navidale Road,,,,transportNetwork,Section Of Named Road,303781.442,916283.922,7000,25000,303444.088,915711.161,303871.199,916851.409,KW8,http://data.ordnancesurvey.co.uk/id/postcodedistrict/KW8,Navidale,http://data.ordnancesurvey.co.uk/id/4000000074570665,http://www.ordnancesurvey.co.uk/xml/codelists/localtype.xml#otherSettlement,,,,Highland,http://data.ordnancesurvey.co.uk/id/7000000000029638,http://data.ordnancesurvey.co.uk/ontology/admingeo/UnitaryAuthority,Scotland,http://data.ordnancesurvey.co.uk/id/7000000000041429,Scotland,http://data.ordnancesurvey.co.uk/id/country/scotland,osgb4000000003379274,,
fa3320f4-9153-49ab-80dc-80dab14925ad,http://data.ordnancesurvey.co.uk/id/fa3320f4-9153-49ab-80dc-80dab14925ad,Navidale Road,,,,transportNetwork,Section Of Named Road,303283.000,915561.000,4000,25000,302979.000,915505.000,303585.651,915688.413,KW8,http://data.ordnancesurvey.co.uk/id/postcodedistrict/KW8,East Helmsdale,http://data.ordnancesurvey.co.uk/id/4000000074570664,http://www.ordnancesurvey.co.uk/xml/codelists/localtype.xml#village,,,,Highland,http://data.ordnancesurvey.co.uk/id/7000000000029638,http://data.ordnancesurvey.co.uk/ontology/admingeo/UnitaryAuthority,Scotland,http://data.ordnancesurvey.co.uk/id/7000000000041429,Scotland,http://data.ordnancesurvey.co.uk/id/country/scotland,osgb4000000003379274,,
osgb4000000003379515,http://data.ordnancesurvey.co.uk/id/4000000003379515,Strathnaver Street,,,,transportNetwork,Named Road,302798.000,915512.000,2000,20000,302649.572,915429.992,302926.135,915607.616,KW8,http://data.ordnancesurvey.co.uk/id/postcodedistrict/KW8,East Helmsdale,http://data.ordnancesurvey.co.uk/id/4000000074570664,http://www.ordnancesurvey.co.uk/xml/codelists/localtype.xml#village,,,,Highland,http://data.ordnancesurvey.co.uk/id/7000000000029638,http://data.ordnancesurvey.co.uk/ontology/admingeo/UnitaryAuthority,Scotland,http://data.ordnancesurvey.co.uk/id/7000000000041429,Scotland,http://data.ordnancesurvey.co.uk/id/country/scotland,,,
osgb4000000003379282,http://data.ordnancesurvey.co.uk/id/4000000003379282,Golf Road,,,,transportNetwork,Named Road,302461.000,915800.000,2000,20000,302318.018,915645.000,302642.000,915976.213,KW8,http://data.ordnancesurvey.co.uk/id/postcodedistrict/KW8,East Helmsdale,http://data.ordnancesurvey.co.uk/id/4000000074570664,http://www.ordnancesurvey.co.uk/xml/codelists/localtype.xml#village,,,,Highland,http://data.ordnancesurvey.co.uk/id/7000000000029638,http://data.ordnancesurvey.co.uk/ontology/admingeo/UnitaryAuthority,Scotland,http://data.ordnancesurvey.co.uk/id/7000000000041429,Scotland,http://data.ordnancesurvey.co.uk/id/country/scotland,,,
osgb4000000003379308,http://data.ordnancesurvey.co.uk/id/4000000003379308,Dunrobin Street,,,,transportNetwork,Named Road,302910.000,915265.000,4000,20000,302659.614,915192.000,303219.955,915425.844,KW8,http://data.ordnancesurvey.co.uk/id/postcodedistrict/KW8,East Helmsdale,http://data.ordnancesurvey.co.uk/id/4000000074570664,http://www.ordnancesurvey.co.uk/xml/codelists/localtype.xml#village,,,,Highland,http://data.ordnancesurvey.co.uk/id/7000000000029638,http://data.ordnancesurvey.co.uk/ontology/admingeo/UnitaryAuthority,Scotland,http://data.ordnancesurvey.co.uk/id/7000000000041429,Scotland,http://data.ordnancesurvey.co.uk/id/country/scotland,,,
osgb4000000003379309,http://data.ordnancesurvey.co.uk/id/4000000003379309,Old Caithness Road,,,,transportNetwork,Named Road,302797.807,915579.707,2000,20000,302642.000,915508.000,302979.000,915666.000,KW8,http://data.ordnancesurvey.co.uk/id/postcodedistrict/KW8,East Helmsdale,http://data.ordnancesurvey.co.uk/id/4000000074570664,http://www.ordnancesurvey.co.uk/xml/codelists/localtype.xml#village,,,,Highland,http://data.ordnancesurvey.co.uk/id/7000000000029638,http://data.ordnancesurvey.co.uk/ontology/admingeo/UnitaryAuthority,Scotland,http://data.ordnancesurvey.co.uk/id/7000000000041429,Scotland,http://data.ordnancesurvey.co.uk/id/country/scotland,,,
osgb4000000003379386,http://data.ordnancesurvey.co.uk/id/4000000003379386,Simpson Crescent,,,,transportNetwork,Named Road,303312.495,915289.593,1000,20000,303182.155,915259.000,303384.530,915400.000,KW8,http://data.ordnancesurvey.co.uk/id/postcodedistrict/KW8,East Helmsdale,http://data.ordnancesurvey.co.uk/id/4000000074570664,http://www.ordnancesurvey.co.uk/xml/codelists/localtype.xml#village,,,,Highland,http://data.ordnancesurvey.co.uk/id/7000000000029638,http://data.ordnancesurvey.co.uk/ontology/admingeo/UnitaryAuthority,Scotland,http://data.ordnancesurvey.co.uk/id/7000000000041429,Scotland,http://data.ordnancesurvey.co.uk/id/country/scotland,,,
KW86LB,http://data.ordnancesurvey.co.uk/id/postcodeunit/KW86LB,KW8 6LB,,,,other,Postcode,302990.000,915222.000,3500,18000,,,,,,,East Helmsdale,http://data.ordnancesurvey.co.uk/id/4000000074570664,http://www.ordnancesurvey.co.uk/xml/codelists/localtype.xml#village,,,,Highland,http://data.ordnancesurvey.co.uk/id/7000000000029638,http://data.ordnancesurvey.co.uk/ontology/admingeo/UnitaryAuthority,Scotland,http://data.ordnancesurvey.co.uk/id/7000000000041429,Scotland,http://data.ordnancesurvey.co.uk/id/country/scotland,,,
KW86JD,http://data.ordnancesurvey.co.uk/id/postcodeunit/KW86JD,KW8 6JD,,,,other,Postcode,302799.000,915407.000,3500,18000,,,,,,,East Helmsdale,http://data.ordnancesurvey.co.uk/id/4000000074570664,http://www.ordnancesurvey.co.uk/xml/codelists/localtype.xml#village,,,,Highland,http://data.ordnancesurvey.co.uk/id/7000000000029638,http://data.ordnancesurvey.co.uk/ontology/admingeo/UnitaryAuthority,Scotland,http://data.ordnancesurvey.co.uk/id/7000000000041429,Scotland,http://data.ordnancesurvey.co.uk/id/country/scotland,,,
KW86JN,http://data.ordnancesurvey.co.uk/id/postcodeunit/KW86JN,KW8 6JN,,,,other,Postcode,302332.000,915928.000,3500,18000,,,,,,,East Helmsdale,http://data.ordnancesurvey.co.uk/id/4000000074570664,http://www.ordnancesurvey.co.uk/xml/codelists/localtype.xml#village,,,,Highland,http://data.ordnancesurvey.co.uk/id/7000000000029638,http://data.ordnancesurvey.co.uk/ontology/admingeo/UnitaryAuthority,Scotland,http://data.ordnancesurvey.co.uk/id/7000000000041429,Scotland,http://data.ordnancesurvey.co.uk/id/country/scotland,,,
KW86LJ,http://data.ordnancesurvey.co.uk/id/postcodeunit/KW86LJ,KW8 6LJ,,,,other,Postcode,303059.000,915295.000,3500,18000,,,,,,,East Helmsdale,http://data.ordnancesurvey.co.uk/id/4000000074570664,http://www.ordnancesurvey.co.uk/xml/codelists/localtype.xml#village,,,,Highland,http://data.ordnancesurvey.co.uk/id/7000000000029638,http://data.ordnancesurvey.co.uk/ontology/admingeo/UnitaryAuthority,Scotland,http://data.ordnancesurvey.co.uk/id/7000000000041429,Scotland,http://data.ordnancesurvey.co.uk/id/country/scotland,,,
osgb4000000003379384,http://data.ordnancesurvey.co.uk/id/4000000003379384,Stittenham Road,,,,transportNetwork,Named Road,302661.814,915528.735,1000,20000,302642.000,915425.844,302661.814,915645.000,KW8,http://data.ordnancesurvey.co.uk/id/postcodedistrict/KW8,East Helmsdale,http://data.ordnancesurvey.co.uk/id/4000000074570664,http://www.ordnancesurvey.co.uk/xml/codelists/localtype.xml#village,,,,Highland,http://data.ordnancesurvey.co.uk/id/7000000000029638,http://data.ordnancesurvey.co.uk/ontology/admingeo/UnitaryAuthority,Scotland,http://data.ordnancesurvey.co.uk/id/7000000000041429,Scotland,http://data.ordnancesurvey.co.uk/id/country/scotland,,,
