﻿osgb4000000074571731,http://data.ordnancesurvey.co.uk/id/4000000074571731,Borgue,,,,populatedPlace,Hamlet,313243.710,926117.950,5000,25000,313028.004,925338.254,313596.303,926630.224,KW7,http://data.ordnancesurvey.co.uk/id/postcodedistrict/KW7,,,,,,,Highland,http://data.ordnancesurvey.co.uk/id/7000000000029638,http://data.ordnancesurvey.co.uk/ontology/admingeo/UnitaryAuthority,Scotland,http://data.ordnancesurvey.co.uk/id/7000000000041429,Scotland,http://data.ordnancesurvey.co.uk/id/country/scotland,,"http://dbpedia.org/resource/Borgue,_Highland",http://sws.geonames.org/2655176
osgb4000000074569615,http://data.ordnancesurvey.co.uk/id/4000000074569615,Braemore,,,,populatedPlace,Other Settlement,308430.950,930003.450,15000,25000,306596.889,929487.026,308587.618,930522.610,KW6,http://data.ordnancesurvey.co.uk/id/postcodedistrict/KW6,,,,,,,Highland,http://data.ordnancesurvey.co.uk/id/7000000000029638,http://data.ordnancesurvey.co.uk/ontology/admingeo/UnitaryAuthority,Scotland,http://data.ordnancesurvey.co.uk/id/7000000000041429,Scotland,http://data.ordnancesurvey.co.uk/id/country/scotland,,http://dbpedia.org/resource/Braemore,http://sws.geonames.org/2654961
osgb4000000074569275,http://data.ordnancesurvey.co.uk/id/4000000074569275,Houstry,,,,populatedPlace,Other Settlement,315492.210,934725.930,15000,25000,315046.386,934223.491,315921.105,936028.224,KW6,http://data.ordnancesurvey.co.uk/id/postcodedistrict/KW6,,,,,,,Highland,http://data.ordnancesurvey.co.uk/id/7000000000029638,http://data.ordnancesurvey.co.uk/ontology/admingeo/UnitaryAuthority,Scotland,http://data.ordnancesurvey.co.uk/id/7000000000041429,Scotland,http://data.ordnancesurvey.co.uk/id/country/scotland,,http://dbpedia.org/resource/Houstry,
osgb4000000074572074,http://data.ordnancesurvey.co.uk/id/4000000074572074,Bulno,,,,populatedPlace,Suburban Area,316384.766,930618.336,6000,25000,316045.396,930364.546,316919.349,931089.812,KW6,http://data.ordnancesurvey.co.uk/id/postcodedistrict/KW6,,,,,,,Highland,http://data.ordnancesurvey.co.uk/id/7000000000029638,http://data.ordnancesurvey.co.uk/ontology/admingeo/UnitaryAuthority,Scotland,http://data.ordnancesurvey.co.uk/id/7000000000041429,Scotland,http://data.ordnancesurvey.co.uk/id/country/scotland,,,
osgb4000000074570666,http://data.ordnancesurvey.co.uk/id/4000000074570666,Newport,,,,populatedPlace,Village,312590.000,923909.000,13000,250000,312027.721,923054.718,313210.022,925018.356,KW7,http://data.ordnancesurvey.co.uk/id/postcodedistrict/KW7,,,,,,,Highland,http://data.ordnancesurvey.co.uk/id/7000000000029638,http://data.ordnancesurvey.co.uk/ontology/admingeo/UnitaryAuthority,Scotland,http://data.ordnancesurvey.co.uk/id/7000000000041429,Scotland,http://data.ordnancesurvey.co.uk/id/country/scotland,,"http://dbpedia.org/resource/Newport,_Caithness",
osgb4000000074571732,http://data.ordnancesurvey.co.uk/id/4000000074571732,Castle Hill,,,,populatedPlace,Other Settlement,314991.050,927924.440,15000,25000,314664.022,927224.654,315300.771,928370.026,KW6,http://data.ordnancesurvey.co.uk/id/postcodedistrict/KW6,,,,,,,Highland,http://data.ordnancesurvey.co.uk/id/7000000000029638,http://data.ordnancesurvey.co.uk/ontology/admingeo/UnitaryAuthority,Scotland,http://data.ordnancesurvey.co.uk/id/7000000000041429,Scotland,http://data.ordnancesurvey.co.uk/id/country/scotland,,,
osgb4000000074571022,http://data.ordnancesurvey.co.uk/id/4000000074571022,Berriedale,,,,populatedPlace,Other Settlement,311197.930,922524.070,15000,25000,311067.435,922402.434,312128.154,923131.366,KW7,http://data.ordnancesurvey.co.uk/id/postcodedistrict/KW7,,,,,,,Highland,http://data.ordnancesurvey.co.uk/id/7000000000029638,http://data.ordnancesurvey.co.uk/ontology/admingeo/UnitaryAuthority,Scotland,http://data.ordnancesurvey.co.uk/id/7000000000041429,Scotland,http://data.ordnancesurvey.co.uk/id/country/scotland,,,http://sws.geonames.org/2655843
osgb4000000074542071,http://data.ordnancesurvey.co.uk/id/4000000074542071,Ramscraigs,,,,populatedPlace,Other Settlement,314071.120,927100.300,15000,25000,313239.102,926335.538,314582.486,927540.124,KW6,http://data.ordnancesurvey.co.uk/id/postcodedistrict/KW6,,,,,,,Highland,http://data.ordnancesurvey.co.uk/id/7000000000029638,http://data.ordnancesurvey.co.uk/ontology/admingeo/UnitaryAuthority,Scotland,http://data.ordnancesurvey.co.uk/id/7000000000041429,Scotland,http://data.ordnancesurvey.co.uk/id/country/scotland,,http://dbpedia.org/resource/Ramscraig,
osgb4000000074571734,http://data.ordnancesurvey.co.uk/id/4000000074571734,Dunbeath,,,,populatedPlace,Village,316133.108,929786.276,12000,250000,315927.200,929291.982,317320.641,931089.812,KW6,http://data.ordnancesurvey.co.uk/id/postcodedistrict/KW6,,,,,,,Highland,http://data.ordnancesurvey.co.uk/id/7000000000029638,http://data.ordnancesurvey.co.uk/ontology/admingeo/UnitaryAuthority,Scotland,http://data.ordnancesurvey.co.uk/id/7000000000041429,Scotland,http://data.ordnancesurvey.co.uk/id/country/scotland,,http://dbpedia.org/resource/Dunbeath,http://sws.geonames.org/2650774
osgb4000000074572075,http://data.ordnancesurvey.co.uk/id/4000000074572075,Balnabruich,,,,populatedPlace,Village,315656.000,929635.000,6000,250000,315131.846,929266.779,316081.966,930091.223,KW6,http://data.ordnancesurvey.co.uk/id/postcodedistrict/KW6,,,,,,,Highland,http://data.ordnancesurvey.co.uk/id/7000000000029638,http://data.ordnancesurvey.co.uk/ontology/admingeo/UnitaryAuthority,Scotland,http://data.ordnancesurvey.co.uk/id/7000000000041429,Scotland,http://data.ordnancesurvey.co.uk/id/country/scotland,,http://dbpedia.org/resource/Balnabruich,
osgb4000000074572404,http://data.ordnancesurvey.co.uk/id/4000000074572404,Latheron,,,,populatedPlace,Hamlet,319840.000,933444.000,5000,25000,319454.765,933171.852,320289.264,933760.023,KW5,http://data.ordnancesurvey.co.uk/id/postcodedistrict/KW5,,,,,,,Highland,http://data.ordnancesurvey.co.uk/id/7000000000029638,http://data.ordnancesurvey.co.uk/ontology/admingeo/UnitaryAuthority,Scotland,http://data.ordnancesurvey.co.uk/id/7000000000041429,Scotland,http://data.ordnancesurvey.co.uk/id/country/scotland,,http://dbpedia.org/resource/Latheron,http://sws.geonames.org/2644825
osgb4000000074543123,http://data.ordnancesurvey.co.uk/id/4000000074543123,Crofts of Benachielt,,,,populatedPlace,Other Settlement,318379.350,938991.690,15000,25000,318129.350,938741.691,318629.350,939241.691,KW5,http://data.ordnancesurvey.co.uk/id/postcodedistrict/KW5,,,,,,,Highland,http://data.ordnancesurvey.co.uk/id/7000000000029638,http://data.ordnancesurvey.co.uk/ontology/admingeo/UnitaryAuthority,Scotland,http://data.ordnancesurvey.co.uk/id/7000000000041429,Scotland,http://data.ordnancesurvey.co.uk/id/country/scotland,,,
osgb4000000074572073,http://data.ordnancesurvey.co.uk/id/4000000074572073,Inver,,,,populatedPlace,Suburban Area,316919.821,930215.262,5000,25000,316565.372,929718.066,317320.641,930484.167,KW6,http://data.ordnancesurvey.co.uk/id/postcodedistrict/KW6,,,,,,,Highland,http://data.ordnancesurvey.co.uk/id/7000000000029638,http://data.ordnancesurvey.co.uk/ontology/admingeo/UnitaryAuthority,Scotland,http://data.ordnancesurvey.co.uk/id/7000000000041429,Scotland,http://data.ordnancesurvey.co.uk/id/country/scotland,,,
osgb4000000074572402,http://data.ordnancesurvey.co.uk/id/4000000074572402,Latheronwheel,,,,populatedPlace,Village,318571.710,932989.440,11000,250000,317916.855,932242.818,319575.802,933218.078,KW5,http://data.ordnancesurvey.co.uk/id/postcodedistrict/KW5,,,,,,,Highland,http://data.ordnancesurvey.co.uk/id/7000000000029638,http://data.ordnancesurvey.co.uk/ontology/admingeo/UnitaryAuthority,Scotland,http://data.ordnancesurvey.co.uk/id/7000000000041429,Scotland,http://data.ordnancesurvey.co.uk/id/country/scotland,,http://dbpedia.org/resource/Latheronwheel,
osgb4000000074572076,http://data.ordnancesurvey.co.uk/id/4000000074572076,Knockally,,,,populatedPlace,Other Settlement,314758.720,929066.630,15000,25000,314485.425,928510.356,315033.813,929864.838,KW6,http://data.ordnancesurvey.co.uk/id/postcodedistrict/KW6,,,,,,,Highland,http://data.ordnancesurvey.co.uk/id/7000000000029638,http://data.ordnancesurvey.co.uk/ontology/admingeo/UnitaryAuthority,Scotland,http://data.ordnancesurvey.co.uk/id/7000000000041429,Scotland,http://data.ordnancesurvey.co.uk/id/country/scotland,,,
osgb4000000074573759,http://data.ordnancesurvey.co.uk/id/4000000074573759,Badnagie,,,,populatedPlace,Hamlet,315928.000,931743.000,5000,25000,315709.965,931317.832,316398.675,932212.656,KW6,http://data.ordnancesurvey.co.uk/id/postcodedistrict/KW6,,,,,,,Highland,http://data.ordnancesurvey.co.uk/id/7000000000029638,http://data.ordnancesurvey.co.uk/ontology/admingeo/UnitaryAuthority,Scotland,http://data.ordnancesurvey.co.uk/id/7000000000041429,Scotland,http://data.ordnancesurvey.co.uk/id/country/scotland,,,
osgb4000000074569274,http://data.ordnancesurvey.co.uk/id/4000000074569274,Landhallow,,,,populatedPlace,Hamlet,318742.000,933698.000,5000,25000,318398.905,933378.942,318898.905,934122.949,KW5,http://data.ordnancesurvey.co.uk/id/postcodedistrict/KW5,,,,,,,Highland,http://data.ordnancesurvey.co.uk/id/7000000000029638,http://data.ordnancesurvey.co.uk/ontology/admingeo/UnitaryAuthority,Scotland,http://data.ordnancesurvey.co.uk/id/7000000000041429,Scotland,http://data.ordnancesurvey.co.uk/id/country/scotland,,http://dbpedia.org/resource/Landhallow,
osgb4000000074542066,http://data.ordnancesurvey.co.uk/id/4000000074542066,Smerral,,,,populatedPlace,Other Settlement,317536.000,934065.000,15000,25000,317072.305,932735.477,317952.045,934691.017,KW5,http://data.ordnancesurvey.co.uk/id/postcodedistrict/KW5,,,,,,,Highland,http://data.ordnancesurvey.co.uk/id/7000000000029638,http://data.ordnancesurvey.co.uk/ontology/admingeo/UnitaryAuthority,Scotland,http://data.ordnancesurvey.co.uk/id/7000000000041429,Scotland,http://data.ordnancesurvey.co.uk/id/country/scotland,,http://dbpedia.org/resource/Smerral,
KW66EP,http://data.ordnancesurvey.co.uk/id/postcodeunit/KW66EP,KW6 6EP,,,,other,Postcode,315666.000,929592.000,3500,18000,,,,,,,Balnabruich,http://data.ordnancesurvey.co.uk/id/4000000074572075,http://www.ordnancesurvey.co.uk/xml/codelists/localtype.xml#village,,,,Highland,http://data.ordnancesurvey.co.uk/id/7000000000029638,http://data.ordnancesurvey.co.uk/ontology/admingeo/UnitaryAuthority,Scotland,http://data.ordnancesurvey.co.uk/id/7000000000041429,Scotland,http://data.ordnancesurvey.co.uk/id/country/scotland,,,
KW66EJ,http://data.ordnancesurvey.co.uk/id/postcodeunit/KW66EJ,KW6 6EJ,,,,other,Postcode,316350.000,930547.000,3500,18000,,,,,,,Dunbeath,http://data.ordnancesurvey.co.uk/id/4000000074571734,http://www.ordnancesurvey.co.uk/xml/codelists/localtype.xml#village,,,,Highland,http://data.ordnancesurvey.co.uk/id/7000000000029638,http://data.ordnancesurvey.co.uk/ontology/admingeo/UnitaryAuthority,Scotland,http://data.ordnancesurvey.co.uk/id/7000000000041429,Scotland,http://data.ordnancesurvey.co.uk/id/country/scotland,,,
KW66ET,http://data.ordnancesurvey.co.uk/id/postcodeunit/KW66ET,KW6 6ET,,,,other,Postcode,315411.000,930023.000,3500,18000,,,,,,,Balnabruich,http://data.ordnancesurvey.co.uk/id/4000000074572075,http://www.ordnancesurvey.co.uk/xml/codelists/localtype.xml#village,,,,Highland,http://data.ordnancesurvey.co.uk/id/7000000000029638,http://data.ordnancesurvey.co.uk/ontology/admingeo/UnitaryAuthority,Scotland,http://data.ordnancesurvey.co.uk/id/7000000000041429,Scotland,http://data.ordnancesurvey.co.uk/id/country/scotland,,,
KW66EA,http://data.ordnancesurvey.co.uk/id/postcodeunit/KW66EA,KW6 6EA,,,,other,Postcode,315644.000,929489.000,3500,18000,,,,,,,Balnabruich,http://data.ordnancesurvey.co.uk/id/4000000074572075,http://www.ordnancesurvey.co.uk/xml/codelists/localtype.xml#village,,,,Highland,http://data.ordnancesurvey.co.uk/id/7000000000029638,http://data.ordnancesurvey.co.uk/ontology/admingeo/UnitaryAuthority,Scotland,http://data.ordnancesurvey.co.uk/id/7000000000041429,Scotland,http://data.ordnancesurvey.co.uk/id/country/scotland,,,
KW56DS,http://data.ordnancesurvey.co.uk/id/postcodeunit/KW56DS,KW5 6DS,,,,other,Postcode,318803.000,932892.000,3500,18000,,,,,,,Latheronwheel,http://data.ordnancesurvey.co.uk/id/4000000074572402,http://www.ordnancesurvey.co.uk/xml/codelists/localtype.xml#village,,,,Highland,http://data.ordnancesurvey.co.uk/id/7000000000029638,http://data.ordnancesurvey.co.uk/ontology/admingeo/UnitaryAuthority,Scotland,http://data.ordnancesurvey.co.uk/id/7000000000041429,Scotland,http://data.ordnancesurvey.co.uk/id/country/scotland,,,
KW66EH,http://data.ordnancesurvey.co.uk/id/postcodeunit/KW66EH,KW6 6EH,,,,other,Postcode,317134.000,930337.000,3500,18000,,,,,,,Dunbeath,http://data.ordnancesurvey.co.uk/id/4000000074571734,http://www.ordnancesurvey.co.uk/xml/codelists/localtype.xml#village,,,,Highland,http://data.ordnancesurvey.co.uk/id/7000000000029638,http://data.ordnancesurvey.co.uk/ontology/admingeo/UnitaryAuthority,Scotland,http://data.ordnancesurvey.co.uk/id/7000000000041429,Scotland,http://data.ordnancesurvey.co.uk/id/country/scotland,,,
KW56DL,http://data.ordnancesurvey.co.uk/id/postcodeunit/KW56DL,KW5 6DL,,,,other,Postcode,319356.000,933016.000,3500,18000,,,,,,,,,,,,,Highland,http://data.ordnancesurvey.co.uk/id/7000000000029638,http://data.ordnancesurvey.co.uk/ontology/admingeo/UnitaryAuthority,Scotland,http://data.ordnancesurvey.co.uk/id/7000000000041429,Scotland,http://data.ordnancesurvey.co.uk/id/country/scotland,,,
KW56DQ,http://data.ordnancesurvey.co.uk/id/postcodeunit/KW56DQ,KW5 6DQ,,,,other,Postcode,318553.000,934042.000,3500,18000,,,,,,,Landhallow,http://data.ordnancesurvey.co.uk/id/4000000074569274,http://www.ordnancesurvey.co.uk/xml/codelists/localtype.xml#hamlet,,,,Highland,http://data.ordnancesurvey.co.uk/id/7000000000029638,http://data.ordnancesurvey.co.uk/ontology/admingeo/UnitaryAuthority,Scotland,http://data.ordnancesurvey.co.uk/id/7000000000041429,Scotland,http://data.ordnancesurvey.co.uk/id/country/scotland,,,
KW76HD,http://data.ordnancesurvey.co.uk/id/postcodeunit/KW76HD,KW7 6HD,,,,other,Postcode,310334.000,922436.000,3500,18000,,,,,,,,,,,,,Highland,http://data.ordnancesurvey.co.uk/id/7000000000029638,http://data.ordnancesurvey.co.uk/ontology/admingeo/UnitaryAuthority,Scotland,http://data.ordnancesurvey.co.uk/id/7000000000041429,Scotland,http://data.ordnancesurvey.co.uk/id/country/scotland,,,
KW66EU,http://data.ordnancesurvey.co.uk/id/postcodeunit/KW66EU,KW6 6EU,,,,other,Postcode,314787.000,929162.000,3500,18000,,,,,,,Knockally,http://data.ordnancesurvey.co.uk/id/4000000074572076,http://www.ordnancesurvey.co.uk/xml/codelists/localtype.xml#otherSettlement,,,,Highland,http://data.ordnancesurvey.co.uk/id/7000000000029638,http://data.ordnancesurvey.co.uk/ontology/admingeo/UnitaryAuthority,Scotland,http://data.ordnancesurvey.co.uk/id/7000000000041429,Scotland,http://data.ordnancesurvey.co.uk/id/country/scotland,,,
KW66EY,http://data.ordnancesurvey.co.uk/id/postcodeunit/KW66EY,KW6 6EY,,,,other,Postcode,314876.000,927489.000,3500,18000,,,,,,,Castle Hill,http://data.ordnancesurvey.co.uk/id/4000000074571732,http://www.ordnancesurvey.co.uk/xml/codelists/localtype.xml#otherSettlement,,,,Highland,http://data.ordnancesurvey.co.uk/id/7000000000029638,http://data.ordnancesurvey.co.uk/ontology/admingeo/UnitaryAuthority,Scotland,http://data.ordnancesurvey.co.uk/id/7000000000041429,Scotland,http://data.ordnancesurvey.co.uk/id/country/scotland,,,
KW66EN,http://data.ordnancesurvey.co.uk/id/postcodeunit/KW66EN,KW6 6EN,,,,other,Postcode,315491.000,934291.000,3500,18000,,,,,,,Houstry,http://data.ordnancesurvey.co.uk/id/4000000074569275,http://www.ordnancesurvey.co.uk/xml/codelists/localtype.xml#otherSettlement,,,,Highland,http://data.ordnancesurvey.co.uk/id/7000000000029638,http://data.ordnancesurvey.co.uk/ontology/admingeo/UnitaryAuthority,Scotland,http://data.ordnancesurvey.co.uk/id/7000000000041429,Scotland,http://data.ordnancesurvey.co.uk/id/country/scotland,,,
KW66EX,http://data.ordnancesurvey.co.uk/id/postcodeunit/KW66EX,KW6 6EX,,,,other,Postcode,307853.000,930248.000,3500,18000,,,,,,,Braemore,http://data.ordnancesurvey.co.uk/id/4000000074569615,http://www.ordnancesurvey.co.uk/xml/codelists/localtype.xml#otherSettlement,,,,Highland,http://data.ordnancesurvey.co.uk/id/7000000000029638,http://data.ordnancesurvey.co.uk/ontology/admingeo/UnitaryAuthority,Scotland,http://data.ordnancesurvey.co.uk/id/7000000000041429,Scotland,http://data.ordnancesurvey.co.uk/id/country/scotland,,,
KW66EL,http://data.ordnancesurvey.co.uk/id/postcodeunit/KW66EL,KW6 6EL,,,,other,Postcode,315239.000,931157.000,3500,18000,,,,,,,,,,,,,Highland,http://data.ordnancesurvey.co.uk/id/7000000000029638,http://data.ordnancesurvey.co.uk/ontology/admingeo/UnitaryAuthority,Scotland,http://data.ordnancesurvey.co.uk/id/7000000000041429,Scotland,http://data.ordnancesurvey.co.uk/id/country/scotland,,,
KW56DN,http://data.ordnancesurvey.co.uk/id/postcodeunit/KW56DN,KW5 6DN,,,,other,Postcode,319799.000,933369.000,3500,18000,,,,,,,Latheron,http://data.ordnancesurvey.co.uk/id/4000000074572404,http://www.ordnancesurvey.co.uk/xml/codelists/localtype.xml#hamlet,,,,Highland,http://data.ordnancesurvey.co.uk/id/7000000000029638,http://data.ordnancesurvey.co.uk/ontology/admingeo/UnitaryAuthority,Scotland,http://data.ordnancesurvey.co.uk/id/7000000000041429,Scotland,http://data.ordnancesurvey.co.uk/id/country/scotland,,,
KW76HA,http://data.ordnancesurvey.co.uk/id/postcodeunit/KW76HA,KW7 6HA,,,,other,Postcode,312971.000,924592.000,3500,18000,,,,,,,Newport,http://data.ordnancesurvey.co.uk/id/4000000074570666,http://www.ordnancesurvey.co.uk/xml/codelists/localtype.xml#village,,,,Highland,http://data.ordnancesurvey.co.uk/id/7000000000029638,http://data.ordnancesurvey.co.uk/ontology/admingeo/UnitaryAuthority,Scotland,http://data.ordnancesurvey.co.uk/id/7000000000041429,Scotland,http://data.ordnancesurvey.co.uk/id/country/scotland,,,
KW76HF,http://data.ordnancesurvey.co.uk/id/postcodeunit/KW76HF,KW7 6HF,,,,other,Postcode,311890.000,922634.000,3500,18000,,,,,,,Berriedale,http://data.ordnancesurvey.co.uk/id/4000000074571022,http://www.ordnancesurvey.co.uk/xml/codelists/localtype.xml#otherSettlement,,,,Highland,http://data.ordnancesurvey.co.uk/id/7000000000029638,http://data.ordnancesurvey.co.uk/ontology/admingeo/UnitaryAuthority,Scotland,http://data.ordnancesurvey.co.uk/id/7000000000041429,Scotland,http://data.ordnancesurvey.co.uk/id/country/scotland,,,
KW56DR,http://data.ordnancesurvey.co.uk/id/postcodeunit/KW56DR,KW5 6DR,,,,other,Postcode,319152.000,932454.000,3500,18000,,,,,,,Latheronwheel,http://data.ordnancesurvey.co.uk/id/4000000074572402,http://www.ordnancesurvey.co.uk/xml/codelists/localtype.xml#village,,,,Highland,http://data.ordnancesurvey.co.uk/id/7000000000029638,http://data.ordnancesurvey.co.uk/ontology/admingeo/UnitaryAuthority,Scotland,http://data.ordnancesurvey.co.uk/id/7000000000041429,Scotland,http://data.ordnancesurvey.co.uk/id/country/scotland,,,
KW66EB,http://data.ordnancesurvey.co.uk/id/postcodeunit/KW66EB,KW6 6EB,,,,other,Postcode,315755.000,929487.000,3500,18000,,,,,,,Balnabruich,http://data.ordnancesurvey.co.uk/id/4000000074572075,http://www.ordnancesurvey.co.uk/xml/codelists/localtype.xml#village,,,,Highland,http://data.ordnancesurvey.co.uk/id/7000000000029638,http://data.ordnancesurvey.co.uk/ontology/admingeo/UnitaryAuthority,Scotland,http://data.ordnancesurvey.co.uk/id/7000000000041429,Scotland,http://data.ordnancesurvey.co.uk/id/country/scotland,,,
KW56DT,http://data.ordnancesurvey.co.uk/id/postcodeunit/KW56DT,KW5 6DT,,,,other,Postcode,317978.000,931895.000,3500,18000,,,,,,,,,,,,,Highland,http://data.ordnancesurvey.co.uk/id/7000000000029638,http://data.ordnancesurvey.co.uk/ontology/admingeo/UnitaryAuthority,Scotland,http://data.ordnancesurvey.co.uk/id/7000000000041429,Scotland,http://data.ordnancesurvey.co.uk/id/country/scotland,,,
KW126UR,http://data.ordnancesurvey.co.uk/id/postcodeunit/KW126UR,KW12 6UR,,,,other,Postcode,300666.000,939985.000,3500,18000,,,,,,,,,,,,,Highland,http://data.ordnancesurvey.co.uk/id/7000000000029638,http://data.ordnancesurvey.co.uk/ontology/admingeo/UnitaryAuthority,Scotland,http://data.ordnancesurvey.co.uk/id/7000000000041429,Scotland,http://data.ordnancesurvey.co.uk/id/country/scotland,,,
KW76HE,http://data.ordnancesurvey.co.uk/id/postcodeunit/KW76HE,KW7 6HE,,,,other,Postcode,311792.000,922741.000,3500,18000,,,,,,,Berriedale,http://data.ordnancesurvey.co.uk/id/4000000074571022,http://www.ordnancesurvey.co.uk/xml/codelists/localtype.xml#otherSettlement,,,,Highland,http://data.ordnancesurvey.co.uk/id/7000000000029638,http://data.ordnancesurvey.co.uk/ontology/admingeo/UnitaryAuthority,Scotland,http://data.ordnancesurvey.co.uk/id/7000000000041429,Scotland,http://data.ordnancesurvey.co.uk/id/country/scotland,,,
KW66ED,http://data.ordnancesurvey.co.uk/id/postcodeunit/KW66ED,KW6 6ED,,,,other,Postcode,315888.000,929551.000,3500,18000,,,,,,,Balnabruich,http://data.ordnancesurvey.co.uk/id/4000000074572075,http://www.ordnancesurvey.co.uk/xml/codelists/localtype.xml#village,,,,Highland,http://data.ordnancesurvey.co.uk/id/7000000000029638,http://data.ordnancesurvey.co.uk/ontology/admingeo/UnitaryAuthority,Scotland,http://data.ordnancesurvey.co.uk/id/7000000000041429,Scotland,http://data.ordnancesurvey.co.uk/id/country/scotland,,,
KW56DW,http://data.ordnancesurvey.co.uk/id/postcodeunit/KW56DW,KW5 6DW,,,,other,Postcode,318876.000,932733.000,3500,18000,,,,,,,Latheronwheel,http://data.ordnancesurvey.co.uk/id/4000000074572402,http://www.ordnancesurvey.co.uk/xml/codelists/localtype.xml#village,,,,Highland,http://data.ordnancesurvey.co.uk/id/7000000000029638,http://data.ordnancesurvey.co.uk/ontology/admingeo/UnitaryAuthority,Scotland,http://data.ordnancesurvey.co.uk/id/7000000000041429,Scotland,http://data.ordnancesurvey.co.uk/id/country/scotland,,,
KW56DU,http://data.ordnancesurvey.co.uk/id/postcodeunit/KW56DU,KW5 6DU,,,,other,Postcode,317426.000,934222.000,3500,18000,,,,,,,Smerral,http://data.ordnancesurvey.co.uk/id/4000000074542066,http://www.ordnancesurvey.co.uk/xml/codelists/localtype.xml#otherSettlement,,,,Highland,http://data.ordnancesurvey.co.uk/id/7000000000029638,http://data.ordnancesurvey.co.uk/ontology/admingeo/UnitaryAuthority,Scotland,http://data.ordnancesurvey.co.uk/id/7000000000041429,Scotland,http://data.ordnancesurvey.co.uk/id/country/scotland,,,
KW56DP,http://data.ordnancesurvey.co.uk/id/postcodeunit/KW56DP,KW5 6DP,,,,other,Postcode,319037.000,932594.000,3500,18000,,,,,,,Latheronwheel,http://data.ordnancesurvey.co.uk/id/4000000074572402,http://www.ordnancesurvey.co.uk/xml/codelists/localtype.xml#village,,,,Highland,http://data.ordnancesurvey.co.uk/id/7000000000029638,http://data.ordnancesurvey.co.uk/ontology/admingeo/UnitaryAuthority,Scotland,http://data.ordnancesurvey.co.uk/id/7000000000041429,Scotland,http://data.ordnancesurvey.co.uk/id/country/scotland,,,
KW56DJ,http://data.ordnancesurvey.co.uk/id/postcodeunit/KW56DJ,KW5 6DJ,,,,other,Postcode,319803.000,934136.000,3500,18000,,,,,,,,,,,,,Highland,http://data.ordnancesurvey.co.uk/id/7000000000029638,http://data.ordnancesurvey.co.uk/ontology/admingeo/UnitaryAuthority,Scotland,http://data.ordnancesurvey.co.uk/id/7000000000041429,Scotland,http://data.ordnancesurvey.co.uk/id/country/scotland,,,
KW66EQ,http://data.ordnancesurvey.co.uk/id/postcodeunit/KW66EQ,KW6 6EQ,,,,other,Postcode,316372.000,929856.000,3500,18000,,,,,,,Dunbeath,http://data.ordnancesurvey.co.uk/id/4000000074571734,http://www.ordnancesurvey.co.uk/xml/codelists/localtype.xml#village,,,,Highland,http://data.ordnancesurvey.co.uk/id/7000000000029638,http://data.ordnancesurvey.co.uk/ontology/admingeo/UnitaryAuthority,Scotland,http://data.ordnancesurvey.co.uk/id/7000000000041429,Scotland,http://data.ordnancesurvey.co.uk/id/country/scotland,,,
KW66EZ,http://data.ordnancesurvey.co.uk/id/postcodeunit/KW66EZ,KW6 6EZ,,,,other,Postcode,315609.000,929558.000,3500,18000,,,,,,,Balnabruich,http://data.ordnancesurvey.co.uk/id/4000000074572075,http://www.ordnancesurvey.co.uk/xml/codelists/localtype.xml#village,,,,Highland,http://data.ordnancesurvey.co.uk/id/7000000000029638,http://data.ordnancesurvey.co.uk/ontology/admingeo/UnitaryAuthority,Scotland,http://data.ordnancesurvey.co.uk/id/7000000000041429,Scotland,http://data.ordnancesurvey.co.uk/id/country/scotland,,,
2166edfb-cc96-417e-a95b-cad2e9100f08,http://data.ordnancesurvey.co.uk/id/2166edfb-cc96-417e-a95b-cad2e9100f08,Achorn Road,,,,transportNetwork,Section Of Named Road,315444.417,929770.565,3000,25000,315166.374,929523.000,315674.000,929972.392,KW6,http://data.ordnancesurvey.co.uk/id/postcodedistrict/KW6,Balnabruich,http://data.ordnancesurvey.co.uk/id/4000000074572075,http://www.ordnancesurvey.co.uk/xml/codelists/localtype.xml#village,,,,Highland,http://data.ordnancesurvey.co.uk/id/7000000000029638,http://data.ordnancesurvey.co.uk/ontology/admingeo/UnitaryAuthority,Scotland,http://data.ordnancesurvey.co.uk/id/7000000000041429,Scotland,http://data.ordnancesurvey.co.uk/id/country/scotland,osgb4000000003379272,,
osgb4000000003379272,http://data.ordnancesurvey.co.uk/id/4000000003379272,Achorn Road,,,,transportNetwork,Named Road,313879.000,930208.000,20000,23000,312121.000,929523.000,315674.000,931009.000,KW6,http://data.ordnancesurvey.co.uk/id/postcodedistrict/KW6,,,,,,,Highland,http://data.ordnancesurvey.co.uk/id/7000000000029638,http://data.ordnancesurvey.co.uk/ontology/admingeo/UnitaryAuthority,Scotland,http://data.ordnancesurvey.co.uk/id/7000000000041429,Scotland,http://data.ordnancesurvey.co.uk/id/country/scotland,,,
osgb4000000003379388,http://data.ordnancesurvey.co.uk/id/4000000003379388,Campbell Avenue,,,,transportNetwork,Named Road,315741.000,929479.000,1000,20000,315687.202,929393.850,315793.894,929560.246,KW6,http://data.ordnancesurvey.co.uk/id/postcodedistrict/KW6,Balnabruich,http://data.ordnancesurvey.co.uk/id/4000000074572075,http://www.ordnancesurvey.co.uk/xml/codelists/localtype.xml#village,,,,Highland,http://data.ordnancesurvey.co.uk/id/7000000000029638,http://data.ordnancesurvey.co.uk/ontology/admingeo/UnitaryAuthority,Scotland,http://data.ordnancesurvey.co.uk/id/7000000000041429,Scotland,http://data.ordnancesurvey.co.uk/id/country/scotland,,,
osgb4000000003379518,http://data.ordnancesurvey.co.uk/id/4000000003379518,Mill Road,,,,transportNetwork,Named Road,311941.042,922612.336,1000,20000,311840.667,922523.961,311975.042,922629.211,KW7,http://data.ordnancesurvey.co.uk/id/postcodedistrict/KW7,Berriedale,http://data.ordnancesurvey.co.uk/id/4000000074571022,http://www.ordnancesurvey.co.uk/xml/codelists/localtype.xml#otherSettlement,,,,Highland,http://data.ordnancesurvey.co.uk/id/7000000000029638,http://data.ordnancesurvey.co.uk/ontology/admingeo/UnitaryAuthority,Scotland,http://data.ordnancesurvey.co.uk/id/7000000000041429,Scotland,http://data.ordnancesurvey.co.uk/id/country/scotland,,,
osgb4000000003379389,http://data.ordnancesurvey.co.uk/id/4000000003379389,Knockglass Road,,,,transportNetwork,Named Road,316433.000,929795.000,1000,20000,316307.000,929743.000,316492.000,929883.000,KW6,http://data.ordnancesurvey.co.uk/id/postcodedistrict/KW6,Dunbeath,http://data.ordnancesurvey.co.uk/id/4000000074571734,http://www.ordnancesurvey.co.uk/xml/codelists/localtype.xml#village,,,,Highland,http://data.ordnancesurvey.co.uk/id/7000000000029638,http://data.ordnancesurvey.co.uk/ontology/admingeo/UnitaryAuthority,Scotland,http://data.ordnancesurvey.co.uk/id/7000000000041429,Scotland,http://data.ordnancesurvey.co.uk/id/country/scotland,,,
91bb0c7c-6824-479a-b9ad-58dbee9adebb,http://data.ordnancesurvey.co.uk/id/91bb0c7c-6824-479a-b9ad-58dbee9adebb,Portormin Road,,,,transportNetwork,Section Of Named Road,316261.000,929568.000,4000,25000,316038.557,929411.241,316579.814,929842.000,KW6,http://data.ordnancesurvey.co.uk/id/postcodedistrict/KW6,Dunbeath,http://data.ordnancesurvey.co.uk/id/4000000074571734,http://www.ordnancesurvey.co.uk/xml/codelists/localtype.xml#village,,,,Highland,http://data.ordnancesurvey.co.uk/id/7000000000029638,http://data.ordnancesurvey.co.uk/ontology/admingeo/UnitaryAuthority,Scotland,http://data.ordnancesurvey.co.uk/id/7000000000041429,Scotland,http://data.ordnancesurvey.co.uk/id/country/scotland,osgb4000000003379283,,
osgb4000000003379519,http://data.ordnancesurvey.co.uk/id/4000000003379519,Neil Gunn Road,,,,transportNetwork,Named Road,315668.000,929620.000,1000,20000,315620.509,929545.463,315701.128,929671.430,KW6,http://data.ordnancesurvey.co.uk/id/postcodedistrict/KW6,Balnabruich,http://data.ordnancesurvey.co.uk/id/4000000074572075,http://www.ordnancesurvey.co.uk/xml/codelists/localtype.xml#village,,,,Highland,http://data.ordnancesurvey.co.uk/id/7000000000029638,http://data.ordnancesurvey.co.uk/ontology/admingeo/UnitaryAuthority,Scotland,http://data.ordnancesurvey.co.uk/id/7000000000041429,Scotland,http://data.ordnancesurvey.co.uk/id/country/scotland,,,
KW66EE,http://data.ordnancesurvey.co.uk/id/postcodeunit/KW66EE,KW6 6EE,,,,other,Postcode,316260.000,929365.000,3500,18000,,,,,,,Dunbeath,http://data.ordnancesurvey.co.uk/id/4000000074571734,http://www.ordnancesurvey.co.uk/xml/codelists/localtype.xml#village,,,,Highland,http://data.ordnancesurvey.co.uk/id/7000000000029638,http://data.ordnancesurvey.co.uk/ontology/admingeo/UnitaryAuthority,Scotland,http://data.ordnancesurvey.co.uk/id/7000000000041429,Scotland,http://data.ordnancesurvey.co.uk/id/country/scotland,,,
KW66EF,http://data.ordnancesurvey.co.uk/id/postcodeunit/KW66EF,KW6 6EF,,,,other,Postcode,316330.000,929570.000,3500,18000,,,,,,,Dunbeath,http://data.ordnancesurvey.co.uk/id/4000000074571734,http://www.ordnancesurvey.co.uk/xml/codelists/localtype.xml#village,,,,Highland,http://data.ordnancesurvey.co.uk/id/7000000000029638,http://data.ordnancesurvey.co.uk/ontology/admingeo/UnitaryAuthority,Scotland,http://data.ordnancesurvey.co.uk/id/7000000000041429,Scotland,http://data.ordnancesurvey.co.uk/id/country/scotland,,,
KW66EG,http://data.ordnancesurvey.co.uk/id/postcodeunit/KW66EG,KW6 6EG,,,,other,Postcode,316182.000,929861.000,3500,18000,,,,,,,Dunbeath,http://data.ordnancesurvey.co.uk/id/4000000074571734,http://www.ordnancesurvey.co.uk/xml/codelists/localtype.xml#village,,,,Highland,http://data.ordnancesurvey.co.uk/id/7000000000029638,http://data.ordnancesurvey.co.uk/ontology/admingeo/UnitaryAuthority,Scotland,http://data.ordnancesurvey.co.uk/id/7000000000041429,Scotland,http://data.ordnancesurvey.co.uk/id/country/scotland,,,
KW76HB,http://data.ordnancesurvey.co.uk/id/postcodeunit/KW76HB,KW7 6HB,,,,other,Postcode,311977.000,922501.000,3500,18000,,,,,,,Berriedale,http://data.ordnancesurvey.co.uk/id/4000000074571022,http://www.ordnancesurvey.co.uk/xml/codelists/localtype.xml#otherSettlement,,,,Highland,http://data.ordnancesurvey.co.uk/id/7000000000029638,http://data.ordnancesurvey.co.uk/ontology/admingeo/UnitaryAuthority,Scotland,http://data.ordnancesurvey.co.uk/id/7000000000041429,Scotland,http://data.ordnancesurvey.co.uk/id/country/scotland,,,
osgb4000000003379283,http://data.ordnancesurvey.co.uk/id/4000000003379283,Portormin Road,,,,transportNetwork,Named Road,316261.000,929568.000,4000,20000,316038.557,929349.124,316665.503,929842.000,KW6,http://data.ordnancesurvey.co.uk/id/postcodedistrict/KW6,Dunbeath,http://data.ordnancesurvey.co.uk/id/4000000074571734,http://www.ordnancesurvey.co.uk/xml/codelists/localtype.xml#village,,,,Highland,http://data.ordnancesurvey.co.uk/id/7000000000029638,http://data.ordnancesurvey.co.uk/ontology/admingeo/UnitaryAuthority,Scotland,http://data.ordnancesurvey.co.uk/id/7000000000041429,Scotland,http://data.ordnancesurvey.co.uk/id/country/scotland,,,
