﻿osgb4000000074572410,http://data.ordnancesurvey.co.uk/id/4000000074572410,Halkirk,,,,populatedPlace,Village,312969.000,959488.000,15000,250000,312167.557,958206.486,313947.147,960534.029,KW12,http://data.ordnancesurvey.co.uk/id/postcodedistrict/KW12,,,,,,,Highland,http://data.ordnancesurvey.co.uk/id/7000000000029638,http://data.ordnancesurvey.co.uk/ontology/admingeo/UnitaryAuthority,Scotland,http://data.ordnancesurvey.co.uk/id/7000000000041429,Scotland,http://data.ordnancesurvey.co.uk/id/country/scotland,,http://dbpedia.org/resource/Halkirk,http://sws.geonames.org/2647630
osgb4000000074335619,http://data.ordnancesurvey.co.uk/id/4000000074335619,Calder Mains,,,,populatedPlace,Hamlet,309072.590,959926.710,5000,25000,308702.834,959616.100,309698.203,960116.100,KW14,http://data.ordnancesurvey.co.uk/id/postcodedistrict/KW14,,,,,,,Highland,http://data.ordnancesurvey.co.uk/id/7000000000029638,http://data.ordnancesurvey.co.uk/ontology/admingeo/UnitaryAuthority,Scotland,http://data.ordnancesurvey.co.uk/id/7000000000041429,Scotland,http://data.ordnancesurvey.co.uk/id/country/scotland,,,
osgb4000000074542054,http://data.ordnancesurvey.co.uk/id/4000000074542054,Shurrery,,,,populatedPlace,Other Settlement,304242.700,958432.250,15000,25000,303465.085,956117.683,304991.501,958816.171,KW14,http://data.ordnancesurvey.co.uk/id/postcodedistrict/KW14,,,,,,,Highland,http://data.ordnancesurvey.co.uk/id/7000000000029638,http://data.ordnancesurvey.co.uk/ontology/admingeo/UnitaryAuthority,Scotland,http://data.ordnancesurvey.co.uk/id/7000000000041429,Scotland,http://data.ordnancesurvey.co.uk/id/country/scotland,,,
osgb4000000074571737,http://data.ordnancesurvey.co.uk/id/4000000074571737,Spittal,,,,populatedPlace,Other Settlement,316975.300,954035.640,15000,25000,315963.006,953466.012,317315.295,954763.001,KW1,http://data.ordnancesurvey.co.uk/id/postcodedistrict/KW1,,,,,,,Highland,http://data.ordnancesurvey.co.uk/id/7000000000029638,http://data.ordnancesurvey.co.uk/ontology/admingeo/UnitaryAuthority,Scotland,http://data.ordnancesurvey.co.uk/id/7000000000041429,Scotland,http://data.ordnancesurvey.co.uk/id/country/scotland,,"http://dbpedia.org/resource/Spittal,_Highland",
osgb4000000074572741,http://data.ordnancesurvey.co.uk/id/4000000074572741,Brawlbin,,,,populatedPlace,Other Settlement,307435.520,957811.360,15000,25000,306906.343,956340.440,307540.074,958046.151,KW12,http://data.ordnancesurvey.co.uk/id/postcodedistrict/KW12,,,,,,,Highland,http://data.ordnancesurvey.co.uk/id/7000000000029638,http://data.ordnancesurvey.co.uk/ontology/admingeo/UnitaryAuthority,Scotland,http://data.ordnancesurvey.co.uk/id/7000000000041429,Scotland,http://data.ordnancesurvey.co.uk/id/country/scotland,,,
osgb4000000074335621,http://data.ordnancesurvey.co.uk/id/4000000074335621,Dorrery,,,,populatedPlace,Hamlet,307428.973,954987.132,5000,25000,307197.627,954728.100,307697.627,955228.100,KW12,http://data.ordnancesurvey.co.uk/id/postcodedistrict/KW12,,,,,,,Highland,http://data.ordnancesurvey.co.uk/id/7000000000029638,http://data.ordnancesurvey.co.uk/ontology/admingeo/UnitaryAuthority,Scotland,http://data.ordnancesurvey.co.uk/id/7000000000041429,Scotland,http://data.ordnancesurvey.co.uk/id/country/scotland,,,
osgb4000000074542053,http://data.ordnancesurvey.co.uk/id/4000000074542053,Scotscalder,,,,populatedPlace,Hamlet,309623.890,956141.700,5000,25000,309395.418,955847.781,309895.418,956425.905,KW12,http://data.ordnancesurvey.co.uk/id/postcodedistrict/KW12,,,,,,,Highland,http://data.ordnancesurvey.co.uk/id/7000000000029638,http://data.ordnancesurvey.co.uk/ontology/admingeo/UnitaryAuthority,Scotland,http://data.ordnancesurvey.co.uk/id/7000000000041429,Scotland,http://data.ordnancesurvey.co.uk/id/country/scotland,,,
osgb4000000074542121,http://data.ordnancesurvey.co.uk/id/4000000074542121,Mybster,,,,populatedPlace,Other Settlement,316891.000,952906.000,15000,25000,315637.640,952259.508,317596.815,953512.609,KW1,http://data.ordnancesurvey.co.uk/id/postcodedistrict/KW1,,,,,,,Highland,http://data.ordnancesurvey.co.uk/id/7000000000029638,http://data.ordnancesurvey.co.uk/ontology/admingeo/UnitaryAuthority,Scotland,http://data.ordnancesurvey.co.uk/id/7000000000041429,Scotland,http://data.ordnancesurvey.co.uk/id/country/scotland,,http://dbpedia.org/resource/Mybster,http://sws.geonames.org/2641936
osgb4000000074572407,http://data.ordnancesurvey.co.uk/id/4000000074572407,Clayock,,,,populatedPlace,Other Settlement,317006.210,959099.830,15000,25000,316204.306,958448.486,317962.260,959714.684,KW12,http://data.ordnancesurvey.co.uk/id/postcodedistrict/KW12,,,,,,,Highland,http://data.ordnancesurvey.co.uk/id/7000000000029638,http://data.ordnancesurvey.co.uk/ontology/admingeo/UnitaryAuthority,Scotland,http://data.ordnancesurvey.co.uk/id/7000000000041429,Scotland,http://data.ordnancesurvey.co.uk/id/country/scotland,,,
osgb4000000074572740,http://data.ordnancesurvey.co.uk/id/4000000074572740,Olgrinmore,,,,populatedPlace,Other Settlement,309777.670,955332.170,15000,25000,309521.942,954932.853,310021.942,955802.544,KW12,http://data.ordnancesurvey.co.uk/id/postcodedistrict/KW12,,,,,,,Highland,http://data.ordnancesurvey.co.uk/id/7000000000029638,http://data.ordnancesurvey.co.uk/ontology/admingeo/UnitaryAuthority,Scotland,http://data.ordnancesurvey.co.uk/id/7000000000041429,Scotland,http://data.ordnancesurvey.co.uk/id/country/scotland,,,
osgb4000000074335671,http://data.ordnancesurvey.co.uk/id/4000000074335671,Achavanich,,,,populatedPlace,Other Settlement,317967.000,942653.000,15000,25000,317717.047,942548.971,318217.047,943048.971,KW5,http://data.ordnancesurvey.co.uk/id/postcodedistrict/KW5,,,,,,,Highland,http://data.ordnancesurvey.co.uk/id/7000000000029638,http://data.ordnancesurvey.co.uk/ontology/admingeo/UnitaryAuthority,Scotland,http://data.ordnancesurvey.co.uk/id/7000000000041429,Scotland,http://data.ordnancesurvey.co.uk/id/country/scotland,,,
osgb4000000074571736,http://data.ordnancesurvey.co.uk/id/4000000074571736,Westerdale,,,,populatedPlace,Other Settlement,312761.550,951553.260,15000,25000,312109.809,951421.298,313654.488,952400.098,KW12,http://data.ordnancesurvey.co.uk/id/postcodedistrict/KW12,,,,,,,Highland,http://data.ordnancesurvey.co.uk/id/7000000000029638,http://data.ordnancesurvey.co.uk/ontology/admingeo/UnitaryAuthority,Scotland,http://data.ordnancesurvey.co.uk/id/7000000000041429,Scotland,http://data.ordnancesurvey.co.uk/id/country/scotland,,"http://dbpedia.org/resource/Westerdale,_Highland",http://sws.geonames.org/2634441
osgb4000000074572083,http://data.ordnancesurvey.co.uk/id/4000000074572083,Achalone,,,,populatedPlace,Other Settlement,315305.670,956983.550,15000,25000,314678.352,955924.489,315825.009,957559.661,KW12,http://data.ordnancesurvey.co.uk/id/postcodedistrict/KW12,,,,,,,Highland,http://data.ordnancesurvey.co.uk/id/7000000000029638,http://data.ordnancesurvey.co.uk/ontology/admingeo/UnitaryAuthority,Scotland,http://data.ordnancesurvey.co.uk/id/7000000000041429,Scotland,http://data.ordnancesurvey.co.uk/id/country/scotland,,,
osgb4000000074572084,http://data.ordnancesurvey.co.uk/id/4000000074572084,Harpsdale,,,,populatedPlace,Other Settlement,313252.170,956133.880,15000,25000,312290.054,954235.042,313911.660,956617.990,KW12,http://data.ordnancesurvey.co.uk/id/postcodedistrict/KW12,,,,,,,Highland,http://data.ordnancesurvey.co.uk/id/7000000000029638,http://data.ordnancesurvey.co.uk/ontology/admingeo/UnitaryAuthority,Scotland,http://data.ordnancesurvey.co.uk/id/7000000000041429,Scotland,http://data.ordnancesurvey.co.uk/id/country/scotland,,,
KW126YP,http://data.ordnancesurvey.co.uk/id/postcodeunit/KW126YP,KW12 6YP,,,,other,Postcode,313094.000,959349.000,3500,18000,,,,,,,Halkirk,http://data.ordnancesurvey.co.uk/id/4000000074572410,http://www.ordnancesurvey.co.uk/xml/codelists/localtype.xml#village,,,,Highland,http://data.ordnancesurvey.co.uk/id/7000000000029638,http://data.ordnancesurvey.co.uk/ontology/admingeo/UnitaryAuthority,Scotland,http://data.ordnancesurvey.co.uk/id/7000000000041429,Scotland,http://data.ordnancesurvey.co.uk/id/country/scotland,,,
KW126YD,http://data.ordnancesurvey.co.uk/id/postcodeunit/KW126YD,KW12 6YD,,,,other,Postcode,313301.000,959254.000,3500,18000,,,,,,,Halkirk,http://data.ordnancesurvey.co.uk/id/4000000074572410,http://www.ordnancesurvey.co.uk/xml/codelists/localtype.xml#village,,,,Highland,http://data.ordnancesurvey.co.uk/id/7000000000029638,http://data.ordnancesurvey.co.uk/ontology/admingeo/UnitaryAuthority,Scotland,http://data.ordnancesurvey.co.uk/id/7000000000041429,Scotland,http://data.ordnancesurvey.co.uk/id/country/scotland,,,
KW147RB,http://data.ordnancesurvey.co.uk/id/postcodeunit/KW147RB,KW14 7RB,,,,other,Postcode,303720.000,959735.000,3500,18000,,,,,,,Broubster,http://data.ordnancesurvey.co.uk/id/4000000074335627,http://www.ordnancesurvey.co.uk/xml/codelists/localtype.xml#otherSettlement,,,,Highland,http://data.ordnancesurvey.co.uk/id/7000000000029638,http://data.ordnancesurvey.co.uk/ontology/admingeo/UnitaryAuthority,Scotland,http://data.ordnancesurvey.co.uk/id/7000000000041429,Scotland,http://data.ordnancesurvey.co.uk/id/country/scotland,,,
KW126XP,http://data.ordnancesurvey.co.uk/id/postcodeunit/KW126XP,KW12 6XP,,,,other,Postcode,313277.000,959453.000,3500,18000,,,,,,,Halkirk,http://data.ordnancesurvey.co.uk/id/4000000074572410,http://www.ordnancesurvey.co.uk/xml/codelists/localtype.xml#village,,,,Highland,http://data.ordnancesurvey.co.uk/id/7000000000029638,http://data.ordnancesurvey.co.uk/ontology/admingeo/UnitaryAuthority,Scotland,http://data.ordnancesurvey.co.uk/id/7000000000041429,Scotland,http://data.ordnancesurvey.co.uk/id/country/scotland,,,
KW126WD,http://data.ordnancesurvey.co.uk/id/postcodeunit/KW126WD,KW12 6WD,,,,other,Postcode,313543.000,959140.000,3500,18000,,,,,,,Halkirk,http://data.ordnancesurvey.co.uk/id/4000000074572410,http://www.ordnancesurvey.co.uk/xml/codelists/localtype.xml#village,,,,Highland,http://data.ordnancesurvey.co.uk/id/7000000000029638,http://data.ordnancesurvey.co.uk/ontology/admingeo/UnitaryAuthority,Scotland,http://data.ordnancesurvey.co.uk/id/7000000000041429,Scotland,http://data.ordnancesurvey.co.uk/id/country/scotland,,,
KW126XJ,http://data.ordnancesurvey.co.uk/id/postcodeunit/KW126XJ,KW12 6XJ,,,,other,Postcode,309675.000,955701.000,3500,18000,,,,,,,Olgrinmore,http://data.ordnancesurvey.co.uk/id/4000000074572740,http://www.ordnancesurvey.co.uk/xml/codelists/localtype.xml#otherSettlement,,,,Highland,http://data.ordnancesurvey.co.uk/id/7000000000029638,http://data.ordnancesurvey.co.uk/ontology/admingeo/UnitaryAuthority,Scotland,http://data.ordnancesurvey.co.uk/id/7000000000041429,Scotland,http://data.ordnancesurvey.co.uk/id/country/scotland,,,
KW126YB,http://data.ordnancesurvey.co.uk/id/postcodeunit/KW126YB,KW12 6YB,,,,other,Postcode,313086.000,959295.000,3500,18000,,,,,,,Halkirk,http://data.ordnancesurvey.co.uk/id/4000000074572410,http://www.ordnancesurvey.co.uk/xml/codelists/localtype.xml#village,,,,Highland,http://data.ordnancesurvey.co.uk/id/7000000000029638,http://data.ordnancesurvey.co.uk/ontology/admingeo/UnitaryAuthority,Scotland,http://data.ordnancesurvey.co.uk/id/7000000000041429,Scotland,http://data.ordnancesurvey.co.uk/id/country/scotland,,,
KW15XN,http://data.ordnancesurvey.co.uk/id/postcodeunit/KW15XN,KW1 5XN,,,,other,Postcode,319262.000,954960.000,3500,18000,,,,,,,,,,,,,Highland,http://data.ordnancesurvey.co.uk/id/7000000000029638,http://data.ordnancesurvey.co.uk/ontology/admingeo/UnitaryAuthority,Scotland,http://data.ordnancesurvey.co.uk/id/7000000000041429,Scotland,http://data.ordnancesurvey.co.uk/id/country/scotland,,,
KW15XR,http://data.ordnancesurvey.co.uk/id/postcodeunit/KW15XR,KW1 5XR,,,,other,Postcode,316867.000,953976.000,3500,18000,,,,,,,Spittal,http://data.ordnancesurvey.co.uk/id/4000000074571737,http://www.ordnancesurvey.co.uk/xml/codelists/localtype.xml#otherSettlement,,,,Highland,http://data.ordnancesurvey.co.uk/id/7000000000029638,http://data.ordnancesurvey.co.uk/ontology/admingeo/UnitaryAuthority,Scotland,http://data.ordnancesurvey.co.uk/id/7000000000041429,Scotland,http://data.ordnancesurvey.co.uk/id/country/scotland,,,
KW15XU,http://data.ordnancesurvey.co.uk/id/postcodeunit/KW15XU,KW1 5XU,,,,other,Postcode,316679.000,952909.000,3500,18000,,,,,,,Mybster,http://data.ordnancesurvey.co.uk/id/4000000074542121,http://www.ordnancesurvey.co.uk/xml/codelists/localtype.xml#otherSettlement,,,,Highland,http://data.ordnancesurvey.co.uk/id/7000000000029638,http://data.ordnancesurvey.co.uk/ontology/admingeo/UnitaryAuthority,Scotland,http://data.ordnancesurvey.co.uk/id/7000000000041429,Scotland,http://data.ordnancesurvey.co.uk/id/country/scotland,,,
KW56DX,http://data.ordnancesurvey.co.uk/id/postcodeunit/KW56DX,KW5 6DX,,,,other,Postcode,317987.000,942705.000,3500,18000,,,,,,,Achavanich,http://data.ordnancesurvey.co.uk/id/4000000074335671,http://www.ordnancesurvey.co.uk/xml/codelists/localtype.xml#otherSettlement,,,,Highland,http://data.ordnancesurvey.co.uk/id/7000000000029638,http://data.ordnancesurvey.co.uk/ontology/admingeo/UnitaryAuthority,Scotland,http://data.ordnancesurvey.co.uk/id/7000000000041429,Scotland,http://data.ordnancesurvey.co.uk/id/country/scotland,,,
KW126YN,http://data.ordnancesurvey.co.uk/id/postcodeunit/KW126YN,KW12 6YN,,,,other,Postcode,313066.000,959698.000,3500,18000,,,,,,,Halkirk,http://data.ordnancesurvey.co.uk/id/4000000074572410,http://www.ordnancesurvey.co.uk/xml/codelists/localtype.xml#village,,,,Highland,http://data.ordnancesurvey.co.uk/id/7000000000029638,http://data.ordnancesurvey.co.uk/ontology/admingeo/UnitaryAuthority,Scotland,http://data.ordnancesurvey.co.uk/id/7000000000041429,Scotland,http://data.ordnancesurvey.co.uk/id/country/scotland,,,
KW126YG,http://data.ordnancesurvey.co.uk/id/postcodeunit/KW126YG,KW12 6YG,,,,other,Postcode,313156.000,958750.000,3500,18000,,,,,,,Halkirk,http://data.ordnancesurvey.co.uk/id/4000000074572410,http://www.ordnancesurvey.co.uk/xml/codelists/localtype.xml#village,,,,Highland,http://data.ordnancesurvey.co.uk/id/7000000000029638,http://data.ordnancesurvey.co.uk/ontology/admingeo/UnitaryAuthority,Scotland,http://data.ordnancesurvey.co.uk/id/7000000000041429,Scotland,http://data.ordnancesurvey.co.uk/id/country/scotland,,,
KW126UZ,http://data.ordnancesurvey.co.uk/id/postcodeunit/KW126UZ,KW12 6UZ,,,,other,Postcode,317427.000,958737.000,3500,18000,,,,,,,Clayock,http://data.ordnancesurvey.co.uk/id/4000000074572407,http://www.ordnancesurvey.co.uk/xml/codelists/localtype.xml#otherSettlement,,,,Highland,http://data.ordnancesurvey.co.uk/id/7000000000029638,http://data.ordnancesurvey.co.uk/ontology/admingeo/UnitaryAuthority,Scotland,http://data.ordnancesurvey.co.uk/id/7000000000041429,Scotland,http://data.ordnancesurvey.co.uk/id/country/scotland,,,
KW126XH,http://data.ordnancesurvey.co.uk/id/postcodeunit/KW126XH,KW12 6XH,,,,other,Postcode,313395.000,959331.000,3500,18000,,,,,,,Halkirk,http://data.ordnancesurvey.co.uk/id/4000000074572410,http://www.ordnancesurvey.co.uk/xml/codelists/localtype.xml#village,,,,Highland,http://data.ordnancesurvey.co.uk/id/7000000000029638,http://data.ordnancesurvey.co.uk/ontology/admingeo/UnitaryAuthority,Scotland,http://data.ordnancesurvey.co.uk/id/7000000000041429,Scotland,http://data.ordnancesurvey.co.uk/id/country/scotland,,,
KW15XS,http://data.ordnancesurvey.co.uk/id/postcodeunit/KW15XS,KW1 5XS,,,,other,Postcode,316782.000,954055.000,3500,18000,,,,,,,Spittal,http://data.ordnancesurvey.co.uk/id/4000000074571737,http://www.ordnancesurvey.co.uk/xml/codelists/localtype.xml#otherSettlement,,,,Highland,http://data.ordnancesurvey.co.uk/id/7000000000029638,http://data.ordnancesurvey.co.uk/ontology/admingeo/UnitaryAuthority,Scotland,http://data.ordnancesurvey.co.uk/id/7000000000041429,Scotland,http://data.ordnancesurvey.co.uk/id/country/scotland,,,
KW126XZ,http://data.ordnancesurvey.co.uk/id/postcodeunit/KW126XZ,KW12 6XZ,,,,other,Postcode,313086.000,959386.000,3500,18000,,,,,,,Halkirk,http://data.ordnancesurvey.co.uk/id/4000000074572410,http://www.ordnancesurvey.co.uk/xml/codelists/localtype.xml#village,,,,Highland,http://data.ordnancesurvey.co.uk/id/7000000000029638,http://data.ordnancesurvey.co.uk/ontology/admingeo/UnitaryAuthority,Scotland,http://data.ordnancesurvey.co.uk/id/7000000000041429,Scotland,http://data.ordnancesurvey.co.uk/id/country/scotland,,,
KW126XU,http://data.ordnancesurvey.co.uk/id/postcodeunit/KW126XU,KW12 6XU,,,,other,Postcode,313245.000,959376.000,3500,18000,,,,,,,Halkirk,http://data.ordnancesurvey.co.uk/id/4000000074572410,http://www.ordnancesurvey.co.uk/xml/codelists/localtype.xml#village,,,,Highland,http://data.ordnancesurvey.co.uk/id/7000000000029638,http://data.ordnancesurvey.co.uk/ontology/admingeo/UnitaryAuthority,Scotland,http://data.ordnancesurvey.co.uk/id/7000000000041429,Scotland,http://data.ordnancesurvey.co.uk/id/country/scotland,,,
KW147YH,http://data.ordnancesurvey.co.uk/id/postcodeunit/KW147YH,KW14 7YH,,,,other,Postcode,308789.000,959991.000,3500,18000,,,,,,,Calder Mains,http://data.ordnancesurvey.co.uk/id/4000000074335619,http://www.ordnancesurvey.co.uk/xml/codelists/localtype.xml#hamlet,,,,Highland,http://data.ordnancesurvey.co.uk/id/7000000000029638,http://data.ordnancesurvey.co.uk/ontology/admingeo/UnitaryAuthority,Scotland,http://data.ordnancesurvey.co.uk/id/7000000000041429,Scotland,http://data.ordnancesurvey.co.uk/id/country/scotland,,,
KW126YF,http://data.ordnancesurvey.co.uk/id/postcodeunit/KW126YF,KW12 6YF,,,,other,Postcode,313413.000,958949.000,3500,18000,,,,,,,Halkirk,http://data.ordnancesurvey.co.uk/id/4000000074572410,http://www.ordnancesurvey.co.uk/xml/codelists/localtype.xml#village,,,,Highland,http://data.ordnancesurvey.co.uk/id/7000000000029638,http://data.ordnancesurvey.co.uk/ontology/admingeo/UnitaryAuthority,Scotland,http://data.ordnancesurvey.co.uk/id/7000000000041429,Scotland,http://data.ordnancesurvey.co.uk/id/country/scotland,,,
KW126XS,http://data.ordnancesurvey.co.uk/id/postcodeunit/KW126XS,KW12 6XS,,,,other,Postcode,313371.000,959350.000,3500,18000,,,,,,,Halkirk,http://data.ordnancesurvey.co.uk/id/4000000074572410,http://www.ordnancesurvey.co.uk/xml/codelists/localtype.xml#village,,,,Highland,http://data.ordnancesurvey.co.uk/id/7000000000029638,http://data.ordnancesurvey.co.uk/ontology/admingeo/UnitaryAuthority,Scotland,http://data.ordnancesurvey.co.uk/id/7000000000041429,Scotland,http://data.ordnancesurvey.co.uk/id/country/scotland,,,
KW126XQ,http://data.ordnancesurvey.co.uk/id/postcodeunit/KW126XQ,KW12 6XQ,,,,other,Postcode,310191.000,959577.000,3500,18000,,,,,,,,,,,,,Highland,http://data.ordnancesurvey.co.uk/id/7000000000029638,http://data.ordnancesurvey.co.uk/ontology/admingeo/UnitaryAuthority,Scotland,http://data.ordnancesurvey.co.uk/id/7000000000041429,Scotland,http://data.ordnancesurvey.co.uk/id/country/scotland,,,
KW126WU,http://data.ordnancesurvey.co.uk/id/postcodeunit/KW126WU,KW12 6WU,,,,other,Postcode,313026.000,959351.000,3500,18000,,,,,,,Halkirk,http://data.ordnancesurvey.co.uk/id/4000000074572410,http://www.ordnancesurvey.co.uk/xml/codelists/localtype.xml#village,,,,Highland,http://data.ordnancesurvey.co.uk/id/7000000000029638,http://data.ordnancesurvey.co.uk/ontology/admingeo/UnitaryAuthority,Scotland,http://data.ordnancesurvey.co.uk/id/7000000000041429,Scotland,http://data.ordnancesurvey.co.uk/id/country/scotland,,,
KW126WB,http://data.ordnancesurvey.co.uk/id/postcodeunit/KW126WB,KW12 6WB,,,,other,Postcode,313360.000,959121.000,3500,18000,,,,,,,Halkirk,http://data.ordnancesurvey.co.uk/id/4000000074572410,http://www.ordnancesurvey.co.uk/xml/codelists/localtype.xml#village,,,,Highland,http://data.ordnancesurvey.co.uk/id/7000000000029638,http://data.ordnancesurvey.co.uk/ontology/admingeo/UnitaryAuthority,Scotland,http://data.ordnancesurvey.co.uk/id/7000000000041429,Scotland,http://data.ordnancesurvey.co.uk/id/country/scotland,,,
KW126XA,http://data.ordnancesurvey.co.uk/id/postcodeunit/KW126XA,KW12 6XA,,,,other,Postcode,315867.000,957557.000,3500,18000,,,,,,,,,,,,,Highland,http://data.ordnancesurvey.co.uk/id/7000000000029638,http://data.ordnancesurvey.co.uk/ontology/admingeo/UnitaryAuthority,Scotland,http://data.ordnancesurvey.co.uk/id/7000000000041429,Scotland,http://data.ordnancesurvey.co.uk/id/country/scotland,,,
KW126XN,http://data.ordnancesurvey.co.uk/id/postcodeunit/KW126XN,KW12 6XN,,,,other,Postcode,313330.000,959561.000,3500,18000,,,,,,,Halkirk,http://data.ordnancesurvey.co.uk/id/4000000074572410,http://www.ordnancesurvey.co.uk/xml/codelists/localtype.xml#village,,,,Highland,http://data.ordnancesurvey.co.uk/id/7000000000029638,http://data.ordnancesurvey.co.uk/ontology/admingeo/UnitaryAuthority,Scotland,http://data.ordnancesurvey.co.uk/id/7000000000041429,Scotland,http://data.ordnancesurvey.co.uk/id/country/scotland,,,
KW126UJ,http://data.ordnancesurvey.co.uk/id/postcodeunit/KW126UJ,KW12 6UJ,,,,other,Postcode,313749.000,957835.000,3500,18000,,,,,,,,,,,,,Highland,http://data.ordnancesurvey.co.uk/id/7000000000029638,http://data.ordnancesurvey.co.uk/ontology/admingeo/UnitaryAuthority,Scotland,http://data.ordnancesurvey.co.uk/id/7000000000041429,Scotland,http://data.ordnancesurvey.co.uk/id/country/scotland,,,
KW126UL,http://data.ordnancesurvey.co.uk/id/postcodeunit/KW126UL,KW12 6UL,,,,other,Postcode,313309.000,956313.000,3500,18000,,,,,,,Harpsdale,http://data.ordnancesurvey.co.uk/id/4000000074572084,http://www.ordnancesurvey.co.uk/xml/codelists/localtype.xml#otherSettlement,,,,Highland,http://data.ordnancesurvey.co.uk/id/7000000000029638,http://data.ordnancesurvey.co.uk/ontology/admingeo/UnitaryAuthority,Scotland,http://data.ordnancesurvey.co.uk/id/7000000000041429,Scotland,http://data.ordnancesurvey.co.uk/id/country/scotland,,,
KW126XG,http://data.ordnancesurvey.co.uk/id/postcodeunit/KW126XG,KW12 6XG,,,,other,Postcode,312813.000,959829.000,3500,18000,,,,,,,Halkirk,http://data.ordnancesurvey.co.uk/id/4000000074572410,http://www.ordnancesurvey.co.uk/xml/codelists/localtype.xml#village,,,,Highland,http://data.ordnancesurvey.co.uk/id/7000000000029638,http://data.ordnancesurvey.co.uk/ontology/admingeo/UnitaryAuthority,Scotland,http://data.ordnancesurvey.co.uk/id/7000000000041429,Scotland,http://data.ordnancesurvey.co.uk/id/country/scotland,,,
KW126XT,http://data.ordnancesurvey.co.uk/id/postcodeunit/KW126XT,KW12 6XT,,,,other,Postcode,313321.000,959431.000,3500,18000,,,,,,,Halkirk,http://data.ordnancesurvey.co.uk/id/4000000074572410,http://www.ordnancesurvey.co.uk/xml/codelists/localtype.xml#village,,,,Highland,http://data.ordnancesurvey.co.uk/id/7000000000029638,http://data.ordnancesurvey.co.uk/ontology/admingeo/UnitaryAuthority,Scotland,http://data.ordnancesurvey.co.uk/id/7000000000041429,Scotland,http://data.ordnancesurvey.co.uk/id/country/scotland,,,
KW126UW,http://data.ordnancesurvey.co.uk/id/postcodeunit/KW126UW,KW12 6UW,,,,other,Postcode,313553.000,953351.000,3500,18000,,,,,,,,,,,,,Highland,http://data.ordnancesurvey.co.uk/id/7000000000029638,http://data.ordnancesurvey.co.uk/ontology/admingeo/UnitaryAuthority,Scotland,http://data.ordnancesurvey.co.uk/id/7000000000041429,Scotland,http://data.ordnancesurvey.co.uk/id/country/scotland,,,
KW126UY,http://data.ordnancesurvey.co.uk/id/postcodeunit/KW126UY,KW12 6UY,,,,other,Postcode,319870.000,958501.000,3500,18000,,,,,,,,,,,,,Highland,http://data.ordnancesurvey.co.uk/id/7000000000029638,http://data.ordnancesurvey.co.uk/ontology/admingeo/UnitaryAuthority,Scotland,http://data.ordnancesurvey.co.uk/id/7000000000041429,Scotland,http://data.ordnancesurvey.co.uk/id/country/scotland,,,
KW126YE,http://data.ordnancesurvey.co.uk/id/postcodeunit/KW126YE,KW12 6YE,,,,other,Postcode,313306.000,959032.000,3500,18000,,,,,,,Halkirk,http://data.ordnancesurvey.co.uk/id/4000000074572410,http://www.ordnancesurvey.co.uk/xml/codelists/localtype.xml#village,,,,Highland,http://data.ordnancesurvey.co.uk/id/7000000000029638,http://data.ordnancesurvey.co.uk/ontology/admingeo/UnitaryAuthority,Scotland,http://data.ordnancesurvey.co.uk/id/7000000000041429,Scotland,http://data.ordnancesurvey.co.uk/id/country/scotland,,,
KW126UP,http://data.ordnancesurvey.co.uk/id/postcodeunit/KW126UP,KW12 6UP,,,,other,Postcode,312718.000,949016.000,3500,18000,,,,,,,,,,,,,Highland,http://data.ordnancesurvey.co.uk/id/7000000000029638,http://data.ordnancesurvey.co.uk/ontology/admingeo/UnitaryAuthority,Scotland,http://data.ordnancesurvey.co.uk/id/7000000000041429,Scotland,http://data.ordnancesurvey.co.uk/id/country/scotland,,,
KW126ZA,http://data.ordnancesurvey.co.uk/id/postcodeunit/KW126ZA,KW12 6ZA,,,,other,Postcode,312656.000,959827.000,3500,18000,,,,,,,Halkirk,http://data.ordnancesurvey.co.uk/id/4000000074572410,http://www.ordnancesurvey.co.uk/xml/codelists/localtype.xml#village,,,,Highland,http://data.ordnancesurvey.co.uk/id/7000000000029638,http://data.ordnancesurvey.co.uk/ontology/admingeo/UnitaryAuthority,Scotland,http://data.ordnancesurvey.co.uk/id/7000000000041429,Scotland,http://data.ordnancesurvey.co.uk/id/country/scotland,,,
KW126YH,http://data.ordnancesurvey.co.uk/id/postcodeunit/KW126YH,KW12 6YH,,,,other,Postcode,312794.000,959487.000,3500,18000,,,,,,,Halkirk,http://data.ordnancesurvey.co.uk/id/4000000074572410,http://www.ordnancesurvey.co.uk/xml/codelists/localtype.xml#village,,,,Highland,http://data.ordnancesurvey.co.uk/id/7000000000029638,http://data.ordnancesurvey.co.uk/ontology/admingeo/UnitaryAuthority,Scotland,http://data.ordnancesurvey.co.uk/id/7000000000041429,Scotland,http://data.ordnancesurvey.co.uk/id/country/scotland,,,
KW126XW,http://data.ordnancesurvey.co.uk/id/postcodeunit/KW126XW,KW12 6XW,,,,other,Postcode,313135.000,959470.000,3500,18000,,,,,,,Halkirk,http://data.ordnancesurvey.co.uk/id/4000000074572410,http://www.ordnancesurvey.co.uk/xml/codelists/localtype.xml#village,,,,Highland,http://data.ordnancesurvey.co.uk/id/7000000000029638,http://data.ordnancesurvey.co.uk/ontology/admingeo/UnitaryAuthority,Scotland,http://data.ordnancesurvey.co.uk/id/7000000000041429,Scotland,http://data.ordnancesurvey.co.uk/id/country/scotland,,,
KW126UN,http://data.ordnancesurvey.co.uk/id/postcodeunit/KW126UN,KW12 6UN,,,,other,Postcode,312511.000,955903.000,3500,18000,,,,,,,Harpsdale,http://data.ordnancesurvey.co.uk/id/4000000074572084,http://www.ordnancesurvey.co.uk/xml/codelists/localtype.xml#otherSettlement,,,,Highland,http://data.ordnancesurvey.co.uk/id/7000000000029638,http://data.ordnancesurvey.co.uk/ontology/admingeo/UnitaryAuthority,Scotland,http://data.ordnancesurvey.co.uk/id/7000000000041429,Scotland,http://data.ordnancesurvey.co.uk/id/country/scotland,,,
KW126YJ,http://data.ordnancesurvey.co.uk/id/postcodeunit/KW126YJ,KW12 6YJ,,,,other,Postcode,312959.000,959693.000,3500,18000,,,,,,,Halkirk,http://data.ordnancesurvey.co.uk/id/4000000074572410,http://www.ordnancesurvey.co.uk/xml/codelists/localtype.xml#village,,,,Highland,http://data.ordnancesurvey.co.uk/id/7000000000029638,http://data.ordnancesurvey.co.uk/ontology/admingeo/UnitaryAuthority,Scotland,http://data.ordnancesurvey.co.uk/id/7000000000041429,Scotland,http://data.ordnancesurvey.co.uk/id/country/scotland,,,
KW126YA,http://data.ordnancesurvey.co.uk/id/postcodeunit/KW126YA,KW12 6YA,,,,other,Postcode,313238.000,959139.000,3500,18000,,,,,,,Halkirk,http://data.ordnancesurvey.co.uk/id/4000000074572410,http://www.ordnancesurvey.co.uk/xml/codelists/localtype.xml#village,,,,Highland,http://data.ordnancesurvey.co.uk/id/7000000000029638,http://data.ordnancesurvey.co.uk/ontology/admingeo/UnitaryAuthority,Scotland,http://data.ordnancesurvey.co.uk/id/7000000000041429,Scotland,http://data.ordnancesurvey.co.uk/id/country/scotland,,,
KW126YQ,http://data.ordnancesurvey.co.uk/id/postcodeunit/KW126YQ,KW12 6YQ,,,,other,Postcode,313365.000,958838.000,3500,18000,,,,,,,Halkirk,http://data.ordnancesurvey.co.uk/id/4000000074572410,http://www.ordnancesurvey.co.uk/xml/codelists/localtype.xml#village,,,,Highland,http://data.ordnancesurvey.co.uk/id/7000000000029638,http://data.ordnancesurvey.co.uk/ontology/admingeo/UnitaryAuthority,Scotland,http://data.ordnancesurvey.co.uk/id/7000000000041429,Scotland,http://data.ordnancesurvey.co.uk/id/country/scotland,,,
KW126YT,http://data.ordnancesurvey.co.uk/id/postcodeunit/KW126YT,KW12 6YT,,,,other,Postcode,313312.000,959193.000,3500,18000,,,,,,,Halkirk,http://data.ordnancesurvey.co.uk/id/4000000074572410,http://www.ordnancesurvey.co.uk/xml/codelists/localtype.xml#village,,,,Highland,http://data.ordnancesurvey.co.uk/id/7000000000029638,http://data.ordnancesurvey.co.uk/ontology/admingeo/UnitaryAuthority,Scotland,http://data.ordnancesurvey.co.uk/id/7000000000041429,Scotland,http://data.ordnancesurvey.co.uk/id/country/scotland,,,
KW15XW,http://data.ordnancesurvey.co.uk/id/postcodeunit/KW15XW,KW1 5XW,,,,other,Postcode,317476.000,953580.000,3500,18000,,,,,,,,,,,,,Highland,http://data.ordnancesurvey.co.uk/id/7000000000029638,http://data.ordnancesurvey.co.uk/ontology/admingeo/UnitaryAuthority,Scotland,http://data.ordnancesurvey.co.uk/id/7000000000041429,Scotland,http://data.ordnancesurvey.co.uk/id/country/scotland,,,
KW126XY,http://data.ordnancesurvey.co.uk/id/postcodeunit/KW126XY,KW12 6XY,,,,other,Postcode,313010.000,959199.000,3500,18000,,,,,,,Halkirk,http://data.ordnancesurvey.co.uk/id/4000000074572410,http://www.ordnancesurvey.co.uk/xml/codelists/localtype.xml#village,,,,Highland,http://data.ordnancesurvey.co.uk/id/7000000000029638,http://data.ordnancesurvey.co.uk/ontology/admingeo/UnitaryAuthority,Scotland,http://data.ordnancesurvey.co.uk/id/7000000000041429,Scotland,http://data.ordnancesurvey.co.uk/id/country/scotland,,,
osgb4000000003379284,http://data.ordnancesurvey.co.uk/id/4000000003379284,Church Lane,,,,transportNetwork,Named Road,313211.215,959164.892,4000,20000,313148.000,958837.025,313272.420,959511.000,KW12,http://data.ordnancesurvey.co.uk/id/postcodedistrict/KW12,Halkirk,http://data.ordnancesurvey.co.uk/id/4000000074572410,http://www.ordnancesurvey.co.uk/xml/codelists/localtype.xml#village,,,,Highland,http://data.ordnancesurvey.co.uk/id/7000000000029638,http://data.ordnancesurvey.co.uk/ontology/admingeo/UnitaryAuthority,Scotland,http://data.ordnancesurvey.co.uk/id/7000000000041429,Scotland,http://data.ordnancesurvey.co.uk/id/country/scotland,,,
osgb4000000003379286,http://data.ordnancesurvey.co.uk/id/4000000003379286,Camilla Street,,,,transportNetwork,Named Road,313364.302,958851.738,3000,20000,313122.076,958806.528,313612.959,958902.308,KW12,http://data.ordnancesurvey.co.uk/id/postcodedistrict/KW12,Halkirk,http://data.ordnancesurvey.co.uk/id/4000000074572410,http://www.ordnancesurvey.co.uk/xml/codelists/localtype.xml#village,,,,Highland,http://data.ordnancesurvey.co.uk/id/7000000000029638,http://data.ordnancesurvey.co.uk/ontology/admingeo/UnitaryAuthority,Scotland,http://data.ordnancesurvey.co.uk/id/7000000000041429,Scotland,http://data.ordnancesurvey.co.uk/id/country/scotland,,,
osgb4000000003379396,http://data.ordnancesurvey.co.uk/id/4000000003379396,Braal Terrace,,,,transportNetwork,Named Road,313055.203,959666.201,1000,20000,312980.000,959654.000,313114.439,959762.733,KW12,http://data.ordnancesurvey.co.uk/id/postcodedistrict/KW12,Halkirk,http://data.ordnancesurvey.co.uk/id/4000000074572410,http://www.ordnancesurvey.co.uk/xml/codelists/localtype.xml#village,,,,Highland,http://data.ordnancesurvey.co.uk/id/7000000000029638,http://data.ordnancesurvey.co.uk/ontology/admingeo/UnitaryAuthority,Scotland,http://data.ordnancesurvey.co.uk/id/7000000000041429,Scotland,http://data.ordnancesurvey.co.uk/id/country/scotland,,,
osgb4000000003379885,http://data.ordnancesurvey.co.uk/id/4000000003379885,B870,,,,transportNetwork,Numbered Road,319291.000,954578.000,121000,250000,309067.215,951553.255,327639.128,965878.500,KW1,http://data.ordnancesurvey.co.uk/id/postcodedistrict/KW1,,,,,,,Highland,http://data.ordnancesurvey.co.uk/id/7000000000029638,http://data.ordnancesurvey.co.uk/ontology/admingeo/UnitaryAuthority,Scotland,http://data.ordnancesurvey.co.uk/id/7000000000041429,Scotland,http://data.ordnancesurvey.co.uk/id/country/scotland,,,
osgb4000000003381987,http://data.ordnancesurvey.co.uk/id/4000000003381987,Abbey Park,,,,transportNetwork,Named Road,313525.323,959158.508,1000,20000,313525.323,959088.373,313538.576,959158.508,KW12,http://data.ordnancesurvey.co.uk/id/postcodedistrict/KW12,Halkirk,http://data.ordnancesurvey.co.uk/id/4000000074572410,http://www.ordnancesurvey.co.uk/xml/codelists/localtype.xml#village,,,,Highland,http://data.ordnancesurvey.co.uk/id/7000000000029638,http://data.ordnancesurvey.co.uk/ontology/admingeo/UnitaryAuthority,Scotland,http://data.ordnancesurvey.co.uk/id/7000000000041429,Scotland,http://data.ordnancesurvey.co.uk/id/country/scotland,,,
osgb4000000003379285,http://data.ordnancesurvey.co.uk/id/4000000003379285,Sinclair Lane,,,,transportNetwork,Named Road,313386.118,959204.383,4000,20000,313317.010,958868.595,313449.851,959545.170,KW12,http://data.ordnancesurvey.co.uk/id/postcodedistrict/KW12,Halkirk,http://data.ordnancesurvey.co.uk/id/4000000074572410,http://www.ordnancesurvey.co.uk/xml/codelists/localtype.xml#village,,,,Highland,http://data.ordnancesurvey.co.uk/id/7000000000029638,http://data.ordnancesurvey.co.uk/ontology/admingeo/UnitaryAuthority,Scotland,http://data.ordnancesurvey.co.uk/id/7000000000041429,Scotland,http://data.ordnancesurvey.co.uk/id/country/scotland,,,
osgb4000000003381132,http://data.ordnancesurvey.co.uk/id/4000000003381132,The Meadows,,,,transportNetwork,Named Road,313418.025,959305.535,1000,20000,313412.120,959268.697,313423.339,959337.391,KW12,http://data.ordnancesurvey.co.uk/id/postcodedistrict/KW12,Halkirk,http://data.ordnancesurvey.co.uk/id/4000000074572410,http://www.ordnancesurvey.co.uk/xml/codelists/localtype.xml#village,,,,Highland,http://data.ordnancesurvey.co.uk/id/7000000000029638,http://data.ordnancesurvey.co.uk/ontology/admingeo/UnitaryAuthority,Scotland,http://data.ordnancesurvey.co.uk/id/7000000000041429,Scotland,http://data.ordnancesurvey.co.uk/id/country/scotland,,,
osgb4000000003379316,http://data.ordnancesurvey.co.uk/id/4000000003379316,George Street,,,,transportNetwork,Named Road,313336.755,959048.005,3000,20000,313077.158,958995.944,313565.532,959093.956,KW12,http://data.ordnancesurvey.co.uk/id/postcodedistrict/KW12,Halkirk,http://data.ordnancesurvey.co.uk/id/4000000074572410,http://www.ordnancesurvey.co.uk/xml/codelists/localtype.xml#village,,,,Highland,http://data.ordnancesurvey.co.uk/id/7000000000029638,http://data.ordnancesurvey.co.uk/ontology/admingeo/UnitaryAuthority,Scotland,http://data.ordnancesurvey.co.uk/id/7000000000041429,Scotland,http://data.ordnancesurvey.co.uk/id/country/scotland,,,
osgb4000000003379524,http://data.ordnancesurvey.co.uk/id/4000000003379524,Sinclair Square,,,,transportNetwork,Named Road,313263.313,959374.551,1000,20000,313242.051,959312.774,313295.924,959434.116,KW12,http://data.ordnancesurvey.co.uk/id/postcodedistrict/KW12,Halkirk,http://data.ordnancesurvey.co.uk/id/4000000074572410,http://www.ordnancesurvey.co.uk/xml/codelists/localtype.xml#village,,,,Highland,http://data.ordnancesurvey.co.uk/id/7000000000029638,http://data.ordnancesurvey.co.uk/ontology/admingeo/UnitaryAuthority,Scotland,http://data.ordnancesurvey.co.uk/id/7000000000041429,Scotland,http://data.ordnancesurvey.co.uk/id/country/scotland,,,
osgb4000000003383233,http://data.ordnancesurvey.co.uk/id/4000000003383233,Comliefoot Drive,,,,transportNetwork,Named Road,312674.012,959834.412,1000,20000,312674.012,959806.161,312678.526,959869.444,KW12,http://data.ordnancesurvey.co.uk/id/postcodedistrict/KW12,Halkirk,http://data.ordnancesurvey.co.uk/id/4000000074572410,http://www.ordnancesurvey.co.uk/xml/codelists/localtype.xml#village,,,,Highland,http://data.ordnancesurvey.co.uk/id/7000000000029638,http://data.ordnancesurvey.co.uk/ontology/admingeo/UnitaryAuthority,Scotland,http://data.ordnancesurvey.co.uk/id/7000000000041429,Scotland,http://data.ordnancesurvey.co.uk/id/country/scotland,,,
osgb4000000003379287,http://data.ordnancesurvey.co.uk/id/4000000003379287,Sinclair Street,,,,transportNetwork,Named Road,313337.000,959452.000,5000,20000,312983.000,959384.000,313677.787,959685.215,KW12,http://data.ordnancesurvey.co.uk/id/postcodedistrict/KW12,Halkirk,http://data.ordnancesurvey.co.uk/id/4000000074572410,http://www.ordnancesurvey.co.uk/xml/codelists/localtype.xml#village,,,,Highland,http://data.ordnancesurvey.co.uk/id/7000000000029638,http://data.ordnancesurvey.co.uk/ontology/admingeo/UnitaryAuthority,Scotland,http://data.ordnancesurvey.co.uk/id/7000000000041429,Scotland,http://data.ordnancesurvey.co.uk/id/country/scotland,,,
osgb4000000003379394,http://data.ordnancesurvey.co.uk/id/4000000003379394,Henrietta Street,,,,transportNetwork,Named Road,313048.399,959297.565,1000,20000,313002.000,959288.000,313122.962,959311.734,KW12,http://data.ordnancesurvey.co.uk/id/postcodedistrict/KW12,Halkirk,http://data.ordnancesurvey.co.uk/id/4000000074572410,http://www.ordnancesurvey.co.uk/xml/codelists/localtype.xml#village,,,,Highland,http://data.ordnancesurvey.co.uk/id/7000000000029638,http://data.ordnancesurvey.co.uk/ontology/admingeo/UnitaryAuthority,Scotland,http://data.ordnancesurvey.co.uk/id/7000000000041429,Scotland,http://data.ordnancesurvey.co.uk/id/country/scotland,,,
osgb4000000003379395,http://data.ordnancesurvey.co.uk/id/4000000003379395,Henrietta Court,,,,transportNetwork,Named Road,313122.962,959311.734,1000,20000,313113.221,959268.519,313132.526,959369.649,KW12,http://data.ordnancesurvey.co.uk/id/postcodedistrict/KW12,Halkirk,http://data.ordnancesurvey.co.uk/id/4000000074572410,http://www.ordnancesurvey.co.uk/xml/codelists/localtype.xml#village,,,,Highland,http://data.ordnancesurvey.co.uk/id/7000000000029638,http://data.ordnancesurvey.co.uk/ontology/admingeo/UnitaryAuthority,Scotland,http://data.ordnancesurvey.co.uk/id/7000000000041429,Scotland,http://data.ordnancesurvey.co.uk/id/country/scotland,,,
osgb4000000003381133,http://data.ordnancesurvey.co.uk/id/4000000003381133,Manse Place,,,,transportNetwork,Named Road,313300.556,959184.881,1000,20000,313289.708,959167.330,313304.212,959242.045,KW12,http://data.ordnancesurvey.co.uk/id/postcodedistrict/KW12,Halkirk,http://data.ordnancesurvey.co.uk/id/4000000074572410,http://www.ordnancesurvey.co.uk/xml/codelists/localtype.xml#village,,,,Highland,http://data.ordnancesurvey.co.uk/id/7000000000029638,http://data.ordnancesurvey.co.uk/ontology/admingeo/UnitaryAuthority,Scotland,http://data.ordnancesurvey.co.uk/id/7000000000041429,Scotland,http://data.ordnancesurvey.co.uk/id/country/scotland,,,
osgb4000000003379276,http://data.ordnancesurvey.co.uk/id/4000000003379276,Crescent Street,,,,transportNetwork,Named Road,313148.000,959511.000,7000,20000,312663.933,959395.359,313677.787,959698.013,KW12,http://data.ordnancesurvey.co.uk/id/postcodedistrict/KW12,Halkirk,http://data.ordnancesurvey.co.uk/id/4000000074572410,http://www.ordnancesurvey.co.uk/xml/codelists/localtype.xml#village,,,,Highland,http://data.ordnancesurvey.co.uk/id/7000000000029638,http://data.ordnancesurvey.co.uk/ontology/admingeo/UnitaryAuthority,Scotland,http://data.ordnancesurvey.co.uk/id/7000000000041429,Scotland,http://data.ordnancesurvey.co.uk/id/country/scotland,,,
osgb4000000003379317,http://data.ordnancesurvey.co.uk/id/4000000003379317,Church Street,,,,transportNetwork,Named Road,313291.171,959242.045,3000,20000,313029.271,959188.112,313525.337,959290.482,KW12,http://data.ordnancesurvey.co.uk/id/postcodedistrict/KW12,Halkirk,http://data.ordnancesurvey.co.uk/id/4000000074572410,http://www.ordnancesurvey.co.uk/xml/codelists/localtype.xml#village,,,,Highland,http://data.ordnancesurvey.co.uk/id/7000000000029638,http://data.ordnancesurvey.co.uk/ontology/admingeo/UnitaryAuthority,Scotland,http://data.ordnancesurvey.co.uk/id/7000000000041429,Scotland,http://data.ordnancesurvey.co.uk/id/country/scotland,,,
KW126XX,http://data.ordnancesurvey.co.uk/id/postcodeunit/KW126XX,KW12 6XX,,,,other,Postcode,313081.000,959469.000,3500,18000,,,,,,,Halkirk,http://data.ordnancesurvey.co.uk/id/4000000074572410,http://www.ordnancesurvey.co.uk/xml/codelists/localtype.xml#village,,,,Highland,http://data.ordnancesurvey.co.uk/id/7000000000029638,http://data.ordnancesurvey.co.uk/ontology/admingeo/UnitaryAuthority,Scotland,http://data.ordnancesurvey.co.uk/id/7000000000041429,Scotland,http://data.ordnancesurvey.co.uk/id/country/scotland,,,
KW126XR,http://data.ordnancesurvey.co.uk/id/postcodeunit/KW126XR,KW12 6XR,,,,other,Postcode,313409.000,959215.000,3500,18000,,,,,,,Halkirk,http://data.ordnancesurvey.co.uk/id/4000000074572410,http://www.ordnancesurvey.co.uk/xml/codelists/localtype.xml#village,,,,Highland,http://data.ordnancesurvey.co.uk/id/7000000000029638,http://data.ordnancesurvey.co.uk/ontology/admingeo/UnitaryAuthority,Scotland,http://data.ordnancesurvey.co.uk/id/7000000000041429,Scotland,http://data.ordnancesurvey.co.uk/id/country/scotland,,,
osgb5000005134435558,http://data.ordnancesurvey.co.uk/id/5000005134435558,J B Court,,,,transportNetwork,Named Road,313091.013,959065.629,1000,20000,313060.196,959060.466,313137.405,959088.377,KW12,http://data.ordnancesurvey.co.uk/id/postcodedistrict/KW12,Halkirk,http://data.ordnancesurvey.co.uk/id/4000000074572410,http://www.ordnancesurvey.co.uk/xml/codelists/localtype.xml#village,,,,Highland,http://data.ordnancesurvey.co.uk/id/7000000000029638,http://data.ordnancesurvey.co.uk/ontology/admingeo/UnitaryAuthority,Scotland,http://data.ordnancesurvey.co.uk/id/7000000000041429,Scotland,http://data.ordnancesurvey.co.uk/id/country/scotland,,,
KW126YW,http://data.ordnancesurvey.co.uk/id/postcodeunit/KW126YW,KW12 6YW,,,,other,Postcode,307242.000,956404.000,3500,18000,,,,,,,Brawlbin,http://data.ordnancesurvey.co.uk/id/4000000074572741,http://www.ordnancesurvey.co.uk/xml/codelists/localtype.xml#otherSettlement,,,,Highland,http://data.ordnancesurvey.co.uk/id/7000000000029638,http://data.ordnancesurvey.co.uk/ontology/admingeo/UnitaryAuthority,Scotland,http://data.ordnancesurvey.co.uk/id/7000000000041429,Scotland,http://data.ordnancesurvey.co.uk/id/country/scotland,,,
osgb4000000003379273,http://data.ordnancesurvey.co.uk/id/4000000003379273,Bridge Street,,,,transportNetwork,Named Road,313053.000,959088.000,10000,20000,312968.000,958362.408,313227.425,959824.284,KW12,http://data.ordnancesurvey.co.uk/id/postcodedistrict/KW12,Halkirk,http://data.ordnancesurvey.co.uk/id/4000000074572410,http://www.ordnancesurvey.co.uk/xml/codelists/localtype.xml#village,,,,Highland,http://data.ordnancesurvey.co.uk/id/7000000000029638,http://data.ordnancesurvey.co.uk/ontology/admingeo/UnitaryAuthority,Scotland,http://data.ordnancesurvey.co.uk/id/7000000000041429,Scotland,http://data.ordnancesurvey.co.uk/id/country/scotland,,,
osgb4000000074572409,http://data.ordnancesurvey.co.uk/id/4000000074572409,Sibster,,,,populatedPlace,Other Settlement,315554.380,959431.760,15000,25000,314556.226,958489.195,316561.721,960458.901,KW12,http://data.ordnancesurvey.co.uk/id/postcodedistrict/KW12,,,,,,,Highland,http://data.ordnancesurvey.co.uk/id/7000000000029638,http://data.ordnancesurvey.co.uk/ontology/admingeo/UnitaryAuthority,Scotland,http://data.ordnancesurvey.co.uk/id/7000000000041429,Scotland,http://data.ordnancesurvey.co.uk/id/country/scotland,,,
