﻿osgb4000000074542067,http://data.ordnancesurvey.co.uk/id/4000000074542067,Smerlie,,,,populatedPlace,Other Settlement,323986.470,937226.980,15000,25000,323599.013,936755.346,324319.087,938008.147,KW3,http://data.ordnancesurvey.co.uk/id/postcodedistrict/KW3,,,,,,,Highland,http://data.ordnancesurvey.co.uk/id/7000000000029638,http://data.ordnancesurvey.co.uk/ontology/admingeo/UnitaryAuthority,Scotland,http://data.ordnancesurvey.co.uk/id/7000000000041429,Scotland,http://data.ordnancesurvey.co.uk/id/country/scotland,,,
osgb4000000074571380,http://data.ordnancesurvey.co.uk/id/4000000074571380,Lingland,,,,populatedPlace,Other Settlement,326252.740,937981.110,15000,25000,325917.285,937557.366,326537.833,938154.505,KW3,http://data.ordnancesurvey.co.uk/id/postcodedistrict/KW3,,,,,,,Highland,http://data.ordnancesurvey.co.uk/id/7000000000029638,http://data.ordnancesurvey.co.uk/ontology/admingeo/UnitaryAuthority,Scotland,http://data.ordnancesurvey.co.uk/id/7000000000041429,Scotland,http://data.ordnancesurvey.co.uk/id/country/scotland,,,
osgb4000000074335001,http://data.ordnancesurvey.co.uk/id/4000000074335001,Swiney,,,,populatedPlace,Hamlet,323782.915,935533.230,5000,25000,323054.575,935187.725,323969.101,935853.794,KW3,http://data.ordnancesurvey.co.uk/id/postcodedistrict/KW3,,,,,,,Highland,http://data.ordnancesurvey.co.uk/id/7000000000029638,http://data.ordnancesurvey.co.uk/ontology/admingeo/UnitaryAuthority,Scotland,http://data.ordnancesurvey.co.uk/id/7000000000041429,Scotland,http://data.ordnancesurvey.co.uk/id/country/scotland,,,
osgb4000000074571023,http://data.ordnancesurvey.co.uk/id/4000000074571023,Mid Clyth,,,,populatedPlace,Other Settlement,329213.830,937447.640,15000,25000,328547.995,936821.207,329965.635,938042.787,KW3,http://data.ordnancesurvey.co.uk/id/postcodedistrict/KW3,,,,,,,Highland,http://data.ordnancesurvey.co.uk/id/7000000000029638,http://data.ordnancesurvey.co.uk/ontology/admingeo/UnitaryAuthority,Scotland,http://data.ordnancesurvey.co.uk/id/7000000000041429,Scotland,http://data.ordnancesurvey.co.uk/id/country/scotland,,,http://sws.geonames.org/2642631
osgb4000000074571026,http://data.ordnancesurvey.co.uk/id/4000000074571026,Achavar,,,,populatedPlace,Other Settlement,326279.630,937065.620,15000,25000,325980.486,936850.742,326480.486,937350.742,KW3,http://data.ordnancesurvey.co.uk/id/postcodedistrict/KW3,,,,,,,Highland,http://data.ordnancesurvey.co.uk/id/7000000000029638,http://data.ordnancesurvey.co.uk/ontology/admingeo/UnitaryAuthority,Scotland,http://data.ordnancesurvey.co.uk/id/7000000000041429,Scotland,http://data.ordnancesurvey.co.uk/id/country/scotland,,,
osgb4000000074336157,http://data.ordnancesurvey.co.uk/id/4000000074336157,Bruan,,,,populatedPlace,Other Settlement,331295.890,939498.173,15000,25000,329623.011,937796.458,331644.684,939988.280,KW2,http://data.ordnancesurvey.co.uk/id/postcodedistrict/KW2,,,,,,,Highland,http://data.ordnancesurvey.co.uk/id/7000000000029638,http://data.ordnancesurvey.co.uk/ontology/admingeo/UnitaryAuthority,Scotland,http://data.ordnancesurvey.co.uk/id/7000000000041429,Scotland,http://data.ordnancesurvey.co.uk/id/country/scotland,,,
osgb4000000074572406,http://data.ordnancesurvey.co.uk/id/4000000074572406,Lybster,,,,populatedPlace,Village,324772.130,935951.910,13000,250000,324215.430,934886.031,325396.791,936866.704,KW3,http://data.ordnancesurvey.co.uk/id/postcodedistrict/KW3,,,,,,,Highland,http://data.ordnancesurvey.co.uk/id/7000000000029638,http://data.ordnancesurvey.co.uk/ontology/admingeo/UnitaryAuthority,Scotland,http://data.ordnancesurvey.co.uk/id/7000000000041429,Scotland,http://data.ordnancesurvey.co.uk/id/country/scotland,,http://dbpedia.org/resource/Lybster,http://sws.geonames.org/2643331
osgb4000000074572077,http://data.ordnancesurvey.co.uk/id/4000000074572077,Burrigill,,,,populatedPlace,Hamlet,322730.000,934471.900,5000,25000,322416.465,934241.644,322933.513,934741.644,KW3,http://data.ordnancesurvey.co.uk/id/postcodedistrict/KW3,,,,,,,Highland,http://data.ordnancesurvey.co.uk/id/7000000000029638,http://data.ordnancesurvey.co.uk/ontology/admingeo/UnitaryAuthority,Scotland,http://data.ordnancesurvey.co.uk/id/7000000000041429,Scotland,http://data.ordnancesurvey.co.uk/id/country/scotland,,,
osgb4000000074572405,http://data.ordnancesurvey.co.uk/id/4000000074572405,Achastle,,,,populatedPlace,Hamlet,323193.800,934609.800,5000,25000,322907.222,934349.548,323407.222,934849.548,KW3,http://data.ordnancesurvey.co.uk/id/postcodedistrict/KW3,,,,,,,Highland,http://data.ordnancesurvey.co.uk/id/7000000000029638,http://data.ordnancesurvey.co.uk/ontology/admingeo/UnitaryAuthority,Scotland,http://data.ordnancesurvey.co.uk/id/7000000000041429,Scotland,http://data.ordnancesurvey.co.uk/id/country/scotland,,,
osgb4000000074542051,http://data.ordnancesurvey.co.uk/id/4000000074542051,Occumster,,,,populatedPlace,Other Settlement,326498.590,935831.160,15000,25000,326295.857,935408.591,326979.546,936348.662,KW3,http://data.ordnancesurvey.co.uk/id/postcodedistrict/KW3,,,,,,,Highland,http://data.ordnancesurvey.co.uk/id/7000000000029638,http://data.ordnancesurvey.co.uk/ontology/admingeo/UnitaryAuthority,Scotland,http://data.ordnancesurvey.co.uk/id/7000000000041429,Scotland,http://data.ordnancesurvey.co.uk/id/country/scotland,,,http://sws.geonames.org/2641101
osgb4000000074571028,http://data.ordnancesurvey.co.uk/id/4000000074571028,East Clyth,,,,populatedPlace,Other Settlement,329902.890,939391.660,15000,25000,329500.069,939126.297,330185.019,939805.393,KW3,http://data.ordnancesurvey.co.uk/id/postcodedistrict/KW3,,,,,,,Highland,http://data.ordnancesurvey.co.uk/id/7000000000029638,http://data.ordnancesurvey.co.uk/ontology/admingeo/UnitaryAuthority,Scotland,http://data.ordnancesurvey.co.uk/id/7000000000041429,Scotland,http://data.ordnancesurvey.co.uk/id/country/scotland,,,
osgb4000000074571027,http://data.ordnancesurvey.co.uk/id/4000000074571027,Upper Lybster,,,,populatedPlace,Other Settlement,324798.180,937039.370,15000,25000,324476.048,936951.910,325270.328,937932.199,KW3,http://data.ordnancesurvey.co.uk/id/postcodedistrict/KW3,,,,,,,Highland,http://data.ordnancesurvey.co.uk/id/7000000000029638,http://data.ordnancesurvey.co.uk/ontology/admingeo/UnitaryAuthority,Scotland,http://data.ordnancesurvey.co.uk/id/7000000000041429,Scotland,http://data.ordnancesurvey.co.uk/id/country/scotland,,http://dbpedia.org/resource/Upper_Lybster,
osgb4000000074572403,http://data.ordnancesurvey.co.uk/id/4000000074572403,Forse,,,,populatedPlace,Other Settlement,322181.900,934356.000,15000,25000,321304.742,934132.027,322551.461,935248.047,KW3,http://data.ordnancesurvey.co.uk/id/postcodedistrict/KW3,,,,,,,Highland,http://data.ordnancesurvey.co.uk/id/7000000000029638,http://data.ordnancesurvey.co.uk/ontology/admingeo/UnitaryAuthority,Scotland,http://data.ordnancesurvey.co.uk/id/7000000000041429,Scotland,http://data.ordnancesurvey.co.uk/id/country/scotland,,,http://sws.geonames.org/2649190
osgb4000000074335687,http://data.ordnancesurvey.co.uk/id/4000000074335687,Clyth,,,,populatedPlace,Hamlet,327624.900,936182.473,5000,25000,327028.183,935827.871,328100.585,936338.605,KW3,http://data.ordnancesurvey.co.uk/id/postcodedistrict/KW3,,,,,,,Highland,http://data.ordnancesurvey.co.uk/id/7000000000029638,http://data.ordnancesurvey.co.uk/ontology/admingeo/UnitaryAuthority,Scotland,http://data.ordnancesurvey.co.uk/id/7000000000041429,Scotland,http://data.ordnancesurvey.co.uk/id/country/scotland,,,
osgb4000000074571025,http://data.ordnancesurvey.co.uk/id/4000000074571025,Mavesy,,,,populatedPlace,Hamlet,326067.150,936186.260,5000,25000,325637.307,935967.954,326155.097,936467.954,KW3,http://data.ordnancesurvey.co.uk/id/postcodedistrict/KW3,,,,,,,Highland,http://data.ordnancesurvey.co.uk/id/7000000000029638,http://data.ordnancesurvey.co.uk/ontology/admingeo/UnitaryAuthority,Scotland,http://data.ordnancesurvey.co.uk/id/7000000000041429,Scotland,http://data.ordnancesurvey.co.uk/id/country/scotland,,,
osgb4000000074571379,http://data.ordnancesurvey.co.uk/id/4000000074571379,Badfallister,,,,populatedPlace,Other Settlement,326972.360,937649.190,15000,25000,326537.833,937387.595,327193.505,937896.919,KW3,http://data.ordnancesurvey.co.uk/id/postcodedistrict/KW3,,,,,,,Highland,http://data.ordnancesurvey.co.uk/id/7000000000029638,http://data.ordnancesurvey.co.uk/ontology/admingeo/UnitaryAuthority,Scotland,http://data.ordnancesurvey.co.uk/id/7000000000041429,Scotland,http://data.ordnancesurvey.co.uk/id/country/scotland,,,
osgb4000000074573758,http://data.ordnancesurvey.co.uk/id/4000000074573758,Achow,,,,populatedPlace,Other Settlement,323021.800,936798.060,15000,25000,322699.798,936328.298,323303.048,937318.645,KW3,http://data.ordnancesurvey.co.uk/id/postcodedistrict/KW3,,,,,,,Highland,http://data.ordnancesurvey.co.uk/id/7000000000029638,http://data.ordnancesurvey.co.uk/ontology/admingeo/UnitaryAuthority,Scotland,http://data.ordnancesurvey.co.uk/id/7000000000041429,Scotland,http://data.ordnancesurvey.co.uk/id/country/scotland,,,
osgb4000000074542129,http://data.ordnancesurvey.co.uk/id/4000000074542129,Overton,,,,populatedPlace,Hamlet,328892.100,936525.510,5000,25000,328502.755,936212.931,329186.435,936786.017,KW3,http://data.ordnancesurvey.co.uk/id/postcodedistrict/KW3,,,,,,,Highland,http://data.ordnancesurvey.co.uk/id/7000000000029638,http://data.ordnancesurvey.co.uk/ontology/admingeo/UnitaryAuthority,Scotland,http://data.ordnancesurvey.co.uk/id/7000000000041429,Scotland,http://data.ordnancesurvey.co.uk/id/country/scotland,,,
osgb4000000074571733,http://data.ordnancesurvey.co.uk/id/4000000074571733,Roster,,,,populatedPlace,Hamlet,326207.300,939546.800,5000,25000,326113.847,939393.631,326988.269,940147.445,KW3,http://data.ordnancesurvey.co.uk/id/postcodedistrict/KW3,,,,,,,Highland,http://data.ordnancesurvey.co.uk/id/7000000000029638,http://data.ordnancesurvey.co.uk/ontology/admingeo/UnitaryAuthority,Scotland,http://data.ordnancesurvey.co.uk/id/7000000000041429,Scotland,http://data.ordnancesurvey.co.uk/id/country/scotland,,"http://dbpedia.org/resource/Roster,_Caithness",
osgb4000000074571024,http://data.ordnancesurvey.co.uk/id/4000000074571024,Hillhead,,,,populatedPlace,Hamlet,325794.350,935766.560,5000,25000,325386.740,935227.933,326035.231,936012.159,KW3,http://data.ordnancesurvey.co.uk/id/postcodedistrict/KW3,,,,,,,Highland,http://data.ordnancesurvey.co.uk/id/7000000000029638,http://data.ordnancesurvey.co.uk/ontology/admingeo/UnitaryAuthority,Scotland,http://data.ordnancesurvey.co.uk/id/7000000000041429,Scotland,http://data.ordnancesurvey.co.uk/id/country/scotland,,,
KW36AD,http://data.ordnancesurvey.co.uk/id/postcodeunit/KW36AD,KW3 6AD,,,,other,Postcode,324763.000,936456.000,3500,18000,,,,,,,Lybster,http://data.ordnancesurvey.co.uk/id/4000000074572406,http://www.ordnancesurvey.co.uk/xml/codelists/localtype.xml#village,,,,Highland,http://data.ordnancesurvey.co.uk/id/7000000000029638,http://data.ordnancesurvey.co.uk/ontology/admingeo/UnitaryAuthority,Scotland,http://data.ordnancesurvey.co.uk/id/7000000000041429,Scotland,http://data.ordnancesurvey.co.uk/id/country/scotland,,,
KW56DG,http://data.ordnancesurvey.co.uk/id/postcodeunit/KW56DG,KW5 6DG,,,,other,Postcode,321141.000,933984.000,3500,18000,,,,,,,,,,,,,Highland,http://data.ordnancesurvey.co.uk/id/7000000000029638,http://data.ordnancesurvey.co.uk/ontology/admingeo/UnitaryAuthority,Scotland,http://data.ordnancesurvey.co.uk/id/7000000000041429,Scotland,http://data.ordnancesurvey.co.uk/id/country/scotland,,,
KW36AS,http://data.ordnancesurvey.co.uk/id/postcodeunit/KW36AS,KW3 6AS,,,,other,Postcode,325763.000,935843.000,3500,18000,,,,,,,Hillhead,http://data.ordnancesurvey.co.uk/id/4000000074571024,http://www.ordnancesurvey.co.uk/xml/codelists/localtype.xml#hamlet,,,,Highland,http://data.ordnancesurvey.co.uk/id/7000000000029638,http://data.ordnancesurvey.co.uk/ontology/admingeo/UnitaryAuthority,Scotland,http://data.ordnancesurvey.co.uk/id/7000000000041429,Scotland,http://data.ordnancesurvey.co.uk/id/country/scotland,,,
KW36BT,http://data.ordnancesurvey.co.uk/id/postcodeunit/KW36BT,KW3 6BT,,,,other,Postcode,323636.000,935543.000,3500,18000,,,,,,,Swiney,http://data.ordnancesurvey.co.uk/id/4000000074335001,http://www.ordnancesurvey.co.uk/xml/codelists/localtype.xml#hamlet,,,,Highland,http://data.ordnancesurvey.co.uk/id/7000000000029638,http://data.ordnancesurvey.co.uk/ontology/admingeo/UnitaryAuthority,Scotland,http://data.ordnancesurvey.co.uk/id/7000000000041429,Scotland,http://data.ordnancesurvey.co.uk/id/country/scotland,,,
KW36AZ,http://data.ordnancesurvey.co.uk/id/postcodeunit/KW36AZ,KW3 6AZ,,,,other,Postcode,327300.000,936162.000,3500,18000,,,,,,,Clyth,http://data.ordnancesurvey.co.uk/id/4000000074335687,http://www.ordnancesurvey.co.uk/xml/codelists/localtype.xml#hamlet,,,,Highland,http://data.ordnancesurvey.co.uk/id/7000000000029638,http://data.ordnancesurvey.co.uk/ontology/admingeo/UnitaryAuthority,Scotland,http://data.ordnancesurvey.co.uk/id/7000000000041429,Scotland,http://data.ordnancesurvey.co.uk/id/country/scotland,,,
KW36BU,http://data.ordnancesurvey.co.uk/id/postcodeunit/KW36BU,KW3 6BU,,,,other,Postcode,323246.000,935394.000,3500,18000,,,,,,,Swiney,http://data.ordnancesurvey.co.uk/id/4000000074335001,http://www.ordnancesurvey.co.uk/xml/codelists/localtype.xml#hamlet,,,,Highland,http://data.ordnancesurvey.co.uk/id/7000000000029638,http://data.ordnancesurvey.co.uk/ontology/admingeo/UnitaryAuthority,Scotland,http://data.ordnancesurvey.co.uk/id/7000000000041429,Scotland,http://data.ordnancesurvey.co.uk/id/country/scotland,,,
KW36AY,http://data.ordnancesurvey.co.uk/id/postcodeunit/KW36AY,KW3 6AY,,,,other,Postcode,326454.000,936053.000,3500,18000,,,,,,,Occumster,http://data.ordnancesurvey.co.uk/id/4000000074542051,http://www.ordnancesurvey.co.uk/xml/codelists/localtype.xml#otherSettlement,,,,Highland,http://data.ordnancesurvey.co.uk/id/7000000000029638,http://data.ordnancesurvey.co.uk/ontology/admingeo/UnitaryAuthority,Scotland,http://data.ordnancesurvey.co.uk/id/7000000000041429,Scotland,http://data.ordnancesurvey.co.uk/id/country/scotland,,,
KW36AN,http://data.ordnancesurvey.co.uk/id/postcodeunit/KW36AN,KW3 6AN,,,,other,Postcode,324911.000,935101.000,3500,18000,,,,,,,Lybster,http://data.ordnancesurvey.co.uk/id/4000000074572406,http://www.ordnancesurvey.co.uk/xml/codelists/localtype.xml#village,,,,Highland,http://data.ordnancesurvey.co.uk/id/7000000000029638,http://data.ordnancesurvey.co.uk/ontology/admingeo/UnitaryAuthority,Scotland,http://data.ordnancesurvey.co.uk/id/7000000000041429,Scotland,http://data.ordnancesurvey.co.uk/id/country/scotland,,,
KW36BJ,http://data.ordnancesurvey.co.uk/id/postcodeunit/KW36BJ,KW3 6BJ,,,,other,Postcode,324795.000,935834.000,3500,18000,,,,,,,Lybster,http://data.ordnancesurvey.co.uk/id/4000000074572406,http://www.ordnancesurvey.co.uk/xml/codelists/localtype.xml#village,,,,Highland,http://data.ordnancesurvey.co.uk/id/7000000000029638,http://data.ordnancesurvey.co.uk/ontology/admingeo/UnitaryAuthority,Scotland,http://data.ordnancesurvey.co.uk/id/7000000000041429,Scotland,http://data.ordnancesurvey.co.uk/id/country/scotland,,,
KW36BD,http://data.ordnancesurvey.co.uk/id/postcodeunit/KW36BD,KW3 6BD,,,,other,Postcode,326231.000,939588.000,3500,18000,,,,,,,Roster,http://data.ordnancesurvey.co.uk/id/4000000074571733,http://www.ordnancesurvey.co.uk/xml/codelists/localtype.xml#hamlet,,,,Highland,http://data.ordnancesurvey.co.uk/id/7000000000029638,http://data.ordnancesurvey.co.uk/ontology/admingeo/UnitaryAuthority,Scotland,http://data.ordnancesurvey.co.uk/id/7000000000041429,Scotland,http://data.ordnancesurvey.co.uk/id/country/scotland,,,
KW36BS,http://data.ordnancesurvey.co.uk/id/postcodeunit/KW36BS,KW3 6BS,,,,other,Postcode,324628.000,936179.000,3500,18000,,,,,,,Lybster,http://data.ordnancesurvey.co.uk/id/4000000074572406,http://www.ordnancesurvey.co.uk/xml/codelists/localtype.xml#village,,,,Highland,http://data.ordnancesurvey.co.uk/id/7000000000029638,http://data.ordnancesurvey.co.uk/ontology/admingeo/UnitaryAuthority,Scotland,http://data.ordnancesurvey.co.uk/id/7000000000041429,Scotland,http://data.ordnancesurvey.co.uk/id/country/scotland,,,
KW36DB,http://data.ordnancesurvey.co.uk/id/postcodeunit/KW36DB,KW3 6DB,,,,other,Postcode,324658.000,935185.000,3500,18000,,,,,,,Lybster,http://data.ordnancesurvey.co.uk/id/4000000074572406,http://www.ordnancesurvey.co.uk/xml/codelists/localtype.xml#village,,,,Highland,http://data.ordnancesurvey.co.uk/id/7000000000029638,http://data.ordnancesurvey.co.uk/ontology/admingeo/UnitaryAuthority,Scotland,http://data.ordnancesurvey.co.uk/id/7000000000041429,Scotland,http://data.ordnancesurvey.co.uk/id/country/scotland,,,
KW36AP,http://data.ordnancesurvey.co.uk/id/postcodeunit/KW36AP,KW3 6AP,,,,other,Postcode,324932.000,935272.000,3500,18000,,,,,,,Lybster,http://data.ordnancesurvey.co.uk/id/4000000074572406,http://www.ordnancesurvey.co.uk/xml/codelists/localtype.xml#village,,,,Highland,http://data.ordnancesurvey.co.uk/id/7000000000029638,http://data.ordnancesurvey.co.uk/ontology/admingeo/UnitaryAuthority,Scotland,http://data.ordnancesurvey.co.uk/id/7000000000041429,Scotland,http://data.ordnancesurvey.co.uk/id/country/scotland,,,
KW36AJ,http://data.ordnancesurvey.co.uk/id/postcodeunit/KW36AJ,KW3 6AJ,,,,other,Postcode,324861.000,935184.000,3500,18000,,,,,,,Lybster,http://data.ordnancesurvey.co.uk/id/4000000074572406,http://www.ordnancesurvey.co.uk/xml/codelists/localtype.xml#village,,,,Highland,http://data.ordnancesurvey.co.uk/id/7000000000029638,http://data.ordnancesurvey.co.uk/ontology/admingeo/UnitaryAuthority,Scotland,http://data.ordnancesurvey.co.uk/id/7000000000041429,Scotland,http://data.ordnancesurvey.co.uk/id/country/scotland,,,
KW36BG,http://data.ordnancesurvey.co.uk/id/postcodeunit/KW36BG,KW3 6BG,,,,other,Postcode,324885.000,935332.000,3500,18000,,,,,,,Lybster,http://data.ordnancesurvey.co.uk/id/4000000074572406,http://www.ordnancesurvey.co.uk/xml/codelists/localtype.xml#village,,,,Highland,http://data.ordnancesurvey.co.uk/id/7000000000029638,http://data.ordnancesurvey.co.uk/ontology/admingeo/UnitaryAuthority,Scotland,http://data.ordnancesurvey.co.uk/id/7000000000041429,Scotland,http://data.ordnancesurvey.co.uk/id/country/scotland,,,
KW36AH,http://data.ordnancesurvey.co.uk/id/postcodeunit/KW36AH,KW3 6AH,,,,other,Postcode,324695.000,935268.000,3500,18000,,,,,,,Lybster,http://data.ordnancesurvey.co.uk/id/4000000074572406,http://www.ordnancesurvey.co.uk/xml/codelists/localtype.xml#village,,,,Highland,http://data.ordnancesurvey.co.uk/id/7000000000029638,http://data.ordnancesurvey.co.uk/ontology/admingeo/UnitaryAuthority,Scotland,http://data.ordnancesurvey.co.uk/id/7000000000041429,Scotland,http://data.ordnancesurvey.co.uk/id/country/scotland,,,
KW36BH,http://data.ordnancesurvey.co.uk/id/postcodeunit/KW36BH,KW3 6BH,,,,other,Postcode,324710.000,935997.000,3500,18000,,,,,,,Lybster,http://data.ordnancesurvey.co.uk/id/4000000074572406,http://www.ordnancesurvey.co.uk/xml/codelists/localtype.xml#village,,,,Highland,http://data.ordnancesurvey.co.uk/id/7000000000029638,http://data.ordnancesurvey.co.uk/ontology/admingeo/UnitaryAuthority,Scotland,http://data.ordnancesurvey.co.uk/id/7000000000041429,Scotland,http://data.ordnancesurvey.co.uk/id/country/scotland,,,
KW36AX,http://data.ordnancesurvey.co.uk/id/postcodeunit/KW36AX,KW3 6AX,,,,other,Postcode,327143.000,935904.000,3500,18000,,,,,,,Clyth,http://data.ordnancesurvey.co.uk/id/4000000074335687,http://www.ordnancesurvey.co.uk/xml/codelists/localtype.xml#hamlet,,,,Highland,http://data.ordnancesurvey.co.uk/id/7000000000029638,http://data.ordnancesurvey.co.uk/ontology/admingeo/UnitaryAuthority,Scotland,http://data.ordnancesurvey.co.uk/id/7000000000041429,Scotland,http://data.ordnancesurvey.co.uk/id/country/scotland,,,
KW36BB,http://data.ordnancesurvey.co.uk/id/postcodeunit/KW36BB,KW3 6BB,,,,other,Postcode,326856.000,937878.000,3500,18000,,,,,,,,,,,,,Highland,http://data.ordnancesurvey.co.uk/id/7000000000029638,http://data.ordnancesurvey.co.uk/ontology/admingeo/UnitaryAuthority,Scotland,http://data.ordnancesurvey.co.uk/id/7000000000041429,Scotland,http://data.ordnancesurvey.co.uk/id/country/scotland,,,
KW36AQ,http://data.ordnancesurvey.co.uk/id/postcodeunit/KW36AQ,KW3 6AQ,,,,other,Postcode,324832.000,935336.000,3500,18000,,,,,,,Lybster,http://data.ordnancesurvey.co.uk/id/4000000074572406,http://www.ordnancesurvey.co.uk/xml/codelists/localtype.xml#village,,,,Highland,http://data.ordnancesurvey.co.uk/id/7000000000029638,http://data.ordnancesurvey.co.uk/ontology/admingeo/UnitaryAuthority,Scotland,http://data.ordnancesurvey.co.uk/id/7000000000041429,Scotland,http://data.ordnancesurvey.co.uk/id/country/scotland,,,
KW36AT,http://data.ordnancesurvey.co.uk/id/postcodeunit/KW36AT,KW3 6AT,,,,other,Postcode,325043.000,937369.000,3500,18000,,,,,,,Upper Lybster,http://data.ordnancesurvey.co.uk/id/4000000074571027,http://www.ordnancesurvey.co.uk/xml/codelists/localtype.xml#otherSettlement,,,,Highland,http://data.ordnancesurvey.co.uk/id/7000000000029638,http://data.ordnancesurvey.co.uk/ontology/admingeo/UnitaryAuthority,Scotland,http://data.ordnancesurvey.co.uk/id/7000000000041429,Scotland,http://data.ordnancesurvey.co.uk/id/country/scotland,,,
KW36BW,http://data.ordnancesurvey.co.uk/id/postcodeunit/KW36BW,KW3 6BW,,,,other,Postcode,324770.000,936276.000,3500,18000,,,,,,,Lybster,http://data.ordnancesurvey.co.uk/id/4000000074572406,http://www.ordnancesurvey.co.uk/xml/codelists/localtype.xml#village,,,,Highland,http://data.ordnancesurvey.co.uk/id/7000000000029638,http://data.ordnancesurvey.co.uk/ontology/admingeo/UnitaryAuthority,Scotland,http://data.ordnancesurvey.co.uk/id/7000000000041429,Scotland,http://data.ordnancesurvey.co.uk/id/country/scotland,,,
KW36AW,http://data.ordnancesurvey.co.uk/id/postcodeunit/KW36AW,KW3 6AW,,,,other,Postcode,324943.000,935164.000,3500,18000,,,,,,,Lybster,http://data.ordnancesurvey.co.uk/id/4000000074572406,http://www.ordnancesurvey.co.uk/xml/codelists/localtype.xml#village,,,,Highland,http://data.ordnancesurvey.co.uk/id/7000000000029638,http://data.ordnancesurvey.co.uk/ontology/admingeo/UnitaryAuthority,Scotland,http://data.ordnancesurvey.co.uk/id/7000000000041429,Scotland,http://data.ordnancesurvey.co.uk/id/country/scotland,,,
KW36BL,http://data.ordnancesurvey.co.uk/id/postcodeunit/KW36BL,KW3 6BL,,,,other,Postcode,324753.000,936044.000,3500,18000,,,,,,,Lybster,http://data.ordnancesurvey.co.uk/id/4000000074572406,http://www.ordnancesurvey.co.uk/xml/codelists/localtype.xml#village,,,,Highland,http://data.ordnancesurvey.co.uk/id/7000000000029638,http://data.ordnancesurvey.co.uk/ontology/admingeo/UnitaryAuthority,Scotland,http://data.ordnancesurvey.co.uk/id/7000000000041429,Scotland,http://data.ordnancesurvey.co.uk/id/country/scotland,,,
KW36BY,http://data.ordnancesurvey.co.uk/id/postcodeunit/KW36BY,KW3 6BY,,,,other,Postcode,322811.000,936850.000,3500,18000,,,,,,,Achow,http://data.ordnancesurvey.co.uk/id/4000000074573758,http://www.ordnancesurvey.co.uk/xml/codelists/localtype.xml#otherSettlement,,,,Highland,http://data.ordnancesurvey.co.uk/id/7000000000029638,http://data.ordnancesurvey.co.uk/ontology/admingeo/UnitaryAuthority,Scotland,http://data.ordnancesurvey.co.uk/id/7000000000041429,Scotland,http://data.ordnancesurvey.co.uk/id/country/scotland,,,
KW36BN,http://data.ordnancesurvey.co.uk/id/postcodeunit/KW36BN,KW3 6BN,,,,other,Postcode,324774.000,936188.000,3500,18000,,,,,,,Lybster,http://data.ordnancesurvey.co.uk/id/4000000074572406,http://www.ordnancesurvey.co.uk/xml/codelists/localtype.xml#village,,,,Highland,http://data.ordnancesurvey.co.uk/id/7000000000029638,http://data.ordnancesurvey.co.uk/ontology/admingeo/UnitaryAuthority,Scotland,http://data.ordnancesurvey.co.uk/id/7000000000041429,Scotland,http://data.ordnancesurvey.co.uk/id/country/scotland,,,
KW36AG,http://data.ordnancesurvey.co.uk/id/postcodeunit/KW36AG,KW3 6AG,,,,other,Postcode,324743.000,935476.000,3500,18000,,,,,,,Lybster,http://data.ordnancesurvey.co.uk/id/4000000074572406,http://www.ordnancesurvey.co.uk/xml/codelists/localtype.xml#village,,,,Highland,http://data.ordnancesurvey.co.uk/id/7000000000029638,http://data.ordnancesurvey.co.uk/ontology/admingeo/UnitaryAuthority,Scotland,http://data.ordnancesurvey.co.uk/id/7000000000041429,Scotland,http://data.ordnancesurvey.co.uk/id/country/scotland,,,
KW36BA,http://data.ordnancesurvey.co.uk/id/postcodeunit/KW36BA,KW3 6BA,,,,other,Postcode,329309.000,937884.000,3500,18000,,,,,,,Mid Clyth,http://data.ordnancesurvey.co.uk/id/4000000074571023,http://www.ordnancesurvey.co.uk/xml/codelists/localtype.xml#otherSettlement,,,,Highland,http://data.ordnancesurvey.co.uk/id/7000000000029638,http://data.ordnancesurvey.co.uk/ontology/admingeo/UnitaryAuthority,Scotland,http://data.ordnancesurvey.co.uk/id/7000000000041429,Scotland,http://data.ordnancesurvey.co.uk/id/country/scotland,,,
KW36AL,http://data.ordnancesurvey.co.uk/id/postcodeunit/KW36AL,KW3 6AL,,,,other,Postcode,324809.000,935108.000,3500,18000,,,,,,,Lybster,http://data.ordnancesurvey.co.uk/id/4000000074572406,http://www.ordnancesurvey.co.uk/xml/codelists/localtype.xml#village,,,,Highland,http://data.ordnancesurvey.co.uk/id/7000000000029638,http://data.ordnancesurvey.co.uk/ontology/admingeo/UnitaryAuthority,Scotland,http://data.ordnancesurvey.co.uk/id/7000000000041429,Scotland,http://data.ordnancesurvey.co.uk/id/country/scotland,,,
KW36BP,http://data.ordnancesurvey.co.uk/id/postcodeunit/KW36BP,KW3 6BP,,,,other,Postcode,324885.000,936317.000,3500,18000,,,,,,,Lybster,http://data.ordnancesurvey.co.uk/id/4000000074572406,http://www.ordnancesurvey.co.uk/xml/codelists/localtype.xml#village,,,,Highland,http://data.ordnancesurvey.co.uk/id/7000000000029638,http://data.ordnancesurvey.co.uk/ontology/admingeo/UnitaryAuthority,Scotland,http://data.ordnancesurvey.co.uk/id/7000000000041429,Scotland,http://data.ordnancesurvey.co.uk/id/country/scotland,,,
KW36AU,http://data.ordnancesurvey.co.uk/id/postcodeunit/KW36AU,KW3 6AU,,,,other,Postcode,326412.000,937383.000,3500,18000,,,,,,,,,,,,,Highland,http://data.ordnancesurvey.co.uk/id/7000000000029638,http://data.ordnancesurvey.co.uk/ontology/admingeo/UnitaryAuthority,Scotland,http://data.ordnancesurvey.co.uk/id/7000000000041429,Scotland,http://data.ordnancesurvey.co.uk/id/country/scotland,,,
KW36BX,http://data.ordnancesurvey.co.uk/id/postcodeunit/KW36BX,KW3 6BX,,,,other,Postcode,322478.000,934894.000,3500,18000,,,,,,,Forse,http://data.ordnancesurvey.co.uk/id/4000000074572403,http://www.ordnancesurvey.co.uk/xml/codelists/localtype.xml#otherSettlement,,,,Highland,http://data.ordnancesurvey.co.uk/id/7000000000029638,http://data.ordnancesurvey.co.uk/ontology/admingeo/UnitaryAuthority,Scotland,http://data.ordnancesurvey.co.uk/id/7000000000041429,Scotland,http://data.ordnancesurvey.co.uk/id/country/scotland,,,
KW36DA,http://data.ordnancesurvey.co.uk/id/postcodeunit/KW36DA,KW3 6DA,,,,other,Postcode,324006.000,937265.000,3500,18000,,,,,,,Smerlie,http://data.ordnancesurvey.co.uk/id/4000000074542067,http://www.ordnancesurvey.co.uk/xml/codelists/localtype.xml#otherSettlement,,,,Highland,http://data.ordnancesurvey.co.uk/id/7000000000029638,http://data.ordnancesurvey.co.uk/ontology/admingeo/UnitaryAuthority,Scotland,http://data.ordnancesurvey.co.uk/id/7000000000041429,Scotland,http://data.ordnancesurvey.co.uk/id/country/scotland,,,
KW36AF,http://data.ordnancesurvey.co.uk/id/postcodeunit/KW36AF,KW3 6AF,,,,other,Postcode,324704.000,935502.000,3500,18000,,,,,,,Lybster,http://data.ordnancesurvey.co.uk/id/4000000074572406,http://www.ordnancesurvey.co.uk/xml/codelists/localtype.xml#village,,,,Highland,http://data.ordnancesurvey.co.uk/id/7000000000029638,http://data.ordnancesurvey.co.uk/ontology/admingeo/UnitaryAuthority,Scotland,http://data.ordnancesurvey.co.uk/id/7000000000041429,Scotland,http://data.ordnancesurvey.co.uk/id/country/scotland,,,
KW36BQ,http://data.ordnancesurvey.co.uk/id/postcodeunit/KW36BQ,KW3 6BQ,,,,other,Postcode,324736.000,935534.000,3500,18000,,,,,,,Lybster,http://data.ordnancesurvey.co.uk/id/4000000074572406,http://www.ordnancesurvey.co.uk/xml/codelists/localtype.xml#village,,,,Highland,http://data.ordnancesurvey.co.uk/id/7000000000029638,http://data.ordnancesurvey.co.uk/ontology/admingeo/UnitaryAuthority,Scotland,http://data.ordnancesurvey.co.uk/id/7000000000041429,Scotland,http://data.ordnancesurvey.co.uk/id/country/scotland,,,
KW36AE,http://data.ordnancesurvey.co.uk/id/postcodeunit/KW36AE,KW3 6AE,,,,other,Postcode,324779.000,935535.000,3500,18000,,,,,,,Lybster,http://data.ordnancesurvey.co.uk/id/4000000074572406,http://www.ordnancesurvey.co.uk/xml/codelists/localtype.xml#village,,,,Highland,http://data.ordnancesurvey.co.uk/id/7000000000029638,http://data.ordnancesurvey.co.uk/ontology/admingeo/UnitaryAuthority,Scotland,http://data.ordnancesurvey.co.uk/id/7000000000041429,Scotland,http://data.ordnancesurvey.co.uk/id/country/scotland,,,
osgb4000000003379627,http://data.ordnancesurvey.co.uk/id/4000000003379627,Union Road,,,,transportNetwork,Named Road,324654.935,935451.288,1000,20000,324654.935,935426.356,324656.446,935456.000,KW3,http://data.ordnancesurvey.co.uk/id/postcodedistrict/KW3,Lybster,http://data.ordnancesurvey.co.uk/id/4000000074572406,http://www.ordnancesurvey.co.uk/xml/codelists/localtype.xml#village,,,,Highland,http://data.ordnancesurvey.co.uk/id/7000000000029638,http://data.ordnancesurvey.co.uk/ontology/admingeo/UnitaryAuthority,Scotland,http://data.ordnancesurvey.co.uk/id/7000000000041429,Scotland,http://data.ordnancesurvey.co.uk/id/country/scotland,,,
osgb4000000003379392,http://data.ordnancesurvey.co.uk/id/4000000003379392,Russell Street,,,,transportNetwork,Named Road,324720.967,935461.865,1000,20000,324656.000,935456.000,324800.145,935472.745,KW3,http://data.ordnancesurvey.co.uk/id/postcodedistrict/KW3,Lybster,http://data.ordnancesurvey.co.uk/id/4000000074572406,http://www.ordnancesurvey.co.uk/xml/codelists/localtype.xml#village,,,,Highland,http://data.ordnancesurvey.co.uk/id/7000000000029638,http://data.ordnancesurvey.co.uk/ontology/admingeo/UnitaryAuthority,Scotland,http://data.ordnancesurvey.co.uk/id/7000000000041429,Scotland,http://data.ordnancesurvey.co.uk/id/country/scotland,,,
osgb4000000003379390,http://data.ordnancesurvey.co.uk/id/4000000003379390,Harbour Road,,,,transportNetwork,Named Road,324777.000,935249.000,1000,20000,324666.268,935235.967,324823.000,935256.000,KW3,http://data.ordnancesurvey.co.uk/id/postcodedistrict/KW3,Lybster,http://data.ordnancesurvey.co.uk/id/4000000074572406,http://www.ordnancesurvey.co.uk/xml/codelists/localtype.xml#village,,,,Highland,http://data.ordnancesurvey.co.uk/id/7000000000029638,http://data.ordnancesurvey.co.uk/ontology/admingeo/UnitaryAuthority,Scotland,http://data.ordnancesurvey.co.uk/id/7000000000041429,Scotland,http://data.ordnancesurvey.co.uk/id/country/scotland,,,
osgb4000000003379315,http://data.ordnancesurvey.co.uk/id/4000000003379315,Grey's Place,,,,transportNetwork,Named Road,324790.625,935559.931,1000,20000,324787.150,935472.745,324800.145,935644.397,KW3,http://data.ordnancesurvey.co.uk/id/postcodedistrict/KW3,Lybster,http://data.ordnancesurvey.co.uk/id/4000000074572406,http://www.ordnancesurvey.co.uk/xml/codelists/localtype.xml#village,,,,Highland,http://data.ordnancesurvey.co.uk/id/7000000000029638,http://data.ordnancesurvey.co.uk/ontology/admingeo/UnitaryAuthority,Scotland,http://data.ordnancesurvey.co.uk/id/7000000000041429,Scotland,http://data.ordnancesurvey.co.uk/id/country/scotland,,,
osgb4000000003379313,http://data.ordnancesurvey.co.uk/id/4000000003379313,Main Street,,,,transportNetwork,Named Road,324820.000,935282.000,3000,20000,324800.145,935080.000,324846.000,935472.745,KW3,http://data.ordnancesurvey.co.uk/id/postcodedistrict/KW3,Lybster,http://data.ordnancesurvey.co.uk/id/4000000074572406,http://www.ordnancesurvey.co.uk/xml/codelists/localtype.xml#village,,,,Highland,http://data.ordnancesurvey.co.uk/id/7000000000029638,http://data.ordnancesurvey.co.uk/ontology/admingeo/UnitaryAuthority,Scotland,http://data.ordnancesurvey.co.uk/id/7000000000041429,Scotland,http://data.ordnancesurvey.co.uk/id/country/scotland,,,
osgb4000000003379521,http://data.ordnancesurvey.co.uk/id/4000000003379521,Althorpe Street,,,,transportNetwork,Named Road,324752.094,935555.398,1000,20000,324714.318,935532.884,324790.625,935559.931,KW3,http://data.ordnancesurvey.co.uk/id/postcodedistrict/KW3,Lybster,http://data.ordnancesurvey.co.uk/id/4000000074572406,http://www.ordnancesurvey.co.uk/xml/codelists/localtype.xml#village,,,,Highland,http://data.ordnancesurvey.co.uk/id/7000000000029638,http://data.ordnancesurvey.co.uk/ontology/admingeo/UnitaryAuthority,Scotland,http://data.ordnancesurvey.co.uk/id/7000000000041429,Scotland,http://data.ordnancesurvey.co.uk/id/country/scotland,,,
osgb4000000003379391,http://data.ordnancesurvey.co.uk/id/4000000003379391,Shelligoe Road,,,,transportNetwork,Named Road,324934.354,935087.284,1000,20000,324924.081,935087.284,324934.354,935184.003,KW3,http://data.ordnancesurvey.co.uk/id/postcodedistrict/KW3,Lybster,http://data.ordnancesurvey.co.uk/id/4000000074572406,http://www.ordnancesurvey.co.uk/xml/codelists/localtype.xml#village,,,,Highland,http://data.ordnancesurvey.co.uk/id/7000000000029638,http://data.ordnancesurvey.co.uk/ontology/admingeo/UnitaryAuthority,Scotland,http://data.ordnancesurvey.co.uk/id/7000000000041429,Scotland,http://data.ordnancesurvey.co.uk/id/country/scotland,,,
792e55c9-4f28-4d1e-9d49-e2ed154d4fc6,http://data.ordnancesurvey.co.uk/id/792e55c9-4f28-4d1e-9d49-e2ed154d4fc6,Norland Road,,,,transportNetwork,Section Of Named Road,324743.028,936569.749,4000,25000,324741.668,936242.310,324781.957,936854.579,KW3,http://data.ordnancesurvey.co.uk/id/postcodedistrict/KW3,Lybster,http://data.ordnancesurvey.co.uk/id/4000000074572406,http://www.ordnancesurvey.co.uk/xml/codelists/localtype.xml#village,,,,Highland,http://data.ordnancesurvey.co.uk/id/7000000000029638,http://data.ordnancesurvey.co.uk/ontology/admingeo/UnitaryAuthority,Scotland,http://data.ordnancesurvey.co.uk/id/7000000000041429,Scotland,http://data.ordnancesurvey.co.uk/id/country/scotland,osgb4000000003379275,,
osgb4000000003384037,http://data.ordnancesurvey.co.uk/id/4000000003384037,Young Crescent,,,,transportNetwork,Named Road,324757.310,935949.614,1000,20000,324691.492,935943.116,324772.126,936037.262,KW3,http://data.ordnancesurvey.co.uk/id/postcodedistrict/KW3,Lybster,http://data.ordnancesurvey.co.uk/id/4000000074572406,http://www.ordnancesurvey.co.uk/xml/codelists/localtype.xml#village,,,,Highland,http://data.ordnancesurvey.co.uk/id/7000000000029638,http://data.ordnancesurvey.co.uk/ontology/admingeo/UnitaryAuthority,Scotland,http://data.ordnancesurvey.co.uk/id/7000000000041429,Scotland,http://data.ordnancesurvey.co.uk/id/country/scotland,,,
osgb4000000003381043,http://data.ordnancesurvey.co.uk/id/4000000003381043,Quatre Bras,,,,transportNetwork,Named Road,325050.000,936354.000,4000,20000,324759.800,936242.310,325347.810,936457.235,KW3,http://data.ordnancesurvey.co.uk/id/postcodedistrict/KW3,Lybster,http://data.ordnancesurvey.co.uk/id/4000000074572406,http://www.ordnancesurvey.co.uk/xml/codelists/localtype.xml#village,,,,Highland,http://data.ordnancesurvey.co.uk/id/7000000000029638,http://data.ordnancesurvey.co.uk/ontology/admingeo/UnitaryAuthority,Scotland,http://data.ordnancesurvey.co.uk/id/7000000000041429,Scotland,http://data.ordnancesurvey.co.uk/id/country/scotland,,,
25e228b1-24ca-40bb-b866-0683d463a7a2,http://data.ordnancesurvey.co.uk/id/25e228b1-24ca-40bb-b866-0683d463a7a2,Shore Road,,,,transportNetwork,Section Of Named Road,324488.269,935182.930,3000,25000,324332.633,934898.550,324666.268,935307.137,KW3,http://data.ordnancesurvey.co.uk/id/postcodedistrict/KW3,Lybster,http://data.ordnancesurvey.co.uk/id/4000000074572406,http://www.ordnancesurvey.co.uk/xml/codelists/localtype.xml#village,,,,Highland,http://data.ordnancesurvey.co.uk/id/7000000000029638,http://data.ordnancesurvey.co.uk/ontology/admingeo/UnitaryAuthority,Scotland,http://data.ordnancesurvey.co.uk/id/7000000000041429,Scotland,http://data.ordnancesurvey.co.uk/id/country/scotland,osgb4000000003379312,,
osgb4000000003379275,http://data.ordnancesurvey.co.uk/id/4000000003379275,Norland Road,,,,transportNetwork,Named Road,324741.668,936598.005,5000,20000,324741.668,936242.310,324793.043,936971.833,KW3,http://data.ordnancesurvey.co.uk/id/postcodedistrict/KW3,Lybster,http://data.ordnancesurvey.co.uk/id/4000000074572406,http://www.ordnancesurvey.co.uk/xml/codelists/localtype.xml#village,,,,Highland,http://data.ordnancesurvey.co.uk/id/7000000000029638,http://data.ordnancesurvey.co.uk/ontology/admingeo/UnitaryAuthority,Scotland,http://data.ordnancesurvey.co.uk/id/7000000000041429,Scotland,http://data.ordnancesurvey.co.uk/id/country/scotland,,,
osgb4000000003379312,http://data.ordnancesurvey.co.uk/id/4000000003379312,Shore Road,,,,transportNetwork,Named Road,324443.996,935165.705,3000,20000,324332.633,934859.600,324666.268,935307.137,KW3,http://data.ordnancesurvey.co.uk/id/postcodedistrict/KW3,Lybster,http://data.ordnancesurvey.co.uk/id/4000000074572406,http://www.ordnancesurvey.co.uk/xml/codelists/localtype.xml#village,,,,Highland,http://data.ordnancesurvey.co.uk/id/7000000000029638,http://data.ordnancesurvey.co.uk/ontology/admingeo/UnitaryAuthority,Scotland,http://data.ordnancesurvey.co.uk/id/7000000000041429,Scotland,http://data.ordnancesurvey.co.uk/id/country/scotland,,,
osgb4000000003379626,http://data.ordnancesurvey.co.uk/id/4000000003379626,Golf View Drive,,,,transportNetwork,Named Road,324892.166,935350.201,1000,20000,324892.166,935295.351,324902.894,935350.201,KW3,http://data.ordnancesurvey.co.uk/id/postcodedistrict/KW3,Lybster,http://data.ordnancesurvey.co.uk/id/4000000074572406,http://www.ordnancesurvey.co.uk/xml/codelists/localtype.xml#village,,,,Highland,http://data.ordnancesurvey.co.uk/id/7000000000029638,http://data.ordnancesurvey.co.uk/ontology/admingeo/UnitaryAuthority,Scotland,http://data.ordnancesurvey.co.uk/id/7000000000041429,Scotland,http://data.ordnancesurvey.co.uk/id/country/scotland,,,
osgb4000000003379522,http://data.ordnancesurvey.co.uk/id/4000000003379522,Golf View Place,,,,transportNetwork,Named Road,324915.000,935297.000,1000,20000,324915.000,935245.223,324918.633,935297.000,KW3,http://data.ordnancesurvey.co.uk/id/postcodedistrict/KW3,Lybster,http://data.ordnancesurvey.co.uk/id/4000000074572406,http://www.ordnancesurvey.co.uk/xml/codelists/localtype.xml#village,,,,Highland,http://data.ordnancesurvey.co.uk/id/7000000000029638,http://data.ordnancesurvey.co.uk/ontology/admingeo/UnitaryAuthority,Scotland,http://data.ordnancesurvey.co.uk/id/7000000000041429,Scotland,http://data.ordnancesurvey.co.uk/id/country/scotland,,,
osgb4000000003379523,http://data.ordnancesurvey.co.uk/id/4000000003379523,Jeffrey Street,,,,transportNetwork,Named Road,324715.981,935513.391,1000,20000,324714.318,935461.865,324720.967,935532.884,KW3,http://data.ordnancesurvey.co.uk/id/postcodedistrict/KW3,Lybster,http://data.ordnancesurvey.co.uk/id/4000000074572406,http://www.ordnancesurvey.co.uk/xml/codelists/localtype.xml#village,,,,Highland,http://data.ordnancesurvey.co.uk/id/7000000000029638,http://data.ordnancesurvey.co.uk/ontology/admingeo/UnitaryAuthority,Scotland,http://data.ordnancesurvey.co.uk/id/7000000000041429,Scotland,http://data.ordnancesurvey.co.uk/id/country/scotland,,,
osgb4000000003379314,http://data.ordnancesurvey.co.uk/id/4000000003379314,Village Road,,,,transportNetwork,Named Road,324772.493,935945.394,4000,20000,324759.800,935644.397,324787.150,936242.310,KW3,http://data.ordnancesurvey.co.uk/id/postcodedistrict/KW3,Lybster,http://data.ordnancesurvey.co.uk/id/4000000074572406,http://www.ordnancesurvey.co.uk/xml/codelists/localtype.xml#village,,,,Highland,http://data.ordnancesurvey.co.uk/id/7000000000029638,http://data.ordnancesurvey.co.uk/ontology/admingeo/UnitaryAuthority,Scotland,http://data.ordnancesurvey.co.uk/id/7000000000041429,Scotland,http://data.ordnancesurvey.co.uk/id/country/scotland,,,
osgb5000005129591488,http://data.ordnancesurvey.co.uk/id/5000005129591488,South Head View,,,,transportNetwork,Named Road,324666.268,935235.967,1000,20000,324666.268,935156.175,324677.175,935235.967,KW3,http://data.ordnancesurvey.co.uk/id/postcodedistrict/KW3,Lybster,http://data.ordnancesurvey.co.uk/id/4000000074572406,http://www.ordnancesurvey.co.uk/xml/codelists/localtype.xml#village,,,,Highland,http://data.ordnancesurvey.co.uk/id/7000000000029638,http://data.ordnancesurvey.co.uk/ontology/admingeo/UnitaryAuthority,Scotland,http://data.ordnancesurvey.co.uk/id/7000000000041429,Scotland,http://data.ordnancesurvey.co.uk/id/country/scotland,,,
osgb4000000003379520,http://data.ordnancesurvey.co.uk/id/4000000003379520,Southend,,,,transportNetwork,Named Road,324931.000,935087.000,1000,20000,324846.000,935078.000,324966.009,935090.868,KW3,http://data.ordnancesurvey.co.uk/id/postcodedistrict/KW3,Lybster,http://data.ordnancesurvey.co.uk/id/4000000074572406,http://www.ordnancesurvey.co.uk/xml/codelists/localtype.xml#village,,,,Highland,http://data.ordnancesurvey.co.uk/id/7000000000029638,http://data.ordnancesurvey.co.uk/ontology/admingeo/UnitaryAuthority,Scotland,http://data.ordnancesurvey.co.uk/id/7000000000041429,Scotland,http://data.ordnancesurvey.co.uk/id/country/scotland,,,
KW36AR,http://data.ordnancesurvey.co.uk/id/postcodeunit/KW36AR,KW3 6AR,,,,other,Postcode,325009.000,935361.000,3500,18000,,,,,,,Lybster,http://data.ordnancesurvey.co.uk/id/4000000074572406,http://www.ordnancesurvey.co.uk/xml/codelists/localtype.xml#village,,,,Highland,http://data.ordnancesurvey.co.uk/id/7000000000029638,http://data.ordnancesurvey.co.uk/ontology/admingeo/UnitaryAuthority,Scotland,http://data.ordnancesurvey.co.uk/id/7000000000041429,Scotland,http://data.ordnancesurvey.co.uk/id/country/scotland,,,
osgb4000000003379628,http://data.ordnancesurvey.co.uk/id/4000000003379628,Althorpe Court,,,,transportNetwork,Named Road,324735.000,935516.000,1000,20000,324715.981,935513.391,324749.009,935517.868,KW3,http://data.ordnancesurvey.co.uk/id/postcodedistrict/KW3,Lybster,http://data.ordnancesurvey.co.uk/id/4000000074572406,http://www.ordnancesurvey.co.uk/xml/codelists/localtype.xml#village,,,,Highland,http://data.ordnancesurvey.co.uk/id/7000000000029638,http://data.ordnancesurvey.co.uk/ontology/admingeo/UnitaryAuthority,Scotland,http://data.ordnancesurvey.co.uk/id/7000000000041429,Scotland,http://data.ordnancesurvey.co.uk/id/country/scotland,,,
