﻿osgb4000000074542133,http://data.ordnancesurvey.co.uk/id/4000000074542133,Sandwick,,,,populatedPlace,Other Settlement,343852.540,989838.080,15000,25000,343365.920,987864.316,344700.944,990251.523,KW17,http://data.ordnancesurvey.co.uk/id/postcodedistrict/KW17,,,,,,,Orkney Islands,http://data.ordnancesurvey.co.uk/id/7000000000029961,http://data.ordnancesurvey.co.uk/ontology/admingeo/UnitaryAuthority,Scotland,http://data.ordnancesurvey.co.uk/id/7000000000041429,Scotland,http://data.ordnancesurvey.co.uk/id/country/scotland,,,
osgb4000000074568929,http://data.ordnancesurvey.co.uk/id/4000000074568929,Grimness,,,,populatedPlace,Other Settlement,347443.150,993691.800,15000,25000,347250.193,992760.045,347969.072,994062.062,KW17,http://data.ordnancesurvey.co.uk/id/postcodedistrict/KW17,,,,,,,Orkney Islands,http://data.ordnancesurvey.co.uk/id/7000000000029961,http://data.ordnancesurvey.co.uk/ontology/admingeo/UnitaryAuthority,Scotland,http://data.ordnancesurvey.co.uk/id/7000000000041429,Scotland,http://data.ordnancesurvey.co.uk/id/country/scotland,,,
osgb4000000074335395,http://data.ordnancesurvey.co.uk/id/4000000074335395,Cornquoy,,,,populatedPlace,Hamlet,352085.400,999991.260,5000,25000,351709.485,999283.777,352347.925,1000238.924,KW17,http://data.ordnancesurvey.co.uk/id/postcodedistrict/KW17,,,,,,,Orkney Islands,http://data.ordnancesurvey.co.uk/id/7000000000029961,http://data.ordnancesurvey.co.uk/ontology/admingeo/UnitaryAuthority,Scotland,http://data.ordnancesurvey.co.uk/id/7000000000041429,Scotland,http://data.ordnancesurvey.co.uk/id/country/scotland,,,
osgb4000000074542123,http://data.ordnancesurvey.co.uk/id/4000000074542123,Widewall,,,,populatedPlace,Other Settlement,343622.000,991227.000,15000,25000,342676.716,990395.491,344892.007,991600.417,KW17,http://data.ordnancesurvey.co.uk/id/postcodedistrict/KW17,,,,,,,Orkney Islands,http://data.ordnancesurvey.co.uk/id/7000000000029961,http://data.ordnancesurvey.co.uk/ontology/admingeo/UnitaryAuthority,Scotland,http://data.ordnancesurvey.co.uk/id/7000000000041429,Scotland,http://data.ordnancesurvey.co.uk/id/country/scotland,,,
osgb4000000074568926,http://data.ordnancesurvey.co.uk/id/4000000074568926,Liddel,,,,populatedPlace,Other Settlement,345641.450,983931.620,15000,25000,345561.094,983351.678,346361.302,984012.898,KW17,http://data.ordnancesurvey.co.uk/id/postcodedistrict/KW17,,,,,,,Orkney Islands,http://data.ordnancesurvey.co.uk/id/7000000000029961,http://data.ordnancesurvey.co.uk/ontology/admingeo/UnitaryAuthority,Scotland,http://data.ordnancesurvey.co.uk/id/7000000000041429,Scotland,http://data.ordnancesurvey.co.uk/id/country/scotland,,,
osgb4000000074542124,http://data.ordnancesurvey.co.uk/id/4000000074542124,Quindry,,,,populatedPlace,Hamlet,343139.400,992518.490,5000,25000,342700.676,992246.120,343434.626,992746.120,KW17,http://data.ordnancesurvey.co.uk/id/postcodedistrict/KW17,,,,,,,Orkney Islands,http://data.ordnancesurvey.co.uk/id/7000000000029961,http://data.ordnancesurvey.co.uk/ontology/admingeo/UnitaryAuthority,Scotland,http://data.ordnancesurvey.co.uk/id/7000000000041429,Scotland,http://data.ordnancesurvey.co.uk/id/country/scotland,,,
osgb4000000074569279,http://data.ordnancesurvey.co.uk/id/4000000074569279,Hoxa,,,,populatedPlace,Other Settlement,342173.630,993742.380,15000,25000,340945.508,992852.828,343690.009,994370.714,KW17,http://data.ordnancesurvey.co.uk/id/postcodedistrict/KW17,,,,,,,Orkney Islands,http://data.ordnancesurvey.co.uk/id/7000000000029961,http://data.ordnancesurvey.co.uk/ontology/admingeo/UnitaryAuthority,Scotland,http://data.ordnancesurvey.co.uk/id/7000000000041429,Scotland,http://data.ordnancesurvey.co.uk/id/country/scotland,,,
osgb4000000074569277,http://data.ordnancesurvey.co.uk/id/4000000074569277,Northtown,,,,populatedPlace,Other Settlement,347941.500,997879.800,15000,25000,347435.493,996836.258,348760.565,998616.688,KW17,http://data.ordnancesurvey.co.uk/id/postcodedistrict/KW17,,,,,,,Orkney Islands,http://data.ordnancesurvey.co.uk/id/7000000000029961,http://data.ordnancesurvey.co.uk/ontology/admingeo/UnitaryAuthority,Scotland,http://data.ordnancesurvey.co.uk/id/7000000000041429,Scotland,http://data.ordnancesurvey.co.uk/id/country/scotland,,,
osgb4000000074568932,http://data.ordnancesurvey.co.uk/id/4000000074568932,Herston,,,,populatedPlace,Other Settlement,342091.960,991617.320,15000,25000,341642.909,990678.560,342401.858,992106.522,KW17,http://data.ordnancesurvey.co.uk/id/postcodedistrict/KW17,,,,,,,Orkney Islands,http://data.ordnancesurvey.co.uk/id/7000000000029961,http://data.ordnancesurvey.co.uk/ontology/admingeo/UnitaryAuthority,Scotland,http://data.ordnancesurvey.co.uk/id/7000000000041429,Scotland,http://data.ordnancesurvey.co.uk/id/country/scotland,,,
osgb4000000074569276,http://data.ordnancesurvey.co.uk/id/4000000074569276,Westhill,,,,populatedPlace,Other Settlement,346294.750,995549.100,15000,25000,345862.714,995323.861,346641.914,995947.222,KW17,http://data.ordnancesurvey.co.uk/id/postcodedistrict/KW17,,,,,,,Orkney Islands,http://data.ordnancesurvey.co.uk/id/7000000000029961,http://data.ordnancesurvey.co.uk/ontology/admingeo/UnitaryAuthority,Scotland,http://data.ordnancesurvey.co.uk/id/7000000000041429,Scotland,http://data.ordnancesurvey.co.uk/id/country/scotland,,,
osgb4000000074568930,http://data.ordnancesurvey.co.uk/id/4000000074568930,Aikers,,,,populatedPlace,Other Settlement,345702.800,991048.340,15000,25000,345128.756,990397.551,346171.954,991650.822,KW17,http://data.ordnancesurvey.co.uk/id/postcodedistrict/KW17,,,,,,,Orkney Islands,http://data.ordnancesurvey.co.uk/id/7000000000029961,http://data.ordnancesurvey.co.uk/ontology/admingeo/UnitaryAuthority,Scotland,http://data.ordnancesurvey.co.uk/id/7000000000041429,Scotland,http://data.ordnancesurvey.co.uk/id/country/scotland,,,
osgb4000000074568931,http://data.ordnancesurvey.co.uk/id/4000000074568931,St Margaret's Hope,,,,populatedPlace,Village,344593.250,993399.250,8000,250000,343851.876,992785.177,345088.544,993951.464,KW17,http://data.ordnancesurvey.co.uk/id/postcodedistrict/KW17,,,,,,,Orkney Islands,http://data.ordnancesurvey.co.uk/id/7000000000029961,http://data.ordnancesurvey.co.uk/ontology/admingeo/UnitaryAuthority,Scotland,http://data.ordnancesurvey.co.uk/id/7000000000041429,Scotland,http://data.ordnancesurvey.co.uk/id/country/scotland,,http://dbpedia.org/resource/St_Margaret's_Hope,
osgb4000000074542055,http://data.ordnancesurvey.co.uk/id/4000000074542055,Southtown,,,,populatedPlace,Other Settlement,348642.460,995935.340,15000,25000,348095.601,995573.999,349839.497,996278.328,KW17,http://data.ordnancesurvey.co.uk/id/postcodedistrict/KW17,,,,,,,Orkney Islands,http://data.ordnancesurvey.co.uk/id/7000000000029961,http://data.ordnancesurvey.co.uk/ontology/admingeo/UnitaryAuthority,Scotland,http://data.ordnancesurvey.co.uk/id/7000000000041429,Scotland,http://data.ordnancesurvey.co.uk/id/country/scotland,,,
osgb4000000074568927,http://data.ordnancesurvey.co.uk/id/4000000074568927,Cleat,,,,populatedPlace,Hamlet,345929.390,984496.480,5000,25000,345430.385,984255.552,346139.204,984755.552,KW17,http://data.ordnancesurvey.co.uk/id/postcodedistrict/KW17,,,,,,,Orkney Islands,http://data.ordnancesurvey.co.uk/id/7000000000029961,http://data.ordnancesurvey.co.uk/ontology/admingeo/UnitaryAuthority,Scotland,http://data.ordnancesurvey.co.uk/id/7000000000041429,Scotland,http://data.ordnancesurvey.co.uk/id/country/scotland,,,
osgb4000000074569282,http://data.ordnancesurvey.co.uk/id/4000000074569282,Burray Village,,,,populatedPlace,Village,347327.810,995795.250,8000,250000,346722.353,995394.241,347938.903,996022.621,KW17,http://data.ordnancesurvey.co.uk/id/postcodedistrict/KW17,,,,,,,Orkney Islands,http://data.ordnancesurvey.co.uk/id/7000000000029961,http://data.ordnancesurvey.co.uk/ontology/admingeo/UnitaryAuthority,Scotland,http://data.ordnancesurvey.co.uk/id/7000000000041429,Scotland,http://data.ordnancesurvey.co.uk/id/country/scotland,,,
osgb4000000074569278,http://data.ordnancesurvey.co.uk/id/4000000074569278,Hillside,,,,populatedPlace,Other Settlement,346347.120,996897.920,15000,25000,345857.685,996454.957,347018.944,997259.287,KW17,http://data.ordnancesurvey.co.uk/id/postcodedistrict/KW17,,,,,,,Orkney Islands,http://data.ordnancesurvey.co.uk/id/7000000000029961,http://data.ordnancesurvey.co.uk/ontology/admingeo/UnitaryAuthority,Scotland,http://data.ordnancesurvey.co.uk/id/7000000000041429,Scotland,http://data.ordnancesurvey.co.uk/id/country/scotland,,,
osgb4000000074568928,http://data.ordnancesurvey.co.uk/id/4000000074568928,Eastside,,,,populatedPlace,Other Settlement,346351.980,991709.690,15000,25000,346290.015,991317.268,347089.324,992302.576,KW17,http://data.ordnancesurvey.co.uk/id/postcodedistrict/KW17,,,,,,,Orkney Islands,http://data.ordnancesurvey.co.uk/id/7000000000029961,http://data.ordnancesurvey.co.uk/ontology/admingeo/UnitaryAuthority,Scotland,http://data.ordnancesurvey.co.uk/id/7000000000041429,Scotland,http://data.ordnancesurvey.co.uk/id/country/scotland,,,
KW172TT,http://data.ordnancesurvey.co.uk/id/postcodeunit/KW172TT,KW17 2TT,,,,other,Postcode,347024.000,995750.000,3500,18000,,,,,,,Burray Village,http://data.ordnancesurvey.co.uk/id/4000000074569282,http://www.ordnancesurvey.co.uk/xml/codelists/localtype.xml#village,,,,Orkney Islands,http://data.ordnancesurvey.co.uk/id/7000000000029961,http://data.ordnancesurvey.co.uk/ontology/admingeo/UnitaryAuthority,Scotland,http://data.ordnancesurvey.co.uk/id/7000000000041429,Scotland,http://data.ordnancesurvey.co.uk/id/country/scotland,,,
KW172TB,http://data.ordnancesurvey.co.uk/id/postcodeunit/KW172TB,KW17 2TB,,,,other,Postcode,347598.000,995912.000,3500,18000,,,,,,,Burray Village,http://data.ordnancesurvey.co.uk/id/4000000074569282,http://www.ordnancesurvey.co.uk/xml/codelists/localtype.xml#village,,,,Orkney Islands,http://data.ordnancesurvey.co.uk/id/7000000000029961,http://data.ordnancesurvey.co.uk/ontology/admingeo/UnitaryAuthority,Scotland,http://data.ordnancesurvey.co.uk/id/7000000000041429,Scotland,http://data.ordnancesurvey.co.uk/id/country/scotland,,,
KW172SY,http://data.ordnancesurvey.co.uk/id/postcodeunit/KW172SY,KW17 2SY,,,,other,Postcode,347882.000,997768.000,3500,18000,,,,,,,Northtown,http://data.ordnancesurvey.co.uk/id/4000000074569277,http://www.ordnancesurvey.co.uk/xml/codelists/localtype.xml#otherSettlement,,,,Orkney Islands,http://data.ordnancesurvey.co.uk/id/7000000000029961,http://data.ordnancesurvey.co.uk/ontology/admingeo/UnitaryAuthority,Scotland,http://data.ordnancesurvey.co.uk/id/7000000000041429,Scotland,http://data.ordnancesurvey.co.uk/id/country/scotland,,,
KW172ST,http://data.ordnancesurvey.co.uk/id/postcodeunit/KW172ST,KW17 2ST,,,,other,Postcode,346300.000,995594.000,3500,18000,,,,,,,Westhill,http://data.ordnancesurvey.co.uk/id/4000000074569276,http://www.ordnancesurvey.co.uk/xml/codelists/localtype.xml#otherSettlement,,,,Orkney Islands,http://data.ordnancesurvey.co.uk/id/7000000000029961,http://data.ordnancesurvey.co.uk/ontology/admingeo/UnitaryAuthority,Scotland,http://data.ordnancesurvey.co.uk/id/7000000000041429,Scotland,http://data.ordnancesurvey.co.uk/id/country/scotland,,,
KW172SU,http://data.ordnancesurvey.co.uk/id/postcodeunit/KW172SU,KW17 2SU,,,,other,Postcode,346976.000,996171.000,3500,18000,,,,,,,,,,,,,Orkney Islands,http://data.ordnancesurvey.co.uk/id/7000000000029961,http://data.ordnancesurvey.co.uk/ontology/admingeo/UnitaryAuthority,Scotland,http://data.ordnancesurvey.co.uk/id/7000000000041429,Scotland,http://data.ordnancesurvey.co.uk/id/country/scotland,,,
KW172TL,http://data.ordnancesurvey.co.uk/id/postcodeunit/KW172TL,KW17 2TL,,,,other,Postcode,343915.000,993731.000,3500,18000,,,,,,,St Margaret's Hope,http://data.ordnancesurvey.co.uk/id/4000000074568931,http://www.ordnancesurvey.co.uk/xml/codelists/localtype.xml#village,,,,Orkney Islands,http://data.ordnancesurvey.co.uk/id/7000000000029961,http://data.ordnancesurvey.co.uk/ontology/admingeo/UnitaryAuthority,Scotland,http://data.ordnancesurvey.co.uk/id/7000000000041429,Scotland,http://data.ordnancesurvey.co.uk/id/country/scotland,,,
KW172TQ,http://data.ordnancesurvey.co.uk/id/postcodeunit/KW172TQ,KW17 2TQ,,,,other,Postcode,346158.000,994174.000,3500,18000,,,,,,,,,,,,,Orkney Islands,http://data.ordnancesurvey.co.uk/id/7000000000029961,http://data.ordnancesurvey.co.uk/ontology/admingeo/UnitaryAuthority,Scotland,http://data.ordnancesurvey.co.uk/id/7000000000041429,Scotland,http://data.ordnancesurvey.co.uk/id/country/scotland,,,
KW172RJ,http://data.ordnancesurvey.co.uk/id/postcodeunit/KW172RJ,KW17 2RJ,,,,other,Postcode,343702.000,989739.000,3500,18000,,,,,,,Sandwick,http://data.ordnancesurvey.co.uk/id/4000000074542133,http://www.ordnancesurvey.co.uk/xml/codelists/localtype.xml#otherSettlement,,,,Orkney Islands,http://data.ordnancesurvey.co.uk/id/7000000000029961,http://data.ordnancesurvey.co.uk/ontology/admingeo/UnitaryAuthority,Scotland,http://data.ordnancesurvey.co.uk/id/7000000000041429,Scotland,http://data.ordnancesurvey.co.uk/id/country/scotland,,,
KW172SZ,http://data.ordnancesurvey.co.uk/id/postcodeunit/KW172SZ,KW17 2SZ,,,,other,Postcode,348007.000,996821.000,3500,18000,,,,,,,,,,,,,Orkney Islands,http://data.ordnancesurvey.co.uk/id/7000000000029961,http://data.ordnancesurvey.co.uk/ontology/admingeo/UnitaryAuthority,Scotland,http://data.ordnancesurvey.co.uk/id/7000000000041429,Scotland,http://data.ordnancesurvey.co.uk/id/country/scotland,,,
KW172SS,http://data.ordnancesurvey.co.uk/id/postcodeunit/KW172SS,KW17 2SS,,,,other,Postcode,347323.000,995698.000,3500,18000,,,,,,,Burray Village,http://data.ordnancesurvey.co.uk/id/4000000074569282,http://www.ordnancesurvey.co.uk/xml/codelists/localtype.xml#village,,,,Orkney Islands,http://data.ordnancesurvey.co.uk/id/7000000000029961,http://data.ordnancesurvey.co.uk/ontology/admingeo/UnitaryAuthority,Scotland,http://data.ordnancesurvey.co.uk/id/7000000000041429,Scotland,http://data.ordnancesurvey.co.uk/id/country/scotland,,,
KW172TS,http://data.ordnancesurvey.co.uk/id/postcodeunit/KW172TS,KW17 2TS,,,,other,Postcode,344516.000,993538.000,3500,18000,,,,,,,St Margaret's Hope,http://data.ordnancesurvey.co.uk/id/4000000074568931,http://www.ordnancesurvey.co.uk/xml/codelists/localtype.xml#village,,,,Orkney Islands,http://data.ordnancesurvey.co.uk/id/7000000000029961,http://data.ordnancesurvey.co.uk/ontology/admingeo/UnitaryAuthority,Scotland,http://data.ordnancesurvey.co.uk/id/7000000000041429,Scotland,http://data.ordnancesurvey.co.uk/id/country/scotland,,,
KW172TR,http://data.ordnancesurvey.co.uk/id/postcodeunit/KW172TR,KW17 2TR,,,,other,Postcode,344843.000,993412.000,3500,18000,,,,,,,St Margaret's Hope,http://data.ordnancesurvey.co.uk/id/4000000074568931,http://www.ordnancesurvey.co.uk/xml/codelists/localtype.xml#village,,,,Orkney Islands,http://data.ordnancesurvey.co.uk/id/7000000000029961,http://data.ordnancesurvey.co.uk/ontology/admingeo/UnitaryAuthority,Scotland,http://data.ordnancesurvey.co.uk/id/7000000000041429,Scotland,http://data.ordnancesurvey.co.uk/id/country/scotland,,,
KW172SJ,http://data.ordnancesurvey.co.uk/id/postcodeunit/KW172SJ,KW17 2SJ,,,,other,Postcode,344867.000,993586.000,3500,18000,,,,,,,St Margaret's Hope,http://data.ordnancesurvey.co.uk/id/4000000074568931,http://www.ordnancesurvey.co.uk/xml/codelists/localtype.xml#village,,,,Orkney Islands,http://data.ordnancesurvey.co.uk/id/7000000000029961,http://data.ordnancesurvey.co.uk/ontology/admingeo/UnitaryAuthority,Scotland,http://data.ordnancesurvey.co.uk/id/7000000000041429,Scotland,http://data.ordnancesurvey.co.uk/id/country/scotland,,,
KW172TG,http://data.ordnancesurvey.co.uk/id/postcodeunit/KW172TG,KW17 2TG,,,,other,Postcode,344419.000,992498.000,3500,18000,,,,,,,,,,,,,Orkney Islands,http://data.ordnancesurvey.co.uk/id/7000000000029961,http://data.ordnancesurvey.co.uk/ontology/admingeo/UnitaryAuthority,Scotland,http://data.ordnancesurvey.co.uk/id/7000000000041429,Scotland,http://data.ordnancesurvey.co.uk/id/country/scotland,,,
KW172SP,http://data.ordnancesurvey.co.uk/id/postcodeunit/KW172SP,KW17 2SP,,,,other,Postcode,344725.000,993501.000,3500,18000,,,,,,,St Margaret's Hope,http://data.ordnancesurvey.co.uk/id/4000000074568931,http://www.ordnancesurvey.co.uk/xml/codelists/localtype.xml#village,,,,Orkney Islands,http://data.ordnancesurvey.co.uk/id/7000000000029961,http://data.ordnancesurvey.co.uk/ontology/admingeo/UnitaryAuthority,Scotland,http://data.ordnancesurvey.co.uk/id/7000000000041429,Scotland,http://data.ordnancesurvey.co.uk/id/country/scotland,,,
KW172SH,http://data.ordnancesurvey.co.uk/id/postcodeunit/KW172SH,KW17 2SH,,,,other,Postcode,344942.000,993625.000,3500,18000,,,,,,,St Margaret's Hope,http://data.ordnancesurvey.co.uk/id/4000000074568931,http://www.ordnancesurvey.co.uk/xml/codelists/localtype.xml#village,,,,Orkney Islands,http://data.ordnancesurvey.co.uk/id/7000000000029961,http://data.ordnancesurvey.co.uk/ontology/admingeo/UnitaryAuthority,Scotland,http://data.ordnancesurvey.co.uk/id/7000000000041429,Scotland,http://data.ordnancesurvey.co.uk/id/country/scotland,,,
KW172QY,http://data.ordnancesurvey.co.uk/id/postcodeunit/KW172QY,KW17 2QY,,,,other,Postcode,344791.000,993242.000,3500,18000,,,,,,,,,,,,,Orkney Islands,http://data.ordnancesurvey.co.uk/id/7000000000029961,http://data.ordnancesurvey.co.uk/ontology/admingeo/UnitaryAuthority,Scotland,http://data.ordnancesurvey.co.uk/id/7000000000041429,Scotland,http://data.ordnancesurvey.co.uk/id/country/scotland,,,
KW172RN,http://data.ordnancesurvey.co.uk/id/postcodeunit/KW172RN,KW17 2RN,,,,other,Postcode,344527.000,986506.000,3500,18000,,,,,,,,,,,,,Orkney Islands,http://data.ordnancesurvey.co.uk/id/7000000000029961,http://data.ordnancesurvey.co.uk/ontology/admingeo/UnitaryAuthority,Scotland,http://data.ordnancesurvey.co.uk/id/7000000000041429,Scotland,http://data.ordnancesurvey.co.uk/id/country/scotland,,,
KW172TJ,http://data.ordnancesurvey.co.uk/id/postcodeunit/KW172TJ,KW17 2TJ,,,,other,Postcode,346162.000,992211.000,3500,18000,,,,,,,,,,,,,Orkney Islands,http://data.ordnancesurvey.co.uk/id/7000000000029961,http://data.ordnancesurvey.co.uk/ontology/admingeo/UnitaryAuthority,Scotland,http://data.ordnancesurvey.co.uk/id/7000000000041429,Scotland,http://data.ordnancesurvey.co.uk/id/country/scotland,,,
KW172SR,http://data.ordnancesurvey.co.uk/id/postcodeunit/KW172SR,KW17 2SR,,,,other,Postcode,344896.000,993413.000,3500,18000,,,,,,,St Margaret's Hope,http://data.ordnancesurvey.co.uk/id/4000000074568931,http://www.ordnancesurvey.co.uk/xml/codelists/localtype.xml#village,,,,Orkney Islands,http://data.ordnancesurvey.co.uk/id/7000000000029961,http://data.ordnancesurvey.co.uk/ontology/admingeo/UnitaryAuthority,Scotland,http://data.ordnancesurvey.co.uk/id/7000000000041429,Scotland,http://data.ordnancesurvey.co.uk/id/country/scotland,,,
KW172TP,http://data.ordnancesurvey.co.uk/id/postcodeunit/KW172TP,KW17 2TP,,,,other,Postcode,344541.000,993498.000,3500,18000,,,,,,,St Margaret's Hope,http://data.ordnancesurvey.co.uk/id/4000000074568931,http://www.ordnancesurvey.co.uk/xml/codelists/localtype.xml#village,,,,Orkney Islands,http://data.ordnancesurvey.co.uk/id/7000000000029961,http://data.ordnancesurvey.co.uk/ontology/admingeo/UnitaryAuthority,Scotland,http://data.ordnancesurvey.co.uk/id/7000000000041429,Scotland,http://data.ordnancesurvey.co.uk/id/country/scotland,,,
KW172AL,http://data.ordnancesurvey.co.uk/id/postcodeunit/KW172AL,KW17 2AL,,,,other,Postcode,344851.000,993332.000,3500,18000,,,,,,,,,,,,,Orkney Islands,http://data.ordnancesurvey.co.uk/id/7000000000029961,http://data.ordnancesurvey.co.uk/ontology/admingeo/UnitaryAuthority,Scotland,http://data.ordnancesurvey.co.uk/id/7000000000041429,Scotland,http://data.ordnancesurvey.co.uk/id/country/scotland,,,
KW172TW,http://data.ordnancesurvey.co.uk/id/postcodeunit/KW172TW,KW17 2TW,,,,other,Postcode,342774.000,993051.000,3500,18000,,,,,,,Hoxa,http://data.ordnancesurvey.co.uk/id/4000000074569279,http://www.ordnancesurvey.co.uk/xml/codelists/localtype.xml#otherSettlement,,,,Orkney Islands,http://data.ordnancesurvey.co.uk/id/7000000000029961,http://data.ordnancesurvey.co.uk/ontology/admingeo/UnitaryAuthority,Scotland,http://data.ordnancesurvey.co.uk/id/7000000000041429,Scotland,http://data.ordnancesurvey.co.uk/id/country/scotland,,,
KW172SL,http://data.ordnancesurvey.co.uk/id/postcodeunit/KW172SL,KW17 2SL,,,,other,Postcode,344719.000,993567.000,3500,18000,,,,,,,St Margaret's Hope,http://data.ordnancesurvey.co.uk/id/4000000074568931,http://www.ordnancesurvey.co.uk/xml/codelists/localtype.xml#village,,,,Orkney Islands,http://data.ordnancesurvey.co.uk/id/7000000000029961,http://data.ordnancesurvey.co.uk/ontology/admingeo/UnitaryAuthority,Scotland,http://data.ordnancesurvey.co.uk/id/7000000000041429,Scotland,http://data.ordnancesurvey.co.uk/id/country/scotland,,,
KW172RL,http://data.ordnancesurvey.co.uk/id/postcodeunit/KW172RL,KW17 2RL,,,,other,Postcode,345722.000,989344.000,3500,18000,,,,,,,,,,,,,Orkney Islands,http://data.ordnancesurvey.co.uk/id/7000000000029961,http://data.ordnancesurvey.co.uk/ontology/admingeo/UnitaryAuthority,Scotland,http://data.ordnancesurvey.co.uk/id/7000000000041429,Scotland,http://data.ordnancesurvey.co.uk/id/country/scotland,,,
KW172TD,http://data.ordnancesurvey.co.uk/id/postcodeunit/KW172TD,KW17 2TD,,,,other,Postcode,344924.000,993571.000,3500,18000,,,,,,,St Margaret's Hope,http://data.ordnancesurvey.co.uk/id/4000000074568931,http://www.ordnancesurvey.co.uk/xml/codelists/localtype.xml#village,,,,Orkney Islands,http://data.ordnancesurvey.co.uk/id/7000000000029961,http://data.ordnancesurvey.co.uk/ontology/admingeo/UnitaryAuthority,Scotland,http://data.ordnancesurvey.co.uk/id/7000000000041429,Scotland,http://data.ordnancesurvey.co.uk/id/country/scotland,,,
KW172RH,http://data.ordnancesurvey.co.uk/id/postcodeunit/KW172RH,KW17 2RH,,,,other,Postcode,342329.000,991442.000,3500,18000,,,,,,,Herston,http://data.ordnancesurvey.co.uk/id/4000000074568932,http://www.ordnancesurvey.co.uk/xml/codelists/localtype.xml#otherSettlement,,,,Orkney Islands,http://data.ordnancesurvey.co.uk/id/7000000000029961,http://data.ordnancesurvey.co.uk/ontology/admingeo/UnitaryAuthority,Scotland,http://data.ordnancesurvey.co.uk/id/7000000000041429,Scotland,http://data.ordnancesurvey.co.uk/id/country/scotland,,,
KW172SX,http://data.ordnancesurvey.co.uk/id/postcodeunit/KW172SX,KW17 2SX,,,,other,Postcode,346451.000,996781.000,3500,18000,,,,,,,Hillside,http://data.ordnancesurvey.co.uk/id/4000000074569278,http://www.ordnancesurvey.co.uk/xml/codelists/localtype.xml#otherSettlement,,,,Orkney Islands,http://data.ordnancesurvey.co.uk/id/7000000000029961,http://data.ordnancesurvey.co.uk/ontology/admingeo/UnitaryAuthority,Scotland,http://data.ordnancesurvey.co.uk/id/7000000000041429,Scotland,http://data.ordnancesurvey.co.uk/id/country/scotland,,,
KW172RW,http://data.ordnancesurvey.co.uk/id/postcodeunit/KW172RW,KW17 2RW,,,,other,Postcode,345537.000,984447.000,3500,18000,,,,,,,Cleat,http://data.ordnancesurvey.co.uk/id/4000000074568927,http://www.ordnancesurvey.co.uk/xml/codelists/localtype.xml#hamlet,,,,Orkney Islands,http://data.ordnancesurvey.co.uk/id/7000000000029961,http://data.ordnancesurvey.co.uk/ontology/admingeo/UnitaryAuthority,Scotland,http://data.ordnancesurvey.co.uk/id/7000000000041429,Scotland,http://data.ordnancesurvey.co.uk/id/country/scotland,,,
KW172UD,http://data.ordnancesurvey.co.uk/id/postcodeunit/KW172UD,KW17 2UD,,,,other,Postcode,344675.000,993429.000,3500,18000,,,,,,,St Margaret's Hope,http://data.ordnancesurvey.co.uk/id/4000000074568931,http://www.ordnancesurvey.co.uk/xml/codelists/localtype.xml#village,,,,Orkney Islands,http://data.ordnancesurvey.co.uk/id/7000000000029961,http://data.ordnancesurvey.co.uk/ontology/admingeo/UnitaryAuthority,Scotland,http://data.ordnancesurvey.co.uk/id/7000000000041429,Scotland,http://data.ordnancesurvey.co.uk/id/country/scotland,,,
KW172SN,http://data.ordnancesurvey.co.uk/id/postcodeunit/KW172SN,KW17 2SN,,,,other,Postcode,344606.000,993476.000,3500,18000,,,,,,,St Margaret's Hope,http://data.ordnancesurvey.co.uk/id/4000000074568931,http://www.ordnancesurvey.co.uk/xml/codelists/localtype.xml#village,,,,Orkney Islands,http://data.ordnancesurvey.co.uk/id/7000000000029961,http://data.ordnancesurvey.co.uk/ontology/admingeo/UnitaryAuthority,Scotland,http://data.ordnancesurvey.co.uk/id/7000000000041429,Scotland,http://data.ordnancesurvey.co.uk/id/country/scotland,,,
KW172TE,http://data.ordnancesurvey.co.uk/id/postcodeunit/KW172TE,KW17 2TE,,,,other,Postcode,347008.000,995617.000,3500,18000,,,,,,,Burray Village,http://data.ordnancesurvey.co.uk/id/4000000074569282,http://www.ordnancesurvey.co.uk/xml/codelists/localtype.xml#village,,,,Orkney Islands,http://data.ordnancesurvey.co.uk/id/7000000000029961,http://data.ordnancesurvey.co.uk/ontology/admingeo/UnitaryAuthority,Scotland,http://data.ordnancesurvey.co.uk/id/7000000000041429,Scotland,http://data.ordnancesurvey.co.uk/id/country/scotland,,,
osgb5000005132778844,http://data.ordnancesurvey.co.uk/id/5000005132778844,MacDonald Park,,,,transportNetwork,Named Road,344839.266,993337.622,1000,20000,344826.630,993277.399,344892.246,993386.921,KW17,http://data.ordnancesurvey.co.uk/id/postcodedistrict/KW17,St Margaret's Hope,http://data.ordnancesurvey.co.uk/id/4000000074568931,http://www.ordnancesurvey.co.uk/xml/codelists/localtype.xml#village,,,,Orkney Islands,http://data.ordnancesurvey.co.uk/id/7000000000029961,http://data.ordnancesurvey.co.uk/ontology/admingeo/UnitaryAuthority,Scotland,http://data.ordnancesurvey.co.uk/id/7000000000041429,Scotland,http://data.ordnancesurvey.co.uk/id/country/scotland,,,
osgb4000000003379687,http://data.ordnancesurvey.co.uk/id/4000000003379687,Cromarty Square,,,,transportNetwork,Named Road,344595.633,993527.401,1000,20000,344591.155,993505.389,344607.375,993558.688,KW17,http://data.ordnancesurvey.co.uk/id/postcodedistrict/KW17,St Margaret's Hope,http://data.ordnancesurvey.co.uk/id/4000000074568931,http://www.ordnancesurvey.co.uk/xml/codelists/localtype.xml#village,,,,Orkney Islands,http://data.ordnancesurvey.co.uk/id/7000000000029961,http://data.ordnancesurvey.co.uk/ontology/admingeo/UnitaryAuthority,Scotland,http://data.ordnancesurvey.co.uk/id/7000000000041429,Scotland,http://data.ordnancesurvey.co.uk/id/country/scotland,,,
osgb5000005109083819,http://data.ordnancesurvey.co.uk/id/5000005109083819,Braeburn Court,,,,transportNetwork,Named Road,344821.152,993280.636,1000,20000,344800.176,993251.099,344832.105,993299.748,KW17,http://data.ordnancesurvey.co.uk/id/postcodedistrict/KW17,,,,,,,Orkney Islands,http://data.ordnancesurvey.co.uk/id/7000000000029961,http://data.ordnancesurvey.co.uk/ontology/admingeo/UnitaryAuthority,Scotland,http://data.ordnancesurvey.co.uk/id/7000000000041429,Scotland,http://data.ordnancesurvey.co.uk/id/country/scotland,,,
osgb4000000003379307,http://data.ordnancesurvey.co.uk/id/4000000003379307,Pier Road,,,,transportNetwork,Named Road,344553.615,993908.054,4000,20000,344502.711,993558.688,344607.375,994246.469,KW17,http://data.ordnancesurvey.co.uk/id/postcodedistrict/KW17,St Margaret's Hope,http://data.ordnancesurvey.co.uk/id/4000000074568931,http://www.ordnancesurvey.co.uk/xml/codelists/localtype.xml#village,,,,Orkney Islands,http://data.ordnancesurvey.co.uk/id/7000000000029961,http://data.ordnancesurvey.co.uk/ontology/admingeo/UnitaryAuthority,Scotland,http://data.ordnancesurvey.co.uk/id/7000000000041429,Scotland,http://data.ordnancesurvey.co.uk/id/country/scotland,,,
osgb4000000003379625,http://data.ordnancesurvey.co.uk/id/4000000003379625,Marengo Road,,,,transportNetwork,Named Road,344910.829,993585.414,1000,20000,344861.000,993525.000,344953.774,993591.000,KW17,http://data.ordnancesurvey.co.uk/id/postcodedistrict/KW17,St Margaret's Hope,http://data.ordnancesurvey.co.uk/id/4000000074568931,http://www.ordnancesurvey.co.uk/xml/codelists/localtype.xml#village,,,,Orkney Islands,http://data.ordnancesurvey.co.uk/id/7000000000029961,http://data.ordnancesurvey.co.uk/ontology/admingeo/UnitaryAuthority,Scotland,http://data.ordnancesurvey.co.uk/id/7000000000041429,Scotland,http://data.ordnancesurvey.co.uk/id/country/scotland,,,
osgb5000005109083821,http://data.ordnancesurvey.co.uk/id/5000005109083821,Taftingus Place,,,,transportNetwork,Named Road,344671.367,993404.279,1000,20000,344609.432,993372.468,344705.429,993425.557,KW17,http://data.ordnancesurvey.co.uk/id/postcodedistrict/KW17,St Margaret's Hope,http://data.ordnancesurvey.co.uk/id/4000000074568931,http://www.ordnancesurvey.co.uk/xml/codelists/localtype.xml#village,,,,Orkney Islands,http://data.ordnancesurvey.co.uk/id/7000000000029961,http://data.ordnancesurvey.co.uk/ontology/admingeo/UnitaryAuthority,Scotland,http://data.ordnancesurvey.co.uk/id/7000000000041429,Scotland,http://data.ordnancesurvey.co.uk/id/country/scotland,,,
osgb4000000003379689,http://data.ordnancesurvey.co.uk/id/4000000003379689,Sunfield,,,,transportNetwork,Named Road,347012.799,995648.236,1000,20000,347005.764,995640.000,347026.000,995669.459,KW17,http://data.ordnancesurvey.co.uk/id/postcodedistrict/KW17,Burray Village,http://data.ordnancesurvey.co.uk/id/4000000074569282,http://www.ordnancesurvey.co.uk/xml/codelists/localtype.xml#village,,,,Orkney Islands,http://data.ordnancesurvey.co.uk/id/7000000000029961,http://data.ordnancesurvey.co.uk/ontology/admingeo/UnitaryAuthority,Scotland,http://data.ordnancesurvey.co.uk/id/7000000000041429,Scotland,http://data.ordnancesurvey.co.uk/id/country/scotland,,,
osgb4000000003381657,http://data.ordnancesurvey.co.uk/id/4000000003381657,Churchill Barrier N0 2,,,,transportNetwork,Named Road,348070.000,999787.028,3000,20000,347852.000,999504.000,348248.159,1000025.327,KW17,http://data.ordnancesurvey.co.uk/id/postcodedistrict/KW17,,,,,,,Orkney Islands,http://data.ordnancesurvey.co.uk/id/7000000000029961,http://data.ordnancesurvey.co.uk/ontology/admingeo/UnitaryAuthority,Scotland,http://data.ordnancesurvey.co.uk/id/7000000000041429,Scotland,http://data.ordnancesurvey.co.uk/id/country/scotland,,,
osgb5000005122495719,http://data.ordnancesurvey.co.uk/id/5000005122495719,Lairds Road,,,,transportNetwork,Named Road,347052.080,995784.453,1000,20000,347043.434,995762.397,347071.797,995798.365,KW17,http://data.ordnancesurvey.co.uk/id/postcodedistrict/KW17,Burray Village,http://data.ordnancesurvey.co.uk/id/4000000074569282,http://www.ordnancesurvey.co.uk/xml/codelists/localtype.xml#village,,,,Orkney Islands,http://data.ordnancesurvey.co.uk/id/7000000000029961,http://data.ordnancesurvey.co.uk/ontology/admingeo/UnitaryAuthority,Scotland,http://data.ordnancesurvey.co.uk/id/7000000000041429,Scotland,http://data.ordnancesurvey.co.uk/id/country/scotland,,,
osgb4000000003379381,http://data.ordnancesurvey.co.uk/id/4000000003379381,Front Road,,,,transportNetwork,Named Road,344741.088,993556.775,2000,20000,344618.536,993554.234,344873.412,993593.913,KW17,http://data.ordnancesurvey.co.uk/id/postcodedistrict/KW17,St Margaret's Hope,http://data.ordnancesurvey.co.uk/id/4000000074568931,http://www.ordnancesurvey.co.uk/xml/codelists/localtype.xml#village,,,,Orkney Islands,http://data.ordnancesurvey.co.uk/id/7000000000029961,http://data.ordnancesurvey.co.uk/ontology/admingeo/UnitaryAuthority,Scotland,http://data.ordnancesurvey.co.uk/id/7000000000041429,Scotland,http://data.ordnancesurvey.co.uk/id/country/scotland,,,
osgb4000000003379889,http://data.ordnancesurvey.co.uk/id/4000000003379889,A961,,,,transportNetwork,Numbered Road,347215.258,996686.269,171000,1000000,343764.000,983985.058,348498.593,1010246.115,KW17,http://data.ordnancesurvey.co.uk/id/postcodedistrict/KW17,,,,,,,Orkney Islands,http://data.ordnancesurvey.co.uk/id/7000000000029961,http://data.ordnancesurvey.co.uk/ontology/admingeo/UnitaryAuthority,Scotland,http://data.ordnancesurvey.co.uk/id/7000000000041429,Scotland,http://data.ordnancesurvey.co.uk/id/country/scotland,,,
osgb4000000003379379,http://data.ordnancesurvey.co.uk/id/4000000003379379,Church Road,,,,transportNetwork,Named Road,344926.250,993375.000,2000,20000,344861.000,993240.250,344951.250,993525.000,KW17,http://data.ordnancesurvey.co.uk/id/postcodedistrict/KW17,St Margaret's Hope,http://data.ordnancesurvey.co.uk/id/4000000074568931,http://www.ordnancesurvey.co.uk/xml/codelists/localtype.xml#village,,,,Orkney Islands,http://data.ordnancesurvey.co.uk/id/7000000000029961,http://data.ordnancesurvey.co.uk/ontology/admingeo/UnitaryAuthority,Scotland,http://data.ordnancesurvey.co.uk/id/7000000000041429,Scotland,http://data.ordnancesurvey.co.uk/id/country/scotland,,,
osgb4000000003379725,http://data.ordnancesurvey.co.uk/id/4000000003379725,B9041,,,,transportNetwork,Numbered Road,345263.343,984382.893,12000,250000,344334.000,984249.962,346112.000,984529.400,KW17,http://data.ordnancesurvey.co.uk/id/postcodedistrict/KW17,,,,,,,Orkney Islands,http://data.ordnancesurvey.co.uk/id/7000000000029961,http://data.ordnancesurvey.co.uk/ontology/admingeo/UnitaryAuthority,Scotland,http://data.ordnancesurvey.co.uk/id/7000000000041429,Scotland,http://data.ordnancesurvey.co.uk/id/country/scotland,,,
osgb4000000003379722,http://data.ordnancesurvey.co.uk/id/4000000003379722,B9043,,,,transportNetwork,Numbered Road,343750.000,992961.000,18000,250000,342173.636,992507.982,344976.000,993742.382,KW17,http://data.ordnancesurvey.co.uk/id/postcodedistrict/KW17,,,,,,,Orkney Islands,http://data.ordnancesurvey.co.uk/id/7000000000029961,http://data.ordnancesurvey.co.uk/ontology/admingeo/UnitaryAuthority,Scotland,http://data.ordnancesurvey.co.uk/id/7000000000041429,Scotland,http://data.ordnancesurvey.co.uk/id/country/scotland,,,
osgb4000000003379688,http://data.ordnancesurvey.co.uk/id/4000000003379688,Wards Park,,,,transportNetwork,Named Road,344568.933,993520.857,1000,20000,344541.135,993504.015,344582.553,993532.030,KW17,http://data.ordnancesurvey.co.uk/id/postcodedistrict/KW17,St Margaret's Hope,http://data.ordnancesurvey.co.uk/id/4000000074568931,http://www.ordnancesurvey.co.uk/xml/codelists/localtype.xml#village,,,,Orkney Islands,http://data.ordnancesurvey.co.uk/id/7000000000029961,http://data.ordnancesurvey.co.uk/ontology/admingeo/UnitaryAuthority,Scotland,http://data.ordnancesurvey.co.uk/id/7000000000041429,Scotland,http://data.ordnancesurvey.co.uk/id/country/scotland,,,
8cce3add-d969-4be8-a0b9-39ebe5f9937d,http://data.ordnancesurvey.co.uk/id/8cce3add-d969-4be8-a0b9-39ebe5f9937d,Taftingus Place,,,,transportNetwork,Section Of Named Road,344664.147,993412.892,1000,25000,344609.432,993398.482,344696.784,993425.557,KW17,http://data.ordnancesurvey.co.uk/id/postcodedistrict/KW17,St Margaret's Hope,http://data.ordnancesurvey.co.uk/id/4000000074568931,http://www.ordnancesurvey.co.uk/xml/codelists/localtype.xml#village,,,,Orkney Islands,http://data.ordnancesurvey.co.uk/id/7000000000029961,http://data.ordnancesurvey.co.uk/ontology/admingeo/UnitaryAuthority,Scotland,http://data.ordnancesurvey.co.uk/id/7000000000041429,Scotland,http://data.ordnancesurvey.co.uk/id/country/scotland,osgb5000005109083821,,
osgb4000000003380369,http://data.ordnancesurvey.co.uk/id/4000000003380369,B9042,,,,transportNetwork,Numbered Road,343366.280,991181.508,17000,250000,342031.443,990642.615,344652.017,991937.835,KW17,http://data.ordnancesurvey.co.uk/id/postcodedistrict/KW17,Widewall,http://data.ordnancesurvey.co.uk/id/4000000074542123,http://www.ordnancesurvey.co.uk/xml/codelists/localtype.xml#otherSettlement,,,,Orkney Islands,http://data.ordnancesurvey.co.uk/id/7000000000029961,http://data.ordnancesurvey.co.uk/ontology/admingeo/UnitaryAuthority,Scotland,http://data.ordnancesurvey.co.uk/id/7000000000041429,Scotland,http://data.ordnancesurvey.co.uk/id/country/scotland,,,
osgb4000000003379726,http://data.ordnancesurvey.co.uk/id/4000000003379726,B9044,,,,transportNetwork,Numbered Road,347433.000,993714.000,13000,250000,347052.002,992811.000,347810.000,994736.858,KW17,http://data.ordnancesurvey.co.uk/id/postcodedistrict/KW17,Grimness,http://data.ordnancesurvey.co.uk/id/4000000074568929,http://www.ordnancesurvey.co.uk/xml/codelists/localtype.xml#otherSettlement,,,,Orkney Islands,http://data.ordnancesurvey.co.uk/id/7000000000029961,http://data.ordnancesurvey.co.uk/ontology/admingeo/UnitaryAuthority,Scotland,http://data.ordnancesurvey.co.uk/id/7000000000041429,Scotland,http://data.ordnancesurvey.co.uk/id/country/scotland,,,
osgb5000005122495717,http://data.ordnancesurvey.co.uk/id/5000005122495717,Upper Waston Road,,,,transportNetwork,Named Road,347020.308,995762.772,1000,20000,346991.450,995751.715,347043.434,995765.200,KW17,http://data.ordnancesurvey.co.uk/id/postcodedistrict/KW17,Burray Village,http://data.ordnancesurvey.co.uk/id/4000000074569282,http://www.ordnancesurvey.co.uk/xml/codelists/localtype.xml#village,,,,Orkney Islands,http://data.ordnancesurvey.co.uk/id/7000000000029961,http://data.ordnancesurvey.co.uk/ontology/admingeo/UnitaryAuthority,Scotland,http://data.ordnancesurvey.co.uk/id/7000000000041429,Scotland,http://data.ordnancesurvey.co.uk/id/country/scotland,,,
osgb4000000003379380,http://data.ordnancesurvey.co.uk/id/4000000003379380,Back Road,,,,transportNetwork,Named Road,344708.953,993519.439,2000,20000,344607.375,993487.566,344861.000,993560.381,KW17,http://data.ordnancesurvey.co.uk/id/postcodedistrict/KW17,St Margaret's Hope,http://data.ordnancesurvey.co.uk/id/4000000074568931,http://www.ordnancesurvey.co.uk/xml/codelists/localtype.xml#village,,,,Orkney Islands,http://data.ordnancesurvey.co.uk/id/7000000000029961,http://data.ordnancesurvey.co.uk/ontology/admingeo/UnitaryAuthority,Scotland,http://data.ordnancesurvey.co.uk/id/7000000000041429,Scotland,http://data.ordnancesurvey.co.uk/id/country/scotland,,,
osgb4000000003381656,http://data.ordnancesurvey.co.uk/id/4000000003381656,Churchill Barrier No 3,,,,transportNetwork,Named Road,347346.651,998562.409,2000,20000,347301.581,998396.913,347409.845,998683.788,KW17,http://data.ordnancesurvey.co.uk/id/postcodedistrict/KW17,,,,,,,Orkney Islands,http://data.ordnancesurvey.co.uk/id/7000000000029961,http://data.ordnancesurvey.co.uk/ontology/admingeo/UnitaryAuthority,Scotland,http://data.ordnancesurvey.co.uk/id/7000000000041429,Scotland,http://data.ordnancesurvey.co.uk/id/country/scotland,,,
KW172TN,http://data.ordnancesurvey.co.uk/id/postcodeunit/KW172TN,KW17 2TN,,,,other,Postcode,344409.000,993410.000,3500,18000,,,,,,,St Margaret's Hope,http://data.ordnancesurvey.co.uk/id/4000000074568931,http://www.ordnancesurvey.co.uk/xml/codelists/localtype.xml#village,,,,Orkney Islands,http://data.ordnancesurvey.co.uk/id/7000000000029961,http://data.ordnancesurvey.co.uk/ontology/admingeo/UnitaryAuthority,Scotland,http://data.ordnancesurvey.co.uk/id/7000000000041429,Scotland,http://data.ordnancesurvey.co.uk/id/country/scotland,,,
KW172TA,http://data.ordnancesurvey.co.uk/id/postcodeunit/KW172TA,KW17 2TA,,,,other,Postcode,348626.000,995911.000,3500,18000,,,,,,,Southtown,http://data.ordnancesurvey.co.uk/id/4000000074542055,http://www.ordnancesurvey.co.uk/xml/codelists/localtype.xml#otherSettlement,,,,Orkney Islands,http://data.ordnancesurvey.co.uk/id/7000000000029961,http://data.ordnancesurvey.co.uk/ontology/admingeo/UnitaryAuthority,Scotland,http://data.ordnancesurvey.co.uk/id/7000000000041429,Scotland,http://data.ordnancesurvey.co.uk/id/country/scotland,,,
KW172TX,http://data.ordnancesurvey.co.uk/id/postcodeunit/KW172TX,KW17 2TX,,,,other,Postcode,347065.000,995770.000,3500,18000,,,,,,,Burray Village,http://data.ordnancesurvey.co.uk/id/4000000074569282,http://www.ordnancesurvey.co.uk/xml/codelists/localtype.xml#village,,,,Orkney Islands,http://data.ordnancesurvey.co.uk/id/7000000000029961,http://data.ordnancesurvey.co.uk/ontology/admingeo/UnitaryAuthority,Scotland,http://data.ordnancesurvey.co.uk/id/7000000000041429,Scotland,http://data.ordnancesurvey.co.uk/id/country/scotland,,,
KW172TH,http://data.ordnancesurvey.co.uk/id/postcodeunit/KW172TH,KW17 2TH,,,,other,Postcode,347696.000,993924.000,3500,18000,,,,,,,Grimness,http://data.ordnancesurvey.co.uk/id/4000000074568929,http://www.ordnancesurvey.co.uk/xml/codelists/localtype.xml#otherSettlement,,,,Orkney Islands,http://data.ordnancesurvey.co.uk/id/7000000000029961,http://data.ordnancesurvey.co.uk/ontology/admingeo/UnitaryAuthority,Scotland,http://data.ordnancesurvey.co.uk/id/7000000000041429,Scotland,http://data.ordnancesurvey.co.uk/id/country/scotland,,,
osgb4000000003379690,http://data.ordnancesurvey.co.uk/id/4000000003379690,Leaburn,,,,transportNetwork,Named Road,347584.044,995918.299,1000,20000,347584.044,995887.298,347595.000,995944.036,KW17,http://data.ordnancesurvey.co.uk/id/postcodedistrict/KW17,Burray Village,http://data.ordnancesurvey.co.uk/id/4000000074569282,http://www.ordnancesurvey.co.uk/xml/codelists/localtype.xml#village,,,,Orkney Islands,http://data.ordnancesurvey.co.uk/id/7000000000029961,http://data.ordnancesurvey.co.uk/ontology/admingeo/UnitaryAuthority,Scotland,http://data.ordnancesurvey.co.uk/id/7000000000041429,Scotland,http://data.ordnancesurvey.co.uk/id/country/scotland,,,
KW172SW,http://data.ordnancesurvey.co.uk/id/postcodeunit/KW172SW,KW17 2SW,,,,other,Postcode,344545.000,993856.000,3500,18000,,,,,,,St Margaret's Hope,http://data.ordnancesurvey.co.uk/id/4000000074568931,http://www.ordnancesurvey.co.uk/xml/codelists/localtype.xml#village,,,,Orkney Islands,http://data.ordnancesurvey.co.uk/id/7000000000029961,http://data.ordnancesurvey.co.uk/ontology/admingeo/UnitaryAuthority,Scotland,http://data.ordnancesurvey.co.uk/id/7000000000041429,Scotland,http://data.ordnancesurvey.co.uk/id/country/scotland,,,
1f4ccd0f-66f4-4d92-9774-23745d9f7af2,http://data.ordnancesurvey.co.uk/id/1f4ccd0f-66f4-4d92-9774-23745d9f7af2,Pier Road,,,,transportNetwork,Section Of Named Road,344527.773,993750.378,3000,25000,344521.542,993558.688,344607.375,993950.549,KW17,http://data.ordnancesurvey.co.uk/id/postcodedistrict/KW17,St Margaret's Hope,http://data.ordnancesurvey.co.uk/id/4000000074568931,http://www.ordnancesurvey.co.uk/xml/codelists/localtype.xml#village,,,,Orkney Islands,http://data.ordnancesurvey.co.uk/id/7000000000029961,http://data.ordnancesurvey.co.uk/ontology/admingeo/UnitaryAuthority,Scotland,http://data.ordnancesurvey.co.uk/id/7000000000041429,Scotland,http://data.ordnancesurvey.co.uk/id/country/scotland,osgb4000000003379307,,
osgb4000000003379378,http://data.ordnancesurvey.co.uk/id/4000000003379378,School Road,,,,transportNetwork,Named Road,344436.000,993433.000,2000,20000,344236.000,993312.000,344591.155,993505.389,KW17,http://data.ordnancesurvey.co.uk/id/postcodedistrict/KW17,St Margaret's Hope,http://data.ordnancesurvey.co.uk/id/4000000074568931,http://www.ordnancesurvey.co.uk/xml/codelists/localtype.xml#village,,,,Orkney Islands,http://data.ordnancesurvey.co.uk/id/7000000000029961,http://data.ordnancesurvey.co.uk/ontology/admingeo/UnitaryAuthority,Scotland,http://data.ordnancesurvey.co.uk/id/7000000000041429,Scotland,http://data.ordnancesurvey.co.uk/id/country/scotland,,,
47cd9ede-9f53-40e2-a380-976d618c3220,http://data.ordnancesurvey.co.uk/id/47cd9ede-9f53-40e2-a380-976d618c3220,MacDonald Park,,,,transportNetwork,Section Of Named Road,344854.714,993354.645,1000,25000,344832.984,993290.028,344892.246,993386.921,KW17,http://data.ordnancesurvey.co.uk/id/postcodedistrict/KW17,St Margaret's Hope,http://data.ordnancesurvey.co.uk/id/4000000074568931,http://www.ordnancesurvey.co.uk/xml/codelists/localtype.xml#village,,,,Orkney Islands,http://data.ordnancesurvey.co.uk/id/7000000000029961,http://data.ordnancesurvey.co.uk/ontology/admingeo/UnitaryAuthority,Scotland,http://data.ordnancesurvey.co.uk/id/7000000000041429,Scotland,http://data.ordnancesurvey.co.uk/id/country/scotland,osgb5000005132778844,,
