﻿osgb4000000074337690,http://data.ordnancesurvey.co.uk/id/4000000074337690,Cille Bhrìghde,gla,West Kilbride,eng,populatedPlace,Other Settlement,75338.000,814261.000,15000,25000,74573.457,814010.731,76075.097,814952.492,HS8,http://data.ordnancesurvey.co.uk/id/postcodedistrict/HS8,,,,,,,Na h-Eileanan an Iar,http://data.ordnancesurvey.co.uk/id/7000000000030022,http://data.ordnancesurvey.co.uk/ontology/admingeo/UnitaryAuthority,Scotland,http://data.ordnancesurvey.co.uk/id/7000000000041429,Scotland,http://data.ordnancesurvey.co.uk/id/country/scotland,,,
osgb4000000074337681,http://data.ordnancesurvey.co.uk/id/4000000074337681,Rubha Ban,,,,populatedPlace,Village,78688.990,811902.840,3000,250000,78395.042,811622.078,78895.042,812122.078,HS8,http://data.ordnancesurvey.co.uk/id/postcodedistrict/HS8,,,,,,,Na h-Eileanan an Iar,http://data.ordnancesurvey.co.uk/id/7000000000030022,http://data.ordnancesurvey.co.uk/ontology/admingeo/UnitaryAuthority,Scotland,http://data.ordnancesurvey.co.uk/id/7000000000041429,Scotland,http://data.ordnancesurvey.co.uk/id/country/scotland,,,
osgb4000000074570637,http://data.ordnancesurvey.co.uk/id/4000000074570637,Earsairidh,gla,Earsary,eng,populatedPlace,Hamlet,70622.020,800002.420,5000,25000,70256.648,799386.177,71094.693,800680.437,HS9,http://data.ordnancesurvey.co.uk/id/postcodedistrict/HS9,,,,,,,Na h-Eileanan an Iar,http://data.ordnancesurvey.co.uk/id/7000000000030022,http://data.ordnancesurvey.co.uk/ontology/admingeo/UnitaryAuthority,Scotland,http://data.ordnancesurvey.co.uk/id/7000000000041429,Scotland,http://data.ordnancesurvey.co.uk/id/country/scotland,,,
osgb4000000074541015,http://data.ordnancesurvey.co.uk/id/4000000074541015,Gleann dail bho Tuath,gla,North Glendale,eng,populatedPlace,Hamlet,79146.000,817648.000,5000,25000,79073.793,817123.770,79846.190,818055.823,HS8,http://data.ordnancesurvey.co.uk/id/postcodedistrict/HS8,,,,,,,Na h-Eileanan an Iar,http://data.ordnancesurvey.co.uk/id/7000000000030022,http://data.ordnancesurvey.co.uk/ontology/admingeo/UnitaryAuthority,Scotland,http://data.ordnancesurvey.co.uk/id/7000000000041429,Scotland,http://data.ordnancesurvey.co.uk/id/country/scotland,,,
osgb4000000074566371,http://data.ordnancesurvey.co.uk/id/4000000074566371,Bogach,,,,populatedPlace,Hamlet,71253.590,802419.780,5000,25000,71039.311,802244.032,71552.022,802744.032,HS9,http://data.ordnancesurvey.co.uk/id/postcodedistrict/HS9,,,,,,,Na h-Eileanan an Iar,http://data.ordnancesurvey.co.uk/id/7000000000030022,http://data.ordnancesurvey.co.uk/ontology/admingeo/UnitaryAuthority,Scotland,http://data.ordnancesurvey.co.uk/id/7000000000041429,Scotland,http://data.ordnancesurvey.co.uk/id/country/scotland,,http://dbpedia.org/resource/Bogach,
osgb4000000074572715,http://data.ordnancesurvey.co.uk/id/4000000074572715,Borgh,gla,Borve,eng,populatedPlace,Village,65531.350,801266.620,10000,250000,65201.436,800774.610,66704.544,801783.669,HS9,http://data.ordnancesurvey.co.uk/id/postcodedistrict/HS9,,,,,,,Na h-Eileanan an Iar,http://data.ordnancesurvey.co.uk/id/7000000000030022,http://data.ordnancesurvey.co.uk/ontology/admingeo/UnitaryAuthority,Scotland,http://data.ordnancesurvey.co.uk/id/7000000000041429,Scotland,http://data.ordnancesurvey.co.uk/id/country/scotland,,"http://dbpedia.org/resource/Borve,_Barra",
osgb4000000074566040,http://data.ordnancesurvey.co.uk/id/4000000074566040,Leth Meadhanach,,,,populatedPlace,Other Settlement,74741.880,817095.850,15000,25000,74189.147,816800.143,75794.353,817395.622,HS8,http://data.ordnancesurvey.co.uk/id/postcodedistrict/HS8,,,,,,,Na h-Eileanan an Iar,http://data.ordnancesurvey.co.uk/id/7000000000030022,http://data.ordnancesurvey.co.uk/ontology/admingeo/UnitaryAuthority,Scotland,http://data.ordnancesurvey.co.uk/id/7000000000041429,Scotland,http://data.ordnancesurvey.co.uk/id/country/scotland,,,
osgb4000000074337671,http://data.ordnancesurvey.co.uk/id/4000000074337671,Cleat,eng,Cleit,gla,populatedPlace,Other Settlement,66875.820,804604.460,15000,25000,66082.710,804183.134,67324.235,804912.066,HS9,http://data.ordnancesurvey.co.uk/id/postcodedistrict/HS9,,,,,,,Na h-Eileanan an Iar,http://data.ordnancesurvey.co.uk/id/7000000000030022,http://data.ordnancesurvey.co.uk/ontology/admingeo/UnitaryAuthority,Scotland,http://data.ordnancesurvey.co.uk/id/7000000000041429,Scotland,http://data.ordnancesurvey.co.uk/id/country/scotland,,,
osgb4000000074543017,http://data.ordnancesurvey.co.uk/id/4000000074543017,Haun,eng,Haunn,gla,populatedPlace,Hamlet,78997.000,811929.000,5000,25000,78767.244,811637.983,79267.244,812137.983,HS8,http://data.ordnancesurvey.co.uk/id/postcodedistrict/HS8,,,,,,,Na h-Eileanan an Iar,http://data.ordnancesurvey.co.uk/id/7000000000030022,http://data.ordnancesurvey.co.uk/ontology/admingeo/UnitaryAuthority,Scotland,http://data.ordnancesurvey.co.uk/id/7000000000041429,Scotland,http://data.ordnancesurvey.co.uk/id/country/scotland,,,
osgb4000000074566365,http://data.ordnancesurvey.co.uk/id/4000000074566365,Bruairnis,gla,Bruernish,eng,populatedPlace,Other Settlement,71918.320,802339.130,15000,25000,71451.481,801825.429,72436.791,802710.196,HS9,http://data.ordnancesurvey.co.uk/id/postcodedistrict/HS9,,,,,,,Na h-Eileanan an Iar,http://data.ordnancesurvey.co.uk/id/7000000000030022,http://data.ordnancesurvey.co.uk/ontology/admingeo/UnitaryAuthority,Scotland,http://data.ordnancesurvey.co.uk/id/7000000000041429,Scotland,http://data.ordnancesurvey.co.uk/id/country/scotland,,,
osgb4000000074566369,http://data.ordnancesurvey.co.uk/id/4000000074566369,Cuidhir,,,,populatedPlace,Hamlet,67181.140,803351.720,5000,25000,66736.065,803211.746,68193.924,803711.746,HS9,http://data.ordnancesurvey.co.uk/id/postcodedistrict/HS9,,,,,,,Na h-Eileanan an Iar,http://data.ordnancesurvey.co.uk/id/7000000000030022,http://data.ordnancesurvey.co.uk/ontology/admingeo/UnitaryAuthority,Scotland,http://data.ordnancesurvey.co.uk/id/7000000000041429,Scotland,http://data.ordnancesurvey.co.uk/id/country/scotland,,,
osgb4000000074543495,http://data.ordnancesurvey.co.uk/id/4000000074543495,Bun a' Mhuillinn,,,,populatedPlace,Hamlet,79306.580,812175.450,5000,25000,79108.579,811867.498,80066.523,812367.498,HS8,http://data.ordnancesurvey.co.uk/id/postcodedistrict/HS8,,,,,,,Na h-Eileanan an Iar,http://data.ordnancesurvey.co.uk/id/7000000000030022,http://data.ordnancesurvey.co.uk/ontology/admingeo/UnitaryAuthority,Scotland,http://data.ordnancesurvey.co.uk/id/7000000000041429,Scotland,http://data.ordnancesurvey.co.uk/id/country/scotland,,,
osgb4000000074567013,http://data.ordnancesurvey.co.uk/id/4000000074567013,Baghasdail,,,,populatedPlace,Hamlet,74221.000,818013.000,5000,25000,73872.267,817443.089,74372.267,819233.836,HS8,http://data.ordnancesurvey.co.uk/id/postcodedistrict/HS8,,,,,,,Na h-Eileanan an Iar,http://data.ordnancesurvey.co.uk/id/7000000000030022,http://data.ordnancesurvey.co.uk/ontology/admingeo/UnitaryAuthority,Scotland,http://data.ordnancesurvey.co.uk/id/7000000000041429,Scotland,http://data.ordnancesurvey.co.uk/id/country/scotland,,,
osgb4000000074566038,http://data.ordnancesurvey.co.uk/id/4000000074566038,Coilleag,,,,populatedPlace,Hamlet,78919.000,810589.000,5000,25000,78560.302,810400.105,79060.302,811131.505,HS8,http://data.ordnancesurvey.co.uk/id/postcodedistrict/HS8,,,,,,,Na h-Eileanan an Iar,http://data.ordnancesurvey.co.uk/id/7000000000030022,http://data.ordnancesurvey.co.uk/ontology/admingeo/UnitaryAuthority,Scotland,http://data.ordnancesurvey.co.uk/id/7000000000041429,Scotland,http://data.ordnancesurvey.co.uk/id/country/scotland,,,
osgb4000000074543496,http://data.ordnancesurvey.co.uk/id/4000000074543496,Am Baile,cym,Balla,eng,populatedPlace,Hamlet,78470.000,811656.000,5000,25000,78300.414,811129.076,78894.232,811738.462,HS8,http://data.ordnancesurvey.co.uk/id/postcodedistrict/HS8,,,,,,,Na h-Eileanan an Iar,http://data.ordnancesurvey.co.uk/id/7000000000030022,http://data.ordnancesurvey.co.uk/ontology/admingeo/UnitaryAuthority,Scotland,http://data.ordnancesurvey.co.uk/id/7000000000041429,Scotland,http://data.ordnancesurvey.co.uk/id/country/scotland,,,
osgb4000000074543075,http://data.ordnancesurvey.co.uk/id/4000000074543075,Baile na Creige,gla,Craigston,eng,populatedPlace,Other Settlement,65896.166,801719.165,15000,25000,65544.709,801367.867,66397.880,801991.226,HS9,http://data.ordnancesurvey.co.uk/id/postcodedistrict/HS9,,,,,,,Na h-Eileanan an Iar,http://data.ordnancesurvey.co.uk/id/7000000000030022,http://data.ordnancesurvey.co.uk/ontology/admingeo/UnitaryAuthority,Scotland,http://data.ordnancesurvey.co.uk/id/7000000000041429,Scotland,http://data.ordnancesurvey.co.uk/id/country/scotland,,,
osgb4000000074543018,http://data.ordnancesurvey.co.uk/id/4000000074543018,Gleann Dail bho Dheas,gla,South Glen Dale,eng,populatedPlace,Hamlet,79120.050,815100.570,5000,25000,78860.739,814702.223,79360.739,815530.706,HS8,http://data.ordnancesurvey.co.uk/id/postcodedistrict/HS8,,,,,,,Na h-Eileanan an Iar,http://data.ordnancesurvey.co.uk/id/7000000000030022,http://data.ordnancesurvey.co.uk/ontology/admingeo/UnitaryAuthority,Scotland,http://data.ordnancesurvey.co.uk/id/7000000000041429,Scotland,http://data.ordnancesurvey.co.uk/id/country/scotland,,,
osgb4000000074566368,http://data.ordnancesurvey.co.uk/id/4000000074566368,Àird Mhòr,gla,Ardmhor,eng,populatedPlace,Other Settlement,70517.840,804461.060,15000,25000,70290.222,803790.187,71505.486,804816.553,HS9,http://data.ordnancesurvey.co.uk/id/postcodedistrict/HS9,,,,,,,Na h-Eileanan an Iar,http://data.ordnancesurvey.co.uk/id/7000000000030022,http://data.ordnancesurvey.co.uk/ontology/admingeo/UnitaryAuthority,Scotland,http://data.ordnancesurvey.co.uk/id/7000000000041429,Scotland,http://data.ordnancesurvey.co.uk/id/country/scotland,,"http://dbpedia.org/resource/Ardmore,_Barra",
osgb4000000074542465,http://data.ordnancesurvey.co.uk/id/4000000074542465,Geàrraidh na Mònadh,,,,populatedPlace,Village,74473.260,816417.740,11000,250000,74206.412,816258.876,75876.334,816758.876,HS8,http://data.ordnancesurvey.co.uk/id/postcodedistrict/HS8,,,,,,,Na h-Eileanan an Iar,http://data.ordnancesurvey.co.uk/id/7000000000030022,http://data.ordnancesurvey.co.uk/ontology/admingeo/UnitaryAuthority,Scotland,http://data.ordnancesurvey.co.uk/id/7000000000041429,Scotland,http://data.ordnancesurvey.co.uk/id/country/scotland,,,
osgb4000000074566041,http://data.ordnancesurvey.co.uk/id/4000000074566041,Cille Pheadair,,,,populatedPlace,Other Settlement,74125.000,819739.000,15000,25000,73856.887,819294.249,75289.491,820381.637,HS8,http://data.ordnancesurvey.co.uk/id/postcodedistrict/HS8,,,,,,,Na h-Eileanan an Iar,http://data.ordnancesurvey.co.uk/id/7000000000030022,http://data.ordnancesurvey.co.uk/ontology/admingeo/UnitaryAuthority,Scotland,http://data.ordnancesurvey.co.uk/id/7000000000041429,Scotland,http://data.ordnancesurvey.co.uk/id/country/scotland,,,
osgb4000000074566370,http://data.ordnancesurvey.co.uk/id/4000000074566370,Grithean,,,,populatedPlace,Other Settlement,66711.180,803805.010,15000,25000,66024.211,803599.991,67402.150,804139.137,HS9,http://data.ordnancesurvey.co.uk/id/postcodedistrict/HS9,,,,,,,Na h-Eileanan an Iar,http://data.ordnancesurvey.co.uk/id/7000000000030022,http://data.ordnancesurvey.co.uk/ontology/admingeo/UnitaryAuthority,Scotland,http://data.ordnancesurvey.co.uk/id/7000000000041429,Scotland,http://data.ordnancesurvey.co.uk/id/country/scotland,,,
osgb4000000074543136,http://data.ordnancesurvey.co.uk/id/4000000074543136,Smeircleit,gla,Smerclate,eng,populatedPlace,Hamlet,74845.700,814877.610,5000,25000,73919.731,814855.399,75453.733,815719.492,HS8,http://data.ordnancesurvey.co.uk/id/postcodedistrict/HS8,,,,,,,Na h-Eileanan an Iar,http://data.ordnancesurvey.co.uk/id/7000000000030022,http://data.ordnancesurvey.co.uk/ontology/admingeo/UnitaryAuthority,Scotland,http://data.ordnancesurvey.co.uk/id/7000000000041429,Scotland,http://data.ordnancesurvey.co.uk/id/country/scotland,,,
osgb4000000074337689,http://data.ordnancesurvey.co.uk/id/4000000074337689,Taobh a' Chaolais,gla,East Kilbride,eng,populatedPlace,Other Settlement,77607.000,813997.000,15000,25000,76200.233,813833.005,78422.491,814333.005,HS8,http://data.ordnancesurvey.co.uk/id/postcodedistrict/HS8,,,,,,,Na h-Eileanan an Iar,http://data.ordnancesurvey.co.uk/id/7000000000030022,http://data.ordnancesurvey.co.uk/ontology/admingeo/UnitaryAuthority,Scotland,http://data.ordnancesurvey.co.uk/id/7000000000041429,Scotland,http://data.ordnancesurvey.co.uk/id/country/scotland,,,
osgb4000000074566039,http://data.ordnancesurvey.co.uk/id/4000000074566039,Pàirceanan,,,,populatedPlace,Hamlet,79049.000,810367.000,5000,25000,78791.167,810109.656,79291.167,810609.656,HS8,http://data.ordnancesurvey.co.uk/id/postcodedistrict/HS8,,,,,,,Na h-Eileanan an Iar,http://data.ordnancesurvey.co.uk/id/7000000000030022,http://data.ordnancesurvey.co.uk/ontology/admingeo/UnitaryAuthority,Scotland,http://data.ordnancesurvey.co.uk/id/7000000000041429,Scotland,http://data.ordnancesurvey.co.uk/id/country/scotland,,,
osgb4000000074566037,http://data.ordnancesurvey.co.uk/id/4000000074566037,Acairseid,,,,populatedPlace,Hamlet,79197.000,810142.000,5000,25000,78958.369,809818.390,79458.369,810318.390,HS8,http://data.ordnancesurvey.co.uk/id/postcodedistrict/HS8,,,,,,,Na h-Eileanan an Iar,http://data.ordnancesurvey.co.uk/id/7000000000030022,http://data.ordnancesurvey.co.uk/ontology/admingeo/UnitaryAuthority,Scotland,http://data.ordnancesurvey.co.uk/id/7000000000041429,Scotland,http://data.ordnancesurvey.co.uk/id/country/scotland,,,
osgb4000000074572716,http://data.ordnancesurvey.co.uk/id/4000000074572716,Eòlaigearraidh,gla,Eoligarry,eng,populatedPlace,Village,70341.000,807891.000,19000,250000,69616.592,806606.191,71285.582,809461.583,HS9,http://data.ordnancesurvey.co.uk/id/postcodedistrict/HS9,,,,,,,Na h-Eileanan an Iar,http://data.ordnancesurvey.co.uk/id/7000000000030022,http://data.ordnancesurvey.co.uk/ontology/admingeo/UnitaryAuthority,Scotland,http://data.ordnancesurvey.co.uk/id/7000000000041429,Scotland,http://data.ordnancesurvey.co.uk/id/country/scotland,,,
osgb4000000074566366,http://data.ordnancesurvey.co.uk/id/4000000074566366,Thiarabhagh,gla,Bayherivagh,eng,populatedPlace,Village,70913.800,802957.080,8000,250000,69888.053,802554.360,71114.662,803358.690,HS9,http://data.ordnancesurvey.co.uk/id/postcodedistrict/HS9,,,,,,,Na h-Eileanan an Iar,http://data.ordnancesurvey.co.uk/id/7000000000030022,http://data.ordnancesurvey.co.uk/ontology/admingeo/UnitaryAuthority,Scotland,http://data.ordnancesurvey.co.uk/id/7000000000041429,Scotland,http://data.ordnancesurvey.co.uk/id/country/scotland,,,
osgb4000000074543019,http://data.ordnancesurvey.co.uk/id/4000000074543019,Taobh a' Deas Baghasdail,gla,South Lochboisdale,eng,populatedPlace,Other Settlement,76622.160,817887.870,15000,25000,76614.209,817343.837,79043.591,818336.303,HS8,http://data.ordnancesurvey.co.uk/id/postcodedistrict/HS8,,,,,,,Na h-Eileanan an Iar,http://data.ordnancesurvey.co.uk/id/7000000000030022,http://data.ordnancesurvey.co.uk/ontology/admingeo/UnitaryAuthority,Scotland,http://data.ordnancesurvey.co.uk/id/7000000000041429,Scotland,http://data.ordnancesurvey.co.uk/id/country/scotland,,,
osgb4000000074566367,http://data.ordnancesurvey.co.uk/id/4000000074566367,Àird Mhidhinis,,,,populatedPlace,Other Settlement,70561.550,803418.710,15000,25000,70496.332,803167.665,71778.241,803871.453,HS9,http://data.ordnancesurvey.co.uk/id/postcodedistrict/HS9,,,,,,,Na h-Eileanan an Iar,http://data.ordnancesurvey.co.uk/id/7000000000030022,http://data.ordnancesurvey.co.uk/ontology/admingeo/UnitaryAuthority,Scotland,http://data.ordnancesurvey.co.uk/id/7000000000041429,Scotland,http://data.ordnancesurvey.co.uk/id/country/scotland,,,
osgb4000000074566690,http://data.ordnancesurvey.co.uk/id/4000000074566690,Allathasdal,gla,Allasdale,eng,populatedPlace,Hamlet,65921.020,802962.480,5000,25000,65663.935,802584.362,66257.126,803504.319,HS9,http://data.ordnancesurvey.co.uk/id/postcodedistrict/HS9,,,,,,,Na h-Eileanan an Iar,http://data.ordnancesurvey.co.uk/id/7000000000030022,http://data.ordnancesurvey.co.uk/ontology/admingeo/UnitaryAuthority,Scotland,http://data.ordnancesurvey.co.uk/id/7000000000041429,Scotland,http://data.ordnancesurvey.co.uk/id/country/scotland,,http://dbpedia.org/resource/Allasdale,
osgb4000000074543020,http://data.ordnancesurvey.co.uk/id/4000000074543020,Buaile nam Bodach,gla,Balnabodach,eng,populatedPlace,Hamlet,71118.780,801659.570,5000,25000,70672.282,800850.168,71592.233,802132.081,HS9,http://data.ordnancesurvey.co.uk/id/postcodedistrict/HS9,,,,,,,Na h-Eileanan an Iar,http://data.ordnancesurvey.co.uk/id/7000000000030022,http://data.ordnancesurvey.co.uk/ontology/admingeo/UnitaryAuthority,Scotland,http://data.ordnancesurvey.co.uk/id/7000000000041429,Scotland,http://data.ordnancesurvey.co.uk/id/country/scotland,,,
HS95XW,http://data.ordnancesurvey.co.uk/id/postcodeunit/HS95XW,HS9 5XW,,,,other,Postcode,64940.000,800031.000,3500,18000,,,,,,,Tangasdal,http://data.ordnancesurvey.co.uk/id/4000000074570639,http://www.ordnancesurvey.co.uk/xml/codelists/localtype.xml#otherSettlement,,,,Na h-Eileanan an Iar,http://data.ordnancesurvey.co.uk/id/7000000000030022,http://data.ordnancesurvey.co.uk/ontology/admingeo/UnitaryAuthority,Scotland,http://data.ordnancesurvey.co.uk/id/7000000000041429,Scotland,http://data.ordnancesurvey.co.uk/id/country/scotland,,,
HS85TD,http://data.ordnancesurvey.co.uk/id/postcodeunit/HS85TD,HS8 5TD,,,,other,Postcode,74261.000,818074.000,3500,18000,,,,,,,Baghasdail,http://data.ordnancesurvey.co.uk/id/4000000074567013,http://www.ordnancesurvey.co.uk/xml/codelists/localtype.xml#hamlet,,,,Na h-Eileanan an Iar,http://data.ordnancesurvey.co.uk/id/7000000000030022,http://data.ordnancesurvey.co.uk/ontology/admingeo/UnitaryAuthority,Scotland,http://data.ordnancesurvey.co.uk/id/7000000000041429,Scotland,http://data.ordnancesurvey.co.uk/id/country/scotland,,,
HS95XT,http://data.ordnancesurvey.co.uk/id/postcodeunit/HS95XT,HS9 5XT,,,,other,Postcode,65906.000,802887.000,3500,18000,,,,,,,Allathasdal / Allasdale,http://data.ordnancesurvey.co.uk/id/4000000074566690,http://www.ordnancesurvey.co.uk/xml/codelists/localtype.xml#hamlet,,,,Na h-Eileanan an Iar,http://data.ordnancesurvey.co.uk/id/7000000000030022,http://data.ordnancesurvey.co.uk/ontology/admingeo/UnitaryAuthority,Scotland,http://data.ordnancesurvey.co.uk/id/7000000000041429,Scotland,http://data.ordnancesurvey.co.uk/id/country/scotland,,,
HS95UY,http://data.ordnancesurvey.co.uk/id/postcodeunit/HS95UY,HS9 5UY,,,,other,Postcode,72042.000,802286.000,3500,18000,,,,,,,Bruairnis / Bruernish,http://data.ordnancesurvey.co.uk/id/4000000074566365,http://www.ordnancesurvey.co.uk/xml/codelists/localtype.xml#otherSettlement,,,,Na h-Eileanan an Iar,http://data.ordnancesurvey.co.uk/id/7000000000030022,http://data.ordnancesurvey.co.uk/ontology/admingeo/UnitaryAuthority,Scotland,http://data.ordnancesurvey.co.uk/id/7000000000041429,Scotland,http://data.ordnancesurvey.co.uk/id/country/scotland,,,
HS85UD,http://data.ordnancesurvey.co.uk/id/postcodeunit/HS85UD,HS8 5UD,,,,other,Postcode,79130.000,817547.000,3500,18000,,,,,,,Gleann dail bho Tuath / North Glendale,http://data.ordnancesurvey.co.uk/id/4000000074541015,http://www.ordnancesurvey.co.uk/xml/codelists/localtype.xml#hamlet,,,,Na h-Eileanan an Iar,http://data.ordnancesurvey.co.uk/id/7000000000030022,http://data.ordnancesurvey.co.uk/ontology/admingeo/UnitaryAuthority,Scotland,http://data.ordnancesurvey.co.uk/id/7000000000041429,Scotland,http://data.ordnancesurvey.co.uk/id/country/scotland,,,
HS85JU,http://data.ordnancesurvey.co.uk/id/postcodeunit/HS85JU,HS8 5JU,,,,other,Postcode,78539.000,811829.000,3500,18000,,,,,,,Rubha Ban,http://data.ordnancesurvey.co.uk/id/4000000074337681,http://www.ordnancesurvey.co.uk/xml/codelists/localtype.xml#village,,,,Na h-Eileanan an Iar,http://data.ordnancesurvey.co.uk/id/7000000000030022,http://data.ordnancesurvey.co.uk/ontology/admingeo/UnitaryAuthority,Scotland,http://data.ordnancesurvey.co.uk/id/7000000000041429,Scotland,http://data.ordnancesurvey.co.uk/id/country/scotland,,,
HS85TL,http://data.ordnancesurvey.co.uk/id/postcodeunit/HS85TL,HS8 5TL,,,,other,Postcode,79148.000,819498.000,3500,18000,,,,,,,Loch Baghasdail / Lochboisdale,http://data.ordnancesurvey.co.uk/id/4000000074337732,http://www.ordnancesurvey.co.uk/xml/codelists/localtype.xml#village,,,,Na h-Eileanan an Iar,http://data.ordnancesurvey.co.uk/id/7000000000030022,http://data.ordnancesurvey.co.uk/ontology/admingeo/UnitaryAuthority,Scotland,http://data.ordnancesurvey.co.uk/id/7000000000041429,Scotland,http://data.ordnancesurvey.co.uk/id/country/scotland,,,
HS85TF,http://data.ordnancesurvey.co.uk/id/postcodeunit/HS85TF,HS8 5TF,,,,other,Postcode,75625.000,816943.000,3500,18000,,,,,,,Leth Meadhanach,http://data.ordnancesurvey.co.uk/id/4000000074566040,http://www.ordnancesurvey.co.uk/xml/codelists/localtype.xml#otherSettlement,,,,Na h-Eileanan an Iar,http://data.ordnancesurvey.co.uk/id/7000000000030022,http://data.ordnancesurvey.co.uk/ontology/admingeo/UnitaryAuthority,Scotland,http://data.ordnancesurvey.co.uk/id/7000000000041429,Scotland,http://data.ordnancesurvey.co.uk/id/country/scotland,,,
HS85UE,http://data.ordnancesurvey.co.uk/id/postcodeunit/HS85UE,HS8 5UE,,,,other,Postcode,79139.000,815096.000,3500,18000,,,,,,,Gleann Dail bho Dheas / South Glen Dale,http://data.ordnancesurvey.co.uk/id/4000000074543018,http://www.ordnancesurvey.co.uk/xml/codelists/localtype.xml#hamlet,,,,Na h-Eileanan an Iar,http://data.ordnancesurvey.co.uk/id/7000000000030022,http://data.ordnancesurvey.co.uk/ontology/admingeo/UnitaryAuthority,Scotland,http://data.ordnancesurvey.co.uk/id/7000000000041429,Scotland,http://data.ordnancesurvey.co.uk/id/country/scotland,,,
HS95YE,http://data.ordnancesurvey.co.uk/id/postcodeunit/HS95YE,HS9 5YE,,,,other,Postcode,70355.000,807652.000,3500,18000,,,,,,,Eòlaigearraidh / Eoligarry,http://data.ordnancesurvey.co.uk/id/4000000074572716,http://www.ordnancesurvey.co.uk/xml/codelists/localtype.xml#village,,,,Na h-Eileanan an Iar,http://data.ordnancesurvey.co.uk/id/7000000000030022,http://data.ordnancesurvey.co.uk/ontology/admingeo/UnitaryAuthority,Scotland,http://data.ordnancesurvey.co.uk/id/7000000000041429,Scotland,http://data.ordnancesurvey.co.uk/id/country/scotland,,,
HS85JP,http://data.ordnancesurvey.co.uk/id/postcodeunit/HS85JP,HS8 5JP,,,,other,Postcode,79248.000,809962.000,3500,18000,,,,,,,Acairseid,http://data.ordnancesurvey.co.uk/id/4000000074566037,http://www.ordnancesurvey.co.uk/xml/codelists/localtype.xml#hamlet,,,,Na h-Eileanan an Iar,http://data.ordnancesurvey.co.uk/id/7000000000030022,http://data.ordnancesurvey.co.uk/ontology/admingeo/UnitaryAuthority,Scotland,http://data.ordnancesurvey.co.uk/id/7000000000041429,Scotland,http://data.ordnancesurvey.co.uk/id/country/scotland,,,
HS85JT,http://data.ordnancesurvey.co.uk/id/postcodeunit/HS85JT,HS8 5JT,,,,other,Postcode,78619.000,811818.000,3500,18000,,,,,,,Rubha Ban,http://data.ordnancesurvey.co.uk/id/4000000074337681,http://www.ordnancesurvey.co.uk/xml/codelists/localtype.xml#village,,,,Na h-Eileanan an Iar,http://data.ordnancesurvey.co.uk/id/7000000000030022,http://data.ordnancesurvey.co.uk/ontology/admingeo/UnitaryAuthority,Scotland,http://data.ordnancesurvey.co.uk/id/7000000000041429,Scotland,http://data.ordnancesurvey.co.uk/id/country/scotland,,,
HS95YA,http://data.ordnancesurvey.co.uk/id/postcodeunit/HS95YA,HS9 5YA,,,,other,Postcode,71129.000,803339.000,3500,18000,,,,,,,Àird Mhidhinis,http://data.ordnancesurvey.co.uk/id/4000000074566367,http://www.ordnancesurvey.co.uk/xml/codelists/localtype.xml#otherSettlement,,,,Na h-Eileanan an Iar,http://data.ordnancesurvey.co.uk/id/7000000000030022,http://data.ordnancesurvey.co.uk/ontology/admingeo/UnitaryAuthority,Scotland,http://data.ordnancesurvey.co.uk/id/7000000000041429,Scotland,http://data.ordnancesurvey.co.uk/id/country/scotland,,,
HS95XR,http://data.ordnancesurvey.co.uk/id/postcodeunit/HS95XR,HS9 5XR,,,,other,Postcode,65864.000,801241.000,3500,18000,,,,,,,Borgh / Borve,http://data.ordnancesurvey.co.uk/id/4000000074572715,http://www.ordnancesurvey.co.uk/xml/codelists/localtype.xml#village,,,,Na h-Eileanan an Iar,http://data.ordnancesurvey.co.uk/id/7000000000030022,http://data.ordnancesurvey.co.uk/ontology/admingeo/UnitaryAuthority,Scotland,http://data.ordnancesurvey.co.uk/id/7000000000041429,Scotland,http://data.ordnancesurvey.co.uk/id/country/scotland,,,
HS85JL,http://data.ordnancesurvey.co.uk/id/postcodeunit/HS85JL,HS8 5JL,,,,other,Postcode,78523.000,811554.000,3500,18000,,,,,,,Am Baile / Balla,http://data.ordnancesurvey.co.uk/id/4000000074543496,http://www.ordnancesurvey.co.uk/xml/codelists/localtype.xml#hamlet,,,,Na h-Eileanan an Iar,http://data.ordnancesurvey.co.uk/id/7000000000030022,http://data.ordnancesurvey.co.uk/ontology/admingeo/UnitaryAuthority,Scotland,http://data.ordnancesurvey.co.uk/id/7000000000041429,Scotland,http://data.ordnancesurvey.co.uk/id/country/scotland,,,
HS95YH,http://data.ordnancesurvey.co.uk/id/postcodeunit/HS95YH,HS9 5YH,,,,other,Postcode,70920.000,802978.000,3500,18000,,,,,,,Thiarabhagh / Bayherivagh,http://data.ordnancesurvey.co.uk/id/4000000074566366,http://www.ordnancesurvey.co.uk/xml/codelists/localtype.xml#village,,,,Na h-Eileanan an Iar,http://data.ordnancesurvey.co.uk/id/7000000000030022,http://data.ordnancesurvey.co.uk/ontology/admingeo/UnitaryAuthority,Scotland,http://data.ordnancesurvey.co.uk/id/7000000000041429,Scotland,http://data.ordnancesurvey.co.uk/id/country/scotland,,,
HS95UT,http://data.ordnancesurvey.co.uk/id/postcodeunit/HS95UT,HS9 5UT,,,,other,Postcode,71321.000,801512.000,3500,18000,,,,,,,Buaile nam Bodach / Balnabodach,http://data.ordnancesurvey.co.uk/id/4000000074543020,http://www.ordnancesurvey.co.uk/xml/codelists/localtype.xml#hamlet,,,,Na h-Eileanan an Iar,http://data.ordnancesurvey.co.uk/id/7000000000030022,http://data.ordnancesurvey.co.uk/ontology/admingeo/UnitaryAuthority,Scotland,http://data.ordnancesurvey.co.uk/id/7000000000041429,Scotland,http://data.ordnancesurvey.co.uk/id/country/scotland,,,
HS85JR,http://data.ordnancesurvey.co.uk/id/postcodeunit/HS85JR,HS8 5JR,,,,other,Postcode,79677.000,812133.000,3500,18000,,,,,,,Bun a' Mhuillinn,http://data.ordnancesurvey.co.uk/id/4000000074543495,http://www.ordnancesurvey.co.uk/xml/codelists/localtype.xml#hamlet,,,,Na h-Eileanan an Iar,http://data.ordnancesurvey.co.uk/id/7000000000030022,http://data.ordnancesurvey.co.uk/ontology/admingeo/UnitaryAuthority,Scotland,http://data.ordnancesurvey.co.uk/id/7000000000041429,Scotland,http://data.ordnancesurvey.co.uk/id/country/scotland,,,
HS85JH,http://data.ordnancesurvey.co.uk/id/postcodeunit/HS85JH,HS8 5JH,,,,other,Postcode,78978.000,811910.000,3500,18000,,,,,,,Haun / Haunn,http://data.ordnancesurvey.co.uk/id/4000000074543017,http://www.ordnancesurvey.co.uk/xml/codelists/localtype.xml#hamlet,,,,Na h-Eileanan an Iar,http://data.ordnancesurvey.co.uk/id/7000000000030022,http://data.ordnancesurvey.co.uk/ontology/admingeo/UnitaryAuthority,Scotland,http://data.ordnancesurvey.co.uk/id/7000000000041429,Scotland,http://data.ordnancesurvey.co.uk/id/country/scotland,,,
HS85TE,http://data.ordnancesurvey.co.uk/id/postcodeunit/HS85TE,HS8 5TE,,,,other,Postcode,74841.000,817150.000,3500,18000,,,,,,,Leth Meadhanach,http://data.ordnancesurvey.co.uk/id/4000000074566040,http://www.ordnancesurvey.co.uk/xml/codelists/localtype.xml#otherSettlement,,,,Na h-Eileanan an Iar,http://data.ordnancesurvey.co.uk/id/7000000000030022,http://data.ordnancesurvey.co.uk/ontology/admingeo/UnitaryAuthority,Scotland,http://data.ordnancesurvey.co.uk/id/7000000000041429,Scotland,http://data.ordnancesurvey.co.uk/id/country/scotland,,,
HS95UU,http://data.ordnancesurvey.co.uk/id/postcodeunit/HS95UU,HS9 5UU,,,,other,Postcode,71303.000,800900.000,3500,18000,,,,,,,Buaile nam Bodach / Balnabodach,http://data.ordnancesurvey.co.uk/id/4000000074543020,http://www.ordnancesurvey.co.uk/xml/codelists/localtype.xml#hamlet,,,,Na h-Eileanan an Iar,http://data.ordnancesurvey.co.uk/id/7000000000030022,http://data.ordnancesurvey.co.uk/ontology/admingeo/UnitaryAuthority,Scotland,http://data.ordnancesurvey.co.uk/id/7000000000041429,Scotland,http://data.ordnancesurvey.co.uk/id/country/scotland,,,
HS85TR,http://data.ordnancesurvey.co.uk/id/postcodeunit/HS85TR,HS8 5TR,,,,other,Postcode,74733.000,814828.000,3500,18000,,,,,,,Cille Bhrìghde / West Kilbride,http://data.ordnancesurvey.co.uk/id/4000000074337690,http://www.ordnancesurvey.co.uk/xml/codelists/localtype.xml#otherSettlement,,,,Na h-Eileanan an Iar,http://data.ordnancesurvey.co.uk/id/7000000000030022,http://data.ordnancesurvey.co.uk/ontology/admingeo/UnitaryAuthority,Scotland,http://data.ordnancesurvey.co.uk/id/7000000000041429,Scotland,http://data.ordnancesurvey.co.uk/id/country/scotland,,,
HS95XX,http://data.ordnancesurvey.co.uk/id/postcodeunit/HS95XX,HS9 5XX,,,,other,Postcode,66627.000,804365.000,3500,18000,,,,,,,Cleat / Cleit,http://data.ordnancesurvey.co.uk/id/4000000074337671,http://www.ordnancesurvey.co.uk/xml/codelists/localtype.xml#otherSettlement,,,,Na h-Eileanan an Iar,http://data.ordnancesurvey.co.uk/id/7000000000030022,http://data.ordnancesurvey.co.uk/ontology/admingeo/UnitaryAuthority,Scotland,http://data.ordnancesurvey.co.uk/id/7000000000041429,Scotland,http://data.ordnancesurvey.co.uk/id/country/scotland,,,
HS95UX,http://data.ordnancesurvey.co.uk/id/postcodeunit/HS95UX,HS9 5UX,,,,other,Postcode,71223.000,802481.000,3500,18000,,,,,,,Bogach,http://data.ordnancesurvey.co.uk/id/4000000074566371,http://www.ordnancesurvey.co.uk/xml/codelists/localtype.xml#hamlet,,,,Na h-Eileanan an Iar,http://data.ordnancesurvey.co.uk/id/7000000000030022,http://data.ordnancesurvey.co.uk/ontology/admingeo/UnitaryAuthority,Scotland,http://data.ordnancesurvey.co.uk/id/7000000000041429,Scotland,http://data.ordnancesurvey.co.uk/id/country/scotland,,,
HS95XY,http://data.ordnancesurvey.co.uk/id/postcodeunit/HS95XY,HS9 5XY,,,,other,Postcode,70113.000,803277.000,3500,18000,,,,,,,Thiarabhagh / Bayherivagh,http://data.ordnancesurvey.co.uk/id/4000000074566366,http://www.ordnancesurvey.co.uk/xml/codelists/localtype.xml#village,,,,Na h-Eileanan an Iar,http://data.ordnancesurvey.co.uk/id/7000000000030022,http://data.ordnancesurvey.co.uk/ontology/admingeo/UnitaryAuthority,Scotland,http://data.ordnancesurvey.co.uk/id/7000000000041429,Scotland,http://data.ordnancesurvey.co.uk/id/country/scotland,,,
HS95YQ,http://data.ordnancesurvey.co.uk/id/postcodeunit/HS95YQ,HS9 5YQ,,,,other,Postcode,70782.000,802954.000,3500,18000,,,,,,,Thiarabhagh / Bayherivagh,http://data.ordnancesurvey.co.uk/id/4000000074566366,http://www.ordnancesurvey.co.uk/xml/codelists/localtype.xml#village,,,,Na h-Eileanan an Iar,http://data.ordnancesurvey.co.uk/id/7000000000030022,http://data.ordnancesurvey.co.uk/ontology/admingeo/UnitaryAuthority,Scotland,http://data.ordnancesurvey.co.uk/id/7000000000041429,Scotland,http://data.ordnancesurvey.co.uk/id/country/scotland,,,
HS85TS,http://data.ordnancesurvey.co.uk/id/postcodeunit/HS85TS,HS8 5TS,,,,other,Postcode,77120.000,814051.000,3500,18000,,,,,,,Taobh a' Chaolais / East Kilbride,http://data.ordnancesurvey.co.uk/id/4000000074337689,http://www.ordnancesurvey.co.uk/xml/codelists/localtype.xml#otherSettlement,,,,Na h-Eileanan an Iar,http://data.ordnancesurvey.co.uk/id/7000000000030022,http://data.ordnancesurvey.co.uk/ontology/admingeo/UnitaryAuthority,Scotland,http://data.ordnancesurvey.co.uk/id/7000000000041429,Scotland,http://data.ordnancesurvey.co.uk/id/country/scotland,,,
HS85TJ,http://data.ordnancesurvey.co.uk/id/postcodeunit/HS85TJ,HS8 5TJ,,,,other,Postcode,79163.000,819558.000,3500,18000,,,,,,,Loch Baghasdail / Lochboisdale,http://data.ordnancesurvey.co.uk/id/4000000074337732,http://www.ordnancesurvey.co.uk/xml/codelists/localtype.xml#village,,,,Na h-Eileanan an Iar,http://data.ordnancesurvey.co.uk/id/7000000000030022,http://data.ordnancesurvey.co.uk/ontology/admingeo/UnitaryAuthority,Scotland,http://data.ordnancesurvey.co.uk/id/7000000000041429,Scotland,http://data.ordnancesurvey.co.uk/id/country/scotland,,,
HS85UB,http://data.ordnancesurvey.co.uk/id/postcodeunit/HS85UB,HS8 5UB,,,,other,Postcode,77776.000,817702.000,3500,18000,,,,,,,Taobh a' Deas Baghasdail / South Lochboisdale,http://data.ordnancesurvey.co.uk/id/4000000074543019,http://www.ordnancesurvey.co.uk/xml/codelists/localtype.xml#otherSettlement,,,,Na h-Eileanan an Iar,http://data.ordnancesurvey.co.uk/id/7000000000030022,http://data.ordnancesurvey.co.uk/ontology/admingeo/UnitaryAuthority,Scotland,http://data.ordnancesurvey.co.uk/id/7000000000041429,Scotland,http://data.ordnancesurvey.co.uk/id/country/scotland,,,
HS85TT,http://data.ordnancesurvey.co.uk/id/postcodeunit/HS85TT,HS8 5TT,,,,other,Postcode,75238.000,814527.000,3500,18000,,,,,,,Cille Bhrìghde / West Kilbride,http://data.ordnancesurvey.co.uk/id/4000000074337690,http://www.ordnancesurvey.co.uk/xml/codelists/localtype.xml#otherSettlement,,,,Na h-Eileanan an Iar,http://data.ordnancesurvey.co.uk/id/7000000000030022,http://data.ordnancesurvey.co.uk/ontology/admingeo/UnitaryAuthority,Scotland,http://data.ordnancesurvey.co.uk/id/7000000000041429,Scotland,http://data.ordnancesurvey.co.uk/id/country/scotland,,,
HS85TX,http://data.ordnancesurvey.co.uk/id/postcodeunit/HS85TX,HS8 5TX,,,,other,Postcode,74938.000,816509.000,3500,18000,,,,,,,Geàrraidh na Mònadh,http://data.ordnancesurvey.co.uk/id/4000000074542465,http://www.ordnancesurvey.co.uk/xml/codelists/localtype.xml#village,,,,Na h-Eileanan an Iar,http://data.ordnancesurvey.co.uk/id/7000000000030022,http://data.ordnancesurvey.co.uk/ontology/admingeo/UnitaryAuthority,Scotland,http://data.ordnancesurvey.co.uk/id/7000000000041429,Scotland,http://data.ordnancesurvey.co.uk/id/country/scotland,,,
HS95YD,http://data.ordnancesurvey.co.uk/id/postcodeunit/HS95YD,HS9 5YD,,,,other,Postcode,70645.000,807467.000,3500,18000,,,,,,,Eòlaigearraidh / Eoligarry,http://data.ordnancesurvey.co.uk/id/4000000074572716,http://www.ordnancesurvey.co.uk/xml/codelists/localtype.xml#village,,,,Na h-Eileanan an Iar,http://data.ordnancesurvey.co.uk/id/7000000000030022,http://data.ordnancesurvey.co.uk/ontology/admingeo/UnitaryAuthority,Scotland,http://data.ordnancesurvey.co.uk/id/7000000000041429,Scotland,http://data.ordnancesurvey.co.uk/id/country/scotland,,,
HS85JW,http://data.ordnancesurvey.co.uk/id/postcodeunit/HS85JW,HS8 5JW,,,,other,Postcode,79070.000,810367.000,3500,18000,,,,,,,Pàirceanan,http://data.ordnancesurvey.co.uk/id/4000000074566039,http://www.ordnancesurvey.co.uk/xml/codelists/localtype.xml#hamlet,,,,Na h-Eileanan an Iar,http://data.ordnancesurvey.co.uk/id/7000000000030022,http://data.ordnancesurvey.co.uk/ontology/admingeo/UnitaryAuthority,Scotland,http://data.ordnancesurvey.co.uk/id/7000000000041429,Scotland,http://data.ordnancesurvey.co.uk/id/country/scotland,,,
HS85TP,http://data.ordnancesurvey.co.uk/id/postcodeunit/HS85TP,HS8 5TP,,,,other,Postcode,79251.000,819395.000,3500,18000,,,,,,,Loch Baghasdail / Lochboisdale,http://data.ordnancesurvey.co.uk/id/4000000074337732,http://www.ordnancesurvey.co.uk/xml/codelists/localtype.xml#village,,,,Na h-Eileanan an Iar,http://data.ordnancesurvey.co.uk/id/7000000000030022,http://data.ordnancesurvey.co.uk/ontology/admingeo/UnitaryAuthority,Scotland,http://data.ordnancesurvey.co.uk/id/7000000000041429,Scotland,http://data.ordnancesurvey.co.uk/id/country/scotland,,,
HS85TU,http://data.ordnancesurvey.co.uk/id/postcodeunit/HS85TU,HS8 5TU,,,,other,Postcode,74956.000,815477.000,3500,18000,,,,,,,Smeircleit / Smerclate,http://data.ordnancesurvey.co.uk/id/4000000074543136,http://www.ordnancesurvey.co.uk/xml/codelists/localtype.xml#hamlet,,,,Na h-Eileanan an Iar,http://data.ordnancesurvey.co.uk/id/7000000000030022,http://data.ordnancesurvey.co.uk/ontology/admingeo/UnitaryAuthority,Scotland,http://data.ordnancesurvey.co.uk/id/7000000000041429,Scotland,http://data.ordnancesurvey.co.uk/id/country/scotland,,,
HS85TY,http://data.ordnancesurvey.co.uk/id/postcodeunit/HS85TY,HS8 5TY,,,,other,Postcode,75707.000,816616.000,3500,18000,,,,,,,Geàrraidh na Mònadh,http://data.ordnancesurvey.co.uk/id/4000000074542465,http://www.ordnancesurvey.co.uk/xml/codelists/localtype.xml#village,,,,Na h-Eileanan an Iar,http://data.ordnancesurvey.co.uk/id/7000000000030022,http://data.ordnancesurvey.co.uk/ontology/admingeo/UnitaryAuthority,Scotland,http://data.ordnancesurvey.co.uk/id/7000000000041429,Scotland,http://data.ordnancesurvey.co.uk/id/country/scotland,,,
HS95YB,http://data.ordnancesurvey.co.uk/id/postcodeunit/HS95YB,HS9 5YB,,,,other,Postcode,70771.000,804267.000,3500,18000,,,,,,,Àird Mhòr / Ardmhor,http://data.ordnancesurvey.co.uk/id/4000000074566368,http://www.ordnancesurvey.co.uk/xml/codelists/localtype.xml#otherSettlement,,,,Na h-Eileanan an Iar,http://data.ordnancesurvey.co.uk/id/7000000000030022,http://data.ordnancesurvey.co.uk/ontology/admingeo/UnitaryAuthority,Scotland,http://data.ordnancesurvey.co.uk/id/7000000000041429,Scotland,http://data.ordnancesurvey.co.uk/id/country/scotland,,,
osgb4000000003423806,http://data.ordnancesurvey.co.uk/id/4000000003423806,B888,,,,transportNetwork,Numbered Road,75491.000,818000.000,45000,250000,74595.000,814412.007,75776.000,821379.000,HS8,http://data.ordnancesurvey.co.uk/id/postcodedistrict/HS8,,,,,,,Na h-Eileanan an Iar,http://data.ordnancesurvey.co.uk/id/7000000000030022,http://data.ordnancesurvey.co.uk/ontology/admingeo/UnitaryAuthority,Scotland,http://data.ordnancesurvey.co.uk/id/7000000000041429,Scotland,http://data.ordnancesurvey.co.uk/id/country/scotland,,,
osgb4000000003423782,http://data.ordnancesurvey.co.uk/id/4000000003423782,Cuithir,,,,transportNetwork,Named Road,67186.000,803362.000,1000,20000,67168.000,803337.555,67192.168,803392.000,HS9,http://data.ordnancesurvey.co.uk/id/postcodedistrict/HS9,Cuidhir,http://data.ordnancesurvey.co.uk/id/4000000074566369,http://www.ordnancesurvey.co.uk/xml/codelists/localtype.xml#hamlet,,,,Na h-Eileanan an Iar,http://data.ordnancesurvey.co.uk/id/7000000000030022,http://data.ordnancesurvey.co.uk/ontology/admingeo/UnitaryAuthority,Scotland,http://data.ordnancesurvey.co.uk/id/7000000000041429,Scotland,http://data.ordnancesurvey.co.uk/id/country/scotland,,,
osgb4000000003423790,http://data.ordnancesurvey.co.uk/id/4000000003423790,Braehead,,,,transportNetwork,Named Road,79039.000,819572.000,1000,20000,79039.000,819572.000,79051.524,819595.121,HS8,http://data.ordnancesurvey.co.uk/id/postcodedistrict/HS8,Loch Baghasdail / Lochboisdale,http://data.ordnancesurvey.co.uk/id/4000000074337732,http://www.ordnancesurvey.co.uk/xml/codelists/localtype.xml#village,,,,Na h-Eileanan an Iar,http://data.ordnancesurvey.co.uk/id/7000000000030022,http://data.ordnancesurvey.co.uk/ontology/admingeo/UnitaryAuthority,Scotland,http://data.ordnancesurvey.co.uk/id/7000000000041429,Scotland,http://data.ordnancesurvey.co.uk/id/country/scotland,,,
osgb4000000003423784,http://data.ordnancesurvey.co.uk/id/4000000003423784,Kenneth Terrace,,,,transportNetwork,Named Road,79191.000,819523.000,1000,20000,79157.000,819484.000,79218.000,819533.000,HS8,http://data.ordnancesurvey.co.uk/id/postcodedistrict/HS8,Loch Baghasdail / Lochboisdale,http://data.ordnancesurvey.co.uk/id/4000000074337732,http://www.ordnancesurvey.co.uk/xml/codelists/localtype.xml#village,,,,Na h-Eileanan an Iar,http://data.ordnancesurvey.co.uk/id/7000000000030022,http://data.ordnancesurvey.co.uk/ontology/admingeo/UnitaryAuthority,Scotland,http://data.ordnancesurvey.co.uk/id/7000000000041429,Scotland,http://data.ordnancesurvey.co.uk/id/country/scotland,,,
osgb4000000003423957,http://data.ordnancesurvey.co.uk/id/4000000003423957,Calabhaigh,,,,transportNetwork,Named Road,79310.193,819366.443,1000,20000,79298.859,819346.102,79311.193,819388.283,HS8,http://data.ordnancesurvey.co.uk/id/postcodedistrict/HS8,Loch Baghasdail / Lochboisdale,http://data.ordnancesurvey.co.uk/id/4000000074337732,http://www.ordnancesurvey.co.uk/xml/codelists/localtype.xml#village,,,,Na h-Eileanan an Iar,http://data.ordnancesurvey.co.uk/id/7000000000030022,http://data.ordnancesurvey.co.uk/ontology/admingeo/UnitaryAuthority,Scotland,http://data.ordnancesurvey.co.uk/id/7000000000041429,Scotland,http://data.ordnancesurvey.co.uk/id/country/scotland,,,
osgb4000000003423776,http://data.ordnancesurvey.co.uk/id/4000000003423776,St Michael's Drive,,,,transportNetwork,Named Road,78662.357,811810.235,1000,20000,78583.365,811808.035,78679.357,811859.087,HS8,http://data.ordnancesurvey.co.uk/id/postcodedistrict/HS8,Rubha Ban,http://data.ordnancesurvey.co.uk/id/4000000074337681,http://www.ordnancesurvey.co.uk/xml/codelists/localtype.xml#village,,,,Na h-Eileanan an Iar,http://data.ordnancesurvey.co.uk/id/7000000000030022,http://data.ordnancesurvey.co.uk/ontology/admingeo/UnitaryAuthority,Scotland,http://data.ordnancesurvey.co.uk/id/7000000000041429,Scotland,http://data.ordnancesurvey.co.uk/id/country/scotland,,,
osgb4000000003423956,http://data.ordnancesurvey.co.uk/id/4000000003423956,Slighe Choinnich,,,,transportNetwork,Named Road,79102.000,819607.000,1000,20000,78998.000,819523.000,79191.000,819633.000,HS8,http://data.ordnancesurvey.co.uk/id/postcodedistrict/HS8,Loch Baghasdail / Lochboisdale,http://data.ordnancesurvey.co.uk/id/4000000074337732,http://www.ordnancesurvey.co.uk/xml/codelists/localtype.xml#village,,,,Na h-Eileanan an Iar,http://data.ordnancesurvey.co.uk/id/7000000000030022,http://data.ordnancesurvey.co.uk/ontology/admingeo/UnitaryAuthority,Scotland,http://data.ordnancesurvey.co.uk/id/7000000000041429,Scotland,http://data.ordnancesurvey.co.uk/id/country/scotland,,,
HS95XU,http://data.ordnancesurvey.co.uk/id/postcodeunit/HS95XU,HS9 5XU,,,,other,Postcode,67202.000,803677.000,3500,18000,,,,,,,Grithean,http://data.ordnancesurvey.co.uk/id/4000000074566370,http://www.ordnancesurvey.co.uk/xml/codelists/localtype.xml#otherSettlement,,,,Na h-Eileanan an Iar,http://data.ordnancesurvey.co.uk/id/7000000000030022,http://data.ordnancesurvey.co.uk/ontology/admingeo/UnitaryAuthority,Scotland,http://data.ordnancesurvey.co.uk/id/7000000000041429,Scotland,http://data.ordnancesurvey.co.uk/id/country/scotland,,,
HS85JJ,http://data.ordnancesurvey.co.uk/id/postcodeunit/HS85JJ,HS8 5JJ,,,,other,Postcode,78638.000,811953.000,3500,18000,,,,,,,Rubha Ban,http://data.ordnancesurvey.co.uk/id/4000000074337681,http://www.ordnancesurvey.co.uk/xml/codelists/localtype.xml#village,,,,Na h-Eileanan an Iar,http://data.ordnancesurvey.co.uk/id/7000000000030022,http://data.ordnancesurvey.co.uk/ontology/admingeo/UnitaryAuthority,Scotland,http://data.ordnancesurvey.co.uk/id/7000000000041429,Scotland,http://data.ordnancesurvey.co.uk/id/country/scotland,,,
HS95XZ,http://data.ordnancesurvey.co.uk/id/postcodeunit/HS95XZ,HS9 5XZ,,,,other,Postcode,67199.000,803326.000,3500,18000,,,,,,,Cuidhir,http://data.ordnancesurvey.co.uk/id/4000000074566369,http://www.ordnancesurvey.co.uk/xml/codelists/localtype.xml#hamlet,,,,Na h-Eileanan an Iar,http://data.ordnancesurvey.co.uk/id/7000000000030022,http://data.ordnancesurvey.co.uk/ontology/admingeo/UnitaryAuthority,Scotland,http://data.ordnancesurvey.co.uk/id/7000000000041429,Scotland,http://data.ordnancesurvey.co.uk/id/country/scotland,,,
HS95YR,http://data.ordnancesurvey.co.uk/id/postcodeunit/HS95YR,HS9 5YR,,,,other,Postcode,70435.000,806698.000,3500,18000,,,,,,,Eòlaigearraidh / Eoligarry,http://data.ordnancesurvey.co.uk/id/4000000074572716,http://www.ordnancesurvey.co.uk/xml/codelists/localtype.xml#village,,,,Na h-Eileanan an Iar,http://data.ordnancesurvey.co.uk/id/7000000000030022,http://data.ordnancesurvey.co.uk/ontology/admingeo/UnitaryAuthority,Scotland,http://data.ordnancesurvey.co.uk/id/7000000000041429,Scotland,http://data.ordnancesurvey.co.uk/id/country/scotland,,,
HS85TH,http://data.ordnancesurvey.co.uk/id/postcodeunit/HS85TH,HS8 5TH,,,,other,Postcode,78656.000,819626.000,3500,18000,,,,,,,Loch Baghasdail / Lochboisdale,http://data.ordnancesurvey.co.uk/id/4000000074337732,http://www.ordnancesurvey.co.uk/xml/codelists/localtype.xml#village,,,,Na h-Eileanan an Iar,http://data.ordnancesurvey.co.uk/id/7000000000030022,http://data.ordnancesurvey.co.uk/ontology/admingeo/UnitaryAuthority,Scotland,http://data.ordnancesurvey.co.uk/id/7000000000041429,Scotland,http://data.ordnancesurvey.co.uk/id/country/scotland,,,
HS85JN,http://data.ordnancesurvey.co.uk/id/postcodeunit/HS85JN,HS8 5JN,,,,other,Postcode,78717.000,810533.000,3500,18000,,,,,,,Coilleag,http://data.ordnancesurvey.co.uk/id/4000000074566038,http://www.ordnancesurvey.co.uk/xml/codelists/localtype.xml#hamlet,,,,Na h-Eileanan an Iar,http://data.ordnancesurvey.co.uk/id/7000000000030022,http://data.ordnancesurvey.co.uk/ontology/admingeo/UnitaryAuthority,Scotland,http://data.ordnancesurvey.co.uk/id/7000000000041429,Scotland,http://data.ordnancesurvey.co.uk/id/country/scotland,,,
HS95XS,http://data.ordnancesurvey.co.uk/id/postcodeunit/HS95XS,HS9 5XS,,,,other,Postcode,65918.000,801597.000,3500,18000,,,,,,,Baile na Creige / Craigston,http://data.ordnancesurvey.co.uk/id/4000000074543075,http://www.ordnancesurvey.co.uk/xml/codelists/localtype.xml#otherSettlement,,,,Na h-Eileanan an Iar,http://data.ordnancesurvey.co.uk/id/7000000000030022,http://data.ordnancesurvey.co.uk/ontology/admingeo/UnitaryAuthority,Scotland,http://data.ordnancesurvey.co.uk/id/7000000000041429,Scotland,http://data.ordnancesurvey.co.uk/id/country/scotland,,,
