﻿osgb4000000074543203,http://data.ordnancesurvey.co.uk/id/4000000074543203,Kilerivagh,eng,Cill Eireabhagh,gla,populatedPlace,Hamlet,82323.000,848456.000,5000,25000,81700.232,848231.914,82700.630,848731.914,HS7,http://data.ordnancesurvey.co.uk/id/postcodedistrict/HS7,,,,,,,Na h-Eileanan an Iar,http://data.ordnancesurvey.co.uk/id/7000000000030022,http://data.ordnancesurvey.co.uk/ontology/admingeo/UnitaryAuthority,Scotland,http://data.ordnancesurvey.co.uk/id/7000000000041429,Scotland,http://data.ordnancesurvey.co.uk/id/country/scotland,,,
osgb4000000074337286,http://data.ordnancesurvey.co.uk/id/4000000074337286,Tholmair,,,,populatedPlace,Hamlet,82998.000,843027.000,5000,25000,82444.242,842092.483,83323.990,843374.386,HS8,http://data.ordnancesurvey.co.uk/id/postcodedistrict/HS8,,,,,,,Na h-Eileanan an Iar,http://data.ordnancesurvey.co.uk/id/7000000000030022,http://data.ordnancesurvey.co.uk/ontology/admingeo/UnitaryAuthority,Scotland,http://data.ordnancesurvey.co.uk/id/7000000000041429,Scotland,http://data.ordnancesurvey.co.uk/id/country/scotland,,,
osgb4000000074337236,http://data.ordnancesurvey.co.uk/id/4000000074337236,Cnoc Cuidhein,,,,populatedPlace,Other Settlement,84852.440,859422.430,15000,25000,83555.231,859234.866,85158.879,860044.234,HS6,http://data.ordnancesurvey.co.uk/id/postcodedistrict/HS6,,,,,,,Na h-Eileanan an Iar,http://data.ordnancesurvey.co.uk/id/7000000000030022,http://data.ordnancesurvey.co.uk/ontology/admingeo/UnitaryAuthority,Scotland,http://data.ordnancesurvey.co.uk/id/7000000000041429,Scotland,http://data.ordnancesurvey.co.uk/id/country/scotland,,,
osgb4000000074564188,http://data.ordnancesurvey.co.uk/id/4000000074564188,Flodaigh,,,,populatedPlace,Hamlet,84371.120,855136.820,5000,25000,84052.911,854690.377,84600.870,855499.735,HS7,http://data.ordnancesurvey.co.uk/id/postcodedistrict/HS7,,,,,,,Na h-Eileanan an Iar,http://data.ordnancesurvey.co.uk/id/7000000000030022,http://data.ordnancesurvey.co.uk/ontology/admingeo/UnitaryAuthority,Scotland,http://data.ordnancesurvey.co.uk/id/7000000000041429,Scotland,http://data.ordnancesurvey.co.uk/id/country/scotland,,,
osgb4000000074337004,http://data.ordnancesurvey.co.uk/id/4000000074337004,Baile Glas,,,,populatedPlace,Hamlet,84822.000,857710.000,5000,25000,84609.175,857465.391,85109.175,857965.391,HS6,http://data.ordnancesurvey.co.uk/id/postcodedistrict/HS6,,,,,,,Na h-Eileanan an Iar,http://data.ordnancesurvey.co.uk/id/7000000000030022,http://data.ordnancesurvey.co.uk/ontology/admingeo/UnitaryAuthority,Scotland,http://data.ordnancesurvey.co.uk/id/7000000000041429,Scotland,http://data.ordnancesurvey.co.uk/id/country/scotland,,http://dbpedia.org/resource/Baile_Glas,
osgb4000000074337237,http://data.ordnancesurvey.co.uk/id/4000000074337237,Cladach Chairinis,,,,populatedPlace,Hamlet,85536.330,858924.370,5000,25000,84837.140,858556.210,85887.800,859184.600,HS6,http://data.ordnancesurvey.co.uk/id/postcodedistrict/HS6,,,,,,,Na h-Eileanan an Iar,http://data.ordnancesurvey.co.uk/id/7000000000030022,http://data.ordnancesurvey.co.uk/ontology/admingeo/UnitaryAuthority,Scotland,http://data.ordnancesurvey.co.uk/id/7000000000041429,Scotland,http://data.ordnancesurvey.co.uk/id/country/scotland,,,
osgb4000000074564189,http://data.ordnancesurvey.co.uk/id/4000000074564189,Scotvein,eng,Scotbheinn,gla,populatedPlace,Other Settlement,85677.230,855955.970,15000,25000,85445.420,855635.466,86757.489,856258.828,HS6,http://data.ordnancesurvey.co.uk/id/postcodedistrict/HS6,,,,,,,Na h-Eileanan an Iar,http://data.ordnancesurvey.co.uk/id/7000000000030022,http://data.ordnancesurvey.co.uk/ontology/admingeo/UnitaryAuthority,Scotland,http://data.ordnancesurvey.co.uk/id/7000000000041429,Scotland,http://data.ordnancesurvey.co.uk/id/country/scotland,,,
osgb4000000074543414,http://data.ordnancesurvey.co.uk/id/4000000074543414,Lochcarnan,eng,Loch a' Chàrnain,gla,populatedPlace,Other Settlement,80740.000,843924.000,15000,25000,80699.843,843344.224,82278.351,844349.647,HS8,http://data.ordnancesurvey.co.uk/id/postcodedistrict/HS8,,,,,,,Na h-Eileanan an Iar,http://data.ordnancesurvey.co.uk/id/7000000000030022,http://data.ordnancesurvey.co.uk/ontology/admingeo/UnitaryAuthority,Scotland,http://data.ordnancesurvey.co.uk/id/7000000000041429,Scotland,http://data.ordnancesurvey.co.uk/id/country/scotland,,,
osgb4000000074542632,http://data.ordnancesurvey.co.uk/id/4000000074542632,Àird nan Strùban,,,,populatedPlace,Hamlet,84503.000,857352.000,5000,25000,83997.620,856741.430,85063.360,857711.662,HS6,http://data.ordnancesurvey.co.uk/id/postcodedistrict/HS6,,,,,,,Na h-Eileanan an Iar,http://data.ordnancesurvey.co.uk/id/7000000000030022,http://data.ordnancesurvey.co.uk/ontology/admingeo/UnitaryAuthority,Scotland,http://data.ordnancesurvey.co.uk/id/7000000000041429,Scotland,http://data.ordnancesurvey.co.uk/id/country/scotland,,,
osgb4000000074337240,http://data.ordnancesurvey.co.uk/id/4000000074337240,Rubha Dubh,,,,populatedPlace,Hamlet,85190.400,856753.310,5000,25000,85062.200,856042.660,85562.200,856857.056,HS6,http://data.ordnancesurvey.co.uk/id/postcodedistrict/HS6,,,,,,,Na h-Eileanan an Iar,http://data.ordnancesurvey.co.uk/id/7000000000030022,http://data.ordnancesurvey.co.uk/ontology/admingeo/UnitaryAuthority,Scotland,http://data.ordnancesurvey.co.uk/id/7000000000041429,Scotland,http://data.ordnancesurvey.co.uk/id/country/scotland,,,
osgb4000000074337246,http://data.ordnancesurvey.co.uk/id/4000000074337246,Gramasdal,,,,populatedPlace,Other Settlement,81966.750,855635.090,15000,25000,81065.816,855504.764,82781.061,856304.075,HS7,http://data.ordnancesurvey.co.uk/id/postcodedistrict/HS7,,,,,,,Na h-Eileanan an Iar,http://data.ordnancesurvey.co.uk/id/7000000000030022,http://data.ordnancesurvey.co.uk/ontology/admingeo/UnitaryAuthority,Scotland,http://data.ordnancesurvey.co.uk/id/7000000000041429,Scotland,http://data.ordnancesurvey.co.uk/id/country/scotland,,,http://sws.geonames.org/2648230
osgb4000000074543338,http://data.ordnancesurvey.co.uk/id/4000000074543338,Hacklet,eng,Haclait,gla,populatedPlace,Other Settlement,81298.000,848184.000,15000,25000,80714.923,847124.602,82122.512,848768.462,HS7,http://data.ordnancesurvey.co.uk/id/postcodedistrict/HS7,,,,,,,Na h-Eileanan an Iar,http://data.ordnancesurvey.co.uk/id/7000000000030022,http://data.ordnancesurvey.co.uk/ontology/admingeo/UnitaryAuthority,Scotland,http://data.ordnancesurvey.co.uk/id/7000000000041429,Scotland,http://data.ordnancesurvey.co.uk/id/country/scotland,,,
osgb4000000074543202,http://data.ordnancesurvey.co.uk/id/4000000074543202,Grimsay,eng,Griomasaigh,gla,populatedPlace,Hamlet,82931.000,847393.000,5000,25000,82554.841,846863.187,83615.560,847918.885,HS7,http://data.ordnancesurvey.co.uk/id/postcodedistrict/HS7,,,,,,,Na h-Eileanan an Iar,http://data.ordnancesurvey.co.uk/id/7000000000030022,http://data.ordnancesurvey.co.uk/ontology/admingeo/UnitaryAuthority,Scotland,http://data.ordnancesurvey.co.uk/id/7000000000041429,Scotland,http://data.ordnancesurvey.co.uk/id/country/scotland,,,
osgb4000000074573058,http://data.ordnancesurvey.co.uk/id/4000000074573058,Gearraidh Dubh,gla,Gearradubh,eng,populatedPlace,Other Settlement,85683.480,857608.870,15000,25000,85194.069,857254.193,86415.649,858123.884,HS6,http://data.ordnancesurvey.co.uk/id/postcodedistrict/HS6,,,,,,,Na h-Eileanan an Iar,http://data.ordnancesurvey.co.uk/id/7000000000030022,http://data.ordnancesurvey.co.uk/ontology/admingeo/UnitaryAuthority,Scotland,http://data.ordnancesurvey.co.uk/id/7000000000041429,Scotland,http://data.ordnancesurvey.co.uk/id/country/scotland,,,
osgb4000000074337277,http://data.ordnancesurvey.co.uk/id/4000000074337277,Creag Ghoraidh,gla,Creagory,eng,populatedPlace,Village,80273.000,847816.000,9000,250000,79422.963,847496.606,80644.543,848904.193,HS7,http://data.ordnancesurvey.co.uk/id/postcodedistrict/HS7,,,,,,,Na h-Eileanan an Iar,http://data.ordnancesurvey.co.uk/id/7000000000030022,http://data.ordnancesurvey.co.uk/ontology/admingeo/UnitaryAuthority,Scotland,http://data.ordnancesurvey.co.uk/id/7000000000041429,Scotland,http://data.ordnancesurvey.co.uk/id/country/scotland,,,
osgb4000000074563559,http://data.ordnancesurvey.co.uk/id/4000000074563559,Rhughasinish,eng,Rubha Ghaisinis,gla,populatedPlace,Hamlet,80651.420,845126.890,5000,25000,80549.032,844259.219,82588.815,845345.012,HS8,http://data.ordnancesurvey.co.uk/id/postcodedistrict/HS8,,,,,,,Na h-Eileanan an Iar,http://data.ordnancesurvey.co.uk/id/7000000000030022,http://data.ordnancesurvey.co.uk/ontology/admingeo/UnitaryAuthority,Scotland,http://data.ordnancesurvey.co.uk/id/7000000000041429,Scotland,http://data.ordnancesurvey.co.uk/id/country/scotland,,,
osgb4000000074543201,http://data.ordnancesurvey.co.uk/id/4000000074543201,Àird Cumhang,,,,populatedPlace,Hamlet,84542.030,847768.290,5000,25000,83213.391,847648.771,84726.549,848148.771,HS7,http://data.ordnancesurvey.co.uk/id/postcodedistrict/HS7,,,,,,,Na h-Eileanan an Iar,http://data.ordnancesurvey.co.uk/id/7000000000030022,http://data.ordnancesurvey.co.uk/ontology/admingeo/UnitaryAuthority,Scotland,http://data.ordnancesurvey.co.uk/id/7000000000041429,Scotland,http://data.ordnancesurvey.co.uk/id/country/scotland,,,
osgb4000000074564190,http://data.ordnancesurvey.co.uk/id/4000000074564190,Kyles Flodda,eng,Caolas Fhlodaigh,gla,populatedPlace,Hamlet,82852.000,855462.000,5000,25000,82776.032,855124.061,83836.750,855624.061,HS7,http://data.ordnancesurvey.co.uk/id/postcodedistrict/HS7,,,,,,,Na h-Eileanan an Iar,http://data.ordnancesurvey.co.uk/id/7000000000030022,http://data.ordnancesurvey.co.uk/ontology/admingeo/UnitaryAuthority,Scotland,http://data.ordnancesurvey.co.uk/id/7000000000041429,Scotland,http://data.ordnancesurvey.co.uk/id/country/scotland,,,
osgb4000000074563868,http://data.ordnancesurvey.co.uk/id/4000000074563868,Ceallan,gla,Kallin,eng,populatedPlace,Village,87734.270,855102.520,11000,250000,86636.839,854670.272,88280.698,856061.484,HS6,http://data.ordnancesurvey.co.uk/id/postcodedistrict/HS6,,,,,,,Na h-Eileanan an Iar,http://data.ordnancesurvey.co.uk/id/7000000000030022,http://data.ordnancesurvey.co.uk/ontology/admingeo/UnitaryAuthority,Scotland,http://data.ordnancesurvey.co.uk/id/7000000000041429,Scotland,http://data.ordnancesurvey.co.uk/id/country/scotland,,,
osgb4000000074564499,http://data.ordnancesurvey.co.uk/id/4000000074564499,Seana Bhaile,,,,populatedPlace,Hamlet,86287.000,858024.000,5000,25000,86052.539,857790.933,86552.539,858290.933,HS6,http://data.ordnancesurvey.co.uk/id/postcodedistrict/HS6,,,,,,,Na h-Eileanan an Iar,http://data.ordnancesurvey.co.uk/id/7000000000030022,http://data.ordnancesurvey.co.uk/ontology/admingeo/UnitaryAuthority,Scotland,http://data.ordnancesurvey.co.uk/id/7000000000041429,Scotland,http://data.ordnancesurvey.co.uk/id/country/scotland,,,
osgb4000000074337242,http://data.ordnancesurvey.co.uk/id/4000000074337242,Bàgh Mòr,,,,populatedPlace,Hamlet,87207.000,856348.000,5000,25000,86993.768,855987.365,87526.638,856691.154,HS6,http://data.ordnancesurvey.co.uk/id/postcodedistrict/HS6,,,,,,,Na h-Eileanan an Iar,http://data.ordnancesurvey.co.uk/id/7000000000030022,http://data.ordnancesurvey.co.uk/ontology/admingeo/UnitaryAuthority,Scotland,http://data.ordnancesurvey.co.uk/id/7000000000041429,Scotland,http://data.ordnancesurvey.co.uk/id/country/scotland,,,
HS65JB,http://data.ordnancesurvey.co.uk/id/postcodeunit/HS65JB,HS6 5JB,,,,other,Postcode,85158.000,856547.000,3500,18000,,,,,,,Rubha Dubh,http://data.ordnancesurvey.co.uk/id/4000000074337240,http://www.ordnancesurvey.co.uk/xml/codelists/localtype.xml#hamlet,,,,Na h-Eileanan an Iar,http://data.ordnancesurvey.co.uk/id/7000000000030022,http://data.ordnancesurvey.co.uk/ontology/admingeo/UnitaryAuthority,Scotland,http://data.ordnancesurvey.co.uk/id/7000000000041429,Scotland,http://data.ordnancesurvey.co.uk/id/country/scotland,,,
HS75QP,http://data.ordnancesurvey.co.uk/id/postcodeunit/HS75QP,HS7 5QP,,,,other,Postcode,82124.000,855663.000,3500,18000,,,,,,,Gramasdal,http://data.ordnancesurvey.co.uk/id/4000000074337246,http://www.ordnancesurvey.co.uk/xml/codelists/localtype.xml#otherSettlement,,,,Na h-Eileanan an Iar,http://data.ordnancesurvey.co.uk/id/7000000000030022,http://data.ordnancesurvey.co.uk/ontology/admingeo/UnitaryAuthority,Scotland,http://data.ordnancesurvey.co.uk/id/7000000000041429,Scotland,http://data.ordnancesurvey.co.uk/id/country/scotland,,,
HS65HL,http://data.ordnancesurvey.co.uk/id/postcodeunit/HS65HL,HS6 5HL,,,,other,Postcode,81586.000,859669.000,3500,18000,,,,,,,Cairinis,http://data.ordnancesurvey.co.uk/id/4000000074542538,http://www.ordnancesurvey.co.uk/xml/codelists/localtype.xml#village,,,,Na h-Eileanan an Iar,http://data.ordnancesurvey.co.uk/id/7000000000030022,http://data.ordnancesurvey.co.uk/ontology/admingeo/UnitaryAuthority,Scotland,http://data.ordnancesurvey.co.uk/id/7000000000041429,Scotland,http://data.ordnancesurvey.co.uk/id/country/scotland,,,
HS85PE,http://data.ordnancesurvey.co.uk/id/postcodeunit/HS85PE,HS8 5PE,,,,other,Postcode,81396.000,845151.000,3500,18000,,,,,,,Rhughasinish / Rubha Ghaisinis,http://data.ordnancesurvey.co.uk/id/4000000074563559,http://www.ordnancesurvey.co.uk/xml/codelists/localtype.xml#hamlet,,,,Na h-Eileanan an Iar,http://data.ordnancesurvey.co.uk/id/7000000000030022,http://data.ordnancesurvey.co.uk/ontology/admingeo/UnitaryAuthority,Scotland,http://data.ordnancesurvey.co.uk/id/7000000000041429,Scotland,http://data.ordnancesurvey.co.uk/id/country/scotland,,,
HS65HP,http://data.ordnancesurvey.co.uk/id/postcodeunit/HS65HP,HS6 5HP,,,,other,Postcode,85213.000,858955.000,3500,18000,,,,,,,Cladach Chairinis,http://data.ordnancesurvey.co.uk/id/4000000074337237,http://www.ordnancesurvey.co.uk/xml/codelists/localtype.xml#hamlet,,,,Na h-Eileanan an Iar,http://data.ordnancesurvey.co.uk/id/7000000000030022,http://data.ordnancesurvey.co.uk/ontology/admingeo/UnitaryAuthority,Scotland,http://data.ordnancesurvey.co.uk/id/7000000000041429,Scotland,http://data.ordnancesurvey.co.uk/id/country/scotland,,,
HS65HU,http://data.ordnancesurvey.co.uk/id/postcodeunit/HS65HU,HS6 5HU,,,,other,Postcode,85673.000,857749.000,3500,18000,,,,,,,Gearraidh Dubh / Gearradubh,http://data.ordnancesurvey.co.uk/id/4000000074573058,http://www.ordnancesurvey.co.uk/xml/codelists/localtype.xml#otherSettlement,,,,Na h-Eileanan an Iar,http://data.ordnancesurvey.co.uk/id/7000000000030022,http://data.ordnancesurvey.co.uk/ontology/admingeo/UnitaryAuthority,Scotland,http://data.ordnancesurvey.co.uk/id/7000000000041429,Scotland,http://data.ordnancesurvey.co.uk/id/country/scotland,,,
HS85NZ,http://data.ordnancesurvey.co.uk/id/postcodeunit/HS85NZ,HS8 5NZ,,,,other,Postcode,83337.000,840402.000,3500,18000,,,,,,,,,,,,,Na h-Eileanan an Iar,http://data.ordnancesurvey.co.uk/id/7000000000030022,http://data.ordnancesurvey.co.uk/ontology/admingeo/UnitaryAuthority,Scotland,http://data.ordnancesurvey.co.uk/id/7000000000041429,Scotland,http://data.ordnancesurvey.co.uk/id/country/scotland,,,
HS75QH,http://data.ordnancesurvey.co.uk/id/postcodeunit/HS75QH,HS7 5QH,,,,other,Postcode,85694.000,848092.000,3500,18000,,,,,,,,,,,,,Na h-Eileanan an Iar,http://data.ordnancesurvey.co.uk/id/7000000000030022,http://data.ordnancesurvey.co.uk/ontology/admingeo/UnitaryAuthority,Scotland,http://data.ordnancesurvey.co.uk/id/7000000000041429,Scotland,http://data.ordnancesurvey.co.uk/id/country/scotland,,,
HS85QY,http://data.ordnancesurvey.co.uk/id/postcodeunit/HS85QY,HS8 5QY,,,,other,Postcode,80026.000,845788.000,3500,18000,,,,,,,Ardmore / Àird Mhòr,http://data.ordnancesurvey.co.uk/id/4000000074542577,http://www.ordnancesurvey.co.uk/xml/codelists/localtype.xml#otherSettlement,,,,Na h-Eileanan an Iar,http://data.ordnancesurvey.co.uk/id/7000000000030022,http://data.ordnancesurvey.co.uk/ontology/admingeo/UnitaryAuthority,Scotland,http://data.ordnancesurvey.co.uk/id/7000000000041429,Scotland,http://data.ordnancesurvey.co.uk/id/country/scotland,,,
HS75QD,http://data.ordnancesurvey.co.uk/id/postcodeunit/HS75QD,HS7 5QD,,,,other,Postcode,81332.000,848247.000,3500,18000,,,,,,,Hacklet / Haclait,http://data.ordnancesurvey.co.uk/id/4000000074543338,http://www.ordnancesurvey.co.uk/xml/codelists/localtype.xml#otherSettlement,,,,Na h-Eileanan an Iar,http://data.ordnancesurvey.co.uk/id/7000000000030022,http://data.ordnancesurvey.co.uk/ontology/admingeo/UnitaryAuthority,Scotland,http://data.ordnancesurvey.co.uk/id/7000000000041429,Scotland,http://data.ordnancesurvey.co.uk/id/country/scotland,,,
HS65JA,http://data.ordnancesurvey.co.uk/id/postcodeunit/HS65JA,HS6 5JA,,,,other,Postcode,86144.000,856068.000,3500,18000,,,,,,,Scotvein / Scotbheinn,http://data.ordnancesurvey.co.uk/id/4000000074564189,http://www.ordnancesurvey.co.uk/xml/codelists/localtype.xml#otherSettlement,,,,Na h-Eileanan an Iar,http://data.ordnancesurvey.co.uk/id/7000000000030022,http://data.ordnancesurvey.co.uk/ontology/admingeo/UnitaryAuthority,Scotland,http://data.ordnancesurvey.co.uk/id/7000000000041429,Scotland,http://data.ordnancesurvey.co.uk/id/country/scotland,,,
HS75QL,http://data.ordnancesurvey.co.uk/id/postcodeunit/HS75QL,HS7 5QL,,,,other,Postcode,86058.000,848478.000,3500,18000,,,,,,,,,,,,,Na h-Eileanan an Iar,http://data.ordnancesurvey.co.uk/id/7000000000030022,http://data.ordnancesurvey.co.uk/ontology/admingeo/UnitaryAuthority,Scotland,http://data.ordnancesurvey.co.uk/id/7000000000041429,Scotland,http://data.ordnancesurvey.co.uk/id/country/scotland,,,
HS65HY,http://data.ordnancesurvey.co.uk/id/postcodeunit/HS65HY,HS6 5HY,,,,other,Postcode,87863.000,855296.000,3500,18000,,,,,,,Ceallan / Kallin,http://data.ordnancesurvey.co.uk/id/4000000074563868,http://www.ordnancesurvey.co.uk/xml/codelists/localtype.xml#village,,,,Na h-Eileanan an Iar,http://data.ordnancesurvey.co.uk/id/7000000000030022,http://data.ordnancesurvey.co.uk/ontology/admingeo/UnitaryAuthority,Scotland,http://data.ordnancesurvey.co.uk/id/7000000000041429,Scotland,http://data.ordnancesurvey.co.uk/id/country/scotland,,,
HS65HX,http://data.ordnancesurvey.co.uk/id/postcodeunit/HS65HX,HS6 5HX,,,,other,Postcode,87232.000,856372.000,3500,18000,,,,,,,Bàgh Mòr,http://data.ordnancesurvey.co.uk/id/4000000074337242,http://www.ordnancesurvey.co.uk/xml/codelists/localtype.xml#hamlet,,,,Na h-Eileanan an Iar,http://data.ordnancesurvey.co.uk/id/7000000000030022,http://data.ordnancesurvey.co.uk/ontology/admingeo/UnitaryAuthority,Scotland,http://data.ordnancesurvey.co.uk/id/7000000000041429,Scotland,http://data.ordnancesurvey.co.uk/id/country/scotland,,,
HS75PS,http://data.ordnancesurvey.co.uk/id/postcodeunit/HS75PS,HS7 5PS,,,,other,Postcode,83049.000,847207.000,3500,18000,,,,,,,Grimsay / Griomasaigh,http://data.ordnancesurvey.co.uk/id/4000000074543202,http://www.ordnancesurvey.co.uk/xml/codelists/localtype.xml#hamlet,,,,Na h-Eileanan an Iar,http://data.ordnancesurvey.co.uk/id/7000000000030022,http://data.ordnancesurvey.co.uk/ontology/admingeo/UnitaryAuthority,Scotland,http://data.ordnancesurvey.co.uk/id/7000000000041429,Scotland,http://data.ordnancesurvey.co.uk/id/country/scotland,,,
HS65HN,http://data.ordnancesurvey.co.uk/id/postcodeunit/HS65HN,HS6 5HN,,,,other,Postcode,83847.000,859765.000,3500,18000,,,,,,,Cnoc Cuidhein,http://data.ordnancesurvey.co.uk/id/4000000074337236,http://www.ordnancesurvey.co.uk/xml/codelists/localtype.xml#otherSettlement,,,,Na h-Eileanan an Iar,http://data.ordnancesurvey.co.uk/id/7000000000030022,http://data.ordnancesurvey.co.uk/ontology/admingeo/UnitaryAuthority,Scotland,http://data.ordnancesurvey.co.uk/id/7000000000041429,Scotland,http://data.ordnancesurvey.co.uk/id/country/scotland,,,
HS75PZ,http://data.ordnancesurvey.co.uk/id/postcodeunit/HS75PZ,HS7 5PZ,,,,other,Postcode,80030.000,850378.000,3500,18000,,,,,,,Torlum,http://data.ordnancesurvey.co.uk/id/4000000074337275,http://www.ordnancesurvey.co.uk/xml/codelists/localtype.xml#village,,,,Na h-Eileanan an Iar,http://data.ordnancesurvey.co.uk/id/7000000000030022,http://data.ordnancesurvey.co.uk/ontology/admingeo/UnitaryAuthority,Scotland,http://data.ordnancesurvey.co.uk/id/7000000000041429,Scotland,http://data.ordnancesurvey.co.uk/id/country/scotland,,,
HS75PT,http://data.ordnancesurvey.co.uk/id/postcodeunit/HS75PT,HS7 5PT,,,,other,Postcode,84575.000,846160.000,3500,18000,,,,,,,,,,,,,Na h-Eileanan an Iar,http://data.ordnancesurvey.co.uk/id/7000000000030022,http://data.ordnancesurvey.co.uk/ontology/admingeo/UnitaryAuthority,Scotland,http://data.ordnancesurvey.co.uk/id/7000000000041429,Scotland,http://data.ordnancesurvey.co.uk/id/country/scotland,,,
HS85NX,http://data.ordnancesurvey.co.uk/id/postcodeunit/HS85NX,HS8 5NX,,,,other,Postcode,83030.000,842946.000,3500,18000,,,,,,,Tholmair,http://data.ordnancesurvey.co.uk/id/4000000074337286,http://www.ordnancesurvey.co.uk/xml/codelists/localtype.xml#hamlet,,,,Na h-Eileanan an Iar,http://data.ordnancesurvey.co.uk/id/7000000000030022,http://data.ordnancesurvey.co.uk/ontology/admingeo/UnitaryAuthority,Scotland,http://data.ordnancesurvey.co.uk/id/7000000000041429,Scotland,http://data.ordnancesurvey.co.uk/id/country/scotland,,,
HS85NA,http://data.ordnancesurvey.co.uk/id/postcodeunit/HS85NA,HS8 5NA,,,,other,Postcode,83797.000,841394.000,3500,18000,,,,,,,,,,,,,Na h-Eileanan an Iar,http://data.ordnancesurvey.co.uk/id/7000000000030022,http://data.ordnancesurvey.co.uk/ontology/admingeo/UnitaryAuthority,Scotland,http://data.ordnancesurvey.co.uk/id/7000000000041429,Scotland,http://data.ordnancesurvey.co.uk/id/country/scotland,,,
HS85PD,http://data.ordnancesurvey.co.uk/id/postcodeunit/HS85PD,HS8 5PD,,,,other,Postcode,82193.000,843432.000,3500,18000,,,,,,,Lochcarnan / Loch a' Chàrnain,http://data.ordnancesurvey.co.uk/id/4000000074543414,http://www.ordnancesurvey.co.uk/xml/codelists/localtype.xml#otherSettlement,,,,Na h-Eileanan an Iar,http://data.ordnancesurvey.co.uk/id/7000000000030022,http://data.ordnancesurvey.co.uk/ontology/admingeo/UnitaryAuthority,Scotland,http://data.ordnancesurvey.co.uk/id/7000000000041429,Scotland,http://data.ordnancesurvey.co.uk/id/country/scotland,,,
HS75PR,http://data.ordnancesurvey.co.uk/id/postcodeunit/HS75PR,HS7 5PR,,,,other,Postcode,81250.000,847916.000,3500,18000,,,,,,,Hacklet / Haclait,http://data.ordnancesurvey.co.uk/id/4000000074543338,http://www.ordnancesurvey.co.uk/xml/codelists/localtype.xml#otherSettlement,,,,Na h-Eileanan an Iar,http://data.ordnancesurvey.co.uk/id/7000000000030022,http://data.ordnancesurvey.co.uk/ontology/admingeo/UnitaryAuthority,Scotland,http://data.ordnancesurvey.co.uk/id/7000000000041429,Scotland,http://data.ordnancesurvey.co.uk/id/country/scotland,,,
HS65HT,http://data.ordnancesurvey.co.uk/id/postcodeunit/HS65HT,HS6 5HT,,,,other,Postcode,84544.000,857367.000,3500,18000,,,,,,,Àird nan Strùban,http://data.ordnancesurvey.co.uk/id/4000000074542632,http://www.ordnancesurvey.co.uk/xml/codelists/localtype.xml#hamlet,,,,Na h-Eileanan an Iar,http://data.ordnancesurvey.co.uk/id/7000000000030022,http://data.ordnancesurvey.co.uk/ontology/admingeo/UnitaryAuthority,Scotland,http://data.ordnancesurvey.co.uk/id/7000000000041429,Scotland,http://data.ordnancesurvey.co.uk/id/country/scotland,,,
HS75PW,http://data.ordnancesurvey.co.uk/id/postcodeunit/HS75PW,HS7 5PW,,,,other,Postcode,80122.000,848014.000,3500,18000,,,,,,,Creag Ghoraidh / Creagory,http://data.ordnancesurvey.co.uk/id/4000000074337277,http://www.ordnancesurvey.co.uk/xml/codelists/localtype.xml#village,,,,Na h-Eileanan an Iar,http://data.ordnancesurvey.co.uk/id/7000000000030022,http://data.ordnancesurvey.co.uk/ontology/admingeo/UnitaryAuthority,Scotland,http://data.ordnancesurvey.co.uk/id/7000000000041429,Scotland,http://data.ordnancesurvey.co.uk/id/country/scotland,,,
HS75QR,http://data.ordnancesurvey.co.uk/id/postcodeunit/HS75QR,HS7 5QR,,,,other,Postcode,83294.000,855287.000,3500,18000,,,,,,,Kyles Flodda / Caolas Fhlodaigh,http://data.ordnancesurvey.co.uk/id/4000000074564190,http://www.ordnancesurvey.co.uk/xml/codelists/localtype.xml#hamlet,,,,Na h-Eileanan an Iar,http://data.ordnancesurvey.co.uk/id/7000000000030022,http://data.ordnancesurvey.co.uk/ontology/admingeo/UnitaryAuthority,Scotland,http://data.ordnancesurvey.co.uk/id/7000000000041429,Scotland,http://data.ordnancesurvey.co.uk/id/country/scotland,,,
HS75LY,http://data.ordnancesurvey.co.uk/id/postcodeunit/HS75LY,HS7 5LY,,,,other,Postcode,80182.000,855789.000,3500,18000,,,,,,,Uachdar,http://data.ordnancesurvey.co.uk/id/4000000074541942,http://www.ordnancesurvey.co.uk/xml/codelists/localtype.xml#village,,,,Na h-Eileanan an Iar,http://data.ordnancesurvey.co.uk/id/7000000000030022,http://data.ordnancesurvey.co.uk/ontology/admingeo/UnitaryAuthority,Scotland,http://data.ordnancesurvey.co.uk/id/7000000000041429,Scotland,http://data.ordnancesurvey.co.uk/id/country/scotland,,,
HS75QG,http://data.ordnancesurvey.co.uk/id/postcodeunit/HS75QG,HS7 5QG,,,,other,Postcode,83761.000,847934.000,3500,18000,,,,,,,Àird Cumhang,http://data.ordnancesurvey.co.uk/id/4000000074543201,http://www.ordnancesurvey.co.uk/xml/codelists/localtype.xml#hamlet,,,,Na h-Eileanan an Iar,http://data.ordnancesurvey.co.uk/id/7000000000030022,http://data.ordnancesurvey.co.uk/ontology/admingeo/UnitaryAuthority,Scotland,http://data.ordnancesurvey.co.uk/id/7000000000041429,Scotland,http://data.ordnancesurvey.co.uk/id/country/scotland,,,
HS65HW,http://data.ordnancesurvey.co.uk/id/postcodeunit/HS65HW,HS6 5HW,,,,other,Postcode,84609.000,859809.000,3500,18000,,,,,,,Cnoc Cuidhein,http://data.ordnancesurvey.co.uk/id/4000000074337236,http://www.ordnancesurvey.co.uk/xml/codelists/localtype.xml#otherSettlement,,,,Na h-Eileanan an Iar,http://data.ordnancesurvey.co.uk/id/7000000000030022,http://data.ordnancesurvey.co.uk/ontology/admingeo/UnitaryAuthority,Scotland,http://data.ordnancesurvey.co.uk/id/7000000000041429,Scotland,http://data.ordnancesurvey.co.uk/id/country/scotland,,,
HS85NY,http://data.ordnancesurvey.co.uk/id/postcodeunit/HS85NY,HS8 5NY,,,,other,Postcode,83258.000,842165.000,3500,18000,,,,,,,Tholmair,http://data.ordnancesurvey.co.uk/id/4000000074337286,http://www.ordnancesurvey.co.uk/xml/codelists/localtype.xml#hamlet,,,,Na h-Eileanan an Iar,http://data.ordnancesurvey.co.uk/id/7000000000030022,http://data.ordnancesurvey.co.uk/ontology/admingeo/UnitaryAuthority,Scotland,http://data.ordnancesurvey.co.uk/id/7000000000041429,Scotland,http://data.ordnancesurvey.co.uk/id/country/scotland,,,
HS75QJ,http://data.ordnancesurvey.co.uk/id/postcodeunit/HS75QJ,HS7 5QJ,,,,other,Postcode,87264.000,849321.000,3500,18000,,,,,,,,,,,,,Na h-Eileanan an Iar,http://data.ordnancesurvey.co.uk/id/7000000000030022,http://data.ordnancesurvey.co.uk/ontology/admingeo/UnitaryAuthority,Scotland,http://data.ordnancesurvey.co.uk/id/7000000000041429,Scotland,http://data.ordnancesurvey.co.uk/id/country/scotland,,,
osgb4000000003423804,http://data.ordnancesurvey.co.uk/id/4000000003423804,B891,,,,transportNetwork,Numbered Road,82616.000,847718.000,33000,250000,79762.000,845688.530,84900.152,849273.000,HS7,http://data.ordnancesurvey.co.uk/id/postcodedistrict/HS7,Grimsay / Griomasaigh,http://data.ordnancesurvey.co.uk/id/4000000074543202,http://www.ordnancesurvey.co.uk/xml/codelists/localtype.xml#hamlet,,,,Na h-Eileanan an Iar,http://data.ordnancesurvey.co.uk/id/7000000000030022,http://data.ordnancesurvey.co.uk/ontology/admingeo/UnitaryAuthority,Scotland,http://data.ordnancesurvey.co.uk/id/7000000000041429,Scotland,http://data.ordnancesurvey.co.uk/id/country/scotland,,,
osgb4000000003423800,http://data.ordnancesurvey.co.uk/id/4000000003423800,A865,,,,transportNetwork,Numbered Road,80270.000,847553.000,363000,1000000,71820.000,819298.243,92024.000,875081.000,HS7,http://data.ordnancesurvey.co.uk/id/postcodedistrict/HS7,,,,,,,Na h-Eileanan an Iar,http://data.ordnancesurvey.co.uk/id/7000000000030022,http://data.ordnancesurvey.co.uk/ontology/admingeo/UnitaryAuthority,Scotland,http://data.ordnancesurvey.co.uk/id/7000000000041429,Scotland,http://data.ordnancesurvey.co.uk/id/country/scotland,,,
osgb4000000003424843,http://data.ordnancesurvey.co.uk/id/4000000003424843,Barraid Na Faoghla,gla,Ford Terrace,eng,transportNetwork,Named Road,80100.000,848000.000,1000,20000,80041.000,847963.398,80150.000,848055.842,HS7,http://data.ordnancesurvey.co.uk/id/postcodedistrict/HS7,Creag Ghoraidh / Creagory,http://data.ordnancesurvey.co.uk/id/4000000074337277,http://www.ordnancesurvey.co.uk/xml/codelists/localtype.xml#village,,,,Na h-Eileanan an Iar,http://data.ordnancesurvey.co.uk/id/7000000000030022,http://data.ordnancesurvey.co.uk/ontology/admingeo/UnitaryAuthority,Scotland,http://data.ordnancesurvey.co.uk/id/7000000000041429,Scotland,http://data.ordnancesurvey.co.uk/id/country/scotland,,,
HS75QF,http://data.ordnancesurvey.co.uk/id/postcodeunit/HS75QF,HS7 5QF,,,,other,Postcode,81941.000,848613.000,3500,18000,,,,,,,Kilerivagh / Cill Eireabhagh,http://data.ordnancesurvey.co.uk/id/4000000074543203,http://www.ordnancesurvey.co.uk/xml/codelists/localtype.xml#hamlet,,,,Na h-Eileanan an Iar,http://data.ordnancesurvey.co.uk/id/7000000000030022,http://data.ordnancesurvey.co.uk/ontology/admingeo/UnitaryAuthority,Scotland,http://data.ordnancesurvey.co.uk/id/7000000000041429,Scotland,http://data.ordnancesurvey.co.uk/id/country/scotland,,,
HS75LZ,http://data.ordnancesurvey.co.uk/id/postcodeunit/HS75LZ,HS7 5LZ,,,,other,Postcode,80990.000,855803.000,3500,18000,,,,,,,Uachdar,http://data.ordnancesurvey.co.uk/id/4000000074541942,http://www.ordnancesurvey.co.uk/xml/codelists/localtype.xml#village,,,,Na h-Eileanan an Iar,http://data.ordnancesurvey.co.uk/id/7000000000030022,http://data.ordnancesurvey.co.uk/ontology/admingeo/UnitaryAuthority,Scotland,http://data.ordnancesurvey.co.uk/id/7000000000041429,Scotland,http://data.ordnancesurvey.co.uk/id/country/scotland,,,
HS75QS,http://data.ordnancesurvey.co.uk/id/postcodeunit/HS75QS,HS7 5QS,,,,other,Postcode,84234.000,854911.000,3500,18000,,,,,,,Flodaigh,http://data.ordnancesurvey.co.uk/id/4000000074564188,http://www.ordnancesurvey.co.uk/xml/codelists/localtype.xml#hamlet,,,,Na h-Eileanan an Iar,http://data.ordnancesurvey.co.uk/id/7000000000030022,http://data.ordnancesurvey.co.uk/ontology/admingeo/UnitaryAuthority,Scotland,http://data.ordnancesurvey.co.uk/id/7000000000041429,Scotland,http://data.ordnancesurvey.co.uk/id/country/scotland,,,
HS85NU,http://data.ordnancesurvey.co.uk/id/postcodeunit/HS85NU,HS8 5NU,,,,other,Postcode,81898.000,843469.000,3500,18000,,,,,,,Lochcarnan / Loch a' Chàrnain,http://data.ordnancesurvey.co.uk/id/4000000074543414,http://www.ordnancesurvey.co.uk/xml/codelists/localtype.xml#otherSettlement,,,,Na h-Eileanan an Iar,http://data.ordnancesurvey.co.uk/id/7000000000030022,http://data.ordnancesurvey.co.uk/ontology/admingeo/UnitaryAuthority,Scotland,http://data.ordnancesurvey.co.uk/id/7000000000041429,Scotland,http://data.ordnancesurvey.co.uk/id/country/scotland,,,
