﻿osgb4000000074337443,http://data.ordnancesurvey.co.uk/id/4000000074337443,Bhatairsteinn,gla,Waterstein,eng,populatedPlace,Hamlet,114056.000,848446.000,5000,25000,113778.896,848034.852,114351.985,848929.676,IV55,http://data.ordnancesurvey.co.uk/id/postcodedistrict/IV55,,,,,,,Highland,http://data.ordnancesurvey.co.uk/id/7000000000029638,http://data.ordnancesurvey.co.uk/ontology/admingeo/UnitaryAuthority,Scotland,http://data.ordnancesurvey.co.uk/id/7000000000041429,Scotland,http://data.ordnancesurvey.co.uk/id/country/scotland,,,
osgb4000000074543167,http://data.ordnancesurvey.co.uk/id/4000000074543167,A' Glas Pheighinn,gla,Glasphein,eng,populatedPlace,Suburban Area,118024.025,850125.542,3000,25000,117801.545,849842.758,118301.545,850342.758,IV55,http://data.ordnancesurvey.co.uk/id/postcodedistrict/IV55,,,,,,,Highland,http://data.ordnancesurvey.co.uk/id/7000000000029638,http://data.ordnancesurvey.co.uk/ontology/admingeo/UnitaryAuthority,Scotland,http://data.ordnancesurvey.co.uk/id/7000000000041429,Scotland,http://data.ordnancesurvey.co.uk/id/country/scotland,,,
osgb4000000074543267,http://data.ordnancesurvey.co.uk/id/4000000074543267,Galtraigeall,gla,Galtrigill,eng,populatedPlace,Hamlet,118388.370,854417.560,5000,25000,118095.818,854132.855,118595.818,854632.855,IV55,http://data.ordnancesurvey.co.uk/id/postcodedistrict/IV55,,,,,,,Highland,http://data.ordnancesurvey.co.uk/id/7000000000029638,http://data.ordnancesurvey.co.uk/ontology/admingeo/UnitaryAuthority,Scotland,http://data.ordnancesurvey.co.uk/id/7000000000041429,Scotland,http://data.ordnancesurvey.co.uk/id/country/scotland,,http://dbpedia.org/resource/Galltrigill,http://sws.geonames.org/2648905
osgb4000000074570626,http://data.ordnancesurvey.co.uk/id/4000000074570626,Holmisdale,eng,Holmasdal,gla,populatedPlace,Suburban Area,118377.000,848461.633,11000,25000,117845.814,847612.573,118529.502,849246.375,IV55,http://data.ordnancesurvey.co.uk/id/postcodedistrict/IV55,,,,,,,Highland,http://data.ordnancesurvey.co.uk/id/7000000000029638,http://data.ordnancesurvey.co.uk/ontology/admingeo/UnitaryAuthority,Scotland,http://data.ordnancesurvey.co.uk/id/7000000000041429,Scotland,http://data.ordnancesurvey.co.uk/id/country/scotland,,,
osgb4000000074540851,http://data.ordnancesurvey.co.uk/id/4000000074540851,Gleann Dail,gla,Glen Dale,eng,populatedPlace,Village,117676.108,849587.789,20000,250000,116463.360,847612.637,119109.006,850669.800,IV55,http://data.ordnancesurvey.co.uk/id/postcodedistrict/IV55,,,,,,,Highland,http://data.ordnancesurvey.co.uk/id/7000000000029638,http://data.ordnancesurvey.co.uk/ontology/admingeo/UnitaryAuthority,Scotland,http://data.ordnancesurvey.co.uk/id/7000000000041429,Scotland,http://data.ordnancesurvey.co.uk/id/country/scotland,,"http://dbpedia.org/resource/Glendale,_Skye",
osgb4000000074570636,http://data.ordnancesurvey.co.uk/id/4000000074570636,Boraraig,gla,Borreraig,eng,populatedPlace,Hamlet,118757.000,853583.000,5000,25000,118443.844,853075.809,119192.883,853985.718,IV55,http://data.ordnancesurvey.co.uk/id/postcodedistrict/IV55,,,,,,,Highland,http://data.ordnancesurvey.co.uk/id/7000000000029638,http://data.ordnancesurvey.co.uk/ontology/admingeo/UnitaryAuthority,Scotland,http://data.ordnancesurvey.co.uk/id/7000000000041429,Scotland,http://data.ordnancesurvey.co.uk/id/country/scotland,,http://dbpedia.org/resource/Borreraig,http://sws.geonames.org/2655183
osgb4000000074337444,http://data.ordnancesurvey.co.uk/id/4000000074337444,Mìolabhaig,gla,Milovaig,eng,populatedPlace,Village,115572.000,849346.000,11000,250000,114408.274,849005.084,116076.283,850664.709,IV55,http://data.ordnancesurvey.co.uk/id/postcodedistrict/IV55,,,,,,,Highland,http://data.ordnancesurvey.co.uk/id/7000000000029638,http://data.ordnancesurvey.co.uk/ontology/admingeo/UnitaryAuthority,Scotland,http://data.ordnancesurvey.co.uk/id/7000000000041429,Scotland,http://data.ordnancesurvey.co.uk/id/country/scotland,,http://dbpedia.org/resource/Milovaig,http://sws.geonames.org/2642481
osgb4000000074570625,http://data.ordnancesurvey.co.uk/id/4000000074570625,Ramasaig,,,,populatedPlace,Other Settlement,116369.832,844332.848,15000,25000,116221.495,844009.779,116721.495,844628.376,IV55,http://data.ordnancesurvey.co.uk/id/postcodedistrict/IV55,,,,,,,Highland,http://data.ordnancesurvey.co.uk/id/7000000000029638,http://data.ordnancesurvey.co.uk/ontology/admingeo/UnitaryAuthority,Scotland,http://data.ordnancesurvey.co.uk/id/7000000000041429,Scotland,http://data.ordnancesurvey.co.uk/id/country/scotland,,http://dbpedia.org/resource/Ramasaig,http://sws.geonames.org/2639679
osgb4000000074337336,http://data.ordnancesurvey.co.uk/id/4000000074337336,Fearann MhicGuaire,gla,Feriniquarrie,eng,populatedPlace,Suburban Area,117215.429,850303.852,5000,25000,117052.531,849975.996,117897.081,850669.800,IV55,http://data.ordnancesurvey.co.uk/id/postcodedistrict/IV55,,,,,,,Highland,http://data.ordnancesurvey.co.uk/id/7000000000029638,http://data.ordnancesurvey.co.uk/ontology/admingeo/UnitaryAuthority,Scotland,http://data.ordnancesurvey.co.uk/id/7000000000041429,Scotland,http://data.ordnancesurvey.co.uk/id/country/scotland,,,
osgb4000000074570627,http://data.ordnancesurvey.co.uk/id/4000000074570627,Hamaraverin,,,,populatedPlace,Suburban Area,116818.005,849403.834,5000,25000,116463.364,848723.565,117041.483,849537.952,IV55,http://data.ordnancesurvey.co.uk/id/postcodedistrict/IV55,,,,,,,Highland,http://data.ordnancesurvey.co.uk/id/7000000000029638,http://data.ordnancesurvey.co.uk/ontology/admingeo/UnitaryAuthority,Scotland,http://data.ordnancesurvey.co.uk/id/7000000000041429,Scotland,http://data.ordnancesurvey.co.uk/id/country/scotland,,,
osgb4000000074543102,http://data.ordnancesurvey.co.uk/id/4000000074543102,An Leth-Pheighinn,eng,Lephin,gla,populatedPlace,Suburban Area,117713.294,849518.610,4000,25000,117438.623,849162.272,117991.603,849662.272,IV55,http://data.ordnancesurvey.co.uk/id/postcodedistrict/IV55,,,,,,,Highland,http://data.ordnancesurvey.co.uk/id/7000000000029638,http://data.ordnancesurvey.co.uk/ontology/admingeo/UnitaryAuthority,Scotland,http://data.ordnancesurvey.co.uk/id/7000000000041429,Scotland,http://data.ordnancesurvey.co.uk/id/country/scotland,,,
osgb4000000074337448,http://data.ordnancesurvey.co.uk/id/4000000074337448,Fasach,,,,populatedPlace,Suburban Area,118879.265,849136.006,14000,25000,118239.326,847911.887,119109.015,849993.101,IV55,http://data.ordnancesurvey.co.uk/id/postcodedistrict/IV55,,,,,,,Highland,http://data.ordnancesurvey.co.uk/id/7000000000029638,http://data.ordnancesurvey.co.uk/ontology/admingeo/UnitaryAuthority,Scotland,http://data.ordnancesurvey.co.uk/id/7000000000041429,Scotland,http://data.ordnancesurvey.co.uk/id/country/scotland,,http://dbpedia.org/resource/Fasach,
osgb4000000074550520,http://data.ordnancesurvey.co.uk/id/4000000074550520,Husabost,,,,populatedPlace,Other Settlement,119956.000,851500.000,15000,25000,119376.369,851304.755,120441.565,851804.755,IV55,http://data.ordnancesurvey.co.uk/id/postcodedistrict/IV55,,,,,,,Highland,http://data.ordnancesurvey.co.uk/id/7000000000029638,http://data.ordnancesurvey.co.uk/ontology/admingeo/UnitaryAuthority,Scotland,http://data.ordnancesurvey.co.uk/id/7000000000041429,Scotland,http://data.ordnancesurvey.co.uk/id/country/scotland,,,http://sws.geonames.org/2646350
osgb4000000074570628,http://data.ordnancesurvey.co.uk/id/4000000074570628,Hamaramore,,,,populatedPlace,Suburban Area,117181.225,849591.382,3000,25000,116820.437,849286.917,117320.437,849786.917,IV55,http://data.ordnancesurvey.co.uk/id/postcodedistrict/IV55,,,,,,,Highland,http://data.ordnancesurvey.co.uk/id/7000000000029638,http://data.ordnancesurvey.co.uk/ontology/admingeo/UnitaryAuthority,Scotland,http://data.ordnancesurvey.co.uk/id/7000000000041429,Scotland,http://data.ordnancesurvey.co.uk/id/country/scotland,,,
osgb4000000074570635,http://data.ordnancesurvey.co.uk/id/4000000074570635,Uig,,,,populatedPlace,Other Settlement,119335.000,852546.000,15000,25000,119107.423,852025.150,119776.024,852970.239,IV55,http://data.ordnancesurvey.co.uk/id/postcodedistrict/IV55,,,,,,,Highland,http://data.ordnancesurvey.co.uk/id/7000000000029638,http://data.ordnancesurvey.co.uk/ontology/admingeo/UnitaryAuthority,Scotland,http://data.ordnancesurvey.co.uk/id/7000000000041429,Scotland,http://data.ordnancesurvey.co.uk/id/country/scotland,,,http://sws.geonames.org/2635220
IV558WJ,http://data.ordnancesurvey.co.uk/id/postcodeunit/IV558WJ,IV55 8WJ,,,,other,Postcode,117748.000,849431.000,3500,18000,,,,,,,Gleann Dail / Glen Dale,http://data.ordnancesurvey.co.uk/id/4000000074540851,http://www.ordnancesurvey.co.uk/xml/codelists/localtype.xml#village,,,,Highland,http://data.ordnancesurvey.co.uk/id/7000000000029638,http://data.ordnancesurvey.co.uk/ontology/admingeo/UnitaryAuthority,Scotland,http://data.ordnancesurvey.co.uk/id/7000000000041429,Scotland,http://data.ordnancesurvey.co.uk/id/country/scotland,,,
IV558ZU,http://data.ordnancesurvey.co.uk/id/postcodeunit/IV558ZU,IV55 8ZU,,,,other,Postcode,119741.000,851056.000,3500,18000,,,,,,,Totaig,http://data.ordnancesurvey.co.uk/id/4000000074570634,http://www.ordnancesurvey.co.uk/xml/codelists/localtype.xml#hamlet,,,,Highland,http://data.ordnancesurvey.co.uk/id/7000000000029638,http://data.ordnancesurvey.co.uk/ontology/admingeo/UnitaryAuthority,Scotland,http://data.ordnancesurvey.co.uk/id/7000000000041429,Scotland,http://data.ordnancesurvey.co.uk/id/country/scotland,,,
IV558ZX,http://data.ordnancesurvey.co.uk/id/postcodeunit/IV558ZX,IV55 8ZX,,,,other,Postcode,118721.000,852700.000,3500,18000,,,,,,,,,,,,,Highland,http://data.ordnancesurvey.co.uk/id/7000000000029638,http://data.ordnancesurvey.co.uk/ontology/admingeo/UnitaryAuthority,Scotland,http://data.ordnancesurvey.co.uk/id/7000000000041429,Scotland,http://data.ordnancesurvey.co.uk/id/country/scotland,,,
IV558WG,http://data.ordnancesurvey.co.uk/id/postcodeunit/IV558WG,IV55 8WG,,,,other,Postcode,117710.000,849592.000,3500,18000,,,,,,,Gleann Dail / Glen Dale,http://data.ordnancesurvey.co.uk/id/4000000074540851,http://www.ordnancesurvey.co.uk/xml/codelists/localtype.xml#village,,,,Highland,http://data.ordnancesurvey.co.uk/id/7000000000029638,http://data.ordnancesurvey.co.uk/ontology/admingeo/UnitaryAuthority,Scotland,http://data.ordnancesurvey.co.uk/id/7000000000041429,Scotland,http://data.ordnancesurvey.co.uk/id/country/scotland,,,
IV558WL,http://data.ordnancesurvey.co.uk/id/postcodeunit/IV558WL,IV55 8WL,,,,other,Postcode,116773.000,849277.000,3500,18000,,,,,,,,,,,,,Highland,http://data.ordnancesurvey.co.uk/id/7000000000029638,http://data.ordnancesurvey.co.uk/ontology/admingeo/UnitaryAuthority,Scotland,http://data.ordnancesurvey.co.uk/id/7000000000041429,Scotland,http://data.ordnancesurvey.co.uk/id/country/scotland,,,
IV558WS,http://data.ordnancesurvey.co.uk/id/postcodeunit/IV558WS,IV55 8WS,,,,other,Postcode,118348.000,848601.000,3500,18000,,,,,,,Gleann Dail / Glen Dale,http://data.ordnancesurvey.co.uk/id/4000000074540851,http://www.ordnancesurvey.co.uk/xml/codelists/localtype.xml#village,,,,Highland,http://data.ordnancesurvey.co.uk/id/7000000000029638,http://data.ordnancesurvey.co.uk/ontology/admingeo/UnitaryAuthority,Scotland,http://data.ordnancesurvey.co.uk/id/7000000000041429,Scotland,http://data.ordnancesurvey.co.uk/id/country/scotland,,,
IV558WY,http://data.ordnancesurvey.co.uk/id/postcodeunit/IV558WY,IV55 8WY,,,,other,Postcode,115560.000,849639.000,3500,18000,,,,,,,Mìolabhaig / Milovaig,http://data.ordnancesurvey.co.uk/id/4000000074337444,http://www.ordnancesurvey.co.uk/xml/codelists/localtype.xml#village,,,,Highland,http://data.ordnancesurvey.co.uk/id/7000000000029638,http://data.ordnancesurvey.co.uk/ontology/admingeo/UnitaryAuthority,Scotland,http://data.ordnancesurvey.co.uk/id/7000000000041429,Scotland,http://data.ordnancesurvey.co.uk/id/country/scotland,,,
IV558WR,http://data.ordnancesurvey.co.uk/id/postcodeunit/IV558WR,IV55 8WR,,,,other,Postcode,114942.000,850263.000,3500,18000,,,,,,,Mìolabhaig / Milovaig,http://data.ordnancesurvey.co.uk/id/4000000074337444,http://www.ordnancesurvey.co.uk/xml/codelists/localtype.xml#village,,,,Highland,http://data.ordnancesurvey.co.uk/id/7000000000029638,http://data.ordnancesurvey.co.uk/ontology/admingeo/UnitaryAuthority,Scotland,http://data.ordnancesurvey.co.uk/id/7000000000041429,Scotland,http://data.ordnancesurvey.co.uk/id/country/scotland,,,
IV558WU,http://data.ordnancesurvey.co.uk/id/postcodeunit/IV558WU,IV55 8WU,,,,other,Postcode,112666.000,847133.000,3500,18000,,,,,,,,,,,,,Highland,http://data.ordnancesurvey.co.uk/id/7000000000029638,http://data.ordnancesurvey.co.uk/ontology/admingeo/UnitaryAuthority,Scotland,http://data.ordnancesurvey.co.uk/id/7000000000041429,Scotland,http://data.ordnancesurvey.co.uk/id/country/scotland,,,
IV558WX,http://data.ordnancesurvey.co.uk/id/postcodeunit/IV558WX,IV55 8WX,,,,other,Postcode,116396.000,844375.000,3500,18000,,,,,,,Ramasaig,http://data.ordnancesurvey.co.uk/id/4000000074570625,http://www.ordnancesurvey.co.uk/xml/codelists/localtype.xml#otherSettlement,,,,Highland,http://data.ordnancesurvey.co.uk/id/7000000000029638,http://data.ordnancesurvey.co.uk/ontology/admingeo/UnitaryAuthority,Scotland,http://data.ordnancesurvey.co.uk/id/7000000000041429,Scotland,http://data.ordnancesurvey.co.uk/id/country/scotland,,,
IV558WN,http://data.ordnancesurvey.co.uk/id/postcodeunit/IV558WN,IV55 8WN,,,,other,Postcode,117380.000,850196.000,3500,18000,,,,,,,Gleann Dail / Glen Dale,http://data.ordnancesurvey.co.uk/id/4000000074540851,http://www.ordnancesurvey.co.uk/xml/codelists/localtype.xml#village,,,,Highland,http://data.ordnancesurvey.co.uk/id/7000000000029638,http://data.ordnancesurvey.co.uk/ontology/admingeo/UnitaryAuthority,Scotland,http://data.ordnancesurvey.co.uk/id/7000000000041429,Scotland,http://data.ordnancesurvey.co.uk/id/country/scotland,,,
IV558WW,http://data.ordnancesurvey.co.uk/id/postcodeunit/IV558WW,IV55 8WW,,,,other,Postcode,118032.000,850103.000,3500,18000,,,,,,,Gleann Dail / Glen Dale,http://data.ordnancesurvey.co.uk/id/4000000074540851,http://www.ordnancesurvey.co.uk/xml/codelists/localtype.xml#village,,,,Highland,http://data.ordnancesurvey.co.uk/id/7000000000029638,http://data.ordnancesurvey.co.uk/ontology/admingeo/UnitaryAuthority,Scotland,http://data.ordnancesurvey.co.uk/id/7000000000041429,Scotland,http://data.ordnancesurvey.co.uk/id/country/scotland,,,
IV558ZY,http://data.ordnancesurvey.co.uk/id/postcodeunit/IV558ZY,IV55 8ZY,,,,other,Postcode,118740.000,853350.000,3500,18000,,,,,,,Boraraig / Borreraig,http://data.ordnancesurvey.co.uk/id/4000000074570636,http://www.ordnancesurvey.co.uk/xml/codelists/localtype.xml#hamlet,,,,Highland,http://data.ordnancesurvey.co.uk/id/7000000000029638,http://data.ordnancesurvey.co.uk/ontology/admingeo/UnitaryAuthority,Scotland,http://data.ordnancesurvey.co.uk/id/7000000000041429,Scotland,http://data.ordnancesurvey.co.uk/id/country/scotland,,,
IV558WT,http://data.ordnancesurvey.co.uk/id/postcodeunit/IV558WT,IV55 8WT,,,,other,Postcode,114085.000,848515.000,3500,18000,,,,,,,Bhatairsteinn / Waterstein,http://data.ordnancesurvey.co.uk/id/4000000074337443,http://www.ordnancesurvey.co.uk/xml/codelists/localtype.xml#hamlet,,,,Highland,http://data.ordnancesurvey.co.uk/id/7000000000029638,http://data.ordnancesurvey.co.uk/ontology/admingeo/UnitaryAuthority,Scotland,http://data.ordnancesurvey.co.uk/id/7000000000041429,Scotland,http://data.ordnancesurvey.co.uk/id/country/scotland,,,
IV558WP,http://data.ordnancesurvey.co.uk/id/postcodeunit/IV558WP,IV55 8WP,,,,other,Postcode,118810.000,849087.000,3500,18000,,,,,,,Gleann Dail / Glen Dale,http://data.ordnancesurvey.co.uk/id/4000000074540851,http://www.ordnancesurvey.co.uk/xml/codelists/localtype.xml#village,,,,Highland,http://data.ordnancesurvey.co.uk/id/7000000000029638,http://data.ordnancesurvey.co.uk/ontology/admingeo/UnitaryAuthority,Scotland,http://data.ordnancesurvey.co.uk/id/7000000000041429,Scotland,http://data.ordnancesurvey.co.uk/id/country/scotland,,,
IV558ZZ,http://data.ordnancesurvey.co.uk/id/postcodeunit/IV558ZZ,IV55 8ZZ,,,,other,Postcode,118435.000,854365.000,3500,18000,,,,,,,Galtraigeall / Galtrigill,http://data.ordnancesurvey.co.uk/id/4000000074543267,http://www.ordnancesurvey.co.uk/xml/codelists/localtype.xml#hamlet,,,,Highland,http://data.ordnancesurvey.co.uk/id/7000000000029638,http://data.ordnancesurvey.co.uk/ontology/admingeo/UnitaryAuthority,Scotland,http://data.ordnancesurvey.co.uk/id/7000000000041429,Scotland,http://data.ordnancesurvey.co.uk/id/country/scotland,,,
osgb4000000074570634,http://data.ordnancesurvey.co.uk/id/4000000074570634,Totaig,,,,populatedPlace,Hamlet,119972.000,850605.000,5000,25000,119650.352,850180.208,120188.252,851120.269,IV55,http://data.ordnancesurvey.co.uk/id/postcodedistrict/IV55,,,,,,,Highland,http://data.ordnancesurvey.co.uk/id/7000000000029638,http://data.ordnancesurvey.co.uk/ontology/admingeo/UnitaryAuthority,Scotland,http://data.ordnancesurvey.co.uk/id/7000000000041429,Scotland,http://data.ordnancesurvey.co.uk/id/country/scotland,,http://dbpedia.org/resource/Totaig,
