﻿osgb4000000074543022,http://data.ordnancesurvey.co.uk/id/4000000074543022,Vatten,,,,populatedPlace,Hamlet,128457.830,843863.830,5000,25000,128187.940,843533.280,128876.658,844171.728,IV55,http://data.ordnancesurvey.co.uk/id/postcodedistrict/IV55,,,,,,,Highland,http://data.ordnancesurvey.co.uk/id/7000000000029638,http://data.ordnancesurvey.co.uk/ontology/admingeo/UnitaryAuthority,Scotland,http://data.ordnancesurvey.co.uk/id/7000000000041429,Scotland,http://data.ordnancesurvey.co.uk/id/country/scotland,,,
osgb4000000074574073,http://data.ordnancesurvey.co.uk/id/4000000074574073,Cuidrach,,,,populatedPlace,Hamlet,137897.770,859359.530,5000,25000,137603.926,859107.032,138103.926,859727.635,IV51,http://data.ordnancesurvey.co.uk/id/postcodedistrict/IV51,,,,,,,Highland,http://data.ordnancesurvey.co.uk/id/7000000000029638,http://data.ordnancesurvey.co.uk/ontology/admingeo/UnitaryAuthority,Scotland,http://data.ordnancesurvey.co.uk/id/7000000000041429,Scotland,http://data.ordnancesurvey.co.uk/id/country/scotland,,,
osgb4000000074574070,http://data.ordnancesurvey.co.uk/id/4000000074574070,Cnot,cym,Knott,eng,populatedPlace,Hamlet,138180.000,853954.000,5000,25000,137960.377,853687.957,138460.377,854187.957,IV51,http://data.ordnancesurvey.co.uk/id/postcodedistrict/IV51,,,,,,,Highland,http://data.ordnancesurvey.co.uk/id/7000000000029638,http://data.ordnancesurvey.co.uk/ontology/admingeo/UnitaryAuthority,Scotland,http://data.ordnancesurvey.co.uk/id/7000000000041429,Scotland,http://data.ordnancesurvey.co.uk/id/country/scotland,,,
osgb4000000074337394,http://data.ordnancesurvey.co.uk/id/4000000074337394,Cinnseaborg,gla,Kingsburgh,eng,populatedPlace,Hamlet,139766.000,854987.000,5000,25000,139263.143,854238.046,140258.503,855499.845,IV51,http://data.ordnancesurvey.co.uk/id/postcodedistrict/IV51,,,,,,,Highland,http://data.ordnancesurvey.co.uk/id/7000000000029638,http://data.ordnancesurvey.co.uk/ontology/admingeo/UnitaryAuthority,Scotland,http://data.ordnancesurvey.co.uk/id/7000000000041429,Scotland,http://data.ordnancesurvey.co.uk/id/country/scotland,,"http://dbpedia.org/resource/Kingsburgh,_Skye",http://sws.geonames.org/2645484
osgb4000000074570263,http://data.ordnancesurvey.co.uk/id/4000000074570263,Greep,,,,populatedPlace,Other Settlement,126766.000,843318.000,15000,25000,126337.971,842502.735,127071.930,843367.388,IV55,http://data.ordnancesurvey.co.uk/id/postcodedistrict/IV55,,,,,,,Highland,http://data.ordnancesurvey.co.uk/id/7000000000029638,http://data.ordnancesurvey.co.uk/ontology/admingeo/UnitaryAuthority,Scotland,http://data.ordnancesurvey.co.uk/id/7000000000041429,Scotland,http://data.ordnancesurvey.co.uk/id/country/scotland,,,
osgb4000000074570265,http://data.ordnancesurvey.co.uk/id/4000000074570265,Heribost,,,,populatedPlace,Hamlet,127666.000,845121.000,5000,25000,127273.010,844728.576,127775.720,845228.576,IV55,http://data.ordnancesurvey.co.uk/id/postcodedistrict/IV55,,,,,,,Highland,http://data.ordnancesurvey.co.uk/id/7000000000029638,http://data.ordnancesurvey.co.uk/ontology/admingeo/UnitaryAuthority,Scotland,http://data.ordnancesurvey.co.uk/id/7000000000041429,Scotland,http://data.ordnancesurvey.co.uk/id/country/scotland,,,
osgb4000000074574071,http://data.ordnancesurvey.co.uk/id/4000000074574071,Clachamish,,,,populatedPlace,Hamlet,138178.930,853492.010,5000,25000,137702.642,853156.246,138542.170,853794.683,IV51,http://data.ordnancesurvey.co.uk/id/postcodedistrict/IV51,,,,,,,Highland,http://data.ordnancesurvey.co.uk/id/7000000000029638,http://data.ordnancesurvey.co.uk/ontology/admingeo/UnitaryAuthority,Scotland,http://data.ordnancesurvey.co.uk/id/7000000000041429,Scotland,http://data.ordnancesurvey.co.uk/id/country/scotland,,,
osgb4000000074543021,http://data.ordnancesurvey.co.uk/id/4000000074543021,Feolaig Ard,gla,Upper Feorlig,eng,populatedPlace,Hamlet,129877.000,844184.000,5000,25000,129687.369,844030.558,130187.369,845242.501,IV55,http://data.ordnancesurvey.co.uk/id/postcodedistrict/IV55,,,,,,,Highland,http://data.ordnancesurvey.co.uk/id/7000000000029638,http://data.ordnancesurvey.co.uk/ontology/admingeo/UnitaryAuthority,Scotland,http://data.ordnancesurvey.co.uk/id/7000000000041429,Scotland,http://data.ordnancesurvey.co.uk/id/country/scotland,,,
osgb4000000074570261,http://data.ordnancesurvey.co.uk/id/4000000074570261,Balmeanach,eng,Baile Meadhanach,gla,populatedPlace,Other Settlement,131275.110,842969.470,15000,25000,130570.787,842311.700,133235.146,843789.667,IV56,http://data.ordnancesurvey.co.uk/id/postcodedistrict/IV56,,,,,,,Highland,http://data.ordnancesurvey.co.uk/id/7000000000029638,http://data.ordnancesurvey.co.uk/ontology/admingeo/UnitaryAuthority,Scotland,http://data.ordnancesurvey.co.uk/id/7000000000041429,Scotland,http://data.ordnancesurvey.co.uk/id/country/scotland,,,
osgb4000000074569241,http://data.ordnancesurvey.co.uk/id/4000000074569241,Kildonan,eng,Cill Donnain,gla,populatedPlace,Other Settlement,135302.740,853919.180,15000,25000,135143.853,853583.544,135812.453,854493.453,IV51,http://data.ordnancesurvey.co.uk/id/postcodedistrict/IV51,,,,,,,Highland,http://data.ordnancesurvey.co.uk/id/7000000000029638,http://data.ordnancesurvey.co.uk/ontology/admingeo/UnitaryAuthority,Scotland,http://data.ordnancesurvey.co.uk/id/7000000000041429,Scotland,http://data.ordnancesurvey.co.uk/id/country/scotland,,,
osgb4000000074569242,http://data.ordnancesurvey.co.uk/id/4000000074569242,Griseornais,gla,Greshornish,eng,populatedPlace,Other Settlement,134099.340,854116.600,15000,25000,133825.594,853855.006,134325.594,854474.838,IV51,http://data.ordnancesurvey.co.uk/id/postcodedistrict/IV51,,,,,,,Highland,http://data.ordnancesurvey.co.uk/id/7000000000029638,http://data.ordnancesurvey.co.uk/ontology/admingeo/UnitaryAuthority,Scotland,http://data.ordnancesurvey.co.uk/id/7000000000041429,Scotland,http://data.ordnancesurvey.co.uk/id/country/scotland,,,
osgb4000000074543076,http://data.ordnancesurvey.co.uk/id/4000000074543076,Uiginis,gla,Uiginish,eng,populatedPlace,Other Settlement,124302.800,848185.100,15000,25000,124044.457,847940.887,124544.457,848440.887,IV55,http://data.ordnancesurvey.co.uk/id/postcodedistrict/IV55,,,,,,,Highland,http://data.ordnancesurvey.co.uk/id/7000000000029638,http://data.ordnancesurvey.co.uk/ontology/admingeo/UnitaryAuthority,Scotland,http://data.ordnancesurvey.co.uk/id/7000000000041429,Scotland,http://data.ordnancesurvey.co.uk/id/country/scotland,,,
osgb4000000074570995,http://data.ordnancesurvey.co.uk/id/4000000074570995,Halistra,,,,populatedPlace,Hamlet,124592.980,859610.260,5000,25000,123651.920,859138.483,124928.799,860224.333,IV55,http://data.ordnancesurvey.co.uk/id/postcodedistrict/IV55,,,,,,,Highland,http://data.ordnancesurvey.co.uk/id/7000000000029638,http://data.ordnancesurvey.co.uk/ontology/admingeo/UnitaryAuthority,Scotland,http://data.ordnancesurvey.co.uk/id/7000000000041429,Scotland,http://data.ordnancesurvey.co.uk/id/country/scotland,,http://dbpedia.org/resource/Halistra,http://sws.geonames.org/2647631
osgb4000000074568893,http://data.ordnancesurvey.co.uk/id/4000000074568893,Breabost,,,,populatedPlace,Other Settlement,136259.008,853773.886,15000,25000,135901.591,853576.335,136401.591,854100.476,IV51,http://data.ordnancesurvey.co.uk/id/postcodedistrict/IV51,,,,,,,Highland,http://data.ordnancesurvey.co.uk/id/7000000000029638,http://data.ordnancesurvey.co.uk/ontology/admingeo/UnitaryAuthority,Scotland,http://data.ordnancesurvey.co.uk/id/7000000000041429,Scotland,http://data.ordnancesurvey.co.uk/id/country/scotland,,,
osgb4000000074542968,http://data.ordnancesurvey.co.uk/id/4000000074542968,Os,gla,Ose,eng,populatedPlace,Hamlet,131427.410,840887.730,5000,25000,130812.087,840835.091,131882.857,841335.091,IV56,http://data.ordnancesurvey.co.uk/id/postcodedistrict/IV56,,,,,,,Highland,http://data.ordnancesurvey.co.uk/id/7000000000029638,http://data.ordnancesurvey.co.uk/ontology/admingeo/UnitaryAuthority,Scotland,http://data.ordnancesurvey.co.uk/id/7000000000041429,Scotland,http://data.ordnancesurvey.co.uk/id/country/scotland,,"http://dbpedia.org/resource/Ose,_Skye",
osgb4000000074573726,http://data.ordnancesurvey.co.uk/id/4000000074573726,Aird,,,,populatedPlace,Other Settlement,139799.000,851376.000,15000,25000,139653.151,851341.465,140377.059,852909.916,IV51,http://data.ordnancesurvey.co.uk/id/postcodedistrict/IV51,,,,,,,Highland,http://data.ordnancesurvey.co.uk/id/7000000000029638,http://data.ordnancesurvey.co.uk/ontology/admingeo/UnitaryAuthority,Scotland,http://data.ordnancesurvey.co.uk/id/7000000000041429,Scotland,http://data.ordnancesurvey.co.uk/id/country/scotland,,,
osgb4000000074337480,http://data.ordnancesurvey.co.uk/id/4000000074337480,Feolaig,gla,Feorlig,eng,populatedPlace,Hamlet,129860.000,843053.000,5000,25000,129637.725,842157.234,130137.725,844041.025,IV56,http://data.ordnancesurvey.co.uk/id/postcodedistrict/IV56,,,,,,,Highland,http://data.ordnancesurvey.co.uk/id/7000000000029638,http://data.ordnancesurvey.co.uk/ontology/admingeo/UnitaryAuthority,Scotland,http://data.ordnancesurvey.co.uk/id/7000000000041429,Scotland,http://data.ordnancesurvey.co.uk/id/country/scotland,,http://dbpedia.org/resource/Feorlig,
osgb4000000074568892,http://data.ordnancesurvey.co.uk/id/4000000074568892,Coishletter,,,,populatedPlace,Suburban Area,134236.316,850823.436,2000,25000,133932.387,850578.762,134432.387,851078.762,IV51,http://data.ordnancesurvey.co.uk/id/postcodedistrict/IV51,,,,,,,Highland,http://data.ordnancesurvey.co.uk/id/7000000000029638,http://data.ordnancesurvey.co.uk/ontology/admingeo/UnitaryAuthority,Scotland,http://data.ordnancesurvey.co.uk/id/7000000000041429,Scotland,http://data.ordnancesurvey.co.uk/id/country/scotland,,,
osgb4000000074568890,http://data.ordnancesurvey.co.uk/id/4000000074568890,Cnoc Dubh,gla,Black Hill,eng,populatedPlace,Suburban Area,134472.004,850579.758,2000,25000,134200.107,850253.642,134700.107,850753.642,IV51,http://data.ordnancesurvey.co.uk/id/postcodedistrict/IV51,,,,,,,Highland,http://data.ordnancesurvey.co.uk/id/7000000000029638,http://data.ordnancesurvey.co.uk/ontology/admingeo/UnitaryAuthority,Scotland,http://data.ordnancesurvey.co.uk/id/7000000000041429,Scotland,http://data.ordnancesurvey.co.uk/id/country/scotland,,,
osgb4000000074543204,http://data.ordnancesurvey.co.uk/id/4000000074543204,Na Faingean,gla,Fanks,eng,populatedPlace,Hamlet,135511.000,854563.000,5000,25000,135414.157,854296.233,135914.157,854796.233,IV51,http://data.ordnancesurvey.co.uk/id/postcodedistrict/IV51,,,,,,,Highland,http://data.ordnancesurvey.co.uk/id/7000000000029638,http://data.ordnancesurvey.co.uk/ontology/admingeo/UnitaryAuthority,Scotland,http://data.ordnancesurvey.co.uk/id/7000000000041429,Scotland,http://data.ordnancesurvey.co.uk/id/country/scotland,,,
osgb4000000074542611,http://data.ordnancesurvey.co.uk/id/4000000074542611,An Gearraidh Mòr,gla,Gearymore,eng,populatedPlace,Hamlet,131576.260,840693.750,5000,25000,131148.898,840094.755,132008.536,840733.192,IV56,http://data.ordnancesurvey.co.uk/id/postcodedistrict/IV56,,,,,,,Highland,http://data.ordnancesurvey.co.uk/id/7000000000029638,http://data.ordnancesurvey.co.uk/ontology/admingeo/UnitaryAuthority,Scotland,http://data.ordnancesurvey.co.uk/id/7000000000041429,Scotland,http://data.ordnancesurvey.co.uk/id/country/scotland,,,
osgb4000000074569243,http://data.ordnancesurvey.co.uk/id/4000000074569243,Lusta,,,,populatedPlace,Village,126289.800,856826.800,13000,250000,126180.548,855051.453,127301.588,857117.592,IV55,http://data.ordnancesurvey.co.uk/id/postcodedistrict/IV55,,,,,,,Highland,http://data.ordnancesurvey.co.uk/id/7000000000029638,http://data.ordnancesurvey.co.uk/ontology/admingeo/UnitaryAuthority,Scotland,http://data.ordnancesurvey.co.uk/id/7000000000041429,Scotland,http://data.ordnancesurvey.co.uk/id/country/scotland,,,http://sws.geonames.org/2643345
osgb4000000074337385,http://data.ordnancesurvey.co.uk/id/4000000074337385,Treaslane,,,,populatedPlace,Other Settlement,139034.000,852967.000,15000,25000,138783.470,851803.953,139673.261,853578.515,IV51,http://data.ordnancesurvey.co.uk/id/postcodedistrict/IV51,,,,,,,Highland,http://data.ordnancesurvey.co.uk/id/7000000000029638,http://data.ordnancesurvey.co.uk/ontology/admingeo/UnitaryAuthority,Scotland,http://data.ordnancesurvey.co.uk/id/7000000000041429,Scotland,http://data.ordnancesurvey.co.uk/id/country/scotland,,http://dbpedia.org/resource/Treaslane,
osgb4000000074542101,http://data.ordnancesurvey.co.uk/id/4000000074542101,Stein,,,,populatedPlace,Hamlet,126122.200,856687.490,5000,25000,125878.919,856297.020,126472.118,856797.020,IV55,http://data.ordnancesurvey.co.uk/id/postcodedistrict/IV55,,,,,,,Highland,http://data.ordnancesurvey.co.uk/id/7000000000029638,http://data.ordnancesurvey.co.uk/ontology/admingeo/UnitaryAuthority,Scotland,http://data.ordnancesurvey.co.uk/id/7000000000041429,Scotland,http://data.ordnancesurvey.co.uk/id/country/scotland,,"http://dbpedia.org/resource/Stein,_Skye",http://sws.geonames.org/2636961
osgb4000000074570630,http://data.ordnancesurvey.co.uk/id/4000000074570630,Colbost,eng,Cealabost,gla,populatedPlace,Village,121114.000,849400.000,11000,250000,120044.054,848439.726,121783.424,849988.073,IV55,http://data.ordnancesurvey.co.uk/id/postcodedistrict/IV55,,,,,,,Highland,http://data.ordnancesurvey.co.uk/id/7000000000029638,http://data.ordnancesurvey.co.uk/ontology/admingeo/UnitaryAuthority,Scotland,http://data.ordnancesurvey.co.uk/id/7000000000041429,Scotland,http://data.ordnancesurvey.co.uk/id/country/scotland,,http://dbpedia.org/resource/Colbost,http://sws.geonames.org/2652620
osgb4000000074568891,http://data.ordnancesurvey.co.uk/id/4000000074568891,An t-Aodann Ban,gla,Edinbane,eng,populatedPlace,Other Settlement,134757.048,851386.507,15000,25000,134027.834,850356.147,135209.203,852115.634,IV51,http://data.ordnancesurvey.co.uk/id/postcodedistrict/IV51,,,,,,,Highland,http://data.ordnancesurvey.co.uk/id/7000000000029638,http://data.ordnancesurvey.co.uk/ontology/admingeo/UnitaryAuthority,Scotland,http://data.ordnancesurvey.co.uk/id/7000000000041429,Scotland,http://data.ordnancesurvey.co.uk/id/country/scotland,,http://dbpedia.org/resource/Edinbane,http://sws.geonames.org/6619382
osgb4000000074570262,http://data.ordnancesurvey.co.uk/id/4000000074570262,An Cadha Ruadh,gla,Caroy,eng,populatedPlace,Hamlet,130591.950,843288.390,5000,25000,130259.108,842864.682,131023.227,843960.588,IV56,http://data.ordnancesurvey.co.uk/id/postcodedistrict/IV56,,,,,,,Highland,http://data.ordnancesurvey.co.uk/id/7000000000029638,http://data.ordnancesurvey.co.uk/ontology/admingeo/UnitaryAuthority,Scotland,http://data.ordnancesurvey.co.uk/id/7000000000041429,Scotland,http://data.ordnancesurvey.co.uk/id/country/scotland,,,
osgb4000000074543101,http://data.ordnancesurvey.co.uk/id/4000000074543101,Sgianaidin,gla,Skinidin,eng,populatedPlace,Other Settlement,122545.780,847350.500,15000,25000,121567.263,846846.142,122592.784,848535.239,IV55,http://data.ordnancesurvey.co.uk/id/postcodedistrict/IV55,,,,,,,Highland,http://data.ordnancesurvey.co.uk/id/7000000000029638,http://data.ordnancesurvey.co.uk/ontology/admingeo/UnitaryAuthority,Scotland,http://data.ordnancesurvey.co.uk/id/7000000000041429,Scotland,http://data.ordnancesurvey.co.uk/id/country/scotland,,,http://sws.geonames.org/2637711
osgb4000000074542085,http://data.ordnancesurvey.co.uk/id/4000000074542085,Suledale,,,,populatedPlace,Hamlet,138022.000,853054.000,5000,25000,137784.525,852706.015,138284.525,853443.324,IV51,http://data.ordnancesurvey.co.uk/id/postcodedistrict/IV51,,,,,,,Highland,http://data.ordnancesurvey.co.uk/id/7000000000029638,http://data.ordnancesurvey.co.uk/ontology/admingeo/UnitaryAuthority,Scotland,http://data.ordnancesurvey.co.uk/id/7000000000041429,Scotland,http://data.ordnancesurvey.co.uk/id/country/scotland,,http://dbpedia.org/resource/Suladale,
osgb4000000074337471,http://data.ordnancesurvey.co.uk/id/4000000074337471,Dùn Bheagan,gla,Dunvegan,eng,populatedPlace,Village,125911.360,847563.680,17000,250000,124606.272,846559.594,126624.520,849153.219,IV55,http://data.ordnancesurvey.co.uk/id/postcodedistrict/IV55,,,,,,,Highland,http://data.ordnancesurvey.co.uk/id/7000000000029638,http://data.ordnancesurvey.co.uk/ontology/admingeo/UnitaryAuthority,Scotland,http://data.ordnancesurvey.co.uk/id/7000000000041429,Scotland,http://data.ordnancesurvey.co.uk/id/country/scotland,,http://dbpedia.org/resource/Dunvegan,http://sws.geonames.org/2650641
osgb4000000074549791,http://data.ordnancesurvey.co.uk/id/4000000074549791,Lonmore,,,,populatedPlace,Village,126681.080,846557.010,3000,250000,126384.571,846266.866,126884.571,846766.866,IV55,http://data.ordnancesurvey.co.uk/id/postcodedistrict/IV55,,,,,,,Highland,http://data.ordnancesurvey.co.uk/id/7000000000029638,http://data.ordnancesurvey.co.uk/ontology/admingeo/UnitaryAuthority,Scotland,http://data.ordnancesurvey.co.uk/id/7000000000041429,Scotland,http://data.ordnancesurvey.co.uk/id/country/scotland,,,
osgb4000000074569245,http://data.ordnancesurvey.co.uk/id/4000000074569245,Gillen,,,,populatedPlace,Hamlet,126732.700,859764.350,5000,25000,126501.119,859404.917,127001.119,860129.280,IV55,http://data.ordnancesurvey.co.uk/id/postcodedistrict/IV55,,,,,,,Highland,http://data.ordnancesurvey.co.uk/id/7000000000029638,http://data.ordnancesurvey.co.uk/ontology/admingeo/UnitaryAuthority,Scotland,http://data.ordnancesurvey.co.uk/id/7000000000041429,Scotland,http://data.ordnancesurvey.co.uk/id/country/scotland,,"http://dbpedia.org/resource/Gillen,_Skye",
osgb4000000074543023,http://data.ordnancesurvey.co.uk/id/4000000074543023,Orabost,gla,Orbost,eng,populatedPlace,Hamlet,125668.000,843391.000,5000,25000,125558.771,842658.571,126217.321,843653.936,IV55,http://data.ordnancesurvey.co.uk/id/postcodedistrict/IV55,,,,,,,Highland,http://data.ordnancesurvey.co.uk/id/7000000000029638,http://data.ordnancesurvey.co.uk/ontology/admingeo/UnitaryAuthority,Scotland,http://data.ordnancesurvey.co.uk/id/7000000000041429,Scotland,http://data.ordnancesurvey.co.uk/id/country/scotland,,,http://sws.geonames.org/2640951
osgb4000000074540853,http://data.ordnancesurvey.co.uk/id/4000000074540853,Braigh an Aodainn Bhain,gla,Upper Edinbane,eng,populatedPlace,Suburban Area,134744.978,851452.311,3000,25000,134516.660,851182.617,135016.660,851708.238,IV51,http://data.ordnancesurvey.co.uk/id/postcodedistrict/IV51,,,,,,,Highland,http://data.ordnancesurvey.co.uk/id/7000000000029638,http://data.ordnancesurvey.co.uk/ontology/admingeo/UnitaryAuthority,Scotland,http://data.ordnancesurvey.co.uk/id/7000000000041429,Scotland,http://data.ordnancesurvey.co.uk/id/country/scotland,,,
osgb4000000074542081,http://data.ordnancesurvey.co.uk/id/4000000074542081,Roag,,,,populatedPlace,Hamlet,127078.000,844006.000,5000,25000,126738.981,843422.692,127238.981,844528.645,IV55,http://data.ordnancesurvey.co.uk/id/postcodedistrict/IV55,,,,,,,Highland,http://data.ordnancesurvey.co.uk/id/7000000000029638,http://data.ordnancesurvey.co.uk/ontology/admingeo/UnitaryAuthority,Scotland,http://data.ordnancesurvey.co.uk/id/7000000000041429,Scotland,http://data.ordnancesurvey.co.uk/id/country/scotland,,http://dbpedia.org/resource/Roag,
osgb4000000074570264,http://data.ordnancesurvey.co.uk/id/4000000074570264,Roskhill,,,,populatedPlace,Hamlet,127928.630,844805.160,5000,25000,127810.910,844367.781,128399.079,845272.662,IV55,http://data.ordnancesurvey.co.uk/id/postcodedistrict/IV55,,,,,,,Highland,http://data.ordnancesurvey.co.uk/id/7000000000029638,http://data.ordnancesurvey.co.uk/ontology/admingeo/UnitaryAuthority,Scotland,http://data.ordnancesurvey.co.uk/id/7000000000041429,Scotland,http://data.ordnancesurvey.co.uk/id/country/scotland,,,
osgb4000000074543139,http://data.ordnancesurvey.co.uk/id/4000000074543139,Flaiseader,gla,Flashader,eng,populatedPlace,Hamlet,135086.320,853231.530,5000,25000,134793.308,852894.831,135293.308,853598.629,IV51,http://data.ordnancesurvey.co.uk/id/postcodedistrict/IV51,,,,,,,Highland,http://data.ordnancesurvey.co.uk/id/7000000000029638,http://data.ordnancesurvey.co.uk/ontology/admingeo/UnitaryAuthority,Scotland,http://data.ordnancesurvey.co.uk/id/7000000000041429,Scotland,http://data.ordnancesurvey.co.uk/id/country/scotland,,http://dbpedia.org/resource/Flashader,
osgb4000000074570260,http://data.ordnancesurvey.co.uk/id/4000000074570260,Harlois,gla,Harlosh,eng,populatedPlace,Village,128815.000,841694.000,14000,250000,128208.050,840808.600,129218.498,842935.062,IV55,http://data.ordnancesurvey.co.uk/id/postcodedistrict/IV55,,,,,,,Highland,http://data.ordnancesurvey.co.uk/id/7000000000029638,http://data.ordnancesurvey.co.uk/ontology/admingeo/UnitaryAuthority,Scotland,http://data.ordnancesurvey.co.uk/id/7000000000041429,Scotland,http://data.ordnancesurvey.co.uk/id/country/scotland,,http://dbpedia.org/resource/Harlosh,
osgb4000000074569244,http://data.ordnancesurvey.co.uk/id/4000000074569244,Hallin,,,,populatedPlace,Hamlet,125220.920,858675.650,5000,25000,124833.280,858293.935,125783.400,859384.813,IV55,http://data.ordnancesurvey.co.uk/id/postcodedistrict/IV55,,,,,,,Highland,http://data.ordnancesurvey.co.uk/id/7000000000029638,http://data.ordnancesurvey.co.uk/ontology/admingeo/UnitaryAuthority,Scotland,http://data.ordnancesurvey.co.uk/id/7000000000041429,Scotland,http://data.ordnancesurvey.co.uk/id/country/scotland,,,http://sws.geonames.org/2647617
IV519NX,http://data.ordnancesurvey.co.uk/id/postcodeunit/IV519NX,IV51 9NX,,,,other,Postcode,139149.000,852832.000,3500,18000,,,,,,,Treaslane,http://data.ordnancesurvey.co.uk/id/4000000074337385,http://www.ordnancesurvey.co.uk/xml/codelists/localtype.xml#otherSettlement,,,,Highland,http://data.ordnancesurvey.co.uk/id/7000000000029638,http://data.ordnancesurvey.co.uk/ontology/admingeo/UnitaryAuthority,Scotland,http://data.ordnancesurvey.co.uk/id/7000000000041429,Scotland,http://data.ordnancesurvey.co.uk/id/country/scotland,,,
IV519PP,http://data.ordnancesurvey.co.uk/id/postcodeunit/IV519PP,IV51 9PP,,,,other,Postcode,134226.000,850869.000,3500,18000,,,,,,,An t-Aodann Ban / Edinbane,http://data.ordnancesurvey.co.uk/id/4000000074568891,http://www.ordnancesurvey.co.uk/xml/codelists/localtype.xml#otherSettlement,,,,Highland,http://data.ordnancesurvey.co.uk/id/7000000000029638,http://data.ordnancesurvey.co.uk/ontology/admingeo/UnitaryAuthority,Scotland,http://data.ordnancesurvey.co.uk/id/7000000000041429,Scotland,http://data.ordnancesurvey.co.uk/id/country/scotland,,,
IV519PX,http://data.ordnancesurvey.co.uk/id/postcodeunit/IV519PX,IV51 9PX,,,,other,Postcode,136348.000,853783.000,3500,18000,,,,,,,Breabost,http://data.ordnancesurvey.co.uk/id/4000000074568893,http://www.ordnancesurvey.co.uk/xml/codelists/localtype.xml#otherSettlement,,,,Highland,http://data.ordnancesurvey.co.uk/id/7000000000029638,http://data.ordnancesurvey.co.uk/ontology/admingeo/UnitaryAuthority,Scotland,http://data.ordnancesurvey.co.uk/id/7000000000041429,Scotland,http://data.ordnancesurvey.co.uk/id/country/scotland,,,
IV519RE,http://data.ordnancesurvey.co.uk/id/postcodeunit/IV519RE,IV51 9RE,,,,other,Postcode,134570.000,851831.000,3500,18000,,,,,,,An t-Aodann Ban / Edinbane,http://data.ordnancesurvey.co.uk/id/4000000074568891,http://www.ordnancesurvey.co.uk/xml/codelists/localtype.xml#otherSettlement,,,,Highland,http://data.ordnancesurvey.co.uk/id/7000000000029638,http://data.ordnancesurvey.co.uk/ontology/admingeo/UnitaryAuthority,Scotland,http://data.ordnancesurvey.co.uk/id/7000000000041429,Scotland,http://data.ordnancesurvey.co.uk/id/country/scotland,,,
IV519NY,http://data.ordnancesurvey.co.uk/id/postcodeunit/IV519NY,IV51 9NY,,,,other,Postcode,138041.000,853525.000,3500,18000,,,,,,,Clachamish,http://data.ordnancesurvey.co.uk/id/4000000074574071,http://www.ordnancesurvey.co.uk/xml/codelists/localtype.xml#hamlet,,,,Highland,http://data.ordnancesurvey.co.uk/id/7000000000029638,http://data.ordnancesurvey.co.uk/ontology/admingeo/UnitaryAuthority,Scotland,http://data.ordnancesurvey.co.uk/id/7000000000041429,Scotland,http://data.ordnancesurvey.co.uk/id/country/scotland,,,
IV519PU,http://data.ordnancesurvey.co.uk/id/postcodeunit/IV519PU,IV51 9PU,,,,other,Postcode,135442.000,853999.000,3500,18000,,,,,,,Kildonan / Cill Donnain,http://data.ordnancesurvey.co.uk/id/4000000074569241,http://www.ordnancesurvey.co.uk/xml/codelists/localtype.xml#otherSettlement,,,,Highland,http://data.ordnancesurvey.co.uk/id/7000000000029638,http://data.ordnancesurvey.co.uk/ontology/admingeo/UnitaryAuthority,Scotland,http://data.ordnancesurvey.co.uk/id/7000000000041429,Scotland,http://data.ordnancesurvey.co.uk/id/country/scotland,,,
IV558ZA,http://data.ordnancesurvey.co.uk/id/postcodeunit/IV558ZA,IV55 8ZA,,,,other,Postcode,127108.000,843846.000,3500,18000,,,,,,,Roag,http://data.ordnancesurvey.co.uk/id/4000000074542081,http://www.ordnancesurvey.co.uk/xml/codelists/localtype.xml#hamlet,,,,Highland,http://data.ordnancesurvey.co.uk/id/7000000000029638,http://data.ordnancesurvey.co.uk/ontology/admingeo/UnitaryAuthority,Scotland,http://data.ordnancesurvey.co.uk/id/7000000000041429,Scotland,http://data.ordnancesurvey.co.uk/id/country/scotland,,,
IV558GY,http://data.ordnancesurvey.co.uk/id/postcodeunit/IV558GY,IV55 8GY,,,,other,Postcode,126671.000,846529.000,3500,18000,,,,,,,Lonmore,http://data.ordnancesurvey.co.uk/id/4000000074549791,http://www.ordnancesurvey.co.uk/xml/codelists/localtype.xml#village,,,,Highland,http://data.ordnancesurvey.co.uk/id/7000000000029638,http://data.ordnancesurvey.co.uk/ontology/admingeo/UnitaryAuthority,Scotland,http://data.ordnancesurvey.co.uk/id/7000000000041429,Scotland,http://data.ordnancesurvey.co.uk/id/country/scotland,,,
IV558ZR,http://data.ordnancesurvey.co.uk/id/postcodeunit/IV558ZR,IV55 8ZR,,,,other,Postcode,124508.000,847749.000,3500,18000,,,,,,,,,,,,,Highland,http://data.ordnancesurvey.co.uk/id/7000000000029638,http://data.ordnancesurvey.co.uk/ontology/admingeo/UnitaryAuthority,Scotland,http://data.ordnancesurvey.co.uk/id/7000000000041429,Scotland,http://data.ordnancesurvey.co.uk/id/country/scotland,,,
IV558ZG,http://data.ordnancesurvey.co.uk/id/postcodeunit/IV558ZG,IV55 8ZG,,,,other,Postcode,128897.000,841542.000,3500,18000,,,,,,,Harlois / Harlosh,http://data.ordnancesurvey.co.uk/id/4000000074570260,http://www.ordnancesurvey.co.uk/xml/codelists/localtype.xml#village,,,,Highland,http://data.ordnancesurvey.co.uk/id/7000000000029638,http://data.ordnancesurvey.co.uk/ontology/admingeo/UnitaryAuthority,Scotland,http://data.ordnancesurvey.co.uk/id/7000000000041429,Scotland,http://data.ordnancesurvey.co.uk/id/country/scotland,,,
IV558GF,http://data.ordnancesurvey.co.uk/id/postcodeunit/IV558GF,IV55 8GF,,,,other,Postcode,126953.000,854077.000,3500,18000,,,,,,,,,,,,,Highland,http://data.ordnancesurvey.co.uk/id/7000000000029638,http://data.ordnancesurvey.co.uk/ontology/admingeo/UnitaryAuthority,Scotland,http://data.ordnancesurvey.co.uk/id/7000000000041429,Scotland,http://data.ordnancesurvey.co.uk/id/country/scotland,,,
IV519NZ,http://data.ordnancesurvey.co.uk/id/postcodeunit/IV519NZ,IV51 9NZ,,,,other,Postcode,138202.000,853964.000,3500,18000,,,,,,,Cnot / Knott,http://data.ordnancesurvey.co.uk/id/4000000074574070,http://www.ordnancesurvey.co.uk/xml/codelists/localtype.xml#hamlet,,,,Highland,http://data.ordnancesurvey.co.uk/id/7000000000029638,http://data.ordnancesurvey.co.uk/ontology/admingeo/UnitaryAuthority,Scotland,http://data.ordnancesurvey.co.uk/id/7000000000041429,Scotland,http://data.ordnancesurvey.co.uk/id/country/scotland,,,
IV568FQ,http://data.ordnancesurvey.co.uk/id/postcodeunit/IV568FQ,IV56 8FQ,,,,other,Postcode,130543.000,843271.000,3500,18000,,,,,,,An Cadha Ruadh / Caroy,http://data.ordnancesurvey.co.uk/id/4000000074570262,http://www.ordnancesurvey.co.uk/xml/codelists/localtype.xml#hamlet,,,,Highland,http://data.ordnancesurvey.co.uk/id/7000000000029638,http://data.ordnancesurvey.co.uk/ontology/admingeo/UnitaryAuthority,Scotland,http://data.ordnancesurvey.co.uk/id/7000000000041429,Scotland,http://data.ordnancesurvey.co.uk/id/country/scotland,,,
IV558GD,http://data.ordnancesurvey.co.uk/id/postcodeunit/IV558GD,IV55 8GD,,,,other,Postcode,126898.000,856207.000,3500,18000,,,,,,,Lusta,http://data.ordnancesurvey.co.uk/id/4000000074569243,http://www.ordnancesurvey.co.uk/xml/codelists/localtype.xml#village,,,,Highland,http://data.ordnancesurvey.co.uk/id/7000000000029638,http://data.ordnancesurvey.co.uk/ontology/admingeo/UnitaryAuthority,Scotland,http://data.ordnancesurvey.co.uk/id/7000000000041429,Scotland,http://data.ordnancesurvey.co.uk/id/country/scotland,,,
IV519UT,http://data.ordnancesurvey.co.uk/id/postcodeunit/IV519UT,IV51 9UT,,,,other,Postcode,139929.000,854781.000,3500,18000,,,,,,,Cinnseaborg / Kingsburgh,http://data.ordnancesurvey.co.uk/id/4000000074337394,http://www.ordnancesurvey.co.uk/xml/codelists/localtype.xml#hamlet,,,,Highland,http://data.ordnancesurvey.co.uk/id/7000000000029638,http://data.ordnancesurvey.co.uk/ontology/admingeo/UnitaryAuthority,Scotland,http://data.ordnancesurvey.co.uk/id/7000000000041429,Scotland,http://data.ordnancesurvey.co.uk/id/country/scotland,,,
IV558GT,http://data.ordnancesurvey.co.uk/id/postcodeunit/IV558GT,IV55 8GT,,,,other,Postcode,125840.000,847513.000,3500,18000,,,,,,,Dùn Bheagan / Dunvegan,http://data.ordnancesurvey.co.uk/id/4000000074337471,http://www.ordnancesurvey.co.uk/xml/codelists/localtype.xml#village,,,,Highland,http://data.ordnancesurvey.co.uk/id/7000000000029638,http://data.ordnancesurvey.co.uk/ontology/admingeo/UnitaryAuthority,Scotland,http://data.ordnancesurvey.co.uk/id/7000000000041429,Scotland,http://data.ordnancesurvey.co.uk/id/country/scotland,,,
IV558YU,http://data.ordnancesurvey.co.uk/id/postcodeunit/IV558YU,IV55 8YU,,,,other,Postcode,126390.000,857053.000,3500,18000,,,,,,,Lusta,http://data.ordnancesurvey.co.uk/id/4000000074569243,http://www.ordnancesurvey.co.uk/xml/codelists/localtype.xml#village,,,,Highland,http://data.ordnancesurvey.co.uk/id/7000000000029638,http://data.ordnancesurvey.co.uk/ontology/admingeo/UnitaryAuthority,Scotland,http://data.ordnancesurvey.co.uk/id/7000000000041429,Scotland,http://data.ordnancesurvey.co.uk/id/country/scotland,,,
IV558GR,http://data.ordnancesurvey.co.uk/id/postcodeunit/IV558GR,IV55 8GR,,,,other,Postcode,126728.000,859729.000,3500,18000,,,,,,,Gillen,http://data.ordnancesurvey.co.uk/id/4000000074569245,http://www.ordnancesurvey.co.uk/xml/codelists/localtype.xml#hamlet,,,,Highland,http://data.ordnancesurvey.co.uk/id/7000000000029638,http://data.ordnancesurvey.co.uk/ontology/admingeo/UnitaryAuthority,Scotland,http://data.ordnancesurvey.co.uk/id/7000000000041429,Scotland,http://data.ordnancesurvey.co.uk/id/country/scotland,,,
IV558GU,http://data.ordnancesurvey.co.uk/id/postcodeunit/IV558GU,IV55 8GU,,,,other,Postcode,125990.000,846810.000,3500,18000,,,,,,,Dùn Bheagan / Dunvegan,http://data.ordnancesurvey.co.uk/id/4000000074337471,http://www.ordnancesurvey.co.uk/xml/codelists/localtype.xml#village,,,,Highland,http://data.ordnancesurvey.co.uk/id/7000000000029638,http://data.ordnancesurvey.co.uk/ontology/admingeo/UnitaryAuthority,Scotland,http://data.ordnancesurvey.co.uk/id/7000000000041429,Scotland,http://data.ordnancesurvey.co.uk/id/country/scotland,,,
IV558ZF,http://data.ordnancesurvey.co.uk/id/postcodeunit/IV558ZF,IV55 8ZF,,,,other,Postcode,128977.000,842458.000,3500,18000,,,,,,,Harlois / Harlosh,http://data.ordnancesurvey.co.uk/id/4000000074570260,http://www.ordnancesurvey.co.uk/xml/codelists/localtype.xml#village,,,,Highland,http://data.ordnancesurvey.co.uk/id/7000000000029638,http://data.ordnancesurvey.co.uk/ontology/admingeo/UnitaryAuthority,Scotland,http://data.ordnancesurvey.co.uk/id/7000000000041429,Scotland,http://data.ordnancesurvey.co.uk/id/country/scotland,,,
IV558GA,http://data.ordnancesurvey.co.uk/id/postcodeunit/IV558GA,IV55 8GA,,,,other,Postcode,126296.000,856490.000,3500,18000,,,,,,,Stein,http://data.ordnancesurvey.co.uk/id/4000000074542101,http://www.ordnancesurvey.co.uk/xml/codelists/localtype.xml#hamlet,,,,Highland,http://data.ordnancesurvey.co.uk/id/7000000000029638,http://data.ordnancesurvey.co.uk/ontology/admingeo/UnitaryAuthority,Scotland,http://data.ordnancesurvey.co.uk/id/7000000000041429,Scotland,http://data.ordnancesurvey.co.uk/id/country/scotland,,,
IV558WF,http://data.ordnancesurvey.co.uk/id/postcodeunit/IV558WF,IV55 8WF,,,,other,Postcode,124262.000,850794.000,3500,18000,,,,,,,,,,,,,Highland,http://data.ordnancesurvey.co.uk/id/7000000000029638,http://data.ordnancesurvey.co.uk/ontology/admingeo/UnitaryAuthority,Scotland,http://data.ordnancesurvey.co.uk/id/7000000000041429,Scotland,http://data.ordnancesurvey.co.uk/id/country/scotland,,,
IV519PT,http://data.ordnancesurvey.co.uk/id/postcodeunit/IV519PT,IV51 9PT,,,,other,Postcode,135191.000,853138.000,3500,18000,,,,,,,Flaiseader / Flashader,http://data.ordnancesurvey.co.uk/id/4000000074543139,http://www.ordnancesurvey.co.uk/xml/codelists/localtype.xml#hamlet,,,,Highland,http://data.ordnancesurvey.co.uk/id/7000000000029638,http://data.ordnancesurvey.co.uk/ontology/admingeo/UnitaryAuthority,Scotland,http://data.ordnancesurvey.co.uk/id/7000000000041429,Scotland,http://data.ordnancesurvey.co.uk/id/country/scotland,,,
IV558WA,http://data.ordnancesurvey.co.uk/id/postcodeunit/IV558WA,IV55 8WA,,,,other,Postcode,125356.000,847557.000,3500,18000,,,,,,,Dùn Bheagan / Dunvegan,http://data.ordnancesurvey.co.uk/id/4000000074337471,http://www.ordnancesurvey.co.uk/xml/codelists/localtype.xml#village,,,,Highland,http://data.ordnancesurvey.co.uk/id/7000000000029638,http://data.ordnancesurvey.co.uk/ontology/admingeo/UnitaryAuthority,Scotland,http://data.ordnancesurvey.co.uk/id/7000000000041429,Scotland,http://data.ordnancesurvey.co.uk/id/country/scotland,,,
IV558GZ,http://data.ordnancesurvey.co.uk/id/postcodeunit/IV558GZ,IV55 8GZ,,,,other,Postcode,127714.000,845086.000,3500,18000,,,,,,,Heribost,http://data.ordnancesurvey.co.uk/id/4000000074570265,http://www.ordnancesurvey.co.uk/xml/codelists/localtype.xml#hamlet,,,,Highland,http://data.ordnancesurvey.co.uk/id/7000000000029638,http://data.ordnancesurvey.co.uk/ontology/admingeo/UnitaryAuthority,Scotland,http://data.ordnancesurvey.co.uk/id/7000000000041429,Scotland,http://data.ordnancesurvey.co.uk/id/country/scotland,,,
IV558WQ,http://data.ordnancesurvey.co.uk/id/postcodeunit/IV558WQ,IV55 8WQ,,,,other,Postcode,125016.000,846604.000,3500,18000,,,,,,,,,,,,,Highland,http://data.ordnancesurvey.co.uk/id/7000000000029638,http://data.ordnancesurvey.co.uk/ontology/admingeo/UnitaryAuthority,Scotland,http://data.ordnancesurvey.co.uk/id/7000000000041429,Scotland,http://data.ordnancesurvey.co.uk/id/country/scotland,,,
IV519PW,http://data.ordnancesurvey.co.uk/id/postcodeunit/IV519PW,IV51 9PW,,,,other,Postcode,134353.000,850769.000,3500,18000,,,,,,,An t-Aodann Ban / Edinbane,http://data.ordnancesurvey.co.uk/id/4000000074568891,http://www.ordnancesurvey.co.uk/xml/codelists/localtype.xml#otherSettlement,,,,Highland,http://data.ordnancesurvey.co.uk/id/7000000000029638,http://data.ordnancesurvey.co.uk/ontology/admingeo/UnitaryAuthority,Scotland,http://data.ordnancesurvey.co.uk/id/7000000000041429,Scotland,http://data.ordnancesurvey.co.uk/id/country/scotland,,,
IV519PN,http://data.ordnancesurvey.co.uk/id/postcodeunit/IV519PN,IV51 9PN,,,,other,Postcode,134131.000,853893.000,3500,18000,,,,,,,,,,,,,Highland,http://data.ordnancesurvey.co.uk/id/7000000000029638,http://data.ordnancesurvey.co.uk/ontology/admingeo/UnitaryAuthority,Scotland,http://data.ordnancesurvey.co.uk/id/7000000000041429,Scotland,http://data.ordnancesurvey.co.uk/id/country/scotland,,,
IV519PR,http://data.ordnancesurvey.co.uk/id/postcodeunit/IV519PR,IV51 9PR,,,,other,Postcode,134732.000,851340.000,3500,18000,,,,,,,An t-Aodann Ban / Edinbane,http://data.ordnancesurvey.co.uk/id/4000000074568891,http://www.ordnancesurvey.co.uk/xml/codelists/localtype.xml#otherSettlement,,,,Highland,http://data.ordnancesurvey.co.uk/id/7000000000029638,http://data.ordnancesurvey.co.uk/ontology/admingeo/UnitaryAuthority,Scotland,http://data.ordnancesurvey.co.uk/id/7000000000041429,Scotland,http://data.ordnancesurvey.co.uk/id/country/scotland,,,
IV558ZT,http://data.ordnancesurvey.co.uk/id/postcodeunit/IV558ZT,IV55 8ZT,,,,other,Postcode,121127.000,849110.000,3500,18000,,,,,,,Colbost / Cealabost,http://data.ordnancesurvey.co.uk/id/4000000074570630,http://www.ordnancesurvey.co.uk/xml/codelists/localtype.xml#village,,,,Highland,http://data.ordnancesurvey.co.uk/id/7000000000029638,http://data.ordnancesurvey.co.uk/ontology/admingeo/UnitaryAuthority,Scotland,http://data.ordnancesurvey.co.uk/id/7000000000041429,Scotland,http://data.ordnancesurvey.co.uk/id/country/scotland,,,
IV558ZQ,http://data.ordnancesurvey.co.uk/id/postcodeunit/IV558ZQ,IV55 8ZQ,,,,other,Postcode,128663.000,842346.000,3500,18000,,,,,,,Harlois / Harlosh,http://data.ordnancesurvey.co.uk/id/4000000074570260,http://www.ordnancesurvey.co.uk/xml/codelists/localtype.xml#village,,,,Highland,http://data.ordnancesurvey.co.uk/id/7000000000029638,http://data.ordnancesurvey.co.uk/ontology/admingeo/UnitaryAuthority,Scotland,http://data.ordnancesurvey.co.uk/id/7000000000041429,Scotland,http://data.ordnancesurvey.co.uk/id/country/scotland,,,
IV558WE,http://data.ordnancesurvey.co.uk/id/postcodeunit/IV558WE,IV55 8WE,,,,other,Postcode,125007.000,848005.000,3500,18000,,,,,,,Dùn Bheagan / Dunvegan,http://data.ordnancesurvey.co.uk/id/4000000074337471,http://www.ordnancesurvey.co.uk/xml/codelists/localtype.xml#village,,,,Highland,http://data.ordnancesurvey.co.uk/id/7000000000029638,http://data.ordnancesurvey.co.uk/ontology/admingeo/UnitaryAuthority,Scotland,http://data.ordnancesurvey.co.uk/id/7000000000041429,Scotland,http://data.ordnancesurvey.co.uk/id/country/scotland,,,
IV568FJ,http://data.ordnancesurvey.co.uk/id/postcodeunit/IV568FJ,IV56 8FJ,,,,other,Postcode,131404.000,841250.000,3500,18000,,,,,,,Os / Ose,http://data.ordnancesurvey.co.uk/id/4000000074542968,http://www.ordnancesurvey.co.uk/xml/codelists/localtype.xml#hamlet,,,,Highland,http://data.ordnancesurvey.co.uk/id/7000000000029638,http://data.ordnancesurvey.co.uk/ontology/admingeo/UnitaryAuthority,Scotland,http://data.ordnancesurvey.co.uk/id/7000000000041429,Scotland,http://data.ordnancesurvey.co.uk/id/country/scotland,,,
IV558GL,http://data.ordnancesurvey.co.uk/id/postcodeunit/IV558GL,IV55 8GL,,,,other,Postcode,124464.000,859409.000,3500,18000,,,,,,,Halistra,http://data.ordnancesurvey.co.uk/id/4000000074570995,http://www.ordnancesurvey.co.uk/xml/codelists/localtype.xml#hamlet,,,,Highland,http://data.ordnancesurvey.co.uk/id/7000000000029638,http://data.ordnancesurvey.co.uk/ontology/admingeo/UnitaryAuthority,Scotland,http://data.ordnancesurvey.co.uk/id/7000000000041429,Scotland,http://data.ordnancesurvey.co.uk/id/country/scotland,,,
IV558HA,http://data.ordnancesurvey.co.uk/id/postcodeunit/IV558HA,IV55 8HA,,,,other,Postcode,126603.000,846543.000,3500,18000,,,,,,,Lonmore,http://data.ordnancesurvey.co.uk/id/4000000074549791,http://www.ordnancesurvey.co.uk/xml/codelists/localtype.xml#village,,,,Highland,http://data.ordnancesurvey.co.uk/id/7000000000029638,http://data.ordnancesurvey.co.uk/ontology/admingeo/UnitaryAuthority,Scotland,http://data.ordnancesurvey.co.uk/id/7000000000041429,Scotland,http://data.ordnancesurvey.co.uk/id/country/scotland,,,
IV558GJ,http://data.ordnancesurvey.co.uk/id/postcodeunit/IV558GJ,IV55 8GJ,,,,other,Postcode,124965.000,859053.000,3500,18000,,,,,,,Hallin,http://data.ordnancesurvey.co.uk/id/4000000074569244,http://www.ordnancesurvey.co.uk/xml/codelists/localtype.xml#hamlet,,,,Highland,http://data.ordnancesurvey.co.uk/id/7000000000029638,http://data.ordnancesurvey.co.uk/ontology/admingeo/UnitaryAuthority,Scotland,http://data.ordnancesurvey.co.uk/id/7000000000041429,Scotland,http://data.ordnancesurvey.co.uk/id/country/scotland,,,
IV558GB,http://data.ordnancesurvey.co.uk/id/postcodeunit/IV558GB,IV55 8GB,,,,other,Postcode,125994.000,857124.000,3500,18000,,,,,,,,,,,,,Highland,http://data.ordnancesurvey.co.uk/id/7000000000029638,http://data.ordnancesurvey.co.uk/ontology/admingeo/UnitaryAuthority,Scotland,http://data.ordnancesurvey.co.uk/id/7000000000041429,Scotland,http://data.ordnancesurvey.co.uk/id/country/scotland,,,
IV519PS,http://data.ordnancesurvey.co.uk/id/postcodeunit/IV519PS,IV51 9PS,,,,other,Postcode,134556.000,852637.000,3500,18000,,,,,,,,,,,,,Highland,http://data.ordnancesurvey.co.uk/id/7000000000029638,http://data.ordnancesurvey.co.uk/ontology/admingeo/UnitaryAuthority,Scotland,http://data.ordnancesurvey.co.uk/id/7000000000041429,Scotland,http://data.ordnancesurvey.co.uk/id/country/scotland,,,
IV558ZL,http://data.ordnancesurvey.co.uk/id/postcodeunit/IV558ZL,IV55 8ZL,,,,other,Postcode,129940.000,843824.000,3500,18000,,,,,,,Feolaig / Feorlig,http://data.ordnancesurvey.co.uk/id/4000000074337480,http://www.ordnancesurvey.co.uk/xml/codelists/localtype.xml#hamlet,,,,Highland,http://data.ordnancesurvey.co.uk/id/7000000000029638,http://data.ordnancesurvey.co.uk/ontology/admingeo/UnitaryAuthority,Scotland,http://data.ordnancesurvey.co.uk/id/7000000000041429,Scotland,http://data.ordnancesurvey.co.uk/id/country/scotland,,,
IV558GH,http://data.ordnancesurvey.co.uk/id/postcodeunit/IV558GH,IV55 8GH,,,,other,Postcode,125148.000,858872.000,3500,18000,,,,,,,Hallin,http://data.ordnancesurvey.co.uk/id/4000000074569244,http://www.ordnancesurvey.co.uk/xml/codelists/localtype.xml#hamlet,,,,Highland,http://data.ordnancesurvey.co.uk/id/7000000000029638,http://data.ordnancesurvey.co.uk/ontology/admingeo/UnitaryAuthority,Scotland,http://data.ordnancesurvey.co.uk/id/7000000000041429,Scotland,http://data.ordnancesurvey.co.uk/id/country/scotland,,,
IV558ZS,http://data.ordnancesurvey.co.uk/id/postcodeunit/IV558ZS,IV55 8ZS,,,,other,Postcode,122436.000,847600.000,3500,18000,,,,,,,Sgianaidin / Skinidin,http://data.ordnancesurvey.co.uk/id/4000000074543101,http://www.ordnancesurvey.co.uk/xml/codelists/localtype.xml#otherSettlement,,,,Highland,http://data.ordnancesurvey.co.uk/id/7000000000029638,http://data.ordnancesurvey.co.uk/ontology/admingeo/UnitaryAuthority,Scotland,http://data.ordnancesurvey.co.uk/id/7000000000041429,Scotland,http://data.ordnancesurvey.co.uk/id/country/scotland,,,
IV558ZJ,http://data.ordnancesurvey.co.uk/id/postcodeunit/IV558ZJ,IV55 8ZJ,,,,other,Postcode,128475.000,841011.000,3500,18000,,,,,,,Harlois / Harlosh,http://data.ordnancesurvey.co.uk/id/4000000074570260,http://www.ordnancesurvey.co.uk/xml/codelists/localtype.xml#village,,,,Highland,http://data.ordnancesurvey.co.uk/id/7000000000029638,http://data.ordnancesurvey.co.uk/ontology/admingeo/UnitaryAuthority,Scotland,http://data.ordnancesurvey.co.uk/id/7000000000041429,Scotland,http://data.ordnancesurvey.co.uk/id/country/scotland,,,
IV558WH,http://data.ordnancesurvey.co.uk/id/postcodeunit/IV558WH,IV55 8WH,,,,other,Postcode,125859.000,846893.000,3500,18000,,,,,,,Dùn Bheagan / Dunvegan,http://data.ordnancesurvey.co.uk/id/4000000074337471,http://www.ordnancesurvey.co.uk/xml/codelists/localtype.xml#village,,,,Highland,http://data.ordnancesurvey.co.uk/id/7000000000029638,http://data.ordnancesurvey.co.uk/ontology/admingeo/UnitaryAuthority,Scotland,http://data.ordnancesurvey.co.uk/id/7000000000041429,Scotland,http://data.ordnancesurvey.co.uk/id/country/scotland,,,
IV558GS,http://data.ordnancesurvey.co.uk/id/postcodeunit/IV558GS,IV55 8GS,,,,other,Postcode,127339.000,848016.000,3500,18000,,,,,,,,,,,,,Highland,http://data.ordnancesurvey.co.uk/id/7000000000029638,http://data.ordnancesurvey.co.uk/ontology/admingeo/UnitaryAuthority,Scotland,http://data.ordnancesurvey.co.uk/id/7000000000041429,Scotland,http://data.ordnancesurvey.co.uk/id/country/scotland,,,
IV519PA,http://data.ordnancesurvey.co.uk/id/postcodeunit/IV519PA,IV51 9PA,,,,other,Postcode,137932.000,853177.000,3500,18000,,,,,,,Suledale,http://data.ordnancesurvey.co.uk/id/4000000074542085,http://www.ordnancesurvey.co.uk/xml/codelists/localtype.xml#hamlet,,,,Highland,http://data.ordnancesurvey.co.uk/id/7000000000029638,http://data.ordnancesurvey.co.uk/ontology/admingeo/UnitaryAuthority,Scotland,http://data.ordnancesurvey.co.uk/id/7000000000041429,Scotland,http://data.ordnancesurvey.co.uk/id/country/scotland,,,
IV568WZ,http://data.ordnancesurvey.co.uk/id/postcodeunit/IV568WZ,IV56 8WZ,,,,other,Postcode,125561.000,847248.000,3500,18000,,,,,,,Dùn Bheagan / Dunvegan,http://data.ordnancesurvey.co.uk/id/4000000074337471,http://www.ordnancesurvey.co.uk/xml/codelists/localtype.xml#village,,,,Highland,http://data.ordnancesurvey.co.uk/id/7000000000029638,http://data.ordnancesurvey.co.uk/ontology/admingeo/UnitaryAuthority,Scotland,http://data.ordnancesurvey.co.uk/id/7000000000041429,Scotland,http://data.ordnancesurvey.co.uk/id/country/scotland,,,
osgb4000000003445854,http://data.ordnancesurvey.co.uk/id/4000000003445854,Brookside,,,,transportNetwork,Named Road,137994.000,853597.000,1000,20000,137921.999,853487.000,138022.000,853676.384,IV51,http://data.ordnancesurvey.co.uk/id/postcodedistrict/IV51,Clachamish,http://data.ordnancesurvey.co.uk/id/4000000074574071,http://www.ordnancesurvey.co.uk/xml/codelists/localtype.xml#hamlet,,,,Highland,http://data.ordnancesurvey.co.uk/id/7000000000029638,http://data.ordnancesurvey.co.uk/ontology/admingeo/UnitaryAuthority,Scotland,http://data.ordnancesurvey.co.uk/id/7000000000041429,Scotland,http://data.ordnancesurvey.co.uk/id/country/scotland,,,
osgb4000000003449364,http://data.ordnancesurvey.co.uk/id/4000000003449364,Rathad Chille Mhoile,gla,Kilmuir Road,eng,transportNetwork,Named Road,126101.368,847291.954,5000,20000,125763.600,846981.454,126594.084,847779.400,IV55,http://data.ordnancesurvey.co.uk/id/postcodedistrict/IV55,Dùn Bheagan / Dunvegan,http://data.ordnancesurvey.co.uk/id/4000000074337471,http://www.ordnancesurvey.co.uk/xml/codelists/localtype.xml#village,,,,Highland,http://data.ordnancesurvey.co.uk/id/7000000000029638,http://data.ordnancesurvey.co.uk/ontology/admingeo/UnitaryAuthority,Scotland,http://data.ordnancesurvey.co.uk/id/7000000000041429,Scotland,http://data.ordnancesurvey.co.uk/id/country/scotland,,,
osgb4000000003445890,http://data.ordnancesurvey.co.uk/id/4000000003445890,Kings Brae,,,,transportNetwork,Named Road,126012.144,847013.104,3000,20000,125847.000,846793.238,126225.308,847178.973,IV55,http://data.ordnancesurvey.co.uk/id/postcodedistrict/IV55,Dùn Bheagan / Dunvegan,http://data.ordnancesurvey.co.uk/id/4000000074337471,http://www.ordnancesurvey.co.uk/xml/codelists/localtype.xml#village,,,,Highland,http://data.ordnancesurvey.co.uk/id/7000000000029638,http://data.ordnancesurvey.co.uk/ontology/admingeo/UnitaryAuthority,Scotland,http://data.ordnancesurvey.co.uk/id/7000000000041429,Scotland,http://data.ordnancesurvey.co.uk/id/country/scotland,,,
osgb4000000003446173,http://data.ordnancesurvey.co.uk/id/4000000003446173,A850,,,,transportNetwork,Numbered Road,134450.000,851000.000,128000,1000000,124696.489,847722.400,144432.000,854155.000,IV51,http://data.ordnancesurvey.co.uk/id/postcodedistrict/IV51,An t-Aodann Ban / Edinbane,http://data.ordnancesurvey.co.uk/id/4000000074568891,http://www.ordnancesurvey.co.uk/xml/codelists/localtype.xml#otherSettlement,,,,Highland,http://data.ordnancesurvey.co.uk/id/7000000000029638,http://data.ordnancesurvey.co.uk/ontology/admingeo/UnitaryAuthority,Scotland,http://data.ordnancesurvey.co.uk/id/7000000000041429,Scotland,http://data.ordnancesurvey.co.uk/id/country/scotland,,,
3a5271e3-eeba-475e-8bd3-f892450ba376,http://data.ordnancesurvey.co.uk/id/3a5271e3-eeba-475e-8bd3-f892450ba376,Mill Road,,,,transportNetwork,Section Of Named Road,125571.649,847138.436,1000,25000,125508.420,847104.974,125674.000,847140.925,IV56,http://data.ordnancesurvey.co.uk/id/postcodedistrict/IV56,Dùn Bheagan / Dunvegan,http://data.ordnancesurvey.co.uk/id/4000000074337471,http://www.ordnancesurvey.co.uk/xml/codelists/localtype.xml#village,,,,Highland,http://data.ordnancesurvey.co.uk/id/7000000000029638,http://data.ordnancesurvey.co.uk/ontology/admingeo/UnitaryAuthority,Scotland,http://data.ordnancesurvey.co.uk/id/7000000000041429,Scotland,http://data.ordnancesurvey.co.uk/id/country/scotland,osgb4000000003445821,,
osgb4000000003445929,http://data.ordnancesurvey.co.uk/id/4000000003445929,Taobh An Loch,,,,transportNetwork,Named Road,125044.000,847923.000,1000,20000,125025.042,847911.062,125074.972,847953.239,IV55,http://data.ordnancesurvey.co.uk/id/postcodedistrict/IV55,Dùn Bheagan / Dunvegan,http://data.ordnancesurvey.co.uk/id/4000000074337471,http://www.ordnancesurvey.co.uk/xml/codelists/localtype.xml#village,,,,Highland,http://data.ordnancesurvey.co.uk/id/7000000000029638,http://data.ordnancesurvey.co.uk/ontology/admingeo/UnitaryAuthority,Scotland,http://data.ordnancesurvey.co.uk/id/7000000000041429,Scotland,http://data.ordnancesurvey.co.uk/id/country/scotland,,,
osgb4000000003449365,http://data.ordnancesurvey.co.uk/id/4000000003449365,Lochside,eng,Taobth Loch,gla,transportNetwork,Named Road,125108.000,847837.400,1000,20000,125074.972,847781.000,125158.600,847913.100,IV55,http://data.ordnancesurvey.co.uk/id/postcodedistrict/IV55,Dùn Bheagan / Dunvegan,http://data.ordnancesurvey.co.uk/id/4000000074337471,http://www.ordnancesurvey.co.uk/xml/codelists/localtype.xml#village,,,,Highland,http://data.ordnancesurvey.co.uk/id/7000000000029638,http://data.ordnancesurvey.co.uk/ontology/admingeo/UnitaryAuthority,Scotland,http://data.ordnancesurvey.co.uk/id/7000000000041429,Scotland,http://data.ordnancesurvey.co.uk/id/country/scotland,,,
osgb4000000003445979,http://data.ordnancesurvey.co.uk/id/4000000003445979,B884,,,,transportNetwork,Numbered Road,121677.000,848647.000,74000,250000,115309.000,845860.000,126693.052,850586.188,IV55,http://data.ordnancesurvey.co.uk/id/postcodedistrict/IV55,Colbost / Cealabost,http://data.ordnancesurvey.co.uk/id/4000000074570630,http://www.ordnancesurvey.co.uk/xml/codelists/localtype.xml#village,,,,Highland,http://data.ordnancesurvey.co.uk/id/7000000000029638,http://data.ordnancesurvey.co.uk/ontology/admingeo/UnitaryAuthority,Scotland,http://data.ordnancesurvey.co.uk/id/7000000000041429,Scotland,http://data.ordnancesurvey.co.uk/id/country/scotland,,,
osgb4000000003445820,http://data.ordnancesurvey.co.uk/id/4000000003445820,Munro Place,,,,transportNetwork,Named Road,126577.000,846612.000,1000,20000,126544.000,846547.445,126687.497,846628.450,IV55,http://data.ordnancesurvey.co.uk/id/postcodedistrict/IV55,Lonmore,http://data.ordnancesurvey.co.uk/id/4000000074549791,http://www.ordnancesurvey.co.uk/xml/codelists/localtype.xml#village,,,,Highland,http://data.ordnancesurvey.co.uk/id/7000000000029638,http://data.ordnancesurvey.co.uk/ontology/admingeo/UnitaryAuthority,Scotland,http://data.ordnancesurvey.co.uk/id/7000000000041429,Scotland,http://data.ordnancesurvey.co.uk/id/country/scotland,,,
osgb4000000003445821,http://data.ordnancesurvey.co.uk/id/4000000003445821,Mill Road,,,,transportNetwork,Named Road,125571.649,847138.436,1000,20000,125502.000,847104.000,125674.000,847140.925,IV56,http://data.ordnancesurvey.co.uk/id/postcodedistrict/IV56,Dùn Bheagan / Dunvegan,http://data.ordnancesurvey.co.uk/id/4000000074337471,http://www.ordnancesurvey.co.uk/xml/codelists/localtype.xml#village,,,,Highland,http://data.ordnancesurvey.co.uk/id/7000000000029638,http://data.ordnancesurvey.co.uk/ontology/admingeo/UnitaryAuthority,Scotland,http://data.ordnancesurvey.co.uk/id/7000000000041429,Scotland,http://data.ordnancesurvey.co.uk/id/country/scotland,,,
osgb4000000003445982,http://data.ordnancesurvey.co.uk/id/4000000003445982,B886,,,,transportNetwork,Numbered Road,127270.000,854003.000,36000,250000,126122.000,851221.000,128074.000,856826.800,IV55,http://data.ordnancesurvey.co.uk/id/postcodedistrict/IV55,,,,,,,Highland,http://data.ordnancesurvey.co.uk/id/7000000000029638,http://data.ordnancesurvey.co.uk/ontology/admingeo/UnitaryAuthority,Scotland,http://data.ordnancesurvey.co.uk/id/7000000000041429,Scotland,http://data.ordnancesurvey.co.uk/id/country/scotland,,,
IV568FH,http://data.ordnancesurvey.co.uk/id/postcodeunit/IV568FH,IV56 8FH,,,,other,Postcode,131463.000,843078.000,3500,18000,,,,,,,Balmeanach / Baile Meadhanach,http://data.ordnancesurvey.co.uk/id/4000000074570261,http://www.ordnancesurvey.co.uk/xml/codelists/localtype.xml#otherSettlement,,,,Highland,http://data.ordnancesurvey.co.uk/id/7000000000029638,http://data.ordnancesurvey.co.uk/ontology/admingeo/UnitaryAuthority,Scotland,http://data.ordnancesurvey.co.uk/id/7000000000041429,Scotland,http://data.ordnancesurvey.co.uk/id/country/scotland,,,
IV558ZN,http://data.ordnancesurvey.co.uk/id/postcodeunit/IV558ZN,IV55 8ZN,,,,other,Postcode,126636.000,846595.000,3500,18000,,,,,,,Lonmore,http://data.ordnancesurvey.co.uk/id/4000000074549791,http://www.ordnancesurvey.co.uk/xml/codelists/localtype.xml#village,,,,Highland,http://data.ordnancesurvey.co.uk/id/7000000000029638,http://data.ordnancesurvey.co.uk/ontology/admingeo/UnitaryAuthority,Scotland,http://data.ordnancesurvey.co.uk/id/7000000000041429,Scotland,http://data.ordnancesurvey.co.uk/id/country/scotland,,,
IV558ZE,http://data.ordnancesurvey.co.uk/id/postcodeunit/IV558ZE,IV55 8ZE,,,,other,Postcode,128256.000,844110.000,3500,18000,,,,,,,Vatten,http://data.ordnancesurvey.co.uk/id/4000000074543022,http://www.ordnancesurvey.co.uk/xml/codelists/localtype.xml#hamlet,,,,Highland,http://data.ordnancesurvey.co.uk/id/7000000000029638,http://data.ordnancesurvey.co.uk/ontology/admingeo/UnitaryAuthority,Scotland,http://data.ordnancesurvey.co.uk/id/7000000000041429,Scotland,http://data.ordnancesurvey.co.uk/id/country/scotland,,,
IV558ZD,http://data.ordnancesurvey.co.uk/id/postcodeunit/IV558ZD,IV55 8ZD,,,,other,Postcode,128114.000,845147.000,3500,18000,,,,,,,Roskhill,http://data.ordnancesurvey.co.uk/id/4000000074570264,http://www.ordnancesurvey.co.uk/xml/codelists/localtype.xml#hamlet,,,,Highland,http://data.ordnancesurvey.co.uk/id/7000000000029638,http://data.ordnancesurvey.co.uk/ontology/admingeo/UnitaryAuthority,Scotland,http://data.ordnancesurvey.co.uk/id/7000000000041429,Scotland,http://data.ordnancesurvey.co.uk/id/country/scotland,,,
IV558ZH,http://data.ordnancesurvey.co.uk/id/postcodeunit/IV558ZH,IV55 8ZH,,,,other,Postcode,128496.000,841705.000,3500,18000,,,,,,,Harlois / Harlosh,http://data.ordnancesurvey.co.uk/id/4000000074570260,http://www.ordnancesurvey.co.uk/xml/codelists/localtype.xml#village,,,,Highland,http://data.ordnancesurvey.co.uk/id/7000000000029638,http://data.ordnancesurvey.co.uk/ontology/admingeo/UnitaryAuthority,Scotland,http://data.ordnancesurvey.co.uk/id/7000000000041429,Scotland,http://data.ordnancesurvey.co.uk/id/country/scotland,,,
IV558ZB,http://data.ordnancesurvey.co.uk/id/postcodeunit/IV558ZB,IV55 8ZB,,,,other,Postcode,125748.000,843068.000,3500,18000,,,,,,,Orabost / Orbost,http://data.ordnancesurvey.co.uk/id/4000000074543023,http://www.ordnancesurvey.co.uk/xml/codelists/localtype.xml#hamlet,,,,Highland,http://data.ordnancesurvey.co.uk/id/7000000000029638,http://data.ordnancesurvey.co.uk/ontology/admingeo/UnitaryAuthority,Scotland,http://data.ordnancesurvey.co.uk/id/7000000000041429,Scotland,http://data.ordnancesurvey.co.uk/id/country/scotland,,,
IV558GN,http://data.ordnancesurvey.co.uk/id/postcodeunit/IV558GN,IV55 8GN,,,,other,Postcode,124002.000,859977.000,3500,18000,,,,,,,Halistra,http://data.ordnancesurvey.co.uk/id/4000000074570995,http://www.ordnancesurvey.co.uk/xml/codelists/localtype.xml#hamlet,,,,Highland,http://data.ordnancesurvey.co.uk/id/7000000000029638,http://data.ordnancesurvey.co.uk/ontology/admingeo/UnitaryAuthority,Scotland,http://data.ordnancesurvey.co.uk/id/7000000000041429,Scotland,http://data.ordnancesurvey.co.uk/id/country/scotland,,,
IV568FF,http://data.ordnancesurvey.co.uk/id/postcodeunit/IV568FF,IV56 8FF,,,,other,Postcode,131924.000,840591.000,3500,18000,,,,,,,An Gearraidh Mòr / Gearymore,http://data.ordnancesurvey.co.uk/id/4000000074542611,http://www.ordnancesurvey.co.uk/xml/codelists/localtype.xml#hamlet,,,,Highland,http://data.ordnancesurvey.co.uk/id/7000000000029638,http://data.ordnancesurvey.co.uk/ontology/admingeo/UnitaryAuthority,Scotland,http://data.ordnancesurvey.co.uk/id/7000000000041429,Scotland,http://data.ordnancesurvey.co.uk/id/country/scotland,,,
IV558WB,http://data.ordnancesurvey.co.uk/id/postcodeunit/IV558WB,IV55 8WB,,,,other,Postcode,125087.000,847843.000,3500,18000,,,,,,,Dùn Bheagan / Dunvegan,http://data.ordnancesurvey.co.uk/id/4000000074337471,http://www.ordnancesurvey.co.uk/xml/codelists/localtype.xml#village,,,,Highland,http://data.ordnancesurvey.co.uk/id/7000000000029638,http://data.ordnancesurvey.co.uk/ontology/admingeo/UnitaryAuthority,Scotland,http://data.ordnancesurvey.co.uk/id/7000000000041429,Scotland,http://data.ordnancesurvey.co.uk/id/country/scotland,,,
IV558GE,http://data.ordnancesurvey.co.uk/id/postcodeunit/IV558GE,IV55 8GE,,,,other,Postcode,126943.000,855675.000,3500,18000,,,,,,,Lusta,http://data.ordnancesurvey.co.uk/id/4000000074569243,http://www.ordnancesurvey.co.uk/xml/codelists/localtype.xml#village,,,,Highland,http://data.ordnancesurvey.co.uk/id/7000000000029638,http://data.ordnancesurvey.co.uk/ontology/admingeo/UnitaryAuthority,Scotland,http://data.ordnancesurvey.co.uk/id/7000000000041429,Scotland,http://data.ordnancesurvey.co.uk/id/country/scotland,,,
IV568FL,http://data.ordnancesurvey.co.uk/id/postcodeunit/IV568FL,IV56 8FL,,,,other,Postcode,131387.000,840377.000,3500,18000,,,,,,,An Gearraidh Mòr / Gearymore,http://data.ordnancesurvey.co.uk/id/4000000074542611,http://www.ordnancesurvey.co.uk/xml/codelists/localtype.xml#hamlet,,,,Highland,http://data.ordnancesurvey.co.uk/id/7000000000029638,http://data.ordnancesurvey.co.uk/ontology/admingeo/UnitaryAuthority,Scotland,http://data.ordnancesurvey.co.uk/id/7000000000041429,Scotland,http://data.ordnancesurvey.co.uk/id/country/scotland,,,
