﻿osgb4000000074571347,http://data.ordnancesurvey.co.uk/id/4000000074571347,Sgalpaigh,gla,Scalpay,eng,populatedPlace,Village,121366.760,896123.510,16000,250000,120950.747,894782.480,123293.375,897311.107,HS4,http://data.ordnancesurvey.co.uk/id/postcodedistrict/HS4,,,,,,,Na h-Eileanan an Iar,http://data.ordnancesurvey.co.uk/id/7000000000030022,http://data.ordnancesurvey.co.uk/ontology/admingeo/UnitaryAuthority,Scotland,http://data.ordnancesurvey.co.uk/id/7000000000041429,Scotland,http://data.ordnancesurvey.co.uk/id/country/scotland,,,
osgb4000000074571346,http://data.ordnancesurvey.co.uk/id/4000000074571346,Carnach,,,,populatedPlace,Hamlet,122112.000,897719.000,5000,25000,121770.166,897503.495,122599.635,898003.495,HS4,http://data.ordnancesurvey.co.uk/id/postcodedistrict/HS4,,,,,,,Na h-Eileanan an Iar,http://data.ordnancesurvey.co.uk/id/7000000000030022,http://data.ordnancesurvey.co.uk/ontology/admingeo/UnitaryAuthority,Scotland,http://data.ordnancesurvey.co.uk/id/7000000000041429,Scotland,http://data.ordnancesurvey.co.uk/id/country/scotland,,,
osgb4000000074571348,http://data.ordnancesurvey.co.uk/id/4000000074571348,Caolas Scalpaigh,gla,Kyles Scalpay,eng,populatedPlace,Hamlet,121662.000,897888.000,5000,25000,120995.996,897768.576,121704.815,898432.146,HS3,http://data.ordnancesurvey.co.uk/id/postcodedistrict/HS3,,,,,,,Na h-Eileanan an Iar,http://data.ordnancesurvey.co.uk/id/7000000000030022,http://data.ordnancesurvey.co.uk/ontology/admingeo/UnitaryAuthority,Scotland,http://data.ordnancesurvey.co.uk/id/7000000000041429,Scotland,http://data.ordnancesurvey.co.uk/id/country/scotland,,,
osgb4000000074542110,http://data.ordnancesurvey.co.uk/id/4000000074542110,Steinis,,,,populatedPlace,Hamlet,120552.390,898340.930,5000,25000,120071.007,898028.824,121035.275,898528.824,HS3,http://data.ordnancesurvey.co.uk/id/postcodedistrict/HS3,,,,,,,Na h-Eileanan an Iar,http://data.ordnancesurvey.co.uk/id/7000000000030022,http://data.ordnancesurvey.co.uk/ontology/admingeo/UnitaryAuthority,Scotland,http://data.ordnancesurvey.co.uk/id/7000000000041429,Scotland,http://data.ordnancesurvey.co.uk/id/country/scotland,,,
HS43XX,http://data.ordnancesurvey.co.uk/id/postcodeunit/HS43XX,HS4 3XX,,,,other,Postcode,121526.000,896774.000,3500,18000,,,,,,,Sgalpaigh / Scalpay,http://data.ordnancesurvey.co.uk/id/4000000074571347,http://www.ordnancesurvey.co.uk/xml/codelists/localtype.xml#village,,,,Na h-Eileanan an Iar,http://data.ordnancesurvey.co.uk/id/7000000000030022,http://data.ordnancesurvey.co.uk/ontology/admingeo/UnitaryAuthority,Scotland,http://data.ordnancesurvey.co.uk/id/7000000000041429,Scotland,http://data.ordnancesurvey.co.uk/id/country/scotland,,,
HS33BS,http://data.ordnancesurvey.co.uk/id/postcodeunit/HS33BS,HS3 3BS,,,,other,Postcode,121381.000,898040.000,3500,18000,,,,,,,Caolas Scalpaigh / Kyles Scalpay,http://data.ordnancesurvey.co.uk/id/4000000074571348,http://www.ordnancesurvey.co.uk/xml/codelists/localtype.xml#hamlet,,,,Na h-Eileanan an Iar,http://data.ordnancesurvey.co.uk/id/7000000000030022,http://data.ordnancesurvey.co.uk/ontology/admingeo/UnitaryAuthority,Scotland,http://data.ordnancesurvey.co.uk/id/7000000000041429,Scotland,http://data.ordnancesurvey.co.uk/id/country/scotland,,,
HS43YA,http://data.ordnancesurvey.co.uk/id/postcodeunit/HS43YA,HS4 3YA,,,,other,Postcode,121339.000,896562.000,3500,18000,,,,,,,Sgalpaigh / Scalpay,http://data.ordnancesurvey.co.uk/id/4000000074571347,http://www.ordnancesurvey.co.uk/xml/codelists/localtype.xml#village,,,,Na h-Eileanan an Iar,http://data.ordnancesurvey.co.uk/id/7000000000030022,http://data.ordnancesurvey.co.uk/ontology/admingeo/UnitaryAuthority,Scotland,http://data.ordnancesurvey.co.uk/id/7000000000041429,Scotland,http://data.ordnancesurvey.co.uk/id/country/scotland,,,
HS43YG,http://data.ordnancesurvey.co.uk/id/postcodeunit/HS43YG,HS4 3YG,,,,other,Postcode,122513.000,895262.000,3500,18000,,,,,,,Sgalpaigh / Scalpay,http://data.ordnancesurvey.co.uk/id/4000000074571347,http://www.ordnancesurvey.co.uk/xml/codelists/localtype.xml#village,,,,Na h-Eileanan an Iar,http://data.ordnancesurvey.co.uk/id/7000000000030022,http://data.ordnancesurvey.co.uk/ontology/admingeo/UnitaryAuthority,Scotland,http://data.ordnancesurvey.co.uk/id/7000000000041429,Scotland,http://data.ordnancesurvey.co.uk/id/country/scotland,,,
HS43YF,http://data.ordnancesurvey.co.uk/id/postcodeunit/HS43YF,HS4 3YF,,,,other,Postcode,121869.000,896116.000,3500,18000,,,,,,,Sgalpaigh / Scalpay,http://data.ordnancesurvey.co.uk/id/4000000074571347,http://www.ordnancesurvey.co.uk/xml/codelists/localtype.xml#village,,,,Na h-Eileanan an Iar,http://data.ordnancesurvey.co.uk/id/7000000000030022,http://data.ordnancesurvey.co.uk/ontology/admingeo/UnitaryAuthority,Scotland,http://data.ordnancesurvey.co.uk/id/7000000000041429,Scotland,http://data.ordnancesurvey.co.uk/id/country/scotland,,,
HS43YD,http://data.ordnancesurvey.co.uk/id/postcodeunit/HS43YD,HS4 3YD,,,,other,Postcode,121232.000,896850.000,3500,18000,,,,,,,Sgalpaigh / Scalpay,http://data.ordnancesurvey.co.uk/id/4000000074571347,http://www.ordnancesurvey.co.uk/xml/codelists/localtype.xml#village,,,,Na h-Eileanan an Iar,http://data.ordnancesurvey.co.uk/id/7000000000030022,http://data.ordnancesurvey.co.uk/ontology/admingeo/UnitaryAuthority,Scotland,http://data.ordnancesurvey.co.uk/id/7000000000041429,Scotland,http://data.ordnancesurvey.co.uk/id/country/scotland,,,
HS43XZ,http://data.ordnancesurvey.co.uk/id/postcodeunit/HS43XZ,HS4 3XZ,,,,other,Postcode,121630.000,897167.000,3500,18000,,,,,,,Sgalpaigh / Scalpay,http://data.ordnancesurvey.co.uk/id/4000000074571347,http://www.ordnancesurvey.co.uk/xml/codelists/localtype.xml#village,,,,Na h-Eileanan an Iar,http://data.ordnancesurvey.co.uk/id/7000000000030022,http://data.ordnancesurvey.co.uk/ontology/admingeo/UnitaryAuthority,Scotland,http://data.ordnancesurvey.co.uk/id/7000000000041429,Scotland,http://data.ordnancesurvey.co.uk/id/country/scotland,,,
HS43YB,http://data.ordnancesurvey.co.uk/id/postcodeunit/HS43YB,HS4 3YB,,,,other,Postcode,121277.000,896188.000,3500,18000,,,,,,,Sgalpaigh / Scalpay,http://data.ordnancesurvey.co.uk/id/4000000074571347,http://www.ordnancesurvey.co.uk/xml/codelists/localtype.xml#village,,,,Na h-Eileanan an Iar,http://data.ordnancesurvey.co.uk/id/7000000000030022,http://data.ordnancesurvey.co.uk/ontology/admingeo/UnitaryAuthority,Scotland,http://data.ordnancesurvey.co.uk/id/7000000000041429,Scotland,http://data.ordnancesurvey.co.uk/id/country/scotland,,,
osgb4000000003445782,http://data.ordnancesurvey.co.uk/id/4000000003445782,Sraid Falkland,,,,transportNetwork,Named Road,122315.000,895284.000,4000,20000,122273.000,894953.934,122394.000,895601.000,HS4,http://data.ordnancesurvey.co.uk/id/postcodedistrict/HS4,Sgalpaigh / Scalpay,http://data.ordnancesurvey.co.uk/id/4000000074571347,http://www.ordnancesurvey.co.uk/xml/codelists/localtype.xml#village,,,,Na h-Eileanan an Iar,http://data.ordnancesurvey.co.uk/id/7000000000030022,http://data.ordnancesurvey.co.uk/ontology/admingeo/UnitaryAuthority,Scotland,http://data.ordnancesurvey.co.uk/id/7000000000041429,Scotland,http://data.ordnancesurvey.co.uk/id/country/scotland,,,
HS43XU,http://data.ordnancesurvey.co.uk/id/postcodeunit/HS43XU,HS4 3XU,,,,other,Postcode,121491.000,896644.000,3500,18000,,,,,,,Sgalpaigh / Scalpay,http://data.ordnancesurvey.co.uk/id/4000000074571347,http://www.ordnancesurvey.co.uk/xml/codelists/localtype.xml#village,,,,Na h-Eileanan an Iar,http://data.ordnancesurvey.co.uk/id/7000000000030022,http://data.ordnancesurvey.co.uk/ontology/admingeo/UnitaryAuthority,Scotland,http://data.ordnancesurvey.co.uk/id/7000000000041429,Scotland,http://data.ordnancesurvey.co.uk/id/country/scotland,,,
HS43XY,http://data.ordnancesurvey.co.uk/id/postcodeunit/HS43XY,HS4 3XY,,,,other,Postcode,121987.000,896802.000,3500,18000,,,,,,,Sgalpaigh / Scalpay,http://data.ordnancesurvey.co.uk/id/4000000074571347,http://www.ordnancesurvey.co.uk/xml/codelists/localtype.xml#village,,,,Na h-Eileanan an Iar,http://data.ordnancesurvey.co.uk/id/7000000000030022,http://data.ordnancesurvey.co.uk/ontology/admingeo/UnitaryAuthority,Scotland,http://data.ordnancesurvey.co.uk/id/7000000000041429,Scotland,http://data.ordnancesurvey.co.uk/id/country/scotland,,,
