﻿osgb4000000074549793,http://data.ordnancesurvey.co.uk/id/4000000074549793,Garafad,eng,An Garadh Fada,gla,populatedPlace,Suburban Area,148976.000,867400.000,8000,25000,148584.721,867027.775,149296.327,868249.365,IV51,http://data.ordnancesurvey.co.uk/id/postcodedistrict/IV51,,,,,,,Highland,http://data.ordnancesurvey.co.uk/id/7000000000029638,http://data.ordnancesurvey.co.uk/ontology/admingeo/UnitaryAuthority,Scotland,http://data.ordnancesurvey.co.uk/id/7000000000041429,Scotland,http://data.ordnancesurvey.co.uk/id/country/scotland,,http://dbpedia.org/resource/Garafad,http://sws.geonames.org/2648856
osgb4000000074570633,http://data.ordnancesurvey.co.uk/id/4000000074570633,Duntulm,,,,populatedPlace,Hamlet,141311.330,874020.900,5000,25000,141091.352,873538.671,141591.352,874353.058,IV51,http://data.ordnancesurvey.co.uk/id/postcodedistrict/IV51,,,,,,,Highland,http://data.ordnancesurvey.co.uk/id/7000000000029638,http://data.ordnancesurvey.co.uk/ontology/admingeo/UnitaryAuthority,Scotland,http://data.ordnancesurvey.co.uk/id/7000000000041429,Scotland,http://data.ordnancesurvey.co.uk/id/country/scotland,,http://dbpedia.org/resource/Duntulm,
osgb4000000074570632,http://data.ordnancesurvey.co.uk/id/4000000074570632,Kendram,,,,populatedPlace,Suburban Area,143795.630,873944.060,8000,25000,143364.360,873678.621,144535.670,874543.284,IV51,http://data.ordnancesurvey.co.uk/id/postcodedistrict/IV51,,,,,,,Highland,http://data.ordnancesurvey.co.uk/id/7000000000029638,http://data.ordnancesurvey.co.uk/ontology/admingeo/UnitaryAuthority,Scotland,http://data.ordnancesurvey.co.uk/id/7000000000041429,Scotland,http://data.ordnancesurvey.co.uk/id/country/scotland,,,
osgb4000000074543056,http://data.ordnancesurvey.co.uk/id/4000000074543056,Steinnseall,gla,Stenscholl,eng,populatedPlace,Suburban Area,148315.070,868013.240,9000,25000,147174.898,867671.241,148502.047,868364.982,IV51,http://data.ordnancesurvey.co.uk/id/postcodedistrict/IV51,,,,,,,Highland,http://data.ordnancesurvey.co.uk/id/7000000000029638,http://data.ordnancesurvey.co.uk/ontology/admingeo/UnitaryAuthority,Scotland,http://data.ordnancesurvey.co.uk/id/7000000000041429,Scotland,http://data.ordnancesurvey.co.uk/id/country/scotland,,,http://sws.geonames.org/2636952
osgb4000000074569588,http://data.ordnancesurvey.co.uk/id/4000000074569588,Gearros,gla,Garros,eng,populatedPlace,Other Settlement,149893.790,863159.660,15000,25000,149634.901,862875.042,150134.901,863375.042,IV51,http://data.ordnancesurvey.co.uk/id/postcodedistrict/IV51,,,,,,,Highland,http://data.ordnancesurvey.co.uk/id/7000000000029638,http://data.ordnancesurvey.co.uk/ontology/admingeo/UnitaryAuthority,Scotland,http://data.ordnancesurvey.co.uk/id/7000000000041429,Scotland,http://data.ordnancesurvey.co.uk/id/country/scotland,,,
osgb4000000074550158,http://data.ordnancesurvey.co.uk/id/4000000074550158,Digg,eng,An Dig,gla,populatedPlace,Other Settlement,146641.930,869305.240,15000,25000,146501.664,868822.451,147089.833,869582.344,IV51,http://data.ordnancesurvey.co.uk/id/postcodedistrict/IV51,,,,,,,Highland,http://data.ordnancesurvey.co.uk/id/7000000000029638,http://data.ordnancesurvey.co.uk/ontology/admingeo/UnitaryAuthority,Scotland,http://data.ordnancesurvey.co.uk/id/7000000000041429,Scotland,http://data.ordnancesurvey.co.uk/id/country/scotland,,,http://sws.geonames.org/8643135
osgb4000000074569591,http://data.ordnancesurvey.co.uk/id/4000000074569591,Brogaig,,,,populatedPlace,Suburban Area,147014.640,868309.990,5000,25000,146731.353,867741.621,147231.353,868475.581,IV51,http://data.ordnancesurvey.co.uk/id/postcodedistrict/IV51,,,,,,,Highland,http://data.ordnancesurvey.co.uk/id/7000000000029638,http://data.ordnancesurvey.co.uk/ontology/admingeo/UnitaryAuthority,Scotland,http://data.ordnancesurvey.co.uk/id/7000000000041429,Scotland,http://data.ordnancesurvey.co.uk/id/country/scotland,,,
osgb4000000074572043,http://data.ordnancesurvey.co.uk/id/4000000074572043,Valtos,eng,Bhaltos,gla,populatedPlace,Hamlet,151500.320,863520.690,5000,25000,151210.895,863157.723,151710.895,864082.708,IV51,http://data.ordnancesurvey.co.uk/id/postcodedistrict/IV51,,,,,,,Highland,http://data.ordnancesurvey.co.uk/id/7000000000029638,http://data.ordnancesurvey.co.uk/ontology/admingeo/UnitaryAuthority,Scotland,http://data.ordnancesurvey.co.uk/id/7000000000041429,Scotland,http://data.ordnancesurvey.co.uk/id/country/scotland,,,
osgb4000000074570271,http://data.ordnancesurvey.co.uk/id/4000000074570271,Flodigarry,,,,populatedPlace,Other Settlement,146474.450,871501.090,15000,25000,146174.904,870839.114,147114.972,872146.160,IV51,http://data.ordnancesurvey.co.uk/id/postcodedistrict/IV51,,,,,,,Highland,http://data.ordnancesurvey.co.uk/id/7000000000029638,http://data.ordnancesurvey.co.uk/ontology/admingeo/UnitaryAuthority,Scotland,http://data.ordnancesurvey.co.uk/id/7000000000041429,Scotland,http://data.ordnancesurvey.co.uk/id/country/scotland,,http://dbpedia.org/resource/Flodigarry,http://sws.geonames.org/2649283
osgb4000000074569916,http://data.ordnancesurvey.co.uk/id/4000000074569916,Sheader,eng,Siadair,gla,populatedPlace,Hamlet,140649.390,863297.740,5000,25000,140354.022,863074.515,141158.353,863574.515,IV51,http://data.ordnancesurvey.co.uk/id/postcodedistrict/IV51,,,,,,,Highland,http://data.ordnancesurvey.co.uk/id/7000000000029638,http://data.ordnancesurvey.co.uk/ontology/admingeo/UnitaryAuthority,Scotland,http://data.ordnancesurvey.co.uk/id/7000000000041429,Scotland,http://data.ordnancesurvey.co.uk/id/country/scotland,,,
osgb4000000074571694,http://data.ordnancesurvey.co.uk/id/4000000074571694,Breckrey,,,,populatedPlace,Other Settlement,151191.000,862147.000,15000,25000,150881.457,861875.748,151381.457,862375.748,IV51,http://data.ordnancesurvey.co.uk/id/postcodedistrict/IV51,,,,,,,Highland,http://data.ordnancesurvey.co.uk/id/7000000000029638,http://data.ordnancesurvey.co.uk/ontology/admingeo/UnitaryAuthority,Scotland,http://data.ordnancesurvey.co.uk/id/7000000000041429,Scotland,http://data.ordnancesurvey.co.uk/id/country/scotland,,,
osgb4000000074569590,http://data.ordnancesurvey.co.uk/id/4000000074569590,Clachan,eng,An Clachan,gla,populatedPlace,Suburban Area,149027.190,866803.250,7000,25000,148527.186,866429.556,149678.387,867113.241,IV51,http://data.ordnancesurvey.co.uk/id/postcodedistrict/IV51,,,,,,,Highland,http://data.ordnancesurvey.co.uk/id/7000000000029638,http://data.ordnancesurvey.co.uk/ontology/admingeo/UnitaryAuthority,Scotland,http://data.ordnancesurvey.co.uk/id/7000000000041429,Scotland,http://data.ordnancesurvey.co.uk/id/country/scotland,,,
osgb4000000074337434,http://data.ordnancesurvey.co.uk/id/4000000074337434,Ealaiseadar,gla,Ellishadder,eng,populatedPlace,Hamlet,150021.220,865528.180,5000,25000,149589.274,865123.780,150684.210,865866.857,IV51,http://data.ordnancesurvey.co.uk/id/postcodedistrict/IV51,,,,,,,Highland,http://data.ordnancesurvey.co.uk/id/7000000000029638,http://data.ordnancesurvey.co.uk/ontology/admingeo/UnitaryAuthority,Scotland,http://data.ordnancesurvey.co.uk/id/7000000000041429,Scotland,http://data.ordnancesurvey.co.uk/id/country/scotland,,http://dbpedia.org/resource/Ellishadder,
osgb4000000074571693,http://data.ordnancesurvey.co.uk/id/4000000074571693,Lower Tote,,,,populatedPlace,Other Settlement,151672.850,860038.440,15000,25000,151406.356,859789.390,151906.356,860289.390,IV51,http://data.ordnancesurvey.co.uk/id/postcodedistrict/IV51,,,,,,,Highland,http://data.ordnancesurvey.co.uk/id/7000000000029638,http://data.ordnancesurvey.co.uk/ontology/admingeo/UnitaryAuthority,Scotland,http://data.ordnancesurvey.co.uk/id/7000000000041429,Scotland,http://data.ordnancesurvey.co.uk/id/country/scotland,,,
osgb4000000074542613,http://data.ordnancesurvey.co.uk/id/4000000074542613,Baile nan cnoc,gla,Balnaknock,eng,populatedPlace,Other Settlement,141949.540,862790.480,15000,25000,141647.341,862624.594,142147.341,863124.594,IV51,http://data.ordnancesurvey.co.uk/id/postcodedistrict/IV51,,,,,,,Highland,http://data.ordnancesurvey.co.uk/id/7000000000029638,http://data.ordnancesurvey.co.uk/ontology/admingeo/UnitaryAuthority,Scotland,http://data.ordnancesurvey.co.uk/id/7000000000041429,Scotland,http://data.ordnancesurvey.co.uk/id/country/scotland,,,
osgb4000000074569589,http://data.ordnancesurvey.co.uk/id/4000000074569589,Marishader,eng,Maraiseader,gla,populatedPlace,Hamlet,149091.480,863644.680,5000,25000,148871.574,863228.103,149452.571,864124.866,IV51,http://data.ordnancesurvey.co.uk/id/postcodedistrict/IV51,,,,,,,Highland,http://data.ordnancesurvey.co.uk/id/7000000000029638,http://data.ordnancesurvey.co.uk/ontology/admingeo/UnitaryAuthority,Scotland,http://data.ordnancesurvey.co.uk/id/7000000000041429,Scotland,http://data.ordnancesurvey.co.uk/id/country/scotland,,,
osgb4000000074542612,http://data.ordnancesurvey.co.uk/id/4000000074542612,Grealin,,,,populatedPlace,Hamlet,150810.000,861719.000,5000,25000,150612.666,861482.541,151112.666,861982.541,IV51,http://data.ordnancesurvey.co.uk/id/postcodedistrict/IV51,,,,,,,Highland,http://data.ordnancesurvey.co.uk/id/7000000000029638,http://data.ordnancesurvey.co.uk/ontology/admingeo/UnitaryAuthority,Scotland,http://data.ordnancesurvey.co.uk/id/7000000000041429,Scotland,http://data.ordnancesurvey.co.uk/id/country/scotland,,,
osgb4000000074310947,http://data.ordnancesurvey.co.uk/id/4000000074310947,Solitote,,,,populatedPlace,Suburban Area,142980.520,874258.510,3000,25000,142720.729,873989.946,143220.729,874489.946,IV51,http://data.ordnancesurvey.co.uk/id/postcodedistrict/IV51,,,,,,,Highland,http://data.ordnancesurvey.co.uk/id/7000000000029638,http://data.ordnancesurvey.co.uk/ontology/admingeo/UnitaryAuthority,Scotland,http://data.ordnancesurvey.co.uk/id/7000000000041429,Scotland,http://data.ordnancesurvey.co.uk/id/country/scotland,,,
osgb4000000074337439,http://data.ordnancesurvey.co.uk/id/4000000074337439,Cul nan Cnoc,gla,Culnacnoc,eng,populatedPlace,Hamlet,151667.100,862504.530,5000,25000,151262.954,862211.870,151915.849,862725.387,IV51,http://data.ordnancesurvey.co.uk/id/postcodedistrict/IV51,,,,,,,Highland,http://data.ordnancesurvey.co.uk/id/7000000000029638,http://data.ordnancesurvey.co.uk/ontology/admingeo/UnitaryAuthority,Scotland,http://data.ordnancesurvey.co.uk/id/7000000000041429,Scotland,http://data.ordnancesurvey.co.uk/id/country/scotland,,,
osgb4000000074570270,http://data.ordnancesurvey.co.uk/id/4000000074570270,Stafainn,gla,Staffin,eng,populatedPlace,Village,148298.310,867971.710,25000,250000,145777.360,866429.556,149678.387,868958.183,IV51,http://data.ordnancesurvey.co.uk/id/postcodedistrict/IV51,,,,,,,Highland,http://data.ordnancesurvey.co.uk/id/7000000000029638,http://data.ordnancesurvey.co.uk/ontology/admingeo/UnitaryAuthority,Scotland,http://data.ordnancesurvey.co.uk/id/7000000000041429,Scotland,http://data.ordnancesurvey.co.uk/id/country/scotland,,http://dbpedia.org/resource/Staffin,http://sws.geonames.org/2637144
osgb4000000074310945,http://data.ordnancesurvey.co.uk/id/4000000074310945,Balmacqueen,,,,populatedPlace,Suburban Area,144269.160,874393.930,5000,25000,144097.155,874246.689,144597.155,875030.914,IV51,http://data.ordnancesurvey.co.uk/id/postcodedistrict/IV51,,,,,,,Highland,http://data.ordnancesurvey.co.uk/id/7000000000029638,http://data.ordnancesurvey.co.uk/ontology/admingeo/UnitaryAuthority,Scotland,http://data.ordnancesurvey.co.uk/id/7000000000041429,Scotland,http://data.ordnancesurvey.co.uk/id/country/scotland,,,
osgb4000000074550159,http://data.ordnancesurvey.co.uk/id/4000000074550159,Dunans,,,,populatedPlace,Hamlet,147054.400,870202.200,5000,25000,146864.008,869967.203,147364.008,870467.203,IV51,http://data.ordnancesurvey.co.uk/id/postcodedistrict/IV51,,,,,,,Highland,http://data.ordnancesurvey.co.uk/id/7000000000029638,http://data.ordnancesurvey.co.uk/ontology/admingeo/UnitaryAuthority,Scotland,http://data.ordnancesurvey.co.uk/id/7000000000041429,Scotland,http://data.ordnancesurvey.co.uk/id/country/scotland,,,
osgb4000000074543205,http://data.ordnancesurvey.co.uk/id/4000000074543205,Malagar,gla,Maligar,eng,populatedPlace,Hamlet,148243.680,864989.830,5000,25000,147945.797,864510.006,148445.797,865158.500,IV51,http://data.ordnancesurvey.co.uk/id/postcodedistrict/IV51,,,,,,,Highland,http://data.ordnancesurvey.co.uk/id/7000000000029638,http://data.ordnancesurvey.co.uk/ontology/admingeo/UnitaryAuthority,Scotland,http://data.ordnancesurvey.co.uk/id/7000000000041429,Scotland,http://data.ordnancesurvey.co.uk/id/country/scotland,,,
osgb4000000074569915,http://data.ordnancesurvey.co.uk/id/4000000074569915,Sartail,gla,Sartle,eng,populatedPlace,Suburban Area,146385.000,868038.000,7000,25000,145777.360,867651.137,146782.779,868254.384,IV51,http://data.ordnancesurvey.co.uk/id/postcodedistrict/IV51,,,,,,,Highland,http://data.ordnancesurvey.co.uk/id/7000000000029638,http://data.ordnancesurvey.co.uk/ontology/admingeo/UnitaryAuthority,Scotland,http://data.ordnancesurvey.co.uk/id/7000000000041429,Scotland,http://data.ordnancesurvey.co.uk/id/country/scotland,,,
osgb4000000074570267,http://data.ordnancesurvey.co.uk/id/4000000074570267,Glen Conon,gla,Gleann Conain,gla,populatedPlace,Hamlet,141340.310,863916.150,5000,25000,140319.599,863660.527,141688.222,864160.527,IV51,http://data.ordnancesurvey.co.uk/id/postcodedistrict/IV51,,,,,,,Highland,http://data.ordnancesurvey.co.uk/id/7000000000029638,http://data.ordnancesurvey.co.uk/ontology/admingeo/UnitaryAuthority,Scotland,http://data.ordnancesurvey.co.uk/id/7000000000041429,Scotland,http://data.ordnancesurvey.co.uk/id/country/scotland,,,
osgb4000000074337018,http://data.ordnancesurvey.co.uk/id/4000000074337018,Lethallt,gla,Lealt,eng,populatedPlace,Other Settlement,150724.000,860900.000,15000,25000,150474.471,860657.937,150974.471,861157.937,IV51,http://data.ordnancesurvey.co.uk/id/postcodedistrict/IV51,,,,,,,Highland,http://data.ordnancesurvey.co.uk/id/7000000000029638,http://data.ordnancesurvey.co.uk/ontology/admingeo/UnitaryAuthority,Scotland,http://data.ordnancesurvey.co.uk/id/7000000000041429,Scotland,http://data.ordnancesurvey.co.uk/id/country/scotland,,"http://dbpedia.org/resource/Lealt,_Skye",
osgb4000000074550155,http://data.ordnancesurvey.co.uk/id/4000000074550155,Glasphein,eng,Glas-Pheighinn,gla,populatedPlace,Suburban Area,146982.200,868672.531,3000,25000,146701.183,868425.369,147201.183,868958.246,IV51,http://data.ordnancesurvey.co.uk/id/postcodedistrict/IV51,,,,,,,Highland,http://data.ordnancesurvey.co.uk/id/7000000000029638,http://data.ordnancesurvey.co.uk/ontology/admingeo/UnitaryAuthority,Scotland,http://data.ordnancesurvey.co.uk/id/7000000000041429,Scotland,http://data.ordnancesurvey.co.uk/id/country/scotland,,,
osgb4000000074343882,http://data.ordnancesurvey.co.uk/id/4000000074343882,Kilmaluag,,,,populatedPlace,Village,143425.000,874236.000,17000,250000,141927.007,873170.887,144535.670,875030.914,IV51,http://data.ordnancesurvey.co.uk/id/postcodedistrict/IV51,,,,,,,Highland,http://data.ordnancesurvey.co.uk/id/7000000000029638,http://data.ordnancesurvey.co.uk/ontology/admingeo/UnitaryAuthority,Scotland,http://data.ordnancesurvey.co.uk/id/7000000000041429,Scotland,http://data.ordnancesurvey.co.uk/id/country/scotland,,"http://dbpedia.org/resource/Kilmaluag,_Skye",http://sws.geonames.org/2645610
IV519HZ,http://data.ordnancesurvey.co.uk/id/postcodeunit/IV519HZ,IV51 9HZ,,,,other,Postcode,146608.000,871123.000,3500,18000,,,,,,,Flodigarry,http://data.ordnancesurvey.co.uk/id/4000000074570271,http://www.ordnancesurvey.co.uk/xml/codelists/localtype.xml#otherSettlement,,,,Highland,http://data.ordnancesurvey.co.uk/id/7000000000029638,http://data.ordnancesurvey.co.uk/ontology/admingeo/UnitaryAuthority,Scotland,http://data.ordnancesurvey.co.uk/id/7000000000041429,Scotland,http://data.ordnancesurvey.co.uk/id/country/scotland,,,
IV519YG,http://data.ordnancesurvey.co.uk/id/postcodeunit/IV519YG,IV51 9YG,,,,other,Postcode,141929.000,862895.000,3500,18000,,,,,,,Baile nan cnoc / Balnaknock,http://data.ordnancesurvey.co.uk/id/4000000074542613,http://www.ordnancesurvey.co.uk/xml/codelists/localtype.xml#otherSettlement,,,,Highland,http://data.ordnancesurvey.co.uk/id/7000000000029638,http://data.ordnancesurvey.co.uk/ontology/admingeo/UnitaryAuthority,Scotland,http://data.ordnancesurvey.co.uk/id/7000000000041429,Scotland,http://data.ordnancesurvey.co.uk/id/country/scotland,,,
IV519UG,http://data.ordnancesurvey.co.uk/id/postcodeunit/IV519UG,IV51 9UG,,,,other,Postcode,142737.000,874750.000,3500,18000,,,,,,,Kilmaluag,http://data.ordnancesurvey.co.uk/id/4000000074343882,http://www.ordnancesurvey.co.uk/xml/codelists/localtype.xml#village,,,,Highland,http://data.ordnancesurvey.co.uk/id/7000000000029638,http://data.ordnancesurvey.co.uk/ontology/admingeo/UnitaryAuthority,Scotland,http://data.ordnancesurvey.co.uk/id/7000000000041429,Scotland,http://data.ordnancesurvey.co.uk/id/country/scotland,,,
IV519HY,http://data.ordnancesurvey.co.uk/id/postcodeunit/IV519HY,IV51 9HY,,,,other,Postcode,149029.000,866822.000,3500,18000,,,,,,,Stafainn / Staffin,http://data.ordnancesurvey.co.uk/id/4000000074570270,http://www.ordnancesurvey.co.uk/xml/codelists/localtype.xml#village,,,,Highland,http://data.ordnancesurvey.co.uk/id/7000000000029638,http://data.ordnancesurvey.co.uk/ontology/admingeo/UnitaryAuthority,Scotland,http://data.ordnancesurvey.co.uk/id/7000000000041429,Scotland,http://data.ordnancesurvey.co.uk/id/country/scotland,,,
IV519JN,http://data.ordnancesurvey.co.uk/id/postcodeunit/IV519JN,IV51 9JN,,,,other,Postcode,150877.000,861798.000,3500,18000,,,,,,,Grealin,http://data.ordnancesurvey.co.uk/id/4000000074542612,http://www.ordnancesurvey.co.uk/xml/codelists/localtype.xml#hamlet,,,,Highland,http://data.ordnancesurvey.co.uk/id/7000000000029638,http://data.ordnancesurvey.co.uk/ontology/admingeo/UnitaryAuthority,Scotland,http://data.ordnancesurvey.co.uk/id/7000000000041429,Scotland,http://data.ordnancesurvey.co.uk/id/country/scotland,,,
IV519YA,http://data.ordnancesurvey.co.uk/id/postcodeunit/IV519YA,IV51 9YA,,,,other,Postcode,140846.000,863993.000,3500,18000,,,,,,,Glen Conon / Gleann Conain,http://data.ordnancesurvey.co.uk/id/4000000074570267,http://www.ordnancesurvey.co.uk/xml/codelists/localtype.xml#hamlet,,,,Highland,http://data.ordnancesurvey.co.uk/id/7000000000029638,http://data.ordnancesurvey.co.uk/ontology/admingeo/UnitaryAuthority,Scotland,http://data.ordnancesurvey.co.uk/id/7000000000041429,Scotland,http://data.ordnancesurvey.co.uk/id/country/scotland,,,
IV519YU,http://data.ordnancesurvey.co.uk/id/postcodeunit/IV519YU,IV51 9YU,,,,other,Postcode,140136.000,871671.000,3500,18000,,,,,,,,,,,,,Highland,http://data.ordnancesurvey.co.uk/id/7000000000029638,http://data.ordnancesurvey.co.uk/ontology/admingeo/UnitaryAuthority,Scotland,http://data.ordnancesurvey.co.uk/id/7000000000041429,Scotland,http://data.ordnancesurvey.co.uk/id/country/scotland,,,
IV519JW,http://data.ordnancesurvey.co.uk/id/postcodeunit/IV519JW,IV51 9JW,,,,other,Postcode,150699.000,860864.000,3500,18000,,,,,,,Lethallt / Lealt,http://data.ordnancesurvey.co.uk/id/4000000074337018,http://www.ordnancesurvey.co.uk/xml/codelists/localtype.xml#otherSettlement,,,,Highland,http://data.ordnancesurvey.co.uk/id/7000000000029638,http://data.ordnancesurvey.co.uk/ontology/admingeo/UnitaryAuthority,Scotland,http://data.ordnancesurvey.co.uk/id/7000000000041429,Scotland,http://data.ordnancesurvey.co.uk/id/country/scotland,,,
IV519YX,http://data.ordnancesurvey.co.uk/id/postcodeunit/IV519YX,IV51 9YX,,,,other,Postcode,140079.000,870958.000,3500,18000,,,,,,,,,,,,,Highland,http://data.ordnancesurvey.co.uk/id/7000000000029638,http://data.ordnancesurvey.co.uk/ontology/admingeo/UnitaryAuthority,Scotland,http://data.ordnancesurvey.co.uk/id/7000000000041429,Scotland,http://data.ordnancesurvey.co.uk/id/country/scotland,,,
IV519UF,http://data.ordnancesurvey.co.uk/id/postcodeunit/IV519UF,IV51 9UF,,,,other,Postcode,141447.000,874236.000,3500,18000,,,,,,,Duntulm,http://data.ordnancesurvey.co.uk/id/4000000074570633,http://www.ordnancesurvey.co.uk/xml/codelists/localtype.xml#hamlet,,,,Highland,http://data.ordnancesurvey.co.uk/id/7000000000029638,http://data.ordnancesurvey.co.uk/ontology/admingeo/UnitaryAuthority,Scotland,http://data.ordnancesurvey.co.uk/id/7000000000041429,Scotland,http://data.ordnancesurvey.co.uk/id/country/scotland,,,
IV519JQ,http://data.ordnancesurvey.co.uk/id/postcodeunit/IV519JQ,IV51 9JQ,,,,other,Postcode,149891.000,863201.000,3500,18000,,,,,,,Gearros / Garros,http://data.ordnancesurvey.co.uk/id/4000000074569588,http://www.ordnancesurvey.co.uk/xml/codelists/localtype.xml#otherSettlement,,,,Highland,http://data.ordnancesurvey.co.uk/id/7000000000029638,http://data.ordnancesurvey.co.uk/ontology/admingeo/UnitaryAuthority,Scotland,http://data.ordnancesurvey.co.uk/id/7000000000041429,Scotland,http://data.ordnancesurvey.co.uk/id/country/scotland,,,
IV519UQ,http://data.ordnancesurvey.co.uk/id/postcodeunit/IV519UQ,IV51 9UQ,,,,other,Postcode,143026.000,874262.000,3500,18000,,,,,,,Kilmaluag,http://data.ordnancesurvey.co.uk/id/4000000074343882,http://www.ordnancesurvey.co.uk/xml/codelists/localtype.xml#village,,,,Highland,http://data.ordnancesurvey.co.uk/id/7000000000029638,http://data.ordnancesurvey.co.uk/ontology/admingeo/UnitaryAuthority,Scotland,http://data.ordnancesurvey.co.uk/id/7000000000041429,Scotland,http://data.ordnancesurvey.co.uk/id/country/scotland,,,
IV519QE,http://data.ordnancesurvey.co.uk/id/postcodeunit/IV519QE,IV51 9QE,,,,other,Postcode,149104.000,867277.000,3500,18000,,,,,,,Stafainn / Staffin,http://data.ordnancesurvey.co.uk/id/4000000074570270,http://www.ordnancesurvey.co.uk/xml/codelists/localtype.xml#village,,,,Highland,http://data.ordnancesurvey.co.uk/id/7000000000029638,http://data.ordnancesurvey.co.uk/ontology/admingeo/UnitaryAuthority,Scotland,http://data.ordnancesurvey.co.uk/id/7000000000041429,Scotland,http://data.ordnancesurvey.co.uk/id/country/scotland,,,
IV519JT,http://data.ordnancesurvey.co.uk/id/postcodeunit/IV519JT,IV51 9JT,,,,other,Postcode,149060.000,867805.000,3500,18000,,,,,,,Stafainn / Staffin,http://data.ordnancesurvey.co.uk/id/4000000074570270,http://www.ordnancesurvey.co.uk/xml/codelists/localtype.xml#village,,,,Highland,http://data.ordnancesurvey.co.uk/id/7000000000029638,http://data.ordnancesurvey.co.uk/ontology/admingeo/UnitaryAuthority,Scotland,http://data.ordnancesurvey.co.uk/id/7000000000041429,Scotland,http://data.ordnancesurvey.co.uk/id/country/scotland,,,
IV519JZ,http://data.ordnancesurvey.co.uk/id/postcodeunit/IV519JZ,IV51 9JZ,,,,other,Postcode,146990.000,868712.000,3500,18000,,,,,,,Stafainn / Staffin,http://data.ordnancesurvey.co.uk/id/4000000074570270,http://www.ordnancesurvey.co.uk/xml/codelists/localtype.xml#village,,,,Highland,http://data.ordnancesurvey.co.uk/id/7000000000029638,http://data.ordnancesurvey.co.uk/ontology/admingeo/UnitaryAuthority,Scotland,http://data.ordnancesurvey.co.uk/id/7000000000041429,Scotland,http://data.ordnancesurvey.co.uk/id/country/scotland,,,
IV519JL,http://data.ordnancesurvey.co.uk/id/postcodeunit/IV519JL,IV51 9JL,,,,other,Postcode,151280.000,861843.000,3500,18000,,,,,,,,,,,,,Highland,http://data.ordnancesurvey.co.uk/id/7000000000029638,http://data.ordnancesurvey.co.uk/ontology/admingeo/UnitaryAuthority,Scotland,http://data.ordnancesurvey.co.uk/id/7000000000041429,Scotland,http://data.ordnancesurvey.co.uk/id/country/scotland,,,
IV519UJ,http://data.ordnancesurvey.co.uk/id/postcodeunit/IV519UJ,IV51 9UJ,,,,other,Postcode,143127.000,873425.000,3500,18000,,,,,,,Kilmaluag,http://data.ordnancesurvey.co.uk/id/4000000074343882,http://www.ordnancesurvey.co.uk/xml/codelists/localtype.xml#village,,,,Highland,http://data.ordnancesurvey.co.uk/id/7000000000029638,http://data.ordnancesurvey.co.uk/ontology/admingeo/UnitaryAuthority,Scotland,http://data.ordnancesurvey.co.uk/id/7000000000041429,Scotland,http://data.ordnancesurvey.co.uk/id/country/scotland,,,
IV519JS,http://data.ordnancesurvey.co.uk/id/postcodeunit/IV519JS,IV51 9JS,,,,other,Postcode,148105.000,867936.000,3500,18000,,,,,,,Stafainn / Staffin,http://data.ordnancesurvey.co.uk/id/4000000074570270,http://www.ordnancesurvey.co.uk/xml/codelists/localtype.xml#village,,,,Highland,http://data.ordnancesurvey.co.uk/id/7000000000029638,http://data.ordnancesurvey.co.uk/ontology/admingeo/UnitaryAuthority,Scotland,http://data.ordnancesurvey.co.uk/id/7000000000041429,Scotland,http://data.ordnancesurvey.co.uk/id/country/scotland,,,
IV519JH,http://data.ordnancesurvey.co.uk/id/postcodeunit/IV519JH,IV51 9JH,,,,other,Postcode,151613.000,862399.000,3500,18000,,,,,,,Cul nan Cnoc / Culnacnoc,http://data.ordnancesurvey.co.uk/id/4000000074337439,http://www.ordnancesurvey.co.uk/xml/codelists/localtype.xml#hamlet,,,,Highland,http://data.ordnancesurvey.co.uk/id/7000000000029638,http://data.ordnancesurvey.co.uk/ontology/admingeo/UnitaryAuthority,Scotland,http://data.ordnancesurvey.co.uk/id/7000000000041429,Scotland,http://data.ordnancesurvey.co.uk/id/country/scotland,,,
IV519LB,http://data.ordnancesurvey.co.uk/id/postcodeunit/IV519LB,IV51 9LB,,,,other,Postcode,146376.000,868084.000,3500,18000,,,,,,,Stafainn / Staffin,http://data.ordnancesurvey.co.uk/id/4000000074570270,http://www.ordnancesurvey.co.uk/xml/codelists/localtype.xml#village,,,,Highland,http://data.ordnancesurvey.co.uk/id/7000000000029638,http://data.ordnancesurvey.co.uk/ontology/admingeo/UnitaryAuthority,Scotland,http://data.ordnancesurvey.co.uk/id/7000000000041429,Scotland,http://data.ordnancesurvey.co.uk/id/country/scotland,,,
IV519UL,http://data.ordnancesurvey.co.uk/id/postcodeunit/IV519UL,IV51 9UL,,,,other,Postcode,143820.000,874081.000,3500,18000,,,,,,,Kilmaluag,http://data.ordnancesurvey.co.uk/id/4000000074343882,http://www.ordnancesurvey.co.uk/xml/codelists/localtype.xml#village,,,,Highland,http://data.ordnancesurvey.co.uk/id/7000000000029638,http://data.ordnancesurvey.co.uk/ontology/admingeo/UnitaryAuthority,Scotland,http://data.ordnancesurvey.co.uk/id/7000000000041429,Scotland,http://data.ordnancesurvey.co.uk/id/country/scotland,,,
IV519JD,http://data.ordnancesurvey.co.uk/id/postcodeunit/IV519JD,IV51 9JD,,,,other,Postcode,151432.000,863854.000,3500,18000,,,,,,,Valtos / Bhaltos,http://data.ordnancesurvey.co.uk/id/4000000074572043,http://www.ordnancesurvey.co.uk/xml/codelists/localtype.xml#hamlet,,,,Highland,http://data.ordnancesurvey.co.uk/id/7000000000029638,http://data.ordnancesurvey.co.uk/ontology/admingeo/UnitaryAuthority,Scotland,http://data.ordnancesurvey.co.uk/id/7000000000041429,Scotland,http://data.ordnancesurvey.co.uk/id/country/scotland,,,
IV519JG,http://data.ordnancesurvey.co.uk/id/postcodeunit/IV519JG,IV51 9JG,,,,other,Postcode,149105.000,863743.000,3500,18000,,,,,,,Marishader / Maraiseader,http://data.ordnancesurvey.co.uk/id/4000000074569589,http://www.ordnancesurvey.co.uk/xml/codelists/localtype.xml#hamlet,,,,Highland,http://data.ordnancesurvey.co.uk/id/7000000000029638,http://data.ordnancesurvey.co.uk/ontology/admingeo/UnitaryAuthority,Scotland,http://data.ordnancesurvey.co.uk/id/7000000000041429,Scotland,http://data.ordnancesurvey.co.uk/id/country/scotland,,,
IV519YF,http://data.ordnancesurvey.co.uk/id/postcodeunit/IV519YF,IV51 9YF,,,,other,Postcode,140642.000,863322.000,3500,18000,,,,,,,Sheader / Siadair,http://data.ordnancesurvey.co.uk/id/4000000074569916,http://www.ordnancesurvey.co.uk/xml/codelists/localtype.xml#hamlet,,,,Highland,http://data.ordnancesurvey.co.uk/id/7000000000029638,http://data.ordnancesurvey.co.uk/ontology/admingeo/UnitaryAuthority,Scotland,http://data.ordnancesurvey.co.uk/id/7000000000041429,Scotland,http://data.ordnancesurvey.co.uk/id/country/scotland,,,
IV519JY,http://data.ordnancesurvey.co.uk/id/postcodeunit/IV519JY,IV51 9JY,,,,other,Postcode,146939.000,868222.000,3500,18000,,,,,,,Stafainn / Staffin,http://data.ordnancesurvey.co.uk/id/4000000074570270,http://www.ordnancesurvey.co.uk/xml/codelists/localtype.xml#village,,,,Highland,http://data.ordnancesurvey.co.uk/id/7000000000029638,http://data.ordnancesurvey.co.uk/ontology/admingeo/UnitaryAuthority,Scotland,http://data.ordnancesurvey.co.uk/id/7000000000041429,Scotland,http://data.ordnancesurvey.co.uk/id/country/scotland,,,
IV519JE,http://data.ordnancesurvey.co.uk/id/postcodeunit/IV519JE,IV51 9JE,,,,other,Postcode,150301.000,865469.000,3500,18000,,,,,,,,,,,,,Highland,http://data.ordnancesurvey.co.uk/id/7000000000029638,http://data.ordnancesurvey.co.uk/ontology/admingeo/UnitaryAuthority,Scotland,http://data.ordnancesurvey.co.uk/id/7000000000041429,Scotland,http://data.ordnancesurvey.co.uk/id/country/scotland,,,
IV519JF,http://data.ordnancesurvey.co.uk/id/postcodeunit/IV519JF,IV51 9JF,,,,other,Postcode,148180.000,864732.000,3500,18000,,,,,,,Malagar / Maligar,http://data.ordnancesurvey.co.uk/id/4000000074543205,http://www.ordnancesurvey.co.uk/xml/codelists/localtype.xml#hamlet,,,,Highland,http://data.ordnancesurvey.co.uk/id/7000000000029638,http://data.ordnancesurvey.co.uk/ontology/admingeo/UnitaryAuthority,Scotland,http://data.ordnancesurvey.co.uk/id/7000000000041429,Scotland,http://data.ordnancesurvey.co.uk/id/country/scotland,,,
osgb4000000003445909,http://data.ordnancesurvey.co.uk/id/4000000003445909,Trotternish Avenue,,,,transportNetwork,Named Road,149062.727,867344.172,1000,20000,149029.000,867311.000,149122.000,867354.000,IV51,http://data.ordnancesurvey.co.uk/id/postcodedistrict/IV51,Stafainn / Staffin,http://data.ordnancesurvey.co.uk/id/4000000074570270,http://www.ordnancesurvey.co.uk/xml/codelists/localtype.xml#village,,,,Highland,http://data.ordnancesurvey.co.uk/id/7000000000029638,http://data.ordnancesurvey.co.uk/ontology/admingeo/UnitaryAuthority,Scotland,http://data.ordnancesurvey.co.uk/id/7000000000041429,Scotland,http://data.ordnancesurvey.co.uk/id/country/scotland,,,
osgb4000000003447475,http://data.ordnancesurvey.co.uk/id/4000000003447475,Quiraing View,,,,transportNetwork,Named Road,144377.000,873832.000,1000,20000,144339.732,873823.169,144407.466,873842.475,IV51,http://data.ordnancesurvey.co.uk/id/postcodedistrict/IV51,Kilmaluag,http://data.ordnancesurvey.co.uk/id/4000000074343882,http://www.ordnancesurvey.co.uk/xml/codelists/localtype.xml#village,,,,Highland,http://data.ordnancesurvey.co.uk/id/7000000000029638,http://data.ordnancesurvey.co.uk/ontology/admingeo/UnitaryAuthority,Scotland,http://data.ordnancesurvey.co.uk/id/7000000000041429,Scotland,http://data.ordnancesurvey.co.uk/id/country/scotland,,,
IV519JX,http://data.ordnancesurvey.co.uk/id/postcodeunit/IV519JX,IV51 9JX,,,,other,Postcode,149276.000,867038.000,3500,18000,,,,,,,Stafainn / Staffin,http://data.ordnancesurvey.co.uk/id/4000000074570270,http://www.ordnancesurvey.co.uk/xml/codelists/localtype.xml#village,,,,Highland,http://data.ordnancesurvey.co.uk/id/7000000000029638,http://data.ordnancesurvey.co.uk/ontology/admingeo/UnitaryAuthority,Scotland,http://data.ordnancesurvey.co.uk/id/7000000000041429,Scotland,http://data.ordnancesurvey.co.uk/id/country/scotland,,,
IV519JU,http://data.ordnancesurvey.co.uk/id/postcodeunit/IV519JU,IV51 9JU,,,,other,Postcode,149082.000,867337.000,3500,18000,,,,,,,Stafainn / Staffin,http://data.ordnancesurvey.co.uk/id/4000000074570270,http://www.ordnancesurvey.co.uk/xml/codelists/localtype.xml#village,,,,Highland,http://data.ordnancesurvey.co.uk/id/7000000000029638,http://data.ordnancesurvey.co.uk/ontology/admingeo/UnitaryAuthority,Scotland,http://data.ordnancesurvey.co.uk/id/7000000000041429,Scotland,http://data.ordnancesurvey.co.uk/id/country/scotland,,,
IV519UP,http://data.ordnancesurvey.co.uk/id/postcodeunit/IV519UP,IV51 9UP,,,,other,Postcode,144355.000,873865.000,3500,18000,,,,,,,Kilmaluag,http://data.ordnancesurvey.co.uk/id/4000000074343882,http://www.ordnancesurvey.co.uk/xml/codelists/localtype.xml#village,,,,Highland,http://data.ordnancesurvey.co.uk/id/7000000000029638,http://data.ordnancesurvey.co.uk/ontology/admingeo/UnitaryAuthority,Scotland,http://data.ordnancesurvey.co.uk/id/7000000000041429,Scotland,http://data.ordnancesurvey.co.uk/id/country/scotland,,,
IV519LA,http://data.ordnancesurvey.co.uk/id/postcodeunit/IV519LA,IV51 9LA,,,,other,Postcode,146757.000,869242.000,3500,18000,,,,,,,Digg / An Dig,http://data.ordnancesurvey.co.uk/id/4000000074550158,http://www.ordnancesurvey.co.uk/xml/codelists/localtype.xml#otherSettlement,,,,Highland,http://data.ordnancesurvey.co.uk/id/7000000000029638,http://data.ordnancesurvey.co.uk/ontology/admingeo/UnitaryAuthority,Scotland,http://data.ordnancesurvey.co.uk/id/7000000000041429,Scotland,http://data.ordnancesurvey.co.uk/id/country/scotland,,,
IV519JJ,http://data.ordnancesurvey.co.uk/id/postcodeunit/IV519JJ,IV51 9JJ,,,,other,Postcode,151158.000,862161.000,3500,18000,,,,,,,Breckrey,http://data.ordnancesurvey.co.uk/id/4000000074571694,http://www.ordnancesurvey.co.uk/xml/codelists/localtype.xml#otherSettlement,,,,Highland,http://data.ordnancesurvey.co.uk/id/7000000000029638,http://data.ordnancesurvey.co.uk/ontology/admingeo/UnitaryAuthority,Scotland,http://data.ordnancesurvey.co.uk/id/7000000000041429,Scotland,http://data.ordnancesurvey.co.uk/id/country/scotland,,,
IV519UN,http://data.ordnancesurvey.co.uk/id/postcodeunit/IV519UN,IV51 9UN,,,,other,Postcode,144291.000,874513.000,3500,18000,,,,,,,Kilmaluag,http://data.ordnancesurvey.co.uk/id/4000000074343882,http://www.ordnancesurvey.co.uk/xml/codelists/localtype.xml#village,,,,Highland,http://data.ordnancesurvey.co.uk/id/7000000000029638,http://data.ordnancesurvey.co.uk/ontology/admingeo/UnitaryAuthority,Scotland,http://data.ordnancesurvey.co.uk/id/7000000000041429,Scotland,http://data.ordnancesurvey.co.uk/id/country/scotland,,,
