﻿osgb4000000074570254,http://data.ordnancesurvey.co.uk/id/4000000074570254,Ratagan,,,,populatedPlace,Village,192049.000,819736.000,5000,250000,191547.244,819326.619,192160.553,820146.035,IV40,http://data.ordnancesurvey.co.uk/id/postcodedistrict/IV40,,,,,,,Highland,http://data.ordnancesurvey.co.uk/id/7000000000029638,http://data.ordnancesurvey.co.uk/ontology/admingeo/UnitaryAuthority,Scotland,http://data.ordnancesurvey.co.uk/id/7000000000041429,Scotland,http://data.ordnancesurvey.co.uk/id/country/scotland,,http://dbpedia.org/resource/Ratagan,
osgb4000000074569906,http://data.ordnancesurvey.co.uk/id/4000000074569906,Corran,,,,populatedPlace,Hamlet,185062.000,809332.000,5000,25000,184736.863,808900.314,185236.863,809469.631,IV40,http://data.ordnancesurvey.co.uk/id/postcodedistrict/IV40,,,,,,,Highland,http://data.ordnancesurvey.co.uk/id/7000000000029638,http://data.ordnancesurvey.co.uk/ontology/admingeo/UnitaryAuthority,Scotland,http://data.ordnancesurvey.co.uk/id/7000000000041429,Scotland,http://data.ordnancesurvey.co.uk/id/country/scotland,,"http://dbpedia.org/resource/Corran,_Loch_Hourn",http://sws.geonames.org/2652346
osgb4000000074570253,http://data.ordnancesurvey.co.uk/id/4000000074570253,Shiel Bridge,,,,populatedPlace,Hamlet,193546.000,818734.000,5000,25000,193210.685,818563.458,193984.863,819196.877,IV40,http://data.ordnancesurvey.co.uk/id/postcodedistrict/IV40,,,,,,,Highland,http://data.ordnancesurvey.co.uk/id/7000000000029638,http://data.ordnancesurvey.co.uk/ontology/admingeo/UnitaryAuthority,Scotland,http://data.ordnancesurvey.co.uk/id/7000000000041429,Scotland,http://data.ordnancesurvey.co.uk/id/country/scotland,,http://dbpedia.org/resource/Shiel_Bridge,http://sws.geonames.org/6544998
osgb4000000074569907,http://data.ordnancesurvey.co.uk/id/4000000074569907,Arnisdale,,,,populatedPlace,Hamlet,184303.640,810483.650,5000,25000,183948.216,809793.878,185122.593,810600.547,IV40,http://data.ordnancesurvey.co.uk/id/postcodedistrict/IV40,,,,,,,Highland,http://data.ordnancesurvey.co.uk/id/7000000000029638,http://data.ordnancesurvey.co.uk/ontology/admingeo/UnitaryAuthority,Scotland,http://data.ordnancesurvey.co.uk/id/7000000000041429,Scotland,http://data.ordnancesurvey.co.uk/id/country/scotland,,http://dbpedia.org/resource/Arnisdale,http://sws.geonames.org/2657038
osgb4000000074569904,http://data.ordnancesurvey.co.uk/id/4000000074569904,Kinloch Hourn,,,,populatedPlace,Hamlet,195341.000,806460.000,5000,25000,194918.611,806415.675,195418.611,807173.508,PH35,http://data.ordnancesurvey.co.uk/id/postcodedistrict/PH35,,,,,,,Highland,http://data.ordnancesurvey.co.uk/id/7000000000029638,http://data.ordnancesurvey.co.uk/ontology/admingeo/UnitaryAuthority,Scotland,http://data.ordnancesurvey.co.uk/id/7000000000041429,Scotland,http://data.ordnancesurvey.co.uk/id/country/scotland,,,http://sws.geonames.org/2645396
osgb4000000074337943,http://data.ordnancesurvey.co.uk/id/4000000074337943,Glen More,,,,populatedPlace,Other Settlement,182776.580,819761.690,15000,25000,182533.141,819674.450,185217.857,820399.172,IV40,http://data.ordnancesurvey.co.uk/id/postcodedistrict/IV40,,,,,,,Highland,http://data.ordnancesurvey.co.uk/id/7000000000029638,http://data.ordnancesurvey.co.uk/ontology/admingeo/UnitaryAuthority,Scotland,http://data.ordnancesurvey.co.uk/id/7000000000041429,Scotland,http://data.ordnancesurvey.co.uk/id/country/scotland,,,
osgb4000000074570257,http://data.ordnancesurvey.co.uk/id/4000000074570257,Eilanreach,,,,populatedPlace,Hamlet,180824.000,818016.000,5000,25000,180316.193,817750.429,180924.472,818250.429,IV40,http://data.ordnancesurvey.co.uk/id/postcodedistrict/IV40,,,,,,,Highland,http://data.ordnancesurvey.co.uk/id/7000000000029638,http://data.ordnancesurvey.co.uk/ontology/admingeo/UnitaryAuthority,Scotland,http://data.ordnancesurvey.co.uk/id/7000000000041429,Scotland,http://data.ordnancesurvey.co.uk/id/country/scotland,,,
osgb4000000074549429,http://data.ordnancesurvey.co.uk/id/4000000074549429,Invershiel,,,,populatedPlace,Hamlet,193681.960,819347.380,5000,25000,193468.420,819242.124,193968.420,819769.963,IV40,http://data.ordnancesurvey.co.uk/id/postcodedistrict/IV40,,,,,,,Highland,http://data.ordnancesurvey.co.uk/id/7000000000029638,http://data.ordnancesurvey.co.uk/ontology/admingeo/UnitaryAuthority,Scotland,http://data.ordnancesurvey.co.uk/id/7000000000041429,Scotland,http://data.ordnancesurvey.co.uk/id/country/scotland,,,http://sws.geonames.org/2646080
osgb4000000074570623,http://data.ordnancesurvey.co.uk/id/4000000074570623,Glenelg,,,,populatedPlace,Village,181378.000,819325.000,13000,250000,180542.412,818457.898,182573.361,820227.432,IV40,http://data.ordnancesurvey.co.uk/id/postcodedistrict/IV40,,,,,,,Highland,http://data.ordnancesurvey.co.uk/id/7000000000029638,http://data.ordnancesurvey.co.uk/ontology/admingeo/UnitaryAuthority,Scotland,http://data.ordnancesurvey.co.uk/id/7000000000041429,Scotland,http://data.ordnancesurvey.co.uk/id/country/scotland,,"http://dbpedia.org/resource/Glenelg,_Highland",http://sws.geonames.org/2648494
IV408JX,http://data.ordnancesurvey.co.uk/id/postcodeunit/IV408JX,IV40 8JX,,,,other,Postcode,183671.000,816948.000,3500,18000,,,,,,,,,,,,,Highland,http://data.ordnancesurvey.co.uk/id/7000000000029638,http://data.ordnancesurvey.co.uk/ontology/admingeo/UnitaryAuthority,Scotland,http://data.ordnancesurvey.co.uk/id/7000000000041429,Scotland,http://data.ordnancesurvey.co.uk/id/country/scotland,,,
IV408HW,http://data.ordnancesurvey.co.uk/id/postcodeunit/IV408HW,IV40 8HW,,,,other,Postcode,193595.000,818911.000,3500,18000,,,,,,,Shiel Bridge,http://data.ordnancesurvey.co.uk/id/4000000074570253,http://www.ordnancesurvey.co.uk/xml/codelists/localtype.xml#hamlet,,,,Highland,http://data.ordnancesurvey.co.uk/id/7000000000029638,http://data.ordnancesurvey.co.uk/ontology/admingeo/UnitaryAuthority,Scotland,http://data.ordnancesurvey.co.uk/id/7000000000041429,Scotland,http://data.ordnancesurvey.co.uk/id/country/scotland,,,
IV408HU,http://data.ordnancesurvey.co.uk/id/postcodeunit/IV408HU,IV40 8HU,,,,other,Postcode,196194.000,815083.000,3500,18000,,,,,,,,,,,,,Highland,http://data.ordnancesurvey.co.uk/id/7000000000029638,http://data.ordnancesurvey.co.uk/ontology/admingeo/UnitaryAuthority,Scotland,http://data.ordnancesurvey.co.uk/id/7000000000041429,Scotland,http://data.ordnancesurvey.co.uk/id/country/scotland,,,
IV408JT,http://data.ordnancesurvey.co.uk/id/postcodeunit/IV408JT,IV40 8JT,,,,other,Postcode,180980.000,819050.000,3500,18000,,,,,,,Glenelg,http://data.ordnancesurvey.co.uk/id/4000000074570623,http://www.ordnancesurvey.co.uk/xml/codelists/localtype.xml#village,,,,Highland,http://data.ordnancesurvey.co.uk/id/7000000000029638,http://data.ordnancesurvey.co.uk/ontology/admingeo/UnitaryAuthority,Scotland,http://data.ordnancesurvey.co.uk/id/7000000000041429,Scotland,http://data.ordnancesurvey.co.uk/id/country/scotland,,,
IV408HX,http://data.ordnancesurvey.co.uk/id/postcodeunit/IV408HX,IV40 8HX,,,,other,Postcode,191930.000,819705.000,3500,18000,,,,,,,Ratagan,http://data.ordnancesurvey.co.uk/id/4000000074570254,http://www.ordnancesurvey.co.uk/xml/codelists/localtype.xml#village,,,,Highland,http://data.ordnancesurvey.co.uk/id/7000000000029638,http://data.ordnancesurvey.co.uk/ontology/admingeo/UnitaryAuthority,Scotland,http://data.ordnancesurvey.co.uk/id/7000000000041429,Scotland,http://data.ordnancesurvey.co.uk/id/country/scotland,,,
IV408JD,http://data.ordnancesurvey.co.uk/id/postcodeunit/IV408JD,IV40 8JD,,,,other,Postcode,181529.000,819458.000,3500,18000,,,,,,,Glenelg,http://data.ordnancesurvey.co.uk/id/4000000074570623,http://www.ordnancesurvey.co.uk/xml/codelists/localtype.xml#village,,,,Highland,http://data.ordnancesurvey.co.uk/id/7000000000029638,http://data.ordnancesurvey.co.uk/ontology/admingeo/UnitaryAuthority,Scotland,http://data.ordnancesurvey.co.uk/id/7000000000041429,Scotland,http://data.ordnancesurvey.co.uk/id/country/scotland,,,
IV408HL,http://data.ordnancesurvey.co.uk/id/postcodeunit/IV408HL,IV40 8HL,,,,other,Postcode,193744.000,819614.000,3500,18000,,,,,,,Invershiel,http://data.ordnancesurvey.co.uk/id/4000000074549429,http://www.ordnancesurvey.co.uk/xml/codelists/localtype.xml#hamlet,,,,Highland,http://data.ordnancesurvey.co.uk/id/7000000000029638,http://data.ordnancesurvey.co.uk/ontology/admingeo/UnitaryAuthority,Scotland,http://data.ordnancesurvey.co.uk/id/7000000000041429,Scotland,http://data.ordnancesurvey.co.uk/id/country/scotland,,,
PH354JN,http://data.ordnancesurvey.co.uk/id/postcodeunit/PH354JN,PH35 4JN,,,,other,Postcode,187023.000,803639.000,3500,18000,,,,,,,,,,,,,Highland,http://data.ordnancesurvey.co.uk/id/7000000000029638,http://data.ordnancesurvey.co.uk/ontology/admingeo/UnitaryAuthority,Scotland,http://data.ordnancesurvey.co.uk/id/7000000000041429,Scotland,http://data.ordnancesurvey.co.uk/id/country/scotland,,,
IV408LB,http://data.ordnancesurvey.co.uk/id/postcodeunit/IV408LB,IV40 8LB,,,,other,Postcode,181439.000,819316.000,3500,18000,,,,,,,Glenelg,http://data.ordnancesurvey.co.uk/id/4000000074570623,http://www.ordnancesurvey.co.uk/xml/codelists/localtype.xml#village,,,,Highland,http://data.ordnancesurvey.co.uk/id/7000000000029638,http://data.ordnancesurvey.co.uk/ontology/admingeo/UnitaryAuthority,Scotland,http://data.ordnancesurvey.co.uk/id/7000000000041429,Scotland,http://data.ordnancesurvey.co.uk/id/country/scotland,,,
IV408JS,http://data.ordnancesurvey.co.uk/id/postcodeunit/IV408JS,IV40 8JS,,,,other,Postcode,181400.000,819354.000,3500,18000,,,,,,,Glenelg,http://data.ordnancesurvey.co.uk/id/4000000074570623,http://www.ordnancesurvey.co.uk/xml/codelists/localtype.xml#village,,,,Highland,http://data.ordnancesurvey.co.uk/id/7000000000029638,http://data.ordnancesurvey.co.uk/ontology/admingeo/UnitaryAuthority,Scotland,http://data.ordnancesurvey.co.uk/id/7000000000041429,Scotland,http://data.ordnancesurvey.co.uk/id/country/scotland,,,
IV408HR,http://data.ordnancesurvey.co.uk/id/postcodeunit/IV408HR,IV40 8HR,,,,other,Postcode,192014.000,819726.000,3500,18000,,,,,,,Ratagan,http://data.ordnancesurvey.co.uk/id/4000000074570254,http://www.ordnancesurvey.co.uk/xml/codelists/localtype.xml#village,,,,Highland,http://data.ordnancesurvey.co.uk/id/7000000000029638,http://data.ordnancesurvey.co.uk/ontology/admingeo/UnitaryAuthority,Scotland,http://data.ordnancesurvey.co.uk/id/7000000000041429,Scotland,http://data.ordnancesurvey.co.uk/id/country/scotland,,,
IV408JL,http://data.ordnancesurvey.co.uk/id/postcodeunit/IV408JL,IV40 8JL,,,,other,Postcode,184347.000,810503.000,3500,18000,,,,,,,Arnisdale,http://data.ordnancesurvey.co.uk/id/4000000074569907,http://www.ordnancesurvey.co.uk/xml/codelists/localtype.xml#hamlet,,,,Highland,http://data.ordnancesurvey.co.uk/id/7000000000029638,http://data.ordnancesurvey.co.uk/ontology/admingeo/UnitaryAuthority,Scotland,http://data.ordnancesurvey.co.uk/id/7000000000041429,Scotland,http://data.ordnancesurvey.co.uk/id/country/scotland,,,
PH354HD,http://data.ordnancesurvey.co.uk/id/postcodeunit/PH354HD,PH35 4HD,,,,other,Postcode,193192.000,807849.000,3500,18000,,,,,,,,,,,,,Highland,http://data.ordnancesurvey.co.uk/id/7000000000029638,http://data.ordnancesurvey.co.uk/ontology/admingeo/UnitaryAuthority,Scotland,http://data.ordnancesurvey.co.uk/id/7000000000041429,Scotland,http://data.ordnancesurvey.co.uk/id/country/scotland,,,
IV408JH,http://data.ordnancesurvey.co.uk/id/postcodeunit/IV408JH,IV40 8JH,,,,other,Postcode,185064.000,809342.000,3500,18000,,,,,,,Corran,http://data.ordnancesurvey.co.uk/id/4000000074569906,http://www.ordnancesurvey.co.uk/xml/codelists/localtype.xml#hamlet,,,,Highland,http://data.ordnancesurvey.co.uk/id/7000000000029638,http://data.ordnancesurvey.co.uk/ontology/admingeo/UnitaryAuthority,Scotland,http://data.ordnancesurvey.co.uk/id/7000000000041429,Scotland,http://data.ordnancesurvey.co.uk/id/country/scotland,,,
IV408JU,http://data.ordnancesurvey.co.uk/id/postcodeunit/IV408JU,IV40 8JU,,,,other,Postcode,180690.000,818581.000,3500,18000,,,,,,,Glenelg,http://data.ordnancesurvey.co.uk/id/4000000074570623,http://www.ordnancesurvey.co.uk/xml/codelists/localtype.xml#village,,,,Highland,http://data.ordnancesurvey.co.uk/id/7000000000029638,http://data.ordnancesurvey.co.uk/ontology/admingeo/UnitaryAuthority,Scotland,http://data.ordnancesurvey.co.uk/id/7000000000041429,Scotland,http://data.ordnancesurvey.co.uk/id/country/scotland,,,
IV408JA,http://data.ordnancesurvey.co.uk/id/postcodeunit/IV408JA,IV40 8JA,,,,other,Postcode,180771.000,817878.000,3500,18000,,,,,,,Eilanreach,http://data.ordnancesurvey.co.uk/id/4000000074570257,http://www.ordnancesurvey.co.uk/xml/codelists/localtype.xml#hamlet,,,,Highland,http://data.ordnancesurvey.co.uk/id/7000000000029638,http://data.ordnancesurvey.co.uk/ontology/admingeo/UnitaryAuthority,Scotland,http://data.ordnancesurvey.co.uk/id/7000000000041429,Scotland,http://data.ordnancesurvey.co.uk/id/country/scotland,,,
IV408JJ,http://data.ordnancesurvey.co.uk/id/postcodeunit/IV408JJ,IV40 8JJ,,,,other,Postcode,183332.000,807510.000,3500,18000,,,,,,,,,,,,,Highland,http://data.ordnancesurvey.co.uk/id/7000000000029638,http://data.ordnancesurvey.co.uk/ontology/admingeo/UnitaryAuthority,Scotland,http://data.ordnancesurvey.co.uk/id/7000000000041429,Scotland,http://data.ordnancesurvey.co.uk/id/country/scotland,,,
IV408JY,http://data.ordnancesurvey.co.uk/id/postcodeunit/IV408JY,IV40 8JY,,,,other,Postcode,181944.000,819499.000,3500,18000,,,,,,,Glenelg,http://data.ordnancesurvey.co.uk/id/4000000074570623,http://www.ordnancesurvey.co.uk/xml/codelists/localtype.xml#village,,,,Highland,http://data.ordnancesurvey.co.uk/id/7000000000029638,http://data.ordnancesurvey.co.uk/ontology/admingeo/UnitaryAuthority,Scotland,http://data.ordnancesurvey.co.uk/id/7000000000041429,Scotland,http://data.ordnancesurvey.co.uk/id/country/scotland,,,
IV408JR,http://data.ordnancesurvey.co.uk/id/postcodeunit/IV408JR,IV40 8JR,,,,other,Postcode,181414.000,819392.000,3500,18000,,,,,,,Glenelg,http://data.ordnancesurvey.co.uk/id/4000000074570623,http://www.ordnancesurvey.co.uk/xml/codelists/localtype.xml#village,,,,Highland,http://data.ordnancesurvey.co.uk/id/7000000000029638,http://data.ordnancesurvey.co.uk/ontology/admingeo/UnitaryAuthority,Scotland,http://data.ordnancesurvey.co.uk/id/7000000000041429,Scotland,http://data.ordnancesurvey.co.uk/id/country/scotland,,,
osgb4000000003445912,http://data.ordnancesurvey.co.uk/id/4000000003445912,Allt Ruadh,,,,transportNetwork,Named Road,181556.577,819471.201,1000,20000,181530.092,819418.233,181594.857,819523.725,IV40,http://data.ordnancesurvey.co.uk/id/postcodedistrict/IV40,Glenelg,http://data.ordnancesurvey.co.uk/id/4000000074570623,http://www.ordnancesurvey.co.uk/xml/codelists/localtype.xml#village,,,,Highland,http://data.ordnancesurvey.co.uk/id/7000000000029638,http://data.ordnancesurvey.co.uk/ontology/admingeo/UnitaryAuthority,Scotland,http://data.ordnancesurvey.co.uk/id/7000000000041429,Scotland,http://data.ordnancesurvey.co.uk/id/country/scotland,,,
