﻿osgb4000000074542542,http://data.ordnancesurvey.co.uk/id/4000000074542542,Allt a' Chruinn,,,,populatedPlace,Hamlet,194673.000,820365.000,5000,25000,194333.607,820044.332,194833.607,820544.332,IV40,http://data.ordnancesurvey.co.uk/id/postcodedistrict/IV40,,,,,,,Highland,http://data.ordnancesurvey.co.uk/id/7000000000029638,http://data.ordnancesurvey.co.uk/ontology/admingeo/UnitaryAuthority,Scotland,http://data.ordnancesurvey.co.uk/id/7000000000041429,Scotland,http://data.ordnancesurvey.co.uk/id/country/scotland,,,http://sws.geonames.org/6544996
osgb4000000074572042,http://data.ordnancesurvey.co.uk/id/4000000074572042,Nostie,,,,populatedPlace,Hamlet,185626.750,827134.250,5000,25000,185061.770,826922.364,185825.889,827422.364,IV40,http://data.ordnancesurvey.co.uk/id/postcodedistrict/IV40,,,,,,,Highland,http://data.ordnancesurvey.co.uk/id/7000000000029638,http://data.ordnancesurvey.co.uk/ontology/admingeo/UnitaryAuthority,Scotland,http://data.ordnancesurvey.co.uk/id/7000000000041429,Scotland,http://data.ordnancesurvey.co.uk/id/country/scotland,,http://dbpedia.org/resource/Nostie,
osgb4000000074570259,http://data.ordnancesurvey.co.uk/id/4000000074570259,Galltair,,,,populatedPlace,Hamlet,181337.000,820207.000,5000,25000,180854.092,819982.455,181708.701,820482.455,IV40,http://data.ordnancesurvey.co.uk/id/postcodedistrict/IV40,,,,,,,Highland,http://data.ordnancesurvey.co.uk/id/7000000000029638,http://data.ordnancesurvey.co.uk/ontology/admingeo/UnitaryAuthority,Scotland,http://data.ordnancesurvey.co.uk/id/7000000000041429,Scotland,http://data.ordnancesurvey.co.uk/id/country/scotland,,,
osgb4000000074337554,http://data.ordnancesurvey.co.uk/id/4000000074337554,Leacanasigh,,,,populatedPlace,Hamlet,185156.670,835550.950,5000,25000,184862.213,835270.149,185362.213,835770.149,IV54,http://data.ordnancesurvey.co.uk/id/postcodedistrict/IV54,,,,,,,Highland,http://data.ordnancesurvey.co.uk/id/7000000000029638,http://data.ordnancesurvey.co.uk/ontology/admingeo/UnitaryAuthority,Scotland,http://data.ordnancesurvey.co.uk/id/7000000000041429,Scotland,http://data.ordnancesurvey.co.uk/id/country/scotland,,,
osgb4000000074573385,http://data.ordnancesurvey.co.uk/id/4000000074573385,Ardarroch,,,,populatedPlace,Hamlet,183641.000,839693.000,5000,25000,183516.109,839455.206,184199.798,839955.206,IV54,http://data.ordnancesurvey.co.uk/id/postcodedistrict/IV54,,,,,,,Highland,http://data.ordnancesurvey.co.uk/id/7000000000029638,http://data.ordnancesurvey.co.uk/ontology/admingeo/UnitaryAuthority,Scotland,http://data.ordnancesurvey.co.uk/id/7000000000041429,Scotland,http://data.ordnancesurvey.co.uk/id/country/scotland,,http://dbpedia.org/resource/Ardarroch,
osgb4000000074337871,http://data.ordnancesurvey.co.uk/id/4000000074337871,Kirkton,,,,populatedPlace,Hamlet,183205.000,827308.000,5000,25000,182880.011,827075.690,183498.341,827575.690,IV40,http://data.ordnancesurvey.co.uk/id/postcodedistrict/IV40,,,,,,,Highland,http://data.ordnancesurvey.co.uk/id/7000000000029638,http://data.ordnancesurvey.co.uk/ontology/admingeo/UnitaryAuthority,Scotland,http://data.ordnancesurvey.co.uk/id/7000000000041429,Scotland,http://data.ordnancesurvey.co.uk/id/country/scotland,,,http://sws.geonames.org/2645220
osgb4000000074572703,http://data.ordnancesurvey.co.uk/id/4000000074572703,Craig,,,,populatedPlace,Hamlet,182364.670,833090.620,5000,25000,182094.704,832808.019,182594.704,833308.019,IV52,http://data.ordnancesurvey.co.uk/id/postcodedistrict/IV52,,,,,,,Highland,http://data.ordnancesurvey.co.uk/id/7000000000029638,http://data.ordnancesurvey.co.uk/ontology/admingeo/UnitaryAuthority,Scotland,http://data.ordnancesurvey.co.uk/id/7000000000041429,Scotland,http://data.ordnancesurvey.co.uk/id/country/scotland,,,
osgb4000000074580265,http://data.ordnancesurvey.co.uk/id/4000000074580265,Attadale,,,,populatedPlace,Hamlet,192850.000,838929.000,5000,25000,192115.304,838414.496,193135.812,839138.398,IV54,http://data.ordnancesurvey.co.uk/id/postcodedistrict/IV54,,,,,,,Highland,http://data.ordnancesurvey.co.uk/id/7000000000029638,http://data.ordnancesurvey.co.uk/ontology/admingeo/UnitaryAuthority,Scotland,http://data.ordnancesurvey.co.uk/id/7000000000041429,Scotland,http://data.ordnancesurvey.co.uk/id/country/scotland,,,
osgb4000000074573049,http://data.ordnancesurvey.co.uk/id/4000000074573049,Lochcarron,,,,populatedPlace,Village,189915.050,839644.070,25000,250000,188226.504,837633.979,191558.762,841455.001,IV54,http://data.ordnancesurvey.co.uk/id/postcodedistrict/IV54,,,,,,,Highland,http://data.ordnancesurvey.co.uk/id/7000000000029638,http://data.ordnancesurvey.co.uk/ontology/admingeo/UnitaryAuthority,Scotland,http://data.ordnancesurvey.co.uk/id/7000000000041429,Scotland,http://data.ordnancesurvey.co.uk/id/country/scotland,,http://dbpedia.org/resource/Lochcarron,http://sws.geonames.org/2643842
osgb4000000074572708,http://data.ordnancesurvey.co.uk/id/4000000074572708,Achmore,,,,populatedPlace,Village,185587.000,833527.000,9000,250000,184571.799,833104.636,185914.037,834024.592,IV53,http://data.ordnancesurvey.co.uk/id/postcodedistrict/IV53,,,,,,,Highland,http://data.ordnancesurvey.co.uk/id/7000000000029638,http://data.ordnancesurvey.co.uk/ontology/admingeo/UnitaryAuthority,Scotland,http://data.ordnancesurvey.co.uk/id/7000000000041429,Scotland,http://data.ordnancesurvey.co.uk/id/country/scotland,,,http://sws.geonames.org/2657725
osgb4000000074571689,http://data.ordnancesurvey.co.uk/id/4000000074571689,Killilan,,,,populatedPlace,Other Settlement,193989.000,830326.000,15000,25000,193804.412,829933.793,194799.772,830466.661,IV40,http://data.ordnancesurvey.co.uk/id/postcodedistrict/IV40,,,,,,,Highland,http://data.ordnancesurvey.co.uk/id/7000000000029638,http://data.ordnancesurvey.co.uk/ontology/admingeo/UnitaryAuthority,Scotland,http://data.ordnancesurvey.co.uk/id/7000000000041429,Scotland,http://data.ordnancesurvey.co.uk/id/country/scotland,,http://dbpedia.org/resource/Killilan,http://sws.geonames.org/2645634
osgb4000000074572040,http://data.ordnancesurvey.co.uk/id/4000000074572040,Ardnarff,,,,populatedPlace,Other Settlement,188910.180,835643.310,15000,25000,188660.180,835393.314,189160.180,835893.314,IV53,http://data.ordnancesurvey.co.uk/id/postcodedistrict/IV53,,,,,,,Highland,http://data.ordnancesurvey.co.uk/id/7000000000029638,http://data.ordnancesurvey.co.uk/ontology/admingeo/UnitaryAuthority,Scotland,http://data.ordnancesurvey.co.uk/id/7000000000041429,Scotland,http://data.ordnancesurvey.co.uk/id/country/scotland,,,http://sws.geonames.org/2657140
osgb4000000074570258,http://data.ordnancesurvey.co.uk/id/4000000074570258,Carn-gorm,,,,populatedPlace,Hamlet,195604.000,820741.000,5000,25000,195302.482,820516.882,195835.360,821016.882,IV40,http://data.ordnancesurvey.co.uk/id/postcodedistrict/IV40,,,,,,,Highland,http://data.ordnancesurvey.co.uk/id/7000000000029638,http://data.ordnancesurvey.co.uk/ontology/admingeo/UnitaryAuthority,Scotland,http://data.ordnancesurvey.co.uk/id/7000000000041429,Scotland,http://data.ordnancesurvey.co.uk/id/country/scotland,,,
osgb4000000074572705,http://data.ordnancesurvey.co.uk/id/4000000074572705,Achnandarach,,,,populatedPlace,Hamlet,180512.000,831109.000,5000,25000,180132.880,830979.527,180731.101,831479.527,IV52,http://data.ordnancesurvey.co.uk/id/postcodedistrict/IV52,,,,,,,Highland,http://data.ordnancesurvey.co.uk/id/7000000000029638,http://data.ordnancesurvey.co.uk/ontology/admingeo/UnitaryAuthority,Scotland,http://data.ordnancesurvey.co.uk/id/7000000000041429,Scotland,http://data.ordnancesurvey.co.uk/id/country/scotland,,,
osgb4000000074569908,http://data.ordnancesurvey.co.uk/id/4000000074569908,Morvich,,,,populatedPlace,Hamlet,196610.000,821024.000,5000,25000,195976.111,820785.835,197026.780,821285.835,IV40,http://data.ordnancesurvey.co.uk/id/postcodedistrict/IV40,,,,,,,Highland,http://data.ordnancesurvey.co.uk/id/7000000000029638,http://data.ordnancesurvey.co.uk/ontology/admingeo/UnitaryAuthority,Scotland,http://data.ordnancesurvey.co.uk/id/7000000000041429,Scotland,http://data.ordnancesurvey.co.uk/id/country/scotland,,"http://dbpedia.org/resource/Morvich,_Highland",http://sws.geonames.org/2642156
osgb4000000074571688,http://data.ordnancesurvey.co.uk/id/4000000074571688,Camas-luinie,,,,populatedPlace,Hamlet,194761.420,828370.760,5000,25000,194466.831,828102.765,194966.831,828602.765,IV40,http://data.ordnancesurvey.co.uk/id/postcodedistrict/IV40,,,,,,,Highland,http://data.ordnancesurvey.co.uk/id/7000000000029638,http://data.ordnancesurvey.co.uk/ontology/admingeo/UnitaryAuthority,Scotland,http://data.ordnancesurvey.co.uk/id/7000000000041429,Scotland,http://data.ordnancesurvey.co.uk/id/country/scotland,,http://dbpedia.org/resource/Camas_Luinie,
osgb4000000074572039,http://data.ordnancesurvey.co.uk/id/4000000074572039,Sallachy,,,,populatedPlace,Other Settlement,191783.720,830345.310,15000,25000,190923.884,829948.869,191868.983,830743.152,IV40,http://data.ordnancesurvey.co.uk/id/postcodedistrict/IV40,,,,,,,Highland,http://data.ordnancesurvey.co.uk/id/7000000000029638,http://data.ordnancesurvey.co.uk/ontology/admingeo/UnitaryAuthority,Scotland,http://data.ordnancesurvey.co.uk/id/7000000000041429,Scotland,http://data.ordnancesurvey.co.uk/id/country/scotland,,http://dbpedia.org/resource/Sallachy,http://sws.geonames.org/2638659
osgb4000000074337883,http://data.ordnancesurvey.co.uk/id/4000000074337883,Keppoch,,,,populatedPlace,Other Settlement,189998.020,824453.410,15000,25000,189718.212,824242.921,190218.212,824742.921,IV40,http://data.ordnancesurvey.co.uk/id/postcodedistrict/IV40,,,,,,,Highland,http://data.ordnancesurvey.co.uk/id/7000000000029638,http://data.ordnancesurvey.co.uk/ontology/admingeo/UnitaryAuthority,Scotland,http://data.ordnancesurvey.co.uk/id/7000000000041429,Scotland,http://data.ordnancesurvey.co.uk/id/country/scotland,,,
osgb4000000074572038,http://data.ordnancesurvey.co.uk/id/4000000074572038,Bundalloch,,,,populatedPlace,Hamlet,189350.000,827397.000,5000,25000,189259.388,827306.934,189797.287,827806.934,IV40,http://data.ordnancesurvey.co.uk/id/postcodedistrict/IV40,,,,,,,Highland,http://data.ordnancesurvey.co.uk/id/7000000000029638,http://data.ordnancesurvey.co.uk/ontology/admingeo/UnitaryAuthority,Scotland,http://data.ordnancesurvey.co.uk/id/7000000000041429,Scotland,http://data.ordnancesurvey.co.uk/id/country/scotland,,,http://sws.geonames.org/2654331
osgb4000000074337558,http://data.ordnancesurvey.co.uk/id/4000000074337558,Strome Ferry,,,,populatedPlace,Hamlet,186397.000,834684.000,5000,25000,186100.037,834292.379,186658.046,834792.379,IV53,http://data.ordnancesurvey.co.uk/id/postcodedistrict/IV53,,,,,,,Highland,http://data.ordnancesurvey.co.uk/id/7000000000029638,http://data.ordnancesurvey.co.uk/ontology/admingeo/UnitaryAuthority,Scotland,http://data.ordnancesurvey.co.uk/id/7000000000041429,Scotland,http://data.ordnancesurvey.co.uk/id/country/scotland,,http://dbpedia.org/resource/Stromeferry,http://sws.geonames.org/2636641
osgb4000000074570255,http://data.ordnancesurvey.co.uk/id/4000000074570255,Inverinate,,,,populatedPlace,Village,191480.540,822067.350,22000,250000,190662.475,820668.855,194080.902,823148.445,IV40,http://data.ordnancesurvey.co.uk/id/postcodedistrict/IV40,,,,,,,Highland,http://data.ordnancesurvey.co.uk/id/7000000000029638,http://data.ordnancesurvey.co.uk/ontology/admingeo/UnitaryAuthority,Scotland,http://data.ordnancesurvey.co.uk/id/7000000000041429,Scotland,http://data.ordnancesurvey.co.uk/id/country/scotland,,http://dbpedia.org/resource/Inverinate,http://sws.geonames.org/2646106
osgb4000000074543121,http://data.ordnancesurvey.co.uk/id/4000000074543121,Allt nan Sùgh,,,,populatedPlace,Hamlet,190269.000,829884.000,5000,25000,189929.347,829507.445,190429.347,830025.237,IV40,http://data.ordnancesurvey.co.uk/id/postcodedistrict/IV40,,,,,,,Highland,http://data.ordnancesurvey.co.uk/id/7000000000029638,http://data.ordnancesurvey.co.uk/ontology/admingeo/UnitaryAuthority,Scotland,http://data.ordnancesurvey.co.uk/id/7000000000041429,Scotland,http://data.ordnancesurvey.co.uk/id/country/scotland,,,
osgb4000000074571690,http://data.ordnancesurvey.co.uk/id/4000000074571690,Dornie,,,,populatedPlace,Village,188275.000,826121.000,7000,250000,188052.888,825666.745,188560.627,826732.490,IV40,http://data.ordnancesurvey.co.uk/id/postcodedistrict/IV40,,,,,,,Highland,http://data.ordnancesurvey.co.uk/id/7000000000029638,http://data.ordnancesurvey.co.uk/ontology/admingeo/UnitaryAuthority,Scotland,http://data.ordnancesurvey.co.uk/id/7000000000041429,Scotland,http://data.ordnancesurvey.co.uk/id/country/scotland,,http://dbpedia.org/resource/Dornie,http://sws.geonames.org/2651089
osgb4000000074541335,http://data.ordnancesurvey.co.uk/id/4000000074541335,Stromemore,,,,populatedPlace,Hamlet,186281.000,835650.000,5000,25000,185526.948,835306.495,186562.527,835849.420,IV54,http://data.ordnancesurvey.co.uk/id/postcodedistrict/IV54,,,,,,,Highland,http://data.ordnancesurvey.co.uk/id/7000000000029638,http://data.ordnancesurvey.co.uk/ontology/admingeo/UnitaryAuthority,Scotland,http://data.ordnancesurvey.co.uk/id/7000000000041429,Scotland,http://data.ordnancesurvey.co.uk/id/country/scotland,,,
osgb4000000074572365,http://data.ordnancesurvey.co.uk/id/4000000074572365,Braeintra,,,,populatedPlace,Other Settlement,186444.000,832458.000,15000,25000,186030.053,832145.040,186907.501,832795.384,IV53,http://data.ordnancesurvey.co.uk/id/postcodedistrict/IV53,,,,,,,Highland,http://data.ordnancesurvey.co.uk/id/7000000000029638,http://data.ordnancesurvey.co.uk/ontology/admingeo/UnitaryAuthority,Scotland,http://data.ordnancesurvey.co.uk/id/7000000000041429,Scotland,http://data.ordnancesurvey.co.uk/id/country/scotland,,,
osgb4000000074542994,http://data.ordnancesurvey.co.uk/id/4000000074542994,Avernish,,,,populatedPlace,Other Settlement,185170.000,826512.000,15000,25000,183697.509,825950.703,185642.428,827064.275,IV40,http://data.ordnancesurvey.co.uk/id/postcodedistrict/IV40,,,,,,,Highland,http://data.ordnancesurvey.co.uk/id/7000000000029638,http://data.ordnancesurvey.co.uk/ontology/admingeo/UnitaryAuthority,Scotland,http://data.ordnancesurvey.co.uk/id/7000000000041429,Scotland,http://data.ordnancesurvey.co.uk/id/country/scotland,,http://dbpedia.org/resource/Avernish,
osgb4000000074572360,http://data.ordnancesurvey.co.uk/id/4000000074572360,Reraig,,,,populatedPlace,Village,181372.000,827142.000,7000,250000,180984.793,827017.876,182074.741,827517.876,IV40,http://data.ordnancesurvey.co.uk/id/postcodedistrict/IV40,,,,,,,Highland,http://data.ordnancesurvey.co.uk/id/7000000000029638,http://data.ordnancesurvey.co.uk/ontology/admingeo/UnitaryAuthority,Scotland,http://data.ordnancesurvey.co.uk/id/7000000000041429,Scotland,http://data.ordnancesurvey.co.uk/id/country/scotland,,,
osgb4000000074570256,http://data.ordnancesurvey.co.uk/id/4000000074570256,Letterfearn,,,,populatedPlace,Other Settlement,188129.110,824345.310,15000,25000,187952.348,822746.001,189204.096,824631.161,IV40,http://data.ordnancesurvey.co.uk/id/postcodedistrict/IV40,,,,,,,Highland,http://data.ordnancesurvey.co.uk/id/7000000000029638,http://data.ordnancesurvey.co.uk/ontology/admingeo/UnitaryAuthority,Scotland,http://data.ordnancesurvey.co.uk/id/7000000000041429,Scotland,http://data.ordnancesurvey.co.uk/id/country/scotland,,http://dbpedia.org/resource/Letterfearn,http://sws.geonames.org/2644588
osgb4000000074572704,http://data.ordnancesurvey.co.uk/id/4000000074572704,Ardaneaskan,,,,populatedPlace,Hamlet,183158.590,835350.870,5000,25000,182932.969,835101.743,183913.249,835601.743,IV54,http://data.ordnancesurvey.co.uk/id/postcodedistrict/IV54,,,,,,,Highland,http://data.ordnancesurvey.co.uk/id/7000000000029638,http://data.ordnancesurvey.co.uk/ontology/admingeo/UnitaryAuthority,Scotland,http://data.ordnancesurvey.co.uk/id/7000000000041429,Scotland,http://data.ordnancesurvey.co.uk/id/country/scotland,,http://dbpedia.org/resource/Ardaneaskan,
osgb4000000074572041,http://data.ordnancesurvey.co.uk/id/4000000074572041,Ardelve,,,,populatedPlace,Village,187190.000,827088.000,8000,250000,186650.329,826606.816,187812.709,827255.310,IV40,http://data.ordnancesurvey.co.uk/id/postcodedistrict/IV40,,,,,,,Highland,http://data.ordnancesurvey.co.uk/id/7000000000029638,http://data.ordnancesurvey.co.uk/ontology/admingeo/UnitaryAuthority,Scotland,http://data.ordnancesurvey.co.uk/id/7000000000041429,Scotland,http://data.ordnancesurvey.co.uk/id/country/scotland,,,
osgb4000000074572359,http://data.ordnancesurvey.co.uk/id/4000000074572359,Auchtertyre,,,,populatedPlace,Hamlet,183987.930,827465.190,5000,25000,183603.911,827174.873,184302.680,827692.665,IV40,http://data.ordnancesurvey.co.uk/id/postcodedistrict/IV40,,,,,,,Highland,http://data.ordnancesurvey.co.uk/id/7000000000029638,http://data.ordnancesurvey.co.uk/ontology/admingeo/UnitaryAuthority,Scotland,http://data.ordnancesurvey.co.uk/id/7000000000041429,Scotland,http://data.ordnancesurvey.co.uk/id/country/scotland,,http://dbpedia.org/resource/Auchertyre,
osgb4000000074337885,http://data.ordnancesurvey.co.uk/id/4000000074337885,Leachachan,,,,populatedPlace,Hamlet,189633.000,822192.000,5000,25000,189189.016,821800.911,189812.376,822705.792,IV40,http://data.ordnancesurvey.co.uk/id/postcodedistrict/IV40,,,,,,,Highland,http://data.ordnancesurvey.co.uk/id/7000000000029638,http://data.ordnancesurvey.co.uk/ontology/admingeo/UnitaryAuthority,Scotland,http://data.ordnancesurvey.co.uk/id/7000000000041429,Scotland,http://data.ordnancesurvey.co.uk/id/country/scotland,,,
osgb4000000074337877,http://data.ordnancesurvey.co.uk/id/4000000074337877,Camas-longart,,,,populatedPlace,Hamlet,187954.530,826982.900,5000,25000,187809.931,826546.483,188364.568,827380.984,IV40,http://data.ordnancesurvey.co.uk/id/postcodedistrict/IV40,,,,,,,Highland,http://data.ordnancesurvey.co.uk/id/7000000000029638,http://data.ordnancesurvey.co.uk/ontology/admingeo/UnitaryAuthority,Scotland,http://data.ordnancesurvey.co.uk/id/7000000000041429,Scotland,http://data.ordnancesurvey.co.uk/id/country/scotland,,,
osgb4000000074572361,http://data.ordnancesurvey.co.uk/id/4000000074572361,Balmacara,,,,populatedPlace,Village,180674.000,827925.340,10000,250000,179439.388,827149.740,181035.063,828728.248,IV40,http://data.ordnancesurvey.co.uk/id/postcodedistrict/IV40,,,,,,,Highland,http://data.ordnancesurvey.co.uk/id/7000000000029638,http://data.ordnancesurvey.co.uk/ontology/admingeo/UnitaryAuthority,Scotland,http://data.ordnancesurvey.co.uk/id/7000000000041429,Scotland,http://data.ordnancesurvey.co.uk/id/country/scotland,,http://dbpedia.org/resource/Balmacara,http://sws.geonames.org/2656459
osgb4000000074543044,http://data.ordnancesurvey.co.uk/id/4000000074543044,Achantraid,gla,Achintraid,eng,populatedPlace,Village,183993.000,838857.000,9000,250000,183169.239,838362.970,184571.799,839383.468,IV54,http://data.ordnancesurvey.co.uk/id/postcodedistrict/IV54,,,,,,,Highland,http://data.ordnancesurvey.co.uk/id/7000000000029638,http://data.ordnancesurvey.co.uk/ontology/admingeo/UnitaryAuthority,Scotland,http://data.ordnancesurvey.co.uk/id/7000000000041429,Scotland,http://data.ordnancesurvey.co.uk/id/country/scotland,,http://dbpedia.org/resource/Achintraid,http://sws.geonames.org/2657733
IV408FD,http://data.ordnancesurvey.co.uk/id/postcodeunit/IV408FD,IV40 8FD,,,,other,Postcode,188378.000,826587.000,3500,18000,,,,,,,,,,,,,Highland,http://data.ordnancesurvey.co.uk/id/7000000000029638,http://data.ordnancesurvey.co.uk/ontology/admingeo/UnitaryAuthority,Scotland,http://data.ordnancesurvey.co.uk/id/7000000000041429,Scotland,http://data.ordnancesurvey.co.uk/id/country/scotland,,,
IV408JZ,http://data.ordnancesurvey.co.uk/id/postcodeunit/IV408JZ,IV40 8JZ,,,,other,Postcode,181229.000,820250.000,3500,18000,,,,,,,Galltair,http://data.ordnancesurvey.co.uk/id/4000000074570259,http://www.ordnancesurvey.co.uk/xml/codelists/localtype.xml#hamlet,,,,Highland,http://data.ordnancesurvey.co.uk/id/7000000000029638,http://data.ordnancesurvey.co.uk/ontology/admingeo/UnitaryAuthority,Scotland,http://data.ordnancesurvey.co.uk/id/7000000000041429,Scotland,http://data.ordnancesurvey.co.uk/id/country/scotland,,,
IV408EJ,http://data.ordnancesurvey.co.uk/id/postcodeunit/IV408EJ,IV40 8EJ,,,,other,Postcode,188196.000,826512.000,3500,18000,,,,,,,Dornie,http://data.ordnancesurvey.co.uk/id/4000000074571690,http://www.ordnancesurvey.co.uk/xml/codelists/localtype.xml#village,,,,Highland,http://data.ordnancesurvey.co.uk/id/7000000000029638,http://data.ordnancesurvey.co.uk/ontology/admingeo/UnitaryAuthority,Scotland,http://data.ordnancesurvey.co.uk/id/7000000000041429,Scotland,http://data.ordnancesurvey.co.uk/id/country/scotland,,,
IV408EN,http://data.ordnancesurvey.co.uk/id/postcodeunit/IV408EN,IV40 8EN,,,,other,Postcode,188544.000,826829.000,3500,18000,,,,,,,,,,,,,Highland,http://data.ordnancesurvey.co.uk/id/7000000000029638,http://data.ordnancesurvey.co.uk/ontology/admingeo/UnitaryAuthority,Scotland,http://data.ordnancesurvey.co.uk/id/7000000000041429,Scotland,http://data.ordnancesurvey.co.uk/id/country/scotland,,,
IV548YF,http://data.ordnancesurvey.co.uk/id/postcodeunit/IV548YF,IV54 8YF,,,,other,Postcode,189770.000,839518.000,3500,18000,,,,,,,Lochcarron,http://data.ordnancesurvey.co.uk/id/4000000074573049,http://www.ordnancesurvey.co.uk/xml/codelists/localtype.xml#village,,,,Highland,http://data.ordnancesurvey.co.uk/id/7000000000029638,http://data.ordnancesurvey.co.uk/ontology/admingeo/UnitaryAuthority,Scotland,http://data.ordnancesurvey.co.uk/id/7000000000041429,Scotland,http://data.ordnancesurvey.co.uk/id/country/scotland,,,
IV548YG,http://data.ordnancesurvey.co.uk/id/postcodeunit/IV548YG,IV54 8YG,,,,other,Postcode,189314.000,839395.000,3500,18000,,,,,,,Lochcarron,http://data.ordnancesurvey.co.uk/id/4000000074573049,http://www.ordnancesurvey.co.uk/xml/codelists/localtype.xml#village,,,,Highland,http://data.ordnancesurvey.co.uk/id/7000000000029638,http://data.ordnancesurvey.co.uk/ontology/admingeo/UnitaryAuthority,Scotland,http://data.ordnancesurvey.co.uk/id/7000000000041429,Scotland,http://data.ordnancesurvey.co.uk/id/country/scotland,,,
IV408EX,http://data.ordnancesurvey.co.uk/id/postcodeunit/IV408EX,IV40 8EX,,,,other,Postcode,188089.000,827055.000,3500,18000,,,,,,,Camas-longart,http://data.ordnancesurvey.co.uk/id/4000000074337877,http://www.ordnancesurvey.co.uk/xml/codelists/localtype.xml#hamlet,,,,Highland,http://data.ordnancesurvey.co.uk/id/7000000000029638,http://data.ordnancesurvey.co.uk/ontology/admingeo/UnitaryAuthority,Scotland,http://data.ordnancesurvey.co.uk/id/7000000000041429,Scotland,http://data.ordnancesurvey.co.uk/id/country/scotland,,,
IV408JG,http://data.ordnancesurvey.co.uk/id/postcodeunit/IV408JG,IV40 8JG,,,,other,Postcode,183487.000,824045.000,3500,18000,,,,,,,,,,,,,Highland,http://data.ordnancesurvey.co.uk/id/7000000000029638,http://data.ordnancesurvey.co.uk/ontology/admingeo/UnitaryAuthority,Scotland,http://data.ordnancesurvey.co.uk/id/7000000000041429,Scotland,http://data.ordnancesurvey.co.uk/id/country/scotland,,,
IV408DZ,http://data.ordnancesurvey.co.uk/id/postcodeunit/IV408DZ,IV40 8DZ,,,,other,Postcode,191168.000,829994.000,3500,18000,,,,,,,Sallachy,http://data.ordnancesurvey.co.uk/id/4000000074572039,http://www.ordnancesurvey.co.uk/xml/codelists/localtype.xml#otherSettlement,,,,Highland,http://data.ordnancesurvey.co.uk/id/7000000000029638,http://data.ordnancesurvey.co.uk/ontology/admingeo/UnitaryAuthority,Scotland,http://data.ordnancesurvey.co.uk/id/7000000000041429,Scotland,http://data.ordnancesurvey.co.uk/id/country/scotland,,,
IV408DL,http://data.ordnancesurvey.co.uk/id/postcodeunit/IV408DL,IV40 8DL,,,,other,Postcode,180445.000,828369.000,3500,18000,,,,,,,Balmacara,http://data.ordnancesurvey.co.uk/id/4000000074572361,http://www.ordnancesurvey.co.uk/xml/codelists/localtype.xml#village,,,,Highland,http://data.ordnancesurvey.co.uk/id/7000000000029638,http://data.ordnancesurvey.co.uk/ontology/admingeo/UnitaryAuthority,Scotland,http://data.ordnancesurvey.co.uk/id/7000000000041429,Scotland,http://data.ordnancesurvey.co.uk/id/country/scotland,,,
IV548YJ,http://data.ordnancesurvey.co.uk/id/postcodeunit/IV548YJ,IV54 8YJ,,,,other,Postcode,186422.000,835732.000,3500,18000,,,,,,,Stromemore,http://data.ordnancesurvey.co.uk/id/4000000074541335,http://www.ordnancesurvey.co.uk/xml/codelists/localtype.xml#hamlet,,,,Highland,http://data.ordnancesurvey.co.uk/id/7000000000029638,http://data.ordnancesurvey.co.uk/ontology/admingeo/UnitaryAuthority,Scotland,http://data.ordnancesurvey.co.uk/id/7000000000041429,Scotland,http://data.ordnancesurvey.co.uk/id/country/scotland,,,
IV408DJ,http://data.ordnancesurvey.co.uk/id/postcodeunit/IV408DJ,IV40 8DJ,,,,other,Postcode,180619.000,828299.000,3500,18000,,,,,,,Balmacara,http://data.ordnancesurvey.co.uk/id/4000000074572361,http://www.ordnancesurvey.co.uk/xml/codelists/localtype.xml#village,,,,Highland,http://data.ordnancesurvey.co.uk/id/7000000000029638,http://data.ordnancesurvey.co.uk/ontology/admingeo/UnitaryAuthority,Scotland,http://data.ordnancesurvey.co.uk/id/7000000000041429,Scotland,http://data.ordnancesurvey.co.uk/id/country/scotland,,,
IV528TE,http://data.ordnancesurvey.co.uk/id/postcodeunit/IV528TE,IV52 8TE,,,,other,Postcode,180229.000,833404.000,3500,18000,,,,,,,Am Ploc / Plockton,http://data.ordnancesurvey.co.uk/id/4000000074542610,http://www.ordnancesurvey.co.uk/xml/codelists/localtype.xml#village,,,,Highland,http://data.ordnancesurvey.co.uk/id/7000000000029638,http://data.ordnancesurvey.co.uk/ontology/admingeo/UnitaryAuthority,Scotland,http://data.ordnancesurvey.co.uk/id/7000000000041429,Scotland,http://data.ordnancesurvey.co.uk/id/country/scotland,,,
IV408HD,http://data.ordnancesurvey.co.uk/id/postcodeunit/IV408HD,IV40 8HD,,,,other,Postcode,193128.000,821195.000,3500,18000,,,,,,,Inverinate,http://data.ordnancesurvey.co.uk/id/4000000074570255,http://www.ordnancesurvey.co.uk/xml/codelists/localtype.xml#village,,,,Highland,http://data.ordnancesurvey.co.uk/id/7000000000029638,http://data.ordnancesurvey.co.uk/ontology/admingeo/UnitaryAuthority,Scotland,http://data.ordnancesurvey.co.uk/id/7000000000041429,Scotland,http://data.ordnancesurvey.co.uk/id/country/scotland,,,
IV408DU,http://data.ordnancesurvey.co.uk/id/postcodeunit/IV408DU,IV40 8DU,,,,other,Postcode,188223.000,826260.000,3500,18000,,,,,,,Dornie,http://data.ordnancesurvey.co.uk/id/4000000074571690,http://www.ordnancesurvey.co.uk/xml/codelists/localtype.xml#village,,,,Highland,http://data.ordnancesurvey.co.uk/id/7000000000029638,http://data.ordnancesurvey.co.uk/ontology/admingeo/UnitaryAuthority,Scotland,http://data.ordnancesurvey.co.uk/id/7000000000041429,Scotland,http://data.ordnancesurvey.co.uk/id/country/scotland,,,
IV548YB,http://data.ordnancesurvey.co.uk/id/postcodeunit/IV548YB,IV54 8YB,,,,other,Postcode,190660.000,839980.000,3500,18000,,,,,,,Lochcarron,http://data.ordnancesurvey.co.uk/id/4000000074573049,http://www.ordnancesurvey.co.uk/xml/codelists/localtype.xml#village,,,,Highland,http://data.ordnancesurvey.co.uk/id/7000000000029638,http://data.ordnancesurvey.co.uk/ontology/admingeo/UnitaryAuthority,Scotland,http://data.ordnancesurvey.co.uk/id/7000000000041429,Scotland,http://data.ordnancesurvey.co.uk/id/country/scotland,,,
IV408DT,http://data.ordnancesurvey.co.uk/id/postcodeunit/IV408DT,IV40 8DT,,,,other,Postcode,188202.000,826388.000,3500,18000,,,,,,,Dornie,http://data.ordnancesurvey.co.uk/id/4000000074571690,http://www.ordnancesurvey.co.uk/xml/codelists/localtype.xml#village,,,,Highland,http://data.ordnancesurvey.co.uk/id/7000000000029638,http://data.ordnancesurvey.co.uk/ontology/admingeo/UnitaryAuthority,Scotland,http://data.ordnancesurvey.co.uk/id/7000000000041429,Scotland,http://data.ordnancesurvey.co.uk/id/country/scotland,,,
IV408EG,http://data.ordnancesurvey.co.uk/id/postcodeunit/IV408EG,IV40 8EG,,,,other,Postcode,183949.000,827422.000,3500,18000,,,,,,,Auchtertyre,http://data.ordnancesurvey.co.uk/id/4000000074572359,http://www.ordnancesurvey.co.uk/xml/codelists/localtype.xml#hamlet,,,,Highland,http://data.ordnancesurvey.co.uk/id/7000000000029638,http://data.ordnancesurvey.co.uk/ontology/admingeo/UnitaryAuthority,Scotland,http://data.ordnancesurvey.co.uk/id/7000000000041429,Scotland,http://data.ordnancesurvey.co.uk/id/country/scotland,,,
IV528TL,http://data.ordnancesurvey.co.uk/id/postcodeunit/IV528TL,IV52 8TL,,,,other,Postcode,180670.000,833694.000,3500,18000,,,,,,,Am Ploc / Plockton,http://data.ordnancesurvey.co.uk/id/4000000074542610,http://www.ordnancesurvey.co.uk/xml/codelists/localtype.xml#village,,,,Highland,http://data.ordnancesurvey.co.uk/id/7000000000029638,http://data.ordnancesurvey.co.uk/ontology/admingeo/UnitaryAuthority,Scotland,http://data.ordnancesurvey.co.uk/id/7000000000041429,Scotland,http://data.ordnancesurvey.co.uk/id/country/scotland,,,
IV408DR,http://data.ordnancesurvey.co.uk/id/postcodeunit/IV408DR,IV40 8DR,,,,other,Postcode,187612.000,826700.000,3500,18000,,,,,,,Ardelve,http://data.ordnancesurvey.co.uk/id/4000000074572041,http://www.ordnancesurvey.co.uk/xml/codelists/localtype.xml#village,,,,Highland,http://data.ordnancesurvey.co.uk/id/7000000000029638,http://data.ordnancesurvey.co.uk/ontology/admingeo/UnitaryAuthority,Scotland,http://data.ordnancesurvey.co.uk/id/7000000000041429,Scotland,http://data.ordnancesurvey.co.uk/id/country/scotland,,,
IV548YH,http://data.ordnancesurvey.co.uk/id/postcodeunit/IV548YH,IV54 8YH,,,,other,Postcode,188502.000,838026.000,3500,18000,,,,,,,Lochcarron,http://data.ordnancesurvey.co.uk/id/4000000074573049,http://www.ordnancesurvey.co.uk/xml/codelists/localtype.xml#village,,,,Highland,http://data.ordnancesurvey.co.uk/id/7000000000029638,http://data.ordnancesurvey.co.uk/ontology/admingeo/UnitaryAuthority,Scotland,http://data.ordnancesurvey.co.uk/id/7000000000041429,Scotland,http://data.ordnancesurvey.co.uk/id/country/scotland,,,
IV408EL,http://data.ordnancesurvey.co.uk/id/postcodeunit/IV408EL,IV40 8EL,,,,other,Postcode,188465.000,826804.000,3500,18000,,,,,,,,,,,,,Highland,http://data.ordnancesurvey.co.uk/id/7000000000029638,http://data.ordnancesurvey.co.uk/ontology/admingeo/UnitaryAuthority,Scotland,http://data.ordnancesurvey.co.uk/id/7000000000041429,Scotland,http://data.ordnancesurvey.co.uk/id/country/scotland,,,
IV408AP,http://data.ordnancesurvey.co.uk/id/postcodeunit/IV408AP,IV40 8AP,,,,other,Postcode,188276.000,826312.000,3500,18000,,,,,,,Dornie,http://data.ordnancesurvey.co.uk/id/4000000074571690,http://www.ordnancesurvey.co.uk/xml/codelists/localtype.xml#village,,,,Highland,http://data.ordnancesurvey.co.uk/id/7000000000029638,http://data.ordnancesurvey.co.uk/ontology/admingeo/UnitaryAuthority,Scotland,http://data.ordnancesurvey.co.uk/id/7000000000041429,Scotland,http://data.ordnancesurvey.co.uk/id/country/scotland,,,
IV408DY,http://data.ordnancesurvey.co.uk/id/postcodeunit/IV408DY,IV40 8DY,,,,other,Postcode,187639.000,826831.000,3500,18000,,,,,,,Ardelve,http://data.ordnancesurvey.co.uk/id/4000000074572041,http://www.ordnancesurvey.co.uk/xml/codelists/localtype.xml#village,,,,Highland,http://data.ordnancesurvey.co.uk/id/7000000000029638,http://data.ordnancesurvey.co.uk/ontology/admingeo/UnitaryAuthority,Scotland,http://data.ordnancesurvey.co.uk/id/7000000000041429,Scotland,http://data.ordnancesurvey.co.uk/id/country/scotland,,,
IV548YA,http://data.ordnancesurvey.co.uk/id/postcodeunit/IV548YA,IV54 8YA,,,,other,Postcode,190390.000,839957.000,3500,18000,,,,,,,Lochcarron,http://data.ordnancesurvey.co.uk/id/4000000074573049,http://www.ordnancesurvey.co.uk/xml/codelists/localtype.xml#village,,,,Highland,http://data.ordnancesurvey.co.uk/id/7000000000029638,http://data.ordnancesurvey.co.uk/ontology/admingeo/UnitaryAuthority,Scotland,http://data.ordnancesurvey.co.uk/id/7000000000041429,Scotland,http://data.ordnancesurvey.co.uk/id/country/scotland,,,
IV548YD,http://data.ordnancesurvey.co.uk/id/postcodeunit/IV548YD,IV54 8YD,,,,other,Postcode,189965.000,839672.000,3500,18000,,,,,,,Lochcarron,http://data.ordnancesurvey.co.uk/id/4000000074573049,http://www.ordnancesurvey.co.uk/xml/codelists/localtype.xml#village,,,,Highland,http://data.ordnancesurvey.co.uk/id/7000000000029638,http://data.ordnancesurvey.co.uk/ontology/admingeo/UnitaryAuthority,Scotland,http://data.ordnancesurvey.co.uk/id/7000000000041429,Scotland,http://data.ordnancesurvey.co.uk/id/country/scotland,,,
IV538UN,http://data.ordnancesurvey.co.uk/id/postcodeunit/IV538UN,IV53 8UN,,,,other,Postcode,185626.000,833510.000,3500,18000,,,,,,,Achmore,http://data.ordnancesurvey.co.uk/id/4000000074572708,http://www.ordnancesurvey.co.uk/xml/codelists/localtype.xml#village,,,,Highland,http://data.ordnancesurvey.co.uk/id/7000000000029638,http://data.ordnancesurvey.co.uk/ontology/admingeo/UnitaryAuthority,Scotland,http://data.ordnancesurvey.co.uk/id/7000000000041429,Scotland,http://data.ordnancesurvey.co.uk/id/country/scotland,,,
IV408EW,http://data.ordnancesurvey.co.uk/id/postcodeunit/IV408EW,IV40 8EW,,,,other,Postcode,188814.000,827043.000,3500,18000,,,,,,,,,,,,,Highland,http://data.ordnancesurvey.co.uk/id/7000000000029638,http://data.ordnancesurvey.co.uk/ontology/admingeo/UnitaryAuthority,Scotland,http://data.ordnancesurvey.co.uk/id/7000000000041429,Scotland,http://data.ordnancesurvey.co.uk/id/country/scotland,,,
IV408EP,http://data.ordnancesurvey.co.uk/id/postcodeunit/IV408EP,IV40 8EP,,,,other,Postcode,188937.000,827207.000,3500,18000,,,,,,,,,,,,,Highland,http://data.ordnancesurvey.co.uk/id/7000000000029638,http://data.ordnancesurvey.co.uk/ontology/admingeo/UnitaryAuthority,Scotland,http://data.ordnancesurvey.co.uk/id/7000000000041429,Scotland,http://data.ordnancesurvey.co.uk/id/country/scotland,,,
IV408HB,http://data.ordnancesurvey.co.uk/id/postcodeunit/IV408HB,IV40 8HB,,,,other,Postcode,191336.000,822307.000,3500,18000,,,,,,,Inverinate,http://data.ordnancesurvey.co.uk/id/4000000074570255,http://www.ordnancesurvey.co.uk/xml/codelists/localtype.xml#village,,,,Highland,http://data.ordnancesurvey.co.uk/id/7000000000029638,http://data.ordnancesurvey.co.uk/ontology/admingeo/UnitaryAuthority,Scotland,http://data.ordnancesurvey.co.uk/id/7000000000041429,Scotland,http://data.ordnancesurvey.co.uk/id/country/scotland,,,
IV408DX,http://data.ordnancesurvey.co.uk/id/postcodeunit/IV408DX,IV40 8DX,,,,other,Postcode,188276.000,826169.000,3500,18000,,,,,,,Dornie,http://data.ordnancesurvey.co.uk/id/4000000074571690,http://www.ordnancesurvey.co.uk/xml/codelists/localtype.xml#village,,,,Highland,http://data.ordnancesurvey.co.uk/id/7000000000029638,http://data.ordnancesurvey.co.uk/ontology/admingeo/UnitaryAuthority,Scotland,http://data.ordnancesurvey.co.uk/id/7000000000041429,Scotland,http://data.ordnancesurvey.co.uk/id/country/scotland,,,
IV548YQ,http://data.ordnancesurvey.co.uk/id/postcodeunit/IV548YQ,IV54 8YQ,,,,other,Postcode,189126.000,838780.000,3500,18000,,,,,,,Lochcarron,http://data.ordnancesurvey.co.uk/id/4000000074573049,http://www.ordnancesurvey.co.uk/xml/codelists/localtype.xml#village,,,,Highland,http://data.ordnancesurvey.co.uk/id/7000000000029638,http://data.ordnancesurvey.co.uk/ontology/admingeo/UnitaryAuthority,Scotland,http://data.ordnancesurvey.co.uk/id/7000000000041429,Scotland,http://data.ordnancesurvey.co.uk/id/country/scotland,,,
IV408HG,http://data.ordnancesurvey.co.uk/id/postcodeunit/IV408HG,IV40 8HG,,,,other,Postcode,195891.000,821556.000,3500,18000,,,,,,,,,,,,,Highland,http://data.ordnancesurvey.co.uk/id/7000000000029638,http://data.ordnancesurvey.co.uk/ontology/admingeo/UnitaryAuthority,Scotland,http://data.ordnancesurvey.co.uk/id/7000000000041429,Scotland,http://data.ordnancesurvey.co.uk/id/country/scotland,,,
IV528UB,http://data.ordnancesurvey.co.uk/id/postcodeunit/IV528UB,IV52 8UB,,,,other,Postcode,182315.000,833124.000,3500,18000,,,,,,,Craig,http://data.ordnancesurvey.co.uk/id/4000000074572703,http://www.ordnancesurvey.co.uk/xml/codelists/localtype.xml#hamlet,,,,Highland,http://data.ordnancesurvey.co.uk/id/7000000000029638,http://data.ordnancesurvey.co.uk/ontology/admingeo/UnitaryAuthority,Scotland,http://data.ordnancesurvey.co.uk/id/7000000000041429,Scotland,http://data.ordnancesurvey.co.uk/id/country/scotland,,,
IV408HP,http://data.ordnancesurvey.co.uk/id/postcodeunit/IV408HP,IV40 8HP,,,,other,Postcode,191751.000,820024.000,3500,18000,,,,,,,Ratagan,http://data.ordnancesurvey.co.uk/id/4000000074570254,http://www.ordnancesurvey.co.uk/xml/codelists/localtype.xml#village,,,,Highland,http://data.ordnancesurvey.co.uk/id/7000000000029638,http://data.ordnancesurvey.co.uk/ontology/admingeo/UnitaryAuthority,Scotland,http://data.ordnancesurvey.co.uk/id/7000000000041429,Scotland,http://data.ordnancesurvey.co.uk/id/country/scotland,,,
IV408ER,http://data.ordnancesurvey.co.uk/id/postcodeunit/IV408ER,IV40 8ER,,,,other,Postcode,189090.000,827284.000,3500,18000,,,,,,,,,,,,,Highland,http://data.ordnancesurvey.co.uk/id/7000000000029638,http://data.ordnancesurvey.co.uk/ontology/admingeo/UnitaryAuthority,Scotland,http://data.ordnancesurvey.co.uk/id/7000000000041429,Scotland,http://data.ordnancesurvey.co.uk/id/country/scotland,,,
IV538UP,http://data.ordnancesurvey.co.uk/id/postcodeunit/IV538UP,IV53 8UP,,,,other,Postcode,186489.000,832473.000,3500,18000,,,,,,,Braeintra,http://data.ordnancesurvey.co.uk/id/4000000074572365,http://www.ordnancesurvey.co.uk/xml/codelists/localtype.xml#otherSettlement,,,,Highland,http://data.ordnancesurvey.co.uk/id/7000000000029638,http://data.ordnancesurvey.co.uk/ontology/admingeo/UnitaryAuthority,Scotland,http://data.ordnancesurvey.co.uk/id/7000000000041429,Scotland,http://data.ordnancesurvey.co.uk/id/country/scotland,,,
IV408FE,http://data.ordnancesurvey.co.uk/id/postcodeunit/IV408FE,IV40 8FE,,,,other,Postcode,181615.000,827171.000,3500,18000,,,,,,,Reraig,http://data.ordnancesurvey.co.uk/id/4000000074572360,http://www.ordnancesurvey.co.uk/xml/codelists/localtype.xml#village,,,,Highland,http://data.ordnancesurvey.co.uk/id/7000000000029638,http://data.ordnancesurvey.co.uk/ontology/admingeo/UnitaryAuthority,Scotland,http://data.ordnancesurvey.co.uk/id/7000000000041429,Scotland,http://data.ordnancesurvey.co.uk/id/country/scotland,,,
IV528TS,http://data.ordnancesurvey.co.uk/id/postcodeunit/IV528TS,IV52 8TS,,,,other,Postcode,180222.000,833869.000,3500,18000,,,,,,,Am Ploc / Plockton,http://data.ordnancesurvey.co.uk/id/4000000074542610,http://www.ordnancesurvey.co.uk/xml/codelists/localtype.xml#village,,,,Highland,http://data.ordnancesurvey.co.uk/id/7000000000029638,http://data.ordnancesurvey.co.uk/ontology/admingeo/UnitaryAuthority,Scotland,http://data.ordnancesurvey.co.uk/id/7000000000041429,Scotland,http://data.ordnancesurvey.co.uk/id/country/scotland,,,
IV548YL,http://data.ordnancesurvey.co.uk/id/postcodeunit/IV548YL,IV54 8YL,,,,other,Postcode,183720.000,835320.000,3500,18000,,,,,,,Ardaneaskan,http://data.ordnancesurvey.co.uk/id/4000000074572704,http://www.ordnancesurvey.co.uk/xml/codelists/localtype.xml#hamlet,,,,Highland,http://data.ordnancesurvey.co.uk/id/7000000000029638,http://data.ordnancesurvey.co.uk/ontology/admingeo/UnitaryAuthority,Scotland,http://data.ordnancesurvey.co.uk/id/7000000000041429,Scotland,http://data.ordnancesurvey.co.uk/id/country/scotland,,,
IV408HT,http://data.ordnancesurvey.co.uk/id/postcodeunit/IV408HT,IV40 8HT,,,,other,Postcode,188422.000,823631.000,3500,18000,,,,,,,Letterfearn,http://data.ordnancesurvey.co.uk/id/4000000074570256,http://www.ordnancesurvey.co.uk/xml/codelists/localtype.xml#otherSettlement,,,,Highland,http://data.ordnancesurvey.co.uk/id/7000000000029638,http://data.ordnancesurvey.co.uk/ontology/admingeo/UnitaryAuthority,Scotland,http://data.ordnancesurvey.co.uk/id/7000000000041429,Scotland,http://data.ordnancesurvey.co.uk/id/country/scotland,,,
IV408FA,http://data.ordnancesurvey.co.uk/id/postcodeunit/IV408FA,IV40 8FA,,,,other,Postcode,180744.000,828356.000,3500,18000,,,,,,,Balmacara,http://data.ordnancesurvey.co.uk/id/4000000074572361,http://www.ordnancesurvey.co.uk/xml/codelists/localtype.xml#village,,,,Highland,http://data.ordnancesurvey.co.uk/id/7000000000029638,http://data.ordnancesurvey.co.uk/ontology/admingeo/UnitaryAuthority,Scotland,http://data.ordnancesurvey.co.uk/id/7000000000041429,Scotland,http://data.ordnancesurvey.co.uk/id/country/scotland,,,
IV408FB,http://data.ordnancesurvey.co.uk/id/postcodeunit/IV408FB,IV40 8FB,,,,other,Postcode,188276.000,826474.000,3500,18000,,,,,,,Dornie,http://data.ordnancesurvey.co.uk/id/4000000074571690,http://www.ordnancesurvey.co.uk/xml/codelists/localtype.xml#village,,,,Highland,http://data.ordnancesurvey.co.uk/id/7000000000029638,http://data.ordnancesurvey.co.uk/ontology/admingeo/UnitaryAuthority,Scotland,http://data.ordnancesurvey.co.uk/id/7000000000041429,Scotland,http://data.ordnancesurvey.co.uk/id/country/scotland,,,
IV408ET,http://data.ordnancesurvey.co.uk/id/postcodeunit/IV408ET,IV40 8ET,,,,other,Postcode,189475.000,827559.000,3500,18000,,,,,,,Bundalloch,http://data.ordnancesurvey.co.uk/id/4000000074572038,http://www.ordnancesurvey.co.uk/xml/codelists/localtype.xml#hamlet,,,,Highland,http://data.ordnancesurvey.co.uk/id/7000000000029638,http://data.ordnancesurvey.co.uk/ontology/admingeo/UnitaryAuthority,Scotland,http://data.ordnancesurvey.co.uk/id/7000000000041429,Scotland,http://data.ordnancesurvey.co.uk/id/country/scotland,,,
IV548XB,http://data.ordnancesurvey.co.uk/id/postcodeunit/IV548XB,IV54 8XB,,,,other,Postcode,183855.000,838705.000,3500,18000,,,,,,,Achantraid / Achintraid,http://data.ordnancesurvey.co.uk/id/4000000074543044,http://www.ordnancesurvey.co.uk/xml/codelists/localtype.xml#village,,,,Highland,http://data.ordnancesurvey.co.uk/id/7000000000029638,http://data.ordnancesurvey.co.uk/ontology/admingeo/UnitaryAuthority,Scotland,http://data.ordnancesurvey.co.uk/id/7000000000041429,Scotland,http://data.ordnancesurvey.co.uk/id/country/scotland,,,
IV538UH,http://data.ordnancesurvey.co.uk/id/postcodeunit/IV538UH,IV53 8UH,,,,other,Postcode,186586.000,834582.000,3500,18000,,,,,,,Strome Ferry,http://data.ordnancesurvey.co.uk/id/4000000074337558,http://www.ordnancesurvey.co.uk/xml/codelists/localtype.xml#hamlet,,,,Highland,http://data.ordnancesurvey.co.uk/id/7000000000029638,http://data.ordnancesurvey.co.uk/ontology/admingeo/UnitaryAuthority,Scotland,http://data.ordnancesurvey.co.uk/id/7000000000041429,Scotland,http://data.ordnancesurvey.co.uk/id/country/scotland,,,
IV538UR,http://data.ordnancesurvey.co.uk/id/postcodeunit/IV538UR,IV53 8UR,,,,other,Postcode,185028.000,833493.000,3500,18000,,,,,,,Achmore,http://data.ordnancesurvey.co.uk/id/4000000074572708,http://www.ordnancesurvey.co.uk/xml/codelists/localtype.xml#village,,,,Highland,http://data.ordnancesurvey.co.uk/id/7000000000029638,http://data.ordnancesurvey.co.uk/ontology/admingeo/UnitaryAuthority,Scotland,http://data.ordnancesurvey.co.uk/id/7000000000041429,Scotland,http://data.ordnancesurvey.co.uk/id/country/scotland,,,
IV528TP,http://data.ordnancesurvey.co.uk/id/postcodeunit/IV528TP,IV52 8TP,,,,other,Postcode,180246.000,833222.000,3500,18000,,,,,,,Am Ploc / Plockton,http://data.ordnancesurvey.co.uk/id/4000000074542610,http://www.ordnancesurvey.co.uk/xml/codelists/localtype.xml#village,,,,Highland,http://data.ordnancesurvey.co.uk/id/7000000000029638,http://data.ordnancesurvey.co.uk/ontology/admingeo/UnitaryAuthority,Scotland,http://data.ordnancesurvey.co.uk/id/7000000000041429,Scotland,http://data.ordnancesurvey.co.uk/id/country/scotland,,,
IV528TN,http://data.ordnancesurvey.co.uk/id/postcodeunit/IV528TN,IV52 8TN,,,,other,Postcode,180394.000,833566.000,3500,18000,,,,,,,Am Ploc / Plockton,http://data.ordnancesurvey.co.uk/id/4000000074542610,http://www.ordnancesurvey.co.uk/xml/codelists/localtype.xml#village,,,,Highland,http://data.ordnancesurvey.co.uk/id/7000000000029638,http://data.ordnancesurvey.co.uk/ontology/admingeo/UnitaryAuthority,Scotland,http://data.ordnancesurvey.co.uk/id/7000000000041429,Scotland,http://data.ordnancesurvey.co.uk/id/country/scotland,,,
IV548YP,http://data.ordnancesurvey.co.uk/id/postcodeunit/IV548YP,IV54 8YP,,,,other,Postcode,189469.000,839316.000,3500,18000,,,,,,,Lochcarron,http://data.ordnancesurvey.co.uk/id/4000000074573049,http://www.ordnancesurvey.co.uk/xml/codelists/localtype.xml#village,,,,Highland,http://data.ordnancesurvey.co.uk/id/7000000000029638,http://data.ordnancesurvey.co.uk/ontology/admingeo/UnitaryAuthority,Scotland,http://data.ordnancesurvey.co.uk/id/7000000000041429,Scotland,http://data.ordnancesurvey.co.uk/id/country/scotland,,,
IV408EH,http://data.ordnancesurvey.co.uk/id/postcodeunit/IV408EH,IV40 8EH,,,,other,Postcode,188289.000,826690.000,3500,18000,,,,,,,Dornie,http://data.ordnancesurvey.co.uk/id/4000000074571690,http://www.ordnancesurvey.co.uk/xml/codelists/localtype.xml#village,,,,Highland,http://data.ordnancesurvey.co.uk/id/7000000000029638,http://data.ordnancesurvey.co.uk/ontology/admingeo/UnitaryAuthority,Scotland,http://data.ordnancesurvey.co.uk/id/7000000000041429,Scotland,http://data.ordnancesurvey.co.uk/id/country/scotland,,,
IV408HS,http://data.ordnancesurvey.co.uk/id/postcodeunit/IV408HS,IV40 8HS,,,,other,Postcode,189585.000,822010.000,3500,18000,,,,,,,Leachachan,http://data.ordnancesurvey.co.uk/id/4000000074337885,http://www.ordnancesurvey.co.uk/xml/codelists/localtype.xml#hamlet,,,,Highland,http://data.ordnancesurvey.co.uk/id/7000000000029638,http://data.ordnancesurvey.co.uk/ontology/admingeo/UnitaryAuthority,Scotland,http://data.ordnancesurvey.co.uk/id/7000000000041429,Scotland,http://data.ordnancesurvey.co.uk/id/country/scotland,,,
IV528TQ,http://data.ordnancesurvey.co.uk/id/postcodeunit/IV528TQ,IV52 8TQ,,,,other,Postcode,180387.000,833887.000,3500,18000,,,,,,,Am Ploc / Plockton,http://data.ordnancesurvey.co.uk/id/4000000074542610,http://www.ordnancesurvey.co.uk/xml/codelists/localtype.xml#village,,,,Highland,http://data.ordnancesurvey.co.uk/id/7000000000029638,http://data.ordnancesurvey.co.uk/ontology/admingeo/UnitaryAuthority,Scotland,http://data.ordnancesurvey.co.uk/id/7000000000041429,Scotland,http://data.ordnancesurvey.co.uk/id/country/scotland,,,
IV408ES,http://data.ordnancesurvey.co.uk/id/postcodeunit/IV408ES,IV40 8ES,,,,other,Postcode,189144.000,827361.000,3500,18000,,,,,,,,,,,,,Highland,http://data.ordnancesurvey.co.uk/id/7000000000029638,http://data.ordnancesurvey.co.uk/ontology/admingeo/UnitaryAuthority,Scotland,http://data.ordnancesurvey.co.uk/id/7000000000041429,Scotland,http://data.ordnancesurvey.co.uk/id/country/scotland,,,
IV548AG,http://data.ordnancesurvey.co.uk/id/postcodeunit/IV548AG,IV54 8AG,,,,other,Postcode,189610.000,839360.000,3500,18000,,,,,,,Lochcarron,http://data.ordnancesurvey.co.uk/id/4000000074573049,http://www.ordnancesurvey.co.uk/xml/codelists/localtype.xml#village,,,,Highland,http://data.ordnancesurvey.co.uk/id/7000000000029638,http://data.ordnancesurvey.co.uk/ontology/admingeo/UnitaryAuthority,Scotland,http://data.ordnancesurvey.co.uk/id/7000000000041429,Scotland,http://data.ordnancesurvey.co.uk/id/country/scotland,,,
IV408EF,http://data.ordnancesurvey.co.uk/id/postcodeunit/IV408EF,IV40 8EF,,,,other,Postcode,189028.000,827236.000,3500,18000,,,,,,,,,,,,,Highland,http://data.ordnancesurvey.co.uk/id/7000000000029638,http://data.ordnancesurvey.co.uk/ontology/admingeo/UnitaryAuthority,Scotland,http://data.ordnancesurvey.co.uk/id/7000000000041429,Scotland,http://data.ordnancesurvey.co.uk/id/country/scotland,,,
IV538UX,http://data.ordnancesurvey.co.uk/id/postcodeunit/IV538UX,IV53 8UX,,,,other,Postcode,187943.000,832876.000,3500,18000,,,,,,,,,,,,,Highland,http://data.ordnancesurvey.co.uk/id/7000000000029638,http://data.ordnancesurvey.co.uk/ontology/admingeo/UnitaryAuthority,Scotland,http://data.ordnancesurvey.co.uk/id/7000000000041429,Scotland,http://data.ordnancesurvey.co.uk/id/country/scotland,,,
IV528TG,http://data.ordnancesurvey.co.uk/id/postcodeunit/IV528TG,IV52 8TG,,,,other,Postcode,180508.000,833798.000,3500,18000,,,,,,,Am Ploc / Plockton,http://data.ordnancesurvey.co.uk/id/4000000074542610,http://www.ordnancesurvey.co.uk/xml/codelists/localtype.xml#village,,,,Highland,http://data.ordnancesurvey.co.uk/id/7000000000029638,http://data.ordnancesurvey.co.uk/ontology/admingeo/UnitaryAuthority,Scotland,http://data.ordnancesurvey.co.uk/id/7000000000041429,Scotland,http://data.ordnancesurvey.co.uk/id/country/scotland,,,
IV408EQ,http://data.ordnancesurvey.co.uk/id/postcodeunit/IV408EQ,IV40 8EQ,,,,other,Postcode,185241.000,826593.000,3500,18000,,,,,,,Avernish,http://data.ordnancesurvey.co.uk/id/4000000074542994,http://www.ordnancesurvey.co.uk/xml/codelists/localtype.xml#otherSettlement,,,,Highland,http://data.ordnancesurvey.co.uk/id/7000000000029638,http://data.ordnancesurvey.co.uk/ontology/admingeo/UnitaryAuthority,Scotland,http://data.ordnancesurvey.co.uk/id/7000000000041429,Scotland,http://data.ordnancesurvey.co.uk/id/country/scotland,,,
IV528TH,http://data.ordnancesurvey.co.uk/id/postcodeunit/IV528TH,IV52 8TH,,,,other,Postcode,180448.000,833870.000,3500,18000,,,,,,,Am Ploc / Plockton,http://data.ordnancesurvey.co.uk/id/4000000074542610,http://www.ordnancesurvey.co.uk/xml/codelists/localtype.xml#village,,,,Highland,http://data.ordnancesurvey.co.uk/id/7000000000029638,http://data.ordnancesurvey.co.uk/ontology/admingeo/UnitaryAuthority,Scotland,http://data.ordnancesurvey.co.uk/id/7000000000041429,Scotland,http://data.ordnancesurvey.co.uk/id/country/scotland,,,
IV408HA,http://data.ordnancesurvey.co.uk/id/postcodeunit/IV408HA,IV40 8HA,,,,other,Postcode,189396.000,824841.000,3500,18000,,,,,,,,,,,,,Highland,http://data.ordnancesurvey.co.uk/id/7000000000029638,http://data.ordnancesurvey.co.uk/ontology/admingeo/UnitaryAuthority,Scotland,http://data.ordnancesurvey.co.uk/id/7000000000041429,Scotland,http://data.ordnancesurvey.co.uk/id/country/scotland,,,
IV408EB,http://data.ordnancesurvey.co.uk/id/postcodeunit/IV408EB,IV40 8EB,,,,other,Postcode,194516.000,830312.000,3500,18000,,,,,,,Killilan,http://data.ordnancesurvey.co.uk/id/4000000074571689,http://www.ordnancesurvey.co.uk/xml/codelists/localtype.xml#otherSettlement,,,,Highland,http://data.ordnancesurvey.co.uk/id/7000000000029638,http://data.ordnancesurvey.co.uk/ontology/admingeo/UnitaryAuthority,Scotland,http://data.ordnancesurvey.co.uk/id/7000000000041429,Scotland,http://data.ordnancesurvey.co.uk/id/country/scotland,,,
IV408DS,http://data.ordnancesurvey.co.uk/id/postcodeunit/IV408DS,IV40 8DS,,,,other,Postcode,195361.000,828636.000,3500,18000,,,,,,,,,,,,,Highland,http://data.ordnancesurvey.co.uk/id/7000000000029638,http://data.ordnancesurvey.co.uk/ontology/admingeo/UnitaryAuthority,Scotland,http://data.ordnancesurvey.co.uk/id/7000000000041429,Scotland,http://data.ordnancesurvey.co.uk/id/country/scotland,,,
IV538UW,http://data.ordnancesurvey.co.uk/id/postcodeunit/IV538UW,IV53 8UW,,,,other,Postcode,184867.000,833868.000,3500,18000,,,,,,,Achmore,http://data.ordnancesurvey.co.uk/id/4000000074572708,http://www.ordnancesurvey.co.uk/xml/codelists/localtype.xml#village,,,,Highland,http://data.ordnancesurvey.co.uk/id/7000000000029638,http://data.ordnancesurvey.co.uk/ontology/admingeo/UnitaryAuthority,Scotland,http://data.ordnancesurvey.co.uk/id/7000000000041429,Scotland,http://data.ordnancesurvey.co.uk/id/country/scotland,,,
IV548YE,http://data.ordnancesurvey.co.uk/id/postcodeunit/IV548YE,IV54 8YE,,,,other,Postcode,189868.000,839559.000,3500,18000,,,,,,,Lochcarron,http://data.ordnancesurvey.co.uk/id/4000000074573049,http://www.ordnancesurvey.co.uk/xml/codelists/localtype.xml#village,,,,Highland,http://data.ordnancesurvey.co.uk/id/7000000000029638,http://data.ordnancesurvey.co.uk/ontology/admingeo/UnitaryAuthority,Scotland,http://data.ordnancesurvey.co.uk/id/7000000000041429,Scotland,http://data.ordnancesurvey.co.uk/id/country/scotland,,,
IV408HN,http://data.ordnancesurvey.co.uk/id/postcodeunit/IV408HN,IV40 8HN,,,,other,Postcode,194589.000,820324.000,3500,18000,,,,,,,Allt a' Chruinn,http://data.ordnancesurvey.co.uk/id/4000000074542542,http://www.ordnancesurvey.co.uk/xml/codelists/localtype.xml#hamlet,,,,Highland,http://data.ordnancesurvey.co.uk/id/7000000000029638,http://data.ordnancesurvey.co.uk/ontology/admingeo/UnitaryAuthority,Scotland,http://data.ordnancesurvey.co.uk/id/7000000000041429,Scotland,http://data.ordnancesurvey.co.uk/id/country/scotland,,,
IV408EU,http://data.ordnancesurvey.co.uk/id/postcodeunit/IV408EU,IV40 8EU,,,,other,Postcode,189603.000,827666.000,3500,18000,,,,,,,Bundalloch,http://data.ordnancesurvey.co.uk/id/4000000074572038,http://www.ordnancesurvey.co.uk/xml/codelists/localtype.xml#hamlet,,,,Highland,http://data.ordnancesurvey.co.uk/id/7000000000029638,http://data.ordnancesurvey.co.uk/ontology/admingeo/UnitaryAuthority,Scotland,http://data.ordnancesurvey.co.uk/id/7000000000041429,Scotland,http://data.ordnancesurvey.co.uk/id/country/scotland,,,
IV538UY,http://data.ordnancesurvey.co.uk/id/postcodeunit/IV538UY,IV53 8UY,,,,other,Postcode,188839.000,835601.000,3500,18000,,,,,,,Ardnarff,http://data.ordnancesurvey.co.uk/id/4000000074572040,http://www.ordnancesurvey.co.uk/xml/codelists/localtype.xml#otherSettlement,,,,Highland,http://data.ordnancesurvey.co.uk/id/7000000000029638,http://data.ordnancesurvey.co.uk/ontology/admingeo/UnitaryAuthority,Scotland,http://data.ordnancesurvey.co.uk/id/7000000000041429,Scotland,http://data.ordnancesurvey.co.uk/id/country/scotland,,,
IV528TY,http://data.ordnancesurvey.co.uk/id/postcodeunit/IV528TY,IV52 8TY,,,,other,Postcode,180343.000,831275.000,3500,18000,,,,,,,Achnandarach,http://data.ordnancesurvey.co.uk/id/4000000074572705,http://www.ordnancesurvey.co.uk/xml/codelists/localtype.xml#hamlet,,,,Highland,http://data.ordnancesurvey.co.uk/id/7000000000029638,http://data.ordnancesurvey.co.uk/ontology/admingeo/UnitaryAuthority,Scotland,http://data.ordnancesurvey.co.uk/id/7000000000041429,Scotland,http://data.ordnancesurvey.co.uk/id/country/scotland,,,
IV408DP,http://data.ordnancesurvey.co.uk/id/postcodeunit/IV408DP,IV40 8DP,,,,other,Postcode,180448.000,828265.000,3500,18000,,,,,,,Balmacara,http://data.ordnancesurvey.co.uk/id/4000000074572361,http://www.ordnancesurvey.co.uk/xml/codelists/localtype.xml#village,,,,Highland,http://data.ordnancesurvey.co.uk/id/7000000000029638,http://data.ordnancesurvey.co.uk/ontology/admingeo/UnitaryAuthority,Scotland,http://data.ordnancesurvey.co.uk/id/7000000000041429,Scotland,http://data.ordnancesurvey.co.uk/id/country/scotland,,,
IV408DH,http://data.ordnancesurvey.co.uk/id/postcodeunit/IV408DH,IV40 8DH,,,,other,Postcode,181519.000,827164.000,3500,18000,,,,,,,Reraig,http://data.ordnancesurvey.co.uk/id/4000000074572360,http://www.ordnancesurvey.co.uk/xml/codelists/localtype.xml#village,,,,Highland,http://data.ordnancesurvey.co.uk/id/7000000000029638,http://data.ordnancesurvey.co.uk/ontology/admingeo/UnitaryAuthority,Scotland,http://data.ordnancesurvey.co.uk/id/7000000000041429,Scotland,http://data.ordnancesurvey.co.uk/id/country/scotland,,,
IV408HQ,http://data.ordnancesurvey.co.uk/id/postcodeunit/IV408HQ,IV40 8HQ,,,,other,Postcode,196367.000,820900.000,3500,18000,,,,,,,Morvich,http://data.ordnancesurvey.co.uk/id/4000000074569908,http://www.ordnancesurvey.co.uk/xml/codelists/localtype.xml#hamlet,,,,Highland,http://data.ordnancesurvey.co.uk/id/7000000000029638,http://data.ordnancesurvey.co.uk/ontology/admingeo/UnitaryAuthority,Scotland,http://data.ordnancesurvey.co.uk/id/7000000000041429,Scotland,http://data.ordnancesurvey.co.uk/id/country/scotland,,,
IV408LA,http://data.ordnancesurvey.co.uk/id/postcodeunit/IV408LA,IV40 8LA,,,,other,Postcode,184973.000,820041.000,3500,18000,,,,,,,Glen More,http://data.ordnancesurvey.co.uk/id/4000000074337943,http://www.ordnancesurvey.co.uk/xml/codelists/localtype.xml#otherSettlement,,,,Highland,http://data.ordnancesurvey.co.uk/id/7000000000029638,http://data.ordnancesurvey.co.uk/ontology/admingeo/UnitaryAuthority,Scotland,http://data.ordnancesurvey.co.uk/id/7000000000041429,Scotland,http://data.ordnancesurvey.co.uk/id/country/scotland,,,
IV408EA,http://data.ordnancesurvey.co.uk/id/postcodeunit/IV408EA,IV40 8EA,,,,other,Postcode,194709.000,828313.000,3500,18000,,,,,,,Camas-luinie,http://data.ordnancesurvey.co.uk/id/4000000074571688,http://www.ordnancesurvey.co.uk/xml/codelists/localtype.xml#hamlet,,,,Highland,http://data.ordnancesurvey.co.uk/id/7000000000029638,http://data.ordnancesurvey.co.uk/ontology/admingeo/UnitaryAuthority,Scotland,http://data.ordnancesurvey.co.uk/id/7000000000041429,Scotland,http://data.ordnancesurvey.co.uk/id/country/scotland,,,
IV548AA,http://data.ordnancesurvey.co.uk/id/postcodeunit/IV548AA,IV54 8AA,,,,other,Postcode,189648.000,839361.000,3500,18000,,,,,,,Lochcarron,http://data.ordnancesurvey.co.uk/id/4000000074573049,http://www.ordnancesurvey.co.uk/xml/codelists/localtype.xml#village,,,,Highland,http://data.ordnancesurvey.co.uk/id/7000000000029638,http://data.ordnancesurvey.co.uk/ontology/admingeo/UnitaryAuthority,Scotland,http://data.ordnancesurvey.co.uk/id/7000000000041429,Scotland,http://data.ordnancesurvey.co.uk/id/country/scotland,,,
IV528TZ,http://data.ordnancesurvey.co.uk/id/postcodeunit/IV528TZ,IV52 8TZ,,,,other,Postcode,181409.000,833005.000,3500,18000,,,,,,,,,,,,,Highland,http://data.ordnancesurvey.co.uk/id/7000000000029638,http://data.ordnancesurvey.co.uk/ontology/admingeo/UnitaryAuthority,Scotland,http://data.ordnancesurvey.co.uk/id/7000000000041429,Scotland,http://data.ordnancesurvey.co.uk/id/country/scotland,,,
IV408EY,http://data.ordnancesurvey.co.uk/id/postcodeunit/IV408EY,IV40 8EY,,,,other,Postcode,187005.000,826867.000,3500,18000,,,,,,,Ardelve,http://data.ordnancesurvey.co.uk/id/4000000074572041,http://www.ordnancesurvey.co.uk/xml/codelists/localtype.xml#village,,,,Highland,http://data.ordnancesurvey.co.uk/id/7000000000029638,http://data.ordnancesurvey.co.uk/ontology/admingeo/UnitaryAuthority,Scotland,http://data.ordnancesurvey.co.uk/id/7000000000041429,Scotland,http://data.ordnancesurvey.co.uk/id/country/scotland,,,
osgb5000005180713965,http://data.ordnancesurvey.co.uk/id/5000005180713965,An Taigh-Bainne,gla,The Dairy,eng,transportNetwork,Named Road,180741.951,828328.557,1000,20000,180703.025,828293.813,180752.928,828381.172,IV40,http://data.ordnancesurvey.co.uk/id/postcodedistrict/IV40,Balmacara,http://data.ordnancesurvey.co.uk/id/4000000074572361,http://www.ordnancesurvey.co.uk/xml/codelists/localtype.xml#village,,,,Highland,http://data.ordnancesurvey.co.uk/id/7000000000029638,http://data.ordnancesurvey.co.uk/ontology/admingeo/UnitaryAuthority,Scotland,http://data.ordnancesurvey.co.uk/id/7000000000041429,Scotland,http://data.ordnancesurvey.co.uk/id/country/scotland,,,
osgb4000000003445947,http://data.ordnancesurvey.co.uk/id/4000000003445947,Finlayson Road,,,,transportNetwork,Named Road,180573.000,828374.000,1000,20000,180516.000,828346.340,180609.602,828407.858,IV40,http://data.ordnancesurvey.co.uk/id/postcodedistrict/IV40,Balmacara,http://data.ordnancesurvey.co.uk/id/4000000074572361,http://www.ordnancesurvey.co.uk/xml/codelists/localtype.xml#village,,,,Highland,http://data.ordnancesurvey.co.uk/id/7000000000029638,http://data.ordnancesurvey.co.uk/ontology/admingeo/UnitaryAuthority,Scotland,http://data.ordnancesurvey.co.uk/id/7000000000041429,Scotland,http://data.ordnancesurvey.co.uk/id/country/scotland,,,
osgb4000000003445810,http://data.ordnancesurvey.co.uk/id/4000000003445810,Cooper Street,,,,transportNetwork,Named Road,180664.000,833779.000,2000,20000,180519.713,833763.256,180760.000,833805.000,IV52,http://data.ordnancesurvey.co.uk/id/postcodedistrict/IV52,Am Ploc / Plockton,http://data.ordnancesurvey.co.uk/id/4000000074542610,http://www.ordnancesurvey.co.uk/xml/codelists/localtype.xml#village,,,,Highland,http://data.ordnancesurvey.co.uk/id/7000000000029638,http://data.ordnancesurvey.co.uk/ontology/admingeo/UnitaryAuthority,Scotland,http://data.ordnancesurvey.co.uk/id/7000000000041429,Scotland,http://data.ordnancesurvey.co.uk/id/country/scotland,,,
osgb5000005180685326,http://data.ordnancesurvey.co.uk/id/5000005180685326,Grant Road,,,,transportNetwork,Named Road,181611.392,827195.119,1000,20000,181577.672,827182.948,181643.671,827211.406,IV40,http://data.ordnancesurvey.co.uk/id/postcodedistrict/IV40,Reraig,http://data.ordnancesurvey.co.uk/id/4000000074572360,http://www.ordnancesurvey.co.uk/xml/codelists/localtype.xml#village,,,,Highland,http://data.ordnancesurvey.co.uk/id/7000000000029638,http://data.ordnancesurvey.co.uk/ontology/admingeo/UnitaryAuthority,Scotland,http://data.ordnancesurvey.co.uk/id/7000000000041429,Scotland,http://data.ordnancesurvey.co.uk/id/country/scotland,,,
osgb5000005100262088,http://data.ordnancesurvey.co.uk/id/5000005100262088,Rathad an Àite Mhòir,gla,Aitemore Road,eng,transportNetwork,Named Road,188345.405,826521.992,1000,20000,188296.493,826464.670,188384.086,826587.385,IV40,http://data.ordnancesurvey.co.uk/id/postcodedistrict/IV40,,,,,,,Highland,http://data.ordnancesurvey.co.uk/id/7000000000029638,http://data.ordnancesurvey.co.uk/ontology/admingeo/UnitaryAuthority,Scotland,http://data.ordnancesurvey.co.uk/id/7000000000041429,Scotland,http://data.ordnancesurvey.co.uk/id/country/scotland,,,
osgb4000000003445812,http://data.ordnancesurvey.co.uk/id/4000000003445812,Church Street,,,,transportNetwork,Named Road,189540.299,839361.571,3000,20000,189359.000,839145.821,189713.000,839593.000,IV54,http://data.ordnancesurvey.co.uk/id/postcodedistrict/IV54,Lochcarron,http://data.ordnancesurvey.co.uk/id/4000000074573049,http://www.ordnancesurvey.co.uk/xml/codelists/localtype.xml#village,,,,Highland,http://data.ordnancesurvey.co.uk/id/7000000000029638,http://data.ordnancesurvey.co.uk/ontology/admingeo/UnitaryAuthority,Scotland,http://data.ordnancesurvey.co.uk/id/7000000000041429,Scotland,http://data.ordnancesurvey.co.uk/id/country/scotland,,,
osgb4000000003445919,http://data.ordnancesurvey.co.uk/id/4000000003445919,High Street,,,,transportNetwork,Named Road,186467.000,834655.000,1000,20000,186397.000,834633.664,186499.253,834684.000,IV53,http://data.ordnancesurvey.co.uk/id/postcodedistrict/IV53,Strome Ferry,http://data.ordnancesurvey.co.uk/id/4000000074337558,http://www.ordnancesurvey.co.uk/xml/codelists/localtype.xml#hamlet,,,,Highland,http://data.ordnancesurvey.co.uk/id/7000000000029638,http://data.ordnancesurvey.co.uk/ontology/admingeo/UnitaryAuthority,Scotland,http://data.ordnancesurvey.co.uk/id/7000000000041429,Scotland,http://data.ordnancesurvey.co.uk/id/country/scotland,,,
osgb4000000003445921,http://data.ordnancesurvey.co.uk/id/4000000003445921,Murray Square,,,,transportNetwork,Named Road,189870.299,839581.821,1000,20000,189854.299,839518.000,189893.000,839626.571,IV54,http://data.ordnancesurvey.co.uk/id/postcodedistrict/IV54,Lochcarron,http://data.ordnancesurvey.co.uk/id/4000000074573049,http://www.ordnancesurvey.co.uk/xml/codelists/localtype.xml#village,,,,Highland,http://data.ordnancesurvey.co.uk/id/7000000000029638,http://data.ordnancesurvey.co.uk/ontology/admingeo/UnitaryAuthority,Scotland,http://data.ordnancesurvey.co.uk/id/7000000000041429,Scotland,http://data.ordnancesurvey.co.uk/id/country/scotland,,,
osgb4000000003445805,http://data.ordnancesurvey.co.uk/id/4000000003445805,Helen Street,,,,transportNetwork,Named Road,189173.000,827413.000,2000,20000,189036.674,827299.426,189350.000,827427.000,IV40,http://data.ordnancesurvey.co.uk/id/postcodedistrict/IV40,,,,,,,Highland,http://data.ordnancesurvey.co.uk/id/7000000000029638,http://data.ordnancesurvey.co.uk/ontology/admingeo/UnitaryAuthority,Scotland,http://data.ordnancesurvey.co.uk/id/7000000000041429,Scotland,http://data.ordnancesurvey.co.uk/id/country/scotland,,,
osgb4000000003452304,http://data.ordnancesurvey.co.uk/id/4000000003452304,Francis Street,,,,transportNetwork,Named Road,188185.000,826413.000,2000,20000,188165.000,826259.000,188200.000,826568.784,IV40,http://data.ordnancesurvey.co.uk/id/postcodedistrict/IV40,Dornie,http://data.ordnancesurvey.co.uk/id/4000000074571690,http://www.ordnancesurvey.co.uk/xml/codelists/localtype.xml#village,,,,Highland,http://data.ordnancesurvey.co.uk/id/7000000000029638,http://data.ordnancesurvey.co.uk/ontology/admingeo/UnitaryAuthority,Scotland,http://data.ordnancesurvey.co.uk/id/7000000000041429,Scotland,http://data.ordnancesurvey.co.uk/id/country/scotland,,,
osgb4000000003445949,http://data.ordnancesurvey.co.uk/id/4000000003445949,Frithard Road,,,,transportNetwork,Named Road,180431.000,833912.000,1000,20000,180362.393,833903.443,180496.000,833931.000,IV52,http://data.ordnancesurvey.co.uk/id/postcodedistrict/IV52,Am Ploc / Plockton,http://data.ordnancesurvey.co.uk/id/4000000074542610,http://www.ordnancesurvey.co.uk/xml/codelists/localtype.xml#village,,,,Highland,http://data.ordnancesurvey.co.uk/id/7000000000029638,http://data.ordnancesurvey.co.uk/ontology/admingeo/UnitaryAuthority,Scotland,http://data.ordnancesurvey.co.uk/id/7000000000041429,Scotland,http://data.ordnancesurvey.co.uk/id/country/scotland,,,
osgb4000000003445806,http://data.ordnancesurvey.co.uk/id/4000000003445806,Mary Street,,,,transportNetwork,Named Road,189470.000,827559.000,2000,20000,189350.000,827397.000,189622.000,827698.000,IV40,http://data.ordnancesurvey.co.uk/id/postcodedistrict/IV40,Bundalloch,http://data.ordnancesurvey.co.uk/id/4000000074572038,http://www.ordnancesurvey.co.uk/xml/codelists/localtype.xml#hamlet,,,,Highland,http://data.ordnancesurvey.co.uk/id/7000000000029638,http://data.ordnancesurvey.co.uk/ontology/admingeo/UnitaryAuthority,Scotland,http://data.ordnancesurvey.co.uk/id/7000000000041429,Scotland,http://data.ordnancesurvey.co.uk/id/country/scotland,,,
osgb4000000003532576,http://data.ordnancesurvey.co.uk/id/4000000003532576,A87,,,,transportNetwork,Numbered Road,183810.000,827430.000,600000,1000000,138513.000,800704.000,230800.879,864145.865,IV40,http://data.ordnancesurvey.co.uk/id/postcodedistrict/IV40,Auchtertyre,http://data.ordnancesurvey.co.uk/id/4000000074572359,http://www.ordnancesurvey.co.uk/xml/codelists/localtype.xml#hamlet,,,,Highland,http://data.ordnancesurvey.co.uk/id/7000000000029638,http://data.ordnancesurvey.co.uk/ontology/admingeo/UnitaryAuthority,Scotland,http://data.ordnancesurvey.co.uk/id/7000000000041429,Scotland,http://data.ordnancesurvey.co.uk/id/country/scotland,,,
osgb4000000003445804,http://data.ordnancesurvey.co.uk/id/4000000003445804,Glebe Road,,,,transportNetwork,Named Road,193062.000,821205.000,2000,20000,192902.000,821161.350,193257.139,821287.000,IV40,http://data.ordnancesurvey.co.uk/id/postcodedistrict/IV40,Inverinate,http://data.ordnancesurvey.co.uk/id/4000000074570255,http://www.ordnancesurvey.co.uk/xml/codelists/localtype.xml#village,,,,Highland,http://data.ordnancesurvey.co.uk/id/7000000000029638,http://data.ordnancesurvey.co.uk/ontology/admingeo/UnitaryAuthority,Scotland,http://data.ordnancesurvey.co.uk/id/7000000000041429,Scotland,http://data.ordnancesurvey.co.uk/id/country/scotland,,,
osgb4000000003445809,http://data.ordnancesurvey.co.uk/id/4000000003445809,Camas An Arbhair,,,,transportNetwork,Named Road,180278.000,833892.000,1000,20000,180186.000,833828.316,180362.393,833905.000,IV52,http://data.ordnancesurvey.co.uk/id/postcodedistrict/IV52,Am Ploc / Plockton,http://data.ordnancesurvey.co.uk/id/4000000074542610,http://www.ordnancesurvey.co.uk/xml/codelists/localtype.xml#village,,,,Highland,http://data.ordnancesurvey.co.uk/id/7000000000029638,http://data.ordnancesurvey.co.uk/ontology/admingeo/UnitaryAuthority,Scotland,http://data.ordnancesurvey.co.uk/id/7000000000041429,Scotland,http://data.ordnancesurvey.co.uk/id/country/scotland,,,
osgb4000000003445881,http://data.ordnancesurvey.co.uk/id/4000000003445881,Bank Street,,,,transportNetwork,Named Road,180256.305,833224.720,1000,20000,180183.949,833180.316,180303.741,833293.027,IV52,http://data.ordnancesurvey.co.uk/id/postcodedistrict/IV52,Am Ploc / Plockton,http://data.ordnancesurvey.co.uk/id/4000000074542610,http://www.ordnancesurvey.co.uk/xml/codelists/localtype.xml#village,,,,Highland,http://data.ordnancesurvey.co.uk/id/7000000000029638,http://data.ordnancesurvey.co.uk/ontology/admingeo/UnitaryAuthority,Scotland,http://data.ordnancesurvey.co.uk/id/7000000000041429,Scotland,http://data.ordnancesurvey.co.uk/id/country/scotland,,,
osgb4000000003445808,http://data.ordnancesurvey.co.uk/id/4000000003445808,Harbour Street,,,,transportNetwork,Named Road,180455.000,833619.000,4000,20000,180303.741,833293.027,180522.169,833931.000,IV52,http://data.ordnancesurvey.co.uk/id/postcodedistrict/IV52,Am Ploc / Plockton,http://data.ordnancesurvey.co.uk/id/4000000074542610,http://www.ordnancesurvey.co.uk/xml/codelists/localtype.xml#village,,,,Highland,http://data.ordnancesurvey.co.uk/id/7000000000029638,http://data.ordnancesurvey.co.uk/ontology/admingeo/UnitaryAuthority,Scotland,http://data.ordnancesurvey.co.uk/id/7000000000041429,Scotland,http://data.ordnancesurvey.co.uk/id/country/scotland,,,
c4ee0fd7-04b7-4f8c-bac7-464ddf75b32d,http://data.ordnancesurvey.co.uk/id/c4ee0fd7-04b7-4f8c-bac7-464ddf75b32d,Rathad an Àite Mhòir,gla,Aitemore Road,eng,transportNetwork,Section Of Named Road,188312.178,826476.864,1000,25000,188296.493,826464.670,188319.724,826486.396,IV40,http://data.ordnancesurvey.co.uk/id/postcodedistrict/IV40,Dornie,http://data.ordnancesurvey.co.uk/id/4000000074571690,http://www.ordnancesurvey.co.uk/xml/codelists/localtype.xml#village,,,,Highland,http://data.ordnancesurvey.co.uk/id/7000000000029638,http://data.ordnancesurvey.co.uk/ontology/admingeo/UnitaryAuthority,Scotland,http://data.ordnancesurvey.co.uk/id/7000000000041429,Scotland,http://data.ordnancesurvey.co.uk/id/country/scotland,osgb5000005100262088,,
osgb4000000003447755,http://data.ordnancesurvey.co.uk/id/4000000003447755,The Square,,,,transportNetwork,Named Road,180636.000,828378.000,1000,20000,180590.948,828346.340,180654.000,828388.000,IV40,http://data.ordnancesurvey.co.uk/id/postcodedistrict/IV40,Balmacara,http://data.ordnancesurvey.co.uk/id/4000000074572361,http://www.ordnancesurvey.co.uk/xml/codelists/localtype.xml#village,,,,Highland,http://data.ordnancesurvey.co.uk/id/7000000000029638,http://data.ordnancesurvey.co.uk/ontology/admingeo/UnitaryAuthority,Scotland,http://data.ordnancesurvey.co.uk/id/7000000000041429,Scotland,http://data.ordnancesurvey.co.uk/id/country/scotland,,,
f031a9a6-e7c6-47df-a215-23715fd33ee2,http://data.ordnancesurvey.co.uk/id/f031a9a6-e7c6-47df-a215-23715fd33ee2,Slighe Dhubhthaich,gla,St Duthac Drive,eng,transportNetwork,Section Of Named Road,188296.493,826464.670,1000,25000,188283.326,826421.449,188310.212,826485.789,IV40,http://data.ordnancesurvey.co.uk/id/postcodedistrict/IV40,Dornie,http://data.ordnancesurvey.co.uk/id/4000000074571690,http://www.ordnancesurvey.co.uk/xml/codelists/localtype.xml#village,,,,Highland,http://data.ordnancesurvey.co.uk/id/7000000000029638,http://data.ordnancesurvey.co.uk/ontology/admingeo/UnitaryAuthority,Scotland,http://data.ordnancesurvey.co.uk/id/7000000000041429,Scotland,http://data.ordnancesurvey.co.uk/id/country/scotland,osgb5000005100262090,,
osgb4000000003445787,http://data.ordnancesurvey.co.uk/id/4000000003445787,Croft Road,,,,transportNetwork,Named Road,190584.000,839990.000,6000,20000,190081.684,839872.521,191045.000,840228.000,IV54,http://data.ordnancesurvey.co.uk/id/postcodedistrict/IV54,Lochcarron,http://data.ordnancesurvey.co.uk/id/4000000074573049,http://www.ordnancesurvey.co.uk/xml/codelists/localtype.xml#village,,,,Highland,http://data.ordnancesurvey.co.uk/id/7000000000029638,http://data.ordnancesurvey.co.uk/ontology/admingeo/UnitaryAuthority,Scotland,http://data.ordnancesurvey.co.uk/id/7000000000041429,Scotland,http://data.ordnancesurvey.co.uk/id/country/scotland,,,
osgb4000000003445807,http://data.ordnancesurvey.co.uk/id/4000000003445807,Innes Street,,,,transportNetwork,Named Road,180251.841,833309.100,2000,20000,180047.000,833221.000,180364.000,833408.000,IV52,http://data.ordnancesurvey.co.uk/id/postcodedistrict/IV52,Am Ploc / Plockton,http://data.ordnancesurvey.co.uk/id/4000000074542610,http://www.ordnancesurvey.co.uk/xml/codelists/localtype.xml#village,,,,Highland,http://data.ordnancesurvey.co.uk/id/7000000000029638,http://data.ordnancesurvey.co.uk/ontology/admingeo/UnitaryAuthority,Scotland,http://data.ordnancesurvey.co.uk/id/7000000000041429,Scotland,http://data.ordnancesurvey.co.uk/id/country/scotland,,,
osgb4000000003445882,http://data.ordnancesurvey.co.uk/id/4000000003445882,Park Road,,,,transportNetwork,Named Road,189792.549,839483.071,1000,20000,189754.000,839425.355,189803.484,839603.000,IV54,http://data.ordnancesurvey.co.uk/id/postcodedistrict/IV54,Lochcarron,http://data.ordnancesurvey.co.uk/id/4000000074573049,http://www.ordnancesurvey.co.uk/xml/codelists/localtype.xml#village,,,,Highland,http://data.ordnancesurvey.co.uk/id/7000000000029638,http://data.ordnancesurvey.co.uk/ontology/admingeo/UnitaryAuthority,Scotland,http://data.ordnancesurvey.co.uk/id/7000000000041429,Scotland,http://data.ordnancesurvey.co.uk/id/country/scotland,,,
osgb4000000003445920,http://data.ordnancesurvey.co.uk/id/4000000003445920,Millbrae,,,,transportNetwork,Named Road,189613.000,839381.000,1000,20000,189589.799,839336.963,189646.109,839424.367,IV54,http://data.ordnancesurvey.co.uk/id/postcodedistrict/IV54,Lochcarron,http://data.ordnancesurvey.co.uk/id/4000000074573049,http://www.ordnancesurvey.co.uk/xml/codelists/localtype.xml#village,,,,Highland,http://data.ordnancesurvey.co.uk/id/7000000000029638,http://data.ordnancesurvey.co.uk/ontology/admingeo/UnitaryAuthority,Scotland,http://data.ordnancesurvey.co.uk/id/7000000000041429,Scotland,http://data.ordnancesurvey.co.uk/id/country/scotland,,,
osgb4000000003445876,http://data.ordnancesurvey.co.uk/id/4000000003445876,Hamilton Road,,,,transportNetwork,Named Road,180473.000,828322.000,1000,20000,180425.000,828294.000,180521.000,828403.000,IV40,http://data.ordnancesurvey.co.uk/id/postcodedistrict/IV40,Balmacara,http://data.ordnancesurvey.co.uk/id/4000000074572361,http://www.ordnancesurvey.co.uk/xml/codelists/localtype.xml#village,,,,Highland,http://data.ordnancesurvey.co.uk/id/7000000000029638,http://data.ordnancesurvey.co.uk/ontology/admingeo/UnitaryAuthority,Scotland,http://data.ordnancesurvey.co.uk/id/7000000000041429,Scotland,http://data.ordnancesurvey.co.uk/id/country/scotland,,,
osgb5000005100262090,http://data.ordnancesurvey.co.uk/id/5000005100262090,Slighe Dhubhthaich,gla,St Duthac Drive,eng,transportNetwork,Named Road,188296.493,826464.670,1000,20000,188279.396,826421.449,188310.212,826496.549,IV40,http://data.ordnancesurvey.co.uk/id/postcodedistrict/IV40,Dornie,http://data.ordnancesurvey.co.uk/id/4000000074571690,http://www.ordnancesurvey.co.uk/xml/codelists/localtype.xml#village,,,,Highland,http://data.ordnancesurvey.co.uk/id/7000000000029638,http://data.ordnancesurvey.co.uk/ontology/admingeo/UnitaryAuthority,Scotland,http://data.ordnancesurvey.co.uk/id/7000000000041429,Scotland,http://data.ordnancesurvey.co.uk/id/country/scotland,,,
osgb4000000003445879,http://data.ordnancesurvey.co.uk/id/4000000003445879,Princes Street,,,,transportNetwork,Named Road,188896.000,827228.000,1000,20000,188819.000,827113.000,189036.674,827299.426,IV40,http://data.ordnancesurvey.co.uk/id/postcodedistrict/IV40,,,,,,,Highland,http://data.ordnancesurvey.co.uk/id/7000000000029638,http://data.ordnancesurvey.co.uk/ontology/admingeo/UnitaryAuthority,Scotland,http://data.ordnancesurvey.co.uk/id/7000000000041429,Scotland,http://data.ordnancesurvey.co.uk/id/country/scotland,,,
osgb4000000003445877,http://data.ordnancesurvey.co.uk/id/4000000003445877,Caroline Street,,,,transportNetwork,Named Road,188253.000,826690.000,1000,20000,188191.715,826568.784,188385.505,826774.283,IV40,http://data.ordnancesurvey.co.uk/id/postcodedistrict/IV40,Dornie,http://data.ordnancesurvey.co.uk/id/4000000074571690,http://www.ordnancesurvey.co.uk/xml/codelists/localtype.xml#village,,,,Highland,http://data.ordnancesurvey.co.uk/id/7000000000029638,http://data.ordnancesurvey.co.uk/ontology/admingeo/UnitaryAuthority,Scotland,http://data.ordnancesurvey.co.uk/id/7000000000041429,Scotland,http://data.ordnancesurvey.co.uk/id/country/scotland,,,
ef515398-7063-4f07-b761-a0e0746966b1,http://data.ordnancesurvey.co.uk/id/ef515398-7063-4f07-b761-a0e0746966b1,Helen Street,,,,transportNetwork,Section Of Named Road,189308.309,827377.402,1000,25000,189271.178,827377.402,189350.000,827398.288,IV40,http://data.ordnancesurvey.co.uk/id/postcodedistrict/IV40,Bundalloch,http://data.ordnancesurvey.co.uk/id/4000000074572038,http://www.ordnancesurvey.co.uk/xml/codelists/localtype.xml#hamlet,,,,Highland,http://data.ordnancesurvey.co.uk/id/7000000000029638,http://data.ordnancesurvey.co.uk/ontology/admingeo/UnitaryAuthority,Scotland,http://data.ordnancesurvey.co.uk/id/7000000000041429,Scotland,http://data.ordnancesurvey.co.uk/id/country/scotland,osgb4000000003445805,,
9093f870-a165-444e-9865-55fb4a45ab7a,http://data.ordnancesurvey.co.uk/id/9093f870-a165-444e-9865-55fb4a45ab7a,Park Road,,,,transportNetwork,Section Of Named Road,189792.549,839483.071,1000,25000,189754.000,839438.702,189795.249,839603.000,IV54,http://data.ordnancesurvey.co.uk/id/postcodedistrict/IV54,Lochcarron,http://data.ordnancesurvey.co.uk/id/4000000074573049,http://www.ordnancesurvey.co.uk/xml/codelists/localtype.xml#village,,,,Highland,http://data.ordnancesurvey.co.uk/id/7000000000029638,http://data.ordnancesurvey.co.uk/ontology/admingeo/UnitaryAuthority,Scotland,http://data.ordnancesurvey.co.uk/id/7000000000041429,Scotland,http://data.ordnancesurvey.co.uk/id/country/scotland,osgb4000000003445882,,
de7d6f8b-121d-44d4-9a9e-e767496dc2c7,http://data.ordnancesurvey.co.uk/id/de7d6f8b-121d-44d4-9a9e-e767496dc2c7,Caroline Street,,,,transportNetwork,Section Of Named Road,188229.000,826640.000,1000,25000,188191.715,826568.784,188278.024,826724.024,IV40,http://data.ordnancesurvey.co.uk/id/postcodedistrict/IV40,Dornie,http://data.ordnancesurvey.co.uk/id/4000000074571690,http://www.ordnancesurvey.co.uk/xml/codelists/localtype.xml#village,,,,Highland,http://data.ordnancesurvey.co.uk/id/7000000000029638,http://data.ordnancesurvey.co.uk/ontology/admingeo/UnitaryAuthority,Scotland,http://data.ordnancesurvey.co.uk/id/7000000000041429,Scotland,http://data.ordnancesurvey.co.uk/id/country/scotland,osgb4000000003445877,,
IV408EZ,http://data.ordnancesurvey.co.uk/id/postcodeunit/IV408EZ,IV40 8EZ,,,,other,Postcode,188368.000,826150.000,3500,18000,,,,,,,Dornie,http://data.ordnancesurvey.co.uk/id/4000000074571690,http://www.ordnancesurvey.co.uk/xml/codelists/localtype.xml#village,,,,Highland,http://data.ordnancesurvey.co.uk/id/7000000000029638,http://data.ordnancesurvey.co.uk/ontology/admingeo/UnitaryAuthority,Scotland,http://data.ordnancesurvey.co.uk/id/7000000000041429,Scotland,http://data.ordnancesurvey.co.uk/id/country/scotland,,,
IV408EE,http://data.ordnancesurvey.co.uk/id/postcodeunit/IV408EE,IV40 8EE,,,,other,Postcode,180502.000,828383.000,3500,18000,,,,,,,Balmacara,http://data.ordnancesurvey.co.uk/id/4000000074572361,http://www.ordnancesurvey.co.uk/xml/codelists/localtype.xml#village,,,,Highland,http://data.ordnancesurvey.co.uk/id/7000000000029638,http://data.ordnancesurvey.co.uk/ontology/admingeo/UnitaryAuthority,Scotland,http://data.ordnancesurvey.co.uk/id/7000000000041429,Scotland,http://data.ordnancesurvey.co.uk/id/country/scotland,,,
IV408HF,http://data.ordnancesurvey.co.uk/id/postcodeunit/IV408HF,IV40 8HF,,,,other,Postcode,193523.000,821060.000,3500,18000,,,,,,,Inverinate,http://data.ordnancesurvey.co.uk/id/4000000074570255,http://www.ordnancesurvey.co.uk/xml/codelists/localtype.xml#village,,,,Highland,http://data.ordnancesurvey.co.uk/id/7000000000029638,http://data.ordnancesurvey.co.uk/ontology/admingeo/UnitaryAuthority,Scotland,http://data.ordnancesurvey.co.uk/id/7000000000041429,Scotland,http://data.ordnancesurvey.co.uk/id/country/scotland,,,
IV528TJ,http://data.ordnancesurvey.co.uk/id/postcodeunit/IV528TJ,IV52 8TJ,,,,other,Postcode,180616.000,833782.000,3500,18000,,,,,,,Am Ploc / Plockton,http://data.ordnancesurvey.co.uk/id/4000000074542610,http://www.ordnancesurvey.co.uk/xml/codelists/localtype.xml#village,,,,Highland,http://data.ordnancesurvey.co.uk/id/7000000000029638,http://data.ordnancesurvey.co.uk/ontology/admingeo/UnitaryAuthority,Scotland,http://data.ordnancesurvey.co.uk/id/7000000000041429,Scotland,http://data.ordnancesurvey.co.uk/id/country/scotland,,,
IV528TW,http://data.ordnancesurvey.co.uk/id/postcodeunit/IV528TW,IV52 8TW,,,,other,Postcode,180295.000,833334.000,3500,18000,,,,,,,Am Ploc / Plockton,http://data.ordnancesurvey.co.uk/id/4000000074542610,http://www.ordnancesurvey.co.uk/xml/codelists/localtype.xml#village,,,,Highland,http://data.ordnancesurvey.co.uk/id/7000000000029638,http://data.ordnancesurvey.co.uk/ontology/admingeo/UnitaryAuthority,Scotland,http://data.ordnancesurvey.co.uk/id/7000000000041429,Scotland,http://data.ordnancesurvey.co.uk/id/country/scotland,,,
IV538UJ,http://data.ordnancesurvey.co.uk/id/postcodeunit/IV538UJ,IV53 8UJ,,,,other,Postcode,186284.000,834671.000,3500,18000,,,,,,,Strome Ferry,http://data.ordnancesurvey.co.uk/id/4000000074337558,http://www.ordnancesurvey.co.uk/xml/codelists/localtype.xml#hamlet,,,,Highland,http://data.ordnancesurvey.co.uk/id/7000000000029638,http://data.ordnancesurvey.co.uk/ontology/admingeo/UnitaryAuthority,Scotland,http://data.ordnancesurvey.co.uk/id/7000000000041429,Scotland,http://data.ordnancesurvey.co.uk/id/country/scotland,,,
IV538UT,http://data.ordnancesurvey.co.uk/id/postcodeunit/IV538UT,IV53 8UT,,,,other,Postcode,185464.000,833505.000,3500,18000,,,,,,,Achmore,http://data.ordnancesurvey.co.uk/id/4000000074572708,http://www.ordnancesurvey.co.uk/xml/codelists/localtype.xml#village,,,,Highland,http://data.ordnancesurvey.co.uk/id/7000000000029638,http://data.ordnancesurvey.co.uk/ontology/admingeo/UnitaryAuthority,Scotland,http://data.ordnancesurvey.co.uk/id/7000000000041429,Scotland,http://data.ordnancesurvey.co.uk/id/country/scotland,,,
IV408HE,http://data.ordnancesurvey.co.uk/id/postcodeunit/IV408HE,IV40 8HE,,,,other,Postcode,193464.000,821072.000,3500,18000,,,,,,,Inverinate,http://data.ordnancesurvey.co.uk/id/4000000074570255,http://www.ordnancesurvey.co.uk/xml/codelists/localtype.xml#village,,,,Highland,http://data.ordnancesurvey.co.uk/id/7000000000029638,http://data.ordnancesurvey.co.uk/ontology/admingeo/UnitaryAuthority,Scotland,http://data.ordnancesurvey.co.uk/id/7000000000041429,Scotland,http://data.ordnancesurvey.co.uk/id/country/scotland,,,
IV538UG,http://data.ordnancesurvey.co.uk/id/postcodeunit/IV538UG,IV53 8UG,,,,other,Postcode,185564.000,833458.000,3500,18000,,,,,,,Achmore,http://data.ordnancesurvey.co.uk/id/4000000074572708,http://www.ordnancesurvey.co.uk/xml/codelists/localtype.xml#village,,,,Highland,http://data.ordnancesurvey.co.uk/id/7000000000029638,http://data.ordnancesurvey.co.uk/ontology/admingeo/UnitaryAuthority,Scotland,http://data.ordnancesurvey.co.uk/id/7000000000041429,Scotland,http://data.ordnancesurvey.co.uk/id/country/scotland,,,
IV538UU,http://data.ordnancesurvey.co.uk/id/postcodeunit/IV538UU,IV53 8UU,,,,other,Postcode,185599.000,833647.000,3500,18000,,,,,,,Achmore,http://data.ordnancesurvey.co.uk/id/4000000074572708,http://www.ordnancesurvey.co.uk/xml/codelists/localtype.xml#village,,,,Highland,http://data.ordnancesurvey.co.uk/id/7000000000029638,http://data.ordnancesurvey.co.uk/ontology/admingeo/UnitaryAuthority,Scotland,http://data.ordnancesurvey.co.uk/id/7000000000041429,Scotland,http://data.ordnancesurvey.co.uk/id/country/scotland,,,
osgb4000000003445786,http://data.ordnancesurvey.co.uk/id/4000000003445786,Colonels Road,,,,transportNetwork,Named Road,189258.799,839334.821,3000,20000,189190.000,839123.821,189359.049,839514.000,IV54,http://data.ordnancesurvey.co.uk/id/postcodedistrict/IV54,Lochcarron,http://data.ordnancesurvey.co.uk/id/4000000074573049,http://www.ordnancesurvey.co.uk/xml/codelists/localtype.xml#village,,,,Highland,http://data.ordnancesurvey.co.uk/id/7000000000029638,http://data.ordnancesurvey.co.uk/ontology/admingeo/UnitaryAuthority,Scotland,http://data.ordnancesurvey.co.uk/id/7000000000041429,Scotland,http://data.ordnancesurvey.co.uk/id/country/scotland,,,
osgb4000000003445785,http://data.ordnancesurvey.co.uk/id/4000000003445785,William Street,,,,transportNetwork,Named Road,188840.000,827100.000,1000,20000,188808.000,827070.000,188841.000,827113.000,IV40,http://data.ordnancesurvey.co.uk/id/postcodedistrict/IV40,,,,,,,Highland,http://data.ordnancesurvey.co.uk/id/7000000000029638,http://data.ordnancesurvey.co.uk/ontology/admingeo/UnitaryAuthority,Scotland,http://data.ordnancesurvey.co.uk/id/7000000000041429,Scotland,http://data.ordnancesurvey.co.uk/id/country/scotland,,,
