﻿osgb4000000074543138,http://data.ordnancesurvey.co.uk/id/4000000074543138,Àird,,,,populatedPlace,Village,186670.910,889210.030,3000,250000,186383.093,888800.686,186883.093,889300.686,IV22,http://data.ordnancesurvey.co.uk/id/postcodedistrict/IV22,,,,,,,Highland,http://data.ordnancesurvey.co.uk/id/7000000000029638,http://data.ordnancesurvey.co.uk/ontology/admingeo/UnitaryAuthority,Scotland,http://data.ordnancesurvey.co.uk/id/7000000000041429,Scotland,http://data.ordnancesurvey.co.uk/id/country/scotland,,,
osgb4000000074337049,http://data.ordnancesurvey.co.uk/id/4000000074337049,Inverasdale,,,,populatedPlace,Other Settlement,182129.780,886783.320,15000,25000,180949.958,884584.182,182609.954,887689.844,IV22,http://data.ordnancesurvey.co.uk/id/postcodedistrict/IV22,,,,,,,Highland,http://data.ordnancesurvey.co.uk/id/7000000000029638,http://data.ordnancesurvey.co.uk/ontology/admingeo/UnitaryAuthority,Scotland,http://data.ordnancesurvey.co.uk/id/7000000000041429,Scotland,http://data.ordnancesurvey.co.uk/id/country/scotland,,,http://sws.geonames.org/2646136
osgb4000000074338003,http://data.ordnancesurvey.co.uk/id/4000000074338003,Sròndubh,,,,populatedPlace,Hamlet,186216.260,881381.310,5000,25000,185958.303,881111.747,186458.303,881611.747,IV22,http://data.ordnancesurvey.co.uk/id/postcodedistrict/IV22,,,,,,,Highland,http://data.ordnancesurvey.co.uk/id/7000000000029638,http://data.ordnancesurvey.co.uk/ontology/admingeo/UnitaryAuthority,Scotland,http://data.ordnancesurvey.co.uk/id/7000000000041429,Scotland,http://data.ordnancesurvey.co.uk/id/country/scotland,,http://dbpedia.org/resource/Londubh,
osgb4000000074572709,http://data.ordnancesurvey.co.uk/id/4000000074572709,Inchina,,,,populatedPlace,Other Settlement,196349.200,890967.300,15000,25000,196001.078,890717.174,196694.817,891280.203,IV22,http://data.ordnancesurvey.co.uk/id/postcodedistrict/IV22,,,,,,,Highland,http://data.ordnancesurvey.co.uk/id/7000000000029638,http://data.ordnancesurvey.co.uk/ontology/admingeo/UnitaryAuthority,Scotland,http://data.ordnancesurvey.co.uk/id/7000000000041429,Scotland,http://data.ordnancesurvey.co.uk/id/country/scotland,,,
osgb4000000074573051,http://data.ordnancesurvey.co.uk/id/4000000074573051,First Coast,,,,populatedPlace,Other Settlement,192244.660,891041.300,15000,25000,191950.114,890791.301,192539.207,891291.301,IV22,http://data.ordnancesurvey.co.uk/id/postcodedistrict/IV22,,,,,,,Highland,http://data.ordnancesurvey.co.uk/id/7000000000029638,http://data.ordnancesurvey.co.uk/ontology/admingeo/UnitaryAuthority,Scotland,http://data.ordnancesurvey.co.uk/id/7000000000041429,Scotland,http://data.ordnancesurvey.co.uk/id/country/scotland,,,
osgb4000000074542089,http://data.ordnancesurvey.co.uk/id/4000000074542089,Opinan,,,,populatedPlace,Other Settlement,187692.520,896804.510,15000,25000,187550.533,896086.107,188274.441,897192.071,IV22,http://data.ordnancesurvey.co.uk/id/postcodedistrict/IV22,,,,,,,Highland,http://data.ordnancesurvey.co.uk/id/7000000000029638,http://data.ordnancesurvey.co.uk/ontology/admingeo/UnitaryAuthority,Scotland,http://data.ordnancesurvey.co.uk/id/7000000000041429,Scotland,http://data.ordnancesurvey.co.uk/id/country/scotland,,"http://dbpedia.org/resource/Opinan,_Laide,_Highland",http://sws.geonames.org/2641104
osgb4000000074572371,http://data.ordnancesurvey.co.uk/id/4000000074572371,Naast,,,,populatedPlace,Hamlet,182723.000,883344.000,5000,25000,182451.905,883075.991,182951.905,883598.802,IV22,http://data.ordnancesurvey.co.uk/id/postcodedistrict/IV22,,,,,,,Highland,http://data.ordnancesurvey.co.uk/id/7000000000029638,http://data.ordnancesurvey.co.uk/ontology/admingeo/UnitaryAuthority,Scotland,http://data.ordnancesurvey.co.uk/id/7000000000041429,Scotland,http://data.ordnancesurvey.co.uk/id/country/scotland,,,http://sws.geonames.org/2641864
osgb4000000074542093,http://data.ordnancesurvey.co.uk/id/4000000074542093,Tighnafiline,,,,populatedPlace,Hamlet,187059.000,889459.000,5000,25000,186915.967,889344.777,187415.967,889862.569,IV22,http://data.ordnancesurvey.co.uk/id/postcodedistrict/IV22,,,,,,,Highland,http://data.ordnancesurvey.co.uk/id/7000000000029638,http://data.ordnancesurvey.co.uk/ontology/admingeo/UnitaryAuthority,Scotland,http://data.ordnancesurvey.co.uk/id/7000000000041429,Scotland,http://data.ordnancesurvey.co.uk/id/country/scotland,,,
osgb4000000074540914,http://data.ordnancesurvey.co.uk/id/4000000074540914,Coast,,,,populatedPlace,Suburban Area,182099.032,886588.425,10000,25000,181955.377,886078.012,182609.954,887689.844,IV22,http://data.ordnancesurvey.co.uk/id/postcodedistrict/IV22,,,,,,,Highland,http://data.ordnancesurvey.co.uk/id/7000000000029638,http://data.ordnancesurvey.co.uk/ontology/admingeo/UnitaryAuthority,Scotland,http://data.ordnancesurvey.co.uk/id/7000000000041429,Scotland,http://data.ordnancesurvey.co.uk/id/country/scotland,,,
osgb4000000074572370,http://data.ordnancesurvey.co.uk/id/4000000074572370,Boor,,,,populatedPlace,Other Settlement,184352.360,881420.690,15000,25000,184027.693,881147.061,184527.693,881647.061,IV22,http://data.ordnancesurvey.co.uk/id/postcodedistrict/IV22,,,,,,,Highland,http://data.ordnancesurvey.co.uk/id/7000000000029638,http://data.ordnancesurvey.co.uk/ontology/admingeo/UnitaryAuthority,Scotland,http://data.ordnancesurvey.co.uk/id/7000000000041429,Scotland,http://data.ordnancesurvey.co.uk/id/country/scotland,,,
osgb4000000074572711,http://data.ordnancesurvey.co.uk/id/4000000074572711,Aultbea,,,,populatedPlace,Village,187563.000,888916.000,11000,250000,186655.713,888560.551,188319.682,889314.616,IV22,http://data.ordnancesurvey.co.uk/id/postcodedistrict/IV22,,,,,,,Highland,http://data.ordnancesurvey.co.uk/id/7000000000029638,http://data.ordnancesurvey.co.uk/ontology/admingeo/UnitaryAuthority,Scotland,http://data.ordnancesurvey.co.uk/id/7000000000041429,Scotland,http://data.ordnancesurvey.co.uk/id/country/scotland,,http://dbpedia.org/resource/Aultbea,http://sws.geonames.org/2656779
osgb4000000074573056,http://data.ordnancesurvey.co.uk/id/4000000074573056,Ormiscaig,,,,populatedPlace,Other Settlement,185755.000,890472.000,15000,25000,185338.614,890159.164,186313.873,890968.522,IV22,http://data.ordnancesurvey.co.uk/id/postcodedistrict/IV22,,,,,,,Highland,http://data.ordnancesurvey.co.uk/id/7000000000029638,http://data.ordnancesurvey.co.uk/ontology/admingeo/UnitaryAuthority,Scotland,http://data.ordnancesurvey.co.uk/id/7000000000041429,Scotland,http://data.ordnancesurvey.co.uk/id/country/scotland,,http://dbpedia.org/resource/Ormiscaig,
osgb4000000074572710,http://data.ordnancesurvey.co.uk/id/4000000074572710,Drumchork,,,,populatedPlace,Hamlet,187528.810,888529.760,5000,25000,187434.913,888163.405,188259.361,888666.121,IV22,http://data.ordnancesurvey.co.uk/id/postcodedistrict/IV22,,,,,,,Highland,http://data.ordnancesurvey.co.uk/id/7000000000029638,http://data.ordnancesurvey.co.uk/ontology/admingeo/UnitaryAuthority,Scotland,http://data.ordnancesurvey.co.uk/id/7000000000041429,Scotland,http://data.ordnancesurvey.co.uk/id/country/scotland,,,
osgb4000000074573054,http://data.ordnancesurvey.co.uk/id/4000000074573054,Badluarach,gla,Badluachrach,eng,populatedPlace,Other Settlement,199316.950,894463.960,15000,25000,198781.065,893869.162,200314.325,895040.467,IV23,http://data.ordnancesurvey.co.uk/id/postcodedistrict/IV23,,,,,,,Highland,http://data.ordnancesurvey.co.uk/id/7000000000029638,http://data.ordnancesurvey.co.uk/ontology/admingeo/UnitaryAuthority,Scotland,http://data.ordnancesurvey.co.uk/id/7000000000041429,Scotland,http://data.ordnancesurvey.co.uk/id/country/scotland,,http://dbpedia.org/resource/Badluarach,http://sws.geonames.org/2656645
osgb4000000074573055,http://data.ordnancesurvey.co.uk/id/4000000074573055,Mellon Udrigle,,,,populatedPlace,Other Settlement,188957.000,895801.000,15000,25000,188411.952,895467.774,189425.641,896257.028,IV22,http://data.ordnancesurvey.co.uk/id/postcodedistrict/IV22,,,,,,,Highland,http://data.ordnancesurvey.co.uk/id/7000000000029638,http://data.ordnancesurvey.co.uk/ontology/admingeo/UnitaryAuthority,Scotland,http://data.ordnancesurvey.co.uk/id/7000000000041429,Scotland,http://data.ordnancesurvey.co.uk/id/country/scotland,,http://dbpedia.org/resource/Mellon_Udrigle,
osgb4000000074573052,http://data.ordnancesurvey.co.uk/id/4000000074573052,Laide,,,,populatedPlace,Village,190087.000,891928.000,14000,250000,189360.291,890888.095,190250.090,892974.338,IV22,http://data.ordnancesurvey.co.uk/id/postcodedistrict/IV22,,,,,,,Highland,http://data.ordnancesurvey.co.uk/id/7000000000029638,http://data.ordnancesurvey.co.uk/ontology/admingeo/UnitaryAuthority,Scotland,http://data.ordnancesurvey.co.uk/id/7000000000041429,Scotland,http://data.ordnancesurvey.co.uk/id/country/scotland,,http://dbpedia.org/resource/Laide,http://sws.geonames.org/2645037
osgb4000000074573057,http://data.ordnancesurvey.co.uk/id/4000000074573057,Mellon Charles,,,,populatedPlace,Village,184705.000,891470.000,10000,250000,184031.574,890727.221,185514.564,892168.689,IV22,http://data.ordnancesurvey.co.uk/id/postcodedistrict/IV22,,,,,,,Highland,http://data.ordnancesurvey.co.uk/id/7000000000029638,http://data.ordnancesurvey.co.uk/ontology/admingeo/UnitaryAuthority,Scotland,http://data.ordnancesurvey.co.uk/id/7000000000041429,Scotland,http://data.ordnancesurvey.co.uk/id/country/scotland,,http://dbpedia.org/resource/Mellon_Charles,http://sws.geonames.org/2642779
osgb4000000074337067,http://data.ordnancesurvey.co.uk/id/4000000074337067,Sand,,,,populatedPlace,Other Settlement,190689.000,891230.000,15000,25000,190295.330,890747.335,191250.479,891908.593,IV22,http://data.ordnancesurvey.co.uk/id/postcodedistrict/IV22,,,,,,,Highland,http://data.ordnancesurvey.co.uk/id/7000000000029638,http://data.ordnancesurvey.co.uk/ontology/admingeo/UnitaryAuthority,Scotland,http://data.ordnancesurvey.co.uk/id/7000000000041429,Scotland,http://data.ordnancesurvey.co.uk/id/country/scotland,,,
osgb4000000074573390,http://data.ordnancesurvey.co.uk/id/4000000074573390,Cove,,,,populatedPlace,Other Settlement,180960.920,890789.350,15000,25000,180542.767,890113.917,181407.427,891782.919,IV22,http://data.ordnancesurvey.co.uk/id/postcodedistrict/IV22,,,,,,,Highland,http://data.ordnancesurvey.co.uk/id/7000000000029638,http://data.ordnancesurvey.co.uk/ontology/admingeo/UnitaryAuthority,Scotland,http://data.ordnancesurvey.co.uk/id/7000000000041429,Scotland,http://data.ordnancesurvey.co.uk/id/country/scotland,,"http://dbpedia.org/resource/Cove,_Highland",http://sws.geonames.org/2652226
osgb4000000074572372,http://data.ordnancesurvey.co.uk/id/4000000074572372,Brae,,,,populatedPlace,Suburban Area,181916.222,885038.687,3000,25000,181580.359,884851.973,182080.359,885351.973,IV22,http://data.ordnancesurvey.co.uk/id/postcodedistrict/IV22,,,,,,,Highland,http://data.ordnancesurvey.co.uk/id/7000000000029638,http://data.ordnancesurvey.co.uk/ontology/admingeo/UnitaryAuthority,Scotland,http://data.ordnancesurvey.co.uk/id/7000000000041429,Scotland,http://data.ordnancesurvey.co.uk/id/country/scotland,,,
osgb4000000074573053,http://data.ordnancesurvey.co.uk/id/4000000074573053,Achgarve,,,,populatedPlace,Hamlet,189281.000,893560.000,5000,25000,188435.302,893215.639,189682.021,893723.374,IV22,http://data.ordnancesurvey.co.uk/id/postcodedistrict/IV22,,,,,,,Highland,http://data.ordnancesurvey.co.uk/id/7000000000029638,http://data.ordnancesurvey.co.uk/ontology/admingeo/UnitaryAuthority,Scotland,http://data.ordnancesurvey.co.uk/id/7000000000041429,Scotland,http://data.ordnancesurvey.co.uk/id/country/scotland,,http://dbpedia.org/resource/Achgarve,http://sws.geonames.org/2657767
osgb4000000074572044,http://data.ordnancesurvey.co.uk/id/4000000074572044,Lòndubh,,,,populatedPlace,Other Settlement,186118.200,881179.010,15000,25000,185890.670,880567.469,186675.823,881207.906,IV22,http://data.ordnancesurvey.co.uk/id/postcodedistrict/IV22,,,,,,,Highland,http://data.ordnancesurvey.co.uk/id/7000000000029638,http://data.ordnancesurvey.co.uk/ontology/admingeo/UnitaryAuthority,Scotland,http://data.ordnancesurvey.co.uk/id/7000000000041429,Scotland,http://data.ordnancesurvey.co.uk/id/country/scotland,,http://dbpedia.org/resource/Londubh,
osgb4000000074572373,http://data.ordnancesurvey.co.uk/id/4000000074572373,Midtown,,,,populatedPlace,Suburban Area,182095.150,885513.950,10000,25000,180949.966,884584.182,182251.976,886102.364,IV22,http://data.ordnancesurvey.co.uk/id/postcodedistrict/IV22,,,,,,,Highland,http://data.ordnancesurvey.co.uk/id/7000000000029638,http://data.ordnancesurvey.co.uk/ontology/admingeo/UnitaryAuthority,Scotland,http://data.ordnancesurvey.co.uk/id/7000000000041429,Scotland,http://data.ordnancesurvey.co.uk/id/country/scotland,,,
osgb4000000074540915,http://data.ordnancesurvey.co.uk/id/4000000074540915,Fhaighear Mhòir,gla,Firemore,eng,populatedPlace,Other Settlement,181835.507,887816.561,15000,25000,181704.284,887696.569,182233.980,888430.679,IV22,http://data.ordnancesurvey.co.uk/id/postcodedistrict/IV22,,,,,,,Highland,http://data.ordnancesurvey.co.uk/id/7000000000029638,http://data.ordnancesurvey.co.uk/ontology/admingeo/UnitaryAuthority,Scotland,http://data.ordnancesurvey.co.uk/id/7000000000041429,Scotland,http://data.ordnancesurvey.co.uk/id/country/scotland,,,
osgb4000000074572712,http://data.ordnancesurvey.co.uk/id/4000000074572712,Second Coast,,,,populatedPlace,Hamlet,192896.190,890660.500,5000,25000,192641.824,890400.465,193141.824,890953.446,IV22,http://data.ordnancesurvey.co.uk/id/postcodedistrict/IV22,,,,,,,Highland,http://data.ordnancesurvey.co.uk/id/7000000000029638,http://data.ordnancesurvey.co.uk/ontology/admingeo/UnitaryAuthority,Scotland,http://data.ordnancesurvey.co.uk/id/7000000000041429,Scotland,http://data.ordnancesurvey.co.uk/id/country/scotland,,,
osgb4000000074572045,http://data.ordnancesurvey.co.uk/id/4000000074572045,Poolewe,,,,populatedPlace,Village,185815.780,880779.130,7000,250000,185377.696,880071.251,186102.882,881092.729,IV22,http://data.ordnancesurvey.co.uk/id/postcodedistrict/IV22,,,,,,,Highland,http://data.ordnancesurvey.co.uk/id/7000000000029638,http://data.ordnancesurvey.co.uk/ontology/admingeo/UnitaryAuthority,Scotland,http://data.ordnancesurvey.co.uk/id/7000000000041429,Scotland,http://data.ordnancesurvey.co.uk/id/country/scotland,,http://dbpedia.org/resource/Poolewe,http://sws.geonames.org/2640097
IV222LG,http://data.ordnancesurvey.co.uk/id/postcodeunit/IV222LG,IV22 2LG,,,,other,Postcode,186302.000,881652.000,3500,18000,,,,,,,,,,,,,Highland,http://data.ordnancesurvey.co.uk/id/7000000000029638,http://data.ordnancesurvey.co.uk/ontology/admingeo/UnitaryAuthority,Scotland,http://data.ordnancesurvey.co.uk/id/7000000000041429,Scotland,http://data.ordnancesurvey.co.uk/id/country/scotland,,,
IV222LA,http://data.ordnancesurvey.co.uk/id/postcodeunit/IV222LA,IV22 2LA,,,,other,Postcode,185898.000,880687.000,3500,18000,,,,,,,Poolewe,http://data.ordnancesurvey.co.uk/id/4000000074572045,http://www.ordnancesurvey.co.uk/xml/codelists/localtype.xml#village,,,,Highland,http://data.ordnancesurvey.co.uk/id/7000000000029638,http://data.ordnancesurvey.co.uk/ontology/admingeo/UnitaryAuthority,Scotland,http://data.ordnancesurvey.co.uk/id/7000000000041429,Scotland,http://data.ordnancesurvey.co.uk/id/country/scotland,,,
IV222NE,http://data.ordnancesurvey.co.uk/id/postcodeunit/IV222NE,IV22 2NE,,,,other,Postcode,192104.000,891063.000,3500,18000,,,,,,,First Coast,http://data.ordnancesurvey.co.uk/id/4000000074573051,http://www.ordnancesurvey.co.uk/xml/codelists/localtype.xml#otherSettlement,,,,Highland,http://data.ordnancesurvey.co.uk/id/7000000000029638,http://data.ordnancesurvey.co.uk/ontology/admingeo/UnitaryAuthority,Scotland,http://data.ordnancesurvey.co.uk/id/7000000000041429,Scotland,http://data.ordnancesurvey.co.uk/id/country/scotland,,,
IV222JE,http://data.ordnancesurvey.co.uk/id/postcodeunit/IV222JE,IV22 2JE,,,,other,Postcode,187164.000,889461.000,3500,18000,,,,,,,Tighnafiline,http://data.ordnancesurvey.co.uk/id/4000000074542093,http://www.ordnancesurvey.co.uk/xml/codelists/localtype.xml#hamlet,,,,Highland,http://data.ordnancesurvey.co.uk/id/7000000000029638,http://data.ordnancesurvey.co.uk/ontology/admingeo/UnitaryAuthority,Scotland,http://data.ordnancesurvey.co.uk/id/7000000000041429,Scotland,http://data.ordnancesurvey.co.uk/id/country/scotland,,,
IV222JY,http://data.ordnancesurvey.co.uk/id/postcodeunit/IV222JY,IV22 2JY,,,,other,Postcode,185947.000,880073.000,3500,18000,,,,,,,Poolewe,http://data.ordnancesurvey.co.uk/id/4000000074572045,http://www.ordnancesurvey.co.uk/xml/codelists/localtype.xml#village,,,,Highland,http://data.ordnancesurvey.co.uk/id/7000000000029638,http://data.ordnancesurvey.co.uk/ontology/admingeo/UnitaryAuthority,Scotland,http://data.ordnancesurvey.co.uk/id/7000000000041429,Scotland,http://data.ordnancesurvey.co.uk/id/country/scotland,,,
IV222JR,http://data.ordnancesurvey.co.uk/id/postcodeunit/IV222JR,IV22 2JR,,,,other,Postcode,186575.000,889154.000,3500,18000,,,,,,,Àird,http://data.ordnancesurvey.co.uk/id/4000000074543138,http://www.ordnancesurvey.co.uk/xml/codelists/localtype.xml#village,,,,Highland,http://data.ordnancesurvey.co.uk/id/7000000000029638,http://data.ordnancesurvey.co.uk/ontology/admingeo/UnitaryAuthority,Scotland,http://data.ordnancesurvey.co.uk/id/7000000000041429,Scotland,http://data.ordnancesurvey.co.uk/id/country/scotland,,,
IV222ND,http://data.ordnancesurvey.co.uk/id/postcodeunit/IV222ND,IV22 2ND,,,,other,Postcode,190709.000,891281.000,3500,18000,,,,,,,Sand,http://data.ordnancesurvey.co.uk/id/4000000074337067,http://www.ordnancesurvey.co.uk/xml/codelists/localtype.xml#otherSettlement,,,,Highland,http://data.ordnancesurvey.co.uk/id/7000000000029638,http://data.ordnancesurvey.co.uk/ontology/admingeo/UnitaryAuthority,Scotland,http://data.ordnancesurvey.co.uk/id/7000000000041429,Scotland,http://data.ordnancesurvey.co.uk/id/country/scotland,,,
IV222LR,http://data.ordnancesurvey.co.uk/id/postcodeunit/IV222LR,IV22 2LR,,,,other,Postcode,182236.000,887107.000,3500,18000,,,,,,,Inverasdale,http://data.ordnancesurvey.co.uk/id/4000000074337049,http://www.ordnancesurvey.co.uk/xml/codelists/localtype.xml#otherSettlement,,,,Highland,http://data.ordnancesurvey.co.uk/id/7000000000029638,http://data.ordnancesurvey.co.uk/ontology/admingeo/UnitaryAuthority,Scotland,http://data.ordnancesurvey.co.uk/id/7000000000041429,Scotland,http://data.ordnancesurvey.co.uk/id/country/scotland,,,
IV222NL,http://data.ordnancesurvey.co.uk/id/postcodeunit/IV222NL,IV22 2NL,,,,other,Postcode,190116.000,891874.000,3500,18000,,,,,,,Laide,http://data.ordnancesurvey.co.uk/id/4000000074573052,http://www.ordnancesurvey.co.uk/xml/codelists/localtype.xml#village,,,,Highland,http://data.ordnancesurvey.co.uk/id/7000000000029638,http://data.ordnancesurvey.co.uk/ontology/admingeo/UnitaryAuthority,Scotland,http://data.ordnancesurvey.co.uk/id/7000000000041429,Scotland,http://data.ordnancesurvey.co.uk/id/country/scotland,,,
IV232YD,http://data.ordnancesurvey.co.uk/id/postcodeunit/IV232YD,IV23 2YD,,,,other,Postcode,190021.000,891693.000,3500,18000,,,,,,,Laide,http://data.ordnancesurvey.co.uk/id/4000000074573052,http://www.ordnancesurvey.co.uk/xml/codelists/localtype.xml#village,,,,Highland,http://data.ordnancesurvey.co.uk/id/7000000000029638,http://data.ordnancesurvey.co.uk/ontology/admingeo/UnitaryAuthority,Scotland,http://data.ordnancesurvey.co.uk/id/7000000000041429,Scotland,http://data.ordnancesurvey.co.uk/id/country/scotland,,,
IV222HZ,http://data.ordnancesurvey.co.uk/id/postcodeunit/IV222HZ,IV22 2HZ,,,,other,Postcode,187631.000,888947.000,3500,18000,,,,,,,Aultbea,http://data.ordnancesurvey.co.uk/id/4000000074572711,http://www.ordnancesurvey.co.uk/xml/codelists/localtype.xml#village,,,,Highland,http://data.ordnancesurvey.co.uk/id/7000000000029638,http://data.ordnancesurvey.co.uk/ontology/admingeo/UnitaryAuthority,Scotland,http://data.ordnancesurvey.co.uk/id/7000000000041429,Scotland,http://data.ordnancesurvey.co.uk/id/country/scotland,,,
IV222HX,http://data.ordnancesurvey.co.uk/id/postcodeunit/IV222HX,IV22 2HX,,,,other,Postcode,187336.000,888909.000,3500,18000,,,,,,,Aultbea,http://data.ordnancesurvey.co.uk/id/4000000074572711,http://www.ordnancesurvey.co.uk/xml/codelists/localtype.xml#village,,,,Highland,http://data.ordnancesurvey.co.uk/id/7000000000029638,http://data.ordnancesurvey.co.uk/ontology/admingeo/UnitaryAuthority,Scotland,http://data.ordnancesurvey.co.uk/id/7000000000041429,Scotland,http://data.ordnancesurvey.co.uk/id/country/scotland,,,
IV222JF,http://data.ordnancesurvey.co.uk/id/postcodeunit/IV222JF,IV22 2JF,,,,other,Postcode,187130.000,889407.000,3500,18000,,,,,,,Tighnafiline,http://data.ordnancesurvey.co.uk/id/4000000074542093,http://www.ordnancesurvey.co.uk/xml/codelists/localtype.xml#hamlet,,,,Highland,http://data.ordnancesurvey.co.uk/id/7000000000029638,http://data.ordnancesurvey.co.uk/ontology/admingeo/UnitaryAuthority,Scotland,http://data.ordnancesurvey.co.uk/id/7000000000041429,Scotland,http://data.ordnancesurvey.co.uk/id/country/scotland,,,
IV222NP,http://data.ordnancesurvey.co.uk/id/postcodeunit/IV222NP,IV22 2NP,,,,other,Postcode,190051.000,892159.000,3500,18000,,,,,,,Laide,http://data.ordnancesurvey.co.uk/id/4000000074573052,http://www.ordnancesurvey.co.uk/xml/codelists/localtype.xml#village,,,,Highland,http://data.ordnancesurvey.co.uk/id/7000000000029638,http://data.ordnancesurvey.co.uk/ontology/admingeo/UnitaryAuthority,Scotland,http://data.ordnancesurvey.co.uk/id/7000000000041429,Scotland,http://data.ordnancesurvey.co.uk/id/country/scotland,,,
IV222JA,http://data.ordnancesurvey.co.uk/id/postcodeunit/IV222JA,IV22 2JA,,,,other,Postcode,187282.000,889113.000,3500,18000,,,,,,,Aultbea,http://data.ordnancesurvey.co.uk/id/4000000074572711,http://www.ordnancesurvey.co.uk/xml/codelists/localtype.xml#village,,,,Highland,http://data.ordnancesurvey.co.uk/id/7000000000029638,http://data.ordnancesurvey.co.uk/ontology/admingeo/UnitaryAuthority,Scotland,http://data.ordnancesurvey.co.uk/id/7000000000041429,Scotland,http://data.ordnancesurvey.co.uk/id/country/scotland,,,
IV222LW,http://data.ordnancesurvey.co.uk/id/postcodeunit/IV222LW,IV22 2LW,,,,other,Postcode,182025.000,885530.000,3500,18000,,,,,,,Inverasdale,http://data.ordnancesurvey.co.uk/id/4000000074337049,http://www.ordnancesurvey.co.uk/xml/codelists/localtype.xml#otherSettlement,,,,Highland,http://data.ordnancesurvey.co.uk/id/7000000000029638,http://data.ordnancesurvey.co.uk/ontology/admingeo/UnitaryAuthority,Scotland,http://data.ordnancesurvey.co.uk/id/7000000000041429,Scotland,http://data.ordnancesurvey.co.uk/id/country/scotland,,,
IV222NH,http://data.ordnancesurvey.co.uk/id/postcodeunit/IV222NH,IV22 2NH,,,,other,Postcode,196862.000,893132.000,3500,18000,,,,,,,,,,,,,Highland,http://data.ordnancesurvey.co.uk/id/7000000000029638,http://data.ordnancesurvey.co.uk/ontology/admingeo/UnitaryAuthority,Scotland,http://data.ordnancesurvey.co.uk/id/7000000000041429,Scotland,http://data.ordnancesurvey.co.uk/id/country/scotland,,,
IV222NB,http://data.ordnancesurvey.co.uk/id/postcodeunit/IV222NB,IV22 2NB,,,,other,Postcode,189945.000,891568.000,3500,18000,,,,,,,Laide,http://data.ordnancesurvey.co.uk/id/4000000074573052,http://www.ordnancesurvey.co.uk/xml/codelists/localtype.xml#village,,,,Highland,http://data.ordnancesurvey.co.uk/id/7000000000029638,http://data.ordnancesurvey.co.uk/ontology/admingeo/UnitaryAuthority,Scotland,http://data.ordnancesurvey.co.uk/id/7000000000041429,Scotland,http://data.ordnancesurvey.co.uk/id/country/scotland,,,
IV222NU,http://data.ordnancesurvey.co.uk/id/postcodeunit/IV222NU,IV22 2NU,,,,other,Postcode,187921.000,896461.000,3500,18000,,,,,,,Opinan,http://data.ordnancesurvey.co.uk/id/4000000074542089,http://www.ordnancesurvey.co.uk/xml/codelists/localtype.xml#otherSettlement,,,,Highland,http://data.ordnancesurvey.co.uk/id/7000000000029638,http://data.ordnancesurvey.co.uk/ontology/admingeo/UnitaryAuthority,Scotland,http://data.ordnancesurvey.co.uk/id/7000000000041429,Scotland,http://data.ordnancesurvey.co.uk/id/country/scotland,,,
IV222NR,http://data.ordnancesurvey.co.uk/id/postcodeunit/IV222NR,IV22 2NR,,,,other,Postcode,189570.000,893617.000,3500,18000,,,,,,,Achgarve,http://data.ordnancesurvey.co.uk/id/4000000074573053,http://www.ordnancesurvey.co.uk/xml/codelists/localtype.xml#hamlet,,,,Highland,http://data.ordnancesurvey.co.uk/id/7000000000029638,http://data.ordnancesurvey.co.uk/ontology/admingeo/UnitaryAuthority,Scotland,http://data.ordnancesurvey.co.uk/id/7000000000041429,Scotland,http://data.ordnancesurvey.co.uk/id/country/scotland,,,
IV222JH,http://data.ordnancesurvey.co.uk/id/postcodeunit/IV222JH,IV22 2JH,,,,other,Postcode,186637.000,890174.000,3500,18000,,,,,,,,,,,,,Highland,http://data.ordnancesurvey.co.uk/id/7000000000029638,http://data.ordnancesurvey.co.uk/ontology/admingeo/UnitaryAuthority,Scotland,http://data.ordnancesurvey.co.uk/id/7000000000041429,Scotland,http://data.ordnancesurvey.co.uk/id/country/scotland,,,
IV222LF,http://data.ordnancesurvey.co.uk/id/postcodeunit/IV222LF,IV22 2LF,,,,other,Postcode,186043.000,881061.000,3500,18000,,,,,,,Lòndubh,http://data.ordnancesurvey.co.uk/id/4000000074572044,http://www.ordnancesurvey.co.uk/xml/codelists/localtype.xml#otherSettlement,,,,Highland,http://data.ordnancesurvey.co.uk/id/7000000000029638,http://data.ordnancesurvey.co.uk/ontology/admingeo/UnitaryAuthority,Scotland,http://data.ordnancesurvey.co.uk/id/7000000000041429,Scotland,http://data.ordnancesurvey.co.uk/id/country/scotland,,,
IV222NT,http://data.ordnancesurvey.co.uk/id/postcodeunit/IV222NT,IV22 2NT,,,,other,Postcode,189015.000,896036.000,3500,18000,,,,,,,Mellon Udrigle,http://data.ordnancesurvey.co.uk/id/4000000074573055,http://www.ordnancesurvey.co.uk/xml/codelists/localtype.xml#otherSettlement,,,,Highland,http://data.ordnancesurvey.co.uk/id/7000000000029638,http://data.ordnancesurvey.co.uk/ontology/admingeo/UnitaryAuthority,Scotland,http://data.ordnancesurvey.co.uk/id/7000000000041429,Scotland,http://data.ordnancesurvey.co.uk/id/country/scotland,,,
IV222JJ,http://data.ordnancesurvey.co.uk/id/postcodeunit/IV222JJ,IV22 2JJ,,,,other,Postcode,185732.000,890626.000,3500,18000,,,,,,,Ormiscaig,http://data.ordnancesurvey.co.uk/id/4000000074573056,http://www.ordnancesurvey.co.uk/xml/codelists/localtype.xml#otherSettlement,,,,Highland,http://data.ordnancesurvey.co.uk/id/7000000000029638,http://data.ordnancesurvey.co.uk/ontology/admingeo/UnitaryAuthority,Scotland,http://data.ordnancesurvey.co.uk/id/7000000000041429,Scotland,http://data.ordnancesurvey.co.uk/id/country/scotland,,,
IV222NF,http://data.ordnancesurvey.co.uk/id/postcodeunit/IV222NF,IV22 2NF,,,,other,Postcode,192908.000,890642.000,3500,18000,,,,,,,Second Coast,http://data.ordnancesurvey.co.uk/id/4000000074572712,http://www.ordnancesurvey.co.uk/xml/codelists/localtype.xml#hamlet,,,,Highland,http://data.ordnancesurvey.co.uk/id/7000000000029638,http://data.ordnancesurvey.co.uk/ontology/admingeo/UnitaryAuthority,Scotland,http://data.ordnancesurvey.co.uk/id/7000000000041429,Scotland,http://data.ordnancesurvey.co.uk/id/country/scotland,,,
IV222LT,http://data.ordnancesurvey.co.uk/id/postcodeunit/IV222LT,IV22 2LT,,,,other,Postcode,180968.000,890751.000,3500,18000,,,,,,,Cove,http://data.ordnancesurvey.co.uk/id/4000000074573390,http://www.ordnancesurvey.co.uk/xml/codelists/localtype.xml#otherSettlement,,,,Highland,http://data.ordnancesurvey.co.uk/id/7000000000029638,http://data.ordnancesurvey.co.uk/ontology/admingeo/UnitaryAuthority,Scotland,http://data.ordnancesurvey.co.uk/id/7000000000041429,Scotland,http://data.ordnancesurvey.co.uk/id/country/scotland,,,
IV222JW,http://data.ordnancesurvey.co.uk/id/postcodeunit/IV222JW,IV22 2JW,,,,other,Postcode,185740.000,888399.000,3500,18000,,,,,,,,,,,,,Highland,http://data.ordnancesurvey.co.uk/id/7000000000029638,http://data.ordnancesurvey.co.uk/ontology/admingeo/UnitaryAuthority,Scotland,http://data.ordnancesurvey.co.uk/id/7000000000041429,Scotland,http://data.ordnancesurvey.co.uk/id/country/scotland,,,
IV222LH,http://data.ordnancesurvey.co.uk/id/postcodeunit/IV222LH,IV22 2LH,,,,other,Postcode,187793.000,883499.000,3500,18000,,,,,,,,,,,,,Highland,http://data.ordnancesurvey.co.uk/id/7000000000029638,http://data.ordnancesurvey.co.uk/ontology/admingeo/UnitaryAuthority,Scotland,http://data.ordnancesurvey.co.uk/id/7000000000041429,Scotland,http://data.ordnancesurvey.co.uk/id/country/scotland,,,
IV222NG,http://data.ordnancesurvey.co.uk/id/postcodeunit/IV222NG,IV22 2NG,,,,other,Postcode,194831.000,889839.000,3500,18000,,,,,,,,,,,,,Highland,http://data.ordnancesurvey.co.uk/id/7000000000029638,http://data.ordnancesurvey.co.uk/ontology/admingeo/UnitaryAuthority,Scotland,http://data.ordnancesurvey.co.uk/id/7000000000041429,Scotland,http://data.ordnancesurvey.co.uk/id/country/scotland,,,
IV222LJ,http://data.ordnancesurvey.co.uk/id/postcodeunit/IV222LJ,IV22 2LJ,,,,other,Postcode,184414.000,881319.000,3500,18000,,,,,,,Boor,http://data.ordnancesurvey.co.uk/id/4000000074572370,http://www.ordnancesurvey.co.uk/xml/codelists/localtype.xml#otherSettlement,,,,Highland,http://data.ordnancesurvey.co.uk/id/7000000000029638,http://data.ordnancesurvey.co.uk/ontology/admingeo/UnitaryAuthority,Scotland,http://data.ordnancesurvey.co.uk/id/7000000000041429,Scotland,http://data.ordnancesurvey.co.uk/id/country/scotland,,,
IV232RA,http://data.ordnancesurvey.co.uk/id/postcodeunit/IV232RA,IV23 2RA,,,,other,Postcode,199448.000,894471.000,3500,18000,,,,,,,Badluarach / Badluachrach,http://data.ordnancesurvey.co.uk/id/4000000074573054,http://www.ordnancesurvey.co.uk/xml/codelists/localtype.xml#otherSettlement,,,,Highland,http://data.ordnancesurvey.co.uk/id/7000000000029638,http://data.ordnancesurvey.co.uk/ontology/admingeo/UnitaryAuthority,Scotland,http://data.ordnancesurvey.co.uk/id/7000000000041429,Scotland,http://data.ordnancesurvey.co.uk/id/country/scotland,,,
IV222JP,http://data.ordnancesurvey.co.uk/id/postcodeunit/IV222JP,IV22 2JP,,,,other,Postcode,185597.000,880657.000,3500,18000,,,,,,,Poolewe,http://data.ordnancesurvey.co.uk/id/4000000074572045,http://www.ordnancesurvey.co.uk/xml/codelists/localtype.xml#village,,,,Highland,http://data.ordnancesurvey.co.uk/id/7000000000029638,http://data.ordnancesurvey.co.uk/ontology/admingeo/UnitaryAuthority,Scotland,http://data.ordnancesurvey.co.uk/id/7000000000041429,Scotland,http://data.ordnancesurvey.co.uk/id/country/scotland,,,
IV222LQ,http://data.ordnancesurvey.co.uk/id/postcodeunit/IV222LQ,IV22 2LQ,,,,other,Postcode,181844.000,887749.000,3500,18000,,,,,,,Fhaighear Mhòir / Firemore,http://data.ordnancesurvey.co.uk/id/4000000074540915,http://www.ordnancesurvey.co.uk/xml/codelists/localtype.xml#otherSettlement,,,,Highland,http://data.ordnancesurvey.co.uk/id/7000000000029638,http://data.ordnancesurvey.co.uk/ontology/admingeo/UnitaryAuthority,Scotland,http://data.ordnancesurvey.co.uk/id/7000000000041429,Scotland,http://data.ordnancesurvey.co.uk/id/country/scotland,,,
IV222LN,http://data.ordnancesurvey.co.uk/id/postcodeunit/IV222LN,IV22 2LN,,,,other,Postcode,182041.000,884870.000,3500,18000,,,,,,,Inverasdale,http://data.ordnancesurvey.co.uk/id/4000000074337049,http://www.ordnancesurvey.co.uk/xml/codelists/localtype.xml#otherSettlement,,,,Highland,http://data.ordnancesurvey.co.uk/id/7000000000029638,http://data.ordnancesurvey.co.uk/ontology/admingeo/UnitaryAuthority,Scotland,http://data.ordnancesurvey.co.uk/id/7000000000041429,Scotland,http://data.ordnancesurvey.co.uk/id/country/scotland,,,
IV222LD,http://data.ordnancesurvey.co.uk/id/postcodeunit/IV222LD,IV22 2LD,,,,other,Postcode,186131.000,880997.000,3500,18000,,,,,,,Lòndubh,http://data.ordnancesurvey.co.uk/id/4000000074572044,http://www.ordnancesurvey.co.uk/xml/codelists/localtype.xml#otherSettlement,,,,Highland,http://data.ordnancesurvey.co.uk/id/7000000000029638,http://data.ordnancesurvey.co.uk/ontology/admingeo/UnitaryAuthority,Scotland,http://data.ordnancesurvey.co.uk/id/7000000000041429,Scotland,http://data.ordnancesurvey.co.uk/id/country/scotland,,,
IV222JS,http://data.ordnancesurvey.co.uk/id/postcodeunit/IV222JS,IV22 2JS,,,,other,Postcode,185478.000,880799.000,3500,18000,,,,,,,Poolewe,http://data.ordnancesurvey.co.uk/id/4000000074572045,http://www.ordnancesurvey.co.uk/xml/codelists/localtype.xml#village,,,,Highland,http://data.ordnancesurvey.co.uk/id/7000000000029638,http://data.ordnancesurvey.co.uk/ontology/admingeo/UnitaryAuthority,Scotland,http://data.ordnancesurvey.co.uk/id/7000000000041429,Scotland,http://data.ordnancesurvey.co.uk/id/country/scotland,,,
IV222JX,http://data.ordnancesurvey.co.uk/id/postcodeunit/IV222JX,IV22 2JX,,,,other,Postcode,185654.000,880941.000,3500,18000,,,,,,,Poolewe,http://data.ordnancesurvey.co.uk/id/4000000074572045,http://www.ordnancesurvey.co.uk/xml/codelists/localtype.xml#village,,,,Highland,http://data.ordnancesurvey.co.uk/id/7000000000029638,http://data.ordnancesurvey.co.uk/ontology/admingeo/UnitaryAuthority,Scotland,http://data.ordnancesurvey.co.uk/id/7000000000041429,Scotland,http://data.ordnancesurvey.co.uk/id/country/scotland,,,
IV222JQ,http://data.ordnancesurvey.co.uk/id/postcodeunit/IV222JQ,IV22 2JQ,,,,other,Postcode,186652.000,889079.000,3500,18000,,,,,,,Àird,http://data.ordnancesurvey.co.uk/id/4000000074543138,http://www.ordnancesurvey.co.uk/xml/codelists/localtype.xml#village,,,,Highland,http://data.ordnancesurvey.co.uk/id/7000000000029638,http://data.ordnancesurvey.co.uk/ontology/admingeo/UnitaryAuthority,Scotland,http://data.ordnancesurvey.co.uk/id/7000000000041429,Scotland,http://data.ordnancesurvey.co.uk/id/country/scotland,,,
IV222LL,http://data.ordnancesurvey.co.uk/id/postcodeunit/IV222LL,IV22 2LL,,,,other,Postcode,182692.000,883355.000,3500,18000,,,,,,,Naast,http://data.ordnancesurvey.co.uk/id/4000000074572371,http://www.ordnancesurvey.co.uk/xml/codelists/localtype.xml#hamlet,,,,Highland,http://data.ordnancesurvey.co.uk/id/7000000000029638,http://data.ordnancesurvey.co.uk/ontology/admingeo/UnitaryAuthority,Scotland,http://data.ordnancesurvey.co.uk/id/7000000000041429,Scotland,http://data.ordnancesurvey.co.uk/id/country/scotland,,,
IV222LP,http://data.ordnancesurvey.co.uk/id/postcodeunit/IV222LP,IV22 2LP,,,,other,Postcode,182094.000,886181.000,3500,18000,,,,,,,Inverasdale,http://data.ordnancesurvey.co.uk/id/4000000074337049,http://www.ordnancesurvey.co.uk/xml/codelists/localtype.xml#otherSettlement,,,,Highland,http://data.ordnancesurvey.co.uk/id/7000000000029638,http://data.ordnancesurvey.co.uk/ontology/admingeo/UnitaryAuthority,Scotland,http://data.ordnancesurvey.co.uk/id/7000000000041429,Scotland,http://data.ordnancesurvey.co.uk/id/country/scotland,,,
IV222LS,http://data.ordnancesurvey.co.uk/id/postcodeunit/IV222LS,IV22 2LS,,,,other,Postcode,181167.000,889470.000,3500,18000,,,,,,,,,,,,,Highland,http://data.ordnancesurvey.co.uk/id/7000000000029638,http://data.ordnancesurvey.co.uk/ontology/admingeo/UnitaryAuthority,Scotland,http://data.ordnancesurvey.co.uk/id/7000000000041429,Scotland,http://data.ordnancesurvey.co.uk/id/country/scotland,,,
IV222HU,http://data.ordnancesurvey.co.uk/id/postcodeunit/IV222HU,IV22 2HU,,,,other,Postcode,187746.000,888457.000,3500,18000,,,,,,,Drumchork,http://data.ordnancesurvey.co.uk/id/4000000074572710,http://www.ordnancesurvey.co.uk/xml/codelists/localtype.xml#hamlet,,,,Highland,http://data.ordnancesurvey.co.uk/id/7000000000029638,http://data.ordnancesurvey.co.uk/ontology/admingeo/UnitaryAuthority,Scotland,http://data.ordnancesurvey.co.uk/id/7000000000041429,Scotland,http://data.ordnancesurvey.co.uk/id/country/scotland,,,
IV222NQ,http://data.ordnancesurvey.co.uk/id/postcodeunit/IV222NQ,IV22 2NQ,,,,other,Postcode,196133.000,892138.000,3500,18000,,,,,,,,,,,,,Highland,http://data.ordnancesurvey.co.uk/id/7000000000029638,http://data.ordnancesurvey.co.uk/ontology/admingeo/UnitaryAuthority,Scotland,http://data.ordnancesurvey.co.uk/id/7000000000041429,Scotland,http://data.ordnancesurvey.co.uk/id/country/scotland,,,
IV222JB,http://data.ordnancesurvey.co.uk/id/postcodeunit/IV222JB,IV22 2JB,,,,other,Postcode,188232.000,889049.000,3500,18000,,,,,,,Aultbea,http://data.ordnancesurvey.co.uk/id/4000000074572711,http://www.ordnancesurvey.co.uk/xml/codelists/localtype.xml#village,,,,Highland,http://data.ordnancesurvey.co.uk/id/7000000000029638,http://data.ordnancesurvey.co.uk/ontology/admingeo/UnitaryAuthority,Scotland,http://data.ordnancesurvey.co.uk/id/7000000000041429,Scotland,http://data.ordnancesurvey.co.uk/id/country/scotland,,,
IV222JU,http://data.ordnancesurvey.co.uk/id/postcodeunit/IV222JU,IV22 2JU,,,,other,Postcode,185616.000,880769.000,3500,18000,,,,,,,Poolewe,http://data.ordnancesurvey.co.uk/id/4000000074572045,http://www.ordnancesurvey.co.uk/xml/codelists/localtype.xml#village,,,,Highland,http://data.ordnancesurvey.co.uk/id/7000000000029638,http://data.ordnancesurvey.co.uk/ontology/admingeo/UnitaryAuthority,Scotland,http://data.ordnancesurvey.co.uk/id/7000000000041429,Scotland,http://data.ordnancesurvey.co.uk/id/country/scotland,,,
IV222JD,http://data.ordnancesurvey.co.uk/id/postcodeunit/IV222JD,IV22 2JD,,,,other,Postcode,186945.000,889241.000,3500,18000,,,,,,,Aultbea,http://data.ordnancesurvey.co.uk/id/4000000074572711,http://www.ordnancesurvey.co.uk/xml/codelists/localtype.xml#village,,,,Highland,http://data.ordnancesurvey.co.uk/id/7000000000029638,http://data.ordnancesurvey.co.uk/ontology/admingeo/UnitaryAuthority,Scotland,http://data.ordnancesurvey.co.uk/id/7000000000041429,Scotland,http://data.ordnancesurvey.co.uk/id/country/scotland,,,
IV222NS,http://data.ordnancesurvey.co.uk/id/postcodeunit/IV222NS,IV22 2NS,,,,other,Postcode,188824.000,893541.000,3500,18000,,,,,,,Achgarve,http://data.ordnancesurvey.co.uk/id/4000000074573053,http://www.ordnancesurvey.co.uk/xml/codelists/localtype.xml#hamlet,,,,Highland,http://data.ordnancesurvey.co.uk/id/7000000000029638,http://data.ordnancesurvey.co.uk/ontology/admingeo/UnitaryAuthority,Scotland,http://data.ordnancesurvey.co.uk/id/7000000000041429,Scotland,http://data.ordnancesurvey.co.uk/id/country/scotland,,,
IV222JN,http://data.ordnancesurvey.co.uk/id/postcodeunit/IV222JN,IV22 2JN,,,,other,Postcode,185155.000,891144.000,3500,18000,,,,,,,Mellon Charles,http://data.ordnancesurvey.co.uk/id/4000000074573057,http://www.ordnancesurvey.co.uk/xml/codelists/localtype.xml#village,,,,Highland,http://data.ordnancesurvey.co.uk/id/7000000000029638,http://data.ordnancesurvey.co.uk/ontology/admingeo/UnitaryAuthority,Scotland,http://data.ordnancesurvey.co.uk/id/7000000000041429,Scotland,http://data.ordnancesurvey.co.uk/id/country/scotland,,,
osgb4000000003445952,http://data.ordnancesurvey.co.uk/id/4000000003445952,Mackenzie Square,,,,transportNetwork,Named Road,186599.000,889109.000,1000,20000,186580.650,889084.965,186621.000,889138.150,IV22,http://data.ordnancesurvey.co.uk/id/postcodedistrict/IV22,Àird,http://data.ordnancesurvey.co.uk/id/4000000074543138,http://www.ordnancesurvey.co.uk/xml/codelists/localtype.xml#village,,,,Highland,http://data.ordnancesurvey.co.uk/id/7000000000029638,http://data.ordnancesurvey.co.uk/ontology/admingeo/UnitaryAuthority,Scotland,http://data.ordnancesurvey.co.uk/id/7000000000041429,Scotland,http://data.ordnancesurvey.co.uk/id/country/scotland,,,
osgb4000000003446179,http://data.ordnancesurvey.co.uk/id/4000000003446179,B8057,,,,transportNetwork,Numbered Road,182091.900,886558.575,73000,250000,180873.000,880756.274,185722.468,891986.000,IV22,http://data.ordnancesurvey.co.uk/id/postcodedistrict/IV22,Inverasdale,http://data.ordnancesurvey.co.uk/id/4000000074337049,http://www.ordnancesurvey.co.uk/xml/codelists/localtype.xml#otherSettlement,,,,Highland,http://data.ordnancesurvey.co.uk/id/7000000000029638,http://data.ordnancesurvey.co.uk/ontology/admingeo/UnitaryAuthority,Scotland,http://data.ordnancesurvey.co.uk/id/7000000000041429,Scotland,http://data.ordnancesurvey.co.uk/id/country/scotland,,,
osgb4000000003445818,http://data.ordnancesurvey.co.uk/id/4000000003445818,Cliffton,,,,transportNetwork,Named Road,185619.058,880783.852,1000,20000,185537.000,880774.837,185697.000,880879.000,IV22,http://data.ordnancesurvey.co.uk/id/postcodedistrict/IV22,Poolewe,http://data.ordnancesurvey.co.uk/id/4000000074572045,http://www.ordnancesurvey.co.uk/xml/codelists/localtype.xml#village,,,,Highland,http://data.ordnancesurvey.co.uk/id/7000000000029638,http://data.ordnancesurvey.co.uk/ontology/admingeo/UnitaryAuthority,Scotland,http://data.ordnancesurvey.co.uk/id/7000000000041429,Scotland,http://data.ordnancesurvey.co.uk/id/country/scotland,,,
osgb4000000003452464,http://data.ordnancesurvey.co.uk/id/4000000003452464,Geata Geal,,,,transportNetwork,Named Road,187943.789,888766.374,1000,20000,187902.665,888736.493,187979.292,888819.037,IV22,http://data.ordnancesurvey.co.uk/id/postcodedistrict/IV22,Aultbea,http://data.ordnancesurvey.co.uk/id/4000000074572711,http://www.ordnancesurvey.co.uk/xml/codelists/localtype.xml#village,,,,Highland,http://data.ordnancesurvey.co.uk/id/7000000000029638,http://data.ordnancesurvey.co.uk/ontology/admingeo/UnitaryAuthority,Scotland,http://data.ordnancesurvey.co.uk/id/7000000000041429,Scotland,http://data.ordnancesurvey.co.uk/id/country/scotland,,,
osgb4000000003445819,http://data.ordnancesurvey.co.uk/id/4000000003445819,Pier Road,,,,transportNetwork,Named Road,186677.000,889040.000,2000,20000,186663.000,888905.000,186725.000,889210.027,IV22,http://data.ordnancesurvey.co.uk/id/postcodedistrict/IV22,Àird,http://data.ordnancesurvey.co.uk/id/4000000074543138,http://www.ordnancesurvey.co.uk/xml/codelists/localtype.xml#village,,,,Highland,http://data.ordnancesurvey.co.uk/id/7000000000029638,http://data.ordnancesurvey.co.uk/ontology/admingeo/UnitaryAuthority,Scotland,http://data.ordnancesurvey.co.uk/id/7000000000041429,Scotland,http://data.ordnancesurvey.co.uk/id/country/scotland,,,
osgb4000000003445887,http://data.ordnancesurvey.co.uk/id/4000000003445887,St Maelrubha Close,,,,transportNetwork,Named Road,185638.000,880657.000,1000,20000,185568.508,880629.241,185721.000,880702.000,IV22,http://data.ordnancesurvey.co.uk/id/postcodedistrict/IV22,Poolewe,http://data.ordnancesurvey.co.uk/id/4000000074572045,http://www.ordnancesurvey.co.uk/xml/codelists/localtype.xml#village,,,,Highland,http://data.ordnancesurvey.co.uk/id/7000000000029638,http://data.ordnancesurvey.co.uk/ontology/admingeo/UnitaryAuthority,Scotland,http://data.ordnancesurvey.co.uk/id/7000000000041429,Scotland,http://data.ordnancesurvey.co.uk/id/country/scotland,,,
osgb4000000003453461,http://data.ordnancesurvey.co.uk/id/4000000003453461,Sydney's Way,,,,transportNetwork,Named Road,185514.316,880806.943,1000,20000,185488.129,880802.490,185537.000,880850.000,IV22,http://data.ordnancesurvey.co.uk/id/postcodedistrict/IV22,Poolewe,http://data.ordnancesurvey.co.uk/id/4000000074572045,http://www.ordnancesurvey.co.uk/xml/codelists/localtype.xml#village,,,,Highland,http://data.ordnancesurvey.co.uk/id/7000000000029638,http://data.ordnancesurvey.co.uk/ontology/admingeo/UnitaryAuthority,Scotland,http://data.ordnancesurvey.co.uk/id/7000000000041429,Scotland,http://data.ordnancesurvey.co.uk/id/country/scotland,,,
osgb4000000003449413,http://data.ordnancesurvey.co.uk/id/4000000003449413,Cliffton Place,,,,transportNetwork,Named Road,185554.014,880786.149,1000,20000,185506.998,880759.871,185554.838,880850.000,IV22,http://data.ordnancesurvey.co.uk/id/postcodedistrict/IV22,Poolewe,http://data.ordnancesurvey.co.uk/id/4000000074572045,http://www.ordnancesurvey.co.uk/xml/codelists/localtype.xml#village,,,,Highland,http://data.ordnancesurvey.co.uk/id/7000000000029638,http://data.ordnancesurvey.co.uk/ontology/admingeo/UnitaryAuthority,Scotland,http://data.ordnancesurvey.co.uk/id/7000000000041429,Scotland,http://data.ordnancesurvey.co.uk/id/country/scotland,,,
IV222JL,http://data.ordnancesurvey.co.uk/id/postcodeunit/IV222JL,IV22 2JL,,,,other,Postcode,184506.000,891574.000,3500,18000,,,,,,,Mellon Charles,http://data.ordnancesurvey.co.uk/id/4000000074573057,http://www.ordnancesurvey.co.uk/xml/codelists/localtype.xml#village,,,,Highland,http://data.ordnancesurvey.co.uk/id/7000000000029638,http://data.ordnancesurvey.co.uk/ontology/admingeo/UnitaryAuthority,Scotland,http://data.ordnancesurvey.co.uk/id/7000000000041429,Scotland,http://data.ordnancesurvey.co.uk/id/country/scotland,,,
osgb4000000003445888,http://data.ordnancesurvey.co.uk/id/4000000003445888,Columba Court,,,,transportNetwork,Named Road,190111.000,891846.000,1000,20000,190065.000,891757.000,190146.000,891920.000,IV22,http://data.ordnancesurvey.co.uk/id/postcodedistrict/IV22,Laide,http://data.ordnancesurvey.co.uk/id/4000000074573052,http://www.ordnancesurvey.co.uk/xml/codelists/localtype.xml#village,,,,Highland,http://data.ordnancesurvey.co.uk/id/7000000000029638,http://data.ordnancesurvey.co.uk/ontology/admingeo/UnitaryAuthority,Scotland,http://data.ordnancesurvey.co.uk/id/7000000000041429,Scotland,http://data.ordnancesurvey.co.uk/id/country/scotland,,,
