﻿osgb4000000074557863,http://data.ordnancesurvey.co.uk/id/4000000074557863,Dalchreichart,,,,populatedPlace,Hamlet,229056.000,812688.000,5000,25000,228171.278,812564.199,229588.917,813064.199,IV63,http://data.ordnancesurvey.co.uk/id/postcodedistrict/IV63,,,,,,,Highland,http://data.ordnancesurvey.co.uk/id/7000000000029638,http://data.ordnancesurvey.co.uk/ontology/admingeo/UnitaryAuthority,Scotland,http://data.ordnancesurvey.co.uk/id/7000000000041429,Scotland,http://data.ordnancesurvey.co.uk/id/country/scotland,,http://dbpedia.org/resource/Dalchreichart,
osgb4000000074556382,http://data.ordnancesurvey.co.uk/id/4000000074556382,Cullochy Lock,,,,populatedPlace,Other Settlement,234118.700,804199.380,15000,25000,233882.152,803952.789,234382.152,804452.789,PH35,http://data.ordnancesurvey.co.uk/id/postcodedistrict/PH35,,,,,,,Highland,http://data.ordnancesurvey.co.uk/id/7000000000029638,http://data.ordnancesurvey.co.uk/ontology/admingeo/UnitaryAuthority,Scotland,http://data.ordnancesurvey.co.uk/id/7000000000041429,Scotland,http://data.ordnancesurvey.co.uk/id/country/scotland,,,
osgb4000000074555248,http://data.ordnancesurvey.co.uk/id/4000000074555248,Aberchalder,,,,populatedPlace,Hamlet,233863.210,803610.390,5000,25000,233754.058,803081.120,234791.963,804114.184,PH35,http://data.ordnancesurvey.co.uk/id/postcodedistrict/PH35,,,,,,,Highland,http://data.ordnancesurvey.co.uk/id/7000000000029638,http://data.ordnancesurvey.co.uk/ontology/admingeo/UnitaryAuthority,Scotland,http://data.ordnancesurvey.co.uk/id/7000000000041429,Scotland,http://data.ordnancesurvey.co.uk/id/country/scotland,,http://dbpedia.org/resource/Aberchalder,
osgb4000000074555618,http://data.ordnancesurvey.co.uk/id/4000000074555618,Newtown,,,,populatedPlace,Hamlet,235365.560,804948.090,5000,25000,235046.923,804603.257,235546.923,805103.257,PH35,http://data.ordnancesurvey.co.uk/id/postcodedistrict/PH35,,,,,,,Highland,http://data.ordnancesurvey.co.uk/id/7000000000029638,http://data.ordnancesurvey.co.uk/ontology/admingeo/UnitaryAuthority,Scotland,http://data.ordnancesurvey.co.uk/id/7000000000041429,Scotland,http://data.ordnancesurvey.co.uk/id/country/scotland,,,
osgb4000000074557862,http://data.ordnancesurvey.co.uk/id/4000000074557862,Dundreggan,,,,populatedPlace,Other Settlement,232777.000,814467.000,15000,25000,231998.157,814139.474,233796.594,814818.130,IV63,http://data.ordnancesurvey.co.uk/id/postcodedistrict/IV63,,,,,,,Highland,http://data.ordnancesurvey.co.uk/id/7000000000029638,http://data.ordnancesurvey.co.uk/ontology/admingeo/UnitaryAuthority,Scotland,http://data.ordnancesurvey.co.uk/id/7000000000041429,Scotland,http://data.ordnancesurvey.co.uk/id/country/scotland,,,http://sws.geonames.org/2650743
osgb4000000074337929,http://data.ordnancesurvey.co.uk/id/4000000074337929,Glen Moriston,,,,populatedPlace,Other Settlement,229760.800,812808.510,15000,25000,229583.376,812344.798,230991.476,813219.508,IV63,http://data.ordnancesurvey.co.uk/id/postcodedistrict/IV63,,,,,,,Highland,http://data.ordnancesurvey.co.uk/id/7000000000029638,http://data.ordnancesurvey.co.uk/ontology/admingeo/UnitaryAuthority,Scotland,http://data.ordnancesurvey.co.uk/id/7000000000041429,Scotland,http://data.ordnancesurvey.co.uk/id/country/scotland,,,
osgb4000000074556754,http://data.ordnancesurvey.co.uk/id/4000000074556754,Invergarry,,,,populatedPlace,Village,228872.310,801129.830,22000,250000,228751.903,800845.320,232201.752,801505.131,PH35,http://data.ordnancesurvey.co.uk/id/postcodedistrict/PH35,,,,,,,Highland,http://data.ordnancesurvey.co.uk/id/7000000000029638,http://data.ordnancesurvey.co.uk/ontology/admingeo/UnitaryAuthority,Scotland,http://data.ordnancesurvey.co.uk/id/7000000000041429,Scotland,http://data.ordnancesurvey.co.uk/id/country/scotland,,http://dbpedia.org/resource/Invergarry,http://sws.geonames.org/2646119
osgb4000000074555247,http://data.ordnancesurvey.co.uk/id/4000000074555247,Fort Augustus,,,,populatedPlace,Village,237946.000,809097.000,15000,250000,237065.464,807948.546,239116.522,810323.846,PH32,http://data.ordnancesurvey.co.uk/id/postcodedistrict/PH32,,,,,,,Highland,http://data.ordnancesurvey.co.uk/id/7000000000029638,http://data.ordnancesurvey.co.uk/ontology/admingeo/UnitaryAuthority,Scotland,http://data.ordnancesurvey.co.uk/id/7000000000041429,Scotland,http://data.ordnancesurvey.co.uk/id/country/scotland,,http://dbpedia.org/resource/Fort_Augustus,http://sws.geonames.org/2649183
osgb4000000074557125,http://data.ordnancesurvey.co.uk/id/4000000074557125,Auchteraw,,,,populatedPlace,Other Settlement,235204.000,808242.000,15000,25000,234588.359,807292.564,236718.594,809260.671,PH32,http://data.ordnancesurvey.co.uk/id/postcodedistrict/PH32,,,,,,,Highland,http://data.ordnancesurvey.co.uk/id/7000000000029638,http://data.ordnancesurvey.co.uk/ontology/admingeo/UnitaryAuthority,Scotland,http://data.ordnancesurvey.co.uk/id/7000000000041429,Scotland,http://data.ordnancesurvey.co.uk/id/country/scotland,,,
osgb4000000074557124,http://data.ordnancesurvey.co.uk/id/4000000074557124,Faichem,,,,populatedPlace,Hamlet,228729.000,801211.000,5000,25000,228400.109,801143.174,228900.109,801867.077,PH35,http://data.ordnancesurvey.co.uk/id/postcodedistrict/PH35,,,,,,,Highland,http://data.ordnancesurvey.co.uk/id/7000000000029638,http://data.ordnancesurvey.co.uk/ontology/admingeo/UnitaryAuthority,Scotland,http://data.ordnancesurvey.co.uk/id/7000000000041429,Scotland,http://data.ordnancesurvey.co.uk/id/country/scotland,,,http://sws.geonames.org/6946947
osgb4000000074556383,http://data.ordnancesurvey.co.uk/id/4000000074556383,Easter Mandally,,,,populatedPlace,Hamlet,230490.000,800811.000,5000,25000,229969.723,800565.159,231017.868,801065.159,PH35,http://data.ordnancesurvey.co.uk/id/postcodedistrict/PH35,,,,,,,Highland,http://data.ordnancesurvey.co.uk/id/7000000000029638,http://data.ordnancesurvey.co.uk/ontology/admingeo/UnitaryAuthority,Scotland,http://data.ordnancesurvey.co.uk/id/7000000000041429,Scotland,http://data.ordnancesurvey.co.uk/id/country/scotland,,,
osgb4000000074556755,http://data.ordnancesurvey.co.uk/id/4000000074556755,Wester Mandally,,,,populatedPlace,Hamlet,229961.000,800736.000,5000,25000,229151.558,800455.820,229984.804,800955.820,PH35,http://data.ordnancesurvey.co.uk/id/postcodedistrict/PH35,,,,,,,Highland,http://data.ordnancesurvey.co.uk/id/7000000000029638,http://data.ordnancesurvey.co.uk/ontology/admingeo/UnitaryAuthority,Scotland,http://data.ordnancesurvey.co.uk/id/7000000000041429,Scotland,http://data.ordnancesurvey.co.uk/id/country/scotland,,,
PH324BY,http://data.ordnancesurvey.co.uk/id/postcodeunit/PH324BY,PH32 4BY,,,,other,Postcode,237208.000,807540.000,3500,18000,,,,,,,,,,,,,Highland,http://data.ordnancesurvey.co.uk/id/7000000000029638,http://data.ordnancesurvey.co.uk/ontology/admingeo/UnitaryAuthority,Scotland,http://data.ordnancesurvey.co.uk/id/7000000000041429,Scotland,http://data.ordnancesurvey.co.uk/id/country/scotland,,,
PH354AA,http://data.ordnancesurvey.co.uk/id/postcodeunit/PH354AA,PH35 4AA,,,,other,Postcode,230604.000,801089.000,3500,18000,,,,,,,Invergarry,http://data.ordnancesurvey.co.uk/id/4000000074556754,http://www.ordnancesurvey.co.uk/xml/codelists/localtype.xml#village,,,,Highland,http://data.ordnancesurvey.co.uk/id/7000000000029638,http://data.ordnancesurvey.co.uk/ontology/admingeo/UnitaryAuthority,Scotland,http://data.ordnancesurvey.co.uk/id/7000000000041429,Scotland,http://data.ordnancesurvey.co.uk/id/country/scotland,,,
PH354HL,http://data.ordnancesurvey.co.uk/id/postcodeunit/PH354HL,PH35 4HL,,,,other,Postcode,231113.000,801171.000,3500,18000,,,,,,,Invergarry,http://data.ordnancesurvey.co.uk/id/4000000074556754,http://www.ordnancesurvey.co.uk/xml/codelists/localtype.xml#village,,,,Highland,http://data.ordnancesurvey.co.uk/id/7000000000029638,http://data.ordnancesurvey.co.uk/ontology/admingeo/UnitaryAuthority,Scotland,http://data.ordnancesurvey.co.uk/id/7000000000041429,Scotland,http://data.ordnancesurvey.co.uk/id/country/scotland,,,
PH324BD,http://data.ordnancesurvey.co.uk/id/postcodeunit/PH324BD,PH32 4BD,,,,other,Postcode,237919.000,809129.000,3500,18000,,,,,,,Fort Augustus,http://data.ordnancesurvey.co.uk/id/4000000074555247,http://www.ordnancesurvey.co.uk/xml/codelists/localtype.xml#village,,,,Highland,http://data.ordnancesurvey.co.uk/id/7000000000029638,http://data.ordnancesurvey.co.uk/ontology/admingeo/UnitaryAuthority,Scotland,http://data.ordnancesurvey.co.uk/id/7000000000041429,Scotland,http://data.ordnancesurvey.co.uk/id/country/scotland,,,
PH324DX,http://data.ordnancesurvey.co.uk/id/postcodeunit/PH324DX,PH32 4DX,,,,other,Postcode,237893.000,809562.000,3500,18000,,,,,,,Fort Augustus,http://data.ordnancesurvey.co.uk/id/4000000074555247,http://www.ordnancesurvey.co.uk/xml/codelists/localtype.xml#village,,,,Highland,http://data.ordnancesurvey.co.uk/id/7000000000029638,http://data.ordnancesurvey.co.uk/ontology/admingeo/UnitaryAuthority,Scotland,http://data.ordnancesurvey.co.uk/id/7000000000041429,Scotland,http://data.ordnancesurvey.co.uk/id/country/scotland,,,
PH324BZ,http://data.ordnancesurvey.co.uk/id/postcodeunit/PH324BZ,PH32 4BZ,,,,other,Postcode,239042.000,808489.000,3500,18000,,,,,,,Fort Augustus,http://data.ordnancesurvey.co.uk/id/4000000074555247,http://www.ordnancesurvey.co.uk/xml/codelists/localtype.xml#village,,,,Highland,http://data.ordnancesurvey.co.uk/id/7000000000029638,http://data.ordnancesurvey.co.uk/ontology/admingeo/UnitaryAuthority,Scotland,http://data.ordnancesurvey.co.uk/id/7000000000041429,Scotland,http://data.ordnancesurvey.co.uk/id/country/scotland,,,
PH324DT,http://data.ordnancesurvey.co.uk/id/postcodeunit/PH324DT,PH32 4DT,,,,other,Postcode,237496.000,808827.000,3500,18000,,,,,,,Fort Augustus,http://data.ordnancesurvey.co.uk/id/4000000074555247,http://www.ordnancesurvey.co.uk/xml/codelists/localtype.xml#village,,,,Highland,http://data.ordnancesurvey.co.uk/id/7000000000029638,http://data.ordnancesurvey.co.uk/ontology/admingeo/UnitaryAuthority,Scotland,http://data.ordnancesurvey.co.uk/id/7000000000041429,Scotland,http://data.ordnancesurvey.co.uk/id/country/scotland,,,
PH324BW,http://data.ordnancesurvey.co.uk/id/postcodeunit/PH324BW,PH32 4BW,,,,other,Postcode,237373.000,809570.000,3500,18000,,,,,,,Fort Augustus,http://data.ordnancesurvey.co.uk/id/4000000074555247,http://www.ordnancesurvey.co.uk/xml/codelists/localtype.xml#village,,,,Highland,http://data.ordnancesurvey.co.uk/id/7000000000029638,http://data.ordnancesurvey.co.uk/ontology/admingeo/UnitaryAuthority,Scotland,http://data.ordnancesurvey.co.uk/id/7000000000041429,Scotland,http://data.ordnancesurvey.co.uk/id/country/scotland,,,
PH324DN,http://data.ordnancesurvey.co.uk/id/postcodeunit/PH324DN,PH32 4DN,,,,other,Postcode,237665.000,809061.000,3500,18000,,,,,,,Fort Augustus,http://data.ordnancesurvey.co.uk/id/4000000074555247,http://www.ordnancesurvey.co.uk/xml/codelists/localtype.xml#village,,,,Highland,http://data.ordnancesurvey.co.uk/id/7000000000029638,http://data.ordnancesurvey.co.uk/ontology/admingeo/UnitaryAuthority,Scotland,http://data.ordnancesurvey.co.uk/id/7000000000041429,Scotland,http://data.ordnancesurvey.co.uk/id/country/scotland,,,
PH354HN,http://data.ordnancesurvey.co.uk/id/postcodeunit/PH354HN,PH35 4HN,,,,other,Postcode,234443.000,804007.000,3500,18000,,,,,,,Aberchalder,http://data.ordnancesurvey.co.uk/id/4000000074555248,http://www.ordnancesurvey.co.uk/xml/codelists/localtype.xml#hamlet,,,,Highland,http://data.ordnancesurvey.co.uk/id/7000000000029638,http://data.ordnancesurvey.co.uk/ontology/admingeo/UnitaryAuthority,Scotland,http://data.ordnancesurvey.co.uk/id/7000000000041429,Scotland,http://data.ordnancesurvey.co.uk/id/country/scotland,,,
PH324BQ,http://data.ordnancesurvey.co.uk/id/postcodeunit/PH324BQ,PH32 4BQ,,,,other,Postcode,237798.000,808986.000,3500,18000,,,,,,,Fort Augustus,http://data.ordnancesurvey.co.uk/id/4000000074555247,http://www.ordnancesurvey.co.uk/xml/codelists/localtype.xml#village,,,,Highland,http://data.ordnancesurvey.co.uk/id/7000000000029638,http://data.ordnancesurvey.co.uk/ontology/admingeo/UnitaryAuthority,Scotland,http://data.ordnancesurvey.co.uk/id/7000000000041429,Scotland,http://data.ordnancesurvey.co.uk/id/country/scotland,,,
PH324DJ,http://data.ordnancesurvey.co.uk/id/postcodeunit/PH324DJ,PH32 4DJ,,,,other,Postcode,237946.000,809252.000,3500,18000,,,,,,,Fort Augustus,http://data.ordnancesurvey.co.uk/id/4000000074555247,http://www.ordnancesurvey.co.uk/xml/codelists/localtype.xml#village,,,,Highland,http://data.ordnancesurvey.co.uk/id/7000000000029638,http://data.ordnancesurvey.co.uk/ontology/admingeo/UnitaryAuthority,Scotland,http://data.ordnancesurvey.co.uk/id/7000000000041429,Scotland,http://data.ordnancesurvey.co.uk/id/country/scotland,,,
PH324DS,http://data.ordnancesurvey.co.uk/id/postcodeunit/PH324DS,PH32 4DS,,,,other,Postcode,237383.000,808382.000,3500,18000,,,,,,,Fort Augustus,http://data.ordnancesurvey.co.uk/id/4000000074555247,http://www.ordnancesurvey.co.uk/xml/codelists/localtype.xml#village,,,,Highland,http://data.ordnancesurvey.co.uk/id/7000000000029638,http://data.ordnancesurvey.co.uk/ontology/admingeo/UnitaryAuthority,Scotland,http://data.ordnancesurvey.co.uk/id/7000000000041429,Scotland,http://data.ordnancesurvey.co.uk/id/country/scotland,,,
PH354HT,http://data.ordnancesurvey.co.uk/id/postcodeunit/PH354HT,PH35 4HT,,,,other,Postcode,235261.000,804754.000,3500,18000,,,,,,,Newtown,http://data.ordnancesurvey.co.uk/id/4000000074555618,http://www.ordnancesurvey.co.uk/xml/codelists/localtype.xml#hamlet,,,,Highland,http://data.ordnancesurvey.co.uk/id/7000000000029638,http://data.ordnancesurvey.co.uk/ontology/admingeo/UnitaryAuthority,Scotland,http://data.ordnancesurvey.co.uk/id/7000000000041429,Scotland,http://data.ordnancesurvey.co.uk/id/country/scotland,,,
PH324AY,http://data.ordnancesurvey.co.uk/id/postcodeunit/PH324AY,PH32 4AY,,,,other,Postcode,237812.000,809124.000,3500,18000,,,,,,,Fort Augustus,http://data.ordnancesurvey.co.uk/id/4000000074555247,http://www.ordnancesurvey.co.uk/xml/codelists/localtype.xml#village,,,,Highland,http://data.ordnancesurvey.co.uk/id/7000000000029638,http://data.ordnancesurvey.co.uk/ontology/admingeo/UnitaryAuthority,Scotland,http://data.ordnancesurvey.co.uk/id/7000000000041429,Scotland,http://data.ordnancesurvey.co.uk/id/country/scotland,,,
PH324BL,http://data.ordnancesurvey.co.uk/id/postcodeunit/PH324BL,PH32 4BL,,,,other,Postcode,238069.000,810253.000,3500,18000,,,,,,,Fort Augustus,http://data.ordnancesurvey.co.uk/id/4000000074555247,http://www.ordnancesurvey.co.uk/xml/codelists/localtype.xml#village,,,,Highland,http://data.ordnancesurvey.co.uk/id/7000000000029638,http://data.ordnancesurvey.co.uk/ontology/admingeo/UnitaryAuthority,Scotland,http://data.ordnancesurvey.co.uk/id/7000000000041429,Scotland,http://data.ordnancesurvey.co.uk/id/country/scotland,,,
IV637YL,http://data.ordnancesurvey.co.uk/id/postcodeunit/IV637YL,IV63 7YL,,,,other,Postcode,230569.000,812967.000,3500,18000,,,,,,,Glen Moriston,http://data.ordnancesurvey.co.uk/id/4000000074337929,http://www.ordnancesurvey.co.uk/xml/codelists/localtype.xml#otherSettlement,,,,Highland,http://data.ordnancesurvey.co.uk/id/7000000000029638,http://data.ordnancesurvey.co.uk/ontology/admingeo/UnitaryAuthority,Scotland,http://data.ordnancesurvey.co.uk/id/7000000000041429,Scotland,http://data.ordnancesurvey.co.uk/id/country/scotland,,,
PH324DH,http://data.ordnancesurvey.co.uk/id/postcodeunit/PH324DH,PH32 4DH,,,,other,Postcode,238050.000,809521.000,3500,18000,,,,,,,Fort Augustus,http://data.ordnancesurvey.co.uk/id/4000000074555247,http://www.ordnancesurvey.co.uk/xml/codelists/localtype.xml#village,,,,Highland,http://data.ordnancesurvey.co.uk/id/7000000000029638,http://data.ordnancesurvey.co.uk/ontology/admingeo/UnitaryAuthority,Scotland,http://data.ordnancesurvey.co.uk/id/7000000000041429,Scotland,http://data.ordnancesurvey.co.uk/id/country/scotland,,,
IV637YH,http://data.ordnancesurvey.co.uk/id/postcodeunit/IV637YH,IV63 7YH,,,,other,Postcode,238277.000,816488.000,3500,18000,,,,,,,,,,,,,Highland,http://data.ordnancesurvey.co.uk/id/7000000000029638,http://data.ordnancesurvey.co.uk/ontology/admingeo/UnitaryAuthority,Scotland,http://data.ordnancesurvey.co.uk/id/7000000000041429,Scotland,http://data.ordnancesurvey.co.uk/id/country/scotland,,,
PH324AZ,http://data.ordnancesurvey.co.uk/id/postcodeunit/PH324AZ,PH32 4AZ,,,,other,Postcode,237708.000,809101.000,3500,18000,,,,,,,Fort Augustus,http://data.ordnancesurvey.co.uk/id/4000000074555247,http://www.ordnancesurvey.co.uk/xml/codelists/localtype.xml#village,,,,Highland,http://data.ordnancesurvey.co.uk/id/7000000000029638,http://data.ordnancesurvey.co.uk/ontology/admingeo/UnitaryAuthority,Scotland,http://data.ordnancesurvey.co.uk/id/7000000000041429,Scotland,http://data.ordnancesurvey.co.uk/id/country/scotland,,,
PH324DD,http://data.ordnancesurvey.co.uk/id/postcodeunit/PH324DD,PH32 4DD,,,,other,Postcode,237888.000,809340.000,3500,18000,,,,,,,Fort Augustus,http://data.ordnancesurvey.co.uk/id/4000000074555247,http://www.ordnancesurvey.co.uk/xml/codelists/localtype.xml#village,,,,Highland,http://data.ordnancesurvey.co.uk/id/7000000000029638,http://data.ordnancesurvey.co.uk/ontology/admingeo/UnitaryAuthority,Scotland,http://data.ordnancesurvey.co.uk/id/7000000000041429,Scotland,http://data.ordnancesurvey.co.uk/id/country/scotland,,,
PH324BP,http://data.ordnancesurvey.co.uk/id/postcodeunit/PH324BP,PH32 4BP,,,,other,Postcode,237204.000,809557.000,3500,18000,,,,,,,Fort Augustus,http://data.ordnancesurvey.co.uk/id/4000000074555247,http://www.ordnancesurvey.co.uk/xml/codelists/localtype.xml#village,,,,Highland,http://data.ordnancesurvey.co.uk/id/7000000000029638,http://data.ordnancesurvey.co.uk/ontology/admingeo/UnitaryAuthority,Scotland,http://data.ordnancesurvey.co.uk/id/7000000000041429,Scotland,http://data.ordnancesurvey.co.uk/id/country/scotland,,,
IV637YJ,http://data.ordnancesurvey.co.uk/id/postcodeunit/IV637YJ,IV63 7YJ,,,,other,Postcode,230845.000,813150.000,3500,18000,,,,,,,Glen Moriston,http://data.ordnancesurvey.co.uk/id/4000000074337929,http://www.ordnancesurvey.co.uk/xml/codelists/localtype.xml#otherSettlement,,,,Highland,http://data.ordnancesurvey.co.uk/id/7000000000029638,http://data.ordnancesurvey.co.uk/ontology/admingeo/UnitaryAuthority,Scotland,http://data.ordnancesurvey.co.uk/id/7000000000041429,Scotland,http://data.ordnancesurvey.co.uk/id/country/scotland,,,
PH324BA,http://data.ordnancesurvey.co.uk/id/postcodeunit/PH324BA,PH32 4BA,,,,other,Postcode,237718.000,809203.000,3500,18000,,,,,,,Fort Augustus,http://data.ordnancesurvey.co.uk/id/4000000074555247,http://www.ordnancesurvey.co.uk/xml/codelists/localtype.xml#village,,,,Highland,http://data.ordnancesurvey.co.uk/id/7000000000029638,http://data.ordnancesurvey.co.uk/ontology/admingeo/UnitaryAuthority,Scotland,http://data.ordnancesurvey.co.uk/id/7000000000041429,Scotland,http://data.ordnancesurvey.co.uk/id/country/scotland,,,
PH324BN,http://data.ordnancesurvey.co.uk/id/postcodeunit/PH324BN,PH32 4BN,,,,other,Postcode,238044.000,810134.000,3500,18000,,,,,,,Fort Augustus,http://data.ordnancesurvey.co.uk/id/4000000074555247,http://www.ordnancesurvey.co.uk/xml/codelists/localtype.xml#village,,,,Highland,http://data.ordnancesurvey.co.uk/id/7000000000029638,http://data.ordnancesurvey.co.uk/ontology/admingeo/UnitaryAuthority,Scotland,http://data.ordnancesurvey.co.uk/id/7000000000041429,Scotland,http://data.ordnancesurvey.co.uk/id/country/scotland,,,
PH354HB,http://data.ordnancesurvey.co.uk/id/postcodeunit/PH354HB,PH35 4HB,,,,other,Postcode,230313.000,800981.000,3500,18000,,,,,,,Invergarry,http://data.ordnancesurvey.co.uk/id/4000000074556754,http://www.ordnancesurvey.co.uk/xml/codelists/localtype.xml#village,,,,Highland,http://data.ordnancesurvey.co.uk/id/7000000000029638,http://data.ordnancesurvey.co.uk/ontology/admingeo/UnitaryAuthority,Scotland,http://data.ordnancesurvey.co.uk/id/7000000000041429,Scotland,http://data.ordnancesurvey.co.uk/id/country/scotland,,,
PH354HG,http://data.ordnancesurvey.co.uk/id/postcodeunit/PH354HG,PH35 4HG,,,,other,Postcode,229288.000,801062.000,3500,18000,,,,,,,Invergarry,http://data.ordnancesurvey.co.uk/id/4000000074556754,http://www.ordnancesurvey.co.uk/xml/codelists/localtype.xml#village,,,,Highland,http://data.ordnancesurvey.co.uk/id/7000000000029638,http://data.ordnancesurvey.co.uk/ontology/admingeo/UnitaryAuthority,Scotland,http://data.ordnancesurvey.co.uk/id/7000000000041429,Scotland,http://data.ordnancesurvey.co.uk/id/country/scotland,,,
IV637YN,http://data.ordnancesurvey.co.uk/id/postcodeunit/IV637YN,IV63 7YN,,,,other,Postcode,227912.000,812485.000,3500,18000,,,,,,,,,,,,,Highland,http://data.ordnancesurvey.co.uk/id/7000000000029638,http://data.ordnancesurvey.co.uk/ontology/admingeo/UnitaryAuthority,Scotland,http://data.ordnancesurvey.co.uk/id/7000000000041429,Scotland,http://data.ordnancesurvey.co.uk/id/country/scotland,,,
PH324BJ,http://data.ordnancesurvey.co.uk/id/postcodeunit/PH324BJ,PH32 4BJ,,,,other,Postcode,238149.000,809154.000,3500,18000,,,,,,,Fort Augustus,http://data.ordnancesurvey.co.uk/id/4000000074555247,http://www.ordnancesurvey.co.uk/xml/codelists/localtype.xml#village,,,,Highland,http://data.ordnancesurvey.co.uk/id/7000000000029638,http://data.ordnancesurvey.co.uk/ontology/admingeo/UnitaryAuthority,Scotland,http://data.ordnancesurvey.co.uk/id/7000000000041429,Scotland,http://data.ordnancesurvey.co.uk/id/country/scotland,,,
PH354HW,http://data.ordnancesurvey.co.uk/id/postcodeunit/PH354HW,PH35 4HW,,,,other,Postcode,231685.000,801011.000,3500,18000,,,,,,,Invergarry,http://data.ordnancesurvey.co.uk/id/4000000074556754,http://www.ordnancesurvey.co.uk/xml/codelists/localtype.xml#village,,,,Highland,http://data.ordnancesurvey.co.uk/id/7000000000029638,http://data.ordnancesurvey.co.uk/ontology/admingeo/UnitaryAuthority,Scotland,http://data.ordnancesurvey.co.uk/id/7000000000041429,Scotland,http://data.ordnancesurvey.co.uk/id/country/scotland,,,
PH324DP,http://data.ordnancesurvey.co.uk/id/postcodeunit/PH324DP,PH32 4DP,,,,other,Postcode,237554.000,808847.000,3500,18000,,,,,,,Fort Augustus,http://data.ordnancesurvey.co.uk/id/4000000074555247,http://www.ordnancesurvey.co.uk/xml/codelists/localtype.xml#village,,,,Highland,http://data.ordnancesurvey.co.uk/id/7000000000029638,http://data.ordnancesurvey.co.uk/ontology/admingeo/UnitaryAuthority,Scotland,http://data.ordnancesurvey.co.uk/id/7000000000041429,Scotland,http://data.ordnancesurvey.co.uk/id/country/scotland,,,
PH324DL,http://data.ordnancesurvey.co.uk/id/postcodeunit/PH324DL,PH32 4DL,,,,other,Postcode,237625.000,809062.000,3500,18000,,,,,,,Fort Augustus,http://data.ordnancesurvey.co.uk/id/4000000074555247,http://www.ordnancesurvey.co.uk/xml/codelists/localtype.xml#village,,,,Highland,http://data.ordnancesurvey.co.uk/id/7000000000029638,http://data.ordnancesurvey.co.uk/ontology/admingeo/UnitaryAuthority,Scotland,http://data.ordnancesurvey.co.uk/id/7000000000041429,Scotland,http://data.ordnancesurvey.co.uk/id/country/scotland,,,
PH324DE,http://data.ordnancesurvey.co.uk/id/postcodeunit/PH324DE,PH32 4DE,,,,other,Postcode,238190.000,809128.000,3500,18000,,,,,,,Fort Augustus,http://data.ordnancesurvey.co.uk/id/4000000074555247,http://www.ordnancesurvey.co.uk/xml/codelists/localtype.xml#village,,,,Highland,http://data.ordnancesurvey.co.uk/id/7000000000029638,http://data.ordnancesurvey.co.uk/ontology/admingeo/UnitaryAuthority,Scotland,http://data.ordnancesurvey.co.uk/id/7000000000041429,Scotland,http://data.ordnancesurvey.co.uk/id/country/scotland,,,
PH324BH,http://data.ordnancesurvey.co.uk/id/postcodeunit/PH324BH,PH32 4BH,,,,other,Postcode,237616.000,808945.000,3500,18000,,,,,,,Fort Augustus,http://data.ordnancesurvey.co.uk/id/4000000074555247,http://www.ordnancesurvey.co.uk/xml/codelists/localtype.xml#village,,,,Highland,http://data.ordnancesurvey.co.uk/id/7000000000029638,http://data.ordnancesurvey.co.uk/ontology/admingeo/UnitaryAuthority,Scotland,http://data.ordnancesurvey.co.uk/id/7000000000041429,Scotland,http://data.ordnancesurvey.co.uk/id/country/scotland,,,
PH324DF,http://data.ordnancesurvey.co.uk/id/postcodeunit/PH324DF,PH32 4DF,,,,other,Postcode,237944.000,809370.000,3500,18000,,,,,,,Fort Augustus,http://data.ordnancesurvey.co.uk/id/4000000074555247,http://www.ordnancesurvey.co.uk/xml/codelists/localtype.xml#village,,,,Highland,http://data.ordnancesurvey.co.uk/id/7000000000029638,http://data.ordnancesurvey.co.uk/ontology/admingeo/UnitaryAuthority,Scotland,http://data.ordnancesurvey.co.uk/id/7000000000041429,Scotland,http://data.ordnancesurvey.co.uk/id/country/scotland,,,
PH324BG,http://data.ordnancesurvey.co.uk/id/postcodeunit/PH324BG,PH32 4BG,,,,other,Postcode,237942.000,808976.000,3500,18000,,,,,,,Fort Augustus,http://data.ordnancesurvey.co.uk/id/4000000074555247,http://www.ordnancesurvey.co.uk/xml/codelists/localtype.xml#village,,,,Highland,http://data.ordnancesurvey.co.uk/id/7000000000029638,http://data.ordnancesurvey.co.uk/ontology/admingeo/UnitaryAuthority,Scotland,http://data.ordnancesurvey.co.uk/id/7000000000041429,Scotland,http://data.ordnancesurvey.co.uk/id/country/scotland,,,
PH324DG,http://data.ordnancesurvey.co.uk/id/postcodeunit/PH324DG,PH32 4DG,,,,other,Postcode,237813.000,809495.000,3500,18000,,,,,,,Fort Augustus,http://data.ordnancesurvey.co.uk/id/4000000074555247,http://www.ordnancesurvey.co.uk/xml/codelists/localtype.xml#village,,,,Highland,http://data.ordnancesurvey.co.uk/id/7000000000029638,http://data.ordnancesurvey.co.uk/ontology/admingeo/UnitaryAuthority,Scotland,http://data.ordnancesurvey.co.uk/id/7000000000041429,Scotland,http://data.ordnancesurvey.co.uk/id/country/scotland,,,
PH354HP,http://data.ordnancesurvey.co.uk/id/postcodeunit/PH354HP,PH35 4HP,,,,other,Postcode,230277.000,800817.000,3500,18000,,,,,,,Easter Mandally,http://data.ordnancesurvey.co.uk/id/4000000074556383,http://www.ordnancesurvey.co.uk/xml/codelists/localtype.xml#hamlet,,,,Highland,http://data.ordnancesurvey.co.uk/id/7000000000029638,http://data.ordnancesurvey.co.uk/ontology/admingeo/UnitaryAuthority,Scotland,http://data.ordnancesurvey.co.uk/id/7000000000041429,Scotland,http://data.ordnancesurvey.co.uk/id/country/scotland,,,
PH354HH,http://data.ordnancesurvey.co.uk/id/postcodeunit/PH354HH,PH35 4HH,,,,other,Postcode,230138.000,801035.000,3500,18000,,,,,,,Invergarry,http://data.ordnancesurvey.co.uk/id/4000000074556754,http://www.ordnancesurvey.co.uk/xml/codelists/localtype.xml#village,,,,Highland,http://data.ordnancesurvey.co.uk/id/7000000000029638,http://data.ordnancesurvey.co.uk/ontology/admingeo/UnitaryAuthority,Scotland,http://data.ordnancesurvey.co.uk/id/7000000000041429,Scotland,http://data.ordnancesurvey.co.uk/id/country/scotland,,,
PH354HA,http://data.ordnancesurvey.co.uk/id/postcodeunit/PH354HA,PH35 4HA,,,,other,Postcode,230250.000,800930.000,3500,18000,,,,,,,Invergarry,http://data.ordnancesurvey.co.uk/id/4000000074556754,http://www.ordnancesurvey.co.uk/xml/codelists/localtype.xml#village,,,,Highland,http://data.ordnancesurvey.co.uk/id/7000000000029638,http://data.ordnancesurvey.co.uk/ontology/admingeo/UnitaryAuthority,Scotland,http://data.ordnancesurvey.co.uk/id/7000000000041429,Scotland,http://data.ordnancesurvey.co.uk/id/country/scotland,,,
PH324DR,http://data.ordnancesurvey.co.uk/id/postcodeunit/PH324DR,PH32 4DR,,,,other,Postcode,237535.000,808704.000,3500,18000,,,,,,,Fort Augustus,http://data.ordnancesurvey.co.uk/id/4000000074555247,http://www.ordnancesurvey.co.uk/xml/codelists/localtype.xml#village,,,,Highland,http://data.ordnancesurvey.co.uk/id/7000000000029638,http://data.ordnancesurvey.co.uk/ontology/admingeo/UnitaryAuthority,Scotland,http://data.ordnancesurvey.co.uk/id/7000000000041429,Scotland,http://data.ordnancesurvey.co.uk/id/country/scotland,,,
PH354WW,http://data.ordnancesurvey.co.uk/id/postcodeunit/PH354WW,PH35 4WW,,,,other,Postcode,230119.000,800958.000,3500,18000,,,,,,,Invergarry,http://data.ordnancesurvey.co.uk/id/4000000074556754,http://www.ordnancesurvey.co.uk/xml/codelists/localtype.xml#village,,,,Highland,http://data.ordnancesurvey.co.uk/id/7000000000029638,http://data.ordnancesurvey.co.uk/ontology/admingeo/UnitaryAuthority,Scotland,http://data.ordnancesurvey.co.uk/id/7000000000041429,Scotland,http://data.ordnancesurvey.co.uk/id/country/scotland,,,
PH324BU,http://data.ordnancesurvey.co.uk/id/postcodeunit/PH324BU,PH32 4BU,,,,other,Postcode,237789.000,809711.000,3500,18000,,,,,,,Fort Augustus,http://data.ordnancesurvey.co.uk/id/4000000074555247,http://www.ordnancesurvey.co.uk/xml/codelists/localtype.xml#village,,,,Highland,http://data.ordnancesurvey.co.uk/id/7000000000029638,http://data.ordnancesurvey.co.uk/ontology/admingeo/UnitaryAuthority,Scotland,http://data.ordnancesurvey.co.uk/id/7000000000041429,Scotland,http://data.ordnancesurvey.co.uk/id/country/scotland,,,
PH324BX,http://data.ordnancesurvey.co.uk/id/postcodeunit/PH324BX,PH32 4BX,,,,other,Postcode,238489.000,809965.000,3500,18000,,,,,,,Fort Augustus,http://data.ordnancesurvey.co.uk/id/4000000074555247,http://www.ordnancesurvey.co.uk/xml/codelists/localtype.xml#village,,,,Highland,http://data.ordnancesurvey.co.uk/id/7000000000029638,http://data.ordnancesurvey.co.uk/ontology/admingeo/UnitaryAuthority,Scotland,http://data.ordnancesurvey.co.uk/id/7000000000041429,Scotland,http://data.ordnancesurvey.co.uk/id/country/scotland,,,
osgb4000000003531001,http://data.ordnancesurvey.co.uk/id/4000000003531001,Glendoe Road,,,,transportNetwork,Named Road,237989.000,808976.000,2000,20000,237931.000,808831.000,238018.000,809097.000,PH32,http://data.ordnancesurvey.co.uk/id/postcodedistrict/PH32,Fort Augustus,http://data.ordnancesurvey.co.uk/id/4000000074555247,http://www.ordnancesurvey.co.uk/xml/codelists/localtype.xml#village,,,,Highland,http://data.ordnancesurvey.co.uk/id/7000000000029638,http://data.ordnancesurvey.co.uk/ontology/admingeo/UnitaryAuthority,Scotland,http://data.ordnancesurvey.co.uk/id/7000000000041429,Scotland,http://data.ordnancesurvey.co.uk/id/country/scotland,,,
osgb4000000003558235,http://data.ordnancesurvey.co.uk/id/4000000003558235,Bunoich Crescent,,,,transportNetwork,Named Road,237891.846,809543.300,1000,20000,237864.965,809527.769,237910.119,809576.682,PH32,http://data.ordnancesurvey.co.uk/id/postcodedistrict/PH32,Fort Augustus,http://data.ordnancesurvey.co.uk/id/4000000074555247,http://www.ordnancesurvey.co.uk/xml/codelists/localtype.xml#village,,,,Highland,http://data.ordnancesurvey.co.uk/id/7000000000029638,http://data.ordnancesurvey.co.uk/ontology/admingeo/UnitaryAuthority,Scotland,http://data.ordnancesurvey.co.uk/id/7000000000041429,Scotland,http://data.ordnancesurvey.co.uk/id/country/scotland,,,
osgb4000000003531308,http://data.ordnancesurvey.co.uk/id/4000000003531308,The Riggs,,,,transportNetwork,Named Road,237958.000,809384.000,1000,20000,237892.000,809318.945,237965.000,809407.000,PH32,http://data.ordnancesurvey.co.uk/id/postcodedistrict/PH32,Fort Augustus,http://data.ordnancesurvey.co.uk/id/4000000074555247,http://www.ordnancesurvey.co.uk/xml/codelists/localtype.xml#village,,,,Highland,http://data.ordnancesurvey.co.uk/id/7000000000029638,http://data.ordnancesurvey.co.uk/ontology/admingeo/UnitaryAuthority,Scotland,http://data.ordnancesurvey.co.uk/id/7000000000041429,Scotland,http://data.ordnancesurvey.co.uk/id/country/scotland,,,
osgb4000000003546322,http://data.ordnancesurvey.co.uk/id/4000000003546322,Millfield,,,,transportNetwork,Named Road,237432.293,808133.144,2000,20000,237388.000,808014.000,237541.000,808264.000,PH32,http://data.ordnancesurvey.co.uk/id/postcodedistrict/PH32,Fort Augustus,http://data.ordnancesurvey.co.uk/id/4000000074555247,http://www.ordnancesurvey.co.uk/xml/codelists/localtype.xml#village,,,,Highland,http://data.ordnancesurvey.co.uk/id/7000000000029638,http://data.ordnancesurvey.co.uk/ontology/admingeo/UnitaryAuthority,Scotland,http://data.ordnancesurvey.co.uk/id/7000000000041429,Scotland,http://data.ordnancesurvey.co.uk/id/country/scotland,,,
osgb4000000003531909,http://data.ordnancesurvey.co.uk/id/4000000003531909,Station Road,,,,transportNetwork,Named Road,237794.000,809113.000,2000,20000,237689.000,809091.000,237922.000,809128.000,PH32,http://data.ordnancesurvey.co.uk/id/postcodedistrict/PH32,Fort Augustus,http://data.ordnancesurvey.co.uk/id/4000000074555247,http://www.ordnancesurvey.co.uk/xml/codelists/localtype.xml#village,,,,Highland,http://data.ordnancesurvey.co.uk/id/7000000000029638,http://data.ordnancesurvey.co.uk/ontology/admingeo/UnitaryAuthority,Scotland,http://data.ordnancesurvey.co.uk/id/7000000000041429,Scotland,http://data.ordnancesurvey.co.uk/id/country/scotland,,,
osgb4000000003531908,http://data.ordnancesurvey.co.uk/id/4000000003531908,Garry Crescent,,,,transportNetwork,Named Road,230295.000,801000.000,1000,20000,230295.000,800935.311,230296.000,801034.000,PH35,http://data.ordnancesurvey.co.uk/id/postcodedistrict/PH35,Invergarry,http://data.ordnancesurvey.co.uk/id/4000000074556754,http://www.ordnancesurvey.co.uk/xml/codelists/localtype.xml#village,,,,Highland,http://data.ordnancesurvey.co.uk/id/7000000000029638,http://data.ordnancesurvey.co.uk/ontology/admingeo/UnitaryAuthority,Scotland,http://data.ordnancesurvey.co.uk/id/7000000000041429,Scotland,http://data.ordnancesurvey.co.uk/id/country/scotland,,,
osgb4000000003531002,http://data.ordnancesurvey.co.uk/id/4000000003531002,Free Church Road,,,,transportNetwork,Named Road,237674.000,809530.000,2000,20000,237537.000,809511.000,237802.000,809604.000,PH32,http://data.ordnancesurvey.co.uk/id/postcodedistrict/PH32,Fort Augustus,http://data.ordnancesurvey.co.uk/id/4000000074555247,http://www.ordnancesurvey.co.uk/xml/codelists/localtype.xml#village,,,,Highland,http://data.ordnancesurvey.co.uk/id/7000000000029638,http://data.ordnancesurvey.co.uk/ontology/admingeo/UnitaryAuthority,Scotland,http://data.ordnancesurvey.co.uk/id/7000000000041429,Scotland,http://data.ordnancesurvey.co.uk/id/country/scotland,,,
osgb4000000003531907,http://data.ordnancesurvey.co.uk/id/4000000003531907,Garry Bank,,,,transportNetwork,Named Road,230246.000,800940.000,1000,20000,230187.000,800934.558,230308.691,800940.000,PH35,http://data.ordnancesurvey.co.uk/id/postcodedistrict/PH35,Invergarry,http://data.ordnancesurvey.co.uk/id/4000000074556754,http://www.ordnancesurvey.co.uk/xml/codelists/localtype.xml#village,,,,Highland,http://data.ordnancesurvey.co.uk/id/7000000000029638,http://data.ordnancesurvey.co.uk/ontology/admingeo/UnitaryAuthority,Scotland,http://data.ordnancesurvey.co.uk/id/7000000000041429,Scotland,http://data.ordnancesurvey.co.uk/id/country/scotland,,,
osgb4000000003532402,http://data.ordnancesurvey.co.uk/id/4000000003532402,Jenkins Park,,,,transportNetwork,Named Road,237187.318,809570.930,1000,20000,237167.283,809519.176,237258.000,809585.000,PH32,http://data.ordnancesurvey.co.uk/id/postcodedistrict/PH32,Fort Augustus,http://data.ordnancesurvey.co.uk/id/4000000074555247,http://www.ordnancesurvey.co.uk/xml/codelists/localtype.xml#village,,,,Highland,http://data.ordnancesurvey.co.uk/id/7000000000029638,http://data.ordnancesurvey.co.uk/ontology/admingeo/UnitaryAuthority,Scotland,http://data.ordnancesurvey.co.uk/id/7000000000041429,Scotland,http://data.ordnancesurvey.co.uk/id/country/scotland,,,
osgb4000000003531000,http://data.ordnancesurvey.co.uk/id/4000000003531000,Canal Side,,,,transportNetwork,Named Road,237917.000,809178.000,4000,20000,237610.211,809126.908,238232.186,809393.000,PH32,http://data.ordnancesurvey.co.uk/id/postcodedistrict/PH32,Fort Augustus,http://data.ordnancesurvey.co.uk/id/4000000074555247,http://www.ordnancesurvey.co.uk/xml/codelists/localtype.xml#village,,,,Highland,http://data.ordnancesurvey.co.uk/id/7000000000029638,http://data.ordnancesurvey.co.uk/ontology/admingeo/UnitaryAuthority,Scotland,http://data.ordnancesurvey.co.uk/id/7000000000041429,Scotland,http://data.ordnancesurvey.co.uk/id/country/scotland,,,
osgb5000005104606310,http://data.ordnancesurvey.co.uk/id/5000005104606310,River Court,,,,transportNetwork,Named Road,230632.813,801082.518,1000,20000,230594.316,801069.032,230636.118,801082.518,PH35,http://data.ordnancesurvey.co.uk/id/postcodedistrict/PH35,Invergarry,http://data.ordnancesurvey.co.uk/id/4000000074556754,http://www.ordnancesurvey.co.uk/xml/codelists/localtype.xml#village,,,,Highland,http://data.ordnancesurvey.co.uk/id/7000000000029638,http://data.ordnancesurvey.co.uk/ontology/admingeo/UnitaryAuthority,Scotland,http://data.ordnancesurvey.co.uk/id/7000000000041429,Scotland,http://data.ordnancesurvey.co.uk/id/country/scotland,,,
osgb4000000003534165,http://data.ordnancesurvey.co.uk/id/4000000003534165,A887,,,,transportNetwork,Numbered Road,231542.000,813950.000,136000,1000000,221105.000,810014.000,242032.000,817667.000,IV63,http://data.ordnancesurvey.co.uk/id/postcodedistrict/IV63,,,,,,,Highland,http://data.ordnancesurvey.co.uk/id/7000000000029638,http://data.ordnancesurvey.co.uk/ontology/admingeo/UnitaryAuthority,Scotland,http://data.ordnancesurvey.co.uk/id/7000000000041429,Scotland,http://data.ordnancesurvey.co.uk/id/country/scotland,,,
osgb4000000003531307,http://data.ordnancesurvey.co.uk/id/4000000003531307,Abertarff Place,,,,transportNetwork,Named Road,237545.000,808691.000,1000,20000,237457.000,808637.000,237607.000,808790.404,PH32,http://data.ordnancesurvey.co.uk/id/postcodedistrict/PH32,Fort Augustus,http://data.ordnancesurvey.co.uk/id/4000000074555247,http://www.ordnancesurvey.co.uk/xml/codelists/localtype.xml#village,,,,Highland,http://data.ordnancesurvey.co.uk/id/7000000000029638,http://data.ordnancesurvey.co.uk/ontology/admingeo/UnitaryAuthority,Scotland,http://data.ordnancesurvey.co.uk/id/7000000000041429,Scotland,http://data.ordnancesurvey.co.uk/id/country/scotland,,,
PH324DW,http://data.ordnancesurvey.co.uk/id/postcodeunit/PH324DW,PH32 4DW,,,,other,Postcode,237586.000,808865.000,3500,18000,,,,,,,Fort Augustus,http://data.ordnancesurvey.co.uk/id/4000000074555247,http://www.ordnancesurvey.co.uk/xml/codelists/localtype.xml#village,,,,Highland,http://data.ordnancesurvey.co.uk/id/7000000000029638,http://data.ordnancesurvey.co.uk/ontology/admingeo/UnitaryAuthority,Scotland,http://data.ordnancesurvey.co.uk/id/7000000000041429,Scotland,http://data.ordnancesurvey.co.uk/id/country/scotland,,,
PH324BB,http://data.ordnancesurvey.co.uk/id/postcodeunit/PH324BB,PH32 4BB,,,,other,Postcode,237563.000,809203.000,3500,18000,,,,,,,Fort Augustus,http://data.ordnancesurvey.co.uk/id/4000000074555247,http://www.ordnancesurvey.co.uk/xml/codelists/localtype.xml#village,,,,Highland,http://data.ordnancesurvey.co.uk/id/7000000000029638,http://data.ordnancesurvey.co.uk/ontology/admingeo/UnitaryAuthority,Scotland,http://data.ordnancesurvey.co.uk/id/7000000000041429,Scotland,http://data.ordnancesurvey.co.uk/id/country/scotland,,,
PH324BT,http://data.ordnancesurvey.co.uk/id/postcodeunit/PH324BT,PH32 4BT,,,,other,Postcode,235233.000,808277.000,3500,18000,,,,,,,Auchteraw,http://data.ordnancesurvey.co.uk/id/4000000074557125,http://www.ordnancesurvey.co.uk/xml/codelists/localtype.xml#otherSettlement,,,,Highland,http://data.ordnancesurvey.co.uk/id/7000000000029638,http://data.ordnancesurvey.co.uk/ontology/admingeo/UnitaryAuthority,Scotland,http://data.ordnancesurvey.co.uk/id/7000000000041429,Scotland,http://data.ordnancesurvey.co.uk/id/country/scotland,,,
PH324DU,http://data.ordnancesurvey.co.uk/id/postcodeunit/PH324DU,PH32 4DU,,,,other,Postcode,237799.000,809072.000,3500,18000,,,,,,,Fort Augustus,http://data.ordnancesurvey.co.uk/id/4000000074555247,http://www.ordnancesurvey.co.uk/xml/codelists/localtype.xml#village,,,,Highland,http://data.ordnancesurvey.co.uk/id/7000000000029638,http://data.ordnancesurvey.co.uk/ontology/admingeo/UnitaryAuthority,Scotland,http://data.ordnancesurvey.co.uk/id/7000000000041429,Scotland,http://data.ordnancesurvey.co.uk/id/country/scotland,,,
PH324WA,http://data.ordnancesurvey.co.uk/id/postcodeunit/PH324WA,PH32 4WA,,,,other,Postcode,237871.000,809169.000,3500,18000,,,,,,,Fort Augustus,http://data.ordnancesurvey.co.uk/id/4000000074555247,http://www.ordnancesurvey.co.uk/xml/codelists/localtype.xml#village,,,,Highland,http://data.ordnancesurvey.co.uk/id/7000000000029638,http://data.ordnancesurvey.co.uk/ontology/admingeo/UnitaryAuthority,Scotland,http://data.ordnancesurvey.co.uk/id/7000000000041429,Scotland,http://data.ordnancesurvey.co.uk/id/country/scotland,,,
PH324DA,http://data.ordnancesurvey.co.uk/id/postcodeunit/PH324DA,PH32 4DA,,,,other,Postcode,237536.000,808870.000,3500,18000,,,,,,,Fort Augustus,http://data.ordnancesurvey.co.uk/id/4000000074555247,http://www.ordnancesurvey.co.uk/xml/codelists/localtype.xml#village,,,,Highland,http://data.ordnancesurvey.co.uk/id/7000000000029638,http://data.ordnancesurvey.co.uk/ontology/admingeo/UnitaryAuthority,Scotland,http://data.ordnancesurvey.co.uk/id/7000000000041429,Scotland,http://data.ordnancesurvey.co.uk/id/country/scotland,,,
PH324AU,http://data.ordnancesurvey.co.uk/id/postcodeunit/PH324AU,PH32 4AU,,,,other,Postcode,237794.000,809153.000,3500,18000,,,,,,,Fort Augustus,http://data.ordnancesurvey.co.uk/id/4000000074555247,http://www.ordnancesurvey.co.uk/xml/codelists/localtype.xml#village,,,,Highland,http://data.ordnancesurvey.co.uk/id/7000000000029638,http://data.ordnancesurvey.co.uk/ontology/admingeo/UnitaryAuthority,Scotland,http://data.ordnancesurvey.co.uk/id/7000000000041429,Scotland,http://data.ordnancesurvey.co.uk/id/country/scotland,,,
PH324DQ,http://data.ordnancesurvey.co.uk/id/postcodeunit/PH324DQ,PH32 4DQ,,,,other,Postcode,237690.000,809554.000,3500,18000,,,,,,,Fort Augustus,http://data.ordnancesurvey.co.uk/id/4000000074555247,http://www.ordnancesurvey.co.uk/xml/codelists/localtype.xml#village,,,,Highland,http://data.ordnancesurvey.co.uk/id/7000000000029638,http://data.ordnancesurvey.co.uk/ontology/admingeo/UnitaryAuthority,Scotland,http://data.ordnancesurvey.co.uk/id/7000000000041429,Scotland,http://data.ordnancesurvey.co.uk/id/country/scotland,,,
PH354HJ,http://data.ordnancesurvey.co.uk/id/postcodeunit/PH354HJ,PH35 4HJ,,,,other,Postcode,230686.000,801101.000,3500,18000,,,,,,,Invergarry,http://data.ordnancesurvey.co.uk/id/4000000074556754,http://www.ordnancesurvey.co.uk/xml/codelists/localtype.xml#village,,,,Highland,http://data.ordnancesurvey.co.uk/id/7000000000029638,http://data.ordnancesurvey.co.uk/ontology/admingeo/UnitaryAuthority,Scotland,http://data.ordnancesurvey.co.uk/id/7000000000041429,Scotland,http://data.ordnancesurvey.co.uk/id/country/scotland,,,
