﻿osgb4000000074559377,http://data.ordnancesurvey.co.uk/id/4000000074559377,Cannich,,,,populatedPlace,Village,233741.000,831829.000,10000,250000,233025.359,831232.981,234596.522,832268.015,IV4,http://data.ordnancesurvey.co.uk/id/postcodedistrict/IV4,,,,,,,Highland,http://data.ordnancesurvey.co.uk/id/7000000000029638,http://data.ordnancesurvey.co.uk/ontology/admingeo/UnitaryAuthority,Scotland,http://data.ordnancesurvey.co.uk/id/7000000000041429,Scotland,http://data.ordnancesurvey.co.uk/id/country/scotland,,http://dbpedia.org/resource/Cannich,http://sws.geonames.org/2653886
osgb4000000074559376,http://data.ordnancesurvey.co.uk/id/4000000074559376,Tomich,,,,populatedPlace,Village,230400.170,827010.050,10000,250000,229844.547,826678.825,231327.537,828041.165,IV4,http://data.ordnancesurvey.co.uk/id/postcodedistrict/IV4,,,,,,,Highland,http://data.ordnancesurvey.co.uk/id/7000000000029638,http://data.ordnancesurvey.co.uk/ontology/admingeo/UnitaryAuthority,Scotland,http://data.ordnancesurvey.co.uk/id/7000000000041429,Scotland,http://data.ordnancesurvey.co.uk/id/country/scotland,,,http://sws.geonames.org/2635707
osgb4000000074559375,http://data.ordnancesurvey.co.uk/id/4000000074559375,Corrimony,,,,populatedPlace,Hamlet,237648.690,830381.650,5000,25000,237375.300,830147.130,237875.300,830647.130,IV63,http://data.ordnancesurvey.co.uk/id/postcodedistrict/IV63,,,,,,,Highland,http://data.ordnancesurvey.co.uk/id/7000000000029638,http://data.ordnancesurvey.co.uk/ontology/admingeo/UnitaryAuthority,Scotland,http://data.ordnancesurvey.co.uk/id/7000000000041429,Scotland,http://data.ordnancesurvey.co.uk/id/country/scotland,,http://dbpedia.org/resource/Corrimony,http://sws.geonames.org/2652332
osgb4000000074559374,http://data.ordnancesurvey.co.uk/id/4000000074559374,Buntait,,,,populatedPlace,Hamlet,239717.000,831019.020,5000,25000,239682.339,830555.365,240330.162,831057.991,IV63,http://data.ordnancesurvey.co.uk/id/postcodedistrict/IV63,,,,,,,Highland,http://data.ordnancesurvey.co.uk/id/7000000000029638,http://data.ordnancesurvey.co.uk/ontology/admingeo/UnitaryAuthority,Scotland,http://data.ordnancesurvey.co.uk/id/7000000000041429,Scotland,http://data.ordnancesurvey.co.uk/id/country/scotland,,,
osgb4000000074337607,http://data.ordnancesurvey.co.uk/id/4000000074337607,Kerrow,,,,populatedPlace,Hamlet,233134.010,830323.930,5000,25000,232790.416,830216.731,233383.616,830716.731,IV4,http://data.ordnancesurvey.co.uk/id/postcodedistrict/IV4,,,,,,,Highland,http://data.ordnancesurvey.co.uk/id/7000000000029638,http://data.ordnancesurvey.co.uk/ontology/admingeo/UnitaryAuthority,Scotland,http://data.ordnancesurvey.co.uk/id/7000000000041429,Scotland,http://data.ordnancesurvey.co.uk/id/country/scotland,,,
IV47LX,http://data.ordnancesurvey.co.uk/id/postcodeunit/IV47LX,IV4 7LX,,,,other,Postcode,231010.000,833195.000,3500,18000,,,,,,,,,,,,,Highland,http://data.ordnancesurvey.co.uk/id/7000000000029638,http://data.ordnancesurvey.co.uk/ontology/admingeo/UnitaryAuthority,Scotland,http://data.ordnancesurvey.co.uk/id/7000000000041429,Scotland,http://data.ordnancesurvey.co.uk/id/country/scotland,,,
IV636TW,http://data.ordnancesurvey.co.uk/id/postcodeunit/IV636TW,IV63 6TW,,,,other,Postcode,239228.000,830117.000,3500,18000,,,,,,,,,,,,,Highland,http://data.ordnancesurvey.co.uk/id/7000000000029638,http://data.ordnancesurvey.co.uk/ontology/admingeo/UnitaryAuthority,Scotland,http://data.ordnancesurvey.co.uk/id/7000000000041429,Scotland,http://data.ordnancesurvey.co.uk/id/country/scotland,,,
IV47LR,http://data.ordnancesurvey.co.uk/id/postcodeunit/IV47LR,IV4 7LR,,,,other,Postcode,233786.000,831560.000,3500,18000,,,,,,,Cannich,http://data.ordnancesurvey.co.uk/id/4000000074559377,http://www.ordnancesurvey.co.uk/xml/codelists/localtype.xml#village,,,,Highland,http://data.ordnancesurvey.co.uk/id/7000000000029638,http://data.ordnancesurvey.co.uk/ontology/admingeo/UnitaryAuthority,Scotland,http://data.ordnancesurvey.co.uk/id/7000000000041429,Scotland,http://data.ordnancesurvey.co.uk/id/country/scotland,,,
IV47LE,http://data.ordnancesurvey.co.uk/id/postcodeunit/IV47LE,IV4 7LE,,,,other,Postcode,238045.000,836078.000,3500,18000,,,,,,,,,,,,,Highland,http://data.ordnancesurvey.co.uk/id/7000000000029638,http://data.ordnancesurvey.co.uk/ontology/admingeo/UnitaryAuthority,Scotland,http://data.ordnancesurvey.co.uk/id/7000000000041429,Scotland,http://data.ordnancesurvey.co.uk/id/country/scotland,,,
IV47LF,http://data.ordnancesurvey.co.uk/id/postcodeunit/IV47LF,IV4 7LF,,,,other,Postcode,230722.000,827340.000,3500,18000,,,,,,,Tomich,http://data.ordnancesurvey.co.uk/id/4000000074559376,http://www.ordnancesurvey.co.uk/xml/codelists/localtype.xml#village,,,,Highland,http://data.ordnancesurvey.co.uk/id/7000000000029638,http://data.ordnancesurvey.co.uk/ontology/admingeo/UnitaryAuthority,Scotland,http://data.ordnancesurvey.co.uk/id/7000000000041429,Scotland,http://data.ordnancesurvey.co.uk/id/country/scotland,,,
IV47LS,http://data.ordnancesurvey.co.uk/id/postcodeunit/IV47LS,IV4 7LS,,,,other,Postcode,234538.000,832095.000,3500,18000,,,,,,,Cannich,http://data.ordnancesurvey.co.uk/id/4000000074559377,http://www.ordnancesurvey.co.uk/xml/codelists/localtype.xml#village,,,,Highland,http://data.ordnancesurvey.co.uk/id/7000000000029638,http://data.ordnancesurvey.co.uk/ontology/admingeo/UnitaryAuthority,Scotland,http://data.ordnancesurvey.co.uk/id/7000000000041429,Scotland,http://data.ordnancesurvey.co.uk/id/country/scotland,,,
IV47LY,http://data.ordnancesurvey.co.uk/id/postcodeunit/IV47LY,IV4 7LY,,,,other,Postcode,229921.000,826756.000,3500,18000,,,,,,,Tomich,http://data.ordnancesurvey.co.uk/id/4000000074559376,http://www.ordnancesurvey.co.uk/xml/codelists/localtype.xml#village,,,,Highland,http://data.ordnancesurvey.co.uk/id/7000000000029638,http://data.ordnancesurvey.co.uk/ontology/admingeo/UnitaryAuthority,Scotland,http://data.ordnancesurvey.co.uk/id/7000000000041429,Scotland,http://data.ordnancesurvey.co.uk/id/country/scotland,,,
IV47LT,http://data.ordnancesurvey.co.uk/id/postcodeunit/IV47LT,IV4 7LT,,,,other,Postcode,234181.000,831640.000,3500,18000,,,,,,,Cannich,http://data.ordnancesurvey.co.uk/id/4000000074559377,http://www.ordnancesurvey.co.uk/xml/codelists/localtype.xml#village,,,,Highland,http://data.ordnancesurvey.co.uk/id/7000000000029638,http://data.ordnancesurvey.co.uk/ontology/admingeo/UnitaryAuthority,Scotland,http://data.ordnancesurvey.co.uk/id/7000000000041429,Scotland,http://data.ordnancesurvey.co.uk/id/country/scotland,,,
IV47JS,http://data.ordnancesurvey.co.uk/id/postcodeunit/IV47JS,IV4 7JS,,,,other,Postcode,239908.000,839739.000,3500,18000,,,,,,,Struy,http://data.ordnancesurvey.co.uk/id/4000000074559734,http://www.ordnancesurvey.co.uk/xml/codelists/localtype.xml#otherSettlement,,,,Highland,http://data.ordnancesurvey.co.uk/id/7000000000029638,http://data.ordnancesurvey.co.uk/ontology/admingeo/UnitaryAuthority,Scotland,http://data.ordnancesurvey.co.uk/id/7000000000041429,Scotland,http://data.ordnancesurvey.co.uk/id/country/scotland,,,
IV47JX,http://data.ordnancesurvey.co.uk/id/postcodeunit/IV47JX,IV4 7JX,,,,other,Postcode,231914.000,839876.000,3500,18000,,,,,,,,,,,,,Highland,http://data.ordnancesurvey.co.uk/id/7000000000029638,http://data.ordnancesurvey.co.uk/ontology/admingeo/UnitaryAuthority,Scotland,http://data.ordnancesurvey.co.uk/id/7000000000041429,Scotland,http://data.ordnancesurvey.co.uk/id/country/scotland,,,
IV47LN,http://data.ordnancesurvey.co.uk/id/postcodeunit/IV47LN,IV4 7LN,,,,other,Postcode,233549.000,831678.000,3500,18000,,,,,,,Cannich,http://data.ordnancesurvey.co.uk/id/4000000074559377,http://www.ordnancesurvey.co.uk/xml/codelists/localtype.xml#village,,,,Highland,http://data.ordnancesurvey.co.uk/id/7000000000029638,http://data.ordnancesurvey.co.uk/ontology/admingeo/UnitaryAuthority,Scotland,http://data.ordnancesurvey.co.uk/id/7000000000041429,Scotland,http://data.ordnancesurvey.co.uk/id/country/scotland,,,
IV47LP,http://data.ordnancesurvey.co.uk/id/postcodeunit/IV47LP,IV4 7LP,,,,other,Postcode,233704.000,831605.000,3500,18000,,,,,,,Cannich,http://data.ordnancesurvey.co.uk/id/4000000074559377,http://www.ordnancesurvey.co.uk/xml/codelists/localtype.xml#village,,,,Highland,http://data.ordnancesurvey.co.uk/id/7000000000029638,http://data.ordnancesurvey.co.uk/ontology/admingeo/UnitaryAuthority,Scotland,http://data.ordnancesurvey.co.uk/id/7000000000041429,Scotland,http://data.ordnancesurvey.co.uk/id/country/scotland,,,
IV47NE,http://data.ordnancesurvey.co.uk/id/postcodeunit/IV47NE,IV4 7NE,,,,other,Postcode,238350.000,835402.000,3500,18000,,,,,,,,,,,,,Highland,http://data.ordnancesurvey.co.uk/id/7000000000029638,http://data.ordnancesurvey.co.uk/ontology/admingeo/UnitaryAuthority,Scotland,http://data.ordnancesurvey.co.uk/id/7000000000041429,Scotland,http://data.ordnancesurvey.co.uk/id/country/scotland,,,
IV47LU,http://data.ordnancesurvey.co.uk/id/postcodeunit/IV47LU,IV4 7LU,,,,other,Postcode,233894.000,831568.000,3500,18000,,,,,,,Cannich,http://data.ordnancesurvey.co.uk/id/4000000074559377,http://www.ordnancesurvey.co.uk/xml/codelists/localtype.xml#village,,,,Highland,http://data.ordnancesurvey.co.uk/id/7000000000029638,http://data.ordnancesurvey.co.uk/ontology/admingeo/UnitaryAuthority,Scotland,http://data.ordnancesurvey.co.uk/id/7000000000041429,Scotland,http://data.ordnancesurvey.co.uk/id/country/scotland,,,
IV47LZ,http://data.ordnancesurvey.co.uk/id/postcodeunit/IV47LZ,IV4 7LZ,,,,other,Postcode,230695.000,827306.000,3500,18000,,,,,,,Tomich,http://data.ordnancesurvey.co.uk/id/4000000074559376,http://www.ordnancesurvey.co.uk/xml/codelists/localtype.xml#village,,,,Highland,http://data.ordnancesurvey.co.uk/id/7000000000029638,http://data.ordnancesurvey.co.uk/ontology/admingeo/UnitaryAuthority,Scotland,http://data.ordnancesurvey.co.uk/id/7000000000041429,Scotland,http://data.ordnancesurvey.co.uk/id/country/scotland,,,
IV47NA,http://data.ordnancesurvey.co.uk/id/postcodeunit/IV47NA,IV4 7NA,,,,other,Postcode,233129.000,830374.000,3500,18000,,,,,,,Kerrow,http://data.ordnancesurvey.co.uk/id/4000000074337607,http://www.ordnancesurvey.co.uk/xml/codelists/localtype.xml#hamlet,,,,Highland,http://data.ordnancesurvey.co.uk/id/7000000000029638,http://data.ordnancesurvey.co.uk/ontology/admingeo/UnitaryAuthority,Scotland,http://data.ordnancesurvey.co.uk/id/7000000000041429,Scotland,http://data.ordnancesurvey.co.uk/id/country/scotland,,,
IV47NB,http://data.ordnancesurvey.co.uk/id/postcodeunit/IV47NB,IV4 7NB,,,,other,Postcode,231116.000,828818.000,3500,18000,,,,,,,,,,,,,Highland,http://data.ordnancesurvey.co.uk/id/7000000000029638,http://data.ordnancesurvey.co.uk/ontology/admingeo/UnitaryAuthority,Scotland,http://data.ordnancesurvey.co.uk/id/7000000000041429,Scotland,http://data.ordnancesurvey.co.uk/id/country/scotland,,,
osgb4000000003532407,http://data.ordnancesurvey.co.uk/id/4000000003532407,Comar Gardens,,,,transportNetwork,Named Road,233770.000,831568.280,1000,20000,233756.000,831564.000,233794.000,831575.000,IV4,http://data.ordnancesurvey.co.uk/id/postcodedistrict/IV4,Cannich,http://data.ordnancesurvey.co.uk/id/4000000074559377,http://www.ordnancesurvey.co.uk/xml/codelists/localtype.xml#village,,,,Highland,http://data.ordnancesurvey.co.uk/id/7000000000029638,http://data.ordnancesurvey.co.uk/ontology/admingeo/UnitaryAuthority,Scotland,http://data.ordnancesurvey.co.uk/id/7000000000041429,Scotland,http://data.ordnancesurvey.co.uk/id/country/scotland,,,
osgb4000000003531012,http://data.ordnancesurvey.co.uk/id/4000000003531012,Maccoll Road,,,,transportNetwork,Named Road,233691.000,831611.000,2000,20000,233608.974,831495.000,233796.000,831751.000,IV4,http://data.ordnancesurvey.co.uk/id/postcodedistrict/IV4,Cannich,http://data.ordnancesurvey.co.uk/id/4000000074559377,http://www.ordnancesurvey.co.uk/xml/codelists/localtype.xml#village,,,,Highland,http://data.ordnancesurvey.co.uk/id/7000000000029638,http://data.ordnancesurvey.co.uk/ontology/admingeo/UnitaryAuthority,Scotland,http://data.ordnancesurvey.co.uk/id/7000000000041429,Scotland,http://data.ordnancesurvey.co.uk/id/country/scotland,,,
osgb4000000003542039,http://data.ordnancesurvey.co.uk/id/4000000003542039,Bein Achairen View,,,,transportNetwork,Named Road,234216.000,831550.000,1000,20000,234216.000,831550.000,234233.000,831589.000,IV4,http://data.ordnancesurvey.co.uk/id/postcodedistrict/IV4,Cannich,http://data.ordnancesurvey.co.uk/id/4000000074559377,http://www.ordnancesurvey.co.uk/xml/codelists/localtype.xml#village,,,,Highland,http://data.ordnancesurvey.co.uk/id/7000000000029638,http://data.ordnancesurvey.co.uk/ontology/admingeo/UnitaryAuthority,Scotland,http://data.ordnancesurvey.co.uk/id/7000000000041429,Scotland,http://data.ordnancesurvey.co.uk/id/country/scotland,,,
IV47LJ,http://data.ordnancesurvey.co.uk/id/postcodeunit/IV47LJ,IV4 7LJ,,,,other,Postcode,234240.000,831564.000,3500,18000,,,,,,,Cannich,http://data.ordnancesurvey.co.uk/id/4000000074559377,http://www.ordnancesurvey.co.uk/xml/codelists/localtype.xml#village,,,,Highland,http://data.ordnancesurvey.co.uk/id/7000000000029638,http://data.ordnancesurvey.co.uk/ontology/admingeo/UnitaryAuthority,Scotland,http://data.ordnancesurvey.co.uk/id/7000000000041429,Scotland,http://data.ordnancesurvey.co.uk/id/country/scotland,,,
