﻿osgb4000000074555240,http://data.ordnancesurvey.co.uk/id/4000000074555240,Dulnain Bridge,,,,populatedPlace,Village,299657.092,824840.566,14000,250000,297813.115,823239.359,300004.924,825416.096,PH26,http://data.ordnancesurvey.co.uk/id/postcodedistrict/PH26,,,,,,,Highland,http://data.ordnancesurvey.co.uk/id/7000000000029638,http://data.ordnancesurvey.co.uk/ontology/admingeo/UnitaryAuthority,Scotland,http://data.ordnancesurvey.co.uk/id/7000000000041429,Scotland,http://data.ordnancesurvey.co.uk/id/country/scotland,,http://dbpedia.org/resource/Dulnain_Bridge,
osgb4000000074543145,http://data.ordnancesurvey.co.uk/id/4000000074543145,Drochaid Chàrr,gla,Carrbridge,eng,populatedPlace,Village,290666.000,822906.000,15000,250000,289316.288,822178.643,291563.397,823274.549,PH23,http://data.ordnancesurvey.co.uk/id/postcodedistrict/PH23,,,,,,,Highland,http://data.ordnancesurvey.co.uk/id/7000000000029638,http://data.ordnancesurvey.co.uk/ontology/admingeo/UnitaryAuthority,Scotland,http://data.ordnancesurvey.co.uk/id/7000000000041429,Scotland,http://data.ordnancesurvey.co.uk/id/country/scotland,,http://dbpedia.org/resource/Carrbridge,http://sws.geonames.org/2653690
osgb4000000074554887,http://data.ordnancesurvey.co.uk/id/4000000074554887,Croftjames,,,,populatedPlace,Hamlet,297269.700,822541.090,5000,25000,297055.616,822256.345,297555.616,822756.345,PH26,http://data.ordnancesurvey.co.uk/id/postcodedistrict/PH26,,,,,,,Highland,http://data.ordnancesurvey.co.uk/id/7000000000029638,http://data.ordnancesurvey.co.uk/ontology/admingeo/UnitaryAuthority,Scotland,http://data.ordnancesurvey.co.uk/id/7000000000041429,Scotland,http://data.ordnancesurvey.co.uk/id/country/scotland,,,
osgb4000000074554885,http://data.ordnancesurvey.co.uk/id/4000000074554885,Duackbridge,,,,populatedPlace,Village,299659.310,820386.600,6000,250000,299105.410,820136.668,299976.196,820664.676,PH25,http://data.ordnancesurvey.co.uk/id/postcodedistrict/PH25,,,,,,,Highland,http://data.ordnancesurvey.co.uk/id/7000000000029638,http://data.ordnancesurvey.co.uk/ontology/admingeo/UnitaryAuthority,Scotland,http://data.ordnancesurvey.co.uk/id/7000000000041429,Scotland,http://data.ordnancesurvey.co.uk/id/country/scotland,,,
osgb4000000074555243,http://data.ordnancesurvey.co.uk/id/4000000074555243,Ellan,,,,populatedPlace,Suburban Area,289823.000,822647.000,6000,25000,289316.288,822223.890,290165.867,822967.897,PH23,http://data.ordnancesurvey.co.uk/id/postcodedistrict/PH23,,,,,,,Highland,http://data.ordnancesurvey.co.uk/id/7000000000029638,http://data.ordnancesurvey.co.uk/ontology/admingeo/UnitaryAuthority,Scotland,http://data.ordnancesurvey.co.uk/id/7000000000041429,Scotland,http://data.ordnancesurvey.co.uk/id/country/scotland,,,
osgb4000000074542518,http://data.ordnancesurvey.co.uk/id/4000000074542518,Skye of Curr,,,,populatedPlace,Village,298816.040,823692.040,13000,250000,297771.853,822636.171,299279.982,824609.170,PH26,http://data.ordnancesurvey.co.uk/id/postcodedistrict/PH26,,,,,,,Highland,http://data.ordnancesurvey.co.uk/id/7000000000029638,http://data.ordnancesurvey.co.uk/ontology/admingeo/UnitaryAuthority,Scotland,http://data.ordnancesurvey.co.uk/id/7000000000041429,Scotland,http://data.ordnancesurvey.co.uk/id/country/scotland,,http://dbpedia.org/resource/Skye_of_Curr,http://sws.geonames.org/2637680
osgb4000000074336132,http://data.ordnancesurvey.co.uk/id/4000000074336132,Slochd,,,,populatedPlace,Other Settlement,284744.000,823913.000,15000,25000,284392.822,823737.107,284892.822,824324.149,PH23,http://data.ordnancesurvey.co.uk/id/postcodedistrict/PH23,,,,,,,Highland,http://data.ordnancesurvey.co.uk/id/7000000000029638,http://data.ordnancesurvey.co.uk/ontology/admingeo/UnitaryAuthority,Scotland,http://data.ordnancesurvey.co.uk/id/7000000000041429,Scotland,http://data.ordnancesurvey.co.uk/id/country/scotland,,,
osgb4000000074555241,http://data.ordnancesurvey.co.uk/id/4000000074555241,Carr,,,,populatedPlace,Suburban Area,290857.000,822477.000,4000,25000,290607.088,822178.643,291107.088,822741.682,PH23,http://data.ordnancesurvey.co.uk/id/postcodedistrict/PH23,,,,,,,Highland,http://data.ordnancesurvey.co.uk/id/7000000000029638,http://data.ordnancesurvey.co.uk/ontology/admingeo/UnitaryAuthority,Scotland,http://data.ordnancesurvey.co.uk/id/7000000000041429,Scotland,http://data.ordnancesurvey.co.uk/id/country/scotland,,,
osgb4000000074554884,http://data.ordnancesurvey.co.uk/id/4000000074554884,Cullachie,,,,populatedPlace,Hamlet,297355.820,820169.550,5000,25000,297016.087,820044.573,297637.847,820544.573,PH24,http://data.ordnancesurvey.co.uk/id/postcodedistrict/PH24,,,,,,,Highland,http://data.ordnancesurvey.co.uk/id/7000000000029638,http://data.ordnancesurvey.co.uk/ontology/admingeo/UnitaryAuthority,Scotland,http://data.ordnancesurvey.co.uk/id/7000000000041429,Scotland,http://data.ordnancesurvey.co.uk/id/country/scotland,,,
osgb4000000074336749,http://data.ordnancesurvey.co.uk/id/4000000074336749,Findhornbridge,,,,populatedPlace,Other Settlement,280371.000,827764.000,15000,25000,280051.346,827457.152,280931.094,828336.900,IV13,http://data.ordnancesurvey.co.uk/id/postcodedistrict/IV13,,,,,,,Highland,http://data.ordnancesurvey.co.uk/id/7000000000029638,http://data.ordnancesurvey.co.uk/ontology/admingeo/UnitaryAuthority,Scotland,http://data.ordnancesurvey.co.uk/id/7000000000041429,Scotland,http://data.ordnancesurvey.co.uk/id/country/scotland,,,
osgb4000000074336133,http://data.ordnancesurvey.co.uk/id/4000000074336133,Lochanhully,,,,populatedPlace,Hamlet,291653.000,823441.000,5000,25000,291317.067,823255.858,292231.997,823755.858,PH23,http://data.ordnancesurvey.co.uk/id/postcodedistrict/PH23,,,,,,,Highland,http://data.ordnancesurvey.co.uk/id/7000000000029638,http://data.ordnancesurvey.co.uk/ontology/admingeo/UnitaryAuthority,Scotland,http://data.ordnancesurvey.co.uk/id/7000000000041429,Scotland,http://data.ordnancesurvey.co.uk/id/country/scotland,,,
osgb4000000074555242,http://data.ordnancesurvey.co.uk/id/4000000074555242,Duthil,,,,populatedPlace,Hamlet,293456.000,824305.000,5000,25000,292991.087,824033.702,294036.726,824732.472,PH23,http://data.ordnancesurvey.co.uk/id/postcodedistrict/PH23,,,,,,,Highland,http://data.ordnancesurvey.co.uk/id/7000000000029638,http://data.ordnancesurvey.co.uk/ontology/admingeo/UnitaryAuthority,Scotland,http://data.ordnancesurvey.co.uk/id/7000000000041429,Scotland,http://data.ordnancesurvey.co.uk/id/country/scotland,,http://dbpedia.org/resource/Duthil,http://sws.geonames.org/2650607
osgb4000000074541435,http://data.ordnancesurvey.co.uk/id/4000000074541435,Raigbeg,,,,populatedPlace,Hamlet,280966.000,829059.000,5000,25000,280712.870,828875.879,281212.870,829375.879,IV13,http://data.ordnancesurvey.co.uk/id/postcodedistrict/IV13,,,,,,,Highland,http://data.ordnancesurvey.co.uk/id/7000000000029638,http://data.ordnancesurvey.co.uk/ontology/admingeo/UnitaryAuthority,Scotland,http://data.ordnancesurvey.co.uk/id/7000000000041429,Scotland,http://data.ordnancesurvey.co.uk/id/country/scotland,,,
osgb4000000074336704,http://data.ordnancesurvey.co.uk/id/4000000074336704,Broomhill,,,,populatedPlace,Hamlet,299399.910,822483.170,5000,25000,299003.493,822328.364,299697.232,822828.364,PH26,http://data.ordnancesurvey.co.uk/id/postcodedistrict/PH26,,,,,,,Highland,http://data.ordnancesurvey.co.uk/id/7000000000029638,http://data.ordnancesurvey.co.uk/ontology/admingeo/UnitaryAuthority,Scotland,http://data.ordnancesurvey.co.uk/id/7000000000041429,Scotland,http://data.ordnancesurvey.co.uk/id/country/scotland,,,
osgb4000000074555244,http://data.ordnancesurvey.co.uk/id/4000000074555244,Bogroy,,,,populatedPlace,Suburban Area,290129.000,823153.000,4000,25000,289864.238,822858.657,290504.055,823358.657,PH23,http://data.ordnancesurvey.co.uk/id/postcodedistrict/PH23,,,,,,,Highland,http://data.ordnancesurvey.co.uk/id/7000000000029638,http://data.ordnancesurvey.co.uk/ontology/admingeo/UnitaryAuthority,Scotland,http://data.ordnancesurvey.co.uk/id/7000000000041429,Scotland,http://data.ordnancesurvey.co.uk/id/country/scotland,,http://dbpedia.org/resource/Bogroy,
osgb4000000074336347,http://data.ordnancesurvey.co.uk/id/4000000074336347,Lochindorb,,,,populatedPlace,Hamlet,296980.000,835472.000,5000,25000,296720.252,835205.418,297220.252,835705.418,PH26,http://data.ordnancesurvey.co.uk/id/postcodedistrict/PH26,,,,,,,Highland,http://data.ordnancesurvey.co.uk/id/7000000000029638,http://data.ordnancesurvey.co.uk/ontology/admingeo/UnitaryAuthority,Scotland,http://data.ordnancesurvey.co.uk/id/7000000000041429,Scotland,http://data.ordnancesurvey.co.uk/id/country/scotland,,,
osgb4000000074554886,http://data.ordnancesurvey.co.uk/id/4000000074554886,Drumuillie,,,,populatedPlace,Other Settlement,294279.290,820045.640,15000,25000,294173.726,819776.441,295284.022,820768.307,PH24,http://data.ordnancesurvey.co.uk/id/postcodedistrict/PH24,,,,,,,Highland,http://data.ordnancesurvey.co.uk/id/7000000000029638,http://data.ordnancesurvey.co.uk/ontology/admingeo/UnitaryAuthority,Scotland,http://data.ordnancesurvey.co.uk/id/7000000000041429,Scotland,http://data.ordnancesurvey.co.uk/id/country/scotland,,http://dbpedia.org/resource/Drumuillie,
IV137XY,http://data.ordnancesurvey.co.uk/id/postcodeunit/IV137XY,IV13 7XY,,,,other,Postcode,281517.000,829278.000,3500,18000,,,,,,,,,,,,,Highland,http://data.ordnancesurvey.co.uk/id/7000000000029638,http://data.ordnancesurvey.co.uk/ontology/admingeo/UnitaryAuthority,Scotland,http://data.ordnancesurvey.co.uk/id/7000000000041429,Scotland,http://data.ordnancesurvey.co.uk/id/country/scotland,,,
PH263LX,http://data.ordnancesurvey.co.uk/id/postcodeunit/PH263LX,PH26 3LX,,,,other,Postcode,299341.000,822588.000,3500,18000,,,,,,,Broomhill,http://data.ordnancesurvey.co.uk/id/4000000074336704,http://www.ordnancesurvey.co.uk/xml/codelists/localtype.xml#hamlet,,,,Highland,http://data.ordnancesurvey.co.uk/id/7000000000029638,http://data.ordnancesurvey.co.uk/ontology/admingeo/UnitaryAuthority,Scotland,http://data.ordnancesurvey.co.uk/id/7000000000041429,Scotland,http://data.ordnancesurvey.co.uk/id/country/scotland,,,
PH233BH,http://data.ordnancesurvey.co.uk/id/postcodeunit/PH233BH,PH23 3BH,,,,other,Postcode,290882.000,823012.000,3500,18000,,,,,,,Drochaid Chàrr / Carrbridge,http://data.ordnancesurvey.co.uk/id/4000000074543145,http://www.ordnancesurvey.co.uk/xml/codelists/localtype.xml#village,,,,Highland,http://data.ordnancesurvey.co.uk/id/7000000000029638,http://data.ordnancesurvey.co.uk/ontology/admingeo/UnitaryAuthority,Scotland,http://data.ordnancesurvey.co.uk/id/7000000000041429,Scotland,http://data.ordnancesurvey.co.uk/id/country/scotland,,,
IV137YD,http://data.ordnancesurvey.co.uk/id/postcodeunit/IV137YD,IV13 7YD,,,,other,Postcode,280263.000,832437.000,3500,18000,,,,,,,,,,,,,Highland,http://data.ordnancesurvey.co.uk/id/7000000000029638,http://data.ordnancesurvey.co.uk/ontology/admingeo/UnitaryAuthority,Scotland,http://data.ordnancesurvey.co.uk/id/7000000000041429,Scotland,http://data.ordnancesurvey.co.uk/id/country/scotland,,,
PH263PX,http://data.ordnancesurvey.co.uk/id/postcodeunit/PH263PX,PH26 3PX,,,,other,Postcode,298159.000,839665.000,3500,18000,,,,,,,,,,,,,Highland,http://data.ordnancesurvey.co.uk/id/7000000000029638,http://data.ordnancesurvey.co.uk/ontology/admingeo/UnitaryAuthority,Scotland,http://data.ordnancesurvey.co.uk/id/7000000000041429,Scotland,http://data.ordnancesurvey.co.uk/id/country/scotland,,,
PH263NX,http://data.ordnancesurvey.co.uk/id/postcodeunit/PH263NX,PH26 3NX,,,,other,Postcode,299609.000,824786.000,3500,18000,,,,,,,Dulnain Bridge,http://data.ordnancesurvey.co.uk/id/4000000074555240,http://www.ordnancesurvey.co.uk/xml/codelists/localtype.xml#village,,,,Highland,http://data.ordnancesurvey.co.uk/id/7000000000029638,http://data.ordnancesurvey.co.uk/ontology/admingeo/UnitaryAuthority,Scotland,http://data.ordnancesurvey.co.uk/id/7000000000041429,Scotland,http://data.ordnancesurvey.co.uk/id/country/scotland,,,
PH263NZ,http://data.ordnancesurvey.co.uk/id/postcodeunit/PH263NZ,PH26 3NZ,,,,other,Postcode,299577.000,824834.000,3500,18000,,,,,,,Dulnain Bridge,http://data.ordnancesurvey.co.uk/id/4000000074555240,http://www.ordnancesurvey.co.uk/xml/codelists/localtype.xml#village,,,,Highland,http://data.ordnancesurvey.co.uk/id/7000000000029638,http://data.ordnancesurvey.co.uk/ontology/admingeo/UnitaryAuthority,Scotland,http://data.ordnancesurvey.co.uk/id/7000000000041429,Scotland,http://data.ordnancesurvey.co.uk/id/country/scotland,,,
PH233AY,http://data.ordnancesurvey.co.uk/id/postcodeunit/PH233AY,PH23 3AY,,,,other,Postcode,284803.000,823795.000,3500,18000,,,,,,,Slochd,http://data.ordnancesurvey.co.uk/id/4000000074336132,http://www.ordnancesurvey.co.uk/xml/codelists/localtype.xml#otherSettlement,,,,Highland,http://data.ordnancesurvey.co.uk/id/7000000000029638,http://data.ordnancesurvey.co.uk/ontology/admingeo/UnitaryAuthority,Scotland,http://data.ordnancesurvey.co.uk/id/7000000000041429,Scotland,http://data.ordnancesurvey.co.uk/id/country/scotland,,,
PH233AQ,http://data.ordnancesurvey.co.uk/id/postcodeunit/PH233AQ,PH23 3AQ,,,,other,Postcode,290932.000,822531.000,3500,18000,,,,,,,Drochaid Chàrr / Carrbridge,http://data.ordnancesurvey.co.uk/id/4000000074543145,http://www.ordnancesurvey.co.uk/xml/codelists/localtype.xml#village,,,,Highland,http://data.ordnancesurvey.co.uk/id/7000000000029638,http://data.ordnancesurvey.co.uk/ontology/admingeo/UnitaryAuthority,Scotland,http://data.ordnancesurvey.co.uk/id/7000000000041429,Scotland,http://data.ordnancesurvey.co.uk/id/country/scotland,,,
PH253EA,http://data.ordnancesurvey.co.uk/id/postcodeunit/PH253EA,PH25 3EA,,,,other,Postcode,299926.000,821522.000,3500,18000,,,,,,,,,,,,,Highland,http://data.ordnancesurvey.co.uk/id/7000000000029638,http://data.ordnancesurvey.co.uk/ontology/admingeo/UnitaryAuthority,Scotland,http://data.ordnancesurvey.co.uk/id/7000000000041429,Scotland,http://data.ordnancesurvey.co.uk/id/country/scotland,,,
PH263LU,http://data.ordnancesurvey.co.uk/id/postcodeunit/PH263LU,PH26 3LU,,,,other,Postcode,299644.000,823765.000,3500,18000,,,,,,,Dulnain Bridge,http://data.ordnancesurvey.co.uk/id/4000000074555240,http://www.ordnancesurvey.co.uk/xml/codelists/localtype.xml#village,,,,Highland,http://data.ordnancesurvey.co.uk/id/7000000000029638,http://data.ordnancesurvey.co.uk/ontology/admingeo/UnitaryAuthority,Scotland,http://data.ordnancesurvey.co.uk/id/7000000000041429,Scotland,http://data.ordnancesurvey.co.uk/id/country/scotland,,,
PH243BX,http://data.ordnancesurvey.co.uk/id/postcodeunit/PH243BX,PH24 3BX,,,,other,Postcode,295652.000,821254.000,3500,18000,,,,,,,,,,,,,Highland,http://data.ordnancesurvey.co.uk/id/7000000000029638,http://data.ordnancesurvey.co.uk/ontology/admingeo/UnitaryAuthority,Scotland,http://data.ordnancesurvey.co.uk/id/7000000000041429,Scotland,http://data.ordnancesurvey.co.uk/id/country/scotland,,,
IV137XW,http://data.ordnancesurvey.co.uk/id/postcodeunit/IV137XW,IV13 7XW,,,,other,Postcode,280104.000,828748.000,3500,18000,,,,,,,Tomatin,http://data.ordnancesurvey.co.uk/id/4000000074555617,http://www.ordnancesurvey.co.uk/xml/codelists/localtype.xml#village,,,,Highland,http://data.ordnancesurvey.co.uk/id/7000000000029638,http://data.ordnancesurvey.co.uk/ontology/admingeo/UnitaryAuthority,Scotland,http://data.ordnancesurvey.co.uk/id/7000000000041429,Scotland,http://data.ordnancesurvey.co.uk/id/country/scotland,,,
PH233BD,http://data.ordnancesurvey.co.uk/id/postcodeunit/PH233BD,PH23 3BD,,,,other,Postcode,290961.000,822348.000,3500,18000,,,,,,,Drochaid Chàrr / Carrbridge,http://data.ordnancesurvey.co.uk/id/4000000074543145,http://www.ordnancesurvey.co.uk/xml/codelists/localtype.xml#village,,,,Highland,http://data.ordnancesurvey.co.uk/id/7000000000029638,http://data.ordnancesurvey.co.uk/ontology/admingeo/UnitaryAuthority,Scotland,http://data.ordnancesurvey.co.uk/id/7000000000041429,Scotland,http://data.ordnancesurvey.co.uk/id/country/scotland,,,
PH233ND,http://data.ordnancesurvey.co.uk/id/postcodeunit/PH233ND,PH23 3ND,,,,other,Postcode,293598.000,824345.000,3500,18000,,,,,,,Duthil,http://data.ordnancesurvey.co.uk/id/4000000074555242,http://www.ordnancesurvey.co.uk/xml/codelists/localtype.xml#hamlet,,,,Highland,http://data.ordnancesurvey.co.uk/id/7000000000029638,http://data.ordnancesurvey.co.uk/ontology/admingeo/UnitaryAuthority,Scotland,http://data.ordnancesurvey.co.uk/id/7000000000041429,Scotland,http://data.ordnancesurvey.co.uk/id/country/scotland,,,
PH233BE,http://data.ordnancesurvey.co.uk/id/postcodeunit/PH233BE,PH23 3BE,,,,other,Postcode,291087.000,822654.000,3500,18000,,,,,,,Drochaid Chàrr / Carrbridge,http://data.ordnancesurvey.co.uk/id/4000000074543145,http://www.ordnancesurvey.co.uk/xml/codelists/localtype.xml#village,,,,Highland,http://data.ordnancesurvey.co.uk/id/7000000000029638,http://data.ordnancesurvey.co.uk/ontology/admingeo/UnitaryAuthority,Scotland,http://data.ordnancesurvey.co.uk/id/7000000000041429,Scotland,http://data.ordnancesurvey.co.uk/id/country/scotland,,,
PH263NY,http://data.ordnancesurvey.co.uk/id/postcodeunit/PH263NY,PH26 3NY,,,,other,Postcode,299656.000,824794.000,3500,18000,,,,,,,Dulnain Bridge,http://data.ordnancesurvey.co.uk/id/4000000074555240,http://www.ordnancesurvey.co.uk/xml/codelists/localtype.xml#village,,,,Highland,http://data.ordnancesurvey.co.uk/id/7000000000029638,http://data.ordnancesurvey.co.uk/ontology/admingeo/UnitaryAuthority,Scotland,http://data.ordnancesurvey.co.uk/id/7000000000041429,Scotland,http://data.ordnancesurvey.co.uk/id/country/scotland,,,
PH233AZ,http://data.ordnancesurvey.co.uk/id/postcodeunit/PH233AZ,PH23 3AZ,,,,other,Postcode,289745.000,822654.000,3500,18000,,,,,,,Drochaid Chàrr / Carrbridge,http://data.ordnancesurvey.co.uk/id/4000000074543145,http://www.ordnancesurvey.co.uk/xml/codelists/localtype.xml#village,,,,Highland,http://data.ordnancesurvey.co.uk/id/7000000000029638,http://data.ordnancesurvey.co.uk/ontology/admingeo/UnitaryAuthority,Scotland,http://data.ordnancesurvey.co.uk/id/7000000000041429,Scotland,http://data.ordnancesurvey.co.uk/id/country/scotland,,,
PH233NB,http://data.ordnancesurvey.co.uk/id/postcodeunit/PH233NB,PH23 3NB,,,,other,Postcode,292951.000,825205.000,3500,18000,,,,,,,,,,,,,Highland,http://data.ordnancesurvey.co.uk/id/7000000000029638,http://data.ordnancesurvey.co.uk/ontology/admingeo/UnitaryAuthority,Scotland,http://data.ordnancesurvey.co.uk/id/7000000000041429,Scotland,http://data.ordnancesurvey.co.uk/id/country/scotland,,,
PH263LY,http://data.ordnancesurvey.co.uk/id/postcodeunit/PH263LY,PH26 3LY,,,,other,Postcode,298590.000,825052.000,3500,18000,,,,,,,Dulnain Bridge,http://data.ordnancesurvey.co.uk/id/4000000074555240,http://www.ordnancesurvey.co.uk/xml/codelists/localtype.xml#village,,,,Highland,http://data.ordnancesurvey.co.uk/id/7000000000029638,http://data.ordnancesurvey.co.uk/ontology/admingeo/UnitaryAuthority,Scotland,http://data.ordnancesurvey.co.uk/id/7000000000041429,Scotland,http://data.ordnancesurvey.co.uk/id/country/scotland,,,
PH233AP,http://data.ordnancesurvey.co.uk/id/postcodeunit/PH233AP,PH23 3AP,,,,other,Postcode,288893.000,822233.000,3500,18000,,,,,,,,,,,,,Highland,http://data.ordnancesurvey.co.uk/id/7000000000029638,http://data.ordnancesurvey.co.uk/ontology/admingeo/UnitaryAuthority,Scotland,http://data.ordnancesurvey.co.uk/id/7000000000041429,Scotland,http://data.ordnancesurvey.co.uk/id/country/scotland,,,
PH263PA,http://data.ordnancesurvey.co.uk/id/postcodeunit/PH263PA,PH26 3PA,,,,other,Postcode,298973.000,823955.000,3500,18000,,,,,,,Skye of Curr,http://data.ordnancesurvey.co.uk/id/4000000074542518,http://www.ordnancesurvey.co.uk/xml/codelists/localtype.xml#village,,,,Highland,http://data.ordnancesurvey.co.uk/id/7000000000029638,http://data.ordnancesurvey.co.uk/ontology/admingeo/UnitaryAuthority,Scotland,http://data.ordnancesurvey.co.uk/id/7000000000041429,Scotland,http://data.ordnancesurvey.co.uk/id/country/scotland,,,
PH233AJ,http://data.ordnancesurvey.co.uk/id/postcodeunit/PH233AJ,PH23 3AJ,,,,other,Postcode,290880.000,822270.000,3500,18000,,,,,,,Drochaid Chàrr / Carrbridge,http://data.ordnancesurvey.co.uk/id/4000000074543145,http://www.ordnancesurvey.co.uk/xml/codelists/localtype.xml#village,,,,Highland,http://data.ordnancesurvey.co.uk/id/7000000000029638,http://data.ordnancesurvey.co.uk/ontology/admingeo/UnitaryAuthority,Scotland,http://data.ordnancesurvey.co.uk/id/7000000000041429,Scotland,http://data.ordnancesurvey.co.uk/id/country/scotland,,,
PH233AX,http://data.ordnancesurvey.co.uk/id/postcodeunit/PH233AX,PH23 3AX,,,,other,Postcode,289670.000,822985.000,3500,18000,,,,,,,Drochaid Chàrr / Carrbridge,http://data.ordnancesurvey.co.uk/id/4000000074543145,http://www.ordnancesurvey.co.uk/xml/codelists/localtype.xml#village,,,,Highland,http://data.ordnancesurvey.co.uk/id/7000000000029638,http://data.ordnancesurvey.co.uk/ontology/admingeo/UnitaryAuthority,Scotland,http://data.ordnancesurvey.co.uk/id/7000000000041429,Scotland,http://data.ordnancesurvey.co.uk/id/country/scotland,,,
IV137ZB,http://data.ordnancesurvey.co.uk/id/postcodeunit/IV137ZB,IV13 7ZB,,,,other,Postcode,280229.000,828401.000,3500,18000,,,,,,,Tomatin,http://data.ordnancesurvey.co.uk/id/4000000074555617,http://www.ordnancesurvey.co.uk/xml/codelists/localtype.xml#village,,,,Highland,http://data.ordnancesurvey.co.uk/id/7000000000029638,http://data.ordnancesurvey.co.uk/ontology/admingeo/UnitaryAuthority,Scotland,http://data.ordnancesurvey.co.uk/id/7000000000041429,Scotland,http://data.ordnancesurvey.co.uk/id/country/scotland,,,
PH263PY,http://data.ordnancesurvey.co.uk/id/postcodeunit/PH263PY,PH26 3PY,,,,other,Postcode,296920.000,835518.000,3500,18000,,,,,,,Lochindorb,http://data.ordnancesurvey.co.uk/id/4000000074336347,http://www.ordnancesurvey.co.uk/xml/codelists/localtype.xml#hamlet,,,,Highland,http://data.ordnancesurvey.co.uk/id/7000000000029638,http://data.ordnancesurvey.co.uk/ontology/admingeo/UnitaryAuthority,Scotland,http://data.ordnancesurvey.co.uk/id/7000000000041429,Scotland,http://data.ordnancesurvey.co.uk/id/country/scotland,,,
PH233AG,http://data.ordnancesurvey.co.uk/id/postcodeunit/PH233AG,PH23 3AG,,,,other,Postcode,292158.000,822683.000,3500,18000,,,,,,,,,,,,,Highland,http://data.ordnancesurvey.co.uk/id/7000000000029638,http://data.ordnancesurvey.co.uk/ontology/admingeo/UnitaryAuthority,Scotland,http://data.ordnancesurvey.co.uk/id/7000000000041429,Scotland,http://data.ordnancesurvey.co.uk/id/country/scotland,,,
PH233AD,http://data.ordnancesurvey.co.uk/id/postcodeunit/PH233AD,PH23 3AD,,,,other,Postcode,290891.000,822637.000,3500,18000,,,,,,,Drochaid Chàrr / Carrbridge,http://data.ordnancesurvey.co.uk/id/4000000074543145,http://www.ordnancesurvey.co.uk/xml/codelists/localtype.xml#village,,,,Highland,http://data.ordnancesurvey.co.uk/id/7000000000029638,http://data.ordnancesurvey.co.uk/ontology/admingeo/UnitaryAuthority,Scotland,http://data.ordnancesurvey.co.uk/id/7000000000041429,Scotland,http://data.ordnancesurvey.co.uk/id/country/scotland,,,
PH263NE,http://data.ordnancesurvey.co.uk/id/postcodeunit/PH263NE,PH26 3NE,,,,other,Postcode,295965.000,824838.000,3500,18000,,,,,,,,,,,,,Highland,http://data.ordnancesurvey.co.uk/id/7000000000029638,http://data.ordnancesurvey.co.uk/ontology/admingeo/UnitaryAuthority,Scotland,http://data.ordnancesurvey.co.uk/id/7000000000041429,Scotland,http://data.ordnancesurvey.co.uk/id/country/scotland,,,
PH233BA,http://data.ordnancesurvey.co.uk/id/postcodeunit/PH233BA,PH23 3BA,,,,other,Postcode,290445.000,822930.000,3500,18000,,,,,,,Drochaid Chàrr / Carrbridge,http://data.ordnancesurvey.co.uk/id/4000000074543145,http://www.ordnancesurvey.co.uk/xml/codelists/localtype.xml#village,,,,Highland,http://data.ordnancesurvey.co.uk/id/7000000000029638,http://data.ordnancesurvey.co.uk/ontology/admingeo/UnitaryAuthority,Scotland,http://data.ordnancesurvey.co.uk/id/7000000000041429,Scotland,http://data.ordnancesurvey.co.uk/id/country/scotland,,,
IV137YW,http://data.ordnancesurvey.co.uk/id/postcodeunit/IV137YW,IV13 7YW,,,,other,Postcode,280177.000,828765.000,3500,18000,,,,,,,Tomatin,http://data.ordnancesurvey.co.uk/id/4000000074555617,http://www.ordnancesurvey.co.uk/xml/codelists/localtype.xml#village,,,,Highland,http://data.ordnancesurvey.co.uk/id/7000000000029638,http://data.ordnancesurvey.co.uk/ontology/admingeo/UnitaryAuthority,Scotland,http://data.ordnancesurvey.co.uk/id/7000000000041429,Scotland,http://data.ordnancesurvey.co.uk/id/country/scotland,,,
PH233AF,http://data.ordnancesurvey.co.uk/id/postcodeunit/PH233AF,PH23 3AF,,,,other,Postcode,291438.000,822803.000,3500,18000,,,,,,,Drochaid Chàrr / Carrbridge,http://data.ordnancesurvey.co.uk/id/4000000074543145,http://www.ordnancesurvey.co.uk/xml/codelists/localtype.xml#village,,,,Highland,http://data.ordnancesurvey.co.uk/id/7000000000029638,http://data.ordnancesurvey.co.uk/ontology/admingeo/UnitaryAuthority,Scotland,http://data.ordnancesurvey.co.uk/id/7000000000041429,Scotland,http://data.ordnancesurvey.co.uk/id/country/scotland,,,
PH263LZ,http://data.ordnancesurvey.co.uk/id/postcodeunit/PH263LZ,PH26 3LZ,,,,other,Postcode,295921.000,823713.000,3500,18000,,,,,,,,,,,,,Highland,http://data.ordnancesurvey.co.uk/id/7000000000029638,http://data.ordnancesurvey.co.uk/ontology/admingeo/UnitaryAuthority,Scotland,http://data.ordnancesurvey.co.uk/id/7000000000041429,Scotland,http://data.ordnancesurvey.co.uk/id/country/scotland,,,
PH233AB,http://data.ordnancesurvey.co.uk/id/postcodeunit/PH233AB,PH23 3AB,,,,other,Postcode,290688.000,822974.000,3500,18000,,,,,,,Drochaid Chàrr / Carrbridge,http://data.ordnancesurvey.co.uk/id/4000000074543145,http://www.ordnancesurvey.co.uk/xml/codelists/localtype.xml#village,,,,Highland,http://data.ordnancesurvey.co.uk/id/7000000000029638,http://data.ordnancesurvey.co.uk/ontology/admingeo/UnitaryAuthority,Scotland,http://data.ordnancesurvey.co.uk/id/7000000000041429,Scotland,http://data.ordnancesurvey.co.uk/id/country/scotland,,,
PH263LT,http://data.ordnancesurvey.co.uk/id/postcodeunit/PH263LT,PH26 3LT,,,,other,Postcode,299724.000,824931.000,3500,18000,,,,,,,Dulnain Bridge,http://data.ordnancesurvey.co.uk/id/4000000074555240,http://www.ordnancesurvey.co.uk/xml/codelists/localtype.xml#village,,,,Highland,http://data.ordnancesurvey.co.uk/id/7000000000029638,http://data.ordnancesurvey.co.uk/ontology/admingeo/UnitaryAuthority,Scotland,http://data.ordnancesurvey.co.uk/id/7000000000041429,Scotland,http://data.ordnancesurvey.co.uk/id/country/scotland,,,
PH253EP,http://data.ordnancesurvey.co.uk/id/postcodeunit/PH253EP,PH25 3EP,,,,other,Postcode,299972.000,820568.000,3500,18000,,,,,,,,,,,,,Highland,http://data.ordnancesurvey.co.uk/id/7000000000029638,http://data.ordnancesurvey.co.uk/ontology/admingeo/UnitaryAuthority,Scotland,http://data.ordnancesurvey.co.uk/id/7000000000041429,Scotland,http://data.ordnancesurvey.co.uk/id/country/scotland,,,
PH233AT,http://data.ordnancesurvey.co.uk/id/postcodeunit/PH233AT,PH23 3AT,,,,other,Postcode,290772.000,823010.000,3500,18000,,,,,,,Drochaid Chàrr / Carrbridge,http://data.ordnancesurvey.co.uk/id/4000000074543145,http://www.ordnancesurvey.co.uk/xml/codelists/localtype.xml#village,,,,Highland,http://data.ordnancesurvey.co.uk/id/7000000000029638,http://data.ordnancesurvey.co.uk/ontology/admingeo/UnitaryAuthority,Scotland,http://data.ordnancesurvey.co.uk/id/7000000000041429,Scotland,http://data.ordnancesurvey.co.uk/id/country/scotland,,,
PH263PB,http://data.ordnancesurvey.co.uk/id/postcodeunit/PH263PB,PH26 3PB,,,,other,Postcode,297912.000,822048.000,3500,18000,,,,,,,,,,,,,Highland,http://data.ordnancesurvey.co.uk/id/7000000000029638,http://data.ordnancesurvey.co.uk/ontology/admingeo/UnitaryAuthority,Scotland,http://data.ordnancesurvey.co.uk/id/7000000000041429,Scotland,http://data.ordnancesurvey.co.uk/id/country/scotland,,,
PH233AA,http://data.ordnancesurvey.co.uk/id/postcodeunit/PH233AA,PH23 3AA,,,,other,Postcode,290835.000,822565.000,3500,18000,,,,,,,Drochaid Chàrr / Carrbridge,http://data.ordnancesurvey.co.uk/id/4000000074543145,http://www.ordnancesurvey.co.uk/xml/codelists/localtype.xml#village,,,,Highland,http://data.ordnancesurvey.co.uk/id/7000000000029638,http://data.ordnancesurvey.co.uk/ontology/admingeo/UnitaryAuthority,Scotland,http://data.ordnancesurvey.co.uk/id/7000000000041429,Scotland,http://data.ordnancesurvey.co.uk/id/country/scotland,,,
PH253DB,http://data.ordnancesurvey.co.uk/id/postcodeunit/PH253DB,PH25 3DB,,,,other,Postcode,299722.000,820476.000,3500,18000,,,,,,,Duackbridge,http://data.ordnancesurvey.co.uk/id/4000000074554885,http://www.ordnancesurvey.co.uk/xml/codelists/localtype.xml#village,,,,Highland,http://data.ordnancesurvey.co.uk/id/7000000000029638,http://data.ordnancesurvey.co.uk/ontology/admingeo/UnitaryAuthority,Scotland,http://data.ordnancesurvey.co.uk/id/7000000000041429,Scotland,http://data.ordnancesurvey.co.uk/id/country/scotland,,,
PH253DE,http://data.ordnancesurvey.co.uk/id/postcodeunit/PH253DE,PH25 3DE,,,,other,Postcode,299657.000,820338.000,3500,18000,,,,,,,Duackbridge,http://data.ordnancesurvey.co.uk/id/4000000074554885,http://www.ordnancesurvey.co.uk/xml/codelists/localtype.xml#village,,,,Highland,http://data.ordnancesurvey.co.uk/id/7000000000029638,http://data.ordnancesurvey.co.uk/ontology/admingeo/UnitaryAuthority,Scotland,http://data.ordnancesurvey.co.uk/id/7000000000041429,Scotland,http://data.ordnancesurvey.co.uk/id/country/scotland,,,
PH253DD,http://data.ordnancesurvey.co.uk/id/postcodeunit/PH253DD,PH25 3DD,,,,other,Postcode,299591.000,820780.000,3500,18000,,,,,,,,,,,,,Highland,http://data.ordnancesurvey.co.uk/id/7000000000029638,http://data.ordnancesurvey.co.uk/ontology/admingeo/UnitaryAuthority,Scotland,http://data.ordnancesurvey.co.uk/id/7000000000041429,Scotland,http://data.ordnancesurvey.co.uk/id/country/scotland,,,
IV137YN,http://data.ordnancesurvey.co.uk/id/postcodeunit/IV137YN,IV13 7YN,,,,other,Postcode,280303.000,828616.000,3500,18000,,,,,,,Tomatin,http://data.ordnancesurvey.co.uk/id/4000000074555617,http://www.ordnancesurvey.co.uk/xml/codelists/localtype.xml#village,,,,Highland,http://data.ordnancesurvey.co.uk/id/7000000000029638,http://data.ordnancesurvey.co.uk/ontology/admingeo/UnitaryAuthority,Scotland,http://data.ordnancesurvey.co.uk/id/7000000000041429,Scotland,http://data.ordnancesurvey.co.uk/id/country/scotland,,,
PH233AN,http://data.ordnancesurvey.co.uk/id/postcodeunit/PH233AN,PH23 3AN,,,,other,Postcode,289921.000,822720.000,3500,18000,,,,,,,Drochaid Chàrr / Carrbridge,http://data.ordnancesurvey.co.uk/id/4000000074543145,http://www.ordnancesurvey.co.uk/xml/codelists/localtype.xml#village,,,,Highland,http://data.ordnancesurvey.co.uk/id/7000000000029638,http://data.ordnancesurvey.co.uk/ontology/admingeo/UnitaryAuthority,Scotland,http://data.ordnancesurvey.co.uk/id/7000000000041429,Scotland,http://data.ordnancesurvey.co.uk/id/country/scotland,,,
PH233AL,http://data.ordnancesurvey.co.uk/id/postcodeunit/PH233AL,PH23 3AL,,,,other,Postcode,290453.000,822874.000,3500,18000,,,,,,,Drochaid Chàrr / Carrbridge,http://data.ordnancesurvey.co.uk/id/4000000074543145,http://www.ordnancesurvey.co.uk/xml/codelists/localtype.xml#village,,,,Highland,http://data.ordnancesurvey.co.uk/id/7000000000029638,http://data.ordnancesurvey.co.uk/ontology/admingeo/UnitaryAuthority,Scotland,http://data.ordnancesurvey.co.uk/id/7000000000041429,Scotland,http://data.ordnancesurvey.co.uk/id/country/scotland,,,
PH233AE,http://data.ordnancesurvey.co.uk/id/postcodeunit/PH233AE,PH23 3AE,,,,other,Postcode,291193.000,822702.000,3500,18000,,,,,,,Drochaid Chàrr / Carrbridge,http://data.ordnancesurvey.co.uk/id/4000000074543145,http://www.ordnancesurvey.co.uk/xml/codelists/localtype.xml#village,,,,Highland,http://data.ordnancesurvey.co.uk/id/7000000000029638,http://data.ordnancesurvey.co.uk/ontology/admingeo/UnitaryAuthority,Scotland,http://data.ordnancesurvey.co.uk/id/7000000000041429,Scotland,http://data.ordnancesurvey.co.uk/id/country/scotland,,,
PH233AR,http://data.ordnancesurvey.co.uk/id/postcodeunit/PH233AR,PH23 3AR,,,,other,Postcode,290993.000,822517.000,3500,18000,,,,,,,Drochaid Chàrr / Carrbridge,http://data.ordnancesurvey.co.uk/id/4000000074543145,http://www.ordnancesurvey.co.uk/xml/codelists/localtype.xml#village,,,,Highland,http://data.ordnancesurvey.co.uk/id/7000000000029638,http://data.ordnancesurvey.co.uk/ontology/admingeo/UnitaryAuthority,Scotland,http://data.ordnancesurvey.co.uk/id/7000000000041429,Scotland,http://data.ordnancesurvey.co.uk/id/country/scotland,,,
PH263PZ,http://data.ordnancesurvey.co.uk/id/postcodeunit/PH263PZ,PH26 3PZ,,,,other,Postcode,299538.000,824805.000,3500,18000,,,,,,,Dulnain Bridge,http://data.ordnancesurvey.co.uk/id/4000000074555240,http://www.ordnancesurvey.co.uk/xml/codelists/localtype.xml#village,,,,Highland,http://data.ordnancesurvey.co.uk/id/7000000000029638,http://data.ordnancesurvey.co.uk/ontology/admingeo/UnitaryAuthority,Scotland,http://data.ordnancesurvey.co.uk/id/7000000000041429,Scotland,http://data.ordnancesurvey.co.uk/id/country/scotland,,,
IV125RQ,http://data.ordnancesurvey.co.uk/id/postcodeunit/IV125RQ,IV12 5RQ,,,,other,Postcode,286544.000,839601.000,3500,18000,,,,,,,,,,,,,Highland,http://data.ordnancesurvey.co.uk/id/7000000000029638,http://data.ordnancesurvey.co.uk/ontology/admingeo/UnitaryAuthority,Scotland,http://data.ordnancesurvey.co.uk/id/7000000000041429,Scotland,http://data.ordnancesurvey.co.uk/id/country/scotland,,,
PH233AU,http://data.ordnancesurvey.co.uk/id/postcodeunit/PH233AU,PH23 3AU,,,,other,Postcode,290396.000,823048.000,3500,18000,,,,,,,Drochaid Chàrr / Carrbridge,http://data.ordnancesurvey.co.uk/id/4000000074543145,http://www.ordnancesurvey.co.uk/xml/codelists/localtype.xml#village,,,,Highland,http://data.ordnancesurvey.co.uk/id/7000000000029638,http://data.ordnancesurvey.co.uk/ontology/admingeo/UnitaryAuthority,Scotland,http://data.ordnancesurvey.co.uk/id/7000000000041429,Scotland,http://data.ordnancesurvey.co.uk/id/country/scotland,,,
PH263NU,http://data.ordnancesurvey.co.uk/id/postcodeunit/PH263NU,PH26 3NU,,,,other,Postcode,299966.000,825324.000,3500,18000,,,,,,,,,,,,,Highland,http://data.ordnancesurvey.co.uk/id/7000000000029638,http://data.ordnancesurvey.co.uk/ontology/admingeo/UnitaryAuthority,Scotland,http://data.ordnancesurvey.co.uk/id/7000000000041429,Scotland,http://data.ordnancesurvey.co.uk/id/country/scotland,,,
IV137XX,http://data.ordnancesurvey.co.uk/id/postcodeunit/IV137XX,IV13 7XX,,,,other,Postcode,281015.000,829927.000,3500,18000,,,,,,,,,,,,,Highland,http://data.ordnancesurvey.co.uk/id/7000000000029638,http://data.ordnancesurvey.co.uk/ontology/admingeo/UnitaryAuthority,Scotland,http://data.ordnancesurvey.co.uk/id/7000000000041429,Scotland,http://data.ordnancesurvey.co.uk/id/country/scotland,,,
PH263PD,http://data.ordnancesurvey.co.uk/id/postcodeunit/PH263PD,PH26 3PD,,,,other,Postcode,297652.000,827269.000,3500,18000,,,,,,,,,,,,,Highland,http://data.ordnancesurvey.co.uk/id/7000000000029638,http://data.ordnancesurvey.co.uk/ontology/admingeo/UnitaryAuthority,Scotland,http://data.ordnancesurvey.co.uk/id/7000000000041429,Scotland,http://data.ordnancesurvey.co.uk/id/country/scotland,,,
PH233BG,http://data.ordnancesurvey.co.uk/id/postcodeunit/PH233BG,PH23 3BG,,,,other,Postcode,290984.000,823070.000,3500,18000,,,,,,,Drochaid Chàrr / Carrbridge,http://data.ordnancesurvey.co.uk/id/4000000074543145,http://www.ordnancesurvey.co.uk/xml/codelists/localtype.xml#village,,,,Highland,http://data.ordnancesurvey.co.uk/id/7000000000029638,http://data.ordnancesurvey.co.uk/ontology/admingeo/UnitaryAuthority,Scotland,http://data.ordnancesurvey.co.uk/id/7000000000041429,Scotland,http://data.ordnancesurvey.co.uk/id/country/scotland,,,
PH263BS,http://data.ordnancesurvey.co.uk/id/postcodeunit/PH263BS,PH26 3BS,,,,other,Postcode,299843.000,824852.000,3500,18000,,,,,,,Dulnain Bridge,http://data.ordnancesurvey.co.uk/id/4000000074555240,http://www.ordnancesurvey.co.uk/xml/codelists/localtype.xml#village,,,,Highland,http://data.ordnancesurvey.co.uk/id/7000000000029638,http://data.ordnancesurvey.co.uk/ontology/admingeo/UnitaryAuthority,Scotland,http://data.ordnancesurvey.co.uk/id/7000000000041429,Scotland,http://data.ordnancesurvey.co.uk/id/country/scotland,,,
PH233DA,http://data.ordnancesurvey.co.uk/id/postcodeunit/PH233DA,PH23 3DA,,,,other,Postcode,290870.000,822550.000,3500,18000,,,,,,,Drochaid Chàrr / Carrbridge,http://data.ordnancesurvey.co.uk/id/4000000074543145,http://www.ordnancesurvey.co.uk/xml/codelists/localtype.xml#village,,,,Highland,http://data.ordnancesurvey.co.uk/id/7000000000029638,http://data.ordnancesurvey.co.uk/ontology/admingeo/UnitaryAuthority,Scotland,http://data.ordnancesurvey.co.uk/id/7000000000041429,Scotland,http://data.ordnancesurvey.co.uk/id/country/scotland,,,
PH233NA,http://data.ordnancesurvey.co.uk/id/postcodeunit/PH233NA,PH23 3NA,,,,other,Postcode,292138.000,823563.000,3500,18000,,,,,,,Lochanhully,http://data.ordnancesurvey.co.uk/id/4000000074336133,http://www.ordnancesurvey.co.uk/xml/codelists/localtype.xml#hamlet,,,,Highland,http://data.ordnancesurvey.co.uk/id/7000000000029638,http://data.ordnancesurvey.co.uk/ontology/admingeo/UnitaryAuthority,Scotland,http://data.ordnancesurvey.co.uk/id/7000000000041429,Scotland,http://data.ordnancesurvey.co.uk/id/country/scotland,,,
osgb4000000003531013,http://data.ordnancesurvey.co.uk/id/4000000003531013,Old Mill Road,,,,transportNetwork,Named Road,280199.098,828770.000,1000,20000,280151.036,828699.479,280278.000,828846.000,IV13,http://data.ordnancesurvey.co.uk/id/postcodedistrict/IV13,Tomatin,http://data.ordnancesurvey.co.uk/id/4000000074555617,http://www.ordnancesurvey.co.uk/xml/codelists/localtype.xml#village,,,,Highland,http://data.ordnancesurvey.co.uk/id/7000000000029638,http://data.ordnancesurvey.co.uk/ontology/admingeo/UnitaryAuthority,Scotland,http://data.ordnancesurvey.co.uk/id/7000000000041429,Scotland,http://data.ordnancesurvey.co.uk/id/country/scotland,,,
osgb4000000003546390,http://data.ordnancesurvey.co.uk/id/4000000003546390,Hilditch Terrace,,,,transportNetwork,Named Road,290805.420,822597.565,1000,20000,290805.420,822597.565,290837.942,822612.348,PH23,http://data.ordnancesurvey.co.uk/id/postcodedistrict/PH23,Drochaid Chàrr / Carrbridge,http://data.ordnancesurvey.co.uk/id/4000000074543145,http://www.ordnancesurvey.co.uk/xml/codelists/localtype.xml#village,,,,Highland,http://data.ordnancesurvey.co.uk/id/7000000000029638,http://data.ordnancesurvey.co.uk/ontology/admingeo/UnitaryAuthority,Scotland,http://data.ordnancesurvey.co.uk/id/7000000000041429,Scotland,http://data.ordnancesurvey.co.uk/id/country/scotland,,,
osgb4000000003558831,http://data.ordnancesurvey.co.uk/id/4000000003558831,Dalbeg Road,,,,transportNetwork,Named Road,290871.260,823020.159,1000,20000,290813.316,822995.076,290914.463,823066.596,PH23,http://data.ordnancesurvey.co.uk/id/postcodedistrict/PH23,Drochaid Chàrr / Carrbridge,http://data.ordnancesurvey.co.uk/id/4000000074543145,http://www.ordnancesurvey.co.uk/xml/codelists/localtype.xml#village,,,,Highland,http://data.ordnancesurvey.co.uk/id/7000000000029638,http://data.ordnancesurvey.co.uk/ontology/admingeo/UnitaryAuthority,Scotland,http://data.ordnancesurvey.co.uk/id/7000000000041429,Scotland,http://data.ordnancesurvey.co.uk/id/country/scotland,,,
osgb4000000003532142,http://data.ordnancesurvey.co.uk/id/4000000003532142,Mannfield Place,,,,transportNetwork,Named Road,290643.000,822757.000,1000,20000,290602.000,822713.000,290706.000,822789.000,PH23,http://data.ordnancesurvey.co.uk/id/postcodedistrict/PH23,Drochaid Chàrr / Carrbridge,http://data.ordnancesurvey.co.uk/id/4000000074543145,http://www.ordnancesurvey.co.uk/xml/codelists/localtype.xml#village,,,,Highland,http://data.ordnancesurvey.co.uk/id/7000000000029638,http://data.ordnancesurvey.co.uk/ontology/admingeo/UnitaryAuthority,Scotland,http://data.ordnancesurvey.co.uk/id/7000000000041429,Scotland,http://data.ordnancesurvey.co.uk/id/country/scotland,,,
98795950-0a38-451a-ac1b-e6a1fd5d9ad8,http://data.ordnancesurvey.co.uk/id/98795950-0a38-451a-ac1b-e6a1fd5d9ad8,Skye Of Curr Road,,,,transportNetwork,Section Of Named Road,298958.079,823937.030,8000,25000,298539.982,823430.351,299240.077,824586.240,PH26,http://data.ordnancesurvey.co.uk/id/postcodedistrict/PH26,Skye of Curr,http://data.ordnancesurvey.co.uk/id/4000000074542518,http://www.ordnancesurvey.co.uk/xml/codelists/localtype.xml#village,,,,Highland,http://data.ordnancesurvey.co.uk/id/7000000000029638,http://data.ordnancesurvey.co.uk/ontology/admingeo/UnitaryAuthority,Scotland,http://data.ordnancesurvey.co.uk/id/7000000000041429,Scotland,http://data.ordnancesurvey.co.uk/id/country/scotland,osgb4000000003553400,,
osgb5000005174334426,http://data.ordnancesurvey.co.uk/id/5000005174334426,Mill View,,,,transportNetwork,Named Road,280227.640,828868.964,1000,20000,280193.906,828868.435,280266.829,828887.483,IV13,http://data.ordnancesurvey.co.uk/id/postcodedistrict/IV13,Tomatin,http://data.ordnancesurvey.co.uk/id/4000000074555617,http://www.ordnancesurvey.co.uk/xml/codelists/localtype.xml#village,,,,Highland,http://data.ordnancesurvey.co.uk/id/7000000000029638,http://data.ordnancesurvey.co.uk/ontology/admingeo/UnitaryAuthority,Scotland,http://data.ordnancesurvey.co.uk/id/7000000000041429,Scotland,http://data.ordnancesurvey.co.uk/id/country/scotland,,,
osgb4000000003534496,http://data.ordnancesurvey.co.uk/id/4000000003534496,Skye Of Curr,,,,transportNetwork,Named Road,298107.588,823053.575,6000,20000,297799.977,822533.000,298539.982,823430.351,PH26,http://data.ordnancesurvey.co.uk/id/postcodedistrict/PH26,Skye of Curr,http://data.ordnancesurvey.co.uk/id/4000000074542518,http://www.ordnancesurvey.co.uk/xml/codelists/localtype.xml#village,,,,Highland,http://data.ordnancesurvey.co.uk/id/7000000000029638,http://data.ordnancesurvey.co.uk/ontology/admingeo/UnitaryAuthority,Scotland,http://data.ordnancesurvey.co.uk/id/7000000000041429,Scotland,http://data.ordnancesurvey.co.uk/id/country/scotland,,,
osgb4000000003555182,http://data.ordnancesurvey.co.uk/id/4000000003555182,Urquhart's Brae,,,,transportNetwork,Named Road,289790.000,822652.000,1000,20000,289747.625,822621.000,289823.000,822655.000,PH23,http://data.ordnancesurvey.co.uk/id/postcodedistrict/PH23,Drochaid Chàrr / Carrbridge,http://data.ordnancesurvey.co.uk/id/4000000074543145,http://www.ordnancesurvey.co.uk/xml/codelists/localtype.xml#village,,,,Highland,http://data.ordnancesurvey.co.uk/id/7000000000029638,http://data.ordnancesurvey.co.uk/ontology/admingeo/UnitaryAuthority,Scotland,http://data.ordnancesurvey.co.uk/id/7000000000041429,Scotland,http://data.ordnancesurvey.co.uk/id/country/scotland,,,
osgb4000000003530943,http://data.ordnancesurvey.co.uk/id/4000000003530943,Station Road,,,,transportNetwork,Named Road,290230.000,822861.000,5000,20000,289823.000,822647.000,290666.000,822906.000,PH23,http://data.ordnancesurvey.co.uk/id/postcodedistrict/PH23,Drochaid Chàrr / Carrbridge,http://data.ordnancesurvey.co.uk/id/4000000074543145,http://www.ordnancesurvey.co.uk/xml/codelists/localtype.xml#village,,,,Highland,http://data.ordnancesurvey.co.uk/id/7000000000029638,http://data.ordnancesurvey.co.uk/ontology/admingeo/UnitaryAuthority,Scotland,http://data.ordnancesurvey.co.uk/id/7000000000041429,Scotland,http://data.ordnancesurvey.co.uk/id/country/scotland,,,
osgb4000000003534172,http://data.ordnancesurvey.co.uk/id/4000000003534172,B9007,,,,transportNetwork,Numbered Road,294704.000,837000.000,168000,250000,292823.000,824550.000,300991.000,850368.000,PH26,http://data.ordnancesurvey.co.uk/id/postcodedistrict/PH26,,,,,,,Highland,http://data.ordnancesurvey.co.uk/id/7000000000029638,http://data.ordnancesurvey.co.uk/ontology/admingeo/UnitaryAuthority,Scotland,http://data.ordnancesurvey.co.uk/id/7000000000041429,Scotland,http://data.ordnancesurvey.co.uk/id/country/scotland,,,
d2d06047-3d48-445e-a7f2-e4bc14290579,http://data.ordnancesurvey.co.uk/id/d2d06047-3d48-445e-a7f2-e4bc14290579,Skye Of Curr Road,,,,transportNetwork,Section Of Named Road,299318.000,824762.000,2000,25000,299240.150,824586.406,299528.135,824871.000,PH26,http://data.ordnancesurvey.co.uk/id/postcodedistrict/PH26,Dulnain Bridge,http://data.ordnancesurvey.co.uk/id/4000000074555240,http://www.ordnancesurvey.co.uk/xml/codelists/localtype.xml#village,,,,Highland,http://data.ordnancesurvey.co.uk/id/7000000000029638,http://data.ordnancesurvey.co.uk/ontology/admingeo/UnitaryAuthority,Scotland,http://data.ordnancesurvey.co.uk/id/7000000000041429,Scotland,http://data.ordnancesurvey.co.uk/id/country/scotland,osgb4000000003553400,,
6a560e77-1e25-4161-99e1-df0bc32f151a,http://data.ordnancesurvey.co.uk/id/6a560e77-1e25-4161-99e1-df0bc32f151a,Birchfield Court,,,,transportNetwork,Section Of Named Road,299973.098,820537.257,1000,25000,299971.063,820536.958,299975.789,820541.893,PH25,http://data.ordnancesurvey.co.uk/id/postcodedistrict/PH25,Duackbridge,http://data.ordnancesurvey.co.uk/id/4000000074554885,http://www.ordnancesurvey.co.uk/xml/codelists/localtype.xml#village,,,,Highland,http://data.ordnancesurvey.co.uk/id/7000000000029638,http://data.ordnancesurvey.co.uk/ontology/admingeo/UnitaryAuthority,Scotland,http://data.ordnancesurvey.co.uk/id/7000000000041429,Scotland,http://data.ordnancesurvey.co.uk/id/country/scotland,osgb4000000003558556,,
osgb4000000003532467,http://data.ordnancesurvey.co.uk/id/4000000003532467,Carr Place,,,,transportNetwork,Named Road,291443.000,822789.000,1000,20000,291429.600,822748.000,291458.000,822790.000,PH23,http://data.ordnancesurvey.co.uk/id/postcodedistrict/PH23,Drochaid Chàrr / Carrbridge,http://data.ordnancesurvey.co.uk/id/4000000074543145,http://www.ordnancesurvey.co.uk/xml/codelists/localtype.xml#village,,,,Highland,http://data.ordnancesurvey.co.uk/id/7000000000029638,http://data.ordnancesurvey.co.uk/ontology/admingeo/UnitaryAuthority,Scotland,http://data.ordnancesurvey.co.uk/id/7000000000041429,Scotland,http://data.ordnancesurvey.co.uk/id/country/scotland,,,
osgb4000000003530944,http://data.ordnancesurvey.co.uk/id/4000000003530944,Carr Road,,,,transportNetwork,Named Road,291155.000,822703.000,5000,20000,290769.000,822671.000,291519.000,822749.000,PH23,http://data.ordnancesurvey.co.uk/id/postcodedistrict/PH23,Drochaid Chàrr / Carrbridge,http://data.ordnancesurvey.co.uk/id/4000000074543145,http://www.ordnancesurvey.co.uk/xml/codelists/localtype.xml#village,,,,Highland,http://data.ordnancesurvey.co.uk/id/7000000000029638,http://data.ordnancesurvey.co.uk/ontology/admingeo/UnitaryAuthority,Scotland,http://data.ordnancesurvey.co.uk/id/7000000000041429,Scotland,http://data.ordnancesurvey.co.uk/id/country/scotland,,,
osgb4000000003537910,http://data.ordnancesurvey.co.uk/id/4000000003537910,Forestry Road,,,,transportNetwork,Named Road,284020.000,832896.000,11000,20000,283328.620,831889.000,284814.770,833544.568,IV13,http://data.ordnancesurvey.co.uk/id/postcodedistrict/IV13,,,,,,,Highland,http://data.ordnancesurvey.co.uk/id/7000000000029638,http://data.ordnancesurvey.co.uk/ontology/admingeo/UnitaryAuthority,Scotland,http://data.ordnancesurvey.co.uk/id/7000000000041429,Scotland,http://data.ordnancesurvey.co.uk/id/country/scotland,,,
osgb4000000003531621,http://data.ordnancesurvey.co.uk/id/4000000003531621,School Place,,,,transportNetwork,Named Road,299547.000,824789.000,1000,20000,299459.000,824764.807,299615.100,824809.000,PH26,http://data.ordnancesurvey.co.uk/id/postcodedistrict/PH26,Dulnain Bridge,http://data.ordnancesurvey.co.uk/id/4000000074555240,http://www.ordnancesurvey.co.uk/xml/codelists/localtype.xml#village,,,,Highland,http://data.ordnancesurvey.co.uk/id/7000000000029638,http://data.ordnancesurvey.co.uk/ontology/admingeo/UnitaryAuthority,Scotland,http://data.ordnancesurvey.co.uk/id/7000000000041429,Scotland,http://data.ordnancesurvey.co.uk/id/country/scotland,,,
osgb4000000003555012,http://data.ordnancesurvey.co.uk/id/4000000003555012,Ellanwood Court,,,,transportNetwork,Named Road,290964.800,822529.800,1000,20000,290964.800,822521.000,290970.800,822529.800,PH23,http://data.ordnancesurvey.co.uk/id/postcodedistrict/PH23,Drochaid Chàrr / Carrbridge,http://data.ordnancesurvey.co.uk/id/4000000074543145,http://www.ordnancesurvey.co.uk/xml/codelists/localtype.xml#village,,,,Highland,http://data.ordnancesurvey.co.uk/id/7000000000029638,http://data.ordnancesurvey.co.uk/ontology/admingeo/UnitaryAuthority,Scotland,http://data.ordnancesurvey.co.uk/id/7000000000041429,Scotland,http://data.ordnancesurvey.co.uk/id/country/scotland,,,
osgb4000000003532143,http://data.ordnancesurvey.co.uk/id/4000000003532143,School Road,,,,transportNetwork,Named Road,299644.000,824815.000,1000,20000,299615.100,824764.807,299656.000,824840.000,PH26,http://data.ordnancesurvey.co.uk/id/postcodedistrict/PH26,Dulnain Bridge,http://data.ordnancesurvey.co.uk/id/4000000074555240,http://www.ordnancesurvey.co.uk/xml/codelists/localtype.xml#village,,,,Highland,http://data.ordnancesurvey.co.uk/id/7000000000029638,http://data.ordnancesurvey.co.uk/ontology/admingeo/UnitaryAuthority,Scotland,http://data.ordnancesurvey.co.uk/id/7000000000041429,Scotland,http://data.ordnancesurvey.co.uk/id/country/scotland,,,
bbe854b0-8f81-4802-b2f3-780d49a98c77,http://data.ordnancesurvey.co.uk/id/bbe854b0-8f81-4802-b2f3-780d49a98c77,Skye Of Curr,,,,transportNetwork,Section Of Named Road,298136.605,823079.529,5000,25000,297799.977,822645.103,298539.982,823430.351,PH26,http://data.ordnancesurvey.co.uk/id/postcodedistrict/PH26,Skye of Curr,http://data.ordnancesurvey.co.uk/id/4000000074542518,http://www.ordnancesurvey.co.uk/xml/codelists/localtype.xml#village,,,,Highland,http://data.ordnancesurvey.co.uk/id/7000000000029638,http://data.ordnancesurvey.co.uk/ontology/admingeo/UnitaryAuthority,Scotland,http://data.ordnancesurvey.co.uk/id/7000000000041429,Scotland,http://data.ordnancesurvey.co.uk/id/country/scotland,osgb4000000003534496,,
osgb4000000003531619,http://data.ordnancesurvey.co.uk/id/4000000003531619,Reed Court,,,,transportNetwork,Named Road,290457.000,822901.000,1000,20000,290396.000,822868.000,290524.000,822924.296,PH23,http://data.ordnancesurvey.co.uk/id/postcodedistrict/PH23,Drochaid Chàrr / Carrbridge,http://data.ordnancesurvey.co.uk/id/4000000074543145,http://www.ordnancesurvey.co.uk/xml/codelists/localtype.xml#village,,,,Highland,http://data.ordnancesurvey.co.uk/id/7000000000029638,http://data.ordnancesurvey.co.uk/ontology/admingeo/UnitaryAuthority,Scotland,http://data.ordnancesurvey.co.uk/id/7000000000041429,Scotland,http://data.ordnancesurvey.co.uk/id/country/scotland,,,
osgb4000000003532140,http://data.ordnancesurvey.co.uk/id/4000000003532140,Crannich Park,,,,transportNetwork,Named Road,290988.000,822337.000,1000,20000,290920.000,822305.000,291013.000,822367.600,PH23,http://data.ordnancesurvey.co.uk/id/postcodedistrict/PH23,Drochaid Chàrr / Carrbridge,http://data.ordnancesurvey.co.uk/id/4000000074543145,http://www.ordnancesurvey.co.uk/xml/codelists/localtype.xml#village,,,,Highland,http://data.ordnancesurvey.co.uk/id/7000000000029638,http://data.ordnancesurvey.co.uk/ontology/admingeo/UnitaryAuthority,Scotland,http://data.ordnancesurvey.co.uk/id/7000000000041429,Scotland,http://data.ordnancesurvey.co.uk/id/country/scotland,,,
osgb4000000003558556,http://data.ordnancesurvey.co.uk/id/4000000003558556,Birchfield Court,,,,transportNetwork,Named Road,299990.967,820542.542,1000,20000,299968.568,820524.372,299998.601,820564.101,PH25,http://data.ordnancesurvey.co.uk/id/postcodedistrict/PH25,Nethy Bridge,http://data.ordnancesurvey.co.uk/id/4000000074562530,http://www.ordnancesurvey.co.uk/xml/codelists/localtype.xml#village,,,,Highland,http://data.ordnancesurvey.co.uk/id/7000000000029638,http://data.ordnancesurvey.co.uk/ontology/admingeo/UnitaryAuthority,Scotland,http://data.ordnancesurvey.co.uk/id/7000000000041429,Scotland,http://data.ordnancesurvey.co.uk/id/country/scotland,,,
osgb4000000003538273,http://data.ordnancesurvey.co.uk/id/4000000003538273,Dalmore Road,,,,transportNetwork,Named Road,291003.287,823058.696,1000,20000,290934.144,823051.096,291039.887,823126.696,PH23,http://data.ordnancesurvey.co.uk/id/postcodedistrict/PH23,Drochaid Chàrr / Carrbridge,http://data.ordnancesurvey.co.uk/id/4000000074543145,http://www.ordnancesurvey.co.uk/xml/codelists/localtype.xml#village,,,,Highland,http://data.ordnancesurvey.co.uk/id/7000000000029638,http://data.ordnancesurvey.co.uk/ontology/admingeo/UnitaryAuthority,Scotland,http://data.ordnancesurvey.co.uk/id/7000000000041429,Scotland,http://data.ordnancesurvey.co.uk/id/country/scotland,,,
osgb5000005151671560,http://data.ordnancesurvey.co.uk/id/5000005151671560,Juniper Drive,,,,transportNetwork,Named Road,280257.117,828435.248,1000,20000,280174.724,828386.720,280344.334,828435.248,IV13,http://data.ordnancesurvey.co.uk/id/postcodedistrict/IV13,Tomatin,http://data.ordnancesurvey.co.uk/id/4000000074555617,http://www.ordnancesurvey.co.uk/xml/codelists/localtype.xml#village,,,,Highland,http://data.ordnancesurvey.co.uk/id/7000000000029638,http://data.ordnancesurvey.co.uk/ontology/admingeo/UnitaryAuthority,Scotland,http://data.ordnancesurvey.co.uk/id/7000000000041429,Scotland,http://data.ordnancesurvey.co.uk/id/country/scotland,,,
osgb4000000003532603,http://data.ordnancesurvey.co.uk/id/4000000003532603,B9153,,,,transportNetwork,Numbered Road,290994.000,820900.000,28000,250000,290638.000,818785.942,291420.000,823017.000,PH23,http://data.ordnancesurvey.co.uk/id/postcodedistrict/PH23,,,,,,,Highland,http://data.ordnancesurvey.co.uk/id/7000000000029638,http://data.ordnancesurvey.co.uk/ontology/admingeo/UnitaryAuthority,Scotland,http://data.ordnancesurvey.co.uk/id/7000000000041429,Scotland,http://data.ordnancesurvey.co.uk/id/country/scotland,,,
osgb4000000003379711,http://data.ordnancesurvey.co.uk/id/4000000003379711,A9,,,,transportNetwork,Numbered Road,288567.000,823809.000,1000000,1891000,258706.000,679491.000,319936.450,970418.000,PH23,http://data.ordnancesurvey.co.uk/id/postcodedistrict/PH23,,,,,,,Highland,http://data.ordnancesurvey.co.uk/id/7000000000029638,http://data.ordnancesurvey.co.uk/ontology/admingeo/UnitaryAuthority,Scotland,http://data.ordnancesurvey.co.uk/id/7000000000041429,Scotland,http://data.ordnancesurvey.co.uk/id/country/scotland,,,
osgb4000000003532141,http://data.ordnancesurvey.co.uk/id/4000000003532141,Strathspey Lane,,,,transportNetwork,Named Road,290880.000,822541.000,1000,20000,290840.000,822515.000,290899.000,822550.000,PH23,http://data.ordnancesurvey.co.uk/id/postcodedistrict/PH23,Drochaid Chàrr / Carrbridge,http://data.ordnancesurvey.co.uk/id/4000000074543145,http://www.ordnancesurvey.co.uk/xml/codelists/localtype.xml#village,,,,Highland,http://data.ordnancesurvey.co.uk/id/7000000000029638,http://data.ordnancesurvey.co.uk/ontology/admingeo/UnitaryAuthority,Scotland,http://data.ordnancesurvey.co.uk/id/7000000000041429,Scotland,http://data.ordnancesurvey.co.uk/id/country/scotland,,,
osgb4000000003541964,http://data.ordnancesurvey.co.uk/id/4000000003541964,Fraser Road,,,,transportNetwork,Named Road,299600.000,824849.000,1000,20000,299528.135,824839.248,299656.000,824866.075,PH26,http://data.ordnancesurvey.co.uk/id/postcodedistrict/PH26,Dulnain Bridge,http://data.ordnancesurvey.co.uk/id/4000000074555240,http://www.ordnancesurvey.co.uk/xml/codelists/localtype.xml#village,,,,Highland,http://data.ordnancesurvey.co.uk/id/7000000000029638,http://data.ordnancesurvey.co.uk/ontology/admingeo/UnitaryAuthority,Scotland,http://data.ordnancesurvey.co.uk/id/7000000000041429,Scotland,http://data.ordnancesurvey.co.uk/id/country/scotland,,,
osgb4000000003531618,http://data.ordnancesurvey.co.uk/id/4000000003531618,Ellanwood Road,,,,transportNetwork,Named Road,290915.304,822537.542,1000,20000,290857.000,822477.000,290964.800,822583.792,PH23,http://data.ordnancesurvey.co.uk/id/postcodedistrict/PH23,Drochaid Chàrr / Carrbridge,http://data.ordnancesurvey.co.uk/id/4000000074543145,http://www.ordnancesurvey.co.uk/xml/codelists/localtype.xml#village,,,,Highland,http://data.ordnancesurvey.co.uk/id/7000000000029638,http://data.ordnancesurvey.co.uk/ontology/admingeo/UnitaryAuthority,Scotland,http://data.ordnancesurvey.co.uk/id/7000000000041429,Scotland,http://data.ordnancesurvey.co.uk/id/country/scotland,,,
osgb4000000003532604,http://data.ordnancesurvey.co.uk/id/4000000003532604,A938,,,,transportNetwork,Numbered Road,293892.000,824396.000,83000,1000000,287615.000,823008.000,300366.170,825451.000,PH23,http://data.ordnancesurvey.co.uk/id/postcodedistrict/PH23,Duthil,http://data.ordnancesurvey.co.uk/id/4000000074555242,http://www.ordnancesurvey.co.uk/xml/codelists/localtype.xml#hamlet,,,,Highland,http://data.ordnancesurvey.co.uk/id/7000000000029638,http://data.ordnancesurvey.co.uk/ontology/admingeo/UnitaryAuthority,Scotland,http://data.ordnancesurvey.co.uk/id/7000000000041429,Scotland,http://data.ordnancesurvey.co.uk/id/country/scotland,,,
PH253DF,http://data.ordnancesurvey.co.uk/id/postcodeunit/PH253DF,PH25 3DF,,,,other,Postcode,299271.000,820472.000,3500,18000,,,,,,,Duackbridge,http://data.ordnancesurvey.co.uk/id/4000000074554885,http://www.ordnancesurvey.co.uk/xml/codelists/localtype.xml#village,,,,Highland,http://data.ordnancesurvey.co.uk/id/7000000000029638,http://data.ordnancesurvey.co.uk/ontology/admingeo/UnitaryAuthority,Scotland,http://data.ordnancesurvey.co.uk/id/7000000000041429,Scotland,http://data.ordnancesurvey.co.uk/id/country/scotland,,,
PH263DE,http://data.ordnancesurvey.co.uk/id/postcodeunit/PH263DE,PH26 3DE,,,,other,Postcode,299609.000,824736.000,3500,18000,,,,,,,Dulnain Bridge,http://data.ordnancesurvey.co.uk/id/4000000074555240,http://www.ordnancesurvey.co.uk/xml/codelists/localtype.xml#village,,,,Highland,http://data.ordnancesurvey.co.uk/id/7000000000029638,http://data.ordnancesurvey.co.uk/ontology/admingeo/UnitaryAuthority,Scotland,http://data.ordnancesurvey.co.uk/id/7000000000041429,Scotland,http://data.ordnancesurvey.co.uk/id/country/scotland,,,
PH233BB,http://data.ordnancesurvey.co.uk/id/postcodeunit/PH233BB,PH23 3BB,,,,other,Postcode,290637.000,822691.000,3500,18000,,,,,,,Drochaid Chàrr / Carrbridge,http://data.ordnancesurvey.co.uk/id/4000000074543145,http://www.ordnancesurvey.co.uk/xml/codelists/localtype.xml#village,,,,Highland,http://data.ordnancesurvey.co.uk/id/7000000000029638,http://data.ordnancesurvey.co.uk/ontology/admingeo/UnitaryAuthority,Scotland,http://data.ordnancesurvey.co.uk/id/7000000000041429,Scotland,http://data.ordnancesurvey.co.uk/id/country/scotland,,,
PH233BX,http://data.ordnancesurvey.co.uk/id/postcodeunit/PH233BX,PH23 3BX,,,,other,Postcode,290172.000,823162.000,3500,18000,,,,,,,Drochaid Chàrr / Carrbridge,http://data.ordnancesurvey.co.uk/id/4000000074543145,http://www.ordnancesurvey.co.uk/xml/codelists/localtype.xml#village,,,,Highland,http://data.ordnancesurvey.co.uk/id/7000000000029638,http://data.ordnancesurvey.co.uk/ontology/admingeo/UnitaryAuthority,Scotland,http://data.ordnancesurvey.co.uk/id/7000000000041429,Scotland,http://data.ordnancesurvey.co.uk/id/country/scotland,,,
osgb4000000003531620,http://data.ordnancesurvey.co.uk/id/4000000003531620,Rowan Park,,,,transportNetwork,Named Road,291033.000,822635.000,1000,20000,291015.707,822635.000,291142.000,822693.000,PH23,http://data.ordnancesurvey.co.uk/id/postcodedistrict/PH23,Drochaid Chàrr / Carrbridge,http://data.ordnancesurvey.co.uk/id/4000000074543145,http://www.ordnancesurvey.co.uk/xml/codelists/localtype.xml#village,,,,Highland,http://data.ordnancesurvey.co.uk/id/7000000000029638,http://data.ordnancesurvey.co.uk/ontology/admingeo/UnitaryAuthority,Scotland,http://data.ordnancesurvey.co.uk/id/7000000000041429,Scotland,http://data.ordnancesurvey.co.uk/id/country/scotland,,,
osgb4000000003553400,http://data.ordnancesurvey.co.uk/id/4000000003553400,Skye Of Curr Road,,,,transportNetwork,Named Road,299092.000,824238.000,9000,20000,298539.982,823430.351,299528.135,824871.000,PH26,http://data.ordnancesurvey.co.uk/id/postcodedistrict/PH26,Skye of Curr,http://data.ordnancesurvey.co.uk/id/4000000074542518,http://www.ordnancesurvey.co.uk/xml/codelists/localtype.xml#village,,,,Highland,http://data.ordnancesurvey.co.uk/id/7000000000029638,http://data.ordnancesurvey.co.uk/ontology/admingeo/UnitaryAuthority,Scotland,http://data.ordnancesurvey.co.uk/id/7000000000041429,Scotland,http://data.ordnancesurvey.co.uk/id/country/scotland,,,
PH233AS,http://data.ordnancesurvey.co.uk/id/postcodeunit/PH233AS,PH23 3AS,,,,other,Postcode,290683.000,822875.000,3500,18000,,,,,,,Drochaid Chàrr / Carrbridge,http://data.ordnancesurvey.co.uk/id/4000000074543145,http://www.ordnancesurvey.co.uk/xml/codelists/localtype.xml#village,,,,Highland,http://data.ordnancesurvey.co.uk/id/7000000000029638,http://data.ordnancesurvey.co.uk/ontology/admingeo/UnitaryAuthority,Scotland,http://data.ordnancesurvey.co.uk/id/7000000000041429,Scotland,http://data.ordnancesurvey.co.uk/id/country/scotland,,,
39df8b92-1915-4fb8-bfe8-d167a31d729a,http://data.ordnancesurvey.co.uk/id/39df8b92-1915-4fb8-bfe8-d167a31d729a,Birchfield Court,,,,transportNetwork,Section Of Named Road,299990.967,820542.542,1000,25000,299976.356,820524.372,299998.601,820564.101,PH25,http://data.ordnancesurvey.co.uk/id/postcodedistrict/PH25,Nethy Bridge,http://data.ordnancesurvey.co.uk/id/4000000074562530,http://www.ordnancesurvey.co.uk/xml/codelists/localtype.xml#village,,,,Highland,http://data.ordnancesurvey.co.uk/id/7000000000029638,http://data.ordnancesurvey.co.uk/ontology/admingeo/UnitaryAuthority,Scotland,http://data.ordnancesurvey.co.uk/id/7000000000041429,Scotland,http://data.ordnancesurvey.co.uk/id/country/scotland,osgb4000000003558556,,
