﻿osgb4000000074549361,http://data.ordnancesurvey.co.uk/id/4000000074549361,Kilmory,,,,populatedPlace,Hamlet,152999.460,769981.050,5000,25000,152535.853,769870.546,153260.899,770606.425,PH36,http://data.ordnancesurvey.co.uk/id/postcodedistrict/PH36,,,,,,,Highland,http://data.ordnancesurvey.co.uk/id/7000000000029638,http://data.ordnancesurvey.co.uk/ontology/admingeo/UnitaryAuthority,Scotland,http://data.ordnancesurvey.co.uk/id/7000000000041429,Scotland,http://data.ordnancesurvey.co.uk/id/country/scotland,,"http://dbpedia.org/resource/Kilmory,_Highland",http://sws.geonames.org/2645580
osgb4000000074550852,http://data.ordnancesurvey.co.uk/id/4000000074550852,Kilchoan,,,,populatedPlace,Village,148288.000,763802.000,22000,250000,146776.043,762777.237,150227.689,764505.292,PH36,http://data.ordnancesurvey.co.uk/id/postcodedistrict/PH36,,,,,,,Highland,http://data.ordnancesurvey.co.uk/id/7000000000029638,http://data.ordnancesurvey.co.uk/ontology/admingeo/UnitaryAuthority,Scotland,http://data.ordnancesurvey.co.uk/id/7000000000041429,Scotland,http://data.ordnancesurvey.co.uk/id/country/scotland,,http://dbpedia.org/resource/Kilchoan,http://sws.geonames.org/2645692
osgb4000000074551226,http://data.ordnancesurvey.co.uk/id/4000000074551226,Portuairk,,,,populatedPlace,Hamlet,143927.000,768089.000,5000,25000,143407.399,767887.022,144128.578,768387.022,PH36,http://data.ordnancesurvey.co.uk/id/postcodedistrict/PH36,,,,,,,Highland,http://data.ordnancesurvey.co.uk/id/7000000000029638,http://data.ordnancesurvey.co.uk/ontology/admingeo/UnitaryAuthority,Scotland,http://data.ordnancesurvey.co.uk/id/7000000000041429,Scotland,http://data.ordnancesurvey.co.uk/id/country/scotland,,http://dbpedia.org/resource/Portuairk,
osgb4000000074551225,http://data.ordnancesurvey.co.uk/id/4000000074551225,Achnaha,,,,populatedPlace,Hamlet,146294.000,768255.000,5000,25000,146061.294,768016.441,146561.294,768516.441,PH36,http://data.ordnancesurvey.co.uk/id/postcodedistrict/PH36,,,,,,,Highland,http://data.ordnancesurvey.co.uk/id/7000000000029638,http://data.ordnancesurvey.co.uk/ontology/admingeo/UnitaryAuthority,Scotland,http://data.ordnancesurvey.co.uk/id/7000000000041429,Scotland,http://data.ordnancesurvey.co.uk/id/country/scotland,,,
osgb4000000074552341,http://data.ordnancesurvey.co.uk/id/4000000074552341,Port Mòr,,,,populatedPlace,Hamlet,142252.000,779382.000,5000,25000,142019.429,779120.292,142519.429,779620.292,PH41,http://data.ordnancesurvey.co.uk/id/postcodedistrict/PH41,,,,,,,Highland,http://data.ordnancesurvey.co.uk/id/7000000000029638,http://data.ordnancesurvey.co.uk/ontology/admingeo/UnitaryAuthority,Scotland,http://data.ordnancesurvey.co.uk/id/7000000000041429,Scotland,http://data.ordnancesurvey.co.uk/id/country/scotland,,,
osgb4000000074549360,http://data.ordnancesurvey.co.uk/id/4000000074549360,Branault,,,,populatedPlace,Hamlet,152888.700,769358.790,5000,25000,152645.078,768992.577,153145.078,769842.674,PH36,http://data.ordnancesurvey.co.uk/id/postcodedistrict/PH36,,,,,,,Highland,http://data.ordnancesurvey.co.uk/id/7000000000029638,http://data.ordnancesurvey.co.uk/ontology/admingeo/UnitaryAuthority,Scotland,http://data.ordnancesurvey.co.uk/id/7000000000041429,Scotland,http://data.ordnancesurvey.co.uk/id/country/scotland,,,
osgb4000000074548971,http://data.ordnancesurvey.co.uk/id/4000000074548971,Glenmore,,,,populatedPlace,Hamlet,158743.700,762448.600,5000,25000,158461.907,762170.203,158961.907,762670.203,PH36,http://data.ordnancesurvey.co.uk/id/postcodedistrict/PH36,,,,,,,Highland,http://data.ordnancesurvey.co.uk/id/7000000000029638,http://data.ordnancesurvey.co.uk/ontology/admingeo/UnitaryAuthority,Scotland,http://data.ordnancesurvey.co.uk/id/7000000000041429,Scotland,http://data.ordnancesurvey.co.uk/id/country/scotland,,,http://sws.geonames.org/2648458
osgb4000000074542888,http://data.ordnancesurvey.co.uk/id/4000000074542888,Fascadale,gla,Fasgadal,eng,populatedPlace,Other Settlement,150120.131,770705.974,15000,25000,149818.946,770467.210,150318.946,770967.210,PH36,http://data.ordnancesurvey.co.uk/id/postcodedistrict/PH36,,,,,,,Highland,http://data.ordnancesurvey.co.uk/id/7000000000029638,http://data.ordnancesurvey.co.uk/ontology/admingeo/UnitaryAuthority,Scotland,http://data.ordnancesurvey.co.uk/id/7000000000041429,Scotland,http://data.ordnancesurvey.co.uk/id/country/scotland,,,
osgb4000000074551227,http://data.ordnancesurvey.co.uk/id/4000000074551227,Sanna,,,,populatedPlace,Other Settlement,144892.900,769200.490,15000,25000,144444.628,768529.680,145523.000,769685.889,PH36,http://data.ordnancesurvey.co.uk/id/postcodedistrict/PH36,,,,,,,Highland,http://data.ordnancesurvey.co.uk/id/7000000000029638,http://data.ordnancesurvey.co.uk/ontology/admingeo/UnitaryAuthority,Scotland,http://data.ordnancesurvey.co.uk/id/7000000000041429,Scotland,http://data.ordnancesurvey.co.uk/id/country/scotland,,"http://dbpedia.org/resource/Sanna,_Ardnamurchan",
PH364YF,http://data.ordnancesurvey.co.uk/id/postcodeunit/PH364YF,PH36 4YF,,,,other,Postcode,148679.000,763770.000,3500,18000,,,,,,,Kilchoan,http://data.ordnancesurvey.co.uk/id/4000000074550852,http://www.ordnancesurvey.co.uk/xml/codelists/localtype.xml#village,,,,Highland,http://data.ordnancesurvey.co.uk/id/7000000000029638,http://data.ordnancesurvey.co.uk/ontology/admingeo/UnitaryAuthority,Scotland,http://data.ordnancesurvey.co.uk/id/7000000000041429,Scotland,http://data.ordnancesurvey.co.uk/id/country/scotland,,,
PH364LQ,http://data.ordnancesurvey.co.uk/id/postcodeunit/PH364LQ,PH36 4LQ,,,,other,Postcode,147915.000,764253.000,3500,18000,,,,,,,Kilchoan,http://data.ordnancesurvey.co.uk/id/4000000074550852,http://www.ordnancesurvey.co.uk/xml/codelists/localtype.xml#village,,,,Highland,http://data.ordnancesurvey.co.uk/id/7000000000029638,http://data.ordnancesurvey.co.uk/ontology/admingeo/UnitaryAuthority,Scotland,http://data.ordnancesurvey.co.uk/id/7000000000041429,Scotland,http://data.ordnancesurvey.co.uk/id/country/scotland,,,
PH364LP,http://data.ordnancesurvey.co.uk/id/postcodeunit/PH364LP,PH36 4LP,,,,other,Postcode,148717.000,763932.000,3500,18000,,,,,,,Kilchoan,http://data.ordnancesurvey.co.uk/id/4000000074550852,http://www.ordnancesurvey.co.uk/xml/codelists/localtype.xml#village,,,,Highland,http://data.ordnancesurvey.co.uk/id/7000000000029638,http://data.ordnancesurvey.co.uk/ontology/admingeo/UnitaryAuthority,Scotland,http://data.ordnancesurvey.co.uk/id/7000000000041429,Scotland,http://data.ordnancesurvey.co.uk/id/country/scotland,,,
PH364LG,http://data.ordnancesurvey.co.uk/id/postcodeunit/PH364LG,PH36 4LG,,,,other,Postcode,153194.000,769913.000,3500,18000,,,,,,,Kilmory,http://data.ordnancesurvey.co.uk/id/4000000074549361,http://www.ordnancesurvey.co.uk/xml/codelists/localtype.xml#hamlet,,,,Highland,http://data.ordnancesurvey.co.uk/id/7000000000029638,http://data.ordnancesurvey.co.uk/ontology/admingeo/UnitaryAuthority,Scotland,http://data.ordnancesurvey.co.uk/id/7000000000041429,Scotland,http://data.ordnancesurvey.co.uk/id/country/scotland,,,
PH364JG,http://data.ordnancesurvey.co.uk/id/postcodeunit/PH364JG,PH36 4JG,,,,other,Postcode,158559.000,762322.000,3500,18000,,,,,,,Glenmore,http://data.ordnancesurvey.co.uk/id/4000000074548971,http://www.ordnancesurvey.co.uk/xml/codelists/localtype.xml#hamlet,,,,Highland,http://data.ordnancesurvey.co.uk/id/7000000000029638,http://data.ordnancesurvey.co.uk/ontology/admingeo/UnitaryAuthority,Scotland,http://data.ordnancesurvey.co.uk/id/7000000000041429,Scotland,http://data.ordnancesurvey.co.uk/id/country/scotland,,,
PH364LL,http://data.ordnancesurvey.co.uk/id/postcodeunit/PH364LL,PH36 4LL,,,,other,Postcode,147350.000,763300.000,3500,18000,,,,,,,Kilchoan,http://data.ordnancesurvey.co.uk/id/4000000074550852,http://www.ordnancesurvey.co.uk/xml/codelists/localtype.xml#village,,,,Highland,http://data.ordnancesurvey.co.uk/id/7000000000029638,http://data.ordnancesurvey.co.uk/ontology/admingeo/UnitaryAuthority,Scotland,http://data.ordnancesurvey.co.uk/id/7000000000041429,Scotland,http://data.ordnancesurvey.co.uk/id/country/scotland,,,
PH412RP,http://data.ordnancesurvey.co.uk/id/postcodeunit/PH412RP,PH41 2RP,,,,other,Postcode,142135.000,779359.000,3500,18000,,,,,,,Port Mòr,http://data.ordnancesurvey.co.uk/id/4000000074552341,http://www.ordnancesurvey.co.uk/xml/codelists/localtype.xml#hamlet,,,,Highland,http://data.ordnancesurvey.co.uk/id/7000000000029638,http://data.ordnancesurvey.co.uk/ontology/admingeo/UnitaryAuthority,Scotland,http://data.ordnancesurvey.co.uk/id/7000000000041429,Scotland,http://data.ordnancesurvey.co.uk/id/country/scotland,,,
PH364LH,http://data.ordnancesurvey.co.uk/id/postcodeunit/PH364LH,PH36 4LH,,,,other,Postcode,148916.000,763767.000,3500,18000,,,,,,,Kilchoan,http://data.ordnancesurvey.co.uk/id/4000000074550852,http://www.ordnancesurvey.co.uk/xml/codelists/localtype.xml#village,,,,Highland,http://data.ordnancesurvey.co.uk/id/7000000000029638,http://data.ordnancesurvey.co.uk/ontology/admingeo/UnitaryAuthority,Scotland,http://data.ordnancesurvey.co.uk/id/7000000000041429,Scotland,http://data.ordnancesurvey.co.uk/id/country/scotland,,,
PH364LJ,http://data.ordnancesurvey.co.uk/id/postcodeunit/PH364LJ,PH36 4LJ,,,,other,Postcode,149353.000,763273.000,3500,18000,,,,,,,Kilchoan,http://data.ordnancesurvey.co.uk/id/4000000074550852,http://www.ordnancesurvey.co.uk/xml/codelists/localtype.xml#village,,,,Highland,http://data.ordnancesurvey.co.uk/id/7000000000029638,http://data.ordnancesurvey.co.uk/ontology/admingeo/UnitaryAuthority,Scotland,http://data.ordnancesurvey.co.uk/id/7000000000041429,Scotland,http://data.ordnancesurvey.co.uk/id/country/scotland,,,
PH364LW,http://data.ordnancesurvey.co.uk/id/postcodeunit/PH364LW,PH36 4LW,,,,other,Postcode,144908.000,769124.000,3500,18000,,,,,,,Sanna,http://data.ordnancesurvey.co.uk/id/4000000074551227,http://www.ordnancesurvey.co.uk/xml/codelists/localtype.xml#otherSettlement,,,,Highland,http://data.ordnancesurvey.co.uk/id/7000000000029638,http://data.ordnancesurvey.co.uk/ontology/admingeo/UnitaryAuthority,Scotland,http://data.ordnancesurvey.co.uk/id/7000000000041429,Scotland,http://data.ordnancesurvey.co.uk/id/country/scotland,,,
PH364LN,http://data.ordnancesurvey.co.uk/id/postcodeunit/PH364LN,PH36 4LN,,,,other,Postcode,143797.000,767983.000,3500,18000,,,,,,,Portuairk,http://data.ordnancesurvey.co.uk/id/4000000074551226,http://www.ordnancesurvey.co.uk/xml/codelists/localtype.xml#hamlet,,,,Highland,http://data.ordnancesurvey.co.uk/id/7000000000029638,http://data.ordnancesurvey.co.uk/ontology/admingeo/UnitaryAuthority,Scotland,http://data.ordnancesurvey.co.uk/id/7000000000041429,Scotland,http://data.ordnancesurvey.co.uk/id/country/scotland,,,
9a766860-3190-4ebb-a786-c4be877b5d46,http://data.ordnancesurvey.co.uk/id/9a766860-3190-4ebb-a786-c4be877b5d46,Pier Road,,,,transportNetwork,Section Of Named Road,149155.000,763423.000,5000,25000,148889.000,763006.100,149401.318,763775.000,PH36,http://data.ordnancesurvey.co.uk/id/postcodedistrict/PH36,Kilchoan,http://data.ordnancesurvey.co.uk/id/4000000074550852,http://www.ordnancesurvey.co.uk/xml/codelists/localtype.xml#village,,,,Highland,http://data.ordnancesurvey.co.uk/id/7000000000029638,http://data.ordnancesurvey.co.uk/ontology/admingeo/UnitaryAuthority,Scotland,http://data.ordnancesurvey.co.uk/id/7000000000041429,Scotland,http://data.ordnancesurvey.co.uk/id/country/scotland,osgb4000000004232747,,
osgb4000000004234579,http://data.ordnancesurvey.co.uk/id/4000000004234579,B8007,,,,transportNetwork,Numbered Road,155516.425,762926.318,160000,250000,144463.000,760651.000,169053.000,767125.000,PH36,http://data.ordnancesurvey.co.uk/id/postcodedistrict/PH36,,,,,,,Highland,http://data.ordnancesurvey.co.uk/id/7000000000029638,http://data.ordnancesurvey.co.uk/ontology/admingeo/UnitaryAuthority,Scotland,http://data.ordnancesurvey.co.uk/id/7000000000041429,Scotland,http://data.ordnancesurvey.co.uk/id/country/scotland,,,
osgb4000000004232747,http://data.ordnancesurvey.co.uk/id/4000000004232747,Pier Road,,,,transportNetwork,Named Road,149262.538,763330.739,7000,20000,148889.000,762690.474,149413.233,763775.000,PH36,http://data.ordnancesurvey.co.uk/id/postcodedistrict/PH36,Kilchoan,http://data.ordnancesurvey.co.uk/id/4000000074550852,http://www.ordnancesurvey.co.uk/xml/codelists/localtype.xml#village,,,,Highland,http://data.ordnancesurvey.co.uk/id/7000000000029638,http://data.ordnancesurvey.co.uk/ontology/admingeo/UnitaryAuthority,Scotland,http://data.ordnancesurvey.co.uk/id/7000000000041429,Scotland,http://data.ordnancesurvey.co.uk/id/country/scotland,,,
