﻿osgb4000000074549418,http://data.ordnancesurvey.co.uk/id/4000000074549418,Inverinan,,,,populatedPlace,Hamlet,199778.620,717561.620,5000,25000,199210.212,717022.034,200208.219,718080.811,PA35,http://data.ordnancesurvey.co.uk/id/postcodedistrict/PA35,,,,,,,Argyll and Bute,http://data.ordnancesurvey.co.uk/id/7000000000030106,http://data.ordnancesurvey.co.uk/ontology/admingeo/UnitaryAuthority,Scotland,http://data.ordnancesurvey.co.uk/id/7000000000041429,Scotland,http://data.ordnancesurvey.co.uk/id/country/scotland,,,
osgb4000000074550470,http://data.ordnancesurvey.co.uk/id/4000000074550470,Melfort,,,,populatedPlace,Other Settlement,183763.000,714132.000,15000,25000,183173.263,713750.690,184286.849,714651.242,PA34,http://data.ordnancesurvey.co.uk/id/postcodedistrict/PA34,,,,,,,Argyll and Bute,http://data.ordnancesurvey.co.uk/id/7000000000030106,http://data.ordnancesurvey.co.uk/ontology/admingeo/UnitaryAuthority,Scotland,http://data.ordnancesurvey.co.uk/id/7000000000041429,Scotland,http://data.ordnancesurvey.co.uk/id/country/scotland,,,
osgb4000000074550094,http://data.ordnancesurvey.co.uk/id/4000000074550094,Barravullin,,,,populatedPlace,Hamlet,182567.540,707456.030,5000,25000,181787.235,706959.834,182672.359,707657.035,PA31,http://data.ordnancesurvey.co.uk/id/postcodedistrict/PA31,,,,,,,Argyll and Bute,http://data.ordnancesurvey.co.uk/id/7000000000030106,http://data.ordnancesurvey.co.uk/ontology/admingeo/UnitaryAuthority,Scotland,http://data.ordnancesurvey.co.uk/id/7000000000041429,Scotland,http://data.ordnancesurvey.co.uk/id/country/scotland,,,
osgb4000000074334947,http://data.ordnancesurvey.co.uk/id/4000000074334947,Torran,,,,populatedPlace,Hamlet,187845.190,704788.080,5000,25000,187566.007,704562.484,188066.007,705062.484,PA31,http://data.ordnancesurvey.co.uk/id/postcodedistrict/PA31,,,,,,,Argyll and Bute,http://data.ordnancesurvey.co.uk/id/7000000000030106,http://data.ordnancesurvey.co.uk/ontology/admingeo/UnitaryAuthority,Scotland,http://data.ordnancesurvey.co.uk/id/7000000000041429,Scotland,http://data.ordnancesurvey.co.uk/id/country/scotland,,,
osgb4000000074334606,http://data.ordnancesurvey.co.uk/id/4000000074334606,Ardchonnell,,,,populatedPlace,Other Settlement,198201.710,712367.600,15000,25000,197378.225,710409.417,198512.639,712789.105,PA35,http://data.ordnancesurvey.co.uk/id/postcodedistrict/PA35,,,,,,,Argyll and Bute,http://data.ordnancesurvey.co.uk/id/7000000000030106,http://data.ordnancesurvey.co.uk/ontology/admingeo/UnitaryAuthority,Scotland,http://data.ordnancesurvey.co.uk/id/7000000000041429,Scotland,http://data.ordnancesurvey.co.uk/id/country/scotland,,http://dbpedia.org/resource/Ardchonnell,http://sws.geonames.org/2657199
osgb4000000074550092,http://data.ordnancesurvey.co.uk/id/4000000074550092,Ford,,,,populatedPlace,Village,186902.000,703636.000,6000,250000,186632.948,703228.362,187314.230,704222.838,PA31,http://data.ordnancesurvey.co.uk/id/postcodedistrict/PA31,,,,,,,Argyll and Bute,http://data.ordnancesurvey.co.uk/id/7000000000030106,http://data.ordnancesurvey.co.uk/ontology/admingeo/UnitaryAuthority,Scotland,http://data.ordnancesurvey.co.uk/id/7000000000041429,Scotland,http://data.ordnancesurvey.co.uk/id/country/scotland,,,http://sws.geonames.org/2649235
osgb4000000074550468,http://data.ordnancesurvey.co.uk/id/4000000074550468,Kilmelford,,,,populatedPlace,Village,184520.870,712593.870,12000,250000,183376.611,712295.757,185192.248,713438.800,PA34,http://data.ordnancesurvey.co.uk/id/postcodedistrict/PA34,,,,,,,Argyll and Bute,http://data.ordnancesurvey.co.uk/id/7000000000030106,http://data.ordnancesurvey.co.uk/ontology/admingeo/UnitaryAuthority,Scotland,http://data.ordnancesurvey.co.uk/id/7000000000041429,Scotland,http://data.ordnancesurvey.co.uk/id/country/scotland,,,http://sws.geonames.org/2645598
osgb4000000074550096,http://data.ordnancesurvey.co.uk/id/4000000074550096,Dalavich,,,,populatedPlace,Village,196900.000,712823.000,7000,250000,196687.833,712474.795,197262.572,713492.344,PA35,http://data.ordnancesurvey.co.uk/id/postcodedistrict/PA35,,,,,,,Argyll and Bute,http://data.ordnancesurvey.co.uk/id/7000000000030106,http://data.ordnancesurvey.co.uk/ontology/admingeo/UnitaryAuthority,Scotland,http://data.ordnancesurvey.co.uk/id/7000000000041429,Scotland,http://data.ordnancesurvey.co.uk/id/country/scotland,,,http://sws.geonames.org/7302308
osgb4000000074550091,http://data.ordnancesurvey.co.uk/id/4000000074550091,Eredine,,,,populatedPlace,Hamlet,196844.640,709399.650,5000,25000,196664.601,708993.262,197164.601,709591.351,PA33,http://data.ordnancesurvey.co.uk/id/postcodedistrict/PA33,,,,,,,Argyll and Bute,http://data.ordnancesurvey.co.uk/id/7000000000030106,http://data.ordnancesurvey.co.uk/ontology/admingeo/UnitaryAuthority,Scotland,http://data.ordnancesurvey.co.uk/id/7000000000041429,Scotland,http://data.ordnancesurvey.co.uk/id/country/scotland,,,http://sws.geonames.org/2649950
osgb4000000074334599,http://data.ordnancesurvey.co.uk/id/4000000074334599,Arduaine,,,,populatedPlace,Other Settlement,180106.402,710067.427,15000,25000,179465.517,709146.238,180443.538,710666.533,PA34,http://data.ordnancesurvey.co.uk/id/postcodedistrict/PA34,,,,,,,Argyll and Bute,http://data.ordnancesurvey.co.uk/id/7000000000030106,http://data.ordnancesurvey.co.uk/ontology/admingeo/UnitaryAuthority,Scotland,http://data.ordnancesurvey.co.uk/id/7000000000041429,Scotland,http://data.ordnancesurvey.co.uk/id/country/scotland,,,
osgb4000000074335150,http://data.ordnancesurvey.co.uk/id/4000000074335150,Carnassarie,,,,populatedPlace,Other Settlement,184249.000,700835.000,15000,25000,183854.503,700294.202,184496.661,701322.468,PA31,http://data.ordnancesurvey.co.uk/id/postcodedistrict/PA31,,,,,,,Argyll and Bute,http://data.ordnancesurvey.co.uk/id/7000000000030106,http://data.ordnancesurvey.co.uk/ontology/admingeo/UnitaryAuthority,Scotland,http://data.ordnancesurvey.co.uk/id/7000000000041429,Scotland,http://data.ordnancesurvey.co.uk/id/country/scotland,,,http://sws.geonames.org/2653728
osgb4000000074550093,http://data.ordnancesurvey.co.uk/id/4000000074550093,Ardfern,,,,populatedPlace,Village,180615.500,704343.010,14000,250000,179885.825,703708.355,181884.980,705860.089,PA31,http://data.ordnancesurvey.co.uk/id/postcodedistrict/PA31,,,,,,,Argyll and Bute,http://data.ordnancesurvey.co.uk/id/7000000000030106,http://data.ordnancesurvey.co.uk/ontology/admingeo/UnitaryAuthority,Scotland,http://data.ordnancesurvey.co.uk/id/7000000000041429,Scotland,http://data.ordnancesurvey.co.uk/id/country/scotland,,,http://sws.geonames.org/2657184
osgb4000000074550469,http://data.ordnancesurvey.co.uk/id/4000000074550469,Ardanstur,,,,populatedPlace,Hamlet,182579.820,713761.890,5000,25000,182244.571,713497.681,182744.571,713997.681,PA34,http://data.ordnancesurvey.co.uk/id/postcodedistrict/PA34,,,,,,,Argyll and Bute,http://data.ordnancesurvey.co.uk/id/7000000000030106,http://data.ordnancesurvey.co.uk/ontology/admingeo/UnitaryAuthority,Scotland,http://data.ordnancesurvey.co.uk/id/7000000000041429,Scotland,http://data.ordnancesurvey.co.uk/id/country/scotland,,,
osgb4000000074335145,http://data.ordnancesurvey.co.uk/id/4000000074335145,Kames,,,,populatedPlace,Hamlet,181721.370,711522.180,5000,25000,181471.737,711126.491,181971.737,711925.373,PA34,http://data.ordnancesurvey.co.uk/id/postcodedistrict/PA34,,,,,,,Argyll and Bute,http://data.ordnancesurvey.co.uk/id/7000000000030106,http://data.ordnancesurvey.co.uk/ontology/admingeo/UnitaryAuthority,Scotland,http://data.ordnancesurvey.co.uk/id/7000000000041429,Scotland,http://data.ordnancesurvey.co.uk/id/country/scotland,,,
PA318QR,http://data.ordnancesurvey.co.uk/id/postcodeunit/PA318QR,PA31 8QR,,,,other,Postcode,180500.000,704347.000,3500,18000,,,,,,,Ardfern,http://data.ordnancesurvey.co.uk/id/4000000074550093,http://www.ordnancesurvey.co.uk/xml/codelists/localtype.xml#village,,,,Argyll and Bute,http://data.ordnancesurvey.co.uk/id/7000000000030106,http://data.ordnancesurvey.co.uk/ontology/admingeo/UnitaryAuthority,Scotland,http://data.ordnancesurvey.co.uk/id/7000000000041429,Scotland,http://data.ordnancesurvey.co.uk/id/country/scotland,,,
PA344XA,http://data.ordnancesurvey.co.uk/id/postcodeunit/PA344XA,PA34 4XA,,,,other,Postcode,183862.000,712464.000,3500,18000,,,,,,,Kilmelford,http://data.ordnancesurvey.co.uk/id/4000000074550468,http://www.ordnancesurvey.co.uk/xml/codelists/localtype.xml#village,,,,Argyll and Bute,http://data.ordnancesurvey.co.uk/id/7000000000030106,http://data.ordnancesurvey.co.uk/ontology/admingeo/UnitaryAuthority,Scotland,http://data.ordnancesurvey.co.uk/id/7000000000041429,Scotland,http://data.ordnancesurvey.co.uk/id/country/scotland,,,
PA344XB,http://data.ordnancesurvey.co.uk/id/postcodeunit/PA344XB,PA34 4XB,,,,other,Postcode,184849.000,712947.000,3500,18000,,,,,,,Kilmelford,http://data.ordnancesurvey.co.uk/id/4000000074550468,http://www.ordnancesurvey.co.uk/xml/codelists/localtype.xml#village,,,,Argyll and Bute,http://data.ordnancesurvey.co.uk/id/7000000000030106,http://data.ordnancesurvey.co.uk/ontology/admingeo/UnitaryAuthority,Scotland,http://data.ordnancesurvey.co.uk/id/7000000000041429,Scotland,http://data.ordnancesurvey.co.uk/id/country/scotland,,,
PA344XH,http://data.ordnancesurvey.co.uk/id/postcodeunit/PA344XH,PA34 4XH,,,,other,Postcode,184878.000,713040.000,3500,18000,,,,,,,Kilmelford,http://data.ordnancesurvey.co.uk/id/4000000074550468,http://www.ordnancesurvey.co.uk/xml/codelists/localtype.xml#village,,,,Argyll and Bute,http://data.ordnancesurvey.co.uk/id/7000000000030106,http://data.ordnancesurvey.co.uk/ontology/admingeo/UnitaryAuthority,Scotland,http://data.ordnancesurvey.co.uk/id/7000000000041429,Scotland,http://data.ordnancesurvey.co.uk/id/country/scotland,,,
PA318RJ,http://data.ordnancesurvey.co.uk/id/postcodeunit/PA318RJ,PA31 8RJ,,,,other,Postcode,187208.000,702041.000,3500,18000,,,,,,,,,,,,,Argyll and Bute,http://data.ordnancesurvey.co.uk/id/7000000000030106,http://data.ordnancesurvey.co.uk/ontology/admingeo/UnitaryAuthority,Scotland,http://data.ordnancesurvey.co.uk/id/7000000000041429,Scotland,http://data.ordnancesurvey.co.uk/id/country/scotland,,,
PA344XQ,http://data.ordnancesurvey.co.uk/id/postcodeunit/PA344XQ,PA34 4XQ,,,,other,Postcode,180072.000,710041.000,3500,18000,,,,,,,Arduaine,http://data.ordnancesurvey.co.uk/id/4000000074334599,http://www.ordnancesurvey.co.uk/xml/codelists/localtype.xml#otherSettlement,,,,Argyll and Bute,http://data.ordnancesurvey.co.uk/id/7000000000030106,http://data.ordnancesurvey.co.uk/ontology/admingeo/UnitaryAuthority,Scotland,http://data.ordnancesurvey.co.uk/id/7000000000041429,Scotland,http://data.ordnancesurvey.co.uk/id/country/scotland,,,
PA331BP,http://data.ordnancesurvey.co.uk/id/postcodeunit/PA331BP,PA33 1BP,,,,other,Postcode,196941.000,709185.000,3500,18000,,,,,,,Eredine,http://data.ordnancesurvey.co.uk/id/4000000074550091,http://www.ordnancesurvey.co.uk/xml/codelists/localtype.xml#hamlet,,,,Argyll and Bute,http://data.ordnancesurvey.co.uk/id/7000000000030106,http://data.ordnancesurvey.co.uk/ontology/admingeo/UnitaryAuthority,Scotland,http://data.ordnancesurvey.co.uk/id/7000000000041429,Scotland,http://data.ordnancesurvey.co.uk/id/country/scotland,,,
PA318QW,http://data.ordnancesurvey.co.uk/id/postcodeunit/PA318QW,PA31 8QW,,,,other,Postcode,182579.000,707516.000,3500,18000,,,,,,,Barravullin,http://data.ordnancesurvey.co.uk/id/4000000074550094,http://www.ordnancesurvey.co.uk/xml/codelists/localtype.xml#hamlet,,,,Argyll and Bute,http://data.ordnancesurvey.co.uk/id/7000000000030106,http://data.ordnancesurvey.co.uk/ontology/admingeo/UnitaryAuthority,Scotland,http://data.ordnancesurvey.co.uk/id/7000000000041429,Scotland,http://data.ordnancesurvey.co.uk/id/country/scotland,,,
PA318HZ,http://data.ordnancesurvey.co.uk/id/postcodeunit/PA318HZ,PA31 8HZ,,,,other,Postcode,180324.000,704116.000,3500,18000,,,,,,,Ardfern,http://data.ordnancesurvey.co.uk/id/4000000074550093,http://www.ordnancesurvey.co.uk/xml/codelists/localtype.xml#village,,,,Argyll and Bute,http://data.ordnancesurvey.co.uk/id/7000000000030106,http://data.ordnancesurvey.co.uk/ontology/admingeo/UnitaryAuthority,Scotland,http://data.ordnancesurvey.co.uk/id/7000000000041429,Scotland,http://data.ordnancesurvey.co.uk/id/country/scotland,,,
PA344XD,http://data.ordnancesurvey.co.uk/id/postcodeunit/PA344XD,PA34 4XD,,,,other,Postcode,183220.000,714108.000,3500,18000,,,,,,,Melfort,http://data.ordnancesurvey.co.uk/id/4000000074550470,http://www.ordnancesurvey.co.uk/xml/codelists/localtype.xml#otherSettlement,,,,Argyll and Bute,http://data.ordnancesurvey.co.uk/id/7000000000030106,http://data.ordnancesurvey.co.uk/ontology/admingeo/UnitaryAuthority,Scotland,http://data.ordnancesurvey.co.uk/id/7000000000041429,Scotland,http://data.ordnancesurvey.co.uk/id/country/scotland,,,
PA331BU,http://data.ordnancesurvey.co.uk/id/postcodeunit/PA331BU,PA33 1BU,,,,other,Postcode,195379.000,707510.000,3500,18000,,,,,,,,,,,,,Argyll and Bute,http://data.ordnancesurvey.co.uk/id/7000000000030106,http://data.ordnancesurvey.co.uk/ontology/admingeo/UnitaryAuthority,Scotland,http://data.ordnancesurvey.co.uk/id/7000000000041429,Scotland,http://data.ordnancesurvey.co.uk/id/country/scotland,,,
PA351HS,http://data.ordnancesurvey.co.uk/id/postcodeunit/PA351HS,PA35 1HS,,,,other,Postcode,197042.000,713194.000,3500,18000,,,,,,,Dalavich,http://data.ordnancesurvey.co.uk/id/4000000074550096,http://www.ordnancesurvey.co.uk/xml/codelists/localtype.xml#village,,,,Argyll and Bute,http://data.ordnancesurvey.co.uk/id/7000000000030106,http://data.ordnancesurvey.co.uk/ontology/admingeo/UnitaryAuthority,Scotland,http://data.ordnancesurvey.co.uk/id/7000000000041429,Scotland,http://data.ordnancesurvey.co.uk/id/country/scotland,,,
PA351HN,http://data.ordnancesurvey.co.uk/id/postcodeunit/PA351HN,PA35 1HN,,,,other,Postcode,196977.000,712675.000,3500,18000,,,,,,,Dalavich,http://data.ordnancesurvey.co.uk/id/4000000074550096,http://www.ordnancesurvey.co.uk/xml/codelists/localtype.xml#village,,,,Argyll and Bute,http://data.ordnancesurvey.co.uk/id/7000000000030106,http://data.ordnancesurvey.co.uk/ontology/admingeo/UnitaryAuthority,Scotland,http://data.ordnancesurvey.co.uk/id/7000000000041429,Scotland,http://data.ordnancesurvey.co.uk/id/country/scotland,,,
PA318JA,http://data.ordnancesurvey.co.uk/id/postcodeunit/PA318JA,PA31 8JA,,,,other,Postcode,180499.000,704697.000,3500,18000,,,,,,,Ardfern,http://data.ordnancesurvey.co.uk/id/4000000074550093,http://www.ordnancesurvey.co.uk/xml/codelists/localtype.xml#village,,,,Argyll and Bute,http://data.ordnancesurvey.co.uk/id/7000000000030106,http://data.ordnancesurvey.co.uk/ontology/admingeo/UnitaryAuthority,Scotland,http://data.ordnancesurvey.co.uk/id/7000000000041429,Scotland,http://data.ordnancesurvey.co.uk/id/country/scotland,,,
PA331BW,http://data.ordnancesurvey.co.uk/id/postcodeunit/PA331BW,PA33 1BW,,,,other,Postcode,199710.000,713552.000,3500,18000,,,,,,,,,,,,,Argyll and Bute,http://data.ordnancesurvey.co.uk/id/7000000000030106,http://data.ordnancesurvey.co.uk/ontology/admingeo/UnitaryAuthority,Scotland,http://data.ordnancesurvey.co.uk/id/7000000000041429,Scotland,http://data.ordnancesurvey.co.uk/id/country/scotland,,,
PA318QP,http://data.ordnancesurvey.co.uk/id/postcodeunit/PA318QP,PA31 8QP,,,,other,Postcode,181116.000,708462.000,3500,18000,,,,,,,,,,,,,Argyll and Bute,http://data.ordnancesurvey.co.uk/id/7000000000030106,http://data.ordnancesurvey.co.uk/ontology/admingeo/UnitaryAuthority,Scotland,http://data.ordnancesurvey.co.uk/id/7000000000041429,Scotland,http://data.ordnancesurvey.co.uk/id/country/scotland,,,
PA351HH,http://data.ordnancesurvey.co.uk/id/postcodeunit/PA351HH,PA35 1HH,,,,other,Postcode,199690.000,717556.000,3500,18000,,,,,,,Inverinan,http://data.ordnancesurvey.co.uk/id/4000000074549418,http://www.ordnancesurvey.co.uk/xml/codelists/localtype.xml#hamlet,,,,Argyll and Bute,http://data.ordnancesurvey.co.uk/id/7000000000030106,http://data.ordnancesurvey.co.uk/ontology/admingeo/UnitaryAuthority,Scotland,http://data.ordnancesurvey.co.uk/id/7000000000041429,Scotland,http://data.ordnancesurvey.co.uk/id/country/scotland,,,
PA344XF,http://data.ordnancesurvey.co.uk/id/postcodeunit/PA344XF,PA34 4XF,,,,other,Postcode,184695.000,712744.000,3500,18000,,,,,,,Kilmelford,http://data.ordnancesurvey.co.uk/id/4000000074550468,http://www.ordnancesurvey.co.uk/xml/codelists/localtype.xml#village,,,,Argyll and Bute,http://data.ordnancesurvey.co.uk/id/7000000000030106,http://data.ordnancesurvey.co.uk/ontology/admingeo/UnitaryAuthority,Scotland,http://data.ordnancesurvey.co.uk/id/7000000000041429,Scotland,http://data.ordnancesurvey.co.uk/id/country/scotland,,,
PA318HY,http://data.ordnancesurvey.co.uk/id/postcodeunit/PA318HY,PA31 8HY,,,,other,Postcode,180342.000,704653.000,3500,18000,,,,,,,Ardfern,http://data.ordnancesurvey.co.uk/id/4000000074550093,http://www.ordnancesurvey.co.uk/xml/codelists/localtype.xml#village,,,,Argyll and Bute,http://data.ordnancesurvey.co.uk/id/7000000000030106,http://data.ordnancesurvey.co.uk/ontology/admingeo/UnitaryAuthority,Scotland,http://data.ordnancesurvey.co.uk/id/7000000000041429,Scotland,http://data.ordnancesurvey.co.uk/id/country/scotland,,,
PA318US,http://data.ordnancesurvey.co.uk/id/postcodeunit/PA318US,PA31 8US,,,,other,Postcode,180768.000,704488.000,3500,18000,,,,,,,Ardfern,http://data.ordnancesurvey.co.uk/id/4000000074550093,http://www.ordnancesurvey.co.uk/xml/codelists/localtype.xml#village,,,,Argyll and Bute,http://data.ordnancesurvey.co.uk/id/7000000000030106,http://data.ordnancesurvey.co.uk/ontology/admingeo/UnitaryAuthority,Scotland,http://data.ordnancesurvey.co.uk/id/7000000000041429,Scotland,http://data.ordnancesurvey.co.uk/id/country/scotland,,,
PA351HJ,http://data.ordnancesurvey.co.uk/id/postcodeunit/PA351HJ,PA35 1HJ,,,,other,Postcode,191988.000,714481.000,3500,18000,,,,,,,,,,,,,Argyll and Bute,http://data.ordnancesurvey.co.uk/id/7000000000030106,http://data.ordnancesurvey.co.uk/ontology/admingeo/UnitaryAuthority,Scotland,http://data.ordnancesurvey.co.uk/id/7000000000041429,Scotland,http://data.ordnancesurvey.co.uk/id/country/scotland,,,
PA318RH,http://data.ordnancesurvey.co.uk/id/postcodeunit/PA318RH,PA31 8RH,,,,other,Postcode,187064.000,704176.000,3500,18000,,,,,,,Ford,http://data.ordnancesurvey.co.uk/id/4000000074550092,http://www.ordnancesurvey.co.uk/xml/codelists/localtype.xml#village,,,,Argyll and Bute,http://data.ordnancesurvey.co.uk/id/7000000000030106,http://data.ordnancesurvey.co.uk/ontology/admingeo/UnitaryAuthority,Scotland,http://data.ordnancesurvey.co.uk/id/7000000000041429,Scotland,http://data.ordnancesurvey.co.uk/id/country/scotland,,,
PA318LJ,http://data.ordnancesurvey.co.uk/id/postcodeunit/PA318LJ,PA31 8LJ,,,,other,Postcode,187837.000,704866.000,3500,18000,,,,,,,Torran,http://data.ordnancesurvey.co.uk/id/4000000074334947,http://www.ordnancesurvey.co.uk/xml/codelists/localtype.xml#hamlet,,,,Argyll and Bute,http://data.ordnancesurvey.co.uk/id/7000000000030106,http://data.ordnancesurvey.co.uk/ontology/admingeo/UnitaryAuthority,Scotland,http://data.ordnancesurvey.co.uk/id/7000000000041429,Scotland,http://data.ordnancesurvey.co.uk/id/country/scotland,,,
PA331BT,http://data.ordnancesurvey.co.uk/id/postcodeunit/PA331BT,PA33 1BT,,,,other,Postcode,195993.000,707892.000,3500,18000,,,,,,,,,,,,,Argyll and Bute,http://data.ordnancesurvey.co.uk/id/7000000000030106,http://data.ordnancesurvey.co.uk/ontology/admingeo/UnitaryAuthority,Scotland,http://data.ordnancesurvey.co.uk/id/7000000000041429,Scotland,http://data.ordnancesurvey.co.uk/id/country/scotland,,,
PA318UW,http://data.ordnancesurvey.co.uk/id/postcodeunit/PA318UW,PA31 8UW,,,,other,Postcode,183024.000,705517.000,3500,18000,,,,,,,,,,,,,Argyll and Bute,http://data.ordnancesurvey.co.uk/id/7000000000030106,http://data.ordnancesurvey.co.uk/ontology/admingeo/UnitaryAuthority,Scotland,http://data.ordnancesurvey.co.uk/id/7000000000041429,Scotland,http://data.ordnancesurvey.co.uk/id/country/scotland,,,
PA344UX,http://data.ordnancesurvey.co.uk/id/postcodeunit/PA344UX,PA34 4UX,,,,other,Postcode,186717.000,716979.000,3500,18000,,,,,,,,,,,,,Argyll and Bute,http://data.ordnancesurvey.co.uk/id/7000000000030106,http://data.ordnancesurvey.co.uk/ontology/admingeo/UnitaryAuthority,Scotland,http://data.ordnancesurvey.co.uk/id/7000000000041429,Scotland,http://data.ordnancesurvey.co.uk/id/country/scotland,,,
PA331BS,http://data.ordnancesurvey.co.uk/id/postcodeunit/PA331BS,PA33 1BS,,,,other,Postcode,196956.000,709330.000,3500,18000,,,,,,,Eredine,http://data.ordnancesurvey.co.uk/id/4000000074550091,http://www.ordnancesurvey.co.uk/xml/codelists/localtype.xml#hamlet,,,,Argyll and Bute,http://data.ordnancesurvey.co.uk/id/7000000000030106,http://data.ordnancesurvey.co.uk/ontology/admingeo/UnitaryAuthority,Scotland,http://data.ordnancesurvey.co.uk/id/7000000000041429,Scotland,http://data.ordnancesurvey.co.uk/id/country/scotland,,,
PA351HL,http://data.ordnancesurvey.co.uk/id/postcodeunit/PA351HL,PA35 1HL,,,,other,Postcode,196734.000,712523.000,3500,18000,,,,,,,Dalavich,http://data.ordnancesurvey.co.uk/id/4000000074550096,http://www.ordnancesurvey.co.uk/xml/codelists/localtype.xml#village,,,,Argyll and Bute,http://data.ordnancesurvey.co.uk/id/7000000000030106,http://data.ordnancesurvey.co.uk/ontology/admingeo/UnitaryAuthority,Scotland,http://data.ordnancesurvey.co.uk/id/7000000000041429,Scotland,http://data.ordnancesurvey.co.uk/id/country/scotland,,,
osgb4000000004234577,http://data.ordnancesurvey.co.uk/id/4000000004234577,A816,,,,transportNetwork,Numbered Road,182094.137,707408.059,271000,1000000,179918.928,688076.782,187761.840,729838.000,PA31,http://data.ordnancesurvey.co.uk/id/postcodedistrict/PA31,Barravullin,http://data.ordnancesurvey.co.uk/id/4000000074550094,http://www.ordnancesurvey.co.uk/xml/codelists/localtype.xml#hamlet,,,,Argyll and Bute,http://data.ordnancesurvey.co.uk/id/7000000000030106,http://data.ordnancesurvey.co.uk/ontology/admingeo/UnitaryAuthority,Scotland,http://data.ordnancesurvey.co.uk/id/7000000000041429,Scotland,http://data.ordnancesurvey.co.uk/id/country/scotland,,,
osgb5000005154009099,http://data.ordnancesurvey.co.uk/id/5000005154009099,The Glebe,,,,transportNetwork,Named Road,180321.769,704133.033,1000,20000,180321.769,704117.559,180343.068,704133.033,PA31,http://data.ordnancesurvey.co.uk/id/postcodedistrict/PA31,Ardfern,http://data.ordnancesurvey.co.uk/id/4000000074550093,http://www.ordnancesurvey.co.uk/xml/codelists/localtype.xml#village,,,,Argyll and Bute,http://data.ordnancesurvey.co.uk/id/7000000000030106,http://data.ordnancesurvey.co.uk/ontology/admingeo/UnitaryAuthority,Scotland,http://data.ordnancesurvey.co.uk/id/7000000000041429,Scotland,http://data.ordnancesurvey.co.uk/id/country/scotland,,,
osgb4000000004234586,http://data.ordnancesurvey.co.uk/id/4000000004234586,B840,,,,transportNetwork,Numbered Road,197491.000,711420.000,167000,250000,184249.000,700835.000,209923.000,722299.000,PA35,http://data.ordnancesurvey.co.uk/id/postcodedistrict/PA35,Ardchonnell,http://data.ordnancesurvey.co.uk/id/4000000074334606,http://www.ordnancesurvey.co.uk/xml/codelists/localtype.xml#otherSettlement,,,,Argyll and Bute,http://data.ordnancesurvey.co.uk/id/7000000000030106,http://data.ordnancesurvey.co.uk/ontology/admingeo/UnitaryAuthority,Scotland,http://data.ordnancesurvey.co.uk/id/7000000000041429,Scotland,http://data.ordnancesurvey.co.uk/id/country/scotland,,,
osgb4000000004232881,http://data.ordnancesurvey.co.uk/id/4000000004232881,The Glebe,,,,transportNetwork,Named Road,184742.483,712796.269,1000,20000,184690.590,712731.004,184791.833,712853.642,PA34,http://data.ordnancesurvey.co.uk/id/postcodedistrict/PA34,Kilmelford,http://data.ordnancesurvey.co.uk/id/4000000074550468,http://www.ordnancesurvey.co.uk/xml/codelists/localtype.xml#village,,,,Argyll and Bute,http://data.ordnancesurvey.co.uk/id/7000000000030106,http://data.ordnancesurvey.co.uk/ontology/admingeo/UnitaryAuthority,Scotland,http://data.ordnancesurvey.co.uk/id/7000000000041429,Scotland,http://data.ordnancesurvey.co.uk/id/country/scotland,,,
PA318QN,http://data.ordnancesurvey.co.uk/id/postcodeunit/PA318QN,PA31 8QN,,,,other,Postcode,180521.000,704382.000,3500,18000,,,,,,,Ardfern,http://data.ordnancesurvey.co.uk/id/4000000074550093,http://www.ordnancesurvey.co.uk/xml/codelists/localtype.xml#village,,,,Argyll and Bute,http://data.ordnancesurvey.co.uk/id/7000000000030106,http://data.ordnancesurvey.co.uk/ontology/admingeo/UnitaryAuthority,Scotland,http://data.ordnancesurvey.co.uk/id/7000000000041429,Scotland,http://data.ordnancesurvey.co.uk/id/country/scotland,,,
PA318WJ,http://data.ordnancesurvey.co.uk/id/postcodeunit/PA318WJ,PA31 8WJ,,,,other,Postcode,187907.000,704916.000,3500,18000,,,,,,,Torran,http://data.ordnancesurvey.co.uk/id/4000000074334947,http://www.ordnancesurvey.co.uk/xml/codelists/localtype.xml#hamlet,,,,Argyll and Bute,http://data.ordnancesurvey.co.uk/id/7000000000030106,http://data.ordnancesurvey.co.uk/ontology/admingeo/UnitaryAuthority,Scotland,http://data.ordnancesurvey.co.uk/id/7000000000041429,Scotland,http://data.ordnancesurvey.co.uk/id/country/scotland,,,
PA344XE,http://data.ordnancesurvey.co.uk/id/postcodeunit/PA344XE,PA34 4XE,,,,other,Postcode,183204.000,714101.000,3500,18000,,,,,,,Melfort,http://data.ordnancesurvey.co.uk/id/4000000074550470,http://www.ordnancesurvey.co.uk/xml/codelists/localtype.xml#otherSettlement,,,,Argyll and Bute,http://data.ordnancesurvey.co.uk/id/7000000000030106,http://data.ordnancesurvey.co.uk/ontology/admingeo/UnitaryAuthority,Scotland,http://data.ordnancesurvey.co.uk/id/7000000000041429,Scotland,http://data.ordnancesurvey.co.uk/id/country/scotland,,,
