﻿osgb4000000074549417,http://data.ordnancesurvey.co.uk/id/4000000074549417,Inveraray,,,,populatedPlace,Town,209541.000,708482.000,13000,2000000,208588.746,707296.418,209737.918,709299.904,PA32,http://data.ordnancesurvey.co.uk/id/postcodedistrict/PA32,,,,,,,Argyll and Bute,http://data.ordnancesurvey.co.uk/id/7000000000030106,http://data.ordnancesurvey.co.uk/ontology/admingeo/UnitaryAuthority,Scotland,http://data.ordnancesurvey.co.uk/id/7000000000041429,Scotland,http://data.ordnancesurvey.co.uk/id/country/scotland,,http://dbpedia.org/resource/Inveraray,http://sws.geonames.org/2646140
osgb4000000074335448,http://data.ordnancesurvey.co.uk/id/4000000074335448,Clachan,,,,populatedPlace,Other Settlement,218769.660,712694.000,15000,25000,218232.689,712216.699,219266.653,713350.115,PA26,http://data.ordnancesurvey.co.uk/id/postcodedistrict/PA26,,,,,,,Argyll and Bute,http://data.ordnancesurvey.co.uk/id/7000000000030106,http://data.ordnancesurvey.co.uk/ontology/admingeo/UnitaryAuthority,Scotland,http://data.ordnancesurvey.co.uk/id/7000000000041429,Scotland,http://data.ordnancesurvey.co.uk/id/country/scotland,,,http://sws.geonames.org/2652985
osgb4000000074549422,http://data.ordnancesurvey.co.uk/id/4000000074549422,Achnagoul,,,,populatedPlace,Other Settlement,205928.580,705430.110,15000,25000,205680.362,705167.730,206180.362,705667.730,PA32,http://data.ordnancesurvey.co.uk/id/postcodedistrict/PA32,,,,,,,Argyll and Bute,http://data.ordnancesurvey.co.uk/id/7000000000030106,http://data.ordnancesurvey.co.uk/ontology/admingeo/UnitaryAuthority,Scotland,http://data.ordnancesurvey.co.uk/id/7000000000041429,Scotland,http://data.ordnancesurvey.co.uk/id/country/scotland,,,http://sws.geonames.org/2656806
osgb4000000074549040,http://data.ordnancesurvey.co.uk/id/4000000074549040,Kenmore,,,,populatedPlace,Hamlet,206398.000,702058.000,5000,25000,206189.617,701789.193,206689.617,702289.193,PA27,http://data.ordnancesurvey.co.uk/id/postcodedistrict/PA27,,,,,,,Argyll and Bute,http://data.ordnancesurvey.co.uk/id/7000000000030106,http://data.ordnancesurvey.co.uk/ontology/admingeo/UnitaryAuthority,Scotland,http://data.ordnancesurvey.co.uk/id/7000000000041429,Scotland,http://data.ordnancesurvey.co.uk/id/country/scotland,,,http://sws.geonames.org/2645819
osgb4000000074548661,http://data.ordnancesurvey.co.uk/id/4000000074548661,An Cárn Dubh,gla,Cairndow,eng,populatedPlace,Village,218048.000,710834.000,13000,250000,216431.119,709716.515,218422.293,711279.708,PA26,http://data.ordnancesurvey.co.uk/id/postcodedistrict/PA26,,,,,,,Argyll and Bute,http://data.ordnancesurvey.co.uk/id/7000000000030106,http://data.ordnancesurvey.co.uk/ontology/admingeo/UnitaryAuthority,Scotland,http://data.ordnancesurvey.co.uk/id/7000000000041429,Scotland,http://data.ordnancesurvey.co.uk/id/country/scotland,,,http://sws.geonames.org/2654069
osgb4000000074549039,http://data.ordnancesurvey.co.uk/id/4000000074549039,Strachur,,,,populatedPlace,Village,209861.970,700703.760,17000,250000,207391.728,700158.201,210041.064,701727.942,PA27,http://data.ordnancesurvey.co.uk/id/postcodedistrict/PA27,,,,,,,Argyll and Bute,http://data.ordnancesurvey.co.uk/id/7000000000030106,http://data.ordnancesurvey.co.uk/ontology/admingeo/UnitaryAuthority,Scotland,http://data.ordnancesurvey.co.uk/id/7000000000041429,Scotland,http://data.ordnancesurvey.co.uk/id/country/scotland,,http://dbpedia.org/resource/Strachur,http://sws.geonames.org/2636739
osgb4000000074549416,http://data.ordnancesurvey.co.uk/id/4000000074549416,St Catherines,,,,populatedPlace,Other Settlement,212172.290,707458.370,15000,25000,211184.737,706556.520,213883.279,708420.226,PA25,http://data.ordnancesurvey.co.uk/id/postcodedistrict/PA25,,,,,,,Argyll and Bute,http://data.ordnancesurvey.co.uk/id/7000000000030106,http://data.ordnancesurvey.co.uk/ontology/admingeo/UnitaryAuthority,Scotland,http://data.ordnancesurvey.co.uk/id/7000000000041429,Scotland,http://data.ordnancesurvey.co.uk/id/country/scotland,,,
osgb4000000074335142,http://data.ordnancesurvey.co.uk/id/4000000074335142,Furnace,,,,populatedPlace,Village,202349.000,700099.000,18000,250000,200053.929,698504.724,202861.405,700448.978,PA32,http://data.ordnancesurvey.co.uk/id/postcodedistrict/PA32,,,,,,,Argyll and Bute,http://data.ordnancesurvey.co.uk/id/7000000000030106,http://data.ordnancesurvey.co.uk/ontology/admingeo/UnitaryAuthority,Scotland,http://data.ordnancesurvey.co.uk/id/7000000000041429,Scotland,http://data.ordnancesurvey.co.uk/id/country/scotland,,,http://sws.geonames.org/2648981
PA268BA,http://data.ordnancesurvey.co.uk/id/postcodeunit/PA268BA,PA26 8BA,,,,other,Postcode,218112.000,710812.000,3500,18000,,,,,,,An Cárn Dubh / Cairndow,http://data.ordnancesurvey.co.uk/id/4000000074548661,http://www.ordnancesurvey.co.uk/xml/codelists/localtype.xml#village,,,,Argyll and Bute,http://data.ordnancesurvey.co.uk/id/7000000000030106,http://data.ordnancesurvey.co.uk/ontology/admingeo/UnitaryAuthority,Scotland,http://data.ordnancesurvey.co.uk/id/7000000000041429,Scotland,http://data.ordnancesurvey.co.uk/id/country/scotland,,,
PA328UR,http://data.ordnancesurvey.co.uk/id/postcodeunit/PA328UR,PA32 8UR,,,,other,Postcode,209094.000,708035.000,3500,18000,,,,,,,Inveraray,http://data.ordnancesurvey.co.uk/id/4000000074549417,http://www.ordnancesurvey.co.uk/xml/codelists/localtype.xml#town,,,,Argyll and Bute,http://data.ordnancesurvey.co.uk/id/7000000000030106,http://data.ordnancesurvey.co.uk/ontology/admingeo/UnitaryAuthority,Scotland,http://data.ordnancesurvey.co.uk/id/7000000000041429,Scotland,http://data.ordnancesurvey.co.uk/id/country/scotland,,,
PA278BW,http://data.ordnancesurvey.co.uk/id/postcodeunit/PA278BW,PA27 8BW,,,,other,Postcode,208556.000,701066.000,3500,18000,,,,,,,Strachur,http://data.ordnancesurvey.co.uk/id/4000000074549039,http://www.ordnancesurvey.co.uk/xml/codelists/localtype.xml#village,,,,Argyll and Bute,http://data.ordnancesurvey.co.uk/id/7000000000030106,http://data.ordnancesurvey.co.uk/ontology/admingeo/UnitaryAuthority,Scotland,http://data.ordnancesurvey.co.uk/id/7000000000041429,Scotland,http://data.ordnancesurvey.co.uk/id/country/scotland,,,
PA278DH,http://data.ordnancesurvey.co.uk/id/postcodeunit/PA278DH,PA27 8DH,,,,other,Postcode,209840.000,700336.000,3500,18000,,,,,,,Strachur,http://data.ordnancesurvey.co.uk/id/4000000074549039,http://www.ordnancesurvey.co.uk/xml/codelists/localtype.xml#village,,,,Argyll and Bute,http://data.ordnancesurvey.co.uk/id/7000000000030106,http://data.ordnancesurvey.co.uk/ontology/admingeo/UnitaryAuthority,Scotland,http://data.ordnancesurvey.co.uk/id/7000000000041429,Scotland,http://data.ordnancesurvey.co.uk/id/country/scotland,,,
PA328UN,http://data.ordnancesurvey.co.uk/id/postcodeunit/PA328UN,PA32 8UN,,,,other,Postcode,209127.000,707874.000,3500,18000,,,,,,,Inveraray,http://data.ordnancesurvey.co.uk/id/4000000074549417,http://www.ordnancesurvey.co.uk/xml/codelists/localtype.xml#town,,,,Argyll and Bute,http://data.ordnancesurvey.co.uk/id/7000000000030106,http://data.ordnancesurvey.co.uk/ontology/admingeo/UnitaryAuthority,Scotland,http://data.ordnancesurvey.co.uk/id/7000000000041429,Scotland,http://data.ordnancesurvey.co.uk/id/country/scotland,,,
PA328YP,http://data.ordnancesurvey.co.uk/id/postcodeunit/PA328YP,PA32 8YP,,,,other,Postcode,202318.000,700136.000,3500,18000,,,,,,,Furnace,http://data.ordnancesurvey.co.uk/id/4000000074335142,http://www.ordnancesurvey.co.uk/xml/codelists/localtype.xml#village,,,,Argyll and Bute,http://data.ordnancesurvey.co.uk/id/7000000000030106,http://data.ordnancesurvey.co.uk/ontology/admingeo/UnitaryAuthority,Scotland,http://data.ordnancesurvey.co.uk/id/7000000000041429,Scotland,http://data.ordnancesurvey.co.uk/id/country/scotland,,,
PA328XS,http://data.ordnancesurvey.co.uk/id/postcodeunit/PA328XS,PA32 8XS,,,,other,Postcode,202388.000,700144.000,3500,18000,,,,,,,Furnace,http://data.ordnancesurvey.co.uk/id/4000000074335142,http://www.ordnancesurvey.co.uk/xml/codelists/localtype.xml#village,,,,Argyll and Bute,http://data.ordnancesurvey.co.uk/id/7000000000030106,http://data.ordnancesurvey.co.uk/ontology/admingeo/UnitaryAuthority,Scotland,http://data.ordnancesurvey.co.uk/id/7000000000041429,Scotland,http://data.ordnancesurvey.co.uk/id/country/scotland,,,
PA328XR,http://data.ordnancesurvey.co.uk/id/postcodeunit/PA328XR,PA32 8XR,,,,other,Postcode,202481.000,700281.000,3500,18000,,,,,,,Furnace,http://data.ordnancesurvey.co.uk/id/4000000074335142,http://www.ordnancesurvey.co.uk/xml/codelists/localtype.xml#village,,,,Argyll and Bute,http://data.ordnancesurvey.co.uk/id/7000000000030106,http://data.ordnancesurvey.co.uk/ontology/admingeo/UnitaryAuthority,Scotland,http://data.ordnancesurvey.co.uk/id/7000000000041429,Scotland,http://data.ordnancesurvey.co.uk/id/country/scotland,,,
PA248AD,http://data.ordnancesurvey.co.uk/id/postcodeunit/PA248AD,PA24 8AD,,,,other,Postcode,219147.000,701118.000,3500,18000,,,,,,,Lochgoilhead,http://data.ordnancesurvey.co.uk/id/4000000074548660,http://www.ordnancesurvey.co.uk/xml/codelists/localtype.xml#village,,,,Argyll and Bute,http://data.ordnancesurvey.co.uk/id/7000000000030106,http://data.ordnancesurvey.co.uk/ontology/admingeo/UnitaryAuthority,Scotland,http://data.ordnancesurvey.co.uk/id/7000000000041429,Scotland,http://data.ordnancesurvey.co.uk/id/country/scotland,,,
PA328XD,http://data.ordnancesurvey.co.uk/id/postcodeunit/PA328XD,PA32 8XD,,,,other,Postcode,209412.000,708623.000,3500,18000,,,,,,,Inveraray,http://data.ordnancesurvey.co.uk/id/4000000074549417,http://www.ordnancesurvey.co.uk/xml/codelists/localtype.xml#town,,,,Argyll and Bute,http://data.ordnancesurvey.co.uk/id/7000000000030106,http://data.ordnancesurvey.co.uk/ontology/admingeo/UnitaryAuthority,Scotland,http://data.ordnancesurvey.co.uk/id/7000000000041429,Scotland,http://data.ordnancesurvey.co.uk/id/country/scotland,,,
PA278DF,http://data.ordnancesurvey.co.uk/id/postcodeunit/PA278DF,PA27 8DF,,,,other,Postcode,209226.000,701454.000,3500,18000,,,,,,,Strachur,http://data.ordnancesurvey.co.uk/id/4000000074549039,http://www.ordnancesurvey.co.uk/xml/codelists/localtype.xml#village,,,,Argyll and Bute,http://data.ordnancesurvey.co.uk/id/7000000000030106,http://data.ordnancesurvey.co.uk/ontology/admingeo/UnitaryAuthority,Scotland,http://data.ordnancesurvey.co.uk/id/7000000000041429,Scotland,http://data.ordnancesurvey.co.uk/id/country/scotland,,,
PA258BB,http://data.ordnancesurvey.co.uk/id/postcodeunit/PA258BB,PA25 8BB,,,,other,Postcode,212186.000,707426.000,3500,18000,,,,,,,St Catherines,http://data.ordnancesurvey.co.uk/id/4000000074549416,http://www.ordnancesurvey.co.uk/xml/codelists/localtype.xml#otherSettlement,,,,Argyll and Bute,http://data.ordnancesurvey.co.uk/id/7000000000030106,http://data.ordnancesurvey.co.uk/ontology/admingeo/UnitaryAuthority,Scotland,http://data.ordnancesurvey.co.uk/id/7000000000041429,Scotland,http://data.ordnancesurvey.co.uk/id/country/scotland,,,
PA248AN,http://data.ordnancesurvey.co.uk/id/postcodeunit/PA248AN,PA24 8AN,,,,other,Postcode,219154.000,704329.000,3500,18000,,,,,,,,,,,,,Argyll and Bute,http://data.ordnancesurvey.co.uk/id/7000000000030106,http://data.ordnancesurvey.co.uk/ontology/admingeo/UnitaryAuthority,Scotland,http://data.ordnancesurvey.co.uk/id/7000000000041429,Scotland,http://data.ordnancesurvey.co.uk/id/country/scotland,,,
PA278DW,http://data.ordnancesurvey.co.uk/id/postcodeunit/PA278DW,PA27 8DW,,,,other,Postcode,210640.000,700907.000,3500,18000,,,,,,,,,,,,,Argyll and Bute,http://data.ordnancesurvey.co.uk/id/7000000000030106,http://data.ordnancesurvey.co.uk/ontology/admingeo/UnitaryAuthority,Scotland,http://data.ordnancesurvey.co.uk/id/7000000000041429,Scotland,http://data.ordnancesurvey.co.uk/id/country/scotland,,,
PA328TP,http://data.ordnancesurvey.co.uk/id/postcodeunit/PA328TP,PA32 8TP,,,,other,Postcode,209651.000,708508.000,3500,18000,,,,,,,Inveraray,http://data.ordnancesurvey.co.uk/id/4000000074549417,http://www.ordnancesurvey.co.uk/xml/codelists/localtype.xml#town,,,,Argyll and Bute,http://data.ordnancesurvey.co.uk/id/7000000000030106,http://data.ordnancesurvey.co.uk/ontology/admingeo/UnitaryAuthority,Scotland,http://data.ordnancesurvey.co.uk/id/7000000000041429,Scotland,http://data.ordnancesurvey.co.uk/id/country/scotland,,,
PA328UX,http://data.ordnancesurvey.co.uk/id/postcodeunit/PA328UX,PA32 8UX,,,,other,Postcode,209680.000,708428.000,3500,18000,,,,,,,Inveraray,http://data.ordnancesurvey.co.uk/id/4000000074549417,http://www.ordnancesurvey.co.uk/xml/codelists/localtype.xml#town,,,,Argyll and Bute,http://data.ordnancesurvey.co.uk/id/7000000000030106,http://data.ordnancesurvey.co.uk/ontology/admingeo/UnitaryAuthority,Scotland,http://data.ordnancesurvey.co.uk/id/7000000000041429,Scotland,http://data.ordnancesurvey.co.uk/id/country/scotland,,,
PA278DS,http://data.ordnancesurvey.co.uk/id/postcodeunit/PA278DS,PA27 8DS,,,,other,Postcode,209829.000,701455.000,3500,18000,,,,,,,Strachur,http://data.ordnancesurvey.co.uk/id/4000000074549039,http://www.ordnancesurvey.co.uk/xml/codelists/localtype.xml#village,,,,Argyll and Bute,http://data.ordnancesurvey.co.uk/id/7000000000030106,http://data.ordnancesurvey.co.uk/ontology/admingeo/UnitaryAuthority,Scotland,http://data.ordnancesurvey.co.uk/id/7000000000041429,Scotland,http://data.ordnancesurvey.co.uk/id/country/scotland,,,
PA278BA,http://data.ordnancesurvey.co.uk/id/postcodeunit/PA278BA,PA27 8BA,,,,other,Postcode,208263.000,700813.000,3500,18000,,,,,,,Strachur,http://data.ordnancesurvey.co.uk/id/4000000074549039,http://www.ordnancesurvey.co.uk/xml/codelists/localtype.xml#village,,,,Argyll and Bute,http://data.ordnancesurvey.co.uk/id/7000000000030106,http://data.ordnancesurvey.co.uk/ontology/admingeo/UnitaryAuthority,Scotland,http://data.ordnancesurvey.co.uk/id/7000000000041429,Scotland,http://data.ordnancesurvey.co.uk/id/country/scotland,,,
PA328UW,http://data.ordnancesurvey.co.uk/id/postcodeunit/PA328UW,PA32 8UW,,,,other,Postcode,209160.000,707980.000,3500,18000,,,,,,,Inveraray,http://data.ordnancesurvey.co.uk/id/4000000074549417,http://www.ordnancesurvey.co.uk/xml/codelists/localtype.xml#town,,,,Argyll and Bute,http://data.ordnancesurvey.co.uk/id/7000000000030106,http://data.ordnancesurvey.co.uk/ontology/admingeo/UnitaryAuthority,Scotland,http://data.ordnancesurvey.co.uk/id/7000000000041429,Scotland,http://data.ordnancesurvey.co.uk/id/country/scotland,,,
PA328TT,http://data.ordnancesurvey.co.uk/id/postcodeunit/PA328TT,PA32 8TT,,,,other,Postcode,209627.000,708455.000,3500,18000,,,,,,,Inveraray,http://data.ordnancesurvey.co.uk/id/4000000074549417,http://www.ordnancesurvey.co.uk/xml/codelists/localtype.xml#town,,,,Argyll and Bute,http://data.ordnancesurvey.co.uk/id/7000000000030106,http://data.ordnancesurvey.co.uk/ontology/admingeo/UnitaryAuthority,Scotland,http://data.ordnancesurvey.co.uk/id/7000000000041429,Scotland,http://data.ordnancesurvey.co.uk/id/country/scotland,,,
PA328TU,http://data.ordnancesurvey.co.uk/id/postcodeunit/PA328TU,PA32 8TU,,,,other,Postcode,209615.000,708495.000,3500,18000,,,,,,,Inveraray,http://data.ordnancesurvey.co.uk/id/4000000074549417,http://www.ordnancesurvey.co.uk/xml/codelists/localtype.xml#town,,,,Argyll and Bute,http://data.ordnancesurvey.co.uk/id/7000000000030106,http://data.ordnancesurvey.co.uk/ontology/admingeo/UnitaryAuthority,Scotland,http://data.ordnancesurvey.co.uk/id/7000000000041429,Scotland,http://data.ordnancesurvey.co.uk/id/country/scotland,,,
PA328XH,http://data.ordnancesurvey.co.uk/id/postcodeunit/PA328XH,PA32 8XH,,,,other,Postcode,212894.000,713359.000,3500,18000,,,,,,,,,,,,,Argyll and Bute,http://data.ordnancesurvey.co.uk/id/7000000000030106,http://data.ordnancesurvey.co.uk/ontology/admingeo/UnitaryAuthority,Scotland,http://data.ordnancesurvey.co.uk/id/7000000000041429,Scotland,http://data.ordnancesurvey.co.uk/id/country/scotland,,,
PA278DE,http://data.ordnancesurvey.co.uk/id/postcodeunit/PA278DE,PA27 8DE,,,,other,Postcode,208720.000,701241.000,3500,18000,,,,,,,Strachur,http://data.ordnancesurvey.co.uk/id/4000000074549039,http://www.ordnancesurvey.co.uk/xml/codelists/localtype.xml#village,,,,Argyll and Bute,http://data.ordnancesurvey.co.uk/id/7000000000030106,http://data.ordnancesurvey.co.uk/ontology/admingeo/UnitaryAuthority,Scotland,http://data.ordnancesurvey.co.uk/id/7000000000041429,Scotland,http://data.ordnancesurvey.co.uk/id/country/scotland,,,
PA328XQ,http://data.ordnancesurvey.co.uk/id/postcodeunit/PA328XQ,PA32 8XQ,,,,other,Postcode,213781.000,709711.000,3500,18000,,,,,,,,,,,,,Argyll and Bute,http://data.ordnancesurvey.co.uk/id/7000000000030106,http://data.ordnancesurvey.co.uk/ontology/admingeo/UnitaryAuthority,Scotland,http://data.ordnancesurvey.co.uk/id/7000000000041429,Scotland,http://data.ordnancesurvey.co.uk/id/country/scotland,,,
PA328UD,http://data.ordnancesurvey.co.uk/id/postcodeunit/PA328UD,PA32 8UD,,,,other,Postcode,209551.000,708389.000,3500,18000,,,,,,,Inveraray,http://data.ordnancesurvey.co.uk/id/4000000074549417,http://www.ordnancesurvey.co.uk/xml/codelists/localtype.xml#town,,,,Argyll and Bute,http://data.ordnancesurvey.co.uk/id/7000000000030106,http://data.ordnancesurvey.co.uk/ontology/admingeo/UnitaryAuthority,Scotland,http://data.ordnancesurvey.co.uk/id/7000000000041429,Scotland,http://data.ordnancesurvey.co.uk/id/country/scotland,,,
PA248AR,http://data.ordnancesurvey.co.uk/id/postcodeunit/PA248AR,PA24 8AR,,,,other,Postcode,218954.000,700143.000,3500,18000,,,,,,,Lochgoilhead,http://data.ordnancesurvey.co.uk/id/4000000074548660,http://www.ordnancesurvey.co.uk/xml/codelists/localtype.xml#village,,,,Argyll and Bute,http://data.ordnancesurvey.co.uk/id/7000000000030106,http://data.ordnancesurvey.co.uk/ontology/admingeo/UnitaryAuthority,Scotland,http://data.ordnancesurvey.co.uk/id/7000000000041429,Scotland,http://data.ordnancesurvey.co.uk/id/country/scotland,,,
PA278BX,http://data.ordnancesurvey.co.uk/id/postcodeunit/PA278BX,PA27 8BX,,,,other,Postcode,208772.000,702315.000,3500,18000,,,,,,,,,,,,,Argyll and Bute,http://data.ordnancesurvey.co.uk/id/7000000000030106,http://data.ordnancesurvey.co.uk/ontology/admingeo/UnitaryAuthority,Scotland,http://data.ordnancesurvey.co.uk/id/7000000000041429,Scotland,http://data.ordnancesurvey.co.uk/id/country/scotland,,,
PA328XE,http://data.ordnancesurvey.co.uk/id/postcodeunit/PA328XE,PA32 8XE,,,,other,Postcode,209333.000,709244.000,3500,18000,,,,,,,Inveraray,http://data.ordnancesurvey.co.uk/id/4000000074549417,http://www.ordnancesurvey.co.uk/xml/codelists/localtype.xml#town,,,,Argyll and Bute,http://data.ordnancesurvey.co.uk/id/7000000000030106,http://data.ordnancesurvey.co.uk/ontology/admingeo/UnitaryAuthority,Scotland,http://data.ordnancesurvey.co.uk/id/7000000000041429,Scotland,http://data.ordnancesurvey.co.uk/id/country/scotland,,,
PA328XN,http://data.ordnancesurvey.co.uk/id/postcodeunit/PA328XN,PA32 8XN,,,,other,Postcode,202353.000,700370.000,3500,18000,,,,,,,Furnace,http://data.ordnancesurvey.co.uk/id/4000000074335142,http://www.ordnancesurvey.co.uk/xml/codelists/localtype.xml#village,,,,Argyll and Bute,http://data.ordnancesurvey.co.uk/id/7000000000030106,http://data.ordnancesurvey.co.uk/ontology/admingeo/UnitaryAuthority,Scotland,http://data.ordnancesurvey.co.uk/id/7000000000041429,Scotland,http://data.ordnancesurvey.co.uk/id/country/scotland,,,
PA328UP,http://data.ordnancesurvey.co.uk/id/postcodeunit/PA328UP,PA32 8UP,,,,other,Postcode,209189.000,708062.000,3500,18000,,,,,,,Inveraray,http://data.ordnancesurvey.co.uk/id/4000000074549417,http://www.ordnancesurvey.co.uk/xml/codelists/localtype.xml#town,,,,Argyll and Bute,http://data.ordnancesurvey.co.uk/id/7000000000030106,http://data.ordnancesurvey.co.uk/ontology/admingeo/UnitaryAuthority,Scotland,http://data.ordnancesurvey.co.uk/id/7000000000041429,Scotland,http://data.ordnancesurvey.co.uk/id/country/scotland,,,
PA328XJ,http://data.ordnancesurvey.co.uk/id/postcodeunit/PA328XJ,PA32 8XJ,,,,other,Postcode,208935.000,712956.000,3500,18000,,,,,,,,,,,,,Argyll and Bute,http://data.ordnancesurvey.co.uk/id/7000000000030106,http://data.ordnancesurvey.co.uk/ontology/admingeo/UnitaryAuthority,Scotland,http://data.ordnancesurvey.co.uk/id/7000000000041429,Scotland,http://data.ordnancesurvey.co.uk/id/country/scotland,,,
PA328UA,http://data.ordnancesurvey.co.uk/id/postcodeunit/PA328UA,PA32 8UA,,,,other,Postcode,209576.000,708368.000,3500,18000,,,,,,,Inveraray,http://data.ordnancesurvey.co.uk/id/4000000074549417,http://www.ordnancesurvey.co.uk/xml/codelists/localtype.xml#town,,,,Argyll and Bute,http://data.ordnancesurvey.co.uk/id/7000000000030106,http://data.ordnancesurvey.co.uk/ontology/admingeo/UnitaryAuthority,Scotland,http://data.ordnancesurvey.co.uk/id/7000000000041429,Scotland,http://data.ordnancesurvey.co.uk/id/country/scotland,,,
PA328WD,http://data.ordnancesurvey.co.uk/id/postcodeunit/PA328WD,PA32 8WD,,,,other,Postcode,202952.000,703087.000,3500,18000,,,,,,,,,,,,,Argyll and Bute,http://data.ordnancesurvey.co.uk/id/7000000000030106,http://data.ordnancesurvey.co.uk/ontology/admingeo/UnitaryAuthority,Scotland,http://data.ordnancesurvey.co.uk/id/7000000000041429,Scotland,http://data.ordnancesurvey.co.uk/id/country/scotland,,,
PA331BY,http://data.ordnancesurvey.co.uk/id/postcodeunit/PA331BY,PA33 1BY,,,,other,Postcode,203410.000,719784.000,3500,18000,,,,,,,,,,,,,Argyll and Bute,http://data.ordnancesurvey.co.uk/id/7000000000030106,http://data.ordnancesurvey.co.uk/ontology/admingeo/UnitaryAuthority,Scotland,http://data.ordnancesurvey.co.uk/id/7000000000041429,Scotland,http://data.ordnancesurvey.co.uk/id/country/scotland,,,
PA328UY,http://data.ordnancesurvey.co.uk/id/postcodeunit/PA328UY,PA32 8UY,,,,other,Postcode,209634.000,708558.000,3500,18000,,,,,,,Inveraray,http://data.ordnancesurvey.co.uk/id/4000000074549417,http://www.ordnancesurvey.co.uk/xml/codelists/localtype.xml#town,,,,Argyll and Bute,http://data.ordnancesurvey.co.uk/id/7000000000030106,http://data.ordnancesurvey.co.uk/ontology/admingeo/UnitaryAuthority,Scotland,http://data.ordnancesurvey.co.uk/id/7000000000041429,Scotland,http://data.ordnancesurvey.co.uk/id/country/scotland,,,
PA328UG,http://data.ordnancesurvey.co.uk/id/postcodeunit/PA328UG,PA32 8UG,,,,other,Postcode,209607.000,708358.000,3500,18000,,,,,,,Inveraray,http://data.ordnancesurvey.co.uk/id/4000000074549417,http://www.ordnancesurvey.co.uk/xml/codelists/localtype.xml#town,,,,Argyll and Bute,http://data.ordnancesurvey.co.uk/id/7000000000030106,http://data.ordnancesurvey.co.uk/ontology/admingeo/UnitaryAuthority,Scotland,http://data.ordnancesurvey.co.uk/id/7000000000041429,Scotland,http://data.ordnancesurvey.co.uk/id/country/scotland,,,
PA328UJ,http://data.ordnancesurvey.co.uk/id/postcodeunit/PA328UJ,PA32 8UJ,,,,other,Postcode,209308.000,707955.000,3500,18000,,,,,,,Inveraray,http://data.ordnancesurvey.co.uk/id/4000000074549417,http://www.ordnancesurvey.co.uk/xml/codelists/localtype.xml#town,,,,Argyll and Bute,http://data.ordnancesurvey.co.uk/id/7000000000030106,http://data.ordnancesurvey.co.uk/ontology/admingeo/UnitaryAuthority,Scotland,http://data.ordnancesurvey.co.uk/id/7000000000041429,Scotland,http://data.ordnancesurvey.co.uk/id/country/scotland,,,
PA278DQ,http://data.ordnancesurvey.co.uk/id/postcodeunit/PA278DQ,PA27 8DQ,,,,other,Postcode,209877.000,701288.000,3500,18000,,,,,,,Strachur,http://data.ordnancesurvey.co.uk/id/4000000074549039,http://www.ordnancesurvey.co.uk/xml/codelists/localtype.xml#village,,,,Argyll and Bute,http://data.ordnancesurvey.co.uk/id/7000000000030106,http://data.ordnancesurvey.co.uk/ontology/admingeo/UnitaryAuthority,Scotland,http://data.ordnancesurvey.co.uk/id/7000000000041429,Scotland,http://data.ordnancesurvey.co.uk/id/country/scotland,,,
PA328XF,http://data.ordnancesurvey.co.uk/id/postcodeunit/PA328XF,PA32 8XF,,,,other,Postcode,209616.000,709241.000,3500,18000,,,,,,,Inveraray,http://data.ordnancesurvey.co.uk/id/4000000074549417,http://www.ordnancesurvey.co.uk/xml/codelists/localtype.xml#town,,,,Argyll and Bute,http://data.ordnancesurvey.co.uk/id/7000000000030106,http://data.ordnancesurvey.co.uk/ontology/admingeo/UnitaryAuthority,Scotland,http://data.ordnancesurvey.co.uk/id/7000000000041429,Scotland,http://data.ordnancesurvey.co.uk/id/country/scotland,,,
PA328XT,http://data.ordnancesurvey.co.uk/id/postcodeunit/PA328XT,PA32 8XT,,,,other,Postcode,207095.000,705140.000,3500,18000,,,,,,,,,,,,,Argyll and Bute,http://data.ordnancesurvey.co.uk/id/7000000000030106,http://data.ordnancesurvey.co.uk/ontology/admingeo/UnitaryAuthority,Scotland,http://data.ordnancesurvey.co.uk/id/7000000000041429,Scotland,http://data.ordnancesurvey.co.uk/id/country/scotland,,,
PA248AA,http://data.ordnancesurvey.co.uk/id/postcodeunit/PA248AA,PA24 8AA,,,,other,Postcode,219881.000,701534.000,3500,18000,,,,,,,Lochgoilhead,http://data.ordnancesurvey.co.uk/id/4000000074548660,http://www.ordnancesurvey.co.uk/xml/codelists/localtype.xml#village,,,,Argyll and Bute,http://data.ordnancesurvey.co.uk/id/7000000000030106,http://data.ordnancesurvey.co.uk/ontology/admingeo/UnitaryAuthority,Scotland,http://data.ordnancesurvey.co.uk/id/7000000000041429,Scotland,http://data.ordnancesurvey.co.uk/id/country/scotland,,,
PA328UF,http://data.ordnancesurvey.co.uk/id/postcodeunit/PA328UF,PA32 8UF,,,,other,Postcode,209495.000,708330.000,3500,18000,,,,,,,Inveraray,http://data.ordnancesurvey.co.uk/id/4000000074549417,http://www.ordnancesurvey.co.uk/xml/codelists/localtype.xml#town,,,,Argyll and Bute,http://data.ordnancesurvey.co.uk/id/7000000000030106,http://data.ordnancesurvey.co.uk/ontology/admingeo/UnitaryAuthority,Scotland,http://data.ordnancesurvey.co.uk/id/7000000000041429,Scotland,http://data.ordnancesurvey.co.uk/id/country/scotland,,,
PA278DP,http://data.ordnancesurvey.co.uk/id/postcodeunit/PA278DP,PA27 8DP,,,,other,Postcode,207926.000,700542.000,3500,18000,,,,,,,Strachur,http://data.ordnancesurvey.co.uk/id/4000000074549039,http://www.ordnancesurvey.co.uk/xml/codelists/localtype.xml#village,,,,Argyll and Bute,http://data.ordnancesurvey.co.uk/id/7000000000030106,http://data.ordnancesurvey.co.uk/ontology/admingeo/UnitaryAuthority,Scotland,http://data.ordnancesurvey.co.uk/id/7000000000041429,Scotland,http://data.ordnancesurvey.co.uk/id/country/scotland,,,
PA328UH,http://data.ordnancesurvey.co.uk/id/postcodeunit/PA328UH,PA32 8UH,,,,other,Postcode,209356.000,708036.000,3500,18000,,,,,,,Inveraray,http://data.ordnancesurvey.co.uk/id/4000000074549417,http://www.ordnancesurvey.co.uk/xml/codelists/localtype.xml#town,,,,Argyll and Bute,http://data.ordnancesurvey.co.uk/id/7000000000030106,http://data.ordnancesurvey.co.uk/ontology/admingeo/UnitaryAuthority,Scotland,http://data.ordnancesurvey.co.uk/id/7000000000041429,Scotland,http://data.ordnancesurvey.co.uk/id/country/scotland,,,
PA258BA,http://data.ordnancesurvey.co.uk/id/postcodeunit/PA258BA,PA25 8BA,,,,other,Postcode,209695.000,704772.000,3500,18000,,,,,,,,,,,,,Argyll and Bute,http://data.ordnancesurvey.co.uk/id/7000000000030106,http://data.ordnancesurvey.co.uk/ontology/admingeo/UnitaryAuthority,Scotland,http://data.ordnancesurvey.co.uk/id/7000000000041429,Scotland,http://data.ordnancesurvey.co.uk/id/country/scotland,,,
PA258AZ,http://data.ordnancesurvey.co.uk/id/postcodeunit/PA258AZ,PA25 8AZ,,,,other,Postcode,212228.000,707551.000,3500,18000,,,,,,,St Catherines,http://data.ordnancesurvey.co.uk/id/4000000074549416,http://www.ordnancesurvey.co.uk/xml/codelists/localtype.xml#otherSettlement,,,,Argyll and Bute,http://data.ordnancesurvey.co.uk/id/7000000000030106,http://data.ordnancesurvey.co.uk/ontology/admingeo/UnitaryAuthority,Scotland,http://data.ordnancesurvey.co.uk/id/7000000000041429,Scotland,http://data.ordnancesurvey.co.uk/id/country/scotland,,,
PA328YH,http://data.ordnancesurvey.co.uk/id/postcodeunit/PA328YH,PA32 8YH,,,,other,Postcode,209431.000,708411.000,3500,18000,,,,,,,Inveraray,http://data.ordnancesurvey.co.uk/id/4000000074549417,http://www.ordnancesurvey.co.uk/xml/codelists/localtype.xml#town,,,,Argyll and Bute,http://data.ordnancesurvey.co.uk/id/7000000000030106,http://data.ordnancesurvey.co.uk/ontology/admingeo/UnitaryAuthority,Scotland,http://data.ordnancesurvey.co.uk/id/7000000000041429,Scotland,http://data.ordnancesurvey.co.uk/id/country/scotland,,,
PA328XA,http://data.ordnancesurvey.co.uk/id/postcodeunit/PA328XA,PA32 8XA,,,,other,Postcode,209673.000,708523.000,3500,18000,,,,,,,Inveraray,http://data.ordnancesurvey.co.uk/id/4000000074549417,http://www.ordnancesurvey.co.uk/xml/codelists/localtype.xml#town,,,,Argyll and Bute,http://data.ordnancesurvey.co.uk/id/7000000000030106,http://data.ordnancesurvey.co.uk/ontology/admingeo/UnitaryAuthority,Scotland,http://data.ordnancesurvey.co.uk/id/7000000000041429,Scotland,http://data.ordnancesurvey.co.uk/id/country/scotland,,,
PA328XB,http://data.ordnancesurvey.co.uk/id/postcodeunit/PA328XB,PA32 8XB,,,,other,Postcode,209565.000,708596.000,3500,18000,,,,,,,Inveraray,http://data.ordnancesurvey.co.uk/id/4000000074549417,http://www.ordnancesurvey.co.uk/xml/codelists/localtype.xml#town,,,,Argyll and Bute,http://data.ordnancesurvey.co.uk/id/7000000000030106,http://data.ordnancesurvey.co.uk/ontology/admingeo/UnitaryAuthority,Scotland,http://data.ordnancesurvey.co.uk/id/7000000000041429,Scotland,http://data.ordnancesurvey.co.uk/id/country/scotland,,,
PA328TX,http://data.ordnancesurvey.co.uk/id/postcodeunit/PA328TX,PA32 8TX,,,,other,Postcode,209627.000,708421.000,3500,18000,,,,,,,Inveraray,http://data.ordnancesurvey.co.uk/id/4000000074549417,http://www.ordnancesurvey.co.uk/xml/codelists/localtype.xml#town,,,,Argyll and Bute,http://data.ordnancesurvey.co.uk/id/7000000000030106,http://data.ordnancesurvey.co.uk/ontology/admingeo/UnitaryAuthority,Scotland,http://data.ordnancesurvey.co.uk/id/7000000000041429,Scotland,http://data.ordnancesurvey.co.uk/id/country/scotland,,,
PA278AB,http://data.ordnancesurvey.co.uk/id/postcodeunit/PA278AB,PA27 8AB,,,,other,Postcode,210246.000,701138.000,3500,18000,,,,,,,,,,,,,Argyll and Bute,http://data.ordnancesurvey.co.uk/id/7000000000030106,http://data.ordnancesurvey.co.uk/ontology/admingeo/UnitaryAuthority,Scotland,http://data.ordnancesurvey.co.uk/id/7000000000041429,Scotland,http://data.ordnancesurvey.co.uk/id/country/scotland,,,
PA268BL,http://data.ordnancesurvey.co.uk/id/postcodeunit/PA268BL,PA26 8BL,,,,other,Postcode,218457.000,712442.000,3500,18000,,,,,,,Clachan,http://data.ordnancesurvey.co.uk/id/4000000074335448,http://www.ordnancesurvey.co.uk/xml/codelists/localtype.xml#otherSettlement,,,,Argyll and Bute,http://data.ordnancesurvey.co.uk/id/7000000000030106,http://data.ordnancesurvey.co.uk/ontology/admingeo/UnitaryAuthority,Scotland,http://data.ordnancesurvey.co.uk/id/7000000000041429,Scotland,http://data.ordnancesurvey.co.uk/id/country/scotland,,,
PA328XG,http://data.ordnancesurvey.co.uk/id/postcodeunit/PA328XG,PA32 8XG,,,,other,Postcode,209077.000,709823.000,3500,18000,,,,,,,,,,,,,Argyll and Bute,http://data.ordnancesurvey.co.uk/id/7000000000030106,http://data.ordnancesurvey.co.uk/ontology/admingeo/UnitaryAuthority,Scotland,http://data.ordnancesurvey.co.uk/id/7000000000041429,Scotland,http://data.ordnancesurvey.co.uk/id/country/scotland,,,
PA328UB,http://data.ordnancesurvey.co.uk/id/postcodeunit/PA328UB,PA32 8UB,,,,other,Postcode,209488.000,708534.000,3500,18000,,,,,,,Inveraray,http://data.ordnancesurvey.co.uk/id/4000000074549417,http://www.ordnancesurvey.co.uk/xml/codelists/localtype.xml#town,,,,Argyll and Bute,http://data.ordnancesurvey.co.uk/id/7000000000030106,http://data.ordnancesurvey.co.uk/ontology/admingeo/UnitaryAuthority,Scotland,http://data.ordnancesurvey.co.uk/id/7000000000041429,Scotland,http://data.ordnancesurvey.co.uk/id/country/scotland,,,
PA278DR,http://data.ordnancesurvey.co.uk/id/postcodeunit/PA278DR,PA27 8DR,,,,other,Postcode,209713.000,701400.000,3500,18000,,,,,,,Strachur,http://data.ordnancesurvey.co.uk/id/4000000074549039,http://www.ordnancesurvey.co.uk/xml/codelists/localtype.xml#village,,,,Argyll and Bute,http://data.ordnancesurvey.co.uk/id/7000000000030106,http://data.ordnancesurvey.co.uk/ontology/admingeo/UnitaryAuthority,Scotland,http://data.ordnancesurvey.co.uk/id/7000000000041429,Scotland,http://data.ordnancesurvey.co.uk/id/country/scotland,,,
PA328TS,http://data.ordnancesurvey.co.uk/id/postcodeunit/PA328TS,PA32 8TS,,,,other,Postcode,209640.000,708490.000,3500,18000,,,,,,,Inveraray,http://data.ordnancesurvey.co.uk/id/4000000074549417,http://www.ordnancesurvey.co.uk/xml/codelists/localtype.xml#town,,,,Argyll and Bute,http://data.ordnancesurvey.co.uk/id/7000000000030106,http://data.ordnancesurvey.co.uk/ontology/admingeo/UnitaryAuthority,Scotland,http://data.ordnancesurvey.co.uk/id/7000000000041429,Scotland,http://data.ordnancesurvey.co.uk/id/country/scotland,,,
PA328YX,http://data.ordnancesurvey.co.uk/id/postcodeunit/PA328YX,PA32 8YX,,,,other,Postcode,209091.000,707722.000,3500,18000,,,,,,,Inveraray,http://data.ordnancesurvey.co.uk/id/4000000074549417,http://www.ordnancesurvey.co.uk/xml/codelists/localtype.xml#town,,,,Argyll and Bute,http://data.ordnancesurvey.co.uk/id/7000000000030106,http://data.ordnancesurvey.co.uk/ontology/admingeo/UnitaryAuthority,Scotland,http://data.ordnancesurvey.co.uk/id/7000000000041429,Scotland,http://data.ordnancesurvey.co.uk/id/country/scotland,,,
PA328XW,http://data.ordnancesurvey.co.uk/id/postcodeunit/PA328XW,PA32 8XW,,,,other,Postcode,202675.000,700004.000,3500,18000,,,,,,,Furnace,http://data.ordnancesurvey.co.uk/id/4000000074335142,http://www.ordnancesurvey.co.uk/xml/codelists/localtype.xml#village,,,,Argyll and Bute,http://data.ordnancesurvey.co.uk/id/7000000000030106,http://data.ordnancesurvey.co.uk/ontology/admingeo/UnitaryAuthority,Scotland,http://data.ordnancesurvey.co.uk/id/7000000000041429,Scotland,http://data.ordnancesurvey.co.uk/id/country/scotland,,,
PA268BE,http://data.ordnancesurvey.co.uk/id/postcodeunit/PA268BE,PA26 8BE,,,,other,Postcode,216361.000,709723.000,3500,18000,,,,,,,,,,,,,Argyll and Bute,http://data.ordnancesurvey.co.uk/id/7000000000030106,http://data.ordnancesurvey.co.uk/ontology/admingeo/UnitaryAuthority,Scotland,http://data.ordnancesurvey.co.uk/id/7000000000041429,Scotland,http://data.ordnancesurvey.co.uk/id/country/scotland,,,
PA328AA,http://data.ordnancesurvey.co.uk/id/postcodeunit/PA328AA,PA32 8AA,,,,other,Postcode,209225.000,708116.000,3500,18000,,,,,,,Inveraray,http://data.ordnancesurvey.co.uk/id/4000000074549417,http://www.ordnancesurvey.co.uk/xml/codelists/localtype.xml#town,,,,Argyll and Bute,http://data.ordnancesurvey.co.uk/id/7000000000030106,http://data.ordnancesurvey.co.uk/ontology/admingeo/UnitaryAuthority,Scotland,http://data.ordnancesurvey.co.uk/id/7000000000041429,Scotland,http://data.ordnancesurvey.co.uk/id/country/scotland,,,
PA328TW,http://data.ordnancesurvey.co.uk/id/postcodeunit/PA328TW,PA32 8TW,,,,other,Postcode,209055.000,707823.000,3500,18000,,,,,,,Inveraray,http://data.ordnancesurvey.co.uk/id/4000000074549417,http://www.ordnancesurvey.co.uk/xml/codelists/localtype.xml#town,,,,Argyll and Bute,http://data.ordnancesurvey.co.uk/id/7000000000030106,http://data.ordnancesurvey.co.uk/ontology/admingeo/UnitaryAuthority,Scotland,http://data.ordnancesurvey.co.uk/id/7000000000041429,Scotland,http://data.ordnancesurvey.co.uk/id/country/scotland,,,
PA328UL,http://data.ordnancesurvey.co.uk/id/postcodeunit/PA328UL,PA32 8UL,,,,other,Postcode,209213.000,707948.000,3500,18000,,,,,,,Inveraray,http://data.ordnancesurvey.co.uk/id/4000000074549417,http://www.ordnancesurvey.co.uk/xml/codelists/localtype.xml#town,,,,Argyll and Bute,http://data.ordnancesurvey.co.uk/id/7000000000030106,http://data.ordnancesurvey.co.uk/ontology/admingeo/UnitaryAuthority,Scotland,http://data.ordnancesurvey.co.uk/id/7000000000041429,Scotland,http://data.ordnancesurvey.co.uk/id/country/scotland,,,
PA278DD,http://data.ordnancesurvey.co.uk/id/postcodeunit/PA278DD,PA27 8DD,,,,other,Postcode,208739.000,701392.000,3500,18000,,,,,,,Strachur,http://data.ordnancesurvey.co.uk/id/4000000074549039,http://www.ordnancesurvey.co.uk/xml/codelists/localtype.xml#village,,,,Argyll and Bute,http://data.ordnancesurvey.co.uk/id/7000000000030106,http://data.ordnancesurvey.co.uk/ontology/admingeo/UnitaryAuthority,Scotland,http://data.ordnancesurvey.co.uk/id/7000000000041429,Scotland,http://data.ordnancesurvey.co.uk/id/country/scotland,,,
PA278DG,http://data.ordnancesurvey.co.uk/id/postcodeunit/PA278DG,PA27 8DG,,,,other,Postcode,209670.000,701469.000,3500,18000,,,,,,,Strachur,http://data.ordnancesurvey.co.uk/id/4000000074549039,http://www.ordnancesurvey.co.uk/xml/codelists/localtype.xml#village,,,,Argyll and Bute,http://data.ordnancesurvey.co.uk/id/7000000000030106,http://data.ordnancesurvey.co.uk/ontology/admingeo/UnitaryAuthority,Scotland,http://data.ordnancesurvey.co.uk/id/7000000000041429,Scotland,http://data.ordnancesurvey.co.uk/id/country/scotland,,,
PA268BQ,http://data.ordnancesurvey.co.uk/id/postcodeunit/PA268BQ,PA26 8BQ,,,,other,Postcode,218026.000,710305.000,3500,18000,,,,,,,An Cárn Dubh / Cairndow,http://data.ordnancesurvey.co.uk/id/4000000074548661,http://www.ordnancesurvey.co.uk/xml/codelists/localtype.xml#village,,,,Argyll and Bute,http://data.ordnancesurvey.co.uk/id/7000000000030106,http://data.ordnancesurvey.co.uk/ontology/admingeo/UnitaryAuthority,Scotland,http://data.ordnancesurvey.co.uk/id/7000000000041429,Scotland,http://data.ordnancesurvey.co.uk/id/country/scotland,,,
PA328UQ,http://data.ordnancesurvey.co.uk/id/postcodeunit/PA328UQ,PA32 8UQ,,,,other,Postcode,209470.000,708290.000,3500,18000,,,,,,,Inveraray,http://data.ordnancesurvey.co.uk/id/4000000074549417,http://www.ordnancesurvey.co.uk/xml/codelists/localtype.xml#town,,,,Argyll and Bute,http://data.ordnancesurvey.co.uk/id/7000000000030106,http://data.ordnancesurvey.co.uk/ontology/admingeo/UnitaryAuthority,Scotland,http://data.ordnancesurvey.co.uk/id/7000000000041429,Scotland,http://data.ordnancesurvey.co.uk/id/country/scotland,,,
PA328UE,http://data.ordnancesurvey.co.uk/id/postcodeunit/PA328UE,PA32 8UE,,,,other,Postcode,209532.000,708353.000,3500,18000,,,,,,,Inveraray,http://data.ordnancesurvey.co.uk/id/4000000074549417,http://www.ordnancesurvey.co.uk/xml/codelists/localtype.xml#town,,,,Argyll and Bute,http://data.ordnancesurvey.co.uk/id/7000000000030106,http://data.ordnancesurvey.co.uk/ontology/admingeo/UnitaryAuthority,Scotland,http://data.ordnancesurvey.co.uk/id/7000000000041429,Scotland,http://data.ordnancesurvey.co.uk/id/country/scotland,,,
PA268BN,http://data.ordnancesurvey.co.uk/id/postcodeunit/PA268BN,PA26 8BN,,,,other,Postcode,218353.000,711204.000,3500,18000,,,,,,,An Cárn Dubh / Cairndow,http://data.ordnancesurvey.co.uk/id/4000000074548661,http://www.ordnancesurvey.co.uk/xml/codelists/localtype.xml#village,,,,Argyll and Bute,http://data.ordnancesurvey.co.uk/id/7000000000030106,http://data.ordnancesurvey.co.uk/ontology/admingeo/UnitaryAuthority,Scotland,http://data.ordnancesurvey.co.uk/id/7000000000041429,Scotland,http://data.ordnancesurvey.co.uk/id/country/scotland,,,
PA278BY,http://data.ordnancesurvey.co.uk/id/postcodeunit/PA278BY,PA27 8BY,,,,other,Postcode,208257.000,700912.000,3500,18000,,,,,,,Strachur,http://data.ordnancesurvey.co.uk/id/4000000074549039,http://www.ordnancesurvey.co.uk/xml/codelists/localtype.xml#village,,,,Argyll and Bute,http://data.ordnancesurvey.co.uk/id/7000000000030106,http://data.ordnancesurvey.co.uk/ontology/admingeo/UnitaryAuthority,Scotland,http://data.ordnancesurvey.co.uk/id/7000000000041429,Scotland,http://data.ordnancesurvey.co.uk/id/country/scotland,,,
osgb4000000004305096,http://data.ordnancesurvey.co.uk/id/4000000004305096,Forest View,,,,transportNetwork,Named Road,209884.000,701269.000,2000,20000,209718.000,701135.000,210009.000,701359.000,PA27,http://data.ordnancesurvey.co.uk/id/postcodedistrict/PA27,Strachur,http://data.ordnancesurvey.co.uk/id/4000000074549039,http://www.ordnancesurvey.co.uk/xml/codelists/localtype.xml#village,,,,Argyll and Bute,http://data.ordnancesurvey.co.uk/id/7000000000030106,http://data.ordnancesurvey.co.uk/ontology/admingeo/UnitaryAuthority,Scotland,http://data.ordnancesurvey.co.uk/id/7000000000041429,Scotland,http://data.ordnancesurvey.co.uk/id/country/scotland,,,
osgb4000000004313179,http://data.ordnancesurvey.co.uk/id/4000000004313179,A819,,,,transportNetwork,Numbered Road,209778.000,718927.000,125000,1000000,208429.000,708599.000,214223.000,727771.000,PA33,http://data.ordnancesurvey.co.uk/id/postcodedistrict/PA33,,,,,,,Argyll and Bute,http://data.ordnancesurvey.co.uk/id/7000000000030106,http://data.ordnancesurvey.co.uk/ontology/admingeo/UnitaryAuthority,Scotland,http://data.ordnancesurvey.co.uk/id/7000000000041429,Scotland,http://data.ordnancesurvey.co.uk/id/country/scotland,,,
osgb4000000004305290,http://data.ordnancesurvey.co.uk/id/4000000004305290,Sinclair Avenue,,,,transportNetwork,Named Road,209237.000,707955.000,1000,20000,209167.000,707827.000,209275.000,708024.000,PA32,http://data.ordnancesurvey.co.uk/id/postcodedistrict/PA32,Inveraray,http://data.ordnancesurvey.co.uk/id/4000000074549417,http://www.ordnancesurvey.co.uk/xml/codelists/localtype.xml#town,,,,Argyll and Bute,http://data.ordnancesurvey.co.uk/id/7000000000030106,http://data.ordnancesurvey.co.uk/ontology/admingeo/UnitaryAuthority,Scotland,http://data.ordnancesurvey.co.uk/id/7000000000041429,Scotland,http://data.ordnancesurvey.co.uk/id/country/scotland,,,
osgb4000000004313873,http://data.ordnancesurvey.co.uk/id/4000000004313873,Old Military Road,,,,transportNetwork,Named Road,212329.000,709136.000,20000,33000,209565.000,708652.000,214699.000,710170.000,PA32,http://data.ordnancesurvey.co.uk/id/postcodedistrict/PA32,,,,,,,Argyll and Bute,http://data.ordnancesurvey.co.uk/id/7000000000030106,http://data.ordnancesurvey.co.uk/ontology/admingeo/UnitaryAuthority,Scotland,http://data.ordnancesurvey.co.uk/id/7000000000041429,Scotland,http://data.ordnancesurvey.co.uk/id/country/scotland,,,
osgb4000000004306050,http://data.ordnancesurvey.co.uk/id/4000000004306050,B839,,,,transportNetwork,Numbered Road,218623.000,705504.000,50000,250000,215813.000,700790.042,220154.503,708456.000,PA24,http://data.ordnancesurvey.co.uk/id/postcodedistrict/PA24,,,,,,,Argyll and Bute,http://data.ordnancesurvey.co.uk/id/7000000000030106,http://data.ordnancesurvey.co.uk/ontology/admingeo/UnitaryAuthority,Scotland,http://data.ordnancesurvey.co.uk/id/7000000000041429,Scotland,http://data.ordnancesurvey.co.uk/id/country/scotland,,,
osgb4000000004307556,http://data.ordnancesurvey.co.uk/id/4000000004307556,Viewfield Terrace,,,,transportNetwork,Named Road,219891.000,701509.000,1000,20000,219890.067,701502.674,219906.000,701579.000,PA24,http://data.ordnancesurvey.co.uk/id/postcodedistrict/PA24,Lochgoilhead,http://data.ordnancesurvey.co.uk/id/4000000074548660,http://www.ordnancesurvey.co.uk/xml/codelists/localtype.xml#village,,,,Argyll and Bute,http://data.ordnancesurvey.co.uk/id/7000000000030106,http://data.ordnancesurvey.co.uk/ontology/admingeo/UnitaryAuthority,Scotland,http://data.ordnancesurvey.co.uk/id/7000000000041429,Scotland,http://data.ordnancesurvey.co.uk/id/country/scotland,,,
osgb4000000004305567,http://data.ordnancesurvey.co.uk/id/4000000004305567,Chalmers Court,,,,transportNetwork,Named Road,209491.000,708518.000,1000,20000,209464.000,708482.000,209541.000,708568.430,PA32,http://data.ordnancesurvey.co.uk/id/postcodedistrict/PA32,Inveraray,http://data.ordnancesurvey.co.uk/id/4000000074549417,http://www.ordnancesurvey.co.uk/xml/codelists/localtype.xml#town,,,,Argyll and Bute,http://data.ordnancesurvey.co.uk/id/7000000000030106,http://data.ordnancesurvey.co.uk/ontology/admingeo/UnitaryAuthority,Scotland,http://data.ordnancesurvey.co.uk/id/7000000000041429,Scotland,http://data.ordnancesurvey.co.uk/id/country/scotland,,,
987329d6-914e-4dff-9600-d1a1270db000,http://data.ordnancesurvey.co.uk/id/987329d6-914e-4dff-9600-d1a1270db000,Old Military Road,,,,transportNetwork,Section Of Named Road,209567.000,708671.000,1000,25000,209565.000,708652.000,209572.676,708696.417,PA32,http://data.ordnancesurvey.co.uk/id/postcodedistrict/PA32,Inveraray,http://data.ordnancesurvey.co.uk/id/4000000074549417,http://www.ordnancesurvey.co.uk/xml/codelists/localtype.xml#town,,,,Argyll and Bute,http://data.ordnancesurvey.co.uk/id/7000000000030106,http://data.ordnancesurvey.co.uk/ontology/admingeo/UnitaryAuthority,Scotland,http://data.ordnancesurvey.co.uk/id/7000000000041429,Scotland,http://data.ordnancesurvey.co.uk/id/country/scotland,osgb4000000004313873,,
osgb4000000004305568,http://data.ordnancesurvey.co.uk/id/4000000004305568,Ben Arthur Place,,,,transportNetwork,Named Road,219899.131,701505.269,1000,20000,219890.067,701502.674,219959.117,701509.212,PA24,http://data.ordnancesurvey.co.uk/id/postcodedistrict/PA24,Lochgoilhead,http://data.ordnancesurvey.co.uk/id/4000000074548660,http://www.ordnancesurvey.co.uk/xml/codelists/localtype.xml#village,,,,Argyll and Bute,http://data.ordnancesurvey.co.uk/id/7000000000030106,http://data.ordnancesurvey.co.uk/ontology/admingeo/UnitaryAuthority,Scotland,http://data.ordnancesurvey.co.uk/id/7000000000041429,Scotland,http://data.ordnancesurvey.co.uk/id/country/scotland,,,
osgb4000000004305097,http://data.ordnancesurvey.co.uk/id/4000000004305097,Upper Riochan,,,,transportNetwork,Named Road,209096.900,707993.800,1000,20000,209043.200,707879.500,209152.000,708103.000,PA32,http://data.ordnancesurvey.co.uk/id/postcodedistrict/PA32,Inveraray,http://data.ordnancesurvey.co.uk/id/4000000074549417,http://www.ordnancesurvey.co.uk/xml/codelists/localtype.xml#town,,,,Argyll and Bute,http://data.ordnancesurvey.co.uk/id/7000000000030106,http://data.ordnancesurvey.co.uk/ontology/admingeo/UnitaryAuthority,Scotland,http://data.ordnancesurvey.co.uk/id/7000000000041429,Scotland,http://data.ordnancesurvey.co.uk/id/country/scotland,,,
osgb4000000004305029,http://data.ordnancesurvey.co.uk/id/4000000004305029,Upper Avenue,,,,transportNetwork,Named Road,208646.000,708142.000,9000,20000,208319.230,707389.760,209165.219,708819.068,PA32,http://data.ordnancesurvey.co.uk/id/postcodedistrict/PA32,,,,,,,Argyll and Bute,http://data.ordnancesurvey.co.uk/id/7000000000030106,http://data.ordnancesurvey.co.uk/ontology/admingeo/UnitaryAuthority,Scotland,http://data.ordnancesurvey.co.uk/id/7000000000041429,Scotland,http://data.ordnancesurvey.co.uk/id/country/scotland,,,
osgb4000000004305566,http://data.ordnancesurvey.co.uk/id/4000000004305566,Main Street East,,,,transportNetwork,Named Road,209637.000,708507.000,1000,20000,209594.360,708442.411,209662.000,708554.000,PA32,http://data.ordnancesurvey.co.uk/id/postcodedistrict/PA32,Inveraray,http://data.ordnancesurvey.co.uk/id/4000000074549417,http://www.ordnancesurvey.co.uk/xml/codelists/localtype.xml#town,,,,Argyll and Bute,http://data.ordnancesurvey.co.uk/id/7000000000030106,http://data.ordnancesurvey.co.uk/ontology/admingeo/UnitaryAuthority,Scotland,http://data.ordnancesurvey.co.uk/id/7000000000041429,Scotland,http://data.ordnancesurvey.co.uk/id/country/scotland,,,
c57a872d-655e-4548-a7db-5596bcf89497,http://data.ordnancesurvey.co.uk/id/c57a872d-655e-4548-a7db-5596bcf89497,Upper Avenue,,,,transportNetwork,Section Of Named Road,209104.668,708757.734,9000,25000,208644.047,707389.760,209165.219,708819.068,PA32,http://data.ordnancesurvey.co.uk/id/postcodedistrict/PA32,,,,,,,Argyll and Bute,http://data.ordnancesurvey.co.uk/id/7000000000030106,http://data.ordnancesurvey.co.uk/ontology/admingeo/UnitaryAuthority,Scotland,http://data.ordnancesurvey.co.uk/id/7000000000041429,Scotland,http://data.ordnancesurvey.co.uk/id/country/scotland,osgb4000000004305029,,
osgb4000000004305292,http://data.ordnancesurvey.co.uk/id/4000000004305292,Front Street East,,,,transportNetwork,Named Road,209662.000,708554.000,1000,20000,209574.000,708405.000,209711.000,708627.000,PA32,http://data.ordnancesurvey.co.uk/id/postcodedistrict/PA32,Inveraray,http://data.ordnancesurvey.co.uk/id/4000000074549417,http://www.ordnancesurvey.co.uk/xml/codelists/localtype.xml#town,,,,Argyll and Bute,http://data.ordnancesurvey.co.uk/id/7000000000030106,http://data.ordnancesurvey.co.uk/ontology/admingeo/UnitaryAuthority,Scotland,http://data.ordnancesurvey.co.uk/id/7000000000041429,Scotland,http://data.ordnancesurvey.co.uk/id/country/scotland,,,
osgb4000000004305565,http://data.ordnancesurvey.co.uk/id/4000000004305565,Glen Aray View,,,,transportNetwork,Named Road,209047.241,707832.234,1000,20000,209004.757,707794.205,209072.000,707858.000,PA32,http://data.ordnancesurvey.co.uk/id/postcodedistrict/PA32,Inveraray,http://data.ordnancesurvey.co.uk/id/4000000074549417,http://www.ordnancesurvey.co.uk/xml/codelists/localtype.xml#town,,,,Argyll and Bute,http://data.ordnancesurvey.co.uk/id/7000000000030106,http://data.ordnancesurvey.co.uk/ontology/admingeo/UnitaryAuthority,Scotland,http://data.ordnancesurvey.co.uk/id/7000000000041429,Scotland,http://data.ordnancesurvey.co.uk/id/country/scotland,,,
osgb4000000004305987,http://data.ordnancesurvey.co.uk/id/4000000004305987,Front Street West,,,,transportNetwork,Named Road,209568.000,708642.000,1000,20000,209565.000,708627.000,209574.000,708652.000,PA32,http://data.ordnancesurvey.co.uk/id/postcodedistrict/PA32,Inveraray,http://data.ordnancesurvey.co.uk/id/4000000074549417,http://www.ordnancesurvey.co.uk/xml/codelists/localtype.xml#town,,,,Argyll and Bute,http://data.ordnancesurvey.co.uk/id/7000000000030106,http://data.ordnancesurvey.co.uk/ontology/admingeo/UnitaryAuthority,Scotland,http://data.ordnancesurvey.co.uk/id/7000000000041429,Scotland,http://data.ordnancesurvey.co.uk/id/country/scotland,,,
osgb4000000004313829,http://data.ordnancesurvey.co.uk/id/4000000004313829,The Avenue,,,,transportNetwork,Named Road,209284.000,708006.000,7000,20000,208933.099,707550.575,209604.000,708597.000,PA32,http://data.ordnancesurvey.co.uk/id/postcodedistrict/PA32,Inveraray,http://data.ordnancesurvey.co.uk/id/4000000074549417,http://www.ordnancesurvey.co.uk/xml/codelists/localtype.xml#town,,,,Argyll and Bute,http://data.ordnancesurvey.co.uk/id/7000000000030106,http://data.ordnancesurvey.co.uk/ontology/admingeo/UnitaryAuthority,Scotland,http://data.ordnancesurvey.co.uk/id/7000000000041429,Scotland,http://data.ordnancesurvey.co.uk/id/country/scotland,,,
osgb4000000004305042,http://data.ordnancesurvey.co.uk/id/4000000004305042,Main Street South,,,,transportNetwork,Named Road,209411.000,708202.000,3000,20000,209347.000,707931.000,209585.705,708410.000,PA32,http://data.ordnancesurvey.co.uk/id/postcodedistrict/PA32,Inveraray,http://data.ordnancesurvey.co.uk/id/4000000074549417,http://www.ordnancesurvey.co.uk/xml/codelists/localtype.xml#town,,,,Argyll and Bute,http://data.ordnancesurvey.co.uk/id/7000000000030106,http://data.ordnancesurvey.co.uk/ontology/admingeo/UnitaryAuthority,Scotland,http://data.ordnancesurvey.co.uk/id/7000000000041429,Scotland,http://data.ordnancesurvey.co.uk/id/country/scotland,,,
osgb4000000004305289,http://data.ordnancesurvey.co.uk/id/4000000004305289,Riochan,,,,transportNetwork,Named Road,209108.575,707879.639,1000,20000,209043.200,707824.000,209181.000,707929.740,PA32,http://data.ordnancesurvey.co.uk/id/postcodedistrict/PA32,Inveraray,http://data.ordnancesurvey.co.uk/id/4000000074549417,http://www.ordnancesurvey.co.uk/xml/codelists/localtype.xml#town,,,,Argyll and Bute,http://data.ordnancesurvey.co.uk/id/7000000000030106,http://data.ordnancesurvey.co.uk/ontology/admingeo/UnitaryAuthority,Scotland,http://data.ordnancesurvey.co.uk/id/7000000000041429,Scotland,http://data.ordnancesurvey.co.uk/id/country/scotland,,,
osgb4000000004305291,http://data.ordnancesurvey.co.uk/id/4000000004305291,Foulis Road,,,,transportNetwork,Named Road,209190.000,707979.000,1000,20000,209143.174,707929.740,209237.000,708005.500,PA32,http://data.ordnancesurvey.co.uk/id/postcodedistrict/PA32,Inveraray,http://data.ordnancesurvey.co.uk/id/4000000074549417,http://www.ordnancesurvey.co.uk/xml/codelists/localtype.xml#town,,,,Argyll and Bute,http://data.ordnancesurvey.co.uk/id/7000000000030106,http://data.ordnancesurvey.co.uk/ontology/admingeo/UnitaryAuthority,Scotland,http://data.ordnancesurvey.co.uk/id/7000000000041429,Scotland,http://data.ordnancesurvey.co.uk/id/country/scotland,,,
osgb4000000004305562,http://data.ordnancesurvey.co.uk/id/4000000004305562,Manse Crescent,,,,transportNetwork,Named Road,209183.000,707744.000,1000,20000,209151.133,707737.364,209216.097,707766.737,PA32,http://data.ordnancesurvey.co.uk/id/postcodedistrict/PA32,Inveraray,http://data.ordnancesurvey.co.uk/id/4000000074549417,http://www.ordnancesurvey.co.uk/xml/codelists/localtype.xml#town,,,,Argyll and Bute,http://data.ordnancesurvey.co.uk/id/7000000000030106,http://data.ordnancesurvey.co.uk/ontology/admingeo/UnitaryAuthority,Scotland,http://data.ordnancesurvey.co.uk/id/7000000000041429,Scotland,http://data.ordnancesurvey.co.uk/id/country/scotland,,,
osgb4000000004305569,http://data.ordnancesurvey.co.uk/id/4000000004305569,Invergoil,,,,transportNetwork,Named Road,219872.095,701586.096,1000,20000,219851.536,701534.840,219906.000,701602.993,PA24,http://data.ordnancesurvey.co.uk/id/postcodedistrict/PA24,Lochgoilhead,http://data.ordnancesurvey.co.uk/id/4000000074548660,http://www.ordnancesurvey.co.uk/xml/codelists/localtype.xml#village,,,,Argyll and Bute,http://data.ordnancesurvey.co.uk/id/7000000000030106,http://data.ordnancesurvey.co.uk/ontology/admingeo/UnitaryAuthority,Scotland,http://data.ordnancesurvey.co.uk/id/7000000000041429,Scotland,http://data.ordnancesurvey.co.uk/id/country/scotland,,,
osgb4000000004305286,http://data.ordnancesurvey.co.uk/id/4000000004305286,Baycroft,,,,transportNetwork,Named Road,208550.000,701089.000,1000,20000,208465.000,701004.002,208622.341,701190.000,PA27,http://data.ordnancesurvey.co.uk/id/postcodedistrict/PA27,Strachur,http://data.ordnancesurvey.co.uk/id/4000000074549039,http://www.ordnancesurvey.co.uk/xml/codelists/localtype.xml#village,,,,Argyll and Bute,http://data.ordnancesurvey.co.uk/id/7000000000030106,http://data.ordnancesurvey.co.uk/ontology/admingeo/UnitaryAuthority,Scotland,http://data.ordnancesurvey.co.uk/id/7000000000041429,Scotland,http://data.ordnancesurvey.co.uk/id/country/scotland,,,
osgb4000000004305022,http://data.ordnancesurvey.co.uk/id/4000000004305022,Queen's Drive,,,,transportNetwork,Named Road,207575.000,709245.000,12000,20000,207245.000,708215.000,208394.000,710121.000,PA32,http://data.ordnancesurvey.co.uk/id/postcodedistrict/PA32,,,,,,,Argyll and Bute,http://data.ordnancesurvey.co.uk/id/7000000000030106,http://data.ordnancesurvey.co.uk/ontology/admingeo/UnitaryAuthority,Scotland,http://data.ordnancesurvey.co.uk/id/7000000000041429,Scotland,http://data.ordnancesurvey.co.uk/id/country/scotland,,,
ddd9a554-9e1f-404c-95bf-11ab957f3231,http://data.ordnancesurvey.co.uk/id/ddd9a554-9e1f-404c-95bf-11ab957f3231,A819,,,,transportNetwork,Section Of Numbered Road,209217.000,708967.000,4000,25000,209164.592,708599.000,209574.000,709202.192,PA32,http://data.ordnancesurvey.co.uk/id/postcodedistrict/PA32,Inveraray,http://data.ordnancesurvey.co.uk/id/4000000074549417,http://www.ordnancesurvey.co.uk/xml/codelists/localtype.xml#town,,,,Argyll and Bute,http://data.ordnancesurvey.co.uk/id/7000000000030106,http://data.ordnancesurvey.co.uk/ontology/admingeo/UnitaryAuthority,Scotland,http://data.ordnancesurvey.co.uk/id/7000000000041429,Scotland,http://data.ordnancesurvey.co.uk/id/country/scotland,osgb4000000004313179,,
osgb4000000004305287,http://data.ordnancesurvey.co.uk/id/4000000004305287,Manse Gardens,,,,transportNetwork,Named Road,209735.277,701429.642,1000,20000,209664.256,701397.052,209805.044,701472.133,PA27,http://data.ordnancesurvey.co.uk/id/postcodedistrict/PA27,Strachur,http://data.ordnancesurvey.co.uk/id/4000000074549039,http://www.ordnancesurvey.co.uk/xml/codelists/localtype.xml#village,,,,Argyll and Bute,http://data.ordnancesurvey.co.uk/id/7000000000030106,http://data.ordnancesurvey.co.uk/ontology/admingeo/UnitaryAuthority,Scotland,http://data.ordnancesurvey.co.uk/id/7000000000041429,Scotland,http://data.ordnancesurvey.co.uk/id/country/scotland,,,
osgb4000000004305872,http://data.ordnancesurvey.co.uk/id/4000000004305872,Main Street West,,,,transportNetwork,Named Road,209576.357,708436.699,1000,20000,209571.164,708402.943,209610.286,708449.855,PA32,http://data.ordnancesurvey.co.uk/id/postcodedistrict/PA32,Inveraray,http://data.ordnancesurvey.co.uk/id/4000000074549417,http://www.ordnancesurvey.co.uk/xml/codelists/localtype.xml#town,,,,Argyll and Bute,http://data.ordnancesurvey.co.uk/id/7000000000030106,http://data.ordnancesurvey.co.uk/ontology/admingeo/UnitaryAuthority,Scotland,http://data.ordnancesurvey.co.uk/id/7000000000041429,Scotland,http://data.ordnancesurvey.co.uk/id/country/scotland,,,
PA268BH,http://data.ordnancesurvey.co.uk/id/postcodeunit/PA268BH,PA26 8BH,,,,other,Postcode,217900.000,710643.000,3500,18000,,,,,,,An Cárn Dubh / Cairndow,http://data.ordnancesurvey.co.uk/id/4000000074548661,http://www.ordnancesurvey.co.uk/xml/codelists/localtype.xml#village,,,,Argyll and Bute,http://data.ordnancesurvey.co.uk/id/7000000000030106,http://data.ordnancesurvey.co.uk/ontology/admingeo/UnitaryAuthority,Scotland,http://data.ordnancesurvey.co.uk/id/7000000000041429,Scotland,http://data.ordnancesurvey.co.uk/id/country/scotland,,,
PA328UT,http://data.ordnancesurvey.co.uk/id/postcodeunit/PA328UT,PA32 8UT,,,,other,Postcode,209267.000,708094.000,3500,18000,,,,,,,Inveraray,http://data.ordnancesurvey.co.uk/id/4000000074549417,http://www.ordnancesurvey.co.uk/xml/codelists/localtype.xml#town,,,,Argyll and Bute,http://data.ordnancesurvey.co.uk/id/7000000000030106,http://data.ordnancesurvey.co.uk/ontology/admingeo/UnitaryAuthority,Scotland,http://data.ordnancesurvey.co.uk/id/7000000000041429,Scotland,http://data.ordnancesurvey.co.uk/id/country/scotland,,,
PA328YY,http://data.ordnancesurvey.co.uk/id/postcodeunit/PA328YY,PA32 8YY,,,,other,Postcode,209215.000,707745.000,3500,18000,,,,,,,Inveraray,http://data.ordnancesurvey.co.uk/id/4000000074549417,http://www.ordnancesurvey.co.uk/xml/codelists/localtype.xml#town,,,,Argyll and Bute,http://data.ordnancesurvey.co.uk/id/7000000000030106,http://data.ordnancesurvey.co.uk/ontology/admingeo/UnitaryAuthority,Scotland,http://data.ordnancesurvey.co.uk/id/7000000000041429,Scotland,http://data.ordnancesurvey.co.uk/id/country/scotland,,,
osgb4000000004305873,http://data.ordnancesurvey.co.uk/id/4000000004305873,Kilmorlich,,,,transportNetwork,Named Road,218070.000,710819.586,1000,20000,218048.000,710814.000,218112.508,710853.211,PA26,http://data.ordnancesurvey.co.uk/id/postcodedistrict/PA26,An Cárn Dubh / Cairndow,http://data.ordnancesurvey.co.uk/id/4000000074548661,http://www.ordnancesurvey.co.uk/xml/codelists/localtype.xml#village,,,,Argyll and Bute,http://data.ordnancesurvey.co.uk/id/7000000000030106,http://data.ordnancesurvey.co.uk/ontology/admingeo/UnitaryAuthority,Scotland,http://data.ordnancesurvey.co.uk/id/7000000000041429,Scotland,http://data.ordnancesurvey.co.uk/id/country/scotland,,,
PA268BG,http://data.ordnancesurvey.co.uk/id/postcodeunit/PA268BG,PA26 8BG,,,,other,Postcode,217422.000,710151.000,3500,18000,,,,,,,An Cárn Dubh / Cairndow,http://data.ordnancesurvey.co.uk/id/4000000074548661,http://www.ordnancesurvey.co.uk/xml/codelists/localtype.xml#village,,,,Argyll and Bute,http://data.ordnancesurvey.co.uk/id/7000000000030106,http://data.ordnancesurvey.co.uk/ontology/admingeo/UnitaryAuthority,Scotland,http://data.ordnancesurvey.co.uk/id/7000000000041429,Scotland,http://data.ordnancesurvey.co.uk/id/country/scotland,,,
PA328XP,http://data.ordnancesurvey.co.uk/id/postcodeunit/PA328XP,PA32 8XP,,,,other,Postcode,202383.000,700172.000,3500,18000,,,,,,,Furnace,http://data.ordnancesurvey.co.uk/id/4000000074335142,http://www.ordnancesurvey.co.uk/xml/codelists/localtype.xml#village,,,,Argyll and Bute,http://data.ordnancesurvey.co.uk/id/7000000000030106,http://data.ordnancesurvey.co.uk/ontology/admingeo/UnitaryAuthority,Scotland,http://data.ordnancesurvey.co.uk/id/7000000000041429,Scotland,http://data.ordnancesurvey.co.uk/id/country/scotland,,,
PA328TY,http://data.ordnancesurvey.co.uk/id/postcodeunit/PA328TY,PA32 8TY,,,,other,Postcode,209582.000,708463.000,3500,18000,,,,,,,Inveraray,http://data.ordnancesurvey.co.uk/id/4000000074549417,http://www.ordnancesurvey.co.uk/xml/codelists/localtype.xml#town,,,,Argyll and Bute,http://data.ordnancesurvey.co.uk/id/7000000000030106,http://data.ordnancesurvey.co.uk/ontology/admingeo/UnitaryAuthority,Scotland,http://data.ordnancesurvey.co.uk/id/7000000000041429,Scotland,http://data.ordnancesurvey.co.uk/id/country/scotland,,,
osgb4000000004305563,http://data.ordnancesurvey.co.uk/id/4000000004305563,Higher Riochan,,,,transportNetwork,Named Road,209060.077,708070.000,1000,20000,209055.000,708064.000,209110.000,708129.000,PA32,http://data.ordnancesurvey.co.uk/id/postcodedistrict/PA32,Inveraray,http://data.ordnancesurvey.co.uk/id/4000000074549417,http://www.ordnancesurvey.co.uk/xml/codelists/localtype.xml#town,,,,Argyll and Bute,http://data.ordnancesurvey.co.uk/id/7000000000030106,http://data.ordnancesurvey.co.uk/ontology/admingeo/UnitaryAuthority,Scotland,http://data.ordnancesurvey.co.uk/id/7000000000041429,Scotland,http://data.ordnancesurvey.co.uk/id/country/scotland,,,
osgb4000000004305564,http://data.ordnancesurvey.co.uk/id/4000000004305564,Barn Brae,,,,transportNetwork,Named Road,209293.000,707941.000,1000,20000,209253.000,707931.000,209347.000,707987.000,PA32,http://data.ordnancesurvey.co.uk/id/postcodedistrict/PA32,Inveraray,http://data.ordnancesurvey.co.uk/id/4000000074549417,http://www.ordnancesurvey.co.uk/xml/codelists/localtype.xml#town,,,,Argyll and Bute,http://data.ordnancesurvey.co.uk/id/7000000000030106,http://data.ordnancesurvey.co.uk/ontology/admingeo/UnitaryAuthority,Scotland,http://data.ordnancesurvey.co.uk/id/7000000000041429,Scotland,http://data.ordnancesurvey.co.uk/id/country/scotland,,,
osgb4000000004305288,http://data.ordnancesurvey.co.uk/id/4000000004305288,Barn Park,,,,transportNetwork,Named Road,209172.000,708092.000,2000,20000,209047.000,708006.000,209284.000,708171.000,PA32,http://data.ordnancesurvey.co.uk/id/postcodedistrict/PA32,Inveraray,http://data.ordnancesurvey.co.uk/id/4000000074549417,http://www.ordnancesurvey.co.uk/xml/codelists/localtype.xml#town,,,,Argyll and Bute,http://data.ordnancesurvey.co.uk/id/7000000000030106,http://data.ordnancesurvey.co.uk/ontology/admingeo/UnitaryAuthority,Scotland,http://data.ordnancesurvey.co.uk/id/7000000000041429,Scotland,http://data.ordnancesurvey.co.uk/id/country/scotland,,,
osgb5000005194173129,http://data.ordnancesurvey.co.uk/id/5000005194173129,March Brae,,,,transportNetwork,Named Road,208278.388,700845.355,1000,20000,208201.964,700827.831,208341.658,700895.414,PA27,http://data.ordnancesurvey.co.uk/id/postcodedistrict/PA27,Strachur,http://data.ordnancesurvey.co.uk/id/4000000074549039,http://www.ordnancesurvey.co.uk/xml/codelists/localtype.xml#village,,,,Argyll and Bute,http://data.ordnancesurvey.co.uk/id/7000000000030106,http://data.ordnancesurvey.co.uk/ontology/admingeo/UnitaryAuthority,Scotland,http://data.ordnancesurvey.co.uk/id/7000000000041429,Scotland,http://data.ordnancesurvey.co.uk/id/country/scotland,,,
4f00dcdd-2308-40f0-9d69-4e5ba4e52614,http://data.ordnancesurvey.co.uk/id/4f00dcdd-2308-40f0-9d69-4e5ba4e52614,A83,,,,transportNetwork,Section Of Numbered Road,209349.000,707945.000,9000,25000,208662.422,707306.341,209662.000,708696.417,PA32,http://data.ordnancesurvey.co.uk/id/postcodedistrict/PA32,Inveraray,http://data.ordnancesurvey.co.uk/id/4000000074549417,http://www.ordnancesurvey.co.uk/xml/codelists/localtype.xml#town,,,,Argyll and Bute,http://data.ordnancesurvey.co.uk/id/7000000000030106,http://data.ordnancesurvey.co.uk/ontology/admingeo/UnitaryAuthority,Scotland,http://data.ordnancesurvey.co.uk/id/7000000000041429,Scotland,http://data.ordnancesurvey.co.uk/id/country/scotland,osgb4000000004874697,,
