﻿PA364AG,http://data.ordnancesurvey.co.uk/id/postcodeunit/PA364AG,PA36 4AG,,,,other,Postcode,231980.000,744309.000,3500,18000,,,,,,,,,,,,,Argyll and Bute,http://data.ordnancesurvey.co.uk/id/7000000000030106,http://data.ordnancesurvey.co.uk/ontology/admingeo/UnitaryAuthority,Scotland,http://data.ordnancesurvey.co.uk/id/7000000000041429,Scotland,http://data.ordnancesurvey.co.uk/id/country/scotland,,,
PH494HZ,http://data.ordnancesurvey.co.uk/id/postcodeunit/PH494HZ,PH49 4HZ,,,,other,Postcode,226100.000,754538.000,3500,18000,,,,,,,,,,,,,Highland,http://data.ordnancesurvey.co.uk/id/7000000000029638,http://data.ordnancesurvey.co.uk/ontology/admingeo/UnitaryAuthority,Scotland,http://data.ordnancesurvey.co.uk/id/7000000000041429,Scotland,http://data.ordnancesurvey.co.uk/id/country/scotland,,,
PA364AQ,http://data.ordnancesurvey.co.uk/id/postcodeunit/PA364AQ,PA36 4AQ,,,,other,Postcode,227388.000,741386.000,3500,18000,,,,,,,,,,,,,Argyll and Bute,http://data.ordnancesurvey.co.uk/id/7000000000030106,http://data.ordnancesurvey.co.uk/ontology/admingeo/UnitaryAuthority,Scotland,http://data.ordnancesurvey.co.uk/id/7000000000041429,Scotland,http://data.ordnancesurvey.co.uk/id/country/scotland,,,
PA364AH,http://data.ordnancesurvey.co.uk/id/postcodeunit/PA364AH,PA36 4AH,,,,other,Postcode,227078.000,742322.000,3500,18000,,,,,,,,,,,,,Argyll and Bute,http://data.ordnancesurvey.co.uk/id/7000000000030106,http://data.ordnancesurvey.co.uk/ontology/admingeo/UnitaryAuthority,Scotland,http://data.ordnancesurvey.co.uk/id/7000000000041429,Scotland,http://data.ordnancesurvey.co.uk/id/country/scotland,,,
PH494HY,http://data.ordnancesurvey.co.uk/id/postcodeunit/PH494HY,PH49 4HY,,,,other,Postcode,225935.000,754673.000,3500,18000,,,,,,,,,,,,,Highland,http://data.ordnancesurvey.co.uk/id/7000000000029638,http://data.ordnancesurvey.co.uk/ontology/admingeo/UnitaryAuthority,Scotland,http://data.ordnancesurvey.co.uk/id/7000000000041429,Scotland,http://data.ordnancesurvey.co.uk/id/country/scotland,,,
osgb4000000004306018,http://data.ordnancesurvey.co.uk/id/4000000004306018,A82,,,,transportNetwork,Numbered Road,230232.000,751804.000,1000000,1173000,202264.000,666259.000,267323.000,846770.000,PH49,http://data.ordnancesurvey.co.uk/id/postcodedistrict/PH49,,,,,,,Highland,http://data.ordnancesurvey.co.uk/id/7000000000029638,http://data.ordnancesurvey.co.uk/ontology/admingeo/UnitaryAuthority,Scotland,http://data.ordnancesurvey.co.uk/id/7000000000041429,Scotland,http://data.ordnancesurvey.co.uk/id/country/scotland,,,
