﻿osgb4000000074334521,http://data.ordnancesurvey.co.uk/id/4000000074334521,Balgowan,,,,populatedPlace,Other Settlement,263408.000,794377.000,15000,25000,262504.660,794010.846,264899.867,794540.834,PH20,http://data.ordnancesurvey.co.uk/id/postcodedistrict/PH20,,,,,,,Highland,http://data.ordnancesurvey.co.uk/id/7000000000029638,http://data.ordnancesurvey.co.uk/ontology/admingeo/UnitaryAuthority,Scotland,http://data.ordnancesurvey.co.uk/id/7000000000041429,Scotland,http://data.ordnancesurvey.co.uk/id/country/scotland,,,
osgb4000000074554511,http://data.ordnancesurvey.co.uk/id/4000000074554511,Drumguish,,,,populatedPlace,Hamlet,279438.370,799483.410,5000,25000,279198.480,799216.846,279698.480,799791.571,PH21,http://data.ordnancesurvey.co.uk/id/postcodedistrict/PH21,,,,,,,Highland,http://data.ordnancesurvey.co.uk/id/7000000000029638,http://data.ordnancesurvey.co.uk/ontology/admingeo/UnitaryAuthority,Scotland,http://data.ordnancesurvey.co.uk/id/7000000000041429,Scotland,http://data.ordnancesurvey.co.uk/id/country/scotland,,,
osgb4000000074549426,http://data.ordnancesurvey.co.uk/id/4000000074549426,Newtonmore,,,,populatedPlace,Village,271326.200,798948.300,16000,250000,270310.507,797668.399,272752.232,799784.233,PH20,http://data.ordnancesurvey.co.uk/id/postcodedistrict/PH20,,,,,,,Highland,http://data.ordnancesurvey.co.uk/id/7000000000029638,http://data.ordnancesurvey.co.uk/ontology/admingeo/UnitaryAuthority,Scotland,http://data.ordnancesurvey.co.uk/id/7000000000041429,Scotland,http://data.ordnancesurvey.co.uk/id/country/scotland,,http://dbpedia.org/resource/Newtonmore,http://sws.geonames.org/2641542
osgb4000000074334466,http://data.ordnancesurvey.co.uk/id/4000000074334466,Etteridge,,,,populatedPlace,Other Settlement,268408.000,792679.000,15000,25000,267854.155,792253.609,268805.124,793091.029,PH20,http://data.ordnancesurvey.co.uk/id/postcodedistrict/PH20,,,,,,,Highland,http://data.ordnancesurvey.co.uk/id/7000000000029638,http://data.ordnancesurvey.co.uk/ontology/admingeo/UnitaryAuthority,Scotland,http://data.ordnancesurvey.co.uk/id/7000000000041429,Scotland,http://data.ordnancesurvey.co.uk/id/country/scotland,,http://dbpedia.org/resource/Etteridge,
osgb4000000074549425,http://data.ordnancesurvey.co.uk/id/4000000074549425,Catlodge,,,,populatedPlace,Other Settlement,263755.000,793005.000,15000,25000,263184.284,792665.721,263979.322,793175.265,PH20,http://data.ordnancesurvey.co.uk/id/postcodedistrict/PH20,,,,,,,Highland,http://data.ordnancesurvey.co.uk/id/7000000000029638,http://data.ordnancesurvey.co.uk/ontology/admingeo/UnitaryAuthority,Scotland,http://data.ordnancesurvey.co.uk/id/7000000000041429,Scotland,http://data.ordnancesurvey.co.uk/id/country/scotland,,http://dbpedia.org/resource/Catlodge,http://sws.geonames.org/2653506
osgb4000000074549784,http://data.ordnancesurvey.co.uk/id/4000000074549784,Laggan,,,,populatedPlace,Other Settlement,261194.410,794535.010,15000,25000,260549.319,793542.170,261770.355,794675.526,PH20,http://data.ordnancesurvey.co.uk/id/postcodedistrict/PH20,,,,,,,Highland,http://data.ordnancesurvey.co.uk/id/7000000000029638,http://data.ordnancesurvey.co.uk/ontology/admingeo/UnitaryAuthority,Scotland,http://data.ordnancesurvey.co.uk/id/7000000000041429,Scotland,http://data.ordnancesurvey.co.uk/id/country/scotland,,"http://dbpedia.org/resource/Laggan,_Badenoch",
osgb4000000074549424,http://data.ordnancesurvey.co.uk/id/4000000074549424,Dalwhinnie,,,,populatedPlace,Village,263465.110,784904.340,15000,250000,262144.607,783344.629,264050.857,785576.960,PH19,http://data.ordnancesurvey.co.uk/id/postcodedistrict/PH19,,,,,,,Highland,http://data.ordnancesurvey.co.uk/id/7000000000029638,http://data.ordnancesurvey.co.uk/ontology/admingeo/UnitaryAuthority,Scotland,http://data.ordnancesurvey.co.uk/id/7000000000041429,Scotland,http://data.ordnancesurvey.co.uk/id/country/scotland,,http://dbpedia.org/resource/Dalwhinnie,http://sws.geonames.org/2651543
osgb4000000074549785,http://data.ordnancesurvey.co.uk/id/4000000074549785,Gergask,,,,populatedPlace,Hamlet,261275.000,794500.000,5000,25000,261024.114,794159.032,261524.114,794659.032,PH20,http://data.ordnancesurvey.co.uk/id/postcodedistrict/PH20,,,,,,,Highland,http://data.ordnancesurvey.co.uk/id/7000000000029638,http://data.ordnancesurvey.co.uk/ontology/admingeo/UnitaryAuthority,Scotland,http://data.ordnancesurvey.co.uk/id/7000000000041429,Scotland,http://data.ordnancesurvey.co.uk/id/country/scotland,,,
PH201DX,http://data.ordnancesurvey.co.uk/id/postcodeunit/PH201DX,PH20 1DX,,,,other,Postcode,271603.000,799487.000,3500,18000,,,,,,,Newtonmore,http://data.ordnancesurvey.co.uk/id/4000000074549426,http://www.ordnancesurvey.co.uk/xml/codelists/localtype.xml#village,,,,Highland,http://data.ordnancesurvey.co.uk/id/7000000000029638,http://data.ordnancesurvey.co.uk/ontology/admingeo/UnitaryAuthority,Scotland,http://data.ordnancesurvey.co.uk/id/7000000000041429,Scotland,http://data.ordnancesurvey.co.uk/id/country/scotland,,,
PH201DH,http://data.ordnancesurvey.co.uk/id/postcodeunit/PH201DH,PH20 1DH,,,,other,Postcode,271018.000,798826.000,3500,18000,,,,,,,Newtonmore,http://data.ordnancesurvey.co.uk/id/4000000074549426,http://www.ordnancesurvey.co.uk/xml/codelists/localtype.xml#village,,,,Highland,http://data.ordnancesurvey.co.uk/id/7000000000029638,http://data.ordnancesurvey.co.uk/ontology/admingeo/UnitaryAuthority,Scotland,http://data.ordnancesurvey.co.uk/id/7000000000041429,Scotland,http://data.ordnancesurvey.co.uk/id/country/scotland,,,
PH201DJ,http://data.ordnancesurvey.co.uk/id/postcodeunit/PH201DJ,PH20 1DJ,,,,other,Postcode,270802.000,798987.000,3500,18000,,,,,,,Newtonmore,http://data.ordnancesurvey.co.uk/id/4000000074549426,http://www.ordnancesurvey.co.uk/xml/codelists/localtype.xml#village,,,,Highland,http://data.ordnancesurvey.co.uk/id/7000000000029638,http://data.ordnancesurvey.co.uk/ontology/admingeo/UnitaryAuthority,Scotland,http://data.ordnancesurvey.co.uk/id/7000000000041429,Scotland,http://data.ordnancesurvey.co.uk/id/country/scotland,,,
PH201BW,http://data.ordnancesurvey.co.uk/id/postcodeunit/PH201BW,PH20 1BW,,,,other,Postcode,271134.000,799002.000,3500,18000,,,,,,,Newtonmore,http://data.ordnancesurvey.co.uk/id/4000000074549426,http://www.ordnancesurvey.co.uk/xml/codelists/localtype.xml#village,,,,Highland,http://data.ordnancesurvey.co.uk/id/7000000000029638,http://data.ordnancesurvey.co.uk/ontology/admingeo/UnitaryAuthority,Scotland,http://data.ordnancesurvey.co.uk/id/7000000000041429,Scotland,http://data.ordnancesurvey.co.uk/id/country/scotland,,,
PH201BZ,http://data.ordnancesurvey.co.uk/id/postcodeunit/PH201BZ,PH20 1BZ,,,,other,Postcode,271216.000,799013.000,3500,18000,,,,,,,Newtonmore,http://data.ordnancesurvey.co.uk/id/4000000074549426,http://www.ordnancesurvey.co.uk/xml/codelists/localtype.xml#village,,,,Highland,http://data.ordnancesurvey.co.uk/id/7000000000029638,http://data.ordnancesurvey.co.uk/ontology/admingeo/UnitaryAuthority,Scotland,http://data.ordnancesurvey.co.uk/id/7000000000041429,Scotland,http://data.ordnancesurvey.co.uk/id/country/scotland,,,
PH201BT,http://data.ordnancesurvey.co.uk/id/postcodeunit/PH201BT,PH20 1BT,,,,other,Postcode,263276.000,793110.000,3500,18000,,,,,,,Catlodge,http://data.ordnancesurvey.co.uk/id/4000000074549425,http://www.ordnancesurvey.co.uk/xml/codelists/localtype.xml#otherSettlement,,,,Highland,http://data.ordnancesurvey.co.uk/id/7000000000029638,http://data.ordnancesurvey.co.uk/ontology/admingeo/UnitaryAuthority,Scotland,http://data.ordnancesurvey.co.uk/id/7000000000041429,Scotland,http://data.ordnancesurvey.co.uk/id/country/scotland,,,
PH201BG,http://data.ordnancesurvey.co.uk/id/postcodeunit/PH201BG,PH20 1BG,,,,other,Postcode,271359.000,799514.000,3500,18000,,,,,,,Newtonmore,http://data.ordnancesurvey.co.uk/id/4000000074549426,http://www.ordnancesurvey.co.uk/xml/codelists/localtype.xml#village,,,,Highland,http://data.ordnancesurvey.co.uk/id/7000000000029638,http://data.ordnancesurvey.co.uk/ontology/admingeo/UnitaryAuthority,Scotland,http://data.ordnancesurvey.co.uk/id/7000000000041429,Scotland,http://data.ordnancesurvey.co.uk/id/country/scotland,,,
PH211NY,http://data.ordnancesurvey.co.uk/id/postcodeunit/PH211NY,PH21 1NY,,,,other,Postcode,279580.000,799622.000,3500,18000,,,,,,,Drumguish,http://data.ordnancesurvey.co.uk/id/4000000074554511,http://www.ordnancesurvey.co.uk/xml/codelists/localtype.xml#hamlet,,,,Highland,http://data.ordnancesurvey.co.uk/id/7000000000029638,http://data.ordnancesurvey.co.uk/ontology/admingeo/UnitaryAuthority,Scotland,http://data.ordnancesurvey.co.uk/id/7000000000041429,Scotland,http://data.ordnancesurvey.co.uk/id/country/scotland,,,
PH201DN,http://data.ordnancesurvey.co.uk/id/postcodeunit/PH201DN,PH20 1DN,,,,other,Postcode,271684.000,799225.000,3500,18000,,,,,,,Newtonmore,http://data.ordnancesurvey.co.uk/id/4000000074549426,http://www.ordnancesurvey.co.uk/xml/codelists/localtype.xml#village,,,,Highland,http://data.ordnancesurvey.co.uk/id/7000000000029638,http://data.ordnancesurvey.co.uk/ontology/admingeo/UnitaryAuthority,Scotland,http://data.ordnancesurvey.co.uk/id/7000000000041429,Scotland,http://data.ordnancesurvey.co.uk/id/country/scotland,,,
PH201DE,http://data.ordnancesurvey.co.uk/id/postcodeunit/PH201DE,PH20 1DE,,,,other,Postcode,271273.000,798957.000,3500,18000,,,,,,,Newtonmore,http://data.ordnancesurvey.co.uk/id/4000000074549426,http://www.ordnancesurvey.co.uk/xml/codelists/localtype.xml#village,,,,Highland,http://data.ordnancesurvey.co.uk/id/7000000000029638,http://data.ordnancesurvey.co.uk/ontology/admingeo/UnitaryAuthority,Scotland,http://data.ordnancesurvey.co.uk/id/7000000000041429,Scotland,http://data.ordnancesurvey.co.uk/id/country/scotland,,,
PH201AR,http://data.ordnancesurvey.co.uk/id/postcodeunit/PH201AR,PH20 1AR,,,,other,Postcode,271319.000,798673.000,3500,18000,,,,,,,Newtonmore,http://data.ordnancesurvey.co.uk/id/4000000074549426,http://www.ordnancesurvey.co.uk/xml/codelists/localtype.xml#village,,,,Highland,http://data.ordnancesurvey.co.uk/id/7000000000029638,http://data.ordnancesurvey.co.uk/ontology/admingeo/UnitaryAuthority,Scotland,http://data.ordnancesurvey.co.uk/id/7000000000041429,Scotland,http://data.ordnancesurvey.co.uk/id/country/scotland,,,
PH201DP,http://data.ordnancesurvey.co.uk/id/postcodeunit/PH201DP,PH20 1DP,,,,other,Postcode,271936.000,799364.000,3500,18000,,,,,,,Newtonmore,http://data.ordnancesurvey.co.uk/id/4000000074549426,http://www.ordnancesurvey.co.uk/xml/codelists/localtype.xml#village,,,,Highland,http://data.ordnancesurvey.co.uk/id/7000000000029638,http://data.ordnancesurvey.co.uk/ontology/admingeo/UnitaryAuthority,Scotland,http://data.ordnancesurvey.co.uk/id/7000000000041429,Scotland,http://data.ordnancesurvey.co.uk/id/country/scotland,,,
PH201DS,http://data.ordnancesurvey.co.uk/id/postcodeunit/PH201DS,PH20 1DS,,,,other,Postcode,272048.000,799237.000,3500,18000,,,,,,,Newtonmore,http://data.ordnancesurvey.co.uk/id/4000000074549426,http://www.ordnancesurvey.co.uk/xml/codelists/localtype.xml#village,,,,Highland,http://data.ordnancesurvey.co.uk/id/7000000000029638,http://data.ordnancesurvey.co.uk/ontology/admingeo/UnitaryAuthority,Scotland,http://data.ordnancesurvey.co.uk/id/7000000000041429,Scotland,http://data.ordnancesurvey.co.uk/id/country/scotland,,,
PH201DZ,http://data.ordnancesurvey.co.uk/id/postcodeunit/PH201DZ,PH20 1DZ,,,,other,Postcode,271445.000,799261.000,3500,18000,,,,,,,Newtonmore,http://data.ordnancesurvey.co.uk/id/4000000074549426,http://www.ordnancesurvey.co.uk/xml/codelists/localtype.xml#village,,,,Highland,http://data.ordnancesurvey.co.uk/id/7000000000029638,http://data.ordnancesurvey.co.uk/ontology/admingeo/UnitaryAuthority,Scotland,http://data.ordnancesurvey.co.uk/id/7000000000041429,Scotland,http://data.ordnancesurvey.co.uk/id/country/scotland,,,
PH201BL,http://data.ordnancesurvey.co.uk/id/postcodeunit/PH201BL,PH20 1BL,,,,other,Postcode,271550.000,798709.000,3500,18000,,,,,,,Newtonmore,http://data.ordnancesurvey.co.uk/id/4000000074549426,http://www.ordnancesurvey.co.uk/xml/codelists/localtype.xml#village,,,,Highland,http://data.ordnancesurvey.co.uk/id/7000000000029638,http://data.ordnancesurvey.co.uk/ontology/admingeo/UnitaryAuthority,Scotland,http://data.ordnancesurvey.co.uk/id/7000000000041429,Scotland,http://data.ordnancesurvey.co.uk/id/country/scotland,,,
PH201DY,http://data.ordnancesurvey.co.uk/id/postcodeunit/PH201DY,PH20 1DY,,,,other,Postcode,271523.000,799464.000,3500,18000,,,,,,,Newtonmore,http://data.ordnancesurvey.co.uk/id/4000000074549426,http://www.ordnancesurvey.co.uk/xml/codelists/localtype.xml#village,,,,Highland,http://data.ordnancesurvey.co.uk/id/7000000000029638,http://data.ordnancesurvey.co.uk/ontology/admingeo/UnitaryAuthority,Scotland,http://data.ordnancesurvey.co.uk/id/7000000000041429,Scotland,http://data.ordnancesurvey.co.uk/id/country/scotland,,,
PH201BE,http://data.ordnancesurvey.co.uk/id/postcodeunit/PH201BE,PH20 1BE,,,,other,Postcode,267933.000,794412.000,3500,18000,,,,,,,,,,,,,Highland,http://data.ordnancesurvey.co.uk/id/7000000000029638,http://data.ordnancesurvey.co.uk/ontology/admingeo/UnitaryAuthority,Scotland,http://data.ordnancesurvey.co.uk/id/7000000000041429,Scotland,http://data.ordnancesurvey.co.uk/id/country/scotland,,,
PH201ED,http://data.ordnancesurvey.co.uk/id/postcodeunit/PH201ED,PH20 1ED,,,,other,Postcode,271422.000,799110.000,3500,18000,,,,,,,Newtonmore,http://data.ordnancesurvey.co.uk/id/4000000074549426,http://www.ordnancesurvey.co.uk/xml/codelists/localtype.xml#village,,,,Highland,http://data.ordnancesurvey.co.uk/id/7000000000029638,http://data.ordnancesurvey.co.uk/ontology/admingeo/UnitaryAuthority,Scotland,http://data.ordnancesurvey.co.uk/id/7000000000041429,Scotland,http://data.ordnancesurvey.co.uk/id/country/scotland,,,
PH201EF,http://data.ordnancesurvey.co.uk/id/postcodeunit/PH201EF,PH20 1EF,,,,other,Postcode,271054.000,798691.000,3500,18000,,,,,,,Newtonmore,http://data.ordnancesurvey.co.uk/id/4000000074549426,http://www.ordnancesurvey.co.uk/xml/codelists/localtype.xml#village,,,,Highland,http://data.ordnancesurvey.co.uk/id/7000000000029638,http://data.ordnancesurvey.co.uk/ontology/admingeo/UnitaryAuthority,Scotland,http://data.ordnancesurvey.co.uk/id/7000000000041429,Scotland,http://data.ordnancesurvey.co.uk/id/country/scotland,,,
PH201EG,http://data.ordnancesurvey.co.uk/id/postcodeunit/PH201EG,PH20 1EG,,,,other,Postcode,271256.000,798980.000,3500,18000,,,,,,,Newtonmore,http://data.ordnancesurvey.co.uk/id/4000000074549426,http://www.ordnancesurvey.co.uk/xml/codelists/localtype.xml#village,,,,Highland,http://data.ordnancesurvey.co.uk/id/7000000000029638,http://data.ordnancesurvey.co.uk/ontology/admingeo/UnitaryAuthority,Scotland,http://data.ordnancesurvey.co.uk/id/7000000000041429,Scotland,http://data.ordnancesurvey.co.uk/id/country/scotland,,,
PH201BA,http://data.ordnancesurvey.co.uk/id/postcodeunit/PH201BA,PH20 1BA,,,,other,Postcode,272282.000,799748.000,3500,18000,,,,,,,Newtonmore,http://data.ordnancesurvey.co.uk/id/4000000074549426,http://www.ordnancesurvey.co.uk/xml/codelists/localtype.xml#village,,,,Highland,http://data.ordnancesurvey.co.uk/id/7000000000029638,http://data.ordnancesurvey.co.uk/ontology/admingeo/UnitaryAuthority,Scotland,http://data.ordnancesurvey.co.uk/id/7000000000041429,Scotland,http://data.ordnancesurvey.co.uk/id/country/scotland,,,
PH191AB,http://data.ordnancesurvey.co.uk/id/postcodeunit/PH191AB,PH19 1AB,,,,other,Postcode,263697.000,784920.000,3500,18000,,,,,,,Dalwhinnie,http://data.ordnancesurvey.co.uk/id/4000000074549424,http://www.ordnancesurvey.co.uk/xml/codelists/localtype.xml#village,,,,Highland,http://data.ordnancesurvey.co.uk/id/7000000000029638,http://data.ordnancesurvey.co.uk/ontology/admingeo/UnitaryAuthority,Scotland,http://data.ordnancesurvey.co.uk/id/7000000000041429,Scotland,http://data.ordnancesurvey.co.uk/id/country/scotland,,,
PH211NZ,http://data.ordnancesurvey.co.uk/id/postcodeunit/PH211NZ,PH21 1NZ,,,,other,Postcode,276848.000,794849.000,3500,18000,,,,,,,,,,,,,Highland,http://data.ordnancesurvey.co.uk/id/7000000000029638,http://data.ordnancesurvey.co.uk/ontology/admingeo/UnitaryAuthority,Scotland,http://data.ordnancesurvey.co.uk/id/7000000000041429,Scotland,http://data.ordnancesurvey.co.uk/id/country/scotland,,,
PH201AN,http://data.ordnancesurvey.co.uk/id/postcodeunit/PH201AN,PH20 1AN,,,,other,Postcode,261264.000,794385.000,3500,18000,,,,,,,Gergask,http://data.ordnancesurvey.co.uk/id/4000000074549785,http://www.ordnancesurvey.co.uk/xml/codelists/localtype.xml#hamlet,,,,Highland,http://data.ordnancesurvey.co.uk/id/7000000000029638,http://data.ordnancesurvey.co.uk/ontology/admingeo/UnitaryAuthority,Scotland,http://data.ordnancesurvey.co.uk/id/7000000000041429,Scotland,http://data.ordnancesurvey.co.uk/id/country/scotland,,,
PH201AP,http://data.ordnancesurvey.co.uk/id/postcodeunit/PH201AP,PH20 1AP,,,,other,Postcode,271237.000,798828.000,3500,18000,,,,,,,Newtonmore,http://data.ordnancesurvey.co.uk/id/4000000074549426,http://www.ordnancesurvey.co.uk/xml/codelists/localtype.xml#village,,,,Highland,http://data.ordnancesurvey.co.uk/id/7000000000029638,http://data.ordnancesurvey.co.uk/ontology/admingeo/UnitaryAuthority,Scotland,http://data.ordnancesurvey.co.uk/id/7000000000041429,Scotland,http://data.ordnancesurvey.co.uk/id/country/scotland,,,
PH201EH,http://data.ordnancesurvey.co.uk/id/postcodeunit/PH201EH,PH20 1EH,,,,other,Postcode,271828.000,799566.000,3500,18000,,,,,,,Newtonmore,http://data.ordnancesurvey.co.uk/id/4000000074549426,http://www.ordnancesurvey.co.uk/xml/codelists/localtype.xml#village,,,,Highland,http://data.ordnancesurvey.co.uk/id/7000000000029638,http://data.ordnancesurvey.co.uk/ontology/admingeo/UnitaryAuthority,Scotland,http://data.ordnancesurvey.co.uk/id/7000000000041429,Scotland,http://data.ordnancesurvey.co.uk/id/country/scotland,,,
PH201BD,http://data.ordnancesurvey.co.uk/id/postcodeunit/PH201BD,PH20 1BD,,,,other,Postcode,270709.000,797424.000,3500,18000,,,,,,,,,,,,,Highland,http://data.ordnancesurvey.co.uk/id/7000000000029638,http://data.ordnancesurvey.co.uk/ontology/admingeo/UnitaryAuthority,Scotland,http://data.ordnancesurvey.co.uk/id/7000000000041429,Scotland,http://data.ordnancesurvey.co.uk/id/country/scotland,,,
PH201AQ,http://data.ordnancesurvey.co.uk/id/postcodeunit/PH201AQ,PH20 1AQ,,,,other,Postcode,272174.000,799575.000,3500,18000,,,,,,,Newtonmore,http://data.ordnancesurvey.co.uk/id/4000000074549426,http://www.ordnancesurvey.co.uk/xml/codelists/localtype.xml#village,,,,Highland,http://data.ordnancesurvey.co.uk/id/7000000000029638,http://data.ordnancesurvey.co.uk/ontology/admingeo/UnitaryAuthority,Scotland,http://data.ordnancesurvey.co.uk/id/7000000000041429,Scotland,http://data.ordnancesurvey.co.uk/id/country/scotland,,,
PH201BB,http://data.ordnancesurvey.co.uk/id/postcodeunit/PH201BB,PH20 1BB,,,,other,Postcode,271045.000,798606.000,3500,18000,,,,,,,Newtonmore,http://data.ordnancesurvey.co.uk/id/4000000074549426,http://www.ordnancesurvey.co.uk/xml/codelists/localtype.xml#village,,,,Highland,http://data.ordnancesurvey.co.uk/id/7000000000029638,http://data.ordnancesurvey.co.uk/ontology/admingeo/UnitaryAuthority,Scotland,http://data.ordnancesurvey.co.uk/id/7000000000041429,Scotland,http://data.ordnancesurvey.co.uk/id/country/scotland,,,
PH201DR,http://data.ordnancesurvey.co.uk/id/postcodeunit/PH201DR,PH20 1DR,,,,other,Postcode,271797.000,799382.000,3500,18000,,,,,,,Newtonmore,http://data.ordnancesurvey.co.uk/id/4000000074549426,http://www.ordnancesurvey.co.uk/xml/codelists/localtype.xml#village,,,,Highland,http://data.ordnancesurvey.co.uk/id/7000000000029638,http://data.ordnancesurvey.co.uk/ontology/admingeo/UnitaryAuthority,Scotland,http://data.ordnancesurvey.co.uk/id/7000000000041429,Scotland,http://data.ordnancesurvey.co.uk/id/country/scotland,,,
PH201DG,http://data.ordnancesurvey.co.uk/id/postcodeunit/PH201DG,PH20 1DG,,,,other,Postcode,271017.000,798909.000,3500,18000,,,,,,,Newtonmore,http://data.ordnancesurvey.co.uk/id/4000000074549426,http://www.ordnancesurvey.co.uk/xml/codelists/localtype.xml#village,,,,Highland,http://data.ordnancesurvey.co.uk/id/7000000000029638,http://data.ordnancesurvey.co.uk/ontology/admingeo/UnitaryAuthority,Scotland,http://data.ordnancesurvey.co.uk/id/7000000000041429,Scotland,http://data.ordnancesurvey.co.uk/id/country/scotland,,,
PH201EA,http://data.ordnancesurvey.co.uk/id/postcodeunit/PH201EA,PH20 1EA,,,,other,Postcode,271198.000,799244.000,3500,18000,,,,,,,Newtonmore,http://data.ordnancesurvey.co.uk/id/4000000074549426,http://www.ordnancesurvey.co.uk/xml/codelists/localtype.xml#village,,,,Highland,http://data.ordnancesurvey.co.uk/id/7000000000029638,http://data.ordnancesurvey.co.uk/ontology/admingeo/UnitaryAuthority,Scotland,http://data.ordnancesurvey.co.uk/id/7000000000041429,Scotland,http://data.ordnancesurvey.co.uk/id/country/scotland,,,
PH201AA,http://data.ordnancesurvey.co.uk/id/postcodeunit/PH201AA,PH20 1AA,,,,other,Postcode,271798.000,799401.000,3500,18000,,,,,,,Newtonmore,http://data.ordnancesurvey.co.uk/id/4000000074549426,http://www.ordnancesurvey.co.uk/xml/codelists/localtype.xml#village,,,,Highland,http://data.ordnancesurvey.co.uk/id/7000000000029638,http://data.ordnancesurvey.co.uk/ontology/admingeo/UnitaryAuthority,Scotland,http://data.ordnancesurvey.co.uk/id/7000000000041429,Scotland,http://data.ordnancesurvey.co.uk/id/country/scotland,,,
PH191AH,http://data.ordnancesurvey.co.uk/id/postcodeunit/PH191AH,PH19 1AH,,,,other,Postcode,263789.000,784928.000,3500,18000,,,,,,,Dalwhinnie,http://data.ordnancesurvey.co.uk/id/4000000074549424,http://www.ordnancesurvey.co.uk/xml/codelists/localtype.xml#village,,,,Highland,http://data.ordnancesurvey.co.uk/id/7000000000029638,http://data.ordnancesurvey.co.uk/ontology/admingeo/UnitaryAuthority,Scotland,http://data.ordnancesurvey.co.uk/id/7000000000041429,Scotland,http://data.ordnancesurvey.co.uk/id/country/scotland,,,
PH201DD,http://data.ordnancesurvey.co.uk/id/postcodeunit/PH201DD,PH20 1DD,,,,other,Postcode,271414.000,798977.000,3500,18000,,,,,,,Newtonmore,http://data.ordnancesurvey.co.uk/id/4000000074549426,http://www.ordnancesurvey.co.uk/xml/codelists/localtype.xml#village,,,,Highland,http://data.ordnancesurvey.co.uk/id/7000000000029638,http://data.ordnancesurvey.co.uk/ontology/admingeo/UnitaryAuthority,Scotland,http://data.ordnancesurvey.co.uk/id/7000000000041429,Scotland,http://data.ordnancesurvey.co.uk/id/country/scotland,,,
PH201AU,http://data.ordnancesurvey.co.uk/id/postcodeunit/PH201AU,PH20 1AU,,,,other,Postcode,271464.000,798971.000,3500,18000,,,,,,,Newtonmore,http://data.ordnancesurvey.co.uk/id/4000000074549426,http://www.ordnancesurvey.co.uk/xml/codelists/localtype.xml#village,,,,Highland,http://data.ordnancesurvey.co.uk/id/7000000000029638,http://data.ordnancesurvey.co.uk/ontology/admingeo/UnitaryAuthority,Scotland,http://data.ordnancesurvey.co.uk/id/7000000000041429,Scotland,http://data.ordnancesurvey.co.uk/id/country/scotland,,,
PH201EE,http://data.ordnancesurvey.co.uk/id/postcodeunit/PH201EE,PH20 1EE,,,,other,Postcode,271395.000,799172.000,3500,18000,,,,,,,Newtonmore,http://data.ordnancesurvey.co.uk/id/4000000074549426,http://www.ordnancesurvey.co.uk/xml/codelists/localtype.xml#village,,,,Highland,http://data.ordnancesurvey.co.uk/id/7000000000029638,http://data.ordnancesurvey.co.uk/ontology/admingeo/UnitaryAuthority,Scotland,http://data.ordnancesurvey.co.uk/id/7000000000041429,Scotland,http://data.ordnancesurvey.co.uk/id/country/scotland,,,
PH201AH,http://data.ordnancesurvey.co.uk/id/postcodeunit/PH201AH,PH20 1AH,,,,other,Postcode,261250.000,794469.000,3500,18000,,,,,,,Gergask,http://data.ordnancesurvey.co.uk/id/4000000074549785,http://www.ordnancesurvey.co.uk/xml/codelists/localtype.xml#hamlet,,,,Highland,http://data.ordnancesurvey.co.uk/id/7000000000029638,http://data.ordnancesurvey.co.uk/ontology/admingeo/UnitaryAuthority,Scotland,http://data.ordnancesurvey.co.uk/id/7000000000041429,Scotland,http://data.ordnancesurvey.co.uk/id/country/scotland,,,
PH201DW,http://data.ordnancesurvey.co.uk/id/postcodeunit/PH201DW,PH20 1DW,,,,other,Postcode,271939.000,799545.000,3500,18000,,,,,,,Newtonmore,http://data.ordnancesurvey.co.uk/id/4000000074549426,http://www.ordnancesurvey.co.uk/xml/codelists/localtype.xml#village,,,,Highland,http://data.ordnancesurvey.co.uk/id/7000000000029638,http://data.ordnancesurvey.co.uk/ontology/admingeo/UnitaryAuthority,Scotland,http://data.ordnancesurvey.co.uk/id/7000000000041429,Scotland,http://data.ordnancesurvey.co.uk/id/country/scotland,,,
PH201EB,http://data.ordnancesurvey.co.uk/id/postcodeunit/PH201EB,PH20 1EB,,,,other,Postcode,271235.000,799108.000,3500,18000,,,,,,,Newtonmore,http://data.ordnancesurvey.co.uk/id/4000000074549426,http://www.ordnancesurvey.co.uk/xml/codelists/localtype.xml#village,,,,Highland,http://data.ordnancesurvey.co.uk/id/7000000000029638,http://data.ordnancesurvey.co.uk/ontology/admingeo/UnitaryAuthority,Scotland,http://data.ordnancesurvey.co.uk/id/7000000000041429,Scotland,http://data.ordnancesurvey.co.uk/id/country/scotland,,,
PH201AL,http://data.ordnancesurvey.co.uk/id/postcodeunit/PH201AL,PH20 1AL,,,,other,Postcode,271597.000,798590.000,3500,18000,,,,,,,Newtonmore,http://data.ordnancesurvey.co.uk/id/4000000074549426,http://www.ordnancesurvey.co.uk/xml/codelists/localtype.xml#village,,,,Highland,http://data.ordnancesurvey.co.uk/id/7000000000029638,http://data.ordnancesurvey.co.uk/ontology/admingeo/UnitaryAuthority,Scotland,http://data.ordnancesurvey.co.uk/id/7000000000041429,Scotland,http://data.ordnancesurvey.co.uk/id/country/scotland,,,
PH201DU,http://data.ordnancesurvey.co.uk/id/postcodeunit/PH201DU,PH20 1DU,,,,other,Postcode,271791.000,799493.000,3500,18000,,,,,,,Newtonmore,http://data.ordnancesurvey.co.uk/id/4000000074549426,http://www.ordnancesurvey.co.uk/xml/codelists/localtype.xml#village,,,,Highland,http://data.ordnancesurvey.co.uk/id/7000000000029638,http://data.ordnancesurvey.co.uk/ontology/admingeo/UnitaryAuthority,Scotland,http://data.ordnancesurvey.co.uk/id/7000000000041429,Scotland,http://data.ordnancesurvey.co.uk/id/country/scotland,,,
PH201BH,http://data.ordnancesurvey.co.uk/id/postcodeunit/PH201BH,PH20 1BH,,,,other,Postcode,270988.000,799302.000,3500,18000,,,,,,,Newtonmore,http://data.ordnancesurvey.co.uk/id/4000000074549426,http://www.ordnancesurvey.co.uk/xml/codelists/localtype.xml#village,,,,Highland,http://data.ordnancesurvey.co.uk/id/7000000000029638,http://data.ordnancesurvey.co.uk/ontology/admingeo/UnitaryAuthority,Scotland,http://data.ordnancesurvey.co.uk/id/7000000000041429,Scotland,http://data.ordnancesurvey.co.uk/id/country/scotland,,,
PH211NR,http://data.ordnancesurvey.co.uk/id/postcodeunit/PH211NR,PH21 1NR,,,,other,Postcode,275536.000,799164.000,3500,18000,,,,,,,,,,,,,Highland,http://data.ordnancesurvey.co.uk/id/7000000000029638,http://data.ordnancesurvey.co.uk/ontology/admingeo/UnitaryAuthority,Scotland,http://data.ordnancesurvey.co.uk/id/7000000000041429,Scotland,http://data.ordnancesurvey.co.uk/id/country/scotland,,,
PH201DL,http://data.ordnancesurvey.co.uk/id/postcodeunit/PH201DL,PH20 1DL,,,,other,Postcode,271785.000,799332.000,3500,18000,,,,,,,Newtonmore,http://data.ordnancesurvey.co.uk/id/4000000074549426,http://www.ordnancesurvey.co.uk/xml/codelists/localtype.xml#village,,,,Highland,http://data.ordnancesurvey.co.uk/id/7000000000029638,http://data.ordnancesurvey.co.uk/ontology/admingeo/UnitaryAuthority,Scotland,http://data.ordnancesurvey.co.uk/id/7000000000041429,Scotland,http://data.ordnancesurvey.co.uk/id/country/scotland,,,
PH201DT,http://data.ordnancesurvey.co.uk/id/postcodeunit/PH201DT,PH20 1DT,,,,other,Postcode,271757.000,799386.000,3500,18000,,,,,,,Newtonmore,http://data.ordnancesurvey.co.uk/id/4000000074549426,http://www.ordnancesurvey.co.uk/xml/codelists/localtype.xml#village,,,,Highland,http://data.ordnancesurvey.co.uk/id/7000000000029638,http://data.ordnancesurvey.co.uk/ontology/admingeo/UnitaryAuthority,Scotland,http://data.ordnancesurvey.co.uk/id/7000000000041429,Scotland,http://data.ordnancesurvey.co.uk/id/country/scotland,,,
PH201DA,http://data.ordnancesurvey.co.uk/id/postcodeunit/PH201DA,PH20 1DA,,,,other,Postcode,271480.000,799083.000,3500,18000,,,,,,,Newtonmore,http://data.ordnancesurvey.co.uk/id/4000000074549426,http://www.ordnancesurvey.co.uk/xml/codelists/localtype.xml#village,,,,Highland,http://data.ordnancesurvey.co.uk/id/7000000000029638,http://data.ordnancesurvey.co.uk/ontology/admingeo/UnitaryAuthority,Scotland,http://data.ordnancesurvey.co.uk/id/7000000000041429,Scotland,http://data.ordnancesurvey.co.uk/id/country/scotland,,,
PH201DF,http://data.ordnancesurvey.co.uk/id/postcodeunit/PH201DF,PH20 1DF,,,,other,Postcode,271291.000,798975.000,3500,18000,,,,,,,Newtonmore,http://data.ordnancesurvey.co.uk/id/4000000074549426,http://www.ordnancesurvey.co.uk/xml/codelists/localtype.xml#village,,,,Highland,http://data.ordnancesurvey.co.uk/id/7000000000029638,http://data.ordnancesurvey.co.uk/ontology/admingeo/UnitaryAuthority,Scotland,http://data.ordnancesurvey.co.uk/id/7000000000041429,Scotland,http://data.ordnancesurvey.co.uk/id/country/scotland,,,
PH201AT,http://data.ordnancesurvey.co.uk/id/postcodeunit/PH201AT,PH20 1AT,,,,other,Postcode,271623.000,798991.000,3500,18000,,,,,,,Newtonmore,http://data.ordnancesurvey.co.uk/id/4000000074549426,http://www.ordnancesurvey.co.uk/xml/codelists/localtype.xml#village,,,,Highland,http://data.ordnancesurvey.co.uk/id/7000000000029638,http://data.ordnancesurvey.co.uk/ontology/admingeo/UnitaryAuthority,Scotland,http://data.ordnancesurvey.co.uk/id/7000000000041429,Scotland,http://data.ordnancesurvey.co.uk/id/country/scotland,,,
PH191AG,http://data.ordnancesurvey.co.uk/id/postcodeunit/PH191AG,PH19 1AG,,,,other,Postcode,263691.000,784265.000,3500,18000,,,,,,,Dalwhinnie,http://data.ordnancesurvey.co.uk/id/4000000074549424,http://www.ordnancesurvey.co.uk/xml/codelists/localtype.xml#village,,,,Highland,http://data.ordnancesurvey.co.uk/id/7000000000029638,http://data.ordnancesurvey.co.uk/ontology/admingeo/UnitaryAuthority,Scotland,http://data.ordnancesurvey.co.uk/id/7000000000041429,Scotland,http://data.ordnancesurvey.co.uk/id/country/scotland,,,
PH201BP,http://data.ordnancesurvey.co.uk/id/postcodeunit/PH201BP,PH20 1BP,,,,other,Postcode,270407.000,798725.000,3500,18000,,,,,,,Newtonmore,http://data.ordnancesurvey.co.uk/id/4000000074549426,http://www.ordnancesurvey.co.uk/xml/codelists/localtype.xml#village,,,,Highland,http://data.ordnancesurvey.co.uk/id/7000000000029638,http://data.ordnancesurvey.co.uk/ontology/admingeo/UnitaryAuthority,Scotland,http://data.ordnancesurvey.co.uk/id/7000000000041429,Scotland,http://data.ordnancesurvey.co.uk/id/country/scotland,,,
PH201AY,http://data.ordnancesurvey.co.uk/id/postcodeunit/PH201AY,PH20 1AY,,,,other,Postcode,272441.000,799617.000,3500,18000,,,,,,,Newtonmore,http://data.ordnancesurvey.co.uk/id/4000000074549426,http://www.ordnancesurvey.co.uk/xml/codelists/localtype.xml#village,,,,Highland,http://data.ordnancesurvey.co.uk/id/7000000000029638,http://data.ordnancesurvey.co.uk/ontology/admingeo/UnitaryAuthority,Scotland,http://data.ordnancesurvey.co.uk/id/7000000000041429,Scotland,http://data.ordnancesurvey.co.uk/id/country/scotland,,,
PH191AF,http://data.ordnancesurvey.co.uk/id/postcodeunit/PH191AF,PH19 1AF,,,,other,Postcode,263662.000,784158.000,3500,18000,,,,,,,Dalwhinnie,http://data.ordnancesurvey.co.uk/id/4000000074549424,http://www.ordnancesurvey.co.uk/xml/codelists/localtype.xml#village,,,,Highland,http://data.ordnancesurvey.co.uk/id/7000000000029638,http://data.ordnancesurvey.co.uk/ontology/admingeo/UnitaryAuthority,Scotland,http://data.ordnancesurvey.co.uk/id/7000000000041429,Scotland,http://data.ordnancesurvey.co.uk/id/country/scotland,,,
PH201DQ,http://data.ordnancesurvey.co.uk/id/postcodeunit/PH201DQ,PH20 1DQ,,,,other,Postcode,271157.000,798873.000,3500,18000,,,,,,,Newtonmore,http://data.ordnancesurvey.co.uk/id/4000000074549426,http://www.ordnancesurvey.co.uk/xml/codelists/localtype.xml#village,,,,Highland,http://data.ordnancesurvey.co.uk/id/7000000000029638,http://data.ordnancesurvey.co.uk/ontology/admingeo/UnitaryAuthority,Scotland,http://data.ordnancesurvey.co.uk/id/7000000000041429,Scotland,http://data.ordnancesurvey.co.uk/id/country/scotland,,,
osgb4000000004305281,http://data.ordnancesurvey.co.uk/id/4000000004305281,Ben Alder Road,,,,transportNetwork,Named Road,263398.538,784777.324,2000,20000,263362.000,784623.000,263465.114,784904.340,PH19,http://data.ordnancesurvey.co.uk/id/postcodedistrict/PH19,Dalwhinnie,http://data.ordnancesurvey.co.uk/id/4000000074549424,http://www.ordnancesurvey.co.uk/xml/codelists/localtype.xml#village,,,,Highland,http://data.ordnancesurvey.co.uk/id/7000000000029638,http://data.ordnancesurvey.co.uk/ontology/admingeo/UnitaryAuthority,Scotland,http://data.ordnancesurvey.co.uk/id/7000000000041429,Scotland,http://data.ordnancesurvey.co.uk/id/country/scotland,,,
osgb4000000004307787,http://data.ordnancesurvey.co.uk/id/4000000004307787,A889,,,,transportNetwork,Numbered Road,263625.000,787871.000,71000,1000000,261359.000,782867.000,264244.000,793736.000,PH19,http://data.ordnancesurvey.co.uk/id/postcodedistrict/PH19,,,,,,,Highland,http://data.ordnancesurvey.co.uk/id/7000000000029638,http://data.ordnancesurvey.co.uk/ontology/admingeo/UnitaryAuthority,Scotland,http://data.ordnancesurvey.co.uk/id/7000000000041429,Scotland,http://data.ordnancesurvey.co.uk/id/country/scotland,,,
ad48a45d-54c1-44fe-8f35-efa06fd80191,http://data.ordnancesurvey.co.uk/id/ad48a45d-54c1-44fe-8f35-efa06fd80191,Main Street,,,,transportNetwork,Section Of Named Road,272000.000,799417.000,9000,25000,271326.202,798948.302,272702.153,799722.497,PH20,http://data.ordnancesurvey.co.uk/id/postcodedistrict/PH20,Newtonmore,http://data.ordnancesurvey.co.uk/id/4000000074549426,http://www.ordnancesurvey.co.uk/xml/codelists/localtype.xml#village,,,,Highland,http://data.ordnancesurvey.co.uk/id/7000000000029638,http://data.ordnancesurvey.co.uk/ontology/admingeo/UnitaryAuthority,Scotland,http://data.ordnancesurvey.co.uk/id/7000000000041429,Scotland,http://data.ordnancesurvey.co.uk/id/country/scotland,osgb4000000004305094,,
8ea43391-40fb-45dd-9c9c-4608a6892f48,http://data.ordnancesurvey.co.uk/id/8ea43391-40fb-45dd-9c9c-4608a6892f48,Golf Course Road,,,,transportNetwork,Section Of Named Road,271625.038,798898.664,4000,25000,271413.000,798564.000,272066.518,799177.039,PH20,http://data.ordnancesurvey.co.uk/id/postcodedistrict/PH20,Newtonmore,http://data.ordnancesurvey.co.uk/id/4000000074549426,http://www.ordnancesurvey.co.uk/xml/codelists/localtype.xml#village,,,,Highland,http://data.ordnancesurvey.co.uk/id/7000000000029638,http://data.ordnancesurvey.co.uk/ontology/admingeo/UnitaryAuthority,Scotland,http://data.ordnancesurvey.co.uk/id/7000000000041429,Scotland,http://data.ordnancesurvey.co.uk/id/country/scotland,osgb4000000004305095,,
osgb4000000004306797,http://data.ordnancesurvey.co.uk/id/4000000004306797,Loch Na Leoba Road,,,,transportNetwork,Named Road,271060.793,799051.375,1000,20000,270941.510,798899.180,271166.343,799073.292,PH20,http://data.ordnancesurvey.co.uk/id/postcodedistrict/PH20,Newtonmore,http://data.ordnancesurvey.co.uk/id/4000000074549426,http://www.ordnancesurvey.co.uk/xml/codelists/localtype.xml#village,,,,Highland,http://data.ordnancesurvey.co.uk/id/7000000000029638,http://data.ordnancesurvey.co.uk/ontology/admingeo/UnitaryAuthority,Scotland,http://data.ordnancesurvey.co.uk/id/7000000000041429,Scotland,http://data.ordnancesurvey.co.uk/id/country/scotland,,,
osgb4000000004305870,http://data.ordnancesurvey.co.uk/id/4000000004305870,Braeside Place,,,,transportNetwork,Named Road,271941.852,799520.020,1000,20000,271867.139,799485.326,271996.956,799538.832,PH20,http://data.ordnancesurvey.co.uk/id/postcodedistrict/PH20,Newtonmore,http://data.ordnancesurvey.co.uk/id/4000000074549426,http://www.ordnancesurvey.co.uk/xml/codelists/localtype.xml#village,,,,Highland,http://data.ordnancesurvey.co.uk/id/7000000000029638,http://data.ordnancesurvey.co.uk/ontology/admingeo/UnitaryAuthority,Scotland,http://data.ordnancesurvey.co.uk/id/7000000000041429,Scotland,http://data.ordnancesurvey.co.uk/id/country/scotland,,,
osgb4000000004305091,http://data.ordnancesurvey.co.uk/id/4000000004305091,Sgriob Ruadh,,,,transportNetwork,Named Road,264194.000,789589.000,5000,20000,264140.000,789217.000,264244.000,789962.000,PH20,http://data.ordnancesurvey.co.uk/id/postcodedistrict/PH20,,,,,,,Highland,http://data.ordnancesurvey.co.uk/id/7000000000029638,http://data.ordnancesurvey.co.uk/ontology/admingeo/UnitaryAuthority,Scotland,http://data.ordnancesurvey.co.uk/id/7000000000041429,Scotland,http://data.ordnancesurvey.co.uk/id/country/scotland,,,
ef0859f1-8256-4125-91ff-e9838b205db5,http://data.ordnancesurvey.co.uk/id/ef0859f1-8256-4125-91ff-e9838b205db5,Strone Road,,,,transportNetwork,Section Of Named Road,272238.000,799650.000,2000,25000,272229.854,799517.000,272259.000,799768.886,PH20,http://data.ordnancesurvey.co.uk/id/postcodedistrict/PH20,Newtonmore,http://data.ordnancesurvey.co.uk/id/4000000074549426,http://www.ordnancesurvey.co.uk/xml/codelists/localtype.xml#village,,,,Highland,http://data.ordnancesurvey.co.uk/id/7000000000029638,http://data.ordnancesurvey.co.uk/ontology/admingeo/UnitaryAuthority,Scotland,http://data.ordnancesurvey.co.uk/id/7000000000041429,Scotland,http://data.ordnancesurvey.co.uk/id/country/scotland,osgb4000000003531003,,
osgb4000000004305868,http://data.ordnancesurvey.co.uk/id/4000000004305868,Craigmhor Road,,,,transportNetwork,Named Road,271585.700,798725.338,1000,20000,271535.075,798697.513,271611.000,798767.713,PH20,http://data.ordnancesurvey.co.uk/id/postcodedistrict/PH20,Newtonmore,http://data.ordnancesurvey.co.uk/id/4000000074549426,http://www.ordnancesurvey.co.uk/xml/codelists/localtype.xml#village,,,,Highland,http://data.ordnancesurvey.co.uk/id/7000000000029638,http://data.ordnancesurvey.co.uk/ontology/admingeo/UnitaryAuthority,Scotland,http://data.ordnancesurvey.co.uk/id/7000000000041429,Scotland,http://data.ordnancesurvey.co.uk/id/country/scotland,,,
osgb4000000004311672,http://data.ordnancesurvey.co.uk/id/4000000004311672,Ridewood Grove,,,,transportNetwork,Named Road,272186.969,799582.667,1000,20000,272138.106,799546.828,272212.758,799590.032,PH20,http://data.ordnancesurvey.co.uk/id/postcodedistrict/PH20,Newtonmore,http://data.ordnancesurvey.co.uk/id/4000000074549426,http://www.ordnancesurvey.co.uk/xml/codelists/localtype.xml#village,,,,Highland,http://data.ordnancesurvey.co.uk/id/7000000000029638,http://data.ordnancesurvey.co.uk/ontology/admingeo/UnitaryAuthority,Scotland,http://data.ordnancesurvey.co.uk/id/7000000000041429,Scotland,http://data.ordnancesurvey.co.uk/id/country/scotland,,,
osgb4000000004305283,http://data.ordnancesurvey.co.uk/id/4000000004305283,Craigdhu Road,,,,transportNetwork,Named Road,271393.850,799102.775,2000,20000,271263.995,799018.100,271523.298,799209.641,PH20,http://data.ordnancesurvey.co.uk/id/postcodedistrict/PH20,Newtonmore,http://data.ordnancesurvey.co.uk/id/4000000074549426,http://www.ordnancesurvey.co.uk/xml/codelists/localtype.xml#village,,,,Highland,http://data.ordnancesurvey.co.uk/id/7000000000029638,http://data.ordnancesurvey.co.uk/ontology/admingeo/UnitaryAuthority,Scotland,http://data.ordnancesurvey.co.uk/id/7000000000041429,Scotland,http://data.ordnancesurvey.co.uk/id/country/scotland,,,
osgb4000000004305094,http://data.ordnancesurvey.co.uk/id/4000000004305094,Main Street,,,,transportNetwork,Named Road,272048.000,799436.000,10000,20000,271326.202,798948.302,272879.000,799865.000,PH20,http://data.ordnancesurvey.co.uk/id/postcodedistrict/PH20,Newtonmore,http://data.ordnancesurvey.co.uk/id/4000000074549426,http://www.ordnancesurvey.co.uk/xml/codelists/localtype.xml#village,,,,Highland,http://data.ordnancesurvey.co.uk/id/7000000000029638,http://data.ordnancesurvey.co.uk/ontology/admingeo/UnitaryAuthority,Scotland,http://data.ordnancesurvey.co.uk/id/7000000000041429,Scotland,http://data.ordnancesurvey.co.uk/id/country/scotland,,,
osgb4000000004305561,http://data.ordnancesurvey.co.uk/id/4000000004305561,St Brides Avenue,,,,transportNetwork,Named Road,271420.051,799173.153,1000,20000,271336.085,799126.150,271500.674,799235.693,PH20,http://data.ordnancesurvey.co.uk/id/postcodedistrict/PH20,Newtonmore,http://data.ordnancesurvey.co.uk/id/4000000074549426,http://www.ordnancesurvey.co.uk/xml/codelists/localtype.xml#village,,,,Highland,http://data.ordnancesurvey.co.uk/id/7000000000029638,http://data.ordnancesurvey.co.uk/ontology/admingeo/UnitaryAuthority,Scotland,http://data.ordnancesurvey.co.uk/id/7000000000041429,Scotland,http://data.ordnancesurvey.co.uk/id/country/scotland,,,
osgb4000000004305284,http://data.ordnancesurvey.co.uk/id/4000000004305284,Clune Terrace,,,,transportNetwork,Named Road,271596.000,799495.000,3000,20000,271370.651,799370.759,271851.000,799528.000,PH20,http://data.ordnancesurvey.co.uk/id/postcodedistrict/PH20,Newtonmore,http://data.ordnancesurvey.co.uk/id/4000000074549426,http://www.ordnancesurvey.co.uk/xml/codelists/localtype.xml#village,,,,Highland,http://data.ordnancesurvey.co.uk/id/7000000000029638,http://data.ordnancesurvey.co.uk/ontology/admingeo/UnitaryAuthority,Scotland,http://data.ordnancesurvey.co.uk/id/7000000000041429,Scotland,http://data.ordnancesurvey.co.uk/id/country/scotland,,,
osgb4000000004306798,http://data.ordnancesurvey.co.uk/id/4000000004306798,Loch Na Leoba Place,,,,transportNetwork,Named Road,271150.343,799005.833,1000,20000,271150.343,799005.833,271221.543,799032.433,PH20,http://data.ordnancesurvey.co.uk/id/postcodedistrict/PH20,Newtonmore,http://data.ordnancesurvey.co.uk/id/4000000074549426,http://www.ordnancesurvey.co.uk/xml/codelists/localtype.xml#village,,,,Highland,http://data.ordnancesurvey.co.uk/id/7000000000029638,http://data.ordnancesurvey.co.uk/ontology/admingeo/UnitaryAuthority,Scotland,http://data.ordnancesurvey.co.uk/id/7000000000041429,Scotland,http://data.ordnancesurvey.co.uk/id/country/scotland,,,
osgb4000000004305869,http://data.ordnancesurvey.co.uk/id/4000000004305869,Glen Road,,,,transportNetwork,Named Road,271171.413,799233.414,5000,20000,270775.000,799146.000,271572.000,799338.000,PH20,http://data.ordnancesurvey.co.uk/id/postcodedistrict/PH20,Newtonmore,http://data.ordnancesurvey.co.uk/id/4000000074549426,http://www.ordnancesurvey.co.uk/xml/codelists/localtype.xml#village,,,,Highland,http://data.ordnancesurvey.co.uk/id/7000000000029638,http://data.ordnancesurvey.co.uk/ontology/admingeo/UnitaryAuthority,Scotland,http://data.ordnancesurvey.co.uk/id/7000000000041429,Scotland,http://data.ordnancesurvey.co.uk/id/country/scotland,,,
osgb4000000004305039,http://data.ordnancesurvey.co.uk/id/4000000004305039,Bruthach Druim An Lagain,,,,transportNetwork,Named Road,263639.000,786070.000,6000,20000,263601.000,785663.000,263984.000,786521.000,PH19,http://data.ordnancesurvey.co.uk/id/postcodedistrict/PH19,,,,,,,Highland,http://data.ordnancesurvey.co.uk/id/7000000000029638,http://data.ordnancesurvey.co.uk/ontology/admingeo/UnitaryAuthority,Scotland,http://data.ordnancesurvey.co.uk/id/7000000000041429,Scotland,http://data.ordnancesurvey.co.uk/id/country/scotland,,,
osgb4000000004305285,http://data.ordnancesurvey.co.uk/id/4000000004305285,Church Terrace,,,,transportNetwork,Named Road,271806.000,799419.000,4000,20000,271523.298,799209.641,272171.495,799558.415,PH20,http://data.ordnancesurvey.co.uk/id/postcodedistrict/PH20,Newtonmore,http://data.ordnancesurvey.co.uk/id/4000000074549426,http://www.ordnancesurvey.co.uk/xml/codelists/localtype.xml#village,,,,Highland,http://data.ordnancesurvey.co.uk/id/7000000000029638,http://data.ordnancesurvey.co.uk/ontology/admingeo/UnitaryAuthority,Scotland,http://data.ordnancesurvey.co.uk/id/7000000000041429,Scotland,http://data.ordnancesurvey.co.uk/id/country/scotland,,,
osgb4000000004305867,http://data.ordnancesurvey.co.uk/id/4000000004305867,Curley's Lane,,,,transportNetwork,Named Road,271529.000,798956.000,1000,20000,271440.000,798929.914,271637.163,799040.000,PH20,http://data.ordnancesurvey.co.uk/id/postcodedistrict/PH20,Newtonmore,http://data.ordnancesurvey.co.uk/id/4000000074549426,http://www.ordnancesurvey.co.uk/xml/codelists/localtype.xml#village,,,,Highland,http://data.ordnancesurvey.co.uk/id/7000000000029638,http://data.ordnancesurvey.co.uk/ontology/admingeo/UnitaryAuthority,Scotland,http://data.ordnancesurvey.co.uk/id/7000000000041429,Scotland,http://data.ordnancesurvey.co.uk/id/country/scotland,,,
osgb4000000004322521,http://data.ordnancesurvey.co.uk/id/4000000004322521,Trium View,,,,transportNetwork,Named Road,263817.969,784956.561,1000,20000,263753.081,784910.037,263819.844,785004.248,PH19,http://data.ordnancesurvey.co.uk/id/postcodedistrict/PH19,Dalwhinnie,http://data.ordnancesurvey.co.uk/id/4000000074549424,http://www.ordnancesurvey.co.uk/xml/codelists/localtype.xml#village,,,,Highland,http://data.ordnancesurvey.co.uk/id/7000000000029638,http://data.ordnancesurvey.co.uk/ontology/admingeo/UnitaryAuthority,Scotland,http://data.ordnancesurvey.co.uk/id/7000000000041429,Scotland,http://data.ordnancesurvey.co.uk/id/country/scotland,,,
osgb4000000004305095,http://data.ordnancesurvey.co.uk/id/4000000004305095,Golf Course Road,,,,transportNetwork,Named Road,271659.538,798997.789,5000,20000,271413.000,798564.000,272222.163,799240.726,PH20,http://data.ordnancesurvey.co.uk/id/postcodedistrict/PH20,Newtonmore,http://data.ordnancesurvey.co.uk/id/4000000074549426,http://www.ordnancesurvey.co.uk/xml/codelists/localtype.xml#village,,,,Highland,http://data.ordnancesurvey.co.uk/id/7000000000029638,http://data.ordnancesurvey.co.uk/ontology/admingeo/UnitaryAuthority,Scotland,http://data.ordnancesurvey.co.uk/id/7000000000041429,Scotland,http://data.ordnancesurvey.co.uk/id/country/scotland,,,
osgb4000000004305986,http://data.ordnancesurvey.co.uk/id/4000000004305986,Laggan Road,,,,transportNetwork,Named Road,270946.000,798833.000,5000,20000,270569.000,798651.000,271326.202,798948.302,PH20,http://data.ordnancesurvey.co.uk/id/postcodedistrict/PH20,Newtonmore,http://data.ordnancesurvey.co.uk/id/4000000074549426,http://www.ordnancesurvey.co.uk/xml/codelists/localtype.xml#village,,,,Highland,http://data.ordnancesurvey.co.uk/id/7000000000029638,http://data.ordnancesurvey.co.uk/ontology/admingeo/UnitaryAuthority,Scotland,http://data.ordnancesurvey.co.uk/id/7000000000041429,Scotland,http://data.ordnancesurvey.co.uk/id/country/scotland,,,
osgb4000000004305865,http://data.ordnancesurvey.co.uk/id/4000000004305865,Gergask Avenue,,,,transportNetwork,Named Road,261246.000,794398.000,1000,20000,261214.600,794342.000,261303.000,794452.800,PH20,http://data.ordnancesurvey.co.uk/id/postcodedistrict/PH20,Gergask,http://data.ordnancesurvey.co.uk/id/4000000074549785,http://www.ordnancesurvey.co.uk/xml/codelists/localtype.xml#hamlet,,,,Highland,http://data.ordnancesurvey.co.uk/id/7000000000029638,http://data.ordnancesurvey.co.uk/ontology/admingeo/UnitaryAuthority,Scotland,http://data.ordnancesurvey.co.uk/id/7000000000041429,Scotland,http://data.ordnancesurvey.co.uk/id/country/scotland,,,
osgb4000000003531003,http://data.ordnancesurvey.co.uk/id/4000000003531003,Strone Road,,,,transportNetwork,Named Road,272249.000,799833.000,4000,20000,272229.000,799517.000,272313.000,800093.000,PH20,http://data.ordnancesurvey.co.uk/id/postcodedistrict/PH20,,,,,,,Highland,http://data.ordnancesurvey.co.uk/id/7000000000029638,http://data.ordnancesurvey.co.uk/ontology/admingeo/UnitaryAuthority,Scotland,http://data.ordnancesurvey.co.uk/id/7000000000041429,Scotland,http://data.ordnancesurvey.co.uk/id/country/scotland,,,
osgb4000000004305092,http://data.ordnancesurvey.co.uk/id/4000000004305092,Perth Road,,,,transportNetwork,Named Road,271032.000,798513.000,6000,20000,270856.000,798017.000,271326.202,798948.302,PH20,http://data.ordnancesurvey.co.uk/id/postcodedistrict/PH20,Newtonmore,http://data.ordnancesurvey.co.uk/id/4000000074549426,http://www.ordnancesurvey.co.uk/xml/codelists/localtype.xml#village,,,,Highland,http://data.ordnancesurvey.co.uk/id/7000000000029638,http://data.ordnancesurvey.co.uk/ontology/admingeo/UnitaryAuthority,Scotland,http://data.ordnancesurvey.co.uk/id/7000000000041429,Scotland,http://data.ordnancesurvey.co.uk/id/country/scotland,,,
osgb4000000004305093,http://data.ordnancesurvey.co.uk/id/4000000004305093,Station Road,,,,transportNetwork,Named Road,271270.000,798688.000,4000,20000,270959.000,798444.950,271586.000,798834.000,PH20,http://data.ordnancesurvey.co.uk/id/postcodedistrict/PH20,Newtonmore,http://data.ordnancesurvey.co.uk/id/4000000074549426,http://www.ordnancesurvey.co.uk/xml/codelists/localtype.xml#village,,,,Highland,http://data.ordnancesurvey.co.uk/id/7000000000029638,http://data.ordnancesurvey.co.uk/ontology/admingeo/UnitaryAuthority,Scotland,http://data.ordnancesurvey.co.uk/id/7000000000041429,Scotland,http://data.ordnancesurvey.co.uk/id/country/scotland,,,
osgb4000000004311671,http://data.ordnancesurvey.co.uk/id/4000000004311671,Woodside Avenue,,,,transportNetwork,Named Road,271386.000,798658.000,1000,20000,271354.000,798616.000,271422.163,798705.476,PH20,http://data.ordnancesurvey.co.uk/id/postcodedistrict/PH20,Newtonmore,http://data.ordnancesurvey.co.uk/id/4000000074549426,http://www.ordnancesurvey.co.uk/xml/codelists/localtype.xml#village,,,,Highland,http://data.ordnancesurvey.co.uk/id/7000000000029638,http://data.ordnancesurvey.co.uk/ontology/admingeo/UnitaryAuthority,Scotland,http://data.ordnancesurvey.co.uk/id/7000000000041429,Scotland,http://data.ordnancesurvey.co.uk/id/country/scotland,,,
PH191AA,http://data.ordnancesurvey.co.uk/id/postcodeunit/PH191AA,PH19 1AA,,,,other,Postcode,263854.000,785434.000,3500,18000,,,,,,,Dalwhinnie,http://data.ordnancesurvey.co.uk/id/4000000074549424,http://www.ordnancesurvey.co.uk/xml/codelists/localtype.xml#village,,,,Highland,http://data.ordnancesurvey.co.uk/id/7000000000029638,http://data.ordnancesurvey.co.uk/ontology/admingeo/UnitaryAuthority,Scotland,http://data.ordnancesurvey.co.uk/id/7000000000041429,Scotland,http://data.ordnancesurvey.co.uk/id/country/scotland,,,
PH201BS,http://data.ordnancesurvey.co.uk/id/postcodeunit/PH201BS,PH20 1BS,,,,other,Postcode,263976.000,794365.000,3500,18000,,,,,,,Balgowan,http://data.ordnancesurvey.co.uk/id/4000000074334521,http://www.ordnancesurvey.co.uk/xml/codelists/localtype.xml#otherSettlement,,,,Highland,http://data.ordnancesurvey.co.uk/id/7000000000029638,http://data.ordnancesurvey.co.uk/ontology/admingeo/UnitaryAuthority,Scotland,http://data.ordnancesurvey.co.uk/id/7000000000041429,Scotland,http://data.ordnancesurvey.co.uk/id/country/scotland,,,
PH191AD,http://data.ordnancesurvey.co.uk/id/postcodeunit/PH191AD,PH19 1AD,,,,other,Postcode,263400.000,784737.000,3500,18000,,,,,,,Dalwhinnie,http://data.ordnancesurvey.co.uk/id/4000000074549424,http://www.ordnancesurvey.co.uk/xml/codelists/localtype.xml#village,,,,Highland,http://data.ordnancesurvey.co.uk/id/7000000000029638,http://data.ordnancesurvey.co.uk/ontology/admingeo/UnitaryAuthority,Scotland,http://data.ordnancesurvey.co.uk/id/7000000000041429,Scotland,http://data.ordnancesurvey.co.uk/id/country/scotland,,,
PH201BJ,http://data.ordnancesurvey.co.uk/id/postcodeunit/PH201BJ,PH20 1BJ,,,,other,Postcode,271266.000,799074.000,3500,18000,,,,,,,Newtonmore,http://data.ordnancesurvey.co.uk/id/4000000074549426,http://www.ordnancesurvey.co.uk/xml/codelists/localtype.xml#village,,,,Highland,http://data.ordnancesurvey.co.uk/id/7000000000029638,http://data.ordnancesurvey.co.uk/ontology/admingeo/UnitaryAuthority,Scotland,http://data.ordnancesurvey.co.uk/id/7000000000041429,Scotland,http://data.ordnancesurvey.co.uk/id/country/scotland,,,
652ad7b0-e927-4b54-9fae-aa30750deafb,http://data.ordnancesurvey.co.uk/id/652ad7b0-e927-4b54-9fae-aa30750deafb,Laggan Road,,,,transportNetwork,Section Of Named Road,270959.000,798834.000,5000,25000,270601.173,798703.564,271326.202,798948.302,PH20,http://data.ordnancesurvey.co.uk/id/postcodedistrict/PH20,Newtonmore,http://data.ordnancesurvey.co.uk/id/4000000074549426,http://www.ordnancesurvey.co.uk/xml/codelists/localtype.xml#village,,,,Highland,http://data.ordnancesurvey.co.uk/id/7000000000029638,http://data.ordnancesurvey.co.uk/ontology/admingeo/UnitaryAuthority,Scotland,http://data.ordnancesurvey.co.uk/id/7000000000041429,Scotland,http://data.ordnancesurvey.co.uk/id/country/scotland,osgb4000000004305986,,
osgb4000000004306072,http://data.ordnancesurvey.co.uk/id/4000000004306072,B9150,,,,transportNetwork,Numbered Road,270886.000,797964.000,12000,250000,270394.000,797008.000,271292.913,798921.164,PH20,http://data.ordnancesurvey.co.uk/id/postcodedistrict/PH20,Newtonmore,http://data.ordnancesurvey.co.uk/id/4000000074549426,http://www.ordnancesurvey.co.uk/xml/codelists/localtype.xml#village,,,,Highland,http://data.ordnancesurvey.co.uk/id/7000000000029638,http://data.ordnancesurvey.co.uk/ontology/admingeo/UnitaryAuthority,Scotland,http://data.ordnancesurvey.co.uk/id/7000000000041429,Scotland,http://data.ordnancesurvey.co.uk/id/country/scotland,,,
osgb4000000004305282,http://data.ordnancesurvey.co.uk/id/4000000004305282,Old Glen Road,,,,transportNetwork,Named Road,271290.275,799097.862,2000,20000,271171.413,798989.000,271377.000,799233.414,PH20,http://data.ordnancesurvey.co.uk/id/postcodedistrict/PH20,Newtonmore,http://data.ordnancesurvey.co.uk/id/4000000074549426,http://www.ordnancesurvey.co.uk/xml/codelists/localtype.xml#village,,,,Highland,http://data.ordnancesurvey.co.uk/id/7000000000029638,http://data.ordnancesurvey.co.uk/ontology/admingeo/UnitaryAuthority,Scotland,http://data.ordnancesurvey.co.uk/id/7000000000041429,Scotland,http://data.ordnancesurvey.co.uk/id/country/scotland,,,
osgb4000000004305866,http://data.ordnancesurvey.co.uk/id/4000000004305866,St Columba Road,,,,transportNetwork,Named Road,271054.000,798674.000,1000,20000,271042.000,798648.726,271101.163,798724.645,PH20,http://data.ordnancesurvey.co.uk/id/postcodedistrict/PH20,Newtonmore,http://data.ordnancesurvey.co.uk/id/4000000074549426,http://www.ordnancesurvey.co.uk/xml/codelists/localtype.xml#village,,,,Highland,http://data.ordnancesurvey.co.uk/id/7000000000029638,http://data.ordnancesurvey.co.uk/ontology/admingeo/UnitaryAuthority,Scotland,http://data.ordnancesurvey.co.uk/id/7000000000041429,Scotland,http://data.ordnancesurvey.co.uk/id/country/scotland,,,
