﻿osgb4000000074334456,http://data.ordnancesurvey.co.uk/id/4000000074334456,Strathtummel,,,,populatedPlace,Other Settlement,281923.950,760167.730,15000,25000,281040.440,759757.841,282225.032,760711.078,PH16,http://data.ordnancesurvey.co.uk/id/postcodedistrict/PH16,,,,,,,Perth and Kinross,http://data.ordnancesurvey.co.uk/id/7000000000030110,http://data.ordnancesurvey.co.uk/ontology/admingeo/UnitaryAuthority,Scotland,http://data.ordnancesurvey.co.uk/id/7000000000041429,Scotland,http://data.ordnancesurvey.co.uk/id/country/scotland,,,
osgb4000000074548665,http://data.ordnancesurvey.co.uk/id/4000000074548665,Blair Atholl,,,,populatedPlace,Village,287136.000,765351.000,16000,250000,286497.879,764560.956,288853.130,766993.610,PH18,http://data.ordnancesurvey.co.uk/id/postcodedistrict/PH18,,,,,,,Perth and Kinross,http://data.ordnancesurvey.co.uk/id/7000000000030110,http://data.ordnancesurvey.co.uk/ontology/admingeo/UnitaryAuthority,Scotland,http://data.ordnancesurvey.co.uk/id/7000000000041429,Scotland,http://data.ordnancesurvey.co.uk/id/country/scotland,,http://dbpedia.org/resource/Blair_Atholl,http://sws.geonames.org/2655397
osgb4000000074548664,http://data.ordnancesurvey.co.uk/id/4000000074548664,Aldclune,,,,populatedPlace,Hamlet,290139.000,763584.000,5000,25000,289672.054,763235.445,290856.556,764025.999,PH16,http://data.ordnancesurvey.co.uk/id/postcodedistrict/PH16,,,,,,,Perth and Kinross,http://data.ordnancesurvey.co.uk/id/7000000000030110,http://data.ordnancesurvey.co.uk/ontology/admingeo/UnitaryAuthority,Scotland,http://data.ordnancesurvey.co.uk/id/7000000000041429,Scotland,http://data.ordnancesurvey.co.uk/id/country/scotland,,http://dbpedia.org/resource/Aldclune,
osgb4000000074334767,http://data.ordnancesurvey.co.uk/id/4000000074334767,Baluain,,,,populatedPlace,Hamlet,283563.000,766040.000,5000,25000,283067.513,765788.728,284044.388,766288.728,PH18,http://data.ordnancesurvey.co.uk/id/postcodedistrict/PH18,,,,,,,Perth and Kinross,http://data.ordnancesurvey.co.uk/id/7000000000030110,http://data.ordnancesurvey.co.uk/ontology/admingeo/UnitaryAuthority,Scotland,http://data.ordnancesurvey.co.uk/id/7000000000041429,Scotland,http://data.ordnancesurvey.co.uk/id/country/scotland,,,
osgb4000000074543050,http://data.ordnancesurvey.co.uk/id/4000000074543050,Old Bridge of Tilt,,,,populatedPlace,Suburban Area,287649.800,766365.020,2000,25000,287436.458,766160.632,287936.458,766660.632,PH18,http://data.ordnancesurvey.co.uk/id/postcodedistrict/PH18,,,,,,,Perth and Kinross,http://data.ordnancesurvey.co.uk/id/7000000000030110,http://data.ordnancesurvey.co.uk/ontology/admingeo/UnitaryAuthority,Scotland,http://data.ordnancesurvey.co.uk/id/7000000000041429,Scotland,http://data.ordnancesurvey.co.uk/id/country/scotland,,,
osgb4000000074548667,http://data.ordnancesurvey.co.uk/id/4000000074548667,Fenderbridge,,,,populatedPlace,Suburban Area,288098.200,766752.050,1000,25000,287836.644,766516.914,288336.644,767016.914,PH18,http://data.ordnancesurvey.co.uk/id/postcodedistrict/PH18,,,,,,,Perth and Kinross,http://data.ordnancesurvey.co.uk/id/7000000000030110,http://data.ordnancesurvey.co.uk/ontology/admingeo/UnitaryAuthority,Scotland,http://data.ordnancesurvey.co.uk/id/7000000000041429,Scotland,http://data.ordnancesurvey.co.uk/id/country/scotland,,,
osgb4000000074549041,http://data.ordnancesurvey.co.uk/id/4000000074549041,Old Struan,,,,populatedPlace,Hamlet,280935.000,765313.000,5000,25000,280419.422,764927.585,281185.256,765427.585,PH18,http://data.ordnancesurvey.co.uk/id/postcodedistrict/PH18,,,,,,,Perth and Kinross,http://data.ordnancesurvey.co.uk/id/7000000000030110,http://data.ordnancesurvey.co.uk/ontology/admingeo/UnitaryAuthority,Scotland,http://data.ordnancesurvey.co.uk/id/7000000000041429,Scotland,http://data.ordnancesurvey.co.uk/id/country/scotland,,,
osgb4000000074549043,http://data.ordnancesurvey.co.uk/id/4000000074549043,Calvine,,,,populatedPlace,Hamlet,280395.000,765798.000,5000,25000,280157.508,765584.502,280657.508,766084.502,PH18,http://data.ordnancesurvey.co.uk/id/postcodedistrict/PH18,,,,,,,Perth and Kinross,http://data.ordnancesurvey.co.uk/id/7000000000030110,http://data.ordnancesurvey.co.uk/ontology/admingeo/UnitaryAuthority,Scotland,http://data.ordnancesurvey.co.uk/id/7000000000041429,Scotland,http://data.ordnancesurvey.co.uk/id/country/scotland,,,http://sws.geonames.org/6619986
osgb4000000074549042,http://data.ordnancesurvey.co.uk/id/4000000074549042,Struan,,,,populatedPlace,Hamlet,280237.980,765302.140,5000,25000,279873.750,765231.083,280373.750,765731.083,PH18,http://data.ordnancesurvey.co.uk/id/postcodedistrict/PH18,,,,,,,Perth and Kinross,http://data.ordnancesurvey.co.uk/id/7000000000030110,http://data.ordnancesurvey.co.uk/ontology/admingeo/UnitaryAuthority,Scotland,http://data.ordnancesurvey.co.uk/id/7000000000041429,Scotland,http://data.ordnancesurvey.co.uk/id/country/scotland,,,
osgb4000000074548666,http://data.ordnancesurvey.co.uk/id/4000000074548666,Middlebridge,,,,populatedPlace,Suburban Area,287889.000,766621.000,2000,25000,287662.867,766311.444,288162.867,766811.444,PH18,http://data.ordnancesurvey.co.uk/id/postcodedistrict/PH18,,,,,,,Perth and Kinross,http://data.ordnancesurvey.co.uk/id/7000000000030110,http://data.ordnancesurvey.co.uk/ontology/admingeo/UnitaryAuthority,Scotland,http://data.ordnancesurvey.co.uk/id/7000000000041429,Scotland,http://data.ordnancesurvey.co.uk/id/country/scotland,,,
osgb4000000074548663,http://data.ordnancesurvey.co.uk/id/4000000074548663,Killiecrankie,,,,populatedPlace,Hamlet,291241.000,762930.000,5000,25000,291040.355,762424.518,292064.878,763247.352,PH16,http://data.ordnancesurvey.co.uk/id/postcodedistrict/PH16,,,,,,,Perth and Kinross,http://data.ordnancesurvey.co.uk/id/7000000000030110,http://data.ordnancesurvey.co.uk/ontology/admingeo/UnitaryAuthority,Scotland,http://data.ordnancesurvey.co.uk/id/7000000000041429,Scotland,http://data.ordnancesurvey.co.uk/id/country/scotland,,http://dbpedia.org/resource/Killiecrankie,http://sws.geonames.org/8199434
PH185SN,http://data.ordnancesurvey.co.uk/id/postcodeunit/PH185SN,PH18 5SN,,,,other,Postcode,287113.000,765018.000,3500,18000,,,,,,,Blair Atholl,http://data.ordnancesurvey.co.uk/id/4000000074548665,http://www.ordnancesurvey.co.uk/xml/codelists/localtype.xml#village,,,,Perth and Kinross,http://data.ordnancesurvey.co.uk/id/7000000000030110,http://data.ordnancesurvey.co.uk/ontology/admingeo/UnitaryAuthority,Scotland,http://data.ordnancesurvey.co.uk/id/7000000000041429,Scotland,http://data.ordnancesurvey.co.uk/id/country/scotland,,,
PH185TL,http://data.ordnancesurvey.co.uk/id/postcodeunit/PH185TL,PH18 5TL,,,,other,Postcode,286684.000,765913.000,3500,18000,,,,,,,Blair Atholl,http://data.ordnancesurvey.co.uk/id/4000000074548665,http://www.ordnancesurvey.co.uk/xml/codelists/localtype.xml#village,,,,Perth and Kinross,http://data.ordnancesurvey.co.uk/id/7000000000030110,http://data.ordnancesurvey.co.uk/ontology/admingeo/UnitaryAuthority,Scotland,http://data.ordnancesurvey.co.uk/id/7000000000041429,Scotland,http://data.ordnancesurvey.co.uk/id/country/scotland,,,
PH185TG,http://data.ordnancesurvey.co.uk/id/postcodeunit/PH185TG,PH18 5TG,,,,other,Postcode,287691.000,765108.000,3500,18000,,,,,,,Blair Atholl,http://data.ordnancesurvey.co.uk/id/4000000074548665,http://www.ordnancesurvey.co.uk/xml/codelists/localtype.xml#village,,,,Perth and Kinross,http://data.ordnancesurvey.co.uk/id/7000000000030110,http://data.ordnancesurvey.co.uk/ontology/admingeo/UnitaryAuthority,Scotland,http://data.ordnancesurvey.co.uk/id/7000000000041429,Scotland,http://data.ordnancesurvey.co.uk/id/country/scotland,,,
PH185SG,http://data.ordnancesurvey.co.uk/id/postcodeunit/PH185SG,PH18 5SG,,,,other,Postcode,287112.000,765316.000,3500,18000,,,,,,,Blair Atholl,http://data.ordnancesurvey.co.uk/id/4000000074548665,http://www.ordnancesurvey.co.uk/xml/codelists/localtype.xml#village,,,,Perth and Kinross,http://data.ordnancesurvey.co.uk/id/7000000000030110,http://data.ordnancesurvey.co.uk/ontology/admingeo/UnitaryAuthority,Scotland,http://data.ordnancesurvey.co.uk/id/7000000000041429,Scotland,http://data.ordnancesurvey.co.uk/id/country/scotland,,,
PH165LE,http://data.ordnancesurvey.co.uk/id/postcodeunit/PH165LE,PH16 5LE,,,,other,Postcode,291702.000,760859.000,3500,18000,,,,,,,,,,,,,Perth and Kinross,http://data.ordnancesurvey.co.uk/id/7000000000030110,http://data.ordnancesurvey.co.uk/ontology/admingeo/UnitaryAuthority,Scotland,http://data.ordnancesurvey.co.uk/id/7000000000041429,Scotland,http://data.ordnancesurvey.co.uk/id/country/scotland,,,
PH165NP,http://data.ordnancesurvey.co.uk/id/postcodeunit/PH165NP,PH16 5NP,,,,other,Postcode,290268.000,761127.000,3500,18000,,,,,,,,,,,,,Perth and Kinross,http://data.ordnancesurvey.co.uk/id/7000000000030110,http://data.ordnancesurvey.co.uk/ontology/admingeo/UnitaryAuthority,Scotland,http://data.ordnancesurvey.co.uk/id/7000000000041429,Scotland,http://data.ordnancesurvey.co.uk/id/country/scotland,,,
PH185SU,http://data.ordnancesurvey.co.uk/id/postcodeunit/PH185SU,PH18 5SU,,,,other,Postcode,287721.000,765461.000,3500,18000,,,,,,,Blair Atholl,http://data.ordnancesurvey.co.uk/id/4000000074548665,http://www.ordnancesurvey.co.uk/xml/codelists/localtype.xml#village,,,,Perth and Kinross,http://data.ordnancesurvey.co.uk/id/7000000000030110,http://data.ordnancesurvey.co.uk/ontology/admingeo/UnitaryAuthority,Scotland,http://data.ordnancesurvey.co.uk/id/7000000000041429,Scotland,http://data.ordnancesurvey.co.uk/id/country/scotland,,,
PH185SW,http://data.ordnancesurvey.co.uk/id/postcodeunit/PH185SW,PH18 5SW,,,,other,Postcode,287131.000,764893.000,3500,18000,,,,,,,Blair Atholl,http://data.ordnancesurvey.co.uk/id/4000000074548665,http://www.ordnancesurvey.co.uk/xml/codelists/localtype.xml#village,,,,Perth and Kinross,http://data.ordnancesurvey.co.uk/id/7000000000030110,http://data.ordnancesurvey.co.uk/ontology/admingeo/UnitaryAuthority,Scotland,http://data.ordnancesurvey.co.uk/id/7000000000041429,Scotland,http://data.ordnancesurvey.co.uk/id/country/scotland,,,
PH185SP,http://data.ordnancesurvey.co.uk/id/postcodeunit/PH185SP,PH18 5SP,,,,other,Postcode,287291.000,765358.000,3500,18000,,,,,,,Blair Atholl,http://data.ordnancesurvey.co.uk/id/4000000074548665,http://www.ordnancesurvey.co.uk/xml/codelists/localtype.xml#village,,,,Perth and Kinross,http://data.ordnancesurvey.co.uk/id/7000000000030110,http://data.ordnancesurvey.co.uk/ontology/admingeo/UnitaryAuthority,Scotland,http://data.ordnancesurvey.co.uk/id/7000000000041429,Scotland,http://data.ordnancesurvey.co.uk/id/country/scotland,,,
PH185TS,http://data.ordnancesurvey.co.uk/id/postcodeunit/PH185TS,PH18 5TS,,,,other,Postcode,288463.000,765734.000,3500,18000,,,,,,,,,,,,,Perth and Kinross,http://data.ordnancesurvey.co.uk/id/7000000000030110,http://data.ordnancesurvey.co.uk/ontology/admingeo/UnitaryAuthority,Scotland,http://data.ordnancesurvey.co.uk/id/7000000000041429,Scotland,http://data.ordnancesurvey.co.uk/id/country/scotland,,,
PH185UW,http://data.ordnancesurvey.co.uk/id/postcodeunit/PH185UW,PH18 5UW,,,,other,Postcode,283247.000,776145.000,3500,18000,,,,,,,,,,,,,Perth and Kinross,http://data.ordnancesurvey.co.uk/id/7000000000030110,http://data.ordnancesurvey.co.uk/ontology/admingeo/UnitaryAuthority,Scotland,http://data.ordnancesurvey.co.uk/id/7000000000041429,Scotland,http://data.ordnancesurvey.co.uk/id/country/scotland,,,
PH185TY,http://data.ordnancesurvey.co.uk/id/postcodeunit/PH185TY,PH18 5TY,,,,other,Postcode,288213.000,768842.000,3500,18000,,,,,,,,,,,,,Perth and Kinross,http://data.ordnancesurvey.co.uk/id/7000000000030110,http://data.ordnancesurvey.co.uk/ontology/admingeo/UnitaryAuthority,Scotland,http://data.ordnancesurvey.co.uk/id/7000000000041429,Scotland,http://data.ordnancesurvey.co.uk/id/country/scotland,,,
PH185TA,http://data.ordnancesurvey.co.uk/id/postcodeunit/PH185TA,PH18 5TA,,,,other,Postcode,287812.000,765240.000,3500,18000,,,,,,,Blair Atholl,http://data.ordnancesurvey.co.uk/id/4000000074548665,http://www.ordnancesurvey.co.uk/xml/codelists/localtype.xml#village,,,,Perth and Kinross,http://data.ordnancesurvey.co.uk/id/7000000000030110,http://data.ordnancesurvey.co.uk/ontology/admingeo/UnitaryAuthority,Scotland,http://data.ordnancesurvey.co.uk/id/7000000000041429,Scotland,http://data.ordnancesurvey.co.uk/id/country/scotland,,,
PH185UB,http://data.ordnancesurvey.co.uk/id/postcodeunit/PH185UB,PH18 5UB,,,,other,Postcode,280169.000,765592.000,3500,18000,,,,,,,Struan,http://data.ordnancesurvey.co.uk/id/4000000074549042,http://www.ordnancesurvey.co.uk/xml/codelists/localtype.xml#hamlet,,,,Perth and Kinross,http://data.ordnancesurvey.co.uk/id/7000000000030110,http://data.ordnancesurvey.co.uk/ontology/admingeo/UnitaryAuthority,Scotland,http://data.ordnancesurvey.co.uk/id/7000000000041429,Scotland,http://data.ordnancesurvey.co.uk/id/country/scotland,,,
PH165RX,http://data.ordnancesurvey.co.uk/id/postcodeunit/PH165RX,PH16 5RX,,,,other,Postcode,282144.000,760122.000,3500,18000,,,,,,,Strathtummel,http://data.ordnancesurvey.co.uk/id/4000000074334456,http://www.ordnancesurvey.co.uk/xml/codelists/localtype.xml#otherSettlement,,,,Perth and Kinross,http://data.ordnancesurvey.co.uk/id/7000000000030110,http://data.ordnancesurvey.co.uk/ontology/admingeo/UnitaryAuthority,Scotland,http://data.ordnancesurvey.co.uk/id/7000000000041429,Scotland,http://data.ordnancesurvey.co.uk/id/country/scotland,,,
PH165RT,http://data.ordnancesurvey.co.uk/id/postcodeunit/PH165RT,PH16 5RT,,,,other,Postcode,280382.000,760209.000,3500,18000,,,,,,,,,,,,,Perth and Kinross,http://data.ordnancesurvey.co.uk/id/7000000000030110,http://data.ordnancesurvey.co.uk/ontology/admingeo/UnitaryAuthority,Scotland,http://data.ordnancesurvey.co.uk/id/7000000000041429,Scotland,http://data.ordnancesurvey.co.uk/id/country/scotland,,,
PH185SH,http://data.ordnancesurvey.co.uk/id/postcodeunit/PH185SH,PH18 5SH,,,,other,Postcode,287242.000,765173.000,3500,18000,,,,,,,Blair Atholl,http://data.ordnancesurvey.co.uk/id/4000000074548665,http://www.ordnancesurvey.co.uk/xml/codelists/localtype.xml#village,,,,Perth and Kinross,http://data.ordnancesurvey.co.uk/id/7000000000030110,http://data.ordnancesurvey.co.uk/ontology/admingeo/UnitaryAuthority,Scotland,http://data.ordnancesurvey.co.uk/id/7000000000041429,Scotland,http://data.ordnancesurvey.co.uk/id/country/scotland,,,
PH185TN,http://data.ordnancesurvey.co.uk/id/postcodeunit/PH185TN,PH18 5TN,,,,other,Postcode,283887.000,765912.000,3500,18000,,,,,,,Baluain,http://data.ordnancesurvey.co.uk/id/4000000074334767,http://www.ordnancesurvey.co.uk/xml/codelists/localtype.xml#hamlet,,,,Perth and Kinross,http://data.ordnancesurvey.co.uk/id/7000000000030110,http://data.ordnancesurvey.co.uk/ontology/admingeo/UnitaryAuthority,Scotland,http://data.ordnancesurvey.co.uk/id/7000000000041429,Scotland,http://data.ordnancesurvey.co.uk/id/country/scotland,,,
PH165LS,http://data.ordnancesurvey.co.uk/id/postcodeunit/PH165LS,PH16 5LS,,,,other,Postcode,289774.000,764402.000,3500,18000,,,,,,,,,,,,,Perth and Kinross,http://data.ordnancesurvey.co.uk/id/7000000000030110,http://data.ordnancesurvey.co.uk/ontology/admingeo/UnitaryAuthority,Scotland,http://data.ordnancesurvey.co.uk/id/7000000000041429,Scotland,http://data.ordnancesurvey.co.uk/id/country/scotland,,,
PH185SR,http://data.ordnancesurvey.co.uk/id/postcodeunit/PH185SR,PH18 5SR,,,,other,Postcode,287385.000,765584.000,3500,18000,,,,,,,,,,,,,Perth and Kinross,http://data.ordnancesurvey.co.uk/id/7000000000030110,http://data.ordnancesurvey.co.uk/ontology/admingeo/UnitaryAuthority,Scotland,http://data.ordnancesurvey.co.uk/id/7000000000041429,Scotland,http://data.ordnancesurvey.co.uk/id/country/scotland,,,
PH185TU,http://data.ordnancesurvey.co.uk/id/postcodeunit/PH185TU,PH18 5TU,,,,other,Postcode,288584.000,767347.000,3500,18000,,,,,,,,,,,,,Perth and Kinross,http://data.ordnancesurvey.co.uk/id/7000000000030110,http://data.ordnancesurvey.co.uk/ontology/admingeo/UnitaryAuthority,Scotland,http://data.ordnancesurvey.co.uk/id/7000000000041429,Scotland,http://data.ordnancesurvey.co.uk/id/country/scotland,,,
PH165LD,http://data.ordnancesurvey.co.uk/id/postcodeunit/PH165LD,PH16 5LD,,,,other,Postcode,291537.000,760192.000,3500,18000,,,,,,,,,,,,,Perth and Kinross,http://data.ordnancesurvey.co.uk/id/7000000000030110,http://data.ordnancesurvey.co.uk/ontology/admingeo/UnitaryAuthority,Scotland,http://data.ordnancesurvey.co.uk/id/7000000000041429,Scotland,http://data.ordnancesurvey.co.uk/id/country/scotland,,,
PH165RS,http://data.ordnancesurvey.co.uk/id/postcodeunit/PH165RS,PH16 5RS,,,,other,Postcode,281184.000,760233.000,3500,18000,,,,,,,Strathtummel,http://data.ordnancesurvey.co.uk/id/4000000074334456,http://www.ordnancesurvey.co.uk/xml/codelists/localtype.xml#otherSettlement,,,,Perth and Kinross,http://data.ordnancesurvey.co.uk/id/7000000000030110,http://data.ordnancesurvey.co.uk/ontology/admingeo/UnitaryAuthority,Scotland,http://data.ordnancesurvey.co.uk/id/7000000000041429,Scotland,http://data.ordnancesurvey.co.uk/id/country/scotland,,,
PH185TH,http://data.ordnancesurvey.co.uk/id/postcodeunit/PH185TH,PH18 5TH,,,,other,Postcode,286579.000,766186.000,3500,18000,,,,,,,Blair Atholl,http://data.ordnancesurvey.co.uk/id/4000000074548665,http://www.ordnancesurvey.co.uk/xml/codelists/localtype.xml#village,,,,Perth and Kinross,http://data.ordnancesurvey.co.uk/id/7000000000030110,http://data.ordnancesurvey.co.uk/ontology/admingeo/UnitaryAuthority,Scotland,http://data.ordnancesurvey.co.uk/id/7000000000041429,Scotland,http://data.ordnancesurvey.co.uk/id/country/scotland,,,
PH185TB,http://data.ordnancesurvey.co.uk/id/postcodeunit/PH185TB,PH18 5TB,,,,other,Postcode,287735.000,765256.000,3500,18000,,,,,,,Blair Atholl,http://data.ordnancesurvey.co.uk/id/4000000074548665,http://www.ordnancesurvey.co.uk/xml/codelists/localtype.xml#village,,,,Perth and Kinross,http://data.ordnancesurvey.co.uk/id/7000000000030110,http://data.ordnancesurvey.co.uk/ontology/admingeo/UnitaryAuthority,Scotland,http://data.ordnancesurvey.co.uk/id/7000000000041429,Scotland,http://data.ordnancesurvey.co.uk/id/country/scotland,,,
PH185TJ,http://data.ordnancesurvey.co.uk/id/postcodeunit/PH185TJ,PH18 5TJ,,,,other,Postcode,286579.000,766187.000,3500,18000,,,,,,,Blair Atholl,http://data.ordnancesurvey.co.uk/id/4000000074548665,http://www.ordnancesurvey.co.uk/xml/codelists/localtype.xml#village,,,,Perth and Kinross,http://data.ordnancesurvey.co.uk/id/7000000000030110,http://data.ordnancesurvey.co.uk/ontology/admingeo/UnitaryAuthority,Scotland,http://data.ordnancesurvey.co.uk/id/7000000000041429,Scotland,http://data.ordnancesurvey.co.uk/id/country/scotland,,,
PH165LR,http://data.ordnancesurvey.co.uk/id/postcodeunit/PH165LR,PH16 5LR,,,,other,Postcode,290148.000,763862.000,3500,18000,,,,,,,Aldclune,http://data.ordnancesurvey.co.uk/id/4000000074548664,http://www.ordnancesurvey.co.uk/xml/codelists/localtype.xml#hamlet,,,,Perth and Kinross,http://data.ordnancesurvey.co.uk/id/7000000000030110,http://data.ordnancesurvey.co.uk/ontology/admingeo/UnitaryAuthority,Scotland,http://data.ordnancesurvey.co.uk/id/7000000000041429,Scotland,http://data.ordnancesurvey.co.uk/id/country/scotland,,,
PH165RH,http://data.ordnancesurvey.co.uk/id/postcodeunit/PH165RH,PH16 5RH,,,,other,Postcode,288291.000,761005.000,3500,18000,,,,,,,,,,,,,Perth and Kinross,http://data.ordnancesurvey.co.uk/id/7000000000030110,http://data.ordnancesurvey.co.uk/ontology/admingeo/UnitaryAuthority,Scotland,http://data.ordnancesurvey.co.uk/id/7000000000041429,Scotland,http://data.ordnancesurvey.co.uk/id/country/scotland,,,
PH185SA,http://data.ordnancesurvey.co.uk/id/postcodeunit/PH185SA,PH18 5SA,,,,other,Postcode,287765.000,765326.000,3500,18000,,,,,,,Blair Atholl,http://data.ordnancesurvey.co.uk/id/4000000074548665,http://www.ordnancesurvey.co.uk/xml/codelists/localtype.xml#village,,,,Perth and Kinross,http://data.ordnancesurvey.co.uk/id/7000000000030110,http://data.ordnancesurvey.co.uk/ontology/admingeo/UnitaryAuthority,Scotland,http://data.ordnancesurvey.co.uk/id/7000000000041429,Scotland,http://data.ordnancesurvey.co.uk/id/country/scotland,,,
PH185SY,http://data.ordnancesurvey.co.uk/id/postcodeunit/PH185SY,PH18 5SY,,,,other,Postcode,288029.000,765263.000,3500,18000,,,,,,,Blair Atholl,http://data.ordnancesurvey.co.uk/id/4000000074548665,http://www.ordnancesurvey.co.uk/xml/codelists/localtype.xml#village,,,,Perth and Kinross,http://data.ordnancesurvey.co.uk/id/7000000000030110,http://data.ordnancesurvey.co.uk/ontology/admingeo/UnitaryAuthority,Scotland,http://data.ordnancesurvey.co.uk/id/7000000000041429,Scotland,http://data.ordnancesurvey.co.uk/id/country/scotland,,,
PH185UA,http://data.ordnancesurvey.co.uk/id/postcodeunit/PH185UA,PH18 5UA,,,,other,Postcode,280434.000,765793.000,3500,18000,,,,,,,Calvine,http://data.ordnancesurvey.co.uk/id/4000000074549043,http://www.ordnancesurvey.co.uk/xml/codelists/localtype.xml#hamlet,,,,Perth and Kinross,http://data.ordnancesurvey.co.uk/id/7000000000030110,http://data.ordnancesurvey.co.uk/ontology/admingeo/UnitaryAuthority,Scotland,http://data.ordnancesurvey.co.uk/id/7000000000041429,Scotland,http://data.ordnancesurvey.co.uk/id/country/scotland,,,
PH165LN,http://data.ordnancesurvey.co.uk/id/postcodeunit/PH165LN,PH16 5LN,,,,other,Postcode,290571.000,763349.000,3500,18000,,,,,,,Aldclune,http://data.ordnancesurvey.co.uk/id/4000000074548664,http://www.ordnancesurvey.co.uk/xml/codelists/localtype.xml#hamlet,,,,Perth and Kinross,http://data.ordnancesurvey.co.uk/id/7000000000030110,http://data.ordnancesurvey.co.uk/ontology/admingeo/UnitaryAuthority,Scotland,http://data.ordnancesurvey.co.uk/id/7000000000041429,Scotland,http://data.ordnancesurvey.co.uk/id/country/scotland,,,
PH165LJ,http://data.ordnancesurvey.co.uk/id/postcodeunit/PH165LJ,PH16 5LJ,,,,other,Postcode,289587.000,763544.000,3500,18000,,,,,,,,,,,,,Perth and Kinross,http://data.ordnancesurvey.co.uk/id/7000000000030110,http://data.ordnancesurvey.co.uk/ontology/admingeo/UnitaryAuthority,Scotland,http://data.ordnancesurvey.co.uk/id/7000000000041429,Scotland,http://data.ordnancesurvey.co.uk/id/country/scotland,,,
PH165LF,http://data.ordnancesurvey.co.uk/id/postcodeunit/PH165LF,PH16 5LF,,,,other,Postcode,291822.000,762357.000,3500,18000,,,,,,,,,,,,,Perth and Kinross,http://data.ordnancesurvey.co.uk/id/7000000000030110,http://data.ordnancesurvey.co.uk/ontology/admingeo/UnitaryAuthority,Scotland,http://data.ordnancesurvey.co.uk/id/7000000000041429,Scotland,http://data.ordnancesurvey.co.uk/id/country/scotland,,,
PH185SL,http://data.ordnancesurvey.co.uk/id/postcodeunit/PH185SL,PH18 5SL,,,,other,Postcode,287019.000,765137.000,3500,18000,,,,,,,Blair Atholl,http://data.ordnancesurvey.co.uk/id/4000000074548665,http://www.ordnancesurvey.co.uk/xml/codelists/localtype.xml#village,,,,Perth and Kinross,http://data.ordnancesurvey.co.uk/id/7000000000030110,http://data.ordnancesurvey.co.uk/ontology/admingeo/UnitaryAuthority,Scotland,http://data.ordnancesurvey.co.uk/id/7000000000041429,Scotland,http://data.ordnancesurvey.co.uk/id/country/scotland,,,
PH185TZ,http://data.ordnancesurvey.co.uk/id/postcodeunit/PH185TZ,PH18 5TZ,,,,other,Postcode,287673.000,766485.000,3500,18000,,,,,,,Blair Atholl,http://data.ordnancesurvey.co.uk/id/4000000074548665,http://www.ordnancesurvey.co.uk/xml/codelists/localtype.xml#village,,,,Perth and Kinross,http://data.ordnancesurvey.co.uk/id/7000000000030110,http://data.ordnancesurvey.co.uk/ontology/admingeo/UnitaryAuthority,Scotland,http://data.ordnancesurvey.co.uk/id/7000000000041429,Scotland,http://data.ordnancesurvey.co.uk/id/country/scotland,,,
PH185TX,http://data.ordnancesurvey.co.uk/id/postcodeunit/PH185TX,PH18 5TX,,,,other,Postcode,286768.000,766585.000,3500,18000,,,,,,,Blair Atholl,http://data.ordnancesurvey.co.uk/id/4000000074548665,http://www.ordnancesurvey.co.uk/xml/codelists/localtype.xml#village,,,,Perth and Kinross,http://data.ordnancesurvey.co.uk/id/7000000000030110,http://data.ordnancesurvey.co.uk/ontology/admingeo/UnitaryAuthority,Scotland,http://data.ordnancesurvey.co.uk/id/7000000000041429,Scotland,http://data.ordnancesurvey.co.uk/id/country/scotland,,,
PH185TR,http://data.ordnancesurvey.co.uk/id/postcodeunit/PH185TR,PH18 5TR,,,,other,Postcode,288557.000,766221.000,3500,18000,,,,,,,,,,,,,Perth and Kinross,http://data.ordnancesurvey.co.uk/id/7000000000030110,http://data.ordnancesurvey.co.uk/ontology/admingeo/UnitaryAuthority,Scotland,http://data.ordnancesurvey.co.uk/id/7000000000041429,Scotland,http://data.ordnancesurvey.co.uk/id/country/scotland,,,
PH165LL,http://data.ordnancesurvey.co.uk/id/postcodeunit/PH165LL,PH16 5LL,,,,other,Postcode,287553.000,764504.000,3500,18000,,,,,,,,,,,,,Perth and Kinross,http://data.ordnancesurvey.co.uk/id/7000000000030110,http://data.ordnancesurvey.co.uk/ontology/admingeo/UnitaryAuthority,Scotland,http://data.ordnancesurvey.co.uk/id/7000000000041429,Scotland,http://data.ordnancesurvey.co.uk/id/country/scotland,,,
PH165RN,http://data.ordnancesurvey.co.uk/id/postcodeunit/PH165RN,PH16 5RN,,,,other,Postcode,288124.000,761826.000,3500,18000,,,,,,,,,,,,,Perth and Kinross,http://data.ordnancesurvey.co.uk/id/7000000000030110,http://data.ordnancesurvey.co.uk/ontology/admingeo/UnitaryAuthority,Scotland,http://data.ordnancesurvey.co.uk/id/7000000000041429,Scotland,http://data.ordnancesurvey.co.uk/id/country/scotland,,,
PH165LQ,http://data.ordnancesurvey.co.uk/id/postcodeunit/PH165LQ,PH16 5LQ,,,,other,Postcode,291311.000,762755.000,3500,18000,,,,,,,Killiecrankie,http://data.ordnancesurvey.co.uk/id/4000000074548663,http://www.ordnancesurvey.co.uk/xml/codelists/localtype.xml#hamlet,,,,Perth and Kinross,http://data.ordnancesurvey.co.uk/id/7000000000030110,http://data.ordnancesurvey.co.uk/ontology/admingeo/UnitaryAuthority,Scotland,http://data.ordnancesurvey.co.uk/id/7000000000041429,Scotland,http://data.ordnancesurvey.co.uk/id/country/scotland,,,
PH165LA,http://data.ordnancesurvey.co.uk/id/postcodeunit/PH165LA,PH16 5LA,,,,other,Postcode,291667.000,760401.000,3500,18000,,,,,,,,,,,,,Perth and Kinross,http://data.ordnancesurvey.co.uk/id/7000000000030110,http://data.ordnancesurvey.co.uk/ontology/admingeo/UnitaryAuthority,Scotland,http://data.ordnancesurvey.co.uk/id/7000000000041429,Scotland,http://data.ordnancesurvey.co.uk/id/country/scotland,,,
PH165LT,http://data.ordnancesurvey.co.uk/id/postcodeunit/PH165LT,PH16 5LT,,,,other,Postcode,288767.000,764723.000,3500,18000,,,,,,,Blair Atholl,http://data.ordnancesurvey.co.uk/id/4000000074548665,http://www.ordnancesurvey.co.uk/xml/codelists/localtype.xml#village,,,,Perth and Kinross,http://data.ordnancesurvey.co.uk/id/7000000000030110,http://data.ordnancesurvey.co.uk/ontology/admingeo/UnitaryAuthority,Scotland,http://data.ordnancesurvey.co.uk/id/7000000000041429,Scotland,http://data.ordnancesurvey.co.uk/id/country/scotland,,,
PH185TQ,http://data.ordnancesurvey.co.uk/id/postcodeunit/PH185TQ,PH18 5TQ,,,,other,Postcode,287175.000,765271.000,3500,18000,,,,,,,Blair Atholl,http://data.ordnancesurvey.co.uk/id/4000000074548665,http://www.ordnancesurvey.co.uk/xml/codelists/localtype.xml#village,,,,Perth and Kinross,http://data.ordnancesurvey.co.uk/id/7000000000030110,http://data.ordnancesurvey.co.uk/ontology/admingeo/UnitaryAuthority,Scotland,http://data.ordnancesurvey.co.uk/id/7000000000041429,Scotland,http://data.ordnancesurvey.co.uk/id/country/scotland,,,
PH185TE,http://data.ordnancesurvey.co.uk/id/postcodeunit/PH185TE,PH18 5TE,,,,other,Postcode,287658.000,765280.000,3500,18000,,,,,,,Blair Atholl,http://data.ordnancesurvey.co.uk/id/4000000074548665,http://www.ordnancesurvey.co.uk/xml/codelists/localtype.xml#village,,,,Perth and Kinross,http://data.ordnancesurvey.co.uk/id/7000000000030110,http://data.ordnancesurvey.co.uk/ontology/admingeo/UnitaryAuthority,Scotland,http://data.ordnancesurvey.co.uk/id/7000000000041429,Scotland,http://data.ordnancesurvey.co.uk/id/country/scotland,,,
PH165LG,http://data.ordnancesurvey.co.uk/id/postcodeunit/PH165LG,PH16 5LG,,,,other,Postcode,291391.000,763016.000,3500,18000,,,,,,,Killiecrankie,http://data.ordnancesurvey.co.uk/id/4000000074548663,http://www.ordnancesurvey.co.uk/xml/codelists/localtype.xml#hamlet,,,,Perth and Kinross,http://data.ordnancesurvey.co.uk/id/7000000000030110,http://data.ordnancesurvey.co.uk/ontology/admingeo/UnitaryAuthority,Scotland,http://data.ordnancesurvey.co.uk/id/7000000000041429,Scotland,http://data.ordnancesurvey.co.uk/id/country/scotland,,,
PH185SJ,http://data.ordnancesurvey.co.uk/id/postcodeunit/PH185SJ,PH18 5SJ,,,,other,Postcode,287118.000,765152.000,3500,18000,,,,,,,Blair Atholl,http://data.ordnancesurvey.co.uk/id/4000000074548665,http://www.ordnancesurvey.co.uk/xml/codelists/localtype.xml#village,,,,Perth and Kinross,http://data.ordnancesurvey.co.uk/id/7000000000030110,http://data.ordnancesurvey.co.uk/ontology/admingeo/UnitaryAuthority,Scotland,http://data.ordnancesurvey.co.uk/id/7000000000041429,Scotland,http://data.ordnancesurvey.co.uk/id/country/scotland,,,
PH185TF,http://data.ordnancesurvey.co.uk/id/postcodeunit/PH185TF,PH18 5TF,,,,other,Postcode,287725.000,765349.000,3500,18000,,,,,,,Blair Atholl,http://data.ordnancesurvey.co.uk/id/4000000074548665,http://www.ordnancesurvey.co.uk/xml/codelists/localtype.xml#village,,,,Perth and Kinross,http://data.ordnancesurvey.co.uk/id/7000000000030110,http://data.ordnancesurvey.co.uk/ontology/admingeo/UnitaryAuthority,Scotland,http://data.ordnancesurvey.co.uk/id/7000000000041429,Scotland,http://data.ordnancesurvey.co.uk/id/country/scotland,,,
PH185SZ,http://data.ordnancesurvey.co.uk/id/postcodeunit/PH185SZ,PH18 5SZ,,,,other,Postcode,287915.000,765184.000,3500,18000,,,,,,,Blair Atholl,http://data.ordnancesurvey.co.uk/id/4000000074548665,http://www.ordnancesurvey.co.uk/xml/codelists/localtype.xml#village,,,,Perth and Kinross,http://data.ordnancesurvey.co.uk/id/7000000000030110,http://data.ordnancesurvey.co.uk/ontology/admingeo/UnitaryAuthority,Scotland,http://data.ordnancesurvey.co.uk/id/7000000000041429,Scotland,http://data.ordnancesurvey.co.uk/id/country/scotland,,,
PH165NR,http://data.ordnancesurvey.co.uk/id/postcodeunit/PH165NR,PH16 5NR,,,,other,Postcode,286927.000,760009.000,3500,18000,,,,,,,,,,,,,Perth and Kinross,http://data.ordnancesurvey.co.uk/id/7000000000030110,http://data.ordnancesurvey.co.uk/ontology/admingeo/UnitaryAuthority,Scotland,http://data.ordnancesurvey.co.uk/id/7000000000041429,Scotland,http://data.ordnancesurvey.co.uk/id/country/scotland,,,
PH165GZ,http://data.ordnancesurvey.co.uk/id/postcodeunit/PH165GZ,PH16 5GZ,,,,other,Postcode,291270.000,762833.000,3500,18000,,,,,,,Killiecrankie,http://data.ordnancesurvey.co.uk/id/4000000074548663,http://www.ordnancesurvey.co.uk/xml/codelists/localtype.xml#hamlet,,,,Perth and Kinross,http://data.ordnancesurvey.co.uk/id/7000000000030110,http://data.ordnancesurvey.co.uk/ontology/admingeo/UnitaryAuthority,Scotland,http://data.ordnancesurvey.co.uk/id/7000000000041429,Scotland,http://data.ordnancesurvey.co.uk/id/country/scotland,,,
PH185SX,http://data.ordnancesurvey.co.uk/id/postcodeunit/PH185SX,PH18 5SX,,,,other,Postcode,287858.000,765384.000,3500,18000,,,,,,,Blair Atholl,http://data.ordnancesurvey.co.uk/id/4000000074548665,http://www.ordnancesurvey.co.uk/xml/codelists/localtype.xml#village,,,,Perth and Kinross,http://data.ordnancesurvey.co.uk/id/7000000000030110,http://data.ordnancesurvey.co.uk/ontology/admingeo/UnitaryAuthority,Scotland,http://data.ordnancesurvey.co.uk/id/7000000000041429,Scotland,http://data.ordnancesurvey.co.uk/id/country/scotland,,,
PH185TW,http://data.ordnancesurvey.co.uk/id/postcodeunit/PH185TW,PH18 5TW,,,,other,Postcode,281916.000,765987.000,3500,18000,,,,,,,,,,,,,Perth and Kinross,http://data.ordnancesurvey.co.uk/id/7000000000030110,http://data.ordnancesurvey.co.uk/ontology/admingeo/UnitaryAuthority,Scotland,http://data.ordnancesurvey.co.uk/id/7000000000041429,Scotland,http://data.ordnancesurvey.co.uk/id/country/scotland,,,
PH185UD,http://data.ordnancesurvey.co.uk/id/postcodeunit/PH185UD,PH18 5UD,,,,other,Postcode,281454.000,765215.000,3500,18000,,,,,,,,,,,,,Perth and Kinross,http://data.ordnancesurvey.co.uk/id/7000000000030110,http://data.ordnancesurvey.co.uk/ontology/admingeo/UnitaryAuthority,Scotland,http://data.ordnancesurvey.co.uk/id/7000000000041429,Scotland,http://data.ordnancesurvey.co.uk/id/country/scotland,,,
PH165NS,http://data.ordnancesurvey.co.uk/id/postcodeunit/PH165NS,PH16 5NS,,,,other,Postcode,284151.000,760140.000,3500,18000,,,,,,,,,,,,,Perth and Kinross,http://data.ordnancesurvey.co.uk/id/7000000000030110,http://data.ordnancesurvey.co.uk/ontology/admingeo/UnitaryAuthority,Scotland,http://data.ordnancesurvey.co.uk/id/7000000000041429,Scotland,http://data.ordnancesurvey.co.uk/id/country/scotland,,,
PH165LW,http://data.ordnancesurvey.co.uk/id/postcodeunit/PH165LW,PH16 5LW,,,,other,Postcode,290141.000,763614.000,3500,18000,,,,,,,Aldclune,http://data.ordnancesurvey.co.uk/id/4000000074548664,http://www.ordnancesurvey.co.uk/xml/codelists/localtype.xml#hamlet,,,,Perth and Kinross,http://data.ordnancesurvey.co.uk/id/7000000000030110,http://data.ordnancesurvey.co.uk/ontology/admingeo/UnitaryAuthority,Scotland,http://data.ordnancesurvey.co.uk/id/7000000000041429,Scotland,http://data.ordnancesurvey.co.uk/id/country/scotland,,,
PH165LH,http://data.ordnancesurvey.co.uk/id/postcodeunit/PH165LH,PH16 5LH,,,,other,Postcode,291147.000,762058.000,3500,18000,,,,,,,,,,,,,Perth and Kinross,http://data.ordnancesurvey.co.uk/id/7000000000030110,http://data.ordnancesurvey.co.uk/ontology/admingeo/UnitaryAuthority,Scotland,http://data.ordnancesurvey.co.uk/id/7000000000041429,Scotland,http://data.ordnancesurvey.co.uk/id/country/scotland,,,
PH165LP,http://data.ordnancesurvey.co.uk/id/postcodeunit/PH165LP,PH16 5LP,,,,other,Postcode,291222.000,763655.000,3500,18000,,,,,,,,,,,,,Perth and Kinross,http://data.ordnancesurvey.co.uk/id/7000000000030110,http://data.ordnancesurvey.co.uk/ontology/admingeo/UnitaryAuthority,Scotland,http://data.ordnancesurvey.co.uk/id/7000000000041429,Scotland,http://data.ordnancesurvey.co.uk/id/country/scotland,,,
PH185TT,http://data.ordnancesurvey.co.uk/id/postcodeunit/PH185TT,PH18 5TT,,,,other,Postcode,290542.000,767905.000,3500,18000,,,,,,,,,,,,,Perth and Kinross,http://data.ordnancesurvey.co.uk/id/7000000000030110,http://data.ordnancesurvey.co.uk/ontology/admingeo/UnitaryAuthority,Scotland,http://data.ordnancesurvey.co.uk/id/7000000000041429,Scotland,http://data.ordnancesurvey.co.uk/id/country/scotland,,,
PH185UP,http://data.ordnancesurvey.co.uk/id/postcodeunit/PH185UP,PH18 5UP,,,,other,Postcode,280911.000,765244.000,3500,18000,,,,,,,Old Struan,http://data.ordnancesurvey.co.uk/id/4000000074549041,http://www.ordnancesurvey.co.uk/xml/codelists/localtype.xml#hamlet,,,,Perth and Kinross,http://data.ordnancesurvey.co.uk/id/7000000000030110,http://data.ordnancesurvey.co.uk/ontology/admingeo/UnitaryAuthority,Scotland,http://data.ordnancesurvey.co.uk/id/7000000000041429,Scotland,http://data.ordnancesurvey.co.uk/id/country/scotland,,,
PH165RJ,http://data.ordnancesurvey.co.uk/id/postcodeunit/PH165RJ,PH16 5RJ,,,,other,Postcode,287290.000,761573.000,3500,18000,,,,,,,,,,,,,Perth and Kinross,http://data.ordnancesurvey.co.uk/id/7000000000030110,http://data.ordnancesurvey.co.uk/ontology/admingeo/UnitaryAuthority,Scotland,http://data.ordnancesurvey.co.uk/id/7000000000041429,Scotland,http://data.ordnancesurvey.co.uk/id/country/scotland,,,
osgb4000000004312348,http://data.ordnancesurvey.co.uk/id/4000000004312348,Golf Course Road,,,,transportNetwork,Named Road,287653.868,765132.337,1000,20000,287601.000,765115.000,287723.000,765143.000,PH18,http://data.ordnancesurvey.co.uk/id/postcodedistrict/PH18,Blair Atholl,http://data.ordnancesurvey.co.uk/id/4000000074548665,http://www.ordnancesurvey.co.uk/xml/codelists/localtype.xml#village,,,,Perth and Kinross,http://data.ordnancesurvey.co.uk/id/7000000000030110,http://data.ordnancesurvey.co.uk/ontology/admingeo/UnitaryAuthority,Scotland,http://data.ordnancesurvey.co.uk/id/7000000000041429,Scotland,http://data.ordnancesurvey.co.uk/id/country/scotland,,,
osgb4000000004305557,http://data.ordnancesurvey.co.uk/id/4000000004305557,Ford Road,,,,transportNetwork,Named Road,287163.000,765201.000,2000,20000,287079.000,765052.000,287164.334,765351.000,PH18,http://data.ordnancesurvey.co.uk/id/postcodedistrict/PH18,Blair Atholl,http://data.ordnancesurvey.co.uk/id/4000000074548665,http://www.ordnancesurvey.co.uk/xml/codelists/localtype.xml#village,,,,Perth and Kinross,http://data.ordnancesurvey.co.uk/id/7000000000030110,http://data.ordnancesurvey.co.uk/ontology/admingeo/UnitaryAuthority,Scotland,http://data.ordnancesurvey.co.uk/id/7000000000041429,Scotland,http://data.ordnancesurvey.co.uk/id/country/scotland,,,
osgb4000000004312349,http://data.ordnancesurvey.co.uk/id/4000000004312349,The Lane,,,,transportNetwork,Named Road,287734.000,765362.000,1000,20000,287690.000,765348.000,287765.000,765377.000,PH18,http://data.ordnancesurvey.co.uk/id/postcodedistrict/PH18,Blair Atholl,http://data.ordnancesurvey.co.uk/id/4000000074548665,http://www.ordnancesurvey.co.uk/xml/codelists/localtype.xml#village,,,,Perth and Kinross,http://data.ordnancesurvey.co.uk/id/7000000000030110,http://data.ordnancesurvey.co.uk/ontology/admingeo/UnitaryAuthority,Scotland,http://data.ordnancesurvey.co.uk/id/7000000000041429,Scotland,http://data.ordnancesurvey.co.uk/id/country/scotland,,,
osgb4000000004305559,http://data.ordnancesurvey.co.uk/id/4000000004305559,The Terrace,,,,transportNetwork,Named Road,287868.000,765195.000,1000,20000,287817.000,765158.000,287997.000,765313.000,PH18,http://data.ordnancesurvey.co.uk/id/postcodedistrict/PH18,Blair Atholl,http://data.ordnancesurvey.co.uk/id/4000000074548665,http://www.ordnancesurvey.co.uk/xml/codelists/localtype.xml#village,,,,Perth and Kinross,http://data.ordnancesurvey.co.uk/id/7000000000030110,http://data.ordnancesurvey.co.uk/ontology/admingeo/UnitaryAuthority,Scotland,http://data.ordnancesurvey.co.uk/id/7000000000041429,Scotland,http://data.ordnancesurvey.co.uk/id/country/scotland,,,
osgb4000000004306007,http://data.ordnancesurvey.co.uk/id/4000000004306007,The Square,,,,transportNetwork,Named Road,287166.000,765288.000,1000,20000,287149.000,765277.584,287167.749,765288.000,PH18,http://data.ordnancesurvey.co.uk/id/postcodedistrict/PH18,Blair Atholl,http://data.ordnancesurvey.co.uk/id/4000000074548665,http://www.ordnancesurvey.co.uk/xml/codelists/localtype.xml#village,,,,Perth and Kinross,http://data.ordnancesurvey.co.uk/id/7000000000030110,http://data.ordnancesurvey.co.uk/ontology/admingeo/UnitaryAuthority,Scotland,http://data.ordnancesurvey.co.uk/id/7000000000041429,Scotland,http://data.ordnancesurvey.co.uk/id/country/scotland,,,
osgb4000000004305280,http://data.ordnancesurvey.co.uk/id/4000000004305280,Invertilt Road,,,,transportNetwork,Named Road,287656.000,765308.000,2000,20000,287597.000,765143.000,287758.000,765471.000,PH18,http://data.ordnancesurvey.co.uk/id/postcodedistrict/PH18,Blair Atholl,http://data.ordnancesurvey.co.uk/id/4000000074548665,http://www.ordnancesurvey.co.uk/xml/codelists/localtype.xml#village,,,,Perth and Kinross,http://data.ordnancesurvey.co.uk/id/7000000000030110,http://data.ordnancesurvey.co.uk/ontology/admingeo/UnitaryAuthority,Scotland,http://data.ordnancesurvey.co.uk/id/7000000000041429,Scotland,http://data.ordnancesurvey.co.uk/id/country/scotland,,,
osgb4000000004305556,http://data.ordnancesurvey.co.uk/id/4000000004305556,Tulloch Road,,,,transportNetwork,Named Road,287020.000,765155.000,1000,20000,286974.994,765104.000,287112.000,765172.481,PH18,http://data.ordnancesurvey.co.uk/id/postcodedistrict/PH18,Blair Atholl,http://data.ordnancesurvey.co.uk/id/4000000074548665,http://www.ordnancesurvey.co.uk/xml/codelists/localtype.xml#village,,,,Perth and Kinross,http://data.ordnancesurvey.co.uk/id/7000000000030110,http://data.ordnancesurvey.co.uk/ontology/admingeo/UnitaryAuthority,Scotland,http://data.ordnancesurvey.co.uk/id/7000000000041429,Scotland,http://data.ordnancesurvey.co.uk/id/country/scotland,,,
osgb4000000004305985,http://data.ordnancesurvey.co.uk/id/4000000004305985,Blackwood Place,,,,transportNetwork,Named Road,287708.049,765279.001,1000,20000,287708.049,765239.000,287710.000,765279.001,PH18,http://data.ordnancesurvey.co.uk/id/postcodedistrict/PH18,Blair Atholl,http://data.ordnancesurvey.co.uk/id/4000000074548665,http://www.ordnancesurvey.co.uk/xml/codelists/localtype.xml#village,,,,Perth and Kinross,http://data.ordnancesurvey.co.uk/id/7000000000030110,http://data.ordnancesurvey.co.uk/ontology/admingeo/UnitaryAuthority,Scotland,http://data.ordnancesurvey.co.uk/id/7000000000041429,Scotland,http://data.ordnancesurvey.co.uk/id/country/scotland,,,
osgb4000000004312350,http://data.ordnancesurvey.co.uk/id/4000000004312350,Wade's Bridge Road,,,,transportNetwork,Named Road,287661.570,766420.867,1000,20000,287649.795,766365.021,287687.320,766481.867,PH18,http://data.ordnancesurvey.co.uk/id/postcodedistrict/PH18,Blair Atholl,http://data.ordnancesurvey.co.uk/id/4000000074548665,http://www.ordnancesurvey.co.uk/xml/codelists/localtype.xml#village,,,,Perth and Kinross,http://data.ordnancesurvey.co.uk/id/7000000000030110,http://data.ordnancesurvey.co.uk/ontology/admingeo/UnitaryAuthority,Scotland,http://data.ordnancesurvey.co.uk/id/7000000000041429,Scotland,http://data.ordnancesurvey.co.uk/id/country/scotland,,,
osgb4000000004305558,http://data.ordnancesurvey.co.uk/id/4000000004305558,St Adamnan Road,,,,transportNetwork,Named Road,287700.000,765238.000,1000,20000,287621.000,765230.000,287785.000,765247.000,PH18,http://data.ordnancesurvey.co.uk/id/postcodedistrict/PH18,Blair Atholl,http://data.ordnancesurvey.co.uk/id/4000000074548665,http://www.ordnancesurvey.co.uk/xml/codelists/localtype.xml#village,,,,Perth and Kinross,http://data.ordnancesurvey.co.uk/id/7000000000030110,http://data.ordnancesurvey.co.uk/ontology/admingeo/UnitaryAuthority,Scotland,http://data.ordnancesurvey.co.uk/id/7000000000041429,Scotland,http://data.ordnancesurvey.co.uk/id/country/scotland,,,
osgb4000000004305560,http://data.ordnancesurvey.co.uk/id/4000000004305560,St Andrew's Crescent,,,,transportNetwork,Named Road,287785.000,765247.000,2000,20000,287776.000,765107.700,287856.000,765407.000,PH18,http://data.ordnancesurvey.co.uk/id/postcodedistrict/PH18,Blair Atholl,http://data.ordnancesurvey.co.uk/id/4000000074548665,http://www.ordnancesurvey.co.uk/xml/codelists/localtype.xml#village,,,,Perth and Kinross,http://data.ordnancesurvey.co.uk/id/7000000000030110,http://data.ordnancesurvey.co.uk/ontology/admingeo/UnitaryAuthority,Scotland,http://data.ordnancesurvey.co.uk/id/7000000000041429,Scotland,http://data.ordnancesurvey.co.uk/id/country/scotland,,,
osgb4000000004307786,http://data.ordnancesurvey.co.uk/id/4000000004307786,B8019,,,,transportNetwork,Numbered Road,284443.000,760169.000,106000,250000,276265.513,758931.827,292553.012,761192.431,PH16,http://data.ordnancesurvey.co.uk/id/postcodedistrict/PH16,,,,,,,Perth and Kinross,http://data.ordnancesurvey.co.uk/id/7000000000030110,http://data.ordnancesurvey.co.uk/ontology/admingeo/UnitaryAuthority,Scotland,http://data.ordnancesurvey.co.uk/id/7000000000041429,Scotland,http://data.ordnancesurvey.co.uk/id/country/scotland,,,
PH185SQ,http://data.ordnancesurvey.co.uk/id/postcodeunit/PH185SQ,PH18 5SQ,,,,other,Postcode,287144.000,765241.000,3500,18000,,,,,,,Blair Atholl,http://data.ordnancesurvey.co.uk/id/4000000074548665,http://www.ordnancesurvey.co.uk/xml/codelists/localtype.xml#village,,,,Perth and Kinross,http://data.ordnancesurvey.co.uk/id/7000000000030110,http://data.ordnancesurvey.co.uk/ontology/admingeo/UnitaryAuthority,Scotland,http://data.ordnancesurvey.co.uk/id/7000000000041429,Scotland,http://data.ordnancesurvey.co.uk/id/country/scotland,,,
PH185TD,http://data.ordnancesurvey.co.uk/id/postcodeunit/PH185TD,PH18 5TD,,,,other,Postcode,287711.000,765291.000,3500,18000,,,,,,,Blair Atholl,http://data.ordnancesurvey.co.uk/id/4000000074548665,http://www.ordnancesurvey.co.uk/xml/codelists/localtype.xml#village,,,,Perth and Kinross,http://data.ordnancesurvey.co.uk/id/7000000000030110,http://data.ordnancesurvey.co.uk/ontology/admingeo/UnitaryAuthority,Scotland,http://data.ordnancesurvey.co.uk/id/7000000000041429,Scotland,http://data.ordnancesurvey.co.uk/id/country/scotland,,,
PH185TP,http://data.ordnancesurvey.co.uk/id/postcodeunit/PH185TP,PH18 5TP,,,,other,Postcode,287664.000,766337.000,3500,18000,,,,,,,Blair Atholl,http://data.ordnancesurvey.co.uk/id/4000000074548665,http://www.ordnancesurvey.co.uk/xml/codelists/localtype.xml#village,,,,Perth and Kinross,http://data.ordnancesurvey.co.uk/id/7000000000030110,http://data.ordnancesurvey.co.uk/ontology/admingeo/UnitaryAuthority,Scotland,http://data.ordnancesurvey.co.uk/id/7000000000041429,Scotland,http://data.ordnancesurvey.co.uk/id/country/scotland,,,
PH165RP,http://data.ordnancesurvey.co.uk/id/postcodeunit/PH165RP,PH16 5RP,,,,other,Postcode,281754.000,760159.000,3500,18000,,,,,,,Strathtummel,http://data.ordnancesurvey.co.uk/id/4000000074334456,http://www.ordnancesurvey.co.uk/xml/codelists/localtype.xml#otherSettlement,,,,Perth and Kinross,http://data.ordnancesurvey.co.uk/id/7000000000030110,http://data.ordnancesurvey.co.uk/ontology/admingeo/UnitaryAuthority,Scotland,http://data.ordnancesurvey.co.uk/id/7000000000041429,Scotland,http://data.ordnancesurvey.co.uk/id/country/scotland,,,
osgb4000000004306062,http://data.ordnancesurvey.co.uk/id/4000000004306062,B8079,,,,transportNetwork,Numbered Road,287000.000,765331.000,63000,250000,282190.627,760987.953,291838.083,766077.358,PH18,http://data.ordnancesurvey.co.uk/id/postcodedistrict/PH18,Blair Atholl,http://data.ordnancesurvey.co.uk/id/4000000074548665,http://www.ordnancesurvey.co.uk/xml/codelists/localtype.xml#village,,,,Perth and Kinross,http://data.ordnancesurvey.co.uk/id/7000000000030110,http://data.ordnancesurvey.co.uk/ontology/admingeo/UnitaryAuthority,Scotland,http://data.ordnancesurvey.co.uk/id/7000000000041429,Scotland,http://data.ordnancesurvey.co.uk/id/country/scotland,,,
