﻿osgb4000000074555074,http://data.ordnancesurvey.co.uk/id/4000000074555074,Folda,,,,populatedPlace,Hamlet,319000.000,763917.000,5000,25000,318707.342,763368.257,319452.283,764588.578,PH11,http://data.ordnancesurvey.co.uk/id/postcodedistrict/PH11,,,,,,,Angus,http://data.ordnancesurvey.co.uk/id/7000000000030216,http://data.ordnancesurvey.co.uk/ontology/admingeo/UnitaryAuthority,Scotland,http://data.ordnancesurvey.co.uk/id/7000000000041429,Scotland,http://data.ordnancesurvey.co.uk/id/country/scotland,,"http://dbpedia.org/resource/Folda,_Angus",
osgb4000000074555076,http://data.ordnancesurvey.co.uk/id/4000000074555076,Straloch,,,,populatedPlace,Other Settlement,303830.000,763807.000,15000,25000,303475.457,763407.646,304651.673,764263.661,PH10,http://data.ordnancesurvey.co.uk/id/postcodedistrict/PH10,,,,,,,Perth and Kinross,http://data.ordnancesurvey.co.uk/id/7000000000030110,http://data.ordnancesurvey.co.uk/ontology/admingeo/UnitaryAuthority,Scotland,http://data.ordnancesurvey.co.uk/id/7000000000041429,Scotland,http://data.ordnancesurvey.co.uk/id/country/scotland,,,http://sws.geonames.org/2636728
osgb4000000074335056,http://data.ordnancesurvey.co.uk/id/4000000074335056,Forter,,,,populatedPlace,Hamlet,318587.000,765021.000,5000,25000,318114.341,764572.601,318653.436,765072.601,PH11,http://data.ordnancesurvey.co.uk/id/postcodedistrict/PH11,,,,,,,Angus,http://data.ordnancesurvey.co.uk/id/7000000000030216,http://data.ordnancesurvey.co.uk/ontology/admingeo/UnitaryAuthority,Scotland,http://data.ordnancesurvey.co.uk/id/7000000000041429,Scotland,http://data.ordnancesurvey.co.uk/id/country/scotland,,,http://sws.geonames.org/2649182
osgb4000000074555075,http://data.ordnancesurvey.co.uk/id/4000000074555075,Enochdhu,,,,populatedPlace,Other Settlement,306155.000,762497.000,15000,25000,305766.240,762240.290,306808.498,763145.721,PH10,http://data.ordnancesurvey.co.uk/id/postcodedistrict/PH10,,,,,,,Perth and Kinross,http://data.ordnancesurvey.co.uk/id/7000000000030110,http://data.ordnancesurvey.co.uk/ontology/admingeo/UnitaryAuthority,Scotland,http://data.ordnancesurvey.co.uk/id/7000000000041429,Scotland,http://data.ordnancesurvey.co.uk/id/country/scotland,,,
osgb4000000074554721,http://data.ordnancesurvey.co.uk/id/4000000074554721,Blacklunans,,,,populatedPlace,Other Settlement,314900.191,760446.985,15000,25000,314742.069,760242.054,315253.227,760742.054,PH10,http://data.ordnancesurvey.co.uk/id/postcodedistrict/PH10,,,,,,,Perth and Kinross,http://data.ordnancesurvey.co.uk/id/7000000000030110,http://data.ordnancesurvey.co.uk/ontology/admingeo/UnitaryAuthority,Scotland,http://data.ordnancesurvey.co.uk/id/7000000000041429,Scotland,http://data.ordnancesurvey.co.uk/id/country/scotland,,,
osgb4000000074335055,http://data.ordnancesurvey.co.uk/id/4000000074335055,Brewlands Bridge,,,,populatedPlace,Hamlet,319581.000,761283.000,5000,25000,319205.956,760730.113,319705.956,761641.682,PH11,http://data.ordnancesurvey.co.uk/id/postcodedistrict/PH11,,,,,,,Angus,http://data.ordnancesurvey.co.uk/id/7000000000030216,http://data.ordnancesurvey.co.uk/ontology/admingeo/UnitaryAuthority,Scotland,http://data.ordnancesurvey.co.uk/id/7000000000041429,Scotland,http://data.ordnancesurvey.co.uk/id/country/scotland,,http://dbpedia.org/resource/Brewlands_Bridge,
osgb4000000074555077,http://data.ordnancesurvey.co.uk/id/4000000074555077,Spittal of Glenshee,,,,populatedPlace,Hamlet,310857.000,770032.000,5000,25000,310725.917,769825.819,311496.096,770508.304,PH10,http://data.ordnancesurvey.co.uk/id/postcodedistrict/PH10,,,,,,,Perth and Kinross,http://data.ordnancesurvey.co.uk/id/7000000000030110,http://data.ordnancesurvey.co.uk/ontology/admingeo/UnitaryAuthority,Scotland,http://data.ordnancesurvey.co.uk/id/7000000000041429,Scotland,http://data.ordnancesurvey.co.uk/id/country/scotland,,http://dbpedia.org/resource/Spittal_of_Glenshee,http://sws.geonames.org/2637215
PH118PJ,http://data.ordnancesurvey.co.uk/id/postcodeunit/PH118PJ,PH11 8PJ,,,,other,Postcode,319130.000,762186.000,3500,18000,,,,,,,,,,,,,Angus,http://data.ordnancesurvey.co.uk/id/7000000000030216,http://data.ordnancesurvey.co.uk/ontology/admingeo/UnitaryAuthority,Scotland,http://data.ordnancesurvey.co.uk/id/7000000000041429,Scotland,http://data.ordnancesurvey.co.uk/id/country/scotland,,,
PH107PQ,http://data.ordnancesurvey.co.uk/id/postcodeunit/PH107PQ,PH10 7PQ,,,,other,Postcode,303953.000,763566.000,3500,18000,,,,,,,Straloch,http://data.ordnancesurvey.co.uk/id/4000000074555076,http://www.ordnancesurvey.co.uk/xml/codelists/localtype.xml#otherSettlement,,,,Perth and Kinross,http://data.ordnancesurvey.co.uk/id/7000000000030110,http://data.ordnancesurvey.co.uk/ontology/admingeo/UnitaryAuthority,Scotland,http://data.ordnancesurvey.co.uk/id/7000000000041429,Scotland,http://data.ordnancesurvey.co.uk/id/country/scotland,,,
PH107NX,http://data.ordnancesurvey.co.uk/id/postcodeunit/PH107NX,PH10 7NX,,,,other,Postcode,307926.000,760020.000,3500,18000,,,,,,,Kirkmichael,http://data.ordnancesurvey.co.uk/id/4000000074555073,http://www.ordnancesurvey.co.uk/xml/codelists/localtype.xml#village,,,,Perth and Kinross,http://data.ordnancesurvey.co.uk/id/7000000000030110,http://data.ordnancesurvey.co.uk/ontology/admingeo/UnitaryAuthority,Scotland,http://data.ordnancesurvey.co.uk/id/7000000000041429,Scotland,http://data.ordnancesurvey.co.uk/id/country/scotland,,,
PH107LR,http://data.ordnancesurvey.co.uk/id/postcodeunit/PH107LR,PH10 7LR,,,,other,Postcode,314121.000,760807.000,3500,18000,,,,,,,,,,,,,Perth and Kinross,http://data.ordnancesurvey.co.uk/id/7000000000030110,http://data.ordnancesurvey.co.uk/ontology/admingeo/UnitaryAuthority,Scotland,http://data.ordnancesurvey.co.uk/id/7000000000041429,Scotland,http://data.ordnancesurvey.co.uk/id/country/scotland,,,
PH107PD,http://data.ordnancesurvey.co.uk/id/postcodeunit/PH107PD,PH10 7PD,,,,other,Postcode,306549.000,763493.000,3500,18000,,,,,,,,,,,,,Perth and Kinross,http://data.ordnancesurvey.co.uk/id/7000000000030110,http://data.ordnancesurvey.co.uk/ontology/admingeo/UnitaryAuthority,Scotland,http://data.ordnancesurvey.co.uk/id/7000000000041429,Scotland,http://data.ordnancesurvey.co.uk/id/country/scotland,,,
PH107LW,http://data.ordnancesurvey.co.uk/id/postcodeunit/PH107LW,PH10 7LW,,,,other,Postcode,314865.000,762553.000,3500,18000,,,,,,,,,,,,,Perth and Kinross,http://data.ordnancesurvey.co.uk/id/7000000000030110,http://data.ordnancesurvey.co.uk/ontology/admingeo/UnitaryAuthority,Scotland,http://data.ordnancesurvey.co.uk/id/7000000000041429,Scotland,http://data.ordnancesurvey.co.uk/id/country/scotland,,,
PH107NZ,http://data.ordnancesurvey.co.uk/id/postcodeunit/PH107NZ,PH10 7NZ,,,,other,Postcode,307713.000,760585.000,3500,18000,,,,,,,Kirkmichael,http://data.ordnancesurvey.co.uk/id/4000000074555073,http://www.ordnancesurvey.co.uk/xml/codelists/localtype.xml#village,,,,Perth and Kinross,http://data.ordnancesurvey.co.uk/id/7000000000030110,http://data.ordnancesurvey.co.uk/ontology/admingeo/UnitaryAuthority,Scotland,http://data.ordnancesurvey.co.uk/id/7000000000041429,Scotland,http://data.ordnancesurvey.co.uk/id/country/scotland,,,
AB355XU,http://data.ordnancesurvey.co.uk/id/postcodeunit/AB355XU,AB35 5XU,,,,other,Postcode,313870.000,778147.000,3500,18000,,,,,,,,,,,,,Aberdeenshire,http://data.ordnancesurvey.co.uk/id/7000000000030111,http://data.ordnancesurvey.co.uk/ontology/admingeo/UnitaryAuthority,Scotland,http://data.ordnancesurvey.co.uk/id/7000000000041429,Scotland,http://data.ordnancesurvey.co.uk/id/country/scotland,,,
PH107JZ,http://data.ordnancesurvey.co.uk/id/postcodeunit/PH107JZ,PH10 7JZ,,,,other,Postcode,315073.000,760259.000,3500,18000,,,,,,,,,,,,,Perth and Kinross,http://data.ordnancesurvey.co.uk/id/7000000000030110,http://data.ordnancesurvey.co.uk/ontology/admingeo/UnitaryAuthority,Scotland,http://data.ordnancesurvey.co.uk/id/7000000000041429,Scotland,http://data.ordnancesurvey.co.uk/id/country/scotland,,,
PH107PN,http://data.ordnancesurvey.co.uk/id/postcodeunit/PH107PN,PH10 7PN,,,,other,Postcode,300928.000,779959.000,3500,18000,,,,,,,,,,,,,Perth and Kinross,http://data.ordnancesurvey.co.uk/id/7000000000030110,http://data.ordnancesurvey.co.uk/ontology/admingeo/UnitaryAuthority,Scotland,http://data.ordnancesurvey.co.uk/id/7000000000041429,Scotland,http://data.ordnancesurvey.co.uk/id/country/scotland,,,
PH118PN,http://data.ordnancesurvey.co.uk/id/postcodeunit/PH118PN,PH11 8PN,,,,other,Postcode,319878.000,760151.000,3500,18000,,,,,,,,,,,,,Angus,http://data.ordnancesurvey.co.uk/id/7000000000030216,http://data.ordnancesurvey.co.uk/ontology/admingeo/UnitaryAuthority,Scotland,http://data.ordnancesurvey.co.uk/id/7000000000041429,Scotland,http://data.ordnancesurvey.co.uk/id/country/scotland,,,
PH118QN,http://data.ordnancesurvey.co.uk/id/postcodeunit/PH118QN,PH11 8QN,,,,other,Postcode,318800.000,764471.000,3500,18000,,,,,,,Folda,http://data.ordnancesurvey.co.uk/id/4000000074555074,http://www.ordnancesurvey.co.uk/xml/codelists/localtype.xml#hamlet,,,,Angus,http://data.ordnancesurvey.co.uk/id/7000000000030216,http://data.ordnancesurvey.co.uk/ontology/admingeo/UnitaryAuthority,Scotland,http://data.ordnancesurvey.co.uk/id/7000000000041429,Scotland,http://data.ordnancesurvey.co.uk/id/country/scotland,,,
PH107PE,http://data.ordnancesurvey.co.uk/id/postcodeunit/PH107PE,PH10 7PE,,,,other,Postcode,306260.000,762717.000,3500,18000,,,,,,,Enochdhu,http://data.ordnancesurvey.co.uk/id/4000000074555075,http://www.ordnancesurvey.co.uk/xml/codelists/localtype.xml#otherSettlement,,,,Perth and Kinross,http://data.ordnancesurvey.co.uk/id/7000000000030110,http://data.ordnancesurvey.co.uk/ontology/admingeo/UnitaryAuthority,Scotland,http://data.ordnancesurvey.co.uk/id/7000000000041429,Scotland,http://data.ordnancesurvey.co.uk/id/country/scotland,,,
PH107QD,http://data.ordnancesurvey.co.uk/id/postcodeunit/PH107QD,PH10 7QD,,,,other,Postcode,312733.000,768342.000,3500,18000,,,,,,,,,,,,,Perth and Kinross,http://data.ordnancesurvey.co.uk/id/7000000000030110,http://data.ordnancesurvey.co.uk/ontology/admingeo/UnitaryAuthority,Scotland,http://data.ordnancesurvey.co.uk/id/7000000000041429,Scotland,http://data.ordnancesurvey.co.uk/id/country/scotland,,,
PH107PW,http://data.ordnancesurvey.co.uk/id/postcodeunit/PH107PW,PH10 7PW,,,,other,Postcode,305822.000,763303.000,3500,18000,,,,,,,,,,,,,Perth and Kinross,http://data.ordnancesurvey.co.uk/id/7000000000030110,http://data.ordnancesurvey.co.uk/ontology/admingeo/UnitaryAuthority,Scotland,http://data.ordnancesurvey.co.uk/id/7000000000041429,Scotland,http://data.ordnancesurvey.co.uk/id/country/scotland,,,
PH118PL,http://data.ordnancesurvey.co.uk/id/postcodeunit/PH118PL,PH11 8PL,,,,other,Postcode,319481.000,761150.000,3500,18000,,,,,,,Brewlands Bridge,http://data.ordnancesurvey.co.uk/id/4000000074335055,http://www.ordnancesurvey.co.uk/xml/codelists/localtype.xml#hamlet,,,,Angus,http://data.ordnancesurvey.co.uk/id/7000000000030216,http://data.ordnancesurvey.co.uk/ontology/admingeo/UnitaryAuthority,Scotland,http://data.ordnancesurvey.co.uk/id/7000000000041429,Scotland,http://data.ordnancesurvey.co.uk/id/country/scotland,,,
PH107PG,http://data.ordnancesurvey.co.uk/id/postcodeunit/PH107PG,PH10 7PG,,,,other,Postcode,305472.000,762941.000,3500,18000,,,,,,,,,,,,,Perth and Kinross,http://data.ordnancesurvey.co.uk/id/7000000000030110,http://data.ordnancesurvey.co.uk/ontology/admingeo/UnitaryAuthority,Scotland,http://data.ordnancesurvey.co.uk/id/7000000000041429,Scotland,http://data.ordnancesurvey.co.uk/id/country/scotland,,,
PH107LL,http://data.ordnancesurvey.co.uk/id/postcodeunit/PH107LL,PH10 7LL,,,,other,Postcode,314906.000,760418.000,3500,18000,,,,,,,Blacklunans,http://data.ordnancesurvey.co.uk/id/4000000074554721,http://www.ordnancesurvey.co.uk/xml/codelists/localtype.xml#otherSettlement,,,,Perth and Kinross,http://data.ordnancesurvey.co.uk/id/7000000000030110,http://data.ordnancesurvey.co.uk/ontology/admingeo/UnitaryAuthority,Scotland,http://data.ordnancesurvey.co.uk/id/7000000000041429,Scotland,http://data.ordnancesurvey.co.uk/id/country/scotland,,,
PH118QW,http://data.ordnancesurvey.co.uk/id/postcodeunit/PH118QW,PH11 8QW,,,,other,Postcode,318867.000,767571.000,3500,18000,,,,,,,,,,,,,Angus,http://data.ordnancesurvey.co.uk/id/7000000000030216,http://data.ordnancesurvey.co.uk/ontology/admingeo/UnitaryAuthority,Scotland,http://data.ordnancesurvey.co.uk/id/7000000000041429,Scotland,http://data.ordnancesurvey.co.uk/id/country/scotland,,,
PH107PH,http://data.ordnancesurvey.co.uk/id/postcodeunit/PH107PH,PH10 7PH,,,,other,Postcode,304133.000,764200.000,3500,18000,,,,,,,Straloch,http://data.ordnancesurvey.co.uk/id/4000000074555076,http://www.ordnancesurvey.co.uk/xml/codelists/localtype.xml#otherSettlement,,,,Perth and Kinross,http://data.ordnancesurvey.co.uk/id/7000000000030110,http://data.ordnancesurvey.co.uk/ontology/admingeo/UnitaryAuthority,Scotland,http://data.ordnancesurvey.co.uk/id/7000000000041429,Scotland,http://data.ordnancesurvey.co.uk/id/country/scotland,,,
PH107PA,http://data.ordnancesurvey.co.uk/id/postcodeunit/PH107PA,PH10 7PA,,,,other,Postcode,307260.000,761373.000,3500,18000,,,,,,,,,,,,,Perth and Kinross,http://data.ordnancesurvey.co.uk/id/7000000000030110,http://data.ordnancesurvey.co.uk/ontology/admingeo/UnitaryAuthority,Scotland,http://data.ordnancesurvey.co.uk/id/7000000000041429,Scotland,http://data.ordnancesurvey.co.uk/id/country/scotland,,,
PH107PB,http://data.ordnancesurvey.co.uk/id/postcodeunit/PH107PB,PH10 7PB,,,,other,Postcode,306752.000,762630.000,3500,18000,,,,,,,Enochdhu,http://data.ordnancesurvey.co.uk/id/4000000074555075,http://www.ordnancesurvey.co.uk/xml/codelists/localtype.xml#otherSettlement,,,,Perth and Kinross,http://data.ordnancesurvey.co.uk/id/7000000000030110,http://data.ordnancesurvey.co.uk/ontology/admingeo/UnitaryAuthority,Scotland,http://data.ordnancesurvey.co.uk/id/7000000000041429,Scotland,http://data.ordnancesurvey.co.uk/id/country/scotland,,,
PH107QE,http://data.ordnancesurvey.co.uk/id/postcodeunit/PH107QE,PH10 7QE,,,,other,Postcode,310378.000,769929.000,3500,18000,,,,,,,,,,,,,Perth and Kinross,http://data.ordnancesurvey.co.uk/id/7000000000030110,http://data.ordnancesurvey.co.uk/ontology/admingeo/UnitaryAuthority,Scotland,http://data.ordnancesurvey.co.uk/id/7000000000041429,Scotland,http://data.ordnancesurvey.co.uk/id/country/scotland,,,
PH107LP,http://data.ordnancesurvey.co.uk/id/postcodeunit/PH107LP,PH10 7LP,,,,other,Postcode,314668.000,763919.000,3500,18000,,,,,,,,,,,,,Perth and Kinross,http://data.ordnancesurvey.co.uk/id/7000000000030110,http://data.ordnancesurvey.co.uk/ontology/admingeo/UnitaryAuthority,Scotland,http://data.ordnancesurvey.co.uk/id/7000000000041429,Scotland,http://data.ordnancesurvey.co.uk/id/country/scotland,,,
PH107NT,http://data.ordnancesurvey.co.uk/id/postcodeunit/PH107NT,PH10 7NT,,,,other,Postcode,307985.000,760171.000,3500,18000,,,,,,,Kirkmichael,http://data.ordnancesurvey.co.uk/id/4000000074555073,http://www.ordnancesurvey.co.uk/xml/codelists/localtype.xml#village,,,,Perth and Kinross,http://data.ordnancesurvey.co.uk/id/7000000000030110,http://data.ordnancesurvey.co.uk/ontology/admingeo/UnitaryAuthority,Scotland,http://data.ordnancesurvey.co.uk/id/7000000000041429,Scotland,http://data.ordnancesurvey.co.uk/id/country/scotland,,,
PH107NB,http://data.ordnancesurvey.co.uk/id/postcodeunit/PH107NB,PH10 7NB,,,,other,Postcode,307297.000,760102.000,3500,18000,,,,,,,Kirkmichael,http://data.ordnancesurvey.co.uk/id/4000000074555073,http://www.ordnancesurvey.co.uk/xml/codelists/localtype.xml#village,,,,Perth and Kinross,http://data.ordnancesurvey.co.uk/id/7000000000030110,http://data.ordnancesurvey.co.uk/ontology/admingeo/UnitaryAuthority,Scotland,http://data.ordnancesurvey.co.uk/id/7000000000041429,Scotland,http://data.ordnancesurvey.co.uk/id/country/scotland,,,
PH107PL,http://data.ordnancesurvey.co.uk/id/postcodeunit/PH107PL,PH10 7PL,,,,other,Postcode,304647.000,764989.000,3500,18000,,,,,,,,,,,,,Perth and Kinross,http://data.ordnancesurvey.co.uk/id/7000000000030110,http://data.ordnancesurvey.co.uk/ontology/admingeo/UnitaryAuthority,Scotland,http://data.ordnancesurvey.co.uk/id/7000000000041429,Scotland,http://data.ordnancesurvey.co.uk/id/country/scotland,,,
PH107QB,http://data.ordnancesurvey.co.uk/id/postcodeunit/PH107QB,PH10 7QB,,,,other,Postcode,314039.000,766259.000,3500,18000,,,,,,,,,,,,,Perth and Kinross,http://data.ordnancesurvey.co.uk/id/7000000000030110,http://data.ordnancesurvey.co.uk/ontology/admingeo/UnitaryAuthority,Scotland,http://data.ordnancesurvey.co.uk/id/7000000000041429,Scotland,http://data.ordnancesurvey.co.uk/id/country/scotland,,,
PH118QL,http://data.ordnancesurvey.co.uk/id/postcodeunit/PH118QL,PH11 8QL,,,,other,Postcode,319345.000,763452.000,3500,18000,,,,,,,Folda,http://data.ordnancesurvey.co.uk/id/4000000074555074,http://www.ordnancesurvey.co.uk/xml/codelists/localtype.xml#hamlet,,,,Angus,http://data.ordnancesurvey.co.uk/id/7000000000030216,http://data.ordnancesurvey.co.uk/ontology/admingeo/UnitaryAuthority,Scotland,http://data.ordnancesurvey.co.uk/id/7000000000041429,Scotland,http://data.ordnancesurvey.co.uk/id/country/scotland,,,
PH107LN,http://data.ordnancesurvey.co.uk/id/postcodeunit/PH107LN,PH10 7LN,,,,other,Postcode,314893.000,761563.000,3500,18000,,,,,,,,,,,,,Perth and Kinross,http://data.ordnancesurvey.co.uk/id/7000000000030110,http://data.ordnancesurvey.co.uk/ontology/admingeo/UnitaryAuthority,Scotland,http://data.ordnancesurvey.co.uk/id/7000000000041429,Scotland,http://data.ordnancesurvey.co.uk/id/country/scotland,,,
PH107QG,http://data.ordnancesurvey.co.uk/id/postcodeunit/PH107QG,PH10 7QG,,,,other,Postcode,309125.000,771231.000,3500,18000,,,,,,,,,,,,,Perth and Kinross,http://data.ordnancesurvey.co.uk/id/7000000000030110,http://data.ordnancesurvey.co.uk/ontology/admingeo/UnitaryAuthority,Scotland,http://data.ordnancesurvey.co.uk/id/7000000000041429,Scotland,http://data.ordnancesurvey.co.uk/id/country/scotland,,,
PH107QQ,http://data.ordnancesurvey.co.uk/id/postcodeunit/PH107QQ,PH10 7QQ,,,,other,Postcode,312740.000,774117.000,3500,18000,,,,,,,,,,,,,Perth and Kinross,http://data.ordnancesurvey.co.uk/id/7000000000030110,http://data.ordnancesurvey.co.uk/ontology/admingeo/UnitaryAuthority,Scotland,http://data.ordnancesurvey.co.uk/id/7000000000041429,Scotland,http://data.ordnancesurvey.co.uk/id/country/scotland,,,
PH118QJ,http://data.ordnancesurvey.co.uk/id/postcodeunit/PH118QJ,PH11 8QJ,,,,other,Postcode,319662.000,761782.000,3500,18000,,,,,,,,,,,,,Angus,http://data.ordnancesurvey.co.uk/id/7000000000030216,http://data.ordnancesurvey.co.uk/ontology/admingeo/UnitaryAuthority,Scotland,http://data.ordnancesurvey.co.uk/id/7000000000041429,Scotland,http://data.ordnancesurvey.co.uk/id/country/scotland,,,
PH107PJ,http://data.ordnancesurvey.co.uk/id/postcodeunit/PH107PJ,PH10 7PJ,,,,other,Postcode,301142.000,763869.000,3500,18000,,,,,,,,,,,,,Perth and Kinross,http://data.ordnancesurvey.co.uk/id/7000000000030110,http://data.ordnancesurvey.co.uk/ontology/admingeo/UnitaryAuthority,Scotland,http://data.ordnancesurvey.co.uk/id/7000000000041429,Scotland,http://data.ordnancesurvey.co.uk/id/country/scotland,,,
PH107LA,http://data.ordnancesurvey.co.uk/id/postcodeunit/PH107LA,PH10 7LA,,,,other,Postcode,315575.000,760584.000,3500,18000,,,,,,,,,,,,,Perth and Kinross,http://data.ordnancesurvey.co.uk/id/7000000000030110,http://data.ordnancesurvey.co.uk/ontology/admingeo/UnitaryAuthority,Scotland,http://data.ordnancesurvey.co.uk/id/7000000000041429,Scotland,http://data.ordnancesurvey.co.uk/id/country/scotland,,,
osgb4000000004538506,http://data.ordnancesurvey.co.uk/id/4000000004538506,A924,,,,transportNetwork,Numbered Road,307815.000,760330.000,139000,1000000,292546.000,751356.000,313970.000,763936.000,PH10,http://data.ordnancesurvey.co.uk/id/postcodedistrict/PH10,Kirkmichael,http://data.ordnancesurvey.co.uk/id/4000000074555073,http://www.ordnancesurvey.co.uk/xml/codelists/localtype.xml#village,,,,Perth and Kinross,http://data.ordnancesurvey.co.uk/id/7000000000030110,http://data.ordnancesurvey.co.uk/ontology/admingeo/UnitaryAuthority,Scotland,http://data.ordnancesurvey.co.uk/id/7000000000041429,Scotland,http://data.ordnancesurvey.co.uk/id/country/scotland,,,
PH107PF,http://data.ordnancesurvey.co.uk/id/postcodeunit/PH107PF,PH10 7PF,,,,other,Postcode,305953.000,762648.000,3500,18000,,,,,,,Enochdhu,http://data.ordnancesurvey.co.uk/id/4000000074555075,http://www.ordnancesurvey.co.uk/xml/codelists/localtype.xml#otherSettlement,,,,Perth and Kinross,http://data.ordnancesurvey.co.uk/id/7000000000030110,http://data.ordnancesurvey.co.uk/ontology/admingeo/UnitaryAuthority,Scotland,http://data.ordnancesurvey.co.uk/id/7000000000041429,Scotland,http://data.ordnancesurvey.co.uk/id/country/scotland,,,
PH107NU,http://data.ordnancesurvey.co.uk/id/postcodeunit/PH107NU,PH10 7NU,,,,other,Postcode,307933.000,760161.000,3500,18000,,,,,,,Kirkmichael,http://data.ordnancesurvey.co.uk/id/4000000074555073,http://www.ordnancesurvey.co.uk/xml/codelists/localtype.xml#village,,,,Perth and Kinross,http://data.ordnancesurvey.co.uk/id/7000000000030110,http://data.ordnancesurvey.co.uk/ontology/admingeo/UnitaryAuthority,Scotland,http://data.ordnancesurvey.co.uk/id/7000000000041429,Scotland,http://data.ordnancesurvey.co.uk/id/country/scotland,,,
