﻿osgb4000000074555809,http://data.ordnancesurvey.co.uk/id/4000000074555809,Muir,,,,populatedPlace,Other Settlement,306184.567,789606.127,15000,25000,306095.237,789323.639,306595.237,789823.639,AB35,http://data.ordnancesurvey.co.uk/id/postcodedistrict/AB35,,,,,,,Aberdeenshire,http://data.ordnancesurvey.co.uk/id/7000000000030111,http://data.ordnancesurvey.co.uk/ontology/admingeo/UnitaryAuthority,Scotland,http://data.ordnancesurvey.co.uk/id/7000000000041429,Scotland,http://data.ordnancesurvey.co.uk/id/country/scotland,,,
osgb4000000074555807,http://data.ordnancesurvey.co.uk/id/4000000074555807,Braemar,,,,populatedPlace,Village,315023.000,791408.000,9000,250000,314141.202,790289.031,315584.937,791708.305,AB35,http://data.ordnancesurvey.co.uk/id/postcodedistrict/AB35,,,,,,,Aberdeenshire,http://data.ordnancesurvey.co.uk/id/7000000000030111,http://data.ordnancesurvey.co.uk/ontology/admingeo/UnitaryAuthority,Scotland,http://data.ordnancesurvey.co.uk/id/7000000000041429,Scotland,http://data.ordnancesurvey.co.uk/id/country/scotland,,http://dbpedia.org/resource/Braemar,http://sws.geonames.org/2654965
osgb4000000074555808,http://data.ordnancesurvey.co.uk/id/4000000074555808,Inverey,,,,populatedPlace,Other Settlement,308890.990,789225.890,15000,25000,307602.333,788707.394,309609.255,789746.687,AB35,http://data.ordnancesurvey.co.uk/id/postcodedistrict/AB35,,,,,,,Aberdeenshire,http://data.ordnancesurvey.co.uk/id/7000000000030111,http://data.ordnancesurvey.co.uk/ontology/admingeo/UnitaryAuthority,Scotland,http://data.ordnancesurvey.co.uk/id/7000000000041429,Scotland,http://data.ordnancesurvey.co.uk/id/country/scotland,,,
AB355WR,http://data.ordnancesurvey.co.uk/id/postcodeunit/AB355WR,AB35 5WR,,,,other,Postcode,314940.000,791602.000,3500,18000,,,,,,,Braemar,http://data.ordnancesurvey.co.uk/id/4000000074555807,http://www.ordnancesurvey.co.uk/xml/codelists/localtype.xml#village,,,,Aberdeenshire,http://data.ordnancesurvey.co.uk/id/7000000000030111,http://data.ordnancesurvey.co.uk/ontology/admingeo/UnitaryAuthority,Scotland,http://data.ordnancesurvey.co.uk/id/7000000000041429,Scotland,http://data.ordnancesurvey.co.uk/id/country/scotland,,,
AB355WT,http://data.ordnancesurvey.co.uk/id/postcodeunit/AB355WT,AB35 5WT,,,,other,Postcode,314585.000,791431.000,3500,18000,,,,,,,Braemar,http://data.ordnancesurvey.co.uk/id/4000000074555807,http://www.ordnancesurvey.co.uk/xml/codelists/localtype.xml#village,,,,Aberdeenshire,http://data.ordnancesurvey.co.uk/id/7000000000030111,http://data.ordnancesurvey.co.uk/ontology/admingeo/UnitaryAuthority,Scotland,http://data.ordnancesurvey.co.uk/id/7000000000041429,Scotland,http://data.ordnancesurvey.co.uk/id/country/scotland,,,
AB355YG,http://data.ordnancesurvey.co.uk/id/postcodeunit/AB355YG,AB35 5YG,,,,other,Postcode,314678.000,791454.000,3500,18000,,,,,,,Braemar,http://data.ordnancesurvey.co.uk/id/4000000074555807,http://www.ordnancesurvey.co.uk/xml/codelists/localtype.xml#village,,,,Aberdeenshire,http://data.ordnancesurvey.co.uk/id/7000000000030111,http://data.ordnancesurvey.co.uk/ontology/admingeo/UnitaryAuthority,Scotland,http://data.ordnancesurvey.co.uk/id/7000000000041429,Scotland,http://data.ordnancesurvey.co.uk/id/country/scotland,,,
AB355AT,http://data.ordnancesurvey.co.uk/id/postcodeunit/AB355AT,AB35 5AT,,,,other,Postcode,315301.000,791476.000,3500,18000,,,,,,,Braemar,http://data.ordnancesurvey.co.uk/id/4000000074555807,http://www.ordnancesurvey.co.uk/xml/codelists/localtype.xml#village,,,,Aberdeenshire,http://data.ordnancesurvey.co.uk/id/7000000000030111,http://data.ordnancesurvey.co.uk/ontology/admingeo/UnitaryAuthority,Scotland,http://data.ordnancesurvey.co.uk/id/7000000000041429,Scotland,http://data.ordnancesurvey.co.uk/id/country/scotland,,,
AB355ZR,http://data.ordnancesurvey.co.uk/id/postcodeunit/AB355ZR,AB35 5ZR,,,,other,Postcode,315226.000,791434.000,3500,18000,,,,,,,Braemar,http://data.ordnancesurvey.co.uk/id/4000000074555807,http://www.ordnancesurvey.co.uk/xml/codelists/localtype.xml#village,,,,Aberdeenshire,http://data.ordnancesurvey.co.uk/id/7000000000030111,http://data.ordnancesurvey.co.uk/ontology/admingeo/UnitaryAuthority,Scotland,http://data.ordnancesurvey.co.uk/id/7000000000041429,Scotland,http://data.ordnancesurvey.co.uk/id/country/scotland,,,
AB355YZ,http://data.ordnancesurvey.co.uk/id/postcodeunit/AB355YZ,AB35 5YZ,,,,other,Postcode,315166.000,791130.000,3500,18000,,,,,,,Braemar,http://data.ordnancesurvey.co.uk/id/4000000074555807,http://www.ordnancesurvey.co.uk/xml/codelists/localtype.xml#village,,,,Aberdeenshire,http://data.ordnancesurvey.co.uk/id/7000000000030111,http://data.ordnancesurvey.co.uk/ontology/admingeo/UnitaryAuthority,Scotland,http://data.ordnancesurvey.co.uk/id/7000000000041429,Scotland,http://data.ordnancesurvey.co.uk/id/country/scotland,,,
AB355WP,http://data.ordnancesurvey.co.uk/id/postcodeunit/AB355WP,AB35 5WP,,,,other,Postcode,314544.000,791187.000,3500,18000,,,,,,,Braemar,http://data.ordnancesurvey.co.uk/id/4000000074555807,http://www.ordnancesurvey.co.uk/xml/codelists/localtype.xml#village,,,,Aberdeenshire,http://data.ordnancesurvey.co.uk/id/7000000000030111,http://data.ordnancesurvey.co.uk/ontology/admingeo/UnitaryAuthority,Scotland,http://data.ordnancesurvey.co.uk/id/7000000000041429,Scotland,http://data.ordnancesurvey.co.uk/id/country/scotland,,,
AB355YQ,http://data.ordnancesurvey.co.uk/id/postcodeunit/AB355YQ,AB35 5YQ,,,,other,Postcode,315320.000,791302.000,3500,18000,,,,,,,Braemar,http://data.ordnancesurvey.co.uk/id/4000000074555807,http://www.ordnancesurvey.co.uk/xml/codelists/localtype.xml#village,,,,Aberdeenshire,http://data.ordnancesurvey.co.uk/id/7000000000030111,http://data.ordnancesurvey.co.uk/ontology/admingeo/UnitaryAuthority,Scotland,http://data.ordnancesurvey.co.uk/id/7000000000041429,Scotland,http://data.ordnancesurvey.co.uk/id/country/scotland,,,
AB355YX,http://data.ordnancesurvey.co.uk/id/postcodeunit/AB355YX,AB35 5YX,,,,other,Postcode,314811.000,791290.000,3500,18000,,,,,,,Braemar,http://data.ordnancesurvey.co.uk/id/4000000074555807,http://www.ordnancesurvey.co.uk/xml/codelists/localtype.xml#village,,,,Aberdeenshire,http://data.ordnancesurvey.co.uk/id/7000000000030111,http://data.ordnancesurvey.co.uk/ontology/admingeo/UnitaryAuthority,Scotland,http://data.ordnancesurvey.co.uk/id/7000000000041429,Scotland,http://data.ordnancesurvey.co.uk/id/country/scotland,,,
AB355TS,http://data.ordnancesurvey.co.uk/id/postcodeunit/AB355TS,AB35 5TS,,,,other,Postcode,316677.000,792960.000,3500,18000,,,,,,,,,,,,,Aberdeenshire,http://data.ordnancesurvey.co.uk/id/7000000000030111,http://data.ordnancesurvey.co.uk/ontology/admingeo/UnitaryAuthority,Scotland,http://data.ordnancesurvey.co.uk/id/7000000000041429,Scotland,http://data.ordnancesurvey.co.uk/id/country/scotland,,,
AB355XR,http://data.ordnancesurvey.co.uk/id/postcodeunit/AB355XR,AB35 5XR,,,,other,Postcode,315241.000,792144.000,3500,18000,,,,,,,,,,,,,Aberdeenshire,http://data.ordnancesurvey.co.uk/id/7000000000030111,http://data.ordnancesurvey.co.uk/ontology/admingeo/UnitaryAuthority,Scotland,http://data.ordnancesurvey.co.uk/id/7000000000041429,Scotland,http://data.ordnancesurvey.co.uk/id/country/scotland,,,
AB355YL,http://data.ordnancesurvey.co.uk/id/postcodeunit/AB355YL,AB35 5YL,,,,other,Postcode,314965.000,791442.000,3500,18000,,,,,,,Braemar,http://data.ordnancesurvey.co.uk/id/4000000074555807,http://www.ordnancesurvey.co.uk/xml/codelists/localtype.xml#village,,,,Aberdeenshire,http://data.ordnancesurvey.co.uk/id/7000000000030111,http://data.ordnancesurvey.co.uk/ontology/admingeo/UnitaryAuthority,Scotland,http://data.ordnancesurvey.co.uk/id/7000000000041429,Scotland,http://data.ordnancesurvey.co.uk/id/country/scotland,,,
AB355ZP,http://data.ordnancesurvey.co.uk/id/postcodeunit/AB355ZP,AB35 5ZP,,,,other,Postcode,315034.000,791316.000,3500,18000,,,,,,,Braemar,http://data.ordnancesurvey.co.uk/id/4000000074555807,http://www.ordnancesurvey.co.uk/xml/codelists/localtype.xml#village,,,,Aberdeenshire,http://data.ordnancesurvey.co.uk/id/7000000000030111,http://data.ordnancesurvey.co.uk/ontology/admingeo/UnitaryAuthority,Scotland,http://data.ordnancesurvey.co.uk/id/7000000000041429,Scotland,http://data.ordnancesurvey.co.uk/id/country/scotland,,,
AB355YJ,http://data.ordnancesurvey.co.uk/id/postcodeunit/AB355YJ,AB35 5YJ,,,,other,Postcode,309858.000,789994.000,3500,18000,,,,,,,,,,,,,Aberdeenshire,http://data.ordnancesurvey.co.uk/id/7000000000030111,http://data.ordnancesurvey.co.uk/ontology/admingeo/UnitaryAuthority,Scotland,http://data.ordnancesurvey.co.uk/id/7000000000041429,Scotland,http://data.ordnancesurvey.co.uk/id/country/scotland,,,
AB355ZQ,http://data.ordnancesurvey.co.uk/id/postcodeunit/AB355ZQ,AB35 5ZQ,,,,other,Postcode,315353.000,791435.000,3500,18000,,,,,,,Braemar,http://data.ordnancesurvey.co.uk/id/4000000074555807,http://www.ordnancesurvey.co.uk/xml/codelists/localtype.xml#village,,,,Aberdeenshire,http://data.ordnancesurvey.co.uk/id/7000000000030111,http://data.ordnancesurvey.co.uk/ontology/admingeo/UnitaryAuthority,Scotland,http://data.ordnancesurvey.co.uk/id/7000000000041429,Scotland,http://data.ordnancesurvey.co.uk/id/country/scotland,,,
AB355TW,http://data.ordnancesurvey.co.uk/id/postcodeunit/AB355TW,AB35 5TW,,,,other,Postcode,318722.000,791527.000,3500,18000,,,,,,,,,,,,,Aberdeenshire,http://data.ordnancesurvey.co.uk/id/7000000000030111,http://data.ordnancesurvey.co.uk/ontology/admingeo/UnitaryAuthority,Scotland,http://data.ordnancesurvey.co.uk/id/7000000000041429,Scotland,http://data.ordnancesurvey.co.uk/id/country/scotland,,,
AB355YR,http://data.ordnancesurvey.co.uk/id/postcodeunit/AB355YR,AB35 5YR,,,,other,Postcode,315227.000,791577.000,3500,18000,,,,,,,Braemar,http://data.ordnancesurvey.co.uk/id/4000000074555807,http://www.ordnancesurvey.co.uk/xml/codelists/localtype.xml#village,,,,Aberdeenshire,http://data.ordnancesurvey.co.uk/id/7000000000030111,http://data.ordnancesurvey.co.uk/ontology/admingeo/UnitaryAuthority,Scotland,http://data.ordnancesurvey.co.uk/id/7000000000041429,Scotland,http://data.ordnancesurvey.co.uk/id/country/scotland,,,
AB355XS,http://data.ordnancesurvey.co.uk/id/postcodeunit/AB355XS,AB35 5XS,,,,other,Postcode,315688.000,788354.000,3500,18000,,,,,,,,,,,,,Aberdeenshire,http://data.ordnancesurvey.co.uk/id/7000000000030111,http://data.ordnancesurvey.co.uk/ontology/admingeo/UnitaryAuthority,Scotland,http://data.ordnancesurvey.co.uk/id/7000000000041429,Scotland,http://data.ordnancesurvey.co.uk/id/country/scotland,,,
AB355NS,http://data.ordnancesurvey.co.uk/id/postcodeunit/AB355NS,AB35 5NS,,,,other,Postcode,315068.000,791495.000,3500,18000,,,,,,,Braemar,http://data.ordnancesurvey.co.uk/id/4000000074555807,http://www.ordnancesurvey.co.uk/xml/codelists/localtype.xml#village,,,,Aberdeenshire,http://data.ordnancesurvey.co.uk/id/7000000000030111,http://data.ordnancesurvey.co.uk/ontology/admingeo/UnitaryAuthority,Scotland,http://data.ordnancesurvey.co.uk/id/7000000000041429,Scotland,http://data.ordnancesurvey.co.uk/id/country/scotland,,,
AB355XX,http://data.ordnancesurvey.co.uk/id/postcodeunit/AB355XX,AB35 5XX,,,,other,Postcode,314947.000,790360.000,3500,18000,,,,,,,Braemar,http://data.ordnancesurvey.co.uk/id/4000000074555807,http://www.ordnancesurvey.co.uk/xml/codelists/localtype.xml#village,,,,Aberdeenshire,http://data.ordnancesurvey.co.uk/id/7000000000030111,http://data.ordnancesurvey.co.uk/ontology/admingeo/UnitaryAuthority,Scotland,http://data.ordnancesurvey.co.uk/id/7000000000041429,Scotland,http://data.ordnancesurvey.co.uk/id/country/scotland,,,
AB355XG,http://data.ordnancesurvey.co.uk/id/postcodeunit/AB355XG,AB35 5XG,,,,other,Postcode,315229.000,791162.000,3500,18000,,,,,,,Braemar,http://data.ordnancesurvey.co.uk/id/4000000074555807,http://www.ordnancesurvey.co.uk/xml/codelists/localtype.xml#village,,,,Aberdeenshire,http://data.ordnancesurvey.co.uk/id/7000000000030111,http://data.ordnancesurvey.co.uk/ontology/admingeo/UnitaryAuthority,Scotland,http://data.ordnancesurvey.co.uk/id/7000000000041429,Scotland,http://data.ordnancesurvey.co.uk/id/country/scotland,,,
AB355YW,http://data.ordnancesurvey.co.uk/id/postcodeunit/AB355YW,AB35 5YW,,,,other,Postcode,315449.000,791284.000,3500,18000,,,,,,,Braemar,http://data.ordnancesurvey.co.uk/id/4000000074555807,http://www.ordnancesurvey.co.uk/xml/codelists/localtype.xml#village,,,,Aberdeenshire,http://data.ordnancesurvey.co.uk/id/7000000000030111,http://data.ordnancesurvey.co.uk/ontology/admingeo/UnitaryAuthority,Scotland,http://data.ordnancesurvey.co.uk/id/7000000000041429,Scotland,http://data.ordnancesurvey.co.uk/id/country/scotland,,,
AB355YU,http://data.ordnancesurvey.co.uk/id/postcodeunit/AB355YU,AB35 5YU,,,,other,Postcode,315364.000,791390.000,3500,18000,,,,,,,Braemar,http://data.ordnancesurvey.co.uk/id/4000000074555807,http://www.ordnancesurvey.co.uk/xml/codelists/localtype.xml#village,,,,Aberdeenshire,http://data.ordnancesurvey.co.uk/id/7000000000030111,http://data.ordnancesurvey.co.uk/ontology/admingeo/UnitaryAuthority,Scotland,http://data.ordnancesurvey.co.uk/id/7000000000041429,Scotland,http://data.ordnancesurvey.co.uk/id/country/scotland,,,
AB355YY,http://data.ordnancesurvey.co.uk/id/postcodeunit/AB355YY,AB35 5YY,,,,other,Postcode,315081.000,791298.000,3500,18000,,,,,,,Braemar,http://data.ordnancesurvey.co.uk/id/4000000074555807,http://www.ordnancesurvey.co.uk/xml/codelists/localtype.xml#village,,,,Aberdeenshire,http://data.ordnancesurvey.co.uk/id/7000000000030111,http://data.ordnancesurvey.co.uk/ontology/admingeo/UnitaryAuthority,Scotland,http://data.ordnancesurvey.co.uk/id/7000000000041429,Scotland,http://data.ordnancesurvey.co.uk/id/country/scotland,,,
AB355ZS,http://data.ordnancesurvey.co.uk/id/postcodeunit/AB355ZS,AB35 5ZS,,,,other,Postcode,315268.000,791421.000,3500,18000,,,,,,,Braemar,http://data.ordnancesurvey.co.uk/id/4000000074555807,http://www.ordnancesurvey.co.uk/xml/codelists/localtype.xml#village,,,,Aberdeenshire,http://data.ordnancesurvey.co.uk/id/7000000000030111,http://data.ordnancesurvey.co.uk/ontology/admingeo/UnitaryAuthority,Scotland,http://data.ordnancesurvey.co.uk/id/7000000000041429,Scotland,http://data.ordnancesurvey.co.uk/id/country/scotland,,,
AB355YT,http://data.ordnancesurvey.co.uk/id/postcodeunit/AB355YT,AB35 5YT,,,,other,Postcode,314525.000,791278.000,3500,18000,,,,,,,Braemar,http://data.ordnancesurvey.co.uk/id/4000000074555807,http://www.ordnancesurvey.co.uk/xml/codelists/localtype.xml#village,,,,Aberdeenshire,http://data.ordnancesurvey.co.uk/id/7000000000030111,http://data.ordnancesurvey.co.uk/ontology/admingeo/UnitaryAuthority,Scotland,http://data.ordnancesurvey.co.uk/id/7000000000041429,Scotland,http://data.ordnancesurvey.co.uk/id/country/scotland,,,
AB355PY,http://data.ordnancesurvey.co.uk/id/postcodeunit/AB355PY,AB35 5PY,,,,other,Postcode,315172.000,791533.000,3500,18000,,,,,,,Braemar,http://data.ordnancesurvey.co.uk/id/4000000074555807,http://www.ordnancesurvey.co.uk/xml/codelists/localtype.xml#village,,,,Aberdeenshire,http://data.ordnancesurvey.co.uk/id/7000000000030111,http://data.ordnancesurvey.co.uk/ontology/admingeo/UnitaryAuthority,Scotland,http://data.ordnancesurvey.co.uk/id/7000000000041429,Scotland,http://data.ordnancesurvey.co.uk/id/country/scotland,,,
AB355YA,http://data.ordnancesurvey.co.uk/id/postcodeunit/AB355YA,AB35 5YA,,,,other,Postcode,314679.000,791050.000,3500,18000,,,,,,,Braemar,http://data.ordnancesurvey.co.uk/id/4000000074555807,http://www.ordnancesurvey.co.uk/xml/codelists/localtype.xml#village,,,,Aberdeenshire,http://data.ordnancesurvey.co.uk/id/7000000000030111,http://data.ordnancesurvey.co.uk/ontology/admingeo/UnitaryAuthority,Scotland,http://data.ordnancesurvey.co.uk/id/7000000000041429,Scotland,http://data.ordnancesurvey.co.uk/id/country/scotland,,,
AB355TR,http://data.ordnancesurvey.co.uk/id/postcodeunit/AB355TR,AB35 5TR,,,,other,Postcode,318685.000,791535.000,3500,18000,,,,,,,,,,,,,Aberdeenshire,http://data.ordnancesurvey.co.uk/id/7000000000030111,http://data.ordnancesurvey.co.uk/ontology/admingeo/UnitaryAuthority,Scotland,http://data.ordnancesurvey.co.uk/id/7000000000041429,Scotland,http://data.ordnancesurvey.co.uk/id/country/scotland,,,
AB355XQ,http://data.ordnancesurvey.co.uk/id/postcodeunit/AB355XQ,AB35 5XQ,,,,other,Postcode,318223.000,791336.000,3500,18000,,,,,,,,,,,,,Aberdeenshire,http://data.ordnancesurvey.co.uk/id/7000000000030111,http://data.ordnancesurvey.co.uk/ontology/admingeo/UnitaryAuthority,Scotland,http://data.ordnancesurvey.co.uk/id/7000000000041429,Scotland,http://data.ordnancesurvey.co.uk/id/country/scotland,,,
AB355YE,http://data.ordnancesurvey.co.uk/id/postcodeunit/AB355YE,AB35 5YE,,,,other,Postcode,315105.000,791217.000,3500,18000,,,,,,,Braemar,http://data.ordnancesurvey.co.uk/id/4000000074555807,http://www.ordnancesurvey.co.uk/xml/codelists/localtype.xml#village,,,,Aberdeenshire,http://data.ordnancesurvey.co.uk/id/7000000000030111,http://data.ordnancesurvey.co.uk/ontology/admingeo/UnitaryAuthority,Scotland,http://data.ordnancesurvey.co.uk/id/7000000000041429,Scotland,http://data.ordnancesurvey.co.uk/id/country/scotland,,,
AB355YP,http://data.ordnancesurvey.co.uk/id/postcodeunit/AB355YP,AB35 5YP,,,,other,Postcode,315176.000,791470.000,3500,18000,,,,,,,Braemar,http://data.ordnancesurvey.co.uk/id/4000000074555807,http://www.ordnancesurvey.co.uk/xml/codelists/localtype.xml#village,,,,Aberdeenshire,http://data.ordnancesurvey.co.uk/id/7000000000030111,http://data.ordnancesurvey.co.uk/ontology/admingeo/UnitaryAuthority,Scotland,http://data.ordnancesurvey.co.uk/id/7000000000041429,Scotland,http://data.ordnancesurvey.co.uk/id/country/scotland,,,
osgb4000000004584811,http://data.ordnancesurvey.co.uk/id/4000000004584811,Fife Brae,,,,transportNetwork,Named Road,315053.000,791487.000,1000,20000,315024.000,791403.000,315055.000,791530.000,AB35,http://data.ordnancesurvey.co.uk/id/postcodedistrict/AB35,Braemar,http://data.ordnancesurvey.co.uk/id/4000000074555807,http://www.ordnancesurvey.co.uk/xml/codelists/localtype.xml#village,,,,Aberdeenshire,http://data.ordnancesurvey.co.uk/id/7000000000030111,http://data.ordnancesurvey.co.uk/ontology/admingeo/UnitaryAuthority,Scotland,http://data.ordnancesurvey.co.uk/id/7000000000041429,Scotland,http://data.ordnancesurvey.co.uk/id/country/scotland,,,
osgb4000000004512021,http://data.ordnancesurvey.co.uk/id/4000000004512021,Broombank Terrace,,,,transportNetwork,Named Road,314789.000,791239.000,3000,20000,314642.000,791018.000,314815.000,791461.000,AB35,http://data.ordnancesurvey.co.uk/id/postcodedistrict/AB35,Braemar,http://data.ordnancesurvey.co.uk/id/4000000074555807,http://www.ordnancesurvey.co.uk/xml/codelists/localtype.xml#village,,,,Aberdeenshire,http://data.ordnancesurvey.co.uk/id/7000000000030111,http://data.ordnancesurvey.co.uk/ontology/admingeo/UnitaryAuthority,Scotland,http://data.ordnancesurvey.co.uk/id/7000000000041429,Scotland,http://data.ordnancesurvey.co.uk/id/country/scotland,,,
osgb4000000004515885,http://data.ordnancesurvey.co.uk/id/4000000004515885,Kindrochit Drive,,,,transportNetwork,Named Road,315375.000,791279.000,1000,20000,315278.000,791193.353,315470.000,791350.000,AB35,http://data.ordnancesurvey.co.uk/id/postcodedistrict/AB35,Braemar,http://data.ordnancesurvey.co.uk/id/4000000074555807,http://www.ordnancesurvey.co.uk/xml/codelists/localtype.xml#village,,,,Aberdeenshire,http://data.ordnancesurvey.co.uk/id/7000000000030111,http://data.ordnancesurvey.co.uk/ontology/admingeo/UnitaryAuthority,Scotland,http://data.ordnancesurvey.co.uk/id/7000000000041429,Scotland,http://data.ordnancesurvey.co.uk/id/country/scotland,,,
osgb5000005114045848,http://data.ordnancesurvey.co.uk/id/5000005114045848,Canmore Road,,,,transportNetwork,Named Road,315236.694,791138.673,1000,20000,315167.756,791134.513,315329.074,791199.225,AB35,http://data.ordnancesurvey.co.uk/id/postcodedistrict/AB35,Braemar,http://data.ordnancesurvey.co.uk/id/4000000074555807,http://www.ordnancesurvey.co.uk/xml/codelists/localtype.xml#village,,,,Aberdeenshire,http://data.ordnancesurvey.co.uk/id/7000000000030111,http://data.ordnancesurvey.co.uk/ontology/admingeo/UnitaryAuthority,Scotland,http://data.ordnancesurvey.co.uk/id/7000000000041429,Scotland,http://data.ordnancesurvey.co.uk/id/country/scotland,,,
osgb4000000004513552,http://data.ordnancesurvey.co.uk/id/4000000004513552,Invercauld Road,,,,transportNetwork,Named Road,315144.000,791401.000,1000,20000,315075.000,791385.000,315193.000,791471.000,AB35,http://data.ordnancesurvey.co.uk/id/postcodedistrict/AB35,Braemar,http://data.ordnancesurvey.co.uk/id/4000000074555807,http://www.ordnancesurvey.co.uk/xml/codelists/localtype.xml#village,,,,Aberdeenshire,http://data.ordnancesurvey.co.uk/id/7000000000030111,http://data.ordnancesurvey.co.uk/ontology/admingeo/UnitaryAuthority,Scotland,http://data.ordnancesurvey.co.uk/id/7000000000041429,Scotland,http://data.ordnancesurvey.co.uk/id/country/scotland,,,
84137577-618f-4f4b-8952-d782464674ca,http://data.ordnancesurvey.co.uk/id/84137577-618f-4f4b-8952-d782464674ca,Old Military Road,,,,transportNetwork,Section Of Named Road,315013.000,790979.000,9000,25000,314913.000,790300.091,315215.926,791659.708,AB35,http://data.ordnancesurvey.co.uk/id/postcodedistrict/AB35,Braemar,http://data.ordnancesurvey.co.uk/id/4000000074555807,http://www.ordnancesurvey.co.uk/xml/codelists/localtype.xml#village,,,,Aberdeenshire,http://data.ordnancesurvey.co.uk/id/7000000000030111,http://data.ordnancesurvey.co.uk/ontology/admingeo/UnitaryAuthority,Scotland,http://data.ordnancesurvey.co.uk/id/7000000000041429,Scotland,http://data.ordnancesurvey.co.uk/id/country/scotland,osgb4000000004511198,,
2e6cac89-080b-48f1-a809-9e4fbdab63d6,http://data.ordnancesurvey.co.uk/id/2e6cac89-080b-48f1-a809-9e4fbdab63d6,Broombank Terrace,,,,transportNetwork,Section Of Named Road,314789.000,791239.000,3000,25000,314642.393,791018.327,314815.000,791461.000,AB35,http://data.ordnancesurvey.co.uk/id/postcodedistrict/AB35,Braemar,http://data.ordnancesurvey.co.uk/id/4000000074555807,http://www.ordnancesurvey.co.uk/xml/codelists/localtype.xml#village,,,,Aberdeenshire,http://data.ordnancesurvey.co.uk/id/7000000000030111,http://data.ordnancesurvey.co.uk/ontology/admingeo/UnitaryAuthority,Scotland,http://data.ordnancesurvey.co.uk/id/7000000000041429,Scotland,http://data.ordnancesurvey.co.uk/id/country/scotland,osgb4000000004512021,,
osgb4000000004515888,http://data.ordnancesurvey.co.uk/id/4000000004515888,Cairnadrochit,,,,transportNetwork,Named Road,315024.000,791527.000,1000,20000,314993.000,791432.000,315091.177,791627.219,AB35,http://data.ordnancesurvey.co.uk/id/postcodedistrict/AB35,Braemar,http://data.ordnancesurvey.co.uk/id/4000000074555807,http://www.ordnancesurvey.co.uk/xml/codelists/localtype.xml#village,,,,Aberdeenshire,http://data.ordnancesurvey.co.uk/id/7000000000030111,http://data.ordnancesurvey.co.uk/ontology/admingeo/UnitaryAuthority,Scotland,http://data.ordnancesurvey.co.uk/id/7000000000041429,Scotland,http://data.ordnancesurvey.co.uk/id/country/scotland,,,
osgb4000000004511390,http://data.ordnancesurvey.co.uk/id/4000000004511390,Chapel Brae,,,,transportNetwork,Named Road,314458.000,791281.000,4000,20000,314184.129,791027.223,314815.000,791461.000,AB35,http://data.ordnancesurvey.co.uk/id/postcodedistrict/AB35,Braemar,http://data.ordnancesurvey.co.uk/id/4000000074555807,http://www.ordnancesurvey.co.uk/xml/codelists/localtype.xml#village,,,,Aberdeenshire,http://data.ordnancesurvey.co.uk/id/7000000000030111,http://data.ordnancesurvey.co.uk/ontology/admingeo/UnitaryAuthority,Scotland,http://data.ordnancesurvey.co.uk/id/7000000000041429,Scotland,http://data.ordnancesurvey.co.uk/id/country/scotland,,,
osgb4000000004513550,http://data.ordnancesurvey.co.uk/id/4000000004513550,Linn Of Dee Place,,,,transportNetwork,Named Road,314679.000,791460.000,1000,20000,314608.000,791369.000,314738.000,791483.000,AB35,http://data.ordnancesurvey.co.uk/id/postcodedistrict/AB35,Braemar,http://data.ordnancesurvey.co.uk/id/4000000074555807,http://www.ordnancesurvey.co.uk/xml/codelists/localtype.xml#village,,,,Aberdeenshire,http://data.ordnancesurvey.co.uk/id/7000000000030111,http://data.ordnancesurvey.co.uk/ontology/admingeo/UnitaryAuthority,Scotland,http://data.ordnancesurvey.co.uk/id/7000000000041429,Scotland,http://data.ordnancesurvey.co.uk/id/country/scotland,,,
osgb4000000004512023,http://data.ordnancesurvey.co.uk/id/4000000004512023,Balnellan Road,,,,transportNetwork,Named Road,315127.696,791252.170,2000,20000,315087.000,791139.127,315149.000,791396.000,AB35,http://data.ordnancesurvey.co.uk/id/postcodedistrict/AB35,Braemar,http://data.ordnancesurvey.co.uk/id/4000000074555807,http://www.ordnancesurvey.co.uk/xml/codelists/localtype.xml#village,,,,Aberdeenshire,http://data.ordnancesurvey.co.uk/id/7000000000030111,http://data.ordnancesurvey.co.uk/ontology/admingeo/UnitaryAuthority,Scotland,http://data.ordnancesurvey.co.uk/id/7000000000041429,Scotland,http://data.ordnancesurvey.co.uk/id/country/scotland,,,
osgb4000000004512020,http://data.ordnancesurvey.co.uk/id/4000000004512020,Linn Of Dee Road,,,,transportNetwork,Named Road,314624.000,791479.000,2000,20000,314443.000,791401.000,314826.000,791491.000,AB35,http://data.ordnancesurvey.co.uk/id/postcodedistrict/AB35,Braemar,http://data.ordnancesurvey.co.uk/id/4000000074555807,http://www.ordnancesurvey.co.uk/xml/codelists/localtype.xml#village,,,,Aberdeenshire,http://data.ordnancesurvey.co.uk/id/7000000000030111,http://data.ordnancesurvey.co.uk/ontology/admingeo/UnitaryAuthority,Scotland,http://data.ordnancesurvey.co.uk/id/7000000000041429,Scotland,http://data.ordnancesurvey.co.uk/id/country/scotland,,,
osgb4000000004513556,http://data.ordnancesurvey.co.uk/id/4000000004513556,School Road,,,,transportNetwork,Named Road,315266.000,791370.000,1000,20000,315255.000,791290.000,315280.000,791469.000,AB35,http://data.ordnancesurvey.co.uk/id/postcodedistrict/AB35,Braemar,http://data.ordnancesurvey.co.uk/id/4000000074555807,http://www.ordnancesurvey.co.uk/xml/codelists/localtype.xml#village,,,,Aberdeenshire,http://data.ordnancesurvey.co.uk/id/7000000000030111,http://data.ordnancesurvey.co.uk/ontology/admingeo/UnitaryAuthority,Scotland,http://data.ordnancesurvey.co.uk/id/7000000000041429,Scotland,http://data.ordnancesurvey.co.uk/id/country/scotland,,,
osgb4000000004560681,http://data.ordnancesurvey.co.uk/id/4000000004560681,Glenshee Road,,,,transportNetwork,Named Road,315219.000,791325.000,4000,20000,315145.146,791085.000,315401.000,791632.000,AB35,http://data.ordnancesurvey.co.uk/id/postcodedistrict/AB35,Braemar,http://data.ordnancesurvey.co.uk/id/4000000074555807,http://www.ordnancesurvey.co.uk/xml/codelists/localtype.xml#village,,,,Aberdeenshire,http://data.ordnancesurvey.co.uk/id/7000000000030111,http://data.ordnancesurvey.co.uk/ontology/admingeo/UnitaryAuthority,Scotland,http://data.ordnancesurvey.co.uk/id/7000000000041429,Scotland,http://data.ordnancesurvey.co.uk/id/country/scotland,,,
osgb4000000004513553,http://data.ordnancesurvey.co.uk/id/4000000004513553,Mar Road,,,,transportNetwork,Named Road,314962.000,791460.000,2000,20000,314826.000,791385.000,315075.000,791489.000,AB35,http://data.ordnancesurvey.co.uk/id/postcodedistrict/AB35,Braemar,http://data.ordnancesurvey.co.uk/id/4000000074555807,http://www.ordnancesurvey.co.uk/xml/codelists/localtype.xml#village,,,,Aberdeenshire,http://data.ordnancesurvey.co.uk/id/7000000000030111,http://data.ordnancesurvey.co.uk/ontology/admingeo/UnitaryAuthority,Scotland,http://data.ordnancesurvey.co.uk/id/7000000000041429,Scotland,http://data.ordnancesurvey.co.uk/id/country/scotland,,,
osgb4000000004513557,http://data.ordnancesurvey.co.uk/id/4000000004513557,St Andrew's Terrace,,,,transportNetwork,Named Road,314962.000,791609.000,1000,20000,314885.000,791534.926,314980.000,791682.757,AB35,http://data.ordnancesurvey.co.uk/id/postcodedistrict/AB35,Braemar,http://data.ordnancesurvey.co.uk/id/4000000074555807,http://www.ordnancesurvey.co.uk/xml/codelists/localtype.xml#village,,,,Aberdeenshire,http://data.ordnancesurvey.co.uk/id/7000000000030111,http://data.ordnancesurvey.co.uk/ontology/admingeo/UnitaryAuthority,Scotland,http://data.ordnancesurvey.co.uk/id/7000000000041429,Scotland,http://data.ordnancesurvey.co.uk/id/country/scotland,,,
osgb4000000004513551,http://data.ordnancesurvey.co.uk/id/4000000004513551,Cluniebank Road,,,,transportNetwork,Named Road,315056.000,791266.000,2000,20000,315010.000,791138.000,315075.000,791385.000,AB35,http://data.ordnancesurvey.co.uk/id/postcodedistrict/AB35,Braemar,http://data.ordnancesurvey.co.uk/id/4000000074555807,http://www.ordnancesurvey.co.uk/xml/codelists/localtype.xml#village,,,,Aberdeenshire,http://data.ordnancesurvey.co.uk/id/7000000000030111,http://data.ordnancesurvey.co.uk/ontology/admingeo/UnitaryAuthority,Scotland,http://data.ordnancesurvey.co.uk/id/7000000000041429,Scotland,http://data.ordnancesurvey.co.uk/id/country/scotland,,,
dbdcdf93-b67c-4fc9-8da1-479ab6aadec7,http://data.ordnancesurvey.co.uk/id/dbdcdf93-b67c-4fc9-8da1-479ab6aadec7,Chapel Brae,,,,transportNetwork,Section Of Named Road,314500.000,791303.000,4000,25000,314202.837,791045.837,314815.000,791461.000,AB35,http://data.ordnancesurvey.co.uk/id/postcodedistrict/AB35,Braemar,http://data.ordnancesurvey.co.uk/id/4000000074555807,http://www.ordnancesurvey.co.uk/xml/codelists/localtype.xml#village,,,,Aberdeenshire,http://data.ordnancesurvey.co.uk/id/7000000000030111,http://data.ordnancesurvey.co.uk/ontology/admingeo/UnitaryAuthority,Scotland,http://data.ordnancesurvey.co.uk/id/7000000000041429,Scotland,http://data.ordnancesurvey.co.uk/id/country/scotland,osgb4000000004511390,,
osgb4000000004515886,http://data.ordnancesurvey.co.uk/id/4000000004515886,Balnellan Place,,,,transportNetwork,Named Road,315189.108,791106.452,1000,20000,315125.057,791106.452,315189.108,791139.127,AB35,http://data.ordnancesurvey.co.uk/id/postcodedistrict/AB35,Braemar,http://data.ordnancesurvey.co.uk/id/4000000074555807,http://www.ordnancesurvey.co.uk/xml/codelists/localtype.xml#village,,,,Aberdeenshire,http://data.ordnancesurvey.co.uk/id/7000000000030111,http://data.ordnancesurvey.co.uk/ontology/admingeo/UnitaryAuthority,Scotland,http://data.ordnancesurvey.co.uk/id/7000000000041429,Scotland,http://data.ordnancesurvey.co.uk/id/country/scotland,,,
osgb4000000004515889,http://data.ordnancesurvey.co.uk/id/4000000004515889,Castleton Terrace,,,,transportNetwork,Named Road,315221.000,791425.000,1000,20000,315198.000,791365.000,315227.000,791476.000,AB35,http://data.ordnancesurvey.co.uk/id/postcodedistrict/AB35,Braemar,http://data.ordnancesurvey.co.uk/id/4000000074555807,http://www.ordnancesurvey.co.uk/xml/codelists/localtype.xml#village,,,,Aberdeenshire,http://data.ordnancesurvey.co.uk/id/7000000000030111,http://data.ordnancesurvey.co.uk/ontology/admingeo/UnitaryAuthority,Scotland,http://data.ordnancesurvey.co.uk/id/7000000000041429,Scotland,http://data.ordnancesurvey.co.uk/id/country/scotland,,,
osgb4000000004511198,http://data.ordnancesurvey.co.uk/id/4000000004511198,Old Military Road,,,,transportNetwork,Named Road,314509.000,784684.000,20000,103000,313826.000,776582.129,318622.000,792371.000,AB35,http://data.ordnancesurvey.co.uk/id/postcodedistrict/AB35,,,,,,,Aberdeenshire,http://data.ordnancesurvey.co.uk/id/7000000000030111,http://data.ordnancesurvey.co.uk/ontology/admingeo/UnitaryAuthority,Scotland,http://data.ordnancesurvey.co.uk/id/7000000000041429,Scotland,http://data.ordnancesurvey.co.uk/id/country/scotland,,,
AB355WS,http://data.ordnancesurvey.co.uk/id/postcodeunit/AB355WS,AB35 5WS,,,,other,Postcode,314835.000,791523.000,3500,18000,,,,,,,Braemar,http://data.ordnancesurvey.co.uk/id/4000000074555807,http://www.ordnancesurvey.co.uk/xml/codelists/localtype.xml#village,,,,Aberdeenshire,http://data.ordnancesurvey.co.uk/id/7000000000030111,http://data.ordnancesurvey.co.uk/ontology/admingeo/UnitaryAuthority,Scotland,http://data.ordnancesurvey.co.uk/id/7000000000041429,Scotland,http://data.ordnancesurvey.co.uk/id/country/scotland,,,
AB355YS,http://data.ordnancesurvey.co.uk/id/postcodeunit/AB355YS,AB35 5YS,,,,other,Postcode,315002.000,791558.000,3500,18000,,,,,,,Braemar,http://data.ordnancesurvey.co.uk/id/4000000074555807,http://www.ordnancesurvey.co.uk/xml/codelists/localtype.xml#village,,,,Aberdeenshire,http://data.ordnancesurvey.co.uk/id/7000000000030111,http://data.ordnancesurvey.co.uk/ontology/admingeo/UnitaryAuthority,Scotland,http://data.ordnancesurvey.co.uk/id/7000000000041429,Scotland,http://data.ordnancesurvey.co.uk/id/country/scotland,,,
AB355YF,http://data.ordnancesurvey.co.uk/id/postcodeunit/AB355YF,AB35 5YF,,,,other,Postcode,314991.000,791341.000,3500,18000,,,,,,,Braemar,http://data.ordnancesurvey.co.uk/id/4000000074555807,http://www.ordnancesurvey.co.uk/xml/codelists/localtype.xml#village,,,,Aberdeenshire,http://data.ordnancesurvey.co.uk/id/7000000000030111,http://data.ordnancesurvey.co.uk/ontology/admingeo/UnitaryAuthority,Scotland,http://data.ordnancesurvey.co.uk/id/7000000000041429,Scotland,http://data.ordnancesurvey.co.uk/id/country/scotland,,,
AB355YB,http://data.ordnancesurvey.co.uk/id/postcodeunit/AB355YB,AB35 5YB,,,,other,Postcode,309521.000,789385.000,3500,18000,,,,,,,Inverey,http://data.ordnancesurvey.co.uk/id/4000000074555808,http://www.ordnancesurvey.co.uk/xml/codelists/localtype.xml#otherSettlement,,,,Aberdeenshire,http://data.ordnancesurvey.co.uk/id/7000000000030111,http://data.ordnancesurvey.co.uk/ontology/admingeo/UnitaryAuthority,Scotland,http://data.ordnancesurvey.co.uk/id/7000000000041429,Scotland,http://data.ordnancesurvey.co.uk/id/country/scotland,,,
AB355YH,http://data.ordnancesurvey.co.uk/id/postcodeunit/AB355YH,AB35 5YH,,,,other,Postcode,315261.000,791534.000,3500,18000,,,,,,,Braemar,http://data.ordnancesurvey.co.uk/id/4000000074555807,http://www.ordnancesurvey.co.uk/xml/codelists/localtype.xml#village,,,,Aberdeenshire,http://data.ordnancesurvey.co.uk/id/7000000000030111,http://data.ordnancesurvey.co.uk/ontology/admingeo/UnitaryAuthority,Scotland,http://data.ordnancesurvey.co.uk/id/7000000000041429,Scotland,http://data.ordnancesurvey.co.uk/id/country/scotland,,,
osgb4000000004513555,http://data.ordnancesurvey.co.uk/id/4000000004513555,Hillside Road,,,,transportNetwork,Named Road,315323.000,791384.000,2000,20000,315195.000,791350.000,315465.000,791401.000,AB35,http://data.ordnancesurvey.co.uk/id/postcodedistrict/AB35,Braemar,http://data.ordnancesurvey.co.uk/id/4000000074555807,http://www.ordnancesurvey.co.uk/xml/codelists/localtype.xml#village,,,,Aberdeenshire,http://data.ordnancesurvey.co.uk/id/7000000000030111,http://data.ordnancesurvey.co.uk/ontology/admingeo/UnitaryAuthority,Scotland,http://data.ordnancesurvey.co.uk/id/7000000000041429,Scotland,http://data.ordnancesurvey.co.uk/id/country/scotland,,,
osgb4000000004513554,http://data.ordnancesurvey.co.uk/id/4000000004513554,Castleton Place,,,,transportNetwork,Named Road,315369.000,791433.000,2000,20000,315195.000,791350.000,315465.819,791481.000,AB35,http://data.ordnancesurvey.co.uk/id/postcodedistrict/AB35,Braemar,http://data.ordnancesurvey.co.uk/id/4000000074555807,http://www.ordnancesurvey.co.uk/xml/codelists/localtype.xml#village,,,,Aberdeenshire,http://data.ordnancesurvey.co.uk/id/7000000000030111,http://data.ordnancesurvey.co.uk/ontology/admingeo/UnitaryAuthority,Scotland,http://data.ordnancesurvey.co.uk/id/7000000000041429,Scotland,http://data.ordnancesurvey.co.uk/id/country/scotland,,,
43519ffb-76f1-4fb6-87f3-70824d5f42e6,http://data.ordnancesurvey.co.uk/id/43519ffb-76f1-4fb6-87f3-70824d5f42e6,Linn Of Dee Road,,,,transportNetwork,Section Of Named Road,314624.000,791479.000,2000,25000,314444.063,791401.236,314826.000,791491.000,AB35,http://data.ordnancesurvey.co.uk/id/postcodedistrict/AB35,Braemar,http://data.ordnancesurvey.co.uk/id/4000000074555807,http://www.ordnancesurvey.co.uk/xml/codelists/localtype.xml#village,,,,Aberdeenshire,http://data.ordnancesurvey.co.uk/id/7000000000030111,http://data.ordnancesurvey.co.uk/ontology/admingeo/UnitaryAuthority,Scotland,http://data.ordnancesurvey.co.uk/id/7000000000041429,Scotland,http://data.ordnancesurvey.co.uk/id/country/scotland,osgb4000000004512020,,
