﻿osgb4000000074554717,http://data.ordnancesurvey.co.uk/id/4000000074554717,Glenprosen Village,,,,populatedPlace,Hamlet,333006.000,765289.000,5000,25000,332627.206,765232.304,333142.671,766024.837,DD8,http://data.ordnancesurvey.co.uk/id/postcodedistrict/DD8,,,,,,,Angus,http://data.ordnancesurvey.co.uk/id/7000000000030216,http://data.ordnancesurvey.co.uk/ontology/admingeo/UnitaryAuthority,Scotland,http://data.ordnancesurvey.co.uk/id/7000000000041429,Scotland,http://data.ordnancesurvey.co.uk/id/country/scotland,,,
osgb4000000074554720,http://data.ordnancesurvey.co.uk/id/4000000074554720,Kirkton of Glenisla,,,,populatedPlace,Hamlet,321544.940,760511.910,5000,25000,320810.599,760264.266,322024.421,760896.065,PH11,http://data.ordnancesurvey.co.uk/id/postcodedistrict/PH11,,,,,,,Angus,http://data.ordnancesurvey.co.uk/id/7000000000030216,http://data.ordnancesurvey.co.uk/ontology/admingeo/UnitaryAuthority,Scotland,http://data.ordnancesurvey.co.uk/id/7000000000041429,Scotland,http://data.ordnancesurvey.co.uk/id/country/scotland,,http://dbpedia.org/resource/Kirkton_of_Glenisla,http://sws.geonames.org/2645212
osgb4000000074554718,http://data.ordnancesurvey.co.uk/id/4000000074554718,Clova,,,,populatedPlace,Hamlet,332722.900,773059.800,5000,25000,332385.338,772924.672,333174.637,773431.437,DD8,http://data.ordnancesurvey.co.uk/id/postcodedistrict/DD8,,,,,,,Angus,http://data.ordnancesurvey.co.uk/id/7000000000030216,http://data.ordnancesurvey.co.uk/ontology/admingeo/UnitaryAuthority,Scotland,http://data.ordnancesurvey.co.uk/id/7000000000041429,Scotland,http://data.ordnancesurvey.co.uk/id/country/scotland,,"http://dbpedia.org/resource/Clova,_Angus",
osgb4000000074558381,http://data.ordnancesurvey.co.uk/id/4000000074558381,Dykehead,,,,populatedPlace,Hamlet,338631.000,760267.000,5000,25000,338198.238,759935.713,338808.718,760435.713,DD8,http://data.ordnancesurvey.co.uk/id/postcodedistrict/DD8,,,,,,,Angus,http://data.ordnancesurvey.co.uk/id/7000000000030216,http://data.ordnancesurvey.co.uk/ontology/admingeo/UnitaryAuthority,Scotland,http://data.ordnancesurvey.co.uk/id/7000000000041429,Scotland,http://data.ordnancesurvey.co.uk/id/country/scotland,,,
osgb4000000074554361,http://data.ordnancesurvey.co.uk/id/4000000074554361,Easter Lednathie,,,,populatedPlace,Hamlet,333920.640,763082.740,5000,25000,333682.667,762982.978,334182.667,763535.430,DD8,http://data.ordnancesurvey.co.uk/id/postcodedistrict/DD8,,,,,,,Angus,http://data.ordnancesurvey.co.uk/id/7000000000030216,http://data.ordnancesurvey.co.uk/ontology/admingeo/UnitaryAuthority,Scotland,http://data.ordnancesurvey.co.uk/id/7000000000041429,Scotland,http://data.ordnancesurvey.co.uk/id/country/scotland,,,
osgb4000000074335229,http://data.ordnancesurvey.co.uk/id/4000000074335229,Freuchies,,,,populatedPlace,Hamlet,322366.000,760704.000,5000,25000,322290.834,760519.361,322790.834,761019.361,PH11,http://data.ordnancesurvey.co.uk/id/postcodedistrict/PH11,,,,,,,Angus,http://data.ordnancesurvey.co.uk/id/7000000000030216,http://data.ordnancesurvey.co.uk/ontology/admingeo/UnitaryAuthority,Scotland,http://data.ordnancesurvey.co.uk/id/7000000000041429,Scotland,http://data.ordnancesurvey.co.uk/id/country/scotland,,,
DD84QL,http://data.ordnancesurvey.co.uk/id/postcodeunit/DD84QL,DD8 4QL,,,,other,Postcode,338404.000,760223.000,3500,18000,,,,,,,Dykehead,http://data.ordnancesurvey.co.uk/id/4000000074558381,http://www.ordnancesurvey.co.uk/xml/codelists/localtype.xml#hamlet,,,,Angus,http://data.ordnancesurvey.co.uk/id/7000000000030216,http://data.ordnancesurvey.co.uk/ontology/admingeo/UnitaryAuthority,Scotland,http://data.ordnancesurvey.co.uk/id/7000000000041429,Scotland,http://data.ordnancesurvey.co.uk/id/country/scotland,,,
DD84QT,http://data.ordnancesurvey.co.uk/id/postcodeunit/DD84QT,DD8 4QT,,,,other,Postcode,337022.000,769748.000,3500,18000,,,,,,,,,,,,,Angus,http://data.ordnancesurvey.co.uk/id/7000000000030216,http://data.ordnancesurvey.co.uk/ontology/admingeo/UnitaryAuthority,Scotland,http://data.ordnancesurvey.co.uk/id/7000000000041429,Scotland,http://data.ordnancesurvey.co.uk/id/country/scotland,,,
DD84SA,http://data.ordnancesurvey.co.uk/id/postcodeunit/DD84SA,DD8 4SA,,,,other,Postcode,331988.000,766277.000,3500,18000,,,,,,,,,,,,,Angus,http://data.ordnancesurvey.co.uk/id/7000000000030216,http://data.ordnancesurvey.co.uk/ontology/admingeo/UnitaryAuthority,Scotland,http://data.ordnancesurvey.co.uk/id/7000000000041429,Scotland,http://data.ordnancesurvey.co.uk/id/country/scotland,,,
DD84SB,http://data.ordnancesurvey.co.uk/id/postcodeunit/DD84SB,DD8 4SB,,,,other,Postcode,331988.000,766277.000,3500,18000,,,,,,,,,,,,,Angus,http://data.ordnancesurvey.co.uk/id/7000000000030216,http://data.ordnancesurvey.co.uk/ontology/admingeo/UnitaryAuthority,Scotland,http://data.ordnancesurvey.co.uk/id/7000000000041429,Scotland,http://data.ordnancesurvey.co.uk/id/country/scotland,,,
DD84NB,http://data.ordnancesurvey.co.uk/id/postcodeunit/DD84NB,DD8 4NB,,,,other,Postcode,339690.000,761335.000,3500,18000,,,,,,,,,,,,,Angus,http://data.ordnancesurvey.co.uk/id/7000000000030216,http://data.ordnancesurvey.co.uk/ontology/admingeo/UnitaryAuthority,Scotland,http://data.ordnancesurvey.co.uk/id/7000000000041429,Scotland,http://data.ordnancesurvey.co.uk/id/country/scotland,,,
DD84RA,http://data.ordnancesurvey.co.uk/id/postcodeunit/DD84RA,DD8 4RA,,,,other,Postcode,332813.000,773146.000,3500,18000,,,,,,,Clova,http://data.ordnancesurvey.co.uk/id/4000000074554718,http://www.ordnancesurvey.co.uk/xml/codelists/localtype.xml#hamlet,,,,Angus,http://data.ordnancesurvey.co.uk/id/7000000000030216,http://data.ordnancesurvey.co.uk/ontology/admingeo/UnitaryAuthority,Scotland,http://data.ordnancesurvey.co.uk/id/7000000000041429,Scotland,http://data.ordnancesurvey.co.uk/id/country/scotland,,,
DD84RD,http://data.ordnancesurvey.co.uk/id/postcodeunit/DD84RD,DD8 4RD,,,,other,Postcode,328300.000,776171.000,3500,18000,,,,,,,,,,,,,Angus,http://data.ordnancesurvey.co.uk/id/7000000000030216,http://data.ordnancesurvey.co.uk/ontology/admingeo/UnitaryAuthority,Scotland,http://data.ordnancesurvey.co.uk/id/7000000000041429,Scotland,http://data.ordnancesurvey.co.uk/id/country/scotland,,,
DD84YF,http://data.ordnancesurvey.co.uk/id/postcodeunit/DD84YF,DD8 4YF,,,,other,Postcode,336996.000,760155.000,3500,18000,,,,,,,,,,,,,Angus,http://data.ordnancesurvey.co.uk/id/7000000000030216,http://data.ordnancesurvey.co.uk/ontology/admingeo/UnitaryAuthority,Scotland,http://data.ordnancesurvey.co.uk/id/7000000000041429,Scotland,http://data.ordnancesurvey.co.uk/id/country/scotland,,,
DD84RS,http://data.ordnancesurvey.co.uk/id/postcodeunit/DD84RS,DD8 4RS,,,,other,Postcode,332980.000,765392.000,3500,18000,,,,,,,Glenprosen Village,http://data.ordnancesurvey.co.uk/id/4000000074554717,http://www.ordnancesurvey.co.uk/xml/codelists/localtype.xml#hamlet,,,,Angus,http://data.ordnancesurvey.co.uk/id/7000000000030216,http://data.ordnancesurvey.co.uk/ontology/admingeo/UnitaryAuthority,Scotland,http://data.ordnancesurvey.co.uk/id/7000000000041429,Scotland,http://data.ordnancesurvey.co.uk/id/country/scotland,,,
PH118QB,http://data.ordnancesurvey.co.uk/id/postcodeunit/PH118QB,PH11 8QB,,,,other,Postcode,324009.000,764351.000,3500,18000,,,,,,,,,,,,,Angus,http://data.ordnancesurvey.co.uk/id/7000000000030216,http://data.ordnancesurvey.co.uk/ontology/admingeo/UnitaryAuthority,Scotland,http://data.ordnancesurvey.co.uk/id/7000000000041429,Scotland,http://data.ordnancesurvey.co.uk/id/country/scotland,,,
DD84NF,http://data.ordnancesurvey.co.uk/id/postcodeunit/DD84NF,DD8 4NF,,,,other,Postcode,338123.000,760477.000,3500,18000,,,,,,,,,,,,,Angus,http://data.ordnancesurvey.co.uk/id/7000000000030216,http://data.ordnancesurvey.co.uk/ontology/admingeo/UnitaryAuthority,Scotland,http://data.ordnancesurvey.co.uk/id/7000000000041429,Scotland,http://data.ordnancesurvey.co.uk/id/country/scotland,,,
DD84RR,http://data.ordnancesurvey.co.uk/id/postcodeunit/DD84RR,DD8 4RR,,,,other,Postcode,333208.000,763179.000,3500,18000,,,,,,,,,,,,,Angus,http://data.ordnancesurvey.co.uk/id/7000000000030216,http://data.ordnancesurvey.co.uk/ontology/admingeo/UnitaryAuthority,Scotland,http://data.ordnancesurvey.co.uk/id/7000000000041429,Scotland,http://data.ordnancesurvey.co.uk/id/country/scotland,,,
DD84SD,http://data.ordnancesurvey.co.uk/id/postcodeunit/DD84SD,DD8 4SD,,,,other,Postcode,329706.000,767911.000,3500,18000,,,,,,,,,,,,,Angus,http://data.ordnancesurvey.co.uk/id/7000000000030216,http://data.ordnancesurvey.co.uk/ontology/admingeo/UnitaryAuthority,Scotland,http://data.ordnancesurvey.co.uk/id/7000000000041429,Scotland,http://data.ordnancesurvey.co.uk/id/country/scotland,,,
DD84QR,http://data.ordnancesurvey.co.uk/id/postcodeunit/DD84QR,DD8 4QR,,,,other,Postcode,335596.000,769987.000,3500,18000,,,,,,,,,,,,,Angus,http://data.ordnancesurvey.co.uk/id/7000000000030216,http://data.ordnancesurvey.co.uk/ontology/admingeo/UnitaryAuthority,Scotland,http://data.ordnancesurvey.co.uk/id/7000000000041429,Scotland,http://data.ordnancesurvey.co.uk/id/country/scotland,,,
DD84RB,http://data.ordnancesurvey.co.uk/id/postcodeunit/DD84RB,DD8 4RB,,,,other,Postcode,330081.000,774787.000,3500,18000,,,,,,,,,,,,,Angus,http://data.ordnancesurvey.co.uk/id/7000000000030216,http://data.ordnancesurvey.co.uk/ontology/admingeo/UnitaryAuthority,Scotland,http://data.ordnancesurvey.co.uk/id/7000000000041429,Scotland,http://data.ordnancesurvey.co.uk/id/country/scotland,,,
DD84RQ,http://data.ordnancesurvey.co.uk/id/postcodeunit/DD84RQ,DD8 4RQ,,,,other,Postcode,336010.000,760992.000,3500,18000,,,,,,,,,,,,,Angus,http://data.ordnancesurvey.co.uk/id/7000000000030216,http://data.ordnancesurvey.co.uk/ontology/admingeo/UnitaryAuthority,Scotland,http://data.ordnancesurvey.co.uk/id/7000000000041429,Scotland,http://data.ordnancesurvey.co.uk/id/country/scotland,,,
PH118PG,http://data.ordnancesurvey.co.uk/id/postcodeunit/PH118PG,PH11 8PG,,,,other,Postcode,322473.000,760761.000,3500,18000,,,,,,,Freuchies,http://data.ordnancesurvey.co.uk/id/4000000074335229,http://www.ordnancesurvey.co.uk/xml/codelists/localtype.xml#hamlet,,,,Angus,http://data.ordnancesurvey.co.uk/id/7000000000030216,http://data.ordnancesurvey.co.uk/ontology/admingeo/UnitaryAuthority,Scotland,http://data.ordnancesurvey.co.uk/id/7000000000041429,Scotland,http://data.ordnancesurvey.co.uk/id/country/scotland,,,
PH118PH,http://data.ordnancesurvey.co.uk/id/postcodeunit/PH118PH,PH11 8PH,,,,other,Postcode,321431.000,760640.000,3500,18000,,,,,,,Kirkton of Glenisla,http://data.ordnancesurvey.co.uk/id/4000000074554720,http://www.ordnancesurvey.co.uk/xml/codelists/localtype.xml#hamlet,,,,Angus,http://data.ordnancesurvey.co.uk/id/7000000000030216,http://data.ordnancesurvey.co.uk/ontology/admingeo/UnitaryAuthority,Scotland,http://data.ordnancesurvey.co.uk/id/7000000000041429,Scotland,http://data.ordnancesurvey.co.uk/id/country/scotland,,,
PH118PY,http://data.ordnancesurvey.co.uk/id/postcodeunit/PH118PY,PH11 8PY,,,,other,Postcode,325893.000,762820.000,3500,18000,,,,,,,,,,,,,Angus,http://data.ordnancesurvey.co.uk/id/7000000000030216,http://data.ordnancesurvey.co.uk/ontology/admingeo/UnitaryAuthority,Scotland,http://data.ordnancesurvey.co.uk/id/7000000000041429,Scotland,http://data.ordnancesurvey.co.uk/id/country/scotland,,,
DD84EE,http://data.ordnancesurvey.co.uk/id/postcodeunit/DD84EE,DD8 4EE,,,,other,Postcode,338662.000,760131.000,3500,18000,,,,,,,Dykehead,http://data.ordnancesurvey.co.uk/id/4000000074558381,http://www.ordnancesurvey.co.uk/xml/codelists/localtype.xml#hamlet,,,,Angus,http://data.ordnancesurvey.co.uk/id/7000000000030216,http://data.ordnancesurvey.co.uk/ontology/admingeo/UnitaryAuthority,Scotland,http://data.ordnancesurvey.co.uk/id/7000000000041429,Scotland,http://data.ordnancesurvey.co.uk/id/country/scotland,,,
DD84QS,http://data.ordnancesurvey.co.uk/id/postcodeunit/DD84QS,DD8 4QS,,,,other,Postcode,334190.000,772348.000,3500,18000,,,,,,,,,,,,,Angus,http://data.ordnancesurvey.co.uk/id/7000000000030216,http://data.ordnancesurvey.co.uk/ontology/admingeo/UnitaryAuthority,Scotland,http://data.ordnancesurvey.co.uk/id/7000000000041429,Scotland,http://data.ordnancesurvey.co.uk/id/country/scotland,,,
PH118PQ,http://data.ordnancesurvey.co.uk/id/postcodeunit/PH118PQ,PH11 8PQ,,,,other,Postcode,321980.000,760428.000,3500,18000,,,,,,,Kirkton of Glenisla,http://data.ordnancesurvey.co.uk/id/4000000074554720,http://www.ordnancesurvey.co.uk/xml/codelists/localtype.xml#hamlet,,,,Angus,http://data.ordnancesurvey.co.uk/id/7000000000030216,http://data.ordnancesurvey.co.uk/ontology/admingeo/UnitaryAuthority,Scotland,http://data.ordnancesurvey.co.uk/id/7000000000041429,Scotland,http://data.ordnancesurvey.co.uk/id/country/scotland,,,
DD84QP,http://data.ordnancesurvey.co.uk/id/postcodeunit/DD84QP,DD8 4QP,,,,other,Postcode,338199.000,762458.000,3500,18000,,,,,,,,,,,,,Angus,http://data.ordnancesurvey.co.uk/id/7000000000030216,http://data.ordnancesurvey.co.uk/ontology/admingeo/UnitaryAuthority,Scotland,http://data.ordnancesurvey.co.uk/id/7000000000041429,Scotland,http://data.ordnancesurvey.co.uk/id/country/scotland,,,
DD84ND,http://data.ordnancesurvey.co.uk/id/postcodeunit/DD84ND,DD8 4ND,,,,other,Postcode,336979.000,760647.000,3500,18000,,,,,,,,,,,,,Angus,http://data.ordnancesurvey.co.uk/id/7000000000030216,http://data.ordnancesurvey.co.uk/ontology/admingeo/UnitaryAuthority,Scotland,http://data.ordnancesurvey.co.uk/id/7000000000041429,Scotland,http://data.ordnancesurvey.co.uk/id/country/scotland,,,
DD84NE,http://data.ordnancesurvey.co.uk/id/postcodeunit/DD84NE,DD8 4NE,,,,other,Postcode,339676.000,763521.000,3500,18000,,,,,,,,,,,,,Angus,http://data.ordnancesurvey.co.uk/id/7000000000030216,http://data.ordnancesurvey.co.uk/ontology/admingeo/UnitaryAuthority,Scotland,http://data.ordnancesurvey.co.uk/id/7000000000041429,Scotland,http://data.ordnancesurvey.co.uk/id/country/scotland,,,
DD84QJ,http://data.ordnancesurvey.co.uk/id/postcodeunit/DD84QJ,DD8 4QJ,,,,other,Postcode,337890.000,760099.000,3500,18000,,,,,,,,,,,,,Angus,http://data.ordnancesurvey.co.uk/id/7000000000030216,http://data.ordnancesurvey.co.uk/ontology/admingeo/UnitaryAuthority,Scotland,http://data.ordnancesurvey.co.uk/id/7000000000041429,Scotland,http://data.ordnancesurvey.co.uk/id/country/scotland,,,
DD84QQ,http://data.ordnancesurvey.co.uk/id/postcodeunit/DD84QQ,DD8 4QQ,,,,other,Postcode,336360.000,766944.000,3500,18000,,,,,,,,,,,,,Angus,http://data.ordnancesurvey.co.uk/id/7000000000030216,http://data.ordnancesurvey.co.uk/ontology/admingeo/UnitaryAuthority,Scotland,http://data.ordnancesurvey.co.uk/id/7000000000041429,Scotland,http://data.ordnancesurvey.co.uk/id/country/scotland,,,
DD84QU,http://data.ordnancesurvey.co.uk/id/postcodeunit/DD84QU,DD8 4QU,,,,other,Postcode,337381.000,766137.000,3500,18000,,,,,,,,,,,,,Angus,http://data.ordnancesurvey.co.uk/id/7000000000030216,http://data.ordnancesurvey.co.uk/ontology/admingeo/UnitaryAuthority,Scotland,http://data.ordnancesurvey.co.uk/id/7000000000041429,Scotland,http://data.ordnancesurvey.co.uk/id/country/scotland,,,
osgb4000000004538528,http://data.ordnancesurvey.co.uk/id/4000000004538528,B955,,,,transportNetwork,Numbered Road,337773.000,763701.000,126000,250000,332534.104,753720.996,340119.000,773063.000,DD8,http://data.ordnancesurvey.co.uk/id/postcodedistrict/DD8,,,,,,,Angus,http://data.ordnancesurvey.co.uk/id/7000000000030216,http://data.ordnancesurvey.co.uk/ontology/admingeo/UnitaryAuthority,Scotland,http://data.ordnancesurvey.co.uk/id/7000000000041429,Scotland,http://data.ordnancesurvey.co.uk/id/country/scotland,,,
osgb4000000004531301,http://data.ordnancesurvey.co.uk/id/4000000004531301,Tulloch Wynd,,,,transportNetwork,Named Road,338675.376,760147.356,1000,20000,338672.146,760127.684,338696.075,760156.605,DD8,http://data.ordnancesurvey.co.uk/id/postcodedistrict/DD8,Dykehead,http://data.ordnancesurvey.co.uk/id/4000000074558381,http://www.ordnancesurvey.co.uk/xml/codelists/localtype.xml#hamlet,,,,Angus,http://data.ordnancesurvey.co.uk/id/7000000000030216,http://data.ordnancesurvey.co.uk/ontology/admingeo/UnitaryAuthority,Scotland,http://data.ordnancesurvey.co.uk/id/7000000000041429,Scotland,http://data.ordnancesurvey.co.uk/id/country/scotland,,,
DD84QN,http://data.ordnancesurvey.co.uk/id/postcodeunit/DD84QN,DD8 4QN,,,,other,Postcode,338719.000,760155.000,3500,18000,,,,,,,Dykehead,http://data.ordnancesurvey.co.uk/id/4000000074558381,http://www.ordnancesurvey.co.uk/xml/codelists/localtype.xml#hamlet,,,,Angus,http://data.ordnancesurvey.co.uk/id/7000000000030216,http://data.ordnancesurvey.co.uk/ontology/admingeo/UnitaryAuthority,Scotland,http://data.ordnancesurvey.co.uk/id/7000000000041429,Scotland,http://data.ordnancesurvey.co.uk/id/country/scotland,,,
