﻿osgb4000000074554307,http://data.ordnancesurvey.co.uk/id/4000000074554307,Crail,,,,populatedPlace,Town,361208.280,707652.380,9000,2000000,360684.655,707083.559,362060.335,708286.734,KY10,http://data.ordnancesurvey.co.uk/id/postcodedistrict/KY10,,,,,,,Fife,http://data.ordnancesurvey.co.uk/id/7000000000030419,http://data.ordnancesurvey.co.uk/ontology/admingeo/UnitaryAuthority,Scotland,http://data.ordnancesurvey.co.uk/id/7000000000041429,Scotland,http://data.ordnancesurvey.co.uk/id/country/scotland,,http://dbpedia.org/resource/Crail,http://sws.geonames.org/2652102
KY103SL,http://data.ordnancesurvey.co.uk/id/postcodeunit/KY103SL,KY10 3SL,,,,other,Postcode,361233.000,707567.000,3500,18000,,,,,,,Crail,http://data.ordnancesurvey.co.uk/id/4000000074554307,http://www.ordnancesurvey.co.uk/xml/codelists/localtype.xml#town,,,,Fife,http://data.ordnancesurvey.co.uk/id/7000000000030419,http://data.ordnancesurvey.co.uk/ontology/admingeo/UnitaryAuthority,Scotland,http://data.ordnancesurvey.co.uk/id/7000000000041429,Scotland,http://data.ordnancesurvey.co.uk/id/country/scotland,,,
KY103UF,http://data.ordnancesurvey.co.uk/id/postcodeunit/KY103UF,KY10 3UF,,,,other,Postcode,361092.000,707568.000,3500,18000,,,,,,,Crail,http://data.ordnancesurvey.co.uk/id/4000000074554307,http://www.ordnancesurvey.co.uk/xml/codelists/localtype.xml#town,,,,Fife,http://data.ordnancesurvey.co.uk/id/7000000000030419,http://data.ordnancesurvey.co.uk/ontology/admingeo/UnitaryAuthority,Scotland,http://data.ordnancesurvey.co.uk/id/7000000000041429,Scotland,http://data.ordnancesurvey.co.uk/id/country/scotland,,,
KY103QZ,http://data.ordnancesurvey.co.uk/id/postcodeunit/KY103QZ,KY10 3QZ,,,,other,Postcode,361163.000,707698.000,3500,18000,,,,,,,Crail,http://data.ordnancesurvey.co.uk/id/4000000074554307,http://www.ordnancesurvey.co.uk/xml/codelists/localtype.xml#town,,,,Fife,http://data.ordnancesurvey.co.uk/id/7000000000030419,http://data.ordnancesurvey.co.uk/ontology/admingeo/UnitaryAuthority,Scotland,http://data.ordnancesurvey.co.uk/id/7000000000041429,Scotland,http://data.ordnancesurvey.co.uk/id/country/scotland,,,
KY103SQ,http://data.ordnancesurvey.co.uk/id/postcodeunit/KY103SQ,KY10 3SQ,,,,other,Postcode,361276.000,707670.000,3500,18000,,,,,,,Crail,http://data.ordnancesurvey.co.uk/id/4000000074554307,http://www.ordnancesurvey.co.uk/xml/codelists/localtype.xml#town,,,,Fife,http://data.ordnancesurvey.co.uk/id/7000000000030419,http://data.ordnancesurvey.co.uk/ontology/admingeo/UnitaryAuthority,Scotland,http://data.ordnancesurvey.co.uk/id/7000000000041429,Scotland,http://data.ordnancesurvey.co.uk/id/country/scotland,,,
KY103RY,http://data.ordnancesurvey.co.uk/id/postcodeunit/KY103RY,KY10 3RY,,,,other,Postcode,361002.000,707577.000,3500,18000,,,,,,,Crail,http://data.ordnancesurvey.co.uk/id/4000000074554307,http://www.ordnancesurvey.co.uk/xml/codelists/localtype.xml#town,,,,Fife,http://data.ordnancesurvey.co.uk/id/7000000000030419,http://data.ordnancesurvey.co.uk/ontology/admingeo/UnitaryAuthority,Scotland,http://data.ordnancesurvey.co.uk/id/7000000000041429,Scotland,http://data.ordnancesurvey.co.uk/id/country/scotland,,,
KY103TT,http://data.ordnancesurvey.co.uk/id/postcodeunit/KY103TT,KY10 3TT,,,,other,Postcode,361726.000,707924.000,3500,18000,,,,,,,Crail,http://data.ordnancesurvey.co.uk/id/4000000074554307,http://www.ordnancesurvey.co.uk/xml/codelists/localtype.xml#town,,,,Fife,http://data.ordnancesurvey.co.uk/id/7000000000030419,http://data.ordnancesurvey.co.uk/ontology/admingeo/UnitaryAuthority,Scotland,http://data.ordnancesurvey.co.uk/id/7000000000041429,Scotland,http://data.ordnancesurvey.co.uk/id/country/scotland,,,
KY103TP,http://data.ordnancesurvey.co.uk/id/postcodeunit/KY103TP,KY10 3TP,,,,other,Postcode,361352.000,707554.000,3500,18000,,,,,,,Crail,http://data.ordnancesurvey.co.uk/id/4000000074554307,http://www.ordnancesurvey.co.uk/xml/codelists/localtype.xml#town,,,,Fife,http://data.ordnancesurvey.co.uk/id/7000000000030419,http://data.ordnancesurvey.co.uk/ontology/admingeo/UnitaryAuthority,Scotland,http://data.ordnancesurvey.co.uk/id/7000000000041429,Scotland,http://data.ordnancesurvey.co.uk/id/country/scotland,,,
KY103RL,http://data.ordnancesurvey.co.uk/id/postcodeunit/KY103RL,KY10 3RL,,,,other,Postcode,361018.000,707338.000,3500,18000,,,,,,,Crail,http://data.ordnancesurvey.co.uk/id/4000000074554307,http://www.ordnancesurvey.co.uk/xml/codelists/localtype.xml#town,,,,Fife,http://data.ordnancesurvey.co.uk/id/7000000000030419,http://data.ordnancesurvey.co.uk/ontology/admingeo/UnitaryAuthority,Scotland,http://data.ordnancesurvey.co.uk/id/7000000000041429,Scotland,http://data.ordnancesurvey.co.uk/id/country/scotland,,,
KY103WJ,http://data.ordnancesurvey.co.uk/id/postcodeunit/KY103WJ,KY10 3WJ,,,,other,Postcode,361439.000,708176.000,3500,18000,,,,,,,,,,,,,Fife,http://data.ordnancesurvey.co.uk/id/7000000000030419,http://data.ordnancesurvey.co.uk/ontology/admingeo/UnitaryAuthority,Scotland,http://data.ordnancesurvey.co.uk/id/7000000000041429,Scotland,http://data.ordnancesurvey.co.uk/id/country/scotland,,,
KY103TZ,http://data.ordnancesurvey.co.uk/id/postcodeunit/KY103TZ,KY10 3TZ,,,,other,Postcode,361379.000,707595.000,3500,18000,,,,,,,Crail,http://data.ordnancesurvey.co.uk/id/4000000074554307,http://www.ordnancesurvey.co.uk/xml/codelists/localtype.xml#town,,,,Fife,http://data.ordnancesurvey.co.uk/id/7000000000030419,http://data.ordnancesurvey.co.uk/ontology/admingeo/UnitaryAuthority,Scotland,http://data.ordnancesurvey.co.uk/id/7000000000041429,Scotland,http://data.ordnancesurvey.co.uk/id/country/scotland,,,
KY103UA,http://data.ordnancesurvey.co.uk/id/postcodeunit/KY103UA,KY10 3UA,,,,other,Postcode,361384.000,707726.000,3500,18000,,,,,,,Crail,http://data.ordnancesurvey.co.uk/id/4000000074554307,http://www.ordnancesurvey.co.uk/xml/codelists/localtype.xml#town,,,,Fife,http://data.ordnancesurvey.co.uk/id/7000000000030419,http://data.ordnancesurvey.co.uk/ontology/admingeo/UnitaryAuthority,Scotland,http://data.ordnancesurvey.co.uk/id/7000000000041429,Scotland,http://data.ordnancesurvey.co.uk/id/country/scotland,,,
KY103SD,http://data.ordnancesurvey.co.uk/id/postcodeunit/KY103SD,KY10 3SD,,,,other,Postcode,361064.000,707666.000,3500,18000,,,,,,,Crail,http://data.ordnancesurvey.co.uk/id/4000000074554307,http://www.ordnancesurvey.co.uk/xml/codelists/localtype.xml#town,,,,Fife,http://data.ordnancesurvey.co.uk/id/7000000000030419,http://data.ordnancesurvey.co.uk/ontology/admingeo/UnitaryAuthority,Scotland,http://data.ordnancesurvey.co.uk/id/7000000000041429,Scotland,http://data.ordnancesurvey.co.uk/id/country/scotland,,,
KY103TN,http://data.ordnancesurvey.co.uk/id/postcodeunit/KY103TN,KY10 3TN,,,,other,Postcode,361592.000,708142.000,3500,18000,,,,,,,Crail,http://data.ordnancesurvey.co.uk/id/4000000074554307,http://www.ordnancesurvey.co.uk/xml/codelists/localtype.xml#town,,,,Fife,http://data.ordnancesurvey.co.uk/id/7000000000030419,http://data.ordnancesurvey.co.uk/ontology/admingeo/UnitaryAuthority,Scotland,http://data.ordnancesurvey.co.uk/id/7000000000041429,Scotland,http://data.ordnancesurvey.co.uk/id/country/scotland,,,
KY103SR,http://data.ordnancesurvey.co.uk/id/postcodeunit/KY103SR,KY10 3SR,,,,other,Postcode,361287.000,707636.000,3500,18000,,,,,,,Crail,http://data.ordnancesurvey.co.uk/id/4000000074554307,http://www.ordnancesurvey.co.uk/xml/codelists/localtype.xml#town,,,,Fife,http://data.ordnancesurvey.co.uk/id/7000000000030419,http://data.ordnancesurvey.co.uk/ontology/admingeo/UnitaryAuthority,Scotland,http://data.ordnancesurvey.co.uk/id/7000000000041429,Scotland,http://data.ordnancesurvey.co.uk/id/country/scotland,,,
KY103SN,http://data.ordnancesurvey.co.uk/id/postcodeunit/KY103SN,KY10 3SN,,,,other,Postcode,360982.000,707700.000,3500,18000,,,,,,,Crail,http://data.ordnancesurvey.co.uk/id/4000000074554307,http://www.ordnancesurvey.co.uk/xml/codelists/localtype.xml#town,,,,Fife,http://data.ordnancesurvey.co.uk/id/7000000000030419,http://data.ordnancesurvey.co.uk/ontology/admingeo/UnitaryAuthority,Scotland,http://data.ordnancesurvey.co.uk/id/7000000000041429,Scotland,http://data.ordnancesurvey.co.uk/id/country/scotland,,,
KY103TL,http://data.ordnancesurvey.co.uk/id/postcodeunit/KY103TL,KY10 3TL,,,,other,Postcode,361375.000,707825.000,3500,18000,,,,,,,Crail,http://data.ordnancesurvey.co.uk/id/4000000074554307,http://www.ordnancesurvey.co.uk/xml/codelists/localtype.xml#town,,,,Fife,http://data.ordnancesurvey.co.uk/id/7000000000030419,http://data.ordnancesurvey.co.uk/ontology/admingeo/UnitaryAuthority,Scotland,http://data.ordnancesurvey.co.uk/id/7000000000041429,Scotland,http://data.ordnancesurvey.co.uk/id/country/scotland,,,
KY103RJ,http://data.ordnancesurvey.co.uk/id/postcodeunit/KY103RJ,KY10 3RJ,,,,other,Postcode,360861.000,707281.000,3500,18000,,,,,,,Crail,http://data.ordnancesurvey.co.uk/id/4000000074554307,http://www.ordnancesurvey.co.uk/xml/codelists/localtype.xml#town,,,,Fife,http://data.ordnancesurvey.co.uk/id/7000000000030419,http://data.ordnancesurvey.co.uk/ontology/admingeo/UnitaryAuthority,Scotland,http://data.ordnancesurvey.co.uk/id/7000000000041429,Scotland,http://data.ordnancesurvey.co.uk/id/country/scotland,,,
KY103XN,http://data.ordnancesurvey.co.uk/id/postcodeunit/KY103XN,KY10 3XN,,,,other,Postcode,363243.000,709816.000,3500,18000,,,,,,,,,,,,,Fife,http://data.ordnancesurvey.co.uk/id/7000000000030419,http://data.ordnancesurvey.co.uk/ontology/admingeo/UnitaryAuthority,Scotland,http://data.ordnancesurvey.co.uk/id/7000000000041429,Scotland,http://data.ordnancesurvey.co.uk/id/country/scotland,,,
KY103RE,http://data.ordnancesurvey.co.uk/id/postcodeunit/KY103RE,KY10 3RE,,,,other,Postcode,361095.000,707499.000,3500,18000,,,,,,,Crail,http://data.ordnancesurvey.co.uk/id/4000000074554307,http://www.ordnancesurvey.co.uk/xml/codelists/localtype.xml#town,,,,Fife,http://data.ordnancesurvey.co.uk/id/7000000000030419,http://data.ordnancesurvey.co.uk/ontology/admingeo/UnitaryAuthority,Scotland,http://data.ordnancesurvey.co.uk/id/7000000000041429,Scotland,http://data.ordnancesurvey.co.uk/id/country/scotland,,,
KY103UN,http://data.ordnancesurvey.co.uk/id/postcodeunit/KY103UN,KY10 3UN,,,,other,Postcode,361240.000,707862.000,3500,18000,,,,,,,Crail,http://data.ordnancesurvey.co.uk/id/4000000074554307,http://www.ordnancesurvey.co.uk/xml/codelists/localtype.xml#town,,,,Fife,http://data.ordnancesurvey.co.uk/id/7000000000030419,http://data.ordnancesurvey.co.uk/ontology/admingeo/UnitaryAuthority,Scotland,http://data.ordnancesurvey.co.uk/id/7000000000041429,Scotland,http://data.ordnancesurvey.co.uk/id/country/scotland,,,
KY103UZ,http://data.ordnancesurvey.co.uk/id/postcodeunit/KY103UZ,KY10 3UZ,,,,other,Postcode,361529.000,708169.000,3500,18000,,,,,,,Crail,http://data.ordnancesurvey.co.uk/id/4000000074554307,http://www.ordnancesurvey.co.uk/xml/codelists/localtype.xml#town,,,,Fife,http://data.ordnancesurvey.co.uk/id/7000000000030419,http://data.ordnancesurvey.co.uk/ontology/admingeo/UnitaryAuthority,Scotland,http://data.ordnancesurvey.co.uk/id/7000000000041429,Scotland,http://data.ordnancesurvey.co.uk/id/country/scotland,,,
KY103US,http://data.ordnancesurvey.co.uk/id/postcodeunit/KY103US,KY10 3US,,,,other,Postcode,361234.000,707767.000,3500,18000,,,,,,,Crail,http://data.ordnancesurvey.co.uk/id/4000000074554307,http://www.ordnancesurvey.co.uk/xml/codelists/localtype.xml#town,,,,Fife,http://data.ordnancesurvey.co.uk/id/7000000000030419,http://data.ordnancesurvey.co.uk/ontology/admingeo/UnitaryAuthority,Scotland,http://data.ordnancesurvey.co.uk/id/7000000000041429,Scotland,http://data.ordnancesurvey.co.uk/id/country/scotland,,,
KY103RB,http://data.ordnancesurvey.co.uk/id/postcodeunit/KY103RB,KY10 3RB,,,,other,Postcode,361213.000,707600.000,3500,18000,,,,,,,Crail,http://data.ordnancesurvey.co.uk/id/4000000074554307,http://www.ordnancesurvey.co.uk/xml/codelists/localtype.xml#town,,,,Fife,http://data.ordnancesurvey.co.uk/id/7000000000030419,http://data.ordnancesurvey.co.uk/ontology/admingeo/UnitaryAuthority,Scotland,http://data.ordnancesurvey.co.uk/id/7000000000041429,Scotland,http://data.ordnancesurvey.co.uk/id/country/scotland,,,
KY103TQ,http://data.ordnancesurvey.co.uk/id/postcodeunit/KY103TQ,KY10 3TQ,,,,other,Postcode,361424.000,707964.000,3500,18000,,,,,,,Crail,http://data.ordnancesurvey.co.uk/id/4000000074554307,http://www.ordnancesurvey.co.uk/xml/codelists/localtype.xml#town,,,,Fife,http://data.ordnancesurvey.co.uk/id/7000000000030419,http://data.ordnancesurvey.co.uk/ontology/admingeo/UnitaryAuthority,Scotland,http://data.ordnancesurvey.co.uk/id/7000000000041429,Scotland,http://data.ordnancesurvey.co.uk/id/country/scotland,,,
KY103RG,http://data.ordnancesurvey.co.uk/id/postcodeunit/KY103RG,KY10 3RG,,,,other,Postcode,361139.000,707534.000,3500,18000,,,,,,,Crail,http://data.ordnancesurvey.co.uk/id/4000000074554307,http://www.ordnancesurvey.co.uk/xml/codelists/localtype.xml#town,,,,Fife,http://data.ordnancesurvey.co.uk/id/7000000000030419,http://data.ordnancesurvey.co.uk/ontology/admingeo/UnitaryAuthority,Scotland,http://data.ordnancesurvey.co.uk/id/7000000000041429,Scotland,http://data.ordnancesurvey.co.uk/id/country/scotland,,,
KY103XL,http://data.ordnancesurvey.co.uk/id/postcodeunit/KY103XL,KY10 3XL,,,,other,Postcode,361728.000,708872.000,3500,18000,,,,,,,,,,,,,Fife,http://data.ordnancesurvey.co.uk/id/7000000000030419,http://data.ordnancesurvey.co.uk/ontology/admingeo/UnitaryAuthority,Scotland,http://data.ordnancesurvey.co.uk/id/7000000000041429,Scotland,http://data.ordnancesurvey.co.uk/id/country/scotland,,,
KY103RN,http://data.ordnancesurvey.co.uk/id/postcodeunit/KY103RN,KY10 3RN,,,,other,Postcode,361016.000,707372.000,3500,18000,,,,,,,Crail,http://data.ordnancesurvey.co.uk/id/4000000074554307,http://www.ordnancesurvey.co.uk/xml/codelists/localtype.xml#town,,,,Fife,http://data.ordnancesurvey.co.uk/id/7000000000030419,http://data.ordnancesurvey.co.uk/ontology/admingeo/UnitaryAuthority,Scotland,http://data.ordnancesurvey.co.uk/id/7000000000041429,Scotland,http://data.ordnancesurvey.co.uk/id/country/scotland,,,
KY103XH,http://data.ordnancesurvey.co.uk/id/postcodeunit/KY103XH,KY10 3XH,,,,other,Postcode,361065.000,709584.000,3500,18000,,,,,,,,,,,,,Fife,http://data.ordnancesurvey.co.uk/id/7000000000030419,http://data.ordnancesurvey.co.uk/ontology/admingeo/UnitaryAuthority,Scotland,http://data.ordnancesurvey.co.uk/id/7000000000041429,Scotland,http://data.ordnancesurvey.co.uk/id/country/scotland,,,
KY103UQ,http://data.ordnancesurvey.co.uk/id/postcodeunit/KY103UQ,KY10 3UQ,,,,other,Postcode,361259.000,707784.000,3500,18000,,,,,,,Crail,http://data.ordnancesurvey.co.uk/id/4000000074554307,http://www.ordnancesurvey.co.uk/xml/codelists/localtype.xml#town,,,,Fife,http://data.ordnancesurvey.co.uk/id/7000000000030419,http://data.ordnancesurvey.co.uk/ontology/admingeo/UnitaryAuthority,Scotland,http://data.ordnancesurvey.co.uk/id/7000000000041429,Scotland,http://data.ordnancesurvey.co.uk/id/country/scotland,,,
KY103XP,http://data.ordnancesurvey.co.uk/id/postcodeunit/KY103XP,KY10 3XP,,,,other,Postcode,360847.000,707496.000,3500,18000,,,,,,,Crail,http://data.ordnancesurvey.co.uk/id/4000000074554307,http://www.ordnancesurvey.co.uk/xml/codelists/localtype.xml#town,,,,Fife,http://data.ordnancesurvey.co.uk/id/7000000000030419,http://data.ordnancesurvey.co.uk/ontology/admingeo/UnitaryAuthority,Scotland,http://data.ordnancesurvey.co.uk/id/7000000000041429,Scotland,http://data.ordnancesurvey.co.uk/id/country/scotland,,,
KY103RW,http://data.ordnancesurvey.co.uk/id/postcodeunit/KY103RW,KY10 3RW,,,,other,Postcode,360978.000,707324.000,3500,18000,,,,,,,Crail,http://data.ordnancesurvey.co.uk/id/4000000074554307,http://www.ordnancesurvey.co.uk/xml/codelists/localtype.xml#town,,,,Fife,http://data.ordnancesurvey.co.uk/id/7000000000030419,http://data.ordnancesurvey.co.uk/ontology/admingeo/UnitaryAuthority,Scotland,http://data.ordnancesurvey.co.uk/id/7000000000041429,Scotland,http://data.ordnancesurvey.co.uk/id/country/scotland,,,
KY103XR,http://data.ordnancesurvey.co.uk/id/postcodeunit/KY103XR,KY10 3XR,,,,other,Postcode,360833.000,707419.000,3500,18000,,,,,,,Crail,http://data.ordnancesurvey.co.uk/id/4000000074554307,http://www.ordnancesurvey.co.uk/xml/codelists/localtype.xml#town,,,,Fife,http://data.ordnancesurvey.co.uk/id/7000000000030419,http://data.ordnancesurvey.co.uk/ontology/admingeo/UnitaryAuthority,Scotland,http://data.ordnancesurvey.co.uk/id/7000000000041429,Scotland,http://data.ordnancesurvey.co.uk/id/country/scotland,,,
KY103TU,http://data.ordnancesurvey.co.uk/id/postcodeunit/KY103TU,KY10 3TU,,,,other,Postcode,361473.000,707769.000,3500,18000,,,,,,,Crail,http://data.ordnancesurvey.co.uk/id/4000000074554307,http://www.ordnancesurvey.co.uk/xml/codelists/localtype.xml#town,,,,Fife,http://data.ordnancesurvey.co.uk/id/7000000000030419,http://data.ordnancesurvey.co.uk/ontology/admingeo/UnitaryAuthority,Scotland,http://data.ordnancesurvey.co.uk/id/7000000000041429,Scotland,http://data.ordnancesurvey.co.uk/id/country/scotland,,,
KY103WH,http://data.ordnancesurvey.co.uk/id/postcodeunit/KY103WH,KY10 3WH,,,,other,Postcode,361477.000,708074.000,3500,18000,,,,,,,Crail,http://data.ordnancesurvey.co.uk/id/4000000074554307,http://www.ordnancesurvey.co.uk/xml/codelists/localtype.xml#town,,,,Fife,http://data.ordnancesurvey.co.uk/id/7000000000030419,http://data.ordnancesurvey.co.uk/ontology/admingeo/UnitaryAuthority,Scotland,http://data.ordnancesurvey.co.uk/id/7000000000041429,Scotland,http://data.ordnancesurvey.co.uk/id/country/scotland,,,
KY103SX,http://data.ordnancesurvey.co.uk/id/postcodeunit/KY103SX,KY10 3SX,,,,other,Postcode,361249.000,707493.000,3500,18000,,,,,,,Crail,http://data.ordnancesurvey.co.uk/id/4000000074554307,http://www.ordnancesurvey.co.uk/xml/codelists/localtype.xml#town,,,,Fife,http://data.ordnancesurvey.co.uk/id/7000000000030419,http://data.ordnancesurvey.co.uk/ontology/admingeo/UnitaryAuthority,Scotland,http://data.ordnancesurvey.co.uk/id/7000000000041429,Scotland,http://data.ordnancesurvey.co.uk/id/country/scotland,,,
KY103TD,http://data.ordnancesurvey.co.uk/id/postcodeunit/KY103TD,KY10 3TD,,,,other,Postcode,361286.000,707711.000,3500,18000,,,,,,,Crail,http://data.ordnancesurvey.co.uk/id/4000000074554307,http://www.ordnancesurvey.co.uk/xml/codelists/localtype.xml#town,,,,Fife,http://data.ordnancesurvey.co.uk/id/7000000000030419,http://data.ordnancesurvey.co.uk/ontology/admingeo/UnitaryAuthority,Scotland,http://data.ordnancesurvey.co.uk/id/7000000000041429,Scotland,http://data.ordnancesurvey.co.uk/id/country/scotland,,,
KY103SS,http://data.ordnancesurvey.co.uk/id/postcodeunit/KY103SS,KY10 3SS,,,,other,Postcode,361305.000,707577.000,3500,18000,,,,,,,Crail,http://data.ordnancesurvey.co.uk/id/4000000074554307,http://www.ordnancesurvey.co.uk/xml/codelists/localtype.xml#town,,,,Fife,http://data.ordnancesurvey.co.uk/id/7000000000030419,http://data.ordnancesurvey.co.uk/ontology/admingeo/UnitaryAuthority,Scotland,http://data.ordnancesurvey.co.uk/id/7000000000041429,Scotland,http://data.ordnancesurvey.co.uk/id/country/scotland,,,
KY103TW,http://data.ordnancesurvey.co.uk/id/postcodeunit/KY103TW,KY10 3TW,,,,other,Postcode,361458.000,707897.000,3500,18000,,,,,,,Crail,http://data.ordnancesurvey.co.uk/id/4000000074554307,http://www.ordnancesurvey.co.uk/xml/codelists/localtype.xml#town,,,,Fife,http://data.ordnancesurvey.co.uk/id/7000000000030419,http://data.ordnancesurvey.co.uk/ontology/admingeo/UnitaryAuthority,Scotland,http://data.ordnancesurvey.co.uk/id/7000000000041429,Scotland,http://data.ordnancesurvey.co.uk/id/country/scotland,,,
KY103SZ,http://data.ordnancesurvey.co.uk/id/postcodeunit/KY103SZ,KY10 3SZ,,,,other,Postcode,360974.000,707595.000,3500,18000,,,,,,,Crail,http://data.ordnancesurvey.co.uk/id/4000000074554307,http://www.ordnancesurvey.co.uk/xml/codelists/localtype.xml#town,,,,Fife,http://data.ordnancesurvey.co.uk/id/7000000000030419,http://data.ordnancesurvey.co.uk/ontology/admingeo/UnitaryAuthority,Scotland,http://data.ordnancesurvey.co.uk/id/7000000000041429,Scotland,http://data.ordnancesurvey.co.uk/id/country/scotland,,,
KY103SA,http://data.ordnancesurvey.co.uk/id/postcodeunit/KY103SA,KY10 3SA,,,,other,Postcode,361041.000,707780.000,3500,18000,,,,,,,Crail,http://data.ordnancesurvey.co.uk/id/4000000074554307,http://www.ordnancesurvey.co.uk/xml/codelists/localtype.xml#town,,,,Fife,http://data.ordnancesurvey.co.uk/id/7000000000030419,http://data.ordnancesurvey.co.uk/ontology/admingeo/UnitaryAuthority,Scotland,http://data.ordnancesurvey.co.uk/id/7000000000041429,Scotland,http://data.ordnancesurvey.co.uk/id/country/scotland,,,
KY103TA,http://data.ordnancesurvey.co.uk/id/postcodeunit/KY103TA,KY10 3TA,,,,other,Postcode,361253.000,707735.000,3500,18000,,,,,,,Crail,http://data.ordnancesurvey.co.uk/id/4000000074554307,http://www.ordnancesurvey.co.uk/xml/codelists/localtype.xml#town,,,,Fife,http://data.ordnancesurvey.co.uk/id/7000000000030419,http://data.ordnancesurvey.co.uk/ontology/admingeo/UnitaryAuthority,Scotland,http://data.ordnancesurvey.co.uk/id/7000000000041429,Scotland,http://data.ordnancesurvey.co.uk/id/country/scotland,,,
KY103SP,http://data.ordnancesurvey.co.uk/id/postcodeunit/KY103SP,KY10 3SP,,,,other,Postcode,361340.000,707526.000,3500,18000,,,,,,,Crail,http://data.ordnancesurvey.co.uk/id/4000000074554307,http://www.ordnancesurvey.co.uk/xml/codelists/localtype.xml#town,,,,Fife,http://data.ordnancesurvey.co.uk/id/7000000000030419,http://data.ordnancesurvey.co.uk/ontology/admingeo/UnitaryAuthority,Scotland,http://data.ordnancesurvey.co.uk/id/7000000000041429,Scotland,http://data.ordnancesurvey.co.uk/id/country/scotland,,,
KY103SH,http://data.ordnancesurvey.co.uk/id/postcodeunit/KY103SH,KY10 3SH,,,,other,Postcode,361269.000,707620.000,3500,18000,,,,,,,Crail,http://data.ordnancesurvey.co.uk/id/4000000074554307,http://www.ordnancesurvey.co.uk/xml/codelists/localtype.xml#town,,,,Fife,http://data.ordnancesurvey.co.uk/id/7000000000030419,http://data.ordnancesurvey.co.uk/ontology/admingeo/UnitaryAuthority,Scotland,http://data.ordnancesurvey.co.uk/id/7000000000041429,Scotland,http://data.ordnancesurvey.co.uk/id/country/scotland,,,
KY103RX,http://data.ordnancesurvey.co.uk/id/postcodeunit/KY103RX,KY10 3RX,,,,other,Postcode,361081.000,707684.000,3500,18000,,,,,,,Crail,http://data.ordnancesurvey.co.uk/id/4000000074554307,http://www.ordnancesurvey.co.uk/xml/codelists/localtype.xml#town,,,,Fife,http://data.ordnancesurvey.co.uk/id/7000000000030419,http://data.ordnancesurvey.co.uk/ontology/admingeo/UnitaryAuthority,Scotland,http://data.ordnancesurvey.co.uk/id/7000000000041429,Scotland,http://data.ordnancesurvey.co.uk/id/country/scotland,,,
KY103RP,http://data.ordnancesurvey.co.uk/id/postcodeunit/KY103RP,KY10 3RP,,,,other,Postcode,360990.000,707252.000,3500,18000,,,,,,,Crail,http://data.ordnancesurvey.co.uk/id/4000000074554307,http://www.ordnancesurvey.co.uk/xml/codelists/localtype.xml#town,,,,Fife,http://data.ordnancesurvey.co.uk/id/7000000000030419,http://data.ordnancesurvey.co.uk/ontology/admingeo/UnitaryAuthority,Scotland,http://data.ordnancesurvey.co.uk/id/7000000000041429,Scotland,http://data.ordnancesurvey.co.uk/id/country/scotland,,,
KY103RQ,http://data.ordnancesurvey.co.uk/id/postcodeunit/KY103RQ,KY10 3RQ,,,,other,Postcode,361175.000,707514.000,3500,18000,,,,,,,Crail,http://data.ordnancesurvey.co.uk/id/4000000074554307,http://www.ordnancesurvey.co.uk/xml/codelists/localtype.xml#town,,,,Fife,http://data.ordnancesurvey.co.uk/id/7000000000030419,http://data.ordnancesurvey.co.uk/ontology/admingeo/UnitaryAuthority,Scotland,http://data.ordnancesurvey.co.uk/id/7000000000041429,Scotland,http://data.ordnancesurvey.co.uk/id/country/scotland,,,
KY103UB,http://data.ordnancesurvey.co.uk/id/postcodeunit/KY103UB,KY10 3UB,,,,other,Postcode,361840.000,708095.000,3500,18000,,,,,,,Crail,http://data.ordnancesurvey.co.uk/id/4000000074554307,http://www.ordnancesurvey.co.uk/xml/codelists/localtype.xml#town,,,,Fife,http://data.ordnancesurvey.co.uk/id/7000000000030419,http://data.ordnancesurvey.co.uk/ontology/admingeo/UnitaryAuthority,Scotland,http://data.ordnancesurvey.co.uk/id/7000000000041429,Scotland,http://data.ordnancesurvey.co.uk/id/country/scotland,,,
KY103UD,http://data.ordnancesurvey.co.uk/id/postcodeunit/KY103UD,KY10 3UD,,,,other,Postcode,361660.000,708044.000,3500,18000,,,,,,,Crail,http://data.ordnancesurvey.co.uk/id/4000000074554307,http://www.ordnancesurvey.co.uk/xml/codelists/localtype.xml#town,,,,Fife,http://data.ordnancesurvey.co.uk/id/7000000000030419,http://data.ordnancesurvey.co.uk/ontology/admingeo/UnitaryAuthority,Scotland,http://data.ordnancesurvey.co.uk/id/7000000000041429,Scotland,http://data.ordnancesurvey.co.uk/id/country/scotland,,,
KY103XA,http://data.ordnancesurvey.co.uk/id/postcodeunit/KY103XA,KY10 3XA,,,,other,Postcode,360597.000,707454.000,3500,18000,,,,,,,,,,,,,Fife,http://data.ordnancesurvey.co.uk/id/7000000000030419,http://data.ordnancesurvey.co.uk/ontology/admingeo/UnitaryAuthority,Scotland,http://data.ordnancesurvey.co.uk/id/7000000000041429,Scotland,http://data.ordnancesurvey.co.uk/id/country/scotland,,,
KY103XQ,http://data.ordnancesurvey.co.uk/id/postcodeunit/KY103XQ,KY10 3XQ,,,,other,Postcode,360181.000,709666.000,3500,18000,,,,,,,,,,,,,Fife,http://data.ordnancesurvey.co.uk/id/7000000000030419,http://data.ordnancesurvey.co.uk/ontology/admingeo/UnitaryAuthority,Scotland,http://data.ordnancesurvey.co.uk/id/7000000000041429,Scotland,http://data.ordnancesurvey.co.uk/id/country/scotland,,,
KY103SB,http://data.ordnancesurvey.co.uk/id/postcodeunit/KY103SB,KY10 3SB,,,,other,Postcode,361041.000,707600.000,3500,18000,,,,,,,Crail,http://data.ordnancesurvey.co.uk/id/4000000074554307,http://www.ordnancesurvey.co.uk/xml/codelists/localtype.xml#town,,,,Fife,http://data.ordnancesurvey.co.uk/id/7000000000030419,http://data.ordnancesurvey.co.uk/ontology/admingeo/UnitaryAuthority,Scotland,http://data.ordnancesurvey.co.uk/id/7000000000041429,Scotland,http://data.ordnancesurvey.co.uk/id/country/scotland,,,
KY103RZ,http://data.ordnancesurvey.co.uk/id/postcodeunit/KY103RZ,KY10 3RZ,,,,other,Postcode,361021.000,707645.000,3500,18000,,,,,,,Crail,http://data.ordnancesurvey.co.uk/id/4000000074554307,http://www.ordnancesurvey.co.uk/xml/codelists/localtype.xml#town,,,,Fife,http://data.ordnancesurvey.co.uk/id/7000000000030419,http://data.ordnancesurvey.co.uk/ontology/admingeo/UnitaryAuthority,Scotland,http://data.ordnancesurvey.co.uk/id/7000000000041429,Scotland,http://data.ordnancesurvey.co.uk/id/country/scotland,,,
KY103WN,http://data.ordnancesurvey.co.uk/id/postcodeunit/KY103WN,KY10 3WN,,,,other,Postcode,361376.000,708174.000,3500,18000,,,,,,,,,,,,,Fife,http://data.ordnancesurvey.co.uk/id/7000000000030419,http://data.ordnancesurvey.co.uk/ontology/admingeo/UnitaryAuthority,Scotland,http://data.ordnancesurvey.co.uk/id/7000000000041429,Scotland,http://data.ordnancesurvey.co.uk/id/country/scotland,,,
KY103RF,http://data.ordnancesurvey.co.uk/id/postcodeunit/KY103RF,KY10 3RF,,,,other,Postcode,361127.000,707475.000,3500,18000,,,,,,,Crail,http://data.ordnancesurvey.co.uk/id/4000000074554307,http://www.ordnancesurvey.co.uk/xml/codelists/localtype.xml#town,,,,Fife,http://data.ordnancesurvey.co.uk/id/7000000000030419,http://data.ordnancesurvey.co.uk/ontology/admingeo/UnitaryAuthority,Scotland,http://data.ordnancesurvey.co.uk/id/7000000000041429,Scotland,http://data.ordnancesurvey.co.uk/id/country/scotland,,,
KY103TG,http://data.ordnancesurvey.co.uk/id/postcodeunit/KY103TG,KY10 3TG,,,,other,Postcode,361162.000,707762.000,3500,18000,,,,,,,Crail,http://data.ordnancesurvey.co.uk/id/4000000074554307,http://www.ordnancesurvey.co.uk/xml/codelists/localtype.xml#town,,,,Fife,http://data.ordnancesurvey.co.uk/id/7000000000030419,http://data.ordnancesurvey.co.uk/ontology/admingeo/UnitaryAuthority,Scotland,http://data.ordnancesurvey.co.uk/id/7000000000041429,Scotland,http://data.ordnancesurvey.co.uk/id/country/scotland,,,
KY103UX,http://data.ordnancesurvey.co.uk/id/postcodeunit/KY103UX,KY10 3UX,,,,other,Postcode,361488.000,708144.000,3500,18000,,,,,,,Crail,http://data.ordnancesurvey.co.uk/id/4000000074554307,http://www.ordnancesurvey.co.uk/xml/codelists/localtype.xml#town,,,,Fife,http://data.ordnancesurvey.co.uk/id/7000000000030419,http://data.ordnancesurvey.co.uk/ontology/admingeo/UnitaryAuthority,Scotland,http://data.ordnancesurvey.co.uk/id/7000000000041429,Scotland,http://data.ordnancesurvey.co.uk/id/country/scotland,,,
KY168QE,http://data.ordnancesurvey.co.uk/id/postcodeunit/KY168QE,KY16 8QE,,,,other,Postcode,360329.000,710762.000,3500,18000,,,,,,,,,,,,,Fife,http://data.ordnancesurvey.co.uk/id/7000000000030419,http://data.ordnancesurvey.co.uk/ontology/admingeo/UnitaryAuthority,Scotland,http://data.ordnancesurvey.co.uk/id/7000000000041429,Scotland,http://data.ordnancesurvey.co.uk/id/country/scotland,,,
KY103TF,http://data.ordnancesurvey.co.uk/id/postcodeunit/KY103TF,KY10 3TF,,,,other,Postcode,361222.000,707743.000,3500,18000,,,,,,,Crail,http://data.ordnancesurvey.co.uk/id/4000000074554307,http://www.ordnancesurvey.co.uk/xml/codelists/localtype.xml#town,,,,Fife,http://data.ordnancesurvey.co.uk/id/7000000000030419,http://data.ordnancesurvey.co.uk/ontology/admingeo/UnitaryAuthority,Scotland,http://data.ordnancesurvey.co.uk/id/7000000000041429,Scotland,http://data.ordnancesurvey.co.uk/id/country/scotland,,,
KY103SE,http://data.ordnancesurvey.co.uk/id/postcodeunit/KY103SE,KY10 3SE,,,,other,Postcode,361046.000,707711.000,3500,18000,,,,,,,Crail,http://data.ordnancesurvey.co.uk/id/4000000074554307,http://www.ordnancesurvey.co.uk/xml/codelists/localtype.xml#town,,,,Fife,http://data.ordnancesurvey.co.uk/id/7000000000030419,http://data.ordnancesurvey.co.uk/ontology/admingeo/UnitaryAuthority,Scotland,http://data.ordnancesurvey.co.uk/id/7000000000041429,Scotland,http://data.ordnancesurvey.co.uk/id/country/scotland,,,
KY103ST,http://data.ordnancesurvey.co.uk/id/postcodeunit/KY103ST,KY10 3ST,,,,other,Postcode,361196.000,707512.000,3500,18000,,,,,,,Crail,http://data.ordnancesurvey.co.uk/id/4000000074554307,http://www.ordnancesurvey.co.uk/xml/codelists/localtype.xml#town,,,,Fife,http://data.ordnancesurvey.co.uk/id/7000000000030419,http://data.ordnancesurvey.co.uk/ontology/admingeo/UnitaryAuthority,Scotland,http://data.ordnancesurvey.co.uk/id/7000000000041429,Scotland,http://data.ordnancesurvey.co.uk/id/country/scotland,,,
KY103SY,http://data.ordnancesurvey.co.uk/id/postcodeunit/KY103SY,KY10 3SY,,,,other,Postcode,360919.000,707230.000,3500,18000,,,,,,,Crail,http://data.ordnancesurvey.co.uk/id/4000000074554307,http://www.ordnancesurvey.co.uk/xml/codelists/localtype.xml#town,,,,Fife,http://data.ordnancesurvey.co.uk/id/7000000000030419,http://data.ordnancesurvey.co.uk/ontology/admingeo/UnitaryAuthority,Scotland,http://data.ordnancesurvey.co.uk/id/7000000000041429,Scotland,http://data.ordnancesurvey.co.uk/id/country/scotland,,,
KY103UW,http://data.ordnancesurvey.co.uk/id/postcodeunit/KY103UW,KY10 3UW,,,,other,Postcode,361124.000,707791.000,3500,18000,,,,,,,Crail,http://data.ordnancesurvey.co.uk/id/4000000074554307,http://www.ordnancesurvey.co.uk/xml/codelists/localtype.xml#town,,,,Fife,http://data.ordnancesurvey.co.uk/id/7000000000030419,http://data.ordnancesurvey.co.uk/ontology/admingeo/UnitaryAuthority,Scotland,http://data.ordnancesurvey.co.uk/id/7000000000041429,Scotland,http://data.ordnancesurvey.co.uk/id/country/scotland,,,
KY103SU,http://data.ordnancesurvey.co.uk/id/postcodeunit/KY103SU,KY10 3SU,,,,other,Postcode,361218.000,707446.000,3500,18000,,,,,,,Crail,http://data.ordnancesurvey.co.uk/id/4000000074554307,http://www.ordnancesurvey.co.uk/xml/codelists/localtype.xml#town,,,,Fife,http://data.ordnancesurvey.co.uk/id/7000000000030419,http://data.ordnancesurvey.co.uk/ontology/admingeo/UnitaryAuthority,Scotland,http://data.ordnancesurvey.co.uk/id/7000000000041429,Scotland,http://data.ordnancesurvey.co.uk/id/country/scotland,,,
KY103RU,http://data.ordnancesurvey.co.uk/id/postcodeunit/KY103RU,KY10 3RU,,,,other,Postcode,361122.000,707676.000,3500,18000,,,,,,,Crail,http://data.ordnancesurvey.co.uk/id/4000000074554307,http://www.ordnancesurvey.co.uk/xml/codelists/localtype.xml#town,,,,Fife,http://data.ordnancesurvey.co.uk/id/7000000000030419,http://data.ordnancesurvey.co.uk/ontology/admingeo/UnitaryAuthority,Scotland,http://data.ordnancesurvey.co.uk/id/7000000000041429,Scotland,http://data.ordnancesurvey.co.uk/id/country/scotland,,,
KY103UT,http://data.ordnancesurvey.co.uk/id/postcodeunit/KY103UT,KY10 3UT,,,,other,Postcode,361087.000,708055.000,3500,18000,,,,,,,Crail,http://data.ordnancesurvey.co.uk/id/4000000074554307,http://www.ordnancesurvey.co.uk/xml/codelists/localtype.xml#town,,,,Fife,http://data.ordnancesurvey.co.uk/id/7000000000030419,http://data.ordnancesurvey.co.uk/ontology/admingeo/UnitaryAuthority,Scotland,http://data.ordnancesurvey.co.uk/id/7000000000041429,Scotland,http://data.ordnancesurvey.co.uk/id/country/scotland,,,
KY103RH,http://data.ordnancesurvey.co.uk/id/postcodeunit/KY103RH,KY10 3RH,,,,other,Postcode,360934.000,707341.000,3500,18000,,,,,,,Crail,http://data.ordnancesurvey.co.uk/id/4000000074554307,http://www.ordnancesurvey.co.uk/xml/codelists/localtype.xml#town,,,,Fife,http://data.ordnancesurvey.co.uk/id/7000000000030419,http://data.ordnancesurvey.co.uk/ontology/admingeo/UnitaryAuthority,Scotland,http://data.ordnancesurvey.co.uk/id/7000000000041429,Scotland,http://data.ordnancesurvey.co.uk/id/country/scotland,,,
KY103TH,http://data.ordnancesurvey.co.uk/id/postcodeunit/KY103TH,KY10 3TH,,,,other,Postcode,361337.000,707854.000,3500,18000,,,,,,,Crail,http://data.ordnancesurvey.co.uk/id/4000000074554307,http://www.ordnancesurvey.co.uk/xml/codelists/localtype.xml#town,,,,Fife,http://data.ordnancesurvey.co.uk/id/7000000000030419,http://data.ordnancesurvey.co.uk/ontology/admingeo/UnitaryAuthority,Scotland,http://data.ordnancesurvey.co.uk/id/7000000000041429,Scotland,http://data.ordnancesurvey.co.uk/id/country/scotland,,,
KY103UY,http://data.ordnancesurvey.co.uk/id/postcodeunit/KY103UY,KY10 3UY,,,,other,Postcode,361170.000,707611.000,3500,18000,,,,,,,Crail,http://data.ordnancesurvey.co.uk/id/4000000074554307,http://www.ordnancesurvey.co.uk/xml/codelists/localtype.xml#town,,,,Fife,http://data.ordnancesurvey.co.uk/id/7000000000030419,http://data.ordnancesurvey.co.uk/ontology/admingeo/UnitaryAuthority,Scotland,http://data.ordnancesurvey.co.uk/id/7000000000041429,Scotland,http://data.ordnancesurvey.co.uk/id/country/scotland,,,
KY103TE,http://data.ordnancesurvey.co.uk/id/postcodeunit/KY103TE,KY10 3TE,,,,other,Postcode,361252.000,707679.000,3500,18000,,,,,,,Crail,http://data.ordnancesurvey.co.uk/id/4000000074554307,http://www.ordnancesurvey.co.uk/xml/codelists/localtype.xml#town,,,,Fife,http://data.ordnancesurvey.co.uk/id/7000000000030419,http://data.ordnancesurvey.co.uk/ontology/admingeo/UnitaryAuthority,Scotland,http://data.ordnancesurvey.co.uk/id/7000000000041429,Scotland,http://data.ordnancesurvey.co.uk/id/country/scotland,,,
KY103SG,http://data.ordnancesurvey.co.uk/id/postcodeunit/KY103SG,KY10 3SG,,,,other,Postcode,361080.000,707761.000,3500,18000,,,,,,,Crail,http://data.ordnancesurvey.co.uk/id/4000000074554307,http://www.ordnancesurvey.co.uk/xml/codelists/localtype.xml#town,,,,Fife,http://data.ordnancesurvey.co.uk/id/7000000000030419,http://data.ordnancesurvey.co.uk/ontology/admingeo/UnitaryAuthority,Scotland,http://data.ordnancesurvey.co.uk/id/7000000000041429,Scotland,http://data.ordnancesurvey.co.uk/id/country/scotland,,,
KY103XJ,http://data.ordnancesurvey.co.uk/id/postcodeunit/KY103XJ,KY10 3XJ,,,,other,Postcode,362175.000,707876.000,3500,18000,,,,,,,,,,,,,Fife,http://data.ordnancesurvey.co.uk/id/7000000000030419,http://data.ordnancesurvey.co.uk/ontology/admingeo/UnitaryAuthority,Scotland,http://data.ordnancesurvey.co.uk/id/7000000000041429,Scotland,http://data.ordnancesurvey.co.uk/id/country/scotland,,,
KY103RA,http://data.ordnancesurvey.co.uk/id/postcodeunit/KY103RA,KY10 3RA,,,,other,Postcode,361176.000,707596.000,3500,18000,,,,,,,Crail,http://data.ordnancesurvey.co.uk/id/4000000074554307,http://www.ordnancesurvey.co.uk/xml/codelists/localtype.xml#town,,,,Fife,http://data.ordnancesurvey.co.uk/id/7000000000030419,http://data.ordnancesurvey.co.uk/ontology/admingeo/UnitaryAuthority,Scotland,http://data.ordnancesurvey.co.uk/id/7000000000041429,Scotland,http://data.ordnancesurvey.co.uk/id/country/scotland,,,
KY103SJ,http://data.ordnancesurvey.co.uk/id/postcodeunit/KY103SJ,KY10 3SJ,,,,other,Postcode,361248.000,707550.000,3500,18000,,,,,,,Crail,http://data.ordnancesurvey.co.uk/id/4000000074554307,http://www.ordnancesurvey.co.uk/xml/codelists/localtype.xml#town,,,,Fife,http://data.ordnancesurvey.co.uk/id/7000000000030419,http://data.ordnancesurvey.co.uk/ontology/admingeo/UnitaryAuthority,Scotland,http://data.ordnancesurvey.co.uk/id/7000000000041429,Scotland,http://data.ordnancesurvey.co.uk/id/country/scotland,,,
KY103UR,http://data.ordnancesurvey.co.uk/id/postcodeunit/KY103UR,KY10 3UR,,,,other,Postcode,361160.000,707975.000,3500,18000,,,,,,,Crail,http://data.ordnancesurvey.co.uk/id/4000000074554307,http://www.ordnancesurvey.co.uk/xml/codelists/localtype.xml#town,,,,Fife,http://data.ordnancesurvey.co.uk/id/7000000000030419,http://data.ordnancesurvey.co.uk/ontology/admingeo/UnitaryAuthority,Scotland,http://data.ordnancesurvey.co.uk/id/7000000000041429,Scotland,http://data.ordnancesurvey.co.uk/id/country/scotland,,,
KY103UH,http://data.ordnancesurvey.co.uk/id/postcodeunit/KY103UH,KY10 3UH,,,,other,Postcode,361098.000,707921.000,3500,18000,,,,,,,Crail,http://data.ordnancesurvey.co.uk/id/4000000074554307,http://www.ordnancesurvey.co.uk/xml/codelists/localtype.xml#town,,,,Fife,http://data.ordnancesurvey.co.uk/id/7000000000030419,http://data.ordnancesurvey.co.uk/ontology/admingeo/UnitaryAuthority,Scotland,http://data.ordnancesurvey.co.uk/id/7000000000041429,Scotland,http://data.ordnancesurvey.co.uk/id/country/scotland,,,
KY103UJ,http://data.ordnancesurvey.co.uk/id/postcodeunit/KY103UJ,KY10 3UJ,,,,other,Postcode,361131.000,708101.000,3500,18000,,,,,,,Crail,http://data.ordnancesurvey.co.uk/id/4000000074554307,http://www.ordnancesurvey.co.uk/xml/codelists/localtype.xml#town,,,,Fife,http://data.ordnancesurvey.co.uk/id/7000000000030419,http://data.ordnancesurvey.co.uk/ontology/admingeo/UnitaryAuthority,Scotland,http://data.ordnancesurvey.co.uk/id/7000000000041429,Scotland,http://data.ordnancesurvey.co.uk/id/country/scotland,,,
KY103RR,http://data.ordnancesurvey.co.uk/id/postcodeunit/KY103RR,KY10 3RR,,,,other,Postcode,361018.000,707131.000,3500,18000,,,,,,,Crail,http://data.ordnancesurvey.co.uk/id/4000000074554307,http://www.ordnancesurvey.co.uk/xml/codelists/localtype.xml#town,,,,Fife,http://data.ordnancesurvey.co.uk/id/7000000000030419,http://data.ordnancesurvey.co.uk/ontology/admingeo/UnitaryAuthority,Scotland,http://data.ordnancesurvey.co.uk/id/7000000000041429,Scotland,http://data.ordnancesurvey.co.uk/id/country/scotland,,,
KY103TB,http://data.ordnancesurvey.co.uk/id/postcodeunit/KY103TB,KY10 3TB,,,,other,Postcode,361228.000,707684.000,3500,18000,,,,,,,Crail,http://data.ordnancesurvey.co.uk/id/4000000074554307,http://www.ordnancesurvey.co.uk/xml/codelists/localtype.xml#town,,,,Fife,http://data.ordnancesurvey.co.uk/id/7000000000030419,http://data.ordnancesurvey.co.uk/ontology/admingeo/UnitaryAuthority,Scotland,http://data.ordnancesurvey.co.uk/id/7000000000041429,Scotland,http://data.ordnancesurvey.co.uk/id/country/scotland,,,
KY103UP,http://data.ordnancesurvey.co.uk/id/postcodeunit/KY103UP,KY10 3UP,,,,other,Postcode,361014.000,707901.000,3500,18000,,,,,,,Crail,http://data.ordnancesurvey.co.uk/id/4000000074554307,http://www.ordnancesurvey.co.uk/xml/codelists/localtype.xml#town,,,,Fife,http://data.ordnancesurvey.co.uk/id/7000000000030419,http://data.ordnancesurvey.co.uk/ontology/admingeo/UnitaryAuthority,Scotland,http://data.ordnancesurvey.co.uk/id/7000000000041429,Scotland,http://data.ordnancesurvey.co.uk/id/country/scotland,,,
KY103TR,http://data.ordnancesurvey.co.uk/id/postcodeunit/KY103TR,KY10 3TR,,,,other,Postcode,361615.000,707969.000,3500,18000,,,,,,,Crail,http://data.ordnancesurvey.co.uk/id/4000000074554307,http://www.ordnancesurvey.co.uk/xml/codelists/localtype.xml#town,,,,Fife,http://data.ordnancesurvey.co.uk/id/7000000000030419,http://data.ordnancesurvey.co.uk/ontology/admingeo/UnitaryAuthority,Scotland,http://data.ordnancesurvey.co.uk/id/7000000000041429,Scotland,http://data.ordnancesurvey.co.uk/id/country/scotland,,,
KY103TY,http://data.ordnancesurvey.co.uk/id/postcodeunit/KY103TY,KY10 3TY,,,,other,Postcode,361483.000,707728.000,3500,18000,,,,,,,Crail,http://data.ordnancesurvey.co.uk/id/4000000074554307,http://www.ordnancesurvey.co.uk/xml/codelists/localtype.xml#town,,,,Fife,http://data.ordnancesurvey.co.uk/id/7000000000030419,http://data.ordnancesurvey.co.uk/ontology/admingeo/UnitaryAuthority,Scotland,http://data.ordnancesurvey.co.uk/id/7000000000041429,Scotland,http://data.ordnancesurvey.co.uk/id/country/scotland,,,
osgb4000000004513927,http://data.ordnancesurvey.co.uk/id/4000000004513927,Arrighi Crescent,,,,transportNetwork,Named Road,361087.000,707617.000,1000,20000,360998.000,707582.000,361103.000,707679.000,KY10,http://data.ordnancesurvey.co.uk/id/postcodedistrict/KY10,Crail,http://data.ordnancesurvey.co.uk/id/4000000074554307,http://www.ordnancesurvey.co.uk/xml/codelists/localtype.xml#town,,,,Fife,http://data.ordnancesurvey.co.uk/id/7000000000030419,http://data.ordnancesurvey.co.uk/ontology/admingeo/UnitaryAuthority,Scotland,http://data.ordnancesurvey.co.uk/id/7000000000041429,Scotland,http://data.ordnancesurvey.co.uk/id/country/scotland,,,
osgb4000000004516244,http://data.ordnancesurvey.co.uk/id/4000000004516244,Rose Wynd,,,,transportNetwork,Named Road,361280.000,707643.000,1000,20000,361267.000,707593.422,361301.975,707669.000,KY10,http://data.ordnancesurvey.co.uk/id/postcodedistrict/KY10,Crail,http://data.ordnancesurvey.co.uk/id/4000000074554307,http://www.ordnancesurvey.co.uk/xml/codelists/localtype.xml#town,,,,Fife,http://data.ordnancesurvey.co.uk/id/7000000000030419,http://data.ordnancesurvey.co.uk/ontology/admingeo/UnitaryAuthority,Scotland,http://data.ordnancesurvey.co.uk/id/7000000000041429,Scotland,http://data.ordnancesurvey.co.uk/id/country/scotland,,,
osgb4000000004512190,http://data.ordnancesurvey.co.uk/id/4000000004512190,Balcomie Road,,,,transportNetwork,Named Road,361580.000,708160.000,2000,20000,361509.000,708020.000,361640.000,708257.000,KY10,http://data.ordnancesurvey.co.uk/id/postcodedistrict/KY10,Crail,http://data.ordnancesurvey.co.uk/id/4000000074554307,http://www.ordnancesurvey.co.uk/xml/codelists/localtype.xml#town,,,,Fife,http://data.ordnancesurvey.co.uk/id/7000000000030419,http://data.ordnancesurvey.co.uk/ontology/admingeo/UnitaryAuthority,Scotland,http://data.ordnancesurvey.co.uk/id/7000000000041429,Scotland,http://data.ordnancesurvey.co.uk/id/country/scotland,,,
osgb4000000004513929,http://data.ordnancesurvey.co.uk/id/4000000004513929,Shoregate,,,,transportNetwork,Named Road,361215.000,707511.000,1000,20000,361142.000,707414.000,361251.000,707548.000,KY10,http://data.ordnancesurvey.co.uk/id/postcodedistrict/KY10,Crail,http://data.ordnancesurvey.co.uk/id/4000000074554307,http://www.ordnancesurvey.co.uk/xml/codelists/localtype.xml#town,,,,Fife,http://data.ordnancesurvey.co.uk/id/7000000000030419,http://data.ordnancesurvey.co.uk/ontology/admingeo/UnitaryAuthority,Scotland,http://data.ordnancesurvey.co.uk/id/7000000000041429,Scotland,http://data.ordnancesurvey.co.uk/id/country/scotland,,,
osgb5000005100476446,http://data.ordnancesurvey.co.uk/id/5000005100476446,Dorward Drive,,,,transportNetwork,Named Road,361418.924,708170.562,1000,20000,361362.918,708099.628,361465.513,708226.812,KY10,http://data.ordnancesurvey.co.uk/id/postcodedistrict/KY10,,,,,,,Fife,http://data.ordnancesurvey.co.uk/id/7000000000030419,http://data.ordnancesurvey.co.uk/ontology/admingeo/UnitaryAuthority,Scotland,http://data.ordnancesurvey.co.uk/id/7000000000041429,Scotland,http://data.ordnancesurvey.co.uk/id/country/scotland,,,
osgb4000000004518014,http://data.ordnancesurvey.co.uk/id/4000000004518014,Rumford,,,,transportNetwork,Named Road,361297.000,707555.000,1000,20000,361266.000,707554.000,361340.000,707587.000,KY10,http://data.ordnancesurvey.co.uk/id/postcodedistrict/KY10,Crail,http://data.ordnancesurvey.co.uk/id/4000000074554307,http://www.ordnancesurvey.co.uk/xml/codelists/localtype.xml#town,,,,Fife,http://data.ordnancesurvey.co.uk/id/7000000000030419,http://data.ordnancesurvey.co.uk/ontology/admingeo/UnitaryAuthority,Scotland,http://data.ordnancesurvey.co.uk/id/7000000000041429,Scotland,http://data.ordnancesurvey.co.uk/id/country/scotland,,,
osgb4000000004513934,http://data.ordnancesurvey.co.uk/id/4000000004513934,Bow Butts Road,,,,transportNetwork,Named Road,361211.000,708000.000,1000,20000,361106.000,707870.000,361253.415,708055.189,KY10,http://data.ordnancesurvey.co.uk/id/postcodedistrict/KY10,Crail,http://data.ordnancesurvey.co.uk/id/4000000074554307,http://www.ordnancesurvey.co.uk/xml/codelists/localtype.xml#town,,,,Fife,http://data.ordnancesurvey.co.uk/id/7000000000030419,http://data.ordnancesurvey.co.uk/ontology/admingeo/UnitaryAuthority,Scotland,http://data.ordnancesurvey.co.uk/id/7000000000041429,Scotland,http://data.ordnancesurvey.co.uk/id/country/scotland,,,
osgb4000000004513923,http://data.ordnancesurvey.co.uk/id/4000000004513923,Anstruther Road,,,,transportNetwork,Named Road,360961.000,707325.000,2000,20000,360814.000,707217.000,361081.000,707452.000,KY10,http://data.ordnancesurvey.co.uk/id/postcodedistrict/KY10,Crail,http://data.ordnancesurvey.co.uk/id/4000000074554307,http://www.ordnancesurvey.co.uk/xml/codelists/localtype.xml#town,,,,Fife,http://data.ordnancesurvey.co.uk/id/7000000000030419,http://data.ordnancesurvey.co.uk/ontology/admingeo/UnitaryAuthority,Scotland,http://data.ordnancesurvey.co.uk/id/7000000000041429,Scotland,http://data.ordnancesurvey.co.uk/id/country/scotland,,,
osgb4000000004516245,http://data.ordnancesurvey.co.uk/id/4000000004516245,Tod's Green,,,,transportNetwork,Named Road,360999.000,707749.000,1000,20000,360977.985,707728.555,361025.000,707779.000,KY10,http://data.ordnancesurvey.co.uk/id/postcodedistrict/KY10,Crail,http://data.ordnancesurvey.co.uk/id/4000000074554307,http://www.ordnancesurvey.co.uk/xml/codelists/localtype.xml#town,,,,Fife,http://data.ordnancesurvey.co.uk/id/7000000000030419,http://data.ordnancesurvey.co.uk/ontology/admingeo/UnitaryAuthority,Scotland,http://data.ordnancesurvey.co.uk/id/7000000000041429,Scotland,http://data.ordnancesurvey.co.uk/id/country/scotland,,,
47369bfd-e540-43e3-b457-a81984418e3c,http://data.ordnancesurvey.co.uk/id/47369bfd-e540-43e3-b457-a81984418e3c,A917,,,,transportNetwork,Section Of Numbered Road,361167.000,707548.000,6000,25000,360799.228,707203.096,361280.307,708063.716,KY10,http://data.ordnancesurvey.co.uk/id/postcodedistrict/KY10,Crail,http://data.ordnancesurvey.co.uk/id/4000000074554307,http://www.ordnancesurvey.co.uk/xml/codelists/localtype.xml#town,,,,Fife,http://data.ordnancesurvey.co.uk/id/7000000000030419,http://data.ordnancesurvey.co.uk/ontology/admingeo/UnitaryAuthority,Scotland,http://data.ordnancesurvey.co.uk/id/7000000000041429,Scotland,http://data.ordnancesurvey.co.uk/id/country/scotland,osgb4000000004538516,,
osgb4000000004512192,http://data.ordnancesurvey.co.uk/id/4000000004512192,Pinkerton Road,,,,transportNetwork,Named Road,361806.000,708090.000,3000,20000,361605.000,707994.000,362016.000,708206.000,KY10,http://data.ordnancesurvey.co.uk/id/postcodedistrict/KY10,Crail,http://data.ordnancesurvey.co.uk/id/4000000074554307,http://www.ordnancesurvey.co.uk/xml/codelists/localtype.xml#town,,,,Fife,http://data.ordnancesurvey.co.uk/id/7000000000030419,http://data.ordnancesurvey.co.uk/ontology/admingeo/UnitaryAuthority,Scotland,http://data.ordnancesurvey.co.uk/id/7000000000041429,Scotland,http://data.ordnancesurvey.co.uk/id/country/scotland,,,
osgb4000000004513924,http://data.ordnancesurvey.co.uk/id/4000000004513924,West Braes Crescent,,,,transportNetwork,Named Road,360924.000,707260.000,1000,20000,360868.750,707168.000,360988.000,707288.000,KY10,http://data.ordnancesurvey.co.uk/id/postcodedistrict/KY10,Crail,http://data.ordnancesurvey.co.uk/id/4000000074554307,http://www.ordnancesurvey.co.uk/xml/codelists/localtype.xml#town,,,,Fife,http://data.ordnancesurvey.co.uk/id/7000000000030419,http://data.ordnancesurvey.co.uk/ontology/admingeo/UnitaryAuthority,Scotland,http://data.ordnancesurvey.co.uk/id/7000000000041429,Scotland,http://data.ordnancesurvey.co.uk/id/country/scotland,,,
osgb4000000004513931,http://data.ordnancesurvey.co.uk/id/4000000004513931,Castle Street,,,,transportNetwork,Named Road,361265.000,707589.000,1000,20000,361230.000,707500.000,361267.000,707698.000,KY10,http://data.ordnancesurvey.co.uk/id/postcodedistrict/KY10,Crail,http://data.ordnancesurvey.co.uk/id/4000000074554307,http://www.ordnancesurvey.co.uk/xml/codelists/localtype.xml#town,,,,Fife,http://data.ordnancesurvey.co.uk/id/7000000000030419,http://data.ordnancesurvey.co.uk/ontology/admingeo/UnitaryAuthority,Scotland,http://data.ordnancesurvey.co.uk/id/7000000000041429,Scotland,http://data.ordnancesurvey.co.uk/id/country/scotland,,,
8ea4dbeb-1096-44ce-855c-16f2eaaf8861,http://data.ordnancesurvey.co.uk/id/8ea4dbeb-1096-44ce-855c-16f2eaaf8861,Balcomie Green,,,,transportNetwork,Section Of Named Road,361500.616,708120.634,1000,25000,361452.257,708094.374,361550.451,708148.761,KY10,http://data.ordnancesurvey.co.uk/id/postcodedistrict/KY10,Crail,http://data.ordnancesurvey.co.uk/id/4000000074554307,http://www.ordnancesurvey.co.uk/xml/codelists/localtype.xml#town,,,,Fife,http://data.ordnancesurvey.co.uk/id/7000000000030419,http://data.ordnancesurvey.co.uk/ontology/admingeo/UnitaryAuthority,Scotland,http://data.ordnancesurvey.co.uk/id/7000000000041429,Scotland,http://data.ordnancesurvey.co.uk/id/country/scotland,osgb4000000004562952,,
osgb4000000004513926,http://data.ordnancesurvey.co.uk/id/4000000004513926,Lamont Terrace,,,,transportNetwork,Named Road,361014.000,707483.000,1000,20000,360943.000,707452.000,361081.000,707516.000,KY10,http://data.ordnancesurvey.co.uk/id/postcodedistrict/KY10,Crail,http://data.ordnancesurvey.co.uk/id/4000000074554307,http://www.ordnancesurvey.co.uk/xml/codelists/localtype.xml#town,,,,Fife,http://data.ordnancesurvey.co.uk/id/7000000000030419,http://data.ordnancesurvey.co.uk/ontology/admingeo/UnitaryAuthority,Scotland,http://data.ordnancesurvey.co.uk/id/7000000000041429,Scotland,http://data.ordnancesurvey.co.uk/id/country/scotland,,,
osgb4000000004570274,http://data.ordnancesurvey.co.uk/id/4000000004570274,Gifford Court,,,,transportNetwork,Named Road,361514.794,708160.743,1000,20000,361493.806,708132.470,361516.765,708179.036,KY10,http://data.ordnancesurvey.co.uk/id/postcodedistrict/KY10,Crail,http://data.ordnancesurvey.co.uk/id/4000000074554307,http://www.ordnancesurvey.co.uk/xml/codelists/localtype.xml#town,,,,Fife,http://data.ordnancesurvey.co.uk/id/7000000000030419,http://data.ordnancesurvey.co.uk/ontology/admingeo/UnitaryAuthority,Scotland,http://data.ordnancesurvey.co.uk/id/7000000000041429,Scotland,http://data.ordnancesurvey.co.uk/id/country/scotland,,,
osgb4000000004516248,http://data.ordnancesurvey.co.uk/id/4000000004516248,Middlefield Road,,,,transportNetwork,Named Road,361674.000,708093.000,1000,20000,361637.000,708065.640,361721.200,708118.000,KY10,http://data.ordnancesurvey.co.uk/id/postcodedistrict/KY10,Crail,http://data.ordnancesurvey.co.uk/id/4000000074554307,http://www.ordnancesurvey.co.uk/xml/codelists/localtype.xml#town,,,,Fife,http://data.ordnancesurvey.co.uk/id/7000000000030419,http://data.ordnancesurvey.co.uk/ontology/admingeo/UnitaryAuthority,Scotland,http://data.ordnancesurvey.co.uk/id/7000000000041429,Scotland,http://data.ordnancesurvey.co.uk/id/country/scotland,,,
osgb4000000004518558,http://data.ordnancesurvey.co.uk/id/4000000004518558,King Street,,,,transportNetwork,Named Road,361239.700,707421.400,1000,20000,361228.000,707421.400,361239.700,707443.000,KY10,http://data.ordnancesurvey.co.uk/id/postcodedistrict/KY10,Crail,http://data.ordnancesurvey.co.uk/id/4000000074554307,http://www.ordnancesurvey.co.uk/xml/codelists/localtype.xml#town,,,,Fife,http://data.ordnancesurvey.co.uk/id/7000000000030419,http://data.ordnancesurvey.co.uk/ontology/admingeo/UnitaryAuthority,Scotland,http://data.ordnancesurvey.co.uk/id/7000000000041429,Scotland,http://data.ordnancesurvey.co.uk/id/country/scotland,,,
osgb4000000004518012,http://data.ordnancesurvey.co.uk/id/4000000004518012,Back Dykes,,,,transportNetwork,Named Road,361122.673,707674.815,1000,20000,361107.000,707665.000,361150.000,707686.000,KY10,http://data.ordnancesurvey.co.uk/id/postcodedistrict/KY10,Crail,http://data.ordnancesurvey.co.uk/id/4000000074554307,http://www.ordnancesurvey.co.uk/xml/codelists/localtype.xml#town,,,,Fife,http://data.ordnancesurvey.co.uk/id/7000000000030419,http://data.ordnancesurvey.co.uk/ontology/admingeo/UnitaryAuthority,Scotland,http://data.ordnancesurvey.co.uk/id/7000000000041429,Scotland,http://data.ordnancesurvey.co.uk/id/country/scotland,,,
osgb4000000004512186,http://data.ordnancesurvey.co.uk/id/4000000004512186,Kirkmay Road,,,,transportNetwork,Named Road,361030.000,707722.000,3000,20000,360943.000,707516.000,361033.000,707935.000,KY10,http://data.ordnancesurvey.co.uk/id/postcodedistrict/KY10,Crail,http://data.ordnancesurvey.co.uk/id/4000000074554307,http://www.ordnancesurvey.co.uk/xml/codelists/localtype.xml#town,,,,Fife,http://data.ordnancesurvey.co.uk/id/7000000000030419,http://data.ordnancesurvey.co.uk/ontology/admingeo/UnitaryAuthority,Scotland,http://data.ordnancesurvey.co.uk/id/7000000000041429,Scotland,http://data.ordnancesurvey.co.uk/id/country/scotland,,,
osgb4000000004516247,http://data.ordnancesurvey.co.uk/id/4000000004516247,Kirk Wynd,,,,transportNetwork,Named Road,361486.000,707897.000,1000,20000,361432.000,707860.000,361542.000,707937.000,KY10,http://data.ordnancesurvey.co.uk/id/postcodedistrict/KY10,Crail,http://data.ordnancesurvey.co.uk/id/4000000074554307,http://www.ordnancesurvey.co.uk/xml/codelists/localtype.xml#town,,,,Fife,http://data.ordnancesurvey.co.uk/id/7000000000030419,http://data.ordnancesurvey.co.uk/ontology/admingeo/UnitaryAuthority,Scotland,http://data.ordnancesurvey.co.uk/id/7000000000041429,Scotland,http://data.ordnancesurvey.co.uk/id/country/scotland,,,
osgb4000000004513938,http://data.ordnancesurvey.co.uk/id/4000000004513938,Langhouse Green,,,,transportNetwork,Named Road,361637.000,708118.000,1000,20000,361616.000,708009.000,361743.000,708164.000,KY10,http://data.ordnancesurvey.co.uk/id/postcodedistrict/KY10,Crail,http://data.ordnancesurvey.co.uk/id/4000000074554307,http://www.ordnancesurvey.co.uk/xml/codelists/localtype.xml#town,,,,Fife,http://data.ordnancesurvey.co.uk/id/7000000000030419,http://data.ordnancesurvey.co.uk/ontology/admingeo/UnitaryAuthority,Scotland,http://data.ordnancesurvey.co.uk/id/7000000000041429,Scotland,http://data.ordnancesurvey.co.uk/id/country/scotland,,,
osgb4000000004562952,http://data.ordnancesurvey.co.uk/id/4000000004562952,Balcomie Green,,,,transportNetwork,Named Road,361501.937,708125.132,1000,20000,361440.346,708094.374,361550.451,708155.595,KY10,http://data.ordnancesurvey.co.uk/id/postcodedistrict/KY10,Crail,http://data.ordnancesurvey.co.uk/id/4000000074554307,http://www.ordnancesurvey.co.uk/xml/codelists/localtype.xml#town,,,,Fife,http://data.ordnancesurvey.co.uk/id/7000000000030419,http://data.ordnancesurvey.co.uk/ontology/admingeo/UnitaryAuthority,Scotland,http://data.ordnancesurvey.co.uk/id/7000000000041429,Scotland,http://data.ordnancesurvey.co.uk/id/country/scotland,,,
b92f702e-0acc-4d4e-9dee-aefead56aacc,http://data.ordnancesurvey.co.uk/id/b92f702e-0acc-4d4e-9dee-aefead56aacc,Dorward Drive,,,,transportNetwork,Section Of Named Road,361410.509,708101.317,1000,25000,361364.626,708099.628,361436.698,708148.959,KY10,http://data.ordnancesurvey.co.uk/id/postcodedistrict/KY10,Crail,http://data.ordnancesurvey.co.uk/id/4000000074554307,http://www.ordnancesurvey.co.uk/xml/codelists/localtype.xml#town,,,,Fife,http://data.ordnancesurvey.co.uk/id/7000000000030419,http://data.ordnancesurvey.co.uk/ontology/admingeo/UnitaryAuthority,Scotland,http://data.ordnancesurvey.co.uk/id/7000000000041429,Scotland,http://data.ordnancesurvey.co.uk/id/country/scotland,osgb5000005100476446,,
osgb4000000004512185,http://data.ordnancesurvey.co.uk/id/4000000004512185,West Braes,,,,transportNetwork,Named Road,361019.000,707216.000,1000,20000,360949.000,707105.000,361044.000,707313.000,KY10,http://data.ordnancesurvey.co.uk/id/postcodedistrict/KY10,Crail,http://data.ordnancesurvey.co.uk/id/4000000074554307,http://www.ordnancesurvey.co.uk/xml/codelists/localtype.xml#town,,,,Fife,http://data.ordnancesurvey.co.uk/id/7000000000030419,http://data.ordnancesurvey.co.uk/ontology/admingeo/UnitaryAuthority,Scotland,http://data.ordnancesurvey.co.uk/id/7000000000041429,Scotland,http://data.ordnancesurvey.co.uk/id/country/scotland,,,
osgb4000000004518015,http://data.ordnancesurvey.co.uk/id/4000000004518015,Beech Walk,,,,transportNetwork,Named Road,361202.000,707818.000,1000,20000,361193.000,707805.000,361243.000,707881.000,KY10,http://data.ordnancesurvey.co.uk/id/postcodedistrict/KY10,Crail,http://data.ordnancesurvey.co.uk/id/4000000074554307,http://www.ordnancesurvey.co.uk/xml/codelists/localtype.xml#town,,,,Fife,http://data.ordnancesurvey.co.uk/id/7000000000030419,http://data.ordnancesurvey.co.uk/ontology/admingeo/UnitaryAuthority,Scotland,http://data.ordnancesurvey.co.uk/id/7000000000041429,Scotland,http://data.ordnancesurvey.co.uk/id/country/scotland,,,
osgb4000000004513937,http://data.ordnancesurvey.co.uk/id/4000000004513937,Tolbooth Wynd,,,,transportNetwork,Named Road,361377.000,707712.000,1000,20000,361295.000,707683.000,361428.000,707765.000,KY10,http://data.ordnancesurvey.co.uk/id/postcodedistrict/KY10,Crail,http://data.ordnancesurvey.co.uk/id/4000000074554307,http://www.ordnancesurvey.co.uk/xml/codelists/localtype.xml#town,,,,Fife,http://data.ordnancesurvey.co.uk/id/7000000000030419,http://data.ordnancesurvey.co.uk/ontology/admingeo/UnitaryAuthority,Scotland,http://data.ordnancesurvey.co.uk/id/7000000000041429,Scotland,http://data.ordnancesurvey.co.uk/id/country/scotland,,,
osgb4000000004523703,http://data.ordnancesurvey.co.uk/id/4000000004523703,Simpson Court,,,,transportNetwork,Named Road,360974.000,707615.000,1000,20000,360974.000,707604.000,360998.000,707615.000,KY10,http://data.ordnancesurvey.co.uk/id/postcodedistrict/KY10,Crail,http://data.ordnancesurvey.co.uk/id/4000000074554307,http://www.ordnancesurvey.co.uk/xml/codelists/localtype.xml#town,,,,Fife,http://data.ordnancesurvey.co.uk/id/7000000000030419,http://data.ordnancesurvey.co.uk/ontology/admingeo/UnitaryAuthority,Scotland,http://data.ordnancesurvey.co.uk/id/7000000000041429,Scotland,http://data.ordnancesurvey.co.uk/id/country/scotland,,,
osgb4000000004513933,http://data.ordnancesurvey.co.uk/id/4000000004513933,The Glebe,,,,transportNetwork,Named Road,361091.000,708138.000,1000,20000,361069.804,708079.600,361196.645,708138.000,KY10,http://data.ordnancesurvey.co.uk/id/postcodedistrict/KY10,Crail,http://data.ordnancesurvey.co.uk/id/4000000074554307,http://www.ordnancesurvey.co.uk/xml/codelists/localtype.xml#town,,,,Fife,http://data.ordnancesurvey.co.uk/id/7000000000030419,http://data.ordnancesurvey.co.uk/ontology/admingeo/UnitaryAuthority,Scotland,http://data.ordnancesurvey.co.uk/id/7000000000041429,Scotland,http://data.ordnancesurvey.co.uk/id/country/scotland,,,
osgb4000000004541586,http://data.ordnancesurvey.co.uk/id/4000000004541586,Bowling Green Close,,,,transportNetwork,Named Road,361142.179,707689.803,1000,20000,361118.624,707673.162,361167.427,707706.342,KY10,http://data.ordnancesurvey.co.uk/id/postcodedistrict/KY10,Crail,http://data.ordnancesurvey.co.uk/id/4000000074554307,http://www.ordnancesurvey.co.uk/xml/codelists/localtype.xml#town,,,,Fife,http://data.ordnancesurvey.co.uk/id/7000000000030419,http://data.ordnancesurvey.co.uk/ontology/admingeo/UnitaryAuthority,Scotland,http://data.ordnancesurvey.co.uk/id/7000000000041429,Scotland,http://data.ordnancesurvey.co.uk/id/country/scotland,,,
osgb4000000004516246,http://data.ordnancesurvey.co.uk/id/4000000004516246,Bowling Green Place,,,,transportNetwork,Named Road,361130.000,707727.000,1000,20000,361103.000,707679.000,361187.000,707810.000,KY10,http://data.ordnancesurvey.co.uk/id/postcodedistrict/KY10,Crail,http://data.ordnancesurvey.co.uk/id/4000000074554307,http://www.ordnancesurvey.co.uk/xml/codelists/localtype.xml#town,,,,Fife,http://data.ordnancesurvey.co.uk/id/7000000000030419,http://data.ordnancesurvey.co.uk/ontology/admingeo/UnitaryAuthority,Scotland,http://data.ordnancesurvey.co.uk/id/7000000000041429,Scotland,http://data.ordnancesurvey.co.uk/id/country/scotland,,,
osgb4000000004513928,http://data.ordnancesurvey.co.uk/id/4000000004513928,West Green,,,,transportNetwork,Named Road,361146.000,707597.000,1000,20000,361125.000,707512.000,361208.284,707652.376,KY10,http://data.ordnancesurvey.co.uk/id/postcodedistrict/KY10,Crail,http://data.ordnancesurvey.co.uk/id/4000000074554307,http://www.ordnancesurvey.co.uk/xml/codelists/localtype.xml#town,,,,Fife,http://data.ordnancesurvey.co.uk/id/7000000000030419,http://data.ordnancesurvey.co.uk/ontology/admingeo/UnitaryAuthority,Scotland,http://data.ordnancesurvey.co.uk/id/7000000000041429,Scotland,http://data.ordnancesurvey.co.uk/id/country/scotland,,,
osgb4000000004513939,http://data.ordnancesurvey.co.uk/id/4000000004513939,Sauchope Crescent,,,,transportNetwork,Named Road,361879.000,707985.000,1000,20000,361785.000,707980.000,361945.000,708094.000,KY10,http://data.ordnancesurvey.co.uk/id/postcodedistrict/KY10,Crail,http://data.ordnancesurvey.co.uk/id/4000000074554307,http://www.ordnancesurvey.co.uk/xml/codelists/localtype.xml#town,,,,Fife,http://data.ordnancesurvey.co.uk/id/7000000000030419,http://data.ordnancesurvey.co.uk/ontology/admingeo/UnitaryAuthority,Scotland,http://data.ordnancesurvey.co.uk/id/7000000000041429,Scotland,http://data.ordnancesurvey.co.uk/id/country/scotland,,,
osgb4000000004562951,http://data.ordnancesurvey.co.uk/id/4000000004562951,Denburn Place,,,,transportNetwork,Named Road,361467.520,708073.743,1000,20000,361437.491,708065.998,361489.889,708118.058,KY10,http://data.ordnancesurvey.co.uk/id/postcodedistrict/KY10,Crail,http://data.ordnancesurvey.co.uk/id/4000000074554307,http://www.ordnancesurvey.co.uk/xml/codelists/localtype.xml#town,,,,Fife,http://data.ordnancesurvey.co.uk/id/7000000000030419,http://data.ordnancesurvey.co.uk/ontology/admingeo/UnitaryAuthority,Scotland,http://data.ordnancesurvey.co.uk/id/7000000000041429,Scotland,http://data.ordnancesurvey.co.uk/id/country/scotland,,,
osgb4000000004518013,http://data.ordnancesurvey.co.uk/id/4000000004518013,Calder Court,,,,transportNetwork,Named Road,361071.000,707639.000,1000,20000,361059.555,707631.000,361090.000,707656.168,KY10,http://data.ordnancesurvey.co.uk/id/postcodedistrict/KY10,Crail,http://data.ordnancesurvey.co.uk/id/4000000074554307,http://www.ordnancesurvey.co.uk/xml/codelists/localtype.xml#town,,,,Fife,http://data.ordnancesurvey.co.uk/id/7000000000030419,http://data.ordnancesurvey.co.uk/ontology/admingeo/UnitaryAuthority,Scotland,http://data.ordnancesurvey.co.uk/id/7000000000041429,Scotland,http://data.ordnancesurvey.co.uk/id/country/scotland,,,
osgb4000000004516241,http://data.ordnancesurvey.co.uk/id/4000000004516241,Carr Crescent,,,,transportNetwork,Named Road,360805.000,707425.000,1000,20000,360760.341,707377.000,360881.000,707485.960,KY10,http://data.ordnancesurvey.co.uk/id/postcodedistrict/KY10,Crail,http://data.ordnancesurvey.co.uk/id/4000000074554307,http://www.ordnancesurvey.co.uk/xml/codelists/localtype.xml#town,,,,Fife,http://data.ordnancesurvey.co.uk/id/7000000000030419,http://data.ordnancesurvey.co.uk/ontology/admingeo/UnitaryAuthority,Scotland,http://data.ordnancesurvey.co.uk/id/7000000000041429,Scotland,http://data.ordnancesurvey.co.uk/id/country/scotland,,,
osgb4000000004513935,http://data.ordnancesurvey.co.uk/id/4000000004513935,Roomebay Avenue,,,,transportNetwork,Named Road,361585.000,707968.000,1000,20000,361509.000,707897.000,361655.000,708020.000,KY10,http://data.ordnancesurvey.co.uk/id/postcodedistrict/KY10,Crail,http://data.ordnancesurvey.co.uk/id/4000000074554307,http://www.ordnancesurvey.co.uk/xml/codelists/localtype.xml#town,,,,Fife,http://data.ordnancesurvey.co.uk/id/7000000000030419,http://data.ordnancesurvey.co.uk/ontology/admingeo/UnitaryAuthority,Scotland,http://data.ordnancesurvey.co.uk/id/7000000000041429,Scotland,http://data.ordnancesurvey.co.uk/id/country/scotland,,,
osgb4000000004516243,http://data.ordnancesurvey.co.uk/id/4000000004516243,High Street,,,,transportNetwork,Named Road,361221.000,707666.000,1000,20000,361167.000,707548.000,361280.307,707757.339,KY10,http://data.ordnancesurvey.co.uk/id/postcodedistrict/KY10,Crail,http://data.ordnancesurvey.co.uk/id/4000000074554307,http://www.ordnancesurvey.co.uk/xml/codelists/localtype.xml#town,,,,Fife,http://data.ordnancesurvey.co.uk/id/7000000000030419,http://data.ordnancesurvey.co.uk/ontology/admingeo/UnitaryAuthority,Scotland,http://data.ordnancesurvey.co.uk/id/7000000000041429,Scotland,http://data.ordnancesurvey.co.uk/id/country/scotland,,,
osgb4000000004513932,http://data.ordnancesurvey.co.uk/id/4000000004513932,St Andrews Road,,,,transportNetwork,Named Road,361083.000,707885.000,3000,20000,360894.000,707757.339,361280.307,708056.000,KY10,http://data.ordnancesurvey.co.uk/id/postcodedistrict/KY10,Crail,http://data.ordnancesurvey.co.uk/id/4000000074554307,http://www.ordnancesurvey.co.uk/xml/codelists/localtype.xml#town,,,,Fife,http://data.ordnancesurvey.co.uk/id/7000000000030419,http://data.ordnancesurvey.co.uk/ontology/admingeo/UnitaryAuthority,Scotland,http://data.ordnancesurvey.co.uk/id/7000000000041429,Scotland,http://data.ordnancesurvey.co.uk/id/country/scotland,,,
941e0c43-8233-4c00-b655-22e61216ab51,http://data.ordnancesurvey.co.uk/id/941e0c43-8233-4c00-b655-22e61216ab51,Balcomie Road,,,,transportNetwork,Section Of Named Road,361580.000,708160.000,2000,25000,361509.000,708020.000,361638.091,708254.219,KY10,http://data.ordnancesurvey.co.uk/id/postcodedistrict/KY10,Crail,http://data.ordnancesurvey.co.uk/id/4000000074554307,http://www.ordnancesurvey.co.uk/xml/codelists/localtype.xml#town,,,,Fife,http://data.ordnancesurvey.co.uk/id/7000000000030419,http://data.ordnancesurvey.co.uk/ontology/admingeo/UnitaryAuthority,Scotland,http://data.ordnancesurvey.co.uk/id/7000000000041429,Scotland,http://data.ordnancesurvey.co.uk/id/country/scotland,osgb4000000004512190,,
osgb4000000004513925,http://data.ordnancesurvey.co.uk/id/4000000004513925,Temple Crescent,,,,transportNetwork,Named Road,360983.000,707407.000,1000,20000,360919.147,707407.000,361051.000,707423.038,KY10,http://data.ordnancesurvey.co.uk/id/postcodedistrict/KY10,Crail,http://data.ordnancesurvey.co.uk/id/4000000074554307,http://www.ordnancesurvey.co.uk/xml/codelists/localtype.xml#town,,,,Fife,http://data.ordnancesurvey.co.uk/id/7000000000030419,http://data.ordnancesurvey.co.uk/ontology/admingeo/UnitaryAuthority,Scotland,http://data.ordnancesurvey.co.uk/id/7000000000041429,Scotland,http://data.ordnancesurvey.co.uk/id/country/scotland,,,
osgb4000000004512189,http://data.ordnancesurvey.co.uk/id/4000000004512189,Bow Butts,,,,transportNetwork,Named Road,361129.000,707987.000,1000,20000,361042.000,707911.000,361205.407,708114.115,KY10,http://data.ordnancesurvey.co.uk/id/postcodedistrict/KY10,Crail,http://data.ordnancesurvey.co.uk/id/4000000074554307,http://www.ordnancesurvey.co.uk/xml/codelists/localtype.xml#town,,,,Fife,http://data.ordnancesurvey.co.uk/id/7000000000030419,http://data.ordnancesurvey.co.uk/ontology/admingeo/UnitaryAuthority,Scotland,http://data.ordnancesurvey.co.uk/id/7000000000041429,Scotland,http://data.ordnancesurvey.co.uk/id/country/scotland,,,
osgb4000000004516240,http://data.ordnancesurvey.co.uk/id/4000000004516240,Milne Gardens,,,,transportNetwork,Named Road,361085.000,707740.000,1000,20000,361033.000,707720.000,361124.000,707745.000,KY10,http://data.ordnancesurvey.co.uk/id/postcodedistrict/KY10,Crail,http://data.ordnancesurvey.co.uk/id/4000000074554307,http://www.ordnancesurvey.co.uk/xml/codelists/localtype.xml#town,,,,Fife,http://data.ordnancesurvey.co.uk/id/7000000000030419,http://data.ordnancesurvey.co.uk/ontology/admingeo/UnitaryAuthority,Scotland,http://data.ordnancesurvey.co.uk/id/7000000000041429,Scotland,http://data.ordnancesurvey.co.uk/id/country/scotland,,,
osgb4000000004518557,http://data.ordnancesurvey.co.uk/id/4000000004518557,Mackie Gardens,,,,transportNetwork,Named Road,361000.000,707689.000,1000,20000,360984.000,707684.000,361019.000,707700.016,KY10,http://data.ordnancesurvey.co.uk/id/postcodedistrict/KY10,Crail,http://data.ordnancesurvey.co.uk/id/4000000074554307,http://www.ordnancesurvey.co.uk/xml/codelists/localtype.xml#town,,,,Fife,http://data.ordnancesurvey.co.uk/id/7000000000030419,http://data.ordnancesurvey.co.uk/ontology/admingeo/UnitaryAuthority,Scotland,http://data.ordnancesurvey.co.uk/id/7000000000041429,Scotland,http://data.ordnancesurvey.co.uk/id/country/scotland,,,
KY103RS,http://data.ordnancesurvey.co.uk/id/postcodeunit/KY103RS,KY10 3RS,,,,other,Postcode,360969.000,707424.000,3500,18000,,,,,,,Crail,http://data.ordnancesurvey.co.uk/id/4000000074554307,http://www.ordnancesurvey.co.uk/xml/codelists/localtype.xml#town,,,,Fife,http://data.ordnancesurvey.co.uk/id/7000000000030419,http://data.ordnancesurvey.co.uk/ontology/admingeo/UnitaryAuthority,Scotland,http://data.ordnancesurvey.co.uk/id/7000000000041429,Scotland,http://data.ordnancesurvey.co.uk/id/country/scotland,,,
KY103SW,http://data.ordnancesurvey.co.uk/id/postcodeunit/KY103SW,KY10 3SW,,,,other,Postcode,361836.000,708007.000,3500,18000,,,,,,,Crail,http://data.ordnancesurvey.co.uk/id/4000000074554307,http://www.ordnancesurvey.co.uk/xml/codelists/localtype.xml#town,,,,Fife,http://data.ordnancesurvey.co.uk/id/7000000000030419,http://data.ordnancesurvey.co.uk/ontology/admingeo/UnitaryAuthority,Scotland,http://data.ordnancesurvey.co.uk/id/7000000000041429,Scotland,http://data.ordnancesurvey.co.uk/id/country/scotland,,,
KY103UE,http://data.ordnancesurvey.co.uk/id/postcodeunit/KY103UE,KY10 3UE,,,,other,Postcode,361704.000,708097.000,3500,18000,,,,,,,Crail,http://data.ordnancesurvey.co.uk/id/4000000074554307,http://www.ordnancesurvey.co.uk/xml/codelists/localtype.xml#town,,,,Fife,http://data.ordnancesurvey.co.uk/id/7000000000030419,http://data.ordnancesurvey.co.uk/ontology/admingeo/UnitaryAuthority,Scotland,http://data.ordnancesurvey.co.uk/id/7000000000041429,Scotland,http://data.ordnancesurvey.co.uk/id/country/scotland,,,
KY103TX,http://data.ordnancesurvey.co.uk/id/postcodeunit/KY103TX,KY10 3TX,,,,other,Postcode,361344.000,707632.000,3500,18000,,,,,,,Crail,http://data.ordnancesurvey.co.uk/id/4000000074554307,http://www.ordnancesurvey.co.uk/xml/codelists/localtype.xml#town,,,,Fife,http://data.ordnancesurvey.co.uk/id/7000000000030419,http://data.ordnancesurvey.co.uk/ontology/admingeo/UnitaryAuthority,Scotland,http://data.ordnancesurvey.co.uk/id/7000000000041429,Scotland,http://data.ordnancesurvey.co.uk/id/country/scotland,,,
KY103RT,http://data.ordnancesurvey.co.uk/id/postcodeunit/KY103RT,KY10 3RT,,,,other,Postcode,361000.000,707507.000,3500,18000,,,,,,,Crail,http://data.ordnancesurvey.co.uk/id/4000000074554307,http://www.ordnancesurvey.co.uk/xml/codelists/localtype.xml#town,,,,Fife,http://data.ordnancesurvey.co.uk/id/7000000000030419,http://data.ordnancesurvey.co.uk/ontology/admingeo/UnitaryAuthority,Scotland,http://data.ordnancesurvey.co.uk/id/7000000000041429,Scotland,http://data.ordnancesurvey.co.uk/id/country/scotland,,,
KY103UU,http://data.ordnancesurvey.co.uk/id/postcodeunit/KY103UU,KY10 3UU,,,,other,Postcode,360988.000,707785.000,3500,18000,,,,,,,Crail,http://data.ordnancesurvey.co.uk/id/4000000074554307,http://www.ordnancesurvey.co.uk/xml/codelists/localtype.xml#town,,,,Fife,http://data.ordnancesurvey.co.uk/id/7000000000030419,http://data.ordnancesurvey.co.uk/ontology/admingeo/UnitaryAuthority,Scotland,http://data.ordnancesurvey.co.uk/id/7000000000041429,Scotland,http://data.ordnancesurvey.co.uk/id/country/scotland,,,
KY103TJ,http://data.ordnancesurvey.co.uk/id/postcodeunit/KY103TJ,KY10 3TJ,,,,other,Postcode,361466.000,707952.000,3500,18000,,,,,,,Crail,http://data.ordnancesurvey.co.uk/id/4000000074554307,http://www.ordnancesurvey.co.uk/xml/codelists/localtype.xml#town,,,,Fife,http://data.ordnancesurvey.co.uk/id/7000000000030419,http://data.ordnancesurvey.co.uk/ontology/admingeo/UnitaryAuthority,Scotland,http://data.ordnancesurvey.co.uk/id/7000000000041429,Scotland,http://data.ordnancesurvey.co.uk/id/country/scotland,,,
osgb4000000004516239,http://data.ordnancesurvey.co.uk/id/4000000004516239,Westgate,,,,transportNetwork,Named Road,361128.000,707491.000,1000,20000,361081.000,707452.000,361167.000,707548.000,KY10,http://data.ordnancesurvey.co.uk/id/postcodedistrict/KY10,Crail,http://data.ordnancesurvey.co.uk/id/4000000074554307,http://www.ordnancesurvey.co.uk/xml/codelists/localtype.xml#town,,,,Fife,http://data.ordnancesurvey.co.uk/id/7000000000030419,http://data.ordnancesurvey.co.uk/ontology/admingeo/UnitaryAuthority,Scotland,http://data.ordnancesurvey.co.uk/id/7000000000041429,Scotland,http://data.ordnancesurvey.co.uk/id/country/scotland,,,
osgb4000000004512188,http://data.ordnancesurvey.co.uk/id/4000000004512188,Nethergate,,,,transportNetwork,Named Road,361448.000,707709.000,2000,20000,361301.975,707587.000,361542.000,707860.000,KY10,http://data.ordnancesurvey.co.uk/id/postcodedistrict/KY10,Crail,http://data.ordnancesurvey.co.uk/id/4000000074554307,http://www.ordnancesurvey.co.uk/xml/codelists/localtype.xml#town,,,,Fife,http://data.ordnancesurvey.co.uk/id/7000000000030419,http://data.ordnancesurvey.co.uk/ontology/admingeo/UnitaryAuthority,Scotland,http://data.ordnancesurvey.co.uk/id/7000000000041429,Scotland,http://data.ordnancesurvey.co.uk/id/country/scotland,,,
osgb4000000004513936,http://data.ordnancesurvey.co.uk/id/4000000004513936,Roomebay Crescent,,,,transportNetwork,Named Road,361730.000,707905.000,1000,20000,361655.000,707889.000,361788.103,707946.798,KY10,http://data.ordnancesurvey.co.uk/id/postcodedistrict/KY10,Crail,http://data.ordnancesurvey.co.uk/id/4000000074554307,http://www.ordnancesurvey.co.uk/xml/codelists/localtype.xml#town,,,,Fife,http://data.ordnancesurvey.co.uk/id/7000000000030419,http://data.ordnancesurvey.co.uk/ontology/admingeo/UnitaryAuthority,Scotland,http://data.ordnancesurvey.co.uk/id/7000000000041429,Scotland,http://data.ordnancesurvey.co.uk/id/country/scotland,,,
KY103UL,http://data.ordnancesurvey.co.uk/id/postcodeunit/KY103UL,KY10 3UL,,,,other,Postcode,360922.000,708043.000,3500,18000,,,,,,,Crail,http://data.ordnancesurvey.co.uk/id/4000000074554307,http://www.ordnancesurvey.co.uk/xml/codelists/localtype.xml#town,,,,Fife,http://data.ordnancesurvey.co.uk/id/7000000000030419,http://data.ordnancesurvey.co.uk/ontology/admingeo/UnitaryAuthority,Scotland,http://data.ordnancesurvey.co.uk/id/7000000000041429,Scotland,http://data.ordnancesurvey.co.uk/id/country/scotland,,,
KY103RD,http://data.ordnancesurvey.co.uk/id/postcodeunit/KY103RD,KY10 3RD,,,,other,Postcode,361157.000,707597.000,3500,18000,,,,,,,Crail,http://data.ordnancesurvey.co.uk/id/4000000074554307,http://www.ordnancesurvey.co.uk/xml/codelists/localtype.xml#town,,,,Fife,http://data.ordnancesurvey.co.uk/id/7000000000030419,http://data.ordnancesurvey.co.uk/ontology/admingeo/UnitaryAuthority,Scotland,http://data.ordnancesurvey.co.uk/id/7000000000041429,Scotland,http://data.ordnancesurvey.co.uk/id/country/scotland,,,
osgb4000000004516242,http://data.ordnancesurvey.co.uk/id/4000000004516242,Felkington Avenue,,,,transportNetwork,Named Road,360875.762,707485.960,1000,20000,360768.516,707457.575,360943.000,707516.000,KY10,http://data.ordnancesurvey.co.uk/id/postcodedistrict/KY10,Crail,http://data.ordnancesurvey.co.uk/id/4000000074554307,http://www.ordnancesurvey.co.uk/xml/codelists/localtype.xml#town,,,,Fife,http://data.ordnancesurvey.co.uk/id/7000000000030419,http://data.ordnancesurvey.co.uk/ontology/admingeo/UnitaryAuthority,Scotland,http://data.ordnancesurvey.co.uk/id/7000000000041429,Scotland,http://data.ordnancesurvey.co.uk/id/country/scotland,,,
osgb4000000004513930,http://data.ordnancesurvey.co.uk/id/4000000004513930,St Clair's Wynd,,,,transportNetwork,Named Road,361209.000,707548.000,1000,20000,361196.000,707525.000,361261.000,707615.000,KY10,http://data.ordnancesurvey.co.uk/id/postcodedistrict/KY10,Crail,http://data.ordnancesurvey.co.uk/id/4000000074554307,http://www.ordnancesurvey.co.uk/xml/codelists/localtype.xml#town,,,,Fife,http://data.ordnancesurvey.co.uk/id/7000000000030419,http://data.ordnancesurvey.co.uk/ontology/admingeo/UnitaryAuthority,Scotland,http://data.ordnancesurvey.co.uk/id/7000000000041429,Scotland,http://data.ordnancesurvey.co.uk/id/country/scotland,,,
osgb4000000004512187,http://data.ordnancesurvey.co.uk/id/4000000004512187,Marketgate,,,,transportNetwork,Named Road,361415.000,707918.000,2000,20000,361280.307,707755.162,361509.000,708020.000,KY10,http://data.ordnancesurvey.co.uk/id/postcodedistrict/KY10,Crail,http://data.ordnancesurvey.co.uk/id/4000000074554307,http://www.ordnancesurvey.co.uk/xml/codelists/localtype.xml#town,,,,Fife,http://data.ordnancesurvey.co.uk/id/7000000000030419,http://data.ordnancesurvey.co.uk/ontology/admingeo/UnitaryAuthority,Scotland,http://data.ordnancesurvey.co.uk/id/7000000000041429,Scotland,http://data.ordnancesurvey.co.uk/id/country/scotland,,,
