﻿osgb4000000074541279,http://data.ordnancesurvey.co.uk/id/4000000074541279,Tormisdale,,,,populatedPlace,Other Settlement,119358.357,658740.512,15000,25000,119146.220,658493.762,119646.220,658993.762,PA47,http://data.ordnancesurvey.co.uk/id/postcodedistrict/PA47,,,,,,,Argyll and Bute,http://data.ordnancesurvey.co.uk/id/7000000000030106,http://data.ordnancesurvey.co.uk/ontology/admingeo/UnitaryAuthority,Scotland,http://data.ordnancesurvey.co.uk/id/7000000000041429,Scotland,http://data.ordnancesurvey.co.uk/id/country/scotland,,,
osgb4000000074542976,http://data.ordnancesurvey.co.uk/id/4000000074542976,Bun Othan,gla,Port Wemyss,eng,populatedPlace,Village,116863.000,651742.000,2000,250000,116615.117,651490.661,117115.117,651990.661,PA47,http://data.ordnancesurvey.co.uk/id/postcodedistrict/PA47,,,,,,,Argyll and Bute,http://data.ordnancesurvey.co.uk/id/7000000000030106,http://data.ordnancesurvey.co.uk/ontology/admingeo/UnitaryAuthority,Scotland,http://data.ordnancesurvey.co.uk/id/7000000000041429,Scotland,http://data.ordnancesurvey.co.uk/id/country/scotland,,,http://sws.geonames.org/2639986
osgb4000000074542722,http://data.ordnancesurvey.co.uk/id/4000000074542722,Portnahaven,eng,Port na h-Abhainne,gla,populatedPlace,Village,116764.000,652313.000,6000,250000,116470.496,651894.686,117340.680,652535.503,PA47,http://data.ordnancesurvey.co.uk/id/postcodedistrict/PA47,,,,,,,Argyll and Bute,http://data.ordnancesurvey.co.uk/id/7000000000030106,http://data.ordnancesurvey.co.uk/ontology/admingeo/UnitaryAuthority,Scotland,http://data.ordnancesurvey.co.uk/id/7000000000041429,Scotland,http://data.ordnancesurvey.co.uk/id/country/scotland,,http://dbpedia.org/resource/Portnahaven,http://sws.geonames.org/2640021
osgb4000000074549731,http://data.ordnancesurvey.co.uk/id/4000000074549731,Claddach,,,,populatedPlace,Hamlet,116181.390,653428.210,5000,25000,116094.200,652844.834,116842.085,653489.250,PA47,http://data.ordnancesurvey.co.uk/id/postcodedistrict/PA47,,,,,,,Argyll and Bute,http://data.ordnancesurvey.co.uk/id/7000000000030106,http://data.ordnancesurvey.co.uk/ontology/admingeo/UnitaryAuthority,Scotland,http://data.ordnancesurvey.co.uk/id/7000000000041429,Scotland,http://data.ordnancesurvey.co.uk/id/country/scotland,,,
PA477SP,http://data.ordnancesurvey.co.uk/id/postcodeunit/PA477SP,PA47 7SP,,,,other,Postcode,116733.000,652076.000,3500,18000,,,,,,,Portnahaven / Port na h-Abhainne,http://data.ordnancesurvey.co.uk/id/4000000074542722,http://www.ordnancesurvey.co.uk/xml/codelists/localtype.xml#village,,,,Argyll and Bute,http://data.ordnancesurvey.co.uk/id/7000000000030106,http://data.ordnancesurvey.co.uk/ontology/admingeo/UnitaryAuthority,Scotland,http://data.ordnancesurvey.co.uk/id/7000000000041429,Scotland,http://data.ordnancesurvey.co.uk/id/country/scotland,,,
PA477SH,http://data.ordnancesurvey.co.uk/id/postcodeunit/PA477SH,PA47 7SH,,,,other,Postcode,116747.000,652214.000,3500,18000,,,,,,,Portnahaven / Port na h-Abhainne,http://data.ordnancesurvey.co.uk/id/4000000074542722,http://www.ordnancesurvey.co.uk/xml/codelists/localtype.xml#village,,,,Argyll and Bute,http://data.ordnancesurvey.co.uk/id/7000000000030106,http://data.ordnancesurvey.co.uk/ontology/admingeo/UnitaryAuthority,Scotland,http://data.ordnancesurvey.co.uk/id/7000000000041429,Scotland,http://data.ordnancesurvey.co.uk/id/country/scotland,,,
PA477SG,http://data.ordnancesurvey.co.uk/id/postcodeunit/PA477SG,PA47 7SG,,,,other,Postcode,117159.000,652159.000,3500,18000,,,,,,,Portnahaven / Port na h-Abhainne,http://data.ordnancesurvey.co.uk/id/4000000074542722,http://www.ordnancesurvey.co.uk/xml/codelists/localtype.xml#village,,,,Argyll and Bute,http://data.ordnancesurvey.co.uk/id/7000000000030106,http://data.ordnancesurvey.co.uk/ontology/admingeo/UnitaryAuthority,Scotland,http://data.ordnancesurvey.co.uk/id/7000000000041429,Scotland,http://data.ordnancesurvey.co.uk/id/country/scotland,,,
PA477SY,http://data.ordnancesurvey.co.uk/id/postcodeunit/PA477SY,PA47 7SY,,,,other,Postcode,116694.000,653061.000,3500,18000,,,,,,,Claddach,http://data.ordnancesurvey.co.uk/id/4000000074549731,http://www.ordnancesurvey.co.uk/xml/codelists/localtype.xml#hamlet,,,,Argyll and Bute,http://data.ordnancesurvey.co.uk/id/7000000000030106,http://data.ordnancesurvey.co.uk/ontology/admingeo/UnitaryAuthority,Scotland,http://data.ordnancesurvey.co.uk/id/7000000000041429,Scotland,http://data.ordnancesurvey.co.uk/id/country/scotland,,,
PA477SN,http://data.ordnancesurvey.co.uk/id/postcodeunit/PA477SN,PA47 7SN,,,,other,Postcode,116687.000,652242.000,3500,18000,,,,,,,Portnahaven / Port na h-Abhainne,http://data.ordnancesurvey.co.uk/id/4000000074542722,http://www.ordnancesurvey.co.uk/xml/codelists/localtype.xml#village,,,,Argyll and Bute,http://data.ordnancesurvey.co.uk/id/7000000000030106,http://data.ordnancesurvey.co.uk/ontology/admingeo/UnitaryAuthority,Scotland,http://data.ordnancesurvey.co.uk/id/7000000000041429,Scotland,http://data.ordnancesurvey.co.uk/id/country/scotland,,,
PA477SL,http://data.ordnancesurvey.co.uk/id/postcodeunit/PA477SL,PA47 7SL,,,,other,Postcode,116740.000,652284.000,3500,18000,,,,,,,Portnahaven / Port na h-Abhainne,http://data.ordnancesurvey.co.uk/id/4000000074542722,http://www.ordnancesurvey.co.uk/xml/codelists/localtype.xml#village,,,,Argyll and Bute,http://data.ordnancesurvey.co.uk/id/7000000000030106,http://data.ordnancesurvey.co.uk/ontology/admingeo/UnitaryAuthority,Scotland,http://data.ordnancesurvey.co.uk/id/7000000000041429,Scotland,http://data.ordnancesurvey.co.uk/id/country/scotland,,,
PA477SR,http://data.ordnancesurvey.co.uk/id/postcodeunit/PA477SR,PA47 7SR,,,,other,Postcode,116912.000,651781.000,3500,18000,,,,,,,Bun Othan / Port Wemyss,http://data.ordnancesurvey.co.uk/id/4000000074542976,http://www.ordnancesurvey.co.uk/xml/codelists/localtype.xml#village,,,,Argyll and Bute,http://data.ordnancesurvey.co.uk/id/7000000000030106,http://data.ordnancesurvey.co.uk/ontology/admingeo/UnitaryAuthority,Scotland,http://data.ordnancesurvey.co.uk/id/7000000000041429,Scotland,http://data.ordnancesurvey.co.uk/id/country/scotland,,,
PA477SJ,http://data.ordnancesurvey.co.uk/id/postcodeunit/PA477SJ,PA47 7SJ,,,,other,Postcode,116595.000,652207.000,3500,18000,,,,,,,Portnahaven / Port na h-Abhainne,http://data.ordnancesurvey.co.uk/id/4000000074542722,http://www.ordnancesurvey.co.uk/xml/codelists/localtype.xml#village,,,,Argyll and Bute,http://data.ordnancesurvey.co.uk/id/7000000000030106,http://data.ordnancesurvey.co.uk/ontology/admingeo/UnitaryAuthority,Scotland,http://data.ordnancesurvey.co.uk/id/7000000000041429,Scotland,http://data.ordnancesurvey.co.uk/id/country/scotland,,,
PA477SX,http://data.ordnancesurvey.co.uk/id/postcodeunit/PA477SX,PA47 7SX,,,,other,Postcode,116924.000,651708.000,3500,18000,,,,,,,Bun Othan / Port Wemyss,http://data.ordnancesurvey.co.uk/id/4000000074542976,http://www.ordnancesurvey.co.uk/xml/codelists/localtype.xml#village,,,,Argyll and Bute,http://data.ordnancesurvey.co.uk/id/7000000000030106,http://data.ordnancesurvey.co.uk/ontology/admingeo/UnitaryAuthority,Scotland,http://data.ordnancesurvey.co.uk/id/7000000000041429,Scotland,http://data.ordnancesurvey.co.uk/id/country/scotland,,,
PA477SQ,http://data.ordnancesurvey.co.uk/id/postcodeunit/PA477SQ,PA47 7SQ,,,,other,Postcode,116850.000,652256.000,3500,18000,,,,,,,Portnahaven / Port na h-Abhainne,http://data.ordnancesurvey.co.uk/id/4000000074542722,http://www.ordnancesurvey.co.uk/xml/codelists/localtype.xml#village,,,,Argyll and Bute,http://data.ordnancesurvey.co.uk/id/7000000000030106,http://data.ordnancesurvey.co.uk/ontology/admingeo/UnitaryAuthority,Scotland,http://data.ordnancesurvey.co.uk/id/7000000000041429,Scotland,http://data.ordnancesurvey.co.uk/id/country/scotland,,,
PA477SS,http://data.ordnancesurvey.co.uk/id/postcodeunit/PA477SS,PA47 7SS,,,,other,Postcode,116861.000,651807.000,3500,18000,,,,,,,Bun Othan / Port Wemyss,http://data.ordnancesurvey.co.uk/id/4000000074542976,http://www.ordnancesurvey.co.uk/xml/codelists/localtype.xml#village,,,,Argyll and Bute,http://data.ordnancesurvey.co.uk/id/7000000000030106,http://data.ordnancesurvey.co.uk/ontology/admingeo/UnitaryAuthority,Scotland,http://data.ordnancesurvey.co.uk/id/7000000000041429,Scotland,http://data.ordnancesurvey.co.uk/id/country/scotland,,,
PA477SZ,http://data.ordnancesurvey.co.uk/id/postcodeunit/PA477SZ,PA47 7SZ,,,,other,Postcode,119180.000,656060.000,3500,18000,,,,,,,,,,,,,Argyll and Bute,http://data.ordnancesurvey.co.uk/id/7000000000030106,http://data.ordnancesurvey.co.uk/ontology/admingeo/UnitaryAuthority,Scotland,http://data.ordnancesurvey.co.uk/id/7000000000041429,Scotland,http://data.ordnancesurvey.co.uk/id/country/scotland,,,
osgb4000000004874604,http://data.ordnancesurvey.co.uk/id/4000000004874604,High Street,,,,transportNetwork,Named Road,116677.000,652225.000,1000,20000,116640.000,652171.000,116735.000,652251.000,PA47,http://data.ordnancesurvey.co.uk/id/postcodedistrict/PA47,Portnahaven / Port na h-Abhainne,http://data.ordnancesurvey.co.uk/id/4000000074542722,http://www.ordnancesurvey.co.uk/xml/codelists/localtype.xml#village,,,,Argyll and Bute,http://data.ordnancesurvey.co.uk/id/7000000000030106,http://data.ordnancesurvey.co.uk/ontology/admingeo/UnitaryAuthority,Scotland,http://data.ordnancesurvey.co.uk/id/7000000000041429,Scotland,http://data.ordnancesurvey.co.uk/id/country/scotland,,,
osgb4000000004874533,http://data.ordnancesurvey.co.uk/id/4000000004874533,King Street,,,,transportNetwork,Named Road,116755.035,652106.722,1000,20000,116680.240,652029.274,116855.000,652180.000,PA47,http://data.ordnancesurvey.co.uk/id/postcodedistrict/PA47,Portnahaven / Port na h-Abhainne,http://data.ordnancesurvey.co.uk/id/4000000074542722,http://www.ordnancesurvey.co.uk/xml/codelists/localtype.xml#village,,,,Argyll and Bute,http://data.ordnancesurvey.co.uk/id/7000000000030106,http://data.ordnancesurvey.co.uk/ontology/admingeo/UnitaryAuthority,Scotland,http://data.ordnancesurvey.co.uk/id/7000000000041429,Scotland,http://data.ordnancesurvey.co.uk/id/country/scotland,,,
osgb4000000004874607,http://data.ordnancesurvey.co.uk/id/4000000004874607,An Cnoc,,,,transportNetwork,Named Road,116933.000,651763.000,1000,20000,116931.000,651732.722,116953.435,651796.000,PA47,http://data.ordnancesurvey.co.uk/id/postcodedistrict/PA47,Bun Othan / Port Wemyss,http://data.ordnancesurvey.co.uk/id/4000000074542976,http://www.ordnancesurvey.co.uk/xml/codelists/localtype.xml#village,,,,Argyll and Bute,http://data.ordnancesurvey.co.uk/id/7000000000030106,http://data.ordnancesurvey.co.uk/ontology/admingeo/UnitaryAuthority,Scotland,http://data.ordnancesurvey.co.uk/id/7000000000041429,Scotland,http://data.ordnancesurvey.co.uk/id/country/scotland,,,
osgb4000000004874534,http://data.ordnancesurvey.co.uk/id/4000000004874534,Campbell Place,,,,transportNetwork,Named Road,116821.235,652244.722,1000,20000,116735.000,652226.600,116887.360,652251.000,PA47,http://data.ordnancesurvey.co.uk/id/postcodedistrict/PA47,Portnahaven / Port na h-Abhainne,http://data.ordnancesurvey.co.uk/id/4000000074542722,http://www.ordnancesurvey.co.uk/xml/codelists/localtype.xml#village,,,,Argyll and Bute,http://data.ordnancesurvey.co.uk/id/7000000000030106,http://data.ordnancesurvey.co.uk/ontology/admingeo/UnitaryAuthority,Scotland,http://data.ordnancesurvey.co.uk/id/7000000000041429,Scotland,http://data.ordnancesurvey.co.uk/id/country/scotland,,,
3654aab7-2ac4-4586-af8c-9ad38bccde14,http://data.ordnancesurvey.co.uk/id/3654aab7-2ac4-4586-af8c-9ad38bccde14,Shore Street,,,,transportNetwork,Section Of Named Road,116780.000,652218.000,1000,25000,116640.000,652167.736,116845.835,652219.922,PA47,http://data.ordnancesurvey.co.uk/id/postcodedistrict/PA47,Portnahaven / Port na h-Abhainne,http://data.ordnancesurvey.co.uk/id/4000000074542722,http://www.ordnancesurvey.co.uk/xml/codelists/localtype.xml#village,,,,Argyll and Bute,http://data.ordnancesurvey.co.uk/id/7000000000030106,http://data.ordnancesurvey.co.uk/ontology/admingeo/UnitaryAuthority,Scotland,http://data.ordnancesurvey.co.uk/id/7000000000041429,Scotland,http://data.ordnancesurvey.co.uk/id/country/scotland,osgb4000000004874532,,
cc8474c6-bdd3-4eb0-a5a1-05e597662920,http://data.ordnancesurvey.co.uk/id/cc8474c6-bdd3-4eb0-a5a1-05e597662920,Shore Street,,,,transportNetwork,Section Of Named Road,116838.569,651770.648,1000,25000,116817.000,651742.000,116863.000,651792.000,PA47,http://data.ordnancesurvey.co.uk/id/postcodedistrict/PA47,Bun Othan / Port Wemyss,http://data.ordnancesurvey.co.uk/id/4000000074542976,http://www.ordnancesurvey.co.uk/xml/codelists/localtype.xml#village,,,,Argyll and Bute,http://data.ordnancesurvey.co.uk/id/7000000000030106,http://data.ordnancesurvey.co.uk/ontology/admingeo/UnitaryAuthority,Scotland,http://data.ordnancesurvey.co.uk/id/7000000000041429,Scotland,http://data.ordnancesurvey.co.uk/id/country/scotland,osgb4000000004874532,,
osgb4000000004874670,http://data.ordnancesurvey.co.uk/id/4000000004874670,Rock Street,,,,transportNetwork,Named Road,116953.435,651732.722,1000,20000,116925.635,651713.122,116953.435,651732.722,PA47,http://data.ordnancesurvey.co.uk/id/postcodedistrict/PA47,Bun Othan / Port Wemyss,http://data.ordnancesurvey.co.uk/id/4000000074542976,http://www.ordnancesurvey.co.uk/xml/codelists/localtype.xml#village,,,,Argyll and Bute,http://data.ordnancesurvey.co.uk/id/7000000000030106,http://data.ordnancesurvey.co.uk/ontology/admingeo/UnitaryAuthority,Scotland,http://data.ordnancesurvey.co.uk/id/7000000000041429,Scotland,http://data.ordnancesurvey.co.uk/id/country/scotland,,,
osgb4000000004874606,http://data.ordnancesurvey.co.uk/id/4000000004874606,Crome Street,,,,transportNetwork,Named Road,116866.000,651814.000,1000,20000,116817.000,651782.000,116923.000,651815.322,PA47,http://data.ordnancesurvey.co.uk/id/postcodedistrict/PA47,Bun Othan / Port Wemyss,http://data.ordnancesurvey.co.uk/id/4000000074542976,http://www.ordnancesurvey.co.uk/xml/codelists/localtype.xml#village,,,,Argyll and Bute,http://data.ordnancesurvey.co.uk/id/7000000000030106,http://data.ordnancesurvey.co.uk/ontology/admingeo/UnitaryAuthority,Scotland,http://data.ordnancesurvey.co.uk/id/7000000000041429,Scotland,http://data.ordnancesurvey.co.uk/id/country/scotland,,,
osgb4000000004874530,http://data.ordnancesurvey.co.uk/id/4000000004874530,Queen Street,,,,transportNetwork,Named Road,116581.154,652206.686,1000,20000,116552.000,652171.000,116640.000,652224.000,PA47,http://data.ordnancesurvey.co.uk/id/postcodedistrict/PA47,Portnahaven / Port na h-Abhainne,http://data.ordnancesurvey.co.uk/id/4000000074542722,http://www.ordnancesurvey.co.uk/xml/codelists/localtype.xml#village,,,,Argyll and Bute,http://data.ordnancesurvey.co.uk/id/7000000000030106,http://data.ordnancesurvey.co.uk/ontology/admingeo/UnitaryAuthority,Scotland,http://data.ordnancesurvey.co.uk/id/7000000000041429,Scotland,http://data.ordnancesurvey.co.uk/id/country/scotland,,,
osgb4000000004874655,http://data.ordnancesurvey.co.uk/id/4000000004874655,Bayview Street,,,,transportNetwork,Named Road,116902.635,651677.522,1000,20000,116863.000,651635.000,116969.372,651742.000,PA47,http://data.ordnancesurvey.co.uk/id/postcodedistrict/PA47,Bun Othan / Port Wemyss,http://data.ordnancesurvey.co.uk/id/4000000074542976,http://www.ordnancesurvey.co.uk/xml/codelists/localtype.xml#village,,,,Argyll and Bute,http://data.ordnancesurvey.co.uk/id/7000000000030106,http://data.ordnancesurvey.co.uk/ontology/admingeo/UnitaryAuthority,Scotland,http://data.ordnancesurvey.co.uk/id/7000000000041429,Scotland,http://data.ordnancesurvey.co.uk/id/country/scotland,,,
PA477ST,http://data.ordnancesurvey.co.uk/id/postcodeunit/PA477ST,PA47 7ST,,,,other,Postcode,116841.000,651779.000,3500,18000,,,,,,,Bun Othan / Port Wemyss,http://data.ordnancesurvey.co.uk/id/4000000074542976,http://www.ordnancesurvey.co.uk/xml/codelists/localtype.xml#village,,,,Argyll and Bute,http://data.ordnancesurvey.co.uk/id/7000000000030106,http://data.ordnancesurvey.co.uk/ontology/admingeo/UnitaryAuthority,Scotland,http://data.ordnancesurvey.co.uk/id/7000000000041429,Scotland,http://data.ordnancesurvey.co.uk/id/country/scotland,,,
PA477SU,http://data.ordnancesurvey.co.uk/id/postcodeunit/PA477SU,PA47 7SU,,,,other,Postcode,116957.000,651715.000,3500,18000,,,,,,,Bun Othan / Port Wemyss,http://data.ordnancesurvey.co.uk/id/4000000074542976,http://www.ordnancesurvey.co.uk/xml/codelists/localtype.xml#village,,,,Argyll and Bute,http://data.ordnancesurvey.co.uk/id/7000000000030106,http://data.ordnancesurvey.co.uk/ontology/admingeo/UnitaryAuthority,Scotland,http://data.ordnancesurvey.co.uk/id/7000000000041429,Scotland,http://data.ordnancesurvey.co.uk/id/country/scotland,,,
PA477SW,http://data.ordnancesurvey.co.uk/id/postcodeunit/PA477SW,PA47 7SW,,,,other,Postcode,116875.000,652179.000,3500,18000,,,,,,,Portnahaven / Port na h-Abhainne,http://data.ordnancesurvey.co.uk/id/4000000074542722,http://www.ordnancesurvey.co.uk/xml/codelists/localtype.xml#village,,,,Argyll and Bute,http://data.ordnancesurvey.co.uk/id/7000000000030106,http://data.ordnancesurvey.co.uk/ontology/admingeo/UnitaryAuthority,Scotland,http://data.ordnancesurvey.co.uk/id/7000000000041429,Scotland,http://data.ordnancesurvey.co.uk/id/country/scotland,,,
osgb4000000004874532,http://data.ordnancesurvey.co.uk/id/4000000004874532,Shore Street,,,,transportNetwork,Named Road,116817.000,651792.000,3000,20000,116640.000,651742.000,116863.000,652219.922,PA47,http://data.ordnancesurvey.co.uk/id/postcodedistrict/PA47,Bun Othan / Port Wemyss,http://data.ordnancesurvey.co.uk/id/4000000074542976,http://www.ordnancesurvey.co.uk/xml/codelists/localtype.xml#village,,,,Argyll and Bute,http://data.ordnancesurvey.co.uk/id/7000000000030106,http://data.ordnancesurvey.co.uk/ontology/admingeo/UnitaryAuthority,Scotland,http://data.ordnancesurvey.co.uk/id/7000000000041429,Scotland,http://data.ordnancesurvey.co.uk/id/country/scotland,,,
osgb4000000004874472,http://data.ordnancesurvey.co.uk/id/4000000004874472,Crown Street,,,,transportNetwork,Named Road,116802.228,652104.548,2000,20000,116712.000,651991.000,116856.000,652240.522,PA47,http://data.ordnancesurvey.co.uk/id/postcodedistrict/PA47,Portnahaven / Port na h-Abhainne,http://data.ordnancesurvey.co.uk/id/4000000074542722,http://www.ordnancesurvey.co.uk/xml/codelists/localtype.xml#village,,,,Argyll and Bute,http://data.ordnancesurvey.co.uk/id/7000000000030106,http://data.ordnancesurvey.co.uk/ontology/admingeo/UnitaryAuthority,Scotland,http://data.ordnancesurvey.co.uk/id/7000000000041429,Scotland,http://data.ordnancesurvey.co.uk/id/country/scotland,,,
osgb4000000004874605,http://data.ordnancesurvey.co.uk/id/4000000004874605,Church Street,,,,transportNetwork,Named Road,116740.000,652269.000,1000,20000,116735.000,652251.000,116764.000,652313.000,PA47,http://data.ordnancesurvey.co.uk/id/postcodedistrict/PA47,Portnahaven / Port na h-Abhainne,http://data.ordnancesurvey.co.uk/id/4000000074542722,http://www.ordnancesurvey.co.uk/xml/codelists/localtype.xml#village,,,,Argyll and Bute,http://data.ordnancesurvey.co.uk/id/7000000000030106,http://data.ordnancesurvey.co.uk/ontology/admingeo/UnitaryAuthority,Scotland,http://data.ordnancesurvey.co.uk/id/7000000000041429,Scotland,http://data.ordnancesurvey.co.uk/id/country/scotland,,,
