﻿osgb4000000074548967,http://data.ordnancesurvey.co.uk/id/4000000074548967,Mulindry,,,,populatedPlace,Other Settlement,136337.408,659767.145,15000,25000,135154.760,659251.757,136469.742,660022.225,PA44,http://data.ordnancesurvey.co.uk/id/postcodedistrict/PA44,,,,,,,Argyll and Bute,http://data.ordnancesurvey.co.uk/id/7000000000030106,http://data.ordnancesurvey.co.uk/ontology/admingeo/UnitaryAuthority,Scotland,http://data.ordnancesurvey.co.uk/id/7000000000041429,Scotland,http://data.ordnancesurvey.co.uk/id/country/scotland,,,
osgb4000000074542974,http://data.ordnancesurvey.co.uk/id/4000000074542974,Port Sgioba,gla,Port Charlotte,eng,populatedPlace,Village,125163.000,658190.000,11000,250000,124822.900,657778.802,125716.879,659409.715,PA48,http://data.ordnancesurvey.co.uk/id/postcodedistrict/PA48,,,,,,,Argyll and Bute,http://data.ordnancesurvey.co.uk/id/7000000000030106,http://data.ordnancesurvey.co.uk/ontology/admingeo/UnitaryAuthority,Scotland,http://data.ordnancesurvey.co.uk/id/7000000000041429,Scotland,http://data.ordnancesurvey.co.uk/id/country/scotland,,"http://dbpedia.org/resource/Port_Charlotte,_Islay",http://sws.geonames.org/2640072
osgb4000000074549730,http://data.ordnancesurvey.co.uk/id/4000000074549730,Ellister,,,,populatedPlace,Other Settlement,120228.800,653399.100,15000,25000,119972.404,653171.949,120479.303,653671.949,PA48,http://data.ordnancesurvey.co.uk/id/postcodedistrict/PA48,,,,,,,Argyll and Bute,http://data.ordnancesurvey.co.uk/id/7000000000030106,http://data.ordnancesurvey.co.uk/ontology/admingeo/UnitaryAuthority,Scotland,http://data.ordnancesurvey.co.uk/id/7000000000041429,Scotland,http://data.ordnancesurvey.co.uk/id/country/scotland,,,
osgb4000000074542721,http://data.ordnancesurvey.co.uk/id/4000000074542721,Bogh Mòr,gla,Bowmore,eng,populatedPlace,Village,131112.000,659733.000,10000,250000,130752.335,659481.855,132358.292,660416.617,PA43,http://data.ordnancesurvey.co.uk/id/postcodedistrict/PA43,,,,,,,Argyll and Bute,http://data.ordnancesurvey.co.uk/id/7000000000030106,http://data.ordnancesurvey.co.uk/ontology/admingeo/UnitaryAuthority,Scotland,http://data.ordnancesurvey.co.uk/id/7000000000041429,Scotland,http://data.ordnancesurvey.co.uk/id/country/scotland,,http://dbpedia.org/resource/Bowmore,http://sws.geonames.org/2655051
osgb4000000074541013,http://data.ordnancesurvey.co.uk/id/4000000074541013,Glenegedale,,,,populatedPlace,Other Settlement,134685.000,651825.000,15000,25000,133058.916,651427.080,134746.993,652132.058,PA42,http://data.ordnancesurvey.co.uk/id/postcodedistrict/PA42,,,,,,,Argyll and Bute,http://data.ordnancesurvey.co.uk/id/7000000000030106,http://data.ordnancesurvey.co.uk/ontology/admingeo/UnitaryAuthority,Scotland,http://data.ordnancesurvey.co.uk/id/7000000000041429,Scotland,http://data.ordnancesurvey.co.uk/id/country/scotland,,,
osgb4000000074338224,http://data.ordnancesurvey.co.uk/id/4000000074338224,Nerabus,,,,populatedPlace,Hamlet,122540.000,655070.000,5000,25000,122227.701,654849.499,122885.104,655349.499,PA48,http://data.ordnancesurvey.co.uk/id/postcodedistrict/PA48,,,,,,,Argyll and Bute,http://data.ordnancesurvey.co.uk/id/7000000000030106,http://data.ordnancesurvey.co.uk/ontology/admingeo/UnitaryAuthority,Scotland,http://data.ordnancesurvey.co.uk/id/7000000000041429,Scotland,http://data.ordnancesurvey.co.uk/id/country/scotland,,,
osgb4000000074552328,http://data.ordnancesurvey.co.uk/id/4000000074552328,Laphroaig,,,,populatedPlace,Hamlet,138626.470,645202.540,5000,25000,138091.388,645003.443,139121.707,645503.443,PA42,http://data.ordnancesurvey.co.uk/id/postcodedistrict/PA42,,,,,,,Argyll and Bute,http://data.ordnancesurvey.co.uk/id/7000000000030106,http://data.ordnancesurvey.co.uk/ontology/admingeo/UnitaryAuthority,Scotland,http://data.ordnancesurvey.co.uk/id/7000000000041429,Scotland,http://data.ordnancesurvey.co.uk/id/country/scotland,,,
osgb4000000074542615,http://data.ordnancesurvey.co.uk/id/4000000074542615,Port Eilein,gla,Port Ellen,eng,populatedPlace,Village,136480.000,645266.000,14000,250000,134804.379,644854.482,137009.982,646135.065,PA42,http://data.ordnancesurvey.co.uk/id/postcodedistrict/PA42,,,,,,,Argyll and Bute,http://data.ordnancesurvey.co.uk/id/7000000000030106,http://data.ordnancesurvey.co.uk/ontology/admingeo/UnitaryAuthority,Scotland,http://data.ordnancesurvey.co.uk/id/7000000000041429,Scotland,http://data.ordnancesurvey.co.uk/id/country/scotland,,http://dbpedia.org/resource/Port_Ellen,http://sws.geonames.org/2640067
PA427BE,http://data.ordnancesurvey.co.uk/id/postcodeunit/PA427BE,PA42 7BE,,,,other,Postcode,136694.000,645301.000,3500,18000,,,,,,,Port Eilein / Port Ellen,http://data.ordnancesurvey.co.uk/id/4000000074542615,http://www.ordnancesurvey.co.uk/xml/codelists/localtype.xml#village,,,,Argyll and Bute,http://data.ordnancesurvey.co.uk/id/7000000000030106,http://data.ordnancesurvey.co.uk/ontology/admingeo/UnitaryAuthority,Scotland,http://data.ordnancesurvey.co.uk/id/7000000000041429,Scotland,http://data.ordnancesurvey.co.uk/id/country/scotland,,,
PA427DA,http://data.ordnancesurvey.co.uk/id/postcodeunit/PA427DA,PA42 7DA,,,,other,Postcode,135962.000,645960.000,3500,18000,,,,,,,Port Eilein / Port Ellen,http://data.ordnancesurvey.co.uk/id/4000000074542615,http://www.ordnancesurvey.co.uk/xml/codelists/localtype.xml#village,,,,Argyll and Bute,http://data.ordnancesurvey.co.uk/id/7000000000030106,http://data.ordnancesurvey.co.uk/ontology/admingeo/UnitaryAuthority,Scotland,http://data.ordnancesurvey.co.uk/id/7000000000041429,Scotland,http://data.ordnancesurvey.co.uk/id/country/scotland,,,
PA427AT,http://data.ordnancesurvey.co.uk/id/postcodeunit/PA427AT,PA42 7AT,,,,other,Postcode,134440.000,646145.000,3500,18000,,,,,,,,,,,,,Argyll and Bute,http://data.ordnancesurvey.co.uk/id/7000000000030106,http://data.ordnancesurvey.co.uk/ontology/admingeo/UnitaryAuthority,Scotland,http://data.ordnancesurvey.co.uk/id/7000000000041429,Scotland,http://data.ordnancesurvey.co.uk/id/country/scotland,,,
PA427BQ,http://data.ordnancesurvey.co.uk/id/postcodeunit/PA427BQ,PA42 7BQ,,,,other,Postcode,136709.000,644985.000,3500,18000,,,,,,,Port Eilein / Port Ellen,http://data.ordnancesurvey.co.uk/id/4000000074542615,http://www.ordnancesurvey.co.uk/xml/codelists/localtype.xml#village,,,,Argyll and Bute,http://data.ordnancesurvey.co.uk/id/7000000000030106,http://data.ordnancesurvey.co.uk/ontology/admingeo/UnitaryAuthority,Scotland,http://data.ordnancesurvey.co.uk/id/7000000000041429,Scotland,http://data.ordnancesurvey.co.uk/id/country/scotland,,,
PA427AQ,http://data.ordnancesurvey.co.uk/id/postcodeunit/PA427AQ,PA42 7AQ,,,,other,Postcode,133307.000,651011.000,3500,18000,,,,,,,,,,,,,Argyll and Bute,http://data.ordnancesurvey.co.uk/id/7000000000030106,http://data.ordnancesurvey.co.uk/ontology/admingeo/UnitaryAuthority,Scotland,http://data.ordnancesurvey.co.uk/id/7000000000041429,Scotland,http://data.ordnancesurvey.co.uk/id/country/scotland,,,
PA437JX,http://data.ordnancesurvey.co.uk/id/postcodeunit/PA437JX,PA43 7JX,,,,other,Postcode,131009.000,659679.000,3500,18000,,,,,,,Bogh Mòr / Bowmore,http://data.ordnancesurvey.co.uk/id/4000000074542721,http://www.ordnancesurvey.co.uk/xml/codelists/localtype.xml#village,,,,Argyll and Bute,http://data.ordnancesurvey.co.uk/id/7000000000030106,http://data.ordnancesurvey.co.uk/ontology/admingeo/UnitaryAuthority,Scotland,http://data.ordnancesurvey.co.uk/id/7000000000041429,Scotland,http://data.ordnancesurvey.co.uk/id/country/scotland,,,
PA427BJ,http://data.ordnancesurvey.co.uk/id/postcodeunit/PA427BJ,PA42 7BJ,,,,other,Postcode,136803.000,645297.000,3500,18000,,,,,,,Port Eilein / Port Ellen,http://data.ordnancesurvey.co.uk/id/4000000074542615,http://www.ordnancesurvey.co.uk/xml/codelists/localtype.xml#village,,,,Argyll and Bute,http://data.ordnancesurvey.co.uk/id/7000000000030106,http://data.ordnancesurvey.co.uk/ontology/admingeo/UnitaryAuthority,Scotland,http://data.ordnancesurvey.co.uk/id/7000000000041429,Scotland,http://data.ordnancesurvey.co.uk/id/country/scotland,,,
PA427DD,http://data.ordnancesurvey.co.uk/id/postcodeunit/PA427DD,PA42 7DD,,,,other,Postcode,134644.000,652084.000,3500,18000,,,,,,,Glenegedale,http://data.ordnancesurvey.co.uk/id/4000000074541013,http://www.ordnancesurvey.co.uk/xml/codelists/localtype.xml#otherSettlement,,,,Argyll and Bute,http://data.ordnancesurvey.co.uk/id/7000000000030106,http://data.ordnancesurvey.co.uk/ontology/admingeo/UnitaryAuthority,Scotland,http://data.ordnancesurvey.co.uk/id/7000000000041429,Scotland,http://data.ordnancesurvey.co.uk/id/country/scotland,,,
PA437LD,http://data.ordnancesurvey.co.uk/id/postcodeunit/PA437LD,PA43 7LD,,,,other,Postcode,131079.000,659876.000,3500,18000,,,,,,,Bogh Mòr / Bowmore,http://data.ordnancesurvey.co.uk/id/4000000074542721,http://www.ordnancesurvey.co.uk/xml/codelists/localtype.xml#village,,,,Argyll and Bute,http://data.ordnancesurvey.co.uk/id/7000000000030106,http://data.ordnancesurvey.co.uk/ontology/admingeo/UnitaryAuthority,Scotland,http://data.ordnancesurvey.co.uk/id/7000000000041429,Scotland,http://data.ordnancesurvey.co.uk/id/country/scotland,,,
PA427BZ,http://data.ordnancesurvey.co.uk/id/postcodeunit/PA427BZ,PA42 7BZ,,,,other,Postcode,136063.000,645941.000,3500,18000,,,,,,,Port Eilein / Port Ellen,http://data.ordnancesurvey.co.uk/id/4000000074542615,http://www.ordnancesurvey.co.uk/xml/codelists/localtype.xml#village,,,,Argyll and Bute,http://data.ordnancesurvey.co.uk/id/7000000000030106,http://data.ordnancesurvey.co.uk/ontology/admingeo/UnitaryAuthority,Scotland,http://data.ordnancesurvey.co.uk/id/7000000000041429,Scotland,http://data.ordnancesurvey.co.uk/id/country/scotland,,,
PA437JB,http://data.ordnancesurvey.co.uk/id/postcodeunit/PA437JB,PA43 7JB,,,,other,Postcode,131723.000,659620.000,3500,18000,,,,,,,Bogh Mòr / Bowmore,http://data.ordnancesurvey.co.uk/id/4000000074542721,http://www.ordnancesurvey.co.uk/xml/codelists/localtype.xml#village,,,,Argyll and Bute,http://data.ordnancesurvey.co.uk/id/7000000000030106,http://data.ordnancesurvey.co.uk/ontology/admingeo/UnitaryAuthority,Scotland,http://data.ordnancesurvey.co.uk/id/7000000000041429,Scotland,http://data.ordnancesurvey.co.uk/id/country/scotland,,,
PA427AS,http://data.ordnancesurvey.co.uk/id/postcodeunit/PA427AS,PA42 7AS,,,,other,Postcode,133744.000,651696.000,3500,18000,,,,,,,Glenegedale,http://data.ordnancesurvey.co.uk/id/4000000074541013,http://www.ordnancesurvey.co.uk/xml/codelists/localtype.xml#otherSettlement,,,,Argyll and Bute,http://data.ordnancesurvey.co.uk/id/7000000000030106,http://data.ordnancesurvey.co.uk/ontology/admingeo/UnitaryAuthority,Scotland,http://data.ordnancesurvey.co.uk/id/7000000000041429,Scotland,http://data.ordnancesurvey.co.uk/id/country/scotland,,,
PA487TR,http://data.ordnancesurvey.co.uk/id/postcodeunit/PA487TR,PA48 7TR,,,,other,Postcode,125331.000,658217.000,3500,18000,,,,,,,Port Sgioba / Port Charlotte,http://data.ordnancesurvey.co.uk/id/4000000074542974,http://www.ordnancesurvey.co.uk/xml/codelists/localtype.xml#village,,,,Argyll and Bute,http://data.ordnancesurvey.co.uk/id/7000000000030106,http://data.ordnancesurvey.co.uk/ontology/admingeo/UnitaryAuthority,Scotland,http://data.ordnancesurvey.co.uk/id/7000000000041429,Scotland,http://data.ordnancesurvey.co.uk/id/country/scotland,,,
PA437JS,http://data.ordnancesurvey.co.uk/id/postcodeunit/PA437JS,PA43 7JS,,,,other,Postcode,130931.000,659767.000,3500,18000,,,,,,,Bogh Mòr / Bowmore,http://data.ordnancesurvey.co.uk/id/4000000074542721,http://www.ordnancesurvey.co.uk/xml/codelists/localtype.xml#village,,,,Argyll and Bute,http://data.ordnancesurvey.co.uk/id/7000000000030106,http://data.ordnancesurvey.co.uk/ontology/admingeo/UnitaryAuthority,Scotland,http://data.ordnancesurvey.co.uk/id/7000000000041429,Scotland,http://data.ordnancesurvey.co.uk/id/country/scotland,,,
PA427AL,http://data.ordnancesurvey.co.uk/id/postcodeunit/PA427AL,PA42 7AL,,,,other,Postcode,135301.000,645739.000,3500,18000,,,,,,,Port Eilein / Port Ellen,http://data.ordnancesurvey.co.uk/id/4000000074542615,http://www.ordnancesurvey.co.uk/xml/codelists/localtype.xml#village,,,,Argyll and Bute,http://data.ordnancesurvey.co.uk/id/7000000000030106,http://data.ordnancesurvey.co.uk/ontology/admingeo/UnitaryAuthority,Scotland,http://data.ordnancesurvey.co.uk/id/7000000000041429,Scotland,http://data.ordnancesurvey.co.uk/id/country/scotland,,,
PA427AW,http://data.ordnancesurvey.co.uk/id/postcodeunit/PA427AW,PA42 7AW,,,,other,Postcode,134304.000,646799.000,3500,18000,,,,,,,,,,,,,Argyll and Bute,http://data.ordnancesurvey.co.uk/id/7000000000030106,http://data.ordnancesurvey.co.uk/ontology/admingeo/UnitaryAuthority,Scotland,http://data.ordnancesurvey.co.uk/id/7000000000041429,Scotland,http://data.ordnancesurvey.co.uk/id/country/scotland,,,
PA427DW,http://data.ordnancesurvey.co.uk/id/postcodeunit/PA427DW,PA42 7DW,,,,other,Postcode,136350.000,645072.000,3500,18000,,,,,,,Port Eilein / Port Ellen,http://data.ordnancesurvey.co.uk/id/4000000074542615,http://www.ordnancesurvey.co.uk/xml/codelists/localtype.xml#village,,,,Argyll and Bute,http://data.ordnancesurvey.co.uk/id/7000000000030106,http://data.ordnancesurvey.co.uk/ontology/admingeo/UnitaryAuthority,Scotland,http://data.ordnancesurvey.co.uk/id/7000000000041429,Scotland,http://data.ordnancesurvey.co.uk/id/country/scotland,,,
PA427BW,http://data.ordnancesurvey.co.uk/id/postcodeunit/PA427BW,PA42 7BW,,,,other,Postcode,136843.000,645265.000,3500,18000,,,,,,,Port Eilein / Port Ellen,http://data.ordnancesurvey.co.uk/id/4000000074542615,http://www.ordnancesurvey.co.uk/xml/codelists/localtype.xml#village,,,,Argyll and Bute,http://data.ordnancesurvey.co.uk/id/7000000000030106,http://data.ordnancesurvey.co.uk/ontology/admingeo/UnitaryAuthority,Scotland,http://data.ordnancesurvey.co.uk/id/7000000000041429,Scotland,http://data.ordnancesurvey.co.uk/id/country/scotland,,,
PA437JD,http://data.ordnancesurvey.co.uk/id/postcodeunit/PA437JD,PA43 7JD,,,,other,Postcode,131615.000,659676.000,3500,18000,,,,,,,Bogh Mòr / Bowmore,http://data.ordnancesurvey.co.uk/id/4000000074542721,http://www.ordnancesurvey.co.uk/xml/codelists/localtype.xml#village,,,,Argyll and Bute,http://data.ordnancesurvey.co.uk/id/7000000000030106,http://data.ordnancesurvey.co.uk/ontology/admingeo/UnitaryAuthority,Scotland,http://data.ordnancesurvey.co.uk/id/7000000000041429,Scotland,http://data.ordnancesurvey.co.uk/id/country/scotland,,,
PA427DF,http://data.ordnancesurvey.co.uk/id/postcodeunit/PA427DF,PA42 7DF,,,,other,Postcode,136451.000,645371.000,3500,18000,,,,,,,Port Eilein / Port Ellen,http://data.ordnancesurvey.co.uk/id/4000000074542615,http://www.ordnancesurvey.co.uk/xml/codelists/localtype.xml#village,,,,Argyll and Bute,http://data.ordnancesurvey.co.uk/id/7000000000030106,http://data.ordnancesurvey.co.uk/ontology/admingeo/UnitaryAuthority,Scotland,http://data.ordnancesurvey.co.uk/id/7000000000041429,Scotland,http://data.ordnancesurvey.co.uk/id/country/scotland,,,
PA487TN,http://data.ordnancesurvey.co.uk/id/postcodeunit/PA487TN,PA48 7TN,,,,other,Postcode,124922.000,657917.000,3500,18000,,,,,,,Port Sgioba / Port Charlotte,http://data.ordnancesurvey.co.uk/id/4000000074542974,http://www.ordnancesurvey.co.uk/xml/codelists/localtype.xml#village,,,,Argyll and Bute,http://data.ordnancesurvey.co.uk/id/7000000000030106,http://data.ordnancesurvey.co.uk/ontology/admingeo/UnitaryAuthority,Scotland,http://data.ordnancesurvey.co.uk/id/7000000000041429,Scotland,http://data.ordnancesurvey.co.uk/id/country/scotland,,,
PA427DR,http://data.ordnancesurvey.co.uk/id/postcodeunit/PA427DR,PA42 7DR,,,,other,Postcode,136481.000,645389.000,3500,18000,,,,,,,Port Eilein / Port Ellen,http://data.ordnancesurvey.co.uk/id/4000000074542615,http://www.ordnancesurvey.co.uk/xml/codelists/localtype.xml#village,,,,Argyll and Bute,http://data.ordnancesurvey.co.uk/id/7000000000030106,http://data.ordnancesurvey.co.uk/ontology/admingeo/UnitaryAuthority,Scotland,http://data.ordnancesurvey.co.uk/id/7000000000041429,Scotland,http://data.ordnancesurvey.co.uk/id/country/scotland,,,
PA437HS,http://data.ordnancesurvey.co.uk/id/postcodeunit/PA437HS,PA43 7HS,,,,other,Postcode,131388.000,659773.000,3500,18000,,,,,,,Bogh Mòr / Bowmore,http://data.ordnancesurvey.co.uk/id/4000000074542721,http://www.ordnancesurvey.co.uk/xml/codelists/localtype.xml#village,,,,Argyll and Bute,http://data.ordnancesurvey.co.uk/id/7000000000030106,http://data.ordnancesurvey.co.uk/ontology/admingeo/UnitaryAuthority,Scotland,http://data.ordnancesurvey.co.uk/id/7000000000041429,Scotland,http://data.ordnancesurvey.co.uk/id/country/scotland,,,
PA437JQ,http://data.ordnancesurvey.co.uk/id/postcodeunit/PA437JQ,PA43 7JQ,,,,other,Postcode,132428.000,658492.000,3500,18000,,,,,,,,,,,,,Argyll and Bute,http://data.ordnancesurvey.co.uk/id/7000000000030106,http://data.ordnancesurvey.co.uk/ontology/admingeo/UnitaryAuthority,Scotland,http://data.ordnancesurvey.co.uk/id/7000000000041429,Scotland,http://data.ordnancesurvey.co.uk/id/country/scotland,,,
PA427BD,http://data.ordnancesurvey.co.uk/id/postcodeunit/PA427BD,PA42 7BD,,,,other,Postcode,136595.000,645289.000,3500,18000,,,,,,,Port Eilein / Port Ellen,http://data.ordnancesurvey.co.uk/id/4000000074542615,http://www.ordnancesurvey.co.uk/xml/codelists/localtype.xml#village,,,,Argyll and Bute,http://data.ordnancesurvey.co.uk/id/7000000000030106,http://data.ordnancesurvey.co.uk/ontology/admingeo/UnitaryAuthority,Scotland,http://data.ordnancesurvey.co.uk/id/7000000000041429,Scotland,http://data.ordnancesurvey.co.uk/id/country/scotland,,,
PA427BX,http://data.ordnancesurvey.co.uk/id/postcodeunit/PA427BX,PA42 7BX,,,,other,Postcode,136220.000,645781.000,3500,18000,,,,,,,Port Eilein / Port Ellen,http://data.ordnancesurvey.co.uk/id/4000000074542615,http://www.ordnancesurvey.co.uk/xml/codelists/localtype.xml#village,,,,Argyll and Bute,http://data.ordnancesurvey.co.uk/id/7000000000030106,http://data.ordnancesurvey.co.uk/ontology/admingeo/UnitaryAuthority,Scotland,http://data.ordnancesurvey.co.uk/id/7000000000041429,Scotland,http://data.ordnancesurvey.co.uk/id/country/scotland,,,
PA437AB,http://data.ordnancesurvey.co.uk/id/postcodeunit/PA437AB,PA43 7AB,,,,other,Postcode,130886.000,659371.000,3500,18000,,,,,,,,,,,,,Argyll and Bute,http://data.ordnancesurvey.co.uk/id/7000000000030106,http://data.ordnancesurvey.co.uk/ontology/admingeo/UnitaryAuthority,Scotland,http://data.ordnancesurvey.co.uk/id/7000000000041429,Scotland,http://data.ordnancesurvey.co.uk/id/country/scotland,,,
PA427AJ,http://data.ordnancesurvey.co.uk/id/postcodeunit/PA427AJ,PA42 7AJ,,,,other,Postcode,136025.000,645840.000,3500,18000,,,,,,,Port Eilein / Port Ellen,http://data.ordnancesurvey.co.uk/id/4000000074542615,http://www.ordnancesurvey.co.uk/xml/codelists/localtype.xml#village,,,,Argyll and Bute,http://data.ordnancesurvey.co.uk/id/7000000000030106,http://data.ordnancesurvey.co.uk/ontology/admingeo/UnitaryAuthority,Scotland,http://data.ordnancesurvey.co.uk/id/7000000000041429,Scotland,http://data.ordnancesurvey.co.uk/id/country/scotland,,,
PA427BA,http://data.ordnancesurvey.co.uk/id/postcodeunit/PA427BA,PA42 7BA,,,,other,Postcode,135497.000,645768.000,3500,18000,,,,,,,Port Eilein / Port Ellen,http://data.ordnancesurvey.co.uk/id/4000000074542615,http://www.ordnancesurvey.co.uk/xml/codelists/localtype.xml#village,,,,Argyll and Bute,http://data.ordnancesurvey.co.uk/id/7000000000030106,http://data.ordnancesurvey.co.uk/ontology/admingeo/UnitaryAuthority,Scotland,http://data.ordnancesurvey.co.uk/id/7000000000041429,Scotland,http://data.ordnancesurvey.co.uk/id/country/scotland,,,
PA427AZ,http://data.ordnancesurvey.co.uk/id/postcodeunit/PA427AZ,PA42 7AZ,,,,other,Postcode,134104.000,644232.000,3500,18000,,,,,,,,,,,,,Argyll and Bute,http://data.ordnancesurvey.co.uk/id/7000000000030106,http://data.ordnancesurvey.co.uk/ontology/admingeo/UnitaryAuthority,Scotland,http://data.ordnancesurvey.co.uk/id/7000000000041429,Scotland,http://data.ordnancesurvey.co.uk/id/country/scotland,,,
PA427DB,http://data.ordnancesurvey.co.uk/id/postcodeunit/PA427DB,PA42 7DB,,,,other,Postcode,135142.000,648524.000,3500,18000,,,,,,,,,,,,,Argyll and Bute,http://data.ordnancesurvey.co.uk/id/7000000000030106,http://data.ordnancesurvey.co.uk/ontology/admingeo/UnitaryAuthority,Scotland,http://data.ordnancesurvey.co.uk/id/7000000000041429,Scotland,http://data.ordnancesurvey.co.uk/id/country/scotland,,,
PA487TX,http://data.ordnancesurvey.co.uk/id/postcodeunit/PA487TX,PA48 7TX,,,,other,Postcode,125283.000,658259.000,3500,18000,,,,,,,Port Sgioba / Port Charlotte,http://data.ordnancesurvey.co.uk/id/4000000074542974,http://www.ordnancesurvey.co.uk/xml/codelists/localtype.xml#village,,,,Argyll and Bute,http://data.ordnancesurvey.co.uk/id/7000000000030106,http://data.ordnancesurvey.co.uk/ontology/admingeo/UnitaryAuthority,Scotland,http://data.ordnancesurvey.co.uk/id/7000000000041429,Scotland,http://data.ordnancesurvey.co.uk/id/country/scotland,,,
PA427EJ,http://data.ordnancesurvey.co.uk/id/postcodeunit/PA427EJ,PA42 7EJ,,,,other,Postcode,136949.000,645090.000,3500,18000,,,,,,,Port Eilein / Port Ellen,http://data.ordnancesurvey.co.uk/id/4000000074542615,http://www.ordnancesurvey.co.uk/xml/codelists/localtype.xml#village,,,,Argyll and Bute,http://data.ordnancesurvey.co.uk/id/7000000000030106,http://data.ordnancesurvey.co.uk/ontology/admingeo/UnitaryAuthority,Scotland,http://data.ordnancesurvey.co.uk/id/7000000000041429,Scotland,http://data.ordnancesurvey.co.uk/id/country/scotland,,,
PA427BF,http://data.ordnancesurvey.co.uk/id/postcodeunit/PA427BF,PA42 7BF,,,,other,Postcode,136480.000,645531.000,3500,18000,,,,,,,Port Eilein / Port Ellen,http://data.ordnancesurvey.co.uk/id/4000000074542615,http://www.ordnancesurvey.co.uk/xml/codelists/localtype.xml#village,,,,Argyll and Bute,http://data.ordnancesurvey.co.uk/id/7000000000030106,http://data.ordnancesurvey.co.uk/ontology/admingeo/UnitaryAuthority,Scotland,http://data.ordnancesurvey.co.uk/id/7000000000041429,Scotland,http://data.ordnancesurvey.co.uk/id/country/scotland,,,
PA437LS,http://data.ordnancesurvey.co.uk/id/postcodeunit/PA437LS,PA43 7LS,,,,other,Postcode,130793.000,659668.000,3500,18000,,,,,,,Bogh Mòr / Bowmore,http://data.ordnancesurvey.co.uk/id/4000000074542721,http://www.ordnancesurvey.co.uk/xml/codelists/localtype.xml#village,,,,Argyll and Bute,http://data.ordnancesurvey.co.uk/id/7000000000030106,http://data.ordnancesurvey.co.uk/ontology/admingeo/UnitaryAuthority,Scotland,http://data.ordnancesurvey.co.uk/id/7000000000041429,Scotland,http://data.ordnancesurvey.co.uk/id/country/scotland,,,
PA427BP,http://data.ordnancesurvey.co.uk/id/postcodeunit/PA427BP,PA42 7BP,,,,other,Postcode,136881.000,645203.000,3500,18000,,,,,,,Port Eilein / Port Ellen,http://data.ordnancesurvey.co.uk/id/4000000074542615,http://www.ordnancesurvey.co.uk/xml/codelists/localtype.xml#village,,,,Argyll and Bute,http://data.ordnancesurvey.co.uk/id/7000000000030106,http://data.ordnancesurvey.co.uk/ontology/admingeo/UnitaryAuthority,Scotland,http://data.ordnancesurvey.co.uk/id/7000000000041429,Scotland,http://data.ordnancesurvey.co.uk/id/country/scotland,,,
PA437JG,http://data.ordnancesurvey.co.uk/id/postcodeunit/PA437JG,PA43 7JG,,,,other,Postcode,129372.000,658622.000,3500,18000,,,,,,,,,,,,,Argyll and Bute,http://data.ordnancesurvey.co.uk/id/7000000000030106,http://data.ordnancesurvey.co.uk/ontology/admingeo/UnitaryAuthority,Scotland,http://data.ordnancesurvey.co.uk/id/7000000000041429,Scotland,http://data.ordnancesurvey.co.uk/id/country/scotland,,,
PA427EL,http://data.ordnancesurvey.co.uk/id/postcodeunit/PA427EL,PA42 7EL,,,,other,Postcode,136855.000,645097.000,3500,18000,,,,,,,Port Eilein / Port Ellen,http://data.ordnancesurvey.co.uk/id/4000000074542615,http://www.ordnancesurvey.co.uk/xml/codelists/localtype.xml#village,,,,Argyll and Bute,http://data.ordnancesurvey.co.uk/id/7000000000030106,http://data.ordnancesurvey.co.uk/ontology/admingeo/UnitaryAuthority,Scotland,http://data.ordnancesurvey.co.uk/id/7000000000041429,Scotland,http://data.ordnancesurvey.co.uk/id/country/scotland,,,
PA427AU,http://data.ordnancesurvey.co.uk/id/postcodeunit/PA427AU,PA42 7AU,,,,other,Postcode,129509.000,642401.000,3500,18000,,,,,,,,,,,,,Argyll and Bute,http://data.ordnancesurvey.co.uk/id/7000000000030106,http://data.ordnancesurvey.co.uk/ontology/admingeo/UnitaryAuthority,Scotland,http://data.ordnancesurvey.co.uk/id/7000000000041429,Scotland,http://data.ordnancesurvey.co.uk/id/country/scotland,,,
PA487TL,http://data.ordnancesurvey.co.uk/id/postcodeunit/PA487TL,PA48 7TL,,,,other,Postcode,125140.000,658042.000,3500,18000,,,,,,,Port Sgioba / Port Charlotte,http://data.ordnancesurvey.co.uk/id/4000000074542974,http://www.ordnancesurvey.co.uk/xml/codelists/localtype.xml#village,,,,Argyll and Bute,http://data.ordnancesurvey.co.uk/id/7000000000030106,http://data.ordnancesurvey.co.uk/ontology/admingeo/UnitaryAuthority,Scotland,http://data.ordnancesurvey.co.uk/id/7000000000041429,Scotland,http://data.ordnancesurvey.co.uk/id/country/scotland,,,
PA427AN,http://data.ordnancesurvey.co.uk/id/postcodeunit/PA427AN,PA42 7AN,,,,other,Postcode,132751.000,649112.000,3500,18000,,,,,,,,,,,,,Argyll and Bute,http://data.ordnancesurvey.co.uk/id/7000000000030106,http://data.ordnancesurvey.co.uk/ontology/admingeo/UnitaryAuthority,Scotland,http://data.ordnancesurvey.co.uk/id/7000000000041429,Scotland,http://data.ordnancesurvey.co.uk/id/country/scotland,,,
PA487UF,http://data.ordnancesurvey.co.uk/id/postcodeunit/PA487UF,PA48 7UF,,,,other,Postcode,125125.000,658121.000,3500,18000,,,,,,,Port Sgioba / Port Charlotte,http://data.ordnancesurvey.co.uk/id/4000000074542974,http://www.ordnancesurvey.co.uk/xml/codelists/localtype.xml#village,,,,Argyll and Bute,http://data.ordnancesurvey.co.uk/id/7000000000030106,http://data.ordnancesurvey.co.uk/ontology/admingeo/UnitaryAuthority,Scotland,http://data.ordnancesurvey.co.uk/id/7000000000041429,Scotland,http://data.ordnancesurvey.co.uk/id/country/scotland,,,
PA427DS,http://data.ordnancesurvey.co.uk/id/postcodeunit/PA427DS,PA42 7DS,,,,other,Postcode,138123.000,645437.000,3500,18000,,,,,,,,,,,,,Argyll and Bute,http://data.ordnancesurvey.co.uk/id/7000000000030106,http://data.ordnancesurvey.co.uk/ontology/admingeo/UnitaryAuthority,Scotland,http://data.ordnancesurvey.co.uk/id/7000000000041429,Scotland,http://data.ordnancesurvey.co.uk/id/country/scotland,,,
PA427EH,http://data.ordnancesurvey.co.uk/id/postcodeunit/PA427EH,PA42 7EH,,,,other,Postcode,136834.000,645036.000,3500,18000,,,,,,,Port Eilein / Port Ellen,http://data.ordnancesurvey.co.uk/id/4000000074542615,http://www.ordnancesurvey.co.uk/xml/codelists/localtype.xml#village,,,,Argyll and Bute,http://data.ordnancesurvey.co.uk/id/7000000000030106,http://data.ordnancesurvey.co.uk/ontology/admingeo/UnitaryAuthority,Scotland,http://data.ordnancesurvey.co.uk/id/7000000000041429,Scotland,http://data.ordnancesurvey.co.uk/id/country/scotland,,,
PA487TU,http://data.ordnancesurvey.co.uk/id/postcodeunit/PA487TU,PA48 7TU,,,,other,Postcode,125288.000,658334.000,3500,18000,,,,,,,Port Sgioba / Port Charlotte,http://data.ordnancesurvey.co.uk/id/4000000074542974,http://www.ordnancesurvey.co.uk/xml/codelists/localtype.xml#village,,,,Argyll and Bute,http://data.ordnancesurvey.co.uk/id/7000000000030106,http://data.ordnancesurvey.co.uk/ontology/admingeo/UnitaryAuthority,Scotland,http://data.ordnancesurvey.co.uk/id/7000000000041429,Scotland,http://data.ordnancesurvey.co.uk/id/country/scotland,,,
PA487UB,http://data.ordnancesurvey.co.uk/id/postcodeunit/PA487UB,PA48 7UB,,,,other,Postcode,122378.000,659327.000,3500,18000,,,,,,,,,,,,,Argyll and Bute,http://data.ordnancesurvey.co.uk/id/7000000000030106,http://data.ordnancesurvey.co.uk/ontology/admingeo/UnitaryAuthority,Scotland,http://data.ordnancesurvey.co.uk/id/7000000000041429,Scotland,http://data.ordnancesurvey.co.uk/id/country/scotland,,,
PA437HL,http://data.ordnancesurvey.co.uk/id/postcodeunit/PA437HL,PA43 7HL,,,,other,Postcode,131233.000,659792.000,3500,18000,,,,,,,Bogh Mòr / Bowmore,http://data.ordnancesurvey.co.uk/id/4000000074542721,http://www.ordnancesurvey.co.uk/xml/codelists/localtype.xml#village,,,,Argyll and Bute,http://data.ordnancesurvey.co.uk/id/7000000000030106,http://data.ordnancesurvey.co.uk/ontology/admingeo/UnitaryAuthority,Scotland,http://data.ordnancesurvey.co.uk/id/7000000000041429,Scotland,http://data.ordnancesurvey.co.uk/id/country/scotland,,,
PA437HT,http://data.ordnancesurvey.co.uk/id/postcodeunit/PA437HT,PA43 7HT,,,,other,Postcode,131450.000,659843.000,3500,18000,,,,,,,Bogh Mòr / Bowmore,http://data.ordnancesurvey.co.uk/id/4000000074542721,http://www.ordnancesurvey.co.uk/xml/codelists/localtype.xml#village,,,,Argyll and Bute,http://data.ordnancesurvey.co.uk/id/7000000000030106,http://data.ordnancesurvey.co.uk/ontology/admingeo/UnitaryAuthority,Scotland,http://data.ordnancesurvey.co.uk/id/7000000000041429,Scotland,http://data.ordnancesurvey.co.uk/id/country/scotland,,,
PA487TY,http://data.ordnancesurvey.co.uk/id/postcodeunit/PA487TY,PA48 7TY,,,,other,Postcode,125236.000,658389.000,3500,18000,,,,,,,Port Sgioba / Port Charlotte,http://data.ordnancesurvey.co.uk/id/4000000074542974,http://www.ordnancesurvey.co.uk/xml/codelists/localtype.xml#village,,,,Argyll and Bute,http://data.ordnancesurvey.co.uk/id/7000000000030106,http://data.ordnancesurvey.co.uk/ontology/admingeo/UnitaryAuthority,Scotland,http://data.ordnancesurvey.co.uk/id/7000000000041429,Scotland,http://data.ordnancesurvey.co.uk/id/country/scotland,,,
PA437HZ,http://data.ordnancesurvey.co.uk/id/postcodeunit/PA437HZ,PA43 7HZ,,,,other,Postcode,131554.000,659817.000,3500,18000,,,,,,,Bogh Mòr / Bowmore,http://data.ordnancesurvey.co.uk/id/4000000074542721,http://www.ordnancesurvey.co.uk/xml/codelists/localtype.xml#village,,,,Argyll and Bute,http://data.ordnancesurvey.co.uk/id/7000000000030106,http://data.ordnancesurvey.co.uk/ontology/admingeo/UnitaryAuthority,Scotland,http://data.ordnancesurvey.co.uk/id/7000000000041429,Scotland,http://data.ordnancesurvey.co.uk/id/country/scotland,,,
PA437HR,http://data.ordnancesurvey.co.uk/id/postcodeunit/PA437HR,PA43 7HR,,,,other,Postcode,131347.000,659790.000,3500,18000,,,,,,,Bogh Mòr / Bowmore,http://data.ordnancesurvey.co.uk/id/4000000074542721,http://www.ordnancesurvey.co.uk/xml/codelists/localtype.xml#village,,,,Argyll and Bute,http://data.ordnancesurvey.co.uk/id/7000000000030106,http://data.ordnancesurvey.co.uk/ontology/admingeo/UnitaryAuthority,Scotland,http://data.ordnancesurvey.co.uk/id/7000000000041429,Scotland,http://data.ordnancesurvey.co.uk/id/country/scotland,,,
PA427BH,http://data.ordnancesurvey.co.uk/id/postcodeunit/PA427BH,PA42 7BH,,,,other,Postcode,136848.000,645347.000,3500,18000,,,,,,,Port Eilein / Port Ellen,http://data.ordnancesurvey.co.uk/id/4000000074542615,http://www.ordnancesurvey.co.uk/xml/codelists/localtype.xml#village,,,,Argyll and Bute,http://data.ordnancesurvey.co.uk/id/7000000000030106,http://data.ordnancesurvey.co.uk/ontology/admingeo/UnitaryAuthority,Scotland,http://data.ordnancesurvey.co.uk/id/7000000000041429,Scotland,http://data.ordnancesurvey.co.uk/id/country/scotland,,,
PA437HP,http://data.ordnancesurvey.co.uk/id/postcodeunit/PA437HP,PA43 7HP,,,,other,Postcode,131227.000,659754.000,3500,18000,,,,,,,Bogh Mòr / Bowmore,http://data.ordnancesurvey.co.uk/id/4000000074542721,http://www.ordnancesurvey.co.uk/xml/codelists/localtype.xml#village,,,,Argyll and Bute,http://data.ordnancesurvey.co.uk/id/7000000000030106,http://data.ordnancesurvey.co.uk/ontology/admingeo/UnitaryAuthority,Scotland,http://data.ordnancesurvey.co.uk/id/7000000000041429,Scotland,http://data.ordnancesurvey.co.uk/id/country/scotland,,,
PA427BN,http://data.ordnancesurvey.co.uk/id/postcodeunit/PA427BN,PA42 7BN,,,,other,Postcode,136955.000,645418.000,3500,18000,,,,,,,Port Eilein / Port Ellen,http://data.ordnancesurvey.co.uk/id/4000000074542615,http://www.ordnancesurvey.co.uk/xml/codelists/localtype.xml#village,,,,Argyll and Bute,http://data.ordnancesurvey.co.uk/id/7000000000030106,http://data.ordnancesurvey.co.uk/ontology/admingeo/UnitaryAuthority,Scotland,http://data.ordnancesurvey.co.uk/id/7000000000041429,Scotland,http://data.ordnancesurvey.co.uk/id/country/scotland,,,
PA427AF,http://data.ordnancesurvey.co.uk/id/postcodeunit/PA427AF,PA42 7AF,,,,other,Postcode,135945.000,645763.000,3500,18000,,,,,,,Port Eilein / Port Ellen,http://data.ordnancesurvey.co.uk/id/4000000074542615,http://www.ordnancesurvey.co.uk/xml/codelists/localtype.xml#village,,,,Argyll and Bute,http://data.ordnancesurvey.co.uk/id/7000000000030106,http://data.ordnancesurvey.co.uk/ontology/admingeo/UnitaryAuthority,Scotland,http://data.ordnancesurvey.co.uk/id/7000000000041429,Scotland,http://data.ordnancesurvey.co.uk/id/country/scotland,,,
PA437HU,http://data.ordnancesurvey.co.uk/id/postcodeunit/PA437HU,PA43 7HU,,,,other,Postcode,131429.000,659909.000,3500,18000,,,,,,,Bogh Mòr / Bowmore,http://data.ordnancesurvey.co.uk/id/4000000074542721,http://www.ordnancesurvey.co.uk/xml/codelists/localtype.xml#village,,,,Argyll and Bute,http://data.ordnancesurvey.co.uk/id/7000000000030106,http://data.ordnancesurvey.co.uk/ontology/admingeo/UnitaryAuthority,Scotland,http://data.ordnancesurvey.co.uk/id/7000000000041429,Scotland,http://data.ordnancesurvey.co.uk/id/country/scotland,,,
PA437JP,http://data.ordnancesurvey.co.uk/id/postcodeunit/PA437JP,PA43 7JP,,,,other,Postcode,131039.000,659885.000,3500,18000,,,,,,,Bogh Mòr / Bowmore,http://data.ordnancesurvey.co.uk/id/4000000074542721,http://www.ordnancesurvey.co.uk/xml/codelists/localtype.xml#village,,,,Argyll and Bute,http://data.ordnancesurvey.co.uk/id/7000000000030106,http://data.ordnancesurvey.co.uk/ontology/admingeo/UnitaryAuthority,Scotland,http://data.ordnancesurvey.co.uk/id/7000000000041429,Scotland,http://data.ordnancesurvey.co.uk/id/country/scotland,,,
PA487TW,http://data.ordnancesurvey.co.uk/id/postcodeunit/PA487TW,PA48 7TW,,,,other,Postcode,125163.000,658203.000,3500,18000,,,,,,,Port Sgioba / Port Charlotte,http://data.ordnancesurvey.co.uk/id/4000000074542974,http://www.ordnancesurvey.co.uk/xml/codelists/localtype.xml#village,,,,Argyll and Bute,http://data.ordnancesurvey.co.uk/id/7000000000030106,http://data.ordnancesurvey.co.uk/ontology/admingeo/UnitaryAuthority,Scotland,http://data.ordnancesurvey.co.uk/id/7000000000041429,Scotland,http://data.ordnancesurvey.co.uk/id/country/scotland,,,
PA487TS,http://data.ordnancesurvey.co.uk/id/postcodeunit/PA487TS,PA48 7TS,,,,other,Postcode,125285.000,658126.000,3500,18000,,,,,,,Port Sgioba / Port Charlotte,http://data.ordnancesurvey.co.uk/id/4000000074542974,http://www.ordnancesurvey.co.uk/xml/codelists/localtype.xml#village,,,,Argyll and Bute,http://data.ordnancesurvey.co.uk/id/7000000000030106,http://data.ordnancesurvey.co.uk/ontology/admingeo/UnitaryAuthority,Scotland,http://data.ordnancesurvey.co.uk/id/7000000000041429,Scotland,http://data.ordnancesurvey.co.uk/id/country/scotland,,,
PA437HY,http://data.ordnancesurvey.co.uk/id/postcodeunit/PA437HY,PA43 7HY,,,,other,Postcode,131466.000,659823.000,3500,18000,,,,,,,Bogh Mòr / Bowmore,http://data.ordnancesurvey.co.uk/id/4000000074542721,http://www.ordnancesurvey.co.uk/xml/codelists/localtype.xml#village,,,,Argyll and Bute,http://data.ordnancesurvey.co.uk/id/7000000000030106,http://data.ordnancesurvey.co.uk/ontology/admingeo/UnitaryAuthority,Scotland,http://data.ordnancesurvey.co.uk/id/7000000000041429,Scotland,http://data.ordnancesurvey.co.uk/id/country/scotland,,,
PA437AD,http://data.ordnancesurvey.co.uk/id/postcodeunit/PA437AD,PA43 7AD,,,,other,Postcode,130857.000,659441.000,3500,18000,,,,,,,,,,,,,Argyll and Bute,http://data.ordnancesurvey.co.uk/id/7000000000030106,http://data.ordnancesurvey.co.uk/ontology/admingeo/UnitaryAuthority,Scotland,http://data.ordnancesurvey.co.uk/id/7000000000041429,Scotland,http://data.ordnancesurvey.co.uk/id/country/scotland,,,
PA427EG,http://data.ordnancesurvey.co.uk/id/postcodeunit/PA427EG,PA42 7EG,,,,other,Postcode,132369.000,641904.000,3500,18000,,,,,,,,,,,,,Argyll and Bute,http://data.ordnancesurvey.co.uk/id/7000000000030106,http://data.ordnancesurvey.co.uk/ontology/admingeo/UnitaryAuthority,Scotland,http://data.ordnancesurvey.co.uk/id/7000000000041429,Scotland,http://data.ordnancesurvey.co.uk/id/country/scotland,,,
PA437JA,http://data.ordnancesurvey.co.uk/id/postcodeunit/PA437JA,PA43 7JA,,,,other,Postcode,131513.000,659819.000,3500,18000,,,,,,,Bogh Mòr / Bowmore,http://data.ordnancesurvey.co.uk/id/4000000074542721,http://www.ordnancesurvey.co.uk/xml/codelists/localtype.xml#village,,,,Argyll and Bute,http://data.ordnancesurvey.co.uk/id/7000000000030106,http://data.ordnancesurvey.co.uk/ontology/admingeo/UnitaryAuthority,Scotland,http://data.ordnancesurvey.co.uk/id/7000000000041429,Scotland,http://data.ordnancesurvey.co.uk/id/country/scotland,,,
PA487TP,http://data.ordnancesurvey.co.uk/id/postcodeunit/PA487TP,PA48 7TP,,,,other,Postcode,125291.000,658133.000,3500,18000,,,,,,,Port Sgioba / Port Charlotte,http://data.ordnancesurvey.co.uk/id/4000000074542974,http://www.ordnancesurvey.co.uk/xml/codelists/localtype.xml#village,,,,Argyll and Bute,http://data.ordnancesurvey.co.uk/id/7000000000030106,http://data.ordnancesurvey.co.uk/ontology/admingeo/UnitaryAuthority,Scotland,http://data.ordnancesurvey.co.uk/id/7000000000041429,Scotland,http://data.ordnancesurvey.co.uk/id/country/scotland,,,
PA427BG,http://data.ordnancesurvey.co.uk/id/postcodeunit/PA427BG,PA42 7BG,,,,other,Postcode,136743.000,645242.000,3500,18000,,,,,,,Port Eilein / Port Ellen,http://data.ordnancesurvey.co.uk/id/4000000074542615,http://www.ordnancesurvey.co.uk/xml/codelists/localtype.xml#village,,,,Argyll and Bute,http://data.ordnancesurvey.co.uk/id/7000000000030106,http://data.ordnancesurvey.co.uk/ontology/admingeo/UnitaryAuthority,Scotland,http://data.ordnancesurvey.co.uk/id/7000000000041429,Scotland,http://data.ordnancesurvey.co.uk/id/country/scotland,,,
PA437JF,http://data.ordnancesurvey.co.uk/id/postcodeunit/PA437JF,PA43 7JF,,,,other,Postcode,130966.000,657193.000,3500,18000,,,,,,,,,,,,,Argyll and Bute,http://data.ordnancesurvey.co.uk/id/7000000000030106,http://data.ordnancesurvey.co.uk/ontology/admingeo/UnitaryAuthority,Scotland,http://data.ordnancesurvey.co.uk/id/7000000000041429,Scotland,http://data.ordnancesurvey.co.uk/id/country/scotland,,,
PA427DJ,http://data.ordnancesurvey.co.uk/id/postcodeunit/PA427DJ,PA42 7DJ,,,,other,Postcode,136423.000,645204.000,3500,18000,,,,,,,Port Eilein / Port Ellen,http://data.ordnancesurvey.co.uk/id/4000000074542615,http://www.ordnancesurvey.co.uk/xml/codelists/localtype.xml#village,,,,Argyll and Bute,http://data.ordnancesurvey.co.uk/id/7000000000030106,http://data.ordnancesurvey.co.uk/ontology/admingeo/UnitaryAuthority,Scotland,http://data.ordnancesurvey.co.uk/id/7000000000041429,Scotland,http://data.ordnancesurvey.co.uk/id/country/scotland,,,
PA427DE,http://data.ordnancesurvey.co.uk/id/postcodeunit/PA427DE,PA42 7DE,,,,other,Postcode,134722.000,655731.000,3500,18000,,,,,,,,,,,,,Argyll and Bute,http://data.ordnancesurvey.co.uk/id/7000000000030106,http://data.ordnancesurvey.co.uk/ontology/admingeo/UnitaryAuthority,Scotland,http://data.ordnancesurvey.co.uk/id/7000000000041429,Scotland,http://data.ordnancesurvey.co.uk/id/country/scotland,,,
PA427BT,http://data.ordnancesurvey.co.uk/id/postcodeunit/PA427BT,PA42 7BT,,,,other,Postcode,136920.000,645320.000,3500,18000,,,,,,,Port Eilein / Port Ellen,http://data.ordnancesurvey.co.uk/id/4000000074542615,http://www.ordnancesurvey.co.uk/xml/codelists/localtype.xml#village,,,,Argyll and Bute,http://data.ordnancesurvey.co.uk/id/7000000000030106,http://data.ordnancesurvey.co.uk/ontology/admingeo/UnitaryAuthority,Scotland,http://data.ordnancesurvey.co.uk/id/7000000000041429,Scotland,http://data.ordnancesurvey.co.uk/id/country/scotland,,,
PA427DH,http://data.ordnancesurvey.co.uk/id/postcodeunit/PA427DH,PA42 7DH,,,,other,Postcode,135909.000,646091.000,3500,18000,,,,,,,Port Eilein / Port Ellen,http://data.ordnancesurvey.co.uk/id/4000000074542615,http://www.ordnancesurvey.co.uk/xml/codelists/localtype.xml#village,,,,Argyll and Bute,http://data.ordnancesurvey.co.uk/id/7000000000030106,http://data.ordnancesurvey.co.uk/ontology/admingeo/UnitaryAuthority,Scotland,http://data.ordnancesurvey.co.uk/id/7000000000041429,Scotland,http://data.ordnancesurvey.co.uk/id/country/scotland,,,
PA427ER,http://data.ordnancesurvey.co.uk/id/postcodeunit/PA427ER,PA42 7ER,,,,other,Postcode,136825.000,645168.000,3500,18000,,,,,,,Port Eilein / Port Ellen,http://data.ordnancesurvey.co.uk/id/4000000074542615,http://www.ordnancesurvey.co.uk/xml/codelists/localtype.xml#village,,,,Argyll and Bute,http://data.ordnancesurvey.co.uk/id/7000000000030106,http://data.ordnancesurvey.co.uk/ontology/admingeo/UnitaryAuthority,Scotland,http://data.ordnancesurvey.co.uk/id/7000000000041429,Scotland,http://data.ordnancesurvey.co.uk/id/country/scotland,,,
PA487UD,http://data.ordnancesurvey.co.uk/id/postcodeunit/PA487UD,PA48 7UD,,,,other,Postcode,125244.000,658657.000,3500,18000,,,,,,,Port Sgioba / Port Charlotte,http://data.ordnancesurvey.co.uk/id/4000000074542974,http://www.ordnancesurvey.co.uk/xml/codelists/localtype.xml#village,,,,Argyll and Bute,http://data.ordnancesurvey.co.uk/id/7000000000030106,http://data.ordnancesurvey.co.uk/ontology/admingeo/UnitaryAuthority,Scotland,http://data.ordnancesurvey.co.uk/id/7000000000041429,Scotland,http://data.ordnancesurvey.co.uk/id/country/scotland,,,
PA487UE,http://data.ordnancesurvey.co.uk/id/postcodeunit/PA487UE,PA48 7UE,,,,other,Postcode,122029.000,654641.000,3500,18000,,,,,,,,,,,,,Argyll and Bute,http://data.ordnancesurvey.co.uk/id/7000000000030106,http://data.ordnancesurvey.co.uk/ontology/admingeo/UnitaryAuthority,Scotland,http://data.ordnancesurvey.co.uk/id/7000000000041429,Scotland,http://data.ordnancesurvey.co.uk/id/country/scotland,,,
PA427AX,http://data.ordnancesurvey.co.uk/id/postcodeunit/PA427AX,PA42 7AX,,,,other,Postcode,132234.000,644492.000,3500,18000,,,,,,,,,,,,,Argyll and Bute,http://data.ordnancesurvey.co.uk/id/7000000000030106,http://data.ordnancesurvey.co.uk/ontology/admingeo/UnitaryAuthority,Scotland,http://data.ordnancesurvey.co.uk/id/7000000000041429,Scotland,http://data.ordnancesurvey.co.uk/id/country/scotland,,,
PA437LP,http://data.ordnancesurvey.co.uk/id/postcodeunit/PA437LP,PA43 7LP,,,,other,Postcode,131008.000,659661.000,3500,18000,,,,,,,Bogh Mòr / Bowmore,http://data.ordnancesurvey.co.uk/id/4000000074542721,http://www.ordnancesurvey.co.uk/xml/codelists/localtype.xml#village,,,,Argyll and Bute,http://data.ordnancesurvey.co.uk/id/7000000000030106,http://data.ordnancesurvey.co.uk/ontology/admingeo/UnitaryAuthority,Scotland,http://data.ordnancesurvey.co.uk/id/7000000000041429,Scotland,http://data.ordnancesurvey.co.uk/id/country/scotland,,,
PA437JZ,http://data.ordnancesurvey.co.uk/id/postcodeunit/PA437JZ,PA43 7JZ,,,,other,Postcode,130900.000,659642.000,3500,18000,,,,,,,Bogh Mòr / Bowmore,http://data.ordnancesurvey.co.uk/id/4000000074542721,http://www.ordnancesurvey.co.uk/xml/codelists/localtype.xml#village,,,,Argyll and Bute,http://data.ordnancesurvey.co.uk/id/7000000000030106,http://data.ordnancesurvey.co.uk/ontology/admingeo/UnitaryAuthority,Scotland,http://data.ordnancesurvey.co.uk/id/7000000000041429,Scotland,http://data.ordnancesurvey.co.uk/id/country/scotland,,,
PA427BL,http://data.ordnancesurvey.co.uk/id/postcodeunit/PA427BL,PA42 7BL,,,,other,Postcode,136733.000,645382.000,3500,18000,,,,,,,Port Eilein / Port Ellen,http://data.ordnancesurvey.co.uk/id/4000000074542615,http://www.ordnancesurvey.co.uk/xml/codelists/localtype.xml#village,,,,Argyll and Bute,http://data.ordnancesurvey.co.uk/id/7000000000030106,http://data.ordnancesurvey.co.uk/ontology/admingeo/UnitaryAuthority,Scotland,http://data.ordnancesurvey.co.uk/id/7000000000041429,Scotland,http://data.ordnancesurvey.co.uk/id/country/scotland,,,
PA437JW,http://data.ordnancesurvey.co.uk/id/postcodeunit/PA437JW,PA43 7JW,,,,other,Postcode,131082.000,659733.000,3500,18000,,,,,,,Bogh Mòr / Bowmore,http://data.ordnancesurvey.co.uk/id/4000000074542721,http://www.ordnancesurvey.co.uk/xml/codelists/localtype.xml#village,,,,Argyll and Bute,http://data.ordnancesurvey.co.uk/id/7000000000030106,http://data.ordnancesurvey.co.uk/ontology/admingeo/UnitaryAuthority,Scotland,http://data.ordnancesurvey.co.uk/id/7000000000041429,Scotland,http://data.ordnancesurvey.co.uk/id/country/scotland,,,
PA437LR,http://data.ordnancesurvey.co.uk/id/postcodeunit/PA437LR,PA43 7LR,,,,other,Postcode,131012.000,659535.000,3500,18000,,,,,,,Bogh Mòr / Bowmore,http://data.ordnancesurvey.co.uk/id/4000000074542721,http://www.ordnancesurvey.co.uk/xml/codelists/localtype.xml#village,,,,Argyll and Bute,http://data.ordnancesurvey.co.uk/id/7000000000030106,http://data.ordnancesurvey.co.uk/ontology/admingeo/UnitaryAuthority,Scotland,http://data.ordnancesurvey.co.uk/id/7000000000041429,Scotland,http://data.ordnancesurvey.co.uk/id/country/scotland,,,
PA437JE,http://data.ordnancesurvey.co.uk/id/postcodeunit/PA437JE,PA43 7JE,,,,other,Postcode,131274.000,659700.000,3500,18000,,,,,,,Bogh Mòr / Bowmore,http://data.ordnancesurvey.co.uk/id/4000000074542721,http://www.ordnancesurvey.co.uk/xml/codelists/localtype.xml#village,,,,Argyll and Bute,http://data.ordnancesurvey.co.uk/id/7000000000030106,http://data.ordnancesurvey.co.uk/ontology/admingeo/UnitaryAuthority,Scotland,http://data.ordnancesurvey.co.uk/id/7000000000041429,Scotland,http://data.ordnancesurvey.co.uk/id/country/scotland,,,
PA437JR,http://data.ordnancesurvey.co.uk/id/postcodeunit/PA437JR,PA43 7JR,,,,other,Postcode,131072.000,659906.000,3500,18000,,,,,,,Bogh Mòr / Bowmore,http://data.ordnancesurvey.co.uk/id/4000000074542721,http://www.ordnancesurvey.co.uk/xml/codelists/localtype.xml#village,,,,Argyll and Bute,http://data.ordnancesurvey.co.uk/id/7000000000030106,http://data.ordnancesurvey.co.uk/ontology/admingeo/UnitaryAuthority,Scotland,http://data.ordnancesurvey.co.uk/id/7000000000041429,Scotland,http://data.ordnancesurvey.co.uk/id/country/scotland,,,
PA427AY,http://data.ordnancesurvey.co.uk/id/postcodeunit/PA427AY,PA42 7AY,,,,other,Postcode,136482.000,645287.000,3500,18000,,,,,,,Port Eilein / Port Ellen,http://data.ordnancesurvey.co.uk/id/4000000074542615,http://www.ordnancesurvey.co.uk/xml/codelists/localtype.xml#village,,,,Argyll and Bute,http://data.ordnancesurvey.co.uk/id/7000000000030106,http://data.ordnancesurvey.co.uk/ontology/admingeo/UnitaryAuthority,Scotland,http://data.ordnancesurvey.co.uk/id/7000000000041429,Scotland,http://data.ordnancesurvey.co.uk/id/country/scotland,,,
PA437LB,http://data.ordnancesurvey.co.uk/id/postcodeunit/PA437LB,PA43 7LB,,,,other,Postcode,131208.000,659900.000,3500,18000,,,,,,,Bogh Mòr / Bowmore,http://data.ordnancesurvey.co.uk/id/4000000074542721,http://www.ordnancesurvey.co.uk/xml/codelists/localtype.xml#village,,,,Argyll and Bute,http://data.ordnancesurvey.co.uk/id/7000000000030106,http://data.ordnancesurvey.co.uk/ontology/admingeo/UnitaryAuthority,Scotland,http://data.ordnancesurvey.co.uk/id/7000000000041429,Scotland,http://data.ordnancesurvey.co.uk/id/country/scotland,,,
PA427DP,http://data.ordnancesurvey.co.uk/id/postcodeunit/PA427DP,PA42 7DP,,,,other,Postcode,136384.000,645255.000,3500,18000,,,,,,,Port Eilein / Port Ellen,http://data.ordnancesurvey.co.uk/id/4000000074542615,http://www.ordnancesurvey.co.uk/xml/codelists/localtype.xml#village,,,,Argyll and Bute,http://data.ordnancesurvey.co.uk/id/7000000000030106,http://data.ordnancesurvey.co.uk/ontology/admingeo/UnitaryAuthority,Scotland,http://data.ordnancesurvey.co.uk/id/7000000000041429,Scotland,http://data.ordnancesurvey.co.uk/id/country/scotland,,,
PA437JJ,http://data.ordnancesurvey.co.uk/id/postcodeunit/PA437JJ,PA43 7JJ,,,,other,Postcode,131076.000,659800.000,3500,18000,,,,,,,Bogh Mòr / Bowmore,http://data.ordnancesurvey.co.uk/id/4000000074542721,http://www.ordnancesurvey.co.uk/xml/codelists/localtype.xml#village,,,,Argyll and Bute,http://data.ordnancesurvey.co.uk/id/7000000000030106,http://data.ordnancesurvey.co.uk/ontology/admingeo/UnitaryAuthority,Scotland,http://data.ordnancesurvey.co.uk/id/7000000000041429,Scotland,http://data.ordnancesurvey.co.uk/id/country/scotland,,,
PA437HX,http://data.ordnancesurvey.co.uk/id/postcodeunit/PA437HX,PA43 7HX,,,,other,Postcode,131448.000,659973.000,3500,18000,,,,,,,Bogh Mòr / Bowmore,http://data.ordnancesurvey.co.uk/id/4000000074542721,http://www.ordnancesurvey.co.uk/xml/codelists/localtype.xml#village,,,,Argyll and Bute,http://data.ordnancesurvey.co.uk/id/7000000000030106,http://data.ordnancesurvey.co.uk/ontology/admingeo/UnitaryAuthority,Scotland,http://data.ordnancesurvey.co.uk/id/7000000000041429,Scotland,http://data.ordnancesurvey.co.uk/id/country/scotland,,,
PA437JH,http://data.ordnancesurvey.co.uk/id/postcodeunit/PA437JH,PA43 7JH,,,,other,Postcode,131113.000,659698.000,3500,18000,,,,,,,Bogh Mòr / Bowmore,http://data.ordnancesurvey.co.uk/id/4000000074542721,http://www.ordnancesurvey.co.uk/xml/codelists/localtype.xml#village,,,,Argyll and Bute,http://data.ordnancesurvey.co.uk/id/7000000000030106,http://data.ordnancesurvey.co.uk/ontology/admingeo/UnitaryAuthority,Scotland,http://data.ordnancesurvey.co.uk/id/7000000000041429,Scotland,http://data.ordnancesurvey.co.uk/id/country/scotland,,,
osgb5000005180954227,http://data.ordnancesurvey.co.uk/id/5000005180954227,Sealladh Na Mara,,,,transportNetwork,Named Road,130883.344,659389.042,1000,20000,130883.344,659324.163,130938.321,659389.042,PA43,http://data.ordnancesurvey.co.uk/id/postcodedistrict/PA43,,,,,,,Argyll and Bute,http://data.ordnancesurvey.co.uk/id/7000000000030106,http://data.ordnancesurvey.co.uk/ontology/admingeo/UnitaryAuthority,Scotland,http://data.ordnancesurvey.co.uk/id/7000000000041429,Scotland,http://data.ordnancesurvey.co.uk/id/country/scotland,,,
osgb4000000004874539,http://data.ordnancesurvey.co.uk/id/4000000004874539,Hawthorn Lane,,,,transportNetwork,Named Road,131339.779,659816.722,1000,20000,131274.906,659728.000,131393.000,659921.740,PA43,http://data.ordnancesurvey.co.uk/id/postcodedistrict/PA43,Bogh Mòr / Bowmore,http://data.ordnancesurvey.co.uk/id/4000000074542721,http://www.ordnancesurvey.co.uk/xml/codelists/localtype.xml#village,,,,Argyll and Bute,http://data.ordnancesurvey.co.uk/id/7000000000030106,http://data.ordnancesurvey.co.uk/ontology/admingeo/UnitaryAuthority,Scotland,http://data.ordnancesurvey.co.uk/id/7000000000041429,Scotland,http://data.ordnancesurvey.co.uk/id/country/scotland,,,
osgb5000005127863441,http://data.ordnancesurvey.co.uk/id/5000005127863441,Church Way,,,,transportNetwork,Named Road,136846.343,645145.371,1000,20000,136822.855,645132.356,136880.933,645150.068,PA42,http://data.ordnancesurvey.co.uk/id/postcodedistrict/PA42,Port Eilein / Port Ellen,http://data.ordnancesurvey.co.uk/id/4000000074542615,http://www.ordnancesurvey.co.uk/xml/codelists/localtype.xml#village,,,,Argyll and Bute,http://data.ordnancesurvey.co.uk/id/7000000000030106,http://data.ordnancesurvey.co.uk/ontology/admingeo/UnitaryAuthority,Scotland,http://data.ordnancesurvey.co.uk/id/7000000000041429,Scotland,http://data.ordnancesurvey.co.uk/id/country/scotland,,,
osgb4000000004874433,http://data.ordnancesurvey.co.uk/id/4000000004874433,School Street,,,,transportNetwork,Named Road,124560.573,658307.771,9000,20000,123878.000,658174.000,125260.000,658310.338,PA48,http://data.ordnancesurvey.co.uk/id/postcodedistrict/PA48,,,,,,,Argyll and Bute,http://data.ordnancesurvey.co.uk/id/7000000000030106,http://data.ordnancesurvey.co.uk/ontology/admingeo/UnitaryAuthority,Scotland,http://data.ordnancesurvey.co.uk/id/7000000000041429,Scotland,http://data.ordnancesurvey.co.uk/id/country/scotland,,,
osgb4000000004874474,http://data.ordnancesurvey.co.uk/id/4000000004874474,Main Street,,,,transportNetwork,Named Road,131102.000,659760.000,1000,20000,131064.000,659643.000,131143.000,659861.000,PA43,http://data.ordnancesurvey.co.uk/id/postcodedistrict/PA43,Bogh Mòr / Bowmore,http://data.ordnancesurvey.co.uk/id/4000000074542721,http://www.ordnancesurvey.co.uk/xml/codelists/localtype.xml#village,,,,Argyll and Bute,http://data.ordnancesurvey.co.uk/id/7000000000030106,http://data.ordnancesurvey.co.uk/ontology/admingeo/UnitaryAuthority,Scotland,http://data.ordnancesurvey.co.uk/id/7000000000041429,Scotland,http://data.ordnancesurvey.co.uk/id/country/scotland,,,
osgb4000000004874473,http://data.ordnancesurvey.co.uk/id/4000000004874473,Shore Street,,,,transportNetwork,Named Road,131177.000,659875.000,1000,20000,131064.000,659861.000,131274.906,659921.740,PA43,http://data.ordnancesurvey.co.uk/id/postcodedistrict/PA43,Bogh Mòr / Bowmore,http://data.ordnancesurvey.co.uk/id/4000000074542721,http://www.ordnancesurvey.co.uk/xml/codelists/localtype.xml#village,,,,Argyll and Bute,http://data.ordnancesurvey.co.uk/id/7000000000030106,http://data.ordnancesurvey.co.uk/ontology/admingeo/UnitaryAuthority,Scotland,http://data.ordnancesurvey.co.uk/id/7000000000041429,Scotland,http://data.ordnancesurvey.co.uk/id/country/scotland,,,
osgb4000000004874449,http://data.ordnancesurvey.co.uk/id/4000000004874449,Main Street,,,,transportNetwork,Named Road,125260.000,658174.000,4000,20000,124992.000,657897.000,125346.000,658569.000,PA48,http://data.ordnancesurvey.co.uk/id/postcodedistrict/PA48,Port Sgioba / Port Charlotte,http://data.ordnancesurvey.co.uk/id/4000000074542974,http://www.ordnancesurvey.co.uk/xml/codelists/localtype.xml#village,,,,Argyll and Bute,http://data.ordnancesurvey.co.uk/id/7000000000030106,http://data.ordnancesurvey.co.uk/ontology/admingeo/UnitaryAuthority,Scotland,http://data.ordnancesurvey.co.uk/id/7000000000041429,Scotland,http://data.ordnancesurvey.co.uk/id/country/scotland,,,
osgb4000000004874610,http://data.ordnancesurvey.co.uk/id/4000000004874610,Woodrow Place,,,,transportNetwork,Named Road,131072.433,659689.303,1000,20000,131072.433,659689.303,131122.000,659705.000,PA43,http://data.ordnancesurvey.co.uk/id/postcodedistrict/PA43,Bogh Mòr / Bowmore,http://data.ordnancesurvey.co.uk/id/4000000074542721,http://www.ordnancesurvey.co.uk/xml/codelists/localtype.xml#village,,,,Argyll and Bute,http://data.ordnancesurvey.co.uk/id/7000000000030106,http://data.ordnancesurvey.co.uk/ontology/admingeo/UnitaryAuthority,Scotland,http://data.ordnancesurvey.co.uk/id/7000000000041429,Scotland,http://data.ordnancesurvey.co.uk/id/country/scotland,,,
osgb4000000004874608,http://data.ordnancesurvey.co.uk/id/4000000004874608,An-Creagan Place,,,,transportNetwork,Named Road,125130.000,658127.000,1000,20000,125105.446,658070.311,125166.000,658190.000,PA48,http://data.ordnancesurvey.co.uk/id/postcodedistrict/PA48,Port Sgioba / Port Charlotte,http://data.ordnancesurvey.co.uk/id/4000000074542974,http://www.ordnancesurvey.co.uk/xml/codelists/localtype.xml#village,,,,Argyll and Bute,http://data.ordnancesurvey.co.uk/id/7000000000030106,http://data.ordnancesurvey.co.uk/ontology/admingeo/UnitaryAuthority,Scotland,http://data.ordnancesurvey.co.uk/id/7000000000041429,Scotland,http://data.ordnancesurvey.co.uk/id/country/scotland,,,
osgb4000000004876953,http://data.ordnancesurvey.co.uk/id/4000000004876953,Cnoc-Na-Faire,,,,transportNetwork,Named Road,136594.000,645464.000,1000,20000,136478.000,645424.000,136665.000,645520.000,PA42,http://data.ordnancesurvey.co.uk/id/postcodedistrict/PA42,Port Eilein / Port Ellen,http://data.ordnancesurvey.co.uk/id/4000000074542615,http://www.ordnancesurvey.co.uk/xml/codelists/localtype.xml#village,,,,Argyll and Bute,http://data.ordnancesurvey.co.uk/id/7000000000030106,http://data.ordnancesurvey.co.uk/ontology/admingeo/UnitaryAuthority,Scotland,http://data.ordnancesurvey.co.uk/id/7000000000041429,Scotland,http://data.ordnancesurvey.co.uk/id/country/scotland,,,
osgb4000000004874570,http://data.ordnancesurvey.co.uk/id/4000000004874570,Texa Crescent,,,,transportNetwork,Named Road,136823.000,645067.000,1000,20000,136798.604,645014.882,136890.000,645093.000,PA42,http://data.ordnancesurvey.co.uk/id/postcodedistrict/PA42,Port Eilein / Port Ellen,http://data.ordnancesurvey.co.uk/id/4000000074542615,http://www.ordnancesurvey.co.uk/xml/codelists/localtype.xml#village,,,,Argyll and Bute,http://data.ordnancesurvey.co.uk/id/7000000000030106,http://data.ordnancesurvey.co.uk/ontology/admingeo/UnitaryAuthority,Scotland,http://data.ordnancesurvey.co.uk/id/7000000000041429,Scotland,http://data.ordnancesurvey.co.uk/id/country/scotland,,,
osgb4000000004874612,http://data.ordnancesurvey.co.uk/id/4000000004874612,School Lane,,,,transportNetwork,Named Road,130891.632,659721.739,1000,20000,130880.432,659668.212,130919.268,659744.721,PA43,http://data.ordnancesurvey.co.uk/id/postcodedistrict/PA43,Bogh Mòr / Bowmore,http://data.ordnancesurvey.co.uk/id/4000000074542721,http://www.ordnancesurvey.co.uk/xml/codelists/localtype.xml#village,,,,Argyll and Bute,http://data.ordnancesurvey.co.uk/id/7000000000030106,http://data.ordnancesurvey.co.uk/ontology/admingeo/UnitaryAuthority,Scotland,http://data.ordnancesurvey.co.uk/id/7000000000041429,Scotland,http://data.ordnancesurvey.co.uk/id/country/scotland,,,
c2357be3-6379-419e-9d7f-b23a7f3bad87,http://data.ordnancesurvey.co.uk/id/c2357be3-6379-419e-9d7f-b23a7f3bad87,Livingstone Way,,,,transportNetwork,Section Of Named Road,136608.274,645571.476,1000,25000,136579.273,645518.000,136668.779,645647.157,PA42,http://data.ordnancesurvey.co.uk/id/postcodedistrict/PA42,Port Eilein / Port Ellen,http://data.ordnancesurvey.co.uk/id/4000000074542615,http://www.ordnancesurvey.co.uk/xml/codelists/localtype.xml#village,,,,Argyll and Bute,http://data.ordnancesurvey.co.uk/id/7000000000030106,http://data.ordnancesurvey.co.uk/ontology/admingeo/UnitaryAuthority,Scotland,http://data.ordnancesurvey.co.uk/id/7000000000041429,Scotland,http://data.ordnancesurvey.co.uk/id/country/scotland,osgb4000000004876591,,
osgb5000005128010085,http://data.ordnancesurvey.co.uk/id/5000005128010085,Smiths Yard,,,,transportNetwork,Named Road,131017.462,659515.308,1000,20000,130990.340,659507.946,131018.050,659522.763,PA43,http://data.ordnancesurvey.co.uk/id/postcodedistrict/PA43,Bogh Mòr / Bowmore,http://data.ordnancesurvey.co.uk/id/4000000074542721,http://www.ordnancesurvey.co.uk/xml/codelists/localtype.xml#village,,,,Argyll and Bute,http://data.ordnancesurvey.co.uk/id/7000000000030106,http://data.ordnancesurvey.co.uk/ontology/admingeo/UnitaryAuthority,Scotland,http://data.ordnancesurvey.co.uk/id/7000000000041429,Scotland,http://data.ordnancesurvey.co.uk/id/country/scotland,,,
osgb4000000004874573,http://data.ordnancesurvey.co.uk/id/4000000004874573,North Bay,,,,transportNetwork,Named Road,136267.000,645697.000,1000,20000,136230.000,645660.000,136298.560,645728.543,PA42,http://data.ordnancesurvey.co.uk/id/postcodedistrict/PA42,Port Eilein / Port Ellen,http://data.ordnancesurvey.co.uk/id/4000000074542615,http://www.ordnancesurvey.co.uk/xml/codelists/localtype.xml#village,,,,Argyll and Bute,http://data.ordnancesurvey.co.uk/id/7000000000030106,http://data.ordnancesurvey.co.uk/ontology/admingeo/UnitaryAuthority,Scotland,http://data.ordnancesurvey.co.uk/id/7000000000041429,Scotland,http://data.ordnancesurvey.co.uk/id/country/scotland,,,
osgb4000000004875858,http://data.ordnancesurvey.co.uk/id/4000000004875858,Stanalane,,,,transportNetwork,Named Road,131015.000,659577.000,1000,20000,130994.000,659510.247,131088.000,659657.000,PA43,http://data.ordnancesurvey.co.uk/id/postcodedistrict/PA43,Bogh Mòr / Bowmore,http://data.ordnancesurvey.co.uk/id/4000000074542721,http://www.ordnancesurvey.co.uk/xml/codelists/localtype.xml#village,,,,Argyll and Bute,http://data.ordnancesurvey.co.uk/id/7000000000030106,http://data.ordnancesurvey.co.uk/ontology/admingeo/UnitaryAuthority,Scotland,http://data.ordnancesurvey.co.uk/id/7000000000041429,Scotland,http://data.ordnancesurvey.co.uk/id/country/scotland,,,
osgb4000000004874475,http://data.ordnancesurvey.co.uk/id/4000000004874475,Flora Street,,,,transportNetwork,Named Road,131015.000,659699.000,1000,20000,130919.268,659668.212,131112.000,659733.000,PA43,http://data.ordnancesurvey.co.uk/id/postcodedistrict/PA43,Bogh Mòr / Bowmore,http://data.ordnancesurvey.co.uk/id/4000000074542721,http://www.ordnancesurvey.co.uk/xml/codelists/localtype.xml#village,,,,Argyll and Bute,http://data.ordnancesurvey.co.uk/id/7000000000030106,http://data.ordnancesurvey.co.uk/ontology/admingeo/UnitaryAuthority,Scotland,http://data.ordnancesurvey.co.uk/id/7000000000041429,Scotland,http://data.ordnancesurvey.co.uk/id/country/scotland,,,
osgb4000000004874438,http://data.ordnancesurvey.co.uk/id/4000000004874438,Frederick Crescent,,,,transportNetwork,Named Road,136743.000,645041.000,3000,20000,136480.000,644901.000,136778.000,645307.000,PA42,http://data.ordnancesurvey.co.uk/id/postcodedistrict/PA42,Port Eilein / Port Ellen,http://data.ordnancesurvey.co.uk/id/4000000074542615,http://www.ordnancesurvey.co.uk/xml/codelists/localtype.xml#village,,,,Argyll and Bute,http://data.ordnancesurvey.co.uk/id/7000000000030106,http://data.ordnancesurvey.co.uk/ontology/admingeo/UnitaryAuthority,Scotland,http://data.ordnancesurvey.co.uk/id/7000000000041429,Scotland,http://data.ordnancesurvey.co.uk/id/country/scotland,,,
osgb4000000004874643,http://data.ordnancesurvey.co.uk/id/4000000004874643,Ardview,,,,transportNetwork,Named Road,136915.000,645190.000,1000,20000,136876.504,645176.351,136926.000,645223.929,PA42,http://data.ordnancesurvey.co.uk/id/postcodedistrict/PA42,Port Eilein / Port Ellen,http://data.ordnancesurvey.co.uk/id/4000000074542615,http://www.ordnancesurvey.co.uk/xml/codelists/localtype.xml#village,,,,Argyll and Bute,http://data.ordnancesurvey.co.uk/id/7000000000030106,http://data.ordnancesurvey.co.uk/ontology/admingeo/UnitaryAuthority,Scotland,http://data.ordnancesurvey.co.uk/id/7000000000041429,Scotland,http://data.ordnancesurvey.co.uk/id/country/scotland,,,
osgb4000000004874616,http://data.ordnancesurvey.co.uk/id/4000000004874616,Elder Crescent,,,,transportNetwork,Named Road,131397.654,659897.180,1000,20000,131356.216,659846.206,131469.594,659936.293,PA43,http://data.ordnancesurvey.co.uk/id/postcodedistrict/PA43,Bogh Mòr / Bowmore,http://data.ordnancesurvey.co.uk/id/4000000074542721,http://www.ordnancesurvey.co.uk/xml/codelists/localtype.xml#village,,,,Argyll and Bute,http://data.ordnancesurvey.co.uk/id/7000000000030106,http://data.ordnancesurvey.co.uk/ontology/admingeo/UnitaryAuthority,Scotland,http://data.ordnancesurvey.co.uk/id/7000000000041429,Scotland,http://data.ordnancesurvey.co.uk/id/country/scotland,,,
osgb4000000004874439,http://data.ordnancesurvey.co.uk/id/4000000004874439,Lennox Street,,,,transportNetwork,Named Road,136963.000,645323.000,3000,20000,136758.000,645202.000,137151.000,645410.000,PA42,http://data.ordnancesurvey.co.uk/id/postcodedistrict/PA42,Port Eilein / Port Ellen,http://data.ordnancesurvey.co.uk/id/4000000074542615,http://www.ordnancesurvey.co.uk/xml/codelists/localtype.xml#village,,,,Argyll and Bute,http://data.ordnancesurvey.co.uk/id/7000000000030106,http://data.ordnancesurvey.co.uk/ontology/admingeo/UnitaryAuthority,Scotland,http://data.ordnancesurvey.co.uk/id/7000000000041429,Scotland,http://data.ordnancesurvey.co.uk/id/country/scotland,,,
osgb4000000004874535,http://data.ordnancesurvey.co.uk/id/4000000004874535,Shore Street,,,,transportNetwork,Named Road,125340.000,658237.000,1000,20000,125282.000,658160.000,125344.000,658316.000,PA48,http://data.ordnancesurvey.co.uk/id/postcodedistrict/PA48,Port Sgioba / Port Charlotte,http://data.ordnancesurvey.co.uk/id/4000000074542974,http://www.ordnancesurvey.co.uk/xml/codelists/localtype.xml#village,,,,Argyll and Bute,http://data.ordnancesurvey.co.uk/id/7000000000030106,http://data.ordnancesurvey.co.uk/ontology/admingeo/UnitaryAuthority,Scotland,http://data.ordnancesurvey.co.uk/id/7000000000041429,Scotland,http://data.ordnancesurvey.co.uk/id/country/scotland,,,
osgb4000000004874656,http://data.ordnancesurvey.co.uk/id/4000000004874656,Lower School Street,,,,transportNetwork,Named Road,125279.000,658170.000,1000,20000,125262.000,658160.000,125313.000,658176.000,PA48,http://data.ordnancesurvey.co.uk/id/postcodedistrict/PA48,Port Sgioba / Port Charlotte,http://data.ordnancesurvey.co.uk/id/4000000074542974,http://www.ordnancesurvey.co.uk/xml/codelists/localtype.xml#village,,,,Argyll and Bute,http://data.ordnancesurvey.co.uk/id/7000000000030106,http://data.ordnancesurvey.co.uk/ontology/admingeo/UnitaryAuthority,Scotland,http://data.ordnancesurvey.co.uk/id/7000000000041429,Scotland,http://data.ordnancesurvey.co.uk/id/country/scotland,,,
osgb4000000004874571,http://data.ordnancesurvey.co.uk/id/4000000004874571,Mansefield Terrace,,,,transportNetwork,Named Road,136748.000,645360.000,1000,20000,136709.260,645331.000,136773.000,645377.329,PA42,http://data.ordnancesurvey.co.uk/id/postcodedistrict/PA42,Port Eilein / Port Ellen,http://data.ordnancesurvey.co.uk/id/4000000074542615,http://www.ordnancesurvey.co.uk/xml/codelists/localtype.xml#village,,,,Argyll and Bute,http://data.ordnancesurvey.co.uk/id/7000000000030106,http://data.ordnancesurvey.co.uk/ontology/admingeo/UnitaryAuthority,Scotland,http://data.ordnancesurvey.co.uk/id/7000000000041429,Scotland,http://data.ordnancesurvey.co.uk/id/country/scotland,,,
osgb4000000004874498,http://data.ordnancesurvey.co.uk/id/4000000004874498,Mansefield Road,,,,transportNetwork,Named Road,136815.000,645350.000,1000,20000,136700.000,645282.000,136920.000,645386.000,PA42,http://data.ordnancesurvey.co.uk/id/postcodedistrict/PA42,Port Eilein / Port Ellen,http://data.ordnancesurvey.co.uk/id/4000000074542615,http://www.ordnancesurvey.co.uk/xml/codelists/localtype.xml#village,,,,Argyll and Bute,http://data.ordnancesurvey.co.uk/id/7000000000030106,http://data.ordnancesurvey.co.uk/ontology/admingeo/UnitaryAuthority,Scotland,http://data.ordnancesurvey.co.uk/id/7000000000041429,Scotland,http://data.ordnancesurvey.co.uk/id/country/scotland,,,
osgb4000000004874496,http://data.ordnancesurvey.co.uk/id/4000000004874496,Charlotte Street,,,,transportNetwork,Named Road,136441.000,645372.000,1000,20000,136403.000,645266.000,136480.000,645480.000,PA42,http://data.ordnancesurvey.co.uk/id/postcodedistrict/PA42,Port Eilein / Port Ellen,http://data.ordnancesurvey.co.uk/id/4000000074542615,http://www.ordnancesurvey.co.uk/xml/codelists/localtype.xml#village,,,,Argyll and Bute,http://data.ordnancesurvey.co.uk/id/7000000000030106,http://data.ordnancesurvey.co.uk/ontology/admingeo/UnitaryAuthority,Scotland,http://data.ordnancesurvey.co.uk/id/7000000000041429,Scotland,http://data.ordnancesurvey.co.uk/id/country/scotland,,,
osgb4000000004874572,http://data.ordnancesurvey.co.uk/id/4000000004874572,Bay View,,,,transportNetwork,Named Road,135944.000,645958.000,1000,20000,135917.196,645932.000,135995.000,645994.601,PA42,http://data.ordnancesurvey.co.uk/id/postcodedistrict/PA42,Port Eilein / Port Ellen,http://data.ordnancesurvey.co.uk/id/4000000074542615,http://www.ordnancesurvey.co.uk/xml/codelists/localtype.xml#village,,,,Argyll and Bute,http://data.ordnancesurvey.co.uk/id/7000000000030106,http://data.ordnancesurvey.co.uk/ontology/admingeo/UnitaryAuthority,Scotland,http://data.ordnancesurvey.co.uk/id/7000000000041429,Scotland,http://data.ordnancesurvey.co.uk/id/country/scotland,,,
osgb4000000004874611,http://data.ordnancesurvey.co.uk/id/4000000004874611,Moss Road,,,,transportNetwork,Named Road,130991.123,659520.284,2000,20000,130968.141,659350.247,131001.741,659689.106,PA43,http://data.ordnancesurvey.co.uk/id/postcodedistrict/PA43,,,,,,,Argyll and Bute,http://data.ordnancesurvey.co.uk/id/7000000000030106,http://data.ordnancesurvey.co.uk/ontology/admingeo/UnitaryAuthority,Scotland,http://data.ordnancesurvey.co.uk/id/7000000000041429,Scotland,http://data.ordnancesurvey.co.uk/id/country/scotland,,,
osgb4000000004876351,http://data.ordnancesurvey.co.uk/id/4000000004876351,B8016,,,,transportNetwork,Numbered Road,134523.000,654291.000,93000,250000,133676.000,647128.000,135555.000,661463.000,PA42,http://data.ordnancesurvey.co.uk/id/postcodedistrict/PA42,,,,,,,Argyll and Bute,http://data.ordnancesurvey.co.uk/id/7000000000030106,http://data.ordnancesurvey.co.uk/ontology/admingeo/UnitaryAuthority,Scotland,http://data.ordnancesurvey.co.uk/id/7000000000041429,Scotland,http://data.ordnancesurvey.co.uk/id/country/scotland,,,
osgb4000000004874540,http://data.ordnancesurvey.co.uk/id/4000000004874540,Birch Drive,,,,transportNetwork,Named Road,131494.000,659787.000,1000,20000,131439.562,659740.649,131575.417,659855.122,PA43,http://data.ordnancesurvey.co.uk/id/postcodedistrict/PA43,Bogh Mòr / Bowmore,http://data.ordnancesurvey.co.uk/id/4000000074542721,http://www.ordnancesurvey.co.uk/xml/codelists/localtype.xml#village,,,,Argyll and Bute,http://data.ordnancesurvey.co.uk/id/7000000000030106,http://data.ordnancesurvey.co.uk/ontology/admingeo/UnitaryAuthority,Scotland,http://data.ordnancesurvey.co.uk/id/7000000000041429,Scotland,http://data.ordnancesurvey.co.uk/id/country/scotland,,,
osgb4000000004874536,http://data.ordnancesurvey.co.uk/id/4000000004874536,School Street,,,,transportNetwork,Named Road,130950.000,659794.000,1000,20000,130869.813,659740.212,131064.000,659861.000,PA43,http://data.ordnancesurvey.co.uk/id/postcodedistrict/PA43,Bogh Mòr / Bowmore,http://data.ordnancesurvey.co.uk/id/4000000074542721,http://www.ordnancesurvey.co.uk/xml/codelists/localtype.xml#village,,,,Argyll and Bute,http://data.ordnancesurvey.co.uk/id/7000000000030106,http://data.ordnancesurvey.co.uk/ontology/admingeo/UnitaryAuthority,Scotland,http://data.ordnancesurvey.co.uk/id/7000000000041429,Scotland,http://data.ordnancesurvey.co.uk/id/country/scotland,,,
osgb4000000004878640,http://data.ordnancesurvey.co.uk/id/4000000004878640,Bruach Gorm,,,,transportNetwork,Named Road,125293.496,658639.149,1000,20000,125278.681,658614.247,125314.010,658653.965,PA48,http://data.ordnancesurvey.co.uk/id/postcodedistrict/PA48,Port Sgioba / Port Charlotte,http://data.ordnancesurvey.co.uk/id/4000000074542974,http://www.ordnancesurvey.co.uk/xml/codelists/localtype.xml#village,,,,Argyll and Bute,http://data.ordnancesurvey.co.uk/id/7000000000030106,http://data.ordnancesurvey.co.uk/ontology/admingeo/UnitaryAuthority,Scotland,http://data.ordnancesurvey.co.uk/id/7000000000041429,Scotland,http://data.ordnancesurvey.co.uk/id/country/scotland,,,
osgb4000000004874538,http://data.ordnancesurvey.co.uk/id/4000000004874538,Jamieson Street,,,,transportNetwork,Named Road,131220.000,659774.000,1000,20000,131112.000,659733.000,131339.779,659816.722,PA43,http://data.ordnancesurvey.co.uk/id/postcodedistrict/PA43,Bogh Mòr / Bowmore,http://data.ordnancesurvey.co.uk/id/4000000074542721,http://www.ordnancesurvey.co.uk/xml/codelists/localtype.xml#village,,,,Argyll and Bute,http://data.ordnancesurvey.co.uk/id/7000000000030106,http://data.ordnancesurvey.co.uk/ontology/admingeo/UnitaryAuthority,Scotland,http://data.ordnancesurvey.co.uk/id/7000000000041429,Scotland,http://data.ordnancesurvey.co.uk/id/country/scotland,,,
osgb4000000004874609,http://data.ordnancesurvey.co.uk/id/4000000004874609,The Square,,,,transportNetwork,Named Road,131064.000,659861.000,1000,20000,131041.001,659861.000,131064.000,659924.309,PA43,http://data.ordnancesurvey.co.uk/id/postcodedistrict/PA43,Bogh Mòr / Bowmore,http://data.ordnancesurvey.co.uk/id/4000000074542721,http://www.ordnancesurvey.co.uk/xml/codelists/localtype.xml#village,,,,Argyll and Bute,http://data.ordnancesurvey.co.uk/id/7000000000030106,http://data.ordnancesurvey.co.uk/ontology/admingeo/UnitaryAuthority,Scotland,http://data.ordnancesurvey.co.uk/id/7000000000041429,Scotland,http://data.ordnancesurvey.co.uk/id/country/scotland,,,
osgb4000000004874537,http://data.ordnancesurvey.co.uk/id/4000000004874537,High Street,,,,transportNetwork,Named Road,131318.000,659703.000,2000,20000,131141.000,659641.000,131439.562,659740.649,PA43,http://data.ordnancesurvey.co.uk/id/postcodedistrict/PA43,Bogh Mòr / Bowmore,http://data.ordnancesurvey.co.uk/id/4000000074542721,http://www.ordnancesurvey.co.uk/xml/codelists/localtype.xml#village,,,,Argyll and Bute,http://data.ordnancesurvey.co.uk/id/7000000000030106,http://data.ordnancesurvey.co.uk/ontology/admingeo/UnitaryAuthority,Scotland,http://data.ordnancesurvey.co.uk/id/7000000000041429,Scotland,http://data.ordnancesurvey.co.uk/id/country/scotland,,,
osgb4000000004874541,http://data.ordnancesurvey.co.uk/id/4000000004874541,Beech Avenue,,,,transportNetwork,Named Road,131423.000,659847.000,1000,20000,131339.779,659816.722,131535.060,659885.658,PA43,http://data.ordnancesurvey.co.uk/id/postcodedistrict/PA43,Bogh Mòr / Bowmore,http://data.ordnancesurvey.co.uk/id/4000000074542721,http://www.ordnancesurvey.co.uk/xml/codelists/localtype.xml#village,,,,Argyll and Bute,http://data.ordnancesurvey.co.uk/id/7000000000030106,http://data.ordnancesurvey.co.uk/ontology/admingeo/UnitaryAuthority,Scotland,http://data.ordnancesurvey.co.uk/id/7000000000041429,Scotland,http://data.ordnancesurvey.co.uk/id/country/scotland,,,
osgb4000000004874499,http://data.ordnancesurvey.co.uk/id/4000000004874499,Back Road,,,,transportNetwork,Named Road,136609.000,645357.000,2000,20000,136455.000,645312.000,136737.000,645493.000,PA60,http://data.ordnancesurvey.co.uk/id/postcodedistrict/PA60,Port Eilein / Port Ellen,http://data.ordnancesurvey.co.uk/id/4000000074542615,http://www.ordnancesurvey.co.uk/xml/codelists/localtype.xml#village,,,,Argyll and Bute,http://data.ordnancesurvey.co.uk/id/7000000000030106,http://data.ordnancesurvey.co.uk/ontology/admingeo/UnitaryAuthority,Scotland,http://data.ordnancesurvey.co.uk/id/7000000000041429,Scotland,http://data.ordnancesurvey.co.uk/id/country/scotland,,,
osgb4000000004874476,http://data.ordnancesurvey.co.uk/id/4000000004874476,Gortan Vogie Road,,,,transportNetwork,Named Road,131642.000,659651.000,2000,20000,131439.562,659582.684,131810.147,659750.478,PA43,http://data.ordnancesurvey.co.uk/id/postcodedistrict/PA43,Bogh Mòr / Bowmore,http://data.ordnancesurvey.co.uk/id/4000000074542721,http://www.ordnancesurvey.co.uk/xml/codelists/localtype.xml#village,,,,Argyll and Bute,http://data.ordnancesurvey.co.uk/id/7000000000030106,http://data.ordnancesurvey.co.uk/ontology/admingeo/UnitaryAuthority,Scotland,http://data.ordnancesurvey.co.uk/id/7000000000041429,Scotland,http://data.ordnancesurvey.co.uk/id/country/scotland,,,
690cfa18-e307-41f3-989d-21e6edc24022,http://data.ordnancesurvey.co.uk/id/690cfa18-e307-41f3-989d-21e6edc24022,Smiths Yard,,,,transportNetwork,Section Of Named Road,131017.462,659515.308,1000,25000,131002.930,659507.946,131018.050,659522.763,PA43,http://data.ordnancesurvey.co.uk/id/postcodedistrict/PA43,Bogh Mòr / Bowmore,http://data.ordnancesurvey.co.uk/id/4000000074542721,http://www.ordnancesurvey.co.uk/xml/codelists/localtype.xml#village,,,,Argyll and Bute,http://data.ordnancesurvey.co.uk/id/7000000000030106,http://data.ordnancesurvey.co.uk/ontology/admingeo/UnitaryAuthority,Scotland,http://data.ordnancesurvey.co.uk/id/7000000000041429,Scotland,http://data.ordnancesurvey.co.uk/id/country/scotland,osgb5000005128010085,,
osgb4000000004874495,http://data.ordnancesurvey.co.uk/id/4000000004874495,School Street,,,,transportNetwork,Named Road,136384.207,645272.493,1000,20000,136365.000,645177.000,136447.650,645322.536,PA42,http://data.ordnancesurvey.co.uk/id/postcodedistrict/PA42,Port Eilein / Port Ellen,http://data.ordnancesurvey.co.uk/id/4000000074542615,http://www.ordnancesurvey.co.uk/xml/codelists/localtype.xml#village,,,,Argyll and Bute,http://data.ordnancesurvey.co.uk/id/7000000000030106,http://data.ordnancesurvey.co.uk/ontology/admingeo/UnitaryAuthority,Scotland,http://data.ordnancesurvey.co.uk/id/7000000000041429,Scotland,http://data.ordnancesurvey.co.uk/id/country/scotland,,,
e9890727-7c96-49ff-9104-d259ca6afe58,http://data.ordnancesurvey.co.uk/id/e9890727-7c96-49ff-9104-d259ca6afe58,Lennox Street,,,,transportNetwork,Section Of Named Road,136894.000,645284.000,2000,25000,136758.000,645202.000,136997.727,645342.485,PA42,http://data.ordnancesurvey.co.uk/id/postcodedistrict/PA42,Port Eilein / Port Ellen,http://data.ordnancesurvey.co.uk/id/4000000074542615,http://www.ordnancesurvey.co.uk/xml/codelists/localtype.xml#village,,,,Argyll and Bute,http://data.ordnancesurvey.co.uk/id/7000000000030106,http://data.ordnancesurvey.co.uk/ontology/admingeo/UnitaryAuthority,Scotland,http://data.ordnancesurvey.co.uk/id/7000000000041429,Scotland,http://data.ordnancesurvey.co.uk/id/country/scotland,osgb4000000004874439,,
PA487TT,http://data.ordnancesurvey.co.uk/id/postcodeunit/PA487TT,PA48 7TT,,,,other,Postcode,125316.000,658258.000,3500,18000,,,,,,,Port Sgioba / Port Charlotte,http://data.ordnancesurvey.co.uk/id/4000000074542974,http://www.ordnancesurvey.co.uk/xml/codelists/localtype.xml#village,,,,Argyll and Bute,http://data.ordnancesurvey.co.uk/id/7000000000030106,http://data.ordnancesurvey.co.uk/ontology/admingeo/UnitaryAuthority,Scotland,http://data.ordnancesurvey.co.uk/id/7000000000041429,Scotland,http://data.ordnancesurvey.co.uk/id/country/scotland,,,
PA607YL,http://data.ordnancesurvey.co.uk/id/postcodeunit/PA607YL,PA60 7YL,,,,other,Postcode,136598.000,645317.000,3500,18000,,,,,,,Port Eilein / Port Ellen,http://data.ordnancesurvey.co.uk/id/4000000074542615,http://www.ordnancesurvey.co.uk/xml/codelists/localtype.xml#village,,,,Argyll and Bute,http://data.ordnancesurvey.co.uk/id/7000000000030106,http://data.ordnancesurvey.co.uk/ontology/admingeo/UnitaryAuthority,Scotland,http://data.ordnancesurvey.co.uk/id/7000000000041429,Scotland,http://data.ordnancesurvey.co.uk/id/country/scotland,,,
PA437LA,http://data.ordnancesurvey.co.uk/id/postcodeunit/PA437LA,PA43 7LA,,,,other,Postcode,131062.000,659580.000,3500,18000,,,,,,,Bogh Mòr / Bowmore,http://data.ordnancesurvey.co.uk/id/4000000074542721,http://www.ordnancesurvey.co.uk/xml/codelists/localtype.xml#village,,,,Argyll and Bute,http://data.ordnancesurvey.co.uk/id/7000000000030106,http://data.ordnancesurvey.co.uk/ontology/admingeo/UnitaryAuthority,Scotland,http://data.ordnancesurvey.co.uk/id/7000000000041429,Scotland,http://data.ordnancesurvey.co.uk/id/country/scotland,,,
PA437LF,http://data.ordnancesurvey.co.uk/id/postcodeunit/PA437LF,PA43 7LF,,,,other,Postcode,131145.000,659858.000,3500,18000,,,,,,,Bogh Mòr / Bowmore,http://data.ordnancesurvey.co.uk/id/4000000074542721,http://www.ordnancesurvey.co.uk/xml/codelists/localtype.xml#village,,,,Argyll and Bute,http://data.ordnancesurvey.co.uk/id/7000000000030106,http://data.ordnancesurvey.co.uk/ontology/admingeo/UnitaryAuthority,Scotland,http://data.ordnancesurvey.co.uk/id/7000000000041429,Scotland,http://data.ordnancesurvey.co.uk/id/country/scotland,,,
PA427EP,http://data.ordnancesurvey.co.uk/id/postcodeunit/PA427EP,PA42 7EP,,,,other,Postcode,136609.000,645558.000,3500,18000,,,,,,,Port Eilein / Port Ellen,http://data.ordnancesurvey.co.uk/id/4000000074542615,http://www.ordnancesurvey.co.uk/xml/codelists/localtype.xml#village,,,,Argyll and Bute,http://data.ordnancesurvey.co.uk/id/7000000000030106,http://data.ordnancesurvey.co.uk/ontology/admingeo/UnitaryAuthority,Scotland,http://data.ordnancesurvey.co.uk/id/7000000000041429,Scotland,http://data.ordnancesurvey.co.uk/id/country/scotland,,,
PA427DU,http://data.ordnancesurvey.co.uk/id/postcodeunit/PA427DU,PA42 7DU,,,,other,Postcode,138658.000,645193.000,3500,18000,,,,,,,Laphroaig,http://data.ordnancesurvey.co.uk/id/4000000074552328,http://www.ordnancesurvey.co.uk/xml/codelists/localtype.xml#hamlet,,,,Argyll and Bute,http://data.ordnancesurvey.co.uk/id/7000000000030106,http://data.ordnancesurvey.co.uk/ontology/admingeo/UnitaryAuthority,Scotland,http://data.ordnancesurvey.co.uk/id/7000000000041429,Scotland,http://data.ordnancesurvey.co.uk/id/country/scotland,,,
PA487UG,http://data.ordnancesurvey.co.uk/id/postcodeunit/PA487UG,PA48 7UG,,,,other,Postcode,125302.000,658660.000,3500,18000,,,,,,,Port Sgioba / Port Charlotte,http://data.ordnancesurvey.co.uk/id/4000000074542974,http://www.ordnancesurvey.co.uk/xml/codelists/localtype.xml#village,,,,Argyll and Bute,http://data.ordnancesurvey.co.uk/id/7000000000030106,http://data.ordnancesurvey.co.uk/ontology/admingeo/UnitaryAuthority,Scotland,http://data.ordnancesurvey.co.uk/id/7000000000041429,Scotland,http://data.ordnancesurvey.co.uk/id/country/scotland,,,
PA427BU,http://data.ordnancesurvey.co.uk/id/postcodeunit/PA427BU,PA42 7BU,,,,other,Postcode,136642.000,645470.000,3500,18000,,,,,,,Port Eilein / Port Ellen,http://data.ordnancesurvey.co.uk/id/4000000074542615,http://www.ordnancesurvey.co.uk/xml/codelists/localtype.xml#village,,,,Argyll and Bute,http://data.ordnancesurvey.co.uk/id/7000000000030106,http://data.ordnancesurvey.co.uk/ontology/admingeo/UnitaryAuthority,Scotland,http://data.ordnancesurvey.co.uk/id/7000000000041429,Scotland,http://data.ordnancesurvey.co.uk/id/country/scotland,,,
PA437JY,http://data.ordnancesurvey.co.uk/id/postcodeunit/PA437JY,PA43 7JY,,,,other,Postcode,130911.000,659713.000,3500,18000,,,,,,,Bogh Mòr / Bowmore,http://data.ordnancesurvey.co.uk/id/4000000074542721,http://www.ordnancesurvey.co.uk/xml/codelists/localtype.xml#village,,,,Argyll and Bute,http://data.ordnancesurvey.co.uk/id/7000000000030106,http://data.ordnancesurvey.co.uk/ontology/admingeo/UnitaryAuthority,Scotland,http://data.ordnancesurvey.co.uk/id/7000000000041429,Scotland,http://data.ordnancesurvey.co.uk/id/country/scotland,,,
PA427BY,http://data.ordnancesurvey.co.uk/id/postcodeunit/PA427BY,PA42 7BY,,,,other,Postcode,136280.000,645691.000,3500,18000,,,,,,,Port Eilein / Port Ellen,http://data.ordnancesurvey.co.uk/id/4000000074542615,http://www.ordnancesurvey.co.uk/xml/codelists/localtype.xml#village,,,,Argyll and Bute,http://data.ordnancesurvey.co.uk/id/7000000000030106,http://data.ordnancesurvey.co.uk/ontology/admingeo/UnitaryAuthority,Scotland,http://data.ordnancesurvey.co.uk/id/7000000000041429,Scotland,http://data.ordnancesurvey.co.uk/id/country/scotland,,,
osgb4000000004874657,http://data.ordnancesurvey.co.uk/id/4000000004874657,Pier Road,,,,transportNetwork,Named Road,125320.400,658250.000,1000,20000,125292.000,658239.000,125343.000,658256.000,PA48,http://data.ordnancesurvey.co.uk/id/postcodedistrict/PA48,Port Sgioba / Port Charlotte,http://data.ordnancesurvey.co.uk/id/4000000074542974,http://www.ordnancesurvey.co.uk/xml/codelists/localtype.xml#village,,,,Argyll and Bute,http://data.ordnancesurvey.co.uk/id/7000000000030106,http://data.ordnancesurvey.co.uk/ontology/admingeo/UnitaryAuthority,Scotland,http://data.ordnancesurvey.co.uk/id/7000000000041429,Scotland,http://data.ordnancesurvey.co.uk/id/country/scotland,,,
osgb4000000004874644,http://data.ordnancesurvey.co.uk/id/4000000004874644,Corrsgeir Place,,,,transportNetwork,Named Road,136930.000,645089.333,1000,20000,136890.000,645070.291,136940.012,645101.848,PA42,http://data.ordnancesurvey.co.uk/id/postcodedistrict/PA42,Port Eilein / Port Ellen,http://data.ordnancesurvey.co.uk/id/4000000074542615,http://www.ordnancesurvey.co.uk/xml/codelists/localtype.xml#village,,,,Argyll and Bute,http://data.ordnancesurvey.co.uk/id/7000000000030106,http://data.ordnancesurvey.co.uk/ontology/admingeo/UnitaryAuthority,Scotland,http://data.ordnancesurvey.co.uk/id/7000000000041429,Scotland,http://data.ordnancesurvey.co.uk/id/country/scotland,,,
98b0ca41-e5d9-411a-ac23-a838c13bbea9,http://data.ordnancesurvey.co.uk/id/98b0ca41-e5d9-411a-ac23-a838c13bbea9,School Street,,,,transportNetwork,Section Of Named Road,125138.000,658191.000,2000,25000,124984.436,658174.000,125260.000,658238.035,PA48,http://data.ordnancesurvey.co.uk/id/postcodedistrict/PA48,Port Sgioba / Port Charlotte,http://data.ordnancesurvey.co.uk/id/4000000074542974,http://www.ordnancesurvey.co.uk/xml/codelists/localtype.xml#village,,,,Argyll and Bute,http://data.ordnancesurvey.co.uk/id/7000000000030106,http://data.ordnancesurvey.co.uk/ontology/admingeo/UnitaryAuthority,Scotland,http://data.ordnancesurvey.co.uk/id/7000000000041429,Scotland,http://data.ordnancesurvey.co.uk/id/country/scotland,osgb4000000004874433,,
osgb4000000004874497,http://data.ordnancesurvey.co.uk/id/4000000004874497,Mansefield Place,,,,transportNetwork,Named Road,136816.000,645288.000,1000,20000,136737.000,645264.000,136911.000,645329.000,PA42,http://data.ordnancesurvey.co.uk/id/postcodedistrict/PA42,Port Eilein / Port Ellen,http://data.ordnancesurvey.co.uk/id/4000000074542615,http://www.ordnancesurvey.co.uk/xml/codelists/localtype.xml#village,,,,Argyll and Bute,http://data.ordnancesurvey.co.uk/id/7000000000030106,http://data.ordnancesurvey.co.uk/ontology/admingeo/UnitaryAuthority,Scotland,http://data.ordnancesurvey.co.uk/id/7000000000041429,Scotland,http://data.ordnancesurvey.co.uk/id/country/scotland,,,
osgb4000000004876591,http://data.ordnancesurvey.co.uk/id/4000000004876591,Livingstone Way,,,,transportNetwork,Named Road,136608.274,645571.476,1000,20000,136579.273,645518.000,136678.029,645647.157,PA42,http://data.ordnancesurvey.co.uk/id/postcodedistrict/PA42,Port Eilein / Port Ellen,http://data.ordnancesurvey.co.uk/id/4000000074542615,http://www.ordnancesurvey.co.uk/xml/codelists/localtype.xml#village,,,,Argyll and Bute,http://data.ordnancesurvey.co.uk/id/7000000000030106,http://data.ordnancesurvey.co.uk/ontology/admingeo/UnitaryAuthority,Scotland,http://data.ordnancesurvey.co.uk/id/7000000000041429,Scotland,http://data.ordnancesurvey.co.uk/id/country/scotland,,,
PA427AH,http://data.ordnancesurvey.co.uk/id/postcodeunit/PA427AH,PA42 7AH,,,,other,Postcode,135803.000,645775.000,3500,18000,,,,,,,Port Eilein / Port Ellen,http://data.ordnancesurvey.co.uk/id/4000000074542615,http://www.ordnancesurvey.co.uk/xml/codelists/localtype.xml#village,,,,Argyll and Bute,http://data.ordnancesurvey.co.uk/id/7000000000030106,http://data.ordnancesurvey.co.uk/ontology/admingeo/UnitaryAuthority,Scotland,http://data.ordnancesurvey.co.uk/id/7000000000041429,Scotland,http://data.ordnancesurvey.co.uk/id/country/scotland,,,
PA487UA,http://data.ordnancesurvey.co.uk/id/postcodeunit/PA487UA,PA48 7UA,,,,other,Postcode,125359.000,658630.000,3500,18000,,,,,,,Port Sgioba / Port Charlotte,http://data.ordnancesurvey.co.uk/id/4000000074542974,http://www.ordnancesurvey.co.uk/xml/codelists/localtype.xml#village,,,,Argyll and Bute,http://data.ordnancesurvey.co.uk/id/7000000000030106,http://data.ordnancesurvey.co.uk/ontology/admingeo/UnitaryAuthority,Scotland,http://data.ordnancesurvey.co.uk/id/7000000000041429,Scotland,http://data.ordnancesurvey.co.uk/id/country/scotland,,,
osgb4000000004874614,http://data.ordnancesurvey.co.uk/id/4000000004874614,Hillside,,,,transportNetwork,Named Road,131718.237,659652.973,1000,20000,131616.411,659588.310,131790.000,659672.000,PA43,http://data.ordnancesurvey.co.uk/id/postcodedistrict/PA43,Bogh Mòr / Bowmore,http://data.ordnancesurvey.co.uk/id/4000000074542721,http://www.ordnancesurvey.co.uk/xml/codelists/localtype.xml#village,,,,Argyll and Bute,http://data.ordnancesurvey.co.uk/id/7000000000030106,http://data.ordnancesurvey.co.uk/ontology/admingeo/UnitaryAuthority,Scotland,http://data.ordnancesurvey.co.uk/id/7000000000041429,Scotland,http://data.ordnancesurvey.co.uk/id/country/scotland,,,
osgb4000000004874615,http://data.ordnancesurvey.co.uk/id/4000000004874615,Willow Bank,,,,transportNetwork,Named Road,131479.943,659816.540,1000,20000,131461.000,659787.000,131494.000,659860.000,PA43,http://data.ordnancesurvey.co.uk/id/postcodedistrict/PA43,Bogh Mòr / Bowmore,http://data.ordnancesurvey.co.uk/id/4000000074542721,http://www.ordnancesurvey.co.uk/xml/codelists/localtype.xml#village,,,,Argyll and Bute,http://data.ordnancesurvey.co.uk/id/7000000000030106,http://data.ordnancesurvey.co.uk/ontology/admingeo/UnitaryAuthority,Scotland,http://data.ordnancesurvey.co.uk/id/7000000000041429,Scotland,http://data.ordnancesurvey.co.uk/id/country/scotland,,,
osgb4000000004874501,http://data.ordnancesurvey.co.uk/id/4000000004874501,Leodamus Place,,,,transportNetwork,Named Road,136876.504,645176.351,1000,20000,136844.000,645093.000,136890.000,645254.000,PA42,http://data.ordnancesurvey.co.uk/id/postcodedistrict/PA42,Port Eilein / Port Ellen,http://data.ordnancesurvey.co.uk/id/4000000074542615,http://www.ordnancesurvey.co.uk/xml/codelists/localtype.xml#village,,,,Argyll and Bute,http://data.ordnancesurvey.co.uk/id/7000000000030106,http://data.ordnancesurvey.co.uk/ontology/admingeo/UnitaryAuthority,Scotland,http://data.ordnancesurvey.co.uk/id/7000000000041429,Scotland,http://data.ordnancesurvey.co.uk/id/country/scotland,,,
osgb4000000004874502,http://data.ordnancesurvey.co.uk/id/4000000004874502,Antrim View,,,,transportNetwork,Named Road,136073.000,645918.000,1000,20000,136027.753,645859.000,136110.561,645976.293,PA42,http://data.ordnancesurvey.co.uk/id/postcodedistrict/PA42,Port Eilein / Port Ellen,http://data.ordnancesurvey.co.uk/id/4000000074542615,http://www.ordnancesurvey.co.uk/xml/codelists/localtype.xml#village,,,,Argyll and Bute,http://data.ordnancesurvey.co.uk/id/7000000000030106,http://data.ordnancesurvey.co.uk/ontology/admingeo/UnitaryAuthority,Scotland,http://data.ordnancesurvey.co.uk/id/7000000000041429,Scotland,http://data.ordnancesurvey.co.uk/id/country/scotland,,,
osgb4000000004874613,http://data.ordnancesurvey.co.uk/id/4000000004874613,Broom Hill,,,,transportNetwork,Named Road,131469.594,659936.293,1000,20000,131424.289,659875.486,131502.689,660005.000,PA43,http://data.ordnancesurvey.co.uk/id/postcodedistrict/PA43,Bogh Mòr / Bowmore,http://data.ordnancesurvey.co.uk/id/4000000074542721,http://www.ordnancesurvey.co.uk/xml/codelists/localtype.xml#village,,,,Argyll and Bute,http://data.ordnancesurvey.co.uk/id/7000000000030106,http://data.ordnancesurvey.co.uk/ontology/admingeo/UnitaryAuthority,Scotland,http://data.ordnancesurvey.co.uk/id/7000000000041429,Scotland,http://data.ordnancesurvey.co.uk/id/country/scotland,,,
1fa86f8d-30ee-4e26-b53b-88a4de0e08cc,http://data.ordnancesurvey.co.uk/id/1fa86f8d-30ee-4e26-b53b-88a4de0e08cc,Moss Road,,,,transportNetwork,Section Of Named Road,131001.741,659629.666,1000,25000,130985.686,659545.778,131001.741,659689.106,PA43,http://data.ordnancesurvey.co.uk/id/postcodedistrict/PA43,Bogh Mòr / Bowmore,http://data.ordnancesurvey.co.uk/id/4000000074542721,http://www.ordnancesurvey.co.uk/xml/codelists/localtype.xml#village,,,,Argyll and Bute,http://data.ordnancesurvey.co.uk/id/7000000000030106,http://data.ordnancesurvey.co.uk/ontology/admingeo/UnitaryAuthority,Scotland,http://data.ordnancesurvey.co.uk/id/7000000000041429,Scotland,http://data.ordnancesurvey.co.uk/id/country/scotland,osgb4000000004874611,,
61cecd4c-75d8-4fae-8a64-de76ed6b2a0a,http://data.ordnancesurvey.co.uk/id/61cecd4c-75d8-4fae-8a64-de76ed6b2a0a,Gortan Vogie Road,,,,transportNetwork,Section Of Named Road,131616.411,659632.975,2000,25000,131439.562,659582.684,131748.730,659740.649,PA43,http://data.ordnancesurvey.co.uk/id/postcodedistrict/PA43,Bogh Mòr / Bowmore,http://data.ordnancesurvey.co.uk/id/4000000074542721,http://www.ordnancesurvey.co.uk/xml/codelists/localtype.xml#village,,,,Argyll and Bute,http://data.ordnancesurvey.co.uk/id/7000000000030106,http://data.ordnancesurvey.co.uk/ontology/admingeo/UnitaryAuthority,Scotland,http://data.ordnancesurvey.co.uk/id/7000000000041429,Scotland,http://data.ordnancesurvey.co.uk/id/country/scotland,osgb4000000004874476,,
osgb4000000004876354,http://data.ordnancesurvey.co.uk/id/4000000004876354,A847,,,,transportNetwork,Numbered Road,125027.941,657919.487,111000,1000000,116552.000,652171.000,133660.894,663393.000,PA48,http://data.ordnancesurvey.co.uk/id/postcodedistrict/PA48,Port Sgioba / Port Charlotte,http://data.ordnancesurvey.co.uk/id/4000000074542974,http://www.ordnancesurvey.co.uk/xml/codelists/localtype.xml#village,,,,Argyll and Bute,http://data.ordnancesurvey.co.uk/id/7000000000030106,http://data.ordnancesurvey.co.uk/ontology/admingeo/UnitaryAuthority,Scotland,http://data.ordnancesurvey.co.uk/id/7000000000041429,Scotland,http://data.ordnancesurvey.co.uk/id/country/scotland,,,
