﻿osgb4000000074551960,http://data.ordnancesurvey.co.uk/id/4000000074551960,Ardminish,,,,populatedPlace,Village,164871.360,648627.580,6000,250000,164641.293,648140.531,165174.484,649021.019,PA41,http://data.ordnancesurvey.co.uk/id/postcodedistrict/PA41,,,,,,,Argyll and Bute,http://data.ordnancesurvey.co.uk/id/7000000000030106,http://data.ordnancesurvey.co.uk/ontology/admingeo/UnitaryAuthority,Scotland,http://data.ordnancesurvey.co.uk/id/7000000000041429,Scotland,http://data.ordnancesurvey.co.uk/id/country/scotland,,,
osgb4000000074338228,http://data.ordnancesurvey.co.uk/id/4000000074338228,Killean,,,,populatedPlace,Hamlet,169552.076,644595.141,5000,25000,169453.550,644207.097,169953.550,644810.604,PA29,http://data.ordnancesurvey.co.uk/id/postcodedistrict/PA29,,,,,,,Argyll and Bute,http://data.ordnancesurvey.co.uk/id/7000000000030106,http://data.ordnancesurvey.co.uk/ontology/admingeo/UnitaryAuthority,Scotland,http://data.ordnancesurvey.co.uk/id/7000000000041429,Scotland,http://data.ordnancesurvey.co.uk/id/country/scotland,,,
osgb4000000074552722,http://data.ordnancesurvey.co.uk/id/4000000074552722,Clachan/An Clachan,,,,populatedPlace,Village,176510.000,656295.000,15000,250000,174920.212,655707.175,177262.659,656666.730,PA29,http://data.ordnancesurvey.co.uk/id/postcodedistrict/PA29,,,,,,,Argyll and Bute,http://data.ordnancesurvey.co.uk/id/7000000000030106,http://data.ordnancesurvey.co.uk/ontology/admingeo/UnitaryAuthority,Scotland,http://data.ordnancesurvey.co.uk/id/7000000000041429,Scotland,http://data.ordnancesurvey.co.uk/id/country/scotland,,,
osgb4000000074551959,http://data.ordnancesurvey.co.uk/id/4000000074551959,Tayinloan / Taigh An Loin,,,,populatedPlace,Village,169584.850,645853.020,7000,250000,169260.646,645722.093,170331.605,646704.822,PA29,http://data.ordnancesurvey.co.uk/id/postcodedistrict/PA29,,,,,,,Argyll and Bute,http://data.ordnancesurvey.co.uk/id/7000000000030106,http://data.ordnancesurvey.co.uk/ontology/admingeo/UnitaryAuthority,Scotland,http://data.ordnancesurvey.co.uk/id/7000000000041429,Scotland,http://data.ordnancesurvey.co.uk/id/country/scotland,,,http://sws.geonames.org/2636163
osgb4000000074578977,http://data.ordnancesurvey.co.uk/id/4000000074578977,Muasdale,,,,populatedPlace,Village,167977.370,640124.620,9000,250000,167650.493,639590.948,168250.214,640903.283,PA29,http://data.ordnancesurvey.co.uk/id/postcodedistrict/PA29,,,,,,,Argyll and Bute,http://data.ordnancesurvey.co.uk/id/7000000000030106,http://data.ordnancesurvey.co.uk/ontology/admingeo/UnitaryAuthority,Scotland,http://data.ordnancesurvey.co.uk/id/7000000000041429,Scotland,http://data.ordnancesurvey.co.uk/id/country/scotland,,,
PA417AD,http://data.ordnancesurvey.co.uk/id/postcodeunit/PA417AD,PA41 7AD,,,,other,Postcode,164267.000,647851.000,3500,18000,,,,,,,,,,,,,Argyll and Bute,http://data.ordnancesurvey.co.uk/id/7000000000030106,http://data.ordnancesurvey.co.uk/ontology/admingeo/UnitaryAuthority,Scotland,http://data.ordnancesurvey.co.uk/id/7000000000041429,Scotland,http://data.ordnancesurvey.co.uk/id/country/scotland,,,
PA296XG,http://data.ordnancesurvey.co.uk/id/postcodeunit/PA296XG,PA29 6XG,,,,other,Postcode,170811.000,648499.000,3500,18000,,,,,,,,,,,,,Argyll and Bute,http://data.ordnancesurvey.co.uk/id/7000000000030106,http://data.ordnancesurvey.co.uk/ontology/admingeo/UnitaryAuthority,Scotland,http://data.ordnancesurvey.co.uk/id/7000000000041429,Scotland,http://data.ordnancesurvey.co.uk/id/country/scotland,,,
PA417AE,http://data.ordnancesurvey.co.uk/id/postcodeunit/PA417AE,PA41 7AE,,,,other,Postcode,164813.000,648609.000,3500,18000,,,,,,,Ardminish,http://data.ordnancesurvey.co.uk/id/4000000074551960,http://www.ordnancesurvey.co.uk/xml/codelists/localtype.xml#village,,,,Argyll and Bute,http://data.ordnancesurvey.co.uk/id/7000000000030106,http://data.ordnancesurvey.co.uk/ontology/admingeo/UnitaryAuthority,Scotland,http://data.ordnancesurvey.co.uk/id/7000000000041429,Scotland,http://data.ordnancesurvey.co.uk/id/country/scotland,,,
PA296YP,http://data.ordnancesurvey.co.uk/id/postcodeunit/PA296YP,PA29 6YP,,,,other,Postcode,176447.000,656133.000,3500,18000,,,,,,,Clachan/An Clachan,http://data.ordnancesurvey.co.uk/id/4000000074552722,http://www.ordnancesurvey.co.uk/xml/codelists/localtype.xml#village,,,,Argyll and Bute,http://data.ordnancesurvey.co.uk/id/7000000000030106,http://data.ordnancesurvey.co.uk/ontology/admingeo/UnitaryAuthority,Scotland,http://data.ordnancesurvey.co.uk/id/7000000000041429,Scotland,http://data.ordnancesurvey.co.uk/id/country/scotland,,,
PA296XJ,http://data.ordnancesurvey.co.uk/id/postcodeunit/PA296XJ,PA29 6XJ,,,,other,Postcode,169614.000,645885.000,3500,18000,,,,,,,Tayinloan / Taigh An Loin,http://data.ordnancesurvey.co.uk/id/4000000074551959,http://www.ordnancesurvey.co.uk/xml/codelists/localtype.xml#village,,,,Argyll and Bute,http://data.ordnancesurvey.co.uk/id/7000000000030106,http://data.ordnancesurvey.co.uk/ontology/admingeo/UnitaryAuthority,Scotland,http://data.ordnancesurvey.co.uk/id/7000000000041429,Scotland,http://data.ordnancesurvey.co.uk/id/country/scotland,,,
PA296XQ,http://data.ordnancesurvey.co.uk/id/postcodeunit/PA296XQ,PA29 6XQ,,,,other,Postcode,169402.000,646212.000,3500,18000,,,,,,,Tayinloan / Taigh An Loin,http://data.ordnancesurvey.co.uk/id/4000000074551959,http://www.ordnancesurvey.co.uk/xml/codelists/localtype.xml#village,,,,Argyll and Bute,http://data.ordnancesurvey.co.uk/id/7000000000030106,http://data.ordnancesurvey.co.uk/ontology/admingeo/UnitaryAuthority,Scotland,http://data.ordnancesurvey.co.uk/id/7000000000041429,Scotland,http://data.ordnancesurvey.co.uk/id/country/scotland,,,
PA296XF,http://data.ordnancesurvey.co.uk/id/postcodeunit/PA296XF,PA29 6XF,,,,other,Postcode,169214.000,643823.000,3500,18000,,,,,,,,,,,,,Argyll and Bute,http://data.ordnancesurvey.co.uk/id/7000000000030106,http://data.ordnancesurvey.co.uk/ontology/admingeo/UnitaryAuthority,Scotland,http://data.ordnancesurvey.co.uk/id/7000000000041429,Scotland,http://data.ordnancesurvey.co.uk/id/country/scotland,,,
PA286QJ,http://data.ordnancesurvey.co.uk/id/postcodeunit/PA286QJ,PA28 6QJ,,,,other,Postcode,178682.000,640874.000,3500,18000,,,,,,,,,,,,,Argyll and Bute,http://data.ordnancesurvey.co.uk/id/7000000000030106,http://data.ordnancesurvey.co.uk/ontology/admingeo/UnitaryAuthority,Scotland,http://data.ordnancesurvey.co.uk/id/7000000000041429,Scotland,http://data.ordnancesurvey.co.uk/id/country/scotland,,,
PA296XE,http://data.ordnancesurvey.co.uk/id/postcodeunit/PA296XE,PA29 6XE,,,,other,Postcode,167967.000,640058.000,3500,18000,,,,,,,Muasdale,http://data.ordnancesurvey.co.uk/id/4000000074578977,http://www.ordnancesurvey.co.uk/xml/codelists/localtype.xml#village,,,,Argyll and Bute,http://data.ordnancesurvey.co.uk/id/7000000000030106,http://data.ordnancesurvey.co.uk/ontology/admingeo/UnitaryAuthority,Scotland,http://data.ordnancesurvey.co.uk/id/7000000000041429,Scotland,http://data.ordnancesurvey.co.uk/id/country/scotland,,,
PA296XL,http://data.ordnancesurvey.co.uk/id/postcodeunit/PA296XL,PA29 6XL,,,,other,Postcode,176743.000,656226.000,3500,18000,,,,,,,Clachan/An Clachan,http://data.ordnancesurvey.co.uk/id/4000000074552722,http://www.ordnancesurvey.co.uk/xml/codelists/localtype.xml#village,,,,Argyll and Bute,http://data.ordnancesurvey.co.uk/id/7000000000030106,http://data.ordnancesurvey.co.uk/ontology/admingeo/UnitaryAuthority,Scotland,http://data.ordnancesurvey.co.uk/id/7000000000041429,Scotland,http://data.ordnancesurvey.co.uk/id/country/scotland,,,
PA296XP,http://data.ordnancesurvey.co.uk/id/postcodeunit/PA296XP,PA29 6XP,,,,other,Postcode,176490.000,656274.000,3500,18000,,,,,,,Clachan/An Clachan,http://data.ordnancesurvey.co.uk/id/4000000074552722,http://www.ordnancesurvey.co.uk/xml/codelists/localtype.xml#village,,,,Argyll and Bute,http://data.ordnancesurvey.co.uk/id/7000000000030106,http://data.ordnancesurvey.co.uk/ontology/admingeo/UnitaryAuthority,Scotland,http://data.ordnancesurvey.co.uk/id/7000000000041429,Scotland,http://data.ordnancesurvey.co.uk/id/country/scotland,,,
PA296XD,http://data.ordnancesurvey.co.uk/id/postcodeunit/PA296XD,PA29 6XD,,,,other,Postcode,168009.000,640262.000,3500,18000,,,,,,,Muasdale,http://data.ordnancesurvey.co.uk/id/4000000074578977,http://www.ordnancesurvey.co.uk/xml/codelists/localtype.xml#village,,,,Argyll and Bute,http://data.ordnancesurvey.co.uk/id/7000000000030106,http://data.ordnancesurvey.co.uk/ontology/admingeo/UnitaryAuthority,Scotland,http://data.ordnancesurvey.co.uk/id/7000000000041429,Scotland,http://data.ordnancesurvey.co.uk/id/country/scotland,,,
PA296XN,http://data.ordnancesurvey.co.uk/id/postcodeunit/PA296XN,PA29 6XN,,,,other,Postcode,176487.000,658073.000,3500,18000,,,,,,,,,,,,,Argyll and Bute,http://data.ordnancesurvey.co.uk/id/7000000000030106,http://data.ordnancesurvey.co.uk/ontology/admingeo/UnitaryAuthority,Scotland,http://data.ordnancesurvey.co.uk/id/7000000000041429,Scotland,http://data.ordnancesurvey.co.uk/id/country/scotland,,,
PA417AB,http://data.ordnancesurvey.co.uk/id/postcodeunit/PA417AB,PA41 7AB,,,,other,Postcode,164849.000,648458.000,3500,18000,,,,,,,Ardminish,http://data.ordnancesurvey.co.uk/id/4000000074551960,http://www.ordnancesurvey.co.uk/xml/codelists/localtype.xml#village,,,,Argyll and Bute,http://data.ordnancesurvey.co.uk/id/7000000000030106,http://data.ordnancesurvey.co.uk/ontology/admingeo/UnitaryAuthority,Scotland,http://data.ordnancesurvey.co.uk/id/7000000000041429,Scotland,http://data.ordnancesurvey.co.uk/id/country/scotland,,,
PA417AA,http://data.ordnancesurvey.co.uk/id/postcodeunit/PA417AA,PA41 7AA,,,,other,Postcode,165138.000,649609.000,3500,18000,,,,,,,,,,,,,Argyll and Bute,http://data.ordnancesurvey.co.uk/id/7000000000030106,http://data.ordnancesurvey.co.uk/ontology/admingeo/UnitaryAuthority,Scotland,http://data.ordnancesurvey.co.uk/id/7000000000041429,Scotland,http://data.ordnancesurvey.co.uk/id/country/scotland,,,
PA417AG,http://data.ordnancesurvey.co.uk/id/postcodeunit/PA417AG,PA41 7AG,,,,other,Postcode,164819.000,648883.000,3500,18000,,,,,,,Ardminish,http://data.ordnancesurvey.co.uk/id/4000000074551960,http://www.ordnancesurvey.co.uk/xml/codelists/localtype.xml#village,,,,Argyll and Bute,http://data.ordnancesurvey.co.uk/id/7000000000030106,http://data.ordnancesurvey.co.uk/ontology/admingeo/UnitaryAuthority,Scotland,http://data.ordnancesurvey.co.uk/id/7000000000041429,Scotland,http://data.ordnancesurvey.co.uk/id/country/scotland,,,
PA296YA,http://data.ordnancesurvey.co.uk/id/postcodeunit/PA296YA,PA29 6YA,,,,other,Postcode,175646.000,659980.000,3500,18000,,,,,,,,,,,,,Argyll and Bute,http://data.ordnancesurvey.co.uk/id/7000000000030106,http://data.ordnancesurvey.co.uk/ontology/admingeo/UnitaryAuthority,Scotland,http://data.ordnancesurvey.co.uk/id/7000000000041429,Scotland,http://data.ordnancesurvey.co.uk/id/country/scotland,,,
PA296WL,http://data.ordnancesurvey.co.uk/id/postcodeunit/PA296WL,PA29 6WL,,,,other,Postcode,177667.000,654507.000,3500,18000,,,,,,,,,,,,,Argyll and Bute,http://data.ordnancesurvey.co.uk/id/7000000000030106,http://data.ordnancesurvey.co.uk/ontology/admingeo/UnitaryAuthority,Scotland,http://data.ordnancesurvey.co.uk/id/7000000000041429,Scotland,http://data.ordnancesurvey.co.uk/id/country/scotland,,,
PA296XW,http://data.ordnancesurvey.co.uk/id/postcodeunit/PA296XW,PA29 6XW,,,,other,Postcode,174920.000,655356.000,3500,18000,,,,,,,,,,,,,Argyll and Bute,http://data.ordnancesurvey.co.uk/id/7000000000030106,http://data.ordnancesurvey.co.uk/ontology/admingeo/UnitaryAuthority,Scotland,http://data.ordnancesurvey.co.uk/id/7000000000041429,Scotland,http://data.ordnancesurvey.co.uk/id/country/scotland,,,
osgb4000000004878289,http://data.ordnancesurvey.co.uk/id/4000000004878289,Raon Mor,,,,transportNetwork,Named Road,164834.903,648889.889,1000,20000,164806.839,648867.256,164870.627,648899.847,PA41,http://data.ordnancesurvey.co.uk/id/postcodedistrict/PA41,Ardminish,http://data.ordnancesurvey.co.uk/id/4000000074551960,http://www.ordnancesurvey.co.uk/xml/codelists/localtype.xml#village,,,,Argyll and Bute,http://data.ordnancesurvey.co.uk/id/7000000000030106,http://data.ordnancesurvey.co.uk/ontology/admingeo/UnitaryAuthority,Scotland,http://data.ordnancesurvey.co.uk/id/7000000000041429,Scotland,http://data.ordnancesurvey.co.uk/id/country/scotland,,,
osgb4000000004878288,http://data.ordnancesurvey.co.uk/id/4000000004878288,Grianan,,,,transportNetwork,Named Road,164829.019,648589.785,1000,20000,164788.507,648557.647,164871.362,648627.581,PA41,http://data.ordnancesurvey.co.uk/id/postcodedistrict/PA41,Ardminish,http://data.ordnancesurvey.co.uk/id/4000000074551960,http://www.ordnancesurvey.co.uk/xml/codelists/localtype.xml#village,,,,Argyll and Bute,http://data.ordnancesurvey.co.uk/id/7000000000030106,http://data.ordnancesurvey.co.uk/ontology/admingeo/UnitaryAuthority,Scotland,http://data.ordnancesurvey.co.uk/id/7000000000041429,Scotland,http://data.ordnancesurvey.co.uk/id/country/scotland,,,
osgb4000000004875785,http://data.ordnancesurvey.co.uk/id/4000000004875785,Long Rigg,,,,transportNetwork,Named Road,176530.543,656268.160,2000,20000,176428.000,656231.000,176660.000,656295.000,PA29,http://data.ordnancesurvey.co.uk/id/postcodedistrict/PA29,Clachan/An Clachan,http://data.ordnancesurvey.co.uk/id/4000000074552722,http://www.ordnancesurvey.co.uk/xml/codelists/localtype.xml#village,,,,Argyll and Bute,http://data.ordnancesurvey.co.uk/id/7000000000030106,http://data.ordnancesurvey.co.uk/ontology/admingeo/UnitaryAuthority,Scotland,http://data.ordnancesurvey.co.uk/id/7000000000041429,Scotland,http://data.ordnancesurvey.co.uk/id/country/scotland,,,
