﻿osgb4000000074550839,http://data.ordnancesurvey.co.uk/id/4000000074550839,Kilpatrick,,,,populatedPlace,Other Settlement,190272.000,627099.000,15000,25000,189973.946,626713.384,190721.781,627708.460,KA27,http://data.ordnancesurvey.co.uk/id/postcodedistrict/KA27,,,,,,,North Ayrshire,http://data.ordnancesurvey.co.uk/id/7000000000030628,http://data.ordnancesurvey.co.uk/ontology/admingeo/UnitaryAuthority,Scotland,http://data.ordnancesurvey.co.uk/id/7000000000041429,Scotland,http://data.ordnancesurvey.co.uk/id/country/scotland,,,
osgb4000000074551216,http://data.ordnancesurvey.co.uk/id/4000000074551216,Machrie,,,,populatedPlace,Hamlet,189389.000,633585.000,5000,25000,189126.307,633308.177,189626.307,633859.349,KA27,http://data.ordnancesurvey.co.uk/id/postcodedistrict/KA27,,,,,,,North Ayrshire,http://data.ordnancesurvey.co.uk/id/7000000000030628,http://data.ordnancesurvey.co.uk/ontology/admingeo/UnitaryAuthority,Scotland,http://data.ordnancesurvey.co.uk/id/7000000000041429,Scotland,http://data.ordnancesurvey.co.uk/id/country/scotland,,,http://sws.geonames.org/7302612
osgb4000000074549729,http://data.ordnancesurvey.co.uk/id/4000000074549729,Shannochie,,,,populatedPlace,Hamlet,197899.000,621368.000,5000,25000,197605.582,620835.417,198105.582,621448.961,KA27,http://data.ordnancesurvey.co.uk/id/postcodedistrict/KA27,,,,,,,North Ayrshire,http://data.ordnancesurvey.co.uk/id/7000000000030628,http://data.ordnancesurvey.co.uk/ontology/admingeo/UnitaryAuthority,Scotland,http://data.ordnancesurvey.co.uk/id/7000000000041429,Scotland,http://data.ordnancesurvey.co.uk/id/country/scotland,,,
osgb4000000074541290,http://data.ordnancesurvey.co.uk/id/4000000074541290,Tormore,,,,populatedPlace,Other Settlement,189493.000,632445.000,15000,25000,188759.259,632107.870,189884.776,632808.400,KA27,http://data.ordnancesurvey.co.uk/id/postcodedistrict/KA27,,,,,,,North Ayrshire,http://data.ordnancesurvey.co.uk/id/7000000000030628,http://data.ordnancesurvey.co.uk/ontology/admingeo/UnitaryAuthority,Scotland,http://data.ordnancesurvey.co.uk/id/7000000000041429,Scotland,http://data.ordnancesurvey.co.uk/id/country/scotland,,,
osgb4000000074551212,http://data.ordnancesurvey.co.uk/id/4000000074551212,Ballymichael,,,,populatedPlace,Hamlet,192576.000,631505.000,5000,25000,192317.245,631225.993,192817.245,631893.362,KA27,http://data.ordnancesurvey.co.uk/id/postcodedistrict/KA27,,,,,,,North Ayrshire,http://data.ordnancesurvey.co.uk/id/7000000000030628,http://data.ordnancesurvey.co.uk/ontology/admingeo/UnitaryAuthority,Scotland,http://data.ordnancesurvey.co.uk/id/7000000000041429,Scotland,http://data.ordnancesurvey.co.uk/id/country/scotland,,,
osgb4000000074550084,http://data.ordnancesurvey.co.uk/id/4000000074550084,High Kilmory,,,,populatedPlace,Suburban Area,197092.946,621731.237,5000,25000,196573.986,621485.414,197292.493,621985.414,KA27,http://data.ordnancesurvey.co.uk/id/postcodedistrict/KA27,,,,,,,North Ayrshire,http://data.ordnancesurvey.co.uk/id/7000000000030628,http://data.ordnancesurvey.co.uk/ontology/admingeo/UnitaryAuthority,Scotland,http://data.ordnancesurvey.co.uk/id/7000000000041429,Scotland,http://data.ordnancesurvey.co.uk/id/country/scotland,,,
osgb4000000074550841,http://data.ordnancesurvey.co.uk/id/4000000074550841,North Feorline,,,,populatedPlace,Other Settlement,190457.000,628568.000,15000,25000,190196.596,628284.585,191066.837,629114.937,KA27,http://data.ordnancesurvey.co.uk/id/postcodedistrict/KA27,,,,,,,North Ayrshire,http://data.ordnancesurvey.co.uk/id/7000000000030628,http://data.ordnancesurvey.co.uk/ontology/admingeo/UnitaryAuthority,Scotland,http://data.ordnancesurvey.co.uk/id/7000000000041429,Scotland,http://data.ordnancesurvey.co.uk/id/country/scotland,,,
osgb4000000074550087,http://data.ordnancesurvey.co.uk/id/4000000074550087,Sliddery,,,,populatedPlace,Hamlet,193108.000,622867.000,5000,25000,192871.433,622697.137,193371.433,623197.137,KA27,http://data.ordnancesurvey.co.uk/id/postcodedistrict/KA27,,,,,,,North Ayrshire,http://data.ordnancesurvey.co.uk/id/7000000000030628,http://data.ordnancesurvey.co.uk/ontology/admingeo/UnitaryAuthority,Scotland,http://data.ordnancesurvey.co.uk/id/7000000000041429,Scotland,http://data.ordnancesurvey.co.uk/id/country/scotland,,http://dbpedia.org/resource/Sliddery,http://sws.geonames.org/2637647
osgb4000000074550083,http://data.ordnancesurvey.co.uk/id/4000000074550083,Torrylinn,,,,populatedPlace,Suburban Area,196570.605,621019.461,5000,25000,195957.362,620821.385,196747.841,621321.385,KA27,http://data.ordnancesurvey.co.uk/id/postcodedistrict/KA27,,,,,,,North Ayrshire,http://data.ordnancesurvey.co.uk/id/7000000000030628,http://data.ordnancesurvey.co.uk/ontology/admingeo/UnitaryAuthority,Scotland,http://data.ordnancesurvey.co.uk/id/7000000000041429,Scotland,http://data.ordnancesurvey.co.uk/id/country/scotland,,,
osgb4000000074550085,http://data.ordnancesurvey.co.uk/id/4000000074550085,Laigh Kilmory,,,,populatedPlace,Suburban Area,196045.808,621518.658,2000,25000,195783.398,621255.680,196283.398,621755.680,KA27,http://data.ordnancesurvey.co.uk/id/postcodedistrict/KA27,,,,,,,North Ayrshire,http://data.ordnancesurvey.co.uk/id/7000000000030628,http://data.ordnancesurvey.co.uk/ontology/admingeo/UnitaryAuthority,Scotland,http://data.ordnancesurvey.co.uk/id/7000000000041429,Scotland,http://data.ordnancesurvey.co.uk/id/country/scotland,,,
osgb4000000074551577,http://data.ordnancesurvey.co.uk/id/4000000074551577,Waterfoot,,,,populatedPlace,Hamlet,180027.469,637528.407,5000,25000,179719.441,637118.984,180350.171,637628.337,PA28,http://data.ordnancesurvey.co.uk/id/postcodedistrict/PA28,,,,,,,Argyll and Bute,http://data.ordnancesurvey.co.uk/id/7000000000030106,http://data.ordnancesurvey.co.uk/ontology/admingeo/UnitaryAuthority,Scotland,http://data.ordnancesurvey.co.uk/id/7000000000041429,Scotland,http://data.ordnancesurvey.co.uk/id/country/scotland,,,
osgb4000000074551575,http://data.ordnancesurvey.co.uk/id/4000000074551575,Airds,,,,populatedPlace,Suburban Area,181555.576,638511.200,6000,25000,181141.279,638257.439,182043.993,638859.582,PA28,http://data.ordnancesurvey.co.uk/id/postcodedistrict/PA28,,,,,,,Argyll and Bute,http://data.ordnancesurvey.co.uk/id/7000000000030106,http://data.ordnancesurvey.co.uk/ontology/admingeo/UnitaryAuthority,Scotland,http://data.ordnancesurvey.co.uk/id/7000000000041429,Scotland,http://data.ordnancesurvey.co.uk/id/country/scotland,,,
osgb4000000074540907,http://data.ordnancesurvey.co.uk/id/4000000074540907,Port Righ,,,,populatedPlace,Suburban Area,181688.073,637891.898,2000,25000,181421.903,637637.428,181921.903,638137.428,PA28,http://data.ordnancesurvey.co.uk/id/postcodedistrict/PA28,,,,,,,Argyll and Bute,http://data.ordnancesurvey.co.uk/id/7000000000030106,http://data.ordnancesurvey.co.uk/ontology/admingeo/UnitaryAuthority,Scotland,http://data.ordnancesurvey.co.uk/id/7000000000041429,Scotland,http://data.ordnancesurvey.co.uk/id/country/scotland,,,
osgb4000000074551213,http://data.ordnancesurvey.co.uk/id/4000000074551213,Blackwaterfoot,,,,populatedPlace,Village,189395.000,628270.000,8000,250000,189098.420,627942.763,190198.904,629102.830,KA27,http://data.ordnancesurvey.co.uk/id/postcodedistrict/KA27,,,,,,,North Ayrshire,http://data.ordnancesurvey.co.uk/id/7000000000030628,http://data.ordnancesurvey.co.uk/ontology/admingeo/UnitaryAuthority,Scotland,http://data.ordnancesurvey.co.uk/id/7000000000041429,Scotland,http://data.ordnancesurvey.co.uk/id/country/scotland,,,http://sws.geonames.org/2655424
osgb4000000074541286,http://data.ordnancesurvey.co.uk/id/4000000074541286,Pien,,,,populatedPlace,Hamlet,191957.000,630318.000,5000,25000,191712.061,630094.095,192212.061,630594.095,KA27,http://data.ordnancesurvey.co.uk/id/postcodedistrict/KA27,,,,,,,North Ayrshire,http://data.ordnancesurvey.co.uk/id/7000000000030628,http://data.ordnancesurvey.co.uk/ontology/admingeo/UnitaryAuthority,Scotland,http://data.ordnancesurvey.co.uk/id/7000000000041429,Scotland,http://data.ordnancesurvey.co.uk/id/country/scotland,,,
osgb4000000074551211,http://data.ordnancesurvey.co.uk/id/4000000074551211,Shiskine,,,,populatedPlace,Village,191297.000,629996.000,3000,250000,191134.049,629816.135,191634.049,630316.135,KA27,http://data.ordnancesurvey.co.uk/id/postcodedistrict/KA27,,,,,,,North Ayrshire,http://data.ordnancesurvey.co.uk/id/7000000000030628,http://data.ordnancesurvey.co.uk/ontology/admingeo/UnitaryAuthority,Scotland,http://data.ordnancesurvey.co.uk/id/7000000000041429,Scotland,http://data.ordnancesurvey.co.uk/id/country/scotland,,,http://sws.geonames.org/2637930
osgb4000000074550840,http://data.ordnancesurvey.co.uk/id/4000000074550840,South Feorline,,,,populatedPlace,Other Settlement,190187.000,628055.000,15000,25000,189785.596,627718.357,191372.630,628467.042,KA27,http://data.ordnancesurvey.co.uk/id/postcodedistrict/KA27,,,,,,,North Ayrshire,http://data.ordnancesurvey.co.uk/id/7000000000030628,http://data.ordnancesurvey.co.uk/ontology/admingeo/UnitaryAuthority,Scotland,http://data.ordnancesurvey.co.uk/id/7000000000041429,Scotland,http://data.ordnancesurvey.co.uk/id/country/scotland,,,
osgb4000000074540875,http://data.ordnancesurvey.co.uk/id/4000000074540875,Kilmory,,,,populatedPlace,Village,196018.082,621521.132,13000,250000,195368.886,620876.581,197292.491,621955.842,KA27,http://data.ordnancesurvey.co.uk/id/postcodedistrict/KA27,,,,,,,North Ayrshire,http://data.ordnancesurvey.co.uk/id/7000000000030628,http://data.ordnancesurvey.co.uk/ontology/admingeo/UnitaryAuthority,Scotland,http://data.ordnancesurvey.co.uk/id/7000000000041429,Scotland,http://data.ordnancesurvey.co.uk/id/country/scotland,,,
osgb4000000074549727,http://data.ordnancesurvey.co.uk/id/4000000074549727,East Bennan,,,,populatedPlace,Other Settlement,199313.920,621649.410,15000,25000,198717.883,621079.607,199865.711,621956.366,KA27,http://data.ordnancesurvey.co.uk/id/postcodedistrict/KA27,,,,,,,North Ayrshire,http://data.ordnancesurvey.co.uk/id/7000000000030628,http://data.ordnancesurvey.co.uk/ontology/admingeo/UnitaryAuthority,Scotland,http://data.ordnancesurvey.co.uk/id/7000000000041429,Scotland,http://data.ordnancesurvey.co.uk/id/country/scotland,,,
osgb4000000074550086,http://data.ordnancesurvey.co.uk/id/4000000074550086,Lagg,,,,populatedPlace,Suburban Area,195594.045,621563.081,3000,25000,195314.514,621294.004,195814.514,621794.004,KA27,http://data.ordnancesurvey.co.uk/id/postcodedistrict/KA27,,,,,,,North Ayrshire,http://data.ordnancesurvey.co.uk/id/7000000000030628,http://data.ordnancesurvey.co.uk/ontology/admingeo/UnitaryAuthority,Scotland,http://data.ordnancesurvey.co.uk/id/7000000000041429,Scotland,http://data.ordnancesurvey.co.uk/id/country/scotland,,,
osgb4000000074550088,http://data.ordnancesurvey.co.uk/id/4000000074550088,Corriecravie,,,,populatedPlace,Hamlet,191989.000,623622.000,5000,25000,191559.026,623428.363,192597.904,623928.363,KA27,http://data.ordnancesurvey.co.uk/id/postcodedistrict/KA27,,,,,,,North Ayrshire,http://data.ordnancesurvey.co.uk/id/7000000000030628,http://data.ordnancesurvey.co.uk/ontology/admingeo/UnitaryAuthority,Scotland,http://data.ordnancesurvey.co.uk/id/7000000000041429,Scotland,http://data.ordnancesurvey.co.uk/id/country/scotland,,,
osgb4000000074549728,http://data.ordnancesurvey.co.uk/id/4000000074549728,West Bennan,,,,populatedPlace,Hamlet,198401.000,621336.000,5000,25000,198130.546,620765.647,198815.917,621493.299,KA27,http://data.ordnancesurvey.co.uk/id/postcodedistrict/KA27,,,,,,,North Ayrshire,http://data.ordnancesurvey.co.uk/id/7000000000030628,http://data.ordnancesurvey.co.uk/ontology/admingeo/UnitaryAuthority,Scotland,http://data.ordnancesurvey.co.uk/id/7000000000041429,Scotland,http://data.ordnancesurvey.co.uk/id/country/scotland,,,
osgb4000000074551218,http://data.ordnancesurvey.co.uk/id/4000000074551218,Auchencar,,,,populatedPlace,Hamlet,189199.000,636451.000,5000,25000,188959.139,636106.166,189459.139,636785.451,KA27,http://data.ordnancesurvey.co.uk/id/postcodedistrict/KA27,,,,,,,North Ayrshire,http://data.ordnancesurvey.co.uk/id/7000000000030628,http://data.ordnancesurvey.co.uk/ontology/admingeo/UnitaryAuthority,Scotland,http://data.ordnancesurvey.co.uk/id/7000000000041429,Scotland,http://data.ordnancesurvey.co.uk/id/country/scotland,,,
osgb4000000074550842,http://data.ordnancesurvey.co.uk/id/4000000074550842,Birchburn,,,,populatedPlace,Village,191236.000,629900.000,6000,250000,190641.235,629083.416,191292.183,629942.680,KA27,http://data.ordnancesurvey.co.uk/id/postcodedistrict/KA27,,,,,,,North Ayrshire,http://data.ordnancesurvey.co.uk/id/7000000000030628,http://data.ordnancesurvey.co.uk/ontology/admingeo/UnitaryAuthority,Scotland,http://data.ordnancesurvey.co.uk/id/7000000000041429,Scotland,http://data.ordnancesurvey.co.uk/id/country/scotland,,,
osgb4000000074551214,http://data.ordnancesurvey.co.uk/id/4000000074551214,Torbeg,,,,populatedPlace,Village,190152.000,630066.000,7000,250000,189785.703,629088.235,190316.858,630135.215,KA27,http://data.ordnancesurvey.co.uk/id/postcodedistrict/KA27,,,,,,,North Ayrshire,http://data.ordnancesurvey.co.uk/id/7000000000030628,http://data.ordnancesurvey.co.uk/ontology/admingeo/UnitaryAuthority,Scotland,http://data.ordnancesurvey.co.uk/id/7000000000041429,Scotland,http://data.ordnancesurvey.co.uk/id/country/scotland,,,http://sws.geonames.org/2635678
osgb4000000074551217,http://data.ordnancesurvey.co.uk/id/4000000074551217,Auchagallon,,,,populatedPlace,Hamlet,189223.000,634538.000,5000,25000,189027.397,634282.798,189655.769,634860.792,KA27,http://data.ordnancesurvey.co.uk/id/postcodedistrict/KA27,,,,,,,North Ayrshire,http://data.ordnancesurvey.co.uk/id/7000000000030628,http://data.ordnancesurvey.co.uk/ontology/admingeo/UnitaryAuthority,Scotland,http://data.ordnancesurvey.co.uk/id/7000000000041429,Scotland,http://data.ordnancesurvey.co.uk/id/country/scotland,,,
PA286RY,http://data.ordnancesurvey.co.uk/id/postcodeunit/PA286RY,PA28 6RY,,,,other,Postcode,181482.000,638437.000,3500,18000,,,,,,,Carradale,http://data.ordnancesurvey.co.uk/id/4000000074551956,http://www.ordnancesurvey.co.uk/xml/codelists/localtype.xml#town,,,,Argyll and Bute,http://data.ordnancesurvey.co.uk/id/7000000000030106,http://data.ordnancesurvey.co.uk/ontology/admingeo/UnitaryAuthority,Scotland,http://data.ordnancesurvey.co.uk/id/7000000000041429,Scotland,http://data.ordnancesurvey.co.uk/id/country/scotland,,,
KA278EZ,http://data.ordnancesurvey.co.uk/id/postcodeunit/KA278EZ,KA27 8EZ,,,,other,Postcode,189518.000,628225.000,3500,18000,,,,,,,Blackwaterfoot,http://data.ordnancesurvey.co.uk/id/4000000074551213,http://www.ordnancesurvey.co.uk/xml/codelists/localtype.xml#village,,,,North Ayrshire,http://data.ordnancesurvey.co.uk/id/7000000000030628,http://data.ordnancesurvey.co.uk/ontology/admingeo/UnitaryAuthority,Scotland,http://data.ordnancesurvey.co.uk/id/7000000000041429,Scotland,http://data.ordnancesurvey.co.uk/id/country/scotland,,,
PA286SG,http://data.ordnancesurvey.co.uk/id/postcodeunit/PA286SG,PA28 6SG,,,,other,Postcode,181713.000,638519.000,3500,18000,,,,,,,Carradale,http://data.ordnancesurvey.co.uk/id/4000000074551956,http://www.ordnancesurvey.co.uk/xml/codelists/localtype.xml#town,,,,Argyll and Bute,http://data.ordnancesurvey.co.uk/id/7000000000030106,http://data.ordnancesurvey.co.uk/ontology/admingeo/UnitaryAuthority,Scotland,http://data.ordnancesurvey.co.uk/id/7000000000041429,Scotland,http://data.ordnancesurvey.co.uk/id/country/scotland,,,
KA278PB,http://data.ordnancesurvey.co.uk/id/postcodeunit/KA278PB,KA27 8PB,,,,other,Postcode,193071.000,622968.000,3500,18000,,,,,,,Sliddery,http://data.ordnancesurvey.co.uk/id/4000000074550087,http://www.ordnancesurvey.co.uk/xml/codelists/localtype.xml#hamlet,,,,North Ayrshire,http://data.ordnancesurvey.co.uk/id/7000000000030628,http://data.ordnancesurvey.co.uk/ontology/admingeo/UnitaryAuthority,Scotland,http://data.ordnancesurvey.co.uk/id/7000000000041429,Scotland,http://data.ordnancesurvey.co.uk/id/country/scotland,,,
KA278PG,http://data.ordnancesurvey.co.uk/id/postcodeunit/KA278PG,KA27 8PG,,,,other,Postcode,195431.000,622194.000,3500,18000,,,,,,,,,,,,,North Ayrshire,http://data.ordnancesurvey.co.uk/id/7000000000030628,http://data.ordnancesurvey.co.uk/ontology/admingeo/UnitaryAuthority,Scotland,http://data.ordnancesurvey.co.uk/id/7000000000041429,Scotland,http://data.ordnancesurvey.co.uk/id/country/scotland,,,
KA278DY,http://data.ordnancesurvey.co.uk/id/postcodeunit/KA278DY,KA27 8DY,,,,other,Postcode,189335.000,633812.000,3500,18000,,,,,,,Machrie,http://data.ordnancesurvey.co.uk/id/4000000074551216,http://www.ordnancesurvey.co.uk/xml/codelists/localtype.xml#hamlet,,,,North Ayrshire,http://data.ordnancesurvey.co.uk/id/7000000000030628,http://data.ordnancesurvey.co.uk/ontology/admingeo/UnitaryAuthority,Scotland,http://data.ordnancesurvey.co.uk/id/7000000000041429,Scotland,http://data.ordnancesurvey.co.uk/id/country/scotland,,,
KA278EF,http://data.ordnancesurvey.co.uk/id/postcodeunit/KA278EF,KA27 8EF,,,,other,Postcode,189715.000,628034.000,3500,18000,,,,,,,Blackwaterfoot,http://data.ordnancesurvey.co.uk/id/4000000074551213,http://www.ordnancesurvey.co.uk/xml/codelists/localtype.xml#village,,,,North Ayrshire,http://data.ordnancesurvey.co.uk/id/7000000000030628,http://data.ordnancesurvey.co.uk/ontology/admingeo/UnitaryAuthority,Scotland,http://data.ordnancesurvey.co.uk/id/7000000000041429,Scotland,http://data.ordnancesurvey.co.uk/id/country/scotland,,,
KA278SJ,http://data.ordnancesurvey.co.uk/id/postcodeunit/KA278SJ,KA27 8SJ,,,,other,Postcode,197982.000,621319.000,3500,18000,,,,,,,Shannochie,http://data.ordnancesurvey.co.uk/id/4000000074549729,http://www.ordnancesurvey.co.uk/xml/codelists/localtype.xml#hamlet,,,,North Ayrshire,http://data.ordnancesurvey.co.uk/id/7000000000030628,http://data.ordnancesurvey.co.uk/ontology/admingeo/UnitaryAuthority,Scotland,http://data.ordnancesurvey.co.uk/id/7000000000041429,Scotland,http://data.ordnancesurvey.co.uk/id/country/scotland,,,
PA286SE,http://data.ordnancesurvey.co.uk/id/postcodeunit/PA286SE,PA28 6SE,,,,other,Postcode,181673.000,637882.000,3500,18000,,,,,,,Carradale,http://data.ordnancesurvey.co.uk/id/4000000074551956,http://www.ordnancesurvey.co.uk/xml/codelists/localtype.xml#town,,,,Argyll and Bute,http://data.ordnancesurvey.co.uk/id/7000000000030106,http://data.ordnancesurvey.co.uk/ontology/admingeo/UnitaryAuthority,Scotland,http://data.ordnancesurvey.co.uk/id/7000000000041429,Scotland,http://data.ordnancesurvey.co.uk/id/country/scotland,,,
KA278EG,http://data.ordnancesurvey.co.uk/id/postcodeunit/KA278EG,KA27 8EG,,,,other,Postcode,191320.000,629937.000,3500,18000,,,,,,,Shiskine,http://data.ordnancesurvey.co.uk/id/4000000074551211,http://www.ordnancesurvey.co.uk/xml/codelists/localtype.xml#village,,,,North Ayrshire,http://data.ordnancesurvey.co.uk/id/7000000000030628,http://data.ordnancesurvey.co.uk/ontology/admingeo/UnitaryAuthority,Scotland,http://data.ordnancesurvey.co.uk/id/7000000000041429,Scotland,http://data.ordnancesurvey.co.uk/id/country/scotland,,,
PA286SB,http://data.ordnancesurvey.co.uk/id/postcodeunit/PA286SB,PA28 6SB,,,,other,Postcode,181219.000,638323.000,3500,18000,,,,,,,Carradale,http://data.ordnancesurvey.co.uk/id/4000000074551956,http://www.ordnancesurvey.co.uk/xml/codelists/localtype.xml#town,,,,Argyll and Bute,http://data.ordnancesurvey.co.uk/id/7000000000030106,http://data.ordnancesurvey.co.uk/ontology/admingeo/UnitaryAuthority,Scotland,http://data.ordnancesurvey.co.uk/id/7000000000041429,Scotland,http://data.ordnancesurvey.co.uk/id/country/scotland,,,
KA278DU,http://data.ordnancesurvey.co.uk/id/postcodeunit/KA278DU,KA27 8DU,,,,other,Postcode,190091.000,630331.000,3500,18000,,,,,,,,,,,,,North Ayrshire,http://data.ordnancesurvey.co.uk/id/7000000000030628,http://data.ordnancesurvey.co.uk/ontology/admingeo/UnitaryAuthority,Scotland,http://data.ordnancesurvey.co.uk/id/7000000000041429,Scotland,http://data.ordnancesurvey.co.uk/id/country/scotland,,,
KA278NY,http://data.ordnancesurvey.co.uk/id/postcodeunit/KA278NY,KA27 8NY,,,,other,Postcode,194630.000,624584.000,3500,18000,,,,,,,,,,,,,North Ayrshire,http://data.ordnancesurvey.co.uk/id/7000000000030628,http://data.ordnancesurvey.co.uk/ontology/admingeo/UnitaryAuthority,Scotland,http://data.ordnancesurvey.co.uk/id/7000000000041429,Scotland,http://data.ordnancesurvey.co.uk/id/country/scotland,,,
KA278HB,http://data.ordnancesurvey.co.uk/id/postcodeunit/KA278HB,KA27 8HB,,,,other,Postcode,189496.000,628593.000,3500,18000,,,,,,,Blackwaterfoot,http://data.ordnancesurvey.co.uk/id/4000000074551213,http://www.ordnancesurvey.co.uk/xml/codelists/localtype.xml#village,,,,North Ayrshire,http://data.ordnancesurvey.co.uk/id/7000000000030628,http://data.ordnancesurvey.co.uk/ontology/admingeo/UnitaryAuthority,Scotland,http://data.ordnancesurvey.co.uk/id/7000000000041429,Scotland,http://data.ordnancesurvey.co.uk/id/country/scotland,,,
KA278PE,http://data.ordnancesurvey.co.uk/id/postcodeunit/KA278PE,KA27 8PE,,,,other,Postcode,193032.000,624255.000,3500,18000,,,,,,,,,,,,,North Ayrshire,http://data.ordnancesurvey.co.uk/id/7000000000030628,http://data.ordnancesurvey.co.uk/ontology/admingeo/UnitaryAuthority,Scotland,http://data.ordnancesurvey.co.uk/id/7000000000041429,Scotland,http://data.ordnancesurvey.co.uk/id/country/scotland,,,
KA278HA,http://data.ordnancesurvey.co.uk/id/postcodeunit/KA278HA,KA27 8HA,,,,other,Postcode,189270.000,628386.000,3500,18000,,,,,,,Blackwaterfoot,http://data.ordnancesurvey.co.uk/id/4000000074551213,http://www.ordnancesurvey.co.uk/xml/codelists/localtype.xml#village,,,,North Ayrshire,http://data.ordnancesurvey.co.uk/id/7000000000030628,http://data.ordnancesurvey.co.uk/ontology/admingeo/UnitaryAuthority,Scotland,http://data.ordnancesurvey.co.uk/id/7000000000041429,Scotland,http://data.ordnancesurvey.co.uk/id/country/scotland,,,
KA278PH,http://data.ordnancesurvey.co.uk/id/postcodeunit/KA278PH,KA27 8PH,,,,other,Postcode,196136.000,621515.000,3500,18000,,,,,,,Kilmory,http://data.ordnancesurvey.co.uk/id/4000000074540875,http://www.ordnancesurvey.co.uk/xml/codelists/localtype.xml#village,,,,North Ayrshire,http://data.ordnancesurvey.co.uk/id/7000000000030628,http://data.ordnancesurvey.co.uk/ontology/admingeo/UnitaryAuthority,Scotland,http://data.ordnancesurvey.co.uk/id/7000000000041429,Scotland,http://data.ordnancesurvey.co.uk/id/country/scotland,,,
KA278ET,http://data.ordnancesurvey.co.uk/id/postcodeunit/KA278ET,KA27 8ET,,,,other,Postcode,189664.000,628097.000,3500,18000,,,,,,,Blackwaterfoot,http://data.ordnancesurvey.co.uk/id/4000000074551213,http://www.ordnancesurvey.co.uk/xml/codelists/localtype.xml#village,,,,North Ayrshire,http://data.ordnancesurvey.co.uk/id/7000000000030628,http://data.ordnancesurvey.co.uk/ontology/admingeo/UnitaryAuthority,Scotland,http://data.ordnancesurvey.co.uk/id/7000000000041429,Scotland,http://data.ordnancesurvey.co.uk/id/country/scotland,,,
KA278PA,http://data.ordnancesurvey.co.uk/id/postcodeunit/KA278PA,KA27 8PA,,,,other,Postcode,194190.000,622459.000,3500,18000,,,,,,,,,,,,,North Ayrshire,http://data.ordnancesurvey.co.uk/id/7000000000030628,http://data.ordnancesurvey.co.uk/ontology/admingeo/UnitaryAuthority,Scotland,http://data.ordnancesurvey.co.uk/id/7000000000041429,Scotland,http://data.ordnancesurvey.co.uk/id/country/scotland,,,
PA286SQ,http://data.ordnancesurvey.co.uk/id/postcodeunit/PA286SQ,PA28 6SQ,,,,other,Postcode,181938.000,638594.000,3500,18000,,,,,,,Carradale,http://data.ordnancesurvey.co.uk/id/4000000074551956,http://www.ordnancesurvey.co.uk/xml/codelists/localtype.xml#town,,,,Argyll and Bute,http://data.ordnancesurvey.co.uk/id/7000000000030106,http://data.ordnancesurvey.co.uk/ontology/admingeo/UnitaryAuthority,Scotland,http://data.ordnancesurvey.co.uk/id/7000000000041429,Scotland,http://data.ordnancesurvey.co.uk/id/country/scotland,,,
KA278SL,http://data.ordnancesurvey.co.uk/id/postcodeunit/KA278SL,KA27 8SL,,,,other,Postcode,199265.000,624089.000,3500,18000,,,,,,,,,,,,,North Ayrshire,http://data.ordnancesurvey.co.uk/id/7000000000030628,http://data.ordnancesurvey.co.uk/ontology/admingeo/UnitaryAuthority,Scotland,http://data.ordnancesurvey.co.uk/id/7000000000041429,Scotland,http://data.ordnancesurvey.co.uk/id/country/scotland,,,
KA278ES,http://data.ordnancesurvey.co.uk/id/postcodeunit/KA278ES,KA27 8ES,,,,other,Postcode,189758.000,628166.000,3500,18000,,,,,,,Blackwaterfoot,http://data.ordnancesurvey.co.uk/id/4000000074551213,http://www.ordnancesurvey.co.uk/xml/codelists/localtype.xml#village,,,,North Ayrshire,http://data.ordnancesurvey.co.uk/id/7000000000030628,http://data.ordnancesurvey.co.uk/ontology/admingeo/UnitaryAuthority,Scotland,http://data.ordnancesurvey.co.uk/id/7000000000041429,Scotland,http://data.ordnancesurvey.co.uk/id/country/scotland,,,
PA286SD,http://data.ordnancesurvey.co.uk/id/postcodeunit/PA286SD,PA28 6SD,,,,other,Postcode,181291.000,638210.000,3500,18000,,,,,,,Carradale,http://data.ordnancesurvey.co.uk/id/4000000074551956,http://www.ordnancesurvey.co.uk/xml/codelists/localtype.xml#town,,,,Argyll and Bute,http://data.ordnancesurvey.co.uk/id/7000000000030106,http://data.ordnancesurvey.co.uk/ontology/admingeo/UnitaryAuthority,Scotland,http://data.ordnancesurvey.co.uk/id/7000000000041429,Scotland,http://data.ordnancesurvey.co.uk/id/country/scotland,,,
KA278DF,http://data.ordnancesurvey.co.uk/id/postcodeunit/KA278DF,KA27 8DF,,,,other,Postcode,199899.000,636995.000,3500,18000,,,,,,,Glenshurig,http://data.ordnancesurvey.co.uk/id/4000000074551215,http://www.ordnancesurvey.co.uk/xml/codelists/localtype.xml#otherSettlement,,,,North Ayrshire,http://data.ordnancesurvey.co.uk/id/7000000000030628,http://data.ordnancesurvey.co.uk/ontology/admingeo/UnitaryAuthority,Scotland,http://data.ordnancesurvey.co.uk/id/7000000000041429,Scotland,http://data.ordnancesurvey.co.uk/id/country/scotland,,,
KA278DZ,http://data.ordnancesurvey.co.uk/id/postcodeunit/KA278DZ,KA27 8DZ,,,,other,Postcode,189426.000,634680.000,3500,18000,,,,,,,Auchagallon,http://data.ordnancesurvey.co.uk/id/4000000074551217,http://www.ordnancesurvey.co.uk/xml/codelists/localtype.xml#hamlet,,,,North Ayrshire,http://data.ordnancesurvey.co.uk/id/7000000000030628,http://data.ordnancesurvey.co.uk/ontology/admingeo/UnitaryAuthority,Scotland,http://data.ordnancesurvey.co.uk/id/7000000000041429,Scotland,http://data.ordnancesurvey.co.uk/id/country/scotland,,,
PA286SH,http://data.ordnancesurvey.co.uk/id/postcodeunit/PA286SH,PA28 6SH,,,,other,Postcode,181556.000,638848.000,3500,18000,,,,,,,Carradale,http://data.ordnancesurvey.co.uk/id/4000000074551956,http://www.ordnancesurvey.co.uk/xml/codelists/localtype.xml#town,,,,Argyll and Bute,http://data.ordnancesurvey.co.uk/id/7000000000030106,http://data.ordnancesurvey.co.uk/ontology/admingeo/UnitaryAuthority,Scotland,http://data.ordnancesurvey.co.uk/id/7000000000041429,Scotland,http://data.ordnancesurvey.co.uk/id/country/scotland,,,
KA278EA,http://data.ordnancesurvey.co.uk/id/postcodeunit/KA278EA,KA27 8EA,,,,other,Postcode,190339.000,633816.000,3500,18000,,,,,,,,,,,,,North Ayrshire,http://data.ordnancesurvey.co.uk/id/7000000000030628,http://data.ordnancesurvey.co.uk/ontology/admingeo/UnitaryAuthority,Scotland,http://data.ordnancesurvey.co.uk/id/7000000000041429,Scotland,http://data.ordnancesurvey.co.uk/id/country/scotland,,,
KA278EU,http://data.ordnancesurvey.co.uk/id/postcodeunit/KA278EU,KA27 8EU,,,,other,Postcode,189794.000,628141.000,3500,18000,,,,,,,Blackwaterfoot,http://data.ordnancesurvey.co.uk/id/4000000074551213,http://www.ordnancesurvey.co.uk/xml/codelists/localtype.xml#village,,,,North Ayrshire,http://data.ordnancesurvey.co.uk/id/7000000000030628,http://data.ordnancesurvey.co.uk/ontology/admingeo/UnitaryAuthority,Scotland,http://data.ordnancesurvey.co.uk/id/7000000000041429,Scotland,http://data.ordnancesurvey.co.uk/id/country/scotland,,,
KA278EN,http://data.ordnancesurvey.co.uk/id/postcodeunit/KA278EN,KA27 8EN,,,,other,Postcode,191914.000,630344.000,3500,18000,,,,,,,Pien,http://data.ordnancesurvey.co.uk/id/4000000074541286,http://www.ordnancesurvey.co.uk/xml/codelists/localtype.xml#hamlet,,,,North Ayrshire,http://data.ordnancesurvey.co.uk/id/7000000000030628,http://data.ordnancesurvey.co.uk/ontology/admingeo/UnitaryAuthority,Scotland,http://data.ordnancesurvey.co.uk/id/7000000000041429,Scotland,http://data.ordnancesurvey.co.uk/id/country/scotland,,,
KA278HE,http://data.ordnancesurvey.co.uk/id/postcodeunit/KA278HE,KA27 8HE,,,,other,Postcode,189969.000,629484.000,3500,18000,,,,,,,Torbeg,http://data.ordnancesurvey.co.uk/id/4000000074551214,http://www.ordnancesurvey.co.uk/xml/codelists/localtype.xml#village,,,,North Ayrshire,http://data.ordnancesurvey.co.uk/id/7000000000030628,http://data.ordnancesurvey.co.uk/ontology/admingeo/UnitaryAuthority,Scotland,http://data.ordnancesurvey.co.uk/id/7000000000041429,Scotland,http://data.ordnancesurvey.co.uk/id/country/scotland,,,
KA278DX,http://data.ordnancesurvey.co.uk/id/postcodeunit/KA278DX,KA27 8DX,,,,other,Postcode,189546.000,632324.000,3500,18000,,,,,,,Tormore,http://data.ordnancesurvey.co.uk/id/4000000074541290,http://www.ordnancesurvey.co.uk/xml/codelists/localtype.xml#otherSettlement,,,,North Ayrshire,http://data.ordnancesurvey.co.uk/id/7000000000030628,http://data.ordnancesurvey.co.uk/ontology/admingeo/UnitaryAuthority,Scotland,http://data.ordnancesurvey.co.uk/id/7000000000041429,Scotland,http://data.ordnancesurvey.co.uk/id/country/scotland,,,
KA278EE,http://data.ordnancesurvey.co.uk/id/postcodeunit/KA278EE,KA27 8EE,,,,other,Postcode,191377.000,629992.000,3500,18000,,,,,,,Shiskine,http://data.ordnancesurvey.co.uk/id/4000000074551211,http://www.ordnancesurvey.co.uk/xml/codelists/localtype.xml#village,,,,North Ayrshire,http://data.ordnancesurvey.co.uk/id/7000000000030628,http://data.ordnancesurvey.co.uk/ontology/admingeo/UnitaryAuthority,Scotland,http://data.ordnancesurvey.co.uk/id/7000000000041429,Scotland,http://data.ordnancesurvey.co.uk/id/country/scotland,,,
PA286RZ,http://data.ordnancesurvey.co.uk/id/postcodeunit/PA286RZ,PA28 6RZ,,,,other,Postcode,181283.000,638388.000,3500,18000,,,,,,,Carradale,http://data.ordnancesurvey.co.uk/id/4000000074551956,http://www.ordnancesurvey.co.uk/xml/codelists/localtype.xml#town,,,,Argyll and Bute,http://data.ordnancesurvey.co.uk/id/7000000000030106,http://data.ordnancesurvey.co.uk/ontology/admingeo/UnitaryAuthority,Scotland,http://data.ordnancesurvey.co.uk/id/7000000000041429,Scotland,http://data.ordnancesurvey.co.uk/id/country/scotland,,,
KA278NX,http://data.ordnancesurvey.co.uk/id/postcodeunit/KA278NX,KA27 8NX,,,,other,Postcode,196348.000,627959.000,3500,18000,,,,,,,,,,,,,North Ayrshire,http://data.ordnancesurvey.co.uk/id/7000000000030628,http://data.ordnancesurvey.co.uk/ontology/admingeo/UnitaryAuthority,Scotland,http://data.ordnancesurvey.co.uk/id/7000000000041429,Scotland,http://data.ordnancesurvey.co.uk/id/country/scotland,,,
KA278DT,http://data.ordnancesurvey.co.uk/id/postcodeunit/KA278DT,KA27 8DT,,,,other,Postcode,192378.000,631484.000,3500,18000,,,,,,,Ballymichael,http://data.ordnancesurvey.co.uk/id/4000000074551212,http://www.ordnancesurvey.co.uk/xml/codelists/localtype.xml#hamlet,,,,North Ayrshire,http://data.ordnancesurvey.co.uk/id/7000000000030628,http://data.ordnancesurvey.co.uk/ontology/admingeo/UnitaryAuthority,Scotland,http://data.ordnancesurvey.co.uk/id/7000000000041429,Scotland,http://data.ordnancesurvey.co.uk/id/country/scotland,,,
KA278HD,http://data.ordnancesurvey.co.uk/id/postcodeunit/KA278HD,KA27 8HD,,,,other,Postcode,190523.000,628689.000,3500,18000,,,,,,,North Feorline,http://data.ordnancesurvey.co.uk/id/4000000074550841,http://www.ordnancesurvey.co.uk/xml/codelists/localtype.xml#otherSettlement,,,,North Ayrshire,http://data.ordnancesurvey.co.uk/id/7000000000030628,http://data.ordnancesurvey.co.uk/ontology/admingeo/UnitaryAuthority,Scotland,http://data.ordnancesurvey.co.uk/id/7000000000041429,Scotland,http://data.ordnancesurvey.co.uk/id/country/scotland,,,
KA278EL,http://data.ordnancesurvey.co.uk/id/postcodeunit/KA278EL,KA27 8EL,,,,other,Postcode,192872.000,630422.000,3500,18000,,,,,,,,,,,,,North Ayrshire,http://data.ordnancesurvey.co.uk/id/7000000000030628,http://data.ordnancesurvey.co.uk/ontology/admingeo/UnitaryAuthority,Scotland,http://data.ordnancesurvey.co.uk/id/7000000000041429,Scotland,http://data.ordnancesurvey.co.uk/id/country/scotland,,,
PA286QX,http://data.ordnancesurvey.co.uk/id/postcodeunit/PA286QX,PA28 6QX,,,,other,Postcode,180125.000,637420.000,3500,18000,,,,,,,Carradale,http://data.ordnancesurvey.co.uk/id/4000000074551956,http://www.ordnancesurvey.co.uk/xml/codelists/localtype.xml#town,,,,Argyll and Bute,http://data.ordnancesurvey.co.uk/id/7000000000030106,http://data.ordnancesurvey.co.uk/ontology/admingeo/UnitaryAuthority,Scotland,http://data.ordnancesurvey.co.uk/id/7000000000041429,Scotland,http://data.ordnancesurvey.co.uk/id/country/scotland,,,
PA286SA,http://data.ordnancesurvey.co.uk/id/postcodeunit/PA286SA,PA28 6SA,,,,other,Postcode,181342.000,638520.000,3500,18000,,,,,,,Carradale,http://data.ordnancesurvey.co.uk/id/4000000074551956,http://www.ordnancesurvey.co.uk/xml/codelists/localtype.xml#town,,,,Argyll and Bute,http://data.ordnancesurvey.co.uk/id/7000000000030106,http://data.ordnancesurvey.co.uk/ontology/admingeo/UnitaryAuthority,Scotland,http://data.ordnancesurvey.co.uk/id/7000000000041429,Scotland,http://data.ordnancesurvey.co.uk/id/country/scotland,,,
KA278PN,http://data.ordnancesurvey.co.uk/id/postcodeunit/KA278PN,KA27 8PN,,,,other,Postcode,195999.000,621595.000,3500,18000,,,,,,,Kilmory,http://data.ordnancesurvey.co.uk/id/4000000074540875,http://www.ordnancesurvey.co.uk/xml/codelists/localtype.xml#village,,,,North Ayrshire,http://data.ordnancesurvey.co.uk/id/7000000000030628,http://data.ordnancesurvey.co.uk/ontology/admingeo/UnitaryAuthority,Scotland,http://data.ordnancesurvey.co.uk/id/7000000000041429,Scotland,http://data.ordnancesurvey.co.uk/id/country/scotland,,,
KA278EW,http://data.ordnancesurvey.co.uk/id/postcodeunit/KA278EW,KA27 8EW,,,,other,Postcode,191350.000,630076.000,3500,18000,,,,,,,Shiskine,http://data.ordnancesurvey.co.uk/id/4000000074551211,http://www.ordnancesurvey.co.uk/xml/codelists/localtype.xml#village,,,,North Ayrshire,http://data.ordnancesurvey.co.uk/id/7000000000030628,http://data.ordnancesurvey.co.uk/ontology/admingeo/UnitaryAuthority,Scotland,http://data.ordnancesurvey.co.uk/id/7000000000041429,Scotland,http://data.ordnancesurvey.co.uk/id/country/scotland,,,
KA278DS,http://data.ordnancesurvey.co.uk/id/postcodeunit/KA278DS,KA27 8DS,,,,other,Postcode,192111.000,633848.000,3500,18000,,,,,,,,,,,,,North Ayrshire,http://data.ordnancesurvey.co.uk/id/7000000000030628,http://data.ordnancesurvey.co.uk/ontology/admingeo/UnitaryAuthority,Scotland,http://data.ordnancesurvey.co.uk/id/7000000000041429,Scotland,http://data.ordnancesurvey.co.uk/id/country/scotland,,,
KA278EY,http://data.ordnancesurvey.co.uk/id/postcodeunit/KA278EY,KA27 8EY,,,,other,Postcode,190215.000,627318.000,3500,18000,,,,,,,Kilpatrick,http://data.ordnancesurvey.co.uk/id/4000000074550839,http://www.ordnancesurvey.co.uk/xml/codelists/localtype.xml#otherSettlement,,,,North Ayrshire,http://data.ordnancesurvey.co.uk/id/7000000000030628,http://data.ordnancesurvey.co.uk/ontology/admingeo/UnitaryAuthority,Scotland,http://data.ordnancesurvey.co.uk/id/7000000000041429,Scotland,http://data.ordnancesurvey.co.uk/id/country/scotland,,,
KA278DR,http://data.ordnancesurvey.co.uk/id/postcodeunit/KA278DR,KA27 8DR,,,,other,Postcode,193903.000,635366.000,3500,18000,,,,,,,,,,,,,North Ayrshire,http://data.ordnancesurvey.co.uk/id/7000000000030628,http://data.ordnancesurvey.co.uk/ontology/admingeo/UnitaryAuthority,Scotland,http://data.ordnancesurvey.co.uk/id/7000000000041429,Scotland,http://data.ordnancesurvey.co.uk/id/country/scotland,,,
osgb4000000004874654,http://data.ordnancesurvey.co.uk/id/4000000004874654,Culcreuch Road,,,,transportNetwork,Named Road,181596.000,638574.750,1000,20000,181584.000,638559.000,181637.500,638594.500,PA28,http://data.ordnancesurvey.co.uk/id/postcodedistrict/PA28,Carradale,http://data.ordnancesurvey.co.uk/id/4000000074551956,http://www.ordnancesurvey.co.uk/xml/codelists/localtype.xml#town,,,,Argyll and Bute,http://data.ordnancesurvey.co.uk/id/7000000000030106,http://data.ordnancesurvey.co.uk/ontology/admingeo/UnitaryAuthority,Scotland,http://data.ordnancesurvey.co.uk/id/7000000000041429,Scotland,http://data.ordnancesurvey.co.uk/id/country/scotland,,,
osgb4000000004876727,http://data.ordnancesurvey.co.uk/id/4000000004876727,Ladeside Place,,,,transportNetwork,Named Road,191333.003,629939.389,1000,20000,191297.000,629916.300,191346.679,629996.000,KA27,http://data.ordnancesurvey.co.uk/id/postcodedistrict/KA27,Shiskine,http://data.ordnancesurvey.co.uk/id/4000000074551211,http://www.ordnancesurvey.co.uk/xml/codelists/localtype.xml#village,,,,North Ayrshire,http://data.ordnancesurvey.co.uk/id/7000000000030628,http://data.ordnancesurvey.co.uk/ontology/admingeo/UnitaryAuthority,Scotland,http://data.ordnancesurvey.co.uk/id/7000000000041429,Scotland,http://data.ordnancesurvey.co.uk/id/country/scotland,,,
osgb4000000004874429,http://data.ordnancesurvey.co.uk/id/4000000004874429,Forest Walk,,,,transportNetwork,Named Road,180035.000,638440.000,13000,20000,179177.756,638075.000,181164.760,639891.496,PA28,http://data.ordnancesurvey.co.uk/id/postcodedistrict/PA28,,,,,,,Argyll and Bute,http://data.ordnancesurvey.co.uk/id/7000000000030106,http://data.ordnancesurvey.co.uk/ontology/admingeo/UnitaryAuthority,Scotland,http://data.ordnancesurvey.co.uk/id/7000000000041429,Scotland,http://data.ordnancesurvey.co.uk/id/country/scotland,,,
osgb4000000005202772,http://data.ordnancesurvey.co.uk/id/4000000005202772,The String,,,,transportNetwork,Named Road,194407.915,634936.588,20000,67000,190205.000,628328.000,200554.000,636838.000,KA27,http://data.ordnancesurvey.co.uk/id/postcodedistrict/KA27,,,,,,,North Ayrshire,http://data.ordnancesurvey.co.uk/id/7000000000030628,http://data.ordnancesurvey.co.uk/ontology/admingeo/UnitaryAuthority,Scotland,http://data.ordnancesurvey.co.uk/id/7000000000041429,Scotland,http://data.ordnancesurvey.co.uk/id/country/scotland,,,
f0de6672-9676-43e7-a327-96cf436f3d5a,http://data.ordnancesurvey.co.uk/id/f0de6672-9676-43e7-a327-96cf436f3d5a,The String,,,,transportNetwork,Section Of Named Road,191930.000,630322.545,1000,25000,191852.393,630317.463,192028.884,630424.022,KA27,http://data.ordnancesurvey.co.uk/id/postcodedistrict/KA27,Pien,http://data.ordnancesurvey.co.uk/id/4000000074541286,http://www.ordnancesurvey.co.uk/xml/codelists/localtype.xml#hamlet,,,,North Ayrshire,http://data.ordnancesurvey.co.uk/id/7000000000030628,http://data.ordnancesurvey.co.uk/ontology/admingeo/UnitaryAuthority,Scotland,http://data.ordnancesurvey.co.uk/id/7000000000041429,Scotland,http://data.ordnancesurvey.co.uk/id/country/scotland,osgb4000000005202772,,
f8ad60a4-5e76-48a7-8a74-3160afb48447,http://data.ordnancesurvey.co.uk/id/f8ad60a4-5e76-48a7-8a74-3160afb48447,The String,,,,transportNetwork,Section Of Named Road,191356.000,630108.000,2000,25000,191250.730,629921.277,191535.160,630250.060,KA27,http://data.ordnancesurvey.co.uk/id/postcodedistrict/KA27,Shiskine,http://data.ordnancesurvey.co.uk/id/4000000074551211,http://www.ordnancesurvey.co.uk/xml/codelists/localtype.xml#village,,,,North Ayrshire,http://data.ordnancesurvey.co.uk/id/7000000000030628,http://data.ordnancesurvey.co.uk/ontology/admingeo/UnitaryAuthority,Scotland,http://data.ordnancesurvey.co.uk/id/7000000000041429,Scotland,http://data.ordnancesurvey.co.uk/id/country/scotland,osgb4000000005202772,,
osgb4000000004874706,http://data.ordnancesurvey.co.uk/id/4000000004874706,B880,,,,transportNetwork,Numbered Road,194407.915,634936.588,67000,250000,190205.000,628328.000,200554.000,636838.000,KA27,http://data.ordnancesurvey.co.uk/id/postcodedistrict/KA27,,,,,,,North Ayrshire,http://data.ordnancesurvey.co.uk/id/7000000000030628,http://data.ordnancesurvey.co.uk/ontology/admingeo/UnitaryAuthority,Scotland,http://data.ordnancesurvey.co.uk/id/7000000000041429,Scotland,http://data.ordnancesurvey.co.uk/id/country/scotland,,,
osgb4000000004875243,http://data.ordnancesurvey.co.uk/id/4000000004875243,Airds,,,,transportNetwork,Named Road,181511.750,638469.625,1000,20000,181497.750,638437.125,181530.500,638472.375,PA28,http://data.ordnancesurvey.co.uk/id/postcodedistrict/PA28,Carradale,http://data.ordnancesurvey.co.uk/id/4000000074551956,http://www.ordnancesurvey.co.uk/xml/codelists/localtype.xml#town,,,,Argyll and Bute,http://data.ordnancesurvey.co.uk/id/7000000000030106,http://data.ordnancesurvey.co.uk/ontology/admingeo/UnitaryAuthority,Scotland,http://data.ordnancesurvey.co.uk/id/7000000000041429,Scotland,http://data.ordnancesurvey.co.uk/id/country/scotland,,,
osgb4000000005205138,http://data.ordnancesurvey.co.uk/id/4000000005205138,The Ross,,,,transportNetwork,Named Road,196136.000,627605.000,20000,52000,194212.000,622101.000,202028.000,630154.000,KA27,http://data.ordnancesurvey.co.uk/id/postcodedistrict/KA27,,,,,,,North Ayrshire,http://data.ordnancesurvey.co.uk/id/7000000000030628,http://data.ordnancesurvey.co.uk/ontology/admingeo/UnitaryAuthority,Scotland,http://data.ordnancesurvey.co.uk/id/7000000000041429,Scotland,http://data.ordnancesurvey.co.uk/id/country/scotland,,,
osgb4000000004874715,http://data.ordnancesurvey.co.uk/id/4000000004874715,B879,,,,transportNetwork,Numbered Road,180853.250,638154.125,14000,250000,179743.168,637906.500,181918.875,638613.625,PA28,http://data.ordnancesurvey.co.uk/id/postcodedistrict/PA28,Carradale,http://data.ordnancesurvey.co.uk/id/4000000074551956,http://www.ordnancesurvey.co.uk/xml/codelists/localtype.xml#town,,,,Argyll and Bute,http://data.ordnancesurvey.co.uk/id/7000000000030106,http://data.ordnancesurvey.co.uk/ontology/admingeo/UnitaryAuthority,Scotland,http://data.ordnancesurvey.co.uk/id/7000000000041429,Scotland,http://data.ordnancesurvey.co.uk/id/country/scotland,,,
osgb4000000004874653,http://data.ordnancesurvey.co.uk/id/4000000004874653,Torrlinn Place,,,,transportNetwork,Named Road,196016.781,621599.180,1000,20000,195974.000,621562.000,196057.913,621613.815,KA27,http://data.ordnancesurvey.co.uk/id/postcodedistrict/KA27,Kilmory,http://data.ordnancesurvey.co.uk/id/4000000074540875,http://www.ordnancesurvey.co.uk/xml/codelists/localtype.xml#village,,,,North Ayrshire,http://data.ordnancesurvey.co.uk/id/7000000000030628,http://data.ordnancesurvey.co.uk/ontology/admingeo/UnitaryAuthority,Scotland,http://data.ordnancesurvey.co.uk/id/7000000000041429,Scotland,http://data.ordnancesurvey.co.uk/id/country/scotland,,,
a8fc63f8-9f7d-4339-8073-ce50b5e4e96e,http://data.ordnancesurvey.co.uk/id/a8fc63f8-9f7d-4339-8073-ce50b5e4e96e,Forest Walk,,,,transportNetwork,Section Of Named Road,181153.875,638280.375,1000,25000,181133.953,638260.717,181164.760,638301.566,PA28,http://data.ordnancesurvey.co.uk/id/postcodedistrict/PA28,Carradale,http://data.ordnancesurvey.co.uk/id/4000000074551956,http://www.ordnancesurvey.co.uk/xml/codelists/localtype.xml#town,,,,Argyll and Bute,http://data.ordnancesurvey.co.uk/id/7000000000030106,http://data.ordnancesurvey.co.uk/ontology/admingeo/UnitaryAuthority,Scotland,http://data.ordnancesurvey.co.uk/id/7000000000041429,Scotland,http://data.ordnancesurvey.co.uk/id/country/scotland,osgb4000000004874429,,
osgb4000000004874603,http://data.ordnancesurvey.co.uk/id/4000000004874603,Ladeside Terrace,,,,transportNetwork,Named Road,191343.294,630023.563,1000,20000,191322.000,629966.541,191378.600,630045.113,KA27,http://data.ordnancesurvey.co.uk/id/postcodedistrict/KA27,Shiskine,http://data.ordnancesurvey.co.uk/id/4000000074551211,http://www.ordnancesurvey.co.uk/xml/codelists/localtype.xml#village,,,,North Ayrshire,http://data.ordnancesurvey.co.uk/id/7000000000030628,http://data.ordnancesurvey.co.uk/ontology/admingeo/UnitaryAuthority,Scotland,http://data.ordnancesurvey.co.uk/id/7000000000041429,Scotland,http://data.ordnancesurvey.co.uk/id/country/scotland,,,
osgb4000000004874669,http://data.ordnancesurvey.co.uk/id/4000000004874669,Kinloch Court,,,,transportNetwork,Named Road,189666.000,628054.000,1000,20000,189562.153,628012.598,189752.875,628170.819,KA27,http://data.ordnancesurvey.co.uk/id/postcodedistrict/KA27,Blackwaterfoot,http://data.ordnancesurvey.co.uk/id/4000000074551213,http://www.ordnancesurvey.co.uk/xml/codelists/localtype.xml#village,,,,North Ayrshire,http://data.ordnancesurvey.co.uk/id/7000000000030628,http://data.ordnancesurvey.co.uk/ontology/admingeo/UnitaryAuthority,Scotland,http://data.ordnancesurvey.co.uk/id/7000000000041429,Scotland,http://data.ordnancesurvey.co.uk/id/country/scotland,,,
cb30a8ee-f90f-4b00-a92f-12af3e330e36,http://data.ordnancesurvey.co.uk/id/cb30a8ee-f90f-4b00-a92f-12af3e330e36,The String,,,,transportNetwork,Section Of Named Road,190491.755,628650.000,5000,25000,190205.000,628328.000,190712.434,629092.692,KA27,http://data.ordnancesurvey.co.uk/id/postcodedistrict/KA27,North Feorline,http://data.ordnancesurvey.co.uk/id/4000000074550841,http://www.ordnancesurvey.co.uk/xml/codelists/localtype.xml#otherSettlement,,,,North Ayrshire,http://data.ordnancesurvey.co.uk/id/7000000000030628,http://data.ordnancesurvey.co.uk/ontology/admingeo/UnitaryAuthority,Scotland,http://data.ordnancesurvey.co.uk/id/7000000000041429,Scotland,http://data.ordnancesurvey.co.uk/id/country/scotland,osgb4000000005202772,,
KA278EP,http://data.ordnancesurvey.co.uk/id/postcodeunit/KA278EP,KA27 8EP,,,,other,Postcode,191068.000,629573.000,3500,18000,,,,,,,Birchburn,http://data.ordnancesurvey.co.uk/id/4000000074550842,http://www.ordnancesurvey.co.uk/xml/codelists/localtype.xml#village,,,,North Ayrshire,http://data.ordnancesurvey.co.uk/id/7000000000030628,http://data.ordnancesurvey.co.uk/ontology/admingeo/UnitaryAuthority,Scotland,http://data.ordnancesurvey.co.uk/id/7000000000041429,Scotland,http://data.ordnancesurvey.co.uk/id/country/scotland,,,
PA286SF,http://data.ordnancesurvey.co.uk/id/postcodeunit/PA286SF,PA28 6SF,,,,other,Postcode,181509.000,638668.000,3500,18000,,,,,,,Carradale,http://data.ordnancesurvey.co.uk/id/4000000074551956,http://www.ordnancesurvey.co.uk/xml/codelists/localtype.xml#town,,,,Argyll and Bute,http://data.ordnancesurvey.co.uk/id/7000000000030106,http://data.ordnancesurvey.co.uk/ontology/admingeo/UnitaryAuthority,Scotland,http://data.ordnancesurvey.co.uk/id/7000000000041429,Scotland,http://data.ordnancesurvey.co.uk/id/country/scotland,,,
KA278EB,http://data.ordnancesurvey.co.uk/id/postcodeunit/KA278EB,KA27 8EB,,,,other,Postcode,189178.000,636688.000,3500,18000,,,,,,,Auchencar,http://data.ordnancesurvey.co.uk/id/4000000074551218,http://www.ordnancesurvey.co.uk/xml/codelists/localtype.xml#hamlet,,,,North Ayrshire,http://data.ordnancesurvey.co.uk/id/7000000000030628,http://data.ordnancesurvey.co.uk/ontology/admingeo/UnitaryAuthority,Scotland,http://data.ordnancesurvey.co.uk/id/7000000000041429,Scotland,http://data.ordnancesurvey.co.uk/id/country/scotland,,,
KA278PQ,http://data.ordnancesurvey.co.uk/id/postcodeunit/KA278PQ,KA27 8PQ,,,,other,Postcode,195896.000,621526.000,3500,18000,,,,,,,Kilmory,http://data.ordnancesurvey.co.uk/id/4000000074540875,http://www.ordnancesurvey.co.uk/xml/codelists/localtype.xml#village,,,,North Ayrshire,http://data.ordnancesurvey.co.uk/id/7000000000030628,http://data.ordnancesurvey.co.uk/ontology/admingeo/UnitaryAuthority,Scotland,http://data.ordnancesurvey.co.uk/id/7000000000041429,Scotland,http://data.ordnancesurvey.co.uk/id/country/scotland,,,
KA278ER,http://data.ordnancesurvey.co.uk/id/postcodeunit/KA278ER,KA27 8ER,,,,other,Postcode,190544.000,628552.000,3500,18000,,,,,,,North Feorline,http://data.ordnancesurvey.co.uk/id/4000000074550841,http://www.ordnancesurvey.co.uk/xml/codelists/localtype.xml#otherSettlement,,,,North Ayrshire,http://data.ordnancesurvey.co.uk/id/7000000000030628,http://data.ordnancesurvey.co.uk/ontology/admingeo/UnitaryAuthority,Scotland,http://data.ordnancesurvey.co.uk/id/7000000000041429,Scotland,http://data.ordnancesurvey.co.uk/id/country/scotland,,,
KA278EX,http://data.ordnancesurvey.co.uk/id/postcodeunit/KA278EX,KA27 8EX,,,,other,Postcode,190568.000,627798.000,3500,18000,,,,,,,South Feorline,http://data.ordnancesurvey.co.uk/id/4000000074550840,http://www.ordnancesurvey.co.uk/xml/codelists/localtype.xml#otherSettlement,,,,North Ayrshire,http://data.ordnancesurvey.co.uk/id/7000000000030628,http://data.ordnancesurvey.co.uk/ontology/admingeo/UnitaryAuthority,Scotland,http://data.ordnancesurvey.co.uk/id/7000000000041429,Scotland,http://data.ordnancesurvey.co.uk/id/country/scotland,,,
KA278PF,http://data.ordnancesurvey.co.uk/id/postcodeunit/KA278PF,KA27 8PF,,,,other,Postcode,193208.000,623064.000,3500,18000,,,,,,,Sliddery,http://data.ordnancesurvey.co.uk/id/4000000074550087,http://www.ordnancesurvey.co.uk/xml/codelists/localtype.xml#hamlet,,,,North Ayrshire,http://data.ordnancesurvey.co.uk/id/7000000000030628,http://data.ordnancesurvey.co.uk/ontology/admingeo/UnitaryAuthority,Scotland,http://data.ordnancesurvey.co.uk/id/7000000000041429,Scotland,http://data.ordnancesurvey.co.uk/id/country/scotland,,,
PA286QQ,http://data.ordnancesurvey.co.uk/id/postcodeunit/PA286QQ,PA28 6QQ,,,,other,Postcode,180479.000,637696.000,3500,18000,,,,,,,Carradale,http://data.ordnancesurvey.co.uk/id/4000000074551956,http://www.ordnancesurvey.co.uk/xml/codelists/localtype.xml#town,,,,Argyll and Bute,http://data.ordnancesurvey.co.uk/id/7000000000030106,http://data.ordnancesurvey.co.uk/ontology/admingeo/UnitaryAuthority,Scotland,http://data.ordnancesurvey.co.uk/id/7000000000041429,Scotland,http://data.ordnancesurvey.co.uk/id/country/scotland,,,
KA278SH,http://data.ordnancesurvey.co.uk/id/postcodeunit/KA278SH,KA27 8SH,,,,other,Postcode,199251.000,621364.000,3500,18000,,,,,,,East Bennan,http://data.ordnancesurvey.co.uk/id/4000000074549727,http://www.ordnancesurvey.co.uk/xml/codelists/localtype.xml#otherSettlement,,,,North Ayrshire,http://data.ordnancesurvey.co.uk/id/7000000000030628,http://data.ordnancesurvey.co.uk/ontology/admingeo/UnitaryAuthority,Scotland,http://data.ordnancesurvey.co.uk/id/7000000000041429,Scotland,http://data.ordnancesurvey.co.uk/id/country/scotland,,,
KA278PD,http://data.ordnancesurvey.co.uk/id/postcodeunit/KA278PD,KA27 8PD,,,,other,Postcode,192034.000,623580.000,3500,18000,,,,,,,Corriecravie,http://data.ordnancesurvey.co.uk/id/4000000074550088,http://www.ordnancesurvey.co.uk/xml/codelists/localtype.xml#hamlet,,,,North Ayrshire,http://data.ordnancesurvey.co.uk/id/7000000000030628,http://data.ordnancesurvey.co.uk/ontology/admingeo/UnitaryAuthority,Scotland,http://data.ordnancesurvey.co.uk/id/7000000000041429,Scotland,http://data.ordnancesurvey.co.uk/id/country/scotland,,,
osgb4000000004874652,http://data.ordnancesurvey.co.uk/id/4000000004874652,Harbourview,,,,transportNetwork,Named Road,189487.875,628217.000,1000,20000,189472.000,628201.000,189490.375,628241.000,KA27,http://data.ordnancesurvey.co.uk/id/postcodedistrict/KA27,Blackwaterfoot,http://data.ordnancesurvey.co.uk/id/4000000074551213,http://www.ordnancesurvey.co.uk/xml/codelists/localtype.xml#village,,,,North Ayrshire,http://data.ordnancesurvey.co.uk/id/7000000000030628,http://data.ordnancesurvey.co.uk/ontology/admingeo/UnitaryAuthority,Scotland,http://data.ordnancesurvey.co.uk/id/7000000000041429,Scotland,http://data.ordnancesurvey.co.uk/id/country/scotland,,,
e9e2371a-71b8-420b-9792-5083091a676a,http://data.ordnancesurvey.co.uk/id/e9e2371a-71b8-420b-9792-5083091a676a,The String,,,,transportNetwork,Section Of Named Road,191008.000,629492.000,5000,25000,190712.434,629092.692,191250.730,629921.277,KA27,http://data.ordnancesurvey.co.uk/id/postcodedistrict/KA27,Birchburn,http://data.ordnancesurvey.co.uk/id/4000000074550842,http://www.ordnancesurvey.co.uk/xml/codelists/localtype.xml#village,,,,North Ayrshire,http://data.ordnancesurvey.co.uk/id/7000000000030628,http://data.ordnancesurvey.co.uk/ontology/admingeo/UnitaryAuthority,Scotland,http://data.ordnancesurvey.co.uk/id/7000000000041429,Scotland,http://data.ordnancesurvey.co.uk/id/country/scotland,osgb4000000005202772,,
ae74d87c-84d1-4844-9c9e-7d17fbf0b6d6,http://data.ordnancesurvey.co.uk/id/ae74d87c-84d1-4844-9c9e-7d17fbf0b6d6,The String,,,,transportNetwork,Section Of Named Road,192602.000,631608.000,3000,25000,192522.886,631376.925,192652.852,631885.654,KA27,http://data.ordnancesurvey.co.uk/id/postcodedistrict/KA27,Ballymichael,http://data.ordnancesurvey.co.uk/id/4000000074551212,http://www.ordnancesurvey.co.uk/xml/codelists/localtype.xml#hamlet,,,,North Ayrshire,http://data.ordnancesurvey.co.uk/id/7000000000030628,http://data.ordnancesurvey.co.uk/ontology/admingeo/UnitaryAuthority,Scotland,http://data.ordnancesurvey.co.uk/id/7000000000041429,Scotland,http://data.ordnancesurvey.co.uk/id/country/scotland,osgb4000000005202772,,
