﻿osgb4000000074541282,http://data.ordnancesurvey.co.uk/id/4000000074541282,Urinbeg,,,,populatedPlace,Suburban Area,192913.106,650757.726,2000,25000,192628.071,650470.100,193128.071,650970.100,KA27,http://data.ordnancesurvey.co.uk/id/postcodedistrict/KA27,,,,,,,North Ayrshire,http://data.ordnancesurvey.co.uk/id/7000000000030628,http://data.ordnancesurvey.co.uk/ontology/admingeo/UnitaryAuthority,Scotland,http://data.ordnancesurvey.co.uk/id/7000000000041429,Scotland,http://data.ordnancesurvey.co.uk/id/country/scotland,,,
osgb4000000074338087,http://data.ordnancesurvey.co.uk/id/4000000074338087,Thundergay,,,,populatedPlace,Hamlet,188136.000,646918.000,5000,25000,187689.521,645668.583,188385.222,647327.594,KA27,http://data.ordnancesurvey.co.uk/id/postcodedistrict/KA27,,,,,,,North Ayrshire,http://data.ordnancesurvey.co.uk/id/7000000000030628,http://data.ordnancesurvey.co.uk/ontology/admingeo/UnitaryAuthority,Scotland,http://data.ordnancesurvey.co.uk/id/7000000000041429,Scotland,http://data.ordnancesurvey.co.uk/id/country/scotland,,,http://sws.geonames.org/2635903
osgb4000000074578976,http://data.ordnancesurvey.co.uk/id/4000000074578976,Grogport,,,,populatedPlace,Other Settlement,180681.000,643866.000,15000,25000,180364.278,643286.290,181827.529,645441.254,PA28,http://data.ordnancesurvey.co.uk/id/postcodedistrict/PA28,,,,,,,Argyll and Bute,http://data.ordnancesurvey.co.uk/id/7000000000030106,http://data.ordnancesurvey.co.uk/ontology/admingeo/UnitaryAuthority,Scotland,http://data.ordnancesurvey.co.uk/id/7000000000041429,Scotland,http://data.ordnancesurvey.co.uk/id/country/scotland,,http://dbpedia.org/resource/Grogport,http://sws.geonames.org/2647845
osgb4000000074540935,http://data.ordnancesurvey.co.uk/id/4000000074540935,Butt,,,,populatedPlace,Suburban Area,193949.853,650515.368,3000,25000,193776.334,650235.231,194289.443,650735.231,KA27,http://data.ordnancesurvey.co.uk/id/postcodedistrict/KA27,,,,,,,North Ayrshire,http://data.ordnancesurvey.co.uk/id/7000000000030628,http://data.ordnancesurvey.co.uk/ontology/admingeo/UnitaryAuthority,Scotland,http://data.ordnancesurvey.co.uk/id/7000000000041429,Scotland,http://data.ordnancesurvey.co.uk/id/country/scotland,,,
osgb4000000074552333,http://data.ordnancesurvey.co.uk/id/4000000074552333,Coillemore,,,,populatedPlace,Suburban Area,192759.260,650908.873,3000,25000,192410.356,650637.509,192910.356,651137.509,KA27,http://data.ordnancesurvey.co.uk/id/postcodedistrict/KA27,,,,,,,North Ayrshire,http://data.ordnancesurvey.co.uk/id/7000000000030628,http://data.ordnancesurvey.co.uk/ontology/admingeo/UnitaryAuthority,Scotland,http://data.ordnancesurvey.co.uk/id/7000000000041429,Scotland,http://data.ordnancesurvey.co.uk/id/country/scotland,,,
osgb4000000074552334,http://data.ordnancesurvey.co.uk/id/4000000074552334,North Newton,,,,populatedPlace,Suburban Area,193714.704,651857.154,3000,25000,193367.940,651520.234,193867.940,652020.234,KA27,http://data.ordnancesurvey.co.uk/id/postcodedistrict/KA27,,,,,,,North Ayrshire,http://data.ordnancesurvey.co.uk/id/7000000000030628,http://data.ordnancesurvey.co.uk/ontology/admingeo/UnitaryAuthority,Scotland,http://data.ordnancesurvey.co.uk/id/7000000000041429,Scotland,http://data.ordnancesurvey.co.uk/id/country/scotland,,,
osgb4000000074552721,http://data.ordnancesurvey.co.uk/id/4000000074552721,Skipness,,,,populatedPlace,Other Settlement,190311.000,657810.000,15000,25000,189619.252,657459.563,191061.288,658151.795,PA29,http://data.ordnancesurvey.co.uk/id/postcodedistrict/PA29,,,,,,,Argyll and Bute,http://data.ordnancesurvey.co.uk/id/7000000000030106,http://data.ordnancesurvey.co.uk/ontology/admingeo/UnitaryAuthority,Scotland,http://data.ordnancesurvey.co.uk/id/7000000000041429,Scotland,http://data.ordnancesurvey.co.uk/id/country/scotland,,,http://sws.geonames.org/2637707
osgb4000000074552332,http://data.ordnancesurvey.co.uk/id/4000000074552332,South Newton,,,,populatedPlace,Suburban Area,193299.125,651147.082,5000,25000,193104.095,650853.451,193735.940,651681.414,KA27,http://data.ordnancesurvey.co.uk/id/postcodedistrict/KA27,,,,,,,North Ayrshire,http://data.ordnancesurvey.co.uk/id/7000000000030628,http://data.ordnancesurvey.co.uk/ontology/admingeo/UnitaryAuthority,Scotland,http://data.ordnancesurvey.co.uk/id/7000000000041429,Scotland,http://data.ordnancesurvey.co.uk/id/country/scotland,,,
osgb4000000074552330,http://data.ordnancesurvey.co.uk/id/4000000074552330,Narachan,,,,populatedPlace,Suburban Area,194505.086,650112.169,4000,25000,194126.378,649855.002,194768.226,650355.002,KA27,http://data.ordnancesurvey.co.uk/id/postcodedistrict/KA27,,,,,,,North Ayrshire,http://data.ordnancesurvey.co.uk/id/7000000000030628,http://data.ordnancesurvey.co.uk/ontology/admingeo/UnitaryAuthority,Scotland,http://data.ordnancesurvey.co.uk/id/7000000000041429,Scotland,http://data.ordnancesurvey.co.uk/id/country/scotland,,,
osgb4000000074552723,http://data.ordnancesurvey.co.uk/id/4000000074552723,Claonaig,,,,populatedPlace,Other Settlement,187071.000,656616.000,15000,25000,186841.400,656164.724,187419.997,657003.494,PA29,http://data.ordnancesurvey.co.uk/id/postcodedistrict/PA29,,,,,,,Argyll and Bute,http://data.ordnancesurvey.co.uk/id/7000000000030106,http://data.ordnancesurvey.co.uk/ontology/admingeo/UnitaryAuthority,Scotland,http://data.ordnancesurvey.co.uk/id/7000000000041429,Scotland,http://data.ordnancesurvey.co.uk/id/country/scotland,,,http://sws.geonames.org/2652954
osgb4000000074551574,http://data.ordnancesurvey.co.uk/id/4000000074551574,Imachar,,,,populatedPlace,Other Settlement,186512.000,640479.000,15000,25000,186280.228,640254.512,186780.228,640754.512,KA27,http://data.ordnancesurvey.co.uk/id/postcodedistrict/KA27,,,,,,,North Ayrshire,http://data.ordnancesurvey.co.uk/id/7000000000030628,http://data.ordnancesurvey.co.uk/ontology/admingeo/UnitaryAuthority,Scotland,http://data.ordnancesurvey.co.uk/id/7000000000041429,Scotland,http://data.ordnancesurvey.co.uk/id/country/scotland,,,http://sws.geonames.org/2646262
osgb4000000074551576,http://data.ordnancesurvey.co.uk/id/4000000074551576,Whitefarland,,,,populatedPlace,Hamlet,186487.310,642302.600,5000,25000,186361.309,642196.802,186861.309,642771.408,KA27,http://data.ordnancesurvey.co.uk/id/postcodedistrict/KA27,,,,,,,North Ayrshire,http://data.ordnancesurvey.co.uk/id/7000000000030628,http://data.ordnancesurvey.co.uk/ontology/admingeo/UnitaryAuthority,Scotland,http://data.ordnancesurvey.co.uk/id/7000000000041429,Scotland,http://data.ordnancesurvey.co.uk/id/country/scotland,,,
osgb4000000074544696,http://data.ordnancesurvey.co.uk/id/4000000074544696,Pirnmill,,,,populatedPlace,Village,187339.030,644699.130,11000,250000,187136.103,643869.993,187780.578,645596.919,KA27,http://data.ordnancesurvey.co.uk/id/postcodedistrict/KA27,,,,,,,North Ayrshire,http://data.ordnancesurvey.co.uk/id/7000000000030628,http://data.ordnancesurvey.co.uk/ontology/admingeo/UnitaryAuthority,Scotland,http://data.ordnancesurvey.co.uk/id/7000000000041429,Scotland,http://data.ordnancesurvey.co.uk/id/country/scotland,,,http://sws.geonames.org/2640268
osgb4000000074551573,http://data.ordnancesurvey.co.uk/id/4000000074551573,Catacol,,,,populatedPlace,Hamlet,191040.100,649674.350,5000,25000,190880.003,649379.346,191380.003,649917.842,KA27,http://data.ordnancesurvey.co.uk/id/postcodedistrict/KA27,,,,,,,North Ayrshire,http://data.ordnancesurvey.co.uk/id/7000000000030628,http://data.ordnancesurvey.co.uk/ontology/admingeo/UnitaryAuthority,Scotland,http://data.ordnancesurvey.co.uk/id/7000000000041429,Scotland,http://data.ordnancesurvey.co.uk/id/country/scotland,,,http://sws.geonames.org/2653525
osgb4000000074580174,http://data.ordnancesurvey.co.uk/id/4000000074580174,Gartnagrenach,,,,populatedPlace,Hamlet,180023.000,659674.000,5000,25000,179748.799,659422.525,180248.799,659922.525,PA29,http://data.ordnancesurvey.co.uk/id/postcodedistrict/PA29,,,,,,,Argyll and Bute,http://data.ordnancesurvey.co.uk/id/7000000000030106,http://data.ordnancesurvey.co.uk/ontology/admingeo/UnitaryAuthority,Scotland,http://data.ordnancesurvey.co.uk/id/7000000000041429,Scotland,http://data.ordnancesurvey.co.uk/id/country/scotland,,,http://sws.geonames.org/2648810
osgb4000000074551572,http://data.ordnancesurvey.co.uk/id/4000000074551572,Millhill,,,,populatedPlace,Suburban Area,194156.621,649939.725,4000,25000,193751.554,649623.665,194339.368,650162.622,KA27,http://data.ordnancesurvey.co.uk/id/postcodedistrict/KA27,,,,,,,North Ayrshire,http://data.ordnancesurvey.co.uk/id/7000000000030628,http://data.ordnancesurvey.co.uk/ontology/admingeo/UnitaryAuthority,Scotland,http://data.ordnancesurvey.co.uk/id/7000000000041429,Scotland,http://data.ordnancesurvey.co.uk/id/country/scotland,,,
osgb4000000074552331,http://data.ordnancesurvey.co.uk/id/4000000074552331,Margnaheglish,,,,populatedPlace,Suburban Area,193392.190,650421.692,3000,25000,193078.128,650191.362,193578.128,650691.362,KA27,http://data.ordnancesurvey.co.uk/id/postcodedistrict/KA27,,,,,,,North Ayrshire,http://data.ordnancesurvey.co.uk/id/7000000000030628,http://data.ordnancesurvey.co.uk/ontology/admingeo/UnitaryAuthority,Scotland,http://data.ordnancesurvey.co.uk/id/7000000000041429,Scotland,http://data.ordnancesurvey.co.uk/id/country/scotland,,,
osgb4000000074584891,http://data.ordnancesurvey.co.uk/id/4000000074584891,Lochranza,,,,populatedPlace,Village,193446.024,650422.841,15000,250000,192435.237,649623.665,194768.227,651953.591,KA27,http://data.ordnancesurvey.co.uk/id/postcodedistrict/KA27,,,,,,,North Ayrshire,http://data.ordnancesurvey.co.uk/id/7000000000030628,http://data.ordnancesurvey.co.uk/ontology/admingeo/UnitaryAuthority,Scotland,http://data.ordnancesurvey.co.uk/id/7000000000041429,Scotland,http://data.ordnancesurvey.co.uk/id/country/scotland,,,
PA286QL,http://data.ordnancesurvey.co.uk/id/postcodeunit/PA286QL,PA28 6QL,,,,other,Postcode,181627.000,645207.000,3500,18000,,,,,,,Grogport,http://data.ordnancesurvey.co.uk/id/4000000074578976,http://www.ordnancesurvey.co.uk/xml/codelists/localtype.xml#otherSettlement,,,,Argyll and Bute,http://data.ordnancesurvey.co.uk/id/7000000000030106,http://data.ordnancesurvey.co.uk/ontology/admingeo/UnitaryAuthority,Scotland,http://data.ordnancesurvey.co.uk/id/7000000000041429,Scotland,http://data.ordnancesurvey.co.uk/id/country/scotland,,,
PA296XT,http://data.ordnancesurvey.co.uk/id/postcodeunit/PA296XT,PA29 6XT,,,,other,Postcode,190407.000,657985.000,3500,18000,,,,,,,Skipness,http://data.ordnancesurvey.co.uk/id/4000000074552721,http://www.ordnancesurvey.co.uk/xml/codelists/localtype.xml#otherSettlement,,,,Argyll and Bute,http://data.ordnancesurvey.co.uk/id/7000000000030106,http://data.ordnancesurvey.co.uk/ontology/admingeo/UnitaryAuthority,Scotland,http://data.ordnancesurvey.co.uk/id/7000000000041429,Scotland,http://data.ordnancesurvey.co.uk/id/country/scotland,,,
KA278HR,http://data.ordnancesurvey.co.uk/id/postcodeunit/KA278HR,KA27 8HR,,,,other,Postcode,186518.000,640598.000,3500,18000,,,,,,,Imachar,http://data.ordnancesurvey.co.uk/id/4000000074551574,http://www.ordnancesurvey.co.uk/xml/codelists/localtype.xml#otherSettlement,,,,North Ayrshire,http://data.ordnancesurvey.co.uk/id/7000000000030628,http://data.ordnancesurvey.co.uk/ontology/admingeo/UnitaryAuthority,Scotland,http://data.ordnancesurvey.co.uk/id/7000000000041429,Scotland,http://data.ordnancesurvey.co.uk/id/country/scotland,,,
PA296YG,http://data.ordnancesurvey.co.uk/id/postcodeunit/PA296YG,PA29 6YG,,,,other,Postcode,186452.000,658241.000,3500,18000,,,,,,,,,,,,,Argyll and Bute,http://data.ordnancesurvey.co.uk/id/7000000000030106,http://data.ordnancesurvey.co.uk/ontology/admingeo/UnitaryAuthority,Scotland,http://data.ordnancesurvey.co.uk/id/7000000000041429,Scotland,http://data.ordnancesurvey.co.uk/id/country/scotland,,,
KA278GD,http://data.ordnancesurvey.co.uk/id/postcodeunit/KA278GD,KA27 8GD,,,,other,Postcode,187374.000,644704.000,3500,18000,,,,,,,Pirnmill,http://data.ordnancesurvey.co.uk/id/4000000074544696,http://www.ordnancesurvey.co.uk/xml/codelists/localtype.xml#village,,,,North Ayrshire,http://data.ordnancesurvey.co.uk/id/7000000000030628,http://data.ordnancesurvey.co.uk/ontology/admingeo/UnitaryAuthority,Scotland,http://data.ordnancesurvey.co.uk/id/7000000000041429,Scotland,http://data.ordnancesurvey.co.uk/id/country/scotland,,,
KA278HP,http://data.ordnancesurvey.co.uk/id/postcodeunit/KA278HP,KA27 8HP,,,,other,Postcode,187321.000,644367.000,3500,18000,,,,,,,Pirnmill,http://data.ordnancesurvey.co.uk/id/4000000074544696,http://www.ordnancesurvey.co.uk/xml/codelists/localtype.xml#village,,,,North Ayrshire,http://data.ordnancesurvey.co.uk/id/7000000000030628,http://data.ordnancesurvey.co.uk/ontology/admingeo/UnitaryAuthority,Scotland,http://data.ordnancesurvey.co.uk/id/7000000000041429,Scotland,http://data.ordnancesurvey.co.uk/id/country/scotland,,,
KA278HQ,http://data.ordnancesurvey.co.uk/id/postcodeunit/KA278HQ,KA27 8HQ,,,,other,Postcode,193762.000,650264.000,3500,18000,,,,,,,Lochranza,http://data.ordnancesurvey.co.uk/id/4000000074584891,http://www.ordnancesurvey.co.uk/xml/codelists/localtype.xml#village,,,,North Ayrshire,http://data.ordnancesurvey.co.uk/id/7000000000030628,http://data.ordnancesurvey.co.uk/ontology/admingeo/UnitaryAuthority,Scotland,http://data.ordnancesurvey.co.uk/id/7000000000041429,Scotland,http://data.ordnancesurvey.co.uk/id/country/scotland,,,
KA278HN,http://data.ordnancesurvey.co.uk/id/postcodeunit/KA278HN,KA27 8HN,,,,other,Postcode,191076.000,649584.000,3500,18000,,,,,,,Catacol,http://data.ordnancesurvey.co.uk/id/4000000074551573,http://www.ordnancesurvey.co.uk/xml/codelists/localtype.xml#hamlet,,,,North Ayrshire,http://data.ordnancesurvey.co.uk/id/7000000000030628,http://data.ordnancesurvey.co.uk/ontology/admingeo/UnitaryAuthority,Scotland,http://data.ordnancesurvey.co.uk/id/7000000000041429,Scotland,http://data.ordnancesurvey.co.uk/id/country/scotland,,,
KA278JF,http://data.ordnancesurvey.co.uk/id/postcodeunit/KA278JF,KA27 8JF,,,,other,Postcode,193706.000,650849.000,3500,18000,,,,,,,Lochranza,http://data.ordnancesurvey.co.uk/id/4000000074584891,http://www.ordnancesurvey.co.uk/xml/codelists/localtype.xml#village,,,,North Ayrshire,http://data.ordnancesurvey.co.uk/id/7000000000030628,http://data.ordnancesurvey.co.uk/ontology/admingeo/UnitaryAuthority,Scotland,http://data.ordnancesurvey.co.uk/id/7000000000041429,Scotland,http://data.ordnancesurvey.co.uk/id/country/scotland,,,
KA278HH,http://data.ordnancesurvey.co.uk/id/postcodeunit/KA278HH,KA27 8HH,,,,other,Postcode,195248.000,650270.000,3500,18000,,,,,,,,,,,,,North Ayrshire,http://data.ordnancesurvey.co.uk/id/7000000000030628,http://data.ordnancesurvey.co.uk/ontology/admingeo/UnitaryAuthority,Scotland,http://data.ordnancesurvey.co.uk/id/7000000000041429,Scotland,http://data.ordnancesurvey.co.uk/id/country/scotland,,,
PA296YQ,http://data.ordnancesurvey.co.uk/id/postcodeunit/PA296YQ,PA29 6YQ,,,,other,Postcode,183224.000,651628.000,3500,18000,,,,,,,,,,,,,Argyll and Bute,http://data.ordnancesurvey.co.uk/id/7000000000030106,http://data.ordnancesurvey.co.uk/ontology/admingeo/UnitaryAuthority,Scotland,http://data.ordnancesurvey.co.uk/id/7000000000041429,Scotland,http://data.ordnancesurvey.co.uk/id/country/scotland,,,
KA278HJ,http://data.ordnancesurvey.co.uk/id/postcodeunit/KA278HJ,KA27 8HJ,,,,other,Postcode,194008.000,650001.000,3500,18000,,,,,,,Lochranza,http://data.ordnancesurvey.co.uk/id/4000000074584891,http://www.ordnancesurvey.co.uk/xml/codelists/localtype.xml#village,,,,North Ayrshire,http://data.ordnancesurvey.co.uk/id/7000000000030628,http://data.ordnancesurvey.co.uk/ontology/admingeo/UnitaryAuthority,Scotland,http://data.ordnancesurvey.co.uk/id/7000000000041429,Scotland,http://data.ordnancesurvey.co.uk/id/country/scotland,,,
osgb4000000004874709,http://data.ordnancesurvey.co.uk/id/4000000004874709,B8001,,,,transportNetwork,Numbered Road,185807.000,658925.000,52000,250000,182281.000,656079.000,190311.000,661897.100,PA29,http://data.ordnancesurvey.co.uk/id/postcodedistrict/PA29,,,,,,,Argyll and Bute,http://data.ordnancesurvey.co.uk/id/7000000000030106,http://data.ordnancesurvey.co.uk/ontology/admingeo/UnitaryAuthority,Scotland,http://data.ordnancesurvey.co.uk/id/7000000000041429,Scotland,http://data.ordnancesurvey.co.uk/id/country/scotland,,,
osgb4000000004874434,http://data.ordnancesurvey.co.uk/id/4000000004874434,Newton Road,,,,transportNetwork,Named Road,193629.076,650872.583,8000,20000,193191.750,650226.372,193949.966,651385.000,KA27,http://data.ordnancesurvey.co.uk/id/postcodedistrict/KA27,Lochranza,http://data.ordnancesurvey.co.uk/id/4000000074584891,http://www.ordnancesurvey.co.uk/xml/codelists/localtype.xml#village,,,,North Ayrshire,http://data.ordnancesurvey.co.uk/id/7000000000030628,http://data.ordnancesurvey.co.uk/ontology/admingeo/UnitaryAuthority,Scotland,http://data.ordnancesurvey.co.uk/id/7000000000041429,Scotland,http://data.ordnancesurvey.co.uk/id/country/scotland,,,
osgb4000000004878232,http://data.ordnancesurvey.co.uk/id/4000000004878232,Mid Penrioch Place,,,,transportNetwork,Named Road,187357.662,644695.532,1000,20000,187339.029,644678.576,187361.130,644713.515,KA27,http://data.ordnancesurvey.co.uk/id/postcodedistrict/KA27,Pirnmill,http://data.ordnancesurvey.co.uk/id/4000000074544696,http://www.ordnancesurvey.co.uk/xml/codelists/localtype.xml#village,,,,North Ayrshire,http://data.ordnancesurvey.co.uk/id/7000000000030628,http://data.ordnancesurvey.co.uk/ontology/admingeo/UnitaryAuthority,Scotland,http://data.ordnancesurvey.co.uk/id/7000000000041429,Scotland,http://data.ordnancesurvey.co.uk/id/country/scotland,,,
PA296XU,http://data.ordnancesurvey.co.uk/id/postcodeunit/PA296XU,PA29 6XU,,,,other,Postcode,190493.000,657887.000,3500,18000,,,,,,,Skipness,http://data.ordnancesurvey.co.uk/id/4000000074552721,http://www.ordnancesurvey.co.uk/xml/codelists/localtype.xml#otherSettlement,,,,Argyll and Bute,http://data.ordnancesurvey.co.uk/id/7000000000030106,http://data.ordnancesurvey.co.uk/ontology/admingeo/UnitaryAuthority,Scotland,http://data.ordnancesurvey.co.uk/id/7000000000041429,Scotland,http://data.ordnancesurvey.co.uk/id/country/scotland,,,
KA278HL,http://data.ordnancesurvey.co.uk/id/postcodeunit/KA278HL,KA27 8HL,,,,other,Postcode,193359.000,650429.000,3500,18000,,,,,,,Lochranza,http://data.ordnancesurvey.co.uk/id/4000000074584891,http://www.ordnancesurvey.co.uk/xml/codelists/localtype.xml#village,,,,North Ayrshire,http://data.ordnancesurvey.co.uk/id/7000000000030628,http://data.ordnancesurvey.co.uk/ontology/admingeo/UnitaryAuthority,Scotland,http://data.ordnancesurvey.co.uk/id/7000000000041429,Scotland,http://data.ordnancesurvey.co.uk/id/country/scotland,,,
