﻿osgb4000000074548864,http://data.ordnancesurvey.co.uk/id/4000000074548864,Sandbank,,,,populatedPlace,Village,216293.000,680174.000,17000,250000,215060.583,679427.915,217691.170,681608.681,PA23,http://data.ordnancesurvey.co.uk/id/postcodedistrict/PA23,,,,,,,Argyll and Bute,http://data.ordnancesurvey.co.uk/id/7000000000030106,http://data.ordnancesurvey.co.uk/ontology/admingeo/UnitaryAuthority,Scotland,http://data.ordnancesurvey.co.uk/id/7000000000041429,Scotland,http://data.ordnancesurvey.co.uk/id/country/scotland,,,http://sws.geonames.org/2638599
osgb4000000074549256,http://data.ordnancesurvey.co.uk/id/4000000074549256,Ardentinny,,,,populatedPlace,Village,218873.000,687150.000,9000,250000,218515.371,686551.496,219023.217,687893.692,PA23,http://data.ordnancesurvey.co.uk/id/postcodedistrict/PA23,,,,,,,Argyll and Bute,http://data.ordnancesurvey.co.uk/id/7000000000030106,http://data.ordnancesurvey.co.uk/ontology/admingeo/UnitaryAuthority,Scotland,http://data.ordnancesurvey.co.uk/id/7000000000041429,Scotland,http://data.ordnancesurvey.co.uk/id/country/scotland,,,http://sws.geonames.org/2657190
osgb4000000074549257,http://data.ordnancesurvey.co.uk/id/4000000074549257,Clachaig,,,,populatedPlace,Hamlet,211784.000,681551.530,5000,25000,211654.598,681266.933,212228.743,681766.933,PA23,http://data.ordnancesurvey.co.uk/id/postcodedistrict/PA23,,,,,,,Argyll and Bute,http://data.ordnancesurvey.co.uk/id/7000000000030106,http://data.ordnancesurvey.co.uk/ontology/admingeo/UnitaryAuthority,Scotland,http://data.ordnancesurvey.co.uk/id/7000000000041429,Scotland,http://data.ordnancesurvey.co.uk/id/country/scotland,,,http://sws.geonames.org/2652988
osgb4000000074548862,http://data.ordnancesurvey.co.uk/id/4000000074548862,Kilmun,,,,populatedPlace,Village,217737.472,681227.360,19000,250000,215379.412,680946.800,218231.215,683299.487,PA23,http://data.ordnancesurvey.co.uk/id/postcodedistrict/PA23,,,,,,,Argyll and Bute,http://data.ordnancesurvey.co.uk/id/7000000000030106,http://data.ordnancesurvey.co.uk/ontology/admingeo/UnitaryAuthority,Scotland,http://data.ordnancesurvey.co.uk/id/7000000000041429,Scotland,http://data.ordnancesurvey.co.uk/id/country/scotland,,http://dbpedia.org/resource/Kilmun,http://sws.geonames.org/2645572
osgb4000000074338063,http://data.ordnancesurvey.co.uk/id/4000000074338063,Barnacabber,,,,populatedPlace,Other Settlement,218205.000,688576.000,15000,25000,217412.050,688346.132,218936.059,689425.633,PA23,http://data.ordnancesurvey.co.uk/id/postcodedistrict/PA23,,,,,,,Argyll and Bute,http://data.ordnancesurvey.co.uk/id/7000000000030106,http://data.ordnancesurvey.co.uk/ontology/admingeo/UnitaryAuthority,Scotland,http://data.ordnancesurvey.co.uk/id/7000000000041429,Scotland,http://data.ordnancesurvey.co.uk/id/country/scotland,,,
osgb4000000074334708,http://data.ordnancesurvey.co.uk/id/4000000074334708,Glen Sluain,,,,populatedPlace,Hamlet,209882.310,699538.290,5000,25000,209478.057,699297.671,209978.057,699797.671,PA27,http://data.ordnancesurvey.co.uk/id/postcodedistrict/PA27,,,,,,,Argyll and Bute,http://data.ordnancesurvey.co.uk/id/7000000000030106,http://data.ordnancesurvey.co.uk/ontology/admingeo/UnitaryAuthority,Scotland,http://data.ordnancesurvey.co.uk/id/7000000000041429,Scotland,http://data.ordnancesurvey.co.uk/id/country/scotland,,,
osgb4000000074549254,http://data.ordnancesurvey.co.uk/id/4000000074549254,Blairmore,,,,populatedPlace,Village,219416.800,681763.400,18000,250000,218832.724,680605.278,219648.234,683394.290,PA23,http://data.ordnancesurvey.co.uk/id/postcodedistrict/PA23,,,,,,,Argyll and Bute,http://data.ordnancesurvey.co.uk/id/7000000000030106,http://data.ordnancesurvey.co.uk/ontology/admingeo/UnitaryAuthority,Scotland,http://data.ordnancesurvey.co.uk/id/7000000000041429,Scotland,http://data.ordnancesurvey.co.uk/id/country/scotland,,,http://sws.geonames.org/2655391
osgb4000000074543176,http://data.ordnancesurvey.co.uk/id/4000000074543176,Tom nan Ragh,,,,populatedPlace,Village,214873.350,681787.750,3000,250000,214617.171,681516.161,215117.171,682016.161,PA23,http://data.ordnancesurvey.co.uk/id/postcodedistrict/PA23,,,,,,,Argyll and Bute,http://data.ordnancesurvey.co.uk/id/7000000000030106,http://data.ordnancesurvey.co.uk/ontology/admingeo/UnitaryAuthority,Scotland,http://data.ordnancesurvey.co.uk/id/7000000000041429,Scotland,http://data.ordnancesurvey.co.uk/id/country/scotland,,,
osgb4000000074541238,http://data.ordnancesurvey.co.uk/id/4000000074541238,Uig,,,,populatedPlace,Hamlet,214531.000,684847.000,5000,25000,214227.014,684606.273,214727.014,685276.311,PA23,http://data.ordnancesurvey.co.uk/id/postcodedistrict/PA23,,,,,,,Argyll and Bute,http://data.ordnancesurvey.co.uk/id/7000000000030106,http://data.ordnancesurvey.co.uk/ontology/admingeo/UnitaryAuthority,Scotland,http://data.ordnancesurvey.co.uk/id/7000000000041429,Scotland,http://data.ordnancesurvey.co.uk/id/country/scotland,,,
osgb4000000074338248,http://data.ordnancesurvey.co.uk/id/4000000074338248,Benmore,,,,populatedPlace,Other Settlement,213768.000,685035.000,15000,25000,213582.491,685007.588,214491.740,686232.397,PA23,http://data.ordnancesurvey.co.uk/id/postcodedistrict/PA23,,,,,,,Argyll and Bute,http://data.ordnancesurvey.co.uk/id/7000000000030106,http://data.ordnancesurvey.co.uk/ontology/admingeo/UnitaryAuthority,Scotland,http://data.ordnancesurvey.co.uk/id/7000000000041429,Scotland,http://data.ordnancesurvey.co.uk/id/country/scotland,,,http://sws.geonames.org/2655893
osgb4000000074548863,http://data.ordnancesurvey.co.uk/id/4000000074548863,Ardnadam,,,,populatedPlace,Suburban Area,216492.010,680157.729,9000,25000,215979.245,679427.970,217406.648,680531.873,PA23,http://data.ordnancesurvey.co.uk/id/postcodedistrict/PA23,,,,,,,Argyll and Bute,http://data.ordnancesurvey.co.uk/id/7000000000030106,http://data.ordnancesurvey.co.uk/ontology/admingeo/UnitaryAuthority,Scotland,http://data.ordnancesurvey.co.uk/id/7000000000041429,Scotland,http://data.ordnancesurvey.co.uk/id/country/scotland,,http://dbpedia.org/resource/Ardnadam,
osgb4000000074548660,http://data.ordnancesurvey.co.uk/id/4000000074548660,Lochgoilhead,,,,populatedPlace,Village,219179.000,699868.000,21000,250000,218616.027,698723.582,220810.137,701880.698,PA24,http://data.ordnancesurvey.co.uk/id/postcodedistrict/PA24,,,,,,,Argyll and Bute,http://data.ordnancesurvey.co.uk/id/7000000000030106,http://data.ordnancesurvey.co.uk/ontology/admingeo/UnitaryAuthority,Scotland,http://data.ordnancesurvey.co.uk/id/7000000000041429,Scotland,http://data.ordnancesurvey.co.uk/id/country/scotland,,,http://sws.geonames.org/2643824
osgb4000000074549633,http://data.ordnancesurvey.co.uk/id/4000000074549633,Glenbranter,,,,populatedPlace,Hamlet,211310.000,698022.000,5000,25000,210852.345,697113.463,211381.472,698138.639,PA27,http://data.ordnancesurvey.co.uk/id/postcodedistrict/PA27,,,,,,,Argyll and Bute,http://data.ordnancesurvey.co.uk/id/7000000000030106,http://data.ordnancesurvey.co.uk/ontology/admingeo/UnitaryAuthority,Scotland,http://data.ordnancesurvey.co.uk/id/7000000000041429,Scotland,http://data.ordnancesurvey.co.uk/id/country/scotland,,,
osgb4000000074548861,http://data.ordnancesurvey.co.uk/id/4000000074548861,Strone,,,,populatedPlace,Hamlet,218695.749,680808.584,5000,25000,218157.425,680471.628,219377.695,681149.325,PA23,http://data.ordnancesurvey.co.uk/id/postcodedistrict/PA23,,,,,,,Argyll and Bute,http://data.ordnancesurvey.co.uk/id/7000000000030106,http://data.ordnancesurvey.co.uk/ontology/admingeo/UnitaryAuthority,Scotland,http://data.ordnancesurvey.co.uk/id/7000000000041429,Scotland,http://data.ordnancesurvey.co.uk/id/country/scotland,,http://dbpedia.org/resource/Strone,http://sws.geonames.org/2636631
osgb4000000074549634,http://data.ordnancesurvey.co.uk/id/4000000074549634,Newton,,,,populatedPlace,Hamlet,205023.000,698705.000,5000,25000,204090.002,698195.303,205373.090,698884.006,PA27,http://data.ordnancesurvey.co.uk/id/postcodedistrict/PA27,,,,,,,Argyll and Bute,http://data.ordnancesurvey.co.uk/id/7000000000030106,http://data.ordnancesurvey.co.uk/ontology/admingeo/UnitaryAuthority,Scotland,http://data.ordnancesurvey.co.uk/id/7000000000041429,Scotland,http://data.ordnancesurvey.co.uk/id/country/scotland,,,http://sws.geonames.org/2641558
PA238BF,http://data.ordnancesurvey.co.uk/id/postcodeunit/PA238BF,PA23 8BF,,,,other,Postcode,216274.000,680180.000,3500,18000,,,,,,,Sandbank,http://data.ordnancesurvey.co.uk/id/4000000074548864,http://www.ordnancesurvey.co.uk/xml/codelists/localtype.xml#village,,,,Argyll and Bute,http://data.ordnancesurvey.co.uk/id/7000000000030106,http://data.ordnancesurvey.co.uk/ontology/admingeo/UnitaryAuthority,Scotland,http://data.ordnancesurvey.co.uk/id/7000000000041429,Scotland,http://data.ordnancesurvey.co.uk/id/country/scotland,,,
PA328XX,http://data.ordnancesurvey.co.uk/id/postcodeunit/PA328XX,PA32 8XX,,,,other,Postcode,202205.000,699937.000,3500,18000,,,,,,,Furnace,http://data.ordnancesurvey.co.uk/id/4000000074335142,http://www.ordnancesurvey.co.uk/xml/codelists/localtype.xml#village,,,,Argyll and Bute,http://data.ordnancesurvey.co.uk/id/7000000000030106,http://data.ordnancesurvey.co.uk/ontology/admingeo/UnitaryAuthority,Scotland,http://data.ordnancesurvey.co.uk/id/7000000000041429,Scotland,http://data.ordnancesurvey.co.uk/id/country/scotland,,,
PA238RS,http://data.ordnancesurvey.co.uk/id/postcodeunit/PA238RS,PA23 8RS,,,,other,Postcode,218603.000,680967.000,3500,18000,,,,,,,Strone,http://data.ordnancesurvey.co.uk/id/4000000074548861,http://www.ordnancesurvey.co.uk/xml/codelists/localtype.xml#hamlet,,,,Argyll and Bute,http://data.ordnancesurvey.co.uk/id/7000000000030106,http://data.ordnancesurvey.co.uk/ontology/admingeo/UnitaryAuthority,Scotland,http://data.ordnancesurvey.co.uk/id/7000000000041429,Scotland,http://data.ordnancesurvey.co.uk/id/country/scotland,,,
PA238TJ,http://data.ordnancesurvey.co.uk/id/postcodeunit/PA238TJ,PA23 8TJ,,,,other,Postcode,219486.000,682094.000,3500,18000,,,,,,,Blairmore,http://data.ordnancesurvey.co.uk/id/4000000074549254,http://www.ordnancesurvey.co.uk/xml/codelists/localtype.xml#village,,,,Argyll and Bute,http://data.ordnancesurvey.co.uk/id/7000000000030106,http://data.ordnancesurvey.co.uk/ontology/admingeo/UnitaryAuthority,Scotland,http://data.ordnancesurvey.co.uk/id/7000000000041429,Scotland,http://data.ordnancesurvey.co.uk/id/country/scotland,,,
PA238QW,http://data.ordnancesurvey.co.uk/id/postcodeunit/PA238QW,PA23 8QW,,,,other,Postcode,214813.000,681807.000,3500,18000,,,,,,,Tom nan Ragh,http://data.ordnancesurvey.co.uk/id/4000000074543176,http://www.ordnancesurvey.co.uk/xml/codelists/localtype.xml#village,,,,Argyll and Bute,http://data.ordnancesurvey.co.uk/id/7000000000030106,http://data.ordnancesurvey.co.uk/ontology/admingeo/UnitaryAuthority,Scotland,http://data.ordnancesurvey.co.uk/id/7000000000041429,Scotland,http://data.ordnancesurvey.co.uk/id/country/scotland,,,
PA238PT,http://data.ordnancesurvey.co.uk/id/postcodeunit/PA238PT,PA23 8PT,,,,other,Postcode,216452.000,680018.000,3500,18000,,,,,,,Sandbank,http://data.ordnancesurvey.co.uk/id/4000000074548864,http://www.ordnancesurvey.co.uk/xml/codelists/localtype.xml#village,,,,Argyll and Bute,http://data.ordnancesurvey.co.uk/id/7000000000030106,http://data.ordnancesurvey.co.uk/ontology/admingeo/UnitaryAuthority,Scotland,http://data.ordnancesurvey.co.uk/id/7000000000041429,Scotland,http://data.ordnancesurvey.co.uk/id/country/scotland,,,
PA278BZ,http://data.ordnancesurvey.co.uk/id/postcodeunit/PA278BZ,PA27 8BZ,,,,other,Postcode,206884.000,699895.000,3500,18000,,,,,,,,,,,,,Argyll and Bute,http://data.ordnancesurvey.co.uk/id/7000000000030106,http://data.ordnancesurvey.co.uk/ontology/admingeo/UnitaryAuthority,Scotland,http://data.ordnancesurvey.co.uk/id/7000000000041429,Scotland,http://data.ordnancesurvey.co.uk/id/country/scotland,,,
PA248AS,http://data.ordnancesurvey.co.uk/id/postcodeunit/PA248AS,PA24 8AS,,,,other,Postcode,219964.000,693657.000,3500,18000,,,,,,,,,,,,,Argyll and Bute,http://data.ordnancesurvey.co.uk/id/7000000000030106,http://data.ordnancesurvey.co.uk/ontology/admingeo/UnitaryAuthority,Scotland,http://data.ordnancesurvey.co.uk/id/7000000000041429,Scotland,http://data.ordnancesurvey.co.uk/id/country/scotland,,,
PA238TN,http://data.ordnancesurvey.co.uk/id/postcodeunit/PA238TN,PA23 8TN,,,,other,Postcode,219062.000,683270.000,3500,18000,,,,,,,Blairmore,http://data.ordnancesurvey.co.uk/id/4000000074549254,http://www.ordnancesurvey.co.uk/xml/codelists/localtype.xml#village,,,,Argyll and Bute,http://data.ordnancesurvey.co.uk/id/7000000000030106,http://data.ordnancesurvey.co.uk/ontology/admingeo/UnitaryAuthority,Scotland,http://data.ordnancesurvey.co.uk/id/7000000000041429,Scotland,http://data.ordnancesurvey.co.uk/id/country/scotland,,,
PA238SA,http://data.ordnancesurvey.co.uk/id/postcodeunit/PA238SA,PA23 8SA,,,,other,Postcode,217532.000,681334.000,3500,18000,,,,,,,Kilmun,http://data.ordnancesurvey.co.uk/id/4000000074548862,http://www.ordnancesurvey.co.uk/xml/codelists/localtype.xml#village,,,,Argyll and Bute,http://data.ordnancesurvey.co.uk/id/7000000000030106,http://data.ordnancesurvey.co.uk/ontology/admingeo/UnitaryAuthority,Scotland,http://data.ordnancesurvey.co.uk/id/7000000000041429,Scotland,http://data.ordnancesurvey.co.uk/id/country/scotland,,,
PA238PD,http://data.ordnancesurvey.co.uk/id/postcodeunit/PA238PD,PA23 8PD,,,,other,Postcode,215567.000,681130.000,3500,18000,,,,,,,Sandbank,http://data.ordnancesurvey.co.uk/id/4000000074548864,http://www.ordnancesurvey.co.uk/xml/codelists/localtype.xml#village,,,,Argyll and Bute,http://data.ordnancesurvey.co.uk/id/7000000000030106,http://data.ordnancesurvey.co.uk/ontology/admingeo/UnitaryAuthority,Scotland,http://data.ordnancesurvey.co.uk/id/7000000000041429,Scotland,http://data.ordnancesurvey.co.uk/id/country/scotland,,,
PA278DB,http://data.ordnancesurvey.co.uk/id/postcodeunit/PA278DB,PA27 8DB,,,,other,Postcode,204175.000,698023.000,3500,18000,,,,,,,,,,,,,Argyll and Bute,http://data.ordnancesurvey.co.uk/id/7000000000030106,http://data.ordnancesurvey.co.uk/ontology/admingeo/UnitaryAuthority,Scotland,http://data.ordnancesurvey.co.uk/id/7000000000041429,Scotland,http://data.ordnancesurvey.co.uk/id/country/scotland,,,
PA238QF,http://data.ordnancesurvey.co.uk/id/postcodeunit/PA238QF,PA23 8QF,,,,other,Postcode,217164.000,680120.000,3500,18000,,,,,,,Sandbank,http://data.ordnancesurvey.co.uk/id/4000000074548864,http://www.ordnancesurvey.co.uk/xml/codelists/localtype.xml#village,,,,Argyll and Bute,http://data.ordnancesurvey.co.uk/id/7000000000030106,http://data.ordnancesurvey.co.uk/ontology/admingeo/UnitaryAuthority,Scotland,http://data.ordnancesurvey.co.uk/id/7000000000041429,Scotland,http://data.ordnancesurvey.co.uk/id/country/scotland,,,
PA238QN,http://data.ordnancesurvey.co.uk/id/postcodeunit/PA238QN,PA23 8QN,,,,other,Postcode,214974.000,681653.000,3500,18000,,,,,,,Tom nan Ragh,http://data.ordnancesurvey.co.uk/id/4000000074543176,http://www.ordnancesurvey.co.uk/xml/codelists/localtype.xml#village,,,,Argyll and Bute,http://data.ordnancesurvey.co.uk/id/7000000000030106,http://data.ordnancesurvey.co.uk/ontology/admingeo/UnitaryAuthority,Scotland,http://data.ordnancesurvey.co.uk/id/7000000000041429,Scotland,http://data.ordnancesurvey.co.uk/id/country/scotland,,,
PA238TU,http://data.ordnancesurvey.co.uk/id/postcodeunit/PA238TU,PA23 8TU,,,,other,Postcode,218828.000,687202.000,3500,18000,,,,,,,Ardentinny,http://data.ordnancesurvey.co.uk/id/4000000074549256,http://www.ordnancesurvey.co.uk/xml/codelists/localtype.xml#village,,,,Argyll and Bute,http://data.ordnancesurvey.co.uk/id/7000000000030106,http://data.ordnancesurvey.co.uk/ontology/admingeo/UnitaryAuthority,Scotland,http://data.ordnancesurvey.co.uk/id/7000000000041429,Scotland,http://data.ordnancesurvey.co.uk/id/country/scotland,,,
PA238QD,http://data.ordnancesurvey.co.uk/id/postcodeunit/PA238QD,PA23 8QD,,,,other,Postcode,216732.000,680292.000,3500,18000,,,,,,,Sandbank,http://data.ordnancesurvey.co.uk/id/4000000074548864,http://www.ordnancesurvey.co.uk/xml/codelists/localtype.xml#village,,,,Argyll and Bute,http://data.ordnancesurvey.co.uk/id/7000000000030106,http://data.ordnancesurvey.co.uk/ontology/admingeo/UnitaryAuthority,Scotland,http://data.ordnancesurvey.co.uk/id/7000000000041429,Scotland,http://data.ordnancesurvey.co.uk/id/country/scotland,,,
PA238SB,http://data.ordnancesurvey.co.uk/id/postcodeunit/PA238SB,PA23 8SB,,,,other,Postcode,217268.000,681495.000,3500,18000,,,,,,,Kilmun,http://data.ordnancesurvey.co.uk/id/4000000074548862,http://www.ordnancesurvey.co.uk/xml/codelists/localtype.xml#village,,,,Argyll and Bute,http://data.ordnancesurvey.co.uk/id/7000000000030106,http://data.ordnancesurvey.co.uk/ontology/admingeo/UnitaryAuthority,Scotland,http://data.ordnancesurvey.co.uk/id/7000000000041429,Scotland,http://data.ordnancesurvey.co.uk/id/country/scotland,,,
PA238TS,http://data.ordnancesurvey.co.uk/id/postcodeunit/PA238TS,PA23 8TS,,,,other,Postcode,218679.000,688724.000,3500,18000,,,,,,,Barnacabber,http://data.ordnancesurvey.co.uk/id/4000000074338063,http://www.ordnancesurvey.co.uk/xml/codelists/localtype.xml#otherSettlement,,,,Argyll and Bute,http://data.ordnancesurvey.co.uk/id/7000000000030106,http://data.ordnancesurvey.co.uk/ontology/admingeo/UnitaryAuthority,Scotland,http://data.ordnancesurvey.co.uk/id/7000000000041429,Scotland,http://data.ordnancesurvey.co.uk/id/country/scotland,,,
PA238QB,http://data.ordnancesurvey.co.uk/id/postcodeunit/PA238QB,PA23 8QB,,,,other,Postcode,216283.000,680381.000,3500,18000,,,,,,,Sandbank,http://data.ordnancesurvey.co.uk/id/4000000074548864,http://www.ordnancesurvey.co.uk/xml/codelists/localtype.xml#village,,,,Argyll and Bute,http://data.ordnancesurvey.co.uk/id/7000000000030106,http://data.ordnancesurvey.co.uk/ontology/admingeo/UnitaryAuthority,Scotland,http://data.ordnancesurvey.co.uk/id/7000000000041429,Scotland,http://data.ordnancesurvey.co.uk/id/country/scotland,,,
PA238RX,http://data.ordnancesurvey.co.uk/id/postcodeunit/PA238RX,PA23 8RX,,,,other,Postcode,218379.000,680927.000,3500,18000,,,,,,,Strone,http://data.ordnancesurvey.co.uk/id/4000000074548861,http://www.ordnancesurvey.co.uk/xml/codelists/localtype.xml#hamlet,,,,Argyll and Bute,http://data.ordnancesurvey.co.uk/id/7000000000030106,http://data.ordnancesurvey.co.uk/ontology/admingeo/UnitaryAuthority,Scotland,http://data.ordnancesurvey.co.uk/id/7000000000041429,Scotland,http://data.ordnancesurvey.co.uk/id/country/scotland,,,
PA238FH,http://data.ordnancesurvey.co.uk/id/postcodeunit/PA238FH,PA23 8FH,,,,other,Postcode,217156.000,680284.000,3500,18000,,,,,,,Sandbank,http://data.ordnancesurvey.co.uk/id/4000000074548864,http://www.ordnancesurvey.co.uk/xml/codelists/localtype.xml#village,,,,Argyll and Bute,http://data.ordnancesurvey.co.uk/id/7000000000030106,http://data.ordnancesurvey.co.uk/ontology/admingeo/UnitaryAuthority,Scotland,http://data.ordnancesurvey.co.uk/id/7000000000041429,Scotland,http://data.ordnancesurvey.co.uk/id/country/scotland,,,
PA238SF,http://data.ordnancesurvey.co.uk/id/postcodeunit/PA238SF,PA23 8SF,,,,other,Postcode,215869.000,682754.000,3500,18000,,,,,,,Kilmun,http://data.ordnancesurvey.co.uk/id/4000000074548862,http://www.ordnancesurvey.co.uk/xml/codelists/localtype.xml#village,,,,Argyll and Bute,http://data.ordnancesurvey.co.uk/id/7000000000030106,http://data.ordnancesurvey.co.uk/ontology/admingeo/UnitaryAuthority,Scotland,http://data.ordnancesurvey.co.uk/id/7000000000041429,Scotland,http://data.ordnancesurvey.co.uk/id/country/scotland,,,
PA278BU,http://data.ordnancesurvey.co.uk/id/postcodeunit/PA278BU,PA27 8BU,,,,other,Postcode,200129.000,694242.000,3500,18000,,,,,,,,,,,,,Argyll and Bute,http://data.ordnancesurvey.co.uk/id/7000000000030106,http://data.ordnancesurvey.co.uk/ontology/admingeo/UnitaryAuthority,Scotland,http://data.ordnancesurvey.co.uk/id/7000000000041429,Scotland,http://data.ordnancesurvey.co.uk/id/country/scotland,,,
PA238RG,http://data.ordnancesurvey.co.uk/id/postcodeunit/PA238RG,PA23 8RG,,,,other,Postcode,206038.000,682943.000,3500,18000,,,,,,,,,,,,,Argyll and Bute,http://data.ordnancesurvey.co.uk/id/7000000000030106,http://data.ordnancesurvey.co.uk/ontology/admingeo/UnitaryAuthority,Scotland,http://data.ordnancesurvey.co.uk/id/7000000000041429,Scotland,http://data.ordnancesurvey.co.uk/id/country/scotland,,,
PA238QX,http://data.ordnancesurvey.co.uk/id/postcodeunit/PA238QX,PA23 8QX,,,,other,Postcode,213873.000,685423.000,3500,18000,,,,,,,Benmore,http://data.ordnancesurvey.co.uk/id/4000000074338248,http://www.ordnancesurvey.co.uk/xml/codelists/localtype.xml#otherSettlement,,,,Argyll and Bute,http://data.ordnancesurvey.co.uk/id/7000000000030106,http://data.ordnancesurvey.co.uk/ontology/admingeo/UnitaryAuthority,Scotland,http://data.ordnancesurvey.co.uk/id/7000000000041429,Scotland,http://data.ordnancesurvey.co.uk/id/country/scotland,,,
PA238QH,http://data.ordnancesurvey.co.uk/id/postcodeunit/PA238QH,PA23 8QH,,,,other,Postcode,216891.000,680143.000,3500,18000,,,,,,,Sandbank,http://data.ordnancesurvey.co.uk/id/4000000074548864,http://www.ordnancesurvey.co.uk/xml/codelists/localtype.xml#village,,,,Argyll and Bute,http://data.ordnancesurvey.co.uk/id/7000000000030106,http://data.ordnancesurvey.co.uk/ontology/admingeo/UnitaryAuthority,Scotland,http://data.ordnancesurvey.co.uk/id/7000000000041429,Scotland,http://data.ordnancesurvey.co.uk/id/country/scotland,,,
PA328XZ,http://data.ordnancesurvey.co.uk/id/postcodeunit/PA328XZ,PA32 8XZ,,,,other,Postcode,200150.000,698600.000,3500,18000,,,,,,,Furnace,http://data.ordnancesurvey.co.uk/id/4000000074335142,http://www.ordnancesurvey.co.uk/xml/codelists/localtype.xml#village,,,,Argyll and Bute,http://data.ordnancesurvey.co.uk/id/7000000000030106,http://data.ordnancesurvey.co.uk/ontology/admingeo/UnitaryAuthority,Scotland,http://data.ordnancesurvey.co.uk/id/7000000000041429,Scotland,http://data.ordnancesurvey.co.uk/id/country/scotland,,,
PA238PZ,http://data.ordnancesurvey.co.uk/id/postcodeunit/PA238PZ,PA23 8PZ,,,,other,Postcode,216434.000,680165.000,3500,18000,,,,,,,Sandbank,http://data.ordnancesurvey.co.uk/id/4000000074548864,http://www.ordnancesurvey.co.uk/xml/codelists/localtype.xml#village,,,,Argyll and Bute,http://data.ordnancesurvey.co.uk/id/7000000000030106,http://data.ordnancesurvey.co.uk/ontology/admingeo/UnitaryAuthority,Scotland,http://data.ordnancesurvey.co.uk/id/7000000000041429,Scotland,http://data.ordnancesurvey.co.uk/id/country/scotland,,,
PA238PE,http://data.ordnancesurvey.co.uk/id/postcodeunit/PA238PE,PA23 8PE,,,,other,Postcode,216049.000,680565.000,3500,18000,,,,,,,Sandbank,http://data.ordnancesurvey.co.uk/id/4000000074548864,http://www.ordnancesurvey.co.uk/xml/codelists/localtype.xml#village,,,,Argyll and Bute,http://data.ordnancesurvey.co.uk/id/7000000000030106,http://data.ordnancesurvey.co.uk/ontology/admingeo/UnitaryAuthority,Scotland,http://data.ordnancesurvey.co.uk/id/7000000000041429,Scotland,http://data.ordnancesurvey.co.uk/id/country/scotland,,,
PA238TB,http://data.ordnancesurvey.co.uk/id/postcodeunit/PA238TB,PA23 8TB,,,,other,Postcode,219116.000,680550.000,3500,18000,,,,,,,Strone,http://data.ordnancesurvey.co.uk/id/4000000074548861,http://www.ordnancesurvey.co.uk/xml/codelists/localtype.xml#hamlet,,,,Argyll and Bute,http://data.ordnancesurvey.co.uk/id/7000000000030106,http://data.ordnancesurvey.co.uk/ontology/admingeo/UnitaryAuthority,Scotland,http://data.ordnancesurvey.co.uk/id/7000000000041429,Scotland,http://data.ordnancesurvey.co.uk/id/country/scotland,,,
PA223AE,http://data.ordnancesurvey.co.uk/id/postcodeunit/PA223AE,PA22 3AE,,,,other,Postcode,201473.000,687671.000,3500,18000,,,,,,,,,,,,,Argyll and Bute,http://data.ordnancesurvey.co.uk/id/7000000000030106,http://data.ordnancesurvey.co.uk/ontology/admingeo/UnitaryAuthority,Scotland,http://data.ordnancesurvey.co.uk/id/7000000000041429,Scotland,http://data.ordnancesurvey.co.uk/id/country/scotland,,,
PA238PA,http://data.ordnancesurvey.co.uk/id/postcodeunit/PA238PA,PA23 8PA,,,,other,Postcode,215946.000,680644.000,3500,18000,,,,,,,Sandbank,http://data.ordnancesurvey.co.uk/id/4000000074548864,http://www.ordnancesurvey.co.uk/xml/codelists/localtype.xml#village,,,,Argyll and Bute,http://data.ordnancesurvey.co.uk/id/7000000000030106,http://data.ordnancesurvey.co.uk/ontology/admingeo/UnitaryAuthority,Scotland,http://data.ordnancesurvey.co.uk/id/7000000000041429,Scotland,http://data.ordnancesurvey.co.uk/id/country/scotland,,,
PA223AD,http://data.ordnancesurvey.co.uk/id/postcodeunit/PA223AD,PA22 3AD,,,,other,Postcode,204081.000,691118.000,3500,18000,,,,,,,,,,,,,Argyll and Bute,http://data.ordnancesurvey.co.uk/id/7000000000030106,http://data.ordnancesurvey.co.uk/ontology/admingeo/UnitaryAuthority,Scotland,http://data.ordnancesurvey.co.uk/id/7000000000041429,Scotland,http://data.ordnancesurvey.co.uk/id/country/scotland,,,
PA238QG,http://data.ordnancesurvey.co.uk/id/postcodeunit/PA238QG,PA23 8QG,,,,other,Postcode,217261.000,680278.000,3500,18000,,,,,,,Sandbank,http://data.ordnancesurvey.co.uk/id/4000000074548864,http://www.ordnancesurvey.co.uk/xml/codelists/localtype.xml#village,,,,Argyll and Bute,http://data.ordnancesurvey.co.uk/id/7000000000030106,http://data.ordnancesurvey.co.uk/ontology/admingeo/UnitaryAuthority,Scotland,http://data.ordnancesurvey.co.uk/id/7000000000041429,Scotland,http://data.ordnancesurvey.co.uk/id/country/scotland,,,
PA238QS,http://data.ordnancesurvey.co.uk/id/postcodeunit/PA238QS,PA23 8QS,,,,other,Postcode,214883.000,682683.000,3500,18000,,,,,,,,,,,,,Argyll and Bute,http://data.ordnancesurvey.co.uk/id/7000000000030106,http://data.ordnancesurvey.co.uk/ontology/admingeo/UnitaryAuthority,Scotland,http://data.ordnancesurvey.co.uk/id/7000000000041429,Scotland,http://data.ordnancesurvey.co.uk/id/country/scotland,,,
PA328XU,http://data.ordnancesurvey.co.uk/id/postcodeunit/PA328XU,PA32 8XU,,,,other,Postcode,201409.000,699603.000,3500,18000,,,,,,,Furnace,http://data.ordnancesurvey.co.uk/id/4000000074335142,http://www.ordnancesurvey.co.uk/xml/codelists/localtype.xml#village,,,,Argyll and Bute,http://data.ordnancesurvey.co.uk/id/7000000000030106,http://data.ordnancesurvey.co.uk/ontology/admingeo/UnitaryAuthority,Scotland,http://data.ordnancesurvey.co.uk/id/7000000000041429,Scotland,http://data.ordnancesurvey.co.uk/id/country/scotland,,,
PA238PN,http://data.ordnancesurvey.co.uk/id/postcodeunit/PA238PN,PA23 8PN,,,,other,Postcode,216317.000,680073.000,3500,18000,,,,,,,Sandbank,http://data.ordnancesurvey.co.uk/id/4000000074548864,http://www.ordnancesurvey.co.uk/xml/codelists/localtype.xml#village,,,,Argyll and Bute,http://data.ordnancesurvey.co.uk/id/7000000000030106,http://data.ordnancesurvey.co.uk/ontology/admingeo/UnitaryAuthority,Scotland,http://data.ordnancesurvey.co.uk/id/7000000000041429,Scotland,http://data.ordnancesurvey.co.uk/id/country/scotland,,,
PA328XY,http://data.ordnancesurvey.co.uk/id/postcodeunit/PA328XY,PA32 8XY,,,,other,Postcode,200409.000,698802.000,3500,18000,,,,,,,Furnace,http://data.ordnancesurvey.co.uk/id/4000000074335142,http://www.ordnancesurvey.co.uk/xml/codelists/localtype.xml#village,,,,Argyll and Bute,http://data.ordnancesurvey.co.uk/id/7000000000030106,http://data.ordnancesurvey.co.uk/ontology/admingeo/UnitaryAuthority,Scotland,http://data.ordnancesurvey.co.uk/id/7000000000041429,Scotland,http://data.ordnancesurvey.co.uk/id/country/scotland,,,
PA238PL,http://data.ordnancesurvey.co.uk/id/postcodeunit/PA238PL,PA23 8PL,,,,other,Postcode,216205.000,680221.000,3500,18000,,,,,,,Sandbank,http://data.ordnancesurvey.co.uk/id/4000000074548864,http://www.ordnancesurvey.co.uk/xml/codelists/localtype.xml#village,,,,Argyll and Bute,http://data.ordnancesurvey.co.uk/id/7000000000030106,http://data.ordnancesurvey.co.uk/ontology/admingeo/UnitaryAuthority,Scotland,http://data.ordnancesurvey.co.uk/id/7000000000041429,Scotland,http://data.ordnancesurvey.co.uk/id/country/scotland,,,
PA238RA,http://data.ordnancesurvey.co.uk/id/postcodeunit/PA238RA,PA23 8RA,,,,other,Postcode,213129.000,684969.000,3500,18000,,,,,,,,,,,,,Argyll and Bute,http://data.ordnancesurvey.co.uk/id/7000000000030106,http://data.ordnancesurvey.co.uk/ontology/admingeo/UnitaryAuthority,Scotland,http://data.ordnancesurvey.co.uk/id/7000000000041429,Scotland,http://data.ordnancesurvey.co.uk/id/country/scotland,,,
PA238QJ,http://data.ordnancesurvey.co.uk/id/postcodeunit/PA238QJ,PA23 8QJ,,,,other,Postcode,217108.000,680156.000,3500,18000,,,,,,,Sandbank,http://data.ordnancesurvey.co.uk/id/4000000074548864,http://www.ordnancesurvey.co.uk/xml/codelists/localtype.xml#village,,,,Argyll and Bute,http://data.ordnancesurvey.co.uk/id/7000000000030106,http://data.ordnancesurvey.co.uk/ontology/admingeo/UnitaryAuthority,Scotland,http://data.ordnancesurvey.co.uk/id/7000000000041429,Scotland,http://data.ordnancesurvey.co.uk/id/country/scotland,,,
PA248AE,http://data.ordnancesurvey.co.uk/id/postcodeunit/PA248AE,PA24 8AE,,,,other,Postcode,219228.000,699794.000,3500,18000,,,,,,,Lochgoilhead,http://data.ordnancesurvey.co.uk/id/4000000074548660,http://www.ordnancesurvey.co.uk/xml/codelists/localtype.xml#village,,,,Argyll and Bute,http://data.ordnancesurvey.co.uk/id/7000000000030106,http://data.ordnancesurvey.co.uk/ontology/admingeo/UnitaryAuthority,Scotland,http://data.ordnancesurvey.co.uk/id/7000000000041429,Scotland,http://data.ordnancesurvey.co.uk/id/country/scotland,,,
PA238PH,http://data.ordnancesurvey.co.uk/id/postcodeunit/PA238PH,PA23 8PH,,,,other,Postcode,216069.000,680432.000,3500,18000,,,,,,,Sandbank,http://data.ordnancesurvey.co.uk/id/4000000074548864,http://www.ordnancesurvey.co.uk/xml/codelists/localtype.xml#village,,,,Argyll and Bute,http://data.ordnancesurvey.co.uk/id/7000000000030106,http://data.ordnancesurvey.co.uk/ontology/admingeo/UnitaryAuthority,Scotland,http://data.ordnancesurvey.co.uk/id/7000000000041429,Scotland,http://data.ordnancesurvey.co.uk/id/country/scotland,,,
PA223AF,http://data.ordnancesurvey.co.uk/id/postcodeunit/PA223AF,PA22 3AF,,,,other,Postcode,200300.000,681743.000,3500,18000,,,,,,,,,,,,,Argyll and Bute,http://data.ordnancesurvey.co.uk/id/7000000000030106,http://data.ordnancesurvey.co.uk/ontology/admingeo/UnitaryAuthority,Scotland,http://data.ordnancesurvey.co.uk/id/7000000000041429,Scotland,http://data.ordnancesurvey.co.uk/id/country/scotland,,,
PA238SH,http://data.ordnancesurvey.co.uk/id/postcodeunit/PA238SH,PA23 8SH,,,,other,Postcode,217041.000,680032.000,3500,18000,,,,,,,Sandbank,http://data.ordnancesurvey.co.uk/id/4000000074548864,http://www.ordnancesurvey.co.uk/xml/codelists/localtype.xml#village,,,,Argyll and Bute,http://data.ordnancesurvey.co.uk/id/7000000000030106,http://data.ordnancesurvey.co.uk/ontology/admingeo/UnitaryAuthority,Scotland,http://data.ordnancesurvey.co.uk/id/7000000000041429,Scotland,http://data.ordnancesurvey.co.uk/id/country/scotland,,,
PA238SJ,http://data.ordnancesurvey.co.uk/id/postcodeunit/PA238SJ,PA23 8SJ,,,,other,Postcode,216084.000,682433.000,3500,18000,,,,,,,Kilmun,http://data.ordnancesurvey.co.uk/id/4000000074548862,http://www.ordnancesurvey.co.uk/xml/codelists/localtype.xml#village,,,,Argyll and Bute,http://data.ordnancesurvey.co.uk/id/7000000000030106,http://data.ordnancesurvey.co.uk/ontology/admingeo/UnitaryAuthority,Scotland,http://data.ordnancesurvey.co.uk/id/7000000000041429,Scotland,http://data.ordnancesurvey.co.uk/id/country/scotland,,,
PA223AJ,http://data.ordnancesurvey.co.uk/id/postcodeunit/PA223AJ,PA22 3AJ,,,,other,Postcode,201048.000,682229.000,3500,18000,,,,,,,,,,,,,Argyll and Bute,http://data.ordnancesurvey.co.uk/id/7000000000030106,http://data.ordnancesurvey.co.uk/ontology/admingeo/UnitaryAuthority,Scotland,http://data.ordnancesurvey.co.uk/id/7000000000041429,Scotland,http://data.ordnancesurvey.co.uk/id/country/scotland,,,
PA248AG,http://data.ordnancesurvey.co.uk/id/postcodeunit/PA248AG,PA24 8AG,,,,other,Postcode,219482.000,694140.000,3500,18000,,,,,,,,,,,,,Argyll and Bute,http://data.ordnancesurvey.co.uk/id/7000000000030106,http://data.ordnancesurvey.co.uk/ontology/admingeo/UnitaryAuthority,Scotland,http://data.ordnancesurvey.co.uk/id/7000000000041429,Scotland,http://data.ordnancesurvey.co.uk/id/country/scotland,,,
PA238TA,http://data.ordnancesurvey.co.uk/id/postcodeunit/PA238TA,PA23 8TA,,,,other,Postcode,218857.000,680672.000,3500,18000,,,,,,,Strone,http://data.ordnancesurvey.co.uk/id/4000000074548861,http://www.ordnancesurvey.co.uk/xml/codelists/localtype.xml#hamlet,,,,Argyll and Bute,http://data.ordnancesurvey.co.uk/id/7000000000030106,http://data.ordnancesurvey.co.uk/ontology/admingeo/UnitaryAuthority,Scotland,http://data.ordnancesurvey.co.uk/id/7000000000041429,Scotland,http://data.ordnancesurvey.co.uk/id/country/scotland,,,
PA238RY,http://data.ordnancesurvey.co.uk/id/postcodeunit/PA238RY,PA23 8RY,,,,other,Postcode,217713.000,681254.000,3500,18000,,,,,,,Kilmun,http://data.ordnancesurvey.co.uk/id/4000000074548862,http://www.ordnancesurvey.co.uk/xml/codelists/localtype.xml#village,,,,Argyll and Bute,http://data.ordnancesurvey.co.uk/id/7000000000030106,http://data.ordnancesurvey.co.uk/ontology/admingeo/UnitaryAuthority,Scotland,http://data.ordnancesurvey.co.uk/id/7000000000041429,Scotland,http://data.ordnancesurvey.co.uk/id/country/scotland,,,
PA238PX,http://data.ordnancesurvey.co.uk/id/postcodeunit/PA238PX,PA23 8PX,,,,other,Postcode,216287.000,680211.000,3500,18000,,,,,,,Sandbank,http://data.ordnancesurvey.co.uk/id/4000000074548864,http://www.ordnancesurvey.co.uk/xml/codelists/localtype.xml#village,,,,Argyll and Bute,http://data.ordnancesurvey.co.uk/id/7000000000030106,http://data.ordnancesurvey.co.uk/ontology/admingeo/UnitaryAuthority,Scotland,http://data.ordnancesurvey.co.uk/id/7000000000041429,Scotland,http://data.ordnancesurvey.co.uk/id/country/scotland,,,
PA238RE,http://data.ordnancesurvey.co.uk/id/postcodeunit/PA238RE,PA23 8RE,,,,other,Postcode,211946.000,681459.000,3500,18000,,,,,,,Clachaig,http://data.ordnancesurvey.co.uk/id/4000000074549257,http://www.ordnancesurvey.co.uk/xml/codelists/localtype.xml#hamlet,,,,Argyll and Bute,http://data.ordnancesurvey.co.uk/id/7000000000030106,http://data.ordnancesurvey.co.uk/ontology/admingeo/UnitaryAuthority,Scotland,http://data.ordnancesurvey.co.uk/id/7000000000041429,Scotland,http://data.ordnancesurvey.co.uk/id/country/scotland,,,
PA238NZ,http://data.ordnancesurvey.co.uk/id/postcodeunit/PA238NZ,PA23 8NZ,,,,other,Postcode,215749.000,680859.000,3500,18000,,,,,,,Sandbank,http://data.ordnancesurvey.co.uk/id/4000000074548864,http://www.ordnancesurvey.co.uk/xml/codelists/localtype.xml#village,,,,Argyll and Bute,http://data.ordnancesurvey.co.uk/id/7000000000030106,http://data.ordnancesurvey.co.uk/ontology/admingeo/UnitaryAuthority,Scotland,http://data.ordnancesurvey.co.uk/id/7000000000041429,Scotland,http://data.ordnancesurvey.co.uk/id/country/scotland,,,
PA238TH,http://data.ordnancesurvey.co.uk/id/postcodeunit/PA238TH,PA23 8TH,,,,other,Postcode,219435.000,682006.000,3500,18000,,,,,,,Blairmore,http://data.ordnancesurvey.co.uk/id/4000000074549254,http://www.ordnancesurvey.co.uk/xml/codelists/localtype.xml#village,,,,Argyll and Bute,http://data.ordnancesurvey.co.uk/id/7000000000030106,http://data.ordnancesurvey.co.uk/ontology/admingeo/UnitaryAuthority,Scotland,http://data.ordnancesurvey.co.uk/id/7000000000041429,Scotland,http://data.ordnancesurvey.co.uk/id/country/scotland,,,
PA238PF,http://data.ordnancesurvey.co.uk/id/postcodeunit/PA238PF,PA23 8PF,,,,other,Postcode,215225.000,681440.000,3500,18000,,,,,,,Sandbank,http://data.ordnancesurvey.co.uk/id/4000000074548864,http://www.ordnancesurvey.co.uk/xml/codelists/localtype.xml#village,,,,Argyll and Bute,http://data.ordnancesurvey.co.uk/id/7000000000030106,http://data.ordnancesurvey.co.uk/ontology/admingeo/UnitaryAuthority,Scotland,http://data.ordnancesurvey.co.uk/id/7000000000041429,Scotland,http://data.ordnancesurvey.co.uk/id/country/scotland,,,
PA238RN,http://data.ordnancesurvey.co.uk/id/postcodeunit/PA238RN,PA23 8RN,,,,other,Postcode,214622.000,682137.000,3500,18000,,,,,,,,,,,,,Argyll and Bute,http://data.ordnancesurvey.co.uk/id/7000000000030106,http://data.ordnancesurvey.co.uk/ontology/admingeo/UnitaryAuthority,Scotland,http://data.ordnancesurvey.co.uk/id/7000000000041429,Scotland,http://data.ordnancesurvey.co.uk/id/country/scotland,,,
PA278DA,http://data.ordnancesurvey.co.uk/id/postcodeunit/PA278DA,PA27 8DA,,,,other,Postcode,204918.000,698718.000,3500,18000,,,,,,,Newton,http://data.ordnancesurvey.co.uk/id/4000000074549634,http://www.ordnancesurvey.co.uk/xml/codelists/localtype.xml#hamlet,,,,Argyll and Bute,http://data.ordnancesurvey.co.uk/id/7000000000030106,http://data.ordnancesurvey.co.uk/ontology/admingeo/UnitaryAuthority,Scotland,http://data.ordnancesurvey.co.uk/id/7000000000041429,Scotland,http://data.ordnancesurvey.co.uk/id/country/scotland,,,
PA238QT,http://data.ordnancesurvey.co.uk/id/postcodeunit/PA238QT,PA23 8QT,,,,other,Postcode,214709.000,683630.000,3500,18000,,,,,,,,,,,,,Argyll and Bute,http://data.ordnancesurvey.co.uk/id/7000000000030106,http://data.ordnancesurvey.co.uk/ontology/admingeo/UnitaryAuthority,Scotland,http://data.ordnancesurvey.co.uk/id/7000000000041429,Scotland,http://data.ordnancesurvey.co.uk/id/country/scotland,,,
PA223AG,http://data.ordnancesurvey.co.uk/id/postcodeunit/PA223AG,PA22 3AG,,,,other,Postcode,201389.000,687666.000,3500,18000,,,,,,,,,,,,,Argyll and Bute,http://data.ordnancesurvey.co.uk/id/7000000000030106,http://data.ordnancesurvey.co.uk/ontology/admingeo/UnitaryAuthority,Scotland,http://data.ordnancesurvey.co.uk/id/7000000000041429,Scotland,http://data.ordnancesurvey.co.uk/id/country/scotland,,,
PA238TR,http://data.ordnancesurvey.co.uk/id/postcodeunit/PA238TR,PA23 8TR,,,,other,Postcode,218814.000,687445.000,3500,18000,,,,,,,Ardentinny,http://data.ordnancesurvey.co.uk/id/4000000074549256,http://www.ordnancesurvey.co.uk/xml/codelists/localtype.xml#village,,,,Argyll and Bute,http://data.ordnancesurvey.co.uk/id/7000000000030106,http://data.ordnancesurvey.co.uk/ontology/admingeo/UnitaryAuthority,Scotland,http://data.ordnancesurvey.co.uk/id/7000000000041429,Scotland,http://data.ordnancesurvey.co.uk/id/country/scotland,,,
PA238SE,http://data.ordnancesurvey.co.uk/id/postcodeunit/PA238SE,PA23 8SE,,,,other,Postcode,216146.000,682402.000,3500,18000,,,,,,,Kilmun,http://data.ordnancesurvey.co.uk/id/4000000074548862,http://www.ordnancesurvey.co.uk/xml/codelists/localtype.xml#village,,,,Argyll and Bute,http://data.ordnancesurvey.co.uk/id/7000000000030106,http://data.ordnancesurvey.co.uk/ontology/admingeo/UnitaryAuthority,Scotland,http://data.ordnancesurvey.co.uk/id/7000000000041429,Scotland,http://data.ordnancesurvey.co.uk/id/country/scotland,,,
PA248AF,http://data.ordnancesurvey.co.uk/id/postcodeunit/PA248AF,PA24 8AF,,,,other,Postcode,219191.000,695047.000,3500,18000,,,,,,,,,,,,,Argyll and Bute,http://data.ordnancesurvey.co.uk/id/7000000000030106,http://data.ordnancesurvey.co.uk/ontology/admingeo/UnitaryAuthority,Scotland,http://data.ordnancesurvey.co.uk/id/7000000000041429,Scotland,http://data.ordnancesurvey.co.uk/id/country/scotland,,,
PA238TT,http://data.ordnancesurvey.co.uk/id/postcodeunit/PA238TT,PA23 8TT,,,,other,Postcode,217534.000,689353.000,3500,18000,,,,,,,Barnacabber,http://data.ordnancesurvey.co.uk/id/4000000074338063,http://www.ordnancesurvey.co.uk/xml/codelists/localtype.xml#otherSettlement,,,,Argyll and Bute,http://data.ordnancesurvey.co.uk/id/7000000000030106,http://data.ordnancesurvey.co.uk/ontology/admingeo/UnitaryAuthority,Scotland,http://data.ordnancesurvey.co.uk/id/7000000000041429,Scotland,http://data.ordnancesurvey.co.uk/id/country/scotland,,,
PA238QL,http://data.ordnancesurvey.co.uk/id/postcodeunit/PA238QL,PA23 8QL,,,,other,Postcode,216367.000,680240.000,3500,18000,,,,,,,Sandbank,http://data.ordnancesurvey.co.uk/id/4000000074548864,http://www.ordnancesurvey.co.uk/xml/codelists/localtype.xml#village,,,,Argyll and Bute,http://data.ordnancesurvey.co.uk/id/7000000000030106,http://data.ordnancesurvey.co.uk/ontology/admingeo/UnitaryAuthority,Scotland,http://data.ordnancesurvey.co.uk/id/7000000000041429,Scotland,http://data.ordnancesurvey.co.uk/id/country/scotland,,,
PA278DL,http://data.ordnancesurvey.co.uk/id/postcodeunit/PA278DL,PA27 8DL,,,,other,Postcode,211988.000,697711.000,3500,18000,,,,,,,,,,,,,Argyll and Bute,http://data.ordnancesurvey.co.uk/id/7000000000030106,http://data.ordnancesurvey.co.uk/ontology/admingeo/UnitaryAuthority,Scotland,http://data.ordnancesurvey.co.uk/id/7000000000041429,Scotland,http://data.ordnancesurvey.co.uk/id/country/scotland,,,
PA238RJ,http://data.ordnancesurvey.co.uk/id/postcodeunit/PA238RJ,PA23 8RJ,,,,other,Postcode,214826.000,681887.000,3500,18000,,,,,,,Tom nan Ragh,http://data.ordnancesurvey.co.uk/id/4000000074543176,http://www.ordnancesurvey.co.uk/xml/codelists/localtype.xml#village,,,,Argyll and Bute,http://data.ordnancesurvey.co.uk/id/7000000000030106,http://data.ordnancesurvey.co.uk/ontology/admingeo/UnitaryAuthority,Scotland,http://data.ordnancesurvey.co.uk/id/7000000000041429,Scotland,http://data.ordnancesurvey.co.uk/id/country/scotland,,,
PA238PJ,http://data.ordnancesurvey.co.uk/id/postcodeunit/PA238PJ,PA23 8PJ,,,,other,Postcode,216158.000,680349.000,3500,18000,,,,,,,Sandbank,http://data.ordnancesurvey.co.uk/id/4000000074548864,http://www.ordnancesurvey.co.uk/xml/codelists/localtype.xml#village,,,,Argyll and Bute,http://data.ordnancesurvey.co.uk/id/7000000000030106,http://data.ordnancesurvey.co.uk/ontology/admingeo/UnitaryAuthority,Scotland,http://data.ordnancesurvey.co.uk/id/7000000000041429,Scotland,http://data.ordnancesurvey.co.uk/id/country/scotland,,,
PA238RW,http://data.ordnancesurvey.co.uk/id/postcodeunit/PA238RW,PA23 8RW,,,,other,Postcode,217365.000,680083.000,3500,18000,,,,,,,Sandbank,http://data.ordnancesurvey.co.uk/id/4000000074548864,http://www.ordnancesurvey.co.uk/xml/codelists/localtype.xml#village,,,,Argyll and Bute,http://data.ordnancesurvey.co.uk/id/7000000000030106,http://data.ordnancesurvey.co.uk/ontology/admingeo/UnitaryAuthority,Scotland,http://data.ordnancesurvey.co.uk/id/7000000000041429,Scotland,http://data.ordnancesurvey.co.uk/id/country/scotland,,,
PA238TP,http://data.ordnancesurvey.co.uk/id/postcodeunit/PA238TP,PA23 8TP,,,,other,Postcode,219006.000,684504.000,3500,18000,,,,,,,,,,,,,Argyll and Bute,http://data.ordnancesurvey.co.uk/id/7000000000030106,http://data.ordnancesurvey.co.uk/ontology/admingeo/UnitaryAuthority,Scotland,http://data.ordnancesurvey.co.uk/id/7000000000041429,Scotland,http://data.ordnancesurvey.co.uk/id/country/scotland,,,
PA238QU,http://data.ordnancesurvey.co.uk/id/postcodeunit/PA238QU,PA23 8QU,,,,other,Postcode,214338.000,685555.000,3500,18000,,,,,,,Benmore,http://data.ordnancesurvey.co.uk/id/4000000074338248,http://www.ordnancesurvey.co.uk/xml/codelists/localtype.xml#otherSettlement,,,,Argyll and Bute,http://data.ordnancesurvey.co.uk/id/7000000000030106,http://data.ordnancesurvey.co.uk/ontology/admingeo/UnitaryAuthority,Scotland,http://data.ordnancesurvey.co.uk/id/7000000000041429,Scotland,http://data.ordnancesurvey.co.uk/id/country/scotland,,,
PA238RD,http://data.ordnancesurvey.co.uk/id/postcodeunit/PA238RD,PA23 8RD,,,,other,Postcode,213894.000,682036.000,3500,18000,,,,,,,,,,,,,Argyll and Bute,http://data.ordnancesurvey.co.uk/id/7000000000030106,http://data.ordnancesurvey.co.uk/ontology/admingeo/UnitaryAuthority,Scotland,http://data.ordnancesurvey.co.uk/id/7000000000041429,Scotland,http://data.ordnancesurvey.co.uk/id/country/scotland,,,
PA238FE,http://data.ordnancesurvey.co.uk/id/postcodeunit/PA238FE,PA23 8FE,,,,other,Postcode,216189.000,680472.000,3500,18000,,,,,,,Sandbank,http://data.ordnancesurvey.co.uk/id/4000000074548864,http://www.ordnancesurvey.co.uk/xml/codelists/localtype.xml#village,,,,Argyll and Bute,http://data.ordnancesurvey.co.uk/id/7000000000030106,http://data.ordnancesurvey.co.uk/ontology/admingeo/UnitaryAuthority,Scotland,http://data.ordnancesurvey.co.uk/id/7000000000041429,Scotland,http://data.ordnancesurvey.co.uk/id/country/scotland,,,
PA238SD,http://data.ordnancesurvey.co.uk/id/postcodeunit/PA238SD,PA23 8SD,,,,other,Postcode,216899.000,681879.000,3500,18000,,,,,,,Kilmun,http://data.ordnancesurvey.co.uk/id/4000000074548862,http://www.ordnancesurvey.co.uk/xml/codelists/localtype.xml#village,,,,Argyll and Bute,http://data.ordnancesurvey.co.uk/id/7000000000030106,http://data.ordnancesurvey.co.uk/ontology/admingeo/UnitaryAuthority,Scotland,http://data.ordnancesurvey.co.uk/id/7000000000041429,Scotland,http://data.ordnancesurvey.co.uk/id/country/scotland,,,
PA238SG,http://data.ordnancesurvey.co.uk/id/postcodeunit/PA238SG,PA23 8SG,,,,other,Postcode,214067.000,691163.000,3500,18000,,,,,,,,,,,,,Argyll and Bute,http://data.ordnancesurvey.co.uk/id/7000000000030106,http://data.ordnancesurvey.co.uk/ontology/admingeo/UnitaryAuthority,Scotland,http://data.ordnancesurvey.co.uk/id/7000000000041429,Scotland,http://data.ordnancesurvey.co.uk/id/country/scotland,,,
PA278DN,http://data.ordnancesurvey.co.uk/id/postcodeunit/PA278DN,PA27 8DN,,,,other,Postcode,210370.000,699755.000,3500,18000,,,,,,,,,,,,,Argyll and Bute,http://data.ordnancesurvey.co.uk/id/7000000000030106,http://data.ordnancesurvey.co.uk/ontology/admingeo/UnitaryAuthority,Scotland,http://data.ordnancesurvey.co.uk/id/7000000000041429,Scotland,http://data.ordnancesurvey.co.uk/id/country/scotland,,,
PA238PY,http://data.ordnancesurvey.co.uk/id/postcodeunit/PA238PY,PA23 8PY,,,,other,Postcode,216453.000,680059.000,3500,18000,,,,,,,Sandbank,http://data.ordnancesurvey.co.uk/id/4000000074548864,http://www.ordnancesurvey.co.uk/xml/codelists/localtype.xml#village,,,,Argyll and Bute,http://data.ordnancesurvey.co.uk/id/7000000000030106,http://data.ordnancesurvey.co.uk/ontology/admingeo/UnitaryAuthority,Scotland,http://data.ordnancesurvey.co.uk/id/7000000000041429,Scotland,http://data.ordnancesurvey.co.uk/id/country/scotland,,,
osgb4000000005206388,http://data.ordnancesurvey.co.uk/id/4000000005206388,High Road,,,,transportNetwork,Named Road,216337.000,680086.000,4000,20000,216160.000,679778.400,216474.696,680379.000,PA23,http://data.ordnancesurvey.co.uk/id/postcodedistrict/PA23,Sandbank,http://data.ordnancesurvey.co.uk/id/4000000074548864,http://www.ordnancesurvey.co.uk/xml/codelists/localtype.xml#village,,,,Argyll and Bute,http://data.ordnancesurvey.co.uk/id/7000000000030106,http://data.ordnancesurvey.co.uk/ontology/admingeo/UnitaryAuthority,Scotland,http://data.ordnancesurvey.co.uk/id/7000000000041429,Scotland,http://data.ordnancesurvey.co.uk/id/country/scotland,,,
fb2cdf2e-ee72-4554-8cc8-ad07142b931b,http://data.ordnancesurvey.co.uk/id/fb2cdf2e-ee72-4554-8cc8-ad07142b931b,Midge Lane,,,,transportNetwork,Section Of Named Road,218472.000,680922.000,3000,25000,218199.818,680750.378,218706.429,681048.676,PA23,http://data.ordnancesurvey.co.uk/id/postcodedistrict/PA23,Strone,http://data.ordnancesurvey.co.uk/id/4000000074548861,http://www.ordnancesurvey.co.uk/xml/codelists/localtype.xml#hamlet,,,,Argyll and Bute,http://data.ordnancesurvey.co.uk/id/7000000000030106,http://data.ordnancesurvey.co.uk/ontology/admingeo/UnitaryAuthority,Scotland,http://data.ordnancesurvey.co.uk/id/7000000000041429,Scotland,http://data.ordnancesurvey.co.uk/id/country/scotland,osgb4000000005333751,,
osgb4000000005345570,http://data.ordnancesurvey.co.uk/id/4000000005345570,Mckinlay's Quay,,,,transportNetwork,Named Road,215771.841,680845.625,1000,20000,215747.914,680824.441,215809.765,680864.804,PA23,http://data.ordnancesurvey.co.uk/id/postcodedistrict/PA23,Sandbank,http://data.ordnancesurvey.co.uk/id/4000000074548864,http://www.ordnancesurvey.co.uk/xml/codelists/localtype.xml#village,,,,Argyll and Bute,http://data.ordnancesurvey.co.uk/id/7000000000030106,http://data.ordnancesurvey.co.uk/ontology/admingeo/UnitaryAuthority,Scotland,http://data.ordnancesurvey.co.uk/id/7000000000041429,Scotland,http://data.ordnancesurvey.co.uk/id/country/scotland,,,
osgb4000000005290738,http://data.ordnancesurvey.co.uk/id/4000000005290738,Ashcroft,,,,transportNetwork,Named Road,217448.261,680034.518,1000,20000,217439.914,680017.333,217474.938,680053.177,PA23,http://data.ordnancesurvey.co.uk/id/postcodedistrict/PA23,Sandbank,http://data.ordnancesurvey.co.uk/id/4000000074548864,http://www.ordnancesurvey.co.uk/xml/codelists/localtype.xml#village,,,,Argyll and Bute,http://data.ordnancesurvey.co.uk/id/7000000000030106,http://data.ordnancesurvey.co.uk/ontology/admingeo/UnitaryAuthority,Scotland,http://data.ordnancesurvey.co.uk/id/7000000000041429,Scotland,http://data.ordnancesurvey.co.uk/id/country/scotland,,,
osgb4000000005212633,http://data.ordnancesurvey.co.uk/id/4000000005212633,Ferguslie Street,,,,transportNetwork,Named Road,216368.000,680266.000,1000,20000,216293.000,680174.000,216404.000,680312.000,PA23,http://data.ordnancesurvey.co.uk/id/postcodedistrict/PA23,Sandbank,http://data.ordnancesurvey.co.uk/id/4000000074548864,http://www.ordnancesurvey.co.uk/xml/codelists/localtype.xml#village,,,,Argyll and Bute,http://data.ordnancesurvey.co.uk/id/7000000000030106,http://data.ordnancesurvey.co.uk/ontology/admingeo/UnitaryAuthority,Scotland,http://data.ordnancesurvey.co.uk/id/7000000000041429,Scotland,http://data.ordnancesurvey.co.uk/id/country/scotland,,,
osgb5000005171560796,http://data.ordnancesurvey.co.uk/id/5000005171560796,Daisy Place,,,,transportNetwork,Named Road,217062.628,680020.699,1000,20000,217051.059,680007.202,217075.000,680030.501,PA23,http://data.ordnancesurvey.co.uk/id/postcodedistrict/PA23,Sandbank,http://data.ordnancesurvey.co.uk/id/4000000074548864,http://www.ordnancesurvey.co.uk/xml/codelists/localtype.xml#village,,,,Argyll and Bute,http://data.ordnancesurvey.co.uk/id/7000000000030106,http://data.ordnancesurvey.co.uk/ontology/admingeo/UnitaryAuthority,Scotland,http://data.ordnancesurvey.co.uk/id/7000000000041429,Scotland,http://data.ordnancesurvey.co.uk/id/country/scotland,,,
osgb4000000005212659,http://data.ordnancesurvey.co.uk/id/4000000005212659,Westfield,,,,transportNetwork,Named Road,218636.048,680895.944,1000,20000,218533.516,680803.800,218693.600,680985.426,PA23,http://data.ordnancesurvey.co.uk/id/postcodedistrict/PA23,Strone,http://data.ordnancesurvey.co.uk/id/4000000074548861,http://www.ordnancesurvey.co.uk/xml/codelists/localtype.xml#hamlet,,,,Argyll and Bute,http://data.ordnancesurvey.co.uk/id/7000000000030106,http://data.ordnancesurvey.co.uk/ontology/admingeo/UnitaryAuthority,Scotland,http://data.ordnancesurvey.co.uk/id/7000000000041429,Scotland,http://data.ordnancesurvey.co.uk/id/country/scotland,,,
def71163-f7ee-45e0-bee5-8a8aa32bf0bd,http://data.ordnancesurvey.co.uk/id/def71163-f7ee-45e0-bee5-8a8aa32bf0bd,Shore Road,,,,transportNetwork,Section Of Named Road,219000.000,680534.000,4000,25000,218706.429,680495.000,219358.088,680750.378,PA23,http://data.ordnancesurvey.co.uk/id/postcodedistrict/PA23,Strone,http://data.ordnancesurvey.co.uk/id/4000000074548861,http://www.ordnancesurvey.co.uk/xml/codelists/localtype.xml#hamlet,,,,Argyll and Bute,http://data.ordnancesurvey.co.uk/id/7000000000030106,http://data.ordnancesurvey.co.uk/ontology/admingeo/UnitaryAuthority,Scotland,http://data.ordnancesurvey.co.uk/id/7000000000041429,Scotland,http://data.ordnancesurvey.co.uk/id/country/scotland,osgb4000000005202643,,
osgb4000000005272952,http://data.ordnancesurvey.co.uk/id/4000000005272952,Quarry Park,,,,transportNetwork,Named Road,202700.404,699969.140,1000,20000,202676.496,699964.754,202715.953,699980.518,PA32,http://data.ordnancesurvey.co.uk/id/postcodedistrict/PA32,Furnace,http://data.ordnancesurvey.co.uk/id/4000000074335142,http://www.ordnancesurvey.co.uk/xml/codelists/localtype.xml#village,,,,Argyll and Bute,http://data.ordnancesurvey.co.uk/id/7000000000030106,http://data.ordnancesurvey.co.uk/ontology/admingeo/UnitaryAuthority,Scotland,http://data.ordnancesurvey.co.uk/id/7000000000041429,Scotland,http://data.ordnancesurvey.co.uk/id/country/scotland,,,
osgb4000000005221949,http://data.ordnancesurvey.co.uk/id/4000000005221949,White's Brae,,,,transportNetwork,Named Road,219458.400,681664.000,1000,20000,219430.000,681601.600,219515.400,681702.800,PA23,http://data.ordnancesurvey.co.uk/id/postcodedistrict/PA23,Blairmore,http://data.ordnancesurvey.co.uk/id/4000000074549254,http://www.ordnancesurvey.co.uk/xml/codelists/localtype.xml#village,,,,Argyll and Bute,http://data.ordnancesurvey.co.uk/id/7000000000030106,http://data.ordnancesurvey.co.uk/ontology/admingeo/UnitaryAuthority,Scotland,http://data.ordnancesurvey.co.uk/id/7000000000041429,Scotland,http://data.ordnancesurvey.co.uk/id/country/scotland,,,
osgb4000000005290737,http://data.ordnancesurvey.co.uk/id/4000000005290737,Ros Mhor Gardens,,,,transportNetwork,Named Road,217143.543,680272.578,1000,20000,217119.294,680235.777,217164.127,680293.511,PA23,http://data.ordnancesurvey.co.uk/id/postcodedistrict/PA23,Sandbank,http://data.ordnancesurvey.co.uk/id/4000000074548864,http://www.ordnancesurvey.co.uk/xml/codelists/localtype.xml#village,,,,Argyll and Bute,http://data.ordnancesurvey.co.uk/id/7000000000030106,http://data.ordnancesurvey.co.uk/ontology/admingeo/UnitaryAuthority,Scotland,http://data.ordnancesurvey.co.uk/id/7000000000041429,Scotland,http://data.ordnancesurvey.co.uk/id/country/scotland,,,
osgb4000000005221950,http://data.ordnancesurvey.co.uk/id/4000000005221950,Ardenfield,,,,transportNetwork,Named Road,218844.000,687198.000,1000,20000,218766.000,687111.944,218873.000,687289.000,PA23,http://data.ordnancesurvey.co.uk/id/postcodedistrict/PA23,Ardentinny,http://data.ordnancesurvey.co.uk/id/4000000074549256,http://www.ordnancesurvey.co.uk/xml/codelists/localtype.xml#village,,,,Argyll and Bute,http://data.ordnancesurvey.co.uk/id/7000000000030106,http://data.ordnancesurvey.co.uk/ontology/admingeo/UnitaryAuthority,Scotland,http://data.ordnancesurvey.co.uk/id/7000000000041429,Scotland,http://data.ordnancesurvey.co.uk/id/country/scotland,,,
osgb4000000005212634,http://data.ordnancesurvey.co.uk/id/4000000005212634,Queen's Road,,,,transportNetwork,Named Road,216457.145,680084.099,1000,20000,216422.632,680049.769,216493.000,680158.000,PA23,http://data.ordnancesurvey.co.uk/id/postcodedistrict/PA23,Sandbank,http://data.ordnancesurvey.co.uk/id/4000000074548864,http://www.ordnancesurvey.co.uk/xml/codelists/localtype.xml#village,,,,Argyll and Bute,http://data.ordnancesurvey.co.uk/id/7000000000030106,http://data.ordnancesurvey.co.uk/ontology/admingeo/UnitaryAuthority,Scotland,http://data.ordnancesurvey.co.uk/id/7000000000041429,Scotland,http://data.ordnancesurvey.co.uk/id/country/scotland,,,
osgb4000000005221919,http://data.ordnancesurvey.co.uk/id/4000000005221919,Rankin's Brae,,,,transportNetwork,Named Road,216206.000,680410.000,1000,20000,216160.000,680379.000,216245.751,680448.258,PA23,http://data.ordnancesurvey.co.uk/id/postcodedistrict/PA23,Sandbank,http://data.ordnancesurvey.co.uk/id/4000000074548864,http://www.ordnancesurvey.co.uk/xml/codelists/localtype.xml#village,,,,Argyll and Bute,http://data.ordnancesurvey.co.uk/id/7000000000030106,http://data.ordnancesurvey.co.uk/ontology/admingeo/UnitaryAuthority,Scotland,http://data.ordnancesurvey.co.uk/id/7000000000041429,Scotland,http://data.ordnancesurvey.co.uk/id/country/scotland,,,
osgb4000000005221930,http://data.ordnancesurvey.co.uk/id/4000000005221930,Cromlech Grove,,,,transportNetwork,Named Road,217105.000,680177.000,1000,20000,217064.854,680152.521,217139.143,680220.879,PA23,http://data.ordnancesurvey.co.uk/id/postcodedistrict/PA23,Sandbank,http://data.ordnancesurvey.co.uk/id/4000000074548864,http://www.ordnancesurvey.co.uk/xml/codelists/localtype.xml#village,,,,Argyll and Bute,http://data.ordnancesurvey.co.uk/id/7000000000030106,http://data.ordnancesurvey.co.uk/ontology/admingeo/UnitaryAuthority,Scotland,http://data.ordnancesurvey.co.uk/id/7000000000041429,Scotland,http://data.ordnancesurvey.co.uk/id/country/scotland,,,
osgb4000000005278295,http://data.ordnancesurvey.co.uk/id/4000000005278295,A886,,,,transportNetwork,Numbered Road,201650.000,681853.000,221000,1000000,199631.000,667449.000,208932.000,701524.000,PA22,http://data.ordnancesurvey.co.uk/id/postcodedistrict/PA22,,,,,,,Argyll and Bute,http://data.ordnancesurvey.co.uk/id/7000000000030106,http://data.ordnancesurvey.co.uk/ontology/admingeo/UnitaryAuthority,Scotland,http://data.ordnancesurvey.co.uk/id/7000000000041429,Scotland,http://data.ordnancesurvey.co.uk/id/country/scotland,,,
osgb4000000005202911,http://data.ordnancesurvey.co.uk/id/4000000005202911,High Road,,,,transportNetwork,Named Road,219357.400,681557.600,11000,20000,218864.084,680739.853,219430.000,682386.375,PA23,http://data.ordnancesurvey.co.uk/id/postcodedistrict/PA23,Blairmore,http://data.ordnancesurvey.co.uk/id/4000000074549254,http://www.ordnancesurvey.co.uk/xml/codelists/localtype.xml#village,,,,Argyll and Bute,http://data.ordnancesurvey.co.uk/id/7000000000030106,http://data.ordnancesurvey.co.uk/ontology/admingeo/UnitaryAuthority,Scotland,http://data.ordnancesurvey.co.uk/id/7000000000041429,Scotland,http://data.ordnancesurvey.co.uk/id/country/scotland,,,
73231401-6f43-4265-805b-6da4a6918755,http://data.ordnancesurvey.co.uk/id/73231401-6f43-4265-805b-6da4a6918755,Shore Road,,,,transportNetwork,Section Of Named Road,216494.891,682080.789,15000,25000,215403.218,681224.000,217735.800,683221.442,PA23,http://data.ordnancesurvey.co.uk/id/postcodedistrict/PA23,Kilmun,http://data.ordnancesurvey.co.uk/id/4000000074548862,http://www.ordnancesurvey.co.uk/xml/codelists/localtype.xml#village,,,,Argyll and Bute,http://data.ordnancesurvey.co.uk/id/7000000000030106,http://data.ordnancesurvey.co.uk/ontology/admingeo/UnitaryAuthority,Scotland,http://data.ordnancesurvey.co.uk/id/7000000000041429,Scotland,http://data.ordnancesurvey.co.uk/id/country/scotland,osgb5000005135707142,,
osgb5000005135707142,http://data.ordnancesurvey.co.uk/id/5000005135707142,Shore Road,,,,transportNetwork,Named Road,216494.891,682080.789,15000,20000,215363.200,681224.000,217735.800,683222.600,PA23,http://data.ordnancesurvey.co.uk/id/postcodedistrict/PA23,Kilmun,http://data.ordnancesurvey.co.uk/id/4000000074548862,http://www.ordnancesurvey.co.uk/xml/codelists/localtype.xml#village,,,,Argyll and Bute,http://data.ordnancesurvey.co.uk/id/7000000000030106,http://data.ordnancesurvey.co.uk/ontology/admingeo/UnitaryAuthority,Scotland,http://data.ordnancesurvey.co.uk/id/7000000000041429,Scotland,http://data.ordnancesurvey.co.uk/id/country/scotland,,,
osgb4000000005212658,http://data.ordnancesurvey.co.uk/id/4000000005212658,Eagle Court,,,,transportNetwork,Named Road,214902.066,681767.025,2000,20000,214736.539,681610.176,215071.000,681902.645,PA23,http://data.ordnancesurvey.co.uk/id/postcodedistrict/PA23,Tom nan Ragh,http://data.ordnancesurvey.co.uk/id/4000000074543176,http://www.ordnancesurvey.co.uk/xml/codelists/localtype.xml#village,,,,Argyll and Bute,http://data.ordnancesurvey.co.uk/id/7000000000030106,http://data.ordnancesurvey.co.uk/ontology/admingeo/UnitaryAuthority,Scotland,http://data.ordnancesurvey.co.uk/id/7000000000041429,Scotland,http://data.ordnancesurvey.co.uk/id/country/scotland,,,
osgb4000000005206401,http://data.ordnancesurvey.co.uk/id/4000000005206401,Strone Brae,,,,transportNetwork,Named Road,218767.400,680809.800,1000,20000,218680.562,680781.214,218864.084,680825.242,PA23,http://data.ordnancesurvey.co.uk/id/postcodedistrict/PA23,Strone,http://data.ordnancesurvey.co.uk/id/4000000074548861,http://www.ordnancesurvey.co.uk/xml/codelists/localtype.xml#hamlet,,,,Argyll and Bute,http://data.ordnancesurvey.co.uk/id/7000000000030106,http://data.ordnancesurvey.co.uk/ontology/admingeo/UnitaryAuthority,Scotland,http://data.ordnancesurvey.co.uk/id/7000000000041429,Scotland,http://data.ordnancesurvey.co.uk/id/country/scotland,,,
osgb4000000005229364,http://data.ordnancesurvey.co.uk/id/4000000005229364,Broxwood Place,,,,transportNetwork,Named Road,215246.800,681450.600,1000,20000,215238.045,681423.000,215276.000,681470.000,PA23,http://data.ordnancesurvey.co.uk/id/postcodedistrict/PA23,Sandbank,http://data.ordnancesurvey.co.uk/id/4000000074548864,http://www.ordnancesurvey.co.uk/xml/codelists/localtype.xml#village,,,,Argyll and Bute,http://data.ordnancesurvey.co.uk/id/7000000000030106,http://data.ordnancesurvey.co.uk/ontology/admingeo/UnitaryAuthority,Scotland,http://data.ordnancesurvey.co.uk/id/7000000000041429,Scotland,http://data.ordnancesurvey.co.uk/id/country/scotland,,,
osgb4000000005345569,http://data.ordnancesurvey.co.uk/id/4000000005345569,Ferrymans,,,,transportNetwork,Named Road,217350.917,680107.561,1000,20000,217298.266,680080.548,217409.834,680147.287,PA23,http://data.ordnancesurvey.co.uk/id/postcodedistrict/PA23,Sandbank,http://data.ordnancesurvey.co.uk/id/4000000074548864,http://www.ordnancesurvey.co.uk/xml/codelists/localtype.xml#village,,,,Argyll and Bute,http://data.ordnancesurvey.co.uk/id/7000000000030106,http://data.ordnancesurvey.co.uk/ontology/admingeo/UnitaryAuthority,Scotland,http://data.ordnancesurvey.co.uk/id/7000000000041429,Scotland,http://data.ordnancesurvey.co.uk/id/country/scotland,,,
osgb4000000005333751,http://data.ordnancesurvey.co.uk/id/4000000005333751,Midge Lane,,,,transportNetwork,Named Road,216562.827,682069.048,19000,20000,215837.400,680750.378,218706.429,682778.802,PA23,http://data.ordnancesurvey.co.uk/id/postcodedistrict/PA23,Kilmun,http://data.ordnancesurvey.co.uk/id/4000000074548862,http://www.ordnancesurvey.co.uk/xml/codelists/localtype.xml#village,,,,Argyll and Bute,http://data.ordnancesurvey.co.uk/id/7000000000030106,http://data.ordnancesurvey.co.uk/ontology/admingeo/UnitaryAuthority,Scotland,http://data.ordnancesurvey.co.uk/id/7000000000041429,Scotland,http://data.ordnancesurvey.co.uk/id/country/scotland,,,
osgb4000000005212635,http://data.ordnancesurvey.co.uk/id/4000000005212635,Pier Road,,,,transportNetwork,Named Road,216583.000,680229.000,1000,20000,216493.000,680158.000,216640.000,680343.000,PA23,http://data.ordnancesurvey.co.uk/id/postcodedistrict/PA23,Sandbank,http://data.ordnancesurvey.co.uk/id/4000000074548864,http://www.ordnancesurvey.co.uk/xml/codelists/localtype.xml#village,,,,Argyll and Bute,http://data.ordnancesurvey.co.uk/id/7000000000030106,http://data.ordnancesurvey.co.uk/ontology/admingeo/UnitaryAuthority,Scotland,http://data.ordnancesurvey.co.uk/id/7000000000041429,Scotland,http://data.ordnancesurvey.co.uk/id/country/scotland,,,
osgb4000000005232607,http://data.ordnancesurvey.co.uk/id/4000000005232607,A880,,,,transportNetwork,Numbered Road,217143.000,681614.000,27000,1000000,215363.200,680495.000,219545.600,683229.000,PA23,http://data.ordnancesurvey.co.uk/id/postcodedistrict/PA23,Kilmun,http://data.ordnancesurvey.co.uk/id/4000000074548862,http://www.ordnancesurvey.co.uk/xml/codelists/localtype.xml#village,,,,Argyll and Bute,http://data.ordnancesurvey.co.uk/id/7000000000030106,http://data.ordnancesurvey.co.uk/ontology/admingeo/UnitaryAuthority,Scotland,http://data.ordnancesurvey.co.uk/id/7000000000041429,Scotland,http://data.ordnancesurvey.co.uk/id/country/scotland,,,
osgb4000000005232663,http://data.ordnancesurvey.co.uk/id/4000000005232663,B836,,,,transportNetwork,Numbered Road,208678.000,683428.000,84000,250000,201726.000,681366.000,214699.241,684244.000,PA23,http://data.ordnancesurvey.co.uk/id/postcodedistrict/PA23,,,,,,,Argyll and Bute,http://data.ordnancesurvey.co.uk/id/7000000000030106,http://data.ordnancesurvey.co.uk/ontology/admingeo/UnitaryAuthority,Scotland,http://data.ordnancesurvey.co.uk/id/7000000000041429,Scotland,http://data.ordnancesurvey.co.uk/id/country/scotland,,,
osgb4000000005203782,http://data.ordnancesurvey.co.uk/id/4000000005203782,Cromlech Road,,,,transportNetwork,Named Road,216767.097,680142.452,6000,20000,216301.000,680076.572,217269.488,680235.777,PA23,http://data.ordnancesurvey.co.uk/id/postcodedistrict/PA23,Sandbank,http://data.ordnancesurvey.co.uk/id/4000000074548864,http://www.ordnancesurvey.co.uk/xml/codelists/localtype.xml#village,,,,Argyll and Bute,http://data.ordnancesurvey.co.uk/id/7000000000030106,http://data.ordnancesurvey.co.uk/ontology/admingeo/UnitaryAuthority,Scotland,http://data.ordnancesurvey.co.uk/id/7000000000041429,Scotland,http://data.ordnancesurvey.co.uk/id/country/scotland,,,
osgb4000000005221920,http://data.ordnancesurvey.co.uk/id/4000000005221920,Macdonald Avenue,,,,transportNetwork,Named Road,216212.000,680234.000,1000,20000,216171.944,680226.329,216258.000,680235.000,PA23,http://data.ordnancesurvey.co.uk/id/postcodedistrict/PA23,Sandbank,http://data.ordnancesurvey.co.uk/id/4000000074548864,http://www.ordnancesurvey.co.uk/xml/codelists/localtype.xml#village,,,,Argyll and Bute,http://data.ordnancesurvey.co.uk/id/7000000000030106,http://data.ordnancesurvey.co.uk/ontology/admingeo/UnitaryAuthority,Scotland,http://data.ordnancesurvey.co.uk/id/7000000000041429,Scotland,http://data.ordnancesurvey.co.uk/id/country/scotland,,,
76f9a9ec-6b76-43f3-8a22-5da83fc13323,http://data.ordnancesurvey.co.uk/id/76f9a9ec-6b76-43f3-8a22-5da83fc13323,High Road,,,,transportNetwork,Section Of Named Road,219088.167,680811.186,3000,25000,218864.084,680739.853,219278.836,680873.418,PA23,http://data.ordnancesurvey.co.uk/id/postcodedistrict/PA23,Strone,http://data.ordnancesurvey.co.uk/id/4000000074548861,http://www.ordnancesurvey.co.uk/xml/codelists/localtype.xml#hamlet,,,,Argyll and Bute,http://data.ordnancesurvey.co.uk/id/7000000000030106,http://data.ordnancesurvey.co.uk/ontology/admingeo/UnitaryAuthority,Scotland,http://data.ordnancesurvey.co.uk/id/7000000000041429,Scotland,http://data.ordnancesurvey.co.uk/id/country/scotland,osgb4000000005202911,,
osgb4000000005203781,http://data.ordnancesurvey.co.uk/id/4000000005203781,Shore Road,,,,transportNetwork,Named Road,216872.000,680293.000,8000,20000,216245.751,680158.000,217509.000,680448.258,PA23,http://data.ordnancesurvey.co.uk/id/postcodedistrict/PA23,Sandbank,http://data.ordnancesurvey.co.uk/id/4000000074548864,http://www.ordnancesurvey.co.uk/xml/codelists/localtype.xml#village,,,,Argyll and Bute,http://data.ordnancesurvey.co.uk/id/7000000000030106,http://data.ordnancesurvey.co.uk/ontology/admingeo/UnitaryAuthority,Scotland,http://data.ordnancesurvey.co.uk/id/7000000000041429,Scotland,http://data.ordnancesurvey.co.uk/id/country/scotland,,,
osgb4000000005202643,http://data.ordnancesurvey.co.uk/id/4000000005202643,Shore Road,,,,transportNetwork,Named Road,219452.187,682462.582,20000,24000,218706.429,680495.000,219545.600,684220.000,PA23,http://data.ordnancesurvey.co.uk/id/postcodedistrict/PA23,Blairmore,http://data.ordnancesurvey.co.uk/id/4000000074549254,http://www.ordnancesurvey.co.uk/xml/codelists/localtype.xml#village,,,,Argyll and Bute,http://data.ordnancesurvey.co.uk/id/7000000000030106,http://data.ordnancesurvey.co.uk/ontology/admingeo/UnitaryAuthority,Scotland,http://data.ordnancesurvey.co.uk/id/7000000000041429,Scotland,http://data.ordnancesurvey.co.uk/id/country/scotland,,,
84691b86-243a-442d-b9c9-7323c5cf5981,http://data.ordnancesurvey.co.uk/id/84691b86-243a-442d-b9c9-7323c5cf5981,Ferry Road,,,,transportNetwork,Section Of Named Road,217186.877,680055.828,2000,25000,217033.300,679943.499,217354.000,680215.000,PA23,http://data.ordnancesurvey.co.uk/id/postcodedistrict/PA23,Sandbank,http://data.ordnancesurvey.co.uk/id/4000000074548864,http://www.ordnancesurvey.co.uk/xml/codelists/localtype.xml#village,,,,Argyll and Bute,http://data.ordnancesurvey.co.uk/id/7000000000030106,http://data.ordnancesurvey.co.uk/ontology/admingeo/UnitaryAuthority,Scotland,http://data.ordnancesurvey.co.uk/id/7000000000041429,Scotland,http://data.ordnancesurvey.co.uk/id/country/scotland,osgb4000000005202908,,
osgb4000000005221948,http://data.ordnancesurvey.co.uk/id/4000000005221948,Johnston Avenue,,,,transportNetwork,Named Road,217744.200,681256.200,1000,20000,217732.400,681224.000,217807.800,681291.000,PA23,http://data.ordnancesurvey.co.uk/id/postcodedistrict/PA23,Kilmun,http://data.ordnancesurvey.co.uk/id/4000000074548862,http://www.ordnancesurvey.co.uk/xml/codelists/localtype.xml#village,,,,Argyll and Bute,http://data.ordnancesurvey.co.uk/id/7000000000030106,http://data.ordnancesurvey.co.uk/ontology/admingeo/UnitaryAuthority,Scotland,http://data.ordnancesurvey.co.uk/id/7000000000041429,Scotland,http://data.ordnancesurvey.co.uk/id/country/scotland,,,
608804c5-e655-43e3-bc7c-489b339b7afc,http://data.ordnancesurvey.co.uk/id/608804c5-e655-43e3-bc7c-489b339b7afc,High Road,,,,transportNetwork,Section Of Named Road,219371.200,681641.600,10000,25000,219290.443,680921.064,219430.000,682386.375,PA23,http://data.ordnancesurvey.co.uk/id/postcodedistrict/PA23,Blairmore,http://data.ordnancesurvey.co.uk/id/4000000074549254,http://www.ordnancesurvey.co.uk/xml/codelists/localtype.xml#village,,,,Argyll and Bute,http://data.ordnancesurvey.co.uk/id/7000000000030106,http://data.ordnancesurvey.co.uk/ontology/admingeo/UnitaryAuthority,Scotland,http://data.ordnancesurvey.co.uk/id/7000000000041429,Scotland,http://data.ordnancesurvey.co.uk/id/country/scotland,osgb4000000005202911,,
osgb4000000005278294,http://data.ordnancesurvey.co.uk/id/4000000005278294,A815,,,,transportNetwork,Numbered Road,214289.000,688678.000,274000,1000000,208690.000,667678.000,219108.673,709906.000,PA23,http://data.ordnancesurvey.co.uk/id/postcodedistrict/PA23,,,,,,,Argyll and Bute,http://data.ordnancesurvey.co.uk/id/7000000000030106,http://data.ordnancesurvey.co.uk/ontology/admingeo/UnitaryAuthority,Scotland,http://data.ordnancesurvey.co.uk/id/7000000000041429,Scotland,http://data.ordnancesurvey.co.uk/id/country/scotland,,,
1c11c288-d848-4636-bb73-b54b8c76a2bb,http://data.ordnancesurvey.co.uk/id/1c11c288-d848-4636-bb73-b54b8c76a2bb,Shore Road,,,,transportNetwork,Section Of Named Road,219543.600,681937.600,17000,25000,219311.038,680616.940,219545.600,683299.271,PA23,http://data.ordnancesurvey.co.uk/id/postcodedistrict/PA23,Blairmore,http://data.ordnancesurvey.co.uk/id/4000000074549254,http://www.ordnancesurvey.co.uk/xml/codelists/localtype.xml#village,,,,Argyll and Bute,http://data.ordnancesurvey.co.uk/id/7000000000030106,http://data.ordnancesurvey.co.uk/ontology/admingeo/UnitaryAuthority,Scotland,http://data.ordnancesurvey.co.uk/id/7000000000041429,Scotland,http://data.ordnancesurvey.co.uk/id/country/scotland,osgb4000000005202643,,
9e466745-19a2-48f1-9722-ed5ce1ce2904,http://data.ordnancesurvey.co.uk/id/9e466745-19a2-48f1-9722-ed5ce1ce2904,Fir Brae,,,,transportNetwork,Section Of Named Road,217006.981,680150.205,2000,25000,216901.000,679956.674,217023.161,680279.000,PA23,http://data.ordnancesurvey.co.uk/id/postcodedistrict/PA23,Sandbank,http://data.ordnancesurvey.co.uk/id/4000000074548864,http://www.ordnancesurvey.co.uk/xml/codelists/localtype.xml#village,,,,Argyll and Bute,http://data.ordnancesurvey.co.uk/id/7000000000030106,http://data.ordnancesurvey.co.uk/ontology/admingeo/UnitaryAuthority,Scotland,http://data.ordnancesurvey.co.uk/id/7000000000041429,Scotland,http://data.ordnancesurvey.co.uk/id/country/scotland,osgb4000000005206389,,
PA238RR,http://data.ordnancesurvey.co.uk/id/postcodeunit/PA238RR,PA23 8RR,,,,other,Postcode,218795.000,680842.000,3500,18000,,,,,,,Strone,http://data.ordnancesurvey.co.uk/id/4000000074548861,http://www.ordnancesurvey.co.uk/xml/codelists/localtype.xml#hamlet,,,,Argyll and Bute,http://data.ordnancesurvey.co.uk/id/7000000000030106,http://data.ordnancesurvey.co.uk/ontology/admingeo/UnitaryAuthority,Scotland,http://data.ordnancesurvey.co.uk/id/7000000000041429,Scotland,http://data.ordnancesurvey.co.uk/id/country/scotland,,,
PA238RT,http://data.ordnancesurvey.co.uk/id/postcodeunit/PA238RT,PA23 8RT,,,,other,Postcode,219077.000,680804.000,3500,18000,,,,,,,Strone,http://data.ordnancesurvey.co.uk/id/4000000074548861,http://www.ordnancesurvey.co.uk/xml/codelists/localtype.xml#hamlet,,,,Argyll and Bute,http://data.ordnancesurvey.co.uk/id/7000000000030106,http://data.ordnancesurvey.co.uk/ontology/admingeo/UnitaryAuthority,Scotland,http://data.ordnancesurvey.co.uk/id/7000000000041429,Scotland,http://data.ordnancesurvey.co.uk/id/country/scotland,,,
PA238RU,http://data.ordnancesurvey.co.uk/id/postcodeunit/PA238RU,PA23 8RU,,,,other,Postcode,219179.000,680792.000,3500,18000,,,,,,,Strone,http://data.ordnancesurvey.co.uk/id/4000000074548861,http://www.ordnancesurvey.co.uk/xml/codelists/localtype.xml#hamlet,,,,Argyll and Bute,http://data.ordnancesurvey.co.uk/id/7000000000030106,http://data.ordnancesurvey.co.uk/ontology/admingeo/UnitaryAuthority,Scotland,http://data.ordnancesurvey.co.uk/id/7000000000041429,Scotland,http://data.ordnancesurvey.co.uk/id/country/scotland,,,
PA238TL,http://data.ordnancesurvey.co.uk/id/postcodeunit/PA238TL,PA23 8TL,,,,other,Postcode,219335.000,682940.000,3500,18000,,,,,,,Blairmore,http://data.ordnancesurvey.co.uk/id/4000000074549254,http://www.ordnancesurvey.co.uk/xml/codelists/localtype.xml#village,,,,Argyll and Bute,http://data.ordnancesurvey.co.uk/id/7000000000030106,http://data.ordnancesurvey.co.uk/ontology/admingeo/UnitaryAuthority,Scotland,http://data.ordnancesurvey.co.uk/id/7000000000041429,Scotland,http://data.ordnancesurvey.co.uk/id/country/scotland,,,
PA238TG,http://data.ordnancesurvey.co.uk/id/postcodeunit/PA238TG,PA23 8TG,,,,other,Postcode,219393.000,681670.000,3500,18000,,,,,,,Blairmore,http://data.ordnancesurvey.co.uk/id/4000000074549254,http://www.ordnancesurvey.co.uk/xml/codelists/localtype.xml#village,,,,Argyll and Bute,http://data.ordnancesurvey.co.uk/id/7000000000030106,http://data.ordnancesurvey.co.uk/ontology/admingeo/UnitaryAuthority,Scotland,http://data.ordnancesurvey.co.uk/id/7000000000041429,Scotland,http://data.ordnancesurvey.co.uk/id/country/scotland,,,
PA238QA,http://data.ordnancesurvey.co.uk/id/postcodeunit/PA238QA,PA23 8QA,,,,other,Postcode,216349.000,680261.000,3500,18000,,,,,,,Sandbank,http://data.ordnancesurvey.co.uk/id/4000000074548864,http://www.ordnancesurvey.co.uk/xml/codelists/localtype.xml#village,,,,Argyll and Bute,http://data.ordnancesurvey.co.uk/id/7000000000030106,http://data.ordnancesurvey.co.uk/ontology/admingeo/UnitaryAuthority,Scotland,http://data.ordnancesurvey.co.uk/id/7000000000041429,Scotland,http://data.ordnancesurvey.co.uk/id/country/scotland,,,
PA238NY,http://data.ordnancesurvey.co.uk/id/postcodeunit/PA238NY,PA23 8NY,,,,other,Postcode,216535.000,680226.000,3500,18000,,,,,,,Sandbank,http://data.ordnancesurvey.co.uk/id/4000000074548864,http://www.ordnancesurvey.co.uk/xml/codelists/localtype.xml#village,,,,Argyll and Bute,http://data.ordnancesurvey.co.uk/id/7000000000030106,http://data.ordnancesurvey.co.uk/ontology/admingeo/UnitaryAuthority,Scotland,http://data.ordnancesurvey.co.uk/id/7000000000041429,Scotland,http://data.ordnancesurvey.co.uk/id/country/scotland,,,
PA278DJ,http://data.ordnancesurvey.co.uk/id/postcodeunit/PA278DJ,PA27 8DJ,,,,other,Postcode,211159.000,697703.000,3500,18000,,,,,,,Glenbranter,http://data.ordnancesurvey.co.uk/id/4000000074549633,http://www.ordnancesurvey.co.uk/xml/codelists/localtype.xml#hamlet,,,,Argyll and Bute,http://data.ordnancesurvey.co.uk/id/7000000000030106,http://data.ordnancesurvey.co.uk/ontology/admingeo/UnitaryAuthority,Scotland,http://data.ordnancesurvey.co.uk/id/7000000000041429,Scotland,http://data.ordnancesurvey.co.uk/id/country/scotland,,,
PA238TE,http://data.ordnancesurvey.co.uk/id/postcodeunit/PA238TE,PA23 8TE,,,,other,Postcode,219472.000,681177.000,3500,18000,,,,,,,Blairmore,http://data.ordnancesurvey.co.uk/id/4000000074549254,http://www.ordnancesurvey.co.uk/xml/codelists/localtype.xml#village,,,,Argyll and Bute,http://data.ordnancesurvey.co.uk/id/7000000000030106,http://data.ordnancesurvey.co.uk/ontology/admingeo/UnitaryAuthority,Scotland,http://data.ordnancesurvey.co.uk/id/7000000000041429,Scotland,http://data.ordnancesurvey.co.uk/id/country/scotland,,,
osgb4000000005290736,http://data.ordnancesurvey.co.uk/id/4000000005290736,Graham's Point,,,,transportNetwork,Named Road,217521.800,681343.200,1000,20000,217437.600,681256.400,217599.800,681375.000,PA23,http://data.ordnancesurvey.co.uk/id/postcodedistrict/PA23,Kilmun,http://data.ordnancesurvey.co.uk/id/4000000074548862,http://www.ordnancesurvey.co.uk/xml/codelists/localtype.xml#village,,,,Argyll and Bute,http://data.ordnancesurvey.co.uk/id/7000000000030106,http://data.ordnancesurvey.co.uk/ontology/admingeo/UnitaryAuthority,Scotland,http://data.ordnancesurvey.co.uk/id/7000000000041429,Scotland,http://data.ordnancesurvey.co.uk/id/country/scotland,,,
dbb916a1-5b00-432c-8aae-2716957a3d2b,http://data.ordnancesurvey.co.uk/id/dbb916a1-5b00-432c-8aae-2716957a3d2b,Midge Lane,,,,transportNetwork,Section Of Named Road,216562.827,682069.048,15000,25000,215837.400,681048.676,218199.818,682778.802,PA23,http://data.ordnancesurvey.co.uk/id/postcodedistrict/PA23,Kilmun,http://data.ordnancesurvey.co.uk/id/4000000074548862,http://www.ordnancesurvey.co.uk/xml/codelists/localtype.xml#village,,,,Argyll and Bute,http://data.ordnancesurvey.co.uk/id/7000000000030106,http://data.ordnancesurvey.co.uk/ontology/admingeo/UnitaryAuthority,Scotland,http://data.ordnancesurvey.co.uk/id/7000000000041429,Scotland,http://data.ordnancesurvey.co.uk/id/country/scotland,osgb4000000005333751,,
PA238QE,http://data.ordnancesurvey.co.uk/id/postcodeunit/PA238QE,PA23 8QE,,,,other,Postcode,216607.000,680278.000,3500,18000,,,,,,,Sandbank,http://data.ordnancesurvey.co.uk/id/4000000074548864,http://www.ordnancesurvey.co.uk/xml/codelists/localtype.xml#village,,,,Argyll and Bute,http://data.ordnancesurvey.co.uk/id/7000000000030106,http://data.ordnancesurvey.co.uk/ontology/admingeo/UnitaryAuthority,Scotland,http://data.ordnancesurvey.co.uk/id/7000000000041429,Scotland,http://data.ordnancesurvey.co.uk/id/country/scotland,,,
osgb4000000005401950,http://data.ordnancesurvey.co.uk/id/4000000005401950,Eachaig,,,,transportNetwork,Named Road,216090.323,682418.805,1000,20000,216079.138,682408.415,216101.308,682419.948,PA23,http://data.ordnancesurvey.co.uk/id/postcodedistrict/PA23,Kilmun,http://data.ordnancesurvey.co.uk/id/4000000074548862,http://www.ordnancesurvey.co.uk/xml/codelists/localtype.xml#village,,,,Argyll and Bute,http://data.ordnancesurvey.co.uk/id/7000000000030106,http://data.ordnancesurvey.co.uk/ontology/admingeo/UnitaryAuthority,Scotland,http://data.ordnancesurvey.co.uk/id/7000000000041429,Scotland,http://data.ordnancesurvey.co.uk/id/country/scotland,,,
osgb4000000005206389,http://data.ordnancesurvey.co.uk/id/4000000005206389,Fir Brae,,,,transportNetwork,Named Road,217021.247,680110.902,2000,20000,216901.000,679924.042,217023.750,680279.000,PA23,http://data.ordnancesurvey.co.uk/id/postcodedistrict/PA23,Sandbank,http://data.ordnancesurvey.co.uk/id/4000000074548864,http://www.ordnancesurvey.co.uk/xml/codelists/localtype.xml#village,,,,Argyll and Bute,http://data.ordnancesurvey.co.uk/id/7000000000030106,http://data.ordnancesurvey.co.uk/ontology/admingeo/UnitaryAuthority,Scotland,http://data.ordnancesurvey.co.uk/id/7000000000041429,Scotland,http://data.ordnancesurvey.co.uk/id/country/scotland,,,
