﻿osgb4000000074548089,http://data.ordnancesurvey.co.uk/id/4000000074548089,Drumclog,,,,populatedPlace,Hamlet,263976.000,638884.000,5000,25000,263647.004,638576.952,264147.004,639076.952,ML10,http://data.ordnancesurvey.co.uk/id/postcodedistrict/ML10,,,,,,,South Lanarkshire,http://data.ordnancesurvey.co.uk/id/7000000000030847,http://data.ordnancesurvey.co.uk/ontology/admingeo/UnitaryAuthority,Scotland,http://data.ordnancesurvey.co.uk/id/7000000000041429,Scotland,http://data.ordnancesurvey.co.uk/id/country/scotland,,,http://sws.geonames.org/2650942
osgb4000000074546593,http://data.ordnancesurvey.co.uk/id/4000000074546593,Kames,,,,populatedPlace,Other Settlement,269598.804,626584.641,15000,25000,268693.049,625840.505,269756.147,626866.562,KA18,http://data.ordnancesurvey.co.uk/id/postcodedistrict/KA18,,,,,,,East Ayrshire,http://data.ordnancesurvey.co.uk/id/7000000000043393,http://data.ordnancesurvey.co.uk/ontology/admingeo/UnitaryAuthority,Scotland,http://data.ordnancesurvey.co.uk/id/7000000000041429,Scotland,http://data.ordnancesurvey.co.uk/id/country/scotland,,,
osgb4000000074546594,http://data.ordnancesurvey.co.uk/id/4000000074546594,Smallburn,,,,populatedPlace,Suburban Area,268547.000,626616.000,5000,25000,268268.815,626505.074,269066.599,627236.425,KA18,http://data.ordnancesurvey.co.uk/id/postcodedistrict/KA18,,,,,,,East Ayrshire,http://data.ordnancesurvey.co.uk/id/7000000000043393,http://data.ordnancesurvey.co.uk/ontology/admingeo/UnitaryAuthority,Scotland,http://data.ordnancesurvey.co.uk/id/7000000000041429,Scotland,http://data.ordnancesurvey.co.uk/id/country/scotland,,,
osgb4000000074548077,http://data.ordnancesurvey.co.uk/id/4000000074548077,Glenbuck,,,,populatedPlace,Other Settlement,275352.020,628793.670,15000,25000,274792.490,628314.246,275735.889,629656.262,KA18,http://data.ordnancesurvey.co.uk/id/postcodedistrict/KA18,,,,,,,East Ayrshire,http://data.ordnancesurvey.co.uk/id/7000000000043393,http://data.ordnancesurvey.co.uk/ontology/admingeo/UnitaryAuthority,Scotland,http://data.ordnancesurvey.co.uk/id/7000000000041429,Scotland,http://data.ordnancesurvey.co.uk/id/country/scotland,,,http://sws.geonames.org/2648519
osgb4000000074546579,http://data.ordnancesurvey.co.uk/id/4000000074546579,Cronberry,,,,populatedPlace,Hamlet,260337.210,622558.280,5000,25000,260178.686,622361.955,261093.617,623219.471,KA18,http://data.ordnancesurvey.co.uk/id/postcodedistrict/KA18,,,,,,,East Ayrshire,http://data.ordnancesurvey.co.uk/id/7000000000043393,http://data.ordnancesurvey.co.uk/ontology/admingeo/UnitaryAuthority,Scotland,http://data.ordnancesurvey.co.uk/id/7000000000041429,Scotland,http://data.ordnancesurvey.co.uk/id/country/scotland,,,http://sws.geonames.org/2651921
osgb4000000074541137,http://data.ordnancesurvey.co.uk/id/4000000074541137,Muirkirk,,,,populatedPlace,Village,269787.050,627447.950,13000,250000,268268.815,626505.074,270293.539,627812.390,KA18,http://data.ordnancesurvey.co.uk/id/postcodedistrict/KA18,,,,,,,East Ayrshire,http://data.ordnancesurvey.co.uk/id/7000000000043393,http://data.ordnancesurvey.co.uk/ontology/admingeo/UnitaryAuthority,Scotland,http://data.ordnancesurvey.co.uk/id/7000000000041429,Scotland,http://data.ordnancesurvey.co.uk/id/country/scotland,,http://dbpedia.org/resource/Muirkirk,http://sws.geonames.org/2642005
KA183NX,http://data.ordnancesurvey.co.uk/id/postcodeunit/KA183NX,KA18 3NX,,,,other,Postcode,268798.000,626787.000,3500,18000,,,,,,,Muirkirk,http://data.ordnancesurvey.co.uk/id/4000000074541137,http://www.ordnancesurvey.co.uk/xml/codelists/localtype.xml#village,,,,East Ayrshire,http://data.ordnancesurvey.co.uk/id/7000000000043393,http://data.ordnancesurvey.co.uk/ontology/admingeo/UnitaryAuthority,Scotland,http://data.ordnancesurvey.co.uk/id/7000000000041429,Scotland,http://data.ordnancesurvey.co.uk/id/country/scotland,,,
ML106QH,http://data.ordnancesurvey.co.uk/id/postcodeunit/ML106QH,ML10 6QH,,,,other,Postcode,263823.000,638931.000,3500,18000,,,,,,,Drumclog,http://data.ordnancesurvey.co.uk/id/4000000074548089,http://www.ordnancesurvey.co.uk/xml/codelists/localtype.xml#hamlet,,,,South Lanarkshire,http://data.ordnancesurvey.co.uk/id/7000000000030847,http://data.ordnancesurvey.co.uk/ontology/admingeo/UnitaryAuthority,Scotland,http://data.ordnancesurvey.co.uk/id/7000000000041429,Scotland,http://data.ordnancesurvey.co.uk/id/country/scotland,,,
KA183NH,http://data.ordnancesurvey.co.uk/id/postcodeunit/KA183NH,KA18 3NH,,,,other,Postcode,261802.000,628708.000,3500,18000,,,,,,,,,,,,,East Ayrshire,http://data.ordnancesurvey.co.uk/id/7000000000043393,http://data.ordnancesurvey.co.uk/ontology/admingeo/UnitaryAuthority,Scotland,http://data.ordnancesurvey.co.uk/id/7000000000041429,Scotland,http://data.ordnancesurvey.co.uk/id/country/scotland,,,
KA183RS,http://data.ordnancesurvey.co.uk/id/postcodeunit/KA183RS,KA18 3RS,,,,other,Postcode,269751.000,627509.000,3500,18000,,,,,,,Muirkirk,http://data.ordnancesurvey.co.uk/id/4000000074541137,http://www.ordnancesurvey.co.uk/xml/codelists/localtype.xml#village,,,,East Ayrshire,http://data.ordnancesurvey.co.uk/id/7000000000043393,http://data.ordnancesurvey.co.uk/ontology/admingeo/UnitaryAuthority,Scotland,http://data.ordnancesurvey.co.uk/id/7000000000041429,Scotland,http://data.ordnancesurvey.co.uk/id/country/scotland,,,
KA183QF,http://data.ordnancesurvey.co.uk/id/postcodeunit/KA183QF,KA18 3QF,,,,other,Postcode,268418.000,626581.000,3500,18000,,,,,,,Muirkirk,http://data.ordnancesurvey.co.uk/id/4000000074541137,http://www.ordnancesurvey.co.uk/xml/codelists/localtype.xml#village,,,,East Ayrshire,http://data.ordnancesurvey.co.uk/id/7000000000043393,http://data.ordnancesurvey.co.uk/ontology/admingeo/UnitaryAuthority,Scotland,http://data.ordnancesurvey.co.uk/id/7000000000041429,Scotland,http://data.ordnancesurvey.co.uk/id/country/scotland,,,
KA183NB,http://data.ordnancesurvey.co.uk/id/postcodeunit/KA183NB,KA18 3NB,,,,other,Postcode,268706.000,626667.000,3500,18000,,,,,,,Muirkirk,http://data.ordnancesurvey.co.uk/id/4000000074541137,http://www.ordnancesurvey.co.uk/xml/codelists/localtype.xml#village,,,,East Ayrshire,http://data.ordnancesurvey.co.uk/id/7000000000043393,http://data.ordnancesurvey.co.uk/ontology/admingeo/UnitaryAuthority,Scotland,http://data.ordnancesurvey.co.uk/id/7000000000041429,Scotland,http://data.ordnancesurvey.co.uk/id/country/scotland,,,
KA183LR,http://data.ordnancesurvey.co.uk/id/postcodeunit/KA183LR,KA18 3LR,,,,other,Postcode,260303.000,621550.000,3500,18000,,,,,,,,,,,,,East Ayrshire,http://data.ordnancesurvey.co.uk/id/7000000000043393,http://data.ordnancesurvey.co.uk/ontology/admingeo/UnitaryAuthority,Scotland,http://data.ordnancesurvey.co.uk/id/7000000000041429,Scotland,http://data.ordnancesurvey.co.uk/id/country/scotland,,,
KA183LU,http://data.ordnancesurvey.co.uk/id/postcodeunit/KA183LU,KA18 3LU,,,,other,Postcode,260383.000,622602.000,3500,18000,,,,,,,Cronberry,http://data.ordnancesurvey.co.uk/id/4000000074546579,http://www.ordnancesurvey.co.uk/xml/codelists/localtype.xml#hamlet,,,,East Ayrshire,http://data.ordnancesurvey.co.uk/id/7000000000043393,http://data.ordnancesurvey.co.uk/ontology/admingeo/UnitaryAuthority,Scotland,http://data.ordnancesurvey.co.uk/id/7000000000041429,Scotland,http://data.ordnancesurvey.co.uk/id/country/scotland,,,
ML110SJ,http://data.ordnancesurvey.co.uk/id/postcodeunit/ML110SJ,ML11 0SJ,,,,other,Postcode,278694.000,628426.000,3500,18000,,,,,,,,,,,,,South Lanarkshire,http://data.ordnancesurvey.co.uk/id/7000000000030847,http://data.ordnancesurvey.co.uk/ontology/admingeo/UnitaryAuthority,Scotland,http://data.ordnancesurvey.co.uk/id/7000000000041429,Scotland,http://data.ordnancesurvey.co.uk/id/country/scotland,,,
ML106QJ,http://data.ordnancesurvey.co.uk/id/postcodeunit/ML106QJ,ML10 6QJ,,,,other,Postcode,261638.000,638615.000,3500,18000,,,,,,,,,,,,,South Lanarkshire,http://data.ordnancesurvey.co.uk/id/7000000000030847,http://data.ordnancesurvey.co.uk/ontology/admingeo/UnitaryAuthority,Scotland,http://data.ordnancesurvey.co.uk/id/7000000000041429,Scotland,http://data.ordnancesurvey.co.uk/id/country/scotland,,,
KA183NG,http://data.ordnancesurvey.co.uk/id/postcodeunit/KA183NG,KA18 3NG,,,,other,Postcode,265135.000,626108.000,3500,18000,,,,,,,,,,,,,East Ayrshire,http://data.ordnancesurvey.co.uk/id/7000000000043393,http://data.ordnancesurvey.co.uk/ontology/admingeo/UnitaryAuthority,Scotland,http://data.ordnancesurvey.co.uk/id/7000000000041429,Scotland,http://data.ordnancesurvey.co.uk/id/country/scotland,,,
ML106QQ,http://data.ordnancesurvey.co.uk/id/postcodeunit/ML106QQ,ML10 6QQ,,,,other,Postcode,263842.000,638711.000,3500,18000,,,,,,,Drumclog,http://data.ordnancesurvey.co.uk/id/4000000074548089,http://www.ordnancesurvey.co.uk/xml/codelists/localtype.xml#hamlet,,,,South Lanarkshire,http://data.ordnancesurvey.co.uk/id/7000000000030847,http://data.ordnancesurvey.co.uk/ontology/admingeo/UnitaryAuthority,Scotland,http://data.ordnancesurvey.co.uk/id/7000000000041429,Scotland,http://data.ordnancesurvey.co.uk/id/country/scotland,,,
KA183PT,http://data.ordnancesurvey.co.uk/id/postcodeunit/KA183PT,KA18 3PT,,,,other,Postcode,268623.000,626772.000,3500,18000,,,,,,,Muirkirk,http://data.ordnancesurvey.co.uk/id/4000000074541137,http://www.ordnancesurvey.co.uk/xml/codelists/localtype.xml#village,,,,East Ayrshire,http://data.ordnancesurvey.co.uk/id/7000000000043393,http://data.ordnancesurvey.co.uk/ontology/admingeo/UnitaryAuthority,Scotland,http://data.ordnancesurvey.co.uk/id/7000000000041429,Scotland,http://data.ordnancesurvey.co.uk/id/country/scotland,,,
KA183NU,http://data.ordnancesurvey.co.uk/id/postcodeunit/KA183NU,KA18 3NU,,,,other,Postcode,268962.000,626965.000,3500,18000,,,,,,,Muirkirk,http://data.ordnancesurvey.co.uk/id/4000000074541137,http://www.ordnancesurvey.co.uk/xml/codelists/localtype.xml#village,,,,East Ayrshire,http://data.ordnancesurvey.co.uk/id/7000000000043393,http://data.ordnancesurvey.co.uk/ontology/admingeo/UnitaryAuthority,Scotland,http://data.ordnancesurvey.co.uk/id/7000000000041429,Scotland,http://data.ordnancesurvey.co.uk/id/country/scotland,,,
KA183NA,http://data.ordnancesurvey.co.uk/id/postcodeunit/KA183NA,KA18 3NA,,,,other,Postcode,263437.000,624659.000,3500,18000,,,,,,,,,,,,,East Ayrshire,http://data.ordnancesurvey.co.uk/id/7000000000043393,http://data.ordnancesurvey.co.uk/ontology/admingeo/UnitaryAuthority,Scotland,http://data.ordnancesurvey.co.uk/id/7000000000041429,Scotland,http://data.ordnancesurvey.co.uk/id/country/scotland,,,
KA183RD,http://data.ordnancesurvey.co.uk/id/postcodeunit/KA183RD,KA18 3RD,,,,other,Postcode,269693.000,627331.000,3500,18000,,,,,,,Muirkirk,http://data.ordnancesurvey.co.uk/id/4000000074541137,http://www.ordnancesurvey.co.uk/xml/codelists/localtype.xml#village,,,,East Ayrshire,http://data.ordnancesurvey.co.uk/id/7000000000043393,http://data.ordnancesurvey.co.uk/ontology/admingeo/UnitaryAuthority,Scotland,http://data.ordnancesurvey.co.uk/id/7000000000041429,Scotland,http://data.ordnancesurvey.co.uk/id/country/scotland,,,
KA183QZ,http://data.ordnancesurvey.co.uk/id/postcodeunit/KA183QZ,KA18 3QZ,,,,other,Postcode,269761.000,627309.000,3500,18000,,,,,,,Muirkirk,http://data.ordnancesurvey.co.uk/id/4000000074541137,http://www.ordnancesurvey.co.uk/xml/codelists/localtype.xml#village,,,,East Ayrshire,http://data.ordnancesurvey.co.uk/id/7000000000043393,http://data.ordnancesurvey.co.uk/ontology/admingeo/UnitaryAuthority,Scotland,http://data.ordnancesurvey.co.uk/id/7000000000041429,Scotland,http://data.ordnancesurvey.co.uk/id/country/scotland,,,
KA183QE,http://data.ordnancesurvey.co.uk/id/postcodeunit/KA183QE,KA18 3QE,,,,other,Postcode,268660.000,626697.000,3500,18000,,,,,,,Muirkirk,http://data.ordnancesurvey.co.uk/id/4000000074541137,http://www.ordnancesurvey.co.uk/xml/codelists/localtype.xml#village,,,,East Ayrshire,http://data.ordnancesurvey.co.uk/id/7000000000043393,http://data.ordnancesurvey.co.uk/ontology/admingeo/UnitaryAuthority,Scotland,http://data.ordnancesurvey.co.uk/id/7000000000041429,Scotland,http://data.ordnancesurvey.co.uk/id/country/scotland,,,
ML110HP,http://data.ordnancesurvey.co.uk/id/postcodeunit/ML110HP,ML11 0HP,,,,other,Postcode,277043.000,638018.000,3500,18000,,,,,,,,,,,,,South Lanarkshire,http://data.ordnancesurvey.co.uk/id/7000000000030847,http://data.ordnancesurvey.co.uk/ontology/admingeo/UnitaryAuthority,Scotland,http://data.ordnancesurvey.co.uk/id/7000000000041429,Scotland,http://data.ordnancesurvey.co.uk/id/country/scotland,,,
KA183ND,http://data.ordnancesurvey.co.uk/id/postcodeunit/KA183ND,KA18 3ND,,,,other,Postcode,268792.000,626435.000,3500,18000,,,,,,,Kames,http://data.ordnancesurvey.co.uk/id/4000000074546593,http://www.ordnancesurvey.co.uk/xml/codelists/localtype.xml#otherSettlement,,,,East Ayrshire,http://data.ordnancesurvey.co.uk/id/7000000000043393,http://data.ordnancesurvey.co.uk/ontology/admingeo/UnitaryAuthority,Scotland,http://data.ordnancesurvey.co.uk/id/7000000000041429,Scotland,http://data.ordnancesurvey.co.uk/id/country/scotland,,,
KA183NJ,http://data.ordnancesurvey.co.uk/id/postcodeunit/KA183NJ,KA18 3NJ,,,,other,Postcode,266142.000,628312.000,3500,18000,,,,,,,,,,,,,East Ayrshire,http://data.ordnancesurvey.co.uk/id/7000000000043393,http://data.ordnancesurvey.co.uk/ontology/admingeo/UnitaryAuthority,Scotland,http://data.ordnancesurvey.co.uk/id/7000000000041429,Scotland,http://data.ordnancesurvey.co.uk/id/country/scotland,,,
KA183EL,http://data.ordnancesurvey.co.uk/id/postcodeunit/KA183EL,KA18 3EL,,,,other,Postcode,270033.000,627641.000,3500,18000,,,,,,,Muirkirk,http://data.ordnancesurvey.co.uk/id/4000000074541137,http://www.ordnancesurvey.co.uk/xml/codelists/localtype.xml#village,,,,East Ayrshire,http://data.ordnancesurvey.co.uk/id/7000000000043393,http://data.ordnancesurvey.co.uk/ontology/admingeo/UnitaryAuthority,Scotland,http://data.ordnancesurvey.co.uk/id/7000000000041429,Scotland,http://data.ordnancesurvey.co.uk/id/country/scotland,,,
KA170LX,http://data.ordnancesurvey.co.uk/id/postcodeunit/KA170LX,KA17 0LX,,,,other,Postcode,261273.000,639304.000,3500,18000,,,,,,,,,,,,,East Ayrshire,http://data.ordnancesurvey.co.uk/id/7000000000043393,http://data.ordnancesurvey.co.uk/ontology/admingeo/UnitaryAuthority,Scotland,http://data.ordnancesurvey.co.uk/id/7000000000041429,Scotland,http://data.ordnancesurvey.co.uk/id/country/scotland,,,
KA183QG,http://data.ordnancesurvey.co.uk/id/postcodeunit/KA183QG,KA18 3QG,,,,other,Postcode,268422.000,626605.000,3500,18000,,,,,,,Muirkirk,http://data.ordnancesurvey.co.uk/id/4000000074541137,http://www.ordnancesurvey.co.uk/xml/codelists/localtype.xml#village,,,,East Ayrshire,http://data.ordnancesurvey.co.uk/id/7000000000043393,http://data.ordnancesurvey.co.uk/ontology/admingeo/UnitaryAuthority,Scotland,http://data.ordnancesurvey.co.uk/id/7000000000041429,Scotland,http://data.ordnancesurvey.co.uk/id/country/scotland,,,
KA183RH,http://data.ordnancesurvey.co.uk/id/postcodeunit/KA183RH,KA18 3RH,,,,other,Postcode,269572.000,627324.000,3500,18000,,,,,,,Muirkirk,http://data.ordnancesurvey.co.uk/id/4000000074541137,http://www.ordnancesurvey.co.uk/xml/codelists/localtype.xml#village,,,,East Ayrshire,http://data.ordnancesurvey.co.uk/id/7000000000043393,http://data.ordnancesurvey.co.uk/ontology/admingeo/UnitaryAuthority,Scotland,http://data.ordnancesurvey.co.uk/id/7000000000041429,Scotland,http://data.ordnancesurvey.co.uk/id/country/scotland,,,
KA183PP,http://data.ordnancesurvey.co.uk/id/postcodeunit/KA183PP,KA18 3PP,,,,other,Postcode,268612.000,626947.000,3500,18000,,,,,,,Muirkirk,http://data.ordnancesurvey.co.uk/id/4000000074541137,http://www.ordnancesurvey.co.uk/xml/codelists/localtype.xml#village,,,,East Ayrshire,http://data.ordnancesurvey.co.uk/id/7000000000043393,http://data.ordnancesurvey.co.uk/ontology/admingeo/UnitaryAuthority,Scotland,http://data.ordnancesurvey.co.uk/id/7000000000041429,Scotland,http://data.ordnancesurvey.co.uk/id/country/scotland,,,
KA183RB,http://data.ordnancesurvey.co.uk/id/postcodeunit/KA183RB,KA18 3RB,,,,other,Postcode,269604.000,627242.000,3500,18000,,,,,,,Muirkirk,http://data.ordnancesurvey.co.uk/id/4000000074541137,http://www.ordnancesurvey.co.uk/xml/codelists/localtype.xml#village,,,,East Ayrshire,http://data.ordnancesurvey.co.uk/id/7000000000043393,http://data.ordnancesurvey.co.uk/ontology/admingeo/UnitaryAuthority,Scotland,http://data.ordnancesurvey.co.uk/id/7000000000041429,Scotland,http://data.ordnancesurvey.co.uk/id/country/scotland,,,
KA183LP,http://data.ordnancesurvey.co.uk/id/postcodeunit/KA183LP,KA18 3LP,,,,other,Postcode,261103.000,622825.000,3500,18000,,,,,,,,,,,,,East Ayrshire,http://data.ordnancesurvey.co.uk/id/7000000000043393,http://data.ordnancesurvey.co.uk/ontology/admingeo/UnitaryAuthority,Scotland,http://data.ordnancesurvey.co.uk/id/7000000000041429,Scotland,http://data.ordnancesurvey.co.uk/id/country/scotland,,,
KA183NN,http://data.ordnancesurvey.co.uk/id/postcodeunit/KA183NN,KA18 3NN,,,,other,Postcode,269739.000,628005.000,3500,18000,,,,,,,,,,,,,East Ayrshire,http://data.ordnancesurvey.co.uk/id/7000000000043393,http://data.ordnancesurvey.co.uk/ontology/admingeo/UnitaryAuthority,Scotland,http://data.ordnancesurvey.co.uk/id/7000000000041429,Scotland,http://data.ordnancesurvey.co.uk/id/country/scotland,,,
ML106QL,http://data.ordnancesurvey.co.uk/id/postcodeunit/ML106QL,ML10 6QL,,,,other,Postcode,262455.000,639653.000,3500,18000,,,,,,,,,,,,,South Lanarkshire,http://data.ordnancesurvey.co.uk/id/7000000000030847,http://data.ordnancesurvey.co.uk/ontology/admingeo/UnitaryAuthority,Scotland,http://data.ordnancesurvey.co.uk/id/7000000000041429,Scotland,http://data.ordnancesurvey.co.uk/id/country/scotland,,,
ML106XF,http://data.ordnancesurvey.co.uk/id/postcodeunit/ML106XF,ML10 6XF,,,,other,Postcode,269545.000,639743.000,3500,18000,,,,,,,,,,,,,South Lanarkshire,http://data.ordnancesurvey.co.uk/id/7000000000030847,http://data.ordnancesurvey.co.uk/ontology/admingeo/UnitaryAuthority,Scotland,http://data.ordnancesurvey.co.uk/id/7000000000041429,Scotland,http://data.ordnancesurvey.co.uk/id/country/scotland,,,
KA183PR,http://data.ordnancesurvey.co.uk/id/postcodeunit/KA183PR,KA18 3PR,,,,other,Postcode,268525.000,626880.000,3500,18000,,,,,,,Muirkirk,http://data.ordnancesurvey.co.uk/id/4000000074541137,http://www.ordnancesurvey.co.uk/xml/codelists/localtype.xml#village,,,,East Ayrshire,http://data.ordnancesurvey.co.uk/id/7000000000043393,http://data.ordnancesurvey.co.uk/ontology/admingeo/UnitaryAuthority,Scotland,http://data.ordnancesurvey.co.uk/id/7000000000041429,Scotland,http://data.ordnancesurvey.co.uk/id/country/scotland,,,
KA183QD,http://data.ordnancesurvey.co.uk/id/postcodeunit/KA183QD,KA18 3QD,,,,other,Postcode,268530.000,626724.000,3500,18000,,,,,,,Muirkirk,http://data.ordnancesurvey.co.uk/id/4000000074541137,http://www.ordnancesurvey.co.uk/xml/codelists/localtype.xml#village,,,,East Ayrshire,http://data.ordnancesurvey.co.uk/id/7000000000043393,http://data.ordnancesurvey.co.uk/ontology/admingeo/UnitaryAuthority,Scotland,http://data.ordnancesurvey.co.uk/id/7000000000041429,Scotland,http://data.ordnancesurvey.co.uk/id/country/scotland,,,
KA183RP,http://data.ordnancesurvey.co.uk/id/postcodeunit/KA183RP,KA18 3RP,,,,other,Postcode,269548.000,627736.000,3500,18000,,,,,,,Muirkirk,http://data.ordnancesurvey.co.uk/id/4000000074541137,http://www.ordnancesurvey.co.uk/xml/codelists/localtype.xml#village,,,,East Ayrshire,http://data.ordnancesurvey.co.uk/id/7000000000043393,http://data.ordnancesurvey.co.uk/ontology/admingeo/UnitaryAuthority,Scotland,http://data.ordnancesurvey.co.uk/id/7000000000041429,Scotland,http://data.ordnancesurvey.co.uk/id/country/scotland,,,
KA183RF,http://data.ordnancesurvey.co.uk/id/postcodeunit/KA183RF,KA18 3RF,,,,other,Postcode,269308.000,627100.000,3500,18000,,,,,,,Muirkirk,http://data.ordnancesurvey.co.uk/id/4000000074541137,http://www.ordnancesurvey.co.uk/xml/codelists/localtype.xml#village,,,,East Ayrshire,http://data.ordnancesurvey.co.uk/id/7000000000043393,http://data.ordnancesurvey.co.uk/ontology/admingeo/UnitaryAuthority,Scotland,http://data.ordnancesurvey.co.uk/id/7000000000041429,Scotland,http://data.ordnancesurvey.co.uk/id/country/scotland,,,
KA183RW,http://data.ordnancesurvey.co.uk/id/postcodeunit/KA183RW,KA18 3RW,,,,other,Postcode,269514.000,627556.000,3500,18000,,,,,,,Muirkirk,http://data.ordnancesurvey.co.uk/id/4000000074541137,http://www.ordnancesurvey.co.uk/xml/codelists/localtype.xml#village,,,,East Ayrshire,http://data.ordnancesurvey.co.uk/id/7000000000043393,http://data.ordnancesurvey.co.uk/ontology/admingeo/UnitaryAuthority,Scotland,http://data.ordnancesurvey.co.uk/id/7000000000041429,Scotland,http://data.ordnancesurvey.co.uk/id/country/scotland,,,
KA183RQ,http://data.ordnancesurvey.co.uk/id/postcodeunit/KA183RQ,KA18 3RQ,,,,other,Postcode,269605.000,627394.000,3500,18000,,,,,,,Muirkirk,http://data.ordnancesurvey.co.uk/id/4000000074541137,http://www.ordnancesurvey.co.uk/xml/codelists/localtype.xml#village,,,,East Ayrshire,http://data.ordnancesurvey.co.uk/id/7000000000043393,http://data.ordnancesurvey.co.uk/ontology/admingeo/UnitaryAuthority,Scotland,http://data.ordnancesurvey.co.uk/id/7000000000041429,Scotland,http://data.ordnancesurvey.co.uk/id/country/scotland,,,
KA183QW,http://data.ordnancesurvey.co.uk/id/postcodeunit/KA183QW,KA18 3QW,,,,other,Postcode,270001.000,627483.000,3500,18000,,,,,,,Muirkirk,http://data.ordnancesurvey.co.uk/id/4000000074541137,http://www.ordnancesurvey.co.uk/xml/codelists/localtype.xml#village,,,,East Ayrshire,http://data.ordnancesurvey.co.uk/id/7000000000043393,http://data.ordnancesurvey.co.uk/ontology/admingeo/UnitaryAuthority,Scotland,http://data.ordnancesurvey.co.uk/id/7000000000041429,Scotland,http://data.ordnancesurvey.co.uk/id/country/scotland,,,
KA183RU,http://data.ordnancesurvey.co.uk/id/postcodeunit/KA183RU,KA18 3RU,,,,other,Postcode,270117.000,627677.000,3500,18000,,,,,,,Muirkirk,http://data.ordnancesurvey.co.uk/id/4000000074541137,http://www.ordnancesurvey.co.uk/xml/codelists/localtype.xml#village,,,,East Ayrshire,http://data.ordnancesurvey.co.uk/id/7000000000043393,http://data.ordnancesurvey.co.uk/ontology/admingeo/UnitaryAuthority,Scotland,http://data.ordnancesurvey.co.uk/id/7000000000041429,Scotland,http://data.ordnancesurvey.co.uk/id/country/scotland,,,
KA183NF,http://data.ordnancesurvey.co.uk/id/postcodeunit/KA183NF,KA18 3NF,,,,other,Postcode,266421.000,626596.000,3500,18000,,,,,,,,,,,,,East Ayrshire,http://data.ordnancesurvey.co.uk/id/7000000000043393,http://data.ordnancesurvey.co.uk/ontology/admingeo/UnitaryAuthority,Scotland,http://data.ordnancesurvey.co.uk/id/7000000000041429,Scotland,http://data.ordnancesurvey.co.uk/id/country/scotland,,,
ML106SW,http://data.ordnancesurvey.co.uk/id/postcodeunit/ML106SW,ML10 6SW,,,,other,Postcode,265797.000,637415.000,3500,18000,,,,,,,,,,,,,South Lanarkshire,http://data.ordnancesurvey.co.uk/id/7000000000030847,http://data.ordnancesurvey.co.uk/ontology/admingeo/UnitaryAuthority,Scotland,http://data.ordnancesurvey.co.uk/id/7000000000041429,Scotland,http://data.ordnancesurvey.co.uk/id/country/scotland,,,
KA183QR,http://data.ordnancesurvey.co.uk/id/postcodeunit/KA183QR,KA18 3QR,,,,other,Postcode,269702.000,627383.000,3500,18000,,,,,,,Muirkirk,http://data.ordnancesurvey.co.uk/id/4000000074541137,http://www.ordnancesurvey.co.uk/xml/codelists/localtype.xml#village,,,,East Ayrshire,http://data.ordnancesurvey.co.uk/id/7000000000043393,http://data.ordnancesurvey.co.uk/ontology/admingeo/UnitaryAuthority,Scotland,http://data.ordnancesurvey.co.uk/id/7000000000041429,Scotland,http://data.ordnancesurvey.co.uk/id/country/scotland,,,
ML106RQ,http://data.ordnancesurvey.co.uk/id/postcodeunit/ML106RQ,ML10 6RQ,,,,other,Postcode,263288.000,637072.000,3500,18000,,,,,,,,,,,,,South Lanarkshire,http://data.ordnancesurvey.co.uk/id/7000000000030847,http://data.ordnancesurvey.co.uk/ontology/admingeo/UnitaryAuthority,Scotland,http://data.ordnancesurvey.co.uk/id/7000000000041429,Scotland,http://data.ordnancesurvey.co.uk/id/country/scotland,,,
KA183PQ,http://data.ordnancesurvey.co.uk/id/postcodeunit/KA183PQ,KA18 3PQ,,,,other,Postcode,268893.000,626995.000,3500,18000,,,,,,,Muirkirk,http://data.ordnancesurvey.co.uk/id/4000000074541137,http://www.ordnancesurvey.co.uk/xml/codelists/localtype.xml#village,,,,East Ayrshire,http://data.ordnancesurvey.co.uk/id/7000000000043393,http://data.ordnancesurvey.co.uk/ontology/admingeo/UnitaryAuthority,Scotland,http://data.ordnancesurvey.co.uk/id/7000000000041429,Scotland,http://data.ordnancesurvey.co.uk/id/country/scotland,,,
KA183NE,http://data.ordnancesurvey.co.uk/id/postcodeunit/KA183NE,KA18 3NE,,,,other,Postcode,266965.000,626366.000,3500,18000,,,,,,,,,,,,,East Ayrshire,http://data.ordnancesurvey.co.uk/id/7000000000043393,http://data.ordnancesurvey.co.uk/ontology/admingeo/UnitaryAuthority,Scotland,http://data.ordnancesurvey.co.uk/id/7000000000041429,Scotland,http://data.ordnancesurvey.co.uk/id/country/scotland,,,
KA183QP,http://data.ordnancesurvey.co.uk/id/postcodeunit/KA183QP,KA18 3QP,,,,other,Postcode,269703.000,627374.000,3500,18000,,,,,,,Muirkirk,http://data.ordnancesurvey.co.uk/id/4000000074541137,http://www.ordnancesurvey.co.uk/xml/codelists/localtype.xml#village,,,,East Ayrshire,http://data.ordnancesurvey.co.uk/id/7000000000043393,http://data.ordnancesurvey.co.uk/ontology/admingeo/UnitaryAuthority,Scotland,http://data.ordnancesurvey.co.uk/id/7000000000041429,Scotland,http://data.ordnancesurvey.co.uk/id/country/scotland,,,
KA183PF,http://data.ordnancesurvey.co.uk/id/postcodeunit/KA183PF,KA18 3PF,,,,other,Postcode,268745.000,626890.000,3500,18000,,,,,,,Muirkirk,http://data.ordnancesurvey.co.uk/id/4000000074541137,http://www.ordnancesurvey.co.uk/xml/codelists/localtype.xml#village,,,,East Ayrshire,http://data.ordnancesurvey.co.uk/id/7000000000043393,http://data.ordnancesurvey.co.uk/ontology/admingeo/UnitaryAuthority,Scotland,http://data.ordnancesurvey.co.uk/id/7000000000041429,Scotland,http://data.ordnancesurvey.co.uk/id/country/scotland,,,
KA183PU,http://data.ordnancesurvey.co.uk/id/postcodeunit/KA183PU,KA18 3PU,,,,other,Postcode,268607.000,626804.000,3500,18000,,,,,,,Muirkirk,http://data.ordnancesurvey.co.uk/id/4000000074541137,http://www.ordnancesurvey.co.uk/xml/codelists/localtype.xml#village,,,,East Ayrshire,http://data.ordnancesurvey.co.uk/id/7000000000043393,http://data.ordnancesurvey.co.uk/ontology/admingeo/UnitaryAuthority,Scotland,http://data.ordnancesurvey.co.uk/id/7000000000041429,Scotland,http://data.ordnancesurvey.co.uk/id/country/scotland,,,
KA183QY,http://data.ordnancesurvey.co.uk/id/postcodeunit/KA183QY,KA18 3QY,,,,other,Postcode,269851.000,627406.000,3500,18000,,,,,,,Muirkirk,http://data.ordnancesurvey.co.uk/id/4000000074541137,http://www.ordnancesurvey.co.uk/xml/codelists/localtype.xml#village,,,,East Ayrshire,http://data.ordnancesurvey.co.uk/id/7000000000043393,http://data.ordnancesurvey.co.uk/ontology/admingeo/UnitaryAuthority,Scotland,http://data.ordnancesurvey.co.uk/id/7000000000041429,Scotland,http://data.ordnancesurvey.co.uk/id/country/scotland,,,
KA183QQ,http://data.ordnancesurvey.co.uk/id/postcodeunit/KA183QQ,KA18 3QQ,,,,other,Postcode,269625.000,627088.000,3500,18000,,,,,,,Muirkirk,http://data.ordnancesurvey.co.uk/id/4000000074541137,http://www.ordnancesurvey.co.uk/xml/codelists/localtype.xml#village,,,,East Ayrshire,http://data.ordnancesurvey.co.uk/id/7000000000043393,http://data.ordnancesurvey.co.uk/ontology/admingeo/UnitaryAuthority,Scotland,http://data.ordnancesurvey.co.uk/id/7000000000041429,Scotland,http://data.ordnancesurvey.co.uk/id/country/scotland,,,
KA183SD,http://data.ordnancesurvey.co.uk/id/postcodeunit/KA183SD,KA18 3SD,,,,other,Postcode,274822.000,628246.000,3500,18000,,,,,,,,,,,,,East Ayrshire,http://data.ordnancesurvey.co.uk/id/7000000000043393,http://data.ordnancesurvey.co.uk/ontology/admingeo/UnitaryAuthority,Scotland,http://data.ordnancesurvey.co.uk/id/7000000000041429,Scotland,http://data.ordnancesurvey.co.uk/id/country/scotland,,,
ML110SH,http://data.ordnancesurvey.co.uk/id/postcodeunit/ML110SH,ML11 0SH,,,,other,Postcode,278211.000,623590.000,3500,18000,,,,,,,,,,,,,South Lanarkshire,http://data.ordnancesurvey.co.uk/id/7000000000030847,http://data.ordnancesurvey.co.uk/ontology/admingeo/UnitaryAuthority,Scotland,http://data.ordnancesurvey.co.uk/id/7000000000041429,Scotland,http://data.ordnancesurvey.co.uk/id/country/scotland,,,
KA183QA,http://data.ordnancesurvey.co.uk/id/postcodeunit/KA183QA,KA18 3QA,,,,other,Postcode,268487.000,626685.000,3500,18000,,,,,,,Muirkirk,http://data.ordnancesurvey.co.uk/id/4000000074541137,http://www.ordnancesurvey.co.uk/xml/codelists/localtype.xml#village,,,,East Ayrshire,http://data.ordnancesurvey.co.uk/id/7000000000043393,http://data.ordnancesurvey.co.uk/ontology/admingeo/UnitaryAuthority,Scotland,http://data.ordnancesurvey.co.uk/id/7000000000041429,Scotland,http://data.ordnancesurvey.co.uk/id/country/scotland,,,
KA183QB,http://data.ordnancesurvey.co.uk/id/postcodeunit/KA183QB,KA18 3QB,,,,other,Postcode,268356.000,626800.000,3500,18000,,,,,,,Muirkirk,http://data.ordnancesurvey.co.uk/id/4000000074541137,http://www.ordnancesurvey.co.uk/xml/codelists/localtype.xml#village,,,,East Ayrshire,http://data.ordnancesurvey.co.uk/id/7000000000043393,http://data.ordnancesurvey.co.uk/ontology/admingeo/UnitaryAuthority,Scotland,http://data.ordnancesurvey.co.uk/id/7000000000041429,Scotland,http://data.ordnancesurvey.co.uk/id/country/scotland,,,
KA183RZ,http://data.ordnancesurvey.co.uk/id/postcodeunit/KA183RZ,KA18 3RZ,,,,other,Postcode,270823.000,627385.000,3500,18000,,,,,,,,,,,,,East Ayrshire,http://data.ordnancesurvey.co.uk/id/7000000000043393,http://data.ordnancesurvey.co.uk/ontology/admingeo/UnitaryAuthority,Scotland,http://data.ordnancesurvey.co.uk/id/7000000000041429,Scotland,http://data.ordnancesurvey.co.uk/id/country/scotland,,,
ML110RZ,http://data.ordnancesurvey.co.uk/id/postcodeunit/ML110RZ,ML11 0RZ,,,,other,Postcode,275063.000,639930.000,3500,18000,,,,,,,,,,,,,South Lanarkshire,http://data.ordnancesurvey.co.uk/id/7000000000030847,http://data.ordnancesurvey.co.uk/ontology/admingeo/UnitaryAuthority,Scotland,http://data.ordnancesurvey.co.uk/id/7000000000041429,Scotland,http://data.ordnancesurvey.co.uk/id/country/scotland,,,
KA183QS,http://data.ordnancesurvey.co.uk/id/postcodeunit/KA183QS,KA18 3QS,,,,other,Postcode,269882.000,627531.000,3500,18000,,,,,,,Muirkirk,http://data.ordnancesurvey.co.uk/id/4000000074541137,http://www.ordnancesurvey.co.uk/xml/codelists/localtype.xml#village,,,,East Ayrshire,http://data.ordnancesurvey.co.uk/id/7000000000043393,http://data.ordnancesurvey.co.uk/ontology/admingeo/UnitaryAuthority,Scotland,http://data.ordnancesurvey.co.uk/id/7000000000041429,Scotland,http://data.ordnancesurvey.co.uk/id/country/scotland,,,
KA183QT,http://data.ordnancesurvey.co.uk/id/postcodeunit/KA183QT,KA18 3QT,,,,other,Postcode,270008.000,627660.000,3500,18000,,,,,,,Muirkirk,http://data.ordnancesurvey.co.uk/id/4000000074541137,http://www.ordnancesurvey.co.uk/xml/codelists/localtype.xml#village,,,,East Ayrshire,http://data.ordnancesurvey.co.uk/id/7000000000043393,http://data.ordnancesurvey.co.uk/ontology/admingeo/UnitaryAuthority,Scotland,http://data.ordnancesurvey.co.uk/id/7000000000041429,Scotland,http://data.ordnancesurvey.co.uk/id/country/scotland,,,
ML106QF,http://data.ordnancesurvey.co.uk/id/postcodeunit/ML106QF,ML10 6QF,,,,other,Postcode,265176.000,639704.000,3500,18000,,,,,,,,,,,,,South Lanarkshire,http://data.ordnancesurvey.co.uk/id/7000000000030847,http://data.ordnancesurvey.co.uk/ontology/admingeo/UnitaryAuthority,Scotland,http://data.ordnancesurvey.co.uk/id/7000000000041429,Scotland,http://data.ordnancesurvey.co.uk/id/country/scotland,,,
ML106RG,http://data.ordnancesurvey.co.uk/id/postcodeunit/ML106RG,ML10 6RG,,,,other,Postcode,264807.000,636005.000,3500,18000,,,,,,,,,,,,,South Lanarkshire,http://data.ordnancesurvey.co.uk/id/7000000000030847,http://data.ordnancesurvey.co.uk/ontology/admingeo/UnitaryAuthority,Scotland,http://data.ordnancesurvey.co.uk/id/7000000000041429,Scotland,http://data.ordnancesurvey.co.uk/id/country/scotland,,,
KA170LY,http://data.ordnancesurvey.co.uk/id/postcodeunit/KA170LY,KA17 0LY,,,,other,Postcode,260083.000,637303.000,3500,18000,,,,,,,,,,,,,East Ayrshire,http://data.ordnancesurvey.co.uk/id/7000000000043393,http://data.ordnancesurvey.co.uk/ontology/admingeo/UnitaryAuthority,Scotland,http://data.ordnancesurvey.co.uk/id/7000000000041429,Scotland,http://data.ordnancesurvey.co.uk/id/country/scotland,,,
KA183LS,http://data.ordnancesurvey.co.uk/id/postcodeunit/KA183LS,KA18 3LS,,,,other,Postcode,262357.000,620067.000,3500,18000,,,,,,,,,,,,,East Ayrshire,http://data.ordnancesurvey.co.uk/id/7000000000043393,http://data.ordnancesurvey.co.uk/ontology/admingeo/UnitaryAuthority,Scotland,http://data.ordnancesurvey.co.uk/id/7000000000041429,Scotland,http://data.ordnancesurvey.co.uk/id/country/scotland,,,
KA183QX,http://data.ordnancesurvey.co.uk/id/postcodeunit/KA183QX,KA18 3QX,,,,other,Postcode,269744.000,627599.000,3500,18000,,,,,,,Muirkirk,http://data.ordnancesurvey.co.uk/id/4000000074541137,http://www.ordnancesurvey.co.uk/xml/codelists/localtype.xml#village,,,,East Ayrshire,http://data.ordnancesurvey.co.uk/id/7000000000043393,http://data.ordnancesurvey.co.uk/ontology/admingeo/UnitaryAuthority,Scotland,http://data.ordnancesurvey.co.uk/id/7000000000041429,Scotland,http://data.ordnancesurvey.co.uk/id/country/scotland,,,
KA183PL,http://data.ordnancesurvey.co.uk/id/postcodeunit/KA183PL,KA18 3PL,,,,other,Postcode,268749.000,627081.000,3500,18000,,,,,,,Muirkirk,http://data.ordnancesurvey.co.uk/id/4000000074541137,http://www.ordnancesurvey.co.uk/xml/codelists/localtype.xml#village,,,,East Ayrshire,http://data.ordnancesurvey.co.uk/id/7000000000043393,http://data.ordnancesurvey.co.uk/ontology/admingeo/UnitaryAuthority,Scotland,http://data.ordnancesurvey.co.uk/id/7000000000041429,Scotland,http://data.ordnancesurvey.co.uk/id/country/scotland,,,
KA183PG,http://data.ordnancesurvey.co.uk/id/postcodeunit/KA183PG,KA18 3PG,,,,other,Postcode,268843.000,626930.000,3500,18000,,,,,,,Muirkirk,http://data.ordnancesurvey.co.uk/id/4000000074541137,http://www.ordnancesurvey.co.uk/xml/codelists/localtype.xml#village,,,,East Ayrshire,http://data.ordnancesurvey.co.uk/id/7000000000043393,http://data.ordnancesurvey.co.uk/ontology/admingeo/UnitaryAuthority,Scotland,http://data.ordnancesurvey.co.uk/id/7000000000041429,Scotland,http://data.ordnancesurvey.co.uk/id/country/scotland,,,
KA183PX,http://data.ordnancesurvey.co.uk/id/postcodeunit/KA183PX,KA18 3PX,,,,other,Postcode,268398.000,626834.000,3500,18000,,,,,,,Muirkirk,http://data.ordnancesurvey.co.uk/id/4000000074541137,http://www.ordnancesurvey.co.uk/xml/codelists/localtype.xml#village,,,,East Ayrshire,http://data.ordnancesurvey.co.uk/id/7000000000043393,http://data.ordnancesurvey.co.uk/ontology/admingeo/UnitaryAuthority,Scotland,http://data.ordnancesurvey.co.uk/id/7000000000041429,Scotland,http://data.ordnancesurvey.co.uk/id/country/scotland,,,
ML110HL,http://data.ordnancesurvey.co.uk/id/postcodeunit/ML110HL,ML11 0HL,,,,other,Postcode,279341.000,637393.000,3500,18000,,,,,,,,,,,,,South Lanarkshire,http://data.ordnancesurvey.co.uk/id/7000000000030847,http://data.ordnancesurvey.co.uk/ontology/admingeo/UnitaryAuthority,Scotland,http://data.ordnancesurvey.co.uk/id/7000000000041429,Scotland,http://data.ordnancesurvey.co.uk/id/country/scotland,,,
KA183SB,http://data.ordnancesurvey.co.uk/id/postcodeunit/KA183SB,KA18 3SB,,,,other,Postcode,275443.000,629080.000,3500,18000,,,,,,,Glenbuck,http://data.ordnancesurvey.co.uk/id/4000000074548077,http://www.ordnancesurvey.co.uk/xml/codelists/localtype.xml#otherSettlement,,,,East Ayrshire,http://data.ordnancesurvey.co.uk/id/7000000000043393,http://data.ordnancesurvey.co.uk/ontology/admingeo/UnitaryAuthority,Scotland,http://data.ordnancesurvey.co.uk/id/7000000000041429,Scotland,http://data.ordnancesurvey.co.uk/id/country/scotland,,,
KA183NL,http://data.ordnancesurvey.co.uk/id/postcodeunit/KA183NL,KA18 3NL,,,,other,Postcode,268185.000,629605.000,3500,18000,,,,,,,,,,,,,East Ayrshire,http://data.ordnancesurvey.co.uk/id/7000000000043393,http://data.ordnancesurvey.co.uk/ontology/admingeo/UnitaryAuthority,Scotland,http://data.ordnancesurvey.co.uk/id/7000000000041429,Scotland,http://data.ordnancesurvey.co.uk/id/country/scotland,,,
KA183SA,http://data.ordnancesurvey.co.uk/id/postcodeunit/KA183SA,KA18 3SA,,,,other,Postcode,270621.000,627878.000,3500,18000,,,,,,,,,,,,,East Ayrshire,http://data.ordnancesurvey.co.uk/id/7000000000043393,http://data.ordnancesurvey.co.uk/ontology/admingeo/UnitaryAuthority,Scotland,http://data.ordnancesurvey.co.uk/id/7000000000041429,Scotland,http://data.ordnancesurvey.co.uk/id/country/scotland,,,
KA183PY,http://data.ordnancesurvey.co.uk/id/postcodeunit/KA183PY,KA18 3PY,,,,other,Postcode,268409.000,626899.000,3500,18000,,,,,,,Muirkirk,http://data.ordnancesurvey.co.uk/id/4000000074541137,http://www.ordnancesurvey.co.uk/xml/codelists/localtype.xml#village,,,,East Ayrshire,http://data.ordnancesurvey.co.uk/id/7000000000043393,http://data.ordnancesurvey.co.uk/ontology/admingeo/UnitaryAuthority,Scotland,http://data.ordnancesurvey.co.uk/id/7000000000041429,Scotland,http://data.ordnancesurvey.co.uk/id/country/scotland,,,
KA183RX,http://data.ordnancesurvey.co.uk/id/postcodeunit/KA183RX,KA18 3RX,,,,other,Postcode,270213.000,627687.000,3500,18000,,,,,,,Muirkirk,http://data.ordnancesurvey.co.uk/id/4000000074541137,http://www.ordnancesurvey.co.uk/xml/codelists/localtype.xml#village,,,,East Ayrshire,http://data.ordnancesurvey.co.uk/id/7000000000043393,http://data.ordnancesurvey.co.uk/ontology/admingeo/UnitaryAuthority,Scotland,http://data.ordnancesurvey.co.uk/id/7000000000041429,Scotland,http://data.ordnancesurvey.co.uk/id/country/scotland,,,
KA183NW,http://data.ordnancesurvey.co.uk/id/postcodeunit/KA183NW,KA18 3NW,,,,other,Postcode,270047.000,627958.000,3500,18000,,,,,,,,,,,,,East Ayrshire,http://data.ordnancesurvey.co.uk/id/7000000000043393,http://data.ordnancesurvey.co.uk/ontology/admingeo/UnitaryAuthority,Scotland,http://data.ordnancesurvey.co.uk/id/7000000000041429,Scotland,http://data.ordnancesurvey.co.uk/id/country/scotland,,,
KA183RA,http://data.ordnancesurvey.co.uk/id/postcodeunit/KA183RA,KA18 3RA,,,,other,Postcode,269615.000,627245.000,3500,18000,,,,,,,Muirkirk,http://data.ordnancesurvey.co.uk/id/4000000074541137,http://www.ordnancesurvey.co.uk/xml/codelists/localtype.xml#village,,,,East Ayrshire,http://data.ordnancesurvey.co.uk/id/7000000000043393,http://data.ordnancesurvey.co.uk/ontology/admingeo/UnitaryAuthority,Scotland,http://data.ordnancesurvey.co.uk/id/7000000000041429,Scotland,http://data.ordnancesurvey.co.uk/id/country/scotland,,,
KA183QU,http://data.ordnancesurvey.co.uk/id/postcodeunit/KA183QU,KA18 3QU,,,,other,Postcode,269968.000,627716.000,3500,18000,,,,,,,Muirkirk,http://data.ordnancesurvey.co.uk/id/4000000074541137,http://www.ordnancesurvey.co.uk/xml/codelists/localtype.xml#village,,,,East Ayrshire,http://data.ordnancesurvey.co.uk/id/7000000000043393,http://data.ordnancesurvey.co.uk/ontology/admingeo/UnitaryAuthority,Scotland,http://data.ordnancesurvey.co.uk/id/7000000000041429,Scotland,http://data.ordnancesurvey.co.uk/id/country/scotland,,,
ML106RF,http://data.ordnancesurvey.co.uk/id/postcodeunit/ML106RF,ML10 6RF,,,,other,Postcode,265851.000,637192.000,3500,18000,,,,,,,,,,,,,South Lanarkshire,http://data.ordnancesurvey.co.uk/id/7000000000030847,http://data.ordnancesurvey.co.uk/ontology/admingeo/UnitaryAuthority,Scotland,http://data.ordnancesurvey.co.uk/id/7000000000041429,Scotland,http://data.ordnancesurvey.co.uk/id/country/scotland,,,
KA183RN,http://data.ordnancesurvey.co.uk/id/postcodeunit/KA183RN,KA18 3RN,,,,other,Postcode,269632.000,627528.000,3500,18000,,,,,,,Muirkirk,http://data.ordnancesurvey.co.uk/id/4000000074541137,http://www.ordnancesurvey.co.uk/xml/codelists/localtype.xml#village,,,,East Ayrshire,http://data.ordnancesurvey.co.uk/id/7000000000043393,http://data.ordnancesurvey.co.uk/ontology/admingeo/UnitaryAuthority,Scotland,http://data.ordnancesurvey.co.uk/id/7000000000041429,Scotland,http://data.ordnancesurvey.co.uk/id/country/scotland,,,
ML110HW,http://data.ordnancesurvey.co.uk/id/postcodeunit/ML110HW,ML11 0HW,,,,other,Postcode,277686.000,636536.000,3500,18000,,,,,,,,,,,,,South Lanarkshire,http://data.ordnancesurvey.co.uk/id/7000000000030847,http://data.ordnancesurvey.co.uk/ontology/admingeo/UnitaryAuthority,Scotland,http://data.ordnancesurvey.co.uk/id/7000000000041429,Scotland,http://data.ordnancesurvey.co.uk/id/country/scotland,,,
KA183PA,http://data.ordnancesurvey.co.uk/id/postcodeunit/KA183PA,KA18 3PA,,,,other,Postcode,268768.000,626824.000,3500,18000,,,,,,,Muirkirk,http://data.ordnancesurvey.co.uk/id/4000000074541137,http://www.ordnancesurvey.co.uk/xml/codelists/localtype.xml#village,,,,East Ayrshire,http://data.ordnancesurvey.co.uk/id/7000000000043393,http://data.ordnancesurvey.co.uk/ontology/admingeo/UnitaryAuthority,Scotland,http://data.ordnancesurvey.co.uk/id/7000000000041429,Scotland,http://data.ordnancesurvey.co.uk/id/country/scotland,,,
ML106PP,http://data.ordnancesurvey.co.uk/id/postcodeunit/ML106PP,ML10 6PP,,,,other,Postcode,273736.000,639652.000,3500,18000,,,,,,,,,,,,,South Lanarkshire,http://data.ordnancesurvey.co.uk/id/7000000000030847,http://data.ordnancesurvey.co.uk/ontology/admingeo/UnitaryAuthority,Scotland,http://data.ordnancesurvey.co.uk/id/7000000000041429,Scotland,http://data.ordnancesurvey.co.uk/id/country/scotland,,,
KA183NQ,http://data.ordnancesurvey.co.uk/id/postcodeunit/KA183NQ,KA18 3NQ,,,,other,Postcode,265555.000,626739.000,3500,18000,,,,,,,,,,,,,East Ayrshire,http://data.ordnancesurvey.co.uk/id/7000000000043393,http://data.ordnancesurvey.co.uk/ontology/admingeo/UnitaryAuthority,Scotland,http://data.ordnancesurvey.co.uk/id/7000000000041429,Scotland,http://data.ordnancesurvey.co.uk/id/country/scotland,,,
KA183PB,http://data.ordnancesurvey.co.uk/id/postcodeunit/KA183PB,KA18 3PB,,,,other,Postcode,268725.000,626839.000,3500,18000,,,,,,,Muirkirk,http://data.ordnancesurvey.co.uk/id/4000000074541137,http://www.ordnancesurvey.co.uk/xml/codelists/localtype.xml#village,,,,East Ayrshire,http://data.ordnancesurvey.co.uk/id/7000000000043393,http://data.ordnancesurvey.co.uk/ontology/admingeo/UnitaryAuthority,Scotland,http://data.ordnancesurvey.co.uk/id/7000000000041429,Scotland,http://data.ordnancesurvey.co.uk/id/country/scotland,,,
KA183PS,http://data.ordnancesurvey.co.uk/id/postcodeunit/KA183PS,KA18 3PS,,,,other,Postcode,268647.000,626872.000,3500,18000,,,,,,,Muirkirk,http://data.ordnancesurvey.co.uk/id/4000000074541137,http://www.ordnancesurvey.co.uk/xml/codelists/localtype.xml#village,,,,East Ayrshire,http://data.ordnancesurvey.co.uk/id/7000000000043393,http://data.ordnancesurvey.co.uk/ontology/admingeo/UnitaryAuthority,Scotland,http://data.ordnancesurvey.co.uk/id/7000000000041429,Scotland,http://data.ordnancesurvey.co.uk/id/country/scotland,,,
KA183PW,http://data.ordnancesurvey.co.uk/id/postcodeunit/KA183PW,KA18 3PW,,,,other,Postcode,268688.000,626999.000,3500,18000,,,,,,,Muirkirk,http://data.ordnancesurvey.co.uk/id/4000000074541137,http://www.ordnancesurvey.co.uk/xml/codelists/localtype.xml#village,,,,East Ayrshire,http://data.ordnancesurvey.co.uk/id/7000000000043393,http://data.ordnancesurvey.co.uk/ontology/admingeo/UnitaryAuthority,Scotland,http://data.ordnancesurvey.co.uk/id/7000000000041429,Scotland,http://data.ordnancesurvey.co.uk/id/country/scotland,,,
KA183RE,http://data.ordnancesurvey.co.uk/id/postcodeunit/KA183RE,KA18 3RE,,,,other,Postcode,269528.000,626847.000,3500,18000,,,,,,,Kames,http://data.ordnancesurvey.co.uk/id/4000000074546593,http://www.ordnancesurvey.co.uk/xml/codelists/localtype.xml#otherSettlement,,,,East Ayrshire,http://data.ordnancesurvey.co.uk/id/7000000000043393,http://data.ordnancesurvey.co.uk/ontology/admingeo/UnitaryAuthority,Scotland,http://data.ordnancesurvey.co.uk/id/7000000000041429,Scotland,http://data.ordnancesurvey.co.uk/id/country/scotland,,,
ML110HN,http://data.ordnancesurvey.co.uk/id/postcodeunit/ML110HN,ML11 0HN,,,,other,Postcode,279013.000,635648.000,3500,18000,,,,,,,,,,,,,South Lanarkshire,http://data.ordnancesurvey.co.uk/id/7000000000030847,http://data.ordnancesurvey.co.uk/ontology/admingeo/UnitaryAuthority,Scotland,http://data.ordnancesurvey.co.uk/id/7000000000041429,Scotland,http://data.ordnancesurvey.co.uk/id/country/scotland,,,
KA183PJ,http://data.ordnancesurvey.co.uk/id/postcodeunit/KA183PJ,KA18 3PJ,,,,other,Postcode,268839.000,627072.000,3500,18000,,,,,,,Muirkirk,http://data.ordnancesurvey.co.uk/id/4000000074541137,http://www.ordnancesurvey.co.uk/xml/codelists/localtype.xml#village,,,,East Ayrshire,http://data.ordnancesurvey.co.uk/id/7000000000043393,http://data.ordnancesurvey.co.uk/ontology/admingeo/UnitaryAuthority,Scotland,http://data.ordnancesurvey.co.uk/id/7000000000041429,Scotland,http://data.ordnancesurvey.co.uk/id/country/scotland,,,
KA183RR,http://data.ordnancesurvey.co.uk/id/postcodeunit/KA183RR,KA18 3RR,,,,other,Postcode,269677.000,627502.000,3500,18000,,,,,,,Muirkirk,http://data.ordnancesurvey.co.uk/id/4000000074541137,http://www.ordnancesurvey.co.uk/xml/codelists/localtype.xml#village,,,,East Ayrshire,http://data.ordnancesurvey.co.uk/id/7000000000043393,http://data.ordnancesurvey.co.uk/ontology/admingeo/UnitaryAuthority,Scotland,http://data.ordnancesurvey.co.uk/id/7000000000041429,Scotland,http://data.ordnancesurvey.co.uk/id/country/scotland,,,
ML106RH,http://data.ordnancesurvey.co.uk/id/postcodeunit/ML106RH,ML10 6RH,,,,other,Postcode,266058.000,639006.000,3500,18000,,,,,,,,,,,,,South Lanarkshire,http://data.ordnancesurvey.co.uk/id/7000000000030847,http://data.ordnancesurvey.co.uk/ontology/admingeo/UnitaryAuthority,Scotland,http://data.ordnancesurvey.co.uk/id/7000000000041429,Scotland,http://data.ordnancesurvey.co.uk/id/country/scotland,,,
KA183PZ,http://data.ordnancesurvey.co.uk/id/postcodeunit/KA183PZ,KA18 3PZ,,,,other,Postcode,268485.000,626791.000,3500,18000,,,,,,,Muirkirk,http://data.ordnancesurvey.co.uk/id/4000000074541137,http://www.ordnancesurvey.co.uk/xml/codelists/localtype.xml#village,,,,East Ayrshire,http://data.ordnancesurvey.co.uk/id/7000000000043393,http://data.ordnancesurvey.co.uk/ontology/admingeo/UnitaryAuthority,Scotland,http://data.ordnancesurvey.co.uk/id/7000000000041429,Scotland,http://data.ordnancesurvey.co.uk/id/country/scotland,,,
KA183RL,http://data.ordnancesurvey.co.uk/id/postcodeunit/KA183RL,KA18 3RL,,,,other,Postcode,269576.000,627492.000,3500,18000,,,,,,,Muirkirk,http://data.ordnancesurvey.co.uk/id/4000000074541137,http://www.ordnancesurvey.co.uk/xml/codelists/localtype.xml#village,,,,East Ayrshire,http://data.ordnancesurvey.co.uk/id/7000000000043393,http://data.ordnancesurvey.co.uk/ontology/admingeo/UnitaryAuthority,Scotland,http://data.ordnancesurvey.co.uk/id/7000000000041429,Scotland,http://data.ordnancesurvey.co.uk/id/country/scotland,,,
ML106QG,http://data.ordnancesurvey.co.uk/id/postcodeunit/ML106QG,ML10 6QG,,,,other,Postcode,264014.000,638575.000,3500,18000,,,,,,,,,,,,,South Lanarkshire,http://data.ordnancesurvey.co.uk/id/7000000000030847,http://data.ordnancesurvey.co.uk/ontology/admingeo/UnitaryAuthority,Scotland,http://data.ordnancesurvey.co.uk/id/7000000000041429,Scotland,http://data.ordnancesurvey.co.uk/id/country/scotland,,,
osgb4000000005205902,http://data.ordnancesurvey.co.uk/id/4000000005205902,Pagan Walk,,,,transportNetwork,Named Road,268742.000,626828.000,3000,20000,268512.000,626786.000,268941.000,626962.000,KA18,http://data.ordnancesurvey.co.uk/id/postcodedistrict/KA18,Muirkirk,http://data.ordnancesurvey.co.uk/id/4000000074541137,http://www.ordnancesurvey.co.uk/xml/codelists/localtype.xml#village,,,,East Ayrshire,http://data.ordnancesurvey.co.uk/id/7000000000043393,http://data.ordnancesurvey.co.uk/ontology/admingeo/UnitaryAuthority,Scotland,http://data.ordnancesurvey.co.uk/id/7000000000041429,Scotland,http://data.ordnancesurvey.co.uk/id/country/scotland,,,
osgb4000000005211881,http://data.ordnancesurvey.co.uk/id/4000000005211881,Hamilton Drive,,,,transportNetwork,Named Road,265829.000,637373.000,1000,20000,265727.000,637313.000,265920.044,637420.000,ML10,http://data.ordnancesurvey.co.uk/id/postcodedistrict/ML10,,,,,,,South Lanarkshire,http://data.ordnancesurvey.co.uk/id/7000000000030847,http://data.ordnancesurvey.co.uk/ontology/admingeo/UnitaryAuthority,Scotland,http://data.ordnancesurvey.co.uk/id/7000000000041429,Scotland,http://data.ordnancesurvey.co.uk/id/country/scotland,,,
osgb4000000005290535,http://data.ordnancesurvey.co.uk/id/4000000005290535,Stoneyhill Avenue,,,,transportNetwork,Named Road,268759.000,626873.000,1000,20000,268757.000,626849.000,268781.000,626902.000,KA18,http://data.ordnancesurvey.co.uk/id/postcodedistrict/KA18,Muirkirk,http://data.ordnancesurvey.co.uk/id/4000000074541137,http://www.ordnancesurvey.co.uk/xml/codelists/localtype.xml#village,,,,East Ayrshire,http://data.ordnancesurvey.co.uk/id/7000000000043393,http://data.ordnancesurvey.co.uk/ontology/admingeo/UnitaryAuthority,Scotland,http://data.ordnancesurvey.co.uk/id/7000000000041429,Scotland,http://data.ordnancesurvey.co.uk/id/country/scotland,,,
osgb4000000005221103,http://data.ordnancesurvey.co.uk/id/4000000005221103,Kirk Green,,,,transportNetwork,Named Road,270039.000,627718.000,1000,20000,270012.903,627659.224,270074.058,627758.790,KA18,http://data.ordnancesurvey.co.uk/id/postcodedistrict/KA18,Muirkirk,http://data.ordnancesurvey.co.uk/id/4000000074541137,http://www.ordnancesurvey.co.uk/xml/codelists/localtype.xml#village,,,,East Ayrshire,http://data.ordnancesurvey.co.uk/id/7000000000043393,http://data.ordnancesurvey.co.uk/ontology/admingeo/UnitaryAuthority,Scotland,http://data.ordnancesurvey.co.uk/id/7000000000041429,Scotland,http://data.ordnancesurvey.co.uk/id/country/scotland,,,
osgb4000000005205903,http://data.ordnancesurvey.co.uk/id/4000000005205903,Meanlour Drive,,,,transportNetwork,Named Road,268421.000,626852.000,1000,20000,268312.000,626836.000,268517.000,626852.000,KA18,http://data.ordnancesurvey.co.uk/id/postcodedistrict/KA18,Muirkirk,http://data.ordnancesurvey.co.uk/id/4000000074541137,http://www.ordnancesurvey.co.uk/xml/codelists/localtype.xml#village,,,,East Ayrshire,http://data.ordnancesurvey.co.uk/id/7000000000043393,http://data.ordnancesurvey.co.uk/ontology/admingeo/UnitaryAuthority,Scotland,http://data.ordnancesurvey.co.uk/id/7000000000041429,Scotland,http://data.ordnancesurvey.co.uk/id/country/scotland,,,
osgb4000000005203596,http://data.ordnancesurvey.co.uk/id/4000000005203596,Riverside Gardens,,,,transportNetwork,Named Road,260337.205,622558.283,2000,20000,260188.000,622474.000,260426.561,622696.273,KA18,http://data.ordnancesurvey.co.uk/id/postcodedistrict/KA18,Cronberry,http://data.ordnancesurvey.co.uk/id/4000000074546579,http://www.ordnancesurvey.co.uk/xml/codelists/localtype.xml#hamlet,,,,East Ayrshire,http://data.ordnancesurvey.co.uk/id/7000000000043393,http://data.ordnancesurvey.co.uk/ontology/admingeo/UnitaryAuthority,Scotland,http://data.ordnancesurvey.co.uk/id/7000000000041429,Scotland,http://data.ordnancesurvey.co.uk/id/country/scotland,,,
osgb4000000005232655,http://data.ordnancesurvey.co.uk/id/4000000005232655,B745,,,,transportNetwork,Numbered Road,264237.250,637494.125,13000,250000,263976.000,636860.491,265640.628,638884.000,ML10,http://data.ordnancesurvey.co.uk/id/postcodedistrict/ML10,,,,,,,South Lanarkshire,http://data.ordnancesurvey.co.uk/id/7000000000030847,http://data.ordnancesurvey.co.uk/ontology/admingeo/UnitaryAuthority,Scotland,http://data.ordnancesurvey.co.uk/id/7000000000041429,Scotland,http://data.ordnancesurvey.co.uk/id/country/scotland,,,
ed9ca627-3883-4439-a298-aad8f996c687,http://data.ordnancesurvey.co.uk/id/ed9ca627-3883-4439-a298-aad8f996c687,Smallburn Road,,,,transportNetwork,Section Of Named Road,268933.000,626846.000,8000,25000,268348.054,626520.524,269511.000,627201.000,KA18,http://data.ordnancesurvey.co.uk/id/postcodedistrict/KA18,Muirkirk,http://data.ordnancesurvey.co.uk/id/4000000074541137,http://www.ordnancesurvey.co.uk/xml/codelists/localtype.xml#village,,,,East Ayrshire,http://data.ordnancesurvey.co.uk/id/7000000000043393,http://data.ordnancesurvey.co.uk/ontology/admingeo/UnitaryAuthority,Scotland,http://data.ordnancesurvey.co.uk/id/7000000000041429,Scotland,http://data.ordnancesurvey.co.uk/id/country/scotland,osgb4000000005202818,,
osgb4000000005211722,http://data.ordnancesurvey.co.uk/id/4000000005211722,Hawkshaw Terrace,,,,transportNetwork,Named Road,268590.000,626637.000,3000,20000,268357.000,626546.000,268778.150,626760.950,KA18,http://data.ordnancesurvey.co.uk/id/postcodedistrict/KA18,Muirkirk,http://data.ordnancesurvey.co.uk/id/4000000074541137,http://www.ordnancesurvey.co.uk/xml/codelists/localtype.xml#village,,,,East Ayrshire,http://data.ordnancesurvey.co.uk/id/7000000000043393,http://data.ordnancesurvey.co.uk/ontology/admingeo/UnitaryAuthority,Scotland,http://data.ordnancesurvey.co.uk/id/7000000000041429,Scotland,http://data.ordnancesurvey.co.uk/id/country/scotland,,,
osgb4000000005211728,http://data.ordnancesurvey.co.uk/id/4000000005211728,Burns Avenue,,,,transportNetwork,Named Road,269570.600,627334.250,1000,20000,269533.400,627316.250,269618.450,627347.150,KA18,http://data.ordnancesurvey.co.uk/id/postcodedistrict/KA18,Muirkirk,http://data.ordnancesurvey.co.uk/id/4000000074541137,http://www.ordnancesurvey.co.uk/xml/codelists/localtype.xml#village,,,,East Ayrshire,http://data.ordnancesurvey.co.uk/id/7000000000043393,http://data.ordnancesurvey.co.uk/ontology/admingeo/UnitaryAuthority,Scotland,http://data.ordnancesurvey.co.uk/id/7000000000041429,Scotland,http://data.ordnancesurvey.co.uk/id/country/scotland,,,
osgb4000000005211727,http://data.ordnancesurvey.co.uk/id/4000000005211727,Middlefield Drive,,,,transportNetwork,Named Road,269501.394,627750.586,1000,20000,269475.864,627678.800,269622.000,627765.496,KA18,http://data.ordnancesurvey.co.uk/id/postcodedistrict/KA18,Muirkirk,http://data.ordnancesurvey.co.uk/id/4000000074541137,http://www.ordnancesurvey.co.uk/xml/codelists/localtype.xml#village,,,,East Ayrshire,http://data.ordnancesurvey.co.uk/id/7000000000043393,http://data.ordnancesurvey.co.uk/ontology/admingeo/UnitaryAuthority,Scotland,http://data.ordnancesurvey.co.uk/id/7000000000041429,Scotland,http://data.ordnancesurvey.co.uk/id/country/scotland,,,
d52f577d-9fd5-410c-8d90-13834e50b692,http://data.ordnancesurvey.co.uk/id/d52f577d-9fd5-410c-8d90-13834e50b692,Furnace Road,,,,transportNetwork,Section Of Named Road,269540.000,627129.000,1000,25000,269511.000,627035.651,269581.153,627201.000,KA18,http://data.ordnancesurvey.co.uk/id/postcodedistrict/KA18,Muirkirk,http://data.ordnancesurvey.co.uk/id/4000000074541137,http://www.ordnancesurvey.co.uk/xml/codelists/localtype.xml#village,,,,East Ayrshire,http://data.ordnancesurvey.co.uk/id/7000000000043393,http://data.ordnancesurvey.co.uk/ontology/admingeo/UnitaryAuthority,Scotland,http://data.ordnancesurvey.co.uk/id/7000000000041429,Scotland,http://data.ordnancesurvey.co.uk/id/country/scotland,osgb4000000005205906,,
osgb4000000005203604,http://data.ordnancesurvey.co.uk/id/4000000005203604,Henderson Drive,,,,transportNetwork,Named Road,268616.077,626930.000,3000,20000,268476.000,626616.000,268868.300,627062.150,KA18,http://data.ordnancesurvey.co.uk/id/postcodedistrict/KA18,Muirkirk,http://data.ordnancesurvey.co.uk/id/4000000074541137,http://www.ordnancesurvey.co.uk/xml/codelists/localtype.xml#village,,,,East Ayrshire,http://data.ordnancesurvey.co.uk/id/7000000000043393,http://data.ordnancesurvey.co.uk/ontology/admingeo/UnitaryAuthority,Scotland,http://data.ordnancesurvey.co.uk/id/7000000000041429,Scotland,http://data.ordnancesurvey.co.uk/id/country/scotland,,,
osgb4000000005205908,http://data.ordnancesurvey.co.uk/id/4000000005205908,Wellwood Street,,,,transportNetwork,Named Road,269797.000,627611.000,3000,20000,269617.000,627483.000,270012.903,627758.790,KA18,http://data.ordnancesurvey.co.uk/id/postcodedistrict/KA18,Muirkirk,http://data.ordnancesurvey.co.uk/id/4000000074541137,http://www.ordnancesurvey.co.uk/xml/codelists/localtype.xml#village,,,,East Ayrshire,http://data.ordnancesurvey.co.uk/id/7000000000043393,http://data.ordnancesurvey.co.uk/ontology/admingeo/UnitaryAuthority,Scotland,http://data.ordnancesurvey.co.uk/id/7000000000041429,Scotland,http://data.ordnancesurvey.co.uk/id/country/scotland,,,
osgb4000000005228965,http://data.ordnancesurvey.co.uk/id/4000000005228965,Steven Crescent,,,,transportNetwork,Named Road,269584.000,627402.000,1000,20000,269584.000,627402.000,269620.000,627405.000,KA18,http://data.ordnancesurvey.co.uk/id/postcodedistrict/KA18,Muirkirk,http://data.ordnancesurvey.co.uk/id/4000000074541137,http://www.ordnancesurvey.co.uk/xml/codelists/localtype.xml#village,,,,East Ayrshire,http://data.ordnancesurvey.co.uk/id/7000000000043393,http://data.ordnancesurvey.co.uk/ontology/admingeo/UnitaryAuthority,Scotland,http://data.ordnancesurvey.co.uk/id/7000000000041429,Scotland,http://data.ordnancesurvey.co.uk/id/country/scotland,,,
osgb4000000005205906,http://data.ordnancesurvey.co.uk/id/4000000005205906,Furnace Road,,,,transportNetwork,Named Road,269568.500,626659.400,7000,20000,269405.000,626067.000,269625.000,627201.000,KA18,http://data.ordnancesurvey.co.uk/id/postcodedistrict/KA18,Kames,http://data.ordnancesurvey.co.uk/id/4000000074546593,http://www.ordnancesurvey.co.uk/xml/codelists/localtype.xml#otherSettlement,,,,East Ayrshire,http://data.ordnancesurvey.co.uk/id/7000000000043393,http://data.ordnancesurvey.co.uk/ontology/admingeo/UnitaryAuthority,Scotland,http://data.ordnancesurvey.co.uk/id/7000000000041429,Scotland,http://data.ordnancesurvey.co.uk/id/country/scotland,,,
osgb4000000005205904,http://data.ordnancesurvey.co.uk/id/4000000005205904,Colthart Drive,,,,transportNetwork,Named Road,268688.000,627086.000,1000,20000,268674.000,626962.100,268811.900,627181.550,KA18,http://data.ordnancesurvey.co.uk/id/postcodedistrict/KA18,Muirkirk,http://data.ordnancesurvey.co.uk/id/4000000074541137,http://www.ordnancesurvey.co.uk/xml/codelists/localtype.xml#village,,,,East Ayrshire,http://data.ordnancesurvey.co.uk/id/7000000000043393,http://data.ordnancesurvey.co.uk/ontology/admingeo/UnitaryAuthority,Scotland,http://data.ordnancesurvey.co.uk/id/7000000000041429,Scotland,http://data.ordnancesurvey.co.uk/id/country/scotland,,,
5cb3d1f7-d0e2-40b2-9788-e97f2bd0884b,http://data.ordnancesurvey.co.uk/id/5cb3d1f7-d0e2-40b2-9788-e97f2bd0884b,Wellwood Street,,,,transportNetwork,Section Of Named Road,269805.946,627617.641,3000,25000,269617.000,627483.000,270012.903,627758.790,KA18,http://data.ordnancesurvey.co.uk/id/postcodedistrict/KA18,,,,,,,East Ayrshire,http://data.ordnancesurvey.co.uk/id/7000000000043393,http://data.ordnancesurvey.co.uk/ontology/admingeo/UnitaryAuthority,Scotland,http://data.ordnancesurvey.co.uk/id/7000000000041429,Scotland,http://data.ordnancesurvey.co.uk/id/country/scotland,osgb4000000005205908,,
osgb4000000005228964,http://data.ordnancesurvey.co.uk/id/4000000005228964,Wardlaw Avenue,,,,transportNetwork,Named Road,268854.000,626953.000,1000,20000,268851.000,626918.000,268883.000,626989.000,KA18,http://data.ordnancesurvey.co.uk/id/postcodedistrict/KA18,Muirkirk,http://data.ordnancesurvey.co.uk/id/4000000074541137,http://www.ordnancesurvey.co.uk/xml/codelists/localtype.xml#village,,,,East Ayrshire,http://data.ordnancesurvey.co.uk/id/7000000000043393,http://data.ordnancesurvey.co.uk/ontology/admingeo/UnitaryAuthority,Scotland,http://data.ordnancesurvey.co.uk/id/7000000000041429,Scotland,http://data.ordnancesurvey.co.uk/id/country/scotland,,,
ca6b09dd-eb9f-49ab-ae8f-ce994a0a0e2b,http://data.ordnancesurvey.co.uk/id/ca6b09dd-eb9f-49ab-ae8f-ce994a0a0e2b,Park Avenue,,,,transportNetwork,Section Of Named Road,269555.450,627479.300,1000,25000,269480.741,627436.681,269617.000,627483.000,KA18,http://data.ordnancesurvey.co.uk/id/postcodedistrict/KA18,Muirkirk,http://data.ordnancesurvey.co.uk/id/4000000074541137,http://www.ordnancesurvey.co.uk/xml/codelists/localtype.xml#village,,,,East Ayrshire,http://data.ordnancesurvey.co.uk/id/7000000000043393,http://data.ordnancesurvey.co.uk/ontology/admingeo/UnitaryAuthority,Scotland,http://data.ordnancesurvey.co.uk/id/7000000000041429,Scotland,http://data.ordnancesurvey.co.uk/id/country/scotland,osgb4000000005211729,,
osgb4000000005205905,http://data.ordnancesurvey.co.uk/id/4000000005205905,Glasgow Road,,,,transportNetwork,Named Road,269601.898,627637.041,4000,20000,269599.000,627288.650,269716.600,627962.483,KA18,http://data.ordnancesurvey.co.uk/id/postcodedistrict/KA18,Muirkirk,http://data.ordnancesurvey.co.uk/id/4000000074541137,http://www.ordnancesurvey.co.uk/xml/codelists/localtype.xml#village,,,,East Ayrshire,http://data.ordnancesurvey.co.uk/id/7000000000043393,http://data.ordnancesurvey.co.uk/ontology/admingeo/UnitaryAuthority,Scotland,http://data.ordnancesurvey.co.uk/id/7000000000041429,Scotland,http://data.ordnancesurvey.co.uk/id/country/scotland,,,
osgb4000000005211724,http://data.ordnancesurvey.co.uk/id/4000000005211724,Lapraik Avenue,,,,transportNetwork,Named Road,268766.450,627077.900,1000,20000,268692.200,627021.800,268833.800,627122.000,KA18,http://data.ordnancesurvey.co.uk/id/postcodedistrict/KA18,Muirkirk,http://data.ordnancesurvey.co.uk/id/4000000074541137,http://www.ordnancesurvey.co.uk/xml/codelists/localtype.xml#village,,,,East Ayrshire,http://data.ordnancesurvey.co.uk/id/7000000000043393,http://data.ordnancesurvey.co.uk/ontology/admingeo/UnitaryAuthority,Scotland,http://data.ordnancesurvey.co.uk/id/7000000000041429,Scotland,http://data.ordnancesurvey.co.uk/id/country/scotland,,,
osgb4000000005211721,http://data.ordnancesurvey.co.uk/id/4000000005211721,Shawknowe Avenue,,,,transportNetwork,Named Road,268406.207,626780.611,1000,20000,268342.000,626749.000,268477.000,626787.350,KA18,http://data.ordnancesurvey.co.uk/id/postcodedistrict/KA18,Muirkirk,http://data.ordnancesurvey.co.uk/id/4000000074541137,http://www.ordnancesurvey.co.uk/xml/codelists/localtype.xml#village,,,,East Ayrshire,http://data.ordnancesurvey.co.uk/id/7000000000043393,http://data.ordnancesurvey.co.uk/ontology/admingeo/UnitaryAuthority,Scotland,http://data.ordnancesurvey.co.uk/id/7000000000041429,Scotland,http://data.ordnancesurvey.co.uk/id/country/scotland,,,
osgb4000000005221102,http://data.ordnancesurvey.co.uk/id/4000000005221102,Wellwood Avenue,,,,transportNetwork,Named Road,269506.000,627540.000,1000,20000,269464.000,627521.000,269610.000,627584.000,KA18,http://data.ordnancesurvey.co.uk/id/postcodedistrict/KA18,Muirkirk,http://data.ordnancesurvey.co.uk/id/4000000074541137,http://www.ordnancesurvey.co.uk/xml/codelists/localtype.xml#village,,,,East Ayrshire,http://data.ordnancesurvey.co.uk/id/7000000000043393,http://data.ordnancesurvey.co.uk/ontology/admingeo/UnitaryAuthority,Scotland,http://data.ordnancesurvey.co.uk/id/7000000000041429,Scotland,http://data.ordnancesurvey.co.uk/id/country/scotland,,,
osgb4000000005211733,http://data.ordnancesurvey.co.uk/id/4000000005211733,Garronhill,,,,transportNetwork,Named Road,270133.623,627610.007,1000,20000,270026.000,627585.000,270239.000,627655.000,KA18,http://data.ordnancesurvey.co.uk/id/postcodedistrict/KA18,Muirkirk,http://data.ordnancesurvey.co.uk/id/4000000074541137,http://www.ordnancesurvey.co.uk/xml/codelists/localtype.xml#village,,,,East Ayrshire,http://data.ordnancesurvey.co.uk/id/7000000000043393,http://data.ordnancesurvey.co.uk/ontology/admingeo/UnitaryAuthority,Scotland,http://data.ordnancesurvey.co.uk/id/7000000000041429,Scotland,http://data.ordnancesurvey.co.uk/id/country/scotland,,,
osgb4000000005211719,http://data.ordnancesurvey.co.uk/id/4000000005211719,Hareshaw Crescent,,,,transportNetwork,Named Road,268401.000,626915.000,1000,20000,268294.000,626851.000,268505.000,626935.000,KA18,http://data.ordnancesurvey.co.uk/id/postcodedistrict/KA18,Muirkirk,http://data.ordnancesurvey.co.uk/id/4000000074541137,http://www.ordnancesurvey.co.uk/xml/codelists/localtype.xml#village,,,,East Ayrshire,http://data.ordnancesurvey.co.uk/id/7000000000043393,http://data.ordnancesurvey.co.uk/ontology/admingeo/UnitaryAuthority,Scotland,http://data.ordnancesurvey.co.uk/id/7000000000041429,Scotland,http://data.ordnancesurvey.co.uk/id/country/scotland,,,
f9652601-955e-4217-840c-9e78d743e21e,http://data.ordnancesurvey.co.uk/id/f9652601-955e-4217-840c-9e78d743e21e,Furnace Road,,,,transportNetwork,Section Of Named Road,269542.400,626406.200,5000,25000,269405.000,626067.000,269624.000,626848.008,KA18,http://data.ordnancesurvey.co.uk/id/postcodedistrict/KA18,Kames,http://data.ordnancesurvey.co.uk/id/4000000074546593,http://www.ordnancesurvey.co.uk/xml/codelists/localtype.xml#otherSettlement,,,,East Ayrshire,http://data.ordnancesurvey.co.uk/id/7000000000043393,http://data.ordnancesurvey.co.uk/ontology/admingeo/UnitaryAuthority,Scotland,http://data.ordnancesurvey.co.uk/id/7000000000041429,Scotland,http://data.ordnancesurvey.co.uk/id/country/scotland,osgb4000000005205906,,
osgb4000000005355185,http://data.ordnancesurvey.co.uk/id/4000000005355185,Muirkirk Road,,,,transportNetwork,Named Road,262409.485,624002.744,20000,66000,257785.700,620390.550,268000.000,626531.900,KA18,http://data.ordnancesurvey.co.uk/id/postcodedistrict/KA18,,,,,,,East Ayrshire,http://data.ordnancesurvey.co.uk/id/7000000000043393,http://data.ordnancesurvey.co.uk/ontology/admingeo/UnitaryAuthority,Scotland,http://data.ordnancesurvey.co.uk/id/7000000000041429,Scotland,http://data.ordnancesurvey.co.uk/id/country/scotland,,,
osgb4000000005221105,http://data.ordnancesurvey.co.uk/id/4000000005221105,Carruthers Park,,,,transportNetwork,Named Road,269976.000,627639.000,1000,20000,269963.000,627591.000,270019.000,627670.409,KA18,http://data.ordnancesurvey.co.uk/id/postcodedistrict/KA18,Muirkirk,http://data.ordnancesurvey.co.uk/id/4000000074541137,http://www.ordnancesurvey.co.uk/xml/codelists/localtype.xml#village,,,,East Ayrshire,http://data.ordnancesurvey.co.uk/id/7000000000043393,http://data.ordnancesurvey.co.uk/ontology/admingeo/UnitaryAuthority,Scotland,http://data.ordnancesurvey.co.uk/id/7000000000041429,Scotland,http://data.ordnancesurvey.co.uk/id/country/scotland,,,
osgb4000000005211725,http://data.ordnancesurvey.co.uk/id/4000000005211725,Garpel Avenue,,,,transportNetwork,Named Road,268633.000,626854.000,1000,20000,268557.000,626804.000,268693.000,626892.000,KA18,http://data.ordnancesurvey.co.uk/id/postcodedistrict/KA18,Muirkirk,http://data.ordnancesurvey.co.uk/id/4000000074541137,http://www.ordnancesurvey.co.uk/xml/codelists/localtype.xml#village,,,,East Ayrshire,http://data.ordnancesurvey.co.uk/id/7000000000043393,http://data.ordnancesurvey.co.uk/ontology/admingeo/UnitaryAuthority,Scotland,http://data.ordnancesurvey.co.uk/id/7000000000041429,Scotland,http://data.ordnancesurvey.co.uk/id/country/scotland,,,
osgb4000000005211731,http://data.ordnancesurvey.co.uk/id/4000000005211731,Lovedale Crescent,,,,transportNetwork,Named Road,269763.249,627286.749,1000,20000,269673.350,627195.800,269809.100,627417.650,KA18,http://data.ordnancesurvey.co.uk/id/postcodedistrict/KA18,Muirkirk,http://data.ordnancesurvey.co.uk/id/4000000074541137,http://www.ordnancesurvey.co.uk/xml/codelists/localtype.xml#village,,,,East Ayrshire,http://data.ordnancesurvey.co.uk/id/7000000000043393,http://data.ordnancesurvey.co.uk/ontology/admingeo/UnitaryAuthority,Scotland,http://data.ordnancesurvey.co.uk/id/7000000000041429,Scotland,http://data.ordnancesurvey.co.uk/id/country/scotland,,,
89cdb323-9ed4-4c51-a0d8-68eac2a2a762,http://data.ordnancesurvey.co.uk/id/89cdb323-9ed4-4c51-a0d8-68eac2a2a762,Glasgow Road,,,,transportNetwork,Section Of Named Road,269616.000,627503.000,3000,25000,269599.000,627288.650,269650.173,627725.806,KA18,http://data.ordnancesurvey.co.uk/id/postcodedistrict/KA18,Muirkirk,http://data.ordnancesurvey.co.uk/id/4000000074541137,http://www.ordnancesurvey.co.uk/xml/codelists/localtype.xml#village,,,,East Ayrshire,http://data.ordnancesurvey.co.uk/id/7000000000043393,http://data.ordnancesurvey.co.uk/ontology/admingeo/UnitaryAuthority,Scotland,http://data.ordnancesurvey.co.uk/id/7000000000041429,Scotland,http://data.ordnancesurvey.co.uk/id/country/scotland,osgb4000000005205905,,
osgb4000000005211723,http://data.ordnancesurvey.co.uk/id/4000000005211723,Stitt Place,,,,transportNetwork,Named Road,268847.000,626803.850,1000,20000,268778.150,626760.950,268966.000,626895.000,KA18,http://data.ordnancesurvey.co.uk/id/postcodedistrict/KA18,Muirkirk,http://data.ordnancesurvey.co.uk/id/4000000074541137,http://www.ordnancesurvey.co.uk/xml/codelists/localtype.xml#village,,,,East Ayrshire,http://data.ordnancesurvey.co.uk/id/7000000000043393,http://data.ordnancesurvey.co.uk/ontology/admingeo/UnitaryAuthority,Scotland,http://data.ordnancesurvey.co.uk/id/7000000000041429,Scotland,http://data.ordnancesurvey.co.uk/id/country/scotland,,,
99dcebf6-543f-43b1-bac9-bab0ce5e00cc,http://data.ordnancesurvey.co.uk/id/99dcebf6-543f-43b1-bac9-bab0ce5e00cc,Riverside Gardens,,,,transportNetwork,Section Of Named Road,260364.114,622605.264,1000,25000,260225.957,622497.281,260426.561,622696.273,KA18,http://data.ordnancesurvey.co.uk/id/postcodedistrict/KA18,Cronberry,http://data.ordnancesurvey.co.uk/id/4000000074546579,http://www.ordnancesurvey.co.uk/xml/codelists/localtype.xml#hamlet,,,,East Ayrshire,http://data.ordnancesurvey.co.uk/id/7000000000043393,http://data.ordnancesurvey.co.uk/ontology/admingeo/UnitaryAuthority,Scotland,http://data.ordnancesurvey.co.uk/id/7000000000041429,Scotland,http://data.ordnancesurvey.co.uk/id/country/scotland,osgb4000000005203596,,
aee950d4-900b-46a5-86c2-7e452062631d,http://data.ordnancesurvey.co.uk/id/aee950d4-900b-46a5-86c2-7e452062631d,Miller's Road,,,,transportNetwork,Section Of Named Road,268868.300,627062.150,2000,25000,268803.350,626895.000,268972.000,627222.947,KA18,http://data.ordnancesurvey.co.uk/id/postcodedistrict/KA18,Muirkirk,http://data.ordnancesurvey.co.uk/id/4000000074541137,http://www.ordnancesurvey.co.uk/xml/codelists/localtype.xml#village,,,,East Ayrshire,http://data.ordnancesurvey.co.uk/id/7000000000043393,http://data.ordnancesurvey.co.uk/ontology/admingeo/UnitaryAuthority,Scotland,http://data.ordnancesurvey.co.uk/id/7000000000041429,Scotland,http://data.ordnancesurvey.co.uk/id/country/scotland,osgb4000000005290534,,
osgb4000000005202819,http://data.ordnancesurvey.co.uk/id/4000000005202819,Manse Road,,,,transportNetwork,Named Road,271067.653,628058.545,4000,20000,270788.824,627955.865,271433.000,628135.000,KA18,http://data.ordnancesurvey.co.uk/id/postcodedistrict/KA18,,,,,,,East Ayrshire,http://data.ordnancesurvey.co.uk/id/7000000000043393,http://data.ordnancesurvey.co.uk/ontology/admingeo/UnitaryAuthority,Scotland,http://data.ordnancesurvey.co.uk/id/7000000000041429,Scotland,http://data.ordnancesurvey.co.uk/id/country/scotland,,,
osgb4000000005211720,http://data.ordnancesurvey.co.uk/id/4000000005211720,Harwood Avenue,,,,transportNetwork,Named Road,268427.000,626639.000,1000,20000,268397.000,626576.000,268460.600,626697.010,KA18,http://data.ordnancesurvey.co.uk/id/postcodedistrict/KA18,Muirkirk,http://data.ordnancesurvey.co.uk/id/4000000074541137,http://www.ordnancesurvey.co.uk/xml/codelists/localtype.xml#village,,,,East Ayrshire,http://data.ordnancesurvey.co.uk/id/7000000000043393,http://data.ordnancesurvey.co.uk/ontology/admingeo/UnitaryAuthority,Scotland,http://data.ordnancesurvey.co.uk/id/7000000000041429,Scotland,http://data.ordnancesurvey.co.uk/id/country/scotland,,,
osgb4000000005211730,http://data.ordnancesurvey.co.uk/id/4000000005211730,Bridge Street,,,,transportNetwork,Named Road,270074.058,627659.224,1000,20000,270019.000,627591.000,270155.000,627721.000,KA18,http://data.ordnancesurvey.co.uk/id/postcodedistrict/KA18,Muirkirk,http://data.ordnancesurvey.co.uk/id/4000000074541137,http://www.ordnancesurvey.co.uk/xml/codelists/localtype.xml#village,,,,East Ayrshire,http://data.ordnancesurvey.co.uk/id/7000000000043393,http://data.ordnancesurvey.co.uk/ontology/admingeo/UnitaryAuthority,Scotland,http://data.ordnancesurvey.co.uk/id/7000000000041429,Scotland,http://data.ordnancesurvey.co.uk/id/country/scotland,,,
osgb4000000005290534,http://data.ordnancesurvey.co.uk/id/4000000005290534,Miller's Road,,,,transportNetwork,Named Road,268868.300,627062.150,2000,20000,268803.350,626895.000,268972.000,627224.090,KA18,http://data.ordnancesurvey.co.uk/id/postcodedistrict/KA18,Muirkirk,http://data.ordnancesurvey.co.uk/id/4000000074541137,http://www.ordnancesurvey.co.uk/xml/codelists/localtype.xml#village,,,,East Ayrshire,http://data.ordnancesurvey.co.uk/id/7000000000043393,http://data.ordnancesurvey.co.uk/ontology/admingeo/UnitaryAuthority,Scotland,http://data.ordnancesurvey.co.uk/id/7000000000041429,Scotland,http://data.ordnancesurvey.co.uk/id/country/scotland,,,
osgb4000000005329280,http://data.ordnancesurvey.co.uk/id/4000000005329280,The Style,,,,transportNetwork,Named Road,269756.750,627481.250,1000,20000,269703.000,627447.950,269787.050,627541.000,KA18,http://data.ordnancesurvey.co.uk/id/postcodedistrict/KA18,Muirkirk,http://data.ordnancesurvey.co.uk/id/4000000074541137,http://www.ordnancesurvey.co.uk/xml/codelists/localtype.xml#village,,,,East Ayrshire,http://data.ordnancesurvey.co.uk/id/7000000000043393,http://data.ordnancesurvey.co.uk/ontology/admingeo/UnitaryAuthority,Scotland,http://data.ordnancesurvey.co.uk/id/7000000000041429,Scotland,http://data.ordnancesurvey.co.uk/id/country/scotland,,,
osgb4000000005211865,http://data.ordnancesurvey.co.uk/id/4000000005211865,Meadowfoot Road,,,,transportNetwork,Named Road,263903.000,638921.000,1000,20000,263780.000,638884.000,263976.000,638968.000,ML10,http://data.ordnancesurvey.co.uk/id/postcodedistrict/ML10,Drumclog,http://data.ordnancesurvey.co.uk/id/4000000074548089,http://www.ordnancesurvey.co.uk/xml/codelists/localtype.xml#hamlet,,,,South Lanarkshire,http://data.ordnancesurvey.co.uk/id/7000000000030847,http://data.ordnancesurvey.co.uk/ontology/admingeo/UnitaryAuthority,Scotland,http://data.ordnancesurvey.co.uk/id/7000000000041429,Scotland,http://data.ordnancesurvey.co.uk/id/country/scotland,,,
osgb4000000005202818,http://data.ordnancesurvey.co.uk/id/4000000005202818,Smallburn Road,,,,transportNetwork,Named Road,268801.000,626752.000,10000,20000,268000.000,626465.000,269511.000,627201.000,KA18,http://data.ordnancesurvey.co.uk/id/postcodedistrict/KA18,Muirkirk,http://data.ordnancesurvey.co.uk/id/4000000074541137,http://www.ordnancesurvey.co.uk/xml/codelists/localtype.xml#village,,,,East Ayrshire,http://data.ordnancesurvey.co.uk/id/7000000000043393,http://data.ordnancesurvey.co.uk/ontology/admingeo/UnitaryAuthority,Scotland,http://data.ordnancesurvey.co.uk/id/7000000000041429,Scotland,http://data.ordnancesurvey.co.uk/id/country/scotland,,,
KA183PN,http://data.ordnancesurvey.co.uk/id/postcodeunit/KA183PN,KA18 3PN,,,,other,Postcode,268712.000,627123.000,3500,18000,,,,,,,Muirkirk,http://data.ordnancesurvey.co.uk/id/4000000074541137,http://www.ordnancesurvey.co.uk/xml/codelists/localtype.xml#village,,,,East Ayrshire,http://data.ordnancesurvey.co.uk/id/7000000000043393,http://data.ordnancesurvey.co.uk/ontology/admingeo/UnitaryAuthority,Scotland,http://data.ordnancesurvey.co.uk/id/7000000000041429,Scotland,http://data.ordnancesurvey.co.uk/id/country/scotland,,,
KA183LW,http://data.ordnancesurvey.co.uk/id/postcodeunit/KA183LW,KA18 3LW,,,,other,Postcode,260340.000,622530.000,3500,18000,,,,,,,Cronberry,http://data.ordnancesurvey.co.uk/id/4000000074546579,http://www.ordnancesurvey.co.uk/xml/codelists/localtype.xml#hamlet,,,,East Ayrshire,http://data.ordnancesurvey.co.uk/id/7000000000043393,http://data.ordnancesurvey.co.uk/ontology/admingeo/UnitaryAuthority,Scotland,http://data.ordnancesurvey.co.uk/id/7000000000041429,Scotland,http://data.ordnancesurvey.co.uk/id/country/scotland,,,
KA183RT,http://data.ordnancesurvey.co.uk/id/postcodeunit/KA183RT,KA18 3RT,,,,other,Postcode,270043.000,627677.000,3500,18000,,,,,,,Muirkirk,http://data.ordnancesurvey.co.uk/id/4000000074541137,http://www.ordnancesurvey.co.uk/xml/codelists/localtype.xml#village,,,,East Ayrshire,http://data.ordnancesurvey.co.uk/id/7000000000043393,http://data.ordnancesurvey.co.uk/ontology/admingeo/UnitaryAuthority,Scotland,http://data.ordnancesurvey.co.uk/id/7000000000041429,Scotland,http://data.ordnancesurvey.co.uk/id/country/scotland,,,
osgb4000000005211732,http://data.ordnancesurvey.co.uk/id/4000000005211732,Cairn View,,,,transportNetwork,Named Road,269981.000,627500.000,1000,20000,269928.000,627474.000,270031.745,627534.000,KA18,http://data.ordnancesurvey.co.uk/id/postcodedistrict/KA18,Muirkirk,http://data.ordnancesurvey.co.uk/id/4000000074541137,http://www.ordnancesurvey.co.uk/xml/codelists/localtype.xml#village,,,,East Ayrshire,http://data.ordnancesurvey.co.uk/id/7000000000043393,http://data.ordnancesurvey.co.uk/ontology/admingeo/UnitaryAuthority,Scotland,http://data.ordnancesurvey.co.uk/id/7000000000041429,Scotland,http://data.ordnancesurvey.co.uk/id/country/scotland,,,
osgb4000000005211729,http://data.ordnancesurvey.co.uk/id/4000000005211729,Park Avenue,,,,transportNetwork,Named Road,269555.450,627479.300,1000,20000,269473.000,627433.000,269617.000,627483.000,KA18,http://data.ordnancesurvey.co.uk/id/postcodedistrict/KA18,Muirkirk,http://data.ordnancesurvey.co.uk/id/4000000074541137,http://www.ordnancesurvey.co.uk/xml/codelists/localtype.xml#village,,,,East Ayrshire,http://data.ordnancesurvey.co.uk/id/7000000000043393,http://data.ordnancesurvey.co.uk/ontology/admingeo/UnitaryAuthority,Scotland,http://data.ordnancesurvey.co.uk/id/7000000000041429,Scotland,http://data.ordnancesurvey.co.uk/id/country/scotland,,,
KA183PH,http://data.ordnancesurvey.co.uk/id/postcodeunit/KA183PH,KA18 3PH,,,,other,Postcode,268760.000,627005.000,3500,18000,,,,,,,Muirkirk,http://data.ordnancesurvey.co.uk/id/4000000074541137,http://www.ordnancesurvey.co.uk/xml/codelists/localtype.xml#village,,,,East Ayrshire,http://data.ordnancesurvey.co.uk/id/7000000000043393,http://data.ordnancesurvey.co.uk/ontology/admingeo/UnitaryAuthority,Scotland,http://data.ordnancesurvey.co.uk/id/7000000000041429,Scotland,http://data.ordnancesurvey.co.uk/id/country/scotland,,,
KA183RJ,http://data.ordnancesurvey.co.uk/id/postcodeunit/KA183RJ,KA18 3RJ,,,,other,Postcode,269574.000,627418.000,3500,18000,,,,,,,Muirkirk,http://data.ordnancesurvey.co.uk/id/4000000074541137,http://www.ordnancesurvey.co.uk/xml/codelists/localtype.xml#village,,,,East Ayrshire,http://data.ordnancesurvey.co.uk/id/7000000000043393,http://data.ordnancesurvey.co.uk/ontology/admingeo/UnitaryAuthority,Scotland,http://data.ordnancesurvey.co.uk/id/7000000000041429,Scotland,http://data.ordnancesurvey.co.uk/id/country/scotland,,,
KA183RG,http://data.ordnancesurvey.co.uk/id/postcodeunit/KA183RG,KA18 3RG,,,,other,Postcode,269571.000,627266.000,3500,18000,,,,,,,Muirkirk,http://data.ordnancesurvey.co.uk/id/4000000074541137,http://www.ordnancesurvey.co.uk/xml/codelists/localtype.xml#village,,,,East Ayrshire,http://data.ordnancesurvey.co.uk/id/7000000000043393,http://data.ordnancesurvey.co.uk/ontology/admingeo/UnitaryAuthority,Scotland,http://data.ordnancesurvey.co.uk/id/7000000000041429,Scotland,http://data.ordnancesurvey.co.uk/id/country/scotland,,,
KA183RY,http://data.ordnancesurvey.co.uk/id/postcodeunit/KA183RY,KA18 3RY,,,,other,Postcode,270128.000,627594.000,3500,18000,,,,,,,Muirkirk,http://data.ordnancesurvey.co.uk/id/4000000074541137,http://www.ordnancesurvey.co.uk/xml/codelists/localtype.xml#village,,,,East Ayrshire,http://data.ordnancesurvey.co.uk/id/7000000000043393,http://data.ordnancesurvey.co.uk/ontology/admingeo/UnitaryAuthority,Scotland,http://data.ordnancesurvey.co.uk/id/7000000000041429,Scotland,http://data.ordnancesurvey.co.uk/id/country/scotland,,,
5a814abe-1ad1-4063-a370-39a0ae4d7872,http://data.ordnancesurvey.co.uk/id/5a814abe-1ad1-4063-a370-39a0ae4d7872,Muirkirk Road,,,,transportNetwork,Section Of Named Road,260932.000,622584.000,1000,25000,260892.861,622535.599,261016.895,622687.967,KA18,http://data.ordnancesurvey.co.uk/id/postcodedistrict/KA18,Cronberry,http://data.ordnancesurvey.co.uk/id/4000000074546579,http://www.ordnancesurvey.co.uk/xml/codelists/localtype.xml#hamlet,,,,East Ayrshire,http://data.ordnancesurvey.co.uk/id/7000000000043393,http://data.ordnancesurvey.co.uk/ontology/admingeo/UnitaryAuthority,Scotland,http://data.ordnancesurvey.co.uk/id/7000000000041429,Scotland,http://data.ordnancesurvey.co.uk/id/country/scotland,osgb4000000005355185,,
osgb4000000005205907,http://data.ordnancesurvey.co.uk/id/4000000005205907,Main Street,,,,transportNetwork,Named Road,269757.050,627417.650,3000,20000,269511.000,627201.000,270019.000,627591.000,KA18,http://data.ordnancesurvey.co.uk/id/postcodedistrict/KA18,Muirkirk,http://data.ordnancesurvey.co.uk/id/4000000074541137,http://www.ordnancesurvey.co.uk/xml/codelists/localtype.xml#village,,,,East Ayrshire,http://data.ordnancesurvey.co.uk/id/7000000000043393,http://data.ordnancesurvey.co.uk/ontology/admingeo/UnitaryAuthority,Scotland,http://data.ordnancesurvey.co.uk/id/7000000000041429,Scotland,http://data.ordnancesurvey.co.uk/id/country/scotland,,,
osgb4000000005221101,http://data.ordnancesurvey.co.uk/id/4000000005221101,Smallburn Drive,,,,transportNetwork,Named Road,268548.000,626701.000,1000,20000,268508.000,626680.000,268592.000,626737.000,KA18,http://data.ordnancesurvey.co.uk/id/postcodedistrict/KA18,Muirkirk,http://data.ordnancesurvey.co.uk/id/4000000074541137,http://www.ordnancesurvey.co.uk/xml/codelists/localtype.xml#village,,,,East Ayrshire,http://data.ordnancesurvey.co.uk/id/7000000000043393,http://data.ordnancesurvey.co.uk/ontology/admingeo/UnitaryAuthority,Scotland,http://data.ordnancesurvey.co.uk/id/7000000000041429,Scotland,http://data.ordnancesurvey.co.uk/id/country/scotland,,,
osgb4000000005203626,http://data.ordnancesurvey.co.uk/id/4000000005203626,Windy Wizen,,,,transportNetwork,Named Road,260721.000,637174.000,7000,20000,260248.893,637016.188,261265.625,637378.151,KA17,http://data.ordnancesurvey.co.uk/id/postcodedistrict/KA17,,,,,,,East Ayrshire,http://data.ordnancesurvey.co.uk/id/7000000000043393,http://data.ordnancesurvey.co.uk/ontology/admingeo/UnitaryAuthority,Scotland,http://data.ordnancesurvey.co.uk/id/7000000000041429,Scotland,http://data.ordnancesurvey.co.uk/id/country/scotland,,,
742585e6-2eae-4015-b839-3ecb1cc7aaca,http://data.ordnancesurvey.co.uk/id/742585e6-2eae-4015-b839-3ecb1cc7aaca,Garronhill,,,,transportNetwork,Section Of Named Road,270093.000,627600.000,1000,25000,270026.000,627585.000,270192.764,627626.061,KA18,http://data.ordnancesurvey.co.uk/id/postcodedistrict/KA18,Muirkirk,http://data.ordnancesurvey.co.uk/id/4000000074541137,http://www.ordnancesurvey.co.uk/xml/codelists/localtype.xml#village,,,,East Ayrshire,http://data.ordnancesurvey.co.uk/id/7000000000043393,http://data.ordnancesurvey.co.uk/ontology/admingeo/UnitaryAuthority,Scotland,http://data.ordnancesurvey.co.uk/id/7000000000041429,Scotland,http://data.ordnancesurvey.co.uk/id/country/scotland,osgb4000000005211733,,
