﻿osgb4000000074556797,http://data.ordnancesurvey.co.uk/id/4000000074556797,Swinside Townhead,,,,populatedPlace,Hamlet,372581.000,616279.000,5000,25000,372287.511,616028.507,372787.511,616528.507,TD8,http://data.ordnancesurvey.co.uk/id/postcodedistrict/TD8,,,,,,,Scottish Borders,http://data.ordnancesurvey.co.uk/id/7000000000036552,http://data.ordnancesurvey.co.uk/ontology/admingeo/UnitaryAuthority,Scotland,http://data.ordnancesurvey.co.uk/id/7000000000041429,Scotland,http://data.ordnancesurvey.co.uk/id/country/scotland,,,
osgb4000000074556798,http://data.ordnancesurvey.co.uk/id/4000000074556798,Oxnam,,,,populatedPlace,Village,369871.000,618450.000,7000,250000,369491.749,617897.778,370157.183,619028.324,TD8,http://data.ordnancesurvey.co.uk/id/postcodedistrict/TD8,,,,,,,Scottish Borders,http://data.ordnancesurvey.co.uk/id/7000000000036552,http://data.ordnancesurvey.co.uk/ontology/admingeo/UnitaryAuthority,Scotland,http://data.ordnancesurvey.co.uk/id/7000000000041429,Scotland,http://data.ordnancesurvey.co.uk/id/country/scotland,,,http://sws.geonames.org/2640723
osgb4000000074333988,http://data.ordnancesurvey.co.uk/id/4000000074333988,Abbotrule,,,,populatedPlace,Other Settlement,360910.000,613000.000,15000,25000,360673.790,612733.525,361173.790,613233.525,TD9,http://data.ordnancesurvey.co.uk/id/postcodedistrict/TD9,,,,,,,Scottish Borders,http://data.ordnancesurvey.co.uk/id/7000000000036552,http://data.ordnancesurvey.co.uk/ontology/admingeo/UnitaryAuthority,Scotland,http://data.ordnancesurvey.co.uk/id/7000000000041429,Scotland,http://data.ordnancesurvey.co.uk/id/country/scotland,,,
osgb4000000074332681,http://data.ordnancesurvey.co.uk/id/4000000074332681,Southdean,,,,populatedPlace,Other Settlement,363560.175,609085.791,15000,25000,362803.157,608707.529,364215.775,609350.994,TD9,http://data.ordnancesurvey.co.uk/id/postcodedistrict/TD9,,,,,,,Scottish Borders,http://data.ordnancesurvey.co.uk/id/7000000000036552,http://data.ordnancesurvey.co.uk/ontology/admingeo/UnitaryAuthority,Scotland,http://data.ordnancesurvey.co.uk/id/7000000000041429,Scotland,http://data.ordnancesurvey.co.uk/id/country/scotland,,,
osgb4000000074556425,http://data.ordnancesurvey.co.uk/id/4000000074556425,Hownam,,,,populatedPlace,Hamlet,377783.200,619482.600,5000,25000,377543.334,619042.248,378043.334,619542.248,TD5,http://data.ordnancesurvey.co.uk/id/postcodedistrict/TD5,,,,,,,Scottish Borders,http://data.ordnancesurvey.co.uk/id/7000000000036552,http://data.ordnancesurvey.co.uk/ontology/admingeo/UnitaryAuthority,Scotland,http://data.ordnancesurvey.co.uk/id/7000000000041429,Scotland,http://data.ordnancesurvey.co.uk/id/country/scotland,,,http://sws.geonames.org/2646486
osgb4000000074556059,http://data.ordnancesurvey.co.uk/id/4000000074556059,Byrness,,,,populatedPlace,Village,376401.000,602642.000,12000,250000,376177.463,601579.289,377949.178,602855.003,NE19,http://data.ordnancesurvey.co.uk/id/postcodedistrict/NE19,,,,,,,Northumberland,http://data.ordnancesurvey.co.uk/id/7000000000043674,http://data.ordnancesurvey.co.uk/ontology/admingeo/UnitaryAuthority,North East,http://data.ordnancesurvey.co.uk/id/7000000000041422,England,http://data.ordnancesurvey.co.uk/id/country/england,,http://dbpedia.org/resource/Byrness,http://sws.geonames.org/2654127
osgb4000000074556799,http://data.ordnancesurvey.co.uk/id/4000000074556799,Camptown,,,,populatedPlace,Hamlet,367953.000,613538.000,5000,25000,367712.941,612957.102,368212.941,613816.586,TD8,http://data.ordnancesurvey.co.uk/id/postcodedistrict/TD8,,,,,,,Scottish Borders,http://data.ordnancesurvey.co.uk/id/7000000000036552,http://data.ordnancesurvey.co.uk/ontology/admingeo/UnitaryAuthority,Scotland,http://data.ordnancesurvey.co.uk/id/7000000000041429,Scotland,http://data.ordnancesurvey.co.uk/id/country/scotland,,,
osgb4000000074334420,http://data.ordnancesurvey.co.uk/id/4000000074334420,Edgerston,,,,populatedPlace,Hamlet,368500.702,611429.631,5000,25000,368303.800,611311.733,369155.119,611957.638,TD8,http://data.ordnancesurvey.co.uk/id/postcodedistrict/TD8,,,,,,,Scottish Borders,http://data.ordnancesurvey.co.uk/id/7000000000036552,http://data.ordnancesurvey.co.uk/ontology/admingeo/UnitaryAuthority,Scotland,http://data.ordnancesurvey.co.uk/id/7000000000041429,Scotland,http://data.ordnancesurvey.co.uk/id/country/scotland,,,
osgb4000000074556426,http://data.ordnancesurvey.co.uk/id/4000000074556426,Chesters,,,,populatedPlace,Village,362864.000,610617.000,8000,250000,362243.771,610453.142,363441.333,610953.142,TD9,http://data.ordnancesurvey.co.uk/id/postcodedistrict/TD9,,,,,,,Scottish Borders,http://data.ordnancesurvey.co.uk/id/7000000000036552,http://data.ordnancesurvey.co.uk/ontology/admingeo/UnitaryAuthority,Scotland,http://data.ordnancesurvey.co.uk/id/7000000000041429,Scotland,http://data.ordnancesurvey.co.uk/id/country/scotland,,,http://sws.geonames.org/2653221
osgb4000000074556800,http://data.ordnancesurvey.co.uk/id/4000000074556800,Mossburnford,,,,populatedPlace,Hamlet,366640.000,616387.650,5000,25000,366131.243,615879.526,366810.405,616443.654,TD8,http://data.ordnancesurvey.co.uk/id/postcodedistrict/TD8,,,,,,,Scottish Borders,http://data.ordnancesurvey.co.uk/id/7000000000036552,http://data.ordnancesurvey.co.uk/ontology/admingeo/UnitaryAuthority,Scotland,http://data.ordnancesurvey.co.uk/id/7000000000041429,Scotland,http://data.ordnancesurvey.co.uk/id/country/scotland,,,
TD86NR,http://data.ordnancesurvey.co.uk/id/postcodeunit/TD86NR,TD8 6NR,,,,other,Postcode,365038.000,619811.000,3500,18000,,,,,,,Jedburgh,http://data.ordnancesurvey.co.uk/id/4000000074556802,http://www.ordnancesurvey.co.uk/xml/codelists/localtype.xml#town,,,,Scottish Borders,http://data.ordnancesurvey.co.uk/id/7000000000036552,http://data.ordnancesurvey.co.uk/ontology/admingeo/UnitaryAuthority,Scotland,http://data.ordnancesurvey.co.uk/id/7000000000041429,Scotland,http://data.ordnancesurvey.co.uk/id/country/scotland,,,
NE191SW,http://data.ordnancesurvey.co.uk/id/postcodeunit/NE191SW,NE19 1SW,,,,other,Postcode,378439.000,600101.000,3500,18000,,,,,,,,,,,,,Northumberland,http://data.ordnancesurvey.co.uk/id/7000000000043674,http://data.ordnancesurvey.co.uk/ontology/admingeo/UnitaryAuthority,North East,http://data.ordnancesurvey.co.uk/id/7000000000041422,England,http://data.ordnancesurvey.co.uk/id/country/england,,,
TD86PU,http://data.ordnancesurvey.co.uk/id/postcodeunit/TD86PU,TD8 6PU,,,,other,Postcode,371187.000,608457.000,3500,18000,,,,,,,,,,,,,Scottish Borders,http://data.ordnancesurvey.co.uk/id/7000000000036552,http://data.ordnancesurvey.co.uk/ontology/admingeo/UnitaryAuthority,Scotland,http://data.ordnancesurvey.co.uk/id/7000000000041429,Scotland,http://data.ordnancesurvey.co.uk/id/country/scotland,,,
TD86NJ,http://data.ordnancesurvey.co.uk/id/postcodeunit/TD86NJ,TD8 6NJ,,,,other,Postcode,377584.000,614253.000,3500,18000,,,,,,,,,,,,,Scottish Borders,http://data.ordnancesurvey.co.uk/id/7000000000036552,http://data.ordnancesurvey.co.uk/ontology/admingeo/UnitaryAuthority,Scotland,http://data.ordnancesurvey.co.uk/id/7000000000041429,Scotland,http://data.ordnancesurvey.co.uk/id/country/scotland,,,
TD98TN,http://data.ordnancesurvey.co.uk/id/postcodeunit/TD98TN,TD9 8TN,,,,other,Postcode,362603.000,609799.000,3500,18000,,,,,,,,,,,,,Scottish Borders,http://data.ordnancesurvey.co.uk/id/7000000000036552,http://data.ordnancesurvey.co.uk/ontology/admingeo/UnitaryAuthority,Scotland,http://data.ordnancesurvey.co.uk/id/7000000000041429,Scotland,http://data.ordnancesurvey.co.uk/id/country/scotland,,,
TD86NZ,http://data.ordnancesurvey.co.uk/id/postcodeunit/TD86NZ,TD8 6NZ,,,,other,Postcode,364760.000,619308.000,3500,18000,,,,,,,,,,,,,Scottish Borders,http://data.ordnancesurvey.co.uk/id/7000000000036552,http://data.ordnancesurvey.co.uk/ontology/admingeo/UnitaryAuthority,Scotland,http://data.ordnancesurvey.co.uk/id/7000000000041429,Scotland,http://data.ordnancesurvey.co.uk/id/country/scotland,,,
TD86JP,http://data.ordnancesurvey.co.uk/id/postcodeunit/TD86JP,TD8 6JP,,,,other,Postcode,365271.000,619976.000,3500,18000,,,,,,,Jedburgh,http://data.ordnancesurvey.co.uk/id/4000000074556802,http://www.ordnancesurvey.co.uk/xml/codelists/localtype.xml#town,,,,Scottish Borders,http://data.ordnancesurvey.co.uk/id/7000000000036552,http://data.ordnancesurvey.co.uk/ontology/admingeo/UnitaryAuthority,Scotland,http://data.ordnancesurvey.co.uk/id/7000000000041429,Scotland,http://data.ordnancesurvey.co.uk/id/country/scotland,,,
TD86LZ,http://data.ordnancesurvey.co.uk/id/postcodeunit/TD86LZ,TD8 6LZ,,,,other,Postcode,369820.000,618538.000,3500,18000,,,,,,,Oxnam,http://data.ordnancesurvey.co.uk/id/4000000074556798,http://www.ordnancesurvey.co.uk/xml/codelists/localtype.xml#village,,,,Scottish Borders,http://data.ordnancesurvey.co.uk/id/7000000000036552,http://data.ordnancesurvey.co.uk/ontology/admingeo/UnitaryAuthority,Scotland,http://data.ordnancesurvey.co.uk/id/7000000000041429,Scotland,http://data.ordnancesurvey.co.uk/id/country/scotland,,,
TD86JY,http://data.ordnancesurvey.co.uk/id/postcodeunit/TD86JY,TD8 6JY,,,,other,Postcode,365446.000,619846.000,3500,18000,,,,,,,Jedburgh,http://data.ordnancesurvey.co.uk/id/4000000074556802,http://www.ordnancesurvey.co.uk/xml/codelists/localtype.xml#town,,,,Scottish Borders,http://data.ordnancesurvey.co.uk/id/7000000000036552,http://data.ordnancesurvey.co.uk/ontology/admingeo/UnitaryAuthority,Scotland,http://data.ordnancesurvey.co.uk/id/7000000000041429,Scotland,http://data.ordnancesurvey.co.uk/id/country/scotland,,,
TD86NE,http://data.ordnancesurvey.co.uk/id/postcodeunit/TD86NE,TD8 6NE,,,,other,Postcode,373073.000,611952.000,3500,18000,,,,,,,,,,,,,Scottish Borders,http://data.ordnancesurvey.co.uk/id/7000000000036552,http://data.ordnancesurvey.co.uk/ontology/admingeo/UnitaryAuthority,Scotland,http://data.ordnancesurvey.co.uk/id/7000000000041429,Scotland,http://data.ordnancesurvey.co.uk/id/country/scotland,,,
TD86PF,http://data.ordnancesurvey.co.uk/id/postcodeunit/TD86PF,TD8 6PF,,,,other,Postcode,365019.000,617029.000,3500,18000,,,,,,,,,,,,,Scottish Borders,http://data.ordnancesurvey.co.uk/id/7000000000036552,http://data.ordnancesurvey.co.uk/ontology/admingeo/UnitaryAuthority,Scotland,http://data.ordnancesurvey.co.uk/id/7000000000041429,Scotland,http://data.ordnancesurvey.co.uk/id/country/scotland,,,
TD86TA,http://data.ordnancesurvey.co.uk/id/postcodeunit/TD86TA,TD8 6TA,,,,other,Postcode,363622.000,619684.000,3500,18000,,,,,,,,,,,,,Scottish Borders,http://data.ordnancesurvey.co.uk/id/7000000000036552,http://data.ordnancesurvey.co.uk/ontology/admingeo/UnitaryAuthority,Scotland,http://data.ordnancesurvey.co.uk/id/7000000000041429,Scotland,http://data.ordnancesurvey.co.uk/id/country/scotland,,,
TD58AP,http://data.ordnancesurvey.co.uk/id/postcodeunit/TD58AP,TD5 8AP,,,,other,Postcode,376092.000,619850.000,3500,18000,,,,,,,,,,,,,Scottish Borders,http://data.ordnancesurvey.co.uk/id/7000000000036552,http://data.ordnancesurvey.co.uk/ontology/admingeo/UnitaryAuthority,Scotland,http://data.ordnancesurvey.co.uk/id/7000000000041429,Scotland,http://data.ordnancesurvey.co.uk/id/country/scotland,,,
TD98JE,http://data.ordnancesurvey.co.uk/id/postcodeunit/TD98JE,TD9 8JE,,,,other,Postcode,360313.000,614360.000,3500,18000,,,,,,,,,,,,,Scottish Borders,http://data.ordnancesurvey.co.uk/id/7000000000036552,http://data.ordnancesurvey.co.uk/ontology/admingeo/UnitaryAuthority,Scotland,http://data.ordnancesurvey.co.uk/id/7000000000041429,Scotland,http://data.ordnancesurvey.co.uk/id/country/scotland,,,
TD86NG,http://data.ordnancesurvey.co.uk/id/postcodeunit/TD86NG,TD8 6NG,,,,other,Postcode,370890.000,610088.000,3500,18000,,,,,,,,,,,,,Scottish Borders,http://data.ordnancesurvey.co.uk/id/7000000000036552,http://data.ordnancesurvey.co.uk/ontology/admingeo/UnitaryAuthority,Scotland,http://data.ordnancesurvey.co.uk/id/7000000000041429,Scotland,http://data.ordnancesurvey.co.uk/id/country/scotland,,,
TD86SZ,http://data.ordnancesurvey.co.uk/id/postcodeunit/TD86SZ,TD8 6SZ,,,,other,Postcode,361443.000,619997.000,3500,18000,,,,,,,,,,,,,Scottish Borders,http://data.ordnancesurvey.co.uk/id/7000000000036552,http://data.ordnancesurvey.co.uk/ontology/admingeo/UnitaryAuthority,Scotland,http://data.ordnancesurvey.co.uk/id/7000000000041429,Scotland,http://data.ordnancesurvey.co.uk/id/country/scotland,,,
TD98TL,http://data.ordnancesurvey.co.uk/id/postcodeunit/TD98TL,TD9 8TL,,,,other,Postcode,363424.000,610468.000,3500,18000,,,,,,,,,,,,,Scottish Borders,http://data.ordnancesurvey.co.uk/id/7000000000036552,http://data.ordnancesurvey.co.uk/ontology/admingeo/UnitaryAuthority,Scotland,http://data.ordnancesurvey.co.uk/id/7000000000041429,Scotland,http://data.ordnancesurvey.co.uk/id/country/scotland,,,
TD98TQ,http://data.ordnancesurvey.co.uk/id/postcodeunit/TD98TQ,TD9 8TQ,,,,other,Postcode,362678.000,610620.000,3500,18000,,,,,,,Chesters,http://data.ordnancesurvey.co.uk/id/4000000074556426,http://www.ordnancesurvey.co.uk/xml/codelists/localtype.xml#village,,,,Scottish Borders,http://data.ordnancesurvey.co.uk/id/7000000000036552,http://data.ordnancesurvey.co.uk/ontology/admingeo/UnitaryAuthority,Scotland,http://data.ordnancesurvey.co.uk/id/7000000000041429,Scotland,http://data.ordnancesurvey.co.uk/id/country/scotland,,,
TD86JW,http://data.ordnancesurvey.co.uk/id/postcodeunit/TD86JW,TD8 6JW,,,,other,Postcode,365197.000,619965.000,3500,18000,,,,,,,Jedburgh,http://data.ordnancesurvey.co.uk/id/4000000074556802,http://www.ordnancesurvey.co.uk/xml/codelists/localtype.xml#town,,,,Scottish Borders,http://data.ordnancesurvey.co.uk/id/7000000000036552,http://data.ordnancesurvey.co.uk/ontology/admingeo/UnitaryAuthority,Scotland,http://data.ordnancesurvey.co.uk/id/7000000000041429,Scotland,http://data.ordnancesurvey.co.uk/id/country/scotland,,,
TD86RW,http://data.ordnancesurvey.co.uk/id/postcodeunit/TD86RW,TD8 6RW,,,,other,Postcode,368515.000,613615.000,3500,18000,,,,,,,,,,,,,Scottish Borders,http://data.ordnancesurvey.co.uk/id/7000000000036552,http://data.ordnancesurvey.co.uk/ontology/admingeo/UnitaryAuthority,Scotland,http://data.ordnancesurvey.co.uk/id/7000000000041429,Scotland,http://data.ordnancesurvey.co.uk/id/country/scotland,,,
TD86JT,http://data.ordnancesurvey.co.uk/id/postcodeunit/TD86JT,TD8 6JT,,,,other,Postcode,365406.000,619709.000,3500,18000,,,,,,,Jedburgh,http://data.ordnancesurvey.co.uk/id/4000000074556802,http://www.ordnancesurvey.co.uk/xml/codelists/localtype.xml#town,,,,Scottish Borders,http://data.ordnancesurvey.co.uk/id/7000000000036552,http://data.ordnancesurvey.co.uk/ontology/admingeo/UnitaryAuthority,Scotland,http://data.ordnancesurvey.co.uk/id/7000000000041429,Scotland,http://data.ordnancesurvey.co.uk/id/country/scotland,,,
TD86PR,http://data.ordnancesurvey.co.uk/id/postcodeunit/TD86PR,TD8 6PR,,,,other,Postcode,368667.000,610084.000,3500,18000,,,,,,,,,,,,,Scottish Borders,http://data.ordnancesurvey.co.uk/id/7000000000036552,http://data.ordnancesurvey.co.uk/ontology/admingeo/UnitaryAuthority,Scotland,http://data.ordnancesurvey.co.uk/id/7000000000041429,Scotland,http://data.ordnancesurvey.co.uk/id/country/scotland,,,
TD58AN,http://data.ordnancesurvey.co.uk/id/postcodeunit/TD58AN,TD5 8AN,,,,other,Postcode,376976.000,617672.000,3500,18000,,,,,,,,,,,,,Scottish Borders,http://data.ordnancesurvey.co.uk/id/7000000000036552,http://data.ordnancesurvey.co.uk/ontology/admingeo/UnitaryAuthority,Scotland,http://data.ordnancesurvey.co.uk/id/7000000000041429,Scotland,http://data.ordnancesurvey.co.uk/id/country/scotland,,,
TD86RS,http://data.ordnancesurvey.co.uk/id/postcodeunit/TD86RS,TD8 6RS,,,,other,Postcode,371965.000,619254.000,3500,18000,,,,,,,,,,,,,Scottish Borders,http://data.ordnancesurvey.co.uk/id/7000000000036552,http://data.ordnancesurvey.co.uk/ontology/admingeo/UnitaryAuthority,Scotland,http://data.ordnancesurvey.co.uk/id/7000000000041429,Scotland,http://data.ordnancesurvey.co.uk/id/country/scotland,,,
TD86PL,http://data.ordnancesurvey.co.uk/id/postcodeunit/TD86PL,TD8 6PL,,,,other,Postcode,367382.000,613328.000,3500,18000,,,,,,,,,,,,,Scottish Borders,http://data.ordnancesurvey.co.uk/id/7000000000036552,http://data.ordnancesurvey.co.uk/ontology/admingeo/UnitaryAuthority,Scotland,http://data.ordnancesurvey.co.uk/id/7000000000041429,Scotland,http://data.ordnancesurvey.co.uk/id/country/scotland,,,
NE191TH,http://data.ordnancesurvey.co.uk/id/postcodeunit/NE191TH,NE19 1TH,,,,other,Postcode,376286.000,603768.000,3500,18000,,,,,,,,,,,,,Northumberland,http://data.ordnancesurvey.co.uk/id/7000000000043674,http://data.ordnancesurvey.co.uk/ontology/admingeo/UnitaryAuthority,North East,http://data.ordnancesurvey.co.uk/id/7000000000041422,England,http://data.ordnancesurvey.co.uk/id/country/england,,,
TD86JU,http://data.ordnancesurvey.co.uk/id/postcodeunit/TD86JU,TD8 6JU,,,,other,Postcode,365408.000,619917.000,3500,18000,,,,,,,Jedburgh,http://data.ordnancesurvey.co.uk/id/4000000074556802,http://www.ordnancesurvey.co.uk/xml/codelists/localtype.xml#town,,,,Scottish Borders,http://data.ordnancesurvey.co.uk/id/7000000000036552,http://data.ordnancesurvey.co.uk/ontology/admingeo/UnitaryAuthority,Scotland,http://data.ordnancesurvey.co.uk/id/7000000000041429,Scotland,http://data.ordnancesurvey.co.uk/id/country/scotland,,,
TD86RD,http://data.ordnancesurvey.co.uk/id/postcodeunit/TD86RD,TD8 6RD,,,,other,Postcode,370062.000,618813.000,3500,18000,,,,,,,Oxnam,http://data.ordnancesurvey.co.uk/id/4000000074556798,http://www.ordnancesurvey.co.uk/xml/codelists/localtype.xml#village,,,,Scottish Borders,http://data.ordnancesurvey.co.uk/id/7000000000036552,http://data.ordnancesurvey.co.uk/ontology/admingeo/UnitaryAuthority,Scotland,http://data.ordnancesurvey.co.uk/id/7000000000041429,Scotland,http://data.ordnancesurvey.co.uk/id/country/scotland,,,
TD58AW,http://data.ordnancesurvey.co.uk/id/postcodeunit/TD58AW,TD5 8AW,,,,other,Postcode,378938.000,617090.000,3500,18000,,,,,,,,,,,,,Scottish Borders,http://data.ordnancesurvey.co.uk/id/7000000000036552,http://data.ordnancesurvey.co.uk/ontology/admingeo/UnitaryAuthority,Scotland,http://data.ordnancesurvey.co.uk/id/7000000000041429,Scotland,http://data.ordnancesurvey.co.uk/id/country/scotland,,,
TD86QP,http://data.ordnancesurvey.co.uk/id/postcodeunit/TD86QP,TD8 6QP,,,,other,Postcode,366029.000,619870.000,3500,18000,,,,,,,,,,,,,Scottish Borders,http://data.ordnancesurvey.co.uk/id/7000000000036552,http://data.ordnancesurvey.co.uk/ontology/admingeo/UnitaryAuthority,Scotland,http://data.ordnancesurvey.co.uk/id/7000000000041429,Scotland,http://data.ordnancesurvey.co.uk/id/country/scotland,,,
TD86PJ,http://data.ordnancesurvey.co.uk/id/postcodeunit/TD86PJ,TD8 6PJ,,,,other,Postcode,366339.000,615505.000,3500,18000,,,,,,,,,,,,,Scottish Borders,http://data.ordnancesurvey.co.uk/id/7000000000036552,http://data.ordnancesurvey.co.uk/ontology/admingeo/UnitaryAuthority,Scotland,http://data.ordnancesurvey.co.uk/id/7000000000041429,Scotland,http://data.ordnancesurvey.co.uk/id/country/scotland,,,
TD86JR,http://data.ordnancesurvey.co.uk/id/postcodeunit/TD86JR,TD8 6JR,,,,other,Postcode,365325.000,619986.000,3500,18000,,,,,,,Jedburgh,http://data.ordnancesurvey.co.uk/id/4000000074556802,http://www.ordnancesurvey.co.uk/xml/codelists/localtype.xml#town,,,,Scottish Borders,http://data.ordnancesurvey.co.uk/id/7000000000036552,http://data.ordnancesurvey.co.uk/ontology/admingeo/UnitaryAuthority,Scotland,http://data.ordnancesurvey.co.uk/id/7000000000041429,Scotland,http://data.ordnancesurvey.co.uk/id/country/scotland,,,
TD86RN,http://data.ordnancesurvey.co.uk/id/postcodeunit/TD86RN,TD8 6RN,,,,other,Postcode,370742.000,613907.000,3500,18000,,,,,,,,,,,,,Scottish Borders,http://data.ordnancesurvey.co.uk/id/7000000000036552,http://data.ordnancesurvey.co.uk/ontology/admingeo/UnitaryAuthority,Scotland,http://data.ordnancesurvey.co.uk/id/7000000000041429,Scotland,http://data.ordnancesurvey.co.uk/id/country/scotland,,,
TD86PH,http://data.ordnancesurvey.co.uk/id/postcodeunit/TD86PH,TD8 6PH,,,,other,Postcode,365366.000,614898.000,3500,18000,,,,,,,,,,,,,Scottish Borders,http://data.ordnancesurvey.co.uk/id/7000000000036552,http://data.ordnancesurvey.co.uk/ontology/admingeo/UnitaryAuthority,Scotland,http://data.ordnancesurvey.co.uk/id/7000000000041429,Scotland,http://data.ordnancesurvey.co.uk/id/country/scotland,,,
TD86RF,http://data.ordnancesurvey.co.uk/id/postcodeunit/TD86RF,TD8 6RF,,,,other,Postcode,370034.000,618146.000,3500,18000,,,,,,,Oxnam,http://data.ordnancesurvey.co.uk/id/4000000074556798,http://www.ordnancesurvey.co.uk/xml/codelists/localtype.xml#village,,,,Scottish Borders,http://data.ordnancesurvey.co.uk/id/7000000000036552,http://data.ordnancesurvey.co.uk/ontology/admingeo/UnitaryAuthority,Scotland,http://data.ordnancesurvey.co.uk/id/7000000000041429,Scotland,http://data.ordnancesurvey.co.uk/id/country/scotland,,,
TD86RJ,http://data.ordnancesurvey.co.uk/id/postcodeunit/TD86RJ,TD8 6RJ,,,,other,Postcode,369633.000,615403.000,3500,18000,,,,,,,,,,,,,Scottish Borders,http://data.ordnancesurvey.co.uk/id/7000000000036552,http://data.ordnancesurvey.co.uk/ontology/admingeo/UnitaryAuthority,Scotland,http://data.ordnancesurvey.co.uk/id/7000000000041429,Scotland,http://data.ordnancesurvey.co.uk/id/country/scotland,,,
TD86NY,http://data.ordnancesurvey.co.uk/id/postcodeunit/TD86NY,TD8 6NY,,,,other,Postcode,365068.000,619244.000,3500,18000,,,,,,,,,,,,,Scottish Borders,http://data.ordnancesurvey.co.uk/id/7000000000036552,http://data.ordnancesurvey.co.uk/ontology/admingeo/UnitaryAuthority,Scotland,http://data.ordnancesurvey.co.uk/id/7000000000041429,Scotland,http://data.ordnancesurvey.co.uk/id/country/scotland,,,
TD86RE,http://data.ordnancesurvey.co.uk/id/postcodeunit/TD86RE,TD8 6RE,,,,other,Postcode,369568.000,618149.000,3500,18000,,,,,,,Oxnam,http://data.ordnancesurvey.co.uk/id/4000000074556798,http://www.ordnancesurvey.co.uk/xml/codelists/localtype.xml#village,,,,Scottish Borders,http://data.ordnancesurvey.co.uk/id/7000000000036552,http://data.ordnancesurvey.co.uk/ontology/admingeo/UnitaryAuthority,Scotland,http://data.ordnancesurvey.co.uk/id/7000000000041429,Scotland,http://data.ordnancesurvey.co.uk/id/country/scotland,,,
TD86BF,http://data.ordnancesurvey.co.uk/id/postcodeunit/TD86BF,TD8 6BF,,,,other,Postcode,374092.000,617939.000,3500,18000,,,,,,,,,,,,,Scottish Borders,http://data.ordnancesurvey.co.uk/id/7000000000036552,http://data.ordnancesurvey.co.uk/ontology/admingeo/UnitaryAuthority,Scotland,http://data.ordnancesurvey.co.uk/id/7000000000041429,Scotland,http://data.ordnancesurvey.co.uk/id/country/scotland,,,
TD86RA,http://data.ordnancesurvey.co.uk/id/postcodeunit/TD86RA,TD8 6RA,,,,other,Postcode,369544.000,619432.000,3500,18000,,,,,,,,,,,,,Scottish Borders,http://data.ordnancesurvey.co.uk/id/7000000000036552,http://data.ordnancesurvey.co.uk/ontology/admingeo/UnitaryAuthority,Scotland,http://data.ordnancesurvey.co.uk/id/7000000000041429,Scotland,http://data.ordnancesurvey.co.uk/id/country/scotland,,,
TD86RB,http://data.ordnancesurvey.co.uk/id/postcodeunit/TD86RB,TD8 6RB,,,,other,Postcode,370241.000,619982.000,3500,18000,,,,,,,,,,,,,Scottish Borders,http://data.ordnancesurvey.co.uk/id/7000000000036552,http://data.ordnancesurvey.co.uk/ontology/admingeo/UnitaryAuthority,Scotland,http://data.ordnancesurvey.co.uk/id/7000000000041429,Scotland,http://data.ordnancesurvey.co.uk/id/country/scotland,,,
TD86PA,http://data.ordnancesurvey.co.uk/id/postcodeunit/TD86PA,TD8 6PA,,,,other,Postcode,364490.000,618633.000,3500,18000,,,,,,,,,,,,,Scottish Borders,http://data.ordnancesurvey.co.uk/id/7000000000036552,http://data.ordnancesurvey.co.uk/ontology/admingeo/UnitaryAuthority,Scotland,http://data.ordnancesurvey.co.uk/id/7000000000041429,Scotland,http://data.ordnancesurvey.co.uk/id/country/scotland,,,
TD86PE,http://data.ordnancesurvey.co.uk/id/postcodeunit/TD86PE,TD8 6PE,,,,other,Postcode,364859.000,618187.000,3500,18000,,,,,,,,,,,,,Scottish Borders,http://data.ordnancesurvey.co.uk/id/7000000000036552,http://data.ordnancesurvey.co.uk/ontology/admingeo/UnitaryAuthority,Scotland,http://data.ordnancesurvey.co.uk/id/7000000000041429,Scotland,http://data.ordnancesurvey.co.uk/id/country/scotland,,,
NE191TX,http://data.ordnancesurvey.co.uk/id/postcodeunit/NE191TX,NE19 1TX,,,,other,Postcode,374625.000,603387.000,3500,18000,,,,,,,,,,,,,Northumberland,http://data.ordnancesurvey.co.uk/id/7000000000043674,http://data.ordnancesurvey.co.uk/ontology/admingeo/UnitaryAuthority,North East,http://data.ordnancesurvey.co.uk/id/7000000000041422,England,http://data.ordnancesurvey.co.uk/id/country/england,,,
TD86NS,http://data.ordnancesurvey.co.uk/id/postcodeunit/TD86NS,TD8 6NS,,,,other,Postcode,365125.000,619691.000,3500,18000,,,,,,,Jedburgh,http://data.ordnancesurvey.co.uk/id/4000000074556802,http://www.ordnancesurvey.co.uk/xml/codelists/localtype.xml#town,,,,Scottish Borders,http://data.ordnancesurvey.co.uk/id/7000000000036552,http://data.ordnancesurvey.co.uk/ontology/admingeo/UnitaryAuthority,Scotland,http://data.ordnancesurvey.co.uk/id/7000000000041429,Scotland,http://data.ordnancesurvey.co.uk/id/country/scotland,,,
TD98TW,http://data.ordnancesurvey.co.uk/id/postcodeunit/TD98TW,TD9 8TW,,,,other,Postcode,363245.000,608625.000,3500,18000,,,,,,,,,,,,,Scottish Borders,http://data.ordnancesurvey.co.uk/id/7000000000036552,http://data.ordnancesurvey.co.uk/ontology/admingeo/UnitaryAuthority,Scotland,http://data.ordnancesurvey.co.uk/id/7000000000041429,Scotland,http://data.ordnancesurvey.co.uk/id/country/scotland,,,
TD86RQ,http://data.ordnancesurvey.co.uk/id/postcodeunit/TD86RQ,TD8 6RQ,,,,other,Postcode,369637.000,616779.000,3500,18000,,,,,,,,,,,,,Scottish Borders,http://data.ordnancesurvey.co.uk/id/7000000000036552,http://data.ordnancesurvey.co.uk/ontology/admingeo/UnitaryAuthority,Scotland,http://data.ordnancesurvey.co.uk/id/7000000000041429,Scotland,http://data.ordnancesurvey.co.uk/id/country/scotland,,,
TD86RG,http://data.ordnancesurvey.co.uk/id/postcodeunit/TD86RG,TD8 6RG,,,,other,Postcode,370142.000,617409.000,3500,18000,,,,,,,,,,,,,Scottish Borders,http://data.ordnancesurvey.co.uk/id/7000000000036552,http://data.ordnancesurvey.co.uk/ontology/admingeo/UnitaryAuthority,Scotland,http://data.ordnancesurvey.co.uk/id/7000000000041429,Scotland,http://data.ordnancesurvey.co.uk/id/country/scotland,,,
NE191TZ,http://data.ordnancesurvey.co.uk/id/postcodeunit/NE191TZ,NE19 1TZ,,,,other,Postcode,373044.000,604019.000,3500,18000,,,,,,,,,,,,,Northumberland,http://data.ordnancesurvey.co.uk/id/7000000000043674,http://data.ordnancesurvey.co.uk/ontology/admingeo/UnitaryAuthority,North East,http://data.ordnancesurvey.co.uk/id/7000000000041422,England,http://data.ordnancesurvey.co.uk/id/country/england,,,
TD86ND,http://data.ordnancesurvey.co.uk/id/postcodeunit/TD86ND,TD8 6ND,,,,other,Postcode,372581.000,616335.000,3500,18000,,,,,,,Swinside Townhead,http://data.ordnancesurvey.co.uk/id/4000000074556797,http://www.ordnancesurvey.co.uk/xml/codelists/localtype.xml#hamlet,,,,Scottish Borders,http://data.ordnancesurvey.co.uk/id/7000000000036552,http://data.ordnancesurvey.co.uk/ontology/admingeo/UnitaryAuthority,Scotland,http://data.ordnancesurvey.co.uk/id/7000000000041429,Scotland,http://data.ordnancesurvey.co.uk/id/country/scotland,,,
TD86NA,http://data.ordnancesurvey.co.uk/id/postcodeunit/TD86NA,TD8 6NA,,,,other,Postcode,370510.000,615930.000,3500,18000,,,,,,,,,,,,,Scottish Borders,http://data.ordnancesurvey.co.uk/id/7000000000036552,http://data.ordnancesurvey.co.uk/ontology/admingeo/UnitaryAuthority,Scotland,http://data.ordnancesurvey.co.uk/id/7000000000041429,Scotland,http://data.ordnancesurvey.co.uk/id/country/scotland,,,
TD86NF,http://data.ordnancesurvey.co.uk/id/postcodeunit/TD86NF,TD8 6NF,,,,other,Postcode,369041.000,611569.000,3500,18000,,,,,,,Edgerston,http://data.ordnancesurvey.co.uk/id/4000000074334420,http://www.ordnancesurvey.co.uk/xml/codelists/localtype.xml#hamlet,,,,Scottish Borders,http://data.ordnancesurvey.co.uk/id/7000000000036552,http://data.ordnancesurvey.co.uk/ontology/admingeo/UnitaryAuthority,Scotland,http://data.ordnancesurvey.co.uk/id/7000000000041429,Scotland,http://data.ordnancesurvey.co.uk/id/country/scotland,,,
TD86QZ,http://data.ordnancesurvey.co.uk/id/postcodeunit/TD86QZ,TD8 6QZ,,,,other,Postcode,369028.000,619590.000,3500,18000,,,,,,,,,,,,,Scottish Borders,http://data.ordnancesurvey.co.uk/id/7000000000036552,http://data.ordnancesurvey.co.uk/ontology/admingeo/UnitaryAuthority,Scotland,http://data.ordnancesurvey.co.uk/id/7000000000041429,Scotland,http://data.ordnancesurvey.co.uk/id/country/scotland,,,
TD86JX,http://data.ordnancesurvey.co.uk/id/postcodeunit/TD86JX,TD8 6JX,,,,other,Postcode,365277.000,619742.000,3500,18000,,,,,,,Jedburgh,http://data.ordnancesurvey.co.uk/id/4000000074556802,http://www.ordnancesurvey.co.uk/xml/codelists/localtype.xml#town,,,,Scottish Borders,http://data.ordnancesurvey.co.uk/id/7000000000036552,http://data.ordnancesurvey.co.uk/ontology/admingeo/UnitaryAuthority,Scotland,http://data.ordnancesurvey.co.uk/id/7000000000041429,Scotland,http://data.ordnancesurvey.co.uk/id/country/scotland,,,
TD86LE,http://data.ordnancesurvey.co.uk/id/postcodeunit/TD86LE,TD8 6LE,,,,other,Postcode,365198.000,619875.000,3500,18000,,,,,,,Jedburgh,http://data.ordnancesurvey.co.uk/id/4000000074556802,http://www.ordnancesurvey.co.uk/xml/codelists/localtype.xml#town,,,,Scottish Borders,http://data.ordnancesurvey.co.uk/id/7000000000036552,http://data.ordnancesurvey.co.uk/ontology/admingeo/UnitaryAuthority,Scotland,http://data.ordnancesurvey.co.uk/id/7000000000041429,Scotland,http://data.ordnancesurvey.co.uk/id/country/scotland,,,
TD86PD,http://data.ordnancesurvey.co.uk/id/postcodeunit/TD86PD,TD8 6PD,,,,other,Postcode,362765.000,616581.000,3500,18000,,,,,,,,,,,,,Scottish Borders,http://data.ordnancesurvey.co.uk/id/7000000000036552,http://data.ordnancesurvey.co.uk/ontology/admingeo/UnitaryAuthority,Scotland,http://data.ordnancesurvey.co.uk/id/7000000000041429,Scotland,http://data.ordnancesurvey.co.uk/id/country/scotland,,,
TD86NU,http://data.ordnancesurvey.co.uk/id/postcodeunit/TD86NU,TD8 6NU,,,,other,Postcode,365638.000,619511.000,3500,18000,,,,,,,,,,,,,Scottish Borders,http://data.ordnancesurvey.co.uk/id/7000000000036552,http://data.ordnancesurvey.co.uk/ontology/admingeo/UnitaryAuthority,Scotland,http://data.ordnancesurvey.co.uk/id/7000000000041429,Scotland,http://data.ordnancesurvey.co.uk/id/country/scotland,,,
TD98RB,http://data.ordnancesurvey.co.uk/id/postcodeunit/TD98RB,TD9 8RB,,,,other,Postcode,360077.000,610262.000,3500,18000,,,,,,,,,,,,,Scottish Borders,http://data.ordnancesurvey.co.uk/id/7000000000036552,http://data.ordnancesurvey.co.uk/ontology/admingeo/UnitaryAuthority,Scotland,http://data.ordnancesurvey.co.uk/id/7000000000041429,Scotland,http://data.ordnancesurvey.co.uk/id/country/scotland,,,
TD86PT,http://data.ordnancesurvey.co.uk/id/postcodeunit/TD86PT,TD8 6PT,,,,other,Postcode,368795.000,608267.000,3500,18000,,,,,,,,,,,,,Scottish Borders,http://data.ordnancesurvey.co.uk/id/7000000000036552,http://data.ordnancesurvey.co.uk/ontology/admingeo/UnitaryAuthority,Scotland,http://data.ordnancesurvey.co.uk/id/7000000000041429,Scotland,http://data.ordnancesurvey.co.uk/id/country/scotland,,,
TD86QA,http://data.ordnancesurvey.co.uk/id/postcodeunit/TD86QA,TD8 6QA,,,,other,Postcode,364545.000,619935.000,3500,18000,,,,,,,,,,,,,Scottish Borders,http://data.ordnancesurvey.co.uk/id/7000000000036552,http://data.ordnancesurvey.co.uk/ontology/admingeo/UnitaryAuthority,Scotland,http://data.ordnancesurvey.co.uk/id/7000000000041429,Scotland,http://data.ordnancesurvey.co.uk/id/country/scotland,,,
TD86PP,http://data.ordnancesurvey.co.uk/id/postcodeunit/TD86PP,TD8 6PP,,,,other,Postcode,367842.000,611326.000,3500,18000,,,,,,,,,,,,,Scottish Borders,http://data.ordnancesurvey.co.uk/id/7000000000036552,http://data.ordnancesurvey.co.uk/ontology/admingeo/UnitaryAuthority,Scotland,http://data.ordnancesurvey.co.uk/id/7000000000041429,Scotland,http://data.ordnancesurvey.co.uk/id/country/scotland,,,
TD86NB,http://data.ordnancesurvey.co.uk/id/postcodeunit/TD86NB,TD8 6NB,,,,other,Postcode,370408.000,617008.000,3500,18000,,,,,,,,,,,,,Scottish Borders,http://data.ordnancesurvey.co.uk/id/7000000000036552,http://data.ordnancesurvey.co.uk/ontology/admingeo/UnitaryAuthority,Scotland,http://data.ordnancesurvey.co.uk/id/7000000000041429,Scotland,http://data.ordnancesurvey.co.uk/id/country/scotland,,,
TD86JS,http://data.ordnancesurvey.co.uk/id/postcodeunit/TD86JS,TD8 6JS,,,,other,Postcode,365334.000,619707.000,3500,18000,,,,,,,Jedburgh,http://data.ordnancesurvey.co.uk/id/4000000074556802,http://www.ordnancesurvey.co.uk/xml/codelists/localtype.xml#town,,,,Scottish Borders,http://data.ordnancesurvey.co.uk/id/7000000000036552,http://data.ordnancesurvey.co.uk/ontology/admingeo/UnitaryAuthority,Scotland,http://data.ordnancesurvey.co.uk/id/7000000000041429,Scotland,http://data.ordnancesurvey.co.uk/id/country/scotland,,,
NE191TJ,http://data.ordnancesurvey.co.uk/id/postcodeunit/NE191TJ,NE19 1TJ,,,,other,Postcode,371237.000,605155.000,3500,18000,,,,,,,,,,,,,Northumberland,http://data.ordnancesurvey.co.uk/id/7000000000043674,http://data.ordnancesurvey.co.uk/ontology/admingeo/UnitaryAuthority,North East,http://data.ordnancesurvey.co.uk/id/7000000000041422,England,http://data.ordnancesurvey.co.uk/id/country/england,,,
NE191TY,http://data.ordnancesurvey.co.uk/id/postcodeunit/NE191TY,NE19 1TY,,,,other,Postcode,373825.000,602767.000,3500,18000,,,,,,,,,,,,,Northumberland,http://data.ordnancesurvey.co.uk/id/7000000000043674,http://data.ordnancesurvey.co.uk/ontology/admingeo/UnitaryAuthority,North East,http://data.ordnancesurvey.co.uk/id/7000000000041422,England,http://data.ordnancesurvey.co.uk/id/country/england,,,
TD86PN,http://data.ordnancesurvey.co.uk/id/postcodeunit/TD86PN,TD8 6PN,,,,other,Postcode,367786.000,613526.000,3500,18000,,,,,,,,,,,,,Scottish Borders,http://data.ordnancesurvey.co.uk/id/7000000000036552,http://data.ordnancesurvey.co.uk/ontology/admingeo/UnitaryAuthority,Scotland,http://data.ordnancesurvey.co.uk/id/7000000000041429,Scotland,http://data.ordnancesurvey.co.uk/id/country/scotland,,,
NE191TT,http://data.ordnancesurvey.co.uk/id/postcodeunit/NE191TT,NE19 1TT,,,,other,Postcode,376413.000,602661.000,3500,18000,,,,,,,Byrness,http://data.ordnancesurvey.co.uk/id/4000000074556059,http://www.ordnancesurvey.co.uk/xml/codelists/localtype.xml#village,,,,Northumberland,http://data.ordnancesurvey.co.uk/id/7000000000043674,http://data.ordnancesurvey.co.uk/ontology/admingeo/UnitaryAuthority,North East,http://data.ordnancesurvey.co.uk/id/7000000000041422,England,http://data.ordnancesurvey.co.uk/id/country/england,,,
TD98TP,http://data.ordnancesurvey.co.uk/id/postcodeunit/TD98TP,TD9 8TP,,,,other,Postcode,364055.000,608805.000,3500,18000,,,,,,,Southdean,http://data.ordnancesurvey.co.uk/id/4000000074332681,http://www.ordnancesurvey.co.uk/xml/codelists/localtype.xml#otherSettlement,,,,Scottish Borders,http://data.ordnancesurvey.co.uk/id/7000000000036552,http://data.ordnancesurvey.co.uk/ontology/admingeo/UnitaryAuthority,Scotland,http://data.ordnancesurvey.co.uk/id/7000000000041429,Scotland,http://data.ordnancesurvey.co.uk/id/country/scotland,,,
TD86QR,http://data.ordnancesurvey.co.uk/id/postcodeunit/TD86QR,TD8 6QR,,,,other,Postcode,366990.000,618940.000,3500,18000,,,,,,,,,,,,,Scottish Borders,http://data.ordnancesurvey.co.uk/id/7000000000036552,http://data.ordnancesurvey.co.uk/ontology/admingeo/UnitaryAuthority,Scotland,http://data.ordnancesurvey.co.uk/id/7000000000041429,Scotland,http://data.ordnancesurvey.co.uk/id/country/scotland,,,
TD98TJ,http://data.ordnancesurvey.co.uk/id/postcodeunit/TD98TJ,TD9 8TJ,,,,other,Postcode,364268.000,611179.000,3500,18000,,,,,,,,,,,,,Scottish Borders,http://data.ordnancesurvey.co.uk/id/7000000000036552,http://data.ordnancesurvey.co.uk/ontology/admingeo/UnitaryAuthority,Scotland,http://data.ordnancesurvey.co.uk/id/7000000000041429,Scotland,http://data.ordnancesurvey.co.uk/id/country/scotland,,,
TD98TF,http://data.ordnancesurvey.co.uk/id/postcodeunit/TD98TF,TD9 8TF,,,,other,Postcode,361164.000,614776.000,3500,18000,,,,,,,,,,,,,Scottish Borders,http://data.ordnancesurvey.co.uk/id/7000000000036552,http://data.ordnancesurvey.co.uk/ontology/admingeo/UnitaryAuthority,Scotland,http://data.ordnancesurvey.co.uk/id/7000000000041429,Scotland,http://data.ordnancesurvey.co.uk/id/country/scotland,,,
TD86NT,http://data.ordnancesurvey.co.uk/id/postcodeunit/TD86NT,TD8 6NT,,,,other,Postcode,365146.000,619453.000,3500,18000,,,,,,,,,,,,,Scottish Borders,http://data.ordnancesurvey.co.uk/id/7000000000036552,http://data.ordnancesurvey.co.uk/ontology/admingeo/UnitaryAuthority,Scotland,http://data.ordnancesurvey.co.uk/id/7000000000041429,Scotland,http://data.ordnancesurvey.co.uk/id/country/scotland,,,
TD86NH,http://data.ordnancesurvey.co.uk/id/postcodeunit/TD86NH,TD8 6NH,,,,other,Postcode,375785.000,614616.000,3500,18000,,,,,,,,,,,,,Scottish Borders,http://data.ordnancesurvey.co.uk/id/7000000000036552,http://data.ordnancesurvey.co.uk/ontology/admingeo/UnitaryAuthority,Scotland,http://data.ordnancesurvey.co.uk/id/7000000000041429,Scotland,http://data.ordnancesurvey.co.uk/id/country/scotland,,,
TD86QF,http://data.ordnancesurvey.co.uk/id/postcodeunit/TD86QF,TD8 6QF,,,,other,Postcode,364854.000,619897.000,3500,18000,,,,,,,Jedburgh,http://data.ordnancesurvey.co.uk/id/4000000074556802,http://www.ordnancesurvey.co.uk/xml/codelists/localtype.xml#town,,,,Scottish Borders,http://data.ordnancesurvey.co.uk/id/7000000000036552,http://data.ordnancesurvey.co.uk/ontology/admingeo/UnitaryAuthority,Scotland,http://data.ordnancesurvey.co.uk/id/7000000000041429,Scotland,http://data.ordnancesurvey.co.uk/id/country/scotland,,,
NE191TQ,http://data.ordnancesurvey.co.uk/id/postcodeunit/NE191TQ,NE19 1TQ,,,,other,Postcode,376250.000,602689.000,3500,18000,,,,,,,Byrness,http://data.ordnancesurvey.co.uk/id/4000000074556059,http://www.ordnancesurvey.co.uk/xml/codelists/localtype.xml#village,,,,Northumberland,http://data.ordnancesurvey.co.uk/id/7000000000043674,http://data.ordnancesurvey.co.uk/ontology/admingeo/UnitaryAuthority,North East,http://data.ordnancesurvey.co.uk/id/7000000000041422,England,http://data.ordnancesurvey.co.uk/id/country/england,,,
TD86RL,http://data.ordnancesurvey.co.uk/id/postcodeunit/TD86RL,TD8 6RL,,,,other,Postcode,368267.000,615025.000,3500,18000,,,,,,,,,,,,,Scottish Borders,http://data.ordnancesurvey.co.uk/id/7000000000036552,http://data.ordnancesurvey.co.uk/ontology/admingeo/UnitaryAuthority,Scotland,http://data.ordnancesurvey.co.uk/id/7000000000041429,Scotland,http://data.ordnancesurvey.co.uk/id/country/scotland,,,
TD86NQ,http://data.ordnancesurvey.co.uk/id/postcodeunit/TD86NQ,TD8 6NQ,,,,other,Postcode,374307.000,614012.000,3500,18000,,,,,,,,,,,,,Scottish Borders,http://data.ordnancesurvey.co.uk/id/7000000000036552,http://data.ordnancesurvey.co.uk/ontology/admingeo/UnitaryAuthority,Scotland,http://data.ordnancesurvey.co.uk/id/7000000000041429,Scotland,http://data.ordnancesurvey.co.uk/id/country/scotland,,,
TD86JZ,http://data.ordnancesurvey.co.uk/id/postcodeunit/TD86JZ,TD8 6JZ,,,,other,Postcode,365545.000,619883.000,3500,18000,,,,,,,Jedburgh,http://data.ordnancesurvey.co.uk/id/4000000074556802,http://www.ordnancesurvey.co.uk/xml/codelists/localtype.xml#town,,,,Scottish Borders,http://data.ordnancesurvey.co.uk/id/7000000000036552,http://data.ordnancesurvey.co.uk/ontology/admingeo/UnitaryAuthority,Scotland,http://data.ordnancesurvey.co.uk/id/7000000000041429,Scotland,http://data.ordnancesurvey.co.uk/id/country/scotland,,,
TD86NX,http://data.ordnancesurvey.co.uk/id/postcodeunit/TD86NX,TD8 6NX,,,,other,Postcode,365390.000,618095.000,3500,18000,,,,,,,,,,,,,Scottish Borders,http://data.ordnancesurvey.co.uk/id/7000000000036552,http://data.ordnancesurvey.co.uk/ontology/admingeo/UnitaryAuthority,Scotland,http://data.ordnancesurvey.co.uk/id/7000000000041429,Scotland,http://data.ordnancesurvey.co.uk/id/country/scotland,,,
TD86PW,http://data.ordnancesurvey.co.uk/id/postcodeunit/TD86PW,TD8 6PW,,,,other,Postcode,368461.000,611639.000,3500,18000,,,,,,,Edgerston,http://data.ordnancesurvey.co.uk/id/4000000074334420,http://www.ordnancesurvey.co.uk/xml/codelists/localtype.xml#hamlet,,,,Scottish Borders,http://data.ordnancesurvey.co.uk/id/7000000000036552,http://data.ordnancesurvey.co.uk/ontology/admingeo/UnitaryAuthority,Scotland,http://data.ordnancesurvey.co.uk/id/7000000000041429,Scotland,http://data.ordnancesurvey.co.uk/id/country/scotland,,,
TD98RD,http://data.ordnancesurvey.co.uk/id/postcodeunit/TD98RD,TD9 8RD,,,,other,Postcode,360946.000,610836.000,3500,18000,,,,,,,,,,,,,Scottish Borders,http://data.ordnancesurvey.co.uk/id/7000000000036552,http://data.ordnancesurvey.co.uk/ontology/admingeo/UnitaryAuthority,Scotland,http://data.ordnancesurvey.co.uk/id/7000000000041429,Scotland,http://data.ordnancesurvey.co.uk/id/country/scotland,,,
TD98TH,http://data.ordnancesurvey.co.uk/id/postcodeunit/TD98TH,TD9 8TH,,,,other,Postcode,362310.000,610623.000,3500,18000,,,,,,,Chesters,http://data.ordnancesurvey.co.uk/id/4000000074556426,http://www.ordnancesurvey.co.uk/xml/codelists/localtype.xml#village,,,,Scottish Borders,http://data.ordnancesurvey.co.uk/id/7000000000036552,http://data.ordnancesurvey.co.uk/ontology/admingeo/UnitaryAuthority,Scotland,http://data.ordnancesurvey.co.uk/id/7000000000041429,Scotland,http://data.ordnancesurvey.co.uk/id/country/scotland,,,
TD86QT,http://data.ordnancesurvey.co.uk/id/postcodeunit/TD86QT,TD8 6QT,,,,other,Postcode,365974.000,616905.000,3500,18000,,,,,,,,,,,,,Scottish Borders,http://data.ordnancesurvey.co.uk/id/7000000000036552,http://data.ordnancesurvey.co.uk/ontology/admingeo/UnitaryAuthority,Scotland,http://data.ordnancesurvey.co.uk/id/7000000000041429,Scotland,http://data.ordnancesurvey.co.uk/id/country/scotland,,,
TD86LY,http://data.ordnancesurvey.co.uk/id/postcodeunit/TD86LY,TD8 6LY,,,,other,Postcode,369435.000,619622.000,3500,18000,,,,,,,,,,,,,Scottish Borders,http://data.ordnancesurvey.co.uk/id/7000000000036552,http://data.ordnancesurvey.co.uk/ontology/admingeo/UnitaryAuthority,Scotland,http://data.ordnancesurvey.co.uk/id/7000000000041429,Scotland,http://data.ordnancesurvey.co.uk/id/country/scotland,,,
NE191TR,http://data.ordnancesurvey.co.uk/id/postcodeunit/NE191TR,NE19 1TR,,,,other,Postcode,377103.000,602337.000,3500,18000,,,,,,,Byrness,http://data.ordnancesurvey.co.uk/id/4000000074556059,http://www.ordnancesurvey.co.uk/xml/codelists/localtype.xml#village,,,,Northumberland,http://data.ordnancesurvey.co.uk/id/7000000000043674,http://data.ordnancesurvey.co.uk/ontology/admingeo/UnitaryAuthority,North East,http://data.ordnancesurvey.co.uk/id/7000000000041422,England,http://data.ordnancesurvey.co.uk/id/country/england,,,
TD86NW,http://data.ordnancesurvey.co.uk/id/postcodeunit/TD86NW,TD8 6NW,,,,other,Postcode,372297.000,611242.000,3500,18000,,,,,,,,,,,,,Scottish Borders,http://data.ordnancesurvey.co.uk/id/7000000000036552,http://data.ordnancesurvey.co.uk/ontology/admingeo/UnitaryAuthority,Scotland,http://data.ordnancesurvey.co.uk/id/7000000000041429,Scotland,http://data.ordnancesurvey.co.uk/id/country/scotland,,,
NE191TS,http://data.ordnancesurvey.co.uk/id/postcodeunit/NE191TS,NE19 1TS,,,,other,Postcode,376438.000,602728.000,3500,18000,,,,,,,Byrness,http://data.ordnancesurvey.co.uk/id/4000000074556059,http://www.ordnancesurvey.co.uk/xml/codelists/localtype.xml#village,,,,Northumberland,http://data.ordnancesurvey.co.uk/id/7000000000043674,http://data.ordnancesurvey.co.uk/ontology/admingeo/UnitaryAuthority,North East,http://data.ordnancesurvey.co.uk/id/7000000000041422,England,http://data.ordnancesurvey.co.uk/id/country/england,,,
TD86NL,http://data.ordnancesurvey.co.uk/id/postcodeunit/TD86NL,TD8 6NL,,,,other,Postcode,376018.000,609805.000,3500,18000,,,,,,,,,,,,,Scottish Borders,http://data.ordnancesurvey.co.uk/id/7000000000036552,http://data.ordnancesurvey.co.uk/ontology/admingeo/UnitaryAuthority,Scotland,http://data.ordnancesurvey.co.uk/id/7000000000041429,Scotland,http://data.ordnancesurvey.co.uk/id/country/scotland,,,
TD98TG,http://data.ordnancesurvey.co.uk/id/postcodeunit/TD98TG,TD9 8TG,,,,other,Postcode,361985.000,612559.000,3500,18000,,,,,,,,,,,,,Scottish Borders,http://data.ordnancesurvey.co.uk/id/7000000000036552,http://data.ordnancesurvey.co.uk/ontology/admingeo/UnitaryAuthority,Scotland,http://data.ordnancesurvey.co.uk/id/7000000000041429,Scotland,http://data.ordnancesurvey.co.uk/id/country/scotland,,,
TD86PQ,http://data.ordnancesurvey.co.uk/id/postcodeunit/TD86PQ,TD8 6PQ,,,,other,Postcode,365443.000,617048.000,3500,18000,,,,,,,,,,,,,Scottish Borders,http://data.ordnancesurvey.co.uk/id/7000000000036552,http://data.ordnancesurvey.co.uk/ontology/admingeo/UnitaryAuthority,Scotland,http://data.ordnancesurvey.co.uk/id/7000000000041429,Scotland,http://data.ordnancesurvey.co.uk/id/country/scotland,,,
TD86PS,http://data.ordnancesurvey.co.uk/id/postcodeunit/TD86PS,TD8 6PS,,,,other,Postcode,367569.000,608668.000,3500,18000,,,,,,,,,,,,,Scottish Borders,http://data.ordnancesurvey.co.uk/id/7000000000036552,http://data.ordnancesurvey.co.uk/ontology/admingeo/UnitaryAuthority,Scotland,http://data.ordnancesurvey.co.uk/id/7000000000041429,Scotland,http://data.ordnancesurvey.co.uk/id/country/scotland,,,
TD86PB,http://data.ordnancesurvey.co.uk/id/postcodeunit/TD86PB,TD8 6PB,,,,other,Postcode,364661.000,617699.000,3500,18000,,,,,,,,,,,,,Scottish Borders,http://data.ordnancesurvey.co.uk/id/7000000000036552,http://data.ordnancesurvey.co.uk/ontology/admingeo/UnitaryAuthority,Scotland,http://data.ordnancesurvey.co.uk/id/7000000000041429,Scotland,http://data.ordnancesurvey.co.uk/id/country/scotland,,,
TD86QG,http://data.ordnancesurvey.co.uk/id/postcodeunit/TD86QG,TD8 6QG,,,,other,Postcode,364893.000,619742.000,3500,18000,,,,,,,Jedburgh,http://data.ordnancesurvey.co.uk/id/4000000074556802,http://www.ordnancesurvey.co.uk/xml/codelists/localtype.xml#town,,,,Scottish Borders,http://data.ordnancesurvey.co.uk/id/7000000000036552,http://data.ordnancesurvey.co.uk/ontology/admingeo/UnitaryAuthority,Scotland,http://data.ordnancesurvey.co.uk/id/7000000000041429,Scotland,http://data.ordnancesurvey.co.uk/id/country/scotland,,,
0fdfcdb5-c641-45b3-8a96-a0b3f62cb1e5,http://data.ordnancesurvey.co.uk/id/0fdfcdb5-c641-45b3-8a96-a0b3f62cb1e5,South Greens,,,,transportNetwork,Section Of Named Road,376442.000,602664.000,2000,25000,376307.000,602634.000,376577.000,602711.000,NE19,http://data.ordnancesurvey.co.uk/id/postcodedistrict/NE19,Byrness,http://data.ordnancesurvey.co.uk/id/4000000074556059,http://www.ordnancesurvey.co.uk/xml/codelists/localtype.xml#village,,,,Northumberland,http://data.ordnancesurvey.co.uk/id/7000000000043674,http://data.ordnancesurvey.co.uk/ontology/admingeo/UnitaryAuthority,North East,http://data.ordnancesurvey.co.uk/id/7000000000041422,England,http://data.ordnancesurvey.co.uk/id/country/england,osgb4000000006296141,,
osgb4000000006296141,http://data.ordnancesurvey.co.uk/id/4000000006296141,South Greens,,,,transportNetwork,Named Road,376442.000,602664.000,2000,20000,376307.000,602634.000,376577.000,602711.000,NE19,http://data.ordnancesurvey.co.uk/id/postcodedistrict/NE19,Byrness,http://data.ordnancesurvey.co.uk/id/4000000074556059,http://www.ordnancesurvey.co.uk/xml/codelists/localtype.xml#village,,,,Northumberland,http://data.ordnancesurvey.co.uk/id/7000000000043674,http://data.ordnancesurvey.co.uk/ontology/admingeo/UnitaryAuthority,North East,http://data.ordnancesurvey.co.uk/id/7000000000041422,England,http://data.ordnancesurvey.co.uk/id/country/england,,,
osgb4000000006350168,http://data.ordnancesurvey.co.uk/id/4000000006350168,Howden Road,,,,transportNetwork,Named Road,365340.000,619910.000,3000,20000,365310.000,619674.764,365534.000,620071.000,TD8,http://data.ordnancesurvey.co.uk/id/postcodedistrict/TD8,Jedburgh,http://data.ordnancesurvey.co.uk/id/4000000074556802,http://www.ordnancesurvey.co.uk/xml/codelists/localtype.xml#town,,,,Scottish Borders,http://data.ordnancesurvey.co.uk/id/7000000000036552,http://data.ordnancesurvey.co.uk/ontology/admingeo/UnitaryAuthority,Scotland,http://data.ordnancesurvey.co.uk/id/7000000000041429,Scotland,http://data.ordnancesurvey.co.uk/id/country/scotland,,,
osgb4000000006295482,http://data.ordnancesurvey.co.uk/id/4000000006295482,Oxnam Green,,,,transportNetwork,Named Road,369578.900,618172.150,4000,20000,369201.000,618000.000,369871.000,618450.000,TD8,http://data.ordnancesurvey.co.uk/id/postcodedistrict/TD8,Oxnam,http://data.ordnancesurvey.co.uk/id/4000000074556798,http://www.ordnancesurvey.co.uk/xml/codelists/localtype.xml#village,,,,Scottish Borders,http://data.ordnancesurvey.co.uk/id/7000000000036552,http://data.ordnancesurvey.co.uk/ontology/admingeo/UnitaryAuthority,Scotland,http://data.ordnancesurvey.co.uk/id/7000000000041429,Scotland,http://data.ordnancesurvey.co.uk/id/country/scotland,,,
osgb4000000006331433,http://data.ordnancesurvey.co.uk/id/4000000006331433,A6088,,,,transportNetwork,Numbered Road,361000.000,610827.000,110000,1000000,352484.000,606950.000,369380.062,615973.000,TD9,http://data.ordnancesurvey.co.uk/id/postcodedistrict/TD9,,,,,,,Scottish Borders,http://data.ordnancesurvey.co.uk/id/7000000000036552,http://data.ordnancesurvey.co.uk/ontology/admingeo/UnitaryAuthority,Scotland,http://data.ordnancesurvey.co.uk/id/7000000000041429,Scotland,http://data.ordnancesurvey.co.uk/id/country/scotland,,,
osgb4000000006295135,http://data.ordnancesurvey.co.uk/id/4000000006295135,Cottonshope Road,,,,transportNetwork,Named Road,378245.000,603164.000,20000,22000,378002.000,601550.000,378665.000,604869.000,NE19,http://data.ordnancesurvey.co.uk/id/postcodedistrict/NE19,,,,,,,Northumberland,http://data.ordnancesurvey.co.uk/id/7000000000043674,http://data.ordnancesurvey.co.uk/ontology/admingeo/UnitaryAuthority,North East,http://data.ordnancesurvey.co.uk/id/7000000000041422,England,http://data.ordnancesurvey.co.uk/id/country/england,,,
osgb4000000006306967,http://data.ordnancesurvey.co.uk/id/4000000006306967,B6358,,,,transportNetwork,Numbered Road,362212.508,619608.819,39000,250000,359255.305,619417.999,365213.000,620578.000,TD8,http://data.ordnancesurvey.co.uk/id/postcodedistrict/TD8,,,,,,,Scottish Borders,http://data.ordnancesurvey.co.uk/id/7000000000036552,http://data.ordnancesurvey.co.uk/ontology/admingeo/UnitaryAuthority,Scotland,http://data.ordnancesurvey.co.uk/id/7000000000041429,Scotland,http://data.ordnancesurvey.co.uk/id/country/scotland,,,
osgb4000000006296140,http://data.ordnancesurvey.co.uk/id/4000000006296140,Otterburn Green,,,,transportNetwork,Named Road,376430.000,602758.000,1000,20000,376374.000,602665.000,376577.000,602788.000,NE19,http://data.ordnancesurvey.co.uk/id/postcodedistrict/NE19,Byrness,http://data.ordnancesurvey.co.uk/id/4000000074556059,http://www.ordnancesurvey.co.uk/xml/codelists/localtype.xml#village,,,,Northumberland,http://data.ordnancesurvey.co.uk/id/7000000000043674,http://data.ordnancesurvey.co.uk/ontology/admingeo/UnitaryAuthority,North East,http://data.ordnancesurvey.co.uk/id/7000000000041422,England,http://data.ordnancesurvey.co.uk/id/country/england,,,
osgb4000000006298451,http://data.ordnancesurvey.co.uk/id/4000000006298451,Howden Drive,,,,transportNetwork,Named Road,365531.000,619871.000,2000,20000,365529.000,619710.000,365534.000,619986.000,TD8,http://data.ordnancesurvey.co.uk/id/postcodedistrict/TD8,Jedburgh,http://data.ordnancesurvey.co.uk/id/4000000074556802,http://www.ordnancesurvey.co.uk/xml/codelists/localtype.xml#town,,,,Scottish Borders,http://data.ordnancesurvey.co.uk/id/7000000000036552,http://data.ordnancesurvey.co.uk/ontology/admingeo/UnitaryAuthority,Scotland,http://data.ordnancesurvey.co.uk/id/7000000000041429,Scotland,http://data.ordnancesurvey.co.uk/id/country/scotland,,,
osgb4000000006298449,http://data.ordnancesurvey.co.uk/id/4000000006298449,Cypress Grove,,,,transportNetwork,Named Road,365216.000,619899.000,1000,20000,365215.600,619828.150,365261.000,619942.000,TD8,http://data.ordnancesurvey.co.uk/id/postcodedistrict/TD8,Jedburgh,http://data.ordnancesurvey.co.uk/id/4000000074556802,http://www.ordnancesurvey.co.uk/xml/codelists/localtype.xml#town,,,,Scottish Borders,http://data.ordnancesurvey.co.uk/id/7000000000036552,http://data.ordnancesurvey.co.uk/ontology/admingeo/UnitaryAuthority,Scotland,http://data.ordnancesurvey.co.uk/id/7000000000041429,Scotland,http://data.ordnancesurvey.co.uk/id/country/scotland,,,
osgb4000000006298448,http://data.ordnancesurvey.co.uk/id/4000000006298448,Allerley Crescent,,,,transportNetwork,Named Road,365251.000,619777.000,1000,20000,365251.000,619672.000,365361.645,619840.000,TD8,http://data.ordnancesurvey.co.uk/id/postcodedistrict/TD8,Jedburgh,http://data.ordnancesurvey.co.uk/id/4000000074556802,http://www.ordnancesurvey.co.uk/xml/codelists/localtype.xml#town,,,,Scottish Borders,http://data.ordnancesurvey.co.uk/id/7000000000036552,http://data.ordnancesurvey.co.uk/ontology/admingeo/UnitaryAuthority,Scotland,http://data.ordnancesurvey.co.uk/id/7000000000041429,Scotland,http://data.ordnancesurvey.co.uk/id/country/scotland,,,
osgb4000000006302439,http://data.ordnancesurvey.co.uk/id/4000000006302439,Brewster Place,,,,transportNetwork,Named Road,365393.000,619904.000,1000,20000,365340.000,619882.000,365396.895,619941.005,TD8,http://data.ordnancesurvey.co.uk/id/postcodedistrict/TD8,Jedburgh,http://data.ordnancesurvey.co.uk/id/4000000074556802,http://www.ordnancesurvey.co.uk/xml/codelists/localtype.xml#town,,,,Scottish Borders,http://data.ordnancesurvey.co.uk/id/7000000000036552,http://data.ordnancesurvey.co.uk/ontology/admingeo/UnitaryAuthority,Scotland,http://data.ordnancesurvey.co.uk/id/7000000000041429,Scotland,http://data.ordnancesurvey.co.uk/id/country/scotland,,,
osgb4000000006295433,http://data.ordnancesurvey.co.uk/id/4000000006295433,Newcastle Road,,,,transportNetwork,Named Road,365082.000,619962.000,4000,20000,365060.000,619648.000,365142.000,620305.000,TD8,http://data.ordnancesurvey.co.uk/id/postcodedistrict/TD8,Jedburgh,http://data.ordnancesurvey.co.uk/id/4000000074556802,http://www.ordnancesurvey.co.uk/xml/codelists/localtype.xml#town,,,,Scottish Borders,http://data.ordnancesurvey.co.uk/id/7000000000036552,http://data.ordnancesurvey.co.uk/ontology/admingeo/UnitaryAuthority,Scotland,http://data.ordnancesurvey.co.uk/id/7000000000041429,Scotland,http://data.ordnancesurvey.co.uk/id/country/scotland,,,
osgb4000000006298450,http://data.ordnancesurvey.co.uk/id/4000000006298450,Howden Crescent,,,,transportNetwork,Named Road,365460.000,619893.000,2000,20000,365403.000,619774.000,365545.000,620016.000,TD8,http://data.ordnancesurvey.co.uk/id/postcodedistrict/TD8,Jedburgh,http://data.ordnancesurvey.co.uk/id/4000000074556802,http://www.ordnancesurvey.co.uk/xml/codelists/localtype.xml#town,,,,Scottish Borders,http://data.ordnancesurvey.co.uk/id/7000000000036552,http://data.ordnancesurvey.co.uk/ontology/admingeo/UnitaryAuthority,Scotland,http://data.ordnancesurvey.co.uk/id/7000000000041429,Scotland,http://data.ordnancesurvey.co.uk/id/country/scotland,,,
78983dac-5760-40ee-a87a-c49f5a48c6d2,http://data.ordnancesurvey.co.uk/id/78983dac-5760-40ee-a87a-c49f5a48c6d2,Oxnam Green,,,,transportNetwork,Section Of Named Road,369703.900,618268.750,2000,25000,369516.838,618139.168,369871.000,618450.000,TD8,http://data.ordnancesurvey.co.uk/id/postcodedistrict/TD8,Oxnam,http://data.ordnancesurvey.co.uk/id/4000000074556798,http://www.ordnancesurvey.co.uk/xml/codelists/localtype.xml#village,,,,Scottish Borders,http://data.ordnancesurvey.co.uk/id/7000000000036552,http://data.ordnancesurvey.co.uk/ontology/admingeo/UnitaryAuthority,Scotland,http://data.ordnancesurvey.co.uk/id/7000000000041429,Scotland,http://data.ordnancesurvey.co.uk/id/country/scotland,osgb4000000006295482,,
osgb4000000006333233,http://data.ordnancesurvey.co.uk/id/4000000006333233,Chesters Brae,,,,transportNetwork,Named Road,362507.000,610606.000,2000,20000,362350.000,610599.000,362626.000,610609.000,TD9,http://data.ordnancesurvey.co.uk/id/postcodedistrict/TD9,Chesters,http://data.ordnancesurvey.co.uk/id/4000000074556426,http://www.ordnancesurvey.co.uk/xml/codelists/localtype.xml#village,,,,Scottish Borders,http://data.ordnancesurvey.co.uk/id/7000000000036552,http://data.ordnancesurvey.co.uk/ontology/admingeo/UnitaryAuthority,Scotland,http://data.ordnancesurvey.co.uk/id/7000000000041429,Scotland,http://data.ordnancesurvey.co.uk/id/country/scotland,,,
TD58AL,http://data.ordnancesurvey.co.uk/id/postcodeunit/TD58AL,TD5 8AL,,,,other,Postcode,377827.000,619232.000,3500,18000,,,,,,,Hownam,http://data.ordnancesurvey.co.uk/id/4000000074556425,http://www.ordnancesurvey.co.uk/xml/codelists/localtype.xml#hamlet,,,,Scottish Borders,http://data.ordnancesurvey.co.uk/id/7000000000036552,http://data.ordnancesurvey.co.uk/ontology/admingeo/UnitaryAuthority,Scotland,http://data.ordnancesurvey.co.uk/id/7000000000041429,Scotland,http://data.ordnancesurvey.co.uk/id/country/scotland,,,
TD86QS,http://data.ordnancesurvey.co.uk/id/postcodeunit/TD86QS,TD8 6QS,,,,other,Postcode,366677.000,616235.000,3500,18000,,,,,,,Mossburnford,http://data.ordnancesurvey.co.uk/id/4000000074556800,http://www.ordnancesurvey.co.uk/xml/codelists/localtype.xml#hamlet,,,,Scottish Borders,http://data.ordnancesurvey.co.uk/id/7000000000036552,http://data.ordnancesurvey.co.uk/ontology/admingeo/UnitaryAuthority,Scotland,http://data.ordnancesurvey.co.uk/id/7000000000041429,Scotland,http://data.ordnancesurvey.co.uk/id/country/scotland,,,
TD86RX,http://data.ordnancesurvey.co.uk/id/postcodeunit/TD86RX,TD8 6RX,,,,other,Postcode,369807.000,618429.000,3500,18000,,,,,,,Oxnam,http://data.ordnancesurvey.co.uk/id/4000000074556798,http://www.ordnancesurvey.co.uk/xml/codelists/localtype.xml#village,,,,Scottish Borders,http://data.ordnancesurvey.co.uk/id/7000000000036552,http://data.ordnancesurvey.co.uk/ontology/admingeo/UnitaryAuthority,Scotland,http://data.ordnancesurvey.co.uk/id/7000000000041429,Scotland,http://data.ordnancesurvey.co.uk/id/country/scotland,,,
NE191TF,http://data.ordnancesurvey.co.uk/id/postcodeunit/NE191TF,NE19 1TF,,,,other,Postcode,377919.000,601617.000,3500,18000,,,,,,,Byrness,http://data.ordnancesurvey.co.uk/id/4000000074556059,http://www.ordnancesurvey.co.uk/xml/codelists/localtype.xml#village,,,,Northumberland,http://data.ordnancesurvey.co.uk/id/7000000000043674,http://data.ordnancesurvey.co.uk/ontology/admingeo/UnitaryAuthority,North East,http://data.ordnancesurvey.co.uk/id/7000000000041422,England,http://data.ordnancesurvey.co.uk/id/country/england,,,
TD86RU,http://data.ordnancesurvey.co.uk/id/postcodeunit/TD86RU,TD8 6RU,,,,other,Postcode,369836.000,618392.000,3500,18000,,,,,,,Oxnam,http://data.ordnancesurvey.co.uk/id/4000000074556798,http://www.ordnancesurvey.co.uk/xml/codelists/localtype.xml#village,,,,Scottish Borders,http://data.ordnancesurvey.co.uk/id/7000000000036552,http://data.ordnancesurvey.co.uk/ontology/admingeo/UnitaryAuthority,Scotland,http://data.ordnancesurvey.co.uk/id/7000000000041429,Scotland,http://data.ordnancesurvey.co.uk/id/country/scotland,,,
