﻿osgb4000000074556057,http://data.ordnancesurvey.co.uk/id/4000000074556057,Alnham,,,,populatedPlace,Hamlet,399575.000,610889.000,5000,25000,398996.560,610164.841,399926.569,611119.988,NE66,http://data.ordnancesurvey.co.uk/id/postcodedistrict/NE66,,,,,,,Northumberland,http://data.ordnancesurvey.co.uk/id/7000000000043674,http://data.ordnancesurvey.co.uk/ontology/admingeo/UnitaryAuthority,North East,http://data.ordnancesurvey.co.uk/id/7000000000041422,England,http://data.ordnancesurvey.co.uk/id/country/england,,http://dbpedia.org/resource/Alnham,http://sws.geonames.org/2657442
osgb4000000074555663,http://data.ordnancesurvey.co.uk/id/4000000074555663,Hepple,,,,populatedPlace,Hamlet,398291.000,600552.000,5000,25000,397769.950,600257.791,398865.859,600757.791,NE65,http://data.ordnancesurvey.co.uk/id/postcodedistrict/NE65,,,,,,,Northumberland,http://data.ordnancesurvey.co.uk/id/7000000000043674,http://data.ordnancesurvey.co.uk/ontology/admingeo/UnitaryAuthority,North East,http://data.ordnancesurvey.co.uk/id/7000000000041422,England,http://data.ordnancesurvey.co.uk/id/country/england,,http://dbpedia.org/resource/Hepple,http://sws.geonames.org/2647081
osgb4000000074555666,http://data.ordnancesurvey.co.uk/id/4000000074555666,Burradon,,,,populatedPlace,Hamlet,398202.940,606195.140,5000,25000,397907.035,605880.596,398407.035,606380.596,NE65,http://data.ordnancesurvey.co.uk/id/postcodedistrict/NE65,,,,,,,Northumberland,http://data.ordnancesurvey.co.uk/id/7000000000043674,http://data.ordnancesurvey.co.uk/ontology/admingeo/UnitaryAuthority,North East,http://data.ordnancesurvey.co.uk/id/7000000000041422,England,http://data.ordnancesurvey.co.uk/id/country/england,,"http://dbpedia.org/resource/Burradon,_Northumberland",
osgb4000000074556421,http://data.ordnancesurvey.co.uk/id/4000000074556421,Linhope,,,,populatedPlace,Hamlet,396307.440,616121.740,5000,25000,395992.800,615895.485,396492.800,616395.485,NE66,http://data.ordnancesurvey.co.uk/id/postcodedistrict/NE66,,,,,,,Northumberland,http://data.ordnancesurvey.co.uk/id/7000000000043674,http://data.ordnancesurvey.co.uk/ontology/admingeo/UnitaryAuthority,North East,http://data.ordnancesurvey.co.uk/id/7000000000041422,England,http://data.ordnancesurvey.co.uk/id/country/england,,,
osgb4000000074555667,http://data.ordnancesurvey.co.uk/id/4000000074555667,Sharperton,,,,populatedPlace,Hamlet,395648.000,603818.000,5000,25000,395514.141,603730.163,396014.141,604288.164,NE65,http://data.ordnancesurvey.co.uk/id/postcodedistrict/NE65,,,,,,,Northumberland,http://data.ordnancesurvey.co.uk/id/7000000000043674,http://data.ordnancesurvey.co.uk/ontology/admingeo/UnitaryAuthority,North East,http://data.ordnancesurvey.co.uk/id/7000000000041422,England,http://data.ordnancesurvey.co.uk/id/country/england,,http://dbpedia.org/resource/Sharperton,http://sws.geonames.org/2638119
osgb4000000074556053,http://data.ordnancesurvey.co.uk/id/4000000074556053,Harbottle,,,,populatedPlace,Village,393546.000,604666.000,6000,250000,392783.073,604524.679,393763.353,605024.679,NE65,http://data.ordnancesurvey.co.uk/id/postcodedistrict/NE65,,,,,,,Northumberland,http://data.ordnancesurvey.co.uk/id/7000000000043674,http://data.ordnancesurvey.co.uk/ontology/admingeo/UnitaryAuthority,North East,http://data.ordnancesurvey.co.uk/id/7000000000041422,England,http://data.ordnancesurvey.co.uk/id/country/england,,http://dbpedia.org/resource/Harbottle,http://sws.geonames.org/2647506
osgb4000000074555665,http://data.ordnancesurvey.co.uk/id/4000000074555665,Holystone,,,,populatedPlace,Hamlet,395582.000,602730.000,5000,25000,395150.832,602420.127,395931.598,602920.127,NE65,http://data.ordnancesurvey.co.uk/id/postcodedistrict/NE65,,,,,,,Northumberland,http://data.ordnancesurvey.co.uk/id/7000000000043674,http://data.ordnancesurvey.co.uk/ontology/admingeo/UnitaryAuthority,North East,http://data.ordnancesurvey.co.uk/id/7000000000041422,England,http://data.ordnancesurvey.co.uk/id/country/england,,"http://dbpedia.org/resource/Holystone,_Northumberland",
osgb4000000074555664,http://data.ordnancesurvey.co.uk/id/4000000074555664,Flotterton,,,,populatedPlace,Hamlet,399806.000,602445.000,5000,25000,399718.965,602183.189,400218.965,602683.189,NE65,http://data.ordnancesurvey.co.uk/id/postcodedistrict/NE65,,,,,,,Northumberland,http://data.ordnancesurvey.co.uk/id/7000000000043674,http://data.ordnancesurvey.co.uk/ontology/admingeo/UnitaryAuthority,North East,http://data.ordnancesurvey.co.uk/id/7000000000041422,England,http://data.ordnancesurvey.co.uk/id/country/england,,,
osgb4000000074556056,http://data.ordnancesurvey.co.uk/id/4000000074556056,Scrainwood,,,,populatedPlace,Hamlet,398984.000,609508.000,5000,25000,398826.994,609232.657,399326.994,609732.657,NE66,http://data.ordnancesurvey.co.uk/id/postcodedistrict/NE66,,,,,,,Northumberland,http://data.ordnancesurvey.co.uk/id/7000000000043674,http://data.ordnancesurvey.co.uk/ontology/admingeo/UnitaryAuthority,North East,http://data.ordnancesurvey.co.uk/id/7000000000041422,England,http://data.ordnancesurvey.co.uk/id/country/england,,,
osgb4000000074556054,http://data.ordnancesurvey.co.uk/id/4000000074556054,Netherton,,,,populatedPlace,Village,399112.680,607574.550,9000,250000,398338.010,607208.908,399665.160,608008.219,NE65,http://data.ordnancesurvey.co.uk/id/postcodedistrict/NE65,,,,,,,Northumberland,http://data.ordnancesurvey.co.uk/id/7000000000043674,http://data.ordnancesurvey.co.uk/ontology/admingeo/UnitaryAuthority,North East,http://data.ordnancesurvey.co.uk/id/7000000000041422,England,http://data.ordnancesurvey.co.uk/id/country/england,,,
osgb4000000074556055,http://data.ordnancesurvey.co.uk/id/4000000074556055,Biddlestone,,,,populatedPlace,Hamlet,396058.500,608278.200,5000,25000,395070.402,608100.056,396719.290,608600.056,NE65,http://data.ordnancesurvey.co.uk/id/postcodedistrict/NE65,,,,,,,Northumberland,http://data.ordnancesurvey.co.uk/id/7000000000043674,http://data.ordnancesurvey.co.uk/ontology/admingeo/UnitaryAuthority,North East,http://data.ordnancesurvey.co.uk/id/7000000000041422,England,http://data.ordnancesurvey.co.uk/id/country/england,,http://dbpedia.org/resource/Biddlestone,
osgb4000000074556058,http://data.ordnancesurvey.co.uk/id/4000000074556058,Alwinton,,,,populatedPlace,Hamlet,392120.000,606325.000,5000,25000,391839.334,606154.573,392339.334,606654.573,NE65,http://data.ordnancesurvey.co.uk/id/postcodedistrict/NE65,,,,,,,Northumberland,http://data.ordnancesurvey.co.uk/id/7000000000043674,http://data.ordnancesurvey.co.uk/ontology/admingeo/UnitaryAuthority,North East,http://data.ordnancesurvey.co.uk/id/7000000000041422,England,http://data.ordnancesurvey.co.uk/id/country/england,,http://dbpedia.org/resource/Alwinton,http://sws.geonames.org/2657376
NE657LH,http://data.ordnancesurvey.co.uk/id/postcodeunit/NE657LH,NE65 7LH,,,,other,Postcode,398392.000,600615.000,3500,18000,,,,,,,Hepple,http://data.ordnancesurvey.co.uk/id/4000000074555663,http://www.ordnancesurvey.co.uk/xml/codelists/localtype.xml#hamlet,,,,Northumberland,http://data.ordnancesurvey.co.uk/id/7000000000043674,http://data.ordnancesurvey.co.uk/ontology/admingeo/UnitaryAuthority,North East,http://data.ordnancesurvey.co.uk/id/7000000000041422,England,http://data.ordnancesurvey.co.uk/id/country/england,,,
NE657EY,http://data.ordnancesurvey.co.uk/id/postcodeunit/NE657EY,NE65 7EY,,,,other,Postcode,399586.000,607295.000,3500,18000,,,,,,,Netherton,http://data.ordnancesurvey.co.uk/id/4000000074556054,http://www.ordnancesurvey.co.uk/xml/codelists/localtype.xml#village,,,,Northumberland,http://data.ordnancesurvey.co.uk/id/7000000000043674,http://data.ordnancesurvey.co.uk/ontology/admingeo/UnitaryAuthority,North East,http://data.ordnancesurvey.co.uk/id/7000000000041422,England,http://data.ordnancesurvey.co.uk/id/country/england,,,
NE657DH,http://data.ordnancesurvey.co.uk/id/postcodeunit/NE657DH,NE65 7DH,,,,other,Postcode,393701.000,604639.000,3500,18000,,,,,,,Harbottle,http://data.ordnancesurvey.co.uk/id/4000000074556053,http://www.ordnancesurvey.co.uk/xml/codelists/localtype.xml#village,,,,Northumberland,http://data.ordnancesurvey.co.uk/id/7000000000043674,http://data.ordnancesurvey.co.uk/ontology/admingeo/UnitaryAuthority,North East,http://data.ordnancesurvey.co.uk/id/7000000000041422,England,http://data.ordnancesurvey.co.uk/id/country/england,,,
NE657AY,http://data.ordnancesurvey.co.uk/id/postcodeunit/NE657AY,NE65 7AY,,,,other,Postcode,392097.000,601115.000,3500,18000,,,,,,,,,,,,,Northumberland,http://data.ordnancesurvey.co.uk/id/7000000000043674,http://data.ordnancesurvey.co.uk/ontology/admingeo/UnitaryAuthority,North East,http://data.ordnancesurvey.co.uk/id/7000000000041422,England,http://data.ordnancesurvey.co.uk/id/country/england,,,
NE191RF,http://data.ordnancesurvey.co.uk/id/postcodeunit/NE191RF,NE19 1RF,,,,other,Postcode,382584.000,600562.000,3500,18000,,,,,,,,,,,,,Northumberland,http://data.ordnancesurvey.co.uk/id/7000000000043674,http://data.ordnancesurvey.co.uk/ontology/admingeo/UnitaryAuthority,North East,http://data.ordnancesurvey.co.uk/id/7000000000041422,England,http://data.ordnancesurvey.co.uk/id/country/england,,,
NE657DF,http://data.ordnancesurvey.co.uk/id/postcodeunit/NE657DF,NE65 7DF,,,,other,Postcode,393540.000,604643.000,3500,18000,,,,,,,Harbottle,http://data.ordnancesurvey.co.uk/id/4000000074556053,http://www.ordnancesurvey.co.uk/xml/codelists/localtype.xml#village,,,,Northumberland,http://data.ordnancesurvey.co.uk/id/7000000000043674,http://data.ordnancesurvey.co.uk/ontology/admingeo/UnitaryAuthority,North East,http://data.ordnancesurvey.co.uk/id/7000000000041422,England,http://data.ordnancesurvey.co.uk/id/country/england,,,
NE657DN,http://data.ordnancesurvey.co.uk/id/postcodeunit/NE657DN,NE65 7DN,,,,other,Postcode,396262.000,605572.000,3500,18000,,,,,,,,,,,,,Northumberland,http://data.ordnancesurvey.co.uk/id/7000000000043674,http://data.ordnancesurvey.co.uk/ontology/admingeo/UnitaryAuthority,North East,http://data.ordnancesurvey.co.uk/id/7000000000041422,England,http://data.ordnancesurvey.co.uk/id/country/england,,,
NE657DS,http://data.ordnancesurvey.co.uk/id/postcodeunit/NE657DS,NE65 7DS,,,,other,Postcode,395149.000,608233.000,3500,18000,,,,,,,Biddlestone,http://data.ordnancesurvey.co.uk/id/4000000074556055,http://www.ordnancesurvey.co.uk/xml/codelists/localtype.xml#hamlet,,,,Northumberland,http://data.ordnancesurvey.co.uk/id/7000000000043674,http://data.ordnancesurvey.co.uk/ontology/admingeo/UnitaryAuthority,North East,http://data.ordnancesurvey.co.uk/id/7000000000041422,England,http://data.ordnancesurvey.co.uk/id/country/england,,,
NE657HF,http://data.ordnancesurvey.co.uk/id/postcodeunit/NE657HF,NE65 7HF,,,,other,Postcode,398101.000,606083.000,3500,18000,,,,,,,Burradon,http://data.ordnancesurvey.co.uk/id/4000000074555666,http://www.ordnancesurvey.co.uk/xml/codelists/localtype.xml#hamlet,,,,Northumberland,http://data.ordnancesurvey.co.uk/id/7000000000043674,http://data.ordnancesurvey.co.uk/ontology/admingeo/UnitaryAuthority,North East,http://data.ordnancesurvey.co.uk/id/7000000000041422,England,http://data.ordnancesurvey.co.uk/id/country/england,,,
NE657DT,http://data.ordnancesurvey.co.uk/id/postcodeunit/NE657DT,NE65 7DT,,,,other,Postcode,395947.000,608299.000,3500,18000,,,,,,,Biddlestone,http://data.ordnancesurvey.co.uk/id/4000000074556055,http://www.ordnancesurvey.co.uk/xml/codelists/localtype.xml#hamlet,,,,Northumberland,http://data.ordnancesurvey.co.uk/id/7000000000043674,http://data.ordnancesurvey.co.uk/ontology/admingeo/UnitaryAuthority,North East,http://data.ordnancesurvey.co.uk/id/7000000000041422,England,http://data.ordnancesurvey.co.uk/id/country/england,,,
NE657DJ,http://data.ordnancesurvey.co.uk/id/postcodeunit/NE657DJ,NE65 7DJ,,,,other,Postcode,394678.000,605358.000,3500,18000,,,,,,,,,,,,,Northumberland,http://data.ordnancesurvey.co.uk/id/7000000000043674,http://data.ordnancesurvey.co.uk/ontology/admingeo/UnitaryAuthority,North East,http://data.ordnancesurvey.co.uk/id/7000000000041422,England,http://data.ordnancesurvey.co.uk/id/country/england,,,
NE657BU,http://data.ordnancesurvey.co.uk/id/postcodeunit/NE657BU,NE65 7BU,,,,other,Postcode,388560.000,614443.000,3500,18000,,,,,,,,,,,,,Northumberland,http://data.ordnancesurvey.co.uk/id/7000000000043674,http://data.ordnancesurvey.co.uk/ontology/admingeo/UnitaryAuthority,North East,http://data.ordnancesurvey.co.uk/id/7000000000041422,England,http://data.ordnancesurvey.co.uk/id/country/england,,,
NE664NA,http://data.ordnancesurvey.co.uk/id/postcodeunit/NE664NA,NE66 4NA,,,,other,Postcode,397154.000,615366.000,3500,18000,,,,,,,,,,,,,Northumberland,http://data.ordnancesurvey.co.uk/id/7000000000043674,http://data.ordnancesurvey.co.uk/ontology/admingeo/UnitaryAuthority,North East,http://data.ordnancesurvey.co.uk/id/7000000000041422,England,http://data.ordnancesurvey.co.uk/id/country/england,,,
NE657DL,http://data.ordnancesurvey.co.uk/id/postcodeunit/NE657DL,NE65 7DL,,,,other,Postcode,394174.000,604816.000,3500,18000,,,,,,,,,,,,,Northumberland,http://data.ordnancesurvey.co.uk/id/7000000000043674,http://data.ordnancesurvey.co.uk/ontology/admingeo/UnitaryAuthority,North East,http://data.ordnancesurvey.co.uk/id/7000000000041422,England,http://data.ordnancesurvey.co.uk/id/country/england,,,
NE657BX,http://data.ordnancesurvey.co.uk/id/postcodeunit/NE657BX,NE65 7BX,,,,other,Postcode,381797.000,610147.000,3500,18000,,,,,,,,,,,,,Northumberland,http://data.ordnancesurvey.co.uk/id/7000000000043674,http://data.ordnancesurvey.co.uk/ontology/admingeo/UnitaryAuthority,North East,http://data.ordnancesurvey.co.uk/id/7000000000041422,England,http://data.ordnancesurvey.co.uk/id/country/england,,,
NE664UF,http://data.ordnancesurvey.co.uk/id/postcodeunit/NE664UF,NE66 4UF,,,,other,Postcode,396106.000,613483.000,3500,18000,,,,,,,,,,,,,Northumberland,http://data.ordnancesurvey.co.uk/id/7000000000043674,http://data.ordnancesurvey.co.uk/ontology/admingeo/UnitaryAuthority,North East,http://data.ordnancesurvey.co.uk/id/7000000000041422,England,http://data.ordnancesurvey.co.uk/id/country/england,,,
NE657AA,http://data.ordnancesurvey.co.uk/id/postcodeunit/NE657AA,NE65 7AA,,,,other,Postcode,393946.000,604167.000,3500,18000,,,,,,,,,,,,,Northumberland,http://data.ordnancesurvey.co.uk/id/7000000000043674,http://data.ordnancesurvey.co.uk/ontology/admingeo/UnitaryAuthority,North East,http://data.ordnancesurvey.co.uk/id/7000000000041422,England,http://data.ordnancesurvey.co.uk/id/country/england,,,
NE657BQ,http://data.ordnancesurvey.co.uk/id/postcodeunit/NE657BQ,NE65 7BQ,,,,other,Postcode,392047.000,606327.000,3500,18000,,,,,,,Alwinton,http://data.ordnancesurvey.co.uk/id/4000000074556058,http://www.ordnancesurvey.co.uk/xml/codelists/localtype.xml#hamlet,,,,Northumberland,http://data.ordnancesurvey.co.uk/id/7000000000043674,http://data.ordnancesurvey.co.uk/ontology/admingeo/UnitaryAuthority,North East,http://data.ordnancesurvey.co.uk/id/7000000000041422,England,http://data.ordnancesurvey.co.uk/id/country/england,,,
NE657EZ,http://data.ordnancesurvey.co.uk/id/postcodeunit/NE657EZ,NE65 7EZ,,,,other,Postcode,398938.000,607590.000,3500,18000,,,,,,,Netherton,http://data.ordnancesurvey.co.uk/id/4000000074556054,http://www.ordnancesurvey.co.uk/xml/codelists/localtype.xml#village,,,,Northumberland,http://data.ordnancesurvey.co.uk/id/7000000000043674,http://data.ordnancesurvey.co.uk/ontology/admingeo/UnitaryAuthority,North East,http://data.ordnancesurvey.co.uk/id/7000000000041422,England,http://data.ordnancesurvey.co.uk/id/country/england,,,
NE657BE,http://data.ordnancesurvey.co.uk/id/postcodeunit/NE657BE,NE65 7BE,,,,other,Postcode,392342.000,605707.000,3500,18000,,,,,,,,,,,,,Northumberland,http://data.ordnancesurvey.co.uk/id/7000000000043674,http://data.ordnancesurvey.co.uk/ontology/admingeo/UnitaryAuthority,North East,http://data.ordnancesurvey.co.uk/id/7000000000041422,England,http://data.ordnancesurvey.co.uk/id/country/england,,,
NE657AX,http://data.ordnancesurvey.co.uk/id/postcodeunit/NE657AX,NE65 7AX,,,,other,Postcode,394703.000,602525.000,3500,18000,,,,,,,,,,,,,Northumberland,http://data.ordnancesurvey.co.uk/id/7000000000043674,http://data.ordnancesurvey.co.uk/ontology/admingeo/UnitaryAuthority,North East,http://data.ordnancesurvey.co.uk/id/7000000000041422,England,http://data.ordnancesurvey.co.uk/id/country/england,,,
NE657AJ,http://data.ordnancesurvey.co.uk/id/postcodeunit/NE657AJ,NE65 7AJ,,,,other,Postcode,395435.000,602702.000,3500,18000,,,,,,,Holystone,http://data.ordnancesurvey.co.uk/id/4000000074555665,http://www.ordnancesurvey.co.uk/xml/codelists/localtype.xml#hamlet,,,,Northumberland,http://data.ordnancesurvey.co.uk/id/7000000000043674,http://data.ordnancesurvey.co.uk/ontology/admingeo/UnitaryAuthority,North East,http://data.ordnancesurvey.co.uk/id/7000000000041422,England,http://data.ordnancesurvey.co.uk/id/country/england,,,
NE657BL,http://data.ordnancesurvey.co.uk/id/postcodeunit/NE657BL,NE65 7BL,,,,other,Postcode,389032.000,606278.000,3500,18000,,,,,,,,,,,,,Northumberland,http://data.ordnancesurvey.co.uk/id/7000000000043674,http://data.ordnancesurvey.co.uk/ontology/admingeo/UnitaryAuthority,North East,http://data.ordnancesurvey.co.uk/id/7000000000041422,England,http://data.ordnancesurvey.co.uk/id/country/england,,,
NE657HH,http://data.ordnancesurvey.co.uk/id/postcodeunit/NE657HH,NE65 7HH,,,,other,Postcode,396437.000,606837.000,3500,18000,,,,,,,,,,,,,Northumberland,http://data.ordnancesurvey.co.uk/id/7000000000043674,http://data.ordnancesurvey.co.uk/ontology/admingeo/UnitaryAuthority,North East,http://data.ordnancesurvey.co.uk/id/7000000000041422,England,http://data.ordnancesurvey.co.uk/id/country/england,,,
NE657HG,http://data.ordnancesurvey.co.uk/id/postcodeunit/NE657HG,NE65 7HG,,,,other,Postcode,397962.000,605720.000,3500,18000,,,,,,,,,,,,,Northumberland,http://data.ordnancesurvey.co.uk/id/7000000000043674,http://data.ordnancesurvey.co.uk/ontology/admingeo/UnitaryAuthority,North East,http://data.ordnancesurvey.co.uk/id/7000000000041422,England,http://data.ordnancesurvey.co.uk/id/country/england,,,
NE657HJ,http://data.ordnancesurvey.co.uk/id/postcodeunit/NE657HJ,NE65 7HJ,,,,other,Postcode,397380.000,607531.000,3500,18000,,,,,,,,,,,,,Northumberland,http://data.ordnancesurvey.co.uk/id/7000000000043674,http://data.ordnancesurvey.co.uk/ontology/admingeo/UnitaryAuthority,North East,http://data.ordnancesurvey.co.uk/id/7000000000041422,England,http://data.ordnancesurvey.co.uk/id/country/england,,,
NE657HL,http://data.ordnancesurvey.co.uk/id/postcodeunit/NE657HL,NE65 7HL,,,,other,Postcode,397379.000,607529.000,3500,18000,,,,,,,,,,,,,Northumberland,http://data.ordnancesurvey.co.uk/id/7000000000043674,http://data.ordnancesurvey.co.uk/ontology/admingeo/UnitaryAuthority,North East,http://data.ordnancesurvey.co.uk/id/7000000000041422,England,http://data.ordnancesurvey.co.uk/id/country/england,,,
NE664UE,http://data.ordnancesurvey.co.uk/id/postcodeunit/NE664UE,NE66 4UE,,,,other,Postcode,398303.000,610967.000,3500,18000,,,,,,,,,,,,,Northumberland,http://data.ordnancesurvey.co.uk/id/7000000000043674,http://data.ordnancesurvey.co.uk/ontology/admingeo/UnitaryAuthority,North East,http://data.ordnancesurvey.co.uk/id/7000000000041422,England,http://data.ordnancesurvey.co.uk/id/country/england,,,
NE657DX,http://data.ordnancesurvey.co.uk/id/postcodeunit/NE657DX,NE65 7DX,,,,other,Postcode,396690.000,608483.000,3500,18000,,,,,,,Biddlestone,http://data.ordnancesurvey.co.uk/id/4000000074556055,http://www.ordnancesurvey.co.uk/xml/codelists/localtype.xml#hamlet,,,,Northumberland,http://data.ordnancesurvey.co.uk/id/7000000000043674,http://data.ordnancesurvey.co.uk/ontology/admingeo/UnitaryAuthority,North East,http://data.ordnancesurvey.co.uk/id/7000000000041422,England,http://data.ordnancesurvey.co.uk/id/country/england,,,
NE657AD,http://data.ordnancesurvey.co.uk/id/postcodeunit/NE657AD,NE65 7AD,,,,other,Postcode,395197.000,603717.000,3500,18000,,,,,,,,,,,,,Northumberland,http://data.ordnancesurvey.co.uk/id/7000000000043674,http://data.ordnancesurvey.co.uk/ontology/admingeo/UnitaryAuthority,North East,http://data.ordnancesurvey.co.uk/id/7000000000041422,England,http://data.ordnancesurvey.co.uk/id/country/england,,,
NE664LY,http://data.ordnancesurvey.co.uk/id/postcodeunit/NE664LY,NE66 4LY,,,,other,Postcode,398389.000,616323.000,3500,18000,,,,,,,,,,,,,Northumberland,http://data.ordnancesurvey.co.uk/id/7000000000043674,http://data.ordnancesurvey.co.uk/ontology/admingeo/UnitaryAuthority,North East,http://data.ordnancesurvey.co.uk/id/7000000000041422,England,http://data.ordnancesurvey.co.uk/id/country/england,,,
NE657LG,http://data.ordnancesurvey.co.uk/id/postcodeunit/NE657LG,NE65 7LG,,,,other,Postcode,399629.000,601313.000,3500,18000,,,,,,,,,,,,,Northumberland,http://data.ordnancesurvey.co.uk/id/7000000000043674,http://data.ordnancesurvey.co.uk/ontology/admingeo/UnitaryAuthority,North East,http://data.ordnancesurvey.co.uk/id/7000000000041422,England,http://data.ordnancesurvey.co.uk/id/country/england,,,
NE657HE,http://data.ordnancesurvey.co.uk/id/postcodeunit/NE657HE,NE65 7HE,,,,other,Postcode,398690.000,607700.000,3500,18000,,,,,,,Netherton,http://data.ordnancesurvey.co.uk/id/4000000074556054,http://www.ordnancesurvey.co.uk/xml/codelists/localtype.xml#village,,,,Northumberland,http://data.ordnancesurvey.co.uk/id/7000000000043674,http://data.ordnancesurvey.co.uk/ontology/admingeo/UnitaryAuthority,North East,http://data.ordnancesurvey.co.uk/id/7000000000041422,England,http://data.ordnancesurvey.co.uk/id/country/england,,,
NE657HN,http://data.ordnancesurvey.co.uk/id/postcodeunit/NE657HN,NE65 7HN,,,,other,Postcode,397790.000,608501.000,3500,18000,,,,,,,,,,,,,Northumberland,http://data.ordnancesurvey.co.uk/id/7000000000043674,http://data.ordnancesurvey.co.uk/ontology/admingeo/UnitaryAuthority,North East,http://data.ordnancesurvey.co.uk/id/7000000000041422,England,http://data.ordnancesurvey.co.uk/id/country/england,,,
NE657EP,http://data.ordnancesurvey.co.uk/id/postcodeunit/NE657EP,NE65 7EP,,,,other,Postcode,399922.000,604818.000,3500,18000,,,,,,,,,,,,,Northumberland,http://data.ordnancesurvey.co.uk/id/7000000000043674,http://data.ordnancesurvey.co.uk/ontology/admingeo/UnitaryAuthority,North East,http://data.ordnancesurvey.co.uk/id/7000000000041422,England,http://data.ordnancesurvey.co.uk/id/country/england,,,
NE664UG,http://data.ordnancesurvey.co.uk/id/postcodeunit/NE664UG,NE66 4UG,,,,other,Postcode,398091.000,610116.000,3500,18000,,,,,,,,,,,,,Northumberland,http://data.ordnancesurvey.co.uk/id/7000000000043674,http://data.ordnancesurvey.co.uk/ontology/admingeo/UnitaryAuthority,North East,http://data.ordnancesurvey.co.uk/id/7000000000041422,England,http://data.ordnancesurvey.co.uk/id/country/england,,,
NE657AE,http://data.ordnancesurvey.co.uk/id/postcodeunit/NE657AE,NE65 7AE,,,,other,Postcode,395761.000,603910.000,3500,18000,,,,,,,Sharperton,http://data.ordnancesurvey.co.uk/id/4000000074555667,http://www.ordnancesurvey.co.uk/xml/codelists/localtype.xml#hamlet,,,,Northumberland,http://data.ordnancesurvey.co.uk/id/7000000000043674,http://data.ordnancesurvey.co.uk/ontology/admingeo/UnitaryAuthority,North East,http://data.ordnancesurvey.co.uk/id/7000000000041422,England,http://data.ordnancesurvey.co.uk/id/country/england,,,
NE657HB,http://data.ordnancesurvey.co.uk/id/postcodeunit/NE657HB,NE65 7HB,,,,other,Postcode,398889.000,607701.000,3500,18000,,,,,,,Netherton,http://data.ordnancesurvey.co.uk/id/4000000074556054,http://www.ordnancesurvey.co.uk/xml/codelists/localtype.xml#village,,,,Northumberland,http://data.ordnancesurvey.co.uk/id/7000000000043674,http://data.ordnancesurvey.co.uk/ontology/admingeo/UnitaryAuthority,North East,http://data.ordnancesurvey.co.uk/id/7000000000041422,England,http://data.ordnancesurvey.co.uk/id/country/england,,,
NE657HS,http://data.ordnancesurvey.co.uk/id/postcodeunit/NE657HS,NE65 7HS,,,,other,Postcode,398675.000,607764.000,3500,18000,,,,,,,Netherton,http://data.ordnancesurvey.co.uk/id/4000000074556054,http://www.ordnancesurvey.co.uk/xml/codelists/localtype.xml#village,,,,Northumberland,http://data.ordnancesurvey.co.uk/id/7000000000043674,http://data.ordnancesurvey.co.uk/ontology/admingeo/UnitaryAuthority,North East,http://data.ordnancesurvey.co.uk/id/7000000000041422,England,http://data.ordnancesurvey.co.uk/id/country/england,,,
NE657BD,http://data.ordnancesurvey.co.uk/id/postcodeunit/NE657BD,NE65 7BD,,,,other,Postcode,392709.000,605434.000,3500,18000,,,,,,,,,,,,,Northumberland,http://data.ordnancesurvey.co.uk/id/7000000000043674,http://data.ordnancesurvey.co.uk/ontology/admingeo/UnitaryAuthority,North East,http://data.ordnancesurvey.co.uk/id/7000000000041422,England,http://data.ordnancesurvey.co.uk/id/country/england,,,
NE657LL,http://data.ordnancesurvey.co.uk/id/postcodeunit/NE657LL,NE65 7LL,,,,other,Postcode,398143.000,600379.000,3500,18000,,,,,,,Hepple,http://data.ordnancesurvey.co.uk/id/4000000074555663,http://www.ordnancesurvey.co.uk/xml/codelists/localtype.xml#hamlet,,,,Northumberland,http://data.ordnancesurvey.co.uk/id/7000000000043674,http://data.ordnancesurvey.co.uk/ontology/admingeo/UnitaryAuthority,North East,http://data.ordnancesurvey.co.uk/id/7000000000041422,England,http://data.ordnancesurvey.co.uk/id/country/england,,,
NE657XX,http://data.ordnancesurvey.co.uk/id/postcodeunit/NE657XX,NE65 7XX,,,,other,Postcode,398989.000,607662.000,3500,18000,,,,,,,Netherton,http://data.ordnancesurvey.co.uk/id/4000000074556054,http://www.ordnancesurvey.co.uk/xml/codelists/localtype.xml#village,,,,Northumberland,http://data.ordnancesurvey.co.uk/id/7000000000043674,http://data.ordnancesurvey.co.uk/ontology/admingeo/UnitaryAuthority,North East,http://data.ordnancesurvey.co.uk/id/7000000000041422,England,http://data.ordnancesurvey.co.uk/id/country/england,,,
NE657BG,http://data.ordnancesurvey.co.uk/id/postcodeunit/NE657BG,NE65 7BG,,,,other,Postcode,392834.000,607203.000,3500,18000,,,,,,,,,,,,,Northumberland,http://data.ordnancesurvey.co.uk/id/7000000000043674,http://data.ordnancesurvey.co.uk/ontology/admingeo/UnitaryAuthority,North East,http://data.ordnancesurvey.co.uk/id/7000000000041422,England,http://data.ordnancesurvey.co.uk/id/country/england,,,
NE657BZ,http://data.ordnancesurvey.co.uk/id/postcodeunit/NE657BZ,NE65 7BZ,,,,other,Postcode,388189.000,610099.000,3500,18000,,,,,,,,,,,,,Northumberland,http://data.ordnancesurvey.co.uk/id/7000000000043674,http://data.ordnancesurvey.co.uk/ontology/admingeo/UnitaryAuthority,North East,http://data.ordnancesurvey.co.uk/id/7000000000041422,England,http://data.ordnancesurvey.co.uk/id/country/england,,,
NE657BP,http://data.ordnancesurvey.co.uk/id/postcodeunit/NE657BP,NE65 7BP,,,,other,Postcode,386697.000,610716.000,3500,18000,,,,,,,,,,,,,Northumberland,http://data.ordnancesurvey.co.uk/id/7000000000043674,http://data.ordnancesurvey.co.uk/ontology/admingeo/UnitaryAuthority,North East,http://data.ordnancesurvey.co.uk/id/7000000000041422,England,http://data.ordnancesurvey.co.uk/id/country/england,,,
NE657DR,http://data.ordnancesurvey.co.uk/id/postcodeunit/NE657DR,NE65 7DR,,,,other,Postcode,394448.000,607863.000,3500,18000,,,,,,,,,,,,,Northumberland,http://data.ordnancesurvey.co.uk/id/7000000000043674,http://data.ordnancesurvey.co.uk/ontology/admingeo/UnitaryAuthority,North East,http://data.ordnancesurvey.co.uk/id/7000000000041422,England,http://data.ordnancesurvey.co.uk/id/country/england,,,
NE657AL,http://data.ordnancesurvey.co.uk/id/postcodeunit/NE657AL,NE65 7AL,,,,other,Postcode,396134.000,601382.000,3500,18000,,,,,,,,,,,,,Northumberland,http://data.ordnancesurvey.co.uk/id/7000000000043674,http://data.ordnancesurvey.co.uk/ontology/admingeo/UnitaryAuthority,North East,http://data.ordnancesurvey.co.uk/id/7000000000041422,England,http://data.ordnancesurvey.co.uk/id/country/england,,,
NE191HP,http://data.ordnancesurvey.co.uk/id/postcodeunit/NE191HP,NE19 1HP,,,,other,Postcode,386934.000,600150.000,3500,18000,,,,,,,,,,,,,Northumberland,http://data.ordnancesurvey.co.uk/id/7000000000043674,http://data.ordnancesurvey.co.uk/ontology/admingeo/UnitaryAuthority,North East,http://data.ordnancesurvey.co.uk/id/7000000000041422,England,http://data.ordnancesurvey.co.uk/id/country/england,,,
NE657DD,http://data.ordnancesurvey.co.uk/id/postcodeunit/NE657DD,NE65 7DD,,,,other,Postcode,383010.000,610897.000,3500,18000,,,,,,,,,,,,,Northumberland,http://data.ordnancesurvey.co.uk/id/7000000000043674,http://data.ordnancesurvey.co.uk/ontology/admingeo/UnitaryAuthority,North East,http://data.ordnancesurvey.co.uk/id/7000000000041422,England,http://data.ordnancesurvey.co.uk/id/country/england,,,
NE664LZ,http://data.ordnancesurvey.co.uk/id/postcodeunit/NE664LZ,NE66 4LZ,,,,other,Postcode,396355.000,616222.000,3500,18000,,,,,,,Linhope,http://data.ordnancesurvey.co.uk/id/4000000074556421,http://www.ordnancesurvey.co.uk/xml/codelists/localtype.xml#hamlet,,,,Northumberland,http://data.ordnancesurvey.co.uk/id/7000000000043674,http://data.ordnancesurvey.co.uk/ontology/admingeo/UnitaryAuthority,North East,http://data.ordnancesurvey.co.uk/id/7000000000041422,England,http://data.ordnancesurvey.co.uk/id/country/england,,,
NE657BJ,http://data.ordnancesurvey.co.uk/id/postcodeunit/NE657BJ,NE65 7BJ,,,,other,Postcode,389177.000,606291.000,3500,18000,,,,,,,,,,,,,Northumberland,http://data.ordnancesurvey.co.uk/id/7000000000043674,http://data.ordnancesurvey.co.uk/ontology/admingeo/UnitaryAuthority,North East,http://data.ordnancesurvey.co.uk/id/7000000000041422,England,http://data.ordnancesurvey.co.uk/id/country/england,,,
NE657DA,http://data.ordnancesurvey.co.uk/id/postcodeunit/NE657DA,NE65 7DA,,,,other,Postcode,391169.000,609843.000,3500,18000,,,,,,,,,,,,,Northumberland,http://data.ordnancesurvey.co.uk/id/7000000000043674,http://data.ordnancesurvey.co.uk/ontology/admingeo/UnitaryAuthority,North East,http://data.ordnancesurvey.co.uk/id/7000000000041422,England,http://data.ordnancesurvey.co.uk/id/country/england,,,
NE657BH,http://data.ordnancesurvey.co.uk/id/postcodeunit/NE657BH,NE65 7BH,,,,other,Postcode,391339.000,606332.000,3500,18000,,,,,,,,,,,,,Northumberland,http://data.ordnancesurvey.co.uk/id/7000000000043674,http://data.ordnancesurvey.co.uk/ontology/admingeo/UnitaryAuthority,North East,http://data.ordnancesurvey.co.uk/id/7000000000041422,England,http://data.ordnancesurvey.co.uk/id/country/england,,,
NE657DG,http://data.ordnancesurvey.co.uk/id/postcodeunit/NE657DG,NE65 7DG,,,,other,Postcode,393384.000,604707.000,3500,18000,,,,,,,Harbottle,http://data.ordnancesurvey.co.uk/id/4000000074556053,http://www.ordnancesurvey.co.uk/xml/codelists/localtype.xml#village,,,,Northumberland,http://data.ordnancesurvey.co.uk/id/7000000000043674,http://data.ordnancesurvey.co.uk/ontology/admingeo/UnitaryAuthority,North East,http://data.ordnancesurvey.co.uk/id/7000000000041422,England,http://data.ordnancesurvey.co.uk/id/country/england,,,
TD58QA,http://data.ordnancesurvey.co.uk/id/postcodeunit/TD58QA,TD5 8QA,,,,other,Postcode,385442.000,618579.000,3500,18000,,,,,,,,,,,,,Scottish Borders,http://data.ordnancesurvey.co.uk/id/7000000000036552,http://data.ordnancesurvey.co.uk/ontology/admingeo/UnitaryAuthority,Scotland,http://data.ordnancesurvey.co.uk/id/7000000000041429,Scotland,http://data.ordnancesurvey.co.uk/id/country/scotland,,,
NE657AQ,http://data.ordnancesurvey.co.uk/id/postcodeunit/NE657AQ,NE65 7AQ,,,,other,Postcode,397154.000,602271.000,3500,18000,,,,,,,,,,,,,Northumberland,http://data.ordnancesurvey.co.uk/id/7000000000043674,http://data.ordnancesurvey.co.uk/ontology/admingeo/UnitaryAuthority,North East,http://data.ordnancesurvey.co.uk/id/7000000000041422,England,http://data.ordnancesurvey.co.uk/id/country/england,,,
NE657DZ,http://data.ordnancesurvey.co.uk/id/postcodeunit/NE657DZ,NE65 7DZ,,,,other,Postcode,393537.000,609536.000,3500,18000,,,,,,,,,,,,,Northumberland,http://data.ordnancesurvey.co.uk/id/7000000000043674,http://data.ordnancesurvey.co.uk/ontology/admingeo/UnitaryAuthority,North East,http://data.ordnancesurvey.co.uk/id/7000000000041422,England,http://data.ordnancesurvey.co.uk/id/country/england,,,
NE657LW,http://data.ordnancesurvey.co.uk/id/postcodeunit/NE657LW,NE65 7LW,,,,other,Postcode,399536.000,600196.000,3500,18000,,,,,,,,,,,,,Northumberland,http://data.ordnancesurvey.co.uk/id/7000000000043674,http://data.ordnancesurvey.co.uk/ontology/admingeo/UnitaryAuthority,North East,http://data.ordnancesurvey.co.uk/id/7000000000041422,England,http://data.ordnancesurvey.co.uk/id/country/england,,,
NE657EA,http://data.ordnancesurvey.co.uk/id/postcodeunit/NE657EA,NE65 7EA,,,,other,Postcode,393582.000,604618.000,3500,18000,,,,,,,Harbottle,http://data.ordnancesurvey.co.uk/id/4000000074556053,http://www.ordnancesurvey.co.uk/xml/codelists/localtype.xml#village,,,,Northumberland,http://data.ordnancesurvey.co.uk/id/7000000000043674,http://data.ordnancesurvey.co.uk/ontology/admingeo/UnitaryAuthority,North East,http://data.ordnancesurvey.co.uk/id/7000000000041422,England,http://data.ordnancesurvey.co.uk/id/country/england,,,
NE657BW,http://data.ordnancesurvey.co.uk/id/postcodeunit/NE657BW,NE65 7BW,,,,other,Postcode,386530.000,608337.000,3500,18000,,,,,,,,,,,,,Northumberland,http://data.ordnancesurvey.co.uk/id/7000000000043674,http://data.ordnancesurvey.co.uk/ontology/admingeo/UnitaryAuthority,North East,http://data.ordnancesurvey.co.uk/id/7000000000041422,England,http://data.ordnancesurvey.co.uk/id/country/england,,,
NE657LF,http://data.ordnancesurvey.co.uk/id/postcodeunit/NE657LF,NE65 7LF,,,,other,Postcode,399861.000,602490.000,3500,18000,,,,,,,Flotterton,http://data.ordnancesurvey.co.uk/id/4000000074555664,http://www.ordnancesurvey.co.uk/xml/codelists/localtype.xml#hamlet,,,,Northumberland,http://data.ordnancesurvey.co.uk/id/7000000000043674,http://data.ordnancesurvey.co.uk/ontology/admingeo/UnitaryAuthority,North East,http://data.ordnancesurvey.co.uk/id/7000000000041422,England,http://data.ordnancesurvey.co.uk/id/country/england,,,
NE657AF,http://data.ordnancesurvey.co.uk/id/postcodeunit/NE657AF,NE65 7AF,,,,other,Postcode,395896.000,604852.000,3500,18000,,,,,,,,,,,,,Northumberland,http://data.ordnancesurvey.co.uk/id/7000000000043674,http://data.ordnancesurvey.co.uk/ontology/admingeo/UnitaryAuthority,North East,http://data.ordnancesurvey.co.uk/id/7000000000041422,England,http://data.ordnancesurvey.co.uk/id/country/england,,,
NE657DQ,http://data.ordnancesurvey.co.uk/id/postcodeunit/NE657DQ,NE65 7DQ,,,,other,Postcode,393393.000,604675.000,3500,18000,,,,,,,Harbottle,http://data.ordnancesurvey.co.uk/id/4000000074556053,http://www.ordnancesurvey.co.uk/xml/codelists/localtype.xml#village,,,,Northumberland,http://data.ordnancesurvey.co.uk/id/7000000000043674,http://data.ordnancesurvey.co.uk/ontology/admingeo/UnitaryAuthority,North East,http://data.ordnancesurvey.co.uk/id/7000000000041422,England,http://data.ordnancesurvey.co.uk/id/country/england,,,
NE657LQ,http://data.ordnancesurvey.co.uk/id/postcodeunit/NE657LQ,NE65 7LQ,,,,other,Postcode,398723.000,600652.000,3500,18000,,,,,,,Hepple,http://data.ordnancesurvey.co.uk/id/4000000074555663,http://www.ordnancesurvey.co.uk/xml/codelists/localtype.xml#hamlet,,,,Northumberland,http://data.ordnancesurvey.co.uk/id/7000000000043674,http://data.ordnancesurvey.co.uk/ontology/admingeo/UnitaryAuthority,North East,http://data.ordnancesurvey.co.uk/id/7000000000041422,England,http://data.ordnancesurvey.co.uk/id/country/england,,,
NE664TN,http://data.ordnancesurvey.co.uk/id/postcodeunit/NE664TN,NE66 4TN,,,,other,Postcode,399508.000,610729.000,3500,18000,,,,,,,,,,,,,Northumberland,http://data.ordnancesurvey.co.uk/id/7000000000043674,http://data.ordnancesurvey.co.uk/ontology/admingeo/UnitaryAuthority,North East,http://data.ordnancesurvey.co.uk/id/7000000000041422,England,http://data.ordnancesurvey.co.uk/id/country/england,,,
NE657AH,http://data.ordnancesurvey.co.uk/id/postcodeunit/NE657AH,NE65 7AH,,,,other,Postcode,397099.000,603445.000,3500,18000,,,,,,,,,,,,,Northumberland,http://data.ordnancesurvey.co.uk/id/7000000000043674,http://data.ordnancesurvey.co.uk/ontology/admingeo/UnitaryAuthority,North East,http://data.ordnancesurvey.co.uk/id/7000000000041422,England,http://data.ordnancesurvey.co.uk/id/country/england,,,
NE657HD,http://data.ordnancesurvey.co.uk/id/postcodeunit/NE657HD,NE65 7HD,,,,other,Postcode,398767.000,607692.000,3500,18000,,,,,,,Netherton,http://data.ordnancesurvey.co.uk/id/4000000074556054,http://www.ordnancesurvey.co.uk/xml/codelists/localtype.xml#village,,,,Northumberland,http://data.ordnancesurvey.co.uk/id/7000000000043674,http://data.ordnancesurvey.co.uk/ontology/admingeo/UnitaryAuthority,North East,http://data.ordnancesurvey.co.uk/id/7000000000041422,England,http://data.ordnancesurvey.co.uk/id/country/england,,,
NE657LJ,http://data.ordnancesurvey.co.uk/id/postcodeunit/NE657LJ,NE65 7LJ,,,,other,Postcode,397895.000,600659.000,3500,18000,,,,,,,Hepple,http://data.ordnancesurvey.co.uk/id/4000000074555663,http://www.ordnancesurvey.co.uk/xml/codelists/localtype.xml#hamlet,,,,Northumberland,http://data.ordnancesurvey.co.uk/id/7000000000043674,http://data.ordnancesurvey.co.uk/ontology/admingeo/UnitaryAuthority,North East,http://data.ordnancesurvey.co.uk/id/7000000000041422,England,http://data.ordnancesurvey.co.uk/id/country/england,,,
NE657LE,http://data.ordnancesurvey.co.uk/id/postcodeunit/NE657LE,NE65 7LE,,,,other,Postcode,399032.000,603268.000,3500,18000,,,,,,,,,,,,,Northumberland,http://data.ordnancesurvey.co.uk/id/7000000000043674,http://data.ordnancesurvey.co.uk/ontology/admingeo/UnitaryAuthority,North East,http://data.ordnancesurvey.co.uk/id/7000000000041422,England,http://data.ordnancesurvey.co.uk/id/country/england,,,
NE664JL,http://data.ordnancesurvey.co.uk/id/postcodeunit/NE664JL,NE66 4JL,,,,other,Postcode,399231.000,619833.000,3500,18000,,,,,,,,,,,,,Northumberland,http://data.ordnancesurvey.co.uk/id/7000000000043674,http://data.ordnancesurvey.co.uk/ontology/admingeo/UnitaryAuthority,North East,http://data.ordnancesurvey.co.uk/id/7000000000041422,England,http://data.ordnancesurvey.co.uk/id/country/england,,,
NE657AN,http://data.ordnancesurvey.co.uk/id/postcodeunit/NE657AN,NE65 7AN,,,,other,Postcode,396636.000,600372.000,3500,18000,,,,,,,,,,,,,Northumberland,http://data.ordnancesurvey.co.uk/id/7000000000043674,http://data.ordnancesurvey.co.uk/ontology/admingeo/UnitaryAuthority,North East,http://data.ordnancesurvey.co.uk/id/7000000000041422,England,http://data.ordnancesurvey.co.uk/id/country/england,,,
NE657AG,http://data.ordnancesurvey.co.uk/id/postcodeunit/NE657AG,NE65 7AG,,,,other,Postcode,396772.000,604051.000,3500,18000,,,,,,,,,,,,,Northumberland,http://data.ordnancesurvey.co.uk/id/7000000000043674,http://data.ordnancesurvey.co.uk/ontology/admingeo/UnitaryAuthority,North East,http://data.ordnancesurvey.co.uk/id/7000000000041422,England,http://data.ordnancesurvey.co.uk/id/country/england,,,
NE657DP,http://data.ordnancesurvey.co.uk/id/postcodeunit/NE657DP,NE65 7DP,,,,other,Postcode,394395.000,606996.000,3500,18000,,,,,,,,,,,,,Northumberland,http://data.ordnancesurvey.co.uk/id/7000000000043674,http://data.ordnancesurvey.co.uk/ontology/admingeo/UnitaryAuthority,North East,http://data.ordnancesurvey.co.uk/id/7000000000041422,England,http://data.ordnancesurvey.co.uk/id/country/england,,,
NE664TJ,http://data.ordnancesurvey.co.uk/id/postcodeunit/NE664TJ,NE66 4TJ,,,,other,Postcode,399728.000,611017.000,3500,18000,,,,,,,Alnham,http://data.ordnancesurvey.co.uk/id/4000000074556057,http://www.ordnancesurvey.co.uk/xml/codelists/localtype.xml#hamlet,,,,Northumberland,http://data.ordnancesurvey.co.uk/id/7000000000043674,http://data.ordnancesurvey.co.uk/ontology/admingeo/UnitaryAuthority,North East,http://data.ordnancesurvey.co.uk/id/7000000000041422,England,http://data.ordnancesurvey.co.uk/id/country/england,,,
NE657DY,http://data.ordnancesurvey.co.uk/id/postcodeunit/NE657DY,NE65 7DY,,,,other,Postcode,395062.000,608486.000,3500,18000,,,,,,,,,,,,,Northumberland,http://data.ordnancesurvey.co.uk/id/7000000000043674,http://data.ordnancesurvey.co.uk/ontology/admingeo/UnitaryAuthority,North East,http://data.ordnancesurvey.co.uk/id/7000000000041422,England,http://data.ordnancesurvey.co.uk/id/country/england,,,
NE664TL,http://data.ordnancesurvey.co.uk/id/postcodeunit/NE664TL,NE66 4TL,,,,other,Postcode,399084.000,610989.000,3500,18000,,,,,,,Alnham,http://data.ordnancesurvey.co.uk/id/4000000074556057,http://www.ordnancesurvey.co.uk/xml/codelists/localtype.xml#hamlet,,,,Northumberland,http://data.ordnancesurvey.co.uk/id/7000000000043674,http://data.ordnancesurvey.co.uk/ontology/admingeo/UnitaryAuthority,North East,http://data.ordnancesurvey.co.uk/id/7000000000041422,England,http://data.ordnancesurvey.co.uk/id/country/england,,,
NE657DW,http://data.ordnancesurvey.co.uk/id/postcodeunit/NE657DW,NE65 7DW,,,,other,Postcode,395626.000,607108.000,3500,18000,,,,,,,,,,,,,Northumberland,http://data.ordnancesurvey.co.uk/id/7000000000043674,http://data.ordnancesurvey.co.uk/ontology/admingeo/UnitaryAuthority,North East,http://data.ordnancesurvey.co.uk/id/7000000000041422,England,http://data.ordnancesurvey.co.uk/id/country/england,,,
NE657BN,http://data.ordnancesurvey.co.uk/id/postcodeunit/NE657BN,NE65 7BN,,,,other,Postcode,388469.000,607787.000,3500,18000,,,,,,,,,,,,,Northumberland,http://data.ordnancesurvey.co.uk/id/7000000000043674,http://data.ordnancesurvey.co.uk/ontology/admingeo/UnitaryAuthority,North East,http://data.ordnancesurvey.co.uk/id/7000000000041422,England,http://data.ordnancesurvey.co.uk/id/country/england,,,
NE664NZ,http://data.ordnancesurvey.co.uk/id/postcodeunit/NE664NZ,NE66 4NZ,,,,other,Postcode,392672.000,615748.000,3500,18000,,,,,,,,,,,,,Northumberland,http://data.ordnancesurvey.co.uk/id/7000000000043674,http://data.ordnancesurvey.co.uk/ontology/admingeo/UnitaryAuthority,North East,http://data.ordnancesurvey.co.uk/id/7000000000041422,England,http://data.ordnancesurvey.co.uk/id/country/england,,,
NE657HA,http://data.ordnancesurvey.co.uk/id/postcodeunit/NE657HA,NE65 7HA,,,,other,Postcode,399162.000,607918.000,3500,18000,,,,,,,Netherton,http://data.ordnancesurvey.co.uk/id/4000000074556054,http://www.ordnancesurvey.co.uk/xml/codelists/localtype.xml#village,,,,Northumberland,http://data.ordnancesurvey.co.uk/id/7000000000043674,http://data.ordnancesurvey.co.uk/ontology/admingeo/UnitaryAuthority,North East,http://data.ordnancesurvey.co.uk/id/7000000000041422,England,http://data.ordnancesurvey.co.uk/id/country/england,,,
NE657BT,http://data.ordnancesurvey.co.uk/id/postcodeunit/NE657BT,NE65 7BT,,,,other,Postcode,385458.000,612531.000,3500,18000,,,,,,,,,,,,,Northumberland,http://data.ordnancesurvey.co.uk/id/7000000000043674,http://data.ordnancesurvey.co.uk/ontology/admingeo/UnitaryAuthority,North East,http://data.ordnancesurvey.co.uk/id/7000000000041422,England,http://data.ordnancesurvey.co.uk/id/country/england,,,
NE657BB,http://data.ordnancesurvey.co.uk/id/postcodeunit/NE657BB,NE65 7BB,,,,other,Postcode,392811.000,604788.000,3500,18000,,,,,,,Harbottle,http://data.ordnancesurvey.co.uk/id/4000000074556053,http://www.ordnancesurvey.co.uk/xml/codelists/localtype.xml#village,,,,Northumberland,http://data.ordnancesurvey.co.uk/id/7000000000043674,http://data.ordnancesurvey.co.uk/ontology/admingeo/UnitaryAuthority,North East,http://data.ordnancesurvey.co.uk/id/7000000000041422,England,http://data.ordnancesurvey.co.uk/id/country/england,,,
NE657AB,http://data.ordnancesurvey.co.uk/id/postcodeunit/NE657AB,NE65 7AB,,,,other,Postcode,394058.000,604230.000,3500,18000,,,,,,,,,,,,,Northumberland,http://data.ordnancesurvey.co.uk/id/7000000000043674,http://data.ordnancesurvey.co.uk/ontology/admingeo/UnitaryAuthority,North East,http://data.ordnancesurvey.co.uk/id/7000000000041422,England,http://data.ordnancesurvey.co.uk/id/country/england,,,
ad7b988d-70a4-4051-9b6b-34b3b1ed4b65,http://data.ordnancesurvey.co.uk/id/ad7b988d-70a4-4051-9b6b-34b3b1ed4b65,Richardson Lane,,,,transportNetwork,Section Of Named Road,393596.000,604644.000,1000,25000,393566.000,604570.213,393596.000,604677.000,NE65,http://data.ordnancesurvey.co.uk/id/postcodedistrict/NE65,Harbottle,http://data.ordnancesurvey.co.uk/id/4000000074556053,http://www.ordnancesurvey.co.uk/xml/codelists/localtype.xml#village,,,,Northumberland,http://data.ordnancesurvey.co.uk/id/7000000000043674,http://data.ordnancesurvey.co.uk/ontology/admingeo/UnitaryAuthority,North East,http://data.ordnancesurvey.co.uk/id/7000000000041422,England,http://data.ordnancesurvey.co.uk/id/country/england,osgb4000000006302323,,
osgb4000000006295144,http://data.ordnancesurvey.co.uk/id/4000000006295144,Bellshiel Road,,,,transportNetwork,Named Road,381166.462,600975.207,20000,29000,380966.000,598928.000,382151.832,603462.000,NE19,http://data.ordnancesurvey.co.uk/id/postcodedistrict/NE19,,,,,,,Northumberland,http://data.ordnancesurvey.co.uk/id/7000000000043674,http://data.ordnancesurvey.co.uk/ontology/admingeo/UnitaryAuthority,North East,http://data.ordnancesurvey.co.uk/id/7000000000041422,England,http://data.ordnancesurvey.co.uk/id/country/england,,,
osgb4000000006295146,http://data.ordnancesurvey.co.uk/id/4000000006295146,Kyloe Road,,,,transportNetwork,Named Road,383021.000,604292.000,17000,20000,381859.000,603205.000,384458.000,604331.000,NE19,http://data.ordnancesurvey.co.uk/id/postcodedistrict/NE19,,,,,,,Northumberland,http://data.ordnancesurvey.co.uk/id/7000000000043674,http://data.ordnancesurvey.co.uk/ontology/admingeo/UnitaryAuthority,North East,http://data.ordnancesurvey.co.uk/id/7000000000041422,England,http://data.ordnancesurvey.co.uk/id/country/england,,,
osgb4000000006295148,http://data.ordnancesurvey.co.uk/id/4000000006295148,Tofthouse Road,,,,transportNetwork,Named Road,385117.000,602733.000,15000,20000,384128.000,601235.000,386374.000,603205.000,NE19,http://data.ordnancesurvey.co.uk/id/postcodedistrict/NE19,,,,,,,Northumberland,http://data.ordnancesurvey.co.uk/id/7000000000043674,http://data.ordnancesurvey.co.uk/ontology/admingeo/UnitaryAuthority,North East,http://data.ordnancesurvey.co.uk/id/7000000000041422,England,http://data.ordnancesurvey.co.uk/id/country/england,,,
osgb4000000006295145,http://data.ordnancesurvey.co.uk/id/4000000006295145,Bushman's Road,,,,transportNetwork,Named Road,382847.000,601985.000,18000,20000,382299.000,600480.000,384128.000,603205.000,NE19,http://data.ordnancesurvey.co.uk/id/postcodedistrict/NE19,,,,,,,Northumberland,http://data.ordnancesurvey.co.uk/id/7000000000043674,http://data.ordnancesurvey.co.uk/ontology/admingeo/UnitaryAuthority,North East,http://data.ordnancesurvey.co.uk/id/7000000000041422,England,http://data.ordnancesurvey.co.uk/id/country/england,,,
osgb4000000006295489,http://data.ordnancesurvey.co.uk/id/4000000006295489,Salters Road,,,,transportNetwork,Named Road,393005.000,615566.000,5000,20000,392608.932,615326.507,393427.503,615766.638,NE66,http://data.ordnancesurvey.co.uk/id/postcodedistrict/NE66,,,,,,,Northumberland,http://data.ordnancesurvey.co.uk/id/7000000000043674,http://data.ordnancesurvey.co.uk/ontology/admingeo/UnitaryAuthority,North East,http://data.ordnancesurvey.co.uk/id/7000000000041422,England,http://data.ordnancesurvey.co.uk/id/country/england,,,
osgb4000000006295413,http://data.ordnancesurvey.co.uk/id/4000000006295413,Greenside Bank,,,,transportNetwork,Named Road,398936.638,602360.030,11000,20000,398042.932,602250.696,399806.000,602948.921,NE65,http://data.ordnancesurvey.co.uk/id/postcodedistrict/NE65,,,,,,,Northumberland,http://data.ordnancesurvey.co.uk/id/7000000000043674,http://data.ordnancesurvey.co.uk/ontology/admingeo/UnitaryAuthority,North East,http://data.ordnancesurvey.co.uk/id/7000000000041422,England,http://data.ordnancesurvey.co.uk/id/country/england,,,
osgb4000000006302324,http://data.ordnancesurvey.co.uk/id/4000000006302324,Harden View,,,,transportNetwork,Named Road,398706.000,607735.000,1000,20000,398683.000,607685.800,398707.300,607777.000,NE65,http://data.ordnancesurvey.co.uk/id/postcodedistrict/NE65,Netherton,http://data.ordnancesurvey.co.uk/id/4000000074556054,http://www.ordnancesurvey.co.uk/xml/codelists/localtype.xml#village,,,,Northumberland,http://data.ordnancesurvey.co.uk/id/7000000000043674,http://data.ordnancesurvey.co.uk/ontology/admingeo/UnitaryAuthority,North East,http://data.ordnancesurvey.co.uk/id/7000000000041422,England,http://data.ordnancesurvey.co.uk/id/country/england,,,
osgb4000000006295147,http://data.ordnancesurvey.co.uk/id/4000000006295147,Jock's Knowe Road,,,,transportNetwork,Named Road,385731.000,603701.000,9000,20000,385437.000,603017.000,385912.000,604440.658,NE19,http://data.ordnancesurvey.co.uk/id/postcodedistrict/NE19,,,,,,,Northumberland,http://data.ordnancesurvey.co.uk/id/7000000000043674,http://data.ordnancesurvey.co.uk/ontology/admingeo/UnitaryAuthority,North East,http://data.ordnancesurvey.co.uk/id/7000000000041422,England,http://data.ordnancesurvey.co.uk/id/country/england,,,
NE664TP,http://data.ordnancesurvey.co.uk/id/postcodeunit/NE664TP,NE66 4TP,,,,other,Postcode,399200.000,609372.000,3500,18000,,,,,,,Scrainwood,http://data.ordnancesurvey.co.uk/id/4000000074556056,http://www.ordnancesurvey.co.uk/xml/codelists/localtype.xml#hamlet,,,,Northumberland,http://data.ordnancesurvey.co.uk/id/7000000000043674,http://data.ordnancesurvey.co.uk/ontology/admingeo/UnitaryAuthority,North East,http://data.ordnancesurvey.co.uk/id/7000000000041422,England,http://data.ordnancesurvey.co.uk/id/country/england,,,
osgb4000000006302323,http://data.ordnancesurvey.co.uk/id/4000000006302323,Richardson Lane,,,,transportNetwork,Named Road,393596.000,604644.000,1000,20000,393566.000,604568.000,393596.000,604677.000,NE65,http://data.ordnancesurvey.co.uk/id/postcodedistrict/NE65,Harbottle,http://data.ordnancesurvey.co.uk/id/4000000074556053,http://www.ordnancesurvey.co.uk/xml/codelists/localtype.xml#village,,,,Northumberland,http://data.ordnancesurvey.co.uk/id/7000000000043674,http://data.ordnancesurvey.co.uk/ontology/admingeo/UnitaryAuthority,North East,http://data.ordnancesurvey.co.uk/id/7000000000041422,England,http://data.ordnancesurvey.co.uk/id/country/england,,,
1c95d4a8-a4f4-4929-9571-5413af364aaa,http://data.ordnancesurvey.co.uk/id/1c95d4a8-a4f4-4929-9571-5413af364aaa,Greenside Bank,,,,transportNetwork,Section Of Named Road,399783.607,602451.156,1000,25000,399763.827,602445.000,399806.000,602451.156,NE65,http://data.ordnancesurvey.co.uk/id/postcodedistrict/NE65,Flotterton,http://data.ordnancesurvey.co.uk/id/4000000074555664,http://www.ordnancesurvey.co.uk/xml/codelists/localtype.xml#hamlet,,,,Northumberland,http://data.ordnancesurvey.co.uk/id/7000000000043674,http://data.ordnancesurvey.co.uk/ontology/admingeo/UnitaryAuthority,North East,http://data.ordnancesurvey.co.uk/id/7000000000041422,England,http://data.ordnancesurvey.co.uk/id/country/england,osgb4000000006295413,,
