﻿osgb4000000074564118,http://data.ordnancesurvey.co.uk/id/4000000074564118,Pinmore,,,,populatedPlace,Hamlet,220362.430,592064.160,5000,25000,220113.555,591761.123,220613.555,592261.123,KA26,http://data.ordnancesurvey.co.uk/id/postcodedistrict/KA26,,,,,,,South Ayrshire,http://data.ordnancesurvey.co.uk/id/7000000000043391,http://data.ordnancesurvey.co.uk/ontology/admingeo/UnitaryAuthority,Scotland,http://data.ordnancesurvey.co.uk/id/7000000000041429,Scotland,http://data.ordnancesurvey.co.uk/id/country/scotland,,,http://sws.geonames.org/2640276
osgb4000000074563474,http://data.ordnancesurvey.co.uk/id/4000000074563474,Barr,,,,populatedPlace,Village,227472.000,594047.000,6000,250000,227071.692,593560.024,227952.668,594500.995,KA26,http://data.ordnancesurvey.co.uk/id/postcodedistrict/KA26,,,,,,,South Ayrshire,http://data.ordnancesurvey.co.uk/id/7000000000043391,http://data.ordnancesurvey.co.uk/ontology/admingeo/UnitaryAuthority,Scotland,http://data.ordnancesurvey.co.uk/id/7000000000041429,Scotland,http://data.ordnancesurvey.co.uk/id/country/scotland,,"http://dbpedia.org/resource/Barr,_Ayrshire",http://sws.geonames.org/2656269
osgb4000000074563472,http://data.ordnancesurvey.co.uk/id/4000000074563472,Knockytoul,,,,populatedPlace,Other Settlement,227625.000,580909.000,15000,25000,226588.234,580120.352,228306.736,581432.656,KA26,http://data.ordnancesurvey.co.uk/id/postcodedistrict/KA26,,,,,,,South Ayrshire,http://data.ordnancesurvey.co.uk/id/7000000000043391,http://data.ordnancesurvey.co.uk/ontology/admingeo/UnitaryAuthority,Scotland,http://data.ordnancesurvey.co.uk/id/7000000000041429,Scotland,http://data.ordnancesurvey.co.uk/id/country/scotland,,,
osgb4000000074563475,http://data.ordnancesurvey.co.uk/id/4000000074563475,Barrhill,,,,populatedPlace,Village,223195.000,582206.000,10000,250000,222607.378,581369.864,224208.512,582845.411,KA26,http://data.ordnancesurvey.co.uk/id/postcodedistrict/KA26,,,,,,,South Ayrshire,http://data.ordnancesurvey.co.uk/id/7000000000043391,http://data.ordnancesurvey.co.uk/ontology/admingeo/UnitaryAuthority,Scotland,http://data.ordnancesurvey.co.uk/id/7000000000041429,Scotland,http://data.ordnancesurvey.co.uk/id/country/scotland,,"http://dbpedia.org/resource/Barrhill,_South_Ayrshire",http://sws.geonames.org/2656257
osgb4000000074564120,http://data.ordnancesurvey.co.uk/id/4000000074564120,Old Dailly,,,,populatedPlace,Hamlet,222601.590,599318.580,5000,25000,222340.147,599116.407,222840.147,599616.407,KA26,http://data.ordnancesurvey.co.uk/id/postcodedistrict/KA26,,,,,,,South Ayrshire,http://data.ordnancesurvey.co.uk/id/7000000000043391,http://data.ordnancesurvey.co.uk/ontology/admingeo/UnitaryAuthority,Scotland,http://data.ordnancesurvey.co.uk/id/7000000000041429,Scotland,http://data.ordnancesurvey.co.uk/id/country/scotland,,http://dbpedia.org/resource/Old_Dailly,
KA260TS,http://data.ordnancesurvey.co.uk/id/postcodeunit/KA260TS,KA26 0TS,,,,other,Postcode,220898.000,594208.000,3500,18000,,,,,,,,,,,,,South Ayrshire,http://data.ordnancesurvey.co.uk/id/7000000000043391,http://data.ordnancesurvey.co.uk/ontology/admingeo/UnitaryAuthority,Scotland,http://data.ordnancesurvey.co.uk/id/7000000000041429,Scotland,http://data.ordnancesurvey.co.uk/id/country/scotland,,,
KA260TR,http://data.ordnancesurvey.co.uk/id/postcodeunit/KA260TR,KA26 0TR,,,,other,Postcode,220607.000,592628.000,3500,18000,,,,,,,,,,,,,South Ayrshire,http://data.ordnancesurvey.co.uk/id/7000000000043391,http://data.ordnancesurvey.co.uk/ontology/admingeo/UnitaryAuthority,Scotland,http://data.ordnancesurvey.co.uk/id/7000000000041429,Scotland,http://data.ordnancesurvey.co.uk/id/country/scotland,,,
KA260PZ,http://data.ordnancesurvey.co.uk/id/postcodeunit/KA260PZ,KA26 0PZ,,,,other,Postcode,221856.000,583322.000,3500,18000,,,,,,,,,,,,,South Ayrshire,http://data.ordnancesurvey.co.uk/id/7000000000043391,http://data.ordnancesurvey.co.uk/ontology/admingeo/UnitaryAuthority,Scotland,http://data.ordnancesurvey.co.uk/id/7000000000041429,Scotland,http://data.ordnancesurvey.co.uk/id/country/scotland,,,
KA260TA,http://data.ordnancesurvey.co.uk/id/postcodeunit/KA260TA,KA26 0TA,,,,other,Postcode,220143.000,588736.000,3500,18000,,,,,,,,,,,,,South Ayrshire,http://data.ordnancesurvey.co.uk/id/7000000000043391,http://data.ordnancesurvey.co.uk/ontology/admingeo/UnitaryAuthority,Scotland,http://data.ordnancesurvey.co.uk/id/7000000000041429,Scotland,http://data.ordnancesurvey.co.uk/id/country/scotland,,,
KA269RB,http://data.ordnancesurvey.co.uk/id/postcodeunit/KA269RB,KA26 9RB,,,,other,Postcode,222479.000,599255.000,3500,18000,,,,,,,Old Dailly,http://data.ordnancesurvey.co.uk/id/4000000074564120,http://www.ordnancesurvey.co.uk/xml/codelists/localtype.xml#hamlet,,,,South Ayrshire,http://data.ordnancesurvey.co.uk/id/7000000000043391,http://data.ordnancesurvey.co.uk/ontology/admingeo/UnitaryAuthority,Scotland,http://data.ordnancesurvey.co.uk/id/7000000000041429,Scotland,http://data.ordnancesurvey.co.uk/id/country/scotland,,,
KA269TU,http://data.ordnancesurvey.co.uk/id/postcodeunit/KA269TU,KA26 9TU,,,,other,Postcode,227697.000,594244.000,3500,18000,,,,,,,Barr,http://data.ordnancesurvey.co.uk/id/4000000074563474,http://www.ordnancesurvey.co.uk/xml/codelists/localtype.xml#village,,,,South Ayrshire,http://data.ordnancesurvey.co.uk/id/7000000000043391,http://data.ordnancesurvey.co.uk/ontology/admingeo/UnitaryAuthority,Scotland,http://data.ordnancesurvey.co.uk/id/7000000000041429,Scotland,http://data.ordnancesurvey.co.uk/id/country/scotland,,,
KA260QP,http://data.ordnancesurvey.co.uk/id/postcodeunit/KA260QP,KA26 0QP,,,,other,Postcode,223474.000,582137.000,3500,18000,,,,,,,Barrhill,http://data.ordnancesurvey.co.uk/id/4000000074563475,http://www.ordnancesurvey.co.uk/xml/codelists/localtype.xml#village,,,,South Ayrshire,http://data.ordnancesurvey.co.uk/id/7000000000043391,http://data.ordnancesurvey.co.uk/ontology/admingeo/UnitaryAuthority,Scotland,http://data.ordnancesurvey.co.uk/id/7000000000041429,Scotland,http://data.ordnancesurvey.co.uk/id/country/scotland,,,
KA260PX,http://data.ordnancesurvey.co.uk/id/postcodeunit/KA260PX,KA26 0PX,,,,other,Postcode,223682.000,582681.000,3500,18000,,,,,,,Barrhill,http://data.ordnancesurvey.co.uk/id/4000000074563475,http://www.ordnancesurvey.co.uk/xml/codelists/localtype.xml#village,,,,South Ayrshire,http://data.ordnancesurvey.co.uk/id/7000000000043391,http://data.ordnancesurvey.co.uk/ontology/admingeo/UnitaryAuthority,Scotland,http://data.ordnancesurvey.co.uk/id/7000000000041429,Scotland,http://data.ordnancesurvey.co.uk/id/country/scotland,,,
KA269TX,http://data.ordnancesurvey.co.uk/id/postcodeunit/KA269TX,KA26 9TX,,,,other,Postcode,227555.000,594184.000,3500,18000,,,,,,,Barr,http://data.ordnancesurvey.co.uk/id/4000000074563474,http://www.ordnancesurvey.co.uk/xml/codelists/localtype.xml#village,,,,South Ayrshire,http://data.ordnancesurvey.co.uk/id/7000000000043391,http://data.ordnancesurvey.co.uk/ontology/admingeo/UnitaryAuthority,Scotland,http://data.ordnancesurvey.co.uk/id/7000000000041429,Scotland,http://data.ordnancesurvey.co.uk/id/country/scotland,,,
KA269TP,http://data.ordnancesurvey.co.uk/id/postcodeunit/KA269TP,KA26 9TP,,,,other,Postcode,227570.000,593984.000,3500,18000,,,,,,,Barr,http://data.ordnancesurvey.co.uk/id/4000000074563474,http://www.ordnancesurvey.co.uk/xml/codelists/localtype.xml#village,,,,South Ayrshire,http://data.ordnancesurvey.co.uk/id/7000000000043391,http://data.ordnancesurvey.co.uk/ontology/admingeo/UnitaryAuthority,Scotland,http://data.ordnancesurvey.co.uk/id/7000000000041429,Scotland,http://data.ordnancesurvey.co.uk/id/country/scotland,,,
KA269TR,http://data.ordnancesurvey.co.uk/id/postcodeunit/KA269TR,KA26 9TR,,,,other,Postcode,227418.000,593984.000,3500,18000,,,,,,,Barr,http://data.ordnancesurvey.co.uk/id/4000000074563474,http://www.ordnancesurvey.co.uk/xml/codelists/localtype.xml#village,,,,South Ayrshire,http://data.ordnancesurvey.co.uk/id/7000000000043391,http://data.ordnancesurvey.co.uk/ontology/admingeo/UnitaryAuthority,Scotland,http://data.ordnancesurvey.co.uk/id/7000000000041429,Scotland,http://data.ordnancesurvey.co.uk/id/country/scotland,,,
KA260TU,http://data.ordnancesurvey.co.uk/id/postcodeunit/KA260TU,KA26 0TU,,,,other,Postcode,223937.000,594202.000,3500,18000,,,,,,,,,,,,,South Ayrshire,http://data.ordnancesurvey.co.uk/id/7000000000043391,http://data.ordnancesurvey.co.uk/ontology/admingeo/UnitaryAuthority,Scotland,http://data.ordnancesurvey.co.uk/id/7000000000041429,Scotland,http://data.ordnancesurvey.co.uk/id/country/scotland,,,
KA269TH,http://data.ordnancesurvey.co.uk/id/postcodeunit/KA269TH,KA26 9TH,,,,other,Postcode,225337.000,597000.000,3500,18000,,,,,,,,,,,,,South Ayrshire,http://data.ordnancesurvey.co.uk/id/7000000000043391,http://data.ordnancesurvey.co.uk/ontology/admingeo/UnitaryAuthority,Scotland,http://data.ordnancesurvey.co.uk/id/7000000000041429,Scotland,http://data.ordnancesurvey.co.uk/id/country/scotland,,,
KA260TL,http://data.ordnancesurvey.co.uk/id/postcodeunit/KA260TL,KA26 0TL,,,,other,Postcode,227303.000,592142.000,3500,18000,,,,,,,,,,,,,South Ayrshire,http://data.ordnancesurvey.co.uk/id/7000000000043391,http://data.ordnancesurvey.co.uk/ontology/admingeo/UnitaryAuthority,Scotland,http://data.ordnancesurvey.co.uk/id/7000000000041429,Scotland,http://data.ordnancesurvey.co.uk/id/country/scotland,,,
KA197NS,http://data.ordnancesurvey.co.uk/id/postcodeunit/KA197NS,KA19 7NS,,,,other,Postcode,239815.000,599518.000,3500,18000,,,,,,,,,,,,,South Ayrshire,http://data.ordnancesurvey.co.uk/id/7000000000043391,http://data.ordnancesurvey.co.uk/ontology/admingeo/UnitaryAuthority,Scotland,http://data.ordnancesurvey.co.uk/id/7000000000041429,Scotland,http://data.ordnancesurvey.co.uk/id/country/scotland,,,
KA269RF,http://data.ordnancesurvey.co.uk/id/postcodeunit/KA269RF,KA26 9RF,,,,other,Postcode,223693.000,599828.000,3500,18000,,,,,,,,,,,,,South Ayrshire,http://data.ordnancesurvey.co.uk/id/7000000000043391,http://data.ordnancesurvey.co.uk/ontology/admingeo/UnitaryAuthority,Scotland,http://data.ordnancesurvey.co.uk/id/7000000000041429,Scotland,http://data.ordnancesurvey.co.uk/id/country/scotland,,,
KA260QX,http://data.ordnancesurvey.co.uk/id/postcodeunit/KA260QX,KA26 0QX,,,,other,Postcode,226024.000,580105.000,3500,18000,,,,,,,,,,,,,South Ayrshire,http://data.ordnancesurvey.co.uk/id/7000000000043391,http://data.ordnancesurvey.co.uk/ontology/admingeo/UnitaryAuthority,Scotland,http://data.ordnancesurvey.co.uk/id/7000000000041429,Scotland,http://data.ordnancesurvey.co.uk/id/country/scotland,,,
KA260TN,http://data.ordnancesurvey.co.uk/id/postcodeunit/KA260TN,KA26 0TN,,,,other,Postcode,220465.000,590591.000,3500,18000,,,,,,,,,,,,,South Ayrshire,http://data.ordnancesurvey.co.uk/id/7000000000043391,http://data.ordnancesurvey.co.uk/ontology/admingeo/UnitaryAuthority,Scotland,http://data.ordnancesurvey.co.uk/id/7000000000041429,Scotland,http://data.ordnancesurvey.co.uk/id/country/scotland,,,
KA260TG,http://data.ordnancesurvey.co.uk/id/postcodeunit/KA260TG,KA26 0TG,,,,other,Postcode,224625.000,592394.000,3500,18000,,,,,,,,,,,,,South Ayrshire,http://data.ordnancesurvey.co.uk/id/7000000000043391,http://data.ordnancesurvey.co.uk/ontology/admingeo/UnitaryAuthority,Scotland,http://data.ordnancesurvey.co.uk/id/7000000000041429,Scotland,http://data.ordnancesurvey.co.uk/id/country/scotland,,,
KA269RR,http://data.ordnancesurvey.co.uk/id/postcodeunit/KA269RR,KA26 9RR,,,,other,Postcode,229144.000,599343.000,3500,18000,,,,,,,,,,,,,South Ayrshire,http://data.ordnancesurvey.co.uk/id/7000000000043391,http://data.ordnancesurvey.co.uk/ontology/admingeo/UnitaryAuthority,Scotland,http://data.ordnancesurvey.co.uk/id/7000000000041429,Scotland,http://data.ordnancesurvey.co.uk/id/country/scotland,,,
KA269TS,http://data.ordnancesurvey.co.uk/id/postcodeunit/KA269TS,KA26 9TS,,,,other,Postcode,227473.000,594126.000,3500,18000,,,,,,,Barr,http://data.ordnancesurvey.co.uk/id/4000000074563474,http://www.ordnancesurvey.co.uk/xml/codelists/localtype.xml#village,,,,South Ayrshire,http://data.ordnancesurvey.co.uk/id/7000000000043391,http://data.ordnancesurvey.co.uk/ontology/admingeo/UnitaryAuthority,Scotland,http://data.ordnancesurvey.co.uk/id/7000000000041429,Scotland,http://data.ordnancesurvey.co.uk/id/country/scotland,,,
KA260QT,http://data.ordnancesurvey.co.uk/id/postcodeunit/KA260QT,KA26 0QT,,,,other,Postcode,223826.000,581538.000,3500,18000,,,,,,,Barrhill,http://data.ordnancesurvey.co.uk/id/4000000074563475,http://www.ordnancesurvey.co.uk/xml/codelists/localtype.xml#village,,,,South Ayrshire,http://data.ordnancesurvey.co.uk/id/7000000000043391,http://data.ordnancesurvey.co.uk/ontology/admingeo/UnitaryAuthority,Scotland,http://data.ordnancesurvey.co.uk/id/7000000000041429,Scotland,http://data.ordnancesurvey.co.uk/id/country/scotland,,,
KA260PS,http://data.ordnancesurvey.co.uk/id/postcodeunit/KA260PS,KA26 0PS,,,,other,Postcode,222752.000,583131.000,3500,18000,,,,,,,,,,,,,South Ayrshire,http://data.ordnancesurvey.co.uk/id/7000000000043391,http://data.ordnancesurvey.co.uk/ontology/admingeo/UnitaryAuthority,Scotland,http://data.ordnancesurvey.co.uk/id/7000000000041429,Scotland,http://data.ordnancesurvey.co.uk/id/country/scotland,,,
KA260TW,http://data.ordnancesurvey.co.uk/id/postcodeunit/KA260TW,KA26 0TW,,,,other,Postcode,220858.000,590389.000,3500,18000,,,,,,,,,,,,,South Ayrshire,http://data.ordnancesurvey.co.uk/id/7000000000043391,http://data.ordnancesurvey.co.uk/ontology/admingeo/UnitaryAuthority,Scotland,http://data.ordnancesurvey.co.uk/id/7000000000041429,Scotland,http://data.ordnancesurvey.co.uk/id/country/scotland,,,
DG86TB,http://data.ordnancesurvey.co.uk/id/postcodeunit/DG86TB,DG8 6TB,,,,other,Postcode,235445.000,589241.000,3500,18000,,,,,,,,,,,,,South Ayrshire,http://data.ordnancesurvey.co.uk/id/7000000000043391,http://data.ordnancesurvey.co.uk/ontology/admingeo/UnitaryAuthority,Scotland,http://data.ordnancesurvey.co.uk/id/7000000000041429,Scotland,http://data.ordnancesurvey.co.uk/id/country/scotland,,,
KA260SL,http://data.ordnancesurvey.co.uk/id/postcodeunit/KA260SL,KA26 0SL,,,,other,Postcode,220514.000,586301.000,3500,18000,,,,,,,,,,,,,South Ayrshire,http://data.ordnancesurvey.co.uk/id/7000000000043391,http://data.ordnancesurvey.co.uk/ontology/admingeo/UnitaryAuthority,Scotland,http://data.ordnancesurvey.co.uk/id/7000000000041429,Scotland,http://data.ordnancesurvey.co.uk/id/country/scotland,,,
KA260TD,http://data.ordnancesurvey.co.uk/id/postcodeunit/KA260TD,KA26 0TD,,,,other,Postcode,220604.000,590295.000,3500,18000,,,,,,,,,,,,,South Ayrshire,http://data.ordnancesurvey.co.uk/id/7000000000043391,http://data.ordnancesurvey.co.uk/ontology/admingeo/UnitaryAuthority,Scotland,http://data.ordnancesurvey.co.uk/id/7000000000041429,Scotland,http://data.ordnancesurvey.co.uk/id/country/scotland,,,
KA269TT,http://data.ordnancesurvey.co.uk/id/postcodeunit/KA269TT,KA26 9TT,,,,other,Postcode,227714.000,594027.000,3500,18000,,,,,,,Barr,http://data.ordnancesurvey.co.uk/id/4000000074563474,http://www.ordnancesurvey.co.uk/xml/codelists/localtype.xml#village,,,,South Ayrshire,http://data.ordnancesurvey.co.uk/id/7000000000043391,http://data.ordnancesurvey.co.uk/ontology/admingeo/UnitaryAuthority,Scotland,http://data.ordnancesurvey.co.uk/id/7000000000041429,Scotland,http://data.ordnancesurvey.co.uk/id/country/scotland,,,
KA260SW,http://data.ordnancesurvey.co.uk/id/postcodeunit/KA260SW,KA26 0SW,,,,other,Postcode,221380.000,585935.000,3500,18000,,,,,,,,,,,,,South Ayrshire,http://data.ordnancesurvey.co.uk/id/7000000000043391,http://data.ordnancesurvey.co.uk/ontology/admingeo/UnitaryAuthority,Scotland,http://data.ordnancesurvey.co.uk/id/7000000000041429,Scotland,http://data.ordnancesurvey.co.uk/id/country/scotland,,,
KA269PH,http://data.ordnancesurvey.co.uk/id/postcodeunit/KA269PH,KA26 9PH,,,,other,Postcode,220179.000,598395.000,3500,18000,,,,,,,,,,,,,South Ayrshire,http://data.ordnancesurvey.co.uk/id/7000000000043391,http://data.ordnancesurvey.co.uk/ontology/admingeo/UnitaryAuthority,Scotland,http://data.ordnancesurvey.co.uk/id/7000000000041429,Scotland,http://data.ordnancesurvey.co.uk/id/country/scotland,,,
KA269TQ,http://data.ordnancesurvey.co.uk/id/postcodeunit/KA269TQ,KA26 9TQ,,,,other,Postcode,223253.000,598624.000,3500,18000,,,,,,,,,,,,,South Ayrshire,http://data.ordnancesurvey.co.uk/id/7000000000043391,http://data.ordnancesurvey.co.uk/ontology/admingeo/UnitaryAuthority,Scotland,http://data.ordnancesurvey.co.uk/id/7000000000041429,Scotland,http://data.ordnancesurvey.co.uk/id/country/scotland,,,
KA260QS,http://data.ordnancesurvey.co.uk/id/postcodeunit/KA260QS,KA26 0QS,,,,other,Postcode,223649.000,582054.000,3500,18000,,,,,,,Barrhill,http://data.ordnancesurvey.co.uk/id/4000000074563475,http://www.ordnancesurvey.co.uk/xml/codelists/localtype.xml#village,,,,South Ayrshire,http://data.ordnancesurvey.co.uk/id/7000000000043391,http://data.ordnancesurvey.co.uk/ontology/admingeo/UnitaryAuthority,Scotland,http://data.ordnancesurvey.co.uk/id/7000000000041429,Scotland,http://data.ordnancesurvey.co.uk/id/country/scotland,,,
KA260PR,http://data.ordnancesurvey.co.uk/id/postcodeunit/KA260PR,KA26 0PR,,,,other,Postcode,223240.000,582219.000,3500,18000,,,,,,,Barrhill,http://data.ordnancesurvey.co.uk/id/4000000074563475,http://www.ordnancesurvey.co.uk/xml/codelists/localtype.xml#village,,,,South Ayrshire,http://data.ordnancesurvey.co.uk/id/7000000000043391,http://data.ordnancesurvey.co.uk/ontology/admingeo/UnitaryAuthority,Scotland,http://data.ordnancesurvey.co.uk/id/7000000000041429,Scotland,http://data.ordnancesurvey.co.uk/id/country/scotland,,,
KA260QR,http://data.ordnancesurvey.co.uk/id/postcodeunit/KA260QR,KA26 0QR,,,,other,Postcode,223569.000,582160.000,3500,18000,,,,,,,Barrhill,http://data.ordnancesurvey.co.uk/id/4000000074563475,http://www.ordnancesurvey.co.uk/xml/codelists/localtype.xml#village,,,,South Ayrshire,http://data.ordnancesurvey.co.uk/id/7000000000043391,http://data.ordnancesurvey.co.uk/ontology/admingeo/UnitaryAuthority,Scotland,http://data.ordnancesurvey.co.uk/id/7000000000041429,Scotland,http://data.ordnancesurvey.co.uk/id/country/scotland,,,
KA269PY,http://data.ordnancesurvey.co.uk/id/postcodeunit/KA269PY,KA26 9PY,,,,other,Postcode,220426.000,599810.000,3500,18000,,,,,,,,,,,,,South Ayrshire,http://data.ordnancesurvey.co.uk/id/7000000000043391,http://data.ordnancesurvey.co.uk/ontology/admingeo/UnitaryAuthority,Scotland,http://data.ordnancesurvey.co.uk/id/7000000000041429,Scotland,http://data.ordnancesurvey.co.uk/id/country/scotland,,,
KA260RE,http://data.ordnancesurvey.co.uk/id/postcodeunit/KA260RE,KA26 0RE,,,,other,Postcode,226228.000,581137.000,3500,18000,,,,,,,,,,,,,South Ayrshire,http://data.ordnancesurvey.co.uk/id/7000000000043391,http://data.ordnancesurvey.co.uk/ontology/admingeo/UnitaryAuthority,Scotland,http://data.ordnancesurvey.co.uk/id/7000000000041429,Scotland,http://data.ordnancesurvey.co.uk/id/country/scotland,,,
KA260TB,http://data.ordnancesurvey.co.uk/id/postcodeunit/KA260TB,KA26 0TB,,,,other,Postcode,220165.000,589619.000,3500,18000,,,,,,,,,,,,,South Ayrshire,http://data.ordnancesurvey.co.uk/id/7000000000043391,http://data.ordnancesurvey.co.uk/ontology/admingeo/UnitaryAuthority,Scotland,http://data.ordnancesurvey.co.uk/id/7000000000041429,Scotland,http://data.ordnancesurvey.co.uk/id/country/scotland,,,
KA269TW,http://data.ordnancesurvey.co.uk/id/postcodeunit/KA269TW,KA26 9TW,,,,other,Postcode,227597.000,594082.000,3500,18000,,,,,,,Barr,http://data.ordnancesurvey.co.uk/id/4000000074563474,http://www.ordnancesurvey.co.uk/xml/codelists/localtype.xml#village,,,,South Ayrshire,http://data.ordnancesurvey.co.uk/id/7000000000043391,http://data.ordnancesurvey.co.uk/ontology/admingeo/UnitaryAuthority,Scotland,http://data.ordnancesurvey.co.uk/id/7000000000041429,Scotland,http://data.ordnancesurvey.co.uk/id/country/scotland,,,
KA269UA,http://data.ordnancesurvey.co.uk/id/postcodeunit/KA269UA,KA26 9UA,,,,other,Postcode,232997.000,595720.000,3500,18000,,,,,,,,,,,,,South Ayrshire,http://data.ordnancesurvey.co.uk/id/7000000000043391,http://data.ordnancesurvey.co.uk/ontology/admingeo/UnitaryAuthority,Scotland,http://data.ordnancesurvey.co.uk/id/7000000000041429,Scotland,http://data.ordnancesurvey.co.uk/id/country/scotland,,,
KA260TX,http://data.ordnancesurvey.co.uk/id/postcodeunit/KA260TX,KA26 0TX,,,,other,Postcode,222746.000,596266.000,3500,18000,,,,,,,,,,,,,South Ayrshire,http://data.ordnancesurvey.co.uk/id/7000000000043391,http://data.ordnancesurvey.co.uk/ontology/admingeo/UnitaryAuthority,Scotland,http://data.ordnancesurvey.co.uk/id/7000000000041429,Scotland,http://data.ordnancesurvey.co.uk/id/country/scotland,,,
KA269TN,http://data.ordnancesurvey.co.uk/id/postcodeunit/KA269TN,KA26 9TN,,,,other,Postcode,228728.000,594105.000,3500,18000,,,,,,,,,,,,,South Ayrshire,http://data.ordnancesurvey.co.uk/id/7000000000043391,http://data.ordnancesurvey.co.uk/ontology/admingeo/UnitaryAuthority,Scotland,http://data.ordnancesurvey.co.uk/id/7000000000041429,Scotland,http://data.ordnancesurvey.co.uk/id/country/scotland,,,
KA269RA,http://data.ordnancesurvey.co.uk/id/postcodeunit/KA269RA,KA26 9RA,,,,other,Postcode,221428.000,598905.000,3500,18000,,,,,,,,,,,,,South Ayrshire,http://data.ordnancesurvey.co.uk/id/7000000000043391,http://data.ordnancesurvey.co.uk/ontology/admingeo/UnitaryAuthority,Scotland,http://data.ordnancesurvey.co.uk/id/7000000000041429,Scotland,http://data.ordnancesurvey.co.uk/id/country/scotland,,,
KA260QF,http://data.ordnancesurvey.co.uk/id/postcodeunit/KA260QF,KA26 0QF,,,,other,Postcode,222705.000,581557.000,3500,18000,,,,,,,,,,,,,South Ayrshire,http://data.ordnancesurvey.co.uk/id/7000000000043391,http://data.ordnancesurvey.co.uk/ontology/admingeo/UnitaryAuthority,Scotland,http://data.ordnancesurvey.co.uk/id/7000000000041429,Scotland,http://data.ordnancesurvey.co.uk/id/country/scotland,,,
KA269PZ,http://data.ordnancesurvey.co.uk/id/postcodeunit/KA269PZ,KA26 9PZ,,,,other,Postcode,221579.000,599771.000,3500,18000,,,,,,,,,,,,,South Ayrshire,http://data.ordnancesurvey.co.uk/id/7000000000043391,http://data.ordnancesurvey.co.uk/ontology/admingeo/UnitaryAuthority,Scotland,http://data.ordnancesurvey.co.uk/id/7000000000041429,Scotland,http://data.ordnancesurvey.co.uk/id/country/scotland,,,
KA260RF,http://data.ordnancesurvey.co.uk/id/postcodeunit/KA260RF,KA26 0RF,,,,other,Postcode,228245.000,580579.000,3500,18000,,,,,,,Knockytoul,http://data.ordnancesurvey.co.uk/id/4000000074563472,http://www.ordnancesurvey.co.uk/xml/codelists/localtype.xml#otherSettlement,,,,South Ayrshire,http://data.ordnancesurvey.co.uk/id/7000000000043391,http://data.ordnancesurvey.co.uk/ontology/admingeo/UnitaryAuthority,Scotland,http://data.ordnancesurvey.co.uk/id/7000000000041429,Scotland,http://data.ordnancesurvey.co.uk/id/country/scotland,,,
KA269TY,http://data.ordnancesurvey.co.uk/id/postcodeunit/KA269TY,KA26 9TY,,,,other,Postcode,229436.000,595749.000,3500,18000,,,,,,,,,,,,,South Ayrshire,http://data.ordnancesurvey.co.uk/id/7000000000043391,http://data.ordnancesurvey.co.uk/ontology/admingeo/UnitaryAuthority,Scotland,http://data.ordnancesurvey.co.uk/id/7000000000041429,Scotland,http://data.ordnancesurvey.co.uk/id/country/scotland,,,
KA260PP,http://data.ordnancesurvey.co.uk/id/postcodeunit/KA260PP,KA26 0PP,,,,other,Postcode,223289.000,582318.000,3500,18000,,,,,,,Barrhill,http://data.ordnancesurvey.co.uk/id/4000000074563475,http://www.ordnancesurvey.co.uk/xml/codelists/localtype.xml#village,,,,South Ayrshire,http://data.ordnancesurvey.co.uk/id/7000000000043391,http://data.ordnancesurvey.co.uk/ontology/admingeo/UnitaryAuthority,Scotland,http://data.ordnancesurvey.co.uk/id/7000000000041429,Scotland,http://data.ordnancesurvey.co.uk/id/country/scotland,,,
DG86TA,http://data.ordnancesurvey.co.uk/id/postcodeunit/DG86TA,DG8 6TA,,,,other,Postcode,237323.000,583239.000,3500,18000,,,,,,,,,,,,,Dumfries and Galloway,http://data.ordnancesurvey.co.uk/id/7000000000031903,http://data.ordnancesurvey.co.uk/ontology/admingeo/UnitaryAuthority,Scotland,http://data.ordnancesurvey.co.uk/id/7000000000041429,Scotland,http://data.ordnancesurvey.co.uk/id/country/scotland,,,
KA260TJ,http://data.ordnancesurvey.co.uk/id/postcodeunit/KA260TJ,KA26 0TJ,,,,other,Postcode,226042.000,592836.000,3500,18000,,,,,,,,,,,,,South Ayrshire,http://data.ordnancesurvey.co.uk/id/7000000000043391,http://data.ordnancesurvey.co.uk/ontology/admingeo/UnitaryAuthority,Scotland,http://data.ordnancesurvey.co.uk/id/7000000000041429,Scotland,http://data.ordnancesurvey.co.uk/id/country/scotland,,,
KA260TE,http://data.ordnancesurvey.co.uk/id/postcodeunit/KA260TE,KA26 0TE,,,,other,Postcode,223977.000,591403.000,3500,18000,,,,,,,,,,,,,South Ayrshire,http://data.ordnancesurvey.co.uk/id/7000000000043391,http://data.ordnancesurvey.co.uk/ontology/admingeo/UnitaryAuthority,Scotland,http://data.ordnancesurvey.co.uk/id/7000000000041429,Scotland,http://data.ordnancesurvey.co.uk/id/country/scotland,,,
KA260QD,http://data.ordnancesurvey.co.uk/id/postcodeunit/KA260QD,KA26 0QD,,,,other,Postcode,220038.000,585972.000,3500,18000,,,,,,,,,,,,,South Ayrshire,http://data.ordnancesurvey.co.uk/id/7000000000043391,http://data.ordnancesurvey.co.uk/ontology/admingeo/UnitaryAuthority,Scotland,http://data.ordnancesurvey.co.uk/id/7000000000041429,Scotland,http://data.ordnancesurvey.co.uk/id/country/scotland,,,
KA269RD,http://data.ordnancesurvey.co.uk/id/postcodeunit/KA269RD,KA26 9RD,,,,other,Postcode,222665.000,599503.000,3500,18000,,,,,,,Old Dailly,http://data.ordnancesurvey.co.uk/id/4000000074564120,http://www.ordnancesurvey.co.uk/xml/codelists/localtype.xml#hamlet,,,,South Ayrshire,http://data.ordnancesurvey.co.uk/id/7000000000043391,http://data.ordnancesurvey.co.uk/ontology/admingeo/UnitaryAuthority,Scotland,http://data.ordnancesurvey.co.uk/id/7000000000041429,Scotland,http://data.ordnancesurvey.co.uk/id/country/scotland,,,
KA260TT,http://data.ordnancesurvey.co.uk/id/postcodeunit/KA260TT,KA26 0TT,,,,other,Postcode,222834.000,594140.000,3500,18000,,,,,,,,,,,,,South Ayrshire,http://data.ordnancesurvey.co.uk/id/7000000000043391,http://data.ordnancesurvey.co.uk/ontology/admingeo/UnitaryAuthority,Scotland,http://data.ordnancesurvey.co.uk/id/7000000000041429,Scotland,http://data.ordnancesurvey.co.uk/id/country/scotland,,,
KA269TJ,http://data.ordnancesurvey.co.uk/id/postcodeunit/KA269TJ,KA26 9TJ,,,,other,Postcode,227203.000,593733.000,3500,18000,,,,,,,Barr,http://data.ordnancesurvey.co.uk/id/4000000074563474,http://www.ordnancesurvey.co.uk/xml/codelists/localtype.xml#village,,,,South Ayrshire,http://data.ordnancesurvey.co.uk/id/7000000000043391,http://data.ordnancesurvey.co.uk/ontology/admingeo/UnitaryAuthority,Scotland,http://data.ordnancesurvey.co.uk/id/7000000000041429,Scotland,http://data.ordnancesurvey.co.uk/id/country/scotland,,,
KA269TG,http://data.ordnancesurvey.co.uk/id/postcodeunit/KA269TG,KA26 9TG,,,,other,Postcode,223411.000,599066.000,3500,18000,,,,,,,,,,,,,South Ayrshire,http://data.ordnancesurvey.co.uk/id/7000000000043391,http://data.ordnancesurvey.co.uk/ontology/admingeo/UnitaryAuthority,Scotland,http://data.ordnancesurvey.co.uk/id/7000000000041429,Scotland,http://data.ordnancesurvey.co.uk/id/country/scotland,,,
KA269TZ,http://data.ordnancesurvey.co.uk/id/postcodeunit/KA269TZ,KA26 9TZ,,,,other,Postcode,235100.000,595315.000,3500,18000,,,,,,,,,,,,,South Ayrshire,http://data.ordnancesurvey.co.uk/id/7000000000043391,http://data.ordnancesurvey.co.uk/ontology/admingeo/UnitaryAuthority,Scotland,http://data.ordnancesurvey.co.uk/id/7000000000041429,Scotland,http://data.ordnancesurvey.co.uk/id/country/scotland,,,
KA260PU,http://data.ordnancesurvey.co.uk/id/postcodeunit/KA260PU,KA26 0PU,,,,other,Postcode,222799.000,583530.000,3500,18000,,,,,,,,,,,,,South Ayrshire,http://data.ordnancesurvey.co.uk/id/7000000000043391,http://data.ordnancesurvey.co.uk/ontology/admingeo/UnitaryAuthority,Scotland,http://data.ordnancesurvey.co.uk/id/7000000000041429,Scotland,http://data.ordnancesurvey.co.uk/id/country/scotland,,,
KA260SR,http://data.ordnancesurvey.co.uk/id/postcodeunit/KA260SR,KA26 0SR,,,,other,Postcode,229489.000,586233.000,3500,18000,,,,,,,,,,,,,South Ayrshire,http://data.ordnancesurvey.co.uk/id/7000000000043391,http://data.ordnancesurvey.co.uk/ontology/admingeo/UnitaryAuthority,Scotland,http://data.ordnancesurvey.co.uk/id/7000000000041429,Scotland,http://data.ordnancesurvey.co.uk/id/country/scotland,,,
KA269PT,http://data.ordnancesurvey.co.uk/id/postcodeunit/KA269PT,KA26 9PT,,,,other,Postcode,220046.000,599943.000,3500,18000,,,,,,,,,,,,,South Ayrshire,http://data.ordnancesurvey.co.uk/id/7000000000043391,http://data.ordnancesurvey.co.uk/ontology/admingeo/UnitaryAuthority,Scotland,http://data.ordnancesurvey.co.uk/id/7000000000041429,Scotland,http://data.ordnancesurvey.co.uk/id/country/scotland,,,
KA260HY,http://data.ordnancesurvey.co.uk/id/postcodeunit/KA260HY,KA26 0HY,,,,other,Postcode,220506.000,591892.000,3500,18000,,,,,,,,,,,,,South Ayrshire,http://data.ordnancesurvey.co.uk/id/7000000000043391,http://data.ordnancesurvey.co.uk/ontology/admingeo/UnitaryAuthority,Scotland,http://data.ordnancesurvey.co.uk/id/7000000000041429,Scotland,http://data.ordnancesurvey.co.uk/id/country/scotland,,,
KA260TF,http://data.ordnancesurvey.co.uk/id/postcodeunit/KA260TF,KA26 0TF,,,,other,Postcode,225406.000,591402.000,3500,18000,,,,,,,,,,,,,South Ayrshire,http://data.ordnancesurvey.co.uk/id/7000000000043391,http://data.ordnancesurvey.co.uk/ontology/admingeo/UnitaryAuthority,Scotland,http://data.ordnancesurvey.co.uk/id/7000000000041429,Scotland,http://data.ordnancesurvey.co.uk/id/country/scotland,,,
KA260SP,http://data.ordnancesurvey.co.uk/id/postcodeunit/KA260SP,KA26 0SP,,,,other,Postcode,223272.000,586889.000,3500,18000,,,,,,,,,,,,,South Ayrshire,http://data.ordnancesurvey.co.uk/id/7000000000043391,http://data.ordnancesurvey.co.uk/ontology/admingeo/UnitaryAuthority,Scotland,http://data.ordnancesurvey.co.uk/id/7000000000041429,Scotland,http://data.ordnancesurvey.co.uk/id/country/scotland,,,
KA260SN,http://data.ordnancesurvey.co.uk/id/postcodeunit/KA260SN,KA26 0SN,,,,other,Postcode,220803.000,585863.000,3500,18000,,,,,,,,,,,,,South Ayrshire,http://data.ordnancesurvey.co.uk/id/7000000000043391,http://data.ordnancesurvey.co.uk/ontology/admingeo/UnitaryAuthority,Scotland,http://data.ordnancesurvey.co.uk/id/7000000000041429,Scotland,http://data.ordnancesurvey.co.uk/id/country/scotland,,,
KA260TH,http://data.ordnancesurvey.co.uk/id/postcodeunit/KA260TH,KA26 0TH,,,,other,Postcode,225816.000,591893.000,3500,18000,,,,,,,,,,,,,South Ayrshire,http://data.ordnancesurvey.co.uk/id/7000000000043391,http://data.ordnancesurvey.co.uk/ontology/admingeo/UnitaryAuthority,Scotland,http://data.ordnancesurvey.co.uk/id/7000000000041429,Scotland,http://data.ordnancesurvey.co.uk/id/country/scotland,,,
KA269PJ,http://data.ordnancesurvey.co.uk/id/postcodeunit/KA269PJ,KA26 9PJ,,,,other,Postcode,220100.000,598862.000,3500,18000,,,,,,,,,,,,,South Ayrshire,http://data.ordnancesurvey.co.uk/id/7000000000043391,http://data.ordnancesurvey.co.uk/ontology/admingeo/UnitaryAuthority,Scotland,http://data.ordnancesurvey.co.uk/id/7000000000041429,Scotland,http://data.ordnancesurvey.co.uk/id/country/scotland,,,
KA260RD,http://data.ordnancesurvey.co.uk/id/postcodeunit/KA260RD,KA26 0RD,,,,other,Postcode,227690.000,583278.000,3500,18000,,,,,,,,,,,,,South Ayrshire,http://data.ordnancesurvey.co.uk/id/7000000000043391,http://data.ordnancesurvey.co.uk/ontology/admingeo/UnitaryAuthority,Scotland,http://data.ordnancesurvey.co.uk/id/7000000000041429,Scotland,http://data.ordnancesurvey.co.uk/id/country/scotland,,,
osgb4000000006899684,http://data.ordnancesurvey.co.uk/id/4000000006899684,B734,,,,transportNetwork,Numbered Road,220260.000,589913.000,119000,250000,209114.964,584807.000,227450.000,599318.574,KA26,http://data.ordnancesurvey.co.uk/id/postcodedistrict/KA26,,,,,,,South Ayrshire,http://data.ordnancesurvey.co.uk/id/7000000000043391,http://data.ordnancesurvey.co.uk/ontology/admingeo/UnitaryAuthority,Scotland,http://data.ordnancesurvey.co.uk/id/7000000000041429,Scotland,http://data.ordnancesurvey.co.uk/id/country/scotland,,,
osgb4000000006896068,http://data.ordnancesurvey.co.uk/id/4000000006896068,Stinchar Road,,,,transportNetwork,Named Road,227575.000,594071.000,1000,20000,227445.710,594043.429,227637.000,594075.000,KA26,http://data.ordnancesurvey.co.uk/id/postcodedistrict/KA26,Barr,http://data.ordnancesurvey.co.uk/id/4000000074563474,http://www.ordnancesurvey.co.uk/xml/codelists/localtype.xml#village,,,,South Ayrshire,http://data.ordnancesurvey.co.uk/id/7000000000043391,http://data.ordnancesurvey.co.uk/ontology/admingeo/UnitaryAuthority,Scotland,http://data.ordnancesurvey.co.uk/id/7000000000041429,Scotland,http://data.ordnancesurvey.co.uk/id/country/scotland,,,
osgb4000000006896071,http://data.ordnancesurvey.co.uk/id/4000000006896071,The Avenue,,,,transportNetwork,Named Road,227536.000,594209.000,1000,20000,227516.707,594179.000,227646.000,594209.000,KA26,http://data.ordnancesurvey.co.uk/id/postcodedistrict/KA26,Barr,http://data.ordnancesurvey.co.uk/id/4000000074563474,http://www.ordnancesurvey.co.uk/xml/codelists/localtype.xml#village,,,,South Ayrshire,http://data.ordnancesurvey.co.uk/id/7000000000043391,http://data.ordnancesurvey.co.uk/ontology/admingeo/UnitaryAuthority,Scotland,http://data.ordnancesurvey.co.uk/id/7000000000041429,Scotland,http://data.ordnancesurvey.co.uk/id/country/scotland,,,
osgb4000000006899616,http://data.ordnancesurvey.co.uk/id/4000000006899616,Changue Road,,,,transportNetwork,Named Road,228081.000,594077.000,6000,20000,227637.000,593975.062,228529.577,594174.000,KA26,http://data.ordnancesurvey.co.uk/id/postcodedistrict/KA26,,,,,,,South Ayrshire,http://data.ordnancesurvey.co.uk/id/7000000000043391,http://data.ordnancesurvey.co.uk/ontology/admingeo/UnitaryAuthority,Scotland,http://data.ordnancesurvey.co.uk/id/7000000000041429,Scotland,http://data.ordnancesurvey.co.uk/id/country/scotland,,,
osgb4000000006895172,http://data.ordnancesurvey.co.uk/id/4000000006895172,Glenginnet Road,,,,transportNetwork,Named Road,227756.000,594471.000,4000,20000,227637.000,594073.000,228058.000,594750.000,KA26,http://data.ordnancesurvey.co.uk/id/postcodedistrict/KA26,Barr,http://data.ordnancesurvey.co.uk/id/4000000074563474,http://www.ordnancesurvey.co.uk/xml/codelists/localtype.xml#village,,,,South Ayrshire,http://data.ordnancesurvey.co.uk/id/7000000000043391,http://data.ordnancesurvey.co.uk/ontology/admingeo/UnitaryAuthority,Scotland,http://data.ordnancesurvey.co.uk/id/7000000000041429,Scotland,http://data.ordnancesurvey.co.uk/id/country/scotland,,,
osgb4000000006896657,http://data.ordnancesurvey.co.uk/id/4000000006896657,Dinvin Road,,,,transportNetwork,Named Road,220417.804,592004.019,1000,20000,220342.000,591962.000,220417.804,592064.167,KA26,http://data.ordnancesurvey.co.uk/id/postcodedistrict/KA26,Pinmore,http://data.ordnancesurvey.co.uk/id/4000000074564118,http://www.ordnancesurvey.co.uk/xml/codelists/localtype.xml#hamlet,,,,South Ayrshire,http://data.ordnancesurvey.co.uk/id/7000000000043391,http://data.ordnancesurvey.co.uk/ontology/admingeo/UnitaryAuthority,Scotland,http://data.ordnancesurvey.co.uk/id/7000000000041429,Scotland,http://data.ordnancesurvey.co.uk/id/country/scotland,,,
osgb4000000006899773,http://data.ordnancesurvey.co.uk/id/4000000006899773,Wallace Terrace,,,,transportNetwork,Named Road,223627.750,582049.532,1000,20000,223586.000,582002.000,223710.000,582090.349,KA26,http://data.ordnancesurvey.co.uk/id/postcodedistrict/KA26,Barrhill,http://data.ordnancesurvey.co.uk/id/4000000074563475,http://www.ordnancesurvey.co.uk/xml/codelists/localtype.xml#village,,,,South Ayrshire,http://data.ordnancesurvey.co.uk/id/7000000000043391,http://data.ordnancesurvey.co.uk/ontology/admingeo/UnitaryAuthority,Scotland,http://data.ordnancesurvey.co.uk/id/7000000000041429,Scotland,http://data.ordnancesurvey.co.uk/id/country/scotland,,,
8da0eab7-e60f-402e-afbc-46d4a19b3e29,http://data.ordnancesurvey.co.uk/id/8da0eab7-e60f-402e-afbc-46d4a19b3e29,Changue Road,,,,transportNetwork,Section Of Named Road,227714.000,594014.000,1000,25000,227637.000,593975.062,227821.277,594073.000,KA26,http://data.ordnancesurvey.co.uk/id/postcodedistrict/KA26,Barr,http://data.ordnancesurvey.co.uk/id/4000000074563474,http://www.ordnancesurvey.co.uk/xml/codelists/localtype.xml#village,,,,South Ayrshire,http://data.ordnancesurvey.co.uk/id/7000000000043391,http://data.ordnancesurvey.co.uk/ontology/admingeo/UnitaryAuthority,Scotland,http://data.ordnancesurvey.co.uk/id/7000000000041429,Scotland,http://data.ordnancesurvey.co.uk/id/country/scotland,osgb4000000006899616,,
osgb4000000006896069,http://data.ordnancesurvey.co.uk/id/4000000006896069,The Clachan,,,,transportNetwork,Named Road,227571.505,594007.330,2000,20000,227448.000,593946.000,227696.000,594020.000,KA26,http://data.ordnancesurvey.co.uk/id/postcodedistrict/KA26,Barr,http://data.ordnancesurvey.co.uk/id/4000000074563474,http://www.ordnancesurvey.co.uk/xml/codelists/localtype.xml#village,,,,South Ayrshire,http://data.ordnancesurvey.co.uk/id/7000000000043391,http://data.ordnancesurvey.co.uk/ontology/admingeo/UnitaryAuthority,Scotland,http://data.ordnancesurvey.co.uk/id/7000000000041429,Scotland,http://data.ordnancesurvey.co.uk/id/country/scotland,,,
40c8e446-9b01-4d29-8865-d9b6e40cd0ac,http://data.ordnancesurvey.co.uk/id/40c8e446-9b01-4d29-8865-d9b6e40cd0ac,Glenginnet Road,,,,transportNetwork,Section Of Named Road,227688.000,594268.000,3000,25000,227637.000,594073.000,227764.533,594481.759,KA26,http://data.ordnancesurvey.co.uk/id/postcodedistrict/KA26,Barr,http://data.ordnancesurvey.co.uk/id/4000000074563474,http://www.ordnancesurvey.co.uk/xml/codelists/localtype.xml#village,,,,South Ayrshire,http://data.ordnancesurvey.co.uk/id/7000000000043391,http://data.ordnancesurvey.co.uk/ontology/admingeo/UnitaryAuthority,Scotland,http://data.ordnancesurvey.co.uk/id/7000000000041429,Scotland,http://data.ordnancesurvey.co.uk/id/country/scotland,osgb4000000006895172,,
osgb5000005167756260,http://data.ordnancesurvey.co.uk/id/5000005167756260,B7035,,,,transportNetwork,Numbered Road,222989.943,599324.137,58000,250000,218490.000,596423.000,227388.000,601565.000,KA26,http://data.ordnancesurvey.co.uk/id/postcodedistrict/KA26,,,,,,,South Ayrshire,http://data.ordnancesurvey.co.uk/id/7000000000043391,http://data.ordnancesurvey.co.uk/ontology/admingeo/UnitaryAuthority,Scotland,http://data.ordnancesurvey.co.uk/id/7000000000041429,Scotland,http://data.ordnancesurvey.co.uk/id/country/scotland,,,
osgb4000000006896070,http://data.ordnancesurvey.co.uk/id/4000000006896070,Glebe Road,,,,transportNetwork,Named Road,227547.000,594097.000,1000,20000,227472.000,594047.000,227588.000,594135.000,KA26,http://data.ordnancesurvey.co.uk/id/postcodedistrict/KA26,Barr,http://data.ordnancesurvey.co.uk/id/4000000074563474,http://www.ordnancesurvey.co.uk/xml/codelists/localtype.xml#village,,,,South Ayrshire,http://data.ordnancesurvey.co.uk/id/7000000000043391,http://data.ordnancesurvey.co.uk/ontology/admingeo/UnitaryAuthority,Scotland,http://data.ordnancesurvey.co.uk/id/7000000000041429,Scotland,http://data.ordnancesurvey.co.uk/id/country/scotland,,,
osgb4000000006899514,http://data.ordnancesurvey.co.uk/id/4000000006899514,Forest Road,,,,transportNetwork,Named Road,228668.000,584583.000,6000,20000,227893.000,584299.000,228888.000,585225.871,KA26,http://data.ordnancesurvey.co.uk/id/postcodedistrict/KA26,,,,,,,South Ayrshire,http://data.ordnancesurvey.co.uk/id/7000000000043391,http://data.ordnancesurvey.co.uk/ontology/admingeo/UnitaryAuthority,Scotland,http://data.ordnancesurvey.co.uk/id/7000000000041429,Scotland,http://data.ordnancesurvey.co.uk/id/country/scotland,,,
osgb4000000006895423,http://data.ordnancesurvey.co.uk/id/4000000006895423,Main Street,,,,transportNetwork,Named Road,223456.000,582145.000,3000,20000,223260.000,581980.813,223656.450,582320.000,KA26,http://data.ordnancesurvey.co.uk/id/postcodedistrict/KA26,Barrhill,http://data.ordnancesurvey.co.uk/id/4000000074563475,http://www.ordnancesurvey.co.uk/xml/codelists/localtype.xml#village,,,,South Ayrshire,http://data.ordnancesurvey.co.uk/id/7000000000043391,http://data.ordnancesurvey.co.uk/ontology/admingeo/UnitaryAuthority,Scotland,http://data.ordnancesurvey.co.uk/id/7000000000041429,Scotland,http://data.ordnancesurvey.co.uk/id/country/scotland,,,
osgb4000000006899772,http://data.ordnancesurvey.co.uk/id/4000000006899772,Forest Road,,,,transportNetwork,Named Road,224893.421,582663.684,10000,20000,224207.591,582401.271,225687.407,583083.608,KA26,http://data.ordnancesurvey.co.uk/id/postcodedistrict/KA26,,,,,,,South Ayrshire,http://data.ordnancesurvey.co.uk/id/7000000000043391,http://data.ordnancesurvey.co.uk/ontology/admingeo/UnitaryAuthority,Scotland,http://data.ordnancesurvey.co.uk/id/7000000000041429,Scotland,http://data.ordnancesurvey.co.uk/id/country/scotland,,,
osgb4000000006899770,http://data.ordnancesurvey.co.uk/id/4000000006899770,Forest Road,,,,transportNetwork,Named Road,220521.040,582323.916,20000,26000,219463.682,579932.000,222586.245,583962.069,KA26,http://data.ordnancesurvey.co.uk/id/postcodedistrict/KA26,,,,,,,South Ayrshire,http://data.ordnancesurvey.co.uk/id/7000000000043391,http://data.ordnancesurvey.co.uk/ontology/admingeo/UnitaryAuthority,Scotland,http://data.ordnancesurvey.co.uk/id/7000000000041429,Scotland,http://data.ordnancesurvey.co.uk/id/country/scotland,,,
osgb4000000006895171,http://data.ordnancesurvey.co.uk/id/4000000006895171,Hawkhill Road,,,,transportNetwork,Named Road,222746.000,599160.000,7000,20000,222539.000,598724.000,223269.000,599828.090,KA26,http://data.ordnancesurvey.co.uk/id/postcodedistrict/KA26,,,,,,,South Ayrshire,http://data.ordnancesurvey.co.uk/id/7000000000043391,http://data.ordnancesurvey.co.uk/ontology/admingeo/UnitaryAuthority,Scotland,http://data.ordnancesurvey.co.uk/id/7000000000041429,Scotland,http://data.ordnancesurvey.co.uk/id/country/scotland,,,
KA260TP,http://data.ordnancesurvey.co.uk/id/postcodeunit/KA260TP,KA26 0TP,,,,other,Postcode,220349.000,591946.000,3500,18000,,,,,,,Pinmore,http://data.ordnancesurvey.co.uk/id/4000000074564118,http://www.ordnancesurvey.co.uk/xml/codelists/localtype.xml#hamlet,,,,South Ayrshire,http://data.ordnancesurvey.co.uk/id/7000000000043391,http://data.ordnancesurvey.co.uk/ontology/admingeo/UnitaryAuthority,Scotland,http://data.ordnancesurvey.co.uk/id/7000000000041429,Scotland,http://data.ordnancesurvey.co.uk/id/country/scotland,,,
fff2f46f-8c70-4740-b0d1-1981a164a1aa,http://data.ordnancesurvey.co.uk/id/fff2f46f-8c70-4740-b0d1-1981a164a1aa,Hawkhill Road,,,,transportNetwork,Section Of Named Road,222571.344,599446.866,2000,25000,222539.000,599284.710,222685.977,599533.780,KA26,http://data.ordnancesurvey.co.uk/id/postcodedistrict/KA26,Old Dailly,http://data.ordnancesurvey.co.uk/id/4000000074564120,http://www.ordnancesurvey.co.uk/xml/codelists/localtype.xml#hamlet,,,,South Ayrshire,http://data.ordnancesurvey.co.uk/id/7000000000043391,http://data.ordnancesurvey.co.uk/ontology/admingeo/UnitaryAuthority,Scotland,http://data.ordnancesurvey.co.uk/id/7000000000041429,Scotland,http://data.ordnancesurvey.co.uk/id/country/scotland,osgb4000000006895171,,
