﻿osgb4000000074564432,http://data.ordnancesurvey.co.uk/id/4000000074564432,St John's Town of Dalry,,,,populatedPlace,Village,262368.000,581254.000,6000,250000,261687.641,580794.589,262681.665,581689.842,DG7,http://data.ordnancesurvey.co.uk/id/postcodedistrict/DG7,,,,,,,Dumfries and Galloway,http://data.ordnancesurvey.co.uk/id/7000000000031903,http://data.ordnancesurvey.co.uk/ontology/admingeo/UnitaryAuthority,Scotland,http://data.ordnancesurvey.co.uk/id/7000000000041429,Scotland,http://data.ordnancesurvey.co.uk/id/country/scotland,,,
osgb4000000074338378,http://data.ordnancesurvey.co.uk/id/4000000074338378,Holmhead,,,,populatedPlace,Other Settlement,270919.510,585878.200,15000,25000,270662.306,585637.391,271162.306,586137.391,DG3,http://data.ordnancesurvey.co.uk/id/postcodedistrict/DG3,,,,,,,Dumfries and Galloway,http://data.ordnancesurvey.co.uk/id/7000000000031903,http://data.ordnancesurvey.co.uk/ontology/admingeo/UnitaryAuthority,Scotland,http://data.ordnancesurvey.co.uk/id/7000000000041429,Scotland,http://data.ordnancesurvey.co.uk/id/country/scotland,,,
osgb4000000074564115,http://data.ordnancesurvey.co.uk/id/4000000074564115,Dunreggan,,,,populatedPlace,Suburban Area,278029.520,591005.990,3000,25000,277941.672,590667.956,278441.672,591167.956,DG3,http://data.ordnancesurvey.co.uk/id/postcodedistrict/DG3,,,,,,,Dumfries and Galloway,http://data.ordnancesurvey.co.uk/id/7000000000031903,http://data.ordnancesurvey.co.uk/ontology/admingeo/UnitaryAuthority,Scotland,http://data.ordnancesurvey.co.uk/id/7000000000041429,Scotland,http://data.ordnancesurvey.co.uk/id/country/scotland,,,
osgb4000000074564116,http://data.ordnancesurvey.co.uk/id/4000000074564116,Moniaive,,,,populatedPlace,Village,277862.080,590915.310,9000,250000,277105.509,590620.296,278432.774,591263.242,DG3,http://data.ordnancesurvey.co.uk/id/postcodedistrict/DG3,,,,,,,Dumfries and Galloway,http://data.ordnancesurvey.co.uk/id/7000000000031903,http://data.ordnancesurvey.co.uk/ontology/admingeo/UnitaryAuthority,Scotland,http://data.ordnancesurvey.co.uk/id/7000000000041429,Scotland,http://data.ordnancesurvey.co.uk/id/country/scotland,,,http://sws.geonames.org/2642343
osgb4000000074337581,http://data.ordnancesurvey.co.uk/id/4000000074337581,Craigengillan,,,,populatedPlace,Other Settlement,263654.073,594871.802,15000,25000,263406.499,594611.197,263906.499,595111.197,DG7,http://data.ordnancesurvey.co.uk/id/postcodedistrict/DG7,,,,,,,Dumfries and Galloway,http://data.ordnancesurvey.co.uk/id/7000000000031903,http://data.ordnancesurvey.co.uk/ontology/admingeo/UnitaryAuthority,Scotland,http://data.ordnancesurvey.co.uk/id/7000000000041429,Scotland,http://data.ordnancesurvey.co.uk/id/country/scotland,,,
osgb4000000074564433,http://data.ordnancesurvey.co.uk/id/4000000074564433,Kendoon,,,,populatedPlace,Hamlet,260553.000,587613.000,5000,25000,260297.481,587356.194,260797.481,587856.194,DG7,http://data.ordnancesurvey.co.uk/id/postcodedistrict/DG7,,,,,,,Dumfries and Galloway,http://data.ordnancesurvey.co.uk/id/7000000000031903,http://data.ordnancesurvey.co.uk/ontology/admingeo/UnitaryAuthority,Scotland,http://data.ordnancesurvey.co.uk/id/7000000000041429,Scotland,http://data.ordnancesurvey.co.uk/id/country/scotland,,,
DG34HU,http://data.ordnancesurvey.co.uk/id/postcodeunit/DG34HU,DG3 4HU,,,,other,Postcode,277750.000,590974.000,3500,18000,,,,,,,Moniaive,http://data.ordnancesurvey.co.uk/id/4000000074564116,http://www.ordnancesurvey.co.uk/xml/codelists/localtype.xml#village,,,,Dumfries and Galloway,http://data.ordnancesurvey.co.uk/id/7000000000031903,http://data.ordnancesurvey.co.uk/ontology/admingeo/UnitaryAuthority,Scotland,http://data.ordnancesurvey.co.uk/id/7000000000041429,Scotland,http://data.ordnancesurvey.co.uk/id/country/scotland,,,
DG73SL,http://data.ordnancesurvey.co.uk/id/postcodeunit/DG73SL,DG7 3SL,,,,other,Postcode,260503.000,584209.000,3500,18000,,,,,,,,,,,,,Dumfries and Galloway,http://data.ordnancesurvey.co.uk/id/7000000000031903,http://data.ordnancesurvey.co.uk/ontology/admingeo/UnitaryAuthority,Scotland,http://data.ordnancesurvey.co.uk/id/7000000000041429,Scotland,http://data.ordnancesurvey.co.uk/id/country/scotland,,,
DG73UU,http://data.ordnancesurvey.co.uk/id/postcodeunit/DG73UU,DG7 3UU,,,,other,Postcode,262199.000,581155.000,3500,18000,,,,,,,St John's Town of Dalry,http://data.ordnancesurvey.co.uk/id/4000000074564432,http://www.ordnancesurvey.co.uk/xml/codelists/localtype.xml#village,,,,Dumfries and Galloway,http://data.ordnancesurvey.co.uk/id/7000000000031903,http://data.ordnancesurvey.co.uk/ontology/admingeo/UnitaryAuthority,Scotland,http://data.ordnancesurvey.co.uk/id/7000000000041429,Scotland,http://data.ordnancesurvey.co.uk/id/country/scotland,,,
DG73UG,http://data.ordnancesurvey.co.uk/id/postcodeunit/DG73UG,DG7 3UG,,,,other,Postcode,265968.000,589993.000,3500,18000,,,,,,,,,,,,,Dumfries and Galloway,http://data.ordnancesurvey.co.uk/id/7000000000031903,http://data.ordnancesurvey.co.uk/ontology/admingeo/UnitaryAuthority,Scotland,http://data.ordnancesurvey.co.uk/id/7000000000041429,Scotland,http://data.ordnancesurvey.co.uk/id/country/scotland,,,
DG73UF,http://data.ordnancesurvey.co.uk/id/postcodeunit/DG73UF,DG7 3UF,,,,other,Postcode,265160.000,596516.000,3500,18000,,,,,,,,,,,,,Dumfries and Galloway,http://data.ordnancesurvey.co.uk/id/7000000000031903,http://data.ordnancesurvey.co.uk/ontology/admingeo/UnitaryAuthority,Scotland,http://data.ordnancesurvey.co.uk/id/7000000000041429,Scotland,http://data.ordnancesurvey.co.uk/id/country/scotland,,,
DG73TX,http://data.ordnancesurvey.co.uk/id/postcodeunit/DG73TX,DG7 3TX,,,,other,Postcode,262326.000,581768.000,3500,18000,,,,,,,,,,,,,Dumfries and Galloway,http://data.ordnancesurvey.co.uk/id/7000000000031903,http://data.ordnancesurvey.co.uk/ontology/admingeo/UnitaryAuthority,Scotland,http://data.ordnancesurvey.co.uk/id/7000000000041429,Scotland,http://data.ordnancesurvey.co.uk/id/country/scotland,,,
DG73TZ,http://data.ordnancesurvey.co.uk/id/postcodeunit/DG73TZ,DG7 3TZ,,,,other,Postcode,263130.000,585111.000,3500,18000,,,,,,,,,,,,,Dumfries and Galloway,http://data.ordnancesurvey.co.uk/id/7000000000031903,http://data.ordnancesurvey.co.uk/ontology/admingeo/UnitaryAuthority,Scotland,http://data.ordnancesurvey.co.uk/id/7000000000041429,Scotland,http://data.ordnancesurvey.co.uk/id/country/scotland,,,
DG73UX,http://data.ordnancesurvey.co.uk/id/postcodeunit/DG73UX,DG7 3UX,,,,other,Postcode,262287.000,581109.000,3500,18000,,,,,,,St John's Town of Dalry,http://data.ordnancesurvey.co.uk/id/4000000074564432,http://www.ordnancesurvey.co.uk/xml/codelists/localtype.xml#village,,,,Dumfries and Galloway,http://data.ordnancesurvey.co.uk/id/7000000000031903,http://data.ordnancesurvey.co.uk/ontology/admingeo/UnitaryAuthority,Scotland,http://data.ordnancesurvey.co.uk/id/7000000000041429,Scotland,http://data.ordnancesurvey.co.uk/id/country/scotland,,,
DG73UA,http://data.ordnancesurvey.co.uk/id/postcodeunit/DG73UA,DG7 3UA,,,,other,Postcode,261838.000,585777.000,3500,18000,,,,,,,,,,,,,Dumfries and Galloway,http://data.ordnancesurvey.co.uk/id/7000000000031903,http://data.ordnancesurvey.co.uk/ontology/admingeo/UnitaryAuthority,Scotland,http://data.ordnancesurvey.co.uk/id/7000000000041429,Scotland,http://data.ordnancesurvey.co.uk/id/country/scotland,,,
DG73TB,http://data.ordnancesurvey.co.uk/id/postcodeunit/DG73TB,DG7 3TB,,,,other,Postcode,260093.000,590709.000,3500,18000,,,,,,,,,,,,,Dumfries and Galloway,http://data.ordnancesurvey.co.uk/id/7000000000031903,http://data.ordnancesurvey.co.uk/ontology/admingeo/UnitaryAuthority,Scotland,http://data.ordnancesurvey.co.uk/id/7000000000041429,Scotland,http://data.ordnancesurvey.co.uk/id/country/scotland,,,
DG73DZ,http://data.ordnancesurvey.co.uk/id/postcodeunit/DG73DZ,DG7 3DZ,,,,other,Postcode,271458.000,580725.000,3500,18000,,,,,,,,,,,,,Dumfries and Galloway,http://data.ordnancesurvey.co.uk/id/7000000000031903,http://data.ordnancesurvey.co.uk/ontology/admingeo/UnitaryAuthority,Scotland,http://data.ordnancesurvey.co.uk/id/7000000000041429,Scotland,http://data.ordnancesurvey.co.uk/id/country/scotland,,,
DG73UE,http://data.ordnancesurvey.co.uk/id/postcodeunit/DG73UE,DG7 3UE,,,,other,Postcode,261824.000,591120.000,3500,18000,,,,,,,,,,,,,Dumfries and Galloway,http://data.ordnancesurvey.co.uk/id/7000000000031903,http://data.ordnancesurvey.co.uk/ontology/admingeo/UnitaryAuthority,Scotland,http://data.ordnancesurvey.co.uk/id/7000000000041429,Scotland,http://data.ordnancesurvey.co.uk/id/country/scotland,,,
DG73SW,http://data.ordnancesurvey.co.uk/id/postcodeunit/DG73SW,DG7 3SW,,,,other,Postcode,261911.000,581334.000,3500,18000,,,,,,,St John's Town of Dalry,http://data.ordnancesurvey.co.uk/id/4000000074564432,http://www.ordnancesurvey.co.uk/xml/codelists/localtype.xml#village,,,,Dumfries and Galloway,http://data.ordnancesurvey.co.uk/id/7000000000031903,http://data.ordnancesurvey.co.uk/ontology/admingeo/UnitaryAuthority,Scotland,http://data.ordnancesurvey.co.uk/id/7000000000041429,Scotland,http://data.ordnancesurvey.co.uk/id/country/scotland,,,
DG73UT,http://data.ordnancesurvey.co.uk/id/postcodeunit/DG73UT,DG7 3UT,,,,other,Postcode,262465.000,581380.000,3500,18000,,,,,,,St John's Town of Dalry,http://data.ordnancesurvey.co.uk/id/4000000074564432,http://www.ordnancesurvey.co.uk/xml/codelists/localtype.xml#village,,,,Dumfries and Galloway,http://data.ordnancesurvey.co.uk/id/7000000000031903,http://data.ordnancesurvey.co.uk/ontology/admingeo/UnitaryAuthority,Scotland,http://data.ordnancesurvey.co.uk/id/7000000000041429,Scotland,http://data.ordnancesurvey.co.uk/id/country/scotland,,,
DG34LF,http://data.ordnancesurvey.co.uk/id/postcodeunit/DG34LF,DG3 4LF,,,,other,Postcode,275714.000,597095.000,3500,18000,,,,,,,,,,,,,Dumfries and Galloway,http://data.ordnancesurvey.co.uk/id/7000000000031903,http://data.ordnancesurvey.co.uk/ontology/admingeo/UnitaryAuthority,Scotland,http://data.ordnancesurvey.co.uk/id/7000000000041429,Scotland,http://data.ordnancesurvey.co.uk/id/country/scotland,,,
DG34HJ,http://data.ordnancesurvey.co.uk/id/postcodeunit/DG34HJ,DG3 4HJ,,,,other,Postcode,278070.000,591024.000,3500,18000,,,,,,,Moniaive,http://data.ordnancesurvey.co.uk/id/4000000074564116,http://www.ordnancesurvey.co.uk/xml/codelists/localtype.xml#village,,,,Dumfries and Galloway,http://data.ordnancesurvey.co.uk/id/7000000000031903,http://data.ordnancesurvey.co.uk/ontology/admingeo/UnitaryAuthority,Scotland,http://data.ordnancesurvey.co.uk/id/7000000000041429,Scotland,http://data.ordnancesurvey.co.uk/id/country/scotland,,,
DG34HF,http://data.ordnancesurvey.co.uk/id/postcodeunit/DG34HF,DG3 4HF,,,,other,Postcode,279420.000,590517.000,3500,18000,,,,,,,,,,,,,Dumfries and Galloway,http://data.ordnancesurvey.co.uk/id/7000000000031903,http://data.ordnancesurvey.co.uk/ontology/admingeo/UnitaryAuthority,Scotland,http://data.ordnancesurvey.co.uk/id/7000000000041429,Scotland,http://data.ordnancesurvey.co.uk/id/country/scotland,,,
DG34JE,http://data.ordnancesurvey.co.uk/id/postcodeunit/DG34JE,DG3 4JE,,,,other,Postcode,274491.000,592780.000,3500,18000,,,,,,,,,,,,,Dumfries and Galloway,http://data.ordnancesurvey.co.uk/id/7000000000031903,http://data.ordnancesurvey.co.uk/ontology/admingeo/UnitaryAuthority,Scotland,http://data.ordnancesurvey.co.uk/id/7000000000041429,Scotland,http://data.ordnancesurvey.co.uk/id/country/scotland,,,
DG34HQ,http://data.ordnancesurvey.co.uk/id/postcodeunit/DG34HQ,DG3 4HQ,,,,other,Postcode,278132.000,590852.000,3500,18000,,,,,,,Moniaive,http://data.ordnancesurvey.co.uk/id/4000000074564116,http://www.ordnancesurvey.co.uk/xml/codelists/localtype.xml#village,,,,Dumfries and Galloway,http://data.ordnancesurvey.co.uk/id/7000000000031903,http://data.ordnancesurvey.co.uk/ontology/admingeo/UnitaryAuthority,Scotland,http://data.ordnancesurvey.co.uk/id/7000000000041429,Scotland,http://data.ordnancesurvey.co.uk/id/country/scotland,,,
DG34EW,http://data.ordnancesurvey.co.uk/id/postcodeunit/DG34EW,DG3 4EW,,,,other,Postcode,275122.000,587682.000,3500,18000,,,,,,,,,,,,,Dumfries and Galloway,http://data.ordnancesurvey.co.uk/id/7000000000031903,http://data.ordnancesurvey.co.uk/ontology/admingeo/UnitaryAuthority,Scotland,http://data.ordnancesurvey.co.uk/id/7000000000041429,Scotland,http://data.ordnancesurvey.co.uk/id/country/scotland,,,
DG73UJ,http://data.ordnancesurvey.co.uk/id/postcodeunit/DG73UJ,DG7 3UJ,,,,other,Postcode,262537.000,581307.000,3500,18000,,,,,,,,,,,,,Dumfries and Galloway,http://data.ordnancesurvey.co.uk/id/7000000000031903,http://data.ordnancesurvey.co.uk/ontology/admingeo/UnitaryAuthority,Scotland,http://data.ordnancesurvey.co.uk/id/7000000000041429,Scotland,http://data.ordnancesurvey.co.uk/id/country/scotland,,,
DG34HH,http://data.ordnancesurvey.co.uk/id/postcodeunit/DG34HH,DG3 4HH,,,,other,Postcode,278154.000,590855.000,3500,18000,,,,,,,Moniaive,http://data.ordnancesurvey.co.uk/id/4000000074564116,http://www.ordnancesurvey.co.uk/xml/codelists/localtype.xml#village,,,,Dumfries and Galloway,http://data.ordnancesurvey.co.uk/id/7000000000031903,http://data.ordnancesurvey.co.uk/ontology/admingeo/UnitaryAuthority,Scotland,http://data.ordnancesurvey.co.uk/id/7000000000041429,Scotland,http://data.ordnancesurvey.co.uk/id/country/scotland,,,
DG34HS,http://data.ordnancesurvey.co.uk/id/postcodeunit/DG34HS,DG3 4HS,,,,other,Postcode,277627.000,591093.000,3500,18000,,,,,,,Moniaive,http://data.ordnancesurvey.co.uk/id/4000000074564116,http://www.ordnancesurvey.co.uk/xml/codelists/localtype.xml#village,,,,Dumfries and Galloway,http://data.ordnancesurvey.co.uk/id/7000000000031903,http://data.ordnancesurvey.co.uk/ontology/admingeo/UnitaryAuthority,Scotland,http://data.ordnancesurvey.co.uk/id/7000000000041429,Scotland,http://data.ordnancesurvey.co.uk/id/country/scotland,,,
DG34EJ,http://data.ordnancesurvey.co.uk/id/postcodeunit/DG34EJ,DG3 4EJ,,,,other,Postcode,277856.000,590806.000,3500,18000,,,,,,,Moniaive,http://data.ordnancesurvey.co.uk/id/4000000074564116,http://www.ordnancesurvey.co.uk/xml/codelists/localtype.xml#village,,,,Dumfries and Galloway,http://data.ordnancesurvey.co.uk/id/7000000000031903,http://data.ordnancesurvey.co.uk/ontology/admingeo/UnitaryAuthority,Scotland,http://data.ordnancesurvey.co.uk/id/7000000000041429,Scotland,http://data.ordnancesurvey.co.uk/id/country/scotland,,,
DG34HN,http://data.ordnancesurvey.co.uk/id/postcodeunit/DG34HN,DG3 4HN,,,,other,Postcode,277869.000,590925.000,3500,18000,,,,,,,Moniaive,http://data.ordnancesurvey.co.uk/id/4000000074564116,http://www.ordnancesurvey.co.uk/xml/codelists/localtype.xml#village,,,,Dumfries and Galloway,http://data.ordnancesurvey.co.uk/id/7000000000031903,http://data.ordnancesurvey.co.uk/ontology/admingeo/UnitaryAuthority,Scotland,http://data.ordnancesurvey.co.uk/id/7000000000041429,Scotland,http://data.ordnancesurvey.co.uk/id/country/scotland,,,
DG73SU,http://data.ordnancesurvey.co.uk/id/postcodeunit/DG73SU,DG7 3SU,,,,other,Postcode,260374.000,586749.000,3500,18000,,,,,,,,,,,,,Dumfries and Galloway,http://data.ordnancesurvey.co.uk/id/7000000000031903,http://data.ordnancesurvey.co.uk/ontology/admingeo/UnitaryAuthority,Scotland,http://data.ordnancesurvey.co.uk/id/7000000000041429,Scotland,http://data.ordnancesurvey.co.uk/id/country/scotland,,,
DG34HW,http://data.ordnancesurvey.co.uk/id/postcodeunit/DG34HW,DG3 4HW,,,,other,Postcode,277684.000,590894.000,3500,18000,,,,,,,Moniaive,http://data.ordnancesurvey.co.uk/id/4000000074564116,http://www.ordnancesurvey.co.uk/xml/codelists/localtype.xml#village,,,,Dumfries and Galloway,http://data.ordnancesurvey.co.uk/id/7000000000031903,http://data.ordnancesurvey.co.uk/ontology/admingeo/UnitaryAuthority,Scotland,http://data.ordnancesurvey.co.uk/id/7000000000041429,Scotland,http://data.ordnancesurvey.co.uk/id/country/scotland,,,
DG73SP,http://data.ordnancesurvey.co.uk/id/postcodeunit/DG73SP,DG7 3SP,,,,other,Postcode,261766.000,581581.000,3500,18000,,,,,,,St John's Town of Dalry,http://data.ordnancesurvey.co.uk/id/4000000074564432,http://www.ordnancesurvey.co.uk/xml/codelists/localtype.xml#village,,,,Dumfries and Galloway,http://data.ordnancesurvey.co.uk/id/7000000000031903,http://data.ordnancesurvey.co.uk/ontology/admingeo/UnitaryAuthority,Scotland,http://data.ordnancesurvey.co.uk/id/7000000000041429,Scotland,http://data.ordnancesurvey.co.uk/id/country/scotland,,,
DG73UB,http://data.ordnancesurvey.co.uk/id/postcodeunit/DG73UB,DG7 3UB,,,,other,Postcode,260591.000,587599.000,3500,18000,,,,,,,Kendoon,http://data.ordnancesurvey.co.uk/id/4000000074564433,http://www.ordnancesurvey.co.uk/xml/codelists/localtype.xml#hamlet,,,,Dumfries and Galloway,http://data.ordnancesurvey.co.uk/id/7000000000031903,http://data.ordnancesurvey.co.uk/ontology/admingeo/UnitaryAuthority,Scotland,http://data.ordnancesurvey.co.uk/id/7000000000041429,Scotland,http://data.ordnancesurvey.co.uk/id/country/scotland,,,
DG34ES,http://data.ordnancesurvey.co.uk/id/postcodeunit/DG34ES,DG3 4ES,,,,other,Postcode,277308.000,584291.000,3500,18000,,,,,,,,,,,,,Dumfries and Galloway,http://data.ordnancesurvey.co.uk/id/7000000000031903,http://data.ordnancesurvey.co.uk/ontology/admingeo/UnitaryAuthority,Scotland,http://data.ordnancesurvey.co.uk/id/7000000000041429,Scotland,http://data.ordnancesurvey.co.uk/id/country/scotland,,,
DG73XG,http://data.ordnancesurvey.co.uk/id/postcodeunit/DG73XG,DG7 3XG,,,,other,Postcode,264460.000,580448.000,3500,18000,,,,,,,,,,,,,Dumfries and Galloway,http://data.ordnancesurvey.co.uk/id/7000000000031903,http://data.ordnancesurvey.co.uk/ontology/admingeo/UnitaryAuthority,Scotland,http://data.ordnancesurvey.co.uk/id/7000000000041429,Scotland,http://data.ordnancesurvey.co.uk/id/country/scotland,,,
DG34HR,http://data.ordnancesurvey.co.uk/id/postcodeunit/DG34HR,DG3 4HR,,,,other,Postcode,277669.000,591079.000,3500,18000,,,,,,,Moniaive,http://data.ordnancesurvey.co.uk/id/4000000074564116,http://www.ordnancesurvey.co.uk/xml/codelists/localtype.xml#village,,,,Dumfries and Galloway,http://data.ordnancesurvey.co.uk/id/7000000000031903,http://data.ordnancesurvey.co.uk/ontology/admingeo/UnitaryAuthority,Scotland,http://data.ordnancesurvey.co.uk/id/7000000000041429,Scotland,http://data.ordnancesurvey.co.uk/id/country/scotland,,,
DG34EF,http://data.ordnancesurvey.co.uk/id/postcodeunit/DG34EF,DG3 4EF,,,,other,Postcode,279540.000,589788.000,3500,18000,,,,,,,,,,,,,Dumfries and Galloway,http://data.ordnancesurvey.co.uk/id/7000000000031903,http://data.ordnancesurvey.co.uk/ontology/admingeo/UnitaryAuthority,Scotland,http://data.ordnancesurvey.co.uk/id/7000000000041429,Scotland,http://data.ordnancesurvey.co.uk/id/country/scotland,,,
DG73XH,http://data.ordnancesurvey.co.uk/id/postcodeunit/DG73XH,DG7 3XH,,,,other,Postcode,267747.000,582682.000,3500,18000,,,,,,,,,,,,,Dumfries and Galloway,http://data.ordnancesurvey.co.uk/id/7000000000031903,http://data.ordnancesurvey.co.uk/ontology/admingeo/UnitaryAuthority,Scotland,http://data.ordnancesurvey.co.uk/id/7000000000041429,Scotland,http://data.ordnancesurvey.co.uk/id/country/scotland,,,
DG34EE,http://data.ordnancesurvey.co.uk/id/postcodeunit/DG34EE,DG3 4EE,,,,other,Postcode,279974.000,589058.000,3500,18000,,,,,,,,,,,,,Dumfries and Galloway,http://data.ordnancesurvey.co.uk/id/7000000000031903,http://data.ordnancesurvey.co.uk/ontology/admingeo/UnitaryAuthority,Scotland,http://data.ordnancesurvey.co.uk/id/7000000000041429,Scotland,http://data.ordnancesurvey.co.uk/id/country/scotland,,,
DG73SE,http://data.ordnancesurvey.co.uk/id/postcodeunit/DG73SE,DG7 3SE,,,,other,Postcode,261430.000,580040.000,3500,18000,,,,,,,,,,,,,Dumfries and Galloway,http://data.ordnancesurvey.co.uk/id/7000000000031903,http://data.ordnancesurvey.co.uk/ontology/admingeo/UnitaryAuthority,Scotland,http://data.ordnancesurvey.co.uk/id/7000000000041429,Scotland,http://data.ordnancesurvey.co.uk/id/country/scotland,,,
DG73UZ,http://data.ordnancesurvey.co.uk/id/postcodeunit/DG73UZ,DG7 3UZ,,,,other,Postcode,262396.000,581290.000,3500,18000,,,,,,,St John's Town of Dalry,http://data.ordnancesurvey.co.uk/id/4000000074564432,http://www.ordnancesurvey.co.uk/xml/codelists/localtype.xml#village,,,,Dumfries and Galloway,http://data.ordnancesurvey.co.uk/id/7000000000031903,http://data.ordnancesurvey.co.uk/ontology/admingeo/UnitaryAuthority,Scotland,http://data.ordnancesurvey.co.uk/id/7000000000041429,Scotland,http://data.ordnancesurvey.co.uk/id/country/scotland,,,
DG34EH,http://data.ordnancesurvey.co.uk/id/postcodeunit/DG34EH,DG3 4EH,,,,other,Postcode,277891.000,590678.000,3500,18000,,,,,,,Moniaive,http://data.ordnancesurvey.co.uk/id/4000000074564116,http://www.ordnancesurvey.co.uk/xml/codelists/localtype.xml#village,,,,Dumfries and Galloway,http://data.ordnancesurvey.co.uk/id/7000000000031903,http://data.ordnancesurvey.co.uk/ontology/admingeo/UnitaryAuthority,Scotland,http://data.ordnancesurvey.co.uk/id/7000000000041429,Scotland,http://data.ordnancesurvey.co.uk/id/country/scotland,,,
DG73WA,http://data.ordnancesurvey.co.uk/id/postcodeunit/DG73WA,DG7 3WA,,,,other,Postcode,262037.000,581225.000,3500,18000,,,,,,,St John's Town of Dalry,http://data.ordnancesurvey.co.uk/id/4000000074564432,http://www.ordnancesurvey.co.uk/xml/codelists/localtype.xml#village,,,,Dumfries and Galloway,http://data.ordnancesurvey.co.uk/id/7000000000031903,http://data.ordnancesurvey.co.uk/ontology/admingeo/UnitaryAuthority,Scotland,http://data.ordnancesurvey.co.uk/id/7000000000041429,Scotland,http://data.ordnancesurvey.co.uk/id/country/scotland,,,
DG34JD,http://data.ordnancesurvey.co.uk/id/postcodeunit/DG34JD,DG3 4JD,,,,other,Postcode,271891.000,591808.000,3500,18000,,,,,,,,,,,,,Dumfries and Galloway,http://data.ordnancesurvey.co.uk/id/7000000000031903,http://data.ordnancesurvey.co.uk/ontology/admingeo/UnitaryAuthority,Scotland,http://data.ordnancesurvey.co.uk/id/7000000000041429,Scotland,http://data.ordnancesurvey.co.uk/id/country/scotland,,,
DG34HT,http://data.ordnancesurvey.co.uk/id/postcodeunit/DG34HT,DG3 4HT,,,,other,Postcode,277565.000,591089.000,3500,18000,,,,,,,Moniaive,http://data.ordnancesurvey.co.uk/id/4000000074564116,http://www.ordnancesurvey.co.uk/xml/codelists/localtype.xml#village,,,,Dumfries and Galloway,http://data.ordnancesurvey.co.uk/id/7000000000031903,http://data.ordnancesurvey.co.uk/ontology/admingeo/UnitaryAuthority,Scotland,http://data.ordnancesurvey.co.uk/id/7000000000041429,Scotland,http://data.ordnancesurvey.co.uk/id/country/scotland,,,
DG34LD,http://data.ordnancesurvey.co.uk/id/postcodeunit/DG34LD,DG3 4LD,,,,other,Postcode,279607.000,593563.000,3500,18000,,,,,,,,,,,,,Dumfries and Galloway,http://data.ordnancesurvey.co.uk/id/7000000000031903,http://data.ordnancesurvey.co.uk/ontology/admingeo/UnitaryAuthority,Scotland,http://data.ordnancesurvey.co.uk/id/7000000000041429,Scotland,http://data.ordnancesurvey.co.uk/id/country/scotland,,,
DG73XJ,http://data.ordnancesurvey.co.uk/id/postcodeunit/DG73XJ,DG7 3XJ,,,,other,Postcode,265607.000,585087.000,3500,18000,,,,,,,,,,,,,Dumfries and Galloway,http://data.ordnancesurvey.co.uk/id/7000000000031903,http://data.ordnancesurvey.co.uk/ontology/admingeo/UnitaryAuthority,Scotland,http://data.ordnancesurvey.co.uk/id/7000000000041429,Scotland,http://data.ordnancesurvey.co.uk/id/country/scotland,,,
DG34EN,http://data.ordnancesurvey.co.uk/id/postcodeunit/DG34EN,DG3 4EN,,,,other,Postcode,276513.000,589198.000,3500,18000,,,,,,,,,,,,,Dumfries and Galloway,http://data.ordnancesurvey.co.uk/id/7000000000031903,http://data.ordnancesurvey.co.uk/ontology/admingeo/UnitaryAuthority,Scotland,http://data.ordnancesurvey.co.uk/id/7000000000041429,Scotland,http://data.ordnancesurvey.co.uk/id/country/scotland,,,
DG73TT,http://data.ordnancesurvey.co.uk/id/postcodeunit/DG73TT,DG7 3TT,,,,other,Postcode,262604.000,581332.000,3500,18000,,,,,,,St John's Town of Dalry,http://data.ordnancesurvey.co.uk/id/4000000074564432,http://www.ordnancesurvey.co.uk/xml/codelists/localtype.xml#village,,,,Dumfries and Galloway,http://data.ordnancesurvey.co.uk/id/7000000000031903,http://data.ordnancesurvey.co.uk/ontology/admingeo/UnitaryAuthority,Scotland,http://data.ordnancesurvey.co.uk/id/7000000000041429,Scotland,http://data.ordnancesurvey.co.uk/id/country/scotland,,,
DG73SF,http://data.ordnancesurvey.co.uk/id/postcodeunit/DG73SF,DG7 3SF,,,,other,Postcode,260662.000,580314.000,3500,18000,,,,,,,,,,,,,Dumfries and Galloway,http://data.ordnancesurvey.co.uk/id/7000000000031903,http://data.ordnancesurvey.co.uk/ontology/admingeo/UnitaryAuthority,Scotland,http://data.ordnancesurvey.co.uk/id/7000000000041429,Scotland,http://data.ordnancesurvey.co.uk/id/country/scotland,,,
DG34ER,http://data.ordnancesurvey.co.uk/id/postcodeunit/DG34ER,DG3 4ER,,,,other,Postcode,273028.000,586952.000,3500,18000,,,,,,,,,,,,,Dumfries and Galloway,http://data.ordnancesurvey.co.uk/id/7000000000031903,http://data.ordnancesurvey.co.uk/ontology/admingeo/UnitaryAuthority,Scotland,http://data.ordnancesurvey.co.uk/id/7000000000041429,Scotland,http://data.ordnancesurvey.co.uk/id/country/scotland,,,
DG73UL,http://data.ordnancesurvey.co.uk/id/postcodeunit/DG73UL,DG7 3UL,,,,other,Postcode,262479.000,581291.000,3500,18000,,,,,,,,,,,,,Dumfries and Galloway,http://data.ordnancesurvey.co.uk/id/7000000000031903,http://data.ordnancesurvey.co.uk/ontology/admingeo/UnitaryAuthority,Scotland,http://data.ordnancesurvey.co.uk/id/7000000000041429,Scotland,http://data.ordnancesurvey.co.uk/id/country/scotland,,,
DG34EG,http://data.ordnancesurvey.co.uk/id/postcodeunit/DG34EG,DG3 4EG,,,,other,Postcode,278438.000,590024.000,3500,18000,,,,,,,,,,,,,Dumfries and Galloway,http://data.ordnancesurvey.co.uk/id/7000000000031903,http://data.ordnancesurvey.co.uk/ontology/admingeo/UnitaryAuthority,Scotland,http://data.ordnancesurvey.co.uk/id/7000000000041429,Scotland,http://data.ordnancesurvey.co.uk/id/country/scotland,,,
DG73UW,http://data.ordnancesurvey.co.uk/id/postcodeunit/DG73UW,DG7 3UW,,,,other,Postcode,262149.000,581259.000,3500,18000,,,,,,,St John's Town of Dalry,http://data.ordnancesurvey.co.uk/id/4000000074564432,http://www.ordnancesurvey.co.uk/xml/codelists/localtype.xml#village,,,,Dumfries and Galloway,http://data.ordnancesurvey.co.uk/id/7000000000031903,http://data.ordnancesurvey.co.uk/ontology/admingeo/UnitaryAuthority,Scotland,http://data.ordnancesurvey.co.uk/id/7000000000041429,Scotland,http://data.ordnancesurvey.co.uk/id/country/scotland,,,
DG73UQ,http://data.ordnancesurvey.co.uk/id/postcodeunit/DG73UQ,DG7 3UQ,,,,other,Postcode,262606.000,581437.000,3500,18000,,,,,,,St John's Town of Dalry,http://data.ordnancesurvey.co.uk/id/4000000074564432,http://www.ordnancesurvey.co.uk/xml/codelists/localtype.xml#village,,,,Dumfries and Galloway,http://data.ordnancesurvey.co.uk/id/7000000000031903,http://data.ordnancesurvey.co.uk/ontology/admingeo/UnitaryAuthority,Scotland,http://data.ordnancesurvey.co.uk/id/7000000000041429,Scotland,http://data.ordnancesurvey.co.uk/id/country/scotland,,,
DG73DX,http://data.ordnancesurvey.co.uk/id/postcodeunit/DG73DX,DG7 3DX,,,,other,Postcode,274879.000,580635.000,3500,18000,,,,,,,,,,,,,Dumfries and Galloway,http://data.ordnancesurvey.co.uk/id/7000000000031903,http://data.ordnancesurvey.co.uk/ontology/admingeo/UnitaryAuthority,Scotland,http://data.ordnancesurvey.co.uk/id/7000000000041429,Scotland,http://data.ordnancesurvey.co.uk/id/country/scotland,,,
DG73XL,http://data.ordnancesurvey.co.uk/id/postcodeunit/DG73XL,DG7 3XL,,,,other,Postcode,264958.000,586611.000,3500,18000,,,,,,,,,,,,,Dumfries and Galloway,http://data.ordnancesurvey.co.uk/id/7000000000031903,http://data.ordnancesurvey.co.uk/ontology/admingeo/UnitaryAuthority,Scotland,http://data.ordnancesurvey.co.uk/id/7000000000041429,Scotland,http://data.ordnancesurvey.co.uk/id/country/scotland,,,
DG73TD,http://data.ordnancesurvey.co.uk/id/postcodeunit/DG73TD,DG7 3TD,,,,other,Postcode,260995.000,590603.000,3500,18000,,,,,,,,,,,,,Dumfries and Galloway,http://data.ordnancesurvey.co.uk/id/7000000000031903,http://data.ordnancesurvey.co.uk/ontology/admingeo/UnitaryAuthority,Scotland,http://data.ordnancesurvey.co.uk/id/7000000000041429,Scotland,http://data.ordnancesurvey.co.uk/id/country/scotland,,,
DG73UR,http://data.ordnancesurvey.co.uk/id/postcodeunit/DG73UR,DG7 3UR,,,,other,Postcode,262530.000,581501.000,3500,18000,,,,,,,St John's Town of Dalry,http://data.ordnancesurvey.co.uk/id/4000000074564432,http://www.ordnancesurvey.co.uk/xml/codelists/localtype.xml#village,,,,Dumfries and Galloway,http://data.ordnancesurvey.co.uk/id/7000000000031903,http://data.ordnancesurvey.co.uk/ontology/admingeo/UnitaryAuthority,Scotland,http://data.ordnancesurvey.co.uk/id/7000000000041429,Scotland,http://data.ordnancesurvey.co.uk/id/country/scotland,,,
DG34LE,http://data.ordnancesurvey.co.uk/id/postcodeunit/DG34LE,DG3 4LE,,,,other,Postcode,277693.000,594540.000,3500,18000,,,,,,,,,,,,,Dumfries and Galloway,http://data.ordnancesurvey.co.uk/id/7000000000031903,http://data.ordnancesurvey.co.uk/ontology/admingeo/UnitaryAuthority,Scotland,http://data.ordnancesurvey.co.uk/id/7000000000041429,Scotland,http://data.ordnancesurvey.co.uk/id/country/scotland,,,
DG34HX,http://data.ordnancesurvey.co.uk/id/postcodeunit/DG34HX,DG3 4HX,,,,other,Postcode,277667.000,591058.000,3500,18000,,,,,,,Moniaive,http://data.ordnancesurvey.co.uk/id/4000000074564116,http://www.ordnancesurvey.co.uk/xml/codelists/localtype.xml#village,,,,Dumfries and Galloway,http://data.ordnancesurvey.co.uk/id/7000000000031903,http://data.ordnancesurvey.co.uk/ontology/admingeo/UnitaryAuthority,Scotland,http://data.ordnancesurvey.co.uk/id/7000000000041429,Scotland,http://data.ordnancesurvey.co.uk/id/country/scotland,,,
DG34JA,http://data.ordnancesurvey.co.uk/id/postcodeunit/DG34JA,DG3 4JA,,,,other,Postcode,276359.000,590854.000,3500,18000,,,,,,,,,,,,,Dumfries and Galloway,http://data.ordnancesurvey.co.uk/id/7000000000031903,http://data.ordnancesurvey.co.uk/ontology/admingeo/UnitaryAuthority,Scotland,http://data.ordnancesurvey.co.uk/id/7000000000041429,Scotland,http://data.ordnancesurvey.co.uk/id/country/scotland,,,
DG73XQ,http://data.ordnancesurvey.co.uk/id/postcodeunit/DG73XQ,DG7 3XQ,,,,other,Postcode,265106.000,580185.000,3500,18000,,,,,,,,,,,,,Dumfries and Galloway,http://data.ordnancesurvey.co.uk/id/7000000000031903,http://data.ordnancesurvey.co.uk/ontology/admingeo/UnitaryAuthority,Scotland,http://data.ordnancesurvey.co.uk/id/7000000000041429,Scotland,http://data.ordnancesurvey.co.uk/id/country/scotland,,,
DG73SS,http://data.ordnancesurvey.co.uk/id/postcodeunit/DG73SS,DG7 3SS,,,,other,Postcode,260816.000,583288.000,3500,18000,,,,,,,,,,,,,Dumfries and Galloway,http://data.ordnancesurvey.co.uk/id/7000000000031903,http://data.ordnancesurvey.co.uk/ontology/admingeo/UnitaryAuthority,Scotland,http://data.ordnancesurvey.co.uk/id/7000000000041429,Scotland,http://data.ordnancesurvey.co.uk/id/country/scotland,,,
DG73SR,http://data.ordnancesurvey.co.uk/id/postcodeunit/DG73SR,DG7 3SR,,,,other,Postcode,261585.000,582084.000,3500,18000,,,,,,,,,,,,,Dumfries and Galloway,http://data.ordnancesurvey.co.uk/id/7000000000031903,http://data.ordnancesurvey.co.uk/ontology/admingeo/UnitaryAuthority,Scotland,http://data.ordnancesurvey.co.uk/id/7000000000041429,Scotland,http://data.ordnancesurvey.co.uk/id/country/scotland,,,
DG73XN,http://data.ordnancesurvey.co.uk/id/postcodeunit/DG73XN,DG7 3XN,,,,other,Postcode,262440.000,586832.000,3500,18000,,,,,,,,,,,,,Dumfries and Galloway,http://data.ordnancesurvey.co.uk/id/7000000000031903,http://data.ordnancesurvey.co.uk/ontology/admingeo/UnitaryAuthority,Scotland,http://data.ordnancesurvey.co.uk/id/7000000000041429,Scotland,http://data.ordnancesurvey.co.uk/id/country/scotland,,,
DG73PJ,http://data.ordnancesurvey.co.uk/id/postcodeunit/DG73PJ,DG7 3PJ,,,,other,Postcode,262187.000,580698.000,3500,18000,,,,,,,,,,,,,Dumfries and Galloway,http://data.ordnancesurvey.co.uk/id/7000000000031903,http://data.ordnancesurvey.co.uk/ontology/admingeo/UnitaryAuthority,Scotland,http://data.ordnancesurvey.co.uk/id/7000000000041429,Scotland,http://data.ordnancesurvey.co.uk/id/country/scotland,,,
DG73DY,http://data.ordnancesurvey.co.uk/id/postcodeunit/DG73DY,DG7 3DY,,,,other,Postcode,274323.000,581770.000,3500,18000,,,,,,,,,,,,,Dumfries and Galloway,http://data.ordnancesurvey.co.uk/id/7000000000031903,http://data.ordnancesurvey.co.uk/ontology/admingeo/UnitaryAuthority,Scotland,http://data.ordnancesurvey.co.uk/id/7000000000041429,Scotland,http://data.ordnancesurvey.co.uk/id/country/scotland,,,
DG73TS,http://data.ordnancesurvey.co.uk/id/postcodeunit/DG73TS,DG7 3TS,,,,other,Postcode,262269.000,581379.000,3500,18000,,,,,,,St John's Town of Dalry,http://data.ordnancesurvey.co.uk/id/4000000074564432,http://www.ordnancesurvey.co.uk/xml/codelists/localtype.xml#village,,,,Dumfries and Galloway,http://data.ordnancesurvey.co.uk/id/7000000000031903,http://data.ordnancesurvey.co.uk/ontology/admingeo/UnitaryAuthority,Scotland,http://data.ordnancesurvey.co.uk/id/7000000000041429,Scotland,http://data.ordnancesurvey.co.uk/id/country/scotland,,,
DG73XW,http://data.ordnancesurvey.co.uk/id/postcodeunit/DG73XW,DG7 3XW,,,,other,Postcode,261240.000,580996.000,3500,18000,,,,,,,,,,,,,Dumfries and Galloway,http://data.ordnancesurvey.co.uk/id/7000000000031903,http://data.ordnancesurvey.co.uk/ontology/admingeo/UnitaryAuthority,Scotland,http://data.ordnancesurvey.co.uk/id/7000000000041429,Scotland,http://data.ordnancesurvey.co.uk/id/country/scotland,,,
DG73UD,http://data.ordnancesurvey.co.uk/id/postcodeunit/DG73UD,DG7 3UD,,,,other,Postcode,261873.000,589139.000,3500,18000,,,,,,,,,,,,,Dumfries and Galloway,http://data.ordnancesurvey.co.uk/id/7000000000031903,http://data.ordnancesurvey.co.uk/ontology/admingeo/UnitaryAuthority,Scotland,http://data.ordnancesurvey.co.uk/id/7000000000041429,Scotland,http://data.ordnancesurvey.co.uk/id/country/scotland,,,
DG34HZ,http://data.ordnancesurvey.co.uk/id/postcodeunit/DG34HZ,DG3 4HZ,,,,other,Postcode,277301.000,591198.000,3500,18000,,,,,,,Moniaive,http://data.ordnancesurvey.co.uk/id/4000000074564116,http://www.ordnancesurvey.co.uk/xml/codelists/localtype.xml#village,,,,Dumfries and Galloway,http://data.ordnancesurvey.co.uk/id/7000000000031903,http://data.ordnancesurvey.co.uk/ontology/admingeo/UnitaryAuthority,Scotland,http://data.ordnancesurvey.co.uk/id/7000000000041429,Scotland,http://data.ordnancesurvey.co.uk/id/country/scotland,,,
DG73TU,http://data.ordnancesurvey.co.uk/id/postcodeunit/DG73TU,DG7 3TU,,,,other,Postcode,262865.000,581683.000,3500,18000,,,,,,,,,,,,,Dumfries and Galloway,http://data.ordnancesurvey.co.uk/id/7000000000031903,http://data.ordnancesurvey.co.uk/ontology/admingeo/UnitaryAuthority,Scotland,http://data.ordnancesurvey.co.uk/id/7000000000041429,Scotland,http://data.ordnancesurvey.co.uk/id/country/scotland,,,
DG20UX,http://data.ordnancesurvey.co.uk/id/postcodeunit/DG20UX,DG2 0UX,,,,other,Postcode,278696.000,583146.000,3500,18000,,,,,,,,,,,,,Dumfries and Galloway,http://data.ordnancesurvey.co.uk/id/7000000000031903,http://data.ordnancesurvey.co.uk/ontology/admingeo/UnitaryAuthority,Scotland,http://data.ordnancesurvey.co.uk/id/7000000000041429,Scotland,http://data.ordnancesurvey.co.uk/id/country/scotland,,,
DG73XE,http://data.ordnancesurvey.co.uk/id/postcodeunit/DG73XE,DG7 3XE,,,,other,Postcode,263702.000,581810.000,3500,18000,,,,,,,,,,,,,Dumfries and Galloway,http://data.ordnancesurvey.co.uk/id/7000000000031903,http://data.ordnancesurvey.co.uk/ontology/admingeo/UnitaryAuthority,Scotland,http://data.ordnancesurvey.co.uk/id/7000000000041429,Scotland,http://data.ordnancesurvey.co.uk/id/country/scotland,,,
DG73QG,http://data.ordnancesurvey.co.uk/id/postcodeunit/DG73QG,DG7 3QG,,,,other,Postcode,266093.000,580551.000,3500,18000,,,,,,,,,,,,,Dumfries and Galloway,http://data.ordnancesurvey.co.uk/id/7000000000031903,http://data.ordnancesurvey.co.uk/ontology/admingeo/UnitaryAuthority,Scotland,http://data.ordnancesurvey.co.uk/id/7000000000041429,Scotland,http://data.ordnancesurvey.co.uk/id/country/scotland,,,
DG34EQ,http://data.ordnancesurvey.co.uk/id/postcodeunit/DG34EQ,DG3 4EQ,,,,other,Postcode,277680.000,590639.000,3500,18000,,,,,,,,,,,,,Dumfries and Galloway,http://data.ordnancesurvey.co.uk/id/7000000000031903,http://data.ordnancesurvey.co.uk/ontology/admingeo/UnitaryAuthority,Scotland,http://data.ordnancesurvey.co.uk/id/7000000000041429,Scotland,http://data.ordnancesurvey.co.uk/id/country/scotland,,,
DG73TY,http://data.ordnancesurvey.co.uk/id/postcodeunit/DG73TY,DG7 3TY,,,,other,Postcode,261632.000,583543.000,3500,18000,,,,,,,,,,,,,Dumfries and Galloway,http://data.ordnancesurvey.co.uk/id/7000000000031903,http://data.ordnancesurvey.co.uk/ontology/admingeo/UnitaryAuthority,Scotland,http://data.ordnancesurvey.co.uk/id/7000000000041429,Scotland,http://data.ordnancesurvey.co.uk/id/country/scotland,,,
DG73XF,http://data.ordnancesurvey.co.uk/id/postcodeunit/DG73XF,DG7 3XF,,,,other,Postcode,264406.000,581206.000,3500,18000,,,,,,,,,,,,,Dumfries and Galloway,http://data.ordnancesurvey.co.uk/id/7000000000031903,http://data.ordnancesurvey.co.uk/ontology/admingeo/UnitaryAuthority,Scotland,http://data.ordnancesurvey.co.uk/id/7000000000041429,Scotland,http://data.ordnancesurvey.co.uk/id/country/scotland,,,
DG34HL,http://data.ordnancesurvey.co.uk/id/postcodeunit/DG34HL,DG3 4HL,,,,other,Postcode,279816.000,592157.000,3500,18000,,,,,,,,,,,,,Dumfries and Galloway,http://data.ordnancesurvey.co.uk/id/7000000000031903,http://data.ordnancesurvey.co.uk/ontology/admingeo/UnitaryAuthority,Scotland,http://data.ordnancesurvey.co.uk/id/7000000000041429,Scotland,http://data.ordnancesurvey.co.uk/id/country/scotland,,,
DG34JB,http://data.ordnancesurvey.co.uk/id/postcodeunit/DG34JB,DG3 4JB,,,,other,Postcode,274143.000,590904.000,3500,18000,,,,,,,,,,,,,Dumfries and Galloway,http://data.ordnancesurvey.co.uk/id/7000000000031903,http://data.ordnancesurvey.co.uk/ontology/admingeo/UnitaryAuthority,Scotland,http://data.ordnancesurvey.co.uk/id/7000000000041429,Scotland,http://data.ordnancesurvey.co.uk/id/country/scotland,,,
DG34HP,http://data.ordnancesurvey.co.uk/id/postcodeunit/DG34HP,DG3 4HP,,,,other,Postcode,277584.000,590972.000,3500,18000,,,,,,,Moniaive,http://data.ordnancesurvey.co.uk/id/4000000074564116,http://www.ordnancesurvey.co.uk/xml/codelists/localtype.xml#village,,,,Dumfries and Galloway,http://data.ordnancesurvey.co.uk/id/7000000000031903,http://data.ordnancesurvey.co.uk/ontology/admingeo/UnitaryAuthority,Scotland,http://data.ordnancesurvey.co.uk/id/7000000000041429,Scotland,http://data.ordnancesurvey.co.uk/id/country/scotland,,,
osgb4000000006896079,http://data.ordnancesurvey.co.uk/id/4000000006896079,Chapel Street,,,,transportNetwork,Named Road,277854.510,590823.011,1000,20000,277832.066,590722.403,277864.000,590915.309,DG3,http://data.ordnancesurvey.co.uk/id/postcodedistrict/DG3,Moniaive,http://data.ordnancesurvey.co.uk/id/4000000074564116,http://www.ordnancesurvey.co.uk/xml/codelists/localtype.xml#village,,,,Dumfries and Galloway,http://data.ordnancesurvey.co.uk/id/7000000000031903,http://data.ordnancesurvey.co.uk/ontology/admingeo/UnitaryAuthority,Scotland,http://data.ordnancesurvey.co.uk/id/7000000000041429,Scotland,http://data.ordnancesurvey.co.uk/id/country/scotland,,,
osgb4000000006896686,http://data.ordnancesurvey.co.uk/id/4000000006896686,St John's Way,,,,transportNetwork,Named Road,262610.400,581417.596,1000,20000,262594.400,581365.596,262642.600,581442.009,DG7,http://data.ordnancesurvey.co.uk/id/postcodedistrict/DG7,St John's Town of Dalry,http://data.ordnancesurvey.co.uk/id/4000000074564432,http://www.ordnancesurvey.co.uk/xml/codelists/localtype.xml#village,,,,Dumfries and Galloway,http://data.ordnancesurvey.co.uk/id/7000000000031903,http://data.ordnancesurvey.co.uk/ontology/admingeo/UnitaryAuthority,Scotland,http://data.ordnancesurvey.co.uk/id/7000000000041429,Scotland,http://data.ordnancesurvey.co.uk/id/country/scotland,,,
osgb4000000006895037,http://data.ordnancesurvey.co.uk/id/4000000006895037,Dunreggan Brae,,,,transportNetwork,Named Road,279056.000,591701.000,14000,20000,278001.000,590962.842,280088.983,592594.979,DG3,http://data.ordnancesurvey.co.uk/id/postcodedistrict/DG3,,,,,,,Dumfries and Galloway,http://data.ordnancesurvey.co.uk/id/7000000000031903,http://data.ordnancesurvey.co.uk/ontology/admingeo/UnitaryAuthority,Scotland,http://data.ordnancesurvey.co.uk/id/7000000000041429,Scotland,http://data.ordnancesurvey.co.uk/id/country/scotland,,,
9b063dd9-812f-4978-84ad-d0e9a7ff2cea,http://data.ordnancesurvey.co.uk/id/9b063dd9-812f-4978-84ad-d0e9a7ff2cea,Ayr Road,,,,transportNetwork,Section Of Named Road,261913.000,581414.000,3000,25000,261737.715,581178.000,261998.000,581616.295,DG7,http://data.ordnancesurvey.co.uk/id/postcodedistrict/DG7,St John's Town of Dalry,http://data.ordnancesurvey.co.uk/id/4000000074564432,http://www.ordnancesurvey.co.uk/xml/codelists/localtype.xml#village,,,,Dumfries and Galloway,http://data.ordnancesurvey.co.uk/id/7000000000031903,http://data.ordnancesurvey.co.uk/ontology/admingeo/UnitaryAuthority,Scotland,http://data.ordnancesurvey.co.uk/id/7000000000041429,Scotland,http://data.ordnancesurvey.co.uk/id/country/scotland,osgb4000000006895034,,
osgb4000000006896073,http://data.ordnancesurvey.co.uk/id/4000000006896073,Townhead Crescent,,,,transportNetwork,Named Road,262536.400,581468.596,1000,20000,262500.797,581406.396,262546.200,581556.872,DG7,http://data.ordnancesurvey.co.uk/id/postcodedistrict/DG7,St John's Town of Dalry,http://data.ordnancesurvey.co.uk/id/4000000074564432,http://www.ordnancesurvey.co.uk/xml/codelists/localtype.xml#village,,,,Dumfries and Galloway,http://data.ordnancesurvey.co.uk/id/7000000000031903,http://data.ordnancesurvey.co.uk/ontology/admingeo/UnitaryAuthority,Scotland,http://data.ordnancesurvey.co.uk/id/7000000000041429,Scotland,http://data.ordnancesurvey.co.uk/id/country/scotland,,,
958732f6-0469-4b9f-86c4-3959aee30623,http://data.ordnancesurvey.co.uk/id/958732f6-0469-4b9f-86c4-3959aee30623,Midtown,,,,transportNetwork,Section Of Named Road,262529.400,581406.396,2000,25000,262391.000,581335.000,262657.905,581519.889,DG7,http://data.ordnancesurvey.co.uk/id/postcodedistrict/DG7,St John's Town of Dalry,http://data.ordnancesurvey.co.uk/id/4000000074564432,http://www.ordnancesurvey.co.uk/xml/codelists/localtype.xml#village,,,,Dumfries and Galloway,http://data.ordnancesurvey.co.uk/id/7000000000031903,http://data.ordnancesurvey.co.uk/ontology/admingeo/UnitaryAuthority,Scotland,http://data.ordnancesurvey.co.uk/id/7000000000041429,Scotland,http://data.ordnancesurvey.co.uk/id/country/scotland,osgb4000000006895175,,
osgb4000000006900293,http://data.ordnancesurvey.co.uk/id/4000000006900293,Dalmacallan View,,,,transportNetwork,Named Road,278347.355,590742.762,1000,20000,278323.639,590731.797,278373.753,590772.878,DG3,http://data.ordnancesurvey.co.uk/id/postcodedistrict/DG3,Moniaive,http://data.ordnancesurvey.co.uk/id/4000000074564116,http://www.ordnancesurvey.co.uk/xml/codelists/localtype.xml#village,,,,Dumfries and Galloway,http://data.ordnancesurvey.co.uk/id/7000000000031903,http://data.ordnancesurvey.co.uk/ontology/admingeo/UnitaryAuthority,Scotland,http://data.ordnancesurvey.co.uk/id/7000000000041429,Scotland,http://data.ordnancesurvey.co.uk/id/country/scotland,,,
osgb4000000006896080,http://data.ordnancesurvey.co.uk/id/4000000006896080,North Street,,,,transportNetwork,Named Road,277627.204,591119.912,3000,20000,277407.000,590930.000,277818.000,591193.000,DG3,http://data.ordnancesurvey.co.uk/id/postcodedistrict/DG3,Moniaive,http://data.ordnancesurvey.co.uk/id/4000000074564116,http://www.ordnancesurvey.co.uk/xml/codelists/localtype.xml#village,,,,Dumfries and Galloway,http://data.ordnancesurvey.co.uk/id/7000000000031903,http://data.ordnancesurvey.co.uk/ontology/admingeo/UnitaryAuthority,Scotland,http://data.ordnancesurvey.co.uk/id/7000000000041429,Scotland,http://data.ordnancesurvey.co.uk/id/country/scotland,,,
osgb4000000006897088,http://data.ordnancesurvey.co.uk/id/4000000006897088,Neis Place,,,,transportNetwork,Named Road,277599.744,591067.786,1000,20000,277599.744,591067.786,277627.204,591119.912,DG3,http://data.ordnancesurvey.co.uk/id/postcodedistrict/DG3,Moniaive,http://data.ordnancesurvey.co.uk/id/4000000074564116,http://www.ordnancesurvey.co.uk/xml/codelists/localtype.xml#village,,,,Dumfries and Galloway,http://data.ordnancesurvey.co.uk/id/7000000000031903,http://data.ordnancesurvey.co.uk/ontology/admingeo/UnitaryAuthority,Scotland,http://data.ordnancesurvey.co.uk/id/7000000000041429,Scotland,http://data.ordnancesurvey.co.uk/id/country/scotland,,,
osgb4000000006896081,http://data.ordnancesurvey.co.uk/id/4000000006896081,Craignee Drive,,,,transportNetwork,Named Road,277552.881,591082.092,1000,20000,277486.000,591050.954,277634.635,591095.000,DG3,http://data.ordnancesurvey.co.uk/id/postcodedistrict/DG3,Moniaive,http://data.ordnancesurvey.co.uk/id/4000000074564116,http://www.ordnancesurvey.co.uk/xml/codelists/localtype.xml#village,,,,Dumfries and Galloway,http://data.ordnancesurvey.co.uk/id/7000000000031903,http://data.ordnancesurvey.co.uk/ontology/admingeo/UnitaryAuthority,Scotland,http://data.ordnancesurvey.co.uk/id/7000000000041429,Scotland,http://data.ordnancesurvey.co.uk/id/country/scotland,,,
osgb5000005122066875,http://data.ordnancesurvey.co.uk/id/5000005122066875,Mulloch View,,,,transportNetwork,Named Road,262514.792,581313.815,1000,20000,262497.879,581251.621,262529.260,581369.235,DG7,http://data.ordnancesurvey.co.uk/id/postcodedistrict/DG7,,,,,,,Dumfries and Galloway,http://data.ordnancesurvey.co.uk/id/7000000000031903,http://data.ordnancesurvey.co.uk/ontology/admingeo/UnitaryAuthority,Scotland,http://data.ordnancesurvey.co.uk/id/7000000000041429,Scotland,http://data.ordnancesurvey.co.uk/id/country/scotland,,,
osgb4000000006895452,http://data.ordnancesurvey.co.uk/id/4000000006895452,Ayr Street,,,,transportNetwork,Named Road,277626.000,590927.000,2000,20000,277438.469,590905.000,277818.000,591008.000,DG3,http://data.ordnancesurvey.co.uk/id/postcodedistrict/DG3,Moniaive,http://data.ordnancesurvey.co.uk/id/4000000074564116,http://www.ordnancesurvey.co.uk/xml/codelists/localtype.xml#village,,,,Dumfries and Galloway,http://data.ordnancesurvey.co.uk/id/7000000000031903,http://data.ordnancesurvey.co.uk/ontology/admingeo/UnitaryAuthority,Scotland,http://data.ordnancesurvey.co.uk/id/7000000000041429,Scotland,http://data.ordnancesurvey.co.uk/id/country/scotland,,,
osgb5000005122066873,http://data.ordnancesurvey.co.uk/id/5000005122066873,Mulloch Drive,,,,transportNetwork,Named Road,262476.205,581276.300,1000,20000,262459.699,581261.911,262506.355,581283.160,DG7,http://data.ordnancesurvey.co.uk/id/postcodedistrict/DG7,,,,,,,Dumfries and Galloway,http://data.ordnancesurvey.co.uk/id/7000000000031903,http://data.ordnancesurvey.co.uk/ontology/admingeo/UnitaryAuthority,Scotland,http://data.ordnancesurvey.co.uk/id/7000000000041429,Scotland,http://data.ordnancesurvey.co.uk/id/country/scotland,,,
osgb4000000006897083,http://data.ordnancesurvey.co.uk/id/4000000006897083,Burn Court,,,,transportNetwork,Named Road,262396.200,581313.796,1000,20000,262391.000,581293.996,262415.400,581335.000,DG7,http://data.ordnancesurvey.co.uk/id/postcodedistrict/DG7,St John's Town of Dalry,http://data.ordnancesurvey.co.uk/id/4000000074564432,http://www.ordnancesurvey.co.uk/xml/codelists/localtype.xml#village,,,,Dumfries and Galloway,http://data.ordnancesurvey.co.uk/id/7000000000031903,http://data.ordnancesurvey.co.uk/ontology/admingeo/UnitaryAuthority,Scotland,http://data.ordnancesurvey.co.uk/id/7000000000041429,Scotland,http://data.ordnancesurvey.co.uk/id/country/scotland,,,
osgb4000000006896072,http://data.ordnancesurvey.co.uk/id/4000000006896072,Throughgate,,,,transportNetwork,Named Road,262192.000,581141.000,1000,20000,262128.000,581079.532,262277.481,581237.000,DG7,http://data.ordnancesurvey.co.uk/id/postcodedistrict/DG7,St John's Town of Dalry,http://data.ordnancesurvey.co.uk/id/4000000074564432,http://www.ordnancesurvey.co.uk/xml/codelists/localtype.xml#village,,,,Dumfries and Galloway,http://data.ordnancesurvey.co.uk/id/7000000000031903,http://data.ordnancesurvey.co.uk/ontology/admingeo/UnitaryAuthority,Scotland,http://data.ordnancesurvey.co.uk/id/7000000000041429,Scotland,http://data.ordnancesurvey.co.uk/id/country/scotland,,,
93e3a789-6baf-4886-bd17-488d76d0a534,http://data.ordnancesurvey.co.uk/id/93e3a789-6baf-4886-bd17-488d76d0a534,Dunreggan Brae,,,,transportNetwork,Section Of Named Road,278042.563,591017.977,1000,25000,278001.000,590962.842,278098.640,591066.288,DG3,http://data.ordnancesurvey.co.uk/id/postcodedistrict/DG3,Moniaive,http://data.ordnancesurvey.co.uk/id/4000000074564116,http://www.ordnancesurvey.co.uk/xml/codelists/localtype.xml#village,,,,Dumfries and Galloway,http://data.ordnancesurvey.co.uk/id/7000000000031903,http://data.ordnancesurvey.co.uk/ontology/admingeo/UnitaryAuthority,Scotland,http://data.ordnancesurvey.co.uk/id/7000000000041429,Scotland,http://data.ordnancesurvey.co.uk/id/country/scotland,osgb4000000006895037,,
osgb4000000006895034,http://data.ordnancesurvey.co.uk/id/4000000006895034,Ayr Road,,,,transportNetwork,Named Road,260925.000,583157.000,20000,27000,260347.000,581178.000,261998.000,585293.000,DG7,http://data.ordnancesurvey.co.uk/id/postcodedistrict/DG7,,,,,,,Dumfries and Galloway,http://data.ordnancesurvey.co.uk/id/7000000000031903,http://data.ordnancesurvey.co.uk/ontology/admingeo/UnitaryAuthority,Scotland,http://data.ordnancesurvey.co.uk/id/7000000000041429,Scotland,http://data.ordnancesurvey.co.uk/id/country/scotland,,,
osgb4000000006896077,http://data.ordnancesurvey.co.uk/id/4000000006896077,Beech Drive,,,,transportNetwork,Named Road,273000.000,586973.000,1000,20000,272923.138,586886.000,273034.000,587021.272,DG3,http://data.ordnancesurvey.co.uk/id/postcodedistrict/DG3,,,,,,,Dumfries and Galloway,http://data.ordnancesurvey.co.uk/id/7000000000031903,http://data.ordnancesurvey.co.uk/ontology/admingeo/UnitaryAuthority,Scotland,http://data.ordnancesurvey.co.uk/id/7000000000041429,Scotland,http://data.ordnancesurvey.co.uk/id/country/scotland,,,
osgb4000000006895069,http://data.ordnancesurvey.co.uk/id/4000000006895069,Main Street,,,,transportNetwork,Named Road,262421.000,580334.000,10000,20000,261933.000,579755.000,263447.000,581335.000,DG7,http://data.ordnancesurvey.co.uk/id/postcodedistrict/DG7,,,,,,,Dumfries and Galloway,http://data.ordnancesurvey.co.uk/id/7000000000031903,http://data.ordnancesurvey.co.uk/ontology/admingeo/UnitaryAuthority,Scotland,http://data.ordnancesurvey.co.uk/id/7000000000041429,Scotland,http://data.ordnancesurvey.co.uk/id/country/scotland,,,
osgb4000000006895449,http://data.ordnancesurvey.co.uk/id/4000000006895449,Kirkland Street,,,,transportNetwork,Named Road,262277.481,581079.532,3000,20000,262134.000,580852.000,262383.000,581333.000,DG7,http://data.ordnancesurvey.co.uk/id/postcodedistrict/DG7,St John's Town of Dalry,http://data.ordnancesurvey.co.uk/id/4000000074564432,http://www.ordnancesurvey.co.uk/xml/codelists/localtype.xml#village,,,,Dumfries and Galloway,http://data.ordnancesurvey.co.uk/id/7000000000031903,http://data.ordnancesurvey.co.uk/ontology/admingeo/UnitaryAuthority,Scotland,http://data.ordnancesurvey.co.uk/id/7000000000041429,Scotland,http://data.ordnancesurvey.co.uk/id/country/scotland,,,
osgb4000000006896685,http://data.ordnancesurvey.co.uk/id/4000000006896685,Underhill,,,,transportNetwork,Named Road,262280.000,581346.000,1000,20000,262242.514,581304.000,262310.000,581394.143,DG7,http://data.ordnancesurvey.co.uk/id/postcodedistrict/DG7,St John's Town of Dalry,http://data.ordnancesurvey.co.uk/id/4000000074564432,http://www.ordnancesurvey.co.uk/xml/codelists/localtype.xml#village,,,,Dumfries and Galloway,http://data.ordnancesurvey.co.uk/id/7000000000031903,http://data.ordnancesurvey.co.uk/ontology/admingeo/UnitaryAuthority,Scotland,http://data.ordnancesurvey.co.uk/id/7000000000041429,Scotland,http://data.ordnancesurvey.co.uk/id/country/scotland,,,
osgb4000000006899672,http://data.ordnancesurvey.co.uk/id/4000000006899672,B729,,,,transportNetwork,Numbered Road,276167.000,590827.000,249000,250000,256712.000,579502.056,294950.000,593195.000,DG3,http://data.ordnancesurvey.co.uk/id/postcodedistrict/DG3,,,,,,,Dumfries and Galloway,http://data.ordnancesurvey.co.uk/id/7000000000031903,http://data.ordnancesurvey.co.uk/ontology/admingeo/UnitaryAuthority,Scotland,http://data.ordnancesurvey.co.uk/id/7000000000041429,Scotland,http://data.ordnancesurvey.co.uk/id/country/scotland,,,
osgb4000000006897275,http://data.ordnancesurvey.co.uk/id/4000000006897275,B7000,,,,transportNetwork,Numbered Road,261769.000,585948.000,59000,250000,261254.126,581335.000,262391.000,590344.058,DG7,http://data.ordnancesurvey.co.uk/id/postcodedistrict/DG7,,,,,,,Dumfries and Galloway,http://data.ordnancesurvey.co.uk/id/7000000000031903,http://data.ordnancesurvey.co.uk/ontology/admingeo/UnitaryAuthority,Scotland,http://data.ordnancesurvey.co.uk/id/7000000000041429,Scotland,http://data.ordnancesurvey.co.uk/id/country/scotland,,,
osgb4000000006896691,http://data.ordnancesurvey.co.uk/id/4000000006896691,Park Road,,,,transportNetwork,Named Road,277747.587,590992.981,1000,20000,277701.298,590970.888,277770.000,591014.000,DG3,http://data.ordnancesurvey.co.uk/id/postcodedistrict/DG3,Moniaive,http://data.ordnancesurvey.co.uk/id/4000000074564116,http://www.ordnancesurvey.co.uk/xml/codelists/localtype.xml#village,,,,Dumfries and Galloway,http://data.ordnancesurvey.co.uk/id/7000000000031903,http://data.ordnancesurvey.co.uk/ontology/admingeo/UnitaryAuthority,Scotland,http://data.ordnancesurvey.co.uk/id/7000000000041429,Scotland,http://data.ordnancesurvey.co.uk/id/country/scotland,,,
ea1033a0-b50e-4de8-82f4-a6fef12755e2,http://data.ordnancesurvey.co.uk/id/ea1033a0-b50e-4de8-82f4-a6fef12755e2,Mulloch View,,,,transportNetwork,Section Of Named Road,262518.657,581333.797,1000,25000,262518.657,581333.797,262529.260,581369.235,DG7,http://data.ordnancesurvey.co.uk/id/postcodedistrict/DG7,St John's Town of Dalry,http://data.ordnancesurvey.co.uk/id/4000000074564432,http://www.ordnancesurvey.co.uk/xml/codelists/localtype.xml#village,,,,Dumfries and Galloway,http://data.ordnancesurvey.co.uk/id/7000000000031903,http://data.ordnancesurvey.co.uk/ontology/admingeo/UnitaryAuthority,Scotland,http://data.ordnancesurvey.co.uk/id/7000000000041429,Scotland,http://data.ordnancesurvey.co.uk/id/country/scotland,osgb5000005122066875,,
osgb4000000006895175,http://data.ordnancesurvey.co.uk/id/4000000006895175,Midtown,,,,transportNetwork,Named Road,262674.177,581549.119,3000,20000,262391.000,581335.000,262836.200,581828.196,DG7,http://data.ordnancesurvey.co.uk/id/postcodedistrict/DG7,,,,,,,Dumfries and Galloway,http://data.ordnancesurvey.co.uk/id/7000000000031903,http://data.ordnancesurvey.co.uk/ontology/admingeo/UnitaryAuthority,Scotland,http://data.ordnancesurvey.co.uk/id/7000000000041429,Scotland,http://data.ordnancesurvey.co.uk/id/country/scotland,,,
78264c46-b2fc-4b06-b274-861b7dd261e6,http://data.ordnancesurvey.co.uk/id/78264c46-b2fc-4b06-b274-861b7dd261e6,Main Street,,,,transportNetwork,Section Of Named Road,262059.941,580937.521,3000,25000,261933.000,580799.031,262391.000,581335.000,DG7,http://data.ordnancesurvey.co.uk/id/postcodedistrict/DG7,,,,,,,Dumfries and Galloway,http://data.ordnancesurvey.co.uk/id/7000000000031903,http://data.ordnancesurvey.co.uk/ontology/admingeo/UnitaryAuthority,Scotland,http://data.ordnancesurvey.co.uk/id/7000000000041429,Scotland,http://data.ordnancesurvey.co.uk/id/country/scotland,osgb4000000006895069,,
osgb4000000006896078,http://data.ordnancesurvey.co.uk/id/4000000006896078,High Street,,,,transportNetwork,Named Road,277949.000,590935.000,1000,20000,277862.083,590915.309,278002.154,590962.842,DG3,http://data.ordnancesurvey.co.uk/id/postcodedistrict/DG3,Moniaive,http://data.ordnancesurvey.co.uk/id/4000000074564116,http://www.ordnancesurvey.co.uk/xml/codelists/localtype.xml#village,,,,Dumfries and Galloway,http://data.ordnancesurvey.co.uk/id/7000000000031903,http://data.ordnancesurvey.co.uk/ontology/admingeo/UnitaryAuthority,Scotland,http://data.ordnancesurvey.co.uk/id/7000000000041429,Scotland,http://data.ordnancesurvey.co.uk/id/country/scotland,,,
osgb4000000006897231,http://data.ordnancesurvey.co.uk/id/4000000006897231,Sawmill Green,,,,transportNetwork,Named Road,277659.104,591039.833,1000,20000,277634.635,591039.833,277659.104,591050.954,DG3,http://data.ordnancesurvey.co.uk/id/postcodedistrict/DG3,Moniaive,http://data.ordnancesurvey.co.uk/id/4000000074564116,http://www.ordnancesurvey.co.uk/xml/codelists/localtype.xml#village,,,,Dumfries and Galloway,http://data.ordnancesurvey.co.uk/id/7000000000031903,http://data.ordnancesurvey.co.uk/ontology/admingeo/UnitaryAuthority,Scotland,http://data.ordnancesurvey.co.uk/id/7000000000041429,Scotland,http://data.ordnancesurvey.co.uk/id/country/scotland,,,
DG34GZ,http://data.ordnancesurvey.co.uk/id/postcodeunit/DG34GZ,DG3 4GZ,,,,other,Postcode,278363.000,590781.000,3500,18000,,,,,,,Moniaive,http://data.ordnancesurvey.co.uk/id/4000000074564116,http://www.ordnancesurvey.co.uk/xml/codelists/localtype.xml#village,,,,Dumfries and Galloway,http://data.ordnancesurvey.co.uk/id/7000000000031903,http://data.ordnancesurvey.co.uk/ontology/admingeo/UnitaryAuthority,Scotland,http://data.ordnancesurvey.co.uk/id/7000000000041429,Scotland,http://data.ordnancesurvey.co.uk/id/country/scotland,,,
DG73UP,http://data.ordnancesurvey.co.uk/id/postcodeunit/DG73UP,DG7 3UP,,,,other,Postcode,262110.000,581220.000,3500,18000,,,,,,,St John's Town of Dalry,http://data.ordnancesurvey.co.uk/id/4000000074564432,http://www.ordnancesurvey.co.uk/xml/codelists/localtype.xml#village,,,,Dumfries and Galloway,http://data.ordnancesurvey.co.uk/id/7000000000031903,http://data.ordnancesurvey.co.uk/ontology/admingeo/UnitaryAuthority,Scotland,http://data.ordnancesurvey.co.uk/id/7000000000041429,Scotland,http://data.ordnancesurvey.co.uk/id/country/scotland,,,
DG73UY,http://data.ordnancesurvey.co.uk/id/postcodeunit/DG73UY,DG7 3UY,,,,other,Postcode,262438.000,581197.000,3500,18000,,,,,,,St John's Town of Dalry,http://data.ordnancesurvey.co.uk/id/4000000074564432,http://www.ordnancesurvey.co.uk/xml/codelists/localtype.xml#village,,,,Dumfries and Galloway,http://data.ordnancesurvey.co.uk/id/7000000000031903,http://data.ordnancesurvey.co.uk/ontology/admingeo/UnitaryAuthority,Scotland,http://data.ordnancesurvey.co.uk/id/7000000000041429,Scotland,http://data.ordnancesurvey.co.uk/id/country/scotland,,,
osgb4000000006896684,http://data.ordnancesurvey.co.uk/id/4000000006896684,Wayside,,,,transportNetwork,Named Road,262417.000,581223.000,1000,20000,262368.000,581199.437,262464.101,581254.000,DG7,http://data.ordnancesurvey.co.uk/id/postcodedistrict/DG7,St John's Town of Dalry,http://data.ordnancesurvey.co.uk/id/4000000074564432,http://www.ordnancesurvey.co.uk/xml/codelists/localtype.xml#village,,,,Dumfries and Galloway,http://data.ordnancesurvey.co.uk/id/7000000000031903,http://data.ordnancesurvey.co.uk/ontology/admingeo/UnitaryAuthority,Scotland,http://data.ordnancesurvey.co.uk/id/7000000000041429,Scotland,http://data.ordnancesurvey.co.uk/id/country/scotland,,,
