﻿osgb4000000074547555,http://data.ordnancesurvey.co.uk/id/4000000074547555,Gilmonby,,,,populatedPlace,Hamlet,399473.550,513035.090,5000,25000,399161.055,512804.369,399661.055,513304.369,DL12,http://data.ordnancesurvey.co.uk/id/postcodedistrict/DL12,,,,,,,County Durham,http://data.ordnancesurvey.co.uk/id/7000000000043607,http://data.ordnancesurvey.co.uk/ontology/admingeo/UnitaryAuthority,North East,http://data.ordnancesurvey.co.uk/id/7000000000041422,England,http://data.ordnancesurvey.co.uk/id/country/england,,http://dbpedia.org/resource/Gilmonby,
osgb4000000074332760,http://data.ordnancesurvey.co.uk/id/4000000074332760,North Stainmore,,,,populatedPlace,Hamlet,383000.000,515096.000,5000,25000,382823.698,514933.201,383323.698,515469.658,CA17,http://data.ordnancesurvey.co.uk/id/postcodedistrict/CA17,,,,Eden,http://data.ordnancesurvey.co.uk/id/7000000000013049,http://data.ordnancesurvey.co.uk/ontology/admingeo/District,Cumbria,http://data.ordnancesurvey.co.uk/id/7000000000013244,http://data.ordnancesurvey.co.uk/ontology/admingeo/County,North West,http://data.ordnancesurvey.co.uk/id/7000000000041431,England,http://data.ordnancesurvey.co.uk/id/country/england,,,
osgb4000000074546056,http://data.ordnancesurvey.co.uk/id/4000000074546056,Keld,,,,populatedPlace,Hamlet,389140.730,501029.350,5000,25000,388939.122,500786.249,389439.122,501286.249,DL11,http://data.ordnancesurvey.co.uk/id/postcodedistrict/DL11,,,,Richmondshire,http://data.ordnancesurvey.co.uk/id/7000000000021986,http://data.ordnancesurvey.co.uk/ontology/admingeo/District,North Yorkshire,http://data.ordnancesurvey.co.uk/id/7000000000022028,http://data.ordnancesurvey.co.uk/ontology/admingeo/County,Yorkshire and the Humber,http://data.ordnancesurvey.co.uk/id/7000000000041430,England,http://data.ordnancesurvey.co.uk/id/country/england,,"http://dbpedia.org/resource/Keld,_North_Yorkshire",http://sws.geonames.org/2645874
osgb4000000074333568,http://data.ordnancesurvey.co.uk/id/4000000074333568,Thorns Green,,,,populatedPlace,Hamlet,389062.330,500454.750,5000,25000,388796.123,500207.055,389296.123,500707.055,DL11,http://data.ordnancesurvey.co.uk/id/postcodedistrict/DL11,,,,Richmondshire,http://data.ordnancesurvey.co.uk/id/7000000000021986,http://data.ordnancesurvey.co.uk/ontology/admingeo/District,North Yorkshire,http://data.ordnancesurvey.co.uk/id/7000000000022028,http://data.ordnancesurvey.co.uk/ontology/admingeo/County,Yorkshire and the Humber,http://data.ordnancesurvey.co.uk/id/7000000000041430,England,http://data.ordnancesurvey.co.uk/id/country/england,,,
osgb4000000074546055,http://data.ordnancesurvey.co.uk/id/4000000074546055,Whaw,,,,populatedPlace,Hamlet,398212.000,504426.200,5000,25000,397957.067,504182.902,398457.067,504682.902,DL11,http://data.ordnancesurvey.co.uk/id/postcodedistrict/DL11,,,,Richmondshire,http://data.ordnancesurvey.co.uk/id/7000000000021986,http://data.ordnancesurvey.co.uk/ontology/admingeo/District,North Yorkshire,http://data.ordnancesurvey.co.uk/id/7000000000022028,http://data.ordnancesurvey.co.uk/ontology/admingeo/County,Yorkshire and the Humber,http://data.ordnancesurvey.co.uk/id/7000000000041430,England,http://data.ordnancesurvey.co.uk/id/country/england,,http://dbpedia.org/resource/Whaw,
osgb4000000074546057,http://data.ordnancesurvey.co.uk/id/4000000074546057,West Stonesdale,,,,populatedPlace,Hamlet,388735.700,502209.060,5000,25000,388490.669,501960.693,388990.669,502460.693,DL11,http://data.ordnancesurvey.co.uk/id/postcodedistrict/DL11,,,,Richmondshire,http://data.ordnancesurvey.co.uk/id/7000000000021986,http://data.ordnancesurvey.co.uk/ontology/admingeo/District,North Yorkshire,http://data.ordnancesurvey.co.uk/id/7000000000022028,http://data.ordnancesurvey.co.uk/ontology/admingeo/County,Yorkshire and the Humber,http://data.ordnancesurvey.co.uk/id/7000000000041430,England,http://data.ordnancesurvey.co.uk/id/country/england,,http://dbpedia.org/resource/West_Stonesdale,http://sws.geonames.org/2634263
osgb4000000074548007,http://data.ordnancesurvey.co.uk/id/4000000074548007,South Stainmore,,,,populatedPlace,Other Settlement,384239.980,513070.760,15000,25000,383922.352,512709.778,384422.352,513272.816,CA17,http://data.ordnancesurvey.co.uk/id/postcodedistrict/CA17,,,,Eden,http://data.ordnancesurvey.co.uk/id/7000000000013049,http://data.ordnancesurvey.co.uk/ontology/admingeo/District,Cumbria,http://data.ordnancesurvey.co.uk/id/7000000000013244,http://data.ordnancesurvey.co.uk/ontology/admingeo/County,North West,http://data.ordnancesurvey.co.uk/id/7000000000041431,England,http://data.ordnancesurvey.co.uk/id/country/england,,,
osgb4000000074547556,http://data.ordnancesurvey.co.uk/id/4000000074547556,Bowes,,,,populatedPlace,Village,399253.000,513548.000,6000,250000,398770.101,513271.885,399735.301,513771.885,DL12,http://data.ordnancesurvey.co.uk/id/postcodedistrict/DL12,,,,,,,County Durham,http://data.ordnancesurvey.co.uk/id/7000000000043607,http://data.ordnancesurvey.co.uk/ontology/admingeo/UnitaryAuthority,North East,http://data.ordnancesurvey.co.uk/id/7000000000041422,England,http://data.ordnancesurvey.co.uk/id/country/england,,http://dbpedia.org/resource/Bowes,http://sws.geonames.org/2655062
osgb4000000074547558,http://data.ordnancesurvey.co.uk/id/4000000074547558,Hury,,,,populatedPlace,Hamlet,395740.600,519811.750,5000,25000,395532.653,519555.757,396065.523,520055.757,DL12,http://data.ordnancesurvey.co.uk/id/postcodedistrict/DL12,,,,,,,County Durham,http://data.ordnancesurvey.co.uk/id/7000000000043607,http://data.ordnancesurvey.co.uk/ontology/admingeo/UnitaryAuthority,North East,http://data.ordnancesurvey.co.uk/id/7000000000041422,England,http://data.ordnancesurvey.co.uk/id/country/england,,,http://sws.geonames.org/2646351
osgb4000000074576895,http://data.ordnancesurvey.co.uk/id/4000000074576895,Briscoe,,,,populatedPlace,Hamlet,397751.530,519474.660,5000,25000,396598.393,518888.309,398458.421,519833.398,DL12,http://data.ordnancesurvey.co.uk/id/postcodedistrict/DL12,,,,,,,County Durham,http://data.ordnancesurvey.co.uk/id/7000000000043607,http://data.ordnancesurvey.co.uk/ontology/admingeo/UnitaryAuthority,North East,http://data.ordnancesurvey.co.uk/id/7000000000041422,England,http://data.ordnancesurvey.co.uk/id/country/england,,,
osgb4000000074546060,http://data.ordnancesurvey.co.uk/id/4000000074546060,Barras,,,,populatedPlace,Hamlet,384492.490,511966.170,5000,25000,384194.976,511769.717,384778.117,512282.480,CA17,http://data.ordnancesurvey.co.uk/id/postcodedistrict/CA17,,,,Eden,http://data.ordnancesurvey.co.uk/id/7000000000013049,http://data.ordnancesurvey.co.uk/ontology/admingeo/District,Cumbria,http://data.ordnancesurvey.co.uk/id/7000000000013244,http://data.ordnancesurvey.co.uk/ontology/admingeo/County,North West,http://data.ordnancesurvey.co.uk/id/7000000000041431,England,http://data.ordnancesurvey.co.uk/id/country/england,,"http://dbpedia.org/resource/Barras,_Cumbria",
osgb4000000074810485,http://data.ordnancesurvey.co.uk/id/4000000074810485,Heggerscales,,,,populatedPlace,Hamlet,382197.497,510507.516,5000,25000,381911.514,510225.237,382411.514,510725.237,CA17,http://data.ordnancesurvey.co.uk/id/postcodedistrict/CA17,,,,Eden,http://data.ordnancesurvey.co.uk/id/7000000000013049,http://data.ordnancesurvey.co.uk/ontology/admingeo/District,Cumbria,http://data.ordnancesurvey.co.uk/id/7000000000013244,http://data.ordnancesurvey.co.uk/ontology/admingeo/County,North West,http://data.ordnancesurvey.co.uk/id/7000000000041431,England,http://data.ordnancesurvey.co.uk/id/country/england,,,
osgb4000000074546284,http://data.ordnancesurvey.co.uk/id/4000000074546284,Rookby,,,,populatedPlace,Hamlet,380188.130,510959.260,5000,25000,380069.085,510807.596,380569.085,511307.596,CA17,http://data.ordnancesurvey.co.uk/id/postcodedistrict/CA17,,,,Eden,http://data.ordnancesurvey.co.uk/id/7000000000013049,http://data.ordnancesurvey.co.uk/ontology/admingeo/District,Cumbria,http://data.ordnancesurvey.co.uk/id/7000000000013244,http://data.ordnancesurvey.co.uk/ontology/admingeo/County,North West,http://data.ordnancesurvey.co.uk/id/7000000000041431,England,http://data.ordnancesurvey.co.uk/id/country/england,,,
CA174ET,http://data.ordnancesurvey.co.uk/id/postcodeunit/CA174ET,CA17 4ET,,,,other,Postcode,384929.000,512423.000,3500,18000,,,,,,,,,,Eden,http://data.ordnancesurvey.co.uk/id/7000000000013049,http://data.ordnancesurvey.co.uk/ontology/admingeo/District,Cumbria,http://data.ordnancesurvey.co.uk/id/7000000000013244,http://data.ordnancesurvey.co.uk/ontology/admingeo/County,North West,http://data.ordnancesurvey.co.uk/id/7000000000041431,England,http://data.ordnancesurvey.co.uk/id/country/england,,,
DL129LT,http://data.ordnancesurvey.co.uk/id/postcodeunit/DL129LT,DL12 9LT,,,,other,Postcode,399550.000,513017.000,3500,18000,,,,,,,Gilmonby,http://data.ordnancesurvey.co.uk/id/4000000074547555,http://www.ordnancesurvey.co.uk/xml/codelists/localtype.xml#hamlet,,,,County Durham,http://data.ordnancesurvey.co.uk/id/7000000000043607,http://data.ordnancesurvey.co.uk/ontology/admingeo/UnitaryAuthority,North East,http://data.ordnancesurvey.co.uk/id/7000000000041422,England,http://data.ordnancesurvey.co.uk/id/country/england,,,
DL129HS,http://data.ordnancesurvey.co.uk/id/postcodeunit/DL129HS,DL12 9HS,,,,other,Postcode,399481.000,513505.000,3500,18000,,,,,,,Bowes,http://data.ordnancesurvey.co.uk/id/4000000074547556,http://www.ordnancesurvey.co.uk/xml/codelists/localtype.xml#village,,,,County Durham,http://data.ordnancesurvey.co.uk/id/7000000000043607,http://data.ordnancesurvey.co.uk/ontology/admingeo/UnitaryAuthority,North East,http://data.ordnancesurvey.co.uk/id/7000000000041422,England,http://data.ordnancesurvey.co.uk/id/country/england,,,
DL129UP,http://data.ordnancesurvey.co.uk/id/postcodeunit/DL129UP,DL12 9UP,,,,other,Postcode,394875.000,518149.000,3500,18000,,,,,,,,,,,,,County Durham,http://data.ordnancesurvey.co.uk/id/7000000000043607,http://data.ordnancesurvey.co.uk/ontology/admingeo/UnitaryAuthority,North East,http://data.ordnancesurvey.co.uk/id/7000000000041422,England,http://data.ordnancesurvey.co.uk/id/country/england,,,
DL129UR,http://data.ordnancesurvey.co.uk/id/postcodeunit/DL129UR,DL12 9UR,,,,other,Postcode,397100.000,519783.000,3500,18000,,,,,,,,,,,,,County Durham,http://data.ordnancesurvey.co.uk/id/7000000000043607,http://data.ordnancesurvey.co.uk/ontology/admingeo/UnitaryAuthority,North East,http://data.ordnancesurvey.co.uk/id/7000000000041422,England,http://data.ordnancesurvey.co.uk/id/country/england,,,
DL129JU,http://data.ordnancesurvey.co.uk/id/postcodeunit/DL129JU,DL12 9JU,,,,other,Postcode,399644.000,513482.000,3500,18000,,,,,,,Bowes,http://data.ordnancesurvey.co.uk/id/4000000074547556,http://www.ordnancesurvey.co.uk/xml/codelists/localtype.xml#village,,,,County Durham,http://data.ordnancesurvey.co.uk/id/7000000000043607,http://data.ordnancesurvey.co.uk/ontology/admingeo/UnitaryAuthority,North East,http://data.ordnancesurvey.co.uk/id/7000000000041422,England,http://data.ordnancesurvey.co.uk/id/country/england,,,
DL129HH,http://data.ordnancesurvey.co.uk/id/postcodeunit/DL129HH,DL12 9HH,,,,other,Postcode,399316.000,513611.000,3500,18000,,,,,,,Bowes,http://data.ordnancesurvey.co.uk/id/4000000074547556,http://www.ordnancesurvey.co.uk/xml/codelists/localtype.xml#village,,,,County Durham,http://data.ordnancesurvey.co.uk/id/7000000000043607,http://data.ordnancesurvey.co.uk/ontology/admingeo/UnitaryAuthority,North East,http://data.ordnancesurvey.co.uk/id/7000000000041422,England,http://data.ordnancesurvey.co.uk/id/country/england,,,
CA174HX,http://data.ordnancesurvey.co.uk/id/postcodeunit/CA174HX,CA17 4HX,,,,other,Postcode,380379.000,510967.000,3500,18000,,,,,,,Rookby,http://data.ordnancesurvey.co.uk/id/4000000074546284,http://www.ordnancesurvey.co.uk/xml/codelists/localtype.xml#hamlet,Eden,http://data.ordnancesurvey.co.uk/id/7000000000013049,http://data.ordnancesurvey.co.uk/ontology/admingeo/District,Cumbria,http://data.ordnancesurvey.co.uk/id/7000000000013244,http://data.ordnancesurvey.co.uk/ontology/admingeo/County,North West,http://data.ordnancesurvey.co.uk/id/7000000000041431,England,http://data.ordnancesurvey.co.uk/id/country/england,,,
DL129UW,http://data.ordnancesurvey.co.uk/id/postcodeunit/DL129UW,DL12 9UW,,,,other,Postcode,397322.000,519133.000,3500,18000,,,,,,,Briscoe,http://data.ordnancesurvey.co.uk/id/4000000074576895,http://www.ordnancesurvey.co.uk/xml/codelists/localtype.xml#hamlet,,,,County Durham,http://data.ordnancesurvey.co.uk/id/7000000000043607,http://data.ordnancesurvey.co.uk/ontology/admingeo/UnitaryAuthority,North East,http://data.ordnancesurvey.co.uk/id/7000000000041422,England,http://data.ordnancesurvey.co.uk/id/country/england,,,
CA174DG,http://data.ordnancesurvey.co.uk/id/postcodeunit/CA174DG,CA17 4DG,,,,other,Postcode,381649.000,513644.000,3500,18000,,,,,,,,,,Eden,http://data.ordnancesurvey.co.uk/id/7000000000013049,http://data.ordnancesurvey.co.uk/ontology/admingeo/District,Cumbria,http://data.ordnancesurvey.co.uk/id/7000000000013244,http://data.ordnancesurvey.co.uk/ontology/admingeo/County,North West,http://data.ordnancesurvey.co.uk/id/7000000000041431,England,http://data.ordnancesurvey.co.uk/id/country/england,,,
DL129HT,http://data.ordnancesurvey.co.uk/id/postcodeunit/DL129HT,DL12 9HT,,,,other,Postcode,399535.000,513531.000,3500,18000,,,,,,,Bowes,http://data.ordnancesurvey.co.uk/id/4000000074547556,http://www.ordnancesurvey.co.uk/xml/codelists/localtype.xml#village,,,,County Durham,http://data.ordnancesurvey.co.uk/id/7000000000043607,http://data.ordnancesurvey.co.uk/ontology/admingeo/UnitaryAuthority,North East,http://data.ordnancesurvey.co.uk/id/7000000000041422,England,http://data.ordnancesurvey.co.uk/id/country/england,,,
DL129HU,http://data.ordnancesurvey.co.uk/id/postcodeunit/DL129HU,DL12 9HU,,,,other,Postcode,399636.000,513542.000,3500,18000,,,,,,,Bowes,http://data.ordnancesurvey.co.uk/id/4000000074547556,http://www.ordnancesurvey.co.uk/xml/codelists/localtype.xml#village,,,,County Durham,http://data.ordnancesurvey.co.uk/id/7000000000043607,http://data.ordnancesurvey.co.uk/ontology/admingeo/UnitaryAuthority,North East,http://data.ordnancesurvey.co.uk/id/7000000000041422,England,http://data.ordnancesurvey.co.uk/id/country/england,,,
DL116RH,http://data.ordnancesurvey.co.uk/id/postcodeunit/DL116RH,DL11 6RH,,,,other,Postcode,399897.000,503275.000,3500,18000,,,,,,,,,,Richmondshire,http://data.ordnancesurvey.co.uk/id/7000000000021986,http://data.ordnancesurvey.co.uk/ontology/admingeo/District,North Yorkshire,http://data.ordnancesurvey.co.uk/id/7000000000022028,http://data.ordnancesurvey.co.uk/ontology/admingeo/County,Yorkshire and the Humber,http://data.ordnancesurvey.co.uk/id/7000000000041430,England,http://data.ordnancesurvey.co.uk/id/country/england,,,
DL129LY,http://data.ordnancesurvey.co.uk/id/postcodeunit/DL129LY,DL12 9LY,,,,other,Postcode,398459.000,512860.000,3500,18000,,,,,,,,,,,,,County Durham,http://data.ordnancesurvey.co.uk/id/7000000000043607,http://data.ordnancesurvey.co.uk/ontology/admingeo/UnitaryAuthority,North East,http://data.ordnancesurvey.co.uk/id/7000000000041422,England,http://data.ordnancesurvey.co.uk/id/country/england,,,
DL129HW,http://data.ordnancesurvey.co.uk/id/postcodeunit/DL129HW,DL12 9HW,,,,other,Postcode,399500.000,513511.000,3500,18000,,,,,,,Bowes,http://data.ordnancesurvey.co.uk/id/4000000074547556,http://www.ordnancesurvey.co.uk/xml/codelists/localtype.xml#village,,,,County Durham,http://data.ordnancesurvey.co.uk/id/7000000000043607,http://data.ordnancesurvey.co.uk/ontology/admingeo/UnitaryAuthority,North East,http://data.ordnancesurvey.co.uk/id/7000000000041422,England,http://data.ordnancesurvey.co.uk/id/country/england,,,
DL129LG,http://data.ordnancesurvey.co.uk/id/postcodeunit/DL129LG,DL12 9LG,,,,other,Postcode,399232.000,513568.000,3500,18000,,,,,,,Bowes,http://data.ordnancesurvey.co.uk/id/4000000074547556,http://www.ordnancesurvey.co.uk/xml/codelists/localtype.xml#village,,,,County Durham,http://data.ordnancesurvey.co.uk/id/7000000000043607,http://data.ordnancesurvey.co.uk/ontology/admingeo/UnitaryAuthority,North East,http://data.ordnancesurvey.co.uk/id/7000000000041422,England,http://data.ordnancesurvey.co.uk/id/country/england,,,
DL116ES,http://data.ordnancesurvey.co.uk/id/postcodeunit/DL116ES,DL11 6ES,,,,other,Postcode,399876.000,503040.000,3500,18000,,,,,,,,,,Richmondshire,http://data.ordnancesurvey.co.uk/id/7000000000021986,http://data.ordnancesurvey.co.uk/ontology/admingeo/District,North Yorkshire,http://data.ordnancesurvey.co.uk/id/7000000000022028,http://data.ordnancesurvey.co.uk/ontology/admingeo/County,Yorkshire and the Humber,http://data.ordnancesurvey.co.uk/id/7000000000041430,England,http://data.ordnancesurvey.co.uk/id/country/england,,,
CA174ER,http://data.ordnancesurvey.co.uk/id/postcodeunit/CA174ER,CA17 4ER,,,,other,Postcode,381525.000,512054.000,3500,18000,,,,,,,,,,Eden,http://data.ordnancesurvey.co.uk/id/7000000000013049,http://data.ordnancesurvey.co.uk/ontology/admingeo/District,Cumbria,http://data.ordnancesurvey.co.uk/id/7000000000013244,http://data.ordnancesurvey.co.uk/ontology/admingeo/County,North West,http://data.ordnancesurvey.co.uk/id/7000000000041431,England,http://data.ordnancesurvey.co.uk/id/country/england,,,
DL129LL,http://data.ordnancesurvey.co.uk/id/postcodeunit/DL129LL,DL12 9LL,,,,other,Postcode,399005.000,513523.000,3500,18000,,,,,,,Bowes,http://data.ordnancesurvey.co.uk/id/4000000074547556,http://www.ordnancesurvey.co.uk/xml/codelists/localtype.xml#village,,,,County Durham,http://data.ordnancesurvey.co.uk/id/7000000000043607,http://data.ordnancesurvey.co.uk/ontology/admingeo/UnitaryAuthority,North East,http://data.ordnancesurvey.co.uk/id/7000000000041422,England,http://data.ordnancesurvey.co.uk/id/country/england,,,
DL129HR,http://data.ordnancesurvey.co.uk/id/postcodeunit/DL129HR,DL12 9HR,,,,other,Postcode,399540.000,513496.000,3500,18000,,,,,,,Bowes,http://data.ordnancesurvey.co.uk/id/4000000074547556,http://www.ordnancesurvey.co.uk/xml/codelists/localtype.xml#village,,,,County Durham,http://data.ordnancesurvey.co.uk/id/7000000000043607,http://data.ordnancesurvey.co.uk/ontology/admingeo/UnitaryAuthority,North East,http://data.ordnancesurvey.co.uk/id/7000000000041422,England,http://data.ordnancesurvey.co.uk/id/country/england,,,
DL116RQ,http://data.ordnancesurvey.co.uk/id/postcodeunit/DL116RQ,DL11 6RQ,,,,other,Postcode,399917.000,503384.000,3500,18000,,,,,,,,,,Richmondshire,http://data.ordnancesurvey.co.uk/id/7000000000021986,http://data.ordnancesurvey.co.uk/ontology/admingeo/District,North Yorkshire,http://data.ordnancesurvey.co.uk/id/7000000000022028,http://data.ordnancesurvey.co.uk/ontology/admingeo/County,Yorkshire and the Humber,http://data.ordnancesurvey.co.uk/id/7000000000041430,England,http://data.ordnancesurvey.co.uk/id/country/england,,,
DL129JQ,http://data.ordnancesurvey.co.uk/id/postcodeunit/DL129JQ,DL12 9JQ,,,,other,Postcode,399193.000,515104.000,3500,18000,,,,,,,,,,,,,County Durham,http://data.ordnancesurvey.co.uk/id/7000000000043607,http://data.ordnancesurvey.co.uk/ontology/admingeo/UnitaryAuthority,North East,http://data.ordnancesurvey.co.uk/id/7000000000041422,England,http://data.ordnancesurvey.co.uk/id/country/england,,,
DL129LE,http://data.ordnancesurvey.co.uk/id/postcodeunit/DL129LE,DL12 9LE,,,,other,Postcode,399261.000,513531.000,3500,18000,,,,,,,Bowes,http://data.ordnancesurvey.co.uk/id/4000000074547556,http://www.ordnancesurvey.co.uk/xml/codelists/localtype.xml#village,,,,County Durham,http://data.ordnancesurvey.co.uk/id/7000000000043607,http://data.ordnancesurvey.co.uk/ontology/admingeo/UnitaryAuthority,North East,http://data.ordnancesurvey.co.uk/id/7000000000041422,England,http://data.ordnancesurvey.co.uk/id/country/england,,,
DL116DZ,http://data.ordnancesurvey.co.uk/id/postcodeunit/DL116DZ,DL11 6DZ,,,,other,Postcode,388574.000,501462.000,3500,18000,,,,,,,,,,Richmondshire,http://data.ordnancesurvey.co.uk/id/7000000000021986,http://data.ordnancesurvey.co.uk/ontology/admingeo/District,North Yorkshire,http://data.ordnancesurvey.co.uk/id/7000000000022028,http://data.ordnancesurvey.co.uk/ontology/admingeo/County,Yorkshire and the Humber,http://data.ordnancesurvey.co.uk/id/7000000000041430,England,http://data.ordnancesurvey.co.uk/id/country/england,,,
DL129RH,http://data.ordnancesurvey.co.uk/id/postcodeunit/DL129RH,DL12 9RH,,,,other,Postcode,394308.000,512638.000,3500,18000,,,,,,,,,,,,,County Durham,http://data.ordnancesurvey.co.uk/id/7000000000043607,http://data.ordnancesurvey.co.uk/ontology/admingeo/UnitaryAuthority,North East,http://data.ordnancesurvey.co.uk/id/7000000000041422,England,http://data.ordnancesurvey.co.uk/id/country/england,,,
CA174EA,http://data.ordnancesurvey.co.uk/id/postcodeunit/CA174EA,CA17 4EA,,,,other,Postcode,381385.000,516363.000,3500,18000,,,,,,,,,,Eden,http://data.ordnancesurvey.co.uk/id/7000000000013049,http://data.ordnancesurvey.co.uk/ontology/admingeo/District,Cumbria,http://data.ordnancesurvey.co.uk/id/7000000000013244,http://data.ordnancesurvey.co.uk/ontology/admingeo/County,North West,http://data.ordnancesurvey.co.uk/id/7000000000041431,England,http://data.ordnancesurvey.co.uk/id/country/england,,,
DL129HD,http://data.ordnancesurvey.co.uk/id/postcodeunit/DL129HD,DL12 9HD,,,,other,Postcode,399394.000,513500.000,3500,18000,,,,,,,Bowes,http://data.ordnancesurvey.co.uk/id/4000000074547556,http://www.ordnancesurvey.co.uk/xml/codelists/localtype.xml#village,,,,County Durham,http://data.ordnancesurvey.co.uk/id/7000000000043607,http://data.ordnancesurvey.co.uk/ontology/admingeo/UnitaryAuthority,North East,http://data.ordnancesurvey.co.uk/id/7000000000041422,England,http://data.ordnancesurvey.co.uk/id/country/england,,,
DL116ED,http://data.ordnancesurvey.co.uk/id/postcodeunit/DL116ED,DL11 6ED,,,,other,Postcode,389702.000,506699.000,3500,18000,,,,,,,,,,Richmondshire,http://data.ordnancesurvey.co.uk/id/7000000000021986,http://data.ordnancesurvey.co.uk/ontology/admingeo/District,North Yorkshire,http://data.ordnancesurvey.co.uk/id/7000000000022028,http://data.ordnancesurvey.co.uk/ontology/admingeo/County,Yorkshire and the Humber,http://data.ordnancesurvey.co.uk/id/7000000000041430,England,http://data.ordnancesurvey.co.uk/id/country/england,,,
DL116LJ,http://data.ordnancesurvey.co.uk/id/postcodeunit/DL116LJ,DL11 6LJ,,,,other,Postcode,389276.000,501081.000,3500,18000,,,,,,,Keld,http://data.ordnancesurvey.co.uk/id/4000000074546056,http://www.ordnancesurvey.co.uk/xml/codelists/localtype.xml#hamlet,Richmondshire,http://data.ordnancesurvey.co.uk/id/7000000000021986,http://data.ordnancesurvey.co.uk/ontology/admingeo/District,North Yorkshire,http://data.ordnancesurvey.co.uk/id/7000000000022028,http://data.ordnancesurvey.co.uk/ontology/admingeo/County,Yorkshire and the Humber,http://data.ordnancesurvey.co.uk/id/7000000000041430,England,http://data.ordnancesurvey.co.uk/id/country/england,,,
DL116RL,http://data.ordnancesurvey.co.uk/id/postcodeunit/DL116RL,DL11 6RL,,,,other,Postcode,399764.000,503496.000,3500,18000,,,,,,,,,,Richmondshire,http://data.ordnancesurvey.co.uk/id/7000000000021986,http://data.ordnancesurvey.co.uk/ontology/admingeo/District,North Yorkshire,http://data.ordnancesurvey.co.uk/id/7000000000022028,http://data.ordnancesurvey.co.uk/ontology/admingeo/County,Yorkshire and the Humber,http://data.ordnancesurvey.co.uk/id/7000000000041430,England,http://data.ordnancesurvey.co.uk/id/country/england,,,
CA174DE,http://data.ordnancesurvey.co.uk/id/postcodeunit/CA174DE,CA17 4DE,,,,other,Postcode,380558.000,513844.000,3500,18000,,,,,,,,,,Eden,http://data.ordnancesurvey.co.uk/id/7000000000013049,http://data.ordnancesurvey.co.uk/ontology/admingeo/District,Cumbria,http://data.ordnancesurvey.co.uk/id/7000000000013244,http://data.ordnancesurvey.co.uk/ontology/admingeo/County,North West,http://data.ordnancesurvey.co.uk/id/7000000000041431,England,http://data.ordnancesurvey.co.uk/id/country/england,,,
DL129JB,http://data.ordnancesurvey.co.uk/id/postcodeunit/DL129JB,DL12 9JB,,,,other,Postcode,397951.000,515140.000,3500,18000,,,,,,,,,,,,,County Durham,http://data.ordnancesurvey.co.uk/id/7000000000043607,http://data.ordnancesurvey.co.uk/ontology/admingeo/UnitaryAuthority,North East,http://data.ordnancesurvey.co.uk/id/7000000000041422,England,http://data.ordnancesurvey.co.uk/id/country/england,,,
DL129LP,http://data.ordnancesurvey.co.uk/id/postcodeunit/DL129LP,DL12 9LP,,,,other,Postcode,399519.000,513442.000,3500,18000,,,,,,,Bowes,http://data.ordnancesurvey.co.uk/id/4000000074547556,http://www.ordnancesurvey.co.uk/xml/codelists/localtype.xml#village,,,,County Durham,http://data.ordnancesurvey.co.uk/id/7000000000043607,http://data.ordnancesurvey.co.uk/ontology/admingeo/UnitaryAuthority,North East,http://data.ordnancesurvey.co.uk/id/7000000000041422,England,http://data.ordnancesurvey.co.uk/id/country/england,,,
CA174JB,http://data.ordnancesurvey.co.uk/id/postcodeunit/CA174JB,CA17 4JB,,,,other,Postcode,380151.000,511173.000,3500,18000,,,,,,,Rookby,http://data.ordnancesurvey.co.uk/id/4000000074546284,http://www.ordnancesurvey.co.uk/xml/codelists/localtype.xml#hamlet,Eden,http://data.ordnancesurvey.co.uk/id/7000000000013049,http://data.ordnancesurvey.co.uk/ontology/admingeo/District,Cumbria,http://data.ordnancesurvey.co.uk/id/7000000000013244,http://data.ordnancesurvey.co.uk/ontology/admingeo/County,North West,http://data.ordnancesurvey.co.uk/id/7000000000041431,England,http://data.ordnancesurvey.co.uk/id/country/england,,,
DL129LW,http://data.ordnancesurvey.co.uk/id/postcodeunit/DL129LW,DL12 9LW,,,,other,Postcode,398847.000,513504.000,3500,18000,,,,,,,Bowes,http://data.ordnancesurvey.co.uk/id/4000000074547556,http://www.ordnancesurvey.co.uk/xml/codelists/localtype.xml#village,,,,County Durham,http://data.ordnancesurvey.co.uk/id/7000000000043607,http://data.ordnancesurvey.co.uk/ontology/admingeo/UnitaryAuthority,North East,http://data.ordnancesurvey.co.uk/id/7000000000041422,England,http://data.ordnancesurvey.co.uk/id/country/england,,,
DL116LS,http://data.ordnancesurvey.co.uk/id/postcodeunit/DL116LS,DL11 6LS,,,,other,Postcode,386263.000,501114.000,3500,18000,,,,,,,,,,Richmondshire,http://data.ordnancesurvey.co.uk/id/7000000000021986,http://data.ordnancesurvey.co.uk/ontology/admingeo/District,North Yorkshire,http://data.ordnancesurvey.co.uk/id/7000000000022028,http://data.ordnancesurvey.co.uk/ontology/admingeo/County,Yorkshire and the Humber,http://data.ordnancesurvey.co.uk/id/7000000000041430,England,http://data.ordnancesurvey.co.uk/id/country/england,,,
DL129UX,http://data.ordnancesurvey.co.uk/id/postcodeunit/DL129UX,DL12 9UX,,,,other,Postcode,392539.000,518940.000,3500,18000,,,,,,,,,,,,,County Durham,http://data.ordnancesurvey.co.uk/id/7000000000043607,http://data.ordnancesurvey.co.uk/ontology/admingeo/UnitaryAuthority,North East,http://data.ordnancesurvey.co.uk/id/7000000000041422,England,http://data.ordnancesurvey.co.uk/id/country/england,,,
CA174DZ,http://data.ordnancesurvey.co.uk/id/postcodeunit/CA174DZ,CA17 4DZ,,,,other,Postcode,382823.000,515468.000,3500,18000,,,,,,,,,,Eden,http://data.ordnancesurvey.co.uk/id/7000000000013049,http://data.ordnancesurvey.co.uk/ontology/admingeo/District,Cumbria,http://data.ordnancesurvey.co.uk/id/7000000000013244,http://data.ordnancesurvey.co.uk/ontology/admingeo/County,North West,http://data.ordnancesurvey.co.uk/id/7000000000041431,England,http://data.ordnancesurvey.co.uk/id/country/england,,,
DL116RN,http://data.ordnancesurvey.co.uk/id/postcodeunit/DL116RN,DL11 6RN,,,,other,Postcode,399744.000,503798.000,3500,18000,,,,,,,,,,Richmondshire,http://data.ordnancesurvey.co.uk/id/7000000000021986,http://data.ordnancesurvey.co.uk/ontology/admingeo/District,North Yorkshire,http://data.ordnancesurvey.co.uk/id/7000000000022028,http://data.ordnancesurvey.co.uk/ontology/admingeo/County,Yorkshire and the Humber,http://data.ordnancesurvey.co.uk/id/7000000000041430,England,http://data.ordnancesurvey.co.uk/id/country/england,,,
DL129DL,http://data.ordnancesurvey.co.uk/id/postcodeunit/DL129DL,DL12 9DL,,,,other,Postcode,399384.000,517006.000,3500,18000,,,,,,,,,,,,,County Durham,http://data.ordnancesurvey.co.uk/id/7000000000043607,http://data.ordnancesurvey.co.uk/ontology/admingeo/UnitaryAuthority,North East,http://data.ordnancesurvey.co.uk/id/7000000000041422,England,http://data.ordnancesurvey.co.uk/id/country/england,,,
DL129UJ,http://data.ordnancesurvey.co.uk/id/postcodeunit/DL129UJ,DL12 9UJ,,,,other,Postcode,399087.000,519518.000,3500,18000,,,,,,,,,,,,,County Durham,http://data.ordnancesurvey.co.uk/id/7000000000043607,http://data.ordnancesurvey.co.uk/ontology/admingeo/UnitaryAuthority,North East,http://data.ordnancesurvey.co.uk/id/7000000000041422,England,http://data.ordnancesurvey.co.uk/id/country/england,,,
DL129LR,http://data.ordnancesurvey.co.uk/id/postcodeunit/DL129LR,DL12 9LR,,,,other,Postcode,399447.000,513136.000,3500,18000,,,,,,,,,,,,,County Durham,http://data.ordnancesurvey.co.uk/id/7000000000043607,http://data.ordnancesurvey.co.uk/ontology/admingeo/UnitaryAuthority,North East,http://data.ordnancesurvey.co.uk/id/7000000000041422,England,http://data.ordnancesurvey.co.uk/id/country/england,,,
DL129UL,http://data.ordnancesurvey.co.uk/id/postcodeunit/DL129UL,DL12 9UL,,,,other,Postcode,397744.000,519496.000,3500,18000,,,,,,,Briscoe,http://data.ordnancesurvey.co.uk/id/4000000074576895,http://www.ordnancesurvey.co.uk/xml/codelists/localtype.xml#hamlet,,,,County Durham,http://data.ordnancesurvey.co.uk/id/7000000000043607,http://data.ordnancesurvey.co.uk/ontology/admingeo/UnitaryAuthority,North East,http://data.ordnancesurvey.co.uk/id/7000000000041422,England,http://data.ordnancesurvey.co.uk/id/country/england,,,
DL116RW,http://data.ordnancesurvey.co.uk/id/postcodeunit/DL116RW,DL11 6RW,,,,other,Postcode,399723.000,503799.000,3500,18000,,,,,,,,,,Richmondshire,http://data.ordnancesurvey.co.uk/id/7000000000021986,http://data.ordnancesurvey.co.uk/ontology/admingeo/District,North Yorkshire,http://data.ordnancesurvey.co.uk/id/7000000000022028,http://data.ordnancesurvey.co.uk/ontology/admingeo/County,Yorkshire and the Humber,http://data.ordnancesurvey.co.uk/id/7000000000041430,England,http://data.ordnancesurvey.co.uk/id/country/england,,,
CA174DF,http://data.ordnancesurvey.co.uk/id/postcodeunit/CA174DF,CA17 4DF,,,,other,Postcode,380284.000,513011.000,3500,18000,,,,,,,,,,Eden,http://data.ordnancesurvey.co.uk/id/7000000000013049,http://data.ordnancesurvey.co.uk/ontology/admingeo/District,Cumbria,http://data.ordnancesurvey.co.uk/id/7000000000013244,http://data.ordnancesurvey.co.uk/ontology/admingeo/County,North West,http://data.ordnancesurvey.co.uk/id/7000000000041431,England,http://data.ordnancesurvey.co.uk/id/country/england,,,
CA174EU,http://data.ordnancesurvey.co.uk/id/postcodeunit/CA174EU,CA17 4EU,,,,other,Postcode,385477.000,513704.000,3500,18000,,,,,,,,,,Eden,http://data.ordnancesurvey.co.uk/id/7000000000013049,http://data.ordnancesurvey.co.uk/ontology/admingeo/District,Cumbria,http://data.ordnancesurvey.co.uk/id/7000000000013244,http://data.ordnancesurvey.co.uk/ontology/admingeo/County,North West,http://data.ordnancesurvey.co.uk/id/7000000000041431,England,http://data.ordnancesurvey.co.uk/id/country/england,,,
CA174EX,http://data.ordnancesurvey.co.uk/id/postcodeunit/CA174EX,CA17 4EX,,,,other,Postcode,384225.000,514295.000,3500,18000,,,,,,,,,,Eden,http://data.ordnancesurvey.co.uk/id/7000000000013049,http://data.ordnancesurvey.co.uk/ontology/admingeo/District,Cumbria,http://data.ordnancesurvey.co.uk/id/7000000000013244,http://data.ordnancesurvey.co.uk/ontology/admingeo/County,North West,http://data.ordnancesurvey.co.uk/id/7000000000041431,England,http://data.ordnancesurvey.co.uk/id/country/england,,,
DL116RU,http://data.ordnancesurvey.co.uk/id/postcodeunit/DL116RU,DL11 6RU,,,,other,Postcode,398623.000,503951.000,3500,18000,,,,,,,,,,Richmondshire,http://data.ordnancesurvey.co.uk/id/7000000000021986,http://data.ordnancesurvey.co.uk/ontology/admingeo/District,North Yorkshire,http://data.ordnancesurvey.co.uk/id/7000000000022028,http://data.ordnancesurvey.co.uk/ontology/admingeo/County,Yorkshire and the Humber,http://data.ordnancesurvey.co.uk/id/7000000000041430,England,http://data.ordnancesurvey.co.uk/id/country/england,,,
DL116RP,http://data.ordnancesurvey.co.uk/id/postcodeunit/DL116RP,DL11 6RP,,,,other,Postcode,398760.000,504506.000,3500,18000,,,,,,,,,,Richmondshire,http://data.ordnancesurvey.co.uk/id/7000000000021986,http://data.ordnancesurvey.co.uk/ontology/admingeo/District,North Yorkshire,http://data.ordnancesurvey.co.uk/id/7000000000022028,http://data.ordnancesurvey.co.uk/ontology/admingeo/County,Yorkshire and the Humber,http://data.ordnancesurvey.co.uk/id/7000000000041430,England,http://data.ordnancesurvey.co.uk/id/country/england,,,
DL116LR,http://data.ordnancesurvey.co.uk/id/postcodeunit/DL116LR,DL11 6LR,,,,other,Postcode,385343.000,501249.000,3500,18000,,,,,,,,,,Richmondshire,http://data.ordnancesurvey.co.uk/id/7000000000021986,http://data.ordnancesurvey.co.uk/ontology/admingeo/District,North Yorkshire,http://data.ordnancesurvey.co.uk/id/7000000000022028,http://data.ordnancesurvey.co.uk/ontology/admingeo/County,Yorkshire and the Humber,http://data.ordnancesurvey.co.uk/id/7000000000041430,England,http://data.ordnancesurvey.co.uk/id/country/england,,,
DL129HZ,http://data.ordnancesurvey.co.uk/id/postcodeunit/DL129HZ,DL12 9HZ,,,,other,Postcode,398858.000,514030.000,3500,18000,,,,,,,,,,,,,County Durham,http://data.ordnancesurvey.co.uk/id/7000000000043607,http://data.ordnancesurvey.co.uk/ontology/admingeo/UnitaryAuthority,North East,http://data.ordnancesurvey.co.uk/id/7000000000041422,England,http://data.ordnancesurvey.co.uk/id/country/england,,,
DL116LP,http://data.ordnancesurvey.co.uk/id/postcodeunit/DL116LP,DL11 6LP,,,,other,Postcode,386322.000,502678.000,3500,18000,,,,,,,,,,Richmondshire,http://data.ordnancesurvey.co.uk/id/7000000000021986,http://data.ordnancesurvey.co.uk/ontology/admingeo/District,North Yorkshire,http://data.ordnancesurvey.co.uk/id/7000000000022028,http://data.ordnancesurvey.co.uk/ontology/admingeo/County,Yorkshire and the Humber,http://data.ordnancesurvey.co.uk/id/7000000000041430,England,http://data.ordnancesurvey.co.uk/id/country/england,,,
DL116RR,http://data.ordnancesurvey.co.uk/id/postcodeunit/DL116RR,DL11 6RR,,,,other,Postcode,397582.000,506203.000,3500,18000,,,,,,,,,,Richmondshire,http://data.ordnancesurvey.co.uk/id/7000000000021986,http://data.ordnancesurvey.co.uk/ontology/admingeo/District,North Yorkshire,http://data.ordnancesurvey.co.uk/id/7000000000022028,http://data.ordnancesurvey.co.uk/ontology/admingeo/County,Yorkshire and the Humber,http://data.ordnancesurvey.co.uk/id/7000000000041430,England,http://data.ordnancesurvey.co.uk/id/country/england,,,
DL129JE,http://data.ordnancesurvey.co.uk/id/postcodeunit/DL129JE,DL12 9JE,,,,other,Postcode,396843.000,515435.000,3500,18000,,,,,,,,,,,,,County Durham,http://data.ordnancesurvey.co.uk/id/7000000000043607,http://data.ordnancesurvey.co.uk/ontology/admingeo/UnitaryAuthority,North East,http://data.ordnancesurvey.co.uk/id/7000000000041422,England,http://data.ordnancesurvey.co.uk/id/country/england,,,
DL129HP,http://data.ordnancesurvey.co.uk/id/postcodeunit/DL129HP,DL12 9HP,,,,other,Postcode,399464.000,513492.000,3500,18000,,,,,,,Bowes,http://data.ordnancesurvey.co.uk/id/4000000074547556,http://www.ordnancesurvey.co.uk/xml/codelists/localtype.xml#village,,,,County Durham,http://data.ordnancesurvey.co.uk/id/7000000000043607,http://data.ordnancesurvey.co.uk/ontology/admingeo/UnitaryAuthority,North East,http://data.ordnancesurvey.co.uk/id/7000000000041422,England,http://data.ordnancesurvey.co.uk/id/country/england,,,
DL129HB,http://data.ordnancesurvey.co.uk/id/postcodeunit/DL129HB,DL12 9HB,,,,other,Postcode,399385.000,513470.000,3500,18000,,,,,,,Bowes,http://data.ordnancesurvey.co.uk/id/4000000074547556,http://www.ordnancesurvey.co.uk/xml/codelists/localtype.xml#village,,,,County Durham,http://data.ordnancesurvey.co.uk/id/7000000000043607,http://data.ordnancesurvey.co.uk/ontology/admingeo/UnitaryAuthority,North East,http://data.ordnancesurvey.co.uk/id/7000000000041422,England,http://data.ordnancesurvey.co.uk/id/country/england,,,
DL129LX,http://data.ordnancesurvey.co.uk/id/postcodeunit/DL129LX,DL12 9LX,,,,other,Postcode,399270.000,512965.000,3500,18000,,,,,,,Gilmonby,http://data.ordnancesurvey.co.uk/id/4000000074547555,http://www.ordnancesurvey.co.uk/xml/codelists/localtype.xml#hamlet,,,,County Durham,http://data.ordnancesurvey.co.uk/id/7000000000043607,http://data.ordnancesurvey.co.uk/ontology/admingeo/UnitaryAuthority,North East,http://data.ordnancesurvey.co.uk/id/7000000000041422,England,http://data.ordnancesurvey.co.uk/id/country/england,,,
DL129LH,http://data.ordnancesurvey.co.uk/id/postcodeunit/DL129LH,DL12 9LH,,,,other,Postcode,399053.000,513565.000,3500,18000,,,,,,,Bowes,http://data.ordnancesurvey.co.uk/id/4000000074547556,http://www.ordnancesurvey.co.uk/xml/codelists/localtype.xml#village,,,,County Durham,http://data.ordnancesurvey.co.uk/id/7000000000043607,http://data.ordnancesurvey.co.uk/ontology/admingeo/UnitaryAuthority,North East,http://data.ordnancesurvey.co.uk/id/7000000000041422,England,http://data.ordnancesurvey.co.uk/id/country/england,,,
DL129RL,http://data.ordnancesurvey.co.uk/id/postcodeunit/DL129RL,DL12 9RL,,,,other,Postcode,395971.000,510616.000,3500,18000,,,,,,,,,,,,,County Durham,http://data.ordnancesurvey.co.uk/id/7000000000043607,http://data.ordnancesurvey.co.uk/ontology/admingeo/UnitaryAuthority,North East,http://data.ordnancesurvey.co.uk/id/7000000000041422,England,http://data.ordnancesurvey.co.uk/id/country/england,,,
DL116RJ,http://data.ordnancesurvey.co.uk/id/postcodeunit/DL116RJ,DL11 6RJ,,,,other,Postcode,399749.000,503467.000,3500,18000,,,,,,,,,,Richmondshire,http://data.ordnancesurvey.co.uk/id/7000000000021986,http://data.ordnancesurvey.co.uk/ontology/admingeo/District,North Yorkshire,http://data.ordnancesurvey.co.uk/id/7000000000022028,http://data.ordnancesurvey.co.uk/ontology/admingeo/County,Yorkshire and the Humber,http://data.ordnancesurvey.co.uk/id/7000000000041430,England,http://data.ordnancesurvey.co.uk/id/country/england,,,
DL129NA,http://data.ordnancesurvey.co.uk/id/postcodeunit/DL129NA,DL12 9NA,,,,other,Postcode,397335.000,512806.000,3500,18000,,,,,,,,,,,,,County Durham,http://data.ordnancesurvey.co.uk/id/7000000000043607,http://data.ordnancesurvey.co.uk/ontology/admingeo/UnitaryAuthority,North East,http://data.ordnancesurvey.co.uk/id/7000000000041422,England,http://data.ordnancesurvey.co.uk/id/country/england,,,
CA174DH,http://data.ordnancesurvey.co.uk/id/postcodeunit/CA174DH,CA17 4DH,,,,other,Postcode,382428.000,512640.000,3500,18000,,,,,,,,,,Eden,http://data.ordnancesurvey.co.uk/id/7000000000013049,http://data.ordnancesurvey.co.uk/ontology/admingeo/District,Cumbria,http://data.ordnancesurvey.co.uk/id/7000000000013244,http://data.ordnancesurvey.co.uk/ontology/admingeo/County,North West,http://data.ordnancesurvey.co.uk/id/7000000000041431,England,http://data.ordnancesurvey.co.uk/id/country/england,,,
CA174DX,http://data.ordnancesurvey.co.uk/id/postcodeunit/CA174DX,CA17 4DX,,,,other,Postcode,380980.000,514623.000,3500,18000,,,,,,,,,,Eden,http://data.ordnancesurvey.co.uk/id/7000000000013049,http://data.ordnancesurvey.co.uk/ontology/admingeo/District,Cumbria,http://data.ordnancesurvey.co.uk/id/7000000000013244,http://data.ordnancesurvey.co.uk/ontology/admingeo/County,North West,http://data.ordnancesurvey.co.uk/id/7000000000041431,England,http://data.ordnancesurvey.co.uk/id/country/england,,,
DL129UU,http://data.ordnancesurvey.co.uk/id/postcodeunit/DL129UU,DL12 9UU,,,,other,Postcode,395557.000,519795.000,3500,18000,,,,,,,Hury,http://data.ordnancesurvey.co.uk/id/4000000074547558,http://www.ordnancesurvey.co.uk/xml/codelists/localtype.xml#hamlet,,,,County Durham,http://data.ordnancesurvey.co.uk/id/7000000000043607,http://data.ordnancesurvey.co.uk/ontology/admingeo/UnitaryAuthority,North East,http://data.ordnancesurvey.co.uk/id/7000000000041422,England,http://data.ordnancesurvey.co.uk/id/country/england,,,
DL129HL,http://data.ordnancesurvey.co.uk/id/postcodeunit/DL129HL,DL12 9HL,,,,other,Postcode,399424.000,513541.000,3500,18000,,,,,,,Bowes,http://data.ordnancesurvey.co.uk/id/4000000074547556,http://www.ordnancesurvey.co.uk/xml/codelists/localtype.xml#village,,,,County Durham,http://data.ordnancesurvey.co.uk/id/7000000000043607,http://data.ordnancesurvey.co.uk/ontology/admingeo/UnitaryAuthority,North East,http://data.ordnancesurvey.co.uk/id/7000000000041422,England,http://data.ordnancesurvey.co.uk/id/country/england,,,
DL129LZ,http://data.ordnancesurvey.co.uk/id/postcodeunit/DL129LZ,DL12 9LZ,,,,other,Postcode,398045.000,512969.000,3500,18000,,,,,,,,,,,,,County Durham,http://data.ordnancesurvey.co.uk/id/7000000000043607,http://data.ordnancesurvey.co.uk/ontology/admingeo/UnitaryAuthority,North East,http://data.ordnancesurvey.co.uk/id/7000000000041422,England,http://data.ordnancesurvey.co.uk/id/country/england,,,
DL116LN,http://data.ordnancesurvey.co.uk/id/postcodeunit/DL116LN,DL11 6LN,,,,other,Postcode,389008.000,501226.000,3500,18000,,,,,,,Keld,http://data.ordnancesurvey.co.uk/id/4000000074546056,http://www.ordnancesurvey.co.uk/xml/codelists/localtype.xml#hamlet,Richmondshire,http://data.ordnancesurvey.co.uk/id/7000000000021986,http://data.ordnancesurvey.co.uk/ontology/admingeo/District,North Yorkshire,http://data.ordnancesurvey.co.uk/id/7000000000022028,http://data.ordnancesurvey.co.uk/ontology/admingeo/County,Yorkshire and the Humber,http://data.ordnancesurvey.co.uk/id/7000000000041430,England,http://data.ordnancesurvey.co.uk/id/country/england,,,
DL116LT,http://data.ordnancesurvey.co.uk/id/postcodeunit/DL116LT,DL11 6LT,,,,other,Postcode,386449.000,501481.000,3500,18000,,,,,,,,,,Richmondshire,http://data.ordnancesurvey.co.uk/id/7000000000021986,http://data.ordnancesurvey.co.uk/ontology/admingeo/District,North Yorkshire,http://data.ordnancesurvey.co.uk/id/7000000000022028,http://data.ordnancesurvey.co.uk/ontology/admingeo/County,Yorkshire and the Humber,http://data.ordnancesurvey.co.uk/id/7000000000041430,England,http://data.ordnancesurvey.co.uk/id/country/england,,,
CA174JD,http://data.ordnancesurvey.co.uk/id/postcodeunit/CA174JD,CA17 4JD,,,,other,Postcode,383860.000,510807.000,3500,18000,,,,,,,,,,Eden,http://data.ordnancesurvey.co.uk/id/7000000000013049,http://data.ordnancesurvey.co.uk/ontology/admingeo/District,Cumbria,http://data.ordnancesurvey.co.uk/id/7000000000013244,http://data.ordnancesurvey.co.uk/ontology/admingeo/County,North West,http://data.ordnancesurvey.co.uk/id/7000000000041431,England,http://data.ordnancesurvey.co.uk/id/country/england,,,
DL129JF,http://data.ordnancesurvey.co.uk/id/postcodeunit/DL129JF,DL12 9JF,,,,other,Postcode,397724.000,515452.000,3500,18000,,,,,,,,,,,,,County Durham,http://data.ordnancesurvey.co.uk/id/7000000000043607,http://data.ordnancesurvey.co.uk/ontology/admingeo/UnitaryAuthority,North East,http://data.ordnancesurvey.co.uk/id/7000000000041422,England,http://data.ordnancesurvey.co.uk/id/country/england,,,
DL129HJ,http://data.ordnancesurvey.co.uk/id/postcodeunit/DL129HJ,DL12 9HJ,,,,other,Postcode,399332.000,513558.000,3500,18000,,,,,,,Bowes,http://data.ordnancesurvey.co.uk/id/4000000074547556,http://www.ordnancesurvey.co.uk/xml/codelists/localtype.xml#village,,,,County Durham,http://data.ordnancesurvey.co.uk/id/7000000000043607,http://data.ordnancesurvey.co.uk/ontology/admingeo/UnitaryAuthority,North East,http://data.ordnancesurvey.co.uk/id/7000000000041422,England,http://data.ordnancesurvey.co.uk/id/country/england,,,
DL116ET,http://data.ordnancesurvey.co.uk/id/postcodeunit/DL116ET,DL11 6ET,,,,other,Postcode,399590.000,501734.000,3500,18000,,,,,,,,,,Richmondshire,http://data.ordnancesurvey.co.uk/id/7000000000021986,http://data.ordnancesurvey.co.uk/ontology/admingeo/District,North Yorkshire,http://data.ordnancesurvey.co.uk/id/7000000000022028,http://data.ordnancesurvey.co.uk/ontology/admingeo/County,Yorkshire and the Humber,http://data.ordnancesurvey.co.uk/id/7000000000041430,England,http://data.ordnancesurvey.co.uk/id/country/england,,,
DL116EP,http://data.ordnancesurvey.co.uk/id/postcodeunit/DL116EP,DL11 6EP,,,,other,Postcode,399919.000,502889.000,3500,18000,,,,,,,,,,Richmondshire,http://data.ordnancesurvey.co.uk/id/7000000000021986,http://data.ordnancesurvey.co.uk/ontology/admingeo/District,North Yorkshire,http://data.ordnancesurvey.co.uk/id/7000000000022028,http://data.ordnancesurvey.co.uk/ontology/admingeo/County,Yorkshire and the Humber,http://data.ordnancesurvey.co.uk/id/7000000000041430,England,http://data.ordnancesurvey.co.uk/id/country/england,,,
DL116RS,http://data.ordnancesurvey.co.uk/id/postcodeunit/DL116RS,DL11 6RS,,,,other,Postcode,397991.000,505181.000,3500,18000,,,,,,,,,,Richmondshire,http://data.ordnancesurvey.co.uk/id/7000000000021986,http://data.ordnancesurvey.co.uk/ontology/admingeo/District,North Yorkshire,http://data.ordnancesurvey.co.uk/id/7000000000022028,http://data.ordnancesurvey.co.uk/ontology/admingeo/County,Yorkshire and the Humber,http://data.ordnancesurvey.co.uk/id/7000000000041430,England,http://data.ordnancesurvey.co.uk/id/country/england,,,
CA174ES,http://data.ordnancesurvey.co.uk/id/postcodeunit/CA174ES,CA17 4ES,,,,other,Postcode,383126.000,512043.000,3500,18000,,,,,,,,,,Eden,http://data.ordnancesurvey.co.uk/id/7000000000013049,http://data.ordnancesurvey.co.uk/ontology/admingeo/District,Cumbria,http://data.ordnancesurvey.co.uk/id/7000000000013244,http://data.ordnancesurvey.co.uk/ontology/admingeo/County,North West,http://data.ordnancesurvey.co.uk/id/7000000000041431,England,http://data.ordnancesurvey.co.uk/id/country/england,,,
CA174DY,http://data.ordnancesurvey.co.uk/id/postcodeunit/CA174DY,CA17 4DY,,,,other,Postcode,383464.000,514915.000,3500,18000,,,,,,,,,,Eden,http://data.ordnancesurvey.co.uk/id/7000000000013049,http://data.ordnancesurvey.co.uk/ontology/admingeo/District,Cumbria,http://data.ordnancesurvey.co.uk/id/7000000000013244,http://data.ordnancesurvey.co.uk/ontology/admingeo/County,North West,http://data.ordnancesurvey.co.uk/id/7000000000041431,England,http://data.ordnancesurvey.co.uk/id/country/england,,,
DL129LJ,http://data.ordnancesurvey.co.uk/id/postcodeunit/DL129LJ,DL12 9LJ,,,,other,Postcode,399080.000,513568.000,3500,18000,,,,,,,Bowes,http://data.ordnancesurvey.co.uk/id/4000000074547556,http://www.ordnancesurvey.co.uk/xml/codelists/localtype.xml#village,,,,County Durham,http://data.ordnancesurvey.co.uk/id/7000000000043607,http://data.ordnancesurvey.co.uk/ontology/admingeo/UnitaryAuthority,North East,http://data.ordnancesurvey.co.uk/id/7000000000041422,England,http://data.ordnancesurvey.co.uk/id/country/england,,,
DL129LQ,http://data.ordnancesurvey.co.uk/id/postcodeunit/DL129LQ,DL12 9LQ,,,,other,Postcode,399136.000,513567.000,3500,18000,,,,,,,Bowes,http://data.ordnancesurvey.co.uk/id/4000000074547556,http://www.ordnancesurvey.co.uk/xml/codelists/localtype.xml#village,,,,County Durham,http://data.ordnancesurvey.co.uk/id/7000000000043607,http://data.ordnancesurvey.co.uk/ontology/admingeo/UnitaryAuthority,North East,http://data.ordnancesurvey.co.uk/id/7000000000041422,England,http://data.ordnancesurvey.co.uk/id/country/england,,,
DL116ER,http://data.ordnancesurvey.co.uk/id/postcodeunit/DL116ER,DL11 6ER,,,,other,Postcode,399993.000,502550.000,3500,18000,,,,,,,,,,Richmondshire,http://data.ordnancesurvey.co.uk/id/7000000000021986,http://data.ordnancesurvey.co.uk/ontology/admingeo/District,North Yorkshire,http://data.ordnancesurvey.co.uk/id/7000000000022028,http://data.ordnancesurvey.co.uk/ontology/admingeo/County,Yorkshire and the Humber,http://data.ordnancesurvey.co.uk/id/7000000000041430,England,http://data.ordnancesurvey.co.uk/id/country/england,,,
DL129DJ,http://data.ordnancesurvey.co.uk/id/postcodeunit/DL129DJ,DL12 9DJ,,,,other,Postcode,399875.000,516164.000,3500,18000,,,,,,,,,,,,,County Durham,http://data.ordnancesurvey.co.uk/id/7000000000043607,http://data.ordnancesurvey.co.uk/ontology/admingeo/UnitaryAuthority,North East,http://data.ordnancesurvey.co.uk/id/7000000000041422,England,http://data.ordnancesurvey.co.uk/id/country/england,,,
DL129UN,http://data.ordnancesurvey.co.uk/id/postcodeunit/DL129UN,DL12 9UN,,,,other,Postcode,398909.000,518961.000,3500,18000,,,,,,,,,,,,,County Durham,http://data.ordnancesurvey.co.uk/id/7000000000043607,http://data.ordnancesurvey.co.uk/ontology/admingeo/UnitaryAuthority,North East,http://data.ordnancesurvey.co.uk/id/7000000000041422,England,http://data.ordnancesurvey.co.uk/id/country/england,,,
DL129HN,http://data.ordnancesurvey.co.uk/id/postcodeunit/DL129HN,DL12 9HN,,,,other,Postcode,399383.000,513525.000,3500,18000,,,,,,,Bowes,http://data.ordnancesurvey.co.uk/id/4000000074547556,http://www.ordnancesurvey.co.uk/xml/codelists/localtype.xml#village,,,,County Durham,http://data.ordnancesurvey.co.uk/id/7000000000043607,http://data.ordnancesurvey.co.uk/ontology/admingeo/UnitaryAuthority,North East,http://data.ordnancesurvey.co.uk/id/7000000000041422,England,http://data.ordnancesurvey.co.uk/id/country/england,,,
DL129NB,http://data.ordnancesurvey.co.uk/id/postcodeunit/DL129NB,DL12 9NB,,,,other,Postcode,398637.000,513141.000,3500,18000,,,,,,,,,,,,,County Durham,http://data.ordnancesurvey.co.uk/id/7000000000043607,http://data.ordnancesurvey.co.uk/ontology/admingeo/UnitaryAuthority,North East,http://data.ordnancesurvey.co.uk/id/7000000000041422,England,http://data.ordnancesurvey.co.uk/id/country/england,,,
DL129JG,http://data.ordnancesurvey.co.uk/id/postcodeunit/DL129JG,DL12 9JG,,,,other,Postcode,399016.000,515978.000,3500,18000,,,,,,,,,,,,,County Durham,http://data.ordnancesurvey.co.uk/id/7000000000043607,http://data.ordnancesurvey.co.uk/ontology/admingeo/UnitaryAuthority,North East,http://data.ordnancesurvey.co.uk/id/7000000000041422,England,http://data.ordnancesurvey.co.uk/id/country/england,,,
CA174DJ,http://data.ordnancesurvey.co.uk/id/postcodeunit/CA174DJ,CA17 4DJ,,,,other,Postcode,384107.000,512985.000,3500,18000,,,,,,,South Stainmore,http://data.ordnancesurvey.co.uk/id/4000000074548007,http://www.ordnancesurvey.co.uk/xml/codelists/localtype.xml#otherSettlement,Eden,http://data.ordnancesurvey.co.uk/id/7000000000013049,http://data.ordnancesurvey.co.uk/ontology/admingeo/District,Cumbria,http://data.ordnancesurvey.co.uk/id/7000000000013244,http://data.ordnancesurvey.co.uk/ontology/admingeo/County,North West,http://data.ordnancesurvey.co.uk/id/7000000000041431,England,http://data.ordnancesurvey.co.uk/id/country/england,,,
DL116LW,http://data.ordnancesurvey.co.uk/id/postcodeunit/DL116LW,DL11 6LW,,,,other,Postcode,387296.000,501723.000,3500,18000,,,,,,,,,,Richmondshire,http://data.ordnancesurvey.co.uk/id/7000000000021986,http://data.ordnancesurvey.co.uk/ontology/admingeo/District,North Yorkshire,http://data.ordnancesurvey.co.uk/id/7000000000022028,http://data.ordnancesurvey.co.uk/ontology/admingeo/County,Yorkshire and the Humber,http://data.ordnancesurvey.co.uk/id/7000000000041430,England,http://data.ordnancesurvey.co.uk/id/country/england,,,
CA174HZ,http://data.ordnancesurvey.co.uk/id/postcodeunit/CA174HZ,CA17 4HZ,,,,other,Postcode,382751.000,510171.000,3500,18000,,,,,,,,,,Eden,http://data.ordnancesurvey.co.uk/id/7000000000013049,http://data.ordnancesurvey.co.uk/ontology/admingeo/District,Cumbria,http://data.ordnancesurvey.co.uk/id/7000000000013244,http://data.ordnancesurvey.co.uk/ontology/admingeo/County,North West,http://data.ordnancesurvey.co.uk/id/7000000000041431,England,http://data.ordnancesurvey.co.uk/id/country/england,,,
DL116RT,http://data.ordnancesurvey.co.uk/id/postcodeunit/DL116RT,DL11 6RT,,,,other,Postcode,398257.000,504485.000,3500,18000,,,,,,,Whaw,http://data.ordnancesurvey.co.uk/id/4000000074546055,http://www.ordnancesurvey.co.uk/xml/codelists/localtype.xml#hamlet,Richmondshire,http://data.ordnancesurvey.co.uk/id/7000000000021986,http://data.ordnancesurvey.co.uk/ontology/admingeo/District,North Yorkshire,http://data.ordnancesurvey.co.uk/id/7000000000022028,http://data.ordnancesurvey.co.uk/ontology/admingeo/County,Yorkshire and the Humber,http://data.ordnancesurvey.co.uk/id/7000000000041430,England,http://data.ordnancesurvey.co.uk/id/country/england,,,
CA174HY,http://data.ordnancesurvey.co.uk/id/postcodeunit/CA174HY,CA17 4HY,,,,other,Postcode,381166.000,511073.000,3500,18000,,,,,,,,,,Eden,http://data.ordnancesurvey.co.uk/id/7000000000013049,http://data.ordnancesurvey.co.uk/ontology/admingeo/District,Cumbria,http://data.ordnancesurvey.co.uk/id/7000000000013244,http://data.ordnancesurvey.co.uk/ontology/admingeo/County,North West,http://data.ordnancesurvey.co.uk/id/7000000000041431,England,http://data.ordnancesurvey.co.uk/id/country/england,,,
DL116EB,http://data.ordnancesurvey.co.uk/id/postcodeunit/DL116EB,DL11 6EB,,,,other,Postcode,389120.000,503136.000,3500,18000,,,,,,,,,,Richmondshire,http://data.ordnancesurvey.co.uk/id/7000000000021986,http://data.ordnancesurvey.co.uk/ontology/admingeo/District,North Yorkshire,http://data.ordnancesurvey.co.uk/id/7000000000022028,http://data.ordnancesurvey.co.uk/ontology/admingeo/County,Yorkshire and the Humber,http://data.ordnancesurvey.co.uk/id/7000000000041430,England,http://data.ordnancesurvey.co.uk/id/country/england,,,
CA174DQ,http://data.ordnancesurvey.co.uk/id/postcodeunit/CA174DQ,CA17 4DQ,,,,other,Postcode,382619.000,514274.000,3500,18000,,,,,,,,,,Eden,http://data.ordnancesurvey.co.uk/id/7000000000013049,http://data.ordnancesurvey.co.uk/ontology/admingeo/District,Cumbria,http://data.ordnancesurvey.co.uk/id/7000000000013244,http://data.ordnancesurvey.co.uk/ontology/admingeo/County,North West,http://data.ordnancesurvey.co.uk/id/7000000000041431,England,http://data.ordnancesurvey.co.uk/id/country/england,,,
DL116DY,http://data.ordnancesurvey.co.uk/id/postcodeunit/DL116DY,DL11 6DY,,,,other,Postcode,388923.000,500232.000,3500,18000,,,,,,,,,,Richmondshire,http://data.ordnancesurvey.co.uk/id/7000000000021986,http://data.ordnancesurvey.co.uk/ontology/admingeo/District,North Yorkshire,http://data.ordnancesurvey.co.uk/id/7000000000022028,http://data.ordnancesurvey.co.uk/ontology/admingeo/County,Yorkshire and the Humber,http://data.ordnancesurvey.co.uk/id/7000000000041430,England,http://data.ordnancesurvey.co.uk/id/country/england,,,
DL129LS,http://data.ordnancesurvey.co.uk/id/postcodeunit/DL129LS,DL12 9LS,,,,other,Postcode,399454.000,513052.000,3500,18000,,,,,,,Gilmonby,http://data.ordnancesurvey.co.uk/id/4000000074547555,http://www.ordnancesurvey.co.uk/xml/codelists/localtype.xml#hamlet,,,,County Durham,http://data.ordnancesurvey.co.uk/id/7000000000043607,http://data.ordnancesurvey.co.uk/ontology/admingeo/UnitaryAuthority,North East,http://data.ordnancesurvey.co.uk/id/7000000000041422,England,http://data.ordnancesurvey.co.uk/id/country/england,,,
DL116LL,http://data.ordnancesurvey.co.uk/id/postcodeunit/DL116LL,DL11 6LL,,,,other,Postcode,389206.000,500950.000,3500,18000,,,,,,,Keld,http://data.ordnancesurvey.co.uk/id/4000000074546056,http://www.ordnancesurvey.co.uk/xml/codelists/localtype.xml#hamlet,Richmondshire,http://data.ordnancesurvey.co.uk/id/7000000000021986,http://data.ordnancesurvey.co.uk/ontology/admingeo/District,North Yorkshire,http://data.ordnancesurvey.co.uk/id/7000000000022028,http://data.ordnancesurvey.co.uk/ontology/admingeo/County,Yorkshire and the Humber,http://data.ordnancesurvey.co.uk/id/7000000000041430,England,http://data.ordnancesurvey.co.uk/id/country/england,,,
osgb4000000007144268,http://data.ordnancesurvey.co.uk/id/4000000007144268,Stonesdale Lane,,,,transportNetwork,Named Road,388737.533,502164.790,9000,20000,388566.000,501448.154,388760.929,502847.122,DL11,http://data.ordnancesurvey.co.uk/id/postcodedistrict/DL11,West Stonesdale,http://data.ordnancesurvey.co.uk/id/4000000074546057,http://www.ordnancesurvey.co.uk/xml/codelists/localtype.xml#hamlet,Richmondshire,http://data.ordnancesurvey.co.uk/id/7000000000021986,http://data.ordnancesurvey.co.uk/ontology/admingeo/District,North Yorkshire,http://data.ordnancesurvey.co.uk/id/7000000000022028,http://data.ordnancesurvey.co.uk/ontology/admingeo/County,Yorkshire and the Humber,http://data.ordnancesurvey.co.uk/id/7000000000041430,England,http://data.ordnancesurvey.co.uk/id/country/england,,,
osgb4000000007144278,http://data.ordnancesurvey.co.uk/id/4000000007144278,Heggerscales Lane,,,,transportNetwork,Named Road,382411.581,510377.637,6000,20000,381944.062,510172.216,382855.619,510594.029,CA17,http://data.ordnancesurvey.co.uk/id/postcodedistrict/CA17,,,,Eden,http://data.ordnancesurvey.co.uk/id/7000000000013049,http://data.ordnancesurvey.co.uk/ontology/admingeo/District,Cumbria,http://data.ordnancesurvey.co.uk/id/7000000000013244,http://data.ordnancesurvey.co.uk/ontology/admingeo/County,North West,http://data.ordnancesurvey.co.uk/id/7000000000041431,England,http://data.ordnancesurvey.co.uk/id/country/england,,,
osgb4000000007144279,http://data.ordnancesurvey.co.uk/id/4000000007144279,Redgate Lane,,,,transportNetwork,Named Road,381039.641,511066.224,11000,20000,380188.134,510594.029,381944.062,511071.360,CA17,http://data.ordnancesurvey.co.uk/id/postcodedistrict/CA17,,,,Eden,http://data.ordnancesurvey.co.uk/id/7000000000013049,http://data.ordnancesurvey.co.uk/ontology/admingeo/District,Cumbria,http://data.ordnancesurvey.co.uk/id/7000000000013244,http://data.ordnancesurvey.co.uk/ontology/admingeo/County,North West,http://data.ordnancesurvey.co.uk/id/7000000000041431,England,http://data.ordnancesurvey.co.uk/id/country/england,,,
ec5591b2-3667-4b7e-8549-580e716ca6d8,http://data.ordnancesurvey.co.uk/id/ec5591b2-3667-4b7e-8549-580e716ca6d8,Back Lane,,,,transportNetwork,Section Of Named Road,399415.000,513442.000,2000,25000,399253.000,513441.000,399588.000,513548.000,DL12,http://data.ordnancesurvey.co.uk/id/postcodedistrict/DL12,Bowes,http://data.ordnancesurvey.co.uk/id/4000000074547556,http://www.ordnancesurvey.co.uk/xml/codelists/localtype.xml#village,,,,County Durham,http://data.ordnancesurvey.co.uk/id/7000000000043607,http://data.ordnancesurvey.co.uk/ontology/admingeo/UnitaryAuthority,North East,http://data.ordnancesurvey.co.uk/id/7000000000041422,England,http://data.ordnancesurvey.co.uk/id/country/england,osgb4000000007144543,,
osgb4000000007824659,http://data.ordnancesurvey.co.uk/id/4000000007824659,The Street,,,,transportNetwork,Named Road,399777.523,513476.750,11000,20000,398928.400,513448.000,400633.000,513590.000,DL12,http://data.ordnancesurvey.co.uk/id/postcodedistrict/DL12,,,,,,,County Durham,http://data.ordnancesurvey.co.uk/id/7000000000043607,http://data.ordnancesurvey.co.uk/ontology/admingeo/UnitaryAuthority,North East,http://data.ordnancesurvey.co.uk/id/7000000000041422,England,http://data.ordnancesurvey.co.uk/id/country/england,,,
4072031e-c432-412a-aa5b-ce018132c305,http://data.ordnancesurvey.co.uk/id/4072031e-c432-412a-aa5b-ce018132c305,Briscoe Lane,,,,transportNetwork,Section Of Named Road,397718.865,519467.401,1000,25000,397629.888,519454.394,397795.037,519475.515,DL12,http://data.ordnancesurvey.co.uk/id/postcodedistrict/DL12,Briscoe,http://data.ordnancesurvey.co.uk/id/4000000074576895,http://www.ordnancesurvey.co.uk/xml/codelists/localtype.xml#hamlet,,,,County Durham,http://data.ordnancesurvey.co.uk/id/7000000000043607,http://data.ordnancesurvey.co.uk/ontology/admingeo/UnitaryAuthority,North East,http://data.ordnancesurvey.co.uk/id/7000000000041422,England,http://data.ordnancesurvey.co.uk/id/country/england,osgb4000000007144289,,
osgb4000000007144286,http://data.ordnancesurvey.co.uk/id/4000000007144286,Clint Lane,,,,transportNetwork,Named Road,398998.950,514074.346,6000,20000,398491.950,513842.246,399396.974,514272.739,DL12,http://data.ordnancesurvey.co.uk/id/postcodedistrict/DL12,,,,,,,County Durham,http://data.ordnancesurvey.co.uk/id/7000000000043607,http://data.ordnancesurvey.co.uk/ontology/admingeo/UnitaryAuthority,North East,http://data.ordnancesurvey.co.uk/id/7000000000041422,England,http://data.ordnancesurvey.co.uk/id/country/england,,,
osgb4000000007144537,http://data.ordnancesurvey.co.uk/id/4000000007144537,Green Lane,,,,transportNetwork,Named Road,385432.159,512016.855,7000,20000,385389.000,511444.000,385602.899,512500.000,CA17,http://data.ordnancesurvey.co.uk/id/postcodedistrict/CA17,,,,Eden,http://data.ordnancesurvey.co.uk/id/7000000000013049,http://data.ordnancesurvey.co.uk/ontology/admingeo/District,Cumbria,http://data.ordnancesurvey.co.uk/id/7000000000013244,http://data.ordnancesurvey.co.uk/ontology/admingeo/County,North West,http://data.ordnancesurvey.co.uk/id/7000000000041431,England,http://data.ordnancesurvey.co.uk/id/country/england,,,
osgb4000000007144289,http://data.ordnancesurvey.co.uk/id/4000000007144289,Briscoe Lane,,,,transportNetwork,Named Road,397472.882,519463.557,7000,20000,396947.833,519431.101,398032.535,519550.676,DL12,http://data.ordnancesurvey.co.uk/id/postcodedistrict/DL12,,,,,,,County Durham,http://data.ordnancesurvey.co.uk/id/7000000000043607,http://data.ordnancesurvey.co.uk/ontology/admingeo/UnitaryAuthority,North East,http://data.ordnancesurvey.co.uk/id/7000000000041422,England,http://data.ordnancesurvey.co.uk/id/country/england,,,
osgb4000000007826778,http://data.ordnancesurvey.co.uk/id/4000000007826778,Bouldershaw Lane,,,,transportNetwork,Named Road,399940.000,502735.000,2000,20000,399820.003,502568.316,400062.104,502905.174,DL11,http://data.ordnancesurvey.co.uk/id/postcodedistrict/DL11,,,,Richmondshire,http://data.ordnancesurvey.co.uk/id/7000000000021986,http://data.ordnancesurvey.co.uk/ontology/admingeo/District,North Yorkshire,http://data.ordnancesurvey.co.uk/id/7000000000022028,http://data.ordnancesurvey.co.uk/ontology/admingeo/County,Yorkshire and the Humber,http://data.ordnancesurvey.co.uk/id/7000000000041430,England,http://data.ordnancesurvey.co.uk/id/country/england,,,
be5d11f2-217c-4a9d-80b8-4ea5dc06e484,http://data.ordnancesurvey.co.uk/id/be5d11f2-217c-4a9d-80b8-4ea5dc06e484,Barras Brow,,,,transportNetwork,Section Of Named Road,384535.916,511852.312,1000,25000,384514.913,511782.144,384541.212,511916.512,CA17,http://data.ordnancesurvey.co.uk/id/postcodedistrict/CA17,Barras,http://data.ordnancesurvey.co.uk/id/4000000074546060,http://www.ordnancesurvey.co.uk/xml/codelists/localtype.xml#hamlet,Eden,http://data.ordnancesurvey.co.uk/id/7000000000013049,http://data.ordnancesurvey.co.uk/ontology/admingeo/District,Cumbria,http://data.ordnancesurvey.co.uk/id/7000000000013244,http://data.ordnancesurvey.co.uk/ontology/admingeo/County,North West,http://data.ordnancesurvey.co.uk/id/7000000000041431,England,http://data.ordnancesurvey.co.uk/id/country/england,osgb4000000007145040,,
osgb4000000007145027,http://data.ordnancesurvey.co.uk/id/4000000007145027,Butthouse Rigg,,,,transportNetwork,Named Road,389295.329,500829.947,3000,20000,389140.729,500609.747,389297.329,501029.347,DL11,http://data.ordnancesurvey.co.uk/id/postcodedistrict/DL11,Keld,http://data.ordnancesurvey.co.uk/id/4000000074546056,http://www.ordnancesurvey.co.uk/xml/codelists/localtype.xml#hamlet,Richmondshire,http://data.ordnancesurvey.co.uk/id/7000000000021986,http://data.ordnancesurvey.co.uk/ontology/admingeo/District,North Yorkshire,http://data.ordnancesurvey.co.uk/id/7000000000022028,http://data.ordnancesurvey.co.uk/ontology/admingeo/County,Yorkshire and the Humber,http://data.ordnancesurvey.co.uk/id/7000000000041430,England,http://data.ordnancesurvey.co.uk/id/country/england,,,
3c418767-ca0f-41f4-8dc6-88bd883e5f73,http://data.ordnancesurvey.co.uk/id/3c418767-ca0f-41f4-8dc6-88bd883e5f73,The Street,,,,transportNetwork,Section Of Named Road,399332.000,513546.000,5000,25000,398928.400,513485.074,399722.501,513557.904,DL12,http://data.ordnancesurvey.co.uk/id/postcodedistrict/DL12,Bowes,http://data.ordnancesurvey.co.uk/id/4000000074547556,http://www.ordnancesurvey.co.uk/xml/codelists/localtype.xml#village,,,,County Durham,http://data.ordnancesurvey.co.uk/id/7000000000043607,http://data.ordnancesurvey.co.uk/ontology/admingeo/UnitaryAuthority,North East,http://data.ordnancesurvey.co.uk/id/7000000000041422,England,http://data.ordnancesurvey.co.uk/id/country/england,osgb4000000007824659,,
osgb4000000007145068,http://data.ordnancesurvey.co.uk/id/4000000007145068,Gill-Lands Lane,,,,transportNetwork,Named Road,396850.879,519370.673,2000,20000,396785.113,519222.059,396947.833,519510.677,DL12,http://data.ordnancesurvey.co.uk/id/postcodedistrict/DL12,,,,,,,County Durham,http://data.ordnancesurvey.co.uk/id/7000000000043607,http://data.ordnancesurvey.co.uk/ontology/admingeo/UnitaryAuthority,North East,http://data.ordnancesurvey.co.uk/id/7000000000041422,England,http://data.ordnancesurvey.co.uk/id/country/england,,,
osgb4000000007145040,http://data.ordnancesurvey.co.uk/id/4000000007145040,Barras Brow,,,,transportNetwork,Named Road,384558.608,511744.559,2000,20000,384514.913,511611.000,384663.000,511916.512,CA17,http://data.ordnancesurvey.co.uk/id/postcodedistrict/CA17,,,,Eden,http://data.ordnancesurvey.co.uk/id/7000000000013049,http://data.ordnancesurvey.co.uk/ontology/admingeo/District,Cumbria,http://data.ordnancesurvey.co.uk/id/7000000000013244,http://data.ordnancesurvey.co.uk/ontology/admingeo/County,North West,http://data.ordnancesurvey.co.uk/id/7000000000041431,England,http://data.ordnancesurvey.co.uk/id/country/england,,,
bd805b9e-3ab5-4d65-a52e-8691a0338eaf,http://data.ordnancesurvey.co.uk/id/bd805b9e-3ab5-4d65-a52e-8691a0338eaf,Stonesdale Lane,,,,transportNetwork,Section Of Named Road,388735.697,502209.059,2000,25000,388725.525,502047.968,388760.929,502384.735,DL11,http://data.ordnancesurvey.co.uk/id/postcodedistrict/DL11,West Stonesdale,http://data.ordnancesurvey.co.uk/id/4000000074546057,http://www.ordnancesurvey.co.uk/xml/codelists/localtype.xml#hamlet,Richmondshire,http://data.ordnancesurvey.co.uk/id/7000000000021986,http://data.ordnancesurvey.co.uk/ontology/admingeo/District,North Yorkshire,http://data.ordnancesurvey.co.uk/id/7000000000022028,http://data.ordnancesurvey.co.uk/ontology/admingeo/County,Yorkshire and the Humber,http://data.ordnancesurvey.co.uk/id/7000000000041430,England,http://data.ordnancesurvey.co.uk/id/country/england,osgb4000000007144268,,
osgb4000000007148204,http://data.ordnancesurvey.co.uk/id/4000000007148204,The Annums,,,,transportNetwork,Named Road,399551.500,513426.454,1000,20000,399516.764,513416.891,399577.580,513433.685,DL12,http://data.ordnancesurvey.co.uk/id/postcodedistrict/DL12,Bowes,http://data.ordnancesurvey.co.uk/id/4000000074547556,http://www.ordnancesurvey.co.uk/xml/codelists/localtype.xml#village,,,,County Durham,http://data.ordnancesurvey.co.uk/id/7000000000043607,http://data.ordnancesurvey.co.uk/ontology/admingeo/UnitaryAuthority,North East,http://data.ordnancesurvey.co.uk/id/7000000000041422,England,http://data.ordnancesurvey.co.uk/id/country/england,,,
osgb4000000007144180,http://data.ordnancesurvey.co.uk/id/4000000007144180,Sleightholme Moor Road,,,,transportNetwork,Named Road,394023.245,508853.473,18000,20000,392902.803,507491.599,395553.414,510193.869,DL12,http://data.ordnancesurvey.co.uk/id/postcodedistrict/DL12,,,,,,,County Durham,http://data.ordnancesurvey.co.uk/id/7000000000043607,http://data.ordnancesurvey.co.uk/ontology/admingeo/UnitaryAuthority,North East,http://data.ordnancesurvey.co.uk/id/7000000000041422,England,http://data.ordnancesurvey.co.uk/id/country/england,,,
475370c4-81a3-40a0-99a9-9587d5bc8640,http://data.ordnancesurvey.co.uk/id/475370c4-81a3-40a0-99a9-9587d5bc8640,Butthouse Rigg,,,,transportNetwork,Section Of Named Road,389227.929,500939.947,2000,25000,389140.729,500796.184,389297.329,501029.347,DL11,http://data.ordnancesurvey.co.uk/id/postcodedistrict/DL11,Keld,http://data.ordnancesurvey.co.uk/id/4000000074546056,http://www.ordnancesurvey.co.uk/xml/codelists/localtype.xml#hamlet,Richmondshire,http://data.ordnancesurvey.co.uk/id/7000000000021986,http://data.ordnancesurvey.co.uk/ontology/admingeo/District,North Yorkshire,http://data.ordnancesurvey.co.uk/id/7000000000022028,http://data.ordnancesurvey.co.uk/ontology/admingeo/County,Yorkshire and the Humber,http://data.ordnancesurvey.co.uk/id/7000000000041430,England,http://data.ordnancesurvey.co.uk/id/country/england,osgb4000000007145027,,
osgb4000000007152726,http://data.ordnancesurvey.co.uk/id/4000000007152726,Long Causeway,,,,transportNetwork,Named Road,391239.000,507341.000,20000,22000,389592.000,506679.276,392902.803,507497.000,DL11,http://data.ordnancesurvey.co.uk/id/postcodedistrict/DL11,,,,Richmondshire,http://data.ordnancesurvey.co.uk/id/7000000000021986,http://data.ordnancesurvey.co.uk/ontology/admingeo/District,North Yorkshire,http://data.ordnancesurvey.co.uk/id/7000000000022028,http://data.ordnancesurvey.co.uk/ontology/admingeo/County,Yorkshire and the Humber,http://data.ordnancesurvey.co.uk/id/7000000000041430,England,http://data.ordnancesurvey.co.uk/id/country/england,,,
osgb4000000007144543,http://data.ordnancesurvey.co.uk/id/4000000007144543,Back Lane,,,,transportNetwork,Named Road,399415.000,513442.000,2000,20000,399253.000,513441.000,399588.000,513548.000,DL12,http://data.ordnancesurvey.co.uk/id/postcodedistrict/DL12,Bowes,http://data.ordnancesurvey.co.uk/id/4000000074547556,http://www.ordnancesurvey.co.uk/xml/codelists/localtype.xml#village,,,,County Durham,http://data.ordnancesurvey.co.uk/id/7000000000043607,http://data.ordnancesurvey.co.uk/ontology/admingeo/UnitaryAuthority,North East,http://data.ordnancesurvey.co.uk/id/7000000000041422,England,http://data.ordnancesurvey.co.uk/id/country/england,,,
DL129HX,http://data.ordnancesurvey.co.uk/id/postcodeunit/DL129HX,DL12 9HX,,,,other,Postcode,399693.000,513465.000,3500,18000,,,,,,,Bowes,http://data.ordnancesurvey.co.uk/id/4000000074547556,http://www.ordnancesurvey.co.uk/xml/codelists/localtype.xml#village,,,,County Durham,http://data.ordnancesurvey.co.uk/id/7000000000043607,http://data.ordnancesurvey.co.uk/ontology/admingeo/UnitaryAuthority,North East,http://data.ordnancesurvey.co.uk/id/7000000000041422,England,http://data.ordnancesurvey.co.uk/id/country/england,,,
DL116EA,http://data.ordnancesurvey.co.uk/id/postcodeunit/DL116EA,DL11 6EA,,,,other,Postcode,388728.000,502104.000,3500,18000,,,,,,,West Stonesdale,http://data.ordnancesurvey.co.uk/id/4000000074546057,http://www.ordnancesurvey.co.uk/xml/codelists/localtype.xml#hamlet,Richmondshire,http://data.ordnancesurvey.co.uk/id/7000000000021986,http://data.ordnancesurvey.co.uk/ontology/admingeo/District,North Yorkshire,http://data.ordnancesurvey.co.uk/id/7000000000022028,http://data.ordnancesurvey.co.uk/ontology/admingeo/County,Yorkshire and the Humber,http://data.ordnancesurvey.co.uk/id/7000000000041430,England,http://data.ordnancesurvey.co.uk/id/country/england,,,
DL129LD,http://data.ordnancesurvey.co.uk/id/postcodeunit/DL129LD,DL12 9LD,,,,other,Postcode,399215.000,513535.000,3500,18000,,,,,,,Bowes,http://data.ordnancesurvey.co.uk/id/4000000074547556,http://www.ordnancesurvey.co.uk/xml/codelists/localtype.xml#village,,,,County Durham,http://data.ordnancesurvey.co.uk/id/7000000000043607,http://data.ordnancesurvey.co.uk/ontology/admingeo/UnitaryAuthority,North East,http://data.ordnancesurvey.co.uk/id/7000000000041422,England,http://data.ordnancesurvey.co.uk/id/country/england,,,
e43f39a2-9930-481a-aa8e-e095d49c6e34,http://data.ordnancesurvey.co.uk/id/e43f39a2-9930-481a-aa8e-e095d49c6e34,Redgate Lane,,,,transportNetwork,Section Of Named Road,380366.183,510956.663,2000,25000,380188.134,510950.843,380543.857,510998.619,CA17,http://data.ordnancesurvey.co.uk/id/postcodedistrict/CA17,Rookby,http://data.ordnancesurvey.co.uk/id/4000000074546284,http://www.ordnancesurvey.co.uk/xml/codelists/localtype.xml#hamlet,Eden,http://data.ordnancesurvey.co.uk/id/7000000000013049,http://data.ordnancesurvey.co.uk/ontology/admingeo/District,Cumbria,http://data.ordnancesurvey.co.uk/id/7000000000013244,http://data.ordnancesurvey.co.uk/ontology/admingeo/County,North West,http://data.ordnancesurvey.co.uk/id/7000000000041431,England,http://data.ordnancesurvey.co.uk/id/country/england,osgb4000000007144279,,
7a7c990d-ccb2-4e80-8014-a6586f2daaaa,http://data.ordnancesurvey.co.uk/id/7a7c990d-ccb2-4e80-8014-a6586f2daaaa,Long Close Lane,,,,transportNetwork,Section Of Named Road,399333.550,512971.896,1000,25000,399249.390,512936.137,399473.550,513035.096,DL12,http://data.ordnancesurvey.co.uk/id/postcodedistrict/DL12,Gilmonby,http://data.ordnancesurvey.co.uk/id/4000000074547555,http://www.ordnancesurvey.co.uk/xml/codelists/localtype.xml#hamlet,,,,County Durham,http://data.ordnancesurvey.co.uk/id/7000000000043607,http://data.ordnancesurvey.co.uk/ontology/admingeo/UnitaryAuthority,North East,http://data.ordnancesurvey.co.uk/id/7000000000041422,England,http://data.ordnancesurvey.co.uk/id/country/england,osgb4000000007156337,,
3a2a4293-8fb6-4854-bf75-a0fe804059be,http://data.ordnancesurvey.co.uk/id/3a2a4293-8fb6-4854-bf75-a0fe804059be,Heggerscales Lane,,,,transportNetwork,Section Of Named Road,382166.594,510465.442,2000,25000,382018.326,510409.707,382333.327,510562.345,CA17,http://data.ordnancesurvey.co.uk/id/postcodedistrict/CA17,Heggerscales,http://data.ordnancesurvey.co.uk/id/4000000074810485,http://www.ordnancesurvey.co.uk/xml/codelists/localtype.xml#hamlet,Eden,http://data.ordnancesurvey.co.uk/id/7000000000013049,http://data.ordnancesurvey.co.uk/ontology/admingeo/District,Cumbria,http://data.ordnancesurvey.co.uk/id/7000000000013244,http://data.ordnancesurvey.co.uk/ontology/admingeo/County,North West,http://data.ordnancesurvey.co.uk/id/7000000000041431,England,http://data.ordnancesurvey.co.uk/id/country/england,osgb4000000007144278,,
osgb4000000007156337,http://data.ordnancesurvey.co.uk/id/4000000007156337,Long Close Lane,,,,transportNetwork,Named Road,398776.250,512863.346,9000,20000,398016.850,512822.346,399473.550,513035.096,DL12,http://data.ordnancesurvey.co.uk/id/postcodedistrict/DL12,,,,,,,County Durham,http://data.ordnancesurvey.co.uk/id/7000000000043607,http://data.ordnancesurvey.co.uk/ontology/admingeo/UnitaryAuthority,North East,http://data.ordnancesurvey.co.uk/id/7000000000041422,England,http://data.ordnancesurvey.co.uk/id/country/england,,,
