,Healthy
None,Healthy
Nil,Healthy
No,Healthy
Blind,Blind
Neither,Healthy
Deaf And Dumb,Deaf And Dumb
Deaf,Deaf
Imbecile,Imbecile
Idiot,Idiot
No Infirmity,Healthy
Not,Healthy
Lame,Lame
Decrepit,Invalid
Dumb,Dumb
Lunatic,Lunatic
Not Deaf Or Dumb,Healthy
Perfect,Healthy
Not Afflicted,Healthy
Sound,Healthy
Healthy,Healthy
Dumb Only,Dumb
Old Age,Invalid
All Right,Healthy
Good Health,Healthy
Free,Healthy
Non,Healthy
Not Deaf,Healthy
No Affliction,Healthy
Deaf Only,Deaf
None Afflicted,Healthy
Partially Blind,Partially Blind
Paralysis,Paralysis
Eighter,Healthy
Invalid,Invalid
Not Either,Healthy
None So Afflicted,Healthy
Not Deaf No Dumb,Healthy
Nothing,Healthy
Cripple,Cripple
Rheumatism,Rheumatism
Idiotic,Idiot
Not Deaf And Dumb,Healthy
Not Dumb,Healthy
Deaf Dumb,Deaf And Dumb
Deaf And Blind,Deaf And Blind
Alright,Healthy
Neither Deaf Or Dumb,Healthy
Not Deaf Or Dim,Healthy
All Sound,Healthy
No Information,Healthy
Neither Deaf No Dumb,Healthy
Nether,Healthy
Not Any,Healthy
Paralyzed,Paralyzed
Not Affected,Healthy
Blind Partially,Partially Blind
Perfect Health,Healthy
Sick,Sick
All Well,Healthy
Sane,Healthy
Hear And Speak,Healthy
Infirmity,Invalid
No Infirmary,Healthy
All Perfect,Healthy
Dumb Imbecile,Dumb And Imbecile
Not Afflicted Birth Any Of Above,Healthy
Deaf No Dumb,Deaf
Nearly Blind,Partially Blind
Dumb Idiot,Dumb And Idiot
In Health,Healthy
All Intellect,Healthy
Deaf Or Dumb,Healthy
Neither Deaf Dumb Blind Imbecile Idiot Or Lunatic,Healthy
Not D D B,Healthy
Bedridden,Bedridden
Blind Only,Blind
No Affection,Healthy
Not De Or Dim,Healthy
Deaf Mute,Deaf And Dumb
Dumb And Imbecile,Dumb And Imbecile
No Disease,Healthy
Not Blind,Healthy
Rheumatic,Rheumatism
Deaf And Dim,Deaf And Dumb
Health,Healthy
No Complaint,Healthy
No Impediment,Healthy
Not Deaf Dumb,Healthy
Not Deaf Or Dumb Or Blind,Healthy
Slightly Deaf,Partially Deaf
Debility,Invalid
Infirm,Invalid
No One,Healthy
Not D No Dumb,Healthy
Blind Of One Eye,Partially Blind
Dumb And Idiot,Dumb And Idiot
Influenza,Influenza
Same,Healthy
All In Good Health,Healthy
Harmless Lunatic,Lunatic
None As Above,Healthy
Partly Blind,Partially Blind
Well,Healthy
Can Speak,Dumb
Consumption,Consumption
Epileptic,Epilepsy
Lame Only,Lame
None Of The,Healthy
Not D Or D,Healthy
Not Deaf Not Dim,Healthy
Not Neither,Healthy
Speak,Healthy
Delicate,Invalid
Disabled,Crippled
Dumb And Deaf,Deaf And Dumb
Infirmity Only In Mind,Lunatic
Non Afflicted,Healthy
Almost Blind,Partially Blind
Bad Sight,Partially Blind
Blind And Deaf,Deaf And Blind
Blind One Eye,Partially Blind
Bronchitis,Bronchitis
Deaf Dumb And Blind,"Deaf, Dumb And Blind"
Either,Healthy
Idiot And Dumb,Dumb And Idiot
In Good Health,Healthy
N Dumb,Dumb
No Infirm,Healthy
No One Eighter Deaf Dim No Blind None,Healthy
Free Arm All Infirmity,Healthy
Hear Speak See,Healthy
Idiot Dumb,Dumb And Idiot
Imbecile And Dumb,Dumb And Imbecile
No Affected,Healthy
No Deaf,Healthy
No Illness,Healthy
No Infirmity A Affection,Healthy
Partially Deaf,Partially Deaf
Perfectly Sound,Healthy
All Acute,Healthy
All Healthy,Healthy
Are Not,Healthy
Free Arm Information,Healthy
Good Heath,Healthy
Neither D D No B,Healthy
No Defeat In Any Of The Above,Healthy
No Dumb,Healthy
None Above Infirmity,Healthy
None Disease,Healthy
Not Deaf Dumb Or Blind,Healthy
Nova Lunatic,Lunatic
Simple,Idiot
Sound Health,Healthy
Sound In Mind And Body,Healthy
Suffering Arm No Infirmity Goat So Ever,Healthy
Thank God Are Have The Use Of All Or Face,Healthy
Afflicted,Invalid
All R,Healthy
All Sound And Perfect,Healthy
Cancer,Cancer
Health Good,Healthy
Hip Disease,Hip Disease
Imbecile Dumb,Dumb And Imbecile
N Deaf No Dumb,Healthy
Neither Deaf On Dumb,Healthy
Neither Deaf Or Blind,Healthy
Neither One Or The Other Thanks God,Healthy
Nil Healthy,Healthy
Nile,Healthy
Not Blind Or Dumb,Healthy
Not D Or Dumb,Healthy
Nothing Wrong Birth Any Person,Healthy
Right In Mind Neither Deaf And Dumb Or A Lunatic,Healthy
Sound In Wind And Limb,Healthy
Sound Of Wind And Limb,Healthy
Sound Sense,Healthy
All And Dumb Here,Healthy
All In Good Healthy In Body And Mind,Healthy
Blasted,Invalid
Deaf And Dumb Idiot,"Idiot, Deaf And Dumb"
Decrepit Only,Decrepit
Feeble,Decrepit
Firm,Healthy
Hearing,Healthy
Hearing And C,Healthy
Heath Deaf Or Dumb,Healthy
Imbecile And Idiot,Imbecile
Innocent,Healthy
None Affected,Healthy
None Affected In The Family,Healthy
None Age,Healthy
None Either Deaf Dumb Blind Or Imbecile Or Idiot Or Lunatic,Healthy
None Imbecile,Healthy
None Nil,Healthy
Not Deaf Dumb No Blind,Healthy
Now Infirmity,Healthy
One Eye Blind,Partially Blind
One Leg,Lame
Partly Deaf,Partially Deaf
Sensible,Healthy
A Little Deaf,Partially Deaf
All In Found Health,Healthy
All Sound In Mind And Limb,Healthy
And Same Thankful,Healthy
Blind And Decrepit,Blind And Decrepit
Blind And Lame,Blind And Lame
Deaf And Dumb Imbecile,"Imbecile, Deaf And Dumb"
Imbecile Or Idiot,Imbecile
Infirmity Nil,Healthy
N,Healthy
Neither D One D,Healthy
Neither Dim Blind Or Imbecile,Healthy
No Afflicted,Healthy
Non As Deaf Or Dump,Healthy
None D And D Or Blind,Healthy
None Deaf Dumb Blind Idiot Or Lunatic None,Healthy
None Deaf Dumb Or Imbecile And C,Healthy
None T G,Healthy
None Thank God,Healthy
Not So,Healthy
Senile,Senile
Sound Mind And Body,Healthy
Weak Sight,Partially Blind
All Free Arm An Impediment,Healthy
Cannot Walk,Lame
Crippled,Crippled
Deaf Idiot,Deaf and Idiot
Disable,Crippled
Free Arm All Case,Healthy
Full Acute,Healthy
G H,Healthy
Half Blind,Partially Blind
Little Deaf,Partially Deaf
N D Or D,Healthy
Neither Deaf And Dumb,Healthy
Neither Dumb Deaf Blind,Healthy
No Deaf Or Dump Any One,Healthy
Nobody,Healthy
None Whatever,Healthy
Not 1,Healthy
Not Afflicted Birth La,Healthy
Not D Not D,Healthy
Not D Or Dim,Healthy
Not David,Healthy
Not Deaf Or Dumb No Blind Or Any Other Defect,Healthy
Not Deaf Or Dumb Or Blind Or Idiot,Healthy
Not Dumb No Blind,Healthy
One Arm,Crippled
R Sharp,Healthy
Ulcer,Ulcer
Yes,Healthy
All Good,Healthy
All Good Health,Healthy
All Right No Deformation,Healthy
All Sense Right,Healthy
All Sound And Free Arm Above,Healthy
Blind And Imbecile,Blind And Imbecile
Blind In Left Eye,Partially Blind
Broken Leg,Lame
Deaf And Lame,Deaf And Lame
Deafness,Deaf
Deformed,Crippled
Dumb And Idiotic,Dumb And Idiot
Dumb Not Deaf,Dumb
General Debility,Invalid
Hear See And Speak,Healthy
Intellect,Healthy
N D Or Dumb,Healthy
Natural Sense,Healthy
No Blind Sound,Healthy
No Deaf No Dumb,Healthy
No Person Of The Class In House,Healthy
Non Afflict,Healthy
Non Infirmity,Healthy
None Of The Above Thank God,Healthy
Not Deaf No Dumb No Blind,Healthy
Not Dumb Or Blind,Healthy
Not Infirm,Healthy
Pains,Invalid
Rheumatic Pains,Rheumatism
Sane And Sound,Healthy
Sight,Healthy
Sinner,Healthy
Sound Heath,Healthy
Sound In Body And Mind,Healthy
Speak And Hear,Healthy
Spine Disease,Invalid