Read And Write,Literate
Cannot Read,Illiterate
Read,Can Read
Can Read And Write,Literate
Read Write,Literate
Read Only,Can Read
Cannot Read Or Write,Illiterate
Read And Rate,Literate
Can Read,Can Read
Cannot,Illiterate
No,Illiterate
Cant Read Or Write,Illiterate
Can Read Write,Literate
Can Read Only,Can Read
Yes,Literate
Cannot Read And Write,Illiterate
Read And Weight,Literate
Cant Read,Illiterate
Cannot Read No Write,Illiterate
Scholar,Literate
Both,Literate
Read Rate,Literate
R And W,Literate
Cannot Write,Can Read
R And Write,Literate
Read And Sight,Literate
Neither,Illiterate
Can Read And Rate,Literate
Not Read,Illiterate
Write And Read,Literate
Cannot Read Write,Illiterate
Read An Write,Literate
Not Read Or Write,Illiterate
Read And W,Literate
Read A Write,Literate
Cannot R Or W,Illiterate
Read And Wit,Literate
Both Read And Write,Literate
Cannot Read Or Rate,Illiterate
Rad And Write,Literate
Read Weight,Literate
Cannot Read Or W,Illiterate
Cannot R Or Write,Illiterate
Nil,Illiterate
Yes Read And Write,Literate
Raid And Write,Literate
Can Read And W,Literate
Can Read Or Write,Literate
None,Illiterate
Neither Read Or Write,Illiterate
Read Or Write,Literate
Cant Read No Write,Illiterate
Infant,Illiterate
Read Sight,Literate
R W,Literate
R Write,Literate
Write,Literate
Unknown,Illiterate
Ad And Write,Literate
Neither Read No Write,Illiterate
Read Not Write,Can Read
Cannot Rad,Illiterate
Illiterate,Illiterate
Not,Illiterate
Cant Read And Write,Illiterate
Read And C Write,Literate
Can R And Write,Literate
Can Read Rate,Literate
Read No Write,Can Read
Educated,Literate
Bread And Write,Literate
Write Read,Literate
Can Not Read,Illiterate
Read And Waite,Literate
Can R And W,Literate
Read And Ar,Literate
Can Read And Weight,Literate
Read And Write Yes,Literate
Cannot R,Illiterate
At School,Literate
Can Read And Sight,Literate
Can Write,Literate
Yes Both,Literate
Read And Write Both,Literate
Read Cannot Write,Can Read
Reader,Can Read
Cannot R W,Literate
Not Read No Write,Illiterate
Not Read And Write,Illiterate
Scalar,Literate
Cannot Read Or Wit,Illiterate
Cant Read Or Rate,Illiterate
Can,Literate
Can Read An Write,Literate
Read Wit,Literate
Read An Rate,Literate
Read W,Literate
Cannot Write Or Read,Illiterate
Cannot Ad Or Write,Illiterate
Rad Write,Literate
Can Do Both,Literate
School,Literate
Cannot Raid,Illiterate
C Read And Write,Literate
Can Read And Wit,Literate
Cannot Read No Rate,Illiterate
Cant Read Write,Illiterate
Not Read Write,Illiterate
Can Write And Read,Literate
Cant,Illiterate
Can Both Read And Write,Literate
Write Only,Illiterate
Can Read W,Literate
Raid Write,Literate
Cant Write,Can Read
Read A Rate,Literate
Cannot Ad,Illiterate
No Education,Illiterate
No Cannot Read,Illiterate
Cannot Read Or,Illiterate
Cannot Read Or Ar,Illiterate
Cannot Read And C,Illiterate
Read And Bit,Literate
Raid And Rate,Literate
Can Read And Ar,Literate
Cannot Read Or Weight,Illiterate
Cannot Read Rate,Illiterate
Cannot Read Cannot Write,Illiterate
Read And,Literate
Can Not,Illiterate
Can Read A Write,Literate
Cannot Read And W,Illiterate
Cannot R And W,Illiterate
Cannot Read W,Illiterate
No No,Illiterate
Read And Write Scholar,Literate
Cannot Read Or Sight,Illiterate
C Read,Can Read
Don Read Or Write,Illiterate
Child,Illiterate
Cannot Rad Or Write,Illiterate
Only Read,Can Read
Going Co School,Literate
Attending School,Literate
Read On Write,Literate
Cannot Not Read,Illiterate
Read And Wi,Literate
Can Read Not Write,Can Read
Can Rad And Write,Literate
Cant R Or W,Illiterate
Cannot Read And Rate,Illiterate
Cannot Read Not Write,Illiterate
Rad And Rate,Literate
Cannot Read No,Illiterate
Not Read Or Rate,Illiterate
Read And R,Literate
Can Not Read Or Write,Illiterate
Cannot R Write,Illiterate
Read And Irish,Literate
Cannot Read Neither,Illiterate
Ra And Write,Literate
Cannot R No W,Illiterate
Booth,Literate
Cant Read Or W,Illiterate
Read And Only,Can Read
Can R W,Literate
Read And Write Educated,Literate
He Can Read And Write,Literate
Raid,Can Read
Can Both,Literate
R And Rate,Literate
Not Write,Can Read
Bread Write,Literate
Can Read Cannot Write,Can Read
No Scholar,Literate
Cannot And Read,Illiterate
Cannot R And Write,Illiterate
Ad Write,Literate
Read And Write English,Literate
Can Neither Read Or Write,Illiterate
Cannot Rate,Can Read
C Read Write,Literate
Can Read Can Write,Literate
Cannon Read,Illiterate
Cannot Or Write,Illiterate
Read And Write And C,Literate
Can R Write,Literate
Read And Print,Literate
Read And Read,Literate
Read And Wight,Literate
Read Waite,Literate
Can Raid And Write,Literate
Rate And Read,Literate
Read Or Rate,Literate
Can Read And R,Literate
Can Read At Write,Literate
Yes Read Write,Literate
Can Read Sight,Literate
Learning,Literate
Neither Read And Write,Illiterate
Can Read Or Rate,Literate
English,Literate
Re And Write,Literate
Baby,Illiterate
Can Neither Read No Write,Illiterate
Rad,Can Read
Can Ad And Write,Literate
Cannot R No Write,Illiterate
R And R,Literate
Cannot Either,Illiterate
Can Read Weight,Literate
Cannot Ra,Illiterate
Cannot Read No W,Illiterate
Cant R Or Write,Illiterate
Not Able Co Read Or Write,Illiterate
Not Stated,Illiterate
See Can Read And Write,Literate
Can Read Wit,Literate
Not Known,Illiterate
Read And Are,Literate
Read And Rig,Literate
All Can Read And Write,Literate
Cannot Read Only,Illiterate
Cant Read No Rate,Illiterate
Not At School,Illiterate
No Read,Illiterate
Read Cant Write,Can Read
Too Young,Illiterate
Both Read Write,Literate
Cannot Read And Wit,Literate
Read Cannot,Can Read
Nether,Illiterate
Raid And Weight,Literate
Rede And Write,Literate
Yes Can Read And Write,Literate
Can Read And,Literate
Can Read Ar,Literate
Read And Age,Literate
He Read And Write,Literate
Read A Little,Can Read
Read And Not Write,Can Read
Can Read And C Write,Literate
Cannot Re,Illiterate
Read Not Rate,Can Read
Can And Write,Literate
School Boy,Literate
Both R And W,Literate
Can Read And Waite,Literate
Cannot Read Are Write,Illiterate
Raid Only,Can Read
Rand And Write,Literate
Read And Writer,Literate