RANK,NAME
1,MARY
2,FLORENCE
3,DORIS
4,EDITH
5,DOROTHY
6,ANNIE
7,MARGARET
8,ALICE
9,ELIZABETH
10,ELSIE
11,GLADYS
12,WINIFRED
13,ETHEL
14,HILDA
15,LILIAN
16,IVY
17,VIOLET
18,KATHLEEN
19,ELLEN
20,LILY
21,SARAH
22,NELLIE
23,EMILY
24,MABEL
25,ADA
26,BEATRICE
27,MARJORIE
28,MAY
29,ROSE
30,OLIVE
31,EVELYN
32,PHYLLIS
33,GERTRUDE
34,CATHERINE
35,AGNES
36,JESSIE
37,FRANCES
38,GRACE
39,IRENE
40,EVA
41,CONSTANCE
42,EDNA
43,JANE
44,AMY
45,VERA
46,MURIEL
47,DAISY
48,MINNIE
49,MAUD
50,LUCY
51,EMMA
52,ELEANOR
53,LOUISA
54,DORA
55,NORA
56,GWENDOLINE
57,HELEN
58,IDA
59,CLARA
60,HANNAH
61,ANNE
62,NORAH
63,KATE
64,MARTHA
65,BERTHA
66,LILLIAN
67,ANN
68,MARION
69,BESSIE
70,EILEEN
71,LAURA
72,MILDRED
73,RUTH
74,ISABELLA
75,CHARLOTTE
76,ESTHER
77,RUBY
78,HARRIET
79,MARIE
80,MARIA
81,CAROLINE
82,BARBARA
83,ELIZA
84,ROSINA
85,AMELIA
86,FREDA
87,MILLICENT
88,JANET
89,FANNY
90,JOAN
91,LYDIA
92,IRIS
93,BLANCHE
94,MIRIAM
95,JEAN
96,RACHEL
97,ELLA
98,MARGERY
99,CHRISTINA
100,NANCY
