RANK,NAME
1,MARY
2,MARGARET
3,DORIS
4,DOROTHY
5,KATHLEEN
6,FLORENCE
7,ELSIE
8,EDITH
9,ELIZABETH
10,WINIFRED
11,GLADYS
12,ANNIE
13,ALICE
14,PHYLLIS
15,HILDA
16,LILIAN
17,IVY
18,MARJORIE
19,ETHEL
20,VIOLET
21,IRENE
22,EDNA
23,VERA
24,ELLEN
25,LILY
26,OLIVE
27,EILEEN
28,EVELYN
29,JOAN
30,ROSE
31,SARAH
32,NELLIE
33,BEATRICE
34,MABEL
35,MAY
36,CATHERINE
37,FRANCES
38,EMILY
39,ADA
40,JESSIE
41,MURIEL
42,GRACE
43,AGNES
44,CONSTANCE
45,GWENDOLINE
46,GERTRUDE
47,NORA
48,EVA
49,JOYCE
50,NANCY
51,JANE
52,FREDA
53,BARBARA
54,DAISY
55,ANNE
56,NORAH
57,AMY
58,IRIS
59,DORA
60,HELEN
61,LUCY
62,RUTH
63,MARION
64,MAUD
65,BETTY
66,MINNIE
67,ELEANOR
68,RUBY
69,IDA
70,HANNAH
71,LILLIAN
72,ANN
73,LOUISA
74,BESSIE
75,JEAN
76,CLARA
77,MARIE
78,DOREEN
79,EMMA
80,MILDRED
81,ISABELLA
82,SYLVIA
83,ESTHER
84,MARTHA
85,BERTHA
86,AUDREY
87,LAURA
88,MARGERY
89,ROSINA
90,MARIA
91,JANET
92,BRIDGET
93,BERYL
94,ENID
95,JOSEPHINE
96,CHARLOTTE
97,KATE
98,AMELIA
99,PATRICIA
100,MILLICENT
