RANK,NAME
1,MARGARET
2,MARY
3,JOAN
4,JOYCE
5,DOROTHY
6,KATHLEEN
7,DORIS
8,IRENE
9,ELIZABETH
10,EILEEN
11,BETTY
12,JEAN
13,MARJORIE
14,GLADYS
15,DOREEN
16,VERA
17,ELSIE
18,BARBARA
19,WINIFRED
20,EDNA
21,AUDREY
22,EDITH
23,FLORENCE
24,PHYLLIS
25,LILIAN
26,HILDA
27,OLIVE
28,ANNIE
29,VIOLET
30,ALICE
31,PATRICIA
32,IVY
33,MURIEL
34,IRIS
35,EVELYN
36,PEGGY
37,CATHERINE
38,ETHEL
39,BERYL
40,GWENDOLINE
41,ELLEN
42,SYLVIA
43,SHEILA
44,ROSE
45,CONSTANCE
46,FRANCES
47,LILY
48,FREDA
49,MARION
50,NANCY
51,GRACE
52,BEATRICE
53,SARAH
54,AGNES
55,RUTH
56,MAY
57,NORA
58,BRENDA
59,JESSIE
60,PAMELA
61,ANNE
62,HELEN
63,MARIE
64,MABEL
65,EVA
66,MARIA
67,RUBY
68,NELLIE
69,HAZEL
70,EMILY
71,JOSEPHINE
72,DAPHNE
73,JANE
74,ADA
75,PAULINE
76,ANN
77,ENID
78,GERTRUDE
79,RITA
80,JUNE
81,STELLA
82,NORAH
83,MAVIS
84,THELMA
85,MILDRED
86,BRIDGET
87,MONICA
88,DAISY
89,ELEANOR
90,LILLIAN
91,ALMA
92,LUCY
93,DORA
94,CHRISTINE
95,MAUREEN
96,JANET
97,ROSEMARY
98,HANNAH
99,SYBIL
100,AMY
