RANK,NAME
1,SUSAN
2,LINDA
3,CHRISTINE
4,MARGARET
5,JANET
6,PATRICIA
7,CAROL
8,ELIZABETH
9,MARY
10,ANNE
11,ANN
12,JANE
13,JACQUELINE
14,BARBARA
15,SANDRA
16,GILLIAN
17,PAULINE
18,ELAINE
19,LESLEY
20,ANGELA
21,PAMELA
22,HELEN
23,JENNIFER
24,VALERIE
25,JEAN
26,CATHERINE
27,JULIE
28,KATHLEEN
29,DENISE
30,MAUREEN
31,JUDITH
32,WENDY
33,DIANE
34,SHEILA
35,JANICE
36,LYNN
37,KAREN
38,YVONNE
39,LYNNE
40,SHIRLEY
41,MARION
42,MARIA
43,ROSEMARY
44,CAROLE
45,JOAN
46,MARILYN
47,JUNE
48,LORRAINE
49,LYNDA
50,SALLY
51,MARIAN
52,BRENDA
53,ALISON
54,TERESA
55,JULIA
56,HEATHER
57,MARIE
58,EILEEN
59,DEBORAH
60,KATHRYN
61,HILARY
62,CAROLINE
63,SHARON
64,SYLVIA
65,RUTH
66,IRENE
67,DOROTHY
68,SARAH
69,FRANCES
70,JOSEPHINE
71,JILL
72,JOYCE
73,HAZEL
74,ANNETTE
75,BEVERLEY
76,GAIL
77,RITA
78,GERALDINE
79,DIANA
80,CAROLYN
81,CHRISTINA
82,PENELOPE
83,JEANETTE
84,SUZANNE
85,AMANDA
86,DAWN
87,THERESA
88,ANNA
89,JOY
90,DOREEN
91,FIONA
92,CHERYL
93,KAY
94,GLYNIS
95,ANITA
96,STEPHANIE
97,NICOLA
98,VERONICA
99,ANDREA
100,AUDREY
