RANK,NAME
1,SUSAN
2,JULIE
3,KAREN
4,JACQUELINE
5,DEBORAH
6,TRACEY
7,JANE
8,HELEN
9,DIANE
10,SHARON
11,TRACY
12,ANGELA
13,SARAH
14,ALISON
15,CAROLINE
16,AMANDA
17,SANDRA
18,LINDA
19,CATHERINE
20,ELIZABETH
21,CAROL
22,JOANNE
23,WENDY
24,JANET
25,DAWN
26,CHRISTINE
27,NICOLA
28,GILLIAN
29,SALLY
30,MARIA
31,MICHELLE
32,DEBRA
33,PAULA
34,ANNE
35,LORRAINE
36,PATRICIA
37,MARY
38,DENISE
39,MARGARET
40,ANN
41,BEVERLEY
42,DONNA
43,ELAINE
44,FIONA
45,JENNIFER
46,LESLEY
47,LOUISE
48,MANDY
49,TINA
50,JAYNE
51,SUZANNE
52,ANDREA
53,PAULINE
54,LISA
55,CLAIRE
56,KIM
57,JULIA
58,TERESA
59,HEATHER
60,KATHRYN
61,LYNN
62,RUTH
63,YVONNE
64,JUDITH
65,MELANIE
66,MARIE
67,PAMELA
68,CAROLE
69,BARBARA
70,GAIL
71,LYNNE
72,CLARE
73,JANICE
74,RACHEL
75,JILL
76,KATHERINE
77,KATHLEEN
78,SHIRLEY
79,ANNETTE
80,CAROLYN
81,ANNA
82,SARA
83,VALERIE
84,CHERYL
85,JEANETTE
86,KAY
87,ANITA
88,MAXINE
89,FRANCES
90,JOANNA
91,THERESA
92,DEBBIE
93,LYNDA
94,MAUREEN
95,ROSEMARY
96,MICHELE
97,LAURA
98,REBECCA
99,SHEILA
100,STEPHANIE
