RANK,NAME
1,SARAH
2,CLAIRE
3,NICOLA
4,EMMA
5,LISA
6,JOANNE
7,MICHELLE
8,HELEN
9,SAMANTHA
10,KAREN
11,AMANDA
12,RACHEL
13,LOUISE
14,JULIE
15,CLARE
16,REBECCA
17,SHARON
18,VICTORIA
19,CAROLINE
20,SUSAN
21,ALISON
22,CATHERINE
23,ELIZABETH
24,DEBORAH
25,DONNA
26,TRACEY
27,TRACY
28,ANGELA
29,JANE
30,ZOE
31,KERRY
32,MELANIE
33,SALLY
34,JENNIFER
35,DAWN
36,ANDREA
37,SUZANNE
38,LUCY
39,JOANNA
40,ANNA
41,CHARLOTTE
42,PAULA
43,KATHERINE
44,MARIA
45,MARIE
46,FIONA
47,KELLY
48,NATALIE
49,KATHRYN
50,JACQUELINE
51,WENDY
52,SARA
53,HAYLEY
54,LAURA
55,NATASHA
56,RUTH
57,LORRAINE
58,TINA
59,RACHAEL
60,ANNE
61,STEPHANIE
62,KIRSTY
63,CHRISTINE
64,JULIA
65,GILLIAN
66,CHERYL
67,HANNAH
68,VANESSA
69,ANN
70,JAYNE
71,DIANE
72,HEATHER
73,SANDRA
74,TERESA
75,KATE
76,LINDA
77,MARY
78,ELAINE
79,GEORGINA
80,EMILY
81,KATIE
82,ALEXANDRA
83,NICHOLA
84,CAROL
85,SOPHIE
86,HEIDI
87,KIM
88,TANYA
89,PATRICIA
90,BEVERLEY
91,LEANNE
92,DENISE
93,TARA
94,CLAIR
95,SONIA
96,DEBBIE
97,LESLEY
98,ANITA
99,LINDSEY
100,DEBRA
