RANK,NAME
1,SARAH
2,LAURA
3,GEMMA
4,EMMA
5,REBECCA
6,CLAIRE
7,VICTORIA
8,SAMANTHA
9,RACHEL
10,AMY
11,JENNIFER
12,NICOLA
13,KATIE
14,LISA
15,KELLY
16,NATALIE
17,LOUISE
18,MICHELLE
19,HAYLEY
20,HANNAH
21,HELEN
22,CHARLOTTE
23,JOANNE
24,LUCY
25,ELIZABETH
26,LEANNE
27,DANIELLE
28,DONNA
29,KATHERINE
30,CLARE
31,STEPHANIE
32,STACEY
33,LAUREN
34,JOANNA
35,KERRY
36,EMILY
37,CATHERINE
38,SOPHIE
39,ANNA
40,JESSICA
41,ZOE
42,KIRSTY
43,KIMBERLEY
44,KATE
45,JENNA
46,CAROLINE
47,NATASHA
48,RACHAEL
49,AMANDA
50,KATHRYN
51,KAREN
52,ALEXANDRA
53,JODIE
54,ALISON
55,SARA
56,JEMMA
57,CARLY
58,HEATHER
59,HOLLY
60,RUTH
61,FIONA
62,MELISSA
63,ANGELA
64,SUZANNE
65,KATY
66,MARIE
67,NAOMI
68,CHERYL
69,MELANIE
70,SALLY
71,JULIE
72,CHARLENE
73,JADE
74,SIAN
75,TRACEY
76,ELEANOR
77,DEBORAH
78,MARIA
79,LINDSEY
80,ABIGAIL
81,LINDSAY
82,SUSAN
83,ALICE
84,GEORGINA
85,AIMEE
86,JANE
87,KIM
88,CARLA
89,CHRISTINE
90,DAWN
91,TANYA
92,JENNY
93,ANDREA
94,LYNDSEY
95,JACQUELINE
96,LYNSEY
97,CHLOE
98,MARY
99,LEAH
100,TONI
