RANK,NAME
1,REBECCA
2,LAUREN
3,JESSICA
4,CHARLOTTE
5,HANNAH
6,SOPHIE
7,AMY
8,EMILY
9,LAURA
10,EMMA
11,CHLOE
12,SARAH
13,LUCY
14,KATIE
15,BETHANY
16,JADE
17,MEGAN
18,ALICE
19,RACHEL
20,SAMANTHA
21,DANIELLE
22,HOLLY
23,ABIGAIL
24,OLIVIA
25,STEPHANIE
26,ELIZABETH
27,VICTORIA
28,NATASHA
29,GEORGIA
30,ZOE
31,NATALIE
32,ELEANOR
33,SHANNON
34,PAIGE
35,GEORGINA
36,GEMMA
37,NICOLE
38,CHELSEA
39,KIRSTY
40,ALEXANDRA
41,MELISSA
42,JENNIFER
43,HAYLEY
44,LOUISE
45,KATHERINE
46,JODIE
47,GRACE
48,ANNA
49,MOLLY
50,AMBER
51,JASMINE
52,KAYLEIGH
53,KELLY
54,HARRIET
55,ASHLEIGH
56,CATHERINE
57,LEAH
58,NICOLA
59,FRANCESCA
60,NAOMI
61,KATE
62,ABBIE
63,CLAIRE
64,LEANNE
65,RACHAEL
66,ROSIE
67,AIMEE
68,ELLIE
69,SIAN
70,KIMBERLEY
71,LYDIA
72,HOLLIE
73,STACEY
74,BETHAN
75,AMELIA
76,BETH
77,KATHRYN
78,HEATHER
79,LISA
80,HELEN
81,ELLA
82,ROBYN
83,CHANTELLE
84,ELLEN
85,DAISY
86,DEMI
87,COURTNEY
88,GABRIELLE
89,YASMIN
90,LILY
91,RHIANNON
92,MARIA
93,KERRY
94,IMOGEN
95,REBEKAH
96,JORDAN
97,JOANNA
98,CAITLIN
99,JEMMA
100,TONI
