Rank,Name,Count
1,SOPHIE,7087
2,CHLOE,6824
3,JESSICA,6711
4,EMILY,6415
5,LAUREN,6299
6,HANNAH,5916
7,CHARLOTTE,5866
8,REBECCA,5828
9,AMY,5206
10,MEGAN,4948
11,SHANNON,4649
12,KATIE,4337
13,BETHANY,4271
14,EMMA,4232
15,LUCY,3753
16,GEORGIA,3723
17,LAURA,3582
18,SARAH,3111
19,JADE,2750
20,DANIELLE,2641
21,ABIGAIL,2595
22,ELEANOR,2555
23,HOLLY,2498
24,OLIVIA,2456
25,ALICE,2357
26,ELIZABETH,2225
27,RACHEL,2105
28,PAIGE,2052
29,MOLLY,2026
30,ELLIE,1900
31,ZOE,1897
32,SAMANTHA,1854
33,NATASHA,1751
34,CHELSEA,1735
35,LEAH,1705
36,NICOLE,1679
37,VICTORIA,1627
38,ALEXANDRA,1595
39,GEORGINA,1593
40,AMBER,1422
41,GRACE,1421
42,NATALIE,1393
43,JODIE,1354
44,LOUISE,1309
45,ABBIE,1297
46,MELISSA,1282
47,ANNA,1274
48,KATHERINE,1266
48,STEPHANIE,1266
50,GEMMA,1261
51,KAYLEIGH,1206
52,COURTNEY,1203
53,KIRSTY,1202
54,JENNIFER,1200
55,JASMINE,1145
56,ELLA,1137
57,HAYLEY,1088
58,ASHLEIGH,1081
59,KATE,1055
60,HARRIET,1046
61,LYDIA,1009
62,FRANCESCA,966
63,AMELIA,929
63,ELLEN,929
65,PHOEBE,910
66,CAITLIN,906
67,HOLLIE,896
68,CATHERINE,880
69,ROSIE,879
70,AIMEE,876
71,DAISY,828
72,BETHAN,825
73,KIMBERLEY,799
74,KELLY,789
75,NAOMI,766
76,SIAN,731
77,RACHAEL,721
78,HEATHER,713
79,DEMI,689
80,ROBYN,683
81,MOLLIE,667
82,YASMIN,661
83,BETH,656
84,RHIANNON,654
85,LILY,651
86,KATHRYN,635
87,NICOLA,629
88,LEANNE,616
89,CHANTELLE,609
90,CLAIRE,564
91,IMOGEN,555
92,POPPY,537
93,MADELEINE,536
94,ISOBEL,522
95,SOPHIA,516
96,MARIA,511
97,STACEY,509
98,ALICIA,504
99,GABRIELLE,501
100,ERIN,486
101,JEMMA,480
102,ISABELLE,469
103,RUBY,458
104,ISABEL,455
105,LISA,445
106,ISABELLA,441
107,KELSEY,438
108,HELEN,435
109,REBEKAH,424
110,TARA,422
111,KATY,413
112,FAYE,405
113,CHARLIE,404
113,SARA,404
115,TONI,400
116,MIA,397
116,TAMARA,397
118,FREYA,394
119,ANNIE,389
120,NIAMH,381
120,RUTH,381
122,ANNABEL,380
122,MARY,380
124,MICHAELA,376
125,JOANNA,374
126,JORDAN,372
127,EVE,369
128,ALISHA,363
129,BRYONY,362
130,LOIS,356
131,ELOISE,351
132,TIA,349
133,TIFFANY,346
134,TAYLOR,340
135,MAISIE,335
136,KERRY,333
136,SASHA,333
138,SIOBHAN,332
139,AISHA,328
140,MILLIE,324
141,DANIELLA,319
142,SHAUNA,316
143,GABRIELLA,313
144,SALLY,309
145,HELENA,308
146,APRIL,300
147,JASMIN,299
148,AMIE,297
149,CLAUDIA,290
150,JENNA,289
150,PHILIPPA,289
152,ASHLEY,287
153,MICHELLE,285
153,NADIA,285
155,NIKITA,284
156,CARA,282
157,FIONA,278
158,ABBY,276
158,CIARA,276
158,RHIANNA,276
161,ALEX,274
161,FRANCES,274
161,LORNA,274
164,SABRINA,272
165,AYESHA,271
166,BROOKE,269
167,HOPE,268
168,JOANNE,265
168,ZARA,265
170,AMANDA,264
171,JOSEPHINE,262
172,CHARLEY,256
172,CHRISTINA,256
174,LARA,255
175,ELISE,253
176,MORGAN,252
177,KATRINA,251
178,ELLE,250
179,ABBEY,249
180,INDIA,245
181,ROSE,244
182,BILLIE,242
182,CAROLINE,242
184,ELISHA,240
184,SIMRAN,240
186,BRITTANY,238
187,CARLY,235
187,LOUISA,235
187,SADIE,235
190,ANTONIA,234
191,ESTHER,231
192,CARLA,230
192,SAVANNAH,230
194,FLORENCE,228
195,ANNABELLE,225
195,KIRSTEN,225
197,KIERA,221
198,JAMIE,220
199,CARYS,217
200,CLARE,216
201,CASEY,215
202,ELENA,213
202,VANESSA,213
204,POLLY,212
205,KEELEY,209
206,SUMMER,203
207,DEANNA,202
207,SINEAD,202
209,FFION,201
209,SHELBY,201
211,EBONY,200
211,MATILDA,200
211,SHANICE,200
214,MARTHA,198
215,JOSIE,197
216,SCARLETT,195
217,JESSIE,194
218,HEIDI,193
219,RHIAN,192
220,LIBBY,191
221,GEORGIE,190
222,MADELINE,188
223,CHELSEY,184
223,JULIA,184
225,ALISON,181
225,KIRA,181
227,KATHLEEN,179
228,JEMIMA,177
229,MARYAM,176
230,TYLER,175
231,MARIAM,171
231,SASKIA,171
233,ALANA,170
233,FERN,170
235,MADISON,169
235,TANYA,169
237,DANA,167
237,EVIE,167
239,MELANIE,166
239,SAFFRON,166
241,BROGAN,165
241,NADINE,165
241,SHONA,165
244,CHELSIE,161
244,MIRIAM,161
246,KIRSTIE,160
247,NINA,159
248,SELINA,158
248,SIMONE,158
250,PARIS,157
251,NANCY,156
252,ZAINAB,154
253,FATIMA,153
254,AMINA,151
255,KARA,148
256,ELIZA,147
256,JENNY,147
258,BECKY,146
259,MAYA,145
260,ADELE,144
260,BETHANIE,144
260,CONNIE,144
260,KATHARINE,144
260,LIBERTY,144
260,ROSEMARY,144
266,ANGHARAD,141
266,HAZEL,141
266,MEGHAN,141
269,SERENA,139
270,LAYLA,138
271,EVA,137
271,TAMSIN,137
273,EDEN,136
273,ELINOR,136
273,LEONIE,136
273,LUCIE,136
273,TERRI,136
278,ESME,135
279,MADDISON,134
279,ROISIN,134
281,SANA,133
282,KEELY,132
282,LUCINDA,132
282,TABITHA,132
285,COURTENEY,130
285,KIRAN,130
285,SKYE,130
288,MARIE,129
288,TAYLA,129
290,CORAL,128
290,ROCHELLE,128
290,SOFIA,128
293,IONA,127
293,KAYLEY,127
295,FELICITY,126
296,ANISA,125
296,LEIGH,125
296,ROXANNE,125
296,SONIA,125
300,MONIQUE,123
301,ELLIS,120
302,DEBORAH,118
302,RIA,118
304,ANYA,117
304,BEATRICE,117
304,KIMBERLY,117
307,CHANEL,116
307,FAITH,116
309,CONSTANCE,115
309,DOMINIQUE,115
311,CODY,114
311,VERITY,114
313,ANASTASIA,113
313,CELINE,113
313,MIRANDA,113
316,JANE,112
316,RHIANNE,112
316,TEGAN,112
319,AALIYAH,111
319,ANISHA,111
319,CASSANDRA,111
319,CHARMAINE,111
319,HARLEY,111
319,SHARNA,111
325,SUSANNAH,109
325,YASMINE,109
327,CHRISTIE,107
327,CLARA,107
327,CRYSTAL,107
327,DARCY,107
331,ALIX,106
331,DEVON,106
331,EVANGELINE,106
331,ZAHRA,106
335,TILLY,105
336,ATLANTA,103
337,CATRIN,102
337,DANNIELLE,102
337,LOREN,102
337,NIA,102
337,NIKKI,102
342,FLORA,101
342,IQRA,101
342,PRIYA,101
345,KIRBY,100
346,ANGEL,99
346,BRIONY,99
346,ROSANNA,99
349,DANNI,98
349,JACQUELINE,98
349,LUCIA,98
349,SYDNEY,98
353,CARRIE,97
354,EMILIE,96
354,KERRI,96
356,BONNIE,95
356,EMILIA,95
356,WHITNEY,95
359,AYSHA,94
359,KEIRA,94
361,CHRISTINE,93
361,MONICA,93
361,RHEA,93
364,CERYS,92
364,ELLENA,92
364,SUZANNE,92
364,TAMMY,92
368,CHEYENNE,91
368,DAYNA,91
368,FAY,91
368,LOWRI,91
372,CATRIONA,90
372,RIANNA,90
372,SADIA,90
375,DIONNE,89
375,KENNEDY,89
375,LILLY,89
375,MARGARET,89
375,SYEDA,89
380,ELISABETH,88
380,JODI,88
382,ANGELA,87
382,ISLA,87
382,KIM,87
385,FLEUR,86
385,STEVIE,86
385,TALIA,86
388,ALANNAH,85
388,CASSIE,85
388,HALIMA,85
388,LACEY,85
392,SHELLEY,84
393,CHANELLE,83
393,LEILA,83
393,SHIVANI,83
393,TANISHA,83
397,ANEESA,82
397,HENNA,82
397,SUSAN,82
400,HANNA,81
400,PENNY,81
402,AUTUMN,80
402,CERI,80
402,EVELYN,80
402,GINA,80
402,LINDSEY,80
402,MARIAH,80
408,LANA,79
408,NATALIA,79
410,ALEXANDRIA,78
410,CHARLENE,78
410,CLARISSA,78
410,ERICA,78
410,TESSA,78
415,KAYA,77
415,SALMA,77
417,BRIDIE,76
417,KAREN,76
417,KYLIE,76
417,MADELAINE,76
417,ROWAN,76
422,SABAH,75
422,TORI,75
424,ALYSHA,74
424,ANDREA,74
424,CHANTEL,74
424,HALEEMA,74
428,BRONWYN,73
428,KERRIE,73
428,MANISHA,73
428,SAIRA,73
432,ABBI,72
432,ANNE,72
432,ELYSIA,72
432,HAFSA,72
436,ANITA,71
436,AOIFE,71
436,JULIE,71
436,SAIMA,71
440,AISLING,70
441,DONNA,69
441,IRAM,69
443,AMI,68
443,FARAH,68
443,PATRICIA,68
446,ELIN,67
446,RENEE,67
448,BOBBIE,66
448,CANDICE,66
448,GENEVIEVE,66
448,KAY,66
448,KELSIE,66
448,MICA,66
448,MILLICENT,66
455,JOY,65
455,KARINA,65
455,KRISTINA,65
455,ROSALIND,65
459,ASHA,63
459,KARLA,63
459,ROSA,63
462,BIANCA,62
462,CAMILLA,62
462,JAZMIN,62
462,MAXINE,62
466,ALIYAH,61
466,CODIE,61
466,JODY,61
466,KAYLEE,61
470,CARMEN,60
470,KELLIE,60
470,THEA,60
473,ANISAH,59
473,BRONTE,59
473,KARIS,59
473,LEVI,59
473,LILLIE,59
473,STACIE,59
479,COLETTE,58
479,JAYDE,58
479,JAZMINE,58
479,SAPPHIRE,58
479,VICKY,58
484,HENRIETTA,57
484,JULIET,57
484,KAITLIN,57
484,LEONA,57
484,REMI,57
484,SACHA,57
484,TASMIN,57
491,ALEXIS,56
491,ALIYA,56
491,BRIDGET,56
491,EILISH,56
491,HANA,56
491,MARINA,56
491,REANNE,56
491,TALLULAH,56
499,NISHA,55
500,AISHAH,54
500,HAYLEIGH,54
502,ANNALISE,53
502,KYRA,53
502,MARIANNE,53
502,SARAH-JANE,53
506,ANIKA,52
506,ASHLEA,52
506,CHARIS,52
506,LAURIE,52
506,LIA,52
506,LINDSAY,52
506,SKY,52
506,TANIA,52
514,LARISSA,51
514,MAY,51
514,SHANNEN,51
517,LYNDSEY,50
517,MEG,50
519,ALYS,49
519,ARABELLA,49
519,CORINNE,49
519,JUSTINE,49
519,MILLY,49
519,RIANNE,49
519,TERI,49
526,DANNIELLA,48
526,KAYLA,48
526,KIA,48
526,MAARIYAH,48
526,MARISSA,48
526,ROBERTA,48
526,TERESA,48
533,ABBIGAIL,47
533,ABI,47
533,ASMA,47
533,KITTY,47
533,LILLIAN,47
533,MARIYA,47
539,ANN,46
539,FARHANA,46
539,HUMAIRA,46
539,JAIME,46
539,JAMIE-LEE,46
539,KHADIJA,46
539,PENELOPE,46
539,SANAH,46
539,SEREN,46
539,SHARON,46
549,BRONWEN,45
549,DARCIE,45
549,ERIKA,45
549,FARZANA,45
549,KASEY,45
549,LIANNE,45
549,NATHALIE,45
549,ORLA,45
549,PAULA,45
549,SCARLET,45
549,SHAUNNA,45
549,TINA,45
549,TONICHA,45
562,CELIA,44
562,DREW,44
562,ISOBELLE,44
562,LETITIA,44
562,MAISY,44
562,REBEKKA,44
562,REMY,44
562,ROSEANNA,44
562,TASNIM,44
571,ALANNA,43
571,BELINDA,43
571,BOBBI,43
571,CHANTAL,43
571,DANI,43
571,DANIELA,43
571,DEBBIE,43
571,ELLIE-MAE,43
571,HONOR,43
571,JASPREET,43
571,MISHA,43
582,ALEXIA,42
582,ALINA,42
582,AMANDEEP,42
582,ELSPETH,42
582,FAIZA,42
582,KARISHMA,42
582,KEZIA,42
582,NICHOLA,42
582,SHANA,42
582,SIONED,42
582,STELLA,42
582,SUZANNA,42
594,BILLIE-JO,41
594,DAVINA,41
594,IMAN,41
594,JORDANNA,41
594,MARNIE,41
594,MEERA,41
594,RIO,41
594,ROWENA,41
594,SAFIA,41
594,SAMINA,41
594,SHANNAN,41
594,STACY,41
594,TAYLER,41
594,YAZMIN,41
608,ADRIENNE,40
608,BRODIE,40
608,CAMILLE,40
608,CHANTE,40
608,GIORGIA,40
608,KIAH,40
608,KRISTEN,40
608,LEANNA,40
608,LILIAN,40
608,MELODY,40
608,PAISLEY,40
608,SAVANNA,40
620,BERNADETTE,39
620,DAWN,39
620,DEMI-LEIGH,39
620,IKRA,39
620,JOHANNA,39
620,KAITLYN,39
620,KRISTY,39
620,LEIA,39
620,LOLA,39
620,LUISA,39
620,MAE,39
620,MERCEDES,39
620,PRIYANKA,39
620,SABINA,39
620,SHANI,39
635,AILISH,38
635,CARLIE,38
635,CORA,38
635,JAYNE,38
635,NAFEESA,38
635,NAZIA,38
635,PHILLIPA,38
635,SABA,38
643,ASHTON,37
643,CALLIE,37
643,CHANICE,37
643,DINA,37
643,KEISHA,37
643,KELSEA,37
643,KERI,37
643,KEZIAH,37
643,LORI,37
643,MADDIE,37
643,MIKAELA,37
643,NEELAM,37
643,RABIA,37
643,ROSHNI,37
643,SAMARA,37
643,SAMIRA,37
643,SARAH-LOUISE,37
643,TESS,37
661,AINE,36
661,AMARA,36
661,ANA,36
661,DIANA,36
661,ELISA,36
661,ELSA,36
661,ESTELLE,36
661,FARRAH,36
661,LORRAINE,36
661,PEYTON,36
671,ANGELICA,35
671,ANNE-MARIE,35
671,CHERYL,35
671,CLEO,35
671,ENYA,35
671,HAFSAH,35
671,HARRIETT,35
671,JAYMEE,35
671,KHADIJAH,35
671,LAILA,35
671,LESLEY,35
671,NOOR,35
671,PIPPA,35
671,RHIANN,35
671,SUSANNA,35
686,AILSA,34
686,ASHLEE,34
686,CAITLYN,34
686,CHERISE,34
686,CLEMENTINE,34
686,CYDNEY,34
686,FRANKIE,34
686,HARMONY,34
686,KRISTIE,34
686,LINDA,34
686,LOTTIE,34
686,MANPREET,34
686,POOJA,34
686,REANNA,34
686,SORCHA,34
686,THERESA,34
686,TRACY,34
703,AMIRA,33
703,BUSHRA,33
703,CALLY,33
703,CHARLEIGH,33
703,CHARLY,33
703,FAHIMA,33
703,GILLIAN,33
703,JAY,33
703,MAISHA,33
703,SADE,33
703,SOFIE,33
703,TARYN,33
703,TIANA,33
703,ZAHRAA,33
717,ALEXA,32
717,ALIA,32
717,AMINAH,32
717,AMRITA,32
717,ANGELINA,32
717,AQSA,32
717,CHERIE,32
717,CLARICE,32
717,COLLETTE,32
717,ELLESSE,32
717,EMILY-JANE,32
717,FAHMIDA,32
717,FAIZAH,32
717,JAMIE-LEIGH,32
717,JUDITH,32
717,JULIETTE,32
717,KADIE,32
717,LEYLA,32
717,YASEMIN,32
736,ALANIS,31
736,AMRIT,31
736,BRIANNA,31
736,CARLEY,31
736,CHIARA,31
736,CHRISTY,31
736,ELLIE-MAY,31
736,EMMA-LOUISE,31
736,JAMILA,31
736,JO,31
736,KAJAL,31
736,KATERINA,31
736,KAVITA,31
736,MISBAH,31
736,REGAN,31
736,ROMY,31
736,STEFANIE,31
753,ALEENA,30
753,AMIEE,30
753,ANEESAH,30
753,ASIA,30
753,AVA,30
753,AYLA,30
753,CATRINA,30
753,COLLEEN,30
753,DARCEY,30
753,GURPREET,30
753,JENNIE,30
753,JORDANNE,30
753,KAYLIE,30
753,LEA,30
753,LYNSEY,30
753,MAGGIE,30
753,MAIA,30
753,MELISA,30
753,MEREDITH,30
753,RADHIKA,30
753,SANNA,30
753,SHANTELLE,30
753,SIDRA,30
753,SONYA,30
753,TYLA,30
753,UZMA,30
753,VIKKI,30
753,YVONNE,30
753,ZAYNAB,30
753,ZOEY,30
783,ALEISHA,29
783,ALYSSA,29
783,ANIQA,29
783,ANTOINETTE,29
783,ASHLIE,29
783,BETHANEY,29
783,CLOE,29
783,DION,29
783,EILIDH,29
783,ELEN,29
783,ELOUISE,29
783,GRACIE,29
783,KIRANDEEP,29
783,LEONI,29
783,NAFISA,29
783,RUKHSAR,29
783,TAHMINA,29
783,TRACEY,29
783,VERONICA,29
802,ANN-MARIE,28
802,ATHENA,28
802,CARINA,28
802,CAROL,28
802,ELLICE,28
802,ELLISHA,28
802,ELLY,28
802,EMMIE,28
802,HARPREET,28
802,IMANI,28
802,KATARINA,28
802,KATIE-LOUISE,28
802,KRYSTAL,28
802,LIANA,28
802,PHILLIPPA,28
802,PORTIA,28
802,SANDRA,28
802,SHARMIN,28
802,SHEENA,28
802,TASHA,28
802,TIANNA,28
823,AMNA,27
823,ANJALI,27
823,ANNA-MARIE,27
823,CECILIA,27
823,CHARLEE,27
823,ELAINE,27
823,ELSIE,27
823,ELYSE,27
823,FATIMAH,27
823,HEBE,27
823,JAYE,27
823,LAURYN,27
823,LEIGHA,27
823,LENA,27
823,MARISA,27
823,NIKKITA,27
823,PEARL,27
823,RAE,27
823,RHEANNA,27
823,SAOIRSE,27
823,SHAKIRA,27
823,SHAMIMA,27
823,SUZANNAH,27
823,TASNEEM,27
823,YVETTE,27
848,AMMAARAH,26
848,BAILEY,26
848,BARBARA,26
848,BEVERLEY,26
848,DENISE,26
848,FENELLA,26
848,GABRIELA,26
848,GERALDINE,26
848,HABIBA,26
848,JOELY,26
848,JORDANA,26
848,KENDAL,26
848,KENDRA,26
848,LAUREL,26
848,MASUMA,26
848,NICHOLE,26
848,RACHELLE,26
848,ROSEANNE,26
848,SHANIA,26
848,SOMMER,26
848,VICKI,26
869,ABIGAYLE,25
869,AMANI,25
869,ANAM,25
869,ANNABELLA,25
869,CHAYA,25
869,FATEMA,25
869,JANINE,25
869,JOLENE,25
869,KIARA,25
869,KIRSTIN,25
869,LINA,25
869,MACKENZIE,25
869,NICOLLE,25
869,NUR,25
869,PRECIOUS,25
869,RHONA,25
869,SAMERA,25
869,SANYA,25
869,SHANNA,25
869,SHAUNIE,25
869,SIDRAH,25
869,TYRA,25
891,ADELLE,24
891,AIYSHA,24
891,ALANAH,24
891,CHEYANNE,24
891,FATMA,24
891,HARRIETTE,24
891,HUMERA,24
891,JESS,24
891,MAEVE,24
891,MARTINA,24
891,NEHA,24
891,PAMELA,24
891,PRISCILLA,24
891,RAVEENA,24
891,REA,24
891,RIMA,24
891,ROMANA,24
891,ROSEMARIE,24
891,SIANA,24
891,SUMAYYAH,24
891,SYLVIA,24
891,TAYA,24
891,WENDY,24
891,WILLOW,24
891,ZAHRAH,24
916,ALEESHA,23
916,ALESSANDRA,23
916,AMAL,23
916,BELLA,23
916,BRENNA,23
916,CORDELIA,23
916,CORRIE,23
916,CORRINA,23
916,EILEEN,23
916,ELENI,23
916,ELICIA,23
916,ELISSA,23
916,ELLISE,23
916,HESTER,23
916,HILARY,23
916,HUMAYRA,23
916,KACEY,23
916,KIRI,23
916,KOMAL,23
916,MUNA,23
916,OCEAN,23
916,ROSINA,23
916,SAFA,23
916,SARAH-JAYNE,23
916,SHAZIA,23
916,SHERIDAN,23
916,TASNIA,23
916,YASMEEN,23
944,AFSANA,22
944,ALESHA,22
944,ALYCE,22
944,ANNETTE,22
944,ANUM,22
944,AYSE,22
944,BETSY,22
944,CHANDNI,22
944,CHERRY,22
944,DANICA,22
944,EMELIA,22
944,EMILEE,22
944,HAJRA,22
944,IZABELLA,22
944,JADENE,22
944,KLOE,22
944,LINZI,22
944,LUBNA,22
944,MAIREAD,22
944,MANDEEP,22
944,MARI,22
944,MARIANNA,22
944,NATALYA,22
944,NISHAT,22
944,POLLYANNA,22
944,SHANELLE,22
944,TAMAR,22
944,TAMZIN,22
944,TASLIMA,22
944,TAZMIN,22
974,AMIRAH,21
974,CARRIE-ANN,21
974,CECILY,21
974,CHARLI,21
974,CHERISH,21
974,CINDY,21
974,COREY,21
974,DANIKA,21
974,DEANNE,21
974,DEMI-LEE,21
974,DESTINY,21
974,ESMEE,21
974,FIONNUALA,21
974,HERMIONE,21
974,HIRA,21
974,JADINE,21
974,KATELYN,21
974,KENDALL,21
974,LILI,21
974,MARIYAH,21
974,MARIYAM,21
974,NABEELA,21
974,NANA,21
974,RAHIMA,21
974,SAFIYA,21
974,SAMIA,21
974,SAMMY-JO,21
974,SHELBIE,21
974,SIENNA,21
974,TALITHA,21
974,VIRGINIA,21
1005,ADINA,20
1005,AIMIE,20
1005,AMY-LEIGH,20
1005,AMY-LOUISE,20
1005,ARIANA,20
1005,CHELCIE,20
1005,ELEANORE,20
1005,ELLENOR,20
1005,EMMY,20
1005,KATEY,20
1005,LEIGH-ANNE,20
1005,LISA-MARIE,20
1005,MENNA,20
1005,MONIKA,20
1005,NAIMA,20
1005,RACHEAL,20
1005,ROSALIE,20
1005,SAARAH,20
1005,SAFIYYAH,20
1005,SANAA,20
1005,SEHRISH,20
1005,SHANON,20
1005,SHARN,20
1005,TAMANNA,20
1005,TATIANA,20
1005,ZARAH,20
1031,ABIDA,19
1031,ALYX,19
1031,ARIANE,19
1031,BECKIE,19
1031,BRIA,19
1031,CAITLAN,19
1031,CAOIMHE,19
1031,CRISTINA,19
1031,EILIS,19
1031,ELA,19
1031,ELERI,19
1031,ELIF,19
1031,ELLI,19
1031,GLORIA,19
1031,HEENA,19
1031,HINA,19
1031,HUMA,19
1031,ILONA,19
1031,ISHA,19
1031,JANET,19
1031,JOCELYN,19
1031,KEALEY,19
1031,LEENA,19
1031,NORA,19
1031,NOSHEEN,19
1031,REEM,19
1031,ROMA,19
1031,SAMIHA,19
1031,SHABNAM,19
1031,SHAUNI,19
1031,SHEREE,19
1031,STAR,19
1031,TEMPANY,19
1031,TIERNEY,19
1031,VALENTINA,19
1031,VIOLET,19
1031,WAHIDA,19
1031,YOLANDA,19
1031,ZAYNAH,19
1031,ZEINAB,19
1031,ZOYA,19
1072,ABIGALE,18
1072,ADRIANNE,18
1072,ALISA,18
1072,ALISSA,18
1072,AMEENA,18
1072,BETTY,18
1072,CHERELLE,18
1072,DANNII,18
1072,DOROTHY,18
1072,DULCIE,18
1072,ELEANA,18
1072,EMMELINE,18
1072,GEORGA,18
1072,GWEN,18
1072,HALEEMAH,18
1072,KERRY-ANNE,18
1072,KERRYN,18
1072,KIZZY,18
1072,KRISTI,18
1072,KYLA,18
1072,MANDY,18
1072,NICOL,18
1072,NIDA,18
1072,NUALA,18
1072,RAEESA,18
1072,REZWANA,18
1072,RIVKA,18
1072,ROMANY,18
1072,RUKSANA,18
1072,SAHAR,18
1072,SAMEERA,18
1072,SANNAH,18
1072,SASCHA,18
1072,SHABANA,18
1072,SHANIE,18
1072,SHARA,18
1072,SHEREEN,18
1072,URSULA,18
1072,ZEBA,18
1072,ZHANE,18
1112,AAMINAH,17
1112,ADELAIDE,17
1112,ALANTA,17
1112,ALISHIA,17
1112,ALLANAH,17
1112,ANNA-LOUISE,17
1112,ANOUSHKA,17
1112,ARIANNA,17
1112,AROOSA,17
1112,AVNEET,17
1112,BIBI,17
1112,BLISS,17
1112,CARIS,17
1112,CARISSA,17
1112,CARRIE-ANNE,17
1112,DARYL,17
1112,EDITH,17
1112,FATHIMA,17
1112,HUSNA,17
1112,IFRAH,17
1112,JAZZ,17
1112,JOELLE,17
1112,JORDON,17
1112,KAISHA,17
1112,KATHRINE,17
1112,KIYA,17
1112,LAVINIA,17
1112,LLINOS,17
1112,MABEL,17
1112,MADIHA,17
1112,MATHILDA,17
1112,MHAIRI,17
1112,MICHA,17
1112,MONTANA,17
1112,NOREEN,17
1112,OCTAVIA,17
1112,OPHELIA,17
1112,RAEGAN,17
1112,REECE,17
1112,RHIANA,17
1112,RIKKI,17
1112,ROBIN,17
1112,SAFIYAH,17
1112,SARINA,17
1112,SELIN,17
1112,SHAKILA,17
1112,SHARNIE,17
1112,SOBIA,17
1112,SOPHY,17
1112,STORM,17
1112,SUMAIYA,17
1112,TAMSYN,17
1112,TASNIMA,17
1112,TILLIE,17
1112,ZAKIA,17
1112,ZEENAT,17
1168,ALIMA,16
1168,ALYCIA,16
1168,AMANPREET,16
1168,AMMARAH,16
1168,ANEEKA,16
1168,ANMOL,16
1168,ANTHEA,16
1168,AURORA,16
1168,AYA,16
1168,BONITA,16
1168,CARMEL,16
1168,CASSIDY,16
1168,CHRYSTAL,16
1168,CHYNNA,16
1168,CICELY,16
1168,CORINNA,16
1168,DINAH,16
1168,DIVYA,16
1168,EDIE,16
1168,ELLIE-LOUISE,16
1168,FALLON,16
1168,GISELLE,16
1168,GRETA,16
1168,GWENLLIAN,16
1168,HELENE,16
1168,HUMAIRAA,16
1168,JAIMIE,16
1168,JANIE,16
1168,KARLIE,16
1168,KEIGHLEY,16
1168,KELLY-ANNE,16
1168,KELLY-MARIE,16
1168,KENYA,16
1168,KEREN,16
1168,LILIA,16
1168,MAARIA,16
1168,MALIKA,16
1168,MANON,16
1168,MARIUM,16
1168,MEAGHAN,16
1168,NAIMAH,16
1168,NAZIFA,16
1168,NERISSA,16
1168,REBEKA,16
1168,RUMANA,16
1168,SAFINA,16
1168,SEEMA,16
1168,SELENA,16
1168,SHANIECE,16
1168,SHANTEL,16
1168,SHAUNAGH,16
1168,THALIA,16
1168,TIAH,16
1168,XANTHE,16
1222,ALLYSHA,15
1222,AMEERA,15
1222,ANAIS,15
1222,ANNEKA,15
1222,ARIANNE,15
1222,AROOJ,15
1222,AYISHA,15
1222,BLYTHE,15
1222,BROOKLYN,15
1222,CARAGH,15
1222,CAROLINA,15
1222,CATHRYN,15
1222,CELESTE,15
1222,CORALIE,15
1222,CORRIN,15
1222,COURTENAY,15
1222,DEMMI,15
1222,EMMA-JANE,15
1222,FARIHA,15
1222,GEENA,15
1222,GEORGIANA,15
1222,GIZEM,15
1222,HAILEY,15
1222,HALEY,15
1222,IKRAH,15
1222,ISOBELLA,15
1222,IVY,15
1222,JACKIE,15
1222,JAIMEE,15
1222,JANA,15
1222,JAYA,15
1222,JEAN,15
1222,JOYCE,15
1222,JULIANA,15
1222,KEELEIGH,15
1222,KEELIE,15
1222,KIANA,15
1222,KRISHNA,15
1222,LATISHA,15
1222,LAURA-JANE,15
1222,LILA,15
1222,LILLI,15
1222,LORETTA,15
1222,MARIELLA,15
1222,MEAGAN,15
1222,MEGHANN,15
1222,NAILA,15
1222,NAKITA,15
1222,NASIMA,15
1222,NAZMIN,15
1222,PATSY,15
1222,PAULINE,15
1222,POPPIE,15
1222,RAVEN,15
1222,RAYANNE,15
1222,REBECKA,15
1222,REEMA,15
1222,REENA,15
1222,RHEANNE,15
1222,RHIA,15
1222,RICKI,15
1222,ROSALYN,15
1222,ROSE-MARIE,15
1222,SADAF,15
1222,SALEHA,15
1222,SANIYA,15
1222,SHARNI,15
1222,SHAYNA,15
1222,SHELLY,15
1222,SUMAIYAH,15
1222,TAMERA,15
1222,TUESDAY,15
1222,YUSRA,15
1222,ZENAB,15
1296,AAMINA,14
1296,ADEEBA,14
1296,AISLINN,14
1296,ALEAH,14
1296,ALEEMA,14
1296,ALYSIA,14
1296,AMBERLEY,14
1296,AMENA,14
1296,AMREEN,14
1296,ANEELA,14
1296,ANNIKA,14
1296,ASTRID,14
1296,BEATRIX,14
1296,BERNICE,14
1296,BRIANA,14
1296,CATHARINE,14
1296,CEARA,14
1296,CHLOE-LOUISE,14
1296,CHRISTIANA,14
1296,CLODAGH,14
1296,DORA,14
1296,ELANOR,14
1296,ELLESHA,14
1296,FOZIA,14
1296,FRANCINE,14
1296,GIULIA,14
1296,HANAN,14
1296,HANIFA,14
1296,HELOISE,14
1296,IQRAH,14
1296,IRENE,14
1296,JAYDENE,14
1296,JAYMIE,14
1296,JEMIMAH,14
1296,JESSE,14
1296,JODIE-LEIGH,14
1296,KATIE-ANN,14
1296,KELLY-ANN,14
1296,KERENSA,14
1296,KHLOE,14
1296,KYM,14
1296,LATASHA,14
1296,LIBBIE,14
1296,LUCI,14
1296,MARED,14
1296,MARIANA,14
1296,MARYA,14
1296,MEHREEN,14
1296,MICHAELLA,14
1296,MONISHA,14
1296,MYFANWY,14
1296,NAFISAH,14
1296,NAHIDA,14
1296,PARRIS,14
1296,REBEKKAH,14
1296,RHIANON,14
1296,SADIYA,14
1296,SADIYAH,14
1296,SAKINA,14
1296,SHAHANA,14
1296,SHANIQUA,14
1296,SHAY,14
1296,SHERRIE,14
1296,SIMRANJIT,14
1296,SONALI,14
1296,SOPHIE-LOUISE,14
1296,VALERIE,14
1296,XENIA,14
1364,AINSLEY,13
1364,ALANYA,13
1364,AMBREEN,13
1364,AMEE,13
1364,AMMARA,13
1364,ANEEQA,13
1364,ANOUSKA,13
1364,BRONAGH,13
1364,CAPRICE,13
1364,CHRISTABEL,13
1364,CORIN,13
1364,DAISIE,13
1364,DEBRA,13
1364,EDWINA,13
1364,ELLA-LOUISE,13
1364,ELODIE,13
1364,ELYSHA,13
1364,FAHEEMA,13
1364,FATEHA,13
1364,FREYJA,13
1364,GRAINNE,13
1364,HANNAH-LOUISE,13
1364,HARLEIGH,13
1364,HOLLI,13
1364,IESHA,13
1364,JANICE,13
1364,KALEIGH,13
1364,KATIA,13
1364,KODIE,13
1364,KYA,13
1364,LAURAN,13
1364,LEIGH-ANN,13
1364,LIZA,13
1364,MALKA,13
1364,MARCELLA,13
1364,MARY-ANN,13
1364,MEHVISH,13
1364,MELLISSA,13
1364,MIKAYLA,13
1364,MIMI,13
1364,MISCHA,13
1364,NABILA,13
1364,NAEEMA,13
1364,NASREEN,13
1364,NIKHITA,13
1364,NIOMI,13
1364,NUSRAT,13
1364,PIA,13
1364,RIANA,13
1364,RONA,13
1364,ROXANNA,13
1364,SALLY-ANN,13
1364,SAMIYA,13
1364,SANIA,13
1364,SHANNICE,13
1364,SHIRLEY,13
1364,SIMRANJEET,13
1364,SUMAN,13
1364,SUMAYYA,13
1364,SUZIE,13
1364,TAMIKA,13
1364,TEGEN,13
1364,TERRI-ANN,13
1364,THEODORA,13
1364,TONI-MARIE,13
1364,VANISHA,13
1364,VIVIENNE,13
1364,WALLIS,13
1364,ZANA,13
1364,ZENA,13
1434,AANISAH,12
1434,ADEOLA,12
1434,AILEEN,12
1434,ALENA,12
1434,ALESSIA,12
1434,ALIESHA,12
1434,ALYSSIA,12
1434,AMBER-LOUISE,12
1434,ANJA,12
1434,ANNMARIE,12
1434,ARIFA,12
1434,ARMANI,12
1434,BRYDIE,12
1434,CAREY,12
1434,CARI,12
1434,CELYN,12
1434,CHANTELL,12
1434,CHARITY,12
1434,CIERA,12
1434,DARIAN,12
1434,DEENA,12
1434,DELLA,12
1434,DEMI-LEA,12
1434,DILARA,12
1434,DIONE,12
1434,ELANA,12
1434,ELLESE,12
1434,EMER,12
1434,FARHEEN,12
1434,FATHEMA,12
1434,GENEVA,12
1434,GEORGETTE,12
1434,HAJRAH,12
1434,HAMIDA,12
1434,HARLIE,12
1434,HASINA,12
1434,IMAAN,12
1434,INGRID,12
1434,JACINTA,12
1434,JOLIE,12
1434,JORDEN,12
1434,JORJA,12
1434,JUDE,12
1434,KATYA,12
1434,KAYSHA,12
1434,KOREN,12
1434,KRISTA,12
1434,KRISTIN,12
1434,KYMBERLEY,12
1434,LIANE,12
1434,LUCILLE,12
1434,LYNDSAY,12
1434,MAHA,12
1434,MARA,12
1434,MARCIA,12
1434,MIRA,12
1434,MORWENNA,12
1434,NADA,12
1434,NAZISH,12
1434,NIKISHA,12
1434,PUJA,12
1434,RAVINA,12
1434,REAGAN,12
1434,REGINA,12
1434,RHIANNAN,12
1434,RIAH,12
1434,RIZWANA,12
1434,ROWANNE,12
1434,SABHA,12
1434,SABIHA,12
1434,SAMMIE,12
1434,STEFFI,12
1434,SULTANA,12
1434,SUMAYA,12
1434,TAHIRA,12
1434,TAMMIE,12
1434,TANSY,12
1434,TANZEELA,12
1434,TERRIE,12
1434,TIFFANI,12
1434,TIRION,12
1434,TOYAH,12
1434,UMME,12
1434,VIVIAN,12
1434,WINNIE,12
1434,YASMINA,12
1434,ZARINA,12
1434,ZOBIA,12
1522,AALIYA,11
1522,AAMIRAH,11
1522,AILIS,11
1522,AKSA,11
1522,ALARNA,11
1522,ALLANA,11
1522,AMARAH,11
1522,ANDIE,11
1522,ANWEN,11
1522,BECKI,11
1522,CARLI,11
1522,CASIE,11
1522,CECELIA,11
1522,CERIAN,11
1522,CEYDA,11
1522,CHANA,11
1522,CHANNELLE,11
1522,CHANNON,11
1522,CHELSEE,11
1522,CHELSI,11
1522,CHENISE,11
1522,CHINA,11
1522,COURTNIE,11
1522,D'ARCY,11
1522,DALIA,11
1522,DEMI-LOUISE,11
1522,DILAN,11
1522,EIMEAR,11
1522,ELIANA,11
1522,ELISHEVA,11
1522,ELISIA,11
1522,ELLOUISE,11
1522,EMERALD,11
1522,EMILY-JAYNE,11
1522,EMMA-LEIGH,11
1522,ERYN,11
1522,HAMDA,11
1522,HEBA,11
1522,HELEDD,11
1522,HETTY,11
1522,HIBAH,11
1522,INES,11
1522,IONE,11
1522,IVANA,11
1522,JADE-LOUISE,11
1522,JADE-MARIE,11
1522,JADIE,11
1522,JAZZMIN,11
1522,JENNI,11
1522,KAINAAT,11
1522,KATRIN,11
1522,KAYLIEGH,11
1522,KAZI,11
1522,KAZIA,11
1522,KEYLEIGH,11
1522,KIAYA,11
1522,KINZA,11
1522,KIRBIE,11
1522,KLARA,11
1522,KRUPA,11
1522,LEANA,11
1522,LEISHA,11
1522,LEONNIE,11
1522,LEONORA,11
1522,LETISHA,11
1522,LUCY-ANNE,11
1522,MADELYN,11
1522,MAHNOOR,11
1522,MAIRI,11
1522,MAIZIE,11
1522,MARIAN,11
1522,MARLEY,11
1522,MARWA,11
1522,MELINA,11
1522,MERCY,11
1522,MIAH,11
1522,MINA,11
1522,MOMINA,11
1522,MUNEEBAH,11
1522,NABILAH,11
1522,NAJMA,11
1522,NASRA,11
1522,NAVNEET,11
1522,OTTILIE,11
1522,PAGE,11
1522,PAYAL,11
1522,PAYTON,11
1522,PRINCESS,11
1522,RAVINDER,11
1522,REESE,11
1522,RONI,11
1522,ROSLYN,11
1522,ROSY,11
1522,ROWEN,11
1522,RUKSHANA,11
1522,SAADIA,11
1522,SAGAL,11
1522,SAHARA,11
1522,SAHIBA,11
1522,SAIRAH,11
1522,SAMIRAH,11
1522,SANAM,11
1522,SANDEEP,11
1522,SHAISTA,11
1522,SHAMILA,11
1522,SHANAZ,11
1522,SHAREEN,11
1522,SHELINA,11
1522,SONAM,11
1522,SORREL,11
1522,STEPHENIE,11
1522,SUNITA,11
1522,SYDNIE,11
1522,TAHLIA,11
1522,TALISHA,11
1522,TANIKA,11
1522,TANITH,11
1522,TAYBA,11
1522,TONISHA,11
1522,TRISHA,11
1522,TRUDIE,11
1522,YAZMINE,11
1522,ZAINEB,11
1522,ZEYNEP,11
1646,AAISHA,10
1646,AAMNA,10
1646,ADRIANA,10
1646,AGATHA,10
1646,AIESHA,10
1646,ALEXANDREA,10
1646,ALYSHIA,10
1646,AMALIA,10
1646,AMBER-ROSE,10
1646,ASIYA,10
1646,ASTON,10
1646,ATIYA,10
1646,AYAH,10
1646,BETHANNIE,10
1646,BLAISE,10
1646,BONNY,10
1646,CAROLYN,10
1646,CELINA,10
1646,CHERRIE,10
1646,DAKOTA,10
1646,DAMINI,10
1646,DARA,10
1646,DARBY,10
1646,DEANA,10
1646,DELIA,10
1646,DENIZ,10
1646,DEVAN,10
1646,DORCAS,10
1646,EKTA,10
1646,ELEASHA,10
1646,ELEISHA,10
1646,EZGI,10
1646,FABIENNE,10
1646,FARIDA,10
1646,FELICIA,10
1646,FINLAY,10
1646,GEORGI,10
1646,GURSHARAN,10
1646,HAFIZA,10
1646,HARSIMRAN,10
1646,HASEENA,10
1646,HODA,10
1646,HOLLY-ANN,10
1646,HUDA,10
1646,ISIS,10
1646,ISRA,10
1646,JANKI,10
1646,JYOTI,10
1646,KAIYA,10
1646,KAJOL,10
1646,KALI,10
1646,KATHERYN,10
1646,KATHY,10
1646,KENZIE,10
1646,KIRANPREET,10
1646,LACIE,10
1646,LEEANNE,10
1646,LEIGHANNE,10
1646,LIANNA,10
1646,LIDIA,10
1646,LILIANA,10
1646,MALEEHA,10
1646,MELINDA,10
1646,MERRYN,10
1646,MERYEM,10
1646,MICHEALA,10
1646,MYA,10
1646,NAZMA,10
1646,NIMRA,10
1646,OLIVE,10
1646,OLUWATOSIN,10
1646,OPAL,10
1646,PALOMA,10
1646,PASCALE,10
1646,PERI,10
1646,PHOENIX,10
1646,POONAM,10
1646,RAFIA,10
1646,RANA,10
1646,REBBECCA,10
1646,RENE,10
1646,RHIANE,10
1646,RIYA,10
1646,RONNIE,10
1646,RUPINDER,10
1646,RUQAYYAH,10
1646,SAARA,10
1646,SALINA,10
1646,SALLY-ANNE,10
1646,SAMIYAH,10
1646,SHAHNAZ,10
1646,SHAMAILA,10
1646,SHAWNA,10
1646,SHEILA,10
1646,SHENICE,10
1646,SHERELLE,10
1646,SHERYL,10
1646,SHIREEN,10
1646,SHREYA,10
1646,SIENA,10
1646,SORAYA,10
1646,SUMAIRA,10
1646,SYLVIE,10
1646,TASHANA,10
1646,VIVIEN,10
1646,WING,10
1646,WINIFRED,10
1646,ZAINUB,10
1646,ZEHRA,10
1755,AALIA,9
1755,ACACIA,9
1755,AFIFA,9
1755,AFRA,9
1755,ALEASHA,9
1755,ALLEGRA,9
1755,ALYSON,9
1755,AMBER-LEIGH,9
1755,AMINAT,9
1755,AMY-JO,9
1755,ANIQAH,9
1755,ANSA,9
1755,ANUSHA,9
1755,ASTRA,9
1755,AYAN,9
1755,AYLISH,9
1755,AYOMIDE,9
1755,BOBBIE-JO,9
1755,BRONYA,9
1755,CAIT,9
1755,CARRIS,9
1755,CARYL,9
1755,CASSEY,9
1755,CATHY,9
1755,CHANISE,9
1755,CHANNEL,9
1755,CHARLEA,9
1755,CHRISTA,9
1755,CORTNEY,9
1755,CYNTHIA,9
1755,DAISY-MAY,9
1755,DANYA,9
1755,DARCI,9
1755,DEMILEE,9
1755,DENA,9
1755,EBONIE,9
1755,EFFIE,9
1755,ELENYA,9
1755,ELLEE,9
1755,ELOISA,9
1755,EMILLIE,9
1755,EMMA-JAYNE,9
1755,EMMANUELLE,9
1755,ESRA,9
1755,FAE,9
1755,FARJANA,9
1755,FINOLA,9
1755,FRANCESSCA,9
1755,FREDERICA,9
1755,FREJA,9
1755,GAYLE,9
1755,GEORGIA-LEIGH,9
1755,HALEIGH,9
1755,HALIMAH,9
1755,HANAA,9
1755,HASNA,9
1755,HATICE,9
1755,HAWA,9
1755,HIBA,9
1755,ILANA,9
1755,INDYA,9
1755,ISADORA,9
1755,ISMA,9
1755,JAIDE,9
1755,JASKIRAN,9
1755,JASMYN,9
1755,JAYNA,9
1755,JENA,9
1755,JESSAMY,9
1755,JESSY,9
1755,KA,9
1755,KARLEY,9
1755,KARLY,9
1755,KATIE-JANE,9
1755,KEANNA,9
1755,KELLI,9
1755,KELSI,9
1755,KENNADY,9
1755,KERRIS,9
1755,KERRY-ANN,9
1755,KIREN,9
1755,KYAH,9
1755,LILY-ANN,9
1755,LORA,9
1755,LORREN,9
1755,MADEEHA,9
1755,MAHMUDA,9
1755,MAIR,9
1755,MARION,9
1755,MARTA,9
1755,MARY-JANE,9
1755,MARYANN,9
1755,MARYANNE,9
1755,MATHILDE,9
1755,MELLISA,9
1755,MERVE,9
1755,MONA,9
1755,MONET,9
1755,MYAH,9
1755,NADJA,9
1755,NAILAH,9
1755,NAZNEEN,9
1755,NENEH,9
1755,NOSHIN,9
1755,ODETTE,9
1755,OLUWADAMILOLA,9
1755,ORIANA,9
1755,OZGE,9
1755,PATIENCE,9
1755,PATRICE,9
1755,PAVANDEEP,9
1755,PEGGY,9
1755,PHEBE,9
1755,RABIYA,9
1755,RAEESAH,9
1755,RAMANDEEP,9
1755,REAH,9
1755,REMA,9
1755,RENAE,9
1755,RIANNON,9
1755,RIDA,9
1755,RILEY,9
1755,RITA,9
1755,ROSAMUND,9
1755,RUBINA,9
1755,SABIA,9
1755,SABINE,9
1755,SAHRA,9
1755,SAIDA,9
1755,SAJIDA,9
1755,SALWA,9
1755,SAMMY,9
1755,SANDY,9
1755,SAPHIRE,9
1755,SAPNA,9
1755,SAREENA,9
1755,SAVANAH,9
1755,SHAE,9
1755,SHAHEENA,9
1755,SHAHIDA,9
1755,SHAHINA,9
1755,SHAI,9
1755,SHANIKA,9
1755,SHELLBY,9
1755,SIDONIE,9
1755,SIMA,9
1755,SIMREN,9
1755,SUMMA,9
1755,SUZY,9
1755,SYMONE,9
1755,TAMMI,9
1755,TAOME,9
1755,TAYLAR,9
1755,TEMITOPE,9
1755,TESNI,9
1755,THI,9
1755,UROOSA,9
1755,VENETIA,9
1755,VIENNA,9
1914,AARTI,8
1914,ABBYGAIL,8
1914,ADIBA,8
1914,ADRIANNA,8
1914,AGNES,8
1914,ALISIA,8
1914,ALMAS,8
1914,AMBAR,8
1914,AMEY,8
1914,AMINATA,8
1914,AMY-JANE,8
1914,ANDI,8
1914,ANEESHA,8
1914,ANNALEE,8
1914,ANNALIESE,8
1914,ANNIE-ROSE,8
1914,APHRA,8
1914,ASMAA,8
1914,AUGUSTA,8
1914,AWEN,8
1914,AZIZA,8
1914,BERFIN,8
1914,BIJAL,8
1914,CAITRIONA,8
1914,CALYPSO,8
1914,CANDACE,8
1914,CASSIA,8
1914,CEEJAY,8
1914,CHANELL,8
1914,CHANTAY,8
1914,CHARLIE-ANN,8
1914,CHERRELLE,8
1914,CHLOE-MARIE,8
1914,CLAIR,8
1914,CORIE,8
1914,CORINA,8
1914,CORRINE,8
1914,DAINA,8
1914,DEE,8
1914,DELYTH,8
1914,DENNI,8
1914,DEON,8
1914,DIANE,8
1914,EDA,8
1914,ELAINA,8
1914,ELINA,8
1914,ELLIE-MARIE,8
1914,ELLYS,8
1914,EMILLY,8
1914,EMILY-ROSE,8
1914,ENIOLA,8
1914,FAATIMAH,8
1914,FALAK,8
1914,FARHAT,8
1914,FREDA,8
1914,GWENNO,8
1914,HAIQA,8
1914,HANNAH-MAY,8
1914,HARDEEP,8
1914,HENA,8
1914,HODAN,8
1914,IDIL,8
1914,INDIANNA,8
1914,IOLA,8
1914,IRIS,8
1914,IRUM,8
1914,ISHRAT,8
1914,JACEY,8
1914,JADESOLA,8
1914,JAIMINI,8
1914,JASLEEN,8
1914,JAVAIRIA,8
1914,JAVERIA,8
1914,JAYDA,8
1914,JAYME,8
1914,JEANETTE,8
1914,JENESSA,8
1914,JILL,8
1914,JONI,8
1914,JORDANE,8
1914,JORDYN,8
1914,JULIANNE,8
1914,KAINAT,8
1914,KALISHA,8
1914,KAMARA,8
1914,KARRIE,8
1914,KASIA,8
1914,KATIE-MARIE,8
1914,KEARA,8
1914,KEESHA,8
1914,KELCIE,8
1914,KELEIGH,8
1914,KERYS,8
1914,KESHIA,8
1914,KHADEEJA,8
1914,KIRSTI,8
1914,KIRSTYN,8
1914,KOURTNEY,8
1914,KULSUM,8
1914,LEANN,8
1914,LEEANN,8
1914,LETICIA,8
1914,LILITH,8
1914,LILY-MAY,8
1914,LORAN,8
1914,LUCY-ANN,8
1914,MADALAINE,8
1914,MAIRA,8
1914,MAJA,8
1914,MAKEDA,8
1914,MARGOT,8
1914,MARIKA,8
1914,MARRIYAH,8
1914,MARSHA,8
1914,MEENA,8
1914,MEHWISH,8
1914,MELIZ,8
1914,MICAELA,8
1914,MICHELE,8
1914,MISBA,8
1914,MORENIKE,8
1914,NADIYA,8
1914,NADYA,8
1914,NAWAL,8
1914,NEISHA,8
1914,NYREE,8
1914,OLUWATOBI,8
1914,PARISA,8
1914,PETRA,8
1914,PHILOMENA,8
1914,PINAR,8
1914,PORSCHA,8
1914,RADHA,8
1914,RAHMA,8
1914,RAJNI,8
1914,RAVNEET,8
1914,REBECA,8
1914,RHYANNA,8
1914,RHYANNON,8
1914,RICHELLE,8
1914,RINA,8
1914,ROANNA,8
1914,ROMILLY,8
1914,ROSANNE,8
1914,ROSEY,8
1914,RUBIE,8
1914,RUHENA,8
1914,SAFIYYA,8
1914,SAM,8
1914,SANITA,8
1914,SEDA,8
1914,SEHAR,8
1914,SHAIMA,8
1914,SHALINI,8
1914,SHAMSA,8
1914,SHANEL,8
1914,SHELBI,8
1914,SHERRI,8
1914,SHIANNE,8
1914,SHRIYA,8
1914,SIBEL,8
1914,SINEM,8
1914,SIWAN,8
1914,SONAL,8
1914,SUKHPREET,8
1914,TAHERA,8
1914,TAIBA,8
1914,TALYA,8
1914,TAMIA,8
1914,TARAN,8
1914,TASMIA,8
1914,TEAGAN,8
1914,TEAH,8
1914,TELERI,8
1914,TOLULOPE,8
1914,TONYA,8
1914,UMA,8
1914,VAISHALI,8
1914,WARDA,8
1914,ZAIRA,8
1914,ZOHA,8
1914,ZULEKHA,8
2096,ADEELA,7
2096,AIDA,7
2096,AIME,7
2096,AKIRA,7
2096,ALAINA,7
2096,ALECIA,7
2096,ALIXANDRA,7
2096,ALMA,7
2096,AMALIE,7
2096,AMANA,7
2096,AMEENAH,7
2096,AMELIE,7
2096,AMNAH,7
2096,ANABEL,7
2096,ANNALISA,7
2096,ANNAM,7
2096,ANNELIESE,7
2096,ANNEMARIE,7
2096,ANNISA,7
2096,ANTONELLA,7
2096,ARIELLE,7
2096,ASHANTI,7
2096,ASHER,7
2096,ASHLYN,7
2096,ATALANTA,7
2096,AURELIA,7
2096,AZARIA,7
2096,BEGUM,7
2096,BELLE,7
2096,BENITA,7
2096,BHAVINI,7
2096,BHAVISHA,7
2096,BRADIE,7
2096,BRENDA,7
2096,BRIGID,7
2096,BROGEN,7
2096,CAMARA,7
2096,CAMILA,7
2096,CAROLANNE,7
2096,CATHRINE,7
2096,CERIDWEN,7
2096,CERISE,7
2096,CEYLAN,7
2096,CHARELLE,7
2096,CHARISSE,7
2096,CHARLEEN,7
2096,CHIOMA,7
2096,CHLOE-ANN,7
2096,CHYNA,7
2096,CLEA,7
2096,CORY,7
2096,DANISHA,7
2096,DEMELZA,7
2096,DEMETRA,7
2096,DEMILEIGH,7
2096,DIVINE,7
2096,DOLLY,7
2096,DOLORES,7
2096,EIRA,7
2096,ELAIN,7
2096,ELAN,7
2096,ELLEANOR,7
2096,ELLEY,7
2096,EMINE,7
2096,EMMANUELLA,7
2096,ESTA,7
2096,EUGENIE,7
2096,EUNICE,7
2096,EVAN,7
2096,FARHA,7
2096,FLAVIA,7
2096,FRANCHESCA,7
2096,GABY,7
2096,GAIA,7
2096,GAYNOR,7
2096,GENNA,7
2096,GEORGIA-LOUISE,7
2096,GLESNI,7
2096,GURSIMRAN,7
2096,GWENAN,7
2096,HAIDEE,7
2096,HANYA,7
2096,HARKIRAN,7
2096,HAYLIE,7
2096,HAZAL,7
2096,HIFSA,7
2096,HINNA,7
2096,HIRRA,7
2096,HONEY,7
2096,ILAYDA,7
2096,INDIANA,7
2096,INDIGO,7
2096,IQRAA,7
2096,ISMAY,7
2096,JADA,7
2096,JAIME-LEE,7
2096,JAINA,7
2096,JAKIA,7
2096,JAMILLA,7
2096,JANELLE,7
2096,JANNAH,7
2096,JANNAT,7
2096,JASMEET,7
2096,JASMINA,7
2096,JAYCEE,7
2096,JESSIKA,7
2096,JEYDA,7
2096,JILLIAN,7
2096,JORDANN,7
2096,KACIE,7
2096,KADY,7
2096,KAI,7
2096,KALLIE,7
2096,KAMILAH,7
2096,KARENA,7
2096,KARISMA,7
2096,KASSIE,7
2096,KATJA,7
2096,KATRIONA,7
2096,KAYLEIGH-ANNE,7
2096,KEHINDE,7
2096,KELLEY,7
2096,KENNA,7
2096,KERENZA,7
2096,KHADEEJAH,7
2096,KIERRA,7
2096,KRISTIANA,7
2096,KRYSTINA,7
2096,LARAIB,7
2096,LATIFAH,7
2096,LAURA-BETH,7
2096,LAURISSA,7
2096,LEIGHANN,7
2096,LIAN,7
2096,LINSEY,7
2096,LISHA,7
2096,LIYAH,7
2096,LIZZIE,7
2096,LYNETTE,7
2096,MAEGAN,7
2096,MALIHA,7
2096,MARIAMA,7
2096,MARJANA,7
2096,MARYAN,7
2096,MAUREEN,7
2096,MELIS,7
2096,MERYL,7
2096,MISTY,7
2096,MOHIMA,7
2096,MOLLY-ANN,7
2096,MORVEN,7
2096,MUNEEBA,7
2096,MUSAMMAT,7
2096,MYRA,7
2096,NABEELAH,7
2096,NABIHA,7
2096,NAGINA,7
2096,NANDINI,7
2096,NAVEENA,7
2096,NAVPREET,7
2096,NEAVE,7
2096,NELLIE,7
2096,NICKI,7
2096,NUHA,7
2096,NUSAYBAH,7
2096,NYOMI,7
2096,OLGA,7
2096,OLUWASEUN,7
2096,OONAGH,7
2096,PAGAN,7
2096,PAIGHTON,7
2096,PAVAN,7
2096,PHEOBE,7
2096,RAHEEMA,7
2096,RAINE,7
2096,RAMLA,7
2096,RAQUEL,7
2096,REBECKAH,7
2096,REMMIE,7
2096,RENUKA,7
2096,RHODA,7
2096,RHYANNE,7
2096,RIDHA,7
2096,RIONA,7
2096,ROHIMA,7
2096,ROHINI,7
2096,RONNI,7
2096,ROSEANN,7
2096,ROYA,7
2096,ROZEENA,7
2096,RUKSAR,7
2096,RUMAANAH,7
2096,SABAAH,7
2096,SABREENA,7
2096,SAFAA,7
2096,SAFEENA,7
2096,SAIQA,7
2096,SALIHA,7
2096,SALIMA,7
2096,SALOME,7
2096,SAMRA,7
2096,SANHA,7
2096,SARITA,7
2096,SAYEDA,7
2096,SEANA,7
2096,SEMA,7
2096,SERENE,7
2096,SERINA,7
2096,SERISH,7
2096,SHADIA,7
2096,SHANAE,7
2096,SHANEY,7
2096,SHANISE,7
2096,SHANNEL,7
2096,SHANTE,7
2096,SHARLOTTE,7
2096,SHARMAINE,7
2096,SHARMINA,7
2096,SHARNEY,7
2096,SHAWNEE,7
2096,SHENELLE,7
2096,SHERI,7
2096,SHERRY,7
2096,SHOSHANA,7
2096,SILVIA,7
2096,SIMRA,7
2096,SOMIA,7
2096,SONJA,7
2096,SOPHIE-MARIE,7
2096,SUNDUS,7
2096,SUNNY,7
2096,SUSIE,7
2096,TABATHA,7
2096,TATUM,7
2096,TAYBAH,7
2096,TAYLAH,7
2096,TEJAL,7
2096,TENISHA,7
2096,THAHMINA,7
2096,THASLIMA,7
2096,THEADORA,7
2096,THERESE,7
2096,TONIE,7
2096,TRUDY,7
2096,TYISHA,7
2096,UNA,7
2096,VICKIE,7
2096,WEDNESDAY,7
2096,XENA,7
2096,YAGMUR,7
2096,ZANIB,7
2096,ZOHRA,7
2096,ZOWIE,7
2096,ZULEIKA,7
2350,AAISHAH,6
2350,AAMENA,6
2350,ABBEYGAIL,6
2350,ABIGAEL,6
2350,ABYGAIL,6
2350,AHLAM,6
2350,AISHIA,6
2350,ALBANY,6
2350,ALEYSHA,6
2350,ALICJA,6
2350,ALLIE,6
2350,ALLISON,6
2350,ALLYSON,6
2350,AMARPREET,6
2350,AMBA,6
2350,AMBERLEIGH,6
2350,AMISHA,6
2350,AMMIE,6
2350,ANILA,6
2350,ANJUM,6
2350,ANKITA,6
2350,ANNA-MARIA,6
2350,ANNABELL,6
2350,ANNICE,6
2350,ANNIE-MAY,6
2350,ANTHONIA,6
2350,AREEBA,6
2350,ASHIA,6
2350,ATIYYAH,6
2350,ATTIYA,6
2350,AVALON,6
2350,AYANNA,6
2350,AYESHIA,6
2350,AZRA,6
2350,BAYLEIGH,6
2350,BEAU,6
2350,BETHANY-JANE,6
2350,BETHANY-LOUISE,6
2350,BETHANY-ROSE,6
2350,BETHEN,6
2350,BETHENY,6
2350,BETHIA,6
2350,BETHNEY,6
2350,BEVERLY,6
2350,BILLI,6
2350,BILLIE-JEAN,6
2350,BOBBI-JO,6
2350,BREE,6
2350,BRIANNE,6
2350,BRIAR,6
2350,BRONIA,6
2350,BRYANY,6
2350,BRYONI,6
2350,BRYONIE,6
2350,BRYONNY,6
2350,CADY,6
2350,CALEY,6
2350,CAMERON,6
2350,CARISS,6
2350,CATARINA,6
2350,CECILE,6
2350,CERI-ANN,6
2350,CHARLEY-ANN,6
2350,CHARLIE-ANNE,6
2350,CHASE,6
2350,CHAY,6
2350,CHELSEA-MARIE,6
2350,CHENELLE,6
2350,CHENICE,6
2350,CHIAMAKA,6
2350,CHLOE-ANNE,6
2350,CHLOE-JAYNE,6
2350,CLAIRA,6
2350,CODEY,6
2350,COSIMA,6
2350,CRISTAL,6
2350,DAENA,6
2350,DAISY-MAE,6
2350,DALE,6
2350,DANAE,6
2350,DARION,6
2350,DELANEY,6
2350,DELPHINE,6
2350,DEMI-MARIE,6
2350,DEMPSEY,6
2350,DESIREE,6
2350,DEVINA,6
2350,DEVORAH,6
2350,DILPREET,6
2350,DYLAN,6
2350,ECHO,6
2350,EDNA,6
2350,EHLANA,6
2350,ELEESHA,6
2350,ELISHIA,6
2350,ELLICIA,6
2350,ELLINOR,6
2350,ELLY-MAY,6
2350,ELLYSE,6
2350,ELYSHIA,6
2350,EMAN,6
2350,EMILY-MAY,6
2350,ERAM,6
2350,ERINN,6
2350,ESHA,6
2350,EUPHEMIA,6
2350,EVELINA,6
2350,FAATIMA,6
2350,FABIHA,6
2350,FAHEMA,6
2350,FLORRIE,6
2350,FORIDA,6
2350,FREDDIE,6
2350,GABRIELE,6
2350,GEORGEA,6
2350,GEORGIA-MAY,6
2350,GIANNA,6
2350,GITTY,6
2350,GURKIRAN,6
2350,GWYNETH,6
2350,HAJAR,6
2350,HAJERA,6
2350,HANEEN,6
2350,HANNAH-ROSE,6
2350,HANNAN,6
2350,HARLEEN,6
2350,HATTIE,6
2350,HELEENA,6
2350,HEMA,6
2350,HENNAH,6
2350,HETAL,6
2350,HUMAIRAH,6
2350,ISHBEL,6
2350,JACQUI,6
2350,JAMEELAH,6
2350,JAMIELEE,6
2350,JANNA,6
2350,JAYDEN,6
2350,JAYMIE-LEIGH,6
2350,JEMILA,6
2350,JENIKA,6
2350,JEORGIA,6
2350,JESAMINE,6
2350,JILLY,6
2350,JORGIE,6
2350,JUANITA,6
2350,JUDY,6
2350,JUSTICE,6
2350,JUSTINA,6
2350,KAIA,6
2350,KAITLAN,6
2350,KALA,6
2350,KALEY,6
2350,KALILA,6
2350,KANISHA,6
2350,KARIN,6
2350,KARYN,6
2350,KEAH,6
2350,KEANA,6
2350,KENDELL,6
2350,KERSTIN,6
2350,KHADEJA,6
2350,KHADIZA,6
2350,KIANNA,6
2350,KIRANJIT,6
2350,KRISTAL,6
2350,KRISTINE,6
2350,KRYSTYNA,6
2350,KUBRA,6
2350,KULSOOM,6
2350,KULSUMA,6
2350,KYNA,6
2350,LACE,6
2350,LAINA,6
2350,LAKEISHA,6
2350,LAKSHMI,6
2350,LARISA,6
2350,LAURA-JAYNE,6
2350,LEE,6
2350,LEILAH,6
2350,LIAH,6
2350,LILY-ANNE,6
2350,LIVIA,6
2350,LORIEN,6
2350,LOTTE,6
2350,LOWENA,6
2350,MAARIYA,6
2350,MAGDALENA,6
2350,MAHUM,6
2350,MAI,6
2350,MALAK,6
2350,MARLA,6
2350,MARNI,6
2350,MARTINE,6
2350,MARY-ANNE,6
2350,MARYUM,6
2350,MEGGAN,6
2350,MICHELA,6
2350,MILAN,6
2350,MIRREN,6
2350,MOESHA,6
2350,MOHINI,6
2350,MOLLI,6
2350,MONIRA,6
2350,MOONISAH,6
2350,MUMINAH,6
2350,NAKISHA,6
2350,NATACHA,6
2350,NATASHIA,6
2350,NATASJA,6
2350,NAZMEEN,6
2350,NAZREEN,6
2350,NEESHA,6
2350,NEEVE,6
2350,NERYS,6
2350,NICOLETTE,6
2350,NIKI,6
2350,NILIMA,6
2350,NIMRAH,6
2350,NISA,6
2350,NURUL,6
2350,OLAMIDE,6
2350,OLUWATOYOSI,6
2350,OPEYEMI,6
2350,ORLAITH,6
2350,OYINKANSOLA,6
2350,PANDORA,6
2350,PARISS,6
2350,PERRI,6
2350,PERRIE,6
2350,PREETI,6
2350,PRIMROSE,6
2350,RAIN,6
2350,RANIA,6
2350,RAPHAELLA,6
2350,RAYA,6
2350,RAYNA,6
2350,RAZIA,6
2350,REMIE,6
2350,RENU,6
2350,RESHAM,6
2350,RIAN,6
2350,RIFAT,6
2350,ROCHEL,6
2350,ROSIE-MAY,6
2350,ROXANA,6
2350,ROXY,6
2350,RUMER,6
2350,RUQAIYAH,6
2350,SABAHAT,6
2350,SAJEDA,6
2350,SALONI,6
2350,SAMAH,6
2350,SAMAN,6
2350,SAMANTHA-JAYNE,6
2350,SAMAR,6
2350,SAMRAH,6
2350,SAMYA,6
2350,SANCHIA,6
2350,SANJIDA,6
2350,SAPHIA,6
2350,SAPHRON,6
2350,SAVANA,6
2350,SAXON,6
2350,SAYEEDA,6
2350,SEHER,6
2350,SELINE,6
2350,SERA,6
2350,SERAPHINA,6
2350,SERIN,6
2350,SHADI,6
2350,SHAH,6
2350,SHAHEEN,6
2350,SHAMARA,6
2350,SHANADE,6
2350,SHANINE,6
2350,SHANNAGH,6
2350,SHANNON-LEIGH,6
2350,SHANNON-LOUISE,6
2350,SHARICE,6
2350,SHARNE,6
2350,SHAYE,6
2350,SHAYLA,6
2350,SHEIKH,6
2350,SHELDON,6
2350,SHILPA,6
2350,SHONAGH,6
2350,SHUKRI,6
2350,SHYANNE,6
2350,SIANI,6
2350,SIANNA,6
2350,SIDHRA,6
2350,SIDNEY,6
2350,SIMRUN,6
2350,SKIE,6
2350,SONA,6
2350,SOPHIE-ANN,6
2350,SUMER,6
2350,SUMERA,6
2350,SUZAN,6
2350,TABASSUM,6
2350,TAHIRAH,6
2350,TAHSIN,6
2350,TAIBAH,6
2350,TALA,6
2350,TAMINA,6
2350,TAMZYN,6
2350,TANAYA,6
2350,TANYEL,6
2350,TANZILA,6
2350,TATE,6
2350,TAYAH,6
2350,TAYYABA,6
2350,TAYYIBA,6
2350,TAYYIBAH,6
2350,TEEGAN,6
2350,THAMINA,6
2350,THANIA,6
2350,TIAN,6
2350,TIMARA,6
2350,TONI-LOUISE,6
2350,TRINITY,6
2350,TRUDI,6
2350,TULSI,6
2350,UMERA,6
2350,ZAINA,6
2350,ZAREEN,6
2350,ZARIN,6
2350,ZAYNA,6
2350,ZETA,6
2350,ZILAN,6
2350,ZOFIA,6
2350,ZULAIKHAH,6
2683,AAMENAH,5
2683,ABBE,5
2683,ABBIE-LEIGH,5
2683,ABBIGAYLE,5
2683,ABIOLA,5
2683,ADA,5
2683,ADAEZE,5
2683,ADAMA,5
2683,AFRAH,5
2683,AFUA,5
2683,AISHLING,5
2683,AKILAH,5
2683,AKLIMA,5
2683,ALAA,5
2683,ALBA,5
2683,ALBERTA,5
2683,ALETHEA,5
2683,ALIAH,5
2683,ALICEA,5
2683,ALIVIA,5
2683,AMARDEEP,5
2683,AMELIA-ROSE,5
2683,AMII,5
2683,AMY-JAYNE,5
2683,AMY-LEE,5
2683,AMY-ROSE,5
2683,AMYLEIGH,5
2683,ANAMIKA,5
2683,ANGELINE,5
2683,ANGIE,5
2683,ANIA,5
2683,ANISSA,5
2683,ANJANA,5
2683,ANNA-ROSE,5
2683,ARAMINTA,5
2683,ARIA,5
2683,ARIELLA,5
2683,ARUSA,5
2683,ASHNA,5
2683,ASIYAH,5
2683,ASLI,5
2683,ATHINA,5
2683,ATIYAH,5
2683,AUDREY,5
2683,AVNI,5
2683,AVRIL,5
2683,AYEISHA,5
2683,AZRAA,5
2683,BAHAR,5
2683,BAYLEE,5
2683,BESSIE,5
2683,BETSAN,5
2683,BETUL,5
2683,BHAKTI,5
2683,BLAIR,5
2683,BLOSSOM,5
2683,BOBBY,5
2683,BREANNA,5
2683,BRITTANIE,5
2683,BRODY,5
2683,BROOK,5
2683,BRYHER,5
2683,CADIE,5
2683,CARIAD,5
2683,CARMELA,5
2683,CAROL-ANN,5
2683,CAROLE,5
2683,CARRIANNE,5
2683,CARRIGAN,5
2683,CEREN,5
2683,CHANTELE,5
2683,CHARLOTTE-LOUISE,5
2683,CHELSY,5
2683,CHERI,5
2683,CHERISSE,5
2683,CHLOEE,5
2683,CHRISSIE,5
2683,CHRISTIANNA,5
2683,CLARISSE,5
2683,CLAUDETTE,5
2683,CLIONA,5
2683,COBY,5
2683,CODI,5
2683,COLBY,5
2683,COLEEN,5
2683,COMFORT,5
2683,COURTNEE,5
2683,COURTNEY-LOUISE,5
2683,CRESSIDA,5
2683,CYDNEE,5
2683,DAIRE,5
2683,DAISEY,5
2683,DANAH,5
2683,DANIA,5
2683,DANNIE,5
2683,DANYELLE,5
2683,DEEANNA,5
2683,DENI,5
2683,DERVLA,5
2683,DERYA,5
2683,DEVYN,5
2683,DIVA,5
2683,DOMENICA,5
2683,DOMINICA,5
2683,DOREEN,5
2683,EBONI,5
2683,EBRU,5
2683,EIBHLIN,5
2683,EKATERINA,5
2683,ELHAM,5
2683,ELLIE-JANE,5
2683,ELLIE-ROSE,5
2683,ELLIEMAE,5
2683,ELLISIA,5
2683,ELLOISE,5
2683,ELYSSIA,5
2683,EMELYE,5
2683,EMILY-LOUISE,5
2683,EMMANUELA,5
2683,ESHE,5
2683,EZME,5
2683,FAAIZA,5
2683,FAAIZAH,5
2683,FAARIA,5
2683,FARIDAH,5
2683,FARYAL,5
2683,FATEMAH,5
2683,FATUMA,5
2683,FERNE,5
2683,FIRDAUS,5
2683,FOLASADE,5
2683,FOLASHADE,5
2683,FOUZIA,5
2683,FRANCIS,5
2683,GAIL,5
2683,GEORGENA,5
2683,GEORGIA-MAE,5
2683,GIOVANNA,5
2683,GITTEL,5
2683,GULSEN,5
2683,GURSHARON,5
2683,GWAWR,5
2683,GWENNAN,5
2683,HABEEBA,5
2683,HABEEBAH,5
2683,HADASSAH,5
2683,HAJIRA,5
2683,HALEMA,5
2683,HALLE,5
2683,HANIFAH,5
2683,HARVINDER,5
2683,HAZERA,5
2683,HELAINA,5
2683,HEULWEN,5
2683,HUMAYRAA,5
2683,IFEOLUWA,5
2683,IFEOMA,5
2683,IFRA,5
2683,IKRAA,5
2683,IKRAM,5
2683,IMMOGEN,5
2683,INAYAH,5
2683,ISA,5
2683,IZABELLE,5
2683,JAI,5
2683,JAIME-LEIGH,5
2683,JANAY,5
2683,JASDEEP,5
2683,JASMINDER,5
2683,JASNEET,5
2683,JAYCIE,5
2683,JAZMYN,5
2683,JEANNIE,5
2683,JERRY,5
2683,JESSAMINE,5
2683,JESSI,5
2683,JESSICCA,5
2683,JIA,5
2683,JOAN,5
2683,JODIE-LEE,5
2683,JOURDAN,5
2683,JUHI,5
2683,JUMANAH,5
2683,JUWAIRIYAH,5
2683,JUWAIRIYYAH,5
2683,KADIJA,5
2683,KAILEY,5
2683,KANDICE,5
2683,KANIKA,5
2683,KANWAL,5
2683,KARHA,5
2683,KARI,5
2683,KARMEN,5
2683,KAROLINA,5
2683,KARYS,5
2683,KASSANDRA,5
2683,KATIE-ANNE,5
2683,KAUTHAR,5
2683,KAYE,5
2683,KEALIE,5
2683,KEALY,5
2683,KEEGAN,5
2683,KELECHI,5
2683,KELLYANN,5
2683,KEMI,5
2683,KENNEDIE,5
2683,KERIS,5
2683,KERRI-ANN,5
2683,KERRYANNE,5
2683,KHATIJA,5
2683,KIESHA,5
2683,KIMBERLEIGH,5
2683,KODY,5
2683,KOLSUMA,5
2683,KULJEET,5
2683,KYLER,5
2683,KYMBERLY,5
2683,LABIBA,5
2683,LACY,5
2683,LAI,5
2683,LAKISHA,5
2683,LANI,5
2683,LAOISE,5
2683,LARNA,5
2683,LAURA-LOUISE,5
2683,LAURA-MAY,5
2683,LAYNE,5
2683,LEAHA,5
2683,LEONNA,5
2683,LESLIE,5
2683,LINNEA,5
2683,LISAMARIE,5
2683,LORELLE,5
2683,LOUANNE,5
2683,LOWENNA,5
2683,LUCIANNA,5
2683,LUCKY,5
2683,LUCY-ANNA,5
2683,LUCY-JAYNE,5
2683,LUKA,5
2683,LULU,5
2683,LUNA,5
2683,LYNN,5
2683,MAAME,5
2683,MAARIAH,5
2683,MAARYA,5
2683,MACEY,5
2683,MADDY,5
2683,MADIHAH,5
2683,MAGENTA,5
2683,MAHALIA,5
2683,MAHREEN,5
2683,MAHZABIN,5
2683,MAIMOONAH,5
2683,MAIRE,5
2683,MALANDRA,5
2683,MALISSA,5
2683,MALLORY,5
2683,MANJOT,5
2683,MARGED,5
2683,MARILYN,5
2683,MARISHA,5
2683,MARLEE,5
2683,MARRIA,5
2683,MASIE,5
2683,MAUD,5
2683,MAVISH,5
2683,MCKENZIE,5
2683,MEDINA,5
2683,MEENAKSHI,5
2683,MEESHA,5
2683,MEGAN-ROSE,5
2683,MEISHA,5
2683,MELEK,5
2683,MELODIE,5
2683,MERCEDEZ,5
2683,MERIAM,5
2683,MILA,5
2683,MILENA,5
2683,MILISSA,5
2683,MIRAIN,5
2683,MOLLIE-ROSE,5
2683,MOLLY-MAE,5
2683,MURRON,5
2683,NABEEHA,5
2683,NADIRA,5
2683,NAEEMAH,5
2683,NAFEESAH,5
2683,NAHIMA,5
2683,NAINA,5
2683,NANETTE,5
2683,NASRIN,5
2683,NATASCHA,5
2683,NATASIA,5
2683,NAYAAB,5
2683,NAYAB,5
2683,NECHAMA,5
2683,NEDA,5
2683,NEVE,5
2683,NICHOL,5
2683,NIEVE,5
2683,NIKETA,5
2683,NIRALI,5
2683,NISBA,5
2683,NOEMIE,5
2683,NON,5
2683,NURIA,5
2683,OLAJUMOKE,5
2683,OLUWAKEMI,5
2683,OLYMPIA,5
2683,ORLAGH,5
2683,OYINDAMOLA,5
2683,PALLAVI,5
2683,PANAYIOTA,5
2683,PARISE,5
2683,PASHA,5
2683,PEACHES,5
2683,PERDITA,5
2683,PETA,5
2683,PHUONG,5
2683,PRUDENCE,5
2683,PUI,5
2683,QUEENIE,5
2683,QUIANA,5
2683,RABIAH,5
2683,RAINA,5
2683,RAJVINDER,5
2683,RANI,5
2683,RASHIDA,5
2683,RAYANN,5
2683,REBECCAH,5
2683,REHANA,5
2683,REKHA,5
2683,RENEA,5
2683,RHIANYDD,5
2683,RIMSHA,5
2683,RIVA,5
2683,ROSANNAH,5
2683,ROSHAN,5
2683,ROSITA,5
2683,ROZINA,5
2683,RUKHSAAR,5
2683,RUKIYA,5
2683,RUKSAAR,5
2683,RUMINA,5
2683,SABAA,5
2683,SABRINE,5
2683,SADEKA,5
2683,SAFAH,5
2683,SAFFIA,5
2683,SAHRISH,5
2683,SAIBA,5
2683,SAKINAH,5
2683,SALLYANN,5
2683,SAMEEN,5
2683,SAMMI,5
2683,SAMREEN,5
2683,SANJIDAH,5
2683,SARAHJANE,5
2683,SARENA,5
2683,SARIA,5
2683,SATVEER,5
2683,SAYMA,5
2683,SELEN,5
2683,SELENE,5
2683,SEONAID,5
2683,SERIFE,5
2683,SHABINA,5
2683,SHAFIA,5
2683,SHAIRA,5
2683,SHAMIKA,5
2683,SHANAI,5
2683,SHANAY,5
2683,SHANAYE,5
2683,SHANLEY,5
2683,SHANNAH,5
2683,SHANTELL,5
2683,SHARDAE,5
2683,SHARI,5
2683,SHARIFA,5
2683,SHARLENE,5
2683,SHAUNEE,5
2683,SHAUNEY,5
2683,SHAZMIN,5
2683,SHAZNA,5
2683,SHERICE,5
2683,SHEVANI,5
2683,SHIRIN,5
2683,SHORNA,5
2683,SHUHENA,5
2683,SHUMA,5
2683,SHYLA,5
2683,SIGOURNEY,5
2683,SINDY,5
2683,SIRIOL,5
2683,SOFIYA,5
2683,SOPHIE-LEIGH,5
2683,SOROH,5
2683,STACI,5
2683,SUFIA,5
2683,SUGRA,5
2683,SUHANA,5
2683,SUMAYAH,5
2683,SUNNAH,5
2683,SURIYA,5
2683,SUSANNE,5
2683,TABETHA,5
2683,TAIWO,5
2683,TAKISHA,5
2683,TALIAH,5
2683,TAMMARA,5
2683,TAMYKA,5
2683,TANEISHA,5
2683,TANESHA,5
2683,TANIYA,5
2683,TATYANA,5
2683,TEIGAN,5
2683,TEIGHLOR,5
2683,THAHERA,5
2683,TIANNE,5
2683,TIARNA,5
2683,TIFFANIE,5
2683,TIYANA,5
2683,TYLAH,5
2683,UBAH,5
2683,UROOJ,5
2683,USMA,5
2683,VENESSA,5
2683,VITA,5
2683,YANA,5
2683,YEWANDE,5
2683,YI,5
2683,YSANNE,5
2683,YUMNA,5
2683,ZABRINA,5
2683,ZAHIRA,5
2683,ZAKIYA,5
2683,ZAKIYYA,5
2683,ZAKIYYAH,5
2683,ZARRIN,5
2683,ZENIA,5
2683,ZENNA,5
2683,ZINA,5
3126,AATIKAH,4
3126,ABBEYGALE,4
3126,ABBEYGAYLE,4
3126,ABBIE-LOUISE,4
3126,ABBIEGAIL,4
3126,ABISOLA,4
3126,ADEL,4
3126,ADESOLA,4
3126,ADILAH,4
3126,ADJOA,4
3126,ADRIANE,4
3126,AFIFAH,4
3126,AFREEN,4
3126,AFSHA,4
3126,AFSHANA,4
3126,AFSHEEN,4
3126,AIDEEN,4
3126,AIMEE-LEIGH,4
3126,AIMEE-LOUISE,4
3126,AINSLEIGH,4
3126,AISHAT,4
3126,AJA,4
3126,ALAW,4
3126,ALIDA,4
3126,ALIS,4
3126,ALISE,4
3126,ALISHBA,4
3126,ALISSIA,4
3126,ALIYSHA,4
3126,ALIYYAH,4
3126,ALLEX,4
3126,ALLEYAH,4
3126,ALLIYAH,4
3126,ALTHEA,4
3126,ALYA,4
3126,AMAARA,4
3126,AMAARAH,4
3126,AMBER-JANE,4
3126,AMBIKA,4
3126,AMEERAH,4
3126,AMEL,4
3126,AMETHYST,4
3126,AMI-LOUISE,4
3126,AMIE-LOUISE,4
3126,AMRIN,4
3126,ANABELLE,4
3126,ANAH,4
3126,ANAYA,4
3126,ANDRIANA,4
3126,ANEKA,4
3126,ANGELIQUE,4
3126,ANJELICA,4
3126,ANJLI,4
3126,ANJUMA,4
3126,ANNA-LEE,4
3126,ANNA-LEIGH,4
3126,ANNASTASIA,4
3126,ANNIE-MAE,4
3126,ANUSHKA,4
3126,APRYL,4
3126,AREEJ,4
3126,ARIBA,4
3126,ARRIANNE,4
3126,ARTEMIS,4
3126,ARZOO,4
3126,ASHDON,4
3126,ASHIKA,4
3126,ASHLEEN,4
3126,ASHLEIGH-LOUISE,4
3126,ASHLEIGH-PAIGE,4
3126,ASIFA,4
3126,ASMAH,4
3126,ATHENE,4
3126,ATIKA,4
3126,ATIKAH,4
3126,AURELIE,4
3126,AVITAL,4
3126,AYEESHA,4
3126,AYLIN,4
3126,AZIMA,4
3126,AZKA,4
3126,AZMINA,4
3126,BAILIE,4
3126,BALJINDER,4
3126,BALJIT,4
3126,BAVITA,4
3126,BAYLEY,4
3126,BECCA,4
3126,BERYL,4
3126,BETHANEE,4
3126,BETHANY-ANNE,4
3126,BETHANY-JAYNE,4
3126,BHUMIKA,4
3126,BILLIE-RAE,4
3126,BILLIE-ROSE,4
3126,BILLIEJO,4
3126,BRADY,4
3126,BRANDI,4
3126,BRANDIE,4
3126,BRANWEN,4
3126,BREEZE,4
3126,BRIONI,4
3126,BRITNEY,4
3126,BRITTNEY,4
3126,BRYANIE,4
3126,BRYANNA,4
3126,BURCU,4
3126,CADI,4
3126,CALI,4
3126,CALLAN,4
3126,CARENZA,4
3126,CARLEIGH,4
3126,CARLOTTA,4
3126,CAROLANN,4
3126,CARRERA,4
3126,CASEY-LEIGH,4
3126,CASSY,4
3126,CATERINA,4
3126,CAYLA,4
3126,CHANI,4
3126,CHANTAE,4
3126,CHANTALLE,4
3126,CHARMAIN,4
3126,CHELSEA-ANN,4
3126,CHELSEA-ANNE,4
3126,CHELSEA-LOUISE,4
3126,CHERRI,4
3126,CHESNEY,4
3126,CHEVONNE,4
3126,CHI,4
3126,CHIKA,4
3126,CHLOEY,4
3126,CHRISTELLE,4
3126,CHRISTIANE,4
3126,CHRISTIANNE,4
3126,CHYANNE,4
3126,CINZIA,4
3126,CLARISE,4
3126,CLAUDINE,4
3126,CLIO,4
3126,COCO,4
3126,CONNIE-MAE,4
3126,CORI,4
3126,CORNELIA,4
3126,COURTNAY,4
3126,COURTNEY-LEIGH,4
3126,CREE,4
3126,CYPRUS,4
3126,DAMILOLA,4
3126,DAMLA,4
3126,DANIELE,4
3126,DANNI-LEIGH,4
3126,DANNON,4
3126,DAPHNE,4
3126,DARIA,4
3126,DARIANNE,4
3126,DARLENE,4
3126,DAYLE,4
3126,DAYTONA,4
3126,DEEPA,4
3126,DELICIA,4
3126,DELILAH,4
3126,DELPHI,4
3126,DEMETRIA,4
3126,DEMIE,4
3126,DEQA,4
3126,DERRI,4
3126,DERRYN,4
3126,DERYN,4
3126,DESTINI,4
3126,DEVEN,4
3126,DEVIKA,4
3126,DIANNA,4
3126,DILEK,4
3126,DISHA,4
3126,DIXIE,4
3126,DOROTHEA,4
3126,DUYGU,4
3126,EBBA,4
3126,EDEL,4
3126,ELEONOR,4
3126,ELEONORE,4
3126,ELESHA,4
3126,ELI,4
3126,ELIZ,4
3126,ELIZE,4
3126,ELLA-ROSE,4
3126,ELLAN,4
3126,ELLANA,4
3126,ELLIE-JO,4
3126,ELLIEMAY,4
3126,ELLISA,4
3126,ELOUISA,4
3126,ELUNED,4
3126,ELVINA,4
3126,ELYSSA,4
3126,EMEL,4
3126,EMELIE,4
3126,EMELINE,4
3126,EMILY-ANN,4
3126,EMILY-JO,4
3126,EMILY-MAE,4
3126,EMMALENE,4
3126,EMMALINE,4
3126,EMMAN,4
3126,EMMYLOU,4
3126,ERINA,4
3126,ERUM,4
3126,ESYLLT,4
3126,FADUMA,4
3126,FADUMO,4
3126,FAHEEMAH,4
3126,FAIGE,4
3126,FARHIN,4
3126,FARREN,4
3126,FATMATA,4
3126,FAZILA,4
3126,FFLUR,4
3126,FIONN,4
3126,GABRIEL,4
3126,GAGANDEEP,4
3126,GAMZE,4
3126,GEMIMA,4
3126,GERMAINE,4
3126,GIGI,4
3126,GINNY,4
3126,GIORGI,4
3126,GRETEL,4
3126,GWENDOLYN,4
3126,HAAJRA,4
3126,HABIBAH,4
3126,HADIQA,4
3126,HADIYA,4
3126,HADIYAH,4
3126,HALINA,4
3126,HANAKO,4
3126,HANIA,4
3126,HANISHA,4
3126,HANSA,4
3126,HARJOT,4
3126,HARRIOT,4
3126,HARUKA,4
3126,HARUNA,4
3126,HAYAT,4
3126,HAZRA,4
3126,HELANA,4
3126,HELIN,4
3126,HEMALI,4
3126,HEMANI,4
3126,HENAL,4
3126,HIBAQ,4
3126,HIFZA,4
3126,HIRAH,4
3126,HOLLEY,4
3126,HOMAIRA,4
3126,IANTHE,4
3126,IBUKUNOLUWA,4
3126,IDA,4
3126,IFFAT,4
3126,IMARNI,4
3126,INDIA-ROSE,4
3126,INSHA,4
3126,IRRAM,4
3126,ISMAH,4
3126,ISOBELL,4
3126,IYSHA,4
3126,IZEL,4
3126,JAE,4
3126,JAEGER,4
3126,JAEL,4
3126,JAGDEEP,4
3126,JAHANARA,4
3126,JAMEELA,4
3126,JAMIE-LEA,4
3126,JAYNIE,4
3126,JAZ,4
3126,JELENA,4
3126,JENIFER,4
3126,JESSALYN,4
3126,JESSICA-LEIGH,4
3126,JEWEL,4
3126,JIORDAN,4
3126,JO-ANN,4
3126,JO-ANNE,4
3126,JODEE,4
3126,JORJIA,4
3126,JOSETTE,4
3126,JOSEY,4
3126,JOVANA,4
3126,JULIANNA,4
3126,JULIE-ANNE,4
3126,JUNE,4
3126,KAIRA,4
3126,KALINA,4
3126,KAMALPREET,4
3126,KAMILA,4
3126,KAREENA,4
3126,KARIMA,4
3126,KARISS,4
3126,KARLEIGH,4
3126,KARLI,4
3126,KARRIS,4
3126,KASHMALA,4
3126,KASIE,4
3126,KASSIA,4
3126,KATARZYNA,4
3126,KATELIN,4
3126,KATELYNN,4
3126,KATI,4
3126,KATIE-LEE,4
3126,KATRIANA,4
3126,KAUSAR,4
3126,KAUSER,4
3126,KAYLAH,4
3126,KEASHA,4
3126,KEILAH,4
3126,KEILEIGH,4
3126,KELLYANNE,4
3126,KERA,4
3126,KERIN,4
3126,KERRI-ANNE,4
3126,KERRIANNE,4
3126,KESIA,4
3126,KETURAH,4
3126,KEYA,4
3126,KHALEDA,4
3126,KHIA,4
3126,KIMI,4
3126,KIMIA,4
3126,KISMET,4
3126,KIZZIE,4
3126,KORA,4
3126,KRISHA,4
3126,KRISHMA,4
3126,KYANNE,4
3126,KYLAH,4
3126,KYRIE,4
3126,LAINEY,4
3126,LAKESHA,4
3126,LAMARA,4
3126,LATIFA,4
3126,LAUNA,4
3126,LAURA-ANNE,4
3126,LAURELLE,4
3126,LAUREN-ROSE,4
3126,LAURIE-ANNE,4
3126,LAYNA,4
3126,LEANE,4
3126,LEE-ANNE,4
3126,LEIGHANNA,4
3126,LEILANI,4
3126,LELA,4
3126,LESLEY-ANNE,4
3126,LEXIE,4
3126,LILAH,4
3126,LIMA,4
3126,LOGAN,4
3126,LOREDANA,4
3126,LOUELLA,4
3126,LOWRIE,4
3126,LUCCA,4
3126,LUCHIA,4
3126,LUCRETIA,4
3126,LUCY-JANE,4
3126,LYNDA,4
3126,LYNNE,4
3126,LYSETTE,4
3126,MADALINE,4
3126,MADALYN,4
3126,MADDALENA,4
3126,MAHFUZA,4
3126,MAHIRA,4
3126,MAHRIA,4
3126,MAHRUKH,4
3126,MAIMUNA,4
3126,MAJEDA,4
3126,MAKAYLA,4
3126,MALAIKA,4
3126,MANJIT,4
3126,MANUELA,4
3126,MARGAUX,4
3126,MARGHERITA,4
3126,MARGUERITE,4
3126,MARI-ANNE,4
3126,MARJAN,4
3126,MARLENE,4
3126,MARTIKA,4
3126,MARY-BETH,4
3126,MARY-KATE,4
3126,MAUDE,4
3126,MAYU,4
3126,MEGAN-LOUISE,4
3126,MEGGIE,4
3126,MEGHA,4
3126,MEGHNA,4
3126,MEHNAZ,4
3126,MEHNOOR,4
3126,MELERI,4
3126,MERISSA,4
3126,MESHA,4
3126,MICHALA,4
3126,MICHELLA,4
3126,MIKI,4
3126,MINAL,4
3126,MINNA,4
3126,MINNIE,4
3126,MIRI,4
3126,MIYA,4
3126,MIYAH,4
3126,MOIRA,4
3126,MOLLY-ANNE,4
3126,MOLLY-JO,4
3126,MOLLY-MAY,4
3126,MOLLY-ROSE,4
3126,MORGANE,4
3126,MUMINA,4
3126,MUNIBA,4
3126,MUNIRAH,4
3126,MUSAMMATH,4
3126,NADENE,4
3126,NAKIA,4
3126,NARISSA,4
3126,NASEEBA,4
3126,NAUSHEEN,4
3126,NAVDEEP,4
3126,NAWAAL,4
3126,NAZIMA,4
3126,NAZLI,4
3126,NAZNIN,4
3126,NEELIMA,4
3126,NELL,4
3126,NIAOMI,4
3126,NICKY,4
3126,NICOLETTA,4
3126,NIKITTA,4
3126,NIKOLE,4
3126,NILEEMA,4
3126,NIMISHA,4
3126,NIMO,4
3126,NIRVANA,4
3126,NISHITA,4
3126,NIVA,4
3126,NNEKA,4
3126,NOLA,4
3126,NOUR,4
3126,NOURA,4
3126,OAKLEIGH,4
3126,OAKLEY,4
3126,OLOLADE,4
3126,OMOLARA,4
3126,OMOLOLA,4
3126,OREOLUWA,4
3126,OZLEM,4
3126,PARICE,4
3126,PARMINDER,4
3126,PARYS,4
3126,PAYGE,4
3126,PERSEPHONE,4
3126,PERSIA,4
3126,PETRINA,4
3126,PHYLLIDA,4
3126,QUINN,4
3126,RABEEAH,4
3126,RACHELE,4
3126,RAEANNE,4
3126,RAHENA,4
3126,RAHILA,4
3126,RAIHANA,4
3126,RAJDEEP,4
3126,RAKSHA,4
3126,RAMANPREET,4
3126,RAWAN,4
3126,RAYCHEL,4
3126,RAYNOR,4
3126,RAZINA,4
3126,REBECCA-LOUISE,4
3126,REMMI,4
3126,RENAI,4
3126,RENAY,4
3126,RESHMA,4
3126,RHIAIN,4
3126,RHIANNAH,4
3126,RIANN,4
3126,RICHA,4
3126,RIPLEY,4
3126,RISA,4
3126,RISHA,4
3126,RIVKAH,4
3126,ROBBIE,4
3126,ROBYNNE,4
3126,ROMAANA,4
3126,ROMEY,4
3126,ROMI,4
3126,ROMINA,4
3126,ROSELLE,4
3126,ROSHEEN,4
3126,ROXANE,4
3126,RUBEENA,4
3126,RUDI,4
3126,RUJINA,4
3126,RUKAIYA,4
3126,RUKAYAT,4
3126,RUKHSANA,4
3126,RUMAISA,4
3126,RUMANAH,4
3126,RUMENA,4
3126,RUNA,4
3126,RUPA,4
3126,RYAH,4
3126,SAAMIA,4
3126,SABBA,4
3126,SABEEHA,4
3126,SABEEHAH,4
3126,SABREEN,4
3126,SABRIN,4
3126,SAFARI,4
3126,SAHER,4
3126,SAHIRA,4
3126,SAIKA,4
3126,SALEENA,4
3126,SALIHAH,4
3126,SAMEENA,4
3126,SAMIAH,4
3126,SAMIHAH,4
3126,SANDIE,4
3126,SANGEETA,4
3126,SARA-LOUISE,4
3126,SARAFINA,4
3126,SARAHLOUISE,4
3126,SARIAH,4
3126,SARIKA,4
3126,SARISH,4
3126,SASHA-LOUISE,4
3126,SAVANAGH,4
3126,SCARLETTE,4
3126,SEJAL,4
3126,SEMRA,4
3126,SEONA,4
3126,SERAFINA,4
3126,SERAY,4
3126,SEVGI,4
3126,SEVILAY,4
3126,SHAHANAZ,4
3126,SHAHISTA,4
3126,SHAJEDA,4
3126,SHAKEELA,4
3126,SHALEEN,4
3126,SHALOM,4
3126,SHAMEEM,4
3126,SHAMIRA,4
3126,SHANEE,4
3126,SHANELL,4
3126,SHANIQUE,4
3126,SHANNARA,4
3126,SHANNIE,4
3126,SHANNON-MARIE,4
3126,SHAPLA,4
3126,SHAQUILLA,4
3126,SHARANJIT,4
3126,SHARDAY,4
3126,SHARONA,4
3126,SHARONDEEP,4
3126,SHAUNY,4
3126,SHEA,4
3126,SHEFALI,4
3126,SHENADE,4
3126,SHERAE,4
3126,SHERALEE,4
3126,SHEREECE,4
3126,SHERILYN,4
3126,SHERRELL,4
3126,SHIFA,4
3126,SHIONA,4
3126,SHIRELLE,4
3126,SHIVANGI,4
3126,SHIVONNE,4
3126,SHONTELLE,4
3126,SHORIFA,4
3126,SHREEYA,4
3126,SHRINA,4
3126,SHULA,4
3126,SHULAMIS,4
3126,SIAMA,4
3126,SIANIE,4
3126,SIERRA,4
3126,SIMARAN,4
3126,SIMI,4
3126,SIMONA,4
3126,SIMRAH,4
3126,SIMRANDEEP,4
3126,SIOBAHN,4
3126,SNEHA,4
3126,SOFINA,4
3126,SOMER,4
3126,SONIYA,4
3126,SOPHIE-ANNE,4
3126,STARR,4
3126,STEFANIA,4
3126,STEVIE-LEE,4
3126,STEVIE-LEIGH,4
3126,SUAD,4
3126,SUHAILA,4
3126,SUMBAL,4
3126,SUMENA,4
3126,SUMIYYA,4
3126,SUMMAR,4
3126,SYED,4
3126,SYMRAN,4
3126,TABASAM,4
3126,TAELOR,4
3126,TAHRIMA,4
3126,TAJA,4
3126,TALISA,4
3126,TAMEENA,4
3126,TAMLYN,4
3126,TANEESHA,4
3126,TANITA,4
3126,TANVI,4
3126,TARANPREET,4
3126,TARIN,4
3126,TARNYA,4
3126,TARRYN,4
3126,TASMINE,4
3126,TAYABAH,4
3126,TAYLOR-ANNE,4
3126,TEA,4
3126,TEAL,4
3126,TEHMEENA,4
3126,TEMILOLUWA,4
3126,TEMITAYO,4
3126,TENIOLA,4
3126,TERRI-ANNE,4
3126,TERRI-LEIGH,4
3126,TEYA,4
3126,TILDA,4
3126,TINISHA,4
3126,TIONNE,4
3126,TISHA,4
3126,TOLANI,4
3126,TOLUWANIMI,4
3126,TONIA,4
3126,TRUE,4
3126,TUGCE,4
3126,TULA,4
3126,TYNE,4
3126,UMAIMAH,4
3126,URVASHI,4
3126,VAISHNAVI,4
3126,VENUS,4
3126,VERONIQUE,4
3126,VIBHUTI,4
3126,VIDYA,4
3126,WAI,4
3126,WINONA,4
3126,YAEL,4
3126,YARA,4
3126,YEE,4
3126,YETUNDE,4
3126,YSABEL,4
3126,YSABELLE,4
3126,ZAHIRAH,4
3126,ZELAL,4
3126,ZITA,4
3126,ZOE-LOUISE,4
3126,ZOIE,4
3126,ZULAIKHA,4
3126,ZULAKHA,4
3126,ZULEIKHA,4
3126,ZULFA,4
3795,AASIYA,3
3795,AASIYAH,3
3795,AAYESHA,3
3795,ABAGAIL,3
3795,ABBEE,3
3795,ABBIE-GAYLE,3
3795,ABBIGALE,3
3795,ABBYGAYLE,3
3795,ABEDA,3
3795,ABENA,3
3795,ABIBAT,3
3795,ABIDAH,3
3795,ABIE,3
3795,ABIRAMI,3
3795,ABISOYE,3
3795,ADELA,3
3795,ADELLA,3
3795,ADENIKE,3
3795,ADERINSOLA,3
3795,ADETOLA,3
3795,ADEWUNMI,3
3795,ADI,3
3795,ADILA,3
3795,ADITI,3
3795,AEISHA,3
3795,AESHA,3
3795,AFIYA,3
3795,AFSHAN,3
3795,AGATHE,3
3795,AI,3
3795,AICHA,3
3795,AIKO,3
3795,AILBHE,3
3795,AILIDH,3
3795,AILIE,3
3795,AILISE,3
3795,AIMA,3
3795,AIMAN,3
3795,AIMI,3
3795,AINA,3
3795,AIYA,3
3795,AIZA,3
3795,AKASHA,3
3795,AKILA,3
3795,AKOSUA,3
3795,ALA'A,3
3795,ALANNIS,3
3795,ALASKA,3
3795,ALAYA,3
3795,ALAYNA,3
3795,ALEIGHA,3
3795,ALEKSANDRA,3
3795,ALERO,3
3795,ALESI,3
3795,ALESSI,3
3795,ALEYNA,3
3795,ALICE-LOUISE,3
3795,ALISHAH,3
3795,ALISHYA,3
3795,ALIZA,3
3795,ALKA,3
3795,ALLANNAH,3
3795,ALYXANDRA,3
3795,AMAANI,3
3795,AMABEL,3
3795,AMAN,3
3795,AMARACHI,3
3795,AMBER-JADE,3
3795,AMBER-JAYNE,3
3795,AMELIA-JANE,3
3795,AMENAH,3
3795,AMERA,3
3795,AMILIA,3
3795,AMIMA,3
3795,AMMAN,3
3795,AMRAN,3
3795,AMREENA,3
3795,AMUN,3
3795,AMY-JADE,3
3795,AMY-LEA,3
3795,AMYLOUISE,3
3795,ANALISE,3
3795,ANBAR,3
3795,ANDREIA,3
3795,ANDRIANNA,3
3795,ANEEQAH,3
3795,ANESA,3
3795,ANGELENA,3
3795,ANGELIKA,3
3795,ANJLEE,3
3795,ANJULI,3
3795,ANJUMAN,3
3795,ANNA-MAY,3
3795,ANNALEIGH,3
3795,ANNAMARIE,3
3795,ANNELIES,3
3795,ANNISSA,3
3795,ANTONETTE,3
3795,ANU,3
3795,ANWAR,3
3795,ANYAH,3
3795,AOIFFE,3
3795,APRIL-ROSE,3
3795,AQSAH,3
3795,ARFA,3
3795,ARIAN,3
3795,ARIANWEN,3
3795,ARTI,3
3795,ARUB,3
3795,ARUBA,3
3795,ARWA,3
3795,ASHANTE,3
3795,ASHLEIGH-JADE,3
3795,ASHLEIGH-MARIE,3
3795,ASHNI,3
3795,ASHVINI,3
3795,ASIMA,3
3795,ASSIA,3
3795,AURIOL,3
3795,AVANI,3
3795,AVERIL,3
3795,AVISHA,3
3795,AYESHAH,3
3795,AYLISHA,3
3795,AYNSLEY,3
3795,AYOBAMI,3
3795,AYODELE,3
3795,AYSHE,3
3795,AYSHEA,3
3795,AZMEENA,3
3795,BABY,3
3795,BALPREET,3
3795,BANSRI,3
3795,BAYAN,3
3795,BEKI,3
3795,BELYNDA,3
3795,BERNA,3
3795,BERNADINE,3
3795,BETH-ANNE,3
3795,BETHANE,3
3795,BETHANI,3
3795,BETTINA,3
3795,BHAVIKA,3
3795,BHAVNA,3
3795,BHUMI,3
3795,BILAN,3
3795,BILLIE-MARIE,3
3795,BISMAH,3
3795,BLAITHIN,3
3795,BLAYZE,3
3795,BOBBIE-JADE,3
3795,BRIDGETTE,3
3795,BRIEANNA,3
3795,BRIONNY,3
3795,BRITTANI,3
3795,BRITTONY,3
3795,BRYN,3
3795,BUSRA,3
3795,CAI,3
3795,CAILEIGH,3
3795,CAILIN,3
3795,CAIRA,3
3795,CAIRO,3
3795,CAITRIN,3
3795,CALLI,3
3795,CAMELLIA,3
3795,CAMEO,3
3795,CANDY,3
3795,CANSU,3
3795,CAPUCINE,3
3795,CAREN,3
3795,CARIANNE,3
3795,CARINE,3
3795,CARLA-LOUISE,3
3795,CARLEE,3
3795,CARLENA,3
3795,CAROLA,3
3795,CARON,3
3795,CARRA,3
3795,CARRIEANN,3
3795,CATHERINA,3
3795,CATHLEEN,3
3795,CEINWEN,3
3795,CEIRA,3
3795,CELENE,3
3795,CELESTINE,3
3795,CELICIA,3
3795,CHACE,3
3795,CHALICE,3
3795,CHANCE,3
3795,CHANDANI,3
3795,CHANIA,3
3795,CHANIECE,3
3795,CHANNING,3
3795,CHANTA,3
3795,CHARICE,3
3795,CHARLA,3
3795,CHARLETTE,3
3795,CHARLEY-JO,3
3795,CHARLIE-JADE,3
3795,CHARLINE,3
3795,CHARLOTTE-ANNE,3
3795,CHARLOTTE-ROSE,3
3795,CHARNA,3
3795,CHARNELLE,3
3795,CHARNIE,3
3795,CHARYS,3
3795,CHAVA,3
3795,CHELSEA-JADE,3
3795,CHELSEA-LEE,3
3795,CHERAE,3
3795,CHEREE,3
3795,CHERIECE,3
3795,CHERILYN,3
3795,CHERNICE,3
3795,CHETNA,3
3795,CHEY,3
3795,CHEYNE,3
3795,CHIDINMA,3
3795,CHING,3
3795,CHOI,3
3795,CHRISTAL,3
3795,CHRISTEN,3
3795,CIAN,3
3795,CIAR,3
3795,CIARRA,3
3795,CLEOPATRA,3
3795,CLOVER,3
3795,COLBIE,3
3795,CONNAH,3
3795,CORAN,3
3795,CORELLE,3
3795,CORRAN,3
3795,CORRI,3
3795,CORRINNE,3
3795,CORYN,3
3795,COURTNEY-LEE,3
3795,CRISTIANA,3
3795,CRYSTA,3
3795,CYAN,3
3795,DAIZY,3
3795,DALJINDER,3
3795,DALLAS,3
3795,DANEKA,3
3795,DANII,3
3795,DANNA,3
3795,DANNIKA,3
3795,DAVIA,3
3795,DAVINDER,3
3795,DEEVA,3
3795,DEJA,3
3795,DEMILEA,3
3795,DEMISHA,3
3795,DEMITRA,3
3795,DENICA,3
3795,DENIKA,3
3795,DENISHA,3
3795,DERRIE,3
3795,DESREE,3
3795,DESTINEE,3
3795,DEVA,3
3795,DHARSHINI,3
3795,DHRUTI,3
3795,DHRUVI,3
3795,DIAMOND,3
3795,DIDEM,3
3795,DIMPLE,3
3795,DIOR,3
3795,DISA,3
3795,DISNEY,3
3795,DIYA,3
3795,DOMINI,3
3795,DONIA,3
3795,DONYA,3
3795,DORIS,3
3795,DUANA,3
3795,EBUNOLUWA,3
3795,EFA,3
3795,EIMAN,3
3795,EIRLYS,3
3795,EISHA,3
3795,EITHNE,3
3795,ELEANER,3
3795,ELEANORA,3
3795,ELECTRA,3
3795,ELEFTHERIA,3
3795,ELENOR,3
3795,ELENORE,3
3795,ELIA,3
3795,ELINORE,3
3795,ELISH,3
3795,ELISSE,3
3795,ELITA,3
3795,ELKIE,3
3795,ELLA-MAE,3
3795,ELLA-MARIE,3
3795,ELLAND,3
3795,ELLE-JANE,3
3795,ELLE-LOUISE,3
3795,ELLE-MAY,3
3795,ELLEIGH,3
3795,ELLENI,3
3795,ELLIA,3
3795,ELLIE-MAI,3
3795,ELLIW,3
3795,ELLORA,3
3795,ELLYCE,3
3795,ELLYN,3
3795,ELONA,3
3795,ELSBETH,3
3795,EMINA,3
3795,EMMA-LEE,3
3795,EMMI,3
3795,ENFYS,3
3795,ENLLI,3
3795,ERI,3
3795,ERICKA,3
3795,ESEN,3
3795,ESTELLA,3
3795,EVANGALINE,3
3795,EVANGELINA,3
3795,EVELINE,3
3795,EVELYNE,3
3795,FABIA,3
3795,FAEEZA,3
3795,FAHMINA,3
3795,FAREEN,3
3795,FARIA,3
3795,FARIHAH,3
3795,FARIYA,3
3795,FARRAN,3
3795,FARWAH,3
3795,FATEMEH,3
3795,FATHEHA,3
3795,FATIHA,3
3795,FATOS,3
3795,FATOU,3
3795,FAWN,3
3795,FAWZIYAH,3
3795,FEARN,3
3795,FENNA,3
3795,FFYONA,3
3795,FIA,3
3795,FIFI,3
3795,FILIPA,3
3795,FILIZ,3
3795,FIONNULA,3
3795,FIZAH,3
3795,FOREST,3
3795,FRAYA,3
3795,FREDERIQUE,3
3795,GAGANPREET,3
3795,GENA,3
3795,GEORGEINA,3
3795,GEORGIA-LEE,3
3795,GEORGY,3
3795,GHAZALA,3
3795,GILA,3
3795,GIORGINA,3
3795,GITA,3
3795,GIUSEPPINA,3
3795,GIVERNY,3
3795,GOLDIE,3
3795,GOZDE,3
3795,GRANIA,3
3795,GUL,3
3795,GUNEET,3
3795,GURDEEP,3
3795,GURJEET,3
3795,GURJINDER,3
3795,GWENDOLINE,3
3795,HAAJRAH,3
3795,HADIA,3
3795,HAF,3
3795,HAFINA,3
3795,HAFZA,3
3795,HAJA,3
3795,HAJARA,3
3795,HALAH,3
3795,HALEENA,3
3795,HAMERA,3
3795,HANAE,3
3795,HANAH,3
3795,HANNAH-JAYNE,3
3795,HANNAH-MAE,3
3795,HANNALISE,3
3795,HAREENA,3
3795,HARJOTH,3
3795,HARLEE,3
3795,HARRI,3
3795,HARVEEN,3
3795,HASEENAH,3
3795,HATTI,3
3795,HAYAM,3
3795,HAYLEY-MARIE,3
3795,HEINI,3
3795,HELAYNA,3
3795,HELINA,3
3795,HENRIETTE,3
3795,HERA,3
3795,HIBO,3
3795,HILDA,3
3795,HILLARY,3
3795,HIMANI,3
3795,HINAL,3
3795,HIND,3
3795,HIRAL,3
3795,HOLLIE-ANNE,3
3795,HOLLIE-MAY,3
3795,HOLLY-ANNE,3
3795,HOLLY-JO,3
3795,HOMAYRA,3
3795,HONOUR,3
3795,HULYA,3
3795,HUMMERA,3
3795,HUMNA,3
3795,IASHA,3
3795,IFFATH,3
3795,IFSAH,3
3795,IJEOMA,3
3795,ILSA,3
3795,IMANA,3
3795,IMOGENE,3
3795,IMREN,3
3795,INDEA,3
3795,INDERPREET,3
3795,INDIE,3
3795,IPEK,3
3795,IRA,3
3795,IRIM,3
3795,IRUNDEEP,3
3795,IVANNA,3
3795,IYESHA,3
3795,IZABELA,3
3795,IZOBEL,3
3795,IZZA,3
3795,JACIE,3
3795,JACKY,3
3795,JADEY,3
3795,JADZIA,3
3795,JAID,3
3795,JAMIE-LOUISE,3
3795,JAMILAH,3
3795,JANAN,3
3795,JANESSA,3
3795,JANNEKE,3
3795,JASIA,3
3795,JASMEEN,3
3795,JASVEEN,3
3795,JASWINDER,3
3795,JAVARIA,3
3795,JAYMEE-LEIGH,3
3795,JAZZMINE,3
3795,JEANNE,3
3795,JEANNETTE,3
3795,JEBA,3
3795,JEHAN,3
3795,JEMA,3
3795,JENNA-LEIGH,3
3795,JERICA,3
3795,JERUSHA,3
3795,JESMIN,3
3795,JESSAMIE,3
3795,JESSICA-ANNE,3
3795,JESSICA-JANE,3
3795,JESSICA-LOUISE,3
3795,JHANE,3
3795,JO-ANNA,3
3795,JOANA,3
3795,JOANIE,3
3795,JOANN,3
3795,JOEL,3
3795,JOHANNAH,3
3795,JOO,3
3795,JORDAN-LEIGH,3
3795,JORGIA,3
3795,JULIEANN,3
3795,JUNO,3
3795,KADIJAT,3
3795,KADISHA,3
3795,KAELI,3
3795,KAILA,3
3795,KAILEIGH,3
3795,KAISEY,3
3795,KALEE,3
3795,KALSOOM,3
3795,KAMALDEEP,3
3795,KAMISHA,3
3795,KAR,3
3795,KARAH,3
3795,KARENJIT,3
3795,KARENZA,3
3795,KARINE,3
3795,KARLEE,3
3795,KARLEEN,3
3795,KARRA,3
3795,KASHA,3
3795,KASSEY,3
3795,KATELAND,3
3795,KATHARINA,3
3795,KATHRINA,3
3795,KATIE-ROSE,3
3795,KATRINE,3
3795,KATY-JAYNE,3
3795,KAYCEY,3
3795,KAYDEE,3
3795,KAYLE,3
3795,KAYLEIGH-MARIE,3
3795,KAYLI,3
3795,KAYLYN,3
3795,KAYSIE,3
3795,KEA,3
3795,KEALEIGH,3
3795,KEANNE,3
3795,KEELEY-ANN,3
3795,KEERA,3
3795,KEILEY,3
3795,KEIRRA,3
3795,KELI,3
3795,KELLE,3
3795,KELLY-LOUISE,3
3795,KELSEE,3
3795,KELSEIGH,3
3795,KENNADIE,3
3795,KENZA,3
3795,KERAN,3
3795,KERBY,3
3795,KERIANNE,3
3795,KERRIANN,3
3795,KERRIN,3
3795,KERRY-LEIGH,3
3795,KERRYANN,3
3795,KERSHA,3
3795,KERYN,3
3795,KESTRA,3
3795,KEYLEE,3
3795,KEYSHA,3
3795,KHADIJAT,3
3795,KHANSA,3
3795,KHUSHALI,3
3795,KHUSHBOO,3
3795,KHUSHBU,3
3795,KIAN,3
3795,KIARNA,3
3795,KIERAN,3
3795,KIMAN,3
3795,KIMBERLEE,3
3795,KIMRAN,3
3795,KINJAL,3
3795,KIRANJEET,3
3795,KIRENDEEP,3
3795,KIRRA,3
3795,KIRRAN,3
3795,KIRREN,3
3795,KIRSTEY,3
3795,KIRSTINA,3
3795,KIRSTY-JANE,3
3795,KIRSTY-LOUISE,3
3795,KIRSTY-MARIE,3
3795,KIRTAN,3
3795,KIYAH,3
3795,KLAUDIA,3
3795,KODI,3
3795,KORAL,3
3795,KORINA,3
3795,KRINA,3
3795,KRISTYN,3
3795,KUBRAH,3
3795,KYOMI,3
3795,KYOMIE,3
3795,KYRAH,3
3795,KYRIA,3
3795,LACEE,3
3795,LADAN,3
3795,LADINA,3
3795,LADY,3
3795,LAETITIA,3
3795,LAICEY,3
3795,LAILAH,3
3795,LAINE,3
3795,LAKEIYA,3
3795,LAMEES,3
3795,LAMIS,3
3795,LAN,3
3795,LARAH,3
3795,LAREB,3
3795,LASHARNA,3
3795,LATESHA,3
3795,LATIYA,3
3795,LAURA-ANN,3
3795,LAURA-JO,3
3795,LAURA-ROSE,3
3795,LAURELL,3
3795,LAUREN-MARIE,3
3795,LAURENNE,3
3795,LAURI,3
3795,LAWREN,3
3795,LAYAH,3
3795,LAYLAH,3
3795,LEAH-JAYNE,3
3795,LEAH-MARIE,3
3795,LEANDER,3
3795,LEANDRA,3
3795,LEARNA,3
3795,LEEANNA,3
3795,LEELA,3
3795,LENINA,3
3795,LEONE,3
3795,LERRYN,3
3795,LEYA,3
3795,LEYAN,3
3795,LI,3
3795,LIBBI,3
3795,LILIE,3
3795,LILLIA,3
3795,LILY-MAE,3
3795,LILY-ROSE,3
3795,LIMARA,3
3795,LINDY,3
3795,LIV,3
3795,LOLITA,3
3795,LONI,3
3795,LORENA,3
3795,LORNA-JEAN,3
3795,LORRETTA,3
3795,LOTTY,3
3795,LOVEDAY,3
3795,LUANA,3
3795,LUCA,3
3795,LUCIANA,3
3795,LUCIANNE,3
3795,LUCIENNE,3
3795,LUCY-ELLEN,3
3795,LUCY-MAY,3
3795,LUISE,3
3795,LUIZA,3
3795,LYLA,3
3795,LYNNETTE,3
3795,LYNSAY,3
3795,MAARIYAAH,3
3795,MACAULEY,3
3795,MADALEINE,3
3795,MADIA,3
3795,MADIAH,3
3795,MADIE,3
3795,MADINA,3
3795,MADOKA,3
3795,MAGDALENE,3
3795,MAHAM,3
3795,MAHBUBA,3
3795,MAHEEN,3
3795,MAHSA,3
3795,MAIJA,3
3795,MAIMOONA,3
3795,MAISEY,3
3795,MAKALA,3
3795,MALEEHAH,3
3795,MALEHA,3
3795,MALI,3
3795,MALKY,3
3795,MAM,3
3795,MAMOONA,3
3795,MAMTA,3
3795,MAMUNA,3
3795,MAN,3
3795,MANA,3
3795,MANUELLA,3
3795,MANVIR,3
3795,MARAH,3
3795,MARAM,3
3795,MARCIE,3
3795,MAREEN,3
3795,MAREENA,3
3795,MAREYA,3
3795,MARIE-CLAIRE,3
3795,MARIEKE,3
3795,MARIEL,3
3795,MARIELLE,3
3795,MARIEM,3
3795,MARIETTE,3
3795,MARINE,3
3795,MARIYAMBIBI,3
3795,MARJORIE,3
3795,MARRISA,3
3795,MARYIA,3
3795,MARYKATE,3
3795,MARZIA,3
3795,MASOOMA,3
3795,MATAYA,3
3795,MATILDE,3
3795,MAURA,3
3795,MAYMUNA,3
3795,MAYOWA,3
3795,MAZIE,3
3795,MEADHBH,3
3795,MEADOW,3
3795,MEASHA,3
3795,MEGANNE,3
3795,MEHRUN,3
3795,MEI,3
3795,MELIHA,3
3795,MEMOONA,3
3795,MERIEM,3
3795,MERLE,3
3795,MERRISSA,3
3795,MEVISH,3
3795,MICHAL,3
3795,MICIA,3
3795,MICKAYLA,3
3795,MICKIE,3
3795,MIKAILA,3
3795,MIKALA,3
3795,MIKELA,3
3795,MIKKI,3
3795,MILDRED,3
3795,MILI,3
3795,MILICA,3
3795,MILLI,3
3795,MIREILLE,3
3795,MIREN,3
3795,MIRYAM,3
3795,MISBAAH,3
3795,MOBEEN,3
3795,MOLLIE-ANN,3
3795,MOMNA,3
3795,MONEEBA,3
3795,MONTANNA,3
3795,MORGANA,3
3795,MORGANNE,3
3795,MORGEN,3
3795,MOTUNRAYO,3
3795,MUNAZZA,3
3795,MUNEZA,3
3795,MUNIRA,3
3795,MURIAM,3
3795,MUSLIMA,3
3795,NAA,3
3795,NAAZISH,3
3795,NABAA,3
3795,NADHIA,3
3795,NADIAH,3
3795,NADINA,3
3795,NAGEENA,3
3795,NAHEEDA,3
3795,NAIRAH,3
3795,NAJLA,3
3795,NALA,3
3795,NAN,3
3795,NAOMIE,3
3795,NARA,3
3795,NARDIA,3
3795,NARGAS,3
3795,NASEERAH,3
3795,NASHRA,3
3795,NATALIJA,3
3795,NATALLIE,3
3795,NATASSIA,3
3795,NATASSJA,3
3795,NATHALIA,3
3795,NATHANIA,3
3795,NAVEEN,3
3795,NAYLA,3
3795,NAZMIYE,3
3795,NEENA,3
3795,NEETU,3
3795,NICHOLL,3
3795,NICKITA,3
3795,NICKOLA,3
3795,NIKEISHA,3
3795,NIKIA,3
3795,NIKKIA,3
3795,NILA,3
3795,NIMA,3
3795,NIMAH,3
3795,NIOMIE,3
3795,NOURIN,3
3795,NOUSHIN,3
3795,NURA,3
3795,NUSAYBA,3
3795,NUZHAT,3
3795,NYLA,3
3795,NYSSA,3
3795,OASIS,3
3795,OCEANNE,3
3795,OFURE,3
3795,OGECHI,3
3795,OLA,3
3795,OLUBUKOLA,3
3795,OLUFUNKE,3
3795,OLUFUNMILAYO,3
3795,OLUKEMI,3
3795,OLUMAYOWA,3
3795,OLUWANIFEMI,3
3795,OLUWASEYI,3
3795,OMARA,3
3795,OMNIA,3
3795,OMOTARA,3
3795,ONIKA,3
3795,OONA,3
3795,PAIGE-LOUISE,3
3795,PAIGE-MARIE,3
3795,PAITON,3
3795,PALWASHA,3
3795,PAOLA,3
3795,PARI,3
3795,PATSIE,3
3795,PAULINA,3
3795,PEACH,3
3795,PEBBLES,3
3795,PEMBE,3
3795,PHILIPA,3
3795,PORCHA,3
3795,PORCIA,3
3795,PORSCHE,3
3795,PORSHA,3
3795,PRABHJOT,3
3795,PRABJOT,3
3795,PREENA,3
3795,PRIA,3
3795,PRISCA,3
3795,QUDSIYAH,3
3795,RABIHA,3
3795,RABINA,3
3795,RACINE,3
3795,RAE-ANNE,3
3795,RAEVEN,3
3795,RAFAELLA,3
3795,RAFIAH,3
3795,RAFIAT,3
3795,RAHAT,3
3795,RAHEL,3
3795,RAHELA,3
3795,RAISA,3
3795,RAJPREET,3
3795,RAJVIR,3
3795,RAKHEE,3
3795,RAKHI,3
3795,RAMATU,3
3795,RAMONA,3
3795,RAMSHA,3
3795,RANDA,3
3795,RANEEM,3
3795,RANYA,3
3795,RAPHAELA,3
3795,RASHA,3
3795,RASHEDA,3
3795,RAYCHELLE,3
3795,RAYHANA,3
3795,RAYNE,3
3795,RAZAN,3
3795,REANN,3
3795,REBA,3
3795,REBECCA-MAY,3
3795,REBEKHA,3
3795,REISS,3
3795,REJWANA,3
3795,REMI-MAE,3
3795,RENEECE,3
3795,RENELLE,3
3795,RENIECE,3
3795,RENNA,3
3795,REYANNE,3
3795,RHEANN,3
3795,RHEANNON,3
3795,RHIANAN,3
3795,RHIANWEN,3
3795,RHIARNA,3
3795,RHOANNE,3
3795,RHONWEN,3
3795,RIDHI,3
3795,RIHANA,3
3795,RISAKO,3
3795,RISHIKA,3
3795,RIVER,3
3795,ROANNE,3
3795,ROBINA,3
3795,ROCHANA,3
3795,ROHAN,3
3795,ROHANNA,3
3795,ROJDA,3
3795,ROMESSA,3
3795,ROSETTA,3
3795,ROSHANA,3
3795,ROSHANI,3
3795,ROSIE-ANNE,3
3795,RUBEE,3
3795,RUBENA,3
3795,RUBI,3
3795,RUBIA,3
3795,RUBY-MAE,3
3795,RUHI,3
3795,RUKIA,3
3795,RUMA,3
3795,RUMAYSAH,3
3795,RUQAYYA,3
3795,RUZINA,3
3795,RYANNE,3
3795,RYLEY,3
3795,SAADIYAH,3
3795,SAANIA,3
3795,SAANYA,3
3795,SABANA,3
3795,SABBAH,3
3795,SABEEN,3
3795,SABIRA,3
3795,SABIYA,3
3795,SADIAH,3
3795,SADIKA,3
3795,SADIYYA,3
3795,SADUF,3
3795,SAEEDA,3
3795,SAFFIYA,3
3795,SAFFIYAH,3
3795,SAFIYE,3
3795,SAHANA,3
3795,SAHDIA,3
3795,SAIRISH,3
3795,SALEEMA,3
3795,SALIA,3
3795,SALIAH,3
3795,SALSABIL,3
3795,SAMAIRA,3
3795,SAMANTHA-JO,3
3795,SAMERAH,3
3795,SANDIP,3
3795,SANJANA,3
3795,SARA-JAYNE,3
3795,SARAH-ANN,3
3795,SARAH-ANNE,3
3795,SARAH-BETH,3
3795,SARAN,3
3795,SEANNA,3
3795,SEHREEN,3
3795,SELMA,3
3795,SENA,3
3795,SENAY,3
3795,SENNA,3
3795,SEREENA,3
3795,SEYEDEH,3
3795,SEZEN,3
3795,SHABNAZ,3
3795,SHAFAQ,3
3795,SHAHENA,3
3795,SHAHREEN,3
3795,SHAIKH,3
3795,SHAKERA,3
3795,SHAMA,3
3795,SHAMEKA,3
3795,SHAMILLA,3
3795,SHAMINA,3
3795,SHAMYLA,3
3795,SHAN,3
3795,SHANAYA,3
3795,SHANE,3
3795,SHANEEN,3
3795,SHANEICE,3
3795,SHANELLA,3
3795,SHANNON-PAIGE,3
3795,SHANTAE,3
3795,SHANTAY,3
3795,SHANZA,3
3795,SHARANDEEP,3
3795,SHAUNA-LEIGH,3
3795,SHAUNAH,3
3795,SHAVONNE,3
3795,SHAYDA,3
3795,SHAYMA,3
3795,SHAYNE,3
3795,SHAZEDA,3
3795,SHAZMA,3
3795,SHEEMA,3
3795,SHEHNAZ,3
3795,SHELLIE,3
3795,SHEMA,3
3795,SHENEECE,3
3795,SHENIECE,3
3795,SHENIZ,3
3795,SHERALYN,3
3795,SHERENA,3
3795,SHERIDEN,3
3795,SHERIE,3
3795,SHERISE,3
3795,SHERISH,3
3795,SHEVAUN,3
3795,SHEVONNE,3
3795,SHIAN,3
3795,SHIANE,3
3795,SHIMA,3
3795,SHINADE,3
3795,SHIR,3
3795,SHIRA,3
3795,SHOLA,3
3795,SHONNA,3
3795,SHREENA,3
3795,SHRUTI,3
3795,SHYMA,3
3795,SHYRA,3
3795,SIAN-LOUISE,3
3795,SIANN,3
3795,SIANNE,3
3795,SIDDIQA,3
3795,SIDDRA,3
3795,SILAN,3
3795,SILKE,3
3795,SIMARDEEP,3
3795,SIMRIT,3
3795,SIMRON,3
3795,SIOBHAIN,3
3795,SIONA,3
3795,SIRAD,3
3795,SIRI,3
3795,SITA,3
3795,SIUBHAN,3
3795,SKYLA,3
3795,SOBIYA,3
3795,SOFI,3
3795,SOLVEIG,3
3795,SONAH,3
3795,SONAY,3
3795,SOPHI,3
3795,SOPHIE-JANE,3
3795,SOPHIE-MAY,3
3795,SORRELL,3
3795,SOUMIA,3
3795,STACEY-LEIGH,3
3795,STEFFANI,3
3795,STEPHANIA,3
3795,STEPHANNIE,3
3795,STEVIE-LOUISE,3
3795,SUE,3
3795,SUK,3
3795,SUKAINA,3
3795,SUKHJINDER,3
3795,SUKHVEER,3
3795,SULTAN,3
3795,SUMBUL,3
3795,SUMEYYE,3
3795,SUMIA,3
3795,SUMIYA,3
3795,SUMIYYAH,3
3795,SUMMER-LOUISE,3
3795,SUNAINA,3
3795,SUNDEEP,3
3795,SUNYA,3
3795,SURAIYA,3
3795,SURINA,3
3795,SUSANA,3
3795,SWETA,3
3795,SYDNEE,3
3795,SYDNI,3
3795,SYLVANA,3
3795,SYRAH,3
3795,TAEGAN,3
3795,TAHIBA,3
3795,TAHMIDA,3
3795,TAIA,3
3795,TAKARA,3
3795,TALEAH,3
3795,TALESHA,3
3795,TALITA,3
3795,TALIYA,3
3795,TAMEKA,3
3795,TAMIEKA,3
3795,TANGINA,3
3795,TANJILA,3
3795,TANJINA,3
3795,TANYSHA,3
3795,TANZINA,3
3795,TAOMI,3
3795,TARA-LEIGH,3
3795,TARANA,3
3795,TARREN,3
3795,TASARLA,3
3795,TASIA,3
3795,TASLEEM,3
3795,TASLEEMA,3
3795,TASMIYAH,3
3795,TASSNEEM,3
3795,TATJANA,3
3795,TAWANA,3
3795,TAWNY,3
3795,TAYMAR,3
3795,TEDDY,3
3795,TEHYA,3
3795,TEMIDAYO,3
3795,TEQUILA,3
3795,TERENA,3
3795,TERI-ANN,3
3795,TERIANNE,3
3795,TERRI-LEE,3
3795,TERRIANNE,3
3795,TERTIA,3
3795,THAMANNA,3
3795,THAMEENA,3
3795,THANDIWE,3
3795,THU,3
3795,THULASI,3
3795,TIERA,3
3795,TIFFINY,3
3795,TILLEY,3
3795,TIRIAN,3
3795,TITILOPE,3
3795,TOBY,3
3795,TOMIKA,3
3795,TOPAZ,3
3795,TOYIN,3
3795,TRIONA,3
3795,TRISHNA,3
3795,TULAY,3
3795,TUNISHA,3
3795,TYANNA,3
3795,TYLAR,3
3795,TYLER-MARIE,3
3795,TZIPPORAH,3
3795,TZIVIA,3
3795,ULRIKA,3
3795,UMAYMAH,3
3795,UMMA,3
3795,UMMAY,3
3795,UNITY,3
3795,USHBA,3
3795,VADA,3
3795,VALENCIA,3
3795,VANDANA,3
3795,VANYA,3
3795,VARINDER,3
3795,VASILIKI,3
3795,VINCENZA,3
3795,VINISHA,3
3795,VINITA,3
3795,VISHALI,3
3795,WAN,3
3795,WARDAH,3
3795,WILHELMINA,3
3795,WILHEMINA,3
3795,WIN,3
3795,XANTIA,3
3795,YAN,3
3795,YAREN,3
3795,YELDA,3
3795,YELENA,3
3795,YELIZ,3
3795,YEN,3
3795,YESIM,3
3795,YING,3
3795,YOLANDE,3
3795,YURI,3
3795,ZAAKIRAH,3
3795,ZAHEDA,3
3795,ZAIB,3
3795,ZAIBA,3
3795,ZAKIRA,3
3795,ZANAB,3
3795,ZARA-LOUISE,3
3795,ZAYLIE,3
3795,ZEYNAB,3
3795,ZIGGY,3
3795,ZIPPORAH,3
3795,ZOE-ANN,3
3795,ZOE-MARIE,3
3795,ZUBAIDA,3
3795,ZUHA,3
3795,ZUNERA,3