Rank,Name,Count
1,CHLOE,7745
2,EMILY,6616
3,SOPHIE,6311
4,JESSICA,6090
5,MEGAN,5724
6,HANNAH,5581
7,CHARLOTTE,5531
8,LAUREN,5529
9,REBECCA,5514
10,GEORGIA,4908
11,AMY,4666
12,LUCY,4235
13,EMMA,4126
14,BETHANY,4074
15,KATIE,3864
16,SHANNON,3640
17,LAURA,2937
18,COURTNEY,2812
19,OLIVIA,2789
20,ELEANOR,2747
21,MOLLY,2628
22,SARAH,2613
23,HOLLY,2584
24,ABIGAIL,2570
25,JADE,2538
26,ALICE,2259
27,ELLIE,2202
28,RACHEL,2120
29,DANIELLE,2069
30,ELIZABETH,1892
31,ZOE,1784
32,PAIGE,1703
33,GEORGINA,1700
34,VICTORIA,1650
35,CHELSEA,1649
36,LEAH,1605
37,NICOLE,1569
38,SAMANTHA,1552
39,NATASHA,1500
40,AMBER,1490
40,ANNA,1490
42,GRACE,1440
43,ALEXANDRA,1381
44,ELLA,1300
45,LOUISE,1283
46,CAITLIN,1215
47,MELISSA,1180
48,JASMINE,1154
49,AMELIA,1145
50,KAYLEIGH,1140
51,NATALIE,1138
52,STEPHANIE,1115
53,KATHERINE,1077
54,PHOEBE,1071
55,ABBIE,1067
56,LYDIA,1062
57,GEMMA,1053
58,JODIE,1021
59,HARRIET,1000
60,FRANCESCA,975
61,AIMEE,968
62,JENNIFER,938
63,KIRSTY,898
64,KATE,892
65,HAYLEY,877
66,ELLEN,866
67,HOLLIE,858
68,ASHLEIGH,857
68,DAISY,857
70,ROSIE,818
71,ALISHA,816
72,SIAN,760
73,BETHAN,750
74,CATHERINE,736
75,LILY,721
76,MOLLIE,677
77,ISOBEL,651
78,HEATHER,645
79,RACHAEL,643
80,DEMI,633
81,YASMIN,628
82,KELLY,621
83,KATHRYN,619
84,ALICIA,606
85,NAOMI,603
86,NIAMH,591
86,RHIANNON,591
88,MILLIE,584
89,MIA,583
90,ROBYN,568
91,SOPHIA,566
92,CHANTELLE,557
93,KIMBERLEY,551
94,IMOGEN,548
95,MADELEINE,540
96,BETH,536
97,ERIN,532
98,GABRIELLE,527
99,TIA,525
100,ISABELLE,509
101,NICOLA,506
102,CHARLIE,501
103,JORDAN,486
104,RUBY,485
105,KELSEY,476
105,LEANNE,476
107,ISABELLA,470
108,ISABEL,468
108,POPPY,468
110,REBEKAH,462
111,TARA,454
112,TIFFANY,451
113,FREYA,450
114,CLAIRE,439
115,CASEY,438
116,TAYLOR,436
117,MAISIE,433
118,MARY,424
119,ANNIE,423
120,ANNABEL,418
121,MARIA,405
122,JEMMA,401
122,LOIS,401
124,EVE,392
125,ELOISE,388
125,FAYE,388
125,TONI,388
128,HELEN,383
129,KATY,377
130,SARA,373
131,STACEY,364
132,SASHA,361
133,BRITTANY,358
134,SHAUNA,356
135,AISHA,351
136,CIARA,347
137,TAMARA,341
138,CLAUDIA,338
139,BRYONY,334
140,ELLE,330
140,MORGAN,330
140,RUTH,330
143,LISA,329
144,ELISE,323
145,MICHAELA,321
146,LARA,319
147,JOANNA,317
148,JENNA,315
149,ELISHA,314
150,NIKITA,312
151,SHELBY,309
152,CHARLEY,301
153,INDIA,299
154,JASMIN,298
155,DANIELLA,297
156,CARA,292
157,KERRY,291
158,KIRA,289
158,ZARA,289
160,BROOKE,282
160,FIONA,282
162,HELENA,279
162,SIOBHAN,279
164,MARTHA,277
165,ABBEY,274
166,RHIANNA,271
167,PHILIPPA,270
168,JOSEPHINE,269
169,GABRIELLA,267
170,NADIA,266
171,ABBY,264
172,SALLY,263
173,JEMIMA,259
174,SUMMER,258
175,FLORENCE,257
176,KIERA,252
177,MATILDA,250
178,ANNABELLE,249
179,ALEX,247
180,APRIL,243
181,FFION,242
181,FRANCES,242
181,SABRINA,242
184,HOPE,233
184,LOUISA,233
186,CARLA,230
186,KATRINA,230
186,SASKIA,230
186,SAVANNAH,230
190,SINEAD,229
191,CARLY,228
191,KEELEY,228
191,SIMRAN,228
194,ESTHER,225
195,ANTONIA,224
195,SAFFRON,224
197,LORNA,223
198,MICHELLE,222
199,AYESHA,220
200,ROSE,216
201,ALANA,215
202,CAROLINE,212
202,ELENA,212
204,SCARLETT,206
205,AMIE,205
206,EBONY,204
206,MADELINE,204
208,KIRSTEN,202
208,MADISON,202
210,DANA,201
211,ASHLEY,200
211,MARYAM,200
211,SHONA,200
214,CHRISTINA,197
215,JAMIE,195
215,SADIE,195
217,EVIE,193
217,NINA,193
219,FATIMA,192
219,HEIDI,192
221,LIBBY,191
222,CARYS,189
223,JOANNE,186
224,CLARE,184
225,SHANICE,181
226,AMANDA,180
226,POLLY,180
226,SKYE,180
229,MAYA,176
230,KARA,175
231,EVA,174
231,JOSIE,174
231,JULIA,174
234,BILLIE,173
234,DEANNA,173
236,ANASTASIA,172
236,CHELSEY,172
236,EDEN,172
236,GEORGIE,172
240,EMILIA,169
241,SOFIA,167
242,TEGAN,166
242,TYLER,166
244,TANYA,162
245,TABITHA,161
246,CHELSIE,160
247,ESME,158
247,LUCIE,158
247,ROISIN,158
250,SERENA,156
251,CONNIE,154
251,ELIZA,154
251,IONA,154
251,JESSIE,154
251,ZAINAB,154
256,LIBERTY,153
256,ZAHRA,153
258,KATHARINE,152
258,PARIS,152
260,FAITH,150
260,MELANIE,150
262,BROGAN,149
263,LAYLA,145
263,VANESSA,145
265,RHIAN,144
266,ADELE,142
266,ANISA,142
268,ALISON,140
268,MARIAM,140
268,TAYLA,140
271,AMINA,139
271,BEATRICE,139
271,NADINE,139
274,MONICA,138
275,COURTENEY,137
275,ELLIS,137
277,LUCINDA,136
277,NIA,136
279,ROSEMARY,135
280,KEIRA,131
281,KIRAN,129
281,TAMSIN,129
283,AALIYAH,128
283,ANGEL,128
283,ROCHELLE,128
286,MEGHAN,127
286,RIA,127
288,ELINOR,126
288,KATHLEEN,126
288,MADDISON,126
288,MONIQUE,126
292,EMILIE,125
292,SYEDA,125
294,MIRIAM,124
294,VERITY,124
296,BETHANIE,123
296,KYRA,123
298,ANYA,122
298,FERN,122
300,DARCY,121
300,MARIE,121
300,TILLY,121
303,LOWRI,120
304,BECKY,119
304,KIRSTIE,119
306,SANA,118
307,ALYSHA,117
307,IQRA,117
307,LUCIA,117
310,LEONIE,116
311,FLORA,115
311,PRIYA,115
311,SIMONE,115
311,YASMINE,115
315,TANISHA,112
316,AYSHA,111
316,CERYS,111
316,HAZEL,111
319,CLARA,110
319,DOMINIQUE,110
319,ROSANNA,110
319,SELINA,110
323,KEELY,107
323,MILLICENT,107
325,CHANEL,105
325,HALIMA,105
325,LEIGH,105
325,SHARNA,105
329,ELLENA,104
329,NANCY,104
329,RENEE,104
332,CONSTANCE,103
332,JENNY,103
332,MILLY,103
335,BONNIE,102
336,BRIONY,101
336,ERICA,101
338,CRYSTAL,100
338,DEBORAH,100
338,SONIA,100
338,SYDNEY,100
342,CELINE,99
342,SHIVANI,99
344,FELICITY,98
344,NATALIA,98
346,LACEY,97
346,RHEA,97
346,WHITNEY,97
349,HARLEY,96
350,CORAL,95
350,KAITLIN,95
350,KAYLEY,95
353,CAPRICE,94
353,SADIA,94
355,TERRI,93
356,SUSANNAH,92
357,ALANNAH,91
357,CASSIE,91
357,CATRIN,91
357,CERI,91
357,KENNEDY,91
362,ANGHARAD,90
362,AOIFE,90
362,DEVON,90
362,JODI,90
362,LOREN,90
367,RHIANNE,89
367,RIANNA,89
369,ALEXANDRIA,88
369,ROXANNE,88
371,CODY,87
371,LEILA,87
371,TONICHA,87
374,ANISHA,86
374,BRONTE,86
374,DIONNE,86
377,ALIX,85
377,ANDREA,85
377,TIEGAN,85
380,DANNIELLE,84
380,ISLA,84
380,LANA,84
383,EVANGELINE,83
383,HANNA,83
383,MIRANDA,83
383,SALMA,83
387,ATLANTA,82
387,DANNI,82
387,FLEUR,82
387,HALEEMA,82
387,ROSA,82
392,ABBI,81
392,CHANELLE,81
392,CHRISTIE,81
392,KIA,81
396,AISHAH,80
396,ALIYAH,80
396,CARRIE,80
396,JANE,80
396,ORLA,80
401,CHRISTINE,79
401,HONOR,79
401,MARGARET,79
404,BRIDIE,78
404,CAITLYN,78
404,DAYNA,78
404,ELISABETH,78
404,EVELYN,78
409,DIANA,77
409,FAY,77
409,KIMBERLY,77
409,STEVIE,77
413,HENNA,76
414,ANEESA,75
414,KELSIE,75
416,CARMEN,74
416,JACQUELINE,74
418,CASSANDRA,73
418,HAFSA,73
418,LILLY,73
418,TAMMY,73
422,DARCIE,72
422,KIM,72
422,TESSA,72
425,ALEENA,71
425,BILLIE-JO,71
425,CATRIONA,71
425,SABAH,71
429,ALINA,70
429,ANISAH,70
429,CHARMAINE,70
429,TALIA,70
433,AUTUMN,69
433,ELYSIA,69
433,HANA,69
433,KARLA,69
433,LILLIE,69
433,THEA,69
439,BRONWYN,68
439,NIKKI,68
439,ROWAN,68
439,TERI,68
443,CLARISSA,67
443,LAURYN,67
445,DEMI-LEIGH,66
445,GENEVIEVE,66
445,HAYLEIGH,66
445,SANAH,66
449,ASHA,65
449,CHARLENE,65
449,JOY,65
449,JULIETTE,65
449,KAYLA,65
449,LEONA,65
449,SCARLET,65
456,ANGELA,64
456,LINDSEY,64
456,MAIA,64
456,TYRA,64
460,ERIKA,63
460,LOLA,63
460,MARIAH,63
460,MARNIE,63
460,STACIE,63
460,TANIA,63
466,ANNE,62
466,JAMIE-LEE,62
466,KAREN,62
466,KERRI,62
466,TORI,62
471,FARAH,61
471,MARINA,61
473,JODY,60
473,LEVI,60
473,LIA,60
473,SACHA,60
473,SAIMA,60
478,CHIARA,59
478,CODIE,59
478,JULIE,59
478,LARISSA,59
478,LAURIE,59
478,RIO,59
484,ANNALISE,58
484,CHARIS,58
484,ELIN,58
484,KHADIJA,58
484,MANISHA,58
489,BOBBIE,57
489,ELLIE-MAY,57
489,ISOBELLE,57
489,JAZMIN,57
489,KRISTINA,57
489,MEG,57
489,SAPPHIRE,57
496,AISLING,56
496,JULIET,56
496,KERRIE,56
496,PATRICIA,56
500,AVA,55
500,BRIDGET,55
500,CHERIE,55
500,EMMA-LOUISE,55
500,KAITLYN,55
500,SUZANNE,55
506,ALYSSA,54
506,AMI,54
506,CHANTEL,54
506,HENRIETTA,54
506,HUMAIRA,54
506,IRAM,54
506,PENNY,54
506,REGAN,54
506,SAFIA,54
515,ARABELLA,53
515,IMAN,53
515,KASEY,53
518,ALEXIS,52
518,KITTY,52
520,ALANNA,51
520,CHEYENNE,51
520,DANIELA,51
520,FARHANA,51
520,FARZANA,51
520,SEREN,51
520,TALLULAH,51
527,ABBIGAIL,50
527,ANIKA,50
527,BIANCA,50
527,CAMILLA,50
527,LEIA,50
527,LOTTIE,50
527,SUSAN,50
527,TASMIN,50
527,TASNIM,50
536,ANITA,49
536,CLEO,49
536,EMELIA,49
536,HAFSAH,49
536,JAIME,49
536,KAYA,49
536,MADELAINE,49
536,MEERA,49
536,SKY,49
545,FRANKIE,48
545,GINA,48
545,IKRA,48
545,KELLIE,48
545,KIAH,48
545,MAY,48
551,AILISH,47
551,BRONWEN,47
551,CANDICE,47
551,DONNA,47
551,KARINA,47
551,MAISY,47
551,MARIANNE,47
551,MERCEDES,47
551,PRIYANKA,47
551,ROBERTA,47
551,SADE,47
551,SAIRA,47
551,SAMIRA,47
551,SUZANNAH,47
565,BRODIE,46
565,KAYLEE,46
565,KYLIE,46
565,MEREDITH,46
565,SHARON,46
565,SHELLEY,46
571,ANA,45
571,ELSPETH,45
571,FAHIMA,45
571,FAHMIDA,45
571,JAZMINE,45
571,JUSTINE,45
571,MELODY,45
571,ROSHNI,45
571,ROWENA,45
571,SAVANNA,45
571,TAMIKA,45
571,TEIGAN,45
571,TIANNA,45
571,TINA,45
585,ALEXIA,44
585,ALYS,44
585,ENYA,44
585,JOHANNA,44
585,KARIS,44
585,KEZIA,44
585,KHADIJAH,44
585,KIRBY,44
585,LAILA,44
585,REMI,44
585,SHAUNNA,44
585,SORCHA,44
585,STELLA,44
598,KARISHMA,43
598,KAY,43
598,KEZIAH,43
598,MAE,43
598,MARISSA,43
598,ROSALIND,43
604,CAMILLE,42
604,DREW,42
604,FATIMAH,42
604,JAMIE-LEIGH,42
604,KRISTY,42
604,LINDSAY,42
604,MICA,42
604,NISHA,42
604,RABIA,42
604,SABA,42
604,SHANNAN,42
604,THERESA,42
604,TIANA,42
604,ZAYNAB,42
618,CELIA,41
618,DARCEY,41
618,DION,41
618,LEYLA,41
618,LILLIAN,41
618,NATALYA,41
618,ROSEANNA,41
618,SABINA,41
618,TAYLER,41
618,TIERNEY,41
618,TYLA,41
629,ADRIENNE,40
629,AMY-LOUISE,40
629,CARLEY,40
629,JAYDE,40
629,LENA,40
629,LEONI,40
629,NAZIA,40
629,STACY,40
629,VICKY,40
638,EILISH,39
638,JAYNE,39
638,LINDA,39
638,NEELAM,39
638,SAFA,39
638,TAMANNA,39
638,YAZMIN,39
645,AMIEE,38
645,AMIRAH,38
645,ANNE-MARIE,38
645,ASHTON,38
645,COLETTE,38
645,ELLIE-MAE,38
645,ELSIE,38
645,LIANNE,38
645,LYNDSEY,38
645,SAARAH,38
645,SANNA,38
645,UZMA,38
645,YASEMIN,38
658,AILSA,37
658,ALANIS,37
658,CHANTE,37
658,DAVINA,37
658,JORDANNE,37
658,KYLA,37
658,MADDIE,37
658,MAGGIE,37
658,MARIYA,37
658,PAULA,37
658,SAMIA,37
658,SHANNEN,37
658,TAHMINA,37
658,TERESA,37
672,AINE,36
672,ALANAH,36
672,AMINAH,36
672,ANEESAH,36
672,ANN,36
672,BAILEY,36
672,CLOE,36
672,DESTINY,36
672,ELLISE,36
672,KATERINA,36
672,KEISHA,36
672,KERI,36
672,KRISTEN,36
672,OCEAN,36
672,REANNE,36
672,RIANNE,36
672,TASHA,36
689,ALIYA,35
689,AMIRA,35
689,ASHLEA,35
689,CAITLAN,35
689,CHARLEE,35
689,CORINNE,35
689,JORJA,35
689,KAJAL,35
689,NEVE,35
689,POOJA,35
689,REBEKKA,35
689,SARAH-JANE,35
689,SHOLA,35
689,SIDRA,35
689,TASNEEM,35
689,TESS,35
705,ALEXA,34
705,AMAL,34
705,AMNA,34
705,BERNADETTE,34
705,CHANTAL,34
705,ESTELLE,34
705,GIORGIA,34
705,HARMONY,34
705,KATARINA,34
705,KRISTIE,34
705,LUISA,34
705,MAARIYAH,34
705,NEHA,34
705,NICHOLA,34
705,PAISLEY,34
705,SHANTELLE,34
721,ADELAIDE,33
721,AMARA,33
721,ASMA,33
721,CHARLY,33
721,ELEN,33
721,ELERI,33
721,FARRAH,33
721,KATELYN,33
721,KRYSTAL,33
721,LEA,33
721,LEANNA,33
721,LILIAN,33
721,MARTINA,33
721,SHANIA,33
721,TARYN,33
736,AQSA,32
736,ASHLEE,32
736,ELENI,32
736,ELLESSE,32
736,ELSA,32
736,GRACIE,32
736,JAMILA,32
736,JASPREET,32
736,MAEVE,32
736,MAXINE,32
736,PHILLIPPA,32
736,SANDRA,32
736,SAOIRSE,32
736,SUSANNA,32
750,ABI,31
750,ALEISHA,31
750,ALIA,31
750,ANGELICA,31
750,CECILIA,31
750,CHANICE,31
750,CHERISE,31
750,DAWN,31
750,HUMAYRA,31
750,MARISA,31
750,NAIMA,31
750,NATHALIE,31
750,PENELOPE,31
750,REANNA,31
750,SHAKIRA,31
750,SHERIDAN,31
750,SUMAYYAH,31
750,SUZANNA,31
750,ZAYNAH,31
750,ZHANE,31
770,ALESSANDRA,30
770,AMRITA,30
770,AYLA,30
770,CALLIE,30
770,CHRISTIANA,30
770,COLLEEN,30
770,DEMI-LEE,30
770,EMMIE,30
770,LESLEY,30
770,LINA,30
770,MACKENZIE,30
770,MANON,30
770,MONTANA,30
770,NAFISA,30
770,PHILLIPA,30
770,PRISCILLA,30
770,RAHIMA,30
770,RIYA,30
770,SARAH-LOUISE,30
789,ANAM,29
789,ANN-MARIE,29
789,BELINDA,29
789,CHARLEIGH,29
789,CHRISTY,29
789,CORRIE,29
789,FAIZA,29
789,GEORGIANA,29
789,HABIBA,29
789,HERMIONE,29
789,RADHIKA,29
789,RAE,29
789,RHIANN,29
789,SHARMIN,29
803,ABIDA,28
803,AMRIT,28
803,ANUM,28
803,BRIANNA,28
803,DANIKA,28
803,DENISE,28
803,KEELEIGH,28
803,KIRSTIN,28
803,LILI,28
803,MANPREET,28
803,MISBAH,28
803,MOESHA,28
803,PEYTON,28
803,SAMARA,28
803,SAMINA,28
803,SHANI,28
803,TAYA,28
820,ARIANNE,27
820,ATHENA,27
820,BIBI,27
820,CARLIE,27
820,CASSIDY,27
820,CHYNA,27
820,DANI,27
820,EILIDH,27
820,GURPREET,27
820,HARRIETT,27
820,JANINE,27
820,JOCELYN,27
820,JORDANNA,27
820,KELSEA,27
820,KIRI,27
820,MAIREAD,27
820,MARI,27
820,MATHILDA,27
820,MISHA,27
820,PIA,27
820,SANAA,27
820,SHANA,27
820,SHELBIE,27
820,SOMMER,27
820,SOPHIE-LOUISE,27
820,STORM,27
820,TALITHA,27
820,TRACY,27
820,WENDY,27
820,XANTHE,27
850,ALESHA,26
850,AMMAARAH,26
850,ANGELINA,26
850,ASIA,26
850,BEVERLEY,26
850,BROOKLYN,26
850,CHANDNI,26
850,CLARICE,26
850,CRISTINA,26
850,DANICA,26
850,ELAINE,26
850,ELLISHA,26
850,ELOUISE,26
850,FALLON,26
850,HARPREET,26
850,ISIS,26
850,JOELY,26
850,MARIELLA,26
850,MASUMA,26
850,NICHOLE,26
850,NUR,26
850,SELIN,26
850,VERONICA,26
850,YVONNE,26
874,ABIGALE,25
874,ABIGAYLE,25
874,AGNES,25
874,COLLETTE,25
874,DANNIELLA,25
874,ELLI,25
874,ELYSE,25
874,EMMY,25
874,GILLIAN,25
874,HAJRA,25
874,HARRIETTE,25
874,ISHA,25
874,JUDITH,25
874,KATIE-LOUISE,25
874,KENDAL,25
874,KOMAL,25
874,LISA-MARIE,25
874,NIKKITA,25
874,NUALA,25
874,PIPPA,25
874,REEMA,25
874,ROSEANNE,25
874,TAMERA,25
897,ALEESHA,24
897,ALYX,24
897,ANJALI,24
897,AYSE,24
897,BOBBI,24
897,BUSHRA,24
897,CAROL,24
897,CLODAGH,24
897,COURTNIE,24
897,DOROTHY,24
897,ELISA,24
897,ELLICE,24
897,HANIFA,24
897,KADIE,24
897,KAVITA,24
897,MELISA,24
897,NOOR,24
897,PAMELA,24
897,PORTIA,24
897,PRECIOUS,24
897,REMY,24
897,RHIA,24
897,ROSALIE,24
897,ROSINA,24
897,SAFIYYAH,24
897,SORAYA,24
897,TONISHA,24
897,VIOLET,24
897,XENA,24
926,AAMINAH,23
926,AMANI,23
926,BETHANEY,23
926,CAOIMHE,23
926,CHERYL,23
926,DEBBIE,23
926,ELLENOR,23
926,FATMA,23
926,GLORIA,23
926,HUMERA,23
926,JAY,23
926,JOYCE,23
926,KIRANDEEP,23
926,LORI,23
926,NAFEESA,23
926,NIMRA,23
926,RACHELLE,23
926,SHEENA,23
926,TASLIMA,23
926,TATIANA,23
946,AFSANA,22
946,ALISHIA,22
946,ANIQA,22
946,AYISHA,22
946,CARINA,22
946,CLEMENTINE,22
946,CYDNEY,22
946,DULCIE,22
946,EMILEE,22
946,GABRIELA,22
946,GWEN,22
946,HALEY,22
946,HEBE,22
946,HINA,22
946,HUMAIRAA,22
946,JADA,22
946,JAYE,22
946,JESSE,22
946,JORDANA,22
946,LEENA,22
946,LORETTA,22
946,LUCI,22
946,MAISHA,22
946,MARED,22
946,MARIANNA,22
946,NAZIFA,22
946,OPHELIA,22
946,PEARL,22
946,RUKHSAR,22
946,SHAMIMA,22
946,SIDRAH,22
946,SOFIE,22
946,SONYA,22
946,TIAH,22
946,YASMEEN,22
946,ZAHRAH,22
946,ZENA,22
983,ADELLE,21
983,ALESSIA,21
983,ARIANA,21
983,BONITA,21
983,CAMERON,21
983,CECILY,21
983,CHARLI,21
983,DIANE,21
983,DINA,21
983,ELISSA,21
983,ELLEANOR,21
983,ELLESHA,21
983,ELLY,21
983,EMMELINE,21
983,GERALDINE,21
983,HEENA,21
983,HOLLI,21
983,JO,21
983,LAUREL,21
983,LETITIA,21
983,MALI,21
983,MONIKA,21
983,MORWENNA,21
983,NABILA,21
983,NISHAT,21
983,REA,21
983,SAFIYA,21
983,SHELLY,21
983,SIANA,21
983,TAMZIN,21
983,URSULA,21
983,WILLOW,21
1015,AAMINA,20
1015,ADRIANA,20
1015,AIYSHA,20
1015,ALLANA,20
1015,ANAIS,20
1015,BELLA,20
1015,CALLY,20
1015,CINDY,20
1015,CORTNEY,20
1015,DEANNE,20
1015,DIVYA,20
1015,ELICIA,20
1015,ELYSHA,20
1015,JAIMEE,20
1015,KATEY,20
1015,KIARA,20
1015,KLOE,20
1015,LAURAN,20
1015,LORRAINE,20
1015,MAARIYA,20
1015,MIKAYLA,20
1015,OCTAVIA,20
1015,PATSY,20
1015,POLLYANNA,20
1015,ROMANA,20
1015,SAMIHA,20
1015,TEMPANY,20
1015,VALENTINA,20
1015,VICKI,20
1015,YOLANDA,20
1045,ADINA,19
1045,ALYSSIA,19
1045,AMANDEEP,19
1045,AMBA,19
1045,AROOSA,19
1045,BARBARA,19
1045,CELESTE,19
1045,CHRISTABEL,19
1045,DEANA,19
1045,FARJANA,19
1045,IESHA,19
1045,JACINTA,19
1045,JANET,19
1045,KAISHA,19
1045,KIANA,19
1045,LAVINIA,19
1045,LEIGHA,19
1045,LILLI,19
1045,MARIYAH,19
1045,MUNA,19
1045,POPPIE,19
1045,RACHEAL,19
1045,RAEESA,19
1045,REAGAN,19
1045,RIKKI,19
1045,ROMY,19
1045,SHANIE,19
1045,TAMSYN,19
1045,ZOYA,19
1074,ALISSA,18
1074,ALYSHIA,18
1074,ANNEKA,18
1074,BEATRIX,18
1074,BERNICE,18
1074,CARMEL,18
1074,CHARITY,18
1074,CHAYA,18
1074,CORA,18
1074,EILIS,18
1074,ELEISHA,18
1074,ELISHIA,18
1074,EMILY-JANE,18
1074,FRANCINE,18
1074,GIULIA,18
1074,GWENLLIAN,18
1074,IKRAH,18
1074,IMANI,18
1074,INES,18
1074,IQRAH,18
1074,JACKIE,18
1074,JOELLE,18
1074,KACEY,18
1074,KAJOL,18
1074,KATYA,18
1074,KAYCEE,18
1074,KRISTA,18
1074,LATISHA,18
1074,LUCILLE,18
1074,MAISEY,18
1074,MARCIA,18
1074,MARIUM,18
1074,MIKAELA,18
1074,NANA,18
1074,NEAVE,18
1074,NORA,18
1074,PRINCESS,18
1074,REECE,18
1074,RIMA,18
1074,ROSEMARIE,18
1074,RUMANA,18
1074,SAHAR,18
1074,SAMEERA,18
1074,SAMIRAH,18
1074,SAMIYA,18
1074,SHAUNAGH,18
1074,SHAUNIE,18
1074,SHRIYA,18
1074,SYLVIA,18
1074,TABATHA,18
1074,ZAHRAA,18
1074,ZENAB,18
1126,AAMNA,17
1126,AIMIE,17
1126,AISLINN,17
1126,AMBREEN,17
1126,AMREEN,17
1126,ANEEKA,17
1126,ANNABELLA,17
1126,ASTRID,17
1126,BRENNA,17
1126,BRIA,17
1126,CARI,17
1126,CHERRY,17
1126,CHEYANNE,17
1126,CHRYSTAL,17
1126,ELANA,17
1126,ELIF,17
1126,FELICIA,17
1126,FENELLA,17
1126,FIONNUALA,17
1126,HAMIDA,17
1126,HESTER,17
1126,ISOBELLA,17
1126,JAYA,17
1126,KAI,17
1126,KAYLIE,17
1126,KOURTNEY,17
1126,LIBBIE,17
1126,LYNSEY,17
1126,MARIYAM,17
1126,MEHREEN,17
1126,MEHVISH,17
1126,NAILA,17
1126,NAKITA,17
1126,NAZISH,17
1126,PATRICE,17
1126,RAVEENA,17
1126,RIMSHA,17
1126,SABIHA,17
1126,SAFINA,17
1126,SAHRA,17
1126,SANYA,17
1126,SHAI,17
1126,SIENNA,17
1126,STARR,17
1126,STEFANIE,17
1126,SUMAYA,17
1126,TASNIA,17
1126,TAZMIN,17
1126,TEAGAN,17
1126,YUSRA,17
1176,ALISA,16
1176,ALLIYAH,16
1176,ALYCIA,16
1176,AMMARA,16
1176,AMMARAH,16
1176,AMY-JANE,16
1176,AMY-LEIGH,16
1176,ANNA-LOUISE,16
1176,AURORA,16
1176,BRONAGH,16
1176,CARAGH,16
1176,CARRIE-ANNE,16
1176,CATRINA,16
1176,CHERELLE,16
1176,CICELY,16
1176,CIERA,16
1176,FAIZAH,16
1176,FARIHA,16
1176,GRETA,16
1176,HAILEY,16
1176,HALEEMAH,16
1176,HARLEIGH,16
1176,HUSNA,16
1176,IONE,16
1176,JAIMIE,16
1176,JANELLE,16
1176,JORDEN,16
1176,KARLY,16
1176,KATHRINE,16
1176,KENYA,16
1176,KRISTIN,16
1176,LUBNA,16
1176,MAARIA,16
1176,MARWA,16
1176,NAIMAH,16
1176,NAZMIN,16
1176,NELL,16
1176,NIKISHA,16
1176,RAVEN,16
1176,REEM,16
1176,RHEANNA,16
1176,RICKI,16
1176,ROMANY,16
1176,SAMERA,16
1176,SEHRISH,16
1176,SHABNAM,16
1176,SHARNIE,16
1176,SHAYE,16
1176,SHEREEN,16
1176,STAR,16
1176,SUMAIYAH,16
1176,TAHLIA,16
1176,THALIA,16
1176,TILLIE,16
1176,VENETIA,16
1176,VIENNA,16
1176,ZARAH,16
1176,ZOEY,16
1234,ADRIANNE,15
1234,CAIT,15
1234,CAROLINA,15
1234,CATERINA,15
1234,CATHRYN,15
1234,COREY,15
1234,D'ARCY,15
1234,DARBY,15
1234,DELILAH,15
1234,ELANOR,15
1234,ELISIA,15
1234,ELLOUISE,15
1234,ERYN,15
1234,FATEMA,15
1234,FINLAY,15
1234,GEENA,15
1234,GRAINNE,15
1234,IFRAH,15
1234,IMAAN,15
1234,IRIS,15
1234,JENNIE,15
1234,JUDE,15
1234,KAYSHA,15
1234,KENDALL,15
1234,KEREN,15
1234,KHLOE,15
1234,MARYA,15
1234,MEAGAN,15
1234,MHAIRI,15
1234,NAJMA,15
1234,NASREEN,15
1234,NIRVANA,15
1234,RAEESAH,15
1234,REBECKA,15
1234,REBEKKAH,15
1234,RHIANA,15
1234,RUBINA,15
1234,RUQAYYAH,15
1234,SADIYAH,15
1234,SALINA,15
1234,SANNAH,15
1234,SARINA,15
1234,SHAREEN,15
1234,SHEREE,15
1234,SONAM,15
1234,SOPHY,15
1234,SUMAN,15
1234,TAHIRA,15
1234,TAMAR,15
1234,TANESHA,15
1234,XENIA,15
1234,YVETTE,15
1234,ZEBA,15
1287,AAISHA,14
1287,AKSA,14
1287,ALAW,14
1287,ALENA,14
1287,ALLANAH,14
1287,ALYSIA,14
1287,AMBER-LOUISE,14
1287,AMEENA,14
1287,ANDIE,14
1287,ANMOL,14
1287,ANOUSHKA,14
1287,ANOUSKA,14
1287,ANTOINETTE,14
1287,ASHLIE,14
1287,BAYLEIGH,14
1287,BLYTHE,14
1287,CELYN,14
1287,CHANTAY,14
1287,CORDELIA,14
1287,CORRINA,14
1287,COURTENAY,14
1287,DEMI-LEA,14
1287,EDIE,14
1287,EDITH,14
1287,ELIANA,14
1287,EMER,14
1287,EMMA-JANE,14
1287,ESHA,14
1287,GERI,14
1287,GIZEM,14
1287,HALIMAH,14
1287,HENA,14
1287,HIBAH,14
1287,JADINE,14
1287,JEMIMAH,14
1287,JESS,14
1287,JESSIKA,14
1287,JOAN,14
1287,JOLENE,14
1287,JULIANA,14
1287,KASIA,14
1287,KATELIN,14
1287,KATHY,14
1287,KEELIE,14
1287,KELSI,14
1287,LEIGH-ANNE,14
1287,MADIHA,14
1287,MAHNOOR,14
1287,MANDEEP,14
1287,MARIAN,14
1287,MARLEY,14
1287,MARY-JANE,14
1287,MONA,14
1287,NABEELA,14
1287,NADIYA,14
1287,NIKHITA,14
1287,NOSHIN,14
1287,OLIVE,14
1287,PALOMA,14
1287,PAULINE,14
1287,RENAE,14
1287,REZWANA,14
1287,RITA,14
1287,SAJIDA,14
1287,SEEMA,14
1287,SHAE,14
1287,SHANNAH,14
1287,SHANTEL,14
1287,SHARN,14
1287,SHAYLA,14
1287,SHEIKH,14
1287,SUMAIYA,14
1287,TALISHA,14
1287,TANITH,14
1287,TESNI,14
1287,VIRGINIA,14
1287,ZEINAB,14
1287,ZEYNEP,14
1365,AAISHAH,13
1365,ACACIA,13
1365,ADEEBA,13
1365,ALYCE,13
1365,AMBER-ROSE,13
1365,AMEERA,13
1365,ANABEL,13
1365,ANJA,13
1365,ANNALIESE,13
1365,ARIANNA,13
1365,ARZOO,13
1365,ASMAA,13
1365,AVNEET,13
1365,AYAN,13
1365,BLESSING,13
1365,CARIS,13
1365,CERISE,13
1365,CHANTELL,13
1365,CHERISH,13
1365,CODI,13
1365,DAINA,13
1365,DALIA,13
1365,DILAN,13
1365,EILEEN,13
1365,EIMEAR,13
1365,FARHEEN,13
1365,FINOLA,13
1365,FOZIA,13
1365,GAIA,13
1365,GEORGA,13
1365,GIOVANNA,13
1365,GISELLE,13
1365,HANAA,13
1365,HARSIMRAN,13
1365,HATTIE,13
1365,HELIN,13
1365,HIRA,13
1365,HUMA,13
1365,IZABELLA,13
1365,JANA,13
1365,JASKIRAN,13
1365,JAYMEE,13
1365,KAITLAN,13
1365,KAIYA,13
1365,KATHERYN,13
1365,KENDRA,13
1365,KIRSTYN,13
1365,KRISHNA,13
1365,LACIE,13
1365,LAETITIA,13
1365,LARNA,13
1365,LEIGH-ANN,13
1365,LIANA,13
1365,LIANE,13
1365,LINZI,13
1365,MABEL,13
1365,MALIKA,13
1365,MANDY,13
1365,MARA,13
1365,MARCELLA,13
1365,MICHA,13
1365,MINA,13
1365,MONET,13
1365,MYA,13
1365,NADA,13
1365,NAILAH,13
1365,NIDA,13
1365,NOSHEEN,13
1365,OLUWASEUN,13
1365,PANDORA,13
1365,PAVANDEEP,13
1365,RABIAH,13
1365,RIZWANA,13
1365,ROBIN,13
1365,ROMA,13
1365,SHANELLE,13
1365,SHERELLE,13
1365,SIMREN,13
1365,SIWAN,13
1365,SOBIA,13
1365,SONAL,13
1365,STEFANIA,13
1365,TUESDAY,13
1365,VIKKI,13
1365,WINIFRED,13
1450,AGATHA,12
1450,ALEEMA,12
1450,ALIMA,12
1450,AMEE,12
1450,ANEEQA,12
1450,ANISSA,12
1450,ANNA-MARIE,12
1450,ANNASTASIA,12
1450,AVRIL,12
1450,AZARIA,12
1450,BECKIE,12
1450,BETTY,12
1450,CARISSA,12
1450,CARRIGAN,12
1450,CHARLEA,12
1450,CHELSEA-LOUISE,12
1450,CHELSI,12
1450,CHINA,12
1450,COCO,12
1450,DAISIE,12
1450,DANNII,12
1450,DANYA,12
1450,DELYTH,12
1450,DEMI-LOUISE,12
1450,ELLIE-LOUISE,12
1450,ELLOISE,12
1450,FREJA,12
1450,GWENNAN,12
1450,HELEDD,12
1450,HONEY,12
1450,HUDA,12
1450,IFRA,12
1450,ISADORA,12
1450,JADENE,12
1450,JADZIA,12
1450,JASMYN,12
1450,JAYMIE,12
1450,JORDON,12
1450,KARIMA,12
1450,KATELAN,12
1450,KIYA,12
1450,KIZZY,12
1450,KYAH,12
1450,LATASHA,12
1450,LIVIA,12
1450,MADALAINE,12
1450,MADIHAH,12
1450,MAHA,12
1450,MARION,12
1450,MATHILDE,12
1450,MELLISSA,12
1450,MICHAELLA,12
1450,MILLI,12
1450,NADIRA,12
1450,NAZMA,12
1450,NICOL,12
1450,NICOLLE,12
1450,NOUR,12
1450,PRIMROSE,12
1450,RAZIA,12
1450,REBBECCA,12
1450,REBECA,12
1450,REENA,12
1450,RESHMA,12
1450,RHONA,12
1450,RILEY,12
1450,RIVKA,12
1450,ROSALYN,12
1450,ROXANNA,12
1450,RUKSAR,12
1450,SAIRAH,12
1450,SAMAH,12
1450,SANAM,12
1450,SANIA,12
1450,SASCHA,12
1450,SEHAR,12
1450,SHANNA,12
1450,SHAUNI,12
1450,SHAWNA,12
1450,SHAYNA,12
1450,SHERYL,12
1450,SIMRA,12
1450,SOMER,12
1450,SUMERA,12
1450,SYDNIE,12
1450,TANIKA,12
1450,TIARNA,12
1450,TOYAH,12
1450,TRACEY,12
1450,TYNE,12
1450,VIVIENNE,12
1450,WAHIDA,12
1450,ZOFIA,12
1543,AALIYA,11
1543,ABBEYGAIL,11
1543,ADA,11
1543,ADRIANNA,11
1543,AMAANI,11
1543,AMANA,11
1543,AMINAT,11
1543,ANNIKA,11
1543,ANSA,11
1543,AROOJ,11
1543,ASIYA,11
1543,AYA,11
1543,AYOMIDE,11
1543,BHAVINI,11
1543,BOBBY,11
1543,BRENDA,11
1543,BRYDIE,11
1543,CATARINA,11
1543,CERIAN,11
1543,CHIOMA,11
1543,CHLOE-ANN,11
1543,CORINNA,11
1543,DAISY-MAY,11
1543,DARYL,11
1543,DEBRA,11
1543,DELLA,11
1543,DEMILEIGH,11
1543,DEVAN,11
1543,DEVIKA,11
1543,DORA,11
1543,ELA,11
1543,ELEANORE,11
1543,ELENOR,11
1543,ELINA,11
1543,EMINE,11
1543,EMMANUELLE,11
1543,ESRA,11
1543,FABIENNE,11
1543,FATEHA,11
1543,FREYJA,11
1543,GENNA,11
1543,HAFIZA,11
1543,HALLE,11
1543,HAMDA,11
1543,HAWA,11
1543,HELOISE,11
1543,HEMA,11
1543,HILARY,11
1543,INDIANA,11
1543,INDIGO,11
1543,ISRA,11
1543,JADE-LOUISE,11
1543,JANNAT,11
1543,JASLEEN,11
1543,JAYDENE,11
1543,JENA,11
1543,KALEIGH,11
1543,KAYLEA,11
1543,KAZIA,11
1543,KELEIGH,11
1543,KELLY-MARIE,11
1543,KERENZA,11
1543,KIERAN,11
1543,KIREN,11
1543,KOREN,11
1543,KRISTAL,11
1543,KYM,11
1543,LATIFA,11
1543,LEONORA,11
1543,LORA,11
1543,MADDY,11
1543,MADELYN,11
1543,MAI,11
1543,MAIRI,11
1543,MAIZIE,11
1543,MALKA,11
1543,MARTINE,11
1543,MELINDA,11
1543,MELIS,11
1543,MERRYN,11
1543,MIAH,11
1543,MICHEALA,11
1543,MOLLI,11
1543,NAFISAH,11
1543,NASIMA,11
1543,NIMRAH,11
1543,NURUL,11
1543,ORIANNE,11
1543,RAEGAN,11
1543,RAMANDEEP,11
1543,REBEKA,11
1543,RENE,11
1543,RHIANON,11
1543,RIANA,11
1543,RONI,11
1543,RONNIE,11
1543,SAFIYAH,11
1543,SALIMA,11
1543,SAMMY,11
1543,SANIYA,11
1543,SELENA,11
1543,SHAHEEN,11
1543,SHANIECE,11
1543,SHANIKA,11
1543,SHANNICE,11
1543,SHARNI,11
1543,SHAY,11
1543,SHAZIA,11
1543,SHEILA,11
1543,SHELBI,11
1543,SHIRLEY,11
1543,SIMRUN,11
1543,SULTANA,11
1543,SYLVIE,11
1543,TABASSUM,11
1543,TALYA,11
1543,TAYLAR,11
1543,TEEGAN,11
1543,TERRIE,11
1543,TONI-MARIE,11
1543,WING,11
1543,ZAYNA,11
1543,ZOBIA,11
1666,AIESHA,10
1666,ALANTA,10
1666,ALEYSHA,10
1666,ALIESHA,10
1666,ALISHAH,10
1666,AMANPREET,10
1666,AMARAH,10
1666,AMENA,10
1666,ANEESHA,10
1666,ANGELIQUE,10
1666,ANNEMARIE,10
1666,ANNETTE,10
1666,ANNIE-ROSE,10
1666,ANNIS,10
1666,ANUSHKA,10
1666,ARIANE,10
1666,ASHER,10
1666,ATIYA,10
1666,AUDREY,10
1666,AVNI,10
1666,AYAH,10
1666,BERFIN,10
1666,BETHANNIE,10
1666,BETSY,10
1666,BHAVISHA,10
1666,BRIANA,10
1666,CANDY,10
1666,CARENZA,10
1666,CAREY,10
1666,CATHARINE,10
1666,CHANISE,10
1666,CHAVA,10
1666,CHE,10
1666,CHELCIE,10
1666,CHENICE,10
1666,CHERICE,10
1666,CORRINE,10
1666,DANIA,10
1666,DEENA,10
1666,DEMIE,10
1666,DENIZ,10
1666,DERVLA,10
1666,DIONE,10
1666,EBONIE,10
1666,EBRU,10
1666,ELLYSE,10
1666,EMILLIE,10
1666,ESMEE,10
1666,FAE,10
1666,FAWZIYAH,10
1666,FLAVIA,10
1666,FREDERICA,10
1666,GLESNI,10
1666,HAJAR,10
1666,HALINA,10
1666,HARLIE,10
1666,HIBA,10
1666,HINNA,10
1666,ILANA,10
1666,INGRID,10
1666,IRENE,10
1666,ISMA,10
1666,IVY,10
1666,JADE-MARIE,10
1666,JAINA,10
1666,JANNAH,10
1666,JAYNA,10
1666,JESSAMY,10
1666,JOANA,10
1666,KASHA,10
1666,KATHARINA,10
1666,KATJA,10
1666,KATRIONA,10
1666,KEMI,10
1666,KRISHMA,10
1666,KYMBERLEY,10
1666,LAKEISHA,10
1666,LATIFAH,10
1666,LEISHA,10
1666,LILIANA,10
1666,LORAN,10
1666,MADEEHA,10
1666,MAHMUDA,10
1666,MALAIKA,10
1666,MANAL,10
1666,MARTA,10
1666,MELODIE,10
1666,MERCY,10
1666,MICHELA,10
1666,MILAN,10
1666,MIRREN,10
1666,MOHINI,10
1666,MONTANNA,10
1666,NADIYAH,10
1666,NAFEESAH,10
1666,OLUWAKEMI,10
1666,OTTILIE,10
1666,PAGE,10
1666,PAYTON,10
1666,PHEBE,10
1666,RAHMA,10
1666,RANIA,10
1666,RHIANNAN,10
1666,RHYANNA,10
1666,RIAH,10
1666,ROSIE-MAY,10
1666,SABHA,10
1666,SAFAH,10
1666,SAHARA,10
1666,SAHIBA,10
1666,SALEHA,10
1666,SANDEEP,10
1666,SAVANAH,10
1666,SHABANA,10
1666,SHAKEELA,10
1666,SHAMA,10
1666,SHAMILA,10
1666,SHANIQUE,10
1666,SHARMILA,10
1666,SHERICE,10
1666,SHREYA,10
1666,SIENA,10
1666,SIMA,10
1666,SIMONA,10
1666,SORREL,10
1666,SYMONE,10
1666,TAIBA,10
1666,TAYAH,10
1666,TRUDIE,10
1666,UMA,10
1666,VANISHA,10
1666,VIVIAN,10
1666,VIVIEN,10
1666,WAHEEDA,10
1666,ZAKIA,10
1666,ZULEKHA,10
1802,AFREEN,9
1802,AICHA,9
1802,AILEEN,9
1802,AISHAT,9
1802,AKLIMA,9
1802,ALEAH,9
1802,ALEASHA,9
1802,ALLEGRA,9
1802,ALLIE,9
1802,ALLISON,9
1802,AMA,9
1802,AMYLEIGH,9
1802,ANIQAH,9
1802,ANNABELL,9
1802,ANTHEA,9
1802,AREEBA,9
1802,ASHIA,9
1802,ASHLYN,9
1802,BLISS,9
1802,BUSRA,9
1802,CALYPSO,9
1802,CAYLEIGH,9
1802,CEARA,9
1802,CEYDA,9
1802,CHANNON,9
1802,CHLOE-ANNE,9
1802,CLIONA,9
1802,CLOVER,9
1802,CORALIE,9
1802,DAKOTA,9
1802,DEEPA,9
1802,ELAINA,9
1802,ELAN,9
1802,ELLICIA,9
1802,ELLIE-MAI,9
1802,ELLIE-ROSE,9
1802,ELOISA,9
1802,EMAN,9
1802,ESTELLA,9
1802,EUNICE,9
1802,FAZILA,9
1802,GURSIMRAN,9
1802,HAJERA,9
1802,HANSA,9
1802,HASINA,9
1802,HELAINA,9
1802,HELENE,9
1802,IFEOLUWA,9
1802,IKRAM,9
1802,IQRAA,9
1802,ISHBEL,9
1802,IVANA,9
1802,JENIFER,9
1802,JORGIA,9
1802,JUSTICE,9
1802,JUWAIRIYYAH,9
1802,JYOTI,9
1802,KANWAL,9
1802,KARIN,9
1802,KASIE,9
1802,KASSIE,9
1802,KATARZYNA,9
1802,KEALY,9
1802,KEEGAN,9
1802,KEIGHLEY,9
1802,KERRIS,9
1802,KERRY-ANN,9
1802,KERRY-ANNE,9
1802,KHATIJA,9
1802,KIAYA,9
1802,KIESHA,9
1802,KINZA,9
1802,KYA,9
1802,LEIGHANNE,9
1802,LIANNA,9
1802,LIDIA,9
1802,LILIA,9
1802,LIZA,9
1802,LOWENNA,9
1802,LUCY-ANNE,9
1802,LULU,9
1802,LYNDSAY,9
1802,MAARYA,9
1802,MAIYA,9
1802,MALEEHA,9
1802,MALIHA,9
1802,MEHWISH,9
1802,MENNA,9
1802,MERYL,9
1802,MICAELA,9
1802,MINNIE,9
1802,MOLLY-ANNE,9
1802,MONISHA,9
1802,MURRON,9
1802,MYAH,9
1802,MYFANWY,9
1802,NABIHAH,9
1802,NATACHA,9
1802,NIEVE,9
1802,NOREEN,9
1802,NUSRAT,9
1802,OLUWADAMILOLA,9
1802,OLUWATOSIN,9
1802,ORLAGH,9
1802,PARRIS,9
1802,PASCALE,9
1802,PAYAL,9
1802,PHEOBE,9
1802,PHILOMENA,9
1802,RABIYA,9
1802,RASHIDA,9
1802,RAVNEET,9
1802,RAYANNE,9
1802,RHEANNE,9
1802,RHIANE,9
1802,ROMILLY,9
1802,ROSAMUND,9
1802,RUKSANA,9
1802,RUPINDER,9
1802,SADAF,9
1802,SADIYA,9
1802,SAKINA,9
1802,SALLY-ANN,9
1802,SAM,9
1802,SAMMY-JO,9
1802,SANDY,9
1802,SAVANA,9
1802,SEANA,9
1802,SERINA,9
1802,SHAHANA,9
1802,SHANAZ,9
1802,SHANEL,9
1802,SHANINE,9
1802,SHARNE,9
1802,SHELLIE,9
1802,SHERRIE,9
1802,SHIANNE,9
1802,SUMAYYA,9
1802,SUMER,9
1802,SUNDAS,9
1802,TAHIRAH,9
1802,TAMEKA,9
1802,TASHANA,9
1802,TATUM,9
1802,TAYYIBAH,9
1802,TEMITOPE,9
1802,TENISHA,9
1802,TERRI-ANN,9
1802,THEODORA,9
1802,TIRION,9
1802,TRISHA,9
1802,TRISHNA,9
1802,UMERA,9
1802,YASMINA,9
1802,ZAKIYYAH,9
1802,ZULAIKHA,9
1958,AASIYAH,8
1958,ABBIGALE,8
1958,ABBYGAIL,8
1958,ABIGAILE,8
1958,ABYGAIL,8
1958,ADELA,8
1958,ALAA,8
1958,ALECIA,8
1958,ALESHIA,8
1958,ALEXANDREA,8
1958,ALMAS,8
1958,AMINATA,8
1958,AMISHA,8
1958,ANEELA,8
1958,ANNALISA,8
1958,ANWEN,8
1958,ASTON,8
1958,ASYA,8
1958,AUGUSTA,8
1958,AURELIA,8
1958,AYEISHA,8
1958,AYLIN,8
1958,AYLISH,8
1958,BETHANI,8
1958,BLAISE,8
1958,BRANDI,8
1958,BREANNA,8
1958,BRITTANIE,8
1958,BROGHAN,8
1958,BRONYA,8
1958,BROOK,8
1958,CALLI,8
1958,CARLENE,8
1958,CHANA,8
1958,CHANELL,8
1958,CHARLIE-ANN,8
1958,CHRISTA,8
1958,CHYNNA,8
1958,CLARISSE,8
1958,COLBY,8
1958,CORINA,8
1958,COURTNAY,8
1958,COURTNEY-LEIGH,8
1958,CRESSIDA,8
1958,DARA,8
1958,DARIAN,8
1958,DEMPSEY,8
1958,DENA,8
1958,DENI,8
1958,DENNI,8
1958,DESIREE,8
1958,DILARA,8
1958,DIVINE,8
1958,DORCAS,8
1958,DUYGU,8
1958,EDA,8
1958,ELLYN,8
1958,EMEL,8
1958,EMMA-JAYNE,8
1958,EMMA-LEIGH,8
1958,ESMAE,8
1958,FATHIMA,8
1958,FRANCESSCA,8
1958,FRANCHESCA,8
1958,GAIL,8
1958,GEORGETTE,8
1958,GEORGI,8
1958,GEORGIA-MAE,8
1958,GEORGIANNA,8
1958,GWENNO,8
1958,HANAN,8
1958,HANIFAH,8
1958,HAYLIE,8
1958,HEAVEN,8
1958,HIFZA,8
1958,HOLLY-ANNE,8
1958,ILONA,8
1958,INEZ,8
1958,JADIE,8
1958,JAMIELEE,8
1958,JAMIELEIGH,8
1958,JANIE,8
1958,JANKI,8
1958,JAVERIA,8
1958,JAYME,8
1958,JAZMYN,8
1958,JEAN,8
1958,JERI,8
1958,JODIE-LEIGH,8
1958,JOLIE,8
1958,JORDANN,8
1958,JORDYN,8
1958,JUWAYRIYAH,8
1958,KALISHA,8
1958,KATHRYNE,8
1958,KATIE-ANNE,8
1958,KAYSIE,8
1958,KEA,8
1958,KEARA,8
1958,KERYS,8
1958,KEYLEIGH,8
1958,KHADEEJA,8
1958,KODIE,8
1958,KRUPA,8
1958,KUBRA,8
1958,LACY,8
1958,LANI,8
1958,LAURA-JANE,8
1958,LEAHA,8
1958,LEONNA,8
1958,LIAH,8
1958,LILY-MAY,8
1958,LISAMARIE,8
1958,LLINOS,8
1958,LORREN,8
1958,LUCIANA,8
1958,MALEEHAH,8
1958,MARIAMA,8
1958,MARIKA,8
1958,MARYANN,8
1958,MARYANNE,8
1958,MAUREEN,8
1958,MEAGHAN,8
1958,MELINA,8
1958,MELLISA,8
1958,MICHAL,8
1958,MIYA,8
1958,NABILAH,8
1958,NAEEMA,8
1958,NAHIMA,8
1958,NATASCHA,8
1958,NAVNEET,8
1958,NAYAAB,8
1958,NERYS,8
1958,NUSAYBAH,8
1958,OLAMIDE,8
1958,OPAL,8
1958,ORIANA,8
1958,PAGAN,8
1958,PERI,8
1958,PHOENIX,8
1958,PORSHA,8
1958,RAMSHA,8
1958,REMA,8
1958,ROHIMA,8
1958,RONNI,8
1958,RUKHSAAR,8
1958,RUQAIYAH,8
1958,RUQAYYA,8
1958,SABBAH,8
1958,SABINE,8
1958,SALLIE,8
1958,SAMEENA,8
1958,SAMMI,8
1958,SAMMIE,8
1958,SELMA,8
1958,SHAHNAZ,8
1958,SHAKILA,8
1958,SHANIQUA,8
1958,SHANNEL,8
1958,SHARMAINE,8
1958,SHARMINA,8
1958,SHAYMA,8
1958,SHELINA,8
1958,SHELLBY,8
1958,SIANNA,8
1958,SIGOURNEY,8
1958,SIMRAH,8
1958,SNEHA,8
1958,SONALI,8
1958,SUNITA,8
1958,SURAYA,8
1958,SUZIE,8
1958,SYMRAN,8
1958,TAISHA,8
1958,TANIYA,8
1958,TANZEELA,8
1958,TANZINA,8
1958,TASNIMA,8
1958,TAYBAH,8
1958,THAHMINA,8
1958,TONIE,8
1958,TRINITY,8
1958,TULSI,8
1958,TYLAH,8
1958,VALERIE,8
1958,WALLIS,8
1958,WILLA,8
1958,YARA,8
1958,YOCHEVED,8
1958,ZAHIRA,8
1958,ZAINUB,8
1958,ZEENAT,8
1958,ZEHRA,8
2152,AALIA,7
2152,AAMIRAH,7
2152,AARTI,7
2152,ABIGAEL,7
2152,ADEELA,7
2152,AILIS,7
2152,ALAINA,7
2152,ALETHEA,7
2152,ALIAH,7
2152,ALICJA,7
2152,ALISIA,7
2152,AMALIA,7
2152,AMAN,7
2152,AMARDEEP,7
2152,AMBAR,7
2152,AMELIE,7
2152,AMMIE,7
2152,ARAMINTA,7
2152,ASTRA,7
2152,AVALON,7
2152,AZRA,7
2152,BAYLEY,7
2152,BOBBIE-JO,7
2152,BRANWEN,7
2152,CAILIN,7
2152,CAITRIONA,7
2152,CAMILA,7
2152,CAROLYN,7
2152,CHAISE,7
2152,CHANIECE,7
2152,CHARELLE,7
2152,CHARLIE-ANNE,7
2152,CHELSEA-LEIGH,7
2152,CHELSEA-MARIE,7
2152,CHELSY,7
2152,CHENELLE,7
2152,CHEVONNE,7
2152,CHRISSIE,7
2152,CIAN,7
2152,CLAIR,7
2152,CORIE,7
2152,CORRIN,7
2152,CORY,7
2152,COURTNEY-JADE,7
2152,DANAE,7
2152,DAVINIA,7
2152,DEVINA,7
2152,DIMPLE,7
2152,DINAH,7
2152,EFFIE,7
2152,EIMER,7
2152,ELEANA,7
2152,ELEASHA,7
2152,ELIESHA,7
2152,ELISHEVA,7
2152,ELLA-LOUISE,7
2152,ELLE-MAE,7
2152,ELLIEMAY,7
2152,ELLINOR,7
2152,ELODIE,7
2152,ELYSSIA,7
2152,EMA,7
2152,EMILLY,7
2152,EMILY-MAY,7
2152,EMILY-ROSE,7
2152,EMMA-LEE,7
2152,EMMANUELLA,7
2152,EMMILY,7
2152,ERRIN,7
2152,ESMA,7
2152,EZGI,7
2152,FAATIMAH,7
2152,FABIA,7
2152,FABIHA,7
2152,FALAK,7
2152,FATHEMA,7
2152,FIONN,7
2152,FOLASADE,7
2152,GAGANDEEP,7
2152,GAYNOR,7
2152,GENEVA,7
2152,GEORGIA-LEIGH,7
2152,GEORGIA-LOUISE,7
2152,GEORGIA-MAY,7
2152,GEORGIA-ROSE,7
2152,HADASSAH,7
2152,HANAH,7
2152,HANNAH-MARIE,7
2152,HARDEEP,7
2152,HARVEEN,7
2152,HASEENA,7
2152,HASNA,7
2152,HEBA,7
2152,HIBO,7
2152,HODAN,7
2152,HOLLEY,7
2152,HOLLY-ANN,7
2152,HONOUR,7
2152,INDI,7
2152,INDIANNA,7
2152,ISHRAT,7
2152,IZABEL,7
2152,JASDEEP,7
2152,JASMINA,7
2152,JAVAIRIA,7
2152,JAZZMIN,7
2152,JENAI,7
2152,JILL,7
2152,JOHURA,7
2152,JONI,7
2152,JOSCELYN,7
2152,KAILEY,7
2152,KAINAAT,7
2152,KAINAT,7
2152,KARISS,7
2152,KARLI,7
2152,KARLIE,7
2152,KARYS,7
2152,KAYE,7
2152,KEALEIGH,7
2152,KELBY,7
2152,KELLY-ANNE,7
2152,KERRYANNE,7
2152,KESHIA,7
2152,KHADEEJAH,7
2152,KHADEJA,7
2152,KHADIZA,7
2152,KIANNA,7
2152,KIERRA,7
2152,KIMRAN,7
2152,KIRANJIT,7
2152,KIRBIE,7
2152,KIRRA,7
2152,KRISTI,7
2152,KULSUM,7
2152,LAINA,7
2152,LAKSHMI,7
2152,LAMARA,7
2152,LARAIB,7
2152,LEIGHANN,7
2152,LEONNIE,7
2152,LETICIA,7
2152,LINSEY,7
2152,LISHA,7
2152,LLIO,7
2152,LORELLE,7
2152,LUCY-ANN,7
2152,MADIYA,7
2152,MAGDALENA,7
2152,MAHEEN,7
2152,MAIR,7
2152,MAJA,7
2152,MARGUERITE,7
2152,MARIANA,7
2152,MARY-ANNE,7
2152,MARYUM,7
2152,MCKENZIE,7
2152,MEDINA,7
2152,MEGANE,7
2152,MEHAK,7
2152,MIMI,7
2152,MOMINA,7
2152,MORGANE,7
2152,MOYA,7
2152,MUNEEBA,7
2152,NAHIDA,7
2152,NAKISHA,7
2152,NATASJA,7
2152,NAVDEEP,7
2152,NAYAB,7
2152,NIAH,7
2152,NICKY,7
2152,NICOLETTE,7
2152,NIOMI,7
2152,NOA,7
2152,ODETTE,7
2152,OONAGH,7
2152,ORLAITH,7
2152,OYINKANSOLA,7
2152,PANAYIOTA,7
2152,PARYS,7
2152,PAYGE,7
2152,PERRI,7
2152,RAINE,7
2152,RANA,7
2152,REGINA,7
2152,REHANA,7
2152,RENA,7
2152,RIAN,7
2152,ROCHEL,7
2152,ROSE-MARIE,7
2152,ROSETTA,7
2152,ROSHEEN,7
2152,ROSY,7
2152,ROWANNE,7
2152,RUCHI,7
2152,RUMENA,7
2152,SAARA,7
2152,SABAA,7
2152,SABIA,7
2152,SAFEENA,7
2152,SAFIYYA,7
2152,SAHIRA,7
2152,SAJIDAH,7
2152,SALWA,7
2152,SAMAIRA,7
2152,SAMAR,7
2152,SAMEEN,7
2152,SAMIYAH,7
2152,SAPHIA,7
2152,SAPNA,7
2152,SAXON,7
2152,SEJAL,7
2152,SERIFE,7
2152,SHABINA,7
2152,SHAH,7
2152,SHAHINA,7
2152,SHAIMA,7
2152,SHAMAILA,7
2152,SHAMSA,7
2152,SHANADE,7
2152,SHANON,7
2152,SHARA,7
2152,SHARELLE,7
2152,SHARI,7
2152,SHAZMIN,7
2152,SHELDON,7
2152,SHENICE,7
2152,SHERI,7
2152,SHERIE,7
2152,SHERRY,7
2152,SHIRA,7
2152,SHOSHANA,7
2152,SHREENA,7
2152,SHUMA,7
2152,SHYLA,7
2152,SIANI,7
2152,SIBEL,7
2152,SIONA,7
2152,SONIYA,7
2152,SOPHINA,7
2152,SOROH,7
2152,STEFFI,7
2152,SUFIA,7
2152,SURIYA,7
2152,SUSIE,7
2152,SUZY,7
2152,TAIWO,7
2152,TAJA,7
2152,TALOR,7
2152,TAYBA,7
2152,TAYYABA,7
2152,TEJAL,7
2152,WARDA,7
2152,YELENA,7
2152,YETUNDE,7
2152,ZAIRA,7
2152,ZAKIYAH,7
2152,ZILAN,7
2411,AANISAH,6
2411,ABBIE-LOUISE,6
2411,ABIR,6
2411,ADAMA,6
2411,ADELINE,6
2411,AESHA,6
2411,AFIA,6
2411,AFIYAH,6
2411,AHLAM,6
2411,AIMEE-LEIGH,6
2411,ALARNA,6
2411,ALAYNA,6
2411,ALBA,6
2411,ALEEZA,6
2411,ALEJANDRA,6
2411,ALEKSANDRA,6
2411,ALIZA,6
2411,ALMA,6
2411,ALMAAS,6
2411,AMAYA,6
2411,AMERA,6
2411,AMNAH,6
2411,AMRAN,6
2411,AMYLEE,6
2411,ANILA,6
2411,ANJUM,6
2411,ANJUMA,6
2411,ANNA-LEIGH,6
2411,ANNA-MARIA,6
2411,ANNEST,6
2411,ANUSHA,6
2411,ARIA,6
2411,ARIAN,6
2411,ARIELLA,6
2411,ATHENE,6
2411,AUGUST,6
2411,AVITAL,6
2411,AYASHA,6
2411,AYMAN,6
2411,BEATRIZ,6
2411,BENITA,6
2411,BETHNEY,6
2411,BHAVIKA,6
2411,BIJAL,6
2411,BISMAH,6
2411,BLAZE,6
2411,BRACKEN,6
2411,BREEZE,6
2411,BRYONI,6
2411,BRYONIE,6
2411,CALI,6
2411,CALLA,6
2411,CANDACE,6
2411,CANSU,6
2411,CARIAD,6
2411,CARLEIGH,6
2411,CAROLANNE,6
2411,CASSIA,6
2411,CEINWEN,6
2411,CELINA,6
2411,CHARNELLE,6
2411,CHASE,6
2411,CHELSEE,6
2411,CHERI,6
2411,CHERISSE,6
2411,CHEYNE,6
2411,CHI,6
2411,CHLOE-LOUISE,6
2411,CHLOE-MARIE,6
2411,CHRISTIANNA,6
2411,CLEOPATRA,6
2411,CLIO,6
2411,CODEY,6
2411,CYNTHIA,6
2411,DAMARIS,6
2411,DAMLA,6
2411,DAPHNE,6
2411,DEEPIKA,6
2411,DELANEY,6
2411,DELPHI,6
2411,DENVER,6
2411,DERYN,6
2411,DEVORAH,6
2411,EDWINA,6
2411,ELESHA,6
2411,ELINORE,6
2411,ELLA-MAY,6
2411,ELLANA,6
2411,ELLEE,6
2411,ELLEY,6
2411,ELLIW,6
2411,EMERALD,6
2411,EMILY-JAYNE,6
2411,EMILY-LOUISE,6
2411,EMMI,6
2411,FAHEEMA,6
2411,FERNE,6
2411,FLORRIE,6
2411,FREDDIE,6
2411,GEMMA-LOUISE,6
2411,GINNY,6
2411,GIUSEPPINA,6
2411,HAJIRA,6
2411,HANI,6
2411,HANNAH-LOUISE,6
2411,HARKIRAN,6
2411,HARLEEN,6
2411,HARRIE,6
2411,HAYLEE,6
2411,HAZERA,6
2411,HODO,6
2411,IDIL,6
2411,IMOGENE,6
2411,INDYA,6
2411,IREM,6
2411,IRRAM,6
2411,IRUM,6
2411,ISHANI,6
2411,ISMAY,6
2411,IZZY,6
2411,JAE,6
2411,JAMIE-LOUISE,6
2411,JAMILAH,6
2411,JAYDEE,6
2411,JAYDEN,6
2411,JAZZ,6
2411,JEYDA,6
2411,JORDAINE,6
2411,JORGIE,6
2411,JUNE,6
2411,JUSTINA,6
2411,KAELA,6
2411,KAILA,6
2411,KALI,6
2411,KAMARA,6
2411,KARAM,6
2411,KARLEIGH,6
2411,KATIA,6
2411,KATIE-LEIGH,6
2411,KATIE-MARIE,6
2411,KAYLEIGH-ANNE,6
2411,KAYSEY,6
2411,KAYTLIN,6
2411,KEAH,6
2411,KEANNA,6
2411,KEESHA,6
2411,KEEVA,6
2411,KEHINDE,6
2411,KELCEY,6
2411,KENSEY,6
2411,KERENSA,6
2411,KERRYN,6
2411,KHANSA,6
2411,KHIA,6
2411,KIRANJEET,6
2411,KYESHA,6
2411,LACE,6
2411,LADY,6
2411,LAINE,6
2411,LAINEY,6
2411,LAMORNA,6
2411,LEAH-MARIE,6
2411,LORENA,6
2411,LYNDA,6
2411,LYNN,6
2411,LYRIC,6
2411,MADELYNE,6
2411,MAEGAN,6
2411,MAGAN,6
2411,MAGDALENE,6
2411,MAHRUKH,6
2411,MAIMUNA,6
2411,MAIRA,6
2411,MAKAYLA,6
2411,MARGAUX,6
2411,MARY-ANN,6
2411,MAUD,6
2411,MEGAN-LOUISE,6
2411,MEGAN-ROSE,6
2411,MEGHA,6
2411,MERYEM,6
2411,MIKALA,6
2411,MIRA,6
2411,MIRAIN,6
2411,MISCHA,6
2411,MOHIMA,6
2411,MOLLY-MAY,6
2411,MOMENA,6
2411,MUNIBAH,6
2411,MYRA,6
2411,NABEEHA,6
2411,NABEELAH,6
2411,NABIHA,6
2411,NADYA,6
2411,NASRA,6
2411,NATASSIA,6
2411,NATASSJA,6
2411,NATHANIA,6
2411,NAWAL,6
2411,NEENA,6
2411,NICKI,6
2411,NIKITTA,6
2411,NILIMA,6
2411,NISHMA,6
2411,NYREE,6
2411,OLUWATOBI,6
2411,OMOLARA,6
2411,OMOLOLA,6
2411,OREOLUWA,6
2411,OZGE,6
2411,PAIGHTON,6
2411,PAOLA,6
2411,PEACHES,6
2411,PERDITA,6
2411,PERRY,6
2411,PERSEPHONE,6
2411,RADHA,6
2411,RAINA,6
2411,RAJNI,6
2411,RANI,6
2411,RAPHAELLA,6
2411,RAQUEL,6
2411,RAVINA,6
2411,RAYA,6
2411,REAH,6
2411,REBEKHA,6
2411,RHIANNAH,6
2411,RIANNAH,6
2411,RIMINI,6
2411,ROMINA,6
2411,ROSEY,6
2411,ROZINA,6
2411,RUDI,6
2411,RUKIA,6
2411,RUMAYSA,6
2411,RYAN,6
2411,SABBA,6
2411,SABENA,6
2411,SAFAA,6
2411,SAGAL,6
2411,SAIBA,6
2411,SAIMAH,6
2411,SAJEDA,6
2411,SALEENA,6
2411,SALIHA,6
2411,SAMAN,6
2411,SAMEEHA,6
2411,SAMMI-JO,6
2411,SAMREEN,6
2411,SANCHIA,6
2411,SANGEETA,6
2411,SANJIDAH,6
2411,SARAI,6
2411,SARAYA,6
2411,SARENA,6
2411,SARISH,6
2411,SEHER,6
2411,SELEN,6
2411,SEONAID,6
2411,SEPHORA,6
2411,SERA,6
2411,SERENE,6
2411,SHAAN,6
2411,SHAISTA,6
2411,SHAJEDA,6
2411,SHAKERA,6
2411,SHANAY,6
2411,SHANISE,6
2411,SHANNELLE,6
2411,SHANNON-LOUISE,6
2411,SHANTE,6
2411,SHANTELL,6
2411,SHARLENE,6
2411,SHARLOTTE,6
2411,SHAUNA-LEIGH,6
2411,SHAUNNAH,6
2411,SHAZMEEN,6
2411,SHELLBIE,6
2411,SHIRIN,6
2411,SIDNEY,6
2411,SIDONIE,6
2411,SIMRANDEEP,6
2411,SIMRANPREET,6
2411,SINEM,6
2411,SITA,6
2411,SITI,6
2411,SOMIA,6
2411,SOPHIE-LEIGH,6
2411,SUAD,6
2411,SUMAIRA,6
2411,SUMIA,6
2411,SUMMA,6
2411,SUNNY,6
2411,SUZAN,6
2411,TAHNEE,6
2411,TAHSIN,6
2411,TAMIA,6
2411,TANSY,6
2411,TAOME,6
2411,TARAN,6
2411,TASMIA,6
2411,TASMINA,6
2411,TATE,6
2411,TAYMAR,6
2411,TEAH,6
2411,TEONA,6
2411,TIAN,6
2411,TIANNE,6
2411,TIFFANI,6
2411,TONIA,6
2411,TRUDY,6
2411,UMAYMAH,6
2411,UMME,6
2411,UNA,6
2411,UROOSA,6
2411,URVI,6
2411,VALENTINE,6
2411,VELVET,6
2411,VERA,6
2411,YAREN,6
2411,YUMNA,6
2411,ZAINA,6
2411,ZANA,6
2411,ZEENA,6
2411,ZITA,6
2411,ZOHA,6
2411,ZOHRA,6
2738,AAMENA,5
2738,ABBIGAYLE,5
2738,ABBYGALE,5
2738,ADEOLA,5
2738,ADERONKE,5
2738,ADILA,5
2738,ADILAH,5
2738,ADITI,5
2738,AFEEFAH,5
2738,AIMEE-LOUISE,5
2738,AINSLEY,5
2738,AKOSUA,5
2738,AKSAH,5
2738,ALABAMA,5
2738,ALANNIS,5
2738,ALAYA,5
2738,ALBANY,5
2738,ALISSIA,5
2738,ALIYYAH,5
2738,ALLANNA,5
2738,ALLYSHA,5
2738,ALYA,5
2738,ALYSON,5
2738,AMATULLAH,5
2738,AMBER-JADE,5
2738,AMBER-MARIE,5
2738,AMBERLY,5
2738,AMBIA,5
2738,AMBIKA,5
2738,AMEY,5
2738,AMY-JO,5
2738,AMY-LEE,5
2738,ANANYA,5
2738,ANASTAZIA,5
2738,ANDI,5
2738,ANESHA,5
2738,ANGIE,5
2738,ANNALEA,5
2738,ANNALEE,5
2738,ANNEKE,5
2738,ANNIE-MAY,5
2738,ANNMARIE,5
2738,ARIZONA,5
2738,ARMANI,5
2738,ATALANTA,5
2738,ATIYAH,5
2738,AYANNA,5
2738,BAILIE,5
2738,BECKI,5
2738,BEGUM,5
2738,BETHEN,5
2738,BILLY-JO,5
2738,BLAIZE,5
2738,BLOSSOM,5
2738,BONNY,5
2738,BRACHA,5
2738,BRADIE,5
2738,BRANDIE,5
2738,BRIGID,5
2738,BRIONEY,5
2738,BRITTANI,5
2738,BRYHER,5
2738,CAGLA,5
2738,CAITLAND,5
2738,CAPRI,5
2738,CARMELA,5
2738,CAROLANN,5
2738,CARRA,5
2738,CEIRA,5
2738,CERI-ANN,5
2738,CHANNEL,5
2738,CHANNELLE,5
2738,CHARDAE,5
2738,CHARISE,5
2738,CHARLOTTE-LOUISE,5
2738,CHELBY,5
2738,CHENISE,5
2738,CHERRIE,5
2738,CHINWE,5
2738,CHLOE-MAY,5
2738,CLAIRE-LOUISE,5
2738,CLAUDETTE,5
2738,CLEMENCY,5
2738,CORRAN,5
2738,CORYN,5
2738,COURTNEY-LEE,5
2738,DALLAS,5
2738,DARCI,5
2738,DARIA,5
2738,DEE,5
2738,DELPHINE,5
2738,DEMELZA,5
2738,DEMILEA,5
2738,DEQA,5
2738,DESPINA,5
2738,DHARA,5
2738,DIANNA,5
2738,DOMENICA,5
2738,DONIA,5
2738,EKTA,5
2738,ELEANER,5
2738,ELIS,5
2738,ELLA-ROSE,5
2738,ELLECIA,5
2738,ELLYSIA,5
2738,ELOUISA,5
2738,ELVA,5
2738,ELYCIA,5
2738,EMELIE,5
2738,ERINN,5
2738,ERUM,5
2738,ESTA,5
2738,EUGENIE,5
2738,FAAIZAH,5
2738,FAARIA,5
2738,FAHEEMAH,5
2738,FARIDA,5
2738,FARIHAH,5
2738,FARREN,5
2738,FARYAL,5
2738,FATIHA,5
2738,FAUZIA,5
2738,FAYZA,5
2738,FIZA,5
2738,FRANCHESKA,5
2738,GURJINDER,5
2738,GWYNETH,5
2738,HAAJIRA,5
2738,HADIQA,5
2738,HAJRAH,5
2738,HALEENA,5
2738,HALEMA,5
2738,HANISHA,5
2738,HARVINDER,5
2738,HASEEBA,5
2738,HATICE,5
2738,HAZAL,5
2738,HELEENA,5
2738,HETTIE,5
2738,HETTY,5
2738,HIRRA,5
2738,IDA,5
2738,ILAYDA,5
2738,INAS,5
2738,ISABELA,5
2738,ISABELL,5
2738,ISATOU,5
2738,JACEY,5
2738,JAI,5
2738,JAIMINI,5
2738,JANAKI,5
2738,JANAY,5
2738,JANICE,5
2738,JANNA,5
2738,JASMEET,5
2738,JAYCEE,5
2738,JAYDA,5
2738,JAZZMINE,5
2738,JEMMA-LOUISE,5
2738,JENELLE,5
2738,JENESSA,5
2738,JENNI,5
2738,JEORGIA,5
2738,KAAJAL,5
2738,KACIE,5
2738,KALLIE,5
2738,KAMILA,5
2738,KAMILAH,5
2738,KANEEZ,5
2738,KAR,5
2738,KARI,5
2738,KAROLINA,5
2738,KASHMIR,5
2738,KATIE-ROSE,5
2738,KATLYN,5
2738,KATRINE,5
2738,KATRYN,5
2738,KAYNAT,5
2738,KEALEY,5
2738,KEANA,5
2738,KELCIE,5
2738,KELLY-ANN,5
2738,KENDELL,5
2738,KENZA,5
2738,KESIA,5
2738,KIRAH,5
2738,KIZZIE,5
2738,KLARA,5
2738,KODI,5
2738,KORI,5
2738,KORRIE,5
2738,KRISTINE,5
2738,KYRAH,5
2738,LATESHA,5
2738,LATOYA,5
2738,LAURISSA,5
2738,LAVERNE,5
2738,LEANDRA,5
2738,LEEZA,5
2738,LEIAH,5
2738,LEILANI,5
2738,LEONE,5
2738,LETISHA,5
2738,LIAN,5
2738,LILA,5
2738,LILIE,5
2738,LILITH,5
2738,LILY-ANN,5
2738,LILY-MAE,5
2738,LIYAH,5
2738,LOGAN,5
2738,LONI,5
2738,LOREDANA,5
2738,LOWRIE,5
2738,LUCIANNA,5
2738,MAAME,5
2738,MADALENE,5
2738,MADALYN,5
2738,MADDALENA,5
2738,MADELENE,5
2738,MADIA,5
2738,MADINA,5
2738,MAEVA,5
2738,MAHALIA,5
2738,MAHUM,5
2738,MAIRE,5
2738,MAKENZIE,5
2738,MALLORY,5
2738,MAMIE,5
2738,MANJOT,5
2738,MARCIE,5
2738,MARGOT,5
2738,MARISHA,5
2738,MARNI,5
2738,MARTIKA,5
2738,MARY-BETH,5
2738,MASOOMA,5
2738,MAYMUNA,5
2738,MEENAKSHI,5
2738,MEESHA,5
2738,MEGHANN,5
2738,MEHR,5
2738,MELIKA,5
2738,MELITA,5
2738,MERVE,5
2738,MICHELE,5
2738,MIKI,5
2738,MIKKI,5
2738,MILENA,5
2738,MILLISSA,5
2738,MOIRA,5
2738,MOLLY-ANN,5
2738,MOLLY-JO,5
2738,MORAG,5
2738,MORGEN,5
2738,MORIOM,5
2738,MUMINAH,5
2738,NAEEMAH,5
2738,NAMRA,5
2738,NAZIRA,5
2738,NAZNEEN,5
2738,NEEMA,5
2738,NEEVE,5
2738,NERISSA,5
2738,NIK,5
2738,NIKI,5
2738,NISHI,5
2738,NITA,5
2738,NNEKA,5
2738,NOORA,5
2738,NORAH,5
2738,NUHA,5
2738,OCEA,5
2738,OLIVIA-ROSE,5
2738,OLUWABUKOLA,5
2738,OLUWASEYI,5
2738,OLYMPIA,5
2738,OZLEM,5
2738,PARISA,5
2738,PARVEEN,5
2738,PATIENCE,5
2738,PAYNTON,5
2738,PEGGY,5
2738,PERRIE,5
2738,PETRA,5
2738,PETRINA,5
2738,PINAR,5
2738,PRIA,5
2738,PUJA,5
2738,QUEENIE,5
2738,RADIA,5
2738,RAHEELA,5
2738,RAHEEMA,5
2738,RAIHANA,5
2738,RAISA,5
2738,RAISAH,5
2738,RAMEEN,5
2738,RASHA,5
2738,RAYNA,5
2738,RAYNOR,5
2738,RAZAN,5
2738,RAZWANA,5
2738,REBECCAH,5
2738,REEGAN,5
2738,REISS,5
2738,REMIE,5
2738,REO,5
2738,RHIANYDD,5
2738,RHODA,5
2738,RICHA,5
2738,RIDA,5
2738,RIFAT,5
2738,RIMAH,5
2738,RINA,5
2738,ROHANNA,5
2738,ROMAANA,5
2738,RONA,5
2738,ROWEN,5
2738,ROXANA,5
2738,ROXY,5
2738,RUBY-MAE,5
2738,RUHI,5
2738,RUJINA,5
2738,RUKAYYA,5
2738,RUKIYA,5
2738,RUMAANAH,5
2738,RUQIYA,5
2738,SAADIA,5
2738,SABEEN,5
2738,SABREENA,5
2738,SABRINE,5
2738,SADIAH,5
2738,SADIKA,5
2738,SAFFA,5
2738,SAIDA,5
2738,SAIRISH,5
2738,SAMA,5
2738,SAMRA,5
2738,SAMYA,5
2738,SANTANA,5
2738,SARA-JANE,5
2738,SARAN,5
2738,SARIKA,5
2738,SAYEDA,5
2738,SENIZ,5
2738,SENNEN,5
2738,SHAHIDA,5
2738,SHAINA,5
2738,SHALINI,5
2738,SHALOM,5
2738,SHAMEELAH,5
2738,SHAMIKA,5
2738,SHAN,5
2738,SHANAE,5
2738,SHANEY,5
2738,SHANNAGH,5
2738,SHARANJIT,5
2738,SHARIFA,5
2738,SHARMA,5
2738,SHEA,5
2738,SHEEMA,5
2738,SHEFALI,5
2738,SHEKINAH,5
2738,SHIREEN,5
2738,SHREEYA,5
2738,SHUHENA,5
2738,SHYANNE,5
2738,SIA,5
2738,SIAMA,5
2738,SIANNE,5
2738,SILA,5
2738,SIMRANJEET,5
2738,SIMRIT,5
2738,SOFI,5
2738,SOPHIE-JANE,5
2738,SOPHIE-MARIE,5
2738,STEVIE-LEE,5
2738,STEVIE-LEIGH,5
2738,STORME,5
2738,SUMAYAH,5
2738,SUMMAH,5
2738,SUNAINA,5
2738,SURAIYA,5
2738,TABETHA,5
2738,TAHREEM,5
2738,TAIBAH,5
2738,TAILA,5
2738,TALI,5
2738,TAMARAH,5
2738,TAMARRA,5
2738,TANAYA,5
2738,TANEESHA,5
2738,TANJIMA,5
2738,TANJINA,5
2738,TASIA,5
2738,TASMYN,5
2738,TATJANA,5
2738,TAWANA,5
2738,TAWNY,5
2738,TAYLAH,5
2738,TEGEN,5
2738,TELERI,5
2738,TELISHA,5
2738,TEMITAYO,5
2738,THANIYA,5
2738,THARA,5
2738,TIA-LOUISE,5
2738,TIFFINY,5
2738,TILLEY,5
2738,TRICIA,5
2738,TRUDI,5
2738,TYANNA,5
2738,UMAMAH,5
2738,UMARAH,5
2738,VAISHALI,5
2738,VASILIKI,5
2738,VENESSA,5
2738,VERONIKA,5
2738,VIOLA,5
2738,VISHALI,5
2738,WAFA,5
2738,WINNIE,5
2738,WINONA,5
2738,YAEL,5
2738,YANA,5
2738,YANNA,5
2738,YASAMIN,5
2738,YAZMINE,5
2738,YOUSRA,5
2738,YSABEL,5
2738,YUEN,5
2738,ZABRINA,5
2738,ZAINEB,5
2738,ZARINA,5
2738,ZOLA,5
2738,ZUBIA,5
3174,AAKIFAH,4
3174,AASIA,4
3174,ABISOLA,4
3174,ADAEZE,4
3174,ADEDAYO,4
3174,ADENA,4
3174,ADJOA,4
3174,AFNAN,4
3174,AFRA,4
3174,AFSHA,4
3174,AFSHAH,4
3174,AFSHAN,4
3174,AIDA,4
3174,AILA,4
3174,AIMA,4
3174,AIME,4
3174,AINSLIE,4
3174,AISHLING,4
3174,AISHWARYA,4
3174,AJA,4
3174,AJI,4
3174,ALANYA,4
3174,ALESI,4
3174,ALEXINA,4
3174,ALEYA,4
3174,ALIMAH,4
3174,ALTHEA,4
3174,ALVA,4
3174,ALYESHA,4
3174,ALYXANDRA,4
3174,AMAAL,4
3174,AMAARAH,4
3174,AMARNI,4
3174,AMBER-LEIGH,4
3174,AMBERLEY,4
3174,AMEERAH,4
3174,AMELIA-JANE,4
3174,AMIE-LOUISE,4
3174,AMILAH,4
3174,AMRA,4
3174,AMY-BETH,4
3174,ANDREIA,4
3174,ANEKA,4
3174,ANEST,4
3174,ANIA,4
3174,ANIKE,4
3174,ANISE,4
3174,ANNA-LEE,4
3174,ANNA-MAY,4
3174,ANNALIE,4
3174,ANNALIZE,4
3174,ANNELIESE,4
3174,ANNISA,4
3174,ANTONELLA,4
3174,ANTONIETTA,4
3174,ANUOLUWAPO,4
3174,APRYL,4
3174,AQEELAH,4
3174,ARCHANA,4
3174,AREFA,4
3174,ARIFA,4
3174,ARIFAH,4
3174,AROOB,4
3174,ARRIANNE,4
3174,ARWA,4
3174,ASHLING,4
3174,ASSIA,4
3174,ATHINA,4
3174,ATIA,4
3174,AVANI,4
3174,AYAAN,4
3174,AYANA,4
3174,AYEESHA,4
3174,AYESHAH,4
3174,AYSHE,4
3174,AZIZAH,4
3174,AZMINA,4
3174,BALDEEP,4
3174,BANITA,4
3174,BATSHEVA,4
3174,BAYLEE,4
3174,BEAU,4
3174,BECCI,4
3174,BELLE,4
3174,BERIVAN,4
3174,BETHANY-ANN,4
3174,BETHANY-JO,4
3174,BETHANY-ROSE,4
3174,BETHLEHEM,4
3174,BHAKTI,4
3174,BILLIE-JEAN,4
3174,BILLIE-RAE,4
3174,BILLY,4
3174,BISMA,4
3174,BLUE,4
3174,BOBBI-JO,4
3174,BOBBIE-LEIGH,4
3174,BREANNE,4
3174,BRITANY,4
3174,BRITNEY,4
3174,BRONIA,4
3174,BRONNEN,4
3174,BRYNIE,4
3174,BURCU,4
3174,BUSE,4
3174,CALLEY,4
3174,CAMEO,4
3174,CANDIS,4
3174,CARLOTTA,4
3174,CARMELLA,4
3174,CAROLE,4
3174,CARYL,4
3174,CASSEY,4
3174,CASSI,4
3174,CATHERINA,4
3174,CATHY,4
3174,CATIA,4
3174,CECILE,4
3174,CEIRE,4
3174,CEMILE,4
3174,CERIDWEN,4
3174,CERIS,4
3174,CEYLAN,4
3174,CHANCE,4
3174,CHANDA,4
3174,CHANDLER,4
3174,CHANTALLE,4
3174,CHARLETTE,4
3174,CHARMAIN,4
3174,CHARMIAN,4
3174,CHELBIE,4
3174,CHELSEA-LEE,4
3174,CHELSIE-LOUISE,4
3174,CHER,4
3174,CHESNEY,4
3174,CHEVELLE,4
3174,CHEY,4
3174,CHLOE-JADE,4
3174,CHOLE,4
3174,CIGDEM,4
3174,CLAIRA,4
3174,CLIODHNA,4
3174,COBY,4
3174,COLEEN,4
3174,COMFORT,4
3174,CONNOR,4
3174,CORAN,4
3174,COSIMA,4
3174,COURTNEY-LOUISE,4
3174,CRISTY,4
3174,CYDNIE,4
3174,DAIZY,4
3174,DAMILOLA,4
3174,DANAH,4
3174,DAVITA,4
3174,DELENN,4
3174,DELICIA,4
3174,DEMI-JAY,4
3174,DEMMI,4
3174,DERREN,4
3174,DERRYN,4
3174,DHANISHA,4
3174,DISNEY,4
3174,DIYA,4
3174,DOLLY,4
3174,DOMONIQUE,4
3174,DOROTHEA,4
3174,EBANY,4
3174,EBONI,4
3174,EBUNOLUWA,4
3174,ECHO,4
3174,EESHA,4
3174,EIREANN,4
3174,ELAIN,4
3174,ELISSE,4
3174,ELIVIA,4
3174,ELIZ,4
3174,ELIZAVETA,4
3174,ELLA-MAE,4
3174,ELLE-MAY,4
3174,ELLESE,4
3174,ELORA,4
3174,ELSBETH,4
3174,ELUNED,4
3174,EMI,4
3174,EMILEIGH,4
3174,EMILY-JO,4
3174,EMMA-JADE,4
3174,EMY,4
3174,ENIOLA,4
3174,ENO,4
3174,ENOLA,4
3174,EVAN,4
3174,EVANGELINA,4
3174,FAATIMA,4
3174,FAHIZA,4
3174,FAISA,4
3174,FARIAH,4
3174,FARNAZ,4
3174,FARRELL,4
3174,FATHEHA,4
3174,FATOU,4
3174,FATUMA,4
3174,FAWN,4
3174,FENN,4
3174,FFLUR,4
3174,FILZA,4
3174,FINLEY,4
3174,FINN,4
3174,FIONNA,4
3174,FIRDAWS,4
3174,FOLAKE,4
3174,FRANCIS,4
3174,FRANCISCA,4
3174,FREDA,4
3174,GABY,4
3174,GAMZE,4
3174,GENA,4
3174,GEORGE,4
3174,GERMAINE,4
3174,GIANNA,4
3174,GLORY,4
3174,GOLDIE,4
3174,GRACIA,4
3174,GULSHAN,4
3174,GUNAY,4
3174,GWENDOLINE,4
3174,HA,4
3174,HABIBAH,4
3174,HADIYA,4
3174,HAFIZAH,4
3174,HAJIRAH,4
3174,HALA,4
3174,HALEIGH,4
3174,HAMDI,4
3174,HAMERA,4
3174,HANAAN,4
3174,HANEEFAH,4
3174,HANEEN,4
3174,HANG,4
3174,HANIA,4
3174,HANNAH-ROSE,4
3174,HARJOT,4
3174,HARNEET,4
3174,HAWWA,4
3174,HAYAT,4
3174,HAYLEY-JANE,4
3174,HENNAH,4
3174,HIFSAH,4
3174,HIRAL,4
3174,HO,4
3174,HOLLY-MAE,4
3174,HUMAYRAA,4
3174,IBUKUNOLUWA,4
3174,IFFAT,4
3174,IFZA,4
3174,INAYAH,4
3174,INDERPREET,4
3174,INDIRA,4
3174,IOANNA,4
3174,ISLAY,4
3174,ISMAH,4
3174,ISOLDE,4
3174,ITALIA,4
3174,IYESHA,4
3174,IZABELA,4
3174,IZABELLE,4
3174,JACQUELYN,4
3174,JADESOLA,4
3174,JAGJIT,4
3174,JAID,4
3174,JAMI,4
3174,JAMIE-LEA,4
3174,JAMILLA,4
3174,JANAE,4
3174,JANEY,4
3174,JANINA,4
3174,JANITA,4
3174,JANVI,4
3174,JASKARAN,4
3174,JASMEEN,4
3174,JASMINDER,4
3174,JAVARIA,4
3174,JAYMEE-LEIGH,4
3174,JEANNIE,4
3174,JEENA,4
3174,JEEVAN,4
3174,JENNAH,4
3174,JERRY,4
3174,JESICA,4
3174,JESSICA-MAE,4
3174,JESSICA-ROSE,4
3174,JODEE,4
3174,JODIE-LEE,4
3174,JOEY,4
3174,JOLEY,4
3174,JORDANE,4
3174,JOURDAN,4
3174,JUDY,4
3174,JULIANNE,4
3174,JUMANA,4
3174,KA,4
3174,KADI,4
3174,KADISHA,4
3174,KAIJA,4
3174,KALEY,4
3174,KALLI,4
3174,KALLY,4
3174,KANA,4
3174,KAPRICE,4
3174,KARLEY,4
3174,KARMEN,4
3174,KARRIS,4
3174,KATELEN,4
3174,KATI,4
3174,KATIE-ANN,4
3174,KATIE-JANE,4
3174,KATIE-MAY,4
3174,KATRESE,4
3174,KAY-LEIGH,4
3174,KAYLAH,4
3174,KAYLEIGH-ANN,4
3174,KAZI,4
3174,KEILEIGH,4
3174,KERA,4
3174,KERRI-ANNE,4
3174,KERRIE-ANN,4
3174,KERRIE-ANNE,4
3174,KERRIGAN,4
3174,KERSHA,4
3174,KES,4
3174,KIRANDIP,4
3174,KIRIN,4
3174,KIRSTI,4
3174,KISHA,4
3174,KIYANA,4
3174,KOLSUMA,4
3174,KRISTIANA,4
3174,KYIA,4
3174,KYNA,4
3174,KYOMI,4
3174,LA,4
3174,LAMEES,4
3174,LAOISE,4
3174,LARISA,4
3174,LAURA-JAYNE,4
3174,LAXMI,4
3174,LAYNA,4
3174,LEANE,4
3174,LEE,4
3174,LEE-ANN,4
3174,LEEANN,4
3174,LEELA,4
3174,LEILAH,4
3174,LEXI,4
3174,LIMA,4
3174,LINNEA,4
3174,LISE,4
3174,LIZZIE,4
3174,LLEUCU,4
3174,LORELEI,4
3174,LORRETTA,4
3174,LOTTE,4
3174,LOUISHA,4
3174,LOULOU,4
3174,LUBABA,4
3174,LUCA,4
3174,LUCIENNE,4
3174,LUCKY,4
3174,LUCY-MAE,4
3174,LUCY-MAY,4
3174,LUKA,4
3174,LULA,4
3174,LYNETTE,4
3174,MADALEINE,4
3174,MADYSON,4
3174,MAGDA,4
3174,MAGENTA,4
3174,MAHFUZA,4
3174,MAHIMA,4
3174,MAIMOONAH,4
3174,MAJEDA,4
3174,MAKEDA,4
3174,MALA,4
3174,MANDIP,4
3174,MANEESHA,4
3174,MANIKA,4
3174,MANVEER,4
3174,MARIELLE,4
3174,MARILENA,4
3174,MARJANA,4
3174,MARLIE,4
3174,MARRIA,4
3174,MARRIUM,4
3174,MARTELL,4
3174,MARY-KATE,4
3174,MARYAMA,4
3174,MARYAN,4
3174,MARYLOU,4
3174,MATTIE,4
3174,MAUDE,4
3174,MAVISH,4
3174,MAYURI,4
3174,MEDI,4
3174,MEEGAN,4
3174,MEENA,4
3174,MEGANNE,4
3174,MEGGAN,4
3174,MEI,4
3174,MELISHA,4
3174,MELIZ,4
3174,MERIAM,4
3174,MERIEL,4
3174,MERYN,4
3174,MESHA,4
3174,MICHALA,4
3174,MILA,4
3174,MING,4
3174,MIRYAM,4
3174,MISBA,4
3174,MISTY,4
3174,MODUPE,4
3174,MOLLY-MAE,4
3174,MONIFAH,4
3174,MUNIRA,4
3174,NAA,4
3174,NAGINA,4
3174,NAGMA,4
3174,NAHEEDA,4
3174,NAIMH,4
3174,NAJIYAH,4
3174,NANCIE,4
3174,NARELLE,4
3174,NASEEMA,4
3174,NASHWA,4
3174,NASIRA,4
3174,NATISHA,4
3174,NAVJOT,4
3174,NAVPREET,4
3174,NEESHA,4
3174,NENEH,4
3174,NESTA,4
3174,NIALA,4
3174,NICHOL,4
3174,NICOLINA,4
3174,NICOLL,4
3174,NIDHI,4
3174,NIKETA,4
3174,NIKOLA,4
3174,NIMAH,4
3174,NIMISHA,4
3174,NISA,4
3174,NISHITA,4
3174,NON,4
3174,NOURA,4
3174,NOWSHIN,4
3174,NUMRA,4
3174,NYLA,4
3174,OLA,4
3174,OLAYEMI,4
3174,OLUWATOBILOBA,4
3174,OLUWATOMI,4
3174,OONA,4
3174,ORIANE,4
3174,PALLAVI,4
3174,PENNIE,4
3174,PERSIA,4
3174,POONAM,4
3174,PRABHJOT,4
3174,PREENA,4
3174,PREEYA,4
3174,PRIYAL,4
3174,QUEEN,4
3174,RABBIA,4
3174,RACHAL,4
3174,RACHELE,4
3174,RAHAT,4
3174,RAISHA,4
3174,RAKHEE,4
3174,RALIAT,4
3174,RAMISA,4
3174,RAMLA,4
3174,RAVEEN,4
3174,RAY,4
3174,RAYHANA,4
3174,RAYNE,4
3174,RAZEENA,4
3174,REANNON,4
3174,REBBECA,4
3174,REBECCA-LOUISE,4
3174,REBECKAH,4
3174,REKHA,4
3174,RENU,4
3174,RHEANNON,4
3174,RHONDA,4
3174,RIANNON,4
3174,RIDHI,4
3174,RISHA,4
3174,RIVER,4
3174,ROANNA,4
3174,ROHINI,4
3174,ROSALIA,4
3174,ROSHAN,4
3174,ROSLYN,4
3174,ROZEENA,4
3174,RUHENA,4
3174,RUKAIYA,4
3174,RUKSHANA,4
3174,RUNA,4
3174,RUZINA,4
3174,RYA,4
3174,RYANNE,4
3174,SAALIHAH,4
3174,SABIYA,4
3174,SAFIYE,4
3174,SAHANA,4
3174,SAHIMA,4
3174,SAIKA,4
3174,SAISHA,4
3174,SAJNI,4
3174,SAKINAH,4
3174,SALEEMA,4
3174,SALEMA,4
3174,SALIHAH,4
3174,SALIMAH,4
3174,SALMAA,4
3174,SAMANTA,4
3174,SAMEERAH,4
3174,SAMI,4
3174,SAMIAH,4
3174,SAMIHAH,4
3174,SARAH-JAYNE,4
3174,SAREENA,4
3174,SARIAH,4
3174,SAWDA,4
3174,SAYEEDA,4
3174,SEANAGH,4
3174,SEDA,4
3174,SEETAL,4
3174,SENA,4
3174,SERISH,4
3174,SHAANA,4
3174,SHADE,4
3174,SHAGUFTA,4
3174,SHAHARA,4
3174,SHAHIMA,4
3174,SHAMEELA,4
3174,SHAMIM,4
3174,SHANAI,4
3174,SHANIAH,4
3174,SHANNIE,4
3174,SHARLA,4
3174,SHARNAH,4
3174,SHARNAI,4
3174,SHARNAY,4
3174,SHARNNA,4
3174,SHAUNA-LEA,4
3174,SHAUNAH,4
3174,SHEINA,4
3174,SHELBEY,4
3174,SHEVAUN,4
3174,SHIONA,4
3174,SHUME,4
3174,SHWETA,4
3174,SIDHRA,4
3174,SIERRA,4
3174,SIMARAN,4
3174,SIMISOLA,4
3174,SIMRANJIT,4
3174,SKIE,4
3174,SOFINA,4
3174,SOFIYA,4
3174,SOMAYYA,4
3174,SONJA,4
3174,SOPHIE-MAY,4
3174,SOPHIE-ROSE,4
3174,STAISHA,4
3174,STEPHENIE,4
3174,STEVI,4
3174,SUE,4
3174,SUMAH,4
3174,SUMMAR,4
3174,SUNNA,4
3174,SURINA,4
3174,SYDNEE,4
3174,SYRA,4
3174,TAHERA,4
3174,TAI,4
3174,TAJAH,4
3174,TALA,4
3174,TALLULA,4
3174,TAMINA,4
3174,TAMMI,4
3174,TANEKA,4
3174,TANZILA,4
3174,TARA-JADE,4
3174,TARANPREET,4
3174,TARIN,4
3174,TASHARNA,4
3174,TATYANA,4
3174,TAVIA,4
3174,TAYABA,4
3174,TAYLOR-ANN,4
3174,TAYYEBA,4
3174,TEA,4
3174,TEIA,4
3174,TENNILLE,4
3174,TERI-ANN,4
3174,TERRI-ANNE,4
3174,TERRI-LOUISE,4
3174,TEYA,4
3174,THAMANNA,4
3174,THAMINA,4
3174,THANIA,4
3174,THASLIMA,4
3174,THEADORA,4
3174,THERESE,4
3174,THUY,4
3174,TIA-ROSE,4
3174,TIARA,4
3174,TIGER,4
3174,TILDA,4
3174,TIYANNA,4
3174,TOLULOPE,4
3174,TONI-LEIGH,4
3174,TRULY,4
3174,TUGCE,4
3174,TULA,4
3174,UCHENNA,4
3174,UMARA,4
3174,UZOAMAKA,4
3174,VALERIA,4
3174,VICKIE,4
3174,WAI,4
3174,WAJIHAH,4
3174,WITNEY,4
3174,YOLANDE,4
3174,YSABELLA,4
3174,YUKI,4
3174,ZAHIDA,4
3174,ZAIBA,4
3174,ZAINAH,4
3174,ZAKIYA,4
3174,ZAKIYYA,4
3174,ZARQA,4
3174,ZARRIN,4
3174,ZEYNAB,4
3174,ZOE-LOUISE,4
3174,ZOWIE,4
3174,ZULAIKHAH,4
3824,AA'ISHAH,3
3824,AALIAH,3
3824,AAMIRA,3
3824,AANYA,3
3824,AATIKA,3
3824,AATIQAH,3
3824,ABAGAIL,3
3824,ABBEYGALE,3
3824,ABBIE-JO,3
3824,ABBIE-LEIGH,3
3824,ABBIEGAIL,3
3824,ABBIEGALE,3
3824,ABBYGAYLE,3
3824,ABEDA,3
3824,ABENA,3
3824,ABIE,3
3824,ABIMBOLA,3
3824,ABINAYA,3
3824,ABIRAMI,3
3824,ABRAR,3
3824,ABY,3
3824,ABYAN,3
3824,ADARA,3
3824,ADEDOYIN,3
3824,ADEENA,3
3824,ADEL,3
3824,ADETOLA,3
3824,ADONIA,3
3824,ADRIEN,3
3824,AERIN,3
3824,AFEEFA,3
3824,AFIFA,3
3824,AFIFAH,3
3824,AFRICA,3
3824,AFSARA,3
3824,AFSHEEN,3
3824,AIDEEN,3
3824,AILBHE,3
3824,AILISHA,3
3824,AIMAN,3
3824,AIMIEE,3
3824,AIMY,3
3824,AINSLEIGH,3
3824,AISYA,3
3824,AIYA,3
3824,AIYANA,3
3824,AKILAH,3
3824,AKUA,3
3824,ALARA,3
3824,ALASKA,3
3824,ALAYAH,3
3824,ALEYNA,3
3824,ALIAA,3
3824,ALICE-MAE,3
3824,ALIEA,3
3824,ALINE,3
3824,ALIS,3
3824,ALISHA-MARIE,3
3824,ALISHEA,3
3824,ALIXANDRA,3
3824,ALLA,3
3824,ALLISHA,3
3824,ALONA,3
3824,ALYSHEA,3
3824,AMALIE,3
3824,AMANDINE,3
3824,AMANIE,3
3824,AMARACHI,3
3824,AME,3
3824,AMEENAH,3
3824,AMEL,3
3824,AMELIA-ROSE,3
3824,AMETHYST,3
3824,AMMA,3
3824,AMMAARA,3
3824,AMUN,3
3824,AMY-MAY,3
3824,AMYLEA,3
3824,ANABELLE,3
3824,ANDRIANNA,3
3824,ANESA,3
3824,ANEZKA,3
3824,ANFAL,3
3824,ANGELIKA,3
3824,ANIELA,3
3824,ANIELLA,3
3824,ANIESHA,3
3824,ANITHA,3
3824,ANKITA,3
3824,ANNA-MAE,3
3824,ANNA-ROSE,3
3824,ANNAH,3
3824,ANNALESE,3
3824,ANNAM,3
3824,ANNAMARIE,3
3824,ANNELI,3
3824,ANNELISE,3
3824,ANNICE,3
3824,ANNIE-MAE,3
3824,ANNISHA,3
3824,ANNUM,3
3824,ANOKHI,3
3824,ANONA,3
3824,ANOUK,3
3824,APHRA,3
3824,ARIANWEN,3
3824,ARIELLE,3
3824,ARISA,3
3824,ARLENE,3
3824,AROUSA,3
3824,ARYA,3
3824,ASHLEAH,3
3824,ASHLI,3
3824,ASHLIN,3
3824,ASHNI,3
3824,ASHWINI,3
3824,ASIAH,3
3824,ASIYAH,3
3824,ASRA,3
3824,ATALYA,3
3824,ATIFA,3
3824,ATINUKE,3
3824,ATIYYAH,3
3824,ATLANTIS,3
3824,AVIGAIL,3
3824,AVITA,3
3824,AWEL,3
3824,AWO,3
3824,AYAKA,3
3824,AYEASHA,3
3824,AYESHIA,3
3824,AYLISHA,3
3824,AYSA,3
3824,AYSEL,3
3824,AYSHEA,3
3824,AZEEMA,3
3824,AZIZA,3
3824,BABITA,3
3824,BAHAR,3
3824,BAILLIE,3
3824,BAYA,3
3824,BECA,3
3824,BEIBHINN,3
3824,BELEN,3
3824,BENEDICTE,3
3824,BERYL,3
3824,BESSIE,3
3824,BETHANY-ANNE,3
3824,BETHENY,3
3824,BEULAH,3
3824,BHAVNEET,3
3824,BHUMIKA,3
3824,BILLIE-JAY,3
3824,BILLIE-JOE,3
3824,BILLIE-MAY,3
3824,BILLIEJO,3
3824,BINAL,3
3824,BINTA,3
3824,BLAIRE,3
3824,BLAKE,3
3824,BO,3
3824,BRANDY,3
3824,BRIANNAH,3
3824,BRIANNE,3
3824,BRIAR,3
3824,BRIDE,3
3824,BRIERLEY,3
3824,BRIGIT,3
3824,BRITANNY,3
3824,BRITTANNY,3
3824,BRITTONY,3
3824,BROGEN,3
3824,BROMWYN,3
3824,BROOKLYNE,3
3824,BRUCHA,3
3824,BRYONEY,3
3824,BRYONNY,3
3824,BUDDUG,3
3824,CADI,3
3824,CAIRA,3
3824,CAITLAIN,3
3824,CAITLEN,3
3824,CAITLUN,3
3824,CAITLYNN,3
3824,CALEY,3
3824,CAMELLIA,3
3824,CAMILLIA,3
3824,CAMISHA,3
3824,CANSEL,3
3824,CARI-ANN,3
3824,CARLI,3
3824,CARLISHA,3
3824,CARLY-ANNE,3
3824,CARRIE-ANN,3
3824,CARRIEANNE,3
3824,CARRIS,3
3824,CASEY-JANE,3
3824,CASEY-LEE,3
3824,CASEY-LEIGH,3
3824,CASSIE-ANN,3
3824,CASSY,3
3824,CECILIE,3
3824,CEE-JAY,3
3824,CEEJAY,3
3824,CEMALIYE,3
3824,CERYN,3
3824,CHALICE,3
3824,CHANDRIKA,3
3824,CHANTAE,3
3824,CHARDONAY,3
3824,CHARLEY-ANN,3
3824,CHARLEY-ANNE,3
3824,CHARLEY-LOUISE,3
3824,CHARLIE-LOUISE,3
3824,CHARNA,3
3824,CHARNE,3
3824,CHARNEY,3
3824,CHARYS,3
3824,CHAUNTELLE,3
3824,CHAYE,3
3824,CHELSEA-ANN,3
3824,CHENAY,3
3824,CHERIDAN,3
3824,CHERRELLE,3
3824,CHEVON,3
3824,CHLOE-ROSE,3
3824,CHLOEY,3
3824,CHRISSY,3
3824,CHRISTALLA,3
3824,CHRISTI,3
3824,CLARRISA,3
3824,CLODIE,3
3824,CORI,3
3824,CORIN,3
3824,CORNELIA,3
3824,CORRYN,3
3824,COURTNEE,3
3824,COURTNEY-JANE,3
3824,COURTNEY-MARIE,3
3824,COURTNEY-PAIGE,3
3824,CRISTA,3
3824,CYAN,3
3824,CYRA,3
3824,DAENA,3
3824,DAHLIA,3
3824,DAISI,3
3824,DAISY-MAE,3
3824,DAISY-MAI,3
3824,DALE,3
3824,DAMINI,3
3824,DANISHA,3
3824,DANNI-LEIGH,3
3824,DANYELLE,3
3824,DARRIAN,3
3824,DARSHANA,3
3824,DAYLE,3
3824,DEANNA-MARIE,3
3824,DEARBHLA,3
3824,DEEPALI,3
3824,DEEVA,3
3824,DEIRDRE,3
3824,DEMEE,3
3824,DEMI-MARIE,3
3824,DEMILEE,3
3824,DENISHA,3
3824,DERYA,3
3824,DESTINEE,3
3824,DEVANSHI,3
3824,DEWAN,3
3824,DIAMOND,3
3824,DIANDRA,3
3824,DIELLZA,3
3824,DIMITRA,3
3824,DISHA,3
3824,DJAMILA,3
3824,DORSA,3
3824,DOYINSOLA,3
3824,EANNA,3
3824,EBBIE,3
3824,ECE,3
3824,EDDI,3
3824,EDIL,3
3824,EDINA,3
3824,EISHA,3
3824,EITHNE,3
3824,ELANNA,3
3824,ELEANOR-ROSE,3
3824,ELENYA,3
3824,ELEONORE,3
3824,ELHAM,3
3824,ELISHEBA,3
3824,ELISSIA,3
3824,ELIZE,3
3824,ELKIE,3
3824,ELLA-MARIE,3
3824,ELLAMAY,3
3824,ELLE-JO,3
3824,ELLE-MAI,3
3824,ELLE-ROSE,3
3824,ELLIE-JAE,3
3824,ELLIE-JANE,3
3824,ELLIE-JAY,3
3824,ELLIE-JO,3
3824,ELLIESE,3
3824,ELLISA,3
3824,ELLISON,3
3824,ELLISSE,3
3824,ELLORA,3
3824,ELYNOR,3
3824,EMEFA,3
3824,EMELINE,3
3824,EMILEY,3
3824,EMMA-JO,3
3824,EMMA-LEA,3
3824,EMMALENE,3
3824,EMMALOUISE,3
3824,ENA,3
3824,ENNA,3
3824,EPIPHANY,3
3824,ERYKAH,3
3824,ESHE,3
3824,ESMERALDA,3
3824,ESTER,3
3824,EUGENIA,3
3824,EVELINA,3
3824,EVELINE,3
3824,EVELYNNE,3
3824,EVIE-ROSE,3
3824,EZME,3
3824,EZRA,3
3824,FABIANA,3
3824,FADUMA,3
3824,FAHRIN,3
3824,FARHA,3
3824,FARHAT,3
3824,FARZEEN,3
3824,FATEMAH,3
3824,FATIN,3
3824,FATOUMATA,3
3824,FAYOLA,3
3824,FEARN,3
3824,FELESHA,3
3824,FILIZ,3
3824,FINTY,3
3824,FOLASHADE,3
3824,FRANCESKA,3
3824,FRANKI,3
3824,FRANZISKA,3
3824,GABBY,3
3824,GABRIELE,3
3824,GAGANPREET,3
3824,GEMIMA,3
3824,GEORGENA,3
3824,GEORGY,3
3824,GERRI,3
3824,GHAZALA,3
3824,GHULAM,3
3824,GILA,3
3824,GIORGINA,3
3824,GOPIKA,3
3824,GREER,3
3824,GULSAH,3
3824,GURKIRAN,3
3824,GURLEEN,3
3824,GURNEET,3
3824,GURSHARON,3
3824,HAAJARAH,3
3824,HADEEL,3
3824,HADEEQAH,3
3824,HADIA,3
3824,HADIKA,3
3824,HADIYAH,3
3824,HADIZA,3
3824,HAFEEZA,3
3824,HAIDEE,3
3824,HAIKA,3
3824,HALAINA,3
3824,HANEEFA,3
3824,HANIAH,3
3824,HANNAA,3
3824,HARISAH,3
3824,HARJINDER,3
3824,HARLEE,3
3824,HARMEET,3
3824,HARRIS,3
3824,HARSIMRAT,3
3824,HAVANA,3
3824,HAYA,3
3824,HAZRA,3
3824,HEERAL,3
3824,HELAYNA,3
3824,HEMMA,3
3824,HENAL,3
3824,HEPHZIBAH,3
3824,HEULWEN,3
3824,HIBAAQ,3
3824,HIFSA,3
3824,HILDA,3
3824,HIMANI,3
3824,HINAL,3
3824,HIROKO,3
3824,HOI,3
3824,HOLLIE-ANNE,3
3824,HOLLY-LOUISE,3
3824,HOUDA,3
3824,HUMAIRAH,3
3824,HUMARA,3
3824,HUMMA,3
3824,IANTHE,3
3824,IFSA,3
3824,IJEOMA,3
3824,IKEOLUWA,3
3824,ILHAM,3
3824,ILHAN,3
3824,ILSA,3
3824,IMANA,3
3824,IMELDA,3
3824,INDEA,3
3824,INDIAH,3
3824,INOLA,3
3824,IOLA,3
3824,IONI,3
3824,IRELAND,3
3824,ISRAH,3
3824,JABEEN,3
3824,JACE,3
3824,JACIE,3
3824,JACQUI,3
3824,JADEAN,3
3824,JADEEN,3
3824,JAIDA,3
3824,JAIDE,3
3824,JAINABA,3
3824,JAINI,3
3824,JAMAICA,3
3824,JAMEELA,3
3824,JAMELIA,3
3824,JAMEY,3
3824,JANANI,3
3824,JANNATUL,3
3824,JASBIR,3
3824,JASKIRAT,3
3824,JASMYNE,3
3824,JASNEET,3
3824,JASVEEN,3
3824,JASVINDER,3
3824,JASWINDER,3
3824,JAYLEIGH,3
3824,JAZ,3
3824,JEANETTE,3
3824,JEANNA,3
3824,JEANNE,3
3824,JEMILA,3
3824,JEMINA,3
3824,JENAE,3
3824,JENEVIEVE,3
3824,JENIKA,3
3824,JENINE,3
3824,JERUSHA,3
3824,JESCA,3
3824,JESSAMINE,3
3824,JESSAMYN,3
3824,JESSI,3
3824,JESSICA-JADE,3
3824,JESSIE-LEIGH,3
3824,JESSIE-MAY,3
3824,JESSIKAH,3
3824,JESSY,3
3824,JILLIAN,3
3824,JIORDAN,3
3824,JO-ANNE,3
3824,JODHI,3
3824,JODIE-MAY,3
3824,JODINE,3
3824,JOHANNAH,3
3824,JOLEEN,3
3824,JORGE,3
3824,JORJIA,3
3824,JOSE,3
3824,JOSEY,3
3824,JOSIE-LEIGH,3
3824,JOURDAIN,3
3824,JOVANA,3
3824,JOYA,3
3824,JUHI,3
3824,JUMAIMA,3
3824,JUWAYRIA,3
3824,KADIZA,3
3824,KADY,3
3824,KAHLAN,3
3824,KAIA,3
3824,KAILEE,3
3824,KAILEIGH,3
3824,KAITLEN,3
3824,KAJA,3
3824,KALIE,3
3824,KALIFA,3
3824,KALILA,3
3824,KAMALDEEP,3
3824,KAMALJIT,3
3824,KAMISHA,3
3824,KANAKO,3
3824,KANISHA,3
3824,KARANDEEP,3
3824,KAREEMAH,3
3824,KARIMAH,3
3824,KARINE,3
3824,KARISHA,3
3824,KARLEE,3
3824,KARMA,3
3824,KARRIGAN,3
3824,KARRINA,3
3824,KARYN,3
3824,KASTHURI,3
3824,KATELYNE,3
3824,KATIEANNE,3
3824,KATISHA,3
3824,KATLIN,3
3824,KATRIN,3
3824,KATRYNA,3
3824,KAYDI,3
3824,KAYLEIGH-LOUISE,3
3824,KAYLEIGH-MARIE,3
3824,KAYLIEGH,3
3824,KC,3
3824,KEARNA,3
3824,KEAVY,3
3824,KEELI,3
3824,KEERAT,3
3824,KEILA,3
3824,KEILEY,3
3824,KEIRRA,3
3824,KELCI,3
3824,KELLEY,3
3824,KELLY-JO,3
3824,KELSA,3
3824,KELSEY-LEIGH,3
3824,KELSY,3
3824,KENDEL,3
3824,KENNA,3
3824,KENZIE,3
3824,KERI-ANN,3
3824,KERIS,3
3824,KERRY-LOUISE,3
3824,KERRYANN,3
3824,KERYN,3
3824,KESHA,3
3824,KETSIA,3
3824,KEYA,3
3824,KHADIGA,3
3824,KHADIJAT,3
3824,KHAILA,3
3824,KHALIDA,3
3824,KHALISAH,3
3824,KHAWLA,3
3824,KHIZRA,3
3824,KHUSHALI,3
3824,KIEGAN,3
3824,KIERAH,3
3824,KIMBERLEE,3
3824,KIMBERLEIGH,3
3824,KIMIA,3
3824,KIMIYA,3
3824,KINJAL,3
3824,KIONA,3
3824,KIRA-NERYS,3
3824,KIRANPREET,3
3824,KIRANVEER,3
3824,KIRSTY-MARIE,3
3824,KIRTI,3
3824,KIYAH,3
3824,KLAUDIA,3
3824,KOWSAR,3
3824,KRYSTINA,3
3824,KYLER,3
3824,KYRIA,3
3824,KYRIAKI,3
3824,KYRIE,3
3824,LADAN,3
3824,LAIKEN,3
3824,LAILAH,3
3824,LAIQA,3
3824,LAISHA,3
3824,LAKESHA,3
3824,LAKISHA,3
3824,LAMIA,3
3824,LAREB,3
3824,LASHAN,3
3824,LASHARN,3
3824,LASHARNE,3
3824,LATIA,3
3824,LATITIA,3
3824,LATOYAH,3
3824,LAURA-ANNE,3
3824,LAURA-BETH,3
3824,LAURI,3
3824,LAURICE,3
3824,LAURREN,3
3824,LAYNE,3
3824,LEANA,3
3824,LEANN,3
3824,LEASHA,3
3824,LEE-ANNE,3
3824,LEEMA,3
3824,LEIGH-ANNA,3
3824,LEINA,3
3824,LELAINA,3
3824,LENNIE,3
3824,LEONNE,3
3824,LEONY,3
3824,LETTY,3
3824,LEXIE,3
3824,LIBBI,3
3824,LILAC,3
3824,LILLY-MAY,3
3824,LILY-ANNE,3
3824,LILY-MAI,3
3824,LILY-ROSE,3
3824,LINH,3
3824,LIORA,3
3824,LISETTE,3
3824,LLIWEN,3
3824,LORIEN,3
3824,LOUANNE,3
3824,LOUELLA,3
3824,LOUIZA,3
3824,LUANA,3
3824,LUANNE,3
3824,LUCHIA,3
3824,LUCRETIA,3
3824,LUCY-ANNA,3
3824,LUCY-JAYNE,3
3824,LUCYANNE,3
3824,LUISE,3
3824,LUNED,3
3824,LUWAM,3
3824,MACEY,3
3824,MACHAELA,3
3824,MACIE,3
3824,MACY,3
3824,MADALIN,3
3824,MADALINE,3
3824,MADEHA,3
3824,MADHVI,3
3824,MAGDALEN,3
3824,MAHAM,3
3824,MAHBUBA,3
3824,MAHDIYYAH,3
3824,MAHIDA,3
3824,MAHIRA,3
3824,MAHISHA,3
3824,MAHNAZ,3
3824,MAIGAN,3
3824,MAISIE-JANE,3
3824,MAIVISH,3
3824,MALINI,3
3824,MANINDER,3
3824,MANJINDER,3
3824,MARIE-CLAIRE,3
3824,MARIEM,3
3824,MARIESHA,3
3824,MARIETTE,3
3824,MARIGOLD,3
3824,MARIHAH,3
3824,MARINE,3
3824,MARLA,3
3824,MARLENE,3
3824,MARLI,3
3824,MARRIYAH,3
3824,MARY-JAYNE,3
3824,MARY-LOU,3
3824,MARY-LOUISE,3
3824,MARYAH,3
3824,MARYIAM,3
3824,MARZANA,3
3824,MATTEA,3
3824,MAWGAN,3
3824,MAXIME,3
3824,MAYESHA,3
3824,MEADHBH,3
3824,MEGAN-LEIGH,3
3824,MEGGIE,3
3824,MEGHNA,3
3824,MEHMOONA,3
3824,MEI-LING,3
3824,MEINIR,3
3824,MEISHA,3
3824,MELAINA,3
3824,MELAINE,3
3824,MELENA,3
3824,MELVINA,3
3824,MEMOONA,3
3824,MEMUNA,3
3824,MERAL,3
3824,MERCEDIE,3
3824,MEREL,3
3824,MERIEM,3
3824,MERISSA,3
3824,MERITA,3
3824,MERLE,3
3824,MIA-LOUISE,3
3824,MICAH,3
3824,MIKAH,3
3824,MIKEALA,3
3824,MILLA,3
3824,MOLLIE-ANN,3
3824,MOLLIE-ANNE,3
3824,MOMINAH,3
3824,MONAE,3
3824,MONEEBA,3
3824,MONIFA,3
3824,MONIRA,3
3824,MOONISAH,3
3824,MORENIKE,3
3824,MORGANA,3
3824,MOSAMMAT,3
3824,MOTUNRAYO,3
3824,MOYOSORE,3
3824,MU'MINAH,3
3824,MUHSINA,3
3824,MUNEEBAH,3
3824,MUNIRAH,3
3824,MURREN,3
3824,MUSAMMAT,3
3824,MUSAMMOD,3
3824,NAAILA,3
3824,NADENE,3
3824,NADIN,3
3824,NADJA,3
3824,NAFEEZA,3
3824,NAIOMI,3
3824,NAJAH,3
3824,NANAMI,3
3824,NARGIS,3
3824,NASEEM,3
3824,NASRIN,3
3824,NASTASSJA,3
3824,NATALIJA,3
3824,NATANYA,3
3824,NATASIA,3
3824,NATE,3
3824,NATHALIA,3
3824,NAUSHEEN,3
3824,NAYANA,3
3824,NAYLA,3
3824,NAZMEEN,3
3824,NAZMINA,3
3824,NAZNIN,3
3824,NEDA,3
3824,NEELUM,3
3824,NEGIN,3
3824,NEISHA,3
3824,NENA,3
3824,NESHA,3
3824,NETTA,3
3824,NGOC,3
3824,NHI,3
3824,NIDAH,3
3824,NIDHA,3
3824,NIKOLE,3
3824,NIKOU,3
3824,NILA,3
3824,NILANI,3
3824,NIMO,3
3824,NISBAH,3
3824,NISHATH,3
3824,NJERI,3
3824,NOHA,3
3824,NOLA,3
3824,NUSHRAT,3
3824,NUSRATH,3
3824,NUZHAT,3
3824,NYOMI,3
3824,OGECHI,3
3824,OLOLADE,3
3824,OLUTOMI,3
3824,OLUWADARA,3
3824,OLUWAPELUMI,3
3824,OLUWATOMISIN,3
3824,OLUWATOYIN,3
3824,OLUWATUMININU,3
3824,OMOLADE,3
3824,OMOTOLA,3
3824,OMOWUNMI,3
3824,ONOME,3
3824,OPEOLUWA,3
3824,OPEYEMI,3
3824,ORIANNA,3
3824,PAAYAL,3
3824,PAGEN,3
3824,PAIGEN,3
3824,PAKEEZAH,3
3824,PAULINA,3
3824,PENINA,3
3824,PHILIPA,3
3824,PHOEBIE,3
3824,PHYLLIDA,3
3824,PIPER,3
3824,POPPI,3
3824,PORCIA,3
3824,PRABJOT,3
3824,PRINA,3
3824,PRITI,3
3824,PURDY,3
3824,QUDSIYAH,3
3824,RA'EESAH,3
3824,RABAB,3
3824,RACHNA,3
3824,RACQUEL,3
3824,RADEYAH,3
3824,RADIYAH,3
3824,RAE-ANNE,3
3824,RAEANNE,3
3824,RAFIA,3
3824,RAHBIA,3
3824,RAHELA,3
3824,RAHILA,3
3824,RAHIMAH,3
3824,RAIZEL,3
3824,RAJNA,3
3824,RAJVINDER,3
3824,RAKHI,3
3824,RAKIYA,3
3824,RAMEESHA,3
3824,RAMESHA,3
3824,RAMISHA,3
3824,RAMONE,3
3824,RANYA,3
3824,RAPHAELA,3
3824,RASHAUN,3
3824,RASHEEDA,3
3824,RASHIDAT,3
3824,RASNA,3
3824,RAWAN,3
3824,RAYAN,3
3824,RAYANN,3
3824,RAYANNA,3
3824,REANN,3
3824,REANNAH,3
3824,REBA,3
3824,REESE,3
3824,REHA,3
3824,REHANNA,3
3824,REISEL,3
3824,REMMI,3
3824,RENATA,3
3824,RENAY,3
3824,RENEA,3
3824,RENEECE,3
3824,RHIAIN,3
3824,RIANN,3
3824,RIARNA,3
3824,RIDDHI,3
3824,RIFAH,3
3824,RIKAYA,3
3824,RIONA,3
3824,RISAKO,3
3824,ROBBYN,3
3824,ROBINA,3
3824,ROMESA,3
3824,ROMILY,3
3824,ROSALEEN,3
3824,ROSAMOND,3
3824,ROSANNE,3
3824,ROSEANN,3
3824,ROSEMIN,3
3824,ROSHANA,3
3824,ROSITA,3
3824,ROXI,3
3824,ROYA,3
3824,ROZALIA,3
3824,RUBEENA,3
3824,RUBIE,3
3824,RUKHSANA,3
3824,RUMER,3
3824,RUMINA,3
3824,RYANNA,3
3824,SAADIAH,3
3824,SABAHAT,3
3824,SABEEHA,3
3824,SABEENA,3
3824,SABERA,3
3824,SABIRA,3
3824,SACHI,3
3824,SAE,3
3824,SAEEDA,3
3824,SAFFIA,3
3824,SAFFIYAH,3
3824,SAFI,3
3824,SAFIAH,3
3824,SAFIRA,3
3824,SAHDIA,3
3824,SAHER,3
3824,SAKEENA,3
3824,SAKSHI,3
3824,SALI,3
3824,SALIA,3
3824,SALLY-ANNE,3
3824,SALOME,3
3824,SALONI,3
3824,SAMEEYA,3
3824,SAMERAH,3
3824,SANEELA,3
3824,SANJANA,3
3824,SAPHINA,3
3824,SAPHIRE,3
3824,SAPHRON,3
3824,SAPPHIRA,3
3824,SARAHLOUISE,3
3824,SARITA,3
3824,SARRA,3
3824,SARRAH,3
3824,SAUDAH,3
3824,SAVANAGH,3
3824,SAYEMA,3
3824,SAYRA,3
3824,SCARLETTE,3
3824,SCOUT,3
3824,SEANNA,3
3824,SEERAT,3
3824,SEHR,3
3824,SELENE,3
3824,SELINE,3
3824,SEMA,3
3824,SEMHAR,3
3824,SERAFINA,3
3824,SERAN,3
3824,SERAPHINA,3
3824,SEREENA,3
3824,SEVCAN,3
3824,SEVDA,3
3824,SHADI,3
3824,SHADIA,3
3824,SHAFAQ,3
3824,SHAHENA,3
3824,SHAHIRA,3
3824,SHAIANNE,3
3824,SHAILEE,3
3824,SHAIMAA,3
3824,SHAIRA,3
3824,SHAJIDA,3
3824,SHALEIGH,3
3824,SHALEY,3
3824,SHALINA,3
3824,SHAMILAH,3
3824,SHAMINA,3
3824,SHANE,3
3824,SHANEECE,3
3824,SHANELL,3
3824,SHANITA,3
3824,SHANNAY,3
3824,SHANNON-MARIE,3
3824,SHANTA,3
3824,SHANTAI,3
3824,SHANTAY,3
3824,SHAQUILLA,3
3824,SHAREE,3
3824,SHARIAH,3
3824,SHARICE,3
3824,SHARIQA,3
3824,SHARNEE,3
3824,SHARNELLE,3
3824,SHARONJEET,3
3824,SHARONJIT,3
3824,SHAUNTELLE,3
3824,SHAVONNE,3
3824,SHAWNEE,3
3824,SHAWNIE,3
3824,SHAYLEIGH,3
3824,SHAYMAA,3
3824,SHEIKA,3
3824,SHEKIRA,3
3824,SHEMA,3
3824,SHENAE,3
3824,SHENAY,3
3824,SHENIKA,3
3824,SHENIZ,3
3824,SHEREECE,3
3824,SHERENE,3
3824,SHERIECE,3
3824,SHERRI,3
3824,SHIALA,3
3824,SHIAN,3
3824,SHIANN,3
3824,SHIMA,3
3824,SHIRELLE,3
3824,SHIVALI,3
3824,SHONAGH,3
3824,SHORIFA,3
3824,SHREE,3
3824,SHRUTHI,3
3824,SHRUTI,3
3824,SHYANN,3
3824,SIANIE,3
3824,SIDDIQA,3
3824,SIDDIQAH,3
3824,SIHAM,3
3824,SILAN,3
3824,SILVIA,3
3824,SIMERAN,3
3824,SIMGE,3
3824,SIMI,3
3824,SIMMONE,3
3824,SIMRATH,3
3824,SINDY,3
3824,SIRIOL,3
3824,SITARA,3
3824,SIVAN,3
3824,SIYA,3
3824,SOHINI,3
3824,SOKAINA,3
3824,SOMAYA,3
3824,SONA,3
3824,SOPHIE-JO,3
3824,SOPHIEANN,3
3824,SORA,3
3824,SORRELLE,3
3824,STASSY,3
3824,STEFFANIE,3
3824,STEPHANI,3
3824,STEVIE-JO,3
3824,STEVIE-LOUISE,3
3824,SUBRINA,3
3824,SUGRA,3
3824,SUHA,3
3824,SUHAYLAH,3
3824,SUKHDEEP,3
3824,SUKI,3
3824,SULTAN,3
3824,SUMIYYA,3
3824,SUMMAYA,3
3824,SUMMER-LOUISE,3
3824,SUNDAY,3
3824,SUNDHAS,3
3824,SUNIA,3
3824,SUNNAH,3
3824,SUNSHINE,3
3824,SUSANA,3
3824,SUSANNE,3
3824,SWATI,3
3824,T'YANNA,3
3824,TAAIBAH,3
3824,TABASSAM,3
3824,TAEGAN,3
3824,TAHIA,3
3824,TAHIYA,3
3824,TAHSEEN,3
3824,TAIA,3
3824,TAL,3
3824,TALIAH,3
3824,TAMASIN,3
3824,TAMI,3
3824,TAMLIN,3
3824,TAMMIE,3
3824,TANGINA,3
3824,TANICHA,3
3824,TANISHIA,3
3824,TANJILA,3
3824,TANNA,3
3824,TARA-MARIE,3
3824,TARAH,3
3824,TARANDEEP,3
3824,TARANNUM,3
3824,TASFIA,3
3824,TASHAN,3
3824,TASLEEM,3
3824,TASLEEMA,3
3824,TASMIAH,3
3824,TAYLA-ANN,3
3824,TAYLOR-JANE,3
3824,TAYLOR-JAYNE,3
3824,TAYYIBA,3
3824,TEAN,3
3824,TEJA,3
3824,TEMIDAYO,3
3824,TEMILOLA,3
3824,TENESHA,3
3824,TERRI-LEIGH,3
3824,THANH,3
3824,THOMASINA,3
3824,TILLI,3
3824,TINASHE,3
3824,TINIKA,3
3824,TISHA,3
3824,TIYA,3
3824,TIYANA,3
3824,TOBY,3
3824,TOLUWALOPE,3
3824,TOLUWANIMI,3
3824,TOMMY,3
3824,TONIKA,3
3824,TONYA,3
3824,TORAL,3
3824,TORI-LEIGH,3
3824,TRACIE,3
3824,TREA,3
3824,TREVYN,3
3824,TROI,3
3824,TRYPHENA,3
3824,TYA,3
3824,TYANA,3
3824,TYESHA,3
3824,UBAH,3
3824,UMAH,3
3824,UMAIMA,3
3824,UMAIRA,3
3824,UMM,3
3824,URVASHI,3
3824,USMA,3
3824,VARSHA,3
3824,VEENA,3
3824,VERONIQUE,3
3824,VIDA,3
3824,VIVIANA,3
3824,WAN,3
3824,WASIMA,3
3824,WEDNESDAY,3
3824,XANTIA,3
3824,YAA,3
3824,YAGMUR,3
3824,YAIZA,3
3824,YELIZ,3
3824,YEMAYA,3
3824,YEN,3
3824,YING,3
3824,YSOBEL,3
3824,YSOBELLA,3
3824,YU,3
3824,YVES,3
3824,ZAAKIRAH,3
3824,ZALIKA,3
3824,ZANNA,3
3824,ZAREENA,3
3824,ZARIN,3
3824,ZARKA,3
3824,ZARTASHA,3
3824,ZEA,3
3824,ZELDA,3
3824,ZENIB,3
3824,ZENOBIA,3
3824,ZENUB,3
3824,ZIA,3
3824,ZIANA,3
3824,ZILLAH,3
3824,ZINA,3
