Rank,Name,Count
1,CHLOE,9628
2,EMILY,6550
3,MEGAN,6247
4,JESSICA,5719
5,SOPHIE,5682
6,CHARLOTTE,5430
7,HANNAH,5052
8,LAUREN,4955
9,REBECCA,4767
10,LUCY,4515
11,AMY,4311
12,GEORGIA,4257
13,KATIE,4093
14,BETHANY,4068
15,EMMA,3565
16,OLIVIA,3550
17,COURTNEY,3251
18,SHANNON,2904
19,ELEANOR,2724
20,JADE,2497
21,ELLIE,2492
22,ABIGAIL,2485
23,HOLLY,2419
24,MOLLY,2413
25,LAURA,2299
26,ALICE,2143
27,SARAH,2062
28,CAITLIN,1965
29,RACHEL,1890
30,ELIZABETH,1702
31,AMBER,1701
32,PAIGE,1687
33,GEORGINA,1624
34,DANIELLE,1598
35,GRACE,1582
36,NICOLE,1577
37,NATASHA,1542
38,ELLA,1538
39,CHELSEA,1510
40,LEAH,1474
41,VICTORIA,1401
42,ANNA,1389
43,PHOEBE,1371
44,SAMANTHA,1345
45,ZOE,1341
46,ALEXANDRA,1290
47,JASMINE,1268
48,AMELIA,1249
49,LOUISE,1102
50,LYDIA,1083
51,NATALIE,1082
52,ABBIE,1073
53,FRANCESCA,1052
54,MELISSA,1009
55,KATHERINE,1001
56,HARRIET,944
57,IMOGEN,942
58,JODIE,937
59,GEMMA,919
59,KAYLEIGH,919
61,LILY,873
62,JENNIFER,858
63,KATE,844
63,STEPHANIE,844
65,DAISY,839
66,NIAMH,837
67,MILLIE,813
68,AIMEE,809
69,KIRSTY,792
70,HOLLIE,788
71,ROSIE,786
72,JORDAN,774
73,MOLLIE,760
74,ALISHA,740
75,MIA,721
76,ISOBEL,702
76,TIA,702
78,ELLEN,691
79,ERIN,679
80,BETHAN,673
81,SIAN,661
82,ALICIA,659
83,RHIANNON,657
84,ASHLEIGH,653
85,CATHERINE,645
86,MADELEINE,601
87,ISABELLE,596
87,KELSEY,596
87,SOPHIA,596
90,ISABELLA,594
91,NAOMI,574
92,YASMIN,564
93,FREYA,563
93,MORGAN,563
93,ROBYN,563
96,ISABEL,544
97,MAISIE,540
98,POPPY,534
99,RACHAEL,530
100,CHANTELLE,520
101,DEMI,513
102,HEATHER,509
103,TAYLOR,505
104,CHARLIE,500
105,KATHRYN,487
106,EVE,484
107,RUBY,475
108,BETH,473
108,HAYLEY,473
110,TARA,466
111,GABRIELLE,449
112,ANNABEL,448
113,KIMBERLEY,442
114,MARIA,438
115,ANNIE,435
116,ELOISE,418
117,LOIS,408
118,NICOLA,386
119,FAYE,383
120,KATY,378
120,KELLY,378
122,CASEY,375
123,INDIA,371
124,CIARA,370
124,ELLE,370
126,LEANNE,368
127,ELISE,367
128,CLAUDIA,366
129,REBEKAH,362
130,SARA,359
131,AISHA,356
131,LARA,356
133,MARY,350
134,CLAIRE,339
135,ELISHA,337
136,BROOKE,336
137,BRITTANY,334
138,TIFFANY,326
139,SASHA,324
140,GABRIELLA,323
141,ZARA,321
142,NIKITA,319
142,SHAUNA,319
144,BRYONY,317
145,HELEN,312
146,CERYS,311
146,TONI,311
148,CHARLEY,310
148,FFION,310
150,EBONY,309
151,CARA,307
151,KIERA,307
153,JEMMA,300
154,NADIA,298
155,SUMMER,297
155,TAMARA,297
157,KIRA,292
158,MARTHA,289
159,STACEY,281
160,ABBY,280
161,HELENA,278
162,RHIANNA,277
163,MICHAELA,275
164,JOANNA,274
165,JASMIN,270
166,RUTH,266
167,LISA,264
168,SAFFRON,258
169,JENNA,257
170,LIBBY,256
171,FIONA,252
171,ROSE,252
173,MAYA,250
174,MATILDA,249
175,LOUISA,248
176,SHELBY,247
177,FLORENCE,244
177,PHILIPPA,244
179,ALEX,243
180,JOSEPHINE,241
181,ABBEY,239
182,ESTHER,236
183,SCARLETT,233
183,SIMRAN,233
185,ANNABELLE,232
185,DANIELLA,232
187,MADISON,229
187,SIOBHAN,229
189,ANTONIA,228
190,HOPE,226
191,PARIS,225
192,CARYS,224
192,MADELINE,224
194,ESME,222
195,SASKIA,221
196,EVIE,220
197,AMIE,217
197,KIRSTEN,217
199,MARYAM,215
199,TIEGAN,215
201,EDEN,214
201,FRANCES,214
203,ELENA,213
204,AYESHA,212
205,SAVANNAH,210
206,SINEAD,203
206,SKYE,203
208,CARLA,198
208,KERRY,198
208,LORNA,198
211,APRIL,197
212,KATRINA,196
212,SOFIA,196
214,CHRISTINA,195
215,JOSIE,194
216,BILLIE,193
216,NINA,193
218,KYRA,192
219,ANGEL,189
219,EMILIA,189
219,TYLER,189
222,ZAINAB,188
223,CARLY,186
223,JEMIMA,186
223,MICHELLE,186
226,JAMIE,185
226,SALLY,185
228,SABRINA,184
229,LUCIE,183
230,COURTENEY,182
230,SHONA,182
232,EVA,181
233,TEGAN,176
234,JESSIE,175
234,JULIA,175
234,KEELEY,175
237,BEATRICE,173
237,MEGHAN,173
239,FATIMA,171
240,AMINA,170
241,FERN,169
242,CAROLINE,168
243,ELIZA,167
243,SHANICE,167
245,HEIDI,166
246,ADELE,165
246,MARIAM,165
248,CAITLYN,160
248,ELLIS,160
250,CHELSEY,158
250,GEORGIE,158
250,KAITLIN,158
250,LIBERTY,158
254,ALANA,157
254,ZAHRA,157
256,TABITHA,154
257,KARA,151
258,BROGAN,150
259,CONNIE,149
260,ASHLEY,148
260,CHELSIE,148
260,LEONIE,148
263,ANYA,147
263,SYDNEY,147
265,AMANDA,146
265,SADIE,146
265,SANA,146
268,DANA,145
268,DARCY,145
268,IONA,145
268,MADDISON,145
272,SERENA,144
273,MILLICENT,143
273,RHIAN,143
275,JOANNE,141
276,IQRA,140
276,KATHLEEN,140
278,BECKY,136
278,MONICA,136
278,TAYLA,136
281,NIA,135
281,TILLY,135
283,ROISIN,134
284,ANISA,132
284,CRYSTAL,132
284,MELANIE,132
284,RIA,132
288,POLLY,130
289,VANESSA,129
290,ELINOR,127
290,FAITH,127
292,DEANNA,126
292,LAYLA,126
292,MIRIAM,126
295,KIRAN,124
296,NEVE,123
296,TANYA,123
298,CLARE,122
298,SIMONE,122
300,LOWRI,121
300,NANCY,121
302,ERICA,119
302,NADINE,119
302,PRIYA,119
302,ROSEMARY,119
306,ALISON,118
306,ANASTASIA,118
306,KEIRA,118
306,SYEDA,118
310,ANISHA,116
310,NATALIA,116
312,ELLENA,115
312,HAZEL,115
312,MILLY,115
312,VERITY,115
316,AYSHA,114
316,BETHANIE,114
316,KATHARINE,114
316,LEIGH,114
320,AALIYAH,112
320,CLARA,112
322,KAITLYN,111
322,LUCINDA,111
322,MONIQUE,111
325,FELICITY,109
325,RHEA,109
325,RHIANNE,109
328,ROSA,108
328,SELINA,108
330,CELINE,107
330,JENNY,107
330,LEILA,107
330,ROCHELLE,107
334,KIRSTIE,105
335,CORAL,104
336,THEA,103
337,LUCIA,101
337,YASMINE,101
339,LILLY,100
339,SADIA,100
339,SHARNA,100
342,ALYSHA,99
342,BONNIE,99
342,BRIONY,99
342,MARIE,99
346,SALMA,98
347,HALIMA,97
347,SONIA,97
349,KELSIE,96
349,KYLIE,96
349,MAIA,96
349,SHIVANI,96
349,TAMSIN,96
354,ANDREA,95
354,AOIFE,95
356,KAYLEY,94
356,MIRANDA,94
358,CAPRICE,93
358,EVANGELINE,93
358,MARGARET,93
361,LAURYN,92
361,SHANIA,92
363,ANGHARAD,91
363,HONOR,91
363,LACEY,91
366,CONSTANCE,89
367,CHANELLE,88
367,EMILIE,88
369,ALEXANDRIA,87
369,CODY,87
369,HALEEMA,87
369,ISLA,87
369,LOLA,87
374,ASHA,86
374,CATRIN,86
374,CHANEL,86
374,DIONNE,86
374,ELISABETH,86
374,TANISHA,86
380,EVELYN,85
380,FLORA,85
380,JULIET,85
383,DOMINIQUE,84
383,HANNA,84
383,JAZMIN,84
386,CHANTEL,83
386,DEBORAH,83
386,DEVON,83
386,TALIA,83
390,KEELY,82
391,AISLING,81
391,ELYSIA,81
391,HAFSA,81
391,JANE,81
395,HANA,80
396,BILLIE-JO,79
396,DIANA,79
396,JODI,79
396,MICA,79
396,ROSANNA,79
401,ALIYAH,78
401,RIANNA,78
403,ANIKA,77
403,CHARMAINE,77
403,CHRISTIE,77
403,RENEE,77
403,WHITNEY,77
408,BRONTE,76
408,CHARIS,76
408,SHOLA,76
411,CAITLAN,75
411,KIMBERLY,75
411,SUSANNAH,75
414,CHEYENNE,74
414,IKRA,74
414,LOREN,74
414,ORLA,74
418,AISHAH,73
418,ALANNAH,73
418,ALIX,73
418,CHRISTINE,73
418,DARCEY,73
418,FLEUR,73
418,KITTY,73
425,ABBI,72
425,DARCIE,72
425,DAYNA,72
425,KHADIJA,72
425,LEIA,72
425,ROWAN,72
431,CARMEN,71
431,ROXANNE,71
431,SABAH,71
431,TESSA,71
435,ANGELA,70
435,MARNIE,70
437,PENNY,69
437,STEVIE,69
439,BRONWYN,68
439,CERI,68
439,HENNA,68
439,KATELYN,68
439,SACHA,68
444,AUTUMN,67
444,BRIDGET,67
444,BRIDIE,67
444,DANNIELLE,67
444,ELIN,67
444,JACQUELINE,67
444,KIA,67
444,MARIAH,67
452,ANISAH,66
452,JADA,66
452,KYLA,66
452,SAPPHIRE,66
452,TERRI,66
457,LIA,65
457,MEG,65
459,ANEESA,64
459,CASSIE,64
459,GENEVIEVE,64
462,ATLANTA,63
462,CATRIONA,63
462,ERIKA,63
462,FAY,63
462,KASEY,63
462,KEZIA,63
462,LANA,63
462,LILLIE,63
462,ZAYNAB,63
471,DANNI,62
471,IRAM,62
471,MADELAINE,62
471,SCARLET,62
471,TYRA,62
476,CAMERON,61
476,JAZMINE,61
476,KAYLA,61
476,KENNEDY,61
480,ALEENA,60
480,BOBBIE,60
480,KARLA,60
483,AMI,59
483,ESTELLE,59
483,MERCEDES,59
486,ALYS,58
486,ANNE,58
486,ELLIE-MAE,58
486,EMELIA,58
486,GINA,58
486,HARLEY,58
486,TASNIM,58
493,BRIANNA,57
493,CARRIE,57
493,JULIETTE,57
493,SKY,57
497,ANITA,56
497,CODIE,56
497,KARIS,56
497,NISHA,56
501,ARABELLA,55
501,CASSANDRA,55
501,CHIARA,55
501,DREW,55
501,KRISTINA,55
501,LEONA,55
501,MADDIE,55
508,IMAN,54
508,KAREN,54
508,MARIANNE,54
508,MARINA,54
508,REGAN,54
508,STELLA,54
514,ALANNA,53
514,ALINA,53
514,DAVINA,53
514,JODY,53
514,JOY,53
514,JUSTINE,53
514,REANNE,53
514,TAMMY,53
522,ALEXIA,52
522,DESTINY,52
522,HENRIETTA,52
522,JAMIE-LEE,52
522,LEVI,52
522,MANISHA,52
522,SHELLEY,52
522,TYLA,52
530,ALIYA,51
530,AQSA,51
530,AVA,51
530,CAMILLA,51
530,HUMAIRA,51
530,ISOBELLE,51
530,LEONI,51
530,LILI,51
530,MAGGIE,51
530,TALLULAH,51
530,TEIGAN,51
530,TIANA,51
542,ANA,50
542,ANNALISE,50
542,CHARLENE,50
542,KARINA,50
542,KAY,50
542,MAISY,50
542,NATALYA,50
542,NIKKI,50
542,TERI,50
542,TORI,50
552,BRONWEN,49
552,COLETTE,49
552,DANIELA,49
552,FARHANA,49
552,JAIME,49
552,KEISHA,49
552,LARISSA,49
552,LINDSEY,49
552,SEREN,49
561,ALYSSA,48
561,AMINAH,48
561,ELEASHA,48
561,ELLIE-MAY,48
561,HAFSAH,48
561,KERRI,48
561,KIM,48
561,LAILA,48
561,SAIRA,48
561,TIANNA,48
571,ELSPETH,47
571,LILLIAN,47
571,LOTTIE,47
571,SAIMA,47
571,SUSAN,47
571,TANIA,47
577,ASIA,46
577,KAYLEE,46
577,MAY,46
577,PATRICIA,46
577,ROSEANNA,46
577,TIERNEY,46
583,AMRIT,45
583,CARLEY,45
583,GRACIE,45
583,JAYDE,45
583,MAE,45
583,SUZANNE,45
589,ALEXIS,44
589,ATHENA,44
589,CANDICE,44
589,CLEO,44
589,ELSA,44
589,SAFIA,44
589,SHAUNNA,44
589,SIONED,44
597,BAILEY,43
597,CALLIE,43
597,ELLESSE,43
597,GIORGIA,43
597,KARISHMA,43
597,MISHA,43
597,MYA,43
597,RABIA,43
597,SHARON,43
597,WILLOW,43
607,AMIRA,42
607,ANN,42
607,ASHTON,42
607,CHANTAL,42
607,CHARLI,42
607,CORDELIA,42
607,DONNA,42
607,KELSEA,42
607,MAISHA,42
607,ROSALIND,42
607,SAVANNA,42
607,SHAE,42
619,AILSA,41
619,ELSIE,41
619,FAHIMA,41
619,FAHMIDA,41
619,FARAH,41
619,FRANKIE,41
619,HARRIETT,41
619,SAMIRA,41
619,TASMIN,41
628,AMIRAH,40
628,CELIA,40
628,CLARISSA,40
628,ELEN,40
628,ELLISHA,40
628,HERMIONE,40
628,JAMIE-LEIGH,40
628,KEZIAH,40
628,LEA,40
628,MARISA,40
628,SADE,40
639,CAMILLE,39
639,ELICIA,39
639,ELISA,39
639,FATIMAH,39
639,IMANI,39
639,JOHANNA,39
639,LAURIE,39
639,LEYLA,39
639,SANAH,39
639,SORCHA,39
649,ABBIGAIL,38
649,ALEXA,38
649,AMANI,38
649,ASMA,38
649,CHARLEIGH,38
649,KHADIJAH,38
649,MACKENZIE,38
649,MAEVE,38
649,NAFEESA,38
649,REANNA,38
649,RIO,38
649,SABA,38
649,STORM,38
649,TESS,38
649,ZAYNAH,38
664,AMRITA,37
664,BROOKLYN,37
664,CORA,37
664,DEMI-LEIGH,37
664,DENISE,37
664,DION,37
664,ENYA,37
664,FAIZA,37
672,AMNA,36
672,ANEESAH,36
672,ELERI,36
672,MISBAH,36
672,OCEAN,36
672,PAULA,36
672,ROMY,36
672,SUSANNA,36
672,SUZANNA,36
672,TONICHA,36
672,YAZMIN,36
683,ALIA,35
683,AMMAARAH,35
683,CLOE,35
683,CORINNE,35
683,EILISH,35
683,ELLISE,35
683,ELLY,35
683,FARRAH,35
683,FARZANA,35
683,ISHA,35
683,JULIE,35
683,KERRIE,35
683,KIAH,35
683,KRISTY,35
683,LUISA,35
683,NEHA,35
683,SHANNAN,35
683,VERONICA,35
701,ALEISHA,34
701,ANJALI,34
701,CECILIA,34
701,JAY,34
701,KATERINA,34
701,LENA,34
701,LILIAN,34
701,MOESHA,34
701,NEAVE,34
701,NEELAM,34
701,NOOR,34
701,PHILLIPA,34
701,SOFIE,34
701,SUZANNAH,34
701,TINA,34
701,ZARAH,34
717,HARMONY,33
717,HUMAYRA,33
717,JASPREET,33
717,MONTANA,33
717,RIYA,33
717,TOYAH,33
717,XENA,33
724,ALANAH,32
724,ELENI,32
724,HAYLEIGH,32
724,KRISTEN,32
724,LEANNA,32
724,LETITIA,32
724,MAARIYAH,32
724,MARNI,32
724,MUNA,32
724,PENELOPE,32
724,SHARMIN,32
724,TAMERA,32
724,ZOYA,32
737,ALANIS,31
737,ANGELICA,31
737,BELINDA,31
737,CALLY,31
737,CARINA,31
737,CHRISTY,31
737,DINA,31
737,HAJRA,31
737,JAMILA,31
737,KELLIE,31
737,KERI,31
737,OCTAVIA,31
737,RAE,31
737,ROBERTA,31
737,ROSHNI,31
737,SABINA,31
737,SANAA,31
737,SHANTELLE,31
737,SUMAYYAH,31
737,TARYN,31
737,UZMA,31
758,ABI,30
758,AFSANA,30
758,AMY-LOUISE,30
758,BOBBI,30
758,BUSHRA,30
758,CASSIDY,30
758,CHARLEE,30
758,CHARLY,30
758,ELYSE,30
758,HUMA,30
758,JOELY,30
758,JORDANNE,30
758,KRYSTAL,30
758,LAUREL,30
758,LINA,30
758,MAHIMA,30
758,MARISSA,30
758,MARIYA,30
758,MELISA,30
758,MELODY,30
758,PRIYANKA,30
758,SAFIYYAH,30
758,SAMIA,30
758,SAOIRSE,30
758,SARAH-JANE,30
758,STACIE,30
758,TASNIA,30
758,TATIANA,30
758,ZAHRAH,30
787,BETSY,29
787,BIANCA,29
787,KATYA,29
787,MARTINA,29
787,MAXINE,29
787,RIANNE,29
787,ROSEANNE,29
787,SAARAH,29
787,SAFA,29
787,STACY,29
787,TALITHA,29
787,TASHA,29
787,THERESA,29
787,ZENA,29
801,AILISH,28
801,ASHLEA,28
801,BERNADETTE,28
801,BIBI,28
801,CLEMENTINE,28
801,DANIKA,28
801,EILIDH,28
801,ELOUISE,28
801,KAJAL,28
801,LINDSAY,28
801,MORWENNA,28
801,OPHELIA,28
801,SAFIYA,28
801,SAMARA,28
801,TAHMINA,28
801,TAMIKA,28
817,AAMINA,27
817,AMAL,27
817,AMARA,27
817,ANAM,27
817,ARIANNA,27
817,CARLIE,27
817,CHAYA,27
817,CYDNEY,27
817,GURPREET,27
817,HABIBA,27
817,HEBE,27
817,IMAANI,27
817,INES,27
817,JAYNE,27
817,KAYA,27
817,LEENA,27
817,LESLEY,27
817,MARI,27
817,NAZIA,27
817,NIMRA,27
817,NISHAT,27
817,PEARL,27
817,REMI,27
817,ROWENA,27
817,SHANA,27
817,SHANELLE,27
817,SHANI,27
817,SOMMER,27
817,VICKY,27
846,AINE,26
846,AMMARAH,26
846,ANNE-MARIE,26
846,AYLA,26
846,BRODIE,26
846,CELESTE,26
846,CHERIE,26
846,ISOBELLA,26
846,KADIE,26
846,LATISHA,26
846,LORI,26
846,MEREDITH,26
846,NAKITA,26
846,POLLYANNA,26
846,RAHIMA,26
846,REBEKKA,26
846,SUMAIYAH,26
846,TASNEEM,26
846,TAYA,26
846,TAYLER,26
846,TERESA,26
846,TIAH,26
846,WENDY,26
869,ALISHIA,25
869,AMEENA,25
869,ANN-MARIE,25
869,BEATRIX,25
869,CHYNA,25
869,COLLEEN,25
869,DAWN,25
869,DOROTHY,25
869,ELYSHA,25
869,EMMA-LOUISE,25
869,FENELLA,25
869,GABRIELA,25
869,HARPREET,25
869,JO,25
869,KAITLAN,25
869,KENYA,25
869,KIRANDEEP,25
869,MAHNOOR,25
869,MARIYAH,25
869,MATHILDA,25
869,MONIKA,25
869,NAFISA,25
869,NAZIFA,25
869,PIPPA,25
869,RHIANN,25
869,RUQAYYAH,25
869,SARAH-LOUISE,25
869,SARINA,25
869,SHAKIRA,25
898,AAMINAH,24
898,CHERISE,24
898,CHEYANNE,24
898,ELLICE,24
898,HALEEMAH,24
898,IMAAN,24
898,ISIS,24
898,JAYDA,24
898,JORDON,24
898,JORDYN,24
898,KIARA,24
898,KOMAL,24
898,LINDA,24
898,LUCI,24
898,MANON,24
898,MANPREET,24
898,MENNA,24
898,NATHALIE,24
898,NICHOLA,24
898,NIKKITA,24
898,SHELBIE,24
898,SIDRA,24
898,STEFANIE,24
898,SUMAIYA,24
898,VALENTINA,24
898,YUSRA,24
898,ZEENAT,24
925,ABIGAYLE,23
925,ADELLE,23
925,AIMIE,23
925,ALEESHA,23
925,ANAIS,23
925,BELLA,23
925,BEVERLEY,23
925,BREE,23
925,CHANICE,23
925,CLODAGH,23
925,DANI,23
925,DANNIELLA,23
925,EBONIE,23
925,ERYN,23
925,GEORGA,23
925,GEORGIANA,23
925,HARRIETTE,23
925,JAYE,23
925,KACEY,23
925,LEIGHA,23
925,LORRAINE,23
925,LYNDSEY,23
925,MIKAELA,23
925,PRECIOUS,23
925,PRINCESS,23
925,REEMA,23
925,SANNA,23
925,TAMZIN,23
925,YVONNE,23
925,ZHANE,23
955,AAISHA,22
955,AISLINN,22
955,AIYSHA,22
955,ALESHA,22
955,ALESSANDRA,22
955,ALESSIA,22
955,AYISHA,22
955,CARIS,22
955,CARMEL,22
955,CHLOE-LOUISE,22
955,DANICA,22
955,DEANNE,22
955,EDIE,22
955,ELISSA,22
955,ELLEANOR,22
955,FATEMA,22
955,FIONNUALA,22
955,GILLIAN,22
955,GLORIA,22
955,HESTER,22
955,JAIMIE,22
955,KATIE-LOUISE,22
955,KIRBY,22
955,KLOE,22
955,KRISHNA,22
955,LILLI,22
955,MEERA,22
955,MIKAYLA,22
955,POOJA,22
955,REAGAN,22
955,ROSINA,22
955,SAHAR,22
955,SAMIYA,22
955,SANIA,22
955,SELENA,22
955,SHEENA,22
955,SONYA,22
955,SYLVIA,22
955,VIOLET,22
955,ZAHRAA,22
995,ABIGALE,21
995,ADINA,21
995,ADRIANA,21
995,AGNES,21
995,ANEEKA,21
995,ANGELINA,21
995,AYSE,21
995,BETHANEY,21
995,CAOIMHE,21
995,CHANTE,21
995,ELA,21
995,ELAINE,21
995,FAIZAH,21
995,FALLON,21
995,FATMA,21
995,FINLAY,21
995,HOLLI,21
995,HUMAIRAA,21
995,HUSNA,21
995,IFRAH,21
995,JORDANA,21
995,JORDANNA,21
995,JOYCE,21
995,KALI,21
995,KATARINA,21
995,KATEY,21
995,KOURTNEY,21
995,LORETTA,21
995,MABEL,21
995,MADIHAH,21
995,MALIKA,21
995,MARCIA,21
995,MARED,21
995,NAJMA,21
995,NANA,21
995,RACHELLE,21
995,ROSALIE,21
995,SABIHA,21
995,SHEREEN,21
995,TAMAR,21
995,TASLIMA,21
1036,ALLANAH,20
1036,AMIEE,20
1036,ANIQA,20
1036,ANIQAH,20
1036,ANNABELLA,20
1036,ANNIKA,20
1036,ANUM,20
1036,ARIANE,20
1036,CHERYL,20
1036,CHINA,20
1036,CORRIE,20
1036,INDIANA,20
1036,IZABELLA,20
1036,JOCELYN,20
1036,JOELLE,20
1036,JORJA,20
1036,KIANA,20
1036,KRISTIE,20
1036,LIBBIE,20
1036,LILIANA,20
1036,LLINOS,20
1036,MAIREAD,20
1036,MARTINE,20
1036,MASUMA,20
1036,NAIMA,20
1036,NIDA,20
1036,PAISLEY,20
1036,PARRIS,20
1036,PORTIA,20
1036,PRISCILLA,20
1036,RHIA,20
1036,ROBIN,20
1036,TAMANNA,20
1036,TAMSYN,20
1036,TEAGAN,20
1036,TEEGAN,20
1036,VIENNA,20
1036,VIRGINIA,20
1036,YASEMIN,20
1036,YOLANDA,20
1076,ABIDA,19
1076,ALYSIA,19
1076,AMANDEEP,19
1076,ASHLEE,19
1076,BRIANA,19
1076,CHANDNI,19
1076,CHRISTIANA,19
1076,CLARICE,19
1076,COURTENAY,19
1076,DEBBIE,19
1076,ELEANA,19
1076,ELLIE-LOUISE,19
1076,EMMIE,19
1076,GERALDINE,19
1076,GRETA,19
1076,HATTIE,19
1076,HIRA,19
1076,JAIMEE,19
1076,JEMIMAH,19
1076,JUDITH,19
1076,KARLIE,19
1076,KIRSTIN,19
1076,KIYA,19
1076,LANI,19
1076,LIANNE,19
1076,MARIELLA,19
1076,MARIUM,19
1076,MEAGHAN,19
1076,MILLI,19
1076,NAILA,19
1076,NIOMI,19
1076,NUSRAT,19
1076,PAULINE,19
1076,PEYTON,19
1076,RADHIKA,19
1076,RENE,19
1076,ROMANA,19
1076,SHERIDAN,19
1076,SIANA,19
1076,SIDRAH,19
1076,SORAYA,19
1076,SUMAYA,19
1076,TAYYIBAH,19
1076,TAZMIN,19
1076,TEMPANY,19
1076,TONISHA,19
1122,ALANYA,18
1122,ALIMA,18
1122,ALYCE,18
1122,AMANPREET,18
1122,AMEERA,18
1122,ARIANNE,18
1122,AROOJ,18
1122,ASTRID,18
1122,CATRINA,18
1122,CECILY,18
1122,COLLETTE,18
1122,DILARA,18
1122,GWEN,18
1122,GWENLLIAN,18
1122,HALIMAH,18
1122,JENNIE,18
1122,KAISHA,18
1122,KATELIN,18
1122,KENDAL,18
1122,KRISTIN,18
1122,LIANA,18
1122,LILY-MAY,18
1122,LISA-MARIE,18
1122,MARIYAM,18
1122,MINNIE,18
1122,NAZMIN,18
1122,PHILLIPPA,18
1122,PIA,18
1122,RIKKI,18
1122,RUKHSAR,18
1122,SALEHA,18
1122,SANDRA,18
1122,SANYA,18
1122,SELIN,18
1122,SHANAE,18
1122,SHAUNIE,18
1122,SHELLY,18
1122,SHREYA,18
1122,SIENNA,18
1122,TAHIRA,18
1122,URSULA,18
1122,YASMEEN,18
1122,ZENAB,18
1165,ADELAIDE,17
1165,ADRIENNE,17
1165,ALISA,17
1165,ALLANA,17
1165,ANEEQA,17
1165,ANOUSHKA,17
1165,AURORA,17
1165,AYA,17
1165,BLYTHE,17
1165,BONITA,17
1165,CELINA,17
1165,CICELY,17
1165,CIERA,17
1165,COURTNIE,17
1165,DEMI-LEE,17
1165,DULCIE,17
1165,EILEEN,17
1165,ELISHIA,17
1165,ELLIE-ROSE,17
1165,ELLOUISE,17
1165,EMER,17
1165,FREJA,17
1165,HEENA,17
1165,HUMERA,17
1165,IKRAH,17
1165,IQRAH,17
1165,JAYA,17
1165,KENDRA,17
1165,LACIE,17
1165,MAI,17
1165,MATHILDE,17
1165,MELLISSA,17
1165,MIAH,17
1165,NAWAL,17
1165,NICHOLE,17
1165,PAMELA,17
1165,POPPIE,17
1165,RACHEAL,17
1165,REEM,17
1165,RHIANNAN,17
1165,SAHRA,17
1165,SAMINA,17
1165,SHANNA,17
1165,SHAY,17
1165,SOHA,17
1165,TESNI,17
1211,ALEEMA,16
1211,ALYCIA,16
1211,AREEBA,16
1211,CHLOE-ANN,16
1211,CINDY,16
1211,DESIREE,16
1211,DIANE,16
1211,ELLI,16
1211,ELLOISE,16
1211,EMILY-JANE,16
1211,EMMY,16
1211,FELICIA,16
1211,HAFIZA,16
1211,HIBA,16
1211,HIBAH,16
1211,KAJOL,16
1211,KARLI,16
1211,KERYS,16
1211,KRISTA,16
1211,LAKEISHA,16
1211,MAARIA,16
1211,MARIANNA,16
1211,MARWA,16
1211,MEAGAN,16
1211,MIMI,16
1211,NABEELA,16
1211,NADA,16
1211,NAFISAH,16
1211,RAEESAH,16
1211,RAVEENA,16
1211,REMY,16
1211,RHEANNA,16
1211,RIVKA,16
1211,ROMANY,16
1211,SAFIYAH,16
1211,SAMIHA,16
1211,SEHRISH,16
1211,SHIREEN,16
1211,SOBIA,16
1211,SOMER,16
1211,STAR,16
1211,SUMERA,16
1211,TABATHA,16
1211,THALIA,16
1211,UMA,16
1211,XANTHE,16
1211,YVETTE,16
1211,ZEBA,16
1259,AKSA,15
1259,AMAANI,15
1259,AMAN,15
1259,AMMARA,15
1259,ANEESHA,15
1259,ANJA,15
1259,ANNA-LOUISE,15
1259,ANNA-MARIE,15
1259,ANUSHA,15
1259,ASMAA,15
1259,CARAGH,15
1259,CARI,15
1259,CAROLYN,15
1259,CHRISTABEL,15
1259,CORRINA,15
1259,DEANA,15
1259,DEENA,15
1259,ELIF,15
1259,ELLENOR,15
1259,ELLYSE,15
1259,EMILLIE,15
1259,EMMELINE,15
1259,FREYJA,15
1259,HARSIMRAN,15
1259,HILARY,15
1259,JESS,15
1259,JESSE,15
1259,KAYLIE,15
1259,KHADEEJA,15
1259,LAVINIA,15
1259,LIDIA,15
1259,LIVIA,15
1259,MADIHA,15
1259,MALIHA,15
1259,MARGOT,15
1259,MINA,15
1259,MIYA,15
1259,NABILA,15
1259,NELL,15
1259,NIEVE,15
1259,NIMRAH,15
1259,NUALA,15
1259,NUR,15
1259,OLIVE,15
1259,PATSY,15
1259,RAEGAN,15
1259,RAHMA,15
1259,RENAE,15
1259,SADAF,15
1259,SADIYAH,15
1259,SAMIRAH,15
1259,SHABNAM,15
1259,SHANAY,15
1259,SHANNEN,15
1259,SHARN,15
1259,SHAZIA,15
1259,SHAZNAY,15
1259,SOPHY,15
1259,THEODORA,15
1259,TILLIE,15
1319,AAMNA,14
1319,AFREEN,14
1319,ALYSHIA,14
1319,AMBA,14
1319,AMENA,14
1319,AMY-LEIGH,14
1319,ANOUSKA,14
1319,ARMANI,14
1319,ASHLIE,14
1319,ATIYA,14
1319,AUDREY,14
1319,BAYLEIGH,14
1319,BERNICE,14
1319,BRYDIE,14
1319,CANDY,14
1319,CELYN,14
1319,COREY,14
1319,CORINNA,14
1319,DIVYA,14
1319,ELANA,14
1319,ELIANA,14
1319,EMERALD,14
1319,EMILEE,14
1319,EMMANUELLA,14
1319,ESMEE,14
1319,FAATIMAH,14
1319,FABIHA,14
1319,FARIHA,14
1319,FARJANA,14
1319,GERI,14
1319,GRAINNE,14
1319,HAMDA,14
1319,HONEY,14
1319,ILANA,14
1319,ILONA,14
1319,JANINE,14
1319,KAIA,14
1319,KASIA,14
1319,KEELEIGH,14
1319,KEYLEIGH,14
1319,KIRSTYN,14
1319,LIZA,14
1319,LUCILLE,14
1319,MAKEDA,14
1319,MARCELLA,14
1319,MCKENZIE,14
1319,MERRYN,14
1319,MICHA,14
1319,MOHIMA,14
1319,MONA,14
1319,MONET,14
1319,NOSHEEN,14
1319,PAGAN,14
1319,PATRICE,14
1319,RABIAH,14
1319,RAQUEL,14
1319,RHONA,14
1319,RIMSHA,14
1319,ROSY,14
1319,SABHA,14
1319,SAFAA,14
1319,SAIRAH,14
1319,SAKINA,14
1319,SAMIYAH,14
1319,SANIYA,14
1319,SHAMIMA,14
1319,SHAMSA,14
1319,TABASSUM,14
1319,TANIKA,14
1319,TRACEY,14
1319,VICKI,14
1319,ZARINA,14
1319,ZOEY,14
1392,ABBIE-LEIGH,13
1392,ALEAH,13
1392,ALISSA,13
1392,AMALIA,13
1392,AMBER-LOUISE,13
1392,AMREEN,13
1392,ANDIE,13
1392,ANNALIESE,13
1392,ANUSHKA,13
1392,AYOMIDE,13
1392,BARBARA,13
1392,BETTY,13
1392,BLISS,13
1392,CAITLEN,13
1392,CERIAN,13
1392,CERISE,13
1392,CHANA,13
1392,CHANNON,13
1392,CHANTELL,13
1392,CHERRY,13
1392,CHLOE-ANNE,13
1392,CRISTINA,13
1392,D'ARCY,13
1392,DAISIE,13
1392,DEBRA,13
1392,EDITH,13
1392,ELANOR,13
1392,ELLIE-JO,13
1392,EMMA-JANE,13
1392,EUNICE,13
1392,FATHIMA,13
1392,FINLEY,13
1392,HAJRAH,13
1392,HANNAH-LOUISE,13
1392,ISMA,13
1392,JEYDA,13
1392,JORGIA,13
1392,JULIANA,13
1392,JYOTI,13
1392,KARLY,13
1392,KAZIA,13
1392,KELLY-MARIE,13
1392,KENDALL,13
1392,KHARIS,13
1392,KHLOE,13
1392,KIRI,13
1392,KLARA,13
1392,KYA,13
1392,LATOYA,13
1392,MAHA,13
1392,MAIRI,13
1392,MANDY,13
1392,NABILAH,13
1392,NADIYAH,13
1392,NAIMAH,13
1392,NIKHITA,13
1392,NIKISHA,13
1392,NORA,13
1392,PASCALE,13
1392,PERI,13
1392,RAVEN,13
1392,REA,13
1392,REBECA,13
1392,REENA,13
1392,REHANA,13
1392,ROMA,13
1392,ROSALYN,13
1392,ROSEMARIE,13
1392,RUKSANA,13
1392,SALIMA,13
1392,SAMMY-JO,13
1392,SANNAH,13
1392,SHANTEL,13
1392,SHARNI,13
1392,SHARNIE,13
1392,SHAYNA,13
1392,SORREL,13
1392,SUMAN,13
1392,SYLVIE,13
1392,TAIBA,13
1392,TALISHA,13
1392,TIARNA,13
1392,TRACY,13
1392,TRISHA,13
1392,UNA,13
1392,WINIFRED,13
1392,ZAKIA,13
1392,ZOBIA,13
1480,ABIGAEL,12
1480,ACACIA,12
1480,ADEEBA,12
1480,AILIS,12
1480,ALBA,12
1480,ALIVIA,12
1480,AMBER-ROSE,12
1480,AVNEET,12
1480,BLAISE,12
1480,BRENDA,12
1480,BRIA,12
1480,BRONYA,12
1480,CARLI,12
1480,CAROL,12
1480,CASIE,12
1480,CASSIA,12
1480,CATHRYN,12
1480,CEYDA,12
1480,CHENISE,12
1480,CHERELLE,12
1480,CORTNEY,12
1480,DELLA,12
1480,DILAN,12
1480,DIONE,12
1480,ELESHA,12
1480,ELISIA,12
1480,FABIENNE,12
1480,HAILEY,12
1480,HAJAR,12
1480,HAJIRA,12
1480,HALEY,12
1480,HANIFA,12
1480,IESHA,12
1480,INDIGO,12
1480,IRENE,12
1480,IRIS,12
1480,ISRA,12
1480,JAINA,12
1480,JAVERIA,12
1480,JAYMIE,12
1480,JAZMYN,12
1480,JAZZ,12
1480,JEORGIA,12
1480,JORDEN,12
1480,JUDY,12
1480,KAI,12
1480,KALEIGH,12
1480,KATIE-MARIE,12
1480,KAYSHA,12
1480,KELLY-ANN,12
1480,KELLY-ANNE,12
1480,KEREN,12
1480,KERRIS,12
1480,KIZZY,12
1480,LAURAN,12
1480,MADDY,12
1480,MALKA,12
1480,MARYA,12
1480,MARYANN,12
1480,MHAIRI,12
1480,MICHELA,12
1480,MILAN,12
1480,MISCHA,12
1480,NAILAH,12
1480,NAZISH,12
1480,NEESHA,12
1480,NICOL,12
1480,PAVANDEEP,12
1480,PAYTON,12
1480,RAINE,12
1480,REBEKA,12
1480,RHEANNE,12
1480,RHIANA,12
1480,RIMA,12
1480,SADIYA,12
1480,SANDEEP,12
1480,SEEMA,12
1480,SHAHIDA,12
1480,SHAMILA,12
1480,SHANON,12
1480,SHAYLA,12
1480,SOPHIE-LOUISE,12
1480,TAHLIA,12
1480,TAMIA,12
1480,TANESHA,12
1480,TASNIMA,12
1480,TEA,12
1480,TERRI-ANN,12
1480,TUESDAY,12
1480,UMME,12
1480,ZEYNEP,12
1571,AICHA,11
1571,ALAW,11
1571,ALIESHA,11
1571,ALIZA,11
1571,ALLEGRA,11
1571,ALYSSIA,11
1571,ANILA,11
1571,ANMOL,11
1571,ANNEKA,11
1571,ANNELIESE,11
1571,ANTOINETTE,11
1571,ARIANA,11
1571,ASIYA,11
1571,AYANNA,11
1571,BLESSING,11
1571,BRIANNE,11
1571,CADI,11
1571,CARENZA,11
1571,CAROLINA,11
1571,CEARA,11
1571,CHANNEL,11
1571,CHASE,11
1571,CHERISH,11
1571,CORALIE,11
1571,CORRIN,11
1571,CYNTHIA,11
1571,DANNII,11
1571,DAPHNE,11
1571,DARCI,11
1571,DENIZ,11
1571,DEVAN,11
1571,DOMINICA,11
1571,EBONI,11
1571,EDA,11
1571,ELAN,11
1571,ELEANORE,11
1571,ELEISHA,11
1571,ELENOR,11
1571,ELIZ,11
1571,ELLA-LOUISE,11
1571,ELLESE,11
1571,ELLIW,11
1571,ELODIE,11
1571,EMAN,11
1571,EMILY-ROSE,11
1571,ENOLA,11
1571,EUGENIE,11
1571,FARHEEN,11
1571,FATEHA,11
1571,FRANCESSCA,11
1571,GAIA,11
1571,GISELLE,11
1571,GURSIMRAN,11
1571,HANAH,11
1571,HENA,11
1571,INDYA,11
1571,INGRID,11
1571,JANET,11
1571,JASMYN,11
1571,JAYDEE,11
1571,JENIFER,11
1571,JOLENE,11
1571,JUDE,11
1571,KALISHA,11
1571,KAVITA,11
1571,KELSI,11
1571,KIAYA,11
1571,KISHA,11
1571,LATIFA,11
1571,LILITH,11
1571,LINZI,11
1571,LOWENNA,11
1571,MAARIYA,11
1571,MADEEHA,11
1571,MADELYN,11
1571,MAIR,11
1571,MAIZIE,11
1571,MAJA,11
1571,MANDEEP,11
1571,MARLEY,11
1571,MEHREEN,11
1571,MEHVISH,11
1571,MICHAELLA,11
1571,MOLLY-ANN,11
1571,MOLLY-ANNE,11
1571,MORGEN,11
1571,MUNIRA,11
1571,MYAH,11
1571,NADIYA,11
1571,NICOLLE,11
1571,OLUWATOSIN,11
1571,OTTILIE,11
1571,PETRA,11
1571,RAMANDEEP,11
1571,REBEKKAH,11
1571,RESHMA,11
1571,RIANA,11
1571,RITA,11
1571,RONNIE,11
1571,ROSAMUND,11
1571,RUKSAR,11
1571,RUMAANAH,11
1571,SABIA,11
1571,SAMEENA,11
1571,SAMEERA,11
1571,SHABANA,11
1571,SHAH,11
1571,SHARLA,11
1571,SHAYE,11
1571,SHEREE,11
1571,SHIRLEY,11
1571,SHRIYA,11
1571,SUMMA,11
1571,SUNITA,11
1571,TALYA,11
1571,TAMMIE,11
1571,TATUM,11
1571,TIFFANI,11
1571,TRUDI,11
1571,VIVIENNE,11
1571,WING,11
1571,XENIA,11
1571,YASMINA,11
1571,YSABEL,11
1571,ZEHRA,11
1571,ZULEKHA,11
1697,ADEELA,10
1697,ADRIANNA,10
1697,AGATHA,10
1697,AILEEN,10
1697,ALEASHA,10
1697,AMEENAH,10
1697,ANEELA,10
1697,ANNELISE,10
1697,ANSA,10
1697,ANWEN,10
1697,ASHLYN,10
1697,AURELIA,10
1697,BEATRIZ,10
1697,BREEZE,10
1697,BRITTANI,10
1697,CAITLAIN,10
1697,CANDACE,10
1697,CANSU,10
1697,CARIAD,10
1697,CHARLEA,10
1697,CHELSI,10
1697,CHRYSTAL,10
1697,CHYNNA,10
1697,DAISY-MAY,10
1697,DAKOTA,10
1697,DARBY,10
1697,DELILAH,10
1697,DEMILEE,10
1697,DEMILEIGH,10
1697,EDWINA,10
1697,ELLE-MAY,10
1697,ELLESHA,10
1697,FAHEEMA,10
1697,FARHA,10
1697,FOZIA,10
1697,GENNA,10
1697,GEORGETTE,10
1697,GIZEM,10
1697,GURSHARAN,10
1697,GWENNO,10
1697,HANAA,10
1697,HANAN,10
1697,HARKIRAN,10
1697,HELOISE,10
1697,HODAN,10
1697,ILHAM,10
1697,JADIE,10
1697,JADZIA,10
1697,JAMILAH,10
1697,JASKIRAN,10
1697,JAYMEE,10
1697,KARYS,10
1697,KATIA,10
1697,KATIE-ANNE,10
1697,KATIE-JANE,10
1697,KATRIONA,10
1697,KAYLIEGH,10
1697,KHADIZA,10
1697,KHATIJA,10
1697,KIREN,10
1697,LIANNA,10
1697,LUCIANA,10
1697,MAHREEN,10
1697,MAIYA,10
1697,MALI,10
1697,MARION,10
1697,MARY-ANNE,10
1697,MEDINA,10
1697,MELINA,10
1697,MELLISA,10
1697,MERCY,10
1697,MERVE,10
1697,MONISHA,10
1697,NADIRA,10
1697,NADYA,10
1697,NASREEN,10
1697,NAYAAB,10
1697,NEEVE,10
1697,NOREEN,10
1697,NOSHIN,10
1697,ORIANA,10
1697,ORLAGH,10
1697,PAGE,10
1697,PERSEPHONE,10
1697,PHEBE,10
1697,RAPHAELLA,10
1697,RASHIDA,10
1697,RIANNON,10
1697,ROXANNA,10
1697,RUBINA,10
1697,RUMANA,10
1697,SAADIA,10
1697,SAGAL,10
1697,SALIHA,10
1697,SALINA,10
1697,SAM,10
1697,SAMAH,10
1697,SAMAR,10
1697,SAMERA,10
1697,SANDY,10
1697,SASCHA,10
1697,SEANA,10
1697,SERINA,10
1697,SHADIA,10
1697,SHAKILA,10
1697,SHAMA,10
1697,SHANNICE,10
1697,SHAREEN,10
1697,SHAUNAGH,10
1697,SHAUNNAH,10
1697,SHEIKH,10
1697,SIBEL,10
1697,SIMRA,10
1697,SINEM,10
1697,SIWAN,10
1697,SONAM,10
1697,SUMAYYA,10
1697,SUNNY,10
1697,TASIA,10
1697,THAHMINA,10
1697,VALERIE,10
1697,VIKKI,10
1697,ZEINAB,10
1697,ZOFIA,10
1697,ZOHRA,10
1697,ZULAIKHA,10
1823,AALIYA,9
1823,AFSHA,9
1823,AIMEE-LEIGH,9
1823,ALANTA,9
1823,ALARNA,9
1823,ALISIA,9
1823,ALLIYAH,9
1823,ALYX,9
1823,AMBREEN,9
1823,ANISSA,9
1823,ANNA-MARIA,9
1823,ANNMARIE,9
1823,ARAMINTA,9
1823,ARWA,9
1823,ASIYAH,9
1823,ASTON,9
1823,AYAH,9
1823,AYAN,9
1823,AZARIA,9
1823,BECKIE,9
1823,BRANDI,9
1823,BREANNA,9
1823,BRITTANIE,9
1823,BRONAGH,9
1823,CARISSA,9
1823,CAROLANNE,9
1823,CASEY-LEIGH,9
1823,CASSEY,9
1823,CHIOMA,9
1823,CHYANNE,9
1823,CLEA,9
1823,COCO,9
1823,COURTNEY-LEIGH,9
1823,CRESSIDA,9
1823,DAINA,9
1823,DARYL,9
1823,DEEPALI,9
1823,DEMMI,9
1823,DENI,9
1823,DESTINEE,9
1823,DEVINA,9
1823,ELINA,9
1823,ELLANA,9
1823,EMILEIGH,9
1823,EMILLY,9
1823,EMMA-JAYNE,9
1823,EMMANUELLE,9
1823,ESRA,9
1823,FABBIHA,9
1823,FRANCHESCA,9
1823,FRANCINE,9
1823,GEORGIA-MAE,9
1823,GIOVANNA,9
1823,GIULIA,9
1823,HALLE,9
1823,HATICE,9
1823,HELEDD,9
1823,HELENE,9
1823,HELIN,9
1823,HINA,9
1823,HUDA,9
1823,IFRA,9
1823,IONE,9
1823,JAMIELEE,9
1823,JANA,9
1823,JANNAH,9
1823,JASLEEN,9
1823,JAVAIRIA,9
1823,JAYDEN,9
1823,JESSIKA,9
1823,JOANA,9
1823,JUMANA,9
1823,KA,9
1823,KACIE,9
1823,KAROLINA,9
1823,KASIE,9
1823,KATIE-ANN,9
1823,KATRIN,9
1823,KEELIE,9
1823,KESIA,9
1823,KHADEEJAH,9
1823,KHADEJA,9
1823,KIMRAN,9
1823,KODI,9
1823,LARAIB,9
1823,LATASHA,9
1823,LATIFAH,9
1823,LEE,9
1823,LEEZA,9
1823,LILA,9
1823,LILY-MAE,9
1823,LORENA,9
1823,LYNDA,9
1823,MADIYA,9
1823,MANAL,9
1823,MARA,9
1823,MAUREEN,9
1823,MELINDA,9
1823,MIRREN,9
1823,MOLLY-MAY,9
1823,MOMINA,9
1823,NAEEMA,9
1823,NASRA,9
1823,NATASSJA,9
1823,NICKY,9
1823,NIDHI,9
1823,NUSAYBAH,9
1823,OLAMIDE,9
1823,PEGGY,9
1823,PHEOBE,9
1823,POPPI,9
1823,PRIMROSE,9
1823,RADIA,9
1823,RAEESA,9
1823,RANIA,9
1823,RAVNEET,9
1823,RAYANNE,9
1823,REBBECCA,9
1823,RHIAIN,9
1823,RIAH,9
1823,RICKI,9
1823,RILEY,9
1823,RONNI,9
1823,ROWEN,9
1823,RUQAYYA,9
1823,SAARA,9
1823,SAFINA,9
1823,SAMYA,9
1823,SANAM,9
1823,SAPHIRE,9
1823,SARAH-JAYNE,9
1823,SAVANAH,9
1823,SAYEDA,9
1823,SHAAN,9
1823,SHAHANA,9
1823,SHANEY,9
1823,SHAWNA,9
1823,SHEA,9
1823,SHEILA,9
1823,SIMREN,9
1823,SONALI,9
1823,SUMAYAH,9
1823,SUMEYA,9
1823,TANITA,9
1823,TANIYA,9
1823,TANSY,9
1823,TANZEELA,9
1823,TANZILA,9
1823,TEAH,9
1823,TIA-LOUISE,9
1823,TIRION,9
1823,WALLIS,9
1823,ZAINA,9
1823,ZAKIYA,9
1823,ZAYNA,9
1823,ZULAIKHAH,9
1979,AAMIRAH,8
1979,AASIYAH,8
1979,ADIBA,8
1979,ADRIANNE,8
1979,AISHLING,8
1979,ALETHEA,8
1979,ALLISON,8
1979,AMARPREET,8
1979,AMBAR,8
1979,AMEERAH,8
1979,ANABELLE,8
1979,ANJUM,8
1979,ANNA-LEIGH,8
1979,ANNALISA,8
1979,ANNASTASIA,8
1979,ARIEL,8
1979,AROOSA,8
1979,ATIKA,8
1979,AZIZA,8
1979,BAYLEE,8
1979,BAYLEY,8
1979,BELLE,8
1979,BERFIN,8
1979,BETHANNIE,8
1979,BREANNE,8
1979,BRITNEY,8
1979,BRYONIE,8
1979,CAITLAND,8
1979,CALYPSO,8
1979,CARRIE-ANN,8
1979,CARYL,8
1979,CATALINA,8
1979,CATERINA,8
1979,CHARITY,8
1979,CHARLIE-ANN,8
1979,CHE,8
1979,CHELCIE,8
1979,DALIA,8
1979,DARIA,8
1979,DELYTH,8
1979,DEMI-LEA,8
1979,DEMI-LOUISE,8
1979,DEMIE,8
1979,DERRY,8
1979,DEVIKA,8
1979,DILPREET,8
1979,DOREEN,8
1979,ELLA-ROSE,8
1979,ELLIE-MARIE,8
1979,ELOISA,8
1979,EMMA-LEIGH,8
1979,ESHA,8
1979,FAZEELA,8
1979,FREDERICA,8
1979,GAMZE,8
1979,GENEVA,8
1979,GEORGI,8
1979,GEORGIA-LEIGH,8
1979,GYPSY,8
1979,HAAJARAH,8
1979,HABIBAH,8
1979,HAJERA,8
1979,HAMIDA,8
1979,HARLEEN,8
1979,HASNA,8
1979,HEBA,8
1979,HELINA,8
1979,HETTY,8
1979,HINNA,8
1979,IDIL,8
1979,IKRAM,8
1979,INEZ,8
1979,IQRAA,8
1979,JACINTA,8
1979,JADE-MARIE,8
1979,JAE,8
1979,JANIE,8
1979,JANVI,8
1979,JAZZMIN,8
1979,JEAN,8
1979,JONI,8
1979,JORDANE,8
1979,JUNE,8
1979,KAILEY,8
1979,KALLY,8
1979,KARIMA,8
1979,KATELAN,8
1979,KAYE,8
1979,KEALEY,8
1979,KEAVY,8
1979,KEESHA,8
1979,KELLI,8
1979,KERENZA,8
1979,KERIS,8
1979,KERRI-ANN,8
1979,KERRY-ANN,8
1979,KERRY-ANNE,8
1979,KIRANJIT,8
1979,LADY,8
1979,LAETITIA,8
1979,LEIGH-ANNE,8
1979,LEONORA,8
1979,LUCY-ANNE,8
1979,LUKA,8
1979,LULU,8
1979,LYNN,8
1979,LYNSEY,8
1979,MARIAMA,8
1979,MARIAN,8
1979,MARY-ANN,8
1979,MARYUM,8
1979,MEGHANN,8
1979,MEISHA,8
1979,MERYEM,8
1979,MICAELA,8
1979,MICHEALA,8
1979,MOLLI,8
1979,MUMINAH,8
1979,NABEELAH,8
1979,NAHIDA,8
1979,NATASCHA,8
1979,NAYEEMA,8
1979,NAZNEEN,8
1979,NERISSA,8
1979,NIKI,8
1979,OONAGH,8
1979,ORLAITH,8
1979,PAYAL,8
1979,RAFFAELLA,8
1979,RAHEELA,8
1979,RAJVINDER,8
1979,RAVINA,8
1979,REECE,8
1979,RIDDHI,8
1979,RIONA,8
1979,RIZWANA,8
1979,ROCHEL,8
1979,ROHIMA,8
1979,RONI,8
1979,ROSEY,8
1979,ROSLYN,8
1979,ROXY,8
1979,ROYA,8
1979,RUMAYSA,8
1979,SABAA,8
1979,SABREENA,8
1979,SAFAH,8
1979,SAHARA,8
1979,SALIHAH,8
1979,SALLY-ANN,8
1979,SAMRAH,8
1979,SAPHRON,8
1979,SAREENA,8
1979,SAYMA,8
1979,SEREENA,8
1979,SHAHD,8
1979,SHAI,8
1979,SHAINA,8
1979,SHANIAH,8
1979,SHANIQUA,8
1979,SHANNON-LEIGH,8
1979,SHARA,8
1979,SHOSHANA,8
1979,SHREEYA,8
1979,SIDNEY,8
1979,SIENA,8
1979,SIMRUN,8
1979,STARR,8
1979,STEVIE-LEIGH,8
1979,SUZI,8
1979,SUZIE,8
1979,SYMONE,8
1979,TAELA,8
1979,TAHSIN,8
1979,TAIBAH,8
1979,TAMMI,8
1979,TAYBAH,8
1979,TAYLAR,8
1979,TERRI-LEIGH,8
1979,THAMANNA,8
1979,VANISHA,8
1979,WAHIDA,8
1979,XARA,8
1979,YAREN,8
1979,ZAIBA,8
1979,ZAKIYAH,8
2165,AAKIFAH,7
2165,AAMENA,7
2165,AASIYA,7
2165,ADITI,7
2165,AIDA,7
2165,AIME,7
2165,AISHWARYA,7
2165,AKIRA,7
2165,AKSAH,7
2165,ALAA,7
2165,ALAINA,7
2165,ALESHIA,7
2165,ALEYNA,7
2165,ALEYSHA,7
2165,ALLY,7
2165,ALMA,7
2165,AMARAH,7
2165,AMBER-JADE,7
2165,AMBER-LEIGH,7
2165,AMBIKA,7
2165,AMMIE,7
2165,AMY-JO,7
2165,ANDI,7
2165,ANEKA,7
2165,ANKITA,7
2165,ANNAM,7
2165,ANNETTE,7
2165,ARIA,7
2165,ARIELLE,7
2165,ASHER,7
2165,AVRIL,7
2165,BAKHTAWAR,7
2165,BETSAN,7
2165,BHAVISHA,7
2165,BIJAL,7
2165,BILLI,7
2165,BISMA,7
2165,BRENNA,7
2165,BROOK,7
2165,CAREY,7
2165,CARMELA,7
2165,CATHY,7
2165,CEREN,7
2165,CHARLOTTE-LOUISE,7
2165,CHELSEE,7
2165,CHESNEY,7
2165,CHLOE-MARIE,7
2165,CHRISTA,7
2165,CLEOPATRA,7
2165,CLIO,7
2165,CORI,7
2165,CORINA,7
2165,CORRINE,7
2165,COURTNEY-JADE,7
2165,DAMARIS,7
2165,DANAE,7
2165,DANIA,7
2165,DENVER,7
2165,DERYN,7
2165,DORA,7
2165,EILIS,7
2165,EIMEAR,7
2165,ELAINA,7
2165,ELIA,7
2165,ELISHEVA,7
2165,ELLA-MAE,7
2165,ELLA-MAY,7
2165,ELLE-MAE,7
2165,ELLEE,7
2165,ELLICIA,7
2165,ELLIE-JANE,7
2165,ELLYS,7
2165,EMELYE,7
2165,ERRIN,7
2165,ESTELLA,7
2165,FARHAT,7
2165,FARIDA,7
2165,FINOLA,7
2165,GABRIELE,7
2165,HALA,7
2165,HANEEN,7
2165,HANIFAH,7
2165,HARLEIGH,7
2165,HARRIOT,7
2165,HASEENA,7
2165,HIFSA,7
2165,HIFZA,7
2165,IDA,7
2165,IMOGENE,7
2165,INDERPREET,7
2165,IVY,7
2165,IZABEL,7
2165,IZABELLE,7
2165,JAI,7
2165,JAMEELAH,7
2165,JAMIE-LEA,7
2165,JANELLE,7
2165,JANNAT,7
2165,JASDEEP,7
2165,JAYDENE,7
2165,JAYNA,7
2165,JAZZMINE,7
2165,JEMA,7
2165,JENA,7
2165,JENNAH,7
2165,JESSAMY,7
2165,JORDANN,7
2165,JUNO,7
2165,JUSTICE,7
2165,KAINAT,7
2165,KAITLAND,7
2165,KALLIE,7
2165,KARI,7
2165,KARLEY,7
2165,KASSANDRA,7
2165,KATELYNN,7
2165,KATHRINE,7
2165,KEA,7
2165,KEANA,7
2165,KENZA,7
2165,KINZA,7
2165,KIRANPREET,7
2165,KIRRA,7
2165,KIZZIE,7
2165,KRISTAL,7
2165,KRUPA,7
2165,KUBRA,7
2165,KYRAH,7
2165,LAKISHA,7
2165,LAURELLE,7
2165,LEELA,7
2165,LEIGHANNE,7
2165,LEONNIE,7
2165,LIAN,7
2165,LORREN,7
2165,LUBNA,7
2165,LUCY-ANN,7
2165,LUNA,7
2165,MAHAM,7
2165,MAHEEN,7
2165,MAHMUDA,7
2165,MALAIKA,7
2165,MALEEHA,7
2165,MALLORY,7
2165,MARIANA,7
2165,MARIKA,7
2165,MARISHA,7
2165,MARLA,7
2165,MARSHA,7
2165,MARY-JANE,7
2165,MASIE,7
2165,MAURA,7
2165,MEGGAN,7
2165,MINNA,7
2165,MISTY,7
2165,MONTANNA,7
2165,MOYA,7
2165,MUNEEBA,7
2165,NASEEMA,7
2165,NASRIN,7
2165,NASTASSJA,7
2165,NATASJA,7
2165,NAVNEET,7
2165,NOUR,7
2165,OLUWADAMILOLA,7
2165,OLUWAKEMI,7
2165,OLUWASEUN,7
2165,OLUWATOYIN,7
2165,OLYMPIA,7
2165,OYINKANSOLA,7
2165,OZGE,7
2165,PALOMA,7
2165,PANDORA,7
2165,PINAR,7
2165,RAISA,7
2165,RAMISHA,7
2165,RAMLA,7
2165,RANA,7
2165,REBECKA,7
2165,REGINA,7
2165,RHIANON,7
2165,RHYANNA,7
2165,RIAN,7
2165,RIMINI,7
2165,RINA,7
2165,ROMINA,7
2165,RUKSHANA,7
2165,SABAHAT,7
2165,SABINE,7
2165,SAFIYYA,7
2165,SAMMI,7
2165,SAMMY,7
2165,SANIYAH,7
2165,SANJIDAH,7
2165,SAXON,7
2165,SEJAL,7
2165,SERA,7
2165,SERENE,7
2165,SHADE,7
2165,SHAIMA,7
2165,SHALINI,7
2165,SHANADE,7
2165,SHANAYA,7
2165,SHANEL,7
2165,SHANIE,7
2165,SHANIKA,7
2165,SHANNON-LOUISE,7
2165,SHANTELL,7
2165,SHARNE,7
2165,SHEEMA,7
2165,SHELDON,7
2165,SHIRIN,7
2165,SHYANNE,7
2165,SHYLA,7
2165,SIDONIE,7
2165,SILVIA,7
2165,SIMGE,7
2165,SOPHIE-ANNE,7
2165,SUMMAR,7
2165,SUMMER-LOUISE,7
2165,SUNDAS,7
2165,TAIWO,7
2165,TAJA,7
2165,TAMICA,7
2165,TANAYA,7
2165,TANVI,7
2165,TATE,7
2165,TAYAH,7
2165,TAYYABA,7
2165,TEGEN,7
2165,TEMITOPE,7
2165,THERESE,7
2165,TIAN,7
2165,TRINITY,7
2165,TYLAH,7
2165,WINNIE,7
2165,YESIM,7
2165,YOUSRA,7
2165,YSOBEL,7
2165,ZAINEB,7
2165,ZAKIYYAH,7
2165,ZILAN,7
2407,AAISHAH,6
2407,ABBEYGAIL,6
2407,ABBIGALE,6
2407,ABENA,6
2407,ADANNA,6
2407,ADARA,6
2407,ADILA,6
2407,ADILAH,6
2407,AFIA,6
2407,AFIFA,6
2407,AIMEE-LOUISE,6
2407,ALAYNA,6
2407,ALECIA,6
2407,ALEJANDRA,6
2407,ALENA,6
2407,ALEXANDREA,6
2407,ALLICIA,6
2407,ALLIE,6
2407,ALLISHA,6
2407,ALMAS,6
2407,AMA,6
2407,AMARNI,6
2407,AMEE,6
2407,AMINAT,6
2407,AMINATA,6
2407,ANABEL,6
2407,ANESHA,6
2407,ANGELIQUE,6
2407,ANGIE,6
2407,ANIELA,6
2407,ANJUMA,6
2407,ANNALYSE,6
2407,ANNAMARIE,6
2407,ANNIE-ROSE,6
2407,ANNUM,6
2407,ANTIGONE,6
2407,AQEELA,6
2407,ARIADNE,6
2407,ARIELLA,6
2407,ARTEMIS,6
2407,ASHEKA,6
2407,ASHLI,6
2407,ASHLING,6
2407,AVANI,6
2407,AYLIN,6
2407,AYLISHA,6
2407,BATOOL,6
2407,BEAU,6
2407,BILLY,6
2407,BOBBIE-JO,6
2407,BRITTNEY,6
2407,BRYANA,6
2407,BRYONI,6
2407,CANAN,6
2407,CARRIS,6
2407,CATARINA,6
2407,CATHARINE,6
2407,CERIS,6
2407,CHARLETTE,6
2407,CHARLIE-ANNE,6
2407,CHELSEA-ANNE,6
2407,CHRISTAL,6
2407,CHRISTELLE,6
2407,CHRISTIANE,6
2407,CHRISTIANNA,6
2407,CLIONA,6
2407,CODI,6
2407,CORIN,6
2407,CORY,6
2407,DAMLA,6
2407,DARA,6
2407,DEE,6
2407,DENA,6
2407,DENNI,6
2407,DERRYN,6
2407,DERYA,6
2407,DESTINI,6
2407,DILEK,6
2407,DINAH,6
2407,DIVINE,6
2407,DONYA,6
2407,EBRU,6
2407,EITHNE,6
2407,ELIESHA,6
2407,ELLYN,6
2407,ELYSSIA,6
2407,EMA,6
2407,EMEL,6
2407,EMI,6
2407,EMINE,6
2407,EMMA-JO,6
2407,ERI,6
2407,ESTER,6
2407,EVAN,6
2407,EZGI,6
2407,FAAIZA,6
2407,FALAK,6
2407,FARIDAH,6
2407,FEDERICA,6
2407,FINTY,6
2407,GAYNOR,6
2407,GEENA,6
2407,GIANNA,6
2407,GOLDA,6
2407,GOZDE,6
2407,GULCAN,6
2407,GWYNETH,6
2407,HARRIE,6
2407,HAZAL,6
2407,HEAVEN,6
2407,HELAINA,6
2407,HETTIE,6
2407,HILLARY,6
2407,HIRAL,6
2407,HOLLY-ANNE,6
2407,IFFAT,6
2407,IMARNI,6
2407,INDIA-ROSE,6
2407,IONIE,6
2407,IREM,6
2407,ISATOU,6
2407,ISBAH,6
2407,ISLAY,6
2407,ISMAY,6
2407,JAIME-LEIGH,6
2407,JAMILLA,6
2407,JEANETTE,6
2407,JELENA,6
2407,JENNI,6
2407,JESSICA-LOUISE,6
2407,JESSICA-ROSE,6
2407,JESSY,6
2407,JOLIE,6
2407,JULIANNA,6
2407,JUSTINA,6
2407,KADY,6
2407,KAINAAT,6
2407,KARMEN,6
2407,KASHA,6
2407,KASSIE,6
2407,KATARZYNA,6
2407,KATHY,6
2407,KATLIN,6
2407,KAYCEE,6
2407,KAYCIE,6
2407,KAYDEE,6
2407,KAZI,6
2407,KEAH,6
2407,KEARA,6
2407,KEHINDE,6
2407,KEIGHLEY,6
2407,KEMI,6
2407,KERAN,6
2407,KERRI-ANNE,6
2407,KERSTIN,6
2407,KEVSER,6
2407,KIERRA,6
2407,KIRSTI,6
2407,KOREN,6
2407,KRISTI,6
2407,KRISTINE,6
2407,KRYSTYNA,6
2407,LADAN,6
2407,LANEY,6
2407,LAURA-JAYNE,6
2407,LE,6
2407,LEIGH-ANN,6
2407,LEILANI,6
2407,LETIA,6
2407,LETICIA,6
2407,LETISHA,6
2407,LEYA,6
2407,LIAH,6
2407,LILIA,6
2407,LIZZIE,6
2407,LLIO,6
2407,LOGAN,6
2407,LUCA,6
2407,MAARYA,6
2407,MADELYNE,6
2407,MAEGAN,6
2407,MAHFUZA,6
2407,MAKENZIE,6
2407,MARCIE,6
2407,MARIYUM,6
2407,MARJANA,6
2407,MARTA,6
2407,MARYANNE,6
2407,MAYSA,6
2407,MEENA,6
2407,MEESHA,6
2407,MEGHNA,6
2407,MELEK,6
2407,MELODIE,6
2407,MIRA,6
2407,MISHAL,6
2407,MORAG,6
2407,MUMINA,6
2407,MYRA,6
2407,NABIHAH,6
2407,NAFEESAH,6
2407,NATACHA,6
2407,NAVPREET,6
2407,NEIVE,6
2407,NERYS,6
2407,NIMCO,6
2407,NISA,6
2407,OLOLADE,6
2407,OLUWASEYI,6
2407,OONA,6
2407,OREOLUWA,6
2407,PARYS,6
2407,PAVAN,6
2407,PEACE,6
2407,PHOENIX,6
2407,POONAM,6
2407,PORSCHE,6
2407,PREENA,6
2407,PREET,6
2407,PRISCA,6
2407,PUI,6
2407,PUJA,6
2407,RABIYA,6
2407,RADEYAH,6
2407,RADHA,6
2407,RAFIA,6
2407,RAHEEMA,6
2407,RAMISA,6
2407,RAZIA,6
2407,REEGAN,6
2407,REZWANA,6
2407,RHEANNON,6
2407,RHIANNAH,6
2407,RHODA,6
2407,RHYANNE,6
2407,RICHELLE,6
2407,ROBYNNE,6
2407,RONA,6
2407,RUKHSAAR,6
2407,RUQAIYAH,6
2407,SABIHAH,6
2407,SAIDA,6
2407,SAIRISH,6
2407,SAMIHAH,6
2407,SARITA,6
2407,SEHAR,6
2407,SEHER,6
2407,SEMRA,6
2407,SENA,6
2407,SHAHNAZ,6
2407,SHANAI,6
2407,SHANAZ,6
2407,SHARIFA,6
2407,SHEEREEN,6
2407,SHELINA,6
2407,SHERRI,6
2407,SHERRIE,6
2407,SHERRY,6
2407,SHIANNE,6
2407,SIANI,6
2407,SIGOURNEY,6
2407,SIMRAH,6
2407,SIMRANJEET,6
2407,SKIE,6
2407,SOFI,6
2407,SOPHIE-MAY,6
2407,STEPHENIE,6
2407,STEVI,6
2407,SUKHDEEP,6
2407,SUKHPREET,6
2407,SUMIYA,6
2407,SURAIYA,6
2407,SYDNEE,6
2407,SYDNIE,6
2407,SYMRAN,6
2407,TAHIRAH,6
2407,TAHMEENA,6
2407,TAHMIDA,6
2407,TAMI,6
2407,TARANDEEP,6
2407,TASHANA,6
2407,TASMIA,6
2407,THEADORA,6
2407,TONI-MARIE,6
2407,TULSI,6
2407,TYANA,6
2407,VAISHALI,6
2407,VENETIA,6
2407,XSARA,6
2407,YAZMINE,6
2407,YUMNA,6
2407,ZAINUB,6
2407,ZAMZAM,6
2407,ZARRIN,6
2701,ABAGAIL,5
2701,ABBIEGAIL,5
2701,ADELA,5
2701,ADEOLA,5
2701,AFSHAN,5
2701,AFSHEEN,5
2701,AFUA,5
2701,AIDEEN,5
2701,ALESI,5
2701,ALFIE,5
2701,ALIAH,5
2701,ALIKA,5
2701,ALISHAH,5
2701,ALIXANDRA,5
2701,ALIYYAH,5
2701,ALLYSHA,5
2701,AMAAL,5
2701,AMARI,5
2701,AMARIS,5
2701,AMAYA,5
2701,AMBERLEY,5
2701,AMBRIN,5
2701,AMELIA-JANE,5
2701,AMELIE,5
2701,AMERA,5
2701,AMEY,5
2701,AMREET,5
2701,ANAH,5
2701,ANAHITA,5
2701,ANDRIA,5
2701,ANJANI,5
2701,ANJLI,5
2701,ANJOLAOLUWA,5
2701,ANNABELL,5
2701,ANNALEE,5
2701,ANNALIE,5
2701,ANTONELLA,5
2701,APRYL,5
2701,AQILA,5
2701,AQSAH,5
2701,AREEJ,5
2701,ARWEN,5
2701,ASHANTI,5
2701,ASHIKA,5
2701,ASHNA,5
2701,ASHNI,5
2701,ATALANTA,5
2701,AVNI,5
2701,AWEN,5
2701,AYASHA,5
2701,AYSIA,5
2701,AYUSHI,5
2701,BAILIE,5
2701,BATSHEVA,5
2701,BECA,5
2701,BECKI,5
2701,BENITA,5
2701,BERIVAN,5
2701,BETHANY-ANN,5
2701,BETHEL,5
2701,BETHIA,5
2701,BHAVIKA,5
2701,BILLIE-JOE,5
2701,BRANDY,5
2701,BRIGITTE,5
2701,BRYHER,5
2701,CAILEIGH,5
2701,CAILIN,5
2701,CAIRA,5
2701,CAMRYN,5
2701,CARLOTA,5
2701,CATIA,5
2701,CEEJAY,5
2701,CERIDWEN,5
2701,CERYN,5
2701,CEYLAN,5
2701,CHANDLER,5
2701,CHANELL,5
2701,CHANNELLE,5
2701,CHANTAE,5
2701,CHARISSA,5
2701,CHARISSE,5
2701,CHELSEA-LOUISE,5
2701,CHINENYE,5
2701,CHLOE-ROSE,5
2701,CIONA,5
2701,CLIODHNA,5
2701,CLOVER,5
2701,CODEY,5
2701,CORREN,5
2701,COSIMA,5
2701,COURTNAY,5
2701,COURTNEY-LOUISE,5
2701,CYDNI,5
2701,DANAH,5
2701,DANISHA,5
2701,DARIAN,5
2701,DARYA,5
2701,DAVINIA,5
2701,DEJA,5
2701,DELANEY,5
2701,DELPHINE,5
2701,DENBY,5
2701,DESREE,5
2701,DEVORAH,5
2701,DIAMOND,5
2701,DONIA,5
2701,EIMER,5
2701,EIREANN,5
2701,EIRIAN,5
2701,ELAIN,5
2701,ELECTRA,5
2701,ELEESHA,5
2701,ELIKA,5
2701,ELISSIA,5
2701,ELIZE,5
2701,ELLIA,5
2701,ELLIE-MAI,5
2701,ELORA,5
2701,ELVINA,5
2701,ELYSHIA,5
2701,EMELINE,5
2701,EMILEY,5
2701,EMILY-JAYNE,5
2701,EMILY-MAE,5
2701,EMILY-MAY,5
2701,ENIOLA,5
2701,ERINN,5
2701,EUGENIA,5
2701,FAE,5
2701,FAHEEMAH,5
2701,FAIGY,5
2701,FARYAL,5
2701,FATHEHA,5
2701,FATHEMA,5
2701,FATUMA,5
2701,FAUZIA,5
2701,FAWN,5
2701,FINN,5
2701,FIONN,5
2701,FRANKI,5
2701,GABRIEL,5
2701,GEORGEA,5
2701,GEORGIA-LEE,5
2701,GEORGIA-LOUISE,5
2701,GIULIANA,5
2701,GURVEEN,5
2701,GWENAN,5
2701,GWENNAN,5
2701,HABEEBAH,5
2701,HADIYAH,5
2701,HAJARA,5
2701,HAJIRAH,5
2701,HALINA,5
2701,HAMDI,5
2701,HAMNA,5
2701,HANSA,5
2701,HARDEEP,5
2701,HARLIE,5
2701,HARNEET,5
2701,HASINA,5
2701,HAWA,5
2701,HAYA,5
2701,HEMA,5
2701,HERA,5
2701,HIFSAH,5
2701,HUMAIRAH,5
2701,HUMNA,5
2701,IFEOLUWA,5
2701,IFEOMA,5
2701,ILHAN,5
2701,IMARA,5
2701,INAYAH,5
2701,INDIANNA,5
2701,INSHA,5
2701,IPEK,5
2701,IRUM,5
2701,ISABELL,5
2701,ISMAH,5
2701,ISOLDE,5
2701,IVANA,5
2701,IZZY,5
2701,JACLYN,5
2701,JAMEELA,5
2701,JAMEY,5
2701,JAMI,5
2701,JANEY,5
2701,JANICE,5
2701,JANKI,5
2701,JANNATUL,5
2701,JEANNIE,5
2701,JESSICA-MAY,5
2701,JOSEY,5
2701,JUHI,5
2701,JULIANNE,5
2701,JUWAIRIYYAH,5
2701,KAIRA,5
2701,KAITLEN,5
2701,KALSOOM,5
2701,KAMARA,5
2701,KAMILAH,5
2701,KARENZA,5
2701,KARRIS,5
2701,KATIE-MAE,5
2701,KATJA,5
2701,KATLYN,5
2701,KAY-LEIGH,5
2701,KAYTLIN,5
2701,KEALY,5
2701,KEIR,5
2701,KELEIGH,5
2701,KES,5
2701,KETSIA,5
2701,KHANSA,5
2701,KIANNA,5
2701,KIARNA,5
2701,KIESHA,5
2701,KIKI,5
2701,KIMBERLEIGH,5
2701,KIRRAN,5
2701,KIYANA,5
2701,KODIE,5
2701,KRYSTINA,5
2701,KYAH,5
2701,KYARNA,5
2701,KYIA,5
2701,KYM,5
2701,KYRIE,5
2701,LACE,5
2701,LAILAH,5
2701,LAMIS,5
2701,LAREB,5
2701,LATEISHA,5
2701,LATIA,5
2701,LAURA-JANE,5
2701,LAVANYA,5
2701,LEANA,5
2701,LEANDRA,5
2701,LEEANNE,5
2701,LORELLE,5
2701,LOWRIE,5
2701,LUBNAA,5
2701,LUCIANNA,5
2701,LUCIANNE,5
2701,MADELENE,5
2701,MADINA,5
2701,MAHALIA,5
2701,MAHBUBA,5
2701,MAHIRA,5
2701,MAIRA,5
2701,MAISEY,5
2701,MAKAYLA,5
2701,MALA,5
2701,MALAK,5
2701,MANJOT,5
2701,MARIE-CLAIRE,5
2701,MARIHAH,5
2701,MARILENA,5
2701,MARILYN,5
2701,MARLENA,5
2701,MARY-KATE,5
2701,MARYAH,5
2701,MAWIYAH,5
2701,MEGAN-LOUISE,5
2701,MEGAN-ROSE,5
2701,MEGANN,5
2701,MERIEL,5
2701,MHARI,5
2701,MICAH,5
2701,MICKAYLA,5
2701,MIKA,5
2701,MILA,5
2701,MINDY,5
2701,MIR,5
2701,MOLLIE-MAY,5
2701,MORRIGAN,5
2701,MOYOSOREOLUWA,5
2701,MUNEEBAH,5
2701,NABIHA,5
2701,NAGINA,5
2701,NAHIMA,5
2701,NAINA,5
2701,NAJAH,5
2701,NAKISHA,5
2701,NANDINI,5
2701,NAREECE,5
2701,NASIMA,5
2701,NATASHIA,5
2701,NAVJOT,5
2701,NAZREEN,5
2701,NIMISHA,5
2701,NIRVANA,5
2701,NNEKA,5
2701,NNENNA,5
2701,NOEMI,5
2701,NON,5
2701,NOORA,5
2701,NUHA,5
2701,NURIA,5
2701,NUSRATH,5
2701,OLWEN,5
2701,OPEYEMI,5
2701,PAOLA,5
2701,PARISA,5
2701,PAYGE,5
2701,PEACHES,5
2701,PERDITA,5
2701,PERRI,5
2701,PERRIE,5
2701,QUDSIA,5
2701,RAFAELLA,5
2701,RAMEEN,5
2701,RAMEESHA,5
2701,RAMSHA,5
2701,RAPHAELA,5
2701,RASHIDAT,5
2701,RAWAN,5
2701,RAYNA,5
2701,RAZAN,5
2701,REHAM,5
2701,REMA,5
2701,REMMI,5
2701,REMMIE,5
2701,RENA,5
2701,RHIANE,5
2701,RHIYA,5
2701,RHYANNON,5
2701,RIDA,5
2701,RIDHI,5
2701,RIVER,5
2701,ROHAN,5
2701,ROHINI,5
2701,ROMANI,5
2701,ROMILLY,5
2701,ROSHAN,5
2701,RUKAIYA,5
2701,RUZINA,5
2701,SABIRAH,5
2701,SAFFA,5
2701,SAHER,5
2701,SAHIBA,5
2701,SAHIRA,5
2701,SALLY-ANNE,5
2701,SALWA,5
2701,SAMAIRA,5
2701,SAMMIE,5
2701,SAMREEN,5
2701,SANGEETA,5
2701,SARISH,5
2701,SELEN,5
2701,SELENE,5
2701,SERISH,5
2701,SEVGI,5
2701,SHAISTA,5
2701,SHANEA,5
2701,SHANEE,5
2701,SHANTAY,5
2701,SHARANDEEP,5
2701,SHARMILA,5
2701,SHARNAE,5
2701,SHARNNA,5
2701,SHAUNA-LEIGH,5
2701,SHAUNI,5
2701,SHAWNIE,5
2701,SHAYNE,5
2701,SHAZNA,5
2701,SHELLBY,5
2701,SHEREENA,5
2701,SHERENE,5
2701,SHERI,5
2701,SHERINA,5
2701,SHIFA,5
2701,SHIRA,5
2701,SHONAGH,5
2701,SHREENA,5
2701,SI,5
2701,SIAMA,5
2701,SIANNA,5
2701,SIDDIQA,5
2701,SIMA,5
2701,SNEHA,5
2701,SOFIYA,5
2701,SONAL,5
2701,SONIYA,5
2701,SOPHIE-ANN,5
2701,SOPHINA,5
2701,STACI,5
2701,STEFANIA,5
2701,STEFFANIE,5
2701,SUAD,5
2701,SUFIA,5
2701,SULTANA,5
2701,SUNNA,5
2701,SUNNAH,5
2701,SUPRIYA,5
2701,SURINA,5
2701,SUZY,5
2701,SYED,5
2701,TAHERA,5
2701,TAHSEEN,5
2701,TAILA,5
2701,TAISHA,5
2701,TAMESHA,5
2701,TAMZYN,5
2701,TANICHA,5
2701,TANZINA,5
2701,TAYABAH,5
2701,TEANNA,5
2701,TEHREEM,5
2701,TIARA,5
2701,TIGGY,5
2701,TIONNE,5
2701,TONI-ANNE,5
2701,TONIKA,5
2701,TOPAZ,5
2701,TORA,5
2701,TOYA,5
2701,TRUDIE,5
2701,TYNE,5
2701,TYRESE,5
2701,UMAYMAH,5
2701,URVASHI,5
2701,URVI,5
2701,VALERIA,5
2701,VELVET,5
2701,VICKIE,5
2701,VITA,5
2701,VIVIEN,5
2701,WAFA,5
2701,WEDNESDAY,5
2701,WINONA,5
2701,YARA,5
2701,YEE,5
2701,YELIZ,5
2701,YETUNDE,5
2701,YSABELLE,5
2701,ZAFREEN,5
2701,ZALIKA,5
2701,ZANIB,5
2701,ZEYNAB,5
2701,ZINA,5
3142,-------,4
3142,---------,4
3142,A'ISHA,4
3142,A'ISHAH,4
3142,AANISAH,4
3142,AARTHI,4
3142,AASIA,4
3142,ABIOLA,4
3142,ABYGAIL,4
3142,ACELYA,4
3142,ADA,4
3142,ADAEZE,4
3142,ADEENA,4
3142,ADENIKE,4
3142,ADETUTU,4
3142,ADNA,4
3142,ADWOA,4
3142,AEMILIA,4
3142,AFIFAH,4
3142,AFTON,4
3142,AHLAM,4
3142,AIDEN,4
3142,AIESHA,4
3142,AKASHA,4
3142,AKLIMA,4
3142,ALA,4
3142,ALBANY,4
3142,ALEEZA,4
3142,ALEIGHA,4
3142,ALESSI,4
3142,ALEXINA,4
3142,ALEYA,4
3142,ALEYAH,4
3142,ALICJA,4
3142,ALIS,4
3142,ALLANNA,4
3142,AMANA,4
3142,AMARDEEP,4
3142,AMBER-LEE,4
3142,AMBRA,4
3142,AMEL,4
3142,AMELIA-ROSE,4
3142,AMETHYST,4
3142,AMIKA,4
3142,AMY-JAYNE,4
3142,AMYLEIGH,4
3142,ANANYA,4
3142,ANASTAZIA,4
3142,ANAYA,4
3142,ANDREIA,4
3142,ANEEQAH,4
3142,ANEIRA,4
3142,ANFAL,4
3142,ANIA,4
3142,ANNEMARIE,4
3142,ANNEST,4
3142,ANNIE-MAY,4
3142,ANTONIETTA,4
3142,ANTONINA,4
3142,ANUOLUWAPO,4
3142,ARIAN,4
3142,ARIBAH,4
3142,ARIFA,4
3142,ARISHA,4
3142,ARIZONA,4
3142,ARTI,4
3142,ARUB,4
3142,ARYANA,4
3142,ARZOO,4
3142,ASHANI,4
3142,ASHLEIGH-LOUISE,4
3142,ASLI,4
3142,ASMITA,4
3142,ASRA,4
3142,ASSUMPTA,4
3142,ASYA,4
3142,ATHINA,4
3142,ATIKAH,4
3142,ATIYYAH,4
3142,AUGUSTA,4
3142,AURA,4
3142,AVEEN,4
3142,AWO,4
3142,AYANA,4
3142,AYESHAH,4
3142,AYLISH,4
3142,AZIA,4
3142,AZRAA,4
3142,BAILLIE,4
3142,BASMA,4
3142,BAYAN,4
3142,BENEDICTA,4
3142,BETH-ANNE,4
3142,BETHANI,4
3142,BETHEN,4
3142,BETHENY,4
3142,BETHNEY,4
3142,BHAVINI,4
3142,BILLIE-JADE,4
3142,BILLIE-MAE,4
3142,BILLIE-MAY,4
3142,BLAIZE,4
3142,BLUEBELL,4
3142,BOBBY,4
3142,BOLUWATIFE,4
3142,BRADY,4
3142,BRANWEN,4
3142,BRIAR,4
3142,BRIONEY,4
3142,BRODY,4
3142,BROGHAN,4
3142,BRONIA,4
3142,BUSE,4
3142,BUSRA,4
3142,CAILEY,4
3142,CAIT,4
3142,CAITRIONA,4
3142,CALI,4
3142,CALISTA,4
3142,CALLA,4
3142,CALLI,4
3142,CANSEL,4
3142,CARIANNE,4
3142,CARISS,4
3142,CARLEE,4
3142,CARLOTTA,4
3142,CARRIE-ANNE,4
3142,CARRIGAN,4
3142,CATLIN,4
3142,CECELIA,4
3142,CECILE,4
3142,CEIRA,4
3142,CHAI,4
3142,CHAISE,4
3142,CHANCE,4
3142,CHANNA,4
3142,CHANTALLE,4
3142,CHANTAY,4
3142,CHARLA,4
3142,CHARLEEN,4
3142,CHARLEY-ANN,4
3142,CHELSEA-LEIGH,4
3142,CHERRIE,4
3142,CHEVELLE,4
3142,CHIANNA,4
3142,CHLOE-LEIGH,4
3142,CHOLE,4
3142,CIARRA,4
3142,CLAIR,4
3142,CLEMENCY,4
3142,COBY,4
3142,COURTNEY-JANE,4
3142,COURTNEY-PAIGE,4
3142,COURTNI,4
3142,CYAN,4
3142,CYRA,4
3142,DAISEY,4
3142,DAISY-MAE,4
3142,DALAL,4
3142,DALE,4
3142,DAMINI,4
3142,DANIELE,4
3142,DAVEENA,4
3142,DEESHA,4
3142,DELIA,4
3142,DEMELZA,4
3142,DEMI-JO,4
3142,DEMITRA,4
3142,DEVIN,4
3142,DEVONNE,4
3142,DHARMA,4
3142,DIMPLE,4
3142,DIYA,4
3142,DOMINIKA,4
3142,DORCAS,4
3142,DOROTHEA,4
3142,ECEM,4
3142,EESHA,4
3142,EFFIE,4
3142,EHLANA,4
3142,EIRA,4
3142,EISHA,4
3142,ELANNA,4
3142,ELAYNA,4
3142,ELEANER,4
3142,ELESE,4
3142,ELI,4
3142,ELISH,4
3142,ELISHA-MARIE,4
3142,ELIVIA,4
3142,ELLA-MARIE,4
3142,ELLAMAE,4
3142,ELLAN,4
3142,ELLE-JO,4
3142,ELLEISE,4
3142,ELLESHIA,4
3142,ELLESIA,4
3142,ELLEY,4
3142,ELLIE-ANN,4
3142,ELLIEMAY,4
3142,ELLISA,4
3142,ELLISHIA,4
3142,ELLISSE,4
3142,ELVIRA,4
3142,EMAAN,4
3142,EMANI,4
3142,EMELIE,4
3142,EMILLIA,4
3142,EMILY-JO,4
3142,EMILY-LOUISE,4
3142,EMMALEE,4
3142,ERYKAH,4
3142,ESIN,4
3142,ESMAE,4
3142,ESTEE,4
3142,EVANGELINA,4
3142,FAAIZAH,4
3142,FABIANA,4
3142,FAISA,4
3142,FARREN,4
3142,FEMKE,4
3142,FIDAN,4
3142,FINNLAY,4
3142,FIRDAWS,4
3142,FLAVIA,4
3142,FOLASHADE,4
3142,FORIDA,4
3142,FRANCESKA,4
3142,FREDA,4
3142,GABBIE,4
3142,GAIL,4
3142,GAYATRI,4
3142,GEMMA-LOUISE,4
3142,GEORGIANNA,4
3142,GESSICA,4
3142,GHISLAINE,4
3142,GIFTY,4
3142,GINNY,4
3142,GITTY,4
3142,GLESNI,4
3142,GLORY,4
3142,GRAYCE,4
3142,GRESA,4
3142,GUL,4
3142,GURLEEN,4
3142,HA,4
3142,HABEEBA,4
3142,HAF,4
3142,HAIDEE,4
3142,HAJA,4
3142,HAJER,4
3142,HALEIGH,4
3142,HALEMA,4
3142,HALIMAT,4
3142,HANNE,4
3142,HANYA,4
3142,HARMEET,4
3142,HAVANA,4
3142,HAZERA,4
3142,HENNAH,4
3142,HETAL,4
3142,HIBAQ,4
3142,HODON,4
3142,HOI,4
3142,HOLLY-ANN,4
3142,HOLLY-MARIE,4
3142,HONOUR,4
3142,HUMAYRAA,4
3142,HUSNAA,4
3142,IANTHE,4
3142,IBIRONKE,4
3142,IBUKUNOLUWA,4
3142,IFZA,4
3142,IKHRA,4
3142,ILAYDA,4
3142,INDIE,4
3142,INDRA,4
3142,IOANA,4
3142,IRINA,4
3142,IRRAM,4
3142,ISADORA,4
3142,JACQUELYN,4
3142,JAIDA,4
3142,JAIMEE-LEIGH,4
3142,JAMIELEA,4
3142,JAMIELEIGH,4
3142,JAMIMA,4
3142,JANIS,4
3142,JARIN,4
3142,JASMEET,4
3142,JASMINA,4
3142,JASNEET,4
3142,JAYME,4
3142,JEANNE,4
3142,JEEVAN,4
3142,JEMINI,4
3142,JENI,4
3142,JENIKA,4
3142,JERI,4
3142,JIA,4
3142,JINAL,4
3142,JOAN,4
3142,JOANN,4
3142,JODIE-LEE,4
3142,JODIE-LEIGH,4
3142,JODINE,4
3142,JOELLA,4
3142,JORDAN-LEIGH,4
3142,JOSCELYN,4
3142,JOURDAN,4
3142,JOVAIRIA,4
3142,JUWAYRIYAH,4
3142,KAILA,4
3142,KAJA,4
3142,KALEY,4
3142,KANISHA,4
3142,KAREENA,4
3142,KARIMAH,4
3142,KARISS,4
3142,KASSEY,4
3142,KATELAND,4
3142,KATELYND,4
3142,KATHARINA,4
3142,KATIE-MAY,4
3142,KAYLEIGH-ANNE,4
3142,KAYLEN,4
3142,KAYSIE,4
3142,KAYTI,4
3142,KAYTLYN,4
3142,KEANNA,4
3142,KEEGAN,4
3142,KEERA,4
3142,KELCIE,4
3142,KENISHA,4
3142,KENNEDI,4
3142,KENZIE,4
3142,KERRIANNE,4
3142,KERRYANN,4
3142,KERYN,4
3142,KETURAH,4
3142,KEYA,4
3142,KHADIJAT,4
3142,KHADRA,4
3142,KHIA,4
3142,KIRSTEY,4
3142,KITANA,4
3142,KONNIE,4
3142,KRINA,4
3142,KRISHMA,4
3142,KRYSTA,4
3142,KULSUM,4
3142,LACY,4
3142,LAIBA,4
3142,LAINEY,4
3142,LAKIESHA,4
3142,LAKSHMI,4
3142,LANNA,4
3142,LASHAY,4
3142,LAURA-ANNE,4
3142,LAURREN,4
3142,LAYLAH,4
3142,LEAH-MARIE,4
3142,LEANN,4
3142,LEISHA,4
3142,LEONE,4
3142,LEORA,4
3142,LEXUS,4
3142,LIANE,4
3142,LILLIE-MAE,4
3142,LILLY-MAY,4
3142,LILY-ROSE,4
3142,LINSEY,4
3142,LIYAH,4
3142,LORA,4
3142,LORYN,4
3142,LOTTE,4
3142,LUAN,4
3142,LUANA,4
3142,LUCY-JANE,4
3142,LUCY-JAYNE,4
3142,LUCYANNE,4
3142,LUUL,4
3142,LYBA,4
3142,LYNETTE,4
3142,MAAME,4
3142,MAARIYAAH,4
3142,MADALAINE,4
3142,MADIA,4
3142,MAGDALENA,4
3142,MAGENTA,4
3142,MAH-NOOR,4
3142,MAIMOONA,4
3142,MAIZEY,4
3142,MAIZY,4
3142,MAKITA,4
3142,MAN,4
3142,MANUELA,4
3142,MANVIR,4
3142,MARAM,4
3142,MARCY,4
3142,MARGHERITA,4
3142,MARGUERITE,4
3142,MARINE,4
3142,MARLEIGH,4
3142,MARRIYAH,4
3142,MARYAN,4
3142,MATHURA,4
3142,MAUDE,4
3142,MAVISH,4
3142,MAYAH,4
3142,MAYMUNA,4
3142,MAYMUNAH,4
3142,MAZEDA,4
3142,MAZIE,4
3142,MEGANNE,4
3142,MEGHA,4
3142,MEHEK,4
3142,MEHMOONA,4
3142,MELIKE,4
3142,MELIS,4
3142,MERIAM,4
3142,MESHA,4
3142,MICHELE,4
3142,MIESHA,4
3142,MIKKI,4
3142,MILENA,4
3142,MILISSA,4
3142,MILLIE-MAE,4
3142,MINAHIL,4
3142,MIRI,4
3142,MIRYAM,4
3142,MIRZA,4
3142,MIYAH,4
3142,MOBEEN,4
3142,MOHINI,4
3142,MOLLIE-JO,4
3142,MOLLY-MAE,4
3142,MOMENA,4
3142,MONAI,4
3142,MORENIKE,4
3142,MORGANNA,4
3142,MUSAMMAD,4
3142,MUSAMMAT,4
3142,MUSAMMATH,4
3142,MUSAMMOD,4
3142,MUSSAMMAT,4
3142,MYESHA,4
3142,NADINA,4
3142,NAEEMAH,4
3142,NAIOMI,4
3142,NAJIBA,4
3142,NAJWA,4
3142,NAMRA,4
3142,NAOMIE,4
3142,NATALKA,4
3142,NATASSIA,4
3142,NATISHA,4
3142,NAVDEEP,4
3142,NAVINA,4
3142,NAZMA,4
3142,NAZMEEN,4
3142,NEAMH,4
3142,NEEMA,4
3142,NELLIE,4
3142,NIAH,4
3142,NICKI,4
3142,NICO,4
3142,NILIMA,4
3142,NIMO,4
3142,NIRALI,4
3142,NOA,4
3142,NURA,4
3142,NURUL,4
3142,NYA,4
3142,NYREE,4
3142,OAKLEY,4
3142,ODETTE,4
3142,OLIVIA-ROSE,4
3142,OLUBUNMI,4
3142,OLUWATOBI,4
3142,OLUWATOMISIN,4
3142,OMOLARA,4
3142,OPAL,4
3142,OPEOLUWA,4
3142,PAIGE-MARIE,4
3142,PAIGHTON,4
3142,PAISLEIGH,4
3142,PANAYIOTA,4
3142,PATIENCE,4
3142,PAULINA,4
3142,PENINA,4
3142,PERSIA,4
3142,POLLY-ANNA,4
3142,PORSHA,4
3142,PREEYA,4
3142,PRIA,4
3142,PRIANKA,4
3142,PRUDENCE,4
3142,RAFIAT,4
3142,RAHAT,4
3142,RAHELA,4
3142,RAHIMAH,4
3142,RAJMINA,4
3142,RAJPREET,4
3142,RAMONA,4
3142,RANYA,4
3142,RAVINDER,4
3142,RAYANN,4
3142,RAYHANA,4
3142,REBBEKAH,4
3142,REEYA,4
3142,REKHA,4
3142,REME,4
3142,RENAY,4
3142,RHIANAN,4
3142,RISHA,4
3142,RIVKAH,4
3142,ROMI,4
3142,ROSALEEN,4
3142,ROSHINI,4
3142,ROSIE-MAE,4
3142,ROWANNE,4
3142,ROWENNA,4
3142,RUBIE,4
3142,RUHI,4
3142,RUJINA,4
3142,RUKAYA,4
3142,RUMA,4
3142,RUMAISA,4
3142,RUNA,4
3142,RUQAYA,4
3142,RUQAYAH,4
3142,RYANNA,4
3142,RYANNE,4
3142,SABAAH,4
3142,SABBA,4
3142,SABEEHA,4
3142,SABEELA,4
3142,SABRINE,4
3142,SADIE-MAY,4
3142,SAHARAH,4
3142,SAIBAH,4
3142,SAIQA,4
3142,SAJDA,4
3142,SAJIDA,4
3142,SALLYANN,4
3142,SAMA,4
3142,SAMEERAH,4
3142,SAMER,4
3142,SAMIAH,4
3142,SAMRA,4
3142,SANCHA,4
3142,SANCHIA,4
3142,SANHA,4
3142,SANJIDA,4
3142,SARIKA,4
3142,SATVEER,4
3142,SAYEMA,4
3142,SEDA,4
3142,SEETAL,4
3142,SEMA,4
3142,SENAY,4
3142,SEPHORA,4
3142,SERAPHINA,4
3142,SHAHEENA,4
3142,SHAIRA,4
3142,SHAKEELAH,4
3142,SHAKERA,4
3142,SHAKIERA,4
3142,SHALOM,4
3142,SHAMEELA,4
3142,SHAMILLA,4
3142,SHANARA,4
3142,SHANE,4
3142,SHANEECE,4
3142,SHANELL,4
3142,SHANEYA,4
3142,SHANNAE,4
3142,SHANNAH,4
3142,SHANNAY,4
3142,SHANNON-MARIE,4
3142,SHANTE,4
3142,SHANZA,4
3142,SHAQUILLA,4
3142,SHAUNAH,4
3142,SHAYLEE,4
3142,SHAYLEIGH,4
3142,SHAYNIE,4
3142,SHAZEDA,4
3142,SHAZIDA,4
3142,SHELLIE,4
3142,SHENADE,4
3142,SHENEL,4
3142,SHENICE,4
3142,SHENIECE,4
3142,SHERENA,4
3142,SHERIE,4
3142,SHERYL,4
3142,SHONTAE,4
3142,SHUHENA,4
3142,SHUMA,4
3142,SIDHRA,4
3142,SIMRON,4
3142,SIRIN,4
3142,SITA,4
3142,SITI,4
3142,SIYA,4
3142,SKYLA,4
3142,SKYLAR,4
3142,SOFINA,4
3142,SONA,4
3142,SONJA,4
3142,SOROH,4
3142,STEFANI,4
3142,STEFFI,4
3142,STORME,4
3142,SU,4
3142,SUHA,4
3142,SUKVINDER,4
3142,SUMAIRA,4
3142,SUMMAN,4
3142,SUNAH,4
3142,SUNAINA,4
3142,SUNNI,4
3142,SUNNIE,4
3142,SUSANNE,4
3142,SUSHMITA,4
3142,SUZAN,4
3142,SYAN,4
3142,SYBIL,4
3142,SYDNI,4
3142,TAHIBA,4
3142,TAHIYA,4
3142,TAHREEM,4
3142,TAITE,4
3142,TAJINDER,4
3142,TALIYAH,4
3142,TALLULA,4
3142,TAMANA,4
3142,TAMISHA,4
3142,TANVEER,4
3142,TANZIM,4
3142,TARRYN,4
3142,TASHARNA,4
3142,TASMIYAH,4
3142,TAYLAH,4
3142,TAYLOR-LEIGH,4
3142,TEELA,4
3142,TEJAL,4
3142,TENISHA,4
3142,TEONA,4
3142,TERINA,4
3142,TERRI-ANNE,4
3142,TERRIE,4
3142,TEYA,4
3142,THAMINA,4
3142,THANIA,4
3142,THAO,4
3142,THOMASINA,4
3142,TIA-ROSE,4
3142,TIANNE,4
3142,TIFFANIE,4
3142,TIYA,4
3142,TIYANA,4
3142,TOLUWALOPE,4
3142,TONI-LEIGH,4
3142,TONI-LOUISE,4
3142,TONIA,4
3142,TONYA,4
3142,TRINA,4
3142,TUGCE,4
3142,TULLIA,4
3142,TYANNA,4
3142,TYRAH,4
3142,UMAMAH,4
3142,UMBER,4
3142,UROOJ,4
3142,VALENTINE,4
3142,VENUS,4
3142,VERENA,4
3142,VIKTORIA,4
3142,VINCENZA,4
3142,VIVIAN,4
3142,VIVIANA,4
3142,WASIMA,4
3142,WHITLEY,4
3142,WURAOLA,4
3142,YAEL,4
3142,YAGMUR,4
3142,YEWANDE,4
3142,YVES,4
3142,ZABRINA,4
3142,ZAHIDA,4
3142,ZAHIRA,4
3142,ZAIRA,4
3142,ZAKIYYA,4
3142,ZANA,4
3142,ZANEB,4
3142,ZAREEN,4
3142,ZAREENA,4
3142,ZEENA,4
3142,ZELAL,4
3142,ZELDA,4
3142,ZENIB,4
3142,ZITA,4
3142,ZOHA,4
3848,AALA,3
3848,AALIAH,3
3848,AAMENAH,3
3848,AASHNA,3
3848,AASHNI,3
3848,AATIKA,3
3848,ABBIE-LOUISE,3
3848,ABBIE-ROSE,3
3848,ABBIEGAYLE,3
3848,ABBIELOUISE,3
3848,ABIR,3
3848,ABIRAMI,3
3848,ABISOLA,3
3848,ADEESA,3
3848,ADELINE,3
3848,ADESUWA,3
3848,ADI,3
3848,AFIYA,3
3848,AFIYAH,3
3848,AFRIN,3
3848,AFSHAH,3
3848,AGATHE,3
3848,AGNESA,3
3848,AILISHA,3
3848,AIMA,3
3848,AINSLEY,3
3848,AISHAT,3
3848,AISHIA,3
3848,AISLA,3
3848,AISYAH,3
3848,AJA,3
3848,AKEELA,3
3848,AKSAA,3
3848,ALANNIS,3
3848,ALAYA,3
3848,ALBERTA,3
3848,ALEACIA,3
3848,ALEIGHSHA,3
3848,ALEKSANDRA,3
3848,ALESIA,3
3848,ALETIA,3
3848,ALICEA,3
3848,ALIDIA,3
3848,ALISCIA,3
3848,ALISE,3
3848,ALISHA-MARIE,3
3848,ALISHBA,3
3848,ALIYSHA,3
3848,ALIZE,3
3848,ALLENA,3
3848,ALLYSON,3
3848,ALMAAS,3
3848,ALYA,3
3848,ALYSON,3
3848,AMAARA,3
3848,AMALIE,3
3848,AMARACHI,3
3848,AMBAH,3
3848,AMBIA,3
3848,AMELLIA,3
3848,AMERAH,3
3848,AMILIA,3
3848,AMISHA,3
3848,AMITA,3
3848,AMMAN,3
3848,AMNAH,3
3848,AMRITPAL,3
3848,AMY-JADE,3
3848,AMY-JANE,3
3848,AMY-LEE,3
3848,AMY-MARIE,3
3848,AMY-ROSE,3
3848,AMYE,3
3848,AMYLEA,3
3848,ANAMIKA,3
3848,ANDRA,3
3848,ANEST,3
3848,ANGEL-ROSE,3
3848,ANGELINE,3
3848,ANH,3
3848,ANIKAH,3
3848,ANIS,3
3848,ANISHAH,3
3848,ANJALEE,3
3848,ANJANA,3
3848,ANJULI,3
3848,ANJUMAN,3
3848,ANNA-LISA,3
3848,ANNAH,3
3848,ANNALEA,3
3848,ANNALEISE,3
3848,ANNI,3
3848,ANNIA,3
3848,ANNIE-MAE,3
3848,ANNISSA,3
3848,ANNYS,3
3848,ANTHEA,3
3848,ANTHONIA,3
3848,ANXHELA,3
3848,APOLLONIA,3
3848,ARCHANA,3
3848,ARCHNA,3
3848,ARIADNI,3
3848,ARPITA,3
3848,ARUNA,3
3848,ASENA,3
3848,ASHANTE,3
3848,ASHIA,3
3848,ASHWINI,3
3848,ASIMA,3
3848,ASMARA,3
3848,ASUKA,3
3848,ATALIA,3
3848,ATALYA,3
3848,ATEEQA,3
3848,ATIYYA,3
3848,ATTIA,3
3848,AVAANI,3
3848,AVALON,3
3848,AVERY,3
3848,AYAKA,3
3848,AYEISHA,3
3848,AYMAN,3
3848,AYOMIKUN,3
3848,AYOOLA,3
3848,AYSEGUL,3
3848,AYSHIA,3
3848,AYTEN,3
3848,AZEEMAH,3
3848,AZIZAH,3
3848,AZRA,3
3848,BAHAR,3
3848,BALI,3
3848,BALJEET,3
3848,BANSI,3
3848,BAREERA,3
3848,BATHSHEBA,3
3848,BEATTIE,3
3848,BEENISH,3
3848,BELEN,3
3848,BENEDICTE,3
3848,BERNA,3
3848,BERYL,3
3848,BETHANNEY,3
3848,BETHANY-JAYNE,3
3848,BETHANY-MAE,3
3848,BETHINN,3
3848,BETHONY,3
3848,BETTINA,3
3848,BEYZA,3
3848,BHAIRAVI,3
3848,BHAVINA,3
3848,BHUMI,3
3848,BILLI-JO,3
3848,BILLIE-ANN,3
3848,BILLIE-JANE,3
3848,BILLIE-JEAN,3
3848,BIPASHA,3
3848,BISMAH,3
3848,BLAZE,3
3848,BLEONA,3
3848,BLERINA,3
3848,BLOSSOM,3
3848,BLU,3
3848,BLUE,3
3848,BOBBIE-LEIGH,3
3848,BONNIE-LEE,3
3848,BRADIE,3
3848,BREA,3
3848,BREAGHA,3
3848,BRIDEY,3
3848,BRIEGE,3
3848,BRIGID,3
3848,BRIGIT,3
3848,BRIONIE,3
3848,BRITANNI,3
3848,BROCHO,3
3848,BROGEN,3
3848,BRYANNA,3
3848,BUKET,3
3848,CADIE,3
3848,CAGLA,3
3848,CAIRO,3
3848,CALAIS,3
3848,CALEIGH,3
3848,CALEY,3
3848,CAMELIA,3
3848,CANDI,3
3848,CAPUCINE,3
3848,CARICE,3
3848,CARLISHA,3
3848,CARMAN,3
3848,CAROL-ANN,3
3848,CAROLANN,3
3848,CAROLE,3
3848,CARRA,3
3848,CASEY-LEA,3
3848,CATHERINA,3
3848,CATHRINE,3
3848,CATIE,3
3848,CECILIE,3
3848,CELSEY,3
3848,CHANAY,3
3848,CHANDRA,3
3848,CHANIECE,3
3848,CHANISE,3
3848,CHARDAY,3
3848,CHARLEY-ANNE,3
3848,CHARLEY-LOUISE,3
3848,CHARLEY-MARIE,3
3848,CHARLIE-JO,3
3848,CHARLIE-LEIGH,3
3848,CHARLIE-LOUISE,3
3848,CHARLOTTE-ANN,3
3848,CHARLOTTE-MARIE,3
3848,CHARMAIN,3
3848,CHARMIAN,3
3848,CHARNELLE,3
3848,CHAYSE,3
3848,CHELSEA-JADE,3
3848,CHELSEA-MAY,3
3848,CHELSY,3
3848,CHENAI,3
3848,CHENELLE,3
3848,CHENILLE,3
3848,CHERRELLE,3
3848,CHEYNE,3
3848,CHIDINMA,3
3848,CHIQUITA,3
3848,CHLOE-JADE,3
3848,CHONTELLE,3
3848,CHRISTALLA,3
3848,CHRISTEL,3
3848,CIAN,3
3848,CINZIA,3
3848,CIRA,3
3848,CLARISSE,3
3848,COBIE,3
3848,COMFORT,3
3848,CORIE,3
3848,CORNELIA,3
3848,CORTNIE,3
3848,COURTNEY-JO,3
3848,CREE,3
3848,CRISTY,3
3848,DAHLIA,3
3848,DALYA,3
3848,DAMILOLA,3
3848,DANEKA,3
3848,DANIQUE,3
3848,DANNI-LEIGH,3
3848,DANTE,3
3848,DANYA,3
3848,DAVINDER,3
3848,DAYA,3
3848,DEANDRA,3
3848,DEARBHLA,3
3848,DEKA,3
3848,DELANIE,3
3848,DEMET,3
3848,DEMI-MARIE,3
3848,DEMITRIA,3
3848,DENIKA,3
3848,DENNIE,3
3848,DENNY,3
3848,DENVA,3
3848,DEON,3
3848,DERRI,3
3848,DEVISHA,3
3848,DEWAN,3
3848,DHANYA,3
3848,DHUHA,3
3848,DILANI,3
3848,DILEM,3
3848,DILYS,3
3848,DISNEY,3
3848,DIXIE,3
3848,DOLAPO,3
3848,DOLLY,3
3848,DONNA-MARIE,3
3848,DUYGU,3
3848,DYLAN,3
3848,EBONY-MAE,3
3848,EBONY-ROSE,3
3848,ECE,3
3848,ECHO,3
3848,EFUA,3
3848,EIMAN,3
3848,EKATERINA,3
3848,ELENORE,3
3848,ELENYA,3
3848,ELEONORA,3
3848,ELEONORE,3
3848,ELIANE,3
3848,ELIS,3
3848,ELISABETTA,3
3848,ELISSE,3
3848,ELKE,3
3848,ELLAND,3
3848,ELLANOR,3
3848,ELLE-LOUISE,3
3848,ELLE-MARIE,3
3848,ELLIANA,3
3848,ELLIE-ANNE,3
3848,ELLISSA,3
3848,ELLORA,3
3848,ELLYSSE,3
3848,ELONA,3
3848,ELSBETH,3
3848,ELUNED,3
3848,ELYS,3
3848,ELYSSA,3
3848,ELYSSE,3
3848,EMILIANA,3
3848,EMILY-JADE,3
3848,EMINA,3
3848,EMMA-LEA,3
3848,EMMA-LEE,3
3848,EMMALOUISE,3
3848,EMME,3
3848,EMMI,3
3848,ENID,3
3848,ENISE,3
3848,ERAM,3
3848,ERAN,3
3848,EREN,3
3848,ERUM,3
3848,ERYKA,3
3848,ESEOGHENE,3
3848,EVELINA,3
3848,EVITA,3
3848,EZRA,3
3848,FAARIA,3
3848,FABIA,3
3848,FABLIHA,3
3848,FAIQA,3
3848,FALAN,3
3848,FAREEHA,3
3848,FARHIA,3
3848,FARHIYA,3
3848,FARIA,3
3848,FATEMAH,3
3848,FATOU,3
3848,FAWZIYAH,3
3848,FEARN,3
3848,FELICE,3
3848,FENN,3
3848,FFLUR,3
3848,FFYON,3
3848,FIAZA,3
3848,FINLAE,3
3848,FOLAKEMI,3
3848,FOLASADE,3
3848,FOUZIA,3
3848,FREDRIKA,3
3848,FRIEDA,3
3848,GAGAN,3
3848,GAGANDEEP,3
3848,GAZEL,3
3848,GEMINI,3
3848,GENTIANA,3
3848,GEORGEANA,3
3848,GEORGIA-MAY,3
3848,GEORGIA-ROSE,3
3848,GERDA,3
3848,GHADA,3
3848,GHANIA,3
3848,GIADA,3
3848,GULAY,3
3848,GULSHAN,3
3848,GUNEET,3
3848,GURDEEP,3
3848,GURJEET,3
3848,GURKIRAN,3
3848,GURMEET,3
3848,GURSHARON,3
3848,GWAWR,3
3848,GWENDOLEN,3
3848,GYPSIE,3
3848,HAADIYA,3
3848,HAAJIRAH,3
3848,HADASSAH,3
3848,HADIA,3
3848,HADIAH,3
3848,HAFEEZA,3
3848,HAFZA,3
3848,HAGER,3
3848,HAIQA,3
3848,HALENA,3
3848,HAMEDA,3
3848,HAMIDAH,3
3848,HANAE,3
3848,HANEEFAH,3
3848,HANI,3
3848,HANIA,3
3848,HANISHA,3
3848,HANNAH-MAE,3
3848,HANNAH-MARIE,3
3848,HARJOT,3
3848,HARLEE,3
3848,HARRIOTT,3
3848,HARSHA,3
3848,HARSIMRAT,3
3848,HARUKA,3
3848,HARVEEN,3
3848,HASEEBA,3
3848,HASEENAH,3
3848,HAVVA,3
3848,HAWYS,3
3848,HAYFA,3
3848,HAYLEE,3
3848,HAYLIE,3
3848,HAZRA,3
3848,HIBBA,3
3848,HIBO,3
3848,HODA,3
3848,HODO,3
3848,HOLLY-LOUISE,3
3848,HOLLYANNE,3
3848,HUMMA,3
3848,IFEOLUWAPO,3
3848,IFSA,3
3848,IJEOMA,3
3848,ILA,3
3848,INARI,3
3848,INCA,3
3848,INDEA,3
3848,INDIRA,3
3848,INSIYA,3
3848,IOLA,3
3848,IRA,3
3848,ISA,3
3848,ISHER,3
3848,ISRAA,3
3848,IVORY,3
3848,IYANA,3
3848,IYESHA,3
3848,IZEL,3
3848,IZOBEL,3
3848,JACE,3
3848,JACEY,3
3848,JADE-LOUISE,3
3848,JADEN,3
3848,JADENE,3
3848,JADESOLA,3
3848,JADINE,3
3848,JAIDE,3
3848,JAIMEY,3
3848,JAIMI,3
3848,JAIMINI,3
3848,JALE,3
3848,JANADE,3
3848,JANAE,3
3848,JANAKI,3
3848,JANAN,3
3848,JANAY,3
3848,JANNATH,3
3848,JANNEKE,3
3848,JAVARIA,3
3848,JAWARIA,3
3848,JAYCEE,3
3848,JAYDEAN,3
3848,JAYLEE,3
3848,JAYLEIGH,3
3848,JAYMI,3
3848,JAZMYNE,3
3848,JEANIE,3
3848,JENAI,3
3848,JENNER,3
3848,JERRY,3
3848,JESSAMINE,3
3848,JESSICA-JADE,3
3848,JESSICA-LEIGH,3
3848,JESSICA-MAI,3
3848,JESSICA-MARIE,3
3848,JI,3
3848,JILL,3
3848,JO-ANN,3
3848,JOCCOAA,3
3848,JOLANDA,3
3848,JORGE,3
3848,JORGIE,3
3848,JOSEFINE,3
3848,JOSETTE,3
3848,JOSIANE,3
3848,JOSIE-LEIGH,3
3848,JUBAYDAH,3
3848,JUBEDA,3
3848,JUBILEE,3
3848,JULEKHA,3
3848,JULIEANN,3
3848,JUMA,3
3848,JUMANAH,3
3848,JUWAIRIAH,3
3848,JUWARIYA,3
3848,KAAMILAH,3
3848,KABIRA,3
3848,KACI,3
3848,KACY,3
3848,KADI,3
3848,KADIJAT,3
3848,KAIJA,3
3848,KAIMANA,3
3848,KAITLYNN,3
3848,KALEISHA,3
3848,KALESHA,3
3848,KALIFA,3
3848,KALLI,3
3848,KAMA,3
3848,KAMERON,3
3848,KAMISHA,3
3848,KANEEZ,3
3848,KANWAL,3
3848,KARA-LOUISE,3
3848,KARDELEN,3
3848,KAREEMA,3
3848,KARENA,3
3848,KARISMA,3
3848,KARRA,3
3848,KASTURI,3
3848,KATHERYN,3
3848,KATHERYNE,3
3848,KATHLYN,3
3848,KATI,3
3848,KATIE-JAYNE,3
3848,KATIE-LEIGH,3
3848,KATRINE,3
3848,KAVINA,3
3848,KAYLAH,3
3848,KAYLEIGH-ANN,3
3848,KAYLI,3
3848,KAYNA,3
3848,KAYNAT,3
3848,KAYNATH,3
3848,KAYTE,3
3848,KAYTIE,3
3848,KEANNE,3
3848,KEAUNA,3
3848,KEAVEY,3
3848,KEELIN,3
3848,KEILA,3
3848,KEILAH,3
3848,KEILEY,3
3848,KELCI,3
3848,KELDA,3
3848,KELLAN,3
3848,KELLSIE,3
3848,KELLYANN,3
3848,KELSEE,3
3848,KENNA,3
3848,KENSEY,3
3848,KENZI,3
3848,KERENA,3
3848,KERI-ANNE,3
3848,KERRIE-ANNE,3
3848,KERRIN,3
3848,KERSHA,3
3848,KESHA,3
3848,KHADEZA,3
3848,KHAIRUN,3
3848,KHAYA,3
3848,KIEANNA,3
3848,KIER,3
3848,KIERA-LEIGH,3
3848,KIERAH,3
3848,KIERAN,3
3848,KIMBERLEE,3
3848,KIMIA,3
3848,KINZAH,3
3848,KIONA,3
3848,KIRSTY-ANN,3
3848,KIRTAN,3
3848,KLAUDIA,3
3848,KOFI,3
3848,KOLSUMA,3
3848,KORA,3
3848,KULSOOM,3
3848,KULSUMA,3
3848,KULTHOOM,3
3848,KYANNA,3
3848,KYLAH,3
3848,KYMBERLEY,3
3848,KYNA,3
3848,KYNAAT,3
3848,KYRA-LEIGH,3
3848,LAELA,3
3848,LAIQAH,3
3848,LAKOTA,3
3848,LAMARA,3
3848,LAMISA,3
3848,LAMORNA,3
3848,LAOISE,3
3848,LAQUITA,3
3848,LARNA,3
3848,LATANYA,3
3848,LATESHA,3
3848,LATITIA,3
3848,LATONIA,3
3848,LAURA-MAY,3
3848,LAUREN-MARIE,3
3848,LAURIANNE,3
3848,LAVENDER,3
3848,LAVINA,3
3848,LAYAL,3
3848,LAYNA,3
3848,LEANDA,3
3848,LEIGHANN,3
3848,LEKEISHA,3
3848,LENNIE,3
3848,LEONNA,3
3848,LESLEY-ANNE,3
3848,LEXIE,3
3848,LEXINE,3
3848,LEYANNA,3
3848,LIBBI,3
3848,LILAH,3
3848,LILIANNA,3
3848,LILLEY,3
3848,LILLIANA,3
3848,LILY-ANN,3
3848,LILY-LOUISE,3
3848,LINH,3
3848,LINNET,3
3848,LISAMARIE,3
3848,LISHA,3
3848,LIYA,3
3848,LORELEI,3
3848,LORENZA,3
3848,LORIANNE,3
3848,LOUANNE,3
3848,LOUISHA,3
3848,LUANNA,3
3848,LUCEE,3
3848,LUCIENNE,3
3848,LUCINA,3
3848,LUCKY,3
3848,LUCREZIA,3
3848,LUCY-MAE,3
3848,LUCY-MARIE,3
3848,LUCYANN,3
3848,LUELLA,3
3848,LUL,3
3848,LULA,3
3848,LYNDSAY,3
3848,LYNNE,3
3848,LYNNETTE,3
3848,MAARIAH,3
3848,MACEY,3
3848,MADALEINE,3
3848,MADALENE,3
3848,MADALINE,3
3848,MADDI,3
3848,MADHIA,3
3848,MADHVI,3
3848,MADLEN,3
3848,MAHAK,3
3848,MAHDIYAH,3
3848,MAHISHA,3
3848,MAHIYA,3
3848,MAHJABIN,3
3848,MAHRIA,3
3848,MAHWISH,3
3848,MAILE,3
3848,MAJIDA,3
3848,MALANDRA,3
3848,MALIKAH,3
3848,MALINA,3
3848,MALISHA,3
3848,MAMOONA,3
3848,MAMUNA,3
3848,MANA,3
3848,MANAHIL,3
3848,MANINDER,3
3848,MANOLYA,3
3848,MANVEER,3
3848,MANVINDER,3
3848,MARELLA,3
3848,MARGARITA,3
3848,MARGED,3
3848,MARIEL,3
3848,MARIELLE,3
3848,MARJIA,3
3848,MARLI,3
3848,MARLIE,3
3848,MARRIA,3
3848,MARRIAM,3
3848,MARTINIQUE,3
3848,MARY-ELLEN,3
3848,MARYAMA,3
3848,MARYBETH,3
3848,MARZANA,3
3848,MASHAL,3
3848,MASOOMA,3
3848,MATTEA,3
3848,MAUD,3
3848,MAYMOONA,3
3848,MAYOWA,3
3848,MAYU,3
3848,MAYURI,3
3848,MEADOW,3
3848,MEHA,3
3848,MEHWISH,3
3848,MEI,3
3848,MELERI,3
3848,MELIKA,3
3848,MELISHA,3
3848,MELTEM,3
3848,MELYSSA,3
3848,MENA,3
3848,MERLE,3
3848,MERLYN,3
3848,MICHAL,3
3848,MICHALA,3
3848,MIHRIBAN,3
3848,MIKALA,3
3848,MIKILA,3
3848,MILLA,3
3848,MINE,3
3848,MIO,3
3848,MISTI,3
3848,MOIRA,3
3848,MOLLY-ROSE,3
3848,MONIRA,3
3848,MORGAN-LEIGH,3
3848,MORGANA,3
3848,MORGANNE,3
3848,MORNA,3
3848,MORVEN,3
3848,MOTUNRAYO,3
3848,MOUSHUMI,3
3848,MUNIBA,3
3848,MUNIBAH,3
3848,MUSAMMOTH,3
3848,MYRAH,3
3848,MYRIAM,3
3848,MYRTLE,3
3848,NAADIA,3
3848,NAEMA,3
3848,NAHEDA,3
3848,NAJIYAH,3
3848,NALISHA,3
3848,NAMRATA,3
3848,NAN,3
3848,NARDIA,3
3848,NARGIS,3
3848,NASIRA,3
3848,NATALEE,3
3848,NATALIYA,3
3848,NATHANIA,3
3848,NAYLA,3
3848,NAZIHAH,3
3848,NAZIRA,3
3848,NAZIRAH,3
3848,NAZLI,3
3848,NEA,3
3848,NEELUM,3
3848,NEELY,3
3848,NEISHA,3
3848,NESRINE,3
3848,NGAIRE,3
3848,NHI,3
3848,NICHOL,3
3848,NICOLE-LOUISE,3
3848,NICOLINA,3
3848,NIDAH,3
3848,NIHAL,3
3848,NIKITTA,3
3848,NIMAT,3
3848,NISBA,3
3848,NISHI,3
3848,NISHMA,3
3848,NISHTA,3
3848,NOAM,3
3848,NOEMIE,3
3848,NORAH,3
3848,NORMA,3
3848,NOURIN,3
3848,NUMA,3
3848,NYLA,3
3848,NYOMI,3
3848,ODILIA,3
3848,OLAYINKA,3
3848,OLUTOYIN,3
3848,OLUWABUKOLA,3
3848,OLUWAPELUMI,3
3848,OLUWATOMI,3
3848,OLUWATONI,3
3848,OLWYN,3
3848,OLYVIA,3
3848,OMAIMA,3
3848,ONOME,3
3848,ORIANE,3
3848,OYINDAMOLA,3
3848,PAIGE-LOUISE,3
3848,PAIGNTON,3
3848,PARDEEP,3
3848,PARISHA,3
3848,PARISSE,3
3848,PARVEEN,3
3848,PASHA,3
3848,PATRYCJA,3
3848,PAULETTE,3
3848,PEMBE,3
3848,PERRY,3
3848,PETA,3
3848,PETRINA,3
3848,PHAEDRA,3
3848,PHILOMENA,3
3848,PHOEBIE,3
3848,PIPER,3
3848,POLLIE,3
3848,PORSCHA,3
3848,PRABHJOT,3
3848,PRAVEENA,3
3848,PRINA,3
3848,QUIANNA,3
3848,QUINN,3
3848,RA'EESAH,3
3848,RABIHA,3
3848,RACHAL,3
3848,RACQUEL,3
3848,RAE-ANNE,3
3848,RAFAELA,3
3848,RAFFAELA,3
3848,RAHEEMAH,3
3848,RAHEESA,3
3848,RAIMA,3
3848,RAIN,3
3848,RAJDEEP,3
3848,RAJNEET,3
3848,RAMAN,3
3848,RANI,3
3848,RAPHAELLE,3
3848,RAQIYA,3
3848,RASHEDA,3
3848,RAVEEN,3
3848,RAYA,3
3848,RAYAH,3
3848,RAYAN,3
3848,RAYANNA,3
3848,RAYNE,3
3848,RAZIKA,3
3848,RAZINA,3
3848,RAZNA,3
3848,REANNAH,3
3848,REBECCA-LOUISE,3
3848,REBECKAH,3
3848,REESHA,3
3848,REILLY,3
3848,REMIE,3
3848,RENU,3
3848,REO,3
3848,RHEMA,3
3848,RHIANYDD,3
3848,RIANE,3
3848,RIANNAN,3
3848,RICHA,3
3848,RIDHA,3
3848,RIFKA,3
3848,RIKITA,3
3848,RIMSHAH,3
3848,RIOJA,3
3848,RISHIKA,3
3848,ROANNA,3
3848,ROBINA,3
3848,ROCHE,3
3848,ROMAISA,3
3848,ROMEY,3
3848,RONNY,3
3848,ROSABELLE,3
3848,ROSALEE,3
3848,ROSALIN,3
3848,ROSANNAH,3
3848,ROSE-MARIE,3
3848,ROSEANN,3
3848,ROSETTA,3
3848,ROSIE-MAY,3
3848,ROXANA,3
3848,ROXANE,3
3848,ROXANN,3
3848,ROZEENA,3
3848,RUBENA,3
3848,RUBY-MAE,3
3848,RUBY-MAY,3
3848,RUCHEL,3
3848,RUDI,3
3848,RUKIYA,3
3848,RUMAANA,3
3848,RUMMANAH,3
3848,RUPA,3
3848,RUPALI,3
3848,RUPINDER,3
3848,RUQIYA,3
3848,RYAH,3
3848,RYLEIGH,3
3848,SAADIYAH,3
3848,SAARAA,3
3848,SABREEN,3
3848,SAEEDA,3
3848,SAFFIA,3
3848,SAFIAH,3
3848,SAFURA,3
3848,SAHRISH,3
3848,SAIBA,3
3848,SAIMAH,3
3848,SAKINAH,3
3848,SALI,3
3848,SALOME,3
3848,SALONI,3
3848,SAMAN,3
3848,SAMMIE-JO,3
3848,SANDIE,3
3848,SANEELA,3
3848,SANJEET,3
3848,SANJNA,3
3848,SANTANA,3
3848,SANTINA,3
3848,SAPPHIRA,3
3848,SARA-LOUISE,3
3848,SARAH-ANN,3
3848,SARAH-ANNE,3
3848,SARAN,3
3848,SARRA,3
3848,SAVINA,3
3848,SAVITA,3
3848,SAYEEDA,3
3848,SCARLETTE,3
3848,SEANNA,3
3848,SEKINAT,3
3848,SELINE,3
3848,SENARA,3
3848,SENIZ,3
3848,SENNEN,3
3848,SERPIL,3
3848,SEVERINE,3
3848,SHAHEEN,3
3848,SHAHENA,3
3848,SHAHREEN,3
3848,SHAJEDA,3
3848,SHAKEELA,3
3848,SHAKELA,3
3848,SHAKIRAH,3
3848,SHAMARA,3
3848,SHAMIM,3
3848,SHAMINA,3
3848,SHAMS,3
3848,SHAN,3
3848,SHANECE,3
3848,SHANESE,3
3848,SHANETTE,3
3848,SHANIECE,3
3848,SHANINE,3
3848,SHANISE,3
3848,SHANJIDA,3
3848,SHANLEY,3
3848,SHANNEL,3
3848,SHANNIA,3
3848,SHANNON-LEE,3
3848,SHARI,3
3848,SHARIFAH,3
3848,SHARISSE,3
3848,SHARLOTTE,3
3848,SHARMAINE,3
3848,SHARMEEN,3
3848,SHARNAH,3
3848,SHARNELL,3
3848,SHARNEY,3
3848,SHARNIA,3
3848,SHAYAN,3
3848,SHAZMIN,3
3848,SHEETAL,3
3848,SHEFALI,3
3848,SHEIKHAH,3
3848,SHELBEY,3
3848,SHELBI,3
3848,SHENA,3
3848,SHENAE,3
3848,SHENAI,3
3848,SHENAZ,3
3848,SHENIKA,3
3848,SHENISE,3
3848,SHERELLE,3
3848,SHERICE,3
3848,SHERIDEN,3
3848,SHERNICE,3
3848,SHIAN,3
3848,SHIFRA,3
3848,SHILOH,3
3848,SHILPA,3
3848,SHIONA,3
3848,SHIVALI,3
3848,SHONIE,3
3848,SHOSHONE,3
3848,SHREE,3
3848,SHULA,3
3848,SHYANN,3
3848,SIAN-MARIE,3
3848,SIANNAH,3
3848,SIANNE,3
3848,SIDDIQAH,3
3848,SIMRANPREET,3
3848,SIMRIT,3
3848,SION,3
3848,SIONA,3
3848,SOMAYA,3
3848,SOMERSET,3
3848,SOPHI,3
3848,SOPHIE-JANE,3
3848,SOPHIE-LEIGH,3
3848,SOPHIE-MAE,3
3848,SORRELL,3
3848,SOUMAYA,3
3848,SOUMIA,3
3848,SREYA,3
3848,STASIA,3
3848,STEPHANY,3
3848,STEVIE-LEA,3
3848,STEVIE-RAE,3
3848,SUBHA,3
3848,SUFIYAH,3
3848,SUKHMANI,3
3848,SULEKHA,3
3848,SULTAN,3
3848,SUMBUL,3
3848,SUMER,3
3848,SUMIYYAH,3
3848,SUMMAYAH,3
3848,SUMMER-LEA,3
3848,SUNDUS,3
3848,SUNEET,3
3848,SUNILA,3
3848,SUNIYA,3
3848,SUSIE,3
3848,SYDONIE,3
3848,TAEGAN,3
3848,TAHRIMA,3
3848,TAKARA,3
3848,TALISA,3
3848,TALULLA,3
3848,TAMARIN,3
3848,TAMEKA,3
3848,TAMEKAH,3
3848,TAMINA,3
3848,TAMIRA,3
3848,TAMLA,3
3848,TAMMYLEE,3
3848,TANEISHA,3
3848,TANESHIA,3
3848,TANITH,3
3848,TANJIMA,3
3848,TANJINA,3
3848,TANJUM,3
3848,TANWEN,3
3848,TANYEL,3
3848,TANZEELAH,3
3848,TAOME,3
3848,TARAH,3
3848,TARAN,3
3848,TARANJIT,3
3848,TARINA,3
3848,TASMINA,3
3848,TATYANA,3
3848,TAYAR,3
3848,TAYBA,3
3848,TAYEBA,3
3848,TAYLIA,3
3848,TAYLOR-JADE,3
3848,TAYLOR-JANE,3
3848,TEHMINA,3
3848,TEHYA,3
3848,TEIGHAN,3
3848,TELERI,3
3848,TEMILADE,3
3848,TEMILOLUWA,3
3848,TERI-ANNE,3
3848,TERI-LEIGH,3
3848,THANYA,3
3848,THELMA,3
3848,THOMASIN,3
3848,THU,3
3848,THUY,3
3848,TIA-LEIGH,3
3848,TIA-MAE,3
3848,TIA-MARIE,3
3848,TIAHNA,3
3848,TIANEY,3
3848,TIERA,3
3848,TILLI,3
3848,TIMERA,3
3848,TITILAYO,3
3848,TOBY,3
3848,TONI-ANN,3
3848,TONICHIA,3
3848,TROY,3
3848,TRUDY,3
3848,TULA,3
3848,TYBAH,3
3848,TYESHA,3
3848,TYLER-JADE,3
3848,TYONA,3
3848,UMAIMAH,3
3848,UMARA,3
3848,UMAY,3
3848,UNIQUE,3
3848,UNITY,3
3848,UROOSA,3
3848,URWAH,3
3848,USMA,3
3848,VANESA,3
3848,VEENA,3
3848,VERONIKA,3
3848,VIDHI,3
3848,VINISHA,3
3848,VISHALI,3
3848,VITHUSHA,3
3848,VITTORIA,3
3848,VIVA,3
3848,VY,3
3848,WAI,3
3848,WAN,3
3848,WARDA,3
3848,WITNEY,3
3848,XANA,3
3848,XAVIA,3
3848,XIA,3
3848,YAA,3
3848,YASSMIN,3
3848,YASSMINE,3
3848,YIANNA,3
3848,YING,3
3848,YITTY,3
3848,YOCHEVED,3
3848,YOLANDE,3
3848,YSANNE,3
3848,YUI,3
3848,YUN,3
3848,YUSRAH,3
3848,YUVAL,3
3848,YVE,3
3848,ZAINAH,3
3848,ZAKIRA,3
3848,ZARIN,3
3848,ZARISH,3
3848,ZARQAA,3
3848,ZELIE,3
3848,ZENNA,3
3848,ZENNOR,3
3848,ZETA,3
3848,ZINEB,3
3848,ZIPPORAH,3
3848,ZOE-LEIGH,3
3848,ZONA,3
3848,ZOYAH,3
3848,ZUBEDA,3
3848,ZULAKHA,3
3848,ZULAYKHA,3