Rank,Name,Count
1,CHLOE,9038
2,EMILY,6760
3,MEGAN,6444
4,OLIVIA,5250
5,SOPHIE,5031
6,CHARLOTTE,4964
7,LAUREN,4889
8,JESSICA,4799
9,REBECCA,4624
10,HANNAH,4351
11,BETHANY,4072
12,GEORGIA,4045
13,LUCY,4037
14,AMY,3881
15,KATIE,3474
16,ELLIE,3243
17,EMMA,2920
18,COURTNEY,2485
18,ELEANOR,2485
20,ABIGAIL,2397
21,SHANNON,2350
22,MOLLY,2313
23,HOLLY,2189
24,JADE,2148
25,CAITLIN,2072
26,ALICE,1962
27,ELLA,1881
28,GRACE,1867
29,LAURA,1846
30,RACHEL,1775
31,SARAH,1733
32,LEAH,1715
33,ELIZABETH,1652
34,AMBER,1595
35,JASMINE,1550
36,NATASHA,1527
37,AMELIA,1511
38,PHOEBE,1431
39,ANNA,1369
40,VICTORIA,1335
41,PAIGE,1313
42,NICOLE,1312
43,CHELSEA,1261
44,GEORGINA,1225
45,DANIELLE,1211
46,IMOGEN,1197
47,NIAMH,1194
48,ZOE,1174
49,ALEXANDRA,1114
50,LYDIA,1084
51,SAMANTHA,1060
52,ABBIE,1044
53,LILY,1007
54,MIA,980
55,ISOBEL,945
56,FRANCESCA,921
57,ISABELLA,883
58,MELISSA,863
59,HARRIET,845
60,KATHERINE,839
61,MILLIE,812
61,TIA,812
63,MORGAN,808
63,ROSIE,808
65,LOUISE,804
66,NATALIE,803
67,KAYLEIGH,799
68,DAISY,796
68,ERIN,796
70,AIMEE,777
71,KATE,772
72,ALISHA,762
72,GEMMA,762
74,JODIE,758
75,STEPHANIE,715
76,JENNIFER,704
77,ISABEL,691
78,ELLEN,688
78,JORDAN,688
80,HOLLIE,683
81,MOLLIE,680
82,MADELEINE,647
83,ALICIA,640
84,BETHAN,637
85,CATHERINE,614
85,EVE,614
87,MAISIE,607
88,CHARLIE,604
89,ISABELLE,601
89,YASMIN,601
91,RHIANNON,590
92,FREYA,589
93,RUBY,581
94,KIRSTY,579
95,ASHLEIGH,573
96,NAOMI,551
97,CERYS,538
98,SOPHIA,536
99,SIAN,524
100,POPPY,516
101,BRITTANY,510
102,KELSEY,500
103,ROBYN,496
104,BETH,480
105,ELOISE,469
106,MARIA,461
107,GABRIELLE,460
108,LAURYN,454
109,ELISE,451
110,DEMI,444
110,RACHAEL,444
112,BROOKE,434
113,INDIA,431
114,CASEY,427
114,SASHA,427
116,ELLE,426
117,LIBBY,423
118,KATHRYN,422
119,ANNABEL,415
120,HEATHER,409
121,TARA,407
122,TAYLOR,403
123,ZARA,399
124,FAYE,387
125,MAYA,383
125,SASKIA,383
127,LOIS,382
128,CHANTELLE,377
129,REBEKAH,375
129,SARA,375
131,CIARA,365
132,ANNIE,363
133,KIMBERLEY,360
134,CLAUDIA,353
135,AISHA,350
136,LARA,347
137,KATY,344
138,SHANIA,336
139,KIERA,334
139,MARY,334
141,ELISHA,333
142,GABRIELLA,332
143,KIRA,329
144,JASMIN,328
144,LEANNE,328
146,CHARLEY,320
146,SUMMER,320
148,BRITNEY,314
149,ROSE,313
149,SAFFRON,313
151,NICOLA,309
152,BRYONY,301
153,MADISON,297
154,KELLY,296
155,SHAUNA,294
156,ABBY,286
157,MADELINE,283
158,JEMMA,282
158,MATILDA,282
158,SKYE,282
161,FFION,281
162,ANNABELLE,279
163,CARA,271
164,HOPE,270
165,MARYAM,269
166,FLORENCE,268
167,EVIE,267
167,TIFFANY,267
169,HELENA,266
170,LISA,265
171,CLAIRE,263
171,EDEN,263
171,JOSEPHINE,263
174,DANIELLA,258
175,RHIANNA,256
176,NIKITA,255
177,EBONY,253
178,MARTHA,252
179,TONI,250
180,ANGEL,247
180,MICHAELA,247
180,RUTH,247
183,HELEN,242
183,SIMRAN,242
185,ESTHER,239
186,JENNA,236
187,SCARLETT,235
188,AYESHA,234
188,NADIA,234
188,SINEAD,234
191,ABBEY,231
191,EMILIA,231
193,CARYS,230
194,HAYLEY,229
195,PHILIPPA,228
196,JEMIMA,226
197,LIBERTY,224
198,ANTONIA,223
199,JOANNA,218
200,TAMARA,217
201,FIONA,216
202,ESME,212
203,ANYA,210
204,ALEX,209
205,KEELEY,206
206,ELENA,205
207,AMIE,203
208,CAITLYN,202
209,SIOBHAN,201
210,CARLA,199
211,LOUISA,197
212,NINA,195
213,TILLY,194
214,SAVANNAH,193
214,SOFIA,193
216,BILLIE,189
217,IONA,186
217,LORNA,186
219,KYRA,185
219,LUCIE,185
221,PARIS,184
222,AMINA,183
222,EVA,183
224,SHELBY,182
225,MARIAM,181
225,TABITHA,181
227,JAMIE,180
227,JOSIE,180
227,SABRINA,180
230,ALANA,179
231,ZAINAB,178
232,NEVE,177
233,JULIA,175
233,TEGAN,175
235,MICHELLE,174
236,FATIMA,173
237,LAYLA,172
237,STACEY,172
237,TYLER,172
240,MAIA,170
241,MEGHAN,168
242,CARLY,166
243,CONNIE,165
244,KIRSTEN,164
244,LEONIE,164
244,POLLY,164
244,SALLY,164
248,MADDISON,163
249,SANA,162
250,ELIZA,161
250,KATRINA,161
252,FRANCES,159
252,MELANIE,159
252,RIA,159
255,APRIL,158
256,ASHLEY,157
257,SYDNEY,155
258,CAROLINE,154
259,KERRY,153
260,CHELSEY,152
260,ZAHRA,152
262,CHRISTINA,151
262,SADIE,151
264,SERENA,150
264,TAYLA,150
266,TIEGAN,148
267,ANISA,144
267,KAITLIN,144
267,ORLA,144
270,BEATRICE,139
270,DARCY,139
272,JESSIE,138
273,SHONA,137
274,IQRA,136
275,KARA,134
275,NIA,134
277,ADELE,133
278,KAITLYN,132
279,DANA,130
279,FAITH,130
281,JOANNE,129
281,LEILA,129
283,HEIDI,128
283,TANYA,128
285,PRIYA,125
286,ISLA,124
286,KEIRA,124
286,LILLY,124
289,CLARA,123
290,MAISY,122
290,SHANICE,122
292,KIA,121
292,NANCY,121
294,ALIYAH,120
294,LOWRI,120
296,SYEDA,119
296,YASMINE,119
298,BROGAN,118
298,DEANNA,118
300,MILLICENT,117
300,NATALIA,117
302,VERITY,116
303,AMANDA,114
303,TANISHA,114
305,GEORGIE,113
306,ELLIS,112
307,HAFSA,111
307,TALIA,111
309,ANASTASIA,110
309,CONSTANCE,110
311,DARCEY,109
311,FERN,109
311,KIRAN,109
311,MILLY,109
315,CHELSIE,108
315,KATHARINE,108
317,HALIMA,107
317,RHIAN,107
319,KATHLEEN,106
320,CRYSTAL,105
320,ROISIN,105
322,CLARE,104
323,AOIFE,103
323,AYSHA,103
325,ALISON,102
325,ANISHA,102
325,MIRIAM,102
325,RENEE,102
329,DEVON,101
330,SIMONE,100
331,ASHA,99
331,HALEEMA,99
331,LUCIA,99
334,CARMEN,98
334,CHANEL,98
336,EMILIE,97
337,FELICITY,96
338,BETHANIE,95
338,ERICA,95
338,EVELYN,95
338,HANNA,95
338,KAYLEY,95
338,MONIQUE,95
344,TAMSIN,94
344,VANESSA,94
346,LUCINDA,93
346,SEREN,93
346,THEA,93
349,CAITLAN,92
349,CORAL,92
349,COURTENEY,92
349,ELIN,92
349,JAZMIN,92
354,BRIONY,91
354,DESTINY,91
354,ROSEMARY,91
357,CHARIS,90
357,KELSIE,90
357,LEIA,90
357,RHEA,90
357,SHARNA,90
362,BECKY,89
362,JENNY,89
362,KATELYN,89
362,LIA,89
362,SACHA,89
367,ROSA,88
367,SELINA,88
367,SONIA,88
370,ELINOR,87
370,HANA,87
370,HAZEL,87
370,LANA,87
374,ANGHARAD,86
374,FLORA,86
374,JANE,86
374,LEIGH,86
374,MIRANDA,86
379,ALEXANDRIA,85
379,CHEYENNE,85
379,STELLA,85
379,TAMZIN,85
383,ELLENA,84
383,HENNA,84
383,KIARA,84
383,KITTY,84
383,LOLA,84
383,MADELAINE,84
389,EVANGELINE,83
389,HONOR,83
389,JAZMINE,83
389,NADINE,83
389,SKY,83
394,LACEY,82
394,LILLIE,82
394,MYA,82
394,SABAH,82
398,ANDREA,81
398,ELISABETH,81
398,KHADIJA,81
398,MARIE,81
398,ROSANNA,81
403,AISHAH,79
403,IMAN,79
403,SALMA,79
406,CODIE,78
406,CODY,78
406,KAYLA,78
406,KEELY,78
410,AISLING,77
410,ANJALI,77
410,CATRIN,77
410,CHANELLE,77
410,RHIANNE,77
415,MONICA,76
416,ABBI,75
416,ALEXIA,75
416,BILLIE-JO,75
419,DARCIE,74
419,KIRSTIE,74
419,MARIAH,74
419,SADIA,74
419,SHIVANI,74
424,AUTUMN,72
424,CAMERON,72
424,GENEVIEVE,72
427,AMINAH,71
427,BONNIE,71
429,AALIYAH,70
429,ANGELA,70
429,ANNALISE,70
429,AVA,70
429,BRIDIE,70
429,DAYNA,70
429,LOREN,70
436,ALANNAH,69
436,ELYSIA,69
436,EMELIA,69
436,GRACIE,69
440,DEBORAH,68
440,FAY,68
440,KHADIJAH,68
440,LILI,68
440,SAFIA,68
445,ANEESA,67
445,ANISAH,67
445,CHANTEL,67
445,JODI,67
449,CELINE,66
449,JADA,66
449,MICA,66
449,ZAYNAB,66
453,CHRISTIE,65
453,EMMIE,65
453,LEA,65
453,SAFA,65
453,SAPPHIRE,65
458,ALYSHA,64
458,CATRIONA,64
458,CERI,64
458,LAILA,64
458,MARNIE,64
463,BAILEY,63
463,BRIANNA,63
463,HAFSAH,63
463,TIANA,63
463,TORI,63
463,WHITNEY,63
469,HUMAIRA,62
469,IKRA,62
469,ISOBELLE,62
469,KARIS,62
469,NIKKI,62
474,ATLANTA,61
474,DANIELA,61
474,DAVINA,61
474,DREW,61
474,JULIETTE,61
474,MEG,61
474,NEHA,61
474,ROWAN,61
474,TIANNA,61
483,ALEXIS,60
483,ALYSSA,60
483,ANIKA,60
483,DOMINIQUE,60
483,JULIET,60
483,MADDIE,60
483,ROCHELLE,60
490,CHRISTINE,59
490,FARAH,59
490,FLEUR,59
490,IRAM,59
490,KARLA,59
490,LARISSA,59
490,RIANNA,59
490,SHAKIRA,59
498,ALIX,58
498,ARABELLA,58
498,ELLIE-MAY,58
498,ESTELLE,58
498,KENNEDY,58
498,MAARIYAH,58
498,MARGARET,58
498,ROXANNE,58
498,SCARLET,58
498,WILLOW,58
508,ALEENA,57
508,BROOKLYN,57
508,ELLIE-MAE,57
508,ERIKA,57
508,JAIME,57
508,LEONI,57
508,SUMAYYAH,57
515,ALIYA,56
515,BRONTE,56
515,CASSIE,56
515,HARLEY,56
515,KIMBERLY,56
515,MAY,56
521,ALINA,55
521,ANA,55
521,BRIDGET,55
521,CAPRICE,55
521,CORA,55
521,KASEY,55
521,KYLIE,55
521,STEVIE,55
529,AMI,54
529,DIONNE,54
529,KEZIA,54
529,PENNY,54
529,SAIMA,54
529,SUSAN,54
529,TAMMY,54
536,JACQUELINE,53
536,JULIE,53
536,MACY,53
539,BRONWYN,52
539,CALLIE,52
539,JAMIE-LEE,52
539,JOY,52
539,KAYA,52
539,LAURIE,52
539,MAE,52
539,SUSANNAH,52
539,TESSA,52
548,AQSA,51
548,CHARLENE,51
548,DANNIELLE,51
548,ELSA,51
548,FATIMAH,51
548,JAMIE-LEIGH,51
548,MELODY,51
548,SAMIRA,51
548,TANIA,51
557,AMIRAH,50
557,BOBBIE,50
557,CAMILLA,50
557,CASSANDRA,50
557,CHARMAINE,50
557,LEONA,50
557,LILIAN,50
557,LOTTIE,50
557,MERCEDES,50
557,TEIGAN,50
567,ATHENA,49
567,CARRIE,49
567,HENRIETTA,49
567,MARIANNE,49
567,PATRICIA,49
567,RIO,49
573,ANITA,48
573,DIANA,48
573,KYLA,48
573,LILLIAN,48
573,MARINA,48
573,TASNIM,48
573,TERRI,48
580,ALIA,47
580,ANNE,47
580,BRONWEN,47
580,FAIZA,47
580,ZAYNAH,47
585,LEYLA,46
585,NATALYA,46
585,ROSALIND,46
585,TYLA,46
585,YAZMIN,46
590,ALANNA,45
590,ALYS,45
590,DEMI-LEIGH,45
590,TIERNEY,45
594,CHIARA,44
594,DANNI,44
594,ENYA,44
594,FRANKIE,44
594,KAYLEE,44
594,KEISHA,44
594,LEVI,44
594,MACKENZIE,44
594,NOOR,44
594,SAIRA,44
594,TALLULAH,44
605,AMAL,43
605,AMANI,43
605,ELISA,43
605,KARINA,43
605,KEZIAH,43
605,KIAH,43
605,MANISHA,43
605,SADE,43
605,STORM,43
605,TASMIN,43
615,AMNA,42
615,JODY,42
615,JUSTINE,42
615,KOMAL,42
615,MAISHA,42
615,NEELAM,42
615,REANNE,42
615,SANAH,42
615,SORCHA,42
624,AMMAARAH,41
624,CHARLY,41
624,KRYSTAL,41
624,LINDSEY,41
624,SABA,41
624,SHARON,41
624,TYRA,41
631,BRITTNEY,40
631,KERRIE,40
631,KRISTINA,40
631,PRIYANKA,40
631,ROSEANNA,40
636,AMIRA,39
636,ANGELICA,39
636,ELOUISE,39
636,ELSPETH,39
636,KIM,39
641,BUSHRA,38
641,CELIA,38
641,CHARLEE,38
641,GINA,38
641,KERRI,38
641,LILLI,38
641,MAGGIE,38
641,MANON,38
641,SIDRA,38
641,SIENNA,38
641,SUSANNA,38
641,TAHMINA,38
653,AILSA,37
653,ELLESSE,37
653,ELLY,37
653,JAYDE,37
653,MARISA,37
653,MARIYA,37
653,MISHA,37
653,NEAVE,37
653,SAARAH,37
653,TERI,37
663,AAMINAH,36
663,CHANTAL,36
663,CHARLEIGH,36
663,CLARISSA,36
663,CLOE,36
663,FAHIMA,36
663,HARMONY,36
663,KELLIE,36
663,MATHILDA,36
663,NAIMA,36
663,REGAN,36
663,ROBERTA,36
663,ROMY,36
663,ROWENA,36
663,TAYLER,36
678,AMRITA,35
678,CARLEY,35
678,CECILIA,35
678,CELESTE,35
678,CYDNEY,35
678,ELISSA,35
678,ELSIE,35
678,FARHANA,35
678,HERMIONE,35
678,JASPREET,35
678,RABIA,35
678,SAFIYA,35
678,TARYN,35
691,ALESHA,34
691,AMRIT,34
691,CAMILLE,34
691,ELLISE,34
691,FATMA,34
691,IMANI,34
691,KAREN,34
691,MISBAH,34
691,SABINA,34
691,SANAA,34
691,TASNEEM,34
691,TESS,34
703,ALEXA,33
703,AROOJ,33
703,BELLA,33
703,BOBBI,33
703,CLEO,33
703,CORDELIA,33
703,EDITH,33
703,ELICIA,33
703,ELLI,33
703,FAHMIDA,33
703,MAHIMA,33
703,MARISSA,33
703,NAFISA,33
703,SHANA,33
703,SIONED,33
703,TAMANNA,33
703,TERESA,33
703,YASEMIN,33
721,ARIANA,32
721,ASMA,32
721,AYSE,32
721,COLETTE,32
721,DINA,32
721,DONNA,32
721,ISHA,32
721,KAY,32
721,LEIGHA,32
721,LETITIA,32
721,MEREDITH,32
721,PARRIS,32
721,RHIANN,32
721,TAMIKA,32
721,THALIA,32
736,AMBA,31
736,ANIQA,31
736,ANN,31
736,BELINDA,31
736,BERNADETTE,31
736,CARLIE,31
736,ELEN,31
736,KACEY,31
736,KERI,31
736,LEENA,31
736,LENA,31
736,LIBBIE,31
736,LUISA,31
736,MASUMA,31
736,NISHA,31
736,REANNA,31
752,ABIGAYLE,30
752,ALANIS,30
752,ANAIS,30
752,BIBI,30
752,CHEYANNE,30
752,CORINNE,30
752,FARZANA,30
752,FINLAY,30
752,HABIBA,30
752,HARRIETT,30
752,JAMILA,30
752,KELSEA,30
752,KRISTY,30
752,MARIYAH,30
752,MARTINA,30
752,MARTINE,30
752,NISHAT,30
752,PENELOPE,30
752,REMI,30
752,SAFIYYAH,30
752,SAVANNA,30
752,SHANNAN,30
752,SHELLEY,30
752,SUZANNE,30
752,TASNIA,30
752,TAZMIN,30
752,VERONICA,30
752,XENA,30
780,AMARA,29
780,ANEESAH,29
780,ASHLEA,29
780,BIANCA,29
780,CANDICE,29
780,CHYNA,29
780,DAWN,29
780,GIORGIA,29
780,HALEEMAH,29
780,KRISTEN,29
780,NAJMA,29
780,ROSEMARIE,29
780,SAOIRSE,29
780,ZAHRAA,29
794,ABBIGAIL,28
794,AFSANA,28
794,AINE,28
794,ALANAH,28
794,AMMARAH,28
794,ASIA,28
794,AYLA,28
794,CHAYA,28
794,FARRAH,28
794,HALIMAH,28
794,HUMAIRAA,28
794,JAYNE,28
794,KAJOL,28
794,KARISHMA,28
794,LEANNA,28
794,PIPPA,28
794,PORTIA,28
794,REBEKKA,28
794,ROSINA,28
794,SHOLA,28
794,SUMAIYA,28
794,VIOLET,28
816,AAISHA,27
816,ALIVIA,27
816,AMANDEEP,27
816,ARIANNA,27
816,ASHTON,27
816,CASSIDY,27
816,DULCIE,27
816,ELERI,27
816,ELYSE,27
816,INES,27
816,JANA,27
816,JORDEN,27
816,KATERINA,27
816,MAARIA,27
816,MARI,27
816,MEERA,27
816,MENNA,27
816,MUNA,27
816,NIMRA,27
816,OPHELIA,27
816,RIANNE,27
816,RIYA,27
816,RUQAYYAH,27
816,SAMIHA,27
816,SOMMER,27
816,ZOYA,27
842,AAMINA,26
842,AILISH,26
842,ALESSIA,26
842,ALLANA,26
842,BETHANEY,26
842,GEORGIANA,26
842,IFRAH,26
842,IMAAN,26
842,JAYA,26
842,KAITLAN,26
842,KATARINA,26
842,KATYA,26
842,LAUREL,26
842,MEHREEN,26
842,MELISA,26
842,PHILLIPPA,26
842,RAE,26
842,REEM,26
842,RHEANNA,26
842,TATIANA,26
842,TINA,26
842,ZAHRAH,26
864,ABI,25
864,ALEISHA,25
864,ANOUSHKA,25
864,BRITANY,25
864,CAOIMHE,25
864,CATRINA,25
864,CECILY,25
864,CHARLI,25
864,COLLEEN,25
864,ELEASHA,25
864,ELLENOR,25
864,EMMY,25
864,HAJRA,25
864,HATTIE,25
864,JAIMIE,25
864,JOHANNA,25
864,KEAVY,25
864,LACIE,25
864,LAVINIA,25
864,LINDSAY,25
864,MADIHAH,25
864,NAZIA,25
864,PEARL,25
864,PRECIOUS,25
864,PRISCILLA,25
864,RADHIKA,25
864,REA,25
864,SARAH-LOUISE,25
864,STACIE,25
864,SUMAIYAH,25
864,SUMAN,25
864,TAHLIA,25
864,TAMERA,25
864,TAYA,25
864,WENDY,25
864,YVONNE,25
900,ABIDA,24
900,ADELAIDE,24
900,ALEESHA,24
900,ALISHIA,24
900,ALISSA,24
900,ANAM,24
900,CALLY,24
900,CEARA,24
900,DEMI-LEE,24
900,ELAINE,24
900,ELLISHA,24
900,HUSNA,24
900,ISOBELLA,24
900,JAY,24
900,JORDANNE,24
900,JORDON,24
900,LORI,24
900,MAEVE,24
900,MALI,24
900,NAFEESA,24
900,PAULA,24
900,PHILLIPA,24
900,REEMA,24
900,RIMSHA,24
900,SAMARA,24
900,SANIA,24
900,SHAE,24
900,UZMA,24
928,ARIANNE,23
928,AURORA,23
928,BREE,23
928,CHERIE,23
928,CLEMENTINE,23
928,DANIKA,23
928,DANNIELLA,23
928,DION,23
928,EILIDH,23
928,ERYN,23
928,GURPREET,23
928,ISRA,23
928,JAIMEE,23
928,JORDANNA,23
928,MAEGAN,23
928,POOJA,23
928,SAHAR,23
928,SAMIYA,23
928,SANNA,23
928,SHANON,23
928,SHAYLA,23
928,TASHA,23
928,THERESA,23
928,VALENTINA,23
952,ALISA,22
952,AMEENA,22
952,ANEESHA,22
952,ASTRID,22
952,ELANA,22
952,ELENI,22
952,ELODIE,22
952,EMER,22
952,EMILY-ROSE,22
952,HUMAYRA,22
952,JOCELYN,22
952,JOELY,22
952,JORJA,22
952,KADIE,22
952,KENYA,22
952,KIANA,22
952,KIRSTIN,22
952,LINA,22
952,LINDA,22
952,MAHNOOR,22
952,MANPREET,22
952,MIAH,22
952,MIKAELA,22
952,NAZIFA,22
952,NIKKITA,22
952,OCTAVIA,22
952,RHIANNAN,22
952,ROMA,22
952,SHANTELLE,22
952,STAR,22
952,TAMAR,22
952,TEEGAN,22
952,ZENA,22
985,AISLINN,21
985,AMY-LOUISE,21
985,ANEEKA,21
985,ANNABELLA,21
985,ANNE-MARIE,21
985,CARINA,21
985,CHLOE-ANN,21
985,ELIF,21
985,ELLIE-LOUISE,21
985,ESMEE,21
985,FARIHA,21
985,FREJA,21
985,IKRAH,21
985,INDIGO,21
985,ISIS,21
985,JAZMYN,21
985,JENNIE,21
985,JORDANA,21
985,JORDYN,21
985,KIYA,21
985,KLOE,21
985,MIMI,21
985,MONTANA,21
985,MYAH,21
985,REAGAN,21
985,ROSALIE,21
985,ROSHNI,21
985,SANNAH,21
985,SUMAYA,21
985,SUZANNA,21
985,TILLIE,21
985,VICKY,21
985,YUSRA,21
1018,AGNES,20
1018,ANDIE,20
1018,ANJA,20
1018,AREEBA,20
1018,AROOSA,20
1018,BEVERLEY,20
1018,BRODIE,20
1018,CALISTA,20
1018,CAROLYN,20
1018,CHANA,20
1018,CHLOE-LOUISE,20
1018,CHRISTIANA,20
1018,CIERA,20
1018,DARIA,20
1018,ELISHIA,20
1018,FENELLA,20
1018,GABRIELA,20
1018,GLORIA,20
1018,HIRA,20
1018,KALI,20
1018,LIANNE,20
1018,MAIREAD,20
1018,MALIKA,20
1018,MARIANA,20
1018,MARIANNA,20
1018,MHAIRI,20
1018,MINNIE,20
1018,NATHALIE,20
1018,NORA,20
1018,POLLYANNA,20
1018,SAFIYAH,20
1018,SAMINA,20
1018,SHANI,20
1018,SHANNA,20
1018,SHAUNNA,20
1018,SOFIE,20
1018,SUZANNAH,20
1018,TATYANA,20
1018,TRINITY,20
1018,URSULA,20
1018,YVETTE,20
1018,ZARAH,20
1060,ADINA,19
1060,ALENA,19
1060,ALESSANDRA,19
1060,ALLANAH,19
1060,ALLY,19
1060,AMIEE,19
1060,ANOUSKA,19
1060,ANUM,19
1060,ASHLYN,19
1060,BARBARA,19
1060,CLARICE,19
1060,COLLETTE,19
1060,DEBBIE,19
1060,ELA,19
1060,ELANOR,19
1060,ELIANA,19
1060,EMILLIE,19
1060,EMMA-LOUISE,19
1060,EMMELINE,19
1060,GILLIAN,19
1060,GRETA,19
1060,HEBE,19
1060,HEENA,19
1060,HUMERA,19
1060,IZABELLA,19
1060,JAYE,19
1060,JUDE,19
1060,KAJAL,19
1060,KATIE-LOUISE,19
1060,KIRANDEEP,19
1060,LORRAINE,19
1060,MAARIYA,19
1060,MICHA,19
1060,MIKAYLA,19
1060,MINA,19
1060,NADA,19
1060,NELL,19
1060,NIMRAH,19
1060,PIA,19
1060,PRINCESS,19
1060,RHIA,19
1060,RUKHSAR,19
1060,SANYA,19
1060,SELIN,19
1060,TEAGAN,19
1060,YOLANDA,19
1060,ZAKIA,19
1107,AALIA,18
1107,ACACIA,18
1107,ADRIANA,18
1107,AIYSHA,18
1107,ALYSIA,18
1107,ANN-MARIE,18
1107,ASIYA,18
1107,BRYONIE,18
1107,DEANNE,18
1107,EDIE,18
1107,FAIZAH,18
1107,FALLON,18
1107,FATEMA,18
1107,HARRIETTE,18
1107,IRENE,18
1107,ISMA,18
1107,JASMYN,18
1107,JEMIMAH,18
1107,JENA,18
1107,JESSE,18
1107,JOYCE,18
1107,JUDITH,18
1107,KAISHA,18
1107,KENZIE,18
1107,LIVIA,18
1107,LYNDSEY,18
1107,MACEY,18
1107,MALAIKA,18
1107,MORWENNA,18
1107,NAKITA,18
1107,NAZMIN,18
1107,ORLAGH,18
1107,REBECA,18
1107,RITA,18
1107,SAFAH,18
1107,SAIRAH,18
1107,SAMIA,18
1107,SAMIYAH,18
1107,SHANELLE,18
1107,SHANIAH,18
1107,SHAWNA,18
1107,SHAY,18
1107,SHEREEN,18
1107,SHERIDAN,18
1107,SHREYA,18
1107,SORAYA,18
1107,STEFANIE,18
1107,TABATHA,18
1107,TALITHA,18
1107,TAYBAH,18
1107,TOYAH,18
1107,TRUDI,18
1107,XANTHE,18
1160,ADRIENNE,17
1160,ALYX,17
1160,AMAN,17
1160,ANNELIESE,17
1160,ANNIKA,17
1160,ANUSHKA,17
1160,ASHLEE,17
1160,BETSY,17
1160,CARAGH,17
1160,CARI,17
1160,CARMEL,17
1160,CHANTE,17
1160,CHARLEA,17
1160,CHERISE,17
1160,CRISTINA,17
1160,DEMI-LEA,17
1160,EILEEN,17
1160,FAATIMAH,17
1160,FIONNUALA,17
1160,HABIBAH,17
1160,HANIFA,17
1160,HUDA,17
1160,IESHA,17
1160,ILANA,17
1160,JAYDA,17
1160,KATLYN,17
1160,KENDALL,17
1160,KENDRA,17
1160,KERYS,17
1160,KODIE,17
1160,KRISTA,17
1160,LIANA,17
1160,LORETTA,17
1160,MABEL,17
1160,MADDY,17
1160,MAIZIE,17
1160,MARIELLA,17
1160,MARIYAM,17
1160,MELIS,17
1160,NICHOLE,17
1160,OCEAN,17
1160,PAMELA,17
1160,RAHMA,17
1160,RENE,17
1160,SAKINA,17
1160,SASCHA,17
1160,SHANIE,17
1160,SHAYNA,17
1160,SHELBIE,17
1160,SHELLY,17
1160,SYDNIE,17
1160,SYLVIA,17
1160,SYLVIE,17
1160,TAIBA,17
1160,TANIKA,17
1160,VIENNA,17
1216,AIMIE,16
1216,ALYCIA,16
1216,AMELIE,16
1216,ANNEKA,16
1216,BEATRIX,16
1216,BRYDIE,16
1216,CEYDA,16
1216,CHERRY,16
1216,CICELY,16
1216,CLODAGH,16
1216,CORINNA,16
1216,DARCI,16
1216,DENISE,16
1216,DIONE,16
1216,ELLOUISE,16
1216,GERALDINE,16
1216,HANAA,16
1216,HARPREET,16
1216,HINA,16
1216,IVY,16
1216,JADEN,16
1216,JESS,16
1216,JO,16
1216,KALLIE,16
1216,KHLOE,16
1216,KYA,16
1216,LAKEISHA,16
1216,LILY-ROSE,16
1216,MARWA,16
1216,MATHILDE,16
1216,MELLISSA,16
1216,MILAN,16
1216,MIYA,16
1216,MOESHA,16
1216,MONA,16
1216,NAIMAH,16
1216,NERYS,16
1216,RAVEENA,16
1216,REHANA,16
1216,REZWANA,16
1216,SAMIRAH,16
1216,SANDRA,16
1216,SHANAY,16
1216,SHARMIN,16
1216,VIVIENNE,16
1261,AGATHA,15
1261,AISLIN,15
1261,AMARAH,15
1261,AMEERA,15
1261,ANEEQA,15
1261,AYISHA,15
1261,BREANNA,15
1261,BROOK,15
1261,D'ARCY,15
1261,DANI,15
1261,DIVYA,15
1261,DOROTHY,15
1261,EMILY-JANE,15
1261,ESTELLA,15
1261,FATHIMA,15
1261,FINLEY,15
1261,GWEN,15
1261,HARLEEN,15
1261,HIBA,15
1261,HONEY,15
1261,IQRAH,15
1261,JANET,15
1261,JAYDEN,15
1261,KAINAT,15
1261,KATELIN,15
1261,KEREN,15
1261,KHADEEJA,15
1261,KIRBY,15
1261,LILIANA,15
1261,MACIE,15
1261,MADIHA,15
1261,MAISEY,15
1261,MAXINE,15
1261,MORGEN,15
1261,NADIYAH,15
1261,NIEVE,15
1261,NIOMI,15
1261,ORIANA,15
1261,RACHELLE,15
1261,ROMANY,15
1261,SABHA,15
1261,SABIHA,15
1261,SAFAA,15
1261,SARINA,15
1261,SEEMA,15
1261,SHABANA,15
1261,SHIRLEY,15
1261,SIMRA,15
1261,TAHIRA,15
1261,TASLIMA,15
1261,TAYYIBAH,15
1261,TEA,15
1261,TEONA,15
1261,UMA,15
1261,ZEENAT,15
1261,ZOBIA,15
1317,ABIGALE,14
1317,ALEEMA,14
1317,ALLISON,14
1317,ALYSSIA,14
1317,AMANA,14
1317,AMY-LEIGH,14
1317,ANMOL,14
1317,ASMAA,14
1317,AUDREY,14
1317,AVNEET,14
1317,AYAN,14
1317,BISMAH,14
1317,CARIS,14
1317,CELINA,14
1317,DAISIE,14
1317,DEANA,14
1317,DIANE,14
1317,DILARA,14
1317,ELYSHA,14
1317,EMILEE,14
1317,GYPSY,14
1317,HANAN,14
1317,HASNA,14
1317,HELOISE,14
1317,HIBAH,14
1317,HUMA,14
1317,INDIANA,14
1317,JASKIRAN,14
1317,JULIANA,14
1317,KAIA,14
1317,KAVITA,14
1317,KELSI,14
1317,KERRIS,14
1317,KIANNA,14
1317,KRISTIE,14
1317,LEILANI,14
1317,LIDIA,14
1317,MAI,14
1317,MALEEHA,14
1317,MARCIA,14
1317,MARNI,14
1317,MARYA,14
1317,MEHVISH,14
1317,MILLI,14
1317,MONET,14
1317,NABEELA,14
1317,NABILA,14
1317,NADYA,14
1317,NAILA,14
1317,NANA,14
1317,NASRA,14
1317,NICHOLA,14
1317,NIDA,14
1317,OTTILIE,14
1317,PAISLEY,14
1317,RABIAH,14
1317,RAVEN,14
1317,REENA,14
1317,REMY,14
1317,RIANA,14
1317,SAARA,14
1317,SADIYAH,14
1317,SARAH-JANE,14
1317,SAVANAH,14
1317,SELENA,14
1317,SHANNEN,14
1317,SUMAYYA,14
1317,TAMIA,14
1317,TASNIMA,14
1317,TATUM,14
1317,TESNI,14
1317,TIAH,14
1317,TRISHA,14
1317,YASMINA,14
1317,ZENAB,14
1317,ZHANE,14
1393,ADELLE,13
1393,AKSA,13
1393,AMBER-ROSE,13
1393,AMREEN,13
1393,ANGELIQUE,13
1393,ANUSHA,13
1393,ANWEN,13
1393,ARIANE,13
1393,ASHIA,13
1393,AYA,13
1393,AZARIA,13
1393,BECKIE,13
1393,BERFIN,13
1393,BETTY,13
1393,BISMA,13
1393,BOBBIE-JO,13
1393,BRIANA,13
1393,CATARINA,13
1393,CHANICE,13
1393,CHERYL,13
1393,CINDY,13
1393,DANICA,13
1393,DARA,13
1393,ELEANA,13
1393,ELINA,13
1393,EMMANUELLA,13
1393,FABIHA,13
1393,FRANCHESCA,13
1393,FRANCINE,13
1393,GERI,13
1393,INAYAH,13
1393,INDYA,13
1393,INGRID,13
1393,JANINE,13
1393,JASLEEN,13
1393,KAI,13
1393,KAIYA,13
1393,KATEY,13
1393,KAYLIE,13
1393,KAZIA,13
1393,KEANNA,13
1393,KEELEIGH,13
1393,KEEVA,13
1393,KOURTNEY,13
1393,LEONNIE,13
1393,LESLEY,13
1393,LETICIA,13
1393,LLINOS,13
1393,LUCI,13
1393,LUCILLE,13
1393,MAHFUZA,13
1393,MALKA,13
1393,MARCELLA,13
1393,MARGOT,13
1393,MELINA,13
1393,MISCHA,13
1393,MUNIRA,13
1393,NADIRA,13
1393,NAILAH,13
1393,NASREEN,13
1393,NOUR,13
1393,PHEOBE,13
1393,RACHEAL,13
1393,RAISA,13
1393,RENAE,13
1393,RHYANNA,13
1393,RIONA,13
1393,SADAF,13
1393,SAIMAH,13
1393,SHAMIMA,13
1393,SHANAE,13
1393,SHEIKH,13
1393,SHEREE,13
1393,SIANA,13
1393,SIDRAH,13
1393,TALYA,13
1393,TONICHA,13
1393,TRUDY,13
1393,YUMNA,13
1393,ZAINA,13
1473,ADRIANNE,12
1473,AKIRA,12
1473,ALAINA,12
1473,ALIMA,12
1473,ALYCE,12
1473,AMANPREET,12
1473,ANABEL,12
1473,ASYA,12
1473,BLYTHE,12
1473,BONITA,12
1473,BRENNA,12
1473,BRIA,12
1473,CARENZA,12
1473,CASIE,12
1473,CASSIA,12
1473,CATHRYN,12
1473,CELYN,12
1473,CHLOE-ANNE,12
1473,CHRISTY,12
1473,CORRINA,12
1473,COSIMA,12
1473,COURTENAY,12
1473,DAKOTA,12
1473,DANIA,12
1473,DEJA,12
1473,DELLA,12
1473,DEMI-LOUISE,12
1473,DORA,12
1473,EBONIE,12
1473,EILISH,12
1473,ELLEE,12
1473,FATEHA,12
1473,GENNA,12
1473,GISELLE,12
1473,HAMIDA,12
1473,HAWA,12
1473,HAYLEIGH,12
1473,HESTER,12
1473,IRIS,12
1473,JAYMIE,12
1473,JOELLE,12
1473,JOLENE,12
1473,KADY,12
1473,KARLIE,12
1473,KATELYNN,12
1473,KENDAL,12
1473,KLARA,12
1473,LANI,12
1473,LILY-MAY,12
1473,MAHAM,12
1473,MAJA,12
1473,MARA,12
1473,MARED,12
1473,MARTA,12
1473,MEISHA,12
1473,NADIYA,12
1473,NAEEMA,12
1473,NATASCHA,12
1473,NIKISHA,12
1473,NOREEN,12
1473,NUALA,12
1473,PAULINE,12
1473,PERI,12
1473,PHEBE,12
1473,POPPIE,12
1473,RIVKA,12
1473,ROMANA,12
1473,ROSALYN,12
1473,SAMAH,12
1473,SANJANA,12
1473,SHABNAM,12
1473,SHANTEL,12
1473,SHAZIA,12
1473,SHEENA,12
1473,SIMA,12
1473,STACY,12
1473,SUMERA,12
1473,TAMSYN,12
1473,TUESDAY,12
1473,TYANA,12
1473,WINIFRED,12
1473,ZAKIYAH,12
1473,ZAYNA,12
1473,ZOHRA,12
1557,ADEEBA,11
1557,AIESHA,11
1557,AILIS,11
1557,ALARNA,11
1557,ALEEZA,11
1557,AMENA,11
1557,ANGELINA,11
1557,ANJUM,11
1557,AREEJ,11
1557,ARIELLA,11
1557,ARIFA,11
1557,ARMANI,11
1557,ATHINA,11
1557,ATIYA,11
1557,BAYLEIGH,11
1557,BAYLEY,11
1557,BERNICE,11
1557,BRITTANIE,11
1557,CARISSA,11
1557,CATALINA,11
1557,CATHARINE,11
1557,CEREN,11
1557,CERIS,11
1557,CHANDNI,11
1557,CHELSEA-LEIGH,11
1557,CHELSI,11
1557,CHERELLE,11
1557,CODI,11
1557,CORRIE,11
1557,DAPHNE,11
1557,DELILAH,11
1557,EBONI,11
1557,EILIS,11
1557,ELLA-LOUISE,11
1557,ELLIE-MAI,11
1557,EMERALD,11
1557,EMMI,11
1557,FARJANA,11
1557,FELICIA,11
1557,FOZIA,11
1557,FREYJA,11
1557,GEORGA,11
1557,GEORGIA-MAE,11
1557,GIANNA,11
1557,GIULIA,11
1557,GRAINNE,11
1557,HAJAR,11
1557,HELIN,11
1557,HOLLI,11
1557,ILAYDA,11
1557,IVANA,11
1557,JADENE,11
1557,JAMILAH,11
1557,JAZZMIN,11
1557,JORGIA,11
1557,KARIN,11
1557,KARYS,11
1557,KATIE-ANNE,11
1557,KIZZY,11
1557,LAIBA,11
1557,LARAIB,11
1557,LATISHA,11
1557,LEIGH-ANNE,11
1557,LILA,11
1557,LISA-MARIE,11
1557,LORA,11
1557,LUBNA,11
1557,LUNA,11
1557,LYNSEY,11
1557,MADEEHA,11
1557,MAHA,11
1557,MALIHA,11
1557,MARSHA,11
1557,MARYANN,11
1557,MEENA,11
1557,MEGGAN,11
1557,MIKA,11
1557,MIRA,11
1557,MOLLY-ANN,11
1557,MONISHA,11
1557,NABILAH,11
1557,NAFISAH,11
1557,NAHIMA,11
1557,NISA,11
1557,NOSHEEN,11
1557,OLAMIDE,11
1557,PATRICE,11
1557,PATSY,11
1557,PETRA,11
1557,PHOENIX,11
1557,RAEESA,11
1557,RAHIMA,11
1557,RAMISHA,11
1557,RHEANNE,11
1557,RIMA,11
1557,RIZWANA,11
1557,ROBBYN,11
1557,RONNIE,11
1557,ROSEANNE,11
1557,SAGAL,11
1557,SAMEERA,11
1557,SAMRA,11
1557,SANAM,11
1557,SEHAR,11
1557,SHAINA,11
1557,SHARNIE,11
1557,SIENA,11
1557,SIMONA,11
1557,SIMREN,11
1557,SONALI,11
1557,SORREL,11
1557,TAHSIN,11
1557,TAMEKA,11
1557,TANITH,11
1557,TIARNA,11
1557,UMME,11
1557,VIRGINIA,11
1557,ZEYNEP,11
1675,AALIYA,10
1675,AAMIRAH,10
1675,AAMNA,10
1675,ADIBA,10
1675,ALAYNA,10
1675,ALETHEA,10
1675,ALIESHA,10
1675,ALIZA,10
1675,ALLEGRA,10
1675,AMALIA,10
1675,AMEERAH,10
1675,AMNAH,10
1675,ANIQAH,10
1675,ASHLIE,10
1675,AURELIA,10
1675,AYMAN,10
1675,AYOMIDE,10
1675,BEATRIZ,10
1675,BETHANY-ROSE,10
1675,BRANDY,10
1675,BRENDA,10
1675,CADI,10
1675,CATERINA,10
1675,CERISE,10
1675,CHANTELL,10
1675,CHARISSE,10
1675,CHLOE-MARIE,10
1675,CHRISTA,10
1675,CHRYSTAL,10
1675,CLIONA,10
1675,CORALIE,10
1675,CORRIN,10
1675,COURTNIE,10
1675,DEVAN,10
1675,ELISIA,10
1675,ELLESE,10
1675,ELLESHA,10
1675,ELLICE,10
1675,ELLOISE,10
1675,ELLYSE,10
1675,EMMA-LEIGH,10
1675,FAE,10
1675,FARHEEN,10
1675,GIZEM,10
1675,GURSIMRAN,10
1675,GWENNO,10
1675,HAFIZA,10
1675,HALEY,10
1675,HAMDA,10
1675,HANIFAH,10
1675,HANSA,10
1675,HARKIRAN,10
1675,HASINA,10
1675,HETTY,10
1675,INDIRA,10
1675,IOLA,10
1675,JADZIA,10
1675,JAIDA,10
1675,JAIDE,10
1675,JANVI,10
1675,JESSIKA,10
1675,KACIE,10
1675,KAINAAT,10
1675,KASIA,10
1675,KATIE-ANN,10
1675,KATIE-MARIE,10
1675,KATRIONA,10
1675,KEIGHLEY,10
1675,KESIA,10
1675,KRISHNA,10
1675,LEILAH,10
1675,LIBBI,10
1675,LORENA,10
1675,LOWENNA,10
1675,LUCIANA,10
1675,LUCIANNA,10
1675,MAARYA,10
1675,MADELYN,10
1675,MAIR,10
1675,MANDEEP,10
1675,MANUELA,10
1675,MEGHNA,10
1675,MICAELA,10
1675,MICHAELLA,10
1675,MISTY,10
1675,MOHIMA,10
1675,NABIHAH,10
1675,NAHIDA,10
1675,NATASJA,10
1675,NAZRIN,10
1675,NEEVE,10
1675,NEIVE,10
1675,NIKHITA,10
1675,NUHA,10
1675,OREOLUWA,10
1675,RAEESAH,10
1675,RAMSHA,10
1675,RAPHAELLA,10
1675,RAQUEL,10
1675,RHONA,10
1675,ROHIMA,10
1675,ROMILLY,10
1675,ROSY,10
1675,ROWEN,10
1675,SABIHAH,10
1675,SABINE,10
1675,SAFINA,10
1675,SALINA,10
1675,SAMERA,10
1675,SANJIDA,10
1675,SEHRISH,10
1675,SHAHIDA,10
1675,SHANADE,10
1675,SHANAZ,10
1675,SHANIQUE,10
1675,SHIREEN,10
1675,SNEHA,10
1675,SOBIA,10
1675,SOMER,10
1675,SONYA,10
1675,SULTANA,10
1675,SUMAIRA,10
1675,TAHIRAH,10
1675,TAYYABA,10
1675,TEJAL,10
1675,TRACEY,10
1675,TRACY,10
1675,ZAINUB,10
1675,ZEBA,10
1675,ZILAN,10
1805,AALIAH,9
1805,AAMENA,9
1805,ABENA,9
1805,AFREEN,9
1805,AICHA,9
1805,ALECIA,9
1805,ALYA,9
1805,AMAANI,9
1805,AMBERLEY,9
1805,AMBREEN,9
1805,AMMARA,9
1805,ANEELA,9
1805,ANNA-MARIE,9
1805,ANNABELL,9
1805,ANNAM,9
1805,ANNMARIE,9
1805,ARWA,9
1805,ARZOO,9
1805,ASTON,9
1805,AUGUSTA,9
1805,AYAAN,9
1805,BEAU,9
1805,BELLE,9
1805,BETHENY,9
1805,BLAISE,9
1805,BLESSING,9
1805,BRIANNE,9
1805,CAROL,9
1805,CERIAN,9
1805,CHANNON,9
1805,CHASE,9
1805,CORINA,9
1805,CORY,9
1805,COURTNEY-LEIGH,9
1805,CYNTHIA,9
1805,DANYA,9
1805,DENI,9
1805,DESIREE,9
1805,DEVINA,9
1805,EIMEAR,9
1805,ELAINA,9
1805,ELEISHA,9
1805,ELIZ,9
1805,ELLA-MAE,9
1805,ELLE-MAY,9
1805,ELLIE-MARIE,9
1805,EMI,9
1805,ESRA,9
1805,FRANCESSCA,9
1805,GABY,9
1805,GAIA,9
1805,GWYNETH,9
1805,HALLE,9
1805,HANNAN,9
1805,HARLEIGH,9
1805,HARSIMRAN,9
1805,HASEENA,9
1805,IFRA,9
1805,IKRAM,9
1805,ILONA,9
1805,IMOGENE,9
1805,INDIANNA,9
1805,INEZ,9
1805,IONE,9
1805,ISADORA,9
1805,JACINTA,9
1805,JACKIE,9
1805,JADIE,9
1805,JAI,9
1805,JANELLE,9
1805,JANNAH,9
1805,JEAN,9
1805,JEORGIA,9
1805,JUDY,9
1805,JUSTINA,9
1805,KAITLAND,9
1805,KALEIGH,9
1805,KATHY,9
1805,KATJA,9
1805,KEAH,9
1805,KEERA,9
1805,KEHINDE,9
1805,KERENZA,9
1805,KERIS,9
1805,KHADEEJAH,9
1805,KHADIZA,9
1805,KIESHA,9
1805,KIRSTYN,9
1805,KRISTIN,9
1805,KULSUM,9
1805,KYAH,9
1805,LARNA,9
1805,LEANN,9
1805,LEIGH-ANN,9
1805,LEONORA,9
1805,LETISHA,9
1805,LEYA,9
1805,LIAH,9
1805,LILIA,9
1805,LILY-MAE,9
1805,LORELEI,9
1805,MADIYA,9
1805,MAIYA,9
1805,MALAK,9
1805,MARGAUX,9
1805,MARIAMA,9
1805,MARION,9
1805,MARLEY,9
1805,MARYAN,9
1805,MAUREEN,9
1805,MCKENZIE,9
1805,MELLISA,9
1805,MINNA,9
1805,MOLLY-ANNE,9
1805,MOMINA,9
1805,MORGANA,9
1805,MORGANNE,9
1805,MYRA,9
1805,NAZNEEN,9
1805,NUR,9
1805,OMOLARA,9
1805,PEACE,9
1805,RAEGAN,9
1805,RANA,9
1805,RHIANA,9
1805,RILEY,9
1805,ROSAMUND,9
1805,RUMANA,9
1805,RUQAIYAH,9
1805,SAHRA,9
1805,SALOME,9
1805,SAMMY-JO,9
1805,SAMREEN,9
1805,SAPHIRE,9
1805,SARAH-JAYNE,9
1805,SEANA,9
1805,SEHER,9
1805,SERENE,9
1805,SHAI,9
1805,SHAMA,9
1805,SHANAYA,9
1805,SHANEL,9
1805,SHANNIA,9
1805,SHANNON-LOUISE,9
1805,SKYLA,9
1805,SONAL,9
1805,SONAM,9
1805,SOPHIE-LOUISE,9
1805,STEFANIA,9
1805,TAHERA,9
1805,TALISHA,9
1805,TEGEN,9
1805,TEHREEM,9
1805,TEMITOPE,9
1805,TEMPANY,9
1805,THEODORA,9
1805,UMAYMAH,9
1805,VALERIE,9
1805,VENETIA,9
1805,VIKKI,9
1805,VIVIAN,9
1805,WINNIE,9
1805,YASMEEN,9
1805,ZARINA,9
1805,ZOFIA,9
1970,AAISHAH,8
1970,AANISAH,8
1970,AASIYAH,8
1970,ABBIE-LEIGH,8
1970,ALANYA,8
1970,ALAW,8
1970,ALBANY,8
1970,ALEAH,8
1970,ALISIA,8
1970,ALYSHIA,8
1970,AMBER-LOUISE,8
1970,AMBIKA,8
1970,AMISHA,8
1970,ANANYA,8
1970,ANEKA,8
1970,ANGIE,8
1970,ANILA,8
1970,ANTOINETTE,8
1970,ASHLIN,8
1970,ATIFA,8
1970,AVANI,8
1970,AWEN,8
1970,AYAH,8
1970,BETHANI,8
1970,BLISS,8
1970,BREEZE,8
1970,BRITANI,8
1970,BRITTANEY,8
1970,CAITLEN,8
1970,CAROLINA,8
1970,CARRIE-ANNE,8
1970,CARRIGAN,8
1970,CARRIS,8
1970,CARYL,8
1970,CECILE,8
1970,CHERISH,8
1970,COLBY,8
1970,CORI,8
1970,CORNELIA,8
1970,CORTNEY,8
1970,DAINA,8
1970,DALIA,8
1970,DANYELLE,8
1970,DEENA,8
1970,DEMILEIGH,8
1970,DEVEN,8
1970,DIXIE,8
1970,EDWINA,8
1970,EIRINN,8
1970,ELAIN,8
1970,ELESE,8
1970,ELIA,8
1970,ELISSIA,8
1970,ELLANA,8
1970,ELLEANOR,8
1970,ELLIE-JO,8
1970,ELLIE-ROSE,8
1970,ELOISA,8
1970,EMMANUELLE,8
1970,ESHA,8
1970,ESTER,8
1970,EUGENIE,8
1970,EUNICE,8
1970,FARHA,8
1970,FARIDA,8
1970,FLAVIA,8
1970,GABRIELE,8
1970,GIOVANNA,8
1970,GURKIRAN,8
1970,GWENDOLYN,8
1970,GWENLLIAN,8
1970,GWENNAN,8
1970,HADEEL,8
1970,HALINA,8
1970,HANIA,8
1970,HANNAH-LOUISE,8
1970,HENA,8
1970,HILARY,8
1970,HOLLY-ANNE,8
1970,IDIL,8
1970,IFEOLUWA,8
1970,ILSA,8
1970,IQRAA,8
1970,JAMIELEE,8
1970,JAMIELEIGH,8
1970,JAYCEE,8
1970,JAYME,8
1970,JAZ,8
1970,JAZZ,8
1970,JENIFER,8
1970,JENNI,8
1970,JESSAMY,8
1970,JOAN,8
1970,JOANA,8
1970,JONI,8
1970,JUSTICE,8
1970,JUWAIRIYYAH,8
1970,JYOTI,8
1970,KAILEY,8
1970,KAMARA,8
1970,KARLI,8
1970,KARLY,8
1970,KATELAN,8
1970,KATIE-JANE,8
1970,KAYE,8
1970,KAYSHA,8
1970,KEELIE,8
1970,KELEIGH,8
1970,KERRY-ANNE,8
1970,KETURAH,8
1970,KEYLEIGH,8
1970,KIARNA,8
1970,KINZA,8
1970,KIRI,8
1970,KIZZIE,8
1970,KRISTI,8
1970,KYRAH,8
1970,LAETITIA,8
1970,LAKISHA,8
1970,LATOYA,8
1970,LEXIE,8
1970,LIANNA,8
1970,LIZZIE,8
1970,LOGAN,8
1970,LOTTE,8
1970,LUCA,8
1970,LUCY-ANN,8
1970,LUCY-ANNE,8
1970,MAIMOONAH,8
1970,MARJANA,8
1970,MAYMUNAH,8
1970,MEAGAN,8
1970,MEHWISH,8
1970,MERCY,8
1970,MERIAM,8
1970,MERRYN,8
1970,MICHEALA,8
1970,MISSY,8
1970,MOLLI,8
1970,MORGANE,8
1970,MUNEEBAH,8
1970,MYFANWY,8
1970,NEESHA,8
1970,NOA,8
1970,NUSRAT,8
1970,OONAGH,8
1970,ORIANNA,8
1970,PARISHA,8
1970,PAYTON,8
1970,PEGGY,8
1970,RAFIAH,8
1970,RAJPREET,8
1970,RAVINA,8
1970,RAYAN,8
1970,RIANNON,8
1970,RIDA,8
1970,ROBIN,8
1970,ROCHEL,8
1970,ROHINI,8
1970,RONI,8
1970,RUBINA,8
1970,SABAA,8
1970,SABRINE,8
1970,SADIYA,8
1970,SAHARA,8
1970,SALLIE,8
1970,SALLY-ANN,8
1970,SALWA,8
1970,SAMEENA,8
1970,SANIYA,8
1970,SAXON,8
1970,SHAAN,8
1970,SHADIA,8
1970,SHAH,8
1970,SHAHANA,8
1970,SHAKIRAH,8
1970,SHAMILA,8
1970,SHANNAH,8
1970,SHARA,8
1970,SHARDAY,8
1970,SHAUNIE,8
1970,SHAYMA,8
1970,SHAZNAY,8
1970,SHERRIE,8
1970,SHREEYA,8
1970,SHRIYA,8
1970,SHYANNE,8
1970,SIDNEY,8
1970,SIMRANJEET,8
1970,SONJA,8
1970,STEFFI,8
1970,SUMMA,8
1970,SURAIYA,8
1970,TABASSUM,8
1970,TAHIYA,8
1970,TAKARA,8
1970,TANESHA,8
1970,TANJINA,8
1970,TAYAH,8
1970,TEAH,8
1970,TONI-LEIGH,8
1970,VICKI,8
1970,VIVIEN,8
1970,WAHIDA,8
1970,WAI,8
1970,XARA,8
1970,XENIA,8
1970,YAEL,8
1970,YSABELLE,8
1970,ZAHIRA,8
1970,ZAIRA,8
1970,ZAKIYA,8
1970,ZARIN,8
1970,ZEHRA,8
1970,ZELDA,8
1970,ZIA,8
1970,ZINA,8
1970,ZOWIE,8
1970,ZULEKHA,8
2189,ABBIE-LOUISE,7
2189,ABBIEGAIL,7
2189,ABBIGALE,7
2189,ADA,7
2189,ADEOLA,7
2189,AFIA,7
2189,AFNAN,7
2189,AFRA,7
2189,AFUA,7
2189,AHLAM,7
2189,AISHWARYA,7
2189,AKLIMA,7
2189,AL,7
2189,ALBERTA,7
2189,ALEKSANDRA,7
2189,ALEYSHA,7
2189,ALIAH,7
2189,ALISHAH,7
2189,ALLIE,7
2189,ALTHEA,7
2189,AMEY,7
2189,AMUN,7
2189,ANDI,7
2189,ANDREIA,7
2189,ANIA,7
2189,ANJUMA,7
2189,ANNA-MARIA,7
2189,ANNALISA,7
2189,ANNELISE,7
2189,ANSA,7
2189,ARAMINTA,7
2189,ARIEL,7
2189,ARUB,7
2189,ARUSA,7
2189,ASHLING,7
2189,BAYLEE,7
2189,BHAVISHA,7
2189,BILLI,7
2189,BILLIEJO,7
2189,BLAZE,7
2189,BRANWEN,7
2189,BRITTENY,7
2189,BRYHER,7
2189,BRYONI,7
2189,CARRIE-ANN,7
2189,CHANELL,7
2189,CHANNEL,7
2189,CHEVONNE,7
2189,CHINA,7
2189,CHRISTABEL,7
2189,CLEOPATRA,7
2189,CLIO,7
2189,COREY,7
2189,CORIN,7
2189,CORRINE,7
2189,CORRINNE,7
2189,COURTNEY-JADE,7
2189,COURTNEY-LOUISE,7
2189,DAHLIA,7
2189,DANNII,7
2189,DARBY,7
2189,DEBRA,7
2189,DEMELZA,7
2189,DENA,7
2189,DENISA,7
2189,DEVORAH,7
2189,DILAN,7
2189,DIVINE,7
2189,DOLLY,7
2189,DOMINICA,7
2189,DONIKA,7
2189,ELAN,7
2189,ELESHA,7
2189,ELI,7
2189,ELIANE,7
2189,ELISHEVA,7
2189,ELISSE,7
2189,ELLA-MARIE,7
2189,ELLA-MAY,7
2189,ELLA-ROSE,7
2189,ELLEY,7
2189,EMAN,7
2189,EMILLY,7
2189,EMILY-MAY,7
2189,ENOLA,7
2189,FABIENNE,7
2189,FALAK,7
2189,FARIA,7
2189,FEARN,7
2189,FIZA,7
2189,GLESNI,7
2189,GURLEEN,7
2189,GURVINDER,7
2189,HAJRAH,7
2189,HARVEEN,7
2189,HAVANA,7
2189,HEAVEN,7
2189,HELAYNA,7
2189,HELEDD,7
2189,HEMALI,7
2189,HENNAH,7
2189,HODAN,7
2189,ILARIA,7
2189,ILHAM,7
2189,IRUM,7
2189,ISABELL,7
2189,ISHBEL,7
2189,JAINA,7
2189,JAMEELA,7
2189,JASMEET,7
2189,JASMINA,7
2189,JAVARIA,7
2189,JAYMEE,7
2189,JENNAH,7
2189,JESSICCA,7
2189,JORDANE,7
2189,JORDANN,7
2189,KAIRA,7
2189,KAMERON,7
2189,KARI,7
2189,KARMEN,7
2189,KASIE,7
2189,KASSIE,7
2189,KATHARINA,7
2189,KATHERYN,7
2189,KATIA,7
2189,KATIE-ROSE,7
2189,KAYDEE,7
2189,KAYLEA,7
2189,KC,7
2189,KEALEY,7
2189,KEANA,7
2189,KEAVEY,7
2189,KERA,7
2189,KEYA,7
2189,KHATIJA,7
2189,KIAYA,7
2189,KODY,7
2189,KRISHMA,7
2189,LATIFAH,7
2189,LAURAN,7
2189,LEANDRA,7
2189,LILIE,7
2189,LIZA,7
2189,LUCY-MAY,7
2189,MADINA,7
2189,MAGDALENA,7
2189,MAIRI,7
2189,MAKAYLA,7
2189,MALLORY,7
2189,MANAL,7
2189,MANDY,7
2189,MARIAN,7
2189,MARIKA,7
2189,MARLENE,7
2189,MATILDE,7
2189,MEAGHAN,7
2189,MEAH,7
2189,MELITA,7
2189,MELODIE,7
2189,MERIEL,7
2189,MICAH,7
2189,MICHELE,7
2189,MILA,7
2189,MILLA,7
2189,MISBA,7
2189,MOLLY-MAE,7
2189,MOLLY-MAY,7
2189,MONIKA,7
2189,MUSKAAN,7
2189,NABIHA,7
2189,NAEVE,7
2189,NAJIYAH,7
2189,NAVEENA,7
2189,NAZMA,7
2189,NIAH,7
2189,NILIMA,7
2189,NUSAYBAH,7
2189,ODETTE,7
2189,OLUWATOBI,7
2189,OLUWATOSIN,7
2189,OONA,7
2189,PAGAN,7
2189,PAULINA,7
2189,PAYAL,7
2189,PEYTON,7
2189,PORSHA,7
2189,RAJDEEP,7
2189,RAMANDEEP,7
2189,RASHIDA,7
2189,REAH,7
2189,REBA,7
2189,REBECCAH,7
2189,REBEKA,7
2189,REESE,7
2189,REGINA,7
2189,RENA,7
2189,RENAY,7
2189,RHODA,7
2189,RIMINI,7
2189,ROMI,7
2189,RUBIE,7
2189,RUKSAR,7
2189,RUMAYSA,7
2189,SAADIA,7
2189,SAFIYYA,7
2189,SALIHAH,7
2189,SALIMA,7
2189,SAMAN,7
2189,SAMMY,7
2189,SANDEEP,7
2189,SANJIDAH,7
2189,SAPHIA,7
2189,SAPHRON,7
2189,SARENA,7
2189,SAYEDA,7
2189,SERINA,7
2189,SERISH,7
2189,SHAILA,7
2189,SHANIYA,7
2189,SHARDAE,7
2189,SHARN,7
2189,SHEA,7
2189,SHEILA,7
2189,SHIANNE,7
2189,SHORNA,7
2189,SIBEL,7
2189,SIGOURNEY,7
2189,SIHAM,7
2189,SILVIA,7
2189,SIMRAH,7
2189,SIMRUN,7
2189,SKYLAR,7
2189,SOPHY,7
2189,STARR,7
2189,SUMMAR,7
2189,SUNITA,7
2189,SUSIE,7
2189,SYMONE,7
2189,TAIBAH,7
2189,TAILA,7
2189,TAMIRA,7
2189,TANZEELA,7
2189,TAYLAR,7
2189,TIYANA,7
2189,TYANNA,7
2189,UROOJ,7
2189,VIOLA,7
2189,WINONA,7
2189,YARA,7
2189,YAREN,7
2189,YOCHEVED,7
2189,ZAFIRAH,7
2189,ZOHA,7
2189,ZULAIKHA,7
2444,ABBYGAIL,6
2444,ABEER,6
2444,ADILA,6
2444,AEMILIA,6
2444,AIDA,6
2444,AILA,6
2444,AIME,6
2444,AKASHA,6
2444,ALAYA,6
2444,ALEEMAH,6
2444,ALISHBA,6
2444,ALIYYAH,6
2444,ALLANNAH,6
2444,ALLIYAH,6
2444,ALMAS,6
2444,ALVINA,6
2444,AMAARAH,6
2444,AMARNI,6
2444,AMATULLAH,6
2444,AMBAR,6
2444,AMBER-JADE,6
2444,AMBIA,6
2444,AMBRA,6
2444,AMBRIN,6
2444,AMEE,6
2444,AMY-JANE,6
2444,ANABELLE,6
2444,ANAH,6
2444,ANISSA,6
2444,ANNA-ROSE,6
2444,ANNALIESE,6
2444,ANNASTASIA,6
2444,ANNETTE,6
2444,ANTHEA,6
2444,APHRA,6
2444,ARIADNE,6
2444,ARIJ,6
2444,ASHANTI,6
2444,ASHER,6
2444,ASIYAH,6
2444,AVALON,6
2444,AYANA,6
2444,AYEESHA,6
2444,AYLIN,6
2444,AZRAA,6
2444,BECA,6
2444,BESSIE,6
2444,BETHEN,6
2444,BETHIA,6
2444,BLEONA,6
2444,BLUE,6
2444,BOBBI-JO,6
2444,BRITNEE,6
2444,BRITTANI,6
2444,BROGEN,6
2444,BRONAGH,6
2444,BRONYA,6
2444,CAILIN,6
2444,CAITRIONA,6
2444,CALI,6
2444,CALYPSO,6
2444,CAMARA,6
2444,CARIAD,6
2444,CARLEIGH,6
2444,CARLOTTA,6
2444,CASSEY,6
2444,CHARITY,6
2444,CHARLIE-LOUISE,6
2444,CHENELLE,6
2444,CHENISE,6
2444,CHER,6
2444,CHERI,6
2444,CHESNEY,6
2444,CHIOMA,6
2444,CHLOIE,6
2444,CLOVER,6
2444,DAISY-MAY,6
2444,DEA,6
2444,DELPHINE,6
2444,DEMMI,6
2444,DENVER,6
2444,DEVIKA,6
2444,DHARMA,6
2444,DORCAS,6
2444,EBUNOLUWA,6
2444,ELENOR,6
2444,ELKIE,6
2444,ELLE-MAE,6
2444,ELLYSIA,6
2444,ELSBETH,6
2444,ELYSSE,6
2444,EMELIE,6
2444,EMMA-JANE,6
2444,EMMA-JAYNE,6
2444,ENIOLA,6
2444,ERINN,6
2444,ESMAE,6
2444,FAAIZAH,6
2444,FAREEHA,6
2444,FERNE,6
2444,FIONN,6
2444,FORIDA,6
2444,FRANCESKA,6
2444,GAGANDEEP,6
2444,GEORGIA-LEIGH,6
2444,GURNEET,6
2444,HA,6
2444,HAAJRA,6
2444,HADASSAH,6
2444,HAILEY,6
2444,HANEEN,6
2444,HEAVENLY,6
2444,HELENE,6
2444,HERA,6
2444,HETTIE,6
2444,HODA,6
2444,IKHRA,6
2444,INDEA,6
2444,INDERPREET,6
2444,IZABEL,6
2444,JAMIE-LEA,6
2444,JANIE,6
2444,JANKI,6
2444,JANNAT,6
2444,JAVERIA,6
2444,JOLIE,6
2444,JOVANA,6
2444,JULIANNA,6
2444,JULIANNE,6
2444,JUNE,6
2444,JUWAIRIYAH,6
2444,KALLI,6
2444,KARLEY,6
2444,KATALINA,6
2444,KATRIN,6
2444,KAYLIEGH,6
2444,KAYTLIN,6
2444,KEARA,6
2444,KEAVIE,6
2444,KEELIN,6
2444,KEESHA,6
2444,KEILEY,6
2444,KELLY-MARIE,6
2444,KERRY-ANN,6
2444,KES,6
2444,KEZZIA,6
2444,KIERRA,6
2444,KIMRAN,6
2444,KITANA,6
2444,KLAUDIA,6
2444,KORA,6
2444,KRISTAL,6
2444,LAKSHMI,6
2444,LAMEES,6
2444,LATIFA,6
2444,LEEN,6
2444,LEEZA,6
2444,LEXI,6
2444,LILITH,6
2444,LINZI,6
2444,LLEUCU,6
2444,LORREN,6
2444,LUCHIA,6
2444,LYNETTE,6
2444,MADALEINE,6
2444,MADIA,6
2444,MAHEEN,6
2444,MAIJA,6
2444,MALEEHAH,6
2444,MALEEKA,6
2444,MALIKAH,6
2444,MANSI,6
2444,MARCIE,6
2444,MARGUERITE,6
2444,MARY-ANNE,6
2444,MARY-BETH,6
2444,MARY-JANE,6
2444,MARY-KATE,6
2444,MAXIME,6
2444,MEDINA,6
2444,MEHA,6
2444,MELEK,6
2444,MERYEM,6
2444,MICHAL,6
2444,MILENA,6
2444,MIRREN,6
2444,MOLI,6
2444,MORVEN,6
2444,MOYA,6
2444,MUMTAZ,6
2444,MYRIAM,6
2444,NAFEESAH,6
2444,NASIMA,6
2444,NASRIN,6
2444,NATEA,6
2444,NAVNEET,6
2444,NAYAAB,6
2444,NAYAB,6
2444,NAZISH,6
2444,NAZMEEN,6
2444,NEISHA,6
2444,NICOL,6
2444,NIKETA,6
2444,NIKITTA,6
2444,NNEKA,6
2444,NOSHIN,6
2444,NYLA,6
2444,OLA,6
2444,OLGA,6
2444,OLIVE,6
2444,OLUWADAMILOLA,6
2444,OLUWAKEMI,6
2444,OLUWASEYI,6
2444,OMAIMA,6
2444,ORLAITH,6
2444,OZGE,6
2444,PALOMA,6
2444,PANDORA,6
2444,PARMINDER,6
2444,PASHA,6
2444,PAVNEET,6
2444,PETRINA,6
2444,PREETI,6
2444,PUJA,6
2444,RAABIA,6
2444,RAHEEMA,6
2444,RAINE,6
2444,RAISAH,6
2444,RAVINDER,6
2444,RAYANNE,6
2444,RAYNA,6
2444,REBECKA,6
2444,REEGAN,6
2444,RIAN,6
2444,RIMSHAH,6
2444,RINA,6
2444,ROANNA,6
2444,ROMAANA,6
2444,ROMEY,6
2444,ROSALIA,6
2444,ROSE-MARIE,6
2444,ROSETTA,6
2444,ROSEY,6
2444,ROSLYN,6
2444,ROXANA,6
2444,RUKSANA,6
2444,RUPALI,6
2444,RUQAIYA,6
2444,SAHIBA,6
2444,SAIBAH,6
2444,SAIDA,6
2444,SAIRISH,6
2444,SAKEENA,6
2444,SALEENA,6
2444,SALEHA,6
2444,SAMIAH,6
2444,SAMMI,6
2444,SANCHIA,6
2444,SANIYAH,6
2444,SANJNA,6
2444,SARISH,6
2444,SARITA,6
2444,SELMA,6
2444,SHAHNAZ,6
2444,SHAKERA,6
2444,SHAKILA,6
2444,SHAMSA,6
2444,SHANAI,6
2444,SHANELL,6
2444,SHANIQUA,6
2444,SHANNICE,6
2444,SHANTE,6
2444,SHARANDEEP,6
2444,SHAREEN,6
2444,SHARIFA,6
2444,SHARLA,6
2444,SHARLENE,6
2444,SHAUNAGH,6
2444,SHELDON,6
2444,SHERELLE,6
2444,SHIFA,6
2444,SHIRA,6
2444,SHYLA,6
2444,SIMRANJIT,6
2444,SOHA,6
2444,SOPHIE-LEIGH,6
2444,SUHA,6
2444,SUKHMANI,6
2444,SUMAYAH,6
2444,TABETHA,6
2444,TAHNEE,6
2444,TAIWO,6
2444,TAMZYN,6
2444,TANIYA,6
2444,TANVI,6
2444,TANZILA,6
2444,TATE,6
2444,TAYBA,6
2444,TAYLAH,6
2444,TAYYIBA,6
2444,TENISHA,6
2444,TEYA,6
2444,THAMANNA,6
2444,TIA-LOUISE,6
2444,TIANN,6
2444,TIANNAH,6
2444,TIAUNNA,6
2444,TIFFANIE,6
2444,TIGGY,6
2444,TILDA,6
2444,TINISHA,6
2444,TONISHA,6
2444,TOPAZ,6
2444,TRISHNA,6
2444,TULA,6
2444,TYESHA,6
2444,TYNE,6
2444,UMAIMAH,6
2444,UNA,6
2444,VELVET,6
2444,WARDA,6
2444,YING,6
2444,ZAREEN,6
2444,ZEINAB,6
2444,ZINNIA,6
2444,ZOYAH,6
2770,AARTI,5
2770,AASIYA,5
2770,ABAGAIL,5
2770,ABBIE-MAE,5
2770,ABBY-LEIGH,5
2770,ABIGAEL,5
2770,ADEELA,5
2770,ADEENA,5
2770,ADITI,5
2770,ADRIANNA,5
2770,AIMEE-LEIGH,5
2770,AINSLEY,5
2770,AISHAT,5
2770,AKOSUA,5
2770,ALAA,5
2770,ALANTA,5
2770,ALASKA,5
2770,ALEJANDRA,5
2770,ALESHIA,5
2770,ALEXANDREA,5
2770,ALEYNA,5
2770,ALICE-ROSE,5
2770,ALLISHA,5
2770,AMA,5
2770,AMALIE,5
2770,AMARPREET,5
2770,AMBER-LEIGH,5
2770,AMEL,5
2770,AMENAH,5
2770,AMY-JO,5
2770,AMYLEIGH,5
2770,ANAYA,5
2770,ANGELIKA,5
2770,ANNA-LOUISE,5
2770,ANNAMARIA,5
2770,ANNEKE,5
2770,ANNICE,5
2770,ANNYA,5
2770,ANTONINA,5
2770,ANUOLUWAPO,5
2770,ARFA,5
2770,ARIZONA,5
2770,ASHNA,5
2770,ATIA,5
2770,ATIYAH,5
2770,ATIYYAH,5
2770,AVRIL,5
2770,AYDA,5
2770,AZARIAH,5
2770,AZRA,5
2770,BABY,5
2770,BAILIE,5
2770,BANITA,5
2770,BASMA,5
2770,BENITA,5
2770,BETHANNIE,5
2770,BHAVIKA,5
2770,BHAVINI,5
2770,BILLIE-JAY,5
2770,BREANNE,5
2770,BRIGID,5
2770,BRIONIE,5
2770,BRITANNY,5
2770,CAERA,5
2770,CAITLAIN,5
2770,CAITLAND,5
2770,CARLENE,5
2770,CARLI,5
2770,CATE,5
2770,CATHY,5
2770,CATLIN,5
2770,CATRYN,5
2770,CEYLAN,5
2770,CHAISE,5
2770,CHARLEEN,5
2770,CHARLIE-ANN,5
2770,CHELCIE,5
2770,CHELSEA-LEA,5
2770,CHELSEA-LOUISE,5
2770,CHEVELLE,5
2770,CHI,5
2770,CHISOM,5
2770,CHLOE-JANE,5
2770,CHLOE-MAE,5
2770,CHLOE-MAY,5
2770,CHRISTI,5
2770,CHYANNE,5
2770,CHYNNA,5
2770,CLARISSE,5
2770,CLEA,5
2770,COCO,5
2770,CORRA,5
2770,DAISY-MAE,5
2770,DANAE,5
2770,DARIAN,5
2770,DAVEENA,5
2770,DEEANNA,5
2770,DEEPA,5
2770,DELENN,5
2770,DELPHI,5
2770,DEMILEE,5
2770,DENBY,5
2770,DENIKA,5
2770,DENIZ,5
2770,DERYN,5
2770,DESTINEE,5
2770,DEVIN,5
2770,DHARA,5
2770,DIMPLE,5
2770,ECHO,5
2770,EDA,5
2770,EESHA,5
2770,EFFIE,5
2770,ELAYNA,5
2770,ELIESHA,5
2770,ELIYA,5
2770,ELLECIA,5
2770,ELLICIA,5
2770,ELLIE-JADE,5
2770,ELLIE-JANE,5
2770,ELORA,5
2770,ELVIRA,5
2770,ELYSSA,5
2770,ENA,5
2770,ERYKAH,5
2770,ESTA,5
2770,EVAN,5
2770,EVANGELINA,5
2770,EVELINA,5
2770,FABBIHA,5
2770,FABIA,5
2770,FALAQ,5
2770,FARHIYA,5
2770,FARREN,5
2770,FATHEMA,5
2770,FAWZIYAH,5
2770,FJOLLA,5
2770,GAIL,5
2770,GAYNOR,5
2770,GEENA,5
2770,GEMMA-LOUISE,5
2770,GEORGIA-LOUISE,5
2770,GEORGIA-MAY,5
2770,GIA,5
2770,GLENDA,5
2770,GOLDY,5
2770,HABEEBAH,5
2770,HADEEQA,5
2770,HADIQA,5
2770,HAJARA,5
2770,HAJER,5
2770,HAJIRA,5
2770,HAMDI,5
2770,HANIAH,5
2770,HARRIOT,5
2770,HAWWA,5
2770,HAYLIE,5
2770,HAZAL,5
2770,HEBA,5
2770,HIMANI,5
2770,HOLLY-ANN,5
2770,HOLLY-MAY,5
2770,IBTISAM,5
2770,IDA,5
2770,IFFAT,5
2770,IKRAA,5
2770,IMARA,5
2770,INDI,5
2770,IPEK,5
2770,IRRAM,5
2770,ISHRAT,5
2770,ISMAHAN,5
2770,IZABELLE,5
2770,JAMELAH,5
2770,JANAY,5
2770,JANEY,5
2770,JANICE,5
2770,JASKARAN,5
2770,JAVAIRIA,5
2770,JAYDEE,5
2770,JAYDENE,5
2770,JAYDON,5
2770,JELENA,5
2770,JESSIKAH,5
2770,JESSY,5
2770,JEYDA,5
2770,JILL,5
2770,JOELLA,5
2770,JOEY,5
2770,JONELLE,5
2770,JORDAINE,5
2770,JOURDAN,5
2770,KA,5
2770,KALA,5
2770,KALSOOM,5
2770,KAMALJIT,5
2770,KATHRINE,5
2770,KATI,5
2770,KAYLIN,5
2770,KAZI,5
2770,KEALEIGH,5
2770,KEIRAH,5
2770,KENISHA,5
2770,KERRYN,5
2770,KHALISAH,5
2770,KHANSA,5
2770,KIKI,5
2770,KISHA,5
2770,KODI,5
2770,KRISTINE,5
2770,KRYSTINA,5
2770,KYANNE,5
2770,KYLAH,5
2770,KYLER,5
2770,KYM,5
2770,LACE,5
2770,LAINA,5
2770,LASHAY,5
2770,LATASHA,5
2770,LATOYAH,5
2770,LAURELLE,5
2770,LAVINA,5
2770,LEORA,5
2770,LILY-ANN,5
2770,LILY-ANNA,5
2770,LISHA,5
2770,LLIO,5
2770,LOLITA,5
2770,LORELLE,5
2770,LORIEN,5
2770,LOUELLA,5
2770,LULU,5
2770,LYNDA,5
2770,LYNDSAY,5
2770,MAAME,5
2770,MADELIN,5
2770,MAGDA,5
2770,MAGDALENE,5
2770,MAGENTA,5
2770,MAHALIA,5
2770,MAHMUDA,5
2770,MARIE-LOUISE,5
2770,MARINE,5
2770,MARIUM,5
2770,MARNEY,5
2770,MARRIAM,5
2770,MARRIYAH,5
2770,MARWAH,5
2770,MAUD,5
2770,MAURA,5
2770,MAYESHA,5
2770,MAYU,5
2770,MEGAN-LOUISE,5
2770,MEGHANN,5
2770,MEGUMI,5
2770,MEHEK,5
2770,MELINDA,5
2770,MERVE,5
2770,MESHA,5
2770,MIRI,5
2770,MOBEEN,5
2770,MOLLIE-ANN,5
2770,MOMINAH,5
2770,MONTANNA,5
2770,MORENIKE,5
2770,MUNEEBA,5
2770,MUSKAN,5
2770,MY,5
2770,MYIA,5
2770,NAINA,5
2770,NAIOMI,5
2770,NASEEM,5
2770,NATAYA,5
2770,NATHANIA,5
2770,NAVPREET,5
2770,NAZIRA,5
2770,NECHAMA,5
2770,NEDA,5
2770,NEELIMA,5
2770,NEENA,5
2770,NELLIE,5
2770,NERISSA,5
2770,NICKI,5
2770,NICOLETTA,5
2770,NICOLETTE,5
2770,NICOLLE,5
2770,NIKI,5
2770,NIKIA,5
2770,NIKOLA,5
2770,NILA,5
2770,NIMISHA,5
2770,NOEMIE,5
2770,NUZHAT,5
2770,NYAH,5
2770,OCEANE,5
2770,OLLIE,5
2770,OLUWAPELUMI,5
2770,OLUWASEUN,5
2770,OPAL,5
2770,ORIANE,5
2770,OYINKANSOLA,5
2770,OZLEM,5
2770,PAOLA,5
2770,PARISA,5
2770,PARISS,5
2770,PATIENCE,5
2770,PAVAN,5
2770,PAVANDEEP,5
2770,PELIN,5
2770,PERSIA,5
2770,PHILOMENA,5
2770,PRABHJOT,5
2770,PRIANKA,5
2770,PRIMROSE,5
2770,PRUDENCE,5
2770,RADHA,5
2770,RAFIA,5
2770,RAMANA,5
2770,RANIA,5
2770,RANYA,5
2770,RAWAN,5
2770,RAZIA,5
2770,REBECKAH,5
2770,RED,5
2770,RENATA,5
2770,RHIANYDD,5
2770,RHYANNON,5
2770,RICHELLE,5
2770,RIJA,5
2770,RIVKAH,5
2770,ROBYNNE,5
2770,ROMANI,5
2770,ROMIE,5
2770,ROMINA,5
2770,RONA,5
2770,RONNI,5
2770,ROWANNE,5
2770,ROXANNA,5
2770,ROZA,5
2770,ROZERIN,5
2770,RUKHSAAR,5
2770,RUMAISA,5
2770,SAALIHA,5
2770,SABAAH,5
2770,SABIA,5
2770,SAFFIA,5
2770,SAFFIYA,5
2770,SAHIRA,5
2770,SAIBA,5
2770,SAJIDA,5
2770,SAKINAH,5
2770,SALIHA,5
2770,SALLY-ANNE,5
2770,SAM,5
2770,SAMAIRA,5
2770,SAMMIE,5
2770,SAMRAH,5
2770,SAMSAM,5
2770,SANDY,5
2770,SAREENA,5
2770,SAVANA,5
2770,SAWDAH,5
2770,SAYEMA,5
2770,SELEN,5
2770,SENIZ,5
2770,SHAIMA,5
2770,SHAKEIRA,5
2770,SHANIECE,5
2770,SHANINE,5
2770,SHANISE,5
2770,SHANNAY,5
2770,SHANNEL,5
2770,SHANNON-MARIE,5
2770,SHANTELL,5
2770,SHANTI,5
2770,SHARLOTTE,5
2770,SHARMAINE,5
2770,SHARMILA,5
2770,SHARNAH,5
2770,SHARNE,5
2770,SHARNI,5
2770,SHAUNI,5
2770,SHAWNEE,5
2770,SHAZMEEN,5
2770,SHAZMIN,5
2770,SHEEMA,5
2770,SHENIZ,5
2770,SHIAN,5
2770,SHIFRA,5
2770,SHILOH,5
2770,SHINELLE,5
2770,SHOSHANA,5
2770,SHUMI,5
2770,SHYANN,5
2770,SIMERAN,5
2770,SIMRANDEEP,5
2770,SIMRON,5
2770,SOFIYA,5
2770,SONIYA,5
2770,STEVIE-LEIGH,5
2770,SUAD,5
2770,SUKAINA,5
2770,SUMIYYA,5
2770,SUMMAYAH,5
2770,SUNDAS,5
2770,SUNDUS,5
2770,SUNSHINE,5
2770,SURAYA,5
2770,SUSANA,5
2770,SUSANNE,5
2770,SUZIE,5
2770,SYDNEE,5
2770,TAHMEENA,5
2770,TAI,5
2770,TAIYA,5
2770,TAJA,5
2770,TALLULA,5
2770,TAMANA,5
2770,TAMEEKA,5
2770,TAMINA,5
2770,TAMMIE,5
2770,TANEISHA,5
2770,TANSY,5
2770,TANYEL,5
2770,TASFIA,5
2770,TATJANA,5
2770,TAYLOR-JAYNE,5
2770,TAZMYN,5
2770,TELERI,5
2770,TEONI,5
2770,TERRI-ANN,5
2770,THAI,5
2770,THAIS,5
2770,THEADORA,5
2770,THIVIYA,5
2770,TIA-LEONI,5
2770,TIAHNA,5
2770,TIANI,5
2770,TIARA,5
2770,TIRION,5
2770,TRUDIE,5
2770,TULSI,5
2770,TYLAR,5
2770,URJA,5
2770,WAJIHA,5
2770,WALLIS,5
2770,WAN,5
2770,YAMINA,5
2770,YELIZ,5
2770,YITTY,5
2770,ZAIBA,5
2770,ZAINEB,5
2770,ZAKIYYAH,5
2770,ZANAB,5
2770,ZULAIKHAH,5
3225,A'ISHAH,4
3225,AAKIFAH,4
3225,AAMENAH,4
3225,AARIFAH,4
3225,AARZOO,4
3225,AATIKAH,4
3225,ABAGAEL,4
3225,ABBEYGAIL,4
3225,ABBIEGALE,4
3225,ABIE,4
3225,ABIMBOLA,4
3225,ABIRA,4
3225,ABRAR,4
3225,ABYGAIL,4
3225,ADAEZE,4
3225,ADEKEMI,4
3225,ADEL,4
3225,ADELINA,4
3225,ADELINE,4
3225,ADJOA,4
3225,ADWOA,4
3225,AFEEFAH,4
3225,AFET,4
3225,AFIYA,4
3225,AFSA,4
3225,AFSHA,4
3225,AFSHAH,4
3225,AIDAN,4
3225,AIMAN,4
3225,AIYANA,4
3225,AIYESHA,4
3225,AKISHA,4
3225,ALARA,4
3225,ALBA,4
3225,ALBINA,4
3225,ALEASHA,4
3225,ALICJA,4
3225,ALIMAH,4
3225,ALISSIA,4
3225,ALLESSE,4
3225,ALLYSON,4
3225,ALMA,4
3225,ALMIRA,4
3225,AMARACHI,4
3225,AMAYA,4
3225,AMEENAH,4
3225,AMRAN,4
3225,AMRIN,4
3225,AMY-LEA,4
3225,AMY-MAY,4
3225,ANANDA,4
3225,ANEEZA,4
3225,ANESHA,4
3225,ANGELLE,4
3225,ANH,4
3225,ANJANI,4
3225,ANNA-LEIGH,4
3225,ANNALEA,4
3225,ANNALIE,4
3225,ANNAYA,4
3225,ANNIS,4
3225,ANNISA,4
3225,ANOUK,4
3225,ANOUSHA,4
3225,APRYL,4
3225,AQEELA,4
3225,ARCHANA,4
3225,ARIA,4
3225,ARIELLE,4
3225,ARIFAH,4
3225,ARISHA,4
3225,AROOB,4
3225,ARZU,4
3225,ASENA,4
3225,ASHIKA,4
3225,ASHNI,4
3225,ASHWINI,4
3225,ASIMA,4
3225,ATALANTA,4
3225,ATALIA,4
3225,ATHEA,4
3225,AURELIE,4
3225,AWEL,4
3225,AYALA,4
3225,AYANNA,4
3225,AYEISHA,4
3225,AYSEL,4
3225,AYSHAH,4
3225,BAILLIE,4
3225,BALDEEP,4
3225,BECCA,4
3225,BECKI,4
3225,BENEDICTE,4
3225,BERIVAN,4
3225,BERRY,4
3225,BESS,4
3225,BETHANY-ANNE,4
3225,BETHNEY,4
3225,BETTINA,4
3225,BILLI-JO,4
3225,BILLIE-ROSE,4
3225,BLERINA,4
3225,BLOSSOM,4
3225,BOBBY,4
3225,BRANDI,4
3225,BRIDEY,4
3225,BRIEANNA,4
3225,BRITANIE,4
3225,BURCU,4
3225,BUSRA,4
3225,CADIE,4
3225,CAIRA,4
3225,CAIT,4
3225,CALLA,4
3225,CALLAN,4
3225,CANDACE,4
3225,CANSU,4
3225,CAOILFHINN,4
3225,CAREY,4
3225,CARMELA,4
3225,CAROLANNE,4
3225,CASEY-ANNE,4
3225,CASEY-JO,4
3225,CASEY-LEIGH,4
3225,CATHRINE,4
3225,CATIA,4
3225,CEIRA,4
3225,CHANI,4
3225,CHANNA,4
3225,CHARLIE-ANNE,4
3225,CHARLIE-JO,4
3225,CHELBY,4
3225,CHELSEA-JADE,4
3225,CHELSY,4
3225,CHENICE,4
3225,CHERRIE,4
3225,CHLOEY,4
3225,CHOLE,4
3225,CHRISTELLE,4
3225,CIAN,4
3225,CIONA,4
3225,CLAIR,4
3225,CLAIRE-LOUISE,4
3225,CLAUDETTE,4
3225,CLEMENCE,4
3225,CODEY,4
3225,COMFORT,4
3225,CORAH,4
3225,COREN,4
3225,CORIE,4
3225,COURTNAY,4
3225,COURTNEY-MARIE,4
3225,CRESSIDA,4
3225,CYDNIE,4
3225,DAISHA,4
3225,DALYA,4
3225,DAMLA,4
3225,DARCIA,4
3225,DEARBHLA,4
3225,DEEPIKA,4
3225,DELANEY,4
3225,DEMIE,4
3225,DEMPSEY,4
3225,DERVLA,4
3225,DERYA,4
3225,DIAZ,4
3225,DINAH,4
3225,DISHA,4
3225,DOMINIKA,4
3225,DUAA,4
3225,EBONEY,4
3225,ECEM,4
3225,EFA,4
3225,EHLANA,4
3225,EIMAN,4
3225,EIRA,4
3225,EIREANN,4
3225,EISHA,4
3225,ELEANORE,4
3225,ELEESHA,4
3225,ELISKA,4
3225,ELITA,4
3225,ELIVIA,4
3225,ELLA-MAI,4
3225,ELLANOR,4
3225,ELLE-JO,4
3225,ELLENI,4
3225,ELLIA,4
3225,ELLIANA,4
3225,ELLIE-LEIGH,4
3225,ELLIEMAE,4
3225,ELLIEMAY,4
3225,ELLISIA,4
3225,ELLISS,4
3225,ELLORA,4
3225,ELLYN,4
3225,ELLYS,4
3225,ELOUISA,4
3225,ELUNED,4
3225,ELYS,4
3225,ELYZA,4
3225,EMALEE,4
3225,EMANUELA,4
3225,EMELYE,4
3225,EMILIJA,4
3225,EMILY-ANNE,4
3225,EMILY-JAYNE,4
3225,EMILY-JO,4
3225,EMILY-MAE,4
3225,EMINE,4
3225,EMMA-LEE,4
3225,EMMALINE,4
3225,EMMANUELA,4
3225,ESMA,4
3225,ESTEE,4
3225,EUGENIA,4
3225,EVELINE,4
3225,EZGI,4
3225,FADUMO,4
3225,FAHEEMA,4
3225,FAISA,4
3225,FARIHAH,4
3225,FARRAN,4
3225,FATOU,4
3225,FATUMA,4
3225,FAUVE,4
3225,FAWZIA,4
3225,FEDERICA,4
3225,FEMKE,4
3225,FENN,4
3225,FFYON,4
3225,FINN,4
3225,FINOLA,4
3225,FRANCISCA,4
3225,FRANKI,4
3225,FREDA,4
3225,FREDERICA,4
3225,FREIDY,4
3225,GABBY,4
3225,GABRIEL,4
3225,GAMZE,4
3225,GEMINI,4
3225,GEORGE,4
3225,GEORGETTE,4
3225,GEORGI,4
3225,GEORGIA-LEE,4
3225,GHISLAINE,4
3225,GIGI,4
3225,GITTEL,4
3225,GOLDA,4
3225,GRAYCE,4
3225,GUL,4
3225,GURJIT,4
3225,GURSHARON,4
3225,GWENAN,4
3225,GWENDOLINE,4
3225,HAADIYA,4
3225,HAAJARAH,4
3225,HAAJRAH,4
3225,HADDY,4
3225,HADIA,4
3225,HADIYAH,4
3225,HAF,4
3225,HAJERA,4
3225,HALA,4
3225,HALEMA,4
3225,HAMIDAH,4
3225,HANAH,4
3225,HANAKO,4
3225,HANIN,4
3225,HANIYA,4
3225,HANNAH-MAY,4
3225,HARDEEP,4
3225,HARJOT,4
3225,HARLIE,4
3225,HARMEET,4
3225,HARMONIE,4
3225,HARNEET,4
3225,HARUKA,4
3225,HAYA,4
3225,HAYAT,4
3225,HAYDN,4
3225,HAZERA,4
3225,HEDY,4
3225,HELAINA,4
3225,HEPHZIBAH,4
3225,HERO,4
3225,HIBAQ,4
3225,HIFSA,4
3225,HODO,4
3225,HOLLEIGH,4
3225,HOLLEY,4
3225,HOLLIE-MAE,4
3225,HOLLY-MAE,4
3225,HUMMA,4
3225,HUSNAA,4
3225,IASHA,4
3225,IFZA,4
3225,IKRAN,4
3225,ILHAN,4
3225,IMANE,4
3225,INDICA,4
3225,INDY,4
3225,ISMAH,4
3225,ISMAY,4
3225,IZZA,4
3225,IZZY,4
3225,JADE-MARIE,4
3225,JADEEN,4
3225,JAE,4
3225,JAHNAVI,4
3225,JAIMIE-LEIGH,4
3225,JAIMINI,4
3225,JAMIE-ANN,4
3225,JANAE,4
3225,JANINA,4
3225,JANNA,4
3225,JASMEEN,4
3225,JAYNA,4
3225,JAZZMINE,4
3225,JESSYCA,4
3225,JODIE-LEE,4
3225,JODIE-LEIGH,4
3225,JOHURA,4
3225,JORDAN-LEIGH,4
3225,JOSEFINE,4
3225,JUHENA,4
3225,JULIE-ANN,4
3225,JUWARIAH,4
3225,KACY,4
3225,KADESHA,4
3225,KADI,4
3225,KADIJA,4
3225,KAILA,4
3225,KAILEE,4
3225,KAILEIGH,4
3225,KAITLYNN,4
3225,KALEY,4
3225,KALLY,4
3225,KAMILA,4
3225,KAMILAH,4
3225,KANWAL,4
3225,KARANJIT,4
3225,KARIMA,4
3225,KARISMA,4
3225,KARRIS,4
3225,KASSANDRA,4
3225,KASSIA,4
3225,KATARZYNA,4
3225,KATELAND,4
3225,KATHRYNE,4
3225,KATIE-LEIGH,4
3225,KATIE-MAY,4
3225,KATY-LOUISE,4
3225,KAWTHAR,4
3225,KAYCE,4
3225,KAYCEE,4
3225,KAYDIE,4
3225,KAYTLYN,4
3225,KEA,4
3225,KEEGAN,4
3225,KEELI,4
3225,KEILA,4
3225,KEJSI,4
3225,KELLI,4
3225,KELLY-ANN,4
3225,KELSEIGH,4
3225,KENNA,4
3225,KETSIA,4
3225,KHYATI,4
3225,KIRAH,4
3225,KIRANJEET,4
3225,KIRTI,4
3225,KOLSUMA,4
3225,KONNIE,4
3225,KOREN,4
3225,KRISTIANA,4
3225,KYANNA,4
3225,KYIA,4
3225,LA,4
3225,LABIBA,4
3225,LACY,4
3225,LAILAH,4
3225,LAMIS,4
3225,LAMYA,4
3225,LANEY,4
3225,LARAH,4
3225,LAURA-JANE,4
3225,LAUREN-JADE,4
3225,LAUREN-LOUISE,4
3225,LAUREN-MARIE,4
3225,LEAH-MAE,4
3225,LEAHA,4
3225,LEANA,4
3225,LEE,4
3225,LEE-ANNE,4
3225,LEESHA,4
3225,LEISHA,4
3225,LI,4
3225,LILAC,4
3225,LILLIE-MAE,4
3225,LILLY-MAY,4
3225,LIPA,4
3225,LISAMARIE,4
3225,LORELL,4
3225,LORYN,4
3225,LOTTI,4
3225,LOTTY,4
3225,LOUISHA,4
3225,LOUIZA,4
3225,LUCKY,4
3225,LYBA,4
3225,LYBAH,4
3225,LYLA,4
3225,LYRIC,4
3225,MAARIYAAH,4
3225,MADELENE,4
3225,MAEA,4
3225,MAHBUBA,4
3225,MAHDIYYAH,4
3225,MAHFUZAH,4
3225,MAHISHA,4
3225,MAIRA,4
3225,MAIZY,4
3225,MALISHA,4
3225,MANJOT,4
3225,MARGED,4
3225,MARIELLE,4
3225,MARISHA,4
3225,MARITA,4
3225,MARIYUM,4
3225,MARRIA,4
3225,MARY-ANN,4
3225,MARYUM,4
3225,MASHAL,4
3225,MASUMAH,4
3225,MATTEA,4
3225,MATTY,4
3225,MAYISHA,4
3225,MAYSIE,4
3225,MAZIE,4
3225,MCKENNA,4
3225,MEA,4
3225,MEABH,4
3225,MEESHA,4
3225,MEGAN-ROSE,4
3225,MEGANN,4
3225,MEGGIE,4
3225,MEHER,4
3225,MEHNAZ,4
3225,MELIKE,4
3225,MELVINA,4
3225,MERON,4
3225,MERRIN,4
3225,MERYN,4
3225,MEVISH,4
3225,MIA-ROSE,4
3225,MIAR,4
3225,MICHELA,4
3225,MILISSA,4
3225,MINAL,4
3225,MINETTE,4
3225,MISHAAL,4
3225,MOLLY-JO,4
3225,MOLLY-ROSE,4
3225,MONIFA,4
3225,MORAG,4
3225,MUMINAH,4
3225,MUNIBA,4
3225,MUSAMMAT,4
3225,NAADIYA,4
3225,NAAILAH,4
3225,NABEEHA,4
3225,NADJA,4
3225,NANDINI,4
3225,NAOISE,4
3225,NASTASSJA,4
3225,NAWAL,4
3225,NAYA,4
3225,NAYANA,4
3225,NAYHA,4
3225,NERICE,4
3225,NESTA,4
3225,NICCI,4
3225,NIDHI,4
3225,NIKA,4
3225,NIRVANA,4
3225,NISHI,4
3225,NNENNA,4
3225,NON,4
3225,NOORJAHAN,4
3225,OLUBUKOLA,4
3225,OLUFUNKE,4
3225,OLUWATOMI,4
3225,OLUWATOYIN,4
3225,OLUWAYEMISI,4
3225,OLYMPIA,4
3225,PALLAVI,4
3225,PARUL,4
3225,PASCALE,4
3225,PERDITA,4
3225,PERSEPHONE,4
3225,PHOEBIE,4
3225,PINAR,4
3225,PORSCHE,4
3225,PREET,4
3225,PRISCA,4
3225,QENDRESA,4
3225,QUIANA,4
3225,RAFAELA,4
3225,RAHIMAH,4
3225,RAIHANA,4
3225,RAISHA,4
3225,RAJVEER,4
3225,RAMAN,4
3225,RAMEEN,4
3225,RAMEESHA,4
3225,RAMISA,4
3225,RAMLA,4
3225,RANI,4
3225,RAQIYA,4
3225,RAYHANA,4
3225,RAZAN,4
3225,REHNUMA,4
3225,REMA,4
3225,REMIE,4
3225,RHEANA,4
3225,RHIAIN,4
3225,RHIANAN,4
3225,RHIANON,4
3225,RHYAN,4
3225,RIAH,4
3225,RIANN,4
3225,RIKKI,4
3225,RIPLEY,4
3225,RIVA,4
3225,ROHINA,4
3225,ROSALIN,4
3225,ROSANNAH,4
3225,ROSANNE,4
3225,RUBI,4
3225,RUBY-MAE,4
3225,RUKSHANA,4
3225,SAALIHAH,4
3225,SABRIN,4
3225,SADIKA,4
3225,SAFIRA,4
3225,SAHER,4
3225,SAHIMA,4
3225,SAKI,4
3225,SAMEEHA,4
3225,SAMHA,4
3225,SANAAH,4
3225,SANHA,4
3225,SARAH-ANN,4
3225,SARANYA,4
3225,SARRA,4
3225,SAYEEDA,4
3225,SEDA,4
3225,SELAM,4
3225,SEMA,4
3225,SEONAID,4
3225,SERA,4
3225,SHABINA,4
3225,SHABNUM,4
3225,SHADE,4
3225,SHAFIA,4
3225,SHAHIMA,4
3225,SHAKIA,4
3225,SHAKIERA,4
3225,SHALINI,4
3225,SHANIKA,4
3225,SHANTAY,4
3225,SHAREEFAH,4
3225,SHARLEEN,4
3225,SHARMINA,4
3225,SHAZNEY,4
3225,SHEFALI,4
3225,SHEIKHA,4
3225,SHELBEY,4
3225,SHELBI,4
3225,SHELLBY,4
3225,SHENELLE,4
3225,SHENISE,4
3225,SHERENE,4
3225,SHERRY,4
3225,SHERYL,4
3225,SHIRELLE,4
3225,SHIRIN,4
3225,SHIVANGI,4
3225,SHONAGH,4
3225,SHREE,4
3225,SHRUTI,4
3225,SHUMA,4
3225,SIANNE,4
3225,SIDONIE,4
3225,SIMISOLA,4
3225,SIMRANPREET,4
3225,SIMRAT,4
3225,SIWAN,4
3225,SKIE,4
3225,SOPHIE-MARIE,4
3225,SOROH,4
3225,STEFFANIE,4
3225,STEVI,4
3225,SUFIA,4
3225,SUMEYA,4
3225,SUMIYA,4
3225,SUZY,4
3225,SWETHA,4
3225,SYDNI,4
3225,TABASUM,4
3225,TACITA,4
3225,TAHIYAH,4
3225,TAHMIN,4
3225,TAHRIMA,4
3225,TALIAH,4
3225,TALISA,4
3225,TAMICA,4
3225,TAMISHA,4
3225,TANYARADZWA,4
3225,TASMIA,4
3225,TASMINA,4
3225,TAYIBA,4
3225,TEHYA,4
3225,TEIA,4
3225,TENIOLA,4
3225,TERRI-LEIGH,4
3225,THAHMINA,4
3225,THAMINAH,4
3225,THANIA,4
3225,THOMASIN,4
3225,TIA-JADE,4
3225,TIA-ROSE,4
3225,TIFFANI,4
3225,TIGER,4
3225,TILISHA,4
3225,TINESHA,4
3225,TIONNE,4
3225,TIRA,4
3225,TITILAYO,4
3225,TOLULOPE,4
3225,TONI-LOUISE,4
3225,TONI-MARIE,4
3225,TONIA,4
3225,TONIKA,4
3225,TONILEIGH,4
3225,TUSCANY,4
3225,TYLAH,4
3225,UMAMAH,4
3225,VAISHALI,4
3225,VERA,4
3225,VITA,4
3225,VITTORIA,4
3225,WAFA,4
3225,WILHELMINA,4
3225,WILLA,4
3225,WINNIFRED,4
3225,YANA,4
3225,YANIQUE,4
3225,YASAMIN,4
3225,YAZMINE,4
3225,YELENA,4
3225,YOLANDE,4
3225,YSABEL,4
3225,ZAHARA,4
3225,ZAHIRAH,4
3225,ZAMZAM,4
3225,ZANERA,4
3225,ZARRIN,4
3225,ZEENA,4
3225,ZETA,4
3225,ZHARA,4
3225,ZITA,4
3225,ZOLA,4
3900,AA'ISHAH,3
3900,AAMIRA,3
3900,AAMNAH,3
3900,AASHNI,3
3900,ABBE,3
3900,ABBEE,3
3900,ABBEY-LOUISE,3
3900,ABBIE-MAY,3
3900,ABBIGAYLE,3
3900,ABEDA,3
3900,ADANNA,3
3900,ADELA,3
3900,ADI,3
3900,ADILAH,3
3900,AELA,3
3900,AERON,3
3900,AFEEFA,3
3900,AFIFA,3
3900,AFIFAH,3
3900,AFRAA,3
3900,AFRIN,3
3900,AFSAH,3
3900,AILEEN,3
3900,AIMEN,3
3900,AIMI,3
3900,AISHLING,3
3900,AKANE,3
3900,AKUA,3
3900,ALABAMA,3
3900,ALBIONA,3
3900,ALEEA,3
3900,ALEIGHA,3
3900,ALEMA,3
3900,ALESIA,3
3900,ALEXIE,3
3900,ALI,3
3900,ALICE-MAY,3
3900,ALIENOR,3
3900,ALIKA,3
3900,ALIKI,3
3900,ALISHEA,3
3900,ALIXANDRA,3
3900,ALIYHA,3
3900,ALIZEH,3
3900,ALLI,3
3900,ALLYSHA,3
3900,ALLYSSA,3
3900,ALMAAS,3
3900,ALYIAH,3
3900,ALYISHA,3
3900,ALYSA,3
3900,AMAIA,3
3900,AMANDINE,3
3900,AMANJEET,3
3900,AMARYLLIS,3
3900,AMBER-LEA,3
3900,AMBEREEN,3
3900,AMBRE,3
3900,AMETHYST,3
3900,AMIE-LOUISE,3
3900,AMILLIA,3
3900,AMRA,3
3900,AMREENA,3
3900,AMTUL,3
3900,AMY-ROSE,3
3900,ANDRIANNA,3
3900,ANEEKHA,3
3900,ANGLIA,3
3900,ANIKAH,3
3900,ANILAH,3
3900,ANISHAH,3
3900,ANJALEE,3
3900,ANJANA,3
3900,ANJLI,3
3900,ANJUMAN,3
3900,ANNALEIGH,3
3900,ANNAMARIE,3
3900,ANNAMAY,3
3900,ANNEMARIE,3
3900,ANNIE-ROSE,3
3900,ANOUSCHKA,3
3900,ANTARA,3
3900,ANTONIETTA,3
3900,APRIL-LOUISE,3
3900,AQEELAH,3
3900,AQILA,3
3900,AQSAH,3
3900,ARDEN,3
3900,ARIANWEN,3
3900,ARINA,3
3900,ARMARNI,3
3900,ARNYA,3
3900,ASFA,3
3900,ASHDEN,3
3900,ASLI,3
3900,ASRA,3
3900,ASTRA,3
3900,ATHENE,3
3900,ATIKAH,3
3900,ATTIYA,3
3900,AUGUST,3
3900,AURIEL,3
3900,AVNI,3
3900,AVNISH,3
3900,AWO,3
3900,AXELLE,3
3900,AYAT,3
3900,AYLISH,3
3900,AYSENUR,3
3900,AYUSHI,3
3900,AZHAR,3
3900,AZMINA,3
3900,BAHJA,3
3900,BATOOL,3
3900,BATSHEVA,3
3900,BATUL,3
3900,BAYLIE,3
3900,BEBE,3
3900,BEKKI,3
3900,BENEDICTA,3
3900,BERENICE,3
3900,BETH-ANNE,3
3900,BETHANY-JADE,3
3900,BETHANY-JAYNE,3
3900,BETHLEHEM,3
3900,BETSAN,3
3900,BEVERLY,3
3900,BHAKTI,3
3900,BHAVINA,3
3900,BILLIE-JEAN,3
3900,BILLY,3
3900,BLAIR,3
3900,BLAIZE,3
3900,BLAKE,3
3900,BLUEBELLE,3
3900,BOBBY-JO,3
3900,BONNIE-LEE,3
3900,BONNY,3
3900,BRACHA,3
3900,BRADY,3
3900,BRIONI,3
3900,BRITANEY,3
3900,BRITENY,3
3900,BRITNIE,3
3900,BRONIA,3
3900,BRONTI,3
3900,BUSE,3
3900,CAIA,3
3900,CALLEY,3
3900,CALLI,3
3900,CALLISTA,3
3900,CAMMY,3
3900,CAMRYN,3
3900,CANDY,3
3900,CARISS,3
3900,CARITA,3
3900,CARMAN,3
3900,CAROL-ANN,3
3900,CASANDRA,3
3900,CASEY-JANE,3
3900,CASEY-LEA,3
3900,CATHLEEN,3
3900,CEJAY,3
3900,CELSEY,3
3900,CHAND,3
3900,CHANDANI,3
3900,CHANNING,3
3900,CHANTAY,3
3900,CHARDONNAY,3
3900,CHARLETTE,3
3900,CHARLEY-ANN,3
3900,CHARLEY-ANNE,3
3900,CHARLIE-,3
3900,CHARLIE-MARIE,3
3900,CHARLIEGH,3
3900,CHARLINE,3
3900,CHARLOTTE-ANN,3
3900,CHARLOTTE-ANNE,3
3900,CHARLOTTE-LOUISE,3
3900,CHARLOTTE-ROSE,3
3900,CHARM,3
3900,CHARNA,3
3900,CHARNEL,3
3900,CHARYS,3
3900,CHAVA,3
3900,CHAVI,3
3900,CHAYCE,3
3900,CHELSEA-ANN,3
3900,CHELSEA-ANNE,3
3900,CHELSEE,3
3900,CHERICE,3
3900,CHEROKEE,3
3900,CHERRI,3
3900,CHEZNEY,3
3900,CHIANA,3
3900,CHIDERA,3
3900,CHINELO,3
3900,CHLOE-JAYNE,3
3900,CHRISSIE,3
3900,CHRISSY,3
3900,CHRISTABELLE,3
3900,CHRISTEN,3
3900,CHRISTIANE,3
3900,CHRYSTELLE,3
3900,CIAR,3
3900,CLAIRA,3
3900,CLAUDINE,3
3900,CLIODHNA,3
3900,CONCETTA,3
3900,CORALENA,3
3900,CORAN,3
3900,CORREY,3
3900,CORRYN,3
3900,COURTNEY-LEE,3
3900,CREE,3
3900,CRISTIANA,3
3900,DAISEY,3
3900,DALAL,3
3900,DAMARIS,3
3900,DAMINI,3
3900,DANAH,3
3900,DANEKA,3
3900,DANELLA,3
3900,DANELLE,3
3900,DANIELE,3
3900,DANITA,3
3900,DARLENE,3
3900,DARYL,3
3900,DAVENA,3
3900,DAVINIA,3
3900,DEEPALI,3
3900,DEIRDRE,3
3900,DELFINA,3
3900,DELORES,3
3900,DELYTH,3
3900,DEMI-JO,3
3900,DEMI-MARIE,3
3900,DENIQUE,3
3900,DENNI,3
3900,DERI,3
3900,DERRYN,3
3900,DES'REE,3
3900,DESTINI,3
3900,DHANISHA,3
3900,DHRUVI,3
3900,DHRUVISHA,3
3900,DIAMOND,3
3900,DIAVIAN,3
3900,DILPREET,3
3900,DIONA,3
3900,DIPALI,3
3900,DIYA,3
3900,DOLORES,3
3900,DOMENICA,3
3900,DONYA,3
3900,DRENUSHA,3
3900,DUA,3
3900,EADIE,3
3900,EANNA,3
3900,EBONNIE,3
3900,EBRU,3
3900,ECE,3
3900,EDEL,3
3900,EDELE,3
3900,EFE,3
3900,ELANNA,3
3900,ELDA,3
3900,ELEA,3
3900,ELEANER,3
3900,ELENYA,3
3900,ELEONORA,3
3900,ELEONORE,3
3900,ELICE,3
3900,ELISABETA,3
3900,ELIZA-JANE,3
3900,ELIZABETH-ROSE,3
3900,ELKE,3
3900,ELLAH,3
3900,ELLEA,3
3900,ELLEIGH,3
3900,ELLIE-ANNE,3
3900,ELLIE-RAE,3
3900,ELLINOR,3
3900,ELLISA,3
3900,ELLISSA,3
3900,ELLYSHA,3
3900,ELLYSSE,3
3900,ELMA,3
3900,ELVINA,3
3900,ELZA,3
3900,EMA,3
3900,EMALEIGH,3
3900,EMEL,3
3900,EMELLIA,3
3900,EMERSON,3
3900,EMILEY,3
3900,EMINA,3
3900,EMMA-LEA,3
3900,EMMA-ROSE,3
3900,EMMI-LEIGH,3
3900,ENISA,3
3900,ENLLI,3
3900,ENNA,3
3900,ERAN,3
3900,ERI,3
3900,ERINA,3
3900,ERNA,3
3900,ERRIN,3
3900,ERRYN,3
3900,ERYKA,3
3900,ERYNN,3
3900,ERZA,3
3900,ESHE,3
3900,ESOSA,3
3900,ESTRA,3
3900,ESYLLT,3
3900,ETHNE,3
3900,ETTA,3
3900,EUPHEMIA,3
3900,EVEY,3
3900,EVIE-ROSE,3
3900,EZARA,3
3900,EZME,3
3900,EZRI,3
3900,FAAIZA,3
3900,FADIME,3
3900,FAHEEMAH,3
3900,FAHIMAH,3
3900,FAI,3
3900,FATEMAH,3
3900,FATEMEH,3
3900,FATIHA,3
3900,FAUZIA,3
3900,FAYTH,3
3900,FEARNE,3
3900,FEIGE,3
3900,FELICITE,3
3900,FEMI,3
3900,FERDOUS,3
3900,FERDOUSI,3
3900,FILIPA,3
3900,FILSAN,3
3900,FINLEIGH,3
3900,FINNLEY,3
3900,FINTY,3
3900,FIRDAWS,3
3900,FLORRIE,3
3900,FLYNN,3
3900,FOLASADE,3
3900,FRANZISKA,3
3900,FRIDA,3
3900,FRIEDA,3
3900,GABBIE,3
3900,GAYATHIRI,3
3900,GEETA,3
3900,GENEVA,3
3900,GEORGIA-MAI,3
3900,GERMAINE,3
3900,GERTRUDE,3
3900,GHAZALA,3
3900,GILA,3
3900,GINEVRA,3
3900,GINNY,3
3900,GIORGINA,3
3900,GITTY,3
3900,GIULIANA,3
3900,GOZDE,3
3900,GRESA,3
3900,GULSHAN,3
3900,GURSHARAN,3
3900,GWAWR,3
3900,HAARISAH,3
3900,HABEEBA,3
3900,HADIYA,3
3900,HAFIZAH,3
3900,HAFZA,3
3900,HAIDEE,3
3900,HALLIE,3
3900,HAMNAH,3
3900,HANAAN,3
3900,HANAE,3
3900,HANEEFA,3
3900,HARLEE,3
3900,HARMANPREET,3
3900,HARRI,3
3900,HASEEBA,3
3900,HASNAA,3
3900,HAWRA,3
3900,HAYAH,3
3900,HAYLEA,3
3900,HEAVEN-LEIGH,3
3900,HEMA,3
3900,HENRIETTE,3
3900,HIFSAH,3
3900,HIFZA,3
3900,HIND,3
3900,HIRAL,3
3900,HOLLIE-ANNE,3
3900,HOODA,3
3900,HUMNA,3
3900,HUMNAH,3
3900,IEASHA,3
3900,IEVA,3
3900,IMA,3
3900,IMAANI,3
3900,IMELDA,3
3900,IMMOGEN,3
3900,INA,3
3900,INDIA-ROSE,3
3900,INDIYA,3
3900,IONIE,3
3900,IREM,3
3900,ISA,3
3900,ISABELA,3
3900,ISATU,3
3900,ISEABAIL,3
3900,ISHANA,3
3900,ISLAY,3
3900,ISOLDE,3
3900,ISRAEL,3
3900,ISRAH,3
3900,ITALIA,3
3900,IVIE,3
3900,IYANLA,3
3900,IZABELA,3
3900,IZOBEL,3
3900,IZZABELLA,3
3900,JACEY,3
3900,JADE-LOUISE,3
3900,JADEAN,3
3900,JADINE,3
3900,JAEL,3
3900,JAIDEN,3
3900,JAIME-LEE,3
3900,JAIME-LEIGH,3
3900,JAIPREET,3
3900,JAMELA,3
3900,JAMI,3
3900,JAMILLA,3
3900,JAMIMA,3
3900,JANANI,3
3900,JASDEEP,3
3900,JASLYN,3
3900,JASMINE-JADE,3
3900,JASMYNE,3
3900,JASNEET,3
3900,JAWAHER,3
3900,JAWAIRIYA,3
3900,JAWARIA,3
3900,JAYDEAN,3
3900,JAYDINE,3
3900,JAYLAN,3
3900,JAYLEE,3
3900,JAYMI,3
3900,JEANETTE,3
3900,JEANNIE,3
3900,JENAI,3
3900,JENELLE,3
3900,JENESSA,3
3900,JERUSHA,3
3900,JESSICA-LOUISE,3
3900,JESSYE,3
3900,JEWEL,3
3900,JIA,3
3900,JIORDAN,3
3900,JO-ANNE,3
3900,JOHANA,3
3900,JOLEEN,3
3900,JORDIN,3
3900,JOSCELINE,3
3900,JOSCELYN,3
3900,JUHI,3
3900,JULIEANNE,3
3900,JUMANA,3
3900,JUWAIRIYA,3
3900,JUWAYRIYAH,3
3900,KAESHA,3
3900,KAIAH,3
3900,KAIDY,3
3900,KAJA,3
3900,KALISHA,3
3900,KALLISTA,3
3900,KALTRINA,3
3900,KALYANI,3
3900,KAMALJEET,3
3900,KAMALPREET,3
3900,KAMIRA,3
3900,KANIKA,3
3900,KANISHA,3
3900,KARAM,3
3900,KARANDEEP,3
3900,KARDELEN,3
3900,KAREENA,3
3900,KARENA,3
3900,KARENZA,3
3900,KARISSA,3
3900,KARMA,3
3900,KARMAN,3
3900,KARRA,3
3900,KASHA,3
3900,KASSI,3
3900,KASSIDY,3
3900,KATANA,3
3900,KATELEN,3
3900,KATIE-JO,3
3900,KATINKA,3
3900,KAWTHER,3
3900,KAYANNE,3
3900,KAYDI,3
3900,KAYLAH,3
3900,KAYLEIGH-ANN,3
3900,KAYLI,3
3900,KAYNAT,3
3900,KAYTIE,3
3900,KEALY,3
3900,KEELAN,3
3900,KEI,3
3900,KELCI,3
3900,KELISHA,3
3900,KELLA,3
3900,KELSY,3
3900,KENNADY,3
3900,KENSA,3
3900,KENZA,3
3900,KERENSA,3
3900,KERINA,3
3900,KERRI-ANN,3
3900,KERRYANN,3
3900,KERRYANNE,3
3900,KERSHA,3
3900,KESHIA,3
3900,KESHIKA,3
3900,KEYARNA,3
3900,KHADEJA,3
3900,KHADEJIA,3
3900,KHARA,3
3900,KHATIJAH,3
3900,KHIA,3
3900,KHIZRA,3
3900,KIANI,3
3900,KIANNE,3
3900,KIERAN,3
3900,KIMBERLEIGH,3
3900,KIMBERLIE,3
3900,KIMIA,3
3900,KIRANJIT,3
3900,KIRANPREET,3
3900,KIRBIE,3
3900,KIRSTI,3
3900,KISHWAR,3
3900,KORRIE,3
3900,KRISHA,3
3900,KRUPA,3
3900,KRYSTA,3
3900,KRYSTLE,3
3900,KSENIA,3
3900,KULJEET,3
3900,KULSOOM,3
3900,KULSUMA,3
3900,KYE,3
3900,KYMARA,3
3900,KYMBERLEY,3
3900,KYOKO,3
3900,KYRIE,3
3900,LABIBAH,3
3900,LADY,3
3900,LAMIA,3
3900,LAQUISHA,3
3900,LARRISSA,3
3900,LASHAE,3
3900,LASHAI,3
3900,LASHANNA,3
3900,LAURA-MAY,3
3900,LAURE,3
3900,LAUREN-ROSE,3
3900,LAURETTA,3
3900,LAYLAH,3
3900,LEAH-MARIE,3
3900,LEEANNE,3
3900,LEELA,3
3900,LEEYA,3
3900,LEINA,3
3900,LELA,3
3900,LENKA,3
3900,LEONAH,3
3900,LEONE,3
3900,LEONNE,3
3900,LEONNI,3
3900,LILI-MAE,3
3900,LILIANNA,3
3900,LILIMAE,3
3900,LILLEY,3
3900,LILLIA,3
3900,LILLIANA,3
3900,LILLIANNA,3
3900,LILLYANNE,3
3900,LILY-ANNE,3
3900,LILYELLA,3
3900,LIMA,3
3900,LIZZY,3
3900,LORRIE,3
3900,LOTUS,3
3900,LOU-LOU,3
3900,LOUIE,3
3900,LOURDES,3
3900,LOVE,3
3900,LOVEDAY,3
3900,LUBNAA,3
3900,LUCY-JANE,3
3900,LUELLA,3
3900,LUNED,3
3900,LYDIE,3
3900,LYNN,3
3900,LYRA,3
3900,MAARIAH,3
3900,MADALAINE,3
3900,MADALENA,3
3900,MADALIN,3
3900,MADALYN,3
3900,MADDI,3
3900,MADEEHAH,3
3900,MADEHA,3
3900,MADHIYA,3
3900,MAGDALEN,3
3900,MAGI,3
3900,MAHANOOR,3
3900,MAHDIA,3
3900,MAHEMA,3
3900,MAHIDA,3
3900,MAHIKA,3
3900,MAHIRA,3
3900,MAHJABEEN,3
3900,MAHJABIN,3
3900,MAHUM,3
3900,MAHVESH,3
3900,MAIAH,3
3900,MAIGAN,3
3900,MAIMUNA,3
3900,MAJELLA,3
3900,MAKEDA,3
3900,MALA,3
3900,MANAAL,3
3900,MANAR,3
3900,MANMEET,3
3900,MARGARITA,3
3900,MARGHERITA,3
3900,MARIEL,3
3900,MARJORIE,3
3900,MARLENA,3
3900,MARY-,3
3900,MARYANNE,3
3900,MASHIYAT,3
3900,MASIE,3
3900,MASOOMA,3
3900,MATTIA,3
3900,MAUDE,3
3900,MAVISH,3
3900,MAYMOONAH,3
3900,MAYMUNA,3
3900,MAYOWA,3
3900,MEGHA,3
3900,MEGI,3
3900,MEHAK,3
3900,MEHRUNNISA,3
3900,MEHZABIN,3
3900,MEI,3
3900,MELERI,3
3900,MELTEM,3
3900,MEMOONA,3
3900,MEMPHIS,3
3900,MEMUNA,3
3900,MERISSA,3
3900,MIA-LOUISE,3
3900,MIEKE,3
3900,MIKAILA,3
3900,MIKAYELA,3
3900,MILICA,3
3900,MILLIE-LOUISE,3
3900,MILLIE-ROSE,3
3900,MINDY,3
3900,MINERVA,3
3900,MING,3
3900,MIRAIN,3
3900,MIRELA,3
3900,MIRELLA,3
3900,MIREN,3
3900,MIRYAM,3
3900,MISSI,3
3900,MIYAH,3
3900,MOIA,3
3900,MOLLIE-ANNE,3
3900,MOLLYANN,3
3900,MOMENA,3
3900,MONAE,3
3900,MORGANN,3
3900,MORIAM,3
3900,MOUNA,3
3900,MOYOSOREOLUWA,3
3900,MUMINA,3
3900,MUSLIMA,3
3900,MUSLIMAH,3
3900,MYER,3
3900,MYESHA,3
3900,MYIAH,3
3900,NA,3
3900,NAA,3
3900,NAADIA,3
3900,NAADRAH,3
3900,NABIA,3
3900,NADENE,3
3900,NADERA,3
3900,NADIRAH,3
3900,NAIHA,3
3900,NAJA,3
3900,NAJIBAH,3
3900,NAJWA,3
3900,NAMRAH,3
3900,NAMRATA,3
3900,NAN,3
3900,NANCIE,3
3900,NAREECE,3
3900,NARGIS,3
3900,NARMEEN,3
3900,NASEERAH,3
3900,NATALEE,3
3900,NATASSIA,3
3900,NATHALIA,3
3900,NAVJOT,3
3900,NAWAAL,3
3900,NAYLA,3
3900,NAYYAB,3
3900,NAZEERAH,3
3900,NAZIHAH,3
3900,NDIDI,3
3900,NEAMH,3
3900,NEELEY,3
3900,NEELY,3
3900,NEL,3
3900,NENEH,3
3900,NEPHTALIE,3
3900,NEYA,3
3900,NGA,3
3900,NGOZICHUKWUKA,3
3900,NIALA,3
3900,NICKY,3
3900,NIDAA,3
3900,NIDAH,3
3900,NIKOLE,3
3900,NIKOLINA,3
3900,NIMAH,3
3900,NIMCO,3
3900,NIMO,3
3900,NIRALI,3
3900,NISBAH,3
3900,NITASHA,3
3900,NOEMI,3
3900,NOON,3
3900,NOOR-UL-AIN,3
3900,NOORA,3
3900,NORAH,3
3900,NOZOMI,3
3900,NUMRA,3
3900,NURIA,3
3900,NURUL,3
3900,NUSRATH,3
3900,NYA,3
3900,NYESHA,3
3900,NYOMI,3
3900,NYRA,3
3900,NYSSA,3
3900,OGECHI,3
3900,OLAYINKA,3
3900,OLIVIA-MAE,3
3900,OLIVIA-MAY,3
3900,OLIVIA-PAIGE,3
3900,OLUBUNMI,3
3900,OLUWAMAYOWA,3
3900,OLUWATENIOLA,3
3900,OLUWATIMILEHIN,3
3900,OLUWATOMISIN,3
3900,OLUWATONI,3
3900,OLYVIA,3
3900,OPHELIE,3
3900,OPRAH,3
3900,PAIGE-LOUISE,3
3900,PAISLEIGH,3
3900,PANAYIOTA,3
3900,PARICE,3
3900,PARVEEN,3
3900,PARYS,3
3900,PAYGE,3
3900,PENINA,3
3900,PENNIE,3
3900,PERRIE,3
3900,PHILIPA,3
3900,PHUONG,3
3900,PIPER,3
3900,POPPY-MAE,3
3900,PRINA,3
3900,PRITPAL,3
3900,PRIYAL,3
3900,RAABIAH,3
3900,RABEEAH,3
3900,RABYA,3
3900,RADIKA,3
3900,RAE-ANN,3
3900,RAFA,3
3900,RAGAN,3
3900,RAHEEMAH,3
3900,RAHELA,3
3900,RAHILA,3
3900,RAIGAN,3
3900,RAINA,3
3900,RAINBOW,3
3900,RAJINA,3
3900,RAJNEET,3
3900,RAJVINDER,3
3900,RAMA,3
3900,RAMNEEK,3
3900,RAMNEET,3
3900,RAMNIK,3
3900,RAMONA,3
3900,RAMYA,3
3900,RANAE,3
3900,RAPHAELLE,3
3900,RASHA,3
3900,RASHI,3
3900,RASHMA,3
3900,RASHMI,3
3900,RAYA,3
3900,RAYCHEL,3
3900,RAYYA,3
3900,REANA,3
3900,REBECCA-JADE,3
3900,REBEKKAH,3
3900,REECE,3
3900,REESHA,3
3900,REHANNA,3
3900,REINA,3
3900,REMILEKUN,3
3900,RENAI,3
3900,RENEA,3
3900,RENELLE,3
3900,RENUKA,3
3900,RESHMA,3
3900,RESMA,3
3900,RHEANNON,3
3900,RHEMA,3
3900,RHIANEDD,3
3900,RHYANA,3
3900,RHYANNE,3
3900,RIDDHI,3
3900,RIDHA,3
3900,RIKI,3
3900,RIPA,3
3900,RIYAH,3
3900,ROANNE,3
3900,ROBYNE,3
3900,ROCHE,3
3900,ROJDA,3
3900,ROMAINE,3
3900,ROMANE,3
3900,ROMILY,3
3900,ROSALEEN,3
3900,ROSELLE,3
3900,ROSHANA,3
3900,ROSHINI,3
3900,ROSIE-ANNE,3
3900,ROSITA,3
3900,ROZEENA,3
3900,RUCHIKA,3
3900,RUDI,3
3900,RUHE,3
3900,RUI,3
3900,RUMAANA,3
3900,RUMANAH,3
3900,RUMEYSA,3
3900,RUMINA,3
3900,RUPA,3
3900,RUQAYYA,3
3900,RUTHIE,3
3900,RYAH,3
3900,RYANNE,3
3900,RYLEY,3
3900,SAACHI,3
3900,SABIYA,3
3900,SABREEN,3
3900,SABRIYA,3
3900,SACHELLE,3
3900,SADHIA,3
3900,SADIQA,3
3900,SADIYYA,3
3900,SAEEDA,3
3900,SAFANA,3
3900,SAFEENA,3
3900,SAFFA,3
3900,SAFFAH,3
3900,SAFRON,3
3900,SAHANA,3
3900,SAIKA,3
3900,SAJEDA,3
3900,SALENA,3
3900,SALLYANN,3
3900,SALONI,3
3900,SALSABIL,3
3900,SAMAHER,3
3900,SAMANTHA-JANE,3
3900,SAMANTHA-LOUISE,3
3900,SAMAR,3
3900,SAMAYA,3
3900,SAMENA,3
3900,SAMI,3
3900,SAMMAN,3
3900,SAMMI-JO,3
3900,SAMMIE-JO,3
3900,SAMMYA,3
3900,SAMMYJO,3
3900,SAMYA,3
3900,SANDHYA,3
3900,SANEELA,3
3900,SAONA,3
3900,SAPHINA,3
3900,SAPNA,3
3900,SAPPHIRA,3
3900,SARAYA,3
3900,SARIA,3
3900,SARIKA,3
3900,SAROOP,3
3900,SARRAH,3
3900,SASHA-LOUISE,3
3900,SASHKA,3
3900,SASKA,3
3900,SAYA,3
3900,SEETAL,3
3900,SEHREEN,3
3900,SEMRA,3
3900,SENEM,3
3900,SEONA,3
3900,SERAFINA,3
3900,SEVIL,3
3900,SEVIM,3
3900,SHAANA,3
3900,SHAANDEEP,3
3900,SHAHEEN,3
3900,SHAHENA,3
3900,SHAHLA,3
3900,SHAIMAA,3
3900,SHAIRA,3
3900,SHAISTA,3
3900,SHAKARA,3
3900,SHAKYRA,3
3900,SHALIKA,3
3900,SHAMEEM,3
3900,SHAMILAH,3
3900,SHAMILLA,3
3900,SHAMIM,3
3900,SHANAN,3
3900,SHANAYE,3
3900,SHANEA,3
3900,SHANEECE,3
3900,SHANNAGH,3
3900,SHANNON-LEE,3
3900,SHANYCE,3
3900,SHARAINE,3
3900,SHARELLE,3
3900,SHARIFAH,3
3900,SHARMEEN,3
3900,SHARNAY,3
3900,SHARONJIT,3
3900,SHAYA,3
3900,SHAYE,3
3900,SHAYLEA,3
3900,SHAYLEIGH,3
3900,SHAYNE,3
3900,SHAZANA,3
3900,SHAZNA,3
3900,SHEKERA,3
3900,SHEKINAH,3
3900,SHELAH,3
3900,SHELINA,3
3900,SHENEL,3
3900,SHENICE,3
3900,SHEREECE,3
3900,SHERINE,3
3900,SHERISE,3
3900,SHERRIDAN,3
3900,SHIANN,3
3900,SHIFRAH,3
3900,SHIRI,3
3900,SHIVANA,3
3900,SHORIFA,3
3900,SHREENA,3
3900,SHURMA,3
3900,SIANN,3
3900,SIERRA,3
3900,SINA,3
3900,SIOBAHN,3
3900,SIONA,3
3900,SIOUXSIE,3
3900,SIRAH,3
3900,SITA,3
3900,SITI,3
3900,SKYLER,3
3900,SOFINA,3
3900,SOLENNE,3
3900,SOMMA,3
3900,SONICA,3
3900,SOPHI,3
3900,SOPHIE-JAYNE,3
3900,SOPHIE-LAUREN,3
3900,SORA,3
3900,STEFANY,3
3900,STEPHENIE,3
3900,STEVEY,3
3900,STORME,3
3900,SUHAILA,3
3900,SUHANA,3
3900,SUKHVEER,3
3900,SUKI,3
3900,SULTAN,3
3900,SUMMAYA,3
3900,SUMRAH,3
3900,SUNA,3
3900,SUNNY,3
3900,SURI,3
3900,SUZAN,3
3900,SUZI,3
3900,SYAN,3
3900,SYRAH,3
3900,TAELOR,3
3900,TAHANI,3
3900,TAHIBA,3
3900,TAHREEM,3
3900,TAHSEEN,3
3900,TAIA,3
3900,TAJMINA,3
3900,TAKIYAH,3
3900,TALA,3
3900,TALI,3
3900,TALLIS,3
3900,TALULA,3
3900,TAMARAH,3
3900,TAMESHA,3
3900,TAMIYA,3
3900,TAMMI,3
3900,TANAYA,3
3900,TANEESHA,3
3900,TANJILA,3
3900,TAOME,3
3900,TARIN,3
3900,TARINA,3
3900,TARRAN,3
3900,TASHANA,3
3900,TASHANNA,3
3900,TASIA,3
3900,TASLEEMA,3
3900,TAVIA,3
3900,TAWNY,3
3900,TAYLA-JADE,3
3900,TAYLOR-ANN,3
3900,TEAL,3
3900,TEAN,3
3900,TEANNA,3
3900,TEIGHAN,3
3900,TEILA,3
3900,TEISHA,3
3900,TEMILOLA,3
3900,TEMILOLUWA,3
3900,TEQUILA,3
3900,TERI-ANN,3
3900,THAIBA,3
3900,THANUSHA,3
3900,THASLIMA,3
3900,THELMA,3
3900,THERESE,3
3900,THI,3
3900,THIVYA,3
3900,THUY,3
3900,TIAN,3
3900,TIANEY,3
3900,TIANNE,3
3900,TILIA,3
3900,TILLEY,3
3900,TILLI,3
3900,TIRZAH,3
3900,TIYA,3
3900,TOLUWALASE,3
3900,TOLUWANI,3
3900,TONI-ANN,3
3900,TONI-ANNE,3
3900,TONIE,3
3900,TONYA,3
3900,TORI-LEIGH,3
3900,TORIE,3
3900,TORY,3
3900,TYA,3
3900,TYISHA,3
3900,TYNESHA,3
3900,TYRAH,3
3900,ULLA,3
3900,UMAIMA,3
3900,UMAIRA,3
3900,UMAMA,3
3900,UMARA,3
3900,UMARAH,3
3900,UMMAY,3
3900,UNAISAH,3
3900,UNIQUE,3
3900,UROOSA,3
3900,URVI,3
3900,VADA,3
3900,VALENTINE,3
3900,VALERIA,3
3900,VANI,3
3900,VANIA,3
3900,VANISHA,3
3900,VEENA,3
3900,VENUS,3
3900,VERONA,3
3900,VERONIKA,3
3900,VIKTORIA,3
3900,VINEET,3
3900,VISHALI,3
3900,WING,3
3900,WREN,3
3900,XANTIA,3
3900,XHESIKA,3
3900,XSARA,3
3900,YAGMUR,3
3900,YASMYN,3
3900,YEMAYA,3
3900,YESIM,3
3900,YEWANDE,3
3900,YIN,3
3900,YOUSRA,3
3900,YSABELLA,3
3900,YSELLA,3
3900,YSEULT,3
3900,YUKI,3
3900,YVIE,3
3900,ZAKHIA,3
3900,ZANA,3
3900,ZANNA,3
3900,ZARA-LOUISE,3
3900,ZAREENA,3
3900,ZARIA,3
3900,ZAYBA,3
3900,ZAYNUB,3
3900,ZEA,3
3900,ZENAH,3
3900,ZENNA,3
3900,ZENNOR,3
3900,ZORA,3
3900,ZUHA,3
3900,ZULEIKA,3
3900,ZUNAIRA,3
3900,ZUZANNA,3
3900,ZYNAB,3
