Rank,Name,Count
1,CHLOE,7534
2,EMILY,6232
3,MEGAN,5868
4,JESSICA,4779
5,CHARLOTTE,4778
6,LAUREN,4701
7,SOPHIE,4624
8,OLIVIA,4546
9,HANNAH,4410
10,LUCY,4257
11,GEORGIA,3943
12,REBECCA,3826
13,BETHANY,3730
14,AMY,3646
15,ELLIE,3482
16,KATIE,3366
17,EMMA,2574
18,HOLLY,2356
19,ABIGAIL,2333
20,MOLLY,2328
21,GRACE,2187
22,COURTNEY,2131
23,SHANNON,2127
24,CAITLIN,2086
25,ELEANOR,2080
26,JADE,2055
27,ELLA,2022
28,LEAH,1951
29,ALICE,1909
30,LAURA,1628
31,ANNA,1612
32,JASMINE,1606
33,ELIZABETH,1552
34,SARAH,1536
35,AMELIA,1489
36,RACHEL,1417
37,AMBER,1393
38,PHOEBE,1319
39,NATASHA,1238
40,NIAMH,1204
41,ZOE,1175
42,PAIGE,1163
43,MIA,1149
44,NICOLE,1138
45,LILY,1124
46,ABBIE,1116
47,IMOGEN,1091
48,ALEXANDRA,1049
49,DAISY,1013
50,MILLIE,1007
51,CHELSEA,998
52,ERIN,997
53,GEORGINA,979
54,VICTORIA,976
55,DANIELLE,961
56,ISOBEL,947
57,LYDIA,913
58,SAMANTHA,867
59,MORGAN,850
60,TIA,816
61,JODIE,814
62,HARRIET,801
62,MAISIE,801
64,ISABELLA,796
64,ISABELLE,796
66,ROSIE,766
67,FRANCESCA,757
68,MELISSA,755
69,ISABEL,752
70,KAYLEIGH,746
71,KATHERINE,734
72,AIMEE,719
73,HOLLIE,693
74,KATE,688
75,FREYA,686
76,MADELEINE,684
76,STEPHANIE,684
78,EVE,675
78,RUBY,675
80,GEMMA,664
81,LOUISE,659
82,MOLLIE,654
83,JENNIFER,645
84,ALISHA,642
85,JORDAN,622
86,POPPY,598
87,ELLEN,596
88,BETHAN,592
89,SOPHIA,591
90,ALICIA,583
91,CERYS,578
92,CHARLIE,577
93,ELOISE,573
94,NATALIE,560
95,YASMIN,539
96,CATHERINE,536
97,RHIANNON,526
98,KIRSTY,525
99,LIBBY,515
99,NAOMI,515
101,SIAN,510
102,BROOKE,494
103,KELSEY,471
104,MADISON,469
105,ELLE,462
106,BETH,460
107,SHANIA,457
108,TAYLOR,456
109,ELISE,455
110,MAYA,454
111,MARIA,446
112,ASHLEIGH,437
113,ZARA,436
114,INDIA,429
115,ANNABEL,424
115,SHAUNA,424
117,ROBYN,420
118,FAYE,416
119,REBEKAH,412
120,DEMI,409
121,CASEY,400
121,EVIE,400
123,GABRIELLE,395
124,KIERA,391
125,AISHA,376
126,RACHAEL,373
127,SARA,368
128,ANNIE,366
129,ABBY,364
129,HEATHER,364
131,KATHRYN,358
132,ELISHA,351
133,KATY,345
133,SAFFRON,345
133,TARA,345
136,LOIS,342
137,LARA,340
137,SASHA,340
139,CIARA,339
140,KIRA,337
141,CHANTELLE,330
142,EBONY,327
143,MATILDA,323
144,JASMIN,321
145,LAURYN,319
146,MARY,313
147,ROSE,311
148,MARTHA,310
149,MADELINE,308
150,EMILIA,306
150,KIMBERLEY,306
152,ANGEL,304
153,SKYE,300
154,GABRIELLA,296
155,CARA,288
156,TEGAN,287
157,SUMMER,286
158,MARYAM,282
159,SASKIA,280
160,CHARLEY,279
161,KELLY,278
161,MACY,278
163,FLORENCE,274
164,NADIA,271
165,NIKITA,264
166,ANYA,261
167,ANNABELLE,260
167,FFION,260
169,CAITLYN,259
170,BRITNEY,258
171,CLAUDIA,254
171,ESME,254
173,HOPE,251
173,NICOLA,251
175,MADDISON,247
176,ELENA,245
176,JOSEPHINE,245
178,JENNA,243
179,JEMMA,242
180,LUCIE,241
181,LEANNE,239
182,SCARLETT,238
183,EDEN,237
183,SOFIA,237
185,NEVE,234
186,ALEX,229
186,DANIELLA,229
186,LIBERTY,229
186,SIMRAN,229
190,EVA,228
191,LISA,227
192,ESTHER,221
192,LOUISA,221
194,BRYONY,220
195,ABBEY,219
196,HELENA,212
196,RUTH,212
198,CARYS,211
199,AYESHA,210
199,FAITH,210
199,IONA,210
202,FIONA,207
202,TIFFANY,207
204,HAYLEY,206
204,JEMIMA,206
206,ANTONIA,205
206,HELEN,205
208,KYRA,204
208,ZAINAB,204
210,FATIMA,202
211,JOANNA,201
211,SADIE,201
213,MAIA,200
214,RHIANNA,197
215,PHILIPPA,195
216,JOSIE,194
216,MICHAELA,194
218,SAVANNAH,193
218,TILLY,193
220,KEELEY,192
221,AMIE,191
221,JAMIE,191
223,SYDNEY,190
223,TABITHA,190
223,TONI,190
226,CLAIRE,181
226,ZAHRA,181
228,SIOBHAN,180
229,AMINA,178
229,SHELBY,178
231,MAISY,177
231,MARIAM,177
231,TAMZIN,177
234,KATRINA,176
235,SANA,175
235,TAMARA,175
237,STACEY,173
238,CARLA,172
239,KAITLIN,171
240,PARIS,168
241,LAYLA,166
242,NINA,164
243,CONNIE,163
243,SABRINA,163
245,ELIZA,162
245,MEGHAN,162
247,KARA,161
248,HEIDI,160
249,FRANCES,158
249,SINEAD,158
251,MICHELLE,157
251,SERENA,157
251,TYLER,157
254,KIRSTEN,156
254,NIA,156
254,ORLA,156
257,JESSIE,154
257,KAITLYN,154
257,KEIRA,154
257,LUCIA,154
261,APRIL,153
261,CHRISTINA,153
261,TALIA,153
264,TIEGAN,152
264,TRINITY,152
266,MELANIE,151
267,ALIYAH,150
268,AALIYAH,147
268,BILLIE,147
270,IQRA,146
271,ANISA,143
271,JULIA,143
273,TAYLA,142
274,ADELE,141
275,BRITTANY,140
275,SHONA,140
277,BEATRICE,139
278,ASHLEY,138
278,CARLY,138
278,RIA,138
281,LEONIE,137
282,LORNA,136
282,THEA,136
284,ALANA,133
285,FELICITY,132
285,SEREN,132
287,DESTINY,131
288,DARCY,130
288,KATELYN,130
288,KIA,130
291,AVA,129
291,PRIYA,129
293,CAROLINE,127
293,MIRIAM,127
295,KERRY,126
295,MACEY,126
297,ERICA,125
297,HANA,125
297,ISLA,125
300,KAYLA,123
300,SALLY,123
302,RHEA,121
303,HALIMA,120
304,LEILA,119
304,RHIAN,119
306,TANYA,117
307,LOWRI,115
307,MILLY,115
309,YASMINE,114
310,LILLY,112
310,SYEDA,112
312,JAZMIN,111
313,AOIFE,110
313,DARCEY,110
313,NANCY,110
316,CATRIN,108
316,RENEE,108
318,ANISHA,107
318,CHELSIE,107
318,CONSTANCE,107
318,GRACIE,107
318,JADA,107
318,MILLICENT,107
318,SHANICE,107
325,BROGAN,106
325,POLLY,106
325,VANESSA,106
328,KIARA,105
329,VERITY,104
330,ABBI,103
330,LILLIE,103
330,TANISHA,103
333,ROISIN,102
334,BRIONY,101
334,HANNA,101
334,TAMSIN,101
337,CHELSEY,100
337,DEANNA,100
337,KATHLEEN,100
337,KHADIJA,100
337,SHARNA,100
342,CHEYENNE,98
342,CLARA,98
344,ALYSSA,97
344,ANNALISE,97
344,ELLENA,97
344,LIA,97
344,MONICA,97
349,CRYSTAL,96
349,HAZEL,96
349,KATHARINE,96
349,ROSEMARY,96
353,IMAN,95
353,JOANNE,95
353,LOLA,95
356,KEELY,94
357,AMANDA,93
357,ANASTASIA,93
357,GEORGIE,93
357,STELLA,93
361,AYSHA,91
361,JENNY,91
361,KIRAN,91
361,NATALIA,91
361,SADIA,91
366,EMILIE,90
366,SABAH,90
368,ROSA,89
369,ELINOR,88
369,KAYLEY,88
371,BECKY,87
371,EVELYN,87
371,FERN,87
371,TEIGAN,87
375,ANAIS,86
375,ANISAH,86
375,MYA,86
375,SALMA,86
375,SONIA,86
380,ALANNAH,85
380,BONNIE,85
380,HONOR,85
380,SIMONE,85
384,DAVINA,84
384,HAFSAH,84
384,NADINE,84
387,ALYSHA,83
387,ELLIS,83
387,LACEY,83
387,MONIQUE,83
391,MAE,82
391,ZAYNAB,82
393,AISHAH,81
393,ELISABETH,81
393,HAFSA,81
393,LOREN,81
397,ALEXANDRIA,80
397,ASHA,80
397,CLARE,80
397,JAZMINE,80
397,LAILA,80
402,BAILEY,79
402,HALEEMA,79
402,KELSIE,79
405,CORA,78
405,HARLEY,78
405,HENNA,78
405,LUCINDA,78
405,MARIE,78
405,RHIANNE,78
411,CAITLAN,77
411,FAY,77
411,FLORA,77
411,NEHA,77
415,ELYSIA,76
415,ISOBELLE,76
415,TORI,76
418,DEBORAH,75
418,KITTY,75
418,LEONA,75
418,MADELAINE,75
422,ALISON,74
422,ALIX,74
422,KHADIJAH,74
422,LANA,74
422,TIANNA,74
427,ANDREA,73
427,COURTENEY,73
427,DANA,73
427,DARCIE,73
427,EMELIA,73
427,GENEVIEVE,73
427,WILLOW,73
434,BETHANIE,72
434,MARGARET,72
436,MEG,71
436,SUMAYYAH,71
438,CARMEN,70
438,CODY,70
438,JULIETTE,70
438,SCARLET,70
438,SELINA,70
443,AISLING,69
443,IKRA,69
443,LEIGH,69
446,ALEXIA,68
446,ALINA,68
446,ANGELA,68
446,CALLIE,68
446,CHANEL,68
446,CODIE,68
446,ELIN,68
446,ELLIE-MAE,68
446,MADDIE,68
446,SACHA,68
456,ALEENA,67
456,KAYA,67
458,SKY,66
458,TALLULAH,66
460,CAMERON,65
460,CERI,65
460,ROSANNA,65
460,SHIVANI,65
460,TIANA,65
465,AUTUMN,64
465,BILLIE-JO,64
465,BRIDIE,64
465,CATRIONA,64
465,CHARIS,64
465,ESTELLE,64
465,LEONI,64
472,ALEXIS,63
472,AMINAH,63
472,ANNE,63
472,CASSIE,63
472,MARIAH,63
472,MIRANDA,63
478,ANA,62
478,ANEESA,62
478,BRIDGET,62
478,BRONWYN,62
478,LILI,62
478,SAFA,62
478,WHITNEY,62
485,CHANTEL,61
485,CHRISTINE,61
485,LEIA,61
485,MAHIMA,61
485,RIANNA,61
485,SAIRA,61
485,TESS,61
492,ANGHARAD,60
492,ELLIE-MAY,60
492,EVANGELINE,60
492,FARAH,60
492,ROWAN,60
497,CHANELLE,59
497,DIONNE,59
497,DOMINIQUE,59
497,ISHA,59
497,JANE,59
502,KENNEDY,58
502,MARNIE,58
502,STEVIE,58
502,TESSA,58
506,KIRSTIE,57
506,KRISTINA,57
506,MACKENZIE,57
506,REGAN,57
506,SAMIRA,57
506,SAPPHIRE,57
512,AMIRA,56
512,DEVON,56
512,HUMAIRA,56
512,JODI,56
512,MAARIYAH,56
512,SAARAH,56
512,TASNIM,56
519,AMNA,55
519,CANDICE,55
519,MARINA,55
519,MERCEDES,55
519,PENNY,55
524,JULIET,54
524,NISHA,54
524,TIERNEY,54
527,ALYS,53
527,ANIKA,53
527,CELINE,53
527,CLEO,53
527,FATIMAH,53
527,LOTTIE,53
527,MAY,53
527,SAIMA,53
535,BRIANNA,52
535,FIZA,52
535,LILLIAN,52
535,PIPPA,52
539,ATHENA,51
539,CARRIE,51
539,FLEUR,51
539,GINA,51
539,KASEY,51
539,MELODY,51
545,AMI,50
545,ANITA,50
545,AQSA,50
545,ARABELLA,50
545,ATLANTA,50
545,CHIARA,50
545,FAIZA,50
545,JOY,50
545,KIAH,50
545,MARTINA,50
545,ROMY,50
545,SAFIA,50
557,ALIYA,49
557,BOBBIE,49
557,BRONTE,49
557,CORAL,49
557,DIANA,49
557,EMMIE,49
557,RIYA,49
557,TAYA,49
565,ASMA,48
565,ELISA,48
565,ELISSA,48
565,KARLA,48
565,KAYLEE,48
565,TERRI,48
571,AMIRAH,47
571,ANJALI,47
571,CECILIA,47
571,JAIME,47
571,KEZIAH,47
571,LEYLA,47
571,MACIE,47
571,NATALYA,47
571,SANAA,47
571,TANIA,47
571,TYRA,47
582,AAMINAH,46
582,ALIA,46
582,ELLISE,46
582,JACQUELINE,46
582,KIMBERLY,46
582,NOOR,46
582,ROCHELLE,46
582,SUSAN,46
582,YAZMIN,46
591,CASSANDRA,45
591,DEMI-LEIGH,45
591,ELSA,45
591,KACEY,45
591,KEISHA,45
591,KELIS,45
591,NIKKI,45
591,SABA,45
591,SANAH,45
591,STORM,45
601,CHYNA,44
601,DREW,44
601,REANNE,44
601,SHAKIRA,44
601,SUSANNAH,44
601,ZAYNAH,44
607,AINE,43
607,AMAL,43
607,ELODIE,43
607,JAMIE-LEE,43
607,MICA,43
607,NEAVE,43
607,SORCHA,43
607,THALIA,43
615,ALANNA,42
615,ANN,42
615,BROOKLYN,42
615,CHARMAINE,42
615,IRAM,42
615,JODY,42
615,KARINA,42
615,KATERINA,42
615,ROXANNE,42
615,SAFIYA,42
625,CASSIDY,41
625,CLARISSA,41
625,DANIELA,41
625,ELEN,41
625,ENYA,41
625,KAREN,41
625,KEAVY,41
625,KYLIE,41
625,PRECIOUS,41
625,TAZMIN,41
625,TEAGAN,41
625,TYLA,41
637,ABBIGAIL,40
637,HERMIONE,40
637,IMAAN,40
637,JULIE,40
637,KARIS,40
637,MAISHA,40
637,REANNA,40
637,TAYLER,40
645,ANGELICA,39
645,FAHMIDA,39
645,HALIMAH,39
645,LARISSA,39
645,MAIREAD,39
645,MARIANNE,39
645,MELISA,39
645,NIMRA,39
645,TAHMINA,39
645,TAMMY,39
655,AMANI,38
655,BUSHRA,38
655,CELIA,38
655,LEA,38
655,LILLI,38
655,LINDA,38
655,NAFISA,38
655,SIENNA,38
655,ZARAH,38
664,DANNIELLE,37
664,DION,37
664,KEZIA,37
664,LEVI,37
664,LILIAN,37
664,TAMANNA,37
670,ANEESAH,36
670,BOBBI,36
670,CHRISTIE,36
670,DANNI,36
670,ELOUISE,36
670,ELSIE,36
670,ERIKA,36
670,ERYN,36
670,INES,36
670,JAYA,36
670,KRYSTAL,36
670,MANISHA,36
670,MANON,36
670,NAIMA,36
670,PRIYANKA,36
670,ROSEANNA,36
670,SUMAYA,36
670,TASMIN,36
670,VERONICA,36
689,AMRITA,35
689,ARIANNA,35
689,CHARLEIGH,35
689,CHARLI,35
689,HARMONY,35
689,HENRIETTA,35
689,JAMIE-LEIGH,35
689,MAHNOOR,35
689,PENELOPE,35
689,PHOENIX,35
689,SHARON,35
689,YUSRA,35
701,ABI,34
701,CHARLEE,34
701,DAYNA,34
701,FAHIMA,34
701,FARRAH,34
701,HALEEMAH,34
701,KERRIE,34
701,ROSALIND,34
701,SABINA,34
701,TINA,34
701,VALENTINA,34
712,AMARA,33
712,CAMILLA,33
712,CAMILLE,33
712,ELERI,33
712,ELLY,33
712,ELSPETH,33
712,GEORGIANA,33
712,JOELY,33
712,JUSTINE,33
712,KAY,33
712,KYLA,33
712,LINA,33
712,MISBAH,33
712,SHANNAN,33
712,SUMAIYAH,33
712,TARYN,33
728,ALESSIA,32
728,BELLA,32
728,BRONWEN,32
728,CALLY,32
728,CLEMENTINE,32
728,DULCIE,32
728,ELLESSE,32
728,ESMEE,32
728,FATMA,32
728,HARRIETT,32
728,LEIGHA,32
728,LIBBIE,32
728,MAEVE,32
728,MAGGIE,32
728,MARI,32
728,MUNA,32
728,OPHELIA,32
728,RIANNE,32
728,ROBERTA,32
728,ZOYA,32
748,CELESTE,31
748,CHARLENE,31
748,CYDNEY,31
748,ELENI,31
748,HABIBA,31
748,ISOBELLA,31
748,KIRSTIN,31
748,LORI,31
748,MARTINE,31
748,NELL,31
748,PATRICIA,31
748,PORTIA,31
748,RIO,31
748,SANNAH,31
748,SHELLEY,31
748,ZAHRAH,31
764,ABIDA,30
764,AILSA,30
764,ANGELINA,30
764,AROOJ,30
764,AYISHA,30
764,DINA,30
764,ELICIA,30
764,MARISSA,30
764,RAHIMA,30
764,SADE,30
764,SAMIA,30
764,SAOIRSE,30
764,SIONED,30
764,TALITHA,30
764,TASNEEM,30
764,TERESA,30
764,THERESA,30
764,VIOLET,30
782,ALEXA,29
782,AMMAARAH,29
782,AMRIT,29
782,AMY-LOUISE,29
782,ASIA,29
782,CECILY,29
782,CLOE,29
782,ELLOUISE,29
782,FINLAY,29
782,HEBE,29
782,JAMELIA,29
782,KAITLAN,29
782,MASUMA,29
782,MATHILDA,29
782,MIAH,29
782,MYAH,29
782,PRINCESS,29
782,RABIA,29
782,SHANA,29
782,TAMAR,29
782,TATIANA,29
782,ZAINA,29
804,AAISHA,28
804,AAMINA,28
804,ALISHIA,28
804,ANEEKA,28
804,AYLA,28
804,CHANTAL,28
804,CHARLY,28
804,DONNA,28
804,EILIDH,28
804,ELLI,28
804,ELLISHA,28
804,ELYSE,28
804,FRANKIE,28
804,HEENA,28
804,HOLLI,28
804,HUMAIRAA,28
804,IMANI,28
804,IQRAH,28
804,KATYA,28
804,KERYS,28
804,LENA,28
804,MALAIKA,28
804,MARIYAH,28
804,MEREDITH,28
804,NAJMA,28
804,SANDRA,28
804,STACIE,28
804,SUZANNA,28
804,ZAHRAA,28
833,ALANAH,27
833,BERNADETTE,27
833,BRODIE,27
833,CATRINA,27
833,FREJA,27
833,HAJRA,27
833,ISRA,27
833,JAMILA,27
833,JASPREET,27
833,JORDYN,27
833,KELLIE,27
833,LUISA,27
833,MALIKA,27
833,MARIYA,27
833,RUQAYYAH,27
833,SUSANNA,27
833,TASNIA,27
833,XENA,27
833,YASEMIN,27
852,ADRIANA,26
852,AGNES,26
852,ALEISHA,26
852,ANIQA,26
852,AYSE,26
852,BRITTNEY,26
852,CHEYANNE,26
852,HATTIE,26
852,HUMAYRA,26
852,JORDON,26
852,KARISHMA,26
852,LAUREL,26
852,LEANNA,26
852,MADIHAH,26
852,MAISEY,26
852,NAZIA,26
852,REMI,26
852,RHIANN,26
852,SAMIHA,26
852,SANYA,26
852,SHREYA,26
852,SIDRA,26
852,SUZANNE,26
852,TERI,26
876,BIBI,25
876,COLETTE,25
876,FAIZAH,25
876,FARHANA,25
876,HANAN,25
876,HUDA,25
876,IFRAH,25
876,JORDEN,25
876,KIANA,25
876,KIM,25
876,KRISTY,25
876,LAURIE,25
876,LIVIA,25
876,MAARIYA,25
876,MIYA,25
876,NEELAM,25
876,PEARL,25
876,SADIYAH,25
876,SAMIYA,25
876,SANNA,25
876,TEEGAN,25
897,ALISSA,24
897,ALYX,24
897,AMANPREET,24
897,ANJA,24
897,ASHLEA,24
897,BEVERLEY,24
897,BIANCA,24
897,CARINA,24
897,CARLIE,24
897,EDIE,24
897,ELA,24
897,ELIF,24
897,EMILLIE,24
897,EMMY,24
897,ESHA,24
897,FREYJA,24
897,GIORGIA,24
897,HUSNA,24
897,JAYDE,24
897,KELSEA,24
897,MARISA,24
897,NAFEESA,24
897,NICHOLE,24
897,ORIANA,24
897,RIMSHA,24
897,ROSHNI,24
897,SELENA,24
897,SHANAE,24
897,SHANNEN,24
897,SHAYLA,24
897,SYLVIA,24
897,THEODORA,24
897,YASMEEN,24
930,AGATHA,23
930,AIMIE,23
930,ALANIS,23
930,ALEESHA,23
930,ALIVIA,23
930,ALYSIA,23
930,CORDELIA,23
930,CRISTINA,23
930,DIONE,23
930,EDITH,23
930,ELLENOR,23
930,GLORIA,23
930,HINA,23
930,JAIMIE,23
930,JAY,23
930,JEMIMAH,23
930,JOCELYN,23
930,JORDANNA,23
930,KENDRA,23
930,KERRI,23
930,LEENA,23
930,LETITIA,23
930,LIANA,23
930,MARIELLA,23
930,MINNIE,23
930,MUSKAAN,23
930,NIKKITA,23
930,NISHAT,23
930,PRISCILLA,23
930,RAVEENA,23
930,REBEKKA,23
930,RHEANNA,23
930,RHIA,23
930,SAHAR,23
930,SAMINA,23
930,SELIN,23
930,SOMMER,23
930,TILLIE,23
930,XANTHE,23
969,ABIGAYLE,22
969,AILISH,22
969,ALIMA,22
969,AMEERA,22
969,ANTOINETTE,22
969,ARIANA,22
969,ASHLYN,22
969,AURORA,22
969,AYA,22
969,BELINDA,22
969,BELLE,22
969,BRITANY,22
969,JESSE,22
969,KADIE,22
969,KENYA,22
969,KRISTEN,22
969,MARIANNA,22
969,MAXINE,22
969,MONET,22
969,OCEAN,22
969,PIPER,22
969,SAFIYYAH,22
969,SAMARA,22
969,SHANELLE,22
993,AIYSHA,21
993,ALESHA,21
993,ALISA,21
993,AMALIA,21
993,ANNE-MARIE,21
993,BREE,21
993,CAOIMHE,21
993,CAPRICE,21
993,CHRISTY,21
993,CORINNE,21
993,DANI,21
993,DOROTHY,21
993,ELLICE,21
993,FARZANA,21
993,FATHIMA,21
993,FENELLA,21
993,HARPREET,21
993,JESS,21
993,KAISHA,21
993,KATELIN,21
993,KLOE,21
993,LESLEY,21
993,MADIHA,21
993,MAIZIE,21
993,MALI,21
993,MEERA,21
993,MENNA,21
993,PHILLIPPA,21
993,POOJA,21
993,ROSINA,21
993,ROWENA,21
993,SAFAA,21
993,SANIA,21
993,SAVANNA,21
993,SHANI,21
993,SHAYNA,21
993,SOFIE,21
993,TABATHA,21
993,TAMERA,21
993,YOLANDA,21
1033,AALIYA,20
1033,ADELAIDE,20
1033,ANOUSHKA,20
1033,CHAYA,20
1033,CINDY,20
1033,DAWN,20
1033,DENISE,20
1033,HALLE,20
1033,HIRA,20
1033,IVY,20
1033,JOHANNA,20
1033,KATARINA,20
1033,KERI,20
1033,MANPREET,20
1033,MARWA,20
1033,MILLI,20
1033,MIMI,20
1033,MISHA,20
1033,MOHIMA,20
1033,PIA,20
1033,ROMANA,20
1033,SARAH-LOUISE,20
1033,SHAZIA,20
1033,ZENA,20
1033,ZEYNEP,20
1058,ADINA,19
1058,AFSANA,19
1058,ALYCIA,19
1058,AMMARAH,19
1058,ARIANNE,19
1058,BERFIN,19
1058,BISMAH,19
1058,CHERIE,19
1058,CHRISTIANA,19
1058,COLLETTE,19
1058,ELAINE,19
1058,HALLIE,19
1058,HANIFA,19
1058,JAI,19
1058,JORDANNE,19
1058,KELISE,19
1058,KERRIS,19
1058,KYA,19
1058,LAVINIA,19
1058,LILIANA,19
1058,MAI,19
1058,MEHREEN,19
1058,MONTANA,19
1058,MUNIRA,19
1058,NAIMAH,19
1058,NANA,19
1058,NIMRAH,19
1058,NOUR,19
1058,RAVEN,19
1058,REA,19
1058,SAMEERA,19
1058,SHANTELLE,19
1058,TAHLIA,19
1058,UZMA,19
1058,VALERIE,19
1058,VIRGINIA,19
1058,WENDY,19
1095,ALLEGRA,18
1095,ANAM,18
1095,ANNABELLA,18
1095,CASSIA,18
1095,CHANTE,18
1095,COLLEEN,18
1095,ELIANA,18
1095,EMMA-LOUISE,18
1095,FARIHA,18
1095,GABRIELA,18
1095,GILLIAN,18
1095,HABIBAH,18
1095,JENA,18
1095,JO,18
1095,JUDE,18
1095,JUDITH,18
1095,KIRI,18
1095,KIYA,18
1095,LATISHA,18
1095,LEXIE,18
1095,LINDSEY,18
1095,LYNDSEY,18
1095,MARLEY,18
1095,MIKAYLA,18
1095,MINA,18
1095,NAFISAH,18
1095,NAWAL,18
1095,OCTAVIA,18
1095,OTTILIE,18
1095,PAULA,18
1095,PHILLIPA,18
1095,RAE,18
1095,REEM,18
1095,SAHRA,18
1095,SHEENA,18
1095,SHELBIE,18
1095,SHOLA,18
1095,SIANA,18
1095,SKYLA,18
1095,STAR,18
1095,SUMAYYA,18
1095,YVONNE,18
1095,ZEENAT,18
1095,ZENAB,18
1139,AAMNA,17
1139,ADELLE,17
1139,AKSA,17
1139,ALYSSIA,17
1139,AMBER-ROSE,17
1139,AMIEE,17
1139,ANIA,17
1139,ARIANE,17
1139,ATIYA,17
1139,AYAN,17
1139,BARBARA,17
1139,BEATRIX,17
1139,BLYTHE,17
1139,CARIS,17
1139,CARLEY,17
1139,CELYN,17
1139,CLODAGH,17
1139,CODI,17
1139,DAISIE,17
1139,DEMI-LEE,17
1139,ELLA-LOUISE,17
1139,ELLIE-MAI,17
1139,ESTELLA,17
1139,GURPREET,17
1139,GWEN,17
1139,HUMA,17
1139,HUMERA,17
1139,IKRAH,17
1139,INDIANA,17
1139,JASMYN,17
1139,JAYDEN,17
1139,JENNIE,17
1139,KELSI,17
1139,LAKEISHA,17
1139,LEYA,17
1139,MAARIA,17
1139,MADEEHA,17
1139,MARIANA,17
1139,MATHILDE,17
1139,NAILA,17
1139,NATHALIE,17
1139,NIDA,17
1139,NIEVE,17
1139,NORA,17
1139,PAISLEY,17
1139,PAMELA,17
1139,RENAE,17
1139,RHIANNAN,17
1139,SARINA,17
1139,SASCHA,17
1139,SHANIE,17
1139,SIDNEY,17
1139,SIMRA,17
1139,SORAYA,17
1139,TASLIMA,17
1139,ZULEKHA,17
1195,ABBYGAIL,16
1195,ABIGALE,16
1195,ALLANA,16
1195,AMBA,16
1195,AMEENA,16
1195,ANNALIESE,16
1195,ASMAA,16
1195,BREANNA,16
1195,CASIE,16
1195,CATHRYN,16
1195,CHANICE,16
1195,CHLOE-LOUISE,16
1195,CIERA,16
1195,DILARA,16
1195,DORA,16
1195,EBONIE,16
1195,ELINA,16
1195,EMMANUELLA,16
1195,FAATIMAH,16
1195,GIULIA,16
1195,GRETA,16
1195,HESTER,16
1195,HIBA,16
1195,HONEY,16
1195,IRIS,16
1195,ISMA,16
1195,JANA,16
1195,JAYDA,16
1195,JORDANA,16
1195,JOYCE,16
1195,KATIA,16
1195,KAVITA,16
1195,LORRAINE,16
1195,MALEEHAH,16
1195,MALIHA,16
1195,MHAIRI,16
1195,NADIYAH,16
1195,NAZIFA,16
1195,NYAH,16
1195,REBECA,16
1195,REHANA,16
1195,RENE,16
1195,RHIANA,16
1195,SAFIYAH,16
1195,SAMAH,16
1195,SANJANA,16
1195,SARAH-JANE,16
1195,SHANNA,16
1195,SIDRAH,16
1195,SIENA,16
1195,SUMAIYA,16
1195,TAMIA,16
1195,TESNI,16
1195,TIARNA,16
1195,VIENNA,16
1250,AISLINN,15
1250,ALEKSANDRA,15
1250,AMANDEEP,15
1250,AMMARA,15
1250,ANOUSKA,15
1250,BAYLEIGH,15
1250,BETSY,15
1250,BISMA,15
1250,CHANDNI,15
1250,DEBBIE,15
1250,EILISH,15
1250,ELANA,15
1250,ESRA,15
1250,FINLEY,15
1250,GISELLE,15
1250,GWENLLIAN,15
1250,HAJRAH,15
1250,HARLEIGH,15
1250,HARSIMRAN,15
1250,HASNA,15
1250,HAYLEIGH,15
1250,IESHA,15
1250,ILONA,15
1250,ISIS,15
1250,JAIMEE,15
1250,JANNAH,15
1250,JAYNE,15
1250,KARYS,15
1250,KAYLIE,15
1250,KIRANDEEP,15
1250,KOMAL,15
1250,KYAH,15
1250,LANI,15
1250,LORENA,15
1250,LUBNA,15
1250,MABEL,15
1250,MADELYN,15
1250,MARIAMA,15
1250,MICHA,15
1250,NAKITA,15
1250,NAZMIN,15
1250,NUR,15
1250,PHEOBE,15
1250,ROMA,15
1250,ROSY,15
1250,SAMAN,15
1250,SAMIYAH,15
1250,SHAE,15
1250,SHAUNNA,15
1250,SHEREE,15
1250,SHEREEN,15
1250,SHIRLEY,15
1250,SOBIA,15
1250,SOPHY,15
1250,STEFANIE,15
1250,SYLVIE,15
1250,TAHSIN,15
1250,TATUM,15
1250,TAYYIBAH,15
1250,UMA,15
1250,VENETIA,15
1250,VENUS,15
1250,YARA,15
1313,AIZA,14
1313,ALEASHA,14
1313,ALLY,14
1313,AMAN,14
1313,ANABEL,14
1313,ANAYA,14
1313,ANN-MARIE,14
1313,ARIELLA,14
1313,ASHLEE,14
1313,ASHTON,14
1313,ASTRID,14
1313,AUDREY,14
1313,BROOK,14
1313,CALISTA,14
1313,CARAGH,14
1313,CAROL,14
1313,CHERISE,14
1313,CHERYL,14
1313,DANNIELLA,14
1313,ELANOR,14
1313,ELLEANOR,14
1313,ELOISA,14
1313,EMILY-JANE,14
1313,FAE,14
1313,FELICIA,14
1313,FIONNUALA,14
1313,HARRIETTE,14
1313,HELOISE,14
1313,HIBAH,14
1313,JANNAT,14
1313,JASLEEN,14
1313,JULIANNE,14
1313,KAJOL,14
1313,KASIE,14
1313,KEELEIGH,14
1313,KENZIE,14
1313,KIANNA,14
1313,LACIE,14
1313,LARAIB,14
1313,LILY-MAY,14
1313,LINDSAY,14
1313,LUCI,14
1313,MALIKAH,14
1313,MARIUM,14
1313,MAZIE,14
1313,MERCY,14
1313,MICHAELLA,14
1313,MIKAELA,14
1313,MILA,14
1313,MOLLI,14
1313,MONA,14
1313,NADIYA,14
1313,NAFEESAH,14
1313,NICOL,14
1313,OLIVE,14
1313,PAVAN,14
1313,RACHEAL,14
1313,RAHMA,14
1313,REAGAN,14
1313,REEMA,14
1313,REMY,14
1313,ROSEMARIE,14
1313,RUKHSAR,14
1313,SABIHA,14
1313,SAMIRAH,14
1313,SHANIAH,14
1313,SHANON,14
1313,SHANTEL,14
1313,SHAWNA,14
1313,SUZANNAH,14
1313,TAMIKA,14
1313,TASNIMA,14
1313,URSULA,14
1313,VIVIEN,14
1313,WINIFRED,14
1313,ZAYNA,14
1389,ABIGAEL,13
1389,AIESHA,13
1389,ALARNA,13
1389,ALAW,13
1389,ALESSANDRA,13
1389,ALLANAH,13
1389,AMY-LEIGH,13
1389,ANMOL,13
1389,ANNEKA,13
1389,ANNELIESE,13
1389,ANNIKA,13
1389,ANUM,13
1389,ANUSHKA,13
1389,ASIYA,13
1389,AYAH,13
1389,AYMAN,13
1389,BECA,13
1389,BONITA,13
1389,CADI,13
1389,CAITLEN,13
1389,CEREN,13
1389,CHERRY,13
1389,CLARICE,13
1389,DANICA,13
1389,DARCI,13
1389,DELILAH,13
1389,DEMI-LEA,13
1389,DIVYA,13
1389,EILEEN,13
1389,ELEANA,13
1389,ELISIA,13
1389,EMAN,13
1389,EMINE,13
1389,EMMA-JANE,13
1389,EMMELINE,13
1389,FALLON,13
1389,GEORGA,13
1389,GERALDINE,13
1389,IKRAM,13
1389,INAYAH,13
1389,INDIGO,13
1389,JADEN,13
1389,JAMILLA,13
1389,JAYE,13
1389,JOELLE,13
1389,KACIE,13
1389,KAJAL,13
1389,KHADEEJAH,13
1389,KRISTIN,13
1389,LIANNE,13
1389,LILY-MAE,13
1389,LILY-ROSE,13
1389,MAHEEN,13
1389,MAIYA,13
1389,MARIYAM,13
1389,NABILA,13
1389,NAEEMA,13
1389,NEIVE,13
1389,NICHOLA,13
1389,NIKISHA,13
1389,RABIAH,13
1389,RAEESAH,13
1389,REBEKA,13
1389,RIANA,13
1389,RITA,13
1389,ROSALIE,13
1389,RUBIE,13
1389,SALINA,13
1389,SEHAR,13
1389,SEHRISH,13
1389,SELMA,13
1389,SHAAN,13
1389,SHANAI,13
1389,SHANAZ,13
1389,SHAY,13
1389,SOPHIE-LOUISE,13
1389,SUMAYAH,13
1389,TAHIRA,13
1389,TANIKA,13
1389,TANITH,13
1389,TANZEELA,13
1389,TASHA,13
1389,TIAH,13
1389,TRUDY,13
1389,VICKY,13
1389,YVETTE,13
1475,ALECIA,12
1475,ALENA,12
1475,ALETHEA,12
1475,ALEYSHA,12
1475,ALLIYAH,12
1475,AMAANI,12
1475,AMAYA,12
1475,AMELIE,12
1475,ANDIE,12
1475,ANEEQA,12
1475,ANGIE,12
1475,ANUSHA,12
1475,ARIELLE,12
1475,ARMANI,12
1475,BRIANA,12
1475,BRYDIE,12
1475,CARMEL,12
1475,CAROLINA,12
1475,CATE,12
1475,CERIAN,12
1475,CEYDA,12
1475,CHLOE-ANNE,12
1475,CICELY,12
1475,CLIO,12
1475,COREY,12
1475,CORTNEY,12
1475,D'ARCY,12
1475,DAISY-MAE,12
1475,DAKOTA,12
1475,DANIKA,12
1475,DARA,12
1475,DEENA,12
1475,DIANE,12
1475,DILAN,12
1475,ELAN,12
1475,ELEASHA,12
1475,FATEMA,12
1475,GENNA,12
1475,GEORGETTE,12
1475,GIZEM,12
1475,GWYNETH,12
1475,HADIQA,12
1475,HAFIZA,12
1475,HIFZA,12
1475,INDYA,12
1475,IONE,12
1475,IZABELLA,12
1475,JAE,12
1475,JAMILAH,12
1475,JANELLE,12
1475,JANET,12
1475,JANINE,12
1475,JAVERIA,12
1475,JAYME,12
1475,JAZMYN,12
1475,JOANA,12
1475,JOLENE,12
1475,JULIANA,12
1475,KAIA,12
1475,KALI,12
1475,KALLIE,12
1475,KATELAN,12
1475,KATELYNN,12
1475,KATEY,12
1475,KENDALL,12
1475,KRISTA,12
1475,LILA,12
1475,LOURDES,12
1475,LUNA,12
1475,MADDY,12
1475,MAHA,12
1475,MAHAM,12
1475,MAIRA,12
1475,MAJA,12
1475,MANAR,12
1475,MANSI,12
1475,MAYMUNAH,12
1475,MEHAK,12
1475,MELINA,12
1475,MELLISSA,12
1475,MILAN,12
1475,MILENA,12
1475,MINNA,12
1475,MORWENNA,12
1475,NIKHITA,12
1475,NIOMI,12
1475,NUALA,12
1475,ORLAGH,12
1475,PALOMA,12
1475,PATSY,12
1475,PHEBE,12
1475,RACHELLE,12
1475,RAISA,12
1475,REEGAN,12
1475,REENA,12
1475,RIANNON,12
1475,RIVKA,12
1475,ROSALYN,12
1475,ROSEANNE,12
1475,SABHA,12
1475,SADIYA,12
1475,SAHARA,12
1475,SALWA,12
1475,SAMMI,12
1475,SANCHIA,12
1475,SHAH,12
1475,SHAINA,12
1475,SHAMIMA,12
1475,SHARMIN,12
1475,SHEIKH,12
1475,SIMONA,12
1475,SONYA,12
1475,SORREL,12
1475,STACY,12
1475,STARR,12
1475,SUHA,12
1475,TAMZYN,12
1475,ZAKIYAH,12
1475,ZEHRA,12
1594,AFREEN,11
1594,AIYANA,11
1594,ALIZA,11
1594,AMBERLEY,11
1594,AMEENAH,11
1594,ANALISE,11
1594,ANEESHA,11
1594,AROOSA,11
1594,AVALON,11
1594,AVANI,11
1594,BETHANEY,11
1594,BILLIEJO,11
1594,CARENZA,11
1594,CARI,11
1594,CELINA,11
1594,CHARLIE-ANNE,11
1594,CHRISTA,11
1594,CODEY,11
1594,CORINNA,11
1594,CORRIE,11
1594,CORRINA,11
1594,DARIA,11
1594,EESHA,11
1594,EIMEAR,11
1594,ELLA-MAE,11
1594,ELLIE-JO,11
1594,ELLIE-LOUISE,11
1594,ELLIE-ROSE,11
1594,ELYSHA,11
1594,EMMA-LEIGH,11
1594,EUNICE,11
1594,FAAIZAH,11
1594,FARHEEN,11
1594,HADIYA,11
1594,HANAA,11
1594,HARLIE,11
1594,HENA,11
1594,ISABELL,11
1594,IZABELLE,11
1594,JAIDA,11
1594,JAMIELEIGH,11
1594,JOAN,11
1594,KASIA,11
1594,KATLYN,11
1594,KEELIE,11
1594,KHALISAH,11
1594,KIMRAN,11
1594,KIZZY,11
1594,LAIBA,11
1594,LAURAN,11
1594,LETICIA,11
1594,LIDIA,11
1594,LILITH,11
1594,LOGAN,11
1594,LUKA,11
1594,MARED,11
1594,MARIKA,11
1594,MARNI,11
1594,MCKENZIE,11
1594,MEAGHAN,11
1594,MELIS,11
1594,MERRYN,11
1594,MISSY,11
1594,MONIKA,11
1594,MORGANE,11
1594,MUSKAN,11
1594,NABILAH,11
1594,NADA,11
1594,NAVNEET,11
1594,OONAGH,11
1594,PARYS,11
1594,PAULINE,11
1594,RAYNA,11
1594,RESHMA,11
1594,RHEANNE,11
1594,RILEY,11
1594,ROBIN,11
1594,RUMANA,11
1594,RUQAIYAH,11
1594,SAFAH,11
1594,SAGAL,11
1594,SAJIDA,11
1594,SAMERA,11
1594,SEANA,11
1594,SEEMA,11
1594,SHRIYA,11
1594,SKYLER,11
1594,SOMER,11
1594,SUMAN,11
1594,SURAYA,11
1594,TATE,11
1594,ZAKIYA,11
1594,ZOHA,11
1594,ZULAIKHA,11
1688,ADELA,10
1688,ADIBA,10
1688,AHLAM,10
1688,AILIS,10
1688,ALAINA,10
1688,ALANYA,10
1688,ALEEMA,10
1688,ALISHAH,10
1688,ALLISON,10
1688,AMREEN,10
1688,AMY-JO,10
1688,ANNA-MARIE,10
1688,ANNABELL,10
1688,ANWEN,10
1688,ARAMINTA,10
1688,AREEBA,10
1688,ARTEMIS,10
1688,ASTON,10
1688,ASYA,10
1688,AURELIA,10
1688,BETTY,10
1688,BLESSING,10
1688,BLISS,10
1688,BRIA,10
1688,BRIANNE,10
1688,CHANNELLE,10
1688,CHELSEA-LEIGH,10
1688,CHINA,10
1688,COSIMA,10
1688,COURTENAY,10
1688,CRESSIDA,10
1688,DALIA,10
1688,DEMI-LOUISE,10
1688,DENA,10
1688,DENISA,10
1688,DENIZ,10
1688,DIVINE,10
1688,DORCAS,10
1688,EBONI,10
1688,EISHA,10
1688,ELIANE,10
1688,ELIZ,10
1688,ELLE-MAE,10
1688,ELLESE,10
1688,ELLISIA,10
1688,ELLORA,10
1688,ELLYSE,10
1688,EMER,10
1688,EMILY-ROSE,10
1688,ERRIN,10
1688,EUGENIE,10
1688,FABIHA,10
1688,GEORGIA-MAE,10
1688,GERI,10
1688,HALEY,10
1688,HAMIDA,10
1688,HATICE,10
1688,HAZERA,10
1688,HELIN,10
1688,HILARY,10
1688,IFRA,10
1688,ILANA,10
1688,IMOGENE,10
1688,INGRID,10
1688,JACINTA,10
1688,JADZIA,10
1688,JANKI,10
1688,JAYMIE,10
1688,JAZZMIN,10
1688,JESSAMY,10
1688,JORJA,10
1688,KAI,10
1688,KAIYA,10
1688,KAREENA,10
1688,KAROLINA,10
1688,KATHRINE,10
1688,KEANNA,10
1688,KEELIN,10
1688,KENDAL,10
1688,KEREN,10
1688,KERENZA,10
1688,KIESHA,10
1688,KLARA,10
1688,KODIE,10
1688,LAINEY,10
1688,LATIA,10
1688,LEIGH-ANN,10
1688,LEILAH,10
1688,LISA-MARIE,10
1688,LUCIANA,10
1688,MAAME,10
1688,MAKEDA,10
1688,MALKA,10
1688,MARA,10
1688,MARCELLA,10
1688,MARCIE,10
1688,MEAGAN,10
1688,MEGGAN,10
1688,MELINDA,10
1688,MELODIE,10
1688,MICHAL,10
1688,MICHELA,10
1688,MILLA,10
1688,MISTY,10
1688,MOMINA,10
1688,MORGEN,10
1688,MUNEEBAH,10
1688,NABIHAH,10
1688,NAILAH,10
1688,NERYS,10
1688,NIAH,10
1688,NUSAYBAH,10
1688,PATRICE,10
1688,PEYTON,10
1688,POPPIE,10
1688,RADHIKA,10
1688,RASHIDA,10
1688,RENA,10
1688,RHONA,10
1688,RIKKI,10
1688,ROMANY,10
1688,ROMI,10
1688,ROMILLY,10
1688,SAVANAH,10
1688,SHAMILA,10
1688,SHANNAH,10
1688,SHARN,10
1688,SHEILA,10
1688,SHIANNE,10
1688,SHIFA,10
1688,TABASSUM,10
1688,TAIBA,10
1688,TANESHA,10
1688,TANSY,10
1688,TATYANA,10
1688,TAYBAH,10
1688,TEMITOPE,10
1688,UMME,10
1688,UNA,10
1688,ZAINUB,10
1688,ZEBA,10
1688,ZIA,10
1688,ZOHRA,10
1831,AALIA,9
1831,ADA,9
1831,ADITI,9
1831,ADRIANNA,9
1831,AKASHA,9
1831,ALIESHA,9
1831,ALISIA,9
1831,ALYA,9
1831,AMARAH,9
1831,AMBAR,9
1831,ANILA,9
1831,ANIQAH,9
1831,ANJUMA,9
1831,ANNA-MARIA,9
1831,ANNELISE,9
1831,ANNMARIE,9
1831,ATHINA,9
1831,AVNEET,9
1831,AYOMIDE,9
1831,AZARIA,9
1831,AZRA,9
1831,BAYLEE,9
1831,BECKI,9
1831,BECKIE,9
1831,BONNY,9
1831,BREEZE,9
1831,CAIT,9
1831,CAROLYN,9
1831,CATALINA,9
1831,CATERINA,9
1831,CHANNEL,9
1831,CHELSI,9
1831,CHERELLE,9
1831,CHRISTABEL,9
1831,CLIONA,9
1831,CORI,9
1831,DAISY-MAY,9
1831,DAPHNE,9
1831,DARBY,9
1831,DEJA,9
1831,DEMILEE,9
1831,DEMILEIGH,9
1831,DEVINA,9
1831,EDA,9
1831,EILIS,9
1831,ELECTRA,9
1831,ELEISHA,9
1831,ELIA,9
1831,ELISHIA,9
1831,ELLEE,9
1831,ELLIE-ANNE,9
1831,ELLIEMAY,9
1831,ESMERALDA,9
1831,FABIENNE,9
1831,FALAK,9
1831,FJOLLA,9
1831,GAIA,9
1831,GWENNAN,9
1831,GYPSY,9
1831,HAJAR,9
1831,HAJERA,9
1831,HANNAH-LOUISE,9
1831,HANNAN,9
1831,HARKIRAN,9
1831,HARLEEN,9
1831,HEAVEN,9
1831,HETTY,9
1831,ISHRAT,9
1831,IZABEL,9
1831,IZOBEL,9
1831,JADIE,9
1831,JAMIELEE,9
1831,JASKIRAN,9
1831,KACY,9
1831,KAINAAT,9
1831,KARLI,9
1831,KARLY,9
1831,KATIE-ANN,9
1831,KATJA,9
1831,KEA,9
1831,KEIGHLEY,9
1831,KERIS,9
1831,KHADEEJA,9
1831,KULSUM,9
1831,KULSUMA,9
1831,LAETITIA,9
1831,LEIGH-ANNE,9
1831,LEILANI,9
1831,LENE,9
1831,LEONE,9
1831,LIANNA,9
1831,LIBBI,9
1831,LORREN,9
1831,LUCA,9
1831,MADINA,9
1831,MADIYA,9
1831,MAIR,9
1831,MAKENZIE,9
1831,MARYANN,9
1831,MEI,9
1831,MIRA,9
1831,MISCHA,9
1831,MOLLY-ANN,9
1831,MOLLY-ROSE,9
1831,MUMINA,9
1831,NAHIMA,9
1831,NAZMA,9
1831,NISA,9
1831,NOA,9
1831,NOSHEEN,9
1831,NOSHIN,9
1831,NUHA,9
1831,OLGA,9
1831,PARRIS,9
1831,PAYAL,9
1831,POLLYANNA,9
1831,POPPI,9
1831,PRIMROSE,9
1831,RAEESA,9
1831,RAEGAN,9
1831,RANA,9
1831,RAVNEET,9
1831,RAWAN,9
1831,REESE,9
1831,REGINA,9
1831,RIMA,9
1831,RONA,9
1831,RONNIE,9
1831,SAIMAH,9
1831,SAIRAH,9
1831,SAKINA,9
1831,SALIHA,9
1831,SAMAR,9
1831,SANIYA,9
1831,SHAMSA,9
1831,SHANADE,9
1831,SHANIKA,9
1831,SHANIQUE,9
1831,SHERIDAN,9
1831,SHYANNE,9
1831,SHYLA,9
1831,SIANNA,9
1831,SIMREN,9
1831,STEPHANY,9
1831,SURAIYA,9
1831,SUSANA,9
1831,TAMEKA,9
1831,TAMSYN,9
1831,TANVI,9
1831,TEA,9
1831,TEAH,9
1831,TIONNE,9
1831,TIRION,9
1831,TRACY,9
1831,TULSI,9
1831,UMAYMAH,9
1831,UNAISAH,9
1831,VIVIENNE,9
1831,WINNIE,9
1831,XENIA,9
1831,YAEL,9
1831,ZAIRA,9
1831,ZAKIA,9
1831,ZOBIA,9
1995,AAKIFAH,8
1995,AANISAH,8
1995,AASIYAH,8
1995,ADELINA,8
1995,AIME,8
1995,AISHAT,8
1995,AISHWARYA,8
1995,ALAYNA,8
1995,ALEXANDREA,8
1995,AMANA,8
1995,AMBRIN,8
1995,ANGELIQUE,8
1995,ANJUM,8
1995,ANNALISA,8
1995,ANNAM,8
1995,ANNIE-MAY,8
1995,AREEJ,8
1995,ASHIA,8
1995,BERIVAN,8
1995,BETHANNIE,8
1995,BOBBIE-JO,8
1995,BOBBY,8
1995,CAITLAIN,8
1995,CALLI,8
1995,CARIAD,8
1995,CARLI,8
1995,CARLOTTA,8
1995,CEIRA,8
1995,CHELSEA-LOUISE,8
1995,CHYANNE,8
1995,CYNTHIA,8
1995,CYRA,8
1995,DAVINIA,8
1995,DEANNE,8
1995,DENI,8
1995,DIYA,8
1995,ELLA-MAY,8
1995,ELLOISE,8
1995,ELYSSA,8
1995,EMA,8
1995,EMILY-MAY,8
1995,FAAIZA,8
1995,FADUMA,8
1995,FARHIYA,8
1995,FARIDA,8
1995,FATEHA,8
1995,FOZIA,8
1995,FREDA,8
1995,GALA,8
1995,GITTY,8
1995,GURSIMRAN,8
1995,GWENNO,8
1995,HAJIRA,8
1995,HANAH,8
1995,HANSA,8
1995,HETTIE,8
1995,INAYA,8
1995,INEZ,8
1995,IOLA,8
1995,IRENE,8
1995,ISADORA,8
1995,IVANA,8
1995,JAIME-LEIGH,8
1995,JAMEELA,8
1995,JAYDENE,8
1995,JAYNA,8
1995,JEAN,8
1995,JENNI,8
1995,JESSIKA,8
1995,JONI,8
1995,JUDY,8
1995,JUWARIAH,8
1995,KAIRA,8
1995,KARIMA,8
1995,KATHERYN,8
1995,KATHY,8
1995,KAYSHA,8
1995,KAYTLIN,8
1995,KEAVEY,8
1995,KEEVA,8
1995,KERRY-ANN,8
1995,KHLOE,8
1995,KIERRA,8
1995,KINZA,8
1995,KIZZIE,8
1995,KRISHNA,8
1995,KULSOOM,8
1995,KYIA,8
1995,LAINA,8
1995,LEONORA,8
1995,LEXI,8
1995,LINZI,8
1995,LLINOS,8
1995,LULU,8
1995,LYNSEY,8
1995,MAGDALENA,8
1995,MAHFUZA,8
1995,MALAK,8
1995,MALEEHA,8
1995,MARLA,8
1995,MEGAN-LOUISE,8
1995,MEHEK,8
1995,MELLISA,8
1995,MERYEM,8
1995,MICHEALA,8
1995,MIKALA,8
1995,MOLLIE-MAE,8
1995,MORVEN,8
1995,MUMINAH,8
1995,MUQADAS,8
1995,NADIRA,8
1995,NATASJA,8
1995,NAVDEEP,8
1995,NAZISH,8
1995,NEESHA,8
1995,NEEVE,8
1995,NERISSA,8
1995,NIRVANA,8
1995,NUSRAT,8
1995,OLUWADAMILOLA,8
1995,PATIENCE,8
1995,PAVANDEEP,8
1995,RAQUEL,8
1995,REAH,8
1995,REBECKA,8
1995,REZWANA,8
1995,RIDA,8
1995,RIFKA,8
1995,RUKSAR,8
1995,SABIRAH,8
1995,SADAF,8
1995,SAJIDAH,8
1995,SALEHA,8
1995,SAMIAH,8
1995,SAPHIA,8
1995,SAPHRON,8
1995,SAVERA,8
1995,SERINA,8
1995,SHABNAM,8
1995,SHAHANA,8
1995,SHAKERA,8
1995,SHAKIRAH,8
1995,SHANAYA,8
1995,SHANEA,8
1995,SHANEL,8
1995,SHANIECE,8
1995,SHANIQUA,8
1995,SHANISE,8
1995,SHANIYA,8
1995,SHAYMA,8
1995,SHIREEN,8
1995,SHOSHANA,8
1995,SIDONIE,8
1995,SIMRAH,8
1995,SIMRAT,8
1995,SIWAN,8
1995,SKIE,8
1995,STEFANIA,8
1995,SUMAIRA,8
1995,SUMMA,8
1995,TAHANI,8
1995,TAHIRAH,8
1995,TANZILA,8
1995,TAYLAH,8
1995,TIANNE,8
1995,TONISHA,8
1995,TRACEY,8
1995,VERA,8
1995,WING,8
1995,YASMINA,8
1995,ZAIBA,8
1995,ZHANE,8
2167,ABIDAH,7
2167,ABYGAIL,7
2167,ADELINE,7
2167,ADRIENNE,7
2167,AIMAN,7
2167,AJI,7
2167,AKIRA,7
2167,AKLIMA,7
2167,AKUA,7
2167,ALBA,7
2167,ALEAH,7
2167,ALISHBA,7
2167,ALYSHIA,7
2167,AMAARAH,7
2167,AMBREEN,7
2167,AMEERAH,7
2167,AMNAH,7
2167,ANABELLE,7
2167,ANANYA,7
2167,ANDI,7
2167,ANGELINE,7
2167,ANNYA,7
2167,ARDEN,7
2167,ARISHA,7
2167,ARZOO,7
2167,AYANNA,7
2167,BAHAR,7
2167,BAYLIE,7
2167,BERNICE,7
2167,BILLIE-JEAN,7
2167,BLAISE,7
2167,BLEONA,7
2167,BLERTA,7
2167,BRIDEY,7
2167,CAILIN,7
2167,CANDACE,7
2167,CAYLEIGH,7
2167,CERIS,7
2167,CHARITY,7
2167,CHASE,7
2167,CHELSEE,7
2167,CHERISH,7
2167,CHIAMAKA,7
2167,CHIOMA,7
2167,CHRYSTAL,7
2167,CHYNNA,7
2167,DAMINI,7
2167,DANAH,7
2167,DANIA,7
2167,DANYA,7
2167,DEANA,7
2167,DELLA,7
2167,DEMMI,7
2167,DENVER,7
2167,DESIREE,7
2167,DESTINEE,7
2167,DHARMA,7
2167,EBBA,7
2167,EBRU,7
2167,EFFIE,7
2167,ELAINA,7
2167,ELEANORE,7
2167,ELIESHA,7
2167,ELIS,7
2167,ELISHEVA,7
2167,ELISSIA,7
2167,ELLANOR,7
2167,ELLESHA,7
2167,ELLIEMAE,7
2167,ELUNED,7
2167,EMAAN,7
2167,EMERALD,7
2167,EMILEE,7
2167,EMILLY,7
2167,EMILY-JAYNE,7
2167,EMMANUELA,7
2167,EMMANUELLE,7
2167,EMMI,7
2167,ERINA,7
2167,ESTA,7
2167,FAHEEMAH,7
2167,FINOLA,7
2167,FRANCINE,7
2167,FRANCISCA,7
2167,GAMZE,7
2167,GEENA,7
2167,GEORGIA-MAY,7
2167,GIA,7
2167,GURKIRAN,7
2167,HABEEBAH,7
2167,HADIA,7
2167,HAJARA,7
2167,HALA,7
2167,HAMDA,7
2167,HANIYA,7
2167,HANNAH-MARIE,7
2167,HARDEEP,7
2167,HARINI,7
2167,HASINA,7
2167,HELEDD,7
2167,HOLLY-ANN,7
2167,HONOUR,7
2167,IDA,7
2167,ILHAM,7
2167,ILSA,7
2167,INDIANNA,7
2167,INDIRA,7
2167,JACKIE,7
2167,JANICE,7
2167,JAYMEE,7
2167,JESSI,7
2167,JILL,7
2167,JORDAN-LEIGH,7
2167,JORDANE,7
2167,JORGIA,7
2167,JULIANNA,7
2167,JUNE,7
2167,JUSTICE,7
2167,KAINAT,7
2167,KARI,7
2167,KARIMAH,7
2167,KARRIS,7
2167,KATLIN,7
2167,KAYDEE,7
2167,KAZI,7
2167,KEALEY,7
2167,KEANA,7
2167,KELEIGH,7
2167,KEMI,7
2167,KENZA,7
2167,KEYA,7
2167,KEYLEIGH,7
2167,KHANSA,7
2167,KIRBY,7
2167,KIREN,7
2167,KIRRA,7
2167,KOREN,7
2167,KRISTAL,7
2167,KYMBERLEY,7
2167,KYRAH,7
2167,LANEY,7
2167,LATIFA,7
2167,LAYNA,7
2167,LEANN,7
2167,LEELA,7
2167,LIAN,7
2167,LOLITA,7
2167,LORA,7
2167,LOREDANA,7
2167,LOTTE,7
2167,LYNDA,7
2167,LYRIC,7
2167,MADDI,7
2167,MAHIRA,7
2167,MAHUM,7
2167,MANAL,7
2167,MANDY,7
2167,MANIKA,7
2167,MARIETTE,7
2167,MARINE,7
2167,MARYA,7
2167,MARYUM,7
2167,MEDINA,7
2167,MEGHA,7
2167,MEHVISH,7
2167,MILI,7
2167,MITZI,7
2167,MUQADDAS,7
2167,MYFANWY,7
2167,NABEELAH,7
2167,NASREEN,7
2167,NATASCHA,7
2167,NATAYA,7
2167,NAYANA,7
2167,NON,7
2167,NUZHAT,7
2167,OLUWATOBI,7
2167,PASCALE,7
2167,PAYTON,7
2167,PHILOMENA,7
2167,PRIYAL,7
2167,RABIYA,7
2167,RAINA,7
2167,RAMLA,7
2167,RAMONA,7
2167,RANIA,7
2167,RAVINA,7
2167,RAYANNE,7
2167,RAZIA,7
2167,RHEANNON,7
2167,RICHELLE,7
2167,RIZWANA,7
2167,RONNI,7
2167,ROSEY,7
2167,RUBINA,7
2167,RUHI,7
2167,SABBA,7
2167,SAFFIYAH,7
2167,SALLY-ANN,7
2167,SAM,7
2167,SAMMY,7
2167,SANDY,7
2167,SAPHIRE,7
2167,SAYEDA,7
2167,SEHER,7
2167,SENA,7
2167,SEONA,7
2167,SERENE,7
2167,SHAHEEN,7
2167,SHAI,7
2167,SHALOM,7
2167,SHANAY,7
2167,SHARA,7
2167,SHARIFA,7
2167,SHARIKA,7
2167,SHARNI,7
2167,SHAWNEE,7
2167,SHEKINAH,7
2167,SHELLBY,7
2167,SKYLAR,7
2167,SONALI,7
2167,SUNDUS,7
2167,SUNITA,7
2167,SYDNEE,7
2167,SYDNIE,7
2167,TAHERA,7
2167,TAILA,7
2167,TALISHA,7
2167,TALYA,7
2167,TANIYA,7
2167,TARA-LOUISE,7
2167,TASIA,7
2167,TAYLAR,7
2167,TEGEN,7
2167,TERRI-ANN,7
2167,TIYANA,7
2167,TOYAH,7
2167,TRUDI,7
2167,TUGCE,7
2167,UNIQUE,7
2167,VICKI,7
2167,VIKKI,7
2167,VIVIAN,7
2167,WAFA,7
2167,XARA,7
2167,ZARINA,7
2167,ZILAN,7
2167,ZULAIKHAH,7
2167,ZULEIKA,7
2416,AAISHAH,6
2416,AALIAH,6
2416,AAMENA,6
2416,AAMIRAH,6
2416,AARZOO,6
2416,AASIYA,6
2416,ABBEYGAIL,6
2416,ABENA,6
2416,ADEEBA,6
2416,ADEOLA,6
2416,ADRIANNE,6
2416,AERYN,6
2416,AFIA,6
2416,AFIFAH,6
2416,AILEEN,6
2416,AKSAH,6
2416,ALIHA,6
2416,ALISSIA,6
2416,ALIYYAH,6
2416,ALLIE,6
2416,ALLISHA,6
2416,ALMA,6
2416,ALMAS,6
2416,AMA,6
2416,AMATULLAH,6
2416,AMENA,6
2416,AMISHA,6
2416,ANISSA,6
2416,ANNA-ROSE,6
2416,ANTHONIA,6
2416,ARCHANA,6
2416,ARIA,6
2416,ARIEL,6
2416,ARIFA,6
2416,ARWA,6
2416,ASHLING,6
2416,ASPEN,6
2416,ASSIA,6
2416,ATIFA,6
2416,ATTIYA,6
2416,AUGUSTA,6
2416,AVNI,6
2416,AWEL,6
2416,AYANA,6
2416,AYEISHA,6
2416,AYLIN,6
2416,AYOMIKUN,6
2416,AYUSHI,6
2416,AZURA,6
2416,BAILEIGH,6
2416,BAILIE,6
2416,BAYLEA,6
2416,BAYLEY,6
2416,BETHANY-ANN,6
2416,BETHANY-ROSE,6
2416,BLUEBELL,6
2416,BRYONEY,6
2416,BRYONIE,6
2416,CAIRA,6
2416,CALLISTA,6
2416,CANSU,6
2416,CARISSA,6
2416,CARRIE-ANNE,6
2416,CATARINA,6
2416,CERISE,6
2416,CERYN,6
2416,CHANA,6
2416,CHANELL,6
2416,CHARISMA,6
2416,CHARLIE-ANN,6
2416,CHARLIZE,6
2416,CHELCIE,6
2416,CHOLE,6
2416,CLEA,6
2416,CORIN,6
2416,COURTNAY,6
2416,COURTNIE,6
2416,DANNII,6
2416,DARIAN,6
2416,DELIA,6
2416,DELPHI,6
2416,DERVLA,6
2416,DERYN,6
2416,DEVAN,6
2416,DHARA,6
2416,DILPREET,6
2416,DILYS,6
2416,DOLCIE,6
2416,DOUNIA,6
2416,EBONEY,6
2416,EDONA,6
2416,EIRA,6
2416,ELIVIA,6
2416,ELLA-ROSE,6
2416,ELLE-MAY,6
2416,ELLIE-MARIE,6
2416,ELLIESHA,6
2416,ELLIW,6
2416,ELONA,6
2416,ELYSSIA,6
2416,EMELYE,6
2416,EMI,6
2416,EMILEIGH,6
2416,EMILLIA,6
2416,EMMALEIGH,6
2416,EZRI,6
2416,FABBIHA,6
2416,FAHEEMA,6
2416,FARIHAH,6
2416,FARYAL,6
2416,FATHEMA,6
2416,FINN,6
2416,FIZAH,6
2416,FRANCHESCA,6
2416,FRAYA,6
2416,GABRIEL,6
2416,GEORGI,6
2416,GEORGIA-LEIGH,6
2416,GEORGIA-LOUISE,6
2416,GERMAINE,6
2416,GRAINNE,6
2416,GUL,6
2416,GURSHARAN,6
2416,HADASSAH,6
2416,HADIYAH,6
2416,HALEMA,6
2416,HAMNAH,6
2416,HANEEFA,6
2416,HANIFAH,6
2416,HARJOT,6
2416,HAWA,6
2416,HAZAL,6
2416,HEBA,6
2416,HEMA,6
2416,HINDA,6
2416,HUMAIRAH,6
2416,IEVA,6
2416,IFEOLUWA,6
2416,ILAYDA,6
2416,INSHA,6
2416,IQRAA,6
2416,IRENA,6
2416,IRUM,6
2416,ISHANI,6
2416,ISHBEL,6
2416,IYESHA,6
2416,IZEL,6
2416,JADE-MARIE,6
2416,JAINA,6
2416,JAMI,6
2416,JASMINA,6
2416,JEEVAN,6
2416,JESSICCA,6
2416,JESSY,6
2416,JODIE-LEIGH,6
2416,JOLIE,6
2416,JUWAIRIYYAH,6
2416,JUWAYRIYAH,6
2416,KAILA,6
2416,KAITLEN,6
2416,KALISE,6
2416,KALLY,6
2416,KAMARA,6
2416,KAMILA,6
2416,KANISHA,6
2416,KATIE-MARIE,6
2416,KAYCIE,6
2416,KAYLIEGH,6
2416,KEAH,6
2416,KEARA,6
2416,KEERA,6
2416,KEHINDE,6
2416,KELCI,6
2416,KELLEN,6
2416,KETSIA,6
2416,KHADIZA,6
2416,KHIA,6
2416,KIAYA,6
2416,KIRSTYN,6
2416,KODI,6
2416,KODY,6
2416,KRISHMA,6
2416,KRISTIE,6
2416,LACE,6
2416,LAKISHA,6
2416,LASHAY,6
2416,LEEANN,6
2416,LEONNA,6
2416,LEONNIE,6
2416,LILIA,6
2416,LILY-ANN,6
2416,LIMA,6
2416,LINSEY,6
2416,LISHA,6
2416,LIVVY,6
2416,LIZZIE,6
2416,LORELLE,6
2416,LORETTA,6
2416,LOTTI,6
2416,LOUISHA,6
2416,LOUIZA,6
2416,LOWENNA,6
2416,MAARYA,6
2416,MADALEINE,6
2416,MADIA,6
2416,MAEGAN,6
2416,MAHEK,6
2416,MAIRI,6
2416,MAKAYLA,6
2416,MALA,6
2416,MANAAL,6
2416,MARCIA,6
2416,MARGAUX,6
2416,MARGOT,6
2416,MARTA,6
2416,MEENA,6
2416,MEGAN-ROSE,6
2416,MEHNAZ,6
2416,MELISHA,6
2416,MERIAM,6
2416,MERIEM,6
2416,MICAELA,6
2416,MILISSA,6
2416,MIRREN,6
2416,MIRYAM,6
2416,MOESHA,6
2416,MUSAMMAT,6
2416,MYRA,6
2416,NABEELA,6
2416,NABIHA,6
2416,NADEEN,6
2416,NAIOMI,6
2416,NAMRA,6
2416,NANDINI,6
2416,NASIMA,6
2416,NASRA,6
2416,NASRIN,6
2416,NEAMH,6
2416,NIAOMI,6
2416,NIKI,6
2416,NIMAH,6
2416,NNEKA,6
2416,NYA,6
2416,NYASHA,6
2416,NYOMI,6
2416,OLUWATOSIN,6
2416,OMOLARA,6
2416,OREOLUWA,6
2416,ORIANNA,6
2416,ORNELA,6
2416,OZLEM,6
2416,PAITON,6
2416,PEACE,6
2416,PEGGY,6
2416,PERSEPHONE,6
2416,PETA,6
2416,POONAM,6
2416,PORSHA,6
2416,PRISHA,6
2416,PRUDENCE,6
2416,PUJA,6
2416,RAFAELA,6
2416,RAHEEMA,6
2416,REANN,6
2416,REBEKKAH,6
2416,RHYANNA,6
2416,RIHANA,6
2416,RINA,6
2416,RIONA,6
2416,ROMESSA,6
2416,RONI,6
2416,RUKAIYA,6
2416,SAARA,6
2416,SABINE,6
2416,SALIHAH,6
2416,SAMA,6
2416,SAMEERAH,6
2416,SANAM,6
2416,SANIYAH,6
2416,SANJIDA,6
2416,SANJIDAH,6
2416,SARAH-JAYNE,6
2416,SARIAH,6
2416,SARIKA,6
2416,SARON,6
2416,SAXON,6
2416,SCOUT,6
2416,SERA,6
2416,SHADIA,6
2416,SHAHAD,6
2416,SHAHINA,6
2416,SHALINI,6
2416,SHAMIRA,6
2416,SHANNON-LOUISE,6
2416,SHANTE,6
2416,SHARDAY,6
2416,SHELDON,6
2416,SHERRIE,6
2416,SHERYL,6
2416,SHIRIN,6
2416,SILA,6
2416,SILVIA,6
2416,SIMA,6
2416,SIMRANJIT,6
2416,SIMRIT,6
2416,SOFI,6
2416,SOHA,6
2416,SOPHIE-LEIGH,6
2416,SUMEYA,6
2416,SUNAINA,6
2416,SURINA,6
2416,SUZIE,6
2416,TAHREEM,6
2416,TARAN,6
2416,TAYAH,6
2416,TAYMAR,6
2416,TAYYABAH,6
2416,TEHREEM,6
2416,TELERI,6
2416,TENISHA,6
2416,THERESE,6
2416,TIAN,6
2416,TONI-LOUISE,6
2416,TONIA,6
2416,TRISHA,6
2416,TYANA,6
2416,WARDA,6
2416,YANA,6
2416,ZANA,6
2416,ZARIN,6
2746,AAMENAH,5
2746,AANYA,5
2746,AARTI,5
2746,ABAGAIL,5
2746,ADAEZE,5
2746,ADARA,5
2746,ADI,5
2746,AERIN,5
2746,AFNAN,5
2746,AFRA,5
2746,AICHA,5
2746,AIDA,5
2746,AILISHA,5
2746,AKILA,5
2746,AKOSUA,5
2746,ALARA,5
2746,ALBERTA,5
2746,ALBINA,5
2746,ALEEZA,5
2746,ALESIA,5
2746,ALIAH,5
2746,ALICJA,5
2746,ALIMAH,5
2746,ALLEAH,5
2746,ALMIRA,5
2746,ALYSON,5
2746,ALYXANDRA,5
2746,AMBER-JADE,5
2746,AMBER-LEIGH,5
2746,AMBER-LOUISE,5
2746,AMBRA,5
2746,AMEE,5
2746,AMEL,5
2746,AMENAH,5
2746,AMERA,5
2746,AMMA,5
2746,AMYLEA,5
2746,AMYLEIGH,5
2746,ANCHAL,5
2746,ANDREIA,5
2746,ANJANA,5
2746,ANNA-LOUISE,5
2746,ANNETTE,5
2746,ANNIS,5
2746,ANU,5
2746,ARIZONA,5
2746,ASENA,5
2746,ASHER,5
2746,ASHNA,5
2746,ASHWINI,5
2746,ASIYAH,5
2746,ATALANTA,5
2746,AWEN,5
2746,AZIZA,5
2746,BATOOL,5
2746,BEATRIZ,5
2746,BENITA,5
2746,BESARTA,5
2746,BETHANI,5
2746,BETHENY,5
2746,BETHIA,5
2746,BETSAN,5
2746,BETUL,5
2746,BHAVINI,5
2746,BHAVISHA,5
2746,BHUMI,5
2746,BIBA,5
2746,BILLI,5
2746,BILLIE-JOE,5
2746,BOBBIE-LEIGH,5
2746,BRADIE,5
2746,BRENDA,5
2746,BRENNA,5
2746,BRIAR,5
2746,BRITANNIA,5
2746,BRITTENY,5
2746,BROGEN,5
2746,BRONAGH,5
2746,BRONYA,5
2746,BRYANIE,5
2746,BRYONI,5
2746,BUSE,5
2746,CAGLA,5
2746,CAILEIGH,5
2746,CAIRO,5
2746,CAITLAND,5
2746,CAITRIONA,5
2746,CALI,5
2746,CARRIEANNE,5
2746,CAYLEY,5
2746,CEINWEN,5
2746,CERIDWEN,5
2746,CHAI,5
2746,CHAISE,5
2746,CHANTAE,5
2746,CHANTAY,5
2746,CHARLEY-ANN,5
2746,CHAVA,5
2746,CHENELLE,5
2746,CHEVONNE,5
2746,CHLOE-ANN,5
2746,CHLOE-LEIGH,5
2746,CLAUDINE,5
2746,CLEMENCY,5
2746,CLEOPATRA,5
2746,CLIODHNA,5
2746,CORINA,5
2746,CORRIN,5
2746,COURTNEY-LEE,5
2746,COURTNEY-LEIGH,5
2746,DAINA,5
2746,DAISEY,5
2746,DANAE,5
2746,DARLENE,5
2746,DARYA,5
2746,DEA,5
2746,DELYTH,5
2746,DEMELZA,5
2746,DEMILEA,5
2746,DEMPSEY,5
2746,DERYA,5
2746,DIVA,5
2746,DOLLY,5
2746,DONIKA,5
2746,DUAA,5
2746,EADIE,5
2746,EIREANN,5
2746,ELESE,5
2746,ELESHA,5
2746,ELI,5
2746,ELIKA,5
2746,ELISKA,5
2746,ELISSE,5
2746,ELLANA,5
2746,ELLEY,5
2746,ELLIE-,5
2746,ELLIE-JADE,5
2746,ELLIE-JANE,5
2746,ELLIE-JAYNE,5
2746,ELSBETH,5
2746,EMANUELA,5
2746,EMIE,5
2746,EMMA-JAYNE,5
2746,ERINN,5
2746,ESHE,5
2746,EUGENIA,5
2746,FAARIA,5
2746,FABIA,5
2746,FAISA,5
2746,FARDOWSA,5
2746,FARHAT,5
2746,FARJANA,5
2746,FAWZIA,5
2746,FAZEELA,5
2746,FAZILA,5
2746,FEIGY,5
2746,FERNE,5
2746,FINTY,5
2746,FIRDAUS,5
2746,FIRDAWS,5
2746,FIZZA,5
2746,FIZZAH,5
2746,FLAVIA,5
2746,FOLASADE,5
2746,FOWZIA,5
2746,FRANCESSCA,5
2746,GENEVA,5
2746,GIANNA,5
2746,GITTEL,5
2746,GLADYS,5
2746,GOLDA,5
2746,GRACIA,5
2746,GURLEEN,5
2746,GWENDOLEN,5
2746,HAAFIZAH,5
2746,HADASSA,5
2746,HAF,5
2746,HAFZA,5
2746,HAILEY,5
2746,HALINA,5
2746,HARVEEN,5
2746,HASINAH,5
2746,HAVANA,5
2746,HAWWA,5
2746,HELENE,5
2746,HENNAH,5
2746,HIND,5
2746,IBTIHAL,5
2746,IBTISAM,5
2746,IDIL,5
2746,IFFAT,5
2746,IMANE,5
2746,INDIE,5
2746,INDIYA,5
2746,ISMAHAN,5
2746,ISRAEL,5
2746,JADE-LOUISE,5
2746,JADESOLA,5
2746,JAIPREET,5
2746,JANAE,5
2746,JANIE,5
2746,JANNATH,5
2746,JANVI,5
2746,JAVARIA,5
2746,JAYCEE,5
2746,JAZZMINE,5
2746,JEANETTE,5
2746,JELENA,5
2746,JENNAH,5
2746,JESAMINE,5
2746,JULIE-ANN,5
2746,JULIE-ANNE,5
2746,JUMANA,5
2746,JUSTINA,5
2746,KA,5
2746,KADIJAH,5
2746,KADY,5
2746,KAELA,5
2746,KALEY,5
2746,KALLI,5
2746,KAMILAH,5
2746,KARMEN,5
2746,KARRIE,5
2746,KATARZYNA,5
2746,KATHARINA,5
2746,KATIE-ANNE,5
2746,KATIE-JAYNE,5
2746,KATIE-LEIGH,5
2746,KAUTHAR,5
2746,KAWTHAR,5
2746,KAWTHER,5
2746,KEILY,5
2746,KELLIS,5
2746,KENYAH,5
2746,KERRIANNE,5
2746,KHADEJA,5
2746,KHARIS,5
2746,KIRANJIT,5
2746,KIZZI,5
2746,KLAUDIA,5
2746,KLEA,5
2746,KRYSTYNA,5
2746,LACY,5
2746,LALITA,5
2746,LAMEES,5
2746,LAOISE,5
2746,LARISA,5
2746,LARNA,5
2746,LATASHA,5
2746,LATIFAH,5
2746,LAUNA,5
2746,LAURA-JANE,5
2746,LEANE,5
2746,LEIAH,5
2746,LEKEISHA,5
2746,LETISHA,5
2746,LIAH,5
2746,LILAH,5
2746,LILLIE-MAE,5
2746,LILYMAY,5
2746,LLIO,5
2746,LUANA,5
2746,LUCIANNE,5
2746,LUCILLE,5
2746,LUCKY,5
2746,LUCY-JANE,5
2746,LUELLA,5
2746,LYBA,5
2746,LYNN,5
2746,MACI,5
2746,MACY-JANE,5
2746,MADALAINE,5
2746,MADALINE,5
2746,MADDALENA,5
2746,MADELIN,5
2746,MAGDA,5
2746,MAIZY,5
2746,MARCY,5
2746,MARIELLE,5
2746,MARRIYAH,5
2746,MARY-KATE,5
2746,MATILDE,5
2746,MAUD,5
2746,MAUREEN,5
2746,MAVISH,5
2746,MAYAH,5
2746,MAYISHA,5
2746,MAYMUNA,5
2746,MEDEEHA,5
2746,MEGI,5
2746,MEHNOOR,5
2746,MEHWISH,5
2746,MELEK,5
2746,MELIKA,5
2746,MELITA,5
2746,MELIZ,5
2746,MERVE,5
2746,MERYN,5
2746,MIGENA,5
2746,MIKA,5
2746,MILLE,5
2746,MILLISSA,5
2746,MINAHIL,5
2746,MIYAH,5
2746,MOIRA,5
2746,MOLLY-MAE,5
2746,MORAG,5
2746,MOYA,5
2746,MUNEEBA,5
2746,MURRON,5
2746,MUSSAMAT,5
2746,MYRIAM,5
2746,NABEEHA,5
2746,NADIRAH,5
2746,NADYA,5
2746,NAHIDA,5
2746,NAINA,5
2746,NAJMAH,5
2746,NATACHA,5
2746,NATEA,5
2746,NAVJOT,5
2746,NAYAB,5
2746,NAZMEEN,5
2746,NEA,5
2746,NECHAMA,5
2746,NERISSE,5
2746,NIDAH,5
2746,NIRALI,5
2746,NURIA,5
2746,NURUL,5
2746,OKSANA,5
2746,OLAMIDE,5
2746,OLUWASEUN,5
2746,OLUWATOMISIN,5
2746,OLYMPIA,5
2746,OLYVIA,5
2746,OMOLOLA,5
2746,OONA,5
2746,ORLAITH,5
2746,OYINDAMOLA,5
2746,OYINKANSOLA,5
2746,OZGE,5
2746,PANAYIOTA,5
2746,PANDORA,5
2746,PAOLA,5
2746,PERI,5
2746,PETRA,5
2746,PHEONIX,5
2746,PHOEBIE,5
2746,PORSCHE,5
2746,PUI,5
2746,QUEENIE,5
2746,RABIYAH,5
2746,RAHMAH,5
2746,RAINE,5
2746,RAJVEER,5
2746,RAMANDEEP,5
2746,RAMISA,5
2746,RAMISHA,5
2746,RAMSHA,5
2746,RANI,5
2746,RANYA,5
2746,RAPHAELLA,5
2746,RAVEEN,5
2746,REANNAN,5
2746,REBBECCA,5
2746,REEYA,5
2746,REHA,5
2746,RENATA,5
2746,RHIANE,5
2746,RHIANON,5
2746,RHIANWEN,5
2746,RHODA,5
2746,RHYA,5
2746,RHYANN,5
2746,RIDHI,5
2746,ROCHEL,5
2746,ROMEY,5
2746,ROSALIA,5
2746,ROSE-MARIE,5
2746,ROSELLA,5
2746,ROZINA,5
2746,RUKSANA,5
2746,RUMAYSA,5
2746,RUQAYAH,5
2746,RUQAYYA,5
2746,SABAHAT,5
2746,SABEEHAH,5
2746,SABIHAH,5
2746,SAFINA,5
2746,SAFIYE,5
2746,SAFIYYA,5
2746,SAHER,5
2746,SAHERA,5
2746,SAHIBA,5
2746,SAHIRA,5
2746,SAIBAH,5
2746,SALLY-ANNE,5
2746,SAMAIRA,5
2746,SAMRAH,5
2746,SAMYA,5
2746,SANDEEP,5
2746,SAPNA,5
2746,SARANYA,5
2746,SARAYA,5
2746,SAYEEDA,5
2746,SAYEMA,5
2746,SEDA,5
2746,SELEN,5
2746,SEMA,5
2746,SENAY,5
2746,SEPHORA,5
2746,SERAFINA,5
2746,SERAPHINA,5
2746,SHABNUM,5
2746,SHAMEELA,5
2746,SHAMIA,5
2746,SHAN,5
2746,SHANAYE,5
2746,SHANELL,5
2746,SHANEY,5
2746,SHANNEL,5
2746,SHANTAY,5
2746,SHANTELL,5
2746,SHANYA,5
2746,SHARAN,5
2746,SHARDAI,5
2746,SHAREEN,5
2746,SHARI,5
2746,SHARLA,5
2746,SHARLENE,5
2746,SHARMINA,5
2746,SHARNIE,5
2746,SHAUNIE,5
2746,SHAYE,5
2746,SHEA,5
2746,SHELBI,5
2746,SHIRA,5
2746,SHORNA,5
2746,SHYANN,5
2746,SIBEL,5
2746,SIMGE,5
2746,SIMILOLUWA,5
2746,SIMISOLA,5
2746,SIMRUN,5
2746,SMRITI,5
2746,SNEHA,5
2746,SOPHIE-MARIE,5
2746,SOPHINA,5
2746,STEFFI,5
2746,STEVIE-LEIGH,5
2746,STORME,5
2746,SUHANA,5
2746,SUKI,5
2746,SULTAN,5
2746,SULTANA,5
2746,SUMER,5
2746,SUZY,5
2746,TAAIBAH,5
2746,TAHMIDA,5
2746,TAIA,5
2746,TAIYA,5
2746,TALI,5
2746,TAMMI,5
2746,TANAYA,5
2746,TANWEN,5
2746,TANZIM,5
2746,TASFIA,5
2746,TASHANA,5
2746,TASMIAH,5
2746,TAY,5
2746,TAYIBAH,5
2746,TEHYA,5
2746,TEONA,5
2746,TERRI-LEIGH,5
2746,THEADORA,5
2746,TIA-LOUISE,5
2746,TIANNAH,5
2746,TIARA,5
2746,TIYA,5
2746,TOLULOPE,5
2746,TONICHA,5
2746,TRISHNA,5
2746,TYANNA,5
2746,TZIVIA,5
2746,UMAY,5
2746,VALERIA,5
2746,VESA,5
2746,VITA,5
2746,WAHIDA,5
2746,WAJEEHA,5
2746,YAZMINE,5
2746,YEE,5
2746,YUMNA,5
2746,ZAHIDA,5
2746,ZAKIYYAH,5
2746,ZEENA,5
2746,ZEINAB,5
2746,ZETA,5
2746,ZOFIA,5
2746,ZOWIE,5
3247,AAMNAH,4
3247,ABBIE-GAIL,4
3247,ABBIE-LEE,4
3247,ABBIE-MAY,4
3247,ABBIEGAIL,4
3247,ABBIGALE,4
3247,ACELYA,4
3247,ADAMA,4
3247,ADELLA,4
3247,ADENIKE,4
3247,ADILA,4
3247,ADNA,4
3247,ADONIA,4
3247,AFEEFAH,4
3247,AFRAH,4
3247,AFRICA,4
3247,AFRIDA,4
3247,AFSA,4
3247,AFSHA,4
3247,AIMEE-LOUISE,4
3247,AISHIA,4
3247,AKILAH,4
3247,ALAA,4
3247,ALANTA,4
3247,ALEYNA,4
3247,ALIKA,4
3247,ALIS,4
3247,ALISE,4
3247,ALITA,4
3247,ALVINA,4
3247,ALYCE,4
3247,AMAAL,4
3247,AMAARA,4
3247,AMAIA,4
3247,AMANJOT,4
3247,AMBAH,4
3247,AMBIA,4
3247,AMEY,4
3247,AMILIA,4
3247,AMINATA,4
3247,AMMIE,4
3247,AMREET,4
3247,AMY-LEE,4
3247,ANAH,4
3247,ANDRIANA,4
3247,ANEST,4
3247,ANFAL,4
3247,ANICA,4
3247,ANJOLAOLUWA,4
3247,ANNAIS,4
3247,ANNALEISE,4
3247,ANNEMARIE,4
3247,ANNICE,4
3247,ANNISA,4
3247,ANNISHA,4
3247,ANOOSHA,4
3247,ANSA,4
3247,ARBESA,4
3247,ARIADNE,4
3247,ARIAN,4
3247,ARIJ,4
3247,ARLINDA,4
3247,ARUB,4
3247,ARZU,4
3247,ASHANTI,4
3247,ATHENE,4
3247,ATIKA,4
3247,ATIYAH,4
3247,ATLANTIS,4
3247,AVRIL,4
3247,AYSHIA,4
3247,BABITA,4
3247,BASYA,4
3247,BEAU,4
3247,BENEDICTA,4
3247,BESS,4
3247,BESSIE,4
3247,BETHANY-ANNE,4
3247,BETHANY-JANE,4
3247,BEULAH,4
3247,BINTA,4
3247,BLUE,4
3247,BO,4
3247,BOZENA,4
3247,BRANDY,4
3247,BREANNE,4
3247,BRIEANNA,4
3247,CAITLYNN,4
3247,CAMARA,4
3247,CAMRYN,4
3247,CARMAN,4
3247,CAROLANNE,4
3247,CARRIE-ANN,4
3247,CARRIGAN,4
3247,CARRIS,4
3247,CASSEY,4
3247,CATHLEEN,4
3247,CATHY,4
3247,CEARA,4
3247,CECILE,4
3247,CELESTINE,4
3247,CHAE,4
3247,CHANCE,4
3247,CHANDRA,4
3247,CHANTELL,4
3247,CHARDAY,4
3247,CHARLA,4
3247,CHARLIE-JANE,4
3247,CHARNA,4
3247,CHAYSE,4
3247,CHELSEA-ANN,4
3247,CHELSEA-LEE,4
3247,CHELSY,4
3247,CHEZNEY,4
3247,CHIANA,4
3247,CHINYERE,4
3247,CHLOE-,4
3247,CHLOE-MAY,4
3247,CLARISSE,4
3247,CLAUDETTE,4
3247,COMFORT,4
3247,CORNELIA,4
3247,COURTNEY-LOUISE,4
3247,CYDNEE,4
3247,DALYA,4
3247,DANIYAH,4
3247,DANNIKA,4
3247,DEBBY,4
3247,DEBORA,4
3247,DEBRA,4
3247,DELANEY,4
3247,DELPHINE,4
3247,DENIKA,4
3247,DENISHA,4
3247,DENNI,4
3247,DENNIE,4
3247,DERRY,4
3247,DESTINI,4
3247,DEVIKA,4
3247,DEVORAH,4
3247,DINAH,4
3247,DIOR,4
3247,DIVINA,4
3247,DOLORES,4
3247,DOMINIKA,4
3247,DONIA,4
3247,DONYA,4
3247,DOROTHEA,4
3247,DUNYA,4
3247,EANNA,4
3247,EBONEE,4
3247,ECE,4
3247,EDWINA,4
3247,EGZONA,4
3247,EIMAN,4
3247,EKIN,4
3247,ELAIN,4
3247,ELANYA,4
3247,ELENOR,4
3247,ELKA,4
3247,ELLAN,4
3247,ELLENI,4
3247,ELLIANNE,4
3247,ELLICIA,4
3247,ELLIE-ANN,4
3247,ELLISA,4
3247,ELLISS,4
3247,ELLISSIA,4
3247,ELLYSIA,4
3247,ELMA,4
3247,ELOUISA,4
3247,ELYSSE,4
3247,EMELIE,4
3247,EMELY,4
3247,EMILYROSE,4
3247,EMME,4
3247,EMY,4
3247,ERISA,4
3247,ERRON,4
3247,ESE,4
3247,ESMA,4
3247,ESMAE,4
3247,ETHEL,4
3247,EVEY,4
3247,EVITA,4
3247,EZME,4
3247,FADUMO,4
3247,FARHA,4
3247,FARHIA,4
3247,FARHIN,4
3247,FAUZIA,4
3247,FAWZIYAH,4
3247,FELISHA,4
3247,FERNANDA,4
3247,FFLUR,4
3247,FINLEIGH,4
3247,FIRDOWS,4
3247,FLORRIE,4
3247,FREDDIE,4
3247,FREIA,4
3247,GABRIELE,4
3247,GEMIMA,4
3247,GEMINI,4
3247,GEORGIA-ROSE,4
3247,GEORGIANNA,4
3247,GIADA,4
3247,GIOVANNA,4
3247,GLESNI,4
3247,GLORY,4
3247,GRACEY,4
3247,GRESA,4
3247,GULCAN,4
3247,GULCIN,4
3247,HAADIYA,4
3247,HADIQAH,4
3247,HAIDEE,4
3247,HAJIRAH,4
3247,HAMDI,4
3247,HAMERA,4
3247,HANEEN,4
3247,HANIAH,4
3247,HANNAH-MAE,4
3247,HANNAH-ROSE,4
3247,HARMONIE,4
3247,HARRIOTT,4
3247,HASEENA,4
3247,HAYA,4
3247,HELAINA,4
3247,HELAYNA,4
3247,HETAL,4
3247,HIBAQ,4
3247,HIFSA,4
3247,HINDY,4
3247,HINNA,4
3247,HODA,4
3247,HOLLIE-MAE,4
3247,HOLLIE-ROSE,4
3247,HOLLY-MAE,4
3247,HOLLYANN,4
3247,HUMMA,4
3247,IKHRA,4
3247,IKRAA,4
3247,IKRAN,4
3247,ILHAAM,4
3247,IMMOGEN,4
3247,INDERPREET,4
3247,INDI,4
3247,INDIA-ROSE,4
3247,INGA,4
3247,INNES,4
3247,IRELAND,4
3247,IREM,4
3247,ISBAH,4
3247,ISHIKA,4
3247,ISHRATH,4
3247,ISMAY,4
3247,ISSABELLA,4
3247,IZZAH,4
3247,JACEY,4
3247,JADENE,4
3247,JADINE,4
3247,JAIDEN,4
3247,JAIMINI,4
3247,JAIYA,4
3247,JAMIE-LEA,4
3247,JANAY,4
3247,JANNA,4
3247,JASDEEP,4
3247,JASMEEN,4
3247,JAVAIRIA,4
3247,JAYDEEN,4
3247,JEANIE,4
3247,JEMINA,4
3247,JENIFER,4
3247,JENISHA,4
3247,JESSYE,4
3247,JETA,4
3247,JILLIAN,4
3247,JOCASTA,4
3247,JODHI,4
3247,JODIE-ANN,4
3247,JODIE-MAY,4
3247,JORDANN,4
3247,JOSEPHINA,4
3247,JOVI,4
3247,JUHI,4
3247,JUMAINA,4
3247,JUWAIRIAH,4
3247,KACI,4
3247,KADIJA,4
3247,KAILEIGH,4
3247,KAILEY,4
3247,KAITLYNN,4
3247,KALIYAH,4
3247,KALLISTA,4
3247,KAREEMA,4
3247,KAREEMAH,4
3247,KARISS,4
3247,KARMA,4
3247,KASSANDRA,4
3247,KASSIE,4
3247,KATELYNNE,4
3247,KATIE-JANE,4
3247,KATIE-LOUISE,4
3247,KAVISHA,4
3247,KAYCE,4
3247,KAYCEE,4
3247,KAYE,4
3247,KAYLEIGH-ANN,4
3247,KAYLIN,4
3247,KAYNAT,4
3247,KAYSIE,4
3247,KAYTLYN,4
3247,KEERTHANA,4
3247,KELLISE,4
3247,KELLY-MARIE,4
3247,KELSY,4
3247,KENISHA,4
3247,KENNA,4
3247,KENZI,4
3247,KERA,4
3247,KERENSA,4
3247,KERYN,4
3247,KIARNA,4
3247,KIERAN,4
3247,KIKI,4
3247,KIRANJEET,4
3247,KITTIE,4
3247,KOURTNEY,4
3247,KRISTI,4
3247,KRISTINE,4
3247,KSENIA,4
3247,KYANNE,4
3247,KYM,4
3247,KYMBERLY,4
3247,KYRIA,4
3247,LADY,4
3247,LAETICIA,4
3247,LAKEN,4
3247,LAKSHMI,4
3247,LAMIA,4
3247,LAMISHA,4
3247,LAURA-JAYNE,4
3247,LAVENDER,4
3247,LEAH-MARIE,4
3247,LEAHA,4
3247,LEALA,4
3247,LEONNI,4
3247,LEORA,4
3247,LICIA,4
3247,LILI-MAE,4
3247,LILLY-MAE,4
3247,LILY-,4
3247,LILY-ANNE,4
3247,LILYELLA,4
3247,LIONA,4
3247,LIZA,4
3247,LLEUCU,4
3247,LUCILE,4
3247,LUCY-ANN,4
3247,LUCY-MAE,4
3247,LYDIA-ROSE,4
3247,MAARIAH,4
3247,MABLI,4
3247,MADALYN,4
3247,MADEHA,4
3247,MADHIYA,4
3247,MADLEN,4
3247,MAHALIA,4
3247,MAHISHA,4
3247,MAHMUDA,4
3247,MAIDA,4
3247,MAIMOONA,4
3247,MAIMUNA,4
3247,MAIRE,4
3247,MAISIE-JANE,4
3247,MALISSA,4
3247,MANDEEP,4
3247,MANOOR,4
3247,MANREET,4
3247,MARGHERITA,4
3247,MARGO,4
3247,MARIAN,4
3247,MARILYN,4
3247,MARION,4
3247,MARJANA,4
3247,MARLIE,4
3247,MARY-ANNE,4
3247,MARY-JANE,4
3247,MARYAMA,4
3247,MARYAN,4
3247,MARYJANE,4
3247,MASIE,4
3247,MAYESHA,4
3247,MEA,4
3247,MEADOW,4
3247,MEEGAN,4
3247,MEGHANN,4
3247,MEGHNA,4
3247,MEHA,4
3247,MEISHA,4
3247,MELTEM,4
3247,MERLE,4
3247,MESHA,4
3247,MIA-RAE,4
3247,MIAYA,4
3247,MICAH,4
3247,MILANA,4
3247,MILLIE-MAE,4
3247,MINDY,4
3247,MING,4
3247,MOLI,4
3247,MOLLEY,4
3247,MOLLY-ANNE,4
3247,MOLLY-MAY,4
3247,MONAE,4
3247,MORAYO,4
3247,MOTUNRAYO,4
3247,NADISHA,4
3247,NAHEMA,4
3247,NAIA,4
3247,NAMRATA,4
3247,NANCIE,4
3247,NANSI,4
3247,NAOISE,4
3247,NATASSIA,4
3247,NATHALIA,4
3247,NATISHA,4
3247,NAYLA,4
3247,NAZREEN,4
3247,NERICE,4
3247,NICOLETTA,4
3247,NIKOLE,4
3247,NIKOLINA,4
3247,NISHI,4
3247,NOEMI,4
3247,NOORA,4
3247,NOREEN,4
3247,OLUWAFERANMI,4
3247,OLUWAKEMI,4
3247,OLUWATAMILORE,4
3247,OLUWATONI,4
3247,OMAIMA,4
3247,OMOTARA,4
3247,ONYINYECHI,4
3247,PAGAN,4
3247,PAGE,4
3247,PAIGE-MARIE,4
3247,PAIGHTON,4
3247,PALLAVI,4
3247,PARVEEN,4
3247,PAULINA,4
3247,PERSIA,4
3247,PETEK,4
3247,PRABHJOT,4
3247,PREETI,4
3247,QENDRESA,4
3247,RACHELE,4
3247,RADEYAH,4
3247,RAEANNE,4
3247,RAFAELLA,4
3247,RAFIA,4
3247,RAGAN,4
3247,RAHEELA,4
3247,RAIGAN,4
3247,RAJDEEP,4
3247,RAJINDER,4
3247,RAMANPREET,4
3247,RASHEEDAT,4
3247,RAYA,4
3247,REISHA,4
3247,REMA,4
3247,RENAI,4
3247,REYA,4
3247,RIDDHI,4
3247,RIMINI,4
3247,RIMSHAH,4
3247,ROHAN,4
3247,ROHANNA,4
3247,ROJDA,4
3247,ROMANIE,4
3247,ROSIE-MAY,4
3247,ROXANA,4
3247,ROXANNA,4
3247,ROXY,4
3247,ROYA,4
3247,ROZERIN,4
3247,RUKAIYAH,4
3247,RUMAANAH,4
3247,RUMAISA,4
3247,RUMINA,4
3247,RUPINDER,4
3247,RUQAIYA,4
3247,RUQAYA,4
3247,RUWAYDA,4
3247,SAADIA,4
3247,SAAHIBAH,4
3247,SABAA,4
3247,SABIA,4
3247,SADIQAH,4
3247,SAFFA,4
3247,SAFFIYA,4
3247,SAIBA,4
3247,SAIDA,4
3247,SAJA,4
3247,SAJEDA,4
3247,SALEENA,4
3247,SALIMA,4
3247,SALLIE,4
3247,SALONI,4
3247,SAMEENA,4
3247,SAMMY-JO,4
3247,SAMRA,4
3247,SAMREEN,4
3247,SANDHYA,4
3247,SANTANA,4
3247,SARAHJANE,4
3247,SARAN,4
3247,SAREENA,4
3247,SAUDAH,4
3247,SAVANA,4
3247,SAYA,4
3247,SAYMA,4
3247,SEFORA,4
3247,SEHR,4
3247,SENNA,4
3247,SERISH,4
3247,SEVGI,4
3247,SEZEN,4
3247,SHABANA,4
3247,SHAFIA,4
3247,SHAHIDA,4
3247,SHAILA,4
3247,SHAIMA,4
3247,SHAISTA,4
3247,SHAKEELA,4
3247,SHAMA,4
3247,SHAMARA,4
3247,SHANNIA,4
3247,SHANTAE,4
3247,SHANTI,4
3247,SHARDAE,4
3247,SHARNE,4
3247,SHARNEE,4
3247,SHARNIA,4
3247,SHAUNI,4
3247,SHAYAN,4
3247,SHAYLEE,4
3247,SHAZNAY,4
3247,SHEEREEN,4
3247,SHEFALI,4
3247,SHEIKHA,4
3247,SHELLY,4
3247,SHENICE,4
3247,SHENIZ,4
3247,SHERELLE,4
3247,SHERENA,4
3247,SHERICE,4
3247,SHERILYN,4
3247,SHERRI,4
3247,SHIANN,4
3247,SHIFRA,4
3247,SHIKIRA,4
3247,SHONTAE,4
3247,SHRUTI,4
3247,SHUHENA,4
3247,SHULA,4
3247,SHUMA,4
3247,SIA,4
3247,SIERRA,4
3247,SIHAM,4
3247,SIMRANDEEP,4
3247,SINEM,4
3247,SITA,4
3247,SITI,4
3247,SOFIAH,4
3247,SOLANGE,4
3247,SONA,4
3247,SONAL,4
3247,STEFFANIE,4
3247,STEPHANNIE,4
3247,STEVI,4
3247,SUAD,4
3247,SUMIYA,4
3247,SUMMAYAH,4
3247,SUMMER-LEA,4
3247,SUNNA,4
3247,SUNNAH,4
3247,SUNNY,4
3247,SYDNI,4
3247,SYMA,4
3247,SYRA,4
3247,TABETHA,4
3247,TAELA,4
3247,TAHIYA,4
3247,TAHNEE,4
3247,TAIBAH,4
3247,TAIWO,4
3247,TAIYBA,4
3247,TAJAH,4
3247,TALLULA,4
3247,TALULLA,4
3247,TAMANA,4
3247,TAMANNAH,4
3247,TAMI,4
3247,TAMIRA,4
3247,TANEISHA,4
3247,TANJA,4
3247,TANJINA,4
3247,TARANDEEP,4
3247,TARIN,4
3247,TARRYN,4
3247,TAYE,4
3247,TAYIBA,4
3247,TAYLOR-MARIE,4
3247,TAYYABA,4
3247,TAYYBA,4
3247,TEGWEN,4
3247,TEMIDAYO,4
3247,TEONI,4
3247,TERRI-LEE,4
3247,TEYA,4
3247,THAHMINA,4
3247,THELMA,4
3247,THI,4
3247,TIA-JADE,4
3247,TIFFANIE,4
3247,TIGER,4
3247,TIJANA,4
3247,TILLI,4
3247,TOBY,4
3247,TONIE,4
3247,TONYA,4
3247,TOPAZ,4
3247,TYNE,4
3247,UMAIMAH,4
3247,UMAMAH,4
3247,UMARAH,4
3247,UME,4
3247,UMI,4
3247,VANISHA,4
3247,VERONA,4
3247,VICKIE,4
3247,VICTORY,4
3247,VIKTORIA,4
3247,VIOLA,4
3247,VITTORIA,4
3247,WALLIS,4
3247,WARDAH,4
3247,WILLA,4
3247,WINONA,4
3247,YAGMUR,4
3247,YITTY,4
3247,YOUSRA,4
3247,YUK,4
3247,ZAAKIRAH,4
3247,ZAHIRAH,4
3247,ZAIRAH,4
3247,ZAREENA,4
3247,ZELAL,4
3247,ZEYNAH,4
3247,ZHARA,4
3247,ZINEB,4
3247,ZOHAL,4
3247,ZUHA,4
3912,A'ISHAH,3
3912,AALISHA,3
3912,AAMIRA,3
3912,AARIFAH,3
3912,AASHA,3
3912,AATIKAH,3
3912,ABA,3
3912,ABBIE-LEIGH,3
3912,ABBIE-LOUISE,3
3912,ABBYGALE,3
3912,ABEDA,3
3912,ABYGAYLE,3
3912,ACACIA,3
3912,ADDISON,3
3912,ADEKEMI,3
3912,ADEL,3
3912,ADISA,3
3912,AEMELIA,3
3912,AERON,3
3912,AEYSHA,3
3912,AFIFA,3
3912,AFRIKA,3
3912,AFRIN,3
3912,AFSARA,3
3912,AFTON,3
3912,AGATA,3
3912,AIDAN,3
3912,AIMEN,3
3912,AIMUN,3
3912,AINA,3
3912,AIRLIE,3
3912,AISHANI,3
3912,AISHLING,3
3912,AKAYSHA,3
3912,AKINA,3
3912,ALEAHA,3
3912,ALEEYAH,3
3912,ALEJANDRA,3
3912,ALEXANDRINA,3
3912,ALEXUS,3
3912,ALHENA,3
3912,ALINE,3
3912,ALIZEE,3
3912,ALIZEH,3
3912,ALLESSE,3
3912,ALLYSSA,3
3912,ALMAAS,3
3912,ALTHEA,3
3912,ALYSE,3
3912,ALYSSE,3
3912,ALZBETA,3
3912,AMABEL,3
3912,AMALIE,3
3912,AMANDINE,3
3912,AMARACHI,3
3912,AMARIS,3
3912,AMBER-LILY,3
3912,AMBER-MAE,3
3912,AMBERLEA,3
3912,AME,3
3912,AMI-LOUISE,3
3912,AMIAH,3
3912,AMILAH,3
3912,AMINAT,3
3912,AMIYA,3
3912,AMMAARA,3
3912,AMREETA,3
3912,AMRINA,3
3912,AMY-ROSE,3
3912,ANAHITA,3
3912,ANAIYA,3
3912,ANALISA,3
3912,ANAYAH,3
3912,ANDREYA,3
3912,ANDRIA,3
3912,ANEELA,3
3912,ANEKA,3
3912,ANETA,3
3912,ANGELIKA,3
3912,ANI,3
3912,ANISHAH,3
3912,ANJELI,3
3912,ANJULI,3
3912,ANNA-MAY,3
3912,ANNALEE,3
3912,ANNALEIGH,3
3912,ANNALIE,3
3912,ANNAMARIA,3
3912,ANNASTASIA,3
3912,ANNEKE,3
3912,ANNELIES,3
3912,ANNETTA,3
3912,ANNI,3
3912,ANNIA,3
3912,ANOOP,3
3912,ANTHEA,3
3912,ANTONINA,3
3912,ANUOLUWAPO,3
3912,ANXHELA,3
3912,AOLANI,3
3912,AQSAA,3
3912,ARDITA,3
3912,ARFA,3
3912,ARIANWEN,3
3912,ARIBA,3
3912,ARIBAH,3
3912,ARIFAH,3
3912,ARISA,3
3912,ARMELA,3
3912,AROOB,3
3912,ARTA,3
3912,ARUNA,3
3912,ARWEN,3
3912,ARYA,3
3912,ASHIKA,3
3912,ASHIRA,3
3912,ASHLIN,3
3912,ASHLYNN,3
3912,ASMAH,3
3912,ASSISI,3
3912,ASTEN,3
3912,ATALYA,3
3912,ATHEA,3
3912,ATIAH,3
3912,ATINUKE,3
3912,AURA,3
3912,AVIVA,3
3912,AWA,3
3912,AXELLE,3
3912,AYALA,3
3912,AYASHA,3
3912,AYELET,3
3912,AYESHAH,3
3912,AYSIA,3
3912,AYTEN,3
3912,AZARA,3
3912,AZEEZAT,3
3912,BAILA,3
3912,BAILEE,3
3912,BANITA,3
3912,BAREERA,3
3912,BATSHEVA,3
3912,BAYLA,3
3912,BEA,3
3912,BECCI,3
3912,BEGUM,3
3912,BEKKI,3
3912,BENEDICTE,3
3912,BERRY,3
3912,BERYL,3
3912,BETTINA,3
3912,BHAKTI,3
3912,BHAVIKA,3
3912,BHAVINA,3
3912,BHAVNEET,3
3912,BIJAL,3
3912,BILAN,3
3912,BILLI-JO,3
3912,BILLIE-ANNE,3
3912,BILLY-JO,3
3912,BLOSSOM,3
3912,BOBBI-JO,3
3912,BRACHA,3
3912,BRACKEN,3
3912,BRADY,3
3912,BRIANNY,3
3912,BRIGID,3
3912,BRITTANEY,3
3912,BROGHAN,3
3912,BRONIA,3
3912,BROOKELYN,3
3912,BROOKLYNN,3
3912,BUDDUG,3
3912,BUSRA,3
3912,CADIE,3
3912,CAERA,3
3912,CAILEY,3
3912,CAITHLIN,3
3912,CAITLINE,3
3912,CAJA,3
3912,CALEY,3
3912,CALYPSO,3
3912,CAMILA,3
3912,CANDIDA,3
3912,CAPUCINE,3
3912,CARLENE,3
3912,CARLOTA,3
3912,CARMELA,3
3912,CARRAGH,3
3912,CARRINA,3
3912,CARYL,3
3912,CASEY-JAYNE,3
3912,CATELYN,3
3912,CATLIN,3
3912,CATRYN,3
3912,CAYLA,3
3912,CECELIA,3
3912,CERI-ANNE,3
3912,CEYLAN,3
3912,CHACE,3
3912,CHANAY,3
3912,CHANNAH,3
3912,CHANNON,3
3912,CHANTALLE,3
3912,CHARISSE,3
3912,CHARLETTE,3
3912,CHARMIAN,3
3912,CHARYS,3
3912,CHAVI,3
3912,CHAY,3
3912,CHENOA,3
3912,CHER,3
3912,CHERI,3
3912,CHERICE,3
3912,CHHAYA,3
3912,CHI,3
3912,CHIDUBEM,3
3912,CHISOM,3
3912,CHLOE-JANE,3
3912,CHLOE-MAE,3
3912,CHLOIE,3
3912,CHRISSIE,3
3912,CHRISTAL,3
3912,CHRISTELLE,3
3912,CHRISTIANNA,3
3912,CIANA,3
3912,CIANNA,3
3912,CIANNE,3
3912,CIDNEY,3
3912,CINZIA,3
3912,CIRA,3
3912,CLEMENCE,3
3912,CLEMENTINA,3
3912,COCO,3
3912,COLBY,3
3912,CONSTANDINA,3
3912,CORAH,3
3912,CORALE,3
3912,CORALIE,3
3912,CORAN,3
3912,CORRINE,3
3912,CORRYN,3
3912,CORY,3
3912,COUNTESS,3
3912,COURTNEE,3
3912,COURTNEY-JADE,3
3912,COURTNEY-ROSE,3
3912,COURTNY,3
3912,CREE,3
3912,D'ARCIE,3
3912,DACIA,3
3912,DALAL,3
3912,DALI,3
3912,DALLAS,3
3912,DAMIA,3
3912,DAMIKA,3
3912,DANISHA,3
3912,DANIYA,3
3912,DANNICA,3
3912,DANTE,3
3912,DARINA,3
3912,DASHA,3
3912,DAYA,3
3912,DEE,3
3912,DEEMA,3
3912,DEEPIKA,3
3912,DEMIE,3
3912,DEMIE-LEIGH,3
3912,DENBY,3
3912,DESIRE,3
3912,DESTINIE,3
3912,DEVONNE,3
3912,DHRUTI,3
3912,DHRUVI,3
3912,DIAVIAN,3
3912,DIDEM,3
3912,DIELLZA,3
3912,DOMENICA,3
3912,DOMINICA,3
3912,DORNA,3
3912,DUYGU,3
3912,DYLAN,3
3912,EBONNIE,3
3912,EBUNOLUWA,3
3912,ECHO,3
3912,EDEL,3
3912,EDELE,3
3912,EFA,3
3912,EIBHLIN,3
3912,EIMER,3
3912,EIRIAN,3
3912,EITHNE,3
3912,EKATERINA,3
3912,EKTA,3
3912,ELEESHA,3
3912,ELENORE,3
3912,ELEONORA,3
3912,ELEONORE,3
3912,ELEYNA,3
3912,ELINE,3
3912,ELIZABETA,3
3912,ELLA-,3
3912,ELLA-JANE,3
3912,ELLAH,3
3912,ELLE-JAY,3
3912,ELLE-LOUISE,3
3912,ELLE-MARIE,3
3912,ELLEANA,3
3912,ELLECIA,3
3912,ELLESIA,3
3912,ELLIA,3
3912,ELLIE-JAE,3
3912,ELLIE-JAY,3
3912,ELLINA,3
3912,ELLINOR,3
3912,ELLISHIA,3
3912,ELLISSA,3
3912,ELLYN,3
3912,ELLYSHA,3
3912,ELORA,3
3912,ELVIE,3
3912,ELVIRA,3
3912,ELYCE,3
3912,ELYCIA,3
3912,ELYSHIA,3
3912,EMBER,3
3912,EMELINE,3
3912,EMILY-,3
3912,EMILY-JADE,3
3912,EMILY-LOUISE,3
3912,EMILY-MAE,3
3912,EMILYJANE,3
3912,EMMA-LEE,3
3912,ENLLI,3
3912,EPONINE,3
3912,ERAM,3
3912,EREN,3
3912,ERIDA,3
3912,ERRYN,3
3912,ERYL,3
3912,ERZA,3
3912,ESI,3
3912,ESMAY,3
3912,ESTER,3
3912,ETHNE,3
3912,ETIENNE,3
3912,EVANNE,3
3912,EVELINA,3
3912,EVELINE,3
3912,EVY,3
3912,EZGI,3
3912,FABIANA,3
3912,FABIOLA,3
3912,FADWA,3
3912,FAHMINA,3
3912,FARADAY,3
3912,FAREEHA,3
3912,FARHANAH,3
3912,FARZEEN,3
3912,FASEEHA,3
3912,FATAMA,3
3912,FATEMEH,3
3912,FATHEHA,3
3912,FATIHA,3
3912,FATIMAT,3
3912,FATOU,3
3912,FATOUMATA,3
3912,FAWN,3
3912,FAYZA,3
3912,FEARNE,3
3912,FELIX,3
3912,FEN,3
3912,FERAH,3
3912,FFYONA,3
3912,FILIPA,3
3912,FILIZ,3
3912,FIORELLA,3
3912,FRAYER,3
3912,FREA,3
3912,FREIDA,3
3912,FRIDA,3
3912,GABI,3
3912,GABY,3
3912,GAIL,3
3912,GAYNOR,3
3912,GENESIS,3
3912,GENIE,3
3912,GEORGY,3
3912,GEORJA,3
3912,GHAZALA,3
3912,GIGI,3
3912,GILA,3
3912,GISELA,3
3912,GITA,3
3912,GIULIANA,3
3912,GOLDIE,3
3912,GRACIE-MAE,3
3912,GRADY,3
3912,GRAZIELLA,3
3912,GREER,3
3912,HA,3
3912,HAADIYAH,3
3912,HAAJIRA,3
3912,HABEEBA,3
3912,HADDIJATOU,3
3912,HADEEQA,3
3912,HAFEEZAH,3
3912,HAGER,3
3912,HAILIE,3
3912,HALEENA,3
3912,HALLY,3
3912,HAMIDAH,3
3912,HAMNA,3
3912,HANFAA,3
3912,HANIA,3
3912,HANNAH-LEIGH,3
3912,HANNE,3
3912,HANNELORE,3
3912,HARRIOT,3
3912,HARUKA,3
3912,HAYDEN,3
3912,HAYDN,3
3912,HAYLEE,3
3912,HAYLIE,3
3912,HEAVENLEIGH,3
3912,HEAVENLY,3
3912,HERO,3
3912,HIFZAH,3
3912,HILAL,3
3912,HILLARY,3
3912,HIMANI,3
3912,HINAL,3
3912,HIRAL,3
3912,HOLLEIGH,3
3912,HOLLEY,3
3912,HOLLIE-ANN,3
3912,HOLLIE-MARIE,3
3912,HOLLIE-MAY,3
3912,HOLLY-ANNE,3
3912,HUFSAH,3
3912,HUMAYRAH,3
3912,HUSNAA,3
3912,IBUKUNOLUWA,3
3912,IEASHA,3
3912,IFSA,3
3912,IFZA,3
3912,ILENA,3
3912,ILIANA,3
3912,IMAANI,3
3912,IMELDA,3
3912,IMOJEN,3
3912,INCA,3
3912,INDEA,3
3912,INDICA,3
3912,INZA,3
3912,IPEK,3
3912,IRAJ,3
3912,IRINA,3
3912,IRRUM,3
3912,ISA,3
3912,ISABELA,3
3912,ISATOU,3
3912,ISOBELL,3
3912,ISOLA,3
3912,ISRAA,3
3912,ISSABELLE,3
3912,ISSEY,3
3912,ITALIA,3
3912,IYANUOLUWA,3
3912,IZZY,3
3912,JACLYN,3
3912,JACQUI,3
3912,JADAH,3
3912,JADE-LEE,3
3912,JAHANARA,3
3912,JAHIDA,3
3912,JAHNAY,3
3912,JAIDE,3
3912,JAIME-LEE,3
3912,JAIMIE-LEIGH,3
3912,JAIYEOLA,3
3912,JALE,3
3912,JAMIEE,3
3912,JAMIELEA,3
3912,JAMIMA,3
3912,JAMINA,3
3912,JAN,3
3912,JANAVI,3
3912,JANEY,3
3912,JANINA,3
3912,JANISHA,3
3912,JANNATUL,3
3912,JAQUELINE,3
3912,JARIN,3
3912,JAS,3
3912,JASPRIYA,3
3912,JASVINDER,3
3912,JASWINDER,3
3912,JAWAIRIA,3
3912,JAYAH,3
3912,JAYD,3
3912,JAYDEAN,3
3912,JAYMI,3
3912,JAYNI,3
3912,JAYNIE,3
3912,JAZ,3
3912,JAZZ,3
3912,JEANNE,3
3912,JEANNIE,3
3912,JEMMIMA,3
3912,JEORGIA,3
3912,JERRY,3
3912,JESSAMYN,3
3912,JESSICA-LOUISE,3
3912,JESSICA-MAE,3
3912,JEWEL,3
3912,JEYDA,3
3912,JOANIE,3
3912,JODINE,3
3912,JOELLA,3
3912,JOLEEN,3
3912,JORDINA,3
3912,JOSEFINA,3
3912,JOURDAN,3
3912,JOVAIRIA,3
3912,JOYA,3
3912,JU,3
3912,JUMANAH,3
3912,JUWAYRIAH,3
3912,KAAJAL,3
3912,KADI,3
3912,KADISHA,3
3912,KADIZA,3
3912,KAFIA,3
3912,KAIESHA,3
3912,KAISEY,3
3912,KALISHA,3
3912,KALSOOM,3
3912,KAMALA,3
3912,KAMERON,3
3912,KAMILLA,3
3912,KANDICE,3
3912,KANWAL,3
3912,KAR,3
3912,KARA-LEIGH,3
3912,KARDELEN,3
3912,KARHYS,3
3912,KARIN,3
3912,KARLEE,3
3912,KARLEIGH,3
3912,KARLIE,3
3912,KARRA,3
3912,KARYN,3
3912,KASHA,3
3912,KASI,3
3912,KASSEY,3
3912,KATELAND,3
3912,KATELEN,3
3912,KATHARYN,3
3912,KATIE-,3
3912,KATLAN,3
3912,KATLYNN,3
3912,KATRIN,3
3912,KATRIONA,3
3912,KAVYA,3
3912,KAYLAH,3
3912,KAYLEA,3
3912,KAYLEIGH-ANNE,3
3912,KAYLEIGH-JANE,3
3912,KAYLEN,3
3912,KAYLYN,3
3912,KAYNAAT,3
3912,KAYNATH,3
3912,KAZIAH,3
3912,KEALEIGH,3
3912,KEESHA,3
3912,KEIR,3
3912,KEJSI,3
3912,KELECHI,3
3912,KELLY-ANNE,3
3912,KELLYMARIE,3
3912,KELSEE,3
3912,KENNADY,3
3912,KEONA,3
3912,KERENA,3
3912,KERRY-ANNE,3
3912,KERRYANN,3
3912,KERRYN,3
3912,KESHA,3
3912,KESIA,3
3912,KETURAH,3
3912,KHADRA,3
3912,KHALEEQA,3
3912,KHALIDAH,3
3912,KHALILAH,3
3912,KHATIJAH,3
3912,KHAYA,3
3912,KHIRA,3
3912,KHUSHBOO,3
3912,KHYA,3
3912,KIANNE,3
3912,KIEANA,3
3912,KIEARA,3
3912,KIERAH,3
3912,KIKA,3
3912,KIMBERLEIGH,3
3912,KIMIA,3
3912,KIONA,3
3912,KIRA-NERYS,3
3912,KIRANPREET,3
3912,KIRTHIKA,3
3912,KIYAH,3
3912,KLEVISA,3
3912,KOBY,3
3912,KOLSUMA,3
3912,KORA,3
3912,KORAN,3
3912,KORI,3
3912,KORIN,3
3912,KRISHA,3
3912,KRISTIANA,3
3912,KRUPA,3
3912,KRYSTINA,3
3912,KUMARI,3
3912,KYANNA,3
3912,KYLAH,3
3912,KYNAAT,3
3912,KYRIAKI,3
3912,LABIBA,3
3912,LADAN,3
3912,LAILAA,3
3912,LAILAH,3
3912,LAINE,3
3912,LALE,3
3912,LAMISAH,3
3912,LAREB,3
3912,LASHAI,3
3912,LATOYA,3
3912,LAUREEN,3
3912,LAURENNE,3
3912,LAURETTA,3
3912,LAVANYA,3
3912,LAVEEZA,3
3912,LAYA,3
3912,LAYLAA,3
3912,LAYLAH,3
3912,LEANDRA,3
3912,LEE,3
3912,LEEANNE,3
3912,LEELOO,3
3912,LEEZA,3
3912,LEIGHAH,3
3912,LEIGHANNE,3
3912,LEISHA,3
3912,LEJLA,3
3912,LEONOR,3
3912,LESLIE,3
3912,LETIA,3
3912,LEXIA,3
3912,LEXUS,3
3912,LIBERTIE,3
3912,LIBI,3
3912,LILAC,3
3912,LILIE,3
3912,LILLI-ELLA,3
3912,LILLIANA,3
3912,LILLY-ANNE,3
3912,LILYAN,3
3912,LILYANA,3
3912,LINNEA,3
3912,LIV,3
3912,LIYAH,3
3912,LIZ,3
3912,LORELL,3
3912,LOUANNE,3
3912,LOVEDAY,3
3912,LOWRIE,3
3912,LUCHIA,3
3912,LUCIANNA,3
3912,LUCY-ANNE,3
3912,LUCY-JAYNE,3
3912,LUCY-MARIE,3
3912,LUCYANN,3
3912,LUIZA,3
3912,LULA,3
3912,LYN,3
3912,LYNETTE,3
3912,MADALIN,3
3912,MADDYSON,3
3912,MADEEHAH,3
3912,MAEESHA,3
3912,MAELONA,3
3912,MAGDALENE,3
3912,MAGENTA,3
3912,MAH-NOOR,3
3912,MAHBUBA,3
3912,MAHDIYA,3
3912,MAHIKA,3
3912,MAHJABIN,3
3912,MAHWISH,3
3912,MAICEY,3
3912,MAICY,3
3912,MAIJA,3
3912,MAILI,3
3912,MAIMOONAH,3
3912,MAJENTA,3
3912,MAKI,3
3912,MALAIKAH,3
3912,MALEEKA,3
3912,MALINA,3
3912,MALINI,3
3912,MANASI,3
3912,MANJOT,3
3912,MANLEEN,3
3912,MANUELA,3
3912,MAR,3
3912,MARAM,3
3912,MARCELLE,3
3912,MARGED,3
3912,MARIETTA,3
3912,MARIJA,3
3912,MARILLA,3
3912,MARNEY,3
3912,MARSELA,3
3912,MARSHA,3
3912,MARVI,3
3912,MARWAH,3
3912,MARY-ANN,3
3912,MARYANNE,3
3912,MARYEM,3
3912,MARYLOU,3
3912,MASHAL,3
3912,MASOOMA,3
3912,MASUMAH,3
3912,MAWIYAH,3
3912,MAYCEE,3
3912,MAYCIE,3
3912,MEESHA,3
3912,MEGANE,3
3912,MEGEN,3
3912,MEGHANE,3
3912,MEHR,3
3912,MELDA,3
3912,MENA,3
3912,MENISHA,3
3912,MERISSA,3
3912,MERYAM,3
3912,MERYL,3
3912,MIA-ROSE,3
3912,MILICA,3
3912,MILLIA,3
3912,MILLIE-MAY,3
3912,MINAH,3
3912,MINAL,3
3912,MIR,3
3912,MIRABEL,3
3912,MIREILLE,3
3912,MIREL,3
3912,MIRELA,3
3912,MIRELLA,3
3912,MIRI,3
3912,MISHAAL,3
3912,MIZUKI,3
3912,MOBEENA,3
3912,MOHEMA,3
3912,MOJOLAOLUWA,3
3912,MOLLIE-ANN,3
3912,MOLLIE-JO,3
3912,MOLLIE-ROSE,3
3912,MOLLY-JO,3
3912,MOLLYANN,3
3912,MOMENA,3
3912,MORENIKE,3
3912,MORIAM,3
3912,MORRIGAN,3
3912,MOYINOLUWA,3
3912,MUIREANN,3
3912,MUNTAHA,3
3912,MURIEL,3
3912,MURIUM,3
3912,MUSAMMAD,3
3912,MUSAMMATH,3
3912,MYER,3
3912,NAADIYAH,3
3912,NADRA,3
3912,NAEMA,3
3912,NAGINA,3
3912,NANAKO,3
3912,NANDI,3
3912,NARDIA,3
3912,NAREEN,3
3912,NASTASSJA,3
3912,NASTEHO,3
3912,NASYA,3
3912,NATALY,3
3912,NATASHIA,3
3912,NATHANIA,3
3912,NAUREEN,3
3912,NAVEEN,3
3912,NAVINDER,3
3912,NAVPREET,3
3912,NAYA,3
3912,NAYEMA,3
3912,NAZIHA,3
3912,NAZIHAH,3
3912,NAZNEEN,3
3912,NAZRIN,3
3912,NDEY,3
3912,NEELIMA,3
3912,NEL,3
3912,NENA,3
3912,NESHA,3
3912,NGOC,3
3912,NGOZI,3
3912,NICHOL,3
3912,NICO,3
3912,NICOLETTE,3
3912,NIDHI,3
3912,NIESHA,3
3912,NIHA,3
3912,NIHAL,3
3912,NILIMA,3
3912,NIMAT,3
3912,NIMO,3
3912,NIRAH,3
3912,NISBAH,3
3912,NISHAAT,3
3912,NISSA,3
3912,NITA,3
3912,NITASHA,3
3912,NIYAH,3
3912,NOELLA,3
3912,NOELLE,3
3912,NOMI,3
3912,NOORAN,3
3912,NORAH,3
3912,NOUF,3
3912,NOURA,3
3912,NOVA,3
3912,NUMA,3
3912,NYESHA,3
3912,OAKLEY,3
3912,OCEA,3
3912,OCEANA,3
3912,OGOCHUKWU,3
3912,OLA,3
3912,OLIVIA-,3
3912,OLIVIA-GRACE,3
3912,OLIVIA-LOUISE,3
3912,OLIVIA-MAY,3
3912,OLIVYA,3
3912,OLUWADEMILADE,3
3912,OLUWAFIKAYOMI,3
3912,OLUWAFOLAKEMI,3
3912,OLUWAMAYOWA,3
3912,OLUWASEMILORE,3
3912,OLUWATENIOLA,3
3912,OLUWATOBILOBA,3
3912,OLUWATOMI,3
3912,OMOBOLANLE,3
3912,OMOLABAKE,3
3912,OMOTAYO,3
3912,ONYINYECHUKWU,3
3912,OPAL,3
3912,ORIANE,3
3912,ORNA,3
3912,OYINLOLA,3
3912,PARISS,3
3912,PASHA,3
3912,PAULETTE,3
3912,PAVNEET,3
3912,PAYNTON,3
3912,PAYTEN,3
3912,PEACHES,3
3912,PHUONG,3
3912,PIRAVEENA,3
3912,POLINA,3
3912,POLLY-ANNA,3
3912,PORSCHA,3
3912,PRABHDEEP,3
3912,QUDSIA,3
3912,QUINN,3
3912,QURATULAIN,3
3912,RA'EESAH,3
3912,RADHA,3
3912,RADHIYA,3
3912,RADIA,3
3912,RADIYAH,3
3912,RAEANNA,3
3912,RAGAVI,3
3912,RAGEN,3
3912,RAHEEMAH,3
3912,RAHEMA,3
3912,RAHIMAH,3
3912,RAISAH,3
3912,RAIZEL,3
3912,RAJNI,3
3912,RAKAYA,3
3912,RAMA,3
3912,RAMANI,3
3912,RAMSHAH,3
3912,REBECCAH,3
3912,REBECKAH,3
3912,REESHA,3
3912,REHANNA,3
3912,REISEL,3
3912,REISY,3
3912,RENEA,3
3912,RENEECE,3
3912,REYAN,3
3912,RHEMA,3
3912,RHIANNAH,3
3912,RHIANYDD,3
3912,RHYANNE,3
3912,RIAH,3
3912,RICKI,3
3912,RITU,3
3912,RIVKAH,3
3912,ROBYNNE,3
3912,ROHIMA,3
3912,ROHINI,3
3912,ROMANE,3
3912,ROMINA,3
3912,RONNY,3
3912,ROOMANA,3
3912,ROSABELLA,3
3912,ROSELYN,3
3912,ROSETTA,3
3912,ROSHEEN,3
3912,ROSHINI,3
3912,ROSIE-BETH,3
3912,ROSIE-MAE,3
3912,ROSITA,3
3912,ROSLYN,3
3912,ROWEN,3
3912,ROWENNA,3
3912,ROZEENA,3
3912,RUBY-MAY,3
3912,RUDI,3
3912,RUHEE,3
3912,RUKAYA,3
3912,RUKHSAAR,3
3912,RUKHSANA,3
3912,RUKIA,3
3912,RUKIYA,3
3912,RUMESSA,3
3912,RUMI,3
3912,RUQAIYYAH,3
3912,RYA,3
3912,SAADIYAH,3
3912,SAAHIRAH,3
3912,SAAIMAH,3
3912,SAANA,3
3912,SAANIA,3
3912,SAARRAH,3
3912,SABEEHA,3
3912,SABEELA,3
3912,SABIRA,3
3912,SABIYA,3
3912,SADIKA,3
3912,SAEEDA,3
3912,SAFFIA,3
3912,SAFRON,3
3912,SAHDIA,3
3912,SAHIMA,3
3912,SAIQA,3
3912,SAIRISH,3
3912,SAISHA,3
3912,SAIYARA,3
3912,SAKEENA,3
3912,SAKINAH,3
3912,SALI,3
3912,SALMAH,3
3912,SALOME,3
3912,SAMANDA,3
3912,SAMANTA,3
3912,SAMEEA,3
3912,SAMEEHA,3
3912,SAMEEN,3
3912,SAMIHAH,3
3912,SAPHIRA,3
3912,SAPPHIRA,3
3912,SARAH-,3
3912,SARENA,3
3912,SASHKA,3
3912,SASKYA,3
3912,SATVEER,3
3912,SAYYEDA,3
3912,SEDONA,3
3912,SEJAL,3
3912,SEMRA,3
3912,SENADA,3
3912,SENEM,3
3912,SERAYA,3
3912,SEREENA,3
3912,SEVAL,3
3912,SEVEN,3
3912,SEVIL,3
3912,SEVIM,3
3912,SEYMA,3
3912,SHAGUFTA,3
3912,SHAHANAZ,3
3912,SHAHLA,3
3912,SHAHRIN,3
3912,SHAILI,3
3912,SHAKIA,3
3912,SHAMAILA,3
3912,SHAMARI,3
3912,SHAMEELAH,3
3912,SHAMEEM,3
3912,SHAMILAH,3
3912,SHAMILLA,3
3912,SHANNELL,3
3912,SHANNICE,3
3912,SHANNON-LEIGH,3
3912,SHANTIA,3
3912,SHANYCE,3
3912,SHANZA,3
3912,SHARANYA,3
3912,SHARIFAH,3
3912,SHARLEEN,3
3912,SHARLOTTE,3
3912,SHARMINE,3
3912,SHARNAY,3
3912,SHARNEY,3
3912,SHARONA,3
3912,SHAUNA-LEIGH,3
3912,SHAUNA-MARIE,3
3912,SHAUNAGH,3
3912,SHAYLEY,3
3912,SHAZMIN,3
3912,SHAZNEY,3
3912,SHEBA,3
3912,SHELINA,3
3912,SHEMAIAH,3
3912,SHENAYA,3
3912,SHENIQUA,3
3912,SHEREECE,3
3912,SHERINE,3
3912,SHERRY,3
3912,SHI,3
3912,SHIAN,3
3912,SHIFAA,3
3912,SHIMA,3
3912,SHIVA,3
3912,SHOANA,3
3912,SHONAH,3
3912,SHONNA,3
3912,SHORIFA,3
3912,SHREE,3
3912,SHUMENA,3
3912,SHWETA,3
3912,SHYAN,3
3912,SIANIE,3
3912,SIDDIQA,3
3912,SIEW,3
3912,SIHAAM,3
3912,SILKE,3
3912,SILVANA,3
3912,SIMI,3
3912,SIMRANJEET,3
3912,SIMRON,3
3912,SINDI,3
3912,SINDY,3
3912,SIOBHAIN,3
3912,SIRIN,3
3912,SOFINA,3
3912,SOLACE,3
3912,SONITA,3
3912,SONJA,3
3912,SOPHIE-,3
3912,SOPHIE-ANN,3
3912,SOPHIE-JO,3
3912,SOPHIE-LEA,3
3912,SOPHIE-MAY,3
3912,SOROH,3
3912,SOUAD,3
3912,STACI,3
3912,STEFANY,3
3912,STEFFANI,3
3912,STEFFANY,3
3912,STEPHANIA,3
3912,SUBHA,3
3912,SUDE,3
3912,SUHAYLA,3
3912,SUKPREET,3
3912,SULA,3
3912,SULE,3
3912,SULEKHA,3
3912,SUMBAL,3
3912,SUMERA,3
3912,SUMIYAH,3
3912,SUMIYYA,3
3912,SUMMER-LEIGH,3
3912,SUNAH,3
3912,SURIYA,3
3912,SUSIE,3
3912,SUZAN,3
3912,SUZI,3
3912,SWATHI,3
3912,SYMONE,3
3912,SYMRAN,3
3912,SZE,3
3912,TABASUM,3
3912,TAHIYAH,3
3912,TAHMIN,3
3912,TAHSINA,3
3912,TAI,3
3912,TAITE,3
3912,TAJA,3
3912,TALEAH,3
3912,TALLIA,3
3912,TAMARAH,3
3912,TAMARRA,3
3912,TAMEIKA,3
3912,TAMIE,3
3912,TAMIMA,3
3912,TAMINA,3
3912,TAMLA,3
3912,TAMLYN,3
3912,TAMMIE,3
3912,TANVEER,3
3912,TANZIMA,3
3912,TANZY,3
3912,TAO,3
3912,TAOME,3
3912,TARAH,3
3912,TASMINA,3
3912,TASMIYAH,3
3912,TASNEEMA,3
3912,TATANIA,3
3912,TAWNY,3
3912,TAYABAH,3
3912,TAYEBA,3
3912,TAYLOR-,3
3912,TAYLOR-ANN,3
3912,TAYLOR-JADE,3
3912,TAYLOR-LEIGH,3
3912,TEAL,3
3912,TEANNA,3
3912,TEELA,3
3912,TEGWYN,3
3912,TEISHA,3
3912,TEJA,3
3912,TEJAL,3
3912,TELIA,3
3912,TEMILOLUWA,3
3912,TEQUILA,3
3912,TEQUILLA,3
3912,THAI,3
3912,THAIBA,3
3912,THAMINA,3
3912,THANDIWE,3
3912,THASLIMA,3
3912,THIERRY,3
3912,TIANN,3
3912,TIERNI,3
3912,TIGGY,3
3912,TILDA,3
3912,TILLEY,3
3912,TIOLUWANI,3
3912,TIONE,3
3912,TOCHI,3
3912,TOLUWANI,3
3912,TOMISHA,3
3912,TONI-LEIGH,3
3912,TONI-MARIE,3
3912,TONILEE,3
3912,TORA,3
3912,TORIA,3
3912,TORIE,3
3912,TRICIA,3
3912,TRINA,3
3912,TRUDIE,3
3912,TUANA,3
3912,TUBA,3
3912,TUESDAY,3
3912,TUGBA,3
3912,TYE,3
3912,TYLAH,3
3912,TYLER-JADE,3
3912,TYRAH,3
3912,TZIPORAH,3
3912,UCHENNA,3
3912,UMAIRA,3
3912,UMERA,3
3912,UMMI,3
3912,UNITY,3
3912,URJA,3
3912,URMI,3
3912,UROOJ,3
3912,URVI,3
3912,URWAH,3
3912,USHNA,3
3912,USMA,3
3912,VAISHALI,3
3912,VARSHA,3
3912,VASILIKI,3
3912,VEENA,3
3912,VENISHA,3
3912,VICTOIRE,3
3912,VIKITA,3
3912,VINISHA,3
3912,VIVIANA,3
3912,WAHEEDA,3
3912,WARSAN,3
3912,WEDNESDAY,3
3912,WEI,3
3912,WINTER,3
3912,WURAOLA,3
3912,XHESIKA,3
3912,XSARA,3
3912,YA,3
3912,YAN,3
3912,YANIQUE,3
3912,YAREN,3
3912,YEHUDIS,3
3912,YEN,3
3912,YING,3
3912,YLANA,3
3912,YSABEL,3
3912,YSABELLA,3
3912,YSABELLE,3
3912,ZAFIRA,3
3912,ZAFIRAH,3
3912,ZAHARA,3
3912,ZAINEB,3
3912,ZAKIRA,3
3912,ZAKIYYA,3
3912,ZAMIRA,3
3912,ZARA-JANE,3
3912,ZARIA,3
3912,ZARKA,3
3912,ZEINA,3
3912,ZELINA,3
3912,ZENOBIA,3
3912,ZENUB,3
3912,ZINA,3
3912,ZINNIA,3
3912,ZION,3
3912,ZOEY,3
3912,ZOIE,3
3912,ZOYAH,3
