Rank,Name,Count
1,CHLOE,6984
2,EMILY,5918
3,MEGAN,5580
4,JESSICA,4888
5,SOPHIE,4560
6,CHARLOTTE,4479
7,LAUREN,4456
8,HANNAH,4282
9,LUCY,4012
10,OLIVIA,4001
11,ELLIE,3836
12,AMY,3242
13,KATIE,3224
14,GEORGIA,3061
15,MOLLY,2987
16,REBECCA,2950
17,BETHANY,2805
18,HOLLY,2783
19,ELLA,2283
20,EMMA,2273
21,CAITLIN,2228
22,ABIGAIL,2158
23,GRACE,2144
24,JADE,2108
25,MIA,2058
26,SHANNON,1948
27,ELEANOR,1940
28,ALICE,1790
29,COURTNEY,1783
30,JASMINE,1782
31,LEAH,1763
32,AMELIA,1709
33,ELIZABETH,1538
34,ANNA,1432
35,LILY,1368
36,AMBER,1356
37,LAURA,1326
38,SARAH,1285
39,RACHEL,1274
40,PHOEBE,1256
41,MILLIE,1189
42,ERIN,1188
43,ZOE,1160
44,ABBIE,1129
45,NICOLE,1111
46,PAIGE,1083
47,DAISY,1064
48,NATASHA,1051
49,NIAMH,1047
50,EVE,976
51,ALEXANDRA,969
52,FREYA,967
53,TIA,955
54,ISABELLA,950
55,ISOBEL,947
56,IMOGEN,916
57,ISABELLE,903
58,GEORGINA,869
59,LYDIA,861
60,MORGAN,855
61,ROSIE,838
62,JODIE,813
62,VICTORIA,813
64,MAISIE,798
65,MOLLIE,782
66,CHELSEA,777
67,RUBY,745
68,ISABEL,741
69,HOLLIE,735
70,HARRIET,733
71,SAMANTHA,731
72,AIMEE,723
73,DANIELLE,719
74,MELISSA,718
75,ALISHA,711
76,FRANCESCA,695
77,KAYLEIGH,691
78,KATHERINE,659
79,LOUISE,645
80,LIBBY,643
81,JENNIFER,629
82,ALICIA,626
83,KATE,624
84,POPPY,617
85,ELLEN,608
86,YASMIN,606
87,STEPHANIE,589
88,SOPHIA,577
89,MADELEINE,571
90,MADISON,559
91,CHARLIE,556
92,EVIE,548
93,GEMMA,545
94,BROOKE,507
95,JORDAN,494
95,NAOMI,494
97,NATALIE,492
98,CATHERINE,488
99,CERYS,487
99,ELISE,487
101,ELLE,485
102,BETHAN,482
103,TAYLOR,476
104,ZARA,471
105,MARIA,467
106,TEGAN,456
107,ELOISE,452
107,MAYA,452
109,CASEY,448
110,ABBY,442
111,KELSEY,435
112,KIRSTY,428
113,RHIANNON,410
114,BETH,409
115,FAYE,406
116,AISHA,401
117,MYA,400
118,SIAN,399
119,ANNABEL,397
120,HEATHER,394
121,ASHLEIGH,392
122,ROBYN,389
123,SARA,383
124,FAITH,376
125,DEMI,375
125,KIERA,375
127,INDIA,373
128,MADELINE,362
129,ANGEL,354
130,SASHA,346
131,LOIS,341
132,REBEKAH,338
133,ANYA,337
134,LARA,335
135,JASMIN,334
136,KATHRYN,330
136,LUCIE,330
136,MATILDA,330
139,CIARA,328
140,CARA,324
141,KIRA,323
142,SKYE,321
143,EBONY,317
144,ROSE,316
145,HOPE,315
145,MARY,315
147,GABRIELLE,314
148,CHANTELLE,312
149,SUMMER,309
150,ANNIE,306
151,RACHAEL,302
152,KIMBERLEY,301
153,TARA,298
154,MARTHA,297
155,MARYAM,296
156,EVA,285
156,SCARLETT,285
158,CAITLYN,281
158,KATY,281
160,SHAUNA,280
161,MADDISON,279
162,ELISHA,276
163,SAFFRON,271
164,FFION,265
165,LIBERTY,262
166,FLORENCE,257
166,SIMRAN,257
168,ANNABELLE,255
168,CLAUDIA,255
170,JENNA,250
170,KELLY,250
172,ALEX,247
173,EMILIA,243
174,EDEN,241
174,GABRIELLA,241
176,MAIA,240
177,JEMMA,239
178,NADIA,236
179,MACY,235
179,NEVE,235
181,NICOLA,231
182,AALIYAH,230
182,JEMIMA,230
184,ZAINAB,229
185,CHARLEY,227
186,SOFIA,222
187,ESTHER,219
187,SANA,219
189,RHIANNA,218
190,ABBEY,217
191,ESME,214
191,JAMIE,214
191,LEANNE,214
194,AYESHA,213
194,JOSEPHINE,213
196,SADIE,210
197,HELENA,209
198,SASKIA,205
199,JESSIE,200
199,TABITHA,200
201,AMINA,199
201,JOSIE,199
203,ELENA,198
203,MARIAM,198
205,AVA,194
206,ALANA,191
206,SYDNEY,191
208,CARLA,190
208,IQRA,190
210,TRINITY,189
211,DESTINY,187
211,SHANIA,187
211,TIEGAN,187
214,FELICITY,186
214,LAYLA,186
214,TAMZIN,186
214,TONI,186
218,FATIMA,185
219,ZAHRA,184
220,LOUISA,183
220,TYLER,183
222,RUTH,180
223,AMIE,179
223,ELIZA,179
225,NIKITA,178
226,SAVANNAH,176
227,PARIS,175
228,KAITLIN,174
229,DARCY,173
230,SINEAD,172
231,RIA,171
232,ANTONIA,170
232,HAYLEY,170
232,MAISY,170
232,NIA,170
236,DANIELLA,169
236,KEELEY,169
238,LISA,168
238,MICHAELA,168
240,BRYONY,167
240,KATELYN,167
242,CARYS,166
243,HELEN,163
244,KATRINA,162
244,KYRA,162
246,EVELYN,161
246,SHELBY,161
248,KARA,160
249,JOANNA,159
249,TILLY,159
251,LOLA,158
251,TIFFANY,158
251,WILLOW,158
254,PHILIPPA,155
254,TAYLA,155
256,SERENA,154
257,CONNIE,153
258,KAITLYN,152
259,MELANIE,151
259,NINA,151
261,MICHELLE,150
262,ALIYAH,149
262,ALYSSA,149
262,LEONIE,149
265,KAYLA,148
266,KIA,147
267,CLAIRE,145
267,FIONA,145
267,LILLY,145
270,LORNA,144
271,BEATRICE,143
271,GRACIE,143
271,HANA,143
271,IONA,143
275,CHRISTINA,142
275,KACI,142
275,LAURYN,142
278,KIRSTEN,141
279,MEGHAN,137
280,STACEY,136
280,TAMARA,136
282,JULIA,135
282,LEILA,135
282,ORLA,135
285,KEIRA,133
286,HEIDI,132
287,CARLY,131
287,POLLY,131
289,ANISA,130
289,SYEDA,130
291,LOWRI,129
292,TALIA,127
292,THEA,127
294,ANASTASIA,126
295,FRANCES,125
295,RENEE,125
297,APRIL,124
298,ANAIS,122
298,ASHLEY,122
298,JAZMIN,122
298,MILLY,122
298,NANCY,122
303,LUCIA,121
303,SHONA,121
305,CLARA,120
305,CRYSTAL,120
305,SEREN,120
305,TANYA,120
309,LIA,119
310,CONSTANCE,118
310,SIOBHAN,118
310,YASMINE,118
313,ADELE,117
313,PRIYA,117
315,CODY,116
315,SABRINA,116
317,ALEXANDRIA,115
317,ISLA,115
319,ANISHA,112
319,DARCEY,112
321,ANNALISE,111
321,KERRY,111
323,AOIFE,110
323,DAVINA,110
323,IMAN,110
323,KACEY,110
323,RHEA,110
323,SHANICE,110
329,NATALIA,109
330,TEIGAN,108
331,BILLIE,107
331,ISHA,107
333,GEORGIE,106
333,ROISIN,106
335,KHADIJA,105
335,SCARLET,105
337,CATRIN,104
337,MACEY,104
337,VERITY,104
340,HAFSA,103
340,KITTY,103
340,MIRIAM,103
343,KASEY,102
344,DARCIE,101
345,HANNA,100
346,FIZA,99
346,HALIMA,99
346,JADA,99
349,MILLICENT,98
350,SADIA,97
350,STELLA,97
352,AYSHA,96
352,LILLIE,96
352,RHIAN,96
352,TALLULAH,96
352,ZAYNAB,96
357,BONNIE,94
357,BRITNEY,94
359,CAROLINE,93
359,SABAH,93
361,KIRAN,92
362,ABBI,91
362,SAFA,91
364,CHEYENNE,90
364,MAE,90
364,SALLY,90
367,ELLIE-MAE,89
367,ERICA,89
367,FERN,89
370,ELLENA,88
370,JAZMINE,88
372,CLEO,87
372,KIARA,87
372,MARGARET,87
375,BAILEY,86
375,BROGAN,86
375,LAILA,86
378,AMANDA,85
378,EMILIE,85
378,HAFSAH,85
381,ALEXIS,84
381,HONOR,84
381,ROSA,84
381,TAMSIN,84
385,FAY,83
385,KHADIJAH,83
385,ROSEMARY,83
388,MACKENZIE,82
389,ANGELA,81
389,SALMA,81
391,ALYSHA,80
391,ANDREA,80
391,ASHA,80
391,CHELSEY,80
391,JOANNE,80
391,LOREN,80
391,MADDIE,80
391,SKY,80
399,BRIONY,79
399,FLORA,79
399,HAZEL,79
399,KATHLEEN,79
399,LACEY,79
404,KEELY,78
405,DEBORAH,77
405,ELISABETH,77
405,MONICA,77
405,VANESSA,77
409,ELIN,76
409,JENNY,76
409,MEG,76
412,CHANEL,75
412,TANISHA,75
414,CAMERON,74
414,EMELIA,74
414,ISOBELLE,74
414,KAYA,74
414,SONIA,74
419,ALEXIA,73
419,HALEEMA,73
419,KAYLEY,73
419,LEONA,73
419,MONIQUE,73
419,SIMONE,73
425,ELINOR,72
425,JODI,72
425,MARIE,72
428,AISHAH,71
428,ALINA,71
428,ANISAH,71
428,ELYSIA,71
428,FARAH,71
428,IMAAN,71
428,LOTTIE,71
435,ALANNAH,70
435,ALEENA,70
435,AMINAH,70
435,BOBBIE,70
435,CODIE,70
435,JANE,70
435,LANA,70
435,SAIMA,70
435,TASNIM,70
444,CLARE,69
444,HARLEY,69
444,KELSIE,69
444,KYLA,69
444,LEIGH,69
449,ARABELLA,68
449,CARMEN,68
449,ELLIS,68
449,MIRANDA,68
449,SIENNA,68
449,TIANNA,68
455,ALIYA,67
455,CAITLAN,67
455,KIMBERLY,67
455,MADELAINE,67
455,NYAH,67
460,AQSA,66
460,ELLIE-MAY,66
460,HUMAIRA,66
460,LUCINDA,66
460,SACHA,66
460,SAPPHIRE,66
466,AMIRA,65
466,ANGELINA,65
466,ANIKA,65
466,CHANELLE,65
466,CHELSIE,65
466,RIYA,65
466,SAFIA,65
466,SAIRA,65
466,SUMAYYAH,65
475,ESTELLE,64
475,GENEVIEVE,64
475,JULIETTE,64
475,LEONI,64
475,NADINE,64
480,ANA,63
480,BOBBI,63
480,DANA,63
480,KATHARINE,63
480,LEIA,63
485,BETHANIE,62
485,DEANNA,62
485,TORI,62
488,FAIZA,61
488,KARINA,61
488,NOOR,61
488,STEVIE,61
488,TIANA,61
493,EVANGELINE,60
493,KEZIAH,60
493,MAGGIE,60
496,ANEESA,59
496,BECKY,59
496,ELSA,59
496,JAIME,59
496,KACIE,59
496,KYLIE,59
496,MAY,59
496,SANAA,59
504,AMIRAH,58
504,HENNA,58
504,NISHA,58
504,ROCHELLE,58
504,SELINA,58
504,SHARNA,58
510,ALIX,57
510,ERIKA,57
510,MACIE,57
510,TEAGAN,57
514,AISLING,56
514,COURTENEY,56
514,LILLIAN,56
514,NEHA,56
514,NELL,56
519,CANDICE,55
519,CHIARA,55
519,DIONNE,55
519,KENNEDY,55
523,AUTUMN,54
523,DEVON,54
523,LEA,54
523,MAHIMA,54
523,SAARAH,54
523,SAMIRA,54
523,SANAH,54
523,SUMAYA,54
523,TERRI,54
532,AMNA,53
532,BRIDGET,53
532,CHARIS,53
532,CHYNA,53
532,LEYLA,53
532,RHIANNE,53
532,RIO,53
532,TAYA,53
540,CARRIE,52
540,CATRIONA,52
540,FATIMAH,52
540,HERMIONE,52
540,IKRA,52
540,JULIET,52
540,KAYLEE,52
540,MARINA,52
540,SUSANNAH,52
540,TESSA,52
550,BRONWYN,51
550,DIANA,51
550,ESHA,51
550,HARMONY,51
550,KEISHA,51
550,MAISHA,51
550,YAZMIN,51
557,AMI,50
557,CERI,50
557,DEMI-LEIGH,50
557,KIRSTIE,50
557,LILI,50
557,MELODY,50
557,NIKKI,50
557,ROWAN,50
565,BRIANNA,49
565,CHANTEL,49
565,DREW,49
565,ROXANNE,49
565,TESS,49
570,ALISON,48
570,BRIDIE,48
570,EMMIE,48
570,JOELY,48
570,MARNIE,48
570,MERCEDES,48
570,ROSANNA,48
570,SABA,48
570,ZAYNAH,48
579,ANGHARAD,47
579,ANJALI,47
579,JOY,47
579,PENNY,47
579,TANIA,47
584,ALYS,46
584,AMANI,46
584,ASMA,46
584,CHRISTINE,46
584,DANIELA,46
584,HALLE,46
584,KATERINA,46
584,STORM,46
584,TAMMY,46
593,ANNE,45
593,CASSIE,45
593,DOMINIQUE,45
593,KIAH,45
593,KRISTINA,45
593,NEAVE,45
593,TAZMIN,45
593,THALIA,45
601,AMAL,44
601,CHARMAINE,44
601,ELISSA,44
601,RIANNA,44
605,ATLANTA,43
605,CORA,43
605,FAHIMA,43
605,KARIS,43
605,KEZIA,43
605,MARIAH,43
605,ZOYA,43
612,ASIA,42
612,ELISA,42
612,ENYA,42
612,FARRAH,42
612,FLEUR,42
612,INES,42
612,JODY,42
612,JULIE,42
612,LUISA,42
612,MALAIKA,42
612,REGAN,42
612,ROMY,42
612,SHIVANI,42
612,SUSAN,42
612,TYRA,42
627,AAMINA,41
627,CALLIE,41
627,CYDNEY,41
627,ELENI,41
627,ELSIE,41
627,FATMA,41
627,JAMIE-LEIGH,41
627,JAYDE,41
627,KRYSTAL,41
627,LARISSA,41
627,LAURIE,41
627,MELISA,41
627,SANNA,41
627,ZAINA,41
627,ZARAH,41
642,ABBIGAIL,40
642,ALESHA,40
642,ANITA,40
642,BRONTE,40
642,CORAL,40
642,ELLISE,40
642,ELOUISE,40
642,ERYN,40
642,LENA,40
642,LILLI,40
642,ROBERTA,40
642,SAFIYA,40
642,TATIANA,40
642,TIERNEY,40
642,TYLA,40
657,CHARLEIGH,39
657,CHARLENE,39
657,CORDELIA,39
657,ELICIA,39
657,ELLI,39
657,ELSPETH,39
657,FARZANA,39
657,GINA,39
657,JACQUELINE,39
657,KARLA,39
657,MIYA,39
657,PIPER,39
657,SAMIA,39
657,TEEGAN,39
671,ALEXA,38
671,AMMARAH,38
671,BUSHRA,38
671,DIONE,38
671,ELODIE,38
671,HENRIETTA,38
671,JAYA,38
671,KIM,38
671,KYA,38
671,LIBBIE,38
671,LILIAN,38
671,MANON,38
671,MARIYA,38
671,RIMSHA,38
685,ALANNA,37
685,BRONWEN,37
685,CELINE,37
685,CHARLY,37
685,EDIE,37
685,MYAH,37
685,NAFISA,37
685,PHOENIX,37
685,PIPPA,37
685,SADE,37
685,SHAYLA,37
696,ALIA,36
696,AMRITA,36
696,CASSIDY,36
696,DANNI,36
696,HABIBA,36
696,HALIMAH,36
696,HALLIE,36
696,HATTIE,36
696,JAYDA,36
696,KAREN,36
696,KAY,36
696,MAEVE,36
696,PRIYANKA,36
696,TASMIN,36
710,AAMINAH,35
710,ANEESAH,35
710,BELLA,35
710,BIBI,35
710,BILLIE-JO,35
710,CASSANDRA,35
710,CHANTE,35
710,CHAYA,35
710,CLOE,35
710,ELYSE,35
710,HONEY,35
710,HUMAYRA,35
710,IRIS,35
710,JAMIE-LEE,35
710,JOLIE,35
710,LINA,35
710,MAARIYAH,35
710,MARIANNE,35
710,PATRICIA,35
710,REANNA,35
710,SUMAIYA,35
710,VIOLET,35
732,AAISHA,34
732,ARIANA,34
732,ATHENA,34
732,BROOKLYN,34
732,CAMILLE,34
732,CHRISTIE,34
732,DULCIE,34
732,ELEN,34
732,FAIZAH,34
732,IRAM,34
732,KIYA,34
732,LEIGHA,34
732,MANISHA,34
732,NATALYA,34
732,RABIA,34
732,ROSINA,34
732,SELIN,34
732,SHAKIRA,34
732,SIDRA,34
732,TARYN,34
732,ZAHRAH,34
753,ALANAH,33
753,AMBA,33
753,CAPRICE,33
753,CLARICE,33
753,LATISHA,33
753,LEVI,33
753,NAIMA,33
753,NAJMA,33
753,SHANA,33
753,SHARON,33
753,WHITNEY,33
753,YUSRA,33
765,AILSA,32
765,ALESSIA,32
765,AMELIE,32
765,CECILIA,32
765,CLARISSA,32
765,ELLESSE,32
765,ELLY,32
765,KELIS,32
765,KERRI,32
765,MAARIYA,32
765,NIMRA,32
765,PAULA,32
765,SAOIRSE,32
765,TERESA,32
779,ALISSA,31
779,AMRIT,31
779,AYA,31
779,CELESTE,31
779,CHANTAL,31
779,HARRIETT,31
779,HUDA,31
779,JADEN,31
779,JOHANNA,31
779,KERYS,31
779,MISBAH,31
779,MUNA,31
779,SAFIYYAH,31
779,SAMIHA,31
779,SAMINA,31
779,SANDRA,31
779,TEA,31
796,ABI,30
796,ALEISHA,30
796,ANGELICA,30
796,ANN,30
796,AYLA,30
796,ELERI,30
796,ESMEE,30
796,FAHMIDA,30
796,FRANKIE,30
796,HOLLI,30
796,KAIA,30
796,KATELIN,30
796,LILIANA,30
796,MARIYAH,30
796,MIMI,30
796,NANA,30
796,PENELOPE,30
796,RUQAYYAH,30
796,SUMAIYAH,30
796,YASEMIN,30
816,AINE,29
816,AMARA,29
816,ANJA,29
816,BRODIE,29
816,CAMILLA,29
816,CELYN,29
816,CLEMENTINE,29
816,DAYNA,29
816,EESHA,29
816,FARHANA,29
816,JAMILA,29
816,LINDA,29
816,MADIHA,29
816,MARTINA,29
816,MIAH,29
816,RAHMA,29
816,ROSALIND,29
816,SORCHA,29
816,ZENA,29
835,ABIDA,28
835,ANNABELLA,28
835,ASIYA,28
835,CHERISE,28
835,DANNIELLE,28
835,HALEEMAH,28
835,HEBE,28
835,JUSTINE,28
835,KAREENA,28
835,KELSEA,28
835,KIANA,28
835,KIANNA,28
835,LEENA,28
835,LIANA,28
835,MARIANNA,28
835,MINA,28
835,SHANNAN,28
835,VERONICA,28
853,AMMAARAH,27
853,ANAM,27
853,CELIA,27
853,DENISE,27
853,DILARA,27
853,ELLISHA,27
853,FINLAY,27
853,HAJRA,27
853,MALI,27
853,MAXINE,27
853,NADA,27
853,PEARL,27
853,PHILLIPPA,27
853,PORTIA,27
853,SAFIYAH,27
853,SANIA,27
853,SIONED,27
853,TAMANNA,27
871,ABIGAYLE,26
871,ANNIKA,26
871,BRITTANY,26
871,CALISTA,26
871,ELA,26
871,ELANA,26
871,EMMY,26
871,FENELLA,26
871,HEENA,26
871,HUMAIRAA,26
871,ISHIKA,26
871,IZABELLA,26
871,LEANNA,26
871,LIVIA,26
871,MALIKA,26
871,MARISA,26
871,MEREDITH,26
871,OPHELIA,26
871,PRECIOUS,26
871,REANNE,26
871,SAHAR,26
871,SOFIE,26
871,SUZANNE,26
871,TASNEEM,26
871,TASNIA,26
871,TINA,26
871,ZEYNEP,26
898,AALIYA,25
898,AROOJ,25
898,BELINDA,25
898,CALLY,25
898,DAISIE,25
898,DINA,25
898,FREJA,25
898,GABRIELA,25
898,GISELLE,25
898,GLORIA,25
898,JASPREET,25
898,KOMAL,25
898,MADDY,25
898,RAHIMA,25
898,SAMARA,25
898,SAMIYA,25
898,SAVANNA,25
898,STAR,25
898,SUZANNA,25
898,ZAHRAA,25
918,AILISH,24
918,AYSE,24
918,CHARLEE,24
918,JEMIMAH,24
918,JUDE,24
918,MAISEY,24
918,MAIZIE,24
918,MARISSA,24
918,MATHILDA,24
918,MCKENZIE,24
918,MICA,24
918,MILLI,24
918,NIMRAH,24
918,RHIANN,24
918,TAHMINA,24
918,TAYLER,24
918,TILLIE,24
918,ZEENAT,24
936,ADRIANA,23
936,AIESHA,23
936,ALIZA,23
936,ALLY,23
936,ALYSIA,23
936,ARIANNE,23
936,AURORA,23
936,CECILY,23
936,CHEYANNE,23
936,EDITH,23
936,HIBA,23
936,HIBAH,23
936,JANELLE,23
936,JORJA,23
936,KERRIE,23
936,LILY-MAE,23
936,PIA,23
936,PRINCESS,23
936,REEM,23
936,ROSEANNA,23
936,SABINA,23
936,SHREYA,23
936,SIDRAH,23
936,SORAYA,23
936,SUSANNA,23
936,VALENTINA,23
962,ALLANA,22
962,ANABEL,22
962,ANIQA,22
962,ASHLEA,22
962,CHARITY,22
962,CHRISTY,22
962,COLETTE,22
962,ELAINE,22
962,FREYJA,22
962,ISRA,22
962,IVY,22
962,JASLEEN,22
962,JENNIE,22
962,KATARINA,22
962,KATLYN,22
962,KATYA,22
962,LETITIA,22
962,LIBBI,22
962,LUCI,22
962,LULU,22
962,MAHNOOR,22
962,MARWA,22
962,MATHILDE,22
962,REAGAN,22
962,SAHRA,22
962,SIENA,22
962,SYLVIE,22
962,TASHA,22
962,THERESA,22
962,XANTHE,22
992,AGNES,21
992,ALAW,21
992,ALYSSIA,21
992,ALYX,21
992,ANOUSHKA,21
992,ANWEN,21
992,ARIANNA,21
992,ARMANI,21
992,BEATRIX,21
992,BEYONCE,21
992,CARINA,21
992,DION,21
992,ELIF,21
992,EMMANUELLA,21
992,FALLON,21
992,FATEMA,21
992,IQRAH,21
992,ISMA,21
992,ISOBELLA,21
992,KENDRA,21
992,LILY-ROSE,21
992,MAHA,21
992,MAIYA,21
992,MANPREET,21
992,MASUMA,21
992,NORA,21
992,NUHA,21
992,RHIANA,21
992,ROSHNI,21
992,SAFAH,21
992,SANNAH,21
992,SHAZIA,21
992,THEODORA,21
1025,AIMIE,20
1025,BAYLEIGH,20
1025,CHARLI,20
1025,ELIANA,20
1025,FATHIMA,20
1025,GURPREET,20
1025,INAYAH,20
1025,IZABELLE,20
1025,JAIMEE,20
1025,JAY,20
1025,JO,20
1025,KAYCEE,20
1025,KELISE,20
1025,KIRSTIN,20
1025,KRISTEN,20
1025,LAIBA,20
1025,MABEL,20
1025,MADIHAH,20
1025,MAIREAD,20
1025,MARTINE,20
1025,MEAGAN,20
1025,MEERA,20
1025,NIEVE,20
1025,NIKKITA,20
1025,NISHAT,20
1025,OCEAN,20
1025,RAE,20
1025,REBEKKA,20
1025,REMI,20
1025,RIANNE,20
1025,SELENA,20
1025,SHANELLE,20
1025,TAHIRA,20
1025,TAHLIA,20
1025,TAMZYN,20
1025,TAYYIBAH,20
1025,TERI,20
1025,UZMA,20
1063,ALESSANDRA,19
1063,ALIVIA,19
1063,AMAN,19
1063,AMY-LOUISE,19
1063,ANNE-MARIE,19
1063,ASHTON,19
1063,BERNADETTE,19
1063,BISMAH,19
1063,CAOIMHE,19
1063,CHANICE,19
1063,CHRISTABEL,19
1063,CHRISTIANA,19
1063,DONNA,19
1063,EBONIE,19
1063,ELLOUISE,19
1063,FELICIA,19
1063,GAIA,19
1063,GIORGIA,19
1063,JANNAT,19
1063,JAYNE,19
1063,JAZMYN,19
1063,KIZZY,19
1063,KODIE,19
1063,LINDSEY,19
1063,MALEEHA,19
1063,MARI,19
1063,MENNA,19
1063,MISHA,19
1063,MONTANA,19
1063,NABILA,19
1063,NAZIFA,19
1063,OCTAVIA,19
1063,PHILLIPA,19
1063,PRISCILLA,19
1063,RANIA,19
1063,SAMIRAH,19
1063,SHANAY,19
1063,SHAUNNA,19
1063,SHIANNE,19
1063,SIANA,19
1063,SOMMER,19
1063,TAMSYN,19
1063,WENDY,19
1063,ZAYNA,19
1107,AAMNA,18
1107,ALEESHA,18
1107,ALEEZA,18
1107,AMEERA,18
1107,AMIEE,18
1107,AYAH,18
1107,AYISHA,18
1107,BEAU,18
1107,BERFIN,18
1107,CHANA,18
1107,CHARLIZE,18
1107,CIERA,18
1107,CORINNE,18
1107,DANIKA,18
1107,DELILAH,18
1107,EILEEN,18
1107,EILIDH,18
1107,ELAN,18
1107,ELLA-LOUISE,18
1107,ELLIE-LOUISE,18
1107,ELLIE-MAI,18
1107,EMER,18
1107,FARIHA,18
1107,GRETA,18
1107,HANAN,18
1107,HARPREET,18
1107,HIRA,18
1107,HUMA,18
1107,HUMERA,18
1107,HUSNA,18
1107,IKRAH,18
1107,INGRID,18
1107,JAIMIE,18
1107,JANA,18
1107,JASMYN,18
1107,JESS,18
1107,KARISHMA,18
1107,KELSI,18
1107,KLOE,18
1107,LARAIB,18
1107,MARNI,18
1107,MELINA,18
1107,MILA,18
1107,MINNIE,18
1107,NAIMAH,18
1107,NAZIA,18
1107,NEELAM,18
1107,ROWENA,18
1107,SABIHA,18
1107,SADIYAH,18
1107,SAMEERA,18
1107,SANJANA,18
1107,SARAH-JANE,18
1107,SHEIKH,18
1107,SHELLEY,18
1107,SHIRLEY,18
1107,SUMAYYA,18
1107,TABASSUM,18
1107,TAMIKA,18
1107,TASLIMA,18
1107,TIARNA,18
1107,TIGER,18
1107,UMA,18
1170,ABIGAEL,17
1170,ADELLE,17
1170,AISLINN,17
1170,ALISA,17
1170,ALLEGRA,17
1170,ANASTACIA,17
1170,ANEESHA,17
1170,ANNALIESE,17
1170,ANUM,17
1170,ANUSHKA,17
1170,ASTRID,17
1170,ATIYA,17
1170,AUDREY,17
1170,BECA,17
1170,BETHANEY,17
1170,BO,17
1170,CARIS,17
1170,CARLIE,17
1170,CASIE,17
1170,CHLOE-ANNE,17
1170,CHLOE-LOUISE,17
1170,CRISTINA,17
1170,DANI,17
1170,DIVINE,17
1170,ELLE-MAE,17
1170,ELLIW,17
1170,EMILLIE,17
1170,ESTELLA,17
1170,FIZZAH,17
1170,GERALDINE,17
1170,GIULIA,17
1170,HABIBAH,17
1170,HADIQA,17
1170,HAMDA,17
1170,HANAA,17
1170,HANIFA,17
1170,HARLEEN,17
1170,HEBA,17
1170,ILANA,17
1170,IMANI,17
1170,INDIGO,17
1170,IRSA,17
1170,JORDYN,17
1170,JUDITH,17
1170,KADIE,17
1170,KAIYA,17
1170,KEELEIGH,17
1170,KEELIE,17
1170,KENZIE,17
1170,KHADEEJAH,17
1170,LATOYA,17
1170,LILA,17
1170,LILY-MAY,17
1170,MADEEHA,17
1170,MAEGAN,17
1170,MAI,17
1170,MARGOT,17
1170,MARLEY,17
1170,MIKAYLA,17
1170,NAFEESA,17
1170,NUALA,17
1170,RAVEN,17
1170,RHEANNA,17
1170,RHIA,17
1170,ROSALIE,17
1170,SHANTELLE,17
1170,URSULA,17
1170,VIRGINIA,17
1238,AALIAH,16
1238,ADELAIDE,16
1238,ADRIENNE,16
1238,AIYSHA,16
1238,ALANIS,16
1238,ALEEMA,16
1238,ALIMA,16
1238,AMEENA,16
1238,ANEEKA,16
1238,ANNELIESE,16
1238,ANUSHA,16
1238,BETSY,16
1238,BIANCA,16
1238,CATALINA,16
1238,CATHRYN,16
1238,CATRINA,16
1238,COCO,16
1238,DARIA,16
1238,DOROTHY,16
1238,ELAINA,16
1238,ELANOR,16
1238,ELLIE-ROSE,16
1238,HELEDD,16
1238,HELIN,16
1238,JAIDA,16
1238,JANET,16
1238,KELLIE,16
1238,KENYA,16
1238,KIAYA,16
1238,KIRANDEEP,16
1238,KLARA,16
1238,KYM,16
1238,LAVINIA,16
1238,LEILANI,16
1238,LINDSAY,16
1238,LORRAINE,16
1238,MAARIA,16
1238,MARED,16
1238,MARTA,16
1238,MEHAK,16
1238,MHAIRI,16
1238,MUNIRA,16
1238,NATHALIE,16
1238,NAWAL,16
1238,NOUR,16
1238,NYA,16
1238,OTTILIE,16
1238,POLLYANNA,16
1238,RAHEEMA,16
1238,RAYAN,16
1238,RIVKA,16
1238,ROMANY,16
1238,RUQAIYAH,16
1238,SAGAL,16
1238,SAIMAH,16
1238,SALINA,16
1238,SANIYA,16
1238,SHAINA,16
1238,SHAWNA,16
1238,SIMRA,16
1238,SIWAN,16
1238,STACY,16
1238,SUSIE,16
1238,TAMERA,16
1238,TRACEY,16
1238,WINIFRED,16
1238,XENA,16
1305,AERYN,15
1305,AFREEN,15
1305,AFSANA,15
1305,AGATHA,15
1305,AHLAM,15
1305,AIZA,15
1305,ALLIYAH,15
1305,AMAANI,15
1305,AMANPREET,15
1305,AMAYA,15
1305,AROOSA,15
1305,CHERRY,15
1305,CLODAGH,15
1305,COLLEEN,15
1305,COLLETTE,15
1305,COSIMA,15
1305,DARCI,15
1305,ELIZ,15
1305,ESRA,15
1305,EZME,15
1305,HAFIZA,15
1305,HARSIMRAN,15
1305,IFRAH,15
1305,INAYA,15
1305,ISMAH,15
1305,JAMILAH,15
1305,JAYDEN,15
1305,JESSE,15
1305,JORDANA,15
1305,JORDON,15
1305,JOYCE,15
1305,JULIANA,15
1305,KATIE-LOUISE,15
1305,KERENZA,15
1305,KEYA,15
1305,LIANNE,15
1305,LILIA,15
1305,LORETTA,15
1305,MADELYN,15
1305,MAKENZIE,15
1305,MALIHA,15
1305,MARIANA,15
1305,MARIYAM,15
1305,MEHREEN,15
1305,MUMINAH,15
1305,SARINA,15
1305,SHANI,15
1305,SHANNEN,15
1305,TABATHA,15
1305,TAIBA,15
1305,TATE,15
1305,VALERIE,15
1305,VICKY,15
1305,ZAKIYA,15
1359,ALISHIA,14
1359,AMARAH,14
1359,ASHLEE,14
1359,ASIYAH,14
1359,AVNEET,14
1359,CARAGH,14
1359,CARI,14
1359,CHLOE-ANN,14
1359,DANNIELLA,14
1359,DEENA,14
1359,DEJA,14
1359,DIYA,14
1359,EISHA,14
1359,ELLENOR,14
1359,EMILEE,14
1359,EMILY-JANE,14
1359,EMINE,14
1359,FIZZA,14
1359,GEORGIANA,14
1359,GILLIAN,14
1359,GURSIMRAN,14
1359,GWENLLIAN,14
1359,HAWA,14
1359,HINA,14
1359,IRENE,14
1359,JORDANNA,14
1359,JORDANNE,14
1359,JUSTICE,14
1359,KAITLAN,14
1359,KAJAL,14
1359,KAYLEA,14
1359,KAYLIE,14
1359,KEARA,14
1359,KERI,14
1359,KERRIS,14
1359,KODI,14
1359,KYMBERLEY,14
1359,LEXIE,14
1359,LOGAN,14
1359,LORI,14
1359,LUCIANA,14
1359,MAIRA,14
1359,MAJA,14
1359,MARCIA,14
1359,MEA,14
1359,MISSY,14
1359,NADIRA,14
1359,NAFISAH,14
1359,NIAH,14
1359,NIOMI,14
1359,NUSAYBAH,14
1359,NUSRAT,14
1359,PAMELA,14
1359,PATSY,14
1359,PHEOBE,14
1359,RABIAH,14
1359,RADHIKA,14
1359,RAVEENA,14
1359,REA,14
1359,REEMA,14
1359,RENAE,14
1359,RENE,14
1359,REZWANA,14
1359,RHIANNAN,14
1359,RITA,14
1359,ROSEMARIE,14
1359,ROSY,14
1359,SAMAH,14
1359,SAMIYAH,14
1359,SHANIE,14
1359,SHAYNA,14
1359,SHOLA,14
1359,SHRIYA,14
1359,SYLVIA,14
1359,TASNIMA,14
1359,TAYBAH,14
1359,TEAH,14
1359,TIRION,14
1359,TRISHA,14
1359,UMME,14
1439,AAMIRAH,13
1439,ABIGALE,13
1439,AIYANA,13
1439,ALAA,13
1439,ALLANAH,13
1439,AMANDEEP,13
1439,ARIANE,13
1439,ASMAA,13
1439,AYAN,13
1439,AYMAN,13
1439,BAYLEE,13
1439,BLESSING,13
1439,BREANNA,13
1439,BRENDA,13
1439,CADI,13
1439,CARLOTTA,13
1439,CASSIA,13
1439,CHELSEA-LEIGH,13
1439,CHERIE,13
1439,CICELY,13
1439,CODI,13
1439,DANIA,13
1439,DANICA,13
1439,DEVIKA,13
1439,DEVINA,13
1439,DIVYA,13
1439,ECE,13
1439,EIMEAR,13
1439,ELESHA,13
1439,ELLIE-MARIE,13
1439,EMILY-ROSE,13
1439,EMMA-LOUISE,13
1439,GWEN,13
1439,HARRIETTE,13
1439,HAYLEIGH,13
1439,ILONA,13
1439,INDYA,13
1439,IONE,13
1439,ISIS,13
1439,IZABEL,13
1439,JAI,13
1439,JASKIRAN,13
1439,JAYCEE,13
1439,JOANA,13
1439,KALI,13
1439,KAYSHA,13
1439,KENDALL,13
1439,KRISTY,13
1439,KYAH,13
1439,LESLEY,13
1439,LIAH,13
1439,LOWENNA,13
1439,MAHEEN,13
1439,MAKAYLA,13
1439,MALKA,13
1439,MISTY,13
1439,MOLLI,13
1439,NERYS,13
1439,NEVAEH,13
1439,NIDA,13
1439,PAISLEY,13
1439,REESE,13
1439,RHONA,13
1439,RIDA,13
1439,RILEY,13
1439,SADAF,13
1439,SADIYA,13
1439,SALIHA,13
1439,SANYA,13
1439,SHAH,13
1439,SHAMIMA,13
1439,SHANIYA,13
1439,SHAY,13
1439,SHUKRI,13
1439,SKYLA,13
1439,STACIE,13
1439,TAMIA,13
1439,TEONA,13
1439,VENUS,13
1439,ZAKIA,13
1439,ZULAIKHA,13
1520,ADA,12
1520,AIMAN,12
1520,AKSA,12
1520,ALAINA,12
1520,ALANYA,12
1520,ALAYNA,12
1520,ALEAH,12
1520,ALISIA,12
1520,ALISSIA,12
1520,ALYCIA,12
1520,ALYSHIA,12
1520,AMANA,12
1520,AMEERAH,12
1520,AMENA,12
1520,ANN-MARIE,12
1520,ARIELLA,12
1520,BARBARA,12
1520,BEVERLEY,12
1520,BONITA,12
1520,CARENZA,12
1520,CARLEY,12
1520,CARMEL,12
1520,CATE,12
1520,CLIONA,12
1520,COREY,12
1520,CORRINA,12
1520,DENA,12
1520,EBONI,12
1520,EDA,12
1520,EILIS,12
1520,ELLESHA,12
1520,ELLOISE,12
1520,EMMELINE,12
1520,FARIDA,12
1520,FARJANA,12
1520,FATEHA,12
1520,FIZAH,12
1520,HADIA,12
1520,HAILEY,12
1520,HAILIE,12
1520,HAJRAH,12
1520,HANEEN,12
1520,INDIANA,12
1520,IOLA,12
1520,JAMEELA,12
1520,JAMELIA,12
1520,JASMEET,12
1520,JOCELYN,12
1520,KACY,12
1520,KALLIE,12
1520,KASIE,12
1520,KENDAL,12
1520,KEREN,12
1520,KERIS,12
1520,KHLOE,12
1520,KIRI,12
1520,KRISTIN,12
1520,LANEY,12
1520,LEE,12
1520,LEXI,12
1520,MANAL,12
1520,MARA,12
1520,MARGAUX,12
1520,MARIELLA,12
1520,MEADOW,12
1520,MERCY,12
1520,MERRYN,12
1520,MOLLY-ANNE,12
1520,MUSKAAN,12
1520,NABIHA,12
1520,NUR,12
1520,OLIVE,12
1520,ORLAGH,12
1520,PAULINE,12
1520,RAEGAN,12
1520,RANA,12
1520,REBECA,12
1520,ROMA,12
1520,SAIRAH,12
1520,SALEENA,12
1520,SANAM,12
1520,SANCHIA,12
1520,SEHRISH,12
1520,SHARMIN,12
1520,SHAYE,12
1520,SHELBIE,12
1520,SHELLY,12
1520,SIMRUN,12
1520,STARR,12
1520,TAHSIN,12
1520,TAMAR,12
1520,TAYAH,12
1520,TESNI,12
1520,TIAH,12
1520,TRACY,12
1520,TULSI,12
1520,YASMEEN,12
1617,ALEKSANDRA,11
1617,ALENA,11
1617,ALEYNA,11
1617,AMALIA,11
1617,ANAYA,11
1617,ANIA,11
1617,AREEBA,11
1617,BISMA,11
1617,BLISS,11
1617,BREEZE,11
1617,BRIANA,11
1617,BROOK,11
1617,CAROL,11
1617,CHINA,11
1617,D'ARCY,11
1617,DALIA,11
1617,DARA,11
1617,DEBBIE,11
1617,DELANEY,11
1617,DORA,11
1617,ELEANA,11
1617,ELOISA,11
1617,EMA,11
1617,EMAN,11
1617,EMERALD,11
1617,FAATIMAH,11
1617,FABIHA,11
1617,GIOVANNA,11
1617,GURLEEN,11
1617,HAMIDA,11
1617,HANNAN,11
1617,HIFZA,11
1617,ISABELL,11
1617,IZZY,11
1617,KADIJA,11
1617,KAMILA,11
1617,KASIA,11
1617,KATELAN,11
1617,KATELYNN,11
1617,KEAH,11
1617,KEAVY,11
1617,KRISHNA,11
1617,KRISTIE,11
1617,KUBRA,11
1617,LACIE,11
1617,LACY,11
1617,LEYA,11
1617,LISA-MARIE,11
1617,LLIO,11
1617,LORENA,11
1617,MALAK,11
1617,MALEEHAH,11
1617,MARYA,11
1617,MASOOMA,11
1617,MILENA,11
1617,MOLLY-JO,11
1617,MUNEEBAH,11
1617,MYRA,11
1617,NADIYAH,11
1617,NAHIMA,11
1617,NAILAH,11
1617,NAKITA,11
1617,NEEVE,11
1617,NEIVE,11
1617,NICHOLA,11
1617,NICHOLE,11
1617,NIDHI,11
1617,ORIANA,11
1617,PALOMA,11
1617,PATRICE,11
1617,PETRA,11
1617,POOJA,11
1617,RAEESAH,11
1617,RAMEESAH,11
1617,RHIANON,11
1617,ROMANA,11
1617,ROSALYN,11
1617,RUKHSAR,11
1617,SAARA,11
1617,SABIHAH,11
1617,SAFIYYA,11
1617,SAHER,11
1617,SAIDA,11
1617,SAMERA,11
1617,SANDEEP,11
1617,SASCHA,11
1617,SEEMA,11
1617,SEHAR,11
1617,SHALINI,11
1617,SHANAE,11
1617,SHANAYA,11
1617,SHANIAH,11
1617,SHEREEN,11
1617,SHIFA,11
1617,SHIRA,11
1617,SIMRAH,11
1617,SNEHA,11
1617,SOMER,11
1617,SYDNEE,11
1617,SYDNIE,11
1617,TALITHA,11
1617,TATUM,11
1617,TRUDIE,11
1617,UMAIMAH,11
1617,VIVIAN,11
1617,VIVIEN,11
1617,XARA,11
1617,XENIA,11
1617,YASMINA,11
1617,YVETTE,11
1617,ZEINAB,11
1728,AAKIFAH,10
1728,ADIBA,10
1728,ADINA,10
1728,ALEXANDREA,10
1728,ALIESHA,10
1728,ALISHAH,10
1728,ALMA,10
1728,ALYCE,10
1728,AMA,10
1728,AMBER-ROSE,10
1728,ANDIE,10
1728,ANOUSKA,10
1728,AREEJ,10
1728,ARZOO,10
1728,ASHLYN,10
1728,AYLIN,10
1728,BELLE,10
1728,BERNICE,10
1728,BLEONA,10
1728,BLYTHE,10
1728,BRENNA,10
1728,BUSE,10
1728,CAITLEN,10
1728,CAROLINA,10
1728,CEYDA,10
1728,CHELSI,10
1728,CHENISE,10
1728,CINDY,10
1728,CORTNEY,10
1728,DANYA,10
1728,DELLA,10
1728,DEMI-LEE,10
1728,ELIA,10
1728,ELIZE,10
1728,ELLA-MAE,10
1728,ELLICE,10
1728,ELLIE-JANE,10
1728,ELLIEMAY,10
1728,EMAAN,10
1728,EMANUELA,10
1728,EMMI,10
1728,ESMERALDA,10
1728,EUNICE,10
1728,FARIHAH,10
1728,FINLEY,10
1728,FOLASADE,10
1728,FRANCINE,10
1728,HADIYAH,10
1728,HANAH,10
1728,HANIFAH,10
1728,HARLIE,10
1728,HESTER,10
1728,HETTY,10
1728,HILARY,10
1728,IDA,10
1728,IFEOLUWA,10
1728,JACEY,10
1728,JAMIELEIGH,10
1728,JAVERIA,10
1728,JAYMIE,10
1728,JOLENE,10
1728,JORDEN,10
1728,JUDY,10
1728,JUWAIRIYYAH,10
1728,KADY,10
1728,KAI,10
1728,KAILA,10
1728,KARIN,10
1728,KATIE-JANE,10
1728,KAVITA,10
1728,KETSIA,10
1728,KIREN,10
1728,LAETITIA,10
1728,LAUREL,10
1728,LEIGH-ANNE,10
1728,LETISHA,10
1728,LITA,10
1728,LIYA,10
1728,LLINOS,10
1728,LOVEDAY,10
1728,MAHBUBA,10
1728,MAIRI,10
1728,MARIKA,10
1728,MARIUM,10
1728,MARYUM,10
1728,MEDINA,10
1728,MELIS,10
1728,MELLISSA,10
1728,MERYEM,10
1728,MIKAELA,10
1728,MILLA,10
1728,MIRA,10
1728,MISCHA,10
1728,MYFANWY,10
1728,NABILAH,10
1728,NADIRAH,10
1728,NAFEESAH,10
1728,NAILA,10
1728,NNEKA,10
1728,OONAGH,10
1728,PAYTON,10
1728,PHEBE,10
1728,POPPIE,10
1728,RESHMA,10
1728,RIANA,10
1728,RIANNON,10
1728,RIMA,10
1728,ROBIN,10
1728,ROMILLY,10
1728,ROSEANNE,10
1728,SABINE,10
1728,SAFAA,10
1728,SAFFA,10
1728,SAKINA,10
1728,SALEHA,10
1728,SAMAR,10
1728,SAMRA,10
1728,SANIYAH,10
1728,SHABNAM,10
1728,SHANNA,10
1728,SHANTEL,10
1728,SHEA,10
1728,SHERIDAN,10
1728,SHIAN,10
1728,SHYANN,10
1728,SIMRANJIT,10
1728,SKIE,10
1728,SOPHIE-LOUISE,10
1728,SORREL,10
1728,SUHA,10
1728,SUMAN,10
1728,SUMMA,10
1728,SUZANNAH,10
1728,TAIA,10
1728,TALLULA,10
1728,TALYA,10
1728,TASMINA,10
1728,TEHREEM,10
1728,TIONNE,10
1728,WINNIE,10
1728,YARA,10
1728,ZENAB,10
1870,AAISHAH,9
1870,AAMENA,9
1870,ABBYGAIL,9
1870,ACACIA,9
1870,AMNAH,9
1870,ANABELLE,9
1870,ANEEQA,9
1870,ANJUM,9
1870,ANJUMA,9
1870,ANMOL,9
1870,ANOUK,9
1870,ANTOINETTE,9
1870,ARAMINTA,9
1870,ARIA,9
1870,ARIFAH,9
1870,ASHLIE,9
1870,ASHNA,9
1870,AURELIA,9
1870,BHAVIKA,9
1870,BRITTNEY,9
1870,BRYANNA,9
1870,CAITLAIN,9
1870,CANSU,9
1870,CHASE,9
1870,CHERISH,9
1870,CHRYSTAL,9
1870,COURTNIE,9
1870,CYNTHIA,9
1870,DAKOTA,9
1870,DAWN,9
1870,DEANA,9
1870,DELYTH,9
1870,DESIREE,9
1870,EDONA,9
1870,EIREANN,9
1870,ELINA,9
1870,ELISHIA,9
1870,ELISIA,9
1870,FAE,9
1870,FARHEEN,9
1870,FATHEMA,9
1870,FIONNUALA,9
1870,GRAINNE,9
1870,HAMNA,9
1870,HARLEIGH,9
1870,HETTIE,9
1870,IFFAT,9
1870,ILAYDA,9
1870,ILHAM,9
1870,IMARNI,9
1870,ISABELA,9
1870,JANINE,9
1870,JAYE,9
1870,JAYMEE,9
1870,JENA,9
1870,JENNI,9
1870,JONI,9
1870,JOVANA,9
1870,JUSTINA,9
1870,KATEY,9
1870,KATIE-ANNE,9
1870,KAWTHAR,9
1870,KEHINDE,9
1870,KELCIE,9
1870,KERYN,9
1870,KESIA,9
1870,KEYLEIGH,9
1870,KHALISAH,9
1870,KINZA,9
1870,LAINA,9
1870,LANI,9
1870,LAURAN,9
1870,LEILAH,9
1870,LIDIA,9
1870,LILY-ANNE,9
1870,LOTTE,9
1870,LUBNA,9
1870,LUNA,9
1870,LYNN,9
1870,MADINA,9
1870,MAHAM,9
1870,MAHFUZA,9
1870,MAHIRA,9
1870,MALIKAH,9
1870,MANAHIL,9
1870,MARCIE,9
1870,MAUD,9
1870,MEDI,9
1870,MEGHANN,9
1870,MEGHNA,9
1870,MIR,9
1870,MOHIMA,9
1870,MONET,9
1870,MORWENNA,9
1870,MOYA,9
1870,MUSKAN,9
1870,NABIHAH,9
1870,NADIYA,9
1870,NAZISH,9
1870,NAZMIN,9
1870,NELLY,9
1870,NIKHITA,9
1870,PARRIS,9
1870,PASCALE,9
1870,PAVAN,9
1870,PRIMROSE,9
1870,RACHEAL,9
1870,RAEESA,9
1870,RAMISA,9
1870,RAQUEL,9
1870,RASHIDA,9
1870,REHANA,9
1870,ROMEY,9
1870,ROXANNA,9
1870,ROZERIN,9
1870,RUBIE,9
1870,RUQAYYA,9
1870,SAFINA,9
1870,SAHIBA,9
1870,SAJIDA,9
1870,SAMIAH,9
1870,SAMREEN,9
1870,SHAE,9
1870,SHAIMA,9
1870,SHANAZ,9
1870,SHANIQUA,9
1870,SHAYMA,9
1870,SHERRIE,9
1870,SHRUTI,9
1870,SIDNEY,9
1870,SIMI,9
1870,SUMAYAH,9
1870,SUNDUS,9
1870,SURAIYA,9
1870,SUZIE,9
1870,TAHERA,9
1870,TAI,9
1870,TALA,9
1870,TALI,9
1870,TANIKA,9
1870,TANZEELA,9
1870,TEGEN,9
1870,TEHYA,9
1870,THAILA,9
1870,TOYAH,9
1870,WAHIDA,9
1870,YUMNA,9
1870,ZAINEB,9
1870,ZARINA,9
1870,ZOFIA,9
1870,ZOHA,9
1870,ZOHRA,9
1870,ZULEKHA,9
2023,A'ISHA,8
2023,A'ISHAH,8
2023,AALIA,8
2023,AANYA,8
2023,ADEENA,8
2023,ADELINE,8
2023,ADITI,8
2023,AIDA,8
2023,AISHAT,8
2023,ALARA,8
2023,ALIAH,8
2023,ALLISON,8
2023,AMBIA,8
2023,AMBREEN,8
2023,AMEL,8
2023,AMISHA,8
2023,AMMARA,8
2023,ANANYA,8
2023,ANEELA,8
2023,ANESHA,8
2023,ANISSA,8
2023,ANNA-MARIE,8
2023,ANNALISA,8
2023,ANNELISE,8
2023,ARIELLE,8
2023,AYAAN,8
2023,AYANNA,8
2023,AYOMIDE,8
2023,BECCI,8
2023,BETTY,8
2023,BLAISE,8
2023,BOBBY,8
2023,BREE,8
2023,CAITRIONA,8
2023,CARRIE-ANNE,8
2023,CATIE,8
2023,CAYLA,8
2023,CAYLEIGH,8
2023,CEARA,8
2023,CEIRA,8
2023,CERIS,8
2023,CHANNEL,8
2023,CHARISMA,8
2023,CHARLEA,8
2023,CHARLIE-ANN,8
2023,CLAIR,8
2023,CLEMENCE,8
2023,CLIO,8
2023,DAHLIA,8
2023,DAISY-MAY,8
2023,DAMLA,8
2023,DAPHNE,8
2023,DEE,8
2023,DEMI-LEA,8
2023,DEMILEE,8
2023,DENI,8
2023,DESTINEE,8
2023,DILAN,8
2023,ELEANORE,8
2023,ELLA-ROSE,8
2023,ELLEANOR,8
2023,ELLEE,8
2023,ELLYSE,8
2023,ELORA,8
2023,ELYSHA,8
2023,EMI,8
2023,EMMANUELLE,8
2023,EZGI,8
2023,FAHEEMA,8
2023,FRAYA,8
2023,GEENA,8
2023,GEORGIA-LEIGH,8
2023,GIZEM,8
2023,GYPSY,8
2023,HARKIRAN,8
2023,HASNA,8
2023,HEAVEN,8
2023,HELENE,8
2023,HUMAIRAH,8
2023,HUSNAA,8
2023,IFFAH,8
2023,INDIE,8
2023,INEZ,8
2023,INSHA,8
2023,IRSAH,8
2023,ISHBEL,8
2023,ISHRAT,8
2023,JAMIE-LOUISE,8
2023,JEAN,8
2023,JULIANNE,8
2023,JUWARIAH,8
2023,KACI-LEIGH,8
2023,KAILEY,8
2023,KAIRA,8
2023,KAISHA,8
2023,KALIYAH,8
2023,KANDICE,8
2023,KARIMAH,8
2023,KARLI,8
2023,KARMEN,8
2023,KAROLINA,8
2023,KATIE-ANN,8
2023,KATIE-LEIGH,8
2023,KAZI,8
2023,KEA,8
2023,KEERA,8
2023,KHADEEJA,8
2023,KIESHA,8
2023,KLAUDIA,8
2023,LEELA,8
2023,LISHA,8
2023,LIVVY,8
2023,LOURDES,8
2023,LUCA,8
2023,LYNDSEY,8
2023,LYNSEY,8
2023,MAARYA,8
2023,MADELENE,8
2023,MAIMUNA,8
2023,MAIR,8
2023,MALIA,8
2023,MANAR,8
2023,MEHWISH,8
2023,MIKA,8
2023,MILICA,8
2023,MOLLY-ANN,8
2023,MONA,8
2023,MONIKA,8
2023,MUNIBAH,8
2023,NAEEMA,8
2023,NASRIN,8
2023,NAYAAB,8
2023,NELLIE,8
2023,NIKISHA,8
2023,NOA,8
2023,NUMA,8
2023,OLLIE,8
2023,OLUWAFUNMILAYO,8
2023,OLUWATAMILORE,8
2023,OLUWATOBI,8
2023,OLUWATOSIN,8
2023,ORLAITH,8
2023,PAGAN,8
2023,PAYAL,8
2023,PEYTON,8
2023,PHILOMENA,8
2023,RAYHANA,8
2023,REECE,8
2023,RHYANNA,8
2023,RIDDHI,8
2023,RIMSHAH,8
2023,RIONA,8
2023,RITIKA,8
2023,ROMI,8
2023,RONNIE,8
2023,SAALIHAH,8
2023,SAKINAH,8
2023,SAM,8
2023,SAMAN,8
2023,SAMMI,8
2023,SAMMY-JO,8
2023,SANDY,8
2023,SELEN,8
2023,SELMA,8
2023,SERISH,8
2023,SHAAN,8
2023,SHAHIDA,8
2023,SHAI,8
2023,SHANEL,8
2023,SHANNON-LOUISE,8
2023,SHANTAY,8
2023,SHAREEN,8
2023,SHEILA,8
2023,SHERRY,8
2023,SHORNA,8
2023,SILVIA,8
2023,SIMA,8
2023,SIMONA,8
2023,SIMREN,8
2023,SKYLAR,8
2023,SONYA,8
2023,STEFANIE,8
2023,SULTAN,8
2023,SUNNAH,8
2023,TAHIYA,8
2023,TALISHA,8
2023,TALIYAH,8
2023,TANSY,8
2023,TEMITOPE,8
2023,TEYA,8
2023,TOPAZ,8
2023,TYNE,8
2023,VANEEZA,8
2023,VICKI,8
2023,VITA,8
2023,VIVIENNE,8
2023,YANA,8
2023,YOLANDA,8
2023,YVONNE,8
2023,ZAFIRAH,8
2023,ZIA,8
2023,ZILAN,8
2023,ZOBIA,8
2226,ADRIANNA,7
2226,AICHA,7
2226,AIME,7
2226,AISHWARYA,7
2226,AISLIN,7
2226,AKSAH,7
2226,AKUA,7
2226,ALEIGHA,7
2226,ALISHBA,7
2226,ALYSON,7
2226,AMAARA,7
2226,AMETHYST,7
2226,AMREEN,7
2226,AMY-LEIGH,7
2226,ANEIRA,7
2226,ANNICE,7
2226,ANNIS,7
2226,ANNMARIE,7
2226,AREEBAH,7
2226,ARIADNE,7
2226,ARIBAH,7
2226,ARISHA,7
2226,ARWEN,7
2226,ASTON,7
2226,AVANI,7
2226,AVRIL,7
2226,BAILEIGH,7
2226,BAYLEY,7
2226,BECKIE,7
2226,BRANDI,7
2226,BRIA,7
2226,CALEY,7
2226,CARLI,7
2226,CATARINA,7
2226,CELINA,7
2226,CEREN,7
2226,CHANDNI,7
2226,CHAVA,7
2226,CHLOE-MARIE,7
2226,CHOLE,7
2226,CHRISTA,7
2226,CORALIE,7
2226,CRESSIDA,7
2226,DAINA,7
2226,DAISY-MAE,7
2226,DAMARIS,7
2226,DANAE,7
2226,DARBY,7
2226,DARLA,7
2226,DEANNE,7
2226,DEBRA,7
2226,DEMMI,7
2226,DHARA,7
2226,DILPREET,7
2226,DIXIE,7
2226,DOLCIE,7
2226,DOLLY,7
2226,EADIE,7
2226,ELEONORA,7
2226,ELLIE-JO,7
2226,ELUNED,7
2226,ELYSSE,7
2226,ERA,7
2226,ESTER,7
2226,EVEY,7
2226,FABIA,7
2226,FABIENNE,7
2226,FARIA,7
2226,FATOU,7
2226,FAWZIYAH,7
2226,FAZILA,7
2226,FINOLA,7
2226,FLAVIA,7
2226,FREDA,7
2226,FREDERICA,7
2226,HADIYA,7
2226,HAJAR,7
2226,HAJIRA,7
2226,HANEEFA,7
2226,HANEEFAH,7
2226,HANIAH,7
2226,HANSA,7
2226,HARMONIE,7
2226,HEMA,7
2226,HIFSA,7
2226,HOLLEY,7
2226,IKRAM,7
2226,ILHAN,7
2226,IMOGENE,7
2226,ISRAA,7
2226,JAMIE-LEA,7
2226,JAMIMA,7
2226,JANICE,7
2226,JANNAH,7
2226,JAYME,7
2226,JAYNA,7
2226,JESSIKA,7
2226,JEWEL,7
2226,JORDANN,7
2226,JUWAYRIYAH,7
2226,KALEIGH,7
2226,KAMILAH,7
2226,KATELAND,7
2226,KATHRINE,7
2226,KATRIONA,7
2226,KAYCI,7
2226,KAYE,7
2226,KAYLAH,7
2226,KC,7
2226,KEEVA,7
2226,KEIGHLEY,7
2226,KELCI,7
2226,KELLIS,7
2226,KENZA,7
2226,KERENSA,7
2226,KERRI-ANN,7
2226,KERRIANNE,7
2226,KERRY-ANN,7
2226,KHANSA,7
2226,KHUSHI,7
2226,KIMRAN,7
2226,KIRAH,7
2226,KIRBY,7
2226,KIT,7
2226,KIZZIE,7
2226,KRISTAL,7
2226,KYANNE,7
2226,KYIA,7
2226,LACE,7
2226,LAINEY,7
2226,LAKSHMI,7
2226,LARNA,7
2226,LATIFAH,7
2226,LIANNA,7
2226,LILAH,7
2226,LILY-ANN,7
2226,LIYAH,7
2226,LIZA,7
2226,LORENZA,7
2226,LOUELLA,7
2226,LUCILLE,7
2226,MAAME,7
2226,MADELIN,7
2226,MADIYA,7
2226,MAGDALENA,7
2226,MARIAMA,7
2226,MARY-KATE,7
2226,MARYAH,7
2226,MARYAN,7
2226,MELEK,7
2226,MELIKE,7
2226,MELINDA,7
2226,MERIEM,7
2226,MICHAELLA,7
2226,MILAN,7
2226,MILI,7
2226,MIRABELLE,7
2226,MOLI,7
2226,MORGEN,7
2226,MUSAMMATH,7
2226,NABEELA,7
2226,NAHIDA,7
2226,NASRA,7
2226,NAVNEET,7
2226,NAYAB,7
2226,NERISSA,7
2226,NIMO,7
2226,NOORA,7
2226,NOSHEEN,7
2226,OLAMIDE,7
2226,OLUWASEUN,7
2226,PARISA,7
2226,PRAISE,7
2226,PREET,7
2226,RAMISHA,7
2226,RAMLA,7
2226,RAYA,7
2226,REAH,7
2226,REBEKA,7
2226,REGINA,7
2226,REMY,7
2226,RIAH,7
2226,RIDHI,7
2226,RINA,7
2226,RONA,7
2226,RONNI,7
2226,ROSEY,7
2226,RUMAISA,7
2226,RUMAYSA,7
2226,SABHA,7
2226,SALIMA,7
2226,SAMMY,7
2226,SAMRAH,7
2226,SAMYA,7
2226,SANJIDAH,7
2226,SARAH-JAYNE,7
2226,SARAH-LOUISE,7
2226,SAREENA,7
2226,SAVANAH,7
2226,SAVERA,7
2226,SEJAL,7
2226,SERA,7
2226,SHABANA,7
2226,SHAKILA,7
2226,SHANADE,7
2226,SHANAI,7
2226,SHANIQUE,7
2226,SHANNAY,7
2226,SHARIKA,7
2226,SHARN,7
2226,SHAUNIE,7
2226,SHAZNAY,7
2226,SHYLA,7
2226,SIA,7
2226,SIANNA,7
2226,SIHAM,7
2226,SOFIYA,7
2226,SOPHY,7
2226,STEFANIA,7
2226,SUKHMANI,7
2226,SUMIYA,7
2226,SUNNY,7
2226,TAMANA,7
2226,TARRYN,7
2226,TAYLAH,7
2226,TEMILOLUWA,7
2226,TEMPANY,7
2226,THAMINA,7
2226,TIA-LOUISE,7
2226,TIYA,7
2226,UMAYMAH,7
2226,UNA,7
2226,VIENNA,7
2226,WINONA,7
2226,YAEL,7
2226,YOUSRA,7
2226,ZAINUB,7
2226,ZAIRA,7
2226,ZEHRA,7
2226,ZOEY,7
2466,AAIZA,6
2466,ABEER,6
2466,ABISHA,6
2466,ADARA,6
2466,ADEEBA,6
2466,ADELA,6
2466,AFRA,6
2466,AFSHAN,6
2466,AILEEN,6
2466,AKIFAH,6
2466,ALBA,6
2466,ALEASHA,6
2466,ALEEMAH,6
2466,ALEYSHA,6
2466,AMBER-LEIGH,6
2466,AMBER-LOUISE,6
2466,AMBRIN,6
2466,AMEE,6
2466,AMEENAH,6
2466,AMILIA,6
2466,AMY-JO,6
2466,AMYLEIGH,6
2466,ANIQAH,6
2466,ANJOLAOLUWA,6
2466,ANNA-MARIA,6
2466,ANNETTE,6
2466,ANTIGONE,6
2466,ARTEMIS,6
2466,ASHER,6
2466,ASHLING,6
2466,ASPEN,6
2466,ATIYYAH,6
2466,AVNI,6
2466,AYANA,6
2466,AZARIA,6
2466,AZIZA,6
2466,BAILIE,6
2466,BANITA,6
2466,BEGUM,6
2466,BENEDICTE,6
2466,BESSIE,6
2466,BETHIA,6
2466,BIBA,6
2466,BOBBIE-JO,6
2466,BRIANNE,6
2466,BRIDEY,6
2466,BRONAGH,6
2466,BRYDIE,6
2466,BRYONI,6
2466,BRYONIE,6
2466,CAISEY,6
2466,CALYPSO,6
2466,CAMRYN,6
2466,CAROLYN,6
2466,CARRIE-ANN,6
2466,CECILE,6
2466,CHANTAY,6
2466,CHANTELL,6
2466,CHERICE,6
2466,CHIAMAKA,6
2466,CHYANNE,6
2466,CODEY,6
2466,COLBY,6
2466,CORINNA,6
2466,DEMI-LOUISE,6
2466,DENIZ,6
2466,DIANE,6
2466,DIAZ,6
2466,DINAH,6
2466,DORCAS,6
2466,EBONNIE,6
2466,ECEM,6
2466,EFFIE,6
2466,EHLANA,6
2466,ELLE-MAI,6
2466,ELLE-MAY,6
2466,ELLEIGH,6
2466,ELLESE,6
2466,ELLICIA,6
2466,ELLIE-ANNE,6
2466,EMELIE,6
2466,EMILLY,6
2466,EMILY-LOUISE,6
2466,ENIOLA,6
2466,ESMA,6
2466,ESMAE,6
2466,ETIENNE,6
2466,ETTA,6
2466,EUGENIE,6
2466,EVEE,6
2466,FAAIZA,6
2466,FAAIZAH,6
2466,FAIGY,6
2466,FAJAR,6
2466,FARHA,6
2466,FATIHA,6
2466,FEIGY,6
2466,FINTY,6
2466,FRANCHESCA,6
2466,GAMZE,6
2466,GEORGA,6
2466,GIA,6
2466,GIANNA,6
2466,GILA,6
2466,GWENDOLEN,6
2466,HAADIYAH,6
2466,HADASSAH,6
2466,HAFZA,6
2466,HAIDEE,6
2466,HALA,6
2466,HALEY,6
2466,HANI,6
2466,HARJOT,6
2466,HASEENA,6
2466,HAZAL,6
2466,HAZERA,6
2466,HIBAQ,6
2466,HODAN,6
2466,HUMNA,6
2466,IDIL,6
2466,IESHA,6
2466,INDIYA,6
2466,IQRAA,6
2466,IREM,6
2466,IRUM,6
2466,ISSEY,6
2466,IVANA,6
2466,JADZIA,6
2466,JAIME-LEIGH,6
2466,JASMEEN,6
2466,JASMINA,6
2466,JAYCIE,6
2466,JAZZ,6
2466,JAZZMINE,6
2466,JEANETTE,6
2466,JILLIAN,6
2466,JOELLE,6
2466,JOEY,6
2466,JOLEEN,6
2466,JORDAN-LEIGH,6
2466,JUNO,6
2466,KADI,6
2466,KAINAT,6
2466,KAJOL,6
2466,KARIMA,6
2466,KARLY,6
2466,KAYCIE,6
2466,KAYLIEGH,6
2466,KAYTIE,6
2466,KAYTLIN,6
2466,KEANNA,6
2466,KELEIGH,6
2466,KEMI,6
2466,KERA,6
2466,KERRYN,6
2466,KIANNE,6
2466,KIARAH,6
2466,KIERRA,6
2466,KIRRA,6
2466,KIRSTYN,6
2466,KRISHMA,6
2466,KULSUMA,6
2466,KYMBERLY,6
2466,LAKISHA,6
2466,LAMYA,6
2466,LASHAY,6
2466,LAURELLE,6
2466,LEANA,6
2466,LEONE,6
2466,LINZI,6
2466,LUCIENNE,6
2466,LUCY-ANNE,6
2466,MADALAINE,6
2466,MADDI,6
2466,MAGENTA,6
2466,MAHALIA,6
2466,MAHDIYYAH,6
2466,MAHEK,6
2466,MAHMUDA,6
2466,MAICIE,6
2466,MAIMOONA,6
2466,MALA,6
2466,MANDEEP,6
2466,MANSI,6
2466,MANUELA,6
2466,MARCY,6
2466,MARIAN,6
2466,MARIELLE,6
2466,MARILYN,6
2466,MARION,6
2466,MARYAMA,6
2466,MATILDE,6
2466,MAZIE,6
2466,MEAGHAN,6
2466,MEESHA,6
2466,MEGAN-LOUISE,6
2466,MEGAN-ROSE,6
2466,MEGHA,6
2466,MEGI,6
2466,MELITA,6
2466,MELODIE,6
2466,MERCEDEZ,6
2466,MIA-ROSE,6
2466,MICAELA,6
2466,MICHA,6
2466,MODUPE,6
2466,MOLLIE-MAE,6
2466,MOLLY-MAE,6
2466,MOMINA,6
2466,MORIUM,6
2466,MUNEEBA,6
2466,MYLA,6
2466,NABEEHA,6
2466,NABEELAH,6
2466,NADYA,6
2466,NAKIA,6
2466,NAMIRA,6
2466,NASREEN,6
2466,NEESHA,6
2466,NEISHA,6
2466,NIYAH,6
2466,NOEMI,6
2466,NOLA,6
2466,NOSHIN,6
2466,NOVA,6
2466,NUSAYBA,6
2466,NUSRATH,6
2466,OAKLEY,6
2466,OLUWATONI,6
2466,OZLEM,6
2466,PETA,6
2466,PIYA,6
2466,POPPI,6
2466,PORSHA,6
2466,RABIYA,6
2466,RAMANDEEP,6
2466,RAMSHA,6
2466,RAZAN,6
2466,REANN,6
2466,RENA,6
2466,RENATA,6
2466,RHEANNE,6
2466,RHEANNON,6
2466,RIAN,6
2466,RIKA,6
2466,ROCHEL,6
2466,ROYA,6
2466,RUBINA,6
2466,RUDI,6
2466,SABAA,6
2466,SABIA,6
2466,SAFEENA,6
2466,SAFFIA,6
2466,SAIBA,6
2466,SAJIDAH,6
2466,SALOME,6
2466,SANJIDA,6
2466,SAPHIRE,6
2466,SAVINA,6
2466,SEANA,6
2466,SEHER,6
2466,SEMA,6
2466,SHAHEEN,6
2466,SHAMA,6
2466,SHANON,6
2466,SHANTELL,6
2466,SHARDAE,6
2466,SHEREE,6
2466,SHERIE,6
2466,SHIREEN,6
2466,SHIRIN,6
2466,SHREEYA,6
2466,SHYANNE,6
2466,SIBEL,6
2466,SIMRANDEEP,6
2466,SITI,6
2466,SOHA,6
2466,SONIQUE,6
2466,SOPHINA,6
2466,STEFANI,6
2466,SUHANA,6
2466,SUKI,6
2466,SULTANA,6
2466,SUMEYA,6
2466,SYED,6
2466,SYMRAN,6
2466,TAHREEM,6
2466,TAILA,6
2466,TALIAH,6
2466,TALISA,6
2466,TAMIRA,6
2466,TAMMIE,6
2466,TANIYA,6
2466,TANVI,6
2466,TASMIA,6
2466,TATYANA,6
2466,TAYBA,6
2466,TAYLAR,6
2466,TEMIDAYO,6
2466,TEMILOLA,6
2466,TIJANA,6
2466,TRUDY,6
2466,UNAISAH,6
2466,VALERIA,6
2466,VERA,6
2466,VIKTORIA,6
2466,WARDA,6
2466,WING,6
2466,XSARA,6
2466,YETUNDE,6
2466,ZAKIYAH,6
2466,ZARRIN,6
2466,ZEBA,6
2466,ZELAL,6
2466,ZELDA,6
2466,ZHANE,6
2466,ZUBAIDA,6
2783,AARTI,5
2783,AASIYAH,5
2783,ABBIEGAIL,5
2783,ABENA,5
2783,ABYGAIL,5
2783,ACELYA,5
2783,ADAEZE,5
2783,ADJOA,5
2783,ADORA,5
2783,AFIFAH,5
2783,AILA,5
2783,AKIFA,5
2783,AKLIMA,5
2783,ALANTA,5
2783,ALEEYAH,5
2783,ALESHIA,5
2783,ALESIA,5
2783,ALETHEA,5
2783,ALEXI,5
2783,ALEYAH,5
2783,ALIMAH,5
2783,ALLA,5
2783,ALMAS,5
2783,ALYA,5
2783,AMAR,5
2783,AMBERLEY,5
2783,AMEESHA,5
2783,AMERA,5
2783,AMINATA,5
2783,AMMIE,5
2783,AMRAN,5
2783,AMYE,5
2783,ANAIYA,5
2783,ANDI,5
2783,ANDREIA,5
2783,ANEST,5
2783,ANGELIKA,5
2783,ANIELA,5
2783,ANILA,5
2783,ANKITA,5
2783,ANNABELL,5
2783,ANNEKA,5
2783,ANNUM,5
2783,ANNYA,5
2783,ANUOLUWAPO,5
2783,APHRA,5
2783,ARLINDA,5
2783,ASRA,5
2783,ASYA,5
2783,ATHINA,5
2783,ATIYAH,5
2783,AUGUSTA,5
2783,AWA,5
2783,AYAT,5
2783,AYEESHA,5
2783,AYEISHA,5
2783,AYSIA,5
2783,AZIZAH,5
2783,BAILA,5
2783,BEATRIZ,5
2783,BERRY,5
2783,BETHLEHEM,5
2783,BEVIN,5
2783,BHAVINI,5
2783,BIJOU,5
2783,BLAZE,5
2783,BLOSSOM,5
2783,BLUEBELL,5
2783,BREANNE,5
2783,BRITANY,5
2783,BRONYA,5
2783,BURCU,5
2783,BUSRA,5
2783,CALI,5
2783,CALLI,5
2783,CAMARA,5
2783,CARIAD,5
2783,CARISSA,5
2783,CARSON,5
2783,CASSEY,5
2783,CATIA,5
2783,CATRYN,5
2783,CAYLEE,5
2783,CEINWEN,5
2783,CERIDWEN,5
2783,CHANNELLE,5
2783,CHANTAE,5
2783,CHIANA,5
2783,CLIODHNA,5
2783,CORIN,5
2783,CORRINE,5
2783,COSTANZA,5
2783,COURTNY,5
2783,CREE,5
2783,CYDNIE,5
2783,DARIAN,5
2783,DARYA,5
2783,DAYA,5
2783,DELIA,5
2783,DELPHI,5
2783,DEMILEA,5
2783,DENNI,5
2783,DENNIE,5
2783,DENVER,5
2783,DEON,5
2783,DESTINI,5
2783,DUAA,5
2783,EBONEY,5
2783,EIRA,5
2783,EIRINN,5
2783,EITHNE,5
2783,ELAIN,5
2783,ELEISHA,5
2783,ELISSE,5
2783,ELISSIA,5
2783,ELLANOR,5
2783,ELLEMAY,5
2783,ELLIE-,5
2783,ELLIE-ANN,5
2783,ELLIE-JADE,5
2783,ELLISA,5
2783,ELLISSE,5
2783,ELLISSIA,5
2783,ELLORA,5
2783,ELLYN,5
2783,ELLYSHA,5
2783,ELSBETH,5
2783,ELVIE,5
2783,ELYSSA,5
2783,EMILY-JADE,5
2783,EMILY-MAE,5
2783,EMMA-LEIGH,5
2783,ENOLA,5
2783,ERRIN,5
2783,EVIN,5
2783,FABBIHA,5
2783,FAIMA,5
2783,FAISA,5
2783,FALAK,5
2783,FATHEHA,5
2783,FERNE,5
2783,FIRDAWS,5
2783,FIYINFOLUWA,5
2783,FOZIA,5
2783,GEORGIA-MAE,5
2783,GITTEL,5
2783,GWENNAN,5
2783,GWENNO,5
2783,GWYNETH,5
2783,HAAJRAH,5
2783,HABEEBA,5
2783,HADEEQA,5
2783,HAIQA,5
2783,HALI,5
2783,HAMDI,5
2783,HANIA,5
2783,HANIYA,5
2783,HAWWA,5
2783,HAYA,5
2783,HENA,5
2783,HENNAH,5
2783,HILLARY,5
2783,HINAL,5
2783,HIND,5
2783,HIRRA,5
2783,HODA,5
2783,HOLLY-ANN,5
2783,HOLLY-ANNE,5
2783,HONOUR,5
2783,IBTISAM,5
2783,IBUKUNOLUWA,5
2783,IFRA,5
2783,ILA,5
2783,ILHAAM,5
2783,INDEA,5
2783,INDERPREET,5
2783,INDI,5
2783,INDIANNA,5
2783,ISHANI,5
2783,ITALIA,5
2783,IZABELA,5
2783,IZEL,5
2783,JACINTA,5
2783,JACKIE,5
2783,JADIE,5
2783,JANIE,5
2783,JANKI,5
2783,JANNATUL,5
2783,JASDEEP,5
2783,JASNEET,5
2783,JAVAIRIA,5
2783,JAWAIRIA,5
2783,JAYLEIGH,5
2783,JENAI,5
2783,JENNAH,5
2783,JEORGIA,5
2783,JOSEY,5
2783,JUWAIRIYAH,5
2783,KA,5
2783,KAELA,5
2783,KAILEIGH,5
2783,KAINAAT,5
2783,KAITLYNN,5
2783,KALEISHA,5
2783,KALEY,5
2783,KALLI,5
2783,KAMARA,5
2783,KARLEY,5
2783,KARRIS,5
2783,KASI,5
2783,KATIA,5
2783,KATIE-JAYNE,5
2783,KATJA,5
2783,KATLIN,5
2783,KAYDEE,5
2783,KAYDIE,5
2783,KAYSEY,5
2783,KAYSIE,5
2783,KEALEY,5
2783,KELCEY,5
2783,KELLY-ANN,5
2783,KELLY-ANNE,5
2783,KELLY-MARIE,5
2783,KHADIZA,5
2783,KHALIDA,5
2783,KHAWLA,5
2783,KHUSBU,5
2783,KIERAH,5
2783,KIMANI,5
2783,KIMIA,5
2783,KIONA,5
2783,KONAIN,5
2783,KOURTNEY,5
2783,KRISTA,5
2783,KRUPA,5
2783,KULSOOM,5
2783,KYANNA,5
2783,LACI,5
2783,LADAN,5
2783,LADY,5
2783,LAINE,5
2783,LAIQA,5
2783,LAKEISHA,5
2783,LAMORNA,5
2783,LAURA-MAY,5
2783,LEANN,5
2783,LEESHA,5
2783,LEEZA,5
2783,LEIGH-ANN,5
2783,LEISHA,5
2783,LEONNIE,5
2783,LETICIA,5
2783,LEXY,5
2783,LIBI,5
2783,LILIE,5
2783,LILITH,5
2783,LLEUCU,5
2783,LORELEI,5
2783,LORELLE,5
2783,LUANA,5
2783,LUCY-ANN,5
2783,LUCY-MAE,5
2783,LUELLA,5
2783,LYLA,5
2783,LYRA,5
2783,MADALINE,5
2783,MADALYN,5
2783,MADIYAH,5
2783,MAHERA,5
2783,MAHIN,5
2783,MAHISHA,5
2783,MAIZY,5
2783,MALKY,5
2783,MANAAL,5
2783,MANDY,5
2783,MARAM,5
2783,MARCELLA,5
2783,MARGARITA,5
2783,MARGO,5
2783,MARNEY,5
2783,MARSHA,5
2783,MARWAH,5
2783,MARY-ANN,5
2783,MARYKATE,5
2783,MASIE,5
2783,MAUREEN,5
2783,MAYESHA,5
2783,MAYSA,5
2783,MAYURI,5
2783,MCKENNA,5
2783,MEAH,5
2783,MEGANN,5
2783,MEHVISH,5
2783,MEMPHIS,5
2783,MERLE,5
2783,MIAYA,5
2783,MICHAL,5
2783,MILISSA,5
2783,MINNA,5
2783,MIRREN,5
2783,MISBA,5
2783,MITZI,5
2783,MIYAH,5
2783,MOLLY-MAY,5
2783,MORGANE,5
2783,MORGANNE,5
2783,MUMINA,5
2783,MUMTAZ,5
2783,MUSAMMAT,5
2783,MYRIAM,5
2783,NAEEMAH,5
2783,NAGINA,5
2783,NAIMH,5
2783,NAIYA,5
2783,NAJAT,5
2783,NATASCHA,5
2783,NATHALIA,5
2783,NAVDEEP,5
2783,NAYA,5
2783,NAYANA,5
2783,NAYEEMA,5
2783,NAYLA,5
2783,NAZREEN,5
2783,NEAMH,5
2783,NECHAMA,5
2783,NEHAL,5
2783,NICKI,5
2783,NICKY,5
2783,NIKKALA,5
2783,NIKOLA,5
2783,NISA,5
2783,NOEMIE,5
2783,NOHA,5
2783,NORAH,5
2783,NOREEN,5
2783,NURA,5
2783,NUZHAT,5
2783,NYREE,5
2783,OLIVIA-MAE,5
2783,OONA,5
2783,PAGE,5
2783,PAIGE-MARIE,5
2783,PAOLA,5
2783,PARYS,5
2783,PATIENCE,5
2783,PATRYCJA,5
2783,PAULINA,5
2783,PEACE,5
2783,PERI,5
2783,POLINA,5
2783,PRIYAL,5
2783,PUJA,5
2783,PYPER,5
2783,RADEYAH,5
2783,RAFIA,5
2783,RAHA,5
2783,RAHIMAH,5
2783,RAINE,5
2783,RAMNEEK,5
2783,RAMONA,5
2783,RANYA,5
2783,RAVINDER,5
2783,RAVNEET,5
2783,REANA,5
2783,REBBECCA,5
2783,REBECKA,5
2783,REBEKKAH,5
2783,RHYA,5
2783,RHYANNON,5
2783,RIDAH,5
2783,RISHA,5
2783,ROHIMA,5
2783,ROMANE,5
2783,ROSIE-MAY,5
2783,RUKAIYA,5
2783,RUMAISAH,5
2783,RYANNA,5
2783,SAADIA,5
2783,SABAAH,5
2783,SABEEHA,5
2783,SABIRAH,5
2783,SAFIRA,5
2783,SAGE,5
2783,SAJA,5
2783,SAJEDA,5
2783,SALWA,5
2783,SAMA,5
2783,SAMANTA,5
2783,SAMEENA,5
2783,SAMEERAH,5
2783,SAMMIE,5
2783,SARITA,5
2783,SAWDAH,5
2783,SAYEDA,5
2783,SEANNA,5
2783,SEMIRA,5
2783,SENA,5
2783,SENAY,5
2783,SERAPHINA,5
2783,SEREENA,5
2783,SHADIA,5
2783,SHAHEENA,5
2783,SHAHENA,5
2783,SHAHNAZ,5
2783,SHAMIA,5
2783,SHANIECE,5
2783,SHANTE,5
2783,SHARDAY,5
2783,SHARLEEN,5
2783,SHARMAINE,5
2783,SHARNIE,5
2783,SHAWNIE,5
2783,SHENICE,5
2783,SHERELLE,5
2783,SHIVALI,5
2783,SHONAGH,5
2783,SHOSHANA,5
2783,SIANI,5
2783,SIDONIE,5
2783,SIGOURNEY,5
2783,SILVANA,5
2783,SIMRIT,5
2783,SIMRON,5
2783,SIRAH,5
2783,SITA,5
2783,SONJA,5
2783,SOROH,5
2783,STEFFI,5
2783,SUDE,5
2783,SUMMAH,5
2783,SUMMAYAH,5
2783,SUZY,5
2783,SYMONE,5
2783,TADIWA,5
2783,TAHIRAH,5
2783,TAIYA,5
2783,TAMI,5
2783,TANAYA,5
2783,TANESHA,5
2783,TANZILA,5
2783,TANZINA,5
2783,TAYIBA,5
2783,TAYLA-RAE,5
2783,TEIA,5
2783,TENISHA,5
2783,THAMANNA,5
2783,TIARA,5
2783,TIGERLILY,5
2783,TILDA,5
2783,TILLEY,5
2783,TINISHA,5
2783,TIYANA,5
2783,TONI-ANN,5
2783,TONISHA,5
2783,TYESHA,5
2783,UROOJ,5
2783,URVI,5
2783,URWAH,5
2783,VAISHNAVI,5
2783,VALENTINE,5
2783,VANISHA,5
2783,VENETIA,5
2783,VIOLA,5
2783,WALLIS,5
2783,YAGMUR,5
2783,YAREN,5
2783,ZAHARA,5
2783,ZAHIRAH,5
2783,ZAINAH,5
2783,ZAKIYYAH,5
2783,ZAMZAM,5
2783,ZAREENA,5
2783,ZARIN,5
2783,ZEENA,5
2783,ZITA,5
2783,ZORA,5
2783,ZOYAH,5
2783,ZULAIKHAH,5
2783,ZULEIKHA,5
3262,AAFREEN,4
3262,AANISAH,4
3262,AARZOO,4
3262,AASIYA,4
3262,AATIKAH,4
3262,AAYA,4
3262,AAYESHA,4
3262,AAYUSHI,4
3262,AAYZA,4
3262,ABIE,4
3262,ADDISON,4
3262,ADWOA,4
3262,AEYSHA,4
3262,AFIA,4
3262,AFIFA,4
3262,AFRAH,4
3262,AILIE,4
3262,AIMA,4
3262,AIMEE-LEIGH,4
3262,AIMEE-LOUISE,4
3262,AIMI,4
3262,AISHANI,4
3262,AIZAH,4
3262,AKIRA,4
3262,AKSHA,4
3262,ALA,4
3262,ALEXUS,4
3262,ALEYA,4
3262,ALICJA,4
3262,ALLIE,4
3262,ALTHEA,4
3262,ALVINA,4
3262,ALYCEE,4
3262,AMAAIMA,4
3262,AMAARAH,4
3262,AMAIA,4
3262,AMARIS,4
3262,AMAZON,4
3262,AMBAR,4
3262,AMBER-JADE,4
3262,AMBER-MARIE,4
3262,AMELLIA,4
3262,AMENAH,4
3262,AMIA,4
3262,AMNEET,4
3262,ANGELEE,4
3262,ANGELI,4
3262,ANGELIQUE,4
3262,ANGIE,4
3262,ANISE,4
3262,ANNAH,4
3262,ANNALEA,4
3262,ANNALEIGH,4
3262,ANNIE-MAE,4
3262,ANNIE-ROSE,4
3262,ANSA,4
3262,ANTONELLA,4
3262,ANU,4
3262,APRYL,4
3262,ARCHANA,4
3262,AREESHA,4
3262,AREFA,4
3262,ARIBA,4
3262,ARUB,4
3262,ARUBA,4
3262,ARWA,4
3262,ARYA,4
3262,ASHANTI,4
3262,ASHIA,4
3262,ASHLI,4
3262,ASHWINI,4
3262,ASIMA,4
3262,ASLI,4
3262,ASMITA,4
3262,ASSIA,4
3262,ATALANTA,4
3262,ATHENE,4
3262,ATIFA,4
3262,ATIKAH,4
3262,ATINUKE,4
3262,AVALON,4
3262,AWEL,4
3262,AYESHAH,4
3262,AYSHAH,4
3262,BADRIYA,4
3262,BAYLIE,4
3262,BEIBHINN,4
3262,BEKKI,4
3262,BERENICE,4
3262,BERITAN,4
3262,BERIVAN,4
3262,BETTINA,4
3262,BEYZA,4
3262,BILLI,4
3262,BILQIS,4
3262,BLEU,4
3262,BOBBI-JO,4
3262,BONNY,4
3262,BRACKEN,4
3262,BRIEANNA,4
3262,BROGEN,4
3262,BRYANY,4
3262,BRYHER,4
3262,CAGLA,4
3262,CAIA,4
3262,CAILEY,4
3262,CAILIN,4
3262,CAILYN,4
3262,CAIRA,4
3262,CAIT,4
3262,CALLA,4
3262,CAMELIA,4
3262,CANDACE,4
3262,CARLEIGH,4
3262,CARMELA,4
3262,CAROLANNE,4
3262,CARRERA,4
3262,CARRIS,4
3262,CASEY-LEE,4
3262,CATELYN,4
3262,CATERINA,4
3262,CATHARINE,4
3262,CATHY,4
3262,CECELIA,4
3262,CERIAN,4
3262,CERISE,4
3262,CHANI,4
3262,CHARLIE-ANNE,4
3262,CHARLIE-MARIE,4
3262,CHELSEA-ANN,4
3262,CHENICE,4
3262,CHERYL,4
3262,CHIKA,4
3262,CHIOMA,4
3262,CHIQUITA,4
3262,CHLOE-,4
3262,CHLOE-JADE,4
3262,CHLOE-JO,4
3262,CHLOE-LEIGH,4
3262,CHLOE-MAY,4
3262,CIAN,4
3262,CINZIA,4
3262,CLAIRE-LOUISE,4
3262,CLARISSE,4
3262,CLAUDINE,4
3262,CLEA,4
3262,CLEMENCY,4
3262,CORIE,4
3262,CORRIE,4
3262,CORY,4
3262,COURTNEY-LEIGH,4
3262,CYDNEE,4
3262,DAFINA,4
3262,DAISEY,4
3262,DALYA,4
3262,DANNII,4
3262,DAVEENA,4
3262,DEA,4
3262,DEBORA,4
3262,DEIA,4
3262,DELICIA,4
3262,DELPHINE,4
3262,DEMI-,4
3262,DENICE,4
3262,DENISA,4
3262,DENISHA,4
3262,DEQA,4
3262,DERYN,4
3262,DESTINIE,4
3262,DEVAN,4
3262,DEWAN,4
3262,DHANISHA,4
3262,DHARMA,4
3262,DHRUTI,4
3262,DILEK,4
3262,DIOR,4
3262,DOHA,4
3262,EAVAN,4
3262,EBRU,4
3262,EDIL,4
3262,EDINA,4
3262,EDNA,4
3262,EILISH,4
3262,ELEANOR-MAE,4
3262,ELEASHA,4
3262,ELEENA,4
3262,ELENOR,4
3262,ELHAM,4
3262,ELI,4
3262,ELIANE,4
3262,ELIKA,4
3262,ELIS,4
3262,ELIVIA,4
3262,ELKE,4
3262,ELKIE,4
3262,ELLA-MARIA,4
3262,ELLAN,4
3262,ELLANA,4
3262,ELLE-JO,4
3262,ELLIE-JAY,4
3262,ELLIE-JAYNE,4
3262,ELLINOR,4
3262,ELLISIA,4
3262,ELLISSA,4
3262,ELLYSIA,4
3262,EMELINE,4
3262,EMILY-ANN,4
3262,EMILY-JAYNE,4
3262,EMILY-JO,4
3262,EMILY-MAY,4
3262,EMMA-,4
3262,EMMA-JANE,4
3262,EMMA-JAYNE,4
3262,EMY,4
3262,EREN,4
3262,ERIN-MAE,4
3262,ERINA,4
3262,ERINN,4
3262,ERYNN,4
3262,ERZA,4
3262,EVANGELIA,4
3262,EVEIE,4
3262,EVY,4
3262,FABIOLA,4
3262,FADUMA,4
3262,FADUMO,4
3262,FATAMA,4
3262,FATOUMATA,4
3262,FEDERICA,4
3262,FFLUR,4
3262,FILSAN,4
3262,FIONN,4
3262,FIZAA,4
3262,FRANCESSCA,4
3262,FRANCOISE,4
3262,GABRIEL,4
3262,GABRIELE,4
3262,GABY,4
3262,GENNA,4
3262,GERI,4
3262,GERMAINE,4
3262,GIFT,4
3262,GISELA,4
3262,GITTY,4
3262,GLADYS,4
3262,GLESNI,4
3262,GOLDIE,4
3262,GRACIE-MAE,4
3262,GRETEL,4
3262,GUL,4
3262,GURVEEN,4
3262,HABEEBAH,4
3262,HADIQAH,4
3262,HAJA,4
3262,HAJER,4
3262,HALEENA,4
3262,HALIMAT,4
3262,HALLA,4
3262,HANNAH-MAE,4
3262,HARJEET,4
3262,HARLI,4
3262,HARMONI,4
3262,HARPER,4
3262,HARSHITA,4
3262,HASINA,4
3262,HAVA,4
3262,HAYLIE,4
3262,HEAVEN-LEIGH,4
3262,HELAINA,4
3262,HELOISE,4
3262,HIMANI,4
3262,HOI,4
3262,HOLLIE-ANN,4
3262,HOLLY-MAE,4
3262,HUMAYRAA,4
3262,IEESHA,4
3262,IFEOMA,4
3262,IKRAN,4
3262,ILARIA,4
3262,ILHAAN,4
3262,ILIANA,4
3262,ILSA,4
3262,IMAGEN,4
3262,INA,4
3262,INAS,4
3262,INCA,4
3262,INDRA,4
3262,INTISAR,4
3262,IONIE,4
3262,ISADORA,4
3262,ISIDORA,4
3262,ISMAA,4
3262,ISMAHAN,4
3262,ISMAT,4
3262,ISMAY,4
3262,ISRAH,4
3262,ISSABELLE,4
3262,IVA,4
3262,IVANNA,4
3262,IZZA,4
3262,IZZAH,4
3262,IZZIE,4
3262,JACY,4
3262,JADE-MARIE,4
3262,JADESOLA,4
3262,JADINE,4
3262,JAIDE,4
3262,JAIMINI,4
3262,JAMEY,4
3262,JAMIELEE,4
3262,JANAT,4
3262,JANAY,4
3262,JANNA,4
3262,JANNATH,4
3262,JAVERIYA,4
3262,JAYDON,4
3262,JAZ,4
3262,JEANNE,4
3262,JELENA,4
3262,JENESSA,4
3262,JENIFER,4
3262,JESIKA,4
3262,JESSICA-LEIGH,4
3262,JESSICA-MAE,4
3262,JESSICA-MAY,4
3262,JESSICCA,4
3262,JEYDA,4
3262,JILL,4
3262,JILLY,4
3262,JOAN,4
3262,JORDANE,4
3262,JORGIA,4
3262,JORJIA,4
3262,JOSETTE,4
3262,JUHI,4
3262,JULIANNA,4
3262,JUNE,4
3262,KAILEE,4
3262,KALISE,4
3262,KALLY,4
3262,KANISHA,4
3262,KAREEMA,4
3262,KARENZA,4
3262,KARLIE,4
3262,KARMAN,4
3262,KARYS,4
3262,KASSIA,4
3262,KASSIDY,4
3262,KATARZYNA,4
3262,KATHARINA,4
3262,KATIE-,4
3262,KAYAH,4
3262,KAYLEIGH-ANNE,4
3262,KAYTLYN,4
3262,KAZIA,4
3262,KEELIN,4
3262,KEERTHANA,4
3262,KELISHA,4
3262,KELLI,4
3262,KENZI,4
3262,KESSIA,4
3262,KEYANA,4
3262,KEYANNA,4
3262,KHADRA,4
3262,KHALISHA,4
3262,KHARIS,4
3262,KIARRA,4
3262,KIRANPREET,4
3262,KIZZI,4
3262,KLEA,4
3262,KODY,4
3262,KORI,4
3262,KRISHA,4
3262,KRYSTEN,4
3262,KYARA,4
3262,KYESHA,4
3262,KYLAH,4
3262,KYRAH,4
3262,LABIBA,4
3262,LAILAH,4
3262,LAIQAH,4
3262,LAMISAH,4
3262,LANIE,4
3262,LARISA,4
3262,LASHAE,4
3262,LATIFA,4
3262,LATOYAH,4
3262,LAVINA,4
3262,LAYLAH,4
3262,LEAHA,4
3262,LEEANNE,4
3262,LEORA,4
3262,LETIA,4
3262,LETTIE,4
3262,LEXUS,4
3262,LEYAH,4
3262,LILAC,4
3262,LILLIANA,4
3262,LILLIE-MAE,4
3262,LILLY-MAY,4
3262,LIZZIE,4
3262,LIZZY,4
3262,LOLITA,4
3262,LORIEN,4
3262,LUCHIA,4
3262,LUCIANNE,4
3262,LUCY-,4
3262,LUCY-MARIE,4
3262,LUCY-MAY,4
3262,LUIZA,4
3262,LUJAIN,4
3262,LUKA,4
3262,LULA,4
3262,LYNDSAY,4
3262,LYNETTE,4
3262,MAARIYAAH,4
3262,MABLI,4
3262,MACKENNA,4
3262,MADELIENE,4
3262,MADILYN,4
3262,MAGDALENE,4
3262,MAHREEN,4
3262,MAIDA,4
3262,MAISA,4
3262,MAIZEY,4
3262,MAJIDA,4
3262,MAKALA,4
3262,MALAIKAH,4
3262,MANJOT,4
3262,MARISHA,4
3262,MARLENE,4
3262,MARRIA,4
3262,MARY-ELLEN,4
3262,MARYANN,4
3262,MARYANNE,4
3262,MASEY,4
3262,MATHURA,4
3262,MAYGAN,4
3262,MAYIA,4
3262,MAYMUNAH,4
3262,MAYSIE,4
3262,MEEGAN,4
3262,MEENA,4
3262,MEGAN-ANNE,4
3262,MEGEN,4
3262,MEHEK,4
3262,MEHMOONA,4
3262,MEHR,4
3262,MEI,4
3262,MELIA,4
3262,MELIKA,4
3262,MELIZ,4
3262,MENA,4
3262,MERIAM,4
3262,MERIEL,4
3262,MEVISH,4
3262,MILLE,4
3262,MIRACLE,4
3262,MISKI,4
3262,MOBEEN,4
3262,MOIRA,4
3262,MOLLY-ROSE,4
3262,MOMINAH,4
3262,MONISHA,4
3262,MORGANA,4
3262,MUNIRAH,4
3262,MUNISAH,4
3262,MURSAL,4
3262,MUSAMMED,4
3262,MUSLIMA,4
3262,MY,4
3262,MYEESHA,4
3262,MYESHA,4
3262,NAAILA,4
3262,NADJA,4
3262,NADRA,4
3262,NAIA,4
3262,NAJAH,4
3262,NANCIE,4
3262,NAOISE,4
3262,NASTASSJA,4
3262,NASTEHA,4
3262,NATALEE,4
3262,NATAYA,4
3262,NATEA,4
3262,NATISHA,4
3262,NAVJOT,4
3262,NAYEMA,4
3262,NAZLI,4
3262,NAZMA,4
3262,NAZNEEN,4
3262,NEELA,4
3262,NEVADA,4
3262,NICOL,4
3262,NICOLETTE,4
3262,NIGELLA,4
3262,NILIMA,4
3262,NIMA,4
3262,NIYATI,4
3262,NOELIA,4
3262,NOELLE,4
3262,NORMA,4
3262,NYASHA,4
3262,ODETTE,4
3262,OLAYINKA,4
3262,OLGA,4
3262,OLIVIA-ROSE,4
3262,OLUCHI,4
3262,OLUWADAMILOLA,4
3262,OLUWAKEMI,4
3262,OLUWAMAYOWA,4
3262,OLUWASEYI,4
3262,OLUWATOBILOBA,4
3262,OLYMPIA,4
3262,OLYVIA,4
3262,OMEGA,4
3262,ONI,4
3262,OREOLUWA,4
3262,ORIANNE,4
3262,OVIYA,4
3262,OZGE,4
3262,PAIGHTON,4
3262,PAISLEIGH,4
3262,PANAYIOTA,4
3262,PANDORA,4
3262,PAVANDEEP,4
3262,PEBBLES,4
3262,PEPPER,4
3262,PERDITA,4
3262,PHILIPA,4
3262,PHOEBIE,4
3262,PHYLLIS,4
3262,PRAVEENA,4
3262,PREETI,4
3262,PRIANKA,4
3262,PRINA,4
3262,PUI,4
3262,QUDSIYAH,4
3262,RABEEAH,4
3262,RACHELLE,4
3262,RAHMAH,4
3262,RAIGAN,4
3262,RAIHANA,4
3262,RAISA,4
3262,RAJDEEP,4
3262,RAMAN,4
3262,RAMNEET,4
3262,RANIYAH,4
3262,RASHA,4
3262,RAYNA,4
3262,RAZIA,4
3262,RAZINA,4
3262,REBECCAH,4
3262,REEGAN,4
3262,REENA,4
3262,REHAB,4
3262,REHANNA,4
3262,REISEL,4
3262,RENEA,4
3262,RIHAM,4
3262,RIHANA,4
3262,RIKKI,4
3262,RINESA,4
3262,RISHIKA,4
3262,RIYAH,4
3262,RIZWANA,4
3262,ROCHE,4
3262,ROJDA,4
3262,ROJIN,4
3262,ROMAISA,4
3262,RONAY,4
3262,ROSAMUND,4
3262,ROSIE-MAE,4
3262,ROSLYN,4
3262,ROWEN,4
3262,ROXY,4
3262,ROZINA,4
3262,RUBI,4
3262,RUKIA,4
3262,RUKSANA,4
3262,RUMAANAH,4
3262,RUMANA,4
3262,RUNA,4
3262,RUQIYA,4
3262,SAAIMAH,4
3262,SABENA,4
3262,SADIAH,4
3262,SADIQAH,4
3262,SAFFIYA,4
3262,SAFFIYAH,4
3262,SAHARA,4
3262,SAHIDA,4
3262,SAHIRA,4
3262,SALEM,4
3262,SALI,4
3262,SALIHAH,4
3262,SALIMAH,4
3262,SAMAYA,4
3262,SAMEEAH,4
3262,SAMEEHA,4
3262,SAMIHAH,4
3262,SAPHIA,4
3262,SARANYA,4
3262,SARIAH,4
3262,SAROSH,4
3262,SARRAH,4
3262,SAYEMA,4
3262,SAYMA,4
3262,SAYNAB,4
3262,SCOUT,4
3262,SEDA,4
3262,SEERAT,4
3262,SENEM,4
3262,SENNA,4
3262,SERAFINA,4
3262,SERENE,4
3262,SEVGI,4
3262,SHADA,4
3262,SHAILA,4
3262,SHAIMAA,4
3262,SHAKIERA,4
3262,SHAMAILA,4
3262,SHAMILA,4
3262,SHAN,4
3262,SHANEIL,4
3262,SHANIKA,4
3262,SHANNAH,4
3262,SHARA,4
3262,SHARANYA,4
3262,SHARELLE,4
3262,SHARLIE,4
3262,SHARMILA,4
3262,SHARNAY,4
3262,SHARNIA,4
3262,SHAUNI,4
3262,SHAYNE,4
3262,SHAYNIE,4
3262,SHEENA,4
3262,SHEKINAH,4
3262,SHELINA,4
3262,SHEVA,4
3262,SHIANN,4
3262,SHONI,4
3262,SHRUTHI,4
3262,SHYAN,4
3262,SICILY,4
3262,SILVA,4
3262,SIMGE,4
3262,SIMISOLA,4
3262,SIMRANJEET,4
3262,SIMRAT,4
3262,SINDY,4
3262,SOBIA,4
3262,SOFI,4
3262,SOMA,4
3262,SONALI,4
3262,SONAM,4
3262,STEPHENIE,4
3262,STUTI,4
3262,SUHAILA,4
3262,SUKIE,4
3262,SUMA,4
3262,SUMAIRA,4
3262,SUMERA,4
3262,SUMMER-LOUISE,4
3262,SUNITA,4
3262,SURAYA,4
3262,SYDNI,4
3262,TAHANI,4
3262,TAHNEE,4
3262,TAHSEEN,4
3262,TAILOR,4
3262,TAISHA,4
3262,TAIT,4
3262,TAIWO,4
3262,TAKARA,4
3262,TAMMI,4
3262,TANAKA,4
3262,TANITH,4
3262,TANVIR,4
3262,TANWEN,4
3262,TARAN,4
3262,TASFIA,4
3262,TASIA,4
3262,TAY-YIBAH,4
3262,TAYLOR-JADE,4
3262,TAYLOR-JAY,4
3262,TELERI,4
3262,TEMITAYO,4
3262,TERRIE,4
3262,THANIA,4
3262,THASLIMA,4
3262,THELMA,4
3262,THIVYA,4
3262,TIAHNA,4
3262,TIANNE,4
3262,TOLULOPE,4
3262,TONI-LEIGH,4
3262,TONICHA,4
3262,TRISHNA,4
3262,TRUDI,4
3262,TUGBA,4
3262,TUGCE,4
3262,TYISHA,4
3262,UMARAH,4
3262,UME,4
3262,UNAISA,4
3262,UNIQUE,4
3262,VENICE,4
3262,VERONIQUE,4
3262,VIANNE,4
3262,VIDHI,4
3262,VIKKI,4
3262,VIKTORIJA,4
3262,VIOLETTE,4
3262,WARDAH,4
3262,WASIMA,4
3262,WILMA,4
3262,XHESIKA,4
3262,YANIQUE,4
3262,YAZMINE,4
3262,YEN,4
3262,YOCHEVED,4
3262,YSABEL,4
3262,YSABELLE,4
3262,YUKI,4
3262,YVES,4
3262,ZAHIRA,4
3262,ZAKIRA,4
3262,ZANA,4
3262,ZELIHA,4
3262,ZEYNAB,4
3262,ZINNIA,4
3262,ZION,4
3262,ZUBEIDA,4
3262,ZUZANNA,4
3998,AARANI,3
3998,AARIFAH,3
3998,AARTHI,3
3998,ABBE,3
3998,ABBEYGAIL,3
3998,ABBEYGALE,3
3998,ABBIE-JO,3
3998,ABBIE-LEIGH,3
3998,ABBIE-MAE,3
3998,ABBIE-ROSE,3
3998,ABBIEGALE,3
3998,ABBIGALE,3
3998,ABIA,3
3998,ABIGAILE,3
3998,ABINAYA,3
3998,ABIOLA,3
3998,ABISOLA,3
3998,ADAMA,3
3998,ADAN,3
3998,ADANNA,3
3998,ADEA,3
3998,ADEANA,3
3998,ADEELA,3
3998,ADENA,3
3998,ADEOLA,3
3998,ADERYN,3
3998,ADILA,3
3998,ADNA,3
3998,AEMELIA,3
3998,AERIN,3
3998,AERON,3
3998,AFEEFAH,3
3998,AFIYA,3
3998,AFNAN,3
3998,AFRIN,3
3998,AFSHA,3
3998,AIFE,3
3998,AISHIA,3
3998,AISOSA,3
3998,AISWARYA,3
3998,AKEELA,3
3998,AKHSA,3
3998,AKILA,3
3998,AKSHAYA,3
3998,ALARNA,3
3998,ALBANY,3
3998,ALEECE,3
3998,ALEXCIA,3
3998,ALFIE,3
3998,ALIDA,3
3998,ALIKA,3
3998,ALINAH,3
3998,ALINE,3
3998,ALIS,3
3998,ALISHA-MARIE,3
3998,ALIYHA,3
3998,ALIYYAH,3
3998,ALIZEE,3
3998,ALLISHA,3
3998,ALLYSHA,3
3998,ALLYSON,3
3998,ALVA,3
3998,ALYESHA,3
3998,ALYSS,3
3998,ALYXANDRA,3
3998,AMAAL,3
3998,AMALIE,3
3998,AMANAH,3
3998,AMBER-LEA,3
3998,AMBER-LILY,3
3998,AMBIKA,3
3998,AMBRE,3
3998,AMEALIA,3
3998,AMELA,3
3998,AMICA,3
3998,AMIE-LOUISE,3
3998,AMILA,3
3998,AMILAH,3
3998,AMINAT,3
3998,AMIYA,3
3998,AMRITPREET,3
3998,AMUN,3
3998,AMY-MAY,3
3998,AMYLEE,3
3998,AN,3
3998,ANAH,3
3998,ANALISE,3
3998,ANAMIKA,3
3998,ANANDA,3
3998,ANESA,3
3998,ANETA,3
3998,ANGE,3
3998,ANGELINE,3
3998,ANI,3
3998,ANIQUE,3
3998,ANITHA,3
3998,ANIZA,3
3998,ANKE,3
3998,ANNA-LEE,3
3998,ANNA-MAE,3
3998,ANNALEE,3
3998,ANNALEISE,3
3998,ANNALYSE,3
3998,ANNEMARIE,3
3998,ANNI,3
3998,ANNIA,3
3998,ANNISHA,3
3998,ANOOP,3
3998,ANOSHA,3
3998,ANXHELA,3
3998,APARNA,3
3998,APHRODITE,3
3998,ARABELLE,3
3998,ARIFA,3
3998,ARISA,3
3998,ARTI,3
3998,ARYANA,3
3998,ASHARNA,3
3998,ASMAH,3
3998,ASMARA,3
3998,ATALYA,3
3998,ATIQA,3
3998,AWEN,3
3998,AYASHA,3
3998,AYSENUR,3
3998,AYSHIA,3
3998,AYSU,3
3998,AYUSHI,3
3998,AZRA,3
3998,AZURA,3
3998,BAABA,3
3998,BABY,3
3998,BAILEA,3
3998,BASAK,3
3998,BASMA,3
3998,BASMAH,3
3998,BASYA,3
3998,BATOOL,3
3998,BATSHEVA,3
3998,BEA,3
3998,BEBE,3
3998,BECKI,3
3998,BEILA,3
3998,BERYL,3
3998,BETHANI,3
3998,BETHANY-JANE,3
3998,BETHANY-LOUISE,3
3998,BETHANY-ROSE,3
3998,BETHENY,3
3998,BETHONY,3
3998,BETTIE,3
3998,BETUL,3
3998,BEULAH,3
3998,BEVERLY,3
3998,BHAVYA,3
3998,BILLIE-JADE,3
3998,BILLIE-JEAN,3
3998,BILQEES,3
3998,BINTA,3
3998,BLAIZE,3
3998,BLIMI,3
3998,BLUEBELLE,3
3998,BOLUWATIFE,3
3998,BRADIE,3
3998,BRAIDY,3
3998,BRANDIE,3
3998,BREAGH,3
3998,BRIAR,3
3998,BRIELLE,3
3998,BROCHA,3
3998,BROMWYN,3
3998,BRONIA,3
3998,BROOKLYNN,3
3998,CADE,3
3998,CALAIS,3
3998,CALLISTA,3
3998,CAMEO,3
3998,CANAN,3
3998,CANDEECE,3
3998,CAREN,3
3998,CARINE,3
3998,CARLOTA,3
3998,CARY,3
3998,CARYL,3
3998,CASEY-JANE,3
3998,CASEY-LEIGH,3
3998,CATLIN,3
3998,CAYLEY,3
3998,CELENA,3
3998,CELESTINE,3
3998,CERI-ANN,3
3998,CERI-ANNE,3
3998,CEYLAN,3
3998,CHAI,3
3998,CHAISE,3
3998,CHANAIS,3
3998,CHANAYE,3
3998,CHANDRA,3
3998,CHANISE,3
3998,CHANTALLE,3
3998,CHARDAE,3
3998,CHARDONNAY,3
3998,CHARELLE,3
3998,CHARISSA,3
3998,CHARLIE-MAE,3
3998,CHARLIE-MAI,3
3998,CHARLIEANN,3
3998,CHARLINA,3
3998,CHARLOTTE-LOUISE,3
3998,CHARMAIN,3
3998,CHAYLA,3
3998,CHE,3
3998,CHELSEA-LOUISE,3
3998,CHELSY,3
3998,CHENELLE,3
3998,CHERELLE,3
3998,CHERILYN,3
3998,CHEVONNE,3
3998,CHEYNE,3
3998,CHIANNA,3
3998,CHIANNE,3
3998,CHIEDZA,3
3998,CHINYERE,3
3998,CHLOE-JAYNE,3
3998,CHLOEY,3
3998,CHLOIE,3
3998,CHRISTAL,3
3998,CHYANN,3
3998,CIANNE,3
3998,CIDNEY,3
3998,CIRA,3
3998,CLEOPATRA,3
3998,CLOVER,3
3998,CORI,3
3998,CORINA,3
3998,COURTNEY-JADE,3
3998,COURTNEY-LOUISE,3
3998,CYAN,3
3998,CYDNI,3
3998,CYRA,3
3998,DAENA,3
3998,DAISY-,3
3998,DAIZY,3
3998,DALE,3
3998,DALI,3
3998,DALLAS,3
3998,DAMINI,3
3998,DANIAH,3
3998,DANIYA,3
3998,DAVINIA,3
3998,DEAH,3
3998,DEEPA,3
3998,DEEPALI,3
3998,DEMELZA,3
3998,DEMET,3
3998,DENAE,3
3998,DENIKA,3
3998,DEONNE,3
3998,DERRI,3
3998,DERVLA,3
3998,DERYA,3
3998,DESTINEY,3
3998,DEVA,3
3998,DEVORAH,3
3998,DHRITI,3
3998,DIAMOND,3
3998,DIELLZA,3
3998,DIMITRA,3
3998,DIPALI,3
3998,DISNEY,3
3998,DJAMILA,3
3998,DOLORES,3
3998,DONA,3
3998,DONYA,3
3998,DOREEN,3
3998,DOROTHEA,3
3998,DUA,3
3998,DUSTY,3
3998,DUYGU,3
3998,EAVIE,3
3998,EEVIE,3
3998,EFA,3
3998,EFUA,3
3998,EIBHLIN,3
3998,EILIR,3
3998,EIMAN,3
3998,EIREN,3
3998,EIRWEN,3
3998,EKTA,3
3998,ELDA,3
3998,ELECIA,3
3998,ELENNA,3
3998,ELESE,3
3998,ELEXIS,3
3998,ELFIE,3
3998,ELICE,3
3998,ELISABETTA,3
3998,ELIYA,3
3998,ELIZAVETA,3
3998,ELLA-JANE,3
3998,ELLA-MAI,3
3998,ELLA-MARIE,3
3998,ELLA-MAY,3
3998,ELLAND,3
3998,ELLE-ROSE,3
3998,ELLEANA,3
3998,ELLECIA,3
3998,ELLENER,3
3998,ELLENI,3
3998,ELLEY,3
3998,ELLIA,3
3998,ELLIEANNE,3
3998,ELLIESE,3
3998,ELLYS,3
3998,ELOWEN,3
3998,ELYCIA,3
3998,ELYSSIA,3
3998,EMEL,3
3998,EMELYE,3
3998,EMILEY,3
3998,EMILIJA,3
3998,EMMA-JO,3
3998,EMMALEE,3
3998,EMMALEIGH,3
3998,EMMANUELA,3
3998,EMMY-LOU,3
3998,ENAS,3
3998,ERAM,3
3998,ERRAN,3
3998,ERRYN,3
3998,ERYKA,3
3998,ERYKAH,3
3998,ESHE,3
3998,ESSENCE,3
3998,ESTA,3
3998,ESYLLT,3
3998,EUGENIA,3
3998,EVAN,3
3998,EVANGELINA,3
3998,EVELINA,3
3998,EVELINE,3
3998,EVIE-MAY,3
3998,EVITA,3
3998,EZRI,3
3998,FAARIA,3
3998,FAEZA,3
3998,FAHIZA,3
3998,FAIGA,3
3998,FALAQ,3
3998,FARA,3
3998,FAREEHA,3
3998,FARHIYA,3
3998,FARWAH,3
3998,FASIHA,3
3998,FATEMAH,3
3998,FATHMA,3
3998,FAWZIA,3
3998,FEARN,3
3998,FENNA,3
3998,FERNANDA,3
3998,FIAZA,3
3998,FIDAN,3
3998,FINN,3
3998,FINNLAY,3
3998,FION,3
3998,FIRDAUS,3
3998,FJOLLA,3
3998,FLORRIE,3
3998,FOWZIA,3
3998,FRANCISCA,3
3998,FRANKI,3
3998,GABIJA,3
3998,GAYATRI,3
3998,GAYNOR,3
3998,GEMINI,3
3998,GENEVE,3
3998,GENTIANA,3
3998,GEORGEA,3
3998,GEORGI,3
3998,GEORGIA-MAY,3
3998,GEORGIA-RAE,3
3998,GEORGIANNA,3
3998,GIFTY,3
3998,GIGI,3
3998,GIPSY,3
3998,GITEL,3
3998,GIULIANA,3
3998,GLORY,3
3998,GRESA,3
3998,GURJEET,3
3998,GURJYOT,3
3998,GURPRIYA,3
3998,GURSHARAN,3
3998,GURSHARON,3
3998,GWENAN,3
3998,GWENDOLINE,3
3998,HAAFIZAH,3
3998,HAAJRA,3
3998,HABON,3
3998,HADEEL,3
3998,HADIKA,3
3998,HAFEEZA,3
3998,HAFIZAH,3
3998,HAKIMA,3
3998,HALEIGH,3
3998,HAMIDAH,3
3998,HAMIMA,3
3998,HAMNAH,3
3998,HANIN,3
3998,HANNAH-LOUISE,3
3998,HANNAH-MARIE,3
3998,HANYA,3
3998,HARDEEP,3
3998,HARINI,3
3998,HARMEET,3
3998,HARNEET,3
3998,HARRIOT,3
3998,HASINAH,3
3998,HAVEN,3
3998,HEAVENLY,3
3998,HEMMA,3
3998,HERO,3
3998,HIBATULLAH,3
3998,HIFSAH,3
3998,HILDA,3
3998,HINDY,3
3998,HIVDA,3
3998,HOLLEE,3
3998,HOLLIANNE,3
3998,HOLLY-JAYNE,3
3998,HOLLY-LOUISE,3
3998,HOLLY-MARIE,3
3998,HOLLYANNE,3
3998,HOSANNA,3
3998,HRITIKA,3
3998,HULYA,3
3998,HUMAH,3
3998,HUMAYRAH,3
3998,HURIYYAH,3
3998,IFFATH,3
3998,IJEOMA,3
3998,IKRAA,3
3998,ILENA,3
3998,ILISHA,3
3998,IMANE,3
3998,IMMOGEN,3
3998,INDIA-ROSE,3
3998,INDIAH,3
3998,INDIRA,3
3998,INGA,3
3998,INKA,3
3998,IOANNA,3
3998,IRINA,3
3998,IRRAM,3
3998,ISA,3
3998,ISATOU,3
3998,ISATU,3
3998,ISBAH,3
3998,ISHAH,3
3998,ISHKA,3
3998,ISSABELLA,3
3998,ISSY,3
3998,IYSHA,3
3998,IZABELL,3
3998,IZOBEL,3
3998,IZZABELLA,3
3998,IZZI,3
3998,JAEDA,3
3998,JAEL,3
3998,JAIDEN,3
3998,JAIME-LEA,3
3998,JAIMEE-LEIGH,3
3998,JAIMIE-LEIGH,3
3998,JAINABA,3
3998,JAIYA,3
3998,JAMEELAH,3
3998,JAMILLA,3
3998,JANAE,3
3998,JANANI,3
3998,JANINA,3
3998,JANVI,3
3998,JASKIRAT,3
3998,JASMINDER,3
3998,JAWAIRIYA,3
3998,JAYDEAN,3
3998,JAYDEE,3
3998,JAYDENE,3
3998,JAZMYNE,3
3998,JAZZMIN,3
3998,JEANIE,3
3998,JEENA,3
3998,JEMINA,3
3998,JENIA,3
3998,JENICE,3
3998,JENNIKA,3
3998,JERSEY,3
3998,JESSECA,3
3998,JESSI,3
3998,JESSICA-LEE,3
3998,JESSICA-ROSE,3
3998,JESSIE-ANNE,3
3998,JESSY,3
3998,JIHAN,3
3998,JINA,3
3998,JIORDAN,3
3998,JIYA,3
3998,JODIE-LEIGH,3
3998,JOLEE,3
3998,JOLEIGH,3
3998,JOLEY,3
3998,JONA,3
3998,JORDELLE,3
3998,JORDIE,3
3998,JORGIE,3
3998,JOVITA,3
3998,JUDIE,3
3998,JULIE-ANNE,3
3998,JULIEANNE,3
3998,JULIETA,3
3998,JUMANAH,3
3998,JYOTI,3
3998,KACEY-LEIGH,3
3998,KACI-MAI,3
3998,KADIJAH,3
3998,KAILAH,3
3998,KAJA,3
3998,KALA,3
3998,KALEA,3
3998,KALEE,3
3998,KALICE,3
3998,KALISHA,3
3998,KALYA,3
3998,KAMA,3
3998,KAMERON,3
3998,KAMILLA,3
3998,KANEEZ,3
3998,KANIZ,3
3998,KANWAL,3
3998,KAR,3
3998,KARAMJEET,3
3998,KARISSA,3
3998,KASHA,3
3998,KASHVI,3
3998,KATALINA,3
3998,KATANA,3
3998,KATE-LYNN,3
3998,KATELEN,3
3998,KATELYNE,3
3998,KATHERINA,3
3998,KATIE-JO,3
3998,KATIE-LOU,3
3998,KATIE-MAY,3
3998,KATIE-ROSE,3
3998,KATRYN,3
3998,KAUTHAR,3
3998,KAVEETA,3
3998,KAYCE,3
3998,KAYLEN,3
3998,KAYLI,3
3998,KAYLIN,3
3998,KAYLYN,3
3998,KAYNATH,3
3998,KAYTI,3
3998,KEANA,3
3998,KEEVI,3
3998,KELCY,3
3998,KELLISE,3
3998,KELLSEY,3
3998,KELLY-LOUISE,3
3998,KELLYANN,3
3998,KELSEY-,3
3998,KELSEY-JO,3
3998,KELSY,3
3998,KENISHA,3
3998,KENNA,3
3998,KEREECE,3
3998,KERIN,3
3998,KERRA,3
3998,KERRIGAN,3
3998,KERRIN,3
3998,KETURAH,3
3998,KHADEJA,3
3998,KHAIRAH,3
3998,KHATIJA,3
3998,KHAZEEMA,3
3998,KHEIRA,3
3998,KHIA,3
3998,KHIRA,3
3998,KHUSHALI,3
3998,KHUSHBOO,3
3998,KHYRA,3
3998,KIARNA,3
3998,KIMORA,3
3998,KINSEY,3
3998,KIRANJIT,3
3998,KIRANJOT,3
3998,KIYAH,3
3998,KIYANA,3
3998,KLAUDIJA,3
3998,KONNIE,3
3998,KORA,3
3998,KORYN,3
3998,KOWSAR,3
3998,KRISTI,3
3998,KRYSTINA,3
3998,KULTHOOM,3
3998,KYANN,3
3998,KYRIE,3
3998,LABIBAH,3
3998,LACEY-MAE,3
3998,LAIBAH,3
3998,LAILAA,3
3998,LAKIESHA,3
3998,LAMIS,3
3998,LANYA,3
3998,LAOISE,3
3998,LAREN,3
3998,LASHARN,3
3998,LATASHA,3
3998,LATONIA,3
3998,LAUNA,3
3998,LAURA-,3
3998,LAURA-BETH,3
3998,LAURA-ROSE,3
3998,LAUREN-JADE,3
3998,LAVANYA,3
3998,LAVENDER,3
3998,LAYNA,3
3998,LE,3
3998,LEA-MARIE,3
3998,LEAH-ROSE,3
3998,LEALA,3
3998,LEANDRA,3
3998,LEASHA,3
3998,LEE-ANN,3
3998,LEIAH,3
3998,LEIGHANNA,3
3998,LENE,3
3998,LEONNA,3
3998,LEONNE,3
3998,LESHAY,3
3998,LETIZIA,3
3998,LEXA,3
3998,LIAN,3
3998,LILEE,3
3998,LILI-MAE,3
3998,LILIANE,3
3998,LILIANNA,3
3998,LILLE,3
3998,LILLI-MAE,3
3998,LILLIE-ANN,3
3998,LILLIE-ROSE,3
3998,LILLY-MAE,3
3998,LILY-ELLA,3
3998,LILY-MAI,3
3998,LILYAN,3
3998,LILYMAY,3
3998,LISAMARIE,3
3998,LISSA,3
3998,LORELLA,3
3998,LORREN,3
3998,LOTTI,3
3998,LOUISHA,3
3998,LOWENA,3
3998,LOWRIE,3
3998,LUCREZIA,3
3998,LUCY-MAI,3
3998,LUNED,3
3998,LYNDA,3
3998,LYSSA,3
3998,MAAHIRA,3
3998,MAAHIRAH,3
3998,MAAIKE,3
3998,MAANYA,3
3998,MAAYA,3
3998,MACKENZI,3
3998,MADALENA,3
3998,MADALIN,3
3998,MADDALENA,3
3998,MADEHA,3
3998,MADELYNE,3
3998,MADIA,3
3998,MADLEN,3
3998,MADONNA,3
3998,MAESHA,3
3998,MAGAN,3
3998,MAGDALEN,3
3998,MAH,3
3998,MAHEMA,3
3998,MAHIRAH,3
3998,MAHJABIN,3
3998,MAHRIA,3
3998,MAHSA,3
3998,MAHVISH,3
3998,MAHWISH,3
3998,MAICY,3
3998,MAIJA,3
3998,MAIMOONAH,3
3998,MAIRIN,3
3998,MAKEDA,3
3998,MALAAK,3
3998,MALIHAH,3
3998,MALLIKA,3
3998,MAME,3
3998,MAMOONA,3
3998,MAN,3
3998,MANEESHA,3
3998,MANESHA,3
3998,MANVIR,3
3998,MARGARIDA,3
3998,MARGED,3
3998,MARIE-CLAIRE,3
3998,MARIE-LOUISE,3
3998,MARIHAH,3
3998,MARILENA,3
3998,MARITA,3
3998,MARJANA,3
3998,MARLENA,3
3998,MARLI,3
3998,MARRIAM,3
3998,MARTI,3
3998,MARVA,3
3998,MARY-ANNE,3
3998,MARY-JANE,3
3998,MARY-LOU,3
3998,MARYBETH,3
3998,MARYIAM,3
3998,MARYLOU,3
3998,MATHUMITHA,3
3998,MATYLDA,3
3998,MAVISH,3
3998,MAYMUNA,3
3998,MCKAYLA,3
3998,MEASHA,3
3998,MEGAN-LEIGH,3
3998,MEGHANA,3
3998,MEHER,3
3998,MEHNAZ,3
3998,MEISHA,3
3998,MELLISA,3
3998,MEMOONA,3
3998,MERVEILLE,3
3998,MESHA,3
3998,MIAMI,3
3998,MICHELA,3
3998,MIKELA,3
3998,MIKHELA,3
3998,MIKKI,3
3998,MILLAN,3
3998,MILLEN,3
3998,MILLIE-,3
3998,MINDY,3
3998,MINI,3
3998,MIRABEL,3
3998,MIRAIN,3
3998,MIRELLA,3
3998,MIZGIN,3
3998,MOESHA,3
3998,MOLLIE-ANN,3
3998,MOMENA,3
3998,MONTANNA,3
3998,MORAG,3
3998,MORIAM,3
3998,MORIOM,3
3998,MORVEN,3
3998,MOSAMMATH,3
3998,MUNAZZA,3
3998,MURREN,3
3998,MUSSAMMED,3
3998,MYER,3
3998,NACIMO,3
3998,NADIAH,3
3998,NAHIDAH,3
3998,NAHLA,3
3998,NAJIA,3
3998,NAJIFA,3
3998,NAJIYAH,3
3998,NAJMO,3
3998,NAJWA,3
3998,NAKIYAH,3
3998,NALANI,3
3998,NANDITA,3
3998,NARGES,3
3998,NARISSA,3
3998,NASIMA,3
3998,NAVLEEN,3
3998,NAVPREET,3
3998,NAWAAL,3
3998,NAYAH,3
3998,NAYMA,3
3998,NAZ,3
3998,NAZIMA,3
3998,NAZIRAH,3
3998,NAZNIN,3
3998,NAZRIN,3
3998,NEDA,3
3998,NEEMA,3
3998,NELLE,3
3998,NEREA,3
3998,NICO,3
3998,NICOLLE,3
3998,NIKAYA,3
3998,NIKEISHA,3
3998,NIKI,3
3998,NILAY,3
3998,NIRMA,3
3998,NISHI,3
3998,NISREEN,3
3998,NITASHA,3
3998,NKECHI,3
3998,NON,3
3998,NOOR-AL-AIN,3
3998,NOOR-UL-AIN,3
3998,NOORJAHAN,3
3998,NOR,3
3998,NURUL,3
3998,NUSAIBA,3
3998,NYNKE,3
3998,NYOMI,3
3998,OGECHUKWU,3
3998,OLAITAN,3
3998,OLAOLUWA,3
3998,OLIMPIA,3
3998,OLIVIA-JANE,3
3998,OLIVIA-LEIGH,3
3998,OLUWASOLA,3
3998,OLUWATIMILEHIN,3
3998,OLUWATOYIN,3
3998,OMAMA,3
3998,OMOLADE,3
3998,OMOLARA,3
3998,OMOLAYO,3
3998,OMOLOLA,3
3998,OPAL,3
3998,PAIGE-LOUISE,3
3998,PAKEEZA,3
3998,PALLAVI,3
3998,PALVI,3
3998,PANASHE,3
3998,PARISHA,3
3998,PARMINDER,3
3998,PARVEEN,3
3998,PASHA,3
3998,PAYGE,3
3998,PAYNTON,3
3998,PAYTEN,3
3998,PEGGY,3
3998,PELIN,3
3998,PERSIA,3
3998,PHEONIX,3
3998,POONAM,3
3998,PORCIA,3
3998,PORSCHA,3
3998,PORSCHE,3
3998,PRABHLEEN,3
3998,PRACHI,3
3998,PRISCA,3
3998,PRISHA,3
3998,PRITPAL,3
3998,PRUDENCE,3
3998,QUEEN,3
3998,RAABIA,3
3998,RAADHIYAH,3
3998,RADYAH,3
3998,RAHEELA,3
3998,RAIA,3
3998,RAJNI,3
3998,RAJPREET,3
3998,RAJVINDER,3
3998,RAJVIR,3
3998,RAKEB,3
3998,RAKIYAH,3
3998,RAMATOULIE,3
3998,RAMEESHA,3
3998,RAMLAH,3
3998,RANI,3
3998,RAPHAELA,3
3998,RAVINA,3
3998,RAWAN,3
3998,RAYAAN,3
3998,RAYANNA,3
3998,RAYYAN,3
3998,REBA,3
3998,REBECCA-LOUISE,3
3998,REESHA,3
3998,REHA,3
3998,REHAM,3
3998,REHEMA,3
3998,REHMAT,3
3998,REINA,3
3998,REMA,3
3998,RENAI,3
3998,RESHA,3
3998,RESHAM,3
3998,RHIANWEN,3
3998,RHYANNE,3
3998,RIANE,3
3998,RIANNAH,3
3998,RICA,3
3998,RICARDA,3
3998,RICHA,3
3998,RIDHA,3
3998,RIMINI,3
3998,RIPLEY,3
3998,RISA,3
3998,ROGUE,3
3998,ROHA,3
3998,ROHAN,3
3998,ROHANNA,3
3998,ROHINI,3
3998,ROKAYA,3
3998,ROKSANA,3
3998,ROMINA,3
3998,RONDA,3
3998,ROSANNE,3
3998,ROSENA,3
3998,ROSHAN,3
3998,ROSHEEN,3
3998,ROSI,3
3998,ROUMAISSA,3
3998,ROWANNE,3
3998,ROXANA,3
3998,ROXIE,3
3998,ROZEENA,3
3998,RUBAB,3
3998,RUCHA,3
3998,RUCHI,3
3998,RUHI,3
3998,RUKIYA,3
3998,RUKSAR,3
3998,RUMAYSAH,3
3998,RUMENA,3
3998,RUMI,3
3998,RUMMANAH,3
3998,RUQAIYA,3
3998,RUTA,3
3998,RUWAIDA,3
3998,RUWEYDA,3
3998,RYANNE,3
3998,RYLEE,3
3998,RYLEIGH,3
3998,RYLIE,3
3998,SAACHI,3
3998,SAALIHA,3
3998,SAAMIA,3
3998,SAANIA,3
3998,SAANYA,3
3998,SABBAH,3
3998,SABIRIN,3
3998,SABIYA,3
3998,SABIYAH,3
3998,SABRA,3
3998,SABRIN,3
3998,SABRIYAH,3
3998,SADA,3
3998,SADHBH,3
3998,SAE,3
3998,SAEEDA,3
3998,SAFEENAH,3
3998,SAFFAH,3
3998,SAHANA,3
3998,SAHIMA,3
3998,SAIDAH,3
3998,SAISHA,3
3998,SALLY-ANNE,3
3998,SALONI,3
3998,SALSABIL,3
3998,SAMAIRA,3
3998,SAMARAH,3
3998,SAMEEN,3
3998,SAMI,3
3998,SAMIIRA,3
3998,SAMIKA,3
3998,SAMSAM,3
3998,SANAAH,3
3998,SANAYA,3
3998,SANGEETA,3
3998,SANHA,3
3998,SANNE,3
3998,SANTAE,3
3998,SANTANA,3
3998,SANTHYA,3
3998,SANYAH,3
3998,SAPPHIRA,3
3998,SARAH-ANNE,3
3998,SARAN,3
3998,SARBJIT,3
3998,SARIKA,3
3998,SARISH,3
3998,SARON,3
3998,SARRA,3
3998,SASKYA,3
3998,SATVEER,3
3998,SAUDAH,3
3998,SAUMYA,3
3998,SAXON,3
3998,SAYA,3
3998,SAYEEDA,3
3998,SAYRA,3
3998,SAYSHA,3
3998,SELA,3
3998,SELENE,3
3998,SEMRA,3
3998,SEONA,3
3998,SEYDA,3
3998,SEZEN,3
3998,SHABIHA,3
3998,SHAHANA,3
3998,SHAHD,3
3998,SHAHLA,3
3998,SHAIRA,3
3998,SHAIZA,3
3998,SHAKAYLA,3
3998,SHAKEELA,3
3998,SHAKEIRA,3
3998,SHAKIYA,3
3998,SHAMARA,3
3998,SHAMARI,3
3998,SHAMINA,3
3998,SHAMIRA,3
3998,SHAMITA,3
3998,SHAMSA,3
3998,SHANEE,3
3998,SHANESE,3
3998,SHANISE,3
3998,SHANJIDA,3
3998,SHANNELL,3
3998,SHANNON-LEIGH,3
3998,SHANTI,3
3998,SHANYAH,3
3998,SHANZA,3
3998,SHARANJEET,3
3998,SHARIA,3
3998,SHARIFA,3
3998,SHARLOTTE,3
3998,SHARNAH,3
3998,SHARNE,3
3998,SHARNEY,3
3998,SHARNI,3
3998,SHARONDEEP,3
3998,SHAUNAH,3
3998,SHAVON,3
3998,SHAYA,3
3998,SHAYANNE,3
3998,SHAYLEE,3
3998,SHAYNI,3
3998,SHAZMIN,3
3998,SHEEMA,3
3998,SHEINDY,3
3998,SHELDON,3
3998,SHELLBY,3
3998,SHELLIE,3
3998,SHENAZ,3
3998,SHERIN,3
3998,SHERYL,3
3998,SHEVAUN,3
3998,SHINADE,3
3998,SHIONA,3
3998,SHIZA,3
3998,SHONTAE,3
3998,SHULA,3
3998,SHYANE,3
3998,SIDDIKA,3
3998,SIDDIQA,3
3998,SIGNE,3
3998,SILAN,3
3998,SINAED,3
3998,SINE,3
3998,SINEM,3
3998,SIONA,3
3998,SIRENA,3
3998,SIRIOL,3
3998,SOFINA,3
3998,SOMAN,3
3998,SOMAYA,3
3998,SOMIA,3
3998,SONAL,3
3998,SONIKA,3
3998,SOPHIE-,3
3998,SOPHIE-LEIGH,3
3998,SRISHTI,3
3998,STAVROULLA,3
3998,STEFFANIE,3
3998,SUFIA,3
3998,SUFIYA,3
3998,SUKAINA,3
3998,SUKHPREET,3
3998,SULEKHA,3
3998,SUMAYRA,3
3998,SUMIYYAH,3
3998,SUMMAYA,3
3998,SUMMER-LEIGH,3
3998,SUMMER-ROSE,3
3998,SUNAINA,3
3998,SVETLANA,3
3998,SWETHA,3
3998,SWYN,3
3998,SYBIL,3
3998,SYMA,3
3998,TAANIYA,3
3998,TABETHA,3
3998,TAHMEENA,3
3998,TAJINDER,3
3998,TALANA,3
3998,TALIS,3
3998,TALULAH,3
3998,TAMIAH,3
3998,TAMIERA,3
3998,TAMISHA,3
3998,TANA,3
3998,TANEISHA,3
3998,TANIESHA,3
3998,TANZIM,3
3998,TANZIMA,3
3998,TARANJIT,3
3998,TARANPREET,3
3998,TASHARNA,3
3998,TASKEEN,3
3998,TASMIAH,3
3998,TASMINE,3
3998,TASMIYA,3
3998,TATJANA,3
3998,TAVIA,3
3998,TAYABAH,3
3998,TAYIBAH,3
3998,TAYLA-JO,3
3998,TAYLOR-JAYNE,3
3998,TAYYABA,3
3998,TAYYIBA,3
3998,TEESHA,3
3998,TEIGHAN,3
3998,TEISHA,3
3998,TEJA,3
3998,TEJAL,3
3998,TEODORA,3
3998,TERI-ANN,3
3998,TERRI-ANNE,3
3998,THAHERA,3
3998,THAHIRA,3
3998,THAIBA,3
3998,THAIS,3
3998,THAMEENA,3
3998,THANDIWE,3
3998,THEADORA,3
3998,THERESE,3
3998,THIA,3
3998,THIRA,3
3998,TIA-JADE,3
3998,TIA-MAE,3
3998,TIAGAN,3
3998,TIAN,3
3998,TIANE,3
3998,TIANEY,3
3998,TIDA,3
3998,TIEGHAN,3
3998,TIERNY,3
3998,TIESHA,3
3998,TIGAN,3
3998,TIGGY,3
3998,TINASHE,3
3998,TIONA,3
3998,TIPPI,3
3998,TIRA,3
3998,TIREE,3
3998,TIYANNA,3
3998,TOHURA,3
3998,TOMOKA,3
3998,TONIA,3
3998,TONIE,3
3998,TOVA,3
3998,TOVE,3
3998,TRELAWNY,3
3998,TSITSI,3
3998,TUANA,3
3998,TWYLA,3
3998,TYANA,3
3998,TYANNE,3
3998,TYLAH,3
3998,UBAH,3
3998,ULA,3
3998,UMAH,3
3998,UMAIMA,3
3998,UMAIRA,3
3998,UMAMA,3
3998,UMAMAH,3
3998,UMMAY,3
3998,UREEBA,3
3998,USMA,3
3998,VAISHALI,3
3998,VELVET,3
3998,VERONIKA,3
3998,VICTOIRE,3
3998,VICTORIA-LOUISE,3
3998,VITHUSHA,3
3998,VITTORIA,3
3998,VLERA,3
3998,VY,3
3998,WAJEEHA,3
3998,WANDA,3
3998,WANIA,3
3998,WILLA,3
3998,WINTA,3
3998,XANA,3
3998,XHOANA,3
3998,XIN,3
3998,YAA,3
3998,YANNA,3
3998,YELIZ,3
3998,YI,3
3998,YITTY,3
3998,YOHANNA,3
3998,YOLANDE,3
3998,YSABELLA,3
3998,YU,3
3998,YUMI,3
3998,YUSRAH,3
3998,YVE,3
3998,ZAAKIRAH,3
3998,ZAIBAA,3
3998,ZAIRAH,3
3998,ZALEKHA,3
3998,ZAM,3
3998,ZANAB,3
3998,ZAYNEB,3
3998,ZELAH,3
3998,ZENNA,3
3998,ZENYA,3
3998,ZERISH,3
3998,ZETA,3
3998,ZIAH,3
3998,ZINA,3
3998,ZIPPORAH,3
3998,ZOE-LEIGH,3
3998,ZOLA,3
3998,ZOSIA,3
3998,ZUBEDA,3
3998,ZUHUR,3
3998,ZULAIKA,3
3998,ZUNERA,3
