Rank,Name,Count
1,CHLOE,5708
2,EMILY,5390
3,JESSICA,5094
4,ELLIE,4854
5,SOPHIE,4688
6,MEGAN,4576
7,CHARLOTTE,4208
8,HANNAH,3874
9,OLIVIA,3798
10,LUCY,3796
11,LAUREN,3513
12,HOLLY,3435
13,KATIE,3279
14,AMY,2978
15,MOLLY,2916
16,ELLA,2763
17,BETHANY,2627
18,REBECCA,2529
19,GRACE,2519
20,MIA,2446
21,GEORGIA,2335
22,ABIGAIL,2318
23,CAITLIN,2222
24,LEAH,2060
25,AMELIA,1973
26,ELEANOR,1942
27,EMMA,1903
28,LILY,1706
29,JASMINE,1695
30,ELIZABETH,1624
31,SHANNON,1590
32,COURTNEY,1537
33,ALICE,1511
34,MILLIE,1499
35,JADE,1496
36,AMBER,1296
37,ANNA,1292
38,ERIN,1278
39,SARAH,1161
40,DAISY,1160
40,PHOEBE,1160
42,ABBIE,1153
43,ZOE,1128
44,RACHEL,1115
45,MAISIE,1077
45,NICOLE,1077
47,ISABELLE,1073
48,LAURA,1065
49,FREYA,1049
50,ISABELLA,1041
51,PAIGE,1040
52,NATASHA,1003
53,ISOBEL,960
54,NIAMH,956
55,ROSIE,951
56,ALEXANDRA,910
57,EVE,907
58,LOUISE,902
59,ISABEL,891
60,IMOGEN,890
61,HOLLIE,886
62,ALICIA,866
63,POPPY,828
64,ALISHA,818
65,AIMEE,801
66,RUBY,795
67,MORGAN,791
68,TIA,774
69,JODIE,745
70,MOLLIE,740
71,LIBBY,728
72,MADELEINE,727
73,HARRIET,718
74,JENNIFER,704
75,GEORGINA,692
76,LYDIA,687
77,VICTORIA,672
78,CHELSEA,670
79,SAMANTHA,663
80,MADISON,653
81,EVIE,652
82,KATE,651
83,DANIELLE,641
84,KAYLEIGH,640
85,KATHERINE,624
86,SOPHIA,622
87,MELISSA,621
88,FRANCESCA,599
89,GABRIELLE,574
90,YASMIN,573
91,CHARLIE,545
92,AALIYAH,533
93,ELLE,502
94,STEPHANIE,500
95,ELOISE,495
96,ELISE,493
97,LARA,482
98,ELLEN,481
99,NATALIE,480
100,ABBY,456
100,ZARA,456
102,GEMMA,446
103,MAYA,444
104,ANNABEL,443
105,FAYE,442
106,NAOMI,440
107,TEGAN,437
108,BROOKE,436
109,CATHERINE,433
110,MARIA,413
111,DEMI,411
112,BETHAN,408
113,KIRSTY,403
114,SARA,401
115,AISHA,397
115,TAYLOR,397
117,CERYS,395
118,CASEY,394
119,FAITH,389
120,KELSEY,386
121,KIERA,382
121,RHIANNON,382
123,SKYE,381
124,SIAN,376
125,BETH,375
125,EBONY,375
127,MATILDA,369
128,SCARLETT,367
129,ANYA,366
129,MADELINE,366
131,LOIS,365
132,ASHLEIGH,363
133,MYA,349
134,INDIA,347
135,KACEY,342
136,SASHA,338
137,ROBYN,337
138,EVA,330
139,SUMMER,325
140,HEATHER,322
141,CIARA,320
142,MADDISON,317
143,KIRA,315
144,ANGEL,311
144,ROSE,311
146,MARY,310
147,MILLY,306
148,MARYAM,298
149,CAITLYN,296
150,JASMIN,295
151,SOFIA,291
152,SAFFRON,288
153,REBEKAH,287
154,KATHRYN,286
155,ANNIE,283
156,FLORENCE,278
157,KATY,276
157,MARTHA,276
159,JENNA,275
159,SHAUNA,275
161,CHANTELLE,274
162,ANNABELLE,271
162,RHIANNA,271
164,FFION,270
165,ZAINAB,267
166,TARA,265
167,KIMBERLEY,264
168,EMILIA,261
169,RACHAEL,260
170,SHAKIRA,258
171,HAYLEY,256
172,SANA,254
173,AMELIE,250
173,MAISY,250
175,HOPE,247
175,SADIE,247
177,GABRIELLA,246
178,SIMRAN,243
179,LAYLA,241
179,TILLY,241
181,CARA,240
182,ELENA,237
183,ELISHA,236
184,IQRA,234
185,MACY,233
186,CLAUDIA,228
186,LILLY,228
188,GRACIE,227
188,NEVE,227
188,ZAHRA,227
191,NADIA,226
192,KACI,224
193,AYESHA,223
193,FATIMA,223
195,EDEN,221
196,AMINA,218
196,ELIZA,218
196,JOSEPHINE,218
196,KAITLYN,218
196,LIBERTY,218
196,LOUISA,218
202,ESME,215
202,PARIS,215
204,AVA,214
204,JOSIE,214
206,JEMIMA,213
207,SYDNEY,210
208,CHARLEY,209
209,JESSIE,207
209,KAITLIN,207
211,KEIRA,206
212,ALANA,201
212,EVELYN,201
212,LUCIE,201
215,ALIYAH,200
215,JORDAN,200
217,ESTHER,198
217,TAMZIN,198
219,TABITHA,196
220,JEMMA,195
221,ABBEY,194
222,KELLY,193
223,BRYONY,192
224,MAIA,188
224,MARIAM,188
226,ALYSSA,186
227,SASKIA,185
228,DANIELLA,183
228,HELENA,183
230,JAMIE,182
231,NICOLA,178
231,RIA,178
233,ALEX,176
234,KATELYN,175
235,NIKITA,173
236,RUTH,172
237,TRINITY,170
238,LOLA,169
238,WILLOW,169
240,HANA,168
241,TIFFANY,167
242,KEELEY,166
243,FELICITY,165
244,HEIDI,164
245,AMIE,163
245,CARYS,163
245,PHILIPPA,163
248,LISA,160
249,DARCY,159
249,SAVANNAH,159
249,TAYLA,159
252,ANTONIA,158
253,KYRA,157
254,SHANIA,156
255,SINEAD,155
256,SYEDA,154
256,TIEGAN,154
258,BEATRICE,153
259,KAYLA,152
259,LUCIA,152
259,NIA,152
259,NINA,152
263,LEANNE,150
263,LEILA,150
263,MICHAELA,150
263,SERENA,150
267,ANASTASIA,149
268,FIONA,148
269,ANISA,147
270,CONNIE,146
271,JOANNA,145
271,NANCY,145
273,CHRISTINA,144
273,DESTINY,144
273,SEREN,144
276,ISLA,142
276,LEONIE,142
276,MACKENZIE,142
279,MACEY,140
280,ORLA,139
281,MICHELLE,137
282,IONA,135
283,KARA,134
283,LIA,134
285,ESHA,133
285,HELEN,133
285,TALIA,133
288,CARLA,132
289,ISHA,130
290,KIRSTEN,126
291,EMILIE,125
291,KITTY,125
291,THEA,125
294,NATALIA,124
294,SCARLET,124
294,TYLER,124
297,KATRINA,123
297,TEIGAN,123
299,LILLIE,122
299,SAFA,122
299,TONI,122
302,CRYSTAL,120
302,LANA,120
302,TAMARA,120
305,HAFSAH,119
305,KIA,119
307,CLAIRE,118
308,DARCIE,117
308,IMAN,117
310,CLARA,116
310,POLLY,116
310,PRIYA,116
313,FRANCES,115
313,RENEE,115
313,SIOBHAN,115
316,ASHLEY,114
316,DARCEY,114
316,MADELAINE,114
316,MELANIE,114
316,YASMINE,114
321,CODY,112
321,ELLIE-MAE,112
321,LAURYN,112
321,LOWRI,112
325,JADA,111
325,LORNA,111
325,MEGHAN,111
325,SALLY,111
329,APRIL,109
329,HALIMA,109
329,RHEA,109
329,STACEY,109
333,HAFSA,108
333,JULIA,108
333,KERRY,108
333,LACEY,108
333,TANYA,108
333,ZAYNAB,108
339,BILLIE,107
340,CONSTANCE,106
341,ANNALISE,104
342,MILLICENT,103
342,NELL,103
344,AOIFE,102
344,AYSHA,102
344,TAMSIN,102
347,IMAAN,101
348,AISHAH,100
348,GEORGIE,100
348,KHADIJA,100
348,LAILA,100
348,SADIA,100
353,ABBI,99
353,LOTTIE,99
353,ROSA,99
353,TALLULAH,99
357,ADELE,98
357,ALYSHA,98
357,CODIE,98
357,MIRIAM,98
361,ANAIS,97
361,CARMEN,97
361,ELLIS,97
364,ANISHA,96
364,CHANEL,96
366,BAILEY,94
367,ALIYA,93
367,BRODIE,93
367,CARLY,93
367,FERN,93
367,STELLA,93
372,ALANNAH,92
372,KASEY,92
372,SABRINA,92
375,CATRIN,91
375,ISOBELLE,91
375,KHADIJAH,91
378,MARIE,90
379,SONIA,89
380,DAVINA,88
380,ELYSIA,88
380,KACIE,88
380,KATHLEEN,88
380,KELSIE,88
380,RHIAN,88
380,TEAGAN,88
380,TIANA,88
388,JAZMIN,87
388,MADDIE,87
388,SALMA,87
391,ALINA,86
392,HANNA,85
392,SHELBY,85
394,EMELIA,84
394,HARLEY,84
394,HERMIONE,84
394,KIARA,84
398,ANIKA,83
398,AQSA,83
398,BONNIE,83
401,DEBORAH,82
401,ELIN,82
401,HALLE,82
401,LATISHA,82
401,SKY,82
406,ALEENA,81
406,HONOR,81
406,SABAH,81
409,ASHA,80
409,ELLENA,80
409,FLORA,80
409,SHANICE,80
413,ALEXIA,79
413,ANGELA,79
413,ELISABETH,79
413,LILI,79
413,MAE,79
418,ALEXIS,78
418,JAZMINE,78
418,RIANNA,78
421,BRIONY,77
421,SAMIRA,77
421,SUMAYYAH,77
424,ANGELINA,76
424,JOANNE,76
424,KATHARINE,76
424,ROISIN,76
428,ALESHA,75
428,AMINAH,75
428,GENEVIEVE,75
431,AMIRA,74
431,ANA,74
431,CAMERON,74
431,CAROLINE,74
431,FATIMAH,74
431,KEELY,74
431,MIRANDA,74
438,HALEEMA,73
438,KAYLEE,73
438,VERITY,73
441,AMIRAH,72
441,ELLIE-MAY,72
441,ERICA,72
441,ROSEMARY,72
445,ASHANTI,71
445,KIRAN,71
445,LEONA,71
445,MARGARET,71
445,SHONA,71
450,BROGAN,70
450,ELINOR,70
450,FAIZA,70
450,LEIA,70
450,VANESSA,70
455,CHEYENNE,69
455,DEMI-LEIGH,69
455,SIMONE,69
458,ANISAH,68
458,FARAH,68
458,PIPER,68
458,TANISHA,68
458,TASNIM,68
463,ALANNA,67
463,AMNA,67
463,CLEO,67
463,JORJA,67
463,KAYLEY,67
463,TESS,67
469,CAITLAN,66
469,FAY,66
469,HAZEL,66
469,LEONI,66
469,MAY,66
469,RIYA,66
475,LEYLA,65
476,ELISSA,64
476,FIZA,64
476,KEISHA,64
476,SAPPHIRE,64
480,CERI,63
480,CHIARA,63
480,HUMAIRA,63
480,KARINA,63
480,LILLIAN,63
480,MACIE,63
480,NOOR,63
480,ROSANNA,63
480,SAFIA,63
480,ZAYNAH,63
490,KEZIA,62
490,SIENNA,62
490,SUMAYA,62
493,ANDREA,61
493,ARABELLA,61
493,FLEUR,61
493,IRIS,61
493,JENNY,61
493,KIMBERLY,61
493,NADINE,61
500,ALIX,60
500,AMANDA,60
500,AMANI,60
500,ANEESA,60
500,BRITNEY,60
500,NEHA,60
500,ROWAN,60
500,TORI,60
508,ELLY,59
508,KAYA,59
508,MARNIE,59
508,NYAH,59
508,SABA,59
513,AISLING,58
513,CHARDONNAY,58
513,CHELSEY,58
513,DEVON,58
513,ELSIE,58
513,JAIME,58
513,KYLIE,58
513,LOREN,58
513,MAGGIE,58
513,SAIRA,58
523,AAMINAH,57
523,BECKY,57
523,BRIDGET,57
523,CHELSIE,57
523,HONEY,57
523,JOLIE,57
523,JULIETTE,57
523,MELODY,57
523,MONIQUE,57
532,ALEISHA,56
532,DIANA,56
532,KYLA,56
532,LARISSA,56
532,MAISHA,56
532,MONICA,56
532,PRECIOUS,56
532,SAIMA,56
540,DANIELA,55
540,ELSA,55
540,FAHIMA,55
540,HARMONY,55
540,JANE,55
540,LEA,55
540,STEVIE,55
547,ANNE,54
547,BRIANNA,54
547,CHRISTINE,54
547,ELISA,54
547,KEZIAH,54
547,LEXIE,54
547,LILLI,54
547,LUCINDA,54
547,SAARAH,54
547,SUSANNAH,54
557,BOBBIE,53
557,ELICIA,53
557,EVANGELINE,53
557,INES,53
557,LEIGH,53
557,LILIAN,53
557,SHARNA,53
564,KIRSTIE,52
564,MIYA,52
564,REGAN,52
564,ROCHELLE,52
568,ALEXANDRIA,51
568,DEANNA,51
568,DREW,51
568,HENNA,51
568,JULIET,51
568,SACHA,51
574,ANJALI,50
574,CHANELLE,50
574,DANNI,50
574,ELOUISE,50
574,JAYA,50
574,SELINA,50
574,TIANNA,50
574,YAZMIN,50
582,CLARE,49
582,MAHIMA,49
582,PIPPA,49
585,AMAL,48
585,ASMA,48
585,BETHANIE,48
585,CASSIE,48
585,ELLISE,48
585,ESTELLE,48
585,JODI,48
585,KARIS,48
585,KIAH,48
585,NIKKI,48
585,PATRICIA,48
585,SANAA,48
585,TESSA,48
585,THALIA,48
599,AUTUMN,47
599,BOBBI,47
599,BRONWYN,47
599,ZOYA,47
603,AAISHA,46
603,BRIDIE,46
603,CANDICE,46
603,CASSIDY,46
603,CHARIS,46
603,DANA,46
603,JAMIE-LEIGH,46
603,JOELY,46
603,KYA,46
603,MALAIKA,46
603,TAYA,46
603,TAZMIN,46
603,YUSRA,46
616,MCKENZIE,45
616,MELISA,45
616,SADE,45
616,TARYN,45
620,ALISON,44
620,CORA,44
620,CORDELIA,44
620,DULCIE,44
620,JODY,44
620,JOY,44
620,LEENA,44
620,LIBBIE,44
620,NISHA,44
620,REANNA,44
620,SAVANNA,44
631,AAMINA,43
631,ALEXA,43
631,DOMINIQUE,43
631,EMMIE,43
631,KIANA,43
631,LENA,43
631,MARIYA,43
631,MEG,43
631,PHOENIX,43
631,SAMIHA,43
631,SANAH,43
631,SHIVANI,43
643,ABI,42
643,ALYS,42
643,AMARA,42
643,AMI,42
643,AMRIT,42
643,ANGELICA,42
643,AYLA,42
643,CORAL,42
643,ELLI,42
643,ERYN,42
643,HENRIETTA,42
643,ISOBELLA,42
643,RIO,42
656,ALIA,41
656,CALLIE,41
656,ERIKA,41
656,GINA,41
656,JACQUELINE,41
656,MABEL,41
656,MARINA,41
656,MERCEDES,41
656,RUQAYYAH,41
656,TATIANA,41
656,VIOLET,41
667,AINE,40
667,ANN,40
667,ASIA,40
667,CATRIONA,40
667,CECILIA,40
667,CHAYA,40
667,IMANI,40
667,KARLA,40
667,SUMAIYA,40
667,TEEGAN,40
667,TINA,40
667,TYLA,40
679,BRONTE,39
679,CLARISSA,39
679,ELODIE,39
679,ENYA,39
679,MAHA,39
679,NAIMA,39
679,NATALYA,39
679,SAFIYA,39
679,SAHAR,39
679,TASNEEM,39
689,ANITA,38
689,ARIANNA,38
689,AYA,38
689,BUSHRA,38
689,FRANKIE,38
689,GABRIELA,38
689,HUSNA,38
689,LINA,38
689,MAARIYAH,38
689,MAHNOOR,38
689,MATHILDA,38
689,MISBAH,38
689,SHARON,38
702,ALEESHA,37
702,ALYSSIA,37
702,ANEESAH,37
702,CAMILLA,37
702,CHANTE,37
702,CHANTEL,37
702,ELLIE-LOUISE,37
702,HABIBA,37
702,HALIMAH,37
702,HUMAYRA,37
702,JAMIE-LEE,37
702,KAREN,37
702,KENNEDY,37
702,MARIAH,37
702,MIAH,37
702,NEAVE,37
702,PEARL,37
702,TAMMY,37
702,TANIA,37
702,ZAINA,37
722,ALESSIA,36
722,DIONNE,36
722,INAYAH,36
722,IZABELLA,36
722,LAIBA,36
722,LEIGHA,36
722,MAIZIE,36
722,NAFISA,36
722,NIMRA,36
722,PENNY,36
722,ROMY,36
722,ROSHNI,36
722,SAMIA,36
735,ABBIGAIL,35
735,ALANAH,35
735,ALYSIA,35
735,AMEERA,35
735,ANAM,35
735,ANGHARAD,35
735,BELLA,35
735,EDIE,35
735,EESHA,35
735,ELEN,35
735,FATMA,35
735,HINA,35
735,KAREENA,35
735,MAISEY,35
735,MARIYAH,35
750,ALISSA,34
750,CARRIE,34
750,CELESTE,34
750,DIYA,34
750,ELSPETH,34
750,HIBAH,34
750,KAIA,34
750,MANON,34
750,MILLI,34
750,PRISCILLA,34
750,RHIANNE,34
761,AALIYA,33
761,ATLANTA,33
761,CASSIA,33
761,CHARLI,33
761,CHARMAINE,33
761,DAYNA,33
761,ELIANA,33
761,FARRAH,33
761,IKRA,33
761,IRAM,33
761,JOYCE,33
761,LETITIA,33
761,MARTINA,33
761,MARWA,33
761,MUNA,33
761,NIMRAH,33
761,OCEAN,33
761,PENELOPE,33
761,ROXANNE,33
761,SAMIYA,33
761,SIDRA,33
761,SOFIE,33
761,SUSAN,33
761,ZARAH,33
785,AMRITA,32
785,CHARLEIGH,32
785,CLEMENTINE,32
785,COURTENEY,32
785,ELA,32
785,ELERI,32
785,FARZANA,32
785,HADIQA,32
785,LEVI,32
785,MADIHA,32
785,MARISSA,32
785,MIMI,32
785,MYAH,32
785,SADIYAH,32
799,ABIDA,31
799,ANNIKA,31
799,ARIANA,31
799,ATHENA,31
799,CAMILLE,31
799,HALEEMAH,31
799,JAYDE,31
799,KRISTINA,31
799,LILIANA,31
799,SANIA,31
809,AILSA,30
809,BEAU,30
809,DANI,30
809,ELLA-MAE,30
809,ELLOUISE,30
809,HATTIE,30
809,KAIYA,30
809,KIYA,30
809,LIANA,30
809,NAJMA,30
809,RABIA,30
809,RANIA,30
809,SHAYLA,30
822,ALEAH,29
822,ANNABELLA,29
822,CELINE,29
822,CHARLEE,29
822,DENISE,29
822,EDITH,29
822,HANAN,29
822,HUDA,29
822,KADIE,29
822,KIM,29
822,LIBBI,29
822,LIVIA,29
822,RILEY,29
822,SAMIYAH,29
822,SARINA,29
822,STORM,29
822,TASNIA,29
822,TERRI,29
822,TIERNEY,29
822,VALENTINA,29
842,AMMAARAH,28
842,ARWEN,28
842,AYSE,28
842,BRONWEN,28
842,CASSANDRA,28
842,CHARLENE,28
842,CLARICE,28
842,CYDNEY,28
842,FREJA,28
842,HARRIETT,28
842,LILY-MAE,28
842,MAEVE,28
842,MARIELLA,28
842,REESE,28
842,SAFAH,28
842,SELIN,28
842,SORCHA,28
842,SUMAIYAH,28
842,VERONICA,28
861,ALESSANDRA,27
861,ASIYA,27
861,BETSY,27
861,BIBI,27
861,CHANTAL,27
861,ELLIE-MAI,27
861,GLORIA,27
861,HOLLI,27
861,HUMAIRAA,27
861,HUMERA,27
861,JAMILA,27
861,JAYNE,27
861,JOCELYN,27
861,JULIE,27
861,LILY-ROSE,27
861,PORTIA,27
861,RIMSHA,27
861,SAFIYYAH,27
861,SAMARA,27
861,SAMINA,27
861,SHANELLE,27
861,SHREYA,27
861,TASMIN,27
861,TAYYIBAH,27
861,THERESA,27
861,TILLIE,27
861,ZAHRAA,27
861,ZAHRAH,27
861,ZAYNA,27
890,ALEEZA,26
890,ALLANA,26
890,ANEEKA,26
890,BAYLEIGH,26
890,CHARLY,26
890,CLOE,26
890,ELENI,26
890,ELLESSE,26
890,FAIZAH,26
890,GIORGIA,26
890,HAJRA,26
890,HARLEEN,26
890,JAIMIE,26
890,JAYDA,26
890,KAITLAN,26
890,KERRI,26
890,KRISTEN,26
890,MAARIYA,26
890,MADIHAH,26
890,MALI,26
890,MALIHA,26
890,MALIKA,26
890,MANISHA,26
890,MASUMA,26
890,NIEVE,26
890,SANNA,26
890,SHANA,26
890,SHANAE,26
890,SHANI,26
890,TAMANNA,26
920,AERYN,25
920,AFSANA,25
920,AMISHA,25
920,BILLIE-JO,25
920,CAPRICE,25
920,DAISIE,25
920,EBONI,25
920,ELANA,25
920,ELLA-LOUISE,25
920,HELIN,25
920,JAYDEN,25
920,JUSTINE,25
920,KATERINA,25
920,MAI,25
920,MUSKAAN,25
920,NAFEESA,25
920,REANNE,25
920,SYLVIA,25
938,ALISA,24
938,AMALIE,24
938,AMMARAH,24
938,ANOUSHKA,24
938,AREEBA,24
938,FATHIMA,24
938,GRETA,24
938,HALLIE,24
938,IQRAH,24
938,JEMIMAH,24
938,JUDE,24
938,KELIS,24
938,KENZIE,24
938,KIRSTIN,24
938,KLOE,24
938,LEANNA,24
938,MALEEHA,24
938,MANPREET,24
938,PIA,24
938,RAHIMA,24
938,RHIA,24
938,SABINA,24
938,SIONED,24
938,TASLIMA,24
962,ADELAIDE,23
962,AIYSHA,23
962,AURORA,23
962,AVNEET,23
962,AYAH,23
962,BROOKLYN,23
962,CHYNA,23
962,DINA,23
962,EMILEE,23
962,EMILY-JANE,23
962,FARHANA,23
962,FREYJA,23
962,HUMA,23
962,ISIS,23
962,JACEY,23
962,KARISHMA,23
962,KOMAL,23
962,KRYSTAL,23
962,LAURIE,23
962,LEILANI,23
962,LILY-MAY,23
962,LUISA,23
962,LULU,23
962,MARIANNE,23
962,NIDA,23
962,NUR,23
962,PRIYANKA,23
962,ROSALIND,23
962,ROSEANNA,23
962,SAMIRAH,23
962,SHANNAN,23
962,SIDRAH,23
962,TAHMINA,23
962,TALITHA,23
962,TYRA,23
962,XANTHE,23
998,ACACIA,22
998,AGNES,22
998,ANUSHKA,22
998,BEATRIX,22
998,BIANCA,22
998,BO,22
998,CECILY,22
998,DIONE,22
998,ELLE-MAY,22
998,FINLAY,22
998,FINLEY,22
998,GISELLE,22
998,HIBA,22
998,IVY,22
998,KALI,22
998,KATYA,22
998,KERI,22
998,KERRIE,22
998,LIYAH,22
998,MINNIE,22
998,NABILAH,22
998,NAZIA,22
998,NAZIFA,22
998,PHEBE,22
998,PHILLIPPA,22
998,REEM,22
998,ROBERTA,22
998,SIENA,22
998,SUSANNA,22
998,TAHLIA,22
998,TAYLER,22
998,TERESA,22
998,URSULA,22
998,UZMA,22
1032,ALLY,21
1032,AMEENA,21
1032,ANAYA,21
1032,AROOJ,21
1032,ASTRID,21
1032,ATIYA,21
1032,CALLY,21
1032,COLETTE,21
1032,CRISTINA,21
1032,DEMI-LEE,21
1032,EBONIE,21
1032,ELIF,21
1032,ELLISHA,21
1032,ELYSHA,21
1032,HEBE,21
1032,JULIANA,21
1032,KELSEA,21
1032,LESLEY,21
1032,NADA,21
1032,NANA,21
1032,NORA,21
1032,OCTAVIA,21
1032,POOJA,21
1032,REMI,21
1032,RHEANNA,21
1032,ROMA,21
1032,SABIHA,21
1032,SANIYA,21
1032,SORAYA,21
1032,STACIE,21
1032,SUMAYAH,21
1032,SYLVIE,21
1032,TERI,21
1032,ZENA,21
1066,ABIGAYLE,20
1066,AMIEE,20
1066,ANIQA,20
1066,ANNALIESE,20
1066,ASHANTE,20
1066,BETTY,20
1066,BREANNA,20
1066,CAOIMHE,20
1066,CARI,20
1066,CHRISTIE,20
1066,DANNIELLE,20
1066,DARCI,20
1066,EMMY,20
1066,FAHMIDA,20
1066,FARIHA,20
1066,FENELLA,20
1066,GEORGIANA,20
1066,HAYLEIGH,20
1066,ISMA,20
1066,JANNAH,20
1066,JAY,20
1066,KADY,20
1066,KELLIE,20
1066,KHADEEJAH,20
1066,LARAIB,20
1066,LINDA,20
1066,MAHEEN,20
1066,MAHIRA,20
1066,MAXINE,20
1066,MISHA,20
1066,PAULA,20
1066,SAHRA,20
1066,SAMAH,20
1066,SANDRA,20
1066,SHELLEY,20
1066,SUZANNA,20
1066,SUZANNAH,20
1066,YASEMIN,20
1104,ALANIS,19
1104,ALISHIA,19
1104,ANNE-MARIE,19
1104,BELLE,19
1104,BISMAH,19
1104,CARINA,19
1104,CAROLINA,19
1104,CELIA,19
1104,CHRISTIANA,19
1104,DOROTHY,19
1104,EILIDH,19
1104,ELLA-ROSE,19
1104,ELYSE,19
1104,ESMEE,19
1104,FALLON,19
1104,HANIFA,19
1104,HIRA,19
1104,IKRAH,19
1104,INAYA,19
1104,INDIANA,19
1104,JAIMEE,19
1104,JESSE,19
1104,KATELIN,19
1104,KENDRA,19
1104,KEREN,19
1104,KERYS,19
1104,KEYA,19
1104,KHUSHI,19
1104,LACIE,19
1104,LOGAN,19
1104,MADDY,19
1104,MALEEHAH,19
1104,MARI,19
1104,MARIANA,19
1104,MARIANNA,19
1104,MARISA,19
1104,MARNI,19
1104,MEADOW,19
1104,MIKAELA,19
1104,NISHAT,19
1104,OLIVE,19
1104,ROMANY,19
1104,SAKINA,19
1104,SHIFA,19
1104,SKYLA,19
1104,STAR,19
1104,VIENNA,19
1151,AAMNA,18
1151,AIDA,18
1151,ALEYNA,18
1151,AMY-LOUISE,18
1151,ANJA,18
1151,ANUSHA,18
1151,ASHLYN,18
1151,AYAN,18
1151,BARBARA,18
1151,BLESSING,18
1151,CHLOE-LOUISE,18
1151,CICELY,18
1151,CINDY,18
1151,DANIKA,18
1151,DANNIELLA,18
1151,HARPREET,18
1151,HASNA,18
1151,ISRA,18
1151,IZABEL,18
1151,JADEN,18
1151,JAIDA,18
1151,KAILA,18
1151,KODIE,18
1151,LETISHA,18
1151,LIDIA,18
1151,MEERA,18
1151,MICA,18
1151,MILLA,18
1151,MOMINA,18
1151,MONTANA,18
1151,NEVAEH,18
1151,NIKHITA,18
1151,NUHA,18
1151,PRINCESS,18
1151,RAEESAH,18
1151,RAHMA,18
1151,RIDA,18
1151,SHARMIN,18
1151,SHAYMA,18
1151,SHAYNA,18
1151,TAMIKA,18
1192,AILISH,17
1192,ALIMA,17
1192,ALLIYAH,17
1192,AMAN,17
1192,AMAYA,17
1192,ASHLEA,17
1192,CEARA,17
1192,CHEYANNE,17
1192,DEMILEIGH,17
1192,DILARA,17
1192,ELAINE,17
1192,ELANOR,17
1192,ELLENOR,17
1192,EMILLIE,17
1192,EMMA-LOUISE,17
1192,FAATIMAH,17
1192,GAIA,17
1192,GIZEM,17
1192,GWEN,17
1192,HAILIE,17
1192,JANET,17
1192,JASLEEN,17
1192,JASPREET,17
1192,JESSIKA,17
1192,JOHANNA,17
1192,KATARINA,17
1192,KEELEIGH,17
1192,KENYA,17
1192,LANI,17
1192,LAUREL,17
1192,MADEEHA,17
1192,MALAK,17
1192,MATHILDE,17
1192,MINA,17
1192,MUMINAH,17
1192,NAIMAH,17
1192,NIAH,17
1192,NUSAYBAH,17
1192,OPHELIA,17
1192,PHILLIPA,17
1192,RAE,17
1192,REA,17
1192,RHIANN,17
1192,RITA,17
1192,ROSINA,17
1192,SALEHA,17
1192,SANNAH,17
1192,SAOIRSE,17
1192,SUMAYYA,17
1192,TAIBA,17
1192,TAMSYN,17
1192,TEA,17
1192,TEONI,17
1245,AALIAH,16
1245,ADELLE,16
1245,ALENA,16
1245,ALIZA,16
1245,AMEERAH,16
1245,AMMARA,16
1245,ANNEKA,16
1245,ARAMINTA,16
1245,BRITTANY,16
1245,BROOK,16
1245,CADI,16
1245,CARLIE,16
1245,CATRINA,16
1245,CHERIE,16
1245,COCO,16
1245,DALIA,16
1245,DEENA,16
1245,DION,16
1245,DONNA,16
1245,EILEEN,16
1245,ELINA,16
1245,EMAN,16
1245,EMER,16
1245,EMMANUELLA,16
1245,GIULIA,16
1245,GYPSY,16
1245,HAILEY,16
1245,HARRIETTE,16
1245,IFRAH,16
1245,ILANA,16
1245,INDYA,16
1245,JAMILAH,16
1245,JANA,16
1245,JANELLE,16
1245,JANNAT,16
1245,JASMYN,16
1245,JORDANA,16
1245,KAYLIE,16
1245,KELISE,16
1245,KLARA,16
1245,LIZA,16
1245,LUBNA,16
1245,LUCI,16
1245,LUNA,16
1245,MADELYN,16
1245,MAIYA,16
1245,MAJA,16
1245,MAKAYLA,16
1245,MEHAK,16
1245,MENNA,16
1245,MERCY,16
1245,MIKAYLA,16
1245,MISSY,16
1245,MONET,16
1245,NABIHAH,16
1245,NAFISAH,16
1245,NAILAH,16
1245,NAWAL,16
1245,PHEOBE,16
1245,RAYAN,16
1245,REMY,16
1245,SAFAA,16
1245,SANYA,16
1245,SARAH-JANE,16
1245,SELMA,16
1245,SHANAY,16
1245,SHANTEL,16
1245,UMA,16
1245,UMAYMAH,16
1245,WENDY,16
1245,WHITNEY,16
1245,YASMEEN,16
1317,ADRIANA,15
1317,ALARNA,15
1317,ALLEGRA,15
1317,ALYCIA,15
1317,AMAANI,15
1317,AMBA,15
1317,ANNABELL,15
1317,ANNELISE,15
1317,ANWEN,15
1317,BECA,15
1317,CHLOE-ANN,15
1317,CODI,15
1317,DANIA,15
1317,ELLE-MAE,15
1317,ELLICE,15
1317,ELLIE-ROSE,15
1317,EMMELINE,15
1317,HABIBAH,15
1317,HAFIZA,15
1317,HARLEIGH,15
1317,HENA,15
1317,IESHA,15
1317,IOLA,15
1317,ISHIKA,15
1317,IZABELLE,15
1317,KATIE-LOUISE,15
1317,KATLYN,15
1317,KAYCEE,15
1317,KAYSHA,15
1317,KELSI,15
1317,KIANNA,15
1317,KIRANDEEP,15
1317,LIYA,15
1317,LORRAINE,15
1317,LYBA,15
1317,MAARIA,15
1317,MAIREAD,15
1317,MARIYAM,15
1317,MEA,15
1317,MUNIRA,15
1317,MYRA,15
1317,NAILA,15
1317,NEELAM,15
1317,NOUR,15
1317,PAMELA,15
1317,PATSY,15
1317,RAEESA,15
1317,REAGAN,15
1317,RENAE,15
1317,ROSY,15
1317,ROWENA,15
1317,SAFFA,15
1317,SUZANNE,15
1317,TAYAH,15
1317,YUMNA,15
1372,AGATHA,14
1372,AIESHA,14
1372,AIMIE,14
1372,AIZA,14
1372,ALISHBA,14
1372,AMA,14
1372,AMNAH,14
1372,ANABEL,14
1372,ANISSA,14
1372,ARIANNE,14
1372,AROOSA,14
1372,AUDREY,14
1372,BERFIN,14
1372,BERNADETTE,14
1372,BEYONCE,14
1372,CAILIN,14
1372,CARAGH,14
1372,CHARDONAY,14
1372,CHERRY,14
1372,CLIONA,14
1372,DERYN,14
1372,ELLISON,14
1372,ESRA,14
1372,FIZZAH,14
1372,ILHAM,14
1372,ISHRAT,14
1372,IZZY,14
1372,JAVERIA,14
1372,JESS,14
1372,JO,14
1372,JUDITH,14
1372,KACY,14
1372,KAI,14
1372,KAY,14
1372,LEISHA,14
1372,LEYA,14
1372,LINDSEY,14
1372,MAEGAN,14
1372,MAIZY,14
1372,MALIKAH,14
1372,MARCIE,14
1372,MAYESHA,14
1372,MICAELA,14
1372,MOLLY-MAY,14
1372,NABIHA,14
1372,NADIRA,14
1372,NASRA,14
1372,NELLIE,14
1372,PETRA,14
1372,POLLYANNA,14
1372,RACHELLE,14
1372,RADHIKA,14
1372,RHIANA,14
1372,RIANNE,14
1372,ROSEMARIE,14
1372,SADAF,14
1372,SAFIYAH,14
1372,SAGAL,14
1372,SAIMAH,14
1372,SHANTELLE,14
1372,SHYANNE,14
1372,SIHAM,14
1372,SYDNEE,14
1372,TAHSIN,14
1372,TAMIA,14
1372,TAYBAH,14
1372,TEAH,14
1372,XENA,14
1372,ZAKIYAH,14
1372,ZENAB,14
1442,AAISHAH,13
1442,AAKIFAH,13
1442,ALIVIA,13
1442,ALYX,13
1442,AMILAH,13
1442,AMINATA,13
1442,ARMANI,13
1442,ASHTON,13
1442,BLISS,13
1442,CALISTA,13
1442,CEYDA,13
1442,CHARITY,13
1442,DAISY-MAY,13
1442,DANICA,13
1442,DAWN,13
1442,EDA,13
1442,EISHA,13
1442,ELIZE,13
1442,ELLIE-MARIE,13
1442,EMAAN,13
1442,EMILY-ROSE,13
1442,FATEMA,13
1442,FOZIA,13
1442,HAJRAH,13
1442,IDA,13
1442,ILAYDA,13
1442,INDIGO,13
1442,JAIDE,13
1442,JENA,13
1442,JENNIE,13
1442,JORDON,13
1442,KAISHA,13
1442,KARYS,13
1442,KATIE-ANN,13
1442,KAYTLIN,13
1442,KESIA,13
1442,KIZZY,13
1442,KYRAH,13
1442,LAVINIA,13
1442,LETICIA,13
1442,LILIA,13
1442,LORI,13
1442,LOURDES,13
1442,LUCILLE,13
1442,MAKENZIE,13
1442,MANDEEP,13
1442,MARGOT,13
1442,MARYA,13
1442,MEAGAN,13
1442,MELLISSA,13
1442,MEREDITH,13
1442,MILA,13
1442,MONA,13
1442,NABILA,13
1442,NAEEMA,13
1442,NAKITA,13
1442,NELLY,13
1442,NYA,13
1442,ORIANA,13
1442,PAISLEY,13
1442,PEGGY,13
1442,RAVEN,13
1442,RIANA,13
1442,RINA,13
1442,RUQAYYA,13
1442,SAHARA,13
1442,SAJIDA,13
1442,SANJANA,13
1442,SHAUNNA,13
1442,SHAWNA,13
1442,SHAY,13
1442,SHEIKH,13
1442,SHEREE,13
1442,SIMREN,13
1442,SNEHA,13
1442,SOHA,13
1442,SOMMER,13
1442,SONYA,13
1442,SUMAN,13
1442,TASNIMA,13
1442,TATE,13
1442,TATUM,13
1442,TEGEN,13
1442,TIGER,13
1442,VICKY,13
1442,YARA,13
1442,YSABEL,13
1442,YVONNE,13
1530,AALIA,12
1530,AANYA,12
1530,ABIGAEL,12
1530,ABIGALE,12
1530,ADRIANNA,12
1530,AFREEN,12
1530,AKSA,12
1530,ALAYNA,12
1530,ALIYYAH,12
1530,ALLANAH,12
1530,AMENA,12
1530,ANMOL,12
1530,ARZOO,12
1530,AWA,12
1530,AYISHA,12
1530,AYOMIDE,12
1530,BAYLEY,12
1530,BELINDA,12
1530,BLYTHE,12
1530,BOBBY,12
1530,CAITLEN,12
1530,CARIS,12
1530,CARLEY,12
1530,CAROL,12
1530,CATE,12
1530,CHANA,12
1530,CHARLIZE,12
1530,CHASE,12
1530,CHINA,12
1530,CHRISTABEL,12
1530,CLODAGH,12
1530,COLLEEN,12
1530,CORTNEY,12
1530,DAMLA,12
1530,DANAE,12
1530,DAPHNE,12
1530,DELLA,12
1530,DIANE,12
1530,ELAINA,12
1530,ELAN,12
1530,ELLIE-,12
1530,EMA,12
1530,ESTELLA,12
1530,FAAIZAH,12
1530,FIONNUALA,12
1530,FRAYA,12
1530,GILLIAN,12
1530,GIOVANNA,12
1530,HAMNA,12
1530,HANAA,12
1530,HANNAN,12
1530,HAWA,12
1530,HEENA,12
1530,HETTIE,12
1530,INGRID,12
1530,IRSA,12
1530,ISADORA,12
1530,ISHANI,12
1530,ISMAH,12
1530,ISRAA,12
1530,JUANITA,12
1530,KAELA,12
1530,KASIA,12
1530,KATIA,12
1530,KAVITA,12
1530,KEELIE,12
1530,KEERA,12
1530,KERIS,12
1530,KIAYA,12
1530,KRISHNA,12
1530,MADALYN,12
1530,MADINA,12
1530,MAIR,12
1530,MALKA,12
1530,MANAL,12
1530,MANUELA,12
1530,MARCIA,12
1530,MARTINE,12
1530,MARY-KATE,12
1530,MEHREEN,12
1530,MICHAELLA,12
1530,MILAN,12
1530,NAFEESAH,12
1530,NAINA,12
1530,NAYANA,12
1530,NEEVE,12
1530,NIKKITA,12
1530,NUALA,12
1530,OTTILIE,12
1530,POPPIE,12
1530,RAHEEMA,12
1530,RAMSHA,12
1530,REBECA,12
1530,REBEKKA,12
1530,RENE,12
1530,RHODA,12
1530,RITIKA,12
1530,ROBIN,12
1530,ROMILLY,12
1530,ROSALIE,12
1530,ROXY,12
1530,SADIYA,12
1530,SAIRAH,12
1530,SALINA,12
1530,SAMEERA,12
1530,SAMERA,12
1530,SANJIDA,12
1530,SARAH-LOUISE,12
1530,SEHAR,12
1530,SELENA,12
1530,SHAE,12
1530,SHAINA,12
1530,SHANNEN,12
1530,SHANTE,12
1530,SHOLA,12
1530,SHRIYA,12
1530,SIMRA,12
1530,STARR,12
1530,TAMERA,12
1530,TAMZYN,12
1530,TEYA,12
1530,TIAH,12
1530,TRACEY,12
1530,VENUS,12
1530,VERA,12
1530,VIVIAN,12
1530,YOLANDA,12
1530,ZEYNEP,12
1658,ADEEBA,11
1658,ADITI,11
1658,ALAINA,11
1658,ALANYA,11
1658,ALAW,11
1658,ALEIGHA,11
1658,ALIESHA,11
1658,AMALIA,11
1658,AMANA,11
1658,AMANPREET,11
1658,AMARAH,11
1658,AMBER-ROSE,11
1658,ANN-MARIE,11
1658,ANNELIESE,11
1658,ANOUSKA,11
1658,ANUM,11
1658,AREEJ,11
1658,ASMAA,11
1658,BEATRIZ,11
1658,BISMA,11
1658,BONITA,11
1658,CARENZA,11
1658,CARMEL,11
1658,CATARINA,11
1658,CATHRYN,11
1658,CERIAN,11
1658,CHARLIE-ANN,11
1658,CHERISH,11
1658,CIERA,11
1658,DEANA,11
1658,DEE,11
1658,DELILAH,11
1658,DEMELZA,11
1658,DENIZ,11
1658,DEVINA,11
1658,DILAN,11
1658,ELEISHA,11
1658,ELLICIA,11
1658,ELLIE-JANE,11
1658,ELLIE-JO,11
1658,ELLOISE,11
1658,FABIHA,11
1658,GURPREET,11
1658,GURSIMRAN,11
1658,GWENLLIAN,11
1658,HAMDA,11
1658,HARSIMRAN,11
1658,HILARY,11
1658,HODAN,11
1658,IKRAM,11
1658,INDIRA,11
1658,IONE,11
1658,IRENE,11
1658,ISHBEL,11
1658,JAYME,11
1658,JAZZMIN,11
1658,JOELLE,11
1658,JORDANNA,11
1658,KAINAAT,11
1658,KAIRA,11
1658,KARIMAH,11
1658,KARLIE,11
1658,KAYLAH,11
1658,KEAH,11
1658,KEANNA,11
1658,KEAVY,11
1658,KERENZA,11
1658,KHADEEJA,11
1658,KIRI,11
1658,LAINEY,11
1658,LATIFA,11
1658,LEXI,11
1658,LEYAH,11
1658,LILA,11
1658,LIZZIE,11
1658,LLINOS,11
1658,LUCA,11
1658,MAHAM,11
1658,MARA,11
1658,MARCELLA,11
1658,MARLEY,11
1658,MARLI,11
1658,MAZIE,11
1658,MEENA,11
1658,MELINA,11
1658,MERYEM,11
1658,MOLLY-ANN,11
1658,MOYA,11
1658,MUNEEBAH,11
1658,NEL,11
1658,NIOMI,11
1658,NUSRAT,11
1658,ORLAGH,11
1658,ORLAITH,11
1658,PALOMA,11
1658,PHILOMENA,11
1658,RACHEAL,11
1658,RAMISHA,11
1658,REBEKA,11
1658,RHIANNAN,11
1658,RUBIE,11
1658,SAARA,11
1658,SAHIBA,11
1658,SANDEEP,11
1658,SAVANAH,11
1658,SAVERA,11
1658,SEHER,11
1658,SHAMIMA,11
1658,SHANADE,11
1658,SHANEL,11
1658,SHANTAY,11
1658,SHEENA,11
1658,SHIANNE,11
1658,SHREEYA,11
1658,SIANA,11
1658,SOMER,11
1658,SUNNY,11
1658,TALISHA,11
1658,TASFIA,11
1658,TASHA,11
1658,TAYLAH,11
1658,TEMITOPE,11
1658,UMME,11
1658,VALERIE,11
1658,YVETTE,11
1658,ZULAIKHA,11
1784,ABENA,10
1784,ADEOLA,10
1784,ADIBA,10
1784,ADRIENNE,10
1784,AKIRA,10
1784,ALESIA,10
1784,ALISSIA,10
1784,ALIYSHA,10
1784,AMBERLEY,10
1784,ANIA,10
1784,ANIQAH,10
1784,ANJUMA,10
1784,ANOUK,10
1784,ASIYAH,10
1784,ASYA,10
1784,ATIYYAH,10
1784,AYMAN,10
1784,BAYLEE,10
1784,BRENDA,10
1784,CATERINA,10
1784,CELINA,10
1784,CHARISMA,10
1784,CHRYSTAL,10
1784,CLIO,10
1784,CODEY,10
1784,COREY,10
1784,CYNTHIA,10
1784,DEBBIE,10
1784,DORA,10
1784,EFA,10
1784,ELISHIA,10
1784,ELLA-MAY,10
1784,ELOISA,10
1784,EMINE,10
1784,EUGENIE,10
1784,FARIDA,10
1784,FARIHAH,10
1784,FILSAN,10
1784,GIANNA,10
1784,GWENNO,10
1784,HAJAR,10
1784,HALEENA,10
1784,HAMDI,10
1784,HAMIDA,10
1784,HANIAH,10
1784,HEAVEN,10
1784,HESTER,10
1784,IDIL,10
1784,ILONA,10
1784,IMANE,10
1784,ISABELL,10
1784,JASKIRAN,10
1784,JAZMYN,10
1784,JAZZ,10
1784,JENNI,10
1784,JOANA,10
1784,JULIANNE,10
1784,KAJAL,10
1784,KAMILAH,10
1784,KASIE,10
1784,KATELYNN,10
1784,KATEY,10
1784,KELEIGH,10
1784,KERRIS,10
1784,KHANSA,10
1784,KODY,10
1784,LANEY,10
1784,LISA-MARIE,10
1784,LORENA,10
1784,LULA,10
1784,LYNDSEY,10
1784,MADALINE,10
1784,MAGDALENA,10
1784,MAIRA,10
1784,MAKEDA,10
1784,MARIAMA,10
1784,MARIUM,10
1784,MEISHA,10
1784,MIA-ROSE,10
1784,MILENA,10
1784,MOLLY-ANNE,10
1784,MOLLY-MAE,10
1784,MONISHA,10
1784,MORWENNA,10
1784,MUSKAN,10
1784,NANDINI,10
1784,NICHOLA,10
1784,NOA,10
1784,PAGAN,10
1784,PARYS,10
1784,RABIAH,10
1784,RAISA,10
1784,RAMISA,10
1784,REZWANA,10
1784,RHYANNA,10
1784,RIHANA,10
1784,RIMA,10
1784,ROCHEL,10
1784,ROMANA,10
1784,RONA,10
1784,ROSEANNE,10
1784,RUMANA,10
1784,RUMAYSA,10
1784,SALIHA,10
1784,SALIHAH,10
1784,SALWA,10
1784,SANDIE,10
1784,SANIYAH,10
1784,SERINA,10
1784,SHANAYA,10
1784,SHANIE,10
1784,SHANNAH,10
1784,SHAZIA,10
1784,SHELLY,10
1784,SHEREEN,10
1784,SHRUTI,10
1784,SKYLAR,10
1784,SOPHY,10
1784,SORREL,10
1784,STACY,10
1784,SUHA,10
1784,SUMAIRA,10
1784,SUNDUS,10
1784,TABATHA,10
1784,TAINA,10
1784,TALIAH,10
1784,TANZILA,10
1784,THAILA,10
1784,THEODORA,10
1784,TIA-LOUISE,10
1784,TILLEY,10
1784,TIYA,10
1784,TONI-ANN,10
1784,TRISHA,10
1784,TRUDIE,10
1784,TULSI,10
1784,UROOJ,10
1784,WARDA,10
1784,WINIFRED,10
1784,YAEL,10
1784,YAGMUR,10
1784,ZEENAT,10
1784,ZOEY,10
1784,ZOHRA,10
1928,AHLAM,9
1928,AIYANA,9
1928,ALBA,9
1928,ALEEMA,9
1928,ALIAH,9
1928,ALISHAH,9
1928,ALYA,9
1928,AMEENAH,9
1928,AMILIA,9
1928,ANANYA,9
1928,ANEELA,9
1928,ANEKA,9
1928,ANGELIQUE,9
1928,ANJUM,9
1928,ANNA-MARIE,9
1928,ANSA,9
1928,ARIEL,9
1928,ARIELLA,9
1928,ASHLEE,9
1928,AYSHAH,9
1928,BETHANEY,9
1928,BEVERLEY,9
1928,BLAISE,9
1928,BRIANA,9
1928,CANSU,9
1928,CARLOTTA,9
1928,CHANTELL,9
1928,CHELSEA-LEIGH,9
1928,CHENISE,9
1928,CHERISE,9
1928,CHRISTY,9
1928,COLLETTE,9
1928,CORINNE,9
1928,COURTNIE,9
1928,DAINA,9
1928,DEEYA,9
1928,DELPHINE,9
1928,DHARMA,9
1928,DIVINE,9
1928,ELISIA,9
1928,ELLANOR,9
1928,ELLE-MAI,9
1928,ELLEANOR,9
1928,ELLESE,9
1928,ELLESHA,9
1928,ELLYSE,9
1928,ELSBETH,9
1928,EMERALD,9
1928,EMILLIA,9
1928,EMMANUELA,9
1928,EMMANUELLE,9
1928,FELICIA,9
1928,GEORGIA-LEIGH,9
1928,GURLEEN,9
1928,HAAFIZAH,9
1928,HADIYAH,9
1928,HAIDEE,9
1928,HALEY,9
1928,HARKIRAN,9
1928,HELEDD,9
1928,HEMA,9
1928,HETTY,9
1928,IFFAT,9
1928,IQRAA,9
1928,IZZA,9
1928,JADZIA,9
1928,JAI,9
1928,JAIME-LEIGH,9
1928,JAIYA,9
1928,JANAYA,9
1928,JAYE,9
1928,JAYMEE,9
1928,JERSEY,9
1928,JOAN,9
1928,JOLENE,9
1928,JONI,9
1928,JORGIA,9
1928,KACI-LEIGH,9
1928,KALLIE,9
1928,KAREEMAH,9
1928,KAROLINA,9
1928,KATJA,9
1928,KAYLEA,9
1928,KAZIA,9
1928,KEARA,9
1928,KENDALL,9
1928,KHADEJA,9
1928,KHLOE,9
1928,KIESHA,9
1928,KIMRAN,9
1928,KULSUM,9
1928,KYAH,9
1928,LATIA,9
1928,LATIFAH,9
1928,LATOYA,9
1928,LIANNA,9
1928,LILLY-MAY,9
1928,LORETTA,9
1928,LUELLA,9
1928,LYNN,9
1928,MADALAINE,9
1928,MALAIKAH,9
1928,MARCY,9
1928,MARINE,9
1928,MARTA,9
1928,MARYAMA,9
1928,MARYAN,9
1928,MAUREEN,9
1928,MEI,9
1928,MHAIRI,9
1928,MICHAL,9
1928,MICHEALA,9
1928,MICHELA,9
1928,MISTY,9
1928,NADIYAH,9
1928,NADYA,9
1928,NAHIMA,9
1928,NAZISH,9
1928,NAZMIN,9
1928,NAZNEEN,9
1928,NERYS,9
1928,NOREEN,9
1928,NYASHA,9
1928,OLLIE,9
1928,PARRIS,9
1928,PATIENCE,9
1928,PAULINE,9
1928,PORSHA,9
1928,PRIMROSE,9
1928,RANA,9
1928,RAQUEL,9
1928,REBEKKAH,9
1928,REEMA,9
1928,REGINA,9
1928,RONNI,9
1928,RONNIE,9
1928,ROXANA,9
1928,RUKHSAR,9
1928,RUQAIYAH,9
1928,RUQAYAH,9
1928,SAFINA,9
1928,SANAM,9
1928,SEHRISH,9
1928,SEJAL,9
1928,SHAHANA,9
1928,SHAKIRAH,9
1928,SHANAI,9
1928,SHANAZ,9
1928,SHANNA,9
1928,SHARA,9
1928,SHARN,9
1928,SHERIDAN,9
1928,SHIRLEY,9
1928,SHOSHANA,9
1928,SHYAN,9
1928,SHYANN,9
1928,SIDNEY,9
1928,SINEM,9
1928,STEFANIE,9
1928,TAELA,9
1928,TAHIRA,9
1928,TAILA,9
1928,TANEISHA,9
1928,TANIKA,9
1928,TEMILOLUWA,9
1928,UMAMAH,9
1928,UNA,9
1928,VENETIA,9
1928,VIOLA,9
1928,VIRGINIA,9
1928,VIVIENNE,9
1928,WAHIDA,9
1928,ZAINAH,9
1928,ZEBA,9
1928,ZIA,9
1928,ZOHA,9
1928,ZULEKHA,9
2105,AASIYAH,8
2105,ABBIE-LOUISE,8
2105,ABBYGAIL,8
2105,ADINA,8
2105,ADRIANNE,8
2105,AILIS,8
2105,AIME,8
2105,ALAA,8
2105,ALEASHA,8
2105,ALEKSANDRA,8
2105,ALMA,8
2105,ALYCE,8
2105,ALYSHIA,8
2105,AMAAL,8
2105,AMARI,8
2105,AMBREEN,8
2105,AMREEN,8
2105,ANABELLE,8
2105,ANASTACIA,8
2105,ANGIE,8
2105,ANNMARIE,8
2105,AREESHA,8
2105,ARIBA,8
2105,ARIELLE,8
2105,AVANI,8
2105,AYAAN,8
2105,AYANA,8
2105,AYAT,8
2105,BEA,8
2105,BENITA,8
2105,BERNICE,8
2105,BHAVIKA,8
2105,BIBA,8
2105,BRENNA,8
2105,BRIA,8
2105,BRYANNA,8
2105,CARIAD,8
2105,CARRIE-ANN,8
2105,CASIE,8
2105,CAYLA,8
2105,CEREN,8
2105,CERIS,8
2105,CHANICE,8
2105,CHYANNE,8
2105,CORRINA,8
2105,DAISY-MAE,8
2105,DAKOTA,8
2105,DANYA,8
2105,DEA,8
2105,DEANNE,8
2105,DEJA,8
2105,DELICIA,8
2105,DENISA,8
2105,DESTINEE,8
2105,DEVIKA,8
2105,DEVORAH,8
2105,DIVYA,8
2105,DOLLY,8
2105,DORCAS,8
2105,ELEASHA,8
2105,ELENOR,8
2105,ELEONORA,8
2105,ELIA,8
2105,ELIESHA,8
2105,ELLIEMAY,8
2105,ELLORA,8
2105,EVI,8
2105,EZGI,8
2105,FAHEEMAH,8
2105,FAISA,8
2105,FALAK,8
2105,FARHEEN,8
2105,FIZZA,8
2105,FRANCESSCA,8
2105,FRANCINE,8
2105,GEORGETTE,8
2105,GRAINNE,8
2105,HAMNAH,8
2105,HANIFAH,8
2105,HEBA,8
2105,HOLLY-ANN,8
2105,HUMNA,8
2105,ILARIA,8
2105,INAS,8
2105,INDIE,8
2105,JACKIE,8
2105,JASMEET,8
2105,JAYMIE,8
2105,JEAN,8
2105,JULIANNA,8
2105,JUMANAH,8
2105,JYOTI,8
2105,KARIMA,8
2105,KARLI,8
2105,KARLY,8
2105,KASSIDY,8
2105,KATIE-ANNE,8
2105,KATLIN,8
2105,KAWTHAR,8
2105,KAYCI,8
2105,KAYCIE,8
2105,KAYNAT,8
2105,KENZA,8
2105,KHADIZA,8
2105,KHALISAH,8
2105,KODI,8
2105,KYLAH,8
2105,LAETITIA,8
2105,LAKSHMI,8
2105,LEANN,8
2105,LEILAH,8
2105,LIABA,8
2105,LILY-ANN,8
2105,LIORA,8
2105,LIV,8
2105,LOLITA,8
2105,LORELLE,8
2105,LUKA,8
2105,LYNSEY,8
2105,LYRA,8
2105,MAAME,8
2105,MAHMUDA,8
2105,MAIMUNA,8
2105,MANJOT,8
2105,MARAM,8
2105,MARIAN,8
2105,MARION,8
2105,MARLA,8
2105,MARYUM,8
2105,MATILDE,8
2105,MCKENNA,8
2105,MEGAN-LOUISE,8
2105,MEHVISH,8
2105,MELODIE,8
2105,MIKA,8
2105,MILICA,8
2105,MITZI,8
2105,MUQADDAS,8
2105,MUSAMMAT,8
2105,NADIYA,8
2105,NAEEMAH,8
2105,NAHIDA,8
2105,NAIYA,8
2105,NAJAH,8
2105,NASREEN,8
2105,NAZMA,8
2105,NEISHA,8
2105,NICKY,8
2105,NIRVANA,8
2105,OLUWADAMILOLA,8
2105,OLUWATOSIN,8
2105,OREOLUWA,8
2105,PARISA,8
2105,RAEGAN,8
2105,REENA,8
2105,RIAH,8
2105,RIANNON,8
2105,RIMSHAH,8
2105,RIONA,8
2105,RIVKA,8
2105,SABIHAH,8
2105,SAIBA,8
2105,SAJIDAH,8
2105,SAMRAH,8
2105,SANDY,8
2105,SASCHA,8
2105,SHAHIDA,8
2105,SHAHNAZ,8
2105,SHAILA,8
2105,SHANNEL,8
2105,SHANTI,8
2105,SHEA,8
2105,SHEILA,8
2105,SHENICE,8
2105,SHIRA,8
2105,SIMRAH,8
2105,SIWAN,8
2105,SKIE,8
2105,SOBIA,8
2105,SONA,8
2105,SUDE,8
2105,SUMMA,8
2105,SUZIE,8
2105,TAHMIDA,8
2105,TAI,8
2105,TAIYA,8
2105,TAMAR,8
2105,TANESHA,8
2105,TANITH,8
2105,TANZEELA,8
2105,TAYBA,8
2105,TEHREEM,8
2105,YASMINA,8
2105,ZEHRA,8
2105,ZILAN,8
2105,ZOBIA,8
2301,AAMIRAH,7
2301,AAMNAH,7
2301,ABBEYGAIL,7
2301,ADA,7
2301,ADEELA,7
2301,ADELINA,7
2301,AFNAN,7
2301,AFRA,7
2301,AFSHA,7
2301,AICHA,7
2301,AILEEN,7
2301,AIMEE-LEIGH,7
2301,AIMEE-LOUISE,7
2301,ALECIA,7
2301,ALETHEA,7
2301,ALISIA,7
2301,AMAARA,7
2301,AMANDEEP,7
2301,ANALISE,7
2301,ANEEQA,7
2301,ANEESHA,7
2301,ANIELA,7
2301,ANNA-MARIA,7
2301,ARIANE,7
2301,ARIBAH,7
2301,ARUSHI,7
2301,ATIYAH,7
2301,AVRIL,7
2301,BAILEE,7
2301,BAILEIGH,7
2301,BAILIE,7
2301,BASMA,7
2301,BLERTA,7
2301,BOBBIE-JO,7
2301,BRANDY,7
2301,BRODY,7
2301,CAGLA,7
2301,CALI,7
2301,CALLI,7
2301,CATALINA,7
2301,CERISE,7
2301,CHANDNI,7
2301,CHANTAE,7
2301,CHARLEA,7
2301,CHELSEA-LOUISE,7
2301,CHIEDZA,7
2301,CHRISTA,7
2301,CHRISTABELLE,7
2301,CLEOPATRA,7
2301,COLBY,7
2301,COURTNEY-JADE,7
2301,COURTNEY-LEIGH,7
2301,DANNII,7
2301,DELIA,7
2301,DEMI-,7
2301,DEMI-LEA,7
2301,DEMMI,7
2301,DEMPSEY,7
2301,DENI,7
2301,DENNI,7
2301,DESIREE,7
2301,DESTINI,7
2301,DORIS,7
2301,EFFIE,7
2301,EILISH,7
2301,ELEANA,7
2301,ELEANORE,7
2301,ELIANE,7
2301,ELLA-MAI,7
2301,ELLANA,7
2301,ELLEY,7
2301,ELLIA,7
2301,ELLIE-ANN,7
2301,ELLIE-JAY,7
2301,ELLIE-JAYNE,7
2301,ELLYN,7
2301,ELYSSA,7
2301,EMMI,7
2301,ESTER,7
2301,FABIENNE,7
2301,FARHIA,7
2301,FARJANA,7
2301,FARWA,7
2301,FATEHA,7
2301,FATHEMA,7
2301,FAWZIYAH,7
2301,GAGANDEEP,7
2301,GEENA,7
2301,GEORGIA-MAY,7
2301,GERALDINE,7
2301,HADDY,7
2301,HAFIZAH,7
2301,HANNAH-LOUISE,7
2301,HASINA,7
2301,HAVANA,7
2301,HAZAL,7
2301,HELAINA,7
2301,HINNA,7
2301,HOLLY-MAE,7
2301,ILHAN,7
2301,ILSA,7
2301,INDIANNA,7
2301,ISHITA,7
2301,IZZABELLA,7
2301,JADIE,7
2301,JAIDEN,7
2301,JAMEELAH,7
2301,JAMELIA,7
2301,JAMIE-LEA,7
2301,JAMIELEIGH,7
2301,JAVINE,7
2301,JAYCEE,7
2301,JELENA,7
2301,JESSICA-ROSE,7
2301,JESSY,7
2301,JORDYN,7
2301,JUSTINA,7
2301,JUWAIRIYYAH,7
2301,JUWARIAH,7
2301,JUWAYRIYAH,7
2301,KAILEY,7
2301,KAITLEN,7
2301,KAJA,7
2301,KATELAN,7
2301,KATHY,7
2301,KAYE,7
2301,KENZI,7
2301,KIKI,7
2301,KINZA,7
2301,KIRAH,7
2301,KRISHA,7
2301,KRISTA,7
2301,KRISTAL,7
2301,KRISTY,7
2301,KYIA,7
2301,LADAN,7
2301,LAKEISHA,7
2301,LAOISE,7
2301,LARNA,7
2301,LEONNIE,7
2301,LILAH,7
2301,LILLIANA,7
2301,LILY-ELLA,7
2301,LINDSAY,7
2301,LORIEN,7
2301,LOWENNA,7
2301,LUCIANA,7
2301,LYBAH,7
2301,MACI,7
2301,MADALEINE,7
2301,MADDI,7
2301,MADELIN,7
2301,MAHALIA,7
2301,MAHFUZA,7
2301,MAHUM,7
2301,MAIMOONA,7
2301,MARGARITA,7
2301,MARGAUX,7
2301,MARY-ANN,7
2301,MEDI,7
2301,MEHMOONA,7
2301,MEHNAZ,7
2301,MELEK,7
2301,MELIS,7
2301,MERIAM,7
2301,MERLE,7
2301,MERVE,7
2301,MINHA,7
2301,MINNA,7
2301,MIRA,7
2301,MOLLIE-MAE,7
2301,MORGANA,7
2301,MYFANWY,7
2301,MYIA,7
2301,NABEELA,7
2301,NARDIA,7
2301,NATHALIE,7
2301,NIKOLA,7
2301,NURIA,7
2301,OGECHI,7
2301,PATRICE,7
2301,RAFIAH,7
2301,RAMEESAH,7
2301,RANYA,7
2301,RAVEENA,7
2301,RHIANON,7
2301,RHONA,7
2301,ROHINI,7
2301,ROSEY,7
2301,ROSLYN,7
2301,RUMAANAH,7
2301,RUMAISA,7
2301,RUMAYSAH,7
2301,RUVARASHE,7
2301,SABIA,7
2301,SAFFAH,7
2301,SAFFIE,7
2301,SALIMA,7
2301,SAMAN,7
2301,SAMEERAH,7
2301,SAMREEN,7
2301,SARISH,7
2301,SERAPHINA,7
2301,SERISH,7
2301,SHAH,7
2301,SHAKIA,7
2301,SHANIECE,7
2301,SHANIQUE,7
2301,SHANNAY,7
2301,SHAREEN,7
2301,SHARIFA,7
2301,SHARLOTTE,7
2301,SHELBIE,7
2301,SHERYL,7
2301,SHIANN,7
2301,SHIREEN,7
2301,SIA,7
2301,SIMRIT,7
2301,SOFIYA,7
2301,SONALI,7
2301,SOPHIE-LEIGH,7
2301,SOPHIE-MARIE,7
2301,SURAYA,7
2301,TABASSUM,7
2301,TAIBAH,7
2301,TALA,7
2301,TANAYA,7
2301,TANIYA,7
2301,TANYARADZWA,7
2301,TASIA,7
2301,TEHYA,7
2301,THEADORA,7
2301,TRACY,7
2301,TYLAH,7
2301,WAJIHA,7
2301,XIN,7
2301,ZAAKIRAH,7
2301,ZEENA,7
2301,ZELAL,7
2540,AAMENA,6
2540,AASIYA,6
2540,AAYA,6
2540,ABBIE-LEIGH,6
2540,ABEER,6
2540,ABIA,6
2540,ABIDAH,6
2540,ABIOLA,6
2540,ABYGAIL,6
2540,ADARA,6
2540,ADELA,6
2540,ADELINE,6
2540,AISHWARYA,6
2540,AISLINN,6
2540,AKLIMA,6
2540,ALA,6
2540,ALAYAH,6
2540,ALEYSHA,6
2540,ALLIE,6
2540,AMATULLAH,6
2540,AMBAR,6
2540,AMBIKA,6
2540,AMEE,6
2540,AMY-LEIGH,6
2540,ANDREIA,6
2540,ANESHA,6
2540,ANILA,6
2540,ANKITA,6
2540,ANNEMARIE,6
2540,ANNI,6
2540,ANOUSHA,6
2540,ANTHEA,6
2540,ARIA,6
2540,ARIFA,6
2540,ARISHA,6
2540,ASHLIE,6
2540,ASHLIN,6
2540,ASPEN,6
2540,ASTON,6
2540,AURELIA,6
2540,AYESHAH,6
2540,AYLIN,6
2540,AYRA,6
2540,AZIZA,6
2540,AZIZAH,6
2540,BERIVAN,6
2540,BETHEL,6
2540,BETHENY,6
2540,BETSAN,6
2540,BEVERLY,6
2540,BEYZA,6
2540,BLUE,6
2540,BONNY,6
2540,BREEZE,6
2540,BRYONI,6
2540,BUSE,6
2540,CAITLAIN,6
2540,CALLISTA,6
2540,CASI,6
2540,CECILE,6
2540,CEINWEN,6
2540,CELESTINE,6
2540,CHANAE,6
2540,CHARISSE,6
2540,CHARLIE-ANNE,6
2540,CHERISSE,6
2540,CHIANA,6
2540,CHLOE-ANNE,6
2540,CIANNA,6
2540,CLEMENCE,6
2540,CLOVER,6
2540,CORIN,6
2540,CORNELIA,6
2540,COURTENAY,6
2540,DAIZY,6
2540,DAMINI,6
2540,DARLENE,6
2540,DAYA,6
2540,DEMI-LOUISE,6
2540,DEMIE,6
2540,DEMILEE,6
2540,DIAMOND,6
2540,EADIE,6
2540,ECE,6
2540,ECHO,6
2540,EDONA,6
2540,EIRA,6
2540,EKATERINA,6
2540,ELI,6
2540,ELIANNE,6
2540,ELISSE,6
2540,ELLE-LOUISE,6
2540,ELLIE-JADE,6
2540,ELLIW,6
2540,ELORA,6
2540,EMMA-LEIGH,6
2540,ENOLA,6
2540,ERRIN,6
2540,FAATIMA,6
2540,FADUMA,6
2540,FAE,6
2540,FAHEEMA,6
2540,FAJAR,6
2540,FATEMAH,6
2540,FATOS,6
2540,FATOU,6
2540,FIRDAUS,6
2540,FREDERICA,6
2540,GAURI,6
2540,GITTEL,6
2540,GITTY,6
2540,GLESNI,6
2540,GOZDE,6
2540,GWYNETH,6
2540,GYPSIE,6
2540,HAADIYAH,6
2540,HADASSAH,6
2540,HADIYA,6
2540,HAFZA,6
2540,HAJARA,6
2540,HALA,6
2540,HALINA,6
2540,HANEEFAH,6
2540,HANFA,6
2540,HANIA,6
2540,HANNAH-MARIE,6
2540,HAWWA,6
2540,HAYLIE,6
2540,HIMANI,6
2540,HONOUR,6
2540,HOSANNA,6
2540,HUMAIRAH,6
2540,IBTISAM,6
2540,IFRA,6
2540,IMOGENE,6
2540,INEZ,6
2540,ISHAA,6
2540,ISHAH,6
2540,ISMAHAN,6
2540,ITALIA,6
2540,JADE-LOUISE,6
2540,JADESOLA,6
2540,JAMILLA,6
2540,JANVI,6
2540,JEANNE,6
2540,JOCASTA,6
2540,JODIE-LEIGH,6
2540,JOELLA,6
2540,KACEY-LEIGH,6
2540,KAJOL,6
2540,KAMILA,6
2540,KAREEMA,6
2540,KASHAF,6
2540,KASSIA,6
2540,KASSIE,6
2540,KATHERYN,6
2540,KATI,6
2540,KATIE-,6
2540,KATIE-LEIGH,6
2540,KATIE-MARIE,6
2540,KAZI,6
2540,KEELA,6
2540,KEEVA,6
2540,KEIGHLEY,6
2540,KELLI,6
2540,KEONA,6
2540,KERENSA,6
2540,KEYLEIGH,6
2540,KHALISA,6
2540,KIRSTYN,6
2540,KIZZIE,6
2540,KRISHMA,6
2540,KRUPA,6
2540,KYESHA,6
2540,LAINIE,6
2540,LAKISHA,6
2540,LEELA,6
2540,LEEYA,6
2540,LEONORA,6
2540,LEXUS,6
2540,LIAH,6
2540,LILITH,6
2540,LORREN,6
2540,LOVEDAY,6
2540,LUCY-MAE,6
2540,MACKENNA,6
2540,MAHALA,6
2540,MAHEK,6
2540,MAHIRAH,6
2540,MAIZEY,6
2540,MALIA,6
2540,MANAR,6
2540,MANDY,6
2540,MANSI,6
2540,MARJANA,6
2540,MARWAH,6
2540,MARY-ANNE,6
2540,MARY-JANE,6
2540,MASIE,6
2540,MAYMUNAH,6
2540,MEGAN-ROSE,6
2540,MEGHNA,6
2540,MELITA,6
2540,MERRYN,6
2540,MICHA,6
2540,MILLIE-MAY,6
2540,MOHIMA,6
2540,MOLLI,6
2540,MONIKA,6
2540,MUNEEBA,6
2540,MUNIRAH,6
2540,NADIRAH,6
2540,NAJIYAH,6
2540,NATASCHA,6
2540,NAWAAL,6
2540,NEIVE,6
2540,NICHOLE,6
2540,NIDHI,6
2540,NIKISHA,6
2540,NOSHEEN,6
2540,NYLA,6
2540,OLGA,6
2540,OLIVIA-MAE,6
2540,OLUWASEUN,6
2540,OLUWATOBI,6
2540,OYINKANSOLA,6
2540,PAVAN,6
2540,PERSIA,6
2540,PREEYA,6
2540,PRUDENCE,6
2540,RABIYA,6
2540,RADHA,6
2540,RAMEEN,6
2540,RAMONA,6
2540,RANI,6
2540,RAYNA,6
2540,RAZAN,6
2540,REBECKA,6
2540,REECE,6
2540,RIKKI,6
2540,RONI,6
2540,ROSHEEN,6
2540,ROWEN,6
2540,ROZA,6
2540,RUBI,6
2540,RYLEY,6
2540,SABAA,6
2540,SABIYA,6
2540,SADIKA,6
2540,SAFIYYA,6
2540,SAHANA,6
2540,SAHER,6
2540,SAKINAH,6
2540,SAMAR,6
2540,SAMEENAH,6
2540,SANCHIA,6
2540,SANDHYA,6
2540,SAPHIA,6
2540,SARAH-JAYNE,6
2540,SARAN,6
2540,SAREENA,6
2540,SEEMA,6
2540,SEPHORA,6
2540,SEVVAL,6
2540,SHAIMA,6
2540,SHAMA,6
2540,SHAMIM,6
2540,SHAMSA,6
2540,SHANAYE,6
2540,SHANEA,6
2540,SHANIAH,6
2540,SHANIKA,6
2540,SHANNON-LOUISE,6
2540,SHARLA,6
2540,SHAYE,6
2540,SHUKRI,6
2540,SILVIA,6
2540,SIMA,6
2540,SIMONA,6
2540,SIMRON,6
2540,SITA,6
2540,SOMAYA,6
2540,SOPHIE-LOUISE,6
2540,SUAD,6
2540,SUKI,6
2540,SUMERA,6
2540,SUMIYA,6
2540,SURAIYA,6
2540,SUZY,6
2540,SYDNI,6
2540,TAHERA,6
2540,TALIYA,6
2540,TALIYAH,6
2540,TALLIA,6
2540,TAMANA,6
2540,TANZIM,6
2540,TARAH,6
2540,TARRYN,6
2540,TATYANA,6
2540,TELERI,6
2540,TEONA,6
2540,TESNI,6
2540,THAMANNA,6
2540,TIAN,6
2540,TIARNA,6
2540,TIGER-LILY,6
2540,TILDA,6
2540,TOBY,6
2540,TRUDI,6
2540,TRUDY,6
2540,TYANA,6
2540,TYESHA,6
2540,TYLAR,6
2540,UMAIMAH,6
2540,VALERIA,6
2540,WERONIKA,6
2540,XENIA,6
2540,YANA,6
2540,YU,6
2540,ZAIBAA,6
2540,ZAIRA,6
2540,ZAKIA,6
2540,ZAKIYA,6
2540,ZANA,6
2540,ZEINAB,6
2540,ZINNIA,6
2540,ZULAIKHAH,6
2540,ZULEIKHA,6
2868,A'ISHAH,5
2868,AA'ISHAH,5
2868,AAFREEN,5
2868,AALA,5
2868,AALIYHA,5
2868,AARZOO,5
2868,ABBIEGAIL,5
2868,ABBY-LEIGH,5
2868,ABIGAILE,5
2868,ABIRAMI,5
2868,ADEENA,5
2868,ADWOA,5
2868,AEISHA,5
2868,AEMILIA,5
2868,AERIN,5
2868,AFEEFAH,5
2868,AGNESA,5
2868,AISHAT,5
2868,ALASKA,5
2868,ALBANY,5
2868,ALEA,5
2868,ALEEYA,5
2868,ALESHIA,5
2868,ALEXANDREA,5
2868,ALIMAH,5
2868,ALIS,5
2868,ALIZEE,5
2868,ALLISON,5
2868,ALLYSSA,5
2868,ALYSON,5
2868,AMAARAH,5
2868,AMAR,5
2868,AMARPREET,5
2868,AMBER-LOUISE,5
2868,AMBIA,5
2868,AMEL,5
2868,AMINAT,5
2868,AMMA,5
2868,AMY-ROSE,5
2868,ANABELLA,5
2868,ANALIESE,5
2868,ANAUM,5
2868,ANDI,5
2868,ANDIE,5
2868,ANEST,5
2868,ANGEL-LEIGH,5
2868,ANGELIKA,5
2868,ANGELLE,5
2868,ANI,5
2868,ANISE,5
2868,ANNA-MAE,5
2868,ANNA-MAY,5
2868,ANNALEIGH,5
2868,ANNALYSE,5
2868,ANNAM,5
2868,ANNELIES,5
2868,ANNICE,5
2868,ANNUM,5
2868,ANTOINETTE,5
2868,APHRA,5
2868,AREEBAH,5
2868,ARIADNE,5
2868,ARUSA,5
2868,ARWA,5
2868,ARZU,5
2868,ASEEL,5
2868,ASHANTAY,5
2868,ASHER,5
2868,ASIMA,5
2868,ASSIA,5
2868,ATIKA,5
2868,ATIQA,5
2868,AURA,5
2868,AVNI,5
2868,AYCA,5
2868,AYEZA,5
2868,AZARIA,5
2868,BAHJA,5
2868,BAILLIE,5
2868,BAYLEA,5
2868,BECCA,5
2868,BENEDICTA,5
2868,BESSIE,5
2868,BEULAH,5
2868,BHAVISHA,5
2868,BINTA,5
2868,BRADIE,5
2868,BRIER,5
2868,BRIONEY,5
2868,BRITANIA,5
2868,BROGEN,5
2868,BRONAGH,5
2868,BRYANA,5
2868,BRYDIE,5
2868,CAILEY,5
2868,CAISHA,5
2868,CAITRIONA,5
2868,CAMILA,5
2868,CAMRYN,5
2868,CANDACE,5
2868,CAROLYN,5
2868,CARRIE-ANNE,5
2868,CASEY-LEIGH,5
2868,CATHARINE,5
2868,CATRYN,5
2868,CAYLEY,5
2868,CHANNON,5
2868,CHANTAI,5
2868,CHARM,5
2868,CHE,5
2868,CHELSEE,5
2868,CHELSI,5
2868,CHERELLE,5
2868,CHERRIE,5
2868,CHLOE-LEIGH,5
2868,CHLOE-MAY,5
2868,CHRISSIE,5
2868,CLEMENCY,5
2868,COMFORT,5
2868,COSIMA,5
2868,CRESSIDA,5
2868,CRISTIANA,5
2868,CYAN,5
2868,CYDNEE,5
2868,D'ARCY,5
2868,DAIANA,5
2868,DARA,5
2868,DARLA,5
2868,DARYL,5
2868,DELINA,5
2868,DELPHI,5
2868,DEMI-MAY,5
2868,DEQA,5
2868,DERYA,5
2868,DEVAN,5
2868,DIVA,5
2868,DOLCIE,5
2868,DOLORES,5
2868,DOMINIKA,5
2868,DONIKA,5
2868,DUA,5
2868,DUAA,5
2868,DUHA,5
2868,DUYGU,5
2868,EBUNOLUWA,5
2868,EILIS,5
2868,EIMAN,5
2868,EIREANN,5
2868,EIRLYS,5
2868,EKTA,5
2868,ELEANORA,5
2868,ELESHA,5
2868,ELFIE,5
2868,ELIE,5
2868,ELLAND,5
2868,ELLEE,5
2868,ELLEIGH,5
2868,ELLIAH,5
2868,ELLIE-PAIGE,5
2868,ELLIEANN,5
2868,ELLISSA,5
2868,ELONA,5
2868,ELYSSE,5
2868,EMELYE,5
2868,EMILY-JAYNE,5
2868,ERINN,5
2868,ESMAE,5
2868,ESMERALDA,5
2868,ESYLLT,5
2868,EUNICE,5
2868,EVANGELINA,5
2868,EVEY,5
2868,EZME,5
2868,FAAIZA,5
2868,FAHMIDAH,5
2868,FALAQ,5
2868,FARHA,5
2868,FARIDEH,5
2868,FATIHA,5
2868,FATOUMATA,5
2868,FINN,5
2868,FIRDAWS,5
2868,FIRDOUS,5
2868,FIZAH,5
2868,FLAVIA,5
2868,FLORRIE,5
2868,FRANCISCA,5
2868,FRANKI,5
2868,GABBY,5
2868,GABRIELE,5
2868,GABY,5
2868,GENESIS,5
2868,GENNA,5
2868,GEORGA,5
2868,GEORGIA-MAE,5
2868,GERI,5
2868,GISELE,5
2868,GLORY,5
2868,GRACEY,5
2868,GRACIE-MAE,5
2868,GUL,5
2868,GURNEET,5
2868,HABEEBAH,5
2868,HAILIE-JADE,5
2868,HAJER,5
2868,HANAH,5
2868,HANI,5
2868,HANIYA,5
2868,HARJOT,5
2868,HARLIE,5
2868,HARVEEN,5
2868,HASEENA,5
2868,HATICE,5
2868,HAYLEE,5
2868,HAYLEY-JADE,5
2868,HELINA,5
2868,HERA,5
2868,HETAL,5
2868,HIBATULLAH,5
2868,HIFSA,5
2868,HIFZA,5
2868,HODA,5
2868,HOLLY-MARIE,5
2868,IFEOLUWA,5
2868,IFZA,5
2868,IKRAAM,5
2868,IMARNI,5
2868,IONIE,5
2868,ISATOU,5
2868,IZAH,5
2868,IZOBEL,5
2868,JACINTA,5
2868,JACQUELYN,5
2868,JADINE,5
2868,JAINA,5
2868,JAMIELEE,5
2868,JANEY,5
2868,JANIE,5
2868,JANINE,5
2868,JAVAIRIA,5
2868,JAYDENE,5
2868,JAYNA,5
2868,JAZMYNE,5
2868,JEANETTE,5
2868,JENIFER,5
2868,JENNAH,5
2868,JESSI,5
2868,JEWEL,5
2868,JIA,5
2868,JOANIE,5
2868,JORDEN,5
2868,JOSEPHINA,5
2868,JUMANA,5
2868,JUNO,5
2868,JUWAIRIYAH,5
2868,KA,5
2868,KADIJA,5
2868,KAIJA,5
2868,KAITLYNN,5
2868,KALEIGH,5
2868,KALEY,5
2868,KALILA,5
2868,KAMILE,5
2868,KARAMJEET,5
2868,KARI,5
2868,KARIN,5
2868,KATHARINA,5
2868,KATIE-JANE,5
2868,KATRIONA,5
2868,KAYDEE,5
2868,KAYTLYN,5
2868,KEA,5
2868,KEALEY,5
2868,KEALY,5
2868,KEEGAN,5
2868,KEERTHANA,5
2868,KELCI,5
2868,KERA,5
2868,KESHIA,5
2868,KIANI,5
2868,KIANNE,5
2868,KIMI,5
2868,KIRANPREET,5
2868,KLAUDIA,5
2868,KLEA,5
2868,KOURTNEY,5
2868,KRISTIN,5
2868,KULSOOM,5
2868,KYM,5
2868,KYMBERLEY,5
2868,LABIBAH,5
2868,LAURETTA,5
2868,LAYAL,5
2868,LEAH-MARIE,5
2868,LEEZA,5
2868,LEIAH,5
2868,LEIGH-ANN,5
2868,LIAN,5
2868,LIBI,5
2868,LILI-MAE,5
2868,LILIE,5
2868,LILLY-ANN,5
2868,LINZI,5
2868,LITA,5
2868,LLIO,5
2868,LORELEI,5
2868,LORETA,5
2868,LUCIANNA,5
2868,LUCIENNE,5
2868,LUCY-ANN,5
2868,LUCY-ANNE,5
2868,LUCY-MAY,5
2868,MAARYA,5
2868,MABLI,5
2868,MADELENE,5
2868,MAHANOOR,5
2868,MAHDIYYAH,5
2868,MAKENNA,5
2868,MALEEKA,5
2868,MANAAL,5
2868,MARCI,5
2868,MARED,5
2868,MARGED,5
2868,MARIHAH,5
2868,MARLEE,5
2868,MARLENA,5
2868,MARLENE,5
2868,MARLIE,5
2868,MASUMAH,5
2868,MAYAH,5
2868,MEABH,5
2868,MEAGHAN,5
2868,MEGHANA,5
2868,MEHJABIN,5
2868,MELINDA,5
2868,MELIZ,5
2868,MILANA,5
2868,MILLIE-ANN,5
2868,MILLIE-ANNE,5
2868,MILLIE-MAE,5
2868,MILLIE-ROSE,5
2868,MIRABELLE,5
2868,MIRREN,5
2868,MISBA,5
2868,MISHAL,5
2868,MISKI,5
2868,MOIRA,5
2868,MOLLIE-ANN,5
2868,MOLLY-ROSE,5
2868,MORENIKE,5
2868,MORGAN-LEIGH,5
2868,NABEEHA,5
2868,NADIMA,5
2868,NATAYA,5
2868,NATISHA,5
2868,NAYA,5
2868,NEENA,5
2868,NESTA,5
2868,NICOL,5
2868,NIKI,5
2868,NIKOLE,5
2868,NIMO,5
2868,NISHATH,5
2868,NOOR-UL-AIN,5
2868,NURUL,5
2868,NUSAIBA,5
2868,NUZHAT,5
2868,OCEANE,5
2868,OLAMIDE,5
2868,OLIVIA-GRACE,5
2868,OLUWAKEMI,5
2868,OLUWATONI,5
2868,OONA,5
2868,PACEY,5
2868,PANDORA,5
2868,PARISS,5
2868,PEACE,5
2868,PERDITA,5
2868,PORSCHA,5
2868,QUINN,5
2868,RAABIA,5
2868,RADIA,5
2868,RAFIA,5
2868,RAHIMAH,5
2868,RAINA,5
2868,RAINE,5
2868,RAMAN,5
2868,RAMESHA,5
2868,RAWAN,5
2868,REANN,5
2868,REEYA,5
2868,RHEANNE,5
2868,RHYANNE,5
2868,RIANN,5
2868,RIPLEY,5
2868,RISHA,5
2868,RIVA,5
2868,RODA,5
2868,ROJIN,5
2868,ROMEY,5
2868,ROOP,5
2868,ROSALYN,5
2868,ROSAMUND,5
2868,ROSHAN,5
2868,ROSHANI,5
2868,ROSIE-MAY,5
2868,ROXIE,5
2868,ROYA,5
2868,ROZEENA,5
2868,RUBINA,5
2868,RUKIA,5
2868,RUPINDER,5
2868,RUWAIDA,5
2868,RUWAYDA,5
2868,SAADIA,5
2868,SAAMIYA,5
2868,SADYA,5
2868,SAEEDA,5
2868,SAFFIA,5
2868,SAFIYE,5
2868,SAGE,5
2868,SAIDA,5
2868,SAISHA,5
2868,SALEENA,5
2868,SALLY-ANN,5
2868,SAMA,5
2868,SAMEEN,5
2868,SAMMY,5
2868,SAMRA,5
2868,SAMSAM,5
2868,SANJNA,5
2868,SAPHRON,5
2868,SARAYA,5
2868,SARITA,5
2868,SARON,5
2868,SARRA,5
2868,SAWDA,5
2868,SAYMA,5
2868,SCARLETTE,5
2868,SEDA,5
2868,SEHR,5
2868,SHAAN,5
2868,SHABNAM,5
2868,SHADAE,5
2868,SHAHAD,5
2868,SHAKARA,5
2868,SHAKERA,5
2868,SHALINI,5
2868,SHALOM,5
2868,SHANAN,5
2868,SHANNON-MARIE,5
2868,SHARDAE,5
2868,SHARDAI,5
2868,SHARDAY,5
2868,SHARLENE,5
2868,SHARNI,5
2868,SHAYLEE,5
2868,SHAZNAY,5
2868,SHEKINAH,5
2868,SHIFRA,5
2868,SILAN,5
2868,SIMGE,5
2868,SIMRANJEET,5
2868,SIMRANJIT,5
2868,SIMRUN,5
2868,SINE,5
2868,SOFINA,5
2868,SOUMIA,5
2868,STEFANIA,5
2868,STEFFI,5
2868,STEPHANY,5
2868,SU,5
2868,SUKHMANI,5
2868,SULTANA,5
2868,SUMEYA,5
2868,SUSIE,5
2868,SYED,5
2868,TAIA,5
2868,TAIGEN,5
2868,TAISHA,5
2868,TAJA,5
2868,TAKARA,5
2868,TALLULA,5
2868,TANSY,5
2868,TANVI,5
2868,TANVIR,5
2868,TANYEL,5
2868,TARAN,5
2868,TATJANA,5
2868,TAWANA,5
2868,TAYLOR-MARIE,5
2868,TAYYABA,5
2868,TEAN,5
2868,TEANNA,5
2868,TEHILLAH,5
2868,TENIOLA,5
2868,THAHMINA,5
2868,THAMINAH,5
2868,TIA-JADE,5
2868,TIA-ROSE,5
2868,TIANNE,5
2868,TIJANA,5
2868,TINOTENDA,5
2868,TIYANA,5
2868,TOYAH,5
2868,TYANNA,5
2868,UMARAH,5
2868,UMI,5
2868,UNIQUE,5
2868,VAISHNAVI,5
2868,VANSHIKA,5
2868,VERONIKA,5
2868,VIKKI,5
2868,VIKTORIA,5
2868,VIVIEN,5
2868,WAFA,5
2868,WAHEEDA,5
2868,WAJEEHA,5
2868,WARDAH,5
2868,WINNIE,5
2868,XARA,5
2868,YAMINA,5
2868,YOUSRA,5
2868,YSABELLA,5
2868,YSABELLE,5
2868,YSOBEL,5
2868,YUSRAH,5
2868,ZAFIRAH,5
2868,ZAHARA,5
2868,ZAIBA,5
2868,ZAINEB,5
2868,ZAKIRA,5
2868,ZAKIYYAH,5
2868,ZARIN,5
2868,ZARINA,5
2868,ZENIA,5
2868,ZHANE,5
2868,ZIPPORAH,5
2868,ZOFIA,5
2868,ZOLA,5
2868,ZUNAIRA,5
3409,AASHA,4
3409,ABBEY-LEIGH,4
3409,ABBIE-MAY,4
3409,ABINAYA,4
3409,ABISOLA,4
3409,ACELYA,4
3409,ADAEZE,4
3409,ADAMA,4
3409,ADETOUN,4
3409,ADILAH,4
3409,AFIA,4
3409,AFIFA,4
3409,AFRIN,4
3409,AIDAN,4
3409,AILA,4
3409,AIMA,4
3409,AKEIRA,4
3409,AKSAH,4
3409,AKUA,4
3409,ALARA,4
3409,ALBERTINE,4
3409,ALESI,4
3409,ALEXUS,4
3409,ALEYA,4
3409,ALEYAH,4
3409,ALHENA,4
3409,ALICE-MAY,4
3409,ALICIA-ROSE,4
3409,ALICJA,4
3409,ALIXANDRA,4
3409,ALLISHA,4
3409,ALLYSA,4
3409,ALMAS,4
3409,ALTHEA,4
3409,ALVINA,4
3409,ALYSE,4
3409,AMABEL,4
3409,AMANDINE,4
3409,AMANY,4
3409,AMARNI,4
3409,AMBER-JADE,4
3409,AMELIA-ROSE,4
3409,AMELLIA,4
3409,AMENAH,4
3409,AMINE,4
3409,AMMIE,4
3409,AMY-BETH,4
3409,AMY-MAY,4
3409,AMYLEIGH,4
3409,ANAB,4
3409,ANAIYA,4
3409,ANDRIA,4
3409,ANESA,4
3409,ANGE,4
3409,ANGELINE,4
3409,ANH,4
3409,ANIKAH,4
3409,ANJALEE,4
3409,ANNA-LOUISE,4
3409,ANNALEISE,4
3409,ANNALESE,4
3409,ANNALIE,4
3409,ANNIE-MAE,4
3409,ANTIGONE,4
3409,ANTIGONI,4
3409,ANTONELLA,4
3409,AQILA,4
3409,AQSAH,4
3409,ARETHA,4
3409,ARSHIA,4
3409,ARTA,4
3409,ARTEMIS,4
3409,ARYA,4
3409,ASENA,4
3409,ASHANTA,4
3409,ASHANTIA,4
3409,ASHLYNN,4
3409,ASHNA,4
3409,ASHNI,4
3409,ASLI,4
3409,ATEEQA,4
3409,ATIFA,4
3409,ATIKAH,4
3409,ATINUKE,4
3409,AUGUSTA,4
3409,AVIVA,4
3409,AXELLE,4
3409,AYEESHA,4
3409,AYEISHA,4
3409,AYSEGUL,4
3409,AYSIA,4
3409,AYUSHI,4
3409,AZRA,4
3409,BAHAR,4
3409,BANA,4
3409,BANITA,4
3409,BARAA,4
3409,BATSHEVA,4
3409,BATUL,4
3409,BAYAN,4
3409,BAYLIE,4
3409,BERRY,4
3409,BETHANI,4
3409,BHAVYA,4
3409,BLEONA,4
3409,BLOSSOM,4
3409,BRACKEN,4
3409,BRANWEN,4
3409,BREE,4
3409,BRIANNE,4
3409,BRIGID,4
3409,BRIGITTE,4
3409,BRITANY,4
3409,BRODI,4
3409,CAIRO,4
3409,CAIT,4
3409,CALLA,4
3409,CARMELLA,4
3409,CAROLANNE,4
3409,CARRIEANNE,4
3409,CARRIGAN,4
3409,CASEY-JO,4
3409,CATELYN,4
3409,CATHY,4
3409,CAYLEIGH,4
3409,CEIRA,4
3409,CERIDWEN,4
3409,CEYLAN,4
3409,CHANNEL,4
3409,CHANNELLE,4
3409,CHANTAY,4
3409,CHARLA,4
3409,CHARLIE-MAE,4
3409,CHELSEA-MARIE,4
3409,CHIAMAKA,4
3409,CHIDERA,4
3409,CHIOMA,4
3409,CHLOE-,4
3409,CHLOE-JANE,4
3409,CHLOE-MAE,4
3409,CHLOE-MARIE,4
3409,CHRISTELLE,4
3409,CHRISTIANE,4
3409,CHYAN,4
3409,CHYENNE,4
3409,CHYNNA,4
3409,CIENNA,4
3409,CLAIR,4
3409,COBIE,4
3409,CORALIE,4
3409,CORI,4
3409,CORIE,4
3409,CORINA,4
3409,CORRIE,4
3409,COURTNEY-LOUISE,4
3409,COURTNEY-ROSE,4
3409,DAISEY,4
3409,DANIQUE,4
3409,DANIYAH,4
3409,DARIA,4
3409,DARYA,4
3409,DAVEENA,4
3409,DEEPA,4
3409,DENVER,4
3409,DEVI,4
3409,DHRUVI,4
3409,DIAZ,4
3409,DIJLE,4
3409,DILPREET,4
3409,DILYS,4
3409,DIOR,4
3409,DISHA,4
3409,DIXIE,4
3409,DOHA,4
3409,DOMINICA,4
3409,DOUNIA,4
3409,EANNA,4
3409,EBBA,4
3409,EBONEY,4
3409,EBONNIE,4
3409,EBRU,4
3409,EEMAN,4
3409,EIMEAR,4
3409,EIRINN,4
3409,ELANNA,4
3409,ELAURA,4
3409,ELEIGH,4
3409,ELISABETTA,4
3409,ELISHEVA,4
3409,ELIYAH,4
3409,ELIZ,4
3409,ELLA-JADE,4
3409,ELLAMAE,4
3409,ELLIANA,4
3409,ELLIANNE,4
3409,ELLIE-ANNE,4
3409,ELLIE-RAE,4
3409,ELLIEMAE,4
3409,ELLINOR,4
3409,ELLISIA,4
3409,ELLYSIA,4
3409,ELOUISA,4
3409,ELSIE-MAY,4
3409,ELVIE,4
3409,ELYCIA,4
3409,EMANUELA,4
3409,EMI,4
3409,EMIE,4
3409,EMILY-JADE,4
3409,ENIOLA,4
3409,ERA,4
3409,EREN,4
3409,ESHAA,4
3409,ESIN,4
3409,ESMA,4
3409,ESSENCE,4
3409,EVELYNE,4
3409,EZRI,4
3409,FABIOLA,4
3409,FAHEMA,4
3409,FARADAY,4
3409,FAREEHA,4
3409,FARHANAH,4
3409,FARHAT,4
3409,FARIDAH,4
3409,FATMATA,4
3409,FATUMA,4
3409,FAWZIA,4
3409,FINOLA,4
3409,FINTY,4
3409,FOUZIA,4
3409,FREDA,4
3409,FRIDA,4
3409,GABI,4
3409,GABRIEL,4
3409,GISELA,4
3409,GITA,4
3409,GURJOT,4
3409,GURKIRAN,4
3409,GURSHAAN,4
3409,GWENDOLINE,4
3409,HAAJARAH,4
3409,HAAJIRAH,4
3409,HAIFA,4
3409,HAJERA,4
3409,HALE,4
3409,HAMEEDA,4
3409,HANAAN,4
3409,HANIYYAH,4
3409,HANNAA,4
3409,HARISAH,4
3409,HARMAN,4
3409,HARMONI,4
3409,HARMONIE,4
3409,HARRIOT,4
3409,HARVIE,4
3409,HASEEBA,4
3409,HAWAA,4
3409,HAWABIBI,4
3409,HAZERA,4
3409,HELENE,4
3409,HEPHZIBAH,4
3409,HERMOINE,4
3409,HERO,4
3409,HIBBAH,4
3409,HIFSAH,4
3409,HINDY,4
3409,HIRAL,4
3409,HOLLIE-ANNE,4
3409,HOLLY-ANNE,4
3409,HUSNAA,4
3409,IBUKUNOLUWA,4
3409,IFFAH,4
3409,IKRAN,4
3409,ILWAD,4
3409,INCA,4
3409,INDI,4
3409,INDRA,4
3409,INSHA,4
3409,INTISAR,4
3409,INZA,4
3409,IPEK,4
3409,IREM,4
3409,IRENA,4
3409,IRUM,4
3409,ISABELA,4
3409,ISLAY,4
3409,ISSEY,4
3409,IVANA,4
3409,IZZAH,4
3409,JAIA,4
3409,JAIMI,4
3409,JAINABA,4
3409,JAMEELA,4
3409,JAMIE-,4
3409,JANICE,4
3409,JANKI,4
3409,JANNA,4
3409,JANNATH,4
3409,JASMINDER,4
3409,JASVEEN,4
3409,JAWERIA,4
3409,JAYCIE,4
3409,JAZZMINE,4
3409,JEANNIE,4
3409,JENAI,4
3409,JENISHA,4
3409,JESSAMY,4
3409,JESSICA-,4
3409,JESSICA-JADE,4
3409,JESSICA-JANE,4
3409,JESSICA-LEIGH,4
3409,JI,4
3409,JOEY,4
3409,JOSELYN,4
3409,JOVANA,4
3409,JULIE-ANNE,4
3409,JUNE,4
3409,KACI-JO,4
3409,KADEJA,4
3409,KAELAH,4
3409,KALIYAH,4
3409,KANISHA,4
3409,KARISMA,4
3409,KARLEY,4
3409,KARMA,4
3409,KAROLINE,4
3409,KASHISH,4
3409,KASSANDRA,4
3409,KATANA,4
3409,KATELYNE,4
3409,KATIE-ROSE,4
3409,KAUSAR,4
3409,KAYDI,4
3409,KAYLAN,4
3409,KAYLIN,4
3409,KAYNAAT,4
3409,KAYSIE,4
3409,KC,4
3409,KEEYA,4
3409,KEIVA,4
3409,KELLIS,4
3409,KELLY-ANN,4
3409,KELSY,4
3409,KENDAL,4
3409,KENNA,4
3409,KERYN,4
3409,KETSIA,4
3409,KHARA,4
3409,KIARNA,4
3409,KIERAH,4
3409,KIERRA,4
3409,KIRA-LEIGH,4
3409,KIRBY,4
3409,KIREN,4
3409,KIRRA,4
3409,KITTIE,4
3409,KOREN,4
3409,KULTHOOM,4
3409,KUMBA,4
3409,KYNA,4
3409,LA,4
3409,LACI,4
3409,LACY,4
3409,LAIBAH,4
3409,LAIQAH,4
3409,LALITA,4
3409,LAMIA,4
3409,LATASHA,4
3409,LATESHA,4
3409,LAURA-JANE,4
3409,LAYLAH,4
3409,LEANDRA,4
3409,LEE,4
3409,LEEANNE,4
3409,LEONE,4
3409,LEONOR,4
3409,LEYNA,4
3409,LIANE,4
3409,LIANNE,4
3409,LIBBEY,4
3409,LILIANNA,4
3409,LILLIA,4
3409,LILLIE-ROSE,4
3409,LILLY-MAE,4
3409,LILY-MARIE,4
3409,LILYELLA,4
3409,LINSEY,4
3409,LLEUCU,4
3409,LORAINE,4
3409,LOTTY,4
3409,LYLA,4
3409,LYNETTE,4
3409,MAARIAH,4
3409,MADI,4
3409,MAEGHAN,4
3409,MAHDIYA,4
3409,MAHIA,4
3409,MAHISHA,4
3409,MAICY,4
3409,MAIDA,4
3409,MAIMOONAH,4
3409,MAIRI,4
3409,MALLORY,4
3409,MALVIKA,4
3409,MANAHIL,4
3409,MANVIR,4
3409,MARIKA,4
3409,MARILYN,4
3409,MARSHA,4
3409,MARYANN,4
3409,MAZEY,4
3409,MEAH,4
3409,MEDINA,4
3409,MEESHA,4
3409,MEGHA,4
3409,MEGHANN,4
3409,MEGI,4
3409,MEHEK,4
3409,MELIKE,4
3409,MELISHA,4
3409,MELLISA,4
3409,MENA,4
3409,MERIEM,4
3409,MEVISH,4
3409,MIA-LOUISE,4
3409,MILISSA,4
3409,MINE,4
3409,MIRELLA,4
3409,MIRI,4
3409,MISAKI,4
3409,MISCHA,4
3409,MOLLIE-MAI,4
3409,MOMENA,4
3409,MOMINAH,4
3409,MONAI,4
3409,MONAY,4
3409,MONEEBA,4
3409,MONTANNA,4
3409,MOONISAH,4
3409,MORGANE,4
3409,MORGEN,4
3409,MORVEN,4
3409,MUNIBAH,4
3409,MUNTAHA,4
3409,MUQADAS,4
3409,MURRON,4
3409,MYRIAM,4
3409,NAAILAH,4
3409,NABEELAH,4
3409,NADENE,4
3409,NAGINA,4
3409,NAIA,4
3409,NAIRA,4
3409,NAJAT,4
3409,NAJMAH,4
3409,NAMRA,4
3409,NASIHA,4
3409,NAVDEEP,4
3409,NAVINA,4
3409,NAYLA,4
3409,NAZLI,4
3409,NAZLICAN,4
3409,NAZMEEN,4
3409,NEDA,4
3409,NEREA,4
3409,NERISSA,4
3409,NITASHA,4
3409,NIYAH,4
3409,NKEMDILIM,4
3409,NNEKA,4
3409,NOURA,4
3409,NOURHAN,4
3409,NUSRATH,4
3409,NYREE,4
3409,OCEANA,4
3409,OLA,4
3409,OLAYINKA,4
3409,OLUCHI,4
3409,OLUWADEMILADE,4
3409,OLUWAGBEMISOLA,4
3409,OLUWASEYIFUNMI,4
3409,OLUWATAMILORE,4
3409,OLUWATOYOSI,4
3409,OMOLOLA,4
3409,OMOTAYO,4
3409,ORIANNA,4
3409,ORNELLA,4
3409,OZGE,4
3409,PAGE,4
3409,PAIGHTON,4
3409,PAOLA,4
3409,PASHA,4
3409,PEACHES,4
3409,PELIN,4
3409,PERIHAN,4
3409,PEYTON,4
3409,PHEONIX,4
3409,PLAMEDI,4
3409,POPPI,4
3409,PRAVEENA,4
3409,PREENA,4
3409,PREETI,4
3409,PRIANKA,4
3409,PUNEET,4
3409,RADEYAH,4
3409,RAGAVI,4
3409,RAGHAD,4
3409,RAHANA,4
3409,RAMANDEEP,4
3409,RAMEESA,4
3409,RAMLA,4
3409,RANIYAH,4
3409,RAPHAELLA,4
3409,RASHIDA,4
3409,RAVNEET,4
3409,RAYA,4
3409,RAYAH,4
3409,RAYANNE,4
3409,RAZEENAH,4
3409,REAH,4
3409,REEGAN,4
3409,REESHA,4
3409,REHANA,4
3409,REHEMA,4
3409,REILLY,4
3409,REISY,4
3409,REIZEL,4
3409,RENAY,4
3409,RENNAE,4
3409,RESHMA,4
3409,RHEIA,4
3409,RHIANWEN,4
3409,RHIYA,4
3409,RIAN,4
3409,RIANE,4
3409,RIDHA,4
3409,RIDWANAH,4
3409,RISHIKA,4
3409,RIYAH,4
3409,RIYANA,4
3409,ROBYNN,4
3409,ROJDA,4
3409,ROMI,4
3409,ROSARIO,4
3409,ROSE-MARIE,4
3409,ROXANE,4
3409,ROZINA,4
3409,RUBA,4
3409,RUHI,4
3409,RUKIYA,4
3409,RUKSANA,4
3409,RUMAISAH,4
3409,RUWEYDA,4
3409,RYLEE,4
3409,RYLEIGH,4
3409,SABBA,4
3409,SABIRA,4
3409,SABIRAH,4
3409,SABRIN,4
3409,SAFEENA,4
3409,SAFFIYA,4
3409,SAFI,4
3409,SAFRON,4
3409,SAHAIR,4
3409,SAJEDA,4
3409,SAKEENA,4
3409,SALENA,4
3409,SAMAA,4
3409,SAMIIRA,4
3409,SAMMIE,4
3409,SAMYA,4
3409,SANAAH,4
3409,SANJIDAH,4
3409,SAPHIRE,4
3409,SAPNA,4
3409,SARIA,4
3409,SATVEER,4
3409,SAVANA,4
3409,SAWDAH,4
3409,SAYEDA,4
3409,SELEN,4
3409,SEMA,4
3409,SENNA,4
3409,SEONA,4
3409,SERA,4
3409,SERENITY,4
3409,SEVGI,4
3409,SHAAKIRAH,4
3409,SHABANA,4
3409,SHABINA,4
3409,SHAHLA,4
3409,SHAIKHA,4
3409,SHAJIDA,4
3409,SHAKEELA,4
3409,SHAKEELAH,4
3409,SHAKEERA,4
3409,SHAKILA,4
3409,SHAMILA,4
3409,SHANEECE,4
3409,SHANEIL,4
3409,SHANELL,4
3409,SHANEY,4
3409,SHANIQUA,4
3409,SHANISE,4
3409,SHANIYA,4
3409,SHANNAGH,4
3409,SHANNIA,4
3409,SHANTAE,4
3409,SHANTELL,4
3409,SHARAN,4
3409,SHARANDEEP,4
3409,SHARDONNAY,4
3409,SHARMAINE,4
3409,SHARMINA,4
3409,SHARNE,4
3409,SHAUNA-LEIGH,4
3409,SHAUNIE,4
3409,SHAYA,4
3409,SHAYLEIGH,4
3409,SHEHNAZ,4
3409,SHERRIE,4
3409,SHERRY,4
3409,SHIKIRA,4
3409,SHIZA,4
3409,SHORNA,4
3409,SHUMAYA,4
3409,SIANNA,4
3409,SIANNE,4
3409,SIBEL,4
3409,SIREEN,4
3409,SIYA,4
3409,SONAL,4
3409,SONIYA,4
3409,SOPHIE-MAY,4
3409,STEVIE-LEIGH,4
3409,SUKHPREET,4
3409,SULEKHA,4
3409,SUMIA,4
3409,SUNAH,4
3409,SUNAINA,4
3409,SUPRIYA,4
3409,SUREYA,4
3409,SUZAN,4
3409,SUZI,4
3409,SYAN,4
3409,SYBIL,4
3409,SYDNIE,4
3409,SYMONE,4
3409,TAHIRAH,4
3409,TAHNEE,4
3409,TAIWO,4
3409,TALULLA,4
3409,TALYA,4
3409,TAMICA,4
3409,TAMMI,4
3409,TAMMIE,4
3409,TANATSWA,4
3409,TANEESHA,4
3409,TANISHIA,4
3409,TANVEER,4
3409,TANWEN,4
3409,TAQWA,4
3409,TAREN,4
3409,TARINA,4
3409,TASMIYAH,4
3409,TATENDA,4
3409,TAVIA,4
3409,TAWHIDA,4
3409,TAYIBA,4
3409,TAYLAR,4
3409,TAYYBAH,4
3409,TAYYIBA,4
3409,TEAGEN,4
3409,TEIA,4
3409,TEIGHAN,4
3409,TEJAL,4
3409,TEMILADE,4
3409,TEMITAYO,4
3409,TERI-ANN,4
3409,THAIS,4
3409,THELMA,4
3409,THERESE,4
3409,THIERRY,4
3409,TIANI,4
3409,TIGERLILY,4
3409,TILLI,4
3409,TILLY-MAE,4
3409,TILLY-ROSE,4
3409,TINISHA,4
3409,TIRION,4
3409,TONIA,4
3409,TOOBA,4
3409,TORI-LEIGH,4
3409,TORRANCE,4
3409,TOVA,4
3409,TRULIE,4
3409,TZIREL,4
3409,UMMAY,4
3409,UNAISAH,4
3409,URMI,4
3409,VAIDEHI,4
3409,VERONIQUE,4
3409,VICKI,4
3409,VIYA,4
3409,WAJIHAH,4
3409,WALLIS,4
3409,WING,4
3409,WREN,4
3409,YA,4
3409,YAA,4
3409,YALDA,4
3409,YAN,4
3409,YAREN,4
3409,YASHVI,4
3409,YI,4
3409,ZAHIRA,4
3409,ZAINUB,4
3409,ZAMZAM,4
3409,ZANIB,4
3409,ZARRA,4
3409,ZELIHA,4
3409,ZERDA,4
3409,ZHARA,4
3409,ZOSIA,4
3409,ZOYAH,4
3409,ZUBEDA,4
3409,ZUBIA,4
4137,AAFRIN,3
4137,AAIZA,3
4137,AANISAH,3
4137,AARTI,3
4137,AARUSHI,3
4137,AARYANNA,3
4137,AASIA,3
4137,AATIKAH,3
4137,ABBIE-JANE,3
4137,ABBIE-JO,3
4137,ABBIE-LEA,3
4137,ABBIE-MAE,3
4137,ABHIRAMI,3
4137,ABIR,3
4137,ABIRAMY,3
4137,ABISHA,3
4137,ADANNA,3
4137,ADEBOLA,3
4137,ADEL,3
4137,ADESOLA,3
4137,ADNA,3
4137,ADORA,3
4137,AFRAH,3
4137,AFRUZA,3
4137,AFSAH,3
4137,AGNIESZKA,3
4137,AIMAH,3
4137,AIMAN,3
4137,AIMEN,3
4137,AIMI,3
4137,AINA,3
4137,AISHANI,3
4137,AISLIN,3
4137,AIYA,3
4137,AIYESHA,3
4137,AIYZA,3
4137,AJA,3
4137,AJI,3
4137,AKASHA,3
4137,AKIFAH,3
4137,AKSHAYA,3
4137,ALANTA,3
4137,ALATHEA,3
4137,ALAYA,3
4137,ALEEMAH,3
4137,ALEENAH,3
4137,ALEEYAH,3
4137,ALEIA,3
4137,ALEJANDRA,3
4137,ALICA,3
4137,ALIKA,3
4137,ALIYE,3
4137,ALIZAH,3
4137,ALIZE,3
4137,ALLIA,3
4137,ALLIYA,3
4137,ALLYSHA,3
4137,ALMAAS,3
4137,ALMIRA,3
4137,ALVEENA,3
4137,ALYAH,3
4137,ALYANNA,3
4137,ALYIA,3
4137,ALYISHA,3
4137,AMAIA,3
4137,AMALI,3
4137,AMANAH,3
4137,AMANJOT,3
4137,AMARACHI,3
4137,AMARIS,3
4137,AMBER-JANE,3
4137,AMBER-LEIGH,3
4137,AMBER-LILY,3
4137,AMBRE,3
4137,AMEALIA,3
4137,AMEELA,3
4137,AMEILIA,3
4137,AMELIA-JAYNE,3
4137,AMETHYST,3
4137,AMIAH,3
4137,AMIIRA,3
4137,AMITY,3
4137,AMIYA,3
4137,AMNEET,3
4137,AMRAN,3
4137,AMY-JANE,3
4137,AMY-JO,3
4137,AMY-LOU,3
4137,AMYA,3
4137,AN,3
4137,ANAELLE,3
4137,ANAH,3
4137,ANAHITA,3
4137,ANDREEA,3
4137,ANDRIANA,3
4137,ANFAL,3
4137,ANGELI,3
4137,ANISHAH,3
4137,ANIYA,3
4137,ANJANI,3
4137,ANJLI,3
4137,ANNA-ROSE,3
4137,ANNALISA,3
4137,ANNALISSE,3
4137,ANNIA,3
4137,ANNIE-MARIE,3
4137,ANNIE-MAY,3
4137,ANNIS,3
4137,ANNISA,3
4137,ANNYA,3
4137,ANSAH,3
4137,ANTONINA,3
4137,ANUOLUWAPO,3
4137,AOIBHEANN,3
4137,APOLLINE,3
4137,AQEELA,3
4137,AQEELAH,3
4137,AQUA,3
4137,AREENA,3
4137,ARFA,3
4137,ARIADNA,3
4137,ARIANWEN,3
4137,ARIELA,3
4137,ARIJ,3
4137,ARIOLA,3
4137,ARISA,3
4137,ARIZONA,3
4137,ARLENE,3
4137,ARLETTE,3
4137,ARLINDA,3
4137,ARSHPREET,3
4137,ARUB,3
4137,ARUBAH,3
4137,ASA,3
4137,ASHANTAE,3
4137,ASHIA,3
4137,ASHIKA,3
4137,ASHLIEGH,3
4137,ASMITA,3
4137,ASTRA,3
4137,AURELA,3
4137,AURELIE,3
4137,AVALON,3
4137,AVIGAIL,3
4137,AVLEEN,3
4137,AYAKA,3
4137,AYALA,3
4137,AYANNA,3
4137,AYODELE,3
4137,AYOOLUWA,3
4137,AYSENUR,3
4137,AYVA,3
4137,AZAL,3
4137,AZARIAH,3
4137,AZIMA,3
4137,AZKA,3
4137,AZRAA,3
4137,AZURA,3
4137,BAILEA,3
4137,BAREERAH,3
4137,BASAK,3
4137,BASMAH,3
4137,BASYA,3
4137,BATOOL,3
4137,BATYA,3
4137,BEATA,3
4137,BECKI,3
4137,BECKIE,3
4137,BEENISH,3
4137,BELEN,3
4137,BENEDICTE,3
4137,BESIANA,3
4137,BETHANY-ANNE,3
4137,BETHANY-JANE,3
4137,BETHANY-LOUISE,3
4137,BETHANY-MAE,3
4137,BETSEY,3
4137,BHAVANA,3
4137,BHAVINI,3
4137,BHAVNA,3
4137,BIBIANA,3
4137,BIJOU,3
4137,BILAN,3
4137,BILLIE-ANN,3
4137,BILLIE-JEAN,3
4137,BILLIE-LOUISE,3
4137,BILLIE-MAI,3
4137,BILQIS,3
4137,BLANCA,3
4137,BLANCHE,3
4137,BLAZE,3
4137,BOBBI-JO,3
4137,BOBBI-LEIGH,3
4137,BOBBY-JO,3
4137,BOLUWATIFE,3
4137,BROMLEY,3
4137,BRONYA,3
4137,BRUCHA,3
4137,BRUNA,3
4137,BRYONIE,3
4137,BURCU,3
4137,CAIRA,3
4137,CAITLIN-JO,3
4137,CALISE,3
4137,CALYPSO,3
4137,CAMELIA,3
4137,CAPUCINE,3
4137,CARINE,3
4137,CARLEIGH,3
4137,CAROL-ANN,3
4137,CAROLE,3
4137,CARRERA,3
4137,CARRIS,3
4137,CASEY-JANE,3
4137,CECILIE,3
4137,CELSEY,3
4137,CERYN,3
4137,CHANAIS,3
4137,CHANAY,3
4137,CHANCE,3
4137,CHANELL,3
4137,CHANIQUE,3
4137,CHARDAI,3
4137,CHARDONNAI,3
4137,CHARLETTE,3
4137,CHARLIE-JADE,3
4137,CHARLOTTE-ROSE,3
4137,CHAVA,3
4137,CHAVE,3
4137,CHAVI,3
4137,CHELSEA-LEA,3
4137,CHENILLE,3
4137,CHERYL,3
4137,CHI,3
4137,CHIANNA,3
4137,CHIDIMMA,3
4137,CHIKA,3
4137,CHISOM,3
4137,CHLOE-MAI,3
4137,CHLOEY,3
4137,CHLOIE,3
4137,CHOLE,3
4137,CHRISTEL,3
4137,CIARRA,3
4137,CIRA,3
4137,CLAIRE-LOUISE,3
4137,CLARISSE,3
4137,CLEMENTINA,3
4137,CLIODHNA,3
4137,COBY,3
4137,CONIE,3
4137,CORAH,3
4137,CORAL-ANNE,3
4137,CORRAN,3
4137,CORRIN,3
4137,CORY,3
4137,COURTNAY,3
4137,CRISTELLE,3
4137,CYRA,3
4137,DAANIYA,3
4137,DAHLIA,3
4137,DAISI,3
4137,DAISY-ANN,3
4137,DAISY-LEIGH,3
4137,DAMARIS,3
4137,DANAI,3
4137,DANIELE,3
4137,DANISHA,3
4137,DANIYA,3
4137,DANNI-MARIE,3
4137,DANNII-LEIGH,3
4137,DANNIKA,3
4137,DANYELLE,3
4137,DAYLA,3
4137,DEBRA,3
4137,DEEKSHA,3
4137,DEESHA,3
4137,DEIA,3
4137,DEJANA,3
4137,DELYTH,3
4137,DEMET,3
4137,DEMITRA,3
4137,DENISHA,3
4137,DENVA,3
4137,DEONNE,3
4137,DERRYN,3
4137,DESTINEY,3
4137,DEVIN,3
4137,DHARA,3
4137,DHYANA,3
4137,DIANDRA,3
4137,DIANNE,3
4137,DICLE,3
4137,DILEK,3
4137,DIYANA,3
4137,DONA,3
4137,DONE,3
4137,DONIA,3
4137,DONYA,3
4137,DOROTHEA,3
4137,DYLAN,3
4137,EADEN,3
4137,EBONY-,3
4137,EBONY-MAE,3
4137,EBONY-ROSE,3
4137,EDAN,3
4137,EDEL,3
4137,EDWINA,3
4137,EEMAAN,3
4137,EHLANA,3
4137,EILA,3
4137,EIMAAN,3
4137,EIRE,3
4137,EIRIN,3
4137,ELAIN,3
4137,ELAYNA,3
4137,ELDA,3
4137,ELEANER,3
4137,ELECTRA,3
4137,ELENYA,3
4137,ELEONORE,3
4137,ELFIN,3
4137,ELFREDA,3
4137,ELIANNA,3
4137,ELICE,3
4137,ELIESE,3
4137,ELISKA,3
4137,ELISSIA,3
4137,ELITA,3
4137,ELIYA,3
4137,ELKE,3
4137,ELKIE,3
4137,ELLA-MARIE,3
4137,ELLAOUISE,3
4137,ELLEANNA,3
4137,ELLEMAY,3
4137,ELLIE-JAI,3
4137,ELLIE-JEAN,3
4137,ELLISA,3
4137,ELLY-MAE,3
4137,ELLYS,3
4137,ELOWEN,3
4137,ELVA,3
4137,ELYSSIA,3
4137,ELZA,3
4137,EMANUELLA,3
4137,EMELINE,3
4137,EMILEY,3
4137,EMILLY,3
4137,EMILY-JO,3
4137,EMILY-MAE,3
4137,EMILY-MAY,3
4137,EMMA-,3
4137,EMMA-JANE,3
4137,ENA,3
4137,ENAS,3
4137,ERI,3
4137,ERINA,3
4137,ERYKAH,3
4137,ERZA,3
4137,ESHAH,3
4137,ESHIKA,3
4137,ESI,3
4137,ESMAY,3
4137,ESTA,3
4137,ETTA,3
4137,ETTIE,3
4137,EVAN,3
4137,EVANTHIA,3
4137,EVELINA,3
4137,EVIE-MAY,3
4137,EVITA,3
4137,EWA,3
4137,EYLUL,3
4137,EYSHA,3
4137,EZMEE,3
4137,FAA'IZAH,3
4137,FABIANA,3
4137,FAEEZA,3
4137,FAJR,3
4137,FAREENA,3
4137,FARIA,3
4137,FARRADEH,3
4137,FARWAH,3
4137,FASIHA,3
4137,FAUZIAH,3
4137,FAZILA,3
4137,FEBE,3
4137,FEDERICA,3
4137,FFLUR,3
4137,FIA,3
4137,FIFI,3
4137,FILIPA,3
4137,FINNLAY,3
4137,FIONN,3
4137,FIROZA,3
4137,FLOELLA,3
4137,FOWZIA,3
4137,FRANCHESKA,3
4137,GAIL,3
4137,GAMZE,3
4137,GAYATHRI,3
4137,GEMIMA,3
4137,GENEVA,3
4137,GEORGE,3
4137,GEORGI,3
4137,GEORGIA-LEE,3
4137,GEORGIANNA,3
4137,GHAZAL,3
4137,GIA,3
4137,GINNY,3
4137,GIULIANA,3
4137,GIUSEPPINA,3
4137,GLAIN,3
4137,GOLDIE,3
4137,GRACIA,3
4137,GREER,3
4137,GRETEL,3
4137,GULCIN,3
4137,GUNEET,3
4137,GURSHARAN,3
4137,HAAJRA,3
4137,HAAJRAH,3
4137,HAARISAH,3
4137,HABEEBA,3
4137,HADEEQA,3
4137,HADEEQAH,3
4137,HADIA,3
4137,HADIL,3
4137,HADIQAH,3
4137,HAF,3
4137,HAFEZA,3
4137,HAIQA,3
4137,HAJIRA,3
4137,HAJIRAH,3
4137,HALLI,3
4137,HANADI,3
4137,HANAE,3
4137,HANEEFA,3
4137,HANEEN,3
4137,HANIN,3
4137,HANISHA,3
4137,HANIYAH,3
4137,HANNE,3
4137,HANSA,3
4137,HANSAH,3
4137,HARINE,3
4137,HARINI,3
4137,HARJEET,3
4137,HARLEE,3
4137,HARMANPREET,3
4137,HASINAH,3
4137,HAVA,3
4137,HAWRA,3
4137,HAYA,3
4137,HAYDN,3
4137,HEAVEN-LEIGH,3
4137,HEBAH,3
4137,HEMALI,3
4137,HENNY,3
4137,HERMELA,3
4137,HIBAQ,3
4137,HIBO,3
4137,HILAL,3
4137,HILLARY,3
4137,HINAA,3
4137,HIND,3
4137,HOLLEY,3
4137,HOLLY-LOUISE,3
4137,HOLLY-MAY,3
4137,HOURIA,3
4137,HUMARA,3
4137,HURIYA,3
4137,IANTHE,3
4137,IDMAN,3
4137,IEISHA,3
4137,IFZAH,3
4137,IJEOMA,3
4137,IKHLAS,3
4137,IKRAAN,3
4137,ILANI,3
4137,IMAANI,3
4137,IMARA,3
4137,IMARI,3
4137,IMELDA,3
4137,INDERJEET,3
4137,INDIA-MAE,3
4137,INDIYA,3
4137,INKA,3
4137,INNES,3
4137,IRRAM,3
4137,IRZA,3
4137,ISBAH,3
4137,ISHANA,3
4137,ISHPREET,3
4137,ISIL,3
4137,ISMAY,3
4137,ISOBELL,3
4137,ISSABELLA,3
4137,ITA,3
4137,IYLA,3
4137,IZA,3
4137,IZOBELLA,3
4137,J'NAI,3
4137,JACIE,3
4137,JACOBI,3
4137,JACY,3
4137,JADYN,3
4137,JAE,3
4137,JAEL,3
4137,JAIME-LOUISE,3
4137,JAKIA,3
4137,JAMEE,3
4137,JAMEY,3
4137,JAMIE-LEI,3
4137,JAMIE-LOUISE,3
4137,JAMIEE,3
4137,JANAE,3
4137,JANAI,3
4137,JANANI,3
4137,JANAT,3
4137,JANAY,3
4137,JANIKA,3
4137,JANINA,3
4137,JASDEEP,3
4137,JASMEEN,3
4137,JASMINA,3
4137,JASNEET,3
4137,JASREEN,3
4137,JAWAHIR,3
4137,JAYDAN,3
4137,JAYDEAN,3
4137,JAYLA,3
4137,JAYMI-LEIGH,3
4137,JAZZMYN,3
4137,JEANIE,3
4137,JEEVAN,3
4137,JEMINA,3
4137,JENIN,3
4137,JERI,3
4137,JERUSHA,3
4137,JESSICA-LOUISE,3
4137,JESSYE,3
4137,JEYDA,3
4137,JILLIAN,3
4137,JIN,3
4137,JINAN,3
4137,JO-ANNE,3
4137,JODENE,3
4137,JOELIE,3
4137,JOJO,3
4137,JOLEY,3
4137,JONA,3
4137,JOVITA,3
4137,JOYCELYN,3
4137,JUHI,3
4137,JULIENNE,3
4137,JUNG,3
4137,JUSTICE,3
4137,JUWAIRIYA,3
4137,JUWAIRYAH,3
4137,JUWARIYA,3
4137,KACEE,3
4137,KACEY-JO,3
4137,KACI-LEA,3
4137,KACI-LEE,3
4137,KADI,3
4137,KAILEIGH,3
4137,KAINAT,3
4137,KALEISHA,3
4137,KALIA,3
4137,KALISHA,3
4137,KALSOOM,3
4137,KALSUM,3
4137,KANEEZ,3
4137,KARAGH,3
4137,KARDELEN,3
4137,KARENZA,3
4137,KARISSA,3
4137,KASEY-LEIGH,3
4137,KATALINA,3
4137,KATEE,3
4137,KATHRINE,3
4137,KATIE-MAE,3
4137,KATIEANN,3
4137,KATLYNN,3
4137,KATRIN,3
4137,KATRINE,3
4137,KAVISHA,3
4137,KAWTHER,3
4137,KAY-LEIGH,3
4137,KAYCE,3
4137,KAYLEI,3
4137,KAYLEIGH-ANN,3
4137,KAYLEIGH-LOUISE,3
4137,KAYRA,3
4137,KAYTI,3
4137,KEANA,3
4137,KEANAH,3
4137,KEESHA,3
4137,KEILA,3
4137,KELCEE,3
4137,KELCIE,3
4137,KELDA,3
4137,KELECHI,3
4137,KEMI,3
4137,KENSA,3
4137,KEONI,3
4137,KERRY-ANN,3
4137,KERRYANN,3
4137,KERRYN,3
4137,KESHVI,3
4137,KEVA,3
4137,KEYAH,3
4137,KHADRA,3
4137,KHARIS,3
4137,KHAWLA,3
4137,KHAYA,3
4137,KHUSHBOO,3
4137,KIERA-LEIGH,3
4137,KIMIA,3
4137,KIMMY,3
4137,KINZAH,3
4137,KIONA,3
4137,KIRTHANA,3
4137,KISA,3
4137,KISMET,3
4137,KITANA,3
4137,KIYAH,3
4137,KIYRA,3
4137,KRISTI,3
4137,KULSUMA,3
4137,KULTHUM,3
4137,KUMARI,3
4137,KYANA,3
4137,KYANN,3
4137,KYARA,3
4137,KYE,3
4137,KYEISHA,3
4137,KYLER,3
4137,KYMBERLY,3
4137,KYMRAN,3
4137,LABIBA,3
4137,LAINE,3
4137,LAIQA,3
4137,LAKSHANA,3
4137,LAMISA,3
4137,LAMORNA,3
4137,LARNI,3
4137,LASHA,3
4137,LASHAWN,3
4137,LATITIA,3
4137,LATOYAH,3
4137,LAURAN,3
4137,LAURE,3
4137,LAURELLE,3
4137,LAUREN-LOUISE,3
4137,LAUREN-MAE,3
4137,LAVA,3
4137,LAVINA,3
4137,LAXMI,3
4137,LAYNA,3
4137,LE-ANN,3
4137,LEAH-MAY,3
4137,LEAH-ROSE,3
4137,LEALA,3
4137,LEEANN,3
4137,LEINA,3
4137,LENAYA,3
4137,LENISHA,3
4137,LENNI,3
4137,LEORA,3
4137,LERATO,3
4137,LESLIE,3
4137,LETESHA,3
4137,LETIA,3
4137,LEVINA,3
4137,LEXIA,3
4137,LEXY,3
4137,LEYLAH,3
4137,LI,3
4137,LIBBY-JO,3
4137,LIBBY-MAE,3
4137,LILAC,3
4137,LILI-MAI,3
4137,LILIANE,3
4137,LILLEY,3
4137,LILLY-ANNE,3
4137,LILY-BETH,3
4137,LILY-GRACE,3
4137,LILY-MAI,3
4137,LILYMAE,3
4137,LIMA,3
4137,LISHA,3
4137,LIVI,3
4137,LLIAN,3
4137,LONDRA,3
4137,LORA,3
4137,LORELLA,3
4137,LORIN,3
4137,LORYN,3
4137,LOTTE,3
4137,LOU,3
4137,LOUIZA,3
4137,LOULOU,3
4137,LOWRIE,3
4137,LUANA,3
4137,LUANNA,3
4137,LUCHIA,3
4137,LUCIE-MAE,3
4137,LUCREZIA,3
4137,LUCY-ROSE,3
4137,LUIZA,3
4137,LUXMI,3
4137,LYLAH,3
4137,LYNA,3
4137,MAAHUM,3
4137,MAARIYAAH,3
4137,MAAYAN,3
4137,MADDALENA,3
4137,MADDALENE,3
4137,MADIAH,3
4137,MADINAH,3
4137,MADIYA,3
4137,MADYSON,3
4137,MAEESHA,3
4137,MAELONA,3
4137,MAGDALENE,3
4137,MAGENTA,3
4137,MAHBUBA,3
4137,MAHEEMA,3
4137,MAHIDA,3
4137,MAHNI,3
4137,MAICIE,3
4137,MAIJA,3
4137,MAIZI,3
4137,MALIAKA,3
4137,MALIN,3
4137,MALIYAH,3
4137,MALLIKA,3
4137,MALYUN,3
4137,MANA,3
4137,MANASI,3
4137,MANEET,3
4137,MAREN,3
4137,MARGHERITA,3
4137,MARIEL,3
4137,MARISHA,3
4137,MARNEY,3
4137,MARNY,3
4137,MARRIA,3
4137,MARRIAM,3
4137,MARTYNA,3
4137,MARVA,3
4137,MARY-BETH,3
4137,MARYANNE,3
4137,MARYBETH,3
4137,MATHUSHA,3
4137,MATTEA,3
4137,MAUD,3
4137,MAWADA,3
4137,MAYAN,3
4137,MAYE,3
4137,MAYGAN,3
4137,MAYISHA,3
4137,MAYMUNA,3
4137,MAYSIE,3
4137,MAZEDA,3
4137,MEAVE,3
4137,MEEKA,3
4137,MEGAN-LEIGH,3
4137,MEGGAN,3
4137,MEGUMI,3
4137,MEHRIN,3
4137,MEHWISH,3
4137,MELERI,3
4137,MELIA,3
4137,MELIKA,3
4137,MELISE,3
4137,MEMOONA,3
4137,MEMPHIS,3
4137,MERCEDEZ,3
4137,MERIEL,3
4137,MERISSA,3
4137,MHARI,3
4137,MIA-GRACE,3
4137,MIAMI,3
4137,MICAH,3
4137,MIESHA,3
4137,MIKELA,3
4137,MIKI,3
4137,MILDRED,3
4137,MILI,3
4137,MILLEN,3
4137,MILLIE-,3
4137,MILLIE-JO,3
4137,MILLIE-RAE,3
4137,MILOU,3
4137,MINAHIL,3
4137,MINAL,3
4137,MINDY,3
4137,MINETTE,3
4137,MINHAL,3
4137,MIRACLE,3
4137,MIREL,3
4137,MISSI,3
4137,MISSIE,3
4137,MIYAH,3
4137,MO'NIQUE,3
4137,MODUPE,3
4137,MOHSINA,3
4137,MOLI,3
4137,MOLLIE-ANNE,3
4137,MOLLIE-ROSE,3
4137,MOLLY-JO,3
4137,MOLLY-LOUISE,3
4137,MOLLYANN,3
4137,MOMOKA,3
4137,MORGANNA,3
4137,MORGANNE,3
4137,MORIAH,3
4137,MOUNA,3
4137,MUHSINA,3
4137,MUNEEZA,3
4137,MUNISAH,3
4137,MURIAM,3
4137,MURSAL,3
4137,MUSKHAN,3
4137,MYESHA,3
4137,MYRAH,3
4137,NAEVE,3
4137,NAIHA,3
4137,NAKEISHA,3
4137,NAKISHA,3
4137,NALINI,3
4137,NANDI,3
4137,NANSI,3
4137,NARISSA,3
4137,NASIFAH,3
4137,NASRIN,3
4137,NATACHA,3
4137,NATALINA,3
4137,NATASJA,3
4137,NATHANIA,3
4137,NAVEENA,3
4137,NAVJOT,3
4137,NAVPREET,3
4137,NAZIRA,3
4137,NDEY,3
4137,NECHAMA,3
4137,NEESA,3
4137,NEESHA,3
4137,NEGIN,3
4137,NEILA,3
4137,NELLA,3
4137,NELLE,3
4137,NENEH,3
4137,NETANYA,3
4137,NEVADA,3
4137,NEVEAH,3
4137,NEVIN,3
4137,NEYA,3
4137,NEYHA,3
4137,NIALA,3
4137,NIAMBH,3
4137,NIAOMI,3
4137,NICOLETTE,3
4137,NIDAA,3
4137,NIDAH,3
4137,NIDHA,3
4137,NIGELLA,3
4137,NIHARIKA,3
4137,NIK,3
4137,NIKESHA,3
4137,NIKOL,3
4137,NILA,3
4137,NIMAH,3
4137,NIMAO,3
4137,NIMISHA,3
4137,NISA,3
4137,NISHIKA,3
4137,NISHKA,3
4137,NISHTHA,3
4137,NIYA,3
4137,NNENNA,3
4137,NOELLE,3
4137,NOEMI,3
4137,NOEMIE,3
4137,NOLA,3
4137,NOORA,3
4137,NOSHIN,3
4137,NUMA,3
4137,NURA,3
4137,NYLAH,3
4137,NYSSA,3
4137,OAKLEIGH,3
4137,ODESSA,3
4137,OFELIA,3
4137,OLUWAFUNMILAYO,3
4137,OLUWATENIOLA,3
4137,OLUWATOYIN,3
4137,OLUWAYEMISI,3
4137,OLYMPIA,3
4137,OMOLARA,3
4137,OONAGH,3
4137,ORNELA,3
4137,OZLEM,3
4137,PARVINA,3
4137,PAULINA,3
4137,PAYTON,3
4137,PEONY,3
4137,PERI,3
4137,PETA,3
4137,PINAR,3
4137,POSY,3
4137,PREESHA,3
4137,PRICILLA,3
4137,PRISCA,3
4137,PRIYAL,3
4137,PUI,3
4137,PUJA,3
4137,PYPER,3
4137,QUEENIE,3
4137,RAADIYAH,3
4137,RABAB,3
4137,RABEEA,3
4137,RABEYA,3
4137,RAFAELA,3
4137,RAHILA,3
4137,RAIHANA,3
4137,RAISAH,3
4137,RAJDEEP,3
4137,RAJPREET,3
4137,RAMEESHA,3
4137,RAMIAH,3
4137,RAMLAH,3
4137,RAMNEEK,3
4137,RAMYA,3
4137,RAPHAELA,3
4137,RAPHAELLE,3
4137,RAQIYA,3
4137,RASHA,3
4137,RASHMI,3
4137,RAVINA,3
4137,RAWDAH,3
4137,RAYAAN,3
4137,RAYHANA,3
4137,REANNON,3
4137,REBBECA,3
4137,REHNUMA,3
4137,REISA,3
4137,REMEE,3
4137,REO,3
4137,REYA,3
4137,RHEAGAN,3
4137,RIDHI,3
4137,RIJA,3
4137,RIMINI,3
4137,RITAJ,3
4137,RIYAN,3
4137,ROANNA,3
4137,ROHANNA,3
4137,ROKAYA,3
4137,ROMINA,3
4137,RONIQUE,3
4137,ROSABELLA,3
4137,ROSALINE,3
4137,ROSANNAH,3
4137,ROSHINI,3
4137,ROSIE-JANE,3
4137,ROSIE-MAE,3
4137,ROSSANA,3
4137,ROXANNA,3
4137,ROZERIN,3
4137,RUKAYA,3
4137,RUKAYAH,3
4137,RUMA,3
4137,RUPA,3
4137,RUTENDO,3
4137,RYLIE,3
4137,SAALEHA,3
4137,SAALIHA,3
4137,SAALIHAH,3
4137,SABAHAT,3
4137,SABBAH,3
4137,SABEEHA,3
4137,SABEEHAH,3
4137,SABEEN,3
4137,SABINE,3
4137,SABRA,3
4137,SACHI,3
4137,SAFFIRE,3
4137,SAFOORA,3
4137,SAIFA,3
4137,SAKSHI,3
4137,SAKURA,3
4137,SALI,3
4137,SALMAH,3
4137,SALOME,3
4137,SALONI,3
4137,SALSABIL,3
4137,SAMAAH,3
4137,SAMARAH,3
4137,SAMEEHA,3
4137,SAMEENA,3
4137,SAMIAH,3
4137,SAMIHAH,3
4137,SAMMI,3
4137,SAMMIE-JO,3
4137,SAMMY-JO,3
4137,SAMUELA,3
4137,SANCHA,3
4137,SANGAVI,3
4137,SANKAVI,3
4137,SANNE,3
4137,SAPHIR,3
4137,SARENA,3
4137,SARIAH,3
4137,SARIKA,3
4137,SARIYAH,3
4137,SARWA,3
4137,SATINE,3
4137,SAUDAH,3
4137,SAVIRA,3
4137,SAYA,3
4137,SAYEEDA,3
4137,SAYNAB,3
4137,SCOUT,3
4137,SELENE,3
4137,SENA,3
4137,SERAN,3
4137,SERAY,3
4137,SEREENA,3
4137,SERENDIPITY,3
4137,SERENE,3
4137,SERIFE,3
4137,SEYMA,3
4137,SHADE,3
4137,SHADI,3
4137,SHADIA,3
4137,SHAHD,3
4137,SHAHEDA,3
4137,SHAHEEN,3
4137,SHAHIRA,3
4137,SHAHRIN,3
4137,SHAIRA,3
4137,SHAKIERA,3
4137,SHALA,3
4137,SHAMINA,3
4137,SHANEKA,3
4137,SHANII,3
4137,SHANITA,3
4137,SHANLEY,3
4137,SHANNIE,3
4137,SHANNON-LEIGH,3
4137,SHANON,3
4137,SHANZA,3
4137,SHARI,3
4137,SHARIA,3
4137,SHARMILA,3
4137,SHAWNEE,3
4137,SHAYLAH,3
4137,SHAYMAA,3
4137,SHAZMIN,3
4137,SHEEREEN,3
4137,SHEFALI,3
4137,SHEIMA,3
4137,SHEINDY,3
4137,SHELBY-LEIGH,3
4137,SHELLIE,3
4137,SHENAY,3
4137,SHENELL,3
4137,SHENIKA,3
4137,SHEREECE,3
4137,SHEREENA,3
4137,SHERICA,3
4137,SHERIE,3
4137,SHERIKA,3
4137,SHIANA,3
4137,SHIONA,3
4137,SHIORI,3
4137,SHIREENA,3
4137,SHONAGH,3
4137,SHONTAE,3
4137,SHREENA,3
4137,SHRI,3
4137,SHRUTHI,3
4137,SHUMA,3
4137,SHUMI,3
4137,SHWETA,3
4137,SHYLA,3
4137,SIANI,3
4137,SIARA,3
4137,SIDDIQA,3
4137,SIGOURNEY,3
4137,SILA,3
4137,SILVANA,3
4137,SIMAR,3
4137,SIMAY,3
4137,SIMRANPREET,3
4137,SINAI,3
4137,SIOFRA,3
4137,SIRIN,3
4137,SISSY,3
4137,SITARA,3
4137,SITI,3
4137,SNIGDHA,3
4137,SOHANA,3
4137,SOMIA,3
4137,SOMYA,3
4137,SONAM,3
4137,SOPHIE-JADE,3
4137,SORIAH,3
4137,SORRELL,3
4137,SOUMAYA,3
4137,SOUMEYA,3
4137,SOWMIYA,3
4137,SREE,3
4137,STEPHENIE,3
4137,SUBHANA,3
4137,SUFIA,3
4137,SUHAILA,3
4137,SUHAYLA,3
4137,SUHAYMAH,3
4137,SULA,3
4137,SUMAIA,3
4137,SUMIYYAH,3
4137,SUMMAYAH,3
4137,SUNDAS,3
4137,SUNEHRA,3
4137,SUNNAH,3
4137,SUNNI,3
4137,SURIAH,3
4137,SURINA,3
4137,SURIYA,3
4137,SUVETHA,3
4137,SUZANA,3
4137,SWETHA,3
4137,SYANNE,3
4137,SYMRAN,3
4137,SYRA,3
4137,TAAHIRA,3
4137,TAAIBAH,3
4137,TABASUM,3
4137,TAFARA,3
4137,TAHIYAH,3
4137,TAHMIN,3
4137,TAHREEM,3
4137,TAHSEEN,3
4137,TAIJA,3
4137,TAISIA,3
4137,TAKIRA,3
4137,TAKIYAH,3
4137,TALLIS,3
4137,TAMEKA,3
4137,TAMIMA,3
4137,TAMMIN,3
4137,TAMRYN,3
4137,TANAKA,3
4137,TANIESHA,3
4137,TANJINA,3
4137,TANZIA,3
4137,TARANPREET,3
4137,TASFIAH,3
4137,TASHANA,3
4137,TASHAUNA,3
4137,TASKEEN,3
4137,TASNEM,3
4137,TASNIIM,3
4137,TAYABAH,3
4137,TAYE,3
4137,TAYER,3
4137,TAYIBAH,3
4137,TAYLOR-JAY,3
4137,TAYLOR-JAYNE,3
4137,TEAGHAN,3
4137,TEDDY,3
4137,TEGHAN,3
4137,TEGWEN,3
4137,TEIGEN,3
4137,TELISHA,3
4137,TENECIA,3
4137,TENISHA,3
4137,TENZIN,3
4137,TERRI-ANN,3
4137,TERRI-ANNE,3
4137,TERRI-LEIGH,3
4137,TERRIE,3
4137,THANDI,3
4137,THANDIWE,3
4137,THANYA,3
4137,THIVIYA,3
4137,THURAYA,3
4137,TIANEY,3
4137,TIARA,3
4137,TIARN,3
4137,TIERRA,3
4137,TIESHA,3
4137,TIFFINY,3
4137,TIJEN,3
4137,TIONNE,3
4137,TIPPI,3
4137,TIRA,3
4137,TISHA,3
4137,TIYANNA,3
4137,TOBI,3
4137,TONI-ANNE,3
4137,TONI-MARIE,3
4137,TONYA,3
4137,TOPAZ,3
4137,TORRI,3
4137,TORY,3
4137,TRIXIE,3
4137,TRUPTI,3
4137,TSEHAY,3
4137,TUGCE,3
4137,TUNISHA,3
4137,TY,3
4137,TYEISHA,3
4137,TYNE,3
4137,UCHENNA,3
4137,UISCE,3
4137,UMAIRA,3
4137,UMAMA,3
4137,UMARA,3
4137,UMAYMA,3
4137,UMAYRAH,3
4137,UMAYYAH,3
4137,UMM,3
4137,UMMA,3
4137,UMMI,3
4137,UNAISA,3
4137,URVI,3
4137,URWAH,3
4137,VAHINI,3
4137,VANEEZA,3
4137,VANI,3
4137,VANISHA,3
4137,VARSHA,3
4137,VEENA,3
4137,VENESSA,3
4137,VENICE,3
4137,VITA,3
4137,VITHUSHA,3
4137,VITTORIA,3
4137,VIVIANA,3
4137,VIVIANE,3
4137,WAI,3
4137,WARDAT,3
4137,WASIMA,3
4137,WEDNESDAY,3
4137,WILLA,3
4137,XAVIA,3
4137,XUE,3
4137,YARAH,3
4137,YASMYN,3
4137,YAZMINA,3
4137,YAZMINE,3
4137,YE,3
4137,YELIZ,3
4137,YETUNDE,3
4137,YEWANDE,3
4137,YITTY,3
4137,YOCHEVED,3
4137,YONA,3
4137,ZAAHIRAH,3
4137,ZAHIN,3
4137,ZAHIRAH,3
4137,ZAILA,3
4137,ZAINIB,3
4137,ZAREEN,3
4137,ZAYBA,3
4137,ZAYNEB,3
4137,ZENNOR,3
4137,ZERIN,3
4137,ZETA,3
4137,ZEYNAB,3
4137,ZINAB,3
4137,ZOBIYA,3
4137,ZOIE,3
4137,ZORAH,3
4137,ZOWIE,3
4137,ZUBAIDA,3
4137,ZUHA,3
