Rank,Name,Count
1,EMILY,5423
2,ELLIE,5136
3,CHLOE,5058
4,JESSICA,4928
5,SOPHIE,4592
6,MEGAN,4077
7,LUCY,4032
8,OLIVIA,4024
9,CHARLOTTE,3819
10,HANNAH,3546
11,KATIE,3521
12,ELLA,3494
13,HOLLY,3377
14,GRACE,3165
15,MIA,3132
16,AMY,2889
17,LAUREN,2823
18,MOLLY,2782
19,EMMA,2711
20,ABIGAIL,2642
21,AMELIA,2299
22,CAITLIN,2277
23,LILY,2221
24,BETHANY,2205
25,REBECCA,2120
26,GEORGIA,1976
27,LEAH,1903
28,MILLIE,1869
29,ELEANOR,1838
30,JASMINE,1587
31,DAISY,1553
32,ELIZABETH,1539
33,ALICE,1427
34,COURTNEY,1419
35,SHANNON,1402
36,ERIN,1361
37,ISABELLA,1350
38,ABBIE,1287
39,ANNA,1235
40,AMBER,1222
41,ISABELLE,1214
42,FREYA,1211
43,POPPY,1200
44,PHOEBE,1182
45,PAIGE,1161
46,ISABEL,1120
47,RUBY,1084
48,RACHEL,1073
49,SARAH,1066
50,ISOBEL,1048
51,AIMEE,1043
52,ROSIE,1024
53,ZOE,1019
54,TIA,1010
55,MAISIE,996
56,NIAMH,991
57,LIBBY,981
58,NATASHA,973
59,NICOLE,934
60,EVIE,917
61,IMOGEN,891
62,MORGAN,887
63,ALICIA,844
64,HOLLIE,838
65,EVE,830
66,ALISHA,810
67,ALEXANDRA,766
67,LAURA,766
69,LYDIA,754
70,LOUISE,750
71,MADELEINE,734
72,MADISON,719
73,KATE,714
74,SOPHIA,709
75,CHELSEA,684
76,GEORGINA,671
77,JADE,668
78,JODIE,647
79,HARRIET,645
80,FRANCESCA,633
81,JENNIFER,628
82,ELOISE,616
83,KAYLEIGH,612
84,MELISSA,610
85,MOLLIE,606
86,SUMMER,605
87,VICTORIA,601
88,CHARLIE,584
89,KATHERINE,577
90,SAMANTHA,574
91,LARA,568
92,YASMIN,546
93,BROOKE,544
94,NAOMI,543
95,CERYS,541
96,AALIYAH,531
97,TEGAN,530
98,FAITH,522
99,ZARA,505
100,ABBY,500
101,DANIELLE,496
102,KELSEY,473
103,ELLEN,464
104,EVA,463
105,GEMMA,462
106,STEPHANIE,460
107,NATALIE,458
108,MARIA,455
109,GABRIELLE,453
110,MADELINE,445
111,MAYA,443
112,ELISE,442
113,RHIANNON,439
114,SKYE,438
115,DEMI,435
116,EBONY,418
117,ELLE,417
118,TILLY,414
119,TAYLOR,411
120,KIERA,410
120,MADDISON,410
122,MATILDA,409
123,CATHERINE,408
124,ANGEL,406
125,FAYE,405
126,SCARLETT,403
127,BETHAN,401
128,AISHA,384
129,ASHLEIGH,382
130,ANYA,380
130,BETH,380
130,MILLY,380
133,CASEY,379
134,ANNABEL,374
135,SARA,370
136,KEIRA,368
137,ROSE,367
138,ROBYN,366
139,LOIS,354
140,LAYLA,352
141,AMELIE,347
142,SASHA,345
143,MYA,343
144,SADIE,341
145,CAITLYN,336
146,KACEY,335
147,SOFIA,331
148,SIAN,328
149,KIRA,324
150,MARYAM,323
151,INDIA,319
152,ANNABELLE,318
153,CIARA,316
154,SINEAD,312
155,GABRIELLA,311
155,KATY,311
157,KIMBERLEY,308
157,LIBERTY,308
159,CARA,304
159,JENNA,304
161,FFION,301
162,MARY,298
163,ESME,297
164,AVA,295
164,HEATHER,295
166,MARTHA,294
167,KAITLYN,293
168,PARIS,292
169,GRACIE,291
169,KIRSTY,291
169,LILLY,291
172,ANNIE,285
173,FLORENCE,284
174,RHIANNA,281
175,MAISY,280
176,CARYS,277
177,FATIMA,275
177,HOPE,275
179,EMILIA,269
180,NEVE,268
181,LOLA,265
181,MACY,265
183,ELISHA,261
184,EVELYN,254
185,SAFFRON,253
186,ZAINAB,252
187,CHARLEY,251
188,JASMIN,250
189,NADIA,248
190,CHANTELLE,247
191,HAYLEY,246
192,ALYSSA,242
193,JEMIMA,240
194,ESTHER,239
195,ALANA,238
196,CLAUDIA,236
197,KATHRYN,235
198,IQRA,234
198,SIMRAN,234
200,ISLA,233
200,LUCIE,233
200,RACHAEL,233
203,ELENA,232
204,REBEKAH,230
204,TARA,230
206,AMINA,229
206,TABITHA,229
208,AYESHA,224
208,ELIZA,224
208,TRINITY,224
211,MAIA,223
211,SYDNEY,223
211,ZAHRA,223
214,HEIDI,222
215,MARIAM,217
216,ALIYAH,216
216,RIA,216
218,EDEN,214
219,SHANIA,213
220,KATELYN,211
221,JESSIE,209
222,KAITLIN,207
222,KAYLA,207
224,LOUISA,205
225,DARCY,204
225,KEELEY,204
227,JEMMA,203
227,JOSEPHINE,203
229,FELICITY,202
230,ALEX,198
231,SANA,196
232,SAVANNAH,195
233,LILLIE,194
234,NIA,192
234,TAMZIN,192
236,KACI,190
236,KELLY,190
238,CONNIE,188
238,DANIELLA,188
238,SASKIA,188
238,TAYLA,188
242,ABBEY,187
243,SHAUNA,186
244,TALIA,185
245,NINA,183
246,JOSIE,182
247,LUCIA,178
248,HANA,177
249,BEATRICE,175
250,ANTONIA,173
251,JAMIE,170
251,TIFFANY,170
253,LEILA,168
254,BRYONY,167
255,CHRISTINA,166
256,KYRA,165
257,KITTY,163
257,WILLOW,163
259,MICHELLE,162
259,SYEDA,162
261,SEREN,161
262,LANA,160
262,LISA,160
264,RUTH,159
265,HERMIONE,158
265,MICHAELA,158
267,AMIE,157
267,MACKENZIE,157
269,NICOLA,155
269,ORLA,155
271,MACEY,154
272,CLARA,152
273,LAILA,151
274,HELENA,150
274,LOTTIE,150
276,KARA,149
277,NIKITA,147
278,HALLE,146
278,SHAKIRA,146
280,ISHA,145
281,APRIL,144
281,JULIA,144
283,NATALIA,143
284,NADINE,142
284,NANCY,142
286,IMAN,141
287,JOANNA,139
287,THEA,139
289,KIRSTEN,138
289,TYLER,138
291,SCARLET,137
292,ANAIS,136
292,LEANNE,136
292,SERENA,136
295,SAFA,135
295,SALMA,135
297,IONA,134
297,KHADIJA,134
299,ASHLEY,132
299,DARCEY,132
299,HELEN,132
299,JORDAN,132
299,LIA,132
299,PHILIPPA,132
305,LEONIE,131
305,RENEE,131
307,ANISA,130
307,HALIMA,130
309,TEIGAN,129
310,CARLA,127
310,ISOBELLE,127
310,ZAYNAB,127
313,ASHA,125
314,TIANA,123
315,BILLIE,121
315,ELLIE-MAE,121
315,POLLY,121
318,EMILIE,120
318,JORJA,120
318,KYLA,120
318,LACEY,120
322,HAFSA,118
322,TIEGAN,118
324,CODIE,117
324,SHELBY,117
326,DESTINY,116
326,FLEUR,116
326,MADDIE,116
326,PRIYA,116
326,RHEA,116
331,BONNIE,115
332,ANASTASIA,114
332,CRYSTAL,114
332,MIRIAM,114
332,TANYA,114
336,FIONA,113
337,ANISHA,111
337,BAILEY,111
337,IMAAN,111
337,NELL,111
341,TONI,110
342,ELLIE-MAY,109
342,GEORGIE,109
342,HONEY,109
342,KHADIJAH,109
342,MELANIE,109
347,ALEXIA,108
347,DARCIE,108
347,HAFSAH,108
347,LOWRI,108
351,AOIFE,107
351,STELLA,107
351,TALLULAH,107
354,ELIN,106
354,KIA,106
356,HONOR,105
356,MALAIKA,105
358,TEAGAN,104
359,ALINA,103
359,FRANCES,103
359,HARLEY,103
362,CARMEN,102
362,ESHA,102
362,FERN,102
365,ALESHA,101
365,CHANEL,101
365,CHARDONNAY,101
365,SABRINA,101
369,CARLY,100
369,CODY,100
369,HAZEL,100
369,KACIE,100
373,KASEY,99
373,YASMINE,99
375,ANNALISE,98
375,ROISIN,98
375,TIANNA,98
378,KATRINA,97
378,MELODY,97
378,SALLY,97
381,AYSHA,96
381,ELINOR,96
381,MADELAINE,96
384,ABBI,95
384,CATRIN,95
384,KAYLEY,95
384,LAURYN,95
384,STACEY,95
389,CONSTANCE,94
390,ALANNAH,93
390,BROGAN,93
390,CAROLINE,93
390,KELSIE,93
394,KEELY,92
394,MILLICENT,92
394,ROSA,92
394,TAMARA,92
398,JAZMIN,91
398,LORNA,91
398,RIANNA,91
398,SUMAYYAH,91
402,AISHAH,90
402,DEBORAH,90
402,MAE,90
405,AMANDA,89
405,LEONI,89
405,RHIAN,89
408,ANDREA,88
408,ELSIE,88
408,KIARA,88
408,SADIA,88
412,AMINAH,87
412,IRIS,87
412,KIRAN,87
415,AMIRA,86
415,CLAIRE,86
415,JADA,86
415,KERRY,86
415,MEGHAN,86
415,SKY,86
415,TANISHA,86
415,VERITY,86
423,ELYSIA,85
423,SIOBHAN,85
425,ALYSHA,83
425,SIMONE,83
427,ALEENA,82
427,ARABELLA,82
427,EMELIA,82
427,HANNA,82
427,PRECIOUS,82
427,SIENNA,82
433,ABI,81
433,VANESSA,81
435,ANGELINA,80
435,CLEO,80
435,KATHLEEN,80
438,ALANNA,79
438,NOOR,79
438,SONIA,79
441,ALIYA,78
441,ANGELA,78
441,AQSA,78
441,FLORA,78
441,GENEVIEVE,78
441,JAZMINE,78
447,ELLIS,77
447,MONICA,77
447,TAMSIN,77
450,AMIRAH,76
450,DEANNA,76
450,FRANKIE,76
450,HALEEMA,76
450,JENNY,76
450,LILI,76
450,SELINA,76
450,SHANICE,76
458,DAVINA,75
458,TORI,75
460,ALEXIS,74
460,CALLIE,74
462,CHANELLE,73
462,ELSA,73
462,ERICA,73
462,KEISHA,73
462,TAYA,73
467,ANIKA,72
468,KIMBERLY,71
468,LILLIAN,71
468,ROSEMARY,71
468,SUMAYA,71
472,ANA,70
472,MARIE,70
472,SABAH,70
475,BRODIE,69
475,FAY,69
475,PIPER,69
478,AMANI,68
478,NYAH,68
478,ROXANNE,68
478,TANIA,68
482,AAMINAH,67
482,ASHANTI,67
482,KYLIE,67
482,MACIE,67
486,CORA,66
486,DANA,66
486,FARAH,66
486,FIZA,66
486,JOANNE,66
486,MARNIE,66
486,MCKENZIE,66
486,SAFIA,66
494,AMNA,65
494,AUTUMN,65
494,DEVON,65
494,KAYLEE,65
494,LEXIE,65
494,LILA,65
494,LILLI,65
494,SAPPHIRE,65
494,ZAYNAH,65
503,ANISAH,64
503,BRIDGET,64
503,CASSIE,64
503,FAIZA,64
503,MONIQUE,64
508,BRIANNA,63
508,CHARLI,63
508,CHEYENNE,63
508,ELISSA,63
508,LEIA,63
508,MIRANDA,63
508,RIYA,63
508,ROSANNA,63
516,ELLENA,62
516,ESTELLE,62
516,MAGGIE,62
519,HARMONY,61
519,KARIS,61
519,LEA,61
519,SAMIRA,61
523,CHIARA,60
523,LEONA,60
523,MAY,60
523,NEHA,60
523,REGAN,60
528,ADELE,59
528,DIANA,59
528,ROWAN,59
528,SACHA,59
532,BRIONY,58
532,CORDELIA,58
532,FATIMAH,58
532,JODI,58
532,KARINA,58
532,SHONA,58
538,BOBBIE,57
538,BRONWYN,57
538,HALLIE,57
538,JAYA,57
538,KEZIAH,57
538,LAIBA,57
538,MAISHA,57
545,ALEISHA,56
545,BEAU,56
545,CARRIE,56
545,CHANTEL,56
545,CHRISTINE,56
545,EMMIE,56
545,LEYLA,56
545,MARINA,56
545,ROCHELLE,56
545,TESS,56
545,TESSA,56
556,ALEXANDRIA,55
556,ALIX,55
556,HUMAIRA,55
556,KAREENA,55
556,STEVIE,55
561,ALISHBA,54
561,LATISHA,54
561,TYLA,54
564,BECKY,53
564,DEMI-LEIGH,53
564,DREW,53
564,JAIME,53
564,SAARAH,53
569,ALYS,52
569,CAITLAN,52
569,KRYSTAL,52
569,LUCINDA,52
569,PHOENIX,52
569,REANNA,52
569,SABA,52
569,SAIMA,52
569,SAIRA,52
578,EDITH,51
578,JULIETTE,51
578,LOREN,51
578,MAHIMA,51
578,MARGARET,51
583,ARWEN,50
583,ASIA,50
583,BOBBI,50
583,CHARLENE,50
583,CHELSIE,50
583,DANIELA,50
583,DIYA,50
583,KATHARINE,50
583,KENZIE,50
583,PENELOPE,50
583,SHAYLA,50
583,YUSRA,50
595,ALISON,49
595,ANGELICA,49
595,CASSIDY,49
595,CHELSEY,49
595,EDIE,49
595,ELA,49
595,HENNA,49
595,KIANA,49
595,MARIYA,49
595,SAFIYA,49
595,TASNIM,49
595,TEEGAN,49
607,AMI,48
607,ARIANA,48
607,BRITNEY,48
607,ELISA,48
607,ELISABETH,48
607,ELODIE,48
607,KIRSTIE,48
607,LIBBIE,48
607,MERCEDES,48
607,PENNY,48
607,PIPPA,48
607,ZOYA,48
619,AAMINA,47
619,ANITA,47
619,BELLA,47
619,CLARE,47
619,DIONNE,47
619,ELLY,47
619,JULIET,47
619,LILIAN,47
619,MALI,47
619,MILLI,47
619,SANAA,47
630,CYDNEY,46
630,JOLIE,46
630,KAYA,46
630,KIAH,46
630,NISHA,46
630,SAMIHA,46
630,THALIA,46
637,AISLING,45
637,ALEESHA,45
637,AMAL,45
637,ANJALI,45
637,ASMA,45
637,CAMERON,45
637,JAMIE-LEIGH,45
637,LENA,45
637,MABEL,45
637,MALIKA,45
637,MIAH,45
637,MIYA,45
637,PEARL,45
637,SHIVANI,45
637,TAMMY,45
637,TILLIE,45
653,ALYSIA,44
653,AMARA,44
653,CASSANDRA,44
653,ISOBELLA,44
653,JODY,44
653,KHUSHI,44
653,LARISSA,44
653,LEIGH,44
653,LILY-ROSE,44
653,NIKKI,44
653,ROMILLY,44
653,TARYN,44
653,TATIANA,44
666,ANGHARAD,43
666,BETHANIE,43
666,BO,43
666,ELLI,43
666,ELOUISE,43
666,ERYN,43
666,INES,43
666,IZABELLA,43
666,JANE,43
666,JOY,43
666,MAARIYAH,43
666,SAFIYYAH,43
666,SAMIA,43
666,VIOLET,43
680,EVANGELINE,42
680,GINA,42
680,HENRIETTA,42
680,KEZIA,42
680,LEIGHA,42
680,LIVIA,42
680,MARLI,42
680,NAIMA,42
680,SADE,42
680,SHARNA,42
690,ALEXA,41
690,CANDICE,41
690,CATRIONA,41
690,CHARIS,41
690,CLEMENTINE,41
690,ENYA,41
690,MARIAH,41
690,ROMY,41
690,SUSANNAH,41
699,ANN,40
699,BRONTE,40
699,CHARLEIGH,40
699,DANNI,40
699,ERIKA,40
699,HALIMAH,40
699,KRISTINA,40
699,MAHA,40
699,MIMI,40
699,NATALYA,40
699,PATRICIA,40
699,TIERNEY,40
699,ZAINA,40
712,ALESSIA,39
712,ANEESA,39
712,ANNE,39
712,CAMILLA,39
712,DOMINIQUE,39
712,ELERI,39
712,ELIANA,39
712,ELLA-LOUISE,39
712,ELLISE,39
712,FATMA,39
712,HIBA,39
712,HIBAH,39
712,IMANI,39
712,KAREN,39
712,MUSKAAN,39
712,SIDRA,39
712,TAZMIN,39
712,TYRA,39
712,ZARAH,39
731,AAISHA,38
731,AINE,38
731,HABIBA,38
731,JOYCE,38
731,MAARIYA,38
731,MYAH,38
731,NAJMA,38
731,NEVAEH,38
731,SUMAIYA,38
731,VALENTINA,38
731,YAZMIN,38
742,ALYSSIA,37
742,AYA,37
742,AYLA,37
742,CAMILLE,37
742,FAIZAH,37
742,JOELY,37
742,LILIANA,37
742,MAISEY,37
742,MARI,37
742,MUNA,37
742,NIMRA,37
742,OCEAN,37
742,PRINCESS,37
742,RABIA,37
742,SAVANNA,37
742,SHREYA,37
742,TASNEEM,37
759,ALANAH,36
759,ALIA,36
759,AMEERA,36
759,BIBI,36
759,BUSHRA,36
759,CECILIA,36
759,ELICIA,36
759,KARLA,36
759,KYA,36
759,LEENA,36
759,LEILANI,36
759,LUISA,36
771,AURORA,35
771,FAHIMA,35
771,HATTIE,35
771,KATELIN,35
771,KENNEDY,35
771,LEXI,35
771,MARWA,35
771,SAHAR,35
771,SANAH,35
771,STORM,35
781,ABBIGAIL,34
781,ALISSA,34
781,BRIDIE,34
781,CORAL,34
781,DENISE,34
781,ELYSE,34
781,HAJRA,34
781,HUDA,34
781,HUSNA,34
781,KIYA,34
781,LAURIE,34
781,MANON,34
781,MARISA,34
781,MARIYAH,34
781,MATHILDA,34
781,SHARON,34
781,TAYYIBAH,34
781,TERRI,34
799,ANNABELLA,33
799,ARIANNA,33
799,BIANCA,33
799,BRONWEN,33
799,CERI,33
799,FARRAH,33
799,HANAN,33
799,HUMAYRA,33
799,IVY,33
799,LILY-MAY,33
799,LINA,33
799,MADDY,33
799,MALEEHA,33
799,MILA,33
799,MINNIE,33
799,NIMRAH,33
799,RILEY,33
799,RUQAYYAH,33
799,SAMIYA,33
818,AMIEE,32
818,AMMARAH,32
818,ATHENA,32
818,CHARMAINE,32
818,COURTENEY,32
818,DULCIE,32
818,EESHA,32
818,ELANA,32
818,ELEN,32
818,ELLIE-LOUISE,32
818,GRETA,32
818,IKRA,32
818,ISRA,32
818,IZZY,32
818,JAMILA,32
818,LEANNA,32
818,LILY-MAE,32
818,MAIZIE,32
818,MARTINA,32
818,MEG,32
818,MELISA,32
818,MINA,32
818,NEAVE,32
818,NIEVE,32
818,REMI,32
818,SAMARA,32
844,AMMAARAH,31
844,ANOUSHKA,31
844,CELESTE,31
844,ELENI,31
844,FALLON,31
844,FREYJA,31
844,HALEEMAH,31
844,LIANA,31
844,MADIHAH,31
844,MEREDITH,31
844,SUSAN,31
855,ADELAIDE,30
855,ADRIANA,30
855,AMEENA,30
855,AMRITA,30
855,ANWEN,30
855,BILLIE-JO,30
855,CLARISSA,30
855,ELLIE-MAI,30
855,GABRIELA,30
855,INDIGO,30
855,JACQUELINE,30
855,JAMIE-LEE,30
855,LUCI,30
855,PORTIA,30
855,RHIANNE,30
855,RIO,30
855,ROSHNI,30
855,SAOIRSE,30
855,SOFIE,30
855,SUMAIYAH,30
855,TAYLER,30
876,AERYN,29
876,ALISA,29
876,AMRIT,29
876,ANAYA,29
876,ANNIKA,29
876,BETSY,29
876,DAISIE,29
876,ELSPETH,29
876,HOLLI,29
876,JANA,29
876,JESS,29
876,LINDA,29
876,MARIANNE,29
876,NANA,29
876,ROMA,29
876,SHANA,29
876,YASEMIN,29
893,AALIYA,28
893,ABIDA,28
893,ASIYA,28
893,CHAYA,28
893,CHEYANNE,28
893,DANNIELLA,28
893,DARCI,28
893,HAILIE,28
893,JENA,28
893,KATERINA,28
893,KATIE-LOUISE,28
893,MAHNOOR,28
893,MALIHA,28
893,MEA,28
893,VERONICA,28
893,ZAHRAH,28
909,ALEEZA,27
909,BELINDA,27
909,ELOISA,27
909,EMMY,27
909,INAYAH,27
909,IZABEL,27
909,JOHANNA,27
909,LIBBI,27
909,LULU,27
909,MANISHA,27
909,MARISSA,27
909,MEHAK,27
909,NAWAL,27
909,NAZIFA,27
909,RAVEN,27
909,ROMANY,27
909,ROSEANNA,27
909,SAFAH,27
909,SAFIYAH,27
909,SAMAH,27
909,SANDRA,27
909,SANIA,27
909,STAR,27
909,SUSANNA,27
933,AMALIA,26
933,ANEESAH,26
933,ASHLYN,26
933,AYSE,26
933,BLESSING,26
933,CELIA,26
933,CELYN,26
933,CHYNA,26
933,ELLISHA,26
933,ELLOUISE,26
933,GLORIA,26
933,HEBE,26
933,HUMAIRAA,26
933,JOCELYN,26
933,KERYS,26
933,LANI,26
933,MAEVE,26
933,MAI,26
933,MAJA,26
933,MATHILDE,26
933,MEERA,26
933,NAFISA,26
933,RAHIMA,26
933,REESE,26
933,ROBERTA,26
933,ROJIN,26
933,ROSINA,26
933,SABINA,26
933,SAMIRAH,26
933,SHANELLE,26
933,SOMMER,26
933,SORAYA,26
965,ALIZA,25
965,AMALIE,25
965,ANAM,25
965,ASMAA,25
965,CHARLEE,25
965,DION,25
965,ELINA,25
965,ELIZE,25
965,ESMEE,25
965,HINA,25
965,HUMERA,25
965,IRAM,25
965,ISMA,25
965,JAYDEN,25
965,JESSE,25
965,JUSTINE,25
965,KACY,25
965,KENDRA,25
965,LACIE,25
965,LEVI,25
965,MADIHA,25
965,MARIANA,25
965,MARLEY,25
965,MILLA,25
965,MISBAH,25
965,NADA,25
965,OLIVE,25
965,PAULA,25
965,ROSALIND,25
965,SUZANNE,25
965,UZMA,25
996,ABIGAYLE,24
996,ANIQA,24
996,ANN-MARIE,24
996,BEATRIX,24
996,CARINA,24
996,CHANTE,24
996,EILEEN,24
996,FARZANA,24
996,FATEMA,24
996,FREJA,24
996,HAJRAH,24
996,HARLEEN,24
996,HARRIETT,24
996,JANNAT,24
996,JASPREET,24
996,KADIE,24
996,KAIA,24
996,KAIYA,24
996,KELSI,24
996,KERRI,24
996,KERRIE,24
996,MALIKAH,24
996,PAISLEY,24
996,RHIANA,24
996,SAMEERA,24
996,SAMINA,24
996,SANIYA,24
996,SHELLEY,24
996,SIENA,24
996,URSULA,24
1026,ALESSANDRA,23
1026,ANJA,23
1026,ARMANI,23
1026,AYISHA,23
1026,BECA,23
1026,BREANNA,23
1026,CADI,23
1026,CHRISTIE,23
1026,ELANOR,23
1026,ELLA-MAE,23
1026,FAHMIDA,23
1026,HELIN,23
1026,ILANA,23
1026,JADEN,23
1026,JAYNE,23
1026,KERRIS,23
1026,LAVINIA,23
1026,MEADOW,23
1026,NAZIA,23
1026,NIDA,23
1026,POPPIE,23
1026,RAHMA,23
1026,RUBIE,23
1026,SABIHA,23
1026,SYLVIE,23
1026,TABATHA,23
1026,TINA,23
1026,XANTHE,23
1026,YUMNA,23
1026,ZEYNEP,23
1056,ANIA,22
1056,ASHTON,22
1056,BEVERLEY,22
1056,CHARLY,22
1056,DANNIELLE,22
1056,DIVINE,22
1056,ELLESSE,22
1056,EMAAN,22
1056,FARIHA,22
1056,HADIQA,22
1056,HARPREET,22
1056,HARRIETTE,22
1056,JEMIMAH,22
1056,JULIE,22
1056,KIM,22
1056,LOGAN,22
1056,MARNI,22
1056,MISHA,22
1056,NAIMAH,22
1056,PIA,22
1056,PRIYANKA,22
1056,REANNE,22
1056,RIMSHA,22
1056,SAMIYAH,22
1056,SHAYNA,22
1056,SORCHA,22
1056,TAHIRA,22
1083,AILSA,21
1083,ALEYNA,21
1083,ALIMA,21
1083,ALISHIA,21
1083,AMAYA,21
1083,ANEEKA,21
1083,ANNALIESE,21
1083,AROOJ,21
1083,AYAH,21
1083,BERFIN,21
1083,BRITTANY,21
1083,CHANTAL,21
1083,DANICA,21
1083,FATHIMA,21
1083,HABIBAH,21
1083,ISHIKA,21
1083,JAYDA,21
1083,KATARINA,21
1083,KATLYN,21
1083,KAY,21
1083,KELIS,21
1083,KLOE,21
1083,KODIE,21
1083,KOMAL,21
1083,KRISTEN,21
1083,MAKENZIE,21
1083,MANPREET,21
1083,MEHREEN,21
1083,MISTY,21
1083,RAYAN,21
1083,REEM,21
1083,ROXY,21
1083,SADIYAH,21
1083,SAHRA,21
1083,SAKINA,21
1083,SALWA,21
1083,SANNA,21
1083,SHANAY,21
1083,SHEIKH,21
1083,SKYLA,21
1083,SUZANNA,21
1083,SUZANNAH,21
1083,TALITHA,21
1083,TASMIN,21
1083,VIENNA,21
1083,WHITNEY,21
1129,AALIAH,20
1129,ACACIA,20
1129,ADINA,20
1129,AFSANA,20
1129,AGNES,20
1129,AMAN,20
1129,ANABEL,20
1129,ANUSHKA,20
1129,ASTRID,20
1129,ATIYA,20
1129,BRIANA,20
1129,CAOIMHE,20
1129,COCO,20
1129,DAWN,20
1129,DILARA,20
1129,ELLIE-ROSE,20
1129,FARHANA,20
1129,FINLEY,20
1129,HAFIZA,20
1129,HIRA,20
1129,INAYA,20
1129,IZABELLE,20
1129,JACEY,20
1129,JUDE,20
1129,KELSEA,20
1129,KLARA,20
1129,LARAIB,20
1129,LETISHA,20
1129,LEYA,20
1129,MAIYA,20
1129,MIKAYLA,20
1129,NISHAT,20
1129,NORA,20
1129,PHEBE,20
1129,RANIA,20
1129,REA,20
1129,SAHARA,20
1129,SARAH-JANE,20
1129,SELIN,20
1129,SHANTELLE,20
1129,SIONED,20
1129,SUMAYYA,20
1129,TAHLIA,20
1129,TAMAR,20
1129,TASNIA,20
1129,TAYAH,20
1129,YASMEEN,20
1176,AAMNA,19
1176,AMANPREET,19
1176,AREEBA,19
1176,ATLANTA,19
1176,BELLE,19
1176,BEYONCE,19
1176,BROOKLYN,19
1176,CAROLINA,19
1176,CASSIA,19
1176,EISHA,19
1176,ELIF,19
1176,ELLIE-MARIE,19
1176,EMMA-LOUISE,19
1176,FAATIMAH,19
1176,GAIA,19
1176,GWEN,19
1176,HANIFAH,19
1176,HUMA,19
1176,INGRID,19
1176,JENNIE,19
1176,KEYA,19
1176,LETICIA,19
1176,LETITIA,19
1176,MAHEEN,19
1176,MAKAYLA,19
1176,MARIELLA,19
1176,MEHVISH,19
1176,MICA,19
1176,NEEVE,19
1176,NELLIE,19
1176,NUSRAT,19
1176,RANA,19
1176,REBEKKA,19
1176,RHIANNAN,19
1176,RIANNE,19
1176,RIDA,19
1176,RITA,19
1176,SUMAYAH,19
1176,TAHMINA,19
1176,TAMANNA,19
1176,TAMIA,19
1176,TASHA,19
1176,TEA,19
1176,THERESA,19
1176,TIARNA,19
1176,ZAHRAA,19
1176,ZAYNA,19
1176,ZENA,19
1224,ABIGAEL,18
1224,ALEAH,18
1224,AMISHA,18
1224,ASHLEA,18
1224,AVRIL,18
1224,AYAN,18
1224,BLISS,18
1224,CALLY,18
1224,CAPRICE,18
1224,DINA,18
1224,DONNA,18
1224,EILIDH,18
1224,ELLENOR,18
1224,EMILY-ROSE,18
1224,FENELLA,18
1224,HANAH,18
1224,HASNA,18
1224,JAIMEE,18
1224,JASLEEN,18
1224,JULIANA,18
1224,KHADEEJAH,18
1224,KIRI,18
1224,LORRAINE,18
1224,LUNA,18
1224,MADELYN,18
1224,MAHEK,18
1224,MARGOT,18
1224,MENNA,18
1224,NUHA,18
1224,NUR,18
1224,OPHELIA,18
1224,PHILLIPA,18
1224,PRISCILLA,18
1224,RHIA,18
1224,SARINA,18
1224,SHANAYA,18
1224,SOPHIE-LOUISE,18
1224,SURAIYA,18
1224,SYLVIA,18
1224,TAYBAH,18
1224,TERESA,18
1224,TRISHA,18
1224,VICKY,18
1224,ZERDA,18
1224,ZOHA,18
1269,AIMIE,17
1269,ALANIS,17
1269,ALIESHA,17
1269,ALIVIA,17
1269,ARIELLA,17
1269,ASHLEE,17
1269,AVNEET,17
1269,BAYLEIGH,17
1269,CARLIE,17
1269,CATARINA,17
1269,CATE,17
1269,CELINE,17
1269,CERISE,17
1269,CHANA,17
1269,CHRISTIANA,17
1269,CODI,17
1269,DALIA,17
1269,DANI,17
1269,DANIA,17
1269,DIONE,17
1269,ELORA,17
1269,GIULIA,17
1269,HANIFA,17
1269,HAWA,17
1269,IKRAM,17
1269,JAIMIE,17
1269,JERSEY,17
1269,JO,17
1269,JOELLE,17
1269,JOLENE,17
1269,KAITLAN,17
1269,KATYA,17
1269,KELCI,17
1269,KIANNA,17
1269,KIZZY,17
1269,LIYAH,17
1269,LORENA,17
1269,MAHAM,17
1269,MALAK,17
1269,NEELAM,17
1269,NIKKITA,17
1269,OCTAVIA,17
1269,PAULINE,17
1269,SADIYA,17
1269,SANJANA,17
1269,SEHAR,17
1269,SHANAE,17
1269,SHANI,17
1269,SHANTI,17
1269,TASLIMA,17
1269,TATE,17
1269,TATUM,17
1269,THEODORA,17
1269,WENDY,17
1269,YOLANDA,17
1269,ZAKIA,17
1325,AIESHA,16
1325,AMY-LOUISE,16
1325,ANEEQA,16
1325,ANUSHA,16
1325,ARZOO,16
1325,AUDREY,16
1325,BARBARA,16
1325,CARLEY,16
1325,CATALINA,16
1325,CECILY,16
1325,CHERISE,16
1325,CHERRY,16
1325,CICELY,16
1325,CLOE,16
1325,CRISTINA,16
1325,DAYNA,16
1325,DOROTHY,16
1325,ELLA-ROSE,16
1325,ELLICE,16
1325,ELLIEMAY,16
1325,EMILEE,16
1325,FINLAY,16
1325,GEORGIANA,16
1325,GWENLLIAN,16
1325,HAILEY,16
1325,ILAYDA,16
1325,INDIANNA,16
1325,ISIS,16
1325,KAISHA,16
1325,KATEY,16
1325,KEREN,16
1325,KHADIZA,16
1325,LIDIA,16
1325,LILLIE-MAE,16
1325,LORI,16
1325,MARCIE,16
1325,MASUMA,16
1325,MILAN,16
1325,MOLLI,16
1325,MONET,16
1325,MUSKAN,16
1325,NABILAH,16
1325,NUALA,16
1325,PAMELA,16
1325,PETRA,16
1325,PHEOBE,16
1325,REBEKA,16
1325,REMY,16
1325,RHEANNA,16
1325,SAIMAH,16
1325,SHAKIRAH,16
1325,SHANIQUE,16
1325,SIDNEY,16
1325,SIDRAH,16
1325,SILA,16
1325,TAMSYN,16
1325,TIRION,16
1325,VENUS,16
1383,AAISHAH,15
1383,AGATHA,15
1383,ALAA,15
1383,ALAINA,15
1383,ALLANA,15
1383,ALLANAH,15
1383,ALLIYAH,15
1383,AMANDEEP,15
1383,AMARAH,15
1383,ANNE-MARIE,15
1383,ANOUK,15
1383,ARIANNE,15
1383,AYSHAH,15
1383,BAYLEY,15
1383,BERNADETTE,15
1383,BETTY,15
1383,BISMA,15
1383,BISMAH,15
1383,BLYTHE,15
1383,CARMEL,15
1383,CHANTELL,15
1383,CHRISTABEL,15
1383,CLIO,15
1383,DAISY-MAE,15
1383,DAKOTA,15
1383,DELILAH,15
1383,DEMI-LEE,15
1383,DILAN,15
1383,EBONI,15
1383,EBONIE,15
1383,ELAINE,15
1383,ELISIA,15
1383,ELLICIA,15
1383,EMA,15
1383,EMILLIE,15
1383,FABIHA,15
1383,FEARNE,15
1383,GURLEEN,15
1383,GYPSY,15
1383,HAMNAH,15
1383,HEBA,15
1383,IQRAH,15
1383,IRENE,15
1383,ISADORA,15
1383,JANELLE,15
1383,JASMYN,15
1383,JAVINE,15
1383,JAZMYN,15
1383,KALI,15
1383,KARISHMA,15
1383,KASIA,15
1383,KELLIE,15
1383,KENZA,15
1383,KHIA,15
1383,LEELA,15
1383,LILIA,15
1383,LIZZIE,15
1383,LOWENNA,15
1383,MAARIA,15
1383,MADALEINE,15
1383,MANAL,15
1383,MANAR,15
1383,MARED,15
1383,MARY-KATE,15
1383,MAXINE,15
1383,MIKAELA,15
1383,MILENA,15
1383,MYFANWY,15
1383,NAFEESA,15
1383,NATHALIE,15
1383,POOJA,15
1383,RACHEAL,15
1383,RAE,15
1383,RAEESAH,15
1383,RAISA,15
1383,REEMA,15
1383,RENAE,15
1383,RIANA,15
1383,ROSALIE,15
1383,ROWENA,15
1383,ROXANNA,15
1383,RUMAYSA,15
1383,SARAH-LOUISE,15
1383,SELENA,15
1383,SIANA,15
1383,STACIE,15
1383,TAMIKA,15
1383,TEYA,15
1383,VALERIE,15
1472,ABIGALE,14
1472,AILISH,14
1472,AMINATA,14
1472,ANANYA,14
1472,ANEESHA,14
1472,ANMOL,14
1472,ANNELISE,14
1472,ANOUSKA,14
1472,ANUM,14
1472,ARIA,14
1472,ARYA,14
1472,AYMAN,14
1472,AZARIA,14
1472,BROOK,14
1472,CELINA,14
1472,CLARICE,14
1472,DANIKA,14
1472,DESIREE,14
1472,DIANE,14
1472,ELAINA,14
1472,EMAN,14
1472,EMMANUELLA,14
1472,ESRA,14
1472,GIORGIA,14
1472,GISELLE,14
1472,HAMDA,14
1472,HARLEIGH,14
1472,HAYLEIGH,14
1472,IDA,14
1472,ISABELL,14
1472,JASMINA,14
1472,JAY,14
1472,JOANA,14
1472,JONI,14
1472,KAELA,14
1472,KAILA,14
1472,KARYS,14
1472,KAYSHA,14
1472,KEARA,14
1472,KENDAL,14
1472,KERIS,14
1472,KHADEEJA,14
1472,LAUREL,14
1472,LILAH,14
1472,LOTTE,14
1472,LYLA,14
1472,MADALINE,14
1472,MARCIA,14
1472,MARIAMA,14
1472,MEENA,14
1472,MIRA,14
1472,MISSY,14
1472,MONA,14
1472,MUNIRA,14
1472,NABILA,14
1472,NADIYAH,14
1472,NIKHITA,14
1472,ORIANA,14
1472,PALOMA,14
1472,POLLYANNA,14
1472,PORSHA,14
1472,RACHELLE,14
1472,RAMISA,14
1472,RAYA,14
1472,REBECA,14
1472,RIMA,14
1472,ROSY,14
1472,SABAA,14
1472,SADAF,14
1472,SAFFA,14
1472,SALIHAH,14
1472,SHAH,14
1472,SHANNAN,14
1472,SHARMIN,14
1472,SHOSHANA,14
1472,SIWAN,14
1472,SUHA,14
1472,TANIYA,14
1472,UMA,14
1472,UMAIMAH,14
1552,AICHA,13
1552,AIMAN,13
1552,ANASTACIA,13
1552,ANNABELL,13
1552,AREESHA,13
1552,ARIBAH,13
1552,ASHLIE,13
1552,AURELIA,13
1552,BAYLEE,13
1552,CALISTA,13
1552,CARIS,13
1552,CAYLA,13
1552,CHLOE-MARIE,13
1552,CINDY,13
1552,COLETTE,13
1552,DELTA,13
1552,ELLEANOR,13
1552,ELLOISE,13
1552,ELYSSA,13
1552,EMINE,13
1552,EMMELINE,13
1552,FAE,13
1552,GILLIAN,13
1552,HAJAR,13
1552,HALEY,13
1552,HANNAN,13
1552,HAZAL,13
1552,HESTER,13
1552,INDIANA,13
1552,ISHANI,13
1552,ISRAA,13
1552,JAIDEN,13
1552,JANET,13
1552,JAYCEE,13
1552,JAYDE,13
1552,JORDANNA,13
1552,KAI,13
1552,KAROLINA,13
1552,KATELYNN,13
1552,KEELEIGH,13
1552,KENYA,13
1552,LATIFAH,13
1552,LEILAH,13
1552,LILLY-MAE,13
1552,LINDSAY,13
1552,LUBNA,13
1552,LUCIANA,13
1552,LYBA,13
1552,MALEEHAH,13
1552,MALKA,13
1552,MARIANNA,13
1552,MARIYAM,13
1552,MOMINA,13
1552,MONTANA,13
1552,MUMINAH,13
1552,ORLAGH,13
1552,PAGAN,13
1552,PARRIS,13
1552,RABIAH,13
1552,RAWAN,13
1552,ROBIN,13
1552,ROSALYN,13
1552,SALINA,13
1552,SANNAH,13
1552,SHANNA,13
1552,SHAZIA,13
1552,SHIRIN,13
1552,SHRIYA,13
1552,SIMRA,13
1552,STACY,13
1552,TALA,13
1552,TIAH,13
1552,TRACY,13
1552,YSABEL,13
1552,ZARINA,13
1552,ZEENAT,13
1628,AAKIFAH,12
1628,ADA,12
1628,ADELLE,12
1628,ADITI,12
1628,AHLAM,12
1628,ALISSIA,12
1628,AMENA,12
1628,ANIQAH,12
1628,ANNALISA,12
1628,ANTOINETTE,12
1628,AYOMIDE,12
1628,BEATRIZ,12
1628,BLAISE,12
1628,BONITA,12
1628,BUSE,12
1628,CHARLIZE,12
1628,CHERIE,12
1628,CHERYL,12
1628,CHIANA,12
1628,CHLOE-ANN,12
1628,CHRISTY,12
1628,CODEY,12
1628,CORTNEY,12
1628,DARIA,12
1628,DIVYA,12
1628,EDA,12
1628,EFA,12
1628,EFFIE,12
1628,EILISH,12
1628,ELENOR,12
1628,ELLA-MAY,12
1628,ELLANA,12
1628,ELLESHA,12
1628,ELLIE-,12
1628,EMMA-JANE,12
1628,FRAYA,12
1628,GURPREET,12
1628,HADIYA,12
1628,HADIYAH,12
1628,HAMDI,12
1628,HANSA,12
1628,HEENA,12
1628,IFRAH,12
1628,IZZIE,12
1628,JANNAH,12
1628,JEAN,12
1628,KAILEY,12
1628,KARLY,12
1628,KASSIE,12
1628,KAYLIE,12
1628,KEANNA,12
1628,KEELIE,12
1628,KIMRAN,12
1628,KIRSTIN,12
1628,LANEY,12
1628,LUCA,12
1628,MAIREAD,12
1628,MALAIKAH,12
1628,MARLA,12
1628,MARTINE,12
1628,MELINDA,12
1628,MERRYN,12
1628,MIA-ROSE,12
1628,MONIKA,12
1628,NAEEMA,12
1628,NASRIN,12
1628,NELLY,12
1628,NIOMI,12
1628,OREOLUWA,12
1628,PAYTON,12
1628,PEGGY,12
1628,RAPHAELLA,12
1628,ROMANA,12
1628,ROSEMARIE,12
1628,RUMANA,12
1628,SAARA,12
1628,SAMAR,12
1628,SELMA,12
1628,SHALOM,12
1628,SHANTEL,12
1628,SHEILA,12
1628,SURANNE,12
1628,TALYA,12
1628,TEONI,12
1628,TERI,12
1628,TESNI,12
1628,TIGER,12
1628,VIVIAN,12
1628,YARA,12
1628,YVONNE,12
1628,ZAKIYA,12
1628,ZENAB,12
1628,ZOBIA,12
1628,ZULEKHA,12
1722,AALIA,11
1722,ABBYGAIL,11
1722,ADNA,11
1722,ADRIANNA,11
1722,AFREEN,11
1722,AIDA,11
1722,AISLINN,11
1722,ALANYA,11
1722,ALAYNA,11
1722,ALENA,11
1722,ALLEGRA,11
1722,ALYSHIA,11
1722,AMARIS,11
1722,AMBERLEY,11
1722,AMEENAH,11
1722,AMMARA,11
1722,ANJUMA,11
1722,ANNELIESE,11
1722,CAILIN,11
1722,CAROL,11
1722,CERIS,11
1722,CHANELL,11
1722,CHARITY,11
1722,CLODAGH,11
1722,COLLEEN,11
1722,CORINNE,11
1722,DARA,11
1722,DEANNE,11
1722,DELPHINE,11
1722,DONYA,11
1722,ELAN,11
1722,ELYSHA,11
1722,EMER,11
1722,EMERALD,11
1722,GABRIELE,11
1722,GIOVANNA,11
1722,GURSIMRAN,11
1722,HABEEBAH,11
1722,HAMNA,11
1722,HANEEN,11
1722,HARLIE,11
1722,HAYAT,11
1722,INDIE,11
1722,INDYA,11
1722,INSHA,11
1722,JANEY,11
1722,JANICE,11
1722,JAYMIE,11
1722,JENIFER,11
1722,JENNI,11
1722,JESSIKA,11
1722,JORDANA,11
1722,JUDITH,11
1722,KAIRA,11
1722,KALISHA,11
1722,KARIMA,11
1722,KATIE-ANN,11
1722,KESIA,11
1722,KIZZIE,11
1722,KLEA,11
1722,KRISTIN,11
1722,KYM,11
1722,LAINEY,11
1722,LARNA,11
1722,LATOYA,11
1722,LIANNA,11
1722,LISA-MARIE,11
1722,LIZA,11
1722,MADEEHA,11
1722,MAEGAN,11
1722,MAHIRA,11
1722,MARA,11
1722,MARIUM,11
1722,MARTA,11
1722,MILLIE-MAE,11
1722,MYRA,11
1722,NABIHAH,11
1722,NADIRA,11
1722,NAZAR,11
1722,NIAH,11
1722,NYA,11
1722,OTTILIE,11
1722,PAGE,11
1722,PAULINA,11
1722,PERSIA,11
1722,PRIMROSE,11
1722,RADHIKA,11
1722,RAEGAN,11
1722,RAFIA,11
1722,RAQUEL,11
1722,RHIANN,11
1722,RIVKA,11
1722,SABIHAH,11
1722,SAFAA,11
1722,SANYA,11
1722,SHAHAD,11
1722,SHAHANA,11
1722,SHAINA,11
1722,SHALINI,11
1722,SHANADE,11
1722,SHANEL,11
1722,SHANIYA,11
1722,SHAWNA,11
1722,SHEREEN,11
1722,SOBIA,11
1722,SUKHMANI,11
1722,SUMEYA,11
1722,SURAYA,11
1722,SUSIE,11
1722,SUZIE,11
1722,SYDNEE,11
1722,TAHIYA,11
1722,TAI,11
1722,TALIYAH,11
1722,TANIKA,11
1722,TEAH,11
1722,TEHYA,11
1722,TEMILOLUWA,11
1722,WINIFRED,11
1722,ZOFIA,11
1722,ZOHRA,11
1843,AANYA,10
1843,ADIBA,10
1843,ADRIENNE,10
1843,AIZA,10
1843,ALEEMA,10
1843,ALLY,10
1843,AMARACHI,10
1843,AMEERAH,10
1843,ANABELLE,10
1843,ARIELLE,10
1843,ARISHA,10
1843,ARWA,10
1843,ASHER,10
1843,ATIYYAH,10
1843,AVANI,10
1843,AZRA,10
1843,BAILEE,10
1843,CALLI,10
1843,CARI,10
1843,CASIE,10
1843,CEIRA,10
1843,CEREN,10
1843,CHANICE,10
1843,CLARISSE,10
1843,COLLETTE,10
1843,CORALIE,10
1843,DAMINI,10
1843,DAPHNE,10
1843,DEENA,10
1843,DEMILEIGH,10
1843,DENNI,10
1843,DERYN,10
1843,DEVINA,10
1843,ELIA,10
1843,ELLIEMAE,10
1843,EMI,10
1843,EMILY-JANE,10
1843,EMILY-JAYNE,10
1843,EMILY-MAY,10
1843,EMMANUELA,10
1843,ESTER,10
1843,EVELINA,10
1843,FADUMA,10
1843,FERNE,10
1843,FLORRIE,10
1843,FRANCHESCA,10
1843,GENEVA,10
1843,GERALDINE,10
1843,GIA,10
1843,GITTEL,10
1843,HAFZA,10
1843,HANAAN,10
1843,HANIA,10
1843,HANIAH,10
1843,HAVANA,10
1843,HELOISE,10
1843,IDIL,10
1843,ILHAN,10
1843,JADZIA,10
1843,JAMIE-LEA,10
1843,JASMEEN,10
1843,JAYE,10
1843,JAYNA,10
1843,JULIANNE,10
1843,JUMANAH,10
1843,KACEY-LEIGH,10
1843,KADY,10
1843,KAMILA,10
1843,KASIE,10
1843,KATELAN,10
1843,KATIE-LEIGH,10
1843,KAVITA,10
1843,KAYCEE,10
1843,KEERA,10
1843,KIAYA,10
1843,KODI,10
1843,KRISHNA,10
1843,KULSUM,10
1843,KYAH,10
1843,LIAH,10
1843,LILITH,10
1843,LINDSEY,10
1843,LLINOS,10
1843,LORETTA,10
1843,LUCHIA,10
1843,LUCILLE,10
1843,LUIZA,10
1843,LULA,10
1843,LYRA,10
1843,MABLI,10
1843,MADALYN,10
1843,MADDI,10
1843,MAGDALENA,10
1843,MARILYN,10
1843,MARLIE,10
1843,MARWAH,10
1843,MARYAMA,10
1843,MAUD,10
1843,MAYESHA,10
1843,MELINA,10
1843,MELODIE,10
1843,MICHA,10
1843,NABEELA,10
1843,NAFISAH,10
1843,NAILAH,10
1843,NEIVE,10
1843,NOUR,10
1843,RAHEEMA,10
1843,REAGAN,10
1843,REENA,10
1843,REGINA,10
1843,RIAH,10
1843,RIHANA,10
1843,RUBI,10
1843,RUQAIYAH,10
1843,SALEHA,10
1843,SALIHA,10
1843,SALIMA,10
1843,SANJIDA,10
1843,SAVERA,10
1843,SEHER,10
1843,SEPHORA,10
1843,SHAE,10
1843,SHAKILA,10
1843,SHANAI,10
1843,SHANNAH,10
1843,SHANNEN,10
1843,SHIRA,10
1843,SHIREEN,10
1843,SHOLA,10
1843,SHYANNE,10
1843,SNEHA,10
1843,SOPHY,10
1843,SUDE,10
1843,SUNDUS,10
1843,TABASSUM,10
1843,TALISHA,10
1843,TASNIMA,10
1843,TEMITOPE,10
1843,TIA-LOUISE,10
1843,TILDA,10
1843,UMAYMAH,10
1843,UMME,10
1843,VIKKI,10
1843,VIVIENNE,10
1843,WAFA,10
1843,YAGMUR,10
1843,YANA,10
1843,YASMINA,10
1843,ZEBA,10
1843,ZEHRA,10
1843,ZEINAB,10
1843,ZELAL,10
1996,AASIYA,9
1996,ABBIE-LEIGH,9
1996,AILEEN,9
1996,AIMA,9
1996,AIYSHA,9
1996,AKSA,9
1996,ALARNA,9
1996,ALBA,9
1996,ALECIA,9
1996,ALEIGHA,9
1996,ALESHIA,9
1996,ALETHEA,9
1996,ALMAS,9
1996,ALYA,9
1996,ALYCIA,9
1996,AMANA,9
1996,AMATULLAH,9
1996,AMBA,9
1996,AMILIA,9
1996,ANALISE,9
1996,ANNMARIE,9
1996,ARIBA,9
1996,ASIYAH,9
1996,AYLIN,9
1996,AYRA,9
1996,AZIZA,9
1996,BETHIA,9
1996,BLUEBELL,9
1996,BONNY,9
1996,BRENDA,9
1996,BRYDIE,9
1996,CAITLAIN,9
1996,CARLOTTA,9
1996,CASEY-LEE,9
1996,CATERINA,9
1996,CATRINA,9
1996,CEARA,9
1996,CHARDONAY,9
1996,CHLOE-LOUISE,9
1996,CHRISSIE,9
1996,COURTNIE,9
1996,DAISY-MAY,9
1996,DANNII,9
1996,DEBBIE,9
1996,DELANEY,9
1996,DELINA,9
1996,DELLA,9
1996,DELPHI,9
1996,DEMIE,9
1996,DIOR,9
1996,DORCAS,9
1996,EILIS,9
1996,ELISHEVA,9
1996,ELISHIA,9
1996,ELLE-LOUISE,9
1996,ELLIE-ANN,9
1996,ESTELLA,9
1996,EUNICE,9
1996,FIZAH,9
1996,FIZZAH,9
1996,FLAVIA,9
1996,GEENA,9
1996,HADASSAH,9
1996,HARVEEN,9
1996,HATICE,9
1996,HILARY,9
1996,HONOUR,9
1996,HUMAYRAH,9
1996,IFEOLUWA,9
1996,ILHAM,9
1996,IMANE,9
1996,ISHBEL,9
1996,ISMAH,9
1996,JAIA,9
1996,JAIYA,9
1996,JAMELIA,9
1996,JASKIRAN,9
1996,JAVERIA,9
1996,JAWERIA,9
1996,JAYME,9
1996,JENNAH,9
1996,JODIE-LEIGH,9
1996,KAINAT,9
1996,KALEY,9
1996,KAMILAH,9
1996,KARLI,9
1996,KATIA,9
1996,KATIE-JANE,9
1996,KAYTLIN,9
1996,KEIGHLEY,9
1996,KERA,9
1996,KHLOE,9
1996,KIARNA,9
1996,KIKI,9
1996,KINZA,9
1996,KIRANDEEP,9
1996,KLAUDIA,9
1996,KYLAH,9
1996,LACY,9
1996,LEANDRA,9
1996,LEONORA,9
1996,LESLEY,9
1996,LILYMAY,9
1996,LOVEDAY,9
1996,LUCY-MAY,9
1996,MAIR,9
1996,MAIZY,9
1996,MANAHIL,9
1996,MANSI,9
1996,MARIAN,9
1996,MARLEE,9
1996,MEAGAN,9
1996,MEAH,9
1996,MELIKA,9
1996,MIKA,9
1996,MINNA,9
1996,MIRREN,9
1996,MOHIMA,9
1996,MORGANE,9
1996,NADIRAH,9
1996,NAHIDA,9
1996,NAHIMA,9
1996,NAILA,9
1996,NAINA,9
1996,NASRA,9
1996,NASREEN,9
1996,NATACHA,9
1996,NATHANIA,9
1996,NAYAB,9
1996,NICHOLA,9
1996,NIDHI,9
1996,NISA,9
1996,NOA,9
1996,NUSAYBAH,9
1996,OLGA,9
1996,OLIVIA-ROSE,9
1996,PANASHE,9
1996,PORSCHA,9
1996,QUDSIA,9
1996,RAMANDEEP,9
1996,RAMISHA,9
1996,RANI,9
1996,RHONA,9
1996,ROMINA,9
1996,RONNI,9
1996,ROSEANNE,9
1996,ROZERIN,9
1996,RUKHSAR,9
1996,SABRIN,9
1996,SAIBA,9
1996,SAIRAH,9
1996,SAJIDA,9
1996,SANDY,9
1996,SANIYAH,9
1996,SANJIDAH,9
1996,SAPHRON,9
1996,SAREENA,9
1996,SAVANAH,9
1996,SERINA,9
1996,SHAI,9
1996,SHAYMA,9
1996,SHEKINAH,9
1996,SHELLY,9
1996,SHIANN,9
1996,SHIANNE,9
1996,SHYANN,9
1996,SIMA,9
1996,SIMRUN,9
1996,SKYLAR,9
1996,STARR,9
1996,SUAD,9
1996,SUKI,9
1996,TAHSIN,9
1996,TAILA,9
1996,TAIYA,9
1996,TALULLA,9
1996,TAMZYN,9
1996,TANESHA,9
1996,TANITH,9
1996,TANVI,9
1996,TANZEELA,9
1996,TEGEN,9
1996,TEHREEM,9
1996,TILLEY,9
1996,TOBY,9
1996,UNAISAH,9
1996,VIRGINIA,9
1996,WAHIDA,9
1996,WILLA,9
1996,WINNIE,9
1996,YU,9
1996,YVETTE,9
1996,ZAIRA,9
1996,ZAKIYAH,9
1996,ZUNAIRA,9
2191,AALIYHA,8
2191,ADELINA,8
2191,AFIA,8
2191,AIMEE-LEIGH,8
2191,AKIRA,8
2191,AKSHAYA,8
2191,ALANTA,8
2191,ALEASHA,8
2191,ALEEHA,8
2191,ALEXI,8
2191,ALEYSHA,8
2191,ALISHAH,8
2191,ALISIA,8
2191,AMEL,8
2191,AMERA,8
2191,AMIYA,8
2191,AMNAH,8
2191,AMY-LEIGH,8
2191,ANDIE,8
2191,ANI,8
2191,ANIELA,8
2191,ANISSA,8
2191,ANJOLAOLUWA,8
2191,ANNEKA,8
2191,ANTONELLA,8
2191,ARAMINTA,8
2191,AREEJ,8
2191,ARIANE,8
2191,AYANA,8
2191,AYUSHI,8
2191,BAHAR,8
2191,BATOOL,8
2191,BERNICE,8
2191,BEYZA,8
2191,BRADIE,8
2191,BRIA,8
2191,BRYANNA,8
2191,CARIAD,8
2191,CARISSA,8
2191,CEYLAN,8
2191,CHANNEL,8
2191,CHARLIE-ANN,8
2191,CHENILLE,8
2191,CHRYSTAL,8
2191,CHYANNE,8
2191,CIERA,8
2191,CLIONA,8
2191,COREY,8
2191,CORINNA,8
2191,COSIMA,8
2191,COURTNEY-LEIGH,8
2191,CRESSIDA,8
2191,D'ARCY,8
2191,DANISHA,8
2191,DAYA,8
2191,DEEYA,8
2191,DEMI-LEA,8
2191,DEMILEE,8
2191,DENISA,8
2191,DEVORAH,8
2191,DORA,8
2191,DUHA,8
2191,DYLAN,8
2191,EDNA,8
2191,ELEANA,8
2191,ELISSE,8
2191,ELISSIA,8
2191,ELIZ,8
2191,ELLE-MAY,8
2191,ELLEE,8
2191,ELLIA,8
2191,ELLIE-JO,8
2191,ESMA,8
2191,EUGENIE,8
2191,EVI,8
2191,EVY,8
2191,FAAIZAH,8
2191,FABIENNE,8
2191,FALAK,8
2191,FARIA,8
2191,FATOU,8
2191,FATOUMATA,8
2191,FFLUR,8
2191,FOLASADE,8
2191,GENNA,8
2191,GWENNAN,8
2191,HAMIDA,8
2191,HANIYA,8
2191,HANIYAH,8
2191,HARSIMRAN,8
2191,HAZERA,8
2191,HELEDD,8
2191,HELENE,8
2191,HEMA,8
2191,HENA,8
2191,HIBBA,8
2191,HUMNA,8
2191,IESHA,8
2191,IKRAN,8
2191,INDI,8
2191,INEZ,8
2191,ISHITA,8
2191,ISHRAT,8
2191,IVANA,8
2191,IZZA,8
2191,JACINTA,8
2191,JAI,8
2191,JAIDA,8
2191,JOCASTA,8
2191,JULIANNA,8
2191,JUWAIRIYYAH,8
2191,KACI-LEIGH,8
2191,KADI,8
2191,KADIJA,8
2191,KAINAAT,8
2191,KALIYAH,8
2191,KALLIE,8
2191,KATJA,8
2191,KAUTHAR,8
2191,KEA,8
2191,KEAVY,8
2191,KELSY,8
2191,KHANSA,8
2191,KIESHA,8
2191,KRISTINE,8
2191,KRISTY,8
2191,LAIBAH,8
2191,LAILAH,8
2191,LATIFA,8
2191,LEANN,8
2191,LEEZA,8
2191,LEISHA,8
2191,LILLY-MAY,8
2191,LILY-ANNE,8
2191,LINZI,8
2191,LITA,8
2191,LIYA,8
2191,LLIO,8
2191,LORA,8
2191,LUANA,8
2191,LUELLA,8
2191,MAAME,8
2191,MACI,8
2191,MADALAINE,8
2191,MADELIN,8
2191,MAIJA,8
2191,MAIRA,8
2191,MAKEDA,8
2191,MANDEEP,8
2191,MANDY,8
2191,MANUELA,8
2191,MARIKA,8
2191,MARY-JANE,8
2191,MARY-JAYNE,8
2191,MARYA,8
2191,MARYAN,8
2191,MARYUM,8
2191,MEGHA,8
2191,MEI,8
2191,MELIA,8
2191,MELLISSA,8
2191,MERCY,8
2191,MERVE,8
2191,MERYEM,8
2191,MICHAELLA,8
2191,MISBA,8
2191,MOLLY-MAY,8
2191,MYIA,8
2191,NABIHA,8
2191,NAVNEET,8
2191,NAZISH,8
2191,NAZLI,8
2191,NICHOLE,8
2191,NICOL,8
2191,NIKOLA,8
2191,NIYA,8
2191,NOSHIN,8
2191,NYASHA,8
2191,OLLIE,8
2191,OZLEM,8
2191,PAOLA,8
2191,PARISA,8
2191,PATSY,8
2191,PAVAN,8
2191,PHILLIPPA,8
2191,PUJA,8
2191,RAMLA,8
2191,RASHIDA,8
2191,REEGAN,8
2191,REHANA,8
2191,RENE,8
2191,RHYANNA,8
2191,RIMSHAH,8
2191,RISHA,8
2191,ROXANA,8
2191,RUBINA,8
2191,RUTENDO,8
2191,SABHA,8
2191,SAGAL,8
2191,SAM,8
2191,SAMA,8
2191,SAMAN,8
2191,SAMERA,8
2191,SANAM,8
2191,SAPHIA,8
2191,SAUDAH,8
2191,SERINE,8
2191,SHABNAM,8
2191,SHAMA,8
2191,SHAMSA,8
2191,SHANIE,8
2191,SHAREEN,8
2191,SHAUNNA,8
2191,SHAY,8
2191,SHAYLEIGH,8
2191,SHELBIE,8
2191,SHIFA,8
2191,SHRUTI,8
2191,SIBEL,8
2191,SIMONA,8
2191,SIMRAH,8
2191,SIYA,8
2191,SOMER,8
2191,SONA,8
2191,SONYA,8
2191,SUNNY,8
2191,TAIBAH,8
2191,TAINA,8
2191,TALULA,8
2191,TANJINA,8
2191,TAYLAH,8
2191,TENISHA,8
2191,TIGERLILY,8
2191,TILLI,8
2191,TIYA,8
2191,TRACEY,8
2191,UNA,8
2191,UNIQUE,8
2191,XARA,8
2191,XENA,8
2191,YAEL,8
2191,ZARIN,8
2191,ZILAN,8
2191,ZOEY,8
2191,ZOYAH,8
2436,AAMENAH,7
2436,AAMIRAH,7
2436,AASIYAH,7
2436,ABBIEGAIL,7
2436,ABEER,7
2436,ABENA,7
2436,ABINAYA,7
2436,ABYGAIL,7
2436,ADAMA,7
2436,ADEEBA,7
2436,ADENIKE,7
2436,AFEEFAH,7
2436,AFUA,7
2436,AILIS,7
2436,AKUA,7
2436,ALEEYAH,7
2436,ALIAH,7
2436,ALYX,7
2436,AMAAL,7
2436,AMIA,7
2436,AMILAH,7
2436,AMITY,7
2436,AMRAN,7
2436,ANGELIQUE,7
2436,ANJALEE,7
2436,ANJUM,7
2436,ANNA-MARIA,7
2436,ANNA-MARIE,7
2436,ANNETTE,7
2436,ANNIE-MAY,7
2436,ANNIS,7
2436,ANNYA,7
2436,AREEBAH,7
2436,AROOSA,7
2436,ASYA,7
2436,ATHENE,7
2436,AVALON,7
2436,AWO,7
2436,AYANNA,7
2436,AYESHAH,7
2436,BEA,7
2436,BEBE,7
2436,BETHANI,7
2436,BLOSSOM,7
2436,BRANWEN,7
2436,BREE,7
2436,BRENNA,7
2436,CAIT,7
2436,CARRIS,7
2436,CECELIA,7
2436,CECILE,7
2436,CERIAN,7
2436,CHANNELLE,7
2436,CHANTAE,7
2436,CHARISMA,7
2436,CHARLEA,7
2436,CHERISH,7
2436,CLEA,7
2436,CLEOPATRA,7
2436,CORNELIA,7
2436,CORRINA,7
2436,CYNTHIA,7
2436,DAMARIS,7
2436,DANYA,7
2436,DEE,7
2436,DELYTH,7
2436,DENA,7
2436,DENIZ,7
2436,DEVIKA,7
2436,DIAZ,7
2436,DUA,7
2436,DUAA,7
2436,EADIE,7
2436,EBONEY,7
2436,EDONA,7
2436,EKATERINA,7
2436,ELAIN,7
2436,ELEISHA,7
2436,ELIVIA,7
2436,ELLE-MAE,7
2436,ELLI-MAE,7
2436,ELLIE-ANNE,7
2436,ELLIE-GRACE,7
2436,ELLIW,7
2436,ELLORA,7
2436,ELLYS,7
2436,ELVIE,7
2436,EMILLY,7
2436,EMMANUELLE,7
2436,ERA,7
2436,ERINA,7
2436,FABBIHA,7
2436,FALAQ,7
2436,FARIDA,7
2436,FARIHAH,7
2436,FARJANA,7
2436,FATEHA,7
2436,FIFI,7
2436,FIONNUALA,7
2436,FIZZA,7
2436,FRANCISCA,7
2436,GABY,7
2436,GAURI,7
2436,HAADIYAH,7
2436,HAF,7
2436,HARISA,7
2436,HARMONIE,7
2436,HASEENA,7
2436,HATTY,7
2436,HAWWA,7
2436,HOLLIE-MAE,7
2436,IBTISAM,7
2436,IFRA,7
2436,IKRAH,7
2436,IOLA,7
2436,IREM,7
2436,IZOBEL,7
2436,JADYN,7
2436,JAMEELAH,7
2436,JANNA,7
2436,JANNATH,7
2436,JASMEET,7
2436,JAYDENE,7
2436,JAYMEE,7
2436,JEANNIE,7
2436,JENAE,7
2436,JIA,7
2436,JOAN,7
2436,JODIE-LEE,7
2436,JUMAIMAH,7
2436,JUSTICE,7
2436,JUWAIRIYAH,7
2436,KAJAL,7
2436,KAREEMA,7
2436,KARIMAH,7
2436,KARLIE,7
2436,KARRIS,7
2436,KATALINA,7
2436,KATIE-MARIE,7
2436,KAYCI,7
2436,KAYCIE,7
2436,KAYTLYN,7
2436,KELCEY,7
2436,KELCIE,7
2436,KERENZA,7
2436,KERYN,7
2436,KRISHA,7
2436,KRISTA,7
2436,KYMBERLEY,7
2436,LADY,7
2436,LAINA,7
2436,LATIA,7
2436,LEALA,7
2436,LEONNIE,7
2436,LEXUS,7
2436,LILLI-MAE,7
2436,LILY-ELLA,7
2436,LOURDES,7
2436,LOWENA,7
2436,LUKA,7
2436,LYBAH,7
2436,MAARYA,7
2436,MADELENE,7
2436,MADISSON,7
2436,MALA,7
2436,MALKY,7
2436,MALYKA,7
2436,MARLENE,7
2436,MARLY,7
2436,MARYANN,7
2436,MAUREEN,7
2436,MAYAH,7
2436,MAYMUNA,7
2436,MAYSA,7
2436,MEDINA,7
2436,MELIKE,7
2436,MELIS,7
2436,MENA,7
2436,MERIAM,7
2436,MINAHIL,7
2436,MIRACLE,7
2436,MIRI,7
2436,MITZI,7
2436,MONISHA,7
2436,MORGEN,7
2436,MUNEEBAH,7
2436,MUQADDAS,7
2436,MYLA,7
2436,NADYA,7
2436,NAKITA,7
2436,NATASCHA,7
2436,NAZMIN,7
2436,NAZNEEN,7
2436,NDEY,7
2436,NECHAMA,7
2436,NEL,7
2436,NENEH,7
2436,NERYS,7
2436,NIKISHA,7
2436,NILA,7
2436,NURA,7
2436,NYREE,7
2436,NYSSA,7
2436,OLUWADAMILOLA,7
2436,OLUWASEYI,7
2436,OMOLOLA,7
2436,OPAL,7
2436,ORLAITH,7
2436,PASCHA,7
2436,PERDITA,7
2436,PERSEPHONE,7
2436,POPPI,7
2436,PRUDENCE,7
2436,QUINN,7
2436,RAMNEEK,7
2436,RASHMI,7
2436,RAZAN,7
2436,REAH,7
2436,RESHMA,7
2436,RHEANNE,7
2436,RIANN,7
2436,RIANNON,7
2436,RINA,7
2436,RINESA,7
2436,ROCHEL,7
2436,ROJDA,7
2436,ROMANI,7
2436,RONI,7
2436,ROSAMUND,7
2436,ROSIE-MAY,7
2436,RUMAISA,7
2436,SAALIHAH,7
2436,SAFINA,7
2436,SAHER,7
2436,SAHIRA,7
2436,SAIDA,7
2436,SAMANTA,7
2436,SAMEEAH,7
2436,SARAN,7
2436,SARRA,7
2436,SASCHA,7
2436,SAWDAH,7
2436,SENA,7
2436,SHABANA,7
2436,SHAHD,7
2436,SHANAZ,7
2436,SHANIKA,7
2436,SHANNAY,7
2436,SHANON,7
2436,SHANTAE,7
2436,SHARLA,7
2436,SHAYE,7
2436,SHEENA,7
2436,SHREEYA,7
2436,SHYLA,7
2436,SIHAM,7
2436,SIMRANJIT,7
2436,SINEM,7
2436,SOPHIE-LEIGH,7
2436,SUHANA,7
2436,SUMMA,7
2436,SYDNIE,7
2436,TABETHA,7
2436,TAIBA,7
2436,TAKARA,7
2436,TALI,7
2436,TAMZEN,7
2436,TANSY,7
2436,TANZILA,7
2436,TANZIM,7
2436,TAYYIBA,7
2436,TIYANA,7
2436,TONI-LEIGH,7
2436,TRENYCE,7
2436,TYANNA,7
2436,UROOJ,7
2436,URVI,7
2436,VAISHALI,7
2436,VALERIA,7
2436,VIKTORIA,7
2436,XENIA,7
2436,YAZMINE,7
2436,YELENA,7
2436,YING,7
2436,YOUSRA,7
2436,YVIE,7
2436,ZAINEB,7
2436,ZAYBA,7
2436,ZHANE,7
2436,ZIA,7
2436,ZULAIKHA,7
2727,A'ISHAH,6
2727,AAFREEN,6
2727,AAINA,6
2727,AAMENA,6
2727,ABIDAH,6
2727,ABISOLA,6
2727,ACELYA,6
2727,ADAEZE,6
2727,ADERINSOLA,6
2727,AFIFAH,6
2727,AIMEN,6
2727,ALAW,6
2727,ALBANY,6
2727,ALEJANDRA,6
2727,ALEKSANDRA,6
2727,ALIS,6
2727,ALIYYAH,6
2727,ALMA,6
2727,AMA,6
2727,AMAANI,6
2727,AMALA,6
2727,AMANDINE,6
2727,AMEALIA,6
2727,AMELIA-ROSE,6
2727,AMELLIA,6
2727,AMREEN,6
2727,AMY-ROSE,6
2727,AMYE,6
2727,ANDREIA,6
2727,ANESU,6
2727,ANGELINE,6
2727,ANGIE,6
2727,ANISE,6
2727,ANTHEA,6
2727,ASHANI,6
2727,ASHNA,6
2727,ATHINA,6
2727,ATIYAH,6
2727,AVNI,6
2727,AZIZAH,6
2727,BERIVAN,6
2727,BETHANEY,6
2727,BILLIE-JEAN,6
2727,BOBBY,6
2727,BRYONIE,6
2727,CAGLA,6
2727,CALLISTA,6
2727,CANDACE,6
2727,CARAGH,6
2727,CARENZA,6
2727,CARRERA,6
2727,CASEY-LEIGH,6
2727,CATELIN,6
2727,CHANI,6
2727,CHANNON,6
2727,CHANTAI,6
2727,CHANTAY,6
2727,CHARISSE,6
2727,CHELSI,6
2727,CHIAMAKA,6
2727,CHLOE-,6
2727,CHLOE-ANNE,6
2727,CHRISTELLE,6
2727,CORINA,6
2727,CORRIE,6
2727,DAINA,6
2727,DANAH,6
2727,DANITA,6
2727,DAVEENA,6
2727,DAVINIA,6
2727,DELIA,6
2727,DESTINEE,6
2727,DILPREET,6
2727,DISHA,6
2727,DIXIE,6
2727,DOLCIE,6
2727,DOMINICA,6
2727,EEMAN,6
2727,ELEANORA,6
2727,ELEONORA,6
2727,ELESHA,6
2727,ELFIE,6
2727,ELKIE,6
2727,ELLA-MARIE,6
2727,ELLESE,6
2727,ELLIANNA,6
2727,ELSBETH,6
2727,EMANUELA,6
2727,EMELIE,6
2727,EMILIJA,6
2727,EMILY-LOUISE,6
2727,EMMA-LEIGH,6
2727,EMMA-ROSE,6
2727,ENIOLA,6
2727,ETIENNE,6
2727,EVALYN,6
2727,FABIA,6
2727,FAHEEMA,6
2727,FARHA,6
2727,FARHEEN,6
2727,FELICIA,6
2727,FOZIA,6
2727,FRANCINE,6
2727,FRIDA,6
2727,GISELE,6
2727,GITTY,6
2727,GRAINNE,6
2727,GURKIRAN,6
2727,GWYNETH,6
2727,HAADIYA,6
2727,HAAJIRAH,6
2727,HADIA,6
2727,HAILIE-JADE,6
2727,HAJARA,6
2727,HAJERA,6
2727,HALA,6
2727,HALEENA,6
2727,HAMIMA,6
2727,HANI,6
2727,HARINI,6
2727,HETTIE,6
2727,HETTY,6
2727,HIBAQ,6
2727,HIFSA,6
2727,HIFZA,6
2727,HIND,6
2727,HOLLY-ANNE,6
2727,HOLLY-MARIE,6
2727,HUMAIRAH,6
2727,HUMERAH,6
2727,IFFAH,6
2727,ILARIA,6
2727,ILMA,6
2727,ILONA,6
2727,IMARNI,6
2727,INA,6
2727,INDRA,6
2727,IONE,6
2727,ISATOU,6
2727,ISMAY,6
2727,ITALIA,6
2727,IZZAH,6
2727,JACINDA,6
2727,JAMILAH,6
2727,JANAE,6
2727,JANIE,6
2727,JAZZ,6
2727,JEANETTE,6
2727,JENISHA,6
2727,JESIKA,6
2727,JEWEL,6
2727,JEYDA,6
2727,JILLIAN,6
2727,JOELLA,6
2727,JORDON,6
2727,JORGIA,6
2727,KAJOL,6
2727,KALLI,6
2727,KARAM,6
2727,KARENZA,6
2727,KASSANDRA,6
2727,KATIE-MAE,6
2727,KATIE-MAY,6
2727,KATLIN,6
2727,KAWTHAR,6
2727,KC,6
2727,KEESHA,6
2727,KEEVA,6
2727,KEMI,6
2727,KENDALL,6
2727,KENZI,6
2727,KERI,6
2727,KERRI-ANN,6
2727,KERRY-ANNE,6
2727,KETSIA,6
2727,KEYLEIGH,6
2727,KHALISAH,6
2727,KIONA,6
2727,KIREN,6
2727,KIYAH,6
2727,KORI,6
2727,KYANNA,6
2727,LAMEES,6
2727,LAYLAH,6
2727,LEAH-MARIE,6
2727,LEIGH-ANN,6
2727,LEXY,6
2727,LIAN,6
2727,LIANNE,6
2727,LIARNA,6
2727,LILLA,6
2727,LILLIANA,6
2727,LILY-MAI,6
2727,LILYELLA,6
2727,LIV,6
2727,LOTTI,6
2727,LOU,6
2727,LOUISHA,6
2727,LUCY-ANN,6
2727,LYNDSEY,6
2727,MADEHA,6
2727,MADINA,6
2727,MADYSON,6
2727,MAGENTA,6
2727,MAHFUZA,6
2727,MAHUM,6
2727,MAIRI,6
2727,MAIZEY,6
2727,MALEEKA,6
2727,MALIA,6
2727,MALLIKA,6
2727,MAMIE,6
2727,MANAAL,6
2727,MARGUERITE,6
2727,MARINE,6
2727,MARION,6
2727,MARYANNE,6
2727,MASIE,6
2727,MATILDE,6
2727,MATTEA,6
2727,MELITA,6
2727,MELLISA,6
2727,MELVINA,6
2727,MICAELA,6
2727,MICAH,6
2727,MICHAL,6
2727,MICHELE,6
2727,MILANA,6
2727,MISHAL,6
2727,MOLLIE-MAE,6
2727,MOLLY-ANNE,6
2727,MOLLY-ROSE,6
2727,MOYA,6
2727,MUNTAHA,6
2727,MYESHA,6
2727,NABEEHA,6
2727,NABEELAH,6
2727,NADIYA,6
2727,NADJA,6
2727,NAIA,6
2727,NAIYA,6
2727,NAJWA,6
2727,NASIMA,6
2727,NATANIA,6
2727,NAVDEEP,6
2727,NAVJOT,6
2727,NAWAAL,6
2727,NAYANA,6
2727,NEDA,6
2727,NIKI,6
2727,NIMO,6
2727,NIRVANA,6
2727,NIYAH,6
2727,NOORA,6
2727,NUSAYBA,6
2727,OLA,6
2727,OLAMIDE,6
2727,OMOLARA,6
2727,OONAGH,6
2727,ORLANDA,6
2727,OYINDAMOLA,6
2727,PARI,6
2727,PARISE,6
2727,PARYS,6
2727,PATIENCE,6
2727,PAYAL,6
2727,PEYTON,6
2727,PORSCHE,6
2727,PREETI,6
2727,PRESLEY,6
2727,QUEENIE,6
2727,RAEESA,6
2727,RAFAELA,6
2727,RAHEEMAH,6
2727,RAMEESAH,6
2727,RAMONA,6
2727,RAYNA,6
2727,REECE,6
2727,REMA,6
2727,REYHAN,6
2727,REZWANA,6
2727,RHODA,6
2727,RIDHA,6
2727,RIFKA,6
2727,RIHAM,6
2727,RIVER,6
2727,ROMI,6
2727,RONNIE,6
2727,ROSABELLA,6
2727,ROSE-MARIE,6
2727,ROSEY,6
2727,ROWEN,6
2727,RUHI,6
2727,RUKIYA,6
2727,RUMBIDZAI,6
2727,RUWAYDA,6
2727,SABBA,6
2727,SACHI,6
2727,SAFFAH,6
2727,SAHIBA,6
2727,SAKURA,6
2727,SALEENA,6
2727,SALENA,6
2727,SAMMY,6
2727,SAMRA,6
2727,SAMSAM,6
2727,SANTINA,6
2727,SAPHIRE,6
2727,SARAYA,6
2727,SAVANA,6
2727,SCOUT,6
2727,SERENITY,6
2727,SHAFIA,6
2727,SHAHNAZ,6
2727,SHAILA,6
2727,SHAMIMA,6
2727,SHAMISO,6
2727,SHANNEL,6
2727,SHANNYN,6
2727,SHANZA,6
2727,SHARDONNAY,6
2727,SHARMAINE,6
2727,SHAYA,6
2727,SHEA,6
2727,SHERRIE,6
2727,SHIAN,6
2727,SIDONIE,6
2727,SILAN,6
2727,SILVIA,6
2727,SIMI,6
2727,SINDY,6
2727,SKIE,6
2727,SKYE-LOUISE,6
2727,SOFINA,6
2727,SOHA,6
2727,SONAL,6
2727,SONALI,6
2727,SORREL,6
2727,SULTAN,6
2727,SUMAIRA,6
2727,SUMAN,6
2727,SUMERA,6
2727,SUSANA,6
2727,TAHERA,6
2727,TAISHA,6
2727,TAIWO,6
2727,TALLULA,6
2727,TAMERA,6
2727,TAYBA,6
2727,TEIGHAN,6
2727,TEISHA,6
2727,TIANNE,6
2727,TIFFANI,6
2727,TONI-ANN,6
2727,TORIA,6
2727,TOYAH,6
2727,TRUDIE,6
2727,TRUDY,6
2727,TULSI,6
2727,TYNE,6
2727,UMARAH,6
2727,UNAYSAH,6
2727,UNITY,6
2727,VARSHA,6
2727,VERA,6
2727,VICKI,6
2727,YAREN,6
2727,YI,6
2727,YUSRAH,6
2727,ZAIBA,6
2727,ZAMZAM,6
2727,ZITA,6
3099,AAMILAH,5
3099,AATIQAH,5
3099,ABIGAILE,5
3099,ABIRAMI,5
3099,ABISHA,5
3099,ADEENA,5
3099,ADELINE,5
3099,ADIA,5
3099,ADIBAH,5
3099,AILBHE,5
3099,AISHAT,5
3099,AISHWARYA,5
3099,AIYANA,5
3099,AKIFAH,5
3099,ALARA,5
3099,ALEXIE,5
3099,ALEXUS,5
3099,ALISE,5
3099,ALISHBAH,5
3099,ALIXANDRA,5
3099,ALLIE,5
3099,ALLISHA,5
3099,ALLYSHA,5
3099,ALLYSSA,5
3099,ALTHEA,5
3099,AMAARAH,5
3099,AMAIA,5
3099,AMARI,5
3099,AMARPREET,5
3099,AMBER-LEIGH,5
3099,AMBER-ROSE,5
3099,AMEILIA,5
3099,AMELIAH,5
3099,AMY-LEE,5
3099,ANAIYA,5
3099,ANAUM,5
3099,ANEELA,5
3099,ANIYA,5
3099,ANJU,5
3099,ANNA-MAE,5
3099,ANNA-MAY,5
3099,ANNA-ROSE,5
3099,ANNALEIGH,5
3099,ANNALEISE,5
3099,ANNAMARIE,5
3099,ANNIA,5
3099,ANNICE,5
3099,ANNIE-ROSE,5
3099,ANOUSHA,5
3099,AQSAH,5
3099,AQUEELAH,5
3099,ARCHANA,5
3099,ARIAN,5
3099,ARIANWEN,5
3099,ARNYA,5
3099,ARZU,5
3099,ASHANA,5
3099,ASHANTAY,5
3099,ASHANTE,5
3099,ASHIA,5
3099,ASHLI,5
3099,ASHLING,5
3099,ASIAH,5
3099,ASIMA,5
3099,ASSIA,5
3099,AVLEEN,5
3099,AWEN,5
3099,AYAAN,5
3099,AYALA,5
3099,AYAT,5
3099,AYEISHA,5
3099,AYSEGUL,5
3099,BATOUL,5
3099,BAYLIE,5
3099,BENITA,5
3099,BETHANY-ROSE,5
3099,BLAIZE,5
3099,BLU,5
3099,BREA,5
3099,BRIDEY,5
3099,BRITANIA,5
3099,BRITANY,5
3099,BROGEN,5
3099,BRYHER,5
3099,CAIRA,5
3099,CAITRIONA,5
3099,CALEY,5
3099,CALI,5
3099,CAMILA,5
3099,CARMELA,5
3099,CAROLYN,5
3099,CATHRYN,5
3099,CECILIE,5
3099,CHANAE,5
3099,CHARLIE-ROSE,5
3099,CHAVA,5
3099,CHENELLE,5
3099,CHERELLE,5
3099,CHI,5
3099,CHINA,5
3099,CHISOM,5
3099,CLAUDINE,5
3099,COBIE,5
3099,CORI,5
3099,COURTNEY-MARIE,5
3099,DAISEY,5
3099,DAIZY,5
3099,DALLAS,5
3099,DAMLA,5
3099,DANAE,5
3099,DANIYAH,5
3099,DARLA,5
3099,DARYA,5
3099,DEBRA,5
3099,DEMI-,5
3099,DEMI-MAE,5
3099,DEMMI,5
3099,DEQA,5
3099,DHARMA,5
3099,DIAMOND,5
3099,DOLLY,5
3099,DOLORES,5
3099,DOROTHEA,5
3099,EASHA,5
3099,EBBA,5
3099,EBUNOLUWA,5
3099,EIMEAR,5
3099,EIRLYS,5
3099,ELEESHA,5
3099,ELEKTRA,5
3099,ELLAMAY,5
3099,ELLANOR,5
3099,ELLECIA,5
3099,ELLIE-JAYNE,5
3099,ELLIOT,5
3099,ELLISA,5
3099,ELLISIA,5
3099,ELLISSA,5
3099,ELLISSIA,5
3099,ELLYSIA,5
3099,ELVIRA,5
3099,ELYCIA,5
3099,EMELINE,5
3099,EMILI,5
3099,EMILY-ANN,5
3099,EMILY-ELIZABETH,5
3099,EMMI,5
3099,ERONA,5
3099,ERRIN,5
3099,ESMAE,5
3099,ESMERALDA,5
3099,ETTY,5
3099,EVANGELINA,5
3099,EVELINE,5
3099,FATHEHA,5
3099,FAVOUR,5
3099,FEIGY,5
3099,FINTY,5
3099,FOLASHADE,5
3099,FRANKI,5
3099,FUCHSIA,5
3099,GABRIEL,5
3099,GALA,5
3099,GEORGA,5
3099,GIANNA,5
3099,GLESNI,5
3099,GRACEY,5
3099,GRACIE-MAE,5
3099,GRACIE-MAY,5
3099,GWENDOLYN,5
3099,HAAJRAH,5
3099,HAARISAH,5
3099,HADIQAH,5
3099,HAFEEZA,5
3099,HAFIZAH,5
3099,HAIQA,5
3099,HAJA,5
3099,HAJIRA,5
3099,HALINA,5
3099,HANAA,5
3099,HANNAH-ROSE,5
3099,HARKIRAN,5
3099,HAWWAA,5
3099,HAYA,5
3099,HELAINA,5
3099,HIBO,5
3099,HILAL,5
3099,HIMANI,5
3099,HINNA,5
3099,HODA,5
3099,HODAN,5
3099,HOLLIE-ANNE,5
3099,HOLLY-MAY,5
3099,HONIE,5
3099,HOUDA,5
3099,HUSNAA,5
3099,ILSA,5
3099,IMAANI,5
3099,INDIA-ROSE,5
3099,INDIYA,5
3099,IRSA,5
3099,ISHAA,5
3099,IYSHA,5
3099,IZABELA,5
3099,IZABELL,5
3099,IZZABELLA,5
3099,JADESOLA,5
3099,JAIDE,5
3099,JAIPREET,5
3099,JAMILLA,5
3099,JAVAIRIA,5
3099,JAZZMIN,5
3099,JEANIE,5
3099,JEEVAN,5
3099,JESSAMY,5
3099,JESSI,5
3099,JESSICA-,5
3099,JESSICA-LOUISE,5
3099,JESSICA-MAY,5
3099,JOANIE,5
3099,JUANITA,5
3099,JUDY,5
3099,JULIE-ANN,5
3099,JUNO,5
3099,JUWAYRIYAH,5
3099,KADISHA,5
3099,KAJA,5
3099,KALEIGH,5
3099,KALKIDAN,5
3099,KAMARA,5
3099,KARIN,5
3099,KARLEY,5
3099,KASSIDY,5
3099,KATI,5
3099,KATIE-JAYNE,5
3099,KATIE-JO,5
3099,KAYE,5
3099,KAYLIEGH,5
3099,KELISHA,5
3099,KENSIE,5
3099,KHADEJA,5
3099,KIARAH,5
3099,KIERRA,5
3099,KIRANJEET,5
3099,KIRRA,5
3099,KOLSUMA,5
3099,KORA,5
3099,KOURTNEY,5
3099,KRISTAL,5
3099,KRISTIE,5
3099,KRYSTLE,5
3099,LA,5
3099,LADAN,5
3099,LAETITIA,5
3099,LAILAA,5
3099,LAKEISHA,5
3099,LAKSHMI,5
3099,LAMIA,5
3099,LARISA,5
3099,LARNI,5
3099,LASHANA,5
3099,LAURA-JANE,5
3099,LAURAN,5
3099,LAURELLE,5
3099,LAVINA,5
3099,LEARNA,5
3099,LEONE,5
3099,LESLIE,5
3099,LEXIA,5
3099,LILI-MAE,5
3099,LILLY-ANNE,5
3099,LILY-,5
3099,LILY-BETH,5
3099,LILY-JANE,5
3099,LILYA,5
3099,LIORA,5
3099,LIVI,5
3099,LIVVY,5
3099,LOUANNA,5
3099,LOUIZA,5
3099,LUCY-ANNE,5
3099,LUCY-JO,5
3099,LYNN,5
3099,LYNSEY,5
3099,MADALENA,5
3099,MADALIN,5
3099,MAGDALENE,5
3099,MAHALIA,5
3099,MAISA,5
3099,MAKENA,5
3099,MALLORY,5
3099,MARCY,5
3099,MARGARITA,5
3099,MARGAUX,5
3099,MARIELLE,5
3099,MARSHA,5
3099,MARY-ANN,5
3099,MARYAH,5
3099,MAYURI,5
3099,MAZIE,5
3099,MEESHA,5
3099,MEHNAZ,5
3099,MEHWISH,5
3099,MEISHA,5
3099,MHAIRI,5
3099,MICHELA,5
3099,MICKELA,5
3099,MIESHA,5
3099,MILLIE-ANN,5
3099,MILLIE-ANNE,5
3099,MINDY,5
3099,MIRAIN,5
3099,MOESHA,5
3099,MOLI,5
3099,MOLLY-ANN,5
3099,MORGANNE,5
3099,MORWENNA,5
3099,MYER,5
3099,MYIESHA,5
3099,MYRAH,5
3099,MYRIAM,5
3099,NAISHA,5
3099,NAJIA,5
3099,NAKEISHA,5
3099,NEA,5
3099,NENA,5
3099,NEVEAH,5
3099,NICKY,5
3099,NICO,5
3099,NICOLETTE,5
3099,NICOLLE,5
3099,NIKA,5
3099,NIMA,5
3099,NOELLE,5
3099,NOEMIE,5
3099,NOSHEEN,5
3099,NURUL,5
3099,NYOMI,5
3099,OLUWADARA,5
3099,OLUWAKEMI,5
3099,OLUWAPELUMI,5
3099,OLUWATAMILORE,5
3099,OLUWATOMISIN,5
3099,OLUWATOYIN,5
3099,OMNIA,5
3099,ONYINYECHI,5
3099,OZGE,5
3099,PELIN,5
3099,PHAEDRA,5
3099,PREEYA,5
3099,PRISHA,5
3099,PRIYAL,5
3099,PYPER,5
3099,QUDSIYAH,5
3099,RABIYA,5
3099,RAFFAELLA,5
3099,RAHMAH,5
3099,RAIHANA,5
3099,RAMA,5
3099,RAVEENA,5
3099,RAVNEET,5
3099,RAYNE,5
3099,REEYA,5
3099,RENA,5
3099,REYA,5
3099,RHIANNAH,5
3099,RHIANWEN,5
3099,RIDAH,5
3099,RISHIKA,5
3099,RITIKA,5
3099,ROMEY,5
3099,ROOS,5
3099,ROSALIA,5
3099,ROSHEEN,5
3099,ROSITA,5
3099,ROXIE,5
3099,ROZALIA,5
3099,RUBY-MAE,5
3099,RUMMANAH,5
3099,RUQAYYA,5
3099,RUWAIDA,5
3099,RYLEE,5
3099,SABRINE,5
3099,SADIKA,5
3099,SADIQA,5
3099,SADIQAH,5
3099,SAFEENA,5
3099,SAI,5
3099,SAKEENA,5
3099,SALLIE,5
3099,SALLYANN,5
3099,SALSABIL,5
3099,SAMEERAH,5
3099,SAMMI,5
3099,SANJEEDA,5
3099,SAPNA,5
3099,SARIAH,5
3099,SARON,5
3099,SAYMA,5
3099,SEANA,5
3099,SEHR,5
3099,SEHRISH,5
3099,SENAY,5
3099,SEVGI,5
3099,SHAAN,5
3099,SHADIA,5
3099,SHAIMA,5
3099,SHAKYRA,5
3099,SHAMIKA,5
3099,SHAMIM,5
3099,SHAMIRA,5
3099,SHANIQUA,5
3099,SHANNON-LOUISE,5
3099,SHANTAI,5
3099,SHANTAY,5
3099,SHARDAY,5
3099,SHARNAY,5
3099,SHARNI,5
3099,SHARNIE,5
3099,SHAYLEE,5
3099,SHENAY,5
3099,SHENICE,5
3099,SHEREE,5
3099,SHERELLE,5
3099,SHERRY,5
3099,SHEVAUN,5
3099,SHIFRA,5
3099,SHINADE,5
3099,SHIRLEY,5
3099,SHULA,5
3099,SIA,5
3099,SIANNA,5
3099,SIHAAM,5
3099,SIMGE,5
3099,SIMREN,5
3099,SOPHIE-ANNE,5
3099,SORRELL,5
3099,SOUMAYA,5
3099,SRIYA,5
3099,STEFANIE,5
3099,STEFFI,5
3099,SUMIYA,5
3099,SUMMAYA,5
3099,SUMMER-LOUISE,5
3099,SUREYA,5
3099,SUZI,5
3099,SYRA,5
3099,TAHIRAH,5
3099,TAIJA,5
3099,TALIAH,5
3099,TALULAH,5
3099,TAMEKA,5
3099,TAMMIE,5
3099,TASFIA,5
3099,TASMIYAH,5
3099,TATYANA,5
3099,TAVIA,5
3099,TEGHAN,5
3099,TEONA,5
3099,THANDIWE,5
3099,TIANAH,5
3099,TIANEE,5
3099,TIANNAH,5
3099,TIARA,5
3099,TIGAN,5
3099,TIGGY,5
3099,TINASHE,5
3099,TIONA,5
3099,TOLULOPE,5
3099,TOPAZ,5
3099,TORRIE,5
3099,TRIXIE,5
3099,TULA,5
3099,TYANA,5
3099,UMAIRAH,5
3099,UMAYYAH,5
3099,UMERA,5
3099,UMMI,5
3099,VAISHNAVI,5
3099,VANEEZA,5
3099,VENETIA,5
3099,VENICE,5
3099,YAA,5
3099,YAN,5
3099,YESIM,5
3099,YSOBEL,5
3099,YUKI,5
3099,ZAHARA,5
3099,ZAHIRA,5
3099,ZAKIYYAH,5
3099,ZANA,5
3099,ZAREENA,5
3099,ZETA,5
3099,ZINA,5
3099,ZION,5
3594,AAMNAH,4
3594,AARIFAH,4
3594,AATIKAH,4
3594,AAYA,4
3594,ABBEY-LEIGH,4
3594,ABBEYGAIL,4
3594,ABBI-LEIGH,4
3594,ABBIE-JO,4
3594,ABBIEGALE,4
3594,ABITHA,4
3594,ABRAR,4
3594,ABY,4
3594,ADEELA,4
3594,ADESOLA,4
3594,ADILA,4
3594,AEMELIA,4
3594,AESHA,4
3594,AFIFA,4
3594,AFNAN,4
3594,AFRICA,4
3594,AFRIN,4
3594,AFSHA,4
3594,AILIE,4
3594,AIME,4
3594,AINHOA,4
3594,AISLIN,4
3594,AITANA,4
3594,AIZAH,4
3594,AJI,4
3594,AKASHA,4
3594,AKSAH,4
3594,ALABAMA,4
3594,ALBERTA,4
3594,ALEESA,4
3594,ALESIA,4
3594,ALEXZANDRA,4
3594,ALEYAH,4
3594,ALIENOR,4
3594,ALIZE,4
3594,ALLYSON,4
3594,ALMAAS,4
3594,ALTINA,4
3594,ALYESHA,4
3594,ALYSA,4
3594,AMANAH,4
3594,AMAR,4
3594,AMARNI,4
3594,AMBER-LILY,4
3594,AMBRA,4
3594,AMBREEN,4
3594,AMEE,4
3594,AMELA,4
3594,AMIYAH,4
3594,AMMAL,4
3594,AMMIE,4
3594,AMY-MAY,4
3594,AN,4
3594,ANA-MARIA,4
3594,ANABELLA,4
3594,ANEIRA,4
3594,ANESA,4
3594,ANGEL-LEIGH,4
3594,ANGELI,4
3594,ANJELI,4
3594,ANNA-LOUISE,4
3594,ANNALEE,4
3594,ANNAM,4
3594,ANNELI,4
3594,ANNEMARIE,4
3594,ANNIE-MAE,4
3594,ANNUM,4
3594,ANTARA,4
3594,ANTONINA,4
3594,ANUJIN,4
3594,ANUOLUWAPO,4
3594,ANYAH,4
3594,AOIBHINN,4
3594,ARIJ,4
3594,ARIZONA,4
3594,ARLINDA,4
3594,AROOB,4
3594,ARTA,4
3594,ASHLEI,4
3594,ASHLIEGH,4
3594,ASHLIN,4
3594,ASHWINI,4
3594,ASILA,4
3594,ASTHA,4
3594,ASTON,4
3594,ATIA,4
3594,ATIKA,4
3594,AWA,4
3594,AYANDA,4
3594,AYEZA,4
3594,AYOMIKUN,4
3594,AYSIA,4
3594,AZZAH,4
3594,BABY,4
3594,BAILEIGH,4
3594,BASMAH,4
3594,BASMALA,4
3594,BAYAN,4
3594,BECCA,4
3594,BERRI,4
3594,BERRY,4
3594,BETHANY-ANNE,4
3594,BETHEL,4
3594,BETHNEY,4
3594,BETSAN,4
3594,BHAVINI,4
3594,BHAVNEET,4
3594,BIBIANA,4
3594,BILQIS,4
3594,BOBBI-JO,4
3594,BRANDI,4
3594,BRIANNE,4
3594,BRIONEY,4
3594,BRONAGH,4
3594,BURCU,4
3594,CAIA,4
3594,CALLA,4
3594,CARRA,4
3594,CARRIE-ANN,4
3594,CASEY-MARIE,4
3594,CASSEY,4
3594,CATHY,4
3594,CATIA,4
3594,CAYLEIGH,4
3594,CAYLEY,4
3594,CELSEY,4
3594,CERYN,4
3594,CHAISE,4
3594,CHANDNI,4
3594,CHARLEY-ANN,4
3594,CHARLISE,4
3594,CHARNIE,4
3594,CHIDERA,4
3594,CHIOMA,4
3594,CHIQUITA,4
3594,CHLOEE,4
3594,CHRISTA,4
3594,CHRISTAL,4
3594,CHRISTIANE,4
3594,CHYENNE,4
3594,CIAN,4
3594,CIARRA,4
3594,CIRA,4
3594,CJ,4
3594,CONSTANTINA,4
3594,CORAH,4
3594,CORIN,4
3594,COURTNEY-LOUISE,4
3594,COURTNEY-MAY,4
3594,DAMILOLA,4
3594,DEA,4
3594,DEANA,4
3594,DEEQA,4
3594,DEFNE,4
3594,DELICIA,4
3594,DEMELZA,4
3594,DEMI-LOUISE,4
3594,DENAE,4
3594,DENI,4
3594,DENISHA,4
3594,DENVER,4
3594,DERYA,4
3594,DESPINA,4
3594,DESTINEY,4
3594,DEVAN,4
3594,DEVEN,4
3594,DHARA,4
3594,DICLE,4
3594,DIJLE,4
3594,DILYS,4
3594,DINAH,4
3594,DOMINIKA,4
3594,DONIKA,4
3594,DOREEN,4
3594,DUYGU,4
3594,EAVIE,4
3594,EBONNIE,4
3594,ECE,4
3594,ECEM,4
3594,ECHO,4
3594,EDIL,4
3594,EDWINA,4
3594,EIRINN,4
3594,EKTA,4
3594,ELANUR,4
3594,ELARA,4
3594,ELEANORE,4
3594,ELI,4
3594,ELIANE,4
3594,ELICE,4
3594,ELINORE,4
3594,ELISKA,4
3594,ELIZAVETA,4
3594,ELKE,4
3594,ELLAMAE,4
3594,ELLE-MAI,4
3594,ELLEIGH,4
3594,ELLEMAY,4
3594,ELLESIA,4
3594,ELLEY,4
3594,ELLIANA,4
3594,ELLIE-JANE,4
3594,ELLIE-JAY,4
3594,ELLINOR,4
3594,ELLYN,4
3594,ELYSHIA,4
3594,ELZA,4
3594,EMIE,4
3594,EMY,4
3594,ENNA,4
3594,ERYKAH,4
3594,ESZTER,4
3594,EUN,4
3594,EVANIA,4
3594,EYLUL,4
3594,EZGI,4
3594,FAAIZA,4
3594,FADIME,4
3594,FADUMO,4
3594,FAHEEMAH,4
3594,FAHIZA,4
3594,FAISA,4
3594,FARADAY,4
3594,FARDOWSA,4
3594,FARHAT,4
3594,FARIDAH,4
3594,FARWA,4
3594,FATEMAH,4
3594,FATIHA,4
3594,FATUMA,4
3594,FAWZIYAH,4
3594,FAYTH,4
3594,FAZILA,4
3594,FERDOUSI,4
3594,FINOLA,4
3594,FIRDAUS,4
3594,FIRDAWS,4
3594,FLYNN,4
3594,FOUZIA,4
3594,FRANCESSCA,4
3594,FRANCHESKA,4
3594,FRANZISKA,4
3594,GABBIE,4
3594,GABBY,4
3594,GAGANDEEP,4
3594,GAMZE,4
3594,GAYATHRI,4
3594,GAYATRI,4
3594,GENESIS,4
3594,GIGI,4
3594,GINNY,4
3594,GLAIN,4
3594,GLORY,4
3594,GRACIA,4
3594,GRAYCE,4
3594,GUL,4
3594,GURNEET,4
3594,GWENNO,4
3594,HAALAH,4
3594,HADDY,4
3594,HADEEL,4
3594,HADEEQAH,4
3594,HAI,4
3594,HAILEE,4
3594,HAJIRAH,4
3594,HALENA,4
3594,HAMEEDA,4
3594,HAMIDAH,4
3594,HANEEFA,4
3594,HANIN,4
3594,HANISHA,4
3594,HANYA,4
3594,HARLEE,4
3594,HARMANI,4
3594,HARMANPREET,4
3594,HARRIOT,4
3594,HASEENAH,4
3594,HASINA,4
3594,HAYFA,4
3594,HAYLEE,4
3594,HAYLEY-JADE,4
3594,HAYLIE,4
3594,HEAVEN,4
3594,HEDAYA,4
3594,HEEBA,4
3594,HENNAH,4
3594,HERMARNI,4
3594,HESSA,4
3594,HINDA,4
3594,HINDY,4
3594,HOSANNA,4
3594,HUMMA,4
3594,HUMNAH,4
3594,HUMYRA,4
3594,IFZA,4
3594,ILIA,4
3594,IMOGENE,4
3594,INAARA,4
3594,INDERPREET,4
3594,INDIRA,4
3594,IQRAA,4
3594,IRUM,4
3594,ISABELA,4
3594,ISLAY,4
3594,ISOBELL,4
3594,ISRAH,4
3594,ISSABELLE,4
3594,IVORY,4
3594,JADINE,4
3594,JAHANARA,4
3594,JAHNAVI,4
3594,JAIME-LEIGH,4
3594,JAIMEY,4
3594,JAINABA,4
3594,JAMEELA,4
3594,JAMIELEIGH,4
3594,JAN,4
3594,JANAYA,4
3594,JANNATUL,4
3594,JASDEEP,4
3594,JASKIRAT,4
3594,JASMINDER,4
3594,JASMYNE,4
3594,JEMA,4
3594,JENI,4
3594,JEORGIA,4
3594,JESSAMINE,4
3594,JILL,4
3594,JING,4
3594,JIYA,4
3594,JODI-LEIGH,4
3594,JOEY,4
3594,JOLEY,4
3594,JONA,4
3594,JOOD,4
3594,JORDANE,4
3594,JOSEPHINA,4
3594,JOSIE-MAY,4
3594,JU,4
3594,JULIE-ANNE,4
3594,JUMAINAH,4
3594,JUWAIRIAH,4
3594,KAAMILAH,4
3594,KADENCE,4
3594,KAIRI,4
3594,KAITLYNNE,4
3594,KALIE,4
3594,KALILA,4
3594,KALLY,4
3594,KAMALA,4
3594,KANISHA,4
3594,KARAN,4
3594,KARI,4
3594,KARISHA,4
3594,KARMA,4
3594,KARMEN,4
3594,KATHRINE,4
3594,KATIE-ANNE,4
3594,KAVIYA,4
3594,KAY-LEIGH,4
3594,KAYCE,4
3594,KAYDEE,4
3594,KAYLAH,4
3594,KAYLEI,4
3594,KAYLEIGH-ANN,4
3594,KAYLEIGH-ANNE,4
3594,KAYLI,4
3594,KAYLIN,4
3594,KAZIA,4
3594,KEAH,4
3594,KEANA,4
3594,KEAVEY,4
3594,KEEGAN,4
3594,KEELA,4
3594,KEHINDE,4
3594,KELI,4
3594,KELISE,4
3594,KELLI,4
3594,KELLY-MARIE,4
3594,KELLYANN,4
3594,KEONA,4
3594,KHARIS,4
3594,KHAWLAH,4
3594,KIERA-LEIGH,4
3594,KIMI,4
3594,KIMIA,4
3594,KITANA,4
3594,KODY,4
3594,KOREN,4
3594,KRINA,4
3594,KRYSTYNA,4
3594,KUDZAI,4
3594,KULSOOM,4
3594,KYANA,4
3594,KYARA,4
3594,KYISHA,4
3594,LAAIBA,4
3594,LABIBA,4
3594,LABIBAH,4
3594,LACI,4
3594,LAELA,4
3594,LAKSHANA,4
3594,LAMISA,4
3594,LAMISAH,4
3594,LANIE,4
3594,LANNA,4
3594,LARNIE,4
3594,LASHAE,4
3594,LATASHA,4
3594,LATICIA,4
3594,LEANE,4
3594,LEEN,4
3594,LEIAH,4
3594,LEIGHANNA,4
3594,LENNIE,4
3594,LEORA,4
3594,LEXA,4
3594,LIABA,4
3594,LIBBY-JO,4
3594,LIBBY-LOUISE,4
3594,LILANI,4
3594,LILIE,4
3594,LILLY-ANN,4
3594,LILLY-MAI,4
3594,LILLY-ROSE,4
3594,LILY-ANN,4
3594,LILY-GRACE,4
3594,LILYANNE,4
3594,LINNEA,4
3594,LIONA,4
3594,LISHA,4
3594,LIZZY,4
3594,LLEUCU,4
3594,LORELEI,4
3594,LORENZA,4
3594,LORIEN,4
3594,LORIS,4
3594,LOTTY,4
3594,LOUELLA,4
3594,LOVE,4
3594,LUANNE,4
3594,LUCIANNA,4
3594,LUCIENNE,4
3594,LUCY-MARIE,4
3594,LYNDA,4
3594,MACKENSIE,4
3594,MADDYSON,4
3594,MADHIYA,4
3594,MADINAH,4
3594,MAGDALEN,4
3594,MAH,4
3594,MAHBUBA,4
3594,MAHDIYA,4
3594,MAHEERA,4
3594,MAHISHA,4
3594,MAHMUDA,4
3594,MAHRUKH,4
3594,MAIDA,4
3594,MAIMOONA,4
3594,MAIMUNA,4
3594,MAIMUNAH,4
3594,MAIZI,4
3594,MAJEDA,4
3594,MALENA,4
3594,MAME,4
3594,MANUELLA,4
3594,MARAM,4
3594,MARCELLA,4
3594,MARGED,4
3594,MARGHERITA,4
3594,MARIJA,4
3594,MARJANA,4
3594,MARLENA,4
3594,MARRIYAH,4
3594,MARSELA,4
3594,MARVEL,4
3594,MARY-LOU,4
3594,MASON,4
3594,MASOOMA,4
3594,MATHURA,4
3594,MATYLDA,4
3594,MAYZIE,4
3594,MAZEDA,4
3594,MEDI,4
3594,MEGAN-ROSE,4
3594,MEGGAN,4
3594,MEGHANN,4
3594,MELEK,4
3594,MERIEL,4
3594,MERYN,4
3594,MIKALA,4
3594,MILI,4
3594,MILISSA,4
3594,MILLEN,4
3594,MILLIE-JO,4
3594,MILLIGAN,4
3594,MINAL,4
3594,MIRABEL,4
3594,MIRELLA,4
3594,MIRYAM,4
3594,MIRZA,4
3594,MISHAAL,4
3594,MISSIE,4
3594,MITALI,4
3594,MIYAH,4
3594,MOE,4
3594,MOLLY-MAE,4
3594,MONTANNA,4
3594,MUNEEBA,4
3594,MUNEERA,4
3594,MUQADAS,4
3594,MUSAMMAT,4
3594,MUSAMMATH,4
3594,MUSHTAQ,4
3594,NAAILAH,4
3594,NADEEN,4
3594,NADIAH,4
3594,NAEEMAH,4
3594,NAFEESAH,4
3594,NAHEED,4
3594,NAJAH,4
3594,NANCIE,4
3594,NASHITA,4
3594,NATASJA,4
3594,NATAYA,4
3594,NATHASHA,4
3594,NAYA,4
3594,NAYAAB,4
3594,NAZ,4
3594,NAZIRAH,4
3594,NAZMA,4
3594,NEENA,4
3594,NESTA,4
3594,NEYA,4
3594,NIAOMI,4
3594,NIMISHA,4
3594,NISHIKA,4
3594,NITASHA,4
3594,NOELIA,4
3594,NOEMI,4
3594,NOLA,4
3594,NORAH,4
3594,NOREEN,4
3594,NOURA,4
3594,NOVA,4
3594,NUZHAT,4
3594,OLIVIA-GRACE,4
3594,OLUWANIFEMI,4
3594,OLUWATENIOLA,4
3594,OLUWATOBI,4
3594,OLUWATOFUNMI,4
3594,OMARA,4
3594,ONYINYECHUKWU,4
3594,ORIEL,4
3594,PAIGE-MARIE,4
3594,PAVANDEEP,4
3594,PAVNEET,4
3594,PEACHES,4
3594,PEBBLES,4
3594,PERI,4
3594,PETRINA,4
3594,PHOEBIE,4
3594,PHYLLIS,4
3594,PINAR,4
3594,POLINA,4
3594,POPPY-ROSE,4
3594,PRABHJOT,4
3594,PRAISE,4
3594,QUEEN,4
3594,RAABIA,4
3594,RABEEAH,4
3594,RADIYAH,4
3594,RAGHAD,4
3594,RAHEELA,4
3594,RAHILA,4
3594,RAHIMAH,4
3594,RAIDAH,4
3594,RAMAN,4
3594,RAYHANAH,4
3594,REHA,4
3594,REHNUMA,4
3594,RENATA,4
3594,RENAY,4
3594,RIVKY,4
3594,ROANNA,4
3594,RODA,4
3594,ROMANIE,4
3594,ROMILY,4
3594,RONA,4
3594,ROSABEL,4
3594,ROSALINE,4
3594,ROSETTA,4
3594,ROSIE-MAE,4
3594,ROYA,4
3594,ROZEENA,4
3594,ROZINA,4
3594,RUBA,4
3594,RUKAIYA,4
3594,RUKSAR,4
3594,RUMAITHAH,4
3594,RUMAYSAH,4
3594,RUVIMBO,4
3594,RYLEIGH,4
3594,SAACHI,4
3594,SAADIA,4
3594,SABAAH,4
3594,SAFFIA,4
3594,SAFIAH,4
3594,SAFIYYA,4
3594,SAIDAH,4
3594,SAINA,4
3594,SAISHA,4
3594,SAJIDAH,4
3594,SAJNI,4
3594,SAKSHI,4
3594,SALI,4
3594,SALLY-ANN,4
3594,SALLY-ANNE,4
3594,SALOME,4
3594,SAMAIRA,4
3594,SAMEEHA,4
3594,SAMEEN,4
3594,SAMEENA,4
3594,SAMEEYA,4
3594,SAMRAH,4
3594,SAPPHIRA,4
3594,SARIKA,4
3594,SARRAH,4
3594,SAVAIRA,4
3594,SAYA,4
3594,SAYEDA,4
3594,SAYNAB,4
3594,SAYYIDAH,4
3594,SCARLETTE,4
3594,SEANNA,4
3594,SEHAM,4
3594,SEJAL,4
3594,SEMA,4
3594,SEMRA,4
3594,SENARA,4
3594,SERAPHINA,4
3594,SERAPHINE,4
3594,SEREENA,4
3594,SERENE,4
3594,SERISH,4
3594,SHADE,4
3594,SHAGANA,4
3594,SHAHIDA,4
3594,SHAKANA,4
3594,SHAKIA,4
3594,SHAMILA,4
3594,SHANEA,4
3594,SHANELL,4
3594,SHANIAH,4
3594,SHANIECE,4
3594,SHANLEY,4
3594,SHANTE,4
3594,SHANYA,4
3594,SHARINA,4
3594,SHARLENE,4
3594,SHARMILA,4
3594,SHARN,4
3594,SHARONA,4
3594,SHAUNAGH,4
3594,SHEIMA,4
3594,SHELLBY,4
3594,SHENELLE,4
3594,SHENISE,4
3594,SHERINA,4
3594,SHIMA,4
3594,SHONI,4
3594,SHREE,4
3594,SHRUTHI,4
3594,SHUKRI,4
3594,SIANNE,4
3594,SIDAL,4
3594,SIDDIQA,4
3594,SIGOURNEY,4
3594,SIMRANDEEP,4
3594,SIMRAT,4
3594,SIMRIT,4
3594,SINDI,4
3594,SIREEN,4
3594,SIRENA,4
3594,SKYE-MARIE,4
3594,SKYLER,4
3594,SOMIA,4
3594,SONJA,4
3594,SOPHIE-ANN,4
3594,SOPHIE-MAE,4
3594,STACIA,4
3594,SUHAYLA,4
3594,SUHAYLAH,4
3594,SUKHPREET,4
3594,SUMAIRAA,4
3594,SUMMAH,4
3594,SUMMER-LEIGH,4
3594,SUMMER-ROSE,4
3594,SUPRIYA,4
3594,SUZAN,4
3594,SUZANA,4
3594,SUZY,4
3594,TADIWA,4
3594,TADIWANASHE,4
3594,TAEGAN,4
3594,TAELA,4
3594,TAHIA,4
3594,TAHNEE,4
3594,TAITE,4
3594,TALITA,4
3594,TALLIE,4
3594,TAMMIN,4
3594,TANAKA,4
3594,TANNIKA,4
3594,TANWEN,4
3594,TANYARADZWA,4
3594,TASKIA,4
3594,TASMIA,4
3594,TAVLEEN,4
3594,TAWANA,4
3594,TAYIBA,4
3594,TAYLOR-MAE,4
3594,TEANNA,4
3594,TEJAL,4
3594,TELERI,4
3594,TEODORA,4
3594,TERRI-ANNE,4
3594,THARA,4
3594,THEADORA,4
3594,TILLY-MAY,4
3594,TINISHA,4
3594,TISHA,4
3594,TOBIE,4
3594,TOLUWALOPE,4
3594,TOOBA,4
3594,TORI-LEIGH,4
3594,TORRANCE,4
3594,TRUDI,4
3594,TYLER-JADE,4
3594,ULA,4
3594,UMAMAH,4
3594,UMM,4
3594,VANIA,4
3594,VANISHA,4
3594,VANSHIKA,4
3594,VERONA,4
3594,VIOLA,4
3594,VITA,4
3594,VIVIANA,4
3594,VY,4
3594,WAN,4
3594,WARDAH,4
3594,WERONIKA,4
3594,WING,4
3594,XUE,4
3594,YASAMIN,4
3594,YASSIN,4
3594,YOCHEVED,4
3594,ZABRINA,4
3594,ZAFIRAH,4
3594,ZAHIDA,4
3594,ZAIBAA,4
3594,ZAINAH,4
3594,ZAKIYYA,4
3594,ZANAB,4
3594,ZARIA,4
3594,ZARQA,4
3594,ZEENA,4
3594,ZERIN,4
3594,ZINNIA,4
3594,ZIPPORAH,4
3594,ZUBAYDA,4
3594,ZUHRA,4
3594,ZULAIKHAH,4
3594,ZUZU,4
4373,A'ISHA,3
4373,AALAYAH,3
4373,AAMANI,3
4373,AANISAH,3
4373,AANISHA,3
4373,AARTI,3
4373,AARUSHI,3
4373,AARYA,3
4373,AARZOO,3
4373,AASHNI,3
4373,AASTHA,3
4373,ABBE,3
4373,ABBIE-MAE,3
4373,ABBIE-MAY,3
4373,ABBY-MAY,3
4373,ABEDA,3
4373,ABEEDA,3
4373,ABENI,3
4373,ABLA,3
4373,ABYAN,3
4373,ADANNA,3
4373,ADEBOLA,3
4373,ADEEN,3
4373,ADELA,3
4373,ADERYN,3
4373,ADESUWA,3
4373,ADISA,3
4373,ADRIANNE,3
4373,ADWOA,3
4373,AEYSHA,3
4373,AFRA,3
4373,AFRAA,3
4373,AFSHAH,3
4373,AGATA,3
4373,AIKO,3
4373,AILA,3
4373,AIMEE-LOUISE,3
4373,AIMIEE,3
4373,AISLA,3
4373,AKILAH,3
4373,AKLIMA,3
4373,AKOSUA,3
4373,ALAIKA,3
4373,ALANI,3
4373,ALANIA,3
4373,ALASKA,3
4373,ALBIONA,3
4373,ALEECE,3
4373,ALEEZAH,3
4373,ALERO,3
4373,ALEV,3
4373,ALEXINA,3
4373,ALEXSIS,3
4373,ALHENA,3
4373,ALICEA,3
4373,ALICJA,3
4373,ALIKA,3
4373,ALIMAH,3
4373,ALISHA-MARIE,3
4373,ALISHAA,3
4373,ALISYA,3
4373,ALIYE,3
4373,ALLIA,3
4373,ALOKA,3
4373,ALORA,3
4373,ALVEENA,3
4373,ALYCE,3
4373,ALYDIA,3
4373,ALYSON,3
4373,AMAKA,3
4373,AMALIAH,3
4373,AMARIA,3
4373,AMARIE,3
4373,AMAZON,3
4373,AMBAR,3
4373,AMBER-LOUISE,3
4373,AMBER-MARIE,3
4373,AMBER-MAY,3
4373,AMBRIN,3
4373,AMELYA,3
4373,AMERAH,3
4373,AMERIE,3
4373,AMETHYST,3
4373,AMIE-LOUISE,3
4373,AMIIRA,3
4373,AMIKA,3
4373,AMILA,3
4373,AMILLIA,3
4373,AMINAT,3
4373,AMMAN,3
4373,AMY-JANE,3
4373,AMY-JAYNE,3
4373,AMYA,3
4373,ANAELLE,3
4373,ANAGHA,3
4373,ANAH,3
4373,ANASTAZIA,3
4373,ANDI,3
4373,ANDREEA,3
4373,ANDRIANA,3
4373,ANDRIANNA,3
4373,ANDRINA,3
4373,ANEEQAH,3
4373,ANEYA,3
4373,ANEZKA,3
4373,ANFAL,3
4373,ANGE,3
4373,ANGELEEN,3
4373,ANGELIE,3
4373,ANGELLE,3
4373,ANIELLA,3
4373,ANISHAH,3
4373,ANIYAH,3
4373,ANJANA,3
4373,ANJANI,3
4373,ANJE,3
4373,ANNALIE,3
4373,ANNAMARIA,3
4373,ANNASTASIA,3
4373,ANNAYA,3
4373,ANNEST,3
4373,ANNISE,3
4373,ANNISHA,3
4373,ANORA,3
4373,ANUKSHA,3
4373,ANWYN,3
4373,AOIBHEANN,3
4373,APARNA,3
4373,APRYL,3
4373,AQEELAH,3
4373,AQILA,3
4373,ARA,3
4373,ARDEN,3
4373,ARDITA,3
4373,AREENA,3
4373,ARIFA,3
4373,ARIFAH,3
4373,ARIYA,3
4373,AROOSHA,3
4373,ARRABELLA,3
4373,ARRIANA,3
4373,ARRIANNA,3
4373,ARSHIA,3
4373,ARSHPREET,3
4373,ARTEMIS,3
4373,ARTHI,3
4373,ARUSHI,3
4373,ARYANA,3
4373,ASAL,3
4373,ASHIKA,3
4373,ASHIRA,3
4373,ASHLEIGH-ANNE,3
4373,ASHLYNNE,3
4373,ASHVINI,3
4373,ASMAH,3
4373,ASPEN,3
4373,ASRA,3
4373,ASSIYA,3
4373,ATALANTA,3
4373,ATIFA,3
4373,ATIFAH,3
4373,ATIQA,3
4373,ATTIYA,3
4373,AUGUSTA,3
4373,AURA,3
4373,AURELIE,3
4373,AUTUM,3
4373,AVERY,3
4373,AYAANA,3
4373,AYANO,3
4373,AYCAN,3
4373,AYIANA,3
4373,AYMA,3
4373,AYMEE,3
4373,AYSHE,3
4373,AYSU,3
4373,AZARA,3
4373,AZARIAH,3
4373,AZKA,3
4373,AZWA,3
4373,AZZURRA,3
4373,BAILIE,3
4373,BAILLIE,3
4373,BALQIS,3
4373,BAREERAH,3
4373,BARLEY,3
4373,BATSHEVA,3
4373,BATYA,3
4373,BAY,3
4373,BEAUX,3
4373,BECKIE,3
4373,BEE,3
4373,BEGUM,3
4373,BEKKI,3
4373,BENEDICT,3
4373,BENEDICTA,3
4373,BENEDICTE,3
4373,BESS,3
4373,BETHANNIE,3
4373,BETSIE,3
4373,BEULAH,3
4373,BHAKTI,3
4373,BHAVNA,3
4373,BHAVYA,3
4373,BHUMIKA,3
4373,BIBA,3
4373,BIJOU,3
4373,BILAN,3
4373,BINTA,3
4373,BIPASHA,3
4373,BLANCHE,3
4373,BOE,3
4373,BOLUWATIFE,3
4373,BONNIE-LOUISE,3
4373,BRACHA,3
4373,BRACKEN,3
4373,BREANNE,3
4373,BRIANIE,3
4373,BRIAR,3
4373,BRIDE,3
4373,BRIDGIE,3
4373,BRIGITTE,3
4373,BRIONI,3
4373,BRITENY,3
4373,BRODY,3
4373,BRONYA,3
4373,BRUCHA,3
4373,BRUNA,3
4373,BRYANA,3
4373,BUDDUG,3
4373,BUSRA,3
4373,CADY,3
4373,CAI,3
4373,CAISEY,3
4373,CAITLIN-ROSE,3
4373,CAJA,3
4373,CALYPSO,3
4373,CAMELIA,3
4373,CAPRI,3
4373,CARISMA,3
4373,CARMELLE,3
4373,CAROLANNE,3
4373,CARRIE-ANNE,3
4373,CASSY,3
4373,CATHLEEN,3
4373,CATLIN,3
4373,CATRYN,3
4373,CAYLEE,3
4373,CE,3
4373,CEINWEN,3
4373,CELENA,3
4373,CELESTINE,3
4373,CERIDWEN,3
4373,CEYDA,3
4373,CHANADE,3
4373,CHANCE,3
4373,CHANIE,3
4373,CHANIQUE,3
4373,CHANTALLE,3
4373,CHARDANNAY,3
4373,CHARDONAI,3
4373,CHARISSA,3
4373,CHARLIE-JO,3
4373,CHARLIE-LOUISE,3
4373,CHARLOTTE-ROSE,3
4373,CHARNELLE,3
4373,CHARYS,3
4373,CHASE,3
4373,CHAVI,3
4373,CHE,3
4373,CHELSEA-LEE,3
4373,CHELSEE,3
4373,CHELSY,3
4373,CHENE,3
4373,CHENICE,3
4373,CHESNEY,3
4373,CHIANNE,3
4373,CHIDO,3
4373,CHIKA,3
4373,CHINYERE,3
4373,CHLOE-JAYNE,3
4373,CHLOE-JO,3
4373,CHLOE-LEIGH,3
4373,CHLOE-MAE,3
4373,CHLOE-MAY,3
4373,CHLOIE,3
4373,CHOI,3
4373,CHRISSY,3
4373,CHRISTABELLE,3
4373,CHRISTEL,3
4373,CHRISTEN,3
4373,CHRISTI,3
4373,CIANA,3
4373,CIANN,3
4373,CLEMENCE,3
4373,CLEMENCY,3
4373,CLIODHNA,3
4373,CLOTILDE,3
4373,COADY,3
4373,COBY,3
4373,CODIE-LEIGH,3
4373,CONDOLEEZZA,3
4373,CONSTANTIA,3
4373,CRISTIANA,3
4373,CYDNEE,3
4373,CYDNIE,3
4373,CYRA,3
4373,DACEY,3
4373,DACIA,3
4373,DAHLIA,3
4373,DAIANA,3
4373,DAISY-JANE,3
4373,DAISY-MAI,3
4373,DAJANA,3
4373,DALAL,3
4373,DANNICA,3
4373,DANNIE,3
4373,DARBY,3
4373,DASHA,3
4373,DEEANNA,3
4373,DEEPIKA,3
4373,DELPHIE,3
4373,DEMETRIA,3
4373,DEMI-MARIE,3
4373,DEMILEA,3
4373,DEMPSEY,3
4373,DENIM,3
4373,DENNIE,3
4373,DERVLA,3
4373,DESTINA,3
4373,DESTINI,3
4373,DEVORA,3
4373,DHIYA,3
4373,DHRUVI,3
4373,DIA,3
4373,DJELLZA,3
4373,DOUAA,3
4373,DRUSILLA,3
4373,DUNYA,3
4373,EBBIE,3
4373,EBONY-MAY,3
4373,EIBHLIN,3
4373,EIRA,3
4373,EIREANN,3
4373,ELAF,3
4373,ELEANER,3
4373,ELEANOR-ROSE,3
4373,ELEASHA,3
4373,ELECTRA,3
4373,ELEONORE,3
4373,ELHAM,3
4373,ELIANNA,3
4373,ELICA,3
4373,ELIE,3
4373,ELIORA,3
4373,ELIS,3
4373,ELIYAH,3
4373,ELLA-GRACE,3
4373,ELLA-JADE,3
4373,ELLA-JANE,3
4373,ELLAH,3
4373,ELLALOUISE,3
4373,ELLE-ANN,3
4373,ELLE-LEIGH,3
4373,ELLE-MARIE,3
4373,ELLECE,3
4373,ELLEISHA,3
4373,ELLEMAE,3
4373,ELLESSIA,3
4373,ELLIE-KAY,3
4373,ELLIE-LEIGH,3
4373,ELLIE-PAIGE,3
4373,ELLIEMAI,3
4373,ELLINA,3
4373,ELLYSE,3
4373,ELLYSHA,3
4373,ELLYSSE,3
4373,ELSIE-MAY,3
4373,ELVI,3
4373,ELYS,3
4373,EMALEE,3
4373,EMANI,3
4373,EMEL,3
4373,EMELY,3
4373,EMILEY,3
4373,EMILY-ANNE,3
4373,EMILY-GRACE,3
4373,EMILY-KATE,3
4373,EMILY-MAE,3
4373,EMINA,3
4373,EMMA-JAYNE,3
4373,EMMA-LEE,3
4373,EMMA-MARIE,3
4373,EMMAN,3
4373,EMMERSON,3
4373,EMMIE-LOU,3
4373,ENAYA,3
4373,ENFYS,3
4373,ENLLI,3
4373,ENOLA,3
4373,EOWYN,3
4373,ERALDA,3
4373,ERAN,3
4373,ERINN,3
4373,ERIS,3
4373,ERMINA,3
4373,ERVA,3
4373,ERZA,3
4373,ESEN,3
4373,ESHAA,3
4373,ESIN,3
4373,ESMERELDA,3
4373,ESOSA,3
4373,ESSIE,3
4373,ESTA,3
4373,ESTEE,3
4373,ETAIN,3
4373,ETERNITY,3
4373,ETHEL,3
4373,EUGENIA,3
4373,EVANTHE,3
4373,EVEE,3
4373,EVELYNN,3
4373,EVEY,3
4373,EVIE-MAE,3
4373,EZINNE,3
4373,EZRI,3
4373,FAEZA,3
4373,FAHIMAH,3
4373,FAIGY,3
4373,FARIAH,3
4373,FARIDAT,3
4373,FATHEMA,3
4373,FATOUMATTA,3
4373,FAWZIYA,3
4373,FEMKE,3
4373,FEN,3
4373,FEYZA,3
4373,FIDAN,3
4373,FILIPPA,3
4373,FIONN,3
4373,FIRDOUS,3
4373,FJOLLA,3
4373,FLO,3
4373,FLORENTINA,3
4373,FLORIANE,3
4373,FRAYAH,3
4373,FREYA-ROSE,3
4373,FRIEDY,3
4373,GABIJA,3
4373,GEMIMA,3
4373,GENIE,3
4373,GEORGIA-MAY,3
4373,GHANIA,3
4373,GHAZAL,3
4373,GIADA,3
4373,GILA,3
4373,GINEVRA,3
4373,GISELA,3
4373,GIULIANA,3
4373,GIZEM,3
4373,GODA,3
4373,GOLDA,3
4373,GOLDIE,3
4373,GOLDY,3
4373,GOZDE,3
4373,GRISELDA,3
4373,GURVEEN,3
4373,GWENAN,3
4373,GWENDOLEN,3
4373,GYPSEY,3
4373,HAADIA,3
4373,HABEEBA,3
4373,HABIIBA,3
4373,HABOON,3
4373,HADASSA,3
4373,HADEAL,3
4373,HADEEQA,3
4373,HADIL,3
4373,HAFSSA,3
4373,HAIFA,3
4373,HAILA,3
4373,HAILLIE,3
4373,HAJER,3
4373,HALEMA,3
4373,HALIMO,3
4373,HALLA,3
4373,HALLY,3
4373,HANEEFAH,3
4373,HANNAH-MAY,3
4373,HARAM,3
4373,HARITHA,3
4373,HARLEY-ROSE,3
4373,HARLI,3
4373,HARMAN,3
4373,HARMEET,3
4373,HARMONI,3
4373,HARPER,3
4373,HARSHINI,3
4373,HARUKA,3
4373,HASIBA,3
4373,HASINAH,3
4373,HAYDN,3
4373,HEAVEN-LEIGH,3
4373,HEINI,3
4373,HELAYNA,3
4373,HEMISHA,3
4373,HEPHZIBAH,3
4373,HIBAAQ,3
4373,HIFSAH,3
4373,HIFZAH,3
4373,HIJAAB,3
4373,HIJAB,3
4373,HILDA,3
4373,HILLARY,3
4373,HIU,3
4373,HOLLIE-MARIE,3
4373,HOLLY-ANN,3
4373,HOLLY-LOUISE,3
4373,HOLLY-MAE,3
4373,HOLLY-ROSE,3
4373,HONEY-MAE,3
4373,HOSNA,3
4373,HUNNIE,3
4373,IBTIHAL,3
4373,IDARA,3
4373,IFFAT,3
4373,IKHRA,3
4373,ILA,3
4373,ILHAAM,3
4373,ILLANA,3
4373,IMMOGEN,3
4373,IMRANA,3
4373,INARA,3
4373,INDIAH,3
4373,INDICA,3
4373,INGE,3
4373,INTISAR,3
4373,IO,3
4373,IOANA,3
4373,IOLANTHE,3
4373,IRA,3
4373,IRINA,3
4373,IRRAM,3
4373,ISA,3
4373,ISATA,3
4373,ISCHIA,3
4373,ISHANA,3
4373,ISIDORA,3
4373,ISMAHAN,3
4373,ISSABELLA,3
4373,IVA,3
4373,IYLA,3
4373,JAANVI,3
4373,JACEE,3
4373,JACKIE,3
4373,JADIE,3
4373,JAE,3
4373,JAEGER,3
4373,JAHIN,3
4373,JAIDEEP,3
4373,JAINA,3
4373,JAKIA,3
4373,JAMEY,3
4373,JAMIE-,3
4373,JAMIE-LOUISE,3
4373,JANAT,3
4373,JANAVI,3
4373,JANETTE,3
4373,JANIKA,3
4373,JANINE,3
4373,JANVI,3
4373,JASJEET,3
4373,JASLYN,3
4373,JASNEET,3
4373,JASVEER,3
4373,JAVENE,3
4373,JAWARIA,3
4373,JAYAH,3
4373,JAYLEE,3
4373,JAYLEIGH,3
4373,JAYMIE-LEIGH,3
4373,JEANA,3
4373,JEANINE,3
4373,JEANNE,3
4373,JENAI,3
4373,JESICA,3
4373,JESSICA-ANNE,3
4373,JESSICCA,3
4373,JESSY,3
4373,JOELI,3
4373,JOELIE,3
4373,JORDAINE,3
4373,JORDEN,3
4373,JORGA,3
4373,JORGIE,3
4373,JORJIA,3
4373,JOSCELYN,3
4373,JOSEFINE,3
4373,JOVANA,3
4373,JUANA,3
4373,JUDIE,3
4373,JUHI,3
4373,JULES,3
4373,JULIDE,3
4373,JULIENNE,3
4373,JULIETA,3
4373,JUMANA,3
4373,JUNE,3
4373,JUWAYRIYA,3
4373,JYOTI,3
4373,KA,3
4373,KACEY-LEE,3
4373,KACI-MARIE,3
4373,KACIE-LEIGH,3
4373,KADRA,3
4373,KAITLYNN,3
4373,KALICIA,3
4373,KALINA,3
4373,KALISA,3
4373,KALISE,3
4373,KALISTA,3
4373,KAMERON,3
4373,KAMILE,3
4373,KAMILIA,3
4373,KAMISHA,3
4373,KANDICE,3
4373,KANIKA,3
4373,KAR,3
4373,KARAMDEEP,3
4373,KARAMVEER,3
4373,KARDELEN,3
4373,KAREEMAH,3
4373,KARLENE,3
4373,KARMEL,3
4373,KASHVI,3
4373,KASI,3
4373,KASSIA,3
4373,KATANA,3
4373,KATARZYNA,3
4373,KATE-LYN,3
4373,KATELAND,3
4373,KATELYNNE,3
4373,KATHARINA,3
4373,KATHRYNE,3
4373,KATRIN,3
4373,KATRIONA,3
4373,KAVISHA,3
4373,KAVYA,3
4373,KAYAL,3
4373,KAYCEY,3
4373,KAYENAT,3
4373,KAYLEA,3
4373,KAYLYN,3
4373,KAYNA,3
4373,KAYTI,3
4373,KAYTIE,3
4373,KAYZIA,3
4373,KEALEY,3
4373,KEANNE,3
4373,KEELEA,3
4373,KEERAT,3
4373,KEIA,3
4373,KEILY,3
4373,KELCY,3
4373,KELEIGH,3
4373,KELLIANNE,3
4373,KELLIE-ANN,3
4373,KELLIE-MARIE,3
4373,KELLIS,3
4373,KELLYANNE,3
4373,KELSEIGH,3
4373,KENISHA,3
4373,KERENSA,3
4373,KERRIANN,3
4373,KERRIN,3
4373,KERRY-ANN,3
4373,KERRYANN,3
4373,KERRYANNE,3
4373,KERRYN,3
4373,KETURAH,3
4373,KETZIAH,3
4373,KHAIRAH,3
4373,KHALIDA,3
4373,KHALISA,3
4373,KHATIJA,3
4373,KHAWLA,3
4373,KHAYA,3
4373,KHUSHPREET,3
4373,KIAN,3
4373,KIANNE,3
4373,KIARRA,3
4373,KIEANNA,3
4373,KIERAH,3
4373,KINGA,3
4373,KINSEY,3
4373,KIOMI,3
4373,KIRBY,3
4373,KIRSTY-LOUISE,3
4373,KIRUTHIKA,3
4373,KITTIE,3
4373,KIZZI,3
4373,KLARISSA,3
4373,KLEVISA,3
4373,KONNIE,3
4373,KORAH,3
4373,KRISSY,3
4373,KRISTIANA,3
4373,KRITI,3
4373,KRUPA,3
4373,KRYSTA,3
4373,KSENIA,3
4373,KUBRA,3
4373,KUSHI,3
4373,KYANNE,3
4373,KYESHA,3
4373,KYNA,3
4373,KYRAH,3
4373,KYRENE,3
4373,LAAIBAH,3
4373,LACEY-MAE,3
4373,LAINE,3
4373,LAIQAH,3
4373,LALITA,3
4373,LAMARA,3
4373,LAOISE,3
4373,LARAH,3
4373,LATAYA,3
4373,LATESHA,3
4373,LATOYAH,3
4373,LAUNA,3
4373,LAURELL,3
4373,LAURI,3
4373,LAVELLE,3
4373,LAYA,3
4373,LAYAH,3
4373,LAYAN,3
4373,LAYYINAH,3
4373,LEAH-MAI,3
4373,LEANA,3
4373,LEATITIA,3
4373,LEEANNE,3
4373,LEESHA,3
4373,LEEYA,3
4373,LEHA,3
4373,LEIGH-ANNE,3
4373,LELA,3
4373,LEONNA,3
4373,LETIA,3
4373,LETTIE,3
4373,LEYAH,3
4373,LIANI,3
4373,LIBBY-MAE,3
4373,LILAC,3
4373,LILIANNE,3
4373,LILLI-MAI,3
4373,LILLIA,3
4373,LILLIANNA,3
4373,LILLIE-JAYNE,3
4373,LILLIE-ROSE,3
4373,LILLITH,3
4373,LILY-BELLE,3
4373,LILY-BO,3
4373,LILYAN,3
4373,LILYANA,3
4373,LILYANN,3
4373,LILYBELLE,3
4373,LILYBETH,3
4373,LILYMAE,3
4373,LIMARA,3
4373,LINH,3
4373,LINSEY,3
4373,LIOR,3
4373,LISAMARIE,3
4373,LIVVI,3
4373,LIVVIE,3
4373,LIZ,3
4373,LOK,3
4373,LONA,3
4373,LONNIE,3
4373,LOREDANA,3
4373,LORELLE,3
4373,LORIN,3
4373,LORINA,3
4373,LORISSA,3
4373,LOU-ANNA,3
4373,LOUANNE,3
4373,LOWRIE,3
4373,LUANNA,3
4373,LUBABAH,3
4373,LUCY-JANE,3
4373,LUCY-MAE,3
4373,LUJAIN,3
4373,LULIA,3
4373,LYNA,3
4373,MAARIYAAH,3
4373,MABINTY,3
4373,MADELENA,3
4373,MADELYNE,3
4373,MADIA,3
4373,MADISYN,3
4373,MADIYA,3
4373,MADLEN,3
4373,MADLYN,3
4373,MAEESHA,3
4373,MAGAN,3
4373,MAHALA,3
4373,MAHERA,3
4373,MAHIDA,3
4373,MAICEY,3
4373,MAIESHA,3
4373,MAIMOUNA,3
4373,MAKENNA,3
4373,MALEEKAH,3
4373,MALIAKA,3
4373,MALIK,3
4373,MALIKHA,3
4373,MALIYAH,3
4373,MANJOT,3
4373,MANYA,3
4373,MARIEL,3
4373,MARIESHA,3
4373,MARIKO,3
4373,MARIYUM,3
4373,MARY-ANNE,3
4373,MARY-BETH,3
4373,MARY-JEAN,3
4373,MARY-LOUISE,3
4373,MASHA,3
4373,MASUMAH,3
4373,MATHUSHA,3
4373,MAURA,3
4373,MAVISH,3
4373,MAYMUNAH,3
4373,MCKENNA,3
4373,MEABH,3
4373,MEAGHAN,3
4373,MEGAN-LOUISE,3
4373,MEGAN-MARIE,3
4373,MEHAR,3
4373,MEHEK,3
4373,MEHGAN,3
4373,MEKENZIE,3
4373,MELODI,3
4373,MERON,3
4373,MERREN,3
4373,METTE,3
4373,MHARI,3
4373,MIA-JADE,3
4373,MIA-LOUISE,3
4373,MIA-RENEE,3
4373,MICHEL,3
4373,MILLEE,3
4373,MILLIE-LOUISE,3
4373,MILLIE-MAY,3
4373,MILLIE-ROSE,3
4373,MILLISSA,3
4373,MINAMI,3
4373,MIRABELLE,3
4373,MISCHA,3
4373,MITRA,3
4373,MOHINI,3
4373,MOLLIE-ANNE,3
4373,MOLLYANNE,3
4373,MOMENA,3
4373,MOMINAH,3
4373,MONAE,3
4373,MONAY,3
4373,MORENIKE,3
4373,MORGAN-LEIGH,3
4373,MORGANA,3
4373,MORVYN,3
4373,MOYOSOREOLUWA,3
4373,MUKADAS,3
4373,MUMINA,3
4373,MUNASHE,3
4373,MUNIBA,3
4373,MUSAMMAD,3
4373,MUSKHAN,3
4373,MUSSAMAT,3
4373,MUSSAMMAD,3
4373,MUSSAMMAT,3
4373,MYEISHA,3
4373,NAA,3
4373,NAANA,3
4373,NABIYA,3
4373,NADINA,3
4373,NAEVE,3
4373,NAFIZA,3
4373,NAIMH,3
4373,NAJIAH,3
4373,NAJMO,3
4373,NALANI,3
4373,NANDINI,3
4373,NAOMIE,3
4373,NARA,3
4373,NARGIS,3
4373,NASRIYA,3
4373,NASTEHO,3
4373,NATALI,3
4373,NATALIAH,3
4373,NATALY,3
4373,NATAYAH,3
4373,NATHALIA,3
4373,NATISHA,3
4373,NAVEEN,3
4373,NAVLEEN,3
4373,NAVPREET,3
4373,NAZANEEN,3
4373,NAZARENE,3
4373,NAZLICAN,3
4373,NAZREEN,3
4373,NEEHA,3
4373,NEELA,3
4373,NEESHA,3
4373,NEEV,3
4373,NEO,3
4373,NEVA,3
4373,NICKI,3
4373,NICOLETTA,3
4373,NIESHA,3
4373,NIKIA,3
4373,NIKOLE,3
4373,NIMAH,3
4373,NIMCO,3
4373,NIMRAT,3
4373,NIMRIT,3
4373,NISHI,3
4373,NOELLA,3
4373,NOOR-UL-AIN,3
4373,NOORJAHAN,3
4373,NOSHABA,3
4373,NOWSHIN,3
4373,NULA,3
4373,NUMA,3
4373,NURIA,3
4373,NUSAIBA,3
4373,NYLA,3
4373,OLIVIA-JANE,3
4373,OLIVIA-MAY,3
4373,OLIWIA,3
4373,OLTA,3
4373,OLUFUNMILOLA,3
4373,OLUWATONI,3
4373,OLUWATUMININU,3
4373,OLYMPIA,3
4373,OLYVIA,3
4373,OMOLADE,3
4373,ONOME,3
4373,ORIANE,3
4373,ORLY,3
4373,OYINKANSOLA,3
4373,PAIGAN,3
4373,PALESA,3
4373,PALLAVI,3
4373,PANDORA,3
4373,PARVEEN,3
4373,PASHA,3
4373,PEACE,3
4373,PERRY,3
4373,PHILOMENA,3
4373,POPPY-LOUISE,3
4373,POSY,3
4373,PRAVEENA,3
4373,PRECILIA,3
4373,PREET,3
4373,PRERANA,3
4373,PRIANKA,3
4373,PRINA,3
4373,PRITIKA,3
4373,PUNEET,3
4373,QIAN,3
4373,QUINCY,3
4373,RAAHIMA,3
4373,RACHELE,3
4373,RADHIA,3
4373,RADIA,3
4373,RAEANNE,3
4373,RAFA,3
4373,RAFAELLA,3
4373,RAFIAT,3
4373,RAGAN,3
4373,RAHAF,3
4373,RAHEL,3
4373,RAIN,3
4373,RAISAH,3
4373,RAJVIR,3
4373,RAKSHA,3
4373,RALITSA,3
4373,RAMEESHA,3
4373,RAMSHA,3
4373,RANDA,3
4373,RANYA,3
4373,RAPHAELLE,3
4373,RASIKA,3
4373,RAVLEEN,3
4373,RAYAAN,3
4373,RAYANA,3
4373,RAYHANA,3
4373,RAYYAN,3
4373,REBBECCA,3
4373,REBECKA,3
4373,REBEKKAH,3
4373,REESHA,3
4373,REIGAN,3
4373,REIZEL,3
4373,REO,3
4373,RHEANNAN,3
4373,RHEGAN,3
4373,RHIANNA-MAE,3
4373,RHIYA,3
4373,RHYANNON,3
4373,RIANAH,3
4373,RIANNAH,3
4373,RICHELLE,3
4373,RIDDHI,3
4373,RILEIGH,3
4373,RIMAH,3
4373,RIPLEY,3
4373,RIVA,3
4373,RIYAN,3
4373,ROBA,3
4373,ROBINA,3
4373,ROBYNNE,3
4373,ROHA,3
4373,ROHANNA,3
4373,ROHIMA,3
4373,ROHINI,3
4373,ROJBIN,3
4373,ROMESA,3
4373,ROMESSA,3
4373,ROPAFADZO,3
4373,ROSANA,3
4373,ROSANNE,3
4373,ROSEANNAH,3
4373,ROSHELLE,3
4373,ROSHINI,3
4373,ROSIE-JANE,3
4373,ROSLYN,3
4373,ROWENNA,3
4373,ROXANE,3
4373,RUBY-JEAN,3
4373,RUHENA,3
4373,RUKIYE,3
4373,RUKSANA,3
4373,RUMAISAH,3
4373,RUMENA,3
4373,RUMER,3
4373,RUMI,3
4373,RUQAYA,3
4373,RUQAYAH,3
4373,RUQIYA,3
4373,RUTHIE,3
4373,RUWEYDA,3
4373,RYAH,3
4373,RYLIE,3
4373,SAAIMAH,3
4373,SAANIYAH,3
4373,SAARIYAH,3
4373,SABAHAT,3
4373,SABBAH,3
4373,SABEEHAH,3
4373,SADHANA,3
4373,SADIAH,3
4373,SADIE-LEIGH,3
4373,SAEEDA,3
4373,SAEEDAH,3
4373,SAEMA,3
4373,SAFFI,3
4373,SAFFIYA,3
4373,SAFHA,3
4373,SAFIYO,3
4373,SAHANA,3
4373,SAHIMA,3
4373,SAIBAH,3
4373,SAIFA,3
4373,SAIRISH,3
4373,SAJANA,3
4373,SAKINAH,3
4373,SALONI,3
4373,SAMEYA,3
4373,SAMI,3
4373,SAMIAH,3
4373,SAMMAR,3
4373,SAMMY-JO,3
4373,SAMREEN,3
4373,SANDEEP,3
4373,SANEL,3
4373,SANNE,3
4373,SANSKRITI,3
4373,SANTHIYA,3
4373,SAPHIRA,3
4373,SARAFINA,3
4373,SARAH-JAYNE,3
4373,SARENA,3
4373,SARIA,3
4373,SARISHA,3
4373,SARIYA,3
4373,SASSI,3
4373,SATINE,3
4373,SAVERAH,3
4373,SAWERA,3
4373,SAWSAN,3
4373,SAYEEDA,3
4373,SAYEMA,3
4373,SEDA,3
4373,SEDEF,3
4373,SEDRA,3
4373,SEEMAB,3
4373,SELENE,3
4373,SENNEN,3
4373,SEREN-HAF,3
4373,SERI,3
4373,SHADI,3
4373,SHAHINA,3
4373,SHAHNOOR,3
4373,SHAHREEN,3
4373,SHAHZADI,3
4373,SHAINDY,3
4373,SHAISTA,3
4373,SHAKAYLA,3
4373,SHAKIRA-LEE,3
4373,SHAKIYA,3
4373,SHALAMAR,3
4373,SHAMAILA,3
4373,SHAMILAH,3
4373,SHAMOYA,3
4373,SHAN,3
4373,SHANAIA,3
4373,SHANEY,3
4373,SHANIYAH,3
4373,SHANNI,3
4373,SHANNON-LEIGH,3
4373,SHANTANA,3
4373,SHANTIA,3
4373,SHANYAH,3
4373,SHARANYA,3
4373,SHARAYA,3
4373,SHARDAE,3
4373,SHARI,3
4373,SHARIA,3
4373,SHARLEEN,3
4373,SHARLOTTE,3
4373,SHARNE,3
4373,SHAUNAH,3
4373,SHAWANA,3
4373,SHAYLEY,3
4373,SHAYNE,3
4373,SHELINA,3
4373,SHENADE,3
4373,SHENAE,3
4373,SHENIZ,3
4373,SHERIDAN,3
4373,SHERYL,3
4373,SHEYLA,3
4373,SHIVANGI,3
4373,SHORNA,3
4373,SHUGRI,3
4373,SHUHEDA,3
4373,SHULAMIS,3
4373,SHYA,3
4373,SIANTE,3
4373,SIERRA,3
4373,SILKA,3
4373,SILVA,3
4373,SILVANA,3
4373,SILVIE,3
4373,SIMARPREET,3
4373,SIMISOLA,3
4373,SIMRANJEET,3
4373,SIMREET,3
4373,SINADE,3
4373,SIRIN,3
4373,SITA,3
4373,SITARA,3
4373,SITI,3
4373,SOFIJA,3
4373,SOFIYA,3
4373,SOFIYAH,3
4373,SOLANGE,3
4373,SOLENE,3
4373,SONAM,3
4373,SONIYA,3
4373,SONNA,3
4373,SOPHIA-ROSE,3
4373,SOPHIE-JANE,3
4373,SOPHIE-MARIE,3
4373,SOPHIE-MAY,3
4373,SORA,3
4373,STARLA,3
4373,STEFANIA,3
4373,STEFANY,3
4373,STEPHENIE,3
4373,STEVI,3
4373,STORME,3
4373,SUADA,3
4373,SUBAH,3
4373,SUBHANA,3
4373,SUBRINA,3
4373,SUDENAZ,3
4373,SUHANI,3
4373,SULTANA,3
4373,SUMER,3
4373,SUMEYYE,3
4373,SUMMAN,3
4373,SUNITA,3
4373,SURA,3
4373,SURI,3
4373,SURINA,3
4373,SURYA,3
4373,SUVI,3
4373,SUWETHA,3
4373,SWATHI,3
4373,SWETHA,3
4373,SYBILLA,3
4373,TAE,3
4373,TAFADZWA,3
4373,TAHIYAH,3
4373,TAHLIAH,3
4373,TAHMIDA,3
4373,TAIA,3
4373,TAKWA,3
4373,TALEAH,3
4373,TALEKA,3
4373,TALISA,3
4373,TALLIAH,3
4373,TALLY,3
4373,TALULLAH,3
4373,TAMANA,3
4373,TAMANNAH,3
4373,TAMASIN,3
4373,TAMEEKA,3
4373,TAMI,3
4373,TAMICA,3
4373,TAMIMA,3
4373,TAMINA,3
4373,TAMLYN,3
4373,TAMMI,3
4373,TAMMY-LEIGH,3
4373,TANA,3
4373,TANAYA,3
4373,TANEISHA,3
4373,TANEM,3
4373,TANIYAH,3
4373,TANVIR,3
4373,TANYEL,3
4373,TAO,3
4373,TAPIWA,3
4373,TARANDEEP,3
4373,TARANJEET,3
4373,TARINA,3
4373,TARNYA,3
4373,TASHARNA,3
4373,TASIA,3
4373,TASMINA,3
4373,TATJANA,3
4373,TAYJAH,3
4373,TAYLA-LEIGH,3
4373,TAYLOR-ANN,3
4373,TAYLOR-LEIGH,3
4373,TAYMAR,3
4373,TAYMIYAH,3
4373,TAYTE,3
4373,TAYYABA,3
4373,TAZMINE,3
4373,TEIA,3
4373,TEMIDAYO,3
4373,TEMISAN,3
4373,TENAYA,3
4373,TEONIE,3
4373,TEQUILA,3
4373,TERRI-LEIGH,3
4373,TERRIE,3
4373,TESHA,3
4373,THAHERA,3
4373,THAIS,3
4373,THAISA,3
4373,THAMINA,3
4373,THAMINAH,3
4373,THANDEKA,3
4373,THANIA,3
4373,THANYA,3
4373,THARSIKA,3
4373,THERESE,3
4373,THIA,3
4373,THOMASINA,3
4373,THYRA,3
4373,TIA-,3
4373,TIA-ROSE,3
4373,TIAHNA,3
4373,TIAN,3
4373,TIGER-LILY,3
4373,TIJANA,3
4373,TILIA,3
4373,TILLY-LOUISE,3
4373,TINOTENDA,3
4373,TIONNE,3
4373,TIPPI,3
4373,TISHANA,3
4373,TIYANAH,3
4373,TOBI,3
4373,TOLUWALASE,3
4373,TOMMI,3
4373,TONIA,3
4373,TONICHA,3
4373,TREASURE,3
4373,TRICIA,3
4373,TRINNITY,3
4373,TUANA,3
4373,TUESDAY,3
4373,TUI,3
4373,TULIN,3
4373,TURAYA,3
4373,TUSCANY,3
4373,TYA,3
4373,TYESHA,3
4373,TYLAH,3
4373,TYNESHA,3
4373,TZIVIA,3
4373,UMAYMA,3
4373,UME-HABIBA,3
4373,UMME-HABIBAH,3
4373,URJA,3
4373,VALENCIA,3
4373,VALENTINE,3
4373,VANESA,3
4373,VELVET,3
4373,VERONIQUE,3
4373,VIANNE,3
4373,VIDHI,3
4373,VINAYA,3
4373,VISHALI,3
4373,VIVIEN,3
4373,WAHIDAH,3
4373,WAJIHA,3
4373,WANIA,3
4373,WANIYA,3
4373,WARDA,3
4373,WEDNESDAY,3
4373,WIKTORIA,3
4373,WINONA,3
4373,WREN,3
4373,XIAO,3
4373,XSARA,3
4373,YAMINA,3
4373,YASMYN,3
4373,YAZMINA,3
4373,YE,3
4373,YESHA,3
4373,YSABELLA,3
4373,YSABELLE,3
4373,YUAN,3
4373,YUI,3
4373,YVES,3
4373,YZABELLA,3
4373,ZADIE,3
4373,ZAKIRA,3
4373,ZARISH,3
4373,ZARRAH,3
4373,ZAYNEB,3
4373,ZAYNUB,3
4373,ZENIB,3
4373,ZEYNAB,3
4373,ZOE-ANN,3
4373,ZOLA,3
4373,ZUBAYDAH,3
4373,ZUHA,3
4373,ZUHAL,3
4373,ZUHUR,3
4373,ZULEIKA,3
