,Healthy
(Fair Health),Healthy
1 Week,Healthy
1/2 Deaf,Healthy
1st Finger of Right Hand Broken,
31st Irish,
5 Years Plu?,
?,Healthy
? Deaf,Healthy
? Lunatic,Lunatic
? in Speaking,
?ane,Lame
?tics,Sick
A Cripple,Cripple
A Little ?,Partially Deaf
A Little Deaf,Partially Deaf
A Little Deff,Partially Deaf
A Little Foolish,
A Little Me?choly,
A Little Simple,
A Severe Cold,
A little deaf,Partially Deaf
Above,Healthy
Abright,Healthy
Absces,Healthy
Abumenarn,Healthy
Acute Rheumatison,
Affected with Lunacy,
Affiliate Idiot,
Affilicted None,Invalid
Afflicted,Invalid
Afflicted Person,
Afflicted with Lunacy,
Afflited,Invalid
Aged,Healthy
Alcoholism,
All Faculties,Healthy
All Free From an Impediment,Healthy
All Good,Healthy
All Healthy,Healthy
All His Faculties,Healthy
All Intelects,Healthy
All Inteletis,Healthy
All My Senses,
All Perfect,Healthy
All R,Healthy
All Right,Healthy
All Right no Diformaties,Healthy
All Rights,Healthy
All Rigt,Healthy
All Senses Right,Healthy
All Sound,Healthy
All Sound and Perfect,Healthy
All Sound in Mind and Limb,Healthy
All There,Healthy
All Well,Healthy
All Write,Healthy
All and Dumb Nere,Healthy
All good health,Healthy
All in Found Health,Healthy
All in Good Health,Healthy
All in Good Healthy in Body and Mind,Healthy
All off,Healthy
All right,Healthy
All sound,Healthy
All sound and free from above,Healthy
All three Quite Sound,
Almost Blind,Partially Blind
Almost Slince,Partially Blind
Almost blind,Partially Blind
Alocholism,
Alright,Healthy
Alscess,Healthy
Amputation,
An Imbecile,Healthy
An Imbecile and Dumb,Dumb And Imbecile
An in Blind,Partially Blind
Anaemia,Invalid
And Same Thankful,Healthy
Aphertn Heart,
Apple ?,Healthy
Are Not,Healthy
Arm Deformed,Crippled
Arm Off,Healthy
Artificial Throat,
Ashona and Bronchitis,
Assouchment,Healthy
Asthma,Healthy
Asthma and weak Heart,
Asylum,Healthy
At Sea,Healthy
Athma,Healthy
Bad Back,Partially Blind
Bad Ear,Invalid
Bad Eyes,Invalid
Bad Eyesight,Partially Blind
Bad Health,Healthy
Bad Hearing,Healthy
Bad Leg,Lame
Bad Sight,Partially Blind
Bad Sight Nearly Blind,
Bad Sight and Deseased,
"Bad Sight, Almost Blind",
Bad health,Healthy
Badside,Invalid
Badtonfoot,Cancer
Bally,Healthy
Bd Weak Sight,Partially Blind
Bed Ridden,Bedridden
Bedridden,Bedridden
Bedridden Invalid,
Being Cristed From Her Home,
Belicate in Health,
Best Sirus,
Best Sneers,
Blaind,Blind
Bland,Blind
Blank,Blind
Blind,Blind
Blind (Iron Cataract Com 15 Yrs),
Blind (Old Age),
Blind 11 yrs,
Blind 34 years,
Blind 40 years Affecter,
Blind 40 years Caused by Small Pox,
Blind 6 Yrs,Blind
Blind 9 years,
Blind ?,Blind
Blind Cataract,
Blind Dumb Idiotic,
Blind Idiot Dumb,
Blind Inbelied,Blind
Blind Lame,Blind
Blind Left Eye,Partially Blind
Blind Nearly,Blind
Blind None,Blind
Blind One Eye,Partially Blind
Blind Only,Blind
Blind Parily,Partially Blind
Blind Partially,Partially Blind
Blind R Cyl,Blind
Blind R Eye,Partially Blind
Blind Right Eye,Partially Blind
Blind See from C for Particulars,
Blind Since 20 years,
Blind These,Blind
Blind Totally Blind for the Past 10 years cause not Known Never Treated in Hospital,
Blind Two years Cause Not Known Treated in St Marks Hospital Dublin,
Blind Yes,Blind
Blind and ?,Blind
Blind and Deaf,Deaf And Blind
Blind and Deaf and Dumb,
Blind and Decrefit,Blind And Decrepit
Blind and Decrepit,Blind And Decrepit
Blind and Dumb,Deaf And Blind
Blind and Imbecile,Blind And Imbecile
Blind and Lame,Blind And Lame
Blind and Lane,Blind And Lame
Blind and Simple Minded,
Blind cataract,
Blind for ?,
Blind for Ever 20 years,
Blind for the past 19 years Never Treated in Hospital Cause not Known,
Blind in Left Eye,Partially Blind
Blind in One Eye,Partially Blind
Blind in Right Eye,Partially Blind
Blind in one Eye,Partially Blind
Blind in one eye,Partially Blind
Blind of Left Eye,Partially Blind
Blind of Old Age,Partially Blind
Blind of One Eye,Partially Blind
Blind of One eye,Partially Blind
Blind of R. Eye,Partially Blind
Blind of an Eye,Partially Blind
Blind of one Eye,Partially Blind
Blind of one eye,Partially Blind
Blind of one eye only,Partially Blind
Blind on eye,Partially Blind
Blind one Eye,Partially Blind
Blind one eye,Partially Blind
Blind only,Blind
Blind person oldage,
Blind to be done,
Blind with Right Eye,
Blinde,Blind
Blindness,Blind
Bllind,Blind
Bone Disease,Healthy
Bone Dises,Healthy
Born Without the Right Hand,
Both Deaf and Dumb,Healthy
Both delicate on relief,
Boyle Hospital,
Brick,Sick
Brochitis,Bronchitis
Brocken Leg,Lame
Broken Leg,Lame
Broken Leg and Pains,
Broncheles,Bronchitis
Bronchitic,Bronchitis
Bronchitis,Bronchitis
Bronshitis,Bronchitis
C D,Healthy
Came in One Leg,
Can Hear and See also Speak,
Can Hear and Speak Only a Very ?,
Can Hear but Cannot Speak,
Can Here,Cancer
Can See God hear In Good Health,
Can See and Hear,
Can See and Hear Deaf nor Dumb,
Can Speak,Dumb
Can Speak Some-Not Deaf,
Can Speak and Hear,Healthy
Can Talk,Lame
Cancer,Cancer
Cannot Hear or Speak Distinetly,
Cannot Hear to Well or Speack to Well,
Cannot Speak,Dumb
Cannot Speak Plainly,
Cannot Till,Lame
Cannot Walk,Lame
Cannot hear,Lame
Cannot walk,Lame
Canspeak,Cancer
Capple,Idiot
Cardiac,Cancer
Carn? Only,Lame
Cat?r?t on Eyes,
Cataract,
Cataract Age,
Catarrh,Cancer
Cause Not Known,
Ch Bronchitis,Bronchitis
Chest Dease,
Child Lame,
Chr?ic Bronchitis,
Chronic brouchites,
Club-Foot,Idiot
Co Wexford,Healthy
Cold Debilites Blind,
Concemption,Consumption
Confered and Invalid,
Congestion of the Lungs,
Conn,Healthy
Consum,Cancer
Consumpted,Consumption
Consumption,Consumption
Consumptive,Consumption
Consuption of the Lungs,
Contused Rites,
Cork City,
Corn,Healthy
Corns Only,Blind
Cosh,Healthy
Cost Half,Healthy
Cracked Foot,
Crepple,Cripple
Creppled,Crippled
Creppled Only,Crippled
Crippe,Cripple
Crippel,Cripple
Crippell,Cripple
Cripper,Cripple
Cripple,Cripple
Cripple and Imbecile,
Cripple from Birth,
Crippled,Crippled
Crippled on Left Knee,
Crippler,Cripple
Cunsumph?e,Consumption
Cupuble,Healthy
Curosy,Healthy
D & Dumb,Dumb
D Dumb,Dumb
D Idiot,Idiot
D and Dumb,Deaf And Dumb
D or Dumb,Healthy
Daf and Dumb,Deaf And Dumb
Dark,Lame
Dark of Sight,
Dccepit,Invalid
De Dumb,Dumb
De?,Healthy
Dead and Dumb,Deaf And Dumb
Deaf,Deaf
Deaf ?,Deaf
Deaf Blind,Partially Blind
Deaf Dum,Deaf And Dumb
Deaf Dumb,Deaf And Dumb
Deaf Dumb Blind,Deaf And Blind
Deaf Dumb Imbecile,"Imbecile, Deaf And Dumb"
Deaf Dumb and Blind,"Deaf, Dumb And Blind"
Deaf Dumb and Idiot,"Deaf, Dumb And Blind"
Deaf Dumb and Imbecile,Dumb And Imbecile
Deaf Idiot,Deaf and Idiot
Deaf Idiot Imbecile,
Deaf Imbecile,Dumb And Imbecile
Deaf Lame,Deaf And Dumb
Deaf Mind,Deaf And Dumb
Deaf Mute,Deaf And Dumb
Deaf Only,Deaf
Deaf Partially,Partially Blind
Deaf Partially Dumb,
Deaf a Little,
Deaf amd Dumb,Deaf And Dumb
Deaf and ?,Deaf And Dumb
Deaf and Blind,Deaf And Blind
Deaf and D,Deaf And Dumb
Deaf and Decrepit,Blind And Decrepit
Deaf and Defed Since Birth,
Deaf and Dum,Deaf And Dumb
Deaf and Dumb,Deaf And Dumb
Deaf and Dumb Blind,"Idiot, Deaf And Dumb"
Deaf and Dumb Idiot,"Idiot, Deaf And Dumb"
Deaf and Dumb Idiotic,"Idiot, Deaf And Dumb"
Deaf and Dumb Imbecile,"Imbecile, Deaf And Dumb"
Deaf and Dumb Only,"Idiot, Deaf And Dumb"
Deaf and Dumb Since Birth,
Deaf and Dumb Since Infancy,
Deaf and Dumb also Idiot,"Idiot, Deaf And Dumb"
Deaf and Dumb and Blind,"Deaf, Dumb And Blind"
Deaf and Dumb and Idiot,"Idiot, Deaf And Dumb"
Deaf and Dumb and Idoit,"Idiot, Deaf And Dumb"
Deaf and Dumb and Imbecile,"Imbecile, Deaf And Dumb"
Deaf and Dumb and Nearly Blind,
Deaf and Dumb from Birth,
Deaf and Dumb from Infancy,
Deaf and Dumb from her Birth,
Deaf and Dumb only,"Idiot, Deaf And Dumb"
Deaf and Dumb was caused by an attack of Scarbatina,
Deaf and Dumf,Deaf And Dumb
Deaf and Dump,Deaf And Dumb
Deaf and Idiot,Dumb And Idiot
Deaf and Imbecile,Dumb And Imbecile
Deaf and La,Deaf And Lame
Deaf and Lame,Deaf And Lame
Deaf and Nearly Blind,
Deaf and Part Blind,Deaf And Blind
Deaf and almost Dumb,
Deaf and dumb,Deaf And Dumb
Deaf in Right Ear Minus Great ? Left,
Deaf nor Dumb,Deaf
Deaf onley,Deaf
Deaf only,Deaf
Deaf only Not Dumb,
Deaf or Causually,
Deaf or Dumb,Healthy
Deaf or dumb,Healthy
Deaf this 5 years,
Deaf-Dumb,Deaf
Deafness,Deaf
Dear Only,Deaf
Debilitas,Invalid
Debility,Invalid
Decline,Invalid
Decline in Health,
Decline to Report,
Decrefit,Invalid
Decrep?,Invalid
Decrepet,Invalid
Decrepit,Invalid
Decrepit (Deformed),
Decrepit Deaf and Dumb,
Decrepit Lame,Decrepit
Decrepit Spiral Disease,
Decrepit a Cripple,
Decrepit and Blind,
Decrepit and C,Decrepit
Decrepit and Nearly Blind,
Decrepit only,Decrepit
Decrepit-One Leg only,Decrepit
Decrept,Invalid
Decripit,Invalid
Decript,Invalid
Decript Dumb,Decrepit
Dectiner,Invalid
Deem,Deaf
Deeopit,Invalid
Deerfot,Deaf
Deerpit,Invalid
Def,Healthy
Def Dum,Dumb
Def a Little,
Def and Dum,Deaf And Dumb
Def and Dumb,Deaf And Dumb
Defect Vision,
Defect in right Eye,
Defection Sight,
Defective Intellect Imbecile,
Defective Sight,
Defective Ulterance,
Defetroe Memory,
Deff,Deaf
Deff and Dum,Deaf And Dumb
Deff and Dumb,Deaf And Dumb
Deformed,Crippled
Deformed ?ist,Crippled
Deformed Feet,Crippled
Deformed Hand and Foot,
Deformed Legs,Crippled
Deldicate,Invalid
Delicate,Invalid
Demented,Crippled
Denbility,Invalid
Deorepit,Invalid
Desable,Crippled
Desased Lip,Deaf And Dumb
Diaree,Cancer
Dieholm,Deaf
Dig,Healthy
Dirty Habits,
Disable,Crippled
Disabled,Crippled
Disabled Leg,Crippled
Disabled One Leg,
Disabled born with Legs Short and Feet Deformed,
Disabled in the Limbs Naturally,
Dislocated Shoulder,
Disordered Brain,
Dissabled Hand,Crippled
Do,Healthy
Do Not Aff,
Do Not Affct,Healthy
Does not Appear,
Domented,Crippled
Dotard,Healthy
Doting,Healthy
Drinks,Sick
Dropsy,Healthy
Dum,Healthy
Dum Idiot,Dumb And Idiot
Dum Only,Dumb
Dumb,Dumb
Dumb (Partly),Dumb
Dumb Born Paralyze Since,
Dumb Crippley,Cripple
Dumb Embecile,Dumb And Imbecile
Dumb Idiot,Dumb And Idiot
Dumb Idiote,Dumb And Idiot
Dumb Imbecile,Dumb And Imbecile
Dumb Mute,Deaf And Dumb
Dumb Only,Dumb
Dumb Only Decrepit,
Dumb Only Idiot,Dumb And Idiot
Dumb Only and Decrepit,
Dumb Only and Idiot,Dumb And Idiot
Dumb Only and Imbecile,Dumb And Imbecile
Dumb Weak Minded,
Dumb and Blind,Deaf And Blind
Dumb and Deaf,Deaf And Dumb
Dumb and Deaf Born Deaf and Dumb Cause not Known,
Dumb and Decrepit,Blind And Decrepit
Dumb and Idiot,Dumb And Idiot
Dumb and Idiotic,Dumb And Idiot
Dumb and Idiotie,Dumb And Idiot
Dumb and Imbecile,Dumb And Imbecile
Dumb and Portly Blind,
Dumb and Silly,Deaf And Dumb
Dumb and a Cripple,
Dumb and an Imbecile,Dumb And Imbecile
Dumb and an Imbeciles Idiot,
Dumb but not Deaf,Dumb
Dumb from Birth,
Dumb not Deaf,Dumb
Dumb only,Dumb
Dumb only Idiot,Dumb And Idiot
Dumb only Imbecila,Dumb And Imbecile
Dumb only Imbecile,Dumb And Imbecile
Dumb only Parlysis 5 Years,
Dumb only and Idiot,Dumb And Idiot
Dumb only and Imbecile,Dumb And Imbecile
Dumb only since Infancy,
Dumb or,Dumb
"Dumb, Idiot",Dumb And Idiot
"Dumb, Imbecile",Dumb And Imbecile
Dumb-Idiot,Invalid
Dumbs only,Dumb
Dwarf,Deaf
Dyspepsia,Invalid
Ediot,Idiot
Egstism,Healthy
Ellen Sayers Imbecile,
Else Where,
Elsewhere,Healthy
Embcile,Imbecile
Embecile,Imbecile
Embile,Idiot
Emleptir,Epilepsy
Enfeebled Age,
English,Healthy
Epeliptis,Epilepsy
Epelptic,Epilepsy
Epilaptie,Epilepsy
Epilepsy,Epilepsy
Epileptic,Epilepsy
Epileptic Case,Epilepsy
Epileptic Fits,Epilepsy
Epilepticfits,Epilepsy
Epilipsey,Epilepsy
Etc,Healthy
Evil,Healthy
Excluded in Foretto Common Stepherd Excise Dublin,
Eye,Healthy
Eyes Bed High,
Eyesight Bad,
Faculties Perfect,Healthy
Failing Sight,
Fair Health,Healthy
Fall,Healthy
Family Perfect Health,
Farmless Lunatic,Lunatic
Feable minded,
Febleness,Deaf
Feeble,Decrepit
Feeble and Old,
Feel Serious,
Fibble,Decrepit
Firfact,Healthy
Firm,Healthy
Fits,Healthy
Foamich to Say,
Fore Finger r Hand Lost,
Foreleg's,Healthy
Fractured Hip,
Frath,Healthy
Freak,Healthy
Free,Healthy
Free From ? Physical Infirmities,
Free from Infirmaties,Healthy
Free from all Deiase,Healthy
Free from all Infirmities,Healthy
Full Faculties,Healthy
G Debility,Invalid
G Decline,Imbecile
G H,Healthy
G Health,Healthy
G Heath,Healthy
G I P,Healthy
General Debility,Invalid
General Weakness,
Genl Debility,Invalid
Getting Old,
Goat,Healthy
Good,Healthy
Good Health,Healthy
Good Heath,Healthy
Good Leath,Healthy
Grate Healthy,Healthy
H Cork,Dumb
H and Speak,Healthy
Half Blind,Partially Blind
Half Deaf,Healthy
Half Deaf and Dumb,Healthy
Half Fool Particular,
Half Mad,Partially Blind
Half Thick,Partially Blind
Hand Off,
Hand of Leving,
Hard of Hearing,
Hare-lip,Healthy
Harmless Idiot,
Harmless Idiot Since Infancy,
Harmless Lunatic,Lunatic
"Harmless, Lanstic",Lunatic
Has Good Health,Healthy
Has No Infirmity,Healthy
Has all her Tubullin and Pended,
Has but one Arm,
Has not Capacity for any Learning,
Haunch Back,
Have No Infirmity,Healthy
Have none of the Above Malodies,
He is Deaf,Healthy
Health,Healthy
Health Good,Healthy
Healthly,Healthy
Healthy,Healthy
Healty,Healthy
Hear See and Speak,Healthy
Hear Speak,Dumb
Hear Speak See,Healthy
Hear Wile,Healthy
Hear and See also Speak,
Hear and Speak,Healthy
Hear and Speak a Little,
Hear and Speok,Healthy
Hearing,Healthy
Hearing and C,Healthy
Heart Disease,Hip Disease
Heart Disease and Blind and One Leg,
Heartburn,Healthy
Heath,Healthy
Heavy Cold,Healthy
Heavy Work,
Heor and Speok,Healthy
Herb,Healthy
Highly Deaf,Partially Deaf
Highy Deaf,Healthy
"Him, See",Crippled
Hip Desease,Hip Disease
Hip Disease,Hip Disease
Hip Lame Contraction,
Hip disease,Hip Disease
Hipdisease,Crippled
Histerick,
Homrage on Stomack,
Humless Lunatic,Lunatic
Hunch Backed,
Hunchback,
Hurt,Healthy
Husband a Lunatic,
Hydrocephalus,
Hysteria,
I C,Healthy
I G,Healthy
I and Lunatic,Lunatic
Ib,Healthy
Ibecile,Imbecile
Id,Healthy
Idcotic,Idiot
Idiodic,Idiot
Idiot,Idiot
Idiot 10 years,
Idiot 15 yes,
Idiot ?,Idiot
Idiot B,Idiot
Idiot Blind,Healthy
Idiot Deaf and Dumb,Healthy
Idiot Dumb,Dumb And Idiot
Idiot Dumb Only,Dumb And Idiot
Idiot Dumb and Blind,"Deaf, Dumb And Blind"
Idiot Dumb only,Dumb And Idiot
Idiot Innocent,
Idiot Invalid,
Idiot P B,Dumb And Idiot
Idiot and Deaf and Dumb,
Idiot and Dumb,Dumb And Idiot
Idiot and Dumb Only,Dumb And Idiot
Idiot and Harmless,
Idiot and Imbecile,Blind And Imbecile
Idiot and Lame,Dumb And Idiot
Idiot or Deaf and Dumb,Healthy
Idiot or Imbecile,
"Idiot, Deaf",Dumb And Idiot
Idiotcy,Idiot
Idiote,Idiot
Idiotel,Idiot
Idioter,Idiot
Idiotes,Idiot
Idioti,Idiot
Idiotic,Idiot
Idiotic and Blind,
Idiotic and Dumb,Dumb And Idiot
Idiotie,Idiot
Idiotiot,Idiot
Idiots,Idiot
Idiots Manias,Dumb And Idiot
Idist,Idiot
Idoit,Idiot
Idoit Simple,Dumb And Idiot
Idot,Idiot
Idote,Idiot
Iidiot,Idiot
Im,Healthy
Imb?,Healthy
Imbce,Healthy
Imbcile,Imbecile
Imbeale,Imbecile
Imbecale,Imbecile
Imbecil,Imbecile
Imbecile,Imbecile
Imbecile 5 years,
Imbecile Cant Walk,
Imbecile Crapple,
Imbecile Deaf and Dumb,Dumb And Imbecile
Imbecile Dumb,Dumb And Imbecile
Imbecile Dumb Only,Dumb And Imbecile
Imbecile From Birth,
Imbecile Idiot,Imbecile
Imbecile Only,Dumb And Imbecile
Imbecile Parlysis of Head and Side,
Imbecile Simple,Dumb And Imbecile
Imbecile Since Birth,
Imbecile Stight,Dumb And Imbecile
Imbecile Who Can Speak Very Little,
Imbecile and Blind,Imbecile
Imbecile and Deaf,Dumb And Imbecile
Imbecile and Dumb,Dumb And Imbecile
Imbecile and Idiot,Imbecile
Imbecile and Lunatic,
Imbecile and idiot,Imbecile
Imbecile from Birth,
Imbecile from Infancy,
Imbecile from birth,
Imbecile in Body,
Imbecile in Limbs,Dumb And Imbecile
Imbecile or Idiot,Imbecile
Imbecile or Idiot Nor no Good Sense,
Imbecile or Innocent,Imbecile
Imbecileor,Imbecile
Imbeciles,Imbecile
Imbecility,Imbecile
Imbecill,Imbecile
Imbecille,Imbecile
Imbecillie,Imbecile
Imbecle,Imbecile
Imbescile,Imbecile
Imbesile,Imbecile
Imbicile,Imbecile
Imbicility,Imbecile
Imbocile,Imbecile
Imecile,Imbecile
Imlecile,Imbecile
Impaired Sight,
Impediment in Speech,
Imper Fick Speek Imbecile,
Imperfect Speech,
Imperfectly,Healthy
In Asylum Lunatic,
In Aughrine,Invalid
In Core,Invalid
In Corpore Sano,
In Good Health,Healthy
In Health,Healthy
In Hospital Sick,
In Infirmary,Healthy
In Lunatic Asylum,
In Perfection,Healthy
In Perfects Census,
In Richmont Sylum Lunatic,
In Sane,Healthy
In an Deaf,Healthy
Inbecile,Imbecile
Inbecile Deaf and Dumb,Dumb And Imbecile
Index Single Deferant,
Infalide,Invalid
Infant,Invalid
Infant Right,
Infantile Paralysis,
Infintane Paryalisis,
Infirm,Invalid
Infirm Speech,
Infirmary None,Healthy
Infirmate,Invalid
Infirmited Right Foot at Birth,
Infirmities,Invalid
Infirmities Free ?,
Infirmities Nil,Healthy
Infirmities None,Healthy
Infirmities Not Any,
Infirmity,Invalid
Infirmity only in Mind,Lunatic
Inflamation of the Intestines,
Influenza,Influenza
Influenza Cold,Influenza
Influenza of Indigestion,
Influenzacold,Influenza
Influnza,Influenza
Influz?,Influenza
Infuenza,Influenza
Inirlided,Invalid
Injured Leg fall When Infant Paralized,
Injured Loin,
Injury to Thumb and Toenail,
Innocend,Healthy
Innocent,Healthy
Innount,Healthy
Ino,Healthy
Inocent,Healthy
Inpedment,Healthy
Insafred,Invalid
Insane,Healthy
Insane 12 6,
Insanity,Invalid
Inteligant,Healthy
Inty,Healthy
Invaild,Invalid
Invalede,Invalid
Invalid,Invalid
Invalid Paralysis,
Invalide,Invalid
Invalided,Invalid
Invalied,Invalid
Invilad,Invalid
Invilade,Invalid
Invilede,Invalid
Inviliad,Invalid
Invilid,Invalid
Irish,Idiot
Irish and E,
Irish and English,
Is Deaf,Healthy
Is not Deaf nor Dumb,Healthy
Iunatic,Lunatic
K,Healthy
Kidney Disease,Healthy
Know,Healthy
Known,Healthy
L?,Healthy
Lady,Lame
Laim,Lame
Laim of K?,Lame
Laime,Lame
Laist,Healthy
Lam,Lame
Lamb,Lame
Lame,Lame
Lame (Deformed Fat),
Lame ?,Lame
Lame Deaf and Dumb,Healthy
Lame Decrepit,Invalid
Lame Invalid,Invalid
Lame Loss of a Leg,
Lame Only,Lame
Lame Right Leg Amputated Below Knee,
Lame and Blind,Deaf And Blind
Lame and Deaf,Deaf And Dumb
Lame and Decrepit,Blind And Decrepit
Lame and Paralysis,
Lame and Withered Hand,
Lame of Leg,Lame
Lame of Right Leg,
Lame on Cautches,
Lame one Foot,
Lame only,Lame
Lame only one Leg,
Lame with Hip Disease,
Lame?,Lame
Lamed,Lame
Lameness,Deaf
Lamer,Lame
Lams Leg,Lame
Lane,Lame
Lane one Foot,
Lanre,Lame
Latten,Lame
Left Arm Paralysis,
Left Eye Blinded by Accident,
Left Hand Weak,
Leg,Healthy
Leg Ampuated,
Leg Amputate,
Leg Amputated,
Leg Broken,
Leg Lost,Healthy
Leintic,Idiot
Light Deaf,Healthy
Lille Deaf,Partially Deaf
Limbs Powerless Imbecile,
Little Deaf,Partially Deaf
Little Foolish,
Loc,Healthy
Locom,Lame
Locomoter Atcay,Healthy
Lodgers,Healthy
Longnetied,
Look of one eye,Partially Blind
Loss of Hand,
Loss of Leg,
Loss of Limb,
Loss of Limb (Arm),
Loss of Limb (Leg),
Lost Left Arm,
Lost Left Hand,
Lost One Eye,Partially Blind
Lost One Foot by Accident,
Lost One Hand,
Lost Right Arm,
Lost Two Legs,
Lost a Hand,
Lost an Arm,Healthy
Lost one Arm,Crippled
Lost the use of one eye,
Luanatic,Lunatic
Lumps in Threat,
Lunacy,Lunatic
Lunatic,Lunatic
Lunatic on Chancery,
Lunatick,Lunatic
Lunatie,Lunatic
Lunatis,Lunatic
Lung Deasa,Healthy
Lunotick,Lunatic
M A M,Healthy
Maimed,Lame
Maladies,Invalid
Marked Face,
Meeghlqr,Healthy
Melancholia,
Melancholly,
Melancholy,
Meningitis Deaf,
Mens Sana in Corpore Sana,
Mental Derangament,
Mental Development Arrested,
Mentally Affected,
Mild Lunatic,Lunatic
Mind P?t,
Mind Per?t,
Minus Hand,
Minus a Leg,
Minusa Leg,Lame
Monomaniac,
Much Affected with a Very Weaks Constitution Dumb Imbecile,
Mullingar,Invalid
N,Healthy
N Blind,Healthy
N D or Du,Healthy
N D or Dumb,Healthy
N Deaf nor Dumb,Healthy
N Dumb,Dumb
N Sighted,Healthy
N to Infirmities,Healthy
Natural Senses,Healthy
Neak Mend,Deaf And Dumb
Near Blind,Partially Blind
Near Deaf,Healthy
Near Sighted,Partially Blind
Near Tighted,Partially Blind
Nearly Blind,Partially Blind
Nearly Deaf,Partially Deaf
Nearly Dumb not Deaf,
Nearly Flu,Partially Blind
Nearly blind and deaf,
Neather,Healthy
Neather Deaf etc,
Neather Deaf nor Dumb,Healthy
Neglected Cold,
Neigher,Healthy
Neighr,Healthy
Neighter,Healthy
Neighter Deaf or Dumb,Healthy
Neighter WD Const,
Neighther,Healthy
Neighton,Healthy
Neigther,Healthy
Neil,Healthy
Neith Deaf or Dumb,Healthy
Neither,Healthy
Neither Above,
Neither D D nor B,Healthy
Neither D one D,Healthy
Neither Dead Dumb Blind or Imbecile,
Neither Deaf,Healthy
Neither Deaf Dumb,Healthy
Neither Deaf Dumb Blind Imbecile Idiot or Lunatic,Healthy
Neither Deaf Dumb Blind or Idiot,
Neither Deaf Dumb and Blind,
Neither Deaf Dumb nor Blind Thank God,
Neither Deaf Nor Dumb,Healthy
Neither Deaf and Dumb,Healthy
Neither Deaf nor Dumb,Healthy
Neither Deaf nor Dumb Blind or Imbecile,
Neither Deaf on Dumb,Healthy
Neither Deaf or Blind,Healthy
Neither Deaf or Dum,Healthy
Neither Deaf or Dumb,Healthy
Neither Deaf or Dumb Good Health,
"Neither Deaf, Dumb, Blind, Imbecile, Idiot or Lunatic",Healthy
Neither Deff or Dum,Healthy
Neither Dum Blind or Imbecile,Healthy
Neither Dumb,Healthy
Neither Dumb Deaf Blind,Healthy
Neither One,Healthy
Neither One or the Other Thanks God,Healthy
Neither of above,
Neither of them,Healthy
Neither of there,
Neither one,Healthy
Neither one or the Other,
Neither one or the other,
Neithr Deaf nor Dumb,Healthy
Neld,Healthy
Nephew,Healthy
Nervous,Healthy
Nervous ?,Healthy
Nervous Debelity,
Nervous Debility,
Nervous Dyspepsie,
Nervous Weakness,
Nervousness,
Nervousness and Sore Throat,
Nervus,Healthy
Nether,Healthy
Niegher,Healthy
Niether,Healthy
Niether Deaf nor B,Healthy
Nil,Healthy
Nil Healthy,Healthy
Nile,Healthy
Nill,Healthy
Nither,Healthy
Nl,Healthy
No,Healthy
No ?,Healthy
No ? Affliction,Healthy
No Affected,Healthy
No Affeliction,Healthy
No Afficted,Healthy
No Afficted Person,
No Afflection,Healthy
No Afflicted,Healthy
No Affliction,Healthy
No Affliction Thank God,
No Affliction Thumbs God,
No Afflictions,Healthy
No Afflictions Thank God,
No Afliction,Healthy
No Ailment,Healthy
No Aplictions,Healthy
No Blimis Sound,Healthy
No Blind,Healthy
No Blind or Lunatic,
No Complaint,Healthy
No Complant,Healthy
No D V,Healthy
No Deaf,Healthy
No Deaf No Dumb,Healthy
No Deaf and Dumb,Healthy
No Deaf nor Dumb,Healthy
No Deaf or Dum,Healthy
No Deaf or Dumb,Healthy
No Deaf or Dumb or Blind or Lunatic,
No Deaf or Dump any one,Healthy
No Defeat in any of the above,Healthy
No Defect,Healthy
No Deformation,Healthy
No Desease,Healthy
No Disease,Healthy
No Dumb,Healthy
No Fanley,Healthy
No Firing,Healthy
No Iffiction,Healthy
No Ifflection,Healthy
No Illness,Healthy
No Imbeciles,Healthy
No Imp,Healthy
No Impediment,Healthy
No Impedionent,Healthy
No Infermatives,Healthy
No Infermin,Healthy
No Infermities,Healthy
No Infermitis,Healthy
No Infermity,Healthy
No Infern,Healthy
No Infernity,Healthy
No Infes?,Healthy
No Infimities,Healthy
No Infimity,Healthy
No Infimmities,Healthy
No Infirimties,Healthy
No Infirm,Healthy
No Infirmate,Healthy
No Infirmates,Healthy
No Infirmaties,Healthy
No Infirmation,Healthy
No Infirmaty,Healthy
No Infirmeters,Healthy
No Infirmeties,Healthy
No Infirmilted,Healthy
No Infirmite,Healthy
No Infirmites,Healthy
No Infirmitie,Healthy
No Infirmities,Healthy
No Infirmities Thank God,
No Infirmities in Family,
No Infirmities in any of Family,
No Infirmities in the Family,
No Infirmitis,Healthy
No Infirmitis a Affilction,Healthy
No Infirmitives,Healthy
No Infirmity,Healthy
No Infirmtys,Healthy
No Infirnities,Healthy
No Infirnuty,Healthy
No Information,Healthy
No Information and Not Ever,
No Informitees,Healthy
No Informities,Healthy
No Lunatic,Lunatic
No One,Healthy
No One Deaf Dumb or Blind,Healthy
No One Eighter Deaf Dum nor Blind None,Healthy
No One in the Family,
No Person of this Class in House,Healthy
No Power of Limbs,
No Thonk God,Healthy
No infirmites,Healthy
No infirmity,Healthy
No one Afflicted,Healthy
No one Either Deaf Dum nor Blind None,Healthy
Nobody,Healthy
Noe,Healthy
Noinfirmites,Invalid
Noinfirmities,Invalid
Non,Healthy
Non Afflict,Healthy
Non Afflicted,Healthy
Non Deaf or Dumb,Healthy
Non Dumb,Healthy
Non Infirmity,Healthy
Non is Deaf or Dump,Healthy
None,Healthy
None Affected,Healthy
None Affected in this Family,Healthy
None Afficted,Healthy
None Afflicted,Healthy
None Afflicted Thank God,
None D G,Healthy
None D and D or Blind,Healthy
None Deaf,Healthy
None Deaf Dumb Blind Idiot or Lunatic none,Healthy
None Deaf Dumb or Imbeciles and c,Healthy
None Disease,Healthy
None Dumb,Healthy
None Eather Deaf Dumb Blind or Imbecile or Idiot or Lunatic,Healthy
None Embeciled,Healthy
None Here,Healthy
None I.I.J,Deaf and Idiot
None Imf,Healthy
None Infirmities,Healthy
None Nil,Healthy
None So Afflicted,Healthy
None Sp,Healthy
None T G,Healthy
None T.G.,Healthy
None Thank God,Healthy
None Thouk Gork,Healthy
None Whatever,Healthy
None ablove Infirmities,Healthy
None above Infirmities,Healthy
None as above,Healthy
None blind,Healthy
None of Above,Healthy
None of Afflicted with Either,
None of Them,Healthy
None of These,Healthy
None of Those,Healthy
None of Thouse,Healthy
None of also,Healthy
None of the Above Infirmities,
None of the above thank God,Healthy
None of them,Healthy
None of there Ailments,
None of these Infirmities,
None so Afflicted,Healthy
Nont,Healthy
Noone,Healthy
Nor,Healthy
Nor Blind,Healthy
Nor Blind Not Deaf,
Nor Dumb,Healthy
Normal Disease,Healthy
Norther,Healthy
Not,Healthy
Not ?,Healthy
Not Afected,Healthy
Not Affct,Healthy
Not Affected,Healthy
Not Affective,Healthy
Not Afficted,Healthy
Not Afflected,Healthy
Not Affliated,Healthy
Not Afflicated,Healthy
Not Afflicated with Lida,Healthy
Not Afflicted,Healthy
Not Affliction,Healthy
Not Aflected,Healthy
Not Aflicted,Healthy
Not Any,Healthy
Not Blin,Healthy
Not Blind,Healthy
Not Blind Not Deaf,
Not Blind nor Dubl,Healthy
Not Blind or Dub,Healthy
Not Blind or Dumb,Healthy
Not D & D,Healthy
Not D D B,Healthy
Not D D or B,Healthy
Not D Not D Not B,
Not D and D and B,
Not D nor Dumb,Healthy
Not D not D,Healthy
Not D o D,Healthy
Not D or D,Healthy
Not D or Dum,Healthy
Not D or Dumb,Healthy
Not D.C.D,Healthy
Not Deaf,Healthy
Not Deaf D or Blind,Healthy
Not Deaf Dum or Blind,Healthy
Not Deaf Dumb,Healthy
Not Deaf Dumb Blind,Healthy
Not Deaf Dumb Blind Imbecile Idiot or Lunatic ?,
Not Deaf Dumb and Blind,Healthy
Not Deaf Dumb nor Blind,Healthy
Not Deaf Dumb or Blind,Healthy
Not Deaf Dumb or Idiot,Healthy
Not Deaf Nor Dumb,Healthy
Not Deaf Nos,Healthy
Not Deaf Not Dum,Healthy
Not Deaf Not Dumb,Healthy
Not Deaf and D,Healthy
Not Deaf and Dum,Healthy
Not Deaf and Dumb,Healthy
Not Deaf no Dum,Healthy
Not Deaf nor Dumb,Healthy
Not Deaf nor Dumb nor Blind,Healthy
Not Deaf nor Dumb nor Blind or Lunatic,
Not Deaf not Du,Healthy
Not Deaf of Dumb,Healthy
Not Deaf or,Healthy
Not Deaf or D,Healthy
Not Deaf or Dum,Healthy
Not Deaf or Dumb,Healthy
Not Deaf or Dumb nor Blind or any other Defect,Healthy
Not Deaf or Dumb or Blind,Healthy
Not Deaf or Dumb or Blind not Idiot or Lunatic,
Not Deaf or Dumb or Blind or Idiot,Healthy
Not Deaf or Dumb or Idiot or Lunatic,
Not Deaf or Dumb or Imbecile or Idiot,
Not Deafe Or Dum Or Blind,Healthy
Not Def nor Dum,Healthy
Not Def or Dm,Healthy
Not Def or Dum,Healthy
Not Def or No,Healthy
Not Deff,Healthy
Not Deff Dumb,Healthy
Not Dum,Healthy
Not Dum Deaf or Blind,
Not Dum or Deaf,Healthy
Not Dumb,Healthy
Not Dumb Deaf,Healthy
Not Dumb nor,Healthy
Not Dumb nor Blind,Healthy
Not Dumb or Blind,Healthy
Not Dumb or Deaf,Healthy
Not Dumb or Def,Healthy
Not Effected,Healthy
Not Either,Healthy
Not Imbecile,Healthy
Not Infirm,Healthy
Not Infirmities,Healthy
Not Known,Healthy
Not Lam,Healthy
Not Lunatic,Lunatic
Not Neither,Healthy
Not Offliced,Healthy
Not Plara,Healthy
Not Quite,Healthy
Not Quite Blind David Fallinta,
Not So,Healthy
Not So a Afflicated,Healthy
Not Speaking Yet,
Not Yet Thank God,Healthy
Not a Home for Imbecile,
Not afflicted with any of above,Healthy
Not an Idiot,Dumb And Idiot
Not and and,Healthy
Not any,Healthy
Not any Infrinity,Healthy
Not deaf,Healthy
Not deaf and dumb not Bcone purfect,
Not deaf or dumb,Healthy
Not in this Clars,
Not included in this class,
Not of Listed,Healthy
Not of Sound Mind,
Not of any,Healthy
Not one Neither,Healthy
Not yet,Healthy
Nothgs,Healthy
Nothigs,Healthy
Nothing,Healthy
Nothing Wrong,
Nothing Wrong with any Person,Healthy
Notthering,Healthy
Nova Lunatic,Lunatic
Now Blind,Healthy
Now Imbecile,Healthy
Now Infirmities,Healthy
Nown,Healthy
Nun Blind,Healthy
Nuptured,Invalid
Nurse at Home,
Of Sound Mind,
Of Weak intellect,
Of weak intellect,
Old Age,Invalid
Old age,Invalid
Oldage,Healthy
Oly one ?,Invalid
On a Cratch,
One,Healthy
One Arm,Crippled
One Arm Off,Crippled
One Con of Leg Blasted Oury,
One Eye,Lame
One Eye Blind,Partially Blind
One Eye Lost,Partially Blind
One Hand,Lame
One Hand Off,
One Hand Withered,
One Leg,Lame
One Leg Off,Lame
One arm,Crippled
One eye blind,Partially Blind
One fort,Crippled
One leg,Lame
Only Blind,Partially Blind
Only Dumb,Dumb
Only One Eye,Partially Blind
Only One Hand,
Only Oneleg,Invalid
Or Blind,Healthy
Or Dumb,Dumb
P Nrgante,Healthy
Pa?ststion,
Pain in Back,
Pains,Invalid
Pains and Weakness,
Palsy,Invalid
Paral Affected,Healthy
Paralectic Left Arm and Left Foot,
Paralinch,Paralysis
Paralise,Paralyzed
Paralised,Paralyzed
Paralises,Paralysis
Paralisis,Paralysis
Paralized,Paralyzed
Paralized and Silly,
Paralsysis,Paralysis
Paralyais,Paralysis
Paralyis,Paralysis
Paralys,Paralysis
Paralysed,Paralyzed
Paralysed (Left Side),
Paralysed Arm,Paralyzed
Paralysed Cripple,
Paralysed One Side,
Paralyses,Paralysis
Paralyses Dises,
Paralysis,Paralysis
Paralysis Brain,
Paralysis Suffering for Past Five Years,
Paralysis of Hand,
Paralysis of Legs,
Paralysis of Right Arm,
Paralysis on Side,
Paralysyed,Paralyzed
Paralytic,Paralysis
Paralytic from Birth,
Paralyzed,Paralyzed
Paralyzer One Arm,
Parbally Blind,Partially Blind
Parbysied,Paralysis
Parealised on one Side,
Parlaized,Paralyzed
Parlaleyist as a result of Vaccenation,
Parlalysis,Paralysis
Parlised,Paralyzed
Parlized,Paralyzed
Parlsyied,Paralyzed
Parlty Deaf,Partially Deaf
Parlysis,Paralysis
Parlysis of Spine,
Parolysed,Paralyzed
Part of Deaf Mind Insteady Sun Stocks in America,
Partely Blind,Partially Blind
Parthy Blind,Partially Blind
Partial Blind,Partially Blind
Partial Blinders,Partially Blind
Partial Blindman,Partially Blind
Partial Blindness,
Partial Deaf,Partially Deaf
Partial Deaf all,
Partial Deafness,
Partial Head,Partially Deaf
Partial Imbecile,
Partial Paralysis,
Partially Blind,Partially Blind
Partially Blind in Both Eyes,
Partially Blind in Right Eye,
Partially Deaf,Partially Deaf
Partially Deaf Slightly Blind,
Partially Deaf and Dumb,
Partially Dumb,Partially Deaf
Partially Dumb ?,Partially Deaf
Partialy Deaf,Partially Deaf
Particlly Deaf,Partially Deaf
Partily Blind,Partially Blind
Partly Blind,Partially Blind
Partly Deaf,Partially Deaf
Partly Deaf and Dumb,Healthy
Partly Disabled,
Partly Dumb,Partially Deaf
Partly Imbecile,
Partly Paralysed and Dirtic he was Two Years Old,
Partty Deaf,Partially Deaf
Parturition,
Party,Invalid
Parylisis,Paralysis
Pereeysis,Paralysis
Perfact,Healthy
Perfect,Healthy
Perfect Faculties,Healthy
Perfect Health,Healthy
Perfect in Ability,
Perfectly Deaf and Dumb,
Perfectly Strong,Healthy
Perfectly sound,Healthy
Perfict,Healthy
Periodic Lunatic,
Perpsthy Sane,Healthy
Phenacetin,
Phthisis,Invalid
Piles,Healthy
Pleurisy,Healthy
Plurisy,Healthy
Pneumonia,Rheumatism
Portia Deafner,
Portially Blind,Partially Blind
Pott's Disease of Spine,
Pretally Blind Decrepit,
Prfictly Sound,Healthy
Profet,Healthy
Pur Blind,Healthy
Purblind,Blind
Purfecte,Healthy
Quin,Healthy
Quite Lane,
Quite Sane,
R Leg Canee,
R Sharp,Healthy
Rarlized,Paralyzed
Rather Deaf,Healthy
Re Infirmities,Healthy
Real Footed,
Recently Blind,Partially Blind
Recurrerey attacks of Lunacy,
Redforted,Crippled
Reinformation,Healthy
Respective,
Respiration of the Heart,
Ret Bourke,Healthy
Reumatism Limb,Rheumatism
Rheamentis,Deaf
Rhematism,Rheumatism
Rhematizet,Rheumatism
Rhenmatie,Rheumatism
Rheumateson and Bronchitis,
Rheumatic,Rheumatism
Rheumatic ?,Rheumatism
Rheumatic Cripple,
Rheumatic Fever,Rheumatism
Rheumatic Gout,Rheumatism
Rheumatic Pain,Rheumatism
Rheumatic Pains,Rheumatism
Rheumatic Sont,Rheumatism
Rheumatices,Rheumatism
Rheumaticm Crepple,
Rheumatics,Rheumatism
Rheumation,Rheumatism
Rheumatism,Rheumatism
Rheumatism 8 weeks From Wett,
Rheumatism Pains,Rheumatism
Rheumatism in Bed,
Rhomation,Healthy
Rhumatism,Rheumatism
Right,Healthy
Right Eye Blind,Partially Blind
Right Fermoy,Healthy
Right Hand Cut Off Below Elbow,
Right Leg Short,
Right Side ?,
Right in Mind Neither Deaf and Dumb or A Lunatic,Healthy
Right-Hand Gone,
Romatic Pains,Rheumatism
Romotie or 2 years hurt,
Rumatic Paino,Lunatic
Rumatict,Lunatic
Rumatism,Rheumatism
Rumetisn,Rheumatism
Rumitsam,Healthy
S and H,Healthy
Saile,Idiot
Sain,Invalid
Same,Healthy
Same Remark ? Above,
Sane,Healthy
Sane and Healthy,
Sane and Sound,Healthy
Sape,Healthy
Scorpila,Healthy
Seanga,Healthy
Sees Hears Speaks and Save,
Senile,Senile
Sense,Senile
Sensible,Healthy
Serofulen and arth?ili formans a Cripple 15 years,
Severe Cold,
She is Blind,Deaf And Blind
She's Blind,Partially Blind
Short,Healthy
Short Sight,Partially Blind
Short Sighted,
Sick,Sick
Sick 2 Years Nervous Wind,
Sick ?,Sick
Sick Complaint Heart and Liver Disease,
Sick Inf?,Sick
Sick Invalid,Invalid
Sick in Bed Rheumatism,
Sick in Hospital on Census Night,
Sickly,Sick
Sight,Healthy
Sight Bad,Healthy
Sight Dim,Healthy
Sight Weak,Healthy
Sight not Perform,
Silly,Healthy
Simple,Idiot
Simple ?,Idiot
Simple Lunatic,
Simpleton,Idiot
Since Birth Imbecile,
Since Dumb,Dumb
Sine disease,Invalid
Sinner,Healthy
Slighly Deaf,Partially Deaf
Slight Deaf,Partially Deaf
Slighteley Demented,
Slightley Deaf,Partially Deaf
Slightly Blind,Partially Deaf
Slightly Deaf,Partially Deaf
Slightly Demented,
Slightly Dull,Partially Deaf
Slightly Imbecile,
Slightly Lame,Partially Deaf
Slightly Paralysed,
Slightly imbecile,
Smile Dementia,
Smuche,Dumb
Softening of the Brain,
Somerhat Deaf,
Somessket Deaf,Healthy
Sore Foot,Healthy
Sore Hand,Healthy
Sore Knee,Healthy
Sore Leg,Lame
Sore eye,Healthy
Sound,Healthy
Sound Health,Healthy
Sound Heath,Healthy
Sound Mind,Healthy
Sound Senser,Healthy
Sound Win and Limb ?,
Sound and No Infirmities,
Sound in Mind and Body,Healthy
Sound in Wind and Limb,Healthy
Sound in body and mind,Healthy
Sound in mind body,Healthy
Sound lady,Healthy
Sound lady and Mind,Healthy
Sound mind and body,Healthy
Sound of Wind and Limb,Healthy
Soundhealth,Healthy
Spake Here Sight,
Speak,Healthy
Speak Near,Healthy
Speak and Hear,Healthy
Speak?,Healthy
Speaking,Healthy
Special Sense,Healthy
Speechless,
Spike,Healthy
Spinal Affection,
Spinal Deformity,
Spinal Disease,Invalid
Spinal Infiory,
Spine Discese,Invalid
Spine Disease,Invalid
Spine Diseses,Invalid
Sprained Hand,
St Vitas Dance,
St Vitus Dena from Birth C,
Stathere,Healthy
Stomack out of Order,
Stuffing Stunt Breath,
Suffering Loss Fingers Toes,
Suffering from no Infermity what Ever,Healthy
Suffering from no Infermity what so Ever,Healthy
Sunstroke,Healthy
T M E,Healthy
Table,Crippled
Talks,Invalid
Thank God Not,
Thank God are have the use of all our Facities,Healthy
Thanks none of the kind,
There are no Infirmates Whatever,
These were ? in Ignorance of the Meaning of the Term. Thought is heart Bad Health David ?,
Think all Right,
Tired,Healthy
To Speak,Dumb
Tongue-tied,
Too Young to be able to Speak,
Toothcocke,Sick
Total Blindness,
Totally Blind,Partially Blind
Totally Paralyzed,
Tretis,Invalid
Twin,Healthy
Twins,Invalid
Typhus Fever,
Ulcer,Ulcer
Ulcer Bone and ?,
Ulcer on Stomach,
Un Sound Mind,
Unafficted,Invalid
Unfirm,Invalid
Unsound,Healthy
Unsound Mind,
Unsound mind,
Unspeakly,Healthy
Unsper,Cancer
Upsetted Mind,
Very Deaf,Healthy
Very Defective Vision,
Very Feeble,Decrepit
Very Weak Eyes,
W F Deaf,Healthy
W H,Healthy
W K,Healthy
Wants Right Left Arm,
Ward in Chancery Lunacy Dept,
Water on the Brain,
We on Neither,Healthy
Weak,Healthy
Weak Eyes,Partially Blind
Weak Hand,Partially Blind
Weak Heart,Partially Blind
Weak Intellect,Healthy
Weak Maid,Deaf And Dumb
Weak Mind,Partially Blind
Weak Minded,Partially Blind
Weak Nerves,
Weak Sight,Partially Blind
Weak Sighted,Partially Blind
Weak Spine,Partially Blind
Weak Stomach,
Weak and Pine,Deaf And Dumb
Weak in Body,
Weak in Toliet,
Weak of Intelest,
Weakness,Deaf
Week Eyes,
Week Mind,Partially Blind
Week Minded,
Week in Intellect,
Well,Healthy
Wickness Old Age,
Withered Arm,
Wlerats and Stomach,
Yes,Healthy
Yes Lame,Lame
Yes Lost ? Leg,
a little deaf not ?,
in Health,Healthy
lmbecile,Imbecile
nil,Healthy
paralipsis,Paralysis
