107,Aaron
1,Aarush
1,Aaryn
1,Abd
1,Abdel-Malik
1,Abdon
1,Abd-Sallam
1,Abdu
3,Abdul
5,Abdullah
1,Abdulrahman
1,Abdul-Rahman
1,Abdulsalam
1,Abdurrahim
2,Abe
1,Abel
1,Abhideep
1,Abhijot
1,Abhishaik
1,Able
4,Abraham
2,Abram
1,Abshar
2,Ace
128,Adam
1,Adarsh
4,Addison
1,Adeel
1,Adeem
2,Aden
1,Adi
1,Adian
1,Adil
1,Adison
1,Adithya
1,Aditya
1,Adnan
1,Adolphus
1,Adonis
1,Adriaan
25,Adrian
3,Adriel
2,Adrien
1,Adynn
1,Aeden
1,Ahamed
4,Ahmad
9,Ahmed
1,Ahson
36,Aidan
8,Aiden
1,Aiman
1,Ajap
4,Ajay
1,Ajayveer
1,Ajeej
1,Ajvinder
1,Akaash
1,Akaiyan
3,Akash
1,Akashdeep
1,Akhil
1,Akiff
1,Akira
1,Akren
1,Aksel
2,Akshay
1,Alaa
1,Alaaddine
4,Alain
1,Alak
8,Alan
1,Alastair
1,Albanie
10,Albert
1,Alberto
1,Aldius
1,Aldwin
7,Alec
1,Aleem
3,Alejandro
1,Aleksis
1,Alekxzander
1,Alekzander
4,Alessandro
41,Alex
212,Alexander
10,Alexandre
1,Alexi
5,Alexis
1,Alexnader
2,Alfred
1,Al-Hasan
15,Ali
1,Alijha
3,Alistair
1,Alix
1,Alixander
20,Allan
9,Allen
1,Alois
1,Alphonso
1,Alstair
1,Altan
1,Altay
1,Alton
10,Alvin
1,Alvis
1,Alykhan
1,Amad
1,Aman
1,Amanpreet
2,Amar
1,Amarveer
2,Ameet
1,Amellio
1,Amer
1,Amiraj
1,Amir-Hesam
1,Amit
1,Amman
1,Amon
2,Amos
1,Amrinder
1,Amrit
1,Amritpal
1,Anand
1,Anas
1,Anders
1,Anderson
11,Andre
4,Andreas
4,Andres
185,Andrew
1,Andrian
1,Andriy
1,Andro
1,Anduele
20,Andy
1,Andzie
1,Anfernee
1,Angel
1,Angello
2,Angelo
6,Angus
2,Anh
1,Anh-Bang
2,Anil
1,Aniq
3,Anish
1,Ankit
1,Ankur
2,Anmole
1,Anne
1,Anoop
1,Anson
1,Ante
1,Anthonie
97,Anthony
1,Anthony-Joseph
2,Antoine
1,Anton
5,Antonio
2,Antony
1,Anuj
1,Anuraj
1,Anuvir
1,Anveer
1,Appollo
1,Aqeel
1,Aqil
3,Archie
2,Arden
1,Ardene
1,Arec
1,Arek
1,Arham
1,Ari
2,Aric
1,Arie
1,Ariel
1,Aris
1,Aristotle
2,Arjun
2,Arlen
1,Arley
1,Arlo
1,Arman
1,Armando
1,Armon
1,Arnaldo
1,Arne
2,Arnie
6,Arnold
4,Aron
1,Arran
2,Arron
2,Arsh
1,Arshad
2,Arshdeep
1,Arshmin
5,Arthur
1,Artun
1,Artur
1,Arun
1,Arwyn
1,Aryton
1,Asam
3,Ashley
1,Ashmeet
1,Ashneel
1,Ashpal
2,Ashraf
16,Ashton
1,Ashtyn
1,Ashwin
1,Aston
1,Athan
2,Atif
1,Atish
1,Atticus
1,Attila
1,Aubjit
3,Aubrey
2,August
1,Augustin
1,Augustine
1,Augustus
1,Austan
5,Austen
278,Austin
1,Austin-Jordan
3,Auston
6,Austyn
1,Autef
1,Aveneil
14,Avery
1,Avian
1,Avinesh
1,Avinil
1,Avnash
2,Axel
1,Axl
1,Ayanleh
1,Ayaz
1,Aydean
2,Ayden
1,Ayodele
1,Ayrton
1,Ayumu
1,Ayuz
1,Azan
1,Azeem
1,Aziz
1,Baasil
37,Baby
1,Badar
1,Badereddin
1,Bahram
2,Bailee
9,Bailey
1,Baldeep
1,Balkaran
1,Baltaj
1,Bannie
1,Bao
1,Barakat
1,Barinder
1,Barinderjeet
1,Bariso
1,Barret
2,Barrett
2,Barry
1,Bart
1,Basem
1,Bassel
1,Baudoin
1,Bauer
1,Bayan
1,Baylee
4,Beau
1,Beaudan
1,Beerinder
2,Belal
10,Ben
1,Benedek
2,Benedict
1,Benette
1,Benhard
1,Benito
1,Benjamen
126,Benjamin
1,Benjemin
1,Benjiman
4,Bennett
3,Benny
3,Benoit
4,Benson
1,Bentley
1,Berge
2,Bernard
3,Bernhard
1,Bernie
1,Bert
4,Bilal
1,Bill
1,Billal
8,Billy
1,Bishop
2,Blade
1,Blain
18,Blaine
13,Blair
1,Blais
1,Blaise
1,Blaize
40,Blake
1,Blandon
2,Blayne
4,Blaze
1,Blue
2,Bobby
1,Bobby-Joe
1,Boden
2,Bodie
2,Boe
1,Bohdan
2,Boris
1,Bosco
1,Boston
2,Bowen
1,Boyce
2,Boyd
6,Brad
2,Bradan
60,Braden
1,Bradey
1,Bradford
1,Bradi
1,Bradin
2,Bradlee
91,Bradley
5,Bradly
3,Bradon
55,Brady
2,Bradyn
5,Braedan
31,Braeden
1,Braedin
8,Braedon
3,Braedyn
1,Braeson
1,Braidan
7,Braiden
6,Braidon
1,Braidyn
1,Brainard
1,Braiyten
1,Bram
3,Brandan
1,Branddon
19,Branden
3,Brandin
371,Brandon
2,Brandt
5,Brandyn
2,Brannon
1,Branson
5,Brant
1,Brantly
1,Branton
1,Braven
3,Braxton
1,Bray
59,Brayden
10,Braydon
1,Brayton
1,Breckke
62,Brendan
17,Brenden
1,Brendin
18,Brendon
27,Brennan
6,Brennen
1,Brenner
3,Brennon
25,Brent
4,Brenton
8,Bret
1,Breton
143,Brett
1,Brettan
4,Bretton
42,Brian
1,Brian-James
1,Briar
3,Brice
2,Bridger
1,Briean
1,Brieten
2,Brighton
1,Brin
1,Britt
2,Britton
19,Brock
1,Brockston
1,Brodan
3,Broden
1,Brodey
14,Brodie
2,Brodrick
25,Brody
1,Brogan
1,Brogen
1,Broghan
1,Brok
1,Brolan
1,Bronson
1,Brook
1,Brooker
1,Brooklyn
2,Brooks
1,Browdy
4,Bruce
1,Bruno
26,Bryan
1,Bryant
1,Bryar
53,Bryce
2,Brydon
1,Bryer
3,Bryn
1,Bryndan
1,Bryne
1,Bryon
11,Bryson
1,Bryten
10,Bryton
1,Bud
2,Buddy
1,Burke
1,Burton
1,Buta
10,Byron
1,Cache
3,Cade
3,Caden
2,Caelan
1,Caellum
1,Caetano
2,Caiden
1,Caige
1,Cain
1,Cainan
1,Cajun
1,Calder
2,Cale
43,Caleb
1,Calen
1,Call
1,Callahan
1,Callen
7,Callum
4,Calum
30,Calvin
1,Calvyn
1,Cameran
67,Cameron
1,Campbell
1,Camren
2,Camron
1,Cardell
2,Carey
8,Carl
1,Carl-Dennis
1,Carlen
2,Carlin
1,Carlo
7,Carlos
4,Carlton
1,Carlyle
1,Carsen
36,Carson
1,Carston
46,Carter
1,Carver
1,Case
17,Casey
2,Cashton
1,Casper
1,Cass
1,Cassidy
1,Cassius
3,Catlin
1,Caul
1,Cawl
2,Cayden
1,Caylan
1,Cayman
1,Ceasar
3,Cedric
1,Cedrick
1,Cenric
2,Chace
45,Chad
2,Chadd
1,Chadi
1,Chakib
23,Chance
1,Chancellor
1,Chancely
1,Chancler
21,Chandler
1,Change
1,Chanjot
1,Chanse
1,Chant
21,Charles
3,Charlie
1,Charloe
1,Charlsen
1,Chas
71,Chase
3,Chasen
1,Chaseten
1,Chasson
2,Chauncey
1,Chay
1,Chayann
2,Chayse
1,Chayton
2,Chaz
2,Chen
1,Chentez
1,Cheong
1,Chet
1,Chett
1,Cheviez
2,Cheyenne
1,Chi
1,Chilleung
1,Chillton
1,Chin-Yeung
1,Chivez
1,Chontay
2,Chris
1,Christ
1,Christan
1,Christen
1,Christensen
65,Christian
1,Christien
1,Christifer
1,Christofer
231,Christopher
1,Chyles
1,Ciaran
2,CJ
1,Cjay
2,Clarence
7,Clark
3,Clarke
1,Claude
2,Claudio
16,Clay
40,Clayton
1,Cleo
3,Clifford
3,Clifton
4,Clint
16,Clinton
1,Clive
2,Clyde
3,Coby
2,Codey
1,Codi
3,Codie
206,Cody
1,Cody-Lee
1,Cohan
3,Cohen
2,Colan
1,Colborne
27,Colby
147,Cole
1,Colebee
5,Coleman
1,Coleson
5,Coleton
53,Colin
1,Colin-James
12,Collin
1,Colman
4,Colt
1,Coltan
17,Colten
3,Colter
3,Coltin
91,Colton
3,Coltyn
1,Conan
1,Conar
1,Conely
1,Connal
22,Conner
129,Connor
13,Conor
7,Conrad
1,Conroy
6,Cooper
18,Corbin
1,Corby
1,Cord
1,Cordeil
5,Cordell
1,Cordelle
24,Corey
1,Corin
1,Cormac
1,Cornel
1,Cornelis
3,Cornelius
1,Corny
1,Corson
1,Cort
1,Cortland
1,Corwin
24,Cory
1,Cote
1,Coulten
2,Coulton
1,Courtland
1,Courtlind
1,Courtney
1,Cowan
2,Coy
23,Craig
1,Crawford
1,Creedon
1,Crishneil
3,Cristian
1,Cruz
1,Cuba
1,Cullan
7,Cullen
1,Curren
50,Curtis
1,Curtis-Ray
1,Cuyler
1,Cyles
1,Cylus
1,Cyprian
1,Cyril
4,Cyrus
1,Cyruss
1,Daegan
1,Daelin
1,Daemon
1,Dagan
1,Daichi
1,Daign
2,Daimon
1,Daine
4,Dakoda
60,Dakota
1,Dakotah
11,Dale
2,Dalen
2,Dalin
2,Daljot
2,Dallan
35,Dallas
3,Dallen
1,Dalles
3,Dallin
2,Dallis
3,Dallyn
1,Dalphe-Joseph
37,Dalton
1,Daly
2,Dalyn
1,Damascus
2,Damen
1,Dameon
19,Damian
1,Damiane
10,Damien
6,Damion
20,Damon
1,Dana
1,D'Andre
9,Dane
1,Danial
243,Daniel
2,Daniele
1,Danjot
1,Dannick
17,Danny
3,Dante
2,Danton
1,Danzel
5,Darby
2,Darcey
10,Darcy
1,Dareen
2,Daren
19,Darian
4,Darien
2,Darin
4,Darion
2,Darius
1,Darnel
2,Darnell
2,Darrel
3,Darrell
34,Darren
5,Darrian
1,Darrien
2,Darrin
1,Darris
3,Darryl
1,Dartagnan
1,D'Artangan
4,Darwin
3,Daryl
1,Daryn
1,Darythe
1,Dasha
1,Dat-Tuan
1,Dave
1,Daverin
157,David
1,David-Royce
1,Davin
1,Davinder
12,Davis
1,Davison
19,Dawson
1,Dax
1,Daxon
2,Daxton
1,Dayce
4,Daylan
2,Daylen
3,Daylin
4,Daylon
1,Daylyn
1,Daymien
1,Daymin
1,Daymon
6,Dayne
8,Dayton
1,De
12,Dean
1,DeAndre
3,Decker
6,Declan
1,Decoda
1,Deepak
1,Degas
2,Deion
1,Dekker
1,Deklan
1,Dekota
1,Dekwan
1,Delan
3,Delaney
1,Delauren
1,Deldan
6,Deleted
1,Dell
1,Delroy
1,Demetre
1,Demico
1,Demitri
1,Dempsey
1,Dene
1,Denham
4,Denis
1,Dennie
15,Dennis
3,Denny
1,Dentin
2,Denton
8,Denver
4,Denzel
1,Deon
1,Derar
1,Dereck
75,Derek
1,Derek-James
1,Derel
1,Derell
2,Derian
3,Derick
12,Derrick
1,Derrik
1,Derwin
3,Deryk
1,Deshay
6,Desmond
2,Destin
6,Devan
1,Deven
35,Devin
2,Devlyn
58,Devon
1,Devonne
4,Devyn
1,Dew
8,Dexter
1,Deylin
1,Dickson
3,Diego
1,Dilan
9,Dillan
4,Dillion
36,Dillon
1,Dillyn
1,Dilmeet
1,Dilon
1,Dilqule
1,Dilshant
1,Diltaj
2,Dimitri
1,Dinh
1,Dino
2,Dion
1,Dionne
3,Dirk
1,Divon
1,Diwight
1,Dixon
1,Dolan
1,Dolon
1,Dolphis
12,Dominic
3,Dominick
1,Dominik
1,Dominique
1,Domonic
1,Don
1,Donal
14,Donald
1,Donato
1,Donavan
1,Donavin
1,Dong
1,Don-Huy-Bui
1,Donnie
1,Donnie-Joseph
1,Donny
9,Donovan
5,Dorian
1,Dorien
1,Dorin
1,Dorrion
1,Doug
25,Douglas
2,Drae
1,Draeshawn
1,Dragan
11,Drake
4,Draven
1,Draydan
5,Drayden
4,Drayton
2,Dre
1,Dreighton
18,Drew
1,Drue
3,Dryden
1,Duane
1,Duc
15,Duncan
1,Durad
1,Duran
1,Duro
1,Dusten
80,Dustin
4,Dusty
1,Dustyn
1,Dutch
2,Duy
2,Dwayne
10,Dwight
169,Dylan
1,Dylann
1,Dylin
1,Dyllan
1,Dyllon
3,Dylon
1,Dyson
1,Eagle
1,Ean
1,Easton
1,Eathan
1,Eban
1,Ebrahim
2,Eddie
1,Eddy
1,Eden
1,Edeno
4,Edmond
2,Edmund
1,Edrian
3,Eduardo
22,Edward
4,Edwin
1,Eeshwar
1,Ehab
1,Ehren
1,Einar
1,Elazar
1,Elbert
1,Elced
2,Eldon
7,Eli
6,Elias
1,Eligia
14,Elijah
2,Elijha
1,Eliot
1,Elishah
1,Ellery
1,Ellias
10,Elliot
3,Elliott
1,Ellis
1,Elmer
1,Eloi
2,Elson
1,Elvin
1,Elwood
1,Emad
2,Emerson
2,Emery
1,Emil
1,Emilio
3,Emmanuel
3,Emmett
2,Emmitt
1,Enoch
1,Enver
1,Ephraim
134,Eric
2,Erich
1,Eric-James
1,Erick
1,Erickson
27,Erik
2,Eriq
1,Ermin
1,Ernesto
1,Erny
1,Erren
1,Ervine
1,Erwin
1,Esam
1,Esaum
1,Esmail
1,Estevan
54,Ethan
2,Eugene
1,Euriah
90,Evan
1,Evangelos
7,Everett
1,Evinn
1,Ey
1,Eyob
1,Ezekiel
2,Ezra
2,Fabian
2,Fabio
1,Fadi
1,Faiz
2,Faizan
1,Fareed
1,Farhaad
2,Farrell
1,Fausto
1,Fawad
1,Fayad
1,Feather
1,Federico
4,Felix
1,Feras
2,Fergus
1,Ferlin
1,Fernando
1,Filip
1,Filmon
1,Finlay
2,Finn
1,Fletcher
1,Floyd
1,Ford
4,Forrest
3,Fox
4,Francesco
5,Francis
1,Francisco
2,Franco
1,Francois
6,Frank
2,Franklin
1,Frano
1,Fransz
2,Franz
7,Fraser
1,Fred
1,Frederic
5,Frederick
1,Frederik
1,Fredric
1,Fredrik
1,Fredy
1,Freemin
1,Freysen
1,Fung
1,G.J.
27,Gabriel
1,Gabriell
1,Gaetano
1,Gagandeep
1,Gagandip
1,Gaganpreet
12,Gage
3,Galen
1,Ganit
1,Garard
1,Garet
2,Gareth
5,Garett
1,Garion
3,Garnet
2,Garnett
8,Garret
45,Garrett
2,Garrison
7,Garry
4,Garth
7,Gary
1,Gastonguay
1,Gates
1,Gautam
25,Gavin
1,Gaylon
8,Geoffrey
1,Geordan
1,Geordian
2,Geordie
1,Geordon
23,George
1,Geory
10,Gerald
1,Gerard
1,Geremy
1,Gerene
1,Gerhard
1,Gerome
1,Gerret
2,Gerrit
1,Gerrod
1,Ghadi
1,Giani
1,GianMarco
1,Gibson
4,Gideon
2,Gilbert
1,Gilchrist
1,Gilfred
2,Gino
1,Gio
1,Gioacchino
1,Giordano-Antonio
1,Giorgios
1,Giovanni
7,Glen
4,Glenn
1,Gligor
1,Glyndwr
1,Gobind
1,Gocean
1,Gorden
1,Gordie
19,Gordon
4,Grady
1,Graeham
1,Graem
14,Graeme
23,Graham
16,Grant
1,Gray
1,Grayden
1,Graydyn
11,Grayson
30,Gregory
1,Greyson
1,Griffen
4,Griffin
1,Gryphon
1,Guillaume
1,Gulleed
1,Gunnar
1,Gunvir
1,Gurdeep
3,Gurjeet
1,Gurjot
1,Gurkirat
1,Gurmeet
1,Gurnick
1,Gurnoor
1,Gurpinder
4,Gurpreet
1,Gurshakti
1,Gursharan
2,Gurtej
1,Gustavo
1,Haaris
1,Hadrian
1,Haider
1,Hamdy
1,Hamed
1,Hameet
1,Hamilton
1,Hamish
1,Hammad
1,Hamza
1,Hamze
1,Hank
1,Hanna
4,Hans
1,Hansel
1,Hardeep
1,Hardy
1,Haris
1,Harison
1,Harjasjit
1,Harkaran
1,Harkirat
2,Harlan
1,Harland
14,Harley
1,Harman
1,Harmanjit
1,Harmanjot
2,Harold
1,Harpreet
13,Harrison
1,Harrisson
2,Harry
1,Harsimran
1,Harvenvir
4,Harvey
1,Harvind
1,Harvir
1,Hashim
3,Hassan
1,Hawkin
15,Hayden
2,Haydn
1,Haydon
1,Hazem
1,Hazen
1,Hazim
3,Hector
4,Heinrich
1,Heinz
1,Hendrick
1,Hendrik-Jan
17,Henry
2,Herbert
1,Heriberto
1,Herman
1,Hermeet
1,Herson
1,Heston
1,Hilair
1,Hilaire
1,Hilton
1,Ho
2,Hoang
1,Hobart
1,Hokan
1,Holden
4,Houston
5,Howard
1,How-Dan
1,Hua
1,Hudson
5,Hugh
1,Huibert
15,Hunter
1,Hursh
1,Husandeep
1,Hussien
1,Huy
1,Huynh
1,Hyland
3,Iain
47,Ian
1,Ian-Paul
1,Ibad
1,Ibraham
1,Ibrahiem
6,Ibrahim
1,Idris
1,Ignacy
1,Ihsan
1,Imanpal
1,Immanuel
1,Imraan
1,Inderbir
1,Indiana
2,Irvin
26,Isaac
1,Isadore
14,Isaiah
1,Isaih
1,Isaiha
1,Isamu
1,Isbrandt
2,Isiah
1,Islam
1,Ismael
2,Issac
10,Ivan
1,Ivas
1,Izaiah
1,Izak
1,J.C.
1,J.D.
1,Jac
1,Jaccob
10,Jace
29,Jack
1,Jackie
23,Jackson
6,Jacky
147,Jacob
1,Jacoby
3,Jacques
6,Jade
17,Jaden
1,Jadenn
3,Jadon
1,Jaeden
3,Jaedon
1,Jaedwin
3,Jagger
1,Jagjit
1,Jagmeet
4,Jaiden
3,Jaime
1,Jaimen
1,Jaimie
1,Jainil
1,Jairo
41,Jake
8,Jakob
1,Jakobi
1,Jakota
1,Jakub
3,Jalal
1,Jalen
5,Jamal
1,Jamar
1,Jamelyn
169,James
1,James-Jeffrey
3,Jameson
19,Jamie
1,Jamieson
1,Jamil
2,Jamison
1,Jamol
1,Jamshed
1,Jamyson
2,Jan
1,Jance
1,Jannon
1,Jarcie
1,Jarden
77,Jared
1,Jarek
3,Jaret
3,Jarett
2,Jarod
1,Jaron
6,Jarred
1,Jarren
8,Jarret
2,Jarreth
7,Jarrett
1,Jarrette
3,Jarrod
1,Jarvie
2,Jarvis
2,Jaryd
2,Jaryn
4,Jasdeep
2,Jase
1,Jashua
1,Jasin
1,Jasjeet
3,Jaskaran
1,Jaskarn
1,Jaskirt
2,Jasmeet
1,Jasneet
118,Jason
1,Jasondeep
5,Jasper
2,Jaspreet
1,Jasroop
1,Jaswant
1,Jati
1,Jatin
1,Javen
2,Javier
1,Javon
1,Jawad
1,Jaxen
1,Jaxon
16,Jay
10,Jayce
1,Jaydan
3,Jayde
1,Jaydee
34,Jayden
1,Jaydin
2,Jaydon
1,Jaye
2,Jaylen
1,Jaymes
2,Jaymin
1,Jaynie
7,Jayson
3,Jean
1,Jean-Cedric
1,Jean-Christian
3,Jean-Luc
2,Jean-Marc
1,Jean-Paul
1,Jean-Philippe
1,Jean-Pierre
1,Jean-Victor
2,Jed
1,Jedd
1,Jedidiah
1,Jee
8,Jeff
1,Jefferey
2,Jefferson
11,Jeffery
57,Jeffrey
1,Jehad
1,Jelimark
1,Jenias
1,Jenssen
6,Jerad
1,Jeramy
1,Jerell
8,Jeremiah
2,Jeremie
64,Jeremy
1,Jeremy-James
1,Jeric
2,Jericho
2,Jermaine
3,Jerome
1,Jeron
2,Jerrad
1,Jerren
1,Jerret
1,Jerrett
2,Jerrid
1,Jerris
2,Jerritt
1,Jerrod
1,Jerruss
6,Jerry
1,Jerson
1,Jesen
1,Jesie
2,Jess
144,Jesse
2,Jessee
2,Jessey
1,Jessi
18,Jessie
1,Jessie-Lee
1,Jessmervin
2,Jessy
2,Jestin
1,Jett
1,Jeven
1,Jevin
2,Jia
1,Jibin
3,Jihad
1,Jiles
2,Jim
1,Jimjoel
8,Jimmy
1,Jimson
1,Jin-Sung
1,Jirdeh
2,Joao
1,Jodat
1,Jodel
2,Jody
2,Joe
92,Joel
1,Joesph
8,Joey
7,Johan
2,Johann
105,John
1,John-Angus
16,Johnathan
11,Johnathon
1,John-Dale
1,John-Douglas
1,Johnel
1,Johnni
9,Johnny
1,John-Paul
1,John-Robert
1,Johnson
1,Johnson-Minh
1,Johny
1,Jolan
2,Jon
1,Jona
25,Jonah
8,Jonas
115,Jonathan
1,Jonathan-Peter
17,Jonathon
2,Jones
1,Joram
294,Jordan
1,Jordan-Douglas
2,Jordann
1,Jordan-Peter
5,Jorden
3,Jordie
1,Jordin
18,Jordon
2,Jordy
2,Jordyn
1,Jorel
1,Jorge
1,Jori
1,Jory
7,Jose
2,Josef
118,Joseph
8,Josh
2,Joshawa
269,Joshua
3,Joshuah
6,Josiah
1,Josip
3,Josue
1,Jotbir
1,Jovan
1,Jovi
1,Jreau
1,Juan
1,Judah
2,Jude
1,Judson
2,Jules
22,Julian
1,Julianne
4,Julien
3,Julius
1,Juned
1,Junell
1,Jurnee
2,Justen
1,Justian
13,Justice
258,Justin
1,Justin-Joe
1,Justin-Lee
3,Justis
3,Justus
1,Justyn
3,Ka
1,Kadan
3,Kade
11,Kaden
2,Kadin
1,Kadon
1,Kadyn
1,Kaeden
3,Kael
3,Kaelan
1,Kaelen
1,Kaelin
1,Kagen
1,Kahiem
5,Kai
1,Kaide
2,Kaiden
2,Kailen
1,Kailer
1,Kailin
2,Kain
2,Kaine
1,Kaj
8,Kale
9,Kaleb
2,Kalen
2,Kalid
1,Kalin
1,Kallan
1,Kalle
1,Kallen
1,Kalon
1,Kalum
6,Kalvin
1,Kalvyn
2,Kamal
1,Kamarvir
3,Kameron
1,Kamil
1,Kanaar-Romane
6,Kane
1,Kanin
1,Kant
1,Kanton
1,Kanwarbir
1,Kanyon
1,Kar
1,Karamveer
1,Karan
2,Karandeep
1,Karanpreet
4,Karanveer
1,Karel
8,Karl
1,Karlen
1,Karl-Heinz
1,Karlon
1,Karlton
1,Karman
1,Karmen
1,Karmveer
1,Karn
1,Karnjit
1,Karnvir
3,Karsen
3,Karson
3,Karsten
1,Kary
3,Kasey
2,Kash
4,Kashtin
1,Kasin
1,Kasra
1,Kassem
3,Kassidy
1,Kavan
1,Kaveer
1,Kayde
5,Kayden
1,Kaye
1,Kayjay
1,Kaylan
1,Kayle
1,Kayleb
1,Kaylem
1,Kaylen
1,Kaylin
6,Kayne
1,Kaythen
5,Keagan
1,Keaghan
1,Keagyn
2,Keanan
2,Keane
1,Keanen
1,Keanno
4,Keanu
1,Kearan
1,Keath
13,Keaton
1,Keean
24,Keegan
1,Keeghan
3,Keelan
1,Keeland
20,Keenan
2,Keenen
1,Keer
1,Keerstin
1,Keeston
1,Keeton
1,Keevan
1,Keghan
3,Keifer
1,Keigan
1,Keil
1,Keilen
1,Keillyn
2,Keiran
1,Keita
29,Keith
1,Keithon
1,Keiton
1,Kelan
1,Kelby
1,Keldowen
1,Kellan
1,Kellen
15,Kelly
9,Kelsey
1,Kelsy
2,Kelten
5,Kelton
1,Kelvan
12,Kelvin
1,Kelvyn
1,Kemal
1,Kemuel
4,Ken
2,Kendal
2,Kendall
1,Kendel
1,Kenden
1,Kendle
1,Kendyll
1,Kenedy
2,Kenley
3,Kennedy
32,Kenneth
5,Kenny
1,Kenric
1,Kenrick
5,Kent
4,Kenton
1,Kentton
1,Kentucky
2,Keon
1,Kerbie
1,Kerem
4,Kerry
1,Kerwin
1,Kes
1,Keshav
1,Kesler
1,Kesten
1,Kestin
1,Kestyn
108,Kevin
1,Kewetin
1,Keyen
1,Keyleo
1,Keylon
2,Keyton
1,Khaldoun
4,Khaled
2,Khalid
2,Khalil
1,Khizer
2,Khoa
1,Khris
1,Khristian
1,Khyler
1,Ki
1,Kian
1,Kie
3,Kiefer
1,Kiell
19,Kieran
1,Kieron
1,Kilian
1,Killian
2,Kiran
3,Kirby
1,Kiret
1,Kiriyak
11,Kirk
2,Kirklan
3,Kirkland
1,Kirklen
1,Kirklind
1,Kirklyn
1,Kirklynd
1,Kitchener
1,Kitt
1,Kjel
1,Klark
1,Klaus
1,Klay
4,Klayton
1,Klevlin
1,Koa
1,Kobe
1,Kodi
14,Kody
1,Kohen
2,Kohl
1,Kohlton
1,Kohner
1,Kolan
1,Kolbey
1,Kolbi
1,Kolbin
7,Kolby
11,Kole
1,Kolson
4,Kolt
4,Kolten
1,Kolten-Keith
3,Koltin
15,Kolton
4,Koltyn
2,Konner
1,Konnick
1,Konnor
5,Konrad
1,Koochie
1,Korben
1,Korbin
1,Kordell
2,Korey
1,Korlan
1,Kortlan
1,Kortney
5,Kory
1,Koven
1,Kpaul
1,Kraig
1,Kreesan
1,Kreggan
2,Kris
2,Krishan
2,Krishneel
1,Kristain
1,Kristen
7,Kristian
1,Kristien
1,Kristjan
2,Kristof
3,Kristofer
22,Kristopher
1,Kruise
1,Kruize
1,Krystian
1,Krystopher
1,Kryton
1,Kuljeet
1,Kuljit
1,Kulwant
2,Kunal
1,Kurdiston
1,Kuri
1,Kurk
14,Kurt
24,Kurtis
1,Kushal
1,Kwade
1,Kwyn
2,Kye
1,Kylan
1,Kylar
255,Kyle
1,Kylen
15,Kyler
1,Kylle
2,Kynan
1,Kyrel
1,Kyrian
1,Kyro
1,Kyron
3,Lachlan
2,Lain
4,Laine
3,Lake
1,Lambert
14,Lance
1,Landan
2,Landen
1,Landin
1,Landing-Eagle
32,Landon
1,Landyn
36,Lane
1,Lane-Michael
2,Lanny
1,Larkin
2,Larry
1,Larson
1,Latrell
1,Laughlin
1,Lauren
2,Laurence
1,Lawerence
5,Lawrence
1,Laydon
12,Layne
1,Layten
3,Layton
1,Lazareth
1,Lazarus
1,Leandre
1,Leandro
1,Leath
13,Lee
1,Legend
3,Leif
3,Leighton
1,Leionard
1,Leiv
1,Lejaimen
1,Lekota
1,Lekun
2,Leland
1,Lenard
1,Lennon
3,Leo
6,Leon
5,Leonard
2,Leonardo
1,Leonel
2,Leroy
9,Leslie
1,Lester
58,Levi
5,Lewis
1,Lex
1,Leyion
1,Leyton
76,Liam
4,Lincoln
1,Lindan
6,Linden
1,Lindsay
3,Lindsey
2,Lionel
1,Liron
1,Liwaa
1,Llewellyn
1,Lloyd
1,Llywellynn
1,Loewan
125,Logan
1,Logann
1,Logan-Wesley
1,Login
1,London
3,Lonnie
1,Lonny
1,Loomis
1,Loredo
2,Loren
4,Lorenzo
2,Lorne
1,Lotfi
4,Louie
4,Louis
1,Lowell
8,Luc
2,Luca
67,Lucas
2,Luciano
3,Lucien
1,Lucius
1,Lucus
2,Luis
2,Luka
7,Lukas
50,Luke
1,Lukis
1,Lukus
1,Luwen
2,Lyall
1,Lyam
7,Lyle
1,Lynden
7,Lyndon
1,M
1,Maan
1,Mac
1,Macauley
1,Macgregor
1,Maciej
2,Mack
1,Mackenze
58,Mackenzie
2,MacKenzie
1,Mackinley
1,Macklin
1,Maclain
1,Maclean
6,Madison
2,Magnus
1,Mahdiyar
1,Mahmmoud
5,Mahmoud
2,Maison
1,Majd
1,Makail
1,Makoto
2,Maksymilian
1,Malakai
8,Malcolm
1,Malesela
5,Malik
1,Malkolm
1,Manbir
1,Manesh
1,Manfred
1,Manjeet
1,Manjinder
1,Manjot
1,Manpreet
1,Mantaj
2,Manuel
1,Manvir
12,Marc
1,Marc-Andre
4,Marcel
1,Marcello
1,Marcelo
1,Marchello
1,Marcin
7,Marco
28,Marcus
1,Mard
4,Marek
1,Marino
2,Mario
101,Mark
1,Mark-Krzysztof
1,Markle
3,Marko
6,Markus
1,Marl
2,Marlin
3,Marlon
1,Marlowe
1,Marquise
5,Marshal
11,Marshall
1,Marten
20,Martin
2,Marty
5,Marvin
1,Marwan
1,Masan
32,Mason
1,Massimiliano
1,Matao
1,Mate
2,Mateusz
42,Mathew
1,Mathias
8,Mathieu
1,Matison
1,Matiwos
6,Matt
1,Mattei
6,Matteo
1,Matthaeus
1,Mattheus
397,Matthew
3,Matthias
2,Matthieu
1,Matthwe
2,Matti
1,Mattia
1,Mattison
1,Maurgan
2,Maurice
1,Maurie
2,Maverick
1,Mawuko
1,Mawunyo
7,Max
1,Maxamillian
1,Maxie
1,Maxim
1,Maximilian
1,Maximillian
1,Maximillion
20,Maxwell
1,Mazhar
1,McCoy
1,Mckade
2,Mckay
1,McKenna
7,Mckenzie
1,McKoy
1,Mcmillan
1,Mel
2,Melvin
1,Menachem
2,Menno
1,Mesa
8,Micah
1,Micah-Joel
300,Michael
1,Michael-Brian
1,Michal
30,Micheal
1,Michel
1,Michele
1,Mickey
1,Mieszko
9,Miguel
1,Mihai
1,Mikel
3,Mikhael
2,Mikhail
1,Milan
5,Miles
1,Miller
1,Milton
1,Miqueas
1,Mitch
1,Mitchal
1,Mitcheal
10,Mitchel
120,Mitchell
1,Mitchell-Mackenzie
1,Mitchil
1,Mobeen
1,Moe
6,Mohamad
12,Mohamed
5,Mohammad
8,Mohammed
4,Montana
1,Montgomery
1,Monty
42,Morgan
1,Morgen
1,Moritz
3,Moses
1,Moshe
1,Mostafa
1,Mouhamad
4,Muhammad
2,Muhammed
1,Mukund
5,Murray
1,Mustaf
4,Mustafa
1,Mutasem
1,Myan
3,Mykel
1,Mykle
17,Myles
1,Myron
1,Mytchel
2,Nabeel
1,Nabil
1,Nadav
1,Nadeem
2,Nader
1,Nadim
1,Nadr
1,Naeem
1,Nafeez
1,Nahome
1,Nakehko
1,Nam
1,Naphtali
1,Narcisse
1,Naseem
2,Nash
1,Nasser
1,Nasser-Youssef
1,Nassim
1,Nassir
1,Nate
134,Nathan
5,Nathanael
1,Nathaneal
1,Nathaneil
2,Nathanial
37,Nathaniel
1,Nathanual
4,Nathen
1,Natrone
1,Navdeep
1,Navkaran
1,Navneel
1,Navpreet
1,Navraj
2,Nayef
1,Neal
1,Neall
1,Nedol
1,Negele
1,Nehaz
11,Neil
12,Nelson
1,Nephi
1,Nestor-Jake
1,Neumis
3,Nevada
1,Nevauda
1,Nevin
1,Nhon
1,Nichalas
1,Nichaolas
221,Nicholas
3,Nicholaus
2,Nick
1,Nicklaus
1,Nickolai
13,Nickolas
6,Nico
1,Nicola
1,Nicolaas
1,Nicolaj
21,Nicolas
1,Nicolis
1,Nicolo
8,Nigel
1,Nihal
1,Nikaeo
1,Nike
1,Nikita
2,Nikki
2,Nikko
2,Niklas
1,Nikoda
3,Nikolai
12,Nikolas
1,Nils
1,Niocholas
1,Nipuna
1,Niton
1,Nizar
1,Nkosi
18,Noah
4,Noel
33,Nolan
1,Nolen
1,Norbert
3,Norman
1,Norvyn
1,Nour
1,Nyang
1,Nykolas
2,Oakley
1,Obaida
1,Octtavio
1,Odeyi
1,Ohad
1,Okis
1,Olen
11,Oliver
2,Olivier
7,Omar
1,Omer
1,Omid
1,Oneeb
1,Opeoluwa
1,Orest
1,Ori
1,Orlando
1,Ormond
1,Orrain
1,Ory
1,Osama
5,Oscar
1,Oslind
1,Ostin
1,Otty
1,Ovidio
18,Owen
1,Ozzy
1,Pablo
1,Padden
1,Paden
1,Padreic
1,Page
1,Palmer
1,Paolo
1,Parampreet
1,Parash
1,Pardeep
1,Paris
25,Parker
1,Park-Wah
1,Patric
69,Patrick
1,Patrik
1,Patryk
54,Paul
1,Pavhan
1,Pawandeep
1,Paxton
2,Payden
1,Payson
7,Payton
1,Pearse
1,Permeet
1,Pernell
2,Perrin
2,Perry
62,Peter
1,Peter-James
2,Pheonix
21,Philip
1,Philipe
1,Philipp
2,Philippe
15,Phillip
1,Phillipe
3,Phoenix
8,Pierce
1,Piero
1,Pierre
1,Pierre-Alexandre
1,Piers
1,Pietro
1,Piotr
1,Pirtham
1,Platon
1,Porter
2,Prabdeep
1,Prabhdeep
1,Pradeesh
1,Pranav
1,Pranay
1,Praneel
1,Presley
11,Preston
1,Preyanshu
1,Przemek
1,Qasim
3,Quade
1,Quang
1,Quayd
1,Quenten
7,Quentin
1,Quincey
4,Quincy
2,Quinlan
26,Quinn
8,Quinten
14,Quintin
11,Quinton
1,Quinzy
3,Quoc
1,Quynh
1,Racey
1,Radimar
1,Radrey
1,Raeland
2,Rafael
1,Rafat
1,Raffiq
1,Raiden
3,Raine
2,Rainer
1,Raine-Skyler
2,Rajan
1,Rajbir
1,Rajdeep
1,Rajinder
2,Rajneel
1,Rajoo
1,Rajpreet
1,Rajvir
1,Rakinul
1,Raman
1,Ramandeep
1,Ramanjot
1,Ramdy
2,Rami
1,Raminder
1,Ramone
2,Ramsey
1,Ramsie
1,Randal
6,Randall
1,Randeep
1,Randie
1,Randiel
3,Randolph
26,Randy
1,Rane
1,Raniel
1,Rannal
1,Ranon
3,Raphael
1,Raphe
1,Rathasar
3,Raven
2,Ravi
1,Ravneet
2,Ray
1,Rayad
4,Rayden
1,Rayen
1,Rayman
1,Raymi
1,Raymie
3,Raymon
21,Raymond
1,Raymond-Laurent
1,Rayne
1,Raza
1,Raziq
1,Read
1,Reade
2,Reagan
1,Reaghan
7,Reece
9,Reed
1,Reegan
3,Reese
1,Reetam
1,Reeve
7,Regan
1,Regie
3,Reginald
1,Reice
1,Reichel
18,Reid
1,Reign
1,Reilly
1,Remi
1,Remington
1,Ren
1,Renee
1,Rennie
1,Reno
1,Reo
1,Retha
5,Reuben
2,Rex
1,Reyd
1,Reyhan
1,Rheo
5,Rhett
1,Rhiley
5,Rhys
1,Ricardo
1,Ricco
59,Richard
1,Rick
1,Ricki
5,Ricky
1,Riel
1,Rielen
1,Rigel
1,Rigoberto
1,Rilee
101,Riley
1,Ringo
1,Riolando
1,Rion
5,River
1,Riza
1,Rob
1,Robbie
1,Robby
104,Robert
2,Roberto
1,Robertson
10,Robin
1,Robin-Johannes
1,Robson
4,Rocky
1,Roddy
2,Roderick
1,Rodi
3,Rodney
2,Rodrigo
1,Roel
1,Roenick
1,Rogen
12,Roger
1,Rohan
1,Rohinesh
1,Rohit
5,Roland
1,Roleen
1,Rolin
1,Rolland
1,Rom
1,Roma
6,Roman
1,Romano
1,Rome
1,Rommel
1,Ron
1,Ronak
8,Ronald
1,Ronan
1,Rondon
2,Ronnie
1,Ronny
1,Roopinder
1,Roric
10,Rory
1,Roshir
11,Ross
1,Rothanack
4,Rowan
1,Rowdie
1,Rowley
5,Roy
2,Royce
1,Ruairidh
1,Ruban
1,Ruben
1,Rudi
1,Rudolf
1,Rudy
1,Rueban
1,Ruger
1,Ruley
1,Ruslan
1,Russ
3,Russel
11,Russell
1,Ry
284,Ryan
1,Ryann
1,Ryden
5,Ryder
1,Ryer
5,Ryker
20,Rylan
3,Ryland
3,Rylee
1,Rylen
23,Ryley
4,Rylie
1,Rylon
1,Ryse
1,Ryu
1,Ryus
1,Saad
1,Saajenjeet
1,Sabatino
1,Sabri
1,Sachin
1,Sadair
1,Saeed
1,Saeid
1,Safi
1,Safi-Ul-Lah
1,Sagar
2,Sage
1,Sahand
1,Sahil
2,Sai
1,Said
1,Saige
1,Salah
1,Salahadine
1,Salahudeen
1,Salman
1,Salvatore
6,Sam
1,Samer
2,Samir
6,Samson
1,Samual
92,Samuel
2,Sandy
1,Saneet
1,Sanjeet
1,Sary
2,Sasha
2,Satchel
1,Satinder
1,Saul
1,Savraj
6,Sawyer
1,Schylar
1,Scot
98,Scott
2,Seamus
102,Sean
1,Sebastiaan
12,Sebastian
3,Sebastien
1,Seichi
1,Seile
1,Sem
1,Sepehr
1,Sequoya
12,Seth
1,Sevastjan
1,Severian
1,Shaamal
1,Shaanvir
1,Shade
1,Shadi
2,Shae
1,Shafiq
1,Shafique
1,Shaheed
1,Shahnawaz
1,Shahrukh
1,Shai
1,Shaiyan
1,Shaiyannsanya
1,Shakiel
1,Shakuur
1,Shalan
1,Shale
1,Shalmn
1,Shalon
1,Shaman
1,Shameer
1,Shamen
1,Shamus
1,Shanahan
2,Shandon
47,Shane
2,Shaneel
1,Shaneil
1,Shankar
1,Shaqiel
5,Shaquille
1,Sharif
16,Shaun
36,Shawn
1,Shawn-Stuart
5,Shay
1,Shayde
1,Shayden
2,Shaye
1,Shayfer
1,Shayle
11,Shayne
1,Shaz
5,Shea
1,Sheaden
11,Shelby
38,Sheldon
1,Sheldyn
1,Shelton
1,Shelvin
1,Shem
2,Sheridan
1,Sheriden
1,Shianne
1,Shinean
1,Shinji
1,Shivam
1,Shivkaran
1,Shivraj
1,Shjonbrandon
1,Shokoni
1,Shvan
1,Shyan
2,Shylo
1,Shylow
1,Siah
2,Sidney
1,Siebe
3,Silas
1,Silver
1,Simarjit
1,Simeon
15,Simon
1,Simpson
1,Simran
1,Simrit
2,Sina
1,Sinan-Saleh
2,Sinclair
1,Siomon
1,Sjael
3,Sky
1,Skye
16,Skylar
1,Skylar-Ty
16,Skyler
1,Skylier
1,Skyller
3,Slade
2,Slater
1,Slayman
1,Slayton
1,Sohail
4,Solomon
1,Sovanny
1,Spearin
88,Spencer
2,Spenser
1,Spiros
1,Stacey
1,Stands
3,Stanley
3,Steele
2,Steen
1,Steenn
14,Stefan
1,Stefano
1,Steffen
6,Stephan
3,Stephane
1,Stephano
54,Stephen
5,Sterling
1,Stetson
4,Steve
103,Steven
4,Stewart
1,Stile
1,Stonie
1,Storm
1,String-Fellow
1,Struan
12,Stuart
1,Stuward
1,Styles
1,Sujay
1,Sukhjit
1,Sukhjot
1,Sullivan
2,Sumeet
1,Sumit
2,Sundance
1,Sundar
5,Sundeep
1,Sunjay
1,Sunny
1,Sunpreet
1,Sushixit
1,Sydney
3,Syed
2,Sylvain
1,Sytse
1,T.
1,T.J.
1,Tadashi
1,Taddeous
1,Taha
1,Taheer
1,Tahj
1,Tahyr
2,Tai
1,Taisen
1,Tait
1,Taite
1,Takaaki
1,Talen
1,Talis
1,Tallen
1,Tallis
8,Talon
2,Tam
1,Tamos
1,Tan
1,Tanis
69,Tanner
1,Tanor
8,Taran
1,Taras
1,Tarek
4,Tarik
1,Taron
1,Tarquin
1,Tarran
1,Tarrant
1,Taryn
4,Tate
1,Tavaris
3,Tavis
2,Tavish
1,Taygan
9,Tayler
120,Taylor
1,Taylor-Douglas
1,Taylor-Ray
1,Tayt
1,Tayte
1,Tayten
1,Tayton
1,Tazz
5,Teagan
1,Teakin
3,Ted
1,Tee
1,Teegan
1,Teghan
3,Teigan
1,Tein
1,Tejpal
1,Tejpartap
1,Tekoa
1,Tel
1,Telayne
1,Temitope
1,Tenry
1,Teny
2,Terence
1,Terlet
3,Terran
11,Terrance
1,Terray
1,Terrell
8,Terrence
1,Terrin-Micheal
11,Terry
1,Tetsuro
3,Tevin
1,Teylor
1,Tg
1,Thadden
1,Thaddeus
1,Thalion
3,Thane
2,Thanh
1,That
3,Theo
10,Theodore
2,Theoren
1,Thereon
1,Theron
1,Theryn
1,Thias
1,Thien
129,Thomas
1,Thoren
1,Thorvall
1,Tianna
1,Tico
1,Tiegan
1,Tierdon
1,Tighe
1,Tilar
2,Tim
1,Timon
1,Timone
61,Timothy
1,Timurlane
3,Titus
3,Tobias
1,Tobin
1,Toby
8,Todd
2,Tom
2,Tomas
2,Tomasz
1,Tomislav-Andrija
1,Tommy
1,Tonishaye
17,Tony
1,Tor
1,Tori
1,Torin
1,Torren
1,Torrence
1,Torrin
1,Torry
1,Torsten
2,Tory
1,T-P
1,Tracii
1,Traden
3,Trae
1,Traeten
2,Trail
1,Tralend
2,Tran
1,Travin
70,Travis
1,Trayten
1,Trayton
1,Trayven
2,Tre
1,Trefor
27,Trent
13,Trenton
1,Tres
1,Treston
1,Trestyn
1,Trever
1,Tre-Von
57,Trevor
10,Trey
1,Treydan
1,Treydon
2,Treyton
1,Treyvone
1,Trintin
57,Tristan
15,Tristen
3,Tristian
8,Tristin
1,Tristjan
2,Triston
1,Tristyn
1,Trong
21,Troy
1,Troyal
3,Truman
1,Trung
1,Tryson
2,Trystan
5,Trysten
1,Tryston
2,Tuan
4,Tucker
3,Turner
50,Ty
1,Tyce
1,Tyceer
6,Tye
1,Tygean
1,Tyhe
1,Tyland
1,Tylar
1,Tylen
356,Tyler
1,Tyler.James
1,Tylon
10,Tylor
3,Tynan
1,Tyra
1,Tyran
1,Tyrane
1,Tyre
2,Tyree
1,Tyreil
5,Tyrel
19,Tyrell
2,Tyrelle
1,Tyren
1,Tyro
1,Tyron
7,Tyrone
1,Tyrrell
1,Tysean
3,Tysen
72,Tyson
1,Tyvan
1,Tyvon
1,Ulysses
1,Umanga
1,Uriah
1,Va
1,Valentine
1,Valier
1,Vance
1,Vaninder
1,Vardaan
1,Vasili
1,Vaughan
2,Vaughn
1,Vedad
1,Vennie
2,Vern
1,Verne
2,Vernon
1,Vicky
20,Victor
1,Vijay
2,Vikram
1,Viktor
3,Vince
22,Vincent
2,Vinson
1,Vishaal
3,Vishal
1,Vishek
1,Vitaly
1,Vivek
1,Vladimir
1,Vuk
1,Wacey
10,Wade
1,Wail
1,Walaid
3,Walker
1,Walleed
2,Walter
2,Ward
15,Warren
1,Waseem
1,Wasif
1,Wasiq
1,Watson
2,Wayde
1,Waylan
1,Waylen
6,Waylon
7,Wayne
2,Wei
1,Wen
1,Wendall
1,Wendell
1,Wesam
27,Wesley
1,West
1,Westcott
1,Westland
1,Westley
2,Weston
1,Wilford
2,Wilfred
1,Wilhelm
1,Will
2,Willard
1,Willem
122,William
3,Willie
1,Willow
5,Wilson
1,Wing
5,Winston
2,Wolfe
1,Wood
77,Wyatt
3,Wyatte
4,Wylie
1,Wyndon
4,Xavier
1,Xeo-Fu
1,Yannick
1,Yasuo
1,Yateson
1,Yehudah
1,Yiannis
1,Yonas
1,Yonnas
1,Youki
1,Youness
1,Yousef
2,Youssef
1,Yu
1,Yuk
1,Yuri
1,Yusef
1,Yuuki
1,Yuya
1,Zaccary
10,Zachariah
1,Zacharias
2,Zacharie
164,Zachary
22,Zachery
1,Zachury
2,Zack
16,Zackary
8,Zackery
1,Zafeer
1,Zaher
4,Zain
2,Zak
5,Zakary
1,Zakery
1,Zaman
1,Zana
12,Zane
1,Zaqi
2,Zared
1,Zaren
1,Zarif
1,Zaylin
1,Zechariah
1,Zeeyerack
1,Zenan
1,Zenith
1,Zenon
1,Zephaniah
1,Zhen
1,Ziad
1,Zishaan
2,Zishan
1,Zoheb
1,Zokariah
1,Zuhair