2,A.
1,Aahad
1,Aahil
1,Aaran
1,Aarik
87,Aaron
1,Aarondeep
1,Aaron-Minassie
1,Aaton
1,Abdallah
1,Abdessatar
1,Abdu
3,Abdul
1,Abdul-Aleem
5,Abdullah
1,Abdul-Rahime
1,Abdul-Rahman
1,Abdurahman
1,Abdurrahman
1,Abe
1,Abed
2,Abel
1,Abhisek
1,Abhishek
1,Abner
6,Abraham
2,Abram
108,Adam
5,Addison
1,Adem
3,Aden
1,Adham
1,Adison
1,Admir
1,Adnan
1,Adonay
1,Adonis
1,Adreece
18,Adrian
1,Adriano
2,Adrien
1,Aedan
1,Aeron
1,Afrasiab
1,Agoth
1,Aharon
11,Ahmad
9,Ahmed
1,Ahren
50,Aidan
15,Aiden
1,Aimen
1,Ajaybeer
1,Ajit
1,Ajitpaul
1,Ajitrashpal
1,Akaljot
1,Akash
1,Akashdeep
1,Akashvir
1,Akeem
1,Akel
1,Akhilesh
1,Akil
1,Alaeddeen
1,Alain
9,Alan
1,Alangelio
1,Alaric
1,Alasdair
1,Alastair
11,Albert
2,Alden
11,Alec
1,Aleck
1,Alek
1,Aleksa
2,Aleksandar
2,Aleksander
1,Alekzander
2,Alen
30,Alex
171,Alexander
1,Alexandr
4,Alexandre
1,Alexandro
1,Alexaner
1,Alexei
1,Alexi
1,Alexis
1,Alexzander
2,Alfonso
2,Alfred
1,Alfredo
16,Ali
1,Alisdair
1,Alix
1,Alixander
10,Allan
5,Allen
1,Allistair
2,Allister
1,Aloysious
1,Altamish
1,Altamiz
2,Alton
4,Alvin
1,Alwyn
2,Aly
1,Alyasaa-Tarek
1,Amandeep
1,Amanjot
1,Amar
1,Amardeep
1,Amarjyot
1,Ambrose
1,Amed
1,Ameen
2,Ameer
1,Ameet
1,Amery
1,Amik
1,Amileo
1,Amin
3,Amir
1,Amir-Hossein
2,Amit
1,Amitpal
1,Amjed
1,Ammon
1,Amneet
2,Amninder
1,Amonte
1,Amos
1,Amran
1,Amreet
3,Amrit
1,Amritpal
1,Anand
1,Anastasios-Taso
5,Anders
13,Andre
3,Andreas
4,Andrei
3,Andres
169,Andrew
2,Andrey
1,Andriy
1,Andru
12,Andy
3,Angelo
6,Angus
1,Anhviet
1,Anil
1,Anindin
1,Anis
2,Anish
1,Anoop
84,Anthony
1,Anthony-Freedom
1,Antoine
1,Anton
7,Antonio
1,Antony
1,Antwan
1,Anveer
1,Apollo
1,Arah
1,Arashdeep
1,Archer
1,Areez
1,Aren
2,Aric
1,Arie
2,Ariel
1,Arik
1,Ariq
1,Ariya
1,Arjan
2,Arjun
1,Arlan
1,Arlen
1,Arly
3,Armaan
1,Armaandeep
2,Arman
1,Armand
1,Armande
3,Armando
1,Armani
1,Armin
1,Arnel
1,Arnie
1,Arniel
3,Arnold
1,Aron
1,Arpan
1,Arron
1,Arshdeep
1,Arshvir
5,Arthur
2,Arvin
1,Ashdeen
1,Asheesh
1,Asher
1,Ashish
2,Ashley
1,Ashok
2,Ashraf
19,Ashton
1,Asif
1,Aston
1,Ataur
1,Ateequllah
1,Ateet
1,Atley
1,Atlyn
1,Aubrey
3,August
1,Auguste
1,Augustin
1,Aurel
1,Aurey
1,Aurion
7,Austen
265,Austin
1,Austine
1,Auston
2,Austyn
1,Austyne
1,Autumn
1,Aven
23,Avery
1,Avinand
1,Avraj
1,Avry
1,Awak
3,Axel
1,Ayana
1,Aydan
4,Ayden
1,Aydon
2,Ayrton
1,Azaad
1,Azad
1,Azar
1,Azariah
1,Aziz
1,Azlan
1,Azmi
38,Baby
39,Bailey
1,Baillie
1,Baljit
1,Balkaran
1,Balpreet
1,Bao
1,Bao-Khoi
1,Baptise
1,Bardia
1,Barend
1,Baret
1,Barrah
5,Barry
1,Bartek
1,Bashir
1,Basil
1,Bastien
1,Baussman
1,Baylee
1,Bayley
1,Beau
1,Beau-Dakota
1,Beaudean
1,Beauregard
1,Beaux
1,Beav
1,Beckett
9,Ben
1,Benet
1,Benett
1,Benjaimin
1,Benjaman
1,Benjamen
150,Benjamin
1,Benjiman
1,Benjmen
1,Benn
5,Bennett
1,Benson
1,Bentley
4,Benton
1,Bergen
1,Berion
1,Berk
3,Bernard
2,Bernhard
1,Bernie
2,Bevan
1,Bhawanjyot
1,Bilal
1,Billie
9,Billy
1,Bishop
1,Blade
1,Blaeden
4,Blaine
6,Blair
2,Blaise
50,Blake
1,Blase
1,Blayke
2,Blayne
1,Blayze
2,Blaze
1,Blu
4,Bo
1,Boaz
1,Boban
4,Bobby
1,Bocephus
1,Bode
1,Bodin
1,Bohdan
1,Bolivar
1,Boris
1,Boston
1,Bostyn
1,Both
1,Bowan
1,Bowden
1,Bowdrie
7,Bowen
1,Boyce
4,Boyd
5,Brad
51,Braden
1,Bradford
2,Bradin
66,Bradley
6,Bradly
2,Bradon
43,Brady
3,Bradyn
1,Brae
1,Braedan
21,Braeden
7,Braedon
1,Braedyn
1,Braem
1,Brahamjot
7,Braiden
1,Braidon
1,Brait
1,Brakken
5,Brandan
21,Branden
9,Brandin
1,Brandis
1,Brando
279,Brandon
6,Brandt
2,Brandy
5,Brandyn
2,Brannon
3,Brant
7,Braxton
2,Braydan
84,Brayden
1,Brayden-Mathew
1,Braydeon
1,Braydin
29,Braydon
1,Braydyn
1,Braylon
1,Brayton
1,Brazdin
1,Brecken
1,Breckery
2,Brenan
84,Brendan
21,Brenden
2,Brendin
16,Brendon
2,Brendyn
24,Brennan
5,Brennen
5,Brennon
1,Brenon
16,Brent
1,Brenton
1,Breshton
10,Bret
86,Brett
1,Breydan
1,Breydon
36,Brian
3,Brice
1,Bridges
2,Brigham
1,Brinson
1,Bristin
1,Britton
17,Brock
1,Broden
1,Broderick
1,Brodey
5,Brodie
29,Brody
1,Broedy
1,Brogan
1,Brok
4,Bronson
1,Brooker
1,Brookland
2,Brooklyn
2,Brooks
1,Brosnan
2,Bruce
1,Bruke
1,Bruno
19,Bryan
1,Bryar
57,Bryce
2,Brycen
1,Bryceson
3,Bryden
2,Brydon
1,Brylan
1,Bryland
3,Bryn
4,Bryson
10,Bryton
1,Byrnes
5,Byron
1,C.
1,Cache
4,Cade
1,Caden
1,Cadyn
1,Caeden
1,Caelam
4,Caelan
1,Caiden
1,Cailean
1,Cailen
1,Cailib
1,Cailin
5,Cain
2,Caine
1,Cal
9,Cale
55,Caleb
1,Caler
3,Callen
7,Callum
6,Calum
27,Calvin
1,Calvyn
1,Cam
1,Cameran
72,Cameron
1,Cammeron
2,Camron
1,Canyon
1,Cardell
1,Cardin
5,Carl
1,Carlen
1,Carlin
1,Carlo
4,Carlos
1,Carlson
1,Carsen
38,Carson
55,Carter
1,Carver
15,Casey
2,Cash
1,Cashen
2,Cashton
1,Casin
1,Casper
1,Cassady
1,Cassian
1,Cassidy
1,Castor
1,Catlin
1,Cayce
1,Caylib
1,Caylin
1,Caylub
1,Cayman
1,Caysen
1,Cayton
1,Cedric
1,Ceegan
1,Ceiran
3,Cesar
1,Chace
1,Chackquick
35,Chad
1,Chadd
2,Chaim
1,Chaine
1,Chaise
29,Chance
1,Chancellor
2,Chancey
12,Chandler
1,Chandra
1,Chandu
2,Chanse
1,Chantz
1,Chanze
1,Charl
23,Charles
1,Charley
6,Charlie
75,Chase
1,Chasetan
1,Chason
1,Chaten
1,Chatham
1,Chattan
1,Chauncey
1,Chavan
1,Chavez
2,Chayce
1,Chaydan
1,Chaysce
4,Chayse
4,Chaz
1,Chazz
1,Che
1,Cheng
1,Chester
3,Chet
3,Chevy
2,Cheyenne
1,Chhuy
2,Chi
1,Chimezie
3,Chris
1,Christepher
81,Christian
173,Christopher
1,Christopher-Derek
1,Chuck-Hin
1,Chuor
1,Chyson
1,Cian
1,Cirrus
1,Clancy
3,Clarence
1,Clark
2,Claude
14,Clay
1,Claydon
1,Claye
1,Clayten
23,Clayton
1,Cleveland
1,Cliff
3,Clifford
1,Clintin
8,Clinton
1,Clive
1,Clyde
1,Coal
1,Cobe
1,Coby
1,Codi
2,Codie
119,Cody
1,Cody-Jordan
1,Coenraad
1,Colben
1,Colbern
1,Colbert
27,Colby
1,Colden
150,Cole
1,Coleby
1,Coletin
3,Coleton
52,Colin
8,Collin
1,Colm
1,Colman
1,Colson
1,Colsten
2,Colt
2,Coltan
15,Colten
2,Coltin
85,Colton
2,Coltyn
1,Con
1,Conal
1,Conan
2,Conlan
1,Conley
11,Conner
137,Connor
11,Conor
14,Conrad
12,Cooper
1,Coran
1,Corbie
9,Corbin
1,Cordel
4,Cordell
1,Coren
15,Corey
1,Corin
1,Cormac
2,Cornelis
3,Cornelius
1,Cornell
1,Corry
1,Cort
1,Cortlan
1,Cortland
1,Corvyn
1,Corwin
1,Corwyn
27,Cory
1,Coulton
2,Coy
16,Craig
1,Craigh
1,Crawford-John
1,Creytin
1,Crighton
2,Cristian
1,Cristiano
1,Cristopher
2,Croy
1,Cruz
1,Crystian
1,Csaba
1,Cull
1,Cullan
1,Curran
45,Curtis
1,Curtlan
1,Cylas
1,Cyle
1,Cyler
6,Cyrus
1,Dade
1,Dae
1,Daegan
1,Daelund
1,Daemond
1,Daetan
1,Dahlin
1,Daijiro
1,Dailan
1,Dailen
1,Daimon
2,Dain
3,Daine
43,Dakota
1,Dakota-Beau
6,Dale
2,Dalen
1,Daley
2,Dalin
2,Dallan
40,Dallas
1,Dallasmikisiwasis
3,Dallen
4,Dallin
1,Dallon
24,Dalton
1,Dalyn
1,Daman
15,Damian
9,Damien
1,Damin
6,Damion
16,Damon
1,Damond
2,Dan
1,Dana
1,Danae
11,Dane
1,Daney
1,D'Angello
1,Danial
1,Danieal
174,Daniel
1,Daniell
1,Danielle
1,Danik
1,Danika
1,Danile
1,Danillo
1,Dannon
7,Danny
5,Dante
1,Danten
1,Danton
1,Danube
1,Danyal
2,Danyon
1,Da'Ood
6,Darby
1,Darcey
9,Darcy
6,Daren
21,Darian
10,Darien
1,Darin-Shay
2,Dario
3,Darion
1,Daris
14,Darius
3,Darnel
6,Darnell
31,Darren
3,Darrian
2,Darrick
3,Darrien
1,Darrio
1,Darris
1,Darrius
1,Darryl
1,Darryn
1,Darshdeep
1,Darvin
5,Darwin
3,Daryan
2,Daryl
1,Daryn
2,Dasan
1,Dashawn
3,Dat
1,Daud
1,Daulten
2,Daulton
1,Dave
1,Daven
1,Daver
2,Davey
124,David
1,Davie
4,Davin
1,Davinderpal
19,Davis
1,Davon
1,Dawsen
18,Dawson
3,Dax
1,Daxon
1,Daxton
1,Dayan
1,Dayce
3,Daylan
5,Daylen
2,Daylin
3,Daylon
1,Daymon
1,Dayn
5,Dayne
1,Daynin
1,Daystar
1,Daytin
13,Dayton
1,Dayvon
1,De
1,Deacon
13,Dean
1,Deandre
5,Declan
1,Deep
1,Deeshpaul
2,Deion
1,Deitrich
1,Dejan
1,Deker
1,Delain
1,Delane
1,Delaney
1,Delayney
1,Dellan
1,Delsen
1,Delvyn
1,Demar
1,Denim
2,Denis
11,Dennis
2,Denny
2,Denon
4,Denton
4,Denver
1,Denyn
3,Denzel
1,Denzelle
1,Denzil
1,Denzyl
1,Deon
1,Deonte
47,Derek
2,Derian
2,Derick
1,Derik
1,Derk
1,Derlin
1,Derrek
9,Derrick
1,Derrien
1,Derrik
1,Derwin
1,Deryk
1,Deshai
1,Deshayne
10,Desmond
1,Destin
2,Destiny
1,Destyn
1,Deuce
6,Devan
2,Deven
31,Devin
2,Devlin
48,Devon
1,Devonjit
1,Devun
2,Devyn
1,Dewey
8,Dexter
1,Dezel
2,Dezmond
1,Dhevin
1,Dhruv
2,Diego
1,Dieter
1,Diljahn
5,Dillan
2,Dillen
1,Dillin
2,Dillion
28,Dillon
1,Dilrose
1,Dilwar
2,Dimitri
1,Dinesh
1,Dinh
1,Diogo
4,Dion
1,Dionisio
1,Dirck
2,Dirk
1,Dithakorn
2,Dixon
1,DJ
1,Dodge
1,Dohyun
1,Domanic
1,Domenico
1,Domenique
24,Dominic
5,Dominick
5,Dominik
1,Dominique
1,Dominque
1,Domminic
1,Domonick
2,Don
12,Donald
3,Donavan
1,Donaven
1,Donavin
2,Donavon
1,Donivan
1,Donnell
24,Donovan
1,Donoven
1,Donte
1,Doran
7,Dorian
1,Dorien
18,Douglas
1,Dradon
1,Drae
1,Dragan
5,Drake
3,Draven
1,Dravon
3,Drayden
3,Draydon
7,Drayton
1,Dredyn
1,Dreton
18,Drew
1,Dreydon
1,Dreytin
2,Dreyton
2,Dryden
1,Duane
1,Dugan
1,Duier
27,Duncan
1,Dunkin
1,Duoth
1,Duran
1,Dusko
53,Dustin
1,Duston
2,Dusty
2,Duy
1,Dwain
3,Dwayne
2,Dwight
175,Dylan
1,Dylin
2,Dyllan
1,Dyllon
3,Dylon
2,Dysen
5,Dyson
2,Eagle
2,Eamon
1,Earl
1,Earvin
5,Easton
1,Eaton
1,Ebenezer
1,Ebraheem
1,Eddison
1,Eden
1,Edgar
1,Edison
2,Edmund
1,Edriane
1,Edric
1,Eduard
16,Edward
2,Edwin
1,Efe
1,Egan
1,Eisley
1,Eithan
1,Ekampreet
1,Elbert
1,Eldin-Jusuf
3,Eldon
3,Elgin
5,Eli
8,Elias
19,Elijah
2,Ellery
1,Ellijah
5,Elliot
5,Elliott
2,Ellis
2,Elmer
2,Elroy
2,Elton
1,Elvis
1,Ely
1,Emanuel
5,Emerson
3,Emery
1,Emett
1,Emil
1,Emile
6,Emilio
1,Emilio-Anthony
2,Emmanuel
1,Emmeric
2,Emmet
7,Emmett
1,Eoghan
1,Ephraim
1,Eraj
1,Erdman
1,Erel
134,Eric
1,Eric-Alexander
2,Erich
6,Erick
1,Ericson
26,Erik
2,Erin
1,Erling
1,Ermin
3,Ernest
1,Erriton
3,Ervin
1,Eryk
1,Essam
1,Essaw
1,Estia
1,Etham
103,Ethan
2,Ethen
5,Eugene
1,Evahn
100,Evan
1,Evander
1,Evann
1,Everest
5,Everett
1,Everette
1,Evyn
2,Ewan
1,Eyad
1,Ezana
1,Ezequiel
1,Ezra
1,Faazil
1,Fabian
1,Fahed
1,Faisal
1,Falan
1,Farah
1,Farian
1,Farman
4,Felix
1,Feodor
2,Feras
1,Fernando
1,Feross
1,Ferris
2,Filip
1,Findlay
1,Findley
1,Finn
1,Fischer
1,Florentine
1,Floyd
1,Fontas
1,Forest
4,Forrest
1,Forsyth
2,Foster
1,Franadus
3,Francesco
7,Francis
1,Francois
9,Frank
1,Frankie
2,Franz
5,Fraser
1,Frasier
1,Frazer
2,Fred
1,Freddy
4,Frederick
2,Fredrick
1,Friedrich
1,Gabe
1,Gabrieal
36,Gabriel
1,Gach
2,Gaelen
1,Gaetan
1,Gaetes
3,Gagandeep
1,Gaganpreet
16,Gage
2,Gaige
1,Gain
4,Galen
1,Galvin
1,Gamal
1,Garady
8,Gareth
1,Garett
1,Garinder
1,Garner
1,Garon
1,Garreit
1,Garren
12,Garret
3,Garreth
25,Garrett
2,Garrick
1,Garry
1,Garth
1,Garvin
11,Gary
1,Gaven
27,Gavin
1,Gedewon
1,Gehlmark
2,Geoffery
8,Geoffrey
2,Geoffry
1,Geordi
2,Geordie
14,George
8,Gerald
1,Gerhard
1,Gerome
1,Gerrad
2,Gerrit
1,Ghassan
1,Ghrib
1,Gibran
2,Gideon
2,Gilbert
1,Gilles
1,Giorgio
1,Giovanni
3,Giuseppe
5,Glen
1,Glenn
1,Gobind
1,Goran
1,Gordelle
10,Gordon
2,Graden
6,Grady
1,Graeham
14,Graeme
1,Graeson
18,Graham
18,Grant
1,Grayden
2,Graydon
1,Graysen
1,Graysin
29,Grayson
2,Greg
1,Greggory
1,Gregoris
31,Gregory
1,Gregston
1,Greydon
3,Greyson
2,Griffen
10,Griffin
1,Griffith
2,Gunnar
2,Gunner
2,Gurbir
1,Gurdit
2,Gurinder
1,Gurjeevan
2,Gurjot
2,Gurkamal
3,Gurkaran
1,Gurleen
2,Gurman
1,Gurmeet
1,Gurneck
1,Gurneil
1,Gurnoor
1,Gurpreet
1,Gurpyar
1,Gurshaan
1,Gursher
1,Gurtej
1,Gurveer
1,Gus
2,Gustavo
1,Guy
1,Haaris
2,Hadden
1,Hady
1,Haeden
1,Hafiz
1,Haiden
1,Haithem
1,Hal
1,Haley
1,Halli
1,Hamid
2,Hamza
1,Hamzah
1,Handrik
2,Hans
1,Hanson
1,Hardarshan
1,Harielle
1,Harjas
1,Harjee
1,Harjodh
2,Harjot
1,Harkaran
1,Harkirat
2,Harlan
3,Harlen
7,Harley
1,Harm
3,Harman
1,Harmandeep
1,Harmanjit
1,Harmanjot
1,Harmanthan
1,Harmen
1,Harneil
2,Harold
1,Harpinder
4,Harpreet
1,Harrick
1,Harris
1,Harrisen
21,Harrison
1,Harsahil
1,Har-Sanjeet
2,Harsimran
1,Harumi
1,Harvey
1,Harvir
1,Harwinder
1,Hashi
1,Hashim
1,Hashir
2,Hassan
1,Haval
1,Haven
26,Hayden
1,Haydn
1,Hayes
1,Haze
1,Hazen
1,Hedrecco
1,Hehaka-Seeqwun
1,Heinrich
1,Henderson
1,Hendrik
1,Henri
19,Henry
1,Herb
5,Herman
1,Hesham
1,Hick
1,Hidayatgul
1,Himat
1,Himmat
1,Hoa
3,Hoang
1,Holden
1,Honeybal
1,Horacio
2,Hosam
3,Howard
1,Hubert
2,Hudson
2,Hugh
5,Hugo
1,Humaad
1,Humraj
2,Humza
36,Hunter
1,Huss
2,Hussain
6,Hussein
1,Hussien
1,Huston
1,Huy
1,Huynh
1,Huzaifa
1,Hyrum
5,Iain
46,Ian
1,Ian-James
7,Ibrahim
1,Ifeloluwa
2,Igor
3,Ijaz
1,Ilan
1,Ilias
1,Imad
1,Iman
2,Imran
3,Inderjeet
2,Indiana
1,Ippei
1,Ira
1,Iree
2,Irwin
1,Irwinjot
31,Isaac
1,Isaah
2,Isaak
1,Isadore
17,Isaiah
1,Isaiah-Lee
1,Isaiha
1,Isam
3,Isiah
1,Isiaha
1,Islam
1,Ismail
1,Israel
3,Issac
11,Ivan
1,Ivdeep
1,Ivondeep
1,Izaak
1,Izak
1,Izic
1,Izunna
1,Jabin
18,Jace
1,Jacen
1,Jachin
44,Jack
1,Jack-Douglas
2,Jackie
30,Jackson
6,Jacky
214,Jacob
1,Jacobe
2,Jacques
9,Jade
20,Jaden
1,Jadin
1,Jad-Julian
4,Jadon
1,Jady
3,Jadyn
3,Jaeden
1,Jaedon
1,Jaedyn
1,Jaegar
1,Jaeger
1,Jaeruz
1,Jaffer
1,Jagarkhen
1,Jagbir
1,Jagger
1,Jagjit
1,Jagmeet
1,Jagroop
1,Jagwinder
1,Jahanzeb
1,Jahvon
1,Jaideep
3,Jaiden
1,Jaiken
1,Jailel
1,Jaimie
1,Jaired
37,Jake
26,Jakob
1,Jakub
1,Jalaal
3,Jalal
1,Jaleel
2,Jalen
2,Jamal
2,Jamee
1,Jameel
1,Jamel
107,James
1,Jamey
13,Jamie
4,Jamieson
3,Jamil
2,Jamin
1,Jamis
1,Jamison
1,Jamon
1,Jamul
3,Jan
1,Janeil
109,Jared
3,Jarek
1,Jarell
5,Jaren
7,Jaret
3,Jarett
1,Jari
1,Jarid
31,Jarod
1,Jarome
3,Jaron
8,Jarred
1,Jarrel
1,Jarrell
5,Jarret
9,Jarrett
1,Jarrid
8,Jarrod
4,Jarvis
2,Jaryd
1,Jaryl
1,Jaryn
1,Jase
2,Jashan
1,Jaskaran
2,Jaskarn
2,Jaskirat
84,Jason
4,Jasper
1,Jaspreet
1,Jasraj
1,Jassas
1,Jaswant
1,Jathird
1,Javen
2,Javier
1,Jawon
1,Jawwad
8,Jaxon
3,Jaxson
1,Jaxyn
7,Jay
5,Jayce
2,Jaycee
1,Jaycid
2,Jaycob
1,Jaydan
52,Jayden
1,Jaydin
10,Jaydon
1,Jaylin
1,Jaylon
2,Jayme
1,Jaymen
1,Jayna
1,Jayse
4,Jayson
1,Jayson-Tyler
2,Jean
1,Jean-Daniel
1,Jean-Luc
1,Jean-Sebastien
1,Jean-Vincent
1,Jed
1,Jedadiah
1,Jedrik
2,Jeff
2,Jefferson
6,Jeffery
36,Jeffrey
1,Jeffry
1,Jeffy
1,Jehmil
1,Jeighdon
1,Jenham
1,Jenkins
1,Jens
3,Jensen
1,Jeordie
1,Jerahmiah
1,Jereme
1,Jeremi
10,Jeremiah
2,Jeremie
60,Jeremy
1,Jerenz
1,Jereth
1,Jericho
1,Jerico
1,Jerid
1,Jerod
2,Jerome
1,Jeromy
2,Jerrad
1,Jerrett
1,Jerrette
1,Jerrick
1,Jerrid
1,Jerrold
12,Jerry
1,Jerry-Luka
1,Jervis
1,Jerwyn
1,Jesherin
1,Jesi
124,Jesse
12,Jessie
1,Jesston
5,Jessy
2,Jett
1,Jevi
1,Jevin
1,Jevon
1,Jezer
1,Jheremy
1,Jheteas
1,Jhon-Kevin
1,Jhun-Michael
1,Jian-Yi
1,Jignesh
1,Jiles
6,Jimmy
1,Jiyzea
1,Joab
1,Joah
1,Job
2,Jody
4,Joe
67,Joel
1,Joeseph
3,Joesph
9,Joey
3,Johan
1,Johann
1,Johannas
3,Johannes
104,John
12,Johnathan
10,Johnathon
1,Johnaven
1,John-David
1,Johnnel
6,Johnny
1,John-Robert
1,John-Ross
3,Johnson
1,Johon
5,Jon
31,Jonah
10,Jonas
88,Jonathan
1,Jonathen
16,Jonathon
1,Jonel
1,Jon-Eric
1,Jongwoo
1,Jon-Jacob
1,Jonny
1,Jon-Paul
231,Jordan
1,Jordan-Lee
9,Jorden
1,Jordin
21,Jordon
4,Jordy
7,Jordyn
4,Jorge
3,Jory
1,Jose
3,Josef
1,Joselito
1,Josemaria
116,Joseph
4,Josh
1,Joshia
281,Joshua
1,Joshua-Hilton
1,Joshva
16,Josiah
1,Jotham
1,Jovan
2,Jovanni
1,Joyraj
1,Jozef
1,Juan
1,Judas
1,Jules
18,Julian
4,Julien
3,Julius
1,Jullien
1,Jumar
1,Jun
1,Jung-Ho
1,Juno
1,Jupjeet
1,Jure
1,Jusdan
2,Justen
17,Justice
182,Justin
1,Justis
1,Justise
2,Justus
1,Justyce
3,Justyn
1,Justyse
1,Jybreel
1,Jysonn
1,Ka
1,Kaatib
1,Kabasele-Emmanuel
1,Kabrie
1,Kacey
8,Kade
13,Kaden
3,Kadin
3,Kadon
1,Kaedan
1,Kaedon
1,Kaedyn
1,Kaegan
7,Kael
5,Kaelan
1,Kaelen
1,Kaelin
1,Kaelum
5,Kage
1,Kahleil
1,Kahler
1,Kahnen
4,Kai
8,Kaiden
1,Kaidrian
1,Kail
2,Kaileb
1,Kailen
1,Kain
1,Kairo
1,Kaiser
1,Kajun
1,Kakheso
2,Kal
13,Kale
10,Kaleb
1,Kalem
2,Kalen
3,Kalin
1,Kalis
2,Kallen
1,Kalobe
1,Kalten
1,Kalum
1,Kalvin
1,Kamal
1,Kamaljot
1,Kamalpreet
3,Kameron
2,Kamil
1,Kamin
1,Kamren
1,Kanari
12,Kane
1,Kanin
1,Kannan
1,Kanwal
1,Kanwardeep
1,Kaplan
1,Karam
1,Karamjit
1,Karamvir
2,Karan
1,Karanbir
1,Karanjeet
1,Kardon
1,Karel
1,Karim
4,Karl
1,Karnesh
1,Karnvir
2,Karson
1,Karsten
3,Karter
1,Karthik
1,Kas
2,Kasey
2,Kash
1,Kashes
2,Kashtin
4,Kashton
1,Kassan
2,Kassem
1,Kavan
1,Kawn
1,Kayd
4,Kayden
1,Kayl
3,Kaylan
5,Kayle
1,Kaylem
1,Kaylen
1,Kaylum
1,Kaynaan
3,Kayne
1,Kaynnon
2,Kaz
1,Kazmir
4,Keagan
1,Keagen
3,Keanan
5,Keanu
2,Keaten
17,Keaton
3,Keean
1,Keeandre
1,Keeanu
22,Keegan
1,Keeghan
4,Keelan
1,Keeley
24,Keenan
1,Keenan-Echo-Rayden
3,Keenen
1,Keenin
1,Keeran
1,Keerat
1,Keeyan
1,Kegan
1,Kehan
1,Kehiyew
1,Keidric
5,Keifer
1,Keilan
1,Keillan
3,Keiran
1,Keiren
13,Keith
1,Keithan
1,Kelby
2,Kellan
6,Kellen
9,Kelly
1,Kellyn
4,Kelsey
1,Kelson
1,Keltin
7,Kelton
4,Kelvin
2,Kelvyn
1,Kempton
4,Ken
2,Kenan
2,Kendal
4,Kendall
1,Kendrick
1,Kenji
3,Kennedy
18,Kenneth
2,Kenny
1,Kenrick
7,Kent
7,Kenton
1,Kenyon
1,Kerigan
1,Kerman
1,Kerry
1,Keshav
1,Kesho
1,Keshon
1,Kesler
1,Keven
83,Kevin
1,Keyan
1,Keyano
1,Keynes
2,Keyshawn
1,Keyten
1,Khadar
1,Khaidin
2,Khaled
1,Khaleel
2,Khalid
1,Khanh
1,Khoal
1,Khoi
1,Kholton
1,Kia
2,Kian
3,Kiefer
1,Kieffer
1,Kienan
2,Kier
24,Kieran
3,Kiernan
1,Kiet
1,Kieth
1,Kiev
1,Kim
1,Kindred
1,King
1,Kip
1,Kiran
1,Kirby
1,Kirian
4,Kirk
4,Kirkland
1,Kirklind
1,Kirt
1,Kit
1,Klade
1,Klass
1,Kleesan
1,Klein
1,Klint
1,Koaltyn
2,Kobe
3,Koby
1,Kodey
2,Kodie
20,Kody
4,Kohl
1,Kohlton
1,Kolbey
1,Kolbi
7,Kolby
9,Kole
1,Kolin
1,Kolt
2,Kolten
4,Koltin
4,Kolton
2,Koltyn
1,Kona
1,Konar
1,Konner
1,Konnor
1,Konor
1,Konrad
1,Korbin
1,Kordelle
1,Korey
1,Korlan
1,Kort
2,Kory
1,Kosal
1,Kosar
1,Kosma
1,Kota
1,Kounverdeep
1,Kourgan
1,Kousuke
1,Kreitton
1,Kreo
1,Krishnil
2,Kristen
10,Kristian
2,Kristin
2,Kristofer
2,Kristoffer
10,Kristopher
1,Kross
1,Krystopher
1,Kulwinder
1,Kun
1,Kunal
1,Kurnveer
1,Kurri
5,Kurt
24,Kurtis
1,Kurtlan
1,Kurtlin
1,Kushbir
1,Kwame
1,Kwynton
4,Ky
2,Kyden
1,Kyir
1,Kylan
2,Kylar
227,Kyle
15,Kyler
1,Kylor
2,Kynan
1,Kyrell
1,Kyrellos
6,Lachlan
1,Laine
2,Lakhan
1,Lakota
12,Lance
5,Landen
1,Landers
2,Landin
2,Landis
33,Landon
1,Landyn
37,Lane
1,Langdon
1,Langston
1,Lanny
1,Lans
1,Laramie
1,Larrel
3,Larry
1,Lars
1,Larson
1,Larz
1,Laszlo
1,Laurent
1,Laurenz
1,Laurier
1,Lavi
1,Lawerence
6,Lawrence
2,Lawson
1,Laylin
11,Layne
2,Layton
1,Lazaro
1,Le
1,Lealan
1,Leam
8,Lee
1,Leejay
1,Leelyn
1,Leethan
1,Legend
4,Leif
1,Leigh
4,Leighton
5,Leland
1,Lemuel
1,Lenny
4,Leo
3,Leon
6,Leonard
2,Leonardo
3,Leroy
1,LeRoy
1,Leslie
1,Lev
1,Levander
49,Levi
1,Levi-Starr
1,Levon
1,Levonne
1,Levy
3,Lewis
1,Lewrence
117,Liam
2,Lian
1,Liban
1,Lief
1,Lien
2,Lincoln
5,Linden
1,Lindsay
1,Lindsey
1,Lindyn
1,Liodor
1,Littlebear
1,Lloyd
1,Lochlan
1,Lochlin
148,Logan
1,London
1,Loran
3,Loren
2,Lorenzo
3,Lorne
9,Louis
1,Louis-Charles
1,Louradrzej
1,Lourwin
1,Lovell
2,Lowell
1,Lowen
6,Luc
75,Lucas
1,Luciano
1,Lucky
1,Lucus
2,Luigi
4,Luis
2,Luka
9,Lukas
71,Luke
3,Lukian
1,Lukus
1,Luna
2,Lyle
5,Lynden
8,Lyndon
1,Lynk
1,Lyric
1,Maarten
1,Maason
1,MacAdam
1,Macarthur
1,Macaulay
1,Macauley
1,Mace
1,Macen
2,Mack
1,Mackenna
46,Mackenzie
3,MacKenzie
1,MacLean
1,Maclean
2,Macrae
5,Madison
1,Magkenzie
2,Magnus
2,Mahad
1,Mahamud
5,Maher
1,Mahmoud
1,Maison
1,Maizen
1,Majer
1,Majid
1,Makarthy
1,Maksym
3,Malachi
1,Malan
7,Malcolm
4,Malik
1,Mallaz
1,Maluk
1,Manesh
1,Manfred
1,Maninder
1,Maninderjit
3,Manjot
1,Mankeerat
2,Manmeet
1,Manraj
1,Manson
1,Mantej
4,Manuel
1,Manuele
1,Mar
16,Marc
9,Marcel
1,Marcelle
2,Marcello
2,Marcin
1,Marcis
4,Marco
2,Marcos
18,Marcus
1,Mardy
1,Marek
1,Marinus
2,Mario
1,Marius
69,Mark
1,Markell
7,Marko
6,Markus
1,Marlan
1,Marley
3,Marlin
1,Marlo
5,Marlon
1,Marshal
14,Marshall
1,Martie
19,Martin
1,Marty
1,Maruf
1,Marvin
1,Marwan
1,Maryjane
1,Mashhood-Ul-Haq
48,Mason
3,Massimo
1,Matayus
1,Mate
1,Mateo
2,Mateusz
1,Matfey
1,Matheo
45,Mathew
2,Mathias
6,Mathieu
1,Mathius
1,Matisse
1,Matrim
1,Mattae
1,Mattais
8,Matteo
1,Mattew
323,Matthew
1,Matthieu
1,Matthijs
1,Mattias
2,Maurice
1,Maverick
16,Max
1,Maxamillian
2,Maxim
3,Maxime
4,Maximilian
3,Maximillian
1,Maxton
16,Maxwell
1,Maxxwel
1,Maysen
1,Mccoy
1,Mckenzie
1,Mckinnley
1,Mcwinston
1,Mehde
1,Mehieddine
1,Mekethia
3,Melvin
1,Melvyn
1,Menno
1,Mensha
1,Merek
1,Merik
7,Micah
2,Micaiah
234,Michael
1,Michal
22,Micheal
4,Michel
2,Michele
1,Michell
1,Miciah
1,Mico
1,Migdad
3,Miguel
1,Mikal
4,Mike
1,Mikel
1,Mikhail
2,Milan
2,Miles
1,Milique
1,Miller
1,Milo
1,Milton
1,Mington
3,Minh
1,Miqueas
1,Mission
1,Mitch
14,Mitchel
103,Mitchell
1,Mithcell
1,Mixon
1,Mobin
6,Mohamad
17,Mohamed
6,Mohammad
15,Mohammed
1,Mohan
1,Mohinash
4,Mohit
1,Mohsen
2,Montana
1,Monte
1,Montgomery
1,Monty
42,Morgan
1,Morgen
1,Morley
1,Morris
1,Morrison
1,Moses
1,Mouhamad
1,Mouhannad
1,Muhamad
6,Muhammad
1,Muhammed
1,Munnat
3,Murray
1,Muskwa
3,Mustafa
1,Mychael
1,Mykael
12,Myles
1,Nabil
1,Nadeem
3,Nader
1,Nadir
3,Naeem
1,Nahuel
1,Nairin
1,Nairn
1,Naithan
1,Nakota
1,Naqthan
1,Naseem
8,Nash
1,Nashou
1,Natan
1,Natanael
1,Nate
123,Nathan
5,Nathanael
2,Nathanial
38,Nathaniel
1,Nathon
1,Navaz
3,Navdeep
1,Navdin
1,Navdip
1,Naveel
1,Navjeet
1,Navjit
1,Navjot
1,Navjoth
1,Naythan
1,Nazir
1,Ndabezinhle
1,Neal
1,Nebez
1,Nebil
12,Neil
1,Neill
8,Nelson
1,Nestor
1,Nethanial
3,Nevada
1,Neven
2,Nevin
1,Nevisson
1,Nial
1,Niall
1,Nicco
1,Nicholaas
1,Nicholai
278,Nicholas
1,Nichollas
1,Nicholous
1,Nick
1,Nickalaus
1,Nickil
2,Nicklas
16,Nickolas
1,Nickolaus
1,Nickolis
1,Nicodemus
1,Nicola
29,Nicolas
1,Nicolaus
1,Nidal
1,Niel
1,Nigal
7,Nigel
1,Nikemond
1,Nikheil
4,Nikhil
1,Nikholas
1,Nikita
2,Niklas
5,Nikola
1,Nikolai
2,Nikolaos
6,Nikolas
2,Nikolaus
1,Nikolus
1,Nilton
1,Nimai
1,Nimesh
1,Ninar
1,Nixon
87,Noah
1,Noble
1,Noel
47,Nolan
1,Norkael
2,Norman
1,Norris
1,Nouman
1,November
2,Nyles
1,Oakley
1,Ocean
1,Odell
1,Odin
1,Odysseus
1,Oleg
1,Oli
10,Oliver
1,Oluwadara
1,Oluwafikayomi
7,Omar
1,Omid
1,Omonafeba
1,Omran
1,Oriano
1,Orlando
1,Orlyn
1,Orren
3,Orrin
2,Osama
1,Osamu
2,Oscar
1,Oshyanic
1,Oskar
1,Osten
1,Othman
1,Otis
1,Otto
1,Oudai
27,Owen
3,Pablo
1,Paden
1,Paemon
1,Paine
2,Paolo
1,Paramveer
31,Parker
1,Parm
1,Parteekjit
1,Pascal
1,Pat
2,Patric
1,Patricio
64,Patrick
39,Paul
1,Pauly
1,Pavel
1,Pavlin
1,Pavreet
1,Pawandeep
1,Paxton
1,Payson
1,Payten
5,Payton
2,Pearson
2,Percy
2,Perry
53,Peter
3,Peyton
2,Phelan
1,Phenix
16,Philip
1,Philippe
10,Phillip
3,Phoenix
1,Phuoc
8,Pierce
3,Pierre
2,Pierson
1,Pieter
2,Pietro
1,Piper
1,Pollux
1,Power
1,Prabhneek
1,Prabhvir
1,Praneel
1,Prashant
1,Preben
1,Preetinder
1,Presley
1,Prestian
11,Preston
1,Prestyn
1,Prosper
1,Pryce
1,Pushpinder
1,Qahir
1,Qasim
1,Qassim
1,Qayam
1,Quenten
12,Quentin
1,Quenton
2,Quin
1,Quincey
2,Quinlan
1,Quinlin
23,Quinn
1,Quinncy
1,Quinnell
7,Quinten
11,Quintin
9,Quinton
1,Quintyn
1,Qulian
1,Quoc
1,Rabieh
1,Rachna
2,Raeden
2,Raegen
1,Raeghan
1,Rafael
1,Raffaele
1,Raghuwar
1,Rahim
2,Rahul
4,Raiden
1,Raidyn
1,Raine
1,Raj
3,Raja
2,Rajan
1,Rajkamal
1,Rajpal
1,Rajvir
2,Ralph
1,Ramey
2,Rami
1,Ramie
1,Raminder
1,Rancher
1,Randal
1,Randall
1,Randell
1,Randen
2,Randolph
18,Randy
1,Ranveer
2,Raphael
1,Rashad
1,Raul
1,Ravanvir
1,Ravdeep
1,Ravdip
2,Raven
1,Ravindu
1,Ravneet
3,Ray
2,Rayan
1,Rayce
5,Rayden
1,Raydon
17,Raymond
1,Raymund
1,Rayn
1,Rayneel
1,Raynor
2,Raza
2,Reagan
2,Rease
1,Red
2,Reda
10,Reece
5,Reed
1,Reegor
7,Reese
3,Regan
1,Reggie
4,Reginald
21,Reid
5,Reilly
1,Reis
1,Remi
2,Remington
1,Remmington
1,Remo
3,Rene
1,Rene-Keanu
1,Renfrew
1,Renmar
2,Reno
5,Reuben
1,Revan
1,Revben
2,Rex
1,Reylan
1,Rezam
11,Rhett
8,Rhys
1,Rhyse
1,Riad
3,Ricardo
47,Richard
1,Richi
1,Richie
1,Rick
8,Ricky
1,Rider
1,Ridge
1,Ried
2,Riel
1,Riess
1,Rigel
1,Rikuo
97,Riley
1,Rio
1,Rishantjit
1,Rishaz
1,Ristopher
1,Rithcie
3,River
1,Rivver
1,Rizwan
1,Roarke
1,Rob
1,Robbie
2,Robby
90,Robert
4,Roberto
8,Robin
1,Rock
1,Rockdon
1,Rockford
1,Roddy
3,Roderick
3,Rodney
4,Rogan
5,Roger
1,Rogerick
1,Rogimer
4,Rohan
1,Rohinton
2,Rohit
2,Roland
7,Roman
1,Romel
1,Romi
1,Ron
8,Ronald
3,Ronan
1,Rondeep
1,Roneel
1,Ronesh
2,Ronnie
1,Roopinder
1,Rori
9,Rory
11,Ross
1,Rouland
1,Rourk
1,Rourke
7,Rowan
1,Roweel
2,Roy
4,Royce
1,Ruari
3,Ruben
1,Rudolf
1,Rudy
1,Rumi
1,Rundle
1,Rupinder
1,Rush
1,Russel
21,Russell
1,Rusty
303,Ryan
1,Rychel
1,Rydan
8,Ryder
2,Ryker
1,Rykley
21,Rylan
1,Ryland
1,Ryle
3,Rylee
1,RyLee
31,Ryley
3,Rylie
1,Rylin
1,Rylind
1,Ryman
1,Ryne
1,Ryoma
1,Saad
1,Saahib
1,Sabalan
1,Sabastian
1,Sabin
1,Saejal
1,Safwan
2,Sagar
4,Sage
1,Sahad
1,Saheel
1,Sahib
1,Sahijvir
2,Sahil
1,Said
1,Sajana
1,Sajidali
1,Salem
1,Salih
1,Salis
2,Salmaan
2,Salman
1,Salvatore
5,Sam
1,Samatar
2,Samer
1,Samih
4,Samir
2,Sammy
1,Sammy-Donovan
1,Samraat
5,Samson
1,Samual
105,Samuel
1,Sanae
1,Sanchez
1,Sancho
1,Sandeep
1,Sandro
2,Sang
1,Sanjay
1,Santiago
1,Sanvir
1,Sarth
1,Sascha
2,Sasha
1,Saul
1,Sava
1,Savio
4,Sawyer
1,Saxon
1,Saxton
70,Scott
1,Scottland
2,Scotty
1,Seamus
81,Sean
1,Seatter
13,Sebastian
1,Sebastiano
1,Sebastian-Roman
6,Sebastien
1,Seeon
1,Sehajveer
1,Semaan
1,Semon
1,Sengtavanh
2,Sergio
27,Seth
1,Sevak
1,Sevan
1,Sewak
1,Shaamar
1,Shad
1,Shadee
1,Shadoe
1,Shadow
2,Shae
1,Shaheen
1,Shah-Kemm
1,Shahroze
1,Shai
1,Shaine
1,Shamal
1,Shamir
1,Shamit
3,Shamus
1,Shandon
53,Shane
1,Shaneal
1,Shannon
1,Shant
1,Shariff
13,Shaun
33,Shawn
3,Shay
1,Shayde
4,Shayden
1,Shaydon
2,Shaye
1,Shayl
1,Shayle
1,Shaylen
9,Shayne
4,Shea
3,Shelby
30,Sheldon
2,Shemar
1,Shennon
1,Sheridan
1,Sherko
1,Sherman
1,Sherone
1,Sherwin
1,Sheyden
1,Shilo
1,Shiloah
1,Shiloh
1,Shiv
1,Shiva
1,Shivam
1,Shjon
1,Shoheel
1,Shoji
1,Shotah-Manid
1,Shouichirou
1,Shubumjeet
1,Shueib
1,Shyam
1,Shyles
2,Shylo
1,Siddhartha
3,Sidney
1,Siebrand
1,Sikwan
2,Silas
1,Silvio
1,Simarron
1,Simeranjit
24,Simon
1,Simranvir
1,Sinjin
1,Sjirk-Jan
1,Sky
1,Skye
7,Skylar
22,Skyler
1,Skylin
2,Slade
1,Slater
1,Sloan
1,Sofiane
1,Solomon
1,Somnuck
1,Sonny
2,Soren
1,Soullivan
1,Spence
79,Spencer
1,Sprague
1,Stacy
1,Staddon
1,Stan
5,Stanley
1,Steel
1,Steele
1,Steen
9,Stefan
1,Stefane
2,Stephan
7,Stephane
1,Stephano
37,Stephen
4,Sterling
1,Stetson
2,Stevan
1,Steve
76,Steven
4,Stewart
1,Stjepan
1,Stone
1,Stoney
4,Storm
1,Struan
12,Stuart
1,Styles
1,Su
1,Suchchan
1,Sukhbir
1,Sukhjeet
1,Sukhman
1,Sukhmeet
1,Sukhraj
1,Sulley
1,Sullivan
1,Sultan
2,Sumeet
1,Sunandan
1,Suneet
1,Suneil
1,Suny
1,Surafel
1,Swarandeep
1,Syam
3,Sydney
1,Sydney-Rae
1,Syed
1,Sylas
1,Sylis
1,Sympa
1,Tadan-James
1,Tadium
1,Taeren
1,Tagen
1,Taggart
2,Taha
1,Tahir
1,Taien
1,Taiga
3,Tait
1,Takeo
1,Taleb
1,Talen
3,Talha
1,Talin
1,Talis
1,Taljinder
1,Tallon
5,Talon
2,Talyn
1,Tam
1,Tammo
1,Tan
1,Tane
1,Tanis
92,Tanner
1,Tansukhpreet
1,Tao
5,Taran
1,Tarandeep
1,Taranpreet
2,Tarek
2,Taren
1,Tarin
1,Tariq
1,Taron
3,Tarren
1,Tarron
2,Tarun
2,Taryn
6,Tate
1,Taten
1,Tatine
1,Tatte
1,Tauran
2,Tauren
1,Tavin
2,Tavis
1,Tavon
1,Tawfik
1,Tayber
1,Tayden
1,Taylan
1,Taylen
3,Tayler
2,Taylon
82,Taylor
1,Tayvin
4,Teagan
1,Teaken
1,Tealson
1,Teancum
1,Ted
1,Tedd
1,Tedrick
1,Tedros
1,Teegan
1,Teenan
1,Tefik
1,Tegan
4,Teigan
1,Teige
1,Teigen
1,Teigin
1,Tejvir
1,Tell
1,Telly
1,Telsen
1,Temitope
1,Teneal
1,Tennyson
1,Tenzin
1,Teodor
1,Terance
2,Terence
1,Tereque
1,Terik
2,Terrance
3,Terrell
1,Terren
5,Terrence
1,Terrin
3,Terron
12,Terry
1,Terry-James
1,Teryn
1,Teva
5,Tevin
1,Tevyn
1,Tex
1,Teyen
3,Thaddeus
1,Thaison
2,Thane
1,Thanh
1,Thayne
1,Thelonius
1,Theo
7,Theodore
1,Theoren
1,Theyb
1,Thien-Anthony
121,Thomas
1,Thoren
1,Thorin
1,Thorne
1,Tieghan
1,Tifford
1,Tiger
1,Tim
1,Timber
1,Time
1,Timithy
1,Timmy
1,Timon
1,Timothey
53,Timothy
1,Timothy-James
1,Tishka
1,Titan
2,Titus
1,T-Jay
1,To
6,Tobias
1,Toby
6,Todd
3,Tomas
7,Tommy
1,Tommy-Lee
1,Tomoro
10,Tony
1,Tor
1,Toran
1,Torel
3,Torin
1,Torrance
1,Torre
1,Torsten
1,Tory
1,Towyn
5,Trace
1,Tracker
1,Trae
1,Travin
1,Travino
75,Travis
1,Travis-John
1,Tray
1,Traye
1,Trayle
1,Trayton
1,Tre
1,Trefton
1,Treiven
18,Trent
1,Trenten
8,Trenton
1,Trentyn
1,Tresston
1,Trestin
1,Trevin
26,Trevor
1,Trew
9,Trey
1,Treyd
1,Trim
1,Trinity
1,Trinton
1,Trisdyn
1,Trishan
1,Tristaan
103,Tristan
32,Tristen
2,Tristian
12,Tristin
1,Tristinn
12,Triston
3,Tristyn
1,Trivun
1,Trong
19,Troy
1,Truman
2,Trung
1,Truong
1,Trygve
1,Trylan
4,Trystan
1,Trysten
1,Trystin
1,Tryston
1,Tryten
2,Tuan
3,Tucker
1,Tudor
1,Tufayl
3,Turner
1,Turrell
39,Ty
1,Tybaerius
1,Tycen
2,Tye
1,Tyi
1,Tyis
1,Tyland
1,Tylen
247,Tyler
1,Tylis
4,Tylor
1,Tymoore
2,Tynan
2,Tyree
6,Tyrel
19,Tyrell
1,Tyren
1,Tyrinn
16,Tyrone
1,Tyrrell
2,Tyrus
67,Tyson
1,Tyssen
1,Tytus
1,Urban
2,Uriah
1,Uriel
1,Uros
1,Usama
1,Vagelis
1,Vairden
1,Val
1,Valden
1,Valen
1,Valkyrie
1,Valray
2,Van
2,Vance
1,Varishdeep
1,Vasili
1,Vergil
1,Vernon
21,Victor
2,Vikram
1,Vikramjeet
1,Viktor
2,Vinay
1,Vinayan
3,Vince
19,Vincent
1,Vincenzo
3,Vinh
1,Vinod
1,Vinson
1,Vipin
3,Virgil
1,Visan
2,Vishal
1,Vito
1,Vittorio
1,Vladimir
1,Vladymir
1,Vrushank
12,Wade
1,Wael
1,Wagner
1,Wahid
1,Waleed
1,Walid
7,Walker
1,Wallace
3,Walter
1,Waqas
2,Ward
6,Warren
1,Waylan
3,Waylon
5,Wayne
1,Welsey
1,Wendal
9,Wesley
1,Wessam
1,Wez-Leigh
1,Wheaton
1,Wilbur
1,Wilder
4,Wilfred
2,Willard
3,Willem
118,William
2,Willis
2,Willow
1,Willson
1,Willy
3,Wilson
1,Wilver
1,Winddancer
1,Windyboy
1,Winslow
1,Winson
1,Winston
1,Winstyn
1,Winter
4,Wolfgang
1,Woodrow
1,Woody
1,Wrhett
1,Wyat
72,Wyatt
2,Xander
1,Xanthos
1,Xavery
6,Xavier
1,Xuong
1,Yaroub
1,Yaseen
1,Yash
1,Yash-Kumar
1,Yasir
1,Yassin
1,Yehia
1,Yehohnathan
1,Yiannis
1,Yiorgos
1,Yisroel
1,Yoeal
1,Yonathan
1,Youseph
3,Youssef
1,Yousuf
1,Yuhana
2,Yuri
1,Yussef
1,Yusuf
1,Yvan
1,Zac
1,Zacariah
1,Zacary
1,Zach
1,Zacharey
1,Zacharia
7,Zachariah
2,Zacharias
1,Zacharie
164,Zachary
17,Zachery
1,Zack
1,Zackarey
1,Zackariah
11,Zackary
6,Zackery
1,Zackrey
1,Zackry
1,Zael
1,Zaid
3,Zain
1,Zaka
1,Zakari
1,Zakaria
1,Zakariah
6,Zakary
1,Zakery
1,Zakk
1,Zakry
10,Zane
1,Zayne
2,Zechariah
1,Zeeshan
1,Zeven
1,Zevin
1,Zhi
2,Ziad
1,Zikriya
1,Zohair
1,Zoltan
1,Zoran
1,Zygmont