1,A.J.
1,Aaban
1,Aabir
4,Aaden
1,Aadheen
1,Aadil
1,Aaditya
1,Aadyn
2,Aahil
1,Aakarsh
1,Aakashdeep
1,Aakif
1,Aamer
1,Aamir
1,Aamr
1,Aanish
1,Aarash
11,Aarav
1,Aaren
1,Aaric
2,Aariz
2,Aarnav
56,Aaron
3,Aarush
5,Aaryan
1,Aashar
1,Aashman
1,Aaven
1,Aawa'Kaapikssi
1,Aayan
1,Aaydan
1,Aazim
1,Abaan
1,Abadat
1,Abbas
2,Abdalla
1,AbdAllah
1,Abdallah
1,Abdalrhman
1,Abdel
1,Abdelhadi
1,Abdell
2,Abdelrahman
1,Abdelrhman
1,Abdelwahed
1,Abderahmane
2,Abdi
2,Abdihakim
1,Abdijabar 
1,Abdilkareem
2,Abdirahman
1,Abdisalan
1,Abdi-Shakur
6,Abdul
1,Abdul-Aziz
1,Abdul-Fattah
1,Abdulhakim
1,Abdulhaseeb
1,Abdulhay
1,Abdulkadir
1,Abdulkarim
18,Abdullah
2,Abdullahi
1,Abdulmelik
1,Abdulqadir
1,Abdul-Raheem
1,Abdulrahim
3,Abdulrahman
1,Abdulrahmen
1,Abdulrehman
1,Abdul-Shafi
1,Abdulwadood
2,Abdulwahid
1,Abdul-Wasay
1,Abdumalik
1,Abdur
3,Abdurahman
1,Abdur-Rehman
2,Abe
14,Abel
1,Abell
1,Abenezer
1,Aber
2,Abhay
1,Abhayveer
1,Abhijay
2,Abhijeet
5,Abhijot
5,Abhinav
1,Abhiraaj
1,Abhiraj
1,Abhishek
1,Abid
1,Abidan
1,Abidemi
1,Abiel
1,Abiner
1,Able 
1,Abotalib
10,Abraham
1,Abrahim
3,Abram
1,Absolom
1,Abu
1,Abubakar
1,Abul
1,Abuzar
1,Abykai
1,Acacious
4,Ace
1,Acey
1,Achien
3,Achilles
1,Adain
114,Adam
1,Adam-Saghar-Kenneth
2,Adan
5,Addison
1,Addonaye
1,Adeb
1,Adedipo
1,Adeel
1,Adeem
1,Adefemi
1,Adejuwon
1,Adelyn
2,Adem
10,Aden
1,Adeo
1,Adeon
1,Adham
1,Adi
2,Adil
2,Adin
1,Adison
1,Adiyat
1,Adl
3,Adler
1,Adley
2,Adnan
1,Adolai
1,Adom
1,Adonai
1,Adongo
2,Adonias
1,Adonijah
2,Adonis
1,Ador
1,Adreiahn
1,Adrew
38,Adrian
2,Adriano
3,Adriel
3,Adrien
2,Adrik
1,Adrix
1,Adryan
1,Advaith
2,Adyan
1,Adym
1,Aedan
1,Aedric
1,Aengus
2,Aeron
1,Aeslan
1,Aeson
1,Afaan
2,Affan
1,Afraz
1,Aftakar
1,Afzal
2,Agam
1,Agha
1,Aghathiyan
1,Agoziem
1,Agum
1,Ahamed
16,Ahmad
23,Ahmed
1,Ahmedulwadood
2,Ahmet
1,Ahmi
1,Ahraz
1,Ahryin
1,Ahsan
1,Ahyan
43,Aidan
115,Aiden
1,Aidin
1,Aidrian
3,Aidric
2,Aidrik
3,Aidyn
1,Aijen
3,Aikam
1,Aikamveer
2,Aiman
1,Aimen
1,Airyn
1,Aiven
2,AJ
1,Ajai
4,Ajay
3,Ajeet
1,Ajit
1,Akaalveer
1,Akaash
1,Akain
2,Akal
2,Akash
2,Akashdeep
1,Akha
1,Akhil
1,Akili
1,Akio
1,Akiro
1,Akok
1,Akol
3,Akram
1,Aksel
1,Akshar
1,Akwamfon
1,Ala
1,Alaire
9,Alan
3,Alaric
1,Alasdair
1,Alastair
1,Alb
1,Albersun
18,Albert
1,Alborz
1,Aldan
3,Alden
1,Aldin
1,Aldo
2,Aldrei
2,Aldric
1,Aldrich
1,Alduin
10,Alec
1,Aleczander
2,Aleem
7,Alejandro
2,Alek
2,Aleksandar
6,Aleksander
1,Alekzander
1,Alem
7,Alessandro
1,Alesyo
2,Aleu
40,Alex
204,Alexander
1,Alexander-Jordan
11,Alexandre
2,Alexandru
2,Alexavier
1,Alexei
1,Alexey
1,Alexie
3,Alexis
1,AlexNathan
1,Alexs
1,Alexus
1,Alex-Xavier
1,Alexzander
1,Alfayed
1,Alfonso
3,Alfred
1,Alfredo
48,Ali
1,Alicster
1,Alijah
1,Ali-Jay
7,Alistair
1,Alistar
1,Alister
1,Alius
1,Alixander
1,Alixavier
1,Aliyaan
1,Aliyan
1,Allam
3,Allan
1,Allekz
7,Allen
1,Allessio
1,Allister
1,Alma
2,Alman
1,Almass
1,Aloysius
1,Alpha
2,Alphonse
1,Alqassim
1,Alrik
2,Alton
2,Alvin
1,Alvis
1,Alwin
1,Aly
1,Amaan
1,Amadeo
1,Amadeus
1,Amadou
1,Amaius
4,Aman
2,Amani
1,Amanpreet
1,Amanuel
2,Amar
1,Amardeep
1,Amar'e
1,Amaro
2,Amaru
1,Amaurie
1,Amaury
1,Ambawalage
1,Ambrose
3,Ameen
1,Ameer
2,Amen
3,Ames
1,Ami
13,Amir
1,Amire
1,Amirreza
1,Ammaar
2,Ammar
1,Amnai
2,Amos
1,Amothy
1,Amour
1,Amr
1,Amraj
2,Amrit
1,Amro
1,Amun
1,Amund
1,An
1,Anaadbir
1,Anairyn
2,Anakin
1,Anand
1,Ananias
3,Anant
1,Anantveer
4,Anas
1,Anden
5,Anders
8,Anderson
1,Andon
14,Andre
2,André
1,Andrea
1,Andréa
6,Andreas
11,Andrei
2,Andrej
4,Andres
3,Andrés
93,Andrew
1,Andrey
1,Andries
1,Andrin
6,Andy
1,Aneel
1,Anees
7,Angad
1,Angaddev
1,Angadvir
5,Angel
1,Angello
8,Angelo
1,Ange-Sylas
9,Angus
1,Anik
1,Anish
1,Anitej
1,Anjan
1,Anjendeep
1,AnLong
2,Anmol
1,Ansel
3,Ansh
1,Anshul
1,Anshveer
1,Ansif
1,Anson
1,Ansure
1,Anthany
1,Anthem
58,Anthony
3,Antoine
11,Anton
1,Antoni
11,Antonio
2,Anup
1,Anvay
1,Anvil
2,Anwar
1,Anze
1,Aodhan
1,Aphiwe
1,Aqeel
1,Aqeil
1,Araam
1,Aradhay
2,Araf
1,Aram
1,Aramis
4,Arash
1,Arashdeep
4,Arav
1,Arayis
1,Arcel
1,Archan
27,Archer
3,Archie
1,Archishman
1,Ardell
2,Arden
1,Ardeshir
1,Ardijan
1,Ardit
4,Areeb
1,Arem
1,Arend
4,Ares
1,Arfan
1,Argyle
5,Arham
1,Arhan
10,Ari
1,Ariamith
1,Arian
2,Aric
3,Arie
1,Arif
1,Arijan
3,Arik
1,Arinjay
1,Ario
2,Aris
1,Arish
1,Aristotle
1,Ariyun
2,Arjan
1,Arjav
2,Arjay
1,Arjo
18,Arjun
1,Arjunjeet
1,Arjunveer
1,Arkadiusz
1,Arkael
1,Arkaiden
2,Arkin
1,Arlan
1,Arlen
1,Arliegh
10,Arlo
19,Armaan
1,Armaanveer
4,Arman
1,Armand
2,Armando
1,Armann
1,Armie
1,Armin
1,Armis
6,Arnav
1,Arnben
1,Arne
3,Arnold
1,Arnott
1,Arogya
4,Aron
1,Arpan
1,Arro
1,Arron
2,Arsal
1,Arsean
1,Arsen
2,Arsh
2,Arshan
1,Arshman
1,Arshpreet
1,Art
2,Artem
1,Artemis
1,Artemiy
1,Artemus
20,Arthur
2,Artin
1,Art-Michael
1,Artur
1,Arturo
1,Arubuye
4,Arvin
3,Arvind
1,Arvy
1,Arvydas
1,Arwin
1,Arwyn
11,Aryan
1,Aryavardhan
1,Aryaveer
1,Arye
1,Aryian
1,Asa
1,Asaiah
1,Asaya
1,Aseem
1,Aser
2,Ash
1,Ashane
1,Ashar
51,Asher
1,Ashmaan
1,Ashneel
1,Ashraf
1,Ashtin
43,Ashton
2,Ashtyn
1,Ashvinder
3,Ashwin
1,Asim
4,Aslan
2,Aspen
1,Asser
1,Aston
1,Atal
1,Atef
1,Atem
1,Athanasios
1,Atharv
2,Atharva
1,Athen
1,Athian
1,Athrin
2,Athrun
1,Atilla
1,Atlan
3,Atlas
2,Atley
1,Atlus
1,Atom
1,Atreyu
16,Atticus
1,Attila
1,Atulya
3,Aubrey
1,Audrick
1,Audy
9,August
2,Auguste
1,August-Rush
1,Augustus
1,Aulden
1,Aum
1,Aun
1,Aundre
1,Auran
2,Aurelius
1,Aussi
3,Austen
1,Austiin
124,Austin
3,Austyn
1,Auzir
4,Avan
1,Avander
1,Avaryen
1,Aveer
3,Aven
1,Averic
32,Avery
2,Avi
1,Avinash
1,Avinesh
1,Aviraj
1,Avitej
1,Aviv
1,Avjot
1,Avnoor
1,Avven
1,Avyom
1,Awad
1,Aws
1,Awston
8,Axel
4,Axl
2,Axle
1,Axston
5,Axton
1,Axwell
1,Axyl
19,Ayaan
1,Ayan
1,Ayansh
1,Aycen
1,Aydaan
2,Aydan
37,Ayden
6,Aydin
1,Ayhem
1,Ayhm
1,Ayish
1,Aymaan
5,Ayman
1,Aymen
1,Ayodimeji
3,Ayoub
1,Ayoyinka
5,Ayrton
1,Aysen
1,Ayser
1,Aythen
5,Ayub
2,Ayush
1,Ayushmaan
1,Ayyash
1,Ayyub
1,Ayyur
4,Azaan
1,Azael
1,Azan
1,Azariah
1,Azarial
1,Azarious
1,Azem
1,Azeth
1,Azfar
1,Azlaan-Jazib
1,Azrael
1,Azriell
1,Azubair
1,Baden
1,Baheran
1,Bailyn
1,Bairek
1,Bakr
3,Balian
1,Balin
2,Balraj
1,Baltaj
3,Bane
1,Bangoang
1,Banks
1,Bannon
1,Banvir
1,Bao
1,Baqir
1,Bardia
1,Barit
1,Barkon
1,Baron
1,Barret
10,Barrett
1,Barrik
1,Barundeep
1,Basan
2,Bashir
2,Basil
1,Bassam
1,Bastien
1,Basut
4,Bauer
2,Bayden
1,Bayley
1,Baylor
1,Bazalel
19,Beau
1,Beaudan
1,Beaver
5,Beck
3,Beckam
1,Beckem
19,Beckett
7,Beckham
1,Been
1,Bekalu
1,Beluchi
24,Ben
1,Benaiah
3,Bence
3,Benedict
1,Benen
2,Benett
2,Benhard
2,Benicio
2,Benjamen
221,Benjamin
1,Benjamine
1,Benjen
1,Benjermyn
1,Benjiman
1,Benjimen
1,Bennan
48,Bennett
6,Benny
1,Benoit
1,Bensen
14,Benson
1,Bentlee
115,Bentley
1,Bentlie
8,Bently
1,Benyamin
1,Benz
1,Beorn
1,Berat
1,Berend
1,Berinyuy
1,Berkley
1,Bernard
1,Bernhard
1,Bernhord
1,Berrel
1,Besim
1,Betselot
1,Bevan
1,Bexton
1,Bhan
1,Bhavdeep
1,Bhavik
1,Bhavjot
1,Bhavya
1,Bhupinder
1,Biel
1,Bikram
1,Bilaal
6,Bilal
1,Bill
2,Billy
1,Binaypaul
1,Biruk
1,Bishop
1,Bisman
2,Bjorn
1,Blade
1,Bladen
7,Blair
1,Blaire
4,Blaise
1,Blaize
109,Blake
3,Blakely
1,Blayson
3,Blayze
10,Blaze
1,Bledar
1,Bless
1,Blessing
1,Bleyk
1,Blythe
6,Bo
3,Boaz
1,Bob
1,Bobby
3,Bode
1,Boden
5,Bodhi
3,Bodie
1,Boe
3,Bogdan
1,Bohdan
1,Bohdi
1,Bol
1,Bolor
1,Bolun
1,Boma
1,Bona
1,Bonham
1,Bonmatthew
1,Boona
1,Boone
1,Bora
1,Boris
1,Bornyang
1,Bosco
7,Boston
1,Bostyn
1,Boubacar
1,Bowden
1,Bowdrie
10,Bowen
1,Bowie
1,Bowyn
1,Boyan
2,Boyd
1,Bozhidar
1,Brad
12,Braden
2,Bradey
1,Bradin
23,Bradley
2,Bradly
42,Brady
1,Bradyn
1,Braedan
9,Braeden
1,Braedon
2,Braedyn
1,Braeklyn
1,Brahm
1,Brahmvir
5,Braiden
2,Brandan
3,Branden
36,Brandon
1,Brandt
1,Brandy
1,Brandyn
1,Branlin
2,Branson
2,Brant
7,Brantley
1,Brare
1,Brason
2,Braun
1,Braunsen
1,Brave
2,Brax
1,Braxdyn
1,Braxon
2,Braxten
3,Braxtin
20,Braxton
1,Braxtyn
1,Braxyn
76,Brayden
1,Brayden-Arsan
1,Braydi
1,Braydin
1,Brayd'n
5,Braydon
6,Braylon
1,Brayson
1,Brayton
1,Brek
1,Brenan
11,Brendan
1,Brendao
2,Brenden
3,Brendon
1,Brendzan
12,Brennan
2,Brennen
1,Brenner
1,Brennon
5,Brent
1,Brenton
1,Brentson
1,Bret
3,Breton
14,Brett
1,Bretton
1,Brevin
1,Brewen
2,Brexton
1,Breylen
17,Brian
1,Briane
2,Briar
1,Brice
1,Bridan
2,Briggs
1,Brighton
1,Brijesh
1,Briley
1,Brill
1,Brithor
2,Brix
1,Brixtin
1,Brixtn
3,Brixton
14,Brock
3,Broden
2,Broderick
12,Brodie
1,Brodin
1,Brodric
1,Brodrick
81,Brody
5,Brogan
1,Broghan
1,Brolan
1,Brom
1,Broncent
1,Bronsen
11,Bronson
2,Bronsyn
1,Brook
1,Brooklyn
1,Brooks
1,Broox
1,Brozyk
15,Bruce
2,Bruin
1,Bruk
2,Bruno
7,Bryan
1,Bryar
17,Bryce
7,Brycen
1,Brydan
5,Bryden
1,Brydon
3,Bryer
1,Brylee
1,Brylen
3,Bryn
1,Brynden
1,Brynjulf
1,Brynley
1,Brynndon
1,Brys
2,Brysen
11,Bryson
1,Buay
1,Bul
1,Bulut
1,Buomkuoth
4,Burhanuddin
1,Burk
6,Burke
1,Burnaby
1,Burnnie
2,Burton
1,Bwenin
4,Byron
1,C
1,C.
1,C.J
1,Caalaa
3,Cache
5,Cade
24,Caden
1,Cadence
1,Caderin
1,Cadi
1,Cadogan
1,Cadomin
1,Caeden
1,Caedmon
6,Cael
4,Caelan
1,Caeleb
1,Caelen
2,Caellum
2,Caelum
2,Cage
2,Cai
8,Caiden
1,Caidyn
1,Caillen
1,Caiman
3,Cain
2,Caine
1,Caio
5,Cairo
6,Caius
2,Cal
1,Calden
13,Calder
11,Cale
130,Caleb
1,Calell
1,Calen
1,Caley
1,Cali
1,Calian
1,Califf
1,Calin
1,Calix
1,Callahan
2,Callan
8,Callen
35,Callum
1,Cally
1,Calogero
5,Calum
18,Calvin
1,Cam
13,Camden
1,Camdon
66,Cameron
5,Camilo
1,Campbell
3,Camron
3,Camryn
4,Canaan
1,Cannon
1,Caonabo
2,Carder
4,Carl
5,Carlin
3,Carlo
9,Carlos
1,Carmel
1,Carmeliton
1,Carmello
1,Carmelo
1,Carmyne
5,Carsen
78,Carson
1,Carson-Reace
5,Carsten
2,Carston
2,Carsyn
202,Carter
2,Carver
1,Cary
1,Case
1,Casen
12,Casey
26,Cash
3,Cashis
3,Cashius
6,Cashton
2,Cashtyn
1,Casian-Lucas
1,Cason
7,Casper
2,Caspian
1,Cassel
6,Cassius
2,Castiel
1,Castile
1,Castle
1,Caston
1,Castor
1,Catcher
1,Cau
1,Cavan
1,Cavien
19,Cayden
3,Cayle
1,Cayman
1,Caymen
3,Cayson
2,Caz
1,Cazen
1,Cazmen
2,Cecil
5,Cedar
5,Cedric
2,Cedrick
1,Cee-Jay
1,Cersly
1,Cesar
1,Ceth
5,Chace
4,Chad
1,Chadattveer
1,Chadden
1,Chade
1,Chady
9,Chael
1,Chaheen
1,Chail
1,Chaim
1,Chale
1,Chamanpreet
15,Chance
1,Chandanveer
1,Chaning
6,Channing
1,Chanson
1,Chantz
1,Chany
1,Chappelle
1,Charbel
52,Charles
1,Charleston
59,Charlie
1,Charnkanwal
1,Charwin
1,Charz
1,Chas
87,Chase
1,Chaseten
1,Chason
1,Chatchawand
1,Chavez
1,Chayapon
3,Chayce
1,Chayle
4,Chayse
1,Chayson
1,Che
1,Cheikhouna
1,Chelab
1,Chenming
1,Chep
1,Cherub
1,Chesley
2,Chester
1,Chevez
1,Chevy
1,Cheyale
1,Chi
1,Chibueze
1,Chibunnam
1,Chidera
1,Chidubem
1,Chiedozie
1,Chief
1,Chigozie
1,Chikaima-Samuel
1,Chilagbara
1,Chiogo
1,Chirag
1,Chisimdi
2,Chisom
1,Chok
1,Chongbin
1,Choul-Tang
3,Chris
1,Chrisjohn
1,Christiaan
38,Christian
2,Christiano
1,Christien
1,Christin
1,Christoph
54,Christopher
1,Christopher-Barnabas
1,Chrystian
1,Chudear
1,Chum
5,Cian
1,Ciaran
1,Ciarán
1,Ciaràn
1,Ciello
1,Cillian
1,Cimmaron
1,Ciro
2,Clarence
19,Clark
2,Clarke
4,Clay
12,Clayton
1,Clement
1,Clevon
2,Clifford
1,Cliford
1,Clint
2,Clinton
3,Clive
1,Cloud
5,Clyde
1,Clymer
1,Clyve
1,Coaen
1,Coastal
2,Cobin
1,Coburn
2,Coby
1,Coda
1,Codder
1,Codis
30,Cody
1,Coedan
15,Coen
84,Cohen
1,Cohler
1,Colbie
31,Colby
1,Colden
80,Cole
1,Coleman
34,Colin
2,Collan
1,Collier
4,Collin
1,Colmcille
3,Colson
5,Colt
19,Colten
4,Colter
1,Coltin
62,Colton
1,Coltyn
2,Colwyn
3,Conall
3,Conan
2,Conlan
1,Conlin
1,Connell
21,Conner
118,Connor
1,Cononiah
7,Conor
6,Conrad
1,Constantine
84,Cooper
1,Copeland
1,Copelin
3,Corban
1,Corben
41,Corbin
1,Corby
4,Corbyn
1,Cordè
2,Cordel
1,Cordell
5,Corey
3,Cormac
4,Cornelius
1,Cornell
4,Corny
1,Corrado
1,Corson
2,Cort
1,Cortaz
1,Corte
1,Cortez
2,Corwin
1,Corwyn
1,Cory
1,Cosmo
1,Costas
1,Cotton
1,Coulson
1,Covin
1,Cowan
1,Cowen
2,Coy
1,Craddoc
4,Craig
1,Creeden
2,Creedence
1,Creedin
1,Creedyn
1,Creedynce
1,Creeson
1,Creeyo
1,Cregg
2,Crew
1,Cris
1,Crismel
1,Cristian
2,Cristiano
1,Cristobal
1,Crisyanjacob
9,Crosby
3,Cru
1,Crue
28,Cruz
5,Cruze
1,Cub
1,Cuinn
5,Cullen
8,Curtis
1,Cutler
1,Cutter
1,Cyan
1,Cylas
1,Cylis
3,Cylus
1,Cypher
6,Cyrus
2,Czian
1,Daanveer
1,Dace
1,Daedalus
1,Daegen
1,Daeggen-Jay
1,Daekken
3,Daelin
1,Daemen
1,Daevaj
1,Daevin
2,Dagmawi
1,Dagon
1,Dahmane
1,Dahyun
1,Daijiro
1,Dailen
1,Daimen
1,Daimyan
1,Dain
1,Daine
1,Daisean
1,Daivya
1,Dakine
1,Dakker
1,Dakoda
10,Dakota
1,Dakotah
2,Daksh
1,Dalan
2,Dale
1,Daleb
1,Dalen
1,Dalin
1,Daljit
13,Dallas
1,Dalley
1,Dallon
6,Dalton
1,Daltyn
1,Dalvin
1,Daly
1,Dalyn
1,Damarco
1,Damarion
1,Damayo
1,Damein
1,Damen
1,Dameon
26,Damian
27,Damien
1,Damieon
1,Damilola
1,Damin
1,Damion
26,Damon
1,Damon-Alexander
1,Damond
3,Dan
1,Dana
16,Dane
156,Daniel
1,Daniel-Csaba
1,Danil
1,Danilo
1,Danish
1,Danison
4,Daniyal
1,Dannon
7,Danny
1,Dantae
1,Dantay
17,Dante
1,Danton
2,Dany
2,Danyal
1,Danzig
1,Daoud
1,Darasimi
3,Darcy
6,Darian
4,Darien
1,Darin
1,Dario
2,Darion
2,Darious
21,Darius
1,Darken
1,Darrekk
2,Darrell
14,Darren
1,Darren-Ray
1,Darrian
2,Darrin
1,Darrison
1,Darrius
2,Darryl
1,Dartaina
2,Darwin
1,Daryl
2,Dash
1,Dashal
1,Dashiel
2,Dashiell
1,Dasindu
4,Dastan
1,Dau
1,Davan
1,Dave
1,Daven
1,Daveo
1,Davi
2,Davian
116,David
6,Davin
1,Davion
10,Davis
1,Davon
1,Davyen
3,Davyn
1,Dawet-Yemane-Kifle
25,Dawson
8,Dax
4,Daxon
1,Daxten
17,Daxton
1,Daxtyn
1,Daxxen
1,Daya
1,Daycen
2,Daylan
1,Daylee
5,Daylen
2,Daylin
1,Daymien
1,Daymion
1,Daymond
8,Dayne
1,Dayriel
1,Daysen
1,Dayson
9,Dayton
1,Dayyan
1,De
9,Deacon
2,Deagan
1,Deaghlan
1,Deakan
1,Deaken
2,Deakin
1,Deakyn
8,Dean
2,DeAndre
1,Deangelo
1,Deano
1,Deayonn
1,Debdan
1,Dechlin
2,Decker
1,Decklyn
76,Declan
1,Declen
1,Declin
12,Deegan
1,Deekon
1,Deelun
2,Deep
1,Deezire
1,Dehlay
1,Deidrick
1,Deidrik
1,Deimos
1,Deion
1,Dejon
12,Deklan
1,Deklen
3,Deklin
3,Deklyn
3,Delaney
1,Dellan
1,Demilade
1,Demitri
1,Demson
1,Denam
4,Deng
2,Deni
2,Denis
6,Dennis
1,Denny
1,Denon
2,Denton
1,Dentyn
4,Denver
5,Denzel
1,Denzhel
1,Deo
2,Deon
2,Dereck
30,Derek
1,Deriaz
1,Derien
1,Derik
1,Derin
1,Derrel
7,Derrick
1,Deshaun
2,Deshawn
1,Desireux
10,Desmond
2,Destin
1,Destine
1,Deston
1,Dev
1,Devam-Naveen
3,Devan
3,Devansh
1,Devarsh
1,Deven
1,Devereux
1,Devesh
12,Devin
1,Devlan
2,Devlin
1,Devlyn
13,Devon
1,Devrish
1,Devyn
3,Dex
1,Dexander
1,Dexten
15,Dexter
2,Dextin
1,Dexton
1,Dezarik
1,Dhanush
1,Dhil
1,Dhilan
1,Dhiraj
1,Dhrubo
1,Dhruv
1,Didaar
1,Didarveer
3,Diedrich
8,Diego
4,Diesel
1,Dieter
1,Dietrich
1,Diezel
1,Dighton
2,Diing
1,Dikshan
1,Dilkirat 
1,Dillen
1,Dillinger
5,Dillon
2,Dilraj
1,Dilshan
1,Dilsher
5,Dimitri
2,Dimitrios
2,Dimitris
1,Dina
2,Dino
3,Dion
2,Diondre
1,Dipanjan
1,Divine
1,Divyesh
3,Dixon
4,Dmitri
1,Do
1,Dolovayon
1,Domanic
1,Domanick
1,Domanic-Lee
1,Domanik
2,Domenic
1,Domenico
1,Domenik
1,Domingo
96,Dominic
12,Dominick
18,Dominik
2,Dominique
2,Domonic
1,Domynik
5,Donald
1,Donavan
1,Donavin
1,Donnelly
1,Donnie
12,Donovan
1,Dontavius
1,Dontaye
1,Donte
7,Dorian
1,Dorion
1,Dorvenie
4,Douglas
1,Drace
1,Draco
1,Draden
1,Drae
1,Draeden
1,Draeton
1,Draiden
31,Drake
1,Drakon
1,Dranreb
1,Draper
2,Draven
1,Dravin
3,Dray
1,Draycen
9,Drayden
1,Draysen
3,Drayson
1,Drayston
1,Drayton
2,Dre
1,Drea
1,Dreden
1,Drennan
1,Drent
1,Drevyn
25,Drew
2,Dreyden
1,Dreysen
2,Dreyson
1,Dréytin-Zane
1,Dritan
1,Dru
2,Dryden
1,Drystan
1,Duc
1,Duchanan
1,Duggan
1,Duke
11,Duncan
1,Dunn
1,Durban
1,Dusan
1,Dusk
14,Dustin
1,Dusty
1,Dustyn
1,Dut
1,Duy
5,Dwayne
1,Dwennon
1,Dwhyte
2,Dwight
1,Dwyade
88,Dylan
1,Dyllan
2,Dylon
1,DyonTae
2,Dyson
1,Dysson
1,Dyvin
1,Eahon
1,Eahung
1,Eamonn
2,Ean
1,Earl
1,Earvin
1,Eashaan
1,Eashan
1,Easten
63,Easton
1,Eastyn
1,Ebad
1,Ebba
2,Eben
1,Ebenezer
1,Eberardo
1,Eberle
2,Ebin
2,Ebrahim
2,Echo
1,Edan
1,Edasa
4,Eddie
2,Eddy
1,Ede
1,Edel
2,Eden
1,Edgar
1,Edgardo
1,Edin
4,Edison
1,Edly
1,Edmarson
1,Edmon
2,Edmond
2,Edmund
1,Edrey
1,Eduard
2,Eduardo
33,Edward
10,Edwin
1,Edwyn
3,Eesa
1,Efemeona
1,Efosa
1,Efren
1,Ehan
2,Ehsan
1,Eidean
1,Einar
2,Eisa
1,Eisen
1,Eishan
1,Eithan
1,Eithyn
1,Ejay
4,Ekam
2,Ekamjot
1,Ekamvir
2,Ekjot
1,Ekko
1,Eknoor
1,Ekrem
1,Ekroop
1,Elai
1,Elajdin
2,Elam
1,Elden
3,Eldon
1,Eldridge
1,Eleazar
1,Elgin
1,Elhadji
1,Elham
74,Eli
1,Elia
2,Eliab
1,Eliakim
1,Elian
42,Elias
1,Élias
1,Elias-Robert
1,Eliasz
1,Elie
82,Elijah
1,Elijah-Abel
1,Elijah-Jaden
1,Elijah-Jireh
1,Elikem
1,Eliot
1,Eliott
1,Éliott
1,Elioun
3,Elisha
1,Eliza
1,Elizandro
1,Eljon
2,Elkanah
1,Elldon
37,Elliot
22,Elliott
8,Ellis
1,Ellisin
1,Elmer
2,Elnathan
1,Elroi
1,Elroy
1,Eltayeb
1,Elvin-Angelo
2,Elvis
1,Elwin
1,Elwood
1,Elyas
2,Emad
1,Emann
6,Emanuel
1,Emberie
1,Emeric
1,Emerick
27,Emerson
1,Emersyn
13,Emery
1,Emery-James
1,Emet
1,Emett
1,Emil
3,Emile
2,Emiliano
8,Emilio
1,Emin
2,Emir
1,Emmanouel
1,Emmanual
20,Emmanuel
4,Emmet
57,Emmett
2,Emmit
7,Emmitt
1,Emon
2,Emory
1,Emree
1,Emren
1,Emrey
1,Emrik
2,Emry
1,Emryck
1,Emytt
1,Enayat
1,Ender
1,Endion
2,Eniolaoluwa
1,Ennis
4,Enoch
1,Enrico
3,Enrique
17,Enzo
1,Eoann
1,Eóighan
2,Ephraim
2,Ephram
1,Ephrem
1,Erek
3,Eren
47,Eric
4,Erick
2,Ericson
20,Erik
1,Erin
1,Erivon
1,Ernan
5,Ernest
2,Ernie
2,Ernny
1,Erny
1,Eryk
1,Esan
2,Esey
1,Eseza
1,Eshaan
2,Eshan
1,Eshanth
1,Esom
1,Espen
1,Esra
1,Esrael
3,Esrom
1,Essa
1,Essek
2,Essey
2,Esteban
1,Eston
276,Ethan
1,Ethanael
1,Ethan-Cain
2,Ethaniel
4,Ethen
3,Ethyn
2,Etienne
1,Étienne
1,Etney
1,Etoro
1,Etthen
1,Etzio
3,Euan
1,Euclid
1,Eugene
1,Eunsung
1,Euzziah
138,Evan
13,Evander
1,Evangelos
1,Evangun
1,Evan-Mac
4,Ever
2,Everest
55,Everett
1,Everette
1,Everik
1,Everitt
3,Evin
3,Evren
8,Ewan
3,Ewen
1,Exton
1,Exyn
1,Eyad
1,Eyakov
1,Eyas
1,Eydrian
1,Eyitade
1,Eyoal
1,Eyoas
2,Eyob
1,Eyobed
1,Eyobel
2,Eyoel
1,Eyosias
1,Eyosyas
13,Ezekiel
1,Ezell
1,Ezio
13,Ezra
1,Ezraeus
1,Ezri
1,Faaz
2,Fabian
1,Fabiane
1,Fabiano
1,Fabien
2,Fabrizio
1,Fabrizzio
1,Faddei
1,Fadel
5,Fahad
1,Faisal
2,Faiz
3,Faizan
1,Falcon
1,Falefitu
1,Falen
1,Fandui
1,Faraz
1,Fardin
2,Fares
3,Farhan
4,Faris
1,Faron
1,Farren
1,Farzaad
1,Farzin
1,Fasal-Sallieu
1,Fasih
5,Fateh
1,Favor
2,Favour
1,Faybian
1,Fayez
1,Fearless
1,Federico
3,Felipe
31,Felix
6,Félix
1,Felix-Ramsey
1,Fenton
1,Feras
1,Ferdoos
1,Ferguson
1,Ferhan
5,Fernando
2,Fidel
4,Filip
1,Fillip
1,Findley
1,Finesse
2,Finlay
19,Finley
1,Finly
39,Finn
3,Finnegan
1,Finnian
2,Finnigan
7,Finnley
2,Fionn
1,Firas
3,Fischer
4,Fisher
1,Flavio
12,Fletcher
1,Flint
1,Floyd
8,Flynn
1,Fodé
1,Foley
1,Forbes
1,Ford
1,Forest
2,Forrest
8,Foster
1,Fouad
1,Foxten
2,Francesco
8,Francis
2,Francisco
4,Franco
1,François
9,Frank
3,Franklin
1,Frantisek
1,Franz
1,Fraser
1,Fre-Al
1,Frédéric
7,Frederick
3,Fredrick
1,Fredrik
1,Freedom
1,Frey
1,Fromsa
1,Froy
1,Fuad
1,Fuda
1,Furqaan
2,Furqan
4,Fynn
1,Fyre
1,Fyron
1,Fysher
4,Gabe
1,Gaberiel
1,Gabino
1,Gabor
112,Gabriel
1,Gabriele
1,Gabriel-Jireh
1,Gabriel-Kain
1,Gaddiel
1,Gadiel
1,Gaël
40,Gage
2,Gaige
1,Gamble
1,Ganeve
1,Garang
3,Gareth
1,Garin
1,Garnet
13,Garrett
2,Garrison
1,Garron
1,Garrus
1,Garry
1,Garvin
6,Gary
1,Gatik
1,Gatkuoth
1,Gatlin
5,Gauge
1,Gavan
1,Gavanjit
1,Gaven
109,Gavin
1,Gavreel
4,Gavyn
1,Gebril
1,Gedeon
1,Gene
1,Genesis
2,Genius
1,Gentry
1,Geoffrey
2,Geordie
35,George
1,Georges
1,Georgije
2,Geovanni
2,Gerald
2,Gerard
1,Gerhard
1,Germaine
2,Gerrit
1,Getoar
1,Ghadi
1,Ghai
1,Ghasan
2,Ghassan
1,Ghray
1,Gi
3,Gian
2,Giancarlo
1,Gianni
1,Gibert
1,Gibsen
11,Gibson
7,Gideon
1,Giiwedin
1,Gil
1,Gio
1,Gion
1,Gionni
3,Giovanni
1,Girma
2,Giuseppe
1,Given
1,Giyth
1,Gleb
1,Glen
2,Glenn
1,Gobindpreet
1,Goch
1,Godfrey
1,God'sgift
1,Godwil
1,Golan
1,Goodwyn
5,Gordon
1,Gouy
1,Gracen
1,Graceson
2,Gracin
1,Gracyn
1,Graden
21,Grady
1,Gradyn
1,Graeme
2,Graeson
15,Graham
1,Graiden
1,Graidy
1,Graisyn
11,Grant
1,Grason
6,Gray
2,Graycen
6,Grayden
4,Graydon
1,Grayer
11,Graysen
112,Grayson
1,Grayson-Alexander
2,Great
1,Greer
2,Greg
1,Greggory
1,Gregor
7,Gregory
2,Grey
1,Greyr
5,Greysen
36,Greyson
1,Griffen
29,Griffin
1,Grishan
1,Gryffin
1,Gryffyn
1,Gryphon
1,Guillaume
1,Guled
1,Gundeep
1,Gunn
9,Gunnar
7,Gunner
1,Guo
1,Guramrit
1,Guransh
1,Gurasees
1,Gurbaaj
1,Gurdaas
1,Gurdas
1,Gurfateh
2,Gurjaap
1,Gurjot
1,Gurjovan
1,Gurkarn
4,Gurman
1,Gurmandeep
1,Gurmanpreet
1,Gurmant
1,Gurnav
1,Gurniwaz
5,Gurnoor
3,Gurpartap
1,Gurpyaar
2,Gursehaj
3,Gurshaan
4,Gurshan
1,Gursher
3,Gurtaj
1,Guryash
4,Gus
1,Gustave
1,Gustavo
1,Guy
1,Gyan
1,Gyle
1,Gyllan
2,Haad
1,Haaken
1,Haakon
1,Habeeb
1,Habib
1,Habtemariam
1,Hadees
1,Haden
6,Hadi
1,Hadin
1,Hadley
1,Hadrian
2,Hady
1,Haelan
1,Haffi
1,Hafizus
1,Haidan
5,Haiden
1,Haider
1,Hakan
1,Hale
1,Haleluya
1,Halo
1,Halton
1,Hamdan
1,Hamdi
1,Hamed
1,Hamel
2,Hammad
1,Hamsa
16,Hamza
4,Hamzah
1,Hamze
1,Hamzeh
3,Han
1,Hanad
1,Hanat
1,Hanbal
1,Hani
1,Hanif
2,Hank
1,Hanoch
3,Hans
2,Hanson
1,Hany
1,Hanyu
1,Haoyu
1,Harace
1,Haralabos
2,Haransh
1,Harbour
1,Hardy
1,Hareed
2,Hargun
1,Hari
2,Haris
2,Harith
2,Harjap
1,Harjas
1,Harjodh
2,Harjot
1,Harkaran
1,Harkeerat
1,Harkirat
6,Harlan
1,Harland
1,Harleigh
1,Harlem
13,Harley
1,Harley-Gene
2,Harman
2,Harmeet
1,Harnavdeep
1,Harnoor
2,Harold
2,Haroon
1,Haroun
1,Harpartap
2,Harper
1,Harrai
1,Harraj
1,Harrick
5,Harris
1,Harrisan
33,Harrison
4,Harry
1,Harsahaj
1,Harsahib
3,Harshan
1,Harsharan
1,Harshaun
1,Harshdeep
1,Harshmaan
2,Harshpreet
3,Hartaj
1,Hartley
1,Haru
1,Haruun
1,Harveer
1,Harvest
2,Harvey
3,Harvir
5,Hasan
1,Haseeb
1,Hasham
5,Hashim
2,Hashir
1,Hashir-Ur-Rehman
1,Hasnain
1,Hassaan
14,Hassan
1,Hassanpreetinder
1,Hassnain
1,Hasya
1,Hatim
4,Haven
1,Havish
1,Havoc
1,Hawkin
3,Hawksley
1,Hawkson
1,Hawksten
1,Hayato
1,Haydan
80,Hayden
1,Haydin
1,Haydn
1,Haydon
3,Hayes
1,Haysten
1,Haythem
1,Hayven
1,Hayz
1,Hayzen
1,Hazard
1,Haze
1,Hazem
3,Hazen
1,Haziel
1,Hazim
8,Heath
1,Hebin
2,Hector
1,Heet
1,Hein
4,Heinrich
1,Heinrick
1,Helaman
1,Hemen
1,Hemi
1,Hemming
1,Henderson
1,Hendrayx
1,Hendrick
14,Hendrix
1,Henghao
1,Henlee
1,Henley
1,Henock
1,Henok
1,Henos
3,Henri
6,Henrik
94,Henry
1,Herman
1,Hero
1,Herold
1,Hershel
1,Hesed
1,Hesse
1,Het
1,Hevansh
1,Hewitt
2,Heyden
1,Heyi
2,Hezekiah
1,Hicham
1,Hiero
2,Hieu
1,Hillel
1,Hilton
1,Himmat
1,Himmith
2,Hiram
1,Hirdaypartap
1,Hireth
1,Hiro
2,Hisham
1,Hiyabel
1,Hoang
24,Holden
1,Holdyn
1,Hollister
4,Holt
1,Homad
1,Horizon
1,Hosaih
1,Hosam
2,Hosea
1,Houston
2,Howard
1,Hryhorii
1,Huck
1,Hudsin
128,Hudson
3,Hudsyn
1,Huger
7,Hugh
16,Hugo
1,Humair
1,Humayl
153,Hunter
1,Husaam
2,Husain
1,Husam
1,Husan
2,Hussain
1,Hussan
4,Hussein
2,Hussien
1,Huxlee
7,Huxley
3,Huzaifa
1,Huzaifah
1,Hyatt
1,Hylan
2,Hyrum
1,Iago
2,Iain
31,Ian
1,Iann
1,Ibaad
1,Ibinabo
3,Ibraheem
2,Ibrahem
1,Ibrahiim
26,Ibrahim
2,Ibukunoluwa
1,Icarus
1,Ichigo
1,Idelfonso
1,Idrees
1,Idreese
2,Idris
1,Iel
1,Ienisseï
1,Ifaa
1,Ifeanyi
1,Ifeoluwa
1,Ikale
2,Ike
1,Ikenna
1,Ikjot
1,Ikman
1,Ilham
1,Ilhan
1,Ilian
1,Ilias
1,Ilir
1,Iliyaas
2,Iliyan
1,Ilka
4,Ilya
6,Ilyas
1,Imaan
1,Imann
2,Imen
1,Imioluwa
4,Immanuel
8,Imran
1,Inaam
3,Indiana
1,Indrias
1,Inigo
1,Iniubong
1,Inshal
1,Invincible
1,Inyambo
5,Ira
2,Isa
108,Isaac
7,Isaak
1,Isacco
57,Isaiah
1,Isaiah-Emmanuel
3,Ishaan
2,Ishan
1,Ishaq
1,Ishmael
2,Isiah
1,Isihaq
2,Ismaeel
1,Ismaeil
1,Ismael
1,Isma-el
1,Ismail
6,Israel
2,Isreal
1,Issa
1,Issaac
6,Issac
1,Issam
1,Issmaeel
17,Ivan
1,Iver
1,Iverson
1,Ivor
1,Iyanuoluwa
1,Iyobeliyu
2,Izaac
5,Izaak
4,Izaan
4,Izaiah
1,Izak
2,Izayah
1,Izayic
1,Izeikial
1,Izen
1,Iziah
2,Izik
1,Ja
1,Jaahid
1,Jaan
1,Jaanvir
1,Jaber
2,Jabez
1,Jabir
1,Jabriel
1,Jaccob
66,Jace
1,Jacen
2,Jachin
146,Jack
2,Jackie
1,Jackman
150,Jackson
1,Jacky
241,Jacob
1,Jacobi
6,Jacoby
2,Jacques
1,Jacy
8,Jad
4,Jade
30,Jaden
1,Jaden-Egracius
1,Jaden-Onyx
1,Jadiel
1,Jadon
1,Jadus
2,Jadyn
1,Jae
2,Jaeden
1,Jaedyn
2,Jaeger
2,Jafar
1,Jafeth
11,Jagger
1,Jagjot
1,Jagraj
1,Jagshaan
1,Jagteshvar
2,Jahanzeb
1,Jaheim
1,Jahiem
1,Jahleel
1,Jah'mai
1,Jahmal
1,Jahvon
1,Jahvonne
3,Jai
1,Jaice
15,Jaiden
1,Jaiden-Jeff
1,Jaime
1,Jair
1,Jairattanbir
9,Jairus
1,Jaisal
1,Jaish
1,Jaivardhan
6,Jaiveer
1,Jaivir
1,Jak
58,Jake
1,Jakeb
1,Jaken
2,Jakin
17,Jakob
2,Jakobi
1,Jakson
1,Jaksyn
3,Jakub
1,Ja'Ky
2,Jalal
1,Jaleel
2,Jalen
1,Jam
12,Jamal
147,James
10,Jameson
1,Jamesyn
10,Jamie
1,Jamien
1,Jamieson
2,Jamil
1,Jamis
2,Jamison
2,Jan
1,Janak
1,Janer
1,Janesh
1,Janiah
1,Jannard
1,Jansen
1,Jantavion
1,Janus
1,Janzen
1,Japdeep
1,Japheth
1,Japkeerat
1,Japman
1,Japnaam
1,Japnaman
1,Jarce
18,Jared
1,Jarek
1,Jaremiah
1,Jaren
3,Jarett
4,Jari
1,Jarik
1,Jarle
1,Jarnail
1,Jaro
1,Jarod
2,Jarome
5,Jaron
1,Jarrah
1,Jarred
2,Jarren
1,Jarret
1,Jarrett
1,Jarrod
2,Jarvis
1,Ja-ryah
1,Jas
20,Jase
2,Jashanpreet
1,Jasiah
1,Jasjit
1,Jaskaran
1,Jaskeerat
1,Jaskirat
1,Jaskirit
1,Jasmann
4,Jasmeet
2,Jasnoor
51,Jason
34,Jasper
1,Jaspreet
1,Jasraj
1,Jasridit
1,Jastej
1,Jaston
1,Jasveer
1,Jatin
1,Javan
1,Javante
1,Javen
5,Javier
1,Javious
1,Ja'Vonn
5,Jawad
1,Jawdat
39,Jax
1,Jaxcin
18,Jaxen
4,Jaxin
188,Jaxon
1,Jaxon-Luke
2,Jaxsen
91,Jaxson
1,Jaxsyn
6,Jaxton
6,Jaxx
8,Jaxxon
1,Jaxyn
4,Jay
30,Jayce
1,Jaycee
1,Jaycen
1,Jaycetin
1,Jaycob
3,Jaydan
1,Jaydane
1,Jayde
112,Jayden
1,Jaydin
1,Jaydis
1,Jaydo
2,Jaydon
2,Jaydyn
1,Jayen
1,Jayke
2,Jaylen
1,Jay-Mor
1,Jaymz
1,Jayse
3,Jayson
1,Jaytee
1,Jayvan
1,Jayven
2,Jayvin
2,Jaze
1,Jazen
1,Jazib
1,Jazz
1,Jazzvir
1,JD
2,Jean
1,Jean-Charles
1,Jean-Luc
1,Jebriel
3,Jed
1,Jedaiah
2,Jediah
2,Jedidiah
3,Jeevan
1,Jeff
1,Jefferey
1,Jeffery
11,Jeffrey
1,Jehsam
1,Jeidaya
1,Jelly
1,Jenil
1,Jens
1,Jensan
8,Jensen
4,Jenson
1,Jenzo
1,Jeramy
1,Jerdale
1,Jerdarrie
1,Jeremey
27,Jeremiah
2,Jeremie
1,Jeremiel
1,Jeremih
36,Jeremy
2,Jeriah
1,Jeric
2,Jericho
1,Jeriko
1,Jerimiah
1,Jerimih
1,Jeris
1,Jermaiin
1,Jermain
5,Jerome
1,Jérôme
1,Jeromy
1,Jerram
1,Jerris
1,Jerron
6,Jerry
1,Jerzy
1,Jeshua
3,Jesiah
1,Jesper
43,Jesse
1,Jessiah
2,Jessie
2,Jesus
4,Jet
1,Jetart
1,Jeter
3,Jethro
1,Jet-Lincoln
23,Jett
1,Jevan
1,Jeyk
1,Jeziah
1,Jezmone
2,Jezreel
1,Jhamiel
1,Jhariel
1,Jhayden
1,Jhaymes
1,Jhayve
2,Jhett
1,Jhoan
1,Jhosé
1,Jiahao
1,Jiasheng
1,Jibeau
1,Jibraeel
1,Jibreal
1,Jiefu
1,Jigar
1,Jihu
1,Jikany
4,Jim
1,Jimail
2,Jimi
1,Jimmie
3,Jimmy
1,Jin
1,Jindpreet
1,Jiwon
1,JJ
1,JM
1,Joah
2,Joaquim
6,Joaquin
1,Joash
2,Job
1,Jobenjot
1,Jobenvir
1,Jocko
1,Jocob
1,Jodh
1,Jodhveer
1,Jodin
2,Jody
3,Joe
1,Joebi
33,Joel
1,Jo-el
2,Joël
1,Joelen
1,Joel-Joshua
1,Joenah
10,Joey
1,Joham
9,Johan
6,Johann
5,Johannes
1,Johannis
1,Johben
74,John
10,Johnathan
2,Johnathon
1,Johncris
1,John-Lance
1,Johnnie
12,Johnny
2,John-Paul
1,John-Roy
2,Johnson
1,John-Virtud
1,Johny
1,Jok
1,Jole
1,Jolen
1,Jomar
1,Jomari
1,Jomo
1,Jon
38,Jonah
1,Jonangus
16,Jonas
1,Jonatan
55,Jonathan
5,Jonathon
4,Jones
1,Jordace
1,Jordain
63,Jordan
1,Jordie
1,Jordon
3,Jordy
1,Jordyn
1,Jorey
2,Jorge
1,Joroel
1,Jor-rel
1,Jory
2,Jose
3,José
2,Josef
1,Joselmar
73,Joseph
1,Joseph-Padrick
11,Josh
1,Josh-Akhil
152,Joshua
1,Joshua-James
1,Joshua-Lyle
1,Joshveer
33,Josiah
1,Joss
3,Josue
2,Jotham
2,Joud
1,Joule
1,Journey
7,Jovan
1,Jovanni
1,Jovanny
1,Jovyn
1,Jowen
1,Joxz
1,Joy
1,Jozef
1,Jrane
8,Juan
1,Juancho
1,Jubal
12,Judah
35,Jude
3,Jujhar
1,Jules
33,Julian
6,Julien
1,Juliene
2,Julio
3,Julius
1,Jummah
1,Jun
1,Juna
1,Junaid
2,Junayd
1,June
1,Junghyun
1,Junior
1,Junior-Isaiah-Anome
1,Jupiter
1,Jurelle
1,Jusalo
7,Justice
52,Justin
1,Justis
3,Justus
1,Justyn
1,Jyle
1,Kaai
1,Kaamil
1,Kaan
1,Kaarthik
1,Kabeer
3,Kabir
1,Kable
3,Kace
1,Kacen
1,Kache
2,Kacper
22,Kade
36,Kaden
1,Kadence
1,Kadeon
1,Kadeyn
1,Kadin
1,Kadon
1,Kadyn
1,Kaedan
2,Kaede
10,Kaeden
1,Kaedyn
9,Kael
2,Kaelan
1,Kaeleb-Vernon
1,Kaelem
1,Kaelib
1,Kaellum
1,Kaelum
1,Kaenen
2,Kaeson
1,Kaezin
3,Kage
1,Kagen
1,Kahle
1,Kahleb
1,Kahleo
1,Kahyo
41,Kai
1,Kaid
2,Kaidan
30,Kaiden
1,Kaidyn
1,Kaiel
2,Kaige
1,Kail
1,Kailan
1,Kailen
2,Kailer
1,Kailex
1,Kailin
2,Kain
2,Kainan
5,Kaine
2,Kainen
1,Kainzley
1,Kai-Rae
1,Kairav
2,Kairo
1,Kairoh
1,Kais
1,Kaiser
1,Kaishaun
1,Kaisyn
2,Kaius
1,Kaiyan
1,Kaiyen
1,Kai-Yi
1,Kal
1,Kalab
1,Kalahari
2,Kalan
1,Kalani
1,Kalder
30,Kale
55,Kaleb
1,Kaleden
1,Kalel
6,Kalen
1,Kaleo
1,Kalias
1,Kalib
3,Kalid
1,Kalil
1,Kalim
1,Kalin
1,Kallan
1,Kallem
3,Kallen
1,Kallin
3,Kallum
2,Kalon
1,Kalos
1,Kaloyan
3,Kalvin
1,Kamaal
2,Kamal
2,Kamden
1,Kamien
1,Kamin
1,Kamoduwami
2,Kamran
1,Kamron
1,Kamryn
23,Kane
4,Kanen
2,Kaniel
1,Kanveer
1,Kanwarnihal
1,Karampreet
1,Karamveer
1,Karan
1,Karanveer
1,Karanvir
2,Karar
1,Karas
1,Kardell
5,Kareem
2,Karem
3,Karim
1,Karim-Alexandre
6,Karl
1,Karlton
2,Karman
1,Karmelo
1,Karnav
1,Karnvir
1,Karol
7,Karsen
5,Karson
3,Karsten
1,Karstyn
1,Karsun
1,Karsyn
2,Kartar
16,Karter
1,Karthihan
2,Karthik
1,Karwyn
1,Kasch
1,Kase
2,Kasem
7,Kasen
2,Kasey
14,Kash
1,Kashis
1,Kashtin
5,Kashton
1,Kashtyn
1,Kashus
1,Kasinath
6,Kason
5,Kasper
1,Kaspian
1,Kassim
2,Kassius
1,Kaston
1,Kasyn
1,Kathan
1,Kaustubh
1,Kavan
1,Kavari
1,Kaveer
1,Kavi
1,Kavin
1,Kavish
1,Kawalpreet
1,Kawanveer
1,Kayaan
1,Kayan
1,Kaycee
1,Kaydam
1,Kayde
52,Kayden
1,Kaydence
1,Kaydenz
1,Kaydience
1,Kaydon
1,Kaydyn
1,Kayhan
1,Kayhler
1,Kaylan
1,Kayle
4,Kayleb
1,Kayley
1,Kaylim
1,Kaylum
1,Kayman
3,Kayne
1,Kaynin
1,Kaysar
10,Kaysen
1,Kaysn
8,Kayson
1,Kayston
1,Kayuki
1,Kayven
1,Kayvis
1,Kayzein
1,Kazden
3,Kazim
1,Kazlo
10,Keagan
1,Keagon
5,Kean
2,Keanan
1,Keane
1,Keanu
1,Keanyn
1,Kearon
1,Keaston
1,Keathan
20,Keaton
1,Keats
1,Kedeth
2,Kedric
1,Kedrick
1,Kedus
1,Keeden
1,Keedin
42,Keegan
1,Keeghan
1,Keel
3,Keelan
2,Keelin
15,Keenan
1,Keene
2,Keeno
1,Keerat
2,Kees
2,Keestin
1,Keeven
3,Kegan
1,Kehler
1,Keidus
1,Keigan
1,Keighen
2,Keinan
5,Keiran
1,Keiron
1,Keiston
8,Keith
1,Kei-Yen
1,Kelahni
1,Kelden
1,Kelin
12,Kellan
1,Kellar
6,Kellen
1,Kellian
1,Kelly
1,Kelson
8,Kelton
1,Keltyn
2,Kelvin
1,Kelyn
3,Kemper
1,Kempton
1,Ken
3,Kenan
1,Kenaz
1,Kendal
2,Kendall
1,Kendle
5,Kendrick
3,Kendrix
1,Kendrixz
1,Kendryck
1,Kenechukwu
2,Kenji
1,Kenley
1,Kenn
3,Kennedy
1,Kennen
17,Kenneth
1,Kenntly
1,Kenny
1,Kenosis
1,Kent
1,Kently
7,Kenton
2,Kenyon
1,Kenzie
3,Kenzo
1,Keo
1,Keon
1,Kerim
2,Kerry
1,Kervens
1,Keslar
1,Keslee
7,Kesler
1,Kessel
1,Kestin
2,Keston
1,Kestyn
1,Ketavin
1,Kevan
42,Kevin
1,Kewan
1,Keyaan
1,Keyan
2,Keyano
1,Keyden
1,Keyon
1,Keyveon
1,Khadar
1,Khade
1,Khader
1,Khain
1,Khale
5,Khaled
12,Khalid
4,Khalil
3,Khang
1,Khathtiyeak
1,Khawaja
1,Khaya
1,Khidaash
1,Khizr
1,Khol
1,Khris
1,Khristian
1,Khushaal
1,Khushmeet
1,Khylan
1,Khyris
1,Ki
1,Kiaan
17,Kian
1,Kianu
2,Kidus
1,Kiduus
2,Kiefer
2,Kiel
1,Kielan
1,Kien
2,Kier
25,Kieran
1,Kierce
1,Kiernan
1,Kiero
1,Kieston-Skye
2,Kiet
1,Kieyn
2,Kilian
1,Kin
1,Kincaid
1,Kinew
4,King
13,Kingsley
2,Kingsten
1,Kingstin
38,Kingston
2,Kingstyn
1,Kiowa
1,Kipling
1,Kipp
3,Kiptyn
7,Kiran
1,Kirat
1,Kiratroop
3,Kirby
1,Kiren
2,Kirin
1,Kirtan
1,Kirubel
1,Kirubel-Haile-G-Yosef
1,Kissinger
1,Kiteh
1,Kix
1,Kixston
1,Kiyaan
1,Kiyanosh
1,Kjartan
1,Klayton
1,Klein
1,Klyde
1,Klyne
1,Knighten
1,Knightlee
13,Knox
1,Koa
1,Kobalt
4,Kobe
2,Kobey
1,Kobi
3,Kobie
4,Koby
2,Koda
2,Kodi
1,Kodiak
4,Kody
1,Koebi
14,Koen
1,Koert
1,Koh
1,Kohai
1,Kohda
1,Kohde
6,Kohen
3,Kohl
1,Kohlten
1,Kohyn
1,Koisen
2,Koji
1,Kolbe
1,Kolbee
7,Kolby
1,Koldin
9,Kole
1,Koleman
1,Koleton
5,Kolt
6,Kolten
12,Kolton
1,Komal
1,Konnar
1,Konner
4,Konnor
2,Konrad
1,Konstantin
1,Konstantinos
3,Kooper
1,Kootenai
1,Korban
8,Korbin
3,Korbyn
1,Kord
1,Kordez
1,Korny
2,Kort
1,Kosheen
1,Kosisochukwu
1,Kosten
4,Koston
1,Kouper
1,Kouth
1,Koven
1,Kowan
3,Kowen
1,Kragen
1,Kree
1,Kreedance
1,Kreedon
4,Krew
1,Krewyn
6,Krish
2,Krishan
1,Krishiv
2,Krishna
7,Kristian
1,Kristijan
1,KristJan
1,Kristjan
1,Kristof
1,Kristofer
1,Kristopher
1,Krozby
1,Krue
1,Kruyz
6,Kruz
1,Kruze
1,Krzysztof
1,Kuatrengke
1,Kuddus
1,Kuljit
1,Kullen
2,Kulraj
1,Kumail
1,Kumaravel
1,Kung'u
1,Kunsh
1,Kunwar
3,Kuol
1,Kurage
6,Kurt
5,Kurtis
1,Kurush
1,Kushan
1,Kuukaohukaukuahiwi
1,Kwabena
1,Kwade
1,Kwadwo
1,Kwasi
1,Kwynn
1,Kyal
3,Kyan
1,Kyden
1,Kyder
4,Kye
5,Kylan
3,Kylar
53,Kyle
32,Kyler
1,Kylin
2,Kymani
1,Kypher
1,Kyptan
2,Kypton
3,Kyran
4,Kyrell
2,Kyren
1,Kyrie
1,Kyriel
1,Kyro
1,Kyron
1,Kyson
1,Kyver
1,Lac
26,Lachlan
2,Lachlann
1,Lado
2,Ladon
1,Lael
1,Laevian
1,Laike
1,Lain
1,Laith
1,Lakai
1,Laken
1,Lakota
1,Lam
1,Lamaan
1,Lambert
9,Lance
1,Lanche
1,Land
1,Landden
12,Landen
1,Lander
1,Landis
92,Landon
1,Landon-Paul
12,Landyn
19,Lane
1,Langan
1,Langdon
1,Langston
1,Lanham
1,Lanigan
1,Lanny
1,Laon
1,Larelle
1,Laren
1,Larken
1,Larry
6,Lars
2,Larsen
1,Lasandro
2,Lashawn
1,Lashtin
1,Lasoi
2,Lathan
1,Latrell
1,Latrelle
1,Latta
1,Lauchlan
1,Laughlin
1,Laurence
1,Laurier
1,Lavith
1,LaVon
1,Lavontae
7,Lawrence
1,Lawrenzo
6,Lawson
1,Layklon
1,Layle
9,Layne
9,Layton
1,Lazaro
1,Lazarus
2,Lazlo
1,Lazreth
1,Le
1,Leame
1,Lean
2,Leander
1,Leaus
1,LeBron
1,Lecado
3,Lee
1,Leeam
1,Leeban
1,Leehi
1,Leek
2,Leelan
2,Leeland
1,Legacy
9,Leif
1,Leighem
7,Leighton
1,Leighton-Jay
1,Leiland
1,Leilen
1,Leiren
1,Leith
1,Lekulu
12,Leland
1,Lemmey
1,Lemuel
1,Lenard
1,Lencho
1,Lennan
1,Lennix
3,Lennon
10,Lennox
1,Lenny
45,Leo
2,Léo
1,Leoben
1,Leobrent
1,Leo-Cruz
7,Leon
7,Leonard
10,Leonardo
1,Leonel
1,Leonidas
1,Leoson
1,Leroy
1,Les
2,Lester
1,Lethoreo
1,Lethyn
1,Leuca
1,Leutrim
106,Levi
1,Levin
1,Levon
1,Lewell
1,Lewin
11,Lewis
2,Lex
1,Lexon
1,Lexton
3,Lexx
1,Leyton
1,Leyvon
281,Liam
1,Liam-Ray
1,Lian
2,Liban
1,Liem
1,Liham
1,Lilin
94,Lincoln
1,Lindee
15,Linden
1,Linge
1,Link
1,Linken
6,Linkin
1,Linkyn
1,Linton
2,Linus
1,Lionel
1,Lithika
1,Little
1,Lizandro
2,Lloyd
1,Loah
1,Loarry
1,Lochlain
21,Lochlan
1,Lochlin
1,Locklin
1,Loen
230,Logan
1,Logen
1,Loghan
1,Logon
1,Logyn
2,Lohan
2,Loic
5,Loïc
1,Loise
2,Loki
1,London
2,Long
1,Lonnie
1,Lorand
1,Loranseuos
1,Lord
1,Lordwin
1,Lorellis
1,Lorenz
15,Lorenzo
1,Lotfallha
1,Loucas
3,Louie
13,Louis
3,Lual
4,Luc
18,Luca
1,Luca-Antonio
213,Lucas
1,Lucasz
3,Lucca
4,Lucian
4,Lucien
3,Lucius
1,Lucus
1,Ludvig
1,Lue
5,Luis
1,Luiz
5,Luka
1,Lukah
56,Lukas
127,Luke
1,Luken
1,Lukes
1,Lukin
1,Lunden
1,Luol
3,Luqman
1,Lurrens
3,Luther
2,Lux
1,Luxx
1,Lwandile
1,Lyaal
2,Lyam
1,Lydell
3,Lyle
4,Lyncoln
1,Lyndel
2,Lynden
3,Lyndon
1,Lynkin
1,Lyon
1,Lyric
1,Lyric-James
1,M.
1,Maaliki
1,Maanas
3,Maaz
1,Mabior
6,Mac
1,Macaius
1,Macen
1,Macgregor
1,MacIntyre
3,Mack
1,MacKade
1,Mackay
1,MacKenzie
1,Mackenzy
2,Mackinley
1,MacKinnon
3,Macklin
1,Maclane
1,Maclean
1,Maclin
2,Maddan
15,Madden
7,Maddex
1,Maddezx
3,Maddix
1,Maddoc
1,Maddon
29,Maddox
1,Maddyx
1,Maden
1,Madiba
1,Mading
1,Madison
1,Madisson
1,Madsen
1,Madykx
1,Maerek
6,Magnus
1,Maguire
2,Mahad
1,Mahat
1,Mahath
1,Mahbeer
1,Mahd
1,Mahdhi
1,Mahdi
1,Maheep
2,Maher
1,Mahimn
1,Mahir
3,Mahmoud
1,Mahmud
1,Maico-Marc
1,Maier
1,Maiko
1,Maison
1,Maison-Ali
1,Majak
1,Majd
1,Majid
2,Major
1,Makafui
4,Makai
2,Makaio
1,Makale
1,Makary
1,Makhenzy
1,Makhi
1,Makoto
7,Maksim
5,Maksym
1,Maksymilian
1,Maksyn
1,Makya
1,Makyia
16,Malachi
5,Malakai
1,Malaki
1,Malay
1,Malayah
24,Malcolm
1,Malcom
5,Malek
1,Malen
1,Maleq
16,Malik
1,Malin
1,Maliq
1,Malique
1,Malix
1,Malkin
1,Malolan
1,Mamut
1,Manan
1,Manav
1,Manbir
1,Manchat
1,Maneet
2,Manjot
1,Manmol
1,Mannix
1,Manny
5,Manraj
1,ManRohit
1,Mansoor
1,Mansour
1,Mansukh
1,Mansukhpreet
1,Manthan
1,Manu
2,Manuel
2,Manveer
1,Manyiel
1,Mapalad
1,Maranata
8,Marc
1,Marc-André
3,Marcel
1,Marcellin
1,Marcello
5,Marcelo
1,Marcky
12,Marco
1,Marcos
57,Marcus
10,Marek
1,Marin
4,Mario
1,Marjon
20,Mark
1,Mark-Joehann
4,Marko
10,Markus
1,Marlan
1,Marley
1,Marlo
1,Marlon
3,Marlow
1,Marquel
2,Marquez
1,Marsden
4,Marshal
25,Marshall
1,Marslongh
1,Marten
1,Marti
1,Martial
20,Martin
4,Marvin
1,Marwan
1,Marzuki
1,Marzuq
1,Mascud
1,Maseen
10,Masen
1,Mashrur
224,Mason
1,Massen
1,Massimo
1,Masson
1,Mataio
3,Mateen
29,Mateo
2,Mateus
2,Mateusz
1,Mathen
1,Mathéo
1,Matheson
7,Mathew
1,Mathewos
1,Mathiang
6,Mathias
5,Mathieu
2,Mathis
13,Matias
1,Matías
1,Matin
1,Mattais
1,Mattaius
2,Matteas
21,Matteo
1,Matthaeus
141,Matthew
10,Matthias
1,Matthiaus
2,Matthieu
4,Mattias
1,Matt-Terry
1,Matus
1,Matvey
1,Mauhan
1,Maurice
16,Maverick
1,Maveryk
2,Mavrick
1,Mawian
1,Mawien
67,Max
1,Maxamus
13,Maxim
4,Maxime
6,Maximilian
1,Maximillian
44,Maximus
1,Maxson
1,Maxton
1,Maxwel
39,Maxwell
2,Maxx
1,Maxximus
1,Maxxis
1,Mayar
1,Mayden
1,Maysam
1,Maysen
5,Mayson
2,Mazen
1,Mazin
1,Mc
1,McColl
3,McCoy
1,Mckay
1,Mckenzie
2,McKinley
1,McKinnon
2,McKoy
1,Meekyo
1,Mehar
1,Mehramjeet
2,Mehran
2,Mehtaab
4,Mehtab
1,Meitan
1,Mekwan
1,Mekyle
1,Melad
1,Melvic
2,Melvin
11,Memphis
1,Mendel-Eric
1,Menno
1,Mensur
1,Menyamer
1,Mercer
1,Merci-Adonai
3,Merek
1,Meric
2,Merick
1,Merlin
1,Merob
1,Merric
2,Merrick
1,Merritt
1,Mertcan
1,Merwan
1,Meryk
1,Mesgana
1,Mesha
2,Messer
1,Meteo
1,Metkel
1,Mett
1,Mettpow
1,Mhamed
1,Mharl
1,Mhy-Ro
1,Mian
37,Micah
2,Micaiah
101,Michael
2,Michal
6,Micheal
1,Mick
2,Mickey
1,Micko
1,Midnight
1,Mier
8,Miguel
1,Miikka
2,Mika
2,Mikaeel
4,Mikael
2,Mikail
1,Mikayel
1,Mike
1,Mikeal
1,Mikey
1,Mikhaeel
1,Mikhael
6,Mikhail
1,Mikhailo
1,Mikhil
1,Mikinley
1,Mikka
1,Mikkel
4,Mikko
2,Milad
2,Milan
1,Milek
19,Miles
1,Milez
7,Miller
7,Milo
1,Miloh
1,Milosh
1,Milton
1,Mingbo
3,Minh
1,Mio
1,Mirko
1,Mirwais
1,Mirza
1,Mishael
2,Mitchel
8,Mitchell
1,Moaadh
1,Moamal
1,Moayad
1,Moaz
1,Moazzam-Shafiq
1,Mohab
7,Mohamad
34,Mohamed
1,Mohamed-Amin
36,Mohammad
1,Mohammad-Issa
1,Mohammad-Reda
28,Mohammed
1,Mohamud
1,Mohan
1,Mohanad
1,Mohid
1,Mohiz
1,Mohkum
1,Mohsin
1,Moise
1,Moiz
1,Moksh
1,Molet
1,Momin
1,Moneer
1,Montana
4,Montgomery
1,Monty
1,Moosa
10,Morgan
1,Morgen
6,Moses
1,Mosiah
1,Mossimo
1,Mostafa
1,Motaman
1,Motasimbillah
1,Mouhamad
1,Mouhamed-Lamine
1,Mouhammad
1,Mousa
2,Moussa
1,Moyinoluwa
1,Msadik
1,Muaaz
1,Muadh
1,Muazzam
1,Mubarak
1,Mueez
52,Muhammad
1,Muhammad-Arsil
6,Muhammed
1,Muhsen
3,Mukhtar
1,Muktar
1,Mulume
1,Munachi
1,Muneeb
1,Muni
1,Munif
1,Munir
1,Munroe
1,Muoch
1,Murad
1,Murtaza
4,Musa
2,Musab
1,Musawakhe
1,Musawir
1,Musi
1,Mussa
1,Mussab
1,Mussie
1,Mustaeen
21,Mustafa
1,Mustafe
1,Mustapha
1,Mustia
1,Mutahhar
3,Muzammil
2,Muzzammil
1,Myckl
2,Myer
1,Myguel
1,Myka
1,Mykal
1,Mykaylo
1,Mykel
1,Mykhael
1,Mykola
16,Myles
8,Mylo
1,Mylon
1,Myrihn
1,Myron
1,Nabeeh
4,Nabil
2,Nadab
1,Nadeem
1,Nadir
1,Nael
1,Nagiib
1,Nahlin
4,Nahom
1,Nahome
1,Nahrung
1,Nahuel
1,Naimu
3,Najib
1,Nakai
1,Nakeilen
1,Nakoa
1,Nakota-Skye
1,Naksh
1,Namish
1,Nammuni
1,Nana
1,Naol
1,Narayan
1,Narsim
1,Naseeb
1,Naseem
39,Nash
1,Nashone
1,Nashville
1,Nasim
1,Nasrat
2,Nasser
1,Natan
1,Natanael
31,Nate
1,Natehan
193,Nathan
6,Nathanael
1,Nathan-Andrew
1,Nathaneem
4,Nathanial
62,Nathaniel
2,Nathen
1,Nathil
1,Nathinam
1,Natik
1,Natinael
1,Natnail
1,Natthias
1,Naufil
1,Nauman
1,Naunidh
1,Navand
1,Navdeep
2,Naveed
1,Navid
1,Navjit
2,Navraj
1,Navraz
1,Nawaf
1,Nayade
1,Nayt
1,Nazar
1,Ndjiisira
2,Neal
1,Nebiyu
1,Nedal
1,Neel
1,Neev
1,Nehaan
1,Nehemiah
1,Nehemiah-Richard
1,Neiko
15,Neil
1,Neilson
1,Neirin
1,Neko
1,Nekoda
1,Nelan
1,Nelith
1,Nelsen
7,Nelson
3,Neo
1,Nerek
1,Nero
1,Netanel
1,Nethanel
1,Nethias
5,Nevan
1,Nevin
1,Newin
1,Nezar
1,Ngaido
1,Ngatangue
1,Nhel
1,Nhiecolo
1,Nhyle
2,Niall
1,Niam
1,Nicholai
86,Nicholas
2,Nicholi
4,Nick
1,Nicklas
1,Nicklaus
1,Nickoah
1,Nickolai
6,Nickolas
1,Nicky
1,Niclas
6,Nico
2,Nicolaas
1,Nicolai
20,Nicolas
1,Nicolás
1,Nicolaus
2,Nicolo
1,Nidhin
1,Nidhish
1,Nielo
1,Niels
8,Nigel
2,Nihaal
4,Nihal
1,Nikaeo
1,Nikhail
1,Nikhayl
3,Nikhil
2,Nikita
1,Nikko
2,Niklas
1,Niklaus
12,Niko
9,Nikolai
1,Nikolaj
16,Nikolas
1,Nikolia
1,Nikolis
1,Nikolo
1,Nikoloze
1,Nikon
1,Nikosis
1,Nile
2,Nils
1,Nima
1,Nimir
1,Nimratpal
1,Nirbhai
1,Nirbhay
1,Nishaan
1,Nishaun
1,Nivan
1,Niwar
1,Nixen
1,Nixin
59,Nixon
2,Nixxon
1,Niyaan
1,Niyan
1,Nizar
1,Nmeet
1,Nmesoma
1,Nnamdi
196,Noah
1,Noah-Yekalo
1,Noam
1,Noan
2,Nobel
1,Noe
2,Noel
1,Noelan
90,Nolan
1,Nole
1,Noli
1,Nolyn
2,Noor
1,Noor-Ud-Din
2,Norman
1,Norrin
1,Northrop
1,Nour
2,Nova
1,Nshr
1,Nuh
1,Nur
1,Nurez
1,Nuri
1,Nuuman
1,Nuvo
1,Nuwol
1,Nyak
1,Nyl
2,Nyle
1,Nylin
1,Nyok
1,Nystrom
1,Nyuol
2,Nyxon
1,Oaklan
3,Oakland
1,Oaklee
13,Oakley
1,Oaklyn
1,Oaks
1,Obadah
1,Obaida
1,Obaidullah
1,Obama
1,Oban
1,Obed
1,Oclan
1,Oconner
1,Octavio
1,Octavius
13,Odin
1,Odis
1,Ogheneyoma
1,Oghogho
1,Oghosa
1,Ognadon
1,Oheneba
1,Oisin
2,Ojas
1,Okan
1,Okechi
1,Okeri
1,Okimasis
1,Okiya
1,Olatumi
1,Olavi
1,Oleg
1,Olemi
1,Olen
1,Oli
2,Olin
131,Oliver
4,Olivier
3,Ollie
1,Olsen
1,Olukolade
1,Olutoni
1,Olutuminu
1,Oluwadamilola
1,Oluwakayomomi
1,Oluwasemiloore
2,Oluwaseun
1,Oluwatimileyin
1,Oluwatishe
1,Oluwatobi
1,Olyver
2,Om
1,Omagbitse
43,Omar
1,Omarion
1,Omeed
1,Omeiza
3,Omer
2,Omid
2,Omkar
1,Omoniyi-Paul
1,Omran
1,Omri
1,Omuhle
1,Onemig
1,Onkar
1,Onur
1,Onyedikachim
3,Onyx
1,Ordonez
1,Oreh
2,Oren
1,Orin
6,Orion
6,Orlando
1,Orren
1,Orrin
1,Orson
1,Oryn
1,Osama
1,Osaze
1,Osborne
1,Osbourne
27,Oscar
1,Osejie
1,Osiris
2,Oskar
1,Osker
3,Osman
1,Osmin
1,Ossama
1,Osvaldo
1,Othman
2,Otis
1,Ottavio
3,Otto
1,Ousmane
1,Owain
163,Owen
1,Owin
1,Owyn
1,Oxley
1,Oyindenyefa
1,Ozai
1,Ozzie
1,Ozzy
1,Pablo
1,Pacey
1,Paden
1,Paisly
1,Paiton
1,Palden
1,Palmir
1,Panavjit
3,Pancho
4,Paolo
3,Param
1,Paramjyot
1,Parampreet
1,Paramveer
1,Parashar
87,Parker
1,Parkker
2,Parks
1,Parmit
1,Parmveer
1,Parnoor
1,Parsa
1,Parteek
1,Parth
2,Pascal
1,Pasindu
1,Paskichees
1,Patrice
1,Patricio
30,Patrick
1,Patrickson
1,Patter
1,Patton
18,Paul
1,Paul-Anthony
1,Paul-David-Darcie
1,Paulo
1,Paulos
1,Paulus
1,Pawut
1,Paxthien
14,Paxton
1,Payne
1,Paysen
1,Payten
1,Payton
1,Pearce
1,Pearson
1,Peighton
1,Pelham
1,Pengtao
2,Penn
1,Persius
1,Petar
37,Peter
1,Petros
12,Peyton
1,Phaeton
1,Pharrell
1,Phelan
1,Phenix
1,Pheonix
1,Phil
15,Philip
3,Philippe
4,Phillip
1,Phillips
1,Philopater
1,Phineas
1,Phitchaya
16,Phoenix
1,Phoenyx
1,Pier
14,Pierce
3,Piercen
1,Piercin
4,Pierre
1,Pierre-Étienne
1,Pierro
1,Piers
2,Pierson
1,Pietro
1,Pio
1,Pire
1,Pius
1,Piyush
1,Poe
2,Poncho
13,Porter
1,Prabhjot
2,Prabhnoor
1,Prabhsharan
1,Prabhveer
2,Prabhvir
1,Pragnay
1,Prahas
1,Prajval
1,Pramod
1,Pranav
1,Pranil
1,Pranish
1,Prateek
1,Prayaansh
1,Preetam
1,Preetinder
1,Preetish
1,Prescott
1,Presean
1,Presley
2,Prestley
28,Preston
1,Preyas
1,Prezley
1,Price
4,Prince
1,Princeton
1,Pritpal
1,Prnav
1,Pryce
2,Puneet
1,Puresun
1,Qadar
2,Qaim
1,Qifei
4,Quade
1,Quaid
1,Quaide
1,Quan
1,Quang-Nhat
1,Quannah
1,Quaylin
8,Quentin
1,Quenton
1,Quest
2,Quillan
1,Quilldyn
4,Quin
1,Quinby
1,Quince
1,Quincy
2,Quinlan
20,Quinn
2,Quinnton
6,Quinten
2,Quintin
11,Quinton
2,Quintus
1,Quoltin
1,Qusai
1,Qusay
1,Quyn
1,R
1,R.J
1,Raaem
2,Raahil
1,Raaqim
1,Racer
1,Rada
2,Radley
1,Radmir
1,Raeden
1,Raedyn
1,Raef
1,Raeson
1,Raey
1,Raeyan
12,Rafael
1,Rafan
1,Rafay
1,Rafe
1,Rafferty
1,Rafi
1,Rafiq
1,Raghav
1,Ragnar
1,Rahan
2,Raheel
1,Raheem
2,Rahil
1,Rahul
13,Raiden
1,Raif
2,Raife
1,Raijin
1,Raiman
1,Raimyel
1,Rain
2,Raine
2,Rainer
1,Rainn
1,Raiyan
1,Raizen
2,Raj
1,Raja
1,Rajah
2,Rajan
1,Rajavardhan
1,Rajbir
1,Raji
1,Rajon
1,Rajul
1,Rajveer
1,Rakitha
1,Rako
1,Ram
1,Ramadan
1,Ramey
1,Ramez
2,Rami
5,Ramin
1,Ramiro
1,Rammah
1,Ramneek
1,Ramone
1,Ramsay
1,Ramsey
1,Ramzi
1,Ranbir
1,Rance
1,Rand
1,Randal
3,Randall
1,Randell
1,Randil
4,Randy
1,Randyn
1,Rane
1,Ranfateh
1,Rangel
1,Ranny
1,Ransher
2,Ransom
1,Ranveer
1,Rapha
10,Raphael
1,Raphy
1,Raryn
1,Rashed
1,Rashid
1,Rasool
1,Rasta
1,Rasul
1,Rasyll
1,Rattan
3,Raul
1,Ravneet
1,Ravnoor
3,Ray
9,Rayan
1,Rayann
1,Rayce
8,Rayden
1,Rayder
1,Rayelle
2,Rayen
4,Rayhan
1,Raylan
1,Rayman
1,Raymi
13,Raymond
1,Rayneil
1,Rayniel
2,Raynor
10,Rayyan
1,Raza-E-Abbas
1,Razeen
1,Raziel
1,Reace
1,Reagan
1,Redwan
13,Reece
8,Reed
2,Rees
12,Reese
2,Reeve
1,Regan
1,Regie
4,Reginald
1,Regis
1,Rehaan
4,Rehan
2,Rei
63,Reid
1,Reiden
1,Reif
1,Reign
1,Reijan
1,Reiker
1,Reiko
1,Reiss
1,Rekem
3,Rémi
1,Remiel
4,Remington
1,Remmington
3,Remy
2,Renato
1,Rene
1,Renin
1,Rennox
1,Renzell
3,Renzo
1,Rethabisitsoe
8,Reuben
1,Reve
7,Rex
1,Rexton
1,Rey
2,Reyad
1,Reydan
1,Reyden
1,Reyes
2,Reza
17,Rhett
1,Rhonin
2,Rhyder
1,Rhy-Ell
1,Rhyen
1,Rhyilan
1,Rhyker
1,Rhyln
29,Rhys
2,Riad
1,Rian
1,Ricardo
1,Rich
26,Richard
3,Rick
1,Rickey
6,Ricky
1,Riddick
3,Ridge
2,Ridley
1,Ridley-Zayne
2,Ridwan
1,Riece
3,Riel
1,Rigdon
1,Riggin
1,Riggins
1,Riggs
1,Rigon
1,Rigsby
1,Rigsel
1,Rigzin
67,Riley
1,Rilo
4,Rio
1,Ripley
1,Rishan
4,Rishi
1,Rishith
2,Rithvik
1,Rito
1,Rivaan
8,River
1,Riyad
1,Riyan
1,Rizwan
1,RJ
1,Roady
1,Roam
5,Roan
1,Roaring
1,Rob
3,Robbie
1,Robearr
2,Robel
48,Robert
2,Roberto
3,Robin
1,Robinson
1,Robsen
1,Roca
1,Rocci
7,Rocco
1,Rockey
1,Rockford
5,Rocky
1,Roderick
1,Rodgil
3,Rodney
1,Rodolfo
1,Rodrigo
1,Rodvelt
1,Roee
1,Roel
2,Roen
1,Roent
4,Rogan
4,Roger
2,Rohaan
1,Rohak
11,Rohan
1,Rohin
1,Rohn
1,Rohnan
1,Rohnish
1,Rohry
1,Rojun
1,Roko
2,Roland
1,Rolando
1,Rolin
1,Romaan
27,Roman
5,Rome
1,Romelle
1,Romen
1,Romeo
1,Romney
1,Romyn
2,Ron
8,Ronald
18,Ronan
1,Rónán
2,Ronen
1,Roni
11,Ronin
1,Ronmatthew
1,Ronnan
1,Ronnie
1,Ronson
1,Roohshaan
1,Roop
1,Rooprajan
1,Rope
1,Roqklynn
15,Rory
1,Roscoe
1,Roseavelt
1,Rosh
1,Roshan
5,Ross
1,Roushdi
41,Rowan
1,Rowdy
5,Rowen
1,Rowlland
6,Roy
2,Royal
5,Royce
1,Royden
1,Roydin
1,Rozay
1,Ruah
1,Rubaiyat
2,Ruben
1,Rubin
1,Rubyn
1,Rudolph
1,Rudra
2,Rudy
1,Ruger
1,Ruhaan
2,Rui
1,Rundle
1,Russel
7,Russell
1,Ruszell
1,Ruyi
2,Ry
1,Ryam
132,Ryan
2,Ryatt
1,Rydae
1,Rydel
1,Rydell
3,Ryden
126,Ryder
1,Rydin
1,Rye
1,Ryeit
1,Ryel
1,Ryelend
1,Ryely
1,Ryer
1,Ryersen
4,Ryerson
1,Ryette
1,Ryeyaan
1,Rygaard
1,Ryhus
1,Ryken
63,Ryker
1,Ryklar
80,Rylan
13,Ryland
1,Rylann
1,Ryle
5,Rylee
6,Rylen
2,Ryler
12,Ryley
3,Rylie
1,Rylind
1,Ryllan
1,Rylyn
1,Ryoan
1,Rypton
3,Ryu
1,Ryuji
1,Ryujin
1,Ryunosuke
1,Ryven
1,Ryver
1,Ryvre
1,Ryzdyn
1,Saach
1,Saad
1,Saahir
2,Saavan
1,Sabari
4,Sabastian
1,Sabastien
1,Sabath
1,Saber
1,Sabien
1,Saboor
1,Sadat
1,Sadik
1,Sadiri
1,Sador
1,Sady
3,Saeed
1,Safeer
1,Safwan
1,Sagar
8,Sage
1,Sage-Lee
1,Sagen
1,Sah
1,Sahaadat
1,Sahaj
2,Sahal
1,Sahan
1,Sahbir
2,Saheb
3,Sahej
1,Sahel
4,Sahib
1,Sahibdaat
2,Sahibdeep
1,Sahibjot
1,Sahibpal
1,Sahij
1,Sahijdeep
1,Sahijjot
4,Sahil
1,Sahl
1,Sahran
1,Sai
1,Said
1,Saidu
1,Said-Zakaria
3,Saif
1,Saihaj
1,Saihejveer
2,Saim
1,Saiyeen
1,Sajed
1,Sajeel
1,Sajid
1,Sakaria
1,Sakria
2,Salah
1,Salahudeen
1,Salar
1,Saleem
1,Saleh
1,Salem
1,Saleyman
1,Salif
4,Salim
3,Salman
15,Sam
1,Samad
1,Samarpartap
2,Samarth
2,Samarveer
3,Samarvir
2,Samatar
2,Sameer
1,Sameerullah
5,Sami
1,Samir
1,Sammarth
1,Samraj
1,Samrath
6,Samson
1,Samual
164,Samuel
3,Samy
1,Sanjog
16,Santiago
3,Santino
1,Sareme
1,Sargun
1,Sariel
3,Sarim
1,Sarmad
1,Sartaj
1,Sarthek
1,Sarun
1,Sarvan
1,Sasha
1,Satkaar
1,Satpreet
1,Satvik
1,Satyajit
1,Saud
4,Saul
1,Saum
1,Savinu
1,Savit
1,Sawben
79,Sawyer
1,Saxon
2,Sayed
1,Schaeffer
1,Schneider
1,Schuyler
14,Scott
2,Seamus
1,Séamus
32,Sean
1,Seanjhie
1,Sean-Patrick
1,Sebashtian
52,Sebastian
8,Sebastien
4,Sébastien
1,Seely
9,Sehaj
1,Sehajdeep
1,Sehazveer
1,Seif
1,Selim
1,Semir
1,Sena
1,Senaan
1,Sengnukhonh
1,Seo-Jun
1,Sepehr
1,Serere
1,Sergel
1,Sergio
1,Serigne
1,Servet
70,Seth
1,Sethan
1,Sethun
1,Seton
1,Seungwoo
2,Seven
1,Severin
1,Severyn
1,Sevrin
1,Shaahzai
1,Shaakir
4,Shaan
1,Shaanveer
1,Shabd
1,Shade
1,Shadrack
2,Shae
1,Shaeden
1,Shael
1,Shafari
1,Shafici
1,Shafin
1,Shafiq
2,Shah
1,Shahan
1,Shaheer
1,Shahil
1,Shahzain
1,Shahzayn
1,Shakeeb
1,Shakir
1,Shakur
1,Shalow
1,Shamar
1,Shami
2,Shamus
1,Shan
8,Shane
1,Shaneel
1,Shann
1,Shanston
1,Shanuk
1,Sharma'arke
1,Shashmin
8,Shaun
1,Shaunté
2,Shaurya
1,Shavon
1,Shavono
1,Shaw
1,Shawaiz
1,Shawanne
8,Shawn
1,Shay
1,Shaya
3,Shayaan
1,Shayan
4,Shayden
3,Shayne
1,Shazain
2,Shazil
7,Shea
1,Sheadon
1,Sheamus
1,Shege
16,Sheldon
1,Sheloumiel
1,Shepard
1,Shephard
1,Shepherd
1,Sher
1,Sherbaz
1,Shermat
1,Sherwyn-Ivan
1,Sheyda
2,Shiloh
1,Shiv
1,Shiva
1,Shivank
2,Shivansh
2,Shiven
1,Shivkumar
1,Shivpartap
1,Shivraj
1,Shmuel
1,Shoaib
1,Shogo
1,Shorya
1,Shota
1,Shounak
1,Shravan
1,Shray
1,Shuaib
1,Shucayb
1,Shuieb
1,Shuntaro
1,Shwan
1,Shyam
1,Si
1,Siaem
1,Siam
1,Sian
1,Sid
1,Sidak
1,Siddarth
2,Siddharth
1,Sidh
1,Sidharth
3,Sidney
1,Sifaw
33,Silas
1,Silus
1,Silver
1,Silvian
1,Silvio
1,Simar
3,Simeon
1,Siming
37,Simon
1,Simrat
1,Sincere
1,Singh
1,Sinzo-Kena
2,Siraj
1,Sishir
1,Sisto
1,Sjian
3,Sky
1,Skye
5,Skylar
1,Skylen
22,Skyler
5,Slade
2,Slater
2,Slayder
2,Sleiman
3,Sloan
1,Slone
1,Sly
5,Smith
1,Smoke
1,Smon
1,Smounava
1,Smyth
1,Sobhi
4,Sohaib
1,Sohbat
1,Sohrin
1,Sojettra
1,Solace
1,Solan
1,Solars
1,Solayman
1,Solen
10,Solomon
1,Somme
1,Son
1,Sonaksh
1,Sonder
1,Song
1,Sonnie
3,Sonny
1,Soor
1,Sora
10,Soren
1,Sorie
1,Sorin
1,Sothana
1,Soubhaan
1,Soul
1,Souleymane
1,Sparrow
46,Spencer
1,Sporsho
1,Sreenandan
1,Srijan
1,Srikar
2,Sriyan
1,Stacey
1,Stacy
1,Staitem
1,Stanlee
4,Stanley
1,Stavros
1,Steel
2,Steele
1,Steevenson
3,Stefan
2,Stefano
3,Stephan
10,Stephen
1,Stephin
5,Sterling
1,Stetson
4,Steve
16,Steven
2,Stewart
2,Stone
1,Storm
1,Stratton
1,Stryker
1,Stuart
1,Subeg
1,Sudesi
1,Sudip
1,Suede
1,Sufyan
1,Suhaan
2,Suhaib
1,Suheyb
1,Suhit
1,Sujal
1,Sukhjeet
1,Sukhjodh
2,Sukhman
1,Sukhmun
1,Sukhraj
1,Sukhtaj
2,Sulaiman
14,Sullivan
1,Sulliven
2,Sully
1,Sultaan
2,Sultan
1,Sunday
1,Sunny
1,Sunvir
1,Surfael
1,Suriyan
1,Surkhab
1,Suveen
1,Svaitoslav
1,Sveg
1,Swiss
1,Swopnil
10,Syed
5,Sylas
2,Sylvester
1,Symon
1,Syn
1,Syon
1,Syvere
1,Szack
1,Szymon
1,Taariq
1,Taavi
1,Tabish
1,Tadhgan
1,Taelen
1,Taevan
1,Taevian
1,Taeyang
1,Taezen
1,Tagan
3,Taha
1,Tahmeen-Abbas
1,Tahson
1,Taiden
1,Taijin
1,Taim
1,Taisei
2,Taison
3,Taitum
1,Taitus
2,Taiyo
1,Taj
1,Tak
1,Takanaka
1,Takatora
1,Takeo
1,Takhleeq
1,Taku
1,Takunda
1,Talal
2,Talan
1,Taleb
1,Talem
3,Talen
2,Talha
1,Talhah
1,Talib
1,Talin
1,Tallis
13,Talon
1,Talu
1,Talus
1,Talwyn
1,Talyn
1,Tamanpreet
1,Tamim
2,Tamir
1,Tamseel
1,Tamyr
1,Tamzid
2,Taner
1,Tanish
1,Tanishq
1,Tanix
33,Tanner
1,Tannis
1,Tannyn
1,Tanveer
1,Tanvir
1,Tao
1,Taonga
1,Taranjot
2,Taranvir
2,Tarek
1,Tarik
2,Tariq
1,Tarndeep
1,Tarnveer
1,Tarreed
1,Tarron
2,Tarun
1,Tarunvir
1,Taseen
1,Tash
1,Tashi
1,Tasim
1,Tason
1,Tassen
1,Tatanka
13,Tate
1,Tatem
1,Tatenda
5,Tatum
1,Tauqir
2,Tavares
2,Taven
3,Tavian
6,Tavin
1,Tavion
1,Tavish
1,Tavius
1,Tavon
1,Tawfiq
1,Tawheed
4,Tayden
4,Taye
2,Taylan
1,Taylem
4,Taylen
1,Tayler
1,Taylin
1,Taylon
21,Taylor
1,Tayo
1,Tayseer
1,Taysen
1,Tayshawn
1,Tayson
1,Tayt
3,Tayten
2,Taytum
2,Tayven
1,Tayvin
1,Tayvon
1,Tazuriath
2,Teagan
1,Teaphillis
1,Tearsen
1,Teddy
1,Tedian
1,Teegan
3,Tegan
1,Tehaj
1,Tej
1,Tejas
3,Tejveer
1,Tek
1,Tekoa
1,Temesgen
1,Temesygen
1,Tenghis
1,Tenleigh
1,Tennesson
1,Tensae
5,Teo
1,Téo
2,Teodor
1,Terani
1,Terin
2,Terrance
6,Terrence
1,Terrick
1,Terry
1,Teryk
1,Tevin
1,Tex
1,Teyaz
1,Teyo
2,Thaddeus
1,Thade
1,Thadeus
1,Thaide
1,Thaiden
1,Thaine
3,Thane
2,Thanos
1,Thareen
1,Thatcher
1,Thayer
1,Thayne
1,Thenuka
12,Theo
2,Théo
1,Theodor
44,Theodore
1,Theodoros-Panagiotis
1,Theon
1,Theophile
5,Theoren
1,Theoryn
1,Theou
3,Theron
1,Theryn
1,Thexton
2,Thiago
1,Thierry
1,Thijs
92,Thomas
2,Thompson
4,Thor
1,Thoren
1,Thorsten
1,Thunderbolt
1,Thyson
4,Tiago
1,Tian
1,Tiang
1,Tianhe
1,Tianren
1,Tianyu
2,Tiberius
1,Tidus
1,Tiegan
4,Tiernan
1,Tighe
1,Tim
3,Timmy
3,Timofey
1,Timote
1,Timoteo
27,Timothy
1,Timothy-Jacob
1,Timson
1,Timur
1,Tin
1,Ting
1,Tinodaishe
1,Tirion
8,Titan
11,Titus
1,Tius
1,Tivon
1,Tiwatayo
1,Tiziano
1,TJ
1,Tjani
1,Tobel
1,Tobia
2,Tobiah
10,Tobias
5,Tobin
10,Toby
3,Todd
1,Tolunimi
1,Toluwalashe
1,Tom
1,Toma
4,Tomas
1,Tomasz
1,Tomiwa
5,Tommy
1,Tong
9,Tony
2,Tor
1,Toren
1,Toria
3,Torin
1,Torren
2,Torrin
1,Torryn
1,Torstein
2,Torsten
1,Toryn
1,Tosin
1,Toumelsan
1,Toya
7,Trace
1,Tradon
4,Trae
1,Traecen
1,Traeson
1,Traevin
1,Traezlin
1,Traian
1,Trapper
1,Traqusten
1,Traven
22,Travis
1,Travon
1,Trayce
2,Trayden
1,Traygon
1,Traysen
1,Trayson
1,Trayvin
1,Trayvon
1,Trayzon
1,Tre
1,Treffin
1,Trende
1,Trennen
3,Trent
1,Trenten
1,Trentin
3,Trenton
1,Treston
1,Trevain
1,Trevon
10,Trevor
14,Trey
1,Treyce
1,Treydan
2,Treyson
1,Treytin
7,Treyton
2,Treyvon
1,Tribben
2,Trigger
6,Tripp
85,Tristan
1,Tristan-Jo
10,Tristen
1,Tristian
6,Tristin
4,Triston
4,Tristyn
1,Triton
1,Triztan
1,Troides
19,Troy
1,Tru
1,Truett
1,Truman
1,Trustn
1,Tryggvi
1,Tryp
5,Trystan
2,Trysten
1,Trystin
1,Trystyn
1,Tuaenena
19,Tucker
1,Tudor
1,Tuekura
1,Tuf
1,Tugra
1,Tully
1,Tumise
1,Tumjot
1,Ture
1,Turgeon
6,Turner
1,Twister
1,Twoskys
32,Ty
2,Tyce
2,Tycen
1,Tycho
1,Tydus
3,Tye
1,Tyke
1,Tyko
2,Tylan
1,Tylen
81,Tyler
1,Tyne
1,Týr
1,Tyrawn
1,Tyreese
1,Tyrek
1,Tyrel
9,Tyrell
2,Tyrelle
1,Tyren
1,Tyrese
1,Tyrian
1,Tyron
3,Tyrone
1,Tyrran
2,Tyrus
1,Tysen
65,Tyson
3,Tytan
1,Tyus
2,Tyvan
1,Uael
1,Uan
1,Ubong-Abasi
1,Uchenna
1,Udai
3,Uday
4,Udayveer
3,Udhayveer
1,Udheyveer
1,Uetuhena
2,Umair
4,Umar
2,Umer
1,Uquqtuq
1,Uraiah
2,Uriah
3,Uriel
5,Urijah
1,Usman
1,Uvan
1,Uyi
1,Uyiosa
2,Uzair
1,Vahin
1,Valentine
2,Valentino
10,Van
5,Vance
3,Vander
1,Vandred
1,Vanek
1,Vanij
2,Vann
1,Vans
1,Varis
1,Varlen
5,Vaughn
2,Ved
2,Vedder
5,Veer
1,Veerin
1,Venard
1,Verikatumba
1,Vernon
1,Verun
1,Verunduruka
1,Vetjavi
1,Viaan
1,Vianyoel
2,Vicente
1,Viclyn
21,Victor
1,Vidane
1,Vidhan
1,Vidyut
3,Viggo
1,Vikram
1,Vikramjit
1,Vikrant
3,Viktor
1,Vinayak
3,Vince
29,Vincent
2,Vincenzo
1,Vinicio
1,Vinly
1,Vinson
1,Vinzent
2,Viraaj
1,Viraj
1,Virajsinh
1,Virsikander
1,Vishaan
1,Vishavjit
1,Vishvanthraj
1,Vital
1,Vito
2,Vivaan
1,Vivan
3,Vladimir
1,Vladveer
1,Von
1,Vyrayuth
1,Waabe
1,Waael
1,Wacey
1,Wade
1,Wadik
1,Waeys
1,Wafi
1,Wahaj
1,Wakiyan
2,Waleed
1,Wali
1,Walid
1,Walid-Mohamad
21,Walker
2,Wallace
9,Walter
2,Wang
1,Wani
1,Wanna
1,Ward
2,Warner
10,Warren
1,Warwick
1,Wasif
2,Wasil
2,Wassim
1,Watson
1,Waylan
5,Waylon
4,Wayne
1,Weiss
1,Weller
1,Wells
1,Wen
1,Wencefel
1,Wendel
1,Wendell
1,Wersama
2,Wes
2,Wesam
1,Weslee
22,Wesley
1,Weson
3,Wesson
2,West
2,Westin
2,Westley
1,Westly
42,Weston
3,Westyn
1,Wesyn
1,Whaylon
1,Wilbert
1,Wilbur
1,Wilfred
4,Wilhelm
1,Wiljan
9,Will
2,Willem
182,William
3,Willis
7,Willy
1,Wilmer
7,Wilson
1,Winner
7,Winston
2,Winter
1,Wol
1,Woodrow
1,Worthy
1,Wranglen
1,Wrangler
1,Wren
1,Wulfric
117,Wyatt
2,Wyett
1,Wyke
1,Wylde
1,Wylie
1,Wynn
1,Wynter
1,Wynton
1,Wyome
1,Xachery
1,Xackerie
1,Xaiden
47,Xander
1,Xander-Ryen
1,Xandro
1,Xavi
73,Xavier
1,Xavíer
1,Xavior
1,Xhanky
2,Xian
1,Xiaoyang
2,Xing
1,Xyas
1,Xyler
1,Xyrus
4,Xzavier
1,Xzavior
1,Yaaziel
1,Yadeail
1,Yadiel
1,Yafet
1,Yagazie
1,Yagiz
1,Yahia
10,Yahya
2,Yale
1,Yamato
1,Yandiparee
1,Yandle
1,Yang
2,Yanis
3,Yannick
1,Yannis
1,Yanzi
1,Yaphet
1,Yaqub
1,Yari
7,Yaseen
1,Yasein
1,Yaser
1,Yash
1,Yashbir
1,Yashswi
5,Yasin
1,Yasir
1,Yassen
2,Yasser
2,Yassin
1,Yau
1,Yaw
2,Yazan
2,Yazen
1,Yeron
1,Yetemgeta
1,Yhuan
2,Yianni
1,Yigit
1,YiHeng
1,Yilong
1,Yoab
1,Yoal
4,Yoel
1,Yoftia
2,Yohan
1,Yohann
1,Yohans
1,Yonas
1,Yonatan
1,Yonis
1,Yorel
1,Yoshim
1,Yosuf
1,You
3,Youcef
1,Young
7,Yousef
1,Youseff
1,Yousefullah
6,Yousif
6,Youssef
1,Youssef-Wetedan
1,Youssif
3,Yousuf
1,Yu
1,Yuan
1,Yuang
1,Yuchen
1,Yucheng
1,Yug
1,Yuji
3,Yunus
1,Yuot
1,Yusef
1,Yusha
1,Yushin
1,Yussef
15,Yusuf
1,Yuvan
1,Yuvraan
11,Yuvraj
1,Yveariel
1,Yzack
1,Zabeullah
4,Zac
1,Zacarias
1,Zaccai
8,Zach
1,Zacharia
4,Zachariah
3,Zacharias
2,Zacharie
1,Zacharis
110,Zachary
1,Zachaylo
4,Zachery
1,Zaci
8,Zack
1,Zackaria
1,Zackariah
2,Zackariya
11,Zackary
6,Zackery
1,Zaclee
2,Zaedyn
2,Zaeem
1,Zaekkai
1,Zahaan
1,Zahkai
4,Zaid
1,Zaidan
2,Zaide
8,Zaiden
1,Zaidence
1,Zaidon
1,Zaidyn
8,Zain
1,Zaine
2,Zak
1,Zakari
8,Zakaria
7,Zakariya
2,Zakariye
1,Zakariyya
6,Zakary
1,Zakaylo
1,Zaki
1,Zakir
1,Zakk
1,Zakkery
1,Zamery
1,Zamir
24,Zander
1,Zanderjay
20,Zane
1,Zanial
2,Zaniel
1,Zanthony
1,Zanyar
1,Zariah
1,Zaric
1,Zarif
1,Zarin
1,Zarran
1,Zarrick
1,Zathan
2,Zavery
1,Zavi
1,Zavian
1,Zavien
4,Zavier
1,Zax
1,Zayan
5,Zayd
3,Zayde
14,Zayden
1,Zayden-James
6,Zayn
5,Zayne
1,Zean
1,Zechen
1,Zee
1,Zeekin
1,Zeeshan
1,Zef
4,Zeke
1,Zekrya
1,Zemenderick
2,Zen
1,Zenen
1,Zenith
1,Zenneth
1,Zennin
1,Zennon
2,Zeno
3,Zenon
1,Zephan
1,Zephryn
2,Zeppelin
1,Zeriyus
1,Zerubbabel
1,Zeus
1,Zeyad
1,Zhandre
1,Ziad
1,Zian
1,Ziaur
2,Zidan
1,Zifeng
1,Ziggy
1,Zijie
1,Zilong
1,Zinedine
6,Zion
1,Zishan
1,Zixiang
1,Zixuan
2,Ziyad
1,Zohar
3,Zoltan
1,Zoran-Joseph-Luc
4,Zorawar
1,Zoren
1,Zotikos
1,Zubaer
2,Zubair
1,Zubairullah
1,Zubayr
1,Zuhair
1,Zuheb
1,Zuheir
1,Zuheyr
1,Zulqarnain
1,Zurich
1,Zus
2,Zyan
1,Zyler
1,Zyrus