1,A.
1,A.J
1,Aaban
1,Aabir
2,Aadam
1,Aadeep
3,Aaden
1,Aadhitya
2,Aadi
1,Aadil
1,Aadit
2,Aaditya
2,Aadyn
1,Aagamjit
7,Aahil
1,Aakash
1,Aamil
1,Aanay
20,Aarav
1,Aaren
1,Aarien
1,Aarish
2,Aariv
1,Aariy
5,Aariz
1,Aarjan
1,Aarjun
2,Aarnav
1,Aaro
55,Aaron
1,Aarón
1,Aarow
1,Aarris
1,Aarsh
5,Aarush
3,Aaryan
1,Aaryash
1,Aaryav
1,Aaryen
1,Aasim
1,Aatman
1,Aavai
1,Aavash
1,Aavesh
1,Aavi
1,Aavin
1,Aayad
1,Aayam
8,Aayan
2,Aayush
1,Aazam
1,Abaan
1,Aban
1,Abanoub
1,Abas
1,Abasiama
1,Abawn
4,Abbas
2,Abbott
1,Abd
2,Abdalla
2,Abdallah
1,AbdAllah
1,Abdal-Rahman
1,Abd-Arhman
1,Abdelaziz
1,Abdelkader
1,Abdelkarim
1,Abdel-Malek
1,Abdelrahmane
1,Abdihamid
1,Abdikhadar
1,Abdiladif
10,Abdirahman
1,Abdisalaan
1,Abdisamad
1,Abdo
1,Abduarhman
12,Abdul
1,Abdul-Azeez
1,Abdulhakeem
1,Abdulkareem
1,Abdulla
14,Abdullah
1,Abdullahh
7,Abdullahi
1,Abdul-Majeed
2,Abdulmalik
1,Abdulmannan
1,Abdulmuiz
7,Abdulrahman
1,Abdul-Rahman
1,Abdulsabur
1,Abdulsalam
2,Abdur
1,Abdurahim
3,Abdurahman
1,Abdus
1,Abe
1,Abedin
24,Abel
2,Abenezer
1,Abhash
1,Abhay
1,Abhaynaaz
1,Abhayveer
1,Abhijot
2,Abhik
1,Abhinash
1,Abhiram
1,Abhitesh
1,Abijeet
1,Abinav
1,Abinear
1,Abiral
1,Abishai
1,Abitameem
1,Abner
1,Abnezer
1,Aboalfaddal
1,Aboubacar
11,Abraham
3,Abrahim
6,Abram
1,Abrar
1,Abraum
1,Abraxius
1,Abtin
1,Abu
1,Abubakar
1,Abubakr
1,Abulgoni
1,Abyaan
11,Ace
1,Achilles
1,Achuoth
1,Achyut
1,Adab
1,Adair
1,Adalius
141,Adam
1,Adam-Gabriel
3,Adan
1,Adarius
1,Adav
2,Addison
1,Adeayo
1,Adedamola
1,Adefogofoluwa
3,Adel
2,Adem
9,Aden
1,Adeniyi-Isaiah
1,Adeola
1,Ades
1,Adesh
1,Adham
1,Adhisha
1,Adhvay
1,Adhyaan
1,Adi
1,Adian
1,Adib
1,Adidja
1,Adih
1,Adil
1,Adis
1,Adit
1,Adithya
2,Aditya
2,Adler
1,Adnan
1,Adom
2,Adonai
1,Adonay
1,Adoniah
2,Adonias
1,Adonnis
1,Adonyas
1,Adriaan
32,Adrian
1,Adriandale
1,Adriane
1,Adrian-Noel
5,Adriel
1,Adrielle
3,Adrien
1,Advaith
1,Advik
1,Adwin
1,Adyaan
1,Aeon
1,Aerik
1,Aeron
1,Aerton
1,Aezen
1,Afan
1,Affaan
1,Affan
1,Afraheem
1,Afraz
1,Agaaz
4,Agam
2,Agambir
2,Agamjot
1,Agamveer
1,Agape
1,Agastya
1,Agust
1,Agustus
1,Ahaan
1,Ahan
19,Ahmad
32,Ahmed
1,Ahmedyasin
1,Ahnaf
1,Ahnrik
1,Ahsaan
1,Ahyan
1,Ahzab-Adam
25,Aidan
121,Aiden
1,Aidric
1,Aidyn
1,Aijaz
1,Aijohn
4,Aikam
1,Aimery
1,Airam
1,Aissac-Nicholas
1,Aithen
1,Aiven
1,Aiyan
1,AJ
1,Aj
1,Ajax
4,Ajay
1,Ajaybir
1,Ajayrangan
1,Ajeer
2,Ajeet
1,Ajithkumar
1,Ajr
1,Akaal
1,Akam
1,Akarsh
1,Akeem
1,Akhand
2,Akhil
1,Akiel
2,Akio
1,Akkad
1,Akol
1,Akot
6,Akram
3,Aksel
1,Aksh
2,Akshay
1,Akshovya
1,Al-Abbas
2,Alakay
1,Alamjeet
6,Alan
2,Alaric
3,Alasdair
2,Alastair
10,Albert
1,Alberto
1,Albie
1,Alby
6,Alden
1,Alderson
1,Aldin
1,Aldo
1,Aldrin
1,Aldwyn
8,Alec
1,Aleister
4,Alejandro
1,Alek
1,Aleks
2,Aleksander
3,Aleksandr
1,Aleksei
1,Alekzandr
1,Alerio
4,Alessandro
4,Alessio
42,Alex
194,Alexander
1,Alexander-Roberto-Daniel
1,Alexandr
8,Alexandre
1,Alexandrei
2,Alexandru
1,Alexavier
1,Alex-Blaine
1,Alexey
1,Alexi
1,Alexin
1,Alexios
3,Alexis
1,Alexxander
4,Alexzander
3,Alfie
1,Alfonso
1,Alfrancis
4,Alfred
1,Alfrednathan
1,Alfredo
1,Alhasan
50,Ali
1,Aliakbar
1,Alidahir-Dalal
1,Alieu
1,Alijah
1,Alinani
1,Alioune
1,Alireza
1,Alish
1,AliSina
10,Alistair
3,Alister
1,Ali-Uthman
1,Alix
1,Aljhon
4,Allan
1,Allastar
8,Allen
1,Allenkurt
1,Allistar
6,Allister
1,Almaz
1,Almeer
1,Almir
1,Aloniab
3,Alonso
4,Alonzo
1,Aloysius
1,Alp
1,Alper
1,Alpha
1,Alphonso
1,Al-Raye
1,Alrek
1,Alric
1,Alsan
1,Alston
1,Al-Sultan
1,Altair
1,Altan
1,Alten
1,Altin
1,Alton
1,Alvan
8,Alvin
1,Alwaleed
1,Alwan
1,Alwin
1,Alx
1,Aly
1,Alyan
1,Alyas
1,Alyre
3,Amaan
2,Amadeo
1,Amadou
2,Aman
1,Amandeep
2,Amanuel
2,Amarachi
3,Amari
1,Amaru
1,Amaziah
1,Amber
3,Ambrose
2,Ameen
3,Ameer
2,Amelio
1,Amer
1,Amias
6,Amin
13,Amir
1,Amir-Ali
1,Amirsam
1,Amirzai
1,Amish
1,Amitav
4,Amitoj
1,Amjad
3,Ammar
1,Ammon
2,Amos
1,Amour
2,Amr
1,Amram
1,Amrique
1,Amrit
1,Amron
1,Amshu
1,Amuri
1,Amyas
1,An
1,Anaborhi
1,Anaël
1,Anaik
1,Anakh
2,Anakin
1,Anand
1,Anania
2,Ananias
1,Ananosi
1,Anant
1,Anantaya
1,Anar
3,Anas
1,Anass
1,Anatol
1,Anatole
1,Anay
1,Andan
1,Anden
1,Ander
13,Anders
8,Anderson
1,Anderson-Junior
3,Andi
1,Andikan
16,Andre
7,André
9,Andreas
1,Andree
3,Andrei
4,Andres
1,Andreus
85,Andrew
1,Andrew-James
5,Andrey
10,Andy
1,Aneeq
1,Anees
17,Angad
1,Angadbir
1,Angadveer
1,Angadvir
4,Angel
1,Angello
12,Angelo
8,Angus
1,Aniekan
1,Anik
1,Aniket
1,Anikin
1,Anis
1,Anish
1,Aniv
1,Anjan
1,Anjas
1,Anjolaoluwa
3,Anmol
1,Anomaus
1,Anpan
2,Ansel
2,Ansh
1,Anshbir
1,Anshiv
9,Anson
71,Anthony
1,Antin
2,Antoine
6,Anton
1,Antoni
1,Antonino
12,Antonio
1,Antonio-Cris
3,Antony
1,Antwone
1,Anubhav
1,Anuj
1,Anuoluwa
1,Anurag
1,Anveer
3,Anwar
1,Anyar
1,Anze
1,Anzo
1,Aodhfin
1,Aonghus-John
1,Aozei
1,Aqil
1,Araav
1,Arad
1,Araf
3,Aram
1,Aran
1,Ararso
1,Aras
3,Arash
1,Arav
1,Arbaaz
1,Arbor
1,Archelaus
36,Archer
1,Archibald
5,Archie
1,Archit
1,Arda
4,Arden
1,Ardian
1,Ardie
1,Areeb
1,Aren
1,Arero
5,Ares
1,Arfeen
1,Argun
1,Argyle
2,Arhaan
6,Arham
1,Arhan
1,Arhum
17,Ari
4,Arie
1,Ariel
2,Aries
1,Arif
1,Arin
1,Arindama
1,Arion
2,Aris
1,Aristotle
2,Arius
1,Ariyaan
1,Ariz
3,Arjan
2,Arjay
1,Arjon
23,Arjun
1,Arjundeep
1,Arkan
1,Arken
1,Arkin
1,Arland
1,Arlen
18,Arlo
7,Armaan
4,Arman
3,Armando
1,Armeet
5,Armin
1,Armindeep
11,Arnav
1,Arne
1,Arnel
1,Arnie
1,Arold
6,Aron
2,Arpit
1,Arran
1,Arren
1,Arridius
1,Arron
2,Arrow
1,Arsalan
1,Arsames
1,Arsany
2,Arsenio
1,Arseniy
2,Arshaan
1,Arsham
2,Arshan
1,Arshdeep
1,Arshvir
3,Arson
1,Art
1,Artavious
1,Arte
1,Artem
2,Arth
1,Arther
33,Arthur
1,Arthur-Levi
1,Artin
1,Artom
1,Artorias
1,Arturo
2,Artyom
1,Arven
1,Arvin
2,Arwin
3,Arya
2,Aryaan
18,Aryan
1,Aryash
1,Aryen
1,Aryk
1,Aryn
4,Asa
1,Asad
1,Asael
1,Asahi
1,Asante
1,Aseel
1,Aser
4,Ash
1,Ashar
1,Asharfdev
1,Ashaw
1,Ashbie
106,Asher
1,Asher-Thomas
3,Ashraf
1,Ashrit
1,Ashrith
42,Ashton
1,Ashty
1,Ashtyn
2,Ashur
1,Ashwanth
1,Ashwin
1,Ashwolfe
1,Aslam
1,Asmerom
1,Aspen
1,Aspynn
1,Asriel
1,Assad
2,Aston
1,Atakhan
1,Atal
1,Ataul-Hadi
1,Athan
2,Athanasios
1,Athanasius
2,Atharv
1,Athren
1,Atílio
1,Atish
11,Atlas
1,Atlin
2,Atreyu
1,Atta-ul
21,Atticus
1,Atwer
2,Auden
1,Audrell
10,August
1,Augustin
3,Augustine
6,Augustus
1,Aurel
1,Auric
1,Aurion
3,Austen
108,Austin
1,Auston
2,Austyn
1,Autzlee
1,Avaneesh
1,Avard
3,Aveer
1,Aveesh
1,Avelysen
1,Aven
1,Averaj
1,Averi
30,Avery
3,Avi
1,Avideep
1,Avijot
1,Avik
1,Avilash
1,Avin
1,Avinab
8,Aviraj
1,Aviram
1,Avish
1,Avison
1,Avitaajveer
1,Avitaj
1,Avitej
1,Avivansh
2,Avondre
2,Avory
1,Avraaj
1,Avraham
4,Avraj
2,Avram
1,Avry
1,Avshaan
1,Avtar
1,Avyaan
1,Avyan
2,Awab
1,Awalgak
1,Awande
23,Axel
2,Axil
9,Axl
4,Axle
1,Axll
1,Axtion
11,Axton
1,Axtyn
1,Axum
2,Axyl
21,Ayaan
1,Ayaansh
1,Ayad
5,Ayan
1,Ayanle
1,Ayansa
1,Ayansh
1,Aydden
30,Ayden
1,Ayden-Alexander
7,Aydin
1,Ayham
1,Aylan
6,Ayman
1,Aynan
1,Ayodeji
4,Ayomide
1,Ayomikun
1,Ayo-Oluwa
8,Ayoub
1,Ayro
1,Ayron
2,Ayrton
4,Ayub
1,Ayun
2,Ayush
1,Ayushman
1,Ayuub
1,Ayyan
1,Ayyub
1,Azaad
1,Azaan
2,Azaiah
5,Azariah
1,Azariel
1,Azat
1,Azeem
1,Azhaan
1,Azhar
1,Azhton
1,Azia
1,Azic
1,Aziz
2,Azlaan
1,Azlan
1,Azmund
2,Azrael
1,Azréal
1,Azzam
2,Baaz
1,Babila
1,Badr
1,Bahadir
1,Bahram
1,Baivab
3,Baker
1,Baktash
1,Balaaj
1,Baldwin
1,Bale
1,Balian
1,Baljot
1,Balkaran
1,Balnake
1,Balraj
2,Bane
1,Banks
1,Banny
1,Banx
1,Baptiste
2,Baraa
1,Barack
2,Baraka
1,Baran
1,Barclay
1,Barend
1,Barett
1,Barna
1,Barnaby
2,Baron
19,Barrett
1,Barrick
1,Barron
2,Barry
1,Basel
1,Basem
1,Basil
1,Basim
2,Bassam
1,Bastiaan
2,Bastian
3,Bauer
1,Bay
2,Bayne
1,Bayou
1,Baze
1,Bear
1,Bearett
2,Bearyn
40,Beau
1,Beauden
3,Beck
3,Beckam
4,Beckem
1,Becket
48,Beckett
12,Beckham
1,Beckson
1,Beeka
1,Behram
1,Behzad
1,Beka
1,Bekr
1,Belal
1,Bellamy
20,Ben
1,Benaiah
9,Benedict
1,Benherd
1,Beniah
1,Benicio
1,Benito
1,Benjamen
222,Benjamin
1,Benjamin-Richard-Claude
1,Benjamin-Zen-Finnagin
1,Benji
3,Bennet
82,Bennett
1,Bennie
11,Benny
1,Bennyson
1,Benoit
1,Benry
24,Benson
1,Bensyn
64,Bentley
2,Bently
4,Benton
1,Bentryx
1,Benyamin
1,Benzi
1,Berch
1,Berechiah
2,Bereket
1,Bergen
1,Berkeley
1,Berket
3,Berkley
4,Bernard
1,Bernhard
1,Bevin
1,Bexlen
1,Bexsyn
2,Bexton
1,Bexzen
1,Bhavnoor
1,Bhavtej
1,Bikram
2,Bilaal
5,Bilal
1,Bilal-Yusuf
1,Bill
1,Billal
2,Billy
1,Binson
1,Birch
2,Birk
1,Biro
1,Biruk
1,Bishar
1,Bishmeet
6,Bishop
1,Bishoy
1,Bismaad
1,Bivain
1,Blaicen
2,Blaine
5,Blair
2,Blaise
1,Blaize
83,Blake
2,Blayde
4,Blaze
1,Blaze-Kristoffer
1,Bledion
2,Blessing
2,Blue
10,Bo
1,Boaden
1,Boadie
3,Boaz
4,Bobby
3,Bode
1,Bodee
3,Boden
19,Bodhi
2,Bodi
4,Bodie
1,Boe
1,Boedi
1,Bogdan
1,Bohdan
1,Bon
1,Boniface
1,Bonsaa
1,Booker
3,Boone
1,Borhan
2,Boris
2,Borna
1,Borys
2,Bosco
12,Boston
1,Bostyn
1,Boubacar
1,Bourne
1,Bow
1,Bowe
12,Bowen
2,Bowie
1,Boxuan
1,Boyce
2,Boyd
1,Bracken
1,Brad
1,Braddax
7,Braden
1,Bradford
1,Bradie
21,Bradley
39,Brady
1,Bradyn
4,Braeden
2,Braedy
1,Braedyn
1,Brahim
1,Brahm
3,Braiden
1,Braison
4,Bram
1,Bran
1,Branden
32,Brandon
5,Brandt
1,Brandtley
1,Brandtly
1,Brandyn
1,Branko
7,Branson
4,Brant
1,Brantcyn
14,Brantley
1,Brashdon
1,Braulio
1,Bravyn
1,Braxden
1,Braxdyn
1,Braxen
2,Braxson
1,Braxten
22,Braxton
2,Braxtyn
1,Bray
53,Brayden
1,Braydin
4,Braydon
1,Braylee
1,Braylen
1,Braylon
1,Braysin
1,Brayson
1,Brayzen
1,Breac
1,Breck
2,Brecken
1,Bree
1,Breken
1,Brekken
1,Brekker
1,Breksten
10,Brendan
5,Brenden
1,Brendon
1,Brenen
6,Brennan
1,Brennen
1,Brenner
1,Brent
1,Brenton
4,Breton
11,Brett
1,Breyer
1,Breyston
1,Briac
22,Brian
3,Brice
1,Bridger
5,Briggs
1,Brigham
4,Brighton
1,Brigston
1,Briley
1,Brimond
1,Britt
1,Britton
1,Brix
1,Brixon
1,Brixsen
5,Brixton
1,Broady
3,Broc
21,Brock
2,Broden
1,Broderick
1,Brodey
1,Brodi
10,Brodie
1,Brodwin
78,Brody
1,Brodyn
4,Brogan
1,Brolin
1,Broly
1,Bromley
8,Bronson
1,Bronsyn
1,Bronx
1,Brooklyn
14,Brooks
1,Broxton
1,Broxx
13,Bruce
1,Bruin
3,Bruno
1,Bry
12,Bryan
2,Bryant
13,Bryce
6,Brycen
5,Bryden
1,Brydon
1,Bryen
2,Bryer
1,Bryk
1,Brylen
1,Brynn
4,Brysen
16,Bryson
1,Bryxton
1,Burak
1,Burhan
1,Burhanuddin
1,Burk
3,Burke
1,Burkleigh
1,Burkley
2,Byron
1,C.J.-Ryder
1,Cabryn
1,Cache
1,Cadden
13,Cade
1,Cadel
12,Caden
1,Cadence
1,Cadmon
2,Caeden
1,Caedon
4,Cael
3,Caelan
1,Caelium
1,Caelix
2,Caellum
2,Caelum
1,Caetano
1,Cage
1,Cahlym
1,Cai
1,Caid
11,Caiden
2,Caige
1,Cailean
7,Cain
2,Caine
1,Caique
4,Cairo
10,Caius
1,Calbert
12,Calder
1,Cale
117,Caleb
1,Caledon
1,Caleen
1,Calem
1,Calen
2,Calix
1,Callahan
3,Callan
9,Callen
1,Callias
1,Callings
1,Calloway
26,Callum
1,Calry
5,Calum
1,Calvert
24,Calvin
1,Calyx
1,Cam
18,Camden
1,Camdyn
1,Camelon
55,Cameron
2,Camilo
5,Campbell
1,Camren
2,Camron
3,Canaan
2,Cannon
1,Caolan
1,Caolán
1,Caprio
7,Carl
1,Carl-Asriel
1,Carlen
1,Carleton
1,Carlin
13,Carlos
2,Carmine
1,Caron
1,Carrick
4,Carsen
1,Carsin
70,Carson
3,Carsten
1,Carstin
1,Carsyn
189,Carter
1,Carter-James
1,Carver
1,Carvie
1,Cary
2,Case
1,Casen
19,Casey
15,Cash
2,Cashel
1,Cashes
1,Cashis
2,Cashius
1,Cashtin
6,Cashton
7,Cason
3,Casper
2,Caspian
1,Caspin
1,Cass
7,Cassius
1,Casten
6,Castiel
2,Castor
1,Caulin
2,Cayde
9,Cayden
1,Caydence
1,Caydin
1,Caylum
1,Cayman
1,Cayne
1,Caysin
3,Cayson
1,Caystin
1,Cayven
4,Cecil
3,Cedar
5,Cedric
1,Cédric
2,Cedrick
1,Cédrik
1,CeeJay
1,Celal
1,Cenzen
1,Cephas
1,Cesar
1,César
5,Chace
5,Chad
2,Chael
1,Chahine
1,Chain
1,Chamberlain
1,Chan
9,Chance
1,Chander
5,Chandler
1,Chanhee
1,Channing
1,Chantz
1,Chanud
1,Chanze
1,Charbel
65,Charles
1,Charles-Louis
1,Charleston
2,Charley
46,Charlie
1,Charlton
57,Chase
1,Chasen
1,Chaseton
1,Chason
1,Chayce
1,Chayse
1,Chayton
1,Chaz
1,Chedree
1,Cheikh
1,Chelston
1,Chen
1,Chenhuan
1,Chenran
1,Chenyi
1,Chester
5,Chet
2,Chett
1,Chetwin
1,Cheveer
3,Chevy
1,Cheyton
1,Chibuikem
1,Chima
1,Chimebuka
1,Chimsunum
1,Chimuebuka
1,Chinedu
1,Chinezimuzo
1,Chinonso
1,Chinualum
1,Chip
1,Chirag
1,Chisimdi
1,Choegyal
1,Chozeh
7,Chris
1,Chrisander
1,Chrisker
1,Christer
1,Christ-Hanan
50,Christian
1,Christiano
1,Christien
1,Christin
1,Christofer
1,Christoff
51,Christopher
1,Chriswin
1,Chriszyron
1,Chuol
6,Cian
3,Ciaran
1,Ciarán
1,Cieran
1,Cihan
4,Cillian
1,Cimran
1,Cisman
2,CJ
1,Clancy
1,Clarence
21,Clark
3,Clarke
2,Claude
1,Claude-Francis
1,Claudiu
7,Clay
1,Clayten
12,Clayton
1,Clem
1,Clifflen
3,Clifford
1,Clint
7,Clinton
1,Clive
2,Clyde
1,Cobin
1,Coby
20,Cody
1,Codyn
11,Coen
2,Cohan
55,Cohen
1,Cohin
1,Coho
1,Cohvin
1,Cohyn
1,Colbin
14,Colby
82,Cole
1,Coleson
4,Coleton
18,Colin
5,Collin
1,Collman
1,Colm
1,Colsen
3,Colson
2,Colston
17,Colt
7,Colten
2,Colter
46,Colton
1,Conain
3,Conall
3,Conan
1,Conlan
1,Conley
12,Conner
127,Connor
3,Conor
5,Conrad
1,Constantine
2,Conway
72,Cooper
2,Corben
26,Corbin
3,Corbyn
2,Cordell
3,Corey
1,Corin
1,Corlan
7,Cormac
1,Cornelius
2,Corney
8,Corny
1,Cort
1,Corvin
1,Corvyn
2,Corwin
7,Cory
1,Cosner
1,Costen
1,Coulson
2,Coulter
1,Couper
1,Courtez
4,Cove
1,Covex
1,Covey
1,Coyne
2,Craig
1,Crawford
1,Creed
1,Creeden
3,Creedence
1,Creedon
1,Creesean
2,Creeson
1,Creighton
1,Cresencio
3,Crew
1,Crewe
1,Crimson
4,Cristian
2,Cristiano
1,Cristopher
1,Crixus-Kane
1,Cronus
12,Crosby
1,Crosson
2,Cru
4,Crue
27,Cruz
2,Cruze
1,Crys-Jayel
1,Crystian
15,Cullen
1,Culley
10,Curtis
1,Cutter
1,Cuyler
1,Cvet
1,Cy
1,Cyirus
2,Cylas
3,Cylus
1,Cypress
1,Cypress-Allan
1,Cyprian
1,Cyrian
1,Cyron
9,Cyrus
1,Cyusa
1,Czikiel
1,Daberechukwu
1,Daeclan
1,Daelen
5,Daemon
1,D'Aemyn
1,Daeson
1,Dagaba
1,Dagm
1,Dagmawi
1,Dahir
1,Daigen
1,Dainen
1,Daiwik
1,Dakila
6,Dakota
1,Daksh
1,Dale
1,Dalha
1,Dalil
2,Dallan
19,Dallas
2,Dallen
2,Dallin
1,Dallon
8,Dalton
1,Daman
3,Damen
28,Damian
1,Damiao
27,Damien
1,Damien-Cade
1,Damilola
4,Damion
16,Damon
3,Dan
1,Dana
1,Dandrae
1,D'Andrei
13,Dane
1,Danela
1,D'Angelo
3,Dani
1,Danial
1,Danic
150,Daniel
1,Daniel-Blake
1,Daniil
1,Danil
3,Danilo
3,Danish
5,Daniyal
1,Daniyel
1,Dan-Louis
1,Dannis
1,Dannon
5,Danny
1,Dantay
22,Dante
2,Danton
1,Dany
1,Dao
1,Daoud
1,Daouda
1,Dapo
1,Darby
1,Darcen
3,Darcy
1,D'Arcy
1,Darcyn
1,Darell
1,Darhian
6,Darian
3,Darien
1,Dario
2,Darion
1,Dariosh
13,Darius
1,Darius-Nicholas
3,Darnell
1,Darrein
1,Darrell
11,Darren
1,Darrian
1,Darrin
1,Darrius
3,Darryl
1,Dars
1,Darsh
1,Darsyn
3,Darwin
3,Daryl
1,Daryn
1,Daryus
3,Dash
1,Dashel
1,Dashiel
1,Dastan
1,Dathatreyan
1,Datsun
1,Daud
1,Dave
1,Daveed
1,DaveGracious
2,Davian
116,David
1,David-Micheal
1,Davids
2,Davies
1,Davik
6,Davin
12,Davis
1,Davjot
1,Davrik
1,Davud
1,Davyd
1,Davyn
2,Dawit
1,Dawood
1,Dawsen
42,Dawson
33,Dax
1,Daximus
6,Daxon
1,Daxson
1,Daxten
1,Daxtin
31,Daxton
2,Daxtyn
3,Daxx
1,Daya
1,Dayan
4,Daylan
5,Daylen
3,Daylin
2,Daylon
1,Daymin
1,Dayson
8,Dayton
1,Deacan
20,Deacon
1,Deah
2,Deakon
1,Deakyn
18,Dean
2,Deandre
1,Deandrei
1,Dean-Mitchell
1,Debarjun
1,Debjit
1,Decclan
1,Dech
5,Decker
87,Declan
1,Decland
1,Declyn
1,Deecon
8,Deegan
1,DeeJay
1,Deejay
1,Deep
1,DeForrest
1,Dejon
1,Dekkar
1,Dekker
8,Deklan
1,Deklen
3,Deklin
3,Deklyn
1,D'Eklyn
1,Dela
1,Deland
2,Delano
1,Delbert
1,Delin
2,Demarius
1,Demetrious
2,Demetrius
3,Demilade
1,Demilola
1,Demrick
1,Denali
3,Deng
1,Denham
4,Denis
1,Denman
1,Den-Mark
1,Dennett
4,Dennis
1,Denny
1,Denric
1,Denten
1,Denton
8,Denver
1,Denys
6,Denzel
1,Denzworth
1,Deo
5,Deon
1,Dereck
21,Derek
1,Derick
2,Derik
1,Dermot
1,Derrek
5,Derrick
1,Deryk
1,Desard
1,Deshawntay
13,Desmond
1,Detroit
4,Dev
1,Devan
1,Devansh
9,Devin
1,Devjot
1,Devlin
15,Devon
1,Devrim
1,Devyank
1,Dex
14,Dexter
1,Dextin
1,Dexyn
2,Dezmond
1,Dezron
1,Dezus
1,Dhanbeer
1,Dhanish
1,Dhanush
1,Dharamveer
1,Dhari
1,Dhiaan
2,Dhiraj
1,Dhruva
2,Dhyan
1,Dhyian
1,Dialan
1,Diamant
1,Diamond
1,Dian
1,Diart
1,Didar
1,Diederik
2,Diedrich
1,Diedrick
6,Diego
1,Dieken
1,Dierks
1,Dieter
1,Dietrich
1,Dieu
1,Diezel
1,Digory
1,Diljaan
1,Diljodh
2,Dillan
1,Dillion
4,Dillon
1,Dilon
1,Dilraj
1,Dilraz
1,Dilsher
1,Dilwan
5,Dimitri
1,Dimitrios
1,Dimitry
2,Ding
2,Dion
1,Diondre
1,Dionysios
1,Diosua
3,Dirk
1,Diu
1,Divik
1,Divit
1,Divjot
1,Divkaran
2,Dixon
1,Diyaa'
1,Diyon
1,DJ
1,Dmitri
1,Dmitrii
1,Dmitriy
1,Dmytri
1,Domenic
1,Domenick
3,Domenico
94,Dominic
12,Dominick
12,Dominik
2,Dominique
1,Domnick
2,Don
8,Donald
2,Donavan
1,Donavon
1,Dongjue
1,Donnie
10,Donovan
1,Dontavin
7,Dorian
2,Douglas
1,Drace
1,Draede
1,Draeden
1,Draeven
1,Draiden
9,Drake
4,Draven
1,Draxton
8,Drayden
2,Drayson
1,Draytin
1,Drayton
1,Dreamz
1,Dreighton
1,Dren
1,Dre-Quan
1,Dresden
21,Drew
1,Drey
1,Dreycen
1,Dreyco
1,Dreydan
1,Dreyden
1,Dreyton
1,Dreyven
1,Drezen
1,Drezus
1,Drigo
1,Drin
1,Drinnon
1,Driton
3,Dryden
1,Dtrick
1,Duale
1,Dubem
13,Duke
10,Duncan
2,Dursa
8,Dustin
1,Dwain
2,Dwayne
1,Dwight
1,Dwyane
1,Dyer
1,Dyhlan
80,Dylan
1,Dylen
1,Dyris
1,Dyson
3,Eamon
3,Eamonn
1,Earl
5,Eason
1,Easten
1,Eastin
75,Easton
3,Eastyn
1,Eathan
1,Eathyn
1,Eaton
1,Eben
3,Ebenezer
2,Edan
7,Eddie
1,Eddisen
1,Eddison
3,Eddy
1,Edelber
1,Edelson
1,Edem
2,Eden
1,Ed-Eythan
1,Edi
1,Edin
1,Ediomo
6,Edison
1,Edley
1,Edmond
3,Edmund
1,Edom
1,Edosa
1,Edriel
1,Edson
1,Eduardo
1,Edvier
28,Edward
1,Edward-Gabriyel
15,Edwin
1,Edwyn
1,Edziel
2,Eemaan
1,Eero
4,Eesa
1,Eesah
1,Efandavis
1,Efosa
1,Efren
1,Egon
1,Egor
1,Ehaan
1,Ehdrian
1,Eiron
1,Eisenhower
1,Eithan
1,Eiyas
1,Ejoon
5,Ekam
2,Ekamjot
1,Ekampreet
1,Eknoor
1,Elam
1,Elan
1,Eldad
2,Elder
2,Eldon
1,Eldrich
86,Eli
4,Eliab
1,Eliam
2,Elian
53,Elias
4,Elie
2,Eliel
1,Elija
82,Elijah
1,Elijahdhol
1,Elijh
1,Elijiah
3,Eliot
7,Elisha
1,Eliud-Ephrem
1,Eliya
1,Elizear
1,Elizier
1,Elkin
1,El-Levi
1,Ellias
1,Elliiot
1,Ellijah
42,Elliot
1,Élliot
24,Elliott
24,Ellis
2,Elmer
1,Elmi
1,Elnatan
3,Elnathan
1,Elnathan-Jairus
2,Elroi
1,Elroy
2,Elvin
3,Elvis
1,Elwood
1,Elyas
1,Elysha
2,Emaad
1,Emaan
2,Emad
1,Emanuele
1,Emerens
4,Emeric
1,Emerick
1,Emersen
41,Emerson
1,Emersyn
9,Emery
2,Emeryk
2,Emett
1,Emi
3,Emil
1,Emile
5,Emiliano
5,Emilio
1,Emit
1,Emitt
23,Emmanuel
1,Emmaus
1,Emmerson
7,Emmet
110,Emmett
1,Emmette
1,Emmeytt
4,Emmit
9,Emmitt
1,Emmytt
1,Emnet
2,Emran
1,Emre
1,Emreh
1,Emrick
1,Emrik
2,Emry
3,Emrys
2,Ender
2,Enes
1,Eniade
1,Enis
1,Enki
4,Enoch
1,Enock
1,Enrico
6,Enrique
1,Ensio
1,Enthani
1,Enver
13,Enzo
1,Eoin
2,Ephraim
1,Ephram
1,Erel-Azriel
1,Eren
1,Eriän
49,Eric
1,Éric
5,Erick
22,Erik
1,Erin
1,Erish
1,Erko
1,Ernest
1,Ernesto
3,Ernie
1,Eron
3,Errol
1,Eruera
1,Ervin
2,Erwin
2,Eryk
1,Esa
1,Esey
3,Eshaan
1,Eshan
1,Esko
1,Esmond
1,Espen
1,Esrom
1,Essa
1,Essam
1,Essey
1,Essien
1,Esteban
1,Estefano
1,Estevan
1,Estiven
233,Ethan
1,Ethaníel
1,Ethyn
1,Étienne
1,Etinosa
4,Euan
2,Eugene
1,Eurik
82,Evan
7,Evander
1,Evannder
2,Evans
3,Everest
56,Everett
1,Everin
1,Everitt
1,Everly
1,Eversen
1,Evin
1,Evitt
3,Evren
2,Evrett
1,Evyn
1,Evyns
1,Evzan
1,Ewaen
16,Ewan
1,Ewen
5,Eyad
1,Eyakequehum
1,Eyasu
2,Eyden
1,Eymen
1,Eyob
2,Eyoel
1,Eyosias
1,Eyosiyas
1,Eyseth
1,Eyuel
1,Ezechiel
1,Ezekial
30,Ezekiel
2,Ezio
58,Ezra
2,Ezrah
1,Ezrah-Micaiah
1,Ezren
1,Faaz
3,Fabian
1,Facundo
1,Fadi
2,Fadil
3,Fahad
1,Fahim
1,Faisal
1,Faizan
1,Falko
1,Falmata
1,Faolan
1,Farai
1,Fareed
1,Fares
1,Farhaad
3,Farhan
1,Farhan-Aly
1,Farhat
4,Faris
1,Farsan
1,Farukh
1,Faruq
1,Faruqi
1,Farzan
13,Fateh
1,Fatehbir
2,Fatehveer
1,Fatih
1,Fausten
1,Fawad
1,Fayez
1,Fayzanali
1,FC
1,Feenix
1,Felipe
42,Felix
1,Félix
1,Fell
1,Fénix
1,Fenton
1,Fenway
1,Feodor
1,Ferdinand
1,Ferdous
1,Fereza-Mfaume
3,Fergus
1,Ferguson
2,Fernando
1,Ferox
1,Feroz
1,Fidel
1,Filip
1,Filip-Samuel
1,Fimifoluwa
1,Finan
1,Finass
1,Finch
1,Findlay
1,Findley
9,Finlay
29,Finley
44,Finn
7,Finnegan
1,Finneus
2,Finnick
4,Finnigan
1,Finnin
15,Finnley
1,Finnton
1,Fintan
2,Fionn
1,Fionnius
1,Fionnlagh
1,Firdous
3,Fischer
5,Fisher
1,Fisk
1,Fiskani
1,Fitz
1,Fitzgerald
1,Fiyinfoluwa
13,Fletcher
3,Flint
2,Floyd
1,Flyin
9,Flynn
1,Fnan
1,Forbes
4,Ford
2,Forest
1,Forest-Jones
4,Forrest
1,Fortress
6,Foster
2,Fouad
3,Fox
1,Foxton
2,Francesco
15,Francis
1,Francisco
4,Franco
1,Franiel
12,Frank
5,Frankie
7,Franklin
1,Frantee
11,Franz
3,Fraser
1,Frasier
1,Frazer
1,Fred
6,Frederick
3,Fredrick
2,Fredrik
1,Fredryck
1,Freeman
1,Friedrich
1,Fron
1,Frotan
1,Fryderyk
5,Fynn
1,Fynnley
4,Gabe
1,Gaberiel
172,Gabriel
1,Gabriel-Daniel
2,Gabriele
1,Gabrielfox
1,Gabriell
1,Gabrielle
1,Gabril
1,Gabryel
1,Gaddiel
1,Gaelan
37,Gage
2,Gaige
1,Gaius
1,Gajel
2,Galata
1,Gale
1,Gallagher
1,Gallifrey
1,Galvin
4,Gannon
1,Garak
2,Garang
3,Gareth
1,Garin
1,Garner
1,Garnet
1,Garnett
1,Garret
12,Garrett
1,Garrett-Elijah
1,Garrick
3,Garrison
2,Garth
1,Garvir
2,Gary
1,Gatan
1,Gatlin
1,Gauge
1,Gaurav
1,Gaven
1,Gavenveer
95,Gavin
1,Gavriel
1,Gavril
5,Gavyn
1,Gaya
1,Gearóid
1,Genki
1,Gennaro
1,Geno
2,Geoffrey
1,Geordie
47,George
2,Georges
3,Gerald
2,Gerard
1,Gerhard
1,Gerhardus
1,Gerik
1,Geron
1,Gershom
1,Gervin
1,Ghaleb
2,Ghali
1,Ghazi
1,Ghiath
1,Gia
9,Gian
2,Giancarlo
1,Gianfranco
1,Gian-Lucca
1,Giann
1,Gibran
2,Gibson
12,Gideon
1,Gierhard
1,Gift
1,Gil
5,Gilbert
1,Gilead
2,Gino
1,Gioele
2,Giovani
6,Giovanni
1,Giriraj
1,Gitan
1,Gitansh
2,Gitaz
1,Gjergj
1,Glarrence
1,Glen
1,Glenford
1,Glory
1,Goanhari
2,Godwin
1,Golden
1,Gonish
1,Gorden
1,Gordie
6,Gordon
1,Gory
2,Gotham
1,Goutham
1,Govinder
1,Gracen
26,Grady
1,Grae
1,Graeden
2,Graeme
1,Graeson
14,Graham
1,Grainger
10,Grant
1,Grason
3,Gray
1,Graycen
4,Grayden
1,Graydon
1,Graylon
1,Graynger
1,Grayor
4,Graysen
122,Grayson
1,Graziano
1,Gregg
5,Gregory
1,Gresham
7,Grey
1,Greyden
1,Greylin
3,Greysen
1,Greysin
42,Greyson
1,Greysson
1,Griffen
48,Griffin
1,Griffyn
1,Guillaume
1,Guled
1,Guleid
1,Gulzar
1,Gunkar
14,Gunnar
14,Gunner
1,Gunny
1,Guolin
1,Guransh
1,Gurasees
1,Guravtar
1,Gurbaaj
1,Gurbaaz
1,Gurdidar
1,Gurdit
1,Gurditt
1,Gurditta
8,Gurfateh
1,Gurjaap
2,Gurjap
1,Gurjazz
2,Gurjot
1,Gurkeerat
1,Gurkirat
2,Gurman
1,Gurmanjit
1,Gurmilap
1,Gurnadar
1,Gurnek
6,Gurnoor
1,Gurparshad
1,Gurpreet
1,Gurraj
1,Gursahaj
2,Gursahib
3,Gursehaj
1,Gursevak
1,Gursewak
3,Gurshaan
2,Gurshan
6,Gurtaj
1,Gurtaz
1,Gurtej
2,Gurvansh
3,Gurveer
7,Gus
1,Gustaf
1,Gustave
1,Gutu
1,Gwaine
1,Gwyn
1,Gyansh
1,Gyeongwon
1,Habeel
1,Haben
3,Hadden
1,Haddon
8,Hadi
3,Hadley
1,Hadrami
1,Hadrian
1,Hadyn
1,Haedyn
1,Haemes
1,Haestin
1,Hafi
1,Hageez
1,Haggai
1,Haidar
2,Haiden
3,Haider
1,Hajun
3,Halen
1,Halim
1,Hallston
1,Halsten
2,Hamdan
3,Hamdi
2,Hamilton
2,Hamish
1,Hammaad
1,Hamse
30,Hamza
1,Hamza'
2,Hamzah
1,Han
1,Hanad
1,Hanif
3,Hank
1,Hanns
3,Hans
2,Hansel
1,Hanson
1,Hany
1,Hao
1,Haram
1,Harbaj
1,Hardam
1,Harden
1,Hardin
2,Hardit
3,Hardy
2,Hargun
1,Hargun-Singh
1,Haris
2,Harish
2,Harjaap
3,Harjap
3,Harjas
1,Harjeev
1,Harjiyo
1,Harjot
2,Harlan
1,Harlem
3,Harlen
1,Harlend
8,Harley
3,Harlin
1,Harlon
1,Harlow
1,Harm
3,Harman
1,Harnaam
1,Harnidh
1,Harniwaz
1,Harnoor
5,Harold
1,Haron
2,Haroun
2,Harper
1,Harrell
6,Harris
55,Harrison
7,Harry
1,Harsahej
1,Harsha
1,Harshaan
1,Harshabad
1,Harshiv
1,Harsimarjit
1,Hartaz
1,Hartley
1,Harveer
16,Harvey
1,Harvie
6,Hasan
1,Hashem
4,Hashim
1,Hashim-Odin
2,Hashir
1,Hasnain
10,Hassan
1,Hatcher
2,Hatim
1,Haumi
1,Haundo
3,Haven
1,Havik
1,Havley
1,Havok
1,Hawk
2,Hawkins
4,Hawksley
1,Hawthorne
1,Haxton
1,Hayaan
1,Hayaansinh
1,Hayan
78,Hayden
2,Hayder
2,Haydon
7,Hayes
1,Haynes
1,Hayse
1,Haytham
1,Haythandoh
1,Hayu
1,Hayze
1,Hayzen
3,Haze
1,Hazen
1,Hazim
11,Heath
1,Heathcliff
2,Heaven
4,Hector
1,Heera
3,Heinrich
2,Helix
2,Helo
1,Hemingway
1,Henderson
6,Hendrick
1,Hendricks
5,Hendrik
2,Hendrikus
21,Hendrix
1,Hendrixx
1,Henk
5,Henley
1,Hennessey
1,Hennessy
2,Henos
7,Henri
2,Henrick
4,Henrik
120,Henry
2,Henryk
1,Henzo
1,Heritté-Benoit
1,Herkus
2,Herman
2,Hero
1,Herschel
1,Hesed
1,Hessan
3,Heston
1,Hewal
1,Hexten
1,Heyan
2,Hezekiah
1,Higgs
1,Hikaru
1,Hiker
1,Hiller
1,Himmat
1,Hin
1,Hinandjo
1,Hirdayjeet
2,Hiro
1,Hiyab
1,Hogan
1,Hoiden
23,Holden
1,Holdyn
3,Hollis
2,Holt
2,Holten
1,Holton
1,Holy
1,Homan
1,Hon
1,Hongji
1,Hongrui
1,Hongyi
1,Horata
1,Horatio
1,Hosayah
1,Hosea
1,Hossam
2,Hossein
1,Houssein
3,Houston
2,Howard
1,Howman
1,Hoxley
1,Hreet
1,Hrehaan
1,Hrihan
1,Huaixi
1,Hubert
2,Huck
1,Hucksley
1,Hud
1,Hudheifa
1,Hudsen
162,Hudson
7,Hugh
19,Hugo
1,Hukam
1,Hukambir
1,Humayd
1,Humberto
1,Humza
1,Hunar
1,Hunde
1,Hunt
182,Hunter
1,Hunvansh-Singh
1,Huon
1,Husain
3,Hussain
8,Hussein
2,Hussien
1,Hux
18,Huxley
1,Huxton
3,Huzaifa
1,Hyal
1,Hyde
1,Hydin
1,Hyrum
1,Iacen
1,Iain
1,Ial
41,Ian
1,Iann
1,Ibraahim
6,Ibraheem
29,Ibrahim
1,Ibrahima
1,Ibrahim-Yasser
1,Ibreez
1,Ibukunoluwa
1,Icarus
1,Iden
1,Idir-Zak
1,Idowu
1,Idreese
6,Idris
1,Idriss
1,Ifemide
2,Ifeoluwa
1,Igloiel
1,Ignacio
1,Ignacy
1,Ignatius
1,Ihsan
2,Ike
1,Ikedi
2,Ikenna
1,Iker
1,Ikraam
1,Il
1,Ilan
1,Ilijah
1,Ilikai
1,Iliyan
1,Ily
2,Ilya
1,Ilyaas
8,Ilyas
1,Ilyès
2,Imaan
6,Immanuel
11,Imran
1,Imrane
1,Imroz
1,Inder
1,Inderveer
2,Indiana
2,Indigo
1,Indus
2,Indy
1,Iñigo
1,Inioluwa
1,Innis
1,Inz
1,Ioannes
1,Iorek
1,Ioseph
4,Ira
1,Iremide
1,Ireoluwa
2,Irfan
1,Irfon
1,Irichson
1,Irving
1,Isa
108,Isaac
1,Isaack
8,Isaak
2,Isaaq
67,Isaiah
1,Isak
2,Isam
4,Ishaan
1,Ishaanveer
2,Ishaq
1,Ishar
1,Isharveer
1,Ishchet
1,Ishmael
1,Ishmehar
1,Ishvarpreet
3,Isiah
1,Isidro
1,Iskander
1,Islamudin
1,Ismaeel
6,Ismael
5,Ismail
6,Israel
3,Issa
5,Issac
1,Issam
1,Issa-Tijane
1,Ithiel
23,Ivan
1,Ivar
2,Iven
5,Iver
2,Ivor
1,Iwinosa
1,Iyanuoluwa
1,Iyden
1,Izaac
2,Izaak
1,Izaia
4,Izaiah
2,Izak
1,Izayah
1,Izhan
1,Izic
1,Izyan
1,J.W.
1,Jaafar
1,Jaakob
1,Jaams
2,Jaan
2,Jabari
1,Jabrel
70,Jace
1,Jace-Sagesse
1,Jachin
1,Jaci
172,Jack
1,Jackie
156,Jackson
1,Jack-William
186,Jacob
1,Jacobe
5,Jacobi
1,Jacob-Mathew
1,Jacobus
3,Jacoby
1,Jacovie
1,Jacson
8,Jad
1,Jada
2,Jade
23,Jaden
1,Jader
1,Jadeyn
5,Jadon
1,Jaduan
2,Jaece
1,Jaeci
2,Jaeden
1,Jaedon
4,Jaeger
1,Jaekob
1,Jaeret
1,Jaeven
1,Jager
4,Jagger
1,Jagmeet
2,Jagraj
1,Jagtesh
1,Jahaan
1,Jahdaini
1,Jahlil
1,Jahmaar
1,Jahmar
1,Jahvaryx
3,Jai
1,Jaibir
1,Jaice
9,Jaiden
1,Jaidev
1,Jaii
1,Jaikaar
1,Jaime
1,Jaimurugan
1,Jaion
2,Jair
1,Jai-R
3,Jairus
1,Jaisnoor
1,Jaitegbir
1,Jaiveenjot
3,Jaiveer
1,Jaivin
1,Jaizren
66,Jake
1,Jaken
19,Jakob
1,Jakoby
3,Jakson
3,Jakub
2,Jal
2,Jalal
3,Jalen
1,Jamaal
8,Jamal
1,Jamar
1,Jamarcus
1,Jameel
1,Jameison
1,Jamel
187,James
8,Jameson
1,James-Taylor
14,Jamie
1,Jamieson
2,Jamil
1,Jamin
2,Jamison
1,Jan
1,Janav
1,Jannik
1,Jansen
1,Janson
1,Japeth
1,Japnoor
1,Japtek
13,Jared
1,Jaret
1,Jari
1,Jaris
1,Jarl
1,Jarod
1,Jarom
4,Jaron
1,Jarred
2,Jarret
3,Jarrett
1,Jarrex
1,Jarvais
4,Jarvis
1,Jas
1,Jasaph
1,Jasdeep
35,Jase
1,Jaseth
2,Jaskirat
1,Jasmeet
3,Jasnoor
49,Jason
66,Jasper
1,Jasper-Thomas
3,Jasraj
1,Jasryan
1,Jassdeep
2,Javen
1,Javi
1,Javyn
1,Javyson
6,Jawad
35,Jax
7,Jaxen
2,Jaxin
118,Jaxon
3,Jaxsen
70,Jaxson
1,Jaxstin
3,Jaxsyn
2,Jaxten
10,Jaxton
7,Jaxx
8,Jaxxon
1,Jaxxon-Gabriel
2,Jaxxson
1,Jaxzon
6,Jay
1,Jayan
1,Jayant
1,Jayanth
1,Jaybrie
37,Jayce
2,Jaycee
1,Jaycen
2,Jaycob
104,Jayden
1,Jaydence
1,Jaydon
1,Jayeh
1,Jayhvon
1,Jayin
2,Jayke
1,Jaykub
7,Jaylen
1,Jaylon
1,Jaym
2,Jaymes
1,Jaymeson
1,Jaymison
1,Jaynil
8,Jayson
1,Jayssiegift
1,Jayton
1,Jayveer
1,Jayvon
1,Jaywant
1,Jayzan
1,Jaziah
1,Jaziel
1,Jazle
1,Jazsper
1,Jazveer
1,JC
1,JC-Abriel
3,Jean
1,Jean-Elie
1,Jean-Paul
1,Jeanrow
3,Jedaiah
2,Jedd
1,Jedi
5,Jedidiah
1,Jedrick
2,Jeff
3,Jefferson
5,Jeffery
1,Jeffery-David
1,Jeffory-Leonard
11,Jeffrey
1,Jehu
1,Jeik
1,Jelani
1,Jemuel
1,Jenish
1,Jenner
1,Jennex
1,Jennor
8,Jensen
3,Jenson
1,Jenuk
1,Jenzen
1,Jeorge
2,Jep
1,Jeppe
1,Jeramiah
1,Jerek
32,Jeremiah
1,Jeremiasz
1,Jérémie
1,Jeremiel
27,Jeremy
2,Jeriah
1,Jeric
1,Jericho
1,Jerickson
1,Jerix
1,Jerlanze
1,Jermiha
1,Jerold
7,Jerome
1,Jérome
1,Jérôme
1,Jeronimo
1,Jerrick
6,Jerry
1,Jerun
1,Jeryco
1,Jerzy
2,Jeshua
1,Jesi
3,Jesiah
1,Jeson
1,Jespen
27,Jesse
2,Jessiah
3,Jessie
1,Jestice
3,Jet
3,Jeter
12,Jethro
2,Jetlin
1,Jetson
26,Jett
1,Jetton
1,Jettson
1,Jetz
1,Jevin
1,Jewell
1,Jeziah
1,Jezreel
1,Jhace
1,Jhadi
1,Jhase
1,Jhayden
1,Jhed
1,Jhet
1,Jhett
1,Jheydrix
1,Jhoehann
1,Jhon
1,Jhyrel
1,Ji
1,Jia
1,Jiaheng
1,Jiale
1,Jian
2,Jiaqi
1,Jiarui
2,Jibran
3,Jibreel
1,Jibril
1,Jieniall
1,Jigar
1,Jihoon
1,Jim
1,Jimar
1,Jimmy
2,Jin
1,Jind
1,Jingfan
1,Jiraiya
1,Jireh
1,Jiri
1,Jiro
1,JiroAdriel
1,Jivan
1,Jiwon
1,Jix
1,JJ
1,JM
1,JMaxx
1,Jnya
2,Joab
1,Joakim-Alexander
1,Joan
10,Joaquin
1,Joaquín
1,Joash
1,Job
4,Joban
1,Jobe
1,Jobin
1,Jodh
1,Jodhveer
1,Jodney
1,Jody
7,Joe
27,Joel
1,Joel'Ias
1,Joelin
1,Joesph
1,Joevan
10,Joey
1,Joffrey
15,Johan
1,Johanan
5,Johann
2,Johannes
1,Johanson
105,John
8,Johnathan
2,Johnathen
1,Johnathyn
1,Johnavon
1,John-Axel
1,John-Erik
1,John-Henry
11,Johnny
1,Johnson
1,Johvin
1,Jomerson
1,Jomonosi
7,Jon
1,Jonadab
31,Jonah
16,Jonas
48,Jonathan
5,Jonathon
4,Jones
1,Jonn
1,Jophiel
1,Jora
1,Jorawar
60,Jordan
2,Jordon
4,Jordy
2,Jor-El
1,Joren
1,Jorez
3,Jorge
1,Jorgen
1,Joscelyn
6,Jose
6,Josef
2,Joselito
74,Joseph
1,Josephus
8,Josh
1,Joshith
93,Joshua
1,Joshua-Adam
1,Joshua-David
1,Joshua-Isely
1,Josia
32,Josiah
1,Josip
1,Joso
1,Jostyn
1,Josua
3,Josue
1,Jotham
1,Joubin
1,Joud
2,Journey
5,Jovan
1,Jovanni
1,Joven
4,Jovin
1,Jovyn
1,Jowan
1,Joziah
11,Juan
1,Juan-David
1,Juanito
1,Juan-Lucas
13,Judah
1,Judd
1,Juddson
43,Jude
1,Judson
2,Jujhar
2,Jules
34,Julian
5,Julien
1,Julienne
1,Julio
9,Julius
2,Jullian
1,Jun
2,Junah
1,JunAn
1,Jungluis
1,Junpei
1,Juri
1,Jurren
1,Jusraj
5,Justice
34,Justin
1,Justis
2,Justus
1,Justyce
1,Justyn
1,J'vonny
1,Jwokange
1,Jzone-Isaiah
1,K.J
1,Káab
2,Kaan
1,Kaarthi
1,Kaaviyan
2,Kabeer
1,Kabinaesh
11,Kabir
1,Kabiraj
1,Kabirjot
1,Kabish
2,Kace
2,Kacen
1,Kacer
1,Kaceton
1,Kachuol
1,Kadaj
1,Kadar
31,Kade
24,Kaden
1,Kadrian
1,Kadynz
1,Kaedan
6,Kaeden
4,Kael
1,Kaël
3,Kaelan
2,Kaelen
1,Kaelin
1,Kael-Liam
1,Kaelon
1,Kaemen
1,Kafidin
2,Kage
1,Kahel
1,Kahepako
1,Kahkakíw
1,Kahleil
58,Kai
1,Kaichuan
1,Kaidan
1,Kaide
40,Kaiden
1,Kaidyn
1,Kail
1,Kaile
3,Kain
3,Kaine
1,Kairan
2,Kairo
1,Kairos
2,Kaisen
3,Kaison
1,Kaissac
1,Kaiston
1,Kaito
5,Kaius
1,Kaiwen
1,Kai-Winsor
1,Kaiyler
1,Kaize
2,Kaizer
1,Kaje
2,Kal
1,Kal'ab
1,Kalan
1,Kalani
6,Kale
2,Kaleab
38,Kaleb
1,Kaled
4,Kalen
1,Kali
1,Kalieb
1,Kalil
2,Kalix
1,Kallan
5,Kallen
1,Kallum
1,Kalon
3,Kalum
1,Kalvin
1,Kalyan
2,Kamal
1,Kamden
1,Kamdyn
1,Kamel
1,Kameron
2,Kamran
1,Kamron
2,Kanav
18,Kane
1,Kanen
1,Kanin
1,Kannan
1,Kannen
2,Kannon
1,Kanvir
1,Kaon
1,Kaos
1,Kapish
4,Karam
1,Karamveer
1,Karan
1,Karanjit
1,Karanjog
1,Karanvear
3,Karanveer
2,Karanvir
1,Karda
1,Karder
8,Kareem
1,Kariem
6,Karim
11,Karl
1,Karlo
2,Karma
1,Karmel
1,Karmelo
1,Karndeep
1,Karnvir
2,Karol
1,Karoon
1,Karrar
1,Karsen
18,Karson
1,Karsten
1,Karsyn
18,Karter
4,Kase
4,Kasen
1,Kaser
1,Kasey
19,Kash
1,Kashis
1,Kashius-King
1,Kashlen
1,Kashtian
2,Kashtin
12,Kashton
2,Kashtyn
1,Kasim
6,Kason
3,Kasper
2,Kassem
2,Kassian
4,Kassius
1,Kaster
1,Kastiel
1,Kastin
2,Kasyn
1,Katana
1,Kathon
1,Kauà
1,Kaurwa
1,Kaveer
1,Kavel
1,Kaven
1,Kavik
1,Kavneer
1,Kavrin
1,Kaycee
2,Kaycen
1,Kaycer
1,Kayd
3,Kayde
52,Kayden
2,Kaydence
1,Kaydin
1,Kaydrin
1,Kaygan
2,Kayle
1,Kayleb
2,Kaylem
2,Kaylor
5,Kayne
1,Kayneh
1,Kaynon
7,Kaysen
1,Kaysin
13,Kayson
1,Kaysten
1,Kaystin
1,Kayston
1,Kayze
2,Kaz
1,Kazuya
4,Keagan
1,Keagen
1,Keaghan
1,Kealan
3,Kean
2,Keane
1,Keanen
4,Keanu
17,Keaton
1,Keeane
1,Keedon
17,Keegan
2,Keelan
1,Keelin
2,Keenai
7,Keenan
1,Keeraj
1,Keerat
2,Kees
1,Kegan
1,Kehinde
2,Keilan
1,Kei-Leigh
1,Keir
3,Keiran
13,Keith
1,Keithan
2,Keiton
1,Kelan
1,Keli
11,Kellan
1,Kellar
4,Kellen
1,Keller
3,Kelly
4,Kelson
5,Kelton
7,Kelvin
2,Kemp
1,Kemzenum
2,Ken
1,Kena
1,Kenai
9,Kenan
1,Kenardo
2,Kendal
1,Kendall
1,Kendel
1,Kenden
11,Kendrick
2,Kendryk
1,Kene
2,Kenechukwu
1,Kenenna
4,Kenji
1,Kennen
11,Kenneth
2,Kenny
1,Kenryk
2,Kenshin
3,Kent
2,Kenton
2,Kenzo
3,Keo
1,Keon
1,Keoni
1,Kerald
1,Kerig
1,Kerry
1,Kerubel
2,Kesar
2,Keshav
1,Keshawn
5,Kesler
1,Kesper
2,Kessler
1,Keston
1,Kestyn
30,Kevin
1,Kewal
2,Keyaan
2,Keyan
1,Kéyane
1,Keydon
1,Keygan
1,Keynan
1,Keyon
1,Kezsler
1,Khadar
1,Khai-Hung
1,Khailas
4,Khaled
1,Khaleefa
1,Khali
6,Khalid
1,Khalifa
5,Khalil
1,Khan
1,Khang
1,Kharter
1,Khavilan
1,Khidr
1,Khizer
1,Khole
1,Khufu
1,Khyler
1,Khyreed
1,Khyzer
4,Kiaan
23,Kian
1,Kianoosh
1,Kibirleamlak
2,Kidus
3,Kiefer
1,Kiegan
1,Kieghan
1,Kiel
2,Kier
26,Kieran
1,Kiersen
1,Kiersin
1,Kiet
1,Kihew
1,Kijany
1,Kikiope
1,Kilian
1,Kilián
12,Killian
1,Kim
1,Kimathi
1,Kimball
1,Kinan
3,King
1,Kings
5,Kingsley
1,Kingsten
36,Kingston
1,Kingstun
4,Kip
2,Kipling
3,Kipp
2,Kipton
1,Kiptyn
1,Kiran
1,Kirat
2,Kirby
2,Kirill
3,Kirin
1,Kirk
1,Kirubel
1,Kisanth
1,Kiseri
1,Kishan
2,Kit
1,Kitama
1,Kitsen
1,Kitt
1,Kixton
1,K-Jay
2,Klaus
1,Klim
1,Kloude
1,Klyde
3,Knight
1,Knoah
1,Knoll
1,Knowledge
21,Knox
1,Knoxin
2,Knoxx
2,Koa
6,Kobe
1,Kobey
1,Kobi
1,Kobie
3,Koby
1,Kobyn
2,Koda
1,Kodie
2,Kody
9,Koen
1,Koert
1,Koeus
14,Kohen
1,Kohlt
1,Koi
1,Kolade
1,Kolbe
6,Kolby
5,Kole
1,Kolsen
1,Kolson
1,Kolt
5,Kolten
2,Koltin
7,Kolton
2,Kon
1,Kôna
1,Kongphob
5,Konner
5,Konnor
1,Konor
5,Konrad
2,Konstantinos
6,Kooper
1,Korban
2,Korben
5,Korbin
2,Korbyn
1,Koren
1,Kornel
1,Kortez
1,Kosai
1,Kosta
1,Kostas
1,Kosten
1,Kou
1,Koven
4,Kowen
1,Kowyn
1,Koziah
1,Kratos
1,Krew
1,Kriday
1,Krige
2,Kris
7,Krish
1,Krishan
1,Krishang
1,Krishay
1,Krishiv
1,Krishna
1,Kristan
2,Kristhian
6,Kristian
1,Kristijan
1,Kristofer-Lee
5,Kristoff
1,Kristoph
5,Kristopher
1,Krisztapher
1,Kritsanapol
1,Kriv
1,Krman
1,Krosby
1,Kru
1,Krue
4,Kruz
1,Krystian
1,Ksatria
1,Kuhepa
1,Kultaaj
1,Kultaar
1,Kumorr
1,Kun
1,Kuna
1,Kunashe
1,Kuol
1,Kur
1,Kurbin
2,Kurt
1,Kurtis
1,Kurubel
1,Kushal
1,Kushjot
1,Kwabena
1,Kwade
1,Kwaw
1,Kyam
2,Kyan
1,Kyandre
3,Kyden
1,Kydon
6,Kye
4,Kylan
41,Kyle
1,Kyle-Ellis-Bernard
3,Kylen
23,Kyler
1,Kyler-Dean
1,Kylian
1,Kylius
1,Kylle
1,Kylo
1,Kylos
2,Kymani
1,Kyngston
1,Kynsleigh
2,Kyptin
1,Kypton
3,Kyran
3,Kyren
9,Kyrie
1,Kyrin
1,Kyron
1,Kysen
7,Kyson
1,Kyus
4,Kyuss
1,Kyver
1,Kyzen
3,Kyzer
24,Lachlan
1,Lachlann
1,Ladelle
1,Ladu
1,Lael
1,Laeth
1,Lagan
1,Laiheng
1,Laik
1,Laird
4,Laith
1,Lal
2,Lamek
5,Lance
4,Landen
4,Landin
57,Landon
2,Landry
8,Landyn
12,Lane
1,Lanlee
1,Lap
2,Larkin
1,Larry
9,Lars
2,Larson
1,Larxaniel
1,Lash
1,Lashayne
1,Laszlo
1,Lataa
1,Latham
2,Lauchlin
1,Laurence
1,Lawker
1,Lawrance
8,Lawrence
1,Lawsn
13,Lawson
1,Layke
13,Layne
1,Layson
2,Laythan
3,Layton
1,Lazar
3,Lazarus
1,Lazereth
1,Lazerous
1,Leaf
3,Leander
2,Leandro
1,Leart
1,Ledger
2,Lee
1,Lee-Am
1,Leek
4,Leeland
1,Leemuel
1,Leeroy
1,Leeson
1,Legend
1,Lei
11,Leif
1,Leighlund
4,Leighton
1,Leir
1,Leith-Steven
1,Leivi
1,Lelan
9,Leland
1,LeLand
1,Lelando
2,Lemuel
1,Lenix
1,Lennan
9,Lennon
17,Lennox
4,Lenny
1,Lennyn
1,Lenon
2,Lenox
1,Lenyx
68,Leo
1,Léo
12,Leon
6,Leonard
17,Leonardo
1,LeonDre
3,Leonel
1,Leonid
5,Leonidas
4,Leopold
1,Leopoldo-Miguel
4,Leroy
1,Lesane
1,Leslie
1,Lester
2,Lev
88,Levi
1,Levi-Jovani
2,Levin
1,Levitt
5,Levon
1,Levonte
1,Lewi
18,Lewis
7,Lex
1,Leyton
1,Lezayne
2,Lhogan
1,Lhyrik
2,Li
301,Liam
1,Liam-Patrick
1,LiamTJ
5,Lian
2,Liban
1,Lilaf
171,Lincoln
22,Linden
1,Lindyn
2,Link
3,Linken
2,Linkin
1,Linklein
2,Linkoln
2,Linkon
2,Linkyn
3,Linus
2,Lionel
1,Livio
1,Llewellyn
1,Llewelyn
1,Llewyn
4,Lloyd
27,Lochlan
3,Lochlann
1,Lochlen
3,Lochlin
1,Locke
1,Locklin
197,Logan
1,Logan-Ray
2,Logen
1,Lohgun
1,Lohith
1,Loic
2,Loïc
1,Loiz
1,Loken
1,Lokesh
2,Loki
1,Lokii
1,Lomba
8,London
1,Long
1,Lorcan
1,Lorenz
1,Lorenza
6,Lorenzo
1,Lorne
1,Losony
1,Lougheed
4,Louie
16,Louis
1,Loukas
1,Louriel
1,Lovelle
1,Lovro
1,Lowell
3,Lowen
1,Lowick
1,Loxley
1,Lu
1,Luan
1,Lubomyr
6,Luc
44,Luca
218,Lucas
6,Lucca
1,Luccas
1,Lucian
5,Luciano
2,Lucien
3,Lucio
1,Lucious
4,Lucius
1,Lucky
1,Lueth
5,Luis
1,Luiz
18,Luka
1,Lukacs
1,Lukah
35,Lukas
143,Luke
1,Luke-Adriane
2,Lukian
1,Lundon
7,Luqman
1,Luther
1,Luv
1,Lux
1,Lwandile
1,Lyam
1,Lydon
1,Lyem
1,Lyiel
2,Lyle
2,Lyncoln
1,Lyndan
1,Lynden
1,Lyndon
2,Lynkan
1,Lynx
1,Lyoto
6,Lyric
1,Lysandre
1,Lyxen
1,Maadhav
1,Maahi
1,Maahin
1,Maanav
1,Maandeep
1,Maarij
1,Maaty
1,Maaz
1,Mabok
3,Mac
2,Macarius
1,MacGrath
1,Machlan
6,Mack
1,Mackai
2,Mackenzie
1,MacKinlay
1,Macklen
4,Macklin
1,Macksen
1,Mackson
1,Macky
1,MacLean
1,Maclean
1,Macsen
1,Maddax
23,Madden
5,Maddex
1,Maddon
37,Maddox
1,Maddux
1,Maden
2,Madix
1,Mads
1,Maecen
1,Mael
1,Maël
1,Magdi
1,Magizh
1,Magnum
10,Magnus
6,Mahad
1,Mahanth
1,Mahbeer
1,Mahdie
1,Maheep
4,Maher
1,Mahfouz
1,Mahim
1,Mahir
1,Mahit
3,Mahmoud
1,Mahomed
1,Mahonri
1,Maisam
1,Maise
2,Maison
5,Majd
1,Majid
2,Majok
1,Major
2,Makai
1,Makar
1,Makbel
1,Makius
4,Maks
3,Maksim
2,Maksym
1,Maksymilian
10,Malachi
2,Malak
9,Malakai
2,Malaki
1,Malaky
30,Malcolm
1,Maleek
9,Malek
1,Maleko
1,Malick
21,Malik
2,Maliki
1,Malique-Anthony
1,Mallik
1,Mamadou
1,Mamady
2,Manasseh
2,Manav
1,Manavjeet
2,Maneet
1,Maniittoq
2,Manjot
1,Mankirat
4,Mannix
1,Mannraj
1,Manny
1,Manohar
1,Manolo
1,Manoviraj
1,Manpreet
8,Manraj
2,Manroop
1,Mansour
1,Mantej
2,Manuel
1,Manveer
1,Manveet
1,Manvir
1,Manzi
11,Marc
2,Marcel
1,Marcelino
2,Marcello
1,Marcellus
2,Marcelo
1,Marc-Liam
14,Marco
7,Marcos
69,Marcus
1,Marcus-Ken
1,Marcuz
8,Marek
1,Mariano
4,Mario
1,Marion
2,Marius
1,Marjaden
26,Mark
1,Marken
1,Markian
5,Marko
24,Markus
1,Markus-Rain
1,Markuz
3,Marley
2,Marlo
1,Marly
1,Marnix
1,Maro
1,Marouane
1,Marouf
1,Marquis
2,Marshal
24,Marshall
19,Martin
1,Martin-Anthony
1,Marty
1,Martyn
1,Maru
1,Marvel
2,Marvin
1,Masaki
1,Mascuud
1,Maseeh
2,Masen
1,Mashroor
1,Masom
203,Mason
1,Masroor
1,Massimo
1,Massin
1,Massine
2,Masyn
1,Mataeus
1,Matao
1,Mateen
1,Matei
2,Matej
24,Mateo
1,Mateó
1,Mateus
2,Matewos
1,Matéyus
1,Mathan
1,Mathayus
3,Matheus
10,Mathew
1,Mathiang
15,Mathias
3,Mathieu
1,Mathius
1,Mathusala
1,Mathyas
1,Mati
10,Matias
1,Matin
1,Matiyas
1,Mats
6,Matt
1,Mattaeo
1,Matteio
21,Matteo
1,Matteus
2,Matthais
1,Matthéus
102,Matthew
1,Matthew-David
14,Matthias
1,Matthieu
1,Matthius
4,Mattias
1,Mattis
1,Mattix
1,Matty
1,Matviy
1,Maunish
3,Maurice
1,Mauricio
54,Maverick
1,Maverik
1,Maveya
1,Mavric
1,Mavrick
2,Mavrik
1,Mavryck
1,Mawuyra
80,Max
1,Maxcyrus
1,Maxden
1,Maxdon
4,Maxen
13,Maxim
6,Maxime
5,Maximilian
1,Maximiliano
2,Maximillian
2,Maximo
32,Maximus
1,Maxis
2,Maxon
1,Maxston
2,Maxton
1,Maxum
62,Maxwell
6,Maxx
1,Maxxon
2,Maxym
1,Mayank
1,Mayas
1,Mayen
1,Mayer
1,Maylab
1,Mayom
3,Mazen
2,Mazin
1,Mbajoroka
1,Mbog
1,Mbukamuna
1,Mc
1,McEwan
1,McKay
2,McKinley
1,McKinnon
1,Mclaren
1,Md
1,Mearan
1,Mearon
1,Medhanie
3,Mehar
1,Meharbaan
1,Mehbeer
2,Mehdi
1,Mehjaap
1,Mehki
1,Mehmet
2,Mehtaab
8,Mehtab
1,Meiko
4,Mekhi
1,Mekseb
1,Melchizedek
1,Meliab
1,Melvin
1,Memo
10,Memphis
2,Menelik
1,Menno
1,Meno
1,Menphis
1,Meposevi
1,Mercer
1,Merek
1,Merhawi
2,Merle
1,Merrek
7,Merrick
2,Merrik
2,Merritt
1,Mert
1,Messi
1,Messiah
1,Mesuna
1,Methuselah
1,Metil
1,Metro
1,Meyer
1,Meyers
1,Mézak
1,Mezyan
1,Mhar
1,Mharvi
1,Mian
2,Mica
47,Micah
1,Micah-Jaekob
116,Michael
1,Michael-James
1,Michante
5,Micheal
1,Mick
1,Mickaël
2,Mickey
1,Midnight
1,Miel
1,Mighel
19,Miguel
1,Miguelito
1,Mihkokwan
1,Mijael
1,Mika
4,Mikaeel
4,Mikael
1,Mikahel
3,Mikail
2,Mikal
1,Mikale
1,Mike
1,Mikel
3,Mikhail
1,Mikha'il
1,Mikheili
2,Mikias
1,Mikka
2,Mikko
2,Miko
1,Milaap
12,Milan
1,Milán
30,Miles
1,Miliano-René
1,Milkeysa
12,Miller
1,Million
19,Milo
1,Miloh
1,Milu
1,Minato
1,Minel
1,Ming
1,Mingrui
1,Minh
1,Minoh
1,Mio
1,Mirac
1,Miracle
1,Miron
1,Miroslaw
1,Mirsab
1,Mirsad
1,Mirushan
2,Mirza
1,Misael
1,Misbah
1,Misha
1,Mister
2,Mitchel
8,Mitchell
1,Mivaan
1,Mizaan
1,MJD
1,Moanes
2,Moaz
1,Mobeen
1,Mobin
1,Moedel
2,Moeez
1,Moez
1,Mofinyinfoluwa
2,Mohab
3,Mohamad
36,Mohamed
1,Mohamed-amin
21,Mohammad
1,Mohammadsalmahn
29,Mohammed
1,Mohamoud
1,Mohamud
1,Mohanad
1,Mohib
1,Mohin
1,Mohmed
1,Mohsen
1,Mojab
1,Mokolade
1,Mokorede
2,Moksh
1,Momar
1,Monroe
1,Montana
1,Monte
1,Montgomery
3,Monty
2,Mordecai
1,Morely
12,Morgan
1,Morley
2,Morrison
1,Mory
1,Mosa
6,Moses
1,Moss
1,Mostafa
1,Moston
1,Motasem
1,Mottaz
1,Mou
1,Mouhamad
1,Mouhamadou
1,Mouhamed
1,Mouhammad
1,Mounir
1,Mourad
2,Mousa
3,Moussa
1,Moustafa
1,Muad
1,Muawiya
1,Muawiyah
4,Muaz
1,Muazzam
1,Mubarack
1,Mudassir
1,Mudiwa
1,Mugsy
1,Muhamad
73,Muhammad
7,Muhammed
1,Muhannad
1,Muhibullah
1,Mukamba
1,Mukisa
1,Mukunth
1,Mumen
1,Muneeb
1,Munroe
1,Muntazar
1,Muqtafin
1,Muraash
1,Murdoc
1,Murdock
5,Murphy
1,Murray
1,Murtaza
7,Musa
1,Musab
1,Musa'b
1,Muse
1,Mussa
1,Musse
1,Mustaan
21,Mustafa
1,Mutahar
2,Mutaz
1,Mutsawashe
1,Muzamil
1,Muzammil
1,Muzzammil
1,Mwiza
1,Myer
1,Myeron
1,Myke
1,Mykel
1,Mykhailo
1,Mykhal
1,Mylan
32,Myles
1,Myles-Anthony
1,Mylo
1,Myron
1,Naaz
1,Nabai
2,Nabhan
3,Nabil
1,Nadeem
1,Nader
2,Naeem
1,Nael
1,Nagaa
1,Nahdr
1,Naher
3,Nahom
1,Nahtayu
1,Nahyan
1,Naiel
1,Na'il
1,Naim
1,Na'im
1,Naïm
1,Naji
1,Najim
1,Nakai
1,Nakaydo
1,Nakorntong
1,Nalro
2,Nam
1,Naman
2,Nameer
1,Namish
1,Nanda
1,Nandor
1,Nansen
1,Naol
1,Napew
1,Narra
60,Nash
1,Nashan
1,Nashton
1,Nasim
1,Nasir
1,Nasir-Ali
1,Nason
3,Natan
1,Natanael
19,Nate
161,Nathan
4,Nathanael
1,Nathanaël
1,Nathan-Davis
2,Nathanial
1,Nathanias
63,Nathaniel
1,Nathaniell
1,Natnael
1,Natnaiel
1,Natol
1,Naushad
1,Navindu
1,Navraaj
4,Navraj
1,Nawen
1,Nayad
1,Nayak
1,Nayan
1,Nayden
1,Nayef
1,Nayel
1,Nayil
2,Nazar
1,Nazarus
1,Nazem
1,Nazif
1,Nazim
1,Nebai
1,Nebi
1,Neekon
2,Neel
1,Neelin
1,Nehal
4,Nehemiah
1,Neiko
10,Neil
1,Neithan
1,Nekhai
2,Nelith
1,Nels
3,Nelson
1,Nemesh
1,Neo
2,Nero
1,Nerwan
1,Nethan
1,Nethush
1,Nexland
1,Nezian
1,Ngaihape
1,Ngajozikue
1,Ngetota
1,Ngor
1,Ngoy
1,Ngujenenisa
1,Nguvitjita
1,Nguwo
4,Niall
1,Niam
1,Niamiah
1,Nibir
2,Nic
1,Nicco
2,Nicholai
59,Nicholas
6,Nick
1,Nicko
3,Nickolas
9,Nico
1,Nicodemus
1,Nicola
15,Nicolas
1,Niel
1,Nielle
2,Niels
3,Nigel
1,Nihaal
4,Nihal
2,Nihar
1,Nikan
1,Nikayl
1,Nikhil
1,Nikhith
1,Nikit
3,Nikita
1,Nikitin
1,Nikito
1,Nikko
1,Niklaus
7,Niko
2,Nikodem
1,Nikol
4,Nikola
1,Nikolaas
10,Nikolai
3,Nikolaos
7,Nikolas
2,Nikolaus
1,Nikolay
1,Nikolie
1,Nikos
1,Nikosis
1,Nilay
2,Nile
1,Nils
2,Nima
1,Nimona
1,Nipin
1,Nirvaan
1,Nirvair
1,Nischal
1,Nishaan
2,Nishan
1,Nishanth
1,Nisotew
1,Nite
1,Nith
1,Nitin
1,Nivaan
1,Nivaine
1,Nivan
2,Nivin
1,Niwaran
3,Nixen
77,Nixon
1,Niyvan
1,Nizar
1,Nnaemeka
256,Noah
1,Noam
1,Nobel
2,Noble
1,Nodin
1,Noe
6,Noel
1,Noeljon
2,Nohlan
84,Nolan
2,Noland
1,Nole
1,Nolen
1,Nolhan
1,Nollan
1,Noori
1,Norbert
2,Norman
2,Normand
1,Nour
3,Nova
1,Novac
1,Novah
2,Novak
1,Nowe
1,Noyan
1,Nshira
1,Nsri
1,Nuham
1,Numair
1,Nuno
1,Nuradin
1,Nuraiz
1,Nurudin
1,Nusetor
1,Nuur
1,Nyall
1,Nycolas
1,Nyjah
2,Nyle
1,Nysan
2,Oaken
1,Oakhlan
2,Oakland
2,Oaklee
16,Oakley
1,Oaklie
2,Obaid
1,Obaidah
1,Obaloluwa
1,Obaydullah
1,Obichi
1,Ocean
1,Octavian
1,Odaa
1,Odai
2,Oden
1,Odhran
26,Odin
1,Odinn
1,Odinobichukwu
1,Odyn
1,Odysseas
1,Ofeoritse
1,Ohlin
1,OJ
1,Okooc
1,Oladeji
1,Olaf
1,Olamide
1,Olaoluwa
1,Olaoluwakiitan
1,Olaoluwatomiwa
1,Olaoye
1,Ole
2,Olen
2,Olin
1,Olisaebuka
210,Oliver
2,Olivier
4,Ollie
1,Olly
1,Olufemi
1,Oluwadarasimi
1,Oluwadirewa
1,Oluwafeyisayomi
1,Oluwafirejimi
1,Oluwajomiloju
1,Oluwamayowa
1,Oluwanifesimi
1,Oluwapamilerinayo
1,Oluwaseun
1,Oluwaseun-Jake
1,Oluwaseyi
2,Oluwatobi
1,Oluwatofarati
1,Oluwatomi
1,Oluwatoni
1,Oluwatoyin
1,Olympio
1,Olyn
1,Om
43,Omar
1,Omarfaruq
2,Omari
1,Omeed
4,Omer
1,Omid
1,Omran
1,Onkaar
1,Onyameye
4,Onyx
1,Opazeu
1,Opefoluwa
1,Openifoluwa
1,Operi
1,Oppi
1,Orando
1,Oreilly
1,Oren
1,Oreoluwa
1,Orges
1,Orhan
2,Orian
2,Orin
8,Orion
1,O'rion
3,Orlando
1,Orlyn
3,Orrin
1,Osanda
1,Osayd
35,Oscar
1,O'Shea
1,Osiris
6,Oskar
1,Oslo
3,Osman
1,Oswald
3,Oswin
1,Oswyn
1,Othman
1,Othniel
6,Otis
1,Otitodilichukwu
9,Otto
1,Oumar
1,Ousseynou
2,Ovie
1,Oviyan
1,Owain
1,Owais
189,Owen
1,Owethu
1,Owin
3,Owyn
1,Oziah
1,Ozni
1,Ozrik
1,Ozzie
1,Ozzy
1,Paarth
1,Paavan
1,Pablo
1,Paco
1,Paddy
1,Padraic
1,Paisley
1,Paiva
1,Pakho
1,Palin
2,Palmer
1,Panagiotis
2,Pancho
1,Panth
1,Paolo
1,Param
1,Paramveer
1,Paras
1,Paritesh
1,Parjeet
122,Parker
1,Parkker
2,Parks
1,Parley
1,Parmeet
1,Parmveer
2,Parsa
1,Parteek
2,Parth
1,Parwaan
1,Parx
3,Pascal
28,Patrick
1,Patterson
1,Patton
28,Paul
1,Paulos
1,Pavan
2,Pavel
1,Pavnoor
1,Pawan
1,Paxon
13,Paxton
1,Paxtyn-Kevin
1,Payas
1,Payden
1,Paydon
2,Payson
4,Payton
1,Pearce
3,Pearson
1,Pecos
6,Pedro
1,Peniel
2,Penn
1,Penton
1,Perrin
2,Perry
4,Perseus
1,Pete
34,Peter
1,Petrose
1,Petrus
1,Peyman
9,Peyton
1,Phanawong
1,Pharez
2,Pheonix
1,Philemen
11,Philip
6,Phillip
2,Phineas
18,Phoenix
1,Phong
1,Phynnton
12,Pierce
1,Piercen
1,Pier-Giorgio
5,Pierre
1,Piers
3,Pierson
1,Pietro
1,Pihesiw
1,Pio
1,Piper
1,Pistos
1,Pol
1,Poncho
8,Porter
1,Prabal
1,Prabfateh
2,Prabhbir
1,Prabhjit
2,Prabhnoor
1,Prabhraj
1,Prabhras
1,Prabhveer
1,Praditya
1,Pradyumna
1,Pragno
1,Pramosh
1,Prana
3,Pranav
1,Praneel
1,Pranid
1,Pratik
1,Pravit
1,Prayag
1,Prayan
1,Presley
1,Presten
22,Preston
1,Prestyn
1,Prikshet
1,Primy
9,Prince
2,Princeton
1,Prithak
1,Pritpal
1,Pryce
1,Prycely
1,Psalmdavid
1,Psalmer
1,Pushkal
1,Pyke
1,Qaasim
2,Qais
1,Qasim
3,Quade
1,Quaid
1,Quan
9,Quentin
1,Quincey
4,Quincy
27,Quinn
6,Quinten
4,Quintin
14,Quinton
1,Qumbi
1,Raafay
1,Raahil
1,Raahin
1,Raaid
1,Raajan
1,Rabeel
1,Rabnoor
2,Radek
1,Radin
1,Radman
1,Radwan
1,Rae
1,Raed
1,Raeden
1,Raeed
1,Raei
1,Raevon
1,Raey
1,Rafa
11,Rafael
1,Rafan
1,Rafay
2,Rafe
2,Rafferty
1,Rafil
1,Raghav
1,Raghib
1,Rahama
1,Rahdeen
1,Raheem
2,Rahman
1,Rahmatullah
14,Raiden
1,Raider
1,Raidi
1,Raige
1,Raikou
1,Rainee
2,Rainer
1,Rainier
1,Raiyaan
1,Raja
1,Rajah
1,Rajbir
1,Rajeev
1,Rajkanwar
2,Rajveer
1,Rajvir
1,Rakai
10,Ralph
1,Raman
1,Ramanjeet
1,Rameez
1,Rameses
1,Ramez
4,Rami
1,Ramiel
1,Ramiro
1,Ramsey
1,Ramsh
3,Ramy
1,Ramzy
1,Ran
1,Ranak
1,Rananjay
1,Randall
1,Randeep
1,Randell
1,Randolf
1,Randsom
7,Randy
1,Ranger
1,Rankin
1,Ransom
1,Ranveer
1,Ranvir
1,Raon
18,Raphael
1,Raphaël
1,Raphaello
1,Raphael-Luis
1,Raqeeb
1,Rashed
1,Rashid
1,Rasvir
1,Raul
1,Rauri
5,Raven
2,Ravjot
1,Rawii
1,Rawley
1,Rawlins
1,Rawzin
3,Ray
3,Rayaan
15,Rayan
1,Rayce
4,Rayden
1,Rayder
1,Rayef
1,Rayen
1,Raygen
1,Rayhan
4,Raylan
1,Rayland
1,Raylen
1,Raymon
13,Raymond
1,Rayn
1,Rayniel
1,Raynier
1,Ray-Pio
1,Rayton
4,Rayyan
1,Raza
1,Razco
1,Reacher
1,Read
1,Reagan
1,Réber
1,Redhwan
1,Redwan
5,Reece
14,Reed
1,Reede
4,Reese
1,Reeve
1,Reeyansh
1,Regan
2,Reggie
6,Reginald
1,Rehaan
7,Rehan
1,Rehmi
29,Reid
1,Reigan
1,Reigann
3,Reign
1,Reign-Gabriel
1,Reikan
1,Reily
1,Reitchjea
4,Remi
2,Rémi
1,Remingten
11,Remington
1,Remmington
9,Remy
1,Rene
1,Renley
1,Renly
3,Renner
1,Reno
3,Renzo
6,Reuben
1,Reuel
1,Revaan
1,Revan
4,Rex
3,Rexton
1,Reyaan
1,Reyan
1,Rey-Angelo
4,Reyansh
1,Reydan
1,Reyer
1,Reyhan
1,Reyneil
2,Reynold
1,Reynolds
1,Reyus
1,Reza
1,Rhay
1,Rhaydian
1,Rhed
1,Rheese
27,Rhett
1,Rhialley
1,Rhiott
1,Rhodes
1,Rhoehan
1,Rhon
1,Rhuben
1,Rhyane
2,Rhydian
1,Rhyer
1,Rhyess
1,Rhyker
1,Rhylen
12,Rhys
1,Rhythm
6,Riaan
1,Riain
1,Rian
1,Rían
1,Riber
3,Ricardo
1,Riccardo
1,Ricco
21,Richard
1,Rick
3,Ricky
1,Riddick
1,Ridge
1,Ridhamveer
1,Ridon
4,Ridwan
3,Riel
1,Riemon
1,Riete
1,Rievan
1,Rigan
1,Rigon
1,Riiny
4,Riker
1,Riku
1,Rilee
59,Riley
1,Rillian
1,Rilyn
1,Rio
1,Rion
1,Riot
1,Riott
4,Rishaan
1,Rishab
1,Rishabh
2,Rishi
2,Ritchie
1,Ritter
1,Ritwik
2,Rivaan
1,Rivan
19,River
1,Rixton
2,Riyaan
1,Riyad
1,Riyan
1,Riyansh
1,Riyu
1,Rizton
1,Roaen
7,Roan
1,Roanyn
1,Roarke
1,Robbie
1,Robel
37,Robert
1,Roberto
1,Roberts
1,Robertson
9,Robin
1,Robinson
2,Robson
1,Rocan
3,Rocco
1,Rock
2,Rockwell
3,Rocky
1,Roczen
2,Rod
1,Rodas
1,Rodeen
2,Roderick
7,Rodney
4,Rodrigo
1,Roe
2,Roel
1,Roen
3,Rogan
1,Rogelio
5,Roger
1,Rohaan
6,Rohan
1,Rohit
1,Rohith
1,Rohnik
1,Rois
1,Rojae
1,Rokisan
7,Roland
1,Rolando
1,Rollen
45,Roman
1,Román
1,Romanosky
2,Romario
1,Rome
1,Romel
9,Romeo
1,Rommel
1,Romyn
2,Ron
2,Ronak
2,Ronald
21,Ronan
1,Rone
1,Ronen
1,Rongyi
2,Ronik
24,Ronin
1,Ronit
1,Ronmel
1,Ronnie
1,Ronny
1,Roohal
1,Rook
1,Roque
1,Rori
1,Rorick
1,Rorik
28,Rory
1,Rosche
2,Roscoe
1,Rosmund
3,Ross
1,Rostyn
1,Rostyslav
1,Rovie
31,Rowan
1,Rowe
10,Rowen
1,Rower
1,Rowie
2,Roy
1,Royal
9,Royce
1,Royden
1,Ruairí
1,Ruairidh
1,Ruckus
2,Rudra
1,Rudransh
1,Rudy
1,Ruel
1,Rufael
2,Rufus
2,Ruger
1,Ruhaan
1,Rui
1,Ruic
2,Rune
1,Runey
1,Ruot
3,Rupert
3,Rush
1,Russ
16,Russell
1,Rustam
1,Rustin
1,Ruzen
116,Ryan
2,Ryatt
5,Ryden
1,Ryden-Clayton
104,Ryder
1,Rydon
1,Ryeit
1,Ryeker
1,Ryel
1,Ryelan
1,Ryelie
1,Ryely
1,Ryerson
2,Ryett
1,Ryhlin
1,Ryitt
1,Rykar
1,Ryken
97,Ryker
1,Rykker
49,Rylan
1,Rylan-Adam
12,Ryland
1,Ryle
2,Rylee
4,Rylen
1,Rylend
2,Ryler
6,Ryley
2,Rylie
3,Rylin
1,Ryln
1,Ryman
1,Ryner
3,Ryu
1,Ryxer
1,Ryzen
1,Saabiq
4,Saad
2,Sa'ad
1,Saafir
1,Saahene
2,Saajan
1,Saakaar
1,Saam
1,Saanjh
1,Saarng
1,Sabastian
1,Sabdiel
1,Sabeeh
1,Sabih
1,Sabir
1,Sabour
1,Sada
1,Saddam
1,Sadn
1,Sadra
1,Saeber
1,Saeed
1,Safal
1,Safwan
1,Safwat
1,Sagar
8,Sage
1,Sahaj
1,Sahajveer
1,Sahale
1,Sahan
1,Sahas
1,Sahbaj
11,Sahib
2,Sahibjot
1,Sahibveer
3,Sahil
1,Sahr
4,Sai
2,Said
1,Said-Ismaeel
1,Saif
1,Saifaan
1,Saihaj
1,Saijith
1,Saikrish
1,Sailor
1,Saim
1,Saiman
1,Sajawal
1,Sajed
1,Sajeel
1,Sajid
1,Sajveer
1,Saketh
1,Sakindu
1,Salaar
3,Salah
1,Salahadeen
1,Salar
3,Saleem
1,Saleh
6,Salem
2,Salih
1,Salim
7,Salman
1,Salvatore
18,Sam
1,Samadhi
1,Saman
8,Samar
1,Samardeep
1,Samarveer
1,Samarvir
1,Samatar
2,Samer
1,Samet
11,Sami
3,Samir
1,Sammy
1,Samragya
1,Samrat
3,Samrath
1,Samrith
8,Samson
173,Samuel
1,Samuelle
1,Samy
1,Samyam
1,Sanad
1,Sanat
1,Sandev
1,Saned
1,Sanjam
1,Sanjaychandar
1,Sanjeev
1,Sankalp
1,Sanmeet
1,Sanny
1,Sanskar
26,Santiago
5,Santino
1,Sanul
1,Sarim
1,Sarjan
3,Sartaj
1,Sarv
1,Sascha
2,Sasha
1,Sason
1,Satvik
2,Saud
2,Saul
1,Saulemon
1,Saum
1,Savar
1,Saveer
1,Saveig
1,Savier
85,Sawyer
3,Saxon
1,Sayansh
1,Sayed-Wahhaj
1,Sayen
1,Sayge
1,Saythaka
1,Schmuel
2,Schuyler
11,Scott
1,Scottie
1,Scott-Lenard
1,Scotty
1,Scout
1,Scyrus
3,Seamus
30,Sean
1,Seán
1,Sean-Dre
1,Seane
1,Sean-Emanuel
1,Sebaschian
80,Sebastian
1,Sebastiano
6,Sebastien
2,Sébastien
1,Sedekia
1,Seewan
1,Sehbaaz
1,Sehbaj
1,Sehej
1,Seif
1,Seif-Eddin
1,Selim
1,Sem
1,Semon
2,Senan
1,Senay
1,Sennai
1,Seobin
1,Seong
2,Sergio
1,Serigne
1,Sermed
41,Seth
1,Seumas
1,Sevastian
1,Sevastianos
1,Seven
1,Severn
2,Severus
1,Severyan
1,Sevren
2,Shaan
3,Shadi
1,Shadow
1,Shae
1,Shafay
1,Shafici
1,Shah
1,Shahan
1,Shahbaaz
3,Shahbaz
3,Shaheer
1,Shahid
1,Shahran
1,Shahryar
1,Shahzad
1,Shahzain
1,Shai
1,Shaivan
1,Shakar
1,Shale
1,Shalom
2,Shamar
1,Shamil-Amine
1,Shamsuddin
11,Shane
1,Shaneel
1,Shaniru
1,Shannen
1,Shaoor
2,Sharaf
1,Sharbel
1,Sharief
1,Sharp
1,Sharva
4,Shaun
1,Shaun-Anthony
3,Shaurya
1,Shaw
19,Shawn
1,Shayaan
4,Shayan
6,Shayden
2,Shaye
1,Shayle
1,Shayne
9,Shea
1,Sheaffer
1,Shealon
1,Sheamus
1,Shehbaaz
1,Shehbaz
1,Shekinah
1,Shelby
5,Sheldon
2,Shelton
1,Shenrick
1,Shepard
1,Sheppard
1,Sheraz
1,Sherveen
2,Sherwin
1,Shia
1,Shierran
1,Shihab
2,Shiloh
1,Shilyu
2,Shin
1,Shinash
1,Shinoy
1,Shiraz
1,Shiva
1,Shivaansh
1,Shivan
1,Shivang
2,Shivansh
1,Shiven
1,Shivram
4,Shlok
1,Shoaibali
1,Shoichiro
1,Shouvit
2,Shree
1,Shrihan
1,Shriyans
1,Shu
1,Shumile
1,Shureim
1,Shuvam
1,Shyne
1,Siamak
1,Sibusiso
1,Sid
3,Sidak
1,Sidar
1,Sidarth
1,Siddhant
3,Siddharth
6,Sidney
1,Siegfried
1,Siem
1,Sihwan
1,Sihyun
1,Siipiohkitopii
50,Silas
1,Silverio
5,Simeon
1,Simerjit
40,Simon
1,Simran
1,Sina
1,Sinan
2,Sion
1,Siraaj
2,Siraj
1,Sirak
1,Sirius
1,Sirsabesan
1,Sisu
1,Siwoo
1,Sky
1,Skyden
10,Skylar
6,Skyler
1,Sky-Light
4,Slade
2,Slader
1,Slate
1,Slavik
3,Slayter
1,Sleem
1,Sleiman
3,Sloan
5,Smith
1,Smythe
1,Snowden
1,Sobha
1,Sochikaima
1,Sohaan
2,Sohaib
1,Soham
1,Sohan
1,Sohil
2,Sohum
3,Sol
1,Soloman
8,Solomon
1,Somayina
1,Somtochukwu
1,Soñe
3,Sonny
1,Sonny-Tate
1,Sootaa
7,Soren
1,Sosa
1,Sota
1,Soultan
1,Sourish
1,Soyure
47,Spencer
1,Sreyan
1,Sridhik
1,Srihan
1,Srivatsan
1,Sriyan
9,Stanley
1,Stanslaus
1,Star
1,Stearns
1,Steel
1,Steele
10,Stefan
3,Stefano
1,Stefanos
1,Stefen
5,Stellan
1,Stensen
1,Stensyn
5,Stephan
1,Stephanas
24,Stephen
1,Stephen-Jay
21,Sterling
3,Stetson
3,Steve
13,Steven
1,Stevenson
2,Stewart
1,Stian
1,Stiles
2,Stirling
1,Stockton
1,Stone
2,Stoney
1,Storm
1,Strad
1,Stratton
1,Struan
1,Stryder
2,Stryker
2,Stuart
1,Styles
1,StylesJunior
1,Sualeh-Ali
1,Suban
1,Subeg
1,Subhaan
2,Subhan
1,Subhy
1,Subir
1,Sudais
1,Sufyan
1,Suhaib
1,Suhail
1,Suhayb
1,Suhayl
1,Suheib
1,Suheyb
1,Sujanth
1,Sukhjazz
1,Sukhman
1,Sukhneel
1,Sukhraj
1,Sukhram
1,Sukhsajan
1,Sul
2,Suleyman
1,Suliman
1,Sullevyn
20,Sullivan
2,Sully
2,Sultan
1,Sumer
1,Surach
1,Surafial
1,Suren
1,Surkhaab
1,Surkhab
1,Surya
1,Susan
6,Sutter
4,Sutton
1,Suveer
1,Suyog
1,Suyoga
1,Svaanik
1,Sven
1,Swayam
1,Swen
1,Syam
1,Sydney
14,Syed
1,Syedali
3,Sylas
1,Syler
1,Sylis
1,Sylvanus
2,Syrus
1,Szhan
1,Taavi
1,Tad
2,Tadashi
1,Taden
1,Tadeo
1,Taelan
1,Taelon
1,Taelum
1,Taeves
1,Tafari
1,Tagara
1,Tagish
8,Taha
1,Taheem
1,Taher
1,Tahir
1,Tahner
1,Tahr
5,Tai
1,Taim
1,Tairrance
1,Tait
1,Taiten
1,Taiton
1,Taivyn
1,Taizmen
1,Taizo
3,Taj
1,Tajay
1,Tajroop
1,Take
1,Takobi
2,Takoda
1,Takoda-William-Jo
1,Taksheel
1,Takudzwa
3,Talan
2,Talha
2,Taliesin
1,Talin
2,Tallon
17,Talon
1,Tamale
1,Tamboua
1,Tamer
2,Tamim
1,Tamon
1,Tamou
1,Tanay
1,Tane
1,Tanishq
40,Tanner
1,Tannon
1,Tanzeel
1,Tao
1,Taonga
1,Taran
1,Tarandeep
1,Taras
1,Tardu
3,Tarek
1,Tarentino
1,Tareq
3,Tarik
1,Tario
3,Tariq
1,Tartanian
1,Taru
1,Taryk
1,Tashi
16,Tate
1,Tatem
1,Tatenda
5,Tatum
1,Taufiq
1,Tauska
1,Taver
1,Taves
3,Tavian
1,Tavien
2,Tavin
1,Tavio
1,Tavion
2,Tavis
2,Tavish
1,Tavyn
1,Tawana
1,Tayce
2,Taycen
1,Tayden
1,Tayesis
1,Tayin
1,Taylen
1,Taylon
13,Taylor
2,Taylum
3,Taym
1,Taymus
1,Tayo
2,Tayson
1,Tayte
1,Tayten
1,Tayven
1,Tayvin
1,Tayvion
2,Tayyab
1,Taz
1,Teag
1,Teagan
1,Teddy
1,Teegan
1,Teeyn
1,Tegan
1,Tegbir
1,Teghbir
1,Tegveer
1,Teimon
1,Teiren
3,Tejas
1,Tejveer
1,Tejvir
1,Tell
1,Telo
1,Temesgen
1,Temitayo
1,Temur
1,Tendai
1,Tendekai
1,Tenneson
1,Tennessee
2,Tennyson
1,Tenrab
1,Tenveer
1,Tenyson
1,Tenzin
1,Tenzo
4,Teo
4,Terence
1,Terian
1,Terrace
3,Terrance
2,Terrell
2,Terrence
1,Terrin
1,Terris
1,Terry
3,Tevin
1,Téyo
1,Teyton
1,Thabiso
3,Thaddeus
1,Thaden
1,Thadeus
1,Thaelin
1,Thai
1,Thaiden
4,Thane
1,Thang
3,Thanos
8,Thatcher
1,Thayne
36,Theo
1,Théo
5,Theodor
102,Theodore
1,Theodus
2,Theophilus
3,Theoren
1,Theos
1,Theran
1,Theron
1,Therrion
7,Thiago
1,Thobias
121,Thomas
1,Thomas-Kelly
1,Thompson
2,Thor
1,Thoren
3,Thorin
1,Thorsten
2,Thoryn
1,Thristan
1,Thunder
1,Thurman
1,Ti
6,Tiago
1,Tiágo
1,Tiam
1,Tian
2,Tiberius
1,Tibor
1,Tidam
1,Tidan
1,Tie
1,Tiegran
1,Tien
4,Tiernan
1,Tiger
1,Tijan
1,Tikhon
2,Tim
3,Timber
2,Timmy
1,Timoteo
24,Timothy
1,Timur
1,Tinotenda
1,Tiqur
1,Tiras
6,Titan
15,Titus
1,Tizio
1,TJ
1,Toban
1,Tobechukwu
2,Tobenna
1,Tobiah
11,Tobias
2,Tobin
9,Toby
1,Toews
1,Tolson
1,Toluwalope
1,Toluwani
1,Toluwanimi
7,Tom
2,Toma
9,Tomas
2,Tomás
1,Tomas-Junior
1,Tomasz
1,Tomislav
1,Tomma
3,Tommy
1,Tomo
7,Tony
2,Toran
1,Torbyn
2,Toren
1,Torey
5,Torin
1,Torjeir
1,Torran
1,Torrin
1,Torstein
2,Torsten
1,Toryn
1,Toshi
1,Toufic
1,Tove
1,Toveno
1,Townes
2,Trace
1,Tracelyn
1,Traedence
1,Traven
17,Travis
1,Travis-James
1,Trayden
1,Traylin
1,Trayten
1,Trayton
1,Trayven
1,Tre
1,Tremaine
1,Tremar
1,Trent
2,Trenton
1,Trevon
6,Trevor
5,Trey
1,Treydon
1,Treylee
1,Treymaine
1,Treytan
4,Treyton
1,Treyvon
1,Trigg
4,Tripp
1,Trisdan
69,Tristan
4,Tristen
2,Tristin
1,Tristine
1,Tristyn
1,Trixan
17,Troy
1,Troyen
1,Trudel
1,True
2,Truman
1,Trygve
1,Tryp
1,Trysen
1,Trystan
1,Trysten
2,Tsisga
26,Tucker
1,Tudor
3,Tuff
1,Tuftin
1,Tuk'ehsakénidi
1,Tuleid
1,Turan
1,Turbo
1,Turi
1,Turner
1,Tuscan
1,Tvrtko
13,Ty
5,Tyce
3,Tye
1,Tylan
1,Tylen
58,Tyler
1,Tylinn
1,Tylor
1,Tymoor
1,Tynaël
1,Tyras
2,Tyreke
3,Tyrell
2,Tyrese
2,Tyrin
1,Tyrion
2,Tyrone
5,Tyrus
1,Tyryn
1,Tysen
43,Tyson
1,Tytus
1,Tyus
1,Tyverious
1,Tzach
1,Tzion
1,Uceph
1,Udaybir
1,Udayraj
2,Udayveer
1,Udayvir
1,Udhay
1,Uel
1,Ugyen
1,Ulrik
3,Umar
1,Umayr
1,Umer
1,Uno
1,Urajiah
10,Uriah
3,Uriel
2,Urijah
3,Usman
2,Uthman
1,Uwadia
1,Uzair
1,Uzochukwu
1,Uzonna
1,Uzuvira
1,Uzziah
1,Vaaris
1,Vadam
1,Vadim
1,Vaibhav
1,Vaishakh
1,Vaishnav
3,Valentino
1,Valon
1,Valor
8,Van
10,Vance
3,Vanden
2,Vander
1,Vanderjak
1,Vaness
1,Vann
3,Vansh
1,Vardaan
1,Varek
1,Varren
1,Varshith
2,Varun
1,Vashishtha
1,Vasyl
9,Vaughn
1,Vaylan
2,Ved
5,Veer
1,Veles
1,Vemuna
1,Vence
1,Venrik
1,Vergil
1,Vernie
1,Vernon
1,Verrik
1,Vhan
1,Vhen
1,Vhinz
1,Vhon
3,Viaan
1,Vian
1,Vianda
2,Vicente
1,Vicenzo
19,Victor
1,Viggo
7,Vihaan
2,Vihan
1,Viir
1,Vikram
5,Viktor
1,Viljo
1,Vin
3,Vince
1,Vince-Gil
30,Vincent
3,Vincenzo
1,Vinesh
1,Vinicio
1,Vinny
1,Vinton
3,Viraaj
2,Viraat
2,Viraj
1,Virat
1,Virgil
1,Vishal
1,Vishnu
1,Vishvanandan
1,Vishwas
1,Vitali
1,Vitaliy
1,Vitaly
1,Vivaan
3,Vivan
2,Viyan
1,Vlad
4,Vladimir
1,Vladislav
1,Vladyslav
1,Vlas
3,Von
1,Vonn
1,Vrishaan
1,Vu
1,Vuk
2,Vyom
1,Waaris
1,Wacey
1,Wadaan
8,Wade
1,Wadik
1,Wael
1,Wahhaj
1,Waine
1,Waiss
1,Wakely
2,Waleed
2,Wali
1,Walid
30,Walker
3,Wallace
1,Walle
1,Walt
12,Walter
1,Wangjunxi
1,Wani
1,Ward
4,Waris
1,Warith
1,Warner
4,Warren
1,Warrick
1,Warwick
1,Wasam
2,Wassim
3,Watson
1,Wayde
1,Waylen
15,Waylon
3,Wayne
1,Wealth
2,Wei
1,Welby
1,Weldon
1,Wency
1,Wen-Ray
4,Wes
1,Wesdyn
44,Wesley
2,Wesson
4,West
7,Westin
2,Westley
60,Weston
3,Westyn
1,Whestyn
1,Wheylen
1,Whitter
1,Whyatt
1,Wilbert
1,Wilco
1,Wilden
2,Wilder
1,Wiley
1,Wilfred
4,Wilhelm
1,Wiliam
7,Will
4,Willem
1,Willi
218,William
1,William-Grant
2,Willie
2,Willis
4,Willy
1,Wilmont
5,Wilson
1,Windyian
15,Winston
2,Wisdom
1,Witten
2,Wolf
1,Wolfe
4,Wolfgang
1,Wolfie
1,Wolfric
1,Wolfrie
1,Woodrow
1,Woodson
2,Wren
1,Wrightkin
1,Wyate
132,Wyatt
1,Wyett
2,Wylde
2,Wylder
1,Wylie
2,Wyn
2,Wynn
1,Wynston
1,Xakeri
46,Xander
1,Xander-Ray
1,Xane
1,Xavian
57,Xavier
1,Xavier-Colt
1,Xaviyon
1,Xayden
1,Xayler
1,Xeon
1,Xharaine
1,Xi
2,Xian
1,Xuanming
1,Xue
1,Xyron
2,Xzander
1,Xzaviar
3,Xzavier
1,Xzavion
1,Xzaydrien
1,Xzayvien
1,Yaashiek
1,Yacin
2,Yacine
2,Yacoub
1,Yael
4,Yahia
18,Yahya
1,Yahyasidiq
2,Yakob
1,Yakov
1,Yameenullah
1,Yamin
2,Yan
1,Yanbo
1,Yani
2,Yanick
1,Yanis
1,Yanlai
3,Yannick
1,Yaphet
3,Yaqub
1,Yaroslav
1,Yasar
6,Yaseen
1,Yaser
4,Yash
1,Yashaswin
1,Yashman
1,Yashraj
1,Yasiin
2,Yasin
1,Yasir
3,Yasser
3,Yassin
1,Yassine
3,Yazan
2,Yazeed
1,Ye
1,Yeabbisrat
1,Yeabsera
1,Yejun
1,Yenul
1,Yeoj
1,Yerick
1,Yhuan
1,Yi
1,Yian
1,Yichen
1,Yiech
1,Yifan
1,Yifeng
1,Yiran
1,Ylvin
1,Ymmanuel
1,Ynabi
1,Yngwie
3,Yoel
1,Yoftahe
1,Yogi
2,Yohan
1,Yohanan
3,Yohanes
1,Yohannes
1,Yom
1,Yong
1,Yoon
2,Yosef
1,Yoshihiro
1,Yoshuwa
1,Yoshwa-Heritier
1,Yosuf
1,Yosyas
1,Youcef
1,Youchuan
2,Younis
11,Yousef
3,Yousif
1,Yousof
3,Youssef
1,Youssouph
6,Yousuf
1,Yovanni
1,Ysaiah
1,Yug
1,Yuga
1,Yugghan
1,Yuki
1,Yukon
1,Yule
1,Yuli
1,Yunis
3,Yunus
4,Yuri
1,Yury
1,Yusaf
2,Yusef
1,Yussef
3,Yussuf
23,Yusuf
1,Yuva
3,Yuvan
1,Yuvant
1,Yuven
5,Yuvraj
1,Zaahid
5,Zac
1,Zacarey
1,Zaccheaus
3,Zach
1,Zachael-Oswald
1,Zacharia
7,Zachariah
2,Zacharias
1,Zacharius
93,Zachary
2,Zachery
1,Zachuriah
5,Zack
1,Zackaria
6,Zackary
6,Zackery
1,Zackharry
1,Zade
1,Zadok
2,Zaeem
1,Zafar
1,Zaffar
1,Zafir
1,Zage
1,Zahir
1,Zahitullah
1,Zahnder
1,Zahran
6,Zaid
2,Zaidan
1,Zaide
3,Zaiden
1,Zaiden-Taylon
1,Zaider
2,Zaidyn
14,Zain
2,Zaire
1,Zaivier
1,Zak
1,Zakai
7,Zakaria
2,Zakariah
2,Zakariya
1,Zakariyah
1,Zakariye
1,Zakariyya
1,Zakary
1,Zakerijah
1,Zakery
3,Zaki
1,Zakir
2,Zakk
2,Zakkary
1,Zakwena
1,Zalakai
1,Zamari
29,Zander
26,Zane
1,Zaniel
1,Zarar
1,Zarek
1,Zaris
1,Zathias
1,Zavery
5,Zavier
3,Zaviyar
1,Zawaad
2,Zayaan
2,Zayan
6,Zayd
5,Zaydan
15,Zayden
1,Zaydin
1,Zaydon
1,Zayed
1,Zaylen
1,Zaylex
15,Zayn
6,Zayne
1,Zaynon
1,Zaythein
2,Zayyan
1,Zealen
2,Zeb
1,Zeddicus
2,Zedekiah
1,Zedrick
1,Zedrik
1,Zeejan
1,Zeek
1,Zeerak
1,Zehen
3,Zein
3,Zeke
1,Zeken
1,Zekiah
1,Zekiel
1,Zen
1,Zenneth
1,Zennon
1,Zennor
1,Zennyn
1,Zeno
4,Zenon
1,Zeon
1,Zeph
1,Zephan
1,Zephaniah
1,Zephyr
1,Zerae
1,Zere
1,Zeric
2,Zeth
1,Zeyad
1,Zeyd
1,Zhaine
1,Zheng
1,Zhymon
1,Ziad
5,Zian
1,Zian-Lucas
2,Zico
4,Zidan
1,Ziean
1,Ziho
1,Zimon
20,Zion
1,Zion-Anthony
1,Zionn
1,Zisuh
1,Zivon
1,Zoe
1,Zoltan
1,Zora
1,Zoravar
3,Zorawar
1,Zorian
1,Zorveer
1,Zouhair
1,Zubair
2,Zubeer
1,Zubeir
1,Zuhair
1,Zura
1,Zuri
1,Zurich
1,Zyle
2,Zyler
1,Zylin
1,Zyller
1,Zyrus
1,Zyun